player_id,player_name,team_name,lineup_size,lineup_player_ids,lineup_player_names,games_used,stint_count,possessions,sec_played,min_played,min_played_str,sec_per_game,min_per_game,min_per_game_str,PTS,PTS_per_game,PTS_per100,PTS_per36,PTS_allowed,PTS_allowed_per_game,PTS_allowed_per100,PTS_allowed_per36,FGA,FGA_per_game,FGA_per100,FGA_per36,FGM,FGM_per_game,FGM_per100,FGM_per36,2PA,2PA_per_game,2PA_per100,2PA_per36,2PM,2PM_per_game,2PM_per100,2PM_per36,3PA,3PA_per_game,3PA_per100,3PA_per36,3PM,3PM_per_game,3PM_per100,3PM_per36,FTA,FTA_per_game,FTA_per100,FTA_per36,FTM,FTM_per_game,FTM_per100,FTM_per36,ORB,ORB_per_game,ORB_per100,ORB_per36,DRB,DRB_per_game,DRB_per100,DRB_per36,ORB_allowed,ORB_allowed_per_game,ORB_allowed_per100,ORB_allowed_per36,DRB_allowed,DRB_allowed_per_game,DRB_allowed_per100,DRB_allowed_per36,TOV,TOV_per_game,TOV_per100,TOV_per36,AST,AST_per_game,AST_per100,AST_per36,STL,STL_per_game,STL_per100,STL_per36,BLK,BLK_per_game,BLK_per100,BLK_per36,Fouls,Fouls_per_game,Fouls_per100,Fouls_per36,FT_allowed,FT_allowed_per_game,FT_allowed_per100,FT_allowed_per36,ORtg,DRtg,NetRtg,PACE,PM_total,PM_per_game,PM_per100,MIN_total,MIN_per_game,eFG,TS,FG2_pct,FG3_pct,FT_pct,TOV_pct,AST_ratio,ORB_pct,DRB_pct,TRB_pct,STL_pct,BLK_pct,Foul_per_poss,FT_allowed_rate_per100,FT_rate
40,謝亞軒,新北中信特攻,2,40|113,謝亞軒/林任鴻,1,39,43.0,665.91,11.1,11:06,665.91,11.1,11:06,25.0,25.0,58.14,81.09,13.0,13.0,30.23,42.17,16.0,16.0,37.21,51.9,8.0,8.0,18.6,25.95,9.0,9.0,20.93,29.19,5.0,5.0,11.63,16.22,7.0,7.0,16.28,22.71,3.0,3.0,6.98,9.73,12.0,12.0,27.91,38.92,10.0,10.0,23.26,32.44,3.0,3.0,6.98,9.73,6.0,6.0,13.95,19.46,1.0,1.0,2.33,3.24,9.0,9.0,20.93,29.19,3.0,3.0,6.98,9.73,7.0,7.0,16.28,22.71,1.0,1.0,2.33,3.24,0.0,0.0,0.0,0.0,7.0,7.0,16.28,22.71,4.0,4.0,9.3,12.97,58.14,30.23,27.91,92.99,12.0,12.0,27.91,11.1,11.1,0.59,0.59,0.56,0.43,0.83,0.12,0.88,0.25,0.86,0.47,2.33,0.0,0.16,9.3,0.75
40,謝亞軒,新北中信特攻,2,40|8889,謝亞軒/馬可,1,50,59.0,767.48,12.79,12:47,767.48,12.79,12:47,27.0,27.0,45.76,75.99,27.0,27.0,45.76,75.99,20.0,20.0,33.9,56.29,9.0,9.0,15.25,25.33,12.0,12.0,20.34,33.77,6.0,6.0,10.17,16.89,8.0,8.0,13.56,22.52,3.0,3.0,5.08,8.44,10.0,10.0,16.95,28.14,8.0,8.0,13.56,22.52,3.0,3.0,5.08,8.44,8.0,8.0,13.56,22.52,4.0,4.0,6.78,11.26,9.0,9.0,15.25,25.33,4.0,4.0,6.78,11.26,8.0,8.0,13.56,22.52,2.0,2.0,3.39,5.63,0.0,0.0,0.0,0.0,10.0,10.0,16.95,28.14,7.0,7.0,11.86,19.7,45.76,45.76,0.0,110.7,0.0,0.0,0.0,12.79,12.79,0.52,0.55,0.5,0.38,0.8,0.14,0.89,0.25,0.67,0.46,3.39,0.0,0.17,11.86,0.5
40,謝亞軒,新北中信特攻,2,40|10877,謝亞軒/阿巴西,1,116,132.0,1766.98,29.45,29:27,1766.98,29.45,29:27,55.0,55.0,41.67,67.23,68.0,68.0,51.52,83.12,45.0,45.0,34.09,55.01,19.0,19.0,14.39,23.23,23.0,23.0,17.42,28.12,12.0,12.0,9.09,14.67,22.0,22.0,16.67,26.89,7.0,7.0,5.3,8.56,14.0,14.0,10.61,17.11,11.0,11.0,8.33,13.45,5.0,5.0,3.79,6.11,21.0,21.0,15.91,25.67,6.0,6.0,4.55,7.33,20.0,20.0,15.15,24.45,11.0,11.0,8.33,13.45,15.0,15.0,11.36,18.34,6.0,6.0,4.55,7.33,1.0,1.0,0.76,1.22,17.0,17.0,12.88,20.78,17.0,17.0,12.88,20.78,41.67,51.52,-9.85,107.57,-13.0,-13.0,-9.85,29.45,29.45,0.5,0.54,0.52,0.32,0.79,0.18,0.79,0.2,0.78,0.5,4.55,0.76,0.13,12.88,0.31
40,謝亞軒,新北中信特攻,2,40|10881,謝亞軒/飛克,1,116,131.0,1831.56,30.53,30:32,1831.56,30.53,30:32,59.0,59.0,45.04,69.58,56.0,56.0,42.75,66.04,45.0,45.0,34.35,53.07,20.0,20.0,15.27,23.59,24.0,24.0,18.32,28.3,13.0,13.0,9.92,15.33,21.0,21.0,16.03,24.77,7.0,7.0,5.34,8.26,18.0,18.0,13.74,21.23,14.0,14.0,10.69,16.51,6.0,6.0,4.58,7.08,22.0,22.0,16.79,25.95,4.0,4.0,3.05,4.72,24.0,24.0,18.32,28.3,11.0,11.0,8.4,12.97,16.0,16.0,12.21,18.87,6.0,6.0,4.58,7.08,1.0,1.0,0.76,1.18,15.0,15.0,11.45,17.69,12.0,12.0,9.16,14.15,45.04,42.75,2.29,102.99,3.0,3.0,2.29,30.53,30.53,0.52,0.56,0.54,0.33,0.78,0.17,0.8,0.2,0.85,0.5,4.58,0.76,0.11,9.16,0.4
40,謝亞軒,新北中信特攻,3,40|113|8889,謝亞軒/林任鴻/馬可,1,19,22.0,327.28,5.45,05:27,327.28,5.45,05:27,12.0,12.0,54.55,79.2,7.0,7.0,31.82,46.2,9.0,9.0,40.91,59.4,4.0,4.0,18.18,26.4,6.0,6.0,27.27,39.6,2.0,2.0,9.09,13.2,3.0,3.0,13.64,19.8,2.0,2.0,9.09,13.2,6.0,6.0,27.27,39.6,4.0,4.0,18.18,26.4,2.0,2.0,9.09,13.2,4.0,4.0,18.18,26.4,1.0,1.0,4.55,6.6,4.0,4.0,18.18,26.4,1.0,1.0,4.55,6.6,5.0,5.0,22.73,33.0,1.0,1.0,4.55,6.6,0.0,0.0,0.0,0.0,4.0,4.0,18.18,26.4,2.0,2.0,9.09,13.2,54.55,31.82,22.73,96.8,5.0,5.0,22.73,5.45,5.45,0.56,0.52,0.33,0.67,0.67,0.08,1.25,0.33,0.8,0.55,4.55,0.0,0.18,9.09,0.67
40,謝亞軒,新北中信特攻,3,40|113|10877,謝亞軒/林任鴻/阿巴西,1,27,30.0,435.15,7.25,07:15,435.15,7.25,07:15,14.0,14.0,46.67,69.49,11.0,11.0,36.67,54.6,11.0,11.0,36.67,54.6,4.0,4.0,13.33,19.86,6.0,6.0,20.0,29.78,2.0,2.0,6.67,9.93,5.0,5.0,16.67,24.82,2.0,2.0,6.67,9.93,8.0,8.0,26.67,39.71,6.0,6.0,20.0,29.78,2.0,2.0,6.67,9.93,6.0,6.0,20.0,29.78,1.0,1.0,3.33,4.96,5.0,5.0,16.67,24.82,2.0,2.0,6.67,9.93,5.0,5.0,16.67,24.82,1.0,1.0,3.33,4.96,0.0,0.0,0.0,0.0,5.0,5.0,16.67,24.82,4.0,4.0,13.33,19.86,46.67,36.67,10.0,99.28,3.0,3.0,10.0,7.25,7.25,0.45,0.48,0.33,0.4,0.75,0.12,1.25,0.29,0.86,0.57,3.33,0.0,0.17,13.33,0.73
40,謝亞軒,新北中信特攻,3,40|113|10881,謝亞軒/林任鴻/飛克,1,39,43.0,644.92,10.75,10:45,644.92,10.75,10:45,25.0,25.0,58.14,83.73,13.0,13.0,30.23,43.54,15.0,15.0,34.88,50.24,7.0,7.0,16.28,23.44,8.0,8.0,18.6,26.79,4.0,4.0,9.3,13.4,7.0,7.0,16.28,23.44,3.0,3.0,6.98,10.05,12.0,12.0,27.91,40.19,10.0,10.0,23.26,33.49,3.0,3.0,6.98,10.05,6.0,6.0,13.95,20.1,1.0,1.0,2.33,3.35,9.0,9.0,20.93,30.14,3.0,3.0,6.98,10.05,7.0,7.0,16.28,23.44,1.0,1.0,2.33,3.35,0.0,0.0,0.0,0.0,7.0,7.0,16.28,23.44,4.0,4.0,9.3,13.4,58.14,30.23,27.91,96.01,12.0,12.0,27.91,10.75,10.75,0.57,0.62,0.5,0.43,0.83,0.13,1.0,0.25,0.86,0.47,2.33,0.0,0.16,9.3,0.8
40,謝亞軒,新北中信特攻,3,40|8889|10877,謝亞軒/馬可/阿巴西,1,50,59.0,746.5,12.44,12:26,746.5,12.44,12:26,27.0,27.0,45.76,78.12,27.0,27.0,45.76,78.12,19.0,19.0,32.2,54.98,8.0,8.0,13.56,23.15,11.0,11.0,18.64,31.83,5.0,5.0,8.47,14.47,8.0,8.0,13.56,23.15,3.0,3.0,5.08,8.68,10.0,10.0,16.95,28.94,8.0,8.0,13.56,23.15,3.0,3.0,5.08,8.68,8.0,8.0,13.56,23.15,4.0,4.0,6.78,11.57,9.0,9.0,15.25,26.04,4.0,4.0,6.78,11.57,8.0,8.0,13.56,23.15,2.0,2.0,3.39,5.79,0.0,0.0,0.0,0.0,10.0,10.0,16.95,28.94,7.0,7.0,11.86,20.25,45.76,45.76,0.0,113.81,0.0,0.0,0.0,12.44,12.44,0.5,0.58,0.45,0.38,0.8,0.15,1.0,0.25,0.67,0.46,3.39,0.0,0.17,11.86,0.53
40,謝亞軒,新北中信特攻,3,40|8889|10881,謝亞軒/馬可/飛克,1,35,41.0,546.29,9.1,09:06,546.29,9.1,09:06,20.0,20.0,48.78,79.08,15.0,15.0,36.59,59.31,15.0,15.0,36.59,59.31,6.0,6.0,14.63,23.72,9.0,9.0,21.95,35.59,4.0,4.0,9.76,15.82,6.0,6.0,14.63,23.72,2.0,2.0,4.88,7.91,8.0,8.0,19.51,31.63,6.0,6.0,14.63,23.72,3.0,3.0,7.32,11.86,7.0,7.0,17.07,27.68,2.0,2.0,4.88,7.91,7.0,7.0,17.07,27.68,2.0,2.0,4.88,7.91,7.0,7.0,17.07,27.68,2.0,2.0,4.88,7.91,0.0,0.0,0.0,0.0,6.0,6.0,14.63,23.72,4.0,4.0,9.76,15.82,48.78,36.59,12.2,108.07,5.0,5.0,12.2,9.1,9.1,0.47,0.54,0.44,0.33,0.75,0.1,1.17,0.3,0.78,0.53,4.88,0.0,0.15,9.76,0.53
40,謝亞軒,新北中信特攻,3,40|10877|10881,謝亞軒/阿巴西/飛克,1,98,111.0,1546.47,25.77,25:46,1546.47,25.77,25:46,48.0,48.0,43.24,67.04,54.0,54.0,48.65,75.42,39.0,39.0,35.14,54.47,17.0,17.0,15.32,23.74,20.0,20.0,18.02,27.93,11.0,11.0,9.91,15.36,19.0,19.0,17.12,26.54,6.0,6.0,5.41,8.38,12.0,12.0,10.81,16.76,9.0,9.0,8.11,12.57,5.0,5.0,4.5,6.98,19.0,19.0,17.12,26.54,4.0,4.0,3.6,5.59,18.0,18.0,16.22,25.14,9.0,9.0,8.11,12.57,14.0,14.0,12.61,19.55,6.0,6.0,5.41,8.38,1.0,1.0,0.9,1.4,13.0,13.0,11.71,18.16,12.0,12.0,10.81,16.76,43.24,48.65,-5.41,103.36,-6.0,-6.0,-5.41,25.77,25.77,0.51,0.54,0.55,0.32,0.75,0.17,0.82,0.22,0.83,0.52,5.41,0.9,0.12,10.81,0.31
40,謝亞軒,新北中信特攻,4,40|113|8889|10877,謝亞軒/林任鴻/馬可/阿巴西,1,19,22.0,306.29,5.1,05:06,306.29,5.1,05:06,12.0,12.0,54.55,84.62,7.0,7.0,31.82,49.36,8.0,8.0,36.36,56.42,3.0,3.0,13.64,21.16,5.0,5.0,22.73,35.26,1.0,1.0,4.55,7.05,3.0,3.0,13.64,21.16,2.0,2.0,9.09,14.1,6.0,6.0,27.27,42.31,4.0,4.0,18.18,28.21,2.0,2.0,9.09,14.1,4.0,4.0,18.18,28.21,1.0,1.0,4.55,7.05,4.0,4.0,18.18,28.21,1.0,1.0,4.55,7.05,5.0,5.0,22.73,35.26,1.0,1.0,4.55,7.05,0.0,0.0,0.0,0.0,4.0,4.0,18.18,28.21,2.0,2.0,9.09,14.1,54.55,31.82,22.73,103.43,5.0,5.0,22.73,5.1,5.1,0.5,0.56,0.2,0.67,0.67,0.09,1.67,0.33,0.8,0.55,4.55,0.0,0.18,9.09,0.75
40,謝亞軒,新北中信特攻,4,40|113|8889|10881,謝亞軒/林任鴻/馬可/飛克,1,19,22.0,306.29,5.1,05:06,306.29,5.1,05:06,12.0,12.0,54.55,84.62,7.0,7.0,31.82,49.36,8.0,8.0,36.36,56.42,3.0,3.0,13.64,21.16,5.0,5.0,22.73,35.26,1.0,1.0,4.55,7.05,3.0,3.0,13.64,21.16,2.0,2.0,9.09,14.1,6.0,6.0,27.27,42.31,4.0,4.0,18.18,28.21,2.0,2.0,9.09,14.1,4.0,4.0,18.18,28.21,1.0,1.0,4.55,7.05,4.0,4.0,18.18,28.21,1.0,1.0,4.55,7.05,5.0,5.0,22.73,35.26,1.0,1.0,4.55,7.05,0.0,0.0,0.0,0.0,4.0,4.0,18.18,28.21,2.0,2.0,9.09,14.1,54.55,31.82,22.73,103.43,5.0,5.0,22.73,5.1,5.1,0.5,0.56,0.2,0.67,0.67,0.09,1.67,0.33,0.8,0.55,4.55,0.0,0.18,9.09,0.75
40,謝亞軒,新北中信特攻,4,40|113|10877|10881,謝亞軒/林任鴻/阿巴西/飛克,1,27,30.0,435.15,7.25,07:15,435.15,7.25,07:15,14.0,14.0,46.67,69.49,11.0,11.0,36.67,54.6,11.0,11.0,36.67,54.6,4.0,4.0,13.33,19.86,6.0,6.0,20.0,29.78,2.0,2.0,6.67,9.93,5.0,5.0,16.67,24.82,2.0,2.0,6.67,9.93,8.0,8.0,26.67,39.71,6.0,6.0,20.0,29.78,2.0,2.0,6.67,9.93,6.0,6.0,20.0,29.78,1.0,1.0,3.33,4.96,5.0,5.0,16.67,24.82,2.0,2.0,6.67,9.93,5.0,5.0,16.67,24.82,1.0,1.0,3.33,4.96,0.0,0.0,0.0,0.0,5.0,5.0,16.67,24.82,4.0,4.0,13.33,19.86,46.67,36.67,10.0,99.28,3.0,3.0,10.0,7.25,7.25,0.45,0.48,0.33,0.4,0.75,0.12,1.25,0.29,0.86,0.57,3.33,0.0,0.17,13.33,0.73
40,謝亞軒,新北中信特攻,4,40|8889|10877|10881,謝亞軒/馬可/阿巴西/飛克,1,35,41.0,546.29,9.1,09:06,546.29,9.1,09:06,20.0,20.0,48.78,79.08,15.0,15.0,36.59,59.31,15.0,15.0,36.59,59.31,6.0,6.0,14.63,23.72,9.0,9.0,21.95,35.59,4.0,4.0,9.76,15.82,6.0,6.0,14.63,23.72,2.0,2.0,4.88,7.91,8.0,8.0,19.51,31.63,6.0,6.0,14.63,23.72,3.0,3.0,7.32,11.86,7.0,7.0,17.07,27.68,2.0,2.0,4.88,7.91,7.0,7.0,17.07,27.68,2.0,2.0,4.88,7.91,7.0,7.0,17.07,27.68,2.0,2.0,4.88,7.91,0.0,0.0,0.0,0.0,6.0,6.0,14.63,23.72,4.0,4.0,9.76,15.82,48.78,36.59,12.2,108.07,5.0,5.0,12.2,9.1,9.1,0.47,0.54,0.44,0.33,0.75,0.1,1.17,0.3,0.78,0.53,4.88,0.0,0.15,9.76,0.53
40,謝亞軒,新北中信特攻,5,40|113|8889|10877|10881,謝亞軒/林任鴻/馬可/阿巴西/飛克,1,19,22.0,306.29,5.1,05:06,306.29,5.1,05:06,12.0,12.0,54.55,84.62,7.0,7.0,31.82,49.36,8.0,8.0,36.36,56.42,3.0,3.0,13.64,21.16,5.0,5.0,22.73,35.26,1.0,1.0,4.55,7.05,3.0,3.0,13.64,21.16,2.0,2.0,9.09,14.1,6.0,6.0,27.27,42.31,4.0,4.0,18.18,28.21,2.0,2.0,9.09,14.1,4.0,4.0,18.18,28.21,1.0,1.0,4.55,7.05,4.0,4.0,18.18,28.21,1.0,1.0,4.55,7.05,5.0,5.0,22.73,35.26,1.0,1.0,4.55,7.05,0.0,0.0,0.0,0.0,4.0,4.0,18.18,28.21,2.0,2.0,9.09,14.1,54.55,31.82,22.73,103.43,5.0,5.0,22.73,5.1,5.1,0.5,0.56,0.2,0.67,0.67,0.09,1.67,0.33,0.8,0.55,4.55,0.0,0.18,9.09,0.75
113,林任鴻,新北中信特攻,2,40|113,謝亞軒/林任鴻,1,39,43.0,665.91,11.1,11:06,665.91,11.1,11:06,25.0,25.0,58.14,81.09,13.0,13.0,30.23,42.17,16.0,16.0,37.21,51.9,8.0,8.0,18.6,25.95,9.0,9.0,20.93,29.19,5.0,5.0,11.63,16.22,7.0,7.0,16.28,22.71,3.0,3.0,6.98,9.73,12.0,12.0,27.91,38.92,10.0,10.0,23.26,32.44,3.0,3.0,6.98,9.73,6.0,6.0,13.95,19.46,1.0,1.0,2.33,3.24,9.0,9.0,20.93,29.19,3.0,3.0,6.98,9.73,7.0,7.0,16.28,22.71,1.0,1.0,2.33,3.24,0.0,0.0,0.0,0.0,7.0,7.0,16.28,22.71,4.0,4.0,9.3,12.97,58.14,30.23,27.91,92.99,12.0,12.0,27.91,11.1,11.1,0.59,0.59,0.56,0.43,0.83,0.12,0.88,0.25,0.86,0.47,2.33,0.0,0.16,9.3,0.75
113,林任鴻,新北中信特攻,2,113|8889,林任鴻/馬可,1,25,28.0,436.18,7.27,07:16,436.18,7.27,07:16,13.0,13.0,46.43,64.38,10.0,10.0,35.71,49.52,9.0,9.0,32.14,44.57,4.0,4.0,14.29,19.81,6.0,6.0,21.43,29.71,2.0,2.0,7.14,9.9,3.0,3.0,10.71,14.86,2.0,2.0,7.14,9.9,8.0,8.0,28.57,39.62,5.0,5.0,17.86,24.76,2.0,2.0,7.14,9.9,4.0,4.0,14.29,19.81,1.0,1.0,3.57,4.95,6.0,6.0,21.43,29.71,3.0,3.0,10.71,14.86,5.0,5.0,17.86,24.76,1.0,1.0,3.57,4.95,0.0,0.0,0.0,0.0,5.0,5.0,17.86,24.76,5.0,5.0,17.86,24.76,46.43,35.71,10.71,92.44,3.0,3.0,10.71,7.27,7.27,0.56,0.52,0.33,0.67,0.62,0.19,1.25,0.25,0.8,0.46,3.57,0.0,0.18,17.86,0.89
113,林任鴻,新北中信特攻,2,113|10877,林任鴻/阿巴西,1,27,30.0,435.15,7.25,07:15,435.15,7.25,07:15,14.0,14.0,46.67,69.49,11.0,11.0,36.67,54.6,11.0,11.0,36.67,54.6,4.0,4.0,13.33,19.86,6.0,6.0,20.0,29.78,2.0,2.0,6.67,9.93,5.0,5.0,16.67,24.82,2.0,2.0,6.67,9.93,8.0,8.0,26.67,39.71,6.0,6.0,20.0,29.78,2.0,2.0,6.67,9.93,6.0,6.0,20.0,29.78,1.0,1.0,3.33,4.96,5.0,5.0,16.67,24.82,2.0,2.0,6.67,9.93,5.0,5.0,16.67,24.82,1.0,1.0,3.33,4.96,0.0,0.0,0.0,0.0,5.0,5.0,16.67,24.82,4.0,4.0,13.33,19.86,46.67,36.67,10.0,99.28,3.0,3.0,10.0,7.25,7.25,0.45,0.48,0.33,0.4,0.75,0.12,1.25,0.29,0.86,0.57,3.33,0.0,0.17,13.33,0.73
113,林任鴻,新北中信特攻,2,113|10881,林任鴻/飛克,1,39,43.0,644.92,10.75,10:45,644.92,10.75,10:45,25.0,25.0,58.14,83.73,13.0,13.0,30.23,43.54,15.0,15.0,34.88,50.24,7.0,7.0,16.28,23.44,8.0,8.0,18.6,26.79,4.0,4.0,9.3,13.4,7.0,7.0,16.28,23.44,3.0,3.0,6.98,10.05,12.0,12.0,27.91,40.19,10.0,10.0,23.26,33.49,3.0,3.0,6.98,10.05,6.0,6.0,13.95,20.1,1.0,1.0,2.33,3.35,9.0,9.0,20.93,30.14,3.0,3.0,6.98,10.05,7.0,7.0,16.28,23.44,1.0,1.0,2.33,3.35,0.0,0.0,0.0,0.0,7.0,7.0,16.28,23.44,4.0,4.0,9.3,13.4,58.14,30.23,27.91,96.01,12.0,12.0,27.91,10.75,10.75,0.57,0.62,0.5,0.43,0.83,0.13,1.0,0.25,0.86,0.47,2.33,0.0,0.16,9.3,0.8
113,林任鴻,新北中信特攻,3,40|113|8889,謝亞軒/林任鴻/馬可,1,19,22.0,327.28,5.45,05:27,327.28,5.45,05:27,12.0,12.0,54.55,79.2,7.0,7.0,31.82,46.2,9.0,9.0,40.91,59.4,4.0,4.0,18.18,26.4,6.0,6.0,27.27,39.6,2.0,2.0,9.09,13.2,3.0,3.0,13.64,19.8,2.0,2.0,9.09,13.2,6.0,6.0,27.27,39.6,4.0,4.0,18.18,26.4,2.0,2.0,9.09,13.2,4.0,4.0,18.18,26.4,1.0,1.0,4.55,6.6,4.0,4.0,18.18,26.4,1.0,1.0,4.55,6.6,5.0,5.0,22.73,33.0,1.0,1.0,4.55,6.6,0.0,0.0,0.0,0.0,4.0,4.0,18.18,26.4,2.0,2.0,9.09,13.2,54.55,31.82,22.73,96.8,5.0,5.0,22.73,5.45,5.45,0.56,0.52,0.33,0.67,0.67,0.08,1.25,0.33,0.8,0.55,4.55,0.0,0.18,9.09,0.67
113,林任鴻,新北中信特攻,3,40|113|10877,謝亞軒/林任鴻/阿巴西,1,27,30.0,435.15,7.25,07:15,435.15,7.25,07:15,14.0,14.0,46.67,69.49,11.0,11.0,36.67,54.6,11.0,11.0,36.67,54.6,4.0,4.0,13.33,19.86,6.0,6.0,20.0,29.78,2.0,2.0,6.67,9.93,5.0,5.0,16.67,24.82,2.0,2.0,6.67,9.93,8.0,8.0,26.67,39.71,6.0,6.0,20.0,29.78,2.0,2.0,6.67,9.93,6.0,6.0,20.0,29.78,1.0,1.0,3.33,4.96,5.0,5.0,16.67,24.82,2.0,2.0,6.67,9.93,5.0,5.0,16.67,24.82,1.0,1.0,3.33,4.96,0.0,0.0,0.0,0.0,5.0,5.0,16.67,24.82,4.0,4.0,13.33,19.86,46.67,36.67,10.0,99.28,3.0,3.0,10.0,7.25,7.25,0.45,0.48,0.33,0.4,0.75,0.12,1.25,0.29,0.86,0.57,3.33,0.0,0.17,13.33,0.73
113,林任鴻,新北中信特攻,3,40|113|10881,謝亞軒/林任鴻/飛克,1,39,43.0,644.92,10.75,10:45,644.92,10.75,10:45,25.0,25.0,58.14,83.73,13.0,13.0,30.23,43.54,15.0,15.0,34.88,50.24,7.0,7.0,16.28,23.44,8.0,8.0,18.6,26.79,4.0,4.0,9.3,13.4,7.0,7.0,16.28,23.44,3.0,3.0,6.98,10.05,12.0,12.0,27.91,40.19,10.0,10.0,23.26,33.49,3.0,3.0,6.98,10.05,6.0,6.0,13.95,20.1,1.0,1.0,2.33,3.35,9.0,9.0,20.93,30.14,3.0,3.0,6.98,10.05,7.0,7.0,16.28,23.44,1.0,1.0,2.33,3.35,0.0,0.0,0.0,0.0,7.0,7.0,16.28,23.44,4.0,4.0,9.3,13.4,58.14,30.23,27.91,96.01,12.0,12.0,27.91,10.75,10.75,0.57,0.62,0.5,0.43,0.83,0.13,1.0,0.25,0.86,0.47,2.33,0.0,0.16,9.3,0.8
113,林任鴻,新北中信特攻,3,113|8889|10877,林任鴻/馬可/阿巴西,1,19,22.0,306.29,5.1,05:06,306.29,5.1,05:06,12.0,12.0,54.55,84.62,7.0,7.0,31.82,49.36,8.0,8.0,36.36,56.42,3.0,3.0,13.64,21.16,5.0,5.0,22.73,35.26,1.0,1.0,4.55,7.05,3.0,3.0,13.64,21.16,2.0,2.0,9.09,14.1,6.0,6.0,27.27,42.31,4.0,4.0,18.18,28.21,2.0,2.0,9.09,14.1,4.0,4.0,18.18,28.21,1.0,1.0,4.55,7.05,4.0,4.0,18.18,28.21,1.0,1.0,4.55,7.05,5.0,5.0,22.73,35.26,1.0,1.0,4.55,7.05,0.0,0.0,0.0,0.0,4.0,4.0,18.18,28.21,2.0,2.0,9.09,14.1,54.55,31.82,22.73,103.43,5.0,5.0,22.73,5.1,5.1,0.5,0.56,0.2,0.67,0.67,0.09,1.67,0.33,0.8,0.55,4.55,0.0,0.18,9.09,0.75
113,林任鴻,新北中信特攻,3,113|8889|10881,林任鴻/馬可/飛克,1,19,22.0,306.29,5.1,05:06,306.29,5.1,05:06,12.0,12.0,54.55,84.62,7.0,7.0,31.82,49.36,8.0,8.0,36.36,56.42,3.0,3.0,13.64,21.16,5.0,5.0,22.73,35.26,1.0,1.0,4.55,7.05,3.0,3.0,13.64,21.16,2.0,2.0,9.09,14.1,6.0,6.0,27.27,42.31,4.0,4.0,18.18,28.21,2.0,2.0,9.09,14.1,4.0,4.0,18.18,28.21,1.0,1.0,4.55,7.05,4.0,4.0,18.18,28.21,1.0,1.0,4.55,7.05,5.0,5.0,22.73,35.26,1.0,1.0,4.55,7.05,0.0,0.0,0.0,0.0,4.0,4.0,18.18,28.21,2.0,2.0,9.09,14.1,54.55,31.82,22.73,103.43,5.0,5.0,22.73,5.1,5.1,0.5,0.56,0.2,0.67,0.67,0.09,1.67,0.33,0.8,0.55,4.55,0.0,0.18,9.09,0.75
113,林任鴻,新北中信特攻,3,113|10877|10881,林任鴻/阿巴西/飛克,1,27,30.0,435.15,7.25,07:15,435.15,7.25,07:15,14.0,14.0,46.67,69.49,11.0,11.0,36.67,54.6,11.0,11.0,36.67,54.6,4.0,4.0,13.33,19.86,6.0,6.0,20.0,29.78,2.0,2.0,6.67,9.93,5.0,5.0,16.67,24.82,2.0,2.0,6.67,9.93,8.0,8.0,26.67,39.71,6.0,6.0,20.0,29.78,2.0,2.0,6.67,9.93,6.0,6.0,20.0,29.78,1.0,1.0,3.33,4.96,5.0,5.0,16.67,24.82,2.0,2.0,6.67,9.93,5.0,5.0,16.67,24.82,1.0,1.0,3.33,4.96,0.0,0.0,0.0,0.0,5.0,5.0,16.67,24.82,4.0,4.0,13.33,19.86,46.67,36.67,10.0,99.28,3.0,3.0,10.0,7.25,7.25,0.45,0.48,0.33,0.4,0.75,0.12,1.25,0.29,0.86,0.57,3.33,0.0,0.17,13.33,0.73
113,林任鴻,新北中信特攻,4,40|113|8889|10877,謝亞軒/林任鴻/馬可/阿巴西,1,19,22.0,306.29,5.1,05:06,306.29,5.1,05:06,12.0,12.0,54.55,84.62,7.0,7.0,31.82,49.36,8.0,8.0,36.36,56.42,3.0,3.0,13.64,21.16,5.0,5.0,22.73,35.26,1.0,1.0,4.55,7.05,3.0,3.0,13.64,21.16,2.0,2.0,9.09,14.1,6.0,6.0,27.27,42.31,4.0,4.0,18.18,28.21,2.0,2.0,9.09,14.1,4.0,4.0,18.18,28.21,1.0,1.0,4.55,7.05,4.0,4.0,18.18,28.21,1.0,1.0,4.55,7.05,5.0,5.0,22.73,35.26,1.0,1.0,4.55,7.05,0.0,0.0,0.0,0.0,4.0,4.0,18.18,28.21,2.0,2.0,9.09,14.1,54.55,31.82,22.73,103.43,5.0,5.0,22.73,5.1,5.1,0.5,0.56,0.2,0.67,0.67,0.09,1.67,0.33,0.8,0.55,4.55,0.0,0.18,9.09,0.75
113,林任鴻,新北中信特攻,4,40|113|8889|10881,謝亞軒/林任鴻/馬可/飛克,1,19,22.0,306.29,5.1,05:06,306.29,5.1,05:06,12.0,12.0,54.55,84.62,7.0,7.0,31.82,49.36,8.0,8.0,36.36,56.42,3.0,3.0,13.64,21.16,5.0,5.0,22.73,35.26,1.0,1.0,4.55,7.05,3.0,3.0,13.64,21.16,2.0,2.0,9.09,14.1,6.0,6.0,27.27,42.31,4.0,4.0,18.18,28.21,2.0,2.0,9.09,14.1,4.0,4.0,18.18,28.21,1.0,1.0,4.55,7.05,4.0,4.0,18.18,28.21,1.0,1.0,4.55,7.05,5.0,5.0,22.73,35.26,1.0,1.0,4.55,7.05,0.0,0.0,0.0,0.0,4.0,4.0,18.18,28.21,2.0,2.0,9.09,14.1,54.55,31.82,22.73,103.43,5.0,5.0,22.73,5.1,5.1,0.5,0.56,0.2,0.67,0.67,0.09,1.67,0.33,0.8,0.55,4.55,0.0,0.18,9.09,0.75
113,林任鴻,新北中信特攻,4,40|113|10877|10881,謝亞軒/林任鴻/阿巴西/飛克,1,27,30.0,435.15,7.25,07:15,435.15,7.25,07:15,14.0,14.0,46.67,69.49,11.0,11.0,36.67,54.6,11.0,11.0,36.67,54.6,4.0,4.0,13.33,19.86,6.0,6.0,20.0,29.78,2.0,2.0,6.67,9.93,5.0,5.0,16.67,24.82,2.0,2.0,6.67,9.93,8.0,8.0,26.67,39.71,6.0,6.0,20.0,29.78,2.0,2.0,6.67,9.93,6.0,6.0,20.0,29.78,1.0,1.0,3.33,4.96,5.0,5.0,16.67,24.82,2.0,2.0,6.67,9.93,5.0,5.0,16.67,24.82,1.0,1.0,3.33,4.96,0.0,0.0,0.0,0.0,5.0,5.0,16.67,24.82,4.0,4.0,13.33,19.86,46.67,36.67,10.0,99.28,3.0,3.0,10.0,7.25,7.25,0.45,0.48,0.33,0.4,0.75,0.12,1.25,0.29,0.86,0.57,3.33,0.0,0.17,13.33,0.73
113,林任鴻,新北中信特攻,4,113|8889|10877|10881,林任鴻/馬可/阿巴西/飛克,1,19,22.0,306.29,5.1,05:06,306.29,5.1,05:06,12.0,12.0,54.55,84.62,7.0,7.0,31.82,49.36,8.0,8.0,36.36,56.42,3.0,3.0,13.64,21.16,5.0,5.0,22.73,35.26,1.0,1.0,4.55,7.05,3.0,3.0,13.64,21.16,2.0,2.0,9.09,14.1,6.0,6.0,27.27,42.31,4.0,4.0,18.18,28.21,2.0,2.0,9.09,14.1,4.0,4.0,18.18,28.21,1.0,1.0,4.55,7.05,4.0,4.0,18.18,28.21,1.0,1.0,4.55,7.05,5.0,5.0,22.73,35.26,1.0,1.0,4.55,7.05,0.0,0.0,0.0,0.0,4.0,4.0,18.18,28.21,2.0,2.0,9.09,14.1,54.55,31.82,22.73,103.43,5.0,5.0,22.73,5.1,5.1,0.5,0.56,0.2,0.67,0.67,0.09,1.67,0.33,0.8,0.55,4.55,0.0,0.18,9.09,0.75
113,林任鴻,新北中信特攻,5,40|113|8889|10877|10881,謝亞軒/林任鴻/馬可/阿巴西/飛克,1,19,22.0,306.29,5.1,05:06,306.29,5.1,05:06,12.0,12.0,54.55,84.62,7.0,7.0,31.82,49.36,8.0,8.0,36.36,56.42,3.0,3.0,13.64,21.16,5.0,5.0,22.73,35.26,1.0,1.0,4.55,7.05,3.0,3.0,13.64,21.16,2.0,2.0,9.09,14.1,6.0,6.0,27.27,42.31,4.0,4.0,18.18,28.21,2.0,2.0,9.09,14.1,4.0,4.0,18.18,28.21,1.0,1.0,4.55,7.05,4.0,4.0,18.18,28.21,1.0,1.0,4.55,7.05,5.0,5.0,22.73,35.26,1.0,1.0,4.55,7.05,0.0,0.0,0.0,0.0,4.0,4.0,18.18,28.21,2.0,2.0,9.09,14.1,54.55,31.82,22.73,103.43,5.0,5.0,22.73,5.1,5.1,0.5,0.56,0.2,0.67,0.67,0.09,1.67,0.33,0.8,0.55,4.55,0.0,0.18,9.09,0.75
8889,馬可,新北中信特攻,2,40|8889,謝亞軒/馬可,1,50,59.0,767.48,12.79,12:47,767.48,12.79,12:47,27.0,27.0,45.76,75.99,27.0,27.0,45.76,75.99,20.0,20.0,33.9,56.29,9.0,9.0,15.25,25.33,12.0,12.0,20.34,33.77,6.0,6.0,10.17,16.89,8.0,8.0,13.56,22.52,3.0,3.0,5.08,8.44,10.0,10.0,16.95,28.14,8.0,8.0,13.56,22.52,3.0,3.0,5.08,8.44,8.0,8.0,13.56,22.52,4.0,4.0,6.78,11.26,9.0,9.0,15.25,25.33,4.0,4.0,6.78,11.26,8.0,8.0,13.56,22.52,2.0,2.0,3.39,5.63,0.0,0.0,0.0,0.0,10.0,10.0,16.95,28.14,7.0,7.0,11.86,19.7,45.76,45.76,0.0,110.7,0.0,0.0,0.0,12.79,12.79,0.52,0.55,0.5,0.38,0.8,0.14,0.89,0.25,0.67,0.46,3.39,0.0,0.17,11.86,0.5
8889,馬可,新北中信特攻,2,113|8889,林任鴻/馬可,1,25,28.0,436.18,7.27,07:16,436.18,7.27,07:16,13.0,13.0,46.43,64.38,10.0,10.0,35.71,49.52,9.0,9.0,32.14,44.57,4.0,4.0,14.29,19.81,6.0,6.0,21.43,29.71,2.0,2.0,7.14,9.9,3.0,3.0,10.71,14.86,2.0,2.0,7.14,9.9,8.0,8.0,28.57,39.62,5.0,5.0,17.86,24.76,2.0,2.0,7.14,9.9,4.0,4.0,14.29,19.81,1.0,1.0,3.57,4.95,6.0,6.0,21.43,29.71,3.0,3.0,10.71,14.86,5.0,5.0,17.86,24.76,1.0,1.0,3.57,4.95,0.0,0.0,0.0,0.0,5.0,5.0,17.86,24.76,5.0,5.0,17.86,24.76,46.43,35.71,10.71,92.44,3.0,3.0,10.71,7.27,7.27,0.56,0.52,0.33,0.67,0.62,0.19,1.25,0.25,0.8,0.46,3.57,0.0,0.18,17.86,0.89
8889,馬可,新北中信特攻,2,8889|10877,馬可/阿巴西,1,50,59.0,755.15,12.59,12:35,755.15,12.59,12:35,27.0,27.0,45.76,77.23,27.0,27.0,45.76,77.23,19.0,19.0,32.2,54.35,8.0,8.0,13.56,22.88,11.0,11.0,18.64,31.46,5.0,5.0,8.47,14.3,8.0,8.0,13.56,22.88,3.0,3.0,5.08,8.58,10.0,10.0,16.95,28.6,8.0,8.0,13.56,22.88,3.0,3.0,5.08,8.58,8.0,8.0,13.56,22.88,4.0,4.0,6.78,11.44,9.0,9.0,15.25,25.74,4.0,4.0,6.78,11.44,8.0,8.0,13.56,22.88,2.0,2.0,3.39,5.72,0.0,0.0,0.0,0.0,11.0,11.0,18.64,31.46,7.0,7.0,11.86,20.02,45.76,45.76,0.0,112.51,0.0,0.0,0.0,12.59,12.59,0.5,0.58,0.45,0.38,0.8,0.15,1.0,0.25,0.67,0.46,3.39,0.0,0.19,11.86,0.53
8889,馬可,新北中信特攻,2,8889|10881,馬可/飛克,1,35,41.0,546.29,9.1,09:06,546.29,9.1,09:06,20.0,20.0,48.78,79.08,15.0,15.0,36.59,59.31,15.0,15.0,36.59,59.31,6.0,6.0,14.63,23.72,9.0,9.0,21.95,35.59,4.0,4.0,9.76,15.82,6.0,6.0,14.63,23.72,2.0,2.0,4.88,7.91,8.0,8.0,19.51,31.63,6.0,6.0,14.63,23.72,3.0,3.0,7.32,11.86,7.0,7.0,17.07,27.68,2.0,2.0,4.88,7.91,7.0,7.0,17.07,27.68,2.0,2.0,4.88,7.91,7.0,7.0,17.07,27.68,2.0,2.0,4.88,7.91,0.0,0.0,0.0,0.0,6.0,6.0,14.63,23.72,4.0,4.0,9.76,15.82,48.78,36.59,12.2,108.07,5.0,5.0,12.2,9.1,9.1,0.47,0.54,0.44,0.33,0.75,0.1,1.17,0.3,0.78,0.53,4.88,0.0,0.15,9.76,0.53
8889,馬可,新北中信特攻,3,40|113|8889,謝亞軒/林任鴻/馬可,1,19,22.0,327.28,5.45,05:27,327.28,5.45,05:27,12.0,12.0,54.55,79.2,7.0,7.0,31.82,46.2,9.0,9.0,40.91,59.4,4.0,4.0,18.18,26.4,6.0,6.0,27.27,39.6,2.0,2.0,9.09,13.2,3.0,3.0,13.64,19.8,2.0,2.0,9.09,13.2,6.0,6.0,27.27,39.6,4.0,4.0,18.18,26.4,2.0,2.0,9.09,13.2,4.0,4.0,18.18,26.4,1.0,1.0,4.55,6.6,4.0,4.0,18.18,26.4,1.0,1.0,4.55,6.6,5.0,5.0,22.73,33.0,1.0,1.0,4.55,6.6,0.0,0.0,0.0,0.0,4.0,4.0,18.18,26.4,2.0,2.0,9.09,13.2,54.55,31.82,22.73,96.8,5.0,5.0,22.73,5.45,5.45,0.56,0.52,0.33,0.67,0.67,0.08,1.25,0.33,0.8,0.55,4.55,0.0,0.18,9.09,0.67
8889,馬可,新北中信特攻,3,40|8889|10877,謝亞軒/馬可/阿巴西,1,50,59.0,746.5,12.44,12:26,746.5,12.44,12:26,27.0,27.0,45.76,78.12,27.0,27.0,45.76,78.12,19.0,19.0,32.2,54.98,8.0,8.0,13.56,23.15,11.0,11.0,18.64,31.83,5.0,5.0,8.47,14.47,8.0,8.0,13.56,23.15,3.0,3.0,5.08,8.68,10.0,10.0,16.95,28.94,8.0,8.0,13.56,23.15,3.0,3.0,5.08,8.68,8.0,8.0,13.56,23.15,4.0,4.0,6.78,11.57,9.0,9.0,15.25,26.04,4.0,4.0,6.78,11.57,8.0,8.0,13.56,23.15,2.0,2.0,3.39,5.79,0.0,0.0,0.0,0.0,10.0,10.0,16.95,28.94,7.0,7.0,11.86,20.25,45.76,45.76,0.0,113.81,0.0,0.0,0.0,12.44,12.44,0.5,0.58,0.45,0.38,0.8,0.15,1.0,0.25,0.67,0.46,3.39,0.0,0.17,11.86,0.53
8889,馬可,新北中信特攻,3,40|8889|10881,謝亞軒/馬可/飛克,1,35,41.0,546.29,9.1,09:06,546.29,9.1,09:06,20.0,20.0,48.78,79.08,15.0,15.0,36.59,59.31,15.0,15.0,36.59,59.31,6.0,6.0,14.63,23.72,9.0,9.0,21.95,35.59,4.0,4.0,9.76,15.82,6.0,6.0,14.63,23.72,2.0,2.0,4.88,7.91,8.0,8.0,19.51,31.63,6.0,6.0,14.63,23.72,3.0,3.0,7.32,11.86,7.0,7.0,17.07,27.68,2.0,2.0,4.88,7.91,7.0,7.0,17.07,27.68,2.0,2.0,4.88,7.91,7.0,7.0,17.07,27.68,2.0,2.0,4.88,7.91,0.0,0.0,0.0,0.0,6.0,6.0,14.63,23.72,4.0,4.0,9.76,15.82,48.78,36.59,12.2,108.07,5.0,5.0,12.2,9.1,9.1,0.47,0.54,0.44,0.33,0.75,0.1,1.17,0.3,0.78,0.53,4.88,0.0,0.15,9.76,0.53
8889,馬可,新北中信特攻,3,113|8889|10877,林任鴻/馬可/阿巴西,1,19,22.0,306.29,5.1,05:06,306.29,5.1,05:06,12.0,12.0,54.55,84.62,7.0,7.0,31.82,49.36,8.0,8.0,36.36,56.42,3.0,3.0,13.64,21.16,5.0,5.0,22.73,35.26,1.0,1.0,4.55,7.05,3.0,3.0,13.64,21.16,2.0,2.0,9.09,14.1,6.0,6.0,27.27,42.31,4.0,4.0,18.18,28.21,2.0,2.0,9.09,14.1,4.0,4.0,18.18,28.21,1.0,1.0,4.55,7.05,4.0,4.0,18.18,28.21,1.0,1.0,4.55,7.05,5.0,5.0,22.73,35.26,1.0,1.0,4.55,7.05,0.0,0.0,0.0,0.0,4.0,4.0,18.18,28.21,2.0,2.0,9.09,14.1,54.55,31.82,22.73,103.43,5.0,5.0,22.73,5.1,5.1,0.5,0.56,0.2,0.67,0.67,0.09,1.67,0.33,0.8,0.55,4.55,0.0,0.18,9.09,0.75
8889,馬可,新北中信特攻,3,113|8889|10881,林任鴻/馬可/飛克,1,19,22.0,306.29,5.1,05:06,306.29,5.1,05:06,12.0,12.0,54.55,84.62,7.0,7.0,31.82,49.36,8.0,8.0,36.36,56.42,3.0,3.0,13.64,21.16,5.0,5.0,22.73,35.26,1.0,1.0,4.55,7.05,3.0,3.0,13.64,21.16,2.0,2.0,9.09,14.1,6.0,6.0,27.27,42.31,4.0,4.0,18.18,28.21,2.0,2.0,9.09,14.1,4.0,4.0,18.18,28.21,1.0,1.0,4.55,7.05,4.0,4.0,18.18,28.21,1.0,1.0,4.55,7.05,5.0,5.0,22.73,35.26,1.0,1.0,4.55,7.05,0.0,0.0,0.0,0.0,4.0,4.0,18.18,28.21,2.0,2.0,9.09,14.1,54.55,31.82,22.73,103.43,5.0,5.0,22.73,5.1,5.1,0.5,0.56,0.2,0.67,0.67,0.09,1.67,0.33,0.8,0.55,4.55,0.0,0.18,9.09,0.75
8889,馬可,新北中信特攻,3,8889|10877|10881,馬可/阿巴西/飛克,1,35,41.0,546.29,9.1,09:06,546.29,9.1,09:06,20.0,20.0,48.78,79.08,15.0,15.0,36.59,59.31,15.0,15.0,36.59,59.31,6.0,6.0,14.63,23.72,9.0,9.0,21.95,35.59,4.0,4.0,9.76,15.82,6.0,6.0,14.63,23.72,2.0,2.0,4.88,7.91,8.0,8.0,19.51,31.63,6.0,6.0,14.63,23.72,3.0,3.0,7.32,11.86,7.0,7.0,17.07,27.68,2.0,2.0,4.88,7.91,7.0,7.0,17.07,27.68,2.0,2.0,4.88,7.91,7.0,7.0,17.07,27.68,2.0,2.0,4.88,7.91,0.0,0.0,0.0,0.0,6.0,6.0,14.63,23.72,4.0,4.0,9.76,15.82,48.78,36.59,12.2,108.07,5.0,5.0,12.2,9.1,9.1,0.47,0.54,0.44,0.33,0.75,0.1,1.17,0.3,0.78,0.53,4.88,0.0,0.15,9.76,0.53
8889,馬可,新北中信特攻,4,40|113|8889|10877,謝亞軒/林任鴻/馬可/阿巴西,1,19,22.0,306.29,5.1,05:06,306.29,5.1,05:06,12.0,12.0,54.55,84.62,7.0,7.0,31.82,49.36,8.0,8.0,36.36,56.42,3.0,3.0,13.64,21.16,5.0,5.0,22.73,35.26,1.0,1.0,4.55,7.05,3.0,3.0,13.64,21.16,2.0,2.0,9.09,14.1,6.0,6.0,27.27,42.31,4.0,4.0,18.18,28.21,2.0,2.0,9.09,14.1,4.0,4.0,18.18,28.21,1.0,1.0,4.55,7.05,4.0,4.0,18.18,28.21,1.0,1.0,4.55,7.05,5.0,5.0,22.73,35.26,1.0,1.0,4.55,7.05,0.0,0.0,0.0,0.0,4.0,4.0,18.18,28.21,2.0,2.0,9.09,14.1,54.55,31.82,22.73,103.43,5.0,5.0,22.73,5.1,5.1,0.5,0.56,0.2,0.67,0.67,0.09,1.67,0.33,0.8,0.55,4.55,0.0,0.18,9.09,0.75
8889,馬可,新北中信特攻,4,40|113|8889|10881,謝亞軒/林任鴻/馬可/飛克,1,19,22.0,306.29,5.1,05:06,306.29,5.1,05:06,12.0,12.0,54.55,84.62,7.0,7.0,31.82,49.36,8.0,8.0,36.36,56.42,3.0,3.0,13.64,21.16,5.0,5.0,22.73,35.26,1.0,1.0,4.55,7.05,3.0,3.0,13.64,21.16,2.0,2.0,9.09,14.1,6.0,6.0,27.27,42.31,4.0,4.0,18.18,28.21,2.0,2.0,9.09,14.1,4.0,4.0,18.18,28.21,1.0,1.0,4.55,7.05,4.0,4.0,18.18,28.21,1.0,1.0,4.55,7.05,5.0,5.0,22.73,35.26,1.0,1.0,4.55,7.05,0.0,0.0,0.0,0.0,4.0,4.0,18.18,28.21,2.0,2.0,9.09,14.1,54.55,31.82,22.73,103.43,5.0,5.0,22.73,5.1,5.1,0.5,0.56,0.2,0.67,0.67,0.09,1.67,0.33,0.8,0.55,4.55,0.0,0.18,9.09,0.75
8889,馬可,新北中信特攻,4,40|8889|10877|10881,謝亞軒/馬可/阿巴西/飛克,1,35,41.0,546.29,9.1,09:06,546.29,9.1,09:06,20.0,20.0,48.78,79.08,15.0,15.0,36.59,59.31,15.0,15.0,36.59,59.31,6.0,6.0,14.63,23.72,9.0,9.0,21.95,35.59,4.0,4.0,9.76,15.82,6.0,6.0,14.63,23.72,2.0,2.0,4.88,7.91,8.0,8.0,19.51,31.63,6.0,6.0,14.63,23.72,3.0,3.0,7.32,11.86,7.0,7.0,17.07,27.68,2.0,2.0,4.88,7.91,7.0,7.0,17.07,27.68,2.0,2.0,4.88,7.91,7.0,7.0,17.07,27.68,2.0,2.0,4.88,7.91,0.0,0.0,0.0,0.0,6.0,6.0,14.63,23.72,4.0,4.0,9.76,15.82,48.78,36.59,12.2,108.07,5.0,5.0,12.2,9.1,9.1,0.47,0.54,0.44,0.33,0.75,0.1,1.17,0.3,0.78,0.53,4.88,0.0,0.15,9.76,0.53
8889,馬可,新北中信特攻,4,113|8889|10877|10881,林任鴻/馬可/阿巴西/飛克,1,19,22.0,306.29,5.1,05:06,306.29,5.1,05:06,12.0,12.0,54.55,84.62,7.0,7.0,31.82,49.36,8.0,8.0,36.36,56.42,3.0,3.0,13.64,21.16,5.0,5.0,22.73,35.26,1.0,1.0,4.55,7.05,3.0,3.0,13.64,21.16,2.0,2.0,9.09,14.1,6.0,6.0,27.27,42.31,4.0,4.0,18.18,28.21,2.0,2.0,9.09,14.1,4.0,4.0,18.18,28.21,1.0,1.0,4.55,7.05,4.0,4.0,18.18,28.21,1.0,1.0,4.55,7.05,5.0,5.0,22.73,35.26,1.0,1.0,4.55,7.05,0.0,0.0,0.0,0.0,4.0,4.0,18.18,28.21,2.0,2.0,9.09,14.1,54.55,31.82,22.73,103.43,5.0,5.0,22.73,5.1,5.1,0.5,0.56,0.2,0.67,0.67,0.09,1.67,0.33,0.8,0.55,4.55,0.0,0.18,9.09,0.75
8889,馬可,新北中信特攻,5,40|113|8889|10877|10881,謝亞軒/林任鴻/馬可/阿巴西/飛克,1,19,22.0,306.29,5.1,05:06,306.29,5.1,05:06,12.0,12.0,54.55,84.62,7.0,7.0,31.82,49.36,8.0,8.0,36.36,56.42,3.0,3.0,13.64,21.16,5.0,5.0,22.73,35.26,1.0,1.0,4.55,7.05,3.0,3.0,13.64,21.16,2.0,2.0,9.09,14.1,6.0,6.0,27.27,42.31,4.0,4.0,18.18,28.21,2.0,2.0,9.09,14.1,4.0,4.0,18.18,28.21,1.0,1.0,4.55,7.05,4.0,4.0,18.18,28.21,1.0,1.0,4.55,7.05,5.0,5.0,22.73,35.26,1.0,1.0,4.55,7.05,0.0,0.0,0.0,0.0,4.0,4.0,18.18,28.21,2.0,2.0,9.09,14.1,54.55,31.82,22.73,103.43,5.0,5.0,22.73,5.1,5.1,0.5,0.56,0.2,0.67,0.67,0.09,1.67,0.33,0.8,0.55,4.55,0.0,0.18,9.09,0.75
10877,阿巴西,新北中信特攻,2,40|10877,謝亞軒/阿巴西,1,116,132.0,1766.98,29.45,29:27,1766.98,29.45,29:27,55.0,55.0,41.67,67.23,68.0,68.0,51.52,83.12,45.0,45.0,34.09,55.01,19.0,19.0,14.39,23.23,23.0,23.0,17.42,28.12,12.0,12.0,9.09,14.67,22.0,22.0,16.67,26.89,7.0,7.0,5.3,8.56,14.0,14.0,10.61,17.11,11.0,11.0,8.33,13.45,5.0,5.0,3.79,6.11,21.0,21.0,15.91,25.67,6.0,6.0,4.55,7.33,20.0,20.0,15.15,24.45,11.0,11.0,8.33,13.45,15.0,15.0,11.36,18.34,6.0,6.0,4.55,7.33,1.0,1.0,0.76,1.22,17.0,17.0,12.88,20.78,17.0,17.0,12.88,20.78,41.67,51.52,-9.85,107.57,-13.0,-13.0,-9.85,29.45,29.45,0.5,0.54,0.52,0.32,0.79,0.18,0.79,0.2,0.78,0.5,4.55,0.76,0.13,12.88,0.31
10877,阿巴西,新北中信特攻,2,113|10877,林任鴻/阿巴西,1,27,30.0,435.15,7.25,07:15,435.15,7.25,07:15,14.0,14.0,46.67,69.49,11.0,11.0,36.67,54.6,11.0,11.0,36.67,54.6,4.0,4.0,13.33,19.86,6.0,6.0,20.0,29.78,2.0,2.0,6.67,9.93,5.0,5.0,16.67,24.82,2.0,2.0,6.67,9.93,8.0,8.0,26.67,39.71,6.0,6.0,20.0,29.78,2.0,2.0,6.67,9.93,6.0,6.0,20.0,29.78,1.0,1.0,3.33,4.96,5.0,5.0,16.67,24.82,2.0,2.0,6.67,9.93,5.0,5.0,16.67,24.82,1.0,1.0,3.33,4.96,0.0,0.0,0.0,0.0,5.0,5.0,16.67,24.82,4.0,4.0,13.33,19.86,46.67,36.67,10.0,99.28,3.0,3.0,10.0,7.25,7.25,0.45,0.48,0.33,0.4,0.75,0.12,1.25,0.29,0.86,0.57,3.33,0.0,0.17,13.33,0.73
10877,阿巴西,新北中信特攻,2,8889|10877,馬可/阿巴西,1,50,59.0,755.15,12.59,12:35,755.15,12.59,12:35,27.0,27.0,45.76,77.23,27.0,27.0,45.76,77.23,19.0,19.0,32.2,54.35,8.0,8.0,13.56,22.88,11.0,11.0,18.64,31.46,5.0,5.0,8.47,14.3,8.0,8.0,13.56,22.88,3.0,3.0,5.08,8.58,10.0,10.0,16.95,28.6,8.0,8.0,13.56,22.88,3.0,3.0,5.08,8.58,8.0,8.0,13.56,22.88,4.0,4.0,6.78,11.44,9.0,9.0,15.25,25.74,4.0,4.0,6.78,11.44,8.0,8.0,13.56,22.88,2.0,2.0,3.39,5.72,0.0,0.0,0.0,0.0,11.0,11.0,18.64,31.46,7.0,7.0,11.86,20.02,45.76,45.76,0.0,112.51,0.0,0.0,0.0,12.59,12.59,0.5,0.58,0.45,0.38,0.8,0.15,1.0,0.25,0.67,0.46,3.39,0.0,0.19,11.86,0.53
10877,阿巴西,新北中信特攻,2,10877|10881,阿巴西/飛克,1,136,158.0,2104.11,35.07,35:04,2104.11,35.07,35:04,67.0,67.0,42.41,68.78,75.0,75.0,47.47,76.99,63.0,63.0,39.87,64.67,22.0,22.0,13.92,22.58,29.0,29.0,18.35,29.77,13.0,13.0,8.23,13.35,34.0,34.0,21.52,34.9,9.0,9.0,5.7,9.24,15.0,15.0,9.49,15.4,11.0,11.0,6.96,11.29,12.0,12.0,7.59,12.32,32.0,32.0,20.25,32.85,6.0,6.0,3.8,6.16,25.0,25.0,15.82,25.66,9.0,9.0,5.7,9.24,17.0,17.0,10.76,17.45,6.0,6.0,3.8,6.16,3.0,3.0,1.9,3.08,15.0,15.0,9.49,15.4,20.0,20.0,12.66,20.53,42.41,47.47,-5.06,108.13,-8.0,-8.0,-5.06,35.07,35.07,0.42,0.48,0.45,0.26,0.73,0.11,0.77,0.32,0.84,0.59,3.8,1.9,0.09,12.66,0.24
10877,阿巴西,新北中信特攻,3,40|113|10877,謝亞軒/林任鴻/阿巴西,1,27,30.0,435.15,7.25,07:15,435.15,7.25,07:15,14.0,14.0,46.67,69.49,11.0,11.0,36.67,54.6,11.0,11.0,36.67,54.6,4.0,4.0,13.33,19.86,6.0,6.0,20.0,29.78,2.0,2.0,6.67,9.93,5.0,5.0,16.67,24.82,2.0,2.0,6.67,9.93,8.0,8.0,26.67,39.71,6.0,6.0,20.0,29.78,2.0,2.0,6.67,9.93,6.0,6.0,20.0,29.78,1.0,1.0,3.33,4.96,5.0,5.0,16.67,24.82,2.0,2.0,6.67,9.93,5.0,5.0,16.67,24.82,1.0,1.0,3.33,4.96,0.0,0.0,0.0,0.0,5.0,5.0,16.67,24.82,4.0,4.0,13.33,19.86,46.67,36.67,10.0,99.28,3.0,3.0,10.0,7.25,7.25,0.45,0.48,0.33,0.4,0.75,0.12,1.25,0.29,0.86,0.57,3.33,0.0,0.17,13.33,0.73
10877,阿巴西,新北中信特攻,3,40|8889|10877,謝亞軒/馬可/阿巴西,1,50,59.0,746.5,12.44,12:26,746.5,12.44,12:26,27.0,27.0,45.76,78.12,27.0,27.0,45.76,78.12,19.0,19.0,32.2,54.98,8.0,8.0,13.56,23.15,11.0,11.0,18.64,31.83,5.0,5.0,8.47,14.47,8.0,8.0,13.56,23.15,3.0,3.0,5.08,8.68,10.0,10.0,16.95,28.94,8.0,8.0,13.56,23.15,3.0,3.0,5.08,8.68,8.0,8.0,13.56,23.15,4.0,4.0,6.78,11.57,9.0,9.0,15.25,26.04,4.0,4.0,6.78,11.57,8.0,8.0,13.56,23.15,2.0,2.0,3.39,5.79,0.0,0.0,0.0,0.0,10.0,10.0,16.95,28.94,7.0,7.0,11.86,20.25,45.76,45.76,0.0,113.81,0.0,0.0,0.0,12.44,12.44,0.5,0.58,0.45,0.38,0.8,0.15,1.0,0.25,0.67,0.46,3.39,0.0,0.17,11.86,0.53
10877,阿巴西,新北中信特攻,3,40|10877|10881,謝亞軒/阿巴西/飛克,1,98,111.0,1546.47,25.77,25:46,1546.47,25.77,25:46,48.0,48.0,43.24,67.04,54.0,54.0,48.65,75.42,39.0,39.0,35.14,54.47,17.0,17.0,15.32,23.74,20.0,20.0,18.02,27.93,11.0,11.0,9.91,15.36,19.0,19.0,17.12,26.54,6.0,6.0,5.41,8.38,12.0,12.0,10.81,16.76,9.0,9.0,8.11,12.57,5.0,5.0,4.5,6.98,19.0,19.0,17.12,26.54,4.0,4.0,3.6,5.59,18.0,18.0,16.22,25.14,9.0,9.0,8.11,12.57,14.0,14.0,12.61,19.55,6.0,6.0,5.41,8.38,1.0,1.0,0.9,1.4,13.0,13.0,11.71,18.16,12.0,12.0,10.81,16.76,43.24,48.65,-5.41,103.36,-6.0,-6.0,-5.41,25.77,25.77,0.51,0.54,0.55,0.32,0.75,0.17,0.82,0.22,0.83,0.52,5.41,0.9,0.12,10.81,0.31
10877,阿巴西,新北中信特攻,3,113|8889|10877,林任鴻/馬可/阿巴西,1,19,22.0,306.29,5.1,05:06,306.29,5.1,05:06,12.0,12.0,54.55,84.62,7.0,7.0,31.82,49.36,8.0,8.0,36.36,56.42,3.0,3.0,13.64,21.16,5.0,5.0,22.73,35.26,1.0,1.0,4.55,7.05,3.0,3.0,13.64,21.16,2.0,2.0,9.09,14.1,6.0,6.0,27.27,42.31,4.0,4.0,18.18,28.21,2.0,2.0,9.09,14.1,4.0,4.0,18.18,28.21,1.0,1.0,4.55,7.05,4.0,4.0,18.18,28.21,1.0,1.0,4.55,7.05,5.0,5.0,22.73,35.26,1.0,1.0,4.55,7.05,0.0,0.0,0.0,0.0,4.0,4.0,18.18,28.21,2.0,2.0,9.09,14.1,54.55,31.82,22.73,103.43,5.0,5.0,22.73,5.1,5.1,0.5,0.56,0.2,0.67,0.67,0.09,1.67,0.33,0.8,0.55,4.55,0.0,0.18,9.09,0.75
10877,阿巴西,新北中信特攻,3,113|10877|10881,林任鴻/阿巴西/飛克,1,27,30.0,435.15,7.25,07:15,435.15,7.25,07:15,14.0,14.0,46.67,69.49,11.0,11.0,36.67,54.6,11.0,11.0,36.67,54.6,4.0,4.0,13.33,19.86,6.0,6.0,20.0,29.78,2.0,2.0,6.67,9.93,5.0,5.0,16.67,24.82,2.0,2.0,6.67,9.93,8.0,8.0,26.67,39.71,6.0,6.0,20.0,29.78,2.0,2.0,6.67,9.93,6.0,6.0,20.0,29.78,1.0,1.0,3.33,4.96,5.0,5.0,16.67,24.82,2.0,2.0,6.67,9.93,5.0,5.0,16.67,24.82,1.0,1.0,3.33,4.96,0.0,0.0,0.0,0.0,5.0,5.0,16.67,24.82,4.0,4.0,13.33,19.86,46.67,36.67,10.0,99.28,3.0,3.0,10.0,7.25,7.25,0.45,0.48,0.33,0.4,0.75,0.12,1.25,0.29,0.86,0.57,3.33,0.0,0.17,13.33,0.73
10877,阿巴西,新北中信特攻,3,8889|10877|10881,馬可/阿巴西/飛克,1,35,41.0,546.29,9.1,09:06,546.29,9.1,09:06,20.0,20.0,48.78,79.08,15.0,15.0,36.59,59.31,15.0,15.0,36.59,59.31,6.0,6.0,14.63,23.72,9.0,9.0,21.95,35.59,4.0,4.0,9.76,15.82,6.0,6.0,14.63,23.72,2.0,2.0,4.88,7.91,8.0,8.0,19.51,31.63,6.0,6.0,14.63,23.72,3.0,3.0,7.32,11.86,7.0,7.0,17.07,27.68,2.0,2.0,4.88,7.91,7.0,7.0,17.07,27.68,2.0,2.0,4.88,7.91,7.0,7.0,17.07,27.68,2.0,2.0,4.88,7.91,0.0,0.0,0.0,0.0,6.0,6.0,14.63,23.72,4.0,4.0,9.76,15.82,48.78,36.59,12.2,108.07,5.0,5.0,12.2,9.1,9.1,0.47,0.54,0.44,0.33,0.75,0.1,1.17,0.3,0.78,0.53,4.88,0.0,0.15,9.76,0.53
10877,阿巴西,新北中信特攻,4,40|113|8889|10877,謝亞軒/林任鴻/馬可/阿巴西,1,19,22.0,306.29,5.1,05:06,306.29,5.1,05:06,12.0,12.0,54.55,84.62,7.0,7.0,31.82,49.36,8.0,8.0,36.36,56.42,3.0,3.0,13.64,21.16,5.0,5.0,22.73,35.26,1.0,1.0,4.55,7.05,3.0,3.0,13.64,21.16,2.0,2.0,9.09,14.1,6.0,6.0,27.27,42.31,4.0,4.0,18.18,28.21,2.0,2.0,9.09,14.1,4.0,4.0,18.18,28.21,1.0,1.0,4.55,7.05,4.0,4.0,18.18,28.21,1.0,1.0,4.55,7.05,5.0,5.0,22.73,35.26,1.0,1.0,4.55,7.05,0.0,0.0,0.0,0.0,4.0,4.0,18.18,28.21,2.0,2.0,9.09,14.1,54.55,31.82,22.73,103.43,5.0,5.0,22.73,5.1,5.1,0.5,0.56,0.2,0.67,0.67,0.09,1.67,0.33,0.8,0.55,4.55,0.0,0.18,9.09,0.75
10877,阿巴西,新北中信特攻,4,40|113|10877|10881,謝亞軒/林任鴻/阿巴西/飛克,1,27,30.0,435.15,7.25,07:15,435.15,7.25,07:15,14.0,14.0,46.67,69.49,11.0,11.0,36.67,54.6,11.0,11.0,36.67,54.6,4.0,4.0,13.33,19.86,6.0,6.0,20.0,29.78,2.0,2.0,6.67,9.93,5.0,5.0,16.67,24.82,2.0,2.0,6.67,9.93,8.0,8.0,26.67,39.71,6.0,6.0,20.0,29.78,2.0,2.0,6.67,9.93,6.0,6.0,20.0,29.78,1.0,1.0,3.33,4.96,5.0,5.0,16.67,24.82,2.0,2.0,6.67,9.93,5.0,5.0,16.67,24.82,1.0,1.0,3.33,4.96,0.0,0.0,0.0,0.0,5.0,5.0,16.67,24.82,4.0,4.0,13.33,19.86,46.67,36.67,10.0,99.28,3.0,3.0,10.0,7.25,7.25,0.45,0.48,0.33,0.4,0.75,0.12,1.25,0.29,0.86,0.57,3.33,0.0,0.17,13.33,0.73
10877,阿巴西,新北中信特攻,4,40|8889|10877|10881,謝亞軒/馬可/阿巴西/飛克,1,35,41.0,546.29,9.1,09:06,546.29,9.1,09:06,20.0,20.0,48.78,79.08,15.0,15.0,36.59,59.31,15.0,15.0,36.59,59.31,6.0,6.0,14.63,23.72,9.0,9.0,21.95,35.59,4.0,4.0,9.76,15.82,6.0,6.0,14.63,23.72,2.0,2.0,4.88,7.91,8.0,8.0,19.51,31.63,6.0,6.0,14.63,23.72,3.0,3.0,7.32,11.86,7.0,7.0,17.07,27.68,2.0,2.0,4.88,7.91,7.0,7.0,17.07,27.68,2.0,2.0,4.88,7.91,7.0,7.0,17.07,27.68,2.0,2.0,4.88,7.91,0.0,0.0,0.0,0.0,6.0,6.0,14.63,23.72,4.0,4.0,9.76,15.82,48.78,36.59,12.2,108.07,5.0,5.0,12.2,9.1,9.1,0.47,0.54,0.44,0.33,0.75,0.1,1.17,0.3,0.78,0.53,4.88,0.0,0.15,9.76,0.53
10877,阿巴西,新北中信特攻,4,113|8889|10877|10881,林任鴻/馬可/阿巴西/飛克,1,19,22.0,306.29,5.1,05:06,306.29,5.1,05:06,12.0,12.0,54.55,84.62,7.0,7.0,31.82,49.36,8.0,8.0,36.36,56.42,3.0,3.0,13.64,21.16,5.0,5.0,22.73,35.26,1.0,1.0,4.55,7.05,3.0,3.0,13.64,21.16,2.0,2.0,9.09,14.1,6.0,6.0,27.27,42.31,4.0,4.0,18.18,28.21,2.0,2.0,9.09,14.1,4.0,4.0,18.18,28.21,1.0,1.0,4.55,7.05,4.0,4.0,18.18,28.21,1.0,1.0,4.55,7.05,5.0,5.0,22.73,35.26,1.0,1.0,4.55,7.05,0.0,0.0,0.0,0.0,4.0,4.0,18.18,28.21,2.0,2.0,9.09,14.1,54.55,31.82,22.73,103.43,5.0,5.0,22.73,5.1,5.1,0.5,0.56,0.2,0.67,0.67,0.09,1.67,0.33,0.8,0.55,4.55,0.0,0.18,9.09,0.75
10877,阿巴西,新北中信特攻,5,40|113|8889|10877|10881,謝亞軒/林任鴻/馬可/阿巴西/飛克,1,19,22.0,306.29,5.1,05:06,306.29,5.1,05:06,12.0,12.0,54.55,84.62,7.0,7.0,31.82,49.36,8.0,8.0,36.36,56.42,3.0,3.0,13.64,21.16,5.0,5.0,22.73,35.26,1.0,1.0,4.55,7.05,3.0,3.0,13.64,21.16,2.0,2.0,9.09,14.1,6.0,6.0,27.27,42.31,4.0,4.0,18.18,28.21,2.0,2.0,9.09,14.1,4.0,4.0,18.18,28.21,1.0,1.0,4.55,7.05,4.0,4.0,18.18,28.21,1.0,1.0,4.55,7.05,5.0,5.0,22.73,35.26,1.0,1.0,4.55,7.05,0.0,0.0,0.0,0.0,4.0,4.0,18.18,28.21,2.0,2.0,9.09,14.1,54.55,31.82,22.73,103.43,5.0,5.0,22.73,5.1,5.1,0.5,0.56,0.2,0.67,0.67,0.09,1.67,0.33,0.8,0.55,4.55,0.0,0.18,9.09,0.75
10881,飛克,新北中信特攻,2,40|10881,謝亞軒/飛克,1,116,131.0,1831.56,30.53,30:32,1831.56,30.53,30:32,59.0,59.0,45.04,69.58,56.0,56.0,42.75,66.04,45.0,45.0,34.35,53.07,20.0,20.0,15.27,23.59,24.0,24.0,18.32,28.3,13.0,13.0,9.92,15.33,21.0,21.0,16.03,24.77,7.0,7.0,5.34,8.26,18.0,18.0,13.74,21.23,14.0,14.0,10.69,16.51,6.0,6.0,4.58,7.08,22.0,22.0,16.79,25.95,4.0,4.0,3.05,4.72,24.0,24.0,18.32,28.3,11.0,11.0,8.4,12.97,16.0,16.0,12.21,18.87,6.0,6.0,4.58,7.08,1.0,1.0,0.76,1.18,15.0,15.0,11.45,17.69,12.0,12.0,9.16,14.15,45.04,42.75,2.29,102.99,3.0,3.0,2.29,30.53,30.53,0.52,0.56,0.54,0.33,0.78,0.17,0.8,0.2,0.85,0.5,4.58,0.76,0.11,9.16,0.4
10881,飛克,新北中信特攻,2,113|10881,林任鴻/飛克,1,39,43.0,644.92,10.75,10:45,644.92,10.75,10:45,25.0,25.0,58.14,83.73,13.0,13.0,30.23,43.54,15.0,15.0,34.88,50.24,7.0,7.0,16.28,23.44,8.0,8.0,18.6,26.79,4.0,4.0,9.3,13.4,7.0,7.0,16.28,23.44,3.0,3.0,6.98,10.05,12.0,12.0,27.91,40.19,10.0,10.0,23.26,33.49,3.0,3.0,6.98,10.05,6.0,6.0,13.95,20.1,1.0,1.0,2.33,3.35,9.0,9.0,20.93,30.14,3.0,3.0,6.98,10.05,7.0,7.0,16.28,23.44,1.0,1.0,2.33,3.35,0.0,0.0,0.0,0.0,7.0,7.0,16.28,23.44,4.0,4.0,9.3,13.4,58.14,30.23,27.91,96.01,12.0,12.0,27.91,10.75,10.75,0.57,0.62,0.5,0.43,0.83,0.13,1.0,0.25,0.86,0.47,2.33,0.0,0.16,9.3,0.8
10881,飛克,新北中信特攻,2,8889|10881,馬可/飛克,1,35,41.0,546.29,9.1,09:06,546.29,9.1,09:06,20.0,20.0,48.78,79.08,15.0,15.0,36.59,59.31,15.0,15.0,36.59,59.31,6.0,6.0,14.63,23.72,9.0,9.0,21.95,35.59,4.0,4.0,9.76,15.82,6.0,6.0,14.63,23.72,2.0,2.0,4.88,7.91,8.0,8.0,19.51,31.63,6.0,6.0,14.63,23.72,3.0,3.0,7.32,11.86,7.0,7.0,17.07,27.68,2.0,2.0,4.88,7.91,7.0,7.0,17.07,27.68,2.0,2.0,4.88,7.91,7.0,7.0,17.07,27.68,2.0,2.0,4.88,7.91,0.0,0.0,0.0,0.0,6.0,6.0,14.63,23.72,4.0,4.0,9.76,15.82,48.78,36.59,12.2,108.07,5.0,5.0,12.2,9.1,9.1,0.47,0.54,0.44,0.33,0.75,0.1,1.17,0.3,0.78,0.53,4.88,0.0,0.15,9.76,0.53
10881,飛克,新北中信特攻,2,10877|10881,阿巴西/飛克,1,136,158.0,2104.11,35.07,35:04,2104.11,35.07,35:04,67.0,67.0,42.41,68.78,75.0,75.0,47.47,76.99,63.0,63.0,39.87,64.67,22.0,22.0,13.92,22.58,29.0,29.0,18.35,29.77,13.0,13.0,8.23,13.35,34.0,34.0,21.52,34.9,9.0,9.0,5.7,9.24,15.0,15.0,9.49,15.4,11.0,11.0,6.96,11.29,12.0,12.0,7.59,12.32,32.0,32.0,20.25,32.85,6.0,6.0,3.8,6.16,25.0,25.0,15.82,25.66,9.0,9.0,5.7,9.24,17.0,17.0,10.76,17.45,6.0,6.0,3.8,6.16,3.0,3.0,1.9,3.08,15.0,15.0,9.49,15.4,20.0,20.0,12.66,20.53,42.41,47.47,-5.06,108.13,-8.0,-8.0,-5.06,35.07,35.07,0.42,0.48,0.45,0.26,0.73,0.11,0.77,0.32,0.84,0.59,3.8,1.9,0.09,12.66,0.24
10881,飛克,新北中信特攻,3,40|113|10881,謝亞軒/林任鴻/飛克,1,39,43.0,644.92,10.75,10:45,644.92,10.75,10:45,25.0,25.0,58.14,83.73,13.0,13.0,30.23,43.54,15.0,15.0,34.88,50.24,7.0,7.0,16.28,23.44,8.0,8.0,18.6,26.79,4.0,4.0,9.3,13.4,7.0,7.0,16.28,23.44,3.0,3.0,6.98,10.05,12.0,12.0,27.91,40.19,10.0,10.0,23.26,33.49,3.0,3.0,6.98,10.05,6.0,6.0,13.95,20.1,1.0,1.0,2.33,3.35,9.0,9.0,20.93,30.14,3.0,3.0,6.98,10.05,7.0,7.0,16.28,23.44,1.0,1.0,2.33,3.35,0.0,0.0,0.0,0.0,7.0,7.0,16.28,23.44,4.0,4.0,9.3,13.4,58.14,30.23,27.91,96.01,12.0,12.0,27.91,10.75,10.75,0.57,0.62,0.5,0.43,0.83,0.13,1.0,0.25,0.86,0.47,2.33,0.0,0.16,9.3,0.8
10881,飛克,新北中信特攻,3,40|8889|10881,謝亞軒/馬可/飛克,1,35,41.0,546.29,9.1,09:06,546.29,9.1,09:06,20.0,20.0,48.78,79.08,15.0,15.0,36.59,59.31,15.0,15.0,36.59,59.31,6.0,6.0,14.63,23.72,9.0,9.0,21.95,35.59,4.0,4.0,9.76,15.82,6.0,6.0,14.63,23.72,2.0,2.0,4.88,7.91,8.0,8.0,19.51,31.63,6.0,6.0,14.63,23.72,3.0,3.0,7.32,11.86,7.0,7.0,17.07,27.68,2.0,2.0,4.88,7.91,7.0,7.0,17.07,27.68,2.0,2.0,4.88,7.91,7.0,7.0,17.07,27.68,2.0,2.0,4.88,7.91,0.0,0.0,0.0,0.0,6.0,6.0,14.63,23.72,4.0,4.0,9.76,15.82,48.78,36.59,12.2,108.07,5.0,5.0,12.2,9.1,9.1,0.47,0.54,0.44,0.33,0.75,0.1,1.17,0.3,0.78,0.53,4.88,0.0,0.15,9.76,0.53
10881,飛克,新北中信特攻,3,40|10877|10881,謝亞軒/阿巴西/飛克,1,98,111.0,1546.47,25.77,25:46,1546.47,25.77,25:46,48.0,48.0,43.24,67.04,54.0,54.0,48.65,75.42,39.0,39.0,35.14,54.47,17.0,17.0,15.32,23.74,20.0,20.0,18.02,27.93,11.0,11.0,9.91,15.36,19.0,19.0,17.12,26.54,6.0,6.0,5.41,8.38,12.0,12.0,10.81,16.76,9.0,9.0,8.11,12.57,5.0,5.0,4.5,6.98,19.0,19.0,17.12,26.54,4.0,4.0,3.6,5.59,18.0,18.0,16.22,25.14,9.0,9.0,8.11,12.57,14.0,14.0,12.61,19.55,6.0,6.0,5.41,8.38,1.0,1.0,0.9,1.4,13.0,13.0,11.71,18.16,12.0,12.0,10.81,16.76,43.24,48.65,-5.41,103.36,-6.0,-6.0,-5.41,25.77,25.77,0.51,0.54,0.55,0.32,0.75,0.17,0.82,0.22,0.83,0.52,5.41,0.9,0.12,10.81,0.31
10881,飛克,新北中信特攻,3,113|8889|10881,林任鴻/馬可/飛克,1,19,22.0,306.29,5.1,05:06,306.29,5.1,05:06,12.0,12.0,54.55,84.62,7.0,7.0,31.82,49.36,8.0,8.0,36.36,56.42,3.0,3.0,13.64,21.16,5.0,5.0,22.73,35.26,1.0,1.0,4.55,7.05,3.0,3.0,13.64,21.16,2.0,2.0,9.09,14.1,6.0,6.0,27.27,42.31,4.0,4.0,18.18,28.21,2.0,2.0,9.09,14.1,4.0,4.0,18.18,28.21,1.0,1.0,4.55,7.05,4.0,4.0,18.18,28.21,1.0,1.0,4.55,7.05,5.0,5.0,22.73,35.26,1.0,1.0,4.55,7.05,0.0,0.0,0.0,0.0,4.0,4.0,18.18,28.21,2.0,2.0,9.09,14.1,54.55,31.82,22.73,103.43,5.0,5.0,22.73,5.1,5.1,0.5,0.56,0.2,0.67,0.67,0.09,1.67,0.33,0.8,0.55,4.55,0.0,0.18,9.09,0.75
10881,飛克,新北中信特攻,3,113|10877|10881,林任鴻/阿巴西/飛克,1,27,30.0,435.15,7.25,07:15,435.15,7.25,07:15,14.0,14.0,46.67,69.49,11.0,11.0,36.67,54.6,11.0,11.0,36.67,54.6,4.0,4.0,13.33,19.86,6.0,6.0,20.0,29.78,2.0,2.0,6.67,9.93,5.0,5.0,16.67,24.82,2.0,2.0,6.67,9.93,8.0,8.0,26.67,39.71,6.0,6.0,20.0,29.78,2.0,2.0,6.67,9.93,6.0,6.0,20.0,29.78,1.0,1.0,3.33,4.96,5.0,5.0,16.67,24.82,2.0,2.0,6.67,9.93,5.0,5.0,16.67,24.82,1.0,1.0,3.33,4.96,0.0,0.0,0.0,0.0,5.0,5.0,16.67,24.82,4.0,4.0,13.33,19.86,46.67,36.67,10.0,99.28,3.0,3.0,10.0,7.25,7.25,0.45,0.48,0.33,0.4,0.75,0.12,1.25,0.29,0.86,0.57,3.33,0.0,0.17,13.33,0.73
10881,飛克,新北中信特攻,3,8889|10877|10881,馬可/阿巴西/飛克,1,35,41.0,546.29,9.1,09:06,546.29,9.1,09:06,20.0,20.0,48.78,79.08,15.0,15.0,36.59,59.31,15.0,15.0,36.59,59.31,6.0,6.0,14.63,23.72,9.0,9.0,21.95,35.59,4.0,4.0,9.76,15.82,6.0,6.0,14.63,23.72,2.0,2.0,4.88,7.91,8.0,8.0,19.51,31.63,6.0,6.0,14.63,23.72,3.0,3.0,7.32,11.86,7.0,7.0,17.07,27.68,2.0,2.0,4.88,7.91,7.0,7.0,17.07,27.68,2.0,2.0,4.88,7.91,7.0,7.0,17.07,27.68,2.0,2.0,4.88,7.91,0.0,0.0,0.0,0.0,6.0,6.0,14.63,23.72,4.0,4.0,9.76,15.82,48.78,36.59,12.2,108.07,5.0,5.0,12.2,9.1,9.1,0.47,0.54,0.44,0.33,0.75,0.1,1.17,0.3,0.78,0.53,4.88,0.0,0.15,9.76,0.53
10881,飛克,新北中信特攻,4,40|113|8889|10881,謝亞軒/林任鴻/馬可/飛克,1,19,22.0,306.29,5.1,05:06,306.29,5.1,05:06,12.0,12.0,54.55,84.62,7.0,7.0,31.82,49.36,8.0,8.0,36.36,56.42,3.0,3.0,13.64,21.16,5.0,5.0,22.73,35.26,1.0,1.0,4.55,7.05,3.0,3.0,13.64,21.16,2.0,2.0,9.09,14.1,6.0,6.0,27.27,42.31,4.0,4.0,18.18,28.21,2.0,2.0,9.09,14.1,4.0,4.0,18.18,28.21,1.0,1.0,4.55,7.05,4.0,4.0,18.18,28.21,1.0,1.0,4.55,7.05,5.0,5.0,22.73,35.26,1.0,1.0,4.55,7.05,0.0,0.0,0.0,0.0,4.0,4.0,18.18,28.21,2.0,2.0,9.09,14.1,54.55,31.82,22.73,103.43,5.0,5.0,22.73,5.1,5.1,0.5,0.56,0.2,0.67,0.67,0.09,1.67,0.33,0.8,0.55,4.55,0.0,0.18,9.09,0.75
10881,飛克,新北中信特攻,4,40|113|10877|10881,謝亞軒/林任鴻/阿巴西/飛克,1,27,30.0,435.15,7.25,07:15,435.15,7.25,07:15,14.0,14.0,46.67,69.49,11.0,11.0,36.67,54.6,11.0,11.0,36.67,54.6,4.0,4.0,13.33,19.86,6.0,6.0,20.0,29.78,2.0,2.0,6.67,9.93,5.0,5.0,16.67,24.82,2.0,2.0,6.67,9.93,8.0,8.0,26.67,39.71,6.0,6.0,20.0,29.78,2.0,2.0,6.67,9.93,6.0,6.0,20.0,29.78,1.0,1.0,3.33,4.96,5.0,5.0,16.67,24.82,2.0,2.0,6.67,9.93,5.0,5.0,16.67,24.82,1.0,1.0,3.33,4.96,0.0,0.0,0.0,0.0,5.0,5.0,16.67,24.82,4.0,4.0,13.33,19.86,46.67,36.67,10.0,99.28,3.0,3.0,10.0,7.25,7.25,0.45,0.48,0.33,0.4,0.75,0.12,1.25,0.29,0.86,0.57,3.33,0.0,0.17,13.33,0.73
10881,飛克,新北中信特攻,4,40|8889|10877|10881,謝亞軒/馬可/阿巴西/飛克,1,35,41.0,546.29,9.1,09:06,546.29,9.1,09:06,20.0,20.0,48.78,79.08,15.0,15.0,36.59,59.31,15.0,15.0,36.59,59.31,6.0,6.0,14.63,23.72,9.0,9.0,21.95,35.59,4.0,4.0,9.76,15.82,6.0,6.0,14.63,23.72,2.0,2.0,4.88,7.91,8.0,8.0,19.51,31.63,6.0,6.0,14.63,23.72,3.0,3.0,7.32,11.86,7.0,7.0,17.07,27.68,2.0,2.0,4.88,7.91,7.0,7.0,17.07,27.68,2.0,2.0,4.88,7.91,7.0,7.0,17.07,27.68,2.0,2.0,4.88,7.91,0.0,0.0,0.0,0.0,6.0,6.0,14.63,23.72,4.0,4.0,9.76,15.82,48.78,36.59,12.2,108.07,5.0,5.0,12.2,9.1,9.1,0.47,0.54,0.44,0.33,0.75,0.1,1.17,0.3,0.78,0.53,4.88,0.0,0.15,9.76,0.53
10881,飛克,新北中信特攻,4,113|8889|10877|10881,林任鴻/馬可/阿巴西/飛克,1,19,22.0,306.29,5.1,05:06,306.29,5.1,05:06,12.0,12.0,54.55,84.62,7.0,7.0,31.82,49.36,8.0,8.0,36.36,56.42,3.0,3.0,13.64,21.16,5.0,5.0,22.73,35.26,1.0,1.0,4.55,7.05,3.0,3.0,13.64,21.16,2.0,2.0,9.09,14.1,6.0,6.0,27.27,42.31,4.0,4.0,18.18,28.21,2.0,2.0,9.09,14.1,4.0,4.0,18.18,28.21,1.0,1.0,4.55,7.05,4.0,4.0,18.18,28.21,1.0,1.0,4.55,7.05,5.0,5.0,22.73,35.26,1.0,1.0,4.55,7.05,0.0,0.0,0.0,0.0,4.0,4.0,18.18,28.21,2.0,2.0,9.09,14.1,54.55,31.82,22.73,103.43,5.0,5.0,22.73,5.1,5.1,0.5,0.56,0.2,0.67,0.67,0.09,1.67,0.33,0.8,0.55,4.55,0.0,0.18,9.09,0.75
10881,飛克,新北中信特攻,5,40|113|8889|10877|10881,謝亞軒/林任鴻/馬可/阿巴西/飛克,1,19,22.0,306.29,5.1,05:06,306.29,5.1,05:06,12.0,12.0,54.55,84.62,7.0,7.0,31.82,49.36,8.0,8.0,36.36,56.42,3.0,3.0,13.64,21.16,5.0,5.0,22.73,35.26,1.0,1.0,4.55,7.05,3.0,3.0,13.64,21.16,2.0,2.0,9.09,14.1,6.0,6.0,27.27,42.31,4.0,4.0,18.18,28.21,2.0,2.0,9.09,14.1,4.0,4.0,18.18,28.21,1.0,1.0,4.55,7.05,4.0,4.0,18.18,28.21,1.0,1.0,4.55,7.05,5.0,5.0,22.73,35.26,1.0,1.0,4.55,7.05,0.0,0.0,0.0,0.0,4.0,4.0,18.18,28.21,2.0,2.0,9.09,14.1,54.55,31.82,22.73,103.43,5.0,5.0,22.73,5.1,5.1,0.5,0.56,0.2,0.67,0.67,0.09,1.67,0.33,0.8,0.55,4.55,0.0,0.18,9.09,0.75
21,李愷諺,新北國王,2,21|24,李愷諺/蘇士軒,1,48,57.0,823.17,13.72,13:43,823.17,13.72,13:43,19.0,19.0,33.33,49.86,28.0,28.0,49.12,73.47,20.0,20.0,35.09,52.48,7.0,7.0,12.28,18.37,8.0,8.0,14.04,20.99,5.0,5.0,8.77,13.12,12.0,12.0,21.05,31.49,2.0,2.0,3.51,5.25,5.0,5.0,8.77,13.12,3.0,3.0,5.26,7.87,0.0,0.0,0.0,0.0,14.0,14.0,24.56,36.74,7.0,7.0,12.28,18.37,8.0,8.0,14.04,20.99,2.0,2.0,3.51,5.25,4.0,4.0,7.02,10.5,0.0,0.0,0.0,0.0,0.0,0.0,0.0,0.0,8.0,8.0,14.04,20.99,10.0,10.0,17.54,26.24,33.33,49.12,-15.79,99.71,-9.0,-9.0,-15.79,13.72,13.72,0.4,0.43,0.62,0.17,0.6,0.08,0.57,0.0,0.67,0.48,0.0,0.0,0.14,17.54,0.25
21,李愷諺,新北國王,2,21|29,李愷諺/林書緯,1,90,104.0,1388.39,23.14,23:08,1388.39,23.14,23:08,36.0,36.0,34.62,56.01,48.0,48.0,46.15,74.68,34.0,34.0,32.69,52.9,11.0,11.0,10.58,17.11,14.0,14.0,13.46,21.78,7.0,7.0,6.73,10.89,20.0,20.0,19.23,31.12,4.0,4.0,3.85,6.22,12.0,12.0,11.54,18.67,10.0,10.0,9.62,15.56,2.0,2.0,1.92,3.11,22.0,22.0,21.15,34.23,9.0,9.0,8.65,14.0,16.0,16.0,15.38,24.89,6.0,6.0,5.77,9.33,8.0,8.0,7.69,12.45,0.0,0.0,0.0,0.0,0.0,0.0,0.0,0.0,13.0,13.0,12.5,20.22,17.0,17.0,16.35,26.45,34.62,46.15,-11.54,107.87,-12.0,-12.0,-11.54,23.14,23.14,0.38,0.46,0.5,0.2,0.83,0.13,0.73,0.11,0.71,0.49,0.0,0.0,0.12,16.35,0.35
21,李愷諺,新北國王,2,21|32,李愷諺/奧帝,1,72,84.0,1167.74,19.46,19:28,1167.74,19.46,19:28,41.0,41.0,48.81,75.84,38.0,38.0,45.24,70.29,28.0,28.0,33.33,51.79,13.0,13.0,15.48,24.05,13.0,13.0,15.48,24.05,8.0,8.0,9.52,14.8,15.0,15.0,17.86,27.75,5.0,5.0,5.95,9.25,13.0,13.0,15.48,24.05,10.0,10.0,11.9,18.5,3.0,3.0,3.57,5.55,13.0,13.0,15.48,24.05,7.0,7.0,8.33,12.95,14.0,14.0,16.67,25.9,5.0,5.0,5.95,9.25,10.0,10.0,11.9,18.5,0.0,0.0,0.0,0.0,0.0,0.0,0.0,0.0,11.0,11.0,13.1,20.35,13.0,13.0,15.48,24.05,48.81,45.24,3.57,103.58,3.0,3.0,3.57,19.46,19.46,0.55,0.61,0.62,0.33,0.77,0.13,0.77,0.18,0.65,0.43,0.0,0.0,0.13,15.48,0.46
21,李愷諺,新北國王,2,21|13029,李愷諺/杰倫,1,80,95.0,1256.41,20.94,20:56,1256.41,20.94,20:56,29.0,29.0,30.53,49.86,44.0,44.0,46.32,75.64,34.0,34.0,35.79,58.45,10.0,10.0,10.53,17.19,15.0,15.0,15.79,25.79,7.0,7.0,7.37,12.03,19.0,19.0,20.0,32.66,3.0,3.0,3.16,5.16,8.0,8.0,8.42,13.75,6.0,6.0,6.32,10.32,4.0,4.0,4.21,6.88,21.0,21.0,22.11,36.1,8.0,8.0,8.42,13.75,14.0,14.0,14.74,24.07,4.0,4.0,4.21,6.88,6.0,6.0,6.32,10.32,0.0,0.0,0.0,0.0,0.0,0.0,0.0,0.0,13.0,13.0,13.68,22.35,15.0,15.0,15.79,25.79,30.53,46.32,-15.79,108.88,-15.0,-15.0,-15.79,20.94,20.94,0.34,0.39,0.47,0.16,0.75,0.1,0.6,0.22,0.72,0.53,0.0,0.0,0.14,15.79,0.24
21,李愷諺,新北國王,3,21|24|29,李愷諺/蘇士軒/林書緯,1,48,57.0,823.17,13.72,13:43,823.17,13.72,13:43,19.0,19.0,33.33,49.86,28.0,28.0,49.12,73.47,20.0,20.0,35.09,52.48,7.0,7.0,12.28,18.37,8.0,8.0,14.04,20.99,5.0,5.0,8.77,13.12,12.0,12.0,21.05,31.49,2.0,2.0,3.51,5.25,5.0,5.0,8.77,13.12,3.0,3.0,5.26,7.87,0.0,0.0,0.0,0.0,14.0,14.0,24.56,36.74,7.0,7.0,12.28,18.37,8.0,8.0,14.04,20.99,2.0,2.0,3.51,5.25,4.0,4.0,7.02,10.5,0.0,0.0,0.0,0.0,0.0,0.0,0.0,0.0,8.0,8.0,14.04,20.99,10.0,10.0,17.54,26.24,33.33,49.12,-15.79,99.71,-9.0,-9.0,-15.79,13.72,13.72,0.4,0.43,0.62,0.17,0.6,0.08,0.57,0.0,0.67,0.48,0.0,0.0,0.14,17.54,0.25
21,李愷諺,新北國王,3,21|24|32,李愷諺/蘇士軒/奧帝,1,40,48.0,683.15,11.39,11:23,683.15,11.39,11:23,19.0,19.0,39.58,60.07,22.0,22.0,45.83,69.56,16.0,16.0,33.33,50.59,7.0,7.0,14.58,22.13,8.0,8.0,16.67,25.29,5.0,5.0,10.42,15.81,8.0,8.0,16.67,25.29,2.0,2.0,4.17,6.32,5.0,5.0,10.42,15.81,3.0,3.0,6.25,9.49,0.0,0.0,0.0,0.0,10.0,10.0,20.83,31.62,6.0,6.0,12.5,18.97,8.0,8.0,16.67,25.29,2.0,2.0,4.17,6.32,4.0,4.0,8.33,12.65,0.0,0.0,0.0,0.0,0.0,0.0,0.0,0.0,7.0,7.0,14.58,22.13,10.0,10.0,20.83,31.62,39.58,45.83,-6.25,101.18,-3.0,-3.0,-6.25,11.39,11.39,0.5,0.52,0.62,0.25,0.6,0.1,0.57,0.0,0.62,0.42,0.0,0.0,0.15,20.83,0.31
21,李愷諺,新北國王,3,21|24|13029,李愷諺/蘇士軒/杰倫,1,48,57.0,823.17,13.72,13:43,823.17,13.72,13:43,19.0,19.0,33.33,49.86,28.0,28.0,49.12,73.47,20.0,20.0,35.09,52.48,7.0,7.0,12.28,18.37,8.0,8.0,14.04,20.99,5.0,5.0,8.77,13.12,12.0,12.0,21.05,31.49,2.0,2.0,3.51,5.25,5.0,5.0,8.77,13.12,3.0,3.0,5.26,7.87,0.0,0.0,0.0,0.0,14.0,14.0,24.56,36.74,7.0,7.0,12.28,18.37,8.0,8.0,14.04,20.99,2.0,2.0,3.51,5.25,4.0,4.0,7.02,10.5,0.0,0.0,0.0,0.0,0.0,0.0,0.0,0.0,8.0,8.0,14.04,20.99,10.0,10.0,17.54,26.24,33.33,49.12,-15.79,99.71,-9.0,-9.0,-15.79,13.72,13.72,0.4,0.43,0.62,0.17,0.6,0.08,0.57,0.0,0.67,0.48,0.0,0.0,0.14,17.54,0.25
21,李愷諺,新北國王,3,21|29|32,李愷諺/林書緯/奧帝,1,62,73.0,1000.88,16.68,16:41,1000.88,16.68,16:41,30.0,30.0,41.1,64.74,34.0,34.0,46.58,73.38,23.0,23.0,31.51,49.64,9.0,9.0,12.33,19.42,10.0,10.0,13.7,21.58,6.0,6.0,8.22,12.95,13.0,13.0,17.81,28.06,3.0,3.0,4.11,6.47,11.0,11.0,15.07,23.74,9.0,9.0,12.33,19.42,2.0,2.0,2.74,4.32,13.0,13.0,17.81,28.06,7.0,7.0,9.59,15.11,12.0,12.0,16.44,25.9,5.0,5.0,6.85,10.79,6.0,6.0,8.22,12.95,0.0,0.0,0.0,0.0,0.0,0.0,0.0,0.0,10.0,10.0,13.7,21.58,13.0,13.0,17.81,28.06,41.1,46.58,-5.48,105.03,-4.0,-4.0,-5.48,16.68,16.68,0.46,0.54,0.6,0.23,0.82,0.15,0.67,0.14,0.65,0.44,0.0,0.0,0.14,17.81,0.48
21,李愷諺,新北國王,3,21|29|13029,李愷諺/林書緯/杰倫,1,77,90.0,1204.41,20.07,20:04,1204.41,20.07,20:04,27.0,27.0,30.0,48.42,41.0,41.0,45.56,73.53,31.0,31.0,34.44,55.6,9.0,9.0,10.0,16.14,13.0,13.0,14.44,23.31,6.0,6.0,6.67,10.76,18.0,18.0,20.0,32.28,3.0,3.0,3.33,5.38,8.0,8.0,8.89,14.35,6.0,6.0,6.67,10.76,2.0,2.0,2.22,3.59,21.0,21.0,23.33,37.66,8.0,8.0,8.89,14.35,14.0,14.0,15.56,25.11,4.0,4.0,4.44,7.17,6.0,6.0,6.67,10.76,0.0,0.0,0.0,0.0,0.0,0.0,0.0,0.0,11.0,11.0,12.22,19.73,15.0,15.0,16.67,26.9,30.0,45.56,-15.56,107.6,-14.0,-14.0,-15.56,20.07,20.07,0.34,0.39,0.46,0.17,0.75,0.1,0.67,0.12,0.72,0.51,0.0,0.0,0.12,16.67,0.26
21,李愷諺,新北國王,3,21|32|13029,李愷諺/奧帝/杰倫,1,49,59.0,816.9,13.61,13:37,816.9,13.61,13:37,21.0,21.0,35.59,55.53,27.0,27.0,45.76,71.39,20.0,20.0,33.9,52.88,7.0,7.0,11.86,18.51,9.0,9.0,15.25,23.8,5.0,5.0,8.47,13.22,11.0,11.0,18.64,29.09,2.0,2.0,3.39,5.29,7.0,7.0,11.86,18.51,5.0,5.0,8.47,13.22,2.0,2.0,3.39,5.29,12.0,12.0,20.34,31.73,6.0,6.0,10.17,15.86,10.0,10.0,16.95,26.44,3.0,3.0,5.08,7.93,4.0,4.0,6.78,10.58,0.0,0.0,0.0,0.0,0.0,0.0,0.0,0.0,8.0,8.0,13.56,21.15,11.0,11.0,18.64,29.09,35.59,45.76,-10.17,104.0,-6.0,-6.0,-10.17,13.61,13.61,0.4,0.45,0.56,0.18,0.71,0.12,0.57,0.17,0.67,0.47,0.0,0.0,0.14,18.64,0.35
21,李愷諺,新北國王,4,21|24|29|32,李愷諺/蘇士軒/林書緯/奧帝,1,40,48.0,683.15,11.39,11:23,683.15,11.39,11:23,19.0,19.0,39.58,60.07,22.0,22.0,45.83,69.56,16.0,16.0,33.33,50.59,7.0,7.0,14.58,22.13,8.0,8.0,16.67,25.29,5.0,5.0,10.42,15.81,8.0,8.0,16.67,25.29,2.0,2.0,4.17,6.32,5.0,5.0,10.42,15.81,3.0,3.0,6.25,9.49,0.0,0.0,0.0,0.0,10.0,10.0,20.83,31.62,6.0,6.0,12.5,18.97,8.0,8.0,16.67,25.29,2.0,2.0,4.17,6.32,4.0,4.0,8.33,12.65,0.0,0.0,0.0,0.0,0.0,0.0,0.0,0.0,7.0,7.0,14.58,22.13,10.0,10.0,20.83,31.62,39.58,45.83,-6.25,101.18,-3.0,-3.0,-6.25,11.39,11.39,0.5,0.52,0.62,0.25,0.6,0.1,0.57,0.0,0.62,0.42,0.0,0.0,0.15,20.83,0.31
21,李愷諺,新北國王,4,21|24|29|13029,李愷諺/蘇士軒/林書緯/杰倫,1,48,57.0,823.17,13.72,13:43,823.17,13.72,13:43,19.0,19.0,33.33,49.86,28.0,28.0,49.12,73.47,20.0,20.0,35.09,52.48,7.0,7.0,12.28,18.37,8.0,8.0,14.04,20.99,5.0,5.0,8.77,13.12,12.0,12.0,21.05,31.49,2.0,2.0,3.51,5.25,5.0,5.0,8.77,13.12,3.0,3.0,5.26,7.87,0.0,0.0,0.0,0.0,14.0,14.0,24.56,36.74,7.0,7.0,12.28,18.37,8.0,8.0,14.04,20.99,2.0,2.0,3.51,5.25,4.0,4.0,7.02,10.5,0.0,0.0,0.0,0.0,0.0,0.0,0.0,0.0,8.0,8.0,14.04,20.99,10.0,10.0,17.54,26.24,33.33,49.12,-15.79,99.71,-9.0,-9.0,-15.79,13.72,13.72,0.4,0.43,0.62,0.17,0.6,0.08,0.57,0.0,0.67,0.48,0.0,0.0,0.14,17.54,0.25
21,李愷諺,新北國王,4,21|24|32|13029,李愷諺/蘇士軒/奧帝/杰倫,1,40,48.0,683.15,11.39,11:23,683.15,11.39,11:23,19.0,19.0,39.58,60.07,22.0,22.0,45.83,69.56,16.0,16.0,33.33,50.59,7.0,7.0,14.58,22.13,8.0,8.0,16.67,25.29,5.0,5.0,10.42,15.81,8.0,8.0,16.67,25.29,2.0,2.0,4.17,6.32,5.0,5.0,10.42,15.81,3.0,3.0,6.25,9.49,0.0,0.0,0.0,0.0,10.0,10.0,20.83,31.62,6.0,6.0,12.5,18.97,8.0,8.0,16.67,25.29,2.0,2.0,4.17,6.32,4.0,4.0,8.33,12.65,0.0,0.0,0.0,0.0,0.0,0.0,0.0,0.0,7.0,7.0,14.58,22.13,10.0,10.0,20.83,31.62,39.58,45.83,-6.25,101.18,-3.0,-3.0,-6.25,11.39,11.39,0.5,0.52,0.62,0.25,0.6,0.1,0.57,0.0,0.62,0.42,0.0,0.0,0.15,20.83,0.31
21,李愷諺,新北國王,4,21|29|32|13029,李愷諺/林書緯/奧帝/杰倫,1,49,59.0,816.9,13.61,13:37,816.9,13.61,13:37,21.0,21.0,35.59,55.53,27.0,27.0,45.76,71.39,20.0,20.0,33.9,52.88,7.0,7.0,11.86,18.51,9.0,9.0,15.25,23.8,5.0,5.0,8.47,13.22,11.0,11.0,18.64,29.09,2.0,2.0,3.39,5.29,7.0,7.0,11.86,18.51,5.0,5.0,8.47,13.22,2.0,2.0,3.39,5.29,12.0,12.0,20.34,31.73,6.0,6.0,10.17,15.86,10.0,10.0,16.95,26.44,3.0,3.0,5.08,7.93,4.0,4.0,6.78,10.58,0.0,0.0,0.0,0.0,0.0,0.0,0.0,0.0,8.0,8.0,13.56,21.15,11.0,11.0,18.64,29.09,35.59,45.76,-10.17,104.0,-6.0,-6.0,-10.17,13.61,13.61,0.4,0.45,0.56,0.18,0.71,0.12,0.57,0.17,0.67,0.47,0.0,0.0,0.14,18.64,0.35
21,李愷諺,新北國王,5,21|24|29|32|13029,李愷諺/蘇士軒/林書緯/奧帝/杰倫,1,40,48.0,683.15,11.39,11:23,683.15,11.39,11:23,19.0,19.0,39.58,60.07,22.0,22.0,45.83,69.56,16.0,16.0,33.33,50.59,7.0,7.0,14.58,22.13,8.0,8.0,16.67,25.29,5.0,5.0,10.42,15.81,8.0,8.0,16.67,25.29,2.0,2.0,4.17,6.32,5.0,5.0,10.42,15.81,3.0,3.0,6.25,9.49,0.0,0.0,0.0,0.0,10.0,10.0,20.83,31.62,6.0,6.0,12.5,18.97,8.0,8.0,16.67,25.29,2.0,2.0,4.17,6.32,4.0,4.0,8.33,12.65,0.0,0.0,0.0,0.0,0.0,0.0,0.0,0.0,7.0,7.0,14.58,22.13,10.0,10.0,20.83,31.62,39.58,45.83,-6.25,101.18,-3.0,-3.0,-6.25,11.39,11.39,0.5,0.52,0.62,0.25,0.6,0.1,0.57,0.0,0.62,0.42,0.0,0.0,0.15,20.83,0.31
24,蘇士軒,新北國王,2,21|24,李愷諺/蘇士軒,1,48,57.0,823.17,13.72,13:43,823.17,13.72,13:43,19.0,19.0,33.33,49.86,28.0,28.0,49.12,73.47,20.0,20.0,35.09,52.48,7.0,7.0,12.28,18.37,8.0,8.0,14.04,20.99,5.0,5.0,8.77,13.12,12.0,12.0,21.05,31.49,2.0,2.0,3.51,5.25,5.0,5.0,8.77,13.12,3.0,3.0,5.26,7.87,0.0,0.0,0.0,0.0,14.0,14.0,24.56,36.74,7.0,7.0,12.28,18.37,8.0,8.0,14.04,20.99,2.0,2.0,3.51,5.25,4.0,4.0,7.02,10.5,0.0,0.0,0.0,0.0,0.0,0.0,0.0,0.0,8.0,8.0,14.04,20.99,10.0,10.0,17.54,26.24,33.33,49.12,-15.79,99.71,-9.0,-9.0,-15.79,13.72,13.72,0.4,0.43,0.62,0.17,0.6,0.08,0.57,0.0,0.67,0.48,0.0,0.0,0.14,17.54,0.25
24,蘇士軒,新北國王,2,24|29,蘇士軒/林書緯,1,76,88.0,1208.82,20.15,20:09,1208.82,20.15,20:09,35.0,35.0,39.77,62.54,38.0,38.0,43.18,67.9,29.0,29.0,32.95,51.82,12.0,12.0,13.64,21.44,14.0,14.0,15.91,25.02,9.0,9.0,10.23,16.08,15.0,15.0,17.05,26.8,3.0,3.0,3.41,5.36,10.0,10.0,11.36,17.87,8.0,8.0,9.09,14.29,0.0,0.0,0.0,0.0,18.0,18.0,20.45,32.16,8.0,8.0,9.09,14.29,17.0,17.0,19.32,30.38,5.0,5.0,5.68,8.93,8.0,8.0,9.09,14.29,2.0,2.0,2.27,3.57,1.0,1.0,1.14,1.79,11.0,11.0,12.5,19.66,11.0,11.0,12.5,19.66,39.77,43.18,-3.41,104.83,-3.0,-3.0,-3.41,20.15,20.15,0.47,0.52,0.64,0.2,0.8,0.13,0.67,0.0,0.69,0.42,2.27,1.14,0.12,12.5,0.34
24,蘇士軒,新北國王,2,24|32,蘇士軒/奧帝,1,62,72.0,976.42,16.27,16:16,976.42,16.27,16:16,30.0,30.0,41.67,66.37,28.0,28.0,38.89,61.94,24.0,24.0,33.33,53.09,11.0,11.0,15.28,24.33,15.0,15.0,20.83,33.18,9.0,9.0,12.5,19.91,9.0,9.0,12.5,19.91,2.0,2.0,2.78,4.42,10.0,10.0,13.89,22.12,6.0,6.0,8.33,13.27,0.0,0.0,0.0,0.0,15.0,15.0,20.83,33.18,7.0,7.0,9.72,15.49,13.0,13.0,18.06,28.76,3.0,3.0,4.17,6.64,7.0,7.0,9.72,15.49,0.0,0.0,0.0,0.0,1.0,1.0,1.39,2.21,13.0,13.0,18.06,28.76,12.0,12.0,16.67,26.55,41.67,38.89,2.78,106.18,2.0,2.0,2.78,16.27,16.27,0.5,0.53,0.6,0.22,0.6,0.1,0.64,0.0,0.68,0.43,0.0,1.39,0.18,16.67,0.42
24,蘇士軒,新北國王,2,24|13029,蘇士軒/杰倫,1,82,94.0,1321.7,22.03,22:02,1321.7,22.03,22:02,38.0,38.0,40.43,62.1,39.0,39.0,41.49,63.74,31.0,31.0,32.98,50.66,13.0,13.0,13.83,21.25,16.0,16.0,17.02,26.15,10.0,10.0,10.64,16.34,15.0,15.0,15.96,24.51,3.0,3.0,3.19,4.9,13.0,13.0,13.83,21.25,9.0,9.0,9.57,14.71,0.0,0.0,0.0,0.0,20.0,20.0,21.28,32.69,8.0,8.0,8.51,13.07,17.0,17.0,18.09,27.78,5.0,5.0,5.32,8.17,9.0,9.0,9.57,14.71,2.0,2.0,2.13,3.27,1.0,1.0,1.06,1.63,14.0,14.0,14.89,22.88,13.0,13.0,13.83,21.25,40.43,41.49,-1.06,102.41,-1.0,-1.0,-1.06,22.03,22.03,0.47,0.52,0.62,0.2,0.69,0.12,0.69,0.0,0.71,0.44,2.13,1.06,0.15,13.83,0.42
24,蘇士軒,新北國王,3,21|24|29,李愷諺/蘇士軒/林書緯,1,48,57.0,823.17,13.72,13:43,823.17,13.72,13:43,19.0,19.0,33.33,49.86,28.0,28.0,49.12,73.47,20.0,20.0,35.09,52.48,7.0,7.0,12.28,18.37,8.0,8.0,14.04,20.99,5.0,5.0,8.77,13.12,12.0,12.0,21.05,31.49,2.0,2.0,3.51,5.25,5.0,5.0,8.77,13.12,3.0,3.0,5.26,7.87,0.0,0.0,0.0,0.0,14.0,14.0,24.56,36.74,7.0,7.0,12.28,18.37,8.0,8.0,14.04,20.99,2.0,2.0,3.51,5.25,4.0,4.0,7.02,10.5,0.0,0.0,0.0,0.0,0.0,0.0,0.0,0.0,8.0,8.0,14.04,20.99,10.0,10.0,17.54,26.24,33.33,49.12,-15.79,99.71,-9.0,-9.0,-15.79,13.72,13.72,0.4,0.43,0.62,0.17,0.6,0.08,0.57,0.0,0.67,0.48,0.0,0.0,0.14,17.54,0.25
24,蘇士軒,新北國王,3,21|24|32,李愷諺/蘇士軒/奧帝,1,40,48.0,683.15,11.39,11:23,683.15,11.39,11:23,19.0,19.0,39.58,60.07,22.0,22.0,45.83,69.56,16.0,16.0,33.33,50.59,7.0,7.0,14.58,22.13,8.0,8.0,16.67,25.29,5.0,5.0,10.42,15.81,8.0,8.0,16.67,25.29,2.0,2.0,4.17,6.32,5.0,5.0,10.42,15.81,3.0,3.0,6.25,9.49,0.0,0.0,0.0,0.0,10.0,10.0,20.83,31.62,6.0,6.0,12.5,18.97,8.0,8.0,16.67,25.29,2.0,2.0,4.17,6.32,4.0,4.0,8.33,12.65,0.0,0.0,0.0,0.0,0.0,0.0,0.0,0.0,7.0,7.0,14.58,22.13,10.0,10.0,20.83,31.62,39.58,45.83,-6.25,101.18,-3.0,-3.0,-6.25,11.39,11.39,0.5,0.52,0.62,0.25,0.6,0.1,0.57,0.0,0.62,0.42,0.0,0.0,0.15,20.83,0.31
24,蘇士軒,新北國王,3,21|24|13029,李愷諺/蘇士軒/杰倫,1,48,57.0,823.17,13.72,13:43,823.17,13.72,13:43,19.0,19.0,33.33,49.86,28.0,28.0,49.12,73.47,20.0,20.0,35.09,52.48,7.0,7.0,12.28,18.37,8.0,8.0,14.04,20.99,5.0,5.0,8.77,13.12,12.0,12.0,21.05,31.49,2.0,2.0,3.51,5.25,5.0,5.0,8.77,13.12,3.0,3.0,5.26,7.87,0.0,0.0,0.0,0.0,14.0,14.0,24.56,36.74,7.0,7.0,12.28,18.37,8.0,8.0,14.04,20.99,2.0,2.0,3.51,5.25,4.0,4.0,7.02,10.5,0.0,0.0,0.0,0.0,0.0,0.0,0.0,0.0,8.0,8.0,14.04,20.99,10.0,10.0,17.54,26.24,33.33,49.12,-15.79,99.71,-9.0,-9.0,-15.79,13.72,13.72,0.4,0.43,0.62,0.17,0.6,0.08,0.57,0.0,0.67,0.48,0.0,0.0,0.14,17.54,0.25
24,蘇士軒,新北國王,3,24|29|32,蘇士軒/林書緯/奧帝,1,56,66.0,863.54,14.39,14:24,863.54,14.39,14:24,27.0,27.0,40.91,67.54,27.0,27.0,40.91,67.54,22.0,22.0,33.33,55.03,10.0,10.0,15.15,25.01,13.0,13.0,19.7,32.52,8.0,8.0,12.12,20.01,9.0,9.0,13.64,22.51,2.0,2.0,3.03,5.0,7.0,7.0,10.61,17.51,5.0,5.0,7.58,12.51,0.0,0.0,0.0,0.0,13.0,13.0,19.7,32.52,7.0,7.0,10.61,17.51,13.0,13.0,19.7,32.52,3.0,3.0,4.55,7.5,6.0,6.0,9.09,15.01,0.0,0.0,0.0,0.0,1.0,1.0,1.52,2.5,10.0,10.0,15.15,25.01,10.0,10.0,15.15,25.01,40.91,40.91,0.0,110.06,0.0,0.0,0.0,14.39,14.39,0.5,0.54,0.62,0.22,0.71,0.11,0.6,0.0,0.65,0.39,0.0,1.52,0.15,15.15,0.32
24,蘇士軒,新北國王,3,24|29|13029,蘇士軒/林書緯/杰倫,1,76,88.0,1208.82,20.15,20:09,1208.82,20.15,20:09,35.0,35.0,39.77,62.54,38.0,38.0,43.18,67.9,29.0,29.0,32.95,51.82,12.0,12.0,13.64,21.44,14.0,14.0,15.91,25.02,9.0,9.0,10.23,16.08,15.0,15.0,17.05,26.8,3.0,3.0,3.41,5.36,10.0,10.0,11.36,17.87,8.0,8.0,9.09,14.29,0.0,0.0,0.0,0.0,18.0,18.0,20.45,32.16,8.0,8.0,9.09,14.29,17.0,17.0,19.32,30.38,5.0,5.0,5.68,8.93,8.0,8.0,9.09,14.29,2.0,2.0,2.27,3.57,1.0,1.0,1.14,1.79,11.0,11.0,12.5,19.66,11.0,11.0,12.5,19.66,39.77,43.18,-3.41,104.83,-3.0,-3.0,-3.41,20.15,20.15,0.47,0.52,0.64,0.2,0.8,0.13,0.67,0.0,0.69,0.42,2.27,1.14,0.12,12.5,0.34
24,蘇士軒,新北國王,3,24|32|13029,蘇士軒/奧帝/杰倫,1,62,72.0,976.42,16.27,16:16,976.42,16.27,16:16,30.0,30.0,41.67,66.37,28.0,28.0,38.89,61.94,24.0,24.0,33.33,53.09,11.0,11.0,15.28,24.33,15.0,15.0,20.83,33.18,9.0,9.0,12.5,19.91,9.0,9.0,12.5,19.91,2.0,2.0,2.78,4.42,10.0,10.0,13.89,22.12,6.0,6.0,8.33,13.27,0.0,0.0,0.0,0.0,15.0,15.0,20.83,33.18,7.0,7.0,9.72,15.49,13.0,13.0,18.06,28.76,3.0,3.0,4.17,6.64,7.0,7.0,9.72,15.49,0.0,0.0,0.0,0.0,1.0,1.0,1.39,2.21,13.0,13.0,18.06,28.76,12.0,12.0,16.67,26.55,41.67,38.89,2.78,106.18,2.0,2.0,2.78,16.27,16.27,0.5,0.53,0.6,0.22,0.6,0.1,0.64,0.0,0.68,0.43,0.0,1.39,0.18,16.67,0.42
24,蘇士軒,新北國王,4,21|24|29|32,李愷諺/蘇士軒/林書緯/奧帝,1,40,48.0,683.15,11.39,11:23,683.15,11.39,11:23,19.0,19.0,39.58,60.07,22.0,22.0,45.83,69.56,16.0,16.0,33.33,50.59,7.0,7.0,14.58,22.13,8.0,8.0,16.67,25.29,5.0,5.0,10.42,15.81,8.0,8.0,16.67,25.29,2.0,2.0,4.17,6.32,5.0,5.0,10.42,15.81,3.0,3.0,6.25,9.49,0.0,0.0,0.0,0.0,10.0,10.0,20.83,31.62,6.0,6.0,12.5,18.97,8.0,8.0,16.67,25.29,2.0,2.0,4.17,6.32,4.0,4.0,8.33,12.65,0.0,0.0,0.0,0.0,0.0,0.0,0.0,0.0,7.0,7.0,14.58,22.13,10.0,10.0,20.83,31.62,39.58,45.83,-6.25,101.18,-3.0,-3.0,-6.25,11.39,11.39,0.5,0.52,0.62,0.25,0.6,0.1,0.57,0.0,0.62,0.42,0.0,0.0,0.15,20.83,0.31
24,蘇士軒,新北國王,4,21|24|29|13029,李愷諺/蘇士軒/林書緯/杰倫,1,48,57.0,823.17,13.72,13:43,823.17,13.72,13:43,19.0,19.0,33.33,49.86,28.0,28.0,49.12,73.47,20.0,20.0,35.09,52.48,7.0,7.0,12.28,18.37,8.0,8.0,14.04,20.99,5.0,5.0,8.77,13.12,12.0,12.0,21.05,31.49,2.0,2.0,3.51,5.25,5.0,5.0,8.77,13.12,3.0,3.0,5.26,7.87,0.0,0.0,0.0,0.0,14.0,14.0,24.56,36.74,7.0,7.0,12.28,18.37,8.0,8.0,14.04,20.99,2.0,2.0,3.51,5.25,4.0,4.0,7.02,10.5,0.0,0.0,0.0,0.0,0.0,0.0,0.0,0.0,8.0,8.0,14.04,20.99,10.0,10.0,17.54,26.24,33.33,49.12,-15.79,99.71,-9.0,-9.0,-15.79,13.72,13.72,0.4,0.43,0.62,0.17,0.6,0.08,0.57,0.0,0.67,0.48,0.0,0.0,0.14,17.54,0.25
24,蘇士軒,新北國王,4,21|24|32|13029,李愷諺/蘇士軒/奧帝/杰倫,1,40,48.0,683.15,11.39,11:23,683.15,11.39,11:23,19.0,19.0,39.58,60.07,22.0,22.0,45.83,69.56,16.0,16.0,33.33,50.59,7.0,7.0,14.58,22.13,8.0,8.0,16.67,25.29,5.0,5.0,10.42,15.81,8.0,8.0,16.67,25.29,2.0,2.0,4.17,6.32,5.0,5.0,10.42,15.81,3.0,3.0,6.25,9.49,0.0,0.0,0.0,0.0,10.0,10.0,20.83,31.62,6.0,6.0,12.5,18.97,8.0,8.0,16.67,25.29,2.0,2.0,4.17,6.32,4.0,4.0,8.33,12.65,0.0,0.0,0.0,0.0,0.0,0.0,0.0,0.0,7.0,7.0,14.58,22.13,10.0,10.0,20.83,31.62,39.58,45.83,-6.25,101.18,-3.0,-3.0,-6.25,11.39,11.39,0.5,0.52,0.62,0.25,0.6,0.1,0.57,0.0,0.62,0.42,0.0,0.0,0.15,20.83,0.31
24,蘇士軒,新北國王,4,24|29|32|13029,蘇士軒/林書緯/奧帝/杰倫,1,56,66.0,863.54,14.39,14:24,863.54,14.39,14:24,27.0,27.0,40.91,67.54,27.0,27.0,40.91,67.54,22.0,22.0,33.33,55.03,10.0,10.0,15.15,25.01,13.0,13.0,19.7,32.52,8.0,8.0,12.12,20.01,9.0,9.0,13.64,22.51,2.0,2.0,3.03,5.0,7.0,7.0,10.61,17.51,5.0,5.0,7.58,12.51,0.0,0.0,0.0,0.0,13.0,13.0,19.7,32.52,7.0,7.0,10.61,17.51,13.0,13.0,19.7,32.52,3.0,3.0,4.55,7.5,6.0,6.0,9.09,15.01,0.0,0.0,0.0,0.0,1.0,1.0,1.52,2.5,10.0,10.0,15.15,25.01,10.0,10.0,15.15,25.01,40.91,40.91,0.0,110.06,0.0,0.0,0.0,14.39,14.39,0.5,0.54,0.62,0.22,0.71,0.11,0.6,0.0,0.65,0.39,0.0,1.52,0.15,15.15,0.32
24,蘇士軒,新北國王,5,21|24|29|32|13029,李愷諺/蘇士軒/林書緯/奧帝/杰倫,1,40,48.0,683.15,11.39,11:23,683.15,11.39,11:23,19.0,19.0,39.58,60.07,22.0,22.0,45.83,69.56,16.0,16.0,33.33,50.59,7.0,7.0,14.58,22.13,8.0,8.0,16.67,25.29,5.0,5.0,10.42,15.81,8.0,8.0,16.67,25.29,2.0,2.0,4.17,6.32,5.0,5.0,10.42,15.81,3.0,3.0,6.25,9.49,0.0,0.0,0.0,0.0,10.0,10.0,20.83,31.62,6.0,6.0,12.5,18.97,8.0,8.0,16.67,25.29,2.0,2.0,4.17,6.32,4.0,4.0,8.33,12.65,0.0,0.0,0.0,0.0,0.0,0.0,0.0,0.0,7.0,7.0,14.58,22.13,10.0,10.0,20.83,31.62,39.58,45.83,-6.25,101.18,-3.0,-3.0,-6.25,11.39,11.39,0.5,0.52,0.62,0.25,0.6,0.1,0.57,0.0,0.62,0.42,0.0,0.0,0.15,20.83,0.31
29,林書緯,新北國王,2,21|29,李愷諺/林書緯,1,90,104.0,1388.39,23.14,23:08,1388.39,23.14,23:08,36.0,36.0,34.62,56.01,48.0,48.0,46.15,74.68,34.0,34.0,32.69,52.9,11.0,11.0,10.58,17.11,14.0,14.0,13.46,21.78,7.0,7.0,6.73,10.89,20.0,20.0,19.23,31.12,4.0,4.0,3.85,6.22,12.0,12.0,11.54,18.67,10.0,10.0,9.62,15.56,2.0,2.0,1.92,3.11,22.0,22.0,21.15,34.23,9.0,9.0,8.65,14.0,16.0,16.0,15.38,24.89,6.0,6.0,5.77,9.33,8.0,8.0,7.69,12.45,0.0,0.0,0.0,0.0,0.0,0.0,0.0,0.0,13.0,13.0,12.5,20.22,17.0,17.0,16.35,26.45,34.62,46.15,-11.54,107.87,-12.0,-12.0,-11.54,23.14,23.14,0.38,0.46,0.5,0.2,0.83,0.13,0.73,0.11,0.71,0.49,0.0,0.0,0.12,16.35,0.35
29,林書緯,新北國王,2,24|29,蘇士軒/林書緯,1,76,88.0,1208.82,20.15,20:09,1208.82,20.15,20:09,35.0,35.0,39.77,62.54,38.0,38.0,43.18,67.9,29.0,29.0,32.95,51.82,12.0,12.0,13.64,21.44,14.0,14.0,15.91,25.02,9.0,9.0,10.23,16.08,15.0,15.0,17.05,26.8,3.0,3.0,3.41,5.36,10.0,10.0,11.36,17.87,8.0,8.0,9.09,14.29,0.0,0.0,0.0,0.0,18.0,18.0,20.45,32.16,8.0,8.0,9.09,14.29,17.0,17.0,19.32,30.38,5.0,5.0,5.68,8.93,8.0,8.0,9.09,14.29,2.0,2.0,2.27,3.57,1.0,1.0,1.14,1.79,11.0,11.0,12.5,19.66,11.0,11.0,12.5,19.66,39.77,43.18,-3.41,104.83,-3.0,-3.0,-3.41,20.15,20.15,0.47,0.52,0.64,0.2,0.8,0.13,0.67,0.0,0.69,0.42,2.27,1.14,0.12,12.5,0.34
29,林書緯,新北國王,2,29|32,林書緯/奧帝,1,117,137.0,1794.88,29.91,29:55,1794.88,29.91,29:55,64.0,64.0,46.72,77.02,58.0,58.0,42.34,69.8,46.0,46.0,33.58,55.36,20.0,20.0,14.6,24.07,20.0,20.0,14.6,24.07,11.0,11.0,8.03,13.24,26.0,26.0,18.98,31.29,9.0,9.0,6.57,10.83,19.0,19.0,13.87,22.87,15.0,15.0,10.95,18.05,5.0,5.0,3.65,6.02,22.0,22.0,16.06,26.48,11.0,11.0,8.03,13.24,27.0,27.0,19.71,32.49,9.0,9.0,6.57,10.83,16.0,16.0,11.68,19.25,3.0,3.0,2.19,3.61,1.0,1.0,0.73,1.2,17.0,17.0,12.41,20.46,17.0,17.0,12.41,20.46,46.72,42.34,4.38,109.91,6.0,6.0,4.38,29.91,29.91,0.53,0.59,0.55,0.35,0.79,0.14,0.8,0.16,0.67,0.42,2.19,0.73,0.12,12.41,0.41
29,林書緯,新北國王,2,29|13029,林書緯/杰倫,1,117,135.0,1864.89,31.08,31:05,1864.89,31.08,31:05,45.0,45.0,33.33,52.12,58.0,58.0,42.96,67.18,47.0,47.0,34.81,54.44,16.0,16.0,11.85,18.53,22.0,22.0,16.3,25.48,12.0,12.0,8.89,13.9,25.0,25.0,18.52,28.96,4.0,4.0,2.96,4.63,13.0,13.0,9.63,15.06,11.0,11.0,8.15,12.74,3.0,3.0,2.22,3.47,29.0,29.0,21.48,33.59,10.0,10.0,7.41,11.58,25.0,25.0,18.52,28.96,8.0,8.0,5.93,9.27,11.0,11.0,8.15,12.74,2.0,2.0,1.48,2.32,1.0,1.0,0.74,1.16,15.0,15.0,11.11,17.37,17.0,17.0,12.59,19.69,33.33,42.96,-9.63,104.24,-13.0,-13.0,-9.63,31.08,31.08,0.38,0.43,0.55,0.16,0.85,0.13,0.69,0.11,0.74,0.48,1.48,0.74,0.11,12.59,0.28
29,林書緯,新北國王,3,21|24|29,李愷諺/蘇士軒/林書緯,1,48,57.0,823.17,13.72,13:43,823.17,13.72,13:43,19.0,19.0,33.33,49.86,28.0,28.0,49.12,73.47,20.0,20.0,35.09,52.48,7.0,7.0,12.28,18.37,8.0,8.0,14.04,20.99,5.0,5.0,8.77,13.12,12.0,12.0,21.05,31.49,2.0,2.0,3.51,5.25,5.0,5.0,8.77,13.12,3.0,3.0,5.26,7.87,0.0,0.0,0.0,0.0,14.0,14.0,24.56,36.74,7.0,7.0,12.28,18.37,8.0,8.0,14.04,20.99,2.0,2.0,3.51,5.25,4.0,4.0,7.02,10.5,0.0,0.0,0.0,0.0,0.0,0.0,0.0,0.0,8.0,8.0,14.04,20.99,10.0,10.0,17.54,26.24,33.33,49.12,-15.79,99.71,-9.0,-9.0,-15.79,13.72,13.72,0.4,0.43,0.62,0.17,0.6,0.08,0.57,0.0,0.67,0.48,0.0,0.0,0.14,17.54,0.25
29,林書緯,新北國王,3,21|29|32,李愷諺/林書緯/奧帝,1,62,73.0,1000.88,16.68,16:41,1000.88,16.68,16:41,30.0,30.0,41.1,64.74,34.0,34.0,46.58,73.38,23.0,23.0,31.51,49.64,9.0,9.0,12.33,19.42,10.0,10.0,13.7,21.58,6.0,6.0,8.22,12.95,13.0,13.0,17.81,28.06,3.0,3.0,4.11,6.47,11.0,11.0,15.07,23.74,9.0,9.0,12.33,19.42,2.0,2.0,2.74,4.32,13.0,13.0,17.81,28.06,7.0,7.0,9.59,15.11,12.0,12.0,16.44,25.9,5.0,5.0,6.85,10.79,6.0,6.0,8.22,12.95,0.0,0.0,0.0,0.0,0.0,0.0,0.0,0.0,10.0,10.0,13.7,21.58,13.0,13.0,17.81,28.06,41.1,46.58,-5.48,105.03,-4.0,-4.0,-5.48,16.68,16.68,0.46,0.54,0.6,0.23,0.82,0.15,0.67,0.14,0.65,0.44,0.0,0.0,0.14,17.81,0.48
29,林書緯,新北國王,3,21|29|13029,李愷諺/林書緯/杰倫,1,77,90.0,1204.41,20.07,20:04,1204.41,20.07,20:04,27.0,27.0,30.0,48.42,41.0,41.0,45.56,73.53,31.0,31.0,34.44,55.6,9.0,9.0,10.0,16.14,13.0,13.0,14.44,23.31,6.0,6.0,6.67,10.76,18.0,18.0,20.0,32.28,3.0,3.0,3.33,5.38,8.0,8.0,8.89,14.35,6.0,6.0,6.67,10.76,2.0,2.0,2.22,3.59,21.0,21.0,23.33,37.66,8.0,8.0,8.89,14.35,14.0,14.0,15.56,25.11,4.0,4.0,4.44,7.17,6.0,6.0,6.67,10.76,0.0,0.0,0.0,0.0,0.0,0.0,0.0,0.0,11.0,11.0,12.22,19.73,15.0,15.0,16.67,26.9,30.0,45.56,-15.56,107.6,-14.0,-14.0,-15.56,20.07,20.07,0.34,0.39,0.46,0.17,0.75,0.1,0.67,0.12,0.72,0.51,0.0,0.0,0.12,16.67,0.26
29,林書緯,新北國王,3,24|29|32,蘇士軒/林書緯/奧帝,1,56,66.0,863.54,14.39,14:24,863.54,14.39,14:24,27.0,27.0,40.91,67.54,27.0,27.0,40.91,67.54,22.0,22.0,33.33,55.03,10.0,10.0,15.15,25.01,13.0,13.0,19.7,32.52,8.0,8.0,12.12,20.01,9.0,9.0,13.64,22.51,2.0,2.0,3.03,5.0,7.0,7.0,10.61,17.51,5.0,5.0,7.58,12.51,0.0,0.0,0.0,0.0,13.0,13.0,19.7,32.52,7.0,7.0,10.61,17.51,13.0,13.0,19.7,32.52,3.0,3.0,4.55,7.5,6.0,6.0,9.09,15.01,0.0,0.0,0.0,0.0,1.0,1.0,1.52,2.5,10.0,10.0,15.15,25.01,10.0,10.0,15.15,25.01,40.91,40.91,0.0,110.06,0.0,0.0,0.0,14.39,14.39,0.5,0.54,0.62,0.22,0.71,0.11,0.6,0.0,0.65,0.39,0.0,1.52,0.15,15.15,0.32
29,林書緯,新北國王,3,24|29|13029,蘇士軒/林書緯/杰倫,1,76,88.0,1208.82,20.15,20:09,1208.82,20.15,20:09,35.0,35.0,39.77,62.54,38.0,38.0,43.18,67.9,29.0,29.0,32.95,51.82,12.0,12.0,13.64,21.44,14.0,14.0,15.91,25.02,9.0,9.0,10.23,16.08,15.0,15.0,17.05,26.8,3.0,3.0,3.41,5.36,10.0,10.0,11.36,17.87,8.0,8.0,9.09,14.29,0.0,0.0,0.0,0.0,18.0,18.0,20.45,32.16,8.0,8.0,9.09,14.29,17.0,17.0,19.32,30.38,5.0,5.0,5.68,8.93,8.0,8.0,9.09,14.29,2.0,2.0,2.27,3.57,1.0,1.0,1.14,1.79,11.0,11.0,12.5,19.66,11.0,11.0,12.5,19.66,39.77,43.18,-3.41,104.83,-3.0,-3.0,-3.41,20.15,20.15,0.47,0.52,0.64,0.2,0.8,0.13,0.67,0.0,0.69,0.42,2.27,1.14,0.12,12.5,0.34
29,林書緯,新北國王,3,29|32|13029,林書緯/奧帝/杰倫,1,67,79.0,1070.28,17.84,17:50,1070.28,17.84,17:50,29.0,29.0,36.71,58.53,34.0,34.0,43.04,68.62,28.0,28.0,35.44,56.51,11.0,11.0,13.92,22.2,15.0,15.0,18.99,30.27,9.0,9.0,11.39,18.16,13.0,13.0,16.46,26.24,2.0,2.0,2.53,4.04,9.0,9.0,11.39,18.16,7.0,7.0,8.86,14.13,2.0,2.0,2.53,4.04,16.0,16.0,20.25,32.29,7.0,7.0,8.86,14.13,15.0,15.0,18.99,30.27,4.0,4.0,5.06,8.07,7.0,7.0,8.86,14.13,0.0,0.0,0.0,0.0,1.0,1.0,1.27,2.02,12.0,12.0,15.19,24.22,11.0,11.0,13.92,22.2,36.71,43.04,-6.33,106.29,-5.0,-5.0,-6.33,17.84,17.84,0.43,0.45,0.6,0.15,0.78,0.11,0.64,0.12,0.7,0.45,0.0,1.27,0.15,13.92,0.32
29,林書緯,新北國王,4,21|24|29|32,李愷諺/蘇士軒/林書緯/奧帝,1,40,48.0,683.15,11.39,11:23,683.15,11.39,11:23,19.0,19.0,39.58,60.07,22.0,22.0,45.83,69.56,16.0,16.0,33.33,50.59,7.0,7.0,14.58,22.13,8.0,8.0,16.67,25.29,5.0,5.0,10.42,15.81,8.0,8.0,16.67,25.29,2.0,2.0,4.17,6.32,5.0,5.0,10.42,15.81,3.0,3.0,6.25,9.49,0.0,0.0,0.0,0.0,10.0,10.0,20.83,31.62,6.0,6.0,12.5,18.97,8.0,8.0,16.67,25.29,2.0,2.0,4.17,6.32,4.0,4.0,8.33,12.65,0.0,0.0,0.0,0.0,0.0,0.0,0.0,0.0,7.0,7.0,14.58,22.13,10.0,10.0,20.83,31.62,39.58,45.83,-6.25,101.18,-3.0,-3.0,-6.25,11.39,11.39,0.5,0.52,0.62,0.25,0.6,0.1,0.57,0.0,0.62,0.42,0.0,0.0,0.15,20.83,0.31
29,林書緯,新北國王,4,21|24|29|13029,李愷諺/蘇士軒/林書緯/杰倫,1,48,57.0,823.17,13.72,13:43,823.17,13.72,13:43,19.0,19.0,33.33,49.86,28.0,28.0,49.12,73.47,20.0,20.0,35.09,52.48,7.0,7.0,12.28,18.37,8.0,8.0,14.04,20.99,5.0,5.0,8.77,13.12,12.0,12.0,21.05,31.49,2.0,2.0,3.51,5.25,5.0,5.0,8.77,13.12,3.0,3.0,5.26,7.87,0.0,0.0,0.0,0.0,14.0,14.0,24.56,36.74,7.0,7.0,12.28,18.37,8.0,8.0,14.04,20.99,2.0,2.0,3.51,5.25,4.0,4.0,7.02,10.5,0.0,0.0,0.0,0.0,0.0,0.0,0.0,0.0,8.0,8.0,14.04,20.99,10.0,10.0,17.54,26.24,33.33,49.12,-15.79,99.71,-9.0,-9.0,-15.79,13.72,13.72,0.4,0.43,0.62,0.17,0.6,0.08,0.57,0.0,0.67,0.48,0.0,0.0,0.14,17.54,0.25
29,林書緯,新北國王,4,21|29|32|13029,李愷諺/林書緯/奧帝/杰倫,1,49,59.0,816.9,13.61,13:37,816.9,13.61,13:37,21.0,21.0,35.59,55.53,27.0,27.0,45.76,71.39,20.0,20.0,33.9,52.88,7.0,7.0,11.86,18.51,9.0,9.0,15.25,23.8,5.0,5.0,8.47,13.22,11.0,11.0,18.64,29.09,2.0,2.0,3.39,5.29,7.0,7.0,11.86,18.51,5.0,5.0,8.47,13.22,2.0,2.0,3.39,5.29,12.0,12.0,20.34,31.73,6.0,6.0,10.17,15.86,10.0,10.0,16.95,26.44,3.0,3.0,5.08,7.93,4.0,4.0,6.78,10.58,0.0,0.0,0.0,0.0,0.0,0.0,0.0,0.0,8.0,8.0,13.56,21.15,11.0,11.0,18.64,29.09,35.59,45.76,-10.17,104.0,-6.0,-6.0,-10.17,13.61,13.61,0.4,0.45,0.56,0.18,0.71,0.12,0.57,0.17,0.67,0.47,0.0,0.0,0.14,18.64,0.35
29,林書緯,新北國王,4,24|29|32|13029,蘇士軒/林書緯/奧帝/杰倫,1,56,66.0,863.54,14.39,14:24,863.54,14.39,14:24,27.0,27.0,40.91,67.54,27.0,27.0,40.91,67.54,22.0,22.0,33.33,55.03,10.0,10.0,15.15,25.01,13.0,13.0,19.7,32.52,8.0,8.0,12.12,20.01,9.0,9.0,13.64,22.51,2.0,2.0,3.03,5.0,7.0,7.0,10.61,17.51,5.0,5.0,7.58,12.51,0.0,0.0,0.0,0.0,13.0,13.0,19.7,32.52,7.0,7.0,10.61,17.51,13.0,13.0,19.7,32.52,3.0,3.0,4.55,7.5,6.0,6.0,9.09,15.01,0.0,0.0,0.0,0.0,1.0,1.0,1.52,2.5,10.0,10.0,15.15,25.01,10.0,10.0,15.15,25.01,40.91,40.91,0.0,110.06,0.0,0.0,0.0,14.39,14.39,0.5,0.54,0.62,0.22,0.71,0.11,0.6,0.0,0.65,0.39,0.0,1.52,0.15,15.15,0.32
29,林書緯,新北國王,5,21|24|29|32|13029,李愷諺/蘇士軒/林書緯/奧帝/杰倫,1,40,48.0,683.15,11.39,11:23,683.15,11.39,11:23,19.0,19.0,39.58,60.07,22.0,22.0,45.83,69.56,16.0,16.0,33.33,50.59,7.0,7.0,14.58,22.13,8.0,8.0,16.67,25.29,5.0,5.0,10.42,15.81,8.0,8.0,16.67,25.29,2.0,2.0,4.17,6.32,5.0,5.0,10.42,15.81,3.0,3.0,6.25,9.49,0.0,0.0,0.0,0.0,10.0,10.0,20.83,31.62,6.0,6.0,12.5,18.97,8.0,8.0,16.67,25.29,2.0,2.0,4.17,6.32,4.0,4.0,8.33,12.65,0.0,0.0,0.0,0.0,0.0,0.0,0.0,0.0,7.0,7.0,14.58,22.13,10.0,10.0,20.83,31.62,39.58,45.83,-6.25,101.18,-3.0,-3.0,-6.25,11.39,11.39,0.5,0.52,0.62,0.25,0.6,0.1,0.57,0.0,0.62,0.42,0.0,0.0,0.15,20.83,0.31
32,奧帝,新北國王,2,21|32,李愷諺/奧帝,1,72,84.0,1167.74,19.46,19:28,1167.74,19.46,19:28,41.0,41.0,48.81,75.84,38.0,38.0,45.24,70.29,28.0,28.0,33.33,51.79,13.0,13.0,15.48,24.05,13.0,13.0,15.48,24.05,8.0,8.0,9.52,14.8,15.0,15.0,17.86,27.75,5.0,5.0,5.95,9.25,13.0,13.0,15.48,24.05,10.0,10.0,11.9,18.5,3.0,3.0,3.57,5.55,13.0,13.0,15.48,24.05,7.0,7.0,8.33,12.95,14.0,14.0,16.67,25.9,5.0,5.0,5.95,9.25,10.0,10.0,11.9,18.5,0.0,0.0,0.0,0.0,0.0,0.0,0.0,0.0,11.0,11.0,13.1,20.35,13.0,13.0,15.48,24.05,48.81,45.24,3.57,103.58,3.0,3.0,3.57,19.46,19.46,0.55,0.61,0.62,0.33,0.77,0.13,0.77,0.18,0.65,0.43,0.0,0.0,0.13,15.48,0.46
32,奧帝,新北國王,2,24|32,蘇士軒/奧帝,1,62,72.0,976.42,16.27,16:16,976.42,16.27,16:16,30.0,30.0,41.67,66.37,28.0,28.0,38.89,61.94,24.0,24.0,33.33,53.09,11.0,11.0,15.28,24.33,15.0,15.0,20.83,33.18,9.0,9.0,12.5,19.91,9.0,9.0,12.5,19.91,2.0,2.0,2.78,4.42,10.0,10.0,13.89,22.12,6.0,6.0,8.33,13.27,0.0,0.0,0.0,0.0,15.0,15.0,20.83,33.18,7.0,7.0,9.72,15.49,13.0,13.0,18.06,28.76,3.0,3.0,4.17,6.64,7.0,7.0,9.72,15.49,0.0,0.0,0.0,0.0,1.0,1.0,1.39,2.21,13.0,13.0,18.06,28.76,12.0,12.0,16.67,26.55,41.67,38.89,2.78,106.18,2.0,2.0,2.78,16.27,16.27,0.5,0.53,0.6,0.22,0.6,0.1,0.64,0.0,0.68,0.43,0.0,1.39,0.18,16.67,0.42
32,奧帝,新北國王,2,29|32,林書緯/奧帝,1,117,137.0,1794.88,29.91,29:55,1794.88,29.91,29:55,64.0,64.0,46.72,77.02,58.0,58.0,42.34,69.8,46.0,46.0,33.58,55.36,20.0,20.0,14.6,24.07,20.0,20.0,14.6,24.07,11.0,11.0,8.03,13.24,26.0,26.0,18.98,31.29,9.0,9.0,6.57,10.83,19.0,19.0,13.87,22.87,15.0,15.0,10.95,18.05,5.0,5.0,3.65,6.02,22.0,22.0,16.06,26.48,11.0,11.0,8.03,13.24,27.0,27.0,19.71,32.49,9.0,9.0,6.57,10.83,16.0,16.0,11.68,19.25,3.0,3.0,2.19,3.61,1.0,1.0,0.73,1.2,17.0,17.0,12.41,20.46,17.0,17.0,12.41,20.46,46.72,42.34,4.38,109.91,6.0,6.0,4.38,29.91,29.91,0.53,0.59,0.55,0.35,0.79,0.14,0.8,0.16,0.67,0.42,2.19,0.73,0.12,12.41,0.41
32,奧帝,新北國王,2,32|13029,奧帝/杰倫,1,73,85.0,1183.17,19.72,19:43,1183.17,19.72,19:43,32.0,32.0,37.65,58.42,35.0,35.0,41.18,63.9,30.0,30.0,35.29,54.77,12.0,12.0,14.12,21.91,17.0,17.0,20.0,31.04,10.0,10.0,11.76,18.26,13.0,13.0,15.29,23.73,2.0,2.0,2.35,3.65,12.0,12.0,14.12,21.91,8.0,8.0,9.41,14.6,2.0,2.0,2.35,3.65,18.0,18.0,21.18,32.86,7.0,7.0,8.24,12.78,15.0,15.0,17.65,27.38,4.0,4.0,4.71,7.3,8.0,8.0,9.41,14.6,0.0,0.0,0.0,0.0,1.0,1.0,1.18,1.83,15.0,15.0,17.65,27.38,13.0,13.0,15.29,23.73,37.65,41.18,-3.53,103.45,-3.0,-3.0,-3.53,19.72,19.72,0.43,0.45,0.59,0.15,0.67,0.1,0.67,0.12,0.72,0.48,0.0,1.18,0.18,15.29,0.4
32,奧帝,新北國王,3,21|24|32,李愷諺/蘇士軒/奧帝,1,40,48.0,683.15,11.39,11:23,683.15,11.39,11:23,19.0,19.0,39.58,60.07,22.0,22.0,45.83,69.56,16.0,16.0,33.33,50.59,7.0,7.0,14.58,22.13,8.0,8.0,16.67,25.29,5.0,5.0,10.42,15.81,8.0,8.0,16.67,25.29,2.0,2.0,4.17,6.32,5.0,5.0,10.42,15.81,3.0,3.0,6.25,9.49,0.0,0.0,0.0,0.0,10.0,10.0,20.83,31.62,6.0,6.0,12.5,18.97,8.0,8.0,16.67,25.29,2.0,2.0,4.17,6.32,4.0,4.0,8.33,12.65,0.0,0.0,0.0,0.0,0.0,0.0,0.0,0.0,7.0,7.0,14.58,22.13,10.0,10.0,20.83,31.62,39.58,45.83,-6.25,101.18,-3.0,-3.0,-6.25,11.39,11.39,0.5,0.52,0.62,0.25,0.6,0.1,0.57,0.0,0.62,0.42,0.0,0.0,0.15,20.83,0.31
32,奧帝,新北國王,3,21|29|32,李愷諺/林書緯/奧帝,1,62,73.0,1000.88,16.68,16:41,1000.88,16.68,16:41,30.0,30.0,41.1,64.74,34.0,34.0,46.58,73.38,23.0,23.0,31.51,49.64,9.0,9.0,12.33,19.42,10.0,10.0,13.7,21.58,6.0,6.0,8.22,12.95,13.0,13.0,17.81,28.06,3.0,3.0,4.11,6.47,11.0,11.0,15.07,23.74,9.0,9.0,12.33,19.42,2.0,2.0,2.74,4.32,13.0,13.0,17.81,28.06,7.0,7.0,9.59,15.11,12.0,12.0,16.44,25.9,5.0,5.0,6.85,10.79,6.0,6.0,8.22,12.95,0.0,0.0,0.0,0.0,0.0,0.0,0.0,0.0,10.0,10.0,13.7,21.58,13.0,13.0,17.81,28.06,41.1,46.58,-5.48,105.03,-4.0,-4.0,-5.48,16.68,16.68,0.46,0.54,0.6,0.23,0.82,0.15,0.67,0.14,0.65,0.44,0.0,0.0,0.14,17.81,0.48
32,奧帝,新北國王,3,21|32|13029,李愷諺/奧帝/杰倫,1,49,59.0,816.9,13.61,13:37,816.9,13.61,13:37,21.0,21.0,35.59,55.53,27.0,27.0,45.76,71.39,20.0,20.0,33.9,52.88,7.0,7.0,11.86,18.51,9.0,9.0,15.25,23.8,5.0,5.0,8.47,13.22,11.0,11.0,18.64,29.09,2.0,2.0,3.39,5.29,7.0,7.0,11.86,18.51,5.0,5.0,8.47,13.22,2.0,2.0,3.39,5.29,12.0,12.0,20.34,31.73,6.0,6.0,10.17,15.86,10.0,10.0,16.95,26.44,3.0,3.0,5.08,7.93,4.0,4.0,6.78,10.58,0.0,0.0,0.0,0.0,0.0,0.0,0.0,0.0,8.0,8.0,13.56,21.15,11.0,11.0,18.64,29.09,35.59,45.76,-10.17,104.0,-6.0,-6.0,-10.17,13.61,13.61,0.4,0.45,0.56,0.18,0.71,0.12,0.57,0.17,0.67,0.47,0.0,0.0,0.14,18.64,0.35
32,奧帝,新北國王,3,24|29|32,蘇士軒/林書緯/奧帝,1,56,66.0,863.54,14.39,14:24,863.54,14.39,14:24,27.0,27.0,40.91,67.54,27.0,27.0,40.91,67.54,22.0,22.0,33.33,55.03,10.0,10.0,15.15,25.01,13.0,13.0,19.7,32.52,8.0,8.0,12.12,20.01,9.0,9.0,13.64,22.51,2.0,2.0,3.03,5.0,7.0,7.0,10.61,17.51,5.0,5.0,7.58,12.51,0.0,0.0,0.0,0.0,13.0,13.0,19.7,32.52,7.0,7.0,10.61,17.51,13.0,13.0,19.7,32.52,3.0,3.0,4.55,7.5,6.0,6.0,9.09,15.01,0.0,0.0,0.0,0.0,1.0,1.0,1.52,2.5,10.0,10.0,15.15,25.01,10.0,10.0,15.15,25.01,40.91,40.91,0.0,110.06,0.0,0.0,0.0,14.39,14.39,0.5,0.54,0.62,0.22,0.71,0.11,0.6,0.0,0.65,0.39,0.0,1.52,0.15,15.15,0.32
32,奧帝,新北國王,3,24|32|13029,蘇士軒/奧帝/杰倫,1,62,72.0,976.42,16.27,16:16,976.42,16.27,16:16,30.0,30.0,41.67,66.37,28.0,28.0,38.89,61.94,24.0,24.0,33.33,53.09,11.0,11.0,15.28,24.33,15.0,15.0,20.83,33.18,9.0,9.0,12.5,19.91,9.0,9.0,12.5,19.91,2.0,2.0,2.78,4.42,10.0,10.0,13.89,22.12,6.0,6.0,8.33,13.27,0.0,0.0,0.0,0.0,15.0,15.0,20.83,33.18,7.0,7.0,9.72,15.49,13.0,13.0,18.06,28.76,3.0,3.0,4.17,6.64,7.0,7.0,9.72,15.49,0.0,0.0,0.0,0.0,1.0,1.0,1.39,2.21,13.0,13.0,18.06,28.76,12.0,12.0,16.67,26.55,41.67,38.89,2.78,106.18,2.0,2.0,2.78,16.27,16.27,0.5,0.53,0.6,0.22,0.6,0.1,0.64,0.0,0.68,0.43,0.0,1.39,0.18,16.67,0.42
32,奧帝,新北國王,3,29|32|13029,林書緯/奧帝/杰倫,1,67,79.0,1070.28,17.84,17:50,1070.28,17.84,17:50,29.0,29.0,36.71,58.53,34.0,34.0,43.04,68.62,28.0,28.0,35.44,56.51,11.0,11.0,13.92,22.2,15.0,15.0,18.99,30.27,9.0,9.0,11.39,18.16,13.0,13.0,16.46,26.24,2.0,2.0,2.53,4.04,9.0,9.0,11.39,18.16,7.0,7.0,8.86,14.13,2.0,2.0,2.53,4.04,16.0,16.0,20.25,32.29,7.0,7.0,8.86,14.13,15.0,15.0,18.99,30.27,4.0,4.0,5.06,8.07,7.0,7.0,8.86,14.13,0.0,0.0,0.0,0.0,1.0,1.0,1.27,2.02,12.0,12.0,15.19,24.22,11.0,11.0,13.92,22.2,36.71,43.04,-6.33,106.29,-5.0,-5.0,-6.33,17.84,17.84,0.43,0.45,0.6,0.15,0.78,0.11,0.64,0.12,0.7,0.45,0.0,1.27,0.15,13.92,0.32
32,奧帝,新北國王,4,21|24|29|32,李愷諺/蘇士軒/林書緯/奧帝,1,40,48.0,683.15,11.39,11:23,683.15,11.39,11:23,19.0,19.0,39.58,60.07,22.0,22.0,45.83,69.56,16.0,16.0,33.33,50.59,7.0,7.0,14.58,22.13,8.0,8.0,16.67,25.29,5.0,5.0,10.42,15.81,8.0,8.0,16.67,25.29,2.0,2.0,4.17,6.32,5.0,5.0,10.42,15.81,3.0,3.0,6.25,9.49,0.0,0.0,0.0,0.0,10.0,10.0,20.83,31.62,6.0,6.0,12.5,18.97,8.0,8.0,16.67,25.29,2.0,2.0,4.17,6.32,4.0,4.0,8.33,12.65,0.0,0.0,0.0,0.0,0.0,0.0,0.0,0.0,7.0,7.0,14.58,22.13,10.0,10.0,20.83,31.62,39.58,45.83,-6.25,101.18,-3.0,-3.0,-6.25,11.39,11.39,0.5,0.52,0.62,0.25,0.6,0.1,0.57,0.0,0.62,0.42,0.0,0.0,0.15,20.83,0.31
32,奧帝,新北國王,4,21|24|32|13029,李愷諺/蘇士軒/奧帝/杰倫,1,40,48.0,683.15,11.39,11:23,683.15,11.39,11:23,19.0,19.0,39.58,60.07,22.0,22.0,45.83,69.56,16.0,16.0,33.33,50.59,7.0,7.0,14.58,22.13,8.0,8.0,16.67,25.29,5.0,5.0,10.42,15.81,8.0,8.0,16.67,25.29,2.0,2.0,4.17,6.32,5.0,5.0,10.42,15.81,3.0,3.0,6.25,9.49,0.0,0.0,0.0,0.0,10.0,10.0,20.83,31.62,6.0,6.0,12.5,18.97,8.0,8.0,16.67,25.29,2.0,2.0,4.17,6.32,4.0,4.0,8.33,12.65,0.0,0.0,0.0,0.0,0.0,0.0,0.0,0.0,7.0,7.0,14.58,22.13,10.0,10.0,20.83,31.62,39.58,45.83,-6.25,101.18,-3.0,-3.0,-6.25,11.39,11.39,0.5,0.52,0.62,0.25,0.6,0.1,0.57,0.0,0.62,0.42,0.0,0.0,0.15,20.83,0.31
32,奧帝,新北國王,4,21|29|32|13029,李愷諺/林書緯/奧帝/杰倫,1,49,59.0,816.9,13.61,13:37,816.9,13.61,13:37,21.0,21.0,35.59,55.53,27.0,27.0,45.76,71.39,20.0,20.0,33.9,52.88,7.0,7.0,11.86,18.51,9.0,9.0,15.25,23.8,5.0,5.0,8.47,13.22,11.0,11.0,18.64,29.09,2.0,2.0,3.39,5.29,7.0,7.0,11.86,18.51,5.0,5.0,8.47,13.22,2.0,2.0,3.39,5.29,12.0,12.0,20.34,31.73,6.0,6.0,10.17,15.86,10.0,10.0,16.95,26.44,3.0,3.0,5.08,7.93,4.0,4.0,6.78,10.58,0.0,0.0,0.0,0.0,0.0,0.0,0.0,0.0,8.0,8.0,13.56,21.15,11.0,11.0,18.64,29.09,35.59,45.76,-10.17,104.0,-6.0,-6.0,-10.17,13.61,13.61,0.4,0.45,0.56,0.18,0.71,0.12,0.57,0.17,0.67,0.47,0.0,0.0,0.14,18.64,0.35
32,奧帝,新北國王,4,24|29|32|13029,蘇士軒/林書緯/奧帝/杰倫,1,56,66.0,863.54,14.39,14:24,863.54,14.39,14:24,27.0,27.0,40.91,67.54,27.0,27.0,40.91,67.54,22.0,22.0,33.33,55.03,10.0,10.0,15.15,25.01,13.0,13.0,19.7,32.52,8.0,8.0,12.12,20.01,9.0,9.0,13.64,22.51,2.0,2.0,3.03,5.0,7.0,7.0,10.61,17.51,5.0,5.0,7.58,12.51,0.0,0.0,0.0,0.0,13.0,13.0,19.7,32.52,7.0,7.0,10.61,17.51,13.0,13.0,19.7,32.52,3.0,3.0,4.55,7.5,6.0,6.0,9.09,15.01,0.0,0.0,0.0,0.0,1.0,1.0,1.52,2.5,10.0,10.0,15.15,25.01,10.0,10.0,15.15,25.01,40.91,40.91,0.0,110.06,0.0,0.0,0.0,14.39,14.39,0.5,0.54,0.62,0.22,0.71,0.11,0.6,0.0,0.65,0.39,0.0,1.52,0.15,15.15,0.32
32,奧帝,新北國王,5,21|24|29|32|13029,李愷諺/蘇士軒/林書緯/奧帝/杰倫,1,40,48.0,683.15,11.39,11:23,683.15,11.39,11:23,19.0,19.0,39.58,60.07,22.0,22.0,45.83,69.56,16.0,16.0,33.33,50.59,7.0,7.0,14.58,22.13,8.0,8.0,16.67,25.29,5.0,5.0,10.42,15.81,8.0,8.0,16.67,25.29,2.0,2.0,4.17,6.32,5.0,5.0,10.42,15.81,3.0,3.0,6.25,9.49,0.0,0.0,0.0,0.0,10.0,10.0,20.83,31.62,6.0,6.0,12.5,18.97,8.0,8.0,16.67,25.29,2.0,2.0,4.17,6.32,4.0,4.0,8.33,12.65,0.0,0.0,0.0,0.0,0.0,0.0,0.0,0.0,7.0,7.0,14.58,22.13,10.0,10.0,20.83,31.62,39.58,45.83,-6.25,101.18,-3.0,-3.0,-6.25,11.39,11.39,0.5,0.52,0.62,0.25,0.6,0.1,0.57,0.0,0.62,0.42,0.0,0.0,0.15,20.83,0.31
13029,杰倫,新北國王,2,21|13029,李愷諺/杰倫,1,80,95.0,1256.41,20.94,20:56,1256.41,20.94,20:56,29.0,29.0,30.53,49.86,44.0,44.0,46.32,75.64,34.0,34.0,35.79,58.45,10.0,10.0,10.53,17.19,15.0,15.0,15.79,25.79,7.0,7.0,7.37,12.03,19.0,19.0,20.0,32.66,3.0,3.0,3.16,5.16,8.0,8.0,8.42,13.75,6.0,6.0,6.32,10.32,4.0,4.0,4.21,6.88,21.0,21.0,22.11,36.1,8.0,8.0,8.42,13.75,14.0,14.0,14.74,24.07,4.0,4.0,4.21,6.88,6.0,6.0,6.32,10.32,0.0,0.0,0.0,0.0,0.0,0.0,0.0,0.0,13.0,13.0,13.68,22.35,15.0,15.0,15.79,25.79,30.53,46.32,-15.79,108.88,-15.0,-15.0,-15.79,20.94,20.94,0.34,0.39,0.47,0.16,0.75,0.1,0.6,0.22,0.72,0.53,0.0,0.0,0.14,15.79,0.24
13029,杰倫,新北國王,2,24|13029,蘇士軒/杰倫,1,82,94.0,1321.7,22.03,22:02,1321.7,22.03,22:02,38.0,38.0,40.43,62.1,39.0,39.0,41.49,63.74,31.0,31.0,32.98,50.66,13.0,13.0,13.83,21.25,16.0,16.0,17.02,26.15,10.0,10.0,10.64,16.34,15.0,15.0,15.96,24.51,3.0,3.0,3.19,4.9,13.0,13.0,13.83,21.25,9.0,9.0,9.57,14.71,0.0,0.0,0.0,0.0,20.0,20.0,21.28,32.69,8.0,8.0,8.51,13.07,17.0,17.0,18.09,27.78,5.0,5.0,5.32,8.17,9.0,9.0,9.57,14.71,2.0,2.0,2.13,3.27,1.0,1.0,1.06,1.63,14.0,14.0,14.89,22.88,13.0,13.0,13.83,21.25,40.43,41.49,-1.06,102.41,-1.0,-1.0,-1.06,22.03,22.03,0.47,0.52,0.62,0.2,0.69,0.12,0.69,0.0,0.71,0.44,2.13,1.06,0.15,13.83,0.42
13029,杰倫,新北國王,2,29|13029,林書緯/杰倫,1,117,135.0,1864.89,31.08,31:05,1864.89,31.08,31:05,45.0,45.0,33.33,52.12,58.0,58.0,42.96,67.18,47.0,47.0,34.81,54.44,16.0,16.0,11.85,18.53,22.0,22.0,16.3,25.48,12.0,12.0,8.89,13.9,25.0,25.0,18.52,28.96,4.0,4.0,2.96,4.63,13.0,13.0,9.63,15.06,11.0,11.0,8.15,12.74,3.0,3.0,2.22,3.47,29.0,29.0,21.48,33.59,10.0,10.0,7.41,11.58,25.0,25.0,18.52,28.96,8.0,8.0,5.93,9.27,11.0,11.0,8.15,12.74,2.0,2.0,1.48,2.32,1.0,1.0,0.74,1.16,15.0,15.0,11.11,17.37,17.0,17.0,12.59,19.69,33.33,42.96,-9.63,104.24,-13.0,-13.0,-9.63,31.08,31.08,0.38,0.43,0.55,0.16,0.85,0.13,0.69,0.11,0.74,0.48,1.48,0.74,0.11,12.59,0.28
13029,杰倫,新北國王,2,32|13029,奧帝/杰倫,1,73,85.0,1183.17,19.72,19:43,1183.17,19.72,19:43,32.0,32.0,37.65,58.42,35.0,35.0,41.18,63.9,30.0,30.0,35.29,54.77,12.0,12.0,14.12,21.91,17.0,17.0,20.0,31.04,10.0,10.0,11.76,18.26,13.0,13.0,15.29,23.73,2.0,2.0,2.35,3.65,12.0,12.0,14.12,21.91,8.0,8.0,9.41,14.6,2.0,2.0,2.35,3.65,18.0,18.0,21.18,32.86,7.0,7.0,8.24,12.78,15.0,15.0,17.65,27.38,4.0,4.0,4.71,7.3,8.0,8.0,9.41,14.6,0.0,0.0,0.0,0.0,1.0,1.0,1.18,1.83,15.0,15.0,17.65,27.38,13.0,13.0,15.29,23.73,37.65,41.18,-3.53,103.45,-3.0,-3.0,-3.53,19.72,19.72,0.43,0.45,0.59,0.15,0.67,0.1,0.67,0.12,0.72,0.48,0.0,1.18,0.18,15.29,0.4
13029,杰倫,新北國王,3,21|24|13029,李愷諺/蘇士軒/杰倫,1,48,57.0,823.17,13.72,13:43,823.17,13.72,13:43,19.0,19.0,33.33,49.86,28.0,28.0,49.12,73.47,20.0,20.0,35.09,52.48,7.0,7.0,12.28,18.37,8.0,8.0,14.04,20.99,5.0,5.0,8.77,13.12,12.0,12.0,21.05,31.49,2.0,2.0,3.51,5.25,5.0,5.0,8.77,13.12,3.0,3.0,5.26,7.87,0.0,0.0,0.0,0.0,14.0,14.0,24.56,36.74,7.0,7.0,12.28,18.37,8.0,8.0,14.04,20.99,2.0,2.0,3.51,5.25,4.0,4.0,7.02,10.5,0.0,0.0,0.0,0.0,0.0,0.0,0.0,0.0,8.0,8.0,14.04,20.99,10.0,10.0,17.54,26.24,33.33,49.12,-15.79,99.71,-9.0,-9.0,-15.79,13.72,13.72,0.4,0.43,0.62,0.17,0.6,0.08,0.57,0.0,0.67,0.48,0.0,0.0,0.14,17.54,0.25
13029,杰倫,新北國王,3,21|29|13029,李愷諺/林書緯/杰倫,1,77,90.0,1204.41,20.07,20:04,1204.41,20.07,20:04,27.0,27.0,30.0,48.42,41.0,41.0,45.56,73.53,31.0,31.0,34.44,55.6,9.0,9.0,10.0,16.14,13.0,13.0,14.44,23.31,6.0,6.0,6.67,10.76,18.0,18.0,20.0,32.28,3.0,3.0,3.33,5.38,8.0,8.0,8.89,14.35,6.0,6.0,6.67,10.76,2.0,2.0,2.22,3.59,21.0,21.0,23.33,37.66,8.0,8.0,8.89,14.35,14.0,14.0,15.56,25.11,4.0,4.0,4.44,7.17,6.0,6.0,6.67,10.76,0.0,0.0,0.0,0.0,0.0,0.0,0.0,0.0,11.0,11.0,12.22,19.73,15.0,15.0,16.67,26.9,30.0,45.56,-15.56,107.6,-14.0,-14.0,-15.56,20.07,20.07,0.34,0.39,0.46,0.17,0.75,0.1,0.67,0.12,0.72,0.51,0.0,0.0,0.12,16.67,0.26
13029,杰倫,新北國王,3,21|32|13029,李愷諺/奧帝/杰倫,1,49,59.0,816.9,13.61,13:37,816.9,13.61,13:37,21.0,21.0,35.59,55.53,27.0,27.0,45.76,71.39,20.0,20.0,33.9,52.88,7.0,7.0,11.86,18.51,9.0,9.0,15.25,23.8,5.0,5.0,8.47,13.22,11.0,11.0,18.64,29.09,2.0,2.0,3.39,5.29,7.0,7.0,11.86,18.51,5.0,5.0,8.47,13.22,2.0,2.0,3.39,5.29,12.0,12.0,20.34,31.73,6.0,6.0,10.17,15.86,10.0,10.0,16.95,26.44,3.0,3.0,5.08,7.93,4.0,4.0,6.78,10.58,0.0,0.0,0.0,0.0,0.0,0.0,0.0,0.0,8.0,8.0,13.56,21.15,11.0,11.0,18.64,29.09,35.59,45.76,-10.17,104.0,-6.0,-6.0,-10.17,13.61,13.61,0.4,0.45,0.56,0.18,0.71,0.12,0.57,0.17,0.67,0.47,0.0,0.0,0.14,18.64,0.35
13029,杰倫,新北國王,3,24|29|13029,蘇士軒/林書緯/杰倫,1,76,88.0,1208.82,20.15,20:09,1208.82,20.15,20:09,35.0,35.0,39.77,62.54,38.0,38.0,43.18,67.9,29.0,29.0,32.95,51.82,12.0,12.0,13.64,21.44,14.0,14.0,15.91,25.02,9.0,9.0,10.23,16.08,15.0,15.0,17.05,26.8,3.0,3.0,3.41,5.36,10.0,10.0,11.36,17.87,8.0,8.0,9.09,14.29,0.0,0.0,0.0,0.0,18.0,18.0,20.45,32.16,8.0,8.0,9.09,14.29,17.0,17.0,19.32,30.38,5.0,5.0,5.68,8.93,8.0,8.0,9.09,14.29,2.0,2.0,2.27,3.57,1.0,1.0,1.14,1.79,11.0,11.0,12.5,19.66,11.0,11.0,12.5,19.66,39.77,43.18,-3.41,104.83,-3.0,-3.0,-3.41,20.15,20.15,0.47,0.52,0.64,0.2,0.8,0.13,0.67,0.0,0.69,0.42,2.27,1.14,0.12,12.5,0.34
13029,杰倫,新北國王,3,24|32|13029,蘇士軒/奧帝/杰倫,1,62,72.0,976.42,16.27,16:16,976.42,16.27,16:16,30.0,30.0,41.67,66.37,28.0,28.0,38.89,61.94,24.0,24.0,33.33,53.09,11.0,11.0,15.28,24.33,15.0,15.0,20.83,33.18,9.0,9.0,12.5,19.91,9.0,9.0,12.5,19.91,2.0,2.0,2.78,4.42,10.0,10.0,13.89,22.12,6.0,6.0,8.33,13.27,0.0,0.0,0.0,0.0,15.0,15.0,20.83,33.18,7.0,7.0,9.72,15.49,13.0,13.0,18.06,28.76,3.0,3.0,4.17,6.64,7.0,7.0,9.72,15.49,0.0,0.0,0.0,0.0,1.0,1.0,1.39,2.21,13.0,13.0,18.06,28.76,12.0,12.0,16.67,26.55,41.67,38.89,2.78,106.18,2.0,2.0,2.78,16.27,16.27,0.5,0.53,0.6,0.22,0.6,0.1,0.64,0.0,0.68,0.43,0.0,1.39,0.18,16.67,0.42
13029,杰倫,新北國王,3,29|32|13029,林書緯/奧帝/杰倫,1,67,79.0,1070.28,17.84,17:50,1070.28,17.84,17:50,29.0,29.0,36.71,58.53,34.0,34.0,43.04,68.62,28.0,28.0,35.44,56.51,11.0,11.0,13.92,22.2,15.0,15.0,18.99,30.27,9.0,9.0,11.39,18.16,13.0,13.0,16.46,26.24,2.0,2.0,2.53,4.04,9.0,9.0,11.39,18.16,7.0,7.0,8.86,14.13,2.0,2.0,2.53,4.04,16.0,16.0,20.25,32.29,7.0,7.0,8.86,14.13,15.0,15.0,18.99,30.27,4.0,4.0,5.06,8.07,7.0,7.0,8.86,14.13,0.0,0.0,0.0,0.0,1.0,1.0,1.27,2.02,12.0,12.0,15.19,24.22,11.0,11.0,13.92,22.2,36.71,43.04,-6.33,106.29,-5.0,-5.0,-6.33,17.84,17.84,0.43,0.45,0.6,0.15,0.78,0.11,0.64,0.12,0.7,0.45,0.0,1.27,0.15,13.92,0.32
13029,杰倫,新北國王,4,21|24|29|13029,李愷諺/蘇士軒/林書緯/杰倫,1,48,57.0,823.17,13.72,13:43,823.17,13.72,13:43,19.0,19.0,33.33,49.86,28.0,28.0,49.12,73.47,20.0,20.0,35.09,52.48,7.0,7.0,12.28,18.37,8.0,8.0,14.04,20.99,5.0,5.0,8.77,13.12,12.0,12.0,21.05,31.49,2.0,2.0,3.51,5.25,5.0,5.0,8.77,13.12,3.0,3.0,5.26,7.87,0.0,0.0,0.0,0.0,14.0,14.0,24.56,36.74,7.0,7.0,12.28,18.37,8.0,8.0,14.04,20.99,2.0,2.0,3.51,5.25,4.0,4.0,7.02,10.5,0.0,0.0,0.0,0.0,0.0,0.0,0.0,0.0,8.0,8.0,14.04,20.99,10.0,10.0,17.54,26.24,33.33,49.12,-15.79,99.71,-9.0,-9.0,-15.79,13.72,13.72,0.4,0.43,0.62,0.17,0.6,0.08,0.57,0.0,0.67,0.48,0.0,0.0,0.14,17.54,0.25
13029,杰倫,新北國王,4,21|24|32|13029,李愷諺/蘇士軒/奧帝/杰倫,1,40,48.0,683.15,11.39,11:23,683.15,11.39,11:23,19.0,19.0,39.58,60.07,22.0,22.0,45.83,69.56,16.0,16.0,33.33,50.59,7.0,7.0,14.58,22.13,8.0,8.0,16.67,25.29,5.0,5.0,10.42,15.81,8.0,8.0,16.67,25.29,2.0,2.0,4.17,6.32,5.0,5.0,10.42,15.81,3.0,3.0,6.25,9.49,0.0,0.0,0.0,0.0,10.0,10.0,20.83,31.62,6.0,6.0,12.5,18.97,8.0,8.0,16.67,25.29,2.0,2.0,4.17,6.32,4.0,4.0,8.33,12.65,0.0,0.0,0.0,0.0,0.0,0.0,0.0,0.0,7.0,7.0,14.58,22.13,10.0,10.0,20.83,31.62,39.58,45.83,-6.25,101.18,-3.0,-3.0,-6.25,11.39,11.39,0.5,0.52,0.62,0.25,0.6,0.1,0.57,0.0,0.62,0.42,0.0,0.0,0.15,20.83,0.31
13029,杰倫,新北國王,4,21|29|32|13029,李愷諺/林書緯/奧帝/杰倫,1,49,59.0,816.9,13.61,13:37,816.9,13.61,13:37,21.0,21.0,35.59,55.53,27.0,27.0,45.76,71.39,20.0,20.0,33.9,52.88,7.0,7.0,11.86,18.51,9.0,9.0,15.25,23.8,5.0,5.0,8.47,13.22,11.0,11.0,18.64,29.09,2.0,2.0,3.39,5.29,7.0,7.0,11.86,18.51,5.0,5.0,8.47,13.22,2.0,2.0,3.39,5.29,12.0,12.0,20.34,31.73,6.0,6.0,10.17,15.86,10.0,10.0,16.95,26.44,3.0,3.0,5.08,7.93,4.0,4.0,6.78,10.58,0.0,0.0,0.0,0.0,0.0,0.0,0.0,0.0,8.0,8.0,13.56,21.15,11.0,11.0,18.64,29.09,35.59,45.76,-10.17,104.0,-6.0,-6.0,-10.17,13.61,13.61,0.4,0.45,0.56,0.18,0.71,0.12,0.57,0.17,0.67,0.47,0.0,0.0,0.14,18.64,0.35
13029,杰倫,新北國王,4,24|29|32|13029,蘇士軒/林書緯/奧帝/杰倫,1,56,66.0,863.54,14.39,14:24,863.54,14.39,14:24,27.0,27.0,40.91,67.54,27.0,27.0,40.91,67.54,22.0,22.0,33.33,55.03,10.0,10.0,15.15,25.01,13.0,13.0,19.7,32.52,8.0,8.0,12.12,20.01,9.0,9.0,13.64,22.51,2.0,2.0,3.03,5.0,7.0,7.0,10.61,17.51,5.0,5.0,7.58,12.51,0.0,0.0,0.0,0.0,13.0,13.0,19.7,32.52,7.0,7.0,10.61,17.51,13.0,13.0,19.7,32.52,3.0,3.0,4.55,7.5,6.0,6.0,9.09,15.01,0.0,0.0,0.0,0.0,1.0,1.0,1.52,2.5,10.0,10.0,15.15,25.01,10.0,10.0,15.15,25.01,40.91,40.91,0.0,110.06,0.0,0.0,0.0,14.39,14.39,0.5,0.54,0.62,0.22,0.71,0.11,0.6,0.0,0.65,0.39,0.0,1.52,0.15,15.15,0.32
13029,杰倫,新北國王,5,21|24|29|32|13029,李愷諺/蘇士軒/林書緯/奧帝/杰倫,1,40,48.0,683.15,11.39,11:23,683.15,11.39,11:23,19.0,19.0,39.58,60.07,22.0,22.0,45.83,69.56,16.0,16.0,33.33,50.59,7.0,7.0,14.58,22.13,8.0,8.0,16.67,25.29,5.0,5.0,10.42,15.81,8.0,8.0,16.67,25.29,2.0,2.0,4.17,6.32,5.0,5.0,10.42,15.81,3.0,3.0,6.25,9.49,0.0,0.0,0.0,0.0,10.0,10.0,20.83,31.62,6.0,6.0,12.5,18.97,8.0,8.0,16.67,25.29,2.0,2.0,4.17,6.32,4.0,4.0,8.33,12.65,0.0,0.0,0.0,0.0,0.0,0.0,0.0,0.0,7.0,7.0,14.58,22.13,10.0,10.0,20.83,31.62,39.58,45.83,-6.25,101.18,-3.0,-3.0,-6.25,11.39,11.39,0.5,0.52,0.62,0.25,0.6,0.1,0.57,0.0,0.62,0.42,0.0,0.0,0.15,20.83,0.31
21,李愷諺,新北國王,2,21|10874,李愷諺/熊祥泰,1,18,20.0,282.71,4.71,04:43,282.71,4.71,04:43,13.0,13.0,65.0,99.33,12.0,12.0,60.0,91.69,8.0,8.0,40.0,61.12,5.0,5.0,25.0,38.2,4.0,4.0,20.0,30.56,3.0,3.0,15.0,22.92,4.0,4.0,20.0,30.56,2.0,2.0,10.0,15.28,2.0,2.0,10.0,15.28,1.0,1.0,5.0,7.64,2.0,2.0,10.0,15.28,1.0,1.0,5.0,7.64,0.0,0.0,0.0,0.0,3.0,3.0,15.0,22.92,2.0,2.0,10.0,15.28,5.0,5.0,25.0,38.2,0.0,0.0,0.0,0.0,0.0,0.0,0.0,0.0,1.0,1.0,5.0,7.64,4.0,4.0,20.0,30.56,65.0,60.0,5.0,101.87,1.0,1.0,5.0,4.71,4.71,0.75,0.73,0.75,0.5,0.5,0.18,1.0,0.4,1.0,0.5,0.0,0.0,0.05,20.0,0.25
21,李愷諺,新北國王,3,21|29|10874,李愷諺/林書緯/熊祥泰,1,9,10.0,122.84,2.05,02:03,122.84,2.05,02:03,2.0,2.0,20.0,35.17,8.0,8.0,80.0,140.67,3.0,3.0,30.0,52.75,1.0,1.0,10.0,17.58,1.0,1.0,10.0,17.58,1.0,1.0,10.0,17.58,2.0,2.0,20.0,35.17,0.0,0.0,0.0,0.0,0.0,0.0,0.0,0.0,0.0,0.0,0.0,0.0,1.0,1.0,10.0,17.58,1.0,1.0,10.0,17.58,0.0,0.0,0.0,0.0,1.0,1.0,10.0,17.58,2.0,2.0,20.0,35.17,1.0,1.0,10.0,17.58,0.0,0.0,0.0,0.0,0.0,0.0,0.0,0.0,0.0,0.0,0.0,0.0,4.0,4.0,40.0,70.33,20.0,80.0,-60.0,117.22,-6.0,-6.0,-60.0,2.05,2.05,0.33,0.33,1.0,0.0,,0.4,1.0,0.5,1.0,0.67,0.0,0.0,0.0,40.0,0.0
21,李愷諺,新北國王,3,21|32|10874,李愷諺/奧帝/熊祥泰,1,17,19.0,281.93,4.7,04:42,281.93,4.7,04:42,13.0,13.0,68.42,99.6,10.0,10.0,52.63,76.61,8.0,8.0,42.11,61.29,5.0,5.0,26.32,38.31,4.0,4.0,21.05,30.65,3.0,3.0,15.79,22.98,4.0,4.0,21.05,30.65,2.0,2.0,10.53,15.32,2.0,2.0,10.53,15.32,1.0,1.0,5.26,7.66,2.0,2.0,10.53,15.32,1.0,1.0,5.26,7.66,0.0,0.0,0.0,0.0,3.0,3.0,15.79,22.98,2.0,2.0,10.53,15.32,5.0,5.0,26.32,38.31,0.0,0.0,0.0,0.0,0.0,0.0,0.0,0.0,1.0,1.0,5.26,7.66,2.0,2.0,10.53,15.32,68.42,52.63,15.79,97.04,3.0,3.0,15.79,4.7,4.7,0.75,0.73,0.75,0.5,0.5,0.18,1.0,0.4,1.0,0.5,0.0,0.0,0.05,10.53,0.25
21,李愷諺,新北國王,3,21|10874|13029,李愷諺/熊祥泰/杰倫,1,5,6.0,62.07,1.03,01:02,62.07,1.03,01:02,0.0,0.0,0.0,0.0,4.0,4.0,66.67,139.2,2.0,2.0,33.33,69.6,0.0,0.0,0.0,0.0,0.0,0.0,0.0,0.0,0.0,0.0,0.0,0.0,2.0,2.0,33.33,69.6,0.0,0.0,0.0,0.0,0.0,0.0,0.0,0.0,0.0,0.0,0.0,0.0,1.0,1.0,16.67,34.8,1.0,1.0,16.67,34.8,0.0,0.0,0.0,0.0,1.0,1.0,16.67,34.8,1.0,1.0,16.67,34.8,0.0,0.0,0.0,0.0,0.0,0.0,0.0,0.0,0.0,0.0,0.0,0.0,0.0,0.0,0.0,0.0,2.0,2.0,33.33,69.6,0.0,66.67,-66.67,139.2,-4.0,-4.0,-66.67,1.03,1.03,0.0,0.0,,0.0,,0.33,,0.5,1.0,0.67,0.0,0.0,0.0,33.33,0.0
21,李愷諺,新北國王,4,21|29|32|10874,李愷諺/林書緯/奧帝/熊祥泰,1,8,9.0,122.07,2.03,02:02,122.07,2.03,02:02,2.0,2.0,22.22,35.39,6.0,6.0,66.67,106.17,3.0,3.0,33.33,53.08,1.0,1.0,11.11,17.69,1.0,1.0,11.11,17.69,1.0,1.0,11.11,17.69,2.0,2.0,22.22,35.39,0.0,0.0,0.0,0.0,0.0,0.0,0.0,0.0,0.0,0.0,0.0,0.0,1.0,1.0,11.11,17.69,1.0,1.0,11.11,17.69,0.0,0.0,0.0,0.0,1.0,1.0,11.11,17.69,2.0,2.0,22.22,35.39,1.0,1.0,11.11,17.69,0.0,0.0,0.0,0.0,0.0,0.0,0.0,0.0,0.0,0.0,0.0,0.0,2.0,2.0,22.22,35.39,22.22,66.67,-44.44,106.17,-4.0,-4.0,-44.44,2.03,2.03,0.33,0.33,1.0,0.0,,0.4,1.0,0.5,1.0,0.67,0.0,0.0,0.0,22.22,0.0
21,李愷諺,新北國王,4,21|29|10874|13029,李愷諺/林書緯/熊祥泰/杰倫,1,5,6.0,62.07,1.03,01:02,62.07,1.03,01:02,0.0,0.0,0.0,0.0,4.0,4.0,66.67,139.2,2.0,2.0,33.33,69.6,0.0,0.0,0.0,0.0,0.0,0.0,0.0,0.0,0.0,0.0,0.0,0.0,2.0,2.0,33.33,69.6,0.0,0.0,0.0,0.0,0.0,0.0,0.0,0.0,0.0,0.0,0.0,0.0,1.0,1.0,16.67,34.8,1.0,1.0,16.67,34.8,0.0,0.0,0.0,0.0,1.0,1.0,16.67,34.8,1.0,1.0,16.67,34.8,0.0,0.0,0.0,0.0,0.0,0.0,0.0,0.0,0.0,0.0,0.0,0.0,0.0,0.0,0.0,0.0,2.0,2.0,33.33,69.6,0.0,66.67,-66.67,139.2,-4.0,-4.0,-66.67,1.03,1.03,0.0,0.0,,0.0,,0.33,,0.5,1.0,0.67,0.0,0.0,0.0,33.33,0.0
21,李愷諺,新北國王,4,21|32|10874|13029,李愷諺/奧帝/熊祥泰/杰倫,1,4,5.0,61.3,1.02,01:01,61.3,1.02,01:01,0.0,0.0,0.0,0.0,2.0,2.0,40.0,70.48,2.0,2.0,40.0,70.48,0.0,0.0,0.0,0.0,0.0,0.0,0.0,0.0,0.0,0.0,0.0,0.0,2.0,2.0,40.0,70.48,0.0,0.0,0.0,0.0,0.0,0.0,0.0,0.0,0.0,0.0,0.0,0.0,1.0,1.0,20.0,35.24,1.0,1.0,20.0,35.24,0.0,0.0,0.0,0.0,1.0,1.0,20.0,35.24,1.0,1.0,20.0,35.24,0.0,0.0,0.0,0.0,0.0,0.0,0.0,0.0,0.0,0.0,0.0,0.0,0.0,0.0,0.0,0.0,0.0,0.0,0.0,0.0,0.0,40.0,-40.0,117.46,-2.0,-2.0,-40.0,1.02,1.02,0.0,0.0,,0.0,,0.33,,0.5,1.0,0.67,0.0,0.0,0.0,0.0,0.0
21,李愷諺,新北國王,5,21|29|32|10874|13029,李愷諺/林書緯/奧帝/熊祥泰/杰倫,1,4,5.0,61.3,1.02,01:01,61.3,1.02,01:01,0.0,0.0,0.0,0.0,2.0,2.0,40.0,70.48,2.0,2.0,40.0,70.48,0.0,0.0,0.0,0.0,0.0,0.0,0.0,0.0,0.0,0.0,0.0,0.0,2.0,2.0,40.0,70.48,0.0,0.0,0.0,0.0,0.0,0.0,0.0,0.0,0.0,0.0,0.0,0.0,1.0,1.0,20.0,35.24,1.0,1.0,20.0,35.24,0.0,0.0,0.0,0.0,1.0,1.0,20.0,35.24,1.0,1.0,20.0,35.24,0.0,0.0,0.0,0.0,0.0,0.0,0.0,0.0,0.0,0.0,0.0,0.0,0.0,0.0,0.0,0.0,0.0,0.0,0.0,0.0,0.0,40.0,-40.0,117.46,-2.0,-2.0,-40.0,1.02,1.02,0.0,0.0,,0.0,,0.33,,0.5,1.0,0.67,0.0,0.0,0.0,0.0,0.0
29,林書緯,新北國王,2,29|10874,林書緯/熊祥泰,1,63,74.0,1003.29,16.72,16:43,1003.29,16.72,16:43,30.0,30.0,40.54,64.59,32.0,32.0,43.24,68.89,27.0,27.0,36.49,58.13,10.0,10.0,13.51,21.53,9.0,9.0,12.16,19.38,4.0,4.0,5.41,8.61,18.0,18.0,24.32,38.75,6.0,6.0,8.11,12.92,6.0,6.0,8.11,12.92,4.0,4.0,5.41,8.61,5.0,5.0,6.76,10.76,12.0,12.0,16.22,25.83,4.0,4.0,5.41,8.61,15.0,15.0,20.27,32.29,7.0,7.0,9.46,15.07,9.0,9.0,12.16,19.38,3.0,3.0,4.05,6.46,0.0,0.0,0.0,0.0,6.0,6.0,8.11,12.92,9.0,9.0,12.16,19.38,40.54,43.24,-2.7,106.21,-2.0,-2.0,-2.7,16.72,16.72,0.48,0.51,0.44,0.33,0.67,0.19,0.9,0.25,0.75,0.47,4.05,0.0,0.08,12.16,0.22
29,林書緯,新北國王,3,21|29|10874,李愷諺/林書緯/熊祥泰,1,9,10.0,122.84,2.05,02:03,122.84,2.05,02:03,2.0,2.0,20.0,35.17,8.0,8.0,80.0,140.67,3.0,3.0,30.0,52.75,1.0,1.0,10.0,17.58,1.0,1.0,10.0,17.58,1.0,1.0,10.0,17.58,2.0,2.0,20.0,35.17,0.0,0.0,0.0,0.0,0.0,0.0,0.0,0.0,0.0,0.0,0.0,0.0,1.0,1.0,10.0,17.58,1.0,1.0,10.0,17.58,0.0,0.0,0.0,0.0,1.0,1.0,10.0,17.58,2.0,2.0,20.0,35.17,1.0,1.0,10.0,17.58,0.0,0.0,0.0,0.0,0.0,0.0,0.0,0.0,0.0,0.0,0.0,0.0,4.0,4.0,40.0,70.33,20.0,80.0,-60.0,117.22,-6.0,-6.0,-60.0,2.05,2.05,0.33,0.33,1.0,0.0,,0.4,1.0,0.5,1.0,0.67,0.0,0.0,0.0,40.0,0.0
29,林書緯,新北國王,3,29|32|10874,林書緯/奧帝/熊祥泰,1,52,61.0,800.68,13.34,13:21,800.68,13.34,13:21,28.0,28.0,45.9,75.54,25.0,25.0,40.98,67.44,22.0,22.0,36.07,59.35,9.0,9.0,14.75,24.28,7.0,7.0,11.48,18.88,3.0,3.0,4.92,8.09,15.0,15.0,24.59,40.47,6.0,6.0,9.84,16.19,6.0,6.0,9.84,16.19,4.0,4.0,6.56,10.79,4.0,4.0,6.56,10.79,9.0,9.0,14.75,24.28,3.0,3.0,4.92,8.09,13.0,13.0,21.31,35.07,6.0,6.0,9.84,16.19,9.0,9.0,14.75,24.28,3.0,3.0,4.92,8.09,0.0,0.0,0.0,0.0,6.0,6.0,9.84,16.19,6.0,6.0,9.84,16.19,45.9,40.98,4.92,109.71,3.0,3.0,4.92,13.34,13.34,0.55,0.57,0.43,0.4,0.67,0.2,1.0,0.24,0.75,0.45,4.92,0.0,0.1,9.84,0.27
29,林書緯,新北國王,3,29|10874|13029,林書緯/熊祥泰/杰倫,1,22,26.0,401.9,6.7,06:42,401.9,6.7,06:42,2.0,2.0,7.69,10.75,11.0,11.0,42.31,59.12,11.0,11.0,42.31,59.12,2.0,2.0,7.69,10.75,4.0,4.0,15.38,21.5,2.0,2.0,7.69,10.75,7.0,7.0,26.92,37.62,0.0,0.0,0.0,0.0,0.0,0.0,0.0,0.0,0.0,0.0,0.0,0.0,2.0,2.0,7.69,10.75,7.0,7.0,26.92,37.62,1.0,1.0,3.85,5.37,5.0,5.0,19.23,26.87,3.0,3.0,11.54,16.12,1.0,1.0,3.85,5.37,0.0,0.0,0.0,0.0,0.0,0.0,0.0,0.0,3.0,3.0,11.54,16.12,3.0,3.0,11.54,16.12,7.69,42.31,-34.62,93.16,-9.0,-9.0,-34.62,6.7,6.7,0.18,0.09,0.5,0.0,,0.21,0.5,0.29,0.88,0.6,0.0,0.0,0.12,11.54,0.0
29,林書緯,新北國王,4,21|29|32|10874,李愷諺/林書緯/奧帝/熊祥泰,1,8,9.0,122.07,2.03,02:02,122.07,2.03,02:02,2.0,2.0,22.22,35.39,6.0,6.0,66.67,106.17,3.0,3.0,33.33,53.08,1.0,1.0,11.11,17.69,1.0,1.0,11.11,17.69,1.0,1.0,11.11,17.69,2.0,2.0,22.22,35.39,0.0,0.0,0.0,0.0,0.0,0.0,0.0,0.0,0.0,0.0,0.0,0.0,1.0,1.0,11.11,17.69,1.0,1.0,11.11,17.69,0.0,0.0,0.0,0.0,1.0,1.0,11.11,17.69,2.0,2.0,22.22,35.39,1.0,1.0,11.11,17.69,0.0,0.0,0.0,0.0,0.0,0.0,0.0,0.0,0.0,0.0,0.0,0.0,2.0,2.0,22.22,35.39,22.22,66.67,-44.44,106.17,-4.0,-4.0,-44.44,2.03,2.03,0.33,0.33,1.0,0.0,,0.4,1.0,0.5,1.0,0.67,0.0,0.0,0.0,22.22,0.0
29,林書緯,新北國王,4,21|29|10874|13029,李愷諺/林書緯/熊祥泰/杰倫,1,5,6.0,62.07,1.03,01:02,62.07,1.03,01:02,0.0,0.0,0.0,0.0,4.0,4.0,66.67,139.2,2.0,2.0,33.33,69.6,0.0,0.0,0.0,0.0,0.0,0.0,0.0,0.0,0.0,0.0,0.0,0.0,2.0,2.0,33.33,69.6,0.0,0.0,0.0,0.0,0.0,0.0,0.0,0.0,0.0,0.0,0.0,0.0,1.0,1.0,16.67,34.8,1.0,1.0,16.67,34.8,0.0,0.0,0.0,0.0,1.0,1.0,16.67,34.8,1.0,1.0,16.67,34.8,0.0,0.0,0.0,0.0,0.0,0.0,0.0,0.0,0.0,0.0,0.0,0.0,0.0,0.0,0.0,0.0,2.0,2.0,33.33,69.6,0.0,66.67,-66.67,139.2,-4.0,-4.0,-66.67,1.03,1.03,0.0,0.0,,0.0,,0.33,,0.5,1.0,0.67,0.0,0.0,0.0,33.33,0.0
29,林書緯,新北國王,4,29|32|10874|13029,林書緯/奧帝/熊祥泰/杰倫,1,11,13.0,199.3,3.32,03:19,199.3,3.32,03:19,0.0,0.0,0.0,0.0,4.0,4.0,30.77,43.35,6.0,6.0,46.15,65.03,1.0,1.0,7.69,10.84,2.0,2.0,15.38,21.68,1.0,1.0,7.69,10.84,4.0,4.0,30.77,43.35,0.0,0.0,0.0,0.0,0.0,0.0,0.0,0.0,0.0,0.0,0.0,0.0,1.0,1.0,7.69,10.84,4.0,4.0,30.77,43.35,0.0,0.0,0.0,0.0,3.0,3.0,23.08,32.51,2.0,2.0,15.38,21.68,1.0,1.0,7.69,10.84,0.0,0.0,0.0,0.0,0.0,0.0,0.0,0.0,3.0,3.0,23.08,32.51,0.0,0.0,0.0,0.0,0.0,30.77,-30.77,93.93,-4.0,-4.0,-30.77,3.32,3.32,0.17,0.0,0.5,0.0,,0.25,1.0,0.25,1.0,0.62,0.0,0.0,0.23,0.0,0.0
29,林書緯,新北國王,5,21|29|32|10874|13029,李愷諺/林書緯/奧帝/熊祥泰/杰倫,1,4,5.0,61.3,1.02,01:01,61.3,1.02,01:01,0.0,0.0,0.0,0.0,2.0,2.0,40.0,70.48,2.0,2.0,40.0,70.48,0.0,0.0,0.0,0.0,0.0,0.0,0.0,0.0,0.0,0.0,0.0,0.0,2.0,2.0,40.0,70.48,0.0,0.0,0.0,0.0,0.0,0.0,0.0,0.0,0.0,0.0,0.0,0.0,1.0,1.0,20.0,35.24,1.0,1.0,20.0,35.24,0.0,0.0,0.0,0.0,1.0,1.0,20.0,35.24,1.0,1.0,20.0,35.24,0.0,0.0,0.0,0.0,0.0,0.0,0.0,0.0,0.0,0.0,0.0,0.0,0.0,0.0,0.0,0.0,0.0,0.0,0.0,0.0,0.0,40.0,-40.0,117.46,-2.0,-2.0,-40.0,1.02,1.02,0.0,0.0,,0.0,,0.33,,0.5,1.0,0.67,0.0,0.0,0.0,0.0,0.0
32,奧帝,新北國王,2,32|10874,奧帝/熊祥泰,1,67,77.0,1073.43,17.89,17:53,1073.43,17.89,17:53,42.0,42.0,54.55,84.51,30.0,30.0,38.96,60.37,29.0,29.0,37.66,58.36,14.0,14.0,18.18,28.17,12.0,12.0,15.58,24.15,6.0,6.0,7.79,12.07,17.0,17.0,22.08,34.21,8.0,8.0,10.39,16.1,11.0,11.0,14.29,22.13,6.0,6.0,7.79,12.07,5.0,5.0,6.49,10.06,11.0,11.0,14.29,22.13,3.0,3.0,3.9,6.04,15.0,15.0,19.48,30.18,6.0,6.0,7.79,12.07,14.0,14.0,18.18,28.17,3.0,3.0,3.9,6.04,0.0,0.0,0.0,0.0,10.0,10.0,12.99,20.12,8.0,8.0,10.39,16.1,54.55,38.96,15.58,103.3,12.0,12.0,15.58,17.89,17.89,0.62,0.62,0.5,0.47,0.55,0.15,1.0,0.25,0.79,0.47,3.9,0.0,0.13,10.39,0.38
32,奧帝,新北國王,3,21|32|10874,李愷諺/奧帝/熊祥泰,1,17,19.0,281.93,4.7,04:42,281.93,4.7,04:42,13.0,13.0,68.42,99.6,10.0,10.0,52.63,76.61,8.0,8.0,42.11,61.29,5.0,5.0,26.32,38.31,4.0,4.0,21.05,30.65,3.0,3.0,15.79,22.98,4.0,4.0,21.05,30.65,2.0,2.0,10.53,15.32,2.0,2.0,10.53,15.32,1.0,1.0,5.26,7.66,2.0,2.0,10.53,15.32,1.0,1.0,5.26,7.66,0.0,0.0,0.0,0.0,3.0,3.0,15.79,22.98,2.0,2.0,10.53,15.32,5.0,5.0,26.32,38.31,0.0,0.0,0.0,0.0,0.0,0.0,0.0,0.0,1.0,1.0,5.26,7.66,2.0,2.0,10.53,15.32,68.42,52.63,15.79,97.04,3.0,3.0,15.79,4.7,4.7,0.75,0.73,0.75,0.5,0.5,0.18,1.0,0.4,1.0,0.5,0.0,0.0,0.05,10.53,0.25
32,奧帝,新北國王,3,29|32|10874,林書緯/奧帝/熊祥泰,1,52,61.0,800.68,13.34,13:21,800.68,13.34,13:21,28.0,28.0,45.9,75.54,25.0,25.0,40.98,67.44,22.0,22.0,36.07,59.35,9.0,9.0,14.75,24.28,7.0,7.0,11.48,18.88,3.0,3.0,4.92,8.09,15.0,15.0,24.59,40.47,6.0,6.0,9.84,16.19,6.0,6.0,9.84,16.19,4.0,4.0,6.56,10.79,4.0,4.0,6.56,10.79,9.0,9.0,14.75,24.28,3.0,3.0,4.92,8.09,13.0,13.0,21.31,35.07,6.0,6.0,9.84,16.19,9.0,9.0,14.75,24.28,3.0,3.0,4.92,8.09,0.0,0.0,0.0,0.0,6.0,6.0,9.84,16.19,6.0,6.0,9.84,16.19,45.9,40.98,4.92,109.71,3.0,3.0,4.92,13.34,13.34,0.55,0.57,0.43,0.4,0.67,0.2,1.0,0.24,0.75,0.45,4.92,0.0,0.1,9.84,0.27
32,奧帝,新北國王,3,32|10874|13029,奧帝/熊祥泰/杰倫,1,17,19.0,312.18,5.2,05:12,312.18,5.2,05:12,3.0,3.0,15.79,20.76,5.0,5.0,26.32,34.6,8.0,8.0,42.11,55.35,2.0,2.0,10.53,13.84,4.0,4.0,21.05,27.68,2.0,2.0,10.53,13.84,4.0,4.0,21.05,27.68,0.0,0.0,0.0,0.0,3.0,3.0,15.79,20.76,1.0,1.0,5.26,6.92,1.0,1.0,5.26,6.92,6.0,6.0,31.58,41.52,0.0,0.0,0.0,0.0,3.0,3.0,15.79,20.76,2.0,2.0,10.53,13.84,2.0,2.0,10.53,13.84,0.0,0.0,0.0,0.0,0.0,0.0,0.0,0.0,6.0,6.0,31.58,41.52,2.0,2.0,10.53,13.84,15.79,26.32,-10.53,87.64,-2.0,-2.0,-10.53,5.2,5.2,0.25,0.16,0.5,0.0,0.33,0.18,1.0,0.25,1.0,0.7,0.0,0.0,0.32,10.53,0.38
32,奧帝,新北國王,4,21|29|32|10874,李愷諺/林書緯/奧帝/熊祥泰,1,8,9.0,122.07,2.03,02:02,122.07,2.03,02:02,2.0,2.0,22.22,35.39,6.0,6.0,66.67,106.17,3.0,3.0,33.33,53.08,1.0,1.0,11.11,17.69,1.0,1.0,11.11,17.69,1.0,1.0,11.11,17.69,2.0,2.0,22.22,35.39,0.0,0.0,0.0,0.0,0.0,0.0,0.0,0.0,0.0,0.0,0.0,0.0,1.0,1.0,11.11,17.69,1.0,1.0,11.11,17.69,0.0,0.0,0.0,0.0,1.0,1.0,11.11,17.69,2.0,2.0,22.22,35.39,1.0,1.0,11.11,17.69,0.0,0.0,0.0,0.0,0.0,0.0,0.0,0.0,0.0,0.0,0.0,0.0,2.0,2.0,22.22,35.39,22.22,66.67,-44.44,106.17,-4.0,-4.0,-44.44,2.03,2.03,0.33,0.33,1.0,0.0,,0.4,1.0,0.5,1.0,0.67,0.0,0.0,0.0,22.22,0.0
32,奧帝,新北國王,4,21|32|10874|13029,李愷諺/奧帝/熊祥泰/杰倫,1,4,5.0,61.3,1.02,01:01,61.3,1.02,01:01,0.0,0.0,0.0,0.0,2.0,2.0,40.0,70.48,2.0,2.0,40.0,70.48,0.0,0.0,0.0,0.0,0.0,0.0,0.0,0.0,0.0,0.0,0.0,0.0,2.0,2.0,40.0,70.48,0.0,0.0,0.0,0.0,0.0,0.0,0.0,0.0,0.0,0.0,0.0,0.0,1.0,1.0,20.0,35.24,1.0,1.0,20.0,35.24,0.0,0.0,0.0,0.0,1.0,1.0,20.0,35.24,1.0,1.0,20.0,35.24,0.0,0.0,0.0,0.0,0.0,0.0,0.0,0.0,0.0,0.0,0.0,0.0,0.0,0.0,0.0,0.0,0.0,0.0,0.0,0.0,0.0,40.0,-40.0,117.46,-2.0,-2.0,-40.0,1.02,1.02,0.0,0.0,,0.0,,0.33,,0.5,1.0,0.67,0.0,0.0,0.0,0.0,0.0
32,奧帝,新北國王,4,29|32|10874|13029,林書緯/奧帝/熊祥泰/杰倫,1,11,13.0,199.3,3.32,03:19,199.3,3.32,03:19,0.0,0.0,0.0,0.0,4.0,4.0,30.77,43.35,6.0,6.0,46.15,65.03,1.0,1.0,7.69,10.84,2.0,2.0,15.38,21.68,1.0,1.0,7.69,10.84,4.0,4.0,30.77,43.35,0.0,0.0,0.0,0.0,0.0,0.0,0.0,0.0,0.0,0.0,0.0,0.0,1.0,1.0,7.69,10.84,4.0,4.0,30.77,43.35,0.0,0.0,0.0,0.0,3.0,3.0,23.08,32.51,2.0,2.0,15.38,21.68,1.0,1.0,7.69,10.84,0.0,0.0,0.0,0.0,0.0,0.0,0.0,0.0,3.0,3.0,23.08,32.51,0.0,0.0,0.0,0.0,0.0,30.77,-30.77,93.93,-4.0,-4.0,-30.77,3.32,3.32,0.17,0.0,0.5,0.0,,0.25,1.0,0.25,1.0,0.62,0.0,0.0,0.23,0.0,0.0
32,奧帝,新北國王,5,21|29|32|10874|13029,李愷諺/林書緯/奧帝/熊祥泰/杰倫,1,4,5.0,61.3,1.02,01:01,61.3,1.02,01:01,0.0,0.0,0.0,0.0,2.0,2.0,40.0,70.48,2.0,2.0,40.0,70.48,0.0,0.0,0.0,0.0,0.0,0.0,0.0,0.0,0.0,0.0,0.0,0.0,2.0,2.0,40.0,70.48,0.0,0.0,0.0,0.0,0.0,0.0,0.0,0.0,0.0,0.0,0.0,0.0,1.0,1.0,20.0,35.24,1.0,1.0,20.0,35.24,0.0,0.0,0.0,0.0,1.0,1.0,20.0,35.24,1.0,1.0,20.0,35.24,0.0,0.0,0.0,0.0,0.0,0.0,0.0,0.0,0.0,0.0,0.0,0.0,0.0,0.0,0.0,0.0,0.0,0.0,0.0,0.0,0.0,40.0,-40.0,117.46,-2.0,-2.0,-40.0,1.02,1.02,0.0,0.0,,0.0,,0.33,,0.5,1.0,0.67,0.0,0.0,0.0,0.0,0.0
10874,熊祥泰,新北國王,2,21|10874,李愷諺/熊祥泰,1,18,20.0,282.71,4.71,04:43,282.71,4.71,04:43,13.0,13.0,65.0,99.33,12.0,12.0,60.0,91.69,8.0,8.0,40.0,61.12,5.0,5.0,25.0,38.2,4.0,4.0,20.0,30.56,3.0,3.0,15.0,22.92,4.0,4.0,20.0,30.56,2.0,2.0,10.0,15.28,2.0,2.0,10.0,15.28,1.0,1.0,5.0,7.64,2.0,2.0,10.0,15.28,1.0,1.0,5.0,7.64,0.0,0.0,0.0,0.0,3.0,3.0,15.0,22.92,2.0,2.0,10.0,15.28,5.0,5.0,25.0,38.2,0.0,0.0,0.0,0.0,0.0,0.0,0.0,0.0,1.0,1.0,5.0,7.64,4.0,4.0,20.0,30.56,65.0,60.0,5.0,101.87,1.0,1.0,5.0,4.71,4.71,0.75,0.73,0.75,0.5,0.5,0.18,1.0,0.4,1.0,0.5,0.0,0.0,0.05,20.0,0.25
10874,熊祥泰,新北國王,2,29|10874,林書緯/熊祥泰,1,63,74.0,1003.29,16.72,16:43,1003.29,16.72,16:43,30.0,30.0,40.54,64.59,32.0,32.0,43.24,68.89,27.0,27.0,36.49,58.13,10.0,10.0,13.51,21.53,9.0,9.0,12.16,19.38,4.0,4.0,5.41,8.61,18.0,18.0,24.32,38.75,6.0,6.0,8.11,12.92,6.0,6.0,8.11,12.92,4.0,4.0,5.41,8.61,5.0,5.0,6.76,10.76,12.0,12.0,16.22,25.83,4.0,4.0,5.41,8.61,15.0,15.0,20.27,32.29,7.0,7.0,9.46,15.07,9.0,9.0,12.16,19.38,3.0,3.0,4.05,6.46,0.0,0.0,0.0,0.0,6.0,6.0,8.11,12.92,9.0,9.0,12.16,19.38,40.54,43.24,-2.7,106.21,-2.0,-2.0,-2.7,16.72,16.72,0.48,0.51,0.44,0.33,0.67,0.19,0.9,0.25,0.75,0.47,4.05,0.0,0.08,12.16,0.22
10874,熊祥泰,新北國王,2,32|10874,奧帝/熊祥泰,1,67,77.0,1073.43,17.89,17:53,1073.43,17.89,17:53,42.0,42.0,54.55,84.51,30.0,30.0,38.96,60.37,29.0,29.0,37.66,58.36,14.0,14.0,18.18,28.17,12.0,12.0,15.58,24.15,6.0,6.0,7.79,12.07,17.0,17.0,22.08,34.21,8.0,8.0,10.39,16.1,11.0,11.0,14.29,22.13,6.0,6.0,7.79,12.07,5.0,5.0,6.49,10.06,11.0,11.0,14.29,22.13,3.0,3.0,3.9,6.04,15.0,15.0,19.48,30.18,6.0,6.0,7.79,12.07,14.0,14.0,18.18,28.17,3.0,3.0,3.9,6.04,0.0,0.0,0.0,0.0,10.0,10.0,12.99,20.12,8.0,8.0,10.39,16.1,54.55,38.96,15.58,103.3,12.0,12.0,15.58,17.89,17.89,0.62,0.62,0.5,0.47,0.55,0.15,1.0,0.25,0.79,0.47,3.9,0.0,0.13,10.39,0.38
10874,熊祥泰,新北國王,2,10874|13029,熊祥泰/杰倫,1,28,32.0,514.78,8.58,08:35,514.78,8.58,08:35,5.0,5.0,15.62,20.98,12.0,12.0,37.5,50.35,13.0,13.0,40.62,54.55,3.0,3.0,9.38,12.59,6.0,6.0,18.75,25.18,3.0,3.0,9.38,12.59,7.0,7.0,21.88,29.37,0.0,0.0,0.0,0.0,3.0,3.0,9.38,12.59,1.0,1.0,3.12,4.2,2.0,2.0,6.25,8.39,9.0,9.0,28.12,37.76,1.0,1.0,3.12,4.2,5.0,5.0,15.62,20.98,3.0,3.0,9.38,12.59,2.0,2.0,6.25,8.39,0.0,0.0,0.0,0.0,0.0,0.0,0.0,0.0,6.0,6.0,18.75,25.18,5.0,5.0,15.62,20.98,15.62,37.5,-21.88,89.51,-7.0,-7.0,-21.88,8.58,8.58,0.23,0.17,0.5,0.0,0.33,0.17,0.67,0.29,0.9,0.65,0.0,0.0,0.19,15.62,0.23
10874,熊祥泰,新北國王,3,21|29|10874,李愷諺/林書緯/熊祥泰,1,9,10.0,122.84,2.05,02:03,122.84,2.05,02:03,2.0,2.0,20.0,35.17,8.0,8.0,80.0,140.67,3.0,3.0,30.0,52.75,1.0,1.0,10.0,17.58,1.0,1.0,10.0,17.58,1.0,1.0,10.0,17.58,2.0,2.0,20.0,35.17,0.0,0.0,0.0,0.0,0.0,0.0,0.0,0.0,0.0,0.0,0.0,0.0,1.0,1.0,10.0,17.58,1.0,1.0,10.0,17.58,0.0,0.0,0.0,0.0,1.0,1.0,10.0,17.58,2.0,2.0,20.0,35.17,1.0,1.0,10.0,17.58,0.0,0.0,0.0,0.0,0.0,0.0,0.0,0.0,0.0,0.0,0.0,0.0,4.0,4.0,40.0,70.33,20.0,80.0,-60.0,117.22,-6.0,-6.0,-60.0,2.05,2.05,0.33,0.33,1.0,0.0,,0.4,1.0,0.5,1.0,0.67,0.0,0.0,0.0,40.0,0.0
10874,熊祥泰,新北國王,3,21|32|10874,李愷諺/奧帝/熊祥泰,1,17,19.0,281.93,4.7,04:42,281.93,4.7,04:42,13.0,13.0,68.42,99.6,10.0,10.0,52.63,76.61,8.0,8.0,42.11,61.29,5.0,5.0,26.32,38.31,4.0,4.0,21.05,30.65,3.0,3.0,15.79,22.98,4.0,4.0,21.05,30.65,2.0,2.0,10.53,15.32,2.0,2.0,10.53,15.32,1.0,1.0,5.26,7.66,2.0,2.0,10.53,15.32,1.0,1.0,5.26,7.66,0.0,0.0,0.0,0.0,3.0,3.0,15.79,22.98,2.0,2.0,10.53,15.32,5.0,5.0,26.32,38.31,0.0,0.0,0.0,0.0,0.0,0.0,0.0,0.0,1.0,1.0,5.26,7.66,2.0,2.0,10.53,15.32,68.42,52.63,15.79,97.04,3.0,3.0,15.79,4.7,4.7,0.75,0.73,0.75,0.5,0.5,0.18,1.0,0.4,1.0,0.5,0.0,0.0,0.05,10.53,0.25
10874,熊祥泰,新北國王,3,21|10874|13029,李愷諺/熊祥泰/杰倫,1,5,6.0,62.07,1.03,01:02,62.07,1.03,01:02,0.0,0.0,0.0,0.0,4.0,4.0,66.67,139.2,2.0,2.0,33.33,69.6,0.0,0.0,0.0,0.0,0.0,0.0,0.0,0.0,0.0,0.0,0.0,0.0,2.0,2.0,33.33,69.6,0.0,0.0,0.0,0.0,0.0,0.0,0.0,0.0,0.0,0.0,0.0,0.0,1.0,1.0,16.67,34.8,1.0,1.0,16.67,34.8,0.0,0.0,0.0,0.0,1.0,1.0,16.67,34.8,1.0,1.0,16.67,34.8,0.0,0.0,0.0,0.0,0.0,0.0,0.0,0.0,0.0,0.0,0.0,0.0,0.0,0.0,0.0,0.0,2.0,2.0,33.33,69.6,0.0,66.67,-66.67,139.2,-4.0,-4.0,-66.67,1.03,1.03,0.0,0.0,,0.0,,0.33,,0.5,1.0,0.67,0.0,0.0,0.0,33.33,0.0
10874,熊祥泰,新北國王,3,29|32|10874,林書緯/奧帝/熊祥泰,1,52,61.0,800.68,13.34,13:21,800.68,13.34,13:21,28.0,28.0,45.9,75.54,25.0,25.0,40.98,67.44,22.0,22.0,36.07,59.35,9.0,9.0,14.75,24.28,7.0,7.0,11.48,18.88,3.0,3.0,4.92,8.09,15.0,15.0,24.59,40.47,6.0,6.0,9.84,16.19,6.0,6.0,9.84,16.19,4.0,4.0,6.56,10.79,4.0,4.0,6.56,10.79,9.0,9.0,14.75,24.28,3.0,3.0,4.92,8.09,13.0,13.0,21.31,35.07,6.0,6.0,9.84,16.19,9.0,9.0,14.75,24.28,3.0,3.0,4.92,8.09,0.0,0.0,0.0,0.0,6.0,6.0,9.84,16.19,6.0,6.0,9.84,16.19,45.9,40.98,4.92,109.71,3.0,3.0,4.92,13.34,13.34,0.55,0.57,0.43,0.4,0.67,0.2,1.0,0.24,0.75,0.45,4.92,0.0,0.1,9.84,0.27
10874,熊祥泰,新北國王,3,29|10874|13029,林書緯/熊祥泰/杰倫,1,22,26.0,401.9,6.7,06:42,401.9,6.7,06:42,2.0,2.0,7.69,10.75,11.0,11.0,42.31,59.12,11.0,11.0,42.31,59.12,2.0,2.0,7.69,10.75,4.0,4.0,15.38,21.5,2.0,2.0,7.69,10.75,7.0,7.0,26.92,37.62,0.0,0.0,0.0,0.0,0.0,0.0,0.0,0.0,0.0,0.0,0.0,0.0,2.0,2.0,7.69,10.75,7.0,7.0,26.92,37.62,1.0,1.0,3.85,5.37,5.0,5.0,19.23,26.87,3.0,3.0,11.54,16.12,1.0,1.0,3.85,5.37,0.0,0.0,0.0,0.0,0.0,0.0,0.0,0.0,3.0,3.0,11.54,16.12,3.0,3.0,11.54,16.12,7.69,42.31,-34.62,93.16,-9.0,-9.0,-34.62,6.7,6.7,0.18,0.09,0.5,0.0,,0.21,0.5,0.29,0.88,0.6,0.0,0.0,0.12,11.54,0.0
10874,熊祥泰,新北國王,3,32|10874|13029,奧帝/熊祥泰/杰倫,1,17,19.0,312.18,5.2,05:12,312.18,5.2,05:12,3.0,3.0,15.79,20.76,5.0,5.0,26.32,34.6,8.0,8.0,42.11,55.35,2.0,2.0,10.53,13.84,4.0,4.0,21.05,27.68,2.0,2.0,10.53,13.84,4.0,4.0,21.05,27.68,0.0,0.0,0.0,0.0,3.0,3.0,15.79,20.76,1.0,1.0,5.26,6.92,1.0,1.0,5.26,6.92,6.0,6.0,31.58,41.52,0.0,0.0,0.0,0.0,3.0,3.0,15.79,20.76,2.0,2.0,10.53,13.84,2.0,2.0,10.53,13.84,0.0,0.0,0.0,0.0,0.0,0.0,0.0,0.0,6.0,6.0,31.58,41.52,2.0,2.0,10.53,13.84,15.79,26.32,-10.53,87.64,-2.0,-2.0,-10.53,5.2,5.2,0.25,0.16,0.5,0.0,0.33,0.18,1.0,0.25,1.0,0.7,0.0,0.0,0.32,10.53,0.38
10874,熊祥泰,新北國王,4,21|29|32|10874,李愷諺/林書緯/奧帝/熊祥泰,1,8,9.0,122.07,2.03,02:02,122.07,2.03,02:02,2.0,2.0,22.22,35.39,6.0,6.0,66.67,106.17,3.0,3.0,33.33,53.08,1.0,1.0,11.11,17.69,1.0,1.0,11.11,17.69,1.0,1.0,11.11,17.69,2.0,2.0,22.22,35.39,0.0,0.0,0.0,0.0,0.0,0.0,0.0,0.0,0.0,0.0,0.0,0.0,1.0,1.0,11.11,17.69,1.0,1.0,11.11,17.69,0.0,0.0,0.0,0.0,1.0,1.0,11.11,17.69,2.0,2.0,22.22,35.39,1.0,1.0,11.11,17.69,0.0,0.0,0.0,0.0,0.0,0.0,0.0,0.0,0.0,0.0,0.0,0.0,2.0,2.0,22.22,35.39,22.22,66.67,-44.44,106.17,-4.0,-4.0,-44.44,2.03,2.03,0.33,0.33,1.0,0.0,,0.4,1.0,0.5,1.0,0.67,0.0,0.0,0.0,22.22,0.0
10874,熊祥泰,新北國王,4,21|29|10874|13029,李愷諺/林書緯/熊祥泰/杰倫,1,5,6.0,62.07,1.03,01:02,62.07,1.03,01:02,0.0,0.0,0.0,0.0,4.0,4.0,66.67,139.2,2.0,2.0,33.33,69.6,0.0,0.0,0.0,0.0,0.0,0.0,0.0,0.0,0.0,0.0,0.0,0.0,2.0,2.0,33.33,69.6,0.0,0.0,0.0,0.0,0.0,0.0,0.0,0.0,0.0,0.0,0.0,0.0,1.0,1.0,16.67,34.8,1.0,1.0,16.67,34.8,0.0,0.0,0.0,0.0,1.0,1.0,16.67,34.8,1.0,1.0,16.67,34.8,0.0,0.0,0.0,0.0,0.0,0.0,0.0,0.0,0.0,0.0,0.0,0.0,0.0,0.0,0.0,0.0,2.0,2.0,33.33,69.6,0.0,66.67,-66.67,139.2,-4.0,-4.0,-66.67,1.03,1.03,0.0,0.0,,0.0,,0.33,,0.5,1.0,0.67,0.0,0.0,0.0,33.33,0.0
10874,熊祥泰,新北國王,4,21|32|10874|13029,李愷諺/奧帝/熊祥泰/杰倫,1,4,5.0,61.3,1.02,01:01,61.3,1.02,01:01,0.0,0.0,0.0,0.0,2.0,2.0,40.0,70.48,2.0,2.0,40.0,70.48,0.0,0.0,0.0,0.0,0.0,0.0,0.0,0.0,0.0,0.0,0.0,0.0,2.0,2.0,40.0,70.48,0.0,0.0,0.0,0.0,0.0,0.0,0.0,0.0,0.0,0.0,0.0,0.0,1.0,1.0,20.0,35.24,1.0,1.0,20.0,35.24,0.0,0.0,0.0,0.0,1.0,1.0,20.0,35.24,1.0,1.0,20.0,35.24,0.0,0.0,0.0,0.0,0.0,0.0,0.0,0.0,0.0,0.0,0.0,0.0,0.0,0.0,0.0,0.0,0.0,0.0,0.0,0.0,0.0,40.0,-40.0,117.46,-2.0,-2.0,-40.0,1.02,1.02,0.0,0.0,,0.0,,0.33,,0.5,1.0,0.67,0.0,0.0,0.0,0.0,0.0
10874,熊祥泰,新北國王,4,29|32|10874|13029,林書緯/奧帝/熊祥泰/杰倫,1,11,13.0,199.3,3.32,03:19,199.3,3.32,03:19,0.0,0.0,0.0,0.0,4.0,4.0,30.77,43.35,6.0,6.0,46.15,65.03,1.0,1.0,7.69,10.84,2.0,2.0,15.38,21.68,1.0,1.0,7.69,10.84,4.0,4.0,30.77,43.35,0.0,0.0,0.0,0.0,0.0,0.0,0.0,0.0,0.0,0.0,0.0,0.0,1.0,1.0,7.69,10.84,4.0,4.0,30.77,43.35,0.0,0.0,0.0,0.0,3.0,3.0,23.08,32.51,2.0,2.0,15.38,21.68,1.0,1.0,7.69,10.84,0.0,0.0,0.0,0.0,0.0,0.0,0.0,0.0,3.0,3.0,23.08,32.51,0.0,0.0,0.0,0.0,0.0,30.77,-30.77,93.93,-4.0,-4.0,-30.77,3.32,3.32,0.17,0.0,0.5,0.0,,0.25,1.0,0.25,1.0,0.62,0.0,0.0,0.23,0.0,0.0
10874,熊祥泰,新北國王,5,21|29|32|10874|13029,李愷諺/林書緯/奧帝/熊祥泰/杰倫,1,4,5.0,61.3,1.02,01:01,61.3,1.02,01:01,0.0,0.0,0.0,0.0,2.0,2.0,40.0,70.48,2.0,2.0,40.0,70.48,0.0,0.0,0.0,0.0,0.0,0.0,0.0,0.0,0.0,0.0,0.0,0.0,2.0,2.0,40.0,70.48,0.0,0.0,0.0,0.0,0.0,0.0,0.0,0.0,0.0,0.0,0.0,0.0,1.0,1.0,20.0,35.24,1.0,1.0,20.0,35.24,0.0,0.0,0.0,0.0,1.0,1.0,20.0,35.24,1.0,1.0,20.0,35.24,0.0,0.0,0.0,0.0,0.0,0.0,0.0,0.0,0.0,0.0,0.0,0.0,0.0,0.0,0.0,0.0,0.0,0.0,0.0,0.0,0.0,40.0,-40.0,117.46,-2.0,-2.0,-40.0,1.02,1.02,0.0,0.0,,0.0,,0.33,,0.5,1.0,0.67,0.0,0.0,0.0,0.0,0.0
13029,杰倫,新北國王,2,10874|13029,熊祥泰/杰倫,1,28,32.0,514.78,8.58,08:35,514.78,8.58,08:35,5.0,5.0,15.62,20.98,12.0,12.0,37.5,50.35,13.0,13.0,40.62,54.55,3.0,3.0,9.38,12.59,6.0,6.0,18.75,25.18,3.0,3.0,9.38,12.59,7.0,7.0,21.88,29.37,0.0,0.0,0.0,0.0,3.0,3.0,9.38,12.59,1.0,1.0,3.12,4.2,2.0,2.0,6.25,8.39,9.0,9.0,28.12,37.76,1.0,1.0,3.12,4.2,5.0,5.0,15.62,20.98,3.0,3.0,9.38,12.59,2.0,2.0,6.25,8.39,0.0,0.0,0.0,0.0,0.0,0.0,0.0,0.0,6.0,6.0,18.75,25.18,5.0,5.0,15.62,20.98,15.62,37.5,-21.88,89.51,-7.0,-7.0,-21.88,8.58,8.58,0.23,0.17,0.5,0.0,0.33,0.17,0.67,0.29,0.9,0.65,0.0,0.0,0.19,15.62,0.23
13029,杰倫,新北國王,3,21|10874|13029,李愷諺/熊祥泰/杰倫,1,5,6.0,62.07,1.03,01:02,62.07,1.03,01:02,0.0,0.0,0.0,0.0,4.0,4.0,66.67,139.2,2.0,2.0,33.33,69.6,0.0,0.0,0.0,0.0,0.0,0.0,0.0,0.0,0.0,0.0,0.0,0.0,2.0,2.0,33.33,69.6,0.0,0.0,0.0,0.0,0.0,0.0,0.0,0.0,0.0,0.0,0.0,0.0,1.0,1.0,16.67,34.8,1.0,1.0,16.67,34.8,0.0,0.0,0.0,0.0,1.0,1.0,16.67,34.8,1.0,1.0,16.67,34.8,0.0,0.0,0.0,0.0,0.0,0.0,0.0,0.0,0.0,0.0,0.0,0.0,0.0,0.0,0.0,0.0,2.0,2.0,33.33,69.6,0.0,66.67,-66.67,139.2,-4.0,-4.0,-66.67,1.03,1.03,0.0,0.0,,0.0,,0.33,,0.5,1.0,0.67,0.0,0.0,0.0,33.33,0.0
13029,杰倫,新北國王,3,29|10874|13029,林書緯/熊祥泰/杰倫,1,22,26.0,401.9,6.7,06:42,401.9,6.7,06:42,2.0,2.0,7.69,10.75,11.0,11.0,42.31,59.12,11.0,11.0,42.31,59.12,2.0,2.0,7.69,10.75,4.0,4.0,15.38,21.5,2.0,2.0,7.69,10.75,7.0,7.0,26.92,37.62,0.0,0.0,0.0,0.0,0.0,0.0,0.0,0.0,0.0,0.0,0.0,0.0,2.0,2.0,7.69,10.75,7.0,7.0,26.92,37.62,1.0,1.0,3.85,5.37,5.0,5.0,19.23,26.87,3.0,3.0,11.54,16.12,1.0,1.0,3.85,5.37,0.0,0.0,0.0,0.0,0.0,0.0,0.0,0.0,3.0,3.0,11.54,16.12,3.0,3.0,11.54,16.12,7.69,42.31,-34.62,93.16,-9.0,-9.0,-34.62,6.7,6.7,0.18,0.09,0.5,0.0,,0.21,0.5,0.29,0.88,0.6,0.0,0.0,0.12,11.54,0.0
13029,杰倫,新北國王,3,32|10874|13029,奧帝/熊祥泰/杰倫,1,17,19.0,312.18,5.2,05:12,312.18,5.2,05:12,3.0,3.0,15.79,20.76,5.0,5.0,26.32,34.6,8.0,8.0,42.11,55.35,2.0,2.0,10.53,13.84,4.0,4.0,21.05,27.68,2.0,2.0,10.53,13.84,4.0,4.0,21.05,27.68,0.0,0.0,0.0,0.0,3.0,3.0,15.79,20.76,1.0,1.0,5.26,6.92,1.0,1.0,5.26,6.92,6.0,6.0,31.58,41.52,0.0,0.0,0.0,0.0,3.0,3.0,15.79,20.76,2.0,2.0,10.53,13.84,2.0,2.0,10.53,13.84,0.0,0.0,0.0,0.0,0.0,0.0,0.0,0.0,6.0,6.0,31.58,41.52,2.0,2.0,10.53,13.84,15.79,26.32,-10.53,87.64,-2.0,-2.0,-10.53,5.2,5.2,0.25,0.16,0.5,0.0,0.33,0.18,1.0,0.25,1.0,0.7,0.0,0.0,0.32,10.53,0.38
13029,杰倫,新北國王,4,21|29|10874|13029,李愷諺/林書緯/熊祥泰/杰倫,1,5,6.0,62.07,1.03,01:02,62.07,1.03,01:02,0.0,0.0,0.0,0.0,4.0,4.0,66.67,139.2,2.0,2.0,33.33,69.6,0.0,0.0,0.0,0.0,0.0,0.0,0.0,0.0,0.0,0.0,0.0,0.0,2.0,2.0,33.33,69.6,0.0,0.0,0.0,0.0,0.0,0.0,0.0,0.0,0.0,0.0,0.0,0.0,1.0,1.0,16.67,34.8,1.0,1.0,16.67,34.8,0.0,0.0,0.0,0.0,1.0,1.0,16.67,34.8,1.0,1.0,16.67,34.8,0.0,0.0,0.0,0.0,0.0,0.0,0.0,0.0,0.0,0.0,0.0,0.0,0.0,0.0,0.0,0.0,2.0,2.0,33.33,69.6,0.0,66.67,-66.67,139.2,-4.0,-4.0,-66.67,1.03,1.03,0.0,0.0,,0.0,,0.33,,0.5,1.0,0.67,0.0,0.0,0.0,33.33,0.0
13029,杰倫,新北國王,4,21|32|10874|13029,李愷諺/奧帝/熊祥泰/杰倫,1,4,5.0,61.3,1.02,01:01,61.3,1.02,01:01,0.0,0.0,0.0,0.0,2.0,2.0,40.0,70.48,2.0,2.0,40.0,70.48,0.0,0.0,0.0,0.0,0.0,0.0,0.0,0.0,0.0,0.0,0.0,0.0,2.0,2.0,40.0,70.48,0.0,0.0,0.0,0.0,0.0,0.0,0.0,0.0,0.0,0.0,0.0,0.0,1.0,1.0,20.0,35.24,1.0,1.0,20.0,35.24,0.0,0.0,0.0,0.0,1.0,1.0,20.0,35.24,1.0,1.0,20.0,35.24,0.0,0.0,0.0,0.0,0.0,0.0,0.0,0.0,0.0,0.0,0.0,0.0,0.0,0.0,0.0,0.0,0.0,0.0,0.0,0.0,0.0,40.0,-40.0,117.46,-2.0,-2.0,-40.0,1.02,1.02,0.0,0.0,,0.0,,0.33,,0.5,1.0,0.67,0.0,0.0,0.0,0.0,0.0
13029,杰倫,新北國王,4,29|32|10874|13029,林書緯/奧帝/熊祥泰/杰倫,1,11,13.0,199.3,3.32,03:19,199.3,3.32,03:19,0.0,0.0,0.0,0.0,4.0,4.0,30.77,43.35,6.0,6.0,46.15,65.03,1.0,1.0,7.69,10.84,2.0,2.0,15.38,21.68,1.0,1.0,7.69,10.84,4.0,4.0,30.77,43.35,0.0,0.0,0.0,0.0,0.0,0.0,0.0,0.0,0.0,0.0,0.0,0.0,1.0,1.0,7.69,10.84,4.0,4.0,30.77,43.35,0.0,0.0,0.0,0.0,3.0,3.0,23.08,32.51,2.0,2.0,15.38,21.68,1.0,1.0,7.69,10.84,0.0,0.0,0.0,0.0,0.0,0.0,0.0,0.0,3.0,3.0,23.08,32.51,0.0,0.0,0.0,0.0,0.0,30.77,-30.77,93.93,-4.0,-4.0,-30.77,3.32,3.32,0.17,0.0,0.5,0.0,,0.25,1.0,0.25,1.0,0.62,0.0,0.0,0.23,0.0,0.0
13029,杰倫,新北國王,5,21|29|32|10874|13029,李愷諺/林書緯/奧帝/熊祥泰/杰倫,1,4,5.0,61.3,1.02,01:01,61.3,1.02,01:01,0.0,0.0,0.0,0.0,2.0,2.0,40.0,70.48,2.0,2.0,40.0,70.48,0.0,0.0,0.0,0.0,0.0,0.0,0.0,0.0,0.0,0.0,0.0,0.0,2.0,2.0,40.0,70.48,0.0,0.0,0.0,0.0,0.0,0.0,0.0,0.0,0.0,0.0,0.0,0.0,1.0,1.0,20.0,35.24,1.0,1.0,20.0,35.24,0.0,0.0,0.0,0.0,1.0,1.0,20.0,35.24,1.0,1.0,20.0,35.24,0.0,0.0,0.0,0.0,0.0,0.0,0.0,0.0,0.0,0.0,0.0,0.0,0.0,0.0,0.0,0.0,0.0,0.0,0.0,0.0,0.0,40.0,-40.0,117.46,-2.0,-2.0,-40.0,1.02,1.02,0.0,0.0,,0.0,,0.33,,0.5,1.0,0.67,0.0,0.0,0.0,0.0,0.0
21,李愷諺,新北國王,2,21|23,李愷諺/王柏智,1,17,21.0,254.0,4.23,04:14,254.0,4.23,04:14,7.0,7.0,33.33,59.53,7.0,7.0,33.33,59.53,9.0,9.0,42.86,76.54,3.0,3.0,14.29,25.51,5.0,5.0,23.81,42.52,2.0,2.0,9.52,17.01,4.0,4.0,19.05,34.02,1.0,1.0,4.76,8.5,0.0,0.0,0.0,0.0,0.0,0.0,0.0,0.0,2.0,2.0,9.52,17.01,4.0,4.0,19.05,34.02,1.0,1.0,4.76,8.5,4.0,4.0,19.05,34.02,1.0,1.0,4.76,8.5,2.0,2.0,9.52,17.01,0.0,0.0,0.0,0.0,0.0,0.0,0.0,0.0,4.0,4.0,19.05,34.02,2.0,2.0,9.52,17.01,33.33,33.33,0.0,119.06,0.0,0.0,0.0,4.23,4.23,0.39,0.39,0.4,0.25,,0.1,0.67,0.33,0.8,0.55,0.0,0.0,0.19,9.52,0.0
21,李愷諺,新北國王,2,21|14038,李愷諺/飛米,1,54,61.0,790.36,13.17,13:10,790.36,13.17,13:10,28.0,28.0,45.9,76.52,28.0,28.0,45.9,76.52,22.0,22.0,36.07,60.12,9.0,9.0,14.75,24.6,10.0,10.0,16.39,27.33,5.0,5.0,8.2,13.66,12.0,12.0,19.67,32.8,4.0,4.0,6.56,10.93,7.0,7.0,11.48,19.13,6.0,6.0,9.84,16.4,3.0,3.0,4.92,8.2,10.0,10.0,16.39,27.33,3.0,3.0,4.92,8.2,8.0,8.0,13.11,21.86,3.0,3.0,4.92,8.2,8.0,8.0,13.11,21.86,0.0,0.0,0.0,0.0,0.0,0.0,0.0,0.0,8.0,8.0,13.11,21.86,6.0,6.0,9.84,16.4,45.9,45.9,0.0,111.14,0.0,0.0,0.0,13.17,13.17,0.5,0.56,0.5,0.33,0.86,0.11,0.89,0.27,0.77,0.54,0.0,0.0,0.13,9.84,0.32
21,李愷諺,新北國王,3,21|23|29,李愷諺/王柏智/林書緯,1,15,17.0,205.0,3.42,03:25,205.0,3.42,03:25,5.0,5.0,29.41,52.68,4.0,4.0,23.53,42.15,6.0,6.0,35.29,63.22,2.0,2.0,11.76,21.07,3.0,3.0,17.65,31.61,1.0,1.0,5.88,10.54,3.0,3.0,17.65,31.61,1.0,1.0,5.88,10.54,0.0,0.0,0.0,0.0,0.0,0.0,0.0,0.0,0.0,0.0,0.0,0.0,4.0,4.0,23.53,42.15,1.0,1.0,5.88,10.54,4.0,4.0,23.53,42.15,1.0,1.0,5.88,10.54,2.0,2.0,11.76,21.07,0.0,0.0,0.0,0.0,0.0,0.0,0.0,0.0,2.0,2.0,11.76,21.07,2.0,2.0,11.76,21.07,29.41,23.53,5.88,119.41,1.0,1.0,5.88,3.42,3.42,0.42,0.42,0.33,0.33,,0.14,1.0,0.0,0.8,0.44,0.0,0.0,0.12,11.76,0.0
21,李愷諺,新北國王,3,21|23|13029,李愷諺/王柏智/杰倫,1,17,21.0,254.0,4.23,04:14,254.0,4.23,04:14,7.0,7.0,33.33,59.53,7.0,7.0,33.33,59.53,9.0,9.0,42.86,76.54,3.0,3.0,14.29,25.51,5.0,5.0,23.81,42.52,2.0,2.0,9.52,17.01,4.0,4.0,19.05,34.02,1.0,1.0,4.76,8.5,0.0,0.0,0.0,0.0,0.0,0.0,0.0,0.0,2.0,2.0,9.52,17.01,4.0,4.0,19.05,34.02,1.0,1.0,4.76,8.5,4.0,4.0,19.05,34.02,1.0,1.0,4.76,8.5,2.0,2.0,9.52,17.01,0.0,0.0,0.0,0.0,0.0,0.0,0.0,0.0,4.0,4.0,19.05,34.02,2.0,2.0,9.52,17.01,33.33,33.33,0.0,119.06,0.0,0.0,0.0,4.23,4.23,0.39,0.39,0.4,0.25,,0.1,0.67,0.33,0.8,0.55,0.0,0.0,0.19,9.52,0.0
21,李愷諺,新北國王,3,21|23|14038,李愷諺/王柏智/飛米,1,17,21.0,254.0,4.23,04:14,254.0,4.23,04:14,7.0,7.0,33.33,59.53,7.0,7.0,33.33,59.53,9.0,9.0,42.86,76.54,3.0,3.0,14.29,25.51,5.0,5.0,23.81,42.52,2.0,2.0,9.52,17.01,4.0,4.0,19.05,34.02,1.0,1.0,4.76,8.5,0.0,0.0,0.0,0.0,0.0,0.0,0.0,0.0,2.0,2.0,9.52,17.01,4.0,4.0,19.05,34.02,1.0,1.0,4.76,8.5,4.0,4.0,19.05,34.02,1.0,1.0,4.76,8.5,2.0,2.0,9.52,17.01,0.0,0.0,0.0,0.0,0.0,0.0,0.0,0.0,4.0,4.0,19.05,34.02,2.0,2.0,9.52,17.01,33.33,33.33,0.0,119.06,0.0,0.0,0.0,4.23,4.23,0.39,0.39,0.4,0.25,,0.1,0.67,0.33,0.8,0.55,0.0,0.0,0.19,9.52,0.0
21,李愷諺,新北國王,3,21|29|14038,李愷諺/林書緯/飛米,1,41,45.0,571.5,9.52,09:31,571.5,9.52,09:31,15.0,15.0,33.33,56.69,21.0,21.0,46.67,79.37,14.0,14.0,31.11,52.91,4.0,4.0,8.89,15.12,5.0,5.0,11.11,18.9,2.0,2.0,4.44,7.56,9.0,9.0,20.0,34.02,2.0,2.0,4.44,7.56,5.0,5.0,11.11,18.9,5.0,5.0,11.11,18.9,0.0,0.0,0.0,0.0,10.0,10.0,22.22,37.8,3.0,3.0,6.67,11.34,6.0,6.0,13.33,22.68,3.0,3.0,6.67,11.34,4.0,4.0,8.89,15.12,0.0,0.0,0.0,0.0,0.0,0.0,0.0,0.0,5.0,5.0,11.11,18.9,6.0,6.0,13.33,22.68,33.33,46.67,-13.33,113.39,-6.0,-6.0,-13.33,9.52,9.52,0.36,0.46,0.4,0.22,1.0,0.16,1.0,0.0,0.77,0.53,0.0,0.0,0.11,13.33,0.36
21,李愷諺,新北國王,3,21|13029|14038,李愷諺/杰倫/飛米,1,31,36.0,439.51,7.33,07:20,439.51,7.33,07:20,8.0,8.0,22.22,39.32,17.0,17.0,47.22,83.55,14.0,14.0,38.89,68.8,3.0,3.0,8.33,14.74,6.0,6.0,16.67,29.49,2.0,2.0,5.56,9.83,8.0,8.0,22.22,39.32,1.0,1.0,2.78,4.91,1.0,1.0,2.78,4.91,1.0,1.0,2.78,4.91,2.0,2.0,5.56,9.83,9.0,9.0,25.0,44.23,2.0,2.0,5.56,9.83,4.0,4.0,11.11,19.66,1.0,1.0,2.78,4.91,2.0,2.0,5.56,9.83,0.0,0.0,0.0,0.0,0.0,0.0,0.0,0.0,5.0,5.0,13.89,24.57,4.0,4.0,11.11,19.66,22.22,47.22,-25.0,117.95,-9.0,-9.0,-25.0,7.33,7.33,0.25,0.28,0.33,0.12,1.0,0.06,0.67,0.33,0.82,0.65,0.0,0.0,0.14,11.11,0.07
21,李愷諺,新北國王,4,21|23|29|13029,李愷諺/王柏智/林書緯/杰倫,1,15,17.0,205.0,3.42,03:25,205.0,3.42,03:25,5.0,5.0,29.41,52.68,4.0,4.0,23.53,42.15,6.0,6.0,35.29,63.22,2.0,2.0,11.76,21.07,3.0,3.0,17.65,31.61,1.0,1.0,5.88,10.54,3.0,3.0,17.65,31.61,1.0,1.0,5.88,10.54,0.0,0.0,0.0,0.0,0.0,0.0,0.0,0.0,0.0,0.0,0.0,0.0,4.0,4.0,23.53,42.15,1.0,1.0,5.88,10.54,4.0,4.0,23.53,42.15,1.0,1.0,5.88,10.54,2.0,2.0,11.76,21.07,0.0,0.0,0.0,0.0,0.0,0.0,0.0,0.0,2.0,2.0,11.76,21.07,2.0,2.0,11.76,21.07,29.41,23.53,5.88,119.41,1.0,1.0,5.88,3.42,3.42,0.42,0.42,0.33,0.33,,0.14,1.0,0.0,0.8,0.44,0.0,0.0,0.12,11.76,0.0
21,李愷諺,新北國王,4,21|23|29|14038,李愷諺/王柏智/林書緯/飛米,1,15,17.0,205.0,3.42,03:25,205.0,3.42,03:25,5.0,5.0,29.41,52.68,4.0,4.0,23.53,42.15,6.0,6.0,35.29,63.22,2.0,2.0,11.76,21.07,3.0,3.0,17.65,31.61,1.0,1.0,5.88,10.54,3.0,3.0,17.65,31.61,1.0,1.0,5.88,10.54,0.0,0.0,0.0,0.0,0.0,0.0,0.0,0.0,0.0,0.0,0.0,0.0,4.0,4.0,23.53,42.15,1.0,1.0,5.88,10.54,4.0,4.0,23.53,42.15,1.0,1.0,5.88,10.54,2.0,2.0,11.76,21.07,0.0,0.0,0.0,0.0,0.0,0.0,0.0,0.0,2.0,2.0,11.76,21.07,2.0,2.0,11.76,21.07,29.41,23.53,5.88,119.41,1.0,1.0,5.88,3.42,3.42,0.42,0.42,0.33,0.33,,0.14,1.0,0.0,0.8,0.44,0.0,0.0,0.12,11.76,0.0
21,李愷諺,新北國王,4,21|23|13029|14038,李愷諺/王柏智/杰倫/飛米,1,17,21.0,254.0,4.23,04:14,254.0,4.23,04:14,7.0,7.0,33.33,59.53,7.0,7.0,33.33,59.53,9.0,9.0,42.86,76.54,3.0,3.0,14.29,25.51,5.0,5.0,23.81,42.52,2.0,2.0,9.52,17.01,4.0,4.0,19.05,34.02,1.0,1.0,4.76,8.5,0.0,0.0,0.0,0.0,0.0,0.0,0.0,0.0,2.0,2.0,9.52,17.01,4.0,4.0,19.05,34.02,1.0,1.0,4.76,8.5,4.0,4.0,19.05,34.02,1.0,1.0,4.76,8.5,2.0,2.0,9.52,17.01,0.0,0.0,0.0,0.0,0.0,0.0,0.0,0.0,4.0,4.0,19.05,34.02,2.0,2.0,9.52,17.01,33.33,33.33,0.0,119.06,0.0,0.0,0.0,4.23,4.23,0.39,0.39,0.4,0.25,,0.1,0.67,0.33,0.8,0.55,0.0,0.0,0.19,9.52,0.0
21,李愷諺,新北國王,4,21|29|13029|14038,李愷諺/林書緯/杰倫/飛米,1,28,31.0,387.51,6.46,06:28,387.51,6.46,06:28,6.0,6.0,19.35,33.44,14.0,14.0,45.16,78.04,11.0,11.0,35.48,61.31,2.0,2.0,6.45,11.15,4.0,4.0,12.9,22.3,1.0,1.0,3.23,5.57,7.0,7.0,22.58,39.02,1.0,1.0,3.23,5.57,1.0,1.0,3.23,5.57,1.0,1.0,3.23,5.57,0.0,0.0,0.0,0.0,9.0,9.0,29.03,50.17,2.0,2.0,6.45,11.15,4.0,4.0,12.9,22.3,1.0,1.0,3.23,5.57,2.0,2.0,6.45,11.15,0.0,0.0,0.0,0.0,0.0,0.0,0.0,0.0,3.0,3.0,9.68,16.72,4.0,4.0,12.9,22.3,19.35,45.16,-25.81,115.2,-8.0,-8.0,-25.81,6.46,6.46,0.23,0.26,0.25,0.14,1.0,0.08,1.0,0.0,0.82,0.6,0.0,0.0,0.1,12.9,0.09
21,李愷諺,新北國王,5,21|23|29|13029|14038,李愷諺/王柏智/林書緯/杰倫/飛米,1,15,17.0,205.0,3.42,03:25,205.0,3.42,03:25,5.0,5.0,29.41,52.68,4.0,4.0,23.53,42.15,6.0,6.0,35.29,63.22,2.0,2.0,11.76,21.07,3.0,3.0,17.65,31.61,1.0,1.0,5.88,10.54,3.0,3.0,17.65,31.61,1.0,1.0,5.88,10.54,0.0,0.0,0.0,0.0,0.0,0.0,0.0,0.0,0.0,0.0,0.0,0.0,4.0,4.0,23.53,42.15,1.0,1.0,5.88,10.54,4.0,4.0,23.53,42.15,1.0,1.0,5.88,10.54,2.0,2.0,11.76,21.07,0.0,0.0,0.0,0.0,0.0,0.0,0.0,0.0,2.0,2.0,11.76,21.07,2.0,2.0,11.76,21.07,29.41,23.53,5.88,119.41,1.0,1.0,5.88,3.42,3.42,0.42,0.42,0.33,0.33,,0.14,1.0,0.0,0.8,0.44,0.0,0.0,0.12,11.76,0.0
23,王柏智,新北國王,2,21|23,李愷諺/王柏智,1,17,21.0,254.0,4.23,04:14,254.0,4.23,04:14,7.0,7.0,33.33,59.53,7.0,7.0,33.33,59.53,9.0,9.0,42.86,76.54,3.0,3.0,14.29,25.51,5.0,5.0,23.81,42.52,2.0,2.0,9.52,17.01,4.0,4.0,19.05,34.02,1.0,1.0,4.76,8.5,0.0,0.0,0.0,0.0,0.0,0.0,0.0,0.0,2.0,2.0,9.52,17.01,4.0,4.0,19.05,34.02,1.0,1.0,4.76,8.5,4.0,4.0,19.05,34.02,1.0,1.0,4.76,8.5,2.0,2.0,9.52,17.01,0.0,0.0,0.0,0.0,0.0,0.0,0.0,0.0,4.0,4.0,19.05,34.02,2.0,2.0,9.52,17.01,33.33,33.33,0.0,119.06,0.0,0.0,0.0,4.23,4.23,0.39,0.39,0.4,0.25,,0.1,0.67,0.33,0.8,0.55,0.0,0.0,0.19,9.52,0.0
23,王柏智,新北國王,2,23|29,王柏智/林書緯,1,15,17.0,205.0,3.42,03:25,205.0,3.42,03:25,5.0,5.0,29.41,52.68,4.0,4.0,23.53,42.15,6.0,6.0,35.29,63.22,2.0,2.0,11.76,21.07,3.0,3.0,17.65,31.61,1.0,1.0,5.88,10.54,3.0,3.0,17.65,31.61,1.0,1.0,5.88,10.54,0.0,0.0,0.0,0.0,0.0,0.0,0.0,0.0,0.0,0.0,0.0,0.0,4.0,4.0,23.53,42.15,1.0,1.0,5.88,10.54,4.0,4.0,23.53,42.15,1.0,1.0,5.88,10.54,2.0,2.0,11.76,21.07,0.0,0.0,0.0,0.0,0.0,0.0,0.0,0.0,2.0,2.0,11.76,21.07,2.0,2.0,11.76,21.07,29.41,23.53,5.88,119.41,1.0,1.0,5.88,3.42,3.42,0.42,0.42,0.33,0.33,,0.14,1.0,0.0,0.8,0.44,0.0,0.0,0.12,11.76,0.0
23,王柏智,新北國王,2,23|13029,王柏智/杰倫,1,17,21.0,254.0,4.23,04:14,254.0,4.23,04:14,7.0,7.0,33.33,59.53,7.0,7.0,33.33,59.53,9.0,9.0,42.86,76.54,3.0,3.0,14.29,25.51,5.0,5.0,23.81,42.52,2.0,2.0,9.52,17.01,4.0,4.0,19.05,34.02,1.0,1.0,4.76,8.5,0.0,0.0,0.0,0.0,0.0,0.0,0.0,0.0,2.0,2.0,9.52,17.01,4.0,4.0,19.05,34.02,1.0,1.0,4.76,8.5,4.0,4.0,19.05,34.02,1.0,1.0,4.76,8.5,2.0,2.0,9.52,17.01,0.0,0.0,0.0,0.0,0.0,0.0,0.0,0.0,4.0,4.0,19.05,34.02,2.0,2.0,9.52,17.01,33.33,33.33,0.0,119.06,0.0,0.0,0.0,4.23,4.23,0.39,0.39,0.4,0.25,,0.1,0.67,0.33,0.8,0.55,0.0,0.0,0.19,9.52,0.0
23,王柏智,新北國王,2,23|14038,王柏智/飛米,1,17,21.0,254.0,4.23,04:14,254.0,4.23,04:14,7.0,7.0,33.33,59.53,7.0,7.0,33.33,59.53,9.0,9.0,42.86,76.54,3.0,3.0,14.29,25.51,5.0,5.0,23.81,42.52,2.0,2.0,9.52,17.01,4.0,4.0,19.05,34.02,1.0,1.0,4.76,8.5,0.0,0.0,0.0,0.0,0.0,0.0,0.0,0.0,2.0,2.0,9.52,17.01,4.0,4.0,19.05,34.02,1.0,1.0,4.76,8.5,4.0,4.0,19.05,34.02,1.0,1.0,4.76,8.5,2.0,2.0,9.52,17.01,0.0,0.0,0.0,0.0,0.0,0.0,0.0,0.0,4.0,4.0,19.05,34.02,2.0,2.0,9.52,17.01,33.33,33.33,0.0,119.06,0.0,0.0,0.0,4.23,4.23,0.39,0.39,0.4,0.25,,0.1,0.67,0.33,0.8,0.55,0.0,0.0,0.19,9.52,0.0
23,王柏智,新北國王,3,21|23|29,李愷諺/王柏智/林書緯,1,15,17.0,205.0,3.42,03:25,205.0,3.42,03:25,5.0,5.0,29.41,52.68,4.0,4.0,23.53,42.15,6.0,6.0,35.29,63.22,2.0,2.0,11.76,21.07,3.0,3.0,17.65,31.61,1.0,1.0,5.88,10.54,3.0,3.0,17.65,31.61,1.0,1.0,5.88,10.54,0.0,0.0,0.0,0.0,0.0,0.0,0.0,0.0,0.0,0.0,0.0,0.0,4.0,4.0,23.53,42.15,1.0,1.0,5.88,10.54,4.0,4.0,23.53,42.15,1.0,1.0,5.88,10.54,2.0,2.0,11.76,21.07,0.0,0.0,0.0,0.0,0.0,0.0,0.0,0.0,2.0,2.0,11.76,21.07,2.0,2.0,11.76,21.07,29.41,23.53,5.88,119.41,1.0,1.0,5.88,3.42,3.42,0.42,0.42,0.33,0.33,,0.14,1.0,0.0,0.8,0.44,0.0,0.0,0.12,11.76,0.0
23,王柏智,新北國王,3,21|23|13029,李愷諺/王柏智/杰倫,1,17,21.0,254.0,4.23,04:14,254.0,4.23,04:14,7.0,7.0,33.33,59.53,7.0,7.0,33.33,59.53,9.0,9.0,42.86,76.54,3.0,3.0,14.29,25.51,5.0,5.0,23.81,42.52,2.0,2.0,9.52,17.01,4.0,4.0,19.05,34.02,1.0,1.0,4.76,8.5,0.0,0.0,0.0,0.0,0.0,0.0,0.0,0.0,2.0,2.0,9.52,17.01,4.0,4.0,19.05,34.02,1.0,1.0,4.76,8.5,4.0,4.0,19.05,34.02,1.0,1.0,4.76,8.5,2.0,2.0,9.52,17.01,0.0,0.0,0.0,0.0,0.0,0.0,0.0,0.0,4.0,4.0,19.05,34.02,2.0,2.0,9.52,17.01,33.33,33.33,0.0,119.06,0.0,0.0,0.0,4.23,4.23,0.39,0.39,0.4,0.25,,0.1,0.67,0.33,0.8,0.55,0.0,0.0,0.19,9.52,0.0
23,王柏智,新北國王,3,21|23|14038,李愷諺/王柏智/飛米,1,17,21.0,254.0,4.23,04:14,254.0,4.23,04:14,7.0,7.0,33.33,59.53,7.0,7.0,33.33,59.53,9.0,9.0,42.86,76.54,3.0,3.0,14.29,25.51,5.0,5.0,23.81,42.52,2.0,2.0,9.52,17.01,4.0,4.0,19.05,34.02,1.0,1.0,4.76,8.5,0.0,0.0,0.0,0.0,0.0,0.0,0.0,0.0,2.0,2.0,9.52,17.01,4.0,4.0,19.05,34.02,1.0,1.0,4.76,8.5,4.0,4.0,19.05,34.02,1.0,1.0,4.76,8.5,2.0,2.0,9.52,17.01,0.0,0.0,0.0,0.0,0.0,0.0,0.0,0.0,4.0,4.0,19.05,34.02,2.0,2.0,9.52,17.01,33.33,33.33,0.0,119.06,0.0,0.0,0.0,4.23,4.23,0.39,0.39,0.4,0.25,,0.1,0.67,0.33,0.8,0.55,0.0,0.0,0.19,9.52,0.0
23,王柏智,新北國王,3,23|29|13029,王柏智/林書緯/杰倫,1,15,17.0,205.0,3.42,03:25,205.0,3.42,03:25,5.0,5.0,29.41,52.68,4.0,4.0,23.53,42.15,6.0,6.0,35.29,63.22,2.0,2.0,11.76,21.07,3.0,3.0,17.65,31.61,1.0,1.0,5.88,10.54,3.0,3.0,17.65,31.61,1.0,1.0,5.88,10.54,0.0,0.0,0.0,0.0,0.0,0.0,0.0,0.0,0.0,0.0,0.0,0.0,4.0,4.0,23.53,42.15,1.0,1.0,5.88,10.54,4.0,4.0,23.53,42.15,1.0,1.0,5.88,10.54,2.0,2.0,11.76,21.07,0.0,0.0,0.0,0.0,0.0,0.0,0.0,0.0,2.0,2.0,11.76,21.07,2.0,2.0,11.76,21.07,29.41,23.53,5.88,119.41,1.0,1.0,5.88,3.42,3.42,0.42,0.42,0.33,0.33,,0.14,1.0,0.0,0.8,0.44,0.0,0.0,0.12,11.76,0.0
23,王柏智,新北國王,3,23|29|14038,王柏智/林書緯/飛米,1,15,17.0,205.0,3.42,03:25,205.0,3.42,03:25,5.0,5.0,29.41,52.68,4.0,4.0,23.53,42.15,6.0,6.0,35.29,63.22,2.0,2.0,11.76,21.07,3.0,3.0,17.65,31.61,1.0,1.0,5.88,10.54,3.0,3.0,17.65,31.61,1.0,1.0,5.88,10.54,0.0,0.0,0.0,0.0,0.0,0.0,0.0,0.0,0.0,0.0,0.0,0.0,4.0,4.0,23.53,42.15,1.0,1.0,5.88,10.54,4.0,4.0,23.53,42.15,1.0,1.0,5.88,10.54,2.0,2.0,11.76,21.07,0.0,0.0,0.0,0.0,0.0,0.0,0.0,0.0,2.0,2.0,11.76,21.07,2.0,2.0,11.76,21.07,29.41,23.53,5.88,119.41,1.0,1.0,5.88,3.42,3.42,0.42,0.42,0.33,0.33,,0.14,1.0,0.0,0.8,0.44,0.0,0.0,0.12,11.76,0.0
23,王柏智,新北國王,3,23|13029|14038,王柏智/杰倫/飛米,1,17,21.0,254.0,4.23,04:14,254.0,4.23,04:14,7.0,7.0,33.33,59.53,7.0,7.0,33.33,59.53,9.0,9.0,42.86,76.54,3.0,3.0,14.29,25.51,5.0,5.0,23.81,42.52,2.0,2.0,9.52,17.01,4.0,4.0,19.05,34.02,1.0,1.0,4.76,8.5,0.0,0.0,0.0,0.0,0.0,0.0,0.0,0.0,2.0,2.0,9.52,17.01,4.0,4.0,19.05,34.02,1.0,1.0,4.76,8.5,4.0,4.0,19.05,34.02,1.0,1.0,4.76,8.5,2.0,2.0,9.52,17.01,0.0,0.0,0.0,0.0,0.0,0.0,0.0,0.0,4.0,4.0,19.05,34.02,2.0,2.0,9.52,17.01,33.33,33.33,0.0,119.06,0.0,0.0,0.0,4.23,4.23,0.39,0.39,0.4,0.25,,0.1,0.67,0.33,0.8,0.55,0.0,0.0,0.19,9.52,0.0
23,王柏智,新北國王,4,21|23|29|13029,李愷諺/王柏智/林書緯/杰倫,1,15,17.0,205.0,3.42,03:25,205.0,3.42,03:25,5.0,5.0,29.41,52.68,4.0,4.0,23.53,42.15,6.0,6.0,35.29,63.22,2.0,2.0,11.76,21.07,3.0,3.0,17.65,31.61,1.0,1.0,5.88,10.54,3.0,3.0,17.65,31.61,1.0,1.0,5.88,10.54,0.0,0.0,0.0,0.0,0.0,0.0,0.0,0.0,0.0,0.0,0.0,0.0,4.0,4.0,23.53,42.15,1.0,1.0,5.88,10.54,4.0,4.0,23.53,42.15,1.0,1.0,5.88,10.54,2.0,2.0,11.76,21.07,0.0,0.0,0.0,0.0,0.0,0.0,0.0,0.0,2.0,2.0,11.76,21.07,2.0,2.0,11.76,21.07,29.41,23.53,5.88,119.41,1.0,1.0,5.88,3.42,3.42,0.42,0.42,0.33,0.33,,0.14,1.0,0.0,0.8,0.44,0.0,0.0,0.12,11.76,0.0
23,王柏智,新北國王,4,21|23|29|14038,李愷諺/王柏智/林書緯/飛米,1,15,17.0,205.0,3.42,03:25,205.0,3.42,03:25,5.0,5.0,29.41,52.68,4.0,4.0,23.53,42.15,6.0,6.0,35.29,63.22,2.0,2.0,11.76,21.07,3.0,3.0,17.65,31.61,1.0,1.0,5.88,10.54,3.0,3.0,17.65,31.61,1.0,1.0,5.88,10.54,0.0,0.0,0.0,0.0,0.0,0.0,0.0,0.0,0.0,0.0,0.0,0.0,4.0,4.0,23.53,42.15,1.0,1.0,5.88,10.54,4.0,4.0,23.53,42.15,1.0,1.0,5.88,10.54,2.0,2.0,11.76,21.07,0.0,0.0,0.0,0.0,0.0,0.0,0.0,0.0,2.0,2.0,11.76,21.07,2.0,2.0,11.76,21.07,29.41,23.53,5.88,119.41,1.0,1.0,5.88,3.42,3.42,0.42,0.42,0.33,0.33,,0.14,1.0,0.0,0.8,0.44,0.0,0.0,0.12,11.76,0.0
23,王柏智,新北國王,4,21|23|13029|14038,李愷諺/王柏智/杰倫/飛米,1,17,21.0,254.0,4.23,04:14,254.0,4.23,04:14,7.0,7.0,33.33,59.53,7.0,7.0,33.33,59.53,9.0,9.0,42.86,76.54,3.0,3.0,14.29,25.51,5.0,5.0,23.81,42.52,2.0,2.0,9.52,17.01,4.0,4.0,19.05,34.02,1.0,1.0,4.76,8.5,0.0,0.0,0.0,0.0,0.0,0.0,0.0,0.0,2.0,2.0,9.52,17.01,4.0,4.0,19.05,34.02,1.0,1.0,4.76,8.5,4.0,4.0,19.05,34.02,1.0,1.0,4.76,8.5,2.0,2.0,9.52,17.01,0.0,0.0,0.0,0.0,0.0,0.0,0.0,0.0,4.0,4.0,19.05,34.02,2.0,2.0,9.52,17.01,33.33,33.33,0.0,119.06,0.0,0.0,0.0,4.23,4.23,0.39,0.39,0.4,0.25,,0.1,0.67,0.33,0.8,0.55,0.0,0.0,0.19,9.52,0.0
23,王柏智,新北國王,4,23|29|13029|14038,王柏智/林書緯/杰倫/飛米,1,15,17.0,205.0,3.42,03:25,205.0,3.42,03:25,5.0,5.0,29.41,52.68,4.0,4.0,23.53,42.15,6.0,6.0,35.29,63.22,2.0,2.0,11.76,21.07,3.0,3.0,17.65,31.61,1.0,1.0,5.88,10.54,3.0,3.0,17.65,31.61,1.0,1.0,5.88,10.54,0.0,0.0,0.0,0.0,0.0,0.0,0.0,0.0,0.0,0.0,0.0,0.0,4.0,4.0,23.53,42.15,1.0,1.0,5.88,10.54,4.0,4.0,23.53,42.15,1.0,1.0,5.88,10.54,2.0,2.0,11.76,21.07,0.0,0.0,0.0,0.0,0.0,0.0,0.0,0.0,2.0,2.0,11.76,21.07,2.0,2.0,11.76,21.07,29.41,23.53,5.88,119.41,1.0,1.0,5.88,3.42,3.42,0.42,0.42,0.33,0.33,,0.14,1.0,0.0,0.8,0.44,0.0,0.0,0.12,11.76,0.0
23,王柏智,新北國王,5,21|23|29|13029|14038,李愷諺/王柏智/林書緯/杰倫/飛米,1,15,17.0,205.0,3.42,03:25,205.0,3.42,03:25,5.0,5.0,29.41,52.68,4.0,4.0,23.53,42.15,6.0,6.0,35.29,63.22,2.0,2.0,11.76,21.07,3.0,3.0,17.65,31.61,1.0,1.0,5.88,10.54,3.0,3.0,17.65,31.61,1.0,1.0,5.88,10.54,0.0,0.0,0.0,0.0,0.0,0.0,0.0,0.0,0.0,0.0,0.0,0.0,4.0,4.0,23.53,42.15,1.0,1.0,5.88,10.54,4.0,4.0,23.53,42.15,1.0,1.0,5.88,10.54,2.0,2.0,11.76,21.07,0.0,0.0,0.0,0.0,0.0,0.0,0.0,0.0,2.0,2.0,11.76,21.07,2.0,2.0,11.76,21.07,29.41,23.53,5.88,119.41,1.0,1.0,5.88,3.42,3.42,0.42,0.42,0.33,0.33,,0.14,1.0,0.0,0.8,0.44,0.0,0.0,0.12,11.76,0.0
29,林書緯,新北國王,2,23|29,王柏智/林書緯,1,15,17.0,205.0,3.42,03:25,205.0,3.42,03:25,5.0,5.0,29.41,52.68,4.0,4.0,23.53,42.15,6.0,6.0,35.29,63.22,2.0,2.0,11.76,21.07,3.0,3.0,17.65,31.61,1.0,1.0,5.88,10.54,3.0,3.0,17.65,31.61,1.0,1.0,5.88,10.54,0.0,0.0,0.0,0.0,0.0,0.0,0.0,0.0,0.0,0.0,0.0,0.0,4.0,4.0,23.53,42.15,1.0,1.0,5.88,10.54,4.0,4.0,23.53,42.15,1.0,1.0,5.88,10.54,2.0,2.0,11.76,21.07,0.0,0.0,0.0,0.0,0.0,0.0,0.0,0.0,2.0,2.0,11.76,21.07,2.0,2.0,11.76,21.07,29.41,23.53,5.88,119.41,1.0,1.0,5.88,3.42,3.42,0.42,0.42,0.33,0.33,,0.14,1.0,0.0,0.8,0.44,0.0,0.0,0.12,11.76,0.0
29,林書緯,新北國王,2,29|14038,林書緯/飛米,1,100,114.0,1519.2,25.32,25:19,1519.2,25.32,25:19,51.0,51.0,44.74,72.51,48.0,48.0,42.11,68.25,37.0,37.0,32.46,52.61,14.0,14.0,12.28,19.91,12.0,12.0,10.53,17.06,5.0,5.0,4.39,7.11,25.0,25.0,21.93,35.54,9.0,9.0,7.89,12.8,14.0,14.0,12.28,19.91,12.0,12.0,10.53,17.06,4.0,4.0,3.51,5.69,19.0,19.0,16.67,27.01,7.0,7.0,6.14,9.95,22.0,22.0,19.3,31.28,9.0,9.0,7.89,12.8,13.0,13.0,11.4,18.48,5.0,5.0,4.39,7.11,0.0,0.0,0.0,0.0,8.0,8.0,7.02,11.37,12.0,12.0,10.53,17.06,44.74,42.11,2.63,108.06,3.0,3.0,2.63,25.32,25.32,0.5,0.59,0.42,0.36,0.86,0.17,0.93,0.15,0.73,0.44,4.39,0.0,0.07,10.53,0.38
29,林書緯,新北國王,3,21|23|29,李愷諺/王柏智/林書緯,1,15,17.0,205.0,3.42,03:25,205.0,3.42,03:25,5.0,5.0,29.41,52.68,4.0,4.0,23.53,42.15,6.0,6.0,35.29,63.22,2.0,2.0,11.76,21.07,3.0,3.0,17.65,31.61,1.0,1.0,5.88,10.54,3.0,3.0,17.65,31.61,1.0,1.0,5.88,10.54,0.0,0.0,0.0,0.0,0.0,0.0,0.0,0.0,0.0,0.0,0.0,0.0,4.0,4.0,23.53,42.15,1.0,1.0,5.88,10.54,4.0,4.0,23.53,42.15,1.0,1.0,5.88,10.54,2.0,2.0,11.76,21.07,0.0,0.0,0.0,0.0,0.0,0.0,0.0,0.0,2.0,2.0,11.76,21.07,2.0,2.0,11.76,21.07,29.41,23.53,5.88,119.41,1.0,1.0,5.88,3.42,3.42,0.42,0.42,0.33,0.33,,0.14,1.0,0.0,0.8,0.44,0.0,0.0,0.12,11.76,0.0
29,林書緯,新北國王,3,21|29|14038,李愷諺/林書緯/飛米,1,41,45.0,571.5,9.52,09:31,571.5,9.52,09:31,15.0,15.0,33.33,56.69,21.0,21.0,46.67,79.37,14.0,14.0,31.11,52.91,4.0,4.0,8.89,15.12,5.0,5.0,11.11,18.9,2.0,2.0,4.44,7.56,9.0,9.0,20.0,34.02,2.0,2.0,4.44,7.56,5.0,5.0,11.11,18.9,5.0,5.0,11.11,18.9,0.0,0.0,0.0,0.0,10.0,10.0,22.22,37.8,3.0,3.0,6.67,11.34,6.0,6.0,13.33,22.68,3.0,3.0,6.67,11.34,4.0,4.0,8.89,15.12,0.0,0.0,0.0,0.0,0.0,0.0,0.0,0.0,5.0,5.0,11.11,18.9,6.0,6.0,13.33,22.68,33.33,46.67,-13.33,113.39,-6.0,-6.0,-13.33,9.52,9.52,0.36,0.46,0.4,0.22,1.0,0.16,1.0,0.0,0.77,0.53,0.0,0.0,0.11,13.33,0.36
29,林書緯,新北國王,3,23|29|13029,王柏智/林書緯/杰倫,1,15,17.0,205.0,3.42,03:25,205.0,3.42,03:25,5.0,5.0,29.41,52.68,4.0,4.0,23.53,42.15,6.0,6.0,35.29,63.22,2.0,2.0,11.76,21.07,3.0,3.0,17.65,31.61,1.0,1.0,5.88,10.54,3.0,3.0,17.65,31.61,1.0,1.0,5.88,10.54,0.0,0.0,0.0,0.0,0.0,0.0,0.0,0.0,0.0,0.0,0.0,0.0,4.0,4.0,23.53,42.15,1.0,1.0,5.88,10.54,4.0,4.0,23.53,42.15,1.0,1.0,5.88,10.54,2.0,2.0,11.76,21.07,0.0,0.0,0.0,0.0,0.0,0.0,0.0,0.0,2.0,2.0,11.76,21.07,2.0,2.0,11.76,21.07,29.41,23.53,5.88,119.41,1.0,1.0,5.88,3.42,3.42,0.42,0.42,0.33,0.33,,0.14,1.0,0.0,0.8,0.44,0.0,0.0,0.12,11.76,0.0
29,林書緯,新北國王,3,23|29|14038,王柏智/林書緯/飛米,1,15,17.0,205.0,3.42,03:25,205.0,3.42,03:25,5.0,5.0,29.41,52.68,4.0,4.0,23.53,42.15,6.0,6.0,35.29,63.22,2.0,2.0,11.76,21.07,3.0,3.0,17.65,31.61,1.0,1.0,5.88,10.54,3.0,3.0,17.65,31.61,1.0,1.0,5.88,10.54,0.0,0.0,0.0,0.0,0.0,0.0,0.0,0.0,0.0,0.0,0.0,0.0,4.0,4.0,23.53,42.15,1.0,1.0,5.88,10.54,4.0,4.0,23.53,42.15,1.0,1.0,5.88,10.54,2.0,2.0,11.76,21.07,0.0,0.0,0.0,0.0,0.0,0.0,0.0,0.0,2.0,2.0,11.76,21.07,2.0,2.0,11.76,21.07,29.41,23.53,5.88,119.41,1.0,1.0,5.88,3.42,3.42,0.42,0.42,0.33,0.33,,0.14,1.0,0.0,0.8,0.44,0.0,0.0,0.12,11.76,0.0
29,林書緯,新北國王,3,29|13029|14038,林書緯/杰倫/飛米,1,50,56.0,794.61,13.24,13:15,794.61,13.24,13:15,16.0,16.0,28.57,43.49,24.0,24.0,42.86,65.24,19.0,19.0,33.93,51.65,5.0,5.0,8.93,13.59,7.0,7.0,12.5,19.03,3.0,3.0,5.36,8.15,12.0,12.0,21.43,32.62,2.0,2.0,3.57,5.44,4.0,4.0,7.14,10.87,4.0,4.0,7.14,10.87,1.0,1.0,1.79,2.72,13.0,13.0,23.21,35.34,3.0,3.0,5.36,8.15,10.0,10.0,17.86,27.18,4.0,4.0,7.14,10.87,4.0,4.0,7.14,10.87,2.0,2.0,3.57,5.44,0.0,0.0,0.0,0.0,3.0,3.0,5.36,8.15,6.0,6.0,10.71,16.31,28.57,42.86,-14.29,101.48,-8.0,-8.0,-14.29,13.24,13.24,0.32,0.39,0.43,0.17,1.0,0.16,0.8,0.09,0.81,0.52,3.57,0.0,0.05,10.71,0.21
29,林書緯,新北國王,4,21|23|29|13029,李愷諺/王柏智/林書緯/杰倫,1,15,17.0,205.0,3.42,03:25,205.0,3.42,03:25,5.0,5.0,29.41,52.68,4.0,4.0,23.53,42.15,6.0,6.0,35.29,63.22,2.0,2.0,11.76,21.07,3.0,3.0,17.65,31.61,1.0,1.0,5.88,10.54,3.0,3.0,17.65,31.61,1.0,1.0,5.88,10.54,0.0,0.0,0.0,0.0,0.0,0.0,0.0,0.0,0.0,0.0,0.0,0.0,4.0,4.0,23.53,42.15,1.0,1.0,5.88,10.54,4.0,4.0,23.53,42.15,1.0,1.0,5.88,10.54,2.0,2.0,11.76,21.07,0.0,0.0,0.0,0.0,0.0,0.0,0.0,0.0,2.0,2.0,11.76,21.07,2.0,2.0,11.76,21.07,29.41,23.53,5.88,119.41,1.0,1.0,5.88,3.42,3.42,0.42,0.42,0.33,0.33,,0.14,1.0,0.0,0.8,0.44,0.0,0.0,0.12,11.76,0.0
29,林書緯,新北國王,4,21|23|29|14038,李愷諺/王柏智/林書緯/飛米,1,15,17.0,205.0,3.42,03:25,205.0,3.42,03:25,5.0,5.0,29.41,52.68,4.0,4.0,23.53,42.15,6.0,6.0,35.29,63.22,2.0,2.0,11.76,21.07,3.0,3.0,17.65,31.61,1.0,1.0,5.88,10.54,3.0,3.0,17.65,31.61,1.0,1.0,5.88,10.54,0.0,0.0,0.0,0.0,0.0,0.0,0.0,0.0,0.0,0.0,0.0,0.0,4.0,4.0,23.53,42.15,1.0,1.0,5.88,10.54,4.0,4.0,23.53,42.15,1.0,1.0,5.88,10.54,2.0,2.0,11.76,21.07,0.0,0.0,0.0,0.0,0.0,0.0,0.0,0.0,2.0,2.0,11.76,21.07,2.0,2.0,11.76,21.07,29.41,23.53,5.88,119.41,1.0,1.0,5.88,3.42,3.42,0.42,0.42,0.33,0.33,,0.14,1.0,0.0,0.8,0.44,0.0,0.0,0.12,11.76,0.0
29,林書緯,新北國王,4,21|29|13029|14038,李愷諺/林書緯/杰倫/飛米,1,28,31.0,387.51,6.46,06:28,387.51,6.46,06:28,6.0,6.0,19.35,33.44,14.0,14.0,45.16,78.04,11.0,11.0,35.48,61.31,2.0,2.0,6.45,11.15,4.0,4.0,12.9,22.3,1.0,1.0,3.23,5.57,7.0,7.0,22.58,39.02,1.0,1.0,3.23,5.57,1.0,1.0,3.23,5.57,1.0,1.0,3.23,5.57,0.0,0.0,0.0,0.0,9.0,9.0,29.03,50.17,2.0,2.0,6.45,11.15,4.0,4.0,12.9,22.3,1.0,1.0,3.23,5.57,2.0,2.0,6.45,11.15,0.0,0.0,0.0,0.0,0.0,0.0,0.0,0.0,3.0,3.0,9.68,16.72,4.0,4.0,12.9,22.3,19.35,45.16,-25.81,115.2,-8.0,-8.0,-25.81,6.46,6.46,0.23,0.26,0.25,0.14,1.0,0.08,1.0,0.0,0.82,0.6,0.0,0.0,0.1,12.9,0.09
29,林書緯,新北國王,4,23|29|13029|14038,王柏智/林書緯/杰倫/飛米,1,15,17.0,205.0,3.42,03:25,205.0,3.42,03:25,5.0,5.0,29.41,52.68,4.0,4.0,23.53,42.15,6.0,6.0,35.29,63.22,2.0,2.0,11.76,21.07,3.0,3.0,17.65,31.61,1.0,1.0,5.88,10.54,3.0,3.0,17.65,31.61,1.0,1.0,5.88,10.54,0.0,0.0,0.0,0.0,0.0,0.0,0.0,0.0,0.0,0.0,0.0,0.0,4.0,4.0,23.53,42.15,1.0,1.0,5.88,10.54,4.0,4.0,23.53,42.15,1.0,1.0,5.88,10.54,2.0,2.0,11.76,21.07,0.0,0.0,0.0,0.0,0.0,0.0,0.0,0.0,2.0,2.0,11.76,21.07,2.0,2.0,11.76,21.07,29.41,23.53,5.88,119.41,1.0,1.0,5.88,3.42,3.42,0.42,0.42,0.33,0.33,,0.14,1.0,0.0,0.8,0.44,0.0,0.0,0.12,11.76,0.0
29,林書緯,新北國王,5,21|23|29|13029|14038,李愷諺/王柏智/林書緯/杰倫/飛米,1,15,17.0,205.0,3.42,03:25,205.0,3.42,03:25,5.0,5.0,29.41,52.68,4.0,4.0,23.53,42.15,6.0,6.0,35.29,63.22,2.0,2.0,11.76,21.07,3.0,3.0,17.65,31.61,1.0,1.0,5.88,10.54,3.0,3.0,17.65,31.61,1.0,1.0,5.88,10.54,0.0,0.0,0.0,0.0,0.0,0.0,0.0,0.0,0.0,0.0,0.0,0.0,4.0,4.0,23.53,42.15,1.0,1.0,5.88,10.54,4.0,4.0,23.53,42.15,1.0,1.0,5.88,10.54,2.0,2.0,11.76,21.07,0.0,0.0,0.0,0.0,0.0,0.0,0.0,0.0,2.0,2.0,11.76,21.07,2.0,2.0,11.76,21.07,29.41,23.53,5.88,119.41,1.0,1.0,5.88,3.42,3.42,0.42,0.42,0.33,0.33,,0.14,1.0,0.0,0.8,0.44,0.0,0.0,0.12,11.76,0.0
13029,杰倫,新北國王,2,23|13029,王柏智/杰倫,1,17,21.0,254.0,4.23,04:14,254.0,4.23,04:14,7.0,7.0,33.33,59.53,7.0,7.0,33.33,59.53,9.0,9.0,42.86,76.54,3.0,3.0,14.29,25.51,5.0,5.0,23.81,42.52,2.0,2.0,9.52,17.01,4.0,4.0,19.05,34.02,1.0,1.0,4.76,8.5,0.0,0.0,0.0,0.0,0.0,0.0,0.0,0.0,2.0,2.0,9.52,17.01,4.0,4.0,19.05,34.02,1.0,1.0,4.76,8.5,4.0,4.0,19.05,34.02,1.0,1.0,4.76,8.5,2.0,2.0,9.52,17.01,0.0,0.0,0.0,0.0,0.0,0.0,0.0,0.0,4.0,4.0,19.05,34.02,2.0,2.0,9.52,17.01,33.33,33.33,0.0,119.06,0.0,0.0,0.0,4.23,4.23,0.39,0.39,0.4,0.25,,0.1,0.67,0.33,0.8,0.55,0.0,0.0,0.19,9.52,0.0
13029,杰倫,新北國王,2,13029|14038,杰倫/飛米,1,53,61.0,846.61,14.11,14:07,846.61,14.11,14:07,18.0,18.0,29.51,45.92,27.0,27.0,44.26,68.89,22.0,22.0,36.07,56.13,6.0,6.0,9.84,15.31,9.0,9.0,14.75,22.96,4.0,4.0,6.56,10.21,13.0,13.0,21.31,33.17,2.0,2.0,3.28,5.1,4.0,4.0,6.56,10.21,4.0,4.0,6.56,10.21,3.0,3.0,4.92,7.65,13.0,13.0,21.31,33.17,3.0,3.0,4.92,7.65,10.0,10.0,16.39,25.51,4.0,4.0,6.56,10.21,4.0,4.0,6.56,10.21,2.0,2.0,3.28,5.1,0.0,0.0,0.0,0.0,5.0,5.0,8.2,12.76,6.0,6.0,9.84,15.31,29.51,44.26,-14.75,103.76,-9.0,-9.0,-14.75,14.11,14.11,0.32,0.38,0.44,0.15,1.0,0.14,0.67,0.23,0.81,0.55,3.28,0.0,0.08,9.84,0.18
13029,杰倫,新北國王,3,21|23|13029,李愷諺/王柏智/杰倫,1,17,21.0,254.0,4.23,04:14,254.0,4.23,04:14,7.0,7.0,33.33,59.53,7.0,7.0,33.33,59.53,9.0,9.0,42.86,76.54,3.0,3.0,14.29,25.51,5.0,5.0,23.81,42.52,2.0,2.0,9.52,17.01,4.0,4.0,19.05,34.02,1.0,1.0,4.76,8.5,0.0,0.0,0.0,0.0,0.0,0.0,0.0,0.0,2.0,2.0,9.52,17.01,4.0,4.0,19.05,34.02,1.0,1.0,4.76,8.5,4.0,4.0,19.05,34.02,1.0,1.0,4.76,8.5,2.0,2.0,9.52,17.01,0.0,0.0,0.0,0.0,0.0,0.0,0.0,0.0,4.0,4.0,19.05,34.02,2.0,2.0,9.52,17.01,33.33,33.33,0.0,119.06,0.0,0.0,0.0,4.23,4.23,0.39,0.39,0.4,0.25,,0.1,0.67,0.33,0.8,0.55,0.0,0.0,0.19,9.52,0.0
13029,杰倫,新北國王,3,21|13029|14038,李愷諺/杰倫/飛米,1,31,36.0,439.51,7.33,07:20,439.51,7.33,07:20,8.0,8.0,22.22,39.32,17.0,17.0,47.22,83.55,14.0,14.0,38.89,68.8,3.0,3.0,8.33,14.74,6.0,6.0,16.67,29.49,2.0,2.0,5.56,9.83,8.0,8.0,22.22,39.32,1.0,1.0,2.78,4.91,1.0,1.0,2.78,4.91,1.0,1.0,2.78,4.91,2.0,2.0,5.56,9.83,9.0,9.0,25.0,44.23,2.0,2.0,5.56,9.83,4.0,4.0,11.11,19.66,1.0,1.0,2.78,4.91,2.0,2.0,5.56,9.83,0.0,0.0,0.0,0.0,0.0,0.0,0.0,0.0,5.0,5.0,13.89,24.57,4.0,4.0,11.11,19.66,22.22,47.22,-25.0,117.95,-9.0,-9.0,-25.0,7.33,7.33,0.25,0.28,0.33,0.12,1.0,0.06,0.67,0.33,0.82,0.65,0.0,0.0,0.14,11.11,0.07
13029,杰倫,新北國王,3,23|29|13029,王柏智/林書緯/杰倫,1,15,17.0,205.0,3.42,03:25,205.0,3.42,03:25,5.0,5.0,29.41,52.68,4.0,4.0,23.53,42.15,6.0,6.0,35.29,63.22,2.0,2.0,11.76,21.07,3.0,3.0,17.65,31.61,1.0,1.0,5.88,10.54,3.0,3.0,17.65,31.61,1.0,1.0,5.88,10.54,0.0,0.0,0.0,0.0,0.0,0.0,0.0,0.0,0.0,0.0,0.0,0.0,4.0,4.0,23.53,42.15,1.0,1.0,5.88,10.54,4.0,4.0,23.53,42.15,1.0,1.0,5.88,10.54,2.0,2.0,11.76,21.07,0.0,0.0,0.0,0.0,0.0,0.0,0.0,0.0,2.0,2.0,11.76,21.07,2.0,2.0,11.76,21.07,29.41,23.53,5.88,119.41,1.0,1.0,5.88,3.42,3.42,0.42,0.42,0.33,0.33,,0.14,1.0,0.0,0.8,0.44,0.0,0.0,0.12,11.76,0.0
13029,杰倫,新北國王,3,23|13029|14038,王柏智/杰倫/飛米,1,17,21.0,254.0,4.23,04:14,254.0,4.23,04:14,7.0,7.0,33.33,59.53,7.0,7.0,33.33,59.53,9.0,9.0,42.86,76.54,3.0,3.0,14.29,25.51,5.0,5.0,23.81,42.52,2.0,2.0,9.52,17.01,4.0,4.0,19.05,34.02,1.0,1.0,4.76,8.5,0.0,0.0,0.0,0.0,0.0,0.0,0.0,0.0,2.0,2.0,9.52,17.01,4.0,4.0,19.05,34.02,1.0,1.0,4.76,8.5,4.0,4.0,19.05,34.02,1.0,1.0,4.76,8.5,2.0,2.0,9.52,17.01,0.0,0.0,0.0,0.0,0.0,0.0,0.0,0.0,4.0,4.0,19.05,34.02,2.0,2.0,9.52,17.01,33.33,33.33,0.0,119.06,0.0,0.0,0.0,4.23,4.23,0.39,0.39,0.4,0.25,,0.1,0.67,0.33,0.8,0.55,0.0,0.0,0.19,9.52,0.0
13029,杰倫,新北國王,3,29|13029|14038,林書緯/杰倫/飛米,1,50,56.0,794.61,13.24,13:15,794.61,13.24,13:15,16.0,16.0,28.57,43.49,24.0,24.0,42.86,65.24,19.0,19.0,33.93,51.65,5.0,5.0,8.93,13.59,7.0,7.0,12.5,19.03,3.0,3.0,5.36,8.15,12.0,12.0,21.43,32.62,2.0,2.0,3.57,5.44,4.0,4.0,7.14,10.87,4.0,4.0,7.14,10.87,1.0,1.0,1.79,2.72,13.0,13.0,23.21,35.34,3.0,3.0,5.36,8.15,10.0,10.0,17.86,27.18,4.0,4.0,7.14,10.87,4.0,4.0,7.14,10.87,2.0,2.0,3.57,5.44,0.0,0.0,0.0,0.0,3.0,3.0,5.36,8.15,6.0,6.0,10.71,16.31,28.57,42.86,-14.29,101.48,-8.0,-8.0,-14.29,13.24,13.24,0.32,0.39,0.43,0.17,1.0,0.16,0.8,0.09,0.81,0.52,3.57,0.0,0.05,10.71,0.21
13029,杰倫,新北國王,4,21|23|29|13029,李愷諺/王柏智/林書緯/杰倫,1,15,17.0,205.0,3.42,03:25,205.0,3.42,03:25,5.0,5.0,29.41,52.68,4.0,4.0,23.53,42.15,6.0,6.0,35.29,63.22,2.0,2.0,11.76,21.07,3.0,3.0,17.65,31.61,1.0,1.0,5.88,10.54,3.0,3.0,17.65,31.61,1.0,1.0,5.88,10.54,0.0,0.0,0.0,0.0,0.0,0.0,0.0,0.0,0.0,0.0,0.0,0.0,4.0,4.0,23.53,42.15,1.0,1.0,5.88,10.54,4.0,4.0,23.53,42.15,1.0,1.0,5.88,10.54,2.0,2.0,11.76,21.07,0.0,0.0,0.0,0.0,0.0,0.0,0.0,0.0,2.0,2.0,11.76,21.07,2.0,2.0,11.76,21.07,29.41,23.53,5.88,119.41,1.0,1.0,5.88,3.42,3.42,0.42,0.42,0.33,0.33,,0.14,1.0,0.0,0.8,0.44,0.0,0.0,0.12,11.76,0.0
13029,杰倫,新北國王,4,21|23|13029|14038,李愷諺/王柏智/杰倫/飛米,1,17,21.0,254.0,4.23,04:14,254.0,4.23,04:14,7.0,7.0,33.33,59.53,7.0,7.0,33.33,59.53,9.0,9.0,42.86,76.54,3.0,3.0,14.29,25.51,5.0,5.0,23.81,42.52,2.0,2.0,9.52,17.01,4.0,4.0,19.05,34.02,1.0,1.0,4.76,8.5,0.0,0.0,0.0,0.0,0.0,0.0,0.0,0.0,2.0,2.0,9.52,17.01,4.0,4.0,19.05,34.02,1.0,1.0,4.76,8.5,4.0,4.0,19.05,34.02,1.0,1.0,4.76,8.5,2.0,2.0,9.52,17.01,0.0,0.0,0.0,0.0,0.0,0.0,0.0,0.0,4.0,4.0,19.05,34.02,2.0,2.0,9.52,17.01,33.33,33.33,0.0,119.06,0.0,0.0,0.0,4.23,4.23,0.39,0.39,0.4,0.25,,0.1,0.67,0.33,0.8,0.55,0.0,0.0,0.19,9.52,0.0
13029,杰倫,新北國王,4,21|29|13029|14038,李愷諺/林書緯/杰倫/飛米,1,28,31.0,387.51,6.46,06:28,387.51,6.46,06:28,6.0,6.0,19.35,33.44,14.0,14.0,45.16,78.04,11.0,11.0,35.48,61.31,2.0,2.0,6.45,11.15,4.0,4.0,12.9,22.3,1.0,1.0,3.23,5.57,7.0,7.0,22.58,39.02,1.0,1.0,3.23,5.57,1.0,1.0,3.23,5.57,1.0,1.0,3.23,5.57,0.0,0.0,0.0,0.0,9.0,9.0,29.03,50.17,2.0,2.0,6.45,11.15,4.0,4.0,12.9,22.3,1.0,1.0,3.23,5.57,2.0,2.0,6.45,11.15,0.0,0.0,0.0,0.0,0.0,0.0,0.0,0.0,3.0,3.0,9.68,16.72,4.0,4.0,12.9,22.3,19.35,45.16,-25.81,115.2,-8.0,-8.0,-25.81,6.46,6.46,0.23,0.26,0.25,0.14,1.0,0.08,1.0,0.0,0.82,0.6,0.0,0.0,0.1,12.9,0.09
13029,杰倫,新北國王,4,23|29|13029|14038,王柏智/林書緯/杰倫/飛米,1,15,17.0,205.0,3.42,03:25,205.0,3.42,03:25,5.0,5.0,29.41,52.68,4.0,4.0,23.53,42.15,6.0,6.0,35.29,63.22,2.0,2.0,11.76,21.07,3.0,3.0,17.65,31.61,1.0,1.0,5.88,10.54,3.0,3.0,17.65,31.61,1.0,1.0,5.88,10.54,0.0,0.0,0.0,0.0,0.0,0.0,0.0,0.0,0.0,0.0,0.0,0.0,4.0,4.0,23.53,42.15,1.0,1.0,5.88,10.54,4.0,4.0,23.53,42.15,1.0,1.0,5.88,10.54,2.0,2.0,11.76,21.07,0.0,0.0,0.0,0.0,0.0,0.0,0.0,0.0,2.0,2.0,11.76,21.07,2.0,2.0,11.76,21.07,29.41,23.53,5.88,119.41,1.0,1.0,5.88,3.42,3.42,0.42,0.42,0.33,0.33,,0.14,1.0,0.0,0.8,0.44,0.0,0.0,0.12,11.76,0.0
13029,杰倫,新北國王,5,21|23|29|13029|14038,李愷諺/王柏智/林書緯/杰倫/飛米,1,15,17.0,205.0,3.42,03:25,205.0,3.42,03:25,5.0,5.0,29.41,52.68,4.0,4.0,23.53,42.15,6.0,6.0,35.29,63.22,2.0,2.0,11.76,21.07,3.0,3.0,17.65,31.61,1.0,1.0,5.88,10.54,3.0,3.0,17.65,31.61,1.0,1.0,5.88,10.54,0.0,0.0,0.0,0.0,0.0,0.0,0.0,0.0,0.0,0.0,0.0,0.0,4.0,4.0,23.53,42.15,1.0,1.0,5.88,10.54,4.0,4.0,23.53,42.15,1.0,1.0,5.88,10.54,2.0,2.0,11.76,21.07,0.0,0.0,0.0,0.0,0.0,0.0,0.0,0.0,2.0,2.0,11.76,21.07,2.0,2.0,11.76,21.07,29.41,23.53,5.88,119.41,1.0,1.0,5.88,3.42,3.42,0.42,0.42,0.33,0.33,,0.14,1.0,0.0,0.8,0.44,0.0,0.0,0.12,11.76,0.0
14038,飛米,新北國王,2,21|14038,李愷諺/飛米,1,54,61.0,790.36,13.17,13:10,790.36,13.17,13:10,28.0,28.0,45.9,76.52,28.0,28.0,45.9,76.52,22.0,22.0,36.07,60.12,9.0,9.0,14.75,24.6,10.0,10.0,16.39,27.33,5.0,5.0,8.2,13.66,12.0,12.0,19.67,32.8,4.0,4.0,6.56,10.93,7.0,7.0,11.48,19.13,6.0,6.0,9.84,16.4,3.0,3.0,4.92,8.2,10.0,10.0,16.39,27.33,3.0,3.0,4.92,8.2,8.0,8.0,13.11,21.86,3.0,3.0,4.92,8.2,8.0,8.0,13.11,21.86,0.0,0.0,0.0,0.0,0.0,0.0,0.0,0.0,8.0,8.0,13.11,21.86,6.0,6.0,9.84,16.4,45.9,45.9,0.0,111.14,0.0,0.0,0.0,13.17,13.17,0.5,0.56,0.5,0.33,0.86,0.11,0.89,0.27,0.77,0.54,0.0,0.0,0.13,9.84,0.32
14038,飛米,新北國王,2,23|14038,王柏智/飛米,1,17,21.0,254.0,4.23,04:14,254.0,4.23,04:14,7.0,7.0,33.33,59.53,7.0,7.0,33.33,59.53,9.0,9.0,42.86,76.54,3.0,3.0,14.29,25.51,5.0,5.0,23.81,42.52,2.0,2.0,9.52,17.01,4.0,4.0,19.05,34.02,1.0,1.0,4.76,8.5,0.0,0.0,0.0,0.0,0.0,0.0,0.0,0.0,2.0,2.0,9.52,17.01,4.0,4.0,19.05,34.02,1.0,1.0,4.76,8.5,4.0,4.0,19.05,34.02,1.0,1.0,4.76,8.5,2.0,2.0,9.52,17.01,0.0,0.0,0.0,0.0,0.0,0.0,0.0,0.0,4.0,4.0,19.05,34.02,2.0,2.0,9.52,17.01,33.33,33.33,0.0,119.06,0.0,0.0,0.0,4.23,4.23,0.39,0.39,0.4,0.25,,0.1,0.67,0.33,0.8,0.55,0.0,0.0,0.19,9.52,0.0
14038,飛米,新北國王,2,29|14038,林書緯/飛米,1,100,114.0,1519.2,25.32,25:19,1519.2,25.32,25:19,51.0,51.0,44.74,72.51,48.0,48.0,42.11,68.25,37.0,37.0,32.46,52.61,14.0,14.0,12.28,19.91,12.0,12.0,10.53,17.06,5.0,5.0,4.39,7.11,25.0,25.0,21.93,35.54,9.0,9.0,7.89,12.8,14.0,14.0,12.28,19.91,12.0,12.0,10.53,17.06,4.0,4.0,3.51,5.69,19.0,19.0,16.67,27.01,7.0,7.0,6.14,9.95,22.0,22.0,19.3,31.28,9.0,9.0,7.89,12.8,13.0,13.0,11.4,18.48,5.0,5.0,4.39,7.11,0.0,0.0,0.0,0.0,8.0,8.0,7.02,11.37,12.0,12.0,10.53,17.06,44.74,42.11,2.63,108.06,3.0,3.0,2.63,25.32,25.32,0.5,0.59,0.42,0.36,0.86,0.17,0.93,0.15,0.73,0.44,4.39,0.0,0.07,10.53,0.38
14038,飛米,新北國王,2,13029|14038,杰倫/飛米,1,53,61.0,846.61,14.11,14:07,846.61,14.11,14:07,18.0,18.0,29.51,45.92,27.0,27.0,44.26,68.89,22.0,22.0,36.07,56.13,6.0,6.0,9.84,15.31,9.0,9.0,14.75,22.96,4.0,4.0,6.56,10.21,13.0,13.0,21.31,33.17,2.0,2.0,3.28,5.1,4.0,4.0,6.56,10.21,4.0,4.0,6.56,10.21,3.0,3.0,4.92,7.65,13.0,13.0,21.31,33.17,3.0,3.0,4.92,7.65,10.0,10.0,16.39,25.51,4.0,4.0,6.56,10.21,4.0,4.0,6.56,10.21,2.0,2.0,3.28,5.1,0.0,0.0,0.0,0.0,5.0,5.0,8.2,12.76,6.0,6.0,9.84,15.31,29.51,44.26,-14.75,103.76,-9.0,-9.0,-14.75,14.11,14.11,0.32,0.38,0.44,0.15,1.0,0.14,0.67,0.23,0.81,0.55,3.28,0.0,0.08,9.84,0.18
14038,飛米,新北國王,3,21|23|14038,李愷諺/王柏智/飛米,1,17,21.0,254.0,4.23,04:14,254.0,4.23,04:14,7.0,7.0,33.33,59.53,7.0,7.0,33.33,59.53,9.0,9.0,42.86,76.54,3.0,3.0,14.29,25.51,5.0,5.0,23.81,42.52,2.0,2.0,9.52,17.01,4.0,4.0,19.05,34.02,1.0,1.0,4.76,8.5,0.0,0.0,0.0,0.0,0.0,0.0,0.0,0.0,2.0,2.0,9.52,17.01,4.0,4.0,19.05,34.02,1.0,1.0,4.76,8.5,4.0,4.0,19.05,34.02,1.0,1.0,4.76,8.5,2.0,2.0,9.52,17.01,0.0,0.0,0.0,0.0,0.0,0.0,0.0,0.0,4.0,4.0,19.05,34.02,2.0,2.0,9.52,17.01,33.33,33.33,0.0,119.06,0.0,0.0,0.0,4.23,4.23,0.39,0.39,0.4,0.25,,0.1,0.67,0.33,0.8,0.55,0.0,0.0,0.19,9.52,0.0
14038,飛米,新北國王,3,21|29|14038,李愷諺/林書緯/飛米,1,41,45.0,571.5,9.52,09:31,571.5,9.52,09:31,15.0,15.0,33.33,56.69,21.0,21.0,46.67,79.37,14.0,14.0,31.11,52.91,4.0,4.0,8.89,15.12,5.0,5.0,11.11,18.9,2.0,2.0,4.44,7.56,9.0,9.0,20.0,34.02,2.0,2.0,4.44,7.56,5.0,5.0,11.11,18.9,5.0,5.0,11.11,18.9,0.0,0.0,0.0,0.0,10.0,10.0,22.22,37.8,3.0,3.0,6.67,11.34,6.0,6.0,13.33,22.68,3.0,3.0,6.67,11.34,4.0,4.0,8.89,15.12,0.0,0.0,0.0,0.0,0.0,0.0,0.0,0.0,5.0,5.0,11.11,18.9,6.0,6.0,13.33,22.68,33.33,46.67,-13.33,113.39,-6.0,-6.0,-13.33,9.52,9.52,0.36,0.46,0.4,0.22,1.0,0.16,1.0,0.0,0.77,0.53,0.0,0.0,0.11,13.33,0.36
14038,飛米,新北國王,3,21|13029|14038,李愷諺/杰倫/飛米,1,31,36.0,439.51,7.33,07:20,439.51,7.33,07:20,8.0,8.0,22.22,39.32,17.0,17.0,47.22,83.55,14.0,14.0,38.89,68.8,3.0,3.0,8.33,14.74,6.0,6.0,16.67,29.49,2.0,2.0,5.56,9.83,8.0,8.0,22.22,39.32,1.0,1.0,2.78,4.91,1.0,1.0,2.78,4.91,1.0,1.0,2.78,4.91,2.0,2.0,5.56,9.83,9.0,9.0,25.0,44.23,2.0,2.0,5.56,9.83,4.0,4.0,11.11,19.66,1.0,1.0,2.78,4.91,2.0,2.0,5.56,9.83,0.0,0.0,0.0,0.0,0.0,0.0,0.0,0.0,5.0,5.0,13.89,24.57,4.0,4.0,11.11,19.66,22.22,47.22,-25.0,117.95,-9.0,-9.0,-25.0,7.33,7.33,0.25,0.28,0.33,0.12,1.0,0.06,0.67,0.33,0.82,0.65,0.0,0.0,0.14,11.11,0.07
14038,飛米,新北國王,3,23|29|14038,王柏智/林書緯/飛米,1,15,17.0,205.0,3.42,03:25,205.0,3.42,03:25,5.0,5.0,29.41,52.68,4.0,4.0,23.53,42.15,6.0,6.0,35.29,63.22,2.0,2.0,11.76,21.07,3.0,3.0,17.65,31.61,1.0,1.0,5.88,10.54,3.0,3.0,17.65,31.61,1.0,1.0,5.88,10.54,0.0,0.0,0.0,0.0,0.0,0.0,0.0,0.0,0.0,0.0,0.0,0.0,4.0,4.0,23.53,42.15,1.0,1.0,5.88,10.54,4.0,4.0,23.53,42.15,1.0,1.0,5.88,10.54,2.0,2.0,11.76,21.07,0.0,0.0,0.0,0.0,0.0,0.0,0.0,0.0,2.0,2.0,11.76,21.07,2.0,2.0,11.76,21.07,29.41,23.53,5.88,119.41,1.0,1.0,5.88,3.42,3.42,0.42,0.42,0.33,0.33,,0.14,1.0,0.0,0.8,0.44,0.0,0.0,0.12,11.76,0.0
14038,飛米,新北國王,3,23|13029|14038,王柏智/杰倫/飛米,1,17,21.0,254.0,4.23,04:14,254.0,4.23,04:14,7.0,7.0,33.33,59.53,7.0,7.0,33.33,59.53,9.0,9.0,42.86,76.54,3.0,3.0,14.29,25.51,5.0,5.0,23.81,42.52,2.0,2.0,9.52,17.01,4.0,4.0,19.05,34.02,1.0,1.0,4.76,8.5,0.0,0.0,0.0,0.0,0.0,0.0,0.0,0.0,2.0,2.0,9.52,17.01,4.0,4.0,19.05,34.02,1.0,1.0,4.76,8.5,4.0,4.0,19.05,34.02,1.0,1.0,4.76,8.5,2.0,2.0,9.52,17.01,0.0,0.0,0.0,0.0,0.0,0.0,0.0,0.0,4.0,4.0,19.05,34.02,2.0,2.0,9.52,17.01,33.33,33.33,0.0,119.06,0.0,0.0,0.0,4.23,4.23,0.39,0.39,0.4,0.25,,0.1,0.67,0.33,0.8,0.55,0.0,0.0,0.19,9.52,0.0
14038,飛米,新北國王,3,29|13029|14038,林書緯/杰倫/飛米,1,50,56.0,794.61,13.24,13:15,794.61,13.24,13:15,16.0,16.0,28.57,43.49,24.0,24.0,42.86,65.24,19.0,19.0,33.93,51.65,5.0,5.0,8.93,13.59,7.0,7.0,12.5,19.03,3.0,3.0,5.36,8.15,12.0,12.0,21.43,32.62,2.0,2.0,3.57,5.44,4.0,4.0,7.14,10.87,4.0,4.0,7.14,10.87,1.0,1.0,1.79,2.72,13.0,13.0,23.21,35.34,3.0,3.0,5.36,8.15,10.0,10.0,17.86,27.18,4.0,4.0,7.14,10.87,4.0,4.0,7.14,10.87,2.0,2.0,3.57,5.44,0.0,0.0,0.0,0.0,3.0,3.0,5.36,8.15,6.0,6.0,10.71,16.31,28.57,42.86,-14.29,101.48,-8.0,-8.0,-14.29,13.24,13.24,0.32,0.39,0.43,0.17,1.0,0.16,0.8,0.09,0.81,0.52,3.57,0.0,0.05,10.71,0.21
14038,飛米,新北國王,4,21|23|29|14038,李愷諺/王柏智/林書緯/飛米,1,15,17.0,205.0,3.42,03:25,205.0,3.42,03:25,5.0,5.0,29.41,52.68,4.0,4.0,23.53,42.15,6.0,6.0,35.29,63.22,2.0,2.0,11.76,21.07,3.0,3.0,17.65,31.61,1.0,1.0,5.88,10.54,3.0,3.0,17.65,31.61,1.0,1.0,5.88,10.54,0.0,0.0,0.0,0.0,0.0,0.0,0.0,0.0,0.0,0.0,0.0,0.0,4.0,4.0,23.53,42.15,1.0,1.0,5.88,10.54,4.0,4.0,23.53,42.15,1.0,1.0,5.88,10.54,2.0,2.0,11.76,21.07,0.0,0.0,0.0,0.0,0.0,0.0,0.0,0.0,2.0,2.0,11.76,21.07,2.0,2.0,11.76,21.07,29.41,23.53,5.88,119.41,1.0,1.0,5.88,3.42,3.42,0.42,0.42,0.33,0.33,,0.14,1.0,0.0,0.8,0.44,0.0,0.0,0.12,11.76,0.0
14038,飛米,新北國王,4,21|23|13029|14038,李愷諺/王柏智/杰倫/飛米,1,17,21.0,254.0,4.23,04:14,254.0,4.23,04:14,7.0,7.0,33.33,59.53,7.0,7.0,33.33,59.53,9.0,9.0,42.86,76.54,3.0,3.0,14.29,25.51,5.0,5.0,23.81,42.52,2.0,2.0,9.52,17.01,4.0,4.0,19.05,34.02,1.0,1.0,4.76,8.5,0.0,0.0,0.0,0.0,0.0,0.0,0.0,0.0,2.0,2.0,9.52,17.01,4.0,4.0,19.05,34.02,1.0,1.0,4.76,8.5,4.0,4.0,19.05,34.02,1.0,1.0,4.76,8.5,2.0,2.0,9.52,17.01,0.0,0.0,0.0,0.0,0.0,0.0,0.0,0.0,4.0,4.0,19.05,34.02,2.0,2.0,9.52,17.01,33.33,33.33,0.0,119.06,0.0,0.0,0.0,4.23,4.23,0.39,0.39,0.4,0.25,,0.1,0.67,0.33,0.8,0.55,0.0,0.0,0.19,9.52,0.0
14038,飛米,新北國王,4,21|29|13029|14038,李愷諺/林書緯/杰倫/飛米,1,28,31.0,387.51,6.46,06:28,387.51,6.46,06:28,6.0,6.0,19.35,33.44,14.0,14.0,45.16,78.04,11.0,11.0,35.48,61.31,2.0,2.0,6.45,11.15,4.0,4.0,12.9,22.3,1.0,1.0,3.23,5.57,7.0,7.0,22.58,39.02,1.0,1.0,3.23,5.57,1.0,1.0,3.23,5.57,1.0,1.0,3.23,5.57,0.0,0.0,0.0,0.0,9.0,9.0,29.03,50.17,2.0,2.0,6.45,11.15,4.0,4.0,12.9,22.3,1.0,1.0,3.23,5.57,2.0,2.0,6.45,11.15,0.0,0.0,0.0,0.0,0.0,0.0,0.0,0.0,3.0,3.0,9.68,16.72,4.0,4.0,12.9,22.3,19.35,45.16,-25.81,115.2,-8.0,-8.0,-25.81,6.46,6.46,0.23,0.26,0.25,0.14,1.0,0.08,1.0,0.0,0.82,0.6,0.0,0.0,0.1,12.9,0.09
14038,飛米,新北國王,4,23|29|13029|14038,王柏智/林書緯/杰倫/飛米,1,15,17.0,205.0,3.42,03:25,205.0,3.42,03:25,5.0,5.0,29.41,52.68,4.0,4.0,23.53,42.15,6.0,6.0,35.29,63.22,2.0,2.0,11.76,21.07,3.0,3.0,17.65,31.61,1.0,1.0,5.88,10.54,3.0,3.0,17.65,31.61,1.0,1.0,5.88,10.54,0.0,0.0,0.0,0.0,0.0,0.0,0.0,0.0,0.0,0.0,0.0,0.0,4.0,4.0,23.53,42.15,1.0,1.0,5.88,10.54,4.0,4.0,23.53,42.15,1.0,1.0,5.88,10.54,2.0,2.0,11.76,21.07,0.0,0.0,0.0,0.0,0.0,0.0,0.0,0.0,2.0,2.0,11.76,21.07,2.0,2.0,11.76,21.07,29.41,23.53,5.88,119.41,1.0,1.0,5.88,3.42,3.42,0.42,0.42,0.33,0.33,,0.14,1.0,0.0,0.8,0.44,0.0,0.0,0.12,11.76,0.0
14038,飛米,新北國王,5,21|23|29|13029|14038,李愷諺/王柏智/林書緯/杰倫/飛米,1,15,17.0,205.0,3.42,03:25,205.0,3.42,03:25,5.0,5.0,29.41,52.68,4.0,4.0,23.53,42.15,6.0,6.0,35.29,63.22,2.0,2.0,11.76,21.07,3.0,3.0,17.65,31.61,1.0,1.0,5.88,10.54,3.0,3.0,17.65,31.61,1.0,1.0,5.88,10.54,0.0,0.0,0.0,0.0,0.0,0.0,0.0,0.0,0.0,0.0,0.0,0.0,4.0,4.0,23.53,42.15,1.0,1.0,5.88,10.54,4.0,4.0,23.53,42.15,1.0,1.0,5.88,10.54,2.0,2.0,11.76,21.07,0.0,0.0,0.0,0.0,0.0,0.0,0.0,0.0,2.0,2.0,11.76,21.07,2.0,2.0,11.76,21.07,29.41,23.53,5.88,119.41,1.0,1.0,5.88,3.42,3.42,0.42,0.42,0.33,0.33,,0.14,1.0,0.0,0.8,0.44,0.0,0.0,0.12,11.76,0.0
40,謝亞軒,新北中信特攻,2,40|43,謝亞軒/林韋翰,1,85,96.0,1295.0,21.58,21:35,1295.0,21.58,21:35,38.0,38.0,39.58,63.38,49.0,49.0,51.04,81.73,33.0,33.0,34.38,55.04,15.0,15.0,15.62,25.02,18.0,18.0,18.75,30.02,11.0,11.0,11.46,18.35,15.0,15.0,15.62,25.02,4.0,4.0,4.17,6.67,8.0,8.0,8.33,13.34,6.0,6.0,6.25,10.01,2.0,2.0,2.08,3.34,16.0,16.0,16.67,26.69,4.0,4.0,4.17,6.67,15.0,15.0,15.62,25.02,9.0,9.0,9.38,15.01,8.0,8.0,8.33,13.34,5.0,5.0,5.21,8.34,1.0,1.0,1.04,1.67,12.0,12.0,12.5,20.02,13.0,13.0,13.54,21.68,39.58,51.04,-11.46,106.75,-11.0,-11.0,-11.46,21.58,21.58,0.52,0.52,0.61,0.27,0.75,0.2,0.53,0.12,0.8,0.49,5.21,1.04,0.12,13.54,0.24
40,謝亞軒,新北中信特攻,3,40|43|8889,謝亞軒/林韋翰/馬可,1,31,37.0,461.19,7.69,07:41,461.19,7.69,07:41,15.0,15.0,40.54,70.25,20.0,20.0,54.05,93.67,12.0,12.0,32.43,56.2,6.0,6.0,16.22,28.1,7.0,7.0,18.92,32.78,5.0,5.0,13.51,23.42,5.0,5.0,13.51,23.42,1.0,1.0,2.7,4.68,4.0,4.0,10.81,18.73,4.0,4.0,10.81,18.73,1.0,1.0,2.7,4.68,4.0,4.0,10.81,18.73,3.0,3.0,8.11,14.05,5.0,5.0,13.51,23.42,3.0,3.0,8.11,14.05,3.0,3.0,8.11,14.05,1.0,1.0,2.7,4.68,0.0,0.0,0.0,0.0,6.0,6.0,16.22,28.1,5.0,5.0,13.51,23.42,40.54,54.05,-13.51,115.53,-5.0,-5.0,-13.51,7.69,7.69,0.54,0.55,0.71,0.2,1.0,0.18,0.5,0.17,0.57,0.38,2.7,0.0,0.16,13.51,0.33
40,謝亞軒,新北中信特攻,3,40|43|10877,謝亞軒/林韋翰/阿巴西,1,83,94.0,1247.71,20.8,20:48,1247.71,20.8,20:48,38.0,38.0,40.43,65.78,49.0,49.0,52.13,84.83,31.0,31.0,32.98,53.67,14.0,14.0,14.89,24.24,16.0,16.0,17.02,27.7,10.0,10.0,10.64,17.31,15.0,15.0,15.96,25.97,4.0,4.0,4.26,6.92,6.0,6.0,6.38,10.39,5.0,5.0,5.32,8.66,2.0,2.0,2.13,3.46,14.0,14.0,14.89,24.24,4.0,4.0,4.26,6.92,14.0,14.0,14.89,24.24,9.0,9.0,9.57,15.58,8.0,8.0,8.51,13.85,5.0,5.0,5.32,8.66,1.0,1.0,1.06,1.73,12.0,12.0,12.77,20.77,13.0,13.0,13.83,22.51,40.43,52.13,-11.7,108.49,-11.0,-11.0,-11.7,20.8,20.8,0.52,0.56,0.62,0.27,0.83,0.21,0.57,0.12,0.78,0.47,5.32,1.06,0.13,13.83,0.19
40,謝亞軒,新北中信特攻,3,40|43|10881,謝亞軒/林韋翰/飛克,1,67,75.0,1053.51,17.56,17:34,1053.51,17.56,17:34,31.0,31.0,41.33,63.56,35.0,35.0,46.67,71.76,26.0,26.0,34.67,53.31,12.0,12.0,16.0,24.6,14.0,14.0,18.67,28.7,9.0,9.0,12.0,18.45,12.0,12.0,16.0,24.6,3.0,3.0,4.0,6.15,6.0,6.0,8.0,12.3,4.0,4.0,5.33,8.2,2.0,2.0,2.67,4.1,14.0,14.0,18.67,28.7,2.0,2.0,2.67,4.1,13.0,13.0,17.33,26.65,7.0,7.0,9.33,14.35,7.0,7.0,9.33,14.35,5.0,5.0,6.67,10.25,1.0,1.0,1.33,2.05,8.0,8.0,10.67,16.4,8.0,8.0,10.67,16.4,41.33,46.67,-5.33,102.51,-4.0,-4.0,-5.33,17.56,17.56,0.52,0.54,0.64,0.25,0.67,0.2,0.58,0.13,0.88,0.52,6.67,1.33,0.11,10.67,0.23
40,謝亞軒,新北中信特攻,4,40|43|8889|10877,謝亞軒/林韋翰/馬可/阿巴西,1,31,37.0,440.21,7.34,07:20,440.21,7.34,07:20,15.0,15.0,40.54,73.6,20.0,20.0,54.05,98.14,11.0,11.0,29.73,53.97,5.0,5.0,13.51,24.53,6.0,6.0,16.22,29.44,4.0,4.0,10.81,19.63,5.0,5.0,13.51,24.53,1.0,1.0,2.7,4.91,4.0,4.0,10.81,19.63,4.0,4.0,10.81,19.63,1.0,1.0,2.7,4.91,4.0,4.0,10.81,19.63,3.0,3.0,8.11,14.72,5.0,5.0,13.51,24.53,3.0,3.0,8.11,14.72,3.0,3.0,8.11,14.72,1.0,1.0,2.7,4.91,0.0,0.0,0.0,0.0,6.0,6.0,16.22,29.44,5.0,5.0,13.51,24.53,40.54,54.05,-13.51,121.03,-5.0,-5.0,-13.51,7.34,7.34,0.5,0.59,0.67,0.2,1.0,0.19,0.6,0.17,0.57,0.38,2.7,0.0,0.16,13.51,0.36
40,謝亞軒,新北中信特攻,4,40|43|8889|10881,謝亞軒/林韋翰/馬可/飛克,1,16,19.0,240.0,4.0,04:00,240.0,4.0,04:00,8.0,8.0,42.11,72.0,8.0,8.0,42.11,72.0,7.0,7.0,36.84,63.0,3.0,3.0,15.79,27.0,4.0,4.0,21.05,36.0,3.0,3.0,15.79,27.0,3.0,3.0,15.79,27.0,0.0,0.0,0.0,0.0,2.0,2.0,10.53,18.0,2.0,2.0,10.53,18.0,1.0,1.0,5.26,9.0,3.0,3.0,15.79,27.0,1.0,1.0,5.26,9.0,3.0,3.0,15.79,27.0,1.0,1.0,5.26,9.0,2.0,2.0,10.53,18.0,1.0,1.0,5.26,9.0,0.0,0.0,0.0,0.0,2.0,2.0,10.53,18.0,2.0,2.0,10.53,18.0,42.11,42.11,0.0,114.0,0.0,0.0,0.0,4.0,4.0,0.43,0.51,0.75,0.0,1.0,0.11,0.67,0.25,0.75,0.5,5.26,0.0,0.11,10.53,0.29
40,謝亞軒,新北中信特攻,4,40|43|10877|10881,謝亞軒/林韋翰/阿巴西/飛克,1,65,73.0,1027.2,17.12,17:07,1027.2,17.12,17:07,31.0,31.0,42.47,65.19,35.0,35.0,47.95,73.6,25.0,25.0,34.25,52.57,12.0,12.0,16.44,25.23,13.0,13.0,17.81,27.34,9.0,9.0,12.33,18.93,12.0,12.0,16.44,25.23,3.0,3.0,4.11,6.31,4.0,4.0,5.48,8.41,3.0,3.0,4.11,6.31,2.0,2.0,2.74,4.21,12.0,12.0,16.44,25.23,2.0,2.0,2.74,4.21,12.0,12.0,16.44,25.23,7.0,7.0,9.59,14.72,7.0,7.0,9.59,14.72,5.0,5.0,6.85,10.51,1.0,1.0,1.37,2.1,8.0,8.0,10.96,16.82,8.0,8.0,10.96,16.82,42.47,47.95,-5.48,102.34,-4.0,-4.0,-5.48,17.12,17.12,0.54,0.58,0.69,0.25,0.75,0.21,0.58,0.14,0.86,0.5,6.85,1.37,0.11,10.96,0.16
40,謝亞軒,新北中信特攻,5,40|43|8889|10877|10881,謝亞軒/林韋翰/馬可/阿巴西/飛克,1,16,19.0,240.0,4.0,04:00,240.0,4.0,04:00,8.0,8.0,42.11,72.0,8.0,8.0,42.11,72.0,7.0,7.0,36.84,63.0,3.0,3.0,15.79,27.0,4.0,4.0,21.05,36.0,3.0,3.0,15.79,27.0,3.0,3.0,15.79,27.0,0.0,0.0,0.0,0.0,2.0,2.0,10.53,18.0,2.0,2.0,10.53,18.0,1.0,1.0,5.26,9.0,3.0,3.0,15.79,27.0,1.0,1.0,5.26,9.0,3.0,3.0,15.79,27.0,1.0,1.0,5.26,9.0,2.0,2.0,10.53,18.0,1.0,1.0,5.26,9.0,0.0,0.0,0.0,0.0,2.0,2.0,10.53,18.0,2.0,2.0,10.53,18.0,42.11,42.11,0.0,114.0,0.0,0.0,0.0,4.0,4.0,0.43,0.51,0.75,0.0,1.0,0.11,0.67,0.25,0.75,0.5,5.26,0.0,0.11,10.53,0.29
43,林韋翰,新北中信特攻,2,40|43,謝亞軒/林韋翰,1,85,96.0,1295.0,21.58,21:35,1295.0,21.58,21:35,38.0,38.0,39.58,63.38,49.0,49.0,51.04,81.73,33.0,33.0,34.38,55.04,15.0,15.0,15.62,25.02,18.0,18.0,18.75,30.02,11.0,11.0,11.46,18.35,15.0,15.0,15.62,25.02,4.0,4.0,4.17,6.67,8.0,8.0,8.33,13.34,6.0,6.0,6.25,10.01,2.0,2.0,2.08,3.34,16.0,16.0,16.67,26.69,4.0,4.0,4.17,6.67,15.0,15.0,15.62,25.02,9.0,9.0,9.38,15.01,8.0,8.0,8.33,13.34,5.0,5.0,5.21,8.34,1.0,1.0,1.04,1.67,12.0,12.0,12.5,20.02,13.0,13.0,13.54,21.68,39.58,51.04,-11.46,106.75,-11.0,-11.0,-11.46,21.58,21.58,0.52,0.52,0.61,0.27,0.75,0.2,0.53,0.12,0.8,0.49,5.21,1.04,0.12,13.54,0.24
43,林韋翰,新北中信特攻,2,43|8889,林韋翰/馬可,1,36,42.0,560.84,9.35,09:21,560.84,9.35,09:21,15.0,15.0,35.71,57.77,23.0,23.0,54.76,88.58,12.0,12.0,28.57,46.22,6.0,6.0,14.29,23.11,7.0,7.0,16.67,26.96,5.0,5.0,11.9,19.26,5.0,5.0,11.9,19.26,1.0,1.0,2.38,3.85,4.0,4.0,9.52,15.41,4.0,4.0,9.52,15.41,1.0,1.0,2.38,3.85,4.0,4.0,9.52,15.41,3.0,3.0,7.14,11.55,7.0,7.0,16.67,26.96,5.0,5.0,11.9,19.26,3.0,3.0,7.14,11.55,1.0,1.0,2.38,3.85,0.0,0.0,0.0,0.0,8.0,8.0,19.05,30.81,8.0,8.0,19.05,30.81,35.71,54.76,-19.05,107.84,-8.0,-8.0,-19.05,9.35,9.35,0.54,0.55,0.71,0.2,1.0,0.27,0.5,0.12,0.57,0.33,2.38,0.0,0.19,19.05,0.33
43,林韋翰,新北中信特攻,2,43|10877,林韋翰/阿巴西,1,129,151.0,1986.99,33.12,33:07,1986.99,33.12,33:07,61.0,61.0,40.4,66.31,72.0,72.0,47.68,78.27,60.0,60.0,39.74,65.22,21.0,21.0,13.91,22.83,28.0,28.0,18.54,30.44,14.0,14.0,9.27,15.22,32.0,32.0,21.19,34.79,7.0,7.0,4.64,7.61,9.0,9.0,5.96,9.78,7.0,7.0,4.64,7.61,10.0,10.0,6.62,10.87,29.0,29.0,19.21,31.53,7.0,7.0,4.64,7.61,23.0,23.0,15.23,25.0,9.0,9.0,5.96,9.78,12.0,12.0,7.95,13.04,5.0,5.0,3.31,5.44,3.0,3.0,1.99,3.26,15.0,15.0,9.93,16.31,21.0,21.0,13.91,22.83,40.4,47.68,-7.28,109.43,-11.0,-11.0,-7.28,33.12,33.12,0.41,0.48,0.5,0.22,0.78,0.12,0.57,0.3,0.81,0.57,3.31,1.99,0.1,13.91,0.15
43,林韋翰,新北中信特攻,2,43|10881,林韋翰/飛克,1,105,122.0,1611.15,26.85,26:51,1611.15,26.85,26:51,50.0,50.0,40.98,67.03,56.0,56.0,45.9,75.08,50.0,50.0,40.98,67.03,17.0,17.0,13.93,22.79,23.0,23.0,18.85,30.84,11.0,11.0,9.02,14.75,27.0,27.0,22.13,36.2,6.0,6.0,4.92,8.04,9.0,9.0,7.38,12.07,6.0,6.0,4.92,8.04,9.0,9.0,7.38,12.07,27.0,27.0,22.13,36.2,4.0,4.0,3.28,5.36,20.0,20.0,16.39,26.81,7.0,7.0,5.74,9.38,10.0,10.0,8.2,13.41,5.0,5.0,4.1,6.7,3.0,3.0,2.46,4.02,10.0,10.0,8.2,13.41,16.0,16.0,13.11,21.45,40.98,45.9,-4.92,109.04,-6.0,-6.0,-4.92,26.85,26.85,0.4,0.46,0.48,0.22,0.67,0.11,0.59,0.31,0.87,0.6,4.1,2.46,0.08,13.11,0.18
43,林韋翰,新北中信特攻,3,40|43|8889,謝亞軒/林韋翰/馬可,1,31,37.0,461.19,7.69,07:41,461.19,7.69,07:41,15.0,15.0,40.54,70.25,20.0,20.0,54.05,93.67,12.0,12.0,32.43,56.2,6.0,6.0,16.22,28.1,7.0,7.0,18.92,32.78,5.0,5.0,13.51,23.42,5.0,5.0,13.51,23.42,1.0,1.0,2.7,4.68,4.0,4.0,10.81,18.73,4.0,4.0,10.81,18.73,1.0,1.0,2.7,4.68,4.0,4.0,10.81,18.73,3.0,3.0,8.11,14.05,5.0,5.0,13.51,23.42,3.0,3.0,8.11,14.05,3.0,3.0,8.11,14.05,1.0,1.0,2.7,4.68,0.0,0.0,0.0,0.0,6.0,6.0,16.22,28.1,5.0,5.0,13.51,23.42,40.54,54.05,-13.51,115.53,-5.0,-5.0,-13.51,7.69,7.69,0.54,0.55,0.71,0.2,1.0,0.18,0.5,0.17,0.57,0.38,2.7,0.0,0.16,13.51,0.33
43,林韋翰,新北中信特攻,3,40|43|10877,謝亞軒/林韋翰/阿巴西,1,83,94.0,1247.71,20.8,20:48,1247.71,20.8,20:48,38.0,38.0,40.43,65.78,49.0,49.0,52.13,84.83,31.0,31.0,32.98,53.67,14.0,14.0,14.89,24.24,16.0,16.0,17.02,27.7,10.0,10.0,10.64,17.31,15.0,15.0,15.96,25.97,4.0,4.0,4.26,6.92,6.0,6.0,6.38,10.39,5.0,5.0,5.32,8.66,2.0,2.0,2.13,3.46,14.0,14.0,14.89,24.24,4.0,4.0,4.26,6.92,14.0,14.0,14.89,24.24,9.0,9.0,9.57,15.58,8.0,8.0,8.51,13.85,5.0,5.0,5.32,8.66,1.0,1.0,1.06,1.73,12.0,12.0,12.77,20.77,13.0,13.0,13.83,22.51,40.43,52.13,-11.7,108.49,-11.0,-11.0,-11.7,20.8,20.8,0.52,0.56,0.62,0.27,0.83,0.21,0.57,0.12,0.78,0.47,5.32,1.06,0.13,13.83,0.19
43,林韋翰,新北中信特攻,3,40|43|10881,謝亞軒/林韋翰/飛克,1,67,75.0,1053.51,17.56,17:34,1053.51,17.56,17:34,31.0,31.0,41.33,63.56,35.0,35.0,46.67,71.76,26.0,26.0,34.67,53.31,12.0,12.0,16.0,24.6,14.0,14.0,18.67,28.7,9.0,9.0,12.0,18.45,12.0,12.0,16.0,24.6,3.0,3.0,4.0,6.15,6.0,6.0,8.0,12.3,4.0,4.0,5.33,8.2,2.0,2.0,2.67,4.1,14.0,14.0,18.67,28.7,2.0,2.0,2.67,4.1,13.0,13.0,17.33,26.65,7.0,7.0,9.33,14.35,7.0,7.0,9.33,14.35,5.0,5.0,6.67,10.25,1.0,1.0,1.33,2.05,8.0,8.0,10.67,16.4,8.0,8.0,10.67,16.4,41.33,46.67,-5.33,102.51,-4.0,-4.0,-5.33,17.56,17.56,0.52,0.54,0.64,0.25,0.67,0.2,0.58,0.13,0.88,0.52,6.67,1.33,0.11,10.67,0.23
43,林韋翰,新北中信特攻,3,43|8889|10877,林韋翰/馬可/阿巴西,1,31,37.0,448.86,7.48,07:29,448.86,7.48,07:29,15.0,15.0,40.54,72.18,20.0,20.0,54.05,96.24,11.0,11.0,29.73,52.93,5.0,5.0,13.51,24.06,6.0,6.0,16.22,28.87,4.0,4.0,10.81,19.25,5.0,5.0,13.51,24.06,1.0,1.0,2.7,4.81,4.0,4.0,10.81,19.25,4.0,4.0,10.81,19.25,1.0,1.0,2.7,4.81,4.0,4.0,10.81,19.25,3.0,3.0,8.11,14.44,5.0,5.0,13.51,24.06,3.0,3.0,8.11,14.44,3.0,3.0,8.11,14.44,1.0,1.0,2.7,4.81,0.0,0.0,0.0,0.0,7.0,7.0,18.92,33.69,5.0,5.0,13.51,24.06,40.54,54.05,-13.51,118.7,-5.0,-5.0,-13.51,7.48,7.48,0.5,0.59,0.67,0.2,1.0,0.19,0.6,0.17,0.57,0.38,2.7,0.0,0.19,13.51,0.36
43,林韋翰,新北中信特攻,3,43|8889|10881,林韋翰/馬可/飛克,1,16,19.0,240.0,4.0,04:00,240.0,4.0,04:00,8.0,8.0,42.11,72.0,8.0,8.0,42.11,72.0,7.0,7.0,36.84,63.0,3.0,3.0,15.79,27.0,4.0,4.0,21.05,36.0,3.0,3.0,15.79,27.0,3.0,3.0,15.79,27.0,0.0,0.0,0.0,0.0,2.0,2.0,10.53,18.0,2.0,2.0,10.53,18.0,1.0,1.0,5.26,9.0,3.0,3.0,15.79,27.0,1.0,1.0,5.26,9.0,3.0,3.0,15.79,27.0,1.0,1.0,5.26,9.0,2.0,2.0,10.53,18.0,1.0,1.0,5.26,9.0,0.0,0.0,0.0,0.0,2.0,2.0,10.53,18.0,2.0,2.0,10.53,18.0,42.11,42.11,0.0,114.0,0.0,0.0,0.0,4.0,4.0,0.43,0.51,0.75,0.0,1.0,0.11,0.67,0.25,0.75,0.5,5.26,0.0,0.11,10.53,0.29
43,林韋翰,新北中信特攻,3,43|10877|10881,林韋翰/阿巴西/飛克,1,103,120.0,1584.84,26.41,26:25,1584.84,26.41,26:25,50.0,50.0,41.67,68.15,56.0,56.0,46.67,76.32,49.0,49.0,40.83,66.78,17.0,17.0,14.17,23.17,22.0,22.0,18.33,29.98,11.0,11.0,9.17,14.99,27.0,27.0,22.5,36.8,6.0,6.0,5.0,8.18,7.0,7.0,5.83,9.54,5.0,5.0,4.17,6.81,9.0,9.0,7.5,12.27,25.0,25.0,20.83,34.07,4.0,4.0,3.33,5.45,19.0,19.0,15.83,25.9,7.0,7.0,5.83,9.54,10.0,10.0,8.33,13.63,5.0,5.0,4.17,6.81,3.0,3.0,2.5,4.09,10.0,10.0,8.33,13.63,16.0,16.0,13.33,21.81,41.67,46.67,-5.0,109.03,-6.0,-6.0,-5.0,26.41,26.41,0.41,0.48,0.5,0.22,0.71,0.12,0.59,0.32,0.86,0.6,4.17,2.5,0.08,13.33,0.14
43,林韋翰,新北中信特攻,4,40|43|8889|10877,謝亞軒/林韋翰/馬可/阿巴西,1,31,37.0,440.21,7.34,07:20,440.21,7.34,07:20,15.0,15.0,40.54,73.6,20.0,20.0,54.05,98.14,11.0,11.0,29.73,53.97,5.0,5.0,13.51,24.53,6.0,6.0,16.22,29.44,4.0,4.0,10.81,19.63,5.0,5.0,13.51,24.53,1.0,1.0,2.7,4.91,4.0,4.0,10.81,19.63,4.0,4.0,10.81,19.63,1.0,1.0,2.7,4.91,4.0,4.0,10.81,19.63,3.0,3.0,8.11,14.72,5.0,5.0,13.51,24.53,3.0,3.0,8.11,14.72,3.0,3.0,8.11,14.72,1.0,1.0,2.7,4.91,0.0,0.0,0.0,0.0,6.0,6.0,16.22,29.44,5.0,5.0,13.51,24.53,40.54,54.05,-13.51,121.03,-5.0,-5.0,-13.51,7.34,7.34,0.5,0.59,0.67,0.2,1.0,0.19,0.6,0.17,0.57,0.38,2.7,0.0,0.16,13.51,0.36
43,林韋翰,新北中信特攻,4,40|43|8889|10881,謝亞軒/林韋翰/馬可/飛克,1,16,19.0,240.0,4.0,04:00,240.0,4.0,04:00,8.0,8.0,42.11,72.0,8.0,8.0,42.11,72.0,7.0,7.0,36.84,63.0,3.0,3.0,15.79,27.0,4.0,4.0,21.05,36.0,3.0,3.0,15.79,27.0,3.0,3.0,15.79,27.0,0.0,0.0,0.0,0.0,2.0,2.0,10.53,18.0,2.0,2.0,10.53,18.0,1.0,1.0,5.26,9.0,3.0,3.0,15.79,27.0,1.0,1.0,5.26,9.0,3.0,3.0,15.79,27.0,1.0,1.0,5.26,9.0,2.0,2.0,10.53,18.0,1.0,1.0,5.26,9.0,0.0,0.0,0.0,0.0,2.0,2.0,10.53,18.0,2.0,2.0,10.53,18.0,42.11,42.11,0.0,114.0,0.0,0.0,0.0,4.0,4.0,0.43,0.51,0.75,0.0,1.0,0.11,0.67,0.25,0.75,0.5,5.26,0.0,0.11,10.53,0.29
43,林韋翰,新北中信特攻,4,40|43|10877|10881,謝亞軒/林韋翰/阿巴西/飛克,1,65,73.0,1027.2,17.12,17:07,1027.2,17.12,17:07,31.0,31.0,42.47,65.19,35.0,35.0,47.95,73.6,25.0,25.0,34.25,52.57,12.0,12.0,16.44,25.23,13.0,13.0,17.81,27.34,9.0,9.0,12.33,18.93,12.0,12.0,16.44,25.23,3.0,3.0,4.11,6.31,4.0,4.0,5.48,8.41,3.0,3.0,4.11,6.31,2.0,2.0,2.74,4.21,12.0,12.0,16.44,25.23,2.0,2.0,2.74,4.21,12.0,12.0,16.44,25.23,7.0,7.0,9.59,14.72,7.0,7.0,9.59,14.72,5.0,5.0,6.85,10.51,1.0,1.0,1.37,2.1,8.0,8.0,10.96,16.82,8.0,8.0,10.96,16.82,42.47,47.95,-5.48,102.34,-4.0,-4.0,-5.48,17.12,17.12,0.54,0.58,0.69,0.25,0.75,0.21,0.58,0.14,0.86,0.5,6.85,1.37,0.11,10.96,0.16
43,林韋翰,新北中信特攻,4,43|8889|10877|10881,林韋翰/馬可/阿巴西/飛克,1,16,19.0,240.0,4.0,04:00,240.0,4.0,04:00,8.0,8.0,42.11,72.0,8.0,8.0,42.11,72.0,7.0,7.0,36.84,63.0,3.0,3.0,15.79,27.0,4.0,4.0,21.05,36.0,3.0,3.0,15.79,27.0,3.0,3.0,15.79,27.0,0.0,0.0,0.0,0.0,2.0,2.0,10.53,18.0,2.0,2.0,10.53,18.0,1.0,1.0,5.26,9.0,3.0,3.0,15.79,27.0,1.0,1.0,5.26,9.0,3.0,3.0,15.79,27.0,1.0,1.0,5.26,9.0,2.0,2.0,10.53,18.0,1.0,1.0,5.26,9.0,0.0,0.0,0.0,0.0,2.0,2.0,10.53,18.0,2.0,2.0,10.53,18.0,42.11,42.11,0.0,114.0,0.0,0.0,0.0,4.0,4.0,0.43,0.51,0.75,0.0,1.0,0.11,0.67,0.25,0.75,0.5,5.26,0.0,0.11,10.53,0.29
43,林韋翰,新北中信特攻,5,40|43|8889|10877|10881,謝亞軒/林韋翰/馬可/阿巴西/飛克,1,16,19.0,240.0,4.0,04:00,240.0,4.0,04:00,8.0,8.0,42.11,72.0,8.0,8.0,42.11,72.0,7.0,7.0,36.84,63.0,3.0,3.0,15.79,27.0,4.0,4.0,21.05,36.0,3.0,3.0,15.79,27.0,3.0,3.0,15.79,27.0,0.0,0.0,0.0,0.0,2.0,2.0,10.53,18.0,2.0,2.0,10.53,18.0,1.0,1.0,5.26,9.0,3.0,3.0,15.79,27.0,1.0,1.0,5.26,9.0,3.0,3.0,15.79,27.0,1.0,1.0,5.26,9.0,2.0,2.0,10.53,18.0,1.0,1.0,5.26,9.0,0.0,0.0,0.0,0.0,2.0,2.0,10.53,18.0,2.0,2.0,10.53,18.0,42.11,42.11,0.0,114.0,0.0,0.0,0.0,4.0,4.0,0.43,0.51,0.75,0.0,1.0,0.11,0.67,0.25,0.75,0.5,5.26,0.0,0.11,10.53,0.29
8889,馬可,新北中信特攻,2,43|8889,林韋翰/馬可,1,36,42.0,560.84,9.35,09:21,560.84,9.35,09:21,15.0,15.0,35.71,57.77,23.0,23.0,54.76,88.58,12.0,12.0,28.57,46.22,6.0,6.0,14.29,23.11,7.0,7.0,16.67,26.96,5.0,5.0,11.9,19.26,5.0,5.0,11.9,19.26,1.0,1.0,2.38,3.85,4.0,4.0,9.52,15.41,4.0,4.0,9.52,15.41,1.0,1.0,2.38,3.85,4.0,4.0,9.52,15.41,3.0,3.0,7.14,11.55,7.0,7.0,16.67,26.96,5.0,5.0,11.9,19.26,3.0,3.0,7.14,11.55,1.0,1.0,2.38,3.85,0.0,0.0,0.0,0.0,8.0,8.0,19.05,30.81,8.0,8.0,19.05,30.81,35.71,54.76,-19.05,107.84,-8.0,-8.0,-19.05,9.35,9.35,0.54,0.55,0.71,0.2,1.0,0.27,0.5,0.12,0.57,0.33,2.38,0.0,0.19,19.05,0.33
8889,馬可,新北中信特攻,3,40|43|8889,謝亞軒/林韋翰/馬可,1,31,37.0,461.19,7.69,07:41,461.19,7.69,07:41,15.0,15.0,40.54,70.25,20.0,20.0,54.05,93.67,12.0,12.0,32.43,56.2,6.0,6.0,16.22,28.1,7.0,7.0,18.92,32.78,5.0,5.0,13.51,23.42,5.0,5.0,13.51,23.42,1.0,1.0,2.7,4.68,4.0,4.0,10.81,18.73,4.0,4.0,10.81,18.73,1.0,1.0,2.7,4.68,4.0,4.0,10.81,18.73,3.0,3.0,8.11,14.05,5.0,5.0,13.51,23.42,3.0,3.0,8.11,14.05,3.0,3.0,8.11,14.05,1.0,1.0,2.7,4.68,0.0,0.0,0.0,0.0,6.0,6.0,16.22,28.1,5.0,5.0,13.51,23.42,40.54,54.05,-13.51,115.53,-5.0,-5.0,-13.51,7.69,7.69,0.54,0.55,0.71,0.2,1.0,0.18,0.5,0.17,0.57,0.38,2.7,0.0,0.16,13.51,0.33
8889,馬可,新北中信特攻,3,43|8889|10877,林韋翰/馬可/阿巴西,1,31,37.0,448.86,7.48,07:29,448.86,7.48,07:29,15.0,15.0,40.54,72.18,20.0,20.0,54.05,96.24,11.0,11.0,29.73,52.93,5.0,5.0,13.51,24.06,6.0,6.0,16.22,28.87,4.0,4.0,10.81,19.25,5.0,5.0,13.51,24.06,1.0,1.0,2.7,4.81,4.0,4.0,10.81,19.25,4.0,4.0,10.81,19.25,1.0,1.0,2.7,4.81,4.0,4.0,10.81,19.25,3.0,3.0,8.11,14.44,5.0,5.0,13.51,24.06,3.0,3.0,8.11,14.44,3.0,3.0,8.11,14.44,1.0,1.0,2.7,4.81,0.0,0.0,0.0,0.0,7.0,7.0,18.92,33.69,5.0,5.0,13.51,24.06,40.54,54.05,-13.51,118.7,-5.0,-5.0,-13.51,7.48,7.48,0.5,0.59,0.67,0.2,1.0,0.19,0.6,0.17,0.57,0.38,2.7,0.0,0.19,13.51,0.36
8889,馬可,新北中信特攻,3,43|8889|10881,林韋翰/馬可/飛克,1,16,19.0,240.0,4.0,04:00,240.0,4.0,04:00,8.0,8.0,42.11,72.0,8.0,8.0,42.11,72.0,7.0,7.0,36.84,63.0,3.0,3.0,15.79,27.0,4.0,4.0,21.05,36.0,3.0,3.0,15.79,27.0,3.0,3.0,15.79,27.0,0.0,0.0,0.0,0.0,2.0,2.0,10.53,18.0,2.0,2.0,10.53,18.0,1.0,1.0,5.26,9.0,3.0,3.0,15.79,27.0,1.0,1.0,5.26,9.0,3.0,3.0,15.79,27.0,1.0,1.0,5.26,9.0,2.0,2.0,10.53,18.0,1.0,1.0,5.26,9.0,0.0,0.0,0.0,0.0,2.0,2.0,10.53,18.0,2.0,2.0,10.53,18.0,42.11,42.11,0.0,114.0,0.0,0.0,0.0,4.0,4.0,0.43,0.51,0.75,0.0,1.0,0.11,0.67,0.25,0.75,0.5,5.26,0.0,0.11,10.53,0.29
8889,馬可,新北中信特攻,4,40|43|8889|10877,謝亞軒/林韋翰/馬可/阿巴西,1,31,37.0,440.21,7.34,07:20,440.21,7.34,07:20,15.0,15.0,40.54,73.6,20.0,20.0,54.05,98.14,11.0,11.0,29.73,53.97,5.0,5.0,13.51,24.53,6.0,6.0,16.22,29.44,4.0,4.0,10.81,19.63,5.0,5.0,13.51,24.53,1.0,1.0,2.7,4.91,4.0,4.0,10.81,19.63,4.0,4.0,10.81,19.63,1.0,1.0,2.7,4.91,4.0,4.0,10.81,19.63,3.0,3.0,8.11,14.72,5.0,5.0,13.51,24.53,3.0,3.0,8.11,14.72,3.0,3.0,8.11,14.72,1.0,1.0,2.7,4.91,0.0,0.0,0.0,0.0,6.0,6.0,16.22,29.44,5.0,5.0,13.51,24.53,40.54,54.05,-13.51,121.03,-5.0,-5.0,-13.51,7.34,7.34,0.5,0.59,0.67,0.2,1.0,0.19,0.6,0.17,0.57,0.38,2.7,0.0,0.16,13.51,0.36
8889,馬可,新北中信特攻,4,40|43|8889|10881,謝亞軒/林韋翰/馬可/飛克,1,16,19.0,240.0,4.0,04:00,240.0,4.0,04:00,8.0,8.0,42.11,72.0,8.0,8.0,42.11,72.0,7.0,7.0,36.84,63.0,3.0,3.0,15.79,27.0,4.0,4.0,21.05,36.0,3.0,3.0,15.79,27.0,3.0,3.0,15.79,27.0,0.0,0.0,0.0,0.0,2.0,2.0,10.53,18.0,2.0,2.0,10.53,18.0,1.0,1.0,5.26,9.0,3.0,3.0,15.79,27.0,1.0,1.0,5.26,9.0,3.0,3.0,15.79,27.0,1.0,1.0,5.26,9.0,2.0,2.0,10.53,18.0,1.0,1.0,5.26,9.0,0.0,0.0,0.0,0.0,2.0,2.0,10.53,18.0,2.0,2.0,10.53,18.0,42.11,42.11,0.0,114.0,0.0,0.0,0.0,4.0,4.0,0.43,0.51,0.75,0.0,1.0,0.11,0.67,0.25,0.75,0.5,5.26,0.0,0.11,10.53,0.29
8889,馬可,新北中信特攻,4,43|8889|10877|10881,林韋翰/馬可/阿巴西/飛克,1,16,19.0,240.0,4.0,04:00,240.0,4.0,04:00,8.0,8.0,42.11,72.0,8.0,8.0,42.11,72.0,7.0,7.0,36.84,63.0,3.0,3.0,15.79,27.0,4.0,4.0,21.05,36.0,3.0,3.0,15.79,27.0,3.0,3.0,15.79,27.0,0.0,0.0,0.0,0.0,2.0,2.0,10.53,18.0,2.0,2.0,10.53,18.0,1.0,1.0,5.26,9.0,3.0,3.0,15.79,27.0,1.0,1.0,5.26,9.0,3.0,3.0,15.79,27.0,1.0,1.0,5.26,9.0,2.0,2.0,10.53,18.0,1.0,1.0,5.26,9.0,0.0,0.0,0.0,0.0,2.0,2.0,10.53,18.0,2.0,2.0,10.53,18.0,42.11,42.11,0.0,114.0,0.0,0.0,0.0,4.0,4.0,0.43,0.51,0.75,0.0,1.0,0.11,0.67,0.25,0.75,0.5,5.26,0.0,0.11,10.53,0.29
8889,馬可,新北中信特攻,5,40|43|8889|10877|10881,謝亞軒/林韋翰/馬可/阿巴西/飛克,1,16,19.0,240.0,4.0,04:00,240.0,4.0,04:00,8.0,8.0,42.11,72.0,8.0,8.0,42.11,72.0,7.0,7.0,36.84,63.0,3.0,3.0,15.79,27.0,4.0,4.0,21.05,36.0,3.0,3.0,15.79,27.0,3.0,3.0,15.79,27.0,0.0,0.0,0.0,0.0,2.0,2.0,10.53,18.0,2.0,2.0,10.53,18.0,1.0,1.0,5.26,9.0,3.0,3.0,15.79,27.0,1.0,1.0,5.26,9.0,3.0,3.0,15.79,27.0,1.0,1.0,5.26,9.0,2.0,2.0,10.53,18.0,1.0,1.0,5.26,9.0,0.0,0.0,0.0,0.0,2.0,2.0,10.53,18.0,2.0,2.0,10.53,18.0,42.11,42.11,0.0,114.0,0.0,0.0,0.0,4.0,4.0,0.43,0.51,0.75,0.0,1.0,0.11,0.67,0.25,0.75,0.5,5.26,0.0,0.11,10.53,0.29
10877,阿巴西,新北中信特攻,2,43|10877,林韋翰/阿巴西,1,129,151.0,1986.99,33.12,33:07,1986.99,33.12,33:07,61.0,61.0,40.4,66.31,72.0,72.0,47.68,78.27,60.0,60.0,39.74,65.22,21.0,21.0,13.91,22.83,28.0,28.0,18.54,30.44,14.0,14.0,9.27,15.22,32.0,32.0,21.19,34.79,7.0,7.0,4.64,7.61,9.0,9.0,5.96,9.78,7.0,7.0,4.64,7.61,10.0,10.0,6.62,10.87,29.0,29.0,19.21,31.53,7.0,7.0,4.64,7.61,23.0,23.0,15.23,25.0,9.0,9.0,5.96,9.78,12.0,12.0,7.95,13.04,5.0,5.0,3.31,5.44,3.0,3.0,1.99,3.26,15.0,15.0,9.93,16.31,21.0,21.0,13.91,22.83,40.4,47.68,-7.28,109.43,-11.0,-11.0,-7.28,33.12,33.12,0.41,0.48,0.5,0.22,0.78,0.12,0.57,0.3,0.81,0.57,3.31,1.99,0.1,13.91,0.15
10877,阿巴西,新北中信特攻,3,40|43|10877,謝亞軒/林韋翰/阿巴西,1,83,94.0,1247.71,20.8,20:48,1247.71,20.8,20:48,38.0,38.0,40.43,65.78,49.0,49.0,52.13,84.83,31.0,31.0,32.98,53.67,14.0,14.0,14.89,24.24,16.0,16.0,17.02,27.7,10.0,10.0,10.64,17.31,15.0,15.0,15.96,25.97,4.0,4.0,4.26,6.92,6.0,6.0,6.38,10.39,5.0,5.0,5.32,8.66,2.0,2.0,2.13,3.46,14.0,14.0,14.89,24.24,4.0,4.0,4.26,6.92,14.0,14.0,14.89,24.24,9.0,9.0,9.57,15.58,8.0,8.0,8.51,13.85,5.0,5.0,5.32,8.66,1.0,1.0,1.06,1.73,12.0,12.0,12.77,20.77,13.0,13.0,13.83,22.51,40.43,52.13,-11.7,108.49,-11.0,-11.0,-11.7,20.8,20.8,0.52,0.56,0.62,0.27,0.83,0.21,0.57,0.12,0.78,0.47,5.32,1.06,0.13,13.83,0.19
10877,阿巴西,新北中信特攻,3,43|8889|10877,林韋翰/馬可/阿巴西,1,31,37.0,448.86,7.48,07:29,448.86,7.48,07:29,15.0,15.0,40.54,72.18,20.0,20.0,54.05,96.24,11.0,11.0,29.73,52.93,5.0,5.0,13.51,24.06,6.0,6.0,16.22,28.87,4.0,4.0,10.81,19.25,5.0,5.0,13.51,24.06,1.0,1.0,2.7,4.81,4.0,4.0,10.81,19.25,4.0,4.0,10.81,19.25,1.0,1.0,2.7,4.81,4.0,4.0,10.81,19.25,3.0,3.0,8.11,14.44,5.0,5.0,13.51,24.06,3.0,3.0,8.11,14.44,3.0,3.0,8.11,14.44,1.0,1.0,2.7,4.81,0.0,0.0,0.0,0.0,7.0,7.0,18.92,33.69,5.0,5.0,13.51,24.06,40.54,54.05,-13.51,118.7,-5.0,-5.0,-13.51,7.48,7.48,0.5,0.59,0.67,0.2,1.0,0.19,0.6,0.17,0.57,0.38,2.7,0.0,0.19,13.51,0.36
10877,阿巴西,新北中信特攻,3,43|10877|10881,林韋翰/阿巴西/飛克,1,103,120.0,1584.84,26.41,26:25,1584.84,26.41,26:25,50.0,50.0,41.67,68.15,56.0,56.0,46.67,76.32,49.0,49.0,40.83,66.78,17.0,17.0,14.17,23.17,22.0,22.0,18.33,29.98,11.0,11.0,9.17,14.99,27.0,27.0,22.5,36.8,6.0,6.0,5.0,8.18,7.0,7.0,5.83,9.54,5.0,5.0,4.17,6.81,9.0,9.0,7.5,12.27,25.0,25.0,20.83,34.07,4.0,4.0,3.33,5.45,19.0,19.0,15.83,25.9,7.0,7.0,5.83,9.54,10.0,10.0,8.33,13.63,5.0,5.0,4.17,6.81,3.0,3.0,2.5,4.09,10.0,10.0,8.33,13.63,16.0,16.0,13.33,21.81,41.67,46.67,-5.0,109.03,-6.0,-6.0,-5.0,26.41,26.41,0.41,0.48,0.5,0.22,0.71,0.12,0.59,0.32,0.86,0.6,4.17,2.5,0.08,13.33,0.14
10877,阿巴西,新北中信特攻,4,40|43|8889|10877,謝亞軒/林韋翰/馬可/阿巴西,1,31,37.0,440.21,7.34,07:20,440.21,7.34,07:20,15.0,15.0,40.54,73.6,20.0,20.0,54.05,98.14,11.0,11.0,29.73,53.97,5.0,5.0,13.51,24.53,6.0,6.0,16.22,29.44,4.0,4.0,10.81,19.63,5.0,5.0,13.51,24.53,1.0,1.0,2.7,4.91,4.0,4.0,10.81,19.63,4.0,4.0,10.81,19.63,1.0,1.0,2.7,4.91,4.0,4.0,10.81,19.63,3.0,3.0,8.11,14.72,5.0,5.0,13.51,24.53,3.0,3.0,8.11,14.72,3.0,3.0,8.11,14.72,1.0,1.0,2.7,4.91,0.0,0.0,0.0,0.0,6.0,6.0,16.22,29.44,5.0,5.0,13.51,24.53,40.54,54.05,-13.51,121.03,-5.0,-5.0,-13.51,7.34,7.34,0.5,0.59,0.67,0.2,1.0,0.19,0.6,0.17,0.57,0.38,2.7,0.0,0.16,13.51,0.36
10877,阿巴西,新北中信特攻,4,40|43|10877|10881,謝亞軒/林韋翰/阿巴西/飛克,1,65,73.0,1027.2,17.12,17:07,1027.2,17.12,17:07,31.0,31.0,42.47,65.19,35.0,35.0,47.95,73.6,25.0,25.0,34.25,52.57,12.0,12.0,16.44,25.23,13.0,13.0,17.81,27.34,9.0,9.0,12.33,18.93,12.0,12.0,16.44,25.23,3.0,3.0,4.11,6.31,4.0,4.0,5.48,8.41,3.0,3.0,4.11,6.31,2.0,2.0,2.74,4.21,12.0,12.0,16.44,25.23,2.0,2.0,2.74,4.21,12.0,12.0,16.44,25.23,7.0,7.0,9.59,14.72,7.0,7.0,9.59,14.72,5.0,5.0,6.85,10.51,1.0,1.0,1.37,2.1,8.0,8.0,10.96,16.82,8.0,8.0,10.96,16.82,42.47,47.95,-5.48,102.34,-4.0,-4.0,-5.48,17.12,17.12,0.54,0.58,0.69,0.25,0.75,0.21,0.58,0.14,0.86,0.5,6.85,1.37,0.11,10.96,0.16
10877,阿巴西,新北中信特攻,4,43|8889|10877|10881,林韋翰/馬可/阿巴西/飛克,1,16,19.0,240.0,4.0,04:00,240.0,4.0,04:00,8.0,8.0,42.11,72.0,8.0,8.0,42.11,72.0,7.0,7.0,36.84,63.0,3.0,3.0,15.79,27.0,4.0,4.0,21.05,36.0,3.0,3.0,15.79,27.0,3.0,3.0,15.79,27.0,0.0,0.0,0.0,0.0,2.0,2.0,10.53,18.0,2.0,2.0,10.53,18.0,1.0,1.0,5.26,9.0,3.0,3.0,15.79,27.0,1.0,1.0,5.26,9.0,3.0,3.0,15.79,27.0,1.0,1.0,5.26,9.0,2.0,2.0,10.53,18.0,1.0,1.0,5.26,9.0,0.0,0.0,0.0,0.0,2.0,2.0,10.53,18.0,2.0,2.0,10.53,18.0,42.11,42.11,0.0,114.0,0.0,0.0,0.0,4.0,4.0,0.43,0.51,0.75,0.0,1.0,0.11,0.67,0.25,0.75,0.5,5.26,0.0,0.11,10.53,0.29
10877,阿巴西,新北中信特攻,5,40|43|8889|10877|10881,謝亞軒/林韋翰/馬可/阿巴西/飛克,1,16,19.0,240.0,4.0,04:00,240.0,4.0,04:00,8.0,8.0,42.11,72.0,8.0,8.0,42.11,72.0,7.0,7.0,36.84,63.0,3.0,3.0,15.79,27.0,4.0,4.0,21.05,36.0,3.0,3.0,15.79,27.0,3.0,3.0,15.79,27.0,0.0,0.0,0.0,0.0,2.0,2.0,10.53,18.0,2.0,2.0,10.53,18.0,1.0,1.0,5.26,9.0,3.0,3.0,15.79,27.0,1.0,1.0,5.26,9.0,3.0,3.0,15.79,27.0,1.0,1.0,5.26,9.0,2.0,2.0,10.53,18.0,1.0,1.0,5.26,9.0,0.0,0.0,0.0,0.0,2.0,2.0,10.53,18.0,2.0,2.0,10.53,18.0,42.11,42.11,0.0,114.0,0.0,0.0,0.0,4.0,4.0,0.43,0.51,0.75,0.0,1.0,0.11,0.67,0.25,0.75,0.5,5.26,0.0,0.11,10.53,0.29
10881,飛克,新北中信特攻,2,43|10881,林韋翰/飛克,1,105,122.0,1611.15,26.85,26:51,1611.15,26.85,26:51,50.0,50.0,40.98,67.03,56.0,56.0,45.9,75.08,50.0,50.0,40.98,67.03,17.0,17.0,13.93,22.79,23.0,23.0,18.85,30.84,11.0,11.0,9.02,14.75,27.0,27.0,22.13,36.2,6.0,6.0,4.92,8.04,9.0,9.0,7.38,12.07,6.0,6.0,4.92,8.04,9.0,9.0,7.38,12.07,27.0,27.0,22.13,36.2,4.0,4.0,3.28,5.36,20.0,20.0,16.39,26.81,7.0,7.0,5.74,9.38,10.0,10.0,8.2,13.41,5.0,5.0,4.1,6.7,3.0,3.0,2.46,4.02,10.0,10.0,8.2,13.41,16.0,16.0,13.11,21.45,40.98,45.9,-4.92,109.04,-6.0,-6.0,-4.92,26.85,26.85,0.4,0.46,0.48,0.22,0.67,0.11,0.59,0.31,0.87,0.6,4.1,2.46,0.08,13.11,0.18
10881,飛克,新北中信特攻,3,40|43|10881,謝亞軒/林韋翰/飛克,1,67,75.0,1053.51,17.56,17:34,1053.51,17.56,17:34,31.0,31.0,41.33,63.56,35.0,35.0,46.67,71.76,26.0,26.0,34.67,53.31,12.0,12.0,16.0,24.6,14.0,14.0,18.67,28.7,9.0,9.0,12.0,18.45,12.0,12.0,16.0,24.6,3.0,3.0,4.0,6.15,6.0,6.0,8.0,12.3,4.0,4.0,5.33,8.2,2.0,2.0,2.67,4.1,14.0,14.0,18.67,28.7,2.0,2.0,2.67,4.1,13.0,13.0,17.33,26.65,7.0,7.0,9.33,14.35,7.0,7.0,9.33,14.35,5.0,5.0,6.67,10.25,1.0,1.0,1.33,2.05,8.0,8.0,10.67,16.4,8.0,8.0,10.67,16.4,41.33,46.67,-5.33,102.51,-4.0,-4.0,-5.33,17.56,17.56,0.52,0.54,0.64,0.25,0.67,0.2,0.58,0.13,0.88,0.52,6.67,1.33,0.11,10.67,0.23
10881,飛克,新北中信特攻,3,43|8889|10881,林韋翰/馬可/飛克,1,16,19.0,240.0,4.0,04:00,240.0,4.0,04:00,8.0,8.0,42.11,72.0,8.0,8.0,42.11,72.0,7.0,7.0,36.84,63.0,3.0,3.0,15.79,27.0,4.0,4.0,21.05,36.0,3.0,3.0,15.79,27.0,3.0,3.0,15.79,27.0,0.0,0.0,0.0,0.0,2.0,2.0,10.53,18.0,2.0,2.0,10.53,18.0,1.0,1.0,5.26,9.0,3.0,3.0,15.79,27.0,1.0,1.0,5.26,9.0,3.0,3.0,15.79,27.0,1.0,1.0,5.26,9.0,2.0,2.0,10.53,18.0,1.0,1.0,5.26,9.0,0.0,0.0,0.0,0.0,2.0,2.0,10.53,18.0,2.0,2.0,10.53,18.0,42.11,42.11,0.0,114.0,0.0,0.0,0.0,4.0,4.0,0.43,0.51,0.75,0.0,1.0,0.11,0.67,0.25,0.75,0.5,5.26,0.0,0.11,10.53,0.29
10881,飛克,新北中信特攻,3,43|10877|10881,林韋翰/阿巴西/飛克,1,103,120.0,1584.84,26.41,26:25,1584.84,26.41,26:25,50.0,50.0,41.67,68.15,56.0,56.0,46.67,76.32,49.0,49.0,40.83,66.78,17.0,17.0,14.17,23.17,22.0,22.0,18.33,29.98,11.0,11.0,9.17,14.99,27.0,27.0,22.5,36.8,6.0,6.0,5.0,8.18,7.0,7.0,5.83,9.54,5.0,5.0,4.17,6.81,9.0,9.0,7.5,12.27,25.0,25.0,20.83,34.07,4.0,4.0,3.33,5.45,19.0,19.0,15.83,25.9,7.0,7.0,5.83,9.54,10.0,10.0,8.33,13.63,5.0,5.0,4.17,6.81,3.0,3.0,2.5,4.09,10.0,10.0,8.33,13.63,16.0,16.0,13.33,21.81,41.67,46.67,-5.0,109.03,-6.0,-6.0,-5.0,26.41,26.41,0.41,0.48,0.5,0.22,0.71,0.12,0.59,0.32,0.86,0.6,4.17,2.5,0.08,13.33,0.14
10881,飛克,新北中信特攻,4,40|43|8889|10881,謝亞軒/林韋翰/馬可/飛克,1,16,19.0,240.0,4.0,04:00,240.0,4.0,04:00,8.0,8.0,42.11,72.0,8.0,8.0,42.11,72.0,7.0,7.0,36.84,63.0,3.0,3.0,15.79,27.0,4.0,4.0,21.05,36.0,3.0,3.0,15.79,27.0,3.0,3.0,15.79,27.0,0.0,0.0,0.0,0.0,2.0,2.0,10.53,18.0,2.0,2.0,10.53,18.0,1.0,1.0,5.26,9.0,3.0,3.0,15.79,27.0,1.0,1.0,5.26,9.0,3.0,3.0,15.79,27.0,1.0,1.0,5.26,9.0,2.0,2.0,10.53,18.0,1.0,1.0,5.26,9.0,0.0,0.0,0.0,0.0,2.0,2.0,10.53,18.0,2.0,2.0,10.53,18.0,42.11,42.11,0.0,114.0,0.0,0.0,0.0,4.0,4.0,0.43,0.51,0.75,0.0,1.0,0.11,0.67,0.25,0.75,0.5,5.26,0.0,0.11,10.53,0.29
10881,飛克,新北中信特攻,4,40|43|10877|10881,謝亞軒/林韋翰/阿巴西/飛克,1,65,73.0,1027.2,17.12,17:07,1027.2,17.12,17:07,31.0,31.0,42.47,65.19,35.0,35.0,47.95,73.6,25.0,25.0,34.25,52.57,12.0,12.0,16.44,25.23,13.0,13.0,17.81,27.34,9.0,9.0,12.33,18.93,12.0,12.0,16.44,25.23,3.0,3.0,4.11,6.31,4.0,4.0,5.48,8.41,3.0,3.0,4.11,6.31,2.0,2.0,2.74,4.21,12.0,12.0,16.44,25.23,2.0,2.0,2.74,4.21,12.0,12.0,16.44,25.23,7.0,7.0,9.59,14.72,7.0,7.0,9.59,14.72,5.0,5.0,6.85,10.51,1.0,1.0,1.37,2.1,8.0,8.0,10.96,16.82,8.0,8.0,10.96,16.82,42.47,47.95,-5.48,102.34,-4.0,-4.0,-5.48,17.12,17.12,0.54,0.58,0.69,0.25,0.75,0.21,0.58,0.14,0.86,0.5,6.85,1.37,0.11,10.96,0.16
10881,飛克,新北中信特攻,4,43|8889|10877|10881,林韋翰/馬可/阿巴西/飛克,1,16,19.0,240.0,4.0,04:00,240.0,4.0,04:00,8.0,8.0,42.11,72.0,8.0,8.0,42.11,72.0,7.0,7.0,36.84,63.0,3.0,3.0,15.79,27.0,4.0,4.0,21.05,36.0,3.0,3.0,15.79,27.0,3.0,3.0,15.79,27.0,0.0,0.0,0.0,0.0,2.0,2.0,10.53,18.0,2.0,2.0,10.53,18.0,1.0,1.0,5.26,9.0,3.0,3.0,15.79,27.0,1.0,1.0,5.26,9.0,3.0,3.0,15.79,27.0,1.0,1.0,5.26,9.0,2.0,2.0,10.53,18.0,1.0,1.0,5.26,9.0,0.0,0.0,0.0,0.0,2.0,2.0,10.53,18.0,2.0,2.0,10.53,18.0,42.11,42.11,0.0,114.0,0.0,0.0,0.0,4.0,4.0,0.43,0.51,0.75,0.0,1.0,0.11,0.67,0.25,0.75,0.5,5.26,0.0,0.11,10.53,0.29
10881,飛克,新北中信特攻,5,40|43|8889|10877|10881,謝亞軒/林韋翰/馬可/阿巴西/飛克,1,16,19.0,240.0,4.0,04:00,240.0,4.0,04:00,8.0,8.0,42.11,72.0,8.0,8.0,42.11,72.0,7.0,7.0,36.84,63.0,3.0,3.0,15.79,27.0,4.0,4.0,21.05,36.0,3.0,3.0,15.79,27.0,3.0,3.0,15.79,27.0,0.0,0.0,0.0,0.0,2.0,2.0,10.53,18.0,2.0,2.0,10.53,18.0,1.0,1.0,5.26,9.0,3.0,3.0,15.79,27.0,1.0,1.0,5.26,9.0,3.0,3.0,15.79,27.0,1.0,1.0,5.26,9.0,2.0,2.0,10.53,18.0,1.0,1.0,5.26,9.0,0.0,0.0,0.0,0.0,2.0,2.0,10.53,18.0,2.0,2.0,10.53,18.0,42.11,42.11,0.0,114.0,0.0,0.0,0.0,4.0,4.0,0.43,0.51,0.75,0.0,1.0,0.11,0.67,0.25,0.75,0.5,5.26,0.0,0.11,10.53,0.29
43,林韋翰,新北中信特攻,2,43|10879,林韋翰/簡廷兆,1,58,70.0,915.04,15.25,15:15,915.04,15.25,15:15,24.0,24.0,34.29,56.65,30.0,30.0,42.86,70.82,32.0,32.0,45.71,75.54,7.0,7.0,10.0,16.52,14.0,14.0,20.0,33.05,4.0,4.0,5.71,9.44,18.0,18.0,25.71,42.49,3.0,3.0,4.29,7.08,4.0,4.0,5.71,9.44,3.0,3.0,4.29,7.08,8.0,8.0,11.43,18.88,17.0,17.0,24.29,40.13,4.0,4.0,5.71,9.44,12.0,12.0,17.14,28.33,2.0,2.0,2.86,4.72,4.0,4.0,5.71,9.44,0.0,0.0,0.0,0.0,2.0,2.0,2.86,4.72,4.0,4.0,5.71,9.44,15.0,15.0,21.43,35.41,34.29,42.86,-8.57,110.16,-6.0,-6.0,-8.57,15.25,15.25,0.27,0.36,0.29,0.17,0.75,0.06,0.57,0.4,0.81,0.61,0.0,2.86,0.06,21.43,0.12
43,林韋翰,新北中信特攻,2,43|10880,林韋翰/內馬,1,100,114.0,1599.03,26.65,26:39,1599.03,26.65,26:39,44.0,44.0,38.6,59.44,53.0,53.0,46.49,71.59,43.0,43.0,37.72,58.09,16.0,16.0,14.04,21.61,22.0,22.0,19.3,29.72,11.0,11.0,9.65,14.86,21.0,21.0,18.42,28.37,5.0,5.0,4.39,6.75,8.0,8.0,7.02,10.81,5.0,5.0,4.39,6.75,6.0,6.0,5.26,8.1,22.0,22.0,19.3,29.72,4.0,4.0,3.51,5.4,19.0,19.0,16.67,25.67,10.0,10.0,8.77,13.51,8.0,8.0,7.02,10.81,4.0,4.0,3.51,5.4,3.0,3.0,2.63,4.05,13.0,13.0,11.4,17.56,16.0,16.0,14.04,21.61,38.6,46.49,-7.89,102.66,-9.0,-9.0,-7.89,26.65,26.65,0.43,0.47,0.5,0.24,0.62,0.18,0.5,0.24,0.85,0.55,3.51,2.63,0.11,14.04,0.19
43,林韋翰,新北中信特攻,3,43|10877|10879,林韋翰/阿巴西/簡廷兆,1,53,65.0,824.04,13.73,13:44,824.04,13.73,13:44,24.0,24.0,36.92,62.91,27.0,27.0,41.54,70.77,32.0,32.0,49.23,83.88,7.0,7.0,10.77,18.35,14.0,14.0,21.54,36.7,4.0,4.0,6.15,10.48,18.0,18.0,27.69,47.18,3.0,3.0,4.62,7.86,4.0,4.0,6.15,10.48,3.0,3.0,4.62,7.86,8.0,8.0,12.31,20.97,17.0,17.0,26.15,44.56,4.0,4.0,6.15,10.48,10.0,10.0,15.38,26.21,0.0,0.0,0.0,0.0,4.0,4.0,6.15,10.48,0.0,0.0,0.0,0.0,2.0,2.0,3.08,5.24,3.0,3.0,4.62,7.86,12.0,12.0,18.46,31.45,36.92,41.54,-4.62,113.59,-3.0,-3.0,-4.62,13.73,13.73,0.27,0.36,0.29,0.17,0.75,0.0,0.57,0.44,0.81,0.64,0.0,3.08,0.05,18.46,0.12
43,林韋翰,新北中信特攻,3,43|10877|10880,林韋翰/阿巴西/內馬,1,93,107.0,1460.74,24.35,24:21,1460.74,24.35,24:21,44.0,44.0,41.12,65.06,50.0,50.0,46.73,73.94,41.0,41.0,38.32,60.63,15.0,15.0,14.02,22.18,20.0,20.0,18.69,29.57,10.0,10.0,9.35,14.79,21.0,21.0,19.63,31.05,5.0,5.0,4.67,7.39,6.0,6.0,5.61,8.87,4.0,4.0,3.74,5.91,6.0,6.0,5.61,8.87,20.0,20.0,18.69,29.57,4.0,4.0,3.74,5.91,16.0,16.0,14.95,23.66,8.0,8.0,7.48,11.83,8.0,8.0,7.48,11.83,4.0,4.0,3.74,5.91,3.0,3.0,2.8,4.44,12.0,12.0,11.21,17.74,13.0,13.0,12.15,19.22,41.12,46.73,-5.61,105.48,-6.0,-6.0,-5.61,24.35,24.35,0.43,0.5,0.5,0.24,0.67,0.15,0.53,0.27,0.83,0.57,3.74,2.8,0.11,12.15,0.15
43,林韋翰,新北中信特攻,3,43|10879|10880,林韋翰/簡廷兆/內馬,1,44,51.0,710.49,11.84,11:50,710.49,11.84,11:50,17.0,17.0,33.33,51.68,20.0,20.0,39.22,60.8,23.0,23.0,45.1,69.92,5.0,5.0,9.8,15.2,11.0,11.0,21.57,33.44,4.0,4.0,7.84,12.16,12.0,12.0,23.53,36.48,1.0,1.0,1.96,3.04,3.0,3.0,5.88,9.12,2.0,2.0,3.92,6.08,5.0,5.0,9.8,15.2,13.0,13.0,25.49,39.52,2.0,2.0,3.92,6.08,9.0,9.0,17.65,27.36,2.0,2.0,3.92,6.08,2.0,2.0,3.92,6.08,0.0,0.0,0.0,0.0,2.0,2.0,3.92,6.08,4.0,4.0,7.84,12.16,11.0,11.0,21.57,33.44,33.33,39.22,-5.88,103.37,-3.0,-3.0,-5.88,11.84,11.84,0.24,0.35,0.36,0.08,0.67,0.08,0.4,0.36,0.87,0.62,0.0,3.92,0.08,21.57,0.13
43,林韋翰,新北中信特攻,3,43|10879|10881,林韋翰/簡廷兆/飛克,1,42,52.0,622.09,10.37,10:22,622.09,10.37,10:22,20.0,20.0,38.46,69.44,23.0,23.0,44.23,79.86,25.0,25.0,48.08,86.8,5.0,5.0,9.62,17.36,10.0,10.0,19.23,34.72,2.0,2.0,3.85,6.94,15.0,15.0,28.85,52.08,3.0,3.0,5.77,10.42,4.0,4.0,7.69,13.89,3.0,3.0,5.77,10.42,7.0,7.0,13.46,24.31,14.0,14.0,26.92,48.61,3.0,3.0,5.77,10.42,8.0,8.0,15.38,27.78,0.0,0.0,0.0,0.0,3.0,3.0,5.77,10.42,0.0,0.0,0.0,0.0,2.0,2.0,3.85,6.94,2.0,2.0,3.85,6.94,10.0,10.0,19.23,34.72,38.46,44.23,-5.77,120.37,-3.0,-3.0,-5.77,10.37,10.37,0.26,0.37,0.2,0.2,0.75,0.0,0.6,0.47,0.82,0.66,0.0,3.85,0.04,19.23,0.16
43,林韋翰,新北中信特攻,3,43|10880|10881,林韋翰/內馬/飛克,1,69,78.0,1084.89,18.08,18:05,1084.89,18.08,18:05,33.0,33.0,42.31,65.7,34.0,34.0,43.59,67.69,31.0,31.0,39.74,61.72,11.0,11.0,14.1,21.9,15.0,15.0,19.23,29.86,7.0,7.0,8.97,13.94,16.0,16.0,20.51,31.86,4.0,4.0,5.13,7.96,6.0,6.0,7.69,11.95,3.0,3.0,3.85,5.97,5.0,5.0,6.41,9.95,18.0,18.0,23.08,35.84,1.0,1.0,1.28,1.99,13.0,13.0,16.67,25.88,6.0,6.0,7.69,11.95,6.0,6.0,7.69,11.95,4.0,4.0,5.13,7.96,3.0,3.0,3.85,5.97,7.0,7.0,8.97,13.94,8.0,8.0,10.26,15.93,42.31,43.59,-1.28,103.53,-1.0,-1.0,-1.28,18.08,18.08,0.42,0.49,0.47,0.25,0.5,0.15,0.55,0.28,0.95,0.62,5.13,3.85,0.09,10.26,0.19
43,林韋翰,新北中信特攻,4,43|10877|10879|10880,林韋翰/阿巴西/簡廷兆/內馬,1,39,46.0,619.49,10.32,10:19,619.49,10.32,10:19,17.0,17.0,36.96,59.27,17.0,17.0,36.96,59.27,23.0,23.0,50.0,80.2,5.0,5.0,10.87,17.43,11.0,11.0,23.91,38.35,4.0,4.0,8.7,13.95,12.0,12.0,26.09,41.84,1.0,1.0,2.17,3.49,3.0,3.0,6.52,10.46,2.0,2.0,4.35,6.97,5.0,5.0,10.87,17.43,13.0,13.0,28.26,45.33,2.0,2.0,4.35,6.97,7.0,7.0,15.22,24.41,0.0,0.0,0.0,0.0,2.0,2.0,4.35,6.97,0.0,0.0,0.0,0.0,2.0,2.0,4.35,6.97,3.0,3.0,6.52,10.46,8.0,8.0,17.39,27.89,36.96,36.96,0.0,106.93,0.0,0.0,0.0,10.32,10.32,0.24,0.35,0.36,0.08,0.67,0.0,0.4,0.42,0.87,0.67,0.0,4.35,0.07,17.39,0.13
43,林韋翰,新北中信特攻,4,43|10877|10879|10881,林韋翰/阿巴西/簡廷兆/飛克,1,42,52.0,622.09,10.37,10:22,622.09,10.37,10:22,20.0,20.0,38.46,69.44,23.0,23.0,44.23,79.86,25.0,25.0,48.08,86.8,5.0,5.0,9.62,17.36,10.0,10.0,19.23,34.72,2.0,2.0,3.85,6.94,15.0,15.0,28.85,52.08,3.0,3.0,5.77,10.42,4.0,4.0,7.69,13.89,3.0,3.0,5.77,10.42,7.0,7.0,13.46,24.31,14.0,14.0,26.92,48.61,3.0,3.0,5.77,10.42,8.0,8.0,15.38,27.78,0.0,0.0,0.0,0.0,3.0,3.0,5.77,10.42,0.0,0.0,0.0,0.0,2.0,2.0,3.85,6.94,2.0,2.0,3.85,6.94,10.0,10.0,19.23,34.72,38.46,44.23,-5.77,120.37,-3.0,-3.0,-5.77,10.37,10.37,0.26,0.37,0.2,0.2,0.75,0.0,0.6,0.47,0.82,0.66,0.0,3.85,0.04,19.23,0.16
43,林韋翰,新北中信特攻,4,43|10877|10880|10881,林韋翰/阿巴西/內馬/飛克,1,67,76.0,1058.58,17.64,17:39,1058.58,17.64,17:39,33.0,33.0,43.42,67.34,34.0,34.0,44.74,69.38,30.0,30.0,39.47,61.21,11.0,11.0,14.47,22.45,14.0,14.0,18.42,28.57,7.0,7.0,9.21,14.28,16.0,16.0,21.05,32.65,4.0,4.0,5.26,8.16,4.0,4.0,5.26,8.16,2.0,2.0,2.63,4.08,5.0,5.0,6.58,10.2,16.0,16.0,21.05,32.65,1.0,1.0,1.32,2.04,12.0,12.0,15.79,24.49,6.0,6.0,7.89,12.24,6.0,6.0,7.89,12.24,4.0,4.0,5.26,8.16,3.0,3.0,3.95,6.12,7.0,7.0,9.21,14.28,8.0,8.0,10.53,16.32,43.42,44.74,-1.32,103.38,-1.0,-1.0,-1.32,17.64,17.64,0.43,0.52,0.5,0.25,0.5,0.16,0.55,0.29,0.94,0.62,5.26,3.95,0.09,10.53,0.13
43,林韋翰,新北中信特攻,4,43|10879|10880|10881,林韋翰/簡廷兆/內馬/飛克,1,28,33.0,417.54,6.96,06:58,417.54,6.96,06:58,13.0,13.0,39.39,67.25,13.0,13.0,39.39,67.25,16.0,16.0,48.48,82.77,3.0,3.0,9.09,15.52,7.0,7.0,21.21,36.21,2.0,2.0,6.06,10.35,9.0,9.0,27.27,46.56,1.0,1.0,3.03,5.17,3.0,3.0,9.09,15.52,2.0,2.0,6.06,10.35,4.0,4.0,12.12,20.69,10.0,10.0,30.3,51.73,1.0,1.0,3.03,5.17,5.0,5.0,15.15,25.87,0.0,0.0,0.0,0.0,1.0,1.0,3.03,5.17,0.0,0.0,0.0,0.0,2.0,2.0,6.06,10.35,2.0,2.0,6.06,10.35,6.0,6.0,18.18,31.04,39.39,39.39,0.0,113.81,0.0,0.0,0.0,6.96,6.96,0.22,0.38,0.29,0.11,0.67,0.0,0.33,0.44,0.91,0.7,0.0,6.06,0.06,18.18,0.19
43,林韋翰,新北中信特攻,5,43|10877|10879|10880|10881,林韋翰/阿巴西/簡廷兆/內馬/飛克,1,28,33.0,417.54,6.96,06:58,417.54,6.96,06:58,13.0,13.0,39.39,67.25,13.0,13.0,39.39,67.25,16.0,16.0,48.48,82.77,3.0,3.0,9.09,15.52,7.0,7.0,21.21,36.21,2.0,2.0,6.06,10.35,9.0,9.0,27.27,46.56,1.0,1.0,3.03,5.17,3.0,3.0,9.09,15.52,2.0,2.0,6.06,10.35,4.0,4.0,12.12,20.69,10.0,10.0,30.3,51.73,1.0,1.0,3.03,5.17,5.0,5.0,15.15,25.87,0.0,0.0,0.0,0.0,1.0,1.0,3.03,5.17,0.0,0.0,0.0,0.0,2.0,2.0,6.06,10.35,2.0,2.0,6.06,10.35,6.0,6.0,18.18,31.04,39.39,39.39,0.0,113.81,0.0,0.0,0.0,6.96,6.96,0.22,0.38,0.29,0.11,0.67,0.0,0.33,0.44,0.91,0.7,0.0,6.06,0.06,18.18,0.19
10877,阿巴西,新北中信特攻,2,10877|10879,阿巴西/簡廷兆,1,67,81.0,1037.02,17.28,17:17,1037.02,17.28,17:17,29.0,29.0,35.8,60.4,39.0,39.0,48.15,81.23,38.0,38.0,46.91,79.15,9.0,9.0,11.11,18.75,16.0,16.0,19.75,33.33,5.0,5.0,6.17,10.41,22.0,22.0,27.16,45.82,4.0,4.0,4.94,8.33,6.0,6.0,7.41,12.5,5.0,5.0,6.17,10.41,9.0,9.0,11.11,18.75,20.0,20.0,24.69,41.66,5.0,5.0,6.17,10.41,12.0,12.0,14.81,24.99,1.0,1.0,1.23,2.08,6.0,6.0,7.41,12.5,0.0,0.0,0.0,0.0,2.0,2.0,2.47,4.17,4.0,4.0,4.94,8.33,14.0,14.0,17.28,29.16,35.8,48.15,-12.35,112.48,-10.0,-10.0,-12.35,17.28,17.28,0.29,0.36,0.31,0.18,0.83,0.02,0.67,0.43,0.8,0.63,0.0,2.47,0.05,17.28,0.16
10877,阿巴西,新北中信特攻,2,10877|10880,阿巴西/內馬,1,99,114.0,1560.87,26.01,26:01,1560.87,26.01,26:01,46.0,46.0,40.35,63.66,55.0,55.0,48.25,76.11,43.0,43.0,37.72,59.51,16.0,16.0,14.04,22.14,22.0,22.0,19.3,30.44,11.0,11.0,9.65,15.22,21.0,21.0,18.42,29.06,5.0,5.0,4.39,6.92,6.0,6.0,5.26,8.3,4.0,4.0,3.51,5.54,6.0,6.0,5.26,8.3,21.0,21.0,18.42,29.06,5.0,5.0,4.39,6.92,18.0,18.0,15.79,24.91,8.0,8.0,7.02,11.07,9.0,9.0,7.89,12.45,4.0,4.0,3.51,5.54,3.0,3.0,2.63,4.15,13.0,13.0,11.4,17.99,13.0,13.0,11.4,17.99,40.35,48.25,-7.89,105.17,-9.0,-9.0,-7.89,26.01,26.01,0.43,0.5,0.5,0.24,0.67,0.15,0.56,0.25,0.81,0.54,3.51,2.63,0.11,11.4,0.14
10877,阿巴西,新北中信特攻,3,43|10877|10879,林韋翰/阿巴西/簡廷兆,1,53,65.0,824.04,13.73,13:44,824.04,13.73,13:44,24.0,24.0,36.92,62.91,27.0,27.0,41.54,70.77,32.0,32.0,49.23,83.88,7.0,7.0,10.77,18.35,14.0,14.0,21.54,36.7,4.0,4.0,6.15,10.48,18.0,18.0,27.69,47.18,3.0,3.0,4.62,7.86,4.0,4.0,6.15,10.48,3.0,3.0,4.62,7.86,8.0,8.0,12.31,20.97,17.0,17.0,26.15,44.56,4.0,4.0,6.15,10.48,10.0,10.0,15.38,26.21,0.0,0.0,0.0,0.0,4.0,4.0,6.15,10.48,0.0,0.0,0.0,0.0,2.0,2.0,3.08,5.24,3.0,3.0,4.62,7.86,12.0,12.0,18.46,31.45,36.92,41.54,-4.62,113.59,-3.0,-3.0,-4.62,13.73,13.73,0.27,0.36,0.29,0.17,0.75,0.0,0.57,0.44,0.81,0.64,0.0,3.08,0.05,18.46,0.12
10877,阿巴西,新北中信特攻,3,43|10877|10880,林韋翰/阿巴西/內馬,1,93,107.0,1460.74,24.35,24:21,1460.74,24.35,24:21,44.0,44.0,41.12,65.06,50.0,50.0,46.73,73.94,41.0,41.0,38.32,60.63,15.0,15.0,14.02,22.18,20.0,20.0,18.69,29.57,10.0,10.0,9.35,14.79,21.0,21.0,19.63,31.05,5.0,5.0,4.67,7.39,6.0,6.0,5.61,8.87,4.0,4.0,3.74,5.91,6.0,6.0,5.61,8.87,20.0,20.0,18.69,29.57,4.0,4.0,3.74,5.91,16.0,16.0,14.95,23.66,8.0,8.0,7.48,11.83,8.0,8.0,7.48,11.83,4.0,4.0,3.74,5.91,3.0,3.0,2.8,4.44,12.0,12.0,11.21,17.74,13.0,13.0,12.15,19.22,41.12,46.73,-5.61,105.48,-6.0,-6.0,-5.61,24.35,24.35,0.43,0.5,0.5,0.24,0.67,0.15,0.53,0.27,0.83,0.57,3.74,2.8,0.11,12.15,0.15
10877,阿巴西,新北中信特攻,3,10877|10879|10880,阿巴西/簡廷兆/內馬,1,45,53.0,719.62,11.99,12:00,719.62,11.99,12:00,19.0,19.0,35.85,57.03,22.0,22.0,41.51,66.03,25.0,25.0,47.17,75.04,6.0,6.0,11.32,18.01,13.0,13.0,24.53,39.02,5.0,5.0,9.43,15.01,12.0,12.0,22.64,36.02,1.0,1.0,1.89,3.0,3.0,3.0,5.66,9.0,2.0,2.0,3.77,6.0,5.0,5.0,9.43,15.01,14.0,14.0,26.42,42.02,3.0,3.0,5.66,9.0,9.0,9.0,16.98,27.01,0.0,0.0,0.0,0.0,3.0,3.0,5.66,9.0,0.0,0.0,0.0,0.0,2.0,2.0,3.77,6.0,4.0,4.0,7.55,12.01,8.0,8.0,15.09,24.01,35.85,41.51,-5.66,106.06,-3.0,-3.0,-5.66,11.99,11.99,0.26,0.36,0.38,0.08,0.67,0.0,0.5,0.36,0.82,0.61,0.0,3.77,0.08,15.09,0.12
10877,阿巴西,新北中信特攻,3,10877|10879|10881,阿巴西/簡廷兆/飛克,1,56,68.0,835.06,13.92,13:55,835.06,13.92,13:55,25.0,25.0,36.76,64.67,35.0,35.0,51.47,90.53,31.0,31.0,45.59,80.19,7.0,7.0,10.29,18.11,12.0,12.0,17.65,31.04,3.0,3.0,4.41,7.76,19.0,19.0,27.94,49.15,4.0,4.0,5.88,10.35,6.0,6.0,8.82,15.52,5.0,5.0,7.35,12.93,8.0,8.0,11.76,20.69,17.0,17.0,25.0,43.97,4.0,4.0,5.88,10.35,10.0,10.0,14.71,25.87,1.0,1.0,1.47,2.59,5.0,5.0,7.35,12.93,0.0,0.0,0.0,0.0,2.0,2.0,2.94,5.17,3.0,3.0,4.41,7.76,12.0,12.0,17.65,31.04,36.76,51.47,-14.71,117.26,-10.0,-10.0,-14.71,13.92,13.92,0.29,0.37,0.25,0.21,0.83,0.03,0.71,0.44,0.81,0.64,0.0,2.94,0.04,17.65,0.19
10877,阿巴西,新北中信特攻,3,10877|10880|10881,阿巴西/內馬/飛克,1,73,83.0,1158.71,19.31,19:19,1158.71,19.31,19:19,35.0,35.0,42.17,65.24,39.0,39.0,46.99,72.7,32.0,32.0,38.55,59.65,12.0,12.0,14.46,22.37,16.0,16.0,19.28,29.83,8.0,8.0,9.64,14.91,16.0,16.0,19.28,29.83,4.0,4.0,4.82,7.46,4.0,4.0,4.82,7.46,2.0,2.0,2.41,3.73,5.0,5.0,6.02,9.32,17.0,17.0,20.48,31.69,2.0,2.0,2.41,3.73,14.0,14.0,16.87,26.1,6.0,6.0,7.23,11.18,7.0,7.0,8.43,13.05,4.0,4.0,4.82,7.46,3.0,3.0,3.61,5.59,8.0,8.0,9.64,14.91,8.0,8.0,9.64,14.91,42.17,46.99,-4.82,103.15,-4.0,-4.0,-4.82,19.31,19.31,0.44,0.52,0.5,0.25,0.5,0.15,0.58,0.26,0.89,0.58,4.82,3.61,0.1,9.64,0.12
10877,阿巴西,新北中信特攻,4,43|10877|10879|10880,林韋翰/阿巴西/簡廷兆/內馬,1,39,46.0,619.49,10.32,10:19,619.49,10.32,10:19,17.0,17.0,36.96,59.27,17.0,17.0,36.96,59.27,23.0,23.0,50.0,80.2,5.0,5.0,10.87,17.43,11.0,11.0,23.91,38.35,4.0,4.0,8.7,13.95,12.0,12.0,26.09,41.84,1.0,1.0,2.17,3.49,3.0,3.0,6.52,10.46,2.0,2.0,4.35,6.97,5.0,5.0,10.87,17.43,13.0,13.0,28.26,45.33,2.0,2.0,4.35,6.97,7.0,7.0,15.22,24.41,0.0,0.0,0.0,0.0,2.0,2.0,4.35,6.97,0.0,0.0,0.0,0.0,2.0,2.0,4.35,6.97,3.0,3.0,6.52,10.46,8.0,8.0,17.39,27.89,36.96,36.96,0.0,106.93,0.0,0.0,0.0,10.32,10.32,0.24,0.35,0.36,0.08,0.67,0.0,0.4,0.42,0.87,0.67,0.0,4.35,0.07,17.39,0.13
10877,阿巴西,新北中信特攻,4,43|10877|10879|10881,林韋翰/阿巴西/簡廷兆/飛克,1,42,52.0,622.09,10.37,10:22,622.09,10.37,10:22,20.0,20.0,38.46,69.44,23.0,23.0,44.23,79.86,25.0,25.0,48.08,86.8,5.0,5.0,9.62,17.36,10.0,10.0,19.23,34.72,2.0,2.0,3.85,6.94,15.0,15.0,28.85,52.08,3.0,3.0,5.77,10.42,4.0,4.0,7.69,13.89,3.0,3.0,5.77,10.42,7.0,7.0,13.46,24.31,14.0,14.0,26.92,48.61,3.0,3.0,5.77,10.42,8.0,8.0,15.38,27.78,0.0,0.0,0.0,0.0,3.0,3.0,5.77,10.42,0.0,0.0,0.0,0.0,2.0,2.0,3.85,6.94,2.0,2.0,3.85,6.94,10.0,10.0,19.23,34.72,38.46,44.23,-5.77,120.37,-3.0,-3.0,-5.77,10.37,10.37,0.26,0.37,0.2,0.2,0.75,0.0,0.6,0.47,0.82,0.66,0.0,3.85,0.04,19.23,0.16
10877,阿巴西,新北中信特攻,4,43|10877|10880|10881,林韋翰/阿巴西/內馬/飛克,1,67,76.0,1058.58,17.64,17:39,1058.58,17.64,17:39,33.0,33.0,43.42,67.34,34.0,34.0,44.74,69.38,30.0,30.0,39.47,61.21,11.0,11.0,14.47,22.45,14.0,14.0,18.42,28.57,7.0,7.0,9.21,14.28,16.0,16.0,21.05,32.65,4.0,4.0,5.26,8.16,4.0,4.0,5.26,8.16,2.0,2.0,2.63,4.08,5.0,5.0,6.58,10.2,16.0,16.0,21.05,32.65,1.0,1.0,1.32,2.04,12.0,12.0,15.79,24.49,6.0,6.0,7.89,12.24,6.0,6.0,7.89,12.24,4.0,4.0,5.26,8.16,3.0,3.0,3.95,6.12,7.0,7.0,9.21,14.28,8.0,8.0,10.53,16.32,43.42,44.74,-1.32,103.38,-1.0,-1.0,-1.32,17.64,17.64,0.43,0.52,0.5,0.25,0.5,0.16,0.55,0.29,0.94,0.62,5.26,3.95,0.09,10.53,0.13
10877,阿巴西,新北中信特攻,4,10877|10879|10880|10881,阿巴西/簡廷兆/內馬/飛克,1,34,40.0,517.67,8.63,08:38,517.67,8.63,08:38,15.0,15.0,37.5,62.59,18.0,18.0,45.0,75.11,18.0,18.0,45.0,75.11,4.0,4.0,10.0,16.69,9.0,9.0,22.5,37.55,3.0,3.0,7.5,12.52,9.0,9.0,22.5,37.55,1.0,1.0,2.5,4.17,3.0,3.0,7.5,12.52,2.0,2.0,5.0,8.35,4.0,4.0,10.0,16.69,11.0,11.0,27.5,45.9,2.0,2.0,5.0,8.35,7.0,7.0,17.5,29.21,0.0,0.0,0.0,0.0,2.0,2.0,5.0,8.35,0.0,0.0,0.0,0.0,2.0,2.0,5.0,8.35,3.0,3.0,7.5,12.52,6.0,6.0,15.0,25.04,37.5,45.0,-7.5,111.27,-3.0,-3.0,-7.5,8.63,8.63,0.25,0.39,0.33,0.11,0.67,0.0,0.5,0.36,0.85,0.62,0.0,5.0,0.08,15.0,0.17
10877,阿巴西,新北中信特攻,5,43|10877|10879|10880|10881,林韋翰/阿巴西/簡廷兆/內馬/飛克,1,28,33.0,417.54,6.96,06:58,417.54,6.96,06:58,13.0,13.0,39.39,67.25,13.0,13.0,39.39,67.25,16.0,16.0,48.48,82.77,3.0,3.0,9.09,15.52,7.0,7.0,21.21,36.21,2.0,2.0,6.06,10.35,9.0,9.0,27.27,46.56,1.0,1.0,3.03,5.17,3.0,3.0,9.09,15.52,2.0,2.0,6.06,10.35,4.0,4.0,12.12,20.69,10.0,10.0,30.3,51.73,1.0,1.0,3.03,5.17,5.0,5.0,15.15,25.87,0.0,0.0,0.0,0.0,1.0,1.0,3.03,5.17,0.0,0.0,0.0,0.0,2.0,2.0,6.06,10.35,2.0,2.0,6.06,10.35,6.0,6.0,18.18,31.04,39.39,39.39,0.0,113.81,0.0,0.0,0.0,6.96,6.96,0.22,0.38,0.29,0.11,0.67,0.0,0.33,0.44,0.91,0.7,0.0,6.06,0.06,18.18,0.19
10879,簡廷兆,新北中信特攻,2,43|10879,林韋翰/簡廷兆,1,58,70.0,915.04,15.25,15:15,915.04,15.25,15:15,24.0,24.0,34.29,56.65,30.0,30.0,42.86,70.82,32.0,32.0,45.71,75.54,7.0,7.0,10.0,16.52,14.0,14.0,20.0,33.05,4.0,4.0,5.71,9.44,18.0,18.0,25.71,42.49,3.0,3.0,4.29,7.08,4.0,4.0,5.71,9.44,3.0,3.0,4.29,7.08,8.0,8.0,11.43,18.88,17.0,17.0,24.29,40.13,4.0,4.0,5.71,9.44,12.0,12.0,17.14,28.33,2.0,2.0,2.86,4.72,4.0,4.0,5.71,9.44,0.0,0.0,0.0,0.0,2.0,2.0,2.86,4.72,4.0,4.0,5.71,9.44,15.0,15.0,21.43,35.41,34.29,42.86,-8.57,110.16,-6.0,-6.0,-8.57,15.25,15.25,0.27,0.36,0.29,0.17,0.75,0.06,0.57,0.4,0.81,0.61,0.0,2.86,0.06,21.43,0.12
10879,簡廷兆,新北中信特攻,2,10877|10879,阿巴西/簡廷兆,1,67,81.0,1037.02,17.28,17:17,1037.02,17.28,17:17,29.0,29.0,35.8,60.4,39.0,39.0,48.15,81.23,38.0,38.0,46.91,79.15,9.0,9.0,11.11,18.75,16.0,16.0,19.75,33.33,5.0,5.0,6.17,10.41,22.0,22.0,27.16,45.82,4.0,4.0,4.94,8.33,6.0,6.0,7.41,12.5,5.0,5.0,6.17,10.41,9.0,9.0,11.11,18.75,20.0,20.0,24.69,41.66,5.0,5.0,6.17,10.41,12.0,12.0,14.81,24.99,1.0,1.0,1.23,2.08,6.0,6.0,7.41,12.5,0.0,0.0,0.0,0.0,2.0,2.0,2.47,4.17,4.0,4.0,4.94,8.33,14.0,14.0,17.28,29.16,35.8,48.15,-12.35,112.48,-10.0,-10.0,-12.35,17.28,17.28,0.29,0.36,0.31,0.18,0.83,0.02,0.67,0.43,0.8,0.63,0.0,2.47,0.05,17.28,0.16
10879,簡廷兆,新北中信特攻,2,10879|10880,簡廷兆/內馬,1,66,76.0,1069.4,17.82,17:49,1069.4,17.82,17:49,30.0,30.0,39.47,60.59,27.0,27.0,35.53,54.54,30.0,30.0,39.47,60.59,9.0,9.0,11.84,18.18,16.0,16.0,21.05,32.32,7.0,7.0,9.21,14.14,14.0,14.0,18.42,28.28,2.0,2.0,2.63,4.04,7.0,7.0,9.21,14.14,6.0,6.0,7.89,12.12,6.0,6.0,7.89,12.12,15.0,15.0,19.74,30.3,3.0,3.0,3.95,6.06,16.0,16.0,21.05,32.32,4.0,4.0,5.26,8.08,5.0,5.0,6.58,10.1,0.0,0.0,0.0,0.0,2.0,2.0,2.63,4.04,7.0,7.0,9.21,14.14,11.0,11.0,14.47,22.22,39.47,35.53,3.95,102.34,3.0,3.0,3.95,17.82,17.82,0.33,0.45,0.44,0.14,0.86,0.11,0.56,0.27,0.83,0.52,0.0,2.63,0.09,14.47,0.23
10879,簡廷兆,新北中信特攻,2,10879|10881,簡廷兆/飛克,1,72,86.0,1093.84,18.23,18:14,1093.84,18.23,18:14,36.0,36.0,41.86,71.09,37.0,37.0,43.02,73.06,36.0,36.0,41.86,71.09,10.0,10.0,11.63,19.75,15.0,15.0,17.44,29.62,5.0,5.0,5.81,9.87,21.0,21.0,24.42,41.47,5.0,5.0,5.81,9.87,10.0,10.0,11.63,19.75,9.0,9.0,10.47,17.77,9.0,9.0,10.47,17.77,18.0,18.0,20.93,35.54,4.0,4.0,4.65,7.9,15.0,15.0,17.44,29.62,3.0,3.0,3.49,5.92,7.0,7.0,8.14,13.82,0.0,0.0,0.0,0.0,2.0,2.0,2.33,3.95,5.0,5.0,5.81,9.87,12.0,12.0,13.95,23.7,41.86,43.02,-1.16,113.22,-1.0,-1.0,-1.16,18.23,18.23,0.35,0.45,0.33,0.24,0.9,0.07,0.7,0.38,0.82,0.59,0.0,2.33,0.06,13.95,0.28
10879,簡廷兆,新北中信特攻,3,43|10877|10879,林韋翰/阿巴西/簡廷兆,1,53,65.0,824.04,13.73,13:44,824.04,13.73,13:44,24.0,24.0,36.92,62.91,27.0,27.0,41.54,70.77,32.0,32.0,49.23,83.88,7.0,7.0,10.77,18.35,14.0,14.0,21.54,36.7,4.0,4.0,6.15,10.48,18.0,18.0,27.69,47.18,3.0,3.0,4.62,7.86,4.0,4.0,6.15,10.48,3.0,3.0,4.62,7.86,8.0,8.0,12.31,20.97,17.0,17.0,26.15,44.56,4.0,4.0,6.15,10.48,10.0,10.0,15.38,26.21,0.0,0.0,0.0,0.0,4.0,4.0,6.15,10.48,0.0,0.0,0.0,0.0,2.0,2.0,3.08,5.24,3.0,3.0,4.62,7.86,12.0,12.0,18.46,31.45,36.92,41.54,-4.62,113.59,-3.0,-3.0,-4.62,13.73,13.73,0.27,0.36,0.29,0.17,0.75,0.0,0.57,0.44,0.81,0.64,0.0,3.08,0.05,18.46,0.12
10879,簡廷兆,新北中信特攻,3,43|10879|10880,林韋翰/簡廷兆/內馬,1,44,51.0,710.49,11.84,11:50,710.49,11.84,11:50,17.0,17.0,33.33,51.68,20.0,20.0,39.22,60.8,23.0,23.0,45.1,69.92,5.0,5.0,9.8,15.2,11.0,11.0,21.57,33.44,4.0,4.0,7.84,12.16,12.0,12.0,23.53,36.48,1.0,1.0,1.96,3.04,3.0,3.0,5.88,9.12,2.0,2.0,3.92,6.08,5.0,5.0,9.8,15.2,13.0,13.0,25.49,39.52,2.0,2.0,3.92,6.08,9.0,9.0,17.65,27.36,2.0,2.0,3.92,6.08,2.0,2.0,3.92,6.08,0.0,0.0,0.0,0.0,2.0,2.0,3.92,6.08,4.0,4.0,7.84,12.16,11.0,11.0,21.57,33.44,33.33,39.22,-5.88,103.37,-3.0,-3.0,-5.88,11.84,11.84,0.24,0.35,0.36,0.08,0.67,0.08,0.4,0.36,0.87,0.62,0.0,3.92,0.08,21.57,0.13
10879,簡廷兆,新北中信特攻,3,43|10879|10881,林韋翰/簡廷兆/飛克,1,42,52.0,622.09,10.37,10:22,622.09,10.37,10:22,20.0,20.0,38.46,69.44,23.0,23.0,44.23,79.86,25.0,25.0,48.08,86.8,5.0,5.0,9.62,17.36,10.0,10.0,19.23,34.72,2.0,2.0,3.85,6.94,15.0,15.0,28.85,52.08,3.0,3.0,5.77,10.42,4.0,4.0,7.69,13.89,3.0,3.0,5.77,10.42,7.0,7.0,13.46,24.31,14.0,14.0,26.92,48.61,3.0,3.0,5.77,10.42,8.0,8.0,15.38,27.78,0.0,0.0,0.0,0.0,3.0,3.0,5.77,10.42,0.0,0.0,0.0,0.0,2.0,2.0,3.85,6.94,2.0,2.0,3.85,6.94,10.0,10.0,19.23,34.72,38.46,44.23,-5.77,120.37,-3.0,-3.0,-5.77,10.37,10.37,0.26,0.37,0.2,0.2,0.75,0.0,0.6,0.47,0.82,0.66,0.0,3.85,0.04,19.23,0.16
10879,簡廷兆,新北中信特攻,3,10877|10879|10880,阿巴西/簡廷兆/內馬,1,45,53.0,719.62,11.99,12:00,719.62,11.99,12:00,19.0,19.0,35.85,57.03,22.0,22.0,41.51,66.03,25.0,25.0,47.17,75.04,6.0,6.0,11.32,18.01,13.0,13.0,24.53,39.02,5.0,5.0,9.43,15.01,12.0,12.0,22.64,36.02,1.0,1.0,1.89,3.0,3.0,3.0,5.66,9.0,2.0,2.0,3.77,6.0,5.0,5.0,9.43,15.01,14.0,14.0,26.42,42.02,3.0,3.0,5.66,9.0,9.0,9.0,16.98,27.01,0.0,0.0,0.0,0.0,3.0,3.0,5.66,9.0,0.0,0.0,0.0,0.0,2.0,2.0,3.77,6.0,4.0,4.0,7.55,12.01,8.0,8.0,15.09,24.01,35.85,41.51,-5.66,106.06,-3.0,-3.0,-5.66,11.99,11.99,0.26,0.36,0.38,0.08,0.67,0.0,0.5,0.36,0.82,0.61,0.0,3.77,0.08,15.09,0.12
10879,簡廷兆,新北中信特攻,3,10877|10879|10881,阿巴西/簡廷兆/飛克,1,56,68.0,835.06,13.92,13:55,835.06,13.92,13:55,25.0,25.0,36.76,64.67,35.0,35.0,51.47,90.53,31.0,31.0,45.59,80.19,7.0,7.0,10.29,18.11,12.0,12.0,17.65,31.04,3.0,3.0,4.41,7.76,19.0,19.0,27.94,49.15,4.0,4.0,5.88,10.35,6.0,6.0,8.82,15.52,5.0,5.0,7.35,12.93,8.0,8.0,11.76,20.69,17.0,17.0,25.0,43.97,4.0,4.0,5.88,10.35,10.0,10.0,14.71,25.87,1.0,1.0,1.47,2.59,5.0,5.0,7.35,12.93,0.0,0.0,0.0,0.0,2.0,2.0,2.94,5.17,3.0,3.0,4.41,7.76,12.0,12.0,17.65,31.04,36.76,51.47,-14.71,117.26,-10.0,-10.0,-14.71,13.92,13.92,0.29,0.37,0.25,0.21,0.83,0.03,0.71,0.44,0.81,0.64,0.0,2.94,0.04,17.65,0.19
10879,簡廷兆,新北中信特攻,3,10879|10880|10881,簡廷兆/內馬/飛克,1,50,58.0,776.45,12.94,12:56,776.45,12.94,12:56,26.0,26.0,44.83,72.33,20.0,20.0,34.48,55.64,23.0,23.0,39.66,63.98,7.0,7.0,12.07,19.47,12.0,12.0,20.69,33.38,5.0,5.0,8.62,13.91,11.0,11.0,18.97,30.6,2.0,2.0,3.45,5.56,7.0,7.0,12.07,19.47,6.0,6.0,10.34,16.69,5.0,5.0,8.62,13.91,12.0,12.0,20.69,33.38,2.0,2.0,3.45,5.56,12.0,12.0,20.69,33.38,2.0,2.0,3.45,5.56,4.0,4.0,6.9,11.13,0.0,0.0,0.0,0.0,2.0,2.0,3.45,5.56,5.0,5.0,8.62,13.91,6.0,6.0,10.34,16.69,44.83,34.48,10.34,107.57,6.0,6.0,10.34,12.94,12.94,0.35,0.5,0.42,0.18,0.86,0.07,0.57,0.29,0.86,0.55,0.0,3.45,0.09,10.34,0.3
10879,簡廷兆,新北中信特攻,4,43|10877|10879|10880,林韋翰/阿巴西/簡廷兆/內馬,1,39,46.0,619.49,10.32,10:19,619.49,10.32,10:19,17.0,17.0,36.96,59.27,17.0,17.0,36.96,59.27,23.0,23.0,50.0,80.2,5.0,5.0,10.87,17.43,11.0,11.0,23.91,38.35,4.0,4.0,8.7,13.95,12.0,12.0,26.09,41.84,1.0,1.0,2.17,3.49,3.0,3.0,6.52,10.46,2.0,2.0,4.35,6.97,5.0,5.0,10.87,17.43,13.0,13.0,28.26,45.33,2.0,2.0,4.35,6.97,7.0,7.0,15.22,24.41,0.0,0.0,0.0,0.0,2.0,2.0,4.35,6.97,0.0,0.0,0.0,0.0,2.0,2.0,4.35,6.97,3.0,3.0,6.52,10.46,8.0,8.0,17.39,27.89,36.96,36.96,0.0,106.93,0.0,0.0,0.0,10.32,10.32,0.24,0.35,0.36,0.08,0.67,0.0,0.4,0.42,0.87,0.67,0.0,4.35,0.07,17.39,0.13
10879,簡廷兆,新北中信特攻,4,43|10877|10879|10881,林韋翰/阿巴西/簡廷兆/飛克,1,42,52.0,622.09,10.37,10:22,622.09,10.37,10:22,20.0,20.0,38.46,69.44,23.0,23.0,44.23,79.86,25.0,25.0,48.08,86.8,5.0,5.0,9.62,17.36,10.0,10.0,19.23,34.72,2.0,2.0,3.85,6.94,15.0,15.0,28.85,52.08,3.0,3.0,5.77,10.42,4.0,4.0,7.69,13.89,3.0,3.0,5.77,10.42,7.0,7.0,13.46,24.31,14.0,14.0,26.92,48.61,3.0,3.0,5.77,10.42,8.0,8.0,15.38,27.78,0.0,0.0,0.0,0.0,3.0,3.0,5.77,10.42,0.0,0.0,0.0,0.0,2.0,2.0,3.85,6.94,2.0,2.0,3.85,6.94,10.0,10.0,19.23,34.72,38.46,44.23,-5.77,120.37,-3.0,-3.0,-5.77,10.37,10.37,0.26,0.37,0.2,0.2,0.75,0.0,0.6,0.47,0.82,0.66,0.0,3.85,0.04,19.23,0.16
10879,簡廷兆,新北中信特攻,4,43|10879|10880|10881,林韋翰/簡廷兆/內馬/飛克,1,28,33.0,417.54,6.96,06:58,417.54,6.96,06:58,13.0,13.0,39.39,67.25,13.0,13.0,39.39,67.25,16.0,16.0,48.48,82.77,3.0,3.0,9.09,15.52,7.0,7.0,21.21,36.21,2.0,2.0,6.06,10.35,9.0,9.0,27.27,46.56,1.0,1.0,3.03,5.17,3.0,3.0,9.09,15.52,2.0,2.0,6.06,10.35,4.0,4.0,12.12,20.69,10.0,10.0,30.3,51.73,1.0,1.0,3.03,5.17,5.0,5.0,15.15,25.87,0.0,0.0,0.0,0.0,1.0,1.0,3.03,5.17,0.0,0.0,0.0,0.0,2.0,2.0,6.06,10.35,2.0,2.0,6.06,10.35,6.0,6.0,18.18,31.04,39.39,39.39,0.0,113.81,0.0,0.0,0.0,6.96,6.96,0.22,0.38,0.29,0.11,0.67,0.0,0.33,0.44,0.91,0.7,0.0,6.06,0.06,18.18,0.19
10879,簡廷兆,新北中信特攻,4,10877|10879|10880|10881,阿巴西/簡廷兆/內馬/飛克,1,34,40.0,517.67,8.63,08:38,517.67,8.63,08:38,15.0,15.0,37.5,62.59,18.0,18.0,45.0,75.11,18.0,18.0,45.0,75.11,4.0,4.0,10.0,16.69,9.0,9.0,22.5,37.55,3.0,3.0,7.5,12.52,9.0,9.0,22.5,37.55,1.0,1.0,2.5,4.17,3.0,3.0,7.5,12.52,2.0,2.0,5.0,8.35,4.0,4.0,10.0,16.69,11.0,11.0,27.5,45.9,2.0,2.0,5.0,8.35,7.0,7.0,17.5,29.21,0.0,0.0,0.0,0.0,2.0,2.0,5.0,8.35,0.0,0.0,0.0,0.0,2.0,2.0,5.0,8.35,3.0,3.0,7.5,12.52,6.0,6.0,15.0,25.04,37.5,45.0,-7.5,111.27,-3.0,-3.0,-7.5,8.63,8.63,0.25,0.39,0.33,0.11,0.67,0.0,0.5,0.36,0.85,0.62,0.0,5.0,0.08,15.0,0.17
10879,簡廷兆,新北中信特攻,5,43|10877|10879|10880|10881,林韋翰/阿巴西/簡廷兆/內馬/飛克,1,28,33.0,417.54,6.96,06:58,417.54,6.96,06:58,13.0,13.0,39.39,67.25,13.0,13.0,39.39,67.25,16.0,16.0,48.48,82.77,3.0,3.0,9.09,15.52,7.0,7.0,21.21,36.21,2.0,2.0,6.06,10.35,9.0,9.0,27.27,46.56,1.0,1.0,3.03,5.17,3.0,3.0,9.09,15.52,2.0,2.0,6.06,10.35,4.0,4.0,12.12,20.69,10.0,10.0,30.3,51.73,1.0,1.0,3.03,5.17,5.0,5.0,15.15,25.87,0.0,0.0,0.0,0.0,1.0,1.0,3.03,5.17,0.0,0.0,0.0,0.0,2.0,2.0,6.06,10.35,2.0,2.0,6.06,10.35,6.0,6.0,18.18,31.04,39.39,39.39,0.0,113.81,0.0,0.0,0.0,6.96,6.96,0.22,0.38,0.29,0.11,0.67,0.0,0.33,0.44,0.91,0.7,0.0,6.06,0.06,18.18,0.19
10880,內馬,新北中信特攻,2,43|10880,林韋翰/內馬,1,100,114.0,1599.03,26.65,26:39,1599.03,26.65,26:39,44.0,44.0,38.6,59.44,53.0,53.0,46.49,71.59,43.0,43.0,37.72,58.09,16.0,16.0,14.04,21.61,22.0,22.0,19.3,29.72,11.0,11.0,9.65,14.86,21.0,21.0,18.42,28.37,5.0,5.0,4.39,6.75,8.0,8.0,7.02,10.81,5.0,5.0,4.39,6.75,6.0,6.0,5.26,8.1,22.0,22.0,19.3,29.72,4.0,4.0,3.51,5.4,19.0,19.0,16.67,25.67,10.0,10.0,8.77,13.51,8.0,8.0,7.02,10.81,4.0,4.0,3.51,5.4,3.0,3.0,2.63,4.05,13.0,13.0,11.4,17.56,16.0,16.0,14.04,21.61,38.6,46.49,-7.89,102.66,-9.0,-9.0,-7.89,26.65,26.65,0.43,0.47,0.5,0.24,0.62,0.18,0.5,0.24,0.85,0.55,3.51,2.63,0.11,14.04,0.19
10880,內馬,新北中信特攻,2,10877|10880,阿巴西/內馬,1,99,114.0,1560.87,26.01,26:01,1560.87,26.01,26:01,46.0,46.0,40.35,63.66,55.0,55.0,48.25,76.11,43.0,43.0,37.72,59.51,16.0,16.0,14.04,22.14,22.0,22.0,19.3,30.44,11.0,11.0,9.65,15.22,21.0,21.0,18.42,29.06,5.0,5.0,4.39,6.92,6.0,6.0,5.26,8.3,4.0,4.0,3.51,5.54,6.0,6.0,5.26,8.3,21.0,21.0,18.42,29.06,5.0,5.0,4.39,6.92,18.0,18.0,15.79,24.91,8.0,8.0,7.02,11.07,9.0,9.0,7.89,12.45,4.0,4.0,3.51,5.54,3.0,3.0,2.63,4.15,13.0,13.0,11.4,17.99,13.0,13.0,11.4,17.99,40.35,48.25,-7.89,105.17,-9.0,-9.0,-7.89,26.01,26.01,0.43,0.5,0.5,0.24,0.67,0.15,0.56,0.25,0.81,0.54,3.51,2.63,0.11,11.4,0.14
10880,內馬,新北中信特攻,2,10879|10880,簡廷兆/內馬,1,66,76.0,1069.4,17.82,17:49,1069.4,17.82,17:49,30.0,30.0,39.47,60.59,27.0,27.0,35.53,54.54,30.0,30.0,39.47,60.59,9.0,9.0,11.84,18.18,16.0,16.0,21.05,32.32,7.0,7.0,9.21,14.14,14.0,14.0,18.42,28.28,2.0,2.0,2.63,4.04,7.0,7.0,9.21,14.14,6.0,6.0,7.89,12.12,6.0,6.0,7.89,12.12,15.0,15.0,19.74,30.3,3.0,3.0,3.95,6.06,16.0,16.0,21.05,32.32,4.0,4.0,5.26,8.08,5.0,5.0,6.58,10.1,0.0,0.0,0.0,0.0,2.0,2.0,2.63,4.04,7.0,7.0,9.21,14.14,11.0,11.0,14.47,22.22,39.47,35.53,3.95,102.34,3.0,3.0,3.95,17.82,17.82,0.33,0.45,0.44,0.14,0.86,0.11,0.56,0.27,0.83,0.52,0.0,2.63,0.09,14.47,0.23
10880,內馬,新北中信特攻,2,10880|10881,內馬/飛克,1,91,103.0,1443.8,24.06,24:04,1443.8,24.06,24:04,46.0,46.0,44.66,68.82,41.0,41.0,39.81,61.34,38.0,38.0,36.89,56.85,15.0,15.0,14.56,22.44,20.0,20.0,19.42,29.92,10.0,10.0,9.71,14.96,18.0,18.0,17.48,26.93,5.0,5.0,4.85,7.48,10.0,10.0,9.71,14.96,7.0,7.0,6.8,10.47,6.0,6.0,5.83,8.98,20.0,20.0,19.42,29.92,2.0,2.0,1.94,2.99,20.0,20.0,19.42,29.92,8.0,8.0,7.77,11.97,9.0,9.0,8.74,13.46,4.0,4.0,3.88,5.98,3.0,3.0,2.91,4.49,10.0,10.0,9.71,14.96,8.0,8.0,7.77,11.97,44.66,39.81,4.85,102.73,5.0,5.0,4.85,24.06,24.06,0.46,0.54,0.5,0.28,0.7,0.16,0.6,0.23,0.91,0.54,3.88,2.91,0.1,7.77,0.26
10880,內馬,新北中信特攻,3,43|10877|10880,林韋翰/阿巴西/內馬,1,93,107.0,1460.74,24.35,24:21,1460.74,24.35,24:21,44.0,44.0,41.12,65.06,50.0,50.0,46.73,73.94,41.0,41.0,38.32,60.63,15.0,15.0,14.02,22.18,20.0,20.0,18.69,29.57,10.0,10.0,9.35,14.79,21.0,21.0,19.63,31.05,5.0,5.0,4.67,7.39,6.0,6.0,5.61,8.87,4.0,4.0,3.74,5.91,6.0,6.0,5.61,8.87,20.0,20.0,18.69,29.57,4.0,4.0,3.74,5.91,16.0,16.0,14.95,23.66,8.0,8.0,7.48,11.83,8.0,8.0,7.48,11.83,4.0,4.0,3.74,5.91,3.0,3.0,2.8,4.44,12.0,12.0,11.21,17.74,13.0,13.0,12.15,19.22,41.12,46.73,-5.61,105.48,-6.0,-6.0,-5.61,24.35,24.35,0.43,0.5,0.5,0.24,0.67,0.15,0.53,0.27,0.83,0.57,3.74,2.8,0.11,12.15,0.15
10880,內馬,新北中信特攻,3,43|10879|10880,林韋翰/簡廷兆/內馬,1,44,51.0,710.49,11.84,11:50,710.49,11.84,11:50,17.0,17.0,33.33,51.68,20.0,20.0,39.22,60.8,23.0,23.0,45.1,69.92,5.0,5.0,9.8,15.2,11.0,11.0,21.57,33.44,4.0,4.0,7.84,12.16,12.0,12.0,23.53,36.48,1.0,1.0,1.96,3.04,3.0,3.0,5.88,9.12,2.0,2.0,3.92,6.08,5.0,5.0,9.8,15.2,13.0,13.0,25.49,39.52,2.0,2.0,3.92,6.08,9.0,9.0,17.65,27.36,2.0,2.0,3.92,6.08,2.0,2.0,3.92,6.08,0.0,0.0,0.0,0.0,2.0,2.0,3.92,6.08,4.0,4.0,7.84,12.16,11.0,11.0,21.57,33.44,33.33,39.22,-5.88,103.37,-3.0,-3.0,-5.88,11.84,11.84,0.24,0.35,0.36,0.08,0.67,0.08,0.4,0.36,0.87,0.62,0.0,3.92,0.08,21.57,0.13
10880,內馬,新北中信特攻,3,43|10880|10881,林韋翰/內馬/飛克,1,69,78.0,1084.89,18.08,18:05,1084.89,18.08,18:05,33.0,33.0,42.31,65.7,34.0,34.0,43.59,67.69,31.0,31.0,39.74,61.72,11.0,11.0,14.1,21.9,15.0,15.0,19.23,29.86,7.0,7.0,8.97,13.94,16.0,16.0,20.51,31.86,4.0,4.0,5.13,7.96,6.0,6.0,7.69,11.95,3.0,3.0,3.85,5.97,5.0,5.0,6.41,9.95,18.0,18.0,23.08,35.84,1.0,1.0,1.28,1.99,13.0,13.0,16.67,25.88,6.0,6.0,7.69,11.95,6.0,6.0,7.69,11.95,4.0,4.0,5.13,7.96,3.0,3.0,3.85,5.97,7.0,7.0,8.97,13.94,8.0,8.0,10.26,15.93,42.31,43.59,-1.28,103.53,-1.0,-1.0,-1.28,18.08,18.08,0.42,0.49,0.47,0.25,0.5,0.15,0.55,0.28,0.95,0.62,5.13,3.85,0.09,10.26,0.19
10880,內馬,新北中信特攻,3,10877|10879|10880,阿巴西/簡廷兆/內馬,1,45,53.0,719.62,11.99,12:00,719.62,11.99,12:00,19.0,19.0,35.85,57.03,22.0,22.0,41.51,66.03,25.0,25.0,47.17,75.04,6.0,6.0,11.32,18.01,13.0,13.0,24.53,39.02,5.0,5.0,9.43,15.01,12.0,12.0,22.64,36.02,1.0,1.0,1.89,3.0,3.0,3.0,5.66,9.0,2.0,2.0,3.77,6.0,5.0,5.0,9.43,15.01,14.0,14.0,26.42,42.02,3.0,3.0,5.66,9.0,9.0,9.0,16.98,27.01,0.0,0.0,0.0,0.0,3.0,3.0,5.66,9.0,0.0,0.0,0.0,0.0,2.0,2.0,3.77,6.0,4.0,4.0,7.55,12.01,8.0,8.0,15.09,24.01,35.85,41.51,-5.66,106.06,-3.0,-3.0,-5.66,11.99,11.99,0.26,0.36,0.38,0.08,0.67,0.0,0.5,0.36,0.82,0.61,0.0,3.77,0.08,15.09,0.12
10880,內馬,新北中信特攻,3,10877|10880|10881,阿巴西/內馬/飛克,1,73,83.0,1158.71,19.31,19:19,1158.71,19.31,19:19,35.0,35.0,42.17,65.24,39.0,39.0,46.99,72.7,32.0,32.0,38.55,59.65,12.0,12.0,14.46,22.37,16.0,16.0,19.28,29.83,8.0,8.0,9.64,14.91,16.0,16.0,19.28,29.83,4.0,4.0,4.82,7.46,4.0,4.0,4.82,7.46,2.0,2.0,2.41,3.73,5.0,5.0,6.02,9.32,17.0,17.0,20.48,31.69,2.0,2.0,2.41,3.73,14.0,14.0,16.87,26.1,6.0,6.0,7.23,11.18,7.0,7.0,8.43,13.05,4.0,4.0,4.82,7.46,3.0,3.0,3.61,5.59,8.0,8.0,9.64,14.91,8.0,8.0,9.64,14.91,42.17,46.99,-4.82,103.15,-4.0,-4.0,-4.82,19.31,19.31,0.44,0.52,0.5,0.25,0.5,0.15,0.58,0.26,0.89,0.58,4.82,3.61,0.1,9.64,0.12
10880,內馬,新北中信特攻,3,10879|10880|10881,簡廷兆/內馬/飛克,1,50,58.0,776.45,12.94,12:56,776.45,12.94,12:56,26.0,26.0,44.83,72.33,20.0,20.0,34.48,55.64,23.0,23.0,39.66,63.98,7.0,7.0,12.07,19.47,12.0,12.0,20.69,33.38,5.0,5.0,8.62,13.91,11.0,11.0,18.97,30.6,2.0,2.0,3.45,5.56,7.0,7.0,12.07,19.47,6.0,6.0,10.34,16.69,5.0,5.0,8.62,13.91,12.0,12.0,20.69,33.38,2.0,2.0,3.45,5.56,12.0,12.0,20.69,33.38,2.0,2.0,3.45,5.56,4.0,4.0,6.9,11.13,0.0,0.0,0.0,0.0,2.0,2.0,3.45,5.56,5.0,5.0,8.62,13.91,6.0,6.0,10.34,16.69,44.83,34.48,10.34,107.57,6.0,6.0,10.34,12.94,12.94,0.35,0.5,0.42,0.18,0.86,0.07,0.57,0.29,0.86,0.55,0.0,3.45,0.09,10.34,0.3
10880,內馬,新北中信特攻,4,43|10877|10879|10880,林韋翰/阿巴西/簡廷兆/內馬,1,39,46.0,619.49,10.32,10:19,619.49,10.32,10:19,17.0,17.0,36.96,59.27,17.0,17.0,36.96,59.27,23.0,23.0,50.0,80.2,5.0,5.0,10.87,17.43,11.0,11.0,23.91,38.35,4.0,4.0,8.7,13.95,12.0,12.0,26.09,41.84,1.0,1.0,2.17,3.49,3.0,3.0,6.52,10.46,2.0,2.0,4.35,6.97,5.0,5.0,10.87,17.43,13.0,13.0,28.26,45.33,2.0,2.0,4.35,6.97,7.0,7.0,15.22,24.41,0.0,0.0,0.0,0.0,2.0,2.0,4.35,6.97,0.0,0.0,0.0,0.0,2.0,2.0,4.35,6.97,3.0,3.0,6.52,10.46,8.0,8.0,17.39,27.89,36.96,36.96,0.0,106.93,0.0,0.0,0.0,10.32,10.32,0.24,0.35,0.36,0.08,0.67,0.0,0.4,0.42,0.87,0.67,0.0,4.35,0.07,17.39,0.13
10880,內馬,新北中信特攻,4,43|10877|10880|10881,林韋翰/阿巴西/內馬/飛克,1,67,76.0,1058.58,17.64,17:39,1058.58,17.64,17:39,33.0,33.0,43.42,67.34,34.0,34.0,44.74,69.38,30.0,30.0,39.47,61.21,11.0,11.0,14.47,22.45,14.0,14.0,18.42,28.57,7.0,7.0,9.21,14.28,16.0,16.0,21.05,32.65,4.0,4.0,5.26,8.16,4.0,4.0,5.26,8.16,2.0,2.0,2.63,4.08,5.0,5.0,6.58,10.2,16.0,16.0,21.05,32.65,1.0,1.0,1.32,2.04,12.0,12.0,15.79,24.49,6.0,6.0,7.89,12.24,6.0,6.0,7.89,12.24,4.0,4.0,5.26,8.16,3.0,3.0,3.95,6.12,7.0,7.0,9.21,14.28,8.0,8.0,10.53,16.32,43.42,44.74,-1.32,103.38,-1.0,-1.0,-1.32,17.64,17.64,0.43,0.52,0.5,0.25,0.5,0.16,0.55,0.29,0.94,0.62,5.26,3.95,0.09,10.53,0.13
10880,內馬,新北中信特攻,4,43|10879|10880|10881,林韋翰/簡廷兆/內馬/飛克,1,28,33.0,417.54,6.96,06:58,417.54,6.96,06:58,13.0,13.0,39.39,67.25,13.0,13.0,39.39,67.25,16.0,16.0,48.48,82.77,3.0,3.0,9.09,15.52,7.0,7.0,21.21,36.21,2.0,2.0,6.06,10.35,9.0,9.0,27.27,46.56,1.0,1.0,3.03,5.17,3.0,3.0,9.09,15.52,2.0,2.0,6.06,10.35,4.0,4.0,12.12,20.69,10.0,10.0,30.3,51.73,1.0,1.0,3.03,5.17,5.0,5.0,15.15,25.87,0.0,0.0,0.0,0.0,1.0,1.0,3.03,5.17,0.0,0.0,0.0,0.0,2.0,2.0,6.06,10.35,2.0,2.0,6.06,10.35,6.0,6.0,18.18,31.04,39.39,39.39,0.0,113.81,0.0,0.0,0.0,6.96,6.96,0.22,0.38,0.29,0.11,0.67,0.0,0.33,0.44,0.91,0.7,0.0,6.06,0.06,18.18,0.19
10880,內馬,新北中信特攻,4,10877|10879|10880|10881,阿巴西/簡廷兆/內馬/飛克,1,34,40.0,517.67,8.63,08:38,517.67,8.63,08:38,15.0,15.0,37.5,62.59,18.0,18.0,45.0,75.11,18.0,18.0,45.0,75.11,4.0,4.0,10.0,16.69,9.0,9.0,22.5,37.55,3.0,3.0,7.5,12.52,9.0,9.0,22.5,37.55,1.0,1.0,2.5,4.17,3.0,3.0,7.5,12.52,2.0,2.0,5.0,8.35,4.0,4.0,10.0,16.69,11.0,11.0,27.5,45.9,2.0,2.0,5.0,8.35,7.0,7.0,17.5,29.21,0.0,0.0,0.0,0.0,2.0,2.0,5.0,8.35,0.0,0.0,0.0,0.0,2.0,2.0,5.0,8.35,3.0,3.0,7.5,12.52,6.0,6.0,15.0,25.04,37.5,45.0,-7.5,111.27,-3.0,-3.0,-7.5,8.63,8.63,0.25,0.39,0.33,0.11,0.67,0.0,0.5,0.36,0.85,0.62,0.0,5.0,0.08,15.0,0.17
10880,內馬,新北中信特攻,5,43|10877|10879|10880|10881,林韋翰/阿巴西/簡廷兆/內馬/飛克,1,28,33.0,417.54,6.96,06:58,417.54,6.96,06:58,13.0,13.0,39.39,67.25,13.0,13.0,39.39,67.25,16.0,16.0,48.48,82.77,3.0,3.0,9.09,15.52,7.0,7.0,21.21,36.21,2.0,2.0,6.06,10.35,9.0,9.0,27.27,46.56,1.0,1.0,3.03,5.17,3.0,3.0,9.09,15.52,2.0,2.0,6.06,10.35,4.0,4.0,12.12,20.69,10.0,10.0,30.3,51.73,1.0,1.0,3.03,5.17,5.0,5.0,15.15,25.87,0.0,0.0,0.0,0.0,1.0,1.0,3.03,5.17,0.0,0.0,0.0,0.0,2.0,2.0,6.06,10.35,2.0,2.0,6.06,10.35,6.0,6.0,18.18,31.04,39.39,39.39,0.0,113.81,0.0,0.0,0.0,6.96,6.96,0.22,0.38,0.29,0.11,0.67,0.0,0.33,0.44,0.91,0.7,0.0,6.06,0.06,18.18,0.19
10881,飛克,新北中信特攻,2,10879|10881,簡廷兆/飛克,1,72,86.0,1093.84,18.23,18:14,1093.84,18.23,18:14,36.0,36.0,41.86,71.09,37.0,37.0,43.02,73.06,36.0,36.0,41.86,71.09,10.0,10.0,11.63,19.75,15.0,15.0,17.44,29.62,5.0,5.0,5.81,9.87,21.0,21.0,24.42,41.47,5.0,5.0,5.81,9.87,10.0,10.0,11.63,19.75,9.0,9.0,10.47,17.77,9.0,9.0,10.47,17.77,18.0,18.0,20.93,35.54,4.0,4.0,4.65,7.9,15.0,15.0,17.44,29.62,3.0,3.0,3.49,5.92,7.0,7.0,8.14,13.82,0.0,0.0,0.0,0.0,2.0,2.0,2.33,3.95,5.0,5.0,5.81,9.87,12.0,12.0,13.95,23.7,41.86,43.02,-1.16,113.22,-1.0,-1.0,-1.16,18.23,18.23,0.35,0.45,0.33,0.24,0.9,0.07,0.7,0.38,0.82,0.59,0.0,2.33,0.06,13.95,0.28
10881,飛克,新北中信特攻,2,10880|10881,內馬/飛克,1,91,103.0,1443.8,24.06,24:04,1443.8,24.06,24:04,46.0,46.0,44.66,68.82,41.0,41.0,39.81,61.34,38.0,38.0,36.89,56.85,15.0,15.0,14.56,22.44,20.0,20.0,19.42,29.92,10.0,10.0,9.71,14.96,18.0,18.0,17.48,26.93,5.0,5.0,4.85,7.48,10.0,10.0,9.71,14.96,7.0,7.0,6.8,10.47,6.0,6.0,5.83,8.98,20.0,20.0,19.42,29.92,2.0,2.0,1.94,2.99,20.0,20.0,19.42,29.92,8.0,8.0,7.77,11.97,9.0,9.0,8.74,13.46,4.0,4.0,3.88,5.98,3.0,3.0,2.91,4.49,10.0,10.0,9.71,14.96,8.0,8.0,7.77,11.97,44.66,39.81,4.85,102.73,5.0,5.0,4.85,24.06,24.06,0.46,0.54,0.5,0.28,0.7,0.16,0.6,0.23,0.91,0.54,3.88,2.91,0.1,7.77,0.26
10881,飛克,新北中信特攻,3,43|10879|10881,林韋翰/簡廷兆/飛克,1,42,52.0,622.09,10.37,10:22,622.09,10.37,10:22,20.0,20.0,38.46,69.44,23.0,23.0,44.23,79.86,25.0,25.0,48.08,86.8,5.0,5.0,9.62,17.36,10.0,10.0,19.23,34.72,2.0,2.0,3.85,6.94,15.0,15.0,28.85,52.08,3.0,3.0,5.77,10.42,4.0,4.0,7.69,13.89,3.0,3.0,5.77,10.42,7.0,7.0,13.46,24.31,14.0,14.0,26.92,48.61,3.0,3.0,5.77,10.42,8.0,8.0,15.38,27.78,0.0,0.0,0.0,0.0,3.0,3.0,5.77,10.42,0.0,0.0,0.0,0.0,2.0,2.0,3.85,6.94,2.0,2.0,3.85,6.94,10.0,10.0,19.23,34.72,38.46,44.23,-5.77,120.37,-3.0,-3.0,-5.77,10.37,10.37,0.26,0.37,0.2,0.2,0.75,0.0,0.6,0.47,0.82,0.66,0.0,3.85,0.04,19.23,0.16
10881,飛克,新北中信特攻,3,43|10880|10881,林韋翰/內馬/飛克,1,69,78.0,1084.89,18.08,18:05,1084.89,18.08,18:05,33.0,33.0,42.31,65.7,34.0,34.0,43.59,67.69,31.0,31.0,39.74,61.72,11.0,11.0,14.1,21.9,15.0,15.0,19.23,29.86,7.0,7.0,8.97,13.94,16.0,16.0,20.51,31.86,4.0,4.0,5.13,7.96,6.0,6.0,7.69,11.95,3.0,3.0,3.85,5.97,5.0,5.0,6.41,9.95,18.0,18.0,23.08,35.84,1.0,1.0,1.28,1.99,13.0,13.0,16.67,25.88,6.0,6.0,7.69,11.95,6.0,6.0,7.69,11.95,4.0,4.0,5.13,7.96,3.0,3.0,3.85,5.97,7.0,7.0,8.97,13.94,8.0,8.0,10.26,15.93,42.31,43.59,-1.28,103.53,-1.0,-1.0,-1.28,18.08,18.08,0.42,0.49,0.47,0.25,0.5,0.15,0.55,0.28,0.95,0.62,5.13,3.85,0.09,10.26,0.19
10881,飛克,新北中信特攻,3,10877|10879|10881,阿巴西/簡廷兆/飛克,1,56,68.0,835.06,13.92,13:55,835.06,13.92,13:55,25.0,25.0,36.76,64.67,35.0,35.0,51.47,90.53,31.0,31.0,45.59,80.19,7.0,7.0,10.29,18.11,12.0,12.0,17.65,31.04,3.0,3.0,4.41,7.76,19.0,19.0,27.94,49.15,4.0,4.0,5.88,10.35,6.0,6.0,8.82,15.52,5.0,5.0,7.35,12.93,8.0,8.0,11.76,20.69,17.0,17.0,25.0,43.97,4.0,4.0,5.88,10.35,10.0,10.0,14.71,25.87,1.0,1.0,1.47,2.59,5.0,5.0,7.35,12.93,0.0,0.0,0.0,0.0,2.0,2.0,2.94,5.17,3.0,3.0,4.41,7.76,12.0,12.0,17.65,31.04,36.76,51.47,-14.71,117.26,-10.0,-10.0,-14.71,13.92,13.92,0.29,0.37,0.25,0.21,0.83,0.03,0.71,0.44,0.81,0.64,0.0,2.94,0.04,17.65,0.19
10881,飛克,新北中信特攻,3,10877|10880|10881,阿巴西/內馬/飛克,1,73,83.0,1158.71,19.31,19:19,1158.71,19.31,19:19,35.0,35.0,42.17,65.24,39.0,39.0,46.99,72.7,32.0,32.0,38.55,59.65,12.0,12.0,14.46,22.37,16.0,16.0,19.28,29.83,8.0,8.0,9.64,14.91,16.0,16.0,19.28,29.83,4.0,4.0,4.82,7.46,4.0,4.0,4.82,7.46,2.0,2.0,2.41,3.73,5.0,5.0,6.02,9.32,17.0,17.0,20.48,31.69,2.0,2.0,2.41,3.73,14.0,14.0,16.87,26.1,6.0,6.0,7.23,11.18,7.0,7.0,8.43,13.05,4.0,4.0,4.82,7.46,3.0,3.0,3.61,5.59,8.0,8.0,9.64,14.91,8.0,8.0,9.64,14.91,42.17,46.99,-4.82,103.15,-4.0,-4.0,-4.82,19.31,19.31,0.44,0.52,0.5,0.25,0.5,0.15,0.58,0.26,0.89,0.58,4.82,3.61,0.1,9.64,0.12
10881,飛克,新北中信特攻,3,10879|10880|10881,簡廷兆/內馬/飛克,1,50,58.0,776.45,12.94,12:56,776.45,12.94,12:56,26.0,26.0,44.83,72.33,20.0,20.0,34.48,55.64,23.0,23.0,39.66,63.98,7.0,7.0,12.07,19.47,12.0,12.0,20.69,33.38,5.0,5.0,8.62,13.91,11.0,11.0,18.97,30.6,2.0,2.0,3.45,5.56,7.0,7.0,12.07,19.47,6.0,6.0,10.34,16.69,5.0,5.0,8.62,13.91,12.0,12.0,20.69,33.38,2.0,2.0,3.45,5.56,12.0,12.0,20.69,33.38,2.0,2.0,3.45,5.56,4.0,4.0,6.9,11.13,0.0,0.0,0.0,0.0,2.0,2.0,3.45,5.56,5.0,5.0,8.62,13.91,6.0,6.0,10.34,16.69,44.83,34.48,10.34,107.57,6.0,6.0,10.34,12.94,12.94,0.35,0.5,0.42,0.18,0.86,0.07,0.57,0.29,0.86,0.55,0.0,3.45,0.09,10.34,0.3
10881,飛克,新北中信特攻,4,43|10877|10879|10881,林韋翰/阿巴西/簡廷兆/飛克,1,42,52.0,622.09,10.37,10:22,622.09,10.37,10:22,20.0,20.0,38.46,69.44,23.0,23.0,44.23,79.86,25.0,25.0,48.08,86.8,5.0,5.0,9.62,17.36,10.0,10.0,19.23,34.72,2.0,2.0,3.85,6.94,15.0,15.0,28.85,52.08,3.0,3.0,5.77,10.42,4.0,4.0,7.69,13.89,3.0,3.0,5.77,10.42,7.0,7.0,13.46,24.31,14.0,14.0,26.92,48.61,3.0,3.0,5.77,10.42,8.0,8.0,15.38,27.78,0.0,0.0,0.0,0.0,3.0,3.0,5.77,10.42,0.0,0.0,0.0,0.0,2.0,2.0,3.85,6.94,2.0,2.0,3.85,6.94,10.0,10.0,19.23,34.72,38.46,44.23,-5.77,120.37,-3.0,-3.0,-5.77,10.37,10.37,0.26,0.37,0.2,0.2,0.75,0.0,0.6,0.47,0.82,0.66,0.0,3.85,0.04,19.23,0.16
10881,飛克,新北中信特攻,4,43|10877|10880|10881,林韋翰/阿巴西/內馬/飛克,1,67,76.0,1058.58,17.64,17:39,1058.58,17.64,17:39,33.0,33.0,43.42,67.34,34.0,34.0,44.74,69.38,30.0,30.0,39.47,61.21,11.0,11.0,14.47,22.45,14.0,14.0,18.42,28.57,7.0,7.0,9.21,14.28,16.0,16.0,21.05,32.65,4.0,4.0,5.26,8.16,4.0,4.0,5.26,8.16,2.0,2.0,2.63,4.08,5.0,5.0,6.58,10.2,16.0,16.0,21.05,32.65,1.0,1.0,1.32,2.04,12.0,12.0,15.79,24.49,6.0,6.0,7.89,12.24,6.0,6.0,7.89,12.24,4.0,4.0,5.26,8.16,3.0,3.0,3.95,6.12,7.0,7.0,9.21,14.28,8.0,8.0,10.53,16.32,43.42,44.74,-1.32,103.38,-1.0,-1.0,-1.32,17.64,17.64,0.43,0.52,0.5,0.25,0.5,0.16,0.55,0.29,0.94,0.62,5.26,3.95,0.09,10.53,0.13
10881,飛克,新北中信特攻,4,43|10879|10880|10881,林韋翰/簡廷兆/內馬/飛克,1,28,33.0,417.54,6.96,06:58,417.54,6.96,06:58,13.0,13.0,39.39,67.25,13.0,13.0,39.39,67.25,16.0,16.0,48.48,82.77,3.0,3.0,9.09,15.52,7.0,7.0,21.21,36.21,2.0,2.0,6.06,10.35,9.0,9.0,27.27,46.56,1.0,1.0,3.03,5.17,3.0,3.0,9.09,15.52,2.0,2.0,6.06,10.35,4.0,4.0,12.12,20.69,10.0,10.0,30.3,51.73,1.0,1.0,3.03,5.17,5.0,5.0,15.15,25.87,0.0,0.0,0.0,0.0,1.0,1.0,3.03,5.17,0.0,0.0,0.0,0.0,2.0,2.0,6.06,10.35,2.0,2.0,6.06,10.35,6.0,6.0,18.18,31.04,39.39,39.39,0.0,113.81,0.0,0.0,0.0,6.96,6.96,0.22,0.38,0.29,0.11,0.67,0.0,0.33,0.44,0.91,0.7,0.0,6.06,0.06,18.18,0.19
10881,飛克,新北中信特攻,4,10877|10879|10880|10881,阿巴西/簡廷兆/內馬/飛克,1,34,40.0,517.67,8.63,08:38,517.67,8.63,08:38,15.0,15.0,37.5,62.59,18.0,18.0,45.0,75.11,18.0,18.0,45.0,75.11,4.0,4.0,10.0,16.69,9.0,9.0,22.5,37.55,3.0,3.0,7.5,12.52,9.0,9.0,22.5,37.55,1.0,1.0,2.5,4.17,3.0,3.0,7.5,12.52,2.0,2.0,5.0,8.35,4.0,4.0,10.0,16.69,11.0,11.0,27.5,45.9,2.0,2.0,5.0,8.35,7.0,7.0,17.5,29.21,0.0,0.0,0.0,0.0,2.0,2.0,5.0,8.35,0.0,0.0,0.0,0.0,2.0,2.0,5.0,8.35,3.0,3.0,7.5,12.52,6.0,6.0,15.0,25.04,37.5,45.0,-7.5,111.27,-3.0,-3.0,-7.5,8.63,8.63,0.25,0.39,0.33,0.11,0.67,0.0,0.5,0.36,0.85,0.62,0.0,5.0,0.08,15.0,0.17
10881,飛克,新北中信特攻,5,43|10877|10879|10880|10881,林韋翰/阿巴西/簡廷兆/內馬/飛克,1,28,33.0,417.54,6.96,06:58,417.54,6.96,06:58,13.0,13.0,39.39,67.25,13.0,13.0,39.39,67.25,16.0,16.0,48.48,82.77,3.0,3.0,9.09,15.52,7.0,7.0,21.21,36.21,2.0,2.0,6.06,10.35,9.0,9.0,27.27,46.56,1.0,1.0,3.03,5.17,3.0,3.0,9.09,15.52,2.0,2.0,6.06,10.35,4.0,4.0,12.12,20.69,10.0,10.0,30.3,51.73,1.0,1.0,3.03,5.17,5.0,5.0,15.15,25.87,0.0,0.0,0.0,0.0,1.0,1.0,3.03,5.17,0.0,0.0,0.0,0.0,2.0,2.0,6.06,10.35,2.0,2.0,6.06,10.35,6.0,6.0,18.18,31.04,39.39,39.39,0.0,113.81,0.0,0.0,0.0,6.96,6.96,0.22,0.38,0.29,0.11,0.67,0.0,0.33,0.44,0.91,0.7,0.0,6.06,0.06,18.18,0.19
29,林書緯,新北國王,2,29|10872,林書緯/林彥廷,1,90,103.0,1373.47,22.89,22:53,1373.47,22.89,22:53,54.0,54.0,52.43,84.92,42.0,42.0,40.78,66.05,34.0,34.0,33.01,53.47,15.0,15.0,14.56,23.59,14.0,14.0,13.59,22.02,7.0,7.0,6.8,11.01,20.0,20.0,19.42,31.45,8.0,8.0,7.77,12.58,18.0,18.0,17.48,28.31,16.0,16.0,15.53,25.16,5.0,5.0,4.85,7.86,14.0,14.0,13.59,22.02,6.0,6.0,5.83,9.44,22.0,22.0,21.36,34.6,7.0,7.0,6.8,11.01,13.0,13.0,12.62,20.44,5.0,5.0,4.85,7.86,1.0,1.0,0.97,1.57,8.0,8.0,7.77,12.58,7.0,7.0,6.8,11.01,52.43,40.78,11.65,107.99,12.0,12.0,11.65,22.89,22.89,0.56,0.64,0.5,0.4,0.89,0.14,0.87,0.19,0.7,0.4,4.85,0.97,0.08,6.8,0.53
29,林書緯,新北國王,3,29|32|10872,林書緯/奧帝/林彥廷,1,64,74.0,924.66,15.41,15:25,924.66,15.41,15:25,43.0,43.0,58.11,100.45,30.0,30.0,40.54,70.08,25.0,25.0,33.78,58.4,12.0,12.0,16.22,28.03,10.0,10.0,13.51,23.36,5.0,5.0,6.76,11.68,15.0,15.0,20.27,35.04,7.0,7.0,9.46,16.35,14.0,14.0,18.92,32.7,12.0,12.0,16.22,28.03,4.0,4.0,5.41,9.34,9.0,9.0,12.16,21.02,5.0,5.0,6.76,11.68,16.0,16.0,21.62,37.38,4.0,4.0,5.41,9.34,11.0,11.0,14.86,25.7,3.0,3.0,4.05,7.01,1.0,1.0,1.35,2.34,8.0,8.0,10.81,18.69,5.0,5.0,6.76,11.68,58.11,40.54,17.57,115.24,13.0,13.0,17.57,15.41,15.41,0.62,0.69,0.5,0.47,0.86,0.11,0.92,0.2,0.64,0.38,4.05,1.35,0.11,6.76,0.56
29,林書緯,新北國王,3,29|32|14038,林書緯/奧帝/飛米,1,50,58.0,724.6,12.08,12:05,724.6,12.08,12:05,35.0,35.0,60.34,104.33,24.0,24.0,41.38,71.54,18.0,18.0,31.03,53.66,9.0,9.0,15.52,26.83,5.0,5.0,8.62,14.9,2.0,2.0,3.45,5.96,13.0,13.0,22.41,38.75,7.0,7.0,12.07,20.87,10.0,10.0,17.24,29.81,8.0,8.0,13.79,23.85,3.0,3.0,5.17,8.94,6.0,6.0,10.34,17.89,4.0,4.0,6.9,11.92,12.0,12.0,20.69,35.77,5.0,5.0,8.62,14.9,9.0,9.0,15.52,26.83,3.0,3.0,5.17,8.94,0.0,0.0,0.0,0.0,5.0,5.0,8.62,14.9,6.0,6.0,10.34,17.89,60.34,41.38,18.97,115.26,11.0,11.0,18.97,12.08,12.08,0.69,0.78,0.4,0.54,0.8,0.18,1.0,0.2,0.6,0.36,5.17,0.0,0.09,10.34,0.56
29,林書緯,新北國王,3,29|10872|10874,林書緯/林彥廷/熊祥泰,1,49,58.0,815.45,13.59,13:35,815.45,13.59,13:35,28.0,28.0,48.28,74.17,24.0,24.0,41.38,63.57,22.0,22.0,37.93,58.27,9.0,9.0,15.52,23.84,7.0,7.0,12.07,18.54,3.0,3.0,5.17,7.95,15.0,15.0,25.86,39.73,6.0,6.0,10.34,15.89,6.0,6.0,10.34,15.89,4.0,4.0,6.9,10.6,4.0,4.0,6.9,10.6,9.0,9.0,15.52,23.84,4.0,4.0,6.9,10.6,12.0,12.0,20.69,31.79,4.0,4.0,6.9,10.6,8.0,8.0,13.79,21.19,3.0,3.0,5.17,7.95,0.0,0.0,0.0,0.0,4.0,4.0,6.9,10.6,5.0,5.0,8.62,13.24,48.28,41.38,6.9,102.42,4.0,4.0,6.9,13.59,13.59,0.55,0.57,0.43,0.4,0.67,0.14,0.89,0.25,0.69,0.45,5.17,0.0,0.07,8.62,0.27
29,林書緯,新北國王,3,29|10872|14038,林書緯/林彥廷/飛米,1,72,83.0,1112.63,18.54,18:33,1112.63,18.54,18:33,44.0,44.0,53.01,85.42,32.0,32.0,38.55,62.12,26.0,26.0,31.33,50.48,11.0,11.0,13.25,21.35,8.0,8.0,9.64,15.53,3.0,3.0,3.61,5.82,18.0,18.0,21.69,34.94,8.0,8.0,9.64,15.53,14.0,14.0,16.87,27.18,12.0,12.0,14.46,23.3,4.0,4.0,4.82,7.77,11.0,11.0,13.25,21.35,5.0,5.0,6.02,9.71,18.0,18.0,21.69,34.94,7.0,7.0,8.43,13.59,10.0,10.0,12.05,19.41,5.0,5.0,6.02,9.71,0.0,0.0,0.0,0.0,5.0,5.0,6.02,9.71,6.0,6.0,7.23,11.65,53.01,38.55,14.46,107.42,12.0,12.0,14.46,18.54,18.54,0.58,0.68,0.38,0.44,0.86,0.18,0.91,0.18,0.69,0.39,6.02,0.0,0.06,7.23,0.54
29,林書緯,新北國王,3,29|10874|14038,林書緯/熊祥泰/飛米,1,52,61.0,804.0,13.4,13:24,804.0,13.4,13:24,30.0,30.0,49.18,80.6,28.0,28.0,45.9,75.22,21.0,21.0,34.43,56.42,9.0,9.0,14.75,24.18,7.0,7.0,11.48,18.81,3.0,3.0,4.92,8.06,14.0,14.0,22.95,37.61,6.0,6.0,9.84,16.12,6.0,6.0,9.84,16.12,4.0,4.0,6.56,10.75,4.0,4.0,6.56,10.75,8.0,8.0,13.11,21.49,4.0,4.0,6.56,10.75,12.0,12.0,19.67,32.24,5.0,5.0,8.2,13.43,8.0,8.0,13.11,21.49,3.0,3.0,4.92,8.06,0.0,0.0,0.0,0.0,3.0,3.0,4.92,8.06,9.0,9.0,14.75,24.18,49.18,45.9,3.28,109.25,2.0,2.0,3.28,13.4,13.4,0.57,0.63,0.43,0.43,0.67,0.17,0.89,0.25,0.67,0.43,4.92,0.0,0.05,14.75,0.29
29,林書緯,新北國王,4,29|32|10872|10874,林書緯/奧帝/林彥廷/熊祥泰,1,39,46.0,613.61,10.23,10:14,613.61,10.23,10:14,26.0,26.0,56.52,91.52,19.0,19.0,41.3,66.88,17.0,17.0,36.96,59.84,8.0,8.0,17.39,28.16,5.0,5.0,10.87,17.6,2.0,2.0,4.35,7.04,12.0,12.0,26.09,42.24,6.0,6.0,13.04,21.12,6.0,6.0,13.04,21.12,4.0,4.0,8.7,14.08,3.0,3.0,6.52,10.56,6.0,6.0,13.04,21.12,3.0,3.0,6.52,10.56,10.0,10.0,21.74,35.2,3.0,3.0,6.52,10.56,8.0,8.0,17.39,28.16,3.0,3.0,6.52,10.56,0.0,0.0,0.0,0.0,4.0,4.0,8.7,14.08,4.0,4.0,8.7,14.08,56.52,41.3,15.22,107.95,7.0,7.0,15.22,10.23,10.23,0.65,0.66,0.4,0.5,0.67,0.13,1.0,0.23,0.67,0.41,6.52,0.0,0.09,8.7,0.35
29,林書緯,新北國王,4,29|32|10872|14038,林書緯/奧帝/林彥廷/飛米,1,46,54.0,663.82,11.06,11:04,663.82,11.06,11:04,33.0,33.0,61.11,107.38,20.0,20.0,37.04,65.08,17.0,17.0,31.48,55.32,8.0,8.0,14.81,26.03,4.0,4.0,7.41,13.02,1.0,1.0,1.85,3.25,13.0,13.0,24.07,42.3,7.0,7.0,12.96,22.78,10.0,10.0,18.52,32.54,8.0,8.0,14.81,26.03,3.0,3.0,5.56,9.76,6.0,6.0,11.11,19.52,4.0,4.0,7.41,13.02,12.0,12.0,22.22,39.05,4.0,4.0,7.41,13.02,8.0,8.0,14.81,26.03,3.0,3.0,5.56,9.76,0.0,0.0,0.0,0.0,5.0,5.0,9.26,16.27,4.0,4.0,7.41,13.02,61.11,37.04,24.07,117.14,13.0,13.0,24.07,11.06,11.06,0.68,0.77,0.25,0.54,0.8,0.16,1.0,0.2,0.6,0.36,5.56,0.0,0.09,7.41,0.59
29,林書緯,新北國王,4,29|32|10874|14038,林書緯/奧帝/熊祥泰/飛米,1,41,48.0,601.39,10.02,10:01,601.39,10.02,10:01,28.0,28.0,58.33,100.57,21.0,21.0,43.75,75.43,16.0,16.0,33.33,57.47,8.0,8.0,16.67,28.73,5.0,5.0,10.42,17.96,2.0,2.0,4.17,7.18,11.0,11.0,22.92,39.51,6.0,6.0,12.5,21.55,6.0,6.0,12.5,21.55,4.0,4.0,8.33,14.37,3.0,3.0,6.25,10.78,5.0,5.0,10.42,17.96,3.0,3.0,6.25,10.78,10.0,10.0,20.83,35.92,4.0,4.0,8.33,14.37,8.0,8.0,16.67,28.73,3.0,3.0,6.25,10.78,0.0,0.0,0.0,0.0,3.0,3.0,6.25,10.78,6.0,6.0,12.5,21.55,58.33,43.75,14.58,114.93,7.0,7.0,14.58,10.02,10.02,0.69,0.75,0.4,0.55,0.67,0.18,1.0,0.23,0.62,0.38,6.25,0.0,0.06,12.5,0.38
29,林書緯,新北國王,4,29|10872|10874|14038,林書緯/林彥廷/熊祥泰/飛米,1,47,56.0,742.45,12.37,12:22,742.45,12.37,12:22,28.0,28.0,50.0,81.46,22.0,22.0,39.29,64.0,20.0,20.0,35.71,58.19,8.0,8.0,14.29,23.27,6.0,6.0,10.71,17.46,2.0,2.0,3.57,5.82,14.0,14.0,25.0,40.73,6.0,6.0,10.71,17.46,6.0,6.0,10.71,17.46,4.0,4.0,7.14,11.64,4.0,4.0,7.14,11.64,8.0,8.0,14.29,23.27,4.0,4.0,7.14,11.64,12.0,12.0,21.43,34.91,4.0,4.0,7.14,11.64,7.0,7.0,12.5,20.37,3.0,3.0,5.36,8.73,0.0,0.0,0.0,0.0,3.0,3.0,5.36,8.73,5.0,5.0,8.93,14.55,50.0,39.29,10.71,108.61,6.0,6.0,10.71,12.37,12.37,0.55,0.62,0.33,0.43,0.67,0.15,0.88,0.25,0.67,0.43,5.36,0.0,0.05,8.93,0.3
29,林書緯,新北國王,5,29|32|10872|10874|14038,林書緯/奧帝/林彥廷/熊祥泰/飛米,1,37,44.0,540.61,9.01,09:01,540.61,9.01,09:01,26.0,26.0,59.09,103.88,17.0,17.0,38.64,67.92,15.0,15.0,34.09,59.93,7.0,7.0,15.91,27.97,4.0,4.0,9.09,15.98,1.0,1.0,2.27,4.0,11.0,11.0,25.0,43.95,6.0,6.0,13.64,23.97,6.0,6.0,13.64,23.97,4.0,4.0,9.09,15.98,3.0,3.0,6.82,11.99,5.0,5.0,11.36,19.98,3.0,3.0,6.82,11.99,10.0,10.0,22.73,39.95,3.0,3.0,6.82,11.99,7.0,7.0,15.91,27.97,3.0,3.0,6.82,11.99,0.0,0.0,0.0,0.0,3.0,3.0,6.82,11.99,4.0,4.0,9.09,15.98,59.09,38.64,20.45,117.2,9.0,9.0,20.45,9.01,9.01,0.67,0.74,0.25,0.55,0.67,0.15,1.0,0.23,0.62,0.38,6.82,0.0,0.07,9.09,0.4
32,奧帝,新北國王,2,32|10872,奧帝/林彥廷,1,80,91.0,1204.4,20.07,20:04,1204.4,20.07,20:04,57.0,57.0,62.64,102.22,35.0,35.0,38.46,62.77,32.0,32.0,35.16,57.39,17.0,17.0,18.68,30.49,15.0,15.0,16.48,26.9,8.0,8.0,8.79,14.35,17.0,17.0,18.68,30.49,9.0,9.0,9.89,16.14,19.0,19.0,20.88,34.07,14.0,14.0,15.38,25.11,5.0,5.0,5.49,8.97,11.0,11.0,12.09,19.73,5.0,5.0,5.49,8.97,18.0,18.0,19.78,32.28,4.0,4.0,4.4,7.17,16.0,16.0,17.58,28.69,3.0,3.0,3.3,5.38,1.0,1.0,1.1,1.79,12.0,12.0,13.19,21.52,7.0,7.0,7.69,12.55,62.64,38.46,24.18,108.8,22.0,22.0,24.18,20.07,20.07,0.67,0.71,0.53,0.53,0.74,0.09,0.94,0.22,0.69,0.41,3.3,1.1,0.13,7.69,0.59
32,奧帝,新北國王,2,32|14038,奧帝/飛米,1,60,69.0,891.46,14.86,14:51,891.46,14.86,14:51,46.0,46.0,66.67,111.46,28.0,28.0,40.58,67.84,23.0,23.0,33.33,55.73,13.0,13.0,18.84,31.5,8.0,8.0,11.59,19.38,4.0,4.0,5.8,9.69,15.0,15.0,21.74,36.34,9.0,9.0,13.04,21.81,12.0,12.0,17.39,29.08,9.0,9.0,13.04,21.81,4.0,4.0,5.8,9.69,6.0,6.0,8.7,14.54,4.0,4.0,5.8,9.69,14.0,14.0,20.29,33.92,5.0,5.0,7.25,12.11,13.0,13.0,18.84,31.5,3.0,3.0,4.35,7.27,0.0,0.0,0.0,0.0,6.0,6.0,8.7,14.54,6.0,6.0,8.7,14.54,66.67,40.58,26.09,111.46,18.0,18.0,26.09,14.86,14.86,0.76,0.81,0.5,0.6,0.75,0.15,1.0,0.22,0.6,0.36,4.35,0.0,0.09,8.7,0.52
32,奧帝,新北國王,3,29|32|10872,林書緯/奧帝/林彥廷,1,64,74.0,924.66,15.41,15:25,924.66,15.41,15:25,43.0,43.0,58.11,100.45,30.0,30.0,40.54,70.08,25.0,25.0,33.78,58.4,12.0,12.0,16.22,28.03,10.0,10.0,13.51,23.36,5.0,5.0,6.76,11.68,15.0,15.0,20.27,35.04,7.0,7.0,9.46,16.35,14.0,14.0,18.92,32.7,12.0,12.0,16.22,28.03,4.0,4.0,5.41,9.34,9.0,9.0,12.16,21.02,5.0,5.0,6.76,11.68,16.0,16.0,21.62,37.38,4.0,4.0,5.41,9.34,11.0,11.0,14.86,25.7,3.0,3.0,4.05,7.01,1.0,1.0,1.35,2.34,8.0,8.0,10.81,18.69,5.0,5.0,6.76,11.68,58.11,40.54,17.57,115.24,13.0,13.0,17.57,15.41,15.41,0.62,0.69,0.5,0.47,0.86,0.11,0.92,0.2,0.64,0.38,4.05,1.35,0.11,6.76,0.56
32,奧帝,新北國王,3,29|32|14038,林書緯/奧帝/飛米,1,50,58.0,724.6,12.08,12:05,724.6,12.08,12:05,35.0,35.0,60.34,104.33,24.0,24.0,41.38,71.54,18.0,18.0,31.03,53.66,9.0,9.0,15.52,26.83,5.0,5.0,8.62,14.9,2.0,2.0,3.45,5.96,13.0,13.0,22.41,38.75,7.0,7.0,12.07,20.87,10.0,10.0,17.24,29.81,8.0,8.0,13.79,23.85,3.0,3.0,5.17,8.94,6.0,6.0,10.34,17.89,4.0,4.0,6.9,11.92,12.0,12.0,20.69,35.77,5.0,5.0,8.62,14.9,9.0,9.0,15.52,26.83,3.0,3.0,5.17,8.94,0.0,0.0,0.0,0.0,5.0,5.0,8.62,14.9,6.0,6.0,10.34,17.89,60.34,41.38,18.97,115.26,11.0,11.0,18.97,12.08,12.08,0.69,0.78,0.4,0.54,0.8,0.18,1.0,0.2,0.6,0.36,5.17,0.0,0.09,10.34,0.56
32,奧帝,新北國王,3,32|10872|10874,奧帝/林彥廷/熊祥泰,1,54,62.0,886.36,14.77,14:46,886.36,14.77,14:46,40.0,40.0,64.52,97.48,24.0,24.0,38.71,58.49,24.0,24.0,38.71,58.49,13.0,13.0,20.97,31.68,10.0,10.0,16.13,24.37,5.0,5.0,8.06,12.18,14.0,14.0,22.58,34.12,8.0,8.0,12.9,19.5,11.0,11.0,17.74,26.81,6.0,6.0,9.68,14.62,4.0,4.0,6.45,9.75,8.0,8.0,12.9,19.5,3.0,3.0,4.84,7.31,12.0,12.0,19.35,29.24,3.0,3.0,4.84,7.31,13.0,13.0,20.97,31.68,3.0,3.0,4.84,7.31,0.0,0.0,0.0,0.0,8.0,8.0,12.9,19.5,6.0,6.0,9.68,14.62,64.52,38.71,25.81,100.73,16.0,16.0,25.81,14.77,14.77,0.71,0.69,0.5,0.57,0.55,0.09,1.0,0.25,0.73,0.44,4.84,0.0,0.13,9.68,0.46
32,奧帝,新北國王,3,32|10872|14038,奧帝/林彥廷/飛米,1,56,65.0,830.68,13.84,13:51,830.68,13.84,13:51,44.0,44.0,67.69,114.41,24.0,24.0,36.92,62.41,22.0,22.0,33.85,57.21,12.0,12.0,18.46,31.2,7.0,7.0,10.77,18.2,3.0,3.0,4.62,7.8,15.0,15.0,23.08,39.0,9.0,9.0,13.85,23.4,12.0,12.0,18.46,31.2,9.0,9.0,13.85,23.4,4.0,4.0,6.15,10.4,6.0,6.0,9.23,15.6,4.0,4.0,6.15,10.4,14.0,14.0,21.54,36.4,4.0,4.0,6.15,10.4,12.0,12.0,18.46,31.2,3.0,3.0,4.62,7.8,0.0,0.0,0.0,0.0,6.0,6.0,9.23,15.6,4.0,4.0,6.15,10.4,67.69,36.92,30.77,112.68,20.0,20.0,30.77,13.84,13.84,0.75,0.81,0.43,0.6,0.75,0.13,1.0,0.22,0.6,0.36,4.62,0.0,0.09,6.15,0.55
32,奧帝,新北國王,3,32|10874|14038,奧帝/熊祥泰/飛米,1,50,58.0,761.25,12.69,12:41,761.25,12.69,12:41,39.0,39.0,67.24,110.66,25.0,25.0,43.1,70.94,21.0,21.0,36.21,59.59,12.0,12.0,20.69,34.05,8.0,8.0,13.79,22.7,4.0,4.0,6.9,11.35,13.0,13.0,22.41,36.89,8.0,8.0,13.79,22.7,8.0,8.0,13.79,22.7,5.0,5.0,8.62,14.19,4.0,4.0,6.9,11.35,5.0,5.0,8.62,14.19,3.0,3.0,5.17,8.51,12.0,12.0,20.69,34.05,4.0,4.0,6.9,11.35,12.0,12.0,20.69,34.05,3.0,3.0,5.17,8.51,0.0,0.0,0.0,0.0,4.0,4.0,6.9,11.35,6.0,6.0,10.34,17.02,67.24,43.1,24.14,109.71,14.0,14.0,24.14,12.69,12.69,0.76,0.8,0.5,0.62,0.62,0.14,1.0,0.25,0.62,0.38,5.17,0.0,0.07,10.34,0.38
32,奧帝,新北國王,4,29|32|10872|10874,林書緯/奧帝/林彥廷/熊祥泰,1,39,46.0,613.61,10.23,10:14,613.61,10.23,10:14,26.0,26.0,56.52,91.52,19.0,19.0,41.3,66.88,17.0,17.0,36.96,59.84,8.0,8.0,17.39,28.16,5.0,5.0,10.87,17.6,2.0,2.0,4.35,7.04,12.0,12.0,26.09,42.24,6.0,6.0,13.04,21.12,6.0,6.0,13.04,21.12,4.0,4.0,8.7,14.08,3.0,3.0,6.52,10.56,6.0,6.0,13.04,21.12,3.0,3.0,6.52,10.56,10.0,10.0,21.74,35.2,3.0,3.0,6.52,10.56,8.0,8.0,17.39,28.16,3.0,3.0,6.52,10.56,0.0,0.0,0.0,0.0,4.0,4.0,8.7,14.08,4.0,4.0,8.7,14.08,56.52,41.3,15.22,107.95,7.0,7.0,15.22,10.23,10.23,0.65,0.66,0.4,0.5,0.67,0.13,1.0,0.23,0.67,0.41,6.52,0.0,0.09,8.7,0.35
32,奧帝,新北國王,4,29|32|10872|14038,林書緯/奧帝/林彥廷/飛米,1,46,54.0,663.82,11.06,11:04,663.82,11.06,11:04,33.0,33.0,61.11,107.38,20.0,20.0,37.04,65.08,17.0,17.0,31.48,55.32,8.0,8.0,14.81,26.03,4.0,4.0,7.41,13.02,1.0,1.0,1.85,3.25,13.0,13.0,24.07,42.3,7.0,7.0,12.96,22.78,10.0,10.0,18.52,32.54,8.0,8.0,14.81,26.03,3.0,3.0,5.56,9.76,6.0,6.0,11.11,19.52,4.0,4.0,7.41,13.02,12.0,12.0,22.22,39.05,4.0,4.0,7.41,13.02,8.0,8.0,14.81,26.03,3.0,3.0,5.56,9.76,0.0,0.0,0.0,0.0,5.0,5.0,9.26,16.27,4.0,4.0,7.41,13.02,61.11,37.04,24.07,117.14,13.0,13.0,24.07,11.06,11.06,0.68,0.77,0.25,0.54,0.8,0.16,1.0,0.2,0.6,0.36,5.56,0.0,0.09,7.41,0.59
32,奧帝,新北國王,4,29|32|10874|14038,林書緯/奧帝/熊祥泰/飛米,1,41,48.0,601.39,10.02,10:01,601.39,10.02,10:01,28.0,28.0,58.33,100.57,21.0,21.0,43.75,75.43,16.0,16.0,33.33,57.47,8.0,8.0,16.67,28.73,5.0,5.0,10.42,17.96,2.0,2.0,4.17,7.18,11.0,11.0,22.92,39.51,6.0,6.0,12.5,21.55,6.0,6.0,12.5,21.55,4.0,4.0,8.33,14.37,3.0,3.0,6.25,10.78,5.0,5.0,10.42,17.96,3.0,3.0,6.25,10.78,10.0,10.0,20.83,35.92,4.0,4.0,8.33,14.37,8.0,8.0,16.67,28.73,3.0,3.0,6.25,10.78,0.0,0.0,0.0,0.0,3.0,3.0,6.25,10.78,6.0,6.0,12.5,21.55,58.33,43.75,14.58,114.93,7.0,7.0,14.58,10.02,10.02,0.69,0.75,0.4,0.55,0.67,0.18,1.0,0.23,0.62,0.38,6.25,0.0,0.06,12.5,0.38
32,奧帝,新北國王,4,32|10872|10874|14038,奧帝/林彥廷/熊祥泰/飛米,1,46,54.0,700.48,11.67,11:40,700.48,11.67,11:40,37.0,37.0,68.52,114.09,21.0,21.0,38.89,64.76,20.0,20.0,37.04,61.67,11.0,11.0,20.37,33.92,7.0,7.0,12.96,21.59,3.0,3.0,5.56,9.25,13.0,13.0,24.07,40.09,8.0,8.0,14.81,24.67,8.0,8.0,14.81,24.67,5.0,5.0,9.26,15.42,4.0,4.0,7.41,12.33,5.0,5.0,9.26,15.42,3.0,3.0,5.56,9.25,12.0,12.0,22.22,37.0,3.0,3.0,5.56,9.25,11.0,11.0,20.37,33.92,3.0,3.0,5.56,9.25,0.0,0.0,0.0,0.0,4.0,4.0,7.41,12.33,4.0,4.0,7.41,12.33,68.52,38.89,29.63,111.01,16.0,16.0,29.63,11.67,11.67,0.75,0.79,0.43,0.62,0.62,0.11,1.0,0.25,0.62,0.38,5.56,0.0,0.07,7.41,0.4
32,奧帝,新北國王,5,29|32|10872|10874|14038,林書緯/奧帝/林彥廷/熊祥泰/飛米,1,37,44.0,540.61,9.01,09:01,540.61,9.01,09:01,26.0,26.0,59.09,103.88,17.0,17.0,38.64,67.92,15.0,15.0,34.09,59.93,7.0,7.0,15.91,27.97,4.0,4.0,9.09,15.98,1.0,1.0,2.27,4.0,11.0,11.0,25.0,43.95,6.0,6.0,13.64,23.97,6.0,6.0,13.64,23.97,4.0,4.0,9.09,15.98,3.0,3.0,6.82,11.99,5.0,5.0,11.36,19.98,3.0,3.0,6.82,11.99,10.0,10.0,22.73,39.95,3.0,3.0,6.82,11.99,7.0,7.0,15.91,27.97,3.0,3.0,6.82,11.99,0.0,0.0,0.0,0.0,3.0,3.0,6.82,11.99,4.0,4.0,9.09,15.98,59.09,38.64,20.45,117.2,9.0,9.0,20.45,9.01,9.01,0.67,0.74,0.25,0.55,0.67,0.15,1.0,0.23,0.62,0.38,6.82,0.0,0.07,9.09,0.4
10872,林彥廷,新北國王,2,29|10872,林書緯/林彥廷,1,90,103.0,1373.47,22.89,22:53,1373.47,22.89,22:53,54.0,54.0,52.43,84.92,42.0,42.0,40.78,66.05,34.0,34.0,33.01,53.47,15.0,15.0,14.56,23.59,14.0,14.0,13.59,22.02,7.0,7.0,6.8,11.01,20.0,20.0,19.42,31.45,8.0,8.0,7.77,12.58,18.0,18.0,17.48,28.31,16.0,16.0,15.53,25.16,5.0,5.0,4.85,7.86,14.0,14.0,13.59,22.02,6.0,6.0,5.83,9.44,22.0,22.0,21.36,34.6,7.0,7.0,6.8,11.01,13.0,13.0,12.62,20.44,5.0,5.0,4.85,7.86,1.0,1.0,0.97,1.57,8.0,8.0,7.77,12.58,7.0,7.0,6.8,11.01,52.43,40.78,11.65,107.99,12.0,12.0,11.65,22.89,22.89,0.56,0.64,0.5,0.4,0.89,0.14,0.87,0.19,0.7,0.4,4.85,0.97,0.08,6.8,0.53
10872,林彥廷,新北國王,2,32|10872,奧帝/林彥廷,1,80,91.0,1204.4,20.07,20:04,1204.4,20.07,20:04,57.0,57.0,62.64,102.22,35.0,35.0,38.46,62.77,32.0,32.0,35.16,57.39,17.0,17.0,18.68,30.49,15.0,15.0,16.48,26.9,8.0,8.0,8.79,14.35,17.0,17.0,18.68,30.49,9.0,9.0,9.89,16.14,19.0,19.0,20.88,34.07,14.0,14.0,15.38,25.11,5.0,5.0,5.49,8.97,11.0,11.0,12.09,19.73,5.0,5.0,5.49,8.97,18.0,18.0,19.78,32.28,4.0,4.0,4.4,7.17,16.0,16.0,17.58,28.69,3.0,3.0,3.3,5.38,1.0,1.0,1.1,1.79,12.0,12.0,13.19,21.52,7.0,7.0,7.69,12.55,62.64,38.46,24.18,108.8,22.0,22.0,24.18,20.07,20.07,0.67,0.71,0.53,0.53,0.74,0.09,0.94,0.22,0.69,0.41,3.3,1.1,0.13,7.69,0.59
10872,林彥廷,新北國王,2,10872|10874,林彥廷/熊祥泰,1,64,74.0,1088.19,18.14,18:08,1088.19,18.14,18:08,42.0,42.0,56.76,83.37,29.0,29.0,39.19,57.56,29.0,29.0,39.19,57.56,14.0,14.0,18.92,27.79,12.0,12.0,16.22,23.82,6.0,6.0,8.11,11.91,17.0,17.0,22.97,33.74,8.0,8.0,10.81,15.88,11.0,11.0,14.86,21.83,6.0,6.0,8.11,11.91,5.0,5.0,6.76,9.92,11.0,11.0,14.86,21.83,4.0,4.0,5.41,7.94,14.0,14.0,18.92,27.79,4.0,4.0,5.41,7.94,13.0,13.0,17.57,25.8,3.0,3.0,4.05,5.95,0.0,0.0,0.0,0.0,8.0,8.0,10.81,15.88,7.0,7.0,9.46,13.89,56.76,39.19,17.57,97.92,13.0,13.0,17.57,18.14,18.14,0.62,0.62,0.5,0.47,0.55,0.11,0.93,0.26,0.73,0.47,4.05,0.0,0.11,9.46,0.38
10872,林彥廷,新北國王,2,10872|14038,林彥廷/飛米,1,85,99.0,1331.49,22.19,22:11,1331.49,22.19,22:11,57.0,57.0,57.58,92.47,39.0,39.0,39.39,63.27,34.0,34.0,34.34,55.16,16.0,16.0,16.16,25.96,13.0,13.0,13.13,21.09,6.0,6.0,6.06,9.73,21.0,21.0,21.21,34.07,10.0,10.0,10.1,16.22,16.0,16.0,16.16,25.96,13.0,13.0,13.13,21.09,7.0,7.0,7.07,11.36,11.0,11.0,11.11,17.84,5.0,5.0,5.05,8.11,20.0,20.0,20.2,32.44,7.0,7.0,7.07,11.36,14.0,14.0,14.14,22.71,5.0,5.0,5.05,8.11,0.0,0.0,0.0,0.0,8.0,8.0,8.08,12.98,6.0,6.0,6.06,9.73,57.58,39.39,18.18,107.07,18.0,18.0,18.18,22.19,22.19,0.62,0.69,0.46,0.48,0.81,0.15,0.88,0.26,0.69,0.42,5.05,0.0,0.08,6.06,0.47
10872,林彥廷,新北國王,3,29|32|10872,林書緯/奧帝/林彥廷,1,64,74.0,924.66,15.41,15:25,924.66,15.41,15:25,43.0,43.0,58.11,100.45,30.0,30.0,40.54,70.08,25.0,25.0,33.78,58.4,12.0,12.0,16.22,28.03,10.0,10.0,13.51,23.36,5.0,5.0,6.76,11.68,15.0,15.0,20.27,35.04,7.0,7.0,9.46,16.35,14.0,14.0,18.92,32.7,12.0,12.0,16.22,28.03,4.0,4.0,5.41,9.34,9.0,9.0,12.16,21.02,5.0,5.0,6.76,11.68,16.0,16.0,21.62,37.38,4.0,4.0,5.41,9.34,11.0,11.0,14.86,25.7,3.0,3.0,4.05,7.01,1.0,1.0,1.35,2.34,8.0,8.0,10.81,18.69,5.0,5.0,6.76,11.68,58.11,40.54,17.57,115.24,13.0,13.0,17.57,15.41,15.41,0.62,0.69,0.5,0.47,0.86,0.11,0.92,0.2,0.64,0.38,4.05,1.35,0.11,6.76,0.56
10872,林彥廷,新北國王,3,29|10872|10874,林書緯/林彥廷/熊祥泰,1,49,58.0,815.45,13.59,13:35,815.45,13.59,13:35,28.0,28.0,48.28,74.17,24.0,24.0,41.38,63.57,22.0,22.0,37.93,58.27,9.0,9.0,15.52,23.84,7.0,7.0,12.07,18.54,3.0,3.0,5.17,7.95,15.0,15.0,25.86,39.73,6.0,6.0,10.34,15.89,6.0,6.0,10.34,15.89,4.0,4.0,6.9,10.6,4.0,4.0,6.9,10.6,9.0,9.0,15.52,23.84,4.0,4.0,6.9,10.6,12.0,12.0,20.69,31.79,4.0,4.0,6.9,10.6,8.0,8.0,13.79,21.19,3.0,3.0,5.17,7.95,0.0,0.0,0.0,0.0,4.0,4.0,6.9,10.6,5.0,5.0,8.62,13.24,48.28,41.38,6.9,102.42,4.0,4.0,6.9,13.59,13.59,0.55,0.57,0.43,0.4,0.67,0.14,0.89,0.25,0.69,0.45,5.17,0.0,0.07,8.62,0.27
10872,林彥廷,新北國王,3,29|10872|14038,林書緯/林彥廷/飛米,1,72,83.0,1112.63,18.54,18:33,1112.63,18.54,18:33,44.0,44.0,53.01,85.42,32.0,32.0,38.55,62.12,26.0,26.0,31.33,50.48,11.0,11.0,13.25,21.35,8.0,8.0,9.64,15.53,3.0,3.0,3.61,5.82,18.0,18.0,21.69,34.94,8.0,8.0,9.64,15.53,14.0,14.0,16.87,27.18,12.0,12.0,14.46,23.3,4.0,4.0,4.82,7.77,11.0,11.0,13.25,21.35,5.0,5.0,6.02,9.71,18.0,18.0,21.69,34.94,7.0,7.0,8.43,13.59,10.0,10.0,12.05,19.41,5.0,5.0,6.02,9.71,0.0,0.0,0.0,0.0,5.0,5.0,6.02,9.71,6.0,6.0,7.23,11.65,53.01,38.55,14.46,107.42,12.0,12.0,14.46,18.54,18.54,0.58,0.68,0.38,0.44,0.86,0.18,0.91,0.18,0.69,0.39,6.02,0.0,0.06,7.23,0.54
10872,林彥廷,新北國王,3,32|10872|10874,奧帝/林彥廷/熊祥泰,1,54,62.0,886.36,14.77,14:46,886.36,14.77,14:46,40.0,40.0,64.52,97.48,24.0,24.0,38.71,58.49,24.0,24.0,38.71,58.49,13.0,13.0,20.97,31.68,10.0,10.0,16.13,24.37,5.0,5.0,8.06,12.18,14.0,14.0,22.58,34.12,8.0,8.0,12.9,19.5,11.0,11.0,17.74,26.81,6.0,6.0,9.68,14.62,4.0,4.0,6.45,9.75,8.0,8.0,12.9,19.5,3.0,3.0,4.84,7.31,12.0,12.0,19.35,29.24,3.0,3.0,4.84,7.31,13.0,13.0,20.97,31.68,3.0,3.0,4.84,7.31,0.0,0.0,0.0,0.0,8.0,8.0,12.9,19.5,6.0,6.0,9.68,14.62,64.52,38.71,25.81,100.73,16.0,16.0,25.81,14.77,14.77,0.71,0.69,0.5,0.57,0.55,0.09,1.0,0.25,0.73,0.44,4.84,0.0,0.13,9.68,0.46
10872,林彥廷,新北國王,3,32|10872|14038,奧帝/林彥廷/飛米,1,56,65.0,830.68,13.84,13:51,830.68,13.84,13:51,44.0,44.0,67.69,114.41,24.0,24.0,36.92,62.41,22.0,22.0,33.85,57.21,12.0,12.0,18.46,31.2,7.0,7.0,10.77,18.2,3.0,3.0,4.62,7.8,15.0,15.0,23.08,39.0,9.0,9.0,13.85,23.4,12.0,12.0,18.46,31.2,9.0,9.0,13.85,23.4,4.0,4.0,6.15,10.4,6.0,6.0,9.23,15.6,4.0,4.0,6.15,10.4,14.0,14.0,21.54,36.4,4.0,4.0,6.15,10.4,12.0,12.0,18.46,31.2,3.0,3.0,4.62,7.8,0.0,0.0,0.0,0.0,6.0,6.0,9.23,15.6,4.0,4.0,6.15,10.4,67.69,36.92,30.77,112.68,20.0,20.0,30.77,13.84,13.84,0.75,0.81,0.43,0.6,0.75,0.13,1.0,0.22,0.6,0.36,4.62,0.0,0.09,6.15,0.55
10872,林彥廷,新北國王,3,10872|10874|14038,林彥廷/熊祥泰/飛米,1,56,66.0,902.31,15.04,15:02,902.31,15.04,15:02,39.0,39.0,59.09,93.36,26.0,26.0,39.39,62.24,25.0,25.0,37.88,59.85,12.0,12.0,18.18,28.73,9.0,9.0,13.64,21.54,4.0,4.0,6.06,9.58,16.0,16.0,24.24,38.3,8.0,8.0,12.12,19.15,8.0,8.0,12.12,19.15,5.0,5.0,7.58,11.97,5.0,5.0,7.58,11.97,8.0,8.0,12.12,19.15,4.0,4.0,6.06,9.58,14.0,14.0,21.21,33.51,4.0,4.0,6.06,9.58,11.0,11.0,16.67,26.33,3.0,3.0,4.55,7.18,0.0,0.0,0.0,0.0,4.0,4.0,6.06,9.58,5.0,5.0,7.58,11.97,59.09,39.39,19.7,105.33,13.0,13.0,19.7,15.04,15.04,0.64,0.68,0.44,0.5,0.62,0.12,0.92,0.26,0.67,0.42,4.55,0.0,0.06,7.58,0.32
10872,林彥廷,新北國王,4,29|32|10872|10874,林書緯/奧帝/林彥廷/熊祥泰,1,39,46.0,613.61,10.23,10:14,613.61,10.23,10:14,26.0,26.0,56.52,91.52,19.0,19.0,41.3,66.88,17.0,17.0,36.96,59.84,8.0,8.0,17.39,28.16,5.0,5.0,10.87,17.6,2.0,2.0,4.35,7.04,12.0,12.0,26.09,42.24,6.0,6.0,13.04,21.12,6.0,6.0,13.04,21.12,4.0,4.0,8.7,14.08,3.0,3.0,6.52,10.56,6.0,6.0,13.04,21.12,3.0,3.0,6.52,10.56,10.0,10.0,21.74,35.2,3.0,3.0,6.52,10.56,8.0,8.0,17.39,28.16,3.0,3.0,6.52,10.56,0.0,0.0,0.0,0.0,4.0,4.0,8.7,14.08,4.0,4.0,8.7,14.08,56.52,41.3,15.22,107.95,7.0,7.0,15.22,10.23,10.23,0.65,0.66,0.4,0.5,0.67,0.13,1.0,0.23,0.67,0.41,6.52,0.0,0.09,8.7,0.35
10872,林彥廷,新北國王,4,29|32|10872|14038,林書緯/奧帝/林彥廷/飛米,1,46,54.0,663.82,11.06,11:04,663.82,11.06,11:04,33.0,33.0,61.11,107.38,20.0,20.0,37.04,65.08,17.0,17.0,31.48,55.32,8.0,8.0,14.81,26.03,4.0,4.0,7.41,13.02,1.0,1.0,1.85,3.25,13.0,13.0,24.07,42.3,7.0,7.0,12.96,22.78,10.0,10.0,18.52,32.54,8.0,8.0,14.81,26.03,3.0,3.0,5.56,9.76,6.0,6.0,11.11,19.52,4.0,4.0,7.41,13.02,12.0,12.0,22.22,39.05,4.0,4.0,7.41,13.02,8.0,8.0,14.81,26.03,3.0,3.0,5.56,9.76,0.0,0.0,0.0,0.0,5.0,5.0,9.26,16.27,4.0,4.0,7.41,13.02,61.11,37.04,24.07,117.14,13.0,13.0,24.07,11.06,11.06,0.68,0.77,0.25,0.54,0.8,0.16,1.0,0.2,0.6,0.36,5.56,0.0,0.09,7.41,0.59
10872,林彥廷,新北國王,4,29|10872|10874|14038,林書緯/林彥廷/熊祥泰/飛米,1,47,56.0,742.45,12.37,12:22,742.45,12.37,12:22,28.0,28.0,50.0,81.46,22.0,22.0,39.29,64.0,20.0,20.0,35.71,58.19,8.0,8.0,14.29,23.27,6.0,6.0,10.71,17.46,2.0,2.0,3.57,5.82,14.0,14.0,25.0,40.73,6.0,6.0,10.71,17.46,6.0,6.0,10.71,17.46,4.0,4.0,7.14,11.64,4.0,4.0,7.14,11.64,8.0,8.0,14.29,23.27,4.0,4.0,7.14,11.64,12.0,12.0,21.43,34.91,4.0,4.0,7.14,11.64,7.0,7.0,12.5,20.37,3.0,3.0,5.36,8.73,0.0,0.0,0.0,0.0,3.0,3.0,5.36,8.73,5.0,5.0,8.93,14.55,50.0,39.29,10.71,108.61,6.0,6.0,10.71,12.37,12.37,0.55,0.62,0.33,0.43,0.67,0.15,0.88,0.25,0.67,0.43,5.36,0.0,0.05,8.93,0.3
10872,林彥廷,新北國王,4,32|10872|10874|14038,奧帝/林彥廷/熊祥泰/飛米,1,46,54.0,700.48,11.67,11:40,700.48,11.67,11:40,37.0,37.0,68.52,114.09,21.0,21.0,38.89,64.76,20.0,20.0,37.04,61.67,11.0,11.0,20.37,33.92,7.0,7.0,12.96,21.59,3.0,3.0,5.56,9.25,13.0,13.0,24.07,40.09,8.0,8.0,14.81,24.67,8.0,8.0,14.81,24.67,5.0,5.0,9.26,15.42,4.0,4.0,7.41,12.33,5.0,5.0,9.26,15.42,3.0,3.0,5.56,9.25,12.0,12.0,22.22,37.0,3.0,3.0,5.56,9.25,11.0,11.0,20.37,33.92,3.0,3.0,5.56,9.25,0.0,0.0,0.0,0.0,4.0,4.0,7.41,12.33,4.0,4.0,7.41,12.33,68.52,38.89,29.63,111.01,16.0,16.0,29.63,11.67,11.67,0.75,0.79,0.43,0.62,0.62,0.11,1.0,0.25,0.62,0.38,5.56,0.0,0.07,7.41,0.4
10872,林彥廷,新北國王,5,29|32|10872|10874|14038,林書緯/奧帝/林彥廷/熊祥泰/飛米,1,37,44.0,540.61,9.01,09:01,540.61,9.01,09:01,26.0,26.0,59.09,103.88,17.0,17.0,38.64,67.92,15.0,15.0,34.09,59.93,7.0,7.0,15.91,27.97,4.0,4.0,9.09,15.98,1.0,1.0,2.27,4.0,11.0,11.0,25.0,43.95,6.0,6.0,13.64,23.97,6.0,6.0,13.64,23.97,4.0,4.0,9.09,15.98,3.0,3.0,6.82,11.99,5.0,5.0,11.36,19.98,3.0,3.0,6.82,11.99,10.0,10.0,22.73,39.95,3.0,3.0,6.82,11.99,7.0,7.0,15.91,27.97,3.0,3.0,6.82,11.99,0.0,0.0,0.0,0.0,3.0,3.0,6.82,11.99,4.0,4.0,9.09,15.98,59.09,38.64,20.45,117.2,9.0,9.0,20.45,9.01,9.01,0.67,0.74,0.25,0.55,0.67,0.15,1.0,0.23,0.62,0.38,6.82,0.0,0.07,9.09,0.4
10874,熊祥泰,新北國王,2,10872|10874,林彥廷/熊祥泰,1,64,74.0,1088.19,18.14,18:08,1088.19,18.14,18:08,42.0,42.0,56.76,83.37,29.0,29.0,39.19,57.56,29.0,29.0,39.19,57.56,14.0,14.0,18.92,27.79,12.0,12.0,16.22,23.82,6.0,6.0,8.11,11.91,17.0,17.0,22.97,33.74,8.0,8.0,10.81,15.88,11.0,11.0,14.86,21.83,6.0,6.0,8.11,11.91,5.0,5.0,6.76,9.92,11.0,11.0,14.86,21.83,4.0,4.0,5.41,7.94,14.0,14.0,18.92,27.79,4.0,4.0,5.41,7.94,13.0,13.0,17.57,25.8,3.0,3.0,4.05,5.95,0.0,0.0,0.0,0.0,8.0,8.0,10.81,15.88,7.0,7.0,9.46,13.89,56.76,39.19,17.57,97.92,13.0,13.0,17.57,18.14,18.14,0.62,0.62,0.5,0.47,0.55,0.11,0.93,0.26,0.73,0.47,4.05,0.0,0.11,9.46,0.38
10874,熊祥泰,新北國王,2,10874|14038,熊祥泰/飛米,1,61,71.0,963.86,16.06,16:04,963.86,16.06,16:04,41.0,41.0,57.75,91.88,32.0,32.0,45.07,71.71,26.0,26.0,36.62,58.27,13.0,13.0,18.31,29.13,10.0,10.0,14.08,22.41,5.0,5.0,7.04,11.2,16.0,16.0,22.54,35.86,8.0,8.0,11.27,17.93,8.0,8.0,11.27,17.93,5.0,5.0,7.04,11.2,5.0,5.0,7.04,11.2,8.0,8.0,11.27,17.93,4.0,4.0,5.63,8.96,14.0,14.0,19.72,31.37,5.0,5.0,7.04,11.2,12.0,12.0,16.9,26.89,3.0,3.0,4.23,6.72,0.0,0.0,0.0,0.0,4.0,4.0,5.63,8.96,9.0,9.0,12.68,20.17,57.75,45.07,12.68,106.07,9.0,9.0,12.68,16.06,16.06,0.65,0.69,0.5,0.5,0.62,0.14,0.92,0.26,0.67,0.42,4.23,0.0,0.06,12.68,0.31
10874,熊祥泰,新北國王,3,29|10872|10874,林書緯/林彥廷/熊祥泰,1,49,58.0,815.45,13.59,13:35,815.45,13.59,13:35,28.0,28.0,48.28,74.17,24.0,24.0,41.38,63.57,22.0,22.0,37.93,58.27,9.0,9.0,15.52,23.84,7.0,7.0,12.07,18.54,3.0,3.0,5.17,7.95,15.0,15.0,25.86,39.73,6.0,6.0,10.34,15.89,6.0,6.0,10.34,15.89,4.0,4.0,6.9,10.6,4.0,4.0,6.9,10.6,9.0,9.0,15.52,23.84,4.0,4.0,6.9,10.6,12.0,12.0,20.69,31.79,4.0,4.0,6.9,10.6,8.0,8.0,13.79,21.19,3.0,3.0,5.17,7.95,0.0,0.0,0.0,0.0,4.0,4.0,6.9,10.6,5.0,5.0,8.62,13.24,48.28,41.38,6.9,102.42,4.0,4.0,6.9,13.59,13.59,0.55,0.57,0.43,0.4,0.67,0.14,0.89,0.25,0.69,0.45,5.17,0.0,0.07,8.62,0.27
10874,熊祥泰,新北國王,3,29|10874|14038,林書緯/熊祥泰/飛米,1,52,61.0,804.0,13.4,13:24,804.0,13.4,13:24,30.0,30.0,49.18,80.6,28.0,28.0,45.9,75.22,21.0,21.0,34.43,56.42,9.0,9.0,14.75,24.18,7.0,7.0,11.48,18.81,3.0,3.0,4.92,8.06,14.0,14.0,22.95,37.61,6.0,6.0,9.84,16.12,6.0,6.0,9.84,16.12,4.0,4.0,6.56,10.75,4.0,4.0,6.56,10.75,8.0,8.0,13.11,21.49,4.0,4.0,6.56,10.75,12.0,12.0,19.67,32.24,5.0,5.0,8.2,13.43,8.0,8.0,13.11,21.49,3.0,3.0,4.92,8.06,0.0,0.0,0.0,0.0,3.0,3.0,4.92,8.06,9.0,9.0,14.75,24.18,49.18,45.9,3.28,109.25,2.0,2.0,3.28,13.4,13.4,0.57,0.63,0.43,0.43,0.67,0.17,0.89,0.25,0.67,0.43,4.92,0.0,0.05,14.75,0.29
10874,熊祥泰,新北國王,3,32|10872|10874,奧帝/林彥廷/熊祥泰,1,54,62.0,886.36,14.77,14:46,886.36,14.77,14:46,40.0,40.0,64.52,97.48,24.0,24.0,38.71,58.49,24.0,24.0,38.71,58.49,13.0,13.0,20.97,31.68,10.0,10.0,16.13,24.37,5.0,5.0,8.06,12.18,14.0,14.0,22.58,34.12,8.0,8.0,12.9,19.5,11.0,11.0,17.74,26.81,6.0,6.0,9.68,14.62,4.0,4.0,6.45,9.75,8.0,8.0,12.9,19.5,3.0,3.0,4.84,7.31,12.0,12.0,19.35,29.24,3.0,3.0,4.84,7.31,13.0,13.0,20.97,31.68,3.0,3.0,4.84,7.31,0.0,0.0,0.0,0.0,8.0,8.0,12.9,19.5,6.0,6.0,9.68,14.62,64.52,38.71,25.81,100.73,16.0,16.0,25.81,14.77,14.77,0.71,0.69,0.5,0.57,0.55,0.09,1.0,0.25,0.73,0.44,4.84,0.0,0.13,9.68,0.46
10874,熊祥泰,新北國王,3,32|10874|14038,奧帝/熊祥泰/飛米,1,50,58.0,761.25,12.69,12:41,761.25,12.69,12:41,39.0,39.0,67.24,110.66,25.0,25.0,43.1,70.94,21.0,21.0,36.21,59.59,12.0,12.0,20.69,34.05,8.0,8.0,13.79,22.7,4.0,4.0,6.9,11.35,13.0,13.0,22.41,36.89,8.0,8.0,13.79,22.7,8.0,8.0,13.79,22.7,5.0,5.0,8.62,14.19,4.0,4.0,6.9,11.35,5.0,5.0,8.62,14.19,3.0,3.0,5.17,8.51,12.0,12.0,20.69,34.05,4.0,4.0,6.9,11.35,12.0,12.0,20.69,34.05,3.0,3.0,5.17,8.51,0.0,0.0,0.0,0.0,4.0,4.0,6.9,11.35,6.0,6.0,10.34,17.02,67.24,43.1,24.14,109.71,14.0,14.0,24.14,12.69,12.69,0.76,0.8,0.5,0.62,0.62,0.14,1.0,0.25,0.62,0.38,5.17,0.0,0.07,10.34,0.38
10874,熊祥泰,新北國王,3,10872|10874|14038,林彥廷/熊祥泰/飛米,1,56,66.0,902.31,15.04,15:02,902.31,15.04,15:02,39.0,39.0,59.09,93.36,26.0,26.0,39.39,62.24,25.0,25.0,37.88,59.85,12.0,12.0,18.18,28.73,9.0,9.0,13.64,21.54,4.0,4.0,6.06,9.58,16.0,16.0,24.24,38.3,8.0,8.0,12.12,19.15,8.0,8.0,12.12,19.15,5.0,5.0,7.58,11.97,5.0,5.0,7.58,11.97,8.0,8.0,12.12,19.15,4.0,4.0,6.06,9.58,14.0,14.0,21.21,33.51,4.0,4.0,6.06,9.58,11.0,11.0,16.67,26.33,3.0,3.0,4.55,7.18,0.0,0.0,0.0,0.0,4.0,4.0,6.06,9.58,5.0,5.0,7.58,11.97,59.09,39.39,19.7,105.33,13.0,13.0,19.7,15.04,15.04,0.64,0.68,0.44,0.5,0.62,0.12,0.92,0.26,0.67,0.42,4.55,0.0,0.06,7.58,0.32
10874,熊祥泰,新北國王,4,29|32|10872|10874,林書緯/奧帝/林彥廷/熊祥泰,1,39,46.0,613.61,10.23,10:14,613.61,10.23,10:14,26.0,26.0,56.52,91.52,19.0,19.0,41.3,66.88,17.0,17.0,36.96,59.84,8.0,8.0,17.39,28.16,5.0,5.0,10.87,17.6,2.0,2.0,4.35,7.04,12.0,12.0,26.09,42.24,6.0,6.0,13.04,21.12,6.0,6.0,13.04,21.12,4.0,4.0,8.7,14.08,3.0,3.0,6.52,10.56,6.0,6.0,13.04,21.12,3.0,3.0,6.52,10.56,10.0,10.0,21.74,35.2,3.0,3.0,6.52,10.56,8.0,8.0,17.39,28.16,3.0,3.0,6.52,10.56,0.0,0.0,0.0,0.0,4.0,4.0,8.7,14.08,4.0,4.0,8.7,14.08,56.52,41.3,15.22,107.95,7.0,7.0,15.22,10.23,10.23,0.65,0.66,0.4,0.5,0.67,0.13,1.0,0.23,0.67,0.41,6.52,0.0,0.09,8.7,0.35
10874,熊祥泰,新北國王,4,29|32|10874|14038,林書緯/奧帝/熊祥泰/飛米,1,41,48.0,601.39,10.02,10:01,601.39,10.02,10:01,28.0,28.0,58.33,100.57,21.0,21.0,43.75,75.43,16.0,16.0,33.33,57.47,8.0,8.0,16.67,28.73,5.0,5.0,10.42,17.96,2.0,2.0,4.17,7.18,11.0,11.0,22.92,39.51,6.0,6.0,12.5,21.55,6.0,6.0,12.5,21.55,4.0,4.0,8.33,14.37,3.0,3.0,6.25,10.78,5.0,5.0,10.42,17.96,3.0,3.0,6.25,10.78,10.0,10.0,20.83,35.92,4.0,4.0,8.33,14.37,8.0,8.0,16.67,28.73,3.0,3.0,6.25,10.78,0.0,0.0,0.0,0.0,3.0,3.0,6.25,10.78,6.0,6.0,12.5,21.55,58.33,43.75,14.58,114.93,7.0,7.0,14.58,10.02,10.02,0.69,0.75,0.4,0.55,0.67,0.18,1.0,0.23,0.62,0.38,6.25,0.0,0.06,12.5,0.38
10874,熊祥泰,新北國王,4,29|10872|10874|14038,林書緯/林彥廷/熊祥泰/飛米,1,47,56.0,742.45,12.37,12:22,742.45,12.37,12:22,28.0,28.0,50.0,81.46,22.0,22.0,39.29,64.0,20.0,20.0,35.71,58.19,8.0,8.0,14.29,23.27,6.0,6.0,10.71,17.46,2.0,2.0,3.57,5.82,14.0,14.0,25.0,40.73,6.0,6.0,10.71,17.46,6.0,6.0,10.71,17.46,4.0,4.0,7.14,11.64,4.0,4.0,7.14,11.64,8.0,8.0,14.29,23.27,4.0,4.0,7.14,11.64,12.0,12.0,21.43,34.91,4.0,4.0,7.14,11.64,7.0,7.0,12.5,20.37,3.0,3.0,5.36,8.73,0.0,0.0,0.0,0.0,3.0,3.0,5.36,8.73,5.0,5.0,8.93,14.55,50.0,39.29,10.71,108.61,6.0,6.0,10.71,12.37,12.37,0.55,0.62,0.33,0.43,0.67,0.15,0.88,0.25,0.67,0.43,5.36,0.0,0.05,8.93,0.3
10874,熊祥泰,新北國王,4,32|10872|10874|14038,奧帝/林彥廷/熊祥泰/飛米,1,46,54.0,700.48,11.67,11:40,700.48,11.67,11:40,37.0,37.0,68.52,114.09,21.0,21.0,38.89,64.76,20.0,20.0,37.04,61.67,11.0,11.0,20.37,33.92,7.0,7.0,12.96,21.59,3.0,3.0,5.56,9.25,13.0,13.0,24.07,40.09,8.0,8.0,14.81,24.67,8.0,8.0,14.81,24.67,5.0,5.0,9.26,15.42,4.0,4.0,7.41,12.33,5.0,5.0,9.26,15.42,3.0,3.0,5.56,9.25,12.0,12.0,22.22,37.0,3.0,3.0,5.56,9.25,11.0,11.0,20.37,33.92,3.0,3.0,5.56,9.25,0.0,0.0,0.0,0.0,4.0,4.0,7.41,12.33,4.0,4.0,7.41,12.33,68.52,38.89,29.63,111.01,16.0,16.0,29.63,11.67,11.67,0.75,0.79,0.43,0.62,0.62,0.11,1.0,0.25,0.62,0.38,5.56,0.0,0.07,7.41,0.4
10874,熊祥泰,新北國王,5,29|32|10872|10874|14038,林書緯/奧帝/林彥廷/熊祥泰/飛米,1,37,44.0,540.61,9.01,09:01,540.61,9.01,09:01,26.0,26.0,59.09,103.88,17.0,17.0,38.64,67.92,15.0,15.0,34.09,59.93,7.0,7.0,15.91,27.97,4.0,4.0,9.09,15.98,1.0,1.0,2.27,4.0,11.0,11.0,25.0,43.95,6.0,6.0,13.64,23.97,6.0,6.0,13.64,23.97,4.0,4.0,9.09,15.98,3.0,3.0,6.82,11.99,5.0,5.0,11.36,19.98,3.0,3.0,6.82,11.99,10.0,10.0,22.73,39.95,3.0,3.0,6.82,11.99,7.0,7.0,15.91,27.97,3.0,3.0,6.82,11.99,0.0,0.0,0.0,0.0,3.0,3.0,6.82,11.99,4.0,4.0,9.09,15.98,59.09,38.64,20.45,117.2,9.0,9.0,20.45,9.01,9.01,0.67,0.74,0.25,0.55,0.67,0.15,1.0,0.23,0.62,0.38,6.82,0.0,0.07,9.09,0.4
14038,飛米,新北國王,2,32|14038,奧帝/飛米,1,60,69.0,891.46,14.86,14:51,891.46,14.86,14:51,46.0,46.0,66.67,111.46,28.0,28.0,40.58,67.84,23.0,23.0,33.33,55.73,13.0,13.0,18.84,31.5,8.0,8.0,11.59,19.38,4.0,4.0,5.8,9.69,15.0,15.0,21.74,36.34,9.0,9.0,13.04,21.81,12.0,12.0,17.39,29.08,9.0,9.0,13.04,21.81,4.0,4.0,5.8,9.69,6.0,6.0,8.7,14.54,4.0,4.0,5.8,9.69,14.0,14.0,20.29,33.92,5.0,5.0,7.25,12.11,13.0,13.0,18.84,31.5,3.0,3.0,4.35,7.27,0.0,0.0,0.0,0.0,6.0,6.0,8.7,14.54,6.0,6.0,8.7,14.54,66.67,40.58,26.09,111.46,18.0,18.0,26.09,14.86,14.86,0.76,0.81,0.5,0.6,0.75,0.15,1.0,0.22,0.6,0.36,4.35,0.0,0.09,8.7,0.52
14038,飛米,新北國王,2,10872|14038,林彥廷/飛米,1,85,99.0,1331.49,22.19,22:11,1331.49,22.19,22:11,57.0,57.0,57.58,92.47,39.0,39.0,39.39,63.27,34.0,34.0,34.34,55.16,16.0,16.0,16.16,25.96,13.0,13.0,13.13,21.09,6.0,6.0,6.06,9.73,21.0,21.0,21.21,34.07,10.0,10.0,10.1,16.22,16.0,16.0,16.16,25.96,13.0,13.0,13.13,21.09,7.0,7.0,7.07,11.36,11.0,11.0,11.11,17.84,5.0,5.0,5.05,8.11,20.0,20.0,20.2,32.44,7.0,7.0,7.07,11.36,14.0,14.0,14.14,22.71,5.0,5.0,5.05,8.11,0.0,0.0,0.0,0.0,8.0,8.0,8.08,12.98,6.0,6.0,6.06,9.73,57.58,39.39,18.18,107.07,18.0,18.0,18.18,22.19,22.19,0.62,0.69,0.46,0.48,0.81,0.15,0.88,0.26,0.69,0.42,5.05,0.0,0.08,6.06,0.47
14038,飛米,新北國王,2,10874|14038,熊祥泰/飛米,1,61,71.0,963.86,16.06,16:04,963.86,16.06,16:04,41.0,41.0,57.75,91.88,32.0,32.0,45.07,71.71,26.0,26.0,36.62,58.27,13.0,13.0,18.31,29.13,10.0,10.0,14.08,22.41,5.0,5.0,7.04,11.2,16.0,16.0,22.54,35.86,8.0,8.0,11.27,17.93,8.0,8.0,11.27,17.93,5.0,5.0,7.04,11.2,5.0,5.0,7.04,11.2,8.0,8.0,11.27,17.93,4.0,4.0,5.63,8.96,14.0,14.0,19.72,31.37,5.0,5.0,7.04,11.2,12.0,12.0,16.9,26.89,3.0,3.0,4.23,6.72,0.0,0.0,0.0,0.0,4.0,4.0,5.63,8.96,9.0,9.0,12.68,20.17,57.75,45.07,12.68,106.07,9.0,9.0,12.68,16.06,16.06,0.65,0.69,0.5,0.5,0.62,0.14,0.92,0.26,0.67,0.42,4.23,0.0,0.06,12.68,0.31
14038,飛米,新北國王,3,29|32|14038,林書緯/奧帝/飛米,1,50,58.0,724.6,12.08,12:05,724.6,12.08,12:05,35.0,35.0,60.34,104.33,24.0,24.0,41.38,71.54,18.0,18.0,31.03,53.66,9.0,9.0,15.52,26.83,5.0,5.0,8.62,14.9,2.0,2.0,3.45,5.96,13.0,13.0,22.41,38.75,7.0,7.0,12.07,20.87,10.0,10.0,17.24,29.81,8.0,8.0,13.79,23.85,3.0,3.0,5.17,8.94,6.0,6.0,10.34,17.89,4.0,4.0,6.9,11.92,12.0,12.0,20.69,35.77,5.0,5.0,8.62,14.9,9.0,9.0,15.52,26.83,3.0,3.0,5.17,8.94,0.0,0.0,0.0,0.0,5.0,5.0,8.62,14.9,6.0,6.0,10.34,17.89,60.34,41.38,18.97,115.26,11.0,11.0,18.97,12.08,12.08,0.69,0.78,0.4,0.54,0.8,0.18,1.0,0.2,0.6,0.36,5.17,0.0,0.09,10.34,0.56
14038,飛米,新北國王,3,29|10872|14038,林書緯/林彥廷/飛米,1,72,83.0,1112.63,18.54,18:33,1112.63,18.54,18:33,44.0,44.0,53.01,85.42,32.0,32.0,38.55,62.12,26.0,26.0,31.33,50.48,11.0,11.0,13.25,21.35,8.0,8.0,9.64,15.53,3.0,3.0,3.61,5.82,18.0,18.0,21.69,34.94,8.0,8.0,9.64,15.53,14.0,14.0,16.87,27.18,12.0,12.0,14.46,23.3,4.0,4.0,4.82,7.77,11.0,11.0,13.25,21.35,5.0,5.0,6.02,9.71,18.0,18.0,21.69,34.94,7.0,7.0,8.43,13.59,10.0,10.0,12.05,19.41,5.0,5.0,6.02,9.71,0.0,0.0,0.0,0.0,5.0,5.0,6.02,9.71,6.0,6.0,7.23,11.65,53.01,38.55,14.46,107.42,12.0,12.0,14.46,18.54,18.54,0.58,0.68,0.38,0.44,0.86,0.18,0.91,0.18,0.69,0.39,6.02,0.0,0.06,7.23,0.54
14038,飛米,新北國王,3,29|10874|14038,林書緯/熊祥泰/飛米,1,52,61.0,804.0,13.4,13:24,804.0,13.4,13:24,30.0,30.0,49.18,80.6,28.0,28.0,45.9,75.22,21.0,21.0,34.43,56.42,9.0,9.0,14.75,24.18,7.0,7.0,11.48,18.81,3.0,3.0,4.92,8.06,14.0,14.0,22.95,37.61,6.0,6.0,9.84,16.12,6.0,6.0,9.84,16.12,4.0,4.0,6.56,10.75,4.0,4.0,6.56,10.75,8.0,8.0,13.11,21.49,4.0,4.0,6.56,10.75,12.0,12.0,19.67,32.24,5.0,5.0,8.2,13.43,8.0,8.0,13.11,21.49,3.0,3.0,4.92,8.06,0.0,0.0,0.0,0.0,3.0,3.0,4.92,8.06,9.0,9.0,14.75,24.18,49.18,45.9,3.28,109.25,2.0,2.0,3.28,13.4,13.4,0.57,0.63,0.43,0.43,0.67,0.17,0.89,0.25,0.67,0.43,4.92,0.0,0.05,14.75,0.29
14038,飛米,新北國王,3,32|10872|14038,奧帝/林彥廷/飛米,1,56,65.0,830.68,13.84,13:51,830.68,13.84,13:51,44.0,44.0,67.69,114.41,24.0,24.0,36.92,62.41,22.0,22.0,33.85,57.21,12.0,12.0,18.46,31.2,7.0,7.0,10.77,18.2,3.0,3.0,4.62,7.8,15.0,15.0,23.08,39.0,9.0,9.0,13.85,23.4,12.0,12.0,18.46,31.2,9.0,9.0,13.85,23.4,4.0,4.0,6.15,10.4,6.0,6.0,9.23,15.6,4.0,4.0,6.15,10.4,14.0,14.0,21.54,36.4,4.0,4.0,6.15,10.4,12.0,12.0,18.46,31.2,3.0,3.0,4.62,7.8,0.0,0.0,0.0,0.0,6.0,6.0,9.23,15.6,4.0,4.0,6.15,10.4,67.69,36.92,30.77,112.68,20.0,20.0,30.77,13.84,13.84,0.75,0.81,0.43,0.6,0.75,0.13,1.0,0.22,0.6,0.36,4.62,0.0,0.09,6.15,0.55
14038,飛米,新北國王,3,32|10874|14038,奧帝/熊祥泰/飛米,1,50,58.0,761.25,12.69,12:41,761.25,12.69,12:41,39.0,39.0,67.24,110.66,25.0,25.0,43.1,70.94,21.0,21.0,36.21,59.59,12.0,12.0,20.69,34.05,8.0,8.0,13.79,22.7,4.0,4.0,6.9,11.35,13.0,13.0,22.41,36.89,8.0,8.0,13.79,22.7,8.0,8.0,13.79,22.7,5.0,5.0,8.62,14.19,4.0,4.0,6.9,11.35,5.0,5.0,8.62,14.19,3.0,3.0,5.17,8.51,12.0,12.0,20.69,34.05,4.0,4.0,6.9,11.35,12.0,12.0,20.69,34.05,3.0,3.0,5.17,8.51,0.0,0.0,0.0,0.0,4.0,4.0,6.9,11.35,6.0,6.0,10.34,17.02,67.24,43.1,24.14,109.71,14.0,14.0,24.14,12.69,12.69,0.76,0.8,0.5,0.62,0.62,0.14,1.0,0.25,0.62,0.38,5.17,0.0,0.07,10.34,0.38
14038,飛米,新北國王,3,10872|10874|14038,林彥廷/熊祥泰/飛米,1,56,66.0,902.31,15.04,15:02,902.31,15.04,15:02,39.0,39.0,59.09,93.36,26.0,26.0,39.39,62.24,25.0,25.0,37.88,59.85,12.0,12.0,18.18,28.73,9.0,9.0,13.64,21.54,4.0,4.0,6.06,9.58,16.0,16.0,24.24,38.3,8.0,8.0,12.12,19.15,8.0,8.0,12.12,19.15,5.0,5.0,7.58,11.97,5.0,5.0,7.58,11.97,8.0,8.0,12.12,19.15,4.0,4.0,6.06,9.58,14.0,14.0,21.21,33.51,4.0,4.0,6.06,9.58,11.0,11.0,16.67,26.33,3.0,3.0,4.55,7.18,0.0,0.0,0.0,0.0,4.0,4.0,6.06,9.58,5.0,5.0,7.58,11.97,59.09,39.39,19.7,105.33,13.0,13.0,19.7,15.04,15.04,0.64,0.68,0.44,0.5,0.62,0.12,0.92,0.26,0.67,0.42,4.55,0.0,0.06,7.58,0.32
14038,飛米,新北國王,4,29|32|10872|14038,林書緯/奧帝/林彥廷/飛米,1,46,54.0,663.82,11.06,11:04,663.82,11.06,11:04,33.0,33.0,61.11,107.38,20.0,20.0,37.04,65.08,17.0,17.0,31.48,55.32,8.0,8.0,14.81,26.03,4.0,4.0,7.41,13.02,1.0,1.0,1.85,3.25,13.0,13.0,24.07,42.3,7.0,7.0,12.96,22.78,10.0,10.0,18.52,32.54,8.0,8.0,14.81,26.03,3.0,3.0,5.56,9.76,6.0,6.0,11.11,19.52,4.0,4.0,7.41,13.02,12.0,12.0,22.22,39.05,4.0,4.0,7.41,13.02,8.0,8.0,14.81,26.03,3.0,3.0,5.56,9.76,0.0,0.0,0.0,0.0,5.0,5.0,9.26,16.27,4.0,4.0,7.41,13.02,61.11,37.04,24.07,117.14,13.0,13.0,24.07,11.06,11.06,0.68,0.77,0.25,0.54,0.8,0.16,1.0,0.2,0.6,0.36,5.56,0.0,0.09,7.41,0.59
14038,飛米,新北國王,4,29|32|10874|14038,林書緯/奧帝/熊祥泰/飛米,1,41,48.0,601.39,10.02,10:01,601.39,10.02,10:01,28.0,28.0,58.33,100.57,21.0,21.0,43.75,75.43,16.0,16.0,33.33,57.47,8.0,8.0,16.67,28.73,5.0,5.0,10.42,17.96,2.0,2.0,4.17,7.18,11.0,11.0,22.92,39.51,6.0,6.0,12.5,21.55,6.0,6.0,12.5,21.55,4.0,4.0,8.33,14.37,3.0,3.0,6.25,10.78,5.0,5.0,10.42,17.96,3.0,3.0,6.25,10.78,10.0,10.0,20.83,35.92,4.0,4.0,8.33,14.37,8.0,8.0,16.67,28.73,3.0,3.0,6.25,10.78,0.0,0.0,0.0,0.0,3.0,3.0,6.25,10.78,6.0,6.0,12.5,21.55,58.33,43.75,14.58,114.93,7.0,7.0,14.58,10.02,10.02,0.69,0.75,0.4,0.55,0.67,0.18,1.0,0.23,0.62,0.38,6.25,0.0,0.06,12.5,0.38
14038,飛米,新北國王,4,29|10872|10874|14038,林書緯/林彥廷/熊祥泰/飛米,1,47,56.0,742.45,12.37,12:22,742.45,12.37,12:22,28.0,28.0,50.0,81.46,22.0,22.0,39.29,64.0,20.0,20.0,35.71,58.19,8.0,8.0,14.29,23.27,6.0,6.0,10.71,17.46,2.0,2.0,3.57,5.82,14.0,14.0,25.0,40.73,6.0,6.0,10.71,17.46,6.0,6.0,10.71,17.46,4.0,4.0,7.14,11.64,4.0,4.0,7.14,11.64,8.0,8.0,14.29,23.27,4.0,4.0,7.14,11.64,12.0,12.0,21.43,34.91,4.0,4.0,7.14,11.64,7.0,7.0,12.5,20.37,3.0,3.0,5.36,8.73,0.0,0.0,0.0,0.0,3.0,3.0,5.36,8.73,5.0,5.0,8.93,14.55,50.0,39.29,10.71,108.61,6.0,6.0,10.71,12.37,12.37,0.55,0.62,0.33,0.43,0.67,0.15,0.88,0.25,0.67,0.43,5.36,0.0,0.05,8.93,0.3
14038,飛米,新北國王,4,32|10872|10874|14038,奧帝/林彥廷/熊祥泰/飛米,1,46,54.0,700.48,11.67,11:40,700.48,11.67,11:40,37.0,37.0,68.52,114.09,21.0,21.0,38.89,64.76,20.0,20.0,37.04,61.67,11.0,11.0,20.37,33.92,7.0,7.0,12.96,21.59,3.0,3.0,5.56,9.25,13.0,13.0,24.07,40.09,8.0,8.0,14.81,24.67,8.0,8.0,14.81,24.67,5.0,5.0,9.26,15.42,4.0,4.0,7.41,12.33,5.0,5.0,9.26,15.42,3.0,3.0,5.56,9.25,12.0,12.0,22.22,37.0,3.0,3.0,5.56,9.25,11.0,11.0,20.37,33.92,3.0,3.0,5.56,9.25,0.0,0.0,0.0,0.0,4.0,4.0,7.41,12.33,4.0,4.0,7.41,12.33,68.52,38.89,29.63,111.01,16.0,16.0,29.63,11.67,11.67,0.75,0.79,0.43,0.62,0.62,0.11,1.0,0.25,0.62,0.38,5.56,0.0,0.07,7.41,0.4
14038,飛米,新北國王,5,29|32|10872|10874|14038,林書緯/奧帝/林彥廷/熊祥泰/飛米,1,37,44.0,540.61,9.01,09:01,540.61,9.01,09:01,26.0,26.0,59.09,103.88,17.0,17.0,38.64,67.92,15.0,15.0,34.09,59.93,7.0,7.0,15.91,27.97,4.0,4.0,9.09,15.98,1.0,1.0,2.27,4.0,11.0,11.0,25.0,43.95,6.0,6.0,13.64,23.97,6.0,6.0,13.64,23.97,4.0,4.0,9.09,15.98,3.0,3.0,6.82,11.99,5.0,5.0,11.36,19.98,3.0,3.0,6.82,11.99,10.0,10.0,22.73,39.95,3.0,3.0,6.82,11.99,7.0,7.0,15.91,27.97,3.0,3.0,6.82,11.99,0.0,0.0,0.0,0.0,3.0,3.0,6.82,11.99,4.0,4.0,9.09,15.98,59.09,38.64,20.45,117.2,9.0,9.0,20.45,9.01,9.01,0.67,0.74,0.25,0.55,0.67,0.15,1.0,0.23,0.62,0.38,6.82,0.0,0.07,9.09,0.4
43,林韋翰,新北中信特攻,2,43|113,林韋翰/林任鴻,1,11,11.0,193.69,3.23,03:14,193.69,3.23,03:14,2.0,2.0,18.18,22.3,7.0,7.0,63.64,78.06,4.0,4.0,36.36,44.61,2.0,2.0,18.18,22.3,2.0,2.0,18.18,22.3,2.0,2.0,18.18,22.3,2.0,2.0,18.18,22.3,0.0,0.0,0.0,0.0,0.0,0.0,0.0,0.0,0.0,0.0,0.0,0.0,0.0,0.0,0.0,0.0,2.0,2.0,18.18,22.3,0.0,0.0,0.0,0.0,3.0,3.0,27.27,33.46,2.0,2.0,18.18,22.3,0.0,0.0,0.0,0.0,0.0,0.0,0.0,0.0,0.0,0.0,0.0,0.0,2.0,2.0,18.18,22.3,5.0,5.0,45.45,55.76,18.18,63.64,-45.45,81.78,-5.0,-5.0,-45.45,3.23,3.23,0.5,0.25,1.0,0.0,,0.33,0.0,0.0,1.0,0.4,0.0,0.0,0.18,45.45,0.0
43,林韋翰,新北中信特攻,3,43|113|8889,林韋翰/林任鴻/馬可,1,5,5.0,111.98,1.87,01:52,111.98,1.87,01:52,0.0,0.0,0.0,0.0,3.0,3.0,60.0,57.86,1.0,1.0,20.0,19.29,1.0,1.0,20.0,19.29,1.0,1.0,20.0,19.29,1.0,1.0,20.0,19.29,0.0,0.0,0.0,0.0,0.0,0.0,0.0,0.0,0.0,0.0,0.0,0.0,0.0,0.0,0.0,0.0,0.0,0.0,0.0,0.0,0.0,0.0,0.0,0.0,0.0,0.0,0.0,0.0,2.0,2.0,40.0,38.58,2.0,2.0,40.0,38.58,0.0,0.0,0.0,0.0,0.0,0.0,0.0,0.0,0.0,0.0,0.0,0.0,1.0,1.0,20.0,19.29,3.0,3.0,60.0,57.86,0.0,60.0,-60.0,64.29,-3.0,-3.0,-60.0,1.87,1.87,1.0,0.0,1.0,,,0.67,0.0,0.0,,0.0,0.0,0.0,0.2,60.0,0.0
43,林韋翰,新北中信特攻,3,43|113|10879,林韋翰/林任鴻/簡廷兆,1,5,5.0,91.0,1.52,01:31,91.0,1.52,01:31,0.0,0.0,0.0,0.0,3.0,3.0,60.0,71.21,0.0,0.0,0.0,0.0,0.0,0.0,0.0,0.0,0.0,0.0,0.0,0.0,0.0,0.0,0.0,0.0,0.0,0.0,0.0,0.0,0.0,0.0,0.0,0.0,0.0,0.0,0.0,0.0,0.0,0.0,0.0,0.0,0.0,0.0,0.0,0.0,0.0,0.0,0.0,0.0,0.0,0.0,0.0,0.0,2.0,2.0,40.0,47.47,2.0,2.0,40.0,47.47,0.0,0.0,0.0,0.0,0.0,0.0,0.0,0.0,0.0,0.0,0.0,0.0,1.0,1.0,20.0,23.74,3.0,3.0,60.0,71.21,0.0,60.0,-60.0,79.12,-3.0,-3.0,-60.0,1.52,1.52,,,,,,1.0,,0.0,,0.0,0.0,0.0,0.2,60.0,
43,林韋翰,新北中信特攻,3,43|113|10880,林韋翰/林任鴻/內馬,1,5,5.0,111.98,1.87,01:52,111.98,1.87,01:52,0.0,0.0,0.0,0.0,3.0,3.0,60.0,57.86,1.0,1.0,20.0,19.29,1.0,1.0,20.0,19.29,1.0,1.0,20.0,19.29,1.0,1.0,20.0,19.29,0.0,0.0,0.0,0.0,0.0,0.0,0.0,0.0,0.0,0.0,0.0,0.0,0.0,0.0,0.0,0.0,0.0,0.0,0.0,0.0,0.0,0.0,0.0,0.0,0.0,0.0,0.0,0.0,2.0,2.0,40.0,38.58,2.0,2.0,40.0,38.58,0.0,0.0,0.0,0.0,0.0,0.0,0.0,0.0,0.0,0.0,0.0,0.0,1.0,1.0,20.0,19.29,3.0,3.0,60.0,57.86,0.0,60.0,-60.0,64.29,-3.0,-3.0,-60.0,1.87,1.87,1.0,0.0,1.0,,,0.67,0.0,0.0,,0.0,0.0,0.0,0.2,60.0,0.0
43,林韋翰,新北中信特攻,3,43|8889|10879,林韋翰/馬可/簡廷兆,1,5,5.0,99.65,1.66,01:40,99.65,1.66,01:40,0.0,0.0,0.0,0.0,3.0,3.0,60.0,65.03,0.0,0.0,0.0,0.0,0.0,0.0,0.0,0.0,0.0,0.0,0.0,0.0,0.0,0.0,0.0,0.0,0.0,0.0,0.0,0.0,0.0,0.0,0.0,0.0,0.0,0.0,0.0,0.0,0.0,0.0,0.0,0.0,0.0,0.0,0.0,0.0,0.0,0.0,0.0,0.0,0.0,0.0,0.0,0.0,2.0,2.0,40.0,43.35,2.0,2.0,40.0,43.35,0.0,0.0,0.0,0.0,0.0,0.0,0.0,0.0,0.0,0.0,0.0,0.0,2.0,2.0,40.0,43.35,3.0,3.0,60.0,65.03,0.0,60.0,-60.0,72.25,-3.0,-3.0,-60.0,1.66,1.66,,,,,,1.0,,0.0,,0.0,0.0,0.0,0.4,60.0,
43,林韋翰,新北中信特攻,3,43|8889|10880,林韋翰/馬可/內馬,1,20,23.0,320.84,5.35,05:21,320.84,5.35,05:21,7.0,7.0,30.43,47.13,15.0,15.0,65.22,100.98,5.0,5.0,21.74,33.66,3.0,3.0,13.04,20.2,3.0,3.0,13.04,20.2,2.0,2.0,8.7,13.46,2.0,2.0,8.7,13.46,1.0,1.0,4.35,6.73,2.0,2.0,8.7,13.46,2.0,2.0,8.7,13.46,0.0,0.0,0.0,0.0,1.0,1.0,4.35,6.73,2.0,2.0,8.7,13.46,4.0,4.0,17.39,26.93,4.0,4.0,17.39,26.93,1.0,1.0,4.35,6.73,0.0,0.0,0.0,0.0,0.0,0.0,0.0,0.0,6.0,6.0,26.09,40.39,6.0,6.0,26.09,40.39,30.43,65.22,-34.78,103.23,-8.0,-8.0,-34.78,5.35,5.35,0.7,0.6,0.67,0.5,1.0,0.4,0.33,0.0,0.33,0.14,0.0,0.0,0.26,26.09,0.4
43,林韋翰,新北中信特攻,4,43|113|8889|10879,林韋翰/林任鴻/馬可/簡廷兆,1,5,5.0,91.0,1.52,01:31,91.0,1.52,01:31,0.0,0.0,0.0,0.0,3.0,3.0,60.0,71.21,0.0,0.0,0.0,0.0,0.0,0.0,0.0,0.0,0.0,0.0,0.0,0.0,0.0,0.0,0.0,0.0,0.0,0.0,0.0,0.0,0.0,0.0,0.0,0.0,0.0,0.0,0.0,0.0,0.0,0.0,0.0,0.0,0.0,0.0,0.0,0.0,0.0,0.0,0.0,0.0,0.0,0.0,0.0,0.0,2.0,2.0,40.0,47.47,2.0,2.0,40.0,47.47,0.0,0.0,0.0,0.0,0.0,0.0,0.0,0.0,0.0,0.0,0.0,0.0,1.0,1.0,20.0,23.74,3.0,3.0,60.0,71.21,0.0,60.0,-60.0,79.12,-3.0,-3.0,-60.0,1.52,1.52,,,,,,1.0,,0.0,,0.0,0.0,0.0,0.2,60.0,
43,林韋翰,新北中信特攻,4,43|113|8889|10880,林韋翰/林任鴻/馬可/內馬,1,5,5.0,111.98,1.87,01:52,111.98,1.87,01:52,0.0,0.0,0.0,0.0,3.0,3.0,60.0,57.86,1.0,1.0,20.0,19.29,1.0,1.0,20.0,19.29,1.0,1.0,20.0,19.29,1.0,1.0,20.0,19.29,0.0,0.0,0.0,0.0,0.0,0.0,0.0,0.0,0.0,0.0,0.0,0.0,0.0,0.0,0.0,0.0,0.0,0.0,0.0,0.0,0.0,0.0,0.0,0.0,0.0,0.0,0.0,0.0,2.0,2.0,40.0,38.58,2.0,2.0,40.0,38.58,0.0,0.0,0.0,0.0,0.0,0.0,0.0,0.0,0.0,0.0,0.0,0.0,1.0,1.0,20.0,19.29,3.0,3.0,60.0,57.86,0.0,60.0,-60.0,64.29,-3.0,-3.0,-60.0,1.87,1.87,1.0,0.0,1.0,,,0.67,0.0,0.0,,0.0,0.0,0.0,0.2,60.0,0.0
43,林韋翰,新北中信特攻,4,43|113|10879|10880,林韋翰/林任鴻/簡廷兆/內馬,1,5,5.0,91.0,1.52,01:31,91.0,1.52,01:31,0.0,0.0,0.0,0.0,3.0,3.0,60.0,71.21,0.0,0.0,0.0,0.0,0.0,0.0,0.0,0.0,0.0,0.0,0.0,0.0,0.0,0.0,0.0,0.0,0.0,0.0,0.0,0.0,0.0,0.0,0.0,0.0,0.0,0.0,0.0,0.0,0.0,0.0,0.0,0.0,0.0,0.0,0.0,0.0,0.0,0.0,0.0,0.0,0.0,0.0,0.0,0.0,2.0,2.0,40.0,47.47,2.0,2.0,40.0,47.47,0.0,0.0,0.0,0.0,0.0,0.0,0.0,0.0,0.0,0.0,0.0,0.0,1.0,1.0,20.0,23.74,3.0,3.0,60.0,71.21,0.0,60.0,-60.0,79.12,-3.0,-3.0,-60.0,1.52,1.52,,,,,,1.0,,0.0,,0.0,0.0,0.0,0.2,60.0,
43,林韋翰,新北中信特攻,4,43|8889|10879|10880,林韋翰/馬可/簡廷兆/內馬,1,5,5.0,99.65,1.66,01:40,99.65,1.66,01:40,0.0,0.0,0.0,0.0,3.0,3.0,60.0,65.03,0.0,0.0,0.0,0.0,0.0,0.0,0.0,0.0,0.0,0.0,0.0,0.0,0.0,0.0,0.0,0.0,0.0,0.0,0.0,0.0,0.0,0.0,0.0,0.0,0.0,0.0,0.0,0.0,0.0,0.0,0.0,0.0,0.0,0.0,0.0,0.0,0.0,0.0,0.0,0.0,0.0,0.0,0.0,0.0,2.0,2.0,40.0,43.35,2.0,2.0,40.0,43.35,0.0,0.0,0.0,0.0,0.0,0.0,0.0,0.0,0.0,0.0,0.0,0.0,2.0,2.0,40.0,43.35,3.0,3.0,60.0,65.03,0.0,60.0,-60.0,72.25,-3.0,-3.0,-60.0,1.66,1.66,,,,,,1.0,,0.0,,0.0,0.0,0.0,0.4,60.0,
43,林韋翰,新北中信特攻,5,43|113|8889|10879|10880,林韋翰/林任鴻/馬可/簡廷兆/內馬,1,5,5.0,91.0,1.52,01:31,91.0,1.52,01:31,0.0,0.0,0.0,0.0,3.0,3.0,60.0,71.21,0.0,0.0,0.0,0.0,0.0,0.0,0.0,0.0,0.0,0.0,0.0,0.0,0.0,0.0,0.0,0.0,0.0,0.0,0.0,0.0,0.0,0.0,0.0,0.0,0.0,0.0,0.0,0.0,0.0,0.0,0.0,0.0,0.0,0.0,0.0,0.0,0.0,0.0,0.0,0.0,0.0,0.0,0.0,0.0,2.0,2.0,40.0,47.47,2.0,2.0,40.0,47.47,0.0,0.0,0.0,0.0,0.0,0.0,0.0,0.0,0.0,0.0,0.0,0.0,1.0,1.0,20.0,23.74,3.0,3.0,60.0,71.21,0.0,60.0,-60.0,79.12,-3.0,-3.0,-60.0,1.52,1.52,,,,,,1.0,,0.0,,0.0,0.0,0.0,0.2,60.0,
113,林任鴻,新北中信特攻,2,43|113,林韋翰/林任鴻,1,11,11.0,193.69,3.23,03:14,193.69,3.23,03:14,2.0,2.0,18.18,22.3,7.0,7.0,63.64,78.06,4.0,4.0,36.36,44.61,2.0,2.0,18.18,22.3,2.0,2.0,18.18,22.3,2.0,2.0,18.18,22.3,2.0,2.0,18.18,22.3,0.0,0.0,0.0,0.0,0.0,0.0,0.0,0.0,0.0,0.0,0.0,0.0,0.0,0.0,0.0,0.0,2.0,2.0,18.18,22.3,0.0,0.0,0.0,0.0,3.0,3.0,27.27,33.46,2.0,2.0,18.18,22.3,0.0,0.0,0.0,0.0,0.0,0.0,0.0,0.0,0.0,0.0,0.0,0.0,2.0,2.0,18.18,22.3,5.0,5.0,45.45,55.76,18.18,63.64,-45.45,81.78,-5.0,-5.0,-45.45,3.23,3.23,0.5,0.25,1.0,0.0,,0.33,0.0,0.0,1.0,0.4,0.0,0.0,0.18,45.45,0.0
113,林任鴻,新北中信特攻,2,113|10879,林任鴻/簡廷兆,1,19,20.0,347.92,5.8,05:48,347.92,5.8,05:48,11.0,11.0,55.0,68.29,5.0,5.0,25.0,31.04,4.0,4.0,20.0,24.83,3.0,3.0,15.0,18.62,2.0,2.0,10.0,12.42,2.0,2.0,10.0,12.42,2.0,2.0,10.0,12.42,1.0,1.0,5.0,6.21,6.0,6.0,30.0,37.25,6.0,6.0,30.0,37.25,1.0,1.0,5.0,6.21,0.0,0.0,0.0,0.0,0.0,0.0,0.0,0.0,6.0,6.0,30.0,37.25,4.0,4.0,20.0,24.83,2.0,2.0,10.0,12.42,0.0,0.0,0.0,0.0,0.0,0.0,0.0,0.0,3.0,3.0,15.0,18.62,3.0,3.0,15.0,18.62,55.0,25.0,30.0,82.78,6.0,6.0,30.0,5.8,5.8,0.88,0.83,1.0,0.5,1.0,0.38,0.67,0.14,,0.14,0.0,0.0,0.15,15.0,1.5
113,林任鴻,新北中信特攻,2,113|10880,林任鴻/內馬,1,18,19.0,339.66,5.66,05:40,339.66,5.66,05:40,12.0,12.0,63.16,76.31,5.0,5.0,26.32,31.8,5.0,5.0,26.32,31.8,4.0,4.0,21.05,25.44,3.0,3.0,15.79,19.08,3.0,3.0,15.79,19.08,2.0,2.0,10.53,12.72,1.0,1.0,5.26,6.36,6.0,6.0,31.58,38.16,5.0,5.0,26.32,31.8,1.0,1.0,5.26,6.36,0.0,0.0,0.0,0.0,0.0,0.0,0.0,0.0,6.0,6.0,31.58,38.16,3.0,3.0,15.79,19.08,2.0,2.0,10.53,12.72,0.0,0.0,0.0,0.0,0.0,0.0,0.0,0.0,3.0,3.0,15.79,19.08,3.0,3.0,15.79,19.08,63.16,26.32,36.84,80.55,7.0,7.0,36.84,5.66,5.66,0.9,0.79,1.0,0.5,0.83,0.28,0.5,0.14,,0.14,0.0,0.0,0.16,15.79,1.2
113,林任鴻,新北中信特攻,3,43|113|8889,林韋翰/林任鴻/馬可,1,5,5.0,111.98,1.87,01:52,111.98,1.87,01:52,0.0,0.0,0.0,0.0,3.0,3.0,60.0,57.86,1.0,1.0,20.0,19.29,1.0,1.0,20.0,19.29,1.0,1.0,20.0,19.29,1.0,1.0,20.0,19.29,0.0,0.0,0.0,0.0,0.0,0.0,0.0,0.0,0.0,0.0,0.0,0.0,0.0,0.0,0.0,0.0,0.0,0.0,0.0,0.0,0.0,0.0,0.0,0.0,0.0,0.0,0.0,0.0,2.0,2.0,40.0,38.58,2.0,2.0,40.0,38.58,0.0,0.0,0.0,0.0,0.0,0.0,0.0,0.0,0.0,0.0,0.0,0.0,1.0,1.0,20.0,19.29,3.0,3.0,60.0,57.86,0.0,60.0,-60.0,64.29,-3.0,-3.0,-60.0,1.87,1.87,1.0,0.0,1.0,,,0.67,0.0,0.0,,0.0,0.0,0.0,0.2,60.0,0.0
113,林任鴻,新北中信特攻,3,43|113|10879,林韋翰/林任鴻/簡廷兆,1,5,5.0,91.0,1.52,01:31,91.0,1.52,01:31,0.0,0.0,0.0,0.0,3.0,3.0,60.0,71.21,0.0,0.0,0.0,0.0,0.0,0.0,0.0,0.0,0.0,0.0,0.0,0.0,0.0,0.0,0.0,0.0,0.0,0.0,0.0,0.0,0.0,0.0,0.0,0.0,0.0,0.0,0.0,0.0,0.0,0.0,0.0,0.0,0.0,0.0,0.0,0.0,0.0,0.0,0.0,0.0,0.0,0.0,0.0,0.0,2.0,2.0,40.0,47.47,2.0,2.0,40.0,47.47,0.0,0.0,0.0,0.0,0.0,0.0,0.0,0.0,0.0,0.0,0.0,0.0,1.0,1.0,20.0,23.74,3.0,3.0,60.0,71.21,0.0,60.0,-60.0,79.12,-3.0,-3.0,-60.0,1.52,1.52,,,,,,1.0,,0.0,,0.0,0.0,0.0,0.2,60.0,
113,林任鴻,新北中信特攻,3,43|113|10880,林韋翰/林任鴻/內馬,1,5,5.0,111.98,1.87,01:52,111.98,1.87,01:52,0.0,0.0,0.0,0.0,3.0,3.0,60.0,57.86,1.0,1.0,20.0,19.29,1.0,1.0,20.0,19.29,1.0,1.0,20.0,19.29,1.0,1.0,20.0,19.29,0.0,0.0,0.0,0.0,0.0,0.0,0.0,0.0,0.0,0.0,0.0,0.0,0.0,0.0,0.0,0.0,0.0,0.0,0.0,0.0,0.0,0.0,0.0,0.0,0.0,0.0,0.0,0.0,2.0,2.0,40.0,38.58,2.0,2.0,40.0,38.58,0.0,0.0,0.0,0.0,0.0,0.0,0.0,0.0,0.0,0.0,0.0,0.0,1.0,1.0,20.0,19.29,3.0,3.0,60.0,57.86,0.0,60.0,-60.0,64.29,-3.0,-3.0,-60.0,1.87,1.87,1.0,0.0,1.0,,,0.67,0.0,0.0,,0.0,0.0,0.0,0.2,60.0,0.0
113,林任鴻,新北中信特攻,3,113|8889|10879,林任鴻/馬可/簡廷兆,1,5,5.0,91.0,1.52,01:31,91.0,1.52,01:31,0.0,0.0,0.0,0.0,3.0,3.0,60.0,71.21,0.0,0.0,0.0,0.0,0.0,0.0,0.0,0.0,0.0,0.0,0.0,0.0,0.0,0.0,0.0,0.0,0.0,0.0,0.0,0.0,0.0,0.0,0.0,0.0,0.0,0.0,0.0,0.0,0.0,0.0,0.0,0.0,0.0,0.0,0.0,0.0,0.0,0.0,0.0,0.0,0.0,0.0,0.0,0.0,2.0,2.0,40.0,47.47,2.0,2.0,40.0,47.47,0.0,0.0,0.0,0.0,0.0,0.0,0.0,0.0,0.0,0.0,0.0,0.0,1.0,1.0,20.0,23.74,3.0,3.0,60.0,71.21,0.0,60.0,-60.0,79.12,-3.0,-3.0,-60.0,1.52,1.52,,,,,,1.0,,0.0,,0.0,0.0,0.0,0.2,60.0,
113,林任鴻,新北中信特攻,3,113|8889|10880,林任鴻/馬可/內馬,1,6,6.0,129.88,2.16,02:10,129.88,2.16,02:10,1.0,1.0,16.67,16.63,3.0,3.0,50.0,49.89,1.0,1.0,16.67,16.63,1.0,1.0,16.67,16.63,1.0,1.0,16.67,16.63,1.0,1.0,16.67,16.63,0.0,0.0,0.0,0.0,0.0,0.0,0.0,0.0,2.0,2.0,33.33,33.26,1.0,1.0,16.67,16.63,0.0,0.0,0.0,0.0,0.0,0.0,0.0,0.0,0.0,0.0,0.0,0.0,2.0,2.0,33.33,33.26,2.0,2.0,33.33,33.26,0.0,0.0,0.0,0.0,0.0,0.0,0.0,0.0,0.0,0.0,0.0,0.0,1.0,1.0,16.67,16.63,3.0,3.0,50.0,49.89,16.67,50.0,-33.33,66.52,-2.0,-2.0,-33.33,2.16,2.16,1.0,0.27,1.0,,0.5,0.52,0.0,0.0,,0.0,0.0,0.0,0.17,50.0,2.0
113,林任鴻,新北中信特攻,3,113|10879|10880,林任鴻/簡廷兆/內馬,1,17,18.0,300.77,5.01,05:01,300.77,5.01,05:01,11.0,11.0,61.11,79.0,5.0,5.0,27.78,35.91,4.0,4.0,22.22,28.73,3.0,3.0,16.67,21.54,2.0,2.0,11.11,14.36,2.0,2.0,11.11,14.36,2.0,2.0,11.11,14.36,1.0,1.0,5.56,7.18,4.0,4.0,22.22,28.73,4.0,4.0,22.22,28.73,1.0,1.0,5.56,7.18,0.0,0.0,0.0,0.0,0.0,0.0,0.0,0.0,6.0,6.0,33.33,43.09,3.0,3.0,16.67,21.54,2.0,2.0,11.11,14.36,0.0,0.0,0.0,0.0,0.0,0.0,0.0,0.0,3.0,3.0,16.67,21.54,3.0,3.0,16.67,21.54,61.11,27.78,33.33,86.18,6.0,6.0,33.33,5.01,5.01,0.88,0.95,1.0,0.5,1.0,0.34,0.67,0.14,,0.14,0.0,0.0,0.17,16.67,1.0
113,林任鴻,新北中信特攻,4,43|113|8889|10879,林韋翰/林任鴻/馬可/簡廷兆,1,5,5.0,91.0,1.52,01:31,91.0,1.52,01:31,0.0,0.0,0.0,0.0,3.0,3.0,60.0,71.21,0.0,0.0,0.0,0.0,0.0,0.0,0.0,0.0,0.0,0.0,0.0,0.0,0.0,0.0,0.0,0.0,0.0,0.0,0.0,0.0,0.0,0.0,0.0,0.0,0.0,0.0,0.0,0.0,0.0,0.0,0.0,0.0,0.0,0.0,0.0,0.0,0.0,0.0,0.0,0.0,0.0,0.0,0.0,0.0,2.0,2.0,40.0,47.47,2.0,2.0,40.0,47.47,0.0,0.0,0.0,0.0,0.0,0.0,0.0,0.0,0.0,0.0,0.0,0.0,1.0,1.0,20.0,23.74,3.0,3.0,60.0,71.21,0.0,60.0,-60.0,79.12,-3.0,-3.0,-60.0,1.52,1.52,,,,,,1.0,,0.0,,0.0,0.0,0.0,0.2,60.0,
113,林任鴻,新北中信特攻,4,43|113|8889|10880,林韋翰/林任鴻/馬可/內馬,1,5,5.0,111.98,1.87,01:52,111.98,1.87,01:52,0.0,0.0,0.0,0.0,3.0,3.0,60.0,57.86,1.0,1.0,20.0,19.29,1.0,1.0,20.0,19.29,1.0,1.0,20.0,19.29,1.0,1.0,20.0,19.29,0.0,0.0,0.0,0.0,0.0,0.0,0.0,0.0,0.0,0.0,0.0,0.0,0.0,0.0,0.0,0.0,0.0,0.0,0.0,0.0,0.0,0.0,0.0,0.0,0.0,0.0,0.0,0.0,2.0,2.0,40.0,38.58,2.0,2.0,40.0,38.58,0.0,0.0,0.0,0.0,0.0,0.0,0.0,0.0,0.0,0.0,0.0,0.0,1.0,1.0,20.0,19.29,3.0,3.0,60.0,57.86,0.0,60.0,-60.0,64.29,-3.0,-3.0,-60.0,1.87,1.87,1.0,0.0,1.0,,,0.67,0.0,0.0,,0.0,0.0,0.0,0.2,60.0,0.0
113,林任鴻,新北中信特攻,4,43|113|10879|10880,林韋翰/林任鴻/簡廷兆/內馬,1,5,5.0,91.0,1.52,01:31,91.0,1.52,01:31,0.0,0.0,0.0,0.0,3.0,3.0,60.0,71.21,0.0,0.0,0.0,0.0,0.0,0.0,0.0,0.0,0.0,0.0,0.0,0.0,0.0,0.0,0.0,0.0,0.0,0.0,0.0,0.0,0.0,0.0,0.0,0.0,0.0,0.0,0.0,0.0,0.0,0.0,0.0,0.0,0.0,0.0,0.0,0.0,0.0,0.0,0.0,0.0,0.0,0.0,0.0,0.0,2.0,2.0,40.0,47.47,2.0,2.0,40.0,47.47,0.0,0.0,0.0,0.0,0.0,0.0,0.0,0.0,0.0,0.0,0.0,0.0,1.0,1.0,20.0,23.74,3.0,3.0,60.0,71.21,0.0,60.0,-60.0,79.12,-3.0,-3.0,-60.0,1.52,1.52,,,,,,1.0,,0.0,,0.0,0.0,0.0,0.2,60.0,
113,林任鴻,新北中信特攻,4,113|8889|10879|10880,林任鴻/馬可/簡廷兆/內馬,1,5,5.0,91.0,1.52,01:31,91.0,1.52,01:31,0.0,0.0,0.0,0.0,3.0,3.0,60.0,71.21,0.0,0.0,0.0,0.0,0.0,0.0,0.0,0.0,0.0,0.0,0.0,0.0,0.0,0.0,0.0,0.0,0.0,0.0,0.0,0.0,0.0,0.0,0.0,0.0,0.0,0.0,0.0,0.0,0.0,0.0,0.0,0.0,0.0,0.0,0.0,0.0,0.0,0.0,0.0,0.0,0.0,0.0,0.0,0.0,2.0,2.0,40.0,47.47,2.0,2.0,40.0,47.47,0.0,0.0,0.0,0.0,0.0,0.0,0.0,0.0,0.0,0.0,0.0,0.0,1.0,1.0,20.0,23.74,3.0,3.0,60.0,71.21,0.0,60.0,-60.0,79.12,-3.0,-3.0,-60.0,1.52,1.52,,,,,,1.0,,0.0,,0.0,0.0,0.0,0.2,60.0,
113,林任鴻,新北中信特攻,5,43|113|8889|10879|10880,林韋翰/林任鴻/馬可/簡廷兆/內馬,1,5,5.0,91.0,1.52,01:31,91.0,1.52,01:31,0.0,0.0,0.0,0.0,3.0,3.0,60.0,71.21,0.0,0.0,0.0,0.0,0.0,0.0,0.0,0.0,0.0,0.0,0.0,0.0,0.0,0.0,0.0,0.0,0.0,0.0,0.0,0.0,0.0,0.0,0.0,0.0,0.0,0.0,0.0,0.0,0.0,0.0,0.0,0.0,0.0,0.0,0.0,0.0,0.0,0.0,0.0,0.0,0.0,0.0,0.0,0.0,2.0,2.0,40.0,47.47,2.0,2.0,40.0,47.47,0.0,0.0,0.0,0.0,0.0,0.0,0.0,0.0,0.0,0.0,0.0,0.0,1.0,1.0,20.0,23.74,3.0,3.0,60.0,71.21,0.0,60.0,-60.0,79.12,-3.0,-3.0,-60.0,1.52,1.52,,,,,,1.0,,0.0,,0.0,0.0,0.0,0.2,60.0,
8889,馬可,新北中信特攻,2,8889|10879,馬可/簡廷兆,1,5,5.0,99.65,1.66,01:40,99.65,1.66,01:40,0.0,0.0,0.0,0.0,3.0,3.0,60.0,65.03,0.0,0.0,0.0,0.0,0.0,0.0,0.0,0.0,0.0,0.0,0.0,0.0,0.0,0.0,0.0,0.0,0.0,0.0,0.0,0.0,0.0,0.0,0.0,0.0,0.0,0.0,0.0,0.0,0.0,0.0,0.0,0.0,0.0,0.0,0.0,0.0,0.0,0.0,0.0,0.0,0.0,0.0,0.0,0.0,2.0,2.0,40.0,43.35,2.0,2.0,40.0,43.35,0.0,0.0,0.0,0.0,0.0,0.0,0.0,0.0,0.0,0.0,0.0,0.0,2.0,2.0,40.0,43.35,3.0,3.0,60.0,65.03,0.0,60.0,-60.0,72.25,-3.0,-3.0,-60.0,1.66,1.66,,,,,,1.0,,0.0,,0.0,0.0,0.0,0.4,60.0,
8889,馬可,新北中信特攻,2,8889|10880,馬可/內馬,1,21,24.0,338.74,5.65,05:39,338.74,5.65,05:39,8.0,8.0,33.33,51.01,15.0,15.0,62.5,95.65,5.0,5.0,20.83,31.88,3.0,3.0,12.5,19.13,3.0,3.0,12.5,19.13,2.0,2.0,8.33,12.75,2.0,2.0,8.33,12.75,1.0,1.0,4.17,6.38,4.0,4.0,16.67,25.51,3.0,3.0,12.5,19.13,0.0,0.0,0.0,0.0,1.0,1.0,4.17,6.38,2.0,2.0,8.33,12.75,4.0,4.0,16.67,25.51,4.0,4.0,16.67,25.51,1.0,1.0,4.17,6.38,0.0,0.0,0.0,0.0,0.0,0.0,0.0,0.0,6.0,6.0,25.0,38.26,6.0,6.0,25.0,38.26,33.33,62.5,-29.17,102.03,-7.0,-7.0,-29.17,5.65,5.65,0.7,0.59,0.67,0.5,0.75,0.37,0.33,0.0,0.33,0.14,0.0,0.0,0.25,25.0,0.8
8889,馬可,新北中信特攻,3,43|113|8889,林韋翰/林任鴻/馬可,1,5,5.0,111.98,1.87,01:52,111.98,1.87,01:52,0.0,0.0,0.0,0.0,3.0,3.0,60.0,57.86,1.0,1.0,20.0,19.29,1.0,1.0,20.0,19.29,1.0,1.0,20.0,19.29,1.0,1.0,20.0,19.29,0.0,0.0,0.0,0.0,0.0,0.0,0.0,0.0,0.0,0.0,0.0,0.0,0.0,0.0,0.0,0.0,0.0,0.0,0.0,0.0,0.0,0.0,0.0,0.0,0.0,0.0,0.0,0.0,2.0,2.0,40.0,38.58,2.0,2.0,40.0,38.58,0.0,0.0,0.0,0.0,0.0,0.0,0.0,0.0,0.0,0.0,0.0,0.0,1.0,1.0,20.0,19.29,3.0,3.0,60.0,57.86,0.0,60.0,-60.0,64.29,-3.0,-3.0,-60.0,1.87,1.87,1.0,0.0,1.0,,,0.67,0.0,0.0,,0.0,0.0,0.0,0.2,60.0,0.0
8889,馬可,新北中信特攻,3,43|8889|10879,林韋翰/馬可/簡廷兆,1,5,5.0,99.65,1.66,01:40,99.65,1.66,01:40,0.0,0.0,0.0,0.0,3.0,3.0,60.0,65.03,0.0,0.0,0.0,0.0,0.0,0.0,0.0,0.0,0.0,0.0,0.0,0.0,0.0,0.0,0.0,0.0,0.0,0.0,0.0,0.0,0.0,0.0,0.0,0.0,0.0,0.0,0.0,0.0,0.0,0.0,0.0,0.0,0.0,0.0,0.0,0.0,0.0,0.0,0.0,0.0,0.0,0.0,0.0,0.0,2.0,2.0,40.0,43.35,2.0,2.0,40.0,43.35,0.0,0.0,0.0,0.0,0.0,0.0,0.0,0.0,0.0,0.0,0.0,0.0,2.0,2.0,40.0,43.35,3.0,3.0,60.0,65.03,0.0,60.0,-60.0,72.25,-3.0,-3.0,-60.0,1.66,1.66,,,,,,1.0,,0.0,,0.0,0.0,0.0,0.4,60.0,
8889,馬可,新北中信特攻,3,43|8889|10880,林韋翰/馬可/內馬,1,20,23.0,320.84,5.35,05:21,320.84,5.35,05:21,7.0,7.0,30.43,47.13,15.0,15.0,65.22,100.98,5.0,5.0,21.74,33.66,3.0,3.0,13.04,20.2,3.0,3.0,13.04,20.2,2.0,2.0,8.7,13.46,2.0,2.0,8.7,13.46,1.0,1.0,4.35,6.73,2.0,2.0,8.7,13.46,2.0,2.0,8.7,13.46,0.0,0.0,0.0,0.0,1.0,1.0,4.35,6.73,2.0,2.0,8.7,13.46,4.0,4.0,17.39,26.93,4.0,4.0,17.39,26.93,1.0,1.0,4.35,6.73,0.0,0.0,0.0,0.0,0.0,0.0,0.0,0.0,6.0,6.0,26.09,40.39,6.0,6.0,26.09,40.39,30.43,65.22,-34.78,103.23,-8.0,-8.0,-34.78,5.35,5.35,0.7,0.6,0.67,0.5,1.0,0.4,0.33,0.0,0.33,0.14,0.0,0.0,0.26,26.09,0.4
8889,馬可,新北中信特攻,3,113|8889|10879,林任鴻/馬可/簡廷兆,1,5,5.0,91.0,1.52,01:31,91.0,1.52,01:31,0.0,0.0,0.0,0.0,3.0,3.0,60.0,71.21,0.0,0.0,0.0,0.0,0.0,0.0,0.0,0.0,0.0,0.0,0.0,0.0,0.0,0.0,0.0,0.0,0.0,0.0,0.0,0.0,0.0,0.0,0.0,0.0,0.0,0.0,0.0,0.0,0.0,0.0,0.0,0.0,0.0,0.0,0.0,0.0,0.0,0.0,0.0,0.0,0.0,0.0,0.0,0.0,2.0,2.0,40.0,47.47,2.0,2.0,40.0,47.47,0.0,0.0,0.0,0.0,0.0,0.0,0.0,0.0,0.0,0.0,0.0,0.0,1.0,1.0,20.0,23.74,3.0,3.0,60.0,71.21,0.0,60.0,-60.0,79.12,-3.0,-3.0,-60.0,1.52,1.52,,,,,,1.0,,0.0,,0.0,0.0,0.0,0.2,60.0,
8889,馬可,新北中信特攻,3,113|8889|10880,林任鴻/馬可/內馬,1,6,6.0,129.88,2.16,02:10,129.88,2.16,02:10,1.0,1.0,16.67,16.63,3.0,3.0,50.0,49.89,1.0,1.0,16.67,16.63,1.0,1.0,16.67,16.63,1.0,1.0,16.67,16.63,1.0,1.0,16.67,16.63,0.0,0.0,0.0,0.0,0.0,0.0,0.0,0.0,2.0,2.0,33.33,33.26,1.0,1.0,16.67,16.63,0.0,0.0,0.0,0.0,0.0,0.0,0.0,0.0,0.0,0.0,0.0,0.0,2.0,2.0,33.33,33.26,2.0,2.0,33.33,33.26,0.0,0.0,0.0,0.0,0.0,0.0,0.0,0.0,0.0,0.0,0.0,0.0,1.0,1.0,16.67,16.63,3.0,3.0,50.0,49.89,16.67,50.0,-33.33,66.52,-2.0,-2.0,-33.33,2.16,2.16,1.0,0.27,1.0,,0.5,0.52,0.0,0.0,,0.0,0.0,0.0,0.17,50.0,2.0
8889,馬可,新北中信特攻,3,8889|10879|10880,馬可/簡廷兆/內馬,1,5,5.0,99.65,1.66,01:40,99.65,1.66,01:40,0.0,0.0,0.0,0.0,3.0,3.0,60.0,65.03,0.0,0.0,0.0,0.0,0.0,0.0,0.0,0.0,0.0,0.0,0.0,0.0,0.0,0.0,0.0,0.0,0.0,0.0,0.0,0.0,0.0,0.0,0.0,0.0,0.0,0.0,0.0,0.0,0.0,0.0,0.0,0.0,0.0,0.0,0.0,0.0,0.0,0.0,0.0,0.0,0.0,0.0,0.0,0.0,2.0,2.0,40.0,43.35,2.0,2.0,40.0,43.35,0.0,0.0,0.0,0.0,0.0,0.0,0.0,0.0,0.0,0.0,0.0,0.0,2.0,2.0,40.0,43.35,3.0,3.0,60.0,65.03,0.0,60.0,-60.0,72.25,-3.0,-3.0,-60.0,1.66,1.66,,,,,,1.0,,0.0,,0.0,0.0,0.0,0.4,60.0,
8889,馬可,新北中信特攻,4,43|113|8889|10879,林韋翰/林任鴻/馬可/簡廷兆,1,5,5.0,91.0,1.52,01:31,91.0,1.52,01:31,0.0,0.0,0.0,0.0,3.0,3.0,60.0,71.21,0.0,0.0,0.0,0.0,0.0,0.0,0.0,0.0,0.0,0.0,0.0,0.0,0.0,0.0,0.0,0.0,0.0,0.0,0.0,0.0,0.0,0.0,0.0,0.0,0.0,0.0,0.0,0.0,0.0,0.0,0.0,0.0,0.0,0.0,0.0,0.0,0.0,0.0,0.0,0.0,0.0,0.0,0.0,0.0,2.0,2.0,40.0,47.47,2.0,2.0,40.0,47.47,0.0,0.0,0.0,0.0,0.0,0.0,0.0,0.0,0.0,0.0,0.0,0.0,1.0,1.0,20.0,23.74,3.0,3.0,60.0,71.21,0.0,60.0,-60.0,79.12,-3.0,-3.0,-60.0,1.52,1.52,,,,,,1.0,,0.0,,0.0,0.0,0.0,0.2,60.0,
8889,馬可,新北中信特攻,4,43|113|8889|10880,林韋翰/林任鴻/馬可/內馬,1,5,5.0,111.98,1.87,01:52,111.98,1.87,01:52,0.0,0.0,0.0,0.0,3.0,3.0,60.0,57.86,1.0,1.0,20.0,19.29,1.0,1.0,20.0,19.29,1.0,1.0,20.0,19.29,1.0,1.0,20.0,19.29,0.0,0.0,0.0,0.0,0.0,0.0,0.0,0.0,0.0,0.0,0.0,0.0,0.0,0.0,0.0,0.0,0.0,0.0,0.0,0.0,0.0,0.0,0.0,0.0,0.0,0.0,0.0,0.0,2.0,2.0,40.0,38.58,2.0,2.0,40.0,38.58,0.0,0.0,0.0,0.0,0.0,0.0,0.0,0.0,0.0,0.0,0.0,0.0,1.0,1.0,20.0,19.29,3.0,3.0,60.0,57.86,0.0,60.0,-60.0,64.29,-3.0,-3.0,-60.0,1.87,1.87,1.0,0.0,1.0,,,0.67,0.0,0.0,,0.0,0.0,0.0,0.2,60.0,0.0
8889,馬可,新北中信特攻,4,43|8889|10879|10880,林韋翰/馬可/簡廷兆/內馬,1,5,5.0,99.65,1.66,01:40,99.65,1.66,01:40,0.0,0.0,0.0,0.0,3.0,3.0,60.0,65.03,0.0,0.0,0.0,0.0,0.0,0.0,0.0,0.0,0.0,0.0,0.0,0.0,0.0,0.0,0.0,0.0,0.0,0.0,0.0,0.0,0.0,0.0,0.0,0.0,0.0,0.0,0.0,0.0,0.0,0.0,0.0,0.0,0.0,0.0,0.0,0.0,0.0,0.0,0.0,0.0,0.0,0.0,0.0,0.0,2.0,2.0,40.0,43.35,2.0,2.0,40.0,43.35,0.0,0.0,0.0,0.0,0.0,0.0,0.0,0.0,0.0,0.0,0.0,0.0,2.0,2.0,40.0,43.35,3.0,3.0,60.0,65.03,0.0,60.0,-60.0,72.25,-3.0,-3.0,-60.0,1.66,1.66,,,,,,1.0,,0.0,,0.0,0.0,0.0,0.4,60.0,
8889,馬可,新北中信特攻,4,113|8889|10879|10880,林任鴻/馬可/簡廷兆/內馬,1,5,5.0,91.0,1.52,01:31,91.0,1.52,01:31,0.0,0.0,0.0,0.0,3.0,3.0,60.0,71.21,0.0,0.0,0.0,0.0,0.0,0.0,0.0,0.0,0.0,0.0,0.0,0.0,0.0,0.0,0.0,0.0,0.0,0.0,0.0,0.0,0.0,0.0,0.0,0.0,0.0,0.0,0.0,0.0,0.0,0.0,0.0,0.0,0.0,0.0,0.0,0.0,0.0,0.0,0.0,0.0,0.0,0.0,0.0,0.0,2.0,2.0,40.0,47.47,2.0,2.0,40.0,47.47,0.0,0.0,0.0,0.0,0.0,0.0,0.0,0.0,0.0,0.0,0.0,0.0,1.0,1.0,20.0,23.74,3.0,3.0,60.0,71.21,0.0,60.0,-60.0,79.12,-3.0,-3.0,-60.0,1.52,1.52,,,,,,1.0,,0.0,,0.0,0.0,0.0,0.2,60.0,
8889,馬可,新北中信特攻,5,43|113|8889|10879|10880,林韋翰/林任鴻/馬可/簡廷兆/內馬,1,5,5.0,91.0,1.52,01:31,91.0,1.52,01:31,0.0,0.0,0.0,0.0,3.0,3.0,60.0,71.21,0.0,0.0,0.0,0.0,0.0,0.0,0.0,0.0,0.0,0.0,0.0,0.0,0.0,0.0,0.0,0.0,0.0,0.0,0.0,0.0,0.0,0.0,0.0,0.0,0.0,0.0,0.0,0.0,0.0,0.0,0.0,0.0,0.0,0.0,0.0,0.0,0.0,0.0,0.0,0.0,0.0,0.0,0.0,0.0,2.0,2.0,40.0,47.47,2.0,2.0,40.0,47.47,0.0,0.0,0.0,0.0,0.0,0.0,0.0,0.0,0.0,0.0,0.0,0.0,1.0,1.0,20.0,23.74,3.0,3.0,60.0,71.21,0.0,60.0,-60.0,79.12,-3.0,-3.0,-60.0,1.52,1.52,,,,,,1.0,,0.0,,0.0,0.0,0.0,0.2,60.0,
10879,簡廷兆,新北中信特攻,2,113|10879,林任鴻/簡廷兆,1,19,20.0,347.92,5.8,05:48,347.92,5.8,05:48,11.0,11.0,55.0,68.29,5.0,5.0,25.0,31.04,4.0,4.0,20.0,24.83,3.0,3.0,15.0,18.62,2.0,2.0,10.0,12.42,2.0,2.0,10.0,12.42,2.0,2.0,10.0,12.42,1.0,1.0,5.0,6.21,6.0,6.0,30.0,37.25,6.0,6.0,30.0,37.25,1.0,1.0,5.0,6.21,0.0,0.0,0.0,0.0,0.0,0.0,0.0,0.0,6.0,6.0,30.0,37.25,4.0,4.0,20.0,24.83,2.0,2.0,10.0,12.42,0.0,0.0,0.0,0.0,0.0,0.0,0.0,0.0,3.0,3.0,15.0,18.62,3.0,3.0,15.0,18.62,55.0,25.0,30.0,82.78,6.0,6.0,30.0,5.8,5.8,0.88,0.83,1.0,0.5,1.0,0.38,0.67,0.14,,0.14,0.0,0.0,0.15,15.0,1.5
10879,簡廷兆,新北中信特攻,2,8889|10879,馬可/簡廷兆,1,5,5.0,99.65,1.66,01:40,99.65,1.66,01:40,0.0,0.0,0.0,0.0,3.0,3.0,60.0,65.03,0.0,0.0,0.0,0.0,0.0,0.0,0.0,0.0,0.0,0.0,0.0,0.0,0.0,0.0,0.0,0.0,0.0,0.0,0.0,0.0,0.0,0.0,0.0,0.0,0.0,0.0,0.0,0.0,0.0,0.0,0.0,0.0,0.0,0.0,0.0,0.0,0.0,0.0,0.0,0.0,0.0,0.0,0.0,0.0,2.0,2.0,40.0,43.35,2.0,2.0,40.0,43.35,0.0,0.0,0.0,0.0,0.0,0.0,0.0,0.0,0.0,0.0,0.0,0.0,2.0,2.0,40.0,43.35,3.0,3.0,60.0,65.03,0.0,60.0,-60.0,72.25,-3.0,-3.0,-60.0,1.66,1.66,,,,,,1.0,,0.0,,0.0,0.0,0.0,0.4,60.0,
10879,簡廷兆,新北中信特攻,3,43|113|10879,林韋翰/林任鴻/簡廷兆,1,5,5.0,91.0,1.52,01:31,91.0,1.52,01:31,0.0,0.0,0.0,0.0,3.0,3.0,60.0,71.21,0.0,0.0,0.0,0.0,0.0,0.0,0.0,0.0,0.0,0.0,0.0,0.0,0.0,0.0,0.0,0.0,0.0,0.0,0.0,0.0,0.0,0.0,0.0,0.0,0.0,0.0,0.0,0.0,0.0,0.0,0.0,0.0,0.0,0.0,0.0,0.0,0.0,0.0,0.0,0.0,0.0,0.0,0.0,0.0,2.0,2.0,40.0,47.47,2.0,2.0,40.0,47.47,0.0,0.0,0.0,0.0,0.0,0.0,0.0,0.0,0.0,0.0,0.0,0.0,1.0,1.0,20.0,23.74,3.0,3.0,60.0,71.21,0.0,60.0,-60.0,79.12,-3.0,-3.0,-60.0,1.52,1.52,,,,,,1.0,,0.0,,0.0,0.0,0.0,0.2,60.0,
10879,簡廷兆,新北中信特攻,3,43|8889|10879,林韋翰/馬可/簡廷兆,1,5,5.0,99.65,1.66,01:40,99.65,1.66,01:40,0.0,0.0,0.0,0.0,3.0,3.0,60.0,65.03,0.0,0.0,0.0,0.0,0.0,0.0,0.0,0.0,0.0,0.0,0.0,0.0,0.0,0.0,0.0,0.0,0.0,0.0,0.0,0.0,0.0,0.0,0.0,0.0,0.0,0.0,0.0,0.0,0.0,0.0,0.0,0.0,0.0,0.0,0.0,0.0,0.0,0.0,0.0,0.0,0.0,0.0,0.0,0.0,2.0,2.0,40.0,43.35,2.0,2.0,40.0,43.35,0.0,0.0,0.0,0.0,0.0,0.0,0.0,0.0,0.0,0.0,0.0,0.0,2.0,2.0,40.0,43.35,3.0,3.0,60.0,65.03,0.0,60.0,-60.0,72.25,-3.0,-3.0,-60.0,1.66,1.66,,,,,,1.0,,0.0,,0.0,0.0,0.0,0.4,60.0,
10879,簡廷兆,新北中信特攻,3,113|8889|10879,林任鴻/馬可/簡廷兆,1,5,5.0,91.0,1.52,01:31,91.0,1.52,01:31,0.0,0.0,0.0,0.0,3.0,3.0,60.0,71.21,0.0,0.0,0.0,0.0,0.0,0.0,0.0,0.0,0.0,0.0,0.0,0.0,0.0,0.0,0.0,0.0,0.0,0.0,0.0,0.0,0.0,0.0,0.0,0.0,0.0,0.0,0.0,0.0,0.0,0.0,0.0,0.0,0.0,0.0,0.0,0.0,0.0,0.0,0.0,0.0,0.0,0.0,0.0,0.0,2.0,2.0,40.0,47.47,2.0,2.0,40.0,47.47,0.0,0.0,0.0,0.0,0.0,0.0,0.0,0.0,0.0,0.0,0.0,0.0,1.0,1.0,20.0,23.74,3.0,3.0,60.0,71.21,0.0,60.0,-60.0,79.12,-3.0,-3.0,-60.0,1.52,1.52,,,,,,1.0,,0.0,,0.0,0.0,0.0,0.2,60.0,
10879,簡廷兆,新北中信特攻,3,113|10879|10880,林任鴻/簡廷兆/內馬,1,17,18.0,300.77,5.01,05:01,300.77,5.01,05:01,11.0,11.0,61.11,79.0,5.0,5.0,27.78,35.91,4.0,4.0,22.22,28.73,3.0,3.0,16.67,21.54,2.0,2.0,11.11,14.36,2.0,2.0,11.11,14.36,2.0,2.0,11.11,14.36,1.0,1.0,5.56,7.18,4.0,4.0,22.22,28.73,4.0,4.0,22.22,28.73,1.0,1.0,5.56,7.18,0.0,0.0,0.0,0.0,0.0,0.0,0.0,0.0,6.0,6.0,33.33,43.09,3.0,3.0,16.67,21.54,2.0,2.0,11.11,14.36,0.0,0.0,0.0,0.0,0.0,0.0,0.0,0.0,3.0,3.0,16.67,21.54,3.0,3.0,16.67,21.54,61.11,27.78,33.33,86.18,6.0,6.0,33.33,5.01,5.01,0.88,0.95,1.0,0.5,1.0,0.34,0.67,0.14,,0.14,0.0,0.0,0.17,16.67,1.0
10879,簡廷兆,新北中信特攻,3,8889|10879|10880,馬可/簡廷兆/內馬,1,5,5.0,99.65,1.66,01:40,99.65,1.66,01:40,0.0,0.0,0.0,0.0,3.0,3.0,60.0,65.03,0.0,0.0,0.0,0.0,0.0,0.0,0.0,0.0,0.0,0.0,0.0,0.0,0.0,0.0,0.0,0.0,0.0,0.0,0.0,0.0,0.0,0.0,0.0,0.0,0.0,0.0,0.0,0.0,0.0,0.0,0.0,0.0,0.0,0.0,0.0,0.0,0.0,0.0,0.0,0.0,0.0,0.0,0.0,0.0,2.0,2.0,40.0,43.35,2.0,2.0,40.0,43.35,0.0,0.0,0.0,0.0,0.0,0.0,0.0,0.0,0.0,0.0,0.0,0.0,2.0,2.0,40.0,43.35,3.0,3.0,60.0,65.03,0.0,60.0,-60.0,72.25,-3.0,-3.0,-60.0,1.66,1.66,,,,,,1.0,,0.0,,0.0,0.0,0.0,0.4,60.0,
10879,簡廷兆,新北中信特攻,4,43|113|8889|10879,林韋翰/林任鴻/馬可/簡廷兆,1,5,5.0,91.0,1.52,01:31,91.0,1.52,01:31,0.0,0.0,0.0,0.0,3.0,3.0,60.0,71.21,0.0,0.0,0.0,0.0,0.0,0.0,0.0,0.0,0.0,0.0,0.0,0.0,0.0,0.0,0.0,0.0,0.0,0.0,0.0,0.0,0.0,0.0,0.0,0.0,0.0,0.0,0.0,0.0,0.0,0.0,0.0,0.0,0.0,0.0,0.0,0.0,0.0,0.0,0.0,0.0,0.0,0.0,0.0,0.0,2.0,2.0,40.0,47.47,2.0,2.0,40.0,47.47,0.0,0.0,0.0,0.0,0.0,0.0,0.0,0.0,0.0,0.0,0.0,0.0,1.0,1.0,20.0,23.74,3.0,3.0,60.0,71.21,0.0,60.0,-60.0,79.12,-3.0,-3.0,-60.0,1.52,1.52,,,,,,1.0,,0.0,,0.0,0.0,0.0,0.2,60.0,
10879,簡廷兆,新北中信特攻,4,43|113|10879|10880,林韋翰/林任鴻/簡廷兆/內馬,1,5,5.0,91.0,1.52,01:31,91.0,1.52,01:31,0.0,0.0,0.0,0.0,3.0,3.0,60.0,71.21,0.0,0.0,0.0,0.0,0.0,0.0,0.0,0.0,0.0,0.0,0.0,0.0,0.0,0.0,0.0,0.0,0.0,0.0,0.0,0.0,0.0,0.0,0.0,0.0,0.0,0.0,0.0,0.0,0.0,0.0,0.0,0.0,0.0,0.0,0.0,0.0,0.0,0.0,0.0,0.0,0.0,0.0,0.0,0.0,2.0,2.0,40.0,47.47,2.0,2.0,40.0,47.47,0.0,0.0,0.0,0.0,0.0,0.0,0.0,0.0,0.0,0.0,0.0,0.0,1.0,1.0,20.0,23.74,3.0,3.0,60.0,71.21,0.0,60.0,-60.0,79.12,-3.0,-3.0,-60.0,1.52,1.52,,,,,,1.0,,0.0,,0.0,0.0,0.0,0.2,60.0,
10879,簡廷兆,新北中信特攻,4,43|8889|10879|10880,林韋翰/馬可/簡廷兆/內馬,1,5,5.0,99.65,1.66,01:40,99.65,1.66,01:40,0.0,0.0,0.0,0.0,3.0,3.0,60.0,65.03,0.0,0.0,0.0,0.0,0.0,0.0,0.0,0.0,0.0,0.0,0.0,0.0,0.0,0.0,0.0,0.0,0.0,0.0,0.0,0.0,0.0,0.0,0.0,0.0,0.0,0.0,0.0,0.0,0.0,0.0,0.0,0.0,0.0,0.0,0.0,0.0,0.0,0.0,0.0,0.0,0.0,0.0,0.0,0.0,2.0,2.0,40.0,43.35,2.0,2.0,40.0,43.35,0.0,0.0,0.0,0.0,0.0,0.0,0.0,0.0,0.0,0.0,0.0,0.0,2.0,2.0,40.0,43.35,3.0,3.0,60.0,65.03,0.0,60.0,-60.0,72.25,-3.0,-3.0,-60.0,1.66,1.66,,,,,,1.0,,0.0,,0.0,0.0,0.0,0.4,60.0,
10879,簡廷兆,新北中信特攻,4,113|8889|10879|10880,林任鴻/馬可/簡廷兆/內馬,1,5,5.0,91.0,1.52,01:31,91.0,1.52,01:31,0.0,0.0,0.0,0.0,3.0,3.0,60.0,71.21,0.0,0.0,0.0,0.0,0.0,0.0,0.0,0.0,0.0,0.0,0.0,0.0,0.0,0.0,0.0,0.0,0.0,0.0,0.0,0.0,0.0,0.0,0.0,0.0,0.0,0.0,0.0,0.0,0.0,0.0,0.0,0.0,0.0,0.0,0.0,0.0,0.0,0.0,0.0,0.0,0.0,0.0,0.0,0.0,2.0,2.0,40.0,47.47,2.0,2.0,40.0,47.47,0.0,0.0,0.0,0.0,0.0,0.0,0.0,0.0,0.0,0.0,0.0,0.0,1.0,1.0,20.0,23.74,3.0,3.0,60.0,71.21,0.0,60.0,-60.0,79.12,-3.0,-3.0,-60.0,1.52,1.52,,,,,,1.0,,0.0,,0.0,0.0,0.0,0.2,60.0,
10879,簡廷兆,新北中信特攻,5,43|113|8889|10879|10880,林韋翰/林任鴻/馬可/簡廷兆/內馬,1,5,5.0,91.0,1.52,01:31,91.0,1.52,01:31,0.0,0.0,0.0,0.0,3.0,3.0,60.0,71.21,0.0,0.0,0.0,0.0,0.0,0.0,0.0,0.0,0.0,0.0,0.0,0.0,0.0,0.0,0.0,0.0,0.0,0.0,0.0,0.0,0.0,0.0,0.0,0.0,0.0,0.0,0.0,0.0,0.0,0.0,0.0,0.0,0.0,0.0,0.0,0.0,0.0,0.0,0.0,0.0,0.0,0.0,0.0,0.0,2.0,2.0,40.0,47.47,2.0,2.0,40.0,47.47,0.0,0.0,0.0,0.0,0.0,0.0,0.0,0.0,0.0,0.0,0.0,0.0,1.0,1.0,20.0,23.74,3.0,3.0,60.0,71.21,0.0,60.0,-60.0,79.12,-3.0,-3.0,-60.0,1.52,1.52,,,,,,1.0,,0.0,,0.0,0.0,0.0,0.2,60.0,
10880,內馬,新北中信特攻,2,113|10880,林任鴻/內馬,1,18,19.0,339.66,5.66,05:40,339.66,5.66,05:40,12.0,12.0,63.16,76.31,5.0,5.0,26.32,31.8,5.0,5.0,26.32,31.8,4.0,4.0,21.05,25.44,3.0,3.0,15.79,19.08,3.0,3.0,15.79,19.08,2.0,2.0,10.53,12.72,1.0,1.0,5.26,6.36,6.0,6.0,31.58,38.16,5.0,5.0,26.32,31.8,1.0,1.0,5.26,6.36,0.0,0.0,0.0,0.0,0.0,0.0,0.0,0.0,6.0,6.0,31.58,38.16,3.0,3.0,15.79,19.08,2.0,2.0,10.53,12.72,0.0,0.0,0.0,0.0,0.0,0.0,0.0,0.0,3.0,3.0,15.79,19.08,3.0,3.0,15.79,19.08,63.16,26.32,36.84,80.55,7.0,7.0,36.84,5.66,5.66,0.9,0.79,1.0,0.5,0.83,0.28,0.5,0.14,,0.14,0.0,0.0,0.16,15.79,1.2
10880,內馬,新北中信特攻,2,8889|10880,馬可/內馬,1,21,24.0,338.74,5.65,05:39,338.74,5.65,05:39,8.0,8.0,33.33,51.01,15.0,15.0,62.5,95.65,5.0,5.0,20.83,31.88,3.0,3.0,12.5,19.13,3.0,3.0,12.5,19.13,2.0,2.0,8.33,12.75,2.0,2.0,8.33,12.75,1.0,1.0,4.17,6.38,4.0,4.0,16.67,25.51,3.0,3.0,12.5,19.13,0.0,0.0,0.0,0.0,1.0,1.0,4.17,6.38,2.0,2.0,8.33,12.75,4.0,4.0,16.67,25.51,4.0,4.0,16.67,25.51,1.0,1.0,4.17,6.38,0.0,0.0,0.0,0.0,0.0,0.0,0.0,0.0,6.0,6.0,25.0,38.26,6.0,6.0,25.0,38.26,33.33,62.5,-29.17,102.03,-7.0,-7.0,-29.17,5.65,5.65,0.7,0.59,0.67,0.5,0.75,0.37,0.33,0.0,0.33,0.14,0.0,0.0,0.25,25.0,0.8
10880,內馬,新北中信特攻,3,43|113|10880,林韋翰/林任鴻/內馬,1,5,5.0,111.98,1.87,01:52,111.98,1.87,01:52,0.0,0.0,0.0,0.0,3.0,3.0,60.0,57.86,1.0,1.0,20.0,19.29,1.0,1.0,20.0,19.29,1.0,1.0,20.0,19.29,1.0,1.0,20.0,19.29,0.0,0.0,0.0,0.0,0.0,0.0,0.0,0.0,0.0,0.0,0.0,0.0,0.0,0.0,0.0,0.0,0.0,0.0,0.0,0.0,0.0,0.0,0.0,0.0,0.0,0.0,0.0,0.0,2.0,2.0,40.0,38.58,2.0,2.0,40.0,38.58,0.0,0.0,0.0,0.0,0.0,0.0,0.0,0.0,0.0,0.0,0.0,0.0,1.0,1.0,20.0,19.29,3.0,3.0,60.0,57.86,0.0,60.0,-60.0,64.29,-3.0,-3.0,-60.0,1.87,1.87,1.0,0.0,1.0,,,0.67,0.0,0.0,,0.0,0.0,0.0,0.2,60.0,0.0
10880,內馬,新北中信特攻,3,43|8889|10880,林韋翰/馬可/內馬,1,20,23.0,320.84,5.35,05:21,320.84,5.35,05:21,7.0,7.0,30.43,47.13,15.0,15.0,65.22,100.98,5.0,5.0,21.74,33.66,3.0,3.0,13.04,20.2,3.0,3.0,13.04,20.2,2.0,2.0,8.7,13.46,2.0,2.0,8.7,13.46,1.0,1.0,4.35,6.73,2.0,2.0,8.7,13.46,2.0,2.0,8.7,13.46,0.0,0.0,0.0,0.0,1.0,1.0,4.35,6.73,2.0,2.0,8.7,13.46,4.0,4.0,17.39,26.93,4.0,4.0,17.39,26.93,1.0,1.0,4.35,6.73,0.0,0.0,0.0,0.0,0.0,0.0,0.0,0.0,6.0,6.0,26.09,40.39,6.0,6.0,26.09,40.39,30.43,65.22,-34.78,103.23,-8.0,-8.0,-34.78,5.35,5.35,0.7,0.6,0.67,0.5,1.0,0.4,0.33,0.0,0.33,0.14,0.0,0.0,0.26,26.09,0.4
10880,內馬,新北中信特攻,3,113|8889|10880,林任鴻/馬可/內馬,1,6,6.0,129.88,2.16,02:10,129.88,2.16,02:10,1.0,1.0,16.67,16.63,3.0,3.0,50.0,49.89,1.0,1.0,16.67,16.63,1.0,1.0,16.67,16.63,1.0,1.0,16.67,16.63,1.0,1.0,16.67,16.63,0.0,0.0,0.0,0.0,0.0,0.0,0.0,0.0,2.0,2.0,33.33,33.26,1.0,1.0,16.67,16.63,0.0,0.0,0.0,0.0,0.0,0.0,0.0,0.0,0.0,0.0,0.0,0.0,2.0,2.0,33.33,33.26,2.0,2.0,33.33,33.26,0.0,0.0,0.0,0.0,0.0,0.0,0.0,0.0,0.0,0.0,0.0,0.0,1.0,1.0,16.67,16.63,3.0,3.0,50.0,49.89,16.67,50.0,-33.33,66.52,-2.0,-2.0,-33.33,2.16,2.16,1.0,0.27,1.0,,0.5,0.52,0.0,0.0,,0.0,0.0,0.0,0.17,50.0,2.0
10880,內馬,新北中信特攻,3,113|10879|10880,林任鴻/簡廷兆/內馬,1,17,18.0,300.77,5.01,05:01,300.77,5.01,05:01,11.0,11.0,61.11,79.0,5.0,5.0,27.78,35.91,4.0,4.0,22.22,28.73,3.0,3.0,16.67,21.54,2.0,2.0,11.11,14.36,2.0,2.0,11.11,14.36,2.0,2.0,11.11,14.36,1.0,1.0,5.56,7.18,4.0,4.0,22.22,28.73,4.0,4.0,22.22,28.73,1.0,1.0,5.56,7.18,0.0,0.0,0.0,0.0,0.0,0.0,0.0,0.0,6.0,6.0,33.33,43.09,3.0,3.0,16.67,21.54,2.0,2.0,11.11,14.36,0.0,0.0,0.0,0.0,0.0,0.0,0.0,0.0,3.0,3.0,16.67,21.54,3.0,3.0,16.67,21.54,61.11,27.78,33.33,86.18,6.0,6.0,33.33,5.01,5.01,0.88,0.95,1.0,0.5,1.0,0.34,0.67,0.14,,0.14,0.0,0.0,0.17,16.67,1.0
10880,內馬,新北中信特攻,3,8889|10879|10880,馬可/簡廷兆/內馬,1,5,5.0,99.65,1.66,01:40,99.65,1.66,01:40,0.0,0.0,0.0,0.0,3.0,3.0,60.0,65.03,0.0,0.0,0.0,0.0,0.0,0.0,0.0,0.0,0.0,0.0,0.0,0.0,0.0,0.0,0.0,0.0,0.0,0.0,0.0,0.0,0.0,0.0,0.0,0.0,0.0,0.0,0.0,0.0,0.0,0.0,0.0,0.0,0.0,0.0,0.0,0.0,0.0,0.0,0.0,0.0,0.0,0.0,0.0,0.0,2.0,2.0,40.0,43.35,2.0,2.0,40.0,43.35,0.0,0.0,0.0,0.0,0.0,0.0,0.0,0.0,0.0,0.0,0.0,0.0,2.0,2.0,40.0,43.35,3.0,3.0,60.0,65.03,0.0,60.0,-60.0,72.25,-3.0,-3.0,-60.0,1.66,1.66,,,,,,1.0,,0.0,,0.0,0.0,0.0,0.4,60.0,
10880,內馬,新北中信特攻,4,43|113|8889|10880,林韋翰/林任鴻/馬可/內馬,1,5,5.0,111.98,1.87,01:52,111.98,1.87,01:52,0.0,0.0,0.0,0.0,3.0,3.0,60.0,57.86,1.0,1.0,20.0,19.29,1.0,1.0,20.0,19.29,1.0,1.0,20.0,19.29,1.0,1.0,20.0,19.29,0.0,0.0,0.0,0.0,0.0,0.0,0.0,0.0,0.0,0.0,0.0,0.0,0.0,0.0,0.0,0.0,0.0,0.0,0.0,0.0,0.0,0.0,0.0,0.0,0.0,0.0,0.0,0.0,2.0,2.0,40.0,38.58,2.0,2.0,40.0,38.58,0.0,0.0,0.0,0.0,0.0,0.0,0.0,0.0,0.0,0.0,0.0,0.0,1.0,1.0,20.0,19.29,3.0,3.0,60.0,57.86,0.0,60.0,-60.0,64.29,-3.0,-3.0,-60.0,1.87,1.87,1.0,0.0,1.0,,,0.67,0.0,0.0,,0.0,0.0,0.0,0.2,60.0,0.0
10880,內馬,新北中信特攻,4,43|113|10879|10880,林韋翰/林任鴻/簡廷兆/內馬,1,5,5.0,91.0,1.52,01:31,91.0,1.52,01:31,0.0,0.0,0.0,0.0,3.0,3.0,60.0,71.21,0.0,0.0,0.0,0.0,0.0,0.0,0.0,0.0,0.0,0.0,0.0,0.0,0.0,0.0,0.0,0.0,0.0,0.0,0.0,0.0,0.0,0.0,0.0,0.0,0.0,0.0,0.0,0.0,0.0,0.0,0.0,0.0,0.0,0.0,0.0,0.0,0.0,0.0,0.0,0.0,0.0,0.0,0.0,0.0,2.0,2.0,40.0,47.47,2.0,2.0,40.0,47.47,0.0,0.0,0.0,0.0,0.0,0.0,0.0,0.0,0.0,0.0,0.0,0.0,1.0,1.0,20.0,23.74,3.0,3.0,60.0,71.21,0.0,60.0,-60.0,79.12,-3.0,-3.0,-60.0,1.52,1.52,,,,,,1.0,,0.0,,0.0,0.0,0.0,0.2,60.0,
10880,內馬,新北中信特攻,4,43|8889|10879|10880,林韋翰/馬可/簡廷兆/內馬,1,5,5.0,99.65,1.66,01:40,99.65,1.66,01:40,0.0,0.0,0.0,0.0,3.0,3.0,60.0,65.03,0.0,0.0,0.0,0.0,0.0,0.0,0.0,0.0,0.0,0.0,0.0,0.0,0.0,0.0,0.0,0.0,0.0,0.0,0.0,0.0,0.0,0.0,0.0,0.0,0.0,0.0,0.0,0.0,0.0,0.0,0.0,0.0,0.0,0.0,0.0,0.0,0.0,0.0,0.0,0.0,0.0,0.0,0.0,0.0,2.0,2.0,40.0,43.35,2.0,2.0,40.0,43.35,0.0,0.0,0.0,0.0,0.0,0.0,0.0,0.0,0.0,0.0,0.0,0.0,2.0,2.0,40.0,43.35,3.0,3.0,60.0,65.03,0.0,60.0,-60.0,72.25,-3.0,-3.0,-60.0,1.66,1.66,,,,,,1.0,,0.0,,0.0,0.0,0.0,0.4,60.0,
10880,內馬,新北中信特攻,4,113|8889|10879|10880,林任鴻/馬可/簡廷兆/內馬,1,5,5.0,91.0,1.52,01:31,91.0,1.52,01:31,0.0,0.0,0.0,0.0,3.0,3.0,60.0,71.21,0.0,0.0,0.0,0.0,0.0,0.0,0.0,0.0,0.0,0.0,0.0,0.0,0.0,0.0,0.0,0.0,0.0,0.0,0.0,0.0,0.0,0.0,0.0,0.0,0.0,0.0,0.0,0.0,0.0,0.0,0.0,0.0,0.0,0.0,0.0,0.0,0.0,0.0,0.0,0.0,0.0,0.0,0.0,0.0,2.0,2.0,40.0,47.47,2.0,2.0,40.0,47.47,0.0,0.0,0.0,0.0,0.0,0.0,0.0,0.0,0.0,0.0,0.0,0.0,1.0,1.0,20.0,23.74,3.0,3.0,60.0,71.21,0.0,60.0,-60.0,79.12,-3.0,-3.0,-60.0,1.52,1.52,,,,,,1.0,,0.0,,0.0,0.0,0.0,0.2,60.0,
10880,內馬,新北中信特攻,5,43|113|8889|10879|10880,林韋翰/林任鴻/馬可/簡廷兆/內馬,1,5,5.0,91.0,1.52,01:31,91.0,1.52,01:31,0.0,0.0,0.0,0.0,3.0,3.0,60.0,71.21,0.0,0.0,0.0,0.0,0.0,0.0,0.0,0.0,0.0,0.0,0.0,0.0,0.0,0.0,0.0,0.0,0.0,0.0,0.0,0.0,0.0,0.0,0.0,0.0,0.0,0.0,0.0,0.0,0.0,0.0,0.0,0.0,0.0,0.0,0.0,0.0,0.0,0.0,0.0,0.0,0.0,0.0,0.0,0.0,2.0,2.0,40.0,47.47,2.0,2.0,40.0,47.47,0.0,0.0,0.0,0.0,0.0,0.0,0.0,0.0,0.0,0.0,0.0,0.0,1.0,1.0,20.0,23.74,3.0,3.0,60.0,71.21,0.0,60.0,-60.0,79.12,-3.0,-3.0,-60.0,1.52,1.52,,,,,,1.0,,0.0,,0.0,0.0,0.0,0.2,60.0,
24,蘇士軒,新北國王,2,24|10872,蘇士軒/林彥廷,1,29,31.0,433.53,7.23,07:14,433.53,7.23,07:14,19.0,19.0,61.29,94.67,11.0,11.0,35.48,54.81,9.0,9.0,29.03,44.84,6.0,6.0,19.35,29.89,7.0,7.0,22.58,34.88,5.0,5.0,16.13,24.91,2.0,2.0,6.45,9.96,1.0,1.0,3.23,4.98,8.0,8.0,25.81,39.86,6.0,6.0,19.35,29.89,0.0,0.0,0.0,0.0,4.0,4.0,12.9,19.93,1.0,1.0,3.23,4.98,7.0,7.0,22.58,34.88,2.0,2.0,6.45,9.96,5.0,5.0,16.13,24.91,2.0,2.0,6.45,9.96,1.0,1.0,3.23,4.98,4.0,4.0,12.9,19.93,3.0,3.0,9.68,14.95,61.29,35.48,25.81,102.97,8.0,8.0,25.81,7.23,7.23,0.72,0.76,0.71,0.5,0.75,0.14,0.83,0.0,0.8,0.33,6.45,3.23,0.13,9.68,0.89
24,蘇士軒,新北國王,2,24|10874,蘇士軒/熊祥泰,1,11,12.0,177.88,2.96,02:58,177.88,2.96,02:58,3.0,3.0,25.0,36.43,1.0,1.0,8.33,12.14,4.0,4.0,33.33,48.57,1.0,1.0,8.33,12.14,3.0,3.0,25.0,36.43,1.0,1.0,8.33,12.14,1.0,1.0,8.33,12.14,0.0,0.0,0.0,0.0,3.0,3.0,25.0,36.43,1.0,1.0,8.33,12.14,0.0,0.0,0.0,0.0,4.0,4.0,33.33,48.57,0.0,0.0,0.0,0.0,2.0,2.0,16.67,24.29,1.0,1.0,8.33,12.14,1.0,1.0,8.33,12.14,0.0,0.0,0.0,0.0,0.0,0.0,0.0,0.0,5.0,5.0,41.67,60.71,2.0,2.0,16.67,24.29,25.0,8.33,16.67,97.14,2.0,2.0,16.67,2.96,2.96,0.25,0.28,0.33,0.0,0.33,0.16,1.0,0.0,1.0,0.67,0.0,0.0,0.42,16.67,0.75
24,蘇士軒,新北國王,3,24|32|10872,蘇士軒/奧帝/林彥廷,1,17,18.0,228.27,3.8,03:48,228.27,3.8,03:48,11.0,11.0,61.11,104.09,6.0,6.0,33.33,56.78,6.0,6.0,33.33,56.78,4.0,4.0,22.22,37.85,6.0,6.0,33.33,56.78,4.0,4.0,22.22,37.85,0.0,0.0,0.0,0.0,0.0,0.0,0.0,0.0,5.0,5.0,27.78,47.31,3.0,3.0,16.67,28.39,0.0,0.0,0.0,0.0,3.0,3.0,16.67,28.39,1.0,1.0,5.56,9.46,3.0,3.0,16.67,28.39,0.0,0.0,0.0,0.0,3.0,3.0,16.67,28.39,0.0,0.0,0.0,0.0,1.0,1.0,5.56,9.46,4.0,4.0,22.22,37.85,2.0,2.0,11.11,18.93,61.11,33.33,27.78,113.55,5.0,5.0,27.78,3.8,3.8,0.67,0.67,0.67,,0.6,0.0,0.75,0.0,0.75,0.43,0.0,5.56,0.22,11.11,0.83
24,蘇士軒,新北國王,3,24|32|10874,蘇士軒/奧帝/熊祥泰,1,11,12.0,177.88,2.96,02:58,177.88,2.96,02:58,3.0,3.0,25.0,36.43,1.0,1.0,8.33,12.14,4.0,4.0,33.33,48.57,1.0,1.0,8.33,12.14,3.0,3.0,25.0,36.43,1.0,1.0,8.33,12.14,1.0,1.0,8.33,12.14,0.0,0.0,0.0,0.0,3.0,3.0,25.0,36.43,1.0,1.0,8.33,12.14,0.0,0.0,0.0,0.0,4.0,4.0,33.33,48.57,0.0,0.0,0.0,0.0,2.0,2.0,16.67,24.29,1.0,1.0,8.33,12.14,1.0,1.0,8.33,12.14,0.0,0.0,0.0,0.0,0.0,0.0,0.0,0.0,5.0,5.0,41.67,60.71,2.0,2.0,16.67,24.29,25.0,8.33,16.67,97.14,2.0,2.0,16.67,2.96,2.96,0.25,0.28,0.33,0.0,0.33,0.16,1.0,0.0,1.0,0.67,0.0,0.0,0.42,16.67,0.75
24,蘇士軒,新北國王,3,24|10872|10874,蘇士軒/林彥廷/熊祥泰,1,6,6.0,112.88,1.88,01:53,112.88,1.88,01:53,3.0,3.0,50.0,57.41,1.0,1.0,16.67,19.14,2.0,2.0,33.33,38.27,1.0,1.0,16.67,19.14,2.0,2.0,33.33,38.27,1.0,1.0,16.67,19.14,0.0,0.0,0.0,0.0,0.0,0.0,0.0,0.0,3.0,3.0,50.0,57.41,1.0,1.0,16.67,19.14,0.0,0.0,0.0,0.0,2.0,2.0,33.33,38.27,0.0,0.0,0.0,0.0,0.0,0.0,0.0,0.0,0.0,0.0,0.0,0.0,1.0,1.0,16.67,19.14,0.0,0.0,0.0,0.0,0.0,0.0,0.0,0.0,3.0,3.0,50.0,57.41,2.0,2.0,33.33,38.27,50.0,16.67,33.33,76.54,2.0,2.0,33.33,1.88,1.88,0.5,0.45,0.5,,0.33,0.0,1.0,,1.0,1.0,0.0,0.0,0.5,33.33,1.5
24,蘇士軒,新北國王,3,24|10872|13029,蘇士軒/林彥廷/杰倫,1,29,31.0,433.53,7.23,07:14,433.53,7.23,07:14,19.0,19.0,61.29,94.67,11.0,11.0,35.48,54.81,9.0,9.0,29.03,44.84,6.0,6.0,19.35,29.89,7.0,7.0,22.58,34.88,5.0,5.0,16.13,24.91,2.0,2.0,6.45,9.96,1.0,1.0,3.23,4.98,8.0,8.0,25.81,39.86,6.0,6.0,19.35,29.89,0.0,0.0,0.0,0.0,4.0,4.0,12.9,19.93,1.0,1.0,3.23,4.98,7.0,7.0,22.58,34.88,2.0,2.0,6.45,9.96,5.0,5.0,16.13,24.91,2.0,2.0,6.45,9.96,1.0,1.0,3.23,4.98,4.0,4.0,12.9,19.93,3.0,3.0,9.68,14.95,61.29,35.48,25.81,102.97,8.0,8.0,25.81,7.23,7.23,0.72,0.76,0.71,0.5,0.75,0.14,0.83,0.0,0.8,0.33,6.45,3.23,0.13,9.68,0.89
24,蘇士軒,新北國王,3,24|10874|13029,蘇士軒/熊祥泰/杰倫,1,11,12.0,177.88,2.96,02:58,177.88,2.96,02:58,3.0,3.0,25.0,36.43,1.0,1.0,8.33,12.14,4.0,4.0,33.33,48.57,1.0,1.0,8.33,12.14,3.0,3.0,25.0,36.43,1.0,1.0,8.33,12.14,1.0,1.0,8.33,12.14,0.0,0.0,0.0,0.0,3.0,3.0,25.0,36.43,1.0,1.0,8.33,12.14,0.0,0.0,0.0,0.0,4.0,4.0,33.33,48.57,0.0,0.0,0.0,0.0,2.0,2.0,16.67,24.29,1.0,1.0,8.33,12.14,1.0,1.0,8.33,12.14,0.0,0.0,0.0,0.0,0.0,0.0,0.0,0.0,5.0,5.0,41.67,60.71,2.0,2.0,16.67,24.29,25.0,8.33,16.67,97.14,2.0,2.0,16.67,2.96,2.96,0.25,0.28,0.33,0.0,0.33,0.16,1.0,0.0,1.0,0.67,0.0,0.0,0.42,16.67,0.75
24,蘇士軒,新北國王,4,24|32|10872|10874,蘇士軒/奧帝/林彥廷/熊祥泰,1,6,6.0,112.88,1.88,01:53,112.88,1.88,01:53,3.0,3.0,50.0,57.41,1.0,1.0,16.67,19.14,2.0,2.0,33.33,38.27,1.0,1.0,16.67,19.14,2.0,2.0,33.33,38.27,1.0,1.0,16.67,19.14,0.0,0.0,0.0,0.0,0.0,0.0,0.0,0.0,3.0,3.0,50.0,57.41,1.0,1.0,16.67,19.14,0.0,0.0,0.0,0.0,2.0,2.0,33.33,38.27,0.0,0.0,0.0,0.0,0.0,0.0,0.0,0.0,0.0,0.0,0.0,0.0,1.0,1.0,16.67,19.14,0.0,0.0,0.0,0.0,0.0,0.0,0.0,0.0,3.0,3.0,50.0,57.41,2.0,2.0,33.33,38.27,50.0,16.67,33.33,76.54,2.0,2.0,33.33,1.88,1.88,0.5,0.45,0.5,,0.33,0.0,1.0,,1.0,1.0,0.0,0.0,0.5,33.33,1.5
24,蘇士軒,新北國王,4,24|32|10872|13029,蘇士軒/奧帝/林彥廷/杰倫,1,17,18.0,228.27,3.8,03:48,228.27,3.8,03:48,11.0,11.0,61.11,104.09,6.0,6.0,33.33,56.78,6.0,6.0,33.33,56.78,4.0,4.0,22.22,37.85,6.0,6.0,33.33,56.78,4.0,4.0,22.22,37.85,0.0,0.0,0.0,0.0,0.0,0.0,0.0,0.0,5.0,5.0,27.78,47.31,3.0,3.0,16.67,28.39,0.0,0.0,0.0,0.0,3.0,3.0,16.67,28.39,1.0,1.0,5.56,9.46,3.0,3.0,16.67,28.39,0.0,0.0,0.0,0.0,3.0,3.0,16.67,28.39,0.0,0.0,0.0,0.0,1.0,1.0,5.56,9.46,4.0,4.0,22.22,37.85,2.0,2.0,11.11,18.93,61.11,33.33,27.78,113.55,5.0,5.0,27.78,3.8,3.8,0.67,0.67,0.67,,0.6,0.0,0.75,0.0,0.75,0.43,0.0,5.56,0.22,11.11,0.83
24,蘇士軒,新北國王,4,24|32|10874|13029,蘇士軒/奧帝/熊祥泰/杰倫,1,11,12.0,177.88,2.96,02:58,177.88,2.96,02:58,3.0,3.0,25.0,36.43,1.0,1.0,8.33,12.14,4.0,4.0,33.33,48.57,1.0,1.0,8.33,12.14,3.0,3.0,25.0,36.43,1.0,1.0,8.33,12.14,1.0,1.0,8.33,12.14,0.0,0.0,0.0,0.0,3.0,3.0,25.0,36.43,1.0,1.0,8.33,12.14,0.0,0.0,0.0,0.0,4.0,4.0,33.33,48.57,0.0,0.0,0.0,0.0,2.0,2.0,16.67,24.29,1.0,1.0,8.33,12.14,1.0,1.0,8.33,12.14,0.0,0.0,0.0,0.0,0.0,0.0,0.0,0.0,5.0,5.0,41.67,60.71,2.0,2.0,16.67,24.29,25.0,8.33,16.67,97.14,2.0,2.0,16.67,2.96,2.96,0.25,0.28,0.33,0.0,0.33,0.16,1.0,0.0,1.0,0.67,0.0,0.0,0.42,16.67,0.75
24,蘇士軒,新北國王,4,24|10872|10874|13029,蘇士軒/林彥廷/熊祥泰/杰倫,1,6,6.0,112.88,1.88,01:53,112.88,1.88,01:53,3.0,3.0,50.0,57.41,1.0,1.0,16.67,19.14,2.0,2.0,33.33,38.27,1.0,1.0,16.67,19.14,2.0,2.0,33.33,38.27,1.0,1.0,16.67,19.14,0.0,0.0,0.0,0.0,0.0,0.0,0.0,0.0,3.0,3.0,50.0,57.41,1.0,1.0,16.67,19.14,0.0,0.0,0.0,0.0,2.0,2.0,33.33,38.27,0.0,0.0,0.0,0.0,0.0,0.0,0.0,0.0,0.0,0.0,0.0,0.0,1.0,1.0,16.67,19.14,0.0,0.0,0.0,0.0,0.0,0.0,0.0,0.0,3.0,3.0,50.0,57.41,2.0,2.0,33.33,38.27,50.0,16.67,33.33,76.54,2.0,2.0,33.33,1.88,1.88,0.5,0.45,0.5,,0.33,0.0,1.0,,1.0,1.0,0.0,0.0,0.5,33.33,1.5
24,蘇士軒,新北國王,5,24|32|10872|10874|13029,蘇士軒/奧帝/林彥廷/熊祥泰/杰倫,1,6,6.0,112.88,1.88,01:53,112.88,1.88,01:53,3.0,3.0,50.0,57.41,1.0,1.0,16.67,19.14,2.0,2.0,33.33,38.27,1.0,1.0,16.67,19.14,2.0,2.0,33.33,38.27,1.0,1.0,16.67,19.14,0.0,0.0,0.0,0.0,0.0,0.0,0.0,0.0,3.0,3.0,50.0,57.41,1.0,1.0,16.67,19.14,0.0,0.0,0.0,0.0,2.0,2.0,33.33,38.27,0.0,0.0,0.0,0.0,0.0,0.0,0.0,0.0,0.0,0.0,0.0,0.0,1.0,1.0,16.67,19.14,0.0,0.0,0.0,0.0,0.0,0.0,0.0,0.0,3.0,3.0,50.0,57.41,2.0,2.0,33.33,38.27,50.0,16.67,33.33,76.54,2.0,2.0,33.33,1.88,1.88,0.5,0.45,0.5,,0.33,0.0,1.0,,1.0,1.0,0.0,0.0,0.5,33.33,1.5
32,奧帝,新北國王,3,24|32|10872,蘇士軒/奧帝/林彥廷,1,17,18.0,228.27,3.8,03:48,228.27,3.8,03:48,11.0,11.0,61.11,104.09,6.0,6.0,33.33,56.78,6.0,6.0,33.33,56.78,4.0,4.0,22.22,37.85,6.0,6.0,33.33,56.78,4.0,4.0,22.22,37.85,0.0,0.0,0.0,0.0,0.0,0.0,0.0,0.0,5.0,5.0,27.78,47.31,3.0,3.0,16.67,28.39,0.0,0.0,0.0,0.0,3.0,3.0,16.67,28.39,1.0,1.0,5.56,9.46,3.0,3.0,16.67,28.39,0.0,0.0,0.0,0.0,3.0,3.0,16.67,28.39,0.0,0.0,0.0,0.0,1.0,1.0,5.56,9.46,4.0,4.0,22.22,37.85,2.0,2.0,11.11,18.93,61.11,33.33,27.78,113.55,5.0,5.0,27.78,3.8,3.8,0.67,0.67,0.67,,0.6,0.0,0.75,0.0,0.75,0.43,0.0,5.56,0.22,11.11,0.83
32,奧帝,新北國王,3,24|32|10874,蘇士軒/奧帝/熊祥泰,1,11,12.0,177.88,2.96,02:58,177.88,2.96,02:58,3.0,3.0,25.0,36.43,1.0,1.0,8.33,12.14,4.0,4.0,33.33,48.57,1.0,1.0,8.33,12.14,3.0,3.0,25.0,36.43,1.0,1.0,8.33,12.14,1.0,1.0,8.33,12.14,0.0,0.0,0.0,0.0,3.0,3.0,25.0,36.43,1.0,1.0,8.33,12.14,0.0,0.0,0.0,0.0,4.0,4.0,33.33,48.57,0.0,0.0,0.0,0.0,2.0,2.0,16.67,24.29,1.0,1.0,8.33,12.14,1.0,1.0,8.33,12.14,0.0,0.0,0.0,0.0,0.0,0.0,0.0,0.0,5.0,5.0,41.67,60.71,2.0,2.0,16.67,24.29,25.0,8.33,16.67,97.14,2.0,2.0,16.67,2.96,2.96,0.25,0.28,0.33,0.0,0.33,0.16,1.0,0.0,1.0,0.67,0.0,0.0,0.42,16.67,0.75
32,奧帝,新北國王,3,32|10872|13029,奧帝/林彥廷/杰倫,1,24,26.0,373.72,6.23,06:14,373.72,6.23,06:14,13.0,13.0,50.0,75.14,11.0,11.0,42.31,63.58,10.0,10.0,38.46,57.8,5.0,5.0,19.23,28.9,8.0,8.0,30.77,46.24,5.0,5.0,19.23,28.9,2.0,2.0,7.69,11.56,0.0,0.0,0.0,0.0,7.0,7.0,26.92,40.46,5.0,5.0,19.23,28.9,1.0,1.0,3.85,5.78,5.0,5.0,19.23,28.9,1.0,1.0,3.85,5.78,4.0,4.0,15.38,23.12,0.0,0.0,0.0,0.0,4.0,4.0,15.38,23.12,0.0,0.0,0.0,0.0,1.0,1.0,3.85,5.78,6.0,6.0,23.08,34.68,3.0,3.0,11.54,17.34,50.0,42.31,7.69,100.18,2.0,2.0,7.69,6.23,6.23,0.5,0.5,0.62,0.0,0.71,0.0,0.8,0.2,0.83,0.55,0.0,3.85,0.23,11.54,0.7
32,奧帝,新北國王,4,24|32|10872|10874,蘇士軒/奧帝/林彥廷/熊祥泰,1,6,6.0,112.88,1.88,01:53,112.88,1.88,01:53,3.0,3.0,50.0,57.41,1.0,1.0,16.67,19.14,2.0,2.0,33.33,38.27,1.0,1.0,16.67,19.14,2.0,2.0,33.33,38.27,1.0,1.0,16.67,19.14,0.0,0.0,0.0,0.0,0.0,0.0,0.0,0.0,3.0,3.0,50.0,57.41,1.0,1.0,16.67,19.14,0.0,0.0,0.0,0.0,2.0,2.0,33.33,38.27,0.0,0.0,0.0,0.0,0.0,0.0,0.0,0.0,0.0,0.0,0.0,0.0,1.0,1.0,16.67,19.14,0.0,0.0,0.0,0.0,0.0,0.0,0.0,0.0,3.0,3.0,50.0,57.41,2.0,2.0,33.33,38.27,50.0,16.67,33.33,76.54,2.0,2.0,33.33,1.88,1.88,0.5,0.45,0.5,,0.33,0.0,1.0,,1.0,1.0,0.0,0.0,0.5,33.33,1.5
32,奧帝,新北國王,4,24|32|10872|13029,蘇士軒/奧帝/林彥廷/杰倫,1,17,18.0,228.27,3.8,03:48,228.27,3.8,03:48,11.0,11.0,61.11,104.09,6.0,6.0,33.33,56.78,6.0,6.0,33.33,56.78,4.0,4.0,22.22,37.85,6.0,6.0,33.33,56.78,4.0,4.0,22.22,37.85,0.0,0.0,0.0,0.0,0.0,0.0,0.0,0.0,5.0,5.0,27.78,47.31,3.0,3.0,16.67,28.39,0.0,0.0,0.0,0.0,3.0,3.0,16.67,28.39,1.0,1.0,5.56,9.46,3.0,3.0,16.67,28.39,0.0,0.0,0.0,0.0,3.0,3.0,16.67,28.39,0.0,0.0,0.0,0.0,1.0,1.0,5.56,9.46,4.0,4.0,22.22,37.85,2.0,2.0,11.11,18.93,61.11,33.33,27.78,113.55,5.0,5.0,27.78,3.8,3.8,0.67,0.67,0.67,,0.6,0.0,0.75,0.0,0.75,0.43,0.0,5.56,0.22,11.11,0.83
32,奧帝,新北國王,4,24|32|10874|13029,蘇士軒/奧帝/熊祥泰/杰倫,1,11,12.0,177.88,2.96,02:58,177.88,2.96,02:58,3.0,3.0,25.0,36.43,1.0,1.0,8.33,12.14,4.0,4.0,33.33,48.57,1.0,1.0,8.33,12.14,3.0,3.0,25.0,36.43,1.0,1.0,8.33,12.14,1.0,1.0,8.33,12.14,0.0,0.0,0.0,0.0,3.0,3.0,25.0,36.43,1.0,1.0,8.33,12.14,0.0,0.0,0.0,0.0,4.0,4.0,33.33,48.57,0.0,0.0,0.0,0.0,2.0,2.0,16.67,24.29,1.0,1.0,8.33,12.14,1.0,1.0,8.33,12.14,0.0,0.0,0.0,0.0,0.0,0.0,0.0,0.0,5.0,5.0,41.67,60.71,2.0,2.0,16.67,24.29,25.0,8.33,16.67,97.14,2.0,2.0,16.67,2.96,2.96,0.25,0.28,0.33,0.0,0.33,0.16,1.0,0.0,1.0,0.67,0.0,0.0,0.42,16.67,0.75
32,奧帝,新北國王,4,32|10872|10874|13029,奧帝/林彥廷/熊祥泰/杰倫,1,8,8.0,185.88,3.1,03:06,185.88,3.1,03:06,3.0,3.0,37.5,34.86,3.0,3.0,37.5,34.86,4.0,4.0,50.0,46.48,2.0,2.0,25.0,23.24,3.0,3.0,37.5,34.86,2.0,2.0,25.0,23.24,1.0,1.0,12.5,11.62,0.0,0.0,0.0,0.0,3.0,3.0,37.5,34.86,1.0,1.0,12.5,11.62,0.0,0.0,0.0,0.0,3.0,3.0,37.5,34.86,0.0,0.0,0.0,0.0,0.0,0.0,0.0,0.0,0.0,0.0,0.0,0.0,2.0,2.0,25.0,23.24,0.0,0.0,0.0,0.0,0.0,0.0,0.0,0.0,4.0,4.0,50.0,46.48,2.0,2.0,25.0,23.24,37.5,37.5,0.0,61.98,0.0,0.0,0.0,3.1,3.1,0.5,0.28,0.67,0.0,0.33,0.0,1.0,,1.0,1.0,0.0,0.0,0.5,25.0,0.75
32,奧帝,新北國王,5,24|32|10872|10874|13029,蘇士軒/奧帝/林彥廷/熊祥泰/杰倫,1,6,6.0,112.88,1.88,01:53,112.88,1.88,01:53,3.0,3.0,50.0,57.41,1.0,1.0,16.67,19.14,2.0,2.0,33.33,38.27,1.0,1.0,16.67,19.14,2.0,2.0,33.33,38.27,1.0,1.0,16.67,19.14,0.0,0.0,0.0,0.0,0.0,0.0,0.0,0.0,3.0,3.0,50.0,57.41,1.0,1.0,16.67,19.14,0.0,0.0,0.0,0.0,2.0,2.0,33.33,38.27,0.0,0.0,0.0,0.0,0.0,0.0,0.0,0.0,0.0,0.0,0.0,0.0,1.0,1.0,16.67,19.14,0.0,0.0,0.0,0.0,0.0,0.0,0.0,0.0,3.0,3.0,50.0,57.41,2.0,2.0,33.33,38.27,50.0,16.67,33.33,76.54,2.0,2.0,33.33,1.88,1.88,0.5,0.45,0.5,,0.33,0.0,1.0,,1.0,1.0,0.0,0.0,0.5,33.33,1.5
10872,林彥廷,新北國王,2,24|10872,蘇士軒/林彥廷,1,29,31.0,433.53,7.23,07:14,433.53,7.23,07:14,19.0,19.0,61.29,94.67,11.0,11.0,35.48,54.81,9.0,9.0,29.03,44.84,6.0,6.0,19.35,29.89,7.0,7.0,22.58,34.88,5.0,5.0,16.13,24.91,2.0,2.0,6.45,9.96,1.0,1.0,3.23,4.98,8.0,8.0,25.81,39.86,6.0,6.0,19.35,29.89,0.0,0.0,0.0,0.0,4.0,4.0,12.9,19.93,1.0,1.0,3.23,4.98,7.0,7.0,22.58,34.88,2.0,2.0,6.45,9.96,5.0,5.0,16.13,24.91,2.0,2.0,6.45,9.96,1.0,1.0,3.23,4.98,4.0,4.0,12.9,19.93,3.0,3.0,9.68,14.95,61.29,35.48,25.81,102.97,8.0,8.0,25.81,7.23,7.23,0.72,0.76,0.71,0.5,0.75,0.14,0.83,0.0,0.8,0.33,6.45,3.23,0.13,9.68,0.89
10872,林彥廷,新北國王,2,10872|13029,林彥廷/杰倫,1,53,60.0,874.53,14.58,14:35,874.53,14.58,14:35,26.0,26.0,43.33,64.22,26.0,26.0,43.33,64.22,22.0,22.0,36.67,54.34,9.0,9.0,15.0,22.23,14.0,14.0,23.33,34.58,8.0,8.0,13.33,19.76,8.0,8.0,13.33,19.76,1.0,1.0,1.67,2.47,11.0,11.0,18.33,27.17,9.0,9.0,15.0,22.23,4.0,4.0,6.67,9.88,10.0,10.0,16.67,24.7,2.0,2.0,3.33,4.94,10.0,10.0,16.67,24.7,3.0,3.0,5.0,7.41,6.0,6.0,10.0,14.82,2.0,2.0,3.33,4.94,1.0,1.0,1.67,2.47,8.0,8.0,13.33,19.76,5.0,5.0,8.33,12.35,43.33,43.33,0.0,98.8,0.0,0.0,0.0,14.58,14.58,0.43,0.48,0.57,0.12,0.82,0.1,0.67,0.29,0.83,0.54,3.33,1.67,0.13,8.33,0.5
10872,林彥廷,新北國王,3,24|32|10872,蘇士軒/奧帝/林彥廷,1,17,18.0,228.27,3.8,03:48,228.27,3.8,03:48,11.0,11.0,61.11,104.09,6.0,6.0,33.33,56.78,6.0,6.0,33.33,56.78,4.0,4.0,22.22,37.85,6.0,6.0,33.33,56.78,4.0,4.0,22.22,37.85,0.0,0.0,0.0,0.0,0.0,0.0,0.0,0.0,5.0,5.0,27.78,47.31,3.0,3.0,16.67,28.39,0.0,0.0,0.0,0.0,3.0,3.0,16.67,28.39,1.0,1.0,5.56,9.46,3.0,3.0,16.67,28.39,0.0,0.0,0.0,0.0,3.0,3.0,16.67,28.39,0.0,0.0,0.0,0.0,1.0,1.0,5.56,9.46,4.0,4.0,22.22,37.85,2.0,2.0,11.11,18.93,61.11,33.33,27.78,113.55,5.0,5.0,27.78,3.8,3.8,0.67,0.67,0.67,,0.6,0.0,0.75,0.0,0.75,0.43,0.0,5.56,0.22,11.11,0.83
10872,林彥廷,新北國王,3,24|10872|10874,蘇士軒/林彥廷/熊祥泰,1,6,6.0,112.88,1.88,01:53,112.88,1.88,01:53,3.0,3.0,50.0,57.41,1.0,1.0,16.67,19.14,2.0,2.0,33.33,38.27,1.0,1.0,16.67,19.14,2.0,2.0,33.33,38.27,1.0,1.0,16.67,19.14,0.0,0.0,0.0,0.0,0.0,0.0,0.0,0.0,3.0,3.0,50.0,57.41,1.0,1.0,16.67,19.14,0.0,0.0,0.0,0.0,2.0,2.0,33.33,38.27,0.0,0.0,0.0,0.0,0.0,0.0,0.0,0.0,0.0,0.0,0.0,0.0,1.0,1.0,16.67,19.14,0.0,0.0,0.0,0.0,0.0,0.0,0.0,0.0,3.0,3.0,50.0,57.41,2.0,2.0,33.33,38.27,50.0,16.67,33.33,76.54,2.0,2.0,33.33,1.88,1.88,0.5,0.45,0.5,,0.33,0.0,1.0,,1.0,1.0,0.0,0.0,0.5,33.33,1.5
10872,林彥廷,新北國王,3,24|10872|13029,蘇士軒/林彥廷/杰倫,1,29,31.0,433.53,7.23,07:14,433.53,7.23,07:14,19.0,19.0,61.29,94.67,11.0,11.0,35.48,54.81,9.0,9.0,29.03,44.84,6.0,6.0,19.35,29.89,7.0,7.0,22.58,34.88,5.0,5.0,16.13,24.91,2.0,2.0,6.45,9.96,1.0,1.0,3.23,4.98,8.0,8.0,25.81,39.86,6.0,6.0,19.35,29.89,0.0,0.0,0.0,0.0,4.0,4.0,12.9,19.93,1.0,1.0,3.23,4.98,7.0,7.0,22.58,34.88,2.0,2.0,6.45,9.96,5.0,5.0,16.13,24.91,2.0,2.0,6.45,9.96,1.0,1.0,3.23,4.98,4.0,4.0,12.9,19.93,3.0,3.0,9.68,14.95,61.29,35.48,25.81,102.97,8.0,8.0,25.81,7.23,7.23,0.72,0.76,0.71,0.5,0.75,0.14,0.83,0.0,0.8,0.33,6.45,3.23,0.13,9.68,0.89
10872,林彥廷,新北國王,3,32|10872|13029,奧帝/林彥廷/杰倫,1,24,26.0,373.72,6.23,06:14,373.72,6.23,06:14,13.0,13.0,50.0,75.14,11.0,11.0,42.31,63.58,10.0,10.0,38.46,57.8,5.0,5.0,19.23,28.9,8.0,8.0,30.77,46.24,5.0,5.0,19.23,28.9,2.0,2.0,7.69,11.56,0.0,0.0,0.0,0.0,7.0,7.0,26.92,40.46,5.0,5.0,19.23,28.9,1.0,1.0,3.85,5.78,5.0,5.0,19.23,28.9,1.0,1.0,3.85,5.78,4.0,4.0,15.38,23.12,0.0,0.0,0.0,0.0,4.0,4.0,15.38,23.12,0.0,0.0,0.0,0.0,1.0,1.0,3.85,5.78,6.0,6.0,23.08,34.68,3.0,3.0,11.54,17.34,50.0,42.31,7.69,100.18,2.0,2.0,7.69,6.23,6.23,0.5,0.5,0.62,0.0,0.71,0.0,0.8,0.2,0.83,0.55,0.0,3.85,0.23,11.54,0.7
10872,林彥廷,新北國王,3,10872|10874|13029,林彥廷/熊祥泰/杰倫,1,18,20.0,387.72,6.46,06:28,387.72,6.46,06:28,5.0,5.0,25.0,27.86,8.0,8.0,40.0,44.57,9.0,9.0,45.0,50.14,3.0,3.0,15.0,16.71,5.0,5.0,25.0,27.86,3.0,3.0,15.0,16.71,4.0,4.0,20.0,22.28,0.0,0.0,0.0,0.0,3.0,3.0,15.0,16.71,1.0,1.0,5.0,5.57,1.0,1.0,5.0,5.57,6.0,6.0,30.0,33.43,1.0,1.0,5.0,5.57,2.0,2.0,10.0,11.14,1.0,1.0,5.0,5.57,2.0,2.0,10.0,11.14,0.0,0.0,0.0,0.0,0.0,0.0,0.0,0.0,4.0,4.0,20.0,22.28,3.0,3.0,15.0,16.71,25.0,40.0,-15.0,74.28,-3.0,-3.0,-15.0,6.46,6.46,0.33,0.24,0.6,0.0,0.33,0.09,0.67,0.33,0.86,0.7,0.0,0.0,0.2,15.0,0.33
10872,林彥廷,新北國王,4,24|32|10872|10874,蘇士軒/奧帝/林彥廷/熊祥泰,1,6,6.0,112.88,1.88,01:53,112.88,1.88,01:53,3.0,3.0,50.0,57.41,1.0,1.0,16.67,19.14,2.0,2.0,33.33,38.27,1.0,1.0,16.67,19.14,2.0,2.0,33.33,38.27,1.0,1.0,16.67,19.14,0.0,0.0,0.0,0.0,0.0,0.0,0.0,0.0,3.0,3.0,50.0,57.41,1.0,1.0,16.67,19.14,0.0,0.0,0.0,0.0,2.0,2.0,33.33,38.27,0.0,0.0,0.0,0.0,0.0,0.0,0.0,0.0,0.0,0.0,0.0,0.0,1.0,1.0,16.67,19.14,0.0,0.0,0.0,0.0,0.0,0.0,0.0,0.0,3.0,3.0,50.0,57.41,2.0,2.0,33.33,38.27,50.0,16.67,33.33,76.54,2.0,2.0,33.33,1.88,1.88,0.5,0.45,0.5,,0.33,0.0,1.0,,1.0,1.0,0.0,0.0,0.5,33.33,1.5
10872,林彥廷,新北國王,4,24|32|10872|13029,蘇士軒/奧帝/林彥廷/杰倫,1,17,18.0,228.27,3.8,03:48,228.27,3.8,03:48,11.0,11.0,61.11,104.09,6.0,6.0,33.33,56.78,6.0,6.0,33.33,56.78,4.0,4.0,22.22,37.85,6.0,6.0,33.33,56.78,4.0,4.0,22.22,37.85,0.0,0.0,0.0,0.0,0.0,0.0,0.0,0.0,5.0,5.0,27.78,47.31,3.0,3.0,16.67,28.39,0.0,0.0,0.0,0.0,3.0,3.0,16.67,28.39,1.0,1.0,5.56,9.46,3.0,3.0,16.67,28.39,0.0,0.0,0.0,0.0,3.0,3.0,16.67,28.39,0.0,0.0,0.0,0.0,1.0,1.0,5.56,9.46,4.0,4.0,22.22,37.85,2.0,2.0,11.11,18.93,61.11,33.33,27.78,113.55,5.0,5.0,27.78,3.8,3.8,0.67,0.67,0.67,,0.6,0.0,0.75,0.0,0.75,0.43,0.0,5.56,0.22,11.11,0.83
10872,林彥廷,新北國王,4,24|10872|10874|13029,蘇士軒/林彥廷/熊祥泰/杰倫,1,6,6.0,112.88,1.88,01:53,112.88,1.88,01:53,3.0,3.0,50.0,57.41,1.0,1.0,16.67,19.14,2.0,2.0,33.33,38.27,1.0,1.0,16.67,19.14,2.0,2.0,33.33,38.27,1.0,1.0,16.67,19.14,0.0,0.0,0.0,0.0,0.0,0.0,0.0,0.0,3.0,3.0,50.0,57.41,1.0,1.0,16.67,19.14,0.0,0.0,0.0,0.0,2.0,2.0,33.33,38.27,0.0,0.0,0.0,0.0,0.0,0.0,0.0,0.0,0.0,0.0,0.0,0.0,1.0,1.0,16.67,19.14,0.0,0.0,0.0,0.0,0.0,0.0,0.0,0.0,3.0,3.0,50.0,57.41,2.0,2.0,33.33,38.27,50.0,16.67,33.33,76.54,2.0,2.0,33.33,1.88,1.88,0.5,0.45,0.5,,0.33,0.0,1.0,,1.0,1.0,0.0,0.0,0.5,33.33,1.5
10872,林彥廷,新北國王,4,32|10872|10874|13029,奧帝/林彥廷/熊祥泰/杰倫,1,8,8.0,185.88,3.1,03:06,185.88,3.1,03:06,3.0,3.0,37.5,34.86,3.0,3.0,37.5,34.86,4.0,4.0,50.0,46.48,2.0,2.0,25.0,23.24,3.0,3.0,37.5,34.86,2.0,2.0,25.0,23.24,1.0,1.0,12.5,11.62,0.0,0.0,0.0,0.0,3.0,3.0,37.5,34.86,1.0,1.0,12.5,11.62,0.0,0.0,0.0,0.0,3.0,3.0,37.5,34.86,0.0,0.0,0.0,0.0,0.0,0.0,0.0,0.0,0.0,0.0,0.0,0.0,2.0,2.0,25.0,23.24,0.0,0.0,0.0,0.0,0.0,0.0,0.0,0.0,4.0,4.0,50.0,46.48,2.0,2.0,25.0,23.24,37.5,37.5,0.0,61.98,0.0,0.0,0.0,3.1,3.1,0.5,0.28,0.67,0.0,0.33,0.0,1.0,,1.0,1.0,0.0,0.0,0.5,25.0,0.75
10872,林彥廷,新北國王,5,24|32|10872|10874|13029,蘇士軒/奧帝/林彥廷/熊祥泰/杰倫,1,6,6.0,112.88,1.88,01:53,112.88,1.88,01:53,3.0,3.0,50.0,57.41,1.0,1.0,16.67,19.14,2.0,2.0,33.33,38.27,1.0,1.0,16.67,19.14,2.0,2.0,33.33,38.27,1.0,1.0,16.67,19.14,0.0,0.0,0.0,0.0,0.0,0.0,0.0,0.0,3.0,3.0,50.0,57.41,1.0,1.0,16.67,19.14,0.0,0.0,0.0,0.0,2.0,2.0,33.33,38.27,0.0,0.0,0.0,0.0,0.0,0.0,0.0,0.0,0.0,0.0,0.0,0.0,1.0,1.0,16.67,19.14,0.0,0.0,0.0,0.0,0.0,0.0,0.0,0.0,3.0,3.0,50.0,57.41,2.0,2.0,33.33,38.27,50.0,16.67,33.33,76.54,2.0,2.0,33.33,1.88,1.88,0.5,0.45,0.5,,0.33,0.0,1.0,,1.0,1.0,0.0,0.0,0.5,33.33,1.5
10874,熊祥泰,新北國王,2,24|10874,蘇士軒/熊祥泰,1,11,12.0,177.88,2.96,02:58,177.88,2.96,02:58,3.0,3.0,25.0,36.43,1.0,1.0,8.33,12.14,4.0,4.0,33.33,48.57,1.0,1.0,8.33,12.14,3.0,3.0,25.0,36.43,1.0,1.0,8.33,12.14,1.0,1.0,8.33,12.14,0.0,0.0,0.0,0.0,3.0,3.0,25.0,36.43,1.0,1.0,8.33,12.14,0.0,0.0,0.0,0.0,4.0,4.0,33.33,48.57,0.0,0.0,0.0,0.0,2.0,2.0,16.67,24.29,1.0,1.0,8.33,12.14,1.0,1.0,8.33,12.14,0.0,0.0,0.0,0.0,0.0,0.0,0.0,0.0,5.0,5.0,41.67,60.71,2.0,2.0,16.67,24.29,25.0,8.33,16.67,97.14,2.0,2.0,16.67,2.96,2.96,0.25,0.28,0.33,0.0,0.33,0.16,1.0,0.0,1.0,0.67,0.0,0.0,0.42,16.67,0.75
10874,熊祥泰,新北國王,3,24|32|10874,蘇士軒/奧帝/熊祥泰,1,11,12.0,177.88,2.96,02:58,177.88,2.96,02:58,3.0,3.0,25.0,36.43,1.0,1.0,8.33,12.14,4.0,4.0,33.33,48.57,1.0,1.0,8.33,12.14,3.0,3.0,25.0,36.43,1.0,1.0,8.33,12.14,1.0,1.0,8.33,12.14,0.0,0.0,0.0,0.0,3.0,3.0,25.0,36.43,1.0,1.0,8.33,12.14,0.0,0.0,0.0,0.0,4.0,4.0,33.33,48.57,0.0,0.0,0.0,0.0,2.0,2.0,16.67,24.29,1.0,1.0,8.33,12.14,1.0,1.0,8.33,12.14,0.0,0.0,0.0,0.0,0.0,0.0,0.0,0.0,5.0,5.0,41.67,60.71,2.0,2.0,16.67,24.29,25.0,8.33,16.67,97.14,2.0,2.0,16.67,2.96,2.96,0.25,0.28,0.33,0.0,0.33,0.16,1.0,0.0,1.0,0.67,0.0,0.0,0.42,16.67,0.75
10874,熊祥泰,新北國王,3,24|10872|10874,蘇士軒/林彥廷/熊祥泰,1,6,6.0,112.88,1.88,01:53,112.88,1.88,01:53,3.0,3.0,50.0,57.41,1.0,1.0,16.67,19.14,2.0,2.0,33.33,38.27,1.0,1.0,16.67,19.14,2.0,2.0,33.33,38.27,1.0,1.0,16.67,19.14,0.0,0.0,0.0,0.0,0.0,0.0,0.0,0.0,3.0,3.0,50.0,57.41,1.0,1.0,16.67,19.14,0.0,0.0,0.0,0.0,2.0,2.0,33.33,38.27,0.0,0.0,0.0,0.0,0.0,0.0,0.0,0.0,0.0,0.0,0.0,0.0,1.0,1.0,16.67,19.14,0.0,0.0,0.0,0.0,0.0,0.0,0.0,0.0,3.0,3.0,50.0,57.41,2.0,2.0,33.33,38.27,50.0,16.67,33.33,76.54,2.0,2.0,33.33,1.88,1.88,0.5,0.45,0.5,,0.33,0.0,1.0,,1.0,1.0,0.0,0.0,0.5,33.33,1.5
10874,熊祥泰,新北國王,3,24|10874|13029,蘇士軒/熊祥泰/杰倫,1,11,12.0,177.88,2.96,02:58,177.88,2.96,02:58,3.0,3.0,25.0,36.43,1.0,1.0,8.33,12.14,4.0,4.0,33.33,48.57,1.0,1.0,8.33,12.14,3.0,3.0,25.0,36.43,1.0,1.0,8.33,12.14,1.0,1.0,8.33,12.14,0.0,0.0,0.0,0.0,3.0,3.0,25.0,36.43,1.0,1.0,8.33,12.14,0.0,0.0,0.0,0.0,4.0,4.0,33.33,48.57,0.0,0.0,0.0,0.0,2.0,2.0,16.67,24.29,1.0,1.0,8.33,12.14,1.0,1.0,8.33,12.14,0.0,0.0,0.0,0.0,0.0,0.0,0.0,0.0,5.0,5.0,41.67,60.71,2.0,2.0,16.67,24.29,25.0,8.33,16.67,97.14,2.0,2.0,16.67,2.96,2.96,0.25,0.28,0.33,0.0,0.33,0.16,1.0,0.0,1.0,0.67,0.0,0.0,0.42,16.67,0.75
10874,熊祥泰,新北國王,3,10872|10874|13029,林彥廷/熊祥泰/杰倫,1,18,20.0,387.72,6.46,06:28,387.72,6.46,06:28,5.0,5.0,25.0,27.86,8.0,8.0,40.0,44.57,9.0,9.0,45.0,50.14,3.0,3.0,15.0,16.71,5.0,5.0,25.0,27.86,3.0,3.0,15.0,16.71,4.0,4.0,20.0,22.28,0.0,0.0,0.0,0.0,3.0,3.0,15.0,16.71,1.0,1.0,5.0,5.57,1.0,1.0,5.0,5.57,6.0,6.0,30.0,33.43,1.0,1.0,5.0,5.57,2.0,2.0,10.0,11.14,1.0,1.0,5.0,5.57,2.0,2.0,10.0,11.14,0.0,0.0,0.0,0.0,0.0,0.0,0.0,0.0,4.0,4.0,20.0,22.28,3.0,3.0,15.0,16.71,25.0,40.0,-15.0,74.28,-3.0,-3.0,-15.0,6.46,6.46,0.33,0.24,0.6,0.0,0.33,0.09,0.67,0.33,0.86,0.7,0.0,0.0,0.2,15.0,0.33
10874,熊祥泰,新北國王,4,24|32|10872|10874,蘇士軒/奧帝/林彥廷/熊祥泰,1,6,6.0,112.88,1.88,01:53,112.88,1.88,01:53,3.0,3.0,50.0,57.41,1.0,1.0,16.67,19.14,2.0,2.0,33.33,38.27,1.0,1.0,16.67,19.14,2.0,2.0,33.33,38.27,1.0,1.0,16.67,19.14,0.0,0.0,0.0,0.0,0.0,0.0,0.0,0.0,3.0,3.0,50.0,57.41,1.0,1.0,16.67,19.14,0.0,0.0,0.0,0.0,2.0,2.0,33.33,38.27,0.0,0.0,0.0,0.0,0.0,0.0,0.0,0.0,0.0,0.0,0.0,0.0,1.0,1.0,16.67,19.14,0.0,0.0,0.0,0.0,0.0,0.0,0.0,0.0,3.0,3.0,50.0,57.41,2.0,2.0,33.33,38.27,50.0,16.67,33.33,76.54,2.0,2.0,33.33,1.88,1.88,0.5,0.45,0.5,,0.33,0.0,1.0,,1.0,1.0,0.0,0.0,0.5,33.33,1.5
10874,熊祥泰,新北國王,4,24|32|10874|13029,蘇士軒/奧帝/熊祥泰/杰倫,1,11,12.0,177.88,2.96,02:58,177.88,2.96,02:58,3.0,3.0,25.0,36.43,1.0,1.0,8.33,12.14,4.0,4.0,33.33,48.57,1.0,1.0,8.33,12.14,3.0,3.0,25.0,36.43,1.0,1.0,8.33,12.14,1.0,1.0,8.33,12.14,0.0,0.0,0.0,0.0,3.0,3.0,25.0,36.43,1.0,1.0,8.33,12.14,0.0,0.0,0.0,0.0,4.0,4.0,33.33,48.57,0.0,0.0,0.0,0.0,2.0,2.0,16.67,24.29,1.0,1.0,8.33,12.14,1.0,1.0,8.33,12.14,0.0,0.0,0.0,0.0,0.0,0.0,0.0,0.0,5.0,5.0,41.67,60.71,2.0,2.0,16.67,24.29,25.0,8.33,16.67,97.14,2.0,2.0,16.67,2.96,2.96,0.25,0.28,0.33,0.0,0.33,0.16,1.0,0.0,1.0,0.67,0.0,0.0,0.42,16.67,0.75
10874,熊祥泰,新北國王,4,24|10872|10874|13029,蘇士軒/林彥廷/熊祥泰/杰倫,1,6,6.0,112.88,1.88,01:53,112.88,1.88,01:53,3.0,3.0,50.0,57.41,1.0,1.0,16.67,19.14,2.0,2.0,33.33,38.27,1.0,1.0,16.67,19.14,2.0,2.0,33.33,38.27,1.0,1.0,16.67,19.14,0.0,0.0,0.0,0.0,0.0,0.0,0.0,0.0,3.0,3.0,50.0,57.41,1.0,1.0,16.67,19.14,0.0,0.0,0.0,0.0,2.0,2.0,33.33,38.27,0.0,0.0,0.0,0.0,0.0,0.0,0.0,0.0,0.0,0.0,0.0,0.0,1.0,1.0,16.67,19.14,0.0,0.0,0.0,0.0,0.0,0.0,0.0,0.0,3.0,3.0,50.0,57.41,2.0,2.0,33.33,38.27,50.0,16.67,33.33,76.54,2.0,2.0,33.33,1.88,1.88,0.5,0.45,0.5,,0.33,0.0,1.0,,1.0,1.0,0.0,0.0,0.5,33.33,1.5
10874,熊祥泰,新北國王,4,32|10872|10874|13029,奧帝/林彥廷/熊祥泰/杰倫,1,8,8.0,185.88,3.1,03:06,185.88,3.1,03:06,3.0,3.0,37.5,34.86,3.0,3.0,37.5,34.86,4.0,4.0,50.0,46.48,2.0,2.0,25.0,23.24,3.0,3.0,37.5,34.86,2.0,2.0,25.0,23.24,1.0,1.0,12.5,11.62,0.0,0.0,0.0,0.0,3.0,3.0,37.5,34.86,1.0,1.0,12.5,11.62,0.0,0.0,0.0,0.0,3.0,3.0,37.5,34.86,0.0,0.0,0.0,0.0,0.0,0.0,0.0,0.0,0.0,0.0,0.0,0.0,2.0,2.0,25.0,23.24,0.0,0.0,0.0,0.0,0.0,0.0,0.0,0.0,4.0,4.0,50.0,46.48,2.0,2.0,25.0,23.24,37.5,37.5,0.0,61.98,0.0,0.0,0.0,3.1,3.1,0.5,0.28,0.67,0.0,0.33,0.0,1.0,,1.0,1.0,0.0,0.0,0.5,25.0,0.75
10874,熊祥泰,新北國王,5,24|32|10872|10874|13029,蘇士軒/奧帝/林彥廷/熊祥泰/杰倫,1,6,6.0,112.88,1.88,01:53,112.88,1.88,01:53,3.0,3.0,50.0,57.41,1.0,1.0,16.67,19.14,2.0,2.0,33.33,38.27,1.0,1.0,16.67,19.14,2.0,2.0,33.33,38.27,1.0,1.0,16.67,19.14,0.0,0.0,0.0,0.0,0.0,0.0,0.0,0.0,3.0,3.0,50.0,57.41,1.0,1.0,16.67,19.14,0.0,0.0,0.0,0.0,2.0,2.0,33.33,38.27,0.0,0.0,0.0,0.0,0.0,0.0,0.0,0.0,0.0,0.0,0.0,0.0,1.0,1.0,16.67,19.14,0.0,0.0,0.0,0.0,0.0,0.0,0.0,0.0,3.0,3.0,50.0,57.41,2.0,2.0,33.33,38.27,50.0,16.67,33.33,76.54,2.0,2.0,33.33,1.88,1.88,0.5,0.45,0.5,,0.33,0.0,1.0,,1.0,1.0,0.0,0.0,0.5,33.33,1.5
13029,杰倫,新北國王,2,10872|13029,林彥廷/杰倫,1,53,60.0,874.53,14.58,14:35,874.53,14.58,14:35,26.0,26.0,43.33,64.22,26.0,26.0,43.33,64.22,22.0,22.0,36.67,54.34,9.0,9.0,15.0,22.23,14.0,14.0,23.33,34.58,8.0,8.0,13.33,19.76,8.0,8.0,13.33,19.76,1.0,1.0,1.67,2.47,11.0,11.0,18.33,27.17,9.0,9.0,15.0,22.23,4.0,4.0,6.67,9.88,10.0,10.0,16.67,24.7,2.0,2.0,3.33,4.94,10.0,10.0,16.67,24.7,3.0,3.0,5.0,7.41,6.0,6.0,10.0,14.82,2.0,2.0,3.33,4.94,1.0,1.0,1.67,2.47,8.0,8.0,13.33,19.76,5.0,5.0,8.33,12.35,43.33,43.33,0.0,98.8,0.0,0.0,0.0,14.58,14.58,0.43,0.48,0.57,0.12,0.82,0.1,0.67,0.29,0.83,0.54,3.33,1.67,0.13,8.33,0.5
13029,杰倫,新北國王,3,24|10872|13029,蘇士軒/林彥廷/杰倫,1,29,31.0,433.53,7.23,07:14,433.53,7.23,07:14,19.0,19.0,61.29,94.67,11.0,11.0,35.48,54.81,9.0,9.0,29.03,44.84,6.0,6.0,19.35,29.89,7.0,7.0,22.58,34.88,5.0,5.0,16.13,24.91,2.0,2.0,6.45,9.96,1.0,1.0,3.23,4.98,8.0,8.0,25.81,39.86,6.0,6.0,19.35,29.89,0.0,0.0,0.0,0.0,4.0,4.0,12.9,19.93,1.0,1.0,3.23,4.98,7.0,7.0,22.58,34.88,2.0,2.0,6.45,9.96,5.0,5.0,16.13,24.91,2.0,2.0,6.45,9.96,1.0,1.0,3.23,4.98,4.0,4.0,12.9,19.93,3.0,3.0,9.68,14.95,61.29,35.48,25.81,102.97,8.0,8.0,25.81,7.23,7.23,0.72,0.76,0.71,0.5,0.75,0.14,0.83,0.0,0.8,0.33,6.45,3.23,0.13,9.68,0.89
13029,杰倫,新北國王,3,24|10874|13029,蘇士軒/熊祥泰/杰倫,1,11,12.0,177.88,2.96,02:58,177.88,2.96,02:58,3.0,3.0,25.0,36.43,1.0,1.0,8.33,12.14,4.0,4.0,33.33,48.57,1.0,1.0,8.33,12.14,3.0,3.0,25.0,36.43,1.0,1.0,8.33,12.14,1.0,1.0,8.33,12.14,0.0,0.0,0.0,0.0,3.0,3.0,25.0,36.43,1.0,1.0,8.33,12.14,0.0,0.0,0.0,0.0,4.0,4.0,33.33,48.57,0.0,0.0,0.0,0.0,2.0,2.0,16.67,24.29,1.0,1.0,8.33,12.14,1.0,1.0,8.33,12.14,0.0,0.0,0.0,0.0,0.0,0.0,0.0,0.0,5.0,5.0,41.67,60.71,2.0,2.0,16.67,24.29,25.0,8.33,16.67,97.14,2.0,2.0,16.67,2.96,2.96,0.25,0.28,0.33,0.0,0.33,0.16,1.0,0.0,1.0,0.67,0.0,0.0,0.42,16.67,0.75
13029,杰倫,新北國王,3,32|10872|13029,奧帝/林彥廷/杰倫,1,24,26.0,373.72,6.23,06:14,373.72,6.23,06:14,13.0,13.0,50.0,75.14,11.0,11.0,42.31,63.58,10.0,10.0,38.46,57.8,5.0,5.0,19.23,28.9,8.0,8.0,30.77,46.24,5.0,5.0,19.23,28.9,2.0,2.0,7.69,11.56,0.0,0.0,0.0,0.0,7.0,7.0,26.92,40.46,5.0,5.0,19.23,28.9,1.0,1.0,3.85,5.78,5.0,5.0,19.23,28.9,1.0,1.0,3.85,5.78,4.0,4.0,15.38,23.12,0.0,0.0,0.0,0.0,4.0,4.0,15.38,23.12,0.0,0.0,0.0,0.0,1.0,1.0,3.85,5.78,6.0,6.0,23.08,34.68,3.0,3.0,11.54,17.34,50.0,42.31,7.69,100.18,2.0,2.0,7.69,6.23,6.23,0.5,0.5,0.62,0.0,0.71,0.0,0.8,0.2,0.83,0.55,0.0,3.85,0.23,11.54,0.7
13029,杰倫,新北國王,3,10872|10874|13029,林彥廷/熊祥泰/杰倫,1,18,20.0,387.72,6.46,06:28,387.72,6.46,06:28,5.0,5.0,25.0,27.86,8.0,8.0,40.0,44.57,9.0,9.0,45.0,50.14,3.0,3.0,15.0,16.71,5.0,5.0,25.0,27.86,3.0,3.0,15.0,16.71,4.0,4.0,20.0,22.28,0.0,0.0,0.0,0.0,3.0,3.0,15.0,16.71,1.0,1.0,5.0,5.57,1.0,1.0,5.0,5.57,6.0,6.0,30.0,33.43,1.0,1.0,5.0,5.57,2.0,2.0,10.0,11.14,1.0,1.0,5.0,5.57,2.0,2.0,10.0,11.14,0.0,0.0,0.0,0.0,0.0,0.0,0.0,0.0,4.0,4.0,20.0,22.28,3.0,3.0,15.0,16.71,25.0,40.0,-15.0,74.28,-3.0,-3.0,-15.0,6.46,6.46,0.33,0.24,0.6,0.0,0.33,0.09,0.67,0.33,0.86,0.7,0.0,0.0,0.2,15.0,0.33
13029,杰倫,新北國王,4,24|32|10872|13029,蘇士軒/奧帝/林彥廷/杰倫,1,17,18.0,228.27,3.8,03:48,228.27,3.8,03:48,11.0,11.0,61.11,104.09,6.0,6.0,33.33,56.78,6.0,6.0,33.33,56.78,4.0,4.0,22.22,37.85,6.0,6.0,33.33,56.78,4.0,4.0,22.22,37.85,0.0,0.0,0.0,0.0,0.0,0.0,0.0,0.0,5.0,5.0,27.78,47.31,3.0,3.0,16.67,28.39,0.0,0.0,0.0,0.0,3.0,3.0,16.67,28.39,1.0,1.0,5.56,9.46,3.0,3.0,16.67,28.39,0.0,0.0,0.0,0.0,3.0,3.0,16.67,28.39,0.0,0.0,0.0,0.0,1.0,1.0,5.56,9.46,4.0,4.0,22.22,37.85,2.0,2.0,11.11,18.93,61.11,33.33,27.78,113.55,5.0,5.0,27.78,3.8,3.8,0.67,0.67,0.67,,0.6,0.0,0.75,0.0,0.75,0.43,0.0,5.56,0.22,11.11,0.83
13029,杰倫,新北國王,4,24|32|10874|13029,蘇士軒/奧帝/熊祥泰/杰倫,1,11,12.0,177.88,2.96,02:58,177.88,2.96,02:58,3.0,3.0,25.0,36.43,1.0,1.0,8.33,12.14,4.0,4.0,33.33,48.57,1.0,1.0,8.33,12.14,3.0,3.0,25.0,36.43,1.0,1.0,8.33,12.14,1.0,1.0,8.33,12.14,0.0,0.0,0.0,0.0,3.0,3.0,25.0,36.43,1.0,1.0,8.33,12.14,0.0,0.0,0.0,0.0,4.0,4.0,33.33,48.57,0.0,0.0,0.0,0.0,2.0,2.0,16.67,24.29,1.0,1.0,8.33,12.14,1.0,1.0,8.33,12.14,0.0,0.0,0.0,0.0,0.0,0.0,0.0,0.0,5.0,5.0,41.67,60.71,2.0,2.0,16.67,24.29,25.0,8.33,16.67,97.14,2.0,2.0,16.67,2.96,2.96,0.25,0.28,0.33,0.0,0.33,0.16,1.0,0.0,1.0,0.67,0.0,0.0,0.42,16.67,0.75
13029,杰倫,新北國王,4,24|10872|10874|13029,蘇士軒/林彥廷/熊祥泰/杰倫,1,6,6.0,112.88,1.88,01:53,112.88,1.88,01:53,3.0,3.0,50.0,57.41,1.0,1.0,16.67,19.14,2.0,2.0,33.33,38.27,1.0,1.0,16.67,19.14,2.0,2.0,33.33,38.27,1.0,1.0,16.67,19.14,0.0,0.0,0.0,0.0,0.0,0.0,0.0,0.0,3.0,3.0,50.0,57.41,1.0,1.0,16.67,19.14,0.0,0.0,0.0,0.0,2.0,2.0,33.33,38.27,0.0,0.0,0.0,0.0,0.0,0.0,0.0,0.0,0.0,0.0,0.0,0.0,1.0,1.0,16.67,19.14,0.0,0.0,0.0,0.0,0.0,0.0,0.0,0.0,3.0,3.0,50.0,57.41,2.0,2.0,33.33,38.27,50.0,16.67,33.33,76.54,2.0,2.0,33.33,1.88,1.88,0.5,0.45,0.5,,0.33,0.0,1.0,,1.0,1.0,0.0,0.0,0.5,33.33,1.5
13029,杰倫,新北國王,4,32|10872|10874|13029,奧帝/林彥廷/熊祥泰/杰倫,1,8,8.0,185.88,3.1,03:06,185.88,3.1,03:06,3.0,3.0,37.5,34.86,3.0,3.0,37.5,34.86,4.0,4.0,50.0,46.48,2.0,2.0,25.0,23.24,3.0,3.0,37.5,34.86,2.0,2.0,25.0,23.24,1.0,1.0,12.5,11.62,0.0,0.0,0.0,0.0,3.0,3.0,37.5,34.86,1.0,1.0,12.5,11.62,0.0,0.0,0.0,0.0,3.0,3.0,37.5,34.86,0.0,0.0,0.0,0.0,0.0,0.0,0.0,0.0,0.0,0.0,0.0,0.0,2.0,2.0,25.0,23.24,0.0,0.0,0.0,0.0,0.0,0.0,0.0,0.0,4.0,4.0,50.0,46.48,2.0,2.0,25.0,23.24,37.5,37.5,0.0,61.98,0.0,0.0,0.0,3.1,3.1,0.5,0.28,0.67,0.0,0.33,0.0,1.0,,1.0,1.0,0.0,0.0,0.5,25.0,0.75
13029,杰倫,新北國王,5,24|32|10872|10874|13029,蘇士軒/奧帝/林彥廷/熊祥泰/杰倫,1,6,6.0,112.88,1.88,01:53,112.88,1.88,01:53,3.0,3.0,50.0,57.41,1.0,1.0,16.67,19.14,2.0,2.0,33.33,38.27,1.0,1.0,16.67,19.14,2.0,2.0,33.33,38.27,1.0,1.0,16.67,19.14,0.0,0.0,0.0,0.0,0.0,0.0,0.0,0.0,3.0,3.0,50.0,57.41,1.0,1.0,16.67,19.14,0.0,0.0,0.0,0.0,2.0,2.0,33.33,38.27,0.0,0.0,0.0,0.0,0.0,0.0,0.0,0.0,0.0,0.0,0.0,0.0,1.0,1.0,16.67,19.14,0.0,0.0,0.0,0.0,0.0,0.0,0.0,0.0,3.0,3.0,50.0,57.41,2.0,2.0,33.33,38.27,50.0,16.67,33.33,76.54,2.0,2.0,33.33,1.88,1.88,0.5,0.45,0.5,,0.33,0.0,1.0,,1.0,1.0,0.0,0.0,0.5,33.33,1.5
39,魏嘉豪,新北中信特攻,2,39|44,魏嘉豪/黃泓瀚,1,1,1.0,17.9,0.3,00:18,17.9,0.3,00:18,1.0,1.0,100.0,120.7,0.0,0.0,0.0,0.0,0.0,0.0,0.0,0.0,0.0,0.0,0.0,0.0,0.0,0.0,0.0,0.0,0.0,0.0,0.0,0.0,0.0,0.0,0.0,0.0,0.0,0.0,0.0,0.0,2.0,2.0,200.0,241.39,1.0,1.0,100.0,120.7,0.0,0.0,0.0,0.0,0.0,0.0,0.0,0.0,0.0,0.0,0.0,0.0,0.0,0.0,0.0,0.0,0.0,0.0,0.0,0.0,0.0,0.0,0.0,0.0,0.0,0.0,0.0,0.0,0.0,0.0,0.0,0.0,0.0,0.0,0.0,0.0,0.0,0.0,0.0,0.0,100.0,0.0,100.0,80.46,1.0,1.0,100.0,0.3,0.3,,0.57,,,0.5,0.0,,,,,0.0,0.0,0.0,0.0,
39,魏嘉豪,新北中信特攻,2,39|113,魏嘉豪/林任鴻,1,1,1.0,17.9,0.3,00:18,17.9,0.3,00:18,1.0,1.0,100.0,120.7,0.0,0.0,0.0,0.0,0.0,0.0,0.0,0.0,0.0,0.0,0.0,0.0,0.0,0.0,0.0,0.0,0.0,0.0,0.0,0.0,0.0,0.0,0.0,0.0,0.0,0.0,0.0,0.0,2.0,2.0,200.0,241.39,1.0,1.0,100.0,120.7,0.0,0.0,0.0,0.0,0.0,0.0,0.0,0.0,0.0,0.0,0.0,0.0,0.0,0.0,0.0,0.0,0.0,0.0,0.0,0.0,0.0,0.0,0.0,0.0,0.0,0.0,0.0,0.0,0.0,0.0,0.0,0.0,0.0,0.0,0.0,0.0,0.0,0.0,0.0,0.0,100.0,0.0,100.0,80.46,1.0,1.0,100.0,0.3,0.3,,0.57,,,0.5,0.0,,,,,0.0,0.0,0.0,0.0,
39,魏嘉豪,新北中信特攻,2,39|8889,魏嘉豪/馬可,1,1,1.0,17.9,0.3,00:18,17.9,0.3,00:18,1.0,1.0,100.0,120.7,0.0,0.0,0.0,0.0,0.0,0.0,0.0,0.0,0.0,0.0,0.0,0.0,0.0,0.0,0.0,0.0,0.0,0.0,0.0,0.0,0.0,0.0,0.0,0.0,0.0,0.0,0.0,0.0,2.0,2.0,200.0,241.39,1.0,1.0,100.0,120.7,0.0,0.0,0.0,0.0,0.0,0.0,0.0,0.0,0.0,0.0,0.0,0.0,0.0,0.0,0.0,0.0,0.0,0.0,0.0,0.0,0.0,0.0,0.0,0.0,0.0,0.0,0.0,0.0,0.0,0.0,0.0,0.0,0.0,0.0,0.0,0.0,0.0,0.0,0.0,0.0,100.0,0.0,100.0,80.46,1.0,1.0,100.0,0.3,0.3,,0.57,,,0.5,0.0,,,,,0.0,0.0,0.0,0.0,
39,魏嘉豪,新北中信特攻,2,39|10880,魏嘉豪/內馬,1,1,1.0,17.9,0.3,00:18,17.9,0.3,00:18,1.0,1.0,100.0,120.7,0.0,0.0,0.0,0.0,0.0,0.0,0.0,0.0,0.0,0.0,0.0,0.0,0.0,0.0,0.0,0.0,0.0,0.0,0.0,0.0,0.0,0.0,0.0,0.0,0.0,0.0,0.0,0.0,2.0,2.0,200.0,241.39,1.0,1.0,100.0,120.7,0.0,0.0,0.0,0.0,0.0,0.0,0.0,0.0,0.0,0.0,0.0,0.0,0.0,0.0,0.0,0.0,0.0,0.0,0.0,0.0,0.0,0.0,0.0,0.0,0.0,0.0,0.0,0.0,0.0,0.0,0.0,0.0,0.0,0.0,0.0,0.0,0.0,0.0,0.0,0.0,100.0,0.0,100.0,80.46,1.0,1.0,100.0,0.3,0.3,,0.57,,,0.5,0.0,,,,,0.0,0.0,0.0,0.0,
39,魏嘉豪,新北中信特攻,3,39|44|113,魏嘉豪/黃泓瀚/林任鴻,1,1,1.0,17.9,0.3,00:18,17.9,0.3,00:18,1.0,1.0,100.0,120.7,0.0,0.0,0.0,0.0,0.0,0.0,0.0,0.0,0.0,0.0,0.0,0.0,0.0,0.0,0.0,0.0,0.0,0.0,0.0,0.0,0.0,0.0,0.0,0.0,0.0,0.0,0.0,0.0,2.0,2.0,200.0,241.39,1.0,1.0,100.0,120.7,0.0,0.0,0.0,0.0,0.0,0.0,0.0,0.0,0.0,0.0,0.0,0.0,0.0,0.0,0.0,0.0,0.0,0.0,0.0,0.0,0.0,0.0,0.0,0.0,0.0,0.0,0.0,0.0,0.0,0.0,0.0,0.0,0.0,0.0,0.0,0.0,0.0,0.0,0.0,0.0,100.0,0.0,100.0,80.46,1.0,1.0,100.0,0.3,0.3,,0.57,,,0.5,0.0,,,,,0.0,0.0,0.0,0.0,
39,魏嘉豪,新北中信特攻,3,39|44|8889,魏嘉豪/黃泓瀚/馬可,1,1,1.0,17.9,0.3,00:18,17.9,0.3,00:18,1.0,1.0,100.0,120.7,0.0,0.0,0.0,0.0,0.0,0.0,0.0,0.0,0.0,0.0,0.0,0.0,0.0,0.0,0.0,0.0,0.0,0.0,0.0,0.0,0.0,0.0,0.0,0.0,0.0,0.0,0.0,0.0,2.0,2.0,200.0,241.39,1.0,1.0,100.0,120.7,0.0,0.0,0.0,0.0,0.0,0.0,0.0,0.0,0.0,0.0,0.0,0.0,0.0,0.0,0.0,0.0,0.0,0.0,0.0,0.0,0.0,0.0,0.0,0.0,0.0,0.0,0.0,0.0,0.0,0.0,0.0,0.0,0.0,0.0,0.0,0.0,0.0,0.0,0.0,0.0,100.0,0.0,100.0,80.46,1.0,1.0,100.0,0.3,0.3,,0.57,,,0.5,0.0,,,,,0.0,0.0,0.0,0.0,
39,魏嘉豪,新北中信特攻,3,39|44|10880,魏嘉豪/黃泓瀚/內馬,1,1,1.0,17.9,0.3,00:18,17.9,0.3,00:18,1.0,1.0,100.0,120.7,0.0,0.0,0.0,0.0,0.0,0.0,0.0,0.0,0.0,0.0,0.0,0.0,0.0,0.0,0.0,0.0,0.0,0.0,0.0,0.0,0.0,0.0,0.0,0.0,0.0,0.0,0.0,0.0,2.0,2.0,200.0,241.39,1.0,1.0,100.0,120.7,0.0,0.0,0.0,0.0,0.0,0.0,0.0,0.0,0.0,0.0,0.0,0.0,0.0,0.0,0.0,0.0,0.0,0.0,0.0,0.0,0.0,0.0,0.0,0.0,0.0,0.0,0.0,0.0,0.0,0.0,0.0,0.0,0.0,0.0,0.0,0.0,0.0,0.0,0.0,0.0,100.0,0.0,100.0,80.46,1.0,1.0,100.0,0.3,0.3,,0.57,,,0.5,0.0,,,,,0.0,0.0,0.0,0.0,
39,魏嘉豪,新北中信特攻,3,39|113|8889,魏嘉豪/林任鴻/馬可,1,1,1.0,17.9,0.3,00:18,17.9,0.3,00:18,1.0,1.0,100.0,120.7,0.0,0.0,0.0,0.0,0.0,0.0,0.0,0.0,0.0,0.0,0.0,0.0,0.0,0.0,0.0,0.0,0.0,0.0,0.0,0.0,0.0,0.0,0.0,0.0,0.0,0.0,0.0,0.0,2.0,2.0,200.0,241.39,1.0,1.0,100.0,120.7,0.0,0.0,0.0,0.0,0.0,0.0,0.0,0.0,0.0,0.0,0.0,0.0,0.0,0.0,0.0,0.0,0.0,0.0,0.0,0.0,0.0,0.0,0.0,0.0,0.0,0.0,0.0,0.0,0.0,0.0,0.0,0.0,0.0,0.0,0.0,0.0,0.0,0.0,0.0,0.0,100.0,0.0,100.0,80.46,1.0,1.0,100.0,0.3,0.3,,0.57,,,0.5,0.0,,,,,0.0,0.0,0.0,0.0,
39,魏嘉豪,新北中信特攻,3,39|113|10880,魏嘉豪/林任鴻/內馬,1,1,1.0,17.9,0.3,00:18,17.9,0.3,00:18,1.0,1.0,100.0,120.7,0.0,0.0,0.0,0.0,0.0,0.0,0.0,0.0,0.0,0.0,0.0,0.0,0.0,0.0,0.0,0.0,0.0,0.0,0.0,0.0,0.0,0.0,0.0,0.0,0.0,0.0,0.0,0.0,2.0,2.0,200.0,241.39,1.0,1.0,100.0,120.7,0.0,0.0,0.0,0.0,0.0,0.0,0.0,0.0,0.0,0.0,0.0,0.0,0.0,0.0,0.0,0.0,0.0,0.0,0.0,0.0,0.0,0.0,0.0,0.0,0.0,0.0,0.0,0.0,0.0,0.0,0.0,0.0,0.0,0.0,0.0,0.0,0.0,0.0,0.0,0.0,100.0,0.0,100.0,80.46,1.0,1.0,100.0,0.3,0.3,,0.57,,,0.5,0.0,,,,,0.0,0.0,0.0,0.0,
39,魏嘉豪,新北中信特攻,3,39|8889|10880,魏嘉豪/馬可/內馬,1,1,1.0,17.9,0.3,00:18,17.9,0.3,00:18,1.0,1.0,100.0,120.7,0.0,0.0,0.0,0.0,0.0,0.0,0.0,0.0,0.0,0.0,0.0,0.0,0.0,0.0,0.0,0.0,0.0,0.0,0.0,0.0,0.0,0.0,0.0,0.0,0.0,0.0,0.0,0.0,2.0,2.0,200.0,241.39,1.0,1.0,100.0,120.7,0.0,0.0,0.0,0.0,0.0,0.0,0.0,0.0,0.0,0.0,0.0,0.0,0.0,0.0,0.0,0.0,0.0,0.0,0.0,0.0,0.0,0.0,0.0,0.0,0.0,0.0,0.0,0.0,0.0,0.0,0.0,0.0,0.0,0.0,0.0,0.0,0.0,0.0,0.0,0.0,100.0,0.0,100.0,80.46,1.0,1.0,100.0,0.3,0.3,,0.57,,,0.5,0.0,,,,,0.0,0.0,0.0,0.0,
39,魏嘉豪,新北中信特攻,4,39|44|113|8889,魏嘉豪/黃泓瀚/林任鴻/馬可,1,1,1.0,17.9,0.3,00:18,17.9,0.3,00:18,1.0,1.0,100.0,120.7,0.0,0.0,0.0,0.0,0.0,0.0,0.0,0.0,0.0,0.0,0.0,0.0,0.0,0.0,0.0,0.0,0.0,0.0,0.0,0.0,0.0,0.0,0.0,0.0,0.0,0.0,0.0,0.0,2.0,2.0,200.0,241.39,1.0,1.0,100.0,120.7,0.0,0.0,0.0,0.0,0.0,0.0,0.0,0.0,0.0,0.0,0.0,0.0,0.0,0.0,0.0,0.0,0.0,0.0,0.0,0.0,0.0,0.0,0.0,0.0,0.0,0.0,0.0,0.0,0.0,0.0,0.0,0.0,0.0,0.0,0.0,0.0,0.0,0.0,0.0,0.0,100.0,0.0,100.0,80.46,1.0,1.0,100.0,0.3,0.3,,0.57,,,0.5,0.0,,,,,0.0,0.0,0.0,0.0,
39,魏嘉豪,新北中信特攻,4,39|44|113|10880,魏嘉豪/黃泓瀚/林任鴻/內馬,1,1,1.0,17.9,0.3,00:18,17.9,0.3,00:18,1.0,1.0,100.0,120.7,0.0,0.0,0.0,0.0,0.0,0.0,0.0,0.0,0.0,0.0,0.0,0.0,0.0,0.0,0.0,0.0,0.0,0.0,0.0,0.0,0.0,0.0,0.0,0.0,0.0,0.0,0.0,0.0,2.0,2.0,200.0,241.39,1.0,1.0,100.0,120.7,0.0,0.0,0.0,0.0,0.0,0.0,0.0,0.0,0.0,0.0,0.0,0.0,0.0,0.0,0.0,0.0,0.0,0.0,0.0,0.0,0.0,0.0,0.0,0.0,0.0,0.0,0.0,0.0,0.0,0.0,0.0,0.0,0.0,0.0,0.0,0.0,0.0,0.0,0.0,0.0,100.0,0.0,100.0,80.46,1.0,1.0,100.0,0.3,0.3,,0.57,,,0.5,0.0,,,,,0.0,0.0,0.0,0.0,
39,魏嘉豪,新北中信特攻,4,39|44|8889|10880,魏嘉豪/黃泓瀚/馬可/內馬,1,1,1.0,17.9,0.3,00:18,17.9,0.3,00:18,1.0,1.0,100.0,120.7,0.0,0.0,0.0,0.0,0.0,0.0,0.0,0.0,0.0,0.0,0.0,0.0,0.0,0.0,0.0,0.0,0.0,0.0,0.0,0.0,0.0,0.0,0.0,0.0,0.0,0.0,0.0,0.0,2.0,2.0,200.0,241.39,1.0,1.0,100.0,120.7,0.0,0.0,0.0,0.0,0.0,0.0,0.0,0.0,0.0,0.0,0.0,0.0,0.0,0.0,0.0,0.0,0.0,0.0,0.0,0.0,0.0,0.0,0.0,0.0,0.0,0.0,0.0,0.0,0.0,0.0,0.0,0.0,0.0,0.0,0.0,0.0,0.0,0.0,0.0,0.0,100.0,0.0,100.0,80.46,1.0,1.0,100.0,0.3,0.3,,0.57,,,0.5,0.0,,,,,0.0,0.0,0.0,0.0,
39,魏嘉豪,新北中信特攻,4,39|113|8889|10880,魏嘉豪/林任鴻/馬可/內馬,1,1,1.0,17.9,0.3,00:18,17.9,0.3,00:18,1.0,1.0,100.0,120.7,0.0,0.0,0.0,0.0,0.0,0.0,0.0,0.0,0.0,0.0,0.0,0.0,0.0,0.0,0.0,0.0,0.0,0.0,0.0,0.0,0.0,0.0,0.0,0.0,0.0,0.0,0.0,0.0,2.0,2.0,200.0,241.39,1.0,1.0,100.0,120.7,0.0,0.0,0.0,0.0,0.0,0.0,0.0,0.0,0.0,0.0,0.0,0.0,0.0,0.0,0.0,0.0,0.0,0.0,0.0,0.0,0.0,0.0,0.0,0.0,0.0,0.0,0.0,0.0,0.0,0.0,0.0,0.0,0.0,0.0,0.0,0.0,0.0,0.0,0.0,0.0,100.0,0.0,100.0,80.46,1.0,1.0,100.0,0.3,0.3,,0.57,,,0.5,0.0,,,,,0.0,0.0,0.0,0.0,
39,魏嘉豪,新北中信特攻,5,39|44|113|8889|10880,魏嘉豪/黃泓瀚/林任鴻/馬可/內馬,1,1,1.0,17.9,0.3,00:18,17.9,0.3,00:18,1.0,1.0,100.0,120.7,0.0,0.0,0.0,0.0,0.0,0.0,0.0,0.0,0.0,0.0,0.0,0.0,0.0,0.0,0.0,0.0,0.0,0.0,0.0,0.0,0.0,0.0,0.0,0.0,0.0,0.0,0.0,0.0,2.0,2.0,200.0,241.39,1.0,1.0,100.0,120.7,0.0,0.0,0.0,0.0,0.0,0.0,0.0,0.0,0.0,0.0,0.0,0.0,0.0,0.0,0.0,0.0,0.0,0.0,0.0,0.0,0.0,0.0,0.0,0.0,0.0,0.0,0.0,0.0,0.0,0.0,0.0,0.0,0.0,0.0,0.0,0.0,0.0,0.0,0.0,0.0,100.0,0.0,100.0,80.46,1.0,1.0,100.0,0.3,0.3,,0.57,,,0.5,0.0,,,,,0.0,0.0,0.0,0.0,
44,黃泓瀚,新北中信特攻,2,39|44,魏嘉豪/黃泓瀚,1,1,1.0,17.9,0.3,00:18,17.9,0.3,00:18,1.0,1.0,100.0,120.7,0.0,0.0,0.0,0.0,0.0,0.0,0.0,0.0,0.0,0.0,0.0,0.0,0.0,0.0,0.0,0.0,0.0,0.0,0.0,0.0,0.0,0.0,0.0,0.0,0.0,0.0,0.0,0.0,2.0,2.0,200.0,241.39,1.0,1.0,100.0,120.7,0.0,0.0,0.0,0.0,0.0,0.0,0.0,0.0,0.0,0.0,0.0,0.0,0.0,0.0,0.0,0.0,0.0,0.0,0.0,0.0,0.0,0.0,0.0,0.0,0.0,0.0,0.0,0.0,0.0,0.0,0.0,0.0,0.0,0.0,0.0,0.0,0.0,0.0,0.0,0.0,100.0,0.0,100.0,80.46,1.0,1.0,100.0,0.3,0.3,,0.57,,,0.5,0.0,,,,,0.0,0.0,0.0,0.0,
44,黃泓瀚,新北中信特攻,2,44|113,黃泓瀚/林任鴻,1,1,1.0,17.9,0.3,00:18,17.9,0.3,00:18,1.0,1.0,100.0,120.7,0.0,0.0,0.0,0.0,0.0,0.0,0.0,0.0,0.0,0.0,0.0,0.0,0.0,0.0,0.0,0.0,0.0,0.0,0.0,0.0,0.0,0.0,0.0,0.0,0.0,0.0,0.0,0.0,2.0,2.0,200.0,241.39,1.0,1.0,100.0,120.7,0.0,0.0,0.0,0.0,0.0,0.0,0.0,0.0,0.0,0.0,0.0,0.0,0.0,0.0,0.0,0.0,0.0,0.0,0.0,0.0,0.0,0.0,0.0,0.0,0.0,0.0,0.0,0.0,0.0,0.0,0.0,0.0,0.0,0.0,0.0,0.0,0.0,0.0,0.0,0.0,100.0,0.0,100.0,80.46,1.0,1.0,100.0,0.3,0.3,,0.57,,,0.5,0.0,,,,,0.0,0.0,0.0,0.0,
44,黃泓瀚,新北中信特攻,2,44|8889,黃泓瀚/馬可,1,1,1.0,17.9,0.3,00:18,17.9,0.3,00:18,1.0,1.0,100.0,120.7,0.0,0.0,0.0,0.0,0.0,0.0,0.0,0.0,0.0,0.0,0.0,0.0,0.0,0.0,0.0,0.0,0.0,0.0,0.0,0.0,0.0,0.0,0.0,0.0,0.0,0.0,0.0,0.0,2.0,2.0,200.0,241.39,1.0,1.0,100.0,120.7,0.0,0.0,0.0,0.0,0.0,0.0,0.0,0.0,0.0,0.0,0.0,0.0,0.0,0.0,0.0,0.0,0.0,0.0,0.0,0.0,0.0,0.0,0.0,0.0,0.0,0.0,0.0,0.0,0.0,0.0,0.0,0.0,0.0,0.0,0.0,0.0,0.0,0.0,0.0,0.0,100.0,0.0,100.0,80.46,1.0,1.0,100.0,0.3,0.3,,0.57,,,0.5,0.0,,,,,0.0,0.0,0.0,0.0,
44,黃泓瀚,新北中信特攻,2,44|10880,黃泓瀚/內馬,1,1,1.0,17.9,0.3,00:18,17.9,0.3,00:18,1.0,1.0,100.0,120.7,0.0,0.0,0.0,0.0,0.0,0.0,0.0,0.0,0.0,0.0,0.0,0.0,0.0,0.0,0.0,0.0,0.0,0.0,0.0,0.0,0.0,0.0,0.0,0.0,0.0,0.0,0.0,0.0,2.0,2.0,200.0,241.39,1.0,1.0,100.0,120.7,0.0,0.0,0.0,0.0,0.0,0.0,0.0,0.0,0.0,0.0,0.0,0.0,0.0,0.0,0.0,0.0,0.0,0.0,0.0,0.0,0.0,0.0,0.0,0.0,0.0,0.0,0.0,0.0,0.0,0.0,0.0,0.0,0.0,0.0,0.0,0.0,0.0,0.0,0.0,0.0,100.0,0.0,100.0,80.46,1.0,1.0,100.0,0.3,0.3,,0.57,,,0.5,0.0,,,,,0.0,0.0,0.0,0.0,
44,黃泓瀚,新北中信特攻,3,39|44|113,魏嘉豪/黃泓瀚/林任鴻,1,1,1.0,17.9,0.3,00:18,17.9,0.3,00:18,1.0,1.0,100.0,120.7,0.0,0.0,0.0,0.0,0.0,0.0,0.0,0.0,0.0,0.0,0.0,0.0,0.0,0.0,0.0,0.0,0.0,0.0,0.0,0.0,0.0,0.0,0.0,0.0,0.0,0.0,0.0,0.0,2.0,2.0,200.0,241.39,1.0,1.0,100.0,120.7,0.0,0.0,0.0,0.0,0.0,0.0,0.0,0.0,0.0,0.0,0.0,0.0,0.0,0.0,0.0,0.0,0.0,0.0,0.0,0.0,0.0,0.0,0.0,0.0,0.0,0.0,0.0,0.0,0.0,0.0,0.0,0.0,0.0,0.0,0.0,0.0,0.0,0.0,0.0,0.0,100.0,0.0,100.0,80.46,1.0,1.0,100.0,0.3,0.3,,0.57,,,0.5,0.0,,,,,0.0,0.0,0.0,0.0,
44,黃泓瀚,新北中信特攻,3,39|44|8889,魏嘉豪/黃泓瀚/馬可,1,1,1.0,17.9,0.3,00:18,17.9,0.3,00:18,1.0,1.0,100.0,120.7,0.0,0.0,0.0,0.0,0.0,0.0,0.0,0.0,0.0,0.0,0.0,0.0,0.0,0.0,0.0,0.0,0.0,0.0,0.0,0.0,0.0,0.0,0.0,0.0,0.0,0.0,0.0,0.0,2.0,2.0,200.0,241.39,1.0,1.0,100.0,120.7,0.0,0.0,0.0,0.0,0.0,0.0,0.0,0.0,0.0,0.0,0.0,0.0,0.0,0.0,0.0,0.0,0.0,0.0,0.0,0.0,0.0,0.0,0.0,0.0,0.0,0.0,0.0,0.0,0.0,0.0,0.0,0.0,0.0,0.0,0.0,0.0,0.0,0.0,0.0,0.0,100.0,0.0,100.0,80.46,1.0,1.0,100.0,0.3,0.3,,0.57,,,0.5,0.0,,,,,0.0,0.0,0.0,0.0,
44,黃泓瀚,新北中信特攻,3,39|44|10880,魏嘉豪/黃泓瀚/內馬,1,1,1.0,17.9,0.3,00:18,17.9,0.3,00:18,1.0,1.0,100.0,120.7,0.0,0.0,0.0,0.0,0.0,0.0,0.0,0.0,0.0,0.0,0.0,0.0,0.0,0.0,0.0,0.0,0.0,0.0,0.0,0.0,0.0,0.0,0.0,0.0,0.0,0.0,0.0,0.0,2.0,2.0,200.0,241.39,1.0,1.0,100.0,120.7,0.0,0.0,0.0,0.0,0.0,0.0,0.0,0.0,0.0,0.0,0.0,0.0,0.0,0.0,0.0,0.0,0.0,0.0,0.0,0.0,0.0,0.0,0.0,0.0,0.0,0.0,0.0,0.0,0.0,0.0,0.0,0.0,0.0,0.0,0.0,0.0,0.0,0.0,0.0,0.0,100.0,0.0,100.0,80.46,1.0,1.0,100.0,0.3,0.3,,0.57,,,0.5,0.0,,,,,0.0,0.0,0.0,0.0,
44,黃泓瀚,新北中信特攻,3,44|113|8889,黃泓瀚/林任鴻/馬可,1,1,1.0,17.9,0.3,00:18,17.9,0.3,00:18,1.0,1.0,100.0,120.7,0.0,0.0,0.0,0.0,0.0,0.0,0.0,0.0,0.0,0.0,0.0,0.0,0.0,0.0,0.0,0.0,0.0,0.0,0.0,0.0,0.0,0.0,0.0,0.0,0.0,0.0,0.0,0.0,2.0,2.0,200.0,241.39,1.0,1.0,100.0,120.7,0.0,0.0,0.0,0.0,0.0,0.0,0.0,0.0,0.0,0.0,0.0,0.0,0.0,0.0,0.0,0.0,0.0,0.0,0.0,0.0,0.0,0.0,0.0,0.0,0.0,0.0,0.0,0.0,0.0,0.0,0.0,0.0,0.0,0.0,0.0,0.0,0.0,0.0,0.0,0.0,100.0,0.0,100.0,80.46,1.0,1.0,100.0,0.3,0.3,,0.57,,,0.5,0.0,,,,,0.0,0.0,0.0,0.0,
44,黃泓瀚,新北中信特攻,3,44|113|10880,黃泓瀚/林任鴻/內馬,1,1,1.0,17.9,0.3,00:18,17.9,0.3,00:18,1.0,1.0,100.0,120.7,0.0,0.0,0.0,0.0,0.0,0.0,0.0,0.0,0.0,0.0,0.0,0.0,0.0,0.0,0.0,0.0,0.0,0.0,0.0,0.0,0.0,0.0,0.0,0.0,0.0,0.0,0.0,0.0,2.0,2.0,200.0,241.39,1.0,1.0,100.0,120.7,0.0,0.0,0.0,0.0,0.0,0.0,0.0,0.0,0.0,0.0,0.0,0.0,0.0,0.0,0.0,0.0,0.0,0.0,0.0,0.0,0.0,0.0,0.0,0.0,0.0,0.0,0.0,0.0,0.0,0.0,0.0,0.0,0.0,0.0,0.0,0.0,0.0,0.0,0.0,0.0,100.0,0.0,100.0,80.46,1.0,1.0,100.0,0.3,0.3,,0.57,,,0.5,0.0,,,,,0.0,0.0,0.0,0.0,
44,黃泓瀚,新北中信特攻,3,44|8889|10880,黃泓瀚/馬可/內馬,1,1,1.0,17.9,0.3,00:18,17.9,0.3,00:18,1.0,1.0,100.0,120.7,0.0,0.0,0.0,0.0,0.0,0.0,0.0,0.0,0.0,0.0,0.0,0.0,0.0,0.0,0.0,0.0,0.0,0.0,0.0,0.0,0.0,0.0,0.0,0.0,0.0,0.0,0.0,0.0,2.0,2.0,200.0,241.39,1.0,1.0,100.0,120.7,0.0,0.0,0.0,0.0,0.0,0.0,0.0,0.0,0.0,0.0,0.0,0.0,0.0,0.0,0.0,0.0,0.0,0.0,0.0,0.0,0.0,0.0,0.0,0.0,0.0,0.0,0.0,0.0,0.0,0.0,0.0,0.0,0.0,0.0,0.0,0.0,0.0,0.0,0.0,0.0,100.0,0.0,100.0,80.46,1.0,1.0,100.0,0.3,0.3,,0.57,,,0.5,0.0,,,,,0.0,0.0,0.0,0.0,
44,黃泓瀚,新北中信特攻,4,39|44|113|8889,魏嘉豪/黃泓瀚/林任鴻/馬可,1,1,1.0,17.9,0.3,00:18,17.9,0.3,00:18,1.0,1.0,100.0,120.7,0.0,0.0,0.0,0.0,0.0,0.0,0.0,0.0,0.0,0.0,0.0,0.0,0.0,0.0,0.0,0.0,0.0,0.0,0.0,0.0,0.0,0.0,0.0,0.0,0.0,0.0,0.0,0.0,2.0,2.0,200.0,241.39,1.0,1.0,100.0,120.7,0.0,0.0,0.0,0.0,0.0,0.0,0.0,0.0,0.0,0.0,0.0,0.0,0.0,0.0,0.0,0.0,0.0,0.0,0.0,0.0,0.0,0.0,0.0,0.0,0.0,0.0,0.0,0.0,0.0,0.0,0.0,0.0,0.0,0.0,0.0,0.0,0.0,0.0,0.0,0.0,100.0,0.0,100.0,80.46,1.0,1.0,100.0,0.3,0.3,,0.57,,,0.5,0.0,,,,,0.0,0.0,0.0,0.0,
44,黃泓瀚,新北中信特攻,4,39|44|113|10880,魏嘉豪/黃泓瀚/林任鴻/內馬,1,1,1.0,17.9,0.3,00:18,17.9,0.3,00:18,1.0,1.0,100.0,120.7,0.0,0.0,0.0,0.0,0.0,0.0,0.0,0.0,0.0,0.0,0.0,0.0,0.0,0.0,0.0,0.0,0.0,0.0,0.0,0.0,0.0,0.0,0.0,0.0,0.0,0.0,0.0,0.0,2.0,2.0,200.0,241.39,1.0,1.0,100.0,120.7,0.0,0.0,0.0,0.0,0.0,0.0,0.0,0.0,0.0,0.0,0.0,0.0,0.0,0.0,0.0,0.0,0.0,0.0,0.0,0.0,0.0,0.0,0.0,0.0,0.0,0.0,0.0,0.0,0.0,0.0,0.0,0.0,0.0,0.0,0.0,0.0,0.0,0.0,0.0,0.0,100.0,0.0,100.0,80.46,1.0,1.0,100.0,0.3,0.3,,0.57,,,0.5,0.0,,,,,0.0,0.0,0.0,0.0,
44,黃泓瀚,新北中信特攻,4,39|44|8889|10880,魏嘉豪/黃泓瀚/馬可/內馬,1,1,1.0,17.9,0.3,00:18,17.9,0.3,00:18,1.0,1.0,100.0,120.7,0.0,0.0,0.0,0.0,0.0,0.0,0.0,0.0,0.0,0.0,0.0,0.0,0.0,0.0,0.0,0.0,0.0,0.0,0.0,0.0,0.0,0.0,0.0,0.0,0.0,0.0,0.0,0.0,2.0,2.0,200.0,241.39,1.0,1.0,100.0,120.7,0.0,0.0,0.0,0.0,0.0,0.0,0.0,0.0,0.0,0.0,0.0,0.0,0.0,0.0,0.0,0.0,0.0,0.0,0.0,0.0,0.0,0.0,0.0,0.0,0.0,0.0,0.0,0.0,0.0,0.0,0.0,0.0,0.0,0.0,0.0,0.0,0.0,0.0,0.0,0.0,100.0,0.0,100.0,80.46,1.0,1.0,100.0,0.3,0.3,,0.57,,,0.5,0.0,,,,,0.0,0.0,0.0,0.0,
44,黃泓瀚,新北中信特攻,4,44|113|8889|10880,黃泓瀚/林任鴻/馬可/內馬,1,1,1.0,17.9,0.3,00:18,17.9,0.3,00:18,1.0,1.0,100.0,120.7,0.0,0.0,0.0,0.0,0.0,0.0,0.0,0.0,0.0,0.0,0.0,0.0,0.0,0.0,0.0,0.0,0.0,0.0,0.0,0.0,0.0,0.0,0.0,0.0,0.0,0.0,0.0,0.0,2.0,2.0,200.0,241.39,1.0,1.0,100.0,120.7,0.0,0.0,0.0,0.0,0.0,0.0,0.0,0.0,0.0,0.0,0.0,0.0,0.0,0.0,0.0,0.0,0.0,0.0,0.0,0.0,0.0,0.0,0.0,0.0,0.0,0.0,0.0,0.0,0.0,0.0,0.0,0.0,0.0,0.0,0.0,0.0,0.0,0.0,0.0,0.0,100.0,0.0,100.0,80.46,1.0,1.0,100.0,0.3,0.3,,0.57,,,0.5,0.0,,,,,0.0,0.0,0.0,0.0,
44,黃泓瀚,新北中信特攻,5,39|44|113|8889|10880,魏嘉豪/黃泓瀚/林任鴻/馬可/內馬,1,1,1.0,17.9,0.3,00:18,17.9,0.3,00:18,1.0,1.0,100.0,120.7,0.0,0.0,0.0,0.0,0.0,0.0,0.0,0.0,0.0,0.0,0.0,0.0,0.0,0.0,0.0,0.0,0.0,0.0,0.0,0.0,0.0,0.0,0.0,0.0,0.0,0.0,0.0,0.0,2.0,2.0,200.0,241.39,1.0,1.0,100.0,120.7,0.0,0.0,0.0,0.0,0.0,0.0,0.0,0.0,0.0,0.0,0.0,0.0,0.0,0.0,0.0,0.0,0.0,0.0,0.0,0.0,0.0,0.0,0.0,0.0,0.0,0.0,0.0,0.0,0.0,0.0,0.0,0.0,0.0,0.0,0.0,0.0,0.0,0.0,0.0,0.0,100.0,0.0,100.0,80.46,1.0,1.0,100.0,0.3,0.3,,0.57,,,0.5,0.0,,,,,0.0,0.0,0.0,0.0,
113,林任鴻,新北中信特攻,2,39|113,魏嘉豪/林任鴻,1,1,1.0,17.9,0.3,00:18,17.9,0.3,00:18,1.0,1.0,100.0,120.7,0.0,0.0,0.0,0.0,0.0,0.0,0.0,0.0,0.0,0.0,0.0,0.0,0.0,0.0,0.0,0.0,0.0,0.0,0.0,0.0,0.0,0.0,0.0,0.0,0.0,0.0,0.0,0.0,2.0,2.0,200.0,241.39,1.0,1.0,100.0,120.7,0.0,0.0,0.0,0.0,0.0,0.0,0.0,0.0,0.0,0.0,0.0,0.0,0.0,0.0,0.0,0.0,0.0,0.0,0.0,0.0,0.0,0.0,0.0,0.0,0.0,0.0,0.0,0.0,0.0,0.0,0.0,0.0,0.0,0.0,0.0,0.0,0.0,0.0,0.0,0.0,100.0,0.0,100.0,80.46,1.0,1.0,100.0,0.3,0.3,,0.57,,,0.5,0.0,,,,,0.0,0.0,0.0,0.0,
113,林任鴻,新北中信特攻,2,44|113,黃泓瀚/林任鴻,1,1,1.0,17.9,0.3,00:18,17.9,0.3,00:18,1.0,1.0,100.0,120.7,0.0,0.0,0.0,0.0,0.0,0.0,0.0,0.0,0.0,0.0,0.0,0.0,0.0,0.0,0.0,0.0,0.0,0.0,0.0,0.0,0.0,0.0,0.0,0.0,0.0,0.0,0.0,0.0,2.0,2.0,200.0,241.39,1.0,1.0,100.0,120.7,0.0,0.0,0.0,0.0,0.0,0.0,0.0,0.0,0.0,0.0,0.0,0.0,0.0,0.0,0.0,0.0,0.0,0.0,0.0,0.0,0.0,0.0,0.0,0.0,0.0,0.0,0.0,0.0,0.0,0.0,0.0,0.0,0.0,0.0,0.0,0.0,0.0,0.0,0.0,0.0,100.0,0.0,100.0,80.46,1.0,1.0,100.0,0.3,0.3,,0.57,,,0.5,0.0,,,,,0.0,0.0,0.0,0.0,
113,林任鴻,新北中信特攻,3,39|44|113,魏嘉豪/黃泓瀚/林任鴻,1,1,1.0,17.9,0.3,00:18,17.9,0.3,00:18,1.0,1.0,100.0,120.7,0.0,0.0,0.0,0.0,0.0,0.0,0.0,0.0,0.0,0.0,0.0,0.0,0.0,0.0,0.0,0.0,0.0,0.0,0.0,0.0,0.0,0.0,0.0,0.0,0.0,0.0,0.0,0.0,2.0,2.0,200.0,241.39,1.0,1.0,100.0,120.7,0.0,0.0,0.0,0.0,0.0,0.0,0.0,0.0,0.0,0.0,0.0,0.0,0.0,0.0,0.0,0.0,0.0,0.0,0.0,0.0,0.0,0.0,0.0,0.0,0.0,0.0,0.0,0.0,0.0,0.0,0.0,0.0,0.0,0.0,0.0,0.0,0.0,0.0,0.0,0.0,100.0,0.0,100.0,80.46,1.0,1.0,100.0,0.3,0.3,,0.57,,,0.5,0.0,,,,,0.0,0.0,0.0,0.0,
113,林任鴻,新北中信特攻,3,39|113|8889,魏嘉豪/林任鴻/馬可,1,1,1.0,17.9,0.3,00:18,17.9,0.3,00:18,1.0,1.0,100.0,120.7,0.0,0.0,0.0,0.0,0.0,0.0,0.0,0.0,0.0,0.0,0.0,0.0,0.0,0.0,0.0,0.0,0.0,0.0,0.0,0.0,0.0,0.0,0.0,0.0,0.0,0.0,0.0,0.0,2.0,2.0,200.0,241.39,1.0,1.0,100.0,120.7,0.0,0.0,0.0,0.0,0.0,0.0,0.0,0.0,0.0,0.0,0.0,0.0,0.0,0.0,0.0,0.0,0.0,0.0,0.0,0.0,0.0,0.0,0.0,0.0,0.0,0.0,0.0,0.0,0.0,0.0,0.0,0.0,0.0,0.0,0.0,0.0,0.0,0.0,0.0,0.0,100.0,0.0,100.0,80.46,1.0,1.0,100.0,0.3,0.3,,0.57,,,0.5,0.0,,,,,0.0,0.0,0.0,0.0,
113,林任鴻,新北中信特攻,3,39|113|10880,魏嘉豪/林任鴻/內馬,1,1,1.0,17.9,0.3,00:18,17.9,0.3,00:18,1.0,1.0,100.0,120.7,0.0,0.0,0.0,0.0,0.0,0.0,0.0,0.0,0.0,0.0,0.0,0.0,0.0,0.0,0.0,0.0,0.0,0.0,0.0,0.0,0.0,0.0,0.0,0.0,0.0,0.0,0.0,0.0,2.0,2.0,200.0,241.39,1.0,1.0,100.0,120.7,0.0,0.0,0.0,0.0,0.0,0.0,0.0,0.0,0.0,0.0,0.0,0.0,0.0,0.0,0.0,0.0,0.0,0.0,0.0,0.0,0.0,0.0,0.0,0.0,0.0,0.0,0.0,0.0,0.0,0.0,0.0,0.0,0.0,0.0,0.0,0.0,0.0,0.0,0.0,0.0,100.0,0.0,100.0,80.46,1.0,1.0,100.0,0.3,0.3,,0.57,,,0.5,0.0,,,,,0.0,0.0,0.0,0.0,
113,林任鴻,新北中信特攻,3,44|113|8889,黃泓瀚/林任鴻/馬可,1,1,1.0,17.9,0.3,00:18,17.9,0.3,00:18,1.0,1.0,100.0,120.7,0.0,0.0,0.0,0.0,0.0,0.0,0.0,0.0,0.0,0.0,0.0,0.0,0.0,0.0,0.0,0.0,0.0,0.0,0.0,0.0,0.0,0.0,0.0,0.0,0.0,0.0,0.0,0.0,2.0,2.0,200.0,241.39,1.0,1.0,100.0,120.7,0.0,0.0,0.0,0.0,0.0,0.0,0.0,0.0,0.0,0.0,0.0,0.0,0.0,0.0,0.0,0.0,0.0,0.0,0.0,0.0,0.0,0.0,0.0,0.0,0.0,0.0,0.0,0.0,0.0,0.0,0.0,0.0,0.0,0.0,0.0,0.0,0.0,0.0,0.0,0.0,100.0,0.0,100.0,80.46,1.0,1.0,100.0,0.3,0.3,,0.57,,,0.5,0.0,,,,,0.0,0.0,0.0,0.0,
113,林任鴻,新北中信特攻,3,44|113|10880,黃泓瀚/林任鴻/內馬,1,1,1.0,17.9,0.3,00:18,17.9,0.3,00:18,1.0,1.0,100.0,120.7,0.0,0.0,0.0,0.0,0.0,0.0,0.0,0.0,0.0,0.0,0.0,0.0,0.0,0.0,0.0,0.0,0.0,0.0,0.0,0.0,0.0,0.0,0.0,0.0,0.0,0.0,0.0,0.0,2.0,2.0,200.0,241.39,1.0,1.0,100.0,120.7,0.0,0.0,0.0,0.0,0.0,0.0,0.0,0.0,0.0,0.0,0.0,0.0,0.0,0.0,0.0,0.0,0.0,0.0,0.0,0.0,0.0,0.0,0.0,0.0,0.0,0.0,0.0,0.0,0.0,0.0,0.0,0.0,0.0,0.0,0.0,0.0,0.0,0.0,0.0,0.0,100.0,0.0,100.0,80.46,1.0,1.0,100.0,0.3,0.3,,0.57,,,0.5,0.0,,,,,0.0,0.0,0.0,0.0,
113,林任鴻,新北中信特攻,4,39|44|113|8889,魏嘉豪/黃泓瀚/林任鴻/馬可,1,1,1.0,17.9,0.3,00:18,17.9,0.3,00:18,1.0,1.0,100.0,120.7,0.0,0.0,0.0,0.0,0.0,0.0,0.0,0.0,0.0,0.0,0.0,0.0,0.0,0.0,0.0,0.0,0.0,0.0,0.0,0.0,0.0,0.0,0.0,0.0,0.0,0.0,0.0,0.0,2.0,2.0,200.0,241.39,1.0,1.0,100.0,120.7,0.0,0.0,0.0,0.0,0.0,0.0,0.0,0.0,0.0,0.0,0.0,0.0,0.0,0.0,0.0,0.0,0.0,0.0,0.0,0.0,0.0,0.0,0.0,0.0,0.0,0.0,0.0,0.0,0.0,0.0,0.0,0.0,0.0,0.0,0.0,0.0,0.0,0.0,0.0,0.0,100.0,0.0,100.0,80.46,1.0,1.0,100.0,0.3,0.3,,0.57,,,0.5,0.0,,,,,0.0,0.0,0.0,0.0,
113,林任鴻,新北中信特攻,4,39|44|113|10880,魏嘉豪/黃泓瀚/林任鴻/內馬,1,1,1.0,17.9,0.3,00:18,17.9,0.3,00:18,1.0,1.0,100.0,120.7,0.0,0.0,0.0,0.0,0.0,0.0,0.0,0.0,0.0,0.0,0.0,0.0,0.0,0.0,0.0,0.0,0.0,0.0,0.0,0.0,0.0,0.0,0.0,0.0,0.0,0.0,0.0,0.0,2.0,2.0,200.0,241.39,1.0,1.0,100.0,120.7,0.0,0.0,0.0,0.0,0.0,0.0,0.0,0.0,0.0,0.0,0.0,0.0,0.0,0.0,0.0,0.0,0.0,0.0,0.0,0.0,0.0,0.0,0.0,0.0,0.0,0.0,0.0,0.0,0.0,0.0,0.0,0.0,0.0,0.0,0.0,0.0,0.0,0.0,0.0,0.0,100.0,0.0,100.0,80.46,1.0,1.0,100.0,0.3,0.3,,0.57,,,0.5,0.0,,,,,0.0,0.0,0.0,0.0,
113,林任鴻,新北中信特攻,4,39|113|8889|10880,魏嘉豪/林任鴻/馬可/內馬,1,1,1.0,17.9,0.3,00:18,17.9,0.3,00:18,1.0,1.0,100.0,120.7,0.0,0.0,0.0,0.0,0.0,0.0,0.0,0.0,0.0,0.0,0.0,0.0,0.0,0.0,0.0,0.0,0.0,0.0,0.0,0.0,0.0,0.0,0.0,0.0,0.0,0.0,0.0,0.0,2.0,2.0,200.0,241.39,1.0,1.0,100.0,120.7,0.0,0.0,0.0,0.0,0.0,0.0,0.0,0.0,0.0,0.0,0.0,0.0,0.0,0.0,0.0,0.0,0.0,0.0,0.0,0.0,0.0,0.0,0.0,0.0,0.0,0.0,0.0,0.0,0.0,0.0,0.0,0.0,0.0,0.0,0.0,0.0,0.0,0.0,0.0,0.0,100.0,0.0,100.0,80.46,1.0,1.0,100.0,0.3,0.3,,0.57,,,0.5,0.0,,,,,0.0,0.0,0.0,0.0,
113,林任鴻,新北中信特攻,4,44|113|8889|10880,黃泓瀚/林任鴻/馬可/內馬,1,1,1.0,17.9,0.3,00:18,17.9,0.3,00:18,1.0,1.0,100.0,120.7,0.0,0.0,0.0,0.0,0.0,0.0,0.0,0.0,0.0,0.0,0.0,0.0,0.0,0.0,0.0,0.0,0.0,0.0,0.0,0.0,0.0,0.0,0.0,0.0,0.0,0.0,0.0,0.0,2.0,2.0,200.0,241.39,1.0,1.0,100.0,120.7,0.0,0.0,0.0,0.0,0.0,0.0,0.0,0.0,0.0,0.0,0.0,0.0,0.0,0.0,0.0,0.0,0.0,0.0,0.0,0.0,0.0,0.0,0.0,0.0,0.0,0.0,0.0,0.0,0.0,0.0,0.0,0.0,0.0,0.0,0.0,0.0,0.0,0.0,0.0,0.0,100.0,0.0,100.0,80.46,1.0,1.0,100.0,0.3,0.3,,0.57,,,0.5,0.0,,,,,0.0,0.0,0.0,0.0,
113,林任鴻,新北中信特攻,5,39|44|113|8889|10880,魏嘉豪/黃泓瀚/林任鴻/馬可/內馬,1,1,1.0,17.9,0.3,00:18,17.9,0.3,00:18,1.0,1.0,100.0,120.7,0.0,0.0,0.0,0.0,0.0,0.0,0.0,0.0,0.0,0.0,0.0,0.0,0.0,0.0,0.0,0.0,0.0,0.0,0.0,0.0,0.0,0.0,0.0,0.0,0.0,0.0,0.0,0.0,2.0,2.0,200.0,241.39,1.0,1.0,100.0,120.7,0.0,0.0,0.0,0.0,0.0,0.0,0.0,0.0,0.0,0.0,0.0,0.0,0.0,0.0,0.0,0.0,0.0,0.0,0.0,0.0,0.0,0.0,0.0,0.0,0.0,0.0,0.0,0.0,0.0,0.0,0.0,0.0,0.0,0.0,0.0,0.0,0.0,0.0,0.0,0.0,100.0,0.0,100.0,80.46,1.0,1.0,100.0,0.3,0.3,,0.57,,,0.5,0.0,,,,,0.0,0.0,0.0,0.0,
8889,馬可,新北中信特攻,2,39|8889,魏嘉豪/馬可,1,1,1.0,17.9,0.3,00:18,17.9,0.3,00:18,1.0,1.0,100.0,120.7,0.0,0.0,0.0,0.0,0.0,0.0,0.0,0.0,0.0,0.0,0.0,0.0,0.0,0.0,0.0,0.0,0.0,0.0,0.0,0.0,0.0,0.0,0.0,0.0,0.0,0.0,0.0,0.0,2.0,2.0,200.0,241.39,1.0,1.0,100.0,120.7,0.0,0.0,0.0,0.0,0.0,0.0,0.0,0.0,0.0,0.0,0.0,0.0,0.0,0.0,0.0,0.0,0.0,0.0,0.0,0.0,0.0,0.0,0.0,0.0,0.0,0.0,0.0,0.0,0.0,0.0,0.0,0.0,0.0,0.0,0.0,0.0,0.0,0.0,0.0,0.0,100.0,0.0,100.0,80.46,1.0,1.0,100.0,0.3,0.3,,0.57,,,0.5,0.0,,,,,0.0,0.0,0.0,0.0,
8889,馬可,新北中信特攻,2,44|8889,黃泓瀚/馬可,1,1,1.0,17.9,0.3,00:18,17.9,0.3,00:18,1.0,1.0,100.0,120.7,0.0,0.0,0.0,0.0,0.0,0.0,0.0,0.0,0.0,0.0,0.0,0.0,0.0,0.0,0.0,0.0,0.0,0.0,0.0,0.0,0.0,0.0,0.0,0.0,0.0,0.0,0.0,0.0,2.0,2.0,200.0,241.39,1.0,1.0,100.0,120.7,0.0,0.0,0.0,0.0,0.0,0.0,0.0,0.0,0.0,0.0,0.0,0.0,0.0,0.0,0.0,0.0,0.0,0.0,0.0,0.0,0.0,0.0,0.0,0.0,0.0,0.0,0.0,0.0,0.0,0.0,0.0,0.0,0.0,0.0,0.0,0.0,0.0,0.0,0.0,0.0,100.0,0.0,100.0,80.46,1.0,1.0,100.0,0.3,0.3,,0.57,,,0.5,0.0,,,,,0.0,0.0,0.0,0.0,
8889,馬可,新北中信特攻,3,39|44|8889,魏嘉豪/黃泓瀚/馬可,1,1,1.0,17.9,0.3,00:18,17.9,0.3,00:18,1.0,1.0,100.0,120.7,0.0,0.0,0.0,0.0,0.0,0.0,0.0,0.0,0.0,0.0,0.0,0.0,0.0,0.0,0.0,0.0,0.0,0.0,0.0,0.0,0.0,0.0,0.0,0.0,0.0,0.0,0.0,0.0,2.0,2.0,200.0,241.39,1.0,1.0,100.0,120.7,0.0,0.0,0.0,0.0,0.0,0.0,0.0,0.0,0.0,0.0,0.0,0.0,0.0,0.0,0.0,0.0,0.0,0.0,0.0,0.0,0.0,0.0,0.0,0.0,0.0,0.0,0.0,0.0,0.0,0.0,0.0,0.0,0.0,0.0,0.0,0.0,0.0,0.0,0.0,0.0,100.0,0.0,100.0,80.46,1.0,1.0,100.0,0.3,0.3,,0.57,,,0.5,0.0,,,,,0.0,0.0,0.0,0.0,
8889,馬可,新北中信特攻,3,39|113|8889,魏嘉豪/林任鴻/馬可,1,1,1.0,17.9,0.3,00:18,17.9,0.3,00:18,1.0,1.0,100.0,120.7,0.0,0.0,0.0,0.0,0.0,0.0,0.0,0.0,0.0,0.0,0.0,0.0,0.0,0.0,0.0,0.0,0.0,0.0,0.0,0.0,0.0,0.0,0.0,0.0,0.0,0.0,0.0,0.0,2.0,2.0,200.0,241.39,1.0,1.0,100.0,120.7,0.0,0.0,0.0,0.0,0.0,0.0,0.0,0.0,0.0,0.0,0.0,0.0,0.0,0.0,0.0,0.0,0.0,0.0,0.0,0.0,0.0,0.0,0.0,0.0,0.0,0.0,0.0,0.0,0.0,0.0,0.0,0.0,0.0,0.0,0.0,0.0,0.0,0.0,0.0,0.0,100.0,0.0,100.0,80.46,1.0,1.0,100.0,0.3,0.3,,0.57,,,0.5,0.0,,,,,0.0,0.0,0.0,0.0,
8889,馬可,新北中信特攻,3,39|8889|10880,魏嘉豪/馬可/內馬,1,1,1.0,17.9,0.3,00:18,17.9,0.3,00:18,1.0,1.0,100.0,120.7,0.0,0.0,0.0,0.0,0.0,0.0,0.0,0.0,0.0,0.0,0.0,0.0,0.0,0.0,0.0,0.0,0.0,0.0,0.0,0.0,0.0,0.0,0.0,0.0,0.0,0.0,0.0,0.0,2.0,2.0,200.0,241.39,1.0,1.0,100.0,120.7,0.0,0.0,0.0,0.0,0.0,0.0,0.0,0.0,0.0,0.0,0.0,0.0,0.0,0.0,0.0,0.0,0.0,0.0,0.0,0.0,0.0,0.0,0.0,0.0,0.0,0.0,0.0,0.0,0.0,0.0,0.0,0.0,0.0,0.0,0.0,0.0,0.0,0.0,0.0,0.0,100.0,0.0,100.0,80.46,1.0,1.0,100.0,0.3,0.3,,0.57,,,0.5,0.0,,,,,0.0,0.0,0.0,0.0,
8889,馬可,新北中信特攻,3,44|113|8889,黃泓瀚/林任鴻/馬可,1,1,1.0,17.9,0.3,00:18,17.9,0.3,00:18,1.0,1.0,100.0,120.7,0.0,0.0,0.0,0.0,0.0,0.0,0.0,0.0,0.0,0.0,0.0,0.0,0.0,0.0,0.0,0.0,0.0,0.0,0.0,0.0,0.0,0.0,0.0,0.0,0.0,0.0,0.0,0.0,2.0,2.0,200.0,241.39,1.0,1.0,100.0,120.7,0.0,0.0,0.0,0.0,0.0,0.0,0.0,0.0,0.0,0.0,0.0,0.0,0.0,0.0,0.0,0.0,0.0,0.0,0.0,0.0,0.0,0.0,0.0,0.0,0.0,0.0,0.0,0.0,0.0,0.0,0.0,0.0,0.0,0.0,0.0,0.0,0.0,0.0,0.0,0.0,100.0,0.0,100.0,80.46,1.0,1.0,100.0,0.3,0.3,,0.57,,,0.5,0.0,,,,,0.0,0.0,0.0,0.0,
8889,馬可,新北中信特攻,3,44|8889|10880,黃泓瀚/馬可/內馬,1,1,1.0,17.9,0.3,00:18,17.9,0.3,00:18,1.0,1.0,100.0,120.7,0.0,0.0,0.0,0.0,0.0,0.0,0.0,0.0,0.0,0.0,0.0,0.0,0.0,0.0,0.0,0.0,0.0,0.0,0.0,0.0,0.0,0.0,0.0,0.0,0.0,0.0,0.0,0.0,2.0,2.0,200.0,241.39,1.0,1.0,100.0,120.7,0.0,0.0,0.0,0.0,0.0,0.0,0.0,0.0,0.0,0.0,0.0,0.0,0.0,0.0,0.0,0.0,0.0,0.0,0.0,0.0,0.0,0.0,0.0,0.0,0.0,0.0,0.0,0.0,0.0,0.0,0.0,0.0,0.0,0.0,0.0,0.0,0.0,0.0,0.0,0.0,100.0,0.0,100.0,80.46,1.0,1.0,100.0,0.3,0.3,,0.57,,,0.5,0.0,,,,,0.0,0.0,0.0,0.0,
8889,馬可,新北中信特攻,4,39|44|113|8889,魏嘉豪/黃泓瀚/林任鴻/馬可,1,1,1.0,17.9,0.3,00:18,17.9,0.3,00:18,1.0,1.0,100.0,120.7,0.0,0.0,0.0,0.0,0.0,0.0,0.0,0.0,0.0,0.0,0.0,0.0,0.0,0.0,0.0,0.0,0.0,0.0,0.0,0.0,0.0,0.0,0.0,0.0,0.0,0.0,0.0,0.0,2.0,2.0,200.0,241.39,1.0,1.0,100.0,120.7,0.0,0.0,0.0,0.0,0.0,0.0,0.0,0.0,0.0,0.0,0.0,0.0,0.0,0.0,0.0,0.0,0.0,0.0,0.0,0.0,0.0,0.0,0.0,0.0,0.0,0.0,0.0,0.0,0.0,0.0,0.0,0.0,0.0,0.0,0.0,0.0,0.0,0.0,0.0,0.0,100.0,0.0,100.0,80.46,1.0,1.0,100.0,0.3,0.3,,0.57,,,0.5,0.0,,,,,0.0,0.0,0.0,0.0,
8889,馬可,新北中信特攻,4,39|44|8889|10880,魏嘉豪/黃泓瀚/馬可/內馬,1,1,1.0,17.9,0.3,00:18,17.9,0.3,00:18,1.0,1.0,100.0,120.7,0.0,0.0,0.0,0.0,0.0,0.0,0.0,0.0,0.0,0.0,0.0,0.0,0.0,0.0,0.0,0.0,0.0,0.0,0.0,0.0,0.0,0.0,0.0,0.0,0.0,0.0,0.0,0.0,2.0,2.0,200.0,241.39,1.0,1.0,100.0,120.7,0.0,0.0,0.0,0.0,0.0,0.0,0.0,0.0,0.0,0.0,0.0,0.0,0.0,0.0,0.0,0.0,0.0,0.0,0.0,0.0,0.0,0.0,0.0,0.0,0.0,0.0,0.0,0.0,0.0,0.0,0.0,0.0,0.0,0.0,0.0,0.0,0.0,0.0,0.0,0.0,100.0,0.0,100.0,80.46,1.0,1.0,100.0,0.3,0.3,,0.57,,,0.5,0.0,,,,,0.0,0.0,0.0,0.0,
8889,馬可,新北中信特攻,4,39|113|8889|10880,魏嘉豪/林任鴻/馬可/內馬,1,1,1.0,17.9,0.3,00:18,17.9,0.3,00:18,1.0,1.0,100.0,120.7,0.0,0.0,0.0,0.0,0.0,0.0,0.0,0.0,0.0,0.0,0.0,0.0,0.0,0.0,0.0,0.0,0.0,0.0,0.0,0.0,0.0,0.0,0.0,0.0,0.0,0.0,0.0,0.0,2.0,2.0,200.0,241.39,1.0,1.0,100.0,120.7,0.0,0.0,0.0,0.0,0.0,0.0,0.0,0.0,0.0,0.0,0.0,0.0,0.0,0.0,0.0,0.0,0.0,0.0,0.0,0.0,0.0,0.0,0.0,0.0,0.0,0.0,0.0,0.0,0.0,0.0,0.0,0.0,0.0,0.0,0.0,0.0,0.0,0.0,0.0,0.0,100.0,0.0,100.0,80.46,1.0,1.0,100.0,0.3,0.3,,0.57,,,0.5,0.0,,,,,0.0,0.0,0.0,0.0,
8889,馬可,新北中信特攻,4,44|113|8889|10880,黃泓瀚/林任鴻/馬可/內馬,1,1,1.0,17.9,0.3,00:18,17.9,0.3,00:18,1.0,1.0,100.0,120.7,0.0,0.0,0.0,0.0,0.0,0.0,0.0,0.0,0.0,0.0,0.0,0.0,0.0,0.0,0.0,0.0,0.0,0.0,0.0,0.0,0.0,0.0,0.0,0.0,0.0,0.0,0.0,0.0,2.0,2.0,200.0,241.39,1.0,1.0,100.0,120.7,0.0,0.0,0.0,0.0,0.0,0.0,0.0,0.0,0.0,0.0,0.0,0.0,0.0,0.0,0.0,0.0,0.0,0.0,0.0,0.0,0.0,0.0,0.0,0.0,0.0,0.0,0.0,0.0,0.0,0.0,0.0,0.0,0.0,0.0,0.0,0.0,0.0,0.0,0.0,0.0,100.0,0.0,100.0,80.46,1.0,1.0,100.0,0.3,0.3,,0.57,,,0.5,0.0,,,,,0.0,0.0,0.0,0.0,
8889,馬可,新北中信特攻,5,39|44|113|8889|10880,魏嘉豪/黃泓瀚/林任鴻/馬可/內馬,1,1,1.0,17.9,0.3,00:18,17.9,0.3,00:18,1.0,1.0,100.0,120.7,0.0,0.0,0.0,0.0,0.0,0.0,0.0,0.0,0.0,0.0,0.0,0.0,0.0,0.0,0.0,0.0,0.0,0.0,0.0,0.0,0.0,0.0,0.0,0.0,0.0,0.0,0.0,0.0,2.0,2.0,200.0,241.39,1.0,1.0,100.0,120.7,0.0,0.0,0.0,0.0,0.0,0.0,0.0,0.0,0.0,0.0,0.0,0.0,0.0,0.0,0.0,0.0,0.0,0.0,0.0,0.0,0.0,0.0,0.0,0.0,0.0,0.0,0.0,0.0,0.0,0.0,0.0,0.0,0.0,0.0,0.0,0.0,0.0,0.0,0.0,0.0,100.0,0.0,100.0,80.46,1.0,1.0,100.0,0.3,0.3,,0.57,,,0.5,0.0,,,,,0.0,0.0,0.0,0.0,
10880,內馬,新北中信特攻,2,39|10880,魏嘉豪/內馬,1,1,1.0,17.9,0.3,00:18,17.9,0.3,00:18,1.0,1.0,100.0,120.7,0.0,0.0,0.0,0.0,0.0,0.0,0.0,0.0,0.0,0.0,0.0,0.0,0.0,0.0,0.0,0.0,0.0,0.0,0.0,0.0,0.0,0.0,0.0,0.0,0.0,0.0,0.0,0.0,2.0,2.0,200.0,241.39,1.0,1.0,100.0,120.7,0.0,0.0,0.0,0.0,0.0,0.0,0.0,0.0,0.0,0.0,0.0,0.0,0.0,0.0,0.0,0.0,0.0,0.0,0.0,0.0,0.0,0.0,0.0,0.0,0.0,0.0,0.0,0.0,0.0,0.0,0.0,0.0,0.0,0.0,0.0,0.0,0.0,0.0,0.0,0.0,100.0,0.0,100.0,80.46,1.0,1.0,100.0,0.3,0.3,,0.57,,,0.5,0.0,,,,,0.0,0.0,0.0,0.0,
10880,內馬,新北中信特攻,2,44|10880,黃泓瀚/內馬,1,1,1.0,17.9,0.3,00:18,17.9,0.3,00:18,1.0,1.0,100.0,120.7,0.0,0.0,0.0,0.0,0.0,0.0,0.0,0.0,0.0,0.0,0.0,0.0,0.0,0.0,0.0,0.0,0.0,0.0,0.0,0.0,0.0,0.0,0.0,0.0,0.0,0.0,0.0,0.0,2.0,2.0,200.0,241.39,1.0,1.0,100.0,120.7,0.0,0.0,0.0,0.0,0.0,0.0,0.0,0.0,0.0,0.0,0.0,0.0,0.0,0.0,0.0,0.0,0.0,0.0,0.0,0.0,0.0,0.0,0.0,0.0,0.0,0.0,0.0,0.0,0.0,0.0,0.0,0.0,0.0,0.0,0.0,0.0,0.0,0.0,0.0,0.0,100.0,0.0,100.0,80.46,1.0,1.0,100.0,0.3,0.3,,0.57,,,0.5,0.0,,,,,0.0,0.0,0.0,0.0,
10880,內馬,新北中信特攻,3,39|44|10880,魏嘉豪/黃泓瀚/內馬,1,1,1.0,17.9,0.3,00:18,17.9,0.3,00:18,1.0,1.0,100.0,120.7,0.0,0.0,0.0,0.0,0.0,0.0,0.0,0.0,0.0,0.0,0.0,0.0,0.0,0.0,0.0,0.0,0.0,0.0,0.0,0.0,0.0,0.0,0.0,0.0,0.0,0.0,0.0,0.0,2.0,2.0,200.0,241.39,1.0,1.0,100.0,120.7,0.0,0.0,0.0,0.0,0.0,0.0,0.0,0.0,0.0,0.0,0.0,0.0,0.0,0.0,0.0,0.0,0.0,0.0,0.0,0.0,0.0,0.0,0.0,0.0,0.0,0.0,0.0,0.0,0.0,0.0,0.0,0.0,0.0,0.0,0.0,0.0,0.0,0.0,0.0,0.0,100.0,0.0,100.0,80.46,1.0,1.0,100.0,0.3,0.3,,0.57,,,0.5,0.0,,,,,0.0,0.0,0.0,0.0,
10880,內馬,新北中信特攻,3,39|113|10880,魏嘉豪/林任鴻/內馬,1,1,1.0,17.9,0.3,00:18,17.9,0.3,00:18,1.0,1.0,100.0,120.7,0.0,0.0,0.0,0.0,0.0,0.0,0.0,0.0,0.0,0.0,0.0,0.0,0.0,0.0,0.0,0.0,0.0,0.0,0.0,0.0,0.0,0.0,0.0,0.0,0.0,0.0,0.0,0.0,2.0,2.0,200.0,241.39,1.0,1.0,100.0,120.7,0.0,0.0,0.0,0.0,0.0,0.0,0.0,0.0,0.0,0.0,0.0,0.0,0.0,0.0,0.0,0.0,0.0,0.0,0.0,0.0,0.0,0.0,0.0,0.0,0.0,0.0,0.0,0.0,0.0,0.0,0.0,0.0,0.0,0.0,0.0,0.0,0.0,0.0,0.0,0.0,100.0,0.0,100.0,80.46,1.0,1.0,100.0,0.3,0.3,,0.57,,,0.5,0.0,,,,,0.0,0.0,0.0,0.0,
10880,內馬,新北中信特攻,3,39|8889|10880,魏嘉豪/馬可/內馬,1,1,1.0,17.9,0.3,00:18,17.9,0.3,00:18,1.0,1.0,100.0,120.7,0.0,0.0,0.0,0.0,0.0,0.0,0.0,0.0,0.0,0.0,0.0,0.0,0.0,0.0,0.0,0.0,0.0,0.0,0.0,0.0,0.0,0.0,0.0,0.0,0.0,0.0,0.0,0.0,2.0,2.0,200.0,241.39,1.0,1.0,100.0,120.7,0.0,0.0,0.0,0.0,0.0,0.0,0.0,0.0,0.0,0.0,0.0,0.0,0.0,0.0,0.0,0.0,0.0,0.0,0.0,0.0,0.0,0.0,0.0,0.0,0.0,0.0,0.0,0.0,0.0,0.0,0.0,0.0,0.0,0.0,0.0,0.0,0.0,0.0,0.0,0.0,100.0,0.0,100.0,80.46,1.0,1.0,100.0,0.3,0.3,,0.57,,,0.5,0.0,,,,,0.0,0.0,0.0,0.0,
10880,內馬,新北中信特攻,3,44|113|10880,黃泓瀚/林任鴻/內馬,1,1,1.0,17.9,0.3,00:18,17.9,0.3,00:18,1.0,1.0,100.0,120.7,0.0,0.0,0.0,0.0,0.0,0.0,0.0,0.0,0.0,0.0,0.0,0.0,0.0,0.0,0.0,0.0,0.0,0.0,0.0,0.0,0.0,0.0,0.0,0.0,0.0,0.0,0.0,0.0,2.0,2.0,200.0,241.39,1.0,1.0,100.0,120.7,0.0,0.0,0.0,0.0,0.0,0.0,0.0,0.0,0.0,0.0,0.0,0.0,0.0,0.0,0.0,0.0,0.0,0.0,0.0,0.0,0.0,0.0,0.0,0.0,0.0,0.0,0.0,0.0,0.0,0.0,0.0,0.0,0.0,0.0,0.0,0.0,0.0,0.0,0.0,0.0,100.0,0.0,100.0,80.46,1.0,1.0,100.0,0.3,0.3,,0.57,,,0.5,0.0,,,,,0.0,0.0,0.0,0.0,
10880,內馬,新北中信特攻,3,44|8889|10880,黃泓瀚/馬可/內馬,1,1,1.0,17.9,0.3,00:18,17.9,0.3,00:18,1.0,1.0,100.0,120.7,0.0,0.0,0.0,0.0,0.0,0.0,0.0,0.0,0.0,0.0,0.0,0.0,0.0,0.0,0.0,0.0,0.0,0.0,0.0,0.0,0.0,0.0,0.0,0.0,0.0,0.0,0.0,0.0,2.0,2.0,200.0,241.39,1.0,1.0,100.0,120.7,0.0,0.0,0.0,0.0,0.0,0.0,0.0,0.0,0.0,0.0,0.0,0.0,0.0,0.0,0.0,0.0,0.0,0.0,0.0,0.0,0.0,0.0,0.0,0.0,0.0,0.0,0.0,0.0,0.0,0.0,0.0,0.0,0.0,0.0,0.0,0.0,0.0,0.0,0.0,0.0,100.0,0.0,100.0,80.46,1.0,1.0,100.0,0.3,0.3,,0.57,,,0.5,0.0,,,,,0.0,0.0,0.0,0.0,
10880,內馬,新北中信特攻,4,39|44|113|10880,魏嘉豪/黃泓瀚/林任鴻/內馬,1,1,1.0,17.9,0.3,00:18,17.9,0.3,00:18,1.0,1.0,100.0,120.7,0.0,0.0,0.0,0.0,0.0,0.0,0.0,0.0,0.0,0.0,0.0,0.0,0.0,0.0,0.0,0.0,0.0,0.0,0.0,0.0,0.0,0.0,0.0,0.0,0.0,0.0,0.0,0.0,2.0,2.0,200.0,241.39,1.0,1.0,100.0,120.7,0.0,0.0,0.0,0.0,0.0,0.0,0.0,0.0,0.0,0.0,0.0,0.0,0.0,0.0,0.0,0.0,0.0,0.0,0.0,0.0,0.0,0.0,0.0,0.0,0.0,0.0,0.0,0.0,0.0,0.0,0.0,0.0,0.0,0.0,0.0,0.0,0.0,0.0,0.0,0.0,100.0,0.0,100.0,80.46,1.0,1.0,100.0,0.3,0.3,,0.57,,,0.5,0.0,,,,,0.0,0.0,0.0,0.0,
10880,內馬,新北中信特攻,4,39|44|8889|10880,魏嘉豪/黃泓瀚/馬可/內馬,1,1,1.0,17.9,0.3,00:18,17.9,0.3,00:18,1.0,1.0,100.0,120.7,0.0,0.0,0.0,0.0,0.0,0.0,0.0,0.0,0.0,0.0,0.0,0.0,0.0,0.0,0.0,0.0,0.0,0.0,0.0,0.0,0.0,0.0,0.0,0.0,0.0,0.0,0.0,0.0,2.0,2.0,200.0,241.39,1.0,1.0,100.0,120.7,0.0,0.0,0.0,0.0,0.0,0.0,0.0,0.0,0.0,0.0,0.0,0.0,0.0,0.0,0.0,0.0,0.0,0.0,0.0,0.0,0.0,0.0,0.0,0.0,0.0,0.0,0.0,0.0,0.0,0.0,0.0,0.0,0.0,0.0,0.0,0.0,0.0,0.0,0.0,0.0,100.0,0.0,100.0,80.46,1.0,1.0,100.0,0.3,0.3,,0.57,,,0.5,0.0,,,,,0.0,0.0,0.0,0.0,
10880,內馬,新北中信特攻,4,39|113|8889|10880,魏嘉豪/林任鴻/馬可/內馬,1,1,1.0,17.9,0.3,00:18,17.9,0.3,00:18,1.0,1.0,100.0,120.7,0.0,0.0,0.0,0.0,0.0,0.0,0.0,0.0,0.0,0.0,0.0,0.0,0.0,0.0,0.0,0.0,0.0,0.0,0.0,0.0,0.0,0.0,0.0,0.0,0.0,0.0,0.0,0.0,2.0,2.0,200.0,241.39,1.0,1.0,100.0,120.7,0.0,0.0,0.0,0.0,0.0,0.0,0.0,0.0,0.0,0.0,0.0,0.0,0.0,0.0,0.0,0.0,0.0,0.0,0.0,0.0,0.0,0.0,0.0,0.0,0.0,0.0,0.0,0.0,0.0,0.0,0.0,0.0,0.0,0.0,0.0,0.0,0.0,0.0,0.0,0.0,100.0,0.0,100.0,80.46,1.0,1.0,100.0,0.3,0.3,,0.57,,,0.5,0.0,,,,,0.0,0.0,0.0,0.0,
10880,內馬,新北中信特攻,4,44|113|8889|10880,黃泓瀚/林任鴻/馬可/內馬,1,1,1.0,17.9,0.3,00:18,17.9,0.3,00:18,1.0,1.0,100.0,120.7,0.0,0.0,0.0,0.0,0.0,0.0,0.0,0.0,0.0,0.0,0.0,0.0,0.0,0.0,0.0,0.0,0.0,0.0,0.0,0.0,0.0,0.0,0.0,0.0,0.0,0.0,0.0,0.0,2.0,2.0,200.0,241.39,1.0,1.0,100.0,120.7,0.0,0.0,0.0,0.0,0.0,0.0,0.0,0.0,0.0,0.0,0.0,0.0,0.0,0.0,0.0,0.0,0.0,0.0,0.0,0.0,0.0,0.0,0.0,0.0,0.0,0.0,0.0,0.0,0.0,0.0,0.0,0.0,0.0,0.0,0.0,0.0,0.0,0.0,0.0,0.0,100.0,0.0,100.0,80.46,1.0,1.0,100.0,0.3,0.3,,0.57,,,0.5,0.0,,,,,0.0,0.0,0.0,0.0,
10880,內馬,新北中信特攻,5,39|44|113|8889|10880,魏嘉豪/黃泓瀚/林任鴻/馬可/內馬,1,1,1.0,17.9,0.3,00:18,17.9,0.3,00:18,1.0,1.0,100.0,120.7,0.0,0.0,0.0,0.0,0.0,0.0,0.0,0.0,0.0,0.0,0.0,0.0,0.0,0.0,0.0,0.0,0.0,0.0,0.0,0.0,0.0,0.0,0.0,0.0,0.0,0.0,0.0,0.0,2.0,2.0,200.0,241.39,1.0,1.0,100.0,120.7,0.0,0.0,0.0,0.0,0.0,0.0,0.0,0.0,0.0,0.0,0.0,0.0,0.0,0.0,0.0,0.0,0.0,0.0,0.0,0.0,0.0,0.0,0.0,0.0,0.0,0.0,0.0,0.0,0.0,0.0,0.0,0.0,0.0,0.0,0.0,0.0,0.0,0.0,0.0,0.0,100.0,0.0,100.0,80.46,1.0,1.0,100.0,0.3,0.3,,0.57,,,0.5,0.0,,,,,0.0,0.0,0.0,0.0,
40,謝亞軒,新北中信特攻,2,40|10880,謝亞軒/內馬,1,81,91.0,1267.75,21.13,21:08,1267.75,21.13,21:08,40.0,40.0,43.96,68.15,42.0,42.0,46.15,71.56,29.0,29.0,31.87,49.41,15.0,15.0,16.48,25.56,17.0,17.0,18.68,28.96,10.0,10.0,10.99,17.04,12.0,12.0,13.19,20.45,5.0,5.0,5.49,8.52,9.0,9.0,9.89,15.33,7.0,7.0,7.69,11.93,2.0,2.0,2.2,3.41,12.0,12.0,13.19,20.45,3.0,3.0,3.3,5.11,17.0,17.0,18.68,28.96,10.0,10.0,10.99,17.04,9.0,9.0,9.89,15.33,4.0,4.0,4.4,6.82,1.0,1.0,1.1,1.7,12.0,12.0,13.19,20.45,7.0,7.0,7.69,11.93,43.96,46.15,-2.2,103.36,-2.0,-2.0,-2.2,21.13,21.13,0.6,0.61,0.59,0.42,0.78,0.23,0.6,0.11,0.8,0.41,4.4,1.1,0.13,7.69,0.31
40,謝亞軒,新北中信特攻,3,40|43|10880,謝亞軒/林韋翰/內馬,1,59,66.0,908.84,15.15,15:09,908.84,15.15,15:09,27.0,27.0,40.91,64.17,35.0,35.0,53.03,83.18,22.0,22.0,33.33,52.29,11.0,11.0,16.67,26.14,12.0,12.0,18.18,28.52,7.0,7.0,10.61,16.64,10.0,10.0,15.15,23.77,4.0,4.0,6.06,9.51,5.0,5.0,7.58,11.88,3.0,3.0,4.55,7.13,1.0,1.0,1.52,2.38,10.0,10.0,15.15,23.77,2.0,2.0,3.03,4.75,10.0,10.0,15.15,23.77,8.0,8.0,12.12,19.01,6.0,6.0,9.09,14.26,4.0,4.0,6.06,9.51,1.0,1.0,1.52,2.38,9.0,9.0,13.64,21.39,7.0,7.0,10.61,16.64,40.91,53.03,-12.12,104.57,-8.0,-8.0,-12.12,15.15,15.15,0.59,0.56,0.58,0.4,0.6,0.25,0.55,0.09,0.83,0.48,6.06,1.52,0.14,10.61,0.23
40,謝亞軒,新北中信特攻,3,40|8889|10880,謝亞軒/馬可/內馬,1,15,18.0,221.19,3.69,03:41,221.19,3.69,03:41,7.0,7.0,38.89,68.36,12.0,12.0,66.67,117.18,5.0,5.0,27.78,48.83,3.0,3.0,16.67,29.3,3.0,3.0,16.67,29.3,2.0,2.0,11.11,19.53,2.0,2.0,11.11,19.53,1.0,1.0,5.56,9.77,2.0,2.0,11.11,19.53,2.0,2.0,11.11,19.53,0.0,0.0,0.0,0.0,1.0,1.0,5.56,9.77,2.0,2.0,11.11,19.53,2.0,2.0,11.11,19.53,2.0,2.0,11.11,19.53,1.0,1.0,5.56,9.77,0.0,0.0,0.0,0.0,0.0,0.0,0.0,0.0,4.0,4.0,22.22,39.06,3.0,3.0,16.67,29.3,38.89,66.67,-27.78,117.18,-5.0,-5.0,-27.78,3.69,3.69,0.7,0.6,0.67,0.5,1.0,0.25,0.33,0.0,0.33,0.2,0.0,0.0,0.22,16.67,0.4
40,謝亞軒,新北中信特攻,3,40|10877|10880,謝亞軒/阿巴西/內馬,1,63,71.0,961.68,16.03,16:02,961.68,16.03,16:02,29.0,29.0,40.85,65.14,40.0,40.0,56.34,89.84,22.0,22.0,30.99,49.41,11.0,11.0,15.49,24.71,12.0,12.0,16.9,26.95,7.0,7.0,9.86,15.72,10.0,10.0,14.08,22.46,4.0,4.0,5.63,8.98,3.0,3.0,4.23,6.74,2.0,2.0,2.82,4.49,1.0,1.0,1.41,2.25,9.0,9.0,12.68,20.21,3.0,3.0,4.23,6.74,11.0,11.0,15.49,24.71,8.0,8.0,11.27,17.97,7.0,7.0,9.86,15.72,4.0,4.0,5.63,8.98,1.0,1.0,1.41,2.25,10.0,10.0,14.08,22.46,7.0,7.0,9.86,15.72,40.85,56.34,-15.49,106.31,-11.0,-11.0,-15.49,16.03,16.03,0.59,0.62,0.58,0.4,0.67,0.26,0.64,0.08,0.75,0.42,5.63,1.41,0.14,9.86,0.14
40,謝亞軒,新北中信特攻,4,40|43|8889|10880,謝亞軒/林韋翰/馬可/內馬,1,15,18.0,221.19,3.69,03:41,221.19,3.69,03:41,7.0,7.0,38.89,68.36,12.0,12.0,66.67,117.18,5.0,5.0,27.78,48.83,3.0,3.0,16.67,29.3,3.0,3.0,16.67,29.3,2.0,2.0,11.11,19.53,2.0,2.0,11.11,19.53,1.0,1.0,5.56,9.77,2.0,2.0,11.11,19.53,2.0,2.0,11.11,19.53,0.0,0.0,0.0,0.0,1.0,1.0,5.56,9.77,2.0,2.0,11.11,19.53,2.0,2.0,11.11,19.53,2.0,2.0,11.11,19.53,1.0,1.0,5.56,9.77,0.0,0.0,0.0,0.0,0.0,0.0,0.0,0.0,4.0,4.0,22.22,39.06,3.0,3.0,16.67,29.3,38.89,66.67,-27.78,117.18,-5.0,-5.0,-27.78,3.69,3.69,0.7,0.6,0.67,0.5,1.0,0.25,0.33,0.0,0.33,0.2,0.0,0.0,0.22,16.67,0.4
40,謝亞軒,新北中信特攻,4,40|43|10877|10880,謝亞軒/林韋翰/阿巴西/內馬,1,57,64.0,861.55,14.36,14:22,861.55,14.36,14:22,27.0,27.0,42.19,67.69,35.0,35.0,54.69,87.75,20.0,20.0,31.25,50.14,10.0,10.0,15.62,25.07,10.0,10.0,15.62,25.07,6.0,6.0,9.38,15.04,10.0,10.0,15.62,25.07,4.0,4.0,6.25,10.03,3.0,3.0,4.69,7.52,2.0,2.0,3.12,5.01,1.0,1.0,1.56,2.51,8.0,8.0,12.5,20.06,2.0,2.0,3.12,5.01,9.0,9.0,14.06,22.56,8.0,8.0,12.5,20.06,6.0,6.0,9.38,15.04,4.0,4.0,6.25,10.03,1.0,1.0,1.56,2.51,9.0,9.0,14.06,22.56,7.0,7.0,10.94,17.55,42.19,54.69,-12.5,106.97,-8.0,-8.0,-12.5,14.36,14.36,0.6,0.63,0.6,0.4,0.67,0.27,0.6,0.1,0.8,0.45,6.25,1.56,0.14,10.94,0.15
40,謝亞軒,新北中信特攻,4,40|8889|10877|10880,謝亞軒/馬可/阿巴西/內馬,1,15,18.0,200.2,3.34,03:20,200.2,3.34,03:20,7.0,7.0,38.89,75.52,12.0,12.0,66.67,129.47,4.0,4.0,22.22,43.16,2.0,2.0,11.11,21.58,2.0,2.0,11.11,21.58,1.0,1.0,5.56,10.79,2.0,2.0,11.11,21.58,1.0,1.0,5.56,10.79,2.0,2.0,11.11,21.58,2.0,2.0,11.11,21.58,0.0,0.0,0.0,0.0,1.0,1.0,5.56,10.79,2.0,2.0,11.11,21.58,2.0,2.0,11.11,21.58,2.0,2.0,11.11,21.58,1.0,1.0,5.56,10.79,0.0,0.0,0.0,0.0,0.0,0.0,0.0,0.0,4.0,4.0,22.22,43.16,3.0,3.0,16.67,32.37,38.89,66.67,-27.78,129.47,-5.0,-5.0,-27.78,3.34,3.34,0.62,0.72,0.5,0.5,1.0,0.29,0.5,0.0,0.33,0.2,0.0,0.0,0.22,16.67,0.5
40,謝亞軒,新北中信特攻,5,40|43|8889|10877|10880,謝亞軒/林韋翰/馬可/阿巴西/內馬,1,15,18.0,200.2,3.34,03:20,200.2,3.34,03:20,7.0,7.0,38.89,75.52,12.0,12.0,66.67,129.47,4.0,4.0,22.22,43.16,2.0,2.0,11.11,21.58,2.0,2.0,11.11,21.58,1.0,1.0,5.56,10.79,2.0,2.0,11.11,21.58,1.0,1.0,5.56,10.79,2.0,2.0,11.11,21.58,2.0,2.0,11.11,21.58,0.0,0.0,0.0,0.0,1.0,1.0,5.56,10.79,2.0,2.0,11.11,21.58,2.0,2.0,11.11,21.58,2.0,2.0,11.11,21.58,1.0,1.0,5.56,10.79,0.0,0.0,0.0,0.0,0.0,0.0,0.0,0.0,4.0,4.0,22.22,43.16,3.0,3.0,16.67,32.37,38.89,66.67,-27.78,129.47,-5.0,-5.0,-27.78,3.34,3.34,0.62,0.72,0.5,0.5,1.0,0.29,0.5,0.0,0.33,0.2,0.0,0.0,0.22,16.67,0.5
43,林韋翰,新北中信特攻,3,40|43|10880,謝亞軒/林韋翰/內馬,1,59,66.0,908.84,15.15,15:09,908.84,15.15,15:09,27.0,27.0,40.91,64.17,35.0,35.0,53.03,83.18,22.0,22.0,33.33,52.29,11.0,11.0,16.67,26.14,12.0,12.0,18.18,28.52,7.0,7.0,10.61,16.64,10.0,10.0,15.15,23.77,4.0,4.0,6.06,9.51,5.0,5.0,7.58,11.88,3.0,3.0,4.55,7.13,1.0,1.0,1.52,2.38,10.0,10.0,15.15,23.77,2.0,2.0,3.03,4.75,10.0,10.0,15.15,23.77,8.0,8.0,12.12,19.01,6.0,6.0,9.09,14.26,4.0,4.0,6.06,9.51,1.0,1.0,1.52,2.38,9.0,9.0,13.64,21.39,7.0,7.0,10.61,16.64,40.91,53.03,-12.12,104.57,-8.0,-8.0,-12.12,15.15,15.15,0.59,0.56,0.58,0.4,0.6,0.25,0.55,0.09,0.83,0.48,6.06,1.52,0.14,10.61,0.23
43,林韋翰,新北中信特攻,4,40|43|8889|10880,謝亞軒/林韋翰/馬可/內馬,1,15,18.0,221.19,3.69,03:41,221.19,3.69,03:41,7.0,7.0,38.89,68.36,12.0,12.0,66.67,117.18,5.0,5.0,27.78,48.83,3.0,3.0,16.67,29.3,3.0,3.0,16.67,29.3,2.0,2.0,11.11,19.53,2.0,2.0,11.11,19.53,1.0,1.0,5.56,9.77,2.0,2.0,11.11,19.53,2.0,2.0,11.11,19.53,0.0,0.0,0.0,0.0,1.0,1.0,5.56,9.77,2.0,2.0,11.11,19.53,2.0,2.0,11.11,19.53,2.0,2.0,11.11,19.53,1.0,1.0,5.56,9.77,0.0,0.0,0.0,0.0,0.0,0.0,0.0,0.0,4.0,4.0,22.22,39.06,3.0,3.0,16.67,29.3,38.89,66.67,-27.78,117.18,-5.0,-5.0,-27.78,3.69,3.69,0.7,0.6,0.67,0.5,1.0,0.25,0.33,0.0,0.33,0.2,0.0,0.0,0.22,16.67,0.4
43,林韋翰,新北中信特攻,4,40|43|10877|10880,謝亞軒/林韋翰/阿巴西/內馬,1,57,64.0,861.55,14.36,14:22,861.55,14.36,14:22,27.0,27.0,42.19,67.69,35.0,35.0,54.69,87.75,20.0,20.0,31.25,50.14,10.0,10.0,15.62,25.07,10.0,10.0,15.62,25.07,6.0,6.0,9.38,15.04,10.0,10.0,15.62,25.07,4.0,4.0,6.25,10.03,3.0,3.0,4.69,7.52,2.0,2.0,3.12,5.01,1.0,1.0,1.56,2.51,8.0,8.0,12.5,20.06,2.0,2.0,3.12,5.01,9.0,9.0,14.06,22.56,8.0,8.0,12.5,20.06,6.0,6.0,9.38,15.04,4.0,4.0,6.25,10.03,1.0,1.0,1.56,2.51,9.0,9.0,14.06,22.56,7.0,7.0,10.94,17.55,42.19,54.69,-12.5,106.97,-8.0,-8.0,-12.5,14.36,14.36,0.6,0.63,0.6,0.4,0.67,0.27,0.6,0.1,0.8,0.45,6.25,1.56,0.14,10.94,0.15
43,林韋翰,新北中信特攻,4,43|8889|10877|10880,林韋翰/馬可/阿巴西/內馬,1,15,18.0,208.86,3.48,03:29,208.86,3.48,03:29,7.0,7.0,38.89,72.39,12.0,12.0,66.67,124.1,4.0,4.0,22.22,41.37,2.0,2.0,11.11,20.68,2.0,2.0,11.11,20.68,1.0,1.0,5.56,10.34,2.0,2.0,11.11,20.68,1.0,1.0,5.56,10.34,2.0,2.0,11.11,20.68,2.0,2.0,11.11,20.68,0.0,0.0,0.0,0.0,1.0,1.0,5.56,10.34,2.0,2.0,11.11,20.68,2.0,2.0,11.11,20.68,2.0,2.0,11.11,20.68,1.0,1.0,5.56,10.34,0.0,0.0,0.0,0.0,0.0,0.0,0.0,0.0,5.0,5.0,27.78,51.71,3.0,3.0,16.67,31.03,38.89,66.67,-27.78,124.1,-5.0,-5.0,-27.78,3.48,3.48,0.62,0.72,0.5,0.5,1.0,0.29,0.5,0.0,0.33,0.2,0.0,0.0,0.28,16.67,0.5
43,林韋翰,新北中信特攻,5,40|43|8889|10877|10880,謝亞軒/林韋翰/馬可/阿巴西/內馬,1,15,18.0,200.2,3.34,03:20,200.2,3.34,03:20,7.0,7.0,38.89,75.52,12.0,12.0,66.67,129.47,4.0,4.0,22.22,43.16,2.0,2.0,11.11,21.58,2.0,2.0,11.11,21.58,1.0,1.0,5.56,10.79,2.0,2.0,11.11,21.58,1.0,1.0,5.56,10.79,2.0,2.0,11.11,21.58,2.0,2.0,11.11,21.58,0.0,0.0,0.0,0.0,1.0,1.0,5.56,10.79,2.0,2.0,11.11,21.58,2.0,2.0,11.11,21.58,2.0,2.0,11.11,21.58,1.0,1.0,5.56,10.79,0.0,0.0,0.0,0.0,0.0,0.0,0.0,0.0,4.0,4.0,22.22,43.16,3.0,3.0,16.67,32.37,38.89,66.67,-27.78,129.47,-5.0,-5.0,-27.78,3.34,3.34,0.62,0.72,0.5,0.5,1.0,0.29,0.5,0.0,0.33,0.2,0.0,0.0,0.22,16.67,0.5
8889,馬可,新北中信特攻,3,40|8889|10880,謝亞軒/馬可/內馬,1,15,18.0,221.19,3.69,03:41,221.19,3.69,03:41,7.0,7.0,38.89,68.36,12.0,12.0,66.67,117.18,5.0,5.0,27.78,48.83,3.0,3.0,16.67,29.3,3.0,3.0,16.67,29.3,2.0,2.0,11.11,19.53,2.0,2.0,11.11,19.53,1.0,1.0,5.56,9.77,2.0,2.0,11.11,19.53,2.0,2.0,11.11,19.53,0.0,0.0,0.0,0.0,1.0,1.0,5.56,9.77,2.0,2.0,11.11,19.53,2.0,2.0,11.11,19.53,2.0,2.0,11.11,19.53,1.0,1.0,5.56,9.77,0.0,0.0,0.0,0.0,0.0,0.0,0.0,0.0,4.0,4.0,22.22,39.06,3.0,3.0,16.67,29.3,38.89,66.67,-27.78,117.18,-5.0,-5.0,-27.78,3.69,3.69,0.7,0.6,0.67,0.5,1.0,0.25,0.33,0.0,0.33,0.2,0.0,0.0,0.22,16.67,0.4
8889,馬可,新北中信特攻,3,8889|10877|10880,馬可/阿巴西/內馬,1,15,18.0,208.86,3.48,03:29,208.86,3.48,03:29,7.0,7.0,38.89,72.39,12.0,12.0,66.67,124.1,4.0,4.0,22.22,41.37,2.0,2.0,11.11,20.68,2.0,2.0,11.11,20.68,1.0,1.0,5.56,10.34,2.0,2.0,11.11,20.68,1.0,1.0,5.56,10.34,2.0,2.0,11.11,20.68,2.0,2.0,11.11,20.68,0.0,0.0,0.0,0.0,1.0,1.0,5.56,10.34,2.0,2.0,11.11,20.68,2.0,2.0,11.11,20.68,2.0,2.0,11.11,20.68,1.0,1.0,5.56,10.34,0.0,0.0,0.0,0.0,0.0,0.0,0.0,0.0,5.0,5.0,27.78,51.71,3.0,3.0,16.67,31.03,38.89,66.67,-27.78,124.1,-5.0,-5.0,-27.78,3.48,3.48,0.62,0.72,0.5,0.5,1.0,0.29,0.5,0.0,0.33,0.2,0.0,0.0,0.28,16.67,0.5
8889,馬可,新北中信特攻,4,40|43|8889|10880,謝亞軒/林韋翰/馬可/內馬,1,15,18.0,221.19,3.69,03:41,221.19,3.69,03:41,7.0,7.0,38.89,68.36,12.0,12.0,66.67,117.18,5.0,5.0,27.78,48.83,3.0,3.0,16.67,29.3,3.0,3.0,16.67,29.3,2.0,2.0,11.11,19.53,2.0,2.0,11.11,19.53,1.0,1.0,5.56,9.77,2.0,2.0,11.11,19.53,2.0,2.0,11.11,19.53,0.0,0.0,0.0,0.0,1.0,1.0,5.56,9.77,2.0,2.0,11.11,19.53,2.0,2.0,11.11,19.53,2.0,2.0,11.11,19.53,1.0,1.0,5.56,9.77,0.0,0.0,0.0,0.0,0.0,0.0,0.0,0.0,4.0,4.0,22.22,39.06,3.0,3.0,16.67,29.3,38.89,66.67,-27.78,117.18,-5.0,-5.0,-27.78,3.69,3.69,0.7,0.6,0.67,0.5,1.0,0.25,0.33,0.0,0.33,0.2,0.0,0.0,0.22,16.67,0.4
8889,馬可,新北中信特攻,4,40|8889|10877|10880,謝亞軒/馬可/阿巴西/內馬,1,15,18.0,200.2,3.34,03:20,200.2,3.34,03:20,7.0,7.0,38.89,75.52,12.0,12.0,66.67,129.47,4.0,4.0,22.22,43.16,2.0,2.0,11.11,21.58,2.0,2.0,11.11,21.58,1.0,1.0,5.56,10.79,2.0,2.0,11.11,21.58,1.0,1.0,5.56,10.79,2.0,2.0,11.11,21.58,2.0,2.0,11.11,21.58,0.0,0.0,0.0,0.0,1.0,1.0,5.56,10.79,2.0,2.0,11.11,21.58,2.0,2.0,11.11,21.58,2.0,2.0,11.11,21.58,1.0,1.0,5.56,10.79,0.0,0.0,0.0,0.0,0.0,0.0,0.0,0.0,4.0,4.0,22.22,43.16,3.0,3.0,16.67,32.37,38.89,66.67,-27.78,129.47,-5.0,-5.0,-27.78,3.34,3.34,0.62,0.72,0.5,0.5,1.0,0.29,0.5,0.0,0.33,0.2,0.0,0.0,0.22,16.67,0.5
8889,馬可,新北中信特攻,4,43|8889|10877|10880,林韋翰/馬可/阿巴西/內馬,1,15,18.0,208.86,3.48,03:29,208.86,3.48,03:29,7.0,7.0,38.89,72.39,12.0,12.0,66.67,124.1,4.0,4.0,22.22,41.37,2.0,2.0,11.11,20.68,2.0,2.0,11.11,20.68,1.0,1.0,5.56,10.34,2.0,2.0,11.11,20.68,1.0,1.0,5.56,10.34,2.0,2.0,11.11,20.68,2.0,2.0,11.11,20.68,0.0,0.0,0.0,0.0,1.0,1.0,5.56,10.34,2.0,2.0,11.11,20.68,2.0,2.0,11.11,20.68,2.0,2.0,11.11,20.68,1.0,1.0,5.56,10.34,0.0,0.0,0.0,0.0,0.0,0.0,0.0,0.0,5.0,5.0,27.78,51.71,3.0,3.0,16.67,31.03,38.89,66.67,-27.78,124.1,-5.0,-5.0,-27.78,3.48,3.48,0.62,0.72,0.5,0.5,1.0,0.29,0.5,0.0,0.33,0.2,0.0,0.0,0.28,16.67,0.5
8889,馬可,新北中信特攻,5,40|43|8889|10877|10880,謝亞軒/林韋翰/馬可/阿巴西/內馬,1,15,18.0,200.2,3.34,03:20,200.2,3.34,03:20,7.0,7.0,38.89,75.52,12.0,12.0,66.67,129.47,4.0,4.0,22.22,43.16,2.0,2.0,11.11,21.58,2.0,2.0,11.11,21.58,1.0,1.0,5.56,10.79,2.0,2.0,11.11,21.58,1.0,1.0,5.56,10.79,2.0,2.0,11.11,21.58,2.0,2.0,11.11,21.58,0.0,0.0,0.0,0.0,1.0,1.0,5.56,10.79,2.0,2.0,11.11,21.58,2.0,2.0,11.11,21.58,2.0,2.0,11.11,21.58,1.0,1.0,5.56,10.79,0.0,0.0,0.0,0.0,0.0,0.0,0.0,0.0,4.0,4.0,22.22,43.16,3.0,3.0,16.67,32.37,38.89,66.67,-27.78,129.47,-5.0,-5.0,-27.78,3.34,3.34,0.62,0.72,0.5,0.5,1.0,0.29,0.5,0.0,0.33,0.2,0.0,0.0,0.22,16.67,0.5
10877,阿巴西,新北中信特攻,3,40|10877|10880,謝亞軒/阿巴西/內馬,1,63,71.0,961.68,16.03,16:02,961.68,16.03,16:02,29.0,29.0,40.85,65.14,40.0,40.0,56.34,89.84,22.0,22.0,30.99,49.41,11.0,11.0,15.49,24.71,12.0,12.0,16.9,26.95,7.0,7.0,9.86,15.72,10.0,10.0,14.08,22.46,4.0,4.0,5.63,8.98,3.0,3.0,4.23,6.74,2.0,2.0,2.82,4.49,1.0,1.0,1.41,2.25,9.0,9.0,12.68,20.21,3.0,3.0,4.23,6.74,11.0,11.0,15.49,24.71,8.0,8.0,11.27,17.97,7.0,7.0,9.86,15.72,4.0,4.0,5.63,8.98,1.0,1.0,1.41,2.25,10.0,10.0,14.08,22.46,7.0,7.0,9.86,15.72,40.85,56.34,-15.49,106.31,-11.0,-11.0,-15.49,16.03,16.03,0.59,0.62,0.58,0.4,0.67,0.26,0.64,0.08,0.75,0.42,5.63,1.41,0.14,9.86,0.14
10877,阿巴西,新北中信特攻,3,8889|10877|10880,馬可/阿巴西/內馬,1,15,18.0,208.86,3.48,03:29,208.86,3.48,03:29,7.0,7.0,38.89,72.39,12.0,12.0,66.67,124.1,4.0,4.0,22.22,41.37,2.0,2.0,11.11,20.68,2.0,2.0,11.11,20.68,1.0,1.0,5.56,10.34,2.0,2.0,11.11,20.68,1.0,1.0,5.56,10.34,2.0,2.0,11.11,20.68,2.0,2.0,11.11,20.68,0.0,0.0,0.0,0.0,1.0,1.0,5.56,10.34,2.0,2.0,11.11,20.68,2.0,2.0,11.11,20.68,2.0,2.0,11.11,20.68,1.0,1.0,5.56,10.34,0.0,0.0,0.0,0.0,0.0,0.0,0.0,0.0,5.0,5.0,27.78,51.71,3.0,3.0,16.67,31.03,38.89,66.67,-27.78,124.1,-5.0,-5.0,-27.78,3.48,3.48,0.62,0.72,0.5,0.5,1.0,0.29,0.5,0.0,0.33,0.2,0.0,0.0,0.28,16.67,0.5
10877,阿巴西,新北中信特攻,4,40|43|10877|10880,謝亞軒/林韋翰/阿巴西/內馬,1,57,64.0,861.55,14.36,14:22,861.55,14.36,14:22,27.0,27.0,42.19,67.69,35.0,35.0,54.69,87.75,20.0,20.0,31.25,50.14,10.0,10.0,15.62,25.07,10.0,10.0,15.62,25.07,6.0,6.0,9.38,15.04,10.0,10.0,15.62,25.07,4.0,4.0,6.25,10.03,3.0,3.0,4.69,7.52,2.0,2.0,3.12,5.01,1.0,1.0,1.56,2.51,8.0,8.0,12.5,20.06,2.0,2.0,3.12,5.01,9.0,9.0,14.06,22.56,8.0,8.0,12.5,20.06,6.0,6.0,9.38,15.04,4.0,4.0,6.25,10.03,1.0,1.0,1.56,2.51,9.0,9.0,14.06,22.56,7.0,7.0,10.94,17.55,42.19,54.69,-12.5,106.97,-8.0,-8.0,-12.5,14.36,14.36,0.6,0.63,0.6,0.4,0.67,0.27,0.6,0.1,0.8,0.45,6.25,1.56,0.14,10.94,0.15
10877,阿巴西,新北中信特攻,4,40|8889|10877|10880,謝亞軒/馬可/阿巴西/內馬,1,15,18.0,200.2,3.34,03:20,200.2,3.34,03:20,7.0,7.0,38.89,75.52,12.0,12.0,66.67,129.47,4.0,4.0,22.22,43.16,2.0,2.0,11.11,21.58,2.0,2.0,11.11,21.58,1.0,1.0,5.56,10.79,2.0,2.0,11.11,21.58,1.0,1.0,5.56,10.79,2.0,2.0,11.11,21.58,2.0,2.0,11.11,21.58,0.0,0.0,0.0,0.0,1.0,1.0,5.56,10.79,2.0,2.0,11.11,21.58,2.0,2.0,11.11,21.58,2.0,2.0,11.11,21.58,1.0,1.0,5.56,10.79,0.0,0.0,0.0,0.0,0.0,0.0,0.0,0.0,4.0,4.0,22.22,43.16,3.0,3.0,16.67,32.37,38.89,66.67,-27.78,129.47,-5.0,-5.0,-27.78,3.34,3.34,0.62,0.72,0.5,0.5,1.0,0.29,0.5,0.0,0.33,0.2,0.0,0.0,0.22,16.67,0.5
10877,阿巴西,新北中信特攻,4,43|8889|10877|10880,林韋翰/馬可/阿巴西/內馬,1,15,18.0,208.86,3.48,03:29,208.86,3.48,03:29,7.0,7.0,38.89,72.39,12.0,12.0,66.67,124.1,4.0,4.0,22.22,41.37,2.0,2.0,11.11,20.68,2.0,2.0,11.11,20.68,1.0,1.0,5.56,10.34,2.0,2.0,11.11,20.68,1.0,1.0,5.56,10.34,2.0,2.0,11.11,20.68,2.0,2.0,11.11,20.68,0.0,0.0,0.0,0.0,1.0,1.0,5.56,10.34,2.0,2.0,11.11,20.68,2.0,2.0,11.11,20.68,2.0,2.0,11.11,20.68,1.0,1.0,5.56,10.34,0.0,0.0,0.0,0.0,0.0,0.0,0.0,0.0,5.0,5.0,27.78,51.71,3.0,3.0,16.67,31.03,38.89,66.67,-27.78,124.1,-5.0,-5.0,-27.78,3.48,3.48,0.62,0.72,0.5,0.5,1.0,0.29,0.5,0.0,0.33,0.2,0.0,0.0,0.28,16.67,0.5
10877,阿巴西,新北中信特攻,5,40|43|8889|10877|10880,謝亞軒/林韋翰/馬可/阿巴西/內馬,1,15,18.0,200.2,3.34,03:20,200.2,3.34,03:20,7.0,7.0,38.89,75.52,12.0,12.0,66.67,129.47,4.0,4.0,22.22,43.16,2.0,2.0,11.11,21.58,2.0,2.0,11.11,21.58,1.0,1.0,5.56,10.79,2.0,2.0,11.11,21.58,1.0,1.0,5.56,10.79,2.0,2.0,11.11,21.58,2.0,2.0,11.11,21.58,0.0,0.0,0.0,0.0,1.0,1.0,5.56,10.79,2.0,2.0,11.11,21.58,2.0,2.0,11.11,21.58,2.0,2.0,11.11,21.58,1.0,1.0,5.56,10.79,0.0,0.0,0.0,0.0,0.0,0.0,0.0,0.0,4.0,4.0,22.22,43.16,3.0,3.0,16.67,32.37,38.89,66.67,-27.78,129.47,-5.0,-5.0,-27.78,3.34,3.34,0.62,0.72,0.5,0.5,1.0,0.29,0.5,0.0,0.33,0.2,0.0,0.0,0.22,16.67,0.5
10880,內馬,新北中信特攻,2,40|10880,謝亞軒/內馬,1,81,91.0,1267.75,21.13,21:08,1267.75,21.13,21:08,40.0,40.0,43.96,68.15,42.0,42.0,46.15,71.56,29.0,29.0,31.87,49.41,15.0,15.0,16.48,25.56,17.0,17.0,18.68,28.96,10.0,10.0,10.99,17.04,12.0,12.0,13.19,20.45,5.0,5.0,5.49,8.52,9.0,9.0,9.89,15.33,7.0,7.0,7.69,11.93,2.0,2.0,2.2,3.41,12.0,12.0,13.19,20.45,3.0,3.0,3.3,5.11,17.0,17.0,18.68,28.96,10.0,10.0,10.99,17.04,9.0,9.0,9.89,15.33,4.0,4.0,4.4,6.82,1.0,1.0,1.1,1.7,12.0,12.0,13.19,20.45,7.0,7.0,7.69,11.93,43.96,46.15,-2.2,103.36,-2.0,-2.0,-2.2,21.13,21.13,0.6,0.61,0.59,0.42,0.78,0.23,0.6,0.11,0.8,0.41,4.4,1.1,0.13,7.69,0.31
10880,內馬,新北中信特攻,3,40|43|10880,謝亞軒/林韋翰/內馬,1,59,66.0,908.84,15.15,15:09,908.84,15.15,15:09,27.0,27.0,40.91,64.17,35.0,35.0,53.03,83.18,22.0,22.0,33.33,52.29,11.0,11.0,16.67,26.14,12.0,12.0,18.18,28.52,7.0,7.0,10.61,16.64,10.0,10.0,15.15,23.77,4.0,4.0,6.06,9.51,5.0,5.0,7.58,11.88,3.0,3.0,4.55,7.13,1.0,1.0,1.52,2.38,10.0,10.0,15.15,23.77,2.0,2.0,3.03,4.75,10.0,10.0,15.15,23.77,8.0,8.0,12.12,19.01,6.0,6.0,9.09,14.26,4.0,4.0,6.06,9.51,1.0,1.0,1.52,2.38,9.0,9.0,13.64,21.39,7.0,7.0,10.61,16.64,40.91,53.03,-12.12,104.57,-8.0,-8.0,-12.12,15.15,15.15,0.59,0.56,0.58,0.4,0.6,0.25,0.55,0.09,0.83,0.48,6.06,1.52,0.14,10.61,0.23
10880,內馬,新北中信特攻,3,40|8889|10880,謝亞軒/馬可/內馬,1,15,18.0,221.19,3.69,03:41,221.19,3.69,03:41,7.0,7.0,38.89,68.36,12.0,12.0,66.67,117.18,5.0,5.0,27.78,48.83,3.0,3.0,16.67,29.3,3.0,3.0,16.67,29.3,2.0,2.0,11.11,19.53,2.0,2.0,11.11,19.53,1.0,1.0,5.56,9.77,2.0,2.0,11.11,19.53,2.0,2.0,11.11,19.53,0.0,0.0,0.0,0.0,1.0,1.0,5.56,9.77,2.0,2.0,11.11,19.53,2.0,2.0,11.11,19.53,2.0,2.0,11.11,19.53,1.0,1.0,5.56,9.77,0.0,0.0,0.0,0.0,0.0,0.0,0.0,0.0,4.0,4.0,22.22,39.06,3.0,3.0,16.67,29.3,38.89,66.67,-27.78,117.18,-5.0,-5.0,-27.78,3.69,3.69,0.7,0.6,0.67,0.5,1.0,0.25,0.33,0.0,0.33,0.2,0.0,0.0,0.22,16.67,0.4
10880,內馬,新北中信特攻,3,40|10877|10880,謝亞軒/阿巴西/內馬,1,63,71.0,961.68,16.03,16:02,961.68,16.03,16:02,29.0,29.0,40.85,65.14,40.0,40.0,56.34,89.84,22.0,22.0,30.99,49.41,11.0,11.0,15.49,24.71,12.0,12.0,16.9,26.95,7.0,7.0,9.86,15.72,10.0,10.0,14.08,22.46,4.0,4.0,5.63,8.98,3.0,3.0,4.23,6.74,2.0,2.0,2.82,4.49,1.0,1.0,1.41,2.25,9.0,9.0,12.68,20.21,3.0,3.0,4.23,6.74,11.0,11.0,15.49,24.71,8.0,8.0,11.27,17.97,7.0,7.0,9.86,15.72,4.0,4.0,5.63,8.98,1.0,1.0,1.41,2.25,10.0,10.0,14.08,22.46,7.0,7.0,9.86,15.72,40.85,56.34,-15.49,106.31,-11.0,-11.0,-15.49,16.03,16.03,0.59,0.62,0.58,0.4,0.67,0.26,0.64,0.08,0.75,0.42,5.63,1.41,0.14,9.86,0.14
10880,內馬,新北中信特攻,3,8889|10877|10880,馬可/阿巴西/內馬,1,15,18.0,208.86,3.48,03:29,208.86,3.48,03:29,7.0,7.0,38.89,72.39,12.0,12.0,66.67,124.1,4.0,4.0,22.22,41.37,2.0,2.0,11.11,20.68,2.0,2.0,11.11,20.68,1.0,1.0,5.56,10.34,2.0,2.0,11.11,20.68,1.0,1.0,5.56,10.34,2.0,2.0,11.11,20.68,2.0,2.0,11.11,20.68,0.0,0.0,0.0,0.0,1.0,1.0,5.56,10.34,2.0,2.0,11.11,20.68,2.0,2.0,11.11,20.68,2.0,2.0,11.11,20.68,1.0,1.0,5.56,10.34,0.0,0.0,0.0,0.0,0.0,0.0,0.0,0.0,5.0,5.0,27.78,51.71,3.0,3.0,16.67,31.03,38.89,66.67,-27.78,124.1,-5.0,-5.0,-27.78,3.48,3.48,0.62,0.72,0.5,0.5,1.0,0.29,0.5,0.0,0.33,0.2,0.0,0.0,0.28,16.67,0.5
10880,內馬,新北中信特攻,4,40|43|8889|10880,謝亞軒/林韋翰/馬可/內馬,1,15,18.0,221.19,3.69,03:41,221.19,3.69,03:41,7.0,7.0,38.89,68.36,12.0,12.0,66.67,117.18,5.0,5.0,27.78,48.83,3.0,3.0,16.67,29.3,3.0,3.0,16.67,29.3,2.0,2.0,11.11,19.53,2.0,2.0,11.11,19.53,1.0,1.0,5.56,9.77,2.0,2.0,11.11,19.53,2.0,2.0,11.11,19.53,0.0,0.0,0.0,0.0,1.0,1.0,5.56,9.77,2.0,2.0,11.11,19.53,2.0,2.0,11.11,19.53,2.0,2.0,11.11,19.53,1.0,1.0,5.56,9.77,0.0,0.0,0.0,0.0,0.0,0.0,0.0,0.0,4.0,4.0,22.22,39.06,3.0,3.0,16.67,29.3,38.89,66.67,-27.78,117.18,-5.0,-5.0,-27.78,3.69,3.69,0.7,0.6,0.67,0.5,1.0,0.25,0.33,0.0,0.33,0.2,0.0,0.0,0.22,16.67,0.4
10880,內馬,新北中信特攻,4,40|43|10877|10880,謝亞軒/林韋翰/阿巴西/內馬,1,57,64.0,861.55,14.36,14:22,861.55,14.36,14:22,27.0,27.0,42.19,67.69,35.0,35.0,54.69,87.75,20.0,20.0,31.25,50.14,10.0,10.0,15.62,25.07,10.0,10.0,15.62,25.07,6.0,6.0,9.38,15.04,10.0,10.0,15.62,25.07,4.0,4.0,6.25,10.03,3.0,3.0,4.69,7.52,2.0,2.0,3.12,5.01,1.0,1.0,1.56,2.51,8.0,8.0,12.5,20.06,2.0,2.0,3.12,5.01,9.0,9.0,14.06,22.56,8.0,8.0,12.5,20.06,6.0,6.0,9.38,15.04,4.0,4.0,6.25,10.03,1.0,1.0,1.56,2.51,9.0,9.0,14.06,22.56,7.0,7.0,10.94,17.55,42.19,54.69,-12.5,106.97,-8.0,-8.0,-12.5,14.36,14.36,0.6,0.63,0.6,0.4,0.67,0.27,0.6,0.1,0.8,0.45,6.25,1.56,0.14,10.94,0.15
10880,內馬,新北中信特攻,4,40|8889|10877|10880,謝亞軒/馬可/阿巴西/內馬,1,15,18.0,200.2,3.34,03:20,200.2,3.34,03:20,7.0,7.0,38.89,75.52,12.0,12.0,66.67,129.47,4.0,4.0,22.22,43.16,2.0,2.0,11.11,21.58,2.0,2.0,11.11,21.58,1.0,1.0,5.56,10.79,2.0,2.0,11.11,21.58,1.0,1.0,5.56,10.79,2.0,2.0,11.11,21.58,2.0,2.0,11.11,21.58,0.0,0.0,0.0,0.0,1.0,1.0,5.56,10.79,2.0,2.0,11.11,21.58,2.0,2.0,11.11,21.58,2.0,2.0,11.11,21.58,1.0,1.0,5.56,10.79,0.0,0.0,0.0,0.0,0.0,0.0,0.0,0.0,4.0,4.0,22.22,43.16,3.0,3.0,16.67,32.37,38.89,66.67,-27.78,129.47,-5.0,-5.0,-27.78,3.34,3.34,0.62,0.72,0.5,0.5,1.0,0.29,0.5,0.0,0.33,0.2,0.0,0.0,0.22,16.67,0.5
10880,內馬,新北中信特攻,4,43|8889|10877|10880,林韋翰/馬可/阿巴西/內馬,1,15,18.0,208.86,3.48,03:29,208.86,3.48,03:29,7.0,7.0,38.89,72.39,12.0,12.0,66.67,124.1,4.0,4.0,22.22,41.37,2.0,2.0,11.11,20.68,2.0,2.0,11.11,20.68,1.0,1.0,5.56,10.34,2.0,2.0,11.11,20.68,1.0,1.0,5.56,10.34,2.0,2.0,11.11,20.68,2.0,2.0,11.11,20.68,0.0,0.0,0.0,0.0,1.0,1.0,5.56,10.34,2.0,2.0,11.11,20.68,2.0,2.0,11.11,20.68,2.0,2.0,11.11,20.68,1.0,1.0,5.56,10.34,0.0,0.0,0.0,0.0,0.0,0.0,0.0,0.0,5.0,5.0,27.78,51.71,3.0,3.0,16.67,31.03,38.89,66.67,-27.78,124.1,-5.0,-5.0,-27.78,3.48,3.48,0.62,0.72,0.5,0.5,1.0,0.29,0.5,0.0,0.33,0.2,0.0,0.0,0.28,16.67,0.5
10880,內馬,新北中信特攻,5,40|43|8889|10877|10880,謝亞軒/林韋翰/馬可/阿巴西/內馬,1,15,18.0,200.2,3.34,03:20,200.2,3.34,03:20,7.0,7.0,38.89,75.52,12.0,12.0,66.67,129.47,4.0,4.0,22.22,43.16,2.0,2.0,11.11,21.58,2.0,2.0,11.11,21.58,1.0,1.0,5.56,10.79,2.0,2.0,11.11,21.58,1.0,1.0,5.56,10.79,2.0,2.0,11.11,21.58,2.0,2.0,11.11,21.58,0.0,0.0,0.0,0.0,1.0,1.0,5.56,10.79,2.0,2.0,11.11,21.58,2.0,2.0,11.11,21.58,2.0,2.0,11.11,21.58,1.0,1.0,5.56,10.79,0.0,0.0,0.0,0.0,0.0,0.0,0.0,0.0,4.0,4.0,22.22,43.16,3.0,3.0,16.67,32.37,38.89,66.67,-27.78,129.47,-5.0,-5.0,-27.78,3.34,3.34,0.62,0.72,0.5,0.5,1.0,0.29,0.5,0.0,0.33,0.2,0.0,0.0,0.22,16.67,0.5
21,李愷諺,新北國王,2,21|10872,李愷諺/林彥廷,1,31,36.0,456.24,7.6,07:36,456.24,7.6,07:36,23.0,23.0,63.89,108.89,15.0,15.0,41.67,71.02,13.0,13.0,36.11,61.55,6.0,6.0,16.67,28.41,7.0,7.0,19.44,33.14,3.0,3.0,8.33,14.2,6.0,6.0,16.67,28.41,3.0,3.0,8.33,14.2,9.0,9.0,25.0,42.61,8.0,8.0,22.22,37.87,4.0,4.0,11.11,18.94,3.0,3.0,8.33,14.2,1.0,1.0,2.78,4.73,5.0,5.0,13.89,23.67,1.0,1.0,2.78,4.73,5.0,5.0,13.89,23.67,0.0,0.0,0.0,0.0,0.0,0.0,0.0,0.0,6.0,6.0,16.67,28.41,1.0,1.0,2.78,4.73,63.89,41.67,22.22,113.62,8.0,8.0,22.22,7.6,7.6,0.58,0.68,0.43,0.5,0.89,0.06,0.83,0.44,0.75,0.54,0.0,0.0,0.17,2.78,0.69
21,李愷諺,新北國王,3,21|29|10872,李愷諺/林書緯/林彥廷,1,18,20.0,237.38,3.96,03:57,237.38,3.96,03:57,10.0,10.0,50.0,90.99,8.0,8.0,40.0,72.8,5.0,5.0,25.0,45.5,1.0,1.0,5.0,9.1,2.0,2.0,10.0,18.2,0.0,0.0,0.0,0.0,3.0,3.0,15.0,27.3,1.0,1.0,5.0,9.1,7.0,7.0,35.0,63.7,7.0,7.0,35.0,63.7,1.0,1.0,5.0,9.1,3.0,3.0,15.0,27.3,1.0,1.0,5.0,9.1,3.0,3.0,15.0,27.3,1.0,1.0,5.0,9.1,1.0,1.0,5.0,9.1,0.0,0.0,0.0,0.0,0.0,0.0,0.0,0.0,3.0,3.0,15.0,27.3,1.0,1.0,5.0,9.1,50.0,40.0,10.0,121.33,2.0,2.0,10.0,3.96,3.96,0.3,0.62,0.0,0.33,1.0,0.11,1.0,0.25,0.75,0.5,0.0,0.0,0.15,5.0,1.4
21,李愷諺,新北國王,3,21|32|10872,李愷諺/奧帝/林彥廷,1,24,27.0,362.52,6.04,06:03,362.52,6.04,06:03,20.0,20.0,74.07,119.16,10.0,10.0,37.04,59.58,9.0,9.0,33.33,53.62,5.0,5.0,18.52,29.79,4.0,4.0,14.81,23.83,2.0,2.0,7.41,11.92,5.0,5.0,18.52,29.79,3.0,3.0,11.11,17.87,8.0,8.0,29.63,47.67,7.0,7.0,25.93,41.71,2.0,2.0,7.41,11.92,2.0,2.0,7.41,11.92,1.0,1.0,3.7,5.96,5.0,5.0,18.52,29.79,1.0,1.0,3.7,5.96,5.0,5.0,18.52,29.79,0.0,0.0,0.0,0.0,0.0,0.0,0.0,0.0,4.0,4.0,14.81,23.83,1.0,1.0,3.7,5.96,74.07,37.04,37.04,107.25,10.0,10.0,37.04,6.04,6.04,0.72,0.8,0.5,0.6,0.88,0.07,1.0,0.29,0.67,0.4,0.0,0.0,0.15,3.7,0.89
21,李愷諺,新北國王,3,21|32|14038,李愷諺/奧帝/飛米,1,23,25.0,350.85,5.85,05:51,350.85,5.85,05:51,20.0,20.0,80.0,123.13,11.0,11.0,44.0,67.72,8.0,8.0,32.0,49.25,6.0,6.0,24.0,36.94,4.0,4.0,16.0,24.63,3.0,3.0,12.0,18.47,4.0,4.0,16.0,24.63,3.0,3.0,12.0,18.47,6.0,6.0,24.0,36.94,5.0,5.0,20.0,30.78,1.0,1.0,4.0,6.16,1.0,1.0,4.0,6.16,1.0,1.0,4.0,6.16,4.0,4.0,16.0,24.63,2.0,2.0,8.0,12.31,6.0,6.0,24.0,36.94,0.0,0.0,0.0,0.0,0.0,0.0,0.0,0.0,3.0,3.0,12.0,18.47,2.0,2.0,8.0,12.31,80.0,44.0,36.0,102.61,9.0,9.0,36.0,5.85,5.85,0.94,0.94,0.75,0.75,0.83,0.16,1.0,0.2,0.5,0.29,0.0,0.0,0.12,8.0,0.75
21,李愷諺,新北國王,3,21|10872|14038,李愷諺/林彥廷/飛米,1,26,30.0,383.78,6.4,06:24,383.78,6.4,06:24,21.0,21.0,70.0,118.19,12.0,12.0,40.0,67.54,11.0,11.0,36.67,61.91,6.0,6.0,20.0,33.77,6.0,6.0,20.0,33.77,3.0,3.0,10.0,16.88,5.0,5.0,16.67,28.14,3.0,3.0,10.0,16.88,7.0,7.0,23.33,39.4,6.0,6.0,20.0,33.77,3.0,3.0,10.0,16.88,2.0,2.0,6.67,11.26,1.0,1.0,3.33,5.63,4.0,4.0,13.33,22.51,1.0,1.0,3.33,5.63,5.0,5.0,16.67,28.14,0.0,0.0,0.0,0.0,0.0,0.0,0.0,0.0,5.0,5.0,16.67,28.14,0.0,0.0,0.0,0.0,70.0,40.0,30.0,112.56,9.0,9.0,30.0,6.4,6.4,0.68,0.75,0.5,0.6,0.86,0.07,0.83,0.43,0.67,0.5,0.0,0.0,0.17,0.0,0.64
21,李愷諺,新北國王,4,21|29|32|10872,李愷諺/林書緯/奧帝/林彥廷,1,14,16.0,195.66,3.26,03:16,195.66,3.26,03:16,9.0,9.0,56.25,99.36,6.0,6.0,37.5,66.24,4.0,4.0,25.0,44.16,1.0,1.0,6.25,11.04,1.0,1.0,6.25,11.04,0.0,0.0,0.0,0.0,3.0,3.0,18.75,33.12,1.0,1.0,6.25,11.04,6.0,6.0,37.5,66.24,6.0,6.0,37.5,66.24,1.0,1.0,6.25,11.04,2.0,2.0,12.5,22.08,1.0,1.0,6.25,11.04,3.0,3.0,18.75,33.12,1.0,1.0,6.25,11.04,1.0,1.0,6.25,11.04,0.0,0.0,0.0,0.0,0.0,0.0,0.0,0.0,3.0,3.0,18.75,33.12,1.0,1.0,6.25,11.04,56.25,37.5,18.75,117.75,3.0,3.0,18.75,3.26,3.26,0.38,0.68,0.0,0.33,1.0,0.13,1.0,0.25,0.67,0.43,0.0,0.0,0.19,6.25,1.5
21,李愷諺,新北國王,4,21|29|32|14038,李愷諺/林書緯/奧帝/飛米,1,13,14.0,183.98,3.07,03:04,183.98,3.07,03:04,9.0,9.0,64.29,105.66,7.0,7.0,50.0,82.18,3.0,3.0,21.43,35.22,2.0,2.0,14.29,23.48,1.0,1.0,7.14,11.74,1.0,1.0,7.14,11.74,2.0,2.0,14.29,23.48,1.0,1.0,7.14,11.74,4.0,4.0,28.57,46.96,4.0,4.0,28.57,46.96,0.0,0.0,0.0,0.0,1.0,1.0,7.14,11.74,1.0,1.0,7.14,11.74,2.0,2.0,14.29,23.48,2.0,2.0,14.29,23.48,2.0,2.0,14.29,23.48,0.0,0.0,0.0,0.0,0.0,0.0,0.0,0.0,2.0,2.0,14.29,23.48,2.0,2.0,14.29,23.48,64.29,50.0,14.29,109.58,2.0,2.0,14.29,3.07,3.07,0.83,0.95,1.0,0.5,1.0,0.3,1.0,0.0,0.5,0.25,0.0,0.0,0.14,14.29,1.33
21,李愷諺,新北國王,4,21|29|10872|14038,李愷諺/林書緯/林彥廷/飛米,1,13,14.0,164.92,2.75,02:45,164.92,2.75,02:45,8.0,8.0,57.14,104.78,5.0,5.0,35.71,65.49,3.0,3.0,21.43,39.29,1.0,1.0,7.14,13.1,1.0,1.0,7.14,13.1,0.0,0.0,0.0,0.0,2.0,2.0,14.29,26.19,1.0,1.0,7.14,13.1,5.0,5.0,35.71,65.49,5.0,5.0,35.71,65.49,0.0,0.0,0.0,0.0,2.0,2.0,14.29,26.19,1.0,1.0,7.14,13.1,2.0,2.0,14.29,26.19,1.0,1.0,7.14,13.1,1.0,1.0,7.14,13.1,0.0,0.0,0.0,0.0,0.0,0.0,0.0,0.0,2.0,2.0,14.29,26.19,0.0,0.0,0.0,0.0,57.14,35.71,21.43,122.24,3.0,3.0,21.43,2.75,2.75,0.5,0.77,0.0,0.5,1.0,0.16,1.0,0.0,0.67,0.4,0.0,0.0,0.14,0.0,1.67
21,李愷諺,新北國王,4,21|32|10872|14038,李愷諺/奧帝/林彥廷/飛米,1,19,21.0,290.07,4.83,04:50,290.07,4.83,04:50,18.0,18.0,85.71,134.04,7.0,7.0,33.33,52.13,7.0,7.0,33.33,52.13,5.0,5.0,23.81,37.23,3.0,3.0,14.29,22.34,2.0,2.0,9.52,14.89,4.0,4.0,19.05,29.79,3.0,3.0,14.29,22.34,6.0,6.0,28.57,44.68,5.0,5.0,23.81,37.23,1.0,1.0,4.76,7.45,1.0,1.0,4.76,7.45,1.0,1.0,4.76,7.45,4.0,4.0,19.05,29.79,1.0,1.0,4.76,7.45,5.0,5.0,23.81,37.23,0.0,0.0,0.0,0.0,0.0,0.0,0.0,0.0,3.0,3.0,14.29,22.34,0.0,0.0,0.0,0.0,85.71,33.33,52.38,104.25,11.0,11.0,52.38,4.83,4.83,0.93,0.93,0.67,0.75,0.83,0.09,1.0,0.2,0.5,0.29,0.0,0.0,0.14,0.0,0.86
21,李愷諺,新北國王,5,21|29|32|10872|14038,李愷諺/林書緯/奧帝/林彥廷/飛米,1,9,10.0,123.21,2.05,02:03,123.21,2.05,02:03,7.0,7.0,70.0,122.72,3.0,3.0,30.0,52.59,2.0,2.0,20.0,35.06,1.0,1.0,10.0,17.53,0.0,0.0,0.0,0.0,0.0,0.0,0.0,0.0,2.0,2.0,20.0,35.06,1.0,1.0,10.0,17.53,4.0,4.0,40.0,70.13,4.0,4.0,40.0,70.13,0.0,0.0,0.0,0.0,1.0,1.0,10.0,17.53,1.0,1.0,10.0,17.53,2.0,2.0,20.0,35.06,1.0,1.0,10.0,17.53,1.0,1.0,10.0,17.53,0.0,0.0,0.0,0.0,0.0,0.0,0.0,0.0,2.0,2.0,20.0,35.06,0.0,0.0,0.0,0.0,70.0,30.0,40.0,116.88,4.0,4.0,40.0,2.05,2.05,0.75,0.93,,0.5,1.0,0.21,1.0,0.0,0.5,0.25,0.0,0.0,0.2,0.0,2.0
29,林書緯,新北國王,3,21|29|10872,李愷諺/林書緯/林彥廷,1,18,20.0,237.38,3.96,03:57,237.38,3.96,03:57,10.0,10.0,50.0,90.99,8.0,8.0,40.0,72.8,5.0,5.0,25.0,45.5,1.0,1.0,5.0,9.1,2.0,2.0,10.0,18.2,0.0,0.0,0.0,0.0,3.0,3.0,15.0,27.3,1.0,1.0,5.0,9.1,7.0,7.0,35.0,63.7,7.0,7.0,35.0,63.7,1.0,1.0,5.0,9.1,3.0,3.0,15.0,27.3,1.0,1.0,5.0,9.1,3.0,3.0,15.0,27.3,1.0,1.0,5.0,9.1,1.0,1.0,5.0,9.1,0.0,0.0,0.0,0.0,0.0,0.0,0.0,0.0,3.0,3.0,15.0,27.3,1.0,1.0,5.0,9.1,50.0,40.0,10.0,121.33,2.0,2.0,10.0,3.96,3.96,0.3,0.62,0.0,0.33,1.0,0.11,1.0,0.25,0.75,0.5,0.0,0.0,0.15,5.0,1.4
29,林書緯,新北國王,4,21|29|32|10872,李愷諺/林書緯/奧帝/林彥廷,1,14,16.0,195.66,3.26,03:16,195.66,3.26,03:16,9.0,9.0,56.25,99.36,6.0,6.0,37.5,66.24,4.0,4.0,25.0,44.16,1.0,1.0,6.25,11.04,1.0,1.0,6.25,11.04,0.0,0.0,0.0,0.0,3.0,3.0,18.75,33.12,1.0,1.0,6.25,11.04,6.0,6.0,37.5,66.24,6.0,6.0,37.5,66.24,1.0,1.0,6.25,11.04,2.0,2.0,12.5,22.08,1.0,1.0,6.25,11.04,3.0,3.0,18.75,33.12,1.0,1.0,6.25,11.04,1.0,1.0,6.25,11.04,0.0,0.0,0.0,0.0,0.0,0.0,0.0,0.0,3.0,3.0,18.75,33.12,1.0,1.0,6.25,11.04,56.25,37.5,18.75,117.75,3.0,3.0,18.75,3.26,3.26,0.38,0.68,0.0,0.33,1.0,0.13,1.0,0.25,0.67,0.43,0.0,0.0,0.19,6.25,1.5
29,林書緯,新北國王,4,21|29|32|14038,李愷諺/林書緯/奧帝/飛米,1,13,14.0,183.98,3.07,03:04,183.98,3.07,03:04,9.0,9.0,64.29,105.66,7.0,7.0,50.0,82.18,3.0,3.0,21.43,35.22,2.0,2.0,14.29,23.48,1.0,1.0,7.14,11.74,1.0,1.0,7.14,11.74,2.0,2.0,14.29,23.48,1.0,1.0,7.14,11.74,4.0,4.0,28.57,46.96,4.0,4.0,28.57,46.96,0.0,0.0,0.0,0.0,1.0,1.0,7.14,11.74,1.0,1.0,7.14,11.74,2.0,2.0,14.29,23.48,2.0,2.0,14.29,23.48,2.0,2.0,14.29,23.48,0.0,0.0,0.0,0.0,0.0,0.0,0.0,0.0,2.0,2.0,14.29,23.48,2.0,2.0,14.29,23.48,64.29,50.0,14.29,109.58,2.0,2.0,14.29,3.07,3.07,0.83,0.95,1.0,0.5,1.0,0.3,1.0,0.0,0.5,0.25,0.0,0.0,0.14,14.29,1.33
29,林書緯,新北國王,4,21|29|10872|14038,李愷諺/林書緯/林彥廷/飛米,1,13,14.0,164.92,2.75,02:45,164.92,2.75,02:45,8.0,8.0,57.14,104.78,5.0,5.0,35.71,65.49,3.0,3.0,21.43,39.29,1.0,1.0,7.14,13.1,1.0,1.0,7.14,13.1,0.0,0.0,0.0,0.0,2.0,2.0,14.29,26.19,1.0,1.0,7.14,13.1,5.0,5.0,35.71,65.49,5.0,5.0,35.71,65.49,0.0,0.0,0.0,0.0,2.0,2.0,14.29,26.19,1.0,1.0,7.14,13.1,2.0,2.0,14.29,26.19,1.0,1.0,7.14,13.1,1.0,1.0,7.14,13.1,0.0,0.0,0.0,0.0,0.0,0.0,0.0,0.0,2.0,2.0,14.29,26.19,0.0,0.0,0.0,0.0,57.14,35.71,21.43,122.24,3.0,3.0,21.43,2.75,2.75,0.5,0.77,0.0,0.5,1.0,0.16,1.0,0.0,0.67,0.4,0.0,0.0,0.14,0.0,1.67
29,林書緯,新北國王,5,21|29|32|10872|14038,李愷諺/林書緯/奧帝/林彥廷/飛米,1,9,10.0,123.21,2.05,02:03,123.21,2.05,02:03,7.0,7.0,70.0,122.72,3.0,3.0,30.0,52.59,2.0,2.0,20.0,35.06,1.0,1.0,10.0,17.53,0.0,0.0,0.0,0.0,0.0,0.0,0.0,0.0,2.0,2.0,20.0,35.06,1.0,1.0,10.0,17.53,4.0,4.0,40.0,70.13,4.0,4.0,40.0,70.13,0.0,0.0,0.0,0.0,1.0,1.0,10.0,17.53,1.0,1.0,10.0,17.53,2.0,2.0,20.0,35.06,1.0,1.0,10.0,17.53,1.0,1.0,10.0,17.53,0.0,0.0,0.0,0.0,0.0,0.0,0.0,0.0,2.0,2.0,20.0,35.06,0.0,0.0,0.0,0.0,70.0,30.0,40.0,116.88,4.0,4.0,40.0,2.05,2.05,0.75,0.93,,0.5,1.0,0.21,1.0,0.0,0.5,0.25,0.0,0.0,0.2,0.0,2.0
32,奧帝,新北國王,3,21|32|10872,李愷諺/奧帝/林彥廷,1,24,27.0,362.52,6.04,06:03,362.52,6.04,06:03,20.0,20.0,74.07,119.16,10.0,10.0,37.04,59.58,9.0,9.0,33.33,53.62,5.0,5.0,18.52,29.79,4.0,4.0,14.81,23.83,2.0,2.0,7.41,11.92,5.0,5.0,18.52,29.79,3.0,3.0,11.11,17.87,8.0,8.0,29.63,47.67,7.0,7.0,25.93,41.71,2.0,2.0,7.41,11.92,2.0,2.0,7.41,11.92,1.0,1.0,3.7,5.96,5.0,5.0,18.52,29.79,1.0,1.0,3.7,5.96,5.0,5.0,18.52,29.79,0.0,0.0,0.0,0.0,0.0,0.0,0.0,0.0,4.0,4.0,14.81,23.83,1.0,1.0,3.7,5.96,74.07,37.04,37.04,107.25,10.0,10.0,37.04,6.04,6.04,0.72,0.8,0.5,0.6,0.88,0.07,1.0,0.29,0.67,0.4,0.0,0.0,0.15,3.7,0.89
32,奧帝,新北國王,3,21|32|14038,李愷諺/奧帝/飛米,1,23,25.0,350.85,5.85,05:51,350.85,5.85,05:51,20.0,20.0,80.0,123.13,11.0,11.0,44.0,67.72,8.0,8.0,32.0,49.25,6.0,6.0,24.0,36.94,4.0,4.0,16.0,24.63,3.0,3.0,12.0,18.47,4.0,4.0,16.0,24.63,3.0,3.0,12.0,18.47,6.0,6.0,24.0,36.94,5.0,5.0,20.0,30.78,1.0,1.0,4.0,6.16,1.0,1.0,4.0,6.16,1.0,1.0,4.0,6.16,4.0,4.0,16.0,24.63,2.0,2.0,8.0,12.31,6.0,6.0,24.0,36.94,0.0,0.0,0.0,0.0,0.0,0.0,0.0,0.0,3.0,3.0,12.0,18.47,2.0,2.0,8.0,12.31,80.0,44.0,36.0,102.61,9.0,9.0,36.0,5.85,5.85,0.94,0.94,0.75,0.75,0.83,0.16,1.0,0.2,0.5,0.29,0.0,0.0,0.12,8.0,0.75
32,奧帝,新北國王,4,21|29|32|10872,李愷諺/林書緯/奧帝/林彥廷,1,14,16.0,195.66,3.26,03:16,195.66,3.26,03:16,9.0,9.0,56.25,99.36,6.0,6.0,37.5,66.24,4.0,4.0,25.0,44.16,1.0,1.0,6.25,11.04,1.0,1.0,6.25,11.04,0.0,0.0,0.0,0.0,3.0,3.0,18.75,33.12,1.0,1.0,6.25,11.04,6.0,6.0,37.5,66.24,6.0,6.0,37.5,66.24,1.0,1.0,6.25,11.04,2.0,2.0,12.5,22.08,1.0,1.0,6.25,11.04,3.0,3.0,18.75,33.12,1.0,1.0,6.25,11.04,1.0,1.0,6.25,11.04,0.0,0.0,0.0,0.0,0.0,0.0,0.0,0.0,3.0,3.0,18.75,33.12,1.0,1.0,6.25,11.04,56.25,37.5,18.75,117.75,3.0,3.0,18.75,3.26,3.26,0.38,0.68,0.0,0.33,1.0,0.13,1.0,0.25,0.67,0.43,0.0,0.0,0.19,6.25,1.5
32,奧帝,新北國王,4,21|29|32|14038,李愷諺/林書緯/奧帝/飛米,1,13,14.0,183.98,3.07,03:04,183.98,3.07,03:04,9.0,9.0,64.29,105.66,7.0,7.0,50.0,82.18,3.0,3.0,21.43,35.22,2.0,2.0,14.29,23.48,1.0,1.0,7.14,11.74,1.0,1.0,7.14,11.74,2.0,2.0,14.29,23.48,1.0,1.0,7.14,11.74,4.0,4.0,28.57,46.96,4.0,4.0,28.57,46.96,0.0,0.0,0.0,0.0,1.0,1.0,7.14,11.74,1.0,1.0,7.14,11.74,2.0,2.0,14.29,23.48,2.0,2.0,14.29,23.48,2.0,2.0,14.29,23.48,0.0,0.0,0.0,0.0,0.0,0.0,0.0,0.0,2.0,2.0,14.29,23.48,2.0,2.0,14.29,23.48,64.29,50.0,14.29,109.58,2.0,2.0,14.29,3.07,3.07,0.83,0.95,1.0,0.5,1.0,0.3,1.0,0.0,0.5,0.25,0.0,0.0,0.14,14.29,1.33
32,奧帝,新北國王,4,21|32|10872|14038,李愷諺/奧帝/林彥廷/飛米,1,19,21.0,290.07,4.83,04:50,290.07,4.83,04:50,18.0,18.0,85.71,134.04,7.0,7.0,33.33,52.13,7.0,7.0,33.33,52.13,5.0,5.0,23.81,37.23,3.0,3.0,14.29,22.34,2.0,2.0,9.52,14.89,4.0,4.0,19.05,29.79,3.0,3.0,14.29,22.34,6.0,6.0,28.57,44.68,5.0,5.0,23.81,37.23,1.0,1.0,4.76,7.45,1.0,1.0,4.76,7.45,1.0,1.0,4.76,7.45,4.0,4.0,19.05,29.79,1.0,1.0,4.76,7.45,5.0,5.0,23.81,37.23,0.0,0.0,0.0,0.0,0.0,0.0,0.0,0.0,3.0,3.0,14.29,22.34,0.0,0.0,0.0,0.0,85.71,33.33,52.38,104.25,11.0,11.0,52.38,4.83,4.83,0.93,0.93,0.67,0.75,0.83,0.09,1.0,0.2,0.5,0.29,0.0,0.0,0.14,0.0,0.86
32,奧帝,新北國王,5,21|29|32|10872|14038,李愷諺/林書緯/奧帝/林彥廷/飛米,1,9,10.0,123.21,2.05,02:03,123.21,2.05,02:03,7.0,7.0,70.0,122.72,3.0,3.0,30.0,52.59,2.0,2.0,20.0,35.06,1.0,1.0,10.0,17.53,0.0,0.0,0.0,0.0,0.0,0.0,0.0,0.0,2.0,2.0,20.0,35.06,1.0,1.0,10.0,17.53,4.0,4.0,40.0,70.13,4.0,4.0,40.0,70.13,0.0,0.0,0.0,0.0,1.0,1.0,10.0,17.53,1.0,1.0,10.0,17.53,2.0,2.0,20.0,35.06,1.0,1.0,10.0,17.53,1.0,1.0,10.0,17.53,0.0,0.0,0.0,0.0,0.0,0.0,0.0,0.0,2.0,2.0,20.0,35.06,0.0,0.0,0.0,0.0,70.0,30.0,40.0,116.88,4.0,4.0,40.0,2.05,2.05,0.75,0.93,,0.5,1.0,0.21,1.0,0.0,0.5,0.25,0.0,0.0,0.2,0.0,2.0
10872,林彥廷,新北國王,2,21|10872,李愷諺/林彥廷,1,31,36.0,456.24,7.6,07:36,456.24,7.6,07:36,23.0,23.0,63.89,108.89,15.0,15.0,41.67,71.02,13.0,13.0,36.11,61.55,6.0,6.0,16.67,28.41,7.0,7.0,19.44,33.14,3.0,3.0,8.33,14.2,6.0,6.0,16.67,28.41,3.0,3.0,8.33,14.2,9.0,9.0,25.0,42.61,8.0,8.0,22.22,37.87,4.0,4.0,11.11,18.94,3.0,3.0,8.33,14.2,1.0,1.0,2.78,4.73,5.0,5.0,13.89,23.67,1.0,1.0,2.78,4.73,5.0,5.0,13.89,23.67,0.0,0.0,0.0,0.0,0.0,0.0,0.0,0.0,6.0,6.0,16.67,28.41,1.0,1.0,2.78,4.73,63.89,41.67,22.22,113.62,8.0,8.0,22.22,7.6,7.6,0.58,0.68,0.43,0.5,0.89,0.06,0.83,0.44,0.75,0.54,0.0,0.0,0.17,2.78,0.69
10872,林彥廷,新北國王,3,21|29|10872,李愷諺/林書緯/林彥廷,1,18,20.0,237.38,3.96,03:57,237.38,3.96,03:57,10.0,10.0,50.0,90.99,8.0,8.0,40.0,72.8,5.0,5.0,25.0,45.5,1.0,1.0,5.0,9.1,2.0,2.0,10.0,18.2,0.0,0.0,0.0,0.0,3.0,3.0,15.0,27.3,1.0,1.0,5.0,9.1,7.0,7.0,35.0,63.7,7.0,7.0,35.0,63.7,1.0,1.0,5.0,9.1,3.0,3.0,15.0,27.3,1.0,1.0,5.0,9.1,3.0,3.0,15.0,27.3,1.0,1.0,5.0,9.1,1.0,1.0,5.0,9.1,0.0,0.0,0.0,0.0,0.0,0.0,0.0,0.0,3.0,3.0,15.0,27.3,1.0,1.0,5.0,9.1,50.0,40.0,10.0,121.33,2.0,2.0,10.0,3.96,3.96,0.3,0.62,0.0,0.33,1.0,0.11,1.0,0.25,0.75,0.5,0.0,0.0,0.15,5.0,1.4
10872,林彥廷,新北國王,3,21|32|10872,李愷諺/奧帝/林彥廷,1,24,27.0,362.52,6.04,06:03,362.52,6.04,06:03,20.0,20.0,74.07,119.16,10.0,10.0,37.04,59.58,9.0,9.0,33.33,53.62,5.0,5.0,18.52,29.79,4.0,4.0,14.81,23.83,2.0,2.0,7.41,11.92,5.0,5.0,18.52,29.79,3.0,3.0,11.11,17.87,8.0,8.0,29.63,47.67,7.0,7.0,25.93,41.71,2.0,2.0,7.41,11.92,2.0,2.0,7.41,11.92,1.0,1.0,3.7,5.96,5.0,5.0,18.52,29.79,1.0,1.0,3.7,5.96,5.0,5.0,18.52,29.79,0.0,0.0,0.0,0.0,0.0,0.0,0.0,0.0,4.0,4.0,14.81,23.83,1.0,1.0,3.7,5.96,74.07,37.04,37.04,107.25,10.0,10.0,37.04,6.04,6.04,0.72,0.8,0.5,0.6,0.88,0.07,1.0,0.29,0.67,0.4,0.0,0.0,0.15,3.7,0.89
10872,林彥廷,新北國王,3,21|10872|14038,李愷諺/林彥廷/飛米,1,26,30.0,383.78,6.4,06:24,383.78,6.4,06:24,21.0,21.0,70.0,118.19,12.0,12.0,40.0,67.54,11.0,11.0,36.67,61.91,6.0,6.0,20.0,33.77,6.0,6.0,20.0,33.77,3.0,3.0,10.0,16.88,5.0,5.0,16.67,28.14,3.0,3.0,10.0,16.88,7.0,7.0,23.33,39.4,6.0,6.0,20.0,33.77,3.0,3.0,10.0,16.88,2.0,2.0,6.67,11.26,1.0,1.0,3.33,5.63,4.0,4.0,13.33,22.51,1.0,1.0,3.33,5.63,5.0,5.0,16.67,28.14,0.0,0.0,0.0,0.0,0.0,0.0,0.0,0.0,5.0,5.0,16.67,28.14,0.0,0.0,0.0,0.0,70.0,40.0,30.0,112.56,9.0,9.0,30.0,6.4,6.4,0.68,0.75,0.5,0.6,0.86,0.07,0.83,0.43,0.67,0.5,0.0,0.0,0.17,0.0,0.64
10872,林彥廷,新北國王,4,21|29|32|10872,李愷諺/林書緯/奧帝/林彥廷,1,14,16.0,195.66,3.26,03:16,195.66,3.26,03:16,9.0,9.0,56.25,99.36,6.0,6.0,37.5,66.24,4.0,4.0,25.0,44.16,1.0,1.0,6.25,11.04,1.0,1.0,6.25,11.04,0.0,0.0,0.0,0.0,3.0,3.0,18.75,33.12,1.0,1.0,6.25,11.04,6.0,6.0,37.5,66.24,6.0,6.0,37.5,66.24,1.0,1.0,6.25,11.04,2.0,2.0,12.5,22.08,1.0,1.0,6.25,11.04,3.0,3.0,18.75,33.12,1.0,1.0,6.25,11.04,1.0,1.0,6.25,11.04,0.0,0.0,0.0,0.0,0.0,0.0,0.0,0.0,3.0,3.0,18.75,33.12,1.0,1.0,6.25,11.04,56.25,37.5,18.75,117.75,3.0,3.0,18.75,3.26,3.26,0.38,0.68,0.0,0.33,1.0,0.13,1.0,0.25,0.67,0.43,0.0,0.0,0.19,6.25,1.5
10872,林彥廷,新北國王,4,21|29|10872|14038,李愷諺/林書緯/林彥廷/飛米,1,13,14.0,164.92,2.75,02:45,164.92,2.75,02:45,8.0,8.0,57.14,104.78,5.0,5.0,35.71,65.49,3.0,3.0,21.43,39.29,1.0,1.0,7.14,13.1,1.0,1.0,7.14,13.1,0.0,0.0,0.0,0.0,2.0,2.0,14.29,26.19,1.0,1.0,7.14,13.1,5.0,5.0,35.71,65.49,5.0,5.0,35.71,65.49,0.0,0.0,0.0,0.0,2.0,2.0,14.29,26.19,1.0,1.0,7.14,13.1,2.0,2.0,14.29,26.19,1.0,1.0,7.14,13.1,1.0,1.0,7.14,13.1,0.0,0.0,0.0,0.0,0.0,0.0,0.0,0.0,2.0,2.0,14.29,26.19,0.0,0.0,0.0,0.0,57.14,35.71,21.43,122.24,3.0,3.0,21.43,2.75,2.75,0.5,0.77,0.0,0.5,1.0,0.16,1.0,0.0,0.67,0.4,0.0,0.0,0.14,0.0,1.67
10872,林彥廷,新北國王,4,21|32|10872|14038,李愷諺/奧帝/林彥廷/飛米,1,19,21.0,290.07,4.83,04:50,290.07,4.83,04:50,18.0,18.0,85.71,134.04,7.0,7.0,33.33,52.13,7.0,7.0,33.33,52.13,5.0,5.0,23.81,37.23,3.0,3.0,14.29,22.34,2.0,2.0,9.52,14.89,4.0,4.0,19.05,29.79,3.0,3.0,14.29,22.34,6.0,6.0,28.57,44.68,5.0,5.0,23.81,37.23,1.0,1.0,4.76,7.45,1.0,1.0,4.76,7.45,1.0,1.0,4.76,7.45,4.0,4.0,19.05,29.79,1.0,1.0,4.76,7.45,5.0,5.0,23.81,37.23,0.0,0.0,0.0,0.0,0.0,0.0,0.0,0.0,3.0,3.0,14.29,22.34,0.0,0.0,0.0,0.0,85.71,33.33,52.38,104.25,11.0,11.0,52.38,4.83,4.83,0.93,0.93,0.67,0.75,0.83,0.09,1.0,0.2,0.5,0.29,0.0,0.0,0.14,0.0,0.86
10872,林彥廷,新北國王,5,21|29|32|10872|14038,李愷諺/林書緯/奧帝/林彥廷/飛米,1,9,10.0,123.21,2.05,02:03,123.21,2.05,02:03,7.0,7.0,70.0,122.72,3.0,3.0,30.0,52.59,2.0,2.0,20.0,35.06,1.0,1.0,10.0,17.53,0.0,0.0,0.0,0.0,0.0,0.0,0.0,0.0,2.0,2.0,20.0,35.06,1.0,1.0,10.0,17.53,4.0,4.0,40.0,70.13,4.0,4.0,40.0,70.13,0.0,0.0,0.0,0.0,1.0,1.0,10.0,17.53,1.0,1.0,10.0,17.53,2.0,2.0,20.0,35.06,1.0,1.0,10.0,17.53,1.0,1.0,10.0,17.53,0.0,0.0,0.0,0.0,0.0,0.0,0.0,0.0,2.0,2.0,20.0,35.06,0.0,0.0,0.0,0.0,70.0,30.0,40.0,116.88,4.0,4.0,40.0,2.05,2.05,0.75,0.93,,0.5,1.0,0.21,1.0,0.0,0.5,0.25,0.0,0.0,0.2,0.0,2.0
14038,飛米,新北國王,3,21|32|14038,李愷諺/奧帝/飛米,1,23,25.0,350.85,5.85,05:51,350.85,5.85,05:51,20.0,20.0,80.0,123.13,11.0,11.0,44.0,67.72,8.0,8.0,32.0,49.25,6.0,6.0,24.0,36.94,4.0,4.0,16.0,24.63,3.0,3.0,12.0,18.47,4.0,4.0,16.0,24.63,3.0,3.0,12.0,18.47,6.0,6.0,24.0,36.94,5.0,5.0,20.0,30.78,1.0,1.0,4.0,6.16,1.0,1.0,4.0,6.16,1.0,1.0,4.0,6.16,4.0,4.0,16.0,24.63,2.0,2.0,8.0,12.31,6.0,6.0,24.0,36.94,0.0,0.0,0.0,0.0,0.0,0.0,0.0,0.0,3.0,3.0,12.0,18.47,2.0,2.0,8.0,12.31,80.0,44.0,36.0,102.61,9.0,9.0,36.0,5.85,5.85,0.94,0.94,0.75,0.75,0.83,0.16,1.0,0.2,0.5,0.29,0.0,0.0,0.12,8.0,0.75
14038,飛米,新北國王,3,21|10872|14038,李愷諺/林彥廷/飛米,1,26,30.0,383.78,6.4,06:24,383.78,6.4,06:24,21.0,21.0,70.0,118.19,12.0,12.0,40.0,67.54,11.0,11.0,36.67,61.91,6.0,6.0,20.0,33.77,6.0,6.0,20.0,33.77,3.0,3.0,10.0,16.88,5.0,5.0,16.67,28.14,3.0,3.0,10.0,16.88,7.0,7.0,23.33,39.4,6.0,6.0,20.0,33.77,3.0,3.0,10.0,16.88,2.0,2.0,6.67,11.26,1.0,1.0,3.33,5.63,4.0,4.0,13.33,22.51,1.0,1.0,3.33,5.63,5.0,5.0,16.67,28.14,0.0,0.0,0.0,0.0,0.0,0.0,0.0,0.0,5.0,5.0,16.67,28.14,0.0,0.0,0.0,0.0,70.0,40.0,30.0,112.56,9.0,9.0,30.0,6.4,6.4,0.68,0.75,0.5,0.6,0.86,0.07,0.83,0.43,0.67,0.5,0.0,0.0,0.17,0.0,0.64
14038,飛米,新北國王,4,21|29|32|14038,李愷諺/林書緯/奧帝/飛米,1,13,14.0,183.98,3.07,03:04,183.98,3.07,03:04,9.0,9.0,64.29,105.66,7.0,7.0,50.0,82.18,3.0,3.0,21.43,35.22,2.0,2.0,14.29,23.48,1.0,1.0,7.14,11.74,1.0,1.0,7.14,11.74,2.0,2.0,14.29,23.48,1.0,1.0,7.14,11.74,4.0,4.0,28.57,46.96,4.0,4.0,28.57,46.96,0.0,0.0,0.0,0.0,1.0,1.0,7.14,11.74,1.0,1.0,7.14,11.74,2.0,2.0,14.29,23.48,2.0,2.0,14.29,23.48,2.0,2.0,14.29,23.48,0.0,0.0,0.0,0.0,0.0,0.0,0.0,0.0,2.0,2.0,14.29,23.48,2.0,2.0,14.29,23.48,64.29,50.0,14.29,109.58,2.0,2.0,14.29,3.07,3.07,0.83,0.95,1.0,0.5,1.0,0.3,1.0,0.0,0.5,0.25,0.0,0.0,0.14,14.29,1.33
14038,飛米,新北國王,4,21|29|10872|14038,李愷諺/林書緯/林彥廷/飛米,1,13,14.0,164.92,2.75,02:45,164.92,2.75,02:45,8.0,8.0,57.14,104.78,5.0,5.0,35.71,65.49,3.0,3.0,21.43,39.29,1.0,1.0,7.14,13.1,1.0,1.0,7.14,13.1,0.0,0.0,0.0,0.0,2.0,2.0,14.29,26.19,1.0,1.0,7.14,13.1,5.0,5.0,35.71,65.49,5.0,5.0,35.71,65.49,0.0,0.0,0.0,0.0,2.0,2.0,14.29,26.19,1.0,1.0,7.14,13.1,2.0,2.0,14.29,26.19,1.0,1.0,7.14,13.1,1.0,1.0,7.14,13.1,0.0,0.0,0.0,0.0,0.0,0.0,0.0,0.0,2.0,2.0,14.29,26.19,0.0,0.0,0.0,0.0,57.14,35.71,21.43,122.24,3.0,3.0,21.43,2.75,2.75,0.5,0.77,0.0,0.5,1.0,0.16,1.0,0.0,0.67,0.4,0.0,0.0,0.14,0.0,1.67
14038,飛米,新北國王,4,21|32|10872|14038,李愷諺/奧帝/林彥廷/飛米,1,19,21.0,290.07,4.83,04:50,290.07,4.83,04:50,18.0,18.0,85.71,134.04,7.0,7.0,33.33,52.13,7.0,7.0,33.33,52.13,5.0,5.0,23.81,37.23,3.0,3.0,14.29,22.34,2.0,2.0,9.52,14.89,4.0,4.0,19.05,29.79,3.0,3.0,14.29,22.34,6.0,6.0,28.57,44.68,5.0,5.0,23.81,37.23,1.0,1.0,4.76,7.45,1.0,1.0,4.76,7.45,1.0,1.0,4.76,7.45,4.0,4.0,19.05,29.79,1.0,1.0,4.76,7.45,5.0,5.0,23.81,37.23,0.0,0.0,0.0,0.0,0.0,0.0,0.0,0.0,3.0,3.0,14.29,22.34,0.0,0.0,0.0,0.0,85.71,33.33,52.38,104.25,11.0,11.0,52.38,4.83,4.83,0.93,0.93,0.67,0.75,0.83,0.09,1.0,0.2,0.5,0.29,0.0,0.0,0.14,0.0,0.86
14038,飛米,新北國王,5,21|29|32|10872|14038,李愷諺/林書緯/奧帝/林彥廷/飛米,1,9,10.0,123.21,2.05,02:03,123.21,2.05,02:03,7.0,7.0,70.0,122.72,3.0,3.0,30.0,52.59,2.0,2.0,20.0,35.06,1.0,1.0,10.0,17.53,0.0,0.0,0.0,0.0,0.0,0.0,0.0,0.0,2.0,2.0,20.0,35.06,1.0,1.0,10.0,17.53,4.0,4.0,40.0,70.13,4.0,4.0,40.0,70.13,0.0,0.0,0.0,0.0,1.0,1.0,10.0,17.53,1.0,1.0,10.0,17.53,2.0,2.0,20.0,35.06,1.0,1.0,10.0,17.53,1.0,1.0,10.0,17.53,0.0,0.0,0.0,0.0,0.0,0.0,0.0,0.0,2.0,2.0,20.0,35.06,0.0,0.0,0.0,0.0,70.0,30.0,40.0,116.88,4.0,4.0,40.0,2.05,2.05,0.75,0.93,,0.5,1.0,0.21,1.0,0.0,0.5,0.25,0.0,0.0,0.2,0.0,2.0
21,李愷諺,新北國王,2,21|10873,李愷諺/喬納森,1,2,2.0,10.0,0.17,00:10,10.0,0.17,00:10,0.0,0.0,0.0,0.0,0.0,0.0,0.0,0.0,0.0,0.0,0.0,0.0,0.0,0.0,0.0,0.0,0.0,0.0,0.0,0.0,0.0,0.0,0.0,0.0,0.0,0.0,0.0,0.0,0.0,0.0,0.0,0.0,0.0,0.0,0.0,0.0,0.0,0.0,0.0,0.0,0.0,0.0,0.0,0.0,0.0,0.0,0.0,0.0,0.0,0.0,0.0,0.0,0.0,0.0,0.0,0.0,0.0,0.0,0.0,0.0,0.0,0.0,0.0,0.0,0.0,0.0,0.0,0.0,0.0,0.0,0.0,0.0,0.0,0.0,0.0,0.0,0.0,0.0,0.0,0.0,0.0,0.0,0.0,288.0,0.0,0.0,0.0,0.17,0.17,,,,,,,,,,,0.0,0.0,0.0,0.0,
21,李愷諺,新北國王,3,21|32|10873,李愷諺/奧帝/喬納森,1,1,1.0,7.0,0.12,00:07,7.0,0.12,00:07,0.0,0.0,0.0,0.0,0.0,0.0,0.0,0.0,0.0,0.0,0.0,0.0,0.0,0.0,0.0,0.0,0.0,0.0,0.0,0.0,0.0,0.0,0.0,0.0,0.0,0.0,0.0,0.0,0.0,0.0,0.0,0.0,0.0,0.0,0.0,0.0,0.0,0.0,0.0,0.0,0.0,0.0,0.0,0.0,0.0,0.0,0.0,0.0,0.0,0.0,0.0,0.0,0.0,0.0,0.0,0.0,0.0,0.0,0.0,0.0,0.0,0.0,0.0,0.0,0.0,0.0,0.0,0.0,0.0,0.0,0.0,0.0,0.0,0.0,0.0,0.0,0.0,0.0,0.0,0.0,0.0,0.0,0.0,205.71,0.0,0.0,0.0,0.12,0.12,,,,,,,,,,,0.0,0.0,0.0,0.0,
21,李愷諺,新北國王,3,21|10872|10873,李愷諺/林彥廷/喬納森,1,2,2.0,10.0,0.17,00:10,10.0,0.17,00:10,0.0,0.0,0.0,0.0,0.0,0.0,0.0,0.0,0.0,0.0,0.0,0.0,0.0,0.0,0.0,0.0,0.0,0.0,0.0,0.0,0.0,0.0,0.0,0.0,0.0,0.0,0.0,0.0,0.0,0.0,0.0,0.0,0.0,0.0,0.0,0.0,0.0,0.0,0.0,0.0,0.0,0.0,0.0,0.0,0.0,0.0,0.0,0.0,0.0,0.0,0.0,0.0,0.0,0.0,0.0,0.0,0.0,0.0,0.0,0.0,0.0,0.0,0.0,0.0,0.0,0.0,0.0,0.0,0.0,0.0,0.0,0.0,0.0,0.0,0.0,0.0,0.0,0.0,0.0,0.0,0.0,0.0,0.0,288.0,0.0,0.0,0.0,0.17,0.17,,,,,,,,,,,0.0,0.0,0.0,0.0,
21,李愷諺,新北國王,3,21|10873|14038,李愷諺/喬納森/飛米,1,2,2.0,10.0,0.17,00:10,10.0,0.17,00:10,0.0,0.0,0.0,0.0,0.0,0.0,0.0,0.0,0.0,0.0,0.0,0.0,0.0,0.0,0.0,0.0,0.0,0.0,0.0,0.0,0.0,0.0,0.0,0.0,0.0,0.0,0.0,0.0,0.0,0.0,0.0,0.0,0.0,0.0,0.0,0.0,0.0,0.0,0.0,0.0,0.0,0.0,0.0,0.0,0.0,0.0,0.0,0.0,0.0,0.0,0.0,0.0,0.0,0.0,0.0,0.0,0.0,0.0,0.0,0.0,0.0,0.0,0.0,0.0,0.0,0.0,0.0,0.0,0.0,0.0,0.0,0.0,0.0,0.0,0.0,0.0,0.0,0.0,0.0,0.0,0.0,0.0,0.0,288.0,0.0,0.0,0.0,0.17,0.17,,,,,,,,,,,0.0,0.0,0.0,0.0,
21,李愷諺,新北國王,4,21|32|10872|10873,李愷諺/奧帝/林彥廷/喬納森,1,1,1.0,7.0,0.12,00:07,7.0,0.12,00:07,0.0,0.0,0.0,0.0,0.0,0.0,0.0,0.0,0.0,0.0,0.0,0.0,0.0,0.0,0.0,0.0,0.0,0.0,0.0,0.0,0.0,0.0,0.0,0.0,0.0,0.0,0.0,0.0,0.0,0.0,0.0,0.0,0.0,0.0,0.0,0.0,0.0,0.0,0.0,0.0,0.0,0.0,0.0,0.0,0.0,0.0,0.0,0.0,0.0,0.0,0.0,0.0,0.0,0.0,0.0,0.0,0.0,0.0,0.0,0.0,0.0,0.0,0.0,0.0,0.0,0.0,0.0,0.0,0.0,0.0,0.0,0.0,0.0,0.0,0.0,0.0,0.0,0.0,0.0,0.0,0.0,0.0,0.0,205.71,0.0,0.0,0.0,0.12,0.12,,,,,,,,,,,0.0,0.0,0.0,0.0,
21,李愷諺,新北國王,4,21|32|10873|14038,李愷諺/奧帝/喬納森/飛米,1,1,1.0,7.0,0.12,00:07,7.0,0.12,00:07,0.0,0.0,0.0,0.0,0.0,0.0,0.0,0.0,0.0,0.0,0.0,0.0,0.0,0.0,0.0,0.0,0.0,0.0,0.0,0.0,0.0,0.0,0.0,0.0,0.0,0.0,0.0,0.0,0.0,0.0,0.0,0.0,0.0,0.0,0.0,0.0,0.0,0.0,0.0,0.0,0.0,0.0,0.0,0.0,0.0,0.0,0.0,0.0,0.0,0.0,0.0,0.0,0.0,0.0,0.0,0.0,0.0,0.0,0.0,0.0,0.0,0.0,0.0,0.0,0.0,0.0,0.0,0.0,0.0,0.0,0.0,0.0,0.0,0.0,0.0,0.0,0.0,0.0,0.0,0.0,0.0,0.0,0.0,205.71,0.0,0.0,0.0,0.12,0.12,,,,,,,,,,,0.0,0.0,0.0,0.0,
21,李愷諺,新北國王,4,21|10872|10873|14038,李愷諺/林彥廷/喬納森/飛米,1,2,2.0,10.0,0.17,00:10,10.0,0.17,00:10,0.0,0.0,0.0,0.0,0.0,0.0,0.0,0.0,0.0,0.0,0.0,0.0,0.0,0.0,0.0,0.0,0.0,0.0,0.0,0.0,0.0,0.0,0.0,0.0,0.0,0.0,0.0,0.0,0.0,0.0,0.0,0.0,0.0,0.0,0.0,0.0,0.0,0.0,0.0,0.0,0.0,0.0,0.0,0.0,0.0,0.0,0.0,0.0,0.0,0.0,0.0,0.0,0.0,0.0,0.0,0.0,0.0,0.0,0.0,0.0,0.0,0.0,0.0,0.0,0.0,0.0,0.0,0.0,0.0,0.0,0.0,0.0,0.0,0.0,0.0,0.0,0.0,0.0,0.0,0.0,0.0,0.0,0.0,288.0,0.0,0.0,0.0,0.17,0.17,,,,,,,,,,,0.0,0.0,0.0,0.0,
21,李愷諺,新北國王,5,21|32|10872|10873|14038,李愷諺/奧帝/林彥廷/喬納森/飛米,1,1,1.0,7.0,0.12,00:07,7.0,0.12,00:07,0.0,0.0,0.0,0.0,0.0,0.0,0.0,0.0,0.0,0.0,0.0,0.0,0.0,0.0,0.0,0.0,0.0,0.0,0.0,0.0,0.0,0.0,0.0,0.0,0.0,0.0,0.0,0.0,0.0,0.0,0.0,0.0,0.0,0.0,0.0,0.0,0.0,0.0,0.0,0.0,0.0,0.0,0.0,0.0,0.0,0.0,0.0,0.0,0.0,0.0,0.0,0.0,0.0,0.0,0.0,0.0,0.0,0.0,0.0,0.0,0.0,0.0,0.0,0.0,0.0,0.0,0.0,0.0,0.0,0.0,0.0,0.0,0.0,0.0,0.0,0.0,0.0,0.0,0.0,0.0,0.0,0.0,0.0,205.71,0.0,0.0,0.0,0.12,0.12,,,,,,,,,,,0.0,0.0,0.0,0.0,
32,奧帝,新北國王,2,32|10873,奧帝/喬納森,1,1,1.0,7.0,0.12,00:07,7.0,0.12,00:07,0.0,0.0,0.0,0.0,0.0,0.0,0.0,0.0,0.0,0.0,0.0,0.0,0.0,0.0,0.0,0.0,0.0,0.0,0.0,0.0,0.0,0.0,0.0,0.0,0.0,0.0,0.0,0.0,0.0,0.0,0.0,0.0,0.0,0.0,0.0,0.0,0.0,0.0,0.0,0.0,0.0,0.0,0.0,0.0,0.0,0.0,0.0,0.0,0.0,0.0,0.0,0.0,0.0,0.0,0.0,0.0,0.0,0.0,0.0,0.0,0.0,0.0,0.0,0.0,0.0,0.0,0.0,0.0,0.0,0.0,0.0,0.0,0.0,0.0,0.0,0.0,0.0,0.0,0.0,0.0,0.0,0.0,0.0,205.71,0.0,0.0,0.0,0.12,0.12,,,,,,,,,,,0.0,0.0,0.0,0.0,
32,奧帝,新北國王,3,21|32|10873,李愷諺/奧帝/喬納森,1,1,1.0,7.0,0.12,00:07,7.0,0.12,00:07,0.0,0.0,0.0,0.0,0.0,0.0,0.0,0.0,0.0,0.0,0.0,0.0,0.0,0.0,0.0,0.0,0.0,0.0,0.0,0.0,0.0,0.0,0.0,0.0,0.0,0.0,0.0,0.0,0.0,0.0,0.0,0.0,0.0,0.0,0.0,0.0,0.0,0.0,0.0,0.0,0.0,0.0,0.0,0.0,0.0,0.0,0.0,0.0,0.0,0.0,0.0,0.0,0.0,0.0,0.0,0.0,0.0,0.0,0.0,0.0,0.0,0.0,0.0,0.0,0.0,0.0,0.0,0.0,0.0,0.0,0.0,0.0,0.0,0.0,0.0,0.0,0.0,0.0,0.0,0.0,0.0,0.0,0.0,205.71,0.0,0.0,0.0,0.12,0.12,,,,,,,,,,,0.0,0.0,0.0,0.0,
32,奧帝,新北國王,3,32|10872|10873,奧帝/林彥廷/喬納森,1,1,1.0,7.0,0.12,00:07,7.0,0.12,00:07,0.0,0.0,0.0,0.0,0.0,0.0,0.0,0.0,0.0,0.0,0.0,0.0,0.0,0.0,0.0,0.0,0.0,0.0,0.0,0.0,0.0,0.0,0.0,0.0,0.0,0.0,0.0,0.0,0.0,0.0,0.0,0.0,0.0,0.0,0.0,0.0,0.0,0.0,0.0,0.0,0.0,0.0,0.0,0.0,0.0,0.0,0.0,0.0,0.0,0.0,0.0,0.0,0.0,0.0,0.0,0.0,0.0,0.0,0.0,0.0,0.0,0.0,0.0,0.0,0.0,0.0,0.0,0.0,0.0,0.0,0.0,0.0,0.0,0.0,0.0,0.0,0.0,0.0,0.0,0.0,0.0,0.0,0.0,205.71,0.0,0.0,0.0,0.12,0.12,,,,,,,,,,,0.0,0.0,0.0,0.0,
32,奧帝,新北國王,3,32|10873|14038,奧帝/喬納森/飛米,1,1,1.0,7.0,0.12,00:07,7.0,0.12,00:07,0.0,0.0,0.0,0.0,0.0,0.0,0.0,0.0,0.0,0.0,0.0,0.0,0.0,0.0,0.0,0.0,0.0,0.0,0.0,0.0,0.0,0.0,0.0,0.0,0.0,0.0,0.0,0.0,0.0,0.0,0.0,0.0,0.0,0.0,0.0,0.0,0.0,0.0,0.0,0.0,0.0,0.0,0.0,0.0,0.0,0.0,0.0,0.0,0.0,0.0,0.0,0.0,0.0,0.0,0.0,0.0,0.0,0.0,0.0,0.0,0.0,0.0,0.0,0.0,0.0,0.0,0.0,0.0,0.0,0.0,0.0,0.0,0.0,0.0,0.0,0.0,0.0,0.0,0.0,0.0,0.0,0.0,0.0,205.71,0.0,0.0,0.0,0.12,0.12,,,,,,,,,,,0.0,0.0,0.0,0.0,
32,奧帝,新北國王,4,21|32|10872|10873,李愷諺/奧帝/林彥廷/喬納森,1,1,1.0,7.0,0.12,00:07,7.0,0.12,00:07,0.0,0.0,0.0,0.0,0.0,0.0,0.0,0.0,0.0,0.0,0.0,0.0,0.0,0.0,0.0,0.0,0.0,0.0,0.0,0.0,0.0,0.0,0.0,0.0,0.0,0.0,0.0,0.0,0.0,0.0,0.0,0.0,0.0,0.0,0.0,0.0,0.0,0.0,0.0,0.0,0.0,0.0,0.0,0.0,0.0,0.0,0.0,0.0,0.0,0.0,0.0,0.0,0.0,0.0,0.0,0.0,0.0,0.0,0.0,0.0,0.0,0.0,0.0,0.0,0.0,0.0,0.0,0.0,0.0,0.0,0.0,0.0,0.0,0.0,0.0,0.0,0.0,0.0,0.0,0.0,0.0,0.0,0.0,205.71,0.0,0.0,0.0,0.12,0.12,,,,,,,,,,,0.0,0.0,0.0,0.0,
32,奧帝,新北國王,4,21|32|10873|14038,李愷諺/奧帝/喬納森/飛米,1,1,1.0,7.0,0.12,00:07,7.0,0.12,00:07,0.0,0.0,0.0,0.0,0.0,0.0,0.0,0.0,0.0,0.0,0.0,0.0,0.0,0.0,0.0,0.0,0.0,0.0,0.0,0.0,0.0,0.0,0.0,0.0,0.0,0.0,0.0,0.0,0.0,0.0,0.0,0.0,0.0,0.0,0.0,0.0,0.0,0.0,0.0,0.0,0.0,0.0,0.0,0.0,0.0,0.0,0.0,0.0,0.0,0.0,0.0,0.0,0.0,0.0,0.0,0.0,0.0,0.0,0.0,0.0,0.0,0.0,0.0,0.0,0.0,0.0,0.0,0.0,0.0,0.0,0.0,0.0,0.0,0.0,0.0,0.0,0.0,0.0,0.0,0.0,0.0,0.0,0.0,205.71,0.0,0.0,0.0,0.12,0.12,,,,,,,,,,,0.0,0.0,0.0,0.0,
32,奧帝,新北國王,4,32|10872|10873|14038,奧帝/林彥廷/喬納森/飛米,1,1,1.0,7.0,0.12,00:07,7.0,0.12,00:07,0.0,0.0,0.0,0.0,0.0,0.0,0.0,0.0,0.0,0.0,0.0,0.0,0.0,0.0,0.0,0.0,0.0,0.0,0.0,0.0,0.0,0.0,0.0,0.0,0.0,0.0,0.0,0.0,0.0,0.0,0.0,0.0,0.0,0.0,0.0,0.0,0.0,0.0,0.0,0.0,0.0,0.0,0.0,0.0,0.0,0.0,0.0,0.0,0.0,0.0,0.0,0.0,0.0,0.0,0.0,0.0,0.0,0.0,0.0,0.0,0.0,0.0,0.0,0.0,0.0,0.0,0.0,0.0,0.0,0.0,0.0,0.0,0.0,0.0,0.0,0.0,0.0,0.0,0.0,0.0,0.0,0.0,0.0,205.71,0.0,0.0,0.0,0.12,0.12,,,,,,,,,,,0.0,0.0,0.0,0.0,
32,奧帝,新北國王,5,21|32|10872|10873|14038,李愷諺/奧帝/林彥廷/喬納森/飛米,1,1,1.0,7.0,0.12,00:07,7.0,0.12,00:07,0.0,0.0,0.0,0.0,0.0,0.0,0.0,0.0,0.0,0.0,0.0,0.0,0.0,0.0,0.0,0.0,0.0,0.0,0.0,0.0,0.0,0.0,0.0,0.0,0.0,0.0,0.0,0.0,0.0,0.0,0.0,0.0,0.0,0.0,0.0,0.0,0.0,0.0,0.0,0.0,0.0,0.0,0.0,0.0,0.0,0.0,0.0,0.0,0.0,0.0,0.0,0.0,0.0,0.0,0.0,0.0,0.0,0.0,0.0,0.0,0.0,0.0,0.0,0.0,0.0,0.0,0.0,0.0,0.0,0.0,0.0,0.0,0.0,0.0,0.0,0.0,0.0,0.0,0.0,0.0,0.0,0.0,0.0,205.71,0.0,0.0,0.0,0.12,0.12,,,,,,,,,,,0.0,0.0,0.0,0.0,
10872,林彥廷,新北國王,2,10872|10873,林彥廷/喬納森,1,2,2.0,10.0,0.17,00:10,10.0,0.17,00:10,0.0,0.0,0.0,0.0,0.0,0.0,0.0,0.0,0.0,0.0,0.0,0.0,0.0,0.0,0.0,0.0,0.0,0.0,0.0,0.0,0.0,0.0,0.0,0.0,0.0,0.0,0.0,0.0,0.0,0.0,0.0,0.0,0.0,0.0,0.0,0.0,0.0,0.0,0.0,0.0,0.0,0.0,0.0,0.0,0.0,0.0,0.0,0.0,0.0,0.0,0.0,0.0,0.0,0.0,0.0,0.0,0.0,0.0,0.0,0.0,0.0,0.0,0.0,0.0,0.0,0.0,0.0,0.0,0.0,0.0,0.0,0.0,0.0,0.0,0.0,0.0,0.0,0.0,0.0,0.0,0.0,0.0,0.0,288.0,0.0,0.0,0.0,0.17,0.17,,,,,,,,,,,0.0,0.0,0.0,0.0,
10872,林彥廷,新北國王,3,21|10872|10873,李愷諺/林彥廷/喬納森,1,2,2.0,10.0,0.17,00:10,10.0,0.17,00:10,0.0,0.0,0.0,0.0,0.0,0.0,0.0,0.0,0.0,0.0,0.0,0.0,0.0,0.0,0.0,0.0,0.0,0.0,0.0,0.0,0.0,0.0,0.0,0.0,0.0,0.0,0.0,0.0,0.0,0.0,0.0,0.0,0.0,0.0,0.0,0.0,0.0,0.0,0.0,0.0,0.0,0.0,0.0,0.0,0.0,0.0,0.0,0.0,0.0,0.0,0.0,0.0,0.0,0.0,0.0,0.0,0.0,0.0,0.0,0.0,0.0,0.0,0.0,0.0,0.0,0.0,0.0,0.0,0.0,0.0,0.0,0.0,0.0,0.0,0.0,0.0,0.0,0.0,0.0,0.0,0.0,0.0,0.0,288.0,0.0,0.0,0.0,0.17,0.17,,,,,,,,,,,0.0,0.0,0.0,0.0,
10872,林彥廷,新北國王,3,32|10872|10873,奧帝/林彥廷/喬納森,1,1,1.0,7.0,0.12,00:07,7.0,0.12,00:07,0.0,0.0,0.0,0.0,0.0,0.0,0.0,0.0,0.0,0.0,0.0,0.0,0.0,0.0,0.0,0.0,0.0,0.0,0.0,0.0,0.0,0.0,0.0,0.0,0.0,0.0,0.0,0.0,0.0,0.0,0.0,0.0,0.0,0.0,0.0,0.0,0.0,0.0,0.0,0.0,0.0,0.0,0.0,0.0,0.0,0.0,0.0,0.0,0.0,0.0,0.0,0.0,0.0,0.0,0.0,0.0,0.0,0.0,0.0,0.0,0.0,0.0,0.0,0.0,0.0,0.0,0.0,0.0,0.0,0.0,0.0,0.0,0.0,0.0,0.0,0.0,0.0,0.0,0.0,0.0,0.0,0.0,0.0,205.71,0.0,0.0,0.0,0.12,0.12,,,,,,,,,,,0.0,0.0,0.0,0.0,
10872,林彥廷,新北國王,3,10872|10873|14038,林彥廷/喬納森/飛米,1,2,2.0,10.0,0.17,00:10,10.0,0.17,00:10,0.0,0.0,0.0,0.0,0.0,0.0,0.0,0.0,0.0,0.0,0.0,0.0,0.0,0.0,0.0,0.0,0.0,0.0,0.0,0.0,0.0,0.0,0.0,0.0,0.0,0.0,0.0,0.0,0.0,0.0,0.0,0.0,0.0,0.0,0.0,0.0,0.0,0.0,0.0,0.0,0.0,0.0,0.0,0.0,0.0,0.0,0.0,0.0,0.0,0.0,0.0,0.0,0.0,0.0,0.0,0.0,0.0,0.0,0.0,0.0,0.0,0.0,0.0,0.0,0.0,0.0,0.0,0.0,0.0,0.0,0.0,0.0,0.0,0.0,0.0,0.0,0.0,0.0,0.0,0.0,0.0,0.0,0.0,288.0,0.0,0.0,0.0,0.17,0.17,,,,,,,,,,,0.0,0.0,0.0,0.0,
10872,林彥廷,新北國王,4,21|32|10872|10873,李愷諺/奧帝/林彥廷/喬納森,1,1,1.0,7.0,0.12,00:07,7.0,0.12,00:07,0.0,0.0,0.0,0.0,0.0,0.0,0.0,0.0,0.0,0.0,0.0,0.0,0.0,0.0,0.0,0.0,0.0,0.0,0.0,0.0,0.0,0.0,0.0,0.0,0.0,0.0,0.0,0.0,0.0,0.0,0.0,0.0,0.0,0.0,0.0,0.0,0.0,0.0,0.0,0.0,0.0,0.0,0.0,0.0,0.0,0.0,0.0,0.0,0.0,0.0,0.0,0.0,0.0,0.0,0.0,0.0,0.0,0.0,0.0,0.0,0.0,0.0,0.0,0.0,0.0,0.0,0.0,0.0,0.0,0.0,0.0,0.0,0.0,0.0,0.0,0.0,0.0,0.0,0.0,0.0,0.0,0.0,0.0,205.71,0.0,0.0,0.0,0.12,0.12,,,,,,,,,,,0.0,0.0,0.0,0.0,
10872,林彥廷,新北國王,4,21|10872|10873|14038,李愷諺/林彥廷/喬納森/飛米,1,2,2.0,10.0,0.17,00:10,10.0,0.17,00:10,0.0,0.0,0.0,0.0,0.0,0.0,0.0,0.0,0.0,0.0,0.0,0.0,0.0,0.0,0.0,0.0,0.0,0.0,0.0,0.0,0.0,0.0,0.0,0.0,0.0,0.0,0.0,0.0,0.0,0.0,0.0,0.0,0.0,0.0,0.0,0.0,0.0,0.0,0.0,0.0,0.0,0.0,0.0,0.0,0.0,0.0,0.0,0.0,0.0,0.0,0.0,0.0,0.0,0.0,0.0,0.0,0.0,0.0,0.0,0.0,0.0,0.0,0.0,0.0,0.0,0.0,0.0,0.0,0.0,0.0,0.0,0.0,0.0,0.0,0.0,0.0,0.0,0.0,0.0,0.0,0.0,0.0,0.0,288.0,0.0,0.0,0.0,0.17,0.17,,,,,,,,,,,0.0,0.0,0.0,0.0,
10872,林彥廷,新北國王,4,32|10872|10873|14038,奧帝/林彥廷/喬納森/飛米,1,1,1.0,7.0,0.12,00:07,7.0,0.12,00:07,0.0,0.0,0.0,0.0,0.0,0.0,0.0,0.0,0.0,0.0,0.0,0.0,0.0,0.0,0.0,0.0,0.0,0.0,0.0,0.0,0.0,0.0,0.0,0.0,0.0,0.0,0.0,0.0,0.0,0.0,0.0,0.0,0.0,0.0,0.0,0.0,0.0,0.0,0.0,0.0,0.0,0.0,0.0,0.0,0.0,0.0,0.0,0.0,0.0,0.0,0.0,0.0,0.0,0.0,0.0,0.0,0.0,0.0,0.0,0.0,0.0,0.0,0.0,0.0,0.0,0.0,0.0,0.0,0.0,0.0,0.0,0.0,0.0,0.0,0.0,0.0,0.0,0.0,0.0,0.0,0.0,0.0,0.0,205.71,0.0,0.0,0.0,0.12,0.12,,,,,,,,,,,0.0,0.0,0.0,0.0,
10872,林彥廷,新北國王,5,21|32|10872|10873|14038,李愷諺/奧帝/林彥廷/喬納森/飛米,1,1,1.0,7.0,0.12,00:07,7.0,0.12,00:07,0.0,0.0,0.0,0.0,0.0,0.0,0.0,0.0,0.0,0.0,0.0,0.0,0.0,0.0,0.0,0.0,0.0,0.0,0.0,0.0,0.0,0.0,0.0,0.0,0.0,0.0,0.0,0.0,0.0,0.0,0.0,0.0,0.0,0.0,0.0,0.0,0.0,0.0,0.0,0.0,0.0,0.0,0.0,0.0,0.0,0.0,0.0,0.0,0.0,0.0,0.0,0.0,0.0,0.0,0.0,0.0,0.0,0.0,0.0,0.0,0.0,0.0,0.0,0.0,0.0,0.0,0.0,0.0,0.0,0.0,0.0,0.0,0.0,0.0,0.0,0.0,0.0,0.0,0.0,0.0,0.0,0.0,0.0,205.71,0.0,0.0,0.0,0.12,0.12,,,,,,,,,,,0.0,0.0,0.0,0.0,
10873,喬納森,新北國王,2,21|10873,李愷諺/喬納森,1,2,2.0,10.0,0.17,00:10,10.0,0.17,00:10,0.0,0.0,0.0,0.0,0.0,0.0,0.0,0.0,0.0,0.0,0.0,0.0,0.0,0.0,0.0,0.0,0.0,0.0,0.0,0.0,0.0,0.0,0.0,0.0,0.0,0.0,0.0,0.0,0.0,0.0,0.0,0.0,0.0,0.0,0.0,0.0,0.0,0.0,0.0,0.0,0.0,0.0,0.0,0.0,0.0,0.0,0.0,0.0,0.0,0.0,0.0,0.0,0.0,0.0,0.0,0.0,0.0,0.0,0.0,0.0,0.0,0.0,0.0,0.0,0.0,0.0,0.0,0.0,0.0,0.0,0.0,0.0,0.0,0.0,0.0,0.0,0.0,0.0,0.0,0.0,0.0,0.0,0.0,288.0,0.0,0.0,0.0,0.17,0.17,,,,,,,,,,,0.0,0.0,0.0,0.0,
10873,喬納森,新北國王,2,32|10873,奧帝/喬納森,1,1,1.0,7.0,0.12,00:07,7.0,0.12,00:07,0.0,0.0,0.0,0.0,0.0,0.0,0.0,0.0,0.0,0.0,0.0,0.0,0.0,0.0,0.0,0.0,0.0,0.0,0.0,0.0,0.0,0.0,0.0,0.0,0.0,0.0,0.0,0.0,0.0,0.0,0.0,0.0,0.0,0.0,0.0,0.0,0.0,0.0,0.0,0.0,0.0,0.0,0.0,0.0,0.0,0.0,0.0,0.0,0.0,0.0,0.0,0.0,0.0,0.0,0.0,0.0,0.0,0.0,0.0,0.0,0.0,0.0,0.0,0.0,0.0,0.0,0.0,0.0,0.0,0.0,0.0,0.0,0.0,0.0,0.0,0.0,0.0,0.0,0.0,0.0,0.0,0.0,0.0,205.71,0.0,0.0,0.0,0.12,0.12,,,,,,,,,,,0.0,0.0,0.0,0.0,
10873,喬納森,新北國王,2,10872|10873,林彥廷/喬納森,1,2,2.0,10.0,0.17,00:10,10.0,0.17,00:10,0.0,0.0,0.0,0.0,0.0,0.0,0.0,0.0,0.0,0.0,0.0,0.0,0.0,0.0,0.0,0.0,0.0,0.0,0.0,0.0,0.0,0.0,0.0,0.0,0.0,0.0,0.0,0.0,0.0,0.0,0.0,0.0,0.0,0.0,0.0,0.0,0.0,0.0,0.0,0.0,0.0,0.0,0.0,0.0,0.0,0.0,0.0,0.0,0.0,0.0,0.0,0.0,0.0,0.0,0.0,0.0,0.0,0.0,0.0,0.0,0.0,0.0,0.0,0.0,0.0,0.0,0.0,0.0,0.0,0.0,0.0,0.0,0.0,0.0,0.0,0.0,0.0,0.0,0.0,0.0,0.0,0.0,0.0,288.0,0.0,0.0,0.0,0.17,0.17,,,,,,,,,,,0.0,0.0,0.0,0.0,
10873,喬納森,新北國王,2,10873|14038,喬納森/飛米,1,2,2.0,10.0,0.17,00:10,10.0,0.17,00:10,0.0,0.0,0.0,0.0,0.0,0.0,0.0,0.0,0.0,0.0,0.0,0.0,0.0,0.0,0.0,0.0,0.0,0.0,0.0,0.0,0.0,0.0,0.0,0.0,0.0,0.0,0.0,0.0,0.0,0.0,0.0,0.0,0.0,0.0,0.0,0.0,0.0,0.0,0.0,0.0,0.0,0.0,0.0,0.0,0.0,0.0,0.0,0.0,0.0,0.0,0.0,0.0,0.0,0.0,0.0,0.0,0.0,0.0,0.0,0.0,0.0,0.0,0.0,0.0,0.0,0.0,0.0,0.0,0.0,0.0,0.0,0.0,0.0,0.0,0.0,0.0,0.0,0.0,0.0,0.0,0.0,0.0,0.0,288.0,0.0,0.0,0.0,0.17,0.17,,,,,,,,,,,0.0,0.0,0.0,0.0,
10873,喬納森,新北國王,3,21|32|10873,李愷諺/奧帝/喬納森,1,1,1.0,7.0,0.12,00:07,7.0,0.12,00:07,0.0,0.0,0.0,0.0,0.0,0.0,0.0,0.0,0.0,0.0,0.0,0.0,0.0,0.0,0.0,0.0,0.0,0.0,0.0,0.0,0.0,0.0,0.0,0.0,0.0,0.0,0.0,0.0,0.0,0.0,0.0,0.0,0.0,0.0,0.0,0.0,0.0,0.0,0.0,0.0,0.0,0.0,0.0,0.0,0.0,0.0,0.0,0.0,0.0,0.0,0.0,0.0,0.0,0.0,0.0,0.0,0.0,0.0,0.0,0.0,0.0,0.0,0.0,0.0,0.0,0.0,0.0,0.0,0.0,0.0,0.0,0.0,0.0,0.0,0.0,0.0,0.0,0.0,0.0,0.0,0.0,0.0,0.0,205.71,0.0,0.0,0.0,0.12,0.12,,,,,,,,,,,0.0,0.0,0.0,0.0,
10873,喬納森,新北國王,3,21|10872|10873,李愷諺/林彥廷/喬納森,1,2,2.0,10.0,0.17,00:10,10.0,0.17,00:10,0.0,0.0,0.0,0.0,0.0,0.0,0.0,0.0,0.0,0.0,0.0,0.0,0.0,0.0,0.0,0.0,0.0,0.0,0.0,0.0,0.0,0.0,0.0,0.0,0.0,0.0,0.0,0.0,0.0,0.0,0.0,0.0,0.0,0.0,0.0,0.0,0.0,0.0,0.0,0.0,0.0,0.0,0.0,0.0,0.0,0.0,0.0,0.0,0.0,0.0,0.0,0.0,0.0,0.0,0.0,0.0,0.0,0.0,0.0,0.0,0.0,0.0,0.0,0.0,0.0,0.0,0.0,0.0,0.0,0.0,0.0,0.0,0.0,0.0,0.0,0.0,0.0,0.0,0.0,0.0,0.0,0.0,0.0,288.0,0.0,0.0,0.0,0.17,0.17,,,,,,,,,,,0.0,0.0,0.0,0.0,
10873,喬納森,新北國王,3,21|10873|14038,李愷諺/喬納森/飛米,1,2,2.0,10.0,0.17,00:10,10.0,0.17,00:10,0.0,0.0,0.0,0.0,0.0,0.0,0.0,0.0,0.0,0.0,0.0,0.0,0.0,0.0,0.0,0.0,0.0,0.0,0.0,0.0,0.0,0.0,0.0,0.0,0.0,0.0,0.0,0.0,0.0,0.0,0.0,0.0,0.0,0.0,0.0,0.0,0.0,0.0,0.0,0.0,0.0,0.0,0.0,0.0,0.0,0.0,0.0,0.0,0.0,0.0,0.0,0.0,0.0,0.0,0.0,0.0,0.0,0.0,0.0,0.0,0.0,0.0,0.0,0.0,0.0,0.0,0.0,0.0,0.0,0.0,0.0,0.0,0.0,0.0,0.0,0.0,0.0,0.0,0.0,0.0,0.0,0.0,0.0,288.0,0.0,0.0,0.0,0.17,0.17,,,,,,,,,,,0.0,0.0,0.0,0.0,
10873,喬納森,新北國王,3,32|10872|10873,奧帝/林彥廷/喬納森,1,1,1.0,7.0,0.12,00:07,7.0,0.12,00:07,0.0,0.0,0.0,0.0,0.0,0.0,0.0,0.0,0.0,0.0,0.0,0.0,0.0,0.0,0.0,0.0,0.0,0.0,0.0,0.0,0.0,0.0,0.0,0.0,0.0,0.0,0.0,0.0,0.0,0.0,0.0,0.0,0.0,0.0,0.0,0.0,0.0,0.0,0.0,0.0,0.0,0.0,0.0,0.0,0.0,0.0,0.0,0.0,0.0,0.0,0.0,0.0,0.0,0.0,0.0,0.0,0.0,0.0,0.0,0.0,0.0,0.0,0.0,0.0,0.0,0.0,0.0,0.0,0.0,0.0,0.0,0.0,0.0,0.0,0.0,0.0,0.0,0.0,0.0,0.0,0.0,0.0,0.0,205.71,0.0,0.0,0.0,0.12,0.12,,,,,,,,,,,0.0,0.0,0.0,0.0,
10873,喬納森,新北國王,3,32|10873|14038,奧帝/喬納森/飛米,1,1,1.0,7.0,0.12,00:07,7.0,0.12,00:07,0.0,0.0,0.0,0.0,0.0,0.0,0.0,0.0,0.0,0.0,0.0,0.0,0.0,0.0,0.0,0.0,0.0,0.0,0.0,0.0,0.0,0.0,0.0,0.0,0.0,0.0,0.0,0.0,0.0,0.0,0.0,0.0,0.0,0.0,0.0,0.0,0.0,0.0,0.0,0.0,0.0,0.0,0.0,0.0,0.0,0.0,0.0,0.0,0.0,0.0,0.0,0.0,0.0,0.0,0.0,0.0,0.0,0.0,0.0,0.0,0.0,0.0,0.0,0.0,0.0,0.0,0.0,0.0,0.0,0.0,0.0,0.0,0.0,0.0,0.0,0.0,0.0,0.0,0.0,0.0,0.0,0.0,0.0,205.71,0.0,0.0,0.0,0.12,0.12,,,,,,,,,,,0.0,0.0,0.0,0.0,
10873,喬納森,新北國王,3,10872|10873|14038,林彥廷/喬納森/飛米,1,2,2.0,10.0,0.17,00:10,10.0,0.17,00:10,0.0,0.0,0.0,0.0,0.0,0.0,0.0,0.0,0.0,0.0,0.0,0.0,0.0,0.0,0.0,0.0,0.0,0.0,0.0,0.0,0.0,0.0,0.0,0.0,0.0,0.0,0.0,0.0,0.0,0.0,0.0,0.0,0.0,0.0,0.0,0.0,0.0,0.0,0.0,0.0,0.0,0.0,0.0,0.0,0.0,0.0,0.0,0.0,0.0,0.0,0.0,0.0,0.0,0.0,0.0,0.0,0.0,0.0,0.0,0.0,0.0,0.0,0.0,0.0,0.0,0.0,0.0,0.0,0.0,0.0,0.0,0.0,0.0,0.0,0.0,0.0,0.0,0.0,0.0,0.0,0.0,0.0,0.0,288.0,0.0,0.0,0.0,0.17,0.17,,,,,,,,,,,0.0,0.0,0.0,0.0,
10873,喬納森,新北國王,4,21|32|10872|10873,李愷諺/奧帝/林彥廷/喬納森,1,1,1.0,7.0,0.12,00:07,7.0,0.12,00:07,0.0,0.0,0.0,0.0,0.0,0.0,0.0,0.0,0.0,0.0,0.0,0.0,0.0,0.0,0.0,0.0,0.0,0.0,0.0,0.0,0.0,0.0,0.0,0.0,0.0,0.0,0.0,0.0,0.0,0.0,0.0,0.0,0.0,0.0,0.0,0.0,0.0,0.0,0.0,0.0,0.0,0.0,0.0,0.0,0.0,0.0,0.0,0.0,0.0,0.0,0.0,0.0,0.0,0.0,0.0,0.0,0.0,0.0,0.0,0.0,0.0,0.0,0.0,0.0,0.0,0.0,0.0,0.0,0.0,0.0,0.0,0.0,0.0,0.0,0.0,0.0,0.0,0.0,0.0,0.0,0.0,0.0,0.0,205.71,0.0,0.0,0.0,0.12,0.12,,,,,,,,,,,0.0,0.0,0.0,0.0,
10873,喬納森,新北國王,4,21|32|10873|14038,李愷諺/奧帝/喬納森/飛米,1,1,1.0,7.0,0.12,00:07,7.0,0.12,00:07,0.0,0.0,0.0,0.0,0.0,0.0,0.0,0.0,0.0,0.0,0.0,0.0,0.0,0.0,0.0,0.0,0.0,0.0,0.0,0.0,0.0,0.0,0.0,0.0,0.0,0.0,0.0,0.0,0.0,0.0,0.0,0.0,0.0,0.0,0.0,0.0,0.0,0.0,0.0,0.0,0.0,0.0,0.0,0.0,0.0,0.0,0.0,0.0,0.0,0.0,0.0,0.0,0.0,0.0,0.0,0.0,0.0,0.0,0.0,0.0,0.0,0.0,0.0,0.0,0.0,0.0,0.0,0.0,0.0,0.0,0.0,0.0,0.0,0.0,0.0,0.0,0.0,0.0,0.0,0.0,0.0,0.0,0.0,205.71,0.0,0.0,0.0,0.12,0.12,,,,,,,,,,,0.0,0.0,0.0,0.0,
10873,喬納森,新北國王,4,21|10872|10873|14038,李愷諺/林彥廷/喬納森/飛米,1,2,2.0,10.0,0.17,00:10,10.0,0.17,00:10,0.0,0.0,0.0,0.0,0.0,0.0,0.0,0.0,0.0,0.0,0.0,0.0,0.0,0.0,0.0,0.0,0.0,0.0,0.0,0.0,0.0,0.0,0.0,0.0,0.0,0.0,0.0,0.0,0.0,0.0,0.0,0.0,0.0,0.0,0.0,0.0,0.0,0.0,0.0,0.0,0.0,0.0,0.0,0.0,0.0,0.0,0.0,0.0,0.0,0.0,0.0,0.0,0.0,0.0,0.0,0.0,0.0,0.0,0.0,0.0,0.0,0.0,0.0,0.0,0.0,0.0,0.0,0.0,0.0,0.0,0.0,0.0,0.0,0.0,0.0,0.0,0.0,0.0,0.0,0.0,0.0,0.0,0.0,288.0,0.0,0.0,0.0,0.17,0.17,,,,,,,,,,,0.0,0.0,0.0,0.0,
10873,喬納森,新北國王,4,32|10872|10873|14038,奧帝/林彥廷/喬納森/飛米,1,1,1.0,7.0,0.12,00:07,7.0,0.12,00:07,0.0,0.0,0.0,0.0,0.0,0.0,0.0,0.0,0.0,0.0,0.0,0.0,0.0,0.0,0.0,0.0,0.0,0.0,0.0,0.0,0.0,0.0,0.0,0.0,0.0,0.0,0.0,0.0,0.0,0.0,0.0,0.0,0.0,0.0,0.0,0.0,0.0,0.0,0.0,0.0,0.0,0.0,0.0,0.0,0.0,0.0,0.0,0.0,0.0,0.0,0.0,0.0,0.0,0.0,0.0,0.0,0.0,0.0,0.0,0.0,0.0,0.0,0.0,0.0,0.0,0.0,0.0,0.0,0.0,0.0,0.0,0.0,0.0,0.0,0.0,0.0,0.0,0.0,0.0,0.0,0.0,0.0,0.0,205.71,0.0,0.0,0.0,0.12,0.12,,,,,,,,,,,0.0,0.0,0.0,0.0,
10873,喬納森,新北國王,5,21|32|10872|10873|14038,李愷諺/奧帝/林彥廷/喬納森/飛米,1,1,1.0,7.0,0.12,00:07,7.0,0.12,00:07,0.0,0.0,0.0,0.0,0.0,0.0,0.0,0.0,0.0,0.0,0.0,0.0,0.0,0.0,0.0,0.0,0.0,0.0,0.0,0.0,0.0,0.0,0.0,0.0,0.0,0.0,0.0,0.0,0.0,0.0,0.0,0.0,0.0,0.0,0.0,0.0,0.0,0.0,0.0,0.0,0.0,0.0,0.0,0.0,0.0,0.0,0.0,0.0,0.0,0.0,0.0,0.0,0.0,0.0,0.0,0.0,0.0,0.0,0.0,0.0,0.0,0.0,0.0,0.0,0.0,0.0,0.0,0.0,0.0,0.0,0.0,0.0,0.0,0.0,0.0,0.0,0.0,0.0,0.0,0.0,0.0,0.0,0.0,205.71,0.0,0.0,0.0,0.12,0.12,,,,,,,,,,,0.0,0.0,0.0,0.0,
14038,飛米,新北國王,2,10873|14038,喬納森/飛米,1,2,2.0,10.0,0.17,00:10,10.0,0.17,00:10,0.0,0.0,0.0,0.0,0.0,0.0,0.0,0.0,0.0,0.0,0.0,0.0,0.0,0.0,0.0,0.0,0.0,0.0,0.0,0.0,0.0,0.0,0.0,0.0,0.0,0.0,0.0,0.0,0.0,0.0,0.0,0.0,0.0,0.0,0.0,0.0,0.0,0.0,0.0,0.0,0.0,0.0,0.0,0.0,0.0,0.0,0.0,0.0,0.0,0.0,0.0,0.0,0.0,0.0,0.0,0.0,0.0,0.0,0.0,0.0,0.0,0.0,0.0,0.0,0.0,0.0,0.0,0.0,0.0,0.0,0.0,0.0,0.0,0.0,0.0,0.0,0.0,0.0,0.0,0.0,0.0,0.0,0.0,288.0,0.0,0.0,0.0,0.17,0.17,,,,,,,,,,,0.0,0.0,0.0,0.0,
14038,飛米,新北國王,3,21|10873|14038,李愷諺/喬納森/飛米,1,2,2.0,10.0,0.17,00:10,10.0,0.17,00:10,0.0,0.0,0.0,0.0,0.0,0.0,0.0,0.0,0.0,0.0,0.0,0.0,0.0,0.0,0.0,0.0,0.0,0.0,0.0,0.0,0.0,0.0,0.0,0.0,0.0,0.0,0.0,0.0,0.0,0.0,0.0,0.0,0.0,0.0,0.0,0.0,0.0,0.0,0.0,0.0,0.0,0.0,0.0,0.0,0.0,0.0,0.0,0.0,0.0,0.0,0.0,0.0,0.0,0.0,0.0,0.0,0.0,0.0,0.0,0.0,0.0,0.0,0.0,0.0,0.0,0.0,0.0,0.0,0.0,0.0,0.0,0.0,0.0,0.0,0.0,0.0,0.0,0.0,0.0,0.0,0.0,0.0,0.0,288.0,0.0,0.0,0.0,0.17,0.17,,,,,,,,,,,0.0,0.0,0.0,0.0,
14038,飛米,新北國王,3,32|10873|14038,奧帝/喬納森/飛米,1,1,1.0,7.0,0.12,00:07,7.0,0.12,00:07,0.0,0.0,0.0,0.0,0.0,0.0,0.0,0.0,0.0,0.0,0.0,0.0,0.0,0.0,0.0,0.0,0.0,0.0,0.0,0.0,0.0,0.0,0.0,0.0,0.0,0.0,0.0,0.0,0.0,0.0,0.0,0.0,0.0,0.0,0.0,0.0,0.0,0.0,0.0,0.0,0.0,0.0,0.0,0.0,0.0,0.0,0.0,0.0,0.0,0.0,0.0,0.0,0.0,0.0,0.0,0.0,0.0,0.0,0.0,0.0,0.0,0.0,0.0,0.0,0.0,0.0,0.0,0.0,0.0,0.0,0.0,0.0,0.0,0.0,0.0,0.0,0.0,0.0,0.0,0.0,0.0,0.0,0.0,205.71,0.0,0.0,0.0,0.12,0.12,,,,,,,,,,,0.0,0.0,0.0,0.0,
14038,飛米,新北國王,3,10872|10873|14038,林彥廷/喬納森/飛米,1,2,2.0,10.0,0.17,00:10,10.0,0.17,00:10,0.0,0.0,0.0,0.0,0.0,0.0,0.0,0.0,0.0,0.0,0.0,0.0,0.0,0.0,0.0,0.0,0.0,0.0,0.0,0.0,0.0,0.0,0.0,0.0,0.0,0.0,0.0,0.0,0.0,0.0,0.0,0.0,0.0,0.0,0.0,0.0,0.0,0.0,0.0,0.0,0.0,0.0,0.0,0.0,0.0,0.0,0.0,0.0,0.0,0.0,0.0,0.0,0.0,0.0,0.0,0.0,0.0,0.0,0.0,0.0,0.0,0.0,0.0,0.0,0.0,0.0,0.0,0.0,0.0,0.0,0.0,0.0,0.0,0.0,0.0,0.0,0.0,0.0,0.0,0.0,0.0,0.0,0.0,288.0,0.0,0.0,0.0,0.17,0.17,,,,,,,,,,,0.0,0.0,0.0,0.0,
14038,飛米,新北國王,4,21|32|10873|14038,李愷諺/奧帝/喬納森/飛米,1,1,1.0,7.0,0.12,00:07,7.0,0.12,00:07,0.0,0.0,0.0,0.0,0.0,0.0,0.0,0.0,0.0,0.0,0.0,0.0,0.0,0.0,0.0,0.0,0.0,0.0,0.0,0.0,0.0,0.0,0.0,0.0,0.0,0.0,0.0,0.0,0.0,0.0,0.0,0.0,0.0,0.0,0.0,0.0,0.0,0.0,0.0,0.0,0.0,0.0,0.0,0.0,0.0,0.0,0.0,0.0,0.0,0.0,0.0,0.0,0.0,0.0,0.0,0.0,0.0,0.0,0.0,0.0,0.0,0.0,0.0,0.0,0.0,0.0,0.0,0.0,0.0,0.0,0.0,0.0,0.0,0.0,0.0,0.0,0.0,0.0,0.0,0.0,0.0,0.0,0.0,205.71,0.0,0.0,0.0,0.12,0.12,,,,,,,,,,,0.0,0.0,0.0,0.0,
14038,飛米,新北國王,4,21|10872|10873|14038,李愷諺/林彥廷/喬納森/飛米,1,2,2.0,10.0,0.17,00:10,10.0,0.17,00:10,0.0,0.0,0.0,0.0,0.0,0.0,0.0,0.0,0.0,0.0,0.0,0.0,0.0,0.0,0.0,0.0,0.0,0.0,0.0,0.0,0.0,0.0,0.0,0.0,0.0,0.0,0.0,0.0,0.0,0.0,0.0,0.0,0.0,0.0,0.0,0.0,0.0,0.0,0.0,0.0,0.0,0.0,0.0,0.0,0.0,0.0,0.0,0.0,0.0,0.0,0.0,0.0,0.0,0.0,0.0,0.0,0.0,0.0,0.0,0.0,0.0,0.0,0.0,0.0,0.0,0.0,0.0,0.0,0.0,0.0,0.0,0.0,0.0,0.0,0.0,0.0,0.0,0.0,0.0,0.0,0.0,0.0,0.0,288.0,0.0,0.0,0.0,0.17,0.17,,,,,,,,,,,0.0,0.0,0.0,0.0,
14038,飛米,新北國王,4,32|10872|10873|14038,奧帝/林彥廷/喬納森/飛米,1,1,1.0,7.0,0.12,00:07,7.0,0.12,00:07,0.0,0.0,0.0,0.0,0.0,0.0,0.0,0.0,0.0,0.0,0.0,0.0,0.0,0.0,0.0,0.0,0.0,0.0,0.0,0.0,0.0,0.0,0.0,0.0,0.0,0.0,0.0,0.0,0.0,0.0,0.0,0.0,0.0,0.0,0.0,0.0,0.0,0.0,0.0,0.0,0.0,0.0,0.0,0.0,0.0,0.0,0.0,0.0,0.0,0.0,0.0,0.0,0.0,0.0,0.0,0.0,0.0,0.0,0.0,0.0,0.0,0.0,0.0,0.0,0.0,0.0,0.0,0.0,0.0,0.0,0.0,0.0,0.0,0.0,0.0,0.0,0.0,0.0,0.0,0.0,0.0,0.0,0.0,205.71,0.0,0.0,0.0,0.12,0.12,,,,,,,,,,,0.0,0.0,0.0,0.0,
14038,飛米,新北國王,5,21|32|10872|10873|14038,李愷諺/奧帝/林彥廷/喬納森/飛米,1,1,1.0,7.0,0.12,00:07,7.0,0.12,00:07,0.0,0.0,0.0,0.0,0.0,0.0,0.0,0.0,0.0,0.0,0.0,0.0,0.0,0.0,0.0,0.0,0.0,0.0,0.0,0.0,0.0,0.0,0.0,0.0,0.0,0.0,0.0,0.0,0.0,0.0,0.0,0.0,0.0,0.0,0.0,0.0,0.0,0.0,0.0,0.0,0.0,0.0,0.0,0.0,0.0,0.0,0.0,0.0,0.0,0.0,0.0,0.0,0.0,0.0,0.0,0.0,0.0,0.0,0.0,0.0,0.0,0.0,0.0,0.0,0.0,0.0,0.0,0.0,0.0,0.0,0.0,0.0,0.0,0.0,0.0,0.0,0.0,0.0,0.0,0.0,0.0,0.0,0.0,205.71,0.0,0.0,0.0,0.12,0.12,,,,,,,,,,,0.0,0.0,0.0,0.0,
21,李愷諺,新北國王,3,21|10872|10874,李愷諺/林彥廷/熊祥泰,1,9,10.0,159.86,2.66,02:40,159.86,2.66,02:40,11.0,11.0,110.0,148.63,4.0,4.0,40.0,54.05,5.0,5.0,50.0,67.56,4.0,4.0,40.0,54.05,3.0,3.0,30.0,40.53,2.0,2.0,20.0,27.02,2.0,2.0,20.0,27.02,2.0,2.0,20.0,27.02,2.0,2.0,20.0,27.02,1.0,1.0,10.0,13.51,1.0,1.0,10.0,13.51,0.0,0.0,0.0,0.0,0.0,0.0,0.0,0.0,2.0,2.0,20.0,27.02,0.0,0.0,0.0,0.0,4.0,4.0,40.0,54.05,0.0,0.0,0.0,0.0,0.0,0.0,0.0,0.0,1.0,1.0,10.0,13.51,0.0,0.0,0.0,0.0,110.0,40.0,70.0,90.08,7.0,7.0,70.0,2.66,2.66,1.0,0.94,0.67,1.0,0.5,0.0,1.0,0.33,,0.33,0.0,0.0,0.1,0.0,0.4
21,李愷諺,新北國王,3,21|10874|14038,李愷諺/熊祥泰/飛米,1,14,15.0,221.41,3.69,03:41,221.41,3.69,03:41,13.0,13.0,86.67,126.82,10.0,10.0,66.67,97.56,6.0,6.0,40.0,58.53,5.0,5.0,33.33,48.78,4.0,4.0,26.67,39.02,3.0,3.0,20.0,29.27,2.0,2.0,13.33,19.51,2.0,2.0,13.33,19.51,2.0,2.0,13.33,19.51,1.0,1.0,6.67,9.76,1.0,1.0,6.67,9.76,0.0,0.0,0.0,0.0,0.0,0.0,0.0,0.0,2.0,2.0,13.33,19.51,1.0,1.0,6.67,9.76,5.0,5.0,33.33,48.78,0.0,0.0,0.0,0.0,0.0,0.0,0.0,0.0,1.0,1.0,6.67,9.76,4.0,4.0,26.67,39.02,86.67,66.67,20.0,97.56,3.0,3.0,20.0,3.69,3.69,1.0,0.94,0.75,1.0,0.5,0.13,1.0,0.33,,0.33,0.0,0.0,0.07,26.67,0.33
21,李愷諺,新北國王,4,21|32|10872|10874,李愷諺/奧帝/林彥廷/熊祥泰,1,9,10.0,159.86,2.66,02:40,159.86,2.66,02:40,11.0,11.0,110.0,148.63,4.0,4.0,40.0,54.05,5.0,5.0,50.0,67.56,4.0,4.0,40.0,54.05,3.0,3.0,30.0,40.53,2.0,2.0,20.0,27.02,2.0,2.0,20.0,27.02,2.0,2.0,20.0,27.02,2.0,2.0,20.0,27.02,1.0,1.0,10.0,13.51,1.0,1.0,10.0,13.51,0.0,0.0,0.0,0.0,0.0,0.0,0.0,0.0,2.0,2.0,20.0,27.02,0.0,0.0,0.0,0.0,4.0,4.0,40.0,54.05,0.0,0.0,0.0,0.0,0.0,0.0,0.0,0.0,1.0,1.0,10.0,13.51,0.0,0.0,0.0,0.0,110.0,40.0,70.0,90.08,7.0,7.0,70.0,2.66,2.66,1.0,0.94,0.67,1.0,0.5,0.0,1.0,0.33,,0.33,0.0,0.0,0.1,0.0,0.4
21,李愷諺,新北國王,4,21|32|10874|14038,李愷諺/奧帝/熊祥泰/飛米,1,13,14.0,220.64,3.68,03:41,220.64,3.68,03:41,13.0,13.0,92.86,127.27,8.0,8.0,57.14,78.32,6.0,6.0,42.86,58.74,5.0,5.0,35.71,48.95,4.0,4.0,28.57,39.16,3.0,3.0,21.43,29.37,2.0,2.0,14.29,19.58,2.0,2.0,14.29,19.58,2.0,2.0,14.29,19.58,1.0,1.0,7.14,9.79,1.0,1.0,7.14,9.79,0.0,0.0,0.0,0.0,0.0,0.0,0.0,0.0,2.0,2.0,14.29,19.58,1.0,1.0,7.14,9.79,5.0,5.0,35.71,48.95,0.0,0.0,0.0,0.0,0.0,0.0,0.0,0.0,1.0,1.0,7.14,9.79,2.0,2.0,14.29,19.58,92.86,57.14,35.71,91.37,5.0,5.0,35.71,3.68,3.68,1.0,0.94,0.75,1.0,0.5,0.13,1.0,0.33,,0.33,0.0,0.0,0.07,14.29,0.33
21,李愷諺,新北國王,4,21|10872|10874|14038,李愷諺/林彥廷/熊祥泰/飛米,1,9,10.0,159.86,2.66,02:40,159.86,2.66,02:40,11.0,11.0,110.0,148.63,4.0,4.0,40.0,54.05,5.0,5.0,50.0,67.56,4.0,4.0,40.0,54.05,3.0,3.0,30.0,40.53,2.0,2.0,20.0,27.02,2.0,2.0,20.0,27.02,2.0,2.0,20.0,27.02,2.0,2.0,20.0,27.02,1.0,1.0,10.0,13.51,1.0,1.0,10.0,13.51,0.0,0.0,0.0,0.0,0.0,0.0,0.0,0.0,2.0,2.0,20.0,27.02,0.0,0.0,0.0,0.0,4.0,4.0,40.0,54.05,0.0,0.0,0.0,0.0,0.0,0.0,0.0,0.0,1.0,1.0,10.0,13.51,0.0,0.0,0.0,0.0,110.0,40.0,70.0,90.08,7.0,7.0,70.0,2.66,2.66,1.0,0.94,0.67,1.0,0.5,0.0,1.0,0.33,,0.33,0.0,0.0,0.1,0.0,0.4
21,李愷諺,新北國王,5,21|32|10872|10874|14038,李愷諺/奧帝/林彥廷/熊祥泰/飛米,1,9,10.0,159.86,2.66,02:40,159.86,2.66,02:40,11.0,11.0,110.0,148.63,4.0,4.0,40.0,54.05,5.0,5.0,50.0,67.56,4.0,4.0,40.0,54.05,3.0,3.0,30.0,40.53,2.0,2.0,20.0,27.02,2.0,2.0,20.0,27.02,2.0,2.0,20.0,27.02,2.0,2.0,20.0,27.02,1.0,1.0,10.0,13.51,1.0,1.0,10.0,13.51,0.0,0.0,0.0,0.0,0.0,0.0,0.0,0.0,2.0,2.0,20.0,27.02,0.0,0.0,0.0,0.0,4.0,4.0,40.0,54.05,0.0,0.0,0.0,0.0,0.0,0.0,0.0,0.0,1.0,1.0,10.0,13.51,0.0,0.0,0.0,0.0,110.0,40.0,70.0,90.08,7.0,7.0,70.0,2.66,2.66,1.0,0.94,0.67,1.0,0.5,0.0,1.0,0.33,,0.33,0.0,0.0,0.1,0.0,0.4
32,奧帝,新北國王,4,21|32|10872|10874,李愷諺/奧帝/林彥廷/熊祥泰,1,9,10.0,159.86,2.66,02:40,159.86,2.66,02:40,11.0,11.0,110.0,148.63,4.0,4.0,40.0,54.05,5.0,5.0,50.0,67.56,4.0,4.0,40.0,54.05,3.0,3.0,30.0,40.53,2.0,2.0,20.0,27.02,2.0,2.0,20.0,27.02,2.0,2.0,20.0,27.02,2.0,2.0,20.0,27.02,1.0,1.0,10.0,13.51,1.0,1.0,10.0,13.51,0.0,0.0,0.0,0.0,0.0,0.0,0.0,0.0,2.0,2.0,20.0,27.02,0.0,0.0,0.0,0.0,4.0,4.0,40.0,54.05,0.0,0.0,0.0,0.0,0.0,0.0,0.0,0.0,1.0,1.0,10.0,13.51,0.0,0.0,0.0,0.0,110.0,40.0,70.0,90.08,7.0,7.0,70.0,2.66,2.66,1.0,0.94,0.67,1.0,0.5,0.0,1.0,0.33,,0.33,0.0,0.0,0.1,0.0,0.4
32,奧帝,新北國王,4,21|32|10874|14038,李愷諺/奧帝/熊祥泰/飛米,1,13,14.0,220.64,3.68,03:41,220.64,3.68,03:41,13.0,13.0,92.86,127.27,8.0,8.0,57.14,78.32,6.0,6.0,42.86,58.74,5.0,5.0,35.71,48.95,4.0,4.0,28.57,39.16,3.0,3.0,21.43,29.37,2.0,2.0,14.29,19.58,2.0,2.0,14.29,19.58,2.0,2.0,14.29,19.58,1.0,1.0,7.14,9.79,1.0,1.0,7.14,9.79,0.0,0.0,0.0,0.0,0.0,0.0,0.0,0.0,2.0,2.0,14.29,19.58,1.0,1.0,7.14,9.79,5.0,5.0,35.71,48.95,0.0,0.0,0.0,0.0,0.0,0.0,0.0,0.0,1.0,1.0,7.14,9.79,2.0,2.0,14.29,19.58,92.86,57.14,35.71,91.37,5.0,5.0,35.71,3.68,3.68,1.0,0.94,0.75,1.0,0.5,0.13,1.0,0.33,,0.33,0.0,0.0,0.07,14.29,0.33
32,奧帝,新北國王,5,21|32|10872|10874|14038,李愷諺/奧帝/林彥廷/熊祥泰/飛米,1,9,10.0,159.86,2.66,02:40,159.86,2.66,02:40,11.0,11.0,110.0,148.63,4.0,4.0,40.0,54.05,5.0,5.0,50.0,67.56,4.0,4.0,40.0,54.05,3.0,3.0,30.0,40.53,2.0,2.0,20.0,27.02,2.0,2.0,20.0,27.02,2.0,2.0,20.0,27.02,2.0,2.0,20.0,27.02,1.0,1.0,10.0,13.51,1.0,1.0,10.0,13.51,0.0,0.0,0.0,0.0,0.0,0.0,0.0,0.0,2.0,2.0,20.0,27.02,0.0,0.0,0.0,0.0,4.0,4.0,40.0,54.05,0.0,0.0,0.0,0.0,0.0,0.0,0.0,0.0,1.0,1.0,10.0,13.51,0.0,0.0,0.0,0.0,110.0,40.0,70.0,90.08,7.0,7.0,70.0,2.66,2.66,1.0,0.94,0.67,1.0,0.5,0.0,1.0,0.33,,0.33,0.0,0.0,0.1,0.0,0.4
10872,林彥廷,新北國王,3,21|10872|10874,李愷諺/林彥廷/熊祥泰,1,9,10.0,159.86,2.66,02:40,159.86,2.66,02:40,11.0,11.0,110.0,148.63,4.0,4.0,40.0,54.05,5.0,5.0,50.0,67.56,4.0,4.0,40.0,54.05,3.0,3.0,30.0,40.53,2.0,2.0,20.0,27.02,2.0,2.0,20.0,27.02,2.0,2.0,20.0,27.02,2.0,2.0,20.0,27.02,1.0,1.0,10.0,13.51,1.0,1.0,10.0,13.51,0.0,0.0,0.0,0.0,0.0,0.0,0.0,0.0,2.0,2.0,20.0,27.02,0.0,0.0,0.0,0.0,4.0,4.0,40.0,54.05,0.0,0.0,0.0,0.0,0.0,0.0,0.0,0.0,1.0,1.0,10.0,13.51,0.0,0.0,0.0,0.0,110.0,40.0,70.0,90.08,7.0,7.0,70.0,2.66,2.66,1.0,0.94,0.67,1.0,0.5,0.0,1.0,0.33,,0.33,0.0,0.0,0.1,0.0,0.4
10872,林彥廷,新北國王,4,21|32|10872|10874,李愷諺/奧帝/林彥廷/熊祥泰,1,9,10.0,159.86,2.66,02:40,159.86,2.66,02:40,11.0,11.0,110.0,148.63,4.0,4.0,40.0,54.05,5.0,5.0,50.0,67.56,4.0,4.0,40.0,54.05,3.0,3.0,30.0,40.53,2.0,2.0,20.0,27.02,2.0,2.0,20.0,27.02,2.0,2.0,20.0,27.02,2.0,2.0,20.0,27.02,1.0,1.0,10.0,13.51,1.0,1.0,10.0,13.51,0.0,0.0,0.0,0.0,0.0,0.0,0.0,0.0,2.0,2.0,20.0,27.02,0.0,0.0,0.0,0.0,4.0,4.0,40.0,54.05,0.0,0.0,0.0,0.0,0.0,0.0,0.0,0.0,1.0,1.0,10.0,13.51,0.0,0.0,0.0,0.0,110.0,40.0,70.0,90.08,7.0,7.0,70.0,2.66,2.66,1.0,0.94,0.67,1.0,0.5,0.0,1.0,0.33,,0.33,0.0,0.0,0.1,0.0,0.4
10872,林彥廷,新北國王,4,21|10872|10874|14038,李愷諺/林彥廷/熊祥泰/飛米,1,9,10.0,159.86,2.66,02:40,159.86,2.66,02:40,11.0,11.0,110.0,148.63,4.0,4.0,40.0,54.05,5.0,5.0,50.0,67.56,4.0,4.0,40.0,54.05,3.0,3.0,30.0,40.53,2.0,2.0,20.0,27.02,2.0,2.0,20.0,27.02,2.0,2.0,20.0,27.02,2.0,2.0,20.0,27.02,1.0,1.0,10.0,13.51,1.0,1.0,10.0,13.51,0.0,0.0,0.0,0.0,0.0,0.0,0.0,0.0,2.0,2.0,20.0,27.02,0.0,0.0,0.0,0.0,4.0,4.0,40.0,54.05,0.0,0.0,0.0,0.0,0.0,0.0,0.0,0.0,1.0,1.0,10.0,13.51,0.0,0.0,0.0,0.0,110.0,40.0,70.0,90.08,7.0,7.0,70.0,2.66,2.66,1.0,0.94,0.67,1.0,0.5,0.0,1.0,0.33,,0.33,0.0,0.0,0.1,0.0,0.4
10872,林彥廷,新北國王,5,21|32|10872|10874|14038,李愷諺/奧帝/林彥廷/熊祥泰/飛米,1,9,10.0,159.86,2.66,02:40,159.86,2.66,02:40,11.0,11.0,110.0,148.63,4.0,4.0,40.0,54.05,5.0,5.0,50.0,67.56,4.0,4.0,40.0,54.05,3.0,3.0,30.0,40.53,2.0,2.0,20.0,27.02,2.0,2.0,20.0,27.02,2.0,2.0,20.0,27.02,2.0,2.0,20.0,27.02,1.0,1.0,10.0,13.51,1.0,1.0,10.0,13.51,0.0,0.0,0.0,0.0,0.0,0.0,0.0,0.0,2.0,2.0,20.0,27.02,0.0,0.0,0.0,0.0,4.0,4.0,40.0,54.05,0.0,0.0,0.0,0.0,0.0,0.0,0.0,0.0,1.0,1.0,10.0,13.51,0.0,0.0,0.0,0.0,110.0,40.0,70.0,90.08,7.0,7.0,70.0,2.66,2.66,1.0,0.94,0.67,1.0,0.5,0.0,1.0,0.33,,0.33,0.0,0.0,0.1,0.0,0.4
10874,熊祥泰,新北國王,3,21|10872|10874,李愷諺/林彥廷/熊祥泰,1,9,10.0,159.86,2.66,02:40,159.86,2.66,02:40,11.0,11.0,110.0,148.63,4.0,4.0,40.0,54.05,5.0,5.0,50.0,67.56,4.0,4.0,40.0,54.05,3.0,3.0,30.0,40.53,2.0,2.0,20.0,27.02,2.0,2.0,20.0,27.02,2.0,2.0,20.0,27.02,2.0,2.0,20.0,27.02,1.0,1.0,10.0,13.51,1.0,1.0,10.0,13.51,0.0,0.0,0.0,0.0,0.0,0.0,0.0,0.0,2.0,2.0,20.0,27.02,0.0,0.0,0.0,0.0,4.0,4.0,40.0,54.05,0.0,0.0,0.0,0.0,0.0,0.0,0.0,0.0,1.0,1.0,10.0,13.51,0.0,0.0,0.0,0.0,110.0,40.0,70.0,90.08,7.0,7.0,70.0,2.66,2.66,1.0,0.94,0.67,1.0,0.5,0.0,1.0,0.33,,0.33,0.0,0.0,0.1,0.0,0.4
10874,熊祥泰,新北國王,3,21|10874|14038,李愷諺/熊祥泰/飛米,1,14,15.0,221.41,3.69,03:41,221.41,3.69,03:41,13.0,13.0,86.67,126.82,10.0,10.0,66.67,97.56,6.0,6.0,40.0,58.53,5.0,5.0,33.33,48.78,4.0,4.0,26.67,39.02,3.0,3.0,20.0,29.27,2.0,2.0,13.33,19.51,2.0,2.0,13.33,19.51,2.0,2.0,13.33,19.51,1.0,1.0,6.67,9.76,1.0,1.0,6.67,9.76,0.0,0.0,0.0,0.0,0.0,0.0,0.0,0.0,2.0,2.0,13.33,19.51,1.0,1.0,6.67,9.76,5.0,5.0,33.33,48.78,0.0,0.0,0.0,0.0,0.0,0.0,0.0,0.0,1.0,1.0,6.67,9.76,4.0,4.0,26.67,39.02,86.67,66.67,20.0,97.56,3.0,3.0,20.0,3.69,3.69,1.0,0.94,0.75,1.0,0.5,0.13,1.0,0.33,,0.33,0.0,0.0,0.07,26.67,0.33
10874,熊祥泰,新北國王,4,21|32|10872|10874,李愷諺/奧帝/林彥廷/熊祥泰,1,9,10.0,159.86,2.66,02:40,159.86,2.66,02:40,11.0,11.0,110.0,148.63,4.0,4.0,40.0,54.05,5.0,5.0,50.0,67.56,4.0,4.0,40.0,54.05,3.0,3.0,30.0,40.53,2.0,2.0,20.0,27.02,2.0,2.0,20.0,27.02,2.0,2.0,20.0,27.02,2.0,2.0,20.0,27.02,1.0,1.0,10.0,13.51,1.0,1.0,10.0,13.51,0.0,0.0,0.0,0.0,0.0,0.0,0.0,0.0,2.0,2.0,20.0,27.02,0.0,0.0,0.0,0.0,4.0,4.0,40.0,54.05,0.0,0.0,0.0,0.0,0.0,0.0,0.0,0.0,1.0,1.0,10.0,13.51,0.0,0.0,0.0,0.0,110.0,40.0,70.0,90.08,7.0,7.0,70.0,2.66,2.66,1.0,0.94,0.67,1.0,0.5,0.0,1.0,0.33,,0.33,0.0,0.0,0.1,0.0,0.4
10874,熊祥泰,新北國王,4,21|32|10874|14038,李愷諺/奧帝/熊祥泰/飛米,1,13,14.0,220.64,3.68,03:41,220.64,3.68,03:41,13.0,13.0,92.86,127.27,8.0,8.0,57.14,78.32,6.0,6.0,42.86,58.74,5.0,5.0,35.71,48.95,4.0,4.0,28.57,39.16,3.0,3.0,21.43,29.37,2.0,2.0,14.29,19.58,2.0,2.0,14.29,19.58,2.0,2.0,14.29,19.58,1.0,1.0,7.14,9.79,1.0,1.0,7.14,9.79,0.0,0.0,0.0,0.0,0.0,0.0,0.0,0.0,2.0,2.0,14.29,19.58,1.0,1.0,7.14,9.79,5.0,5.0,35.71,48.95,0.0,0.0,0.0,0.0,0.0,0.0,0.0,0.0,1.0,1.0,7.14,9.79,2.0,2.0,14.29,19.58,92.86,57.14,35.71,91.37,5.0,5.0,35.71,3.68,3.68,1.0,0.94,0.75,1.0,0.5,0.13,1.0,0.33,,0.33,0.0,0.0,0.07,14.29,0.33
10874,熊祥泰,新北國王,4,21|10872|10874|14038,李愷諺/林彥廷/熊祥泰/飛米,1,9,10.0,159.86,2.66,02:40,159.86,2.66,02:40,11.0,11.0,110.0,148.63,4.0,4.0,40.0,54.05,5.0,5.0,50.0,67.56,4.0,4.0,40.0,54.05,3.0,3.0,30.0,40.53,2.0,2.0,20.0,27.02,2.0,2.0,20.0,27.02,2.0,2.0,20.0,27.02,2.0,2.0,20.0,27.02,1.0,1.0,10.0,13.51,1.0,1.0,10.0,13.51,0.0,0.0,0.0,0.0,0.0,0.0,0.0,0.0,2.0,2.0,20.0,27.02,0.0,0.0,0.0,0.0,4.0,4.0,40.0,54.05,0.0,0.0,0.0,0.0,0.0,0.0,0.0,0.0,1.0,1.0,10.0,13.51,0.0,0.0,0.0,0.0,110.0,40.0,70.0,90.08,7.0,7.0,70.0,2.66,2.66,1.0,0.94,0.67,1.0,0.5,0.0,1.0,0.33,,0.33,0.0,0.0,0.1,0.0,0.4
10874,熊祥泰,新北國王,5,21|32|10872|10874|14038,李愷諺/奧帝/林彥廷/熊祥泰/飛米,1,9,10.0,159.86,2.66,02:40,159.86,2.66,02:40,11.0,11.0,110.0,148.63,4.0,4.0,40.0,54.05,5.0,5.0,50.0,67.56,4.0,4.0,40.0,54.05,3.0,3.0,30.0,40.53,2.0,2.0,20.0,27.02,2.0,2.0,20.0,27.02,2.0,2.0,20.0,27.02,2.0,2.0,20.0,27.02,1.0,1.0,10.0,13.51,1.0,1.0,10.0,13.51,0.0,0.0,0.0,0.0,0.0,0.0,0.0,0.0,2.0,2.0,20.0,27.02,0.0,0.0,0.0,0.0,4.0,4.0,40.0,54.05,0.0,0.0,0.0,0.0,0.0,0.0,0.0,0.0,1.0,1.0,10.0,13.51,0.0,0.0,0.0,0.0,110.0,40.0,70.0,90.08,7.0,7.0,70.0,2.66,2.66,1.0,0.94,0.67,1.0,0.5,0.0,1.0,0.33,,0.33,0.0,0.0,0.1,0.0,0.4
14038,飛米,新北國王,3,21|10874|14038,李愷諺/熊祥泰/飛米,1,14,15.0,221.41,3.69,03:41,221.41,3.69,03:41,13.0,13.0,86.67,126.82,10.0,10.0,66.67,97.56,6.0,6.0,40.0,58.53,5.0,5.0,33.33,48.78,4.0,4.0,26.67,39.02,3.0,3.0,20.0,29.27,2.0,2.0,13.33,19.51,2.0,2.0,13.33,19.51,2.0,2.0,13.33,19.51,1.0,1.0,6.67,9.76,1.0,1.0,6.67,9.76,0.0,0.0,0.0,0.0,0.0,0.0,0.0,0.0,2.0,2.0,13.33,19.51,1.0,1.0,6.67,9.76,5.0,5.0,33.33,48.78,0.0,0.0,0.0,0.0,0.0,0.0,0.0,0.0,1.0,1.0,6.67,9.76,4.0,4.0,26.67,39.02,86.67,66.67,20.0,97.56,3.0,3.0,20.0,3.69,3.69,1.0,0.94,0.75,1.0,0.5,0.13,1.0,0.33,,0.33,0.0,0.0,0.07,26.67,0.33
14038,飛米,新北國王,4,21|32|10874|14038,李愷諺/奧帝/熊祥泰/飛米,1,13,14.0,220.64,3.68,03:41,220.64,3.68,03:41,13.0,13.0,92.86,127.27,8.0,8.0,57.14,78.32,6.0,6.0,42.86,58.74,5.0,5.0,35.71,48.95,4.0,4.0,28.57,39.16,3.0,3.0,21.43,29.37,2.0,2.0,14.29,19.58,2.0,2.0,14.29,19.58,2.0,2.0,14.29,19.58,1.0,1.0,7.14,9.79,1.0,1.0,7.14,9.79,0.0,0.0,0.0,0.0,0.0,0.0,0.0,0.0,2.0,2.0,14.29,19.58,1.0,1.0,7.14,9.79,5.0,5.0,35.71,48.95,0.0,0.0,0.0,0.0,0.0,0.0,0.0,0.0,1.0,1.0,7.14,9.79,2.0,2.0,14.29,19.58,92.86,57.14,35.71,91.37,5.0,5.0,35.71,3.68,3.68,1.0,0.94,0.75,1.0,0.5,0.13,1.0,0.33,,0.33,0.0,0.0,0.07,14.29,0.33
14038,飛米,新北國王,4,21|10872|10874|14038,李愷諺/林彥廷/熊祥泰/飛米,1,9,10.0,159.86,2.66,02:40,159.86,2.66,02:40,11.0,11.0,110.0,148.63,4.0,4.0,40.0,54.05,5.0,5.0,50.0,67.56,4.0,4.0,40.0,54.05,3.0,3.0,30.0,40.53,2.0,2.0,20.0,27.02,2.0,2.0,20.0,27.02,2.0,2.0,20.0,27.02,2.0,2.0,20.0,27.02,1.0,1.0,10.0,13.51,1.0,1.0,10.0,13.51,0.0,0.0,0.0,0.0,0.0,0.0,0.0,0.0,2.0,2.0,20.0,27.02,0.0,0.0,0.0,0.0,4.0,4.0,40.0,54.05,0.0,0.0,0.0,0.0,0.0,0.0,0.0,0.0,1.0,1.0,10.0,13.51,0.0,0.0,0.0,0.0,110.0,40.0,70.0,90.08,7.0,7.0,70.0,2.66,2.66,1.0,0.94,0.67,1.0,0.5,0.0,1.0,0.33,,0.33,0.0,0.0,0.1,0.0,0.4
14038,飛米,新北國王,5,21|32|10872|10874|14038,李愷諺/奧帝/林彥廷/熊祥泰/飛米,1,9,10.0,159.86,2.66,02:40,159.86,2.66,02:40,11.0,11.0,110.0,148.63,4.0,4.0,40.0,54.05,5.0,5.0,50.0,67.56,4.0,4.0,40.0,54.05,3.0,3.0,30.0,40.53,2.0,2.0,20.0,27.02,2.0,2.0,20.0,27.02,2.0,2.0,20.0,27.02,2.0,2.0,20.0,27.02,1.0,1.0,10.0,13.51,1.0,1.0,10.0,13.51,0.0,0.0,0.0,0.0,0.0,0.0,0.0,0.0,2.0,2.0,20.0,27.02,0.0,0.0,0.0,0.0,4.0,4.0,40.0,54.05,0.0,0.0,0.0,0.0,0.0,0.0,0.0,0.0,1.0,1.0,10.0,13.51,0.0,0.0,0.0,0.0,110.0,40.0,70.0,90.08,7.0,7.0,70.0,2.66,2.66,1.0,0.94,0.67,1.0,0.5,0.0,1.0,0.33,,0.33,0.0,0.0,0.1,0.0,0.4
21,李愷諺,新北國王,3,21|23|10872,李愷諺/王柏智/林彥廷,1,2,4.0,49.0,0.82,00:49,49.0,0.82,00:49,2.0,2.0,50.0,88.16,3.0,3.0,75.0,132.24,3.0,3.0,75.0,132.24,1.0,1.0,25.0,44.08,2.0,2.0,50.0,88.16,1.0,1.0,25.0,44.08,1.0,1.0,25.0,44.08,0.0,0.0,0.0,0.0,0.0,0.0,0.0,0.0,0.0,0.0,0.0,0.0,2.0,2.0,50.0,88.16,0.0,0.0,0.0,0.0,0.0,0.0,0.0,0.0,0.0,0.0,0.0,0.0,0.0,0.0,0.0,0.0,0.0,0.0,0.0,0.0,0.0,0.0,0.0,0.0,0.0,0.0,0.0,0.0,2.0,2.0,50.0,88.16,0.0,0.0,0.0,0.0,50.0,75.0,-25.0,117.55,-1.0,-1.0,-25.0,0.82,0.82,0.33,0.33,0.5,0.0,,0.0,0.0,1.0,,1.0,0.0,0.0,0.5,0.0,0.0
21,李愷諺,新北國王,3,21|10872|13029,李愷諺/林彥廷/杰倫,1,12,15.0,166.17,2.77,02:46,166.17,2.77,02:46,5.0,5.0,33.33,64.99,8.0,8.0,53.33,103.99,6.0,6.0,40.0,77.99,1.0,1.0,6.67,13.0,4.0,4.0,26.67,52.0,1.0,1.0,6.67,13.0,2.0,2.0,13.33,26.0,0.0,0.0,0.0,0.0,3.0,3.0,20.0,39.0,3.0,3.0,20.0,39.0,3.0,3.0,20.0,39.0,2.0,2.0,13.33,26.0,0.0,0.0,0.0,0.0,1.0,1.0,6.67,13.0,0.0,0.0,0.0,0.0,0.0,0.0,0.0,0.0,0.0,0.0,0.0,0.0,0.0,0.0,0.0,0.0,3.0,3.0,20.0,39.0,1.0,1.0,6.67,13.0,33.33,53.33,-20.0,129.99,-3.0,-3.0,-20.0,2.77,2.77,0.17,0.34,0.25,0.0,1.0,0.0,0.0,0.75,1.0,0.83,0.0,0.0,0.2,6.67,0.5
21,李愷諺,新北國王,4,21|23|10872|13029,李愷諺/王柏智/林彥廷/杰倫,1,2,4.0,49.0,0.82,00:49,49.0,0.82,00:49,2.0,2.0,50.0,88.16,3.0,3.0,75.0,132.24,3.0,3.0,75.0,132.24,1.0,1.0,25.0,44.08,2.0,2.0,50.0,88.16,1.0,1.0,25.0,44.08,1.0,1.0,25.0,44.08,0.0,0.0,0.0,0.0,0.0,0.0,0.0,0.0,0.0,0.0,0.0,0.0,2.0,2.0,50.0,88.16,0.0,0.0,0.0,0.0,0.0,0.0,0.0,0.0,0.0,0.0,0.0,0.0,0.0,0.0,0.0,0.0,0.0,0.0,0.0,0.0,0.0,0.0,0.0,0.0,0.0,0.0,0.0,0.0,2.0,2.0,50.0,88.16,0.0,0.0,0.0,0.0,50.0,75.0,-25.0,117.55,-1.0,-1.0,-25.0,0.82,0.82,0.33,0.33,0.5,0.0,,0.0,0.0,1.0,,1.0,0.0,0.0,0.5,0.0,0.0
21,李愷諺,新北國王,4,21|23|10872|14038,李愷諺/王柏智/林彥廷/飛米,1,2,4.0,49.0,0.82,00:49,49.0,0.82,00:49,2.0,2.0,50.0,88.16,3.0,3.0,75.0,132.24,3.0,3.0,75.0,132.24,1.0,1.0,25.0,44.08,2.0,2.0,50.0,88.16,1.0,1.0,25.0,44.08,1.0,1.0,25.0,44.08,0.0,0.0,0.0,0.0,0.0,0.0,0.0,0.0,0.0,0.0,0.0,0.0,2.0,2.0,50.0,88.16,0.0,0.0,0.0,0.0,0.0,0.0,0.0,0.0,0.0,0.0,0.0,0.0,0.0,0.0,0.0,0.0,0.0,0.0,0.0,0.0,0.0,0.0,0.0,0.0,0.0,0.0,0.0,0.0,2.0,2.0,50.0,88.16,0.0,0.0,0.0,0.0,50.0,75.0,-25.0,117.55,-1.0,-1.0,-25.0,0.82,0.82,0.33,0.33,0.5,0.0,,0.0,0.0,1.0,,1.0,0.0,0.0,0.5,0.0,0.0
21,李愷諺,新北國王,4,21|10872|13029|14038,李愷諺/林彥廷/杰倫/飛米,1,7,9.0,93.72,1.56,01:34,93.72,1.56,01:34,3.0,3.0,33.33,69.15,5.0,5.0,55.56,115.24,4.0,4.0,44.44,92.19,1.0,1.0,11.11,23.05,3.0,3.0,33.33,69.15,1.0,1.0,11.11,23.05,1.0,1.0,11.11,23.05,0.0,0.0,0.0,0.0,1.0,1.0,11.11,23.05,1.0,1.0,11.11,23.05,2.0,2.0,22.22,46.1,1.0,1.0,11.11,23.05,0.0,0.0,0.0,0.0,0.0,0.0,0.0,0.0,0.0,0.0,0.0,0.0,0.0,0.0,0.0,0.0,0.0,0.0,0.0,0.0,0.0,0.0,0.0,0.0,2.0,2.0,22.22,46.1,0.0,0.0,0.0,0.0,33.33,55.56,-22.22,138.29,-2.0,-2.0,-22.22,1.56,1.56,0.25,0.34,0.33,0.0,1.0,0.0,0.0,1.0,1.0,1.0,0.0,0.0,0.22,0.0,0.25
21,李愷諺,新北國王,5,21|23|10872|13029|14038,李愷諺/王柏智/林彥廷/杰倫/飛米,1,2,4.0,49.0,0.82,00:49,49.0,0.82,00:49,2.0,2.0,50.0,88.16,3.0,3.0,75.0,132.24,3.0,3.0,75.0,132.24,1.0,1.0,25.0,44.08,2.0,2.0,50.0,88.16,1.0,1.0,25.0,44.08,1.0,1.0,25.0,44.08,0.0,0.0,0.0,0.0,0.0,0.0,0.0,0.0,0.0,0.0,0.0,0.0,2.0,2.0,50.0,88.16,0.0,0.0,0.0,0.0,0.0,0.0,0.0,0.0,0.0,0.0,0.0,0.0,0.0,0.0,0.0,0.0,0.0,0.0,0.0,0.0,0.0,0.0,0.0,0.0,0.0,0.0,0.0,0.0,2.0,2.0,50.0,88.16,0.0,0.0,0.0,0.0,50.0,75.0,-25.0,117.55,-1.0,-1.0,-25.0,0.82,0.82,0.33,0.33,0.5,0.0,,0.0,0.0,1.0,,1.0,0.0,0.0,0.5,0.0,0.0
23,王柏智,新北國王,2,23|10872,王柏智/林彥廷,1,2,4.0,49.0,0.82,00:49,49.0,0.82,00:49,2.0,2.0,50.0,88.16,3.0,3.0,75.0,132.24,3.0,3.0,75.0,132.24,1.0,1.0,25.0,44.08,2.0,2.0,50.0,88.16,1.0,1.0,25.0,44.08,1.0,1.0,25.0,44.08,0.0,0.0,0.0,0.0,0.0,0.0,0.0,0.0,0.0,0.0,0.0,0.0,2.0,2.0,50.0,88.16,0.0,0.0,0.0,0.0,0.0,0.0,0.0,0.0,0.0,0.0,0.0,0.0,0.0,0.0,0.0,0.0,0.0,0.0,0.0,0.0,0.0,0.0,0.0,0.0,0.0,0.0,0.0,0.0,2.0,2.0,50.0,88.16,0.0,0.0,0.0,0.0,50.0,75.0,-25.0,117.55,-1.0,-1.0,-25.0,0.82,0.82,0.33,0.33,0.5,0.0,,0.0,0.0,1.0,,1.0,0.0,0.0,0.5,0.0,0.0
23,王柏智,新北國王,3,21|23|10872,李愷諺/王柏智/林彥廷,1,2,4.0,49.0,0.82,00:49,49.0,0.82,00:49,2.0,2.0,50.0,88.16,3.0,3.0,75.0,132.24,3.0,3.0,75.0,132.24,1.0,1.0,25.0,44.08,2.0,2.0,50.0,88.16,1.0,1.0,25.0,44.08,1.0,1.0,25.0,44.08,0.0,0.0,0.0,0.0,0.0,0.0,0.0,0.0,0.0,0.0,0.0,0.0,2.0,2.0,50.0,88.16,0.0,0.0,0.0,0.0,0.0,0.0,0.0,0.0,0.0,0.0,0.0,0.0,0.0,0.0,0.0,0.0,0.0,0.0,0.0,0.0,0.0,0.0,0.0,0.0,0.0,0.0,0.0,0.0,2.0,2.0,50.0,88.16,0.0,0.0,0.0,0.0,50.0,75.0,-25.0,117.55,-1.0,-1.0,-25.0,0.82,0.82,0.33,0.33,0.5,0.0,,0.0,0.0,1.0,,1.0,0.0,0.0,0.5,0.0,0.0
23,王柏智,新北國王,3,23|10872|13029,王柏智/林彥廷/杰倫,1,2,4.0,49.0,0.82,00:49,49.0,0.82,00:49,2.0,2.0,50.0,88.16,3.0,3.0,75.0,132.24,3.0,3.0,75.0,132.24,1.0,1.0,25.0,44.08,2.0,2.0,50.0,88.16,1.0,1.0,25.0,44.08,1.0,1.0,25.0,44.08,0.0,0.0,0.0,0.0,0.0,0.0,0.0,0.0,0.0,0.0,0.0,0.0,2.0,2.0,50.0,88.16,0.0,0.0,0.0,0.0,0.0,0.0,0.0,0.0,0.0,0.0,0.0,0.0,0.0,0.0,0.0,0.0,0.0,0.0,0.0,0.0,0.0,0.0,0.0,0.0,0.0,0.0,0.0,0.0,2.0,2.0,50.0,88.16,0.0,0.0,0.0,0.0,50.0,75.0,-25.0,117.55,-1.0,-1.0,-25.0,0.82,0.82,0.33,0.33,0.5,0.0,,0.0,0.0,1.0,,1.0,0.0,0.0,0.5,0.0,0.0
23,王柏智,新北國王,3,23|10872|14038,王柏智/林彥廷/飛米,1,2,4.0,49.0,0.82,00:49,49.0,0.82,00:49,2.0,2.0,50.0,88.16,3.0,3.0,75.0,132.24,3.0,3.0,75.0,132.24,1.0,1.0,25.0,44.08,2.0,2.0,50.0,88.16,1.0,1.0,25.0,44.08,1.0,1.0,25.0,44.08,0.0,0.0,0.0,0.0,0.0,0.0,0.0,0.0,0.0,0.0,0.0,0.0,2.0,2.0,50.0,88.16,0.0,0.0,0.0,0.0,0.0,0.0,0.0,0.0,0.0,0.0,0.0,0.0,0.0,0.0,0.0,0.0,0.0,0.0,0.0,0.0,0.0,0.0,0.0,0.0,0.0,0.0,0.0,0.0,2.0,2.0,50.0,88.16,0.0,0.0,0.0,0.0,50.0,75.0,-25.0,117.55,-1.0,-1.0,-25.0,0.82,0.82,0.33,0.33,0.5,0.0,,0.0,0.0,1.0,,1.0,0.0,0.0,0.5,0.0,0.0
23,王柏智,新北國王,4,21|23|10872|13029,李愷諺/王柏智/林彥廷/杰倫,1,2,4.0,49.0,0.82,00:49,49.0,0.82,00:49,2.0,2.0,50.0,88.16,3.0,3.0,75.0,132.24,3.0,3.0,75.0,132.24,1.0,1.0,25.0,44.08,2.0,2.0,50.0,88.16,1.0,1.0,25.0,44.08,1.0,1.0,25.0,44.08,0.0,0.0,0.0,0.0,0.0,0.0,0.0,0.0,0.0,0.0,0.0,0.0,2.0,2.0,50.0,88.16,0.0,0.0,0.0,0.0,0.0,0.0,0.0,0.0,0.0,0.0,0.0,0.0,0.0,0.0,0.0,0.0,0.0,0.0,0.0,0.0,0.0,0.0,0.0,0.0,0.0,0.0,0.0,0.0,2.0,2.0,50.0,88.16,0.0,0.0,0.0,0.0,50.0,75.0,-25.0,117.55,-1.0,-1.0,-25.0,0.82,0.82,0.33,0.33,0.5,0.0,,0.0,0.0,1.0,,1.0,0.0,0.0,0.5,0.0,0.0
23,王柏智,新北國王,4,21|23|10872|14038,李愷諺/王柏智/林彥廷/飛米,1,2,4.0,49.0,0.82,00:49,49.0,0.82,00:49,2.0,2.0,50.0,88.16,3.0,3.0,75.0,132.24,3.0,3.0,75.0,132.24,1.0,1.0,25.0,44.08,2.0,2.0,50.0,88.16,1.0,1.0,25.0,44.08,1.0,1.0,25.0,44.08,0.0,0.0,0.0,0.0,0.0,0.0,0.0,0.0,0.0,0.0,0.0,0.0,2.0,2.0,50.0,88.16,0.0,0.0,0.0,0.0,0.0,0.0,0.0,0.0,0.0,0.0,0.0,0.0,0.0,0.0,0.0,0.0,0.0,0.0,0.0,0.0,0.0,0.0,0.0,0.0,0.0,0.0,0.0,0.0,2.0,2.0,50.0,88.16,0.0,0.0,0.0,0.0,50.0,75.0,-25.0,117.55,-1.0,-1.0,-25.0,0.82,0.82,0.33,0.33,0.5,0.0,,0.0,0.0,1.0,,1.0,0.0,0.0,0.5,0.0,0.0
23,王柏智,新北國王,4,23|10872|13029|14038,王柏智/林彥廷/杰倫/飛米,1,2,4.0,49.0,0.82,00:49,49.0,0.82,00:49,2.0,2.0,50.0,88.16,3.0,3.0,75.0,132.24,3.0,3.0,75.0,132.24,1.0,1.0,25.0,44.08,2.0,2.0,50.0,88.16,1.0,1.0,25.0,44.08,1.0,1.0,25.0,44.08,0.0,0.0,0.0,0.0,0.0,0.0,0.0,0.0,0.0,0.0,0.0,0.0,2.0,2.0,50.0,88.16,0.0,0.0,0.0,0.0,0.0,0.0,0.0,0.0,0.0,0.0,0.0,0.0,0.0,0.0,0.0,0.0,0.0,0.0,0.0,0.0,0.0,0.0,0.0,0.0,0.0,0.0,0.0,0.0,2.0,2.0,50.0,88.16,0.0,0.0,0.0,0.0,50.0,75.0,-25.0,117.55,-1.0,-1.0,-25.0,0.82,0.82,0.33,0.33,0.5,0.0,,0.0,0.0,1.0,,1.0,0.0,0.0,0.5,0.0,0.0
23,王柏智,新北國王,5,21|23|10872|13029|14038,李愷諺/王柏智/林彥廷/杰倫/飛米,1,2,4.0,49.0,0.82,00:49,49.0,0.82,00:49,2.0,2.0,50.0,88.16,3.0,3.0,75.0,132.24,3.0,3.0,75.0,132.24,1.0,1.0,25.0,44.08,2.0,2.0,50.0,88.16,1.0,1.0,25.0,44.08,1.0,1.0,25.0,44.08,0.0,0.0,0.0,0.0,0.0,0.0,0.0,0.0,0.0,0.0,0.0,0.0,2.0,2.0,50.0,88.16,0.0,0.0,0.0,0.0,0.0,0.0,0.0,0.0,0.0,0.0,0.0,0.0,0.0,0.0,0.0,0.0,0.0,0.0,0.0,0.0,0.0,0.0,0.0,0.0,0.0,0.0,0.0,0.0,2.0,2.0,50.0,88.16,0.0,0.0,0.0,0.0,50.0,75.0,-25.0,117.55,-1.0,-1.0,-25.0,0.82,0.82,0.33,0.33,0.5,0.0,,0.0,0.0,1.0,,1.0,0.0,0.0,0.5,0.0,0.0
10872,林彥廷,新北國王,2,23|10872,王柏智/林彥廷,1,2,4.0,49.0,0.82,00:49,49.0,0.82,00:49,2.0,2.0,50.0,88.16,3.0,3.0,75.0,132.24,3.0,3.0,75.0,132.24,1.0,1.0,25.0,44.08,2.0,2.0,50.0,88.16,1.0,1.0,25.0,44.08,1.0,1.0,25.0,44.08,0.0,0.0,0.0,0.0,0.0,0.0,0.0,0.0,0.0,0.0,0.0,0.0,2.0,2.0,50.0,88.16,0.0,0.0,0.0,0.0,0.0,0.0,0.0,0.0,0.0,0.0,0.0,0.0,0.0,0.0,0.0,0.0,0.0,0.0,0.0,0.0,0.0,0.0,0.0,0.0,0.0,0.0,0.0,0.0,2.0,2.0,50.0,88.16,0.0,0.0,0.0,0.0,50.0,75.0,-25.0,117.55,-1.0,-1.0,-25.0,0.82,0.82,0.33,0.33,0.5,0.0,,0.0,0.0,1.0,,1.0,0.0,0.0,0.5,0.0,0.0
10872,林彥廷,新北國王,3,21|23|10872,李愷諺/王柏智/林彥廷,1,2,4.0,49.0,0.82,00:49,49.0,0.82,00:49,2.0,2.0,50.0,88.16,3.0,3.0,75.0,132.24,3.0,3.0,75.0,132.24,1.0,1.0,25.0,44.08,2.0,2.0,50.0,88.16,1.0,1.0,25.0,44.08,1.0,1.0,25.0,44.08,0.0,0.0,0.0,0.0,0.0,0.0,0.0,0.0,0.0,0.0,0.0,0.0,2.0,2.0,50.0,88.16,0.0,0.0,0.0,0.0,0.0,0.0,0.0,0.0,0.0,0.0,0.0,0.0,0.0,0.0,0.0,0.0,0.0,0.0,0.0,0.0,0.0,0.0,0.0,0.0,0.0,0.0,0.0,0.0,2.0,2.0,50.0,88.16,0.0,0.0,0.0,0.0,50.0,75.0,-25.0,117.55,-1.0,-1.0,-25.0,0.82,0.82,0.33,0.33,0.5,0.0,,0.0,0.0,1.0,,1.0,0.0,0.0,0.5,0.0,0.0
10872,林彥廷,新北國王,3,21|10872|13029,李愷諺/林彥廷/杰倫,1,12,15.0,166.17,2.77,02:46,166.17,2.77,02:46,5.0,5.0,33.33,64.99,8.0,8.0,53.33,103.99,6.0,6.0,40.0,77.99,1.0,1.0,6.67,13.0,4.0,4.0,26.67,52.0,1.0,1.0,6.67,13.0,2.0,2.0,13.33,26.0,0.0,0.0,0.0,0.0,3.0,3.0,20.0,39.0,3.0,3.0,20.0,39.0,3.0,3.0,20.0,39.0,2.0,2.0,13.33,26.0,0.0,0.0,0.0,0.0,1.0,1.0,6.67,13.0,0.0,0.0,0.0,0.0,0.0,0.0,0.0,0.0,0.0,0.0,0.0,0.0,0.0,0.0,0.0,0.0,3.0,3.0,20.0,39.0,1.0,1.0,6.67,13.0,33.33,53.33,-20.0,129.99,-3.0,-3.0,-20.0,2.77,2.77,0.17,0.34,0.25,0.0,1.0,0.0,0.0,0.75,1.0,0.83,0.0,0.0,0.2,6.67,0.5
10872,林彥廷,新北國王,3,23|10872|13029,王柏智/林彥廷/杰倫,1,2,4.0,49.0,0.82,00:49,49.0,0.82,00:49,2.0,2.0,50.0,88.16,3.0,3.0,75.0,132.24,3.0,3.0,75.0,132.24,1.0,1.0,25.0,44.08,2.0,2.0,50.0,88.16,1.0,1.0,25.0,44.08,1.0,1.0,25.0,44.08,0.0,0.0,0.0,0.0,0.0,0.0,0.0,0.0,0.0,0.0,0.0,0.0,2.0,2.0,50.0,88.16,0.0,0.0,0.0,0.0,0.0,0.0,0.0,0.0,0.0,0.0,0.0,0.0,0.0,0.0,0.0,0.0,0.0,0.0,0.0,0.0,0.0,0.0,0.0,0.0,0.0,0.0,0.0,0.0,2.0,2.0,50.0,88.16,0.0,0.0,0.0,0.0,50.0,75.0,-25.0,117.55,-1.0,-1.0,-25.0,0.82,0.82,0.33,0.33,0.5,0.0,,0.0,0.0,1.0,,1.0,0.0,0.0,0.5,0.0,0.0
10872,林彥廷,新北國王,3,23|10872|14038,王柏智/林彥廷/飛米,1,2,4.0,49.0,0.82,00:49,49.0,0.82,00:49,2.0,2.0,50.0,88.16,3.0,3.0,75.0,132.24,3.0,3.0,75.0,132.24,1.0,1.0,25.0,44.08,2.0,2.0,50.0,88.16,1.0,1.0,25.0,44.08,1.0,1.0,25.0,44.08,0.0,0.0,0.0,0.0,0.0,0.0,0.0,0.0,0.0,0.0,0.0,0.0,2.0,2.0,50.0,88.16,0.0,0.0,0.0,0.0,0.0,0.0,0.0,0.0,0.0,0.0,0.0,0.0,0.0,0.0,0.0,0.0,0.0,0.0,0.0,0.0,0.0,0.0,0.0,0.0,0.0,0.0,0.0,0.0,2.0,2.0,50.0,88.16,0.0,0.0,0.0,0.0,50.0,75.0,-25.0,117.55,-1.0,-1.0,-25.0,0.82,0.82,0.33,0.33,0.5,0.0,,0.0,0.0,1.0,,1.0,0.0,0.0,0.5,0.0,0.0
10872,林彥廷,新北國王,3,10872|13029|14038,林彥廷/杰倫/飛米,1,29,34.0,500.81,8.35,08:21,500.81,8.35,08:21,13.0,13.0,38.24,56.07,15.0,15.0,44.12,64.7,12.0,12.0,35.29,51.76,4.0,4.0,11.76,17.25,6.0,6.0,17.65,25.88,3.0,3.0,8.82,12.94,6.0,6.0,17.65,25.88,1.0,1.0,2.94,4.31,4.0,4.0,11.76,17.25,4.0,4.0,11.76,17.25,3.0,3.0,8.82,12.94,5.0,5.0,14.71,21.57,1.0,1.0,2.94,4.31,6.0,6.0,17.65,25.88,3.0,3.0,8.82,12.94,2.0,2.0,5.88,8.63,2.0,2.0,5.88,8.63,0.0,0.0,0.0,0.0,2.0,2.0,5.88,8.63,2.0,2.0,5.88,8.63,38.24,44.12,-5.88,97.76,-2.0,-2.0,-5.88,8.35,8.35,0.38,0.47,0.5,0.17,1.0,0.18,0.5,0.33,0.83,0.53,5.88,0.0,0.06,5.88,0.33
10872,林彥廷,新北國王,4,21|23|10872|13029,李愷諺/王柏智/林彥廷/杰倫,1,2,4.0,49.0,0.82,00:49,49.0,0.82,00:49,2.0,2.0,50.0,88.16,3.0,3.0,75.0,132.24,3.0,3.0,75.0,132.24,1.0,1.0,25.0,44.08,2.0,2.0,50.0,88.16,1.0,1.0,25.0,44.08,1.0,1.0,25.0,44.08,0.0,0.0,0.0,0.0,0.0,0.0,0.0,0.0,0.0,0.0,0.0,0.0,2.0,2.0,50.0,88.16,0.0,0.0,0.0,0.0,0.0,0.0,0.0,0.0,0.0,0.0,0.0,0.0,0.0,0.0,0.0,0.0,0.0,0.0,0.0,0.0,0.0,0.0,0.0,0.0,0.0,0.0,0.0,0.0,2.0,2.0,50.0,88.16,0.0,0.0,0.0,0.0,50.0,75.0,-25.0,117.55,-1.0,-1.0,-25.0,0.82,0.82,0.33,0.33,0.5,0.0,,0.0,0.0,1.0,,1.0,0.0,0.0,0.5,0.0,0.0
10872,林彥廷,新北國王,4,21|23|10872|14038,李愷諺/王柏智/林彥廷/飛米,1,2,4.0,49.0,0.82,00:49,49.0,0.82,00:49,2.0,2.0,50.0,88.16,3.0,3.0,75.0,132.24,3.0,3.0,75.0,132.24,1.0,1.0,25.0,44.08,2.0,2.0,50.0,88.16,1.0,1.0,25.0,44.08,1.0,1.0,25.0,44.08,0.0,0.0,0.0,0.0,0.0,0.0,0.0,0.0,0.0,0.0,0.0,0.0,2.0,2.0,50.0,88.16,0.0,0.0,0.0,0.0,0.0,0.0,0.0,0.0,0.0,0.0,0.0,0.0,0.0,0.0,0.0,0.0,0.0,0.0,0.0,0.0,0.0,0.0,0.0,0.0,0.0,0.0,0.0,0.0,2.0,2.0,50.0,88.16,0.0,0.0,0.0,0.0,50.0,75.0,-25.0,117.55,-1.0,-1.0,-25.0,0.82,0.82,0.33,0.33,0.5,0.0,,0.0,0.0,1.0,,1.0,0.0,0.0,0.5,0.0,0.0
10872,林彥廷,新北國王,4,21|10872|13029|14038,李愷諺/林彥廷/杰倫/飛米,1,7,9.0,93.72,1.56,01:34,93.72,1.56,01:34,3.0,3.0,33.33,69.15,5.0,5.0,55.56,115.24,4.0,4.0,44.44,92.19,1.0,1.0,11.11,23.05,3.0,3.0,33.33,69.15,1.0,1.0,11.11,23.05,1.0,1.0,11.11,23.05,0.0,0.0,0.0,0.0,1.0,1.0,11.11,23.05,1.0,1.0,11.11,23.05,2.0,2.0,22.22,46.1,1.0,1.0,11.11,23.05,0.0,0.0,0.0,0.0,0.0,0.0,0.0,0.0,0.0,0.0,0.0,0.0,0.0,0.0,0.0,0.0,0.0,0.0,0.0,0.0,0.0,0.0,0.0,0.0,2.0,2.0,22.22,46.1,0.0,0.0,0.0,0.0,33.33,55.56,-22.22,138.29,-2.0,-2.0,-22.22,1.56,1.56,0.25,0.34,0.33,0.0,1.0,0.0,0.0,1.0,1.0,1.0,0.0,0.0,0.22,0.0,0.25
10872,林彥廷,新北國王,4,23|10872|13029|14038,王柏智/林彥廷/杰倫/飛米,1,2,4.0,49.0,0.82,00:49,49.0,0.82,00:49,2.0,2.0,50.0,88.16,3.0,3.0,75.0,132.24,3.0,3.0,75.0,132.24,1.0,1.0,25.0,44.08,2.0,2.0,50.0,88.16,1.0,1.0,25.0,44.08,1.0,1.0,25.0,44.08,0.0,0.0,0.0,0.0,0.0,0.0,0.0,0.0,0.0,0.0,0.0,0.0,2.0,2.0,50.0,88.16,0.0,0.0,0.0,0.0,0.0,0.0,0.0,0.0,0.0,0.0,0.0,0.0,0.0,0.0,0.0,0.0,0.0,0.0,0.0,0.0,0.0,0.0,0.0,0.0,0.0,0.0,0.0,0.0,2.0,2.0,50.0,88.16,0.0,0.0,0.0,0.0,50.0,75.0,-25.0,117.55,-1.0,-1.0,-25.0,0.82,0.82,0.33,0.33,0.5,0.0,,0.0,0.0,1.0,,1.0,0.0,0.0,0.5,0.0,0.0
10872,林彥廷,新北國王,5,21|23|10872|13029|14038,李愷諺/王柏智/林彥廷/杰倫/飛米,1,2,4.0,49.0,0.82,00:49,49.0,0.82,00:49,2.0,2.0,50.0,88.16,3.0,3.0,75.0,132.24,3.0,3.0,75.0,132.24,1.0,1.0,25.0,44.08,2.0,2.0,50.0,88.16,1.0,1.0,25.0,44.08,1.0,1.0,25.0,44.08,0.0,0.0,0.0,0.0,0.0,0.0,0.0,0.0,0.0,0.0,0.0,0.0,2.0,2.0,50.0,88.16,0.0,0.0,0.0,0.0,0.0,0.0,0.0,0.0,0.0,0.0,0.0,0.0,0.0,0.0,0.0,0.0,0.0,0.0,0.0,0.0,0.0,0.0,0.0,0.0,0.0,0.0,0.0,0.0,2.0,2.0,50.0,88.16,0.0,0.0,0.0,0.0,50.0,75.0,-25.0,117.55,-1.0,-1.0,-25.0,0.82,0.82,0.33,0.33,0.5,0.0,,0.0,0.0,1.0,,1.0,0.0,0.0,0.5,0.0,0.0
13029,杰倫,新北國王,3,21|10872|13029,李愷諺/林彥廷/杰倫,1,12,15.0,166.17,2.77,02:46,166.17,2.77,02:46,5.0,5.0,33.33,64.99,8.0,8.0,53.33,103.99,6.0,6.0,40.0,77.99,1.0,1.0,6.67,13.0,4.0,4.0,26.67,52.0,1.0,1.0,6.67,13.0,2.0,2.0,13.33,26.0,0.0,0.0,0.0,0.0,3.0,3.0,20.0,39.0,3.0,3.0,20.0,39.0,3.0,3.0,20.0,39.0,2.0,2.0,13.33,26.0,0.0,0.0,0.0,0.0,1.0,1.0,6.67,13.0,0.0,0.0,0.0,0.0,0.0,0.0,0.0,0.0,0.0,0.0,0.0,0.0,0.0,0.0,0.0,0.0,3.0,3.0,20.0,39.0,1.0,1.0,6.67,13.0,33.33,53.33,-20.0,129.99,-3.0,-3.0,-20.0,2.77,2.77,0.17,0.34,0.25,0.0,1.0,0.0,0.0,0.75,1.0,0.83,0.0,0.0,0.2,6.67,0.5
13029,杰倫,新北國王,3,23|10872|13029,王柏智/林彥廷/杰倫,1,2,4.0,49.0,0.82,00:49,49.0,0.82,00:49,2.0,2.0,50.0,88.16,3.0,3.0,75.0,132.24,3.0,3.0,75.0,132.24,1.0,1.0,25.0,44.08,2.0,2.0,50.0,88.16,1.0,1.0,25.0,44.08,1.0,1.0,25.0,44.08,0.0,0.0,0.0,0.0,0.0,0.0,0.0,0.0,0.0,0.0,0.0,0.0,2.0,2.0,50.0,88.16,0.0,0.0,0.0,0.0,0.0,0.0,0.0,0.0,0.0,0.0,0.0,0.0,0.0,0.0,0.0,0.0,0.0,0.0,0.0,0.0,0.0,0.0,0.0,0.0,0.0,0.0,0.0,0.0,2.0,2.0,50.0,88.16,0.0,0.0,0.0,0.0,50.0,75.0,-25.0,117.55,-1.0,-1.0,-25.0,0.82,0.82,0.33,0.33,0.5,0.0,,0.0,0.0,1.0,,1.0,0.0,0.0,0.5,0.0,0.0
13029,杰倫,新北國王,3,10872|13029|14038,林彥廷/杰倫/飛米,1,29,34.0,500.81,8.35,08:21,500.81,8.35,08:21,13.0,13.0,38.24,56.07,15.0,15.0,44.12,64.7,12.0,12.0,35.29,51.76,4.0,4.0,11.76,17.25,6.0,6.0,17.65,25.88,3.0,3.0,8.82,12.94,6.0,6.0,17.65,25.88,1.0,1.0,2.94,4.31,4.0,4.0,11.76,17.25,4.0,4.0,11.76,17.25,3.0,3.0,8.82,12.94,5.0,5.0,14.71,21.57,1.0,1.0,2.94,4.31,6.0,6.0,17.65,25.88,3.0,3.0,8.82,12.94,2.0,2.0,5.88,8.63,2.0,2.0,5.88,8.63,0.0,0.0,0.0,0.0,2.0,2.0,5.88,8.63,2.0,2.0,5.88,8.63,38.24,44.12,-5.88,97.76,-2.0,-2.0,-5.88,8.35,8.35,0.38,0.47,0.5,0.17,1.0,0.18,0.5,0.33,0.83,0.53,5.88,0.0,0.06,5.88,0.33
13029,杰倫,新北國王,4,21|23|10872|13029,李愷諺/王柏智/林彥廷/杰倫,1,2,4.0,49.0,0.82,00:49,49.0,0.82,00:49,2.0,2.0,50.0,88.16,3.0,3.0,75.0,132.24,3.0,3.0,75.0,132.24,1.0,1.0,25.0,44.08,2.0,2.0,50.0,88.16,1.0,1.0,25.0,44.08,1.0,1.0,25.0,44.08,0.0,0.0,0.0,0.0,0.0,0.0,0.0,0.0,0.0,0.0,0.0,0.0,2.0,2.0,50.0,88.16,0.0,0.0,0.0,0.0,0.0,0.0,0.0,0.0,0.0,0.0,0.0,0.0,0.0,0.0,0.0,0.0,0.0,0.0,0.0,0.0,0.0,0.0,0.0,0.0,0.0,0.0,0.0,0.0,2.0,2.0,50.0,88.16,0.0,0.0,0.0,0.0,50.0,75.0,-25.0,117.55,-1.0,-1.0,-25.0,0.82,0.82,0.33,0.33,0.5,0.0,,0.0,0.0,1.0,,1.0,0.0,0.0,0.5,0.0,0.0
13029,杰倫,新北國王,4,21|10872|13029|14038,李愷諺/林彥廷/杰倫/飛米,1,7,9.0,93.72,1.56,01:34,93.72,1.56,01:34,3.0,3.0,33.33,69.15,5.0,5.0,55.56,115.24,4.0,4.0,44.44,92.19,1.0,1.0,11.11,23.05,3.0,3.0,33.33,69.15,1.0,1.0,11.11,23.05,1.0,1.0,11.11,23.05,0.0,0.0,0.0,0.0,1.0,1.0,11.11,23.05,1.0,1.0,11.11,23.05,2.0,2.0,22.22,46.1,1.0,1.0,11.11,23.05,0.0,0.0,0.0,0.0,0.0,0.0,0.0,0.0,0.0,0.0,0.0,0.0,0.0,0.0,0.0,0.0,0.0,0.0,0.0,0.0,0.0,0.0,0.0,0.0,2.0,2.0,22.22,46.1,0.0,0.0,0.0,0.0,33.33,55.56,-22.22,138.29,-2.0,-2.0,-22.22,1.56,1.56,0.25,0.34,0.33,0.0,1.0,0.0,0.0,1.0,1.0,1.0,0.0,0.0,0.22,0.0,0.25
13029,杰倫,新北國王,4,23|10872|13029|14038,王柏智/林彥廷/杰倫/飛米,1,2,4.0,49.0,0.82,00:49,49.0,0.82,00:49,2.0,2.0,50.0,88.16,3.0,3.0,75.0,132.24,3.0,3.0,75.0,132.24,1.0,1.0,25.0,44.08,2.0,2.0,50.0,88.16,1.0,1.0,25.0,44.08,1.0,1.0,25.0,44.08,0.0,0.0,0.0,0.0,0.0,0.0,0.0,0.0,0.0,0.0,0.0,0.0,2.0,2.0,50.0,88.16,0.0,0.0,0.0,0.0,0.0,0.0,0.0,0.0,0.0,0.0,0.0,0.0,0.0,0.0,0.0,0.0,0.0,0.0,0.0,0.0,0.0,0.0,0.0,0.0,0.0,0.0,0.0,0.0,2.0,2.0,50.0,88.16,0.0,0.0,0.0,0.0,50.0,75.0,-25.0,117.55,-1.0,-1.0,-25.0,0.82,0.82,0.33,0.33,0.5,0.0,,0.0,0.0,1.0,,1.0,0.0,0.0,0.5,0.0,0.0
13029,杰倫,新北國王,5,21|23|10872|13029|14038,李愷諺/王柏智/林彥廷/杰倫/飛米,1,2,4.0,49.0,0.82,00:49,49.0,0.82,00:49,2.0,2.0,50.0,88.16,3.0,3.0,75.0,132.24,3.0,3.0,75.0,132.24,1.0,1.0,25.0,44.08,2.0,2.0,50.0,88.16,1.0,1.0,25.0,44.08,1.0,1.0,25.0,44.08,0.0,0.0,0.0,0.0,0.0,0.0,0.0,0.0,0.0,0.0,0.0,0.0,2.0,2.0,50.0,88.16,0.0,0.0,0.0,0.0,0.0,0.0,0.0,0.0,0.0,0.0,0.0,0.0,0.0,0.0,0.0,0.0,0.0,0.0,0.0,0.0,0.0,0.0,0.0,0.0,0.0,0.0,0.0,0.0,2.0,2.0,50.0,88.16,0.0,0.0,0.0,0.0,50.0,75.0,-25.0,117.55,-1.0,-1.0,-25.0,0.82,0.82,0.33,0.33,0.5,0.0,,0.0,0.0,1.0,,1.0,0.0,0.0,0.5,0.0,0.0
14038,飛米,新北國王,3,23|10872|14038,王柏智/林彥廷/飛米,1,2,4.0,49.0,0.82,00:49,49.0,0.82,00:49,2.0,2.0,50.0,88.16,3.0,3.0,75.0,132.24,3.0,3.0,75.0,132.24,1.0,1.0,25.0,44.08,2.0,2.0,50.0,88.16,1.0,1.0,25.0,44.08,1.0,1.0,25.0,44.08,0.0,0.0,0.0,0.0,0.0,0.0,0.0,0.0,0.0,0.0,0.0,0.0,2.0,2.0,50.0,88.16,0.0,0.0,0.0,0.0,0.0,0.0,0.0,0.0,0.0,0.0,0.0,0.0,0.0,0.0,0.0,0.0,0.0,0.0,0.0,0.0,0.0,0.0,0.0,0.0,0.0,0.0,0.0,0.0,2.0,2.0,50.0,88.16,0.0,0.0,0.0,0.0,50.0,75.0,-25.0,117.55,-1.0,-1.0,-25.0,0.82,0.82,0.33,0.33,0.5,0.0,,0.0,0.0,1.0,,1.0,0.0,0.0,0.5,0.0,0.0
14038,飛米,新北國王,3,10872|13029|14038,林彥廷/杰倫/飛米,1,29,34.0,500.81,8.35,08:21,500.81,8.35,08:21,13.0,13.0,38.24,56.07,15.0,15.0,44.12,64.7,12.0,12.0,35.29,51.76,4.0,4.0,11.76,17.25,6.0,6.0,17.65,25.88,3.0,3.0,8.82,12.94,6.0,6.0,17.65,25.88,1.0,1.0,2.94,4.31,4.0,4.0,11.76,17.25,4.0,4.0,11.76,17.25,3.0,3.0,8.82,12.94,5.0,5.0,14.71,21.57,1.0,1.0,2.94,4.31,6.0,6.0,17.65,25.88,3.0,3.0,8.82,12.94,2.0,2.0,5.88,8.63,2.0,2.0,5.88,8.63,0.0,0.0,0.0,0.0,2.0,2.0,5.88,8.63,2.0,2.0,5.88,8.63,38.24,44.12,-5.88,97.76,-2.0,-2.0,-5.88,8.35,8.35,0.38,0.47,0.5,0.17,1.0,0.18,0.5,0.33,0.83,0.53,5.88,0.0,0.06,5.88,0.33
14038,飛米,新北國王,4,21|23|10872|14038,李愷諺/王柏智/林彥廷/飛米,1,2,4.0,49.0,0.82,00:49,49.0,0.82,00:49,2.0,2.0,50.0,88.16,3.0,3.0,75.0,132.24,3.0,3.0,75.0,132.24,1.0,1.0,25.0,44.08,2.0,2.0,50.0,88.16,1.0,1.0,25.0,44.08,1.0,1.0,25.0,44.08,0.0,0.0,0.0,0.0,0.0,0.0,0.0,0.0,0.0,0.0,0.0,0.0,2.0,2.0,50.0,88.16,0.0,0.0,0.0,0.0,0.0,0.0,0.0,0.0,0.0,0.0,0.0,0.0,0.0,0.0,0.0,0.0,0.0,0.0,0.0,0.0,0.0,0.0,0.0,0.0,0.0,0.0,0.0,0.0,2.0,2.0,50.0,88.16,0.0,0.0,0.0,0.0,50.0,75.0,-25.0,117.55,-1.0,-1.0,-25.0,0.82,0.82,0.33,0.33,0.5,0.0,,0.0,0.0,1.0,,1.0,0.0,0.0,0.5,0.0,0.0
14038,飛米,新北國王,4,21|10872|13029|14038,李愷諺/林彥廷/杰倫/飛米,1,7,9.0,93.72,1.56,01:34,93.72,1.56,01:34,3.0,3.0,33.33,69.15,5.0,5.0,55.56,115.24,4.0,4.0,44.44,92.19,1.0,1.0,11.11,23.05,3.0,3.0,33.33,69.15,1.0,1.0,11.11,23.05,1.0,1.0,11.11,23.05,0.0,0.0,0.0,0.0,1.0,1.0,11.11,23.05,1.0,1.0,11.11,23.05,2.0,2.0,22.22,46.1,1.0,1.0,11.11,23.05,0.0,0.0,0.0,0.0,0.0,0.0,0.0,0.0,0.0,0.0,0.0,0.0,0.0,0.0,0.0,0.0,0.0,0.0,0.0,0.0,0.0,0.0,0.0,0.0,2.0,2.0,22.22,46.1,0.0,0.0,0.0,0.0,33.33,55.56,-22.22,138.29,-2.0,-2.0,-22.22,1.56,1.56,0.25,0.34,0.33,0.0,1.0,0.0,0.0,1.0,1.0,1.0,0.0,0.0,0.22,0.0,0.25
14038,飛米,新北國王,4,23|10872|13029|14038,王柏智/林彥廷/杰倫/飛米,1,2,4.0,49.0,0.82,00:49,49.0,0.82,00:49,2.0,2.0,50.0,88.16,3.0,3.0,75.0,132.24,3.0,3.0,75.0,132.24,1.0,1.0,25.0,44.08,2.0,2.0,50.0,88.16,1.0,1.0,25.0,44.08,1.0,1.0,25.0,44.08,0.0,0.0,0.0,0.0,0.0,0.0,0.0,0.0,0.0,0.0,0.0,0.0,2.0,2.0,50.0,88.16,0.0,0.0,0.0,0.0,0.0,0.0,0.0,0.0,0.0,0.0,0.0,0.0,0.0,0.0,0.0,0.0,0.0,0.0,0.0,0.0,0.0,0.0,0.0,0.0,0.0,0.0,0.0,0.0,2.0,2.0,50.0,88.16,0.0,0.0,0.0,0.0,50.0,75.0,-25.0,117.55,-1.0,-1.0,-25.0,0.82,0.82,0.33,0.33,0.5,0.0,,0.0,0.0,1.0,,1.0,0.0,0.0,0.5,0.0,0.0
14038,飛米,新北國王,5,21|23|10872|13029|14038,李愷諺/王柏智/林彥廷/杰倫/飛米,1,2,4.0,49.0,0.82,00:49,49.0,0.82,00:49,2.0,2.0,50.0,88.16,3.0,3.0,75.0,132.24,3.0,3.0,75.0,132.24,1.0,1.0,25.0,44.08,2.0,2.0,50.0,88.16,1.0,1.0,25.0,44.08,1.0,1.0,25.0,44.08,0.0,0.0,0.0,0.0,0.0,0.0,0.0,0.0,0.0,0.0,0.0,0.0,2.0,2.0,50.0,88.16,0.0,0.0,0.0,0.0,0.0,0.0,0.0,0.0,0.0,0.0,0.0,0.0,0.0,0.0,0.0,0.0,0.0,0.0,0.0,0.0,0.0,0.0,0.0,0.0,0.0,0.0,0.0,0.0,2.0,2.0,50.0,88.16,0.0,0.0,0.0,0.0,50.0,75.0,-25.0,117.55,-1.0,-1.0,-25.0,0.82,0.82,0.33,0.33,0.5,0.0,,0.0,0.0,1.0,,1.0,0.0,0.0,0.5,0.0,0.0
21,李愷諺,新北國王,4,21|29|10872|13029,李愷諺/林書緯/林彥廷/杰倫,1,9,10.0,114.17,1.9,01:54,114.17,1.9,01:54,3.0,3.0,30.0,56.76,5.0,5.0,50.0,94.6,3.0,3.0,30.0,56.76,0.0,0.0,0.0,0.0,2.0,2.0,20.0,37.84,0.0,0.0,0.0,0.0,1.0,1.0,10.0,18.92,0.0,0.0,0.0,0.0,3.0,3.0,30.0,56.76,3.0,3.0,30.0,56.76,1.0,1.0,10.0,18.92,2.0,2.0,20.0,37.84,0.0,0.0,0.0,0.0,1.0,1.0,10.0,18.92,0.0,0.0,0.0,0.0,0.0,0.0,0.0,0.0,0.0,0.0,0.0,0.0,0.0,0.0,0.0,0.0,1.0,1.0,10.0,18.92,1.0,1.0,10.0,18.92,30.0,50.0,-20.0,126.13,-2.0,-2.0,-20.0,1.9,1.9,0.0,0.35,0.0,0.0,1.0,0.0,,0.5,1.0,0.75,0.0,0.0,0.1,10.0,1.0
21,李愷諺,新北國王,5,21|29|10872|13029|14038,李愷諺/林書緯/林彥廷/杰倫/飛米,1,4,4.0,41.72,0.7,00:42,41.72,0.7,00:42,1.0,1.0,25.0,51.78,2.0,2.0,50.0,103.56,1.0,1.0,25.0,51.78,0.0,0.0,0.0,0.0,1.0,1.0,25.0,51.78,0.0,0.0,0.0,0.0,0.0,0.0,0.0,0.0,0.0,0.0,0.0,0.0,1.0,1.0,25.0,51.78,1.0,1.0,25.0,51.78,0.0,0.0,0.0,0.0,1.0,1.0,25.0,51.78,0.0,0.0,0.0,0.0,0.0,0.0,0.0,0.0,0.0,0.0,0.0,0.0,0.0,0.0,0.0,0.0,0.0,0.0,0.0,0.0,0.0,0.0,0.0,0.0,0.0,0.0,0.0,0.0,0.0,0.0,0.0,0.0,25.0,50.0,-25.0,138.08,-1.0,-1.0,-25.0,0.7,0.7,0.0,0.35,0.0,,1.0,0.0,,,1.0,1.0,0.0,0.0,0.0,0.0,1.0
29,林書緯,新北國王,3,29|10872|13029,林書緯/林彥廷/杰倫,1,44,49.0,709.65,11.83,11:50,709.65,11.83,11:50,21.0,21.0,42.86,63.92,22.0,22.0,44.9,66.96,17.0,17.0,34.69,51.74,7.0,7.0,14.29,21.31,10.0,10.0,20.41,30.44,6.0,6.0,12.24,18.26,7.0,7.0,14.29,21.31,1.0,1.0,2.04,3.04,8.0,8.0,16.33,24.35,8.0,8.0,16.33,24.35,2.0,2.0,4.08,6.09,8.0,8.0,16.33,24.35,2.0,2.0,4.08,6.09,10.0,10.0,20.41,30.44,3.0,3.0,6.12,9.13,5.0,5.0,10.2,15.22,2.0,2.0,4.08,6.09,1.0,1.0,2.04,3.04,3.0,3.0,6.12,9.13,3.0,3.0,6.12,9.13,42.86,44.9,-2.04,99.43,-1.0,-1.0,-2.04,11.83,11.83,0.44,0.51,0.6,0.14,1.0,0.13,0.71,0.17,0.8,0.45,4.08,2.04,0.06,6.12,0.47
29,林書緯,新北國王,4,21|29|10872|13029,李愷諺/林書緯/林彥廷/杰倫,1,9,10.0,114.17,1.9,01:54,114.17,1.9,01:54,3.0,3.0,30.0,56.76,5.0,5.0,50.0,94.6,3.0,3.0,30.0,56.76,0.0,0.0,0.0,0.0,2.0,2.0,20.0,37.84,0.0,0.0,0.0,0.0,1.0,1.0,10.0,18.92,0.0,0.0,0.0,0.0,3.0,3.0,30.0,56.76,3.0,3.0,30.0,56.76,1.0,1.0,10.0,18.92,2.0,2.0,20.0,37.84,0.0,0.0,0.0,0.0,1.0,1.0,10.0,18.92,0.0,0.0,0.0,0.0,0.0,0.0,0.0,0.0,0.0,0.0,0.0,0.0,0.0,0.0,0.0,0.0,1.0,1.0,10.0,18.92,1.0,1.0,10.0,18.92,30.0,50.0,-20.0,126.13,-2.0,-2.0,-20.0,1.9,1.9,0.0,0.35,0.0,0.0,1.0,0.0,,0.5,1.0,0.75,0.0,0.0,0.1,10.0,1.0
29,林書緯,新北國王,4,29|10872|13029|14038,林書緯/林彥廷/杰倫/飛米,1,26,29.0,448.81,7.48,07:29,448.81,7.48,07:29,11.0,11.0,37.93,52.94,12.0,12.0,41.38,57.75,9.0,9.0,31.03,43.31,3.0,3.0,10.34,14.44,4.0,4.0,13.79,19.25,2.0,2.0,6.9,9.63,5.0,5.0,17.24,24.06,1.0,1.0,3.45,4.81,4.0,4.0,13.79,19.25,4.0,4.0,13.79,19.25,1.0,1.0,3.45,4.81,5.0,5.0,17.24,24.06,1.0,1.0,3.45,4.81,6.0,6.0,20.69,28.88,3.0,3.0,10.34,14.44,2.0,2.0,6.9,9.63,2.0,2.0,6.9,9.63,0.0,0.0,0.0,0.0,0.0,0.0,0.0,0.0,2.0,2.0,6.9,9.63,37.93,41.38,-3.45,93.05,-1.0,-1.0,-3.45,7.48,7.48,0.39,0.51,0.5,0.2,1.0,0.22,0.67,0.14,0.83,0.46,6.9,0.0,0.0,6.9,0.44
29,林書緯,新北國王,5,21|29|10872|13029|14038,李愷諺/林書緯/林彥廷/杰倫/飛米,1,4,4.0,41.72,0.7,00:42,41.72,0.7,00:42,1.0,1.0,25.0,51.78,2.0,2.0,50.0,103.56,1.0,1.0,25.0,51.78,0.0,0.0,0.0,0.0,1.0,1.0,25.0,51.78,0.0,0.0,0.0,0.0,0.0,0.0,0.0,0.0,0.0,0.0,0.0,0.0,1.0,1.0,25.0,51.78,1.0,1.0,25.0,51.78,0.0,0.0,0.0,0.0,1.0,1.0,25.0,51.78,0.0,0.0,0.0,0.0,0.0,0.0,0.0,0.0,0.0,0.0,0.0,0.0,0.0,0.0,0.0,0.0,0.0,0.0,0.0,0.0,0.0,0.0,0.0,0.0,0.0,0.0,0.0,0.0,0.0,0.0,0.0,0.0,25.0,50.0,-25.0,138.08,-1.0,-1.0,-25.0,0.7,0.7,0.0,0.35,0.0,,1.0,0.0,,,1.0,1.0,0.0,0.0,0.0,0.0,1.0
10872,林彥廷,新北國王,3,29|10872|13029,林書緯/林彥廷/杰倫,1,44,49.0,709.65,11.83,11:50,709.65,11.83,11:50,21.0,21.0,42.86,63.92,22.0,22.0,44.9,66.96,17.0,17.0,34.69,51.74,7.0,7.0,14.29,21.31,10.0,10.0,20.41,30.44,6.0,6.0,12.24,18.26,7.0,7.0,14.29,21.31,1.0,1.0,2.04,3.04,8.0,8.0,16.33,24.35,8.0,8.0,16.33,24.35,2.0,2.0,4.08,6.09,8.0,8.0,16.33,24.35,2.0,2.0,4.08,6.09,10.0,10.0,20.41,30.44,3.0,3.0,6.12,9.13,5.0,5.0,10.2,15.22,2.0,2.0,4.08,6.09,1.0,1.0,2.04,3.04,3.0,3.0,6.12,9.13,3.0,3.0,6.12,9.13,42.86,44.9,-2.04,99.43,-1.0,-1.0,-2.04,11.83,11.83,0.44,0.51,0.6,0.14,1.0,0.13,0.71,0.17,0.8,0.45,4.08,2.04,0.06,6.12,0.47
10872,林彥廷,新北國王,4,21|29|10872|13029,李愷諺/林書緯/林彥廷/杰倫,1,9,10.0,114.17,1.9,01:54,114.17,1.9,01:54,3.0,3.0,30.0,56.76,5.0,5.0,50.0,94.6,3.0,3.0,30.0,56.76,0.0,0.0,0.0,0.0,2.0,2.0,20.0,37.84,0.0,0.0,0.0,0.0,1.0,1.0,10.0,18.92,0.0,0.0,0.0,0.0,3.0,3.0,30.0,56.76,3.0,3.0,30.0,56.76,1.0,1.0,10.0,18.92,2.0,2.0,20.0,37.84,0.0,0.0,0.0,0.0,1.0,1.0,10.0,18.92,0.0,0.0,0.0,0.0,0.0,0.0,0.0,0.0,0.0,0.0,0.0,0.0,0.0,0.0,0.0,0.0,1.0,1.0,10.0,18.92,1.0,1.0,10.0,18.92,30.0,50.0,-20.0,126.13,-2.0,-2.0,-20.0,1.9,1.9,0.0,0.35,0.0,0.0,1.0,0.0,,0.5,1.0,0.75,0.0,0.0,0.1,10.0,1.0
10872,林彥廷,新北國王,4,29|10872|13029|14038,林書緯/林彥廷/杰倫/飛米,1,26,29.0,448.81,7.48,07:29,448.81,7.48,07:29,11.0,11.0,37.93,52.94,12.0,12.0,41.38,57.75,9.0,9.0,31.03,43.31,3.0,3.0,10.34,14.44,4.0,4.0,13.79,19.25,2.0,2.0,6.9,9.63,5.0,5.0,17.24,24.06,1.0,1.0,3.45,4.81,4.0,4.0,13.79,19.25,4.0,4.0,13.79,19.25,1.0,1.0,3.45,4.81,5.0,5.0,17.24,24.06,1.0,1.0,3.45,4.81,6.0,6.0,20.69,28.88,3.0,3.0,10.34,14.44,2.0,2.0,6.9,9.63,2.0,2.0,6.9,9.63,0.0,0.0,0.0,0.0,0.0,0.0,0.0,0.0,2.0,2.0,6.9,9.63,37.93,41.38,-3.45,93.05,-1.0,-1.0,-3.45,7.48,7.48,0.39,0.51,0.5,0.2,1.0,0.22,0.67,0.14,0.83,0.46,6.9,0.0,0.0,6.9,0.44
10872,林彥廷,新北國王,5,21|29|10872|13029|14038,李愷諺/林書緯/林彥廷/杰倫/飛米,1,4,4.0,41.72,0.7,00:42,41.72,0.7,00:42,1.0,1.0,25.0,51.78,2.0,2.0,50.0,103.56,1.0,1.0,25.0,51.78,0.0,0.0,0.0,0.0,1.0,1.0,25.0,51.78,0.0,0.0,0.0,0.0,0.0,0.0,0.0,0.0,0.0,0.0,0.0,0.0,1.0,1.0,25.0,51.78,1.0,1.0,25.0,51.78,0.0,0.0,0.0,0.0,1.0,1.0,25.0,51.78,0.0,0.0,0.0,0.0,0.0,0.0,0.0,0.0,0.0,0.0,0.0,0.0,0.0,0.0,0.0,0.0,0.0,0.0,0.0,0.0,0.0,0.0,0.0,0.0,0.0,0.0,0.0,0.0,0.0,0.0,0.0,0.0,25.0,50.0,-25.0,138.08,-1.0,-1.0,-25.0,0.7,0.7,0.0,0.35,0.0,,1.0,0.0,,,1.0,1.0,0.0,0.0,0.0,0.0,1.0
13029,杰倫,新北國王,3,29|10872|13029,林書緯/林彥廷/杰倫,1,44,49.0,709.65,11.83,11:50,709.65,11.83,11:50,21.0,21.0,42.86,63.92,22.0,22.0,44.9,66.96,17.0,17.0,34.69,51.74,7.0,7.0,14.29,21.31,10.0,10.0,20.41,30.44,6.0,6.0,12.24,18.26,7.0,7.0,14.29,21.31,1.0,1.0,2.04,3.04,8.0,8.0,16.33,24.35,8.0,8.0,16.33,24.35,2.0,2.0,4.08,6.09,8.0,8.0,16.33,24.35,2.0,2.0,4.08,6.09,10.0,10.0,20.41,30.44,3.0,3.0,6.12,9.13,5.0,5.0,10.2,15.22,2.0,2.0,4.08,6.09,1.0,1.0,2.04,3.04,3.0,3.0,6.12,9.13,3.0,3.0,6.12,9.13,42.86,44.9,-2.04,99.43,-1.0,-1.0,-2.04,11.83,11.83,0.44,0.51,0.6,0.14,1.0,0.13,0.71,0.17,0.8,0.45,4.08,2.04,0.06,6.12,0.47
13029,杰倫,新北國王,4,21|29|10872|13029,李愷諺/林書緯/林彥廷/杰倫,1,9,10.0,114.17,1.9,01:54,114.17,1.9,01:54,3.0,3.0,30.0,56.76,5.0,5.0,50.0,94.6,3.0,3.0,30.0,56.76,0.0,0.0,0.0,0.0,2.0,2.0,20.0,37.84,0.0,0.0,0.0,0.0,1.0,1.0,10.0,18.92,0.0,0.0,0.0,0.0,3.0,3.0,30.0,56.76,3.0,3.0,30.0,56.76,1.0,1.0,10.0,18.92,2.0,2.0,20.0,37.84,0.0,0.0,0.0,0.0,1.0,1.0,10.0,18.92,0.0,0.0,0.0,0.0,0.0,0.0,0.0,0.0,0.0,0.0,0.0,0.0,0.0,0.0,0.0,0.0,1.0,1.0,10.0,18.92,1.0,1.0,10.0,18.92,30.0,50.0,-20.0,126.13,-2.0,-2.0,-20.0,1.9,1.9,0.0,0.35,0.0,0.0,1.0,0.0,,0.5,1.0,0.75,0.0,0.0,0.1,10.0,1.0
13029,杰倫,新北國王,4,29|10872|13029|14038,林書緯/林彥廷/杰倫/飛米,1,26,29.0,448.81,7.48,07:29,448.81,7.48,07:29,11.0,11.0,37.93,52.94,12.0,12.0,41.38,57.75,9.0,9.0,31.03,43.31,3.0,3.0,10.34,14.44,4.0,4.0,13.79,19.25,2.0,2.0,6.9,9.63,5.0,5.0,17.24,24.06,1.0,1.0,3.45,4.81,4.0,4.0,13.79,19.25,4.0,4.0,13.79,19.25,1.0,1.0,3.45,4.81,5.0,5.0,17.24,24.06,1.0,1.0,3.45,4.81,6.0,6.0,20.69,28.88,3.0,3.0,10.34,14.44,2.0,2.0,6.9,9.63,2.0,2.0,6.9,9.63,0.0,0.0,0.0,0.0,0.0,0.0,0.0,0.0,2.0,2.0,6.9,9.63,37.93,41.38,-3.45,93.05,-1.0,-1.0,-3.45,7.48,7.48,0.39,0.51,0.5,0.2,1.0,0.22,0.67,0.14,0.83,0.46,6.9,0.0,0.0,6.9,0.44
13029,杰倫,新北國王,5,21|29|10872|13029|14038,李愷諺/林書緯/林彥廷/杰倫/飛米,1,4,4.0,41.72,0.7,00:42,41.72,0.7,00:42,1.0,1.0,25.0,51.78,2.0,2.0,50.0,103.56,1.0,1.0,25.0,51.78,0.0,0.0,0.0,0.0,1.0,1.0,25.0,51.78,0.0,0.0,0.0,0.0,0.0,0.0,0.0,0.0,0.0,0.0,0.0,0.0,1.0,1.0,25.0,51.78,1.0,1.0,25.0,51.78,0.0,0.0,0.0,0.0,1.0,1.0,25.0,51.78,0.0,0.0,0.0,0.0,0.0,0.0,0.0,0.0,0.0,0.0,0.0,0.0,0.0,0.0,0.0,0.0,0.0,0.0,0.0,0.0,0.0,0.0,0.0,0.0,0.0,0.0,0.0,0.0,0.0,0.0,0.0,0.0,25.0,50.0,-25.0,138.08,-1.0,-1.0,-25.0,0.7,0.7,0.0,0.35,0.0,,1.0,0.0,,,1.0,1.0,0.0,0.0,0.0,0.0,1.0
14038,飛米,新北國王,4,29|10872|13029|14038,林書緯/林彥廷/杰倫/飛米,1,26,29.0,448.81,7.48,07:29,448.81,7.48,07:29,11.0,11.0,37.93,52.94,12.0,12.0,41.38,57.75,9.0,9.0,31.03,43.31,3.0,3.0,10.34,14.44,4.0,4.0,13.79,19.25,2.0,2.0,6.9,9.63,5.0,5.0,17.24,24.06,1.0,1.0,3.45,4.81,4.0,4.0,13.79,19.25,4.0,4.0,13.79,19.25,1.0,1.0,3.45,4.81,5.0,5.0,17.24,24.06,1.0,1.0,3.45,4.81,6.0,6.0,20.69,28.88,3.0,3.0,10.34,14.44,2.0,2.0,6.9,9.63,2.0,2.0,6.9,9.63,0.0,0.0,0.0,0.0,0.0,0.0,0.0,0.0,2.0,2.0,6.9,9.63,37.93,41.38,-3.45,93.05,-1.0,-1.0,-3.45,7.48,7.48,0.39,0.51,0.5,0.2,1.0,0.22,0.67,0.14,0.83,0.46,6.9,0.0,0.0,6.9,0.44
14038,飛米,新北國王,5,21|29|10872|13029|14038,李愷諺/林書緯/林彥廷/杰倫/飛米,1,4,4.0,41.72,0.7,00:42,41.72,0.7,00:42,1.0,1.0,25.0,51.78,2.0,2.0,50.0,103.56,1.0,1.0,25.0,51.78,0.0,0.0,0.0,0.0,1.0,1.0,25.0,51.78,0.0,0.0,0.0,0.0,0.0,0.0,0.0,0.0,0.0,0.0,0.0,0.0,1.0,1.0,25.0,51.78,1.0,1.0,25.0,51.78,0.0,0.0,0.0,0.0,1.0,1.0,25.0,51.78,0.0,0.0,0.0,0.0,0.0,0.0,0.0,0.0,0.0,0.0,0.0,0.0,0.0,0.0,0.0,0.0,0.0,0.0,0.0,0.0,0.0,0.0,0.0,0.0,0.0,0.0,0.0,0.0,0.0,0.0,0.0,0.0,25.0,50.0,-25.0,138.08,-1.0,-1.0,-25.0,0.7,0.7,0.0,0.35,0.0,,1.0,0.0,,,1.0,1.0,0.0,0.0,0.0,0.0,1.0
29,林書緯,新北國王,4,29|10872|10874|13029,林書緯/林彥廷/熊祥泰/杰倫,1,12,14.0,274.83,4.58,04:35,274.83,4.58,04:35,2.0,2.0,14.29,15.72,7.0,7.0,50.0,55.02,7.0,7.0,50.0,55.02,2.0,2.0,14.29,15.72,3.0,3.0,21.43,23.58,2.0,2.0,14.29,15.72,4.0,4.0,28.57,31.44,0.0,0.0,0.0,0.0,0.0,0.0,0.0,0.0,0.0,0.0,0.0,0.0,1.0,1.0,7.14,7.86,4.0,4.0,28.57,31.44,1.0,1.0,7.14,7.86,2.0,2.0,14.29,15.72,1.0,1.0,7.14,7.86,1.0,1.0,7.14,7.86,0.0,0.0,0.0,0.0,0.0,0.0,0.0,0.0,1.0,1.0,7.14,7.86,1.0,1.0,7.14,7.86,14.29,50.0,-35.71,73.35,-5.0,-5.0,-35.71,4.58,4.58,0.29,0.14,0.67,0.0,,0.12,0.5,0.33,0.8,0.62,0.0,0.0,0.07,7.14,0.0
29,林書緯,新北國王,4,29|10874|13029|14038,林書緯/熊祥泰/杰倫/飛米,1,11,13.0,202.61,3.38,03:23,202.61,3.38,03:23,2.0,2.0,15.38,21.32,7.0,7.0,53.85,74.63,5.0,5.0,38.46,53.3,1.0,1.0,7.69,10.66,2.0,2.0,15.38,21.32,1.0,1.0,7.69,10.66,3.0,3.0,23.08,31.98,0.0,0.0,0.0,0.0,0.0,0.0,0.0,0.0,0.0,0.0,0.0,0.0,1.0,1.0,7.69,10.66,3.0,3.0,23.08,31.98,1.0,1.0,7.69,10.66,2.0,2.0,15.38,21.32,1.0,1.0,7.69,10.66,0.0,0.0,0.0,0.0,0.0,0.0,0.0,0.0,0.0,0.0,0.0,0.0,0.0,0.0,0.0,0.0,3.0,3.0,23.08,31.98,15.38,53.85,-38.46,92.4,-5.0,-5.0,-38.46,3.38,3.38,0.2,0.2,0.5,0.0,,0.17,0.0,0.33,0.75,0.57,0.0,0.0,0.0,23.08,0.0
29,林書緯,新北國王,5,29|10872|10874|13029|14038,林書緯/林彥廷/熊祥泰/杰倫/飛米,1,10,12.0,201.83,3.36,03:22,201.83,3.36,03:22,2.0,2.0,16.67,21.4,5.0,5.0,41.67,53.51,5.0,5.0,41.67,53.51,1.0,1.0,8.33,10.7,2.0,2.0,16.67,21.4,1.0,1.0,8.33,10.7,3.0,3.0,25.0,32.11,0.0,0.0,0.0,0.0,0.0,0.0,0.0,0.0,0.0,0.0,0.0,0.0,1.0,1.0,8.33,10.7,3.0,3.0,25.0,32.11,1.0,1.0,8.33,10.7,2.0,2.0,16.67,21.4,1.0,1.0,8.33,10.7,0.0,0.0,0.0,0.0,0.0,0.0,0.0,0.0,0.0,0.0,0.0,0.0,0.0,0.0,0.0,0.0,1.0,1.0,8.33,10.7,16.67,41.67,-25.0,85.61,-3.0,-3.0,-25.0,3.36,3.36,0.2,0.2,0.5,0.0,,0.17,0.0,0.33,0.75,0.57,0.0,0.0,0.0,8.33,0.0
10872,林彥廷,新北國王,4,29|10872|10874|13029,林書緯/林彥廷/熊祥泰/杰倫,1,12,14.0,274.83,4.58,04:35,274.83,4.58,04:35,2.0,2.0,14.29,15.72,7.0,7.0,50.0,55.02,7.0,7.0,50.0,55.02,2.0,2.0,14.29,15.72,3.0,3.0,21.43,23.58,2.0,2.0,14.29,15.72,4.0,4.0,28.57,31.44,0.0,0.0,0.0,0.0,0.0,0.0,0.0,0.0,0.0,0.0,0.0,0.0,1.0,1.0,7.14,7.86,4.0,4.0,28.57,31.44,1.0,1.0,7.14,7.86,2.0,2.0,14.29,15.72,1.0,1.0,7.14,7.86,1.0,1.0,7.14,7.86,0.0,0.0,0.0,0.0,0.0,0.0,0.0,0.0,1.0,1.0,7.14,7.86,1.0,1.0,7.14,7.86,14.29,50.0,-35.71,73.35,-5.0,-5.0,-35.71,4.58,4.58,0.29,0.14,0.67,0.0,,0.12,0.5,0.33,0.8,0.62,0.0,0.0,0.07,7.14,0.0
10872,林彥廷,新北國王,4,10872|10874|13029|14038,林彥廷/熊祥泰/杰倫/飛米,1,10,12.0,201.83,3.36,03:22,201.83,3.36,03:22,2.0,2.0,16.67,21.4,5.0,5.0,41.67,53.51,5.0,5.0,41.67,53.51,1.0,1.0,8.33,10.7,2.0,2.0,16.67,21.4,1.0,1.0,8.33,10.7,3.0,3.0,25.0,32.11,0.0,0.0,0.0,0.0,0.0,0.0,0.0,0.0,0.0,0.0,0.0,0.0,1.0,1.0,8.33,10.7,3.0,3.0,25.0,32.11,1.0,1.0,8.33,10.7,2.0,2.0,16.67,21.4,1.0,1.0,8.33,10.7,0.0,0.0,0.0,0.0,0.0,0.0,0.0,0.0,0.0,0.0,0.0,0.0,0.0,0.0,0.0,0.0,1.0,1.0,8.33,10.7,16.67,41.67,-25.0,85.61,-3.0,-3.0,-25.0,3.36,3.36,0.2,0.2,0.5,0.0,,0.17,0.0,0.33,0.75,0.57,0.0,0.0,0.0,8.33,0.0
10872,林彥廷,新北國王,5,29|10872|10874|13029|14038,林書緯/林彥廷/熊祥泰/杰倫/飛米,1,10,12.0,201.83,3.36,03:22,201.83,3.36,03:22,2.0,2.0,16.67,21.4,5.0,5.0,41.67,53.51,5.0,5.0,41.67,53.51,1.0,1.0,8.33,10.7,2.0,2.0,16.67,21.4,1.0,1.0,8.33,10.7,3.0,3.0,25.0,32.11,0.0,0.0,0.0,0.0,0.0,0.0,0.0,0.0,0.0,0.0,0.0,0.0,1.0,1.0,8.33,10.7,3.0,3.0,25.0,32.11,1.0,1.0,8.33,10.7,2.0,2.0,16.67,21.4,1.0,1.0,8.33,10.7,0.0,0.0,0.0,0.0,0.0,0.0,0.0,0.0,0.0,0.0,0.0,0.0,0.0,0.0,0.0,0.0,1.0,1.0,8.33,10.7,16.67,41.67,-25.0,85.61,-3.0,-3.0,-25.0,3.36,3.36,0.2,0.2,0.5,0.0,,0.17,0.0,0.33,0.75,0.57,0.0,0.0,0.0,8.33,0.0
10874,熊祥泰,新北國王,3,10874|13029|14038,熊祥泰/杰倫/飛米,1,11,13.0,202.61,3.38,03:23,202.61,3.38,03:23,2.0,2.0,15.38,21.32,7.0,7.0,53.85,74.63,5.0,5.0,38.46,53.3,1.0,1.0,7.69,10.66,2.0,2.0,15.38,21.32,1.0,1.0,7.69,10.66,3.0,3.0,23.08,31.98,0.0,0.0,0.0,0.0,0.0,0.0,0.0,0.0,0.0,0.0,0.0,0.0,1.0,1.0,7.69,10.66,3.0,3.0,23.08,31.98,1.0,1.0,7.69,10.66,2.0,2.0,15.38,21.32,1.0,1.0,7.69,10.66,0.0,0.0,0.0,0.0,0.0,0.0,0.0,0.0,0.0,0.0,0.0,0.0,0.0,0.0,0.0,0.0,3.0,3.0,23.08,31.98,15.38,53.85,-38.46,92.4,-5.0,-5.0,-38.46,3.38,3.38,0.2,0.2,0.5,0.0,,0.17,0.0,0.33,0.75,0.57,0.0,0.0,0.0,23.08,0.0
10874,熊祥泰,新北國王,4,29|10872|10874|13029,林書緯/林彥廷/熊祥泰/杰倫,1,12,14.0,274.83,4.58,04:35,274.83,4.58,04:35,2.0,2.0,14.29,15.72,7.0,7.0,50.0,55.02,7.0,7.0,50.0,55.02,2.0,2.0,14.29,15.72,3.0,3.0,21.43,23.58,2.0,2.0,14.29,15.72,4.0,4.0,28.57,31.44,0.0,0.0,0.0,0.0,0.0,0.0,0.0,0.0,0.0,0.0,0.0,0.0,1.0,1.0,7.14,7.86,4.0,4.0,28.57,31.44,1.0,1.0,7.14,7.86,2.0,2.0,14.29,15.72,1.0,1.0,7.14,7.86,1.0,1.0,7.14,7.86,0.0,0.0,0.0,0.0,0.0,0.0,0.0,0.0,1.0,1.0,7.14,7.86,1.0,1.0,7.14,7.86,14.29,50.0,-35.71,73.35,-5.0,-5.0,-35.71,4.58,4.58,0.29,0.14,0.67,0.0,,0.12,0.5,0.33,0.8,0.62,0.0,0.0,0.07,7.14,0.0
10874,熊祥泰,新北國王,4,29|10874|13029|14038,林書緯/熊祥泰/杰倫/飛米,1,11,13.0,202.61,3.38,03:23,202.61,3.38,03:23,2.0,2.0,15.38,21.32,7.0,7.0,53.85,74.63,5.0,5.0,38.46,53.3,1.0,1.0,7.69,10.66,2.0,2.0,15.38,21.32,1.0,1.0,7.69,10.66,3.0,3.0,23.08,31.98,0.0,0.0,0.0,0.0,0.0,0.0,0.0,0.0,0.0,0.0,0.0,0.0,1.0,1.0,7.69,10.66,3.0,3.0,23.08,31.98,1.0,1.0,7.69,10.66,2.0,2.0,15.38,21.32,1.0,1.0,7.69,10.66,0.0,0.0,0.0,0.0,0.0,0.0,0.0,0.0,0.0,0.0,0.0,0.0,0.0,0.0,0.0,0.0,3.0,3.0,23.08,31.98,15.38,53.85,-38.46,92.4,-5.0,-5.0,-38.46,3.38,3.38,0.2,0.2,0.5,0.0,,0.17,0.0,0.33,0.75,0.57,0.0,0.0,0.0,23.08,0.0
10874,熊祥泰,新北國王,4,10872|10874|13029|14038,林彥廷/熊祥泰/杰倫/飛米,1,10,12.0,201.83,3.36,03:22,201.83,3.36,03:22,2.0,2.0,16.67,21.4,5.0,5.0,41.67,53.51,5.0,5.0,41.67,53.51,1.0,1.0,8.33,10.7,2.0,2.0,16.67,21.4,1.0,1.0,8.33,10.7,3.0,3.0,25.0,32.11,0.0,0.0,0.0,0.0,0.0,0.0,0.0,0.0,0.0,0.0,0.0,0.0,1.0,1.0,8.33,10.7,3.0,3.0,25.0,32.11,1.0,1.0,8.33,10.7,2.0,2.0,16.67,21.4,1.0,1.0,8.33,10.7,0.0,0.0,0.0,0.0,0.0,0.0,0.0,0.0,0.0,0.0,0.0,0.0,0.0,0.0,0.0,0.0,1.0,1.0,8.33,10.7,16.67,41.67,-25.0,85.61,-3.0,-3.0,-25.0,3.36,3.36,0.2,0.2,0.5,0.0,,0.17,0.0,0.33,0.75,0.57,0.0,0.0,0.0,8.33,0.0
10874,熊祥泰,新北國王,5,29|10872|10874|13029|14038,林書緯/林彥廷/熊祥泰/杰倫/飛米,1,10,12.0,201.83,3.36,03:22,201.83,3.36,03:22,2.0,2.0,16.67,21.4,5.0,5.0,41.67,53.51,5.0,5.0,41.67,53.51,1.0,1.0,8.33,10.7,2.0,2.0,16.67,21.4,1.0,1.0,8.33,10.7,3.0,3.0,25.0,32.11,0.0,0.0,0.0,0.0,0.0,0.0,0.0,0.0,0.0,0.0,0.0,0.0,1.0,1.0,8.33,10.7,3.0,3.0,25.0,32.11,1.0,1.0,8.33,10.7,2.0,2.0,16.67,21.4,1.0,1.0,8.33,10.7,0.0,0.0,0.0,0.0,0.0,0.0,0.0,0.0,0.0,0.0,0.0,0.0,0.0,0.0,0.0,0.0,1.0,1.0,8.33,10.7,16.67,41.67,-25.0,85.61,-3.0,-3.0,-25.0,3.36,3.36,0.2,0.2,0.5,0.0,,0.17,0.0,0.33,0.75,0.57,0.0,0.0,0.0,8.33,0.0
13029,杰倫,新北國王,3,10874|13029|14038,熊祥泰/杰倫/飛米,1,11,13.0,202.61,3.38,03:23,202.61,3.38,03:23,2.0,2.0,15.38,21.32,7.0,7.0,53.85,74.63,5.0,5.0,38.46,53.3,1.0,1.0,7.69,10.66,2.0,2.0,15.38,21.32,1.0,1.0,7.69,10.66,3.0,3.0,23.08,31.98,0.0,0.0,0.0,0.0,0.0,0.0,0.0,0.0,0.0,0.0,0.0,0.0,1.0,1.0,7.69,10.66,3.0,3.0,23.08,31.98,1.0,1.0,7.69,10.66,2.0,2.0,15.38,21.32,1.0,1.0,7.69,10.66,0.0,0.0,0.0,0.0,0.0,0.0,0.0,0.0,0.0,0.0,0.0,0.0,0.0,0.0,0.0,0.0,3.0,3.0,23.08,31.98,15.38,53.85,-38.46,92.4,-5.0,-5.0,-38.46,3.38,3.38,0.2,0.2,0.5,0.0,,0.17,0.0,0.33,0.75,0.57,0.0,0.0,0.0,23.08,0.0
13029,杰倫,新北國王,4,29|10872|10874|13029,林書緯/林彥廷/熊祥泰/杰倫,1,12,14.0,274.83,4.58,04:35,274.83,4.58,04:35,2.0,2.0,14.29,15.72,7.0,7.0,50.0,55.02,7.0,7.0,50.0,55.02,2.0,2.0,14.29,15.72,3.0,3.0,21.43,23.58,2.0,2.0,14.29,15.72,4.0,4.0,28.57,31.44,0.0,0.0,0.0,0.0,0.0,0.0,0.0,0.0,0.0,0.0,0.0,0.0,1.0,1.0,7.14,7.86,4.0,4.0,28.57,31.44,1.0,1.0,7.14,7.86,2.0,2.0,14.29,15.72,1.0,1.0,7.14,7.86,1.0,1.0,7.14,7.86,0.0,0.0,0.0,0.0,0.0,0.0,0.0,0.0,1.0,1.0,7.14,7.86,1.0,1.0,7.14,7.86,14.29,50.0,-35.71,73.35,-5.0,-5.0,-35.71,4.58,4.58,0.29,0.14,0.67,0.0,,0.12,0.5,0.33,0.8,0.62,0.0,0.0,0.07,7.14,0.0
13029,杰倫,新北國王,4,29|10874|13029|14038,林書緯/熊祥泰/杰倫/飛米,1,11,13.0,202.61,3.38,03:23,202.61,3.38,03:23,2.0,2.0,15.38,21.32,7.0,7.0,53.85,74.63,5.0,5.0,38.46,53.3,1.0,1.0,7.69,10.66,2.0,2.0,15.38,21.32,1.0,1.0,7.69,10.66,3.0,3.0,23.08,31.98,0.0,0.0,0.0,0.0,0.0,0.0,0.0,0.0,0.0,0.0,0.0,0.0,1.0,1.0,7.69,10.66,3.0,3.0,23.08,31.98,1.0,1.0,7.69,10.66,2.0,2.0,15.38,21.32,1.0,1.0,7.69,10.66,0.0,0.0,0.0,0.0,0.0,0.0,0.0,0.0,0.0,0.0,0.0,0.0,0.0,0.0,0.0,0.0,3.0,3.0,23.08,31.98,15.38,53.85,-38.46,92.4,-5.0,-5.0,-38.46,3.38,3.38,0.2,0.2,0.5,0.0,,0.17,0.0,0.33,0.75,0.57,0.0,0.0,0.0,23.08,0.0
13029,杰倫,新北國王,4,10872|10874|13029|14038,林彥廷/熊祥泰/杰倫/飛米,1,10,12.0,201.83,3.36,03:22,201.83,3.36,03:22,2.0,2.0,16.67,21.4,5.0,5.0,41.67,53.51,5.0,5.0,41.67,53.51,1.0,1.0,8.33,10.7,2.0,2.0,16.67,21.4,1.0,1.0,8.33,10.7,3.0,3.0,25.0,32.11,0.0,0.0,0.0,0.0,0.0,0.0,0.0,0.0,0.0,0.0,0.0,0.0,1.0,1.0,8.33,10.7,3.0,3.0,25.0,32.11,1.0,1.0,8.33,10.7,2.0,2.0,16.67,21.4,1.0,1.0,8.33,10.7,0.0,0.0,0.0,0.0,0.0,0.0,0.0,0.0,0.0,0.0,0.0,0.0,0.0,0.0,0.0,0.0,1.0,1.0,8.33,10.7,16.67,41.67,-25.0,85.61,-3.0,-3.0,-25.0,3.36,3.36,0.2,0.2,0.5,0.0,,0.17,0.0,0.33,0.75,0.57,0.0,0.0,0.0,8.33,0.0
13029,杰倫,新北國王,5,29|10872|10874|13029|14038,林書緯/林彥廷/熊祥泰/杰倫/飛米,1,10,12.0,201.83,3.36,03:22,201.83,3.36,03:22,2.0,2.0,16.67,21.4,5.0,5.0,41.67,53.51,5.0,5.0,41.67,53.51,1.0,1.0,8.33,10.7,2.0,2.0,16.67,21.4,1.0,1.0,8.33,10.7,3.0,3.0,25.0,32.11,0.0,0.0,0.0,0.0,0.0,0.0,0.0,0.0,0.0,0.0,0.0,0.0,1.0,1.0,8.33,10.7,3.0,3.0,25.0,32.11,1.0,1.0,8.33,10.7,2.0,2.0,16.67,21.4,1.0,1.0,8.33,10.7,0.0,0.0,0.0,0.0,0.0,0.0,0.0,0.0,0.0,0.0,0.0,0.0,0.0,0.0,0.0,0.0,1.0,1.0,8.33,10.7,16.67,41.67,-25.0,85.61,-3.0,-3.0,-25.0,3.36,3.36,0.2,0.2,0.5,0.0,,0.17,0.0,0.33,0.75,0.57,0.0,0.0,0.0,8.33,0.0
14038,飛米,新北國王,3,10874|13029|14038,熊祥泰/杰倫/飛米,1,11,13.0,202.61,3.38,03:23,202.61,3.38,03:23,2.0,2.0,15.38,21.32,7.0,7.0,53.85,74.63,5.0,5.0,38.46,53.3,1.0,1.0,7.69,10.66,2.0,2.0,15.38,21.32,1.0,1.0,7.69,10.66,3.0,3.0,23.08,31.98,0.0,0.0,0.0,0.0,0.0,0.0,0.0,0.0,0.0,0.0,0.0,0.0,1.0,1.0,7.69,10.66,3.0,3.0,23.08,31.98,1.0,1.0,7.69,10.66,2.0,2.0,15.38,21.32,1.0,1.0,7.69,10.66,0.0,0.0,0.0,0.0,0.0,0.0,0.0,0.0,0.0,0.0,0.0,0.0,0.0,0.0,0.0,0.0,3.0,3.0,23.08,31.98,15.38,53.85,-38.46,92.4,-5.0,-5.0,-38.46,3.38,3.38,0.2,0.2,0.5,0.0,,0.17,0.0,0.33,0.75,0.57,0.0,0.0,0.0,23.08,0.0
14038,飛米,新北國王,4,29|10874|13029|14038,林書緯/熊祥泰/杰倫/飛米,1,11,13.0,202.61,3.38,03:23,202.61,3.38,03:23,2.0,2.0,15.38,21.32,7.0,7.0,53.85,74.63,5.0,5.0,38.46,53.3,1.0,1.0,7.69,10.66,2.0,2.0,15.38,21.32,1.0,1.0,7.69,10.66,3.0,3.0,23.08,31.98,0.0,0.0,0.0,0.0,0.0,0.0,0.0,0.0,0.0,0.0,0.0,0.0,1.0,1.0,7.69,10.66,3.0,3.0,23.08,31.98,1.0,1.0,7.69,10.66,2.0,2.0,15.38,21.32,1.0,1.0,7.69,10.66,0.0,0.0,0.0,0.0,0.0,0.0,0.0,0.0,0.0,0.0,0.0,0.0,0.0,0.0,0.0,0.0,3.0,3.0,23.08,31.98,15.38,53.85,-38.46,92.4,-5.0,-5.0,-38.46,3.38,3.38,0.2,0.2,0.5,0.0,,0.17,0.0,0.33,0.75,0.57,0.0,0.0,0.0,23.08,0.0
14038,飛米,新北國王,4,10872|10874|13029|14038,林彥廷/熊祥泰/杰倫/飛米,1,10,12.0,201.83,3.36,03:22,201.83,3.36,03:22,2.0,2.0,16.67,21.4,5.0,5.0,41.67,53.51,5.0,5.0,41.67,53.51,1.0,1.0,8.33,10.7,2.0,2.0,16.67,21.4,1.0,1.0,8.33,10.7,3.0,3.0,25.0,32.11,0.0,0.0,0.0,0.0,0.0,0.0,0.0,0.0,0.0,0.0,0.0,0.0,1.0,1.0,8.33,10.7,3.0,3.0,25.0,32.11,1.0,1.0,8.33,10.7,2.0,2.0,16.67,21.4,1.0,1.0,8.33,10.7,0.0,0.0,0.0,0.0,0.0,0.0,0.0,0.0,0.0,0.0,0.0,0.0,0.0,0.0,0.0,0.0,1.0,1.0,8.33,10.7,16.67,41.67,-25.0,85.61,-3.0,-3.0,-25.0,3.36,3.36,0.2,0.2,0.5,0.0,,0.17,0.0,0.33,0.75,0.57,0.0,0.0,0.0,8.33,0.0
14038,飛米,新北國王,5,29|10872|10874|13029|14038,林書緯/林彥廷/熊祥泰/杰倫/飛米,1,10,12.0,201.83,3.36,03:22,201.83,3.36,03:22,2.0,2.0,16.67,21.4,5.0,5.0,41.67,53.51,5.0,5.0,41.67,53.51,1.0,1.0,8.33,10.7,2.0,2.0,16.67,21.4,1.0,1.0,8.33,10.7,3.0,3.0,25.0,32.11,0.0,0.0,0.0,0.0,0.0,0.0,0.0,0.0,0.0,0.0,0.0,0.0,1.0,1.0,8.33,10.7,3.0,3.0,25.0,32.11,1.0,1.0,8.33,10.7,2.0,2.0,16.67,21.4,1.0,1.0,8.33,10.7,0.0,0.0,0.0,0.0,0.0,0.0,0.0,0.0,0.0,0.0,0.0,0.0,0.0,0.0,0.0,0.0,1.0,1.0,8.33,10.7,16.67,41.67,-25.0,85.61,-3.0,-3.0,-25.0,3.36,3.36,0.2,0.2,0.5,0.0,,0.17,0.0,0.33,0.75,0.57,0.0,0.0,0.0,8.33,0.0
40,謝亞軒,新北中信特攻,2,40|10879,謝亞軒/簡廷兆,1,37,42.0,556.5,9.28,09:17,556.5,9.28,09:17,17.0,17.0,40.48,65.98,18.0,18.0,42.86,69.86,14.0,14.0,33.33,54.34,5.0,5.0,11.9,19.41,7.0,7.0,16.67,27.17,3.0,3.0,7.14,11.64,7.0,7.0,16.67,27.17,2.0,2.0,4.76,7.76,7.0,7.0,16.67,27.17,7.0,7.0,16.67,27.17,2.0,2.0,4.76,7.76,6.0,6.0,14.29,23.29,2.0,2.0,4.76,7.76,8.0,8.0,19.05,31.05,3.0,3.0,7.14,11.64,4.0,4.0,9.52,15.53,0.0,0.0,0.0,0.0,0.0,0.0,0.0,0.0,3.0,3.0,7.14,11.64,6.0,6.0,14.29,23.29,40.48,42.86,-2.38,108.68,-1.0,-1.0,-2.38,9.28,9.28,0.43,0.5,0.43,0.29,1.0,0.15,0.8,0.2,0.75,0.44,0.0,0.0,0.07,14.29,0.5
40,謝亞軒,新北中信特攻,3,40|10877|10879,謝亞軒/阿巴西/簡廷兆,1,21,24.0,297.73,4.96,04:58,297.73,4.96,04:58,6.0,6.0,25.0,43.53,16.0,16.0,66.67,116.08,9.0,9.0,37.5,65.29,2.0,2.0,8.33,14.51,4.0,4.0,16.67,29.02,1.0,1.0,4.17,7.25,5.0,5.0,20.83,36.27,1.0,1.0,4.17,7.25,3.0,3.0,12.5,21.76,3.0,3.0,12.5,21.76,1.0,1.0,4.17,7.25,5.0,5.0,20.83,36.27,2.0,2.0,8.33,14.51,3.0,3.0,12.5,21.76,1.0,1.0,4.17,7.25,2.0,2.0,8.33,14.51,0.0,0.0,0.0,0.0,0.0,0.0,0.0,0.0,1.0,1.0,4.17,7.25,6.0,6.0,25.0,43.53,25.0,66.67,-41.67,116.08,-10.0,-10.0,-41.67,4.96,4.96,0.28,0.29,0.25,0.2,1.0,0.09,1.0,0.25,0.71,0.55,0.0,0.0,0.04,25.0,0.33
40,謝亞軒,新北中信特攻,3,40|10879|10880,謝亞軒/簡廷兆/內馬,1,25,28.0,379.21,6.32,06:19,379.21,6.32,06:19,13.0,13.0,46.43,74.05,9.0,9.0,32.14,51.26,9.0,9.0,32.14,51.26,4.0,4.0,14.29,22.78,6.0,6.0,21.43,34.18,3.0,3.0,10.71,17.09,3.0,3.0,10.71,17.09,1.0,1.0,3.57,5.7,4.0,4.0,14.29,22.78,4.0,4.0,14.29,22.78,1.0,1.0,3.57,5.7,3.0,3.0,10.71,17.09,1.0,1.0,3.57,5.7,7.0,7.0,25.0,39.87,2.0,2.0,7.14,11.39,3.0,3.0,10.71,17.09,0.0,0.0,0.0,0.0,0.0,0.0,0.0,0.0,3.0,3.0,10.71,17.09,2.0,2.0,7.14,11.39,46.43,32.14,14.29,106.33,4.0,4.0,14.29,6.32,6.32,0.5,0.6,0.5,0.33,1.0,0.16,0.75,0.12,0.75,0.33,0.0,0.0,0.11,7.14,0.44
40,謝亞軒,新北中信特攻,3,40|10879|10881,謝亞軒/簡廷兆/飛克,1,34,39.0,536.2,8.94,08:56,536.2,8.94,08:56,17.0,17.0,43.59,68.48,16.0,16.0,41.03,64.45,12.0,12.0,30.77,48.34,5.0,5.0,12.82,20.14,6.0,6.0,15.38,24.17,3.0,3.0,7.69,12.08,6.0,6.0,15.38,24.17,2.0,2.0,5.13,8.06,7.0,7.0,17.95,28.2,7.0,7.0,17.95,28.2,2.0,2.0,5.13,8.06,5.0,5.0,12.82,20.14,2.0,2.0,5.13,8.06,8.0,8.0,20.51,32.23,3.0,3.0,7.69,12.08,4.0,4.0,10.26,16.11,0.0,0.0,0.0,0.0,0.0,0.0,0.0,0.0,3.0,3.0,7.69,12.08,4.0,4.0,10.26,16.11,43.59,41.03,2.56,104.74,1.0,1.0,2.56,8.94,8.94,0.5,0.56,0.5,0.33,1.0,0.17,0.8,0.2,0.71,0.41,0.0,0.0,0.08,10.26,0.58
40,謝亞軒,新北中信特攻,3,40|10880|10881,謝亞軒/內馬/飛克,1,63,70.0,1026.26,17.1,17:06,1026.26,17.1,17:06,33.0,33.0,47.14,69.46,28.0,28.0,40.0,58.93,22.0,22.0,31.43,46.3,12.0,12.0,17.14,25.26,13.0,13.0,18.57,27.36,8.0,8.0,11.43,16.84,9.0,9.0,12.86,18.94,4.0,4.0,5.71,8.42,7.0,7.0,10.0,14.73,5.0,5.0,7.14,10.52,2.0,2.0,2.86,4.21,10.0,10.0,14.29,21.05,1.0,1.0,1.43,2.1,15.0,15.0,21.43,31.57,8.0,8.0,11.43,16.84,8.0,8.0,11.43,16.84,4.0,4.0,5.71,8.42,1.0,1.0,1.43,2.1,8.0,8.0,11.43,16.84,2.0,2.0,2.86,4.21,47.14,40.0,7.14,98.22,5.0,5.0,7.14,17.1,17.1,0.64,0.66,0.62,0.44,0.71,0.24,0.67,0.12,0.91,0.43,5.71,1.43,0.11,2.86,0.32
40,謝亞軒,新北中信特攻,4,40|10877|10879|10880,謝亞軒/阿巴西/簡廷兆/內馬,1,9,10.0,120.43,2.01,02:00,120.43,2.01,02:00,2.0,2.0,20.0,35.87,7.0,7.0,70.0,125.55,4.0,4.0,40.0,71.74,1.0,1.0,10.0,17.94,3.0,3.0,30.0,53.81,1.0,1.0,10.0,17.94,1.0,1.0,10.0,17.94,0.0,0.0,0.0,0.0,0.0,0.0,0.0,0.0,0.0,0.0,0.0,0.0,0.0,0.0,0.0,0.0,2.0,2.0,20.0,35.87,1.0,1.0,10.0,17.94,2.0,2.0,20.0,35.87,0.0,0.0,0.0,0.0,1.0,1.0,10.0,17.94,0.0,0.0,0.0,0.0,0.0,0.0,0.0,0.0,1.0,1.0,10.0,17.94,2.0,2.0,20.0,35.87,20.0,70.0,-50.0,119.57,-5.0,-5.0,-50.0,2.01,2.01,0.25,0.25,0.33,0.0,,0.0,1.0,0.0,0.67,0.4,0.0,0.0,0.1,20.0,0.0
40,謝亞軒,新北中信特攻,4,40|10877|10879|10881,謝亞軒/阿巴西/簡廷兆/飛克,1,18,21.0,277.43,4.62,04:37,277.43,4.62,04:37,6.0,6.0,28.57,46.71,14.0,14.0,66.67,109.0,7.0,7.0,33.33,54.5,2.0,2.0,9.52,15.57,3.0,3.0,14.29,23.36,1.0,1.0,4.76,7.79,4.0,4.0,19.05,31.14,1.0,1.0,4.76,7.79,3.0,3.0,14.29,23.36,3.0,3.0,14.29,23.36,1.0,1.0,4.76,7.79,4.0,4.0,19.05,31.14,2.0,2.0,9.52,15.57,3.0,3.0,14.29,23.36,1.0,1.0,4.76,7.79,2.0,2.0,9.52,15.57,0.0,0.0,0.0,0.0,0.0,0.0,0.0,0.0,1.0,1.0,4.76,7.79,4.0,4.0,19.05,31.14,28.57,66.67,-38.1,109.0,-8.0,-8.0,-38.1,4.62,4.62,0.36,0.36,0.33,0.25,1.0,0.11,1.0,0.25,0.67,0.5,0.0,0.0,0.05,19.05,0.43
40,謝亞軒,新北中信特攻,4,40|10877|10880|10881,謝亞軒/阿巴西/內馬/飛克,1,45,50.0,741.18,12.35,12:21,741.18,12.35,12:21,22.0,22.0,44.0,64.11,26.0,26.0,52.0,75.77,16.0,16.0,32.0,46.63,9.0,9.0,18.0,26.23,9.0,9.0,18.0,26.23,6.0,6.0,12.0,17.49,7.0,7.0,14.0,20.4,3.0,3.0,6.0,8.74,1.0,1.0,2.0,2.91,0.0,0.0,0.0,0.0,1.0,1.0,2.0,2.91,7.0,7.0,14.0,20.4,1.0,1.0,2.0,2.91,9.0,9.0,18.0,26.23,6.0,6.0,12.0,17.49,6.0,6.0,12.0,17.49,4.0,4.0,8.0,11.66,1.0,1.0,2.0,2.91,6.0,6.0,12.0,17.49,2.0,2.0,4.0,5.83,44.0,52.0,-8.0,97.14,-4.0,-4.0,-8.0,12.35,12.35,0.66,0.67,0.67,0.43,0.0,0.27,0.67,0.1,0.88,0.44,8.0,2.0,0.12,4.0,0.06
40,謝亞軒,新北中信特攻,4,40|10879|10880|10881,謝亞軒/簡廷兆/內馬/飛克,1,22,25.0,358.91,5.98,05:59,358.91,5.98,05:59,13.0,13.0,52.0,78.24,7.0,7.0,28.0,42.13,7.0,7.0,28.0,42.13,4.0,4.0,16.0,24.07,5.0,5.0,20.0,30.09,3.0,3.0,12.0,18.05,2.0,2.0,8.0,12.04,1.0,1.0,4.0,6.02,4.0,4.0,16.0,24.07,4.0,4.0,16.0,24.07,1.0,1.0,4.0,6.02,2.0,2.0,8.0,12.04,1.0,1.0,4.0,6.02,7.0,7.0,28.0,42.13,2.0,2.0,8.0,12.04,3.0,3.0,12.0,18.05,0.0,0.0,0.0,0.0,0.0,0.0,0.0,0.0,3.0,3.0,12.0,18.05,0.0,0.0,0.0,0.0,52.0,28.0,24.0,100.3,6.0,6.0,24.0,5.98,5.98,0.64,0.74,0.6,0.5,1.0,0.19,0.75,0.12,0.67,0.27,0.0,0.0,0.12,0.0,0.57
40,謝亞軒,新北中信特攻,5,40|10877|10879|10880|10881,謝亞軒/阿巴西/簡廷兆/內馬/飛克,1,6,7.0,100.13,1.67,01:40,100.13,1.67,01:40,2.0,2.0,28.57,43.14,5.0,5.0,71.43,107.86,2.0,2.0,28.57,43.14,1.0,1.0,14.29,21.57,2.0,2.0,28.57,43.14,1.0,1.0,14.29,21.57,0.0,0.0,0.0,0.0,0.0,0.0,0.0,0.0,0.0,0.0,0.0,0.0,0.0,0.0,0.0,0.0,0.0,0.0,0.0,0.0,1.0,1.0,14.29,21.57,1.0,1.0,14.29,21.57,2.0,2.0,28.57,43.14,0.0,0.0,0.0,0.0,1.0,1.0,14.29,21.57,0.0,0.0,0.0,0.0,0.0,0.0,0.0,0.0,1.0,1.0,14.29,21.57,0.0,0.0,0.0,0.0,28.57,71.43,-42.86,100.67,-3.0,-3.0,-42.86,1.67,1.67,0.5,0.5,0.5,,,0.0,1.0,0.0,0.5,0.25,0.0,0.0,0.14,0.0,0.0
10877,阿巴西,新北中信特攻,3,40|10877|10879,謝亞軒/阿巴西/簡廷兆,1,21,24.0,297.73,4.96,04:58,297.73,4.96,04:58,6.0,6.0,25.0,43.53,16.0,16.0,66.67,116.08,9.0,9.0,37.5,65.29,2.0,2.0,8.33,14.51,4.0,4.0,16.67,29.02,1.0,1.0,4.17,7.25,5.0,5.0,20.83,36.27,1.0,1.0,4.17,7.25,3.0,3.0,12.5,21.76,3.0,3.0,12.5,21.76,1.0,1.0,4.17,7.25,5.0,5.0,20.83,36.27,2.0,2.0,8.33,14.51,3.0,3.0,12.5,21.76,1.0,1.0,4.17,7.25,2.0,2.0,8.33,14.51,0.0,0.0,0.0,0.0,0.0,0.0,0.0,0.0,1.0,1.0,4.17,7.25,6.0,6.0,25.0,43.53,25.0,66.67,-41.67,116.08,-10.0,-10.0,-41.67,4.96,4.96,0.28,0.29,0.25,0.2,1.0,0.09,1.0,0.25,0.71,0.55,0.0,0.0,0.04,25.0,0.33
10877,阿巴西,新北中信特攻,4,40|10877|10879|10880,謝亞軒/阿巴西/簡廷兆/內馬,1,9,10.0,120.43,2.01,02:00,120.43,2.01,02:00,2.0,2.0,20.0,35.87,7.0,7.0,70.0,125.55,4.0,4.0,40.0,71.74,1.0,1.0,10.0,17.94,3.0,3.0,30.0,53.81,1.0,1.0,10.0,17.94,1.0,1.0,10.0,17.94,0.0,0.0,0.0,0.0,0.0,0.0,0.0,0.0,0.0,0.0,0.0,0.0,0.0,0.0,0.0,0.0,2.0,2.0,20.0,35.87,1.0,1.0,10.0,17.94,2.0,2.0,20.0,35.87,0.0,0.0,0.0,0.0,1.0,1.0,10.0,17.94,0.0,0.0,0.0,0.0,0.0,0.0,0.0,0.0,1.0,1.0,10.0,17.94,2.0,2.0,20.0,35.87,20.0,70.0,-50.0,119.57,-5.0,-5.0,-50.0,2.01,2.01,0.25,0.25,0.33,0.0,,0.0,1.0,0.0,0.67,0.4,0.0,0.0,0.1,20.0,0.0
10877,阿巴西,新北中信特攻,4,40|10877|10879|10881,謝亞軒/阿巴西/簡廷兆/飛克,1,18,21.0,277.43,4.62,04:37,277.43,4.62,04:37,6.0,6.0,28.57,46.71,14.0,14.0,66.67,109.0,7.0,7.0,33.33,54.5,2.0,2.0,9.52,15.57,3.0,3.0,14.29,23.36,1.0,1.0,4.76,7.79,4.0,4.0,19.05,31.14,1.0,1.0,4.76,7.79,3.0,3.0,14.29,23.36,3.0,3.0,14.29,23.36,1.0,1.0,4.76,7.79,4.0,4.0,19.05,31.14,2.0,2.0,9.52,15.57,3.0,3.0,14.29,23.36,1.0,1.0,4.76,7.79,2.0,2.0,9.52,15.57,0.0,0.0,0.0,0.0,0.0,0.0,0.0,0.0,1.0,1.0,4.76,7.79,4.0,4.0,19.05,31.14,28.57,66.67,-38.1,109.0,-8.0,-8.0,-38.1,4.62,4.62,0.36,0.36,0.33,0.25,1.0,0.11,1.0,0.25,0.67,0.5,0.0,0.0,0.05,19.05,0.43
10877,阿巴西,新北中信特攻,4,40|10877|10880|10881,謝亞軒/阿巴西/內馬/飛克,1,45,50.0,741.18,12.35,12:21,741.18,12.35,12:21,22.0,22.0,44.0,64.11,26.0,26.0,52.0,75.77,16.0,16.0,32.0,46.63,9.0,9.0,18.0,26.23,9.0,9.0,18.0,26.23,6.0,6.0,12.0,17.49,7.0,7.0,14.0,20.4,3.0,3.0,6.0,8.74,1.0,1.0,2.0,2.91,0.0,0.0,0.0,0.0,1.0,1.0,2.0,2.91,7.0,7.0,14.0,20.4,1.0,1.0,2.0,2.91,9.0,9.0,18.0,26.23,6.0,6.0,12.0,17.49,6.0,6.0,12.0,17.49,4.0,4.0,8.0,11.66,1.0,1.0,2.0,2.91,6.0,6.0,12.0,17.49,2.0,2.0,4.0,5.83,44.0,52.0,-8.0,97.14,-4.0,-4.0,-8.0,12.35,12.35,0.66,0.67,0.67,0.43,0.0,0.27,0.67,0.1,0.88,0.44,8.0,2.0,0.12,4.0,0.06
10877,阿巴西,新北中信特攻,5,40|10877|10879|10880|10881,謝亞軒/阿巴西/簡廷兆/內馬/飛克,1,6,7.0,100.13,1.67,01:40,100.13,1.67,01:40,2.0,2.0,28.57,43.14,5.0,5.0,71.43,107.86,2.0,2.0,28.57,43.14,1.0,1.0,14.29,21.57,2.0,2.0,28.57,43.14,1.0,1.0,14.29,21.57,0.0,0.0,0.0,0.0,0.0,0.0,0.0,0.0,0.0,0.0,0.0,0.0,0.0,0.0,0.0,0.0,0.0,0.0,0.0,0.0,1.0,1.0,14.29,21.57,1.0,1.0,14.29,21.57,2.0,2.0,28.57,43.14,0.0,0.0,0.0,0.0,1.0,1.0,14.29,21.57,0.0,0.0,0.0,0.0,0.0,0.0,0.0,0.0,1.0,1.0,14.29,21.57,0.0,0.0,0.0,0.0,28.57,71.43,-42.86,100.67,-3.0,-3.0,-42.86,1.67,1.67,0.5,0.5,0.5,,,0.0,1.0,0.0,0.5,0.25,0.0,0.0,0.14,0.0,0.0
10879,簡廷兆,新北中信特攻,2,40|10879,謝亞軒/簡廷兆,1,37,42.0,556.5,9.28,09:17,556.5,9.28,09:17,17.0,17.0,40.48,65.98,18.0,18.0,42.86,69.86,14.0,14.0,33.33,54.34,5.0,5.0,11.9,19.41,7.0,7.0,16.67,27.17,3.0,3.0,7.14,11.64,7.0,7.0,16.67,27.17,2.0,2.0,4.76,7.76,7.0,7.0,16.67,27.17,7.0,7.0,16.67,27.17,2.0,2.0,4.76,7.76,6.0,6.0,14.29,23.29,2.0,2.0,4.76,7.76,8.0,8.0,19.05,31.05,3.0,3.0,7.14,11.64,4.0,4.0,9.52,15.53,0.0,0.0,0.0,0.0,0.0,0.0,0.0,0.0,3.0,3.0,7.14,11.64,6.0,6.0,14.29,23.29,40.48,42.86,-2.38,108.68,-1.0,-1.0,-2.38,9.28,9.28,0.43,0.5,0.43,0.29,1.0,0.15,0.8,0.2,0.75,0.44,0.0,0.0,0.07,14.29,0.5
10879,簡廷兆,新北中信特攻,3,40|10877|10879,謝亞軒/阿巴西/簡廷兆,1,21,24.0,297.73,4.96,04:58,297.73,4.96,04:58,6.0,6.0,25.0,43.53,16.0,16.0,66.67,116.08,9.0,9.0,37.5,65.29,2.0,2.0,8.33,14.51,4.0,4.0,16.67,29.02,1.0,1.0,4.17,7.25,5.0,5.0,20.83,36.27,1.0,1.0,4.17,7.25,3.0,3.0,12.5,21.76,3.0,3.0,12.5,21.76,1.0,1.0,4.17,7.25,5.0,5.0,20.83,36.27,2.0,2.0,8.33,14.51,3.0,3.0,12.5,21.76,1.0,1.0,4.17,7.25,2.0,2.0,8.33,14.51,0.0,0.0,0.0,0.0,0.0,0.0,0.0,0.0,1.0,1.0,4.17,7.25,6.0,6.0,25.0,43.53,25.0,66.67,-41.67,116.08,-10.0,-10.0,-41.67,4.96,4.96,0.28,0.29,0.25,0.2,1.0,0.09,1.0,0.25,0.71,0.55,0.0,0.0,0.04,25.0,0.33
10879,簡廷兆,新北中信特攻,3,40|10879|10880,謝亞軒/簡廷兆/內馬,1,25,28.0,379.21,6.32,06:19,379.21,6.32,06:19,13.0,13.0,46.43,74.05,9.0,9.0,32.14,51.26,9.0,9.0,32.14,51.26,4.0,4.0,14.29,22.78,6.0,6.0,21.43,34.18,3.0,3.0,10.71,17.09,3.0,3.0,10.71,17.09,1.0,1.0,3.57,5.7,4.0,4.0,14.29,22.78,4.0,4.0,14.29,22.78,1.0,1.0,3.57,5.7,3.0,3.0,10.71,17.09,1.0,1.0,3.57,5.7,7.0,7.0,25.0,39.87,2.0,2.0,7.14,11.39,3.0,3.0,10.71,17.09,0.0,0.0,0.0,0.0,0.0,0.0,0.0,0.0,3.0,3.0,10.71,17.09,2.0,2.0,7.14,11.39,46.43,32.14,14.29,106.33,4.0,4.0,14.29,6.32,6.32,0.5,0.6,0.5,0.33,1.0,0.16,0.75,0.12,0.75,0.33,0.0,0.0,0.11,7.14,0.44
10879,簡廷兆,新北中信特攻,3,40|10879|10881,謝亞軒/簡廷兆/飛克,1,34,39.0,536.2,8.94,08:56,536.2,8.94,08:56,17.0,17.0,43.59,68.48,16.0,16.0,41.03,64.45,12.0,12.0,30.77,48.34,5.0,5.0,12.82,20.14,6.0,6.0,15.38,24.17,3.0,3.0,7.69,12.08,6.0,6.0,15.38,24.17,2.0,2.0,5.13,8.06,7.0,7.0,17.95,28.2,7.0,7.0,17.95,28.2,2.0,2.0,5.13,8.06,5.0,5.0,12.82,20.14,2.0,2.0,5.13,8.06,8.0,8.0,20.51,32.23,3.0,3.0,7.69,12.08,4.0,4.0,10.26,16.11,0.0,0.0,0.0,0.0,0.0,0.0,0.0,0.0,3.0,3.0,7.69,12.08,4.0,4.0,10.26,16.11,43.59,41.03,2.56,104.74,1.0,1.0,2.56,8.94,8.94,0.5,0.56,0.5,0.33,1.0,0.17,0.8,0.2,0.71,0.41,0.0,0.0,0.08,10.26,0.58
10879,簡廷兆,新北中信特攻,4,40|10877|10879|10880,謝亞軒/阿巴西/簡廷兆/內馬,1,9,10.0,120.43,2.01,02:00,120.43,2.01,02:00,2.0,2.0,20.0,35.87,7.0,7.0,70.0,125.55,4.0,4.0,40.0,71.74,1.0,1.0,10.0,17.94,3.0,3.0,30.0,53.81,1.0,1.0,10.0,17.94,1.0,1.0,10.0,17.94,0.0,0.0,0.0,0.0,0.0,0.0,0.0,0.0,0.0,0.0,0.0,0.0,0.0,0.0,0.0,0.0,2.0,2.0,20.0,35.87,1.0,1.0,10.0,17.94,2.0,2.0,20.0,35.87,0.0,0.0,0.0,0.0,1.0,1.0,10.0,17.94,0.0,0.0,0.0,0.0,0.0,0.0,0.0,0.0,1.0,1.0,10.0,17.94,2.0,2.0,20.0,35.87,20.0,70.0,-50.0,119.57,-5.0,-5.0,-50.0,2.01,2.01,0.25,0.25,0.33,0.0,,0.0,1.0,0.0,0.67,0.4,0.0,0.0,0.1,20.0,0.0
10879,簡廷兆,新北中信特攻,4,40|10877|10879|10881,謝亞軒/阿巴西/簡廷兆/飛克,1,18,21.0,277.43,4.62,04:37,277.43,4.62,04:37,6.0,6.0,28.57,46.71,14.0,14.0,66.67,109.0,7.0,7.0,33.33,54.5,2.0,2.0,9.52,15.57,3.0,3.0,14.29,23.36,1.0,1.0,4.76,7.79,4.0,4.0,19.05,31.14,1.0,1.0,4.76,7.79,3.0,3.0,14.29,23.36,3.0,3.0,14.29,23.36,1.0,1.0,4.76,7.79,4.0,4.0,19.05,31.14,2.0,2.0,9.52,15.57,3.0,3.0,14.29,23.36,1.0,1.0,4.76,7.79,2.0,2.0,9.52,15.57,0.0,0.0,0.0,0.0,0.0,0.0,0.0,0.0,1.0,1.0,4.76,7.79,4.0,4.0,19.05,31.14,28.57,66.67,-38.1,109.0,-8.0,-8.0,-38.1,4.62,4.62,0.36,0.36,0.33,0.25,1.0,0.11,1.0,0.25,0.67,0.5,0.0,0.0,0.05,19.05,0.43
10879,簡廷兆,新北中信特攻,4,40|10879|10880|10881,謝亞軒/簡廷兆/內馬/飛克,1,22,25.0,358.91,5.98,05:59,358.91,5.98,05:59,13.0,13.0,52.0,78.24,7.0,7.0,28.0,42.13,7.0,7.0,28.0,42.13,4.0,4.0,16.0,24.07,5.0,5.0,20.0,30.09,3.0,3.0,12.0,18.05,2.0,2.0,8.0,12.04,1.0,1.0,4.0,6.02,4.0,4.0,16.0,24.07,4.0,4.0,16.0,24.07,1.0,1.0,4.0,6.02,2.0,2.0,8.0,12.04,1.0,1.0,4.0,6.02,7.0,7.0,28.0,42.13,2.0,2.0,8.0,12.04,3.0,3.0,12.0,18.05,0.0,0.0,0.0,0.0,0.0,0.0,0.0,0.0,3.0,3.0,12.0,18.05,0.0,0.0,0.0,0.0,52.0,28.0,24.0,100.3,6.0,6.0,24.0,5.98,5.98,0.64,0.74,0.6,0.5,1.0,0.19,0.75,0.12,0.67,0.27,0.0,0.0,0.12,0.0,0.57
10879,簡廷兆,新北中信特攻,5,40|10877|10879|10880|10881,謝亞軒/阿巴西/簡廷兆/內馬/飛克,1,6,7.0,100.13,1.67,01:40,100.13,1.67,01:40,2.0,2.0,28.57,43.14,5.0,5.0,71.43,107.86,2.0,2.0,28.57,43.14,1.0,1.0,14.29,21.57,2.0,2.0,28.57,43.14,1.0,1.0,14.29,21.57,0.0,0.0,0.0,0.0,0.0,0.0,0.0,0.0,0.0,0.0,0.0,0.0,0.0,0.0,0.0,0.0,0.0,0.0,0.0,0.0,1.0,1.0,14.29,21.57,1.0,1.0,14.29,21.57,2.0,2.0,28.57,43.14,0.0,0.0,0.0,0.0,1.0,1.0,14.29,21.57,0.0,0.0,0.0,0.0,0.0,0.0,0.0,0.0,1.0,1.0,14.29,21.57,0.0,0.0,0.0,0.0,28.57,71.43,-42.86,100.67,-3.0,-3.0,-42.86,1.67,1.67,0.5,0.5,0.5,,,0.0,1.0,0.0,0.5,0.25,0.0,0.0,0.14,0.0,0.0
10880,內馬,新北中信特攻,3,40|10879|10880,謝亞軒/簡廷兆/內馬,1,25,28.0,379.21,6.32,06:19,379.21,6.32,06:19,13.0,13.0,46.43,74.05,9.0,9.0,32.14,51.26,9.0,9.0,32.14,51.26,4.0,4.0,14.29,22.78,6.0,6.0,21.43,34.18,3.0,3.0,10.71,17.09,3.0,3.0,10.71,17.09,1.0,1.0,3.57,5.7,4.0,4.0,14.29,22.78,4.0,4.0,14.29,22.78,1.0,1.0,3.57,5.7,3.0,3.0,10.71,17.09,1.0,1.0,3.57,5.7,7.0,7.0,25.0,39.87,2.0,2.0,7.14,11.39,3.0,3.0,10.71,17.09,0.0,0.0,0.0,0.0,0.0,0.0,0.0,0.0,3.0,3.0,10.71,17.09,2.0,2.0,7.14,11.39,46.43,32.14,14.29,106.33,4.0,4.0,14.29,6.32,6.32,0.5,0.6,0.5,0.33,1.0,0.16,0.75,0.12,0.75,0.33,0.0,0.0,0.11,7.14,0.44
10880,內馬,新北中信特攻,3,40|10880|10881,謝亞軒/內馬/飛克,1,63,70.0,1026.26,17.1,17:06,1026.26,17.1,17:06,33.0,33.0,47.14,69.46,28.0,28.0,40.0,58.93,22.0,22.0,31.43,46.3,12.0,12.0,17.14,25.26,13.0,13.0,18.57,27.36,8.0,8.0,11.43,16.84,9.0,9.0,12.86,18.94,4.0,4.0,5.71,8.42,7.0,7.0,10.0,14.73,5.0,5.0,7.14,10.52,2.0,2.0,2.86,4.21,10.0,10.0,14.29,21.05,1.0,1.0,1.43,2.1,15.0,15.0,21.43,31.57,8.0,8.0,11.43,16.84,8.0,8.0,11.43,16.84,4.0,4.0,5.71,8.42,1.0,1.0,1.43,2.1,8.0,8.0,11.43,16.84,2.0,2.0,2.86,4.21,47.14,40.0,7.14,98.22,5.0,5.0,7.14,17.1,17.1,0.64,0.66,0.62,0.44,0.71,0.24,0.67,0.12,0.91,0.43,5.71,1.43,0.11,2.86,0.32
10880,內馬,新北中信特攻,4,40|10877|10879|10880,謝亞軒/阿巴西/簡廷兆/內馬,1,9,10.0,120.43,2.01,02:00,120.43,2.01,02:00,2.0,2.0,20.0,35.87,7.0,7.0,70.0,125.55,4.0,4.0,40.0,71.74,1.0,1.0,10.0,17.94,3.0,3.0,30.0,53.81,1.0,1.0,10.0,17.94,1.0,1.0,10.0,17.94,0.0,0.0,0.0,0.0,0.0,0.0,0.0,0.0,0.0,0.0,0.0,0.0,0.0,0.0,0.0,0.0,2.0,2.0,20.0,35.87,1.0,1.0,10.0,17.94,2.0,2.0,20.0,35.87,0.0,0.0,0.0,0.0,1.0,1.0,10.0,17.94,0.0,0.0,0.0,0.0,0.0,0.0,0.0,0.0,1.0,1.0,10.0,17.94,2.0,2.0,20.0,35.87,20.0,70.0,-50.0,119.57,-5.0,-5.0,-50.0,2.01,2.01,0.25,0.25,0.33,0.0,,0.0,1.0,0.0,0.67,0.4,0.0,0.0,0.1,20.0,0.0
10880,內馬,新北中信特攻,4,40|10877|10880|10881,謝亞軒/阿巴西/內馬/飛克,1,45,50.0,741.18,12.35,12:21,741.18,12.35,12:21,22.0,22.0,44.0,64.11,26.0,26.0,52.0,75.77,16.0,16.0,32.0,46.63,9.0,9.0,18.0,26.23,9.0,9.0,18.0,26.23,6.0,6.0,12.0,17.49,7.0,7.0,14.0,20.4,3.0,3.0,6.0,8.74,1.0,1.0,2.0,2.91,0.0,0.0,0.0,0.0,1.0,1.0,2.0,2.91,7.0,7.0,14.0,20.4,1.0,1.0,2.0,2.91,9.0,9.0,18.0,26.23,6.0,6.0,12.0,17.49,6.0,6.0,12.0,17.49,4.0,4.0,8.0,11.66,1.0,1.0,2.0,2.91,6.0,6.0,12.0,17.49,2.0,2.0,4.0,5.83,44.0,52.0,-8.0,97.14,-4.0,-4.0,-8.0,12.35,12.35,0.66,0.67,0.67,0.43,0.0,0.27,0.67,0.1,0.88,0.44,8.0,2.0,0.12,4.0,0.06
10880,內馬,新北中信特攻,4,40|10879|10880|10881,謝亞軒/簡廷兆/內馬/飛克,1,22,25.0,358.91,5.98,05:59,358.91,5.98,05:59,13.0,13.0,52.0,78.24,7.0,7.0,28.0,42.13,7.0,7.0,28.0,42.13,4.0,4.0,16.0,24.07,5.0,5.0,20.0,30.09,3.0,3.0,12.0,18.05,2.0,2.0,8.0,12.04,1.0,1.0,4.0,6.02,4.0,4.0,16.0,24.07,4.0,4.0,16.0,24.07,1.0,1.0,4.0,6.02,2.0,2.0,8.0,12.04,1.0,1.0,4.0,6.02,7.0,7.0,28.0,42.13,2.0,2.0,8.0,12.04,3.0,3.0,12.0,18.05,0.0,0.0,0.0,0.0,0.0,0.0,0.0,0.0,3.0,3.0,12.0,18.05,0.0,0.0,0.0,0.0,52.0,28.0,24.0,100.3,6.0,6.0,24.0,5.98,5.98,0.64,0.74,0.6,0.5,1.0,0.19,0.75,0.12,0.67,0.27,0.0,0.0,0.12,0.0,0.57
10880,內馬,新北中信特攻,5,40|10877|10879|10880|10881,謝亞軒/阿巴西/簡廷兆/內馬/飛克,1,6,7.0,100.13,1.67,01:40,100.13,1.67,01:40,2.0,2.0,28.57,43.14,5.0,5.0,71.43,107.86,2.0,2.0,28.57,43.14,1.0,1.0,14.29,21.57,2.0,2.0,28.57,43.14,1.0,1.0,14.29,21.57,0.0,0.0,0.0,0.0,0.0,0.0,0.0,0.0,0.0,0.0,0.0,0.0,0.0,0.0,0.0,0.0,0.0,0.0,0.0,0.0,1.0,1.0,14.29,21.57,1.0,1.0,14.29,21.57,2.0,2.0,28.57,43.14,0.0,0.0,0.0,0.0,1.0,1.0,14.29,21.57,0.0,0.0,0.0,0.0,0.0,0.0,0.0,0.0,1.0,1.0,14.29,21.57,0.0,0.0,0.0,0.0,28.57,71.43,-42.86,100.67,-3.0,-3.0,-42.86,1.67,1.67,0.5,0.5,0.5,,,0.0,1.0,0.0,0.5,0.25,0.0,0.0,0.14,0.0,0.0
10881,飛克,新北中信特攻,3,40|10879|10881,謝亞軒/簡廷兆/飛克,1,34,39.0,536.2,8.94,08:56,536.2,8.94,08:56,17.0,17.0,43.59,68.48,16.0,16.0,41.03,64.45,12.0,12.0,30.77,48.34,5.0,5.0,12.82,20.14,6.0,6.0,15.38,24.17,3.0,3.0,7.69,12.08,6.0,6.0,15.38,24.17,2.0,2.0,5.13,8.06,7.0,7.0,17.95,28.2,7.0,7.0,17.95,28.2,2.0,2.0,5.13,8.06,5.0,5.0,12.82,20.14,2.0,2.0,5.13,8.06,8.0,8.0,20.51,32.23,3.0,3.0,7.69,12.08,4.0,4.0,10.26,16.11,0.0,0.0,0.0,0.0,0.0,0.0,0.0,0.0,3.0,3.0,7.69,12.08,4.0,4.0,10.26,16.11,43.59,41.03,2.56,104.74,1.0,1.0,2.56,8.94,8.94,0.5,0.56,0.5,0.33,1.0,0.17,0.8,0.2,0.71,0.41,0.0,0.0,0.08,10.26,0.58
10881,飛克,新北中信特攻,3,40|10880|10881,謝亞軒/內馬/飛克,1,63,70.0,1026.26,17.1,17:06,1026.26,17.1,17:06,33.0,33.0,47.14,69.46,28.0,28.0,40.0,58.93,22.0,22.0,31.43,46.3,12.0,12.0,17.14,25.26,13.0,13.0,18.57,27.36,8.0,8.0,11.43,16.84,9.0,9.0,12.86,18.94,4.0,4.0,5.71,8.42,7.0,7.0,10.0,14.73,5.0,5.0,7.14,10.52,2.0,2.0,2.86,4.21,10.0,10.0,14.29,21.05,1.0,1.0,1.43,2.1,15.0,15.0,21.43,31.57,8.0,8.0,11.43,16.84,8.0,8.0,11.43,16.84,4.0,4.0,5.71,8.42,1.0,1.0,1.43,2.1,8.0,8.0,11.43,16.84,2.0,2.0,2.86,4.21,47.14,40.0,7.14,98.22,5.0,5.0,7.14,17.1,17.1,0.64,0.66,0.62,0.44,0.71,0.24,0.67,0.12,0.91,0.43,5.71,1.43,0.11,2.86,0.32
10881,飛克,新北中信特攻,4,40|10877|10879|10881,謝亞軒/阿巴西/簡廷兆/飛克,1,18,21.0,277.43,4.62,04:37,277.43,4.62,04:37,6.0,6.0,28.57,46.71,14.0,14.0,66.67,109.0,7.0,7.0,33.33,54.5,2.0,2.0,9.52,15.57,3.0,3.0,14.29,23.36,1.0,1.0,4.76,7.79,4.0,4.0,19.05,31.14,1.0,1.0,4.76,7.79,3.0,3.0,14.29,23.36,3.0,3.0,14.29,23.36,1.0,1.0,4.76,7.79,4.0,4.0,19.05,31.14,2.0,2.0,9.52,15.57,3.0,3.0,14.29,23.36,1.0,1.0,4.76,7.79,2.0,2.0,9.52,15.57,0.0,0.0,0.0,0.0,0.0,0.0,0.0,0.0,1.0,1.0,4.76,7.79,4.0,4.0,19.05,31.14,28.57,66.67,-38.1,109.0,-8.0,-8.0,-38.1,4.62,4.62,0.36,0.36,0.33,0.25,1.0,0.11,1.0,0.25,0.67,0.5,0.0,0.0,0.05,19.05,0.43
10881,飛克,新北中信特攻,4,40|10877|10880|10881,謝亞軒/阿巴西/內馬/飛克,1,45,50.0,741.18,12.35,12:21,741.18,12.35,12:21,22.0,22.0,44.0,64.11,26.0,26.0,52.0,75.77,16.0,16.0,32.0,46.63,9.0,9.0,18.0,26.23,9.0,9.0,18.0,26.23,6.0,6.0,12.0,17.49,7.0,7.0,14.0,20.4,3.0,3.0,6.0,8.74,1.0,1.0,2.0,2.91,0.0,0.0,0.0,0.0,1.0,1.0,2.0,2.91,7.0,7.0,14.0,20.4,1.0,1.0,2.0,2.91,9.0,9.0,18.0,26.23,6.0,6.0,12.0,17.49,6.0,6.0,12.0,17.49,4.0,4.0,8.0,11.66,1.0,1.0,2.0,2.91,6.0,6.0,12.0,17.49,2.0,2.0,4.0,5.83,44.0,52.0,-8.0,97.14,-4.0,-4.0,-8.0,12.35,12.35,0.66,0.67,0.67,0.43,0.0,0.27,0.67,0.1,0.88,0.44,8.0,2.0,0.12,4.0,0.06
10881,飛克,新北中信特攻,4,40|10879|10880|10881,謝亞軒/簡廷兆/內馬/飛克,1,22,25.0,358.91,5.98,05:59,358.91,5.98,05:59,13.0,13.0,52.0,78.24,7.0,7.0,28.0,42.13,7.0,7.0,28.0,42.13,4.0,4.0,16.0,24.07,5.0,5.0,20.0,30.09,3.0,3.0,12.0,18.05,2.0,2.0,8.0,12.04,1.0,1.0,4.0,6.02,4.0,4.0,16.0,24.07,4.0,4.0,16.0,24.07,1.0,1.0,4.0,6.02,2.0,2.0,8.0,12.04,1.0,1.0,4.0,6.02,7.0,7.0,28.0,42.13,2.0,2.0,8.0,12.04,3.0,3.0,12.0,18.05,0.0,0.0,0.0,0.0,0.0,0.0,0.0,0.0,3.0,3.0,12.0,18.05,0.0,0.0,0.0,0.0,52.0,28.0,24.0,100.3,6.0,6.0,24.0,5.98,5.98,0.64,0.74,0.6,0.5,1.0,0.19,0.75,0.12,0.67,0.27,0.0,0.0,0.12,0.0,0.57
10881,飛克,新北中信特攻,5,40|10877|10879|10880|10881,謝亞軒/阿巴西/簡廷兆/內馬/飛克,1,6,7.0,100.13,1.67,01:40,100.13,1.67,01:40,2.0,2.0,28.57,43.14,5.0,5.0,71.43,107.86,2.0,2.0,28.57,43.14,1.0,1.0,14.29,21.57,2.0,2.0,28.57,43.14,1.0,1.0,14.29,21.57,0.0,0.0,0.0,0.0,0.0,0.0,0.0,0.0,0.0,0.0,0.0,0.0,0.0,0.0,0.0,0.0,0.0,0.0,0.0,0.0,1.0,1.0,14.29,21.57,1.0,1.0,14.29,21.57,2.0,2.0,28.57,43.14,0.0,0.0,0.0,0.0,1.0,1.0,14.29,21.57,0.0,0.0,0.0,0.0,0.0,0.0,0.0,0.0,1.0,1.0,14.29,21.57,0.0,0.0,0.0,0.0,28.57,71.43,-42.86,100.67,-3.0,-3.0,-42.86,1.67,1.67,0.5,0.5,0.5,,,0.0,1.0,0.0,0.5,0.25,0.0,0.0,0.14,0.0,0.0
40,謝亞軒,新北中信特攻,3,40|113|10879,謝亞軒/林任鴻/簡廷兆,1,14,15.0,256.92,4.28,04:17,256.92,4.28,04:17,11.0,11.0,73.33,92.48,2.0,2.0,13.33,16.81,4.0,4.0,26.67,33.63,3.0,3.0,20.0,25.22,2.0,2.0,13.33,16.81,2.0,2.0,13.33,16.81,2.0,2.0,13.33,16.81,1.0,1.0,6.67,8.41,6.0,6.0,40.0,50.44,6.0,6.0,40.0,50.44,1.0,1.0,6.67,8.41,0.0,0.0,0.0,0.0,0.0,0.0,0.0,0.0,4.0,4.0,26.67,33.63,2.0,2.0,13.33,16.81,2.0,2.0,13.33,16.81,0.0,0.0,0.0,0.0,0.0,0.0,0.0,0.0,2.0,2.0,13.33,16.81,0.0,0.0,0.0,0.0,73.33,13.33,60.0,84.07,9.0,9.0,60.0,4.28,4.28,0.88,0.83,1.0,0.5,1.0,0.23,0.67,0.2,,0.2,0.0,0.0,0.13,0.0,1.5
40,謝亞軒,新北中信特攻,3,40|113|10880,謝亞軒/林任鴻/內馬,1,12,13.0,230.76,3.85,03:51,230.76,3.85,03:51,11.0,11.0,84.62,102.96,2.0,2.0,15.38,18.72,5.0,5.0,38.46,46.8,4.0,4.0,30.77,37.44,3.0,3.0,23.08,28.08,3.0,3.0,23.08,28.08,2.0,2.0,15.38,18.72,1.0,1.0,7.69,9.36,4.0,4.0,30.77,37.44,4.0,4.0,30.77,37.44,1.0,1.0,7.69,9.36,0.0,0.0,0.0,0.0,0.0,0.0,0.0,0.0,4.0,4.0,30.77,37.44,1.0,1.0,7.69,9.36,2.0,2.0,15.38,18.72,0.0,0.0,0.0,0.0,0.0,0.0,0.0,0.0,2.0,2.0,15.38,18.72,0.0,0.0,0.0,0.0,84.62,15.38,69.23,81.12,9.0,9.0,69.23,3.85,3.85,0.9,0.81,1.0,0.5,1.0,0.13,0.5,0.2,,0.2,0.0,0.0,0.15,0.0,0.8
40,謝亞軒,新北中信特攻,4,40|113|10879|10880,謝亞軒/林任鴻/簡廷兆/內馬,1,12,13.0,209.77,3.5,03:30,209.77,3.5,03:30,11.0,11.0,84.62,113.26,2.0,2.0,15.38,20.59,4.0,4.0,30.77,41.19,3.0,3.0,23.08,30.89,2.0,2.0,15.38,20.59,2.0,2.0,15.38,20.59,2.0,2.0,15.38,20.59,1.0,1.0,7.69,10.3,4.0,4.0,30.77,41.19,4.0,4.0,30.77,41.19,1.0,1.0,7.69,10.3,0.0,0.0,0.0,0.0,0.0,0.0,0.0,0.0,4.0,4.0,30.77,41.19,1.0,1.0,7.69,10.3,2.0,2.0,15.38,20.59,0.0,0.0,0.0,0.0,0.0,0.0,0.0,0.0,2.0,2.0,15.38,20.59,0.0,0.0,0.0,0.0,84.62,15.38,69.23,89.24,9.0,9.0,69.23,3.5,3.5,0.88,0.95,1.0,0.5,1.0,0.15,0.67,0.2,,0.2,0.0,0.0,0.15,0.0,1.0
40,謝亞軒,新北中信特攻,4,40|113|10879|10881,謝亞軒/林任鴻/簡廷兆/飛克,1,14,15.0,256.92,4.28,04:17,256.92,4.28,04:17,11.0,11.0,73.33,92.48,2.0,2.0,13.33,16.81,4.0,4.0,26.67,33.63,3.0,3.0,20.0,25.22,2.0,2.0,13.33,16.81,2.0,2.0,13.33,16.81,2.0,2.0,13.33,16.81,1.0,1.0,6.67,8.41,6.0,6.0,40.0,50.44,6.0,6.0,40.0,50.44,1.0,1.0,6.67,8.41,0.0,0.0,0.0,0.0,0.0,0.0,0.0,0.0,4.0,4.0,26.67,33.63,2.0,2.0,13.33,16.81,2.0,2.0,13.33,16.81,0.0,0.0,0.0,0.0,0.0,0.0,0.0,0.0,2.0,2.0,13.33,16.81,0.0,0.0,0.0,0.0,73.33,13.33,60.0,84.07,9.0,9.0,60.0,4.28,4.28,0.88,0.83,1.0,0.5,1.0,0.23,0.67,0.2,,0.2,0.0,0.0,0.13,0.0,1.5
40,謝亞軒,新北中信特攻,4,40|113|10880|10881,謝亞軒/林任鴻/內馬/飛克,1,12,13.0,209.77,3.5,03:30,209.77,3.5,03:30,11.0,11.0,84.62,113.26,2.0,2.0,15.38,20.59,4.0,4.0,30.77,41.19,3.0,3.0,23.08,30.89,2.0,2.0,15.38,20.59,2.0,2.0,15.38,20.59,2.0,2.0,15.38,20.59,1.0,1.0,7.69,10.3,4.0,4.0,30.77,41.19,4.0,4.0,30.77,41.19,1.0,1.0,7.69,10.3,0.0,0.0,0.0,0.0,0.0,0.0,0.0,0.0,4.0,4.0,30.77,41.19,1.0,1.0,7.69,10.3,2.0,2.0,15.38,20.59,0.0,0.0,0.0,0.0,0.0,0.0,0.0,0.0,2.0,2.0,15.38,20.59,0.0,0.0,0.0,0.0,84.62,15.38,69.23,89.24,9.0,9.0,69.23,3.5,3.5,0.88,0.95,1.0,0.5,1.0,0.15,0.67,0.2,,0.2,0.0,0.0,0.15,0.0,1.0
40,謝亞軒,新北中信特攻,5,40|113|10879|10880|10881,謝亞軒/林任鴻/簡廷兆/內馬/飛克,1,12,13.0,209.77,3.5,03:30,209.77,3.5,03:30,11.0,11.0,84.62,113.26,2.0,2.0,15.38,20.59,4.0,4.0,30.77,41.19,3.0,3.0,23.08,30.89,2.0,2.0,15.38,20.59,2.0,2.0,15.38,20.59,2.0,2.0,15.38,20.59,1.0,1.0,7.69,10.3,4.0,4.0,30.77,41.19,4.0,4.0,30.77,41.19,1.0,1.0,7.69,10.3,0.0,0.0,0.0,0.0,0.0,0.0,0.0,0.0,4.0,4.0,30.77,41.19,1.0,1.0,7.69,10.3,2.0,2.0,15.38,20.59,0.0,0.0,0.0,0.0,0.0,0.0,0.0,0.0,2.0,2.0,15.38,20.59,0.0,0.0,0.0,0.0,84.62,15.38,69.23,89.24,9.0,9.0,69.23,3.5,3.5,0.88,0.95,1.0,0.5,1.0,0.15,0.67,0.2,,0.2,0.0,0.0,0.15,0.0,1.0
113,林任鴻,新北中信特攻,3,40|113|10879,謝亞軒/林任鴻/簡廷兆,1,14,15.0,256.92,4.28,04:17,256.92,4.28,04:17,11.0,11.0,73.33,92.48,2.0,2.0,13.33,16.81,4.0,4.0,26.67,33.63,3.0,3.0,20.0,25.22,2.0,2.0,13.33,16.81,2.0,2.0,13.33,16.81,2.0,2.0,13.33,16.81,1.0,1.0,6.67,8.41,6.0,6.0,40.0,50.44,6.0,6.0,40.0,50.44,1.0,1.0,6.67,8.41,0.0,0.0,0.0,0.0,0.0,0.0,0.0,0.0,4.0,4.0,26.67,33.63,2.0,2.0,13.33,16.81,2.0,2.0,13.33,16.81,0.0,0.0,0.0,0.0,0.0,0.0,0.0,0.0,2.0,2.0,13.33,16.81,0.0,0.0,0.0,0.0,73.33,13.33,60.0,84.07,9.0,9.0,60.0,4.28,4.28,0.88,0.83,1.0,0.5,1.0,0.23,0.67,0.2,,0.2,0.0,0.0,0.13,0.0,1.5
113,林任鴻,新北中信特攻,3,40|113|10880,謝亞軒/林任鴻/內馬,1,12,13.0,230.76,3.85,03:51,230.76,3.85,03:51,11.0,11.0,84.62,102.96,2.0,2.0,15.38,18.72,5.0,5.0,38.46,46.8,4.0,4.0,30.77,37.44,3.0,3.0,23.08,28.08,3.0,3.0,23.08,28.08,2.0,2.0,15.38,18.72,1.0,1.0,7.69,9.36,4.0,4.0,30.77,37.44,4.0,4.0,30.77,37.44,1.0,1.0,7.69,9.36,0.0,0.0,0.0,0.0,0.0,0.0,0.0,0.0,4.0,4.0,30.77,37.44,1.0,1.0,7.69,9.36,2.0,2.0,15.38,18.72,0.0,0.0,0.0,0.0,0.0,0.0,0.0,0.0,2.0,2.0,15.38,18.72,0.0,0.0,0.0,0.0,84.62,15.38,69.23,81.12,9.0,9.0,69.23,3.85,3.85,0.9,0.81,1.0,0.5,1.0,0.13,0.5,0.2,,0.2,0.0,0.0,0.15,0.0,0.8
113,林任鴻,新北中信特攻,3,113|10879|10881,林任鴻/簡廷兆/飛克,1,14,15.0,256.92,4.28,04:17,256.92,4.28,04:17,11.0,11.0,73.33,92.48,2.0,2.0,13.33,16.81,4.0,4.0,26.67,33.63,3.0,3.0,20.0,25.22,2.0,2.0,13.33,16.81,2.0,2.0,13.33,16.81,2.0,2.0,13.33,16.81,1.0,1.0,6.67,8.41,6.0,6.0,40.0,50.44,6.0,6.0,40.0,50.44,1.0,1.0,6.67,8.41,0.0,0.0,0.0,0.0,0.0,0.0,0.0,0.0,4.0,4.0,26.67,33.63,2.0,2.0,13.33,16.81,2.0,2.0,13.33,16.81,0.0,0.0,0.0,0.0,0.0,0.0,0.0,0.0,2.0,2.0,13.33,16.81,0.0,0.0,0.0,0.0,73.33,13.33,60.0,84.07,9.0,9.0,60.0,4.28,4.28,0.88,0.83,1.0,0.5,1.0,0.23,0.67,0.2,,0.2,0.0,0.0,0.13,0.0,1.5
113,林任鴻,新北中信特攻,3,113|10880|10881,林任鴻/內馬/飛克,1,12,13.0,209.77,3.5,03:30,209.77,3.5,03:30,11.0,11.0,84.62,113.26,2.0,2.0,15.38,20.59,4.0,4.0,30.77,41.19,3.0,3.0,23.08,30.89,2.0,2.0,15.38,20.59,2.0,2.0,15.38,20.59,2.0,2.0,15.38,20.59,1.0,1.0,7.69,10.3,4.0,4.0,30.77,41.19,4.0,4.0,30.77,41.19,1.0,1.0,7.69,10.3,0.0,0.0,0.0,0.0,0.0,0.0,0.0,0.0,4.0,4.0,30.77,41.19,1.0,1.0,7.69,10.3,2.0,2.0,15.38,20.59,0.0,0.0,0.0,0.0,0.0,0.0,0.0,0.0,2.0,2.0,15.38,20.59,0.0,0.0,0.0,0.0,84.62,15.38,69.23,89.24,9.0,9.0,69.23,3.5,3.5,0.88,0.95,1.0,0.5,1.0,0.15,0.67,0.2,,0.2,0.0,0.0,0.15,0.0,1.0
113,林任鴻,新北中信特攻,4,40|113|10879|10880,謝亞軒/林任鴻/簡廷兆/內馬,1,12,13.0,209.77,3.5,03:30,209.77,3.5,03:30,11.0,11.0,84.62,113.26,2.0,2.0,15.38,20.59,4.0,4.0,30.77,41.19,3.0,3.0,23.08,30.89,2.0,2.0,15.38,20.59,2.0,2.0,15.38,20.59,2.0,2.0,15.38,20.59,1.0,1.0,7.69,10.3,4.0,4.0,30.77,41.19,4.0,4.0,30.77,41.19,1.0,1.0,7.69,10.3,0.0,0.0,0.0,0.0,0.0,0.0,0.0,0.0,4.0,4.0,30.77,41.19,1.0,1.0,7.69,10.3,2.0,2.0,15.38,20.59,0.0,0.0,0.0,0.0,0.0,0.0,0.0,0.0,2.0,2.0,15.38,20.59,0.0,0.0,0.0,0.0,84.62,15.38,69.23,89.24,9.0,9.0,69.23,3.5,3.5,0.88,0.95,1.0,0.5,1.0,0.15,0.67,0.2,,0.2,0.0,0.0,0.15,0.0,1.0
113,林任鴻,新北中信特攻,4,40|113|10879|10881,謝亞軒/林任鴻/簡廷兆/飛克,1,14,15.0,256.92,4.28,04:17,256.92,4.28,04:17,11.0,11.0,73.33,92.48,2.0,2.0,13.33,16.81,4.0,4.0,26.67,33.63,3.0,3.0,20.0,25.22,2.0,2.0,13.33,16.81,2.0,2.0,13.33,16.81,2.0,2.0,13.33,16.81,1.0,1.0,6.67,8.41,6.0,6.0,40.0,50.44,6.0,6.0,40.0,50.44,1.0,1.0,6.67,8.41,0.0,0.0,0.0,0.0,0.0,0.0,0.0,0.0,4.0,4.0,26.67,33.63,2.0,2.0,13.33,16.81,2.0,2.0,13.33,16.81,0.0,0.0,0.0,0.0,0.0,0.0,0.0,0.0,2.0,2.0,13.33,16.81,0.0,0.0,0.0,0.0,73.33,13.33,60.0,84.07,9.0,9.0,60.0,4.28,4.28,0.88,0.83,1.0,0.5,1.0,0.23,0.67,0.2,,0.2,0.0,0.0,0.13,0.0,1.5
113,林任鴻,新北中信特攻,4,40|113|10880|10881,謝亞軒/林任鴻/內馬/飛克,1,12,13.0,209.77,3.5,03:30,209.77,3.5,03:30,11.0,11.0,84.62,113.26,2.0,2.0,15.38,20.59,4.0,4.0,30.77,41.19,3.0,3.0,23.08,30.89,2.0,2.0,15.38,20.59,2.0,2.0,15.38,20.59,2.0,2.0,15.38,20.59,1.0,1.0,7.69,10.3,4.0,4.0,30.77,41.19,4.0,4.0,30.77,41.19,1.0,1.0,7.69,10.3,0.0,0.0,0.0,0.0,0.0,0.0,0.0,0.0,4.0,4.0,30.77,41.19,1.0,1.0,7.69,10.3,2.0,2.0,15.38,20.59,0.0,0.0,0.0,0.0,0.0,0.0,0.0,0.0,2.0,2.0,15.38,20.59,0.0,0.0,0.0,0.0,84.62,15.38,69.23,89.24,9.0,9.0,69.23,3.5,3.5,0.88,0.95,1.0,0.5,1.0,0.15,0.67,0.2,,0.2,0.0,0.0,0.15,0.0,1.0
113,林任鴻,新北中信特攻,4,113|10879|10880|10881,林任鴻/簡廷兆/內馬/飛克,1,12,13.0,209.77,3.5,03:30,209.77,3.5,03:30,11.0,11.0,84.62,113.26,2.0,2.0,15.38,20.59,4.0,4.0,30.77,41.19,3.0,3.0,23.08,30.89,2.0,2.0,15.38,20.59,2.0,2.0,15.38,20.59,2.0,2.0,15.38,20.59,1.0,1.0,7.69,10.3,4.0,4.0,30.77,41.19,4.0,4.0,30.77,41.19,1.0,1.0,7.69,10.3,0.0,0.0,0.0,0.0,0.0,0.0,0.0,0.0,4.0,4.0,30.77,41.19,1.0,1.0,7.69,10.3,2.0,2.0,15.38,20.59,0.0,0.0,0.0,0.0,0.0,0.0,0.0,0.0,2.0,2.0,15.38,20.59,0.0,0.0,0.0,0.0,84.62,15.38,69.23,89.24,9.0,9.0,69.23,3.5,3.5,0.88,0.95,1.0,0.5,1.0,0.15,0.67,0.2,,0.2,0.0,0.0,0.15,0.0,1.0
113,林任鴻,新北中信特攻,5,40|113|10879|10880|10881,謝亞軒/林任鴻/簡廷兆/內馬/飛克,1,12,13.0,209.77,3.5,03:30,209.77,3.5,03:30,11.0,11.0,84.62,113.26,2.0,2.0,15.38,20.59,4.0,4.0,30.77,41.19,3.0,3.0,23.08,30.89,2.0,2.0,15.38,20.59,2.0,2.0,15.38,20.59,2.0,2.0,15.38,20.59,1.0,1.0,7.69,10.3,4.0,4.0,30.77,41.19,4.0,4.0,30.77,41.19,1.0,1.0,7.69,10.3,0.0,0.0,0.0,0.0,0.0,0.0,0.0,0.0,4.0,4.0,30.77,41.19,1.0,1.0,7.69,10.3,2.0,2.0,15.38,20.59,0.0,0.0,0.0,0.0,0.0,0.0,0.0,0.0,2.0,2.0,15.38,20.59,0.0,0.0,0.0,0.0,84.62,15.38,69.23,89.24,9.0,9.0,69.23,3.5,3.5,0.88,0.95,1.0,0.5,1.0,0.15,0.67,0.2,,0.2,0.0,0.0,0.15,0.0,1.0
10879,簡廷兆,新北中信特攻,3,40|113|10879,謝亞軒/林任鴻/簡廷兆,1,14,15.0,256.92,4.28,04:17,256.92,4.28,04:17,11.0,11.0,73.33,92.48,2.0,2.0,13.33,16.81,4.0,4.0,26.67,33.63,3.0,3.0,20.0,25.22,2.0,2.0,13.33,16.81,2.0,2.0,13.33,16.81,2.0,2.0,13.33,16.81,1.0,1.0,6.67,8.41,6.0,6.0,40.0,50.44,6.0,6.0,40.0,50.44,1.0,1.0,6.67,8.41,0.0,0.0,0.0,0.0,0.0,0.0,0.0,0.0,4.0,4.0,26.67,33.63,2.0,2.0,13.33,16.81,2.0,2.0,13.33,16.81,0.0,0.0,0.0,0.0,0.0,0.0,0.0,0.0,2.0,2.0,13.33,16.81,0.0,0.0,0.0,0.0,73.33,13.33,60.0,84.07,9.0,9.0,60.0,4.28,4.28,0.88,0.83,1.0,0.5,1.0,0.23,0.67,0.2,,0.2,0.0,0.0,0.13,0.0,1.5
10879,簡廷兆,新北中信特攻,3,113|10879|10881,林任鴻/簡廷兆/飛克,1,14,15.0,256.92,4.28,04:17,256.92,4.28,04:17,11.0,11.0,73.33,92.48,2.0,2.0,13.33,16.81,4.0,4.0,26.67,33.63,3.0,3.0,20.0,25.22,2.0,2.0,13.33,16.81,2.0,2.0,13.33,16.81,2.0,2.0,13.33,16.81,1.0,1.0,6.67,8.41,6.0,6.0,40.0,50.44,6.0,6.0,40.0,50.44,1.0,1.0,6.67,8.41,0.0,0.0,0.0,0.0,0.0,0.0,0.0,0.0,4.0,4.0,26.67,33.63,2.0,2.0,13.33,16.81,2.0,2.0,13.33,16.81,0.0,0.0,0.0,0.0,0.0,0.0,0.0,0.0,2.0,2.0,13.33,16.81,0.0,0.0,0.0,0.0,73.33,13.33,60.0,84.07,9.0,9.0,60.0,4.28,4.28,0.88,0.83,1.0,0.5,1.0,0.23,0.67,0.2,,0.2,0.0,0.0,0.13,0.0,1.5
10879,簡廷兆,新北中信特攻,4,40|113|10879|10880,謝亞軒/林任鴻/簡廷兆/內馬,1,12,13.0,209.77,3.5,03:30,209.77,3.5,03:30,11.0,11.0,84.62,113.26,2.0,2.0,15.38,20.59,4.0,4.0,30.77,41.19,3.0,3.0,23.08,30.89,2.0,2.0,15.38,20.59,2.0,2.0,15.38,20.59,2.0,2.0,15.38,20.59,1.0,1.0,7.69,10.3,4.0,4.0,30.77,41.19,4.0,4.0,30.77,41.19,1.0,1.0,7.69,10.3,0.0,0.0,0.0,0.0,0.0,0.0,0.0,0.0,4.0,4.0,30.77,41.19,1.0,1.0,7.69,10.3,2.0,2.0,15.38,20.59,0.0,0.0,0.0,0.0,0.0,0.0,0.0,0.0,2.0,2.0,15.38,20.59,0.0,0.0,0.0,0.0,84.62,15.38,69.23,89.24,9.0,9.0,69.23,3.5,3.5,0.88,0.95,1.0,0.5,1.0,0.15,0.67,0.2,,0.2,0.0,0.0,0.15,0.0,1.0
10879,簡廷兆,新北中信特攻,4,40|113|10879|10881,謝亞軒/林任鴻/簡廷兆/飛克,1,14,15.0,256.92,4.28,04:17,256.92,4.28,04:17,11.0,11.0,73.33,92.48,2.0,2.0,13.33,16.81,4.0,4.0,26.67,33.63,3.0,3.0,20.0,25.22,2.0,2.0,13.33,16.81,2.0,2.0,13.33,16.81,2.0,2.0,13.33,16.81,1.0,1.0,6.67,8.41,6.0,6.0,40.0,50.44,6.0,6.0,40.0,50.44,1.0,1.0,6.67,8.41,0.0,0.0,0.0,0.0,0.0,0.0,0.0,0.0,4.0,4.0,26.67,33.63,2.0,2.0,13.33,16.81,2.0,2.0,13.33,16.81,0.0,0.0,0.0,0.0,0.0,0.0,0.0,0.0,2.0,2.0,13.33,16.81,0.0,0.0,0.0,0.0,73.33,13.33,60.0,84.07,9.0,9.0,60.0,4.28,4.28,0.88,0.83,1.0,0.5,1.0,0.23,0.67,0.2,,0.2,0.0,0.0,0.13,0.0,1.5
10879,簡廷兆,新北中信特攻,4,113|10879|10880|10881,林任鴻/簡廷兆/內馬/飛克,1,12,13.0,209.77,3.5,03:30,209.77,3.5,03:30,11.0,11.0,84.62,113.26,2.0,2.0,15.38,20.59,4.0,4.0,30.77,41.19,3.0,3.0,23.08,30.89,2.0,2.0,15.38,20.59,2.0,2.0,15.38,20.59,2.0,2.0,15.38,20.59,1.0,1.0,7.69,10.3,4.0,4.0,30.77,41.19,4.0,4.0,30.77,41.19,1.0,1.0,7.69,10.3,0.0,0.0,0.0,0.0,0.0,0.0,0.0,0.0,4.0,4.0,30.77,41.19,1.0,1.0,7.69,10.3,2.0,2.0,15.38,20.59,0.0,0.0,0.0,0.0,0.0,0.0,0.0,0.0,2.0,2.0,15.38,20.59,0.0,0.0,0.0,0.0,84.62,15.38,69.23,89.24,9.0,9.0,69.23,3.5,3.5,0.88,0.95,1.0,0.5,1.0,0.15,0.67,0.2,,0.2,0.0,0.0,0.15,0.0,1.0
10879,簡廷兆,新北中信特攻,5,40|113|10879|10880|10881,謝亞軒/林任鴻/簡廷兆/內馬/飛克,1,12,13.0,209.77,3.5,03:30,209.77,3.5,03:30,11.0,11.0,84.62,113.26,2.0,2.0,15.38,20.59,4.0,4.0,30.77,41.19,3.0,3.0,23.08,30.89,2.0,2.0,15.38,20.59,2.0,2.0,15.38,20.59,2.0,2.0,15.38,20.59,1.0,1.0,7.69,10.3,4.0,4.0,30.77,41.19,4.0,4.0,30.77,41.19,1.0,1.0,7.69,10.3,0.0,0.0,0.0,0.0,0.0,0.0,0.0,0.0,4.0,4.0,30.77,41.19,1.0,1.0,7.69,10.3,2.0,2.0,15.38,20.59,0.0,0.0,0.0,0.0,0.0,0.0,0.0,0.0,2.0,2.0,15.38,20.59,0.0,0.0,0.0,0.0,84.62,15.38,69.23,89.24,9.0,9.0,69.23,3.5,3.5,0.88,0.95,1.0,0.5,1.0,0.15,0.67,0.2,,0.2,0.0,0.0,0.15,0.0,1.0
10880,內馬,新北中信特攻,3,40|113|10880,謝亞軒/林任鴻/內馬,1,12,13.0,230.76,3.85,03:51,230.76,3.85,03:51,11.0,11.0,84.62,102.96,2.0,2.0,15.38,18.72,5.0,5.0,38.46,46.8,4.0,4.0,30.77,37.44,3.0,3.0,23.08,28.08,3.0,3.0,23.08,28.08,2.0,2.0,15.38,18.72,1.0,1.0,7.69,9.36,4.0,4.0,30.77,37.44,4.0,4.0,30.77,37.44,1.0,1.0,7.69,9.36,0.0,0.0,0.0,0.0,0.0,0.0,0.0,0.0,4.0,4.0,30.77,37.44,1.0,1.0,7.69,9.36,2.0,2.0,15.38,18.72,0.0,0.0,0.0,0.0,0.0,0.0,0.0,0.0,2.0,2.0,15.38,18.72,0.0,0.0,0.0,0.0,84.62,15.38,69.23,81.12,9.0,9.0,69.23,3.85,3.85,0.9,0.81,1.0,0.5,1.0,0.13,0.5,0.2,,0.2,0.0,0.0,0.15,0.0,0.8
10880,內馬,新北中信特攻,3,113|10880|10881,林任鴻/內馬/飛克,1,12,13.0,209.77,3.5,03:30,209.77,3.5,03:30,11.0,11.0,84.62,113.26,2.0,2.0,15.38,20.59,4.0,4.0,30.77,41.19,3.0,3.0,23.08,30.89,2.0,2.0,15.38,20.59,2.0,2.0,15.38,20.59,2.0,2.0,15.38,20.59,1.0,1.0,7.69,10.3,4.0,4.0,30.77,41.19,4.0,4.0,30.77,41.19,1.0,1.0,7.69,10.3,0.0,0.0,0.0,0.0,0.0,0.0,0.0,0.0,4.0,4.0,30.77,41.19,1.0,1.0,7.69,10.3,2.0,2.0,15.38,20.59,0.0,0.0,0.0,0.0,0.0,0.0,0.0,0.0,2.0,2.0,15.38,20.59,0.0,0.0,0.0,0.0,84.62,15.38,69.23,89.24,9.0,9.0,69.23,3.5,3.5,0.88,0.95,1.0,0.5,1.0,0.15,0.67,0.2,,0.2,0.0,0.0,0.15,0.0,1.0
10880,內馬,新北中信特攻,4,40|113|10879|10880,謝亞軒/林任鴻/簡廷兆/內馬,1,12,13.0,209.77,3.5,03:30,209.77,3.5,03:30,11.0,11.0,84.62,113.26,2.0,2.0,15.38,20.59,4.0,4.0,30.77,41.19,3.0,3.0,23.08,30.89,2.0,2.0,15.38,20.59,2.0,2.0,15.38,20.59,2.0,2.0,15.38,20.59,1.0,1.0,7.69,10.3,4.0,4.0,30.77,41.19,4.0,4.0,30.77,41.19,1.0,1.0,7.69,10.3,0.0,0.0,0.0,0.0,0.0,0.0,0.0,0.0,4.0,4.0,30.77,41.19,1.0,1.0,7.69,10.3,2.0,2.0,15.38,20.59,0.0,0.0,0.0,0.0,0.0,0.0,0.0,0.0,2.0,2.0,15.38,20.59,0.0,0.0,0.0,0.0,84.62,15.38,69.23,89.24,9.0,9.0,69.23,3.5,3.5,0.88,0.95,1.0,0.5,1.0,0.15,0.67,0.2,,0.2,0.0,0.0,0.15,0.0,1.0
10880,內馬,新北中信特攻,4,40|113|10880|10881,謝亞軒/林任鴻/內馬/飛克,1,12,13.0,209.77,3.5,03:30,209.77,3.5,03:30,11.0,11.0,84.62,113.26,2.0,2.0,15.38,20.59,4.0,4.0,30.77,41.19,3.0,3.0,23.08,30.89,2.0,2.0,15.38,20.59,2.0,2.0,15.38,20.59,2.0,2.0,15.38,20.59,1.0,1.0,7.69,10.3,4.0,4.0,30.77,41.19,4.0,4.0,30.77,41.19,1.0,1.0,7.69,10.3,0.0,0.0,0.0,0.0,0.0,0.0,0.0,0.0,4.0,4.0,30.77,41.19,1.0,1.0,7.69,10.3,2.0,2.0,15.38,20.59,0.0,0.0,0.0,0.0,0.0,0.0,0.0,0.0,2.0,2.0,15.38,20.59,0.0,0.0,0.0,0.0,84.62,15.38,69.23,89.24,9.0,9.0,69.23,3.5,3.5,0.88,0.95,1.0,0.5,1.0,0.15,0.67,0.2,,0.2,0.0,0.0,0.15,0.0,1.0
10880,內馬,新北中信特攻,4,113|10879|10880|10881,林任鴻/簡廷兆/內馬/飛克,1,12,13.0,209.77,3.5,03:30,209.77,3.5,03:30,11.0,11.0,84.62,113.26,2.0,2.0,15.38,20.59,4.0,4.0,30.77,41.19,3.0,3.0,23.08,30.89,2.0,2.0,15.38,20.59,2.0,2.0,15.38,20.59,2.0,2.0,15.38,20.59,1.0,1.0,7.69,10.3,4.0,4.0,30.77,41.19,4.0,4.0,30.77,41.19,1.0,1.0,7.69,10.3,0.0,0.0,0.0,0.0,0.0,0.0,0.0,0.0,4.0,4.0,30.77,41.19,1.0,1.0,7.69,10.3,2.0,2.0,15.38,20.59,0.0,0.0,0.0,0.0,0.0,0.0,0.0,0.0,2.0,2.0,15.38,20.59,0.0,0.0,0.0,0.0,84.62,15.38,69.23,89.24,9.0,9.0,69.23,3.5,3.5,0.88,0.95,1.0,0.5,1.0,0.15,0.67,0.2,,0.2,0.0,0.0,0.15,0.0,1.0
10880,內馬,新北中信特攻,5,40|113|10879|10880|10881,謝亞軒/林任鴻/簡廷兆/內馬/飛克,1,12,13.0,209.77,3.5,03:30,209.77,3.5,03:30,11.0,11.0,84.62,113.26,2.0,2.0,15.38,20.59,4.0,4.0,30.77,41.19,3.0,3.0,23.08,30.89,2.0,2.0,15.38,20.59,2.0,2.0,15.38,20.59,2.0,2.0,15.38,20.59,1.0,1.0,7.69,10.3,4.0,4.0,30.77,41.19,4.0,4.0,30.77,41.19,1.0,1.0,7.69,10.3,0.0,0.0,0.0,0.0,0.0,0.0,0.0,0.0,4.0,4.0,30.77,41.19,1.0,1.0,7.69,10.3,2.0,2.0,15.38,20.59,0.0,0.0,0.0,0.0,0.0,0.0,0.0,0.0,2.0,2.0,15.38,20.59,0.0,0.0,0.0,0.0,84.62,15.38,69.23,89.24,9.0,9.0,69.23,3.5,3.5,0.88,0.95,1.0,0.5,1.0,0.15,0.67,0.2,,0.2,0.0,0.0,0.15,0.0,1.0
10881,飛克,新北中信特攻,3,113|10879|10881,林任鴻/簡廷兆/飛克,1,14,15.0,256.92,4.28,04:17,256.92,4.28,04:17,11.0,11.0,73.33,92.48,2.0,2.0,13.33,16.81,4.0,4.0,26.67,33.63,3.0,3.0,20.0,25.22,2.0,2.0,13.33,16.81,2.0,2.0,13.33,16.81,2.0,2.0,13.33,16.81,1.0,1.0,6.67,8.41,6.0,6.0,40.0,50.44,6.0,6.0,40.0,50.44,1.0,1.0,6.67,8.41,0.0,0.0,0.0,0.0,0.0,0.0,0.0,0.0,4.0,4.0,26.67,33.63,2.0,2.0,13.33,16.81,2.0,2.0,13.33,16.81,0.0,0.0,0.0,0.0,0.0,0.0,0.0,0.0,2.0,2.0,13.33,16.81,0.0,0.0,0.0,0.0,73.33,13.33,60.0,84.07,9.0,9.0,60.0,4.28,4.28,0.88,0.83,1.0,0.5,1.0,0.23,0.67,0.2,,0.2,0.0,0.0,0.13,0.0,1.5
10881,飛克,新北中信特攻,3,113|10880|10881,林任鴻/內馬/飛克,1,12,13.0,209.77,3.5,03:30,209.77,3.5,03:30,11.0,11.0,84.62,113.26,2.0,2.0,15.38,20.59,4.0,4.0,30.77,41.19,3.0,3.0,23.08,30.89,2.0,2.0,15.38,20.59,2.0,2.0,15.38,20.59,2.0,2.0,15.38,20.59,1.0,1.0,7.69,10.3,4.0,4.0,30.77,41.19,4.0,4.0,30.77,41.19,1.0,1.0,7.69,10.3,0.0,0.0,0.0,0.0,0.0,0.0,0.0,0.0,4.0,4.0,30.77,41.19,1.0,1.0,7.69,10.3,2.0,2.0,15.38,20.59,0.0,0.0,0.0,0.0,0.0,0.0,0.0,0.0,2.0,2.0,15.38,20.59,0.0,0.0,0.0,0.0,84.62,15.38,69.23,89.24,9.0,9.0,69.23,3.5,3.5,0.88,0.95,1.0,0.5,1.0,0.15,0.67,0.2,,0.2,0.0,0.0,0.15,0.0,1.0
10881,飛克,新北中信特攻,4,40|113|10879|10881,謝亞軒/林任鴻/簡廷兆/飛克,1,14,15.0,256.92,4.28,04:17,256.92,4.28,04:17,11.0,11.0,73.33,92.48,2.0,2.0,13.33,16.81,4.0,4.0,26.67,33.63,3.0,3.0,20.0,25.22,2.0,2.0,13.33,16.81,2.0,2.0,13.33,16.81,2.0,2.0,13.33,16.81,1.0,1.0,6.67,8.41,6.0,6.0,40.0,50.44,6.0,6.0,40.0,50.44,1.0,1.0,6.67,8.41,0.0,0.0,0.0,0.0,0.0,0.0,0.0,0.0,4.0,4.0,26.67,33.63,2.0,2.0,13.33,16.81,2.0,2.0,13.33,16.81,0.0,0.0,0.0,0.0,0.0,0.0,0.0,0.0,2.0,2.0,13.33,16.81,0.0,0.0,0.0,0.0,73.33,13.33,60.0,84.07,9.0,9.0,60.0,4.28,4.28,0.88,0.83,1.0,0.5,1.0,0.23,0.67,0.2,,0.2,0.0,0.0,0.13,0.0,1.5
10881,飛克,新北中信特攻,4,40|113|10880|10881,謝亞軒/林任鴻/內馬/飛克,1,12,13.0,209.77,3.5,03:30,209.77,3.5,03:30,11.0,11.0,84.62,113.26,2.0,2.0,15.38,20.59,4.0,4.0,30.77,41.19,3.0,3.0,23.08,30.89,2.0,2.0,15.38,20.59,2.0,2.0,15.38,20.59,2.0,2.0,15.38,20.59,1.0,1.0,7.69,10.3,4.0,4.0,30.77,41.19,4.0,4.0,30.77,41.19,1.0,1.0,7.69,10.3,0.0,0.0,0.0,0.0,0.0,0.0,0.0,0.0,4.0,4.0,30.77,41.19,1.0,1.0,7.69,10.3,2.0,2.0,15.38,20.59,0.0,0.0,0.0,0.0,0.0,0.0,0.0,0.0,2.0,2.0,15.38,20.59,0.0,0.0,0.0,0.0,84.62,15.38,69.23,89.24,9.0,9.0,69.23,3.5,3.5,0.88,0.95,1.0,0.5,1.0,0.15,0.67,0.2,,0.2,0.0,0.0,0.15,0.0,1.0
10881,飛克,新北中信特攻,4,113|10879|10880|10881,林任鴻/簡廷兆/內馬/飛克,1,12,13.0,209.77,3.5,03:30,209.77,3.5,03:30,11.0,11.0,84.62,113.26,2.0,2.0,15.38,20.59,4.0,4.0,30.77,41.19,3.0,3.0,23.08,30.89,2.0,2.0,15.38,20.59,2.0,2.0,15.38,20.59,2.0,2.0,15.38,20.59,1.0,1.0,7.69,10.3,4.0,4.0,30.77,41.19,4.0,4.0,30.77,41.19,1.0,1.0,7.69,10.3,0.0,0.0,0.0,0.0,0.0,0.0,0.0,0.0,4.0,4.0,30.77,41.19,1.0,1.0,7.69,10.3,2.0,2.0,15.38,20.59,0.0,0.0,0.0,0.0,0.0,0.0,0.0,0.0,2.0,2.0,15.38,20.59,0.0,0.0,0.0,0.0,84.62,15.38,69.23,89.24,9.0,9.0,69.23,3.5,3.5,0.88,0.95,1.0,0.5,1.0,0.15,0.67,0.2,,0.2,0.0,0.0,0.15,0.0,1.0
10881,飛克,新北中信特攻,5,40|113|10879|10880|10881,謝亞軒/林任鴻/簡廷兆/內馬/飛克,1,12,13.0,209.77,3.5,03:30,209.77,3.5,03:30,11.0,11.0,84.62,113.26,2.0,2.0,15.38,20.59,4.0,4.0,30.77,41.19,3.0,3.0,23.08,30.89,2.0,2.0,15.38,20.59,2.0,2.0,15.38,20.59,2.0,2.0,15.38,20.59,1.0,1.0,7.69,10.3,4.0,4.0,30.77,41.19,4.0,4.0,30.77,41.19,1.0,1.0,7.69,10.3,0.0,0.0,0.0,0.0,0.0,0.0,0.0,0.0,4.0,4.0,30.77,41.19,1.0,1.0,7.69,10.3,2.0,2.0,15.38,20.59,0.0,0.0,0.0,0.0,0.0,0.0,0.0,0.0,2.0,2.0,15.38,20.59,0.0,0.0,0.0,0.0,84.62,15.38,69.23,89.24,9.0,9.0,69.23,3.5,3.5,0.88,0.95,1.0,0.5,1.0,0.15,0.67,0.2,,0.2,0.0,0.0,0.15,0.0,1.0
29,林書緯,新北國王,4,29|32|10872|13029,林書緯/奧帝/林彥廷/杰倫,1,18,20.0,260.84,4.35,04:21,260.84,4.35,04:21,10.0,10.0,50.0,82.81,10.0,10.0,50.0,82.81,8.0,8.0,40.0,66.25,4.0,4.0,20.0,33.12,6.0,6.0,30.0,49.69,4.0,4.0,20.0,33.12,2.0,2.0,10.0,16.56,0.0,0.0,0.0,0.0,4.0,4.0,20.0,33.12,4.0,4.0,20.0,33.12,1.0,1.0,5.0,8.28,3.0,3.0,15.0,24.84,1.0,1.0,5.0,8.28,4.0,4.0,20.0,33.12,0.0,0.0,0.0,0.0,3.0,3.0,15.0,24.84,0.0,0.0,0.0,0.0,1.0,1.0,5.0,8.28,3.0,3.0,15.0,24.84,1.0,1.0,5.0,8.28,50.0,50.0,0.0,110.41,0.0,0.0,0.0,4.35,4.35,0.5,0.51,0.67,0.0,1.0,0.0,0.75,0.2,0.75,0.44,0.0,5.0,0.15,5.0,0.5
29,林書緯,新北國王,5,29|32|10872|10874|13029,林書緯/奧帝/林彥廷/熊祥泰/杰倫,1,2,2.0,73.0,1.22,01:13,73.0,1.22,01:13,0.0,0.0,0.0,0.0,2.0,2.0,100.0,59.18,2.0,2.0,100.0,59.18,1.0,1.0,50.0,29.59,1.0,1.0,50.0,29.59,1.0,1.0,50.0,29.59,1.0,1.0,50.0,29.59,0.0,0.0,0.0,0.0,0.0,0.0,0.0,0.0,0.0,0.0,0.0,0.0,0.0,0.0,0.0,0.0,1.0,1.0,50.0,29.59,0.0,0.0,0.0,0.0,0.0,0.0,0.0,0.0,0.0,0.0,0.0,0.0,1.0,1.0,50.0,29.59,0.0,0.0,0.0,0.0,0.0,0.0,0.0,0.0,1.0,1.0,50.0,29.59,0.0,0.0,0.0,0.0,0.0,100.0,-100.0,39.45,-2.0,-2.0,-100.0,1.22,1.22,0.5,0.0,1.0,0.0,,0.0,1.0,,1.0,1.0,0.0,0.0,0.5,0.0,0.0
32,奧帝,新北國王,4,29|32|10872|13029,林書緯/奧帝/林彥廷/杰倫,1,18,20.0,260.84,4.35,04:21,260.84,4.35,04:21,10.0,10.0,50.0,82.81,10.0,10.0,50.0,82.81,8.0,8.0,40.0,66.25,4.0,4.0,20.0,33.12,6.0,6.0,30.0,49.69,4.0,4.0,20.0,33.12,2.0,2.0,10.0,16.56,0.0,0.0,0.0,0.0,4.0,4.0,20.0,33.12,4.0,4.0,20.0,33.12,1.0,1.0,5.0,8.28,3.0,3.0,15.0,24.84,1.0,1.0,5.0,8.28,4.0,4.0,20.0,33.12,0.0,0.0,0.0,0.0,3.0,3.0,15.0,24.84,0.0,0.0,0.0,0.0,1.0,1.0,5.0,8.28,3.0,3.0,15.0,24.84,1.0,1.0,5.0,8.28,50.0,50.0,0.0,110.41,0.0,0.0,0.0,4.35,4.35,0.5,0.51,0.67,0.0,1.0,0.0,0.75,0.2,0.75,0.44,0.0,5.0,0.15,5.0,0.5
32,奧帝,新北國王,5,29|32|10872|10874|13029,林書緯/奧帝/林彥廷/熊祥泰/杰倫,1,2,2.0,73.0,1.22,01:13,73.0,1.22,01:13,0.0,0.0,0.0,0.0,2.0,2.0,100.0,59.18,2.0,2.0,100.0,59.18,1.0,1.0,50.0,29.59,1.0,1.0,50.0,29.59,1.0,1.0,50.0,29.59,1.0,1.0,50.0,29.59,0.0,0.0,0.0,0.0,0.0,0.0,0.0,0.0,0.0,0.0,0.0,0.0,0.0,0.0,0.0,0.0,1.0,1.0,50.0,29.59,0.0,0.0,0.0,0.0,0.0,0.0,0.0,0.0,0.0,0.0,0.0,0.0,1.0,1.0,50.0,29.59,0.0,0.0,0.0,0.0,0.0,0.0,0.0,0.0,1.0,1.0,50.0,29.59,0.0,0.0,0.0,0.0,0.0,100.0,-100.0,39.45,-2.0,-2.0,-100.0,1.22,1.22,0.5,0.0,1.0,0.0,,0.0,1.0,,1.0,1.0,0.0,0.0,0.5,0.0,0.0
10872,林彥廷,新北國王,4,29|32|10872|13029,林書緯/奧帝/林彥廷/杰倫,1,18,20.0,260.84,4.35,04:21,260.84,4.35,04:21,10.0,10.0,50.0,82.81,10.0,10.0,50.0,82.81,8.0,8.0,40.0,66.25,4.0,4.0,20.0,33.12,6.0,6.0,30.0,49.69,4.0,4.0,20.0,33.12,2.0,2.0,10.0,16.56,0.0,0.0,0.0,0.0,4.0,4.0,20.0,33.12,4.0,4.0,20.0,33.12,1.0,1.0,5.0,8.28,3.0,3.0,15.0,24.84,1.0,1.0,5.0,8.28,4.0,4.0,20.0,33.12,0.0,0.0,0.0,0.0,3.0,3.0,15.0,24.84,0.0,0.0,0.0,0.0,1.0,1.0,5.0,8.28,3.0,3.0,15.0,24.84,1.0,1.0,5.0,8.28,50.0,50.0,0.0,110.41,0.0,0.0,0.0,4.35,4.35,0.5,0.51,0.67,0.0,1.0,0.0,0.75,0.2,0.75,0.44,0.0,5.0,0.15,5.0,0.5
10872,林彥廷,新北國王,5,29|32|10872|10874|13029,林書緯/奧帝/林彥廷/熊祥泰/杰倫,1,2,2.0,73.0,1.22,01:13,73.0,1.22,01:13,0.0,0.0,0.0,0.0,2.0,2.0,100.0,59.18,2.0,2.0,100.0,59.18,1.0,1.0,50.0,29.59,1.0,1.0,50.0,29.59,1.0,1.0,50.0,29.59,1.0,1.0,50.0,29.59,0.0,0.0,0.0,0.0,0.0,0.0,0.0,0.0,0.0,0.0,0.0,0.0,0.0,0.0,0.0,0.0,1.0,1.0,50.0,29.59,0.0,0.0,0.0,0.0,0.0,0.0,0.0,0.0,0.0,0.0,0.0,0.0,1.0,1.0,50.0,29.59,0.0,0.0,0.0,0.0,0.0,0.0,0.0,0.0,1.0,1.0,50.0,29.59,0.0,0.0,0.0,0.0,0.0,100.0,-100.0,39.45,-2.0,-2.0,-100.0,1.22,1.22,0.5,0.0,1.0,0.0,,0.0,1.0,,1.0,1.0,0.0,0.0,0.5,0.0,0.0
10874,熊祥泰,新北國王,5,29|32|10872|10874|13029,林書緯/奧帝/林彥廷/熊祥泰/杰倫,1,2,2.0,73.0,1.22,01:13,73.0,1.22,01:13,0.0,0.0,0.0,0.0,2.0,2.0,100.0,59.18,2.0,2.0,100.0,59.18,1.0,1.0,50.0,29.59,1.0,1.0,50.0,29.59,1.0,1.0,50.0,29.59,1.0,1.0,50.0,29.59,0.0,0.0,0.0,0.0,0.0,0.0,0.0,0.0,0.0,0.0,0.0,0.0,0.0,0.0,0.0,0.0,1.0,1.0,50.0,29.59,0.0,0.0,0.0,0.0,0.0,0.0,0.0,0.0,0.0,0.0,0.0,0.0,1.0,1.0,50.0,29.59,0.0,0.0,0.0,0.0,0.0,0.0,0.0,0.0,1.0,1.0,50.0,29.59,0.0,0.0,0.0,0.0,0.0,100.0,-100.0,39.45,-2.0,-2.0,-100.0,1.22,1.22,0.5,0.0,1.0,0.0,,0.0,1.0,,1.0,1.0,0.0,0.0,0.5,0.0,0.0
13029,杰倫,新北國王,4,29|32|10872|13029,林書緯/奧帝/林彥廷/杰倫,1,18,20.0,260.84,4.35,04:21,260.84,4.35,04:21,10.0,10.0,50.0,82.81,10.0,10.0,50.0,82.81,8.0,8.0,40.0,66.25,4.0,4.0,20.0,33.12,6.0,6.0,30.0,49.69,4.0,4.0,20.0,33.12,2.0,2.0,10.0,16.56,0.0,0.0,0.0,0.0,4.0,4.0,20.0,33.12,4.0,4.0,20.0,33.12,1.0,1.0,5.0,8.28,3.0,3.0,15.0,24.84,1.0,1.0,5.0,8.28,4.0,4.0,20.0,33.12,0.0,0.0,0.0,0.0,3.0,3.0,15.0,24.84,0.0,0.0,0.0,0.0,1.0,1.0,5.0,8.28,3.0,3.0,15.0,24.84,1.0,1.0,5.0,8.28,50.0,50.0,0.0,110.41,0.0,0.0,0.0,4.35,4.35,0.5,0.51,0.67,0.0,1.0,0.0,0.75,0.2,0.75,0.44,0.0,5.0,0.15,5.0,0.5
13029,杰倫,新北國王,5,29|32|10872|10874|13029,林書緯/奧帝/林彥廷/熊祥泰/杰倫,1,2,2.0,73.0,1.22,01:13,73.0,1.22,01:13,0.0,0.0,0.0,0.0,2.0,2.0,100.0,59.18,2.0,2.0,100.0,59.18,1.0,1.0,50.0,29.59,1.0,1.0,50.0,29.59,1.0,1.0,50.0,29.59,1.0,1.0,50.0,29.59,0.0,0.0,0.0,0.0,0.0,0.0,0.0,0.0,0.0,0.0,0.0,0.0,0.0,0.0,0.0,0.0,1.0,1.0,50.0,29.59,0.0,0.0,0.0,0.0,0.0,0.0,0.0,0.0,0.0,0.0,0.0,0.0,1.0,1.0,50.0,29.59,0.0,0.0,0.0,0.0,0.0,0.0,0.0,0.0,1.0,1.0,50.0,29.59,0.0,0.0,0.0,0.0,0.0,100.0,-100.0,39.45,-2.0,-2.0,-100.0,1.22,1.22,0.5,0.0,1.0,0.0,,0.0,1.0,,1.0,1.0,0.0,0.0,0.5,0.0,0.0
21,李愷諺,新北國王,4,21|29|10874|14038,李愷諺/林書緯/熊祥泰/飛米,1,5,5.0,61.55,1.03,01:02,61.55,1.03,01:02,2.0,2.0,40.0,70.19,6.0,6.0,120.0,210.56,1.0,1.0,20.0,35.09,1.0,1.0,20.0,35.09,1.0,1.0,20.0,35.09,1.0,1.0,20.0,35.09,0.0,0.0,0.0,0.0,0.0,0.0,0.0,0.0,0.0,0.0,0.0,0.0,0.0,0.0,0.0,0.0,0.0,0.0,0.0,0.0,0.0,0.0,0.0,0.0,0.0,0.0,0.0,0.0,0.0,0.0,0.0,0.0,1.0,1.0,20.0,35.09,1.0,1.0,20.0,35.09,0.0,0.0,0.0,0.0,0.0,0.0,0.0,0.0,0.0,0.0,0.0,0.0,4.0,4.0,80.0,140.38,40.0,120.0,-80.0,116.98,-4.0,-4.0,-80.0,1.03,1.03,1.0,1.0,1.0,,,0.5,1.0,,,,0.0,0.0,0.0,80.0,0.0
21,李愷諺,新北國王,4,21|10874|13029|14038,李愷諺/熊祥泰/杰倫/飛米,1,1,1.0,0.77,0.01,00:01,0.77,0.01,00:01,0.0,0.0,0.0,0.0,2.0,2.0,200.0,5581.4,0.0,0.0,0.0,0.0,0.0,0.0,0.0,0.0,0.0,0.0,0.0,0.0,0.0,0.0,0.0,0.0,0.0,0.0,0.0,0.0,0.0,0.0,0.0,0.0,0.0,0.0,0.0,0.0,0.0,0.0,0.0,0.0,0.0,0.0,0.0,0.0,0.0,0.0,0.0,0.0,0.0,0.0,0.0,0.0,0.0,0.0,0.0,0.0,0.0,0.0,0.0,0.0,0.0,0.0,0.0,0.0,0.0,0.0,0.0,0.0,0.0,0.0,0.0,0.0,0.0,0.0,0.0,0.0,2.0,2.0,200.0,5581.4,0.0,200.0,-200.0,1860.47,-2.0,-2.0,-200.0,0.01,0.01,,,,,,,,,,,0.0,0.0,0.0,200.0,
21,李愷諺,新北國王,5,21|29|10874|13029|14038,李愷諺/林書緯/熊祥泰/杰倫/飛米,1,1,1.0,0.77,0.01,00:01,0.77,0.01,00:01,0.0,0.0,0.0,0.0,2.0,2.0,200.0,5581.4,0.0,0.0,0.0,0.0,0.0,0.0,0.0,0.0,0.0,0.0,0.0,0.0,0.0,0.0,0.0,0.0,0.0,0.0,0.0,0.0,0.0,0.0,0.0,0.0,0.0,0.0,0.0,0.0,0.0,0.0,0.0,0.0,0.0,0.0,0.0,0.0,0.0,0.0,0.0,0.0,0.0,0.0,0.0,0.0,0.0,0.0,0.0,0.0,0.0,0.0,0.0,0.0,0.0,0.0,0.0,0.0,0.0,0.0,0.0,0.0,0.0,0.0,0.0,0.0,0.0,0.0,0.0,0.0,2.0,2.0,200.0,5581.4,0.0,200.0,-200.0,1860.47,-2.0,-2.0,-200.0,0.01,0.01,,,,,,,,,,,0.0,0.0,0.0,200.0,
29,林書緯,新北國王,4,21|29|10874|14038,李愷諺/林書緯/熊祥泰/飛米,1,5,5.0,61.55,1.03,01:02,61.55,1.03,01:02,2.0,2.0,40.0,70.19,6.0,6.0,120.0,210.56,1.0,1.0,20.0,35.09,1.0,1.0,20.0,35.09,1.0,1.0,20.0,35.09,1.0,1.0,20.0,35.09,0.0,0.0,0.0,0.0,0.0,0.0,0.0,0.0,0.0,0.0,0.0,0.0,0.0,0.0,0.0,0.0,0.0,0.0,0.0,0.0,0.0,0.0,0.0,0.0,0.0,0.0,0.0,0.0,0.0,0.0,0.0,0.0,1.0,1.0,20.0,35.09,1.0,1.0,20.0,35.09,0.0,0.0,0.0,0.0,0.0,0.0,0.0,0.0,0.0,0.0,0.0,0.0,4.0,4.0,80.0,140.38,40.0,120.0,-80.0,116.98,-4.0,-4.0,-80.0,1.03,1.03,1.0,1.0,1.0,,,0.5,1.0,,,,0.0,0.0,0.0,80.0,0.0
29,林書緯,新北國王,5,21|29|10874|13029|14038,李愷諺/林書緯/熊祥泰/杰倫/飛米,1,1,1.0,0.77,0.01,00:01,0.77,0.01,00:01,0.0,0.0,0.0,0.0,2.0,2.0,200.0,5581.4,0.0,0.0,0.0,0.0,0.0,0.0,0.0,0.0,0.0,0.0,0.0,0.0,0.0,0.0,0.0,0.0,0.0,0.0,0.0,0.0,0.0,0.0,0.0,0.0,0.0,0.0,0.0,0.0,0.0,0.0,0.0,0.0,0.0,0.0,0.0,0.0,0.0,0.0,0.0,0.0,0.0,0.0,0.0,0.0,0.0,0.0,0.0,0.0,0.0,0.0,0.0,0.0,0.0,0.0,0.0,0.0,0.0,0.0,0.0,0.0,0.0,0.0,0.0,0.0,0.0,0.0,0.0,0.0,2.0,2.0,200.0,5581.4,0.0,200.0,-200.0,1860.47,-2.0,-2.0,-200.0,0.01,0.01,,,,,,,,,,,0.0,0.0,0.0,200.0,
10874,熊祥泰,新北國王,4,21|29|10874|14038,李愷諺/林書緯/熊祥泰/飛米,1,5,5.0,61.55,1.03,01:02,61.55,1.03,01:02,2.0,2.0,40.0,70.19,6.0,6.0,120.0,210.56,1.0,1.0,20.0,35.09,1.0,1.0,20.0,35.09,1.0,1.0,20.0,35.09,1.0,1.0,20.0,35.09,0.0,0.0,0.0,0.0,0.0,0.0,0.0,0.0,0.0,0.0,0.0,0.0,0.0,0.0,0.0,0.0,0.0,0.0,0.0,0.0,0.0,0.0,0.0,0.0,0.0,0.0,0.0,0.0,0.0,0.0,0.0,0.0,1.0,1.0,20.0,35.09,1.0,1.0,20.0,35.09,0.0,0.0,0.0,0.0,0.0,0.0,0.0,0.0,0.0,0.0,0.0,0.0,4.0,4.0,80.0,140.38,40.0,120.0,-80.0,116.98,-4.0,-4.0,-80.0,1.03,1.03,1.0,1.0,1.0,,,0.5,1.0,,,,0.0,0.0,0.0,80.0,0.0
10874,熊祥泰,新北國王,4,21|10874|13029|14038,李愷諺/熊祥泰/杰倫/飛米,1,1,1.0,0.77,0.01,00:01,0.77,0.01,00:01,0.0,0.0,0.0,0.0,2.0,2.0,200.0,5581.4,0.0,0.0,0.0,0.0,0.0,0.0,0.0,0.0,0.0,0.0,0.0,0.0,0.0,0.0,0.0,0.0,0.0,0.0,0.0,0.0,0.0,0.0,0.0,0.0,0.0,0.0,0.0,0.0,0.0,0.0,0.0,0.0,0.0,0.0,0.0,0.0,0.0,0.0,0.0,0.0,0.0,0.0,0.0,0.0,0.0,0.0,0.0,0.0,0.0,0.0,0.0,0.0,0.0,0.0,0.0,0.0,0.0,0.0,0.0,0.0,0.0,0.0,0.0,0.0,0.0,0.0,0.0,0.0,2.0,2.0,200.0,5581.4,0.0,200.0,-200.0,1860.47,-2.0,-2.0,-200.0,0.01,0.01,,,,,,,,,,,0.0,0.0,0.0,200.0,
10874,熊祥泰,新北國王,5,21|29|10874|13029|14038,李愷諺/林書緯/熊祥泰/杰倫/飛米,1,1,1.0,0.77,0.01,00:01,0.77,0.01,00:01,0.0,0.0,0.0,0.0,2.0,2.0,200.0,5581.4,0.0,0.0,0.0,0.0,0.0,0.0,0.0,0.0,0.0,0.0,0.0,0.0,0.0,0.0,0.0,0.0,0.0,0.0,0.0,0.0,0.0,0.0,0.0,0.0,0.0,0.0,0.0,0.0,0.0,0.0,0.0,0.0,0.0,0.0,0.0,0.0,0.0,0.0,0.0,0.0,0.0,0.0,0.0,0.0,0.0,0.0,0.0,0.0,0.0,0.0,0.0,0.0,0.0,0.0,0.0,0.0,0.0,0.0,0.0,0.0,0.0,0.0,0.0,0.0,0.0,0.0,0.0,0.0,2.0,2.0,200.0,5581.4,0.0,200.0,-200.0,1860.47,-2.0,-2.0,-200.0,0.01,0.01,,,,,,,,,,,0.0,0.0,0.0,200.0,
13029,杰倫,新北國王,4,21|10874|13029|14038,李愷諺/熊祥泰/杰倫/飛米,1,1,1.0,0.77,0.01,00:01,0.77,0.01,00:01,0.0,0.0,0.0,0.0,2.0,2.0,200.0,5581.4,0.0,0.0,0.0,0.0,0.0,0.0,0.0,0.0,0.0,0.0,0.0,0.0,0.0,0.0,0.0,0.0,0.0,0.0,0.0,0.0,0.0,0.0,0.0,0.0,0.0,0.0,0.0,0.0,0.0,0.0,0.0,0.0,0.0,0.0,0.0,0.0,0.0,0.0,0.0,0.0,0.0,0.0,0.0,0.0,0.0,0.0,0.0,0.0,0.0,0.0,0.0,0.0,0.0,0.0,0.0,0.0,0.0,0.0,0.0,0.0,0.0,0.0,0.0,0.0,0.0,0.0,0.0,0.0,2.0,2.0,200.0,5581.4,0.0,200.0,-200.0,1860.47,-2.0,-2.0,-200.0,0.01,0.01,,,,,,,,,,,0.0,0.0,0.0,200.0,
13029,杰倫,新北國王,5,21|29|10874|13029|14038,李愷諺/林書緯/熊祥泰/杰倫/飛米,1,1,1.0,0.77,0.01,00:01,0.77,0.01,00:01,0.0,0.0,0.0,0.0,2.0,2.0,200.0,5581.4,0.0,0.0,0.0,0.0,0.0,0.0,0.0,0.0,0.0,0.0,0.0,0.0,0.0,0.0,0.0,0.0,0.0,0.0,0.0,0.0,0.0,0.0,0.0,0.0,0.0,0.0,0.0,0.0,0.0,0.0,0.0,0.0,0.0,0.0,0.0,0.0,0.0,0.0,0.0,0.0,0.0,0.0,0.0,0.0,0.0,0.0,0.0,0.0,0.0,0.0,0.0,0.0,0.0,0.0,0.0,0.0,0.0,0.0,0.0,0.0,0.0,0.0,0.0,0.0,0.0,0.0,0.0,0.0,2.0,2.0,200.0,5581.4,0.0,200.0,-200.0,1860.47,-2.0,-2.0,-200.0,0.01,0.01,,,,,,,,,,,0.0,0.0,0.0,200.0,
14038,飛米,新北國王,4,21|29|10874|14038,李愷諺/林書緯/熊祥泰/飛米,1,5,5.0,61.55,1.03,01:02,61.55,1.03,01:02,2.0,2.0,40.0,70.19,6.0,6.0,120.0,210.56,1.0,1.0,20.0,35.09,1.0,1.0,20.0,35.09,1.0,1.0,20.0,35.09,1.0,1.0,20.0,35.09,0.0,0.0,0.0,0.0,0.0,0.0,0.0,0.0,0.0,0.0,0.0,0.0,0.0,0.0,0.0,0.0,0.0,0.0,0.0,0.0,0.0,0.0,0.0,0.0,0.0,0.0,0.0,0.0,0.0,0.0,0.0,0.0,1.0,1.0,20.0,35.09,1.0,1.0,20.0,35.09,0.0,0.0,0.0,0.0,0.0,0.0,0.0,0.0,0.0,0.0,0.0,0.0,4.0,4.0,80.0,140.38,40.0,120.0,-80.0,116.98,-4.0,-4.0,-80.0,1.03,1.03,1.0,1.0,1.0,,,0.5,1.0,,,,0.0,0.0,0.0,80.0,0.0
14038,飛米,新北國王,4,21|10874|13029|14038,李愷諺/熊祥泰/杰倫/飛米,1,1,1.0,0.77,0.01,00:01,0.77,0.01,00:01,0.0,0.0,0.0,0.0,2.0,2.0,200.0,5581.4,0.0,0.0,0.0,0.0,0.0,0.0,0.0,0.0,0.0,0.0,0.0,0.0,0.0,0.0,0.0,0.0,0.0,0.0,0.0,0.0,0.0,0.0,0.0,0.0,0.0,0.0,0.0,0.0,0.0,0.0,0.0,0.0,0.0,0.0,0.0,0.0,0.0,0.0,0.0,0.0,0.0,0.0,0.0,0.0,0.0,0.0,0.0,0.0,0.0,0.0,0.0,0.0,0.0,0.0,0.0,0.0,0.0,0.0,0.0,0.0,0.0,0.0,0.0,0.0,0.0,0.0,0.0,0.0,2.0,2.0,200.0,5581.4,0.0,200.0,-200.0,1860.47,-2.0,-2.0,-200.0,0.01,0.01,,,,,,,,,,,0.0,0.0,0.0,200.0,
14038,飛米,新北國王,5,21|29|10874|13029|14038,李愷諺/林書緯/熊祥泰/杰倫/飛米,1,1,1.0,0.77,0.01,00:01,0.77,0.01,00:01,0.0,0.0,0.0,0.0,2.0,2.0,200.0,5581.4,0.0,0.0,0.0,0.0,0.0,0.0,0.0,0.0,0.0,0.0,0.0,0.0,0.0,0.0,0.0,0.0,0.0,0.0,0.0,0.0,0.0,0.0,0.0,0.0,0.0,0.0,0.0,0.0,0.0,0.0,0.0,0.0,0.0,0.0,0.0,0.0,0.0,0.0,0.0,0.0,0.0,0.0,0.0,0.0,0.0,0.0,0.0,0.0,0.0,0.0,0.0,0.0,0.0,0.0,0.0,0.0,0.0,0.0,0.0,0.0,0.0,0.0,0.0,0.0,0.0,0.0,0.0,0.0,2.0,2.0,200.0,5581.4,0.0,200.0,-200.0,1860.47,-2.0,-2.0,-200.0,0.01,0.01,,,,,,,,,,,0.0,0.0,0.0,200.0,
21,李愷諺,新北國王,3,21|24|14038,李愷諺/蘇士軒/飛米,1,8,9.0,140.02,2.33,02:20,140.02,2.33,02:20,0.0,0.0,0.0,0.0,6.0,6.0,66.67,92.55,4.0,4.0,44.44,61.7,0.0,0.0,0.0,0.0,0.0,0.0,0.0,0.0,0.0,0.0,0.0,0.0,4.0,4.0,44.44,61.7,0.0,0.0,0.0,0.0,0.0,0.0,0.0,0.0,0.0,0.0,0.0,0.0,0.0,0.0,0.0,0.0,4.0,4.0,44.44,61.7,1.0,1.0,11.11,15.43,0.0,0.0,0.0,0.0,0.0,0.0,0.0,0.0,0.0,0.0,0.0,0.0,0.0,0.0,0.0,0.0,0.0,0.0,0.0,0.0,1.0,1.0,11.11,15.43,0.0,0.0,0.0,0.0,0.0,66.67,-66.67,92.55,-6.0,-6.0,-66.67,2.33,2.33,0.0,0.0,,0.0,,0.0,,,0.8,0.8,0.0,0.0,0.11,0.0,0.0
21,李愷諺,新北國王,4,21|24|29|14038,李愷諺/蘇士軒/林書緯/飛米,1,8,9.0,140.02,2.33,02:20,140.02,2.33,02:20,0.0,0.0,0.0,0.0,6.0,6.0,66.67,92.55,4.0,4.0,44.44,61.7,0.0,0.0,0.0,0.0,0.0,0.0,0.0,0.0,0.0,0.0,0.0,0.0,4.0,4.0,44.44,61.7,0.0,0.0,0.0,0.0,0.0,0.0,0.0,0.0,0.0,0.0,0.0,0.0,0.0,0.0,0.0,0.0,4.0,4.0,44.44,61.7,1.0,1.0,11.11,15.43,0.0,0.0,0.0,0.0,0.0,0.0,0.0,0.0,0.0,0.0,0.0,0.0,0.0,0.0,0.0,0.0,0.0,0.0,0.0,0.0,1.0,1.0,11.11,15.43,0.0,0.0,0.0,0.0,0.0,66.67,-66.67,92.55,-6.0,-6.0,-66.67,2.33,2.33,0.0,0.0,,0.0,,0.0,,,0.8,0.8,0.0,0.0,0.11,0.0,0.0
21,李愷諺,新北國王,4,21|24|13029|14038,李愷諺/蘇士軒/杰倫/飛米,1,8,9.0,140.02,2.33,02:20,140.02,2.33,02:20,0.0,0.0,0.0,0.0,6.0,6.0,66.67,92.55,4.0,4.0,44.44,61.7,0.0,0.0,0.0,0.0,0.0,0.0,0.0,0.0,0.0,0.0,0.0,0.0,4.0,4.0,44.44,61.7,0.0,0.0,0.0,0.0,0.0,0.0,0.0,0.0,0.0,0.0,0.0,0.0,0.0,0.0,0.0,0.0,4.0,4.0,44.44,61.7,1.0,1.0,11.11,15.43,0.0,0.0,0.0,0.0,0.0,0.0,0.0,0.0,0.0,0.0,0.0,0.0,0.0,0.0,0.0,0.0,0.0,0.0,0.0,0.0,1.0,1.0,11.11,15.43,0.0,0.0,0.0,0.0,0.0,66.67,-66.67,92.55,-6.0,-6.0,-66.67,2.33,2.33,0.0,0.0,,0.0,,0.0,,,0.8,0.8,0.0,0.0,0.11,0.0,0.0
21,李愷諺,新北國王,5,21|24|29|13029|14038,李愷諺/蘇士軒/林書緯/杰倫/飛米,1,8,9.0,140.02,2.33,02:20,140.02,2.33,02:20,0.0,0.0,0.0,0.0,6.0,6.0,66.67,92.55,4.0,4.0,44.44,61.7,0.0,0.0,0.0,0.0,0.0,0.0,0.0,0.0,0.0,0.0,0.0,0.0,4.0,4.0,44.44,61.7,0.0,0.0,0.0,0.0,0.0,0.0,0.0,0.0,0.0,0.0,0.0,0.0,0.0,0.0,0.0,0.0,4.0,4.0,44.44,61.7,1.0,1.0,11.11,15.43,0.0,0.0,0.0,0.0,0.0,0.0,0.0,0.0,0.0,0.0,0.0,0.0,0.0,0.0,0.0,0.0,0.0,0.0,0.0,0.0,1.0,1.0,11.11,15.43,0.0,0.0,0.0,0.0,0.0,66.67,-66.67,92.55,-6.0,-6.0,-66.67,2.33,2.33,0.0,0.0,,0.0,,0.0,,,0.8,0.8,0.0,0.0,0.11,0.0,0.0
24,蘇士軒,新北國王,2,24|14038,蘇士軒/飛米,1,20,22.0,345.28,5.75,05:45,345.28,5.75,05:45,8.0,8.0,36.36,50.05,11.0,11.0,50.0,68.81,7.0,7.0,31.82,43.79,2.0,2.0,9.09,12.51,1.0,1.0,4.55,6.26,1.0,1.0,4.55,6.26,6.0,6.0,27.27,37.53,1.0,1.0,4.55,6.26,3.0,3.0,13.64,18.77,3.0,3.0,13.64,18.77,0.0,0.0,0.0,0.0,5.0,5.0,22.73,31.28,1.0,1.0,4.55,6.26,4.0,4.0,18.18,25.02,2.0,2.0,9.09,12.51,2.0,2.0,9.09,12.51,2.0,2.0,9.09,12.51,0.0,0.0,0.0,0.0,1.0,1.0,4.55,6.26,1.0,1.0,4.55,6.26,36.36,50.0,-13.64,91.75,-3.0,-3.0,-13.64,5.75,5.75,0.36,0.48,1.0,0.17,1.0,0.19,1.0,0.0,0.83,0.5,9.09,0.0,0.05,4.55,0.43
24,蘇士軒,新北國王,3,21|24|14038,李愷諺/蘇士軒/飛米,1,8,9.0,140.02,2.33,02:20,140.02,2.33,02:20,0.0,0.0,0.0,0.0,6.0,6.0,66.67,92.55,4.0,4.0,44.44,61.7,0.0,0.0,0.0,0.0,0.0,0.0,0.0,0.0,0.0,0.0,0.0,0.0,4.0,4.0,44.44,61.7,0.0,0.0,0.0,0.0,0.0,0.0,0.0,0.0,0.0,0.0,0.0,0.0,0.0,0.0,0.0,0.0,4.0,4.0,44.44,61.7,1.0,1.0,11.11,15.43,0.0,0.0,0.0,0.0,0.0,0.0,0.0,0.0,0.0,0.0,0.0,0.0,0.0,0.0,0.0,0.0,0.0,0.0,0.0,0.0,1.0,1.0,11.11,15.43,0.0,0.0,0.0,0.0,0.0,66.67,-66.67,92.55,-6.0,-6.0,-66.67,2.33,2.33,0.0,0.0,,0.0,,0.0,,,0.8,0.8,0.0,0.0,0.11,0.0,0.0
24,蘇士軒,新北國王,3,24|29|14038,蘇士軒/林書緯/飛米,1,20,22.0,345.28,5.75,05:45,345.28,5.75,05:45,8.0,8.0,36.36,50.05,11.0,11.0,50.0,68.81,7.0,7.0,31.82,43.79,2.0,2.0,9.09,12.51,1.0,1.0,4.55,6.26,1.0,1.0,4.55,6.26,6.0,6.0,27.27,37.53,1.0,1.0,4.55,6.26,3.0,3.0,13.64,18.77,3.0,3.0,13.64,18.77,0.0,0.0,0.0,0.0,5.0,5.0,22.73,31.28,1.0,1.0,4.55,6.26,4.0,4.0,18.18,25.02,2.0,2.0,9.09,12.51,2.0,2.0,9.09,12.51,2.0,2.0,9.09,12.51,0.0,0.0,0.0,0.0,1.0,1.0,4.55,6.26,1.0,1.0,4.55,6.26,36.36,50.0,-13.64,91.75,-3.0,-3.0,-13.64,5.75,5.75,0.36,0.48,1.0,0.17,1.0,0.19,1.0,0.0,0.83,0.5,9.09,0.0,0.05,4.55,0.43
24,蘇士軒,新北國王,3,24|13029|14038,蘇士軒/杰倫/飛米,1,20,22.0,345.28,5.75,05:45,345.28,5.75,05:45,8.0,8.0,36.36,50.05,11.0,11.0,50.0,68.81,7.0,7.0,31.82,43.79,2.0,2.0,9.09,12.51,1.0,1.0,4.55,6.26,1.0,1.0,4.55,6.26,6.0,6.0,27.27,37.53,1.0,1.0,4.55,6.26,3.0,3.0,13.64,18.77,3.0,3.0,13.64,18.77,0.0,0.0,0.0,0.0,5.0,5.0,22.73,31.28,1.0,1.0,4.55,6.26,4.0,4.0,18.18,25.02,2.0,2.0,9.09,12.51,2.0,2.0,9.09,12.51,2.0,2.0,9.09,12.51,0.0,0.0,0.0,0.0,1.0,1.0,4.55,6.26,1.0,1.0,4.55,6.26,36.36,50.0,-13.64,91.75,-3.0,-3.0,-13.64,5.75,5.75,0.36,0.48,1.0,0.17,1.0,0.19,1.0,0.0,0.83,0.5,9.09,0.0,0.05,4.55,0.43
24,蘇士軒,新北國王,4,21|24|29|14038,李愷諺/蘇士軒/林書緯/飛米,1,8,9.0,140.02,2.33,02:20,140.02,2.33,02:20,0.0,0.0,0.0,0.0,6.0,6.0,66.67,92.55,4.0,4.0,44.44,61.7,0.0,0.0,0.0,0.0,0.0,0.0,0.0,0.0,0.0,0.0,0.0,0.0,4.0,4.0,44.44,61.7,0.0,0.0,0.0,0.0,0.0,0.0,0.0,0.0,0.0,0.0,0.0,0.0,0.0,0.0,0.0,0.0,4.0,4.0,44.44,61.7,1.0,1.0,11.11,15.43,0.0,0.0,0.0,0.0,0.0,0.0,0.0,0.0,0.0,0.0,0.0,0.0,0.0,0.0,0.0,0.0,0.0,0.0,0.0,0.0,1.0,1.0,11.11,15.43,0.0,0.0,0.0,0.0,0.0,66.67,-66.67,92.55,-6.0,-6.0,-66.67,2.33,2.33,0.0,0.0,,0.0,,0.0,,,0.8,0.8,0.0,0.0,0.11,0.0,0.0
24,蘇士軒,新北國王,4,21|24|13029|14038,李愷諺/蘇士軒/杰倫/飛米,1,8,9.0,140.02,2.33,02:20,140.02,2.33,02:20,0.0,0.0,0.0,0.0,6.0,6.0,66.67,92.55,4.0,4.0,44.44,61.7,0.0,0.0,0.0,0.0,0.0,0.0,0.0,0.0,0.0,0.0,0.0,0.0,4.0,4.0,44.44,61.7,0.0,0.0,0.0,0.0,0.0,0.0,0.0,0.0,0.0,0.0,0.0,0.0,0.0,0.0,0.0,0.0,4.0,4.0,44.44,61.7,1.0,1.0,11.11,15.43,0.0,0.0,0.0,0.0,0.0,0.0,0.0,0.0,0.0,0.0,0.0,0.0,0.0,0.0,0.0,0.0,0.0,0.0,0.0,0.0,1.0,1.0,11.11,15.43,0.0,0.0,0.0,0.0,0.0,66.67,-66.67,92.55,-6.0,-6.0,-66.67,2.33,2.33,0.0,0.0,,0.0,,0.0,,,0.8,0.8,0.0,0.0,0.11,0.0,0.0
24,蘇士軒,新北國王,4,24|29|13029|14038,蘇士軒/林書緯/杰倫/飛米,1,20,22.0,345.28,5.75,05:45,345.28,5.75,05:45,8.0,8.0,36.36,50.05,11.0,11.0,50.0,68.81,7.0,7.0,31.82,43.79,2.0,2.0,9.09,12.51,1.0,1.0,4.55,6.26,1.0,1.0,4.55,6.26,6.0,6.0,27.27,37.53,1.0,1.0,4.55,6.26,3.0,3.0,13.64,18.77,3.0,3.0,13.64,18.77,0.0,0.0,0.0,0.0,5.0,5.0,22.73,31.28,1.0,1.0,4.55,6.26,4.0,4.0,18.18,25.02,2.0,2.0,9.09,12.51,2.0,2.0,9.09,12.51,2.0,2.0,9.09,12.51,0.0,0.0,0.0,0.0,1.0,1.0,4.55,6.26,1.0,1.0,4.55,6.26,36.36,50.0,-13.64,91.75,-3.0,-3.0,-13.64,5.75,5.75,0.36,0.48,1.0,0.17,1.0,0.19,1.0,0.0,0.83,0.5,9.09,0.0,0.05,4.55,0.43
24,蘇士軒,新北國王,5,21|24|29|13029|14038,李愷諺/蘇士軒/林書緯/杰倫/飛米,1,8,9.0,140.02,2.33,02:20,140.02,2.33,02:20,0.0,0.0,0.0,0.0,6.0,6.0,66.67,92.55,4.0,4.0,44.44,61.7,0.0,0.0,0.0,0.0,0.0,0.0,0.0,0.0,0.0,0.0,0.0,0.0,4.0,4.0,44.44,61.7,0.0,0.0,0.0,0.0,0.0,0.0,0.0,0.0,0.0,0.0,0.0,0.0,0.0,0.0,0.0,0.0,4.0,4.0,44.44,61.7,1.0,1.0,11.11,15.43,0.0,0.0,0.0,0.0,0.0,0.0,0.0,0.0,0.0,0.0,0.0,0.0,0.0,0.0,0.0,0.0,0.0,0.0,0.0,0.0,1.0,1.0,11.11,15.43,0.0,0.0,0.0,0.0,0.0,66.67,-66.67,92.55,-6.0,-6.0,-66.67,2.33,2.33,0.0,0.0,,0.0,,0.0,,,0.8,0.8,0.0,0.0,0.11,0.0,0.0
29,林書緯,新北國王,3,24|29|14038,蘇士軒/林書緯/飛米,1,20,22.0,345.28,5.75,05:45,345.28,5.75,05:45,8.0,8.0,36.36,50.05,11.0,11.0,50.0,68.81,7.0,7.0,31.82,43.79,2.0,2.0,9.09,12.51,1.0,1.0,4.55,6.26,1.0,1.0,4.55,6.26,6.0,6.0,27.27,37.53,1.0,1.0,4.55,6.26,3.0,3.0,13.64,18.77,3.0,3.0,13.64,18.77,0.0,0.0,0.0,0.0,5.0,5.0,22.73,31.28,1.0,1.0,4.55,6.26,4.0,4.0,18.18,25.02,2.0,2.0,9.09,12.51,2.0,2.0,9.09,12.51,2.0,2.0,9.09,12.51,0.0,0.0,0.0,0.0,1.0,1.0,4.55,6.26,1.0,1.0,4.55,6.26,36.36,50.0,-13.64,91.75,-3.0,-3.0,-13.64,5.75,5.75,0.36,0.48,1.0,0.17,1.0,0.19,1.0,0.0,0.83,0.5,9.09,0.0,0.05,4.55,0.43
29,林書緯,新北國王,4,21|24|29|14038,李愷諺/蘇士軒/林書緯/飛米,1,8,9.0,140.02,2.33,02:20,140.02,2.33,02:20,0.0,0.0,0.0,0.0,6.0,6.0,66.67,92.55,4.0,4.0,44.44,61.7,0.0,0.0,0.0,0.0,0.0,0.0,0.0,0.0,0.0,0.0,0.0,0.0,4.0,4.0,44.44,61.7,0.0,0.0,0.0,0.0,0.0,0.0,0.0,0.0,0.0,0.0,0.0,0.0,0.0,0.0,0.0,0.0,4.0,4.0,44.44,61.7,1.0,1.0,11.11,15.43,0.0,0.0,0.0,0.0,0.0,0.0,0.0,0.0,0.0,0.0,0.0,0.0,0.0,0.0,0.0,0.0,0.0,0.0,0.0,0.0,1.0,1.0,11.11,15.43,0.0,0.0,0.0,0.0,0.0,66.67,-66.67,92.55,-6.0,-6.0,-66.67,2.33,2.33,0.0,0.0,,0.0,,0.0,,,0.8,0.8,0.0,0.0,0.11,0.0,0.0
29,林書緯,新北國王,4,24|29|13029|14038,蘇士軒/林書緯/杰倫/飛米,1,20,22.0,345.28,5.75,05:45,345.28,5.75,05:45,8.0,8.0,36.36,50.05,11.0,11.0,50.0,68.81,7.0,7.0,31.82,43.79,2.0,2.0,9.09,12.51,1.0,1.0,4.55,6.26,1.0,1.0,4.55,6.26,6.0,6.0,27.27,37.53,1.0,1.0,4.55,6.26,3.0,3.0,13.64,18.77,3.0,3.0,13.64,18.77,0.0,0.0,0.0,0.0,5.0,5.0,22.73,31.28,1.0,1.0,4.55,6.26,4.0,4.0,18.18,25.02,2.0,2.0,9.09,12.51,2.0,2.0,9.09,12.51,2.0,2.0,9.09,12.51,0.0,0.0,0.0,0.0,1.0,1.0,4.55,6.26,1.0,1.0,4.55,6.26,36.36,50.0,-13.64,91.75,-3.0,-3.0,-13.64,5.75,5.75,0.36,0.48,1.0,0.17,1.0,0.19,1.0,0.0,0.83,0.5,9.09,0.0,0.05,4.55,0.43
29,林書緯,新北國王,5,21|24|29|13029|14038,李愷諺/蘇士軒/林書緯/杰倫/飛米,1,8,9.0,140.02,2.33,02:20,140.02,2.33,02:20,0.0,0.0,0.0,0.0,6.0,6.0,66.67,92.55,4.0,4.0,44.44,61.7,0.0,0.0,0.0,0.0,0.0,0.0,0.0,0.0,0.0,0.0,0.0,0.0,4.0,4.0,44.44,61.7,0.0,0.0,0.0,0.0,0.0,0.0,0.0,0.0,0.0,0.0,0.0,0.0,0.0,0.0,0.0,0.0,4.0,4.0,44.44,61.7,1.0,1.0,11.11,15.43,0.0,0.0,0.0,0.0,0.0,0.0,0.0,0.0,0.0,0.0,0.0,0.0,0.0,0.0,0.0,0.0,0.0,0.0,0.0,0.0,1.0,1.0,11.11,15.43,0.0,0.0,0.0,0.0,0.0,66.67,-66.67,92.55,-6.0,-6.0,-66.67,2.33,2.33,0.0,0.0,,0.0,,0.0,,,0.8,0.8,0.0,0.0,0.11,0.0,0.0
13029,杰倫,新北國王,3,24|13029|14038,蘇士軒/杰倫/飛米,1,20,22.0,345.28,5.75,05:45,345.28,5.75,05:45,8.0,8.0,36.36,50.05,11.0,11.0,50.0,68.81,7.0,7.0,31.82,43.79,2.0,2.0,9.09,12.51,1.0,1.0,4.55,6.26,1.0,1.0,4.55,6.26,6.0,6.0,27.27,37.53,1.0,1.0,4.55,6.26,3.0,3.0,13.64,18.77,3.0,3.0,13.64,18.77,0.0,0.0,0.0,0.0,5.0,5.0,22.73,31.28,1.0,1.0,4.55,6.26,4.0,4.0,18.18,25.02,2.0,2.0,9.09,12.51,2.0,2.0,9.09,12.51,2.0,2.0,9.09,12.51,0.0,0.0,0.0,0.0,1.0,1.0,4.55,6.26,1.0,1.0,4.55,6.26,36.36,50.0,-13.64,91.75,-3.0,-3.0,-13.64,5.75,5.75,0.36,0.48,1.0,0.17,1.0,0.19,1.0,0.0,0.83,0.5,9.09,0.0,0.05,4.55,0.43
13029,杰倫,新北國王,4,21|24|13029|14038,李愷諺/蘇士軒/杰倫/飛米,1,8,9.0,140.02,2.33,02:20,140.02,2.33,02:20,0.0,0.0,0.0,0.0,6.0,6.0,66.67,92.55,4.0,4.0,44.44,61.7,0.0,0.0,0.0,0.0,0.0,0.0,0.0,0.0,0.0,0.0,0.0,0.0,4.0,4.0,44.44,61.7,0.0,0.0,0.0,0.0,0.0,0.0,0.0,0.0,0.0,0.0,0.0,0.0,0.0,0.0,0.0,0.0,4.0,4.0,44.44,61.7,1.0,1.0,11.11,15.43,0.0,0.0,0.0,0.0,0.0,0.0,0.0,0.0,0.0,0.0,0.0,0.0,0.0,0.0,0.0,0.0,0.0,0.0,0.0,0.0,1.0,1.0,11.11,15.43,0.0,0.0,0.0,0.0,0.0,66.67,-66.67,92.55,-6.0,-6.0,-66.67,2.33,2.33,0.0,0.0,,0.0,,0.0,,,0.8,0.8,0.0,0.0,0.11,0.0,0.0
13029,杰倫,新北國王,4,24|29|13029|14038,蘇士軒/林書緯/杰倫/飛米,1,20,22.0,345.28,5.75,05:45,345.28,5.75,05:45,8.0,8.0,36.36,50.05,11.0,11.0,50.0,68.81,7.0,7.0,31.82,43.79,2.0,2.0,9.09,12.51,1.0,1.0,4.55,6.26,1.0,1.0,4.55,6.26,6.0,6.0,27.27,37.53,1.0,1.0,4.55,6.26,3.0,3.0,13.64,18.77,3.0,3.0,13.64,18.77,0.0,0.0,0.0,0.0,5.0,5.0,22.73,31.28,1.0,1.0,4.55,6.26,4.0,4.0,18.18,25.02,2.0,2.0,9.09,12.51,2.0,2.0,9.09,12.51,2.0,2.0,9.09,12.51,0.0,0.0,0.0,0.0,1.0,1.0,4.55,6.26,1.0,1.0,4.55,6.26,36.36,50.0,-13.64,91.75,-3.0,-3.0,-13.64,5.75,5.75,0.36,0.48,1.0,0.17,1.0,0.19,1.0,0.0,0.83,0.5,9.09,0.0,0.05,4.55,0.43
13029,杰倫,新北國王,5,21|24|29|13029|14038,李愷諺/蘇士軒/林書緯/杰倫/飛米,1,8,9.0,140.02,2.33,02:20,140.02,2.33,02:20,0.0,0.0,0.0,0.0,6.0,6.0,66.67,92.55,4.0,4.0,44.44,61.7,0.0,0.0,0.0,0.0,0.0,0.0,0.0,0.0,0.0,0.0,0.0,0.0,4.0,4.0,44.44,61.7,0.0,0.0,0.0,0.0,0.0,0.0,0.0,0.0,0.0,0.0,0.0,0.0,0.0,0.0,0.0,0.0,4.0,4.0,44.44,61.7,1.0,1.0,11.11,15.43,0.0,0.0,0.0,0.0,0.0,0.0,0.0,0.0,0.0,0.0,0.0,0.0,0.0,0.0,0.0,0.0,0.0,0.0,0.0,0.0,1.0,1.0,11.11,15.43,0.0,0.0,0.0,0.0,0.0,66.67,-66.67,92.55,-6.0,-6.0,-66.67,2.33,2.33,0.0,0.0,,0.0,,0.0,,,0.8,0.8,0.0,0.0,0.11,0.0,0.0
14038,飛米,新北國王,2,24|14038,蘇士軒/飛米,1,20,22.0,345.28,5.75,05:45,345.28,5.75,05:45,8.0,8.0,36.36,50.05,11.0,11.0,50.0,68.81,7.0,7.0,31.82,43.79,2.0,2.0,9.09,12.51,1.0,1.0,4.55,6.26,1.0,1.0,4.55,6.26,6.0,6.0,27.27,37.53,1.0,1.0,4.55,6.26,3.0,3.0,13.64,18.77,3.0,3.0,13.64,18.77,0.0,0.0,0.0,0.0,5.0,5.0,22.73,31.28,1.0,1.0,4.55,6.26,4.0,4.0,18.18,25.02,2.0,2.0,9.09,12.51,2.0,2.0,9.09,12.51,2.0,2.0,9.09,12.51,0.0,0.0,0.0,0.0,1.0,1.0,4.55,6.26,1.0,1.0,4.55,6.26,36.36,50.0,-13.64,91.75,-3.0,-3.0,-13.64,5.75,5.75,0.36,0.48,1.0,0.17,1.0,0.19,1.0,0.0,0.83,0.5,9.09,0.0,0.05,4.55,0.43
14038,飛米,新北國王,3,21|24|14038,李愷諺/蘇士軒/飛米,1,8,9.0,140.02,2.33,02:20,140.02,2.33,02:20,0.0,0.0,0.0,0.0,6.0,6.0,66.67,92.55,4.0,4.0,44.44,61.7,0.0,0.0,0.0,0.0,0.0,0.0,0.0,0.0,0.0,0.0,0.0,0.0,4.0,4.0,44.44,61.7,0.0,0.0,0.0,0.0,0.0,0.0,0.0,0.0,0.0,0.0,0.0,0.0,0.0,0.0,0.0,0.0,4.0,4.0,44.44,61.7,1.0,1.0,11.11,15.43,0.0,0.0,0.0,0.0,0.0,0.0,0.0,0.0,0.0,0.0,0.0,0.0,0.0,0.0,0.0,0.0,0.0,0.0,0.0,0.0,1.0,1.0,11.11,15.43,0.0,0.0,0.0,0.0,0.0,66.67,-66.67,92.55,-6.0,-6.0,-66.67,2.33,2.33,0.0,0.0,,0.0,,0.0,,,0.8,0.8,0.0,0.0,0.11,0.0,0.0
14038,飛米,新北國王,3,24|29|14038,蘇士軒/林書緯/飛米,1,20,22.0,345.28,5.75,05:45,345.28,5.75,05:45,8.0,8.0,36.36,50.05,11.0,11.0,50.0,68.81,7.0,7.0,31.82,43.79,2.0,2.0,9.09,12.51,1.0,1.0,4.55,6.26,1.0,1.0,4.55,6.26,6.0,6.0,27.27,37.53,1.0,1.0,4.55,6.26,3.0,3.0,13.64,18.77,3.0,3.0,13.64,18.77,0.0,0.0,0.0,0.0,5.0,5.0,22.73,31.28,1.0,1.0,4.55,6.26,4.0,4.0,18.18,25.02,2.0,2.0,9.09,12.51,2.0,2.0,9.09,12.51,2.0,2.0,9.09,12.51,0.0,0.0,0.0,0.0,1.0,1.0,4.55,6.26,1.0,1.0,4.55,6.26,36.36,50.0,-13.64,91.75,-3.0,-3.0,-13.64,5.75,5.75,0.36,0.48,1.0,0.17,1.0,0.19,1.0,0.0,0.83,0.5,9.09,0.0,0.05,4.55,0.43
14038,飛米,新北國王,3,24|13029|14038,蘇士軒/杰倫/飛米,1,20,22.0,345.28,5.75,05:45,345.28,5.75,05:45,8.0,8.0,36.36,50.05,11.0,11.0,50.0,68.81,7.0,7.0,31.82,43.79,2.0,2.0,9.09,12.51,1.0,1.0,4.55,6.26,1.0,1.0,4.55,6.26,6.0,6.0,27.27,37.53,1.0,1.0,4.55,6.26,3.0,3.0,13.64,18.77,3.0,3.0,13.64,18.77,0.0,0.0,0.0,0.0,5.0,5.0,22.73,31.28,1.0,1.0,4.55,6.26,4.0,4.0,18.18,25.02,2.0,2.0,9.09,12.51,2.0,2.0,9.09,12.51,2.0,2.0,9.09,12.51,0.0,0.0,0.0,0.0,1.0,1.0,4.55,6.26,1.0,1.0,4.55,6.26,36.36,50.0,-13.64,91.75,-3.0,-3.0,-13.64,5.75,5.75,0.36,0.48,1.0,0.17,1.0,0.19,1.0,0.0,0.83,0.5,9.09,0.0,0.05,4.55,0.43
14038,飛米,新北國王,4,21|24|29|14038,李愷諺/蘇士軒/林書緯/飛米,1,8,9.0,140.02,2.33,02:20,140.02,2.33,02:20,0.0,0.0,0.0,0.0,6.0,6.0,66.67,92.55,4.0,4.0,44.44,61.7,0.0,0.0,0.0,0.0,0.0,0.0,0.0,0.0,0.0,0.0,0.0,0.0,4.0,4.0,44.44,61.7,0.0,0.0,0.0,0.0,0.0,0.0,0.0,0.0,0.0,0.0,0.0,0.0,0.0,0.0,0.0,0.0,4.0,4.0,44.44,61.7,1.0,1.0,11.11,15.43,0.0,0.0,0.0,0.0,0.0,0.0,0.0,0.0,0.0,0.0,0.0,0.0,0.0,0.0,0.0,0.0,0.0,0.0,0.0,0.0,1.0,1.0,11.11,15.43,0.0,0.0,0.0,0.0,0.0,66.67,-66.67,92.55,-6.0,-6.0,-66.67,2.33,2.33,0.0,0.0,,0.0,,0.0,,,0.8,0.8,0.0,0.0,0.11,0.0,0.0
14038,飛米,新北國王,4,21|24|13029|14038,李愷諺/蘇士軒/杰倫/飛米,1,8,9.0,140.02,2.33,02:20,140.02,2.33,02:20,0.0,0.0,0.0,0.0,6.0,6.0,66.67,92.55,4.0,4.0,44.44,61.7,0.0,0.0,0.0,0.0,0.0,0.0,0.0,0.0,0.0,0.0,0.0,0.0,4.0,4.0,44.44,61.7,0.0,0.0,0.0,0.0,0.0,0.0,0.0,0.0,0.0,0.0,0.0,0.0,0.0,0.0,0.0,0.0,4.0,4.0,44.44,61.7,1.0,1.0,11.11,15.43,0.0,0.0,0.0,0.0,0.0,0.0,0.0,0.0,0.0,0.0,0.0,0.0,0.0,0.0,0.0,0.0,0.0,0.0,0.0,0.0,1.0,1.0,11.11,15.43,0.0,0.0,0.0,0.0,0.0,66.67,-66.67,92.55,-6.0,-6.0,-66.67,2.33,2.33,0.0,0.0,,0.0,,0.0,,,0.8,0.8,0.0,0.0,0.11,0.0,0.0
14038,飛米,新北國王,4,24|29|13029|14038,蘇士軒/林書緯/杰倫/飛米,1,20,22.0,345.28,5.75,05:45,345.28,5.75,05:45,8.0,8.0,36.36,50.05,11.0,11.0,50.0,68.81,7.0,7.0,31.82,43.79,2.0,2.0,9.09,12.51,1.0,1.0,4.55,6.26,1.0,1.0,4.55,6.26,6.0,6.0,27.27,37.53,1.0,1.0,4.55,6.26,3.0,3.0,13.64,18.77,3.0,3.0,13.64,18.77,0.0,0.0,0.0,0.0,5.0,5.0,22.73,31.28,1.0,1.0,4.55,6.26,4.0,4.0,18.18,25.02,2.0,2.0,9.09,12.51,2.0,2.0,9.09,12.51,2.0,2.0,9.09,12.51,0.0,0.0,0.0,0.0,1.0,1.0,4.55,6.26,1.0,1.0,4.55,6.26,36.36,50.0,-13.64,91.75,-3.0,-3.0,-13.64,5.75,5.75,0.36,0.48,1.0,0.17,1.0,0.19,1.0,0.0,0.83,0.5,9.09,0.0,0.05,4.55,0.43
14038,飛米,新北國王,5,21|24|29|13029|14038,李愷諺/蘇士軒/林書緯/杰倫/飛米,1,8,9.0,140.02,2.33,02:20,140.02,2.33,02:20,0.0,0.0,0.0,0.0,6.0,6.0,66.67,92.55,4.0,4.0,44.44,61.7,0.0,0.0,0.0,0.0,0.0,0.0,0.0,0.0,0.0,0.0,0.0,0.0,4.0,4.0,44.44,61.7,0.0,0.0,0.0,0.0,0.0,0.0,0.0,0.0,0.0,0.0,0.0,0.0,0.0,0.0,0.0,0.0,4.0,4.0,44.44,61.7,1.0,1.0,11.11,15.43,0.0,0.0,0.0,0.0,0.0,0.0,0.0,0.0,0.0,0.0,0.0,0.0,0.0,0.0,0.0,0.0,0.0,0.0,0.0,0.0,1.0,1.0,11.11,15.43,0.0,0.0,0.0,0.0,0.0,66.67,-66.67,92.55,-6.0,-6.0,-66.67,2.33,2.33,0.0,0.0,,0.0,,0.0,,,0.8,0.8,0.0,0.0,0.11,0.0,0.0
21,李愷諺,新北國王,5,21|29|32|10874|14038,李愷諺/林書緯/奧帝/熊祥泰/飛米,1,4,4.0,60.77,1.01,01:01,60.77,1.01,01:01,2.0,2.0,50.0,71.08,4.0,4.0,100.0,142.16,1.0,1.0,25.0,35.54,1.0,1.0,25.0,35.54,1.0,1.0,25.0,35.54,1.0,1.0,25.0,35.54,0.0,0.0,0.0,0.0,0.0,0.0,0.0,0.0,0.0,0.0,0.0,0.0,0.0,0.0,0.0,0.0,0.0,0.0,0.0,0.0,0.0,0.0,0.0,0.0,0.0,0.0,0.0,0.0,0.0,0.0,0.0,0.0,1.0,1.0,25.0,35.54,1.0,1.0,25.0,35.54,0.0,0.0,0.0,0.0,0.0,0.0,0.0,0.0,0.0,0.0,0.0,0.0,2.0,2.0,50.0,71.08,50.0,100.0,-50.0,94.78,-2.0,-2.0,-50.0,1.01,1.01,1.0,1.0,1.0,,,0.5,1.0,,,,0.0,0.0,0.0,50.0,0.0
29,林書緯,新北國王,5,21|29|32|10874|14038,李愷諺/林書緯/奧帝/熊祥泰/飛米,1,4,4.0,60.77,1.01,01:01,60.77,1.01,01:01,2.0,2.0,50.0,71.08,4.0,4.0,100.0,142.16,1.0,1.0,25.0,35.54,1.0,1.0,25.0,35.54,1.0,1.0,25.0,35.54,1.0,1.0,25.0,35.54,0.0,0.0,0.0,0.0,0.0,0.0,0.0,0.0,0.0,0.0,0.0,0.0,0.0,0.0,0.0,0.0,0.0,0.0,0.0,0.0,0.0,0.0,0.0,0.0,0.0,0.0,0.0,0.0,0.0,0.0,0.0,0.0,1.0,1.0,25.0,35.54,1.0,1.0,25.0,35.54,0.0,0.0,0.0,0.0,0.0,0.0,0.0,0.0,0.0,0.0,0.0,0.0,2.0,2.0,50.0,71.08,50.0,100.0,-50.0,94.78,-2.0,-2.0,-50.0,1.01,1.01,1.0,1.0,1.0,,,0.5,1.0,,,,0.0,0.0,0.0,50.0,0.0
32,奧帝,新北國王,5,21|29|32|10874|14038,李愷諺/林書緯/奧帝/熊祥泰/飛米,1,4,4.0,60.77,1.01,01:01,60.77,1.01,01:01,2.0,2.0,50.0,71.08,4.0,4.0,100.0,142.16,1.0,1.0,25.0,35.54,1.0,1.0,25.0,35.54,1.0,1.0,25.0,35.54,1.0,1.0,25.0,35.54,0.0,0.0,0.0,0.0,0.0,0.0,0.0,0.0,0.0,0.0,0.0,0.0,0.0,0.0,0.0,0.0,0.0,0.0,0.0,0.0,0.0,0.0,0.0,0.0,0.0,0.0,0.0,0.0,0.0,0.0,0.0,0.0,1.0,1.0,25.0,35.54,1.0,1.0,25.0,35.54,0.0,0.0,0.0,0.0,0.0,0.0,0.0,0.0,0.0,0.0,0.0,0.0,2.0,2.0,50.0,71.08,50.0,100.0,-50.0,94.78,-2.0,-2.0,-50.0,1.01,1.01,1.0,1.0,1.0,,,0.5,1.0,,,,0.0,0.0,0.0,50.0,0.0
10874,熊祥泰,新北國王,5,21|29|32|10874|14038,李愷諺/林書緯/奧帝/熊祥泰/飛米,1,4,4.0,60.77,1.01,01:01,60.77,1.01,01:01,2.0,2.0,50.0,71.08,4.0,4.0,100.0,142.16,1.0,1.0,25.0,35.54,1.0,1.0,25.0,35.54,1.0,1.0,25.0,35.54,1.0,1.0,25.0,35.54,0.0,0.0,0.0,0.0,0.0,0.0,0.0,0.0,0.0,0.0,0.0,0.0,0.0,0.0,0.0,0.0,0.0,0.0,0.0,0.0,0.0,0.0,0.0,0.0,0.0,0.0,0.0,0.0,0.0,0.0,0.0,0.0,1.0,1.0,25.0,35.54,1.0,1.0,25.0,35.54,0.0,0.0,0.0,0.0,0.0,0.0,0.0,0.0,0.0,0.0,0.0,0.0,2.0,2.0,50.0,71.08,50.0,100.0,-50.0,94.78,-2.0,-2.0,-50.0,1.01,1.01,1.0,1.0,1.0,,,0.5,1.0,,,,0.0,0.0,0.0,50.0,0.0
14038,飛米,新北國王,5,21|29|32|10874|14038,李愷諺/林書緯/奧帝/熊祥泰/飛米,1,4,4.0,60.77,1.01,01:01,60.77,1.01,01:01,2.0,2.0,50.0,71.08,4.0,4.0,100.0,142.16,1.0,1.0,25.0,35.54,1.0,1.0,25.0,35.54,1.0,1.0,25.0,35.54,1.0,1.0,25.0,35.54,0.0,0.0,0.0,0.0,0.0,0.0,0.0,0.0,0.0,0.0,0.0,0.0,0.0,0.0,0.0,0.0,0.0,0.0,0.0,0.0,0.0,0.0,0.0,0.0,0.0,0.0,0.0,0.0,0.0,0.0,0.0,0.0,1.0,1.0,25.0,35.54,1.0,1.0,25.0,35.54,0.0,0.0,0.0,0.0,0.0,0.0,0.0,0.0,0.0,0.0,0.0,0.0,2.0,2.0,50.0,71.08,50.0,100.0,-50.0,94.78,-2.0,-2.0,-50.0,1.01,1.01,1.0,1.0,1.0,,,0.5,1.0,,,,0.0,0.0,0.0,50.0,0.0
40,謝亞軒,新北中信特攻,3,40|43|10879,謝亞軒/林韋翰/簡廷兆,1,7,8.0,84.75,1.41,01:25,84.75,1.41,01:25,1.0,1.0,12.5,25.49,4.0,4.0,50.0,101.94,3.0,3.0,37.5,76.46,0.0,0.0,0.0,0.0,2.0,2.0,25.0,50.97,0.0,0.0,0.0,0.0,1.0,1.0,12.5,25.49,0.0,0.0,0.0,0.0,1.0,1.0,12.5,25.49,1.0,1.0,12.5,25.49,0.0,0.0,0.0,0.0,2.0,2.0,25.0,50.97,1.0,1.0,12.5,25.49,1.0,1.0,12.5,25.49,0.0,0.0,0.0,0.0,0.0,0.0,0.0,0.0,0.0,0.0,0.0,0.0,0.0,0.0,0.0,0.0,0.0,0.0,0.0,0.0,4.0,4.0,50.0,101.94,12.5,50.0,-37.5,135.92,-3.0,-3.0,-37.5,1.41,1.41,0.0,0.15,0.0,0.0,1.0,0.0,,0.0,0.67,0.5,0.0,0.0,0.0,50.0,0.33
40,謝亞軒,新北中信特攻,4,40|43|10877|10879,謝亞軒/林韋翰/阿巴西/簡廷兆,1,7,8.0,84.75,1.41,01:25,84.75,1.41,01:25,1.0,1.0,12.5,25.49,4.0,4.0,50.0,101.94,3.0,3.0,37.5,76.46,0.0,0.0,0.0,0.0,2.0,2.0,25.0,50.97,0.0,0.0,0.0,0.0,1.0,1.0,12.5,25.49,0.0,0.0,0.0,0.0,1.0,1.0,12.5,25.49,1.0,1.0,12.5,25.49,0.0,0.0,0.0,0.0,2.0,2.0,25.0,50.97,1.0,1.0,12.5,25.49,1.0,1.0,12.5,25.49,0.0,0.0,0.0,0.0,0.0,0.0,0.0,0.0,0.0,0.0,0.0,0.0,0.0,0.0,0.0,0.0,0.0,0.0,0.0,0.0,4.0,4.0,50.0,101.94,12.5,50.0,-37.5,135.92,-3.0,-3.0,-37.5,1.41,1.41,0.0,0.15,0.0,0.0,1.0,0.0,,0.0,0.67,0.5,0.0,0.0,0.0,50.0,0.33
40,謝亞軒,新北中信特攻,4,40|43|10879|10880,謝亞軒/林韋翰/簡廷兆/內馬,1,3,3.0,20.3,0.34,00:20,20.3,0.34,00:20,0.0,0.0,0.0,0.0,2.0,2.0,66.67,212.81,2.0,2.0,66.67,212.81,0.0,0.0,0.0,0.0,1.0,1.0,33.33,106.4,0.0,0.0,0.0,0.0,1.0,1.0,33.33,106.4,0.0,0.0,0.0,0.0,0.0,0.0,0.0,0.0,0.0,0.0,0.0,0.0,0.0,0.0,0.0,0.0,1.0,1.0,33.33,106.4,0.0,0.0,0.0,0.0,0.0,0.0,0.0,0.0,0.0,0.0,0.0,0.0,0.0,0.0,0.0,0.0,0.0,0.0,0.0,0.0,0.0,0.0,0.0,0.0,0.0,0.0,0.0,0.0,2.0,2.0,66.67,212.81,0.0,66.67,-66.67,212.81,-2.0,-2.0,-66.67,0.34,0.34,0.0,0.0,0.0,0.0,,0.0,,,1.0,1.0,0.0,0.0,0.0,66.67,0.0
40,謝亞軒,新北中信特攻,5,40|43|10877|10879|10880,謝亞軒/林韋翰/阿巴西/簡廷兆/內馬,1,3,3.0,20.3,0.34,00:20,20.3,0.34,00:20,0.0,0.0,0.0,0.0,2.0,2.0,66.67,212.81,2.0,2.0,66.67,212.81,0.0,0.0,0.0,0.0,1.0,1.0,33.33,106.4,0.0,0.0,0.0,0.0,1.0,1.0,33.33,106.4,0.0,0.0,0.0,0.0,0.0,0.0,0.0,0.0,0.0,0.0,0.0,0.0,0.0,0.0,0.0,0.0,1.0,1.0,33.33,106.4,0.0,0.0,0.0,0.0,0.0,0.0,0.0,0.0,0.0,0.0,0.0,0.0,0.0,0.0,0.0,0.0,0.0,0.0,0.0,0.0,0.0,0.0,0.0,0.0,0.0,0.0,0.0,0.0,2.0,2.0,66.67,212.81,0.0,66.67,-66.67,212.81,-2.0,-2.0,-66.67,0.34,0.34,0.0,0.0,0.0,0.0,,0.0,,,1.0,1.0,0.0,0.0,0.0,66.67,0.0
43,林韋翰,新北中信特攻,3,40|43|10879,謝亞軒/林韋翰/簡廷兆,1,7,8.0,84.75,1.41,01:25,84.75,1.41,01:25,1.0,1.0,12.5,25.49,4.0,4.0,50.0,101.94,3.0,3.0,37.5,76.46,0.0,0.0,0.0,0.0,2.0,2.0,25.0,50.97,0.0,0.0,0.0,0.0,1.0,1.0,12.5,25.49,0.0,0.0,0.0,0.0,1.0,1.0,12.5,25.49,1.0,1.0,12.5,25.49,0.0,0.0,0.0,0.0,2.0,2.0,25.0,50.97,1.0,1.0,12.5,25.49,1.0,1.0,12.5,25.49,0.0,0.0,0.0,0.0,0.0,0.0,0.0,0.0,0.0,0.0,0.0,0.0,0.0,0.0,0.0,0.0,0.0,0.0,0.0,0.0,4.0,4.0,50.0,101.94,12.5,50.0,-37.5,135.92,-3.0,-3.0,-37.5,1.41,1.41,0.0,0.15,0.0,0.0,1.0,0.0,,0.0,0.67,0.5,0.0,0.0,0.0,50.0,0.33
43,林韋翰,新北中信特攻,4,40|43|10877|10879,謝亞軒/林韋翰/阿巴西/簡廷兆,1,7,8.0,84.75,1.41,01:25,84.75,1.41,01:25,1.0,1.0,12.5,25.49,4.0,4.0,50.0,101.94,3.0,3.0,37.5,76.46,0.0,0.0,0.0,0.0,2.0,2.0,25.0,50.97,0.0,0.0,0.0,0.0,1.0,1.0,12.5,25.49,0.0,0.0,0.0,0.0,1.0,1.0,12.5,25.49,1.0,1.0,12.5,25.49,0.0,0.0,0.0,0.0,2.0,2.0,25.0,50.97,1.0,1.0,12.5,25.49,1.0,1.0,12.5,25.49,0.0,0.0,0.0,0.0,0.0,0.0,0.0,0.0,0.0,0.0,0.0,0.0,0.0,0.0,0.0,0.0,0.0,0.0,0.0,0.0,4.0,4.0,50.0,101.94,12.5,50.0,-37.5,135.92,-3.0,-3.0,-37.5,1.41,1.41,0.0,0.15,0.0,0.0,1.0,0.0,,0.0,0.67,0.5,0.0,0.0,0.0,50.0,0.33
43,林韋翰,新北中信特攻,4,40|43|10879|10880,謝亞軒/林韋翰/簡廷兆/內馬,1,3,3.0,20.3,0.34,00:20,20.3,0.34,00:20,0.0,0.0,0.0,0.0,2.0,2.0,66.67,212.81,2.0,2.0,66.67,212.81,0.0,0.0,0.0,0.0,1.0,1.0,33.33,106.4,0.0,0.0,0.0,0.0,1.0,1.0,33.33,106.4,0.0,0.0,0.0,0.0,0.0,0.0,0.0,0.0,0.0,0.0,0.0,0.0,0.0,0.0,0.0,0.0,1.0,1.0,33.33,106.4,0.0,0.0,0.0,0.0,0.0,0.0,0.0,0.0,0.0,0.0,0.0,0.0,0.0,0.0,0.0,0.0,0.0,0.0,0.0,0.0,0.0,0.0,0.0,0.0,0.0,0.0,0.0,0.0,2.0,2.0,66.67,212.81,0.0,66.67,-66.67,212.81,-2.0,-2.0,-66.67,0.34,0.34,0.0,0.0,0.0,0.0,,0.0,,,1.0,1.0,0.0,0.0,0.0,66.67,0.0
43,林韋翰,新北中信特攻,5,40|43|10877|10879|10880,謝亞軒/林韋翰/阿巴西/簡廷兆/內馬,1,3,3.0,20.3,0.34,00:20,20.3,0.34,00:20,0.0,0.0,0.0,0.0,2.0,2.0,66.67,212.81,2.0,2.0,66.67,212.81,0.0,0.0,0.0,0.0,1.0,1.0,33.33,106.4,0.0,0.0,0.0,0.0,1.0,1.0,33.33,106.4,0.0,0.0,0.0,0.0,0.0,0.0,0.0,0.0,0.0,0.0,0.0,0.0,0.0,0.0,0.0,0.0,1.0,1.0,33.33,106.4,0.0,0.0,0.0,0.0,0.0,0.0,0.0,0.0,0.0,0.0,0.0,0.0,0.0,0.0,0.0,0.0,0.0,0.0,0.0,0.0,0.0,0.0,0.0,0.0,0.0,0.0,0.0,0.0,2.0,2.0,66.67,212.81,0.0,66.67,-66.67,212.81,-2.0,-2.0,-66.67,0.34,0.34,0.0,0.0,0.0,0.0,,0.0,,,1.0,1.0,0.0,0.0,0.0,66.67,0.0
10877,阿巴西,新北中信特攻,4,40|43|10877|10879,謝亞軒/林韋翰/阿巴西/簡廷兆,1,7,8.0,84.75,1.41,01:25,84.75,1.41,01:25,1.0,1.0,12.5,25.49,4.0,4.0,50.0,101.94,3.0,3.0,37.5,76.46,0.0,0.0,0.0,0.0,2.0,2.0,25.0,50.97,0.0,0.0,0.0,0.0,1.0,1.0,12.5,25.49,0.0,0.0,0.0,0.0,1.0,1.0,12.5,25.49,1.0,1.0,12.5,25.49,0.0,0.0,0.0,0.0,2.0,2.0,25.0,50.97,1.0,1.0,12.5,25.49,1.0,1.0,12.5,25.49,0.0,0.0,0.0,0.0,0.0,0.0,0.0,0.0,0.0,0.0,0.0,0.0,0.0,0.0,0.0,0.0,0.0,0.0,0.0,0.0,4.0,4.0,50.0,101.94,12.5,50.0,-37.5,135.92,-3.0,-3.0,-37.5,1.41,1.41,0.0,0.15,0.0,0.0,1.0,0.0,,0.0,0.67,0.5,0.0,0.0,0.0,50.0,0.33
10877,阿巴西,新北中信特攻,5,40|43|10877|10879|10880,謝亞軒/林韋翰/阿巴西/簡廷兆/內馬,1,3,3.0,20.3,0.34,00:20,20.3,0.34,00:20,0.0,0.0,0.0,0.0,2.0,2.0,66.67,212.81,2.0,2.0,66.67,212.81,0.0,0.0,0.0,0.0,1.0,1.0,33.33,106.4,0.0,0.0,0.0,0.0,1.0,1.0,33.33,106.4,0.0,0.0,0.0,0.0,0.0,0.0,0.0,0.0,0.0,0.0,0.0,0.0,0.0,0.0,0.0,0.0,1.0,1.0,33.33,106.4,0.0,0.0,0.0,0.0,0.0,0.0,0.0,0.0,0.0,0.0,0.0,0.0,0.0,0.0,0.0,0.0,0.0,0.0,0.0,0.0,0.0,0.0,0.0,0.0,0.0,0.0,0.0,0.0,2.0,2.0,66.67,212.81,0.0,66.67,-66.67,212.81,-2.0,-2.0,-66.67,0.34,0.34,0.0,0.0,0.0,0.0,,0.0,,,1.0,1.0,0.0,0.0,0.0,66.67,0.0
10879,簡廷兆,新北中信特攻,3,40|43|10879,謝亞軒/林韋翰/簡廷兆,1,7,8.0,84.75,1.41,01:25,84.75,1.41,01:25,1.0,1.0,12.5,25.49,4.0,4.0,50.0,101.94,3.0,3.0,37.5,76.46,0.0,0.0,0.0,0.0,2.0,2.0,25.0,50.97,0.0,0.0,0.0,0.0,1.0,1.0,12.5,25.49,0.0,0.0,0.0,0.0,1.0,1.0,12.5,25.49,1.0,1.0,12.5,25.49,0.0,0.0,0.0,0.0,2.0,2.0,25.0,50.97,1.0,1.0,12.5,25.49,1.0,1.0,12.5,25.49,0.0,0.0,0.0,0.0,0.0,0.0,0.0,0.0,0.0,0.0,0.0,0.0,0.0,0.0,0.0,0.0,0.0,0.0,0.0,0.0,4.0,4.0,50.0,101.94,12.5,50.0,-37.5,135.92,-3.0,-3.0,-37.5,1.41,1.41,0.0,0.15,0.0,0.0,1.0,0.0,,0.0,0.67,0.5,0.0,0.0,0.0,50.0,0.33
10879,簡廷兆,新北中信特攻,4,40|43|10877|10879,謝亞軒/林韋翰/阿巴西/簡廷兆,1,7,8.0,84.75,1.41,01:25,84.75,1.41,01:25,1.0,1.0,12.5,25.49,4.0,4.0,50.0,101.94,3.0,3.0,37.5,76.46,0.0,0.0,0.0,0.0,2.0,2.0,25.0,50.97,0.0,0.0,0.0,0.0,1.0,1.0,12.5,25.49,0.0,0.0,0.0,0.0,1.0,1.0,12.5,25.49,1.0,1.0,12.5,25.49,0.0,0.0,0.0,0.0,2.0,2.0,25.0,50.97,1.0,1.0,12.5,25.49,1.0,1.0,12.5,25.49,0.0,0.0,0.0,0.0,0.0,0.0,0.0,0.0,0.0,0.0,0.0,0.0,0.0,0.0,0.0,0.0,0.0,0.0,0.0,0.0,4.0,4.0,50.0,101.94,12.5,50.0,-37.5,135.92,-3.0,-3.0,-37.5,1.41,1.41,0.0,0.15,0.0,0.0,1.0,0.0,,0.0,0.67,0.5,0.0,0.0,0.0,50.0,0.33
10879,簡廷兆,新北中信特攻,4,40|43|10879|10880,謝亞軒/林韋翰/簡廷兆/內馬,1,3,3.0,20.3,0.34,00:20,20.3,0.34,00:20,0.0,0.0,0.0,0.0,2.0,2.0,66.67,212.81,2.0,2.0,66.67,212.81,0.0,0.0,0.0,0.0,1.0,1.0,33.33,106.4,0.0,0.0,0.0,0.0,1.0,1.0,33.33,106.4,0.0,0.0,0.0,0.0,0.0,0.0,0.0,0.0,0.0,0.0,0.0,0.0,0.0,0.0,0.0,0.0,1.0,1.0,33.33,106.4,0.0,0.0,0.0,0.0,0.0,0.0,0.0,0.0,0.0,0.0,0.0,0.0,0.0,0.0,0.0,0.0,0.0,0.0,0.0,0.0,0.0,0.0,0.0,0.0,0.0,0.0,0.0,0.0,2.0,2.0,66.67,212.81,0.0,66.67,-66.67,212.81,-2.0,-2.0,-66.67,0.34,0.34,0.0,0.0,0.0,0.0,,0.0,,,1.0,1.0,0.0,0.0,0.0,66.67,0.0
10879,簡廷兆,新北中信特攻,5,40|43|10877|10879|10880,謝亞軒/林韋翰/阿巴西/簡廷兆/內馬,1,3,3.0,20.3,0.34,00:20,20.3,0.34,00:20,0.0,0.0,0.0,0.0,2.0,2.0,66.67,212.81,2.0,2.0,66.67,212.81,0.0,0.0,0.0,0.0,1.0,1.0,33.33,106.4,0.0,0.0,0.0,0.0,1.0,1.0,33.33,106.4,0.0,0.0,0.0,0.0,0.0,0.0,0.0,0.0,0.0,0.0,0.0,0.0,0.0,0.0,0.0,0.0,1.0,1.0,33.33,106.4,0.0,0.0,0.0,0.0,0.0,0.0,0.0,0.0,0.0,0.0,0.0,0.0,0.0,0.0,0.0,0.0,0.0,0.0,0.0,0.0,0.0,0.0,0.0,0.0,0.0,0.0,0.0,0.0,2.0,2.0,66.67,212.81,0.0,66.67,-66.67,212.81,-2.0,-2.0,-66.67,0.34,0.34,0.0,0.0,0.0,0.0,,0.0,,,1.0,1.0,0.0,0.0,0.0,66.67,0.0
10880,內馬,新北中信特攻,4,40|43|10879|10880,謝亞軒/林韋翰/簡廷兆/內馬,1,3,3.0,20.3,0.34,00:20,20.3,0.34,00:20,0.0,0.0,0.0,0.0,2.0,2.0,66.67,212.81,2.0,2.0,66.67,212.81,0.0,0.0,0.0,0.0,1.0,1.0,33.33,106.4,0.0,0.0,0.0,0.0,1.0,1.0,33.33,106.4,0.0,0.0,0.0,0.0,0.0,0.0,0.0,0.0,0.0,0.0,0.0,0.0,0.0,0.0,0.0,0.0,1.0,1.0,33.33,106.4,0.0,0.0,0.0,0.0,0.0,0.0,0.0,0.0,0.0,0.0,0.0,0.0,0.0,0.0,0.0,0.0,0.0,0.0,0.0,0.0,0.0,0.0,0.0,0.0,0.0,0.0,0.0,0.0,2.0,2.0,66.67,212.81,0.0,66.67,-66.67,212.81,-2.0,-2.0,-66.67,0.34,0.34,0.0,0.0,0.0,0.0,,0.0,,,1.0,1.0,0.0,0.0,0.0,66.67,0.0
10880,內馬,新北中信特攻,5,40|43|10877|10879|10880,謝亞軒/林韋翰/阿巴西/簡廷兆/內馬,1,3,3.0,20.3,0.34,00:20,20.3,0.34,00:20,0.0,0.0,0.0,0.0,2.0,2.0,66.67,212.81,2.0,2.0,66.67,212.81,0.0,0.0,0.0,0.0,1.0,1.0,33.33,106.4,0.0,0.0,0.0,0.0,1.0,1.0,33.33,106.4,0.0,0.0,0.0,0.0,0.0,0.0,0.0,0.0,0.0,0.0,0.0,0.0,0.0,0.0,0.0,0.0,1.0,1.0,33.33,106.4,0.0,0.0,0.0,0.0,0.0,0.0,0.0,0.0,0.0,0.0,0.0,0.0,0.0,0.0,0.0,0.0,0.0,0.0,0.0,0.0,0.0,0.0,0.0,0.0,0.0,0.0,0.0,0.0,2.0,2.0,66.67,212.81,0.0,66.67,-66.67,212.81,-2.0,-2.0,-66.67,0.34,0.34,0.0,0.0,0.0,0.0,,0.0,,,1.0,1.0,0.0,0.0,0.0,66.67,0.0
21,李愷諺,新北國王,3,21|10873|13029,李愷諺/喬納森/杰倫,1,1,1.0,3.0,0.05,00:03,3.0,0.05,00:03,0.0,0.0,0.0,0.0,0.0,0.0,0.0,0.0,0.0,0.0,0.0,0.0,0.0,0.0,0.0,0.0,0.0,0.0,0.0,0.0,0.0,0.0,0.0,0.0,0.0,0.0,0.0,0.0,0.0,0.0,0.0,0.0,0.0,0.0,0.0,0.0,0.0,0.0,0.0,0.0,0.0,0.0,0.0,0.0,0.0,0.0,0.0,0.0,0.0,0.0,0.0,0.0,0.0,0.0,0.0,0.0,0.0,0.0,0.0,0.0,0.0,0.0,0.0,0.0,0.0,0.0,0.0,0.0,0.0,0.0,0.0,0.0,0.0,0.0,0.0,0.0,0.0,0.0,0.0,0.0,0.0,0.0,0.0,480.0,0.0,0.0,0.0,0.05,0.05,,,,,,,,,,,0.0,0.0,0.0,0.0,
21,李愷諺,新北國王,4,21|10872|10873|13029,李愷諺/林彥廷/喬納森/杰倫,1,1,1.0,3.0,0.05,00:03,3.0,0.05,00:03,0.0,0.0,0.0,0.0,0.0,0.0,0.0,0.0,0.0,0.0,0.0,0.0,0.0,0.0,0.0,0.0,0.0,0.0,0.0,0.0,0.0,0.0,0.0,0.0,0.0,0.0,0.0,0.0,0.0,0.0,0.0,0.0,0.0,0.0,0.0,0.0,0.0,0.0,0.0,0.0,0.0,0.0,0.0,0.0,0.0,0.0,0.0,0.0,0.0,0.0,0.0,0.0,0.0,0.0,0.0,0.0,0.0,0.0,0.0,0.0,0.0,0.0,0.0,0.0,0.0,0.0,0.0,0.0,0.0,0.0,0.0,0.0,0.0,0.0,0.0,0.0,0.0,0.0,0.0,0.0,0.0,0.0,0.0,480.0,0.0,0.0,0.0,0.05,0.05,,,,,,,,,,,0.0,0.0,0.0,0.0,
21,李愷諺,新北國王,4,21|10873|13029|14038,李愷諺/喬納森/杰倫/飛米,1,1,1.0,3.0,0.05,00:03,3.0,0.05,00:03,0.0,0.0,0.0,0.0,0.0,0.0,0.0,0.0,0.0,0.0,0.0,0.0,0.0,0.0,0.0,0.0,0.0,0.0,0.0,0.0,0.0,0.0,0.0,0.0,0.0,0.0,0.0,0.0,0.0,0.0,0.0,0.0,0.0,0.0,0.0,0.0,0.0,0.0,0.0,0.0,0.0,0.0,0.0,0.0,0.0,0.0,0.0,0.0,0.0,0.0,0.0,0.0,0.0,0.0,0.0,0.0,0.0,0.0,0.0,0.0,0.0,0.0,0.0,0.0,0.0,0.0,0.0,0.0,0.0,0.0,0.0,0.0,0.0,0.0,0.0,0.0,0.0,0.0,0.0,0.0,0.0,0.0,0.0,480.0,0.0,0.0,0.0,0.05,0.05,,,,,,,,,,,0.0,0.0,0.0,0.0,
21,李愷諺,新北國王,5,21|10872|10873|13029|14038,李愷諺/林彥廷/喬納森/杰倫/飛米,1,1,1.0,3.0,0.05,00:03,3.0,0.05,00:03,0.0,0.0,0.0,0.0,0.0,0.0,0.0,0.0,0.0,0.0,0.0,0.0,0.0,0.0,0.0,0.0,0.0,0.0,0.0,0.0,0.0,0.0,0.0,0.0,0.0,0.0,0.0,0.0,0.0,0.0,0.0,0.0,0.0,0.0,0.0,0.0,0.0,0.0,0.0,0.0,0.0,0.0,0.0,0.0,0.0,0.0,0.0,0.0,0.0,0.0,0.0,0.0,0.0,0.0,0.0,0.0,0.0,0.0,0.0,0.0,0.0,0.0,0.0,0.0,0.0,0.0,0.0,0.0,0.0,0.0,0.0,0.0,0.0,0.0,0.0,0.0,0.0,0.0,0.0,0.0,0.0,0.0,0.0,480.0,0.0,0.0,0.0,0.05,0.05,,,,,,,,,,,0.0,0.0,0.0,0.0,
10872,林彥廷,新北國王,3,10872|10873|13029,林彥廷/喬納森/杰倫,1,1,1.0,3.0,0.05,00:03,3.0,0.05,00:03,0.0,0.0,0.0,0.0,0.0,0.0,0.0,0.0,0.0,0.0,0.0,0.0,0.0,0.0,0.0,0.0,0.0,0.0,0.0,0.0,0.0,0.0,0.0,0.0,0.0,0.0,0.0,0.0,0.0,0.0,0.0,0.0,0.0,0.0,0.0,0.0,0.0,0.0,0.0,0.0,0.0,0.0,0.0,0.0,0.0,0.0,0.0,0.0,0.0,0.0,0.0,0.0,0.0,0.0,0.0,0.0,0.0,0.0,0.0,0.0,0.0,0.0,0.0,0.0,0.0,0.0,0.0,0.0,0.0,0.0,0.0,0.0,0.0,0.0,0.0,0.0,0.0,0.0,0.0,0.0,0.0,0.0,0.0,480.0,0.0,0.0,0.0,0.05,0.05,,,,,,,,,,,0.0,0.0,0.0,0.0,
10872,林彥廷,新北國王,4,21|10872|10873|13029,李愷諺/林彥廷/喬納森/杰倫,1,1,1.0,3.0,0.05,00:03,3.0,0.05,00:03,0.0,0.0,0.0,0.0,0.0,0.0,0.0,0.0,0.0,0.0,0.0,0.0,0.0,0.0,0.0,0.0,0.0,0.0,0.0,0.0,0.0,0.0,0.0,0.0,0.0,0.0,0.0,0.0,0.0,0.0,0.0,0.0,0.0,0.0,0.0,0.0,0.0,0.0,0.0,0.0,0.0,0.0,0.0,0.0,0.0,0.0,0.0,0.0,0.0,0.0,0.0,0.0,0.0,0.0,0.0,0.0,0.0,0.0,0.0,0.0,0.0,0.0,0.0,0.0,0.0,0.0,0.0,0.0,0.0,0.0,0.0,0.0,0.0,0.0,0.0,0.0,0.0,0.0,0.0,0.0,0.0,0.0,0.0,480.0,0.0,0.0,0.0,0.05,0.05,,,,,,,,,,,0.0,0.0,0.0,0.0,
10872,林彥廷,新北國王,4,10872|10873|13029|14038,林彥廷/喬納森/杰倫/飛米,1,1,1.0,3.0,0.05,00:03,3.0,0.05,00:03,0.0,0.0,0.0,0.0,0.0,0.0,0.0,0.0,0.0,0.0,0.0,0.0,0.0,0.0,0.0,0.0,0.0,0.0,0.0,0.0,0.0,0.0,0.0,0.0,0.0,0.0,0.0,0.0,0.0,0.0,0.0,0.0,0.0,0.0,0.0,0.0,0.0,0.0,0.0,0.0,0.0,0.0,0.0,0.0,0.0,0.0,0.0,0.0,0.0,0.0,0.0,0.0,0.0,0.0,0.0,0.0,0.0,0.0,0.0,0.0,0.0,0.0,0.0,0.0,0.0,0.0,0.0,0.0,0.0,0.0,0.0,0.0,0.0,0.0,0.0,0.0,0.0,0.0,0.0,0.0,0.0,0.0,0.0,480.0,0.0,0.0,0.0,0.05,0.05,,,,,,,,,,,0.0,0.0,0.0,0.0,
10872,林彥廷,新北國王,5,21|10872|10873|13029|14038,李愷諺/林彥廷/喬納森/杰倫/飛米,1,1,1.0,3.0,0.05,00:03,3.0,0.05,00:03,0.0,0.0,0.0,0.0,0.0,0.0,0.0,0.0,0.0,0.0,0.0,0.0,0.0,0.0,0.0,0.0,0.0,0.0,0.0,0.0,0.0,0.0,0.0,0.0,0.0,0.0,0.0,0.0,0.0,0.0,0.0,0.0,0.0,0.0,0.0,0.0,0.0,0.0,0.0,0.0,0.0,0.0,0.0,0.0,0.0,0.0,0.0,0.0,0.0,0.0,0.0,0.0,0.0,0.0,0.0,0.0,0.0,0.0,0.0,0.0,0.0,0.0,0.0,0.0,0.0,0.0,0.0,0.0,0.0,0.0,0.0,0.0,0.0,0.0,0.0,0.0,0.0,0.0,0.0,0.0,0.0,0.0,0.0,480.0,0.0,0.0,0.0,0.05,0.05,,,,,,,,,,,0.0,0.0,0.0,0.0,
10873,喬納森,新北國王,2,10873|13029,喬納森/杰倫,1,1,1.0,3.0,0.05,00:03,3.0,0.05,00:03,0.0,0.0,0.0,0.0,0.0,0.0,0.0,0.0,0.0,0.0,0.0,0.0,0.0,0.0,0.0,0.0,0.0,0.0,0.0,0.0,0.0,0.0,0.0,0.0,0.0,0.0,0.0,0.0,0.0,0.0,0.0,0.0,0.0,0.0,0.0,0.0,0.0,0.0,0.0,0.0,0.0,0.0,0.0,0.0,0.0,0.0,0.0,0.0,0.0,0.0,0.0,0.0,0.0,0.0,0.0,0.0,0.0,0.0,0.0,0.0,0.0,0.0,0.0,0.0,0.0,0.0,0.0,0.0,0.0,0.0,0.0,0.0,0.0,0.0,0.0,0.0,0.0,0.0,0.0,0.0,0.0,0.0,0.0,480.0,0.0,0.0,0.0,0.05,0.05,,,,,,,,,,,0.0,0.0,0.0,0.0,
10873,喬納森,新北國王,3,21|10873|13029,李愷諺/喬納森/杰倫,1,1,1.0,3.0,0.05,00:03,3.0,0.05,00:03,0.0,0.0,0.0,0.0,0.0,0.0,0.0,0.0,0.0,0.0,0.0,0.0,0.0,0.0,0.0,0.0,0.0,0.0,0.0,0.0,0.0,0.0,0.0,0.0,0.0,0.0,0.0,0.0,0.0,0.0,0.0,0.0,0.0,0.0,0.0,0.0,0.0,0.0,0.0,0.0,0.0,0.0,0.0,0.0,0.0,0.0,0.0,0.0,0.0,0.0,0.0,0.0,0.0,0.0,0.0,0.0,0.0,0.0,0.0,0.0,0.0,0.0,0.0,0.0,0.0,0.0,0.0,0.0,0.0,0.0,0.0,0.0,0.0,0.0,0.0,0.0,0.0,0.0,0.0,0.0,0.0,0.0,0.0,480.0,0.0,0.0,0.0,0.05,0.05,,,,,,,,,,,0.0,0.0,0.0,0.0,
10873,喬納森,新北國王,3,10872|10873|13029,林彥廷/喬納森/杰倫,1,1,1.0,3.0,0.05,00:03,3.0,0.05,00:03,0.0,0.0,0.0,0.0,0.0,0.0,0.0,0.0,0.0,0.0,0.0,0.0,0.0,0.0,0.0,0.0,0.0,0.0,0.0,0.0,0.0,0.0,0.0,0.0,0.0,0.0,0.0,0.0,0.0,0.0,0.0,0.0,0.0,0.0,0.0,0.0,0.0,0.0,0.0,0.0,0.0,0.0,0.0,0.0,0.0,0.0,0.0,0.0,0.0,0.0,0.0,0.0,0.0,0.0,0.0,0.0,0.0,0.0,0.0,0.0,0.0,0.0,0.0,0.0,0.0,0.0,0.0,0.0,0.0,0.0,0.0,0.0,0.0,0.0,0.0,0.0,0.0,0.0,0.0,0.0,0.0,0.0,0.0,480.0,0.0,0.0,0.0,0.05,0.05,,,,,,,,,,,0.0,0.0,0.0,0.0,
10873,喬納森,新北國王,3,10873|13029|14038,喬納森/杰倫/飛米,1,1,1.0,3.0,0.05,00:03,3.0,0.05,00:03,0.0,0.0,0.0,0.0,0.0,0.0,0.0,0.0,0.0,0.0,0.0,0.0,0.0,0.0,0.0,0.0,0.0,0.0,0.0,0.0,0.0,0.0,0.0,0.0,0.0,0.0,0.0,0.0,0.0,0.0,0.0,0.0,0.0,0.0,0.0,0.0,0.0,0.0,0.0,0.0,0.0,0.0,0.0,0.0,0.0,0.0,0.0,0.0,0.0,0.0,0.0,0.0,0.0,0.0,0.0,0.0,0.0,0.0,0.0,0.0,0.0,0.0,0.0,0.0,0.0,0.0,0.0,0.0,0.0,0.0,0.0,0.0,0.0,0.0,0.0,0.0,0.0,0.0,0.0,0.0,0.0,0.0,0.0,480.0,0.0,0.0,0.0,0.05,0.05,,,,,,,,,,,0.0,0.0,0.0,0.0,
10873,喬納森,新北國王,4,21|10872|10873|13029,李愷諺/林彥廷/喬納森/杰倫,1,1,1.0,3.0,0.05,00:03,3.0,0.05,00:03,0.0,0.0,0.0,0.0,0.0,0.0,0.0,0.0,0.0,0.0,0.0,0.0,0.0,0.0,0.0,0.0,0.0,0.0,0.0,0.0,0.0,0.0,0.0,0.0,0.0,0.0,0.0,0.0,0.0,0.0,0.0,0.0,0.0,0.0,0.0,0.0,0.0,0.0,0.0,0.0,0.0,0.0,0.0,0.0,0.0,0.0,0.0,0.0,0.0,0.0,0.0,0.0,0.0,0.0,0.0,0.0,0.0,0.0,0.0,0.0,0.0,0.0,0.0,0.0,0.0,0.0,0.0,0.0,0.0,0.0,0.0,0.0,0.0,0.0,0.0,0.0,0.0,0.0,0.0,0.0,0.0,0.0,0.0,480.0,0.0,0.0,0.0,0.05,0.05,,,,,,,,,,,0.0,0.0,0.0,0.0,
10873,喬納森,新北國王,4,21|10873|13029|14038,李愷諺/喬納森/杰倫/飛米,1,1,1.0,3.0,0.05,00:03,3.0,0.05,00:03,0.0,0.0,0.0,0.0,0.0,0.0,0.0,0.0,0.0,0.0,0.0,0.0,0.0,0.0,0.0,0.0,0.0,0.0,0.0,0.0,0.0,0.0,0.0,0.0,0.0,0.0,0.0,0.0,0.0,0.0,0.0,0.0,0.0,0.0,0.0,0.0,0.0,0.0,0.0,0.0,0.0,0.0,0.0,0.0,0.0,0.0,0.0,0.0,0.0,0.0,0.0,0.0,0.0,0.0,0.0,0.0,0.0,0.0,0.0,0.0,0.0,0.0,0.0,0.0,0.0,0.0,0.0,0.0,0.0,0.0,0.0,0.0,0.0,0.0,0.0,0.0,0.0,0.0,0.0,0.0,0.0,0.0,0.0,480.0,0.0,0.0,0.0,0.05,0.05,,,,,,,,,,,0.0,0.0,0.0,0.0,
10873,喬納森,新北國王,4,10872|10873|13029|14038,林彥廷/喬納森/杰倫/飛米,1,1,1.0,3.0,0.05,00:03,3.0,0.05,00:03,0.0,0.0,0.0,0.0,0.0,0.0,0.0,0.0,0.0,0.0,0.0,0.0,0.0,0.0,0.0,0.0,0.0,0.0,0.0,0.0,0.0,0.0,0.0,0.0,0.0,0.0,0.0,0.0,0.0,0.0,0.0,0.0,0.0,0.0,0.0,0.0,0.0,0.0,0.0,0.0,0.0,0.0,0.0,0.0,0.0,0.0,0.0,0.0,0.0,0.0,0.0,0.0,0.0,0.0,0.0,0.0,0.0,0.0,0.0,0.0,0.0,0.0,0.0,0.0,0.0,0.0,0.0,0.0,0.0,0.0,0.0,0.0,0.0,0.0,0.0,0.0,0.0,0.0,0.0,0.0,0.0,0.0,0.0,480.0,0.0,0.0,0.0,0.05,0.05,,,,,,,,,,,0.0,0.0,0.0,0.0,
10873,喬納森,新北國王,5,21|10872|10873|13029|14038,李愷諺/林彥廷/喬納森/杰倫/飛米,1,1,1.0,3.0,0.05,00:03,3.0,0.05,00:03,0.0,0.0,0.0,0.0,0.0,0.0,0.0,0.0,0.0,0.0,0.0,0.0,0.0,0.0,0.0,0.0,0.0,0.0,0.0,0.0,0.0,0.0,0.0,0.0,0.0,0.0,0.0,0.0,0.0,0.0,0.0,0.0,0.0,0.0,0.0,0.0,0.0,0.0,0.0,0.0,0.0,0.0,0.0,0.0,0.0,0.0,0.0,0.0,0.0,0.0,0.0,0.0,0.0,0.0,0.0,0.0,0.0,0.0,0.0,0.0,0.0,0.0,0.0,0.0,0.0,0.0,0.0,0.0,0.0,0.0,0.0,0.0,0.0,0.0,0.0,0.0,0.0,0.0,0.0,0.0,0.0,0.0,0.0,480.0,0.0,0.0,0.0,0.05,0.05,,,,,,,,,,,0.0,0.0,0.0,0.0,
13029,杰倫,新北國王,2,10873|13029,喬納森/杰倫,1,1,1.0,3.0,0.05,00:03,3.0,0.05,00:03,0.0,0.0,0.0,0.0,0.0,0.0,0.0,0.0,0.0,0.0,0.0,0.0,0.0,0.0,0.0,0.0,0.0,0.0,0.0,0.0,0.0,0.0,0.0,0.0,0.0,0.0,0.0,0.0,0.0,0.0,0.0,0.0,0.0,0.0,0.0,0.0,0.0,0.0,0.0,0.0,0.0,0.0,0.0,0.0,0.0,0.0,0.0,0.0,0.0,0.0,0.0,0.0,0.0,0.0,0.0,0.0,0.0,0.0,0.0,0.0,0.0,0.0,0.0,0.0,0.0,0.0,0.0,0.0,0.0,0.0,0.0,0.0,0.0,0.0,0.0,0.0,0.0,0.0,0.0,0.0,0.0,0.0,0.0,480.0,0.0,0.0,0.0,0.05,0.05,,,,,,,,,,,0.0,0.0,0.0,0.0,
13029,杰倫,新北國王,3,21|10873|13029,李愷諺/喬納森/杰倫,1,1,1.0,3.0,0.05,00:03,3.0,0.05,00:03,0.0,0.0,0.0,0.0,0.0,0.0,0.0,0.0,0.0,0.0,0.0,0.0,0.0,0.0,0.0,0.0,0.0,0.0,0.0,0.0,0.0,0.0,0.0,0.0,0.0,0.0,0.0,0.0,0.0,0.0,0.0,0.0,0.0,0.0,0.0,0.0,0.0,0.0,0.0,0.0,0.0,0.0,0.0,0.0,0.0,0.0,0.0,0.0,0.0,0.0,0.0,0.0,0.0,0.0,0.0,0.0,0.0,0.0,0.0,0.0,0.0,0.0,0.0,0.0,0.0,0.0,0.0,0.0,0.0,0.0,0.0,0.0,0.0,0.0,0.0,0.0,0.0,0.0,0.0,0.0,0.0,0.0,0.0,480.0,0.0,0.0,0.0,0.05,0.05,,,,,,,,,,,0.0,0.0,0.0,0.0,
13029,杰倫,新北國王,3,10872|10873|13029,林彥廷/喬納森/杰倫,1,1,1.0,3.0,0.05,00:03,3.0,0.05,00:03,0.0,0.0,0.0,0.0,0.0,0.0,0.0,0.0,0.0,0.0,0.0,0.0,0.0,0.0,0.0,0.0,0.0,0.0,0.0,0.0,0.0,0.0,0.0,0.0,0.0,0.0,0.0,0.0,0.0,0.0,0.0,0.0,0.0,0.0,0.0,0.0,0.0,0.0,0.0,0.0,0.0,0.0,0.0,0.0,0.0,0.0,0.0,0.0,0.0,0.0,0.0,0.0,0.0,0.0,0.0,0.0,0.0,0.0,0.0,0.0,0.0,0.0,0.0,0.0,0.0,0.0,0.0,0.0,0.0,0.0,0.0,0.0,0.0,0.0,0.0,0.0,0.0,0.0,0.0,0.0,0.0,0.0,0.0,480.0,0.0,0.0,0.0,0.05,0.05,,,,,,,,,,,0.0,0.0,0.0,0.0,
13029,杰倫,新北國王,3,10873|13029|14038,喬納森/杰倫/飛米,1,1,1.0,3.0,0.05,00:03,3.0,0.05,00:03,0.0,0.0,0.0,0.0,0.0,0.0,0.0,0.0,0.0,0.0,0.0,0.0,0.0,0.0,0.0,0.0,0.0,0.0,0.0,0.0,0.0,0.0,0.0,0.0,0.0,0.0,0.0,0.0,0.0,0.0,0.0,0.0,0.0,0.0,0.0,0.0,0.0,0.0,0.0,0.0,0.0,0.0,0.0,0.0,0.0,0.0,0.0,0.0,0.0,0.0,0.0,0.0,0.0,0.0,0.0,0.0,0.0,0.0,0.0,0.0,0.0,0.0,0.0,0.0,0.0,0.0,0.0,0.0,0.0,0.0,0.0,0.0,0.0,0.0,0.0,0.0,0.0,0.0,0.0,0.0,0.0,0.0,0.0,480.0,0.0,0.0,0.0,0.05,0.05,,,,,,,,,,,0.0,0.0,0.0,0.0,
13029,杰倫,新北國王,4,21|10872|10873|13029,李愷諺/林彥廷/喬納森/杰倫,1,1,1.0,3.0,0.05,00:03,3.0,0.05,00:03,0.0,0.0,0.0,0.0,0.0,0.0,0.0,0.0,0.0,0.0,0.0,0.0,0.0,0.0,0.0,0.0,0.0,0.0,0.0,0.0,0.0,0.0,0.0,0.0,0.0,0.0,0.0,0.0,0.0,0.0,0.0,0.0,0.0,0.0,0.0,0.0,0.0,0.0,0.0,0.0,0.0,0.0,0.0,0.0,0.0,0.0,0.0,0.0,0.0,0.0,0.0,0.0,0.0,0.0,0.0,0.0,0.0,0.0,0.0,0.0,0.0,0.0,0.0,0.0,0.0,0.0,0.0,0.0,0.0,0.0,0.0,0.0,0.0,0.0,0.0,0.0,0.0,0.0,0.0,0.0,0.0,0.0,0.0,480.0,0.0,0.0,0.0,0.05,0.05,,,,,,,,,,,0.0,0.0,0.0,0.0,
13029,杰倫,新北國王,4,21|10873|13029|14038,李愷諺/喬納森/杰倫/飛米,1,1,1.0,3.0,0.05,00:03,3.0,0.05,00:03,0.0,0.0,0.0,0.0,0.0,0.0,0.0,0.0,0.0,0.0,0.0,0.0,0.0,0.0,0.0,0.0,0.0,0.0,0.0,0.0,0.0,0.0,0.0,0.0,0.0,0.0,0.0,0.0,0.0,0.0,0.0,0.0,0.0,0.0,0.0,0.0,0.0,0.0,0.0,0.0,0.0,0.0,0.0,0.0,0.0,0.0,0.0,0.0,0.0,0.0,0.0,0.0,0.0,0.0,0.0,0.0,0.0,0.0,0.0,0.0,0.0,0.0,0.0,0.0,0.0,0.0,0.0,0.0,0.0,0.0,0.0,0.0,0.0,0.0,0.0,0.0,0.0,0.0,0.0,0.0,0.0,0.0,0.0,480.0,0.0,0.0,0.0,0.05,0.05,,,,,,,,,,,0.0,0.0,0.0,0.0,
13029,杰倫,新北國王,4,10872|10873|13029|14038,林彥廷/喬納森/杰倫/飛米,1,1,1.0,3.0,0.05,00:03,3.0,0.05,00:03,0.0,0.0,0.0,0.0,0.0,0.0,0.0,0.0,0.0,0.0,0.0,0.0,0.0,0.0,0.0,0.0,0.0,0.0,0.0,0.0,0.0,0.0,0.0,0.0,0.0,0.0,0.0,0.0,0.0,0.0,0.0,0.0,0.0,0.0,0.0,0.0,0.0,0.0,0.0,0.0,0.0,0.0,0.0,0.0,0.0,0.0,0.0,0.0,0.0,0.0,0.0,0.0,0.0,0.0,0.0,0.0,0.0,0.0,0.0,0.0,0.0,0.0,0.0,0.0,0.0,0.0,0.0,0.0,0.0,0.0,0.0,0.0,0.0,0.0,0.0,0.0,0.0,0.0,0.0,0.0,0.0,0.0,0.0,480.0,0.0,0.0,0.0,0.05,0.05,,,,,,,,,,,0.0,0.0,0.0,0.0,
13029,杰倫,新北國王,5,21|10872|10873|13029|14038,李愷諺/林彥廷/喬納森/杰倫/飛米,1,1,1.0,3.0,0.05,00:03,3.0,0.05,00:03,0.0,0.0,0.0,0.0,0.0,0.0,0.0,0.0,0.0,0.0,0.0,0.0,0.0,0.0,0.0,0.0,0.0,0.0,0.0,0.0,0.0,0.0,0.0,0.0,0.0,0.0,0.0,0.0,0.0,0.0,0.0,0.0,0.0,0.0,0.0,0.0,0.0,0.0,0.0,0.0,0.0,0.0,0.0,0.0,0.0,0.0,0.0,0.0,0.0,0.0,0.0,0.0,0.0,0.0,0.0,0.0,0.0,0.0,0.0,0.0,0.0,0.0,0.0,0.0,0.0,0.0,0.0,0.0,0.0,0.0,0.0,0.0,0.0,0.0,0.0,0.0,0.0,0.0,0.0,0.0,0.0,0.0,0.0,480.0,0.0,0.0,0.0,0.05,0.05,,,,,,,,,,,0.0,0.0,0.0,0.0,
14038,飛米,新北國王,3,10873|13029|14038,喬納森/杰倫/飛米,1,1,1.0,3.0,0.05,00:03,3.0,0.05,00:03,0.0,0.0,0.0,0.0,0.0,0.0,0.0,0.0,0.0,0.0,0.0,0.0,0.0,0.0,0.0,0.0,0.0,0.0,0.0,0.0,0.0,0.0,0.0,0.0,0.0,0.0,0.0,0.0,0.0,0.0,0.0,0.0,0.0,0.0,0.0,0.0,0.0,0.0,0.0,0.0,0.0,0.0,0.0,0.0,0.0,0.0,0.0,0.0,0.0,0.0,0.0,0.0,0.0,0.0,0.0,0.0,0.0,0.0,0.0,0.0,0.0,0.0,0.0,0.0,0.0,0.0,0.0,0.0,0.0,0.0,0.0,0.0,0.0,0.0,0.0,0.0,0.0,0.0,0.0,0.0,0.0,0.0,0.0,480.0,0.0,0.0,0.0,0.05,0.05,,,,,,,,,,,0.0,0.0,0.0,0.0,
14038,飛米,新北國王,4,21|10873|13029|14038,李愷諺/喬納森/杰倫/飛米,1,1,1.0,3.0,0.05,00:03,3.0,0.05,00:03,0.0,0.0,0.0,0.0,0.0,0.0,0.0,0.0,0.0,0.0,0.0,0.0,0.0,0.0,0.0,0.0,0.0,0.0,0.0,0.0,0.0,0.0,0.0,0.0,0.0,0.0,0.0,0.0,0.0,0.0,0.0,0.0,0.0,0.0,0.0,0.0,0.0,0.0,0.0,0.0,0.0,0.0,0.0,0.0,0.0,0.0,0.0,0.0,0.0,0.0,0.0,0.0,0.0,0.0,0.0,0.0,0.0,0.0,0.0,0.0,0.0,0.0,0.0,0.0,0.0,0.0,0.0,0.0,0.0,0.0,0.0,0.0,0.0,0.0,0.0,0.0,0.0,0.0,0.0,0.0,0.0,0.0,0.0,480.0,0.0,0.0,0.0,0.05,0.05,,,,,,,,,,,0.0,0.0,0.0,0.0,
14038,飛米,新北國王,4,10872|10873|13029|14038,林彥廷/喬納森/杰倫/飛米,1,1,1.0,3.0,0.05,00:03,3.0,0.05,00:03,0.0,0.0,0.0,0.0,0.0,0.0,0.0,0.0,0.0,0.0,0.0,0.0,0.0,0.0,0.0,0.0,0.0,0.0,0.0,0.0,0.0,0.0,0.0,0.0,0.0,0.0,0.0,0.0,0.0,0.0,0.0,0.0,0.0,0.0,0.0,0.0,0.0,0.0,0.0,0.0,0.0,0.0,0.0,0.0,0.0,0.0,0.0,0.0,0.0,0.0,0.0,0.0,0.0,0.0,0.0,0.0,0.0,0.0,0.0,0.0,0.0,0.0,0.0,0.0,0.0,0.0,0.0,0.0,0.0,0.0,0.0,0.0,0.0,0.0,0.0,0.0,0.0,0.0,0.0,0.0,0.0,0.0,0.0,480.0,0.0,0.0,0.0,0.05,0.05,,,,,,,,,,,0.0,0.0,0.0,0.0,
14038,飛米,新北國王,5,21|10872|10873|13029|14038,李愷諺/林彥廷/喬納森/杰倫/飛米,1,1,1.0,3.0,0.05,00:03,3.0,0.05,00:03,0.0,0.0,0.0,0.0,0.0,0.0,0.0,0.0,0.0,0.0,0.0,0.0,0.0,0.0,0.0,0.0,0.0,0.0,0.0,0.0,0.0,0.0,0.0,0.0,0.0,0.0,0.0,0.0,0.0,0.0,0.0,0.0,0.0,0.0,0.0,0.0,0.0,0.0,0.0,0.0,0.0,0.0,0.0,0.0,0.0,0.0,0.0,0.0,0.0,0.0,0.0,0.0,0.0,0.0,0.0,0.0,0.0,0.0,0.0,0.0,0.0,0.0,0.0,0.0,0.0,0.0,0.0,0.0,0.0,0.0,0.0,0.0,0.0,0.0,0.0,0.0,0.0,0.0,0.0,0.0,0.0,0.0,0.0,480.0,0.0,0.0,0.0,0.05,0.05,,,,,,,,,,,0.0,0.0,0.0,0.0,
40,謝亞軒,新北中信特攻,4,40|43|10880|10881,謝亞軒/林韋翰/內馬/飛克,1,41,45.0,667.35,11.12,11:07,667.35,11.12,11:07,20.0,20.0,44.44,64.73,21.0,21.0,46.67,67.97,15.0,15.0,33.33,48.55,8.0,8.0,17.78,25.89,8.0,8.0,17.78,25.89,5.0,5.0,11.11,16.18,7.0,7.0,15.56,22.66,3.0,3.0,6.67,9.71,3.0,3.0,6.67,9.71,1.0,1.0,2.22,3.24,1.0,1.0,2.22,3.24,8.0,8.0,17.78,25.89,0.0,0.0,0.0,0.0,8.0,8.0,17.78,25.89,6.0,6.0,13.33,19.42,5.0,5.0,11.11,16.18,4.0,4.0,8.89,12.95,1.0,1.0,2.22,3.24,5.0,5.0,11.11,16.18,2.0,2.0,4.44,6.47,44.44,46.67,-2.22,97.1,-1.0,-1.0,-2.22,11.12,11.12,0.63,0.61,0.62,0.43,0.33,0.27,0.62,0.11,1.0,0.53,8.89,2.22,0.11,4.44,0.2
40,謝亞軒,新北中信特攻,5,40|43|10877|10880|10881,謝亞軒/林韋翰/阿巴西/內馬/飛克,1,39,43.0,641.04,10.68,10:41,641.04,10.68,10:41,20.0,20.0,46.51,67.39,21.0,21.0,48.84,70.76,14.0,14.0,32.56,47.17,8.0,8.0,18.6,26.96,7.0,7.0,16.28,23.59,5.0,5.0,11.63,16.85,7.0,7.0,16.28,23.59,3.0,3.0,6.98,10.11,1.0,1.0,2.33,3.37,0.0,0.0,0.0,0.0,1.0,1.0,2.33,3.37,6.0,6.0,13.95,20.22,0.0,0.0,0.0,0.0,7.0,7.0,16.28,23.59,6.0,6.0,13.95,20.22,5.0,5.0,11.63,16.85,4.0,4.0,9.3,13.48,1.0,1.0,2.33,3.37,5.0,5.0,11.63,16.85,2.0,2.0,4.65,6.74,46.51,48.84,-2.33,96.59,-1.0,-1.0,-2.33,10.68,10.68,0.68,0.69,0.71,0.43,0.0,0.29,0.62,0.12,1.0,0.5,9.3,2.33,0.12,4.65,0.07
43,林韋翰,新北中信特攻,4,40|43|10880|10881,謝亞軒/林韋翰/內馬/飛克,1,41,45.0,667.35,11.12,11:07,667.35,11.12,11:07,20.0,20.0,44.44,64.73,21.0,21.0,46.67,67.97,15.0,15.0,33.33,48.55,8.0,8.0,17.78,25.89,8.0,8.0,17.78,25.89,5.0,5.0,11.11,16.18,7.0,7.0,15.56,22.66,3.0,3.0,6.67,9.71,3.0,3.0,6.67,9.71,1.0,1.0,2.22,3.24,1.0,1.0,2.22,3.24,8.0,8.0,17.78,25.89,0.0,0.0,0.0,0.0,8.0,8.0,17.78,25.89,6.0,6.0,13.33,19.42,5.0,5.0,11.11,16.18,4.0,4.0,8.89,12.95,1.0,1.0,2.22,3.24,5.0,5.0,11.11,16.18,2.0,2.0,4.44,6.47,44.44,46.67,-2.22,97.1,-1.0,-1.0,-2.22,11.12,11.12,0.63,0.61,0.62,0.43,0.33,0.27,0.62,0.11,1.0,0.53,8.89,2.22,0.11,4.44,0.2
43,林韋翰,新北中信特攻,5,40|43|10877|10880|10881,謝亞軒/林韋翰/阿巴西/內馬/飛克,1,39,43.0,641.04,10.68,10:41,641.04,10.68,10:41,20.0,20.0,46.51,67.39,21.0,21.0,48.84,70.76,14.0,14.0,32.56,47.17,8.0,8.0,18.6,26.96,7.0,7.0,16.28,23.59,5.0,5.0,11.63,16.85,7.0,7.0,16.28,23.59,3.0,3.0,6.98,10.11,1.0,1.0,2.33,3.37,0.0,0.0,0.0,0.0,1.0,1.0,2.33,3.37,6.0,6.0,13.95,20.22,0.0,0.0,0.0,0.0,7.0,7.0,16.28,23.59,6.0,6.0,13.95,20.22,5.0,5.0,11.63,16.85,4.0,4.0,9.3,13.48,1.0,1.0,2.33,3.37,5.0,5.0,11.63,16.85,2.0,2.0,4.65,6.74,46.51,48.84,-2.33,96.59,-1.0,-1.0,-2.33,10.68,10.68,0.68,0.69,0.71,0.43,0.0,0.29,0.62,0.12,1.0,0.5,9.3,2.33,0.12,4.65,0.07
10877,阿巴西,新北中信特攻,5,40|43|10877|10880|10881,謝亞軒/林韋翰/阿巴西/內馬/飛克,1,39,43.0,641.04,10.68,10:41,641.04,10.68,10:41,20.0,20.0,46.51,67.39,21.0,21.0,48.84,70.76,14.0,14.0,32.56,47.17,8.0,8.0,18.6,26.96,7.0,7.0,16.28,23.59,5.0,5.0,11.63,16.85,7.0,7.0,16.28,23.59,3.0,3.0,6.98,10.11,1.0,1.0,2.33,3.37,0.0,0.0,0.0,0.0,1.0,1.0,2.33,3.37,6.0,6.0,13.95,20.22,0.0,0.0,0.0,0.0,7.0,7.0,16.28,23.59,6.0,6.0,13.95,20.22,5.0,5.0,11.63,16.85,4.0,4.0,9.3,13.48,1.0,1.0,2.33,3.37,5.0,5.0,11.63,16.85,2.0,2.0,4.65,6.74,46.51,48.84,-2.33,96.59,-1.0,-1.0,-2.33,10.68,10.68,0.68,0.69,0.71,0.43,0.0,0.29,0.62,0.12,1.0,0.5,9.3,2.33,0.12,4.65,0.07
10880,內馬,新北中信特攻,4,40|43|10880|10881,謝亞軒/林韋翰/內馬/飛克,1,41,45.0,667.35,11.12,11:07,667.35,11.12,11:07,20.0,20.0,44.44,64.73,21.0,21.0,46.67,67.97,15.0,15.0,33.33,48.55,8.0,8.0,17.78,25.89,8.0,8.0,17.78,25.89,5.0,5.0,11.11,16.18,7.0,7.0,15.56,22.66,3.0,3.0,6.67,9.71,3.0,3.0,6.67,9.71,1.0,1.0,2.22,3.24,1.0,1.0,2.22,3.24,8.0,8.0,17.78,25.89,0.0,0.0,0.0,0.0,8.0,8.0,17.78,25.89,6.0,6.0,13.33,19.42,5.0,5.0,11.11,16.18,4.0,4.0,8.89,12.95,1.0,1.0,2.22,3.24,5.0,5.0,11.11,16.18,2.0,2.0,4.44,6.47,44.44,46.67,-2.22,97.1,-1.0,-1.0,-2.22,11.12,11.12,0.63,0.61,0.62,0.43,0.33,0.27,0.62,0.11,1.0,0.53,8.89,2.22,0.11,4.44,0.2
10880,內馬,新北中信特攻,5,40|43|10877|10880|10881,謝亞軒/林韋翰/阿巴西/內馬/飛克,1,39,43.0,641.04,10.68,10:41,641.04,10.68,10:41,20.0,20.0,46.51,67.39,21.0,21.0,48.84,70.76,14.0,14.0,32.56,47.17,8.0,8.0,18.6,26.96,7.0,7.0,16.28,23.59,5.0,5.0,11.63,16.85,7.0,7.0,16.28,23.59,3.0,3.0,6.98,10.11,1.0,1.0,2.33,3.37,0.0,0.0,0.0,0.0,1.0,1.0,2.33,3.37,6.0,6.0,13.95,20.22,0.0,0.0,0.0,0.0,7.0,7.0,16.28,23.59,6.0,6.0,13.95,20.22,5.0,5.0,11.63,16.85,4.0,4.0,9.3,13.48,1.0,1.0,2.33,3.37,5.0,5.0,11.63,16.85,2.0,2.0,4.65,6.74,46.51,48.84,-2.33,96.59,-1.0,-1.0,-2.33,10.68,10.68,0.68,0.69,0.71,0.43,0.0,0.29,0.62,0.12,1.0,0.5,9.3,2.33,0.12,4.65,0.07
10881,飛克,新北中信特攻,4,40|43|10880|10881,謝亞軒/林韋翰/內馬/飛克,1,41,45.0,667.35,11.12,11:07,667.35,11.12,11:07,20.0,20.0,44.44,64.73,21.0,21.0,46.67,67.97,15.0,15.0,33.33,48.55,8.0,8.0,17.78,25.89,8.0,8.0,17.78,25.89,5.0,5.0,11.11,16.18,7.0,7.0,15.56,22.66,3.0,3.0,6.67,9.71,3.0,3.0,6.67,9.71,1.0,1.0,2.22,3.24,1.0,1.0,2.22,3.24,8.0,8.0,17.78,25.89,0.0,0.0,0.0,0.0,8.0,8.0,17.78,25.89,6.0,6.0,13.33,19.42,5.0,5.0,11.11,16.18,4.0,4.0,8.89,12.95,1.0,1.0,2.22,3.24,5.0,5.0,11.11,16.18,2.0,2.0,4.44,6.47,44.44,46.67,-2.22,97.1,-1.0,-1.0,-2.22,11.12,11.12,0.63,0.61,0.62,0.43,0.33,0.27,0.62,0.11,1.0,0.53,8.89,2.22,0.11,4.44,0.2
10881,飛克,新北中信特攻,5,40|43|10877|10880|10881,謝亞軒/林韋翰/阿巴西/內馬/飛克,1,39,43.0,641.04,10.68,10:41,641.04,10.68,10:41,20.0,20.0,46.51,67.39,21.0,21.0,48.84,70.76,14.0,14.0,32.56,47.17,8.0,8.0,18.6,26.96,7.0,7.0,16.28,23.59,5.0,5.0,11.63,16.85,7.0,7.0,16.28,23.59,3.0,3.0,6.98,10.11,1.0,1.0,2.33,3.37,0.0,0.0,0.0,0.0,1.0,1.0,2.33,3.37,6.0,6.0,13.95,20.22,0.0,0.0,0.0,0.0,7.0,7.0,16.28,23.59,6.0,6.0,13.95,20.22,5.0,5.0,11.63,16.85,4.0,4.0,9.3,13.48,1.0,1.0,2.33,3.37,5.0,5.0,11.63,16.85,2.0,2.0,4.65,6.74,46.51,48.84,-2.33,96.59,-1.0,-1.0,-2.33,10.68,10.68,0.68,0.69,0.71,0.43,0.0,0.29,0.62,0.12,1.0,0.5,9.3,2.33,0.12,4.65,0.07
40,謝亞軒,新北中信特攻,2,40|47,謝亞軒/曾文鼎,1,12,14.0,141.0,2.35,02:21,141.0,2.35,02:21,3.0,3.0,21.43,45.96,7.0,7.0,50.0,107.23,6.0,6.0,42.86,91.91,1.0,1.0,7.14,15.32,2.0,2.0,14.29,30.64,0.0,0.0,0.0,0.0,4.0,4.0,28.57,61.27,1.0,1.0,7.14,15.32,2.0,2.0,14.29,30.64,1.0,1.0,7.14,15.32,1.0,1.0,7.14,15.32,5.0,5.0,35.71,76.59,0.0,0.0,0.0,0.0,2.0,2.0,14.29,30.64,1.0,1.0,7.14,15.32,1.0,1.0,7.14,15.32,0.0,0.0,0.0,0.0,0.0,0.0,0.0,0.0,0.0,0.0,0.0,0.0,2.0,2.0,14.29,30.64,21.43,50.0,-28.57,142.97,-4.0,-4.0,-28.57,2.35,2.35,0.25,0.22,0.0,0.25,0.5,0.13,1.0,0.33,1.0,0.75,0.0,0.0,0.0,14.29,0.33
40,謝亞軒,新北中信特攻,3,40|43|47,謝亞軒/林韋翰/曾文鼎,1,2,2.0,26.31,0.44,00:26,26.31,0.44,00:26,0.0,0.0,0.0,0.0,0.0,0.0,0.0,0.0,1.0,1.0,50.0,82.09,0.0,0.0,0.0,0.0,1.0,1.0,50.0,82.09,0.0,0.0,0.0,0.0,0.0,0.0,0.0,0.0,0.0,0.0,0.0,0.0,2.0,2.0,100.0,164.19,1.0,1.0,50.0,82.09,0.0,0.0,0.0,0.0,2.0,2.0,100.0,164.19,0.0,0.0,0.0,0.0,1.0,1.0,50.0,82.09,0.0,0.0,0.0,0.0,0.0,0.0,0.0,0.0,0.0,0.0,0.0,0.0,0.0,0.0,0.0,0.0,0.0,0.0,0.0,0.0,0.0,0.0,0.0,0.0,0.0,0.0,0.0,109.46,0.0,0.0,0.0,0.44,0.44,0.0,0.0,0.0,,0.5,0.0,,0.0,1.0,0.67,0.0,0.0,0.0,0.0,2.0
40,謝亞軒,新北中信特攻,3,40|47|10880,謝亞軒/曾文鼎/內馬,1,6,7.0,75.31,1.26,01:15,75.31,1.26,01:15,0.0,0.0,0.0,0.0,0.0,0.0,0.0,0.0,2.0,2.0,28.57,57.36,0.0,0.0,0.0,0.0,2.0,2.0,28.57,57.36,0.0,0.0,0.0,0.0,0.0,0.0,0.0,0.0,0.0,0.0,0.0,0.0,2.0,2.0,28.57,57.36,1.0,1.0,14.29,28.68,0.0,0.0,0.0,0.0,3.0,3.0,42.86,86.04,0.0,0.0,0.0,0.0,2.0,2.0,28.57,57.36,1.0,1.0,14.29,28.68,0.0,0.0,0.0,0.0,0.0,0.0,0.0,0.0,0.0,0.0,0.0,0.0,0.0,0.0,0.0,0.0,0.0,0.0,0.0,0.0,0.0,0.0,0.0,133.84,0.0,0.0,0.0,1.26,1.26,0.0,0.0,0.0,,0.5,0.26,,0.0,1.0,0.6,0.0,0.0,0.0,0.0,1.0
40,謝亞軒,新北中信特攻,3,40|47|10881,謝亞軒/曾文鼎/飛克,1,12,14.0,141.0,2.35,02:21,141.0,2.35,02:21,3.0,3.0,21.43,45.96,7.0,7.0,50.0,107.23,6.0,6.0,42.86,91.91,1.0,1.0,7.14,15.32,2.0,2.0,14.29,30.64,0.0,0.0,0.0,0.0,4.0,4.0,28.57,61.27,1.0,1.0,7.14,15.32,2.0,2.0,14.29,30.64,1.0,1.0,7.14,15.32,1.0,1.0,7.14,15.32,5.0,5.0,35.71,76.59,0.0,0.0,0.0,0.0,2.0,2.0,14.29,30.64,1.0,1.0,7.14,15.32,1.0,1.0,7.14,15.32,0.0,0.0,0.0,0.0,0.0,0.0,0.0,0.0,0.0,0.0,0.0,0.0,2.0,2.0,14.29,30.64,21.43,50.0,-28.57,142.97,-4.0,-4.0,-28.57,2.35,2.35,0.25,0.22,0.0,0.25,0.5,0.13,1.0,0.33,1.0,0.75,0.0,0.0,0.0,14.29,0.33
40,謝亞軒,新北中信特攻,4,40|43|47|10880,謝亞軒/林韋翰/曾文鼎/內馬,1,2,2.0,26.31,0.44,00:26,26.31,0.44,00:26,0.0,0.0,0.0,0.0,0.0,0.0,0.0,0.0,1.0,1.0,50.0,82.09,0.0,0.0,0.0,0.0,1.0,1.0,50.0,82.09,0.0,0.0,0.0,0.0,0.0,0.0,0.0,0.0,0.0,0.0,0.0,0.0,2.0,2.0,100.0,164.19,1.0,1.0,50.0,82.09,0.0,0.0,0.0,0.0,2.0,2.0,100.0,164.19,0.0,0.0,0.0,0.0,1.0,1.0,50.0,82.09,0.0,0.0,0.0,0.0,0.0,0.0,0.0,0.0,0.0,0.0,0.0,0.0,0.0,0.0,0.0,0.0,0.0,0.0,0.0,0.0,0.0,0.0,0.0,0.0,0.0,0.0,0.0,109.46,0.0,0.0,0.0,0.44,0.44,0.0,0.0,0.0,,0.5,0.0,,0.0,1.0,0.67,0.0,0.0,0.0,0.0,2.0
40,謝亞軒,新北中信特攻,4,40|43|47|10881,謝亞軒/林韋翰/曾文鼎/飛克,1,2,2.0,26.31,0.44,00:26,26.31,0.44,00:26,0.0,0.0,0.0,0.0,0.0,0.0,0.0,0.0,1.0,1.0,50.0,82.09,0.0,0.0,0.0,0.0,1.0,1.0,50.0,82.09,0.0,0.0,0.0,0.0,0.0,0.0,0.0,0.0,0.0,0.0,0.0,0.0,2.0,2.0,100.0,164.19,1.0,1.0,50.0,82.09,0.0,0.0,0.0,0.0,2.0,2.0,100.0,164.19,0.0,0.0,0.0,0.0,1.0,1.0,50.0,82.09,0.0,0.0,0.0,0.0,0.0,0.0,0.0,0.0,0.0,0.0,0.0,0.0,0.0,0.0,0.0,0.0,0.0,0.0,0.0,0.0,0.0,0.0,0.0,0.0,0.0,0.0,0.0,109.46,0.0,0.0,0.0,0.44,0.44,0.0,0.0,0.0,,0.5,0.0,,0.0,1.0,0.67,0.0,0.0,0.0,0.0,2.0
40,謝亞軒,新北中信特攻,4,40|47|10880|10881,謝亞軒/曾文鼎/內馬/飛克,1,6,7.0,75.31,1.26,01:15,75.31,1.26,01:15,0.0,0.0,0.0,0.0,0.0,0.0,0.0,0.0,2.0,2.0,28.57,57.36,0.0,0.0,0.0,0.0,2.0,2.0,28.57,57.36,0.0,0.0,0.0,0.0,0.0,0.0,0.0,0.0,0.0,0.0,0.0,0.0,2.0,2.0,28.57,57.36,1.0,1.0,14.29,28.68,0.0,0.0,0.0,0.0,3.0,3.0,42.86,86.04,0.0,0.0,0.0,0.0,2.0,2.0,28.57,57.36,1.0,1.0,14.29,28.68,0.0,0.0,0.0,0.0,0.0,0.0,0.0,0.0,0.0,0.0,0.0,0.0,0.0,0.0,0.0,0.0,0.0,0.0,0.0,0.0,0.0,0.0,0.0,133.84,0.0,0.0,0.0,1.26,1.26,0.0,0.0,0.0,,0.5,0.26,,0.0,1.0,0.6,0.0,0.0,0.0,0.0,1.0
40,謝亞軒,新北中信特攻,5,40|43|47|10880|10881,謝亞軒/林韋翰/曾文鼎/內馬/飛克,1,2,2.0,26.31,0.44,00:26,26.31,0.44,00:26,0.0,0.0,0.0,0.0,0.0,0.0,0.0,0.0,1.0,1.0,50.0,82.09,0.0,0.0,0.0,0.0,1.0,1.0,50.0,82.09,0.0,0.0,0.0,0.0,0.0,0.0,0.0,0.0,0.0,0.0,0.0,0.0,2.0,2.0,100.0,164.19,1.0,1.0,50.0,82.09,0.0,0.0,0.0,0.0,2.0,2.0,100.0,164.19,0.0,0.0,0.0,0.0,1.0,1.0,50.0,82.09,0.0,0.0,0.0,0.0,0.0,0.0,0.0,0.0,0.0,0.0,0.0,0.0,0.0,0.0,0.0,0.0,0.0,0.0,0.0,0.0,0.0,0.0,0.0,0.0,0.0,0.0,0.0,109.46,0.0,0.0,0.0,0.44,0.44,0.0,0.0,0.0,,0.5,0.0,,0.0,1.0,0.67,0.0,0.0,0.0,0.0,2.0
43,林韋翰,新北中信特攻,2,43|47,林韋翰/曾文鼎,1,20,26.0,339.41,5.66,05:39,339.41,5.66,05:39,10.0,10.0,38.46,63.64,10.0,10.0,38.46,63.64,14.0,14.0,53.85,89.1,4.0,4.0,15.38,25.46,6.0,6.0,23.08,38.18,2.0,2.0,7.69,12.73,8.0,8.0,30.77,50.91,2.0,2.0,7.69,12.73,2.0,2.0,7.69,12.73,1.0,1.0,3.85,6.36,4.0,4.0,15.38,25.46,7.0,7.0,26.92,44.55,2.0,2.0,7.69,12.73,5.0,5.0,19.23,31.82,0.0,0.0,0.0,0.0,3.0,3.0,11.54,19.09,0.0,0.0,0.0,0.0,0.0,0.0,0.0,0.0,0.0,0.0,0.0,0.0,2.0,2.0,7.69,12.73,38.46,38.46,0.0,110.31,0.0,0.0,0.0,5.66,5.66,0.36,0.34,0.33,0.25,0.5,0.0,0.75,0.44,0.78,0.61,0.0,0.0,0.0,7.69,0.14
43,林韋翰,新北中信特攻,3,40|43|47,謝亞軒/林韋翰/曾文鼎,1,2,2.0,26.31,0.44,00:26,26.31,0.44,00:26,0.0,0.0,0.0,0.0,0.0,0.0,0.0,0.0,1.0,1.0,50.0,82.09,0.0,0.0,0.0,0.0,1.0,1.0,50.0,82.09,0.0,0.0,0.0,0.0,0.0,0.0,0.0,0.0,0.0,0.0,0.0,0.0,2.0,2.0,100.0,164.19,1.0,1.0,50.0,82.09,0.0,0.0,0.0,0.0,2.0,2.0,100.0,164.19,0.0,0.0,0.0,0.0,1.0,1.0,50.0,82.09,0.0,0.0,0.0,0.0,0.0,0.0,0.0,0.0,0.0,0.0,0.0,0.0,0.0,0.0,0.0,0.0,0.0,0.0,0.0,0.0,0.0,0.0,0.0,0.0,0.0,0.0,0.0,109.46,0.0,0.0,0.0,0.44,0.44,0.0,0.0,0.0,,0.5,0.0,,0.0,1.0,0.67,0.0,0.0,0.0,0.0,2.0
43,林韋翰,新北中信特攻,3,43|47|10880,林韋翰/曾文鼎/內馬,1,10,12.0,199.31,3.32,03:19,199.31,3.32,03:19,4.0,4.0,33.33,43.35,2.0,2.0,16.67,21.67,6.0,6.0,50.0,65.02,2.0,2.0,16.67,21.67,4.0,4.0,33.33,43.35,2.0,2.0,16.67,21.67,2.0,2.0,16.67,21.67,0.0,0.0,0.0,0.0,2.0,2.0,16.67,21.67,1.0,1.0,8.33,10.84,1.0,1.0,8.33,10.84,4.0,4.0,33.33,43.35,1.0,1.0,8.33,10.84,3.0,3.0,25.0,32.51,0.0,0.0,0.0,0.0,1.0,1.0,8.33,10.84,0.0,0.0,0.0,0.0,0.0,0.0,0.0,0.0,0.0,0.0,0.0,0.0,0.0,0.0,0.0,0.0,33.33,16.67,16.67,86.7,2.0,2.0,16.67,3.32,3.32,0.33,0.29,0.5,0.0,0.5,0.0,0.5,0.25,0.8,0.56,0.0,0.0,0.0,0.0,0.33
43,林韋翰,新北中信特攻,3,43|47|10881,林韋翰/曾文鼎/飛克,1,12,16.0,166.41,2.77,02:46,166.41,2.77,02:46,6.0,6.0,37.5,77.88,8.0,8.0,50.0,103.84,9.0,9.0,56.25,116.82,2.0,2.0,12.5,25.96,3.0,3.0,18.75,38.94,0.0,0.0,0.0,0.0,6.0,6.0,37.5,77.88,2.0,2.0,12.5,25.96,2.0,2.0,12.5,25.96,1.0,1.0,6.25,12.98,3.0,3.0,18.75,38.94,5.0,5.0,31.25,64.9,1.0,1.0,6.25,12.98,3.0,3.0,18.75,38.94,0.0,0.0,0.0,0.0,2.0,2.0,12.5,25.96,0.0,0.0,0.0,0.0,0.0,0.0,0.0,0.0,0.0,0.0,0.0,0.0,2.0,2.0,12.5,25.96,37.5,50.0,-12.5,138.45,-2.0,-2.0,-12.5,2.77,2.77,0.33,0.3,0.0,0.33,0.5,0.0,1.0,0.5,0.83,0.67,0.0,0.0,0.0,12.5,0.22
43,林韋翰,新北中信特攻,4,40|43|47|10880,謝亞軒/林韋翰/曾文鼎/內馬,1,2,2.0,26.31,0.44,00:26,26.31,0.44,00:26,0.0,0.0,0.0,0.0,0.0,0.0,0.0,0.0,1.0,1.0,50.0,82.09,0.0,0.0,0.0,0.0,1.0,1.0,50.0,82.09,0.0,0.0,0.0,0.0,0.0,0.0,0.0,0.0,0.0,0.0,0.0,0.0,2.0,2.0,100.0,164.19,1.0,1.0,50.0,82.09,0.0,0.0,0.0,0.0,2.0,2.0,100.0,164.19,0.0,0.0,0.0,0.0,1.0,1.0,50.0,82.09,0.0,0.0,0.0,0.0,0.0,0.0,0.0,0.0,0.0,0.0,0.0,0.0,0.0,0.0,0.0,0.0,0.0,0.0,0.0,0.0,0.0,0.0,0.0,0.0,0.0,0.0,0.0,109.46,0.0,0.0,0.0,0.44,0.44,0.0,0.0,0.0,,0.5,0.0,,0.0,1.0,0.67,0.0,0.0,0.0,0.0,2.0
43,林韋翰,新北中信特攻,4,40|43|47|10881,謝亞軒/林韋翰/曾文鼎/飛克,1,2,2.0,26.31,0.44,00:26,26.31,0.44,00:26,0.0,0.0,0.0,0.0,0.0,0.0,0.0,0.0,1.0,1.0,50.0,82.09,0.0,0.0,0.0,0.0,1.0,1.0,50.0,82.09,0.0,0.0,0.0,0.0,0.0,0.0,0.0,0.0,0.0,0.0,0.0,0.0,2.0,2.0,100.0,164.19,1.0,1.0,50.0,82.09,0.0,0.0,0.0,0.0,2.0,2.0,100.0,164.19,0.0,0.0,0.0,0.0,1.0,1.0,50.0,82.09,0.0,0.0,0.0,0.0,0.0,0.0,0.0,0.0,0.0,0.0,0.0,0.0,0.0,0.0,0.0,0.0,0.0,0.0,0.0,0.0,0.0,0.0,0.0,0.0,0.0,0.0,0.0,109.46,0.0,0.0,0.0,0.44,0.44,0.0,0.0,0.0,,0.5,0.0,,0.0,1.0,0.67,0.0,0.0,0.0,0.0,2.0
43,林韋翰,新北中信特攻,4,43|47|10880|10881,林韋翰/曾文鼎/內馬/飛克,1,2,2.0,26.31,0.44,00:26,26.31,0.44,00:26,0.0,0.0,0.0,0.0,0.0,0.0,0.0,0.0,1.0,1.0,50.0,82.09,0.0,0.0,0.0,0.0,1.0,1.0,50.0,82.09,0.0,0.0,0.0,0.0,0.0,0.0,0.0,0.0,0.0,0.0,0.0,0.0,2.0,2.0,100.0,164.19,1.0,1.0,50.0,82.09,0.0,0.0,0.0,0.0,2.0,2.0,100.0,164.19,0.0,0.0,0.0,0.0,1.0,1.0,50.0,82.09,0.0,0.0,0.0,0.0,0.0,0.0,0.0,0.0,0.0,0.0,0.0,0.0,0.0,0.0,0.0,0.0,0.0,0.0,0.0,0.0,0.0,0.0,0.0,0.0,0.0,0.0,0.0,109.46,0.0,0.0,0.0,0.44,0.44,0.0,0.0,0.0,,0.5,0.0,,0.0,1.0,0.67,0.0,0.0,0.0,0.0,2.0
43,林韋翰,新北中信特攻,5,40|43|47|10880|10881,謝亞軒/林韋翰/曾文鼎/內馬/飛克,1,2,2.0,26.31,0.44,00:26,26.31,0.44,00:26,0.0,0.0,0.0,0.0,0.0,0.0,0.0,0.0,1.0,1.0,50.0,82.09,0.0,0.0,0.0,0.0,1.0,1.0,50.0,82.09,0.0,0.0,0.0,0.0,0.0,0.0,0.0,0.0,0.0,0.0,0.0,0.0,2.0,2.0,100.0,164.19,1.0,1.0,50.0,82.09,0.0,0.0,0.0,0.0,2.0,2.0,100.0,164.19,0.0,0.0,0.0,0.0,1.0,1.0,50.0,82.09,0.0,0.0,0.0,0.0,0.0,0.0,0.0,0.0,0.0,0.0,0.0,0.0,0.0,0.0,0.0,0.0,0.0,0.0,0.0,0.0,0.0,0.0,0.0,0.0,0.0,0.0,0.0,109.46,0.0,0.0,0.0,0.44,0.44,0.0,0.0,0.0,,0.5,0.0,,0.0,1.0,0.67,0.0,0.0,0.0,0.0,2.0
47,曾文鼎,新北中信特攻,2,40|47,謝亞軒/曾文鼎,1,12,14.0,141.0,2.35,02:21,141.0,2.35,02:21,3.0,3.0,21.43,45.96,7.0,7.0,50.0,107.23,6.0,6.0,42.86,91.91,1.0,1.0,7.14,15.32,2.0,2.0,14.29,30.64,0.0,0.0,0.0,0.0,4.0,4.0,28.57,61.27,1.0,1.0,7.14,15.32,2.0,2.0,14.29,30.64,1.0,1.0,7.14,15.32,1.0,1.0,7.14,15.32,5.0,5.0,35.71,76.59,0.0,0.0,0.0,0.0,2.0,2.0,14.29,30.64,1.0,1.0,7.14,15.32,1.0,1.0,7.14,15.32,0.0,0.0,0.0,0.0,0.0,0.0,0.0,0.0,0.0,0.0,0.0,0.0,2.0,2.0,14.29,30.64,21.43,50.0,-28.57,142.97,-4.0,-4.0,-28.57,2.35,2.35,0.25,0.22,0.0,0.25,0.5,0.13,1.0,0.33,1.0,0.75,0.0,0.0,0.0,14.29,0.33
47,曾文鼎,新北中信特攻,2,43|47,林韋翰/曾文鼎,1,20,26.0,339.41,5.66,05:39,339.41,5.66,05:39,10.0,10.0,38.46,63.64,10.0,10.0,38.46,63.64,14.0,14.0,53.85,89.1,4.0,4.0,15.38,25.46,6.0,6.0,23.08,38.18,2.0,2.0,7.69,12.73,8.0,8.0,30.77,50.91,2.0,2.0,7.69,12.73,2.0,2.0,7.69,12.73,1.0,1.0,3.85,6.36,4.0,4.0,15.38,25.46,7.0,7.0,26.92,44.55,2.0,2.0,7.69,12.73,5.0,5.0,19.23,31.82,0.0,0.0,0.0,0.0,3.0,3.0,11.54,19.09,0.0,0.0,0.0,0.0,0.0,0.0,0.0,0.0,0.0,0.0,0.0,0.0,2.0,2.0,7.69,12.73,38.46,38.46,0.0,110.31,0.0,0.0,0.0,5.66,5.66,0.36,0.34,0.33,0.25,0.5,0.0,0.75,0.44,0.78,0.61,0.0,0.0,0.0,7.69,0.14
47,曾文鼎,新北中信特攻,2,47|10880,曾文鼎/內馬,1,14,17.0,248.31,4.14,04:08,248.31,4.14,04:08,4.0,4.0,23.53,34.8,2.0,2.0,11.76,17.4,7.0,7.0,41.18,60.89,2.0,2.0,11.76,17.4,5.0,5.0,29.41,43.49,2.0,2.0,11.76,17.4,2.0,2.0,11.76,17.4,0.0,0.0,0.0,0.0,2.0,2.0,11.76,17.4,1.0,1.0,5.88,8.7,1.0,1.0,5.88,8.7,5.0,5.0,29.41,43.49,1.0,1.0,5.88,8.7,4.0,4.0,23.53,34.8,1.0,1.0,5.88,8.7,1.0,1.0,5.88,8.7,0.0,0.0,0.0,0.0,0.0,0.0,0.0,0.0,0.0,0.0,0.0,0.0,0.0,0.0,0.0,0.0,23.53,11.76,11.76,98.59,2.0,2.0,11.76,4.14,4.14,0.29,0.25,0.4,0.0,0.5,0.11,0.5,0.2,0.83,0.55,0.0,0.0,0.0,0.0,0.29
47,曾文鼎,新北中信特攻,2,47|10881,曾文鼎/飛克,1,22,28.0,281.1,4.69,04:41,281.1,4.69,04:41,9.0,9.0,32.14,69.16,15.0,15.0,53.57,115.26,14.0,14.0,50.0,107.58,3.0,3.0,10.71,23.05,4.0,4.0,14.29,30.74,0.0,0.0,0.0,0.0,10.0,10.0,35.71,76.84,3.0,3.0,10.71,23.05,2.0,2.0,7.14,15.37,1.0,1.0,3.57,7.68,4.0,4.0,14.29,30.74,8.0,8.0,28.57,61.47,1.0,1.0,3.57,7.68,4.0,4.0,14.29,30.74,1.0,1.0,3.57,7.68,3.0,3.0,10.71,23.05,0.0,0.0,0.0,0.0,0.0,0.0,0.0,0.0,0.0,0.0,0.0,0.0,4.0,4.0,14.29,30.74,32.14,53.57,-21.43,143.44,-6.0,-6.0,-21.43,4.69,4.69,0.32,0.3,0.0,0.3,0.5,0.06,1.0,0.5,0.89,0.71,0.0,0.0,0.0,14.29,0.14
47,曾文鼎,新北中信特攻,3,40|43|47,謝亞軒/林韋翰/曾文鼎,1,2,2.0,26.31,0.44,00:26,26.31,0.44,00:26,0.0,0.0,0.0,0.0,0.0,0.0,0.0,0.0,1.0,1.0,50.0,82.09,0.0,0.0,0.0,0.0,1.0,1.0,50.0,82.09,0.0,0.0,0.0,0.0,0.0,0.0,0.0,0.0,0.0,0.0,0.0,0.0,2.0,2.0,100.0,164.19,1.0,1.0,50.0,82.09,0.0,0.0,0.0,0.0,2.0,2.0,100.0,164.19,0.0,0.0,0.0,0.0,1.0,1.0,50.0,82.09,0.0,0.0,0.0,0.0,0.0,0.0,0.0,0.0,0.0,0.0,0.0,0.0,0.0,0.0,0.0,0.0,0.0,0.0,0.0,0.0,0.0,0.0,0.0,0.0,0.0,0.0,0.0,109.46,0.0,0.0,0.0,0.44,0.44,0.0,0.0,0.0,,0.5,0.0,,0.0,1.0,0.67,0.0,0.0,0.0,0.0,2.0
47,曾文鼎,新北中信特攻,3,40|47|10880,謝亞軒/曾文鼎/內馬,1,6,7.0,75.31,1.26,01:15,75.31,1.26,01:15,0.0,0.0,0.0,0.0,0.0,0.0,0.0,0.0,2.0,2.0,28.57,57.36,0.0,0.0,0.0,0.0,2.0,2.0,28.57,57.36,0.0,0.0,0.0,0.0,0.0,0.0,0.0,0.0,0.0,0.0,0.0,0.0,2.0,2.0,28.57,57.36,1.0,1.0,14.29,28.68,0.0,0.0,0.0,0.0,3.0,3.0,42.86,86.04,0.0,0.0,0.0,0.0,2.0,2.0,28.57,57.36,1.0,1.0,14.29,28.68,0.0,0.0,0.0,0.0,0.0,0.0,0.0,0.0,0.0,0.0,0.0,0.0,0.0,0.0,0.0,0.0,0.0,0.0,0.0,0.0,0.0,0.0,0.0,133.84,0.0,0.0,0.0,1.26,1.26,0.0,0.0,0.0,,0.5,0.26,,0.0,1.0,0.6,0.0,0.0,0.0,0.0,1.0
47,曾文鼎,新北中信特攻,3,40|47|10881,謝亞軒/曾文鼎/飛克,1,12,14.0,141.0,2.35,02:21,141.0,2.35,02:21,3.0,3.0,21.43,45.96,7.0,7.0,50.0,107.23,6.0,6.0,42.86,91.91,1.0,1.0,7.14,15.32,2.0,2.0,14.29,30.64,0.0,0.0,0.0,0.0,4.0,4.0,28.57,61.27,1.0,1.0,7.14,15.32,2.0,2.0,14.29,30.64,1.0,1.0,7.14,15.32,1.0,1.0,7.14,15.32,5.0,5.0,35.71,76.59,0.0,0.0,0.0,0.0,2.0,2.0,14.29,30.64,1.0,1.0,7.14,15.32,1.0,1.0,7.14,15.32,0.0,0.0,0.0,0.0,0.0,0.0,0.0,0.0,0.0,0.0,0.0,0.0,2.0,2.0,14.29,30.64,21.43,50.0,-28.57,142.97,-4.0,-4.0,-28.57,2.35,2.35,0.25,0.22,0.0,0.25,0.5,0.13,1.0,0.33,1.0,0.75,0.0,0.0,0.0,14.29,0.33
47,曾文鼎,新北中信特攻,3,43|47|10880,林韋翰/曾文鼎/內馬,1,10,12.0,199.31,3.32,03:19,199.31,3.32,03:19,4.0,4.0,33.33,43.35,2.0,2.0,16.67,21.67,6.0,6.0,50.0,65.02,2.0,2.0,16.67,21.67,4.0,4.0,33.33,43.35,2.0,2.0,16.67,21.67,2.0,2.0,16.67,21.67,0.0,0.0,0.0,0.0,2.0,2.0,16.67,21.67,1.0,1.0,8.33,10.84,1.0,1.0,8.33,10.84,4.0,4.0,33.33,43.35,1.0,1.0,8.33,10.84,3.0,3.0,25.0,32.51,0.0,0.0,0.0,0.0,1.0,1.0,8.33,10.84,0.0,0.0,0.0,0.0,0.0,0.0,0.0,0.0,0.0,0.0,0.0,0.0,0.0,0.0,0.0,0.0,33.33,16.67,16.67,86.7,2.0,2.0,16.67,3.32,3.32,0.33,0.29,0.5,0.0,0.5,0.0,0.5,0.25,0.8,0.56,0.0,0.0,0.0,0.0,0.33
47,曾文鼎,新北中信特攻,3,43|47|10881,林韋翰/曾文鼎/飛克,1,12,16.0,166.41,2.77,02:46,166.41,2.77,02:46,6.0,6.0,37.5,77.88,8.0,8.0,50.0,103.84,9.0,9.0,56.25,116.82,2.0,2.0,12.5,25.96,3.0,3.0,18.75,38.94,0.0,0.0,0.0,0.0,6.0,6.0,37.5,77.88,2.0,2.0,12.5,25.96,2.0,2.0,12.5,25.96,1.0,1.0,6.25,12.98,3.0,3.0,18.75,38.94,5.0,5.0,31.25,64.9,1.0,1.0,6.25,12.98,3.0,3.0,18.75,38.94,0.0,0.0,0.0,0.0,2.0,2.0,12.5,25.96,0.0,0.0,0.0,0.0,0.0,0.0,0.0,0.0,0.0,0.0,0.0,0.0,2.0,2.0,12.5,25.96,37.5,50.0,-12.5,138.45,-2.0,-2.0,-12.5,2.77,2.77,0.33,0.3,0.0,0.33,0.5,0.0,1.0,0.5,0.83,0.67,0.0,0.0,0.0,12.5,0.22
47,曾文鼎,新北中信特攻,3,47|10880|10881,曾文鼎/內馬/飛克,1,6,7.0,75.31,1.26,01:15,75.31,1.26,01:15,0.0,0.0,0.0,0.0,0.0,0.0,0.0,0.0,2.0,2.0,28.57,57.36,0.0,0.0,0.0,0.0,2.0,2.0,28.57,57.36,0.0,0.0,0.0,0.0,0.0,0.0,0.0,0.0,0.0,0.0,0.0,0.0,2.0,2.0,28.57,57.36,1.0,1.0,14.29,28.68,0.0,0.0,0.0,0.0,3.0,3.0,42.86,86.04,0.0,0.0,0.0,0.0,2.0,2.0,28.57,57.36,1.0,1.0,14.29,28.68,0.0,0.0,0.0,0.0,0.0,0.0,0.0,0.0,0.0,0.0,0.0,0.0,0.0,0.0,0.0,0.0,0.0,0.0,0.0,0.0,0.0,0.0,0.0,133.84,0.0,0.0,0.0,1.26,1.26,0.0,0.0,0.0,,0.5,0.26,,0.0,1.0,0.6,0.0,0.0,0.0,0.0,1.0
47,曾文鼎,新北中信特攻,4,40|43|47|10880,謝亞軒/林韋翰/曾文鼎/內馬,1,2,2.0,26.31,0.44,00:26,26.31,0.44,00:26,0.0,0.0,0.0,0.0,0.0,0.0,0.0,0.0,1.0,1.0,50.0,82.09,0.0,0.0,0.0,0.0,1.0,1.0,50.0,82.09,0.0,0.0,0.0,0.0,0.0,0.0,0.0,0.0,0.0,0.0,0.0,0.0,2.0,2.0,100.0,164.19,1.0,1.0,50.0,82.09,0.0,0.0,0.0,0.0,2.0,2.0,100.0,164.19,0.0,0.0,0.0,0.0,1.0,1.0,50.0,82.09,0.0,0.0,0.0,0.0,0.0,0.0,0.0,0.0,0.0,0.0,0.0,0.0,0.0,0.0,0.0,0.0,0.0,0.0,0.0,0.0,0.0,0.0,0.0,0.0,0.0,0.0,0.0,109.46,0.0,0.0,0.0,0.44,0.44,0.0,0.0,0.0,,0.5,0.0,,0.0,1.0,0.67,0.0,0.0,0.0,0.0,2.0
47,曾文鼎,新北中信特攻,4,40|43|47|10881,謝亞軒/林韋翰/曾文鼎/飛克,1,2,2.0,26.31,0.44,00:26,26.31,0.44,00:26,0.0,0.0,0.0,0.0,0.0,0.0,0.0,0.0,1.0,1.0,50.0,82.09,0.0,0.0,0.0,0.0,1.0,1.0,50.0,82.09,0.0,0.0,0.0,0.0,0.0,0.0,0.0,0.0,0.0,0.0,0.0,0.0,2.0,2.0,100.0,164.19,1.0,1.0,50.0,82.09,0.0,0.0,0.0,0.0,2.0,2.0,100.0,164.19,0.0,0.0,0.0,0.0,1.0,1.0,50.0,82.09,0.0,0.0,0.0,0.0,0.0,0.0,0.0,0.0,0.0,0.0,0.0,0.0,0.0,0.0,0.0,0.0,0.0,0.0,0.0,0.0,0.0,0.0,0.0,0.0,0.0,0.0,0.0,109.46,0.0,0.0,0.0,0.44,0.44,0.0,0.0,0.0,,0.5,0.0,,0.0,1.0,0.67,0.0,0.0,0.0,0.0,2.0
47,曾文鼎,新北中信特攻,4,40|47|10880|10881,謝亞軒/曾文鼎/內馬/飛克,1,6,7.0,75.31,1.26,01:15,75.31,1.26,01:15,0.0,0.0,0.0,0.0,0.0,0.0,0.0,0.0,2.0,2.0,28.57,57.36,0.0,0.0,0.0,0.0,2.0,2.0,28.57,57.36,0.0,0.0,0.0,0.0,0.0,0.0,0.0,0.0,0.0,0.0,0.0,0.0,2.0,2.0,28.57,57.36,1.0,1.0,14.29,28.68,0.0,0.0,0.0,0.0,3.0,3.0,42.86,86.04,0.0,0.0,0.0,0.0,2.0,2.0,28.57,57.36,1.0,1.0,14.29,28.68,0.0,0.0,0.0,0.0,0.0,0.0,0.0,0.0,0.0,0.0,0.0,0.0,0.0,0.0,0.0,0.0,0.0,0.0,0.0,0.0,0.0,0.0,0.0,133.84,0.0,0.0,0.0,1.26,1.26,0.0,0.0,0.0,,0.5,0.26,,0.0,1.0,0.6,0.0,0.0,0.0,0.0,1.0
47,曾文鼎,新北中信特攻,4,43|47|10880|10881,林韋翰/曾文鼎/內馬/飛克,1,2,2.0,26.31,0.44,00:26,26.31,0.44,00:26,0.0,0.0,0.0,0.0,0.0,0.0,0.0,0.0,1.0,1.0,50.0,82.09,0.0,0.0,0.0,0.0,1.0,1.0,50.0,82.09,0.0,0.0,0.0,0.0,0.0,0.0,0.0,0.0,0.0,0.0,0.0,0.0,2.0,2.0,100.0,164.19,1.0,1.0,50.0,82.09,0.0,0.0,0.0,0.0,2.0,2.0,100.0,164.19,0.0,0.0,0.0,0.0,1.0,1.0,50.0,82.09,0.0,0.0,0.0,0.0,0.0,0.0,0.0,0.0,0.0,0.0,0.0,0.0,0.0,0.0,0.0,0.0,0.0,0.0,0.0,0.0,0.0,0.0,0.0,0.0,0.0,0.0,0.0,109.46,0.0,0.0,0.0,0.44,0.44,0.0,0.0,0.0,,0.5,0.0,,0.0,1.0,0.67,0.0,0.0,0.0,0.0,2.0
47,曾文鼎,新北中信特攻,5,40|43|47|10880|10881,謝亞軒/林韋翰/曾文鼎/內馬/飛克,1,2,2.0,26.31,0.44,00:26,26.31,0.44,00:26,0.0,0.0,0.0,0.0,0.0,0.0,0.0,0.0,1.0,1.0,50.0,82.09,0.0,0.0,0.0,0.0,1.0,1.0,50.0,82.09,0.0,0.0,0.0,0.0,0.0,0.0,0.0,0.0,0.0,0.0,0.0,0.0,2.0,2.0,100.0,164.19,1.0,1.0,50.0,82.09,0.0,0.0,0.0,0.0,2.0,2.0,100.0,164.19,0.0,0.0,0.0,0.0,1.0,1.0,50.0,82.09,0.0,0.0,0.0,0.0,0.0,0.0,0.0,0.0,0.0,0.0,0.0,0.0,0.0,0.0,0.0,0.0,0.0,0.0,0.0,0.0,0.0,0.0,0.0,0.0,0.0,0.0,0.0,109.46,0.0,0.0,0.0,0.44,0.44,0.0,0.0,0.0,,0.5,0.0,,0.0,1.0,0.67,0.0,0.0,0.0,0.0,2.0
10880,內馬,新北中信特攻,2,47|10880,曾文鼎/內馬,1,14,17.0,248.31,4.14,04:08,248.31,4.14,04:08,4.0,4.0,23.53,34.8,2.0,2.0,11.76,17.4,7.0,7.0,41.18,60.89,2.0,2.0,11.76,17.4,5.0,5.0,29.41,43.49,2.0,2.0,11.76,17.4,2.0,2.0,11.76,17.4,0.0,0.0,0.0,0.0,2.0,2.0,11.76,17.4,1.0,1.0,5.88,8.7,1.0,1.0,5.88,8.7,5.0,5.0,29.41,43.49,1.0,1.0,5.88,8.7,4.0,4.0,23.53,34.8,1.0,1.0,5.88,8.7,1.0,1.0,5.88,8.7,0.0,0.0,0.0,0.0,0.0,0.0,0.0,0.0,0.0,0.0,0.0,0.0,0.0,0.0,0.0,0.0,23.53,11.76,11.76,98.59,2.0,2.0,11.76,4.14,4.14,0.29,0.25,0.4,0.0,0.5,0.11,0.5,0.2,0.83,0.55,0.0,0.0,0.0,0.0,0.29
10880,內馬,新北中信特攻,3,40|47|10880,謝亞軒/曾文鼎/內馬,1,6,7.0,75.31,1.26,01:15,75.31,1.26,01:15,0.0,0.0,0.0,0.0,0.0,0.0,0.0,0.0,2.0,2.0,28.57,57.36,0.0,0.0,0.0,0.0,2.0,2.0,28.57,57.36,0.0,0.0,0.0,0.0,0.0,0.0,0.0,0.0,0.0,0.0,0.0,0.0,2.0,2.0,28.57,57.36,1.0,1.0,14.29,28.68,0.0,0.0,0.0,0.0,3.0,3.0,42.86,86.04,0.0,0.0,0.0,0.0,2.0,2.0,28.57,57.36,1.0,1.0,14.29,28.68,0.0,0.0,0.0,0.0,0.0,0.0,0.0,0.0,0.0,0.0,0.0,0.0,0.0,0.0,0.0,0.0,0.0,0.0,0.0,0.0,0.0,0.0,0.0,133.84,0.0,0.0,0.0,1.26,1.26,0.0,0.0,0.0,,0.5,0.26,,0.0,1.0,0.6,0.0,0.0,0.0,0.0,1.0
10880,內馬,新北中信特攻,3,43|47|10880,林韋翰/曾文鼎/內馬,1,10,12.0,199.31,3.32,03:19,199.31,3.32,03:19,4.0,4.0,33.33,43.35,2.0,2.0,16.67,21.67,6.0,6.0,50.0,65.02,2.0,2.0,16.67,21.67,4.0,4.0,33.33,43.35,2.0,2.0,16.67,21.67,2.0,2.0,16.67,21.67,0.0,0.0,0.0,0.0,2.0,2.0,16.67,21.67,1.0,1.0,8.33,10.84,1.0,1.0,8.33,10.84,4.0,4.0,33.33,43.35,1.0,1.0,8.33,10.84,3.0,3.0,25.0,32.51,0.0,0.0,0.0,0.0,1.0,1.0,8.33,10.84,0.0,0.0,0.0,0.0,0.0,0.0,0.0,0.0,0.0,0.0,0.0,0.0,0.0,0.0,0.0,0.0,33.33,16.67,16.67,86.7,2.0,2.0,16.67,3.32,3.32,0.33,0.29,0.5,0.0,0.5,0.0,0.5,0.25,0.8,0.56,0.0,0.0,0.0,0.0,0.33
10880,內馬,新北中信特攻,3,47|10880|10881,曾文鼎/內馬/飛克,1,6,7.0,75.31,1.26,01:15,75.31,1.26,01:15,0.0,0.0,0.0,0.0,0.0,0.0,0.0,0.0,2.0,2.0,28.57,57.36,0.0,0.0,0.0,0.0,2.0,2.0,28.57,57.36,0.0,0.0,0.0,0.0,0.0,0.0,0.0,0.0,0.0,0.0,0.0,0.0,2.0,2.0,28.57,57.36,1.0,1.0,14.29,28.68,0.0,0.0,0.0,0.0,3.0,3.0,42.86,86.04,0.0,0.0,0.0,0.0,2.0,2.0,28.57,57.36,1.0,1.0,14.29,28.68,0.0,0.0,0.0,0.0,0.0,0.0,0.0,0.0,0.0,0.0,0.0,0.0,0.0,0.0,0.0,0.0,0.0,0.0,0.0,0.0,0.0,0.0,0.0,133.84,0.0,0.0,0.0,1.26,1.26,0.0,0.0,0.0,,0.5,0.26,,0.0,1.0,0.6,0.0,0.0,0.0,0.0,1.0
10880,內馬,新北中信特攻,4,40|43|47|10880,謝亞軒/林韋翰/曾文鼎/內馬,1,2,2.0,26.31,0.44,00:26,26.31,0.44,00:26,0.0,0.0,0.0,0.0,0.0,0.0,0.0,0.0,1.0,1.0,50.0,82.09,0.0,0.0,0.0,0.0,1.0,1.0,50.0,82.09,0.0,0.0,0.0,0.0,0.0,0.0,0.0,0.0,0.0,0.0,0.0,0.0,2.0,2.0,100.0,164.19,1.0,1.0,50.0,82.09,0.0,0.0,0.0,0.0,2.0,2.0,100.0,164.19,0.0,0.0,0.0,0.0,1.0,1.0,50.0,82.09,0.0,0.0,0.0,0.0,0.0,0.0,0.0,0.0,0.0,0.0,0.0,0.0,0.0,0.0,0.0,0.0,0.0,0.0,0.0,0.0,0.0,0.0,0.0,0.0,0.0,0.0,0.0,109.46,0.0,0.0,0.0,0.44,0.44,0.0,0.0,0.0,,0.5,0.0,,0.0,1.0,0.67,0.0,0.0,0.0,0.0,2.0
10880,內馬,新北中信特攻,4,40|47|10880|10881,謝亞軒/曾文鼎/內馬/飛克,1,6,7.0,75.31,1.26,01:15,75.31,1.26,01:15,0.0,0.0,0.0,0.0,0.0,0.0,0.0,0.0,2.0,2.0,28.57,57.36,0.0,0.0,0.0,0.0,2.0,2.0,28.57,57.36,0.0,0.0,0.0,0.0,0.0,0.0,0.0,0.0,0.0,0.0,0.0,0.0,2.0,2.0,28.57,57.36,1.0,1.0,14.29,28.68,0.0,0.0,0.0,0.0,3.0,3.0,42.86,86.04,0.0,0.0,0.0,0.0,2.0,2.0,28.57,57.36,1.0,1.0,14.29,28.68,0.0,0.0,0.0,0.0,0.0,0.0,0.0,0.0,0.0,0.0,0.0,0.0,0.0,0.0,0.0,0.0,0.0,0.0,0.0,0.0,0.0,0.0,0.0,133.84,0.0,0.0,0.0,1.26,1.26,0.0,0.0,0.0,,0.5,0.26,,0.0,1.0,0.6,0.0,0.0,0.0,0.0,1.0
10880,內馬,新北中信特攻,4,43|47|10880|10881,林韋翰/曾文鼎/內馬/飛克,1,2,2.0,26.31,0.44,00:26,26.31,0.44,00:26,0.0,0.0,0.0,0.0,0.0,0.0,0.0,0.0,1.0,1.0,50.0,82.09,0.0,0.0,0.0,0.0,1.0,1.0,50.0,82.09,0.0,0.0,0.0,0.0,0.0,0.0,0.0,0.0,0.0,0.0,0.0,0.0,2.0,2.0,100.0,164.19,1.0,1.0,50.0,82.09,0.0,0.0,0.0,0.0,2.0,2.0,100.0,164.19,0.0,0.0,0.0,0.0,1.0,1.0,50.0,82.09,0.0,0.0,0.0,0.0,0.0,0.0,0.0,0.0,0.0,0.0,0.0,0.0,0.0,0.0,0.0,0.0,0.0,0.0,0.0,0.0,0.0,0.0,0.0,0.0,0.0,0.0,0.0,109.46,0.0,0.0,0.0,0.44,0.44,0.0,0.0,0.0,,0.5,0.0,,0.0,1.0,0.67,0.0,0.0,0.0,0.0,2.0
10880,內馬,新北中信特攻,5,40|43|47|10880|10881,謝亞軒/林韋翰/曾文鼎/內馬/飛克,1,2,2.0,26.31,0.44,00:26,26.31,0.44,00:26,0.0,0.0,0.0,0.0,0.0,0.0,0.0,0.0,1.0,1.0,50.0,82.09,0.0,0.0,0.0,0.0,1.0,1.0,50.0,82.09,0.0,0.0,0.0,0.0,0.0,0.0,0.0,0.0,0.0,0.0,0.0,0.0,2.0,2.0,100.0,164.19,1.0,1.0,50.0,82.09,0.0,0.0,0.0,0.0,2.0,2.0,100.0,164.19,0.0,0.0,0.0,0.0,1.0,1.0,50.0,82.09,0.0,0.0,0.0,0.0,0.0,0.0,0.0,0.0,0.0,0.0,0.0,0.0,0.0,0.0,0.0,0.0,0.0,0.0,0.0,0.0,0.0,0.0,0.0,0.0,0.0,0.0,0.0,109.46,0.0,0.0,0.0,0.44,0.44,0.0,0.0,0.0,,0.5,0.0,,0.0,1.0,0.67,0.0,0.0,0.0,0.0,2.0
10881,飛克,新北中信特攻,2,47|10881,曾文鼎/飛克,1,22,28.0,281.1,4.69,04:41,281.1,4.69,04:41,9.0,9.0,32.14,69.16,15.0,15.0,53.57,115.26,14.0,14.0,50.0,107.58,3.0,3.0,10.71,23.05,4.0,4.0,14.29,30.74,0.0,0.0,0.0,0.0,10.0,10.0,35.71,76.84,3.0,3.0,10.71,23.05,2.0,2.0,7.14,15.37,1.0,1.0,3.57,7.68,4.0,4.0,14.29,30.74,8.0,8.0,28.57,61.47,1.0,1.0,3.57,7.68,4.0,4.0,14.29,30.74,1.0,1.0,3.57,7.68,3.0,3.0,10.71,23.05,0.0,0.0,0.0,0.0,0.0,0.0,0.0,0.0,0.0,0.0,0.0,0.0,4.0,4.0,14.29,30.74,32.14,53.57,-21.43,143.44,-6.0,-6.0,-21.43,4.69,4.69,0.32,0.3,0.0,0.3,0.5,0.06,1.0,0.5,0.89,0.71,0.0,0.0,0.0,14.29,0.14
10881,飛克,新北中信特攻,3,40|47|10881,謝亞軒/曾文鼎/飛克,1,12,14.0,141.0,2.35,02:21,141.0,2.35,02:21,3.0,3.0,21.43,45.96,7.0,7.0,50.0,107.23,6.0,6.0,42.86,91.91,1.0,1.0,7.14,15.32,2.0,2.0,14.29,30.64,0.0,0.0,0.0,0.0,4.0,4.0,28.57,61.27,1.0,1.0,7.14,15.32,2.0,2.0,14.29,30.64,1.0,1.0,7.14,15.32,1.0,1.0,7.14,15.32,5.0,5.0,35.71,76.59,0.0,0.0,0.0,0.0,2.0,2.0,14.29,30.64,1.0,1.0,7.14,15.32,1.0,1.0,7.14,15.32,0.0,0.0,0.0,0.0,0.0,0.0,0.0,0.0,0.0,0.0,0.0,0.0,2.0,2.0,14.29,30.64,21.43,50.0,-28.57,142.97,-4.0,-4.0,-28.57,2.35,2.35,0.25,0.22,0.0,0.25,0.5,0.13,1.0,0.33,1.0,0.75,0.0,0.0,0.0,14.29,0.33
10881,飛克,新北中信特攻,3,43|47|10881,林韋翰/曾文鼎/飛克,1,12,16.0,166.41,2.77,02:46,166.41,2.77,02:46,6.0,6.0,37.5,77.88,8.0,8.0,50.0,103.84,9.0,9.0,56.25,116.82,2.0,2.0,12.5,25.96,3.0,3.0,18.75,38.94,0.0,0.0,0.0,0.0,6.0,6.0,37.5,77.88,2.0,2.0,12.5,25.96,2.0,2.0,12.5,25.96,1.0,1.0,6.25,12.98,3.0,3.0,18.75,38.94,5.0,5.0,31.25,64.9,1.0,1.0,6.25,12.98,3.0,3.0,18.75,38.94,0.0,0.0,0.0,0.0,2.0,2.0,12.5,25.96,0.0,0.0,0.0,0.0,0.0,0.0,0.0,0.0,0.0,0.0,0.0,0.0,2.0,2.0,12.5,25.96,37.5,50.0,-12.5,138.45,-2.0,-2.0,-12.5,2.77,2.77,0.33,0.3,0.0,0.33,0.5,0.0,1.0,0.5,0.83,0.67,0.0,0.0,0.0,12.5,0.22
10881,飛克,新北中信特攻,3,47|10880|10881,曾文鼎/內馬/飛克,1,6,7.0,75.31,1.26,01:15,75.31,1.26,01:15,0.0,0.0,0.0,0.0,0.0,0.0,0.0,0.0,2.0,2.0,28.57,57.36,0.0,0.0,0.0,0.0,2.0,2.0,28.57,57.36,0.0,0.0,0.0,0.0,0.0,0.0,0.0,0.0,0.0,0.0,0.0,0.0,2.0,2.0,28.57,57.36,1.0,1.0,14.29,28.68,0.0,0.0,0.0,0.0,3.0,3.0,42.86,86.04,0.0,0.0,0.0,0.0,2.0,2.0,28.57,57.36,1.0,1.0,14.29,28.68,0.0,0.0,0.0,0.0,0.0,0.0,0.0,0.0,0.0,0.0,0.0,0.0,0.0,0.0,0.0,0.0,0.0,0.0,0.0,0.0,0.0,0.0,0.0,133.84,0.0,0.0,0.0,1.26,1.26,0.0,0.0,0.0,,0.5,0.26,,0.0,1.0,0.6,0.0,0.0,0.0,0.0,1.0
10881,飛克,新北中信特攻,4,40|43|47|10881,謝亞軒/林韋翰/曾文鼎/飛克,1,2,2.0,26.31,0.44,00:26,26.31,0.44,00:26,0.0,0.0,0.0,0.0,0.0,0.0,0.0,0.0,1.0,1.0,50.0,82.09,0.0,0.0,0.0,0.0,1.0,1.0,50.0,82.09,0.0,0.0,0.0,0.0,0.0,0.0,0.0,0.0,0.0,0.0,0.0,0.0,2.0,2.0,100.0,164.19,1.0,1.0,50.0,82.09,0.0,0.0,0.0,0.0,2.0,2.0,100.0,164.19,0.0,0.0,0.0,0.0,1.0,1.0,50.0,82.09,0.0,0.0,0.0,0.0,0.0,0.0,0.0,0.0,0.0,0.0,0.0,0.0,0.0,0.0,0.0,0.0,0.0,0.0,0.0,0.0,0.0,0.0,0.0,0.0,0.0,0.0,0.0,109.46,0.0,0.0,0.0,0.44,0.44,0.0,0.0,0.0,,0.5,0.0,,0.0,1.0,0.67,0.0,0.0,0.0,0.0,2.0
10881,飛克,新北中信特攻,4,40|47|10880|10881,謝亞軒/曾文鼎/內馬/飛克,1,6,7.0,75.31,1.26,01:15,75.31,1.26,01:15,0.0,0.0,0.0,0.0,0.0,0.0,0.0,0.0,2.0,2.0,28.57,57.36,0.0,0.0,0.0,0.0,2.0,2.0,28.57,57.36,0.0,0.0,0.0,0.0,0.0,0.0,0.0,0.0,0.0,0.0,0.0,0.0,2.0,2.0,28.57,57.36,1.0,1.0,14.29,28.68,0.0,0.0,0.0,0.0,3.0,3.0,42.86,86.04,0.0,0.0,0.0,0.0,2.0,2.0,28.57,57.36,1.0,1.0,14.29,28.68,0.0,0.0,0.0,0.0,0.0,0.0,0.0,0.0,0.0,0.0,0.0,0.0,0.0,0.0,0.0,0.0,0.0,0.0,0.0,0.0,0.0,0.0,0.0,133.84,0.0,0.0,0.0,1.26,1.26,0.0,0.0,0.0,,0.5,0.26,,0.0,1.0,0.6,0.0,0.0,0.0,0.0,1.0
10881,飛克,新北中信特攻,4,43|47|10880|10881,林韋翰/曾文鼎/內馬/飛克,1,2,2.0,26.31,0.44,00:26,26.31,0.44,00:26,0.0,0.0,0.0,0.0,0.0,0.0,0.0,0.0,1.0,1.0,50.0,82.09,0.0,0.0,0.0,0.0,1.0,1.0,50.0,82.09,0.0,0.0,0.0,0.0,0.0,0.0,0.0,0.0,0.0,0.0,0.0,0.0,2.0,2.0,100.0,164.19,1.0,1.0,50.0,82.09,0.0,0.0,0.0,0.0,2.0,2.0,100.0,164.19,0.0,0.0,0.0,0.0,1.0,1.0,50.0,82.09,0.0,0.0,0.0,0.0,0.0,0.0,0.0,0.0,0.0,0.0,0.0,0.0,0.0,0.0,0.0,0.0,0.0,0.0,0.0,0.0,0.0,0.0,0.0,0.0,0.0,0.0,0.0,109.46,0.0,0.0,0.0,0.44,0.44,0.0,0.0,0.0,,0.5,0.0,,0.0,1.0,0.67,0.0,0.0,0.0,0.0,2.0
10881,飛克,新北中信特攻,5,40|43|47|10880|10881,謝亞軒/林韋翰/曾文鼎/內馬/飛克,1,2,2.0,26.31,0.44,00:26,26.31,0.44,00:26,0.0,0.0,0.0,0.0,0.0,0.0,0.0,0.0,1.0,1.0,50.0,82.09,0.0,0.0,0.0,0.0,1.0,1.0,50.0,82.09,0.0,0.0,0.0,0.0,0.0,0.0,0.0,0.0,0.0,0.0,0.0,0.0,2.0,2.0,100.0,164.19,1.0,1.0,50.0,82.09,0.0,0.0,0.0,0.0,2.0,2.0,100.0,164.19,0.0,0.0,0.0,0.0,1.0,1.0,50.0,82.09,0.0,0.0,0.0,0.0,0.0,0.0,0.0,0.0,0.0,0.0,0.0,0.0,0.0,0.0,0.0,0.0,0.0,0.0,0.0,0.0,0.0,0.0,0.0,0.0,0.0,0.0,0.0,109.46,0.0,0.0,0.0,0.44,0.44,0.0,0.0,0.0,,0.5,0.0,,0.0,1.0,0.67,0.0,0.0,0.0,0.0,2.0
24,蘇士軒,新北國王,3,24|29|10874,蘇士軒/林書緯/熊祥泰,1,5,6.0,65.0,1.08,01:05,65.0,1.08,01:05,0.0,0.0,0.0,0.0,0.0,0.0,0.0,0.0,2.0,2.0,33.33,66.46,0.0,0.0,0.0,0.0,1.0,1.0,16.67,33.23,0.0,0.0,0.0,0.0,1.0,1.0,16.67,33.23,0.0,0.0,0.0,0.0,0.0,0.0,0.0,0.0,0.0,0.0,0.0,0.0,0.0,0.0,0.0,0.0,2.0,2.0,33.33,66.46,0.0,0.0,0.0,0.0,2.0,2.0,33.33,66.46,1.0,1.0,16.67,33.23,0.0,0.0,0.0,0.0,0.0,0.0,0.0,0.0,0.0,0.0,0.0,0.0,2.0,2.0,33.33,66.46,0.0,0.0,0.0,0.0,0.0,0.0,0.0,132.92,0.0,0.0,0.0,1.08,1.08,0.0,0.0,0.0,0.0,,0.33,,0.0,1.0,0.5,0.0,0.0,0.33,0.0,0.0
24,蘇士軒,新北國王,4,24|29|32|10874,蘇士軒/林書緯/奧帝/熊祥泰,1,5,6.0,65.0,1.08,01:05,65.0,1.08,01:05,0.0,0.0,0.0,0.0,0.0,0.0,0.0,0.0,2.0,2.0,33.33,66.46,0.0,0.0,0.0,0.0,1.0,1.0,16.67,33.23,0.0,0.0,0.0,0.0,1.0,1.0,16.67,33.23,0.0,0.0,0.0,0.0,0.0,0.0,0.0,0.0,0.0,0.0,0.0,0.0,0.0,0.0,0.0,0.0,2.0,2.0,33.33,66.46,0.0,0.0,0.0,0.0,2.0,2.0,33.33,66.46,1.0,1.0,16.67,33.23,0.0,0.0,0.0,0.0,0.0,0.0,0.0,0.0,0.0,0.0,0.0,0.0,2.0,2.0,33.33,66.46,0.0,0.0,0.0,0.0,0.0,0.0,0.0,132.92,0.0,0.0,0.0,1.08,1.08,0.0,0.0,0.0,0.0,,0.33,,0.0,1.0,0.5,0.0,0.0,0.33,0.0,0.0
24,蘇士軒,新北國王,4,24|29|10874|13029,蘇士軒/林書緯/熊祥泰/杰倫,1,5,6.0,65.0,1.08,01:05,65.0,1.08,01:05,0.0,0.0,0.0,0.0,0.0,0.0,0.0,0.0,2.0,2.0,33.33,66.46,0.0,0.0,0.0,0.0,1.0,1.0,16.67,33.23,0.0,0.0,0.0,0.0,1.0,1.0,16.67,33.23,0.0,0.0,0.0,0.0,0.0,0.0,0.0,0.0,0.0,0.0,0.0,0.0,0.0,0.0,0.0,0.0,2.0,2.0,33.33,66.46,0.0,0.0,0.0,0.0,2.0,2.0,33.33,66.46,1.0,1.0,16.67,33.23,0.0,0.0,0.0,0.0,0.0,0.0,0.0,0.0,0.0,0.0,0.0,0.0,2.0,2.0,33.33,66.46,0.0,0.0,0.0,0.0,0.0,0.0,0.0,132.92,0.0,0.0,0.0,1.08,1.08,0.0,0.0,0.0,0.0,,0.33,,0.0,1.0,0.5,0.0,0.0,0.33,0.0,0.0
24,蘇士軒,新北國王,5,24|29|32|10874|13029,蘇士軒/林書緯/奧帝/熊祥泰/杰倫,1,5,6.0,65.0,1.08,01:05,65.0,1.08,01:05,0.0,0.0,0.0,0.0,0.0,0.0,0.0,0.0,2.0,2.0,33.33,66.46,0.0,0.0,0.0,0.0,1.0,1.0,16.67,33.23,0.0,0.0,0.0,0.0,1.0,1.0,16.67,33.23,0.0,0.0,0.0,0.0,0.0,0.0,0.0,0.0,0.0,0.0,0.0,0.0,0.0,0.0,0.0,0.0,2.0,2.0,33.33,66.46,0.0,0.0,0.0,0.0,2.0,2.0,33.33,66.46,1.0,1.0,16.67,33.23,0.0,0.0,0.0,0.0,0.0,0.0,0.0,0.0,0.0,0.0,0.0,0.0,2.0,2.0,33.33,66.46,0.0,0.0,0.0,0.0,0.0,0.0,0.0,132.92,0.0,0.0,0.0,1.08,1.08,0.0,0.0,0.0,0.0,,0.33,,0.0,1.0,0.5,0.0,0.0,0.33,0.0,0.0
29,林書緯,新北國王,3,24|29|10874,蘇士軒/林書緯/熊祥泰,1,5,6.0,65.0,1.08,01:05,65.0,1.08,01:05,0.0,0.0,0.0,0.0,0.0,0.0,0.0,0.0,2.0,2.0,33.33,66.46,0.0,0.0,0.0,0.0,1.0,1.0,16.67,33.23,0.0,0.0,0.0,0.0,1.0,1.0,16.67,33.23,0.0,0.0,0.0,0.0,0.0,0.0,0.0,0.0,0.0,0.0,0.0,0.0,0.0,0.0,0.0,0.0,2.0,2.0,33.33,66.46,0.0,0.0,0.0,0.0,2.0,2.0,33.33,66.46,1.0,1.0,16.67,33.23,0.0,0.0,0.0,0.0,0.0,0.0,0.0,0.0,0.0,0.0,0.0,0.0,2.0,2.0,33.33,66.46,0.0,0.0,0.0,0.0,0.0,0.0,0.0,132.92,0.0,0.0,0.0,1.08,1.08,0.0,0.0,0.0,0.0,,0.33,,0.0,1.0,0.5,0.0,0.0,0.33,0.0,0.0
29,林書緯,新北國王,4,24|29|32|10874,蘇士軒/林書緯/奧帝/熊祥泰,1,5,6.0,65.0,1.08,01:05,65.0,1.08,01:05,0.0,0.0,0.0,0.0,0.0,0.0,0.0,0.0,2.0,2.0,33.33,66.46,0.0,0.0,0.0,0.0,1.0,1.0,16.67,33.23,0.0,0.0,0.0,0.0,1.0,1.0,16.67,33.23,0.0,0.0,0.0,0.0,0.0,0.0,0.0,0.0,0.0,0.0,0.0,0.0,0.0,0.0,0.0,0.0,2.0,2.0,33.33,66.46,0.0,0.0,0.0,0.0,2.0,2.0,33.33,66.46,1.0,1.0,16.67,33.23,0.0,0.0,0.0,0.0,0.0,0.0,0.0,0.0,0.0,0.0,0.0,0.0,2.0,2.0,33.33,66.46,0.0,0.0,0.0,0.0,0.0,0.0,0.0,132.92,0.0,0.0,0.0,1.08,1.08,0.0,0.0,0.0,0.0,,0.33,,0.0,1.0,0.5,0.0,0.0,0.33,0.0,0.0
29,林書緯,新北國王,4,24|29|10874|13029,蘇士軒/林書緯/熊祥泰/杰倫,1,5,6.0,65.0,1.08,01:05,65.0,1.08,01:05,0.0,0.0,0.0,0.0,0.0,0.0,0.0,0.0,2.0,2.0,33.33,66.46,0.0,0.0,0.0,0.0,1.0,1.0,16.67,33.23,0.0,0.0,0.0,0.0,1.0,1.0,16.67,33.23,0.0,0.0,0.0,0.0,0.0,0.0,0.0,0.0,0.0,0.0,0.0,0.0,0.0,0.0,0.0,0.0,2.0,2.0,33.33,66.46,0.0,0.0,0.0,0.0,2.0,2.0,33.33,66.46,1.0,1.0,16.67,33.23,0.0,0.0,0.0,0.0,0.0,0.0,0.0,0.0,0.0,0.0,0.0,0.0,2.0,2.0,33.33,66.46,0.0,0.0,0.0,0.0,0.0,0.0,0.0,132.92,0.0,0.0,0.0,1.08,1.08,0.0,0.0,0.0,0.0,,0.33,,0.0,1.0,0.5,0.0,0.0,0.33,0.0,0.0
29,林書緯,新北國王,5,24|29|32|10874|13029,蘇士軒/林書緯/奧帝/熊祥泰/杰倫,1,5,6.0,65.0,1.08,01:05,65.0,1.08,01:05,0.0,0.0,0.0,0.0,0.0,0.0,0.0,0.0,2.0,2.0,33.33,66.46,0.0,0.0,0.0,0.0,1.0,1.0,16.67,33.23,0.0,0.0,0.0,0.0,1.0,1.0,16.67,33.23,0.0,0.0,0.0,0.0,0.0,0.0,0.0,0.0,0.0,0.0,0.0,0.0,0.0,0.0,0.0,0.0,2.0,2.0,33.33,66.46,0.0,0.0,0.0,0.0,2.0,2.0,33.33,66.46,1.0,1.0,16.67,33.23,0.0,0.0,0.0,0.0,0.0,0.0,0.0,0.0,0.0,0.0,0.0,0.0,2.0,2.0,33.33,66.46,0.0,0.0,0.0,0.0,0.0,0.0,0.0,132.92,0.0,0.0,0.0,1.08,1.08,0.0,0.0,0.0,0.0,,0.33,,0.0,1.0,0.5,0.0,0.0,0.33,0.0,0.0
32,奧帝,新北國王,4,24|29|32|10874,蘇士軒/林書緯/奧帝/熊祥泰,1,5,6.0,65.0,1.08,01:05,65.0,1.08,01:05,0.0,0.0,0.0,0.0,0.0,0.0,0.0,0.0,2.0,2.0,33.33,66.46,0.0,0.0,0.0,0.0,1.0,1.0,16.67,33.23,0.0,0.0,0.0,0.0,1.0,1.0,16.67,33.23,0.0,0.0,0.0,0.0,0.0,0.0,0.0,0.0,0.0,0.0,0.0,0.0,0.0,0.0,0.0,0.0,2.0,2.0,33.33,66.46,0.0,0.0,0.0,0.0,2.0,2.0,33.33,66.46,1.0,1.0,16.67,33.23,0.0,0.0,0.0,0.0,0.0,0.0,0.0,0.0,0.0,0.0,0.0,0.0,2.0,2.0,33.33,66.46,0.0,0.0,0.0,0.0,0.0,0.0,0.0,132.92,0.0,0.0,0.0,1.08,1.08,0.0,0.0,0.0,0.0,,0.33,,0.0,1.0,0.5,0.0,0.0,0.33,0.0,0.0
32,奧帝,新北國王,5,24|29|32|10874|13029,蘇士軒/林書緯/奧帝/熊祥泰/杰倫,1,5,6.0,65.0,1.08,01:05,65.0,1.08,01:05,0.0,0.0,0.0,0.0,0.0,0.0,0.0,0.0,2.0,2.0,33.33,66.46,0.0,0.0,0.0,0.0,1.0,1.0,16.67,33.23,0.0,0.0,0.0,0.0,1.0,1.0,16.67,33.23,0.0,0.0,0.0,0.0,0.0,0.0,0.0,0.0,0.0,0.0,0.0,0.0,0.0,0.0,0.0,0.0,2.0,2.0,33.33,66.46,0.0,0.0,0.0,0.0,2.0,2.0,33.33,66.46,1.0,1.0,16.67,33.23,0.0,0.0,0.0,0.0,0.0,0.0,0.0,0.0,0.0,0.0,0.0,0.0,2.0,2.0,33.33,66.46,0.0,0.0,0.0,0.0,0.0,0.0,0.0,132.92,0.0,0.0,0.0,1.08,1.08,0.0,0.0,0.0,0.0,,0.33,,0.0,1.0,0.5,0.0,0.0,0.33,0.0,0.0
10874,熊祥泰,新北國王,3,24|29|10874,蘇士軒/林書緯/熊祥泰,1,5,6.0,65.0,1.08,01:05,65.0,1.08,01:05,0.0,0.0,0.0,0.0,0.0,0.0,0.0,0.0,2.0,2.0,33.33,66.46,0.0,0.0,0.0,0.0,1.0,1.0,16.67,33.23,0.0,0.0,0.0,0.0,1.0,1.0,16.67,33.23,0.0,0.0,0.0,0.0,0.0,0.0,0.0,0.0,0.0,0.0,0.0,0.0,0.0,0.0,0.0,0.0,2.0,2.0,33.33,66.46,0.0,0.0,0.0,0.0,2.0,2.0,33.33,66.46,1.0,1.0,16.67,33.23,0.0,0.0,0.0,0.0,0.0,0.0,0.0,0.0,0.0,0.0,0.0,0.0,2.0,2.0,33.33,66.46,0.0,0.0,0.0,0.0,0.0,0.0,0.0,132.92,0.0,0.0,0.0,1.08,1.08,0.0,0.0,0.0,0.0,,0.33,,0.0,1.0,0.5,0.0,0.0,0.33,0.0,0.0
10874,熊祥泰,新北國王,4,24|29|32|10874,蘇士軒/林書緯/奧帝/熊祥泰,1,5,6.0,65.0,1.08,01:05,65.0,1.08,01:05,0.0,0.0,0.0,0.0,0.0,0.0,0.0,0.0,2.0,2.0,33.33,66.46,0.0,0.0,0.0,0.0,1.0,1.0,16.67,33.23,0.0,0.0,0.0,0.0,1.0,1.0,16.67,33.23,0.0,0.0,0.0,0.0,0.0,0.0,0.0,0.0,0.0,0.0,0.0,0.0,0.0,0.0,0.0,0.0,2.0,2.0,33.33,66.46,0.0,0.0,0.0,0.0,2.0,2.0,33.33,66.46,1.0,1.0,16.67,33.23,0.0,0.0,0.0,0.0,0.0,0.0,0.0,0.0,0.0,0.0,0.0,0.0,2.0,2.0,33.33,66.46,0.0,0.0,0.0,0.0,0.0,0.0,0.0,132.92,0.0,0.0,0.0,1.08,1.08,0.0,0.0,0.0,0.0,,0.33,,0.0,1.0,0.5,0.0,0.0,0.33,0.0,0.0
10874,熊祥泰,新北國王,4,24|29|10874|13029,蘇士軒/林書緯/熊祥泰/杰倫,1,5,6.0,65.0,1.08,01:05,65.0,1.08,01:05,0.0,0.0,0.0,0.0,0.0,0.0,0.0,0.0,2.0,2.0,33.33,66.46,0.0,0.0,0.0,0.0,1.0,1.0,16.67,33.23,0.0,0.0,0.0,0.0,1.0,1.0,16.67,33.23,0.0,0.0,0.0,0.0,0.0,0.0,0.0,0.0,0.0,0.0,0.0,0.0,0.0,0.0,0.0,0.0,2.0,2.0,33.33,66.46,0.0,0.0,0.0,0.0,2.0,2.0,33.33,66.46,1.0,1.0,16.67,33.23,0.0,0.0,0.0,0.0,0.0,0.0,0.0,0.0,0.0,0.0,0.0,0.0,2.0,2.0,33.33,66.46,0.0,0.0,0.0,0.0,0.0,0.0,0.0,132.92,0.0,0.0,0.0,1.08,1.08,0.0,0.0,0.0,0.0,,0.33,,0.0,1.0,0.5,0.0,0.0,0.33,0.0,0.0
10874,熊祥泰,新北國王,5,24|29|32|10874|13029,蘇士軒/林書緯/奧帝/熊祥泰/杰倫,1,5,6.0,65.0,1.08,01:05,65.0,1.08,01:05,0.0,0.0,0.0,0.0,0.0,0.0,0.0,0.0,2.0,2.0,33.33,66.46,0.0,0.0,0.0,0.0,1.0,1.0,16.67,33.23,0.0,0.0,0.0,0.0,1.0,1.0,16.67,33.23,0.0,0.0,0.0,0.0,0.0,0.0,0.0,0.0,0.0,0.0,0.0,0.0,0.0,0.0,0.0,0.0,2.0,2.0,33.33,66.46,0.0,0.0,0.0,0.0,2.0,2.0,33.33,66.46,1.0,1.0,16.67,33.23,0.0,0.0,0.0,0.0,0.0,0.0,0.0,0.0,0.0,0.0,0.0,0.0,2.0,2.0,33.33,66.46,0.0,0.0,0.0,0.0,0.0,0.0,0.0,132.92,0.0,0.0,0.0,1.08,1.08,0.0,0.0,0.0,0.0,,0.33,,0.0,1.0,0.5,0.0,0.0,0.33,0.0,0.0
13029,杰倫,新北國王,4,24|29|10874|13029,蘇士軒/林書緯/熊祥泰/杰倫,1,5,6.0,65.0,1.08,01:05,65.0,1.08,01:05,0.0,0.0,0.0,0.0,0.0,0.0,0.0,0.0,2.0,2.0,33.33,66.46,0.0,0.0,0.0,0.0,1.0,1.0,16.67,33.23,0.0,0.0,0.0,0.0,1.0,1.0,16.67,33.23,0.0,0.0,0.0,0.0,0.0,0.0,0.0,0.0,0.0,0.0,0.0,0.0,0.0,0.0,0.0,0.0,2.0,2.0,33.33,66.46,0.0,0.0,0.0,0.0,2.0,2.0,33.33,66.46,1.0,1.0,16.67,33.23,0.0,0.0,0.0,0.0,0.0,0.0,0.0,0.0,0.0,0.0,0.0,0.0,2.0,2.0,33.33,66.46,0.0,0.0,0.0,0.0,0.0,0.0,0.0,132.92,0.0,0.0,0.0,1.08,1.08,0.0,0.0,0.0,0.0,,0.33,,0.0,1.0,0.5,0.0,0.0,0.33,0.0,0.0
13029,杰倫,新北國王,5,24|29|32|10874|13029,蘇士軒/林書緯/奧帝/熊祥泰/杰倫,1,5,6.0,65.0,1.08,01:05,65.0,1.08,01:05,0.0,0.0,0.0,0.0,0.0,0.0,0.0,0.0,2.0,2.0,33.33,66.46,0.0,0.0,0.0,0.0,1.0,1.0,16.67,33.23,0.0,0.0,0.0,0.0,1.0,1.0,16.67,33.23,0.0,0.0,0.0,0.0,0.0,0.0,0.0,0.0,0.0,0.0,0.0,0.0,0.0,0.0,0.0,0.0,2.0,2.0,33.33,66.46,0.0,0.0,0.0,0.0,2.0,2.0,33.33,66.46,1.0,1.0,16.67,33.23,0.0,0.0,0.0,0.0,0.0,0.0,0.0,0.0,0.0,0.0,0.0,0.0,2.0,2.0,33.33,66.46,0.0,0.0,0.0,0.0,0.0,0.0,0.0,132.92,0.0,0.0,0.0,1.08,1.08,0.0,0.0,0.0,0.0,,0.33,,0.0,1.0,0.5,0.0,0.0,0.33,0.0,0.0
40,謝亞軒,新北中信特攻,3,40|47|10879,謝亞軒/曾文鼎/簡廷兆,1,10,12.0,114.69,1.91,01:55,114.69,1.91,01:55,3.0,3.0,25.0,56.5,7.0,7.0,58.33,131.83,5.0,5.0,41.67,94.16,1.0,1.0,8.33,18.83,1.0,1.0,8.33,18.83,0.0,0.0,0.0,0.0,4.0,4.0,33.33,75.33,1.0,1.0,8.33,18.83,0.0,0.0,0.0,0.0,0.0,0.0,0.0,0.0,1.0,1.0,8.33,18.83,3.0,3.0,25.0,56.5,0.0,0.0,0.0,0.0,1.0,1.0,8.33,18.83,1.0,1.0,8.33,18.83,1.0,1.0,8.33,18.83,0.0,0.0,0.0,0.0,0.0,0.0,0.0,0.0,0.0,0.0,0.0,0.0,2.0,2.0,16.67,37.67,25.0,58.33,-33.33,150.66,-4.0,-4.0,-33.33,1.91,1.91,0.3,0.3,0.0,0.25,,0.17,1.0,0.5,1.0,0.8,0.0,0.0,0.0,16.67,0.0
40,謝亞軒,新北中信特攻,4,40|47|10879|10880,謝亞軒/曾文鼎/簡廷兆/內馬,1,4,5.0,49.0,0.82,00:49,49.0,0.82,00:49,0.0,0.0,0.0,0.0,0.0,0.0,0.0,0.0,1.0,1.0,20.0,44.08,0.0,0.0,0.0,0.0,1.0,1.0,20.0,44.08,0.0,0.0,0.0,0.0,0.0,0.0,0.0,0.0,0.0,0.0,0.0,0.0,0.0,0.0,0.0,0.0,0.0,0.0,0.0,0.0,0.0,0.0,0.0,0.0,1.0,1.0,20.0,44.08,0.0,0.0,0.0,0.0,1.0,1.0,20.0,44.08,1.0,1.0,20.0,44.08,0.0,0.0,0.0,0.0,0.0,0.0,0.0,0.0,0.0,0.0,0.0,0.0,0.0,0.0,0.0,0.0,0.0,0.0,0.0,0.0,0.0,0.0,0.0,146.94,0.0,0.0,0.0,0.82,0.82,0.0,0.0,0.0,,,0.5,,0.0,1.0,0.5,0.0,0.0,0.0,0.0,0.0
40,謝亞軒,新北中信特攻,4,40|47|10879|10881,謝亞軒/曾文鼎/簡廷兆/飛克,1,10,12.0,114.69,1.91,01:55,114.69,1.91,01:55,3.0,3.0,25.0,56.5,7.0,7.0,58.33,131.83,5.0,5.0,41.67,94.16,1.0,1.0,8.33,18.83,1.0,1.0,8.33,18.83,0.0,0.0,0.0,0.0,4.0,4.0,33.33,75.33,1.0,1.0,8.33,18.83,0.0,0.0,0.0,0.0,0.0,0.0,0.0,0.0,1.0,1.0,8.33,18.83,3.0,3.0,25.0,56.5,0.0,0.0,0.0,0.0,1.0,1.0,8.33,18.83,1.0,1.0,8.33,18.83,1.0,1.0,8.33,18.83,0.0,0.0,0.0,0.0,0.0,0.0,0.0,0.0,0.0,0.0,0.0,0.0,2.0,2.0,16.67,37.67,25.0,58.33,-33.33,150.66,-4.0,-4.0,-33.33,1.91,1.91,0.3,0.3,0.0,0.25,,0.17,1.0,0.5,1.0,0.8,0.0,0.0,0.0,16.67,0.0
40,謝亞軒,新北中信特攻,5,40|47|10879|10880|10881,謝亞軒/曾文鼎/簡廷兆/內馬/飛克,1,4,5.0,49.0,0.82,00:49,49.0,0.82,00:49,0.0,0.0,0.0,0.0,0.0,0.0,0.0,0.0,1.0,1.0,20.0,44.08,0.0,0.0,0.0,0.0,1.0,1.0,20.0,44.08,0.0,0.0,0.0,0.0,0.0,0.0,0.0,0.0,0.0,0.0,0.0,0.0,0.0,0.0,0.0,0.0,0.0,0.0,0.0,0.0,0.0,0.0,0.0,0.0,1.0,1.0,20.0,44.08,0.0,0.0,0.0,0.0,1.0,1.0,20.0,44.08,1.0,1.0,20.0,44.08,0.0,0.0,0.0,0.0,0.0,0.0,0.0,0.0,0.0,0.0,0.0,0.0,0.0,0.0,0.0,0.0,0.0,0.0,0.0,0.0,0.0,0.0,0.0,146.94,0.0,0.0,0.0,0.82,0.82,0.0,0.0,0.0,,,0.5,,0.0,1.0,0.5,0.0,0.0,0.0,0.0,0.0
47,曾文鼎,新北中信特攻,2,47|10879,曾文鼎/簡廷兆,1,28,36.0,427.79,7.13,07:08,427.79,7.13,07:08,13.0,13.0,36.11,65.64,17.0,17.0,47.22,85.84,18.0,18.0,50.0,90.89,5.0,5.0,13.89,25.25,6.0,6.0,16.67,30.3,2.0,2.0,5.56,10.1,12.0,12.0,33.33,60.59,3.0,3.0,8.33,15.15,0.0,0.0,0.0,0.0,0.0,0.0,0.0,0.0,5.0,5.0,13.89,25.25,8.0,8.0,22.22,40.39,2.0,2.0,5.56,10.1,5.0,5.0,13.89,25.25,1.0,1.0,2.78,5.05,4.0,4.0,11.11,20.2,0.0,0.0,0.0,0.0,0.0,0.0,0.0,0.0,0.0,0.0,0.0,0.0,4.0,4.0,11.11,20.2,36.11,47.22,-11.11,121.18,-4.0,-4.0,-11.11,7.13,7.13,0.36,0.36,0.33,0.25,,0.05,0.8,0.5,0.8,0.65,0.0,0.0,0.0,11.11,0.0
47,曾文鼎,新北中信特攻,3,40|47|10879,謝亞軒/曾文鼎/簡廷兆,1,10,12.0,114.69,1.91,01:55,114.69,1.91,01:55,3.0,3.0,25.0,56.5,7.0,7.0,58.33,131.83,5.0,5.0,41.67,94.16,1.0,1.0,8.33,18.83,1.0,1.0,8.33,18.83,0.0,0.0,0.0,0.0,4.0,4.0,33.33,75.33,1.0,1.0,8.33,18.83,0.0,0.0,0.0,0.0,0.0,0.0,0.0,0.0,1.0,1.0,8.33,18.83,3.0,3.0,25.0,56.5,0.0,0.0,0.0,0.0,1.0,1.0,8.33,18.83,1.0,1.0,8.33,18.83,1.0,1.0,8.33,18.83,0.0,0.0,0.0,0.0,0.0,0.0,0.0,0.0,0.0,0.0,0.0,0.0,2.0,2.0,16.67,37.67,25.0,58.33,-33.33,150.66,-4.0,-4.0,-33.33,1.91,1.91,0.3,0.3,0.0,0.25,,0.17,1.0,0.5,1.0,0.8,0.0,0.0,0.0,16.67,0.0
47,曾文鼎,新北中信特攻,3,47|10879|10880,曾文鼎/簡廷兆/內馬,1,12,15.0,222.0,3.7,03:42,222.0,3.7,03:42,4.0,4.0,26.67,38.92,2.0,2.0,13.33,19.46,6.0,6.0,40.0,58.38,2.0,2.0,13.33,19.46,4.0,4.0,26.67,38.92,2.0,2.0,13.33,19.46,2.0,2.0,13.33,19.46,0.0,0.0,0.0,0.0,0.0,0.0,0.0,0.0,0.0,0.0,0.0,0.0,1.0,1.0,6.67,9.73,3.0,3.0,20.0,29.19,1.0,1.0,6.67,9.73,3.0,3.0,20.0,29.19,1.0,1.0,6.67,9.73,1.0,1.0,6.67,9.73,0.0,0.0,0.0,0.0,0.0,0.0,0.0,0.0,0.0,0.0,0.0,0.0,0.0,0.0,0.0,0.0,26.67,13.33,13.33,97.3,2.0,2.0,13.33,3.7,3.7,0.33,0.33,0.5,0.0,,0.14,0.5,0.25,0.75,0.5,0.0,0.0,0.0,0.0,0.0
47,曾文鼎,新北中信特攻,3,47|10879|10881,曾文鼎/簡廷兆/飛克,1,20,26.0,254.79,4.25,04:15,254.79,4.25,04:15,9.0,9.0,34.62,76.3,15.0,15.0,57.69,127.16,13.0,13.0,50.0,110.21,3.0,3.0,11.54,25.43,3.0,3.0,11.54,25.43,0.0,0.0,0.0,0.0,10.0,10.0,38.46,84.78,3.0,3.0,11.54,25.43,0.0,0.0,0.0,0.0,0.0,0.0,0.0,0.0,4.0,4.0,15.38,33.91,6.0,6.0,23.08,50.87,1.0,1.0,3.85,8.48,3.0,3.0,11.54,25.43,1.0,1.0,3.85,8.48,3.0,3.0,11.54,25.43,0.0,0.0,0.0,0.0,0.0,0.0,0.0,0.0,0.0,0.0,0.0,0.0,4.0,4.0,15.38,33.91,34.62,57.69,-23.08,146.94,-6.0,-6.0,-23.08,4.25,4.25,0.35,0.35,0.0,0.3,,0.07,1.0,0.57,0.86,0.71,0.0,0.0,0.0,15.38,0.0
47,曾文鼎,新北中信特攻,4,40|47|10879|10880,謝亞軒/曾文鼎/簡廷兆/內馬,1,4,5.0,49.0,0.82,00:49,49.0,0.82,00:49,0.0,0.0,0.0,0.0,0.0,0.0,0.0,0.0,1.0,1.0,20.0,44.08,0.0,0.0,0.0,0.0,1.0,1.0,20.0,44.08,0.0,0.0,0.0,0.0,0.0,0.0,0.0,0.0,0.0,0.0,0.0,0.0,0.0,0.0,0.0,0.0,0.0,0.0,0.0,0.0,0.0,0.0,0.0,0.0,1.0,1.0,20.0,44.08,0.0,0.0,0.0,0.0,1.0,1.0,20.0,44.08,1.0,1.0,20.0,44.08,0.0,0.0,0.0,0.0,0.0,0.0,0.0,0.0,0.0,0.0,0.0,0.0,0.0,0.0,0.0,0.0,0.0,0.0,0.0,0.0,0.0,0.0,0.0,146.94,0.0,0.0,0.0,0.82,0.82,0.0,0.0,0.0,,,0.5,,0.0,1.0,0.5,0.0,0.0,0.0,0.0,0.0
47,曾文鼎,新北中信特攻,4,40|47|10879|10881,謝亞軒/曾文鼎/簡廷兆/飛克,1,10,12.0,114.69,1.91,01:55,114.69,1.91,01:55,3.0,3.0,25.0,56.5,7.0,7.0,58.33,131.83,5.0,5.0,41.67,94.16,1.0,1.0,8.33,18.83,1.0,1.0,8.33,18.83,0.0,0.0,0.0,0.0,4.0,4.0,33.33,75.33,1.0,1.0,8.33,18.83,0.0,0.0,0.0,0.0,0.0,0.0,0.0,0.0,1.0,1.0,8.33,18.83,3.0,3.0,25.0,56.5,0.0,0.0,0.0,0.0,1.0,1.0,8.33,18.83,1.0,1.0,8.33,18.83,1.0,1.0,8.33,18.83,0.0,0.0,0.0,0.0,0.0,0.0,0.0,0.0,0.0,0.0,0.0,0.0,2.0,2.0,16.67,37.67,25.0,58.33,-33.33,150.66,-4.0,-4.0,-33.33,1.91,1.91,0.3,0.3,0.0,0.25,,0.17,1.0,0.5,1.0,0.8,0.0,0.0,0.0,16.67,0.0
47,曾文鼎,新北中信特攻,4,47|10879|10880|10881,曾文鼎/簡廷兆/內馬/飛克,1,4,5.0,49.0,0.82,00:49,49.0,0.82,00:49,0.0,0.0,0.0,0.0,0.0,0.0,0.0,0.0,1.0,1.0,20.0,44.08,0.0,0.0,0.0,0.0,1.0,1.0,20.0,44.08,0.0,0.0,0.0,0.0,0.0,0.0,0.0,0.0,0.0,0.0,0.0,0.0,0.0,0.0,0.0,0.0,0.0,0.0,0.0,0.0,0.0,0.0,0.0,0.0,1.0,1.0,20.0,44.08,0.0,0.0,0.0,0.0,1.0,1.0,20.0,44.08,1.0,1.0,20.0,44.08,0.0,0.0,0.0,0.0,0.0,0.0,0.0,0.0,0.0,0.0,0.0,0.0,0.0,0.0,0.0,0.0,0.0,0.0,0.0,0.0,0.0,0.0,0.0,146.94,0.0,0.0,0.0,0.82,0.82,0.0,0.0,0.0,,,0.5,,0.0,1.0,0.5,0.0,0.0,0.0,0.0,0.0
47,曾文鼎,新北中信特攻,5,40|47|10879|10880|10881,謝亞軒/曾文鼎/簡廷兆/內馬/飛克,1,4,5.0,49.0,0.82,00:49,49.0,0.82,00:49,0.0,0.0,0.0,0.0,0.0,0.0,0.0,0.0,1.0,1.0,20.0,44.08,0.0,0.0,0.0,0.0,1.0,1.0,20.0,44.08,0.0,0.0,0.0,0.0,0.0,0.0,0.0,0.0,0.0,0.0,0.0,0.0,0.0,0.0,0.0,0.0,0.0,0.0,0.0,0.0,0.0,0.0,0.0,0.0,1.0,1.0,20.0,44.08,0.0,0.0,0.0,0.0,1.0,1.0,20.0,44.08,1.0,1.0,20.0,44.08,0.0,0.0,0.0,0.0,0.0,0.0,0.0,0.0,0.0,0.0,0.0,0.0,0.0,0.0,0.0,0.0,0.0,0.0,0.0,0.0,0.0,0.0,0.0,146.94,0.0,0.0,0.0,0.82,0.82,0.0,0.0,0.0,,,0.5,,0.0,1.0,0.5,0.0,0.0,0.0,0.0,0.0
10879,簡廷兆,新北中信特攻,2,47|10879,曾文鼎/簡廷兆,1,28,36.0,427.79,7.13,07:08,427.79,7.13,07:08,13.0,13.0,36.11,65.64,17.0,17.0,47.22,85.84,18.0,18.0,50.0,90.89,5.0,5.0,13.89,25.25,6.0,6.0,16.67,30.3,2.0,2.0,5.56,10.1,12.0,12.0,33.33,60.59,3.0,3.0,8.33,15.15,0.0,0.0,0.0,0.0,0.0,0.0,0.0,0.0,5.0,5.0,13.89,25.25,8.0,8.0,22.22,40.39,2.0,2.0,5.56,10.1,5.0,5.0,13.89,25.25,1.0,1.0,2.78,5.05,4.0,4.0,11.11,20.2,0.0,0.0,0.0,0.0,0.0,0.0,0.0,0.0,0.0,0.0,0.0,0.0,4.0,4.0,11.11,20.2,36.11,47.22,-11.11,121.18,-4.0,-4.0,-11.11,7.13,7.13,0.36,0.36,0.33,0.25,,0.05,0.8,0.5,0.8,0.65,0.0,0.0,0.0,11.11,0.0
10879,簡廷兆,新北中信特攻,3,40|47|10879,謝亞軒/曾文鼎/簡廷兆,1,10,12.0,114.69,1.91,01:55,114.69,1.91,01:55,3.0,3.0,25.0,56.5,7.0,7.0,58.33,131.83,5.0,5.0,41.67,94.16,1.0,1.0,8.33,18.83,1.0,1.0,8.33,18.83,0.0,0.0,0.0,0.0,4.0,4.0,33.33,75.33,1.0,1.0,8.33,18.83,0.0,0.0,0.0,0.0,0.0,0.0,0.0,0.0,1.0,1.0,8.33,18.83,3.0,3.0,25.0,56.5,0.0,0.0,0.0,0.0,1.0,1.0,8.33,18.83,1.0,1.0,8.33,18.83,1.0,1.0,8.33,18.83,0.0,0.0,0.0,0.0,0.0,0.0,0.0,0.0,0.0,0.0,0.0,0.0,2.0,2.0,16.67,37.67,25.0,58.33,-33.33,150.66,-4.0,-4.0,-33.33,1.91,1.91,0.3,0.3,0.0,0.25,,0.17,1.0,0.5,1.0,0.8,0.0,0.0,0.0,16.67,0.0
10879,簡廷兆,新北中信特攻,3,47|10879|10880,曾文鼎/簡廷兆/內馬,1,12,15.0,222.0,3.7,03:42,222.0,3.7,03:42,4.0,4.0,26.67,38.92,2.0,2.0,13.33,19.46,6.0,6.0,40.0,58.38,2.0,2.0,13.33,19.46,4.0,4.0,26.67,38.92,2.0,2.0,13.33,19.46,2.0,2.0,13.33,19.46,0.0,0.0,0.0,0.0,0.0,0.0,0.0,0.0,0.0,0.0,0.0,0.0,1.0,1.0,6.67,9.73,3.0,3.0,20.0,29.19,1.0,1.0,6.67,9.73,3.0,3.0,20.0,29.19,1.0,1.0,6.67,9.73,1.0,1.0,6.67,9.73,0.0,0.0,0.0,0.0,0.0,0.0,0.0,0.0,0.0,0.0,0.0,0.0,0.0,0.0,0.0,0.0,26.67,13.33,13.33,97.3,2.0,2.0,13.33,3.7,3.7,0.33,0.33,0.5,0.0,,0.14,0.5,0.25,0.75,0.5,0.0,0.0,0.0,0.0,0.0
10879,簡廷兆,新北中信特攻,3,47|10879|10881,曾文鼎/簡廷兆/飛克,1,20,26.0,254.79,4.25,04:15,254.79,4.25,04:15,9.0,9.0,34.62,76.3,15.0,15.0,57.69,127.16,13.0,13.0,50.0,110.21,3.0,3.0,11.54,25.43,3.0,3.0,11.54,25.43,0.0,0.0,0.0,0.0,10.0,10.0,38.46,84.78,3.0,3.0,11.54,25.43,0.0,0.0,0.0,0.0,0.0,0.0,0.0,0.0,4.0,4.0,15.38,33.91,6.0,6.0,23.08,50.87,1.0,1.0,3.85,8.48,3.0,3.0,11.54,25.43,1.0,1.0,3.85,8.48,3.0,3.0,11.54,25.43,0.0,0.0,0.0,0.0,0.0,0.0,0.0,0.0,0.0,0.0,0.0,0.0,4.0,4.0,15.38,33.91,34.62,57.69,-23.08,146.94,-6.0,-6.0,-23.08,4.25,4.25,0.35,0.35,0.0,0.3,,0.07,1.0,0.57,0.86,0.71,0.0,0.0,0.0,15.38,0.0
10879,簡廷兆,新北中信特攻,4,40|47|10879|10880,謝亞軒/曾文鼎/簡廷兆/內馬,1,4,5.0,49.0,0.82,00:49,49.0,0.82,00:49,0.0,0.0,0.0,0.0,0.0,0.0,0.0,0.0,1.0,1.0,20.0,44.08,0.0,0.0,0.0,0.0,1.0,1.0,20.0,44.08,0.0,0.0,0.0,0.0,0.0,0.0,0.0,0.0,0.0,0.0,0.0,0.0,0.0,0.0,0.0,0.0,0.0,0.0,0.0,0.0,0.0,0.0,0.0,0.0,1.0,1.0,20.0,44.08,0.0,0.0,0.0,0.0,1.0,1.0,20.0,44.08,1.0,1.0,20.0,44.08,0.0,0.0,0.0,0.0,0.0,0.0,0.0,0.0,0.0,0.0,0.0,0.0,0.0,0.0,0.0,0.0,0.0,0.0,0.0,0.0,0.0,0.0,0.0,146.94,0.0,0.0,0.0,0.82,0.82,0.0,0.0,0.0,,,0.5,,0.0,1.0,0.5,0.0,0.0,0.0,0.0,0.0
10879,簡廷兆,新北中信特攻,4,40|47|10879|10881,謝亞軒/曾文鼎/簡廷兆/飛克,1,10,12.0,114.69,1.91,01:55,114.69,1.91,01:55,3.0,3.0,25.0,56.5,7.0,7.0,58.33,131.83,5.0,5.0,41.67,94.16,1.0,1.0,8.33,18.83,1.0,1.0,8.33,18.83,0.0,0.0,0.0,0.0,4.0,4.0,33.33,75.33,1.0,1.0,8.33,18.83,0.0,0.0,0.0,0.0,0.0,0.0,0.0,0.0,1.0,1.0,8.33,18.83,3.0,3.0,25.0,56.5,0.0,0.0,0.0,0.0,1.0,1.0,8.33,18.83,1.0,1.0,8.33,18.83,1.0,1.0,8.33,18.83,0.0,0.0,0.0,0.0,0.0,0.0,0.0,0.0,0.0,0.0,0.0,0.0,2.0,2.0,16.67,37.67,25.0,58.33,-33.33,150.66,-4.0,-4.0,-33.33,1.91,1.91,0.3,0.3,0.0,0.25,,0.17,1.0,0.5,1.0,0.8,0.0,0.0,0.0,16.67,0.0
10879,簡廷兆,新北中信特攻,4,47|10879|10880|10881,曾文鼎/簡廷兆/內馬/飛克,1,4,5.0,49.0,0.82,00:49,49.0,0.82,00:49,0.0,0.0,0.0,0.0,0.0,0.0,0.0,0.0,1.0,1.0,20.0,44.08,0.0,0.0,0.0,0.0,1.0,1.0,20.0,44.08,0.0,0.0,0.0,0.0,0.0,0.0,0.0,0.0,0.0,0.0,0.0,0.0,0.0,0.0,0.0,0.0,0.0,0.0,0.0,0.0,0.0,0.0,0.0,0.0,1.0,1.0,20.0,44.08,0.0,0.0,0.0,0.0,1.0,1.0,20.0,44.08,1.0,1.0,20.0,44.08,0.0,0.0,0.0,0.0,0.0,0.0,0.0,0.0,0.0,0.0,0.0,0.0,0.0,0.0,0.0,0.0,0.0,0.0,0.0,0.0,0.0,0.0,0.0,146.94,0.0,0.0,0.0,0.82,0.82,0.0,0.0,0.0,,,0.5,,0.0,1.0,0.5,0.0,0.0,0.0,0.0,0.0
10879,簡廷兆,新北中信特攻,5,40|47|10879|10880|10881,謝亞軒/曾文鼎/簡廷兆/內馬/飛克,1,4,5.0,49.0,0.82,00:49,49.0,0.82,00:49,0.0,0.0,0.0,0.0,0.0,0.0,0.0,0.0,1.0,1.0,20.0,44.08,0.0,0.0,0.0,0.0,1.0,1.0,20.0,44.08,0.0,0.0,0.0,0.0,0.0,0.0,0.0,0.0,0.0,0.0,0.0,0.0,0.0,0.0,0.0,0.0,0.0,0.0,0.0,0.0,0.0,0.0,0.0,0.0,1.0,1.0,20.0,44.08,0.0,0.0,0.0,0.0,1.0,1.0,20.0,44.08,1.0,1.0,20.0,44.08,0.0,0.0,0.0,0.0,0.0,0.0,0.0,0.0,0.0,0.0,0.0,0.0,0.0,0.0,0.0,0.0,0.0,0.0,0.0,0.0,0.0,0.0,0.0,146.94,0.0,0.0,0.0,0.82,0.82,0.0,0.0,0.0,,,0.5,,0.0,1.0,0.5,0.0,0.0,0.0,0.0,0.0
10880,內馬,新北中信特攻,3,47|10879|10880,曾文鼎/簡廷兆/內馬,1,12,15.0,222.0,3.7,03:42,222.0,3.7,03:42,4.0,4.0,26.67,38.92,2.0,2.0,13.33,19.46,6.0,6.0,40.0,58.38,2.0,2.0,13.33,19.46,4.0,4.0,26.67,38.92,2.0,2.0,13.33,19.46,2.0,2.0,13.33,19.46,0.0,0.0,0.0,0.0,0.0,0.0,0.0,0.0,0.0,0.0,0.0,0.0,1.0,1.0,6.67,9.73,3.0,3.0,20.0,29.19,1.0,1.0,6.67,9.73,3.0,3.0,20.0,29.19,1.0,1.0,6.67,9.73,1.0,1.0,6.67,9.73,0.0,0.0,0.0,0.0,0.0,0.0,0.0,0.0,0.0,0.0,0.0,0.0,0.0,0.0,0.0,0.0,26.67,13.33,13.33,97.3,2.0,2.0,13.33,3.7,3.7,0.33,0.33,0.5,0.0,,0.14,0.5,0.25,0.75,0.5,0.0,0.0,0.0,0.0,0.0
10880,內馬,新北中信特攻,4,40|47|10879|10880,謝亞軒/曾文鼎/簡廷兆/內馬,1,4,5.0,49.0,0.82,00:49,49.0,0.82,00:49,0.0,0.0,0.0,0.0,0.0,0.0,0.0,0.0,1.0,1.0,20.0,44.08,0.0,0.0,0.0,0.0,1.0,1.0,20.0,44.08,0.0,0.0,0.0,0.0,0.0,0.0,0.0,0.0,0.0,0.0,0.0,0.0,0.0,0.0,0.0,0.0,0.0,0.0,0.0,0.0,0.0,0.0,0.0,0.0,1.0,1.0,20.0,44.08,0.0,0.0,0.0,0.0,1.0,1.0,20.0,44.08,1.0,1.0,20.0,44.08,0.0,0.0,0.0,0.0,0.0,0.0,0.0,0.0,0.0,0.0,0.0,0.0,0.0,0.0,0.0,0.0,0.0,0.0,0.0,0.0,0.0,0.0,0.0,146.94,0.0,0.0,0.0,0.82,0.82,0.0,0.0,0.0,,,0.5,,0.0,1.0,0.5,0.0,0.0,0.0,0.0,0.0
10880,內馬,新北中信特攻,4,47|10879|10880|10881,曾文鼎/簡廷兆/內馬/飛克,1,4,5.0,49.0,0.82,00:49,49.0,0.82,00:49,0.0,0.0,0.0,0.0,0.0,0.0,0.0,0.0,1.0,1.0,20.0,44.08,0.0,0.0,0.0,0.0,1.0,1.0,20.0,44.08,0.0,0.0,0.0,0.0,0.0,0.0,0.0,0.0,0.0,0.0,0.0,0.0,0.0,0.0,0.0,0.0,0.0,0.0,0.0,0.0,0.0,0.0,0.0,0.0,1.0,1.0,20.0,44.08,0.0,0.0,0.0,0.0,1.0,1.0,20.0,44.08,1.0,1.0,20.0,44.08,0.0,0.0,0.0,0.0,0.0,0.0,0.0,0.0,0.0,0.0,0.0,0.0,0.0,0.0,0.0,0.0,0.0,0.0,0.0,0.0,0.0,0.0,0.0,146.94,0.0,0.0,0.0,0.82,0.82,0.0,0.0,0.0,,,0.5,,0.0,1.0,0.5,0.0,0.0,0.0,0.0,0.0
10880,內馬,新北中信特攻,5,40|47|10879|10880|10881,謝亞軒/曾文鼎/簡廷兆/內馬/飛克,1,4,5.0,49.0,0.82,00:49,49.0,0.82,00:49,0.0,0.0,0.0,0.0,0.0,0.0,0.0,0.0,1.0,1.0,20.0,44.08,0.0,0.0,0.0,0.0,1.0,1.0,20.0,44.08,0.0,0.0,0.0,0.0,0.0,0.0,0.0,0.0,0.0,0.0,0.0,0.0,0.0,0.0,0.0,0.0,0.0,0.0,0.0,0.0,0.0,0.0,0.0,0.0,1.0,1.0,20.0,44.08,0.0,0.0,0.0,0.0,1.0,1.0,20.0,44.08,1.0,1.0,20.0,44.08,0.0,0.0,0.0,0.0,0.0,0.0,0.0,0.0,0.0,0.0,0.0,0.0,0.0,0.0,0.0,0.0,0.0,0.0,0.0,0.0,0.0,0.0,0.0,146.94,0.0,0.0,0.0,0.82,0.82,0.0,0.0,0.0,,,0.5,,0.0,1.0,0.5,0.0,0.0,0.0,0.0,0.0
10881,飛克,新北中信特攻,3,47|10879|10881,曾文鼎/簡廷兆/飛克,1,20,26.0,254.79,4.25,04:15,254.79,4.25,04:15,9.0,9.0,34.62,76.3,15.0,15.0,57.69,127.16,13.0,13.0,50.0,110.21,3.0,3.0,11.54,25.43,3.0,3.0,11.54,25.43,0.0,0.0,0.0,0.0,10.0,10.0,38.46,84.78,3.0,3.0,11.54,25.43,0.0,0.0,0.0,0.0,0.0,0.0,0.0,0.0,4.0,4.0,15.38,33.91,6.0,6.0,23.08,50.87,1.0,1.0,3.85,8.48,3.0,3.0,11.54,25.43,1.0,1.0,3.85,8.48,3.0,3.0,11.54,25.43,0.0,0.0,0.0,0.0,0.0,0.0,0.0,0.0,0.0,0.0,0.0,0.0,4.0,4.0,15.38,33.91,34.62,57.69,-23.08,146.94,-6.0,-6.0,-23.08,4.25,4.25,0.35,0.35,0.0,0.3,,0.07,1.0,0.57,0.86,0.71,0.0,0.0,0.0,15.38,0.0
10881,飛克,新北中信特攻,4,40|47|10879|10881,謝亞軒/曾文鼎/簡廷兆/飛克,1,10,12.0,114.69,1.91,01:55,114.69,1.91,01:55,3.0,3.0,25.0,56.5,7.0,7.0,58.33,131.83,5.0,5.0,41.67,94.16,1.0,1.0,8.33,18.83,1.0,1.0,8.33,18.83,0.0,0.0,0.0,0.0,4.0,4.0,33.33,75.33,1.0,1.0,8.33,18.83,0.0,0.0,0.0,0.0,0.0,0.0,0.0,0.0,1.0,1.0,8.33,18.83,3.0,3.0,25.0,56.5,0.0,0.0,0.0,0.0,1.0,1.0,8.33,18.83,1.0,1.0,8.33,18.83,1.0,1.0,8.33,18.83,0.0,0.0,0.0,0.0,0.0,0.0,0.0,0.0,0.0,0.0,0.0,0.0,2.0,2.0,16.67,37.67,25.0,58.33,-33.33,150.66,-4.0,-4.0,-33.33,1.91,1.91,0.3,0.3,0.0,0.25,,0.17,1.0,0.5,1.0,0.8,0.0,0.0,0.0,16.67,0.0
10881,飛克,新北中信特攻,4,47|10879|10880|10881,曾文鼎/簡廷兆/內馬/飛克,1,4,5.0,49.0,0.82,00:49,49.0,0.82,00:49,0.0,0.0,0.0,0.0,0.0,0.0,0.0,0.0,1.0,1.0,20.0,44.08,0.0,0.0,0.0,0.0,1.0,1.0,20.0,44.08,0.0,0.0,0.0,0.0,0.0,0.0,0.0,0.0,0.0,0.0,0.0,0.0,0.0,0.0,0.0,0.0,0.0,0.0,0.0,0.0,0.0,0.0,0.0,0.0,1.0,1.0,20.0,44.08,0.0,0.0,0.0,0.0,1.0,1.0,20.0,44.08,1.0,1.0,20.0,44.08,0.0,0.0,0.0,0.0,0.0,0.0,0.0,0.0,0.0,0.0,0.0,0.0,0.0,0.0,0.0,0.0,0.0,0.0,0.0,0.0,0.0,0.0,0.0,146.94,0.0,0.0,0.0,0.82,0.82,0.0,0.0,0.0,,,0.5,,0.0,1.0,0.5,0.0,0.0,0.0,0.0,0.0
10881,飛克,新北中信特攻,5,40|47|10879|10880|10881,謝亞軒/曾文鼎/簡廷兆/內馬/飛克,1,4,5.0,49.0,0.82,00:49,49.0,0.82,00:49,0.0,0.0,0.0,0.0,0.0,0.0,0.0,0.0,1.0,1.0,20.0,44.08,0.0,0.0,0.0,0.0,1.0,1.0,20.0,44.08,0.0,0.0,0.0,0.0,0.0,0.0,0.0,0.0,0.0,0.0,0.0,0.0,0.0,0.0,0.0,0.0,0.0,0.0,0.0,0.0,0.0,0.0,0.0,0.0,1.0,1.0,20.0,44.08,0.0,0.0,0.0,0.0,1.0,1.0,20.0,44.08,1.0,1.0,20.0,44.08,0.0,0.0,0.0,0.0,0.0,0.0,0.0,0.0,0.0,0.0,0.0,0.0,0.0,0.0,0.0,0.0,0.0,0.0,0.0,0.0,0.0,0.0,0.0,146.94,0.0,0.0,0.0,0.82,0.82,0.0,0.0,0.0,,,0.5,,0.0,1.0,0.5,0.0,0.0,0.0,0.0,0.0
40,謝亞軒,新北中信特攻,3,40|47|10877,謝亞軒/曾文鼎/阿巴西,1,6,7.0,65.69,1.09,01:06,65.69,1.09,01:06,3.0,3.0,42.86,98.64,7.0,7.0,100.0,230.16,4.0,4.0,57.14,131.52,1.0,1.0,14.29,32.88,0.0,0.0,0.0,0.0,0.0,0.0,0.0,0.0,4.0,4.0,57.14,131.52,1.0,1.0,14.29,32.88,0.0,0.0,0.0,0.0,0.0,0.0,0.0,0.0,1.0,1.0,14.29,32.88,2.0,2.0,28.57,65.76,0.0,0.0,0.0,0.0,0.0,0.0,0.0,0.0,0.0,0.0,0.0,0.0,1.0,1.0,14.29,32.88,0.0,0.0,0.0,0.0,0.0,0.0,0.0,0.0,0.0,0.0,0.0,0.0,2.0,2.0,28.57,65.76,42.86,100.0,-57.14,153.44,-4.0,-4.0,-57.14,1.09,1.09,0.38,0.38,,0.25,,0.0,1.0,1.0,1.0,1.0,0.0,0.0,0.0,28.57,0.0
40,謝亞軒,新北中信特攻,4,40|47|10877|10879,謝亞軒/曾文鼎/阿巴西/簡廷兆,1,6,7.0,65.69,1.09,01:06,65.69,1.09,01:06,3.0,3.0,42.86,98.64,7.0,7.0,100.0,230.16,4.0,4.0,57.14,131.52,1.0,1.0,14.29,32.88,0.0,0.0,0.0,0.0,0.0,0.0,0.0,0.0,4.0,4.0,57.14,131.52,1.0,1.0,14.29,32.88,0.0,0.0,0.0,0.0,0.0,0.0,0.0,0.0,1.0,1.0,14.29,32.88,2.0,2.0,28.57,65.76,0.0,0.0,0.0,0.0,0.0,0.0,0.0,0.0,0.0,0.0,0.0,0.0,1.0,1.0,14.29,32.88,0.0,0.0,0.0,0.0,0.0,0.0,0.0,0.0,0.0,0.0,0.0,0.0,2.0,2.0,28.57,65.76,42.86,100.0,-57.14,153.44,-4.0,-4.0,-57.14,1.09,1.09,0.38,0.38,,0.25,,0.0,1.0,1.0,1.0,1.0,0.0,0.0,0.0,28.57,0.0
40,謝亞軒,新北中信特攻,4,40|47|10877|10881,謝亞軒/曾文鼎/阿巴西/飛克,1,6,7.0,65.69,1.09,01:06,65.69,1.09,01:06,3.0,3.0,42.86,98.64,7.0,7.0,100.0,230.16,4.0,4.0,57.14,131.52,1.0,1.0,14.29,32.88,0.0,0.0,0.0,0.0,0.0,0.0,0.0,0.0,4.0,4.0,57.14,131.52,1.0,1.0,14.29,32.88,0.0,0.0,0.0,0.0,0.0,0.0,0.0,0.0,1.0,1.0,14.29,32.88,2.0,2.0,28.57,65.76,0.0,0.0,0.0,0.0,0.0,0.0,0.0,0.0,0.0,0.0,0.0,0.0,1.0,1.0,14.29,32.88,0.0,0.0,0.0,0.0,0.0,0.0,0.0,0.0,0.0,0.0,0.0,0.0,2.0,2.0,28.57,65.76,42.86,100.0,-57.14,153.44,-4.0,-4.0,-57.14,1.09,1.09,0.38,0.38,,0.25,,0.0,1.0,1.0,1.0,1.0,0.0,0.0,0.0,28.57,0.0
40,謝亞軒,新北中信特攻,5,40|47|10877|10879|10881,謝亞軒/曾文鼎/阿巴西/簡廷兆/飛克,1,6,7.0,65.69,1.09,01:06,65.69,1.09,01:06,3.0,3.0,42.86,98.64,7.0,7.0,100.0,230.16,4.0,4.0,57.14,131.52,1.0,1.0,14.29,32.88,0.0,0.0,0.0,0.0,0.0,0.0,0.0,0.0,4.0,4.0,57.14,131.52,1.0,1.0,14.29,32.88,0.0,0.0,0.0,0.0,0.0,0.0,0.0,0.0,1.0,1.0,14.29,32.88,2.0,2.0,28.57,65.76,0.0,0.0,0.0,0.0,0.0,0.0,0.0,0.0,0.0,0.0,0.0,0.0,1.0,1.0,14.29,32.88,0.0,0.0,0.0,0.0,0.0,0.0,0.0,0.0,0.0,0.0,0.0,0.0,2.0,2.0,28.57,65.76,42.86,100.0,-57.14,153.44,-4.0,-4.0,-57.14,1.09,1.09,0.38,0.38,,0.25,,0.0,1.0,1.0,1.0,1.0,0.0,0.0,0.0,28.57,0.0
47,曾文鼎,新北中信特攻,2,47|10877,曾文鼎/阿巴西,1,24,31.0,378.79,6.31,06:19,378.79,6.31,06:19,13.0,13.0,41.94,74.13,17.0,17.0,54.84,96.94,17.0,17.0,54.84,96.94,5.0,5.0,16.13,28.51,5.0,5.0,16.13,28.51,2.0,2.0,6.45,11.4,12.0,12.0,38.71,68.43,3.0,3.0,9.68,17.11,0.0,0.0,0.0,0.0,0.0,0.0,0.0,0.0,5.0,5.0,16.13,28.51,7.0,7.0,22.58,39.92,2.0,2.0,6.45,11.4,4.0,4.0,12.9,22.81,0.0,0.0,0.0,0.0,4.0,4.0,12.9,22.81,0.0,0.0,0.0,0.0,0.0,0.0,0.0,0.0,0.0,0.0,0.0,0.0,4.0,4.0,12.9,22.81,41.94,54.84,-12.9,117.85,-4.0,-4.0,-12.9,6.31,6.31,0.38,0.38,0.4,0.25,,0.0,0.8,0.56,0.78,0.67,0.0,0.0,0.0,12.9,0.0
47,曾文鼎,新北中信特攻,3,40|47|10877,謝亞軒/曾文鼎/阿巴西,1,6,7.0,65.69,1.09,01:06,65.69,1.09,01:06,3.0,3.0,42.86,98.64,7.0,7.0,100.0,230.16,4.0,4.0,57.14,131.52,1.0,1.0,14.29,32.88,0.0,0.0,0.0,0.0,0.0,0.0,0.0,0.0,4.0,4.0,57.14,131.52,1.0,1.0,14.29,32.88,0.0,0.0,0.0,0.0,0.0,0.0,0.0,0.0,1.0,1.0,14.29,32.88,2.0,2.0,28.57,65.76,0.0,0.0,0.0,0.0,0.0,0.0,0.0,0.0,0.0,0.0,0.0,0.0,1.0,1.0,14.29,32.88,0.0,0.0,0.0,0.0,0.0,0.0,0.0,0.0,0.0,0.0,0.0,0.0,2.0,2.0,28.57,65.76,42.86,100.0,-57.14,153.44,-4.0,-4.0,-57.14,1.09,1.09,0.38,0.38,,0.25,,0.0,1.0,1.0,1.0,1.0,0.0,0.0,0.0,28.57,0.0
47,曾文鼎,新北中信特攻,3,47|10877|10879,曾文鼎/阿巴西/簡廷兆,1,24,31.0,378.79,6.31,06:19,378.79,6.31,06:19,13.0,13.0,41.94,74.13,17.0,17.0,54.84,96.94,17.0,17.0,54.84,96.94,5.0,5.0,16.13,28.51,5.0,5.0,16.13,28.51,2.0,2.0,6.45,11.4,12.0,12.0,38.71,68.43,3.0,3.0,9.68,17.11,0.0,0.0,0.0,0.0,0.0,0.0,0.0,0.0,5.0,5.0,16.13,28.51,7.0,7.0,22.58,39.92,2.0,2.0,6.45,11.4,4.0,4.0,12.9,22.81,0.0,0.0,0.0,0.0,4.0,4.0,12.9,22.81,0.0,0.0,0.0,0.0,0.0,0.0,0.0,0.0,0.0,0.0,0.0,0.0,4.0,4.0,12.9,22.81,41.94,54.84,-12.9,117.85,-4.0,-4.0,-12.9,6.31,6.31,0.38,0.38,0.4,0.25,,0.0,0.8,0.56,0.78,0.67,0.0,0.0,0.0,12.9,0.0
47,曾文鼎,新北中信特攻,3,47|10877|10881,曾文鼎/阿巴西/飛克,1,16,21.0,205.79,3.43,03:26,205.79,3.43,03:26,9.0,9.0,42.86,94.46,15.0,15.0,71.43,157.44,12.0,12.0,57.14,125.95,3.0,3.0,14.29,31.49,2.0,2.0,9.52,20.99,0.0,0.0,0.0,0.0,10.0,10.0,47.62,104.96,3.0,3.0,14.29,31.49,0.0,0.0,0.0,0.0,0.0,0.0,0.0,0.0,4.0,4.0,19.05,41.98,5.0,5.0,23.81,52.48,1.0,1.0,4.76,10.5,2.0,2.0,9.52,20.99,0.0,0.0,0.0,0.0,3.0,3.0,14.29,31.49,0.0,0.0,0.0,0.0,0.0,0.0,0.0,0.0,0.0,0.0,0.0,0.0,4.0,4.0,19.05,41.98,42.86,71.43,-28.57,146.95,-6.0,-6.0,-28.57,3.43,3.43,0.38,0.38,0.0,0.3,,0.0,1.0,0.67,0.83,0.75,0.0,0.0,0.0,19.05,0.0
47,曾文鼎,新北中信特攻,4,40|47|10877|10879,謝亞軒/曾文鼎/阿巴西/簡廷兆,1,6,7.0,65.69,1.09,01:06,65.69,1.09,01:06,3.0,3.0,42.86,98.64,7.0,7.0,100.0,230.16,4.0,4.0,57.14,131.52,1.0,1.0,14.29,32.88,0.0,0.0,0.0,0.0,0.0,0.0,0.0,0.0,4.0,4.0,57.14,131.52,1.0,1.0,14.29,32.88,0.0,0.0,0.0,0.0,0.0,0.0,0.0,0.0,1.0,1.0,14.29,32.88,2.0,2.0,28.57,65.76,0.0,0.0,0.0,0.0,0.0,0.0,0.0,0.0,0.0,0.0,0.0,0.0,1.0,1.0,14.29,32.88,0.0,0.0,0.0,0.0,0.0,0.0,0.0,0.0,0.0,0.0,0.0,0.0,2.0,2.0,28.57,65.76,42.86,100.0,-57.14,153.44,-4.0,-4.0,-57.14,1.09,1.09,0.38,0.38,,0.25,,0.0,1.0,1.0,1.0,1.0,0.0,0.0,0.0,28.57,0.0
47,曾文鼎,新北中信特攻,4,40|47|10877|10881,謝亞軒/曾文鼎/阿巴西/飛克,1,6,7.0,65.69,1.09,01:06,65.69,1.09,01:06,3.0,3.0,42.86,98.64,7.0,7.0,100.0,230.16,4.0,4.0,57.14,131.52,1.0,1.0,14.29,32.88,0.0,0.0,0.0,0.0,0.0,0.0,0.0,0.0,4.0,4.0,57.14,131.52,1.0,1.0,14.29,32.88,0.0,0.0,0.0,0.0,0.0,0.0,0.0,0.0,1.0,1.0,14.29,32.88,2.0,2.0,28.57,65.76,0.0,0.0,0.0,0.0,0.0,0.0,0.0,0.0,0.0,0.0,0.0,0.0,1.0,1.0,14.29,32.88,0.0,0.0,0.0,0.0,0.0,0.0,0.0,0.0,0.0,0.0,0.0,0.0,2.0,2.0,28.57,65.76,42.86,100.0,-57.14,153.44,-4.0,-4.0,-57.14,1.09,1.09,0.38,0.38,,0.25,,0.0,1.0,1.0,1.0,1.0,0.0,0.0,0.0,28.57,0.0
47,曾文鼎,新北中信特攻,4,47|10877|10879|10881,曾文鼎/阿巴西/簡廷兆/飛克,1,16,21.0,205.79,3.43,03:26,205.79,3.43,03:26,9.0,9.0,42.86,94.46,15.0,15.0,71.43,157.44,12.0,12.0,57.14,125.95,3.0,3.0,14.29,31.49,2.0,2.0,9.52,20.99,0.0,0.0,0.0,0.0,10.0,10.0,47.62,104.96,3.0,3.0,14.29,31.49,0.0,0.0,0.0,0.0,0.0,0.0,0.0,0.0,4.0,4.0,19.05,41.98,5.0,5.0,23.81,52.48,1.0,1.0,4.76,10.5,2.0,2.0,9.52,20.99,0.0,0.0,0.0,0.0,3.0,3.0,14.29,31.49,0.0,0.0,0.0,0.0,0.0,0.0,0.0,0.0,0.0,0.0,0.0,0.0,4.0,4.0,19.05,41.98,42.86,71.43,-28.57,146.95,-6.0,-6.0,-28.57,3.43,3.43,0.38,0.38,0.0,0.3,,0.0,1.0,0.67,0.83,0.75,0.0,0.0,0.0,19.05,0.0
47,曾文鼎,新北中信特攻,5,40|47|10877|10879|10881,謝亞軒/曾文鼎/阿巴西/簡廷兆/飛克,1,6,7.0,65.69,1.09,01:06,65.69,1.09,01:06,3.0,3.0,42.86,98.64,7.0,7.0,100.0,230.16,4.0,4.0,57.14,131.52,1.0,1.0,14.29,32.88,0.0,0.0,0.0,0.0,0.0,0.0,0.0,0.0,4.0,4.0,57.14,131.52,1.0,1.0,14.29,32.88,0.0,0.0,0.0,0.0,0.0,0.0,0.0,0.0,1.0,1.0,14.29,32.88,2.0,2.0,28.57,65.76,0.0,0.0,0.0,0.0,0.0,0.0,0.0,0.0,0.0,0.0,0.0,0.0,1.0,1.0,14.29,32.88,0.0,0.0,0.0,0.0,0.0,0.0,0.0,0.0,0.0,0.0,0.0,0.0,2.0,2.0,28.57,65.76,42.86,100.0,-57.14,153.44,-4.0,-4.0,-57.14,1.09,1.09,0.38,0.38,,0.25,,0.0,1.0,1.0,1.0,1.0,0.0,0.0,0.0,28.57,0.0
10877,阿巴西,新北中信特攻,2,47|10877,曾文鼎/阿巴西,1,24,31.0,378.79,6.31,06:19,378.79,6.31,06:19,13.0,13.0,41.94,74.13,17.0,17.0,54.84,96.94,17.0,17.0,54.84,96.94,5.0,5.0,16.13,28.51,5.0,5.0,16.13,28.51,2.0,2.0,6.45,11.4,12.0,12.0,38.71,68.43,3.0,3.0,9.68,17.11,0.0,0.0,0.0,0.0,0.0,0.0,0.0,0.0,5.0,5.0,16.13,28.51,7.0,7.0,22.58,39.92,2.0,2.0,6.45,11.4,4.0,4.0,12.9,22.81,0.0,0.0,0.0,0.0,4.0,4.0,12.9,22.81,0.0,0.0,0.0,0.0,0.0,0.0,0.0,0.0,0.0,0.0,0.0,0.0,4.0,4.0,12.9,22.81,41.94,54.84,-12.9,117.85,-4.0,-4.0,-12.9,6.31,6.31,0.38,0.38,0.4,0.25,,0.0,0.8,0.56,0.78,0.67,0.0,0.0,0.0,12.9,0.0
10877,阿巴西,新北中信特攻,3,40|47|10877,謝亞軒/曾文鼎/阿巴西,1,6,7.0,65.69,1.09,01:06,65.69,1.09,01:06,3.0,3.0,42.86,98.64,7.0,7.0,100.0,230.16,4.0,4.0,57.14,131.52,1.0,1.0,14.29,32.88,0.0,0.0,0.0,0.0,0.0,0.0,0.0,0.0,4.0,4.0,57.14,131.52,1.0,1.0,14.29,32.88,0.0,0.0,0.0,0.0,0.0,0.0,0.0,0.0,1.0,1.0,14.29,32.88,2.0,2.0,28.57,65.76,0.0,0.0,0.0,0.0,0.0,0.0,0.0,0.0,0.0,0.0,0.0,0.0,1.0,1.0,14.29,32.88,0.0,0.0,0.0,0.0,0.0,0.0,0.0,0.0,0.0,0.0,0.0,0.0,2.0,2.0,28.57,65.76,42.86,100.0,-57.14,153.44,-4.0,-4.0,-57.14,1.09,1.09,0.38,0.38,,0.25,,0.0,1.0,1.0,1.0,1.0,0.0,0.0,0.0,28.57,0.0
10877,阿巴西,新北中信特攻,3,47|10877|10879,曾文鼎/阿巴西/簡廷兆,1,24,31.0,378.79,6.31,06:19,378.79,6.31,06:19,13.0,13.0,41.94,74.13,17.0,17.0,54.84,96.94,17.0,17.0,54.84,96.94,5.0,5.0,16.13,28.51,5.0,5.0,16.13,28.51,2.0,2.0,6.45,11.4,12.0,12.0,38.71,68.43,3.0,3.0,9.68,17.11,0.0,0.0,0.0,0.0,0.0,0.0,0.0,0.0,5.0,5.0,16.13,28.51,7.0,7.0,22.58,39.92,2.0,2.0,6.45,11.4,4.0,4.0,12.9,22.81,0.0,0.0,0.0,0.0,4.0,4.0,12.9,22.81,0.0,0.0,0.0,0.0,0.0,0.0,0.0,0.0,0.0,0.0,0.0,0.0,4.0,4.0,12.9,22.81,41.94,54.84,-12.9,117.85,-4.0,-4.0,-12.9,6.31,6.31,0.38,0.38,0.4,0.25,,0.0,0.8,0.56,0.78,0.67,0.0,0.0,0.0,12.9,0.0
10877,阿巴西,新北中信特攻,3,47|10877|10881,曾文鼎/阿巴西/飛克,1,16,21.0,205.79,3.43,03:26,205.79,3.43,03:26,9.0,9.0,42.86,94.46,15.0,15.0,71.43,157.44,12.0,12.0,57.14,125.95,3.0,3.0,14.29,31.49,2.0,2.0,9.52,20.99,0.0,0.0,0.0,0.0,10.0,10.0,47.62,104.96,3.0,3.0,14.29,31.49,0.0,0.0,0.0,0.0,0.0,0.0,0.0,0.0,4.0,4.0,19.05,41.98,5.0,5.0,23.81,52.48,1.0,1.0,4.76,10.5,2.0,2.0,9.52,20.99,0.0,0.0,0.0,0.0,3.0,3.0,14.29,31.49,0.0,0.0,0.0,0.0,0.0,0.0,0.0,0.0,0.0,0.0,0.0,0.0,4.0,4.0,19.05,41.98,42.86,71.43,-28.57,146.95,-6.0,-6.0,-28.57,3.43,3.43,0.38,0.38,0.0,0.3,,0.0,1.0,0.67,0.83,0.75,0.0,0.0,0.0,19.05,0.0
10877,阿巴西,新北中信特攻,4,40|47|10877|10879,謝亞軒/曾文鼎/阿巴西/簡廷兆,1,6,7.0,65.69,1.09,01:06,65.69,1.09,01:06,3.0,3.0,42.86,98.64,7.0,7.0,100.0,230.16,4.0,4.0,57.14,131.52,1.0,1.0,14.29,32.88,0.0,0.0,0.0,0.0,0.0,0.0,0.0,0.0,4.0,4.0,57.14,131.52,1.0,1.0,14.29,32.88,0.0,0.0,0.0,0.0,0.0,0.0,0.0,0.0,1.0,1.0,14.29,32.88,2.0,2.0,28.57,65.76,0.0,0.0,0.0,0.0,0.0,0.0,0.0,0.0,0.0,0.0,0.0,0.0,1.0,1.0,14.29,32.88,0.0,0.0,0.0,0.0,0.0,0.0,0.0,0.0,0.0,0.0,0.0,0.0,2.0,2.0,28.57,65.76,42.86,100.0,-57.14,153.44,-4.0,-4.0,-57.14,1.09,1.09,0.38,0.38,,0.25,,0.0,1.0,1.0,1.0,1.0,0.0,0.0,0.0,28.57,0.0
10877,阿巴西,新北中信特攻,4,40|47|10877|10881,謝亞軒/曾文鼎/阿巴西/飛克,1,6,7.0,65.69,1.09,01:06,65.69,1.09,01:06,3.0,3.0,42.86,98.64,7.0,7.0,100.0,230.16,4.0,4.0,57.14,131.52,1.0,1.0,14.29,32.88,0.0,0.0,0.0,0.0,0.0,0.0,0.0,0.0,4.0,4.0,57.14,131.52,1.0,1.0,14.29,32.88,0.0,0.0,0.0,0.0,0.0,0.0,0.0,0.0,1.0,1.0,14.29,32.88,2.0,2.0,28.57,65.76,0.0,0.0,0.0,0.0,0.0,0.0,0.0,0.0,0.0,0.0,0.0,0.0,1.0,1.0,14.29,32.88,0.0,0.0,0.0,0.0,0.0,0.0,0.0,0.0,0.0,0.0,0.0,0.0,2.0,2.0,28.57,65.76,42.86,100.0,-57.14,153.44,-4.0,-4.0,-57.14,1.09,1.09,0.38,0.38,,0.25,,0.0,1.0,1.0,1.0,1.0,0.0,0.0,0.0,28.57,0.0
10877,阿巴西,新北中信特攻,4,47|10877|10879|10881,曾文鼎/阿巴西/簡廷兆/飛克,1,16,21.0,205.79,3.43,03:26,205.79,3.43,03:26,9.0,9.0,42.86,94.46,15.0,15.0,71.43,157.44,12.0,12.0,57.14,125.95,3.0,3.0,14.29,31.49,2.0,2.0,9.52,20.99,0.0,0.0,0.0,0.0,10.0,10.0,47.62,104.96,3.0,3.0,14.29,31.49,0.0,0.0,0.0,0.0,0.0,0.0,0.0,0.0,4.0,4.0,19.05,41.98,5.0,5.0,23.81,52.48,1.0,1.0,4.76,10.5,2.0,2.0,9.52,20.99,0.0,0.0,0.0,0.0,3.0,3.0,14.29,31.49,0.0,0.0,0.0,0.0,0.0,0.0,0.0,0.0,0.0,0.0,0.0,0.0,4.0,4.0,19.05,41.98,42.86,71.43,-28.57,146.95,-6.0,-6.0,-28.57,3.43,3.43,0.38,0.38,0.0,0.3,,0.0,1.0,0.67,0.83,0.75,0.0,0.0,0.0,19.05,0.0
10877,阿巴西,新北中信特攻,5,40|47|10877|10879|10881,謝亞軒/曾文鼎/阿巴西/簡廷兆/飛克,1,6,7.0,65.69,1.09,01:06,65.69,1.09,01:06,3.0,3.0,42.86,98.64,7.0,7.0,100.0,230.16,4.0,4.0,57.14,131.52,1.0,1.0,14.29,32.88,0.0,0.0,0.0,0.0,0.0,0.0,0.0,0.0,4.0,4.0,57.14,131.52,1.0,1.0,14.29,32.88,0.0,0.0,0.0,0.0,0.0,0.0,0.0,0.0,1.0,1.0,14.29,32.88,2.0,2.0,28.57,65.76,0.0,0.0,0.0,0.0,0.0,0.0,0.0,0.0,0.0,0.0,0.0,0.0,1.0,1.0,14.29,32.88,0.0,0.0,0.0,0.0,0.0,0.0,0.0,0.0,0.0,0.0,0.0,0.0,2.0,2.0,28.57,65.76,42.86,100.0,-57.14,153.44,-4.0,-4.0,-57.14,1.09,1.09,0.38,0.38,,0.25,,0.0,1.0,1.0,1.0,1.0,0.0,0.0,0.0,28.57,0.0
10879,簡廷兆,新北中信特攻,3,47|10877|10879,曾文鼎/阿巴西/簡廷兆,1,24,31.0,378.79,6.31,06:19,378.79,6.31,06:19,13.0,13.0,41.94,74.13,17.0,17.0,54.84,96.94,17.0,17.0,54.84,96.94,5.0,5.0,16.13,28.51,5.0,5.0,16.13,28.51,2.0,2.0,6.45,11.4,12.0,12.0,38.71,68.43,3.0,3.0,9.68,17.11,0.0,0.0,0.0,0.0,0.0,0.0,0.0,0.0,5.0,5.0,16.13,28.51,7.0,7.0,22.58,39.92,2.0,2.0,6.45,11.4,4.0,4.0,12.9,22.81,0.0,0.0,0.0,0.0,4.0,4.0,12.9,22.81,0.0,0.0,0.0,0.0,0.0,0.0,0.0,0.0,0.0,0.0,0.0,0.0,4.0,4.0,12.9,22.81,41.94,54.84,-12.9,117.85,-4.0,-4.0,-12.9,6.31,6.31,0.38,0.38,0.4,0.25,,0.0,0.8,0.56,0.78,0.67,0.0,0.0,0.0,12.9,0.0
10879,簡廷兆,新北中信特攻,4,40|47|10877|10879,謝亞軒/曾文鼎/阿巴西/簡廷兆,1,6,7.0,65.69,1.09,01:06,65.69,1.09,01:06,3.0,3.0,42.86,98.64,7.0,7.0,100.0,230.16,4.0,4.0,57.14,131.52,1.0,1.0,14.29,32.88,0.0,0.0,0.0,0.0,0.0,0.0,0.0,0.0,4.0,4.0,57.14,131.52,1.0,1.0,14.29,32.88,0.0,0.0,0.0,0.0,0.0,0.0,0.0,0.0,1.0,1.0,14.29,32.88,2.0,2.0,28.57,65.76,0.0,0.0,0.0,0.0,0.0,0.0,0.0,0.0,0.0,0.0,0.0,0.0,1.0,1.0,14.29,32.88,0.0,0.0,0.0,0.0,0.0,0.0,0.0,0.0,0.0,0.0,0.0,0.0,2.0,2.0,28.57,65.76,42.86,100.0,-57.14,153.44,-4.0,-4.0,-57.14,1.09,1.09,0.38,0.38,,0.25,,0.0,1.0,1.0,1.0,1.0,0.0,0.0,0.0,28.57,0.0
10879,簡廷兆,新北中信特攻,4,47|10877|10879|10881,曾文鼎/阿巴西/簡廷兆/飛克,1,16,21.0,205.79,3.43,03:26,205.79,3.43,03:26,9.0,9.0,42.86,94.46,15.0,15.0,71.43,157.44,12.0,12.0,57.14,125.95,3.0,3.0,14.29,31.49,2.0,2.0,9.52,20.99,0.0,0.0,0.0,0.0,10.0,10.0,47.62,104.96,3.0,3.0,14.29,31.49,0.0,0.0,0.0,0.0,0.0,0.0,0.0,0.0,4.0,4.0,19.05,41.98,5.0,5.0,23.81,52.48,1.0,1.0,4.76,10.5,2.0,2.0,9.52,20.99,0.0,0.0,0.0,0.0,3.0,3.0,14.29,31.49,0.0,0.0,0.0,0.0,0.0,0.0,0.0,0.0,0.0,0.0,0.0,0.0,4.0,4.0,19.05,41.98,42.86,71.43,-28.57,146.95,-6.0,-6.0,-28.57,3.43,3.43,0.38,0.38,0.0,0.3,,0.0,1.0,0.67,0.83,0.75,0.0,0.0,0.0,19.05,0.0
10879,簡廷兆,新北中信特攻,5,40|47|10877|10879|10881,謝亞軒/曾文鼎/阿巴西/簡廷兆/飛克,1,6,7.0,65.69,1.09,01:06,65.69,1.09,01:06,3.0,3.0,42.86,98.64,7.0,7.0,100.0,230.16,4.0,4.0,57.14,131.52,1.0,1.0,14.29,32.88,0.0,0.0,0.0,0.0,0.0,0.0,0.0,0.0,4.0,4.0,57.14,131.52,1.0,1.0,14.29,32.88,0.0,0.0,0.0,0.0,0.0,0.0,0.0,0.0,1.0,1.0,14.29,32.88,2.0,2.0,28.57,65.76,0.0,0.0,0.0,0.0,0.0,0.0,0.0,0.0,0.0,0.0,0.0,0.0,1.0,1.0,14.29,32.88,0.0,0.0,0.0,0.0,0.0,0.0,0.0,0.0,0.0,0.0,0.0,0.0,2.0,2.0,28.57,65.76,42.86,100.0,-57.14,153.44,-4.0,-4.0,-57.14,1.09,1.09,0.38,0.38,,0.25,,0.0,1.0,1.0,1.0,1.0,0.0,0.0,0.0,28.57,0.0
10881,飛克,新北中信特攻,3,47|10877|10881,曾文鼎/阿巴西/飛克,1,16,21.0,205.79,3.43,03:26,205.79,3.43,03:26,9.0,9.0,42.86,94.46,15.0,15.0,71.43,157.44,12.0,12.0,57.14,125.95,3.0,3.0,14.29,31.49,2.0,2.0,9.52,20.99,0.0,0.0,0.0,0.0,10.0,10.0,47.62,104.96,3.0,3.0,14.29,31.49,0.0,0.0,0.0,0.0,0.0,0.0,0.0,0.0,4.0,4.0,19.05,41.98,5.0,5.0,23.81,52.48,1.0,1.0,4.76,10.5,2.0,2.0,9.52,20.99,0.0,0.0,0.0,0.0,3.0,3.0,14.29,31.49,0.0,0.0,0.0,0.0,0.0,0.0,0.0,0.0,0.0,0.0,0.0,0.0,4.0,4.0,19.05,41.98,42.86,71.43,-28.57,146.95,-6.0,-6.0,-28.57,3.43,3.43,0.38,0.38,0.0,0.3,,0.0,1.0,0.67,0.83,0.75,0.0,0.0,0.0,19.05,0.0
10881,飛克,新北中信特攻,4,40|47|10877|10881,謝亞軒/曾文鼎/阿巴西/飛克,1,6,7.0,65.69,1.09,01:06,65.69,1.09,01:06,3.0,3.0,42.86,98.64,7.0,7.0,100.0,230.16,4.0,4.0,57.14,131.52,1.0,1.0,14.29,32.88,0.0,0.0,0.0,0.0,0.0,0.0,0.0,0.0,4.0,4.0,57.14,131.52,1.0,1.0,14.29,32.88,0.0,0.0,0.0,0.0,0.0,0.0,0.0,0.0,1.0,1.0,14.29,32.88,2.0,2.0,28.57,65.76,0.0,0.0,0.0,0.0,0.0,0.0,0.0,0.0,0.0,0.0,0.0,0.0,1.0,1.0,14.29,32.88,0.0,0.0,0.0,0.0,0.0,0.0,0.0,0.0,0.0,0.0,0.0,0.0,2.0,2.0,28.57,65.76,42.86,100.0,-57.14,153.44,-4.0,-4.0,-57.14,1.09,1.09,0.38,0.38,,0.25,,0.0,1.0,1.0,1.0,1.0,0.0,0.0,0.0,28.57,0.0
10881,飛克,新北中信特攻,4,47|10877|10879|10881,曾文鼎/阿巴西/簡廷兆/飛克,1,16,21.0,205.79,3.43,03:26,205.79,3.43,03:26,9.0,9.0,42.86,94.46,15.0,15.0,71.43,157.44,12.0,12.0,57.14,125.95,3.0,3.0,14.29,31.49,2.0,2.0,9.52,20.99,0.0,0.0,0.0,0.0,10.0,10.0,47.62,104.96,3.0,3.0,14.29,31.49,0.0,0.0,0.0,0.0,0.0,0.0,0.0,0.0,4.0,4.0,19.05,41.98,5.0,5.0,23.81,52.48,1.0,1.0,4.76,10.5,2.0,2.0,9.52,20.99,0.0,0.0,0.0,0.0,3.0,3.0,14.29,31.49,0.0,0.0,0.0,0.0,0.0,0.0,0.0,0.0,0.0,0.0,0.0,0.0,4.0,4.0,19.05,41.98,42.86,71.43,-28.57,146.95,-6.0,-6.0,-28.57,3.43,3.43,0.38,0.38,0.0,0.3,,0.0,1.0,0.67,0.83,0.75,0.0,0.0,0.0,19.05,0.0
10881,飛克,新北中信特攻,5,40|47|10877|10879|10881,謝亞軒/曾文鼎/阿巴西/簡廷兆/飛克,1,6,7.0,65.69,1.09,01:06,65.69,1.09,01:06,3.0,3.0,42.86,98.64,7.0,7.0,100.0,230.16,4.0,4.0,57.14,131.52,1.0,1.0,14.29,32.88,0.0,0.0,0.0,0.0,0.0,0.0,0.0,0.0,4.0,4.0,57.14,131.52,1.0,1.0,14.29,32.88,0.0,0.0,0.0,0.0,0.0,0.0,0.0,0.0,1.0,1.0,14.29,32.88,2.0,2.0,28.57,65.76,0.0,0.0,0.0,0.0,0.0,0.0,0.0,0.0,0.0,0.0,0.0,0.0,1.0,1.0,14.29,32.88,0.0,0.0,0.0,0.0,0.0,0.0,0.0,0.0,0.0,0.0,0.0,0.0,2.0,2.0,28.57,65.76,42.86,100.0,-57.14,153.44,-4.0,-4.0,-57.14,1.09,1.09,0.38,0.38,,0.25,,0.0,1.0,1.0,1.0,1.0,0.0,0.0,0.0,28.57,0.0
43,林韋翰,新北中信特攻,3,43|47|10877,林韋翰/曾文鼎/阿巴西,1,18,24.0,313.1,5.22,05:13,313.1,5.22,05:13,10.0,10.0,41.67,68.99,10.0,10.0,41.67,68.99,13.0,13.0,54.17,89.68,4.0,4.0,16.67,27.6,5.0,5.0,20.83,34.49,2.0,2.0,8.33,13.8,8.0,8.0,33.33,55.19,2.0,2.0,8.33,13.8,0.0,0.0,0.0,0.0,0.0,0.0,0.0,0.0,4.0,4.0,16.67,27.6,5.0,5.0,20.83,34.49,2.0,2.0,8.33,13.8,4.0,4.0,16.67,27.6,0.0,0.0,0.0,0.0,3.0,3.0,12.5,20.7,0.0,0.0,0.0,0.0,0.0,0.0,0.0,0.0,0.0,0.0,0.0,0.0,2.0,2.0,8.33,13.8,41.67,41.67,0.0,110.38,0.0,0.0,0.0,5.22,5.22,0.38,0.38,0.4,0.25,,0.0,0.75,0.5,0.71,0.6,0.0,0.0,0.0,8.33,0.0
43,林韋翰,新北中信特攻,3,43|47|10879,林韋翰/曾文鼎/簡廷兆,1,18,24.0,313.1,5.22,05:13,313.1,5.22,05:13,10.0,10.0,41.67,68.99,10.0,10.0,41.67,68.99,13.0,13.0,54.17,89.68,4.0,4.0,16.67,27.6,5.0,5.0,20.83,34.49,2.0,2.0,8.33,13.8,8.0,8.0,33.33,55.19,2.0,2.0,8.33,13.8,0.0,0.0,0.0,0.0,0.0,0.0,0.0,0.0,4.0,4.0,16.67,27.6,5.0,5.0,20.83,34.49,2.0,2.0,8.33,13.8,4.0,4.0,16.67,27.6,0.0,0.0,0.0,0.0,3.0,3.0,12.5,20.7,0.0,0.0,0.0,0.0,0.0,0.0,0.0,0.0,0.0,0.0,0.0,0.0,2.0,2.0,8.33,13.8,41.67,41.67,0.0,110.38,0.0,0.0,0.0,5.22,5.22,0.38,0.38,0.4,0.25,,0.0,0.75,0.5,0.71,0.6,0.0,0.0,0.0,8.33,0.0
43,林韋翰,新北中信特攻,4,43|47|10877|10879,林韋翰/曾文鼎/阿巴西/簡廷兆,1,18,24.0,313.1,5.22,05:13,313.1,5.22,05:13,10.0,10.0,41.67,68.99,10.0,10.0,41.67,68.99,13.0,13.0,54.17,89.68,4.0,4.0,16.67,27.6,5.0,5.0,20.83,34.49,2.0,2.0,8.33,13.8,8.0,8.0,33.33,55.19,2.0,2.0,8.33,13.8,0.0,0.0,0.0,0.0,0.0,0.0,0.0,0.0,4.0,4.0,16.67,27.6,5.0,5.0,20.83,34.49,2.0,2.0,8.33,13.8,4.0,4.0,16.67,27.6,0.0,0.0,0.0,0.0,3.0,3.0,12.5,20.7,0.0,0.0,0.0,0.0,0.0,0.0,0.0,0.0,0.0,0.0,0.0,0.0,2.0,2.0,8.33,13.8,41.67,41.67,0.0,110.38,0.0,0.0,0.0,5.22,5.22,0.38,0.38,0.4,0.25,,0.0,0.75,0.5,0.71,0.6,0.0,0.0,0.0,8.33,0.0
43,林韋翰,新北中信特攻,4,43|47|10877|10881,林韋翰/曾文鼎/阿巴西/飛克,1,10,14.0,140.1,2.33,02:20,140.1,2.33,02:20,6.0,6.0,42.86,92.51,8.0,8.0,57.14,123.34,8.0,8.0,57.14,123.34,2.0,2.0,14.29,30.84,2.0,2.0,14.29,30.84,0.0,0.0,0.0,0.0,6.0,6.0,42.86,92.51,2.0,2.0,14.29,30.84,0.0,0.0,0.0,0.0,0.0,0.0,0.0,0.0,3.0,3.0,21.43,46.25,3.0,3.0,21.43,46.25,1.0,1.0,7.14,15.42,2.0,2.0,14.29,30.84,0.0,0.0,0.0,0.0,2.0,2.0,14.29,30.84,0.0,0.0,0.0,0.0,0.0,0.0,0.0,0.0,0.0,0.0,0.0,0.0,2.0,2.0,14.29,30.84,42.86,57.14,-14.29,143.9,-2.0,-2.0,-14.29,2.33,2.33,0.38,0.38,0.0,0.33,,0.0,1.0,0.6,0.75,0.67,0.0,0.0,0.0,14.29,0.0
43,林韋翰,新北中信特攻,4,43|47|10879|10881,林韋翰/曾文鼎/簡廷兆/飛克,1,10,14.0,140.1,2.33,02:20,140.1,2.33,02:20,6.0,6.0,42.86,92.51,8.0,8.0,57.14,123.34,8.0,8.0,57.14,123.34,2.0,2.0,14.29,30.84,2.0,2.0,14.29,30.84,0.0,0.0,0.0,0.0,6.0,6.0,42.86,92.51,2.0,2.0,14.29,30.84,0.0,0.0,0.0,0.0,0.0,0.0,0.0,0.0,3.0,3.0,21.43,46.25,3.0,3.0,21.43,46.25,1.0,1.0,7.14,15.42,2.0,2.0,14.29,30.84,0.0,0.0,0.0,0.0,2.0,2.0,14.29,30.84,0.0,0.0,0.0,0.0,0.0,0.0,0.0,0.0,0.0,0.0,0.0,0.0,2.0,2.0,14.29,30.84,42.86,57.14,-14.29,143.9,-2.0,-2.0,-14.29,2.33,2.33,0.38,0.38,0.0,0.33,,0.0,1.0,0.6,0.75,0.67,0.0,0.0,0.0,14.29,0.0
43,林韋翰,新北中信特攻,5,43|47|10877|10879|10881,林韋翰/曾文鼎/阿巴西/簡廷兆/飛克,1,10,14.0,140.1,2.33,02:20,140.1,2.33,02:20,6.0,6.0,42.86,92.51,8.0,8.0,57.14,123.34,8.0,8.0,57.14,123.34,2.0,2.0,14.29,30.84,2.0,2.0,14.29,30.84,0.0,0.0,0.0,0.0,6.0,6.0,42.86,92.51,2.0,2.0,14.29,30.84,0.0,0.0,0.0,0.0,0.0,0.0,0.0,0.0,3.0,3.0,21.43,46.25,3.0,3.0,21.43,46.25,1.0,1.0,7.14,15.42,2.0,2.0,14.29,30.84,0.0,0.0,0.0,0.0,2.0,2.0,14.29,30.84,0.0,0.0,0.0,0.0,0.0,0.0,0.0,0.0,0.0,0.0,0.0,0.0,2.0,2.0,14.29,30.84,42.86,57.14,-14.29,143.9,-2.0,-2.0,-14.29,2.33,2.33,0.38,0.38,0.0,0.33,,0.0,1.0,0.6,0.75,0.67,0.0,0.0,0.0,14.29,0.0
47,曾文鼎,新北中信特攻,3,43|47|10877,林韋翰/曾文鼎/阿巴西,1,18,24.0,313.1,5.22,05:13,313.1,5.22,05:13,10.0,10.0,41.67,68.99,10.0,10.0,41.67,68.99,13.0,13.0,54.17,89.68,4.0,4.0,16.67,27.6,5.0,5.0,20.83,34.49,2.0,2.0,8.33,13.8,8.0,8.0,33.33,55.19,2.0,2.0,8.33,13.8,0.0,0.0,0.0,0.0,0.0,0.0,0.0,0.0,4.0,4.0,16.67,27.6,5.0,5.0,20.83,34.49,2.0,2.0,8.33,13.8,4.0,4.0,16.67,27.6,0.0,0.0,0.0,0.0,3.0,3.0,12.5,20.7,0.0,0.0,0.0,0.0,0.0,0.0,0.0,0.0,0.0,0.0,0.0,0.0,2.0,2.0,8.33,13.8,41.67,41.67,0.0,110.38,0.0,0.0,0.0,5.22,5.22,0.38,0.38,0.4,0.25,,0.0,0.75,0.5,0.71,0.6,0.0,0.0,0.0,8.33,0.0
47,曾文鼎,新北中信特攻,3,43|47|10879,林韋翰/曾文鼎/簡廷兆,1,18,24.0,313.1,5.22,05:13,313.1,5.22,05:13,10.0,10.0,41.67,68.99,10.0,10.0,41.67,68.99,13.0,13.0,54.17,89.68,4.0,4.0,16.67,27.6,5.0,5.0,20.83,34.49,2.0,2.0,8.33,13.8,8.0,8.0,33.33,55.19,2.0,2.0,8.33,13.8,0.0,0.0,0.0,0.0,0.0,0.0,0.0,0.0,4.0,4.0,16.67,27.6,5.0,5.0,20.83,34.49,2.0,2.0,8.33,13.8,4.0,4.0,16.67,27.6,0.0,0.0,0.0,0.0,3.0,3.0,12.5,20.7,0.0,0.0,0.0,0.0,0.0,0.0,0.0,0.0,0.0,0.0,0.0,0.0,2.0,2.0,8.33,13.8,41.67,41.67,0.0,110.38,0.0,0.0,0.0,5.22,5.22,0.38,0.38,0.4,0.25,,0.0,0.75,0.5,0.71,0.6,0.0,0.0,0.0,8.33,0.0
47,曾文鼎,新北中信特攻,4,43|47|10877|10879,林韋翰/曾文鼎/阿巴西/簡廷兆,1,18,24.0,313.1,5.22,05:13,313.1,5.22,05:13,10.0,10.0,41.67,68.99,10.0,10.0,41.67,68.99,13.0,13.0,54.17,89.68,4.0,4.0,16.67,27.6,5.0,5.0,20.83,34.49,2.0,2.0,8.33,13.8,8.0,8.0,33.33,55.19,2.0,2.0,8.33,13.8,0.0,0.0,0.0,0.0,0.0,0.0,0.0,0.0,4.0,4.0,16.67,27.6,5.0,5.0,20.83,34.49,2.0,2.0,8.33,13.8,4.0,4.0,16.67,27.6,0.0,0.0,0.0,0.0,3.0,3.0,12.5,20.7,0.0,0.0,0.0,0.0,0.0,0.0,0.0,0.0,0.0,0.0,0.0,0.0,2.0,2.0,8.33,13.8,41.67,41.67,0.0,110.38,0.0,0.0,0.0,5.22,5.22,0.38,0.38,0.4,0.25,,0.0,0.75,0.5,0.71,0.6,0.0,0.0,0.0,8.33,0.0
47,曾文鼎,新北中信特攻,4,43|47|10877|10881,林韋翰/曾文鼎/阿巴西/飛克,1,10,14.0,140.1,2.33,02:20,140.1,2.33,02:20,6.0,6.0,42.86,92.51,8.0,8.0,57.14,123.34,8.0,8.0,57.14,123.34,2.0,2.0,14.29,30.84,2.0,2.0,14.29,30.84,0.0,0.0,0.0,0.0,6.0,6.0,42.86,92.51,2.0,2.0,14.29,30.84,0.0,0.0,0.0,0.0,0.0,0.0,0.0,0.0,3.0,3.0,21.43,46.25,3.0,3.0,21.43,46.25,1.0,1.0,7.14,15.42,2.0,2.0,14.29,30.84,0.0,0.0,0.0,0.0,2.0,2.0,14.29,30.84,0.0,0.0,0.0,0.0,0.0,0.0,0.0,0.0,0.0,0.0,0.0,0.0,2.0,2.0,14.29,30.84,42.86,57.14,-14.29,143.9,-2.0,-2.0,-14.29,2.33,2.33,0.38,0.38,0.0,0.33,,0.0,1.0,0.6,0.75,0.67,0.0,0.0,0.0,14.29,0.0
47,曾文鼎,新北中信特攻,4,43|47|10879|10881,林韋翰/曾文鼎/簡廷兆/飛克,1,10,14.0,140.1,2.33,02:20,140.1,2.33,02:20,6.0,6.0,42.86,92.51,8.0,8.0,57.14,123.34,8.0,8.0,57.14,123.34,2.0,2.0,14.29,30.84,2.0,2.0,14.29,30.84,0.0,0.0,0.0,0.0,6.0,6.0,42.86,92.51,2.0,2.0,14.29,30.84,0.0,0.0,0.0,0.0,0.0,0.0,0.0,0.0,3.0,3.0,21.43,46.25,3.0,3.0,21.43,46.25,1.0,1.0,7.14,15.42,2.0,2.0,14.29,30.84,0.0,0.0,0.0,0.0,2.0,2.0,14.29,30.84,0.0,0.0,0.0,0.0,0.0,0.0,0.0,0.0,0.0,0.0,0.0,0.0,2.0,2.0,14.29,30.84,42.86,57.14,-14.29,143.9,-2.0,-2.0,-14.29,2.33,2.33,0.38,0.38,0.0,0.33,,0.0,1.0,0.6,0.75,0.67,0.0,0.0,0.0,14.29,0.0
47,曾文鼎,新北中信特攻,5,43|47|10877|10879|10881,林韋翰/曾文鼎/阿巴西/簡廷兆/飛克,1,10,14.0,140.1,2.33,02:20,140.1,2.33,02:20,6.0,6.0,42.86,92.51,8.0,8.0,57.14,123.34,8.0,8.0,57.14,123.34,2.0,2.0,14.29,30.84,2.0,2.0,14.29,30.84,0.0,0.0,0.0,0.0,6.0,6.0,42.86,92.51,2.0,2.0,14.29,30.84,0.0,0.0,0.0,0.0,0.0,0.0,0.0,0.0,3.0,3.0,21.43,46.25,3.0,3.0,21.43,46.25,1.0,1.0,7.14,15.42,2.0,2.0,14.29,30.84,0.0,0.0,0.0,0.0,2.0,2.0,14.29,30.84,0.0,0.0,0.0,0.0,0.0,0.0,0.0,0.0,0.0,0.0,0.0,0.0,2.0,2.0,14.29,30.84,42.86,57.14,-14.29,143.9,-2.0,-2.0,-14.29,2.33,2.33,0.38,0.38,0.0,0.33,,0.0,1.0,0.6,0.75,0.67,0.0,0.0,0.0,14.29,0.0
10877,阿巴西,新北中信特攻,3,43|47|10877,林韋翰/曾文鼎/阿巴西,1,18,24.0,313.1,5.22,05:13,313.1,5.22,05:13,10.0,10.0,41.67,68.99,10.0,10.0,41.67,68.99,13.0,13.0,54.17,89.68,4.0,4.0,16.67,27.6,5.0,5.0,20.83,34.49,2.0,2.0,8.33,13.8,8.0,8.0,33.33,55.19,2.0,2.0,8.33,13.8,0.0,0.0,0.0,0.0,0.0,0.0,0.0,0.0,4.0,4.0,16.67,27.6,5.0,5.0,20.83,34.49,2.0,2.0,8.33,13.8,4.0,4.0,16.67,27.6,0.0,0.0,0.0,0.0,3.0,3.0,12.5,20.7,0.0,0.0,0.0,0.0,0.0,0.0,0.0,0.0,0.0,0.0,0.0,0.0,2.0,2.0,8.33,13.8,41.67,41.67,0.0,110.38,0.0,0.0,0.0,5.22,5.22,0.38,0.38,0.4,0.25,,0.0,0.75,0.5,0.71,0.6,0.0,0.0,0.0,8.33,0.0
10877,阿巴西,新北中信特攻,4,43|47|10877|10879,林韋翰/曾文鼎/阿巴西/簡廷兆,1,18,24.0,313.1,5.22,05:13,313.1,5.22,05:13,10.0,10.0,41.67,68.99,10.0,10.0,41.67,68.99,13.0,13.0,54.17,89.68,4.0,4.0,16.67,27.6,5.0,5.0,20.83,34.49,2.0,2.0,8.33,13.8,8.0,8.0,33.33,55.19,2.0,2.0,8.33,13.8,0.0,0.0,0.0,0.0,0.0,0.0,0.0,0.0,4.0,4.0,16.67,27.6,5.0,5.0,20.83,34.49,2.0,2.0,8.33,13.8,4.0,4.0,16.67,27.6,0.0,0.0,0.0,0.0,3.0,3.0,12.5,20.7,0.0,0.0,0.0,0.0,0.0,0.0,0.0,0.0,0.0,0.0,0.0,0.0,2.0,2.0,8.33,13.8,41.67,41.67,0.0,110.38,0.0,0.0,0.0,5.22,5.22,0.38,0.38,0.4,0.25,,0.0,0.75,0.5,0.71,0.6,0.0,0.0,0.0,8.33,0.0
10877,阿巴西,新北中信特攻,4,43|47|10877|10881,林韋翰/曾文鼎/阿巴西/飛克,1,10,14.0,140.1,2.33,02:20,140.1,2.33,02:20,6.0,6.0,42.86,92.51,8.0,8.0,57.14,123.34,8.0,8.0,57.14,123.34,2.0,2.0,14.29,30.84,2.0,2.0,14.29,30.84,0.0,0.0,0.0,0.0,6.0,6.0,42.86,92.51,2.0,2.0,14.29,30.84,0.0,0.0,0.0,0.0,0.0,0.0,0.0,0.0,3.0,3.0,21.43,46.25,3.0,3.0,21.43,46.25,1.0,1.0,7.14,15.42,2.0,2.0,14.29,30.84,0.0,0.0,0.0,0.0,2.0,2.0,14.29,30.84,0.0,0.0,0.0,0.0,0.0,0.0,0.0,0.0,0.0,0.0,0.0,0.0,2.0,2.0,14.29,30.84,42.86,57.14,-14.29,143.9,-2.0,-2.0,-14.29,2.33,2.33,0.38,0.38,0.0,0.33,,0.0,1.0,0.6,0.75,0.67,0.0,0.0,0.0,14.29,0.0
10877,阿巴西,新北中信特攻,5,43|47|10877|10879|10881,林韋翰/曾文鼎/阿巴西/簡廷兆/飛克,1,10,14.0,140.1,2.33,02:20,140.1,2.33,02:20,6.0,6.0,42.86,92.51,8.0,8.0,57.14,123.34,8.0,8.0,57.14,123.34,2.0,2.0,14.29,30.84,2.0,2.0,14.29,30.84,0.0,0.0,0.0,0.0,6.0,6.0,42.86,92.51,2.0,2.0,14.29,30.84,0.0,0.0,0.0,0.0,0.0,0.0,0.0,0.0,3.0,3.0,21.43,46.25,3.0,3.0,21.43,46.25,1.0,1.0,7.14,15.42,2.0,2.0,14.29,30.84,0.0,0.0,0.0,0.0,2.0,2.0,14.29,30.84,0.0,0.0,0.0,0.0,0.0,0.0,0.0,0.0,0.0,0.0,0.0,0.0,2.0,2.0,14.29,30.84,42.86,57.14,-14.29,143.9,-2.0,-2.0,-14.29,2.33,2.33,0.38,0.38,0.0,0.33,,0.0,1.0,0.6,0.75,0.67,0.0,0.0,0.0,14.29,0.0
10879,簡廷兆,新北中信特攻,3,43|47|10879,林韋翰/曾文鼎/簡廷兆,1,18,24.0,313.1,5.22,05:13,313.1,5.22,05:13,10.0,10.0,41.67,68.99,10.0,10.0,41.67,68.99,13.0,13.0,54.17,89.68,4.0,4.0,16.67,27.6,5.0,5.0,20.83,34.49,2.0,2.0,8.33,13.8,8.0,8.0,33.33,55.19,2.0,2.0,8.33,13.8,0.0,0.0,0.0,0.0,0.0,0.0,0.0,0.0,4.0,4.0,16.67,27.6,5.0,5.0,20.83,34.49,2.0,2.0,8.33,13.8,4.0,4.0,16.67,27.6,0.0,0.0,0.0,0.0,3.0,3.0,12.5,20.7,0.0,0.0,0.0,0.0,0.0,0.0,0.0,0.0,0.0,0.0,0.0,0.0,2.0,2.0,8.33,13.8,41.67,41.67,0.0,110.38,0.0,0.0,0.0,5.22,5.22,0.38,0.38,0.4,0.25,,0.0,0.75,0.5,0.71,0.6,0.0,0.0,0.0,8.33,0.0
10879,簡廷兆,新北中信特攻,4,43|47|10877|10879,林韋翰/曾文鼎/阿巴西/簡廷兆,1,18,24.0,313.1,5.22,05:13,313.1,5.22,05:13,10.0,10.0,41.67,68.99,10.0,10.0,41.67,68.99,13.0,13.0,54.17,89.68,4.0,4.0,16.67,27.6,5.0,5.0,20.83,34.49,2.0,2.0,8.33,13.8,8.0,8.0,33.33,55.19,2.0,2.0,8.33,13.8,0.0,0.0,0.0,0.0,0.0,0.0,0.0,0.0,4.0,4.0,16.67,27.6,5.0,5.0,20.83,34.49,2.0,2.0,8.33,13.8,4.0,4.0,16.67,27.6,0.0,0.0,0.0,0.0,3.0,3.0,12.5,20.7,0.0,0.0,0.0,0.0,0.0,0.0,0.0,0.0,0.0,0.0,0.0,0.0,2.0,2.0,8.33,13.8,41.67,41.67,0.0,110.38,0.0,0.0,0.0,5.22,5.22,0.38,0.38,0.4,0.25,,0.0,0.75,0.5,0.71,0.6,0.0,0.0,0.0,8.33,0.0
10879,簡廷兆,新北中信特攻,4,43|47|10879|10881,林韋翰/曾文鼎/簡廷兆/飛克,1,10,14.0,140.1,2.33,02:20,140.1,2.33,02:20,6.0,6.0,42.86,92.51,8.0,8.0,57.14,123.34,8.0,8.0,57.14,123.34,2.0,2.0,14.29,30.84,2.0,2.0,14.29,30.84,0.0,0.0,0.0,0.0,6.0,6.0,42.86,92.51,2.0,2.0,14.29,30.84,0.0,0.0,0.0,0.0,0.0,0.0,0.0,0.0,3.0,3.0,21.43,46.25,3.0,3.0,21.43,46.25,1.0,1.0,7.14,15.42,2.0,2.0,14.29,30.84,0.0,0.0,0.0,0.0,2.0,2.0,14.29,30.84,0.0,0.0,0.0,0.0,0.0,0.0,0.0,0.0,0.0,0.0,0.0,0.0,2.0,2.0,14.29,30.84,42.86,57.14,-14.29,143.9,-2.0,-2.0,-14.29,2.33,2.33,0.38,0.38,0.0,0.33,,0.0,1.0,0.6,0.75,0.67,0.0,0.0,0.0,14.29,0.0
10879,簡廷兆,新北中信特攻,5,43|47|10877|10879|10881,林韋翰/曾文鼎/阿巴西/簡廷兆/飛克,1,10,14.0,140.1,2.33,02:20,140.1,2.33,02:20,6.0,6.0,42.86,92.51,8.0,8.0,57.14,123.34,8.0,8.0,57.14,123.34,2.0,2.0,14.29,30.84,2.0,2.0,14.29,30.84,0.0,0.0,0.0,0.0,6.0,6.0,42.86,92.51,2.0,2.0,14.29,30.84,0.0,0.0,0.0,0.0,0.0,0.0,0.0,0.0,3.0,3.0,21.43,46.25,3.0,3.0,21.43,46.25,1.0,1.0,7.14,15.42,2.0,2.0,14.29,30.84,0.0,0.0,0.0,0.0,2.0,2.0,14.29,30.84,0.0,0.0,0.0,0.0,0.0,0.0,0.0,0.0,0.0,0.0,0.0,0.0,2.0,2.0,14.29,30.84,42.86,57.14,-14.29,143.9,-2.0,-2.0,-14.29,2.33,2.33,0.38,0.38,0.0,0.33,,0.0,1.0,0.6,0.75,0.67,0.0,0.0,0.0,14.29,0.0
10881,飛克,新北中信特攻,4,43|47|10877|10881,林韋翰/曾文鼎/阿巴西/飛克,1,10,14.0,140.1,2.33,02:20,140.1,2.33,02:20,6.0,6.0,42.86,92.51,8.0,8.0,57.14,123.34,8.0,8.0,57.14,123.34,2.0,2.0,14.29,30.84,2.0,2.0,14.29,30.84,0.0,0.0,0.0,0.0,6.0,6.0,42.86,92.51,2.0,2.0,14.29,30.84,0.0,0.0,0.0,0.0,0.0,0.0,0.0,0.0,3.0,3.0,21.43,46.25,3.0,3.0,21.43,46.25,1.0,1.0,7.14,15.42,2.0,2.0,14.29,30.84,0.0,0.0,0.0,0.0,2.0,2.0,14.29,30.84,0.0,0.0,0.0,0.0,0.0,0.0,0.0,0.0,0.0,0.0,0.0,0.0,2.0,2.0,14.29,30.84,42.86,57.14,-14.29,143.9,-2.0,-2.0,-14.29,2.33,2.33,0.38,0.38,0.0,0.33,,0.0,1.0,0.6,0.75,0.67,0.0,0.0,0.0,14.29,0.0
10881,飛克,新北中信特攻,4,43|47|10879|10881,林韋翰/曾文鼎/簡廷兆/飛克,1,10,14.0,140.1,2.33,02:20,140.1,2.33,02:20,6.0,6.0,42.86,92.51,8.0,8.0,57.14,123.34,8.0,8.0,57.14,123.34,2.0,2.0,14.29,30.84,2.0,2.0,14.29,30.84,0.0,0.0,0.0,0.0,6.0,6.0,42.86,92.51,2.0,2.0,14.29,30.84,0.0,0.0,0.0,0.0,0.0,0.0,0.0,0.0,3.0,3.0,21.43,46.25,3.0,3.0,21.43,46.25,1.0,1.0,7.14,15.42,2.0,2.0,14.29,30.84,0.0,0.0,0.0,0.0,2.0,2.0,14.29,30.84,0.0,0.0,0.0,0.0,0.0,0.0,0.0,0.0,0.0,0.0,0.0,0.0,2.0,2.0,14.29,30.84,42.86,57.14,-14.29,143.9,-2.0,-2.0,-14.29,2.33,2.33,0.38,0.38,0.0,0.33,,0.0,1.0,0.6,0.75,0.67,0.0,0.0,0.0,14.29,0.0
10881,飛克,新北中信特攻,5,43|47|10877|10879|10881,林韋翰/曾文鼎/阿巴西/簡廷兆/飛克,1,10,14.0,140.1,2.33,02:20,140.1,2.33,02:20,6.0,6.0,42.86,92.51,8.0,8.0,57.14,123.34,8.0,8.0,57.14,123.34,2.0,2.0,14.29,30.84,2.0,2.0,14.29,30.84,0.0,0.0,0.0,0.0,6.0,6.0,42.86,92.51,2.0,2.0,14.29,30.84,0.0,0.0,0.0,0.0,0.0,0.0,0.0,0.0,3.0,3.0,21.43,46.25,3.0,3.0,21.43,46.25,1.0,1.0,7.14,15.42,2.0,2.0,14.29,30.84,0.0,0.0,0.0,0.0,2.0,2.0,14.29,30.84,0.0,0.0,0.0,0.0,0.0,0.0,0.0,0.0,0.0,0.0,0.0,0.0,2.0,2.0,14.29,30.84,42.86,57.14,-14.29,143.9,-2.0,-2.0,-14.29,2.33,2.33,0.38,0.38,0.0,0.33,,0.0,1.0,0.6,0.75,0.67,0.0,0.0,0.0,14.29,0.0
43,林韋翰,新北中信特攻,4,43|47|10877|10880,林韋翰/曾文鼎/阿巴西/內馬,1,8,10.0,173.0,2.88,02:53,173.0,2.88,02:53,4.0,4.0,40.0,49.94,2.0,2.0,20.0,24.97,5.0,5.0,50.0,62.43,2.0,2.0,20.0,24.97,3.0,3.0,30.0,37.46,2.0,2.0,20.0,24.97,2.0,2.0,20.0,24.97,0.0,0.0,0.0,0.0,0.0,0.0,0.0,0.0,0.0,0.0,0.0,0.0,1.0,1.0,10.0,12.49,2.0,2.0,20.0,24.97,1.0,1.0,10.0,12.49,2.0,2.0,20.0,24.97,0.0,0.0,0.0,0.0,1.0,1.0,10.0,12.49,0.0,0.0,0.0,0.0,0.0,0.0,0.0,0.0,0.0,0.0,0.0,0.0,0.0,0.0,0.0,0.0,40.0,20.0,20.0,83.24,2.0,2.0,20.0,2.88,2.88,0.4,0.4,0.67,0.0,,0.0,0.5,0.33,0.67,0.5,0.0,0.0,0.0,0.0,0.0
43,林韋翰,新北中信特攻,4,43|47|10879|10880,林韋翰/曾文鼎/簡廷兆/內馬,1,8,10.0,173.0,2.88,02:53,173.0,2.88,02:53,4.0,4.0,40.0,49.94,2.0,2.0,20.0,24.97,5.0,5.0,50.0,62.43,2.0,2.0,20.0,24.97,3.0,3.0,30.0,37.46,2.0,2.0,20.0,24.97,2.0,2.0,20.0,24.97,0.0,0.0,0.0,0.0,0.0,0.0,0.0,0.0,0.0,0.0,0.0,0.0,1.0,1.0,10.0,12.49,2.0,2.0,20.0,24.97,1.0,1.0,10.0,12.49,2.0,2.0,20.0,24.97,0.0,0.0,0.0,0.0,1.0,1.0,10.0,12.49,0.0,0.0,0.0,0.0,0.0,0.0,0.0,0.0,0.0,0.0,0.0,0.0,0.0,0.0,0.0,0.0,40.0,20.0,20.0,83.24,2.0,2.0,20.0,2.88,2.88,0.4,0.4,0.67,0.0,,0.0,0.5,0.33,0.67,0.5,0.0,0.0,0.0,0.0,0.0
43,林韋翰,新北中信特攻,5,43|47|10877|10879|10880,林韋翰/曾文鼎/阿巴西/簡廷兆/內馬,1,8,10.0,173.0,2.88,02:53,173.0,2.88,02:53,4.0,4.0,40.0,49.94,2.0,2.0,20.0,24.97,5.0,5.0,50.0,62.43,2.0,2.0,20.0,24.97,3.0,3.0,30.0,37.46,2.0,2.0,20.0,24.97,2.0,2.0,20.0,24.97,0.0,0.0,0.0,0.0,0.0,0.0,0.0,0.0,0.0,0.0,0.0,0.0,1.0,1.0,10.0,12.49,2.0,2.0,20.0,24.97,1.0,1.0,10.0,12.49,2.0,2.0,20.0,24.97,0.0,0.0,0.0,0.0,1.0,1.0,10.0,12.49,0.0,0.0,0.0,0.0,0.0,0.0,0.0,0.0,0.0,0.0,0.0,0.0,0.0,0.0,0.0,0.0,40.0,20.0,20.0,83.24,2.0,2.0,20.0,2.88,2.88,0.4,0.4,0.67,0.0,,0.0,0.5,0.33,0.67,0.5,0.0,0.0,0.0,0.0,0.0
47,曾文鼎,新北中信特攻,3,47|10877|10880,曾文鼎/阿巴西/內馬,1,8,10.0,173.0,2.88,02:53,173.0,2.88,02:53,4.0,4.0,40.0,49.94,2.0,2.0,20.0,24.97,5.0,5.0,50.0,62.43,2.0,2.0,20.0,24.97,3.0,3.0,30.0,37.46,2.0,2.0,20.0,24.97,2.0,2.0,20.0,24.97,0.0,0.0,0.0,0.0,0.0,0.0,0.0,0.0,0.0,0.0,0.0,0.0,1.0,1.0,10.0,12.49,2.0,2.0,20.0,24.97,1.0,1.0,10.0,12.49,2.0,2.0,20.0,24.97,0.0,0.0,0.0,0.0,1.0,1.0,10.0,12.49,0.0,0.0,0.0,0.0,0.0,0.0,0.0,0.0,0.0,0.0,0.0,0.0,0.0,0.0,0.0,0.0,40.0,20.0,20.0,83.24,2.0,2.0,20.0,2.88,2.88,0.4,0.4,0.67,0.0,,0.0,0.5,0.33,0.67,0.5,0.0,0.0,0.0,0.0,0.0
47,曾文鼎,新北中信特攻,4,43|47|10877|10880,林韋翰/曾文鼎/阿巴西/內馬,1,8,10.0,173.0,2.88,02:53,173.0,2.88,02:53,4.0,4.0,40.0,49.94,2.0,2.0,20.0,24.97,5.0,5.0,50.0,62.43,2.0,2.0,20.0,24.97,3.0,3.0,30.0,37.46,2.0,2.0,20.0,24.97,2.0,2.0,20.0,24.97,0.0,0.0,0.0,0.0,0.0,0.0,0.0,0.0,0.0,0.0,0.0,0.0,1.0,1.0,10.0,12.49,2.0,2.0,20.0,24.97,1.0,1.0,10.0,12.49,2.0,2.0,20.0,24.97,0.0,0.0,0.0,0.0,1.0,1.0,10.0,12.49,0.0,0.0,0.0,0.0,0.0,0.0,0.0,0.0,0.0,0.0,0.0,0.0,0.0,0.0,0.0,0.0,40.0,20.0,20.0,83.24,2.0,2.0,20.0,2.88,2.88,0.4,0.4,0.67,0.0,,0.0,0.5,0.33,0.67,0.5,0.0,0.0,0.0,0.0,0.0
47,曾文鼎,新北中信特攻,4,43|47|10879|10880,林韋翰/曾文鼎/簡廷兆/內馬,1,8,10.0,173.0,2.88,02:53,173.0,2.88,02:53,4.0,4.0,40.0,49.94,2.0,2.0,20.0,24.97,5.0,5.0,50.0,62.43,2.0,2.0,20.0,24.97,3.0,3.0,30.0,37.46,2.0,2.0,20.0,24.97,2.0,2.0,20.0,24.97,0.0,0.0,0.0,0.0,0.0,0.0,0.0,0.0,0.0,0.0,0.0,0.0,1.0,1.0,10.0,12.49,2.0,2.0,20.0,24.97,1.0,1.0,10.0,12.49,2.0,2.0,20.0,24.97,0.0,0.0,0.0,0.0,1.0,1.0,10.0,12.49,0.0,0.0,0.0,0.0,0.0,0.0,0.0,0.0,0.0,0.0,0.0,0.0,0.0,0.0,0.0,0.0,40.0,20.0,20.0,83.24,2.0,2.0,20.0,2.88,2.88,0.4,0.4,0.67,0.0,,0.0,0.5,0.33,0.67,0.5,0.0,0.0,0.0,0.0,0.0
47,曾文鼎,新北中信特攻,4,47|10877|10879|10880,曾文鼎/阿巴西/簡廷兆/內馬,1,8,10.0,173.0,2.88,02:53,173.0,2.88,02:53,4.0,4.0,40.0,49.94,2.0,2.0,20.0,24.97,5.0,5.0,50.0,62.43,2.0,2.0,20.0,24.97,3.0,3.0,30.0,37.46,2.0,2.0,20.0,24.97,2.0,2.0,20.0,24.97,0.0,0.0,0.0,0.0,0.0,0.0,0.0,0.0,0.0,0.0,0.0,0.0,1.0,1.0,10.0,12.49,2.0,2.0,20.0,24.97,1.0,1.0,10.0,12.49,2.0,2.0,20.0,24.97,0.0,0.0,0.0,0.0,1.0,1.0,10.0,12.49,0.0,0.0,0.0,0.0,0.0,0.0,0.0,0.0,0.0,0.0,0.0,0.0,0.0,0.0,0.0,0.0,40.0,20.0,20.0,83.24,2.0,2.0,20.0,2.88,2.88,0.4,0.4,0.67,0.0,,0.0,0.5,0.33,0.67,0.5,0.0,0.0,0.0,0.0,0.0
47,曾文鼎,新北中信特攻,5,43|47|10877|10879|10880,林韋翰/曾文鼎/阿巴西/簡廷兆/內馬,1,8,10.0,173.0,2.88,02:53,173.0,2.88,02:53,4.0,4.0,40.0,49.94,2.0,2.0,20.0,24.97,5.0,5.0,50.0,62.43,2.0,2.0,20.0,24.97,3.0,3.0,30.0,37.46,2.0,2.0,20.0,24.97,2.0,2.0,20.0,24.97,0.0,0.0,0.0,0.0,0.0,0.0,0.0,0.0,0.0,0.0,0.0,0.0,1.0,1.0,10.0,12.49,2.0,2.0,20.0,24.97,1.0,1.0,10.0,12.49,2.0,2.0,20.0,24.97,0.0,0.0,0.0,0.0,1.0,1.0,10.0,12.49,0.0,0.0,0.0,0.0,0.0,0.0,0.0,0.0,0.0,0.0,0.0,0.0,0.0,0.0,0.0,0.0,40.0,20.0,20.0,83.24,2.0,2.0,20.0,2.88,2.88,0.4,0.4,0.67,0.0,,0.0,0.5,0.33,0.67,0.5,0.0,0.0,0.0,0.0,0.0
10877,阿巴西,新北中信特攻,3,47|10877|10880,曾文鼎/阿巴西/內馬,1,8,10.0,173.0,2.88,02:53,173.0,2.88,02:53,4.0,4.0,40.0,49.94,2.0,2.0,20.0,24.97,5.0,5.0,50.0,62.43,2.0,2.0,20.0,24.97,3.0,3.0,30.0,37.46,2.0,2.0,20.0,24.97,2.0,2.0,20.0,24.97,0.0,0.0,0.0,0.0,0.0,0.0,0.0,0.0,0.0,0.0,0.0,0.0,1.0,1.0,10.0,12.49,2.0,2.0,20.0,24.97,1.0,1.0,10.0,12.49,2.0,2.0,20.0,24.97,0.0,0.0,0.0,0.0,1.0,1.0,10.0,12.49,0.0,0.0,0.0,0.0,0.0,0.0,0.0,0.0,0.0,0.0,0.0,0.0,0.0,0.0,0.0,0.0,40.0,20.0,20.0,83.24,2.0,2.0,20.0,2.88,2.88,0.4,0.4,0.67,0.0,,0.0,0.5,0.33,0.67,0.5,0.0,0.0,0.0,0.0,0.0
10877,阿巴西,新北中信特攻,4,43|47|10877|10880,林韋翰/曾文鼎/阿巴西/內馬,1,8,10.0,173.0,2.88,02:53,173.0,2.88,02:53,4.0,4.0,40.0,49.94,2.0,2.0,20.0,24.97,5.0,5.0,50.0,62.43,2.0,2.0,20.0,24.97,3.0,3.0,30.0,37.46,2.0,2.0,20.0,24.97,2.0,2.0,20.0,24.97,0.0,0.0,0.0,0.0,0.0,0.0,0.0,0.0,0.0,0.0,0.0,0.0,1.0,1.0,10.0,12.49,2.0,2.0,20.0,24.97,1.0,1.0,10.0,12.49,2.0,2.0,20.0,24.97,0.0,0.0,0.0,0.0,1.0,1.0,10.0,12.49,0.0,0.0,0.0,0.0,0.0,0.0,0.0,0.0,0.0,0.0,0.0,0.0,0.0,0.0,0.0,0.0,40.0,20.0,20.0,83.24,2.0,2.0,20.0,2.88,2.88,0.4,0.4,0.67,0.0,,0.0,0.5,0.33,0.67,0.5,0.0,0.0,0.0,0.0,0.0
10877,阿巴西,新北中信特攻,4,47|10877|10879|10880,曾文鼎/阿巴西/簡廷兆/內馬,1,8,10.0,173.0,2.88,02:53,173.0,2.88,02:53,4.0,4.0,40.0,49.94,2.0,2.0,20.0,24.97,5.0,5.0,50.0,62.43,2.0,2.0,20.0,24.97,3.0,3.0,30.0,37.46,2.0,2.0,20.0,24.97,2.0,2.0,20.0,24.97,0.0,0.0,0.0,0.0,0.0,0.0,0.0,0.0,0.0,0.0,0.0,0.0,1.0,1.0,10.0,12.49,2.0,2.0,20.0,24.97,1.0,1.0,10.0,12.49,2.0,2.0,20.0,24.97,0.0,0.0,0.0,0.0,1.0,1.0,10.0,12.49,0.0,0.0,0.0,0.0,0.0,0.0,0.0,0.0,0.0,0.0,0.0,0.0,0.0,0.0,0.0,0.0,40.0,20.0,20.0,83.24,2.0,2.0,20.0,2.88,2.88,0.4,0.4,0.67,0.0,,0.0,0.5,0.33,0.67,0.5,0.0,0.0,0.0,0.0,0.0
10877,阿巴西,新北中信特攻,5,43|47|10877|10879|10880,林韋翰/曾文鼎/阿巴西/簡廷兆/內馬,1,8,10.0,173.0,2.88,02:53,173.0,2.88,02:53,4.0,4.0,40.0,49.94,2.0,2.0,20.0,24.97,5.0,5.0,50.0,62.43,2.0,2.0,20.0,24.97,3.0,3.0,30.0,37.46,2.0,2.0,20.0,24.97,2.0,2.0,20.0,24.97,0.0,0.0,0.0,0.0,0.0,0.0,0.0,0.0,0.0,0.0,0.0,0.0,1.0,1.0,10.0,12.49,2.0,2.0,20.0,24.97,1.0,1.0,10.0,12.49,2.0,2.0,20.0,24.97,0.0,0.0,0.0,0.0,1.0,1.0,10.0,12.49,0.0,0.0,0.0,0.0,0.0,0.0,0.0,0.0,0.0,0.0,0.0,0.0,0.0,0.0,0.0,0.0,40.0,20.0,20.0,83.24,2.0,2.0,20.0,2.88,2.88,0.4,0.4,0.67,0.0,,0.0,0.5,0.33,0.67,0.5,0.0,0.0,0.0,0.0,0.0
10879,簡廷兆,新北中信特攻,4,43|47|10879|10880,林韋翰/曾文鼎/簡廷兆/內馬,1,8,10.0,173.0,2.88,02:53,173.0,2.88,02:53,4.0,4.0,40.0,49.94,2.0,2.0,20.0,24.97,5.0,5.0,50.0,62.43,2.0,2.0,20.0,24.97,3.0,3.0,30.0,37.46,2.0,2.0,20.0,24.97,2.0,2.0,20.0,24.97,0.0,0.0,0.0,0.0,0.0,0.0,0.0,0.0,0.0,0.0,0.0,0.0,1.0,1.0,10.0,12.49,2.0,2.0,20.0,24.97,1.0,1.0,10.0,12.49,2.0,2.0,20.0,24.97,0.0,0.0,0.0,0.0,1.0,1.0,10.0,12.49,0.0,0.0,0.0,0.0,0.0,0.0,0.0,0.0,0.0,0.0,0.0,0.0,0.0,0.0,0.0,0.0,40.0,20.0,20.0,83.24,2.0,2.0,20.0,2.88,2.88,0.4,0.4,0.67,0.0,,0.0,0.5,0.33,0.67,0.5,0.0,0.0,0.0,0.0,0.0
10879,簡廷兆,新北中信特攻,4,47|10877|10879|10880,曾文鼎/阿巴西/簡廷兆/內馬,1,8,10.0,173.0,2.88,02:53,173.0,2.88,02:53,4.0,4.0,40.0,49.94,2.0,2.0,20.0,24.97,5.0,5.0,50.0,62.43,2.0,2.0,20.0,24.97,3.0,3.0,30.0,37.46,2.0,2.0,20.0,24.97,2.0,2.0,20.0,24.97,0.0,0.0,0.0,0.0,0.0,0.0,0.0,0.0,0.0,0.0,0.0,0.0,1.0,1.0,10.0,12.49,2.0,2.0,20.0,24.97,1.0,1.0,10.0,12.49,2.0,2.0,20.0,24.97,0.0,0.0,0.0,0.0,1.0,1.0,10.0,12.49,0.0,0.0,0.0,0.0,0.0,0.0,0.0,0.0,0.0,0.0,0.0,0.0,0.0,0.0,0.0,0.0,40.0,20.0,20.0,83.24,2.0,2.0,20.0,2.88,2.88,0.4,0.4,0.67,0.0,,0.0,0.5,0.33,0.67,0.5,0.0,0.0,0.0,0.0,0.0
10879,簡廷兆,新北中信特攻,5,43|47|10877|10879|10880,林韋翰/曾文鼎/阿巴西/簡廷兆/內馬,1,8,10.0,173.0,2.88,02:53,173.0,2.88,02:53,4.0,4.0,40.0,49.94,2.0,2.0,20.0,24.97,5.0,5.0,50.0,62.43,2.0,2.0,20.0,24.97,3.0,3.0,30.0,37.46,2.0,2.0,20.0,24.97,2.0,2.0,20.0,24.97,0.0,0.0,0.0,0.0,0.0,0.0,0.0,0.0,0.0,0.0,0.0,0.0,1.0,1.0,10.0,12.49,2.0,2.0,20.0,24.97,1.0,1.0,10.0,12.49,2.0,2.0,20.0,24.97,0.0,0.0,0.0,0.0,1.0,1.0,10.0,12.49,0.0,0.0,0.0,0.0,0.0,0.0,0.0,0.0,0.0,0.0,0.0,0.0,0.0,0.0,0.0,0.0,40.0,20.0,20.0,83.24,2.0,2.0,20.0,2.88,2.88,0.4,0.4,0.67,0.0,,0.0,0.5,0.33,0.67,0.5,0.0,0.0,0.0,0.0,0.0
10880,內馬,新北中信特攻,3,47|10877|10880,曾文鼎/阿巴西/內馬,1,8,10.0,173.0,2.88,02:53,173.0,2.88,02:53,4.0,4.0,40.0,49.94,2.0,2.0,20.0,24.97,5.0,5.0,50.0,62.43,2.0,2.0,20.0,24.97,3.0,3.0,30.0,37.46,2.0,2.0,20.0,24.97,2.0,2.0,20.0,24.97,0.0,0.0,0.0,0.0,0.0,0.0,0.0,0.0,0.0,0.0,0.0,0.0,1.0,1.0,10.0,12.49,2.0,2.0,20.0,24.97,1.0,1.0,10.0,12.49,2.0,2.0,20.0,24.97,0.0,0.0,0.0,0.0,1.0,1.0,10.0,12.49,0.0,0.0,0.0,0.0,0.0,0.0,0.0,0.0,0.0,0.0,0.0,0.0,0.0,0.0,0.0,0.0,40.0,20.0,20.0,83.24,2.0,2.0,20.0,2.88,2.88,0.4,0.4,0.67,0.0,,0.0,0.5,0.33,0.67,0.5,0.0,0.0,0.0,0.0,0.0
10880,內馬,新北中信特攻,4,43|47|10877|10880,林韋翰/曾文鼎/阿巴西/內馬,1,8,10.0,173.0,2.88,02:53,173.0,2.88,02:53,4.0,4.0,40.0,49.94,2.0,2.0,20.0,24.97,5.0,5.0,50.0,62.43,2.0,2.0,20.0,24.97,3.0,3.0,30.0,37.46,2.0,2.0,20.0,24.97,2.0,2.0,20.0,24.97,0.0,0.0,0.0,0.0,0.0,0.0,0.0,0.0,0.0,0.0,0.0,0.0,1.0,1.0,10.0,12.49,2.0,2.0,20.0,24.97,1.0,1.0,10.0,12.49,2.0,2.0,20.0,24.97,0.0,0.0,0.0,0.0,1.0,1.0,10.0,12.49,0.0,0.0,0.0,0.0,0.0,0.0,0.0,0.0,0.0,0.0,0.0,0.0,0.0,0.0,0.0,0.0,40.0,20.0,20.0,83.24,2.0,2.0,20.0,2.88,2.88,0.4,0.4,0.67,0.0,,0.0,0.5,0.33,0.67,0.5,0.0,0.0,0.0,0.0,0.0
10880,內馬,新北中信特攻,4,43|47|10879|10880,林韋翰/曾文鼎/簡廷兆/內馬,1,8,10.0,173.0,2.88,02:53,173.0,2.88,02:53,4.0,4.0,40.0,49.94,2.0,2.0,20.0,24.97,5.0,5.0,50.0,62.43,2.0,2.0,20.0,24.97,3.0,3.0,30.0,37.46,2.0,2.0,20.0,24.97,2.0,2.0,20.0,24.97,0.0,0.0,0.0,0.0,0.0,0.0,0.0,0.0,0.0,0.0,0.0,0.0,1.0,1.0,10.0,12.49,2.0,2.0,20.0,24.97,1.0,1.0,10.0,12.49,2.0,2.0,20.0,24.97,0.0,0.0,0.0,0.0,1.0,1.0,10.0,12.49,0.0,0.0,0.0,0.0,0.0,0.0,0.0,0.0,0.0,0.0,0.0,0.0,0.0,0.0,0.0,0.0,40.0,20.0,20.0,83.24,2.0,2.0,20.0,2.88,2.88,0.4,0.4,0.67,0.0,,0.0,0.5,0.33,0.67,0.5,0.0,0.0,0.0,0.0,0.0
10880,內馬,新北中信特攻,4,47|10877|10879|10880,曾文鼎/阿巴西/簡廷兆/內馬,1,8,10.0,173.0,2.88,02:53,173.0,2.88,02:53,4.0,4.0,40.0,49.94,2.0,2.0,20.0,24.97,5.0,5.0,50.0,62.43,2.0,2.0,20.0,24.97,3.0,3.0,30.0,37.46,2.0,2.0,20.0,24.97,2.0,2.0,20.0,24.97,0.0,0.0,0.0,0.0,0.0,0.0,0.0,0.0,0.0,0.0,0.0,0.0,1.0,1.0,10.0,12.49,2.0,2.0,20.0,24.97,1.0,1.0,10.0,12.49,2.0,2.0,20.0,24.97,0.0,0.0,0.0,0.0,1.0,1.0,10.0,12.49,0.0,0.0,0.0,0.0,0.0,0.0,0.0,0.0,0.0,0.0,0.0,0.0,0.0,0.0,0.0,0.0,40.0,20.0,20.0,83.24,2.0,2.0,20.0,2.88,2.88,0.4,0.4,0.67,0.0,,0.0,0.5,0.33,0.67,0.5,0.0,0.0,0.0,0.0,0.0
10880,內馬,新北中信特攻,5,43|47|10877|10879|10880,林韋翰/曾文鼎/阿巴西/簡廷兆/內馬,1,8,10.0,173.0,2.88,02:53,173.0,2.88,02:53,4.0,4.0,40.0,49.94,2.0,2.0,20.0,24.97,5.0,5.0,50.0,62.43,2.0,2.0,20.0,24.97,3.0,3.0,30.0,37.46,2.0,2.0,20.0,24.97,2.0,2.0,20.0,24.97,0.0,0.0,0.0,0.0,0.0,0.0,0.0,0.0,0.0,0.0,0.0,0.0,1.0,1.0,10.0,12.49,2.0,2.0,20.0,24.97,1.0,1.0,10.0,12.49,2.0,2.0,20.0,24.97,0.0,0.0,0.0,0.0,1.0,1.0,10.0,12.49,0.0,0.0,0.0,0.0,0.0,0.0,0.0,0.0,0.0,0.0,0.0,0.0,0.0,0.0,0.0,0.0,40.0,20.0,20.0,83.24,2.0,2.0,20.0,2.88,2.88,0.4,0.4,0.67,0.0,,0.0,0.5,0.33,0.67,0.5,0.0,0.0,0.0,0.0,0.0
24,蘇士軒,新北國王,3,24|29|10872,蘇士軒/林書緯/林彥廷,1,23,25.0,320.64,5.34,05:21,320.64,5.34,05:21,16.0,16.0,64.0,107.78,10.0,10.0,40.0,67.36,7.0,7.0,28.0,47.15,5.0,5.0,20.0,33.68,5.0,5.0,20.0,33.68,4.0,4.0,16.0,26.95,2.0,2.0,8.0,13.47,1.0,1.0,4.0,6.74,5.0,5.0,20.0,33.68,5.0,5.0,20.0,33.68,0.0,0.0,0.0,0.0,2.0,2.0,8.0,13.47,1.0,1.0,4.0,6.74,7.0,7.0,28.0,47.15,2.0,2.0,8.0,13.47,4.0,4.0,16.0,26.95,2.0,2.0,8.0,13.47,1.0,1.0,4.0,6.74,1.0,1.0,4.0,6.74,1.0,1.0,4.0,6.74,64.0,40.0,24.0,112.27,6.0,6.0,24.0,5.34,5.34,0.79,0.87,0.8,0.5,1.0,0.18,0.8,0.0,0.67,0.2,8.0,4.0,0.04,4.0,0.71
24,蘇士軒,新北國王,4,24|29|32|10872,蘇士軒/林書緯/奧帝/林彥廷,1,11,12.0,115.39,1.92,01:55,115.39,1.92,01:55,8.0,8.0,66.67,149.76,5.0,5.0,41.67,93.6,4.0,4.0,33.33,74.88,3.0,3.0,25.0,56.16,4.0,4.0,33.33,74.88,3.0,3.0,25.0,56.16,0.0,0.0,0.0,0.0,0.0,0.0,0.0,0.0,2.0,2.0,16.67,37.44,2.0,2.0,16.67,37.44,0.0,0.0,0.0,0.0,1.0,1.0,8.33,18.72,1.0,1.0,8.33,18.72,3.0,3.0,25.0,56.16,0.0,0.0,0.0,0.0,2.0,2.0,16.67,37.44,0.0,0.0,0.0,0.0,1.0,1.0,8.33,18.72,1.0,1.0,8.33,18.72,0.0,0.0,0.0,0.0,66.67,41.67,25.0,149.76,3.0,3.0,25.0,1.92,1.92,0.75,0.82,0.75,,1.0,0.0,0.67,0.0,0.5,0.2,0.0,8.33,0.08,0.0,0.5
24,蘇士軒,新北國王,4,24|29|10872|13029,蘇士軒/林書緯/林彥廷/杰倫,1,23,25.0,320.64,5.34,05:21,320.64,5.34,05:21,16.0,16.0,64.0,107.78,10.0,10.0,40.0,67.36,7.0,7.0,28.0,47.15,5.0,5.0,20.0,33.68,5.0,5.0,20.0,33.68,4.0,4.0,16.0,26.95,2.0,2.0,8.0,13.47,1.0,1.0,4.0,6.74,5.0,5.0,20.0,33.68,5.0,5.0,20.0,33.68,0.0,0.0,0.0,0.0,2.0,2.0,8.0,13.47,1.0,1.0,4.0,6.74,7.0,7.0,28.0,47.15,2.0,2.0,8.0,13.47,4.0,4.0,16.0,26.95,2.0,2.0,8.0,13.47,1.0,1.0,4.0,6.74,1.0,1.0,4.0,6.74,1.0,1.0,4.0,6.74,64.0,40.0,24.0,112.27,6.0,6.0,24.0,5.34,5.34,0.79,0.87,0.8,0.5,1.0,0.18,0.8,0.0,0.67,0.2,8.0,4.0,0.04,4.0,0.71
24,蘇士軒,新北國王,5,24|29|32|10872|13029,蘇士軒/林書緯/奧帝/林彥廷/杰倫,1,11,12.0,115.39,1.92,01:55,115.39,1.92,01:55,8.0,8.0,66.67,149.76,5.0,5.0,41.67,93.6,4.0,4.0,33.33,74.88,3.0,3.0,25.0,56.16,4.0,4.0,33.33,74.88,3.0,3.0,25.0,56.16,0.0,0.0,0.0,0.0,0.0,0.0,0.0,0.0,2.0,2.0,16.67,37.44,2.0,2.0,16.67,37.44,0.0,0.0,0.0,0.0,1.0,1.0,8.33,18.72,1.0,1.0,8.33,18.72,3.0,3.0,25.0,56.16,0.0,0.0,0.0,0.0,2.0,2.0,16.67,37.44,0.0,0.0,0.0,0.0,1.0,1.0,8.33,18.72,1.0,1.0,8.33,18.72,0.0,0.0,0.0,0.0,66.67,41.67,25.0,149.76,3.0,3.0,25.0,1.92,1.92,0.75,0.82,0.75,,1.0,0.0,0.67,0.0,0.5,0.2,0.0,8.33,0.08,0.0,0.5
29,林書緯,新北國王,3,24|29|10872,蘇士軒/林書緯/林彥廷,1,23,25.0,320.64,5.34,05:21,320.64,5.34,05:21,16.0,16.0,64.0,107.78,10.0,10.0,40.0,67.36,7.0,7.0,28.0,47.15,5.0,5.0,20.0,33.68,5.0,5.0,20.0,33.68,4.0,4.0,16.0,26.95,2.0,2.0,8.0,13.47,1.0,1.0,4.0,6.74,5.0,5.0,20.0,33.68,5.0,5.0,20.0,33.68,0.0,0.0,0.0,0.0,2.0,2.0,8.0,13.47,1.0,1.0,4.0,6.74,7.0,7.0,28.0,47.15,2.0,2.0,8.0,13.47,4.0,4.0,16.0,26.95,2.0,2.0,8.0,13.47,1.0,1.0,4.0,6.74,1.0,1.0,4.0,6.74,1.0,1.0,4.0,6.74,64.0,40.0,24.0,112.27,6.0,6.0,24.0,5.34,5.34,0.79,0.87,0.8,0.5,1.0,0.18,0.8,0.0,0.67,0.2,8.0,4.0,0.04,4.0,0.71
29,林書緯,新北國王,4,24|29|32|10872,蘇士軒/林書緯/奧帝/林彥廷,1,11,12.0,115.39,1.92,01:55,115.39,1.92,01:55,8.0,8.0,66.67,149.76,5.0,5.0,41.67,93.6,4.0,4.0,33.33,74.88,3.0,3.0,25.0,56.16,4.0,4.0,33.33,74.88,3.0,3.0,25.0,56.16,0.0,0.0,0.0,0.0,0.0,0.0,0.0,0.0,2.0,2.0,16.67,37.44,2.0,2.0,16.67,37.44,0.0,0.0,0.0,0.0,1.0,1.0,8.33,18.72,1.0,1.0,8.33,18.72,3.0,3.0,25.0,56.16,0.0,0.0,0.0,0.0,2.0,2.0,16.67,37.44,0.0,0.0,0.0,0.0,1.0,1.0,8.33,18.72,1.0,1.0,8.33,18.72,0.0,0.0,0.0,0.0,66.67,41.67,25.0,149.76,3.0,3.0,25.0,1.92,1.92,0.75,0.82,0.75,,1.0,0.0,0.67,0.0,0.5,0.2,0.0,8.33,0.08,0.0,0.5
29,林書緯,新北國王,4,24|29|10872|13029,蘇士軒/林書緯/林彥廷/杰倫,1,23,25.0,320.64,5.34,05:21,320.64,5.34,05:21,16.0,16.0,64.0,107.78,10.0,10.0,40.0,67.36,7.0,7.0,28.0,47.15,5.0,5.0,20.0,33.68,5.0,5.0,20.0,33.68,4.0,4.0,16.0,26.95,2.0,2.0,8.0,13.47,1.0,1.0,4.0,6.74,5.0,5.0,20.0,33.68,5.0,5.0,20.0,33.68,0.0,0.0,0.0,0.0,2.0,2.0,8.0,13.47,1.0,1.0,4.0,6.74,7.0,7.0,28.0,47.15,2.0,2.0,8.0,13.47,4.0,4.0,16.0,26.95,2.0,2.0,8.0,13.47,1.0,1.0,4.0,6.74,1.0,1.0,4.0,6.74,1.0,1.0,4.0,6.74,64.0,40.0,24.0,112.27,6.0,6.0,24.0,5.34,5.34,0.79,0.87,0.8,0.5,1.0,0.18,0.8,0.0,0.67,0.2,8.0,4.0,0.04,4.0,0.71
29,林書緯,新北國王,5,24|29|32|10872|13029,蘇士軒/林書緯/奧帝/林彥廷/杰倫,1,11,12.0,115.39,1.92,01:55,115.39,1.92,01:55,8.0,8.0,66.67,149.76,5.0,5.0,41.67,93.6,4.0,4.0,33.33,74.88,3.0,3.0,25.0,56.16,4.0,4.0,33.33,74.88,3.0,3.0,25.0,56.16,0.0,0.0,0.0,0.0,0.0,0.0,0.0,0.0,2.0,2.0,16.67,37.44,2.0,2.0,16.67,37.44,0.0,0.0,0.0,0.0,1.0,1.0,8.33,18.72,1.0,1.0,8.33,18.72,3.0,3.0,25.0,56.16,0.0,0.0,0.0,0.0,2.0,2.0,16.67,37.44,0.0,0.0,0.0,0.0,1.0,1.0,8.33,18.72,1.0,1.0,8.33,18.72,0.0,0.0,0.0,0.0,66.67,41.67,25.0,149.76,3.0,3.0,25.0,1.92,1.92,0.75,0.82,0.75,,1.0,0.0,0.67,0.0,0.5,0.2,0.0,8.33,0.08,0.0,0.5
32,奧帝,新北國王,4,24|29|32|10872,蘇士軒/林書緯/奧帝/林彥廷,1,11,12.0,115.39,1.92,01:55,115.39,1.92,01:55,8.0,8.0,66.67,149.76,5.0,5.0,41.67,93.6,4.0,4.0,33.33,74.88,3.0,3.0,25.0,56.16,4.0,4.0,33.33,74.88,3.0,3.0,25.0,56.16,0.0,0.0,0.0,0.0,0.0,0.0,0.0,0.0,2.0,2.0,16.67,37.44,2.0,2.0,16.67,37.44,0.0,0.0,0.0,0.0,1.0,1.0,8.33,18.72,1.0,1.0,8.33,18.72,3.0,3.0,25.0,56.16,0.0,0.0,0.0,0.0,2.0,2.0,16.67,37.44,0.0,0.0,0.0,0.0,1.0,1.0,8.33,18.72,1.0,1.0,8.33,18.72,0.0,0.0,0.0,0.0,66.67,41.67,25.0,149.76,3.0,3.0,25.0,1.92,1.92,0.75,0.82,0.75,,1.0,0.0,0.67,0.0,0.5,0.2,0.0,8.33,0.08,0.0,0.5
32,奧帝,新北國王,5,24|29|32|10872|13029,蘇士軒/林書緯/奧帝/林彥廷/杰倫,1,11,12.0,115.39,1.92,01:55,115.39,1.92,01:55,8.0,8.0,66.67,149.76,5.0,5.0,41.67,93.6,4.0,4.0,33.33,74.88,3.0,3.0,25.0,56.16,4.0,4.0,33.33,74.88,3.0,3.0,25.0,56.16,0.0,0.0,0.0,0.0,0.0,0.0,0.0,0.0,2.0,2.0,16.67,37.44,2.0,2.0,16.67,37.44,0.0,0.0,0.0,0.0,1.0,1.0,8.33,18.72,1.0,1.0,8.33,18.72,3.0,3.0,25.0,56.16,0.0,0.0,0.0,0.0,2.0,2.0,16.67,37.44,0.0,0.0,0.0,0.0,1.0,1.0,8.33,18.72,1.0,1.0,8.33,18.72,0.0,0.0,0.0,0.0,66.67,41.67,25.0,149.76,3.0,3.0,25.0,1.92,1.92,0.75,0.82,0.75,,1.0,0.0,0.67,0.0,0.5,0.2,0.0,8.33,0.08,0.0,0.5
10872,林彥廷,新北國王,3,24|29|10872,蘇士軒/林書緯/林彥廷,1,23,25.0,320.64,5.34,05:21,320.64,5.34,05:21,16.0,16.0,64.0,107.78,10.0,10.0,40.0,67.36,7.0,7.0,28.0,47.15,5.0,5.0,20.0,33.68,5.0,5.0,20.0,33.68,4.0,4.0,16.0,26.95,2.0,2.0,8.0,13.47,1.0,1.0,4.0,6.74,5.0,5.0,20.0,33.68,5.0,5.0,20.0,33.68,0.0,0.0,0.0,0.0,2.0,2.0,8.0,13.47,1.0,1.0,4.0,6.74,7.0,7.0,28.0,47.15,2.0,2.0,8.0,13.47,4.0,4.0,16.0,26.95,2.0,2.0,8.0,13.47,1.0,1.0,4.0,6.74,1.0,1.0,4.0,6.74,1.0,1.0,4.0,6.74,64.0,40.0,24.0,112.27,6.0,6.0,24.0,5.34,5.34,0.79,0.87,0.8,0.5,1.0,0.18,0.8,0.0,0.67,0.2,8.0,4.0,0.04,4.0,0.71
10872,林彥廷,新北國王,4,24|29|32|10872,蘇士軒/林書緯/奧帝/林彥廷,1,11,12.0,115.39,1.92,01:55,115.39,1.92,01:55,8.0,8.0,66.67,149.76,5.0,5.0,41.67,93.6,4.0,4.0,33.33,74.88,3.0,3.0,25.0,56.16,4.0,4.0,33.33,74.88,3.0,3.0,25.0,56.16,0.0,0.0,0.0,0.0,0.0,0.0,0.0,0.0,2.0,2.0,16.67,37.44,2.0,2.0,16.67,37.44,0.0,0.0,0.0,0.0,1.0,1.0,8.33,18.72,1.0,1.0,8.33,18.72,3.0,3.0,25.0,56.16,0.0,0.0,0.0,0.0,2.0,2.0,16.67,37.44,0.0,0.0,0.0,0.0,1.0,1.0,8.33,18.72,1.0,1.0,8.33,18.72,0.0,0.0,0.0,0.0,66.67,41.67,25.0,149.76,3.0,3.0,25.0,1.92,1.92,0.75,0.82,0.75,,1.0,0.0,0.67,0.0,0.5,0.2,0.0,8.33,0.08,0.0,0.5
10872,林彥廷,新北國王,4,24|29|10872|13029,蘇士軒/林書緯/林彥廷/杰倫,1,23,25.0,320.64,5.34,05:21,320.64,5.34,05:21,16.0,16.0,64.0,107.78,10.0,10.0,40.0,67.36,7.0,7.0,28.0,47.15,5.0,5.0,20.0,33.68,5.0,5.0,20.0,33.68,4.0,4.0,16.0,26.95,2.0,2.0,8.0,13.47,1.0,1.0,4.0,6.74,5.0,5.0,20.0,33.68,5.0,5.0,20.0,33.68,0.0,0.0,0.0,0.0,2.0,2.0,8.0,13.47,1.0,1.0,4.0,6.74,7.0,7.0,28.0,47.15,2.0,2.0,8.0,13.47,4.0,4.0,16.0,26.95,2.0,2.0,8.0,13.47,1.0,1.0,4.0,6.74,1.0,1.0,4.0,6.74,1.0,1.0,4.0,6.74,64.0,40.0,24.0,112.27,6.0,6.0,24.0,5.34,5.34,0.79,0.87,0.8,0.5,1.0,0.18,0.8,0.0,0.67,0.2,8.0,4.0,0.04,4.0,0.71
10872,林彥廷,新北國王,5,24|29|32|10872|13029,蘇士軒/林書緯/奧帝/林彥廷/杰倫,1,11,12.0,115.39,1.92,01:55,115.39,1.92,01:55,8.0,8.0,66.67,149.76,5.0,5.0,41.67,93.6,4.0,4.0,33.33,74.88,3.0,3.0,25.0,56.16,4.0,4.0,33.33,74.88,3.0,3.0,25.0,56.16,0.0,0.0,0.0,0.0,0.0,0.0,0.0,0.0,2.0,2.0,16.67,37.44,2.0,2.0,16.67,37.44,0.0,0.0,0.0,0.0,1.0,1.0,8.33,18.72,1.0,1.0,8.33,18.72,3.0,3.0,25.0,56.16,0.0,0.0,0.0,0.0,2.0,2.0,16.67,37.44,0.0,0.0,0.0,0.0,1.0,1.0,8.33,18.72,1.0,1.0,8.33,18.72,0.0,0.0,0.0,0.0,66.67,41.67,25.0,149.76,3.0,3.0,25.0,1.92,1.92,0.75,0.82,0.75,,1.0,0.0,0.67,0.0,0.5,0.2,0.0,8.33,0.08,0.0,0.5
13029,杰倫,新北國王,4,24|29|10872|13029,蘇士軒/林書緯/林彥廷/杰倫,1,23,25.0,320.64,5.34,05:21,320.64,5.34,05:21,16.0,16.0,64.0,107.78,10.0,10.0,40.0,67.36,7.0,7.0,28.0,47.15,5.0,5.0,20.0,33.68,5.0,5.0,20.0,33.68,4.0,4.0,16.0,26.95,2.0,2.0,8.0,13.47,1.0,1.0,4.0,6.74,5.0,5.0,20.0,33.68,5.0,5.0,20.0,33.68,0.0,0.0,0.0,0.0,2.0,2.0,8.0,13.47,1.0,1.0,4.0,6.74,7.0,7.0,28.0,47.15,2.0,2.0,8.0,13.47,4.0,4.0,16.0,26.95,2.0,2.0,8.0,13.47,1.0,1.0,4.0,6.74,1.0,1.0,4.0,6.74,1.0,1.0,4.0,6.74,64.0,40.0,24.0,112.27,6.0,6.0,24.0,5.34,5.34,0.79,0.87,0.8,0.5,1.0,0.18,0.8,0.0,0.67,0.2,8.0,4.0,0.04,4.0,0.71
13029,杰倫,新北國王,5,24|29|32|10872|13029,蘇士軒/林書緯/奧帝/林彥廷/杰倫,1,11,12.0,115.39,1.92,01:55,115.39,1.92,01:55,8.0,8.0,66.67,149.76,5.0,5.0,41.67,93.6,4.0,4.0,33.33,74.88,3.0,3.0,25.0,56.16,4.0,4.0,33.33,74.88,3.0,3.0,25.0,56.16,0.0,0.0,0.0,0.0,0.0,0.0,0.0,0.0,2.0,2.0,16.67,37.44,2.0,2.0,16.67,37.44,0.0,0.0,0.0,0.0,1.0,1.0,8.33,18.72,1.0,1.0,8.33,18.72,3.0,3.0,25.0,56.16,0.0,0.0,0.0,0.0,2.0,2.0,16.67,37.44,0.0,0.0,0.0,0.0,1.0,1.0,8.33,18.72,1.0,1.0,8.33,18.72,0.0,0.0,0.0,0.0,66.67,41.67,25.0,149.76,3.0,3.0,25.0,1.92,1.92,0.75,0.82,0.75,,1.0,0.0,0.67,0.0,0.5,0.2,0.0,8.33,0.08,0.0,0.5
24,蘇士軒,新北國王,3,24|10872|14038,蘇士軒/林彥廷/飛米,1,12,13.0,205.26,3.42,03:25,205.26,3.42,03:25,8.0,8.0,61.54,84.19,5.0,5.0,38.46,52.62,3.0,3.0,23.08,31.57,2.0,2.0,15.38,21.05,1.0,1.0,7.69,10.52,1.0,1.0,7.69,10.52,2.0,2.0,15.38,21.05,1.0,1.0,7.69,10.52,3.0,3.0,23.08,31.57,3.0,3.0,23.08,31.57,0.0,0.0,0.0,0.0,1.0,1.0,7.69,10.52,0.0,0.0,0.0,0.0,4.0,4.0,30.77,42.09,2.0,2.0,15.38,21.05,2.0,2.0,15.38,21.05,2.0,2.0,15.38,21.05,0.0,0.0,0.0,0.0,0.0,0.0,0.0,0.0,1.0,1.0,7.69,10.52,61.54,38.46,23.08,91.2,3.0,3.0,23.08,3.42,3.42,0.83,0.93,1.0,0.5,1.0,0.32,1.0,0.0,1.0,0.2,15.38,0.0,0.0,7.69,1.0
24,蘇士軒,新北國王,4,24|29|10872|14038,蘇士軒/林書緯/林彥廷/飛米,1,12,13.0,205.26,3.42,03:25,205.26,3.42,03:25,8.0,8.0,61.54,84.19,5.0,5.0,38.46,52.62,3.0,3.0,23.08,31.57,2.0,2.0,15.38,21.05,1.0,1.0,7.69,10.52,1.0,1.0,7.69,10.52,2.0,2.0,15.38,21.05,1.0,1.0,7.69,10.52,3.0,3.0,23.08,31.57,3.0,3.0,23.08,31.57,0.0,0.0,0.0,0.0,1.0,1.0,7.69,10.52,0.0,0.0,0.0,0.0,4.0,4.0,30.77,42.09,2.0,2.0,15.38,21.05,2.0,2.0,15.38,21.05,2.0,2.0,15.38,21.05,0.0,0.0,0.0,0.0,0.0,0.0,0.0,0.0,1.0,1.0,7.69,10.52,61.54,38.46,23.08,91.2,3.0,3.0,23.08,3.42,3.42,0.83,0.93,1.0,0.5,1.0,0.32,1.0,0.0,1.0,0.2,15.38,0.0,0.0,7.69,1.0
24,蘇士軒,新北國王,4,24|10872|13029|14038,蘇士軒/林彥廷/杰倫/飛米,1,12,13.0,205.26,3.42,03:25,205.26,3.42,03:25,8.0,8.0,61.54,84.19,5.0,5.0,38.46,52.62,3.0,3.0,23.08,31.57,2.0,2.0,15.38,21.05,1.0,1.0,7.69,10.52,1.0,1.0,7.69,10.52,2.0,2.0,15.38,21.05,1.0,1.0,7.69,10.52,3.0,3.0,23.08,31.57,3.0,3.0,23.08,31.57,0.0,0.0,0.0,0.0,1.0,1.0,7.69,10.52,0.0,0.0,0.0,0.0,4.0,4.0,30.77,42.09,2.0,2.0,15.38,21.05,2.0,2.0,15.38,21.05,2.0,2.0,15.38,21.05,0.0,0.0,0.0,0.0,0.0,0.0,0.0,0.0,1.0,1.0,7.69,10.52,61.54,38.46,23.08,91.2,3.0,3.0,23.08,3.42,3.42,0.83,0.93,1.0,0.5,1.0,0.32,1.0,0.0,1.0,0.2,15.38,0.0,0.0,7.69,1.0
24,蘇士軒,新北國王,5,24|29|10872|13029|14038,蘇士軒/林書緯/林彥廷/杰倫/飛米,1,12,13.0,205.26,3.42,03:25,205.26,3.42,03:25,8.0,8.0,61.54,84.19,5.0,5.0,38.46,52.62,3.0,3.0,23.08,31.57,2.0,2.0,15.38,21.05,1.0,1.0,7.69,10.52,1.0,1.0,7.69,10.52,2.0,2.0,15.38,21.05,1.0,1.0,7.69,10.52,3.0,3.0,23.08,31.57,3.0,3.0,23.08,31.57,0.0,0.0,0.0,0.0,1.0,1.0,7.69,10.52,0.0,0.0,0.0,0.0,4.0,4.0,30.77,42.09,2.0,2.0,15.38,21.05,2.0,2.0,15.38,21.05,2.0,2.0,15.38,21.05,0.0,0.0,0.0,0.0,0.0,0.0,0.0,0.0,1.0,1.0,7.69,10.52,61.54,38.46,23.08,91.2,3.0,3.0,23.08,3.42,3.42,0.83,0.93,1.0,0.5,1.0,0.32,1.0,0.0,1.0,0.2,15.38,0.0,0.0,7.69,1.0
29,林書緯,新北國王,4,24|29|10872|14038,蘇士軒/林書緯/林彥廷/飛米,1,12,13.0,205.26,3.42,03:25,205.26,3.42,03:25,8.0,8.0,61.54,84.19,5.0,5.0,38.46,52.62,3.0,3.0,23.08,31.57,2.0,2.0,15.38,21.05,1.0,1.0,7.69,10.52,1.0,1.0,7.69,10.52,2.0,2.0,15.38,21.05,1.0,1.0,7.69,10.52,3.0,3.0,23.08,31.57,3.0,3.0,23.08,31.57,0.0,0.0,0.0,0.0,1.0,1.0,7.69,10.52,0.0,0.0,0.0,0.0,4.0,4.0,30.77,42.09,2.0,2.0,15.38,21.05,2.0,2.0,15.38,21.05,2.0,2.0,15.38,21.05,0.0,0.0,0.0,0.0,0.0,0.0,0.0,0.0,1.0,1.0,7.69,10.52,61.54,38.46,23.08,91.2,3.0,3.0,23.08,3.42,3.42,0.83,0.93,1.0,0.5,1.0,0.32,1.0,0.0,1.0,0.2,15.38,0.0,0.0,7.69,1.0
29,林書緯,新北國王,5,24|29|10872|13029|14038,蘇士軒/林書緯/林彥廷/杰倫/飛米,1,12,13.0,205.26,3.42,03:25,205.26,3.42,03:25,8.0,8.0,61.54,84.19,5.0,5.0,38.46,52.62,3.0,3.0,23.08,31.57,2.0,2.0,15.38,21.05,1.0,1.0,7.69,10.52,1.0,1.0,7.69,10.52,2.0,2.0,15.38,21.05,1.0,1.0,7.69,10.52,3.0,3.0,23.08,31.57,3.0,3.0,23.08,31.57,0.0,0.0,0.0,0.0,1.0,1.0,7.69,10.52,0.0,0.0,0.0,0.0,4.0,4.0,30.77,42.09,2.0,2.0,15.38,21.05,2.0,2.0,15.38,21.05,2.0,2.0,15.38,21.05,0.0,0.0,0.0,0.0,0.0,0.0,0.0,0.0,1.0,1.0,7.69,10.52,61.54,38.46,23.08,91.2,3.0,3.0,23.08,3.42,3.42,0.83,0.93,1.0,0.5,1.0,0.32,1.0,0.0,1.0,0.2,15.38,0.0,0.0,7.69,1.0
10872,林彥廷,新北國王,3,24|10872|14038,蘇士軒/林彥廷/飛米,1,12,13.0,205.26,3.42,03:25,205.26,3.42,03:25,8.0,8.0,61.54,84.19,5.0,5.0,38.46,52.62,3.0,3.0,23.08,31.57,2.0,2.0,15.38,21.05,1.0,1.0,7.69,10.52,1.0,1.0,7.69,10.52,2.0,2.0,15.38,21.05,1.0,1.0,7.69,10.52,3.0,3.0,23.08,31.57,3.0,3.0,23.08,31.57,0.0,0.0,0.0,0.0,1.0,1.0,7.69,10.52,0.0,0.0,0.0,0.0,4.0,4.0,30.77,42.09,2.0,2.0,15.38,21.05,2.0,2.0,15.38,21.05,2.0,2.0,15.38,21.05,0.0,0.0,0.0,0.0,0.0,0.0,0.0,0.0,1.0,1.0,7.69,10.52,61.54,38.46,23.08,91.2,3.0,3.0,23.08,3.42,3.42,0.83,0.93,1.0,0.5,1.0,0.32,1.0,0.0,1.0,0.2,15.38,0.0,0.0,7.69,1.0
10872,林彥廷,新北國王,4,24|29|10872|14038,蘇士軒/林書緯/林彥廷/飛米,1,12,13.0,205.26,3.42,03:25,205.26,3.42,03:25,8.0,8.0,61.54,84.19,5.0,5.0,38.46,52.62,3.0,3.0,23.08,31.57,2.0,2.0,15.38,21.05,1.0,1.0,7.69,10.52,1.0,1.0,7.69,10.52,2.0,2.0,15.38,21.05,1.0,1.0,7.69,10.52,3.0,3.0,23.08,31.57,3.0,3.0,23.08,31.57,0.0,0.0,0.0,0.0,1.0,1.0,7.69,10.52,0.0,0.0,0.0,0.0,4.0,4.0,30.77,42.09,2.0,2.0,15.38,21.05,2.0,2.0,15.38,21.05,2.0,2.0,15.38,21.05,0.0,0.0,0.0,0.0,0.0,0.0,0.0,0.0,1.0,1.0,7.69,10.52,61.54,38.46,23.08,91.2,3.0,3.0,23.08,3.42,3.42,0.83,0.93,1.0,0.5,1.0,0.32,1.0,0.0,1.0,0.2,15.38,0.0,0.0,7.69,1.0
10872,林彥廷,新北國王,4,24|10872|13029|14038,蘇士軒/林彥廷/杰倫/飛米,1,12,13.0,205.26,3.42,03:25,205.26,3.42,03:25,8.0,8.0,61.54,84.19,5.0,5.0,38.46,52.62,3.0,3.0,23.08,31.57,2.0,2.0,15.38,21.05,1.0,1.0,7.69,10.52,1.0,1.0,7.69,10.52,2.0,2.0,15.38,21.05,1.0,1.0,7.69,10.52,3.0,3.0,23.08,31.57,3.0,3.0,23.08,31.57,0.0,0.0,0.0,0.0,1.0,1.0,7.69,10.52,0.0,0.0,0.0,0.0,4.0,4.0,30.77,42.09,2.0,2.0,15.38,21.05,2.0,2.0,15.38,21.05,2.0,2.0,15.38,21.05,0.0,0.0,0.0,0.0,0.0,0.0,0.0,0.0,1.0,1.0,7.69,10.52,61.54,38.46,23.08,91.2,3.0,3.0,23.08,3.42,3.42,0.83,0.93,1.0,0.5,1.0,0.32,1.0,0.0,1.0,0.2,15.38,0.0,0.0,7.69,1.0
10872,林彥廷,新北國王,5,24|29|10872|13029|14038,蘇士軒/林書緯/林彥廷/杰倫/飛米,1,12,13.0,205.26,3.42,03:25,205.26,3.42,03:25,8.0,8.0,61.54,84.19,5.0,5.0,38.46,52.62,3.0,3.0,23.08,31.57,2.0,2.0,15.38,21.05,1.0,1.0,7.69,10.52,1.0,1.0,7.69,10.52,2.0,2.0,15.38,21.05,1.0,1.0,7.69,10.52,3.0,3.0,23.08,31.57,3.0,3.0,23.08,31.57,0.0,0.0,0.0,0.0,1.0,1.0,7.69,10.52,0.0,0.0,0.0,0.0,4.0,4.0,30.77,42.09,2.0,2.0,15.38,21.05,2.0,2.0,15.38,21.05,2.0,2.0,15.38,21.05,0.0,0.0,0.0,0.0,0.0,0.0,0.0,0.0,1.0,1.0,7.69,10.52,61.54,38.46,23.08,91.2,3.0,3.0,23.08,3.42,3.42,0.83,0.93,1.0,0.5,1.0,0.32,1.0,0.0,1.0,0.2,15.38,0.0,0.0,7.69,1.0
13029,杰倫,新北國王,4,24|10872|13029|14038,蘇士軒/林彥廷/杰倫/飛米,1,12,13.0,205.26,3.42,03:25,205.26,3.42,03:25,8.0,8.0,61.54,84.19,5.0,5.0,38.46,52.62,3.0,3.0,23.08,31.57,2.0,2.0,15.38,21.05,1.0,1.0,7.69,10.52,1.0,1.0,7.69,10.52,2.0,2.0,15.38,21.05,1.0,1.0,7.69,10.52,3.0,3.0,23.08,31.57,3.0,3.0,23.08,31.57,0.0,0.0,0.0,0.0,1.0,1.0,7.69,10.52,0.0,0.0,0.0,0.0,4.0,4.0,30.77,42.09,2.0,2.0,15.38,21.05,2.0,2.0,15.38,21.05,2.0,2.0,15.38,21.05,0.0,0.0,0.0,0.0,0.0,0.0,0.0,0.0,1.0,1.0,7.69,10.52,61.54,38.46,23.08,91.2,3.0,3.0,23.08,3.42,3.42,0.83,0.93,1.0,0.5,1.0,0.32,1.0,0.0,1.0,0.2,15.38,0.0,0.0,7.69,1.0
13029,杰倫,新北國王,5,24|29|10872|13029|14038,蘇士軒/林書緯/林彥廷/杰倫/飛米,1,12,13.0,205.26,3.42,03:25,205.26,3.42,03:25,8.0,8.0,61.54,84.19,5.0,5.0,38.46,52.62,3.0,3.0,23.08,31.57,2.0,2.0,15.38,21.05,1.0,1.0,7.69,10.52,1.0,1.0,7.69,10.52,2.0,2.0,15.38,21.05,1.0,1.0,7.69,10.52,3.0,3.0,23.08,31.57,3.0,3.0,23.08,31.57,0.0,0.0,0.0,0.0,1.0,1.0,7.69,10.52,0.0,0.0,0.0,0.0,4.0,4.0,30.77,42.09,2.0,2.0,15.38,21.05,2.0,2.0,15.38,21.05,2.0,2.0,15.38,21.05,0.0,0.0,0.0,0.0,0.0,0.0,0.0,0.0,1.0,1.0,7.69,10.52,61.54,38.46,23.08,91.2,3.0,3.0,23.08,3.42,3.42,0.83,0.93,1.0,0.5,1.0,0.32,1.0,0.0,1.0,0.2,15.38,0.0,0.0,7.69,1.0
14038,飛米,新北國王,3,24|10872|14038,蘇士軒/林彥廷/飛米,1,12,13.0,205.26,3.42,03:25,205.26,3.42,03:25,8.0,8.0,61.54,84.19,5.0,5.0,38.46,52.62,3.0,3.0,23.08,31.57,2.0,2.0,15.38,21.05,1.0,1.0,7.69,10.52,1.0,1.0,7.69,10.52,2.0,2.0,15.38,21.05,1.0,1.0,7.69,10.52,3.0,3.0,23.08,31.57,3.0,3.0,23.08,31.57,0.0,0.0,0.0,0.0,1.0,1.0,7.69,10.52,0.0,0.0,0.0,0.0,4.0,4.0,30.77,42.09,2.0,2.0,15.38,21.05,2.0,2.0,15.38,21.05,2.0,2.0,15.38,21.05,0.0,0.0,0.0,0.0,0.0,0.0,0.0,0.0,1.0,1.0,7.69,10.52,61.54,38.46,23.08,91.2,3.0,3.0,23.08,3.42,3.42,0.83,0.93,1.0,0.5,1.0,0.32,1.0,0.0,1.0,0.2,15.38,0.0,0.0,7.69,1.0
14038,飛米,新北國王,4,24|29|10872|14038,蘇士軒/林書緯/林彥廷/飛米,1,12,13.0,205.26,3.42,03:25,205.26,3.42,03:25,8.0,8.0,61.54,84.19,5.0,5.0,38.46,52.62,3.0,3.0,23.08,31.57,2.0,2.0,15.38,21.05,1.0,1.0,7.69,10.52,1.0,1.0,7.69,10.52,2.0,2.0,15.38,21.05,1.0,1.0,7.69,10.52,3.0,3.0,23.08,31.57,3.0,3.0,23.08,31.57,0.0,0.0,0.0,0.0,1.0,1.0,7.69,10.52,0.0,0.0,0.0,0.0,4.0,4.0,30.77,42.09,2.0,2.0,15.38,21.05,2.0,2.0,15.38,21.05,2.0,2.0,15.38,21.05,0.0,0.0,0.0,0.0,0.0,0.0,0.0,0.0,1.0,1.0,7.69,10.52,61.54,38.46,23.08,91.2,3.0,3.0,23.08,3.42,3.42,0.83,0.93,1.0,0.5,1.0,0.32,1.0,0.0,1.0,0.2,15.38,0.0,0.0,7.69,1.0
14038,飛米,新北國王,4,24|10872|13029|14038,蘇士軒/林彥廷/杰倫/飛米,1,12,13.0,205.26,3.42,03:25,205.26,3.42,03:25,8.0,8.0,61.54,84.19,5.0,5.0,38.46,52.62,3.0,3.0,23.08,31.57,2.0,2.0,15.38,21.05,1.0,1.0,7.69,10.52,1.0,1.0,7.69,10.52,2.0,2.0,15.38,21.05,1.0,1.0,7.69,10.52,3.0,3.0,23.08,31.57,3.0,3.0,23.08,31.57,0.0,0.0,0.0,0.0,1.0,1.0,7.69,10.52,0.0,0.0,0.0,0.0,4.0,4.0,30.77,42.09,2.0,2.0,15.38,21.05,2.0,2.0,15.38,21.05,2.0,2.0,15.38,21.05,0.0,0.0,0.0,0.0,0.0,0.0,0.0,0.0,1.0,1.0,7.69,10.52,61.54,38.46,23.08,91.2,3.0,3.0,23.08,3.42,3.42,0.83,0.93,1.0,0.5,1.0,0.32,1.0,0.0,1.0,0.2,15.38,0.0,0.0,7.69,1.0
14038,飛米,新北國王,5,24|29|10872|13029|14038,蘇士軒/林書緯/林彥廷/杰倫/飛米,1,12,13.0,205.26,3.42,03:25,205.26,3.42,03:25,8.0,8.0,61.54,84.19,5.0,5.0,38.46,52.62,3.0,3.0,23.08,31.57,2.0,2.0,15.38,21.05,1.0,1.0,7.69,10.52,1.0,1.0,7.69,10.52,2.0,2.0,15.38,21.05,1.0,1.0,7.69,10.52,3.0,3.0,23.08,31.57,3.0,3.0,23.08,31.57,0.0,0.0,0.0,0.0,1.0,1.0,7.69,10.52,0.0,0.0,0.0,0.0,4.0,4.0,30.77,42.09,2.0,2.0,15.38,21.05,2.0,2.0,15.38,21.05,2.0,2.0,15.38,21.05,0.0,0.0,0.0,0.0,0.0,0.0,0.0,0.0,1.0,1.0,7.69,10.52,61.54,38.46,23.08,91.2,3.0,3.0,23.08,3.42,3.42,0.83,0.93,1.0,0.5,1.0,0.32,1.0,0.0,1.0,0.2,15.38,0.0,0.0,7.69,1.0
40,謝亞軒,新北中信特攻,4,40|113|10877|10879,謝亞軒/林任鴻/阿巴西/簡廷兆,1,2,2.0,47.15,0.79,00:47,47.15,0.79,00:47,0.0,0.0,0.0,0.0,0.0,0.0,0.0,0.0,0.0,0.0,0.0,0.0,0.0,0.0,0.0,0.0,0.0,0.0,0.0,0.0,0.0,0.0,0.0,0.0,0.0,0.0,0.0,0.0,0.0,0.0,0.0,0.0,2.0,2.0,100.0,91.62,2.0,2.0,100.0,91.62,0.0,0.0,0.0,0.0,0.0,0.0,0.0,0.0,0.0,0.0,0.0,0.0,0.0,0.0,0.0,0.0,1.0,1.0,50.0,45.81,0.0,0.0,0.0,0.0,0.0,0.0,0.0,0.0,0.0,0.0,0.0,0.0,0.0,0.0,0.0,0.0,0.0,0.0,0.0,0.0,0.0,0.0,0.0,61.08,0.0,0.0,0.0,0.79,0.79,,0.0,,,1.0,0.53,,,,,0.0,0.0,0.0,0.0,
40,謝亞軒,新北中信特攻,5,40|113|10877|10879|10881,謝亞軒/林任鴻/阿巴西/簡廷兆/飛克,1,2,2.0,47.15,0.79,00:47,47.15,0.79,00:47,0.0,0.0,0.0,0.0,0.0,0.0,0.0,0.0,0.0,0.0,0.0,0.0,0.0,0.0,0.0,0.0,0.0,0.0,0.0,0.0,0.0,0.0,0.0,0.0,0.0,0.0,0.0,0.0,0.0,0.0,0.0,0.0,2.0,2.0,100.0,91.62,2.0,2.0,100.0,91.62,0.0,0.0,0.0,0.0,0.0,0.0,0.0,0.0,0.0,0.0,0.0,0.0,0.0,0.0,0.0,0.0,1.0,1.0,50.0,45.81,0.0,0.0,0.0,0.0,0.0,0.0,0.0,0.0,0.0,0.0,0.0,0.0,0.0,0.0,0.0,0.0,0.0,0.0,0.0,0.0,0.0,0.0,0.0,61.08,0.0,0.0,0.0,0.79,0.79,,0.0,,,1.0,0.53,,,,,0.0,0.0,0.0,0.0,
113,林任鴻,新北中信特攻,3,113|10877|10879,林任鴻/阿巴西/簡廷兆,1,2,2.0,47.15,0.79,00:47,47.15,0.79,00:47,0.0,0.0,0.0,0.0,0.0,0.0,0.0,0.0,0.0,0.0,0.0,0.0,0.0,0.0,0.0,0.0,0.0,0.0,0.0,0.0,0.0,0.0,0.0,0.0,0.0,0.0,0.0,0.0,0.0,0.0,0.0,0.0,2.0,2.0,100.0,91.62,2.0,2.0,100.0,91.62,0.0,0.0,0.0,0.0,0.0,0.0,0.0,0.0,0.0,0.0,0.0,0.0,0.0,0.0,0.0,0.0,1.0,1.0,50.0,45.81,0.0,0.0,0.0,0.0,0.0,0.0,0.0,0.0,0.0,0.0,0.0,0.0,0.0,0.0,0.0,0.0,0.0,0.0,0.0,0.0,0.0,0.0,0.0,61.08,0.0,0.0,0.0,0.79,0.79,,0.0,,,1.0,0.53,,,,,0.0,0.0,0.0,0.0,
113,林任鴻,新北中信特攻,4,40|113|10877|10879,謝亞軒/林任鴻/阿巴西/簡廷兆,1,2,2.0,47.15,0.79,00:47,47.15,0.79,00:47,0.0,0.0,0.0,0.0,0.0,0.0,0.0,0.0,0.0,0.0,0.0,0.0,0.0,0.0,0.0,0.0,0.0,0.0,0.0,0.0,0.0,0.0,0.0,0.0,0.0,0.0,0.0,0.0,0.0,0.0,0.0,0.0,2.0,2.0,100.0,91.62,2.0,2.0,100.0,91.62,0.0,0.0,0.0,0.0,0.0,0.0,0.0,0.0,0.0,0.0,0.0,0.0,0.0,0.0,0.0,0.0,1.0,1.0,50.0,45.81,0.0,0.0,0.0,0.0,0.0,0.0,0.0,0.0,0.0,0.0,0.0,0.0,0.0,0.0,0.0,0.0,0.0,0.0,0.0,0.0,0.0,0.0,0.0,61.08,0.0,0.0,0.0,0.79,0.79,,0.0,,,1.0,0.53,,,,,0.0,0.0,0.0,0.0,
113,林任鴻,新北中信特攻,4,113|10877|10879|10881,林任鴻/阿巴西/簡廷兆/飛克,1,2,2.0,47.15,0.79,00:47,47.15,0.79,00:47,0.0,0.0,0.0,0.0,0.0,0.0,0.0,0.0,0.0,0.0,0.0,0.0,0.0,0.0,0.0,0.0,0.0,0.0,0.0,0.0,0.0,0.0,0.0,0.0,0.0,0.0,0.0,0.0,0.0,0.0,0.0,0.0,2.0,2.0,100.0,91.62,2.0,2.0,100.0,91.62,0.0,0.0,0.0,0.0,0.0,0.0,0.0,0.0,0.0,0.0,0.0,0.0,0.0,0.0,0.0,0.0,1.0,1.0,50.0,45.81,0.0,0.0,0.0,0.0,0.0,0.0,0.0,0.0,0.0,0.0,0.0,0.0,0.0,0.0,0.0,0.0,0.0,0.0,0.0,0.0,0.0,0.0,0.0,61.08,0.0,0.0,0.0,0.79,0.79,,0.0,,,1.0,0.53,,,,,0.0,0.0,0.0,0.0,
113,林任鴻,新北中信特攻,5,40|113|10877|10879|10881,謝亞軒/林任鴻/阿巴西/簡廷兆/飛克,1,2,2.0,47.15,0.79,00:47,47.15,0.79,00:47,0.0,0.0,0.0,0.0,0.0,0.0,0.0,0.0,0.0,0.0,0.0,0.0,0.0,0.0,0.0,0.0,0.0,0.0,0.0,0.0,0.0,0.0,0.0,0.0,0.0,0.0,0.0,0.0,0.0,0.0,0.0,0.0,2.0,2.0,100.0,91.62,2.0,2.0,100.0,91.62,0.0,0.0,0.0,0.0,0.0,0.0,0.0,0.0,0.0,0.0,0.0,0.0,0.0,0.0,0.0,0.0,1.0,1.0,50.0,45.81,0.0,0.0,0.0,0.0,0.0,0.0,0.0,0.0,0.0,0.0,0.0,0.0,0.0,0.0,0.0,0.0,0.0,0.0,0.0,0.0,0.0,0.0,0.0,61.08,0.0,0.0,0.0,0.79,0.79,,0.0,,,1.0,0.53,,,,,0.0,0.0,0.0,0.0,
10877,阿巴西,新北中信特攻,3,113|10877|10879,林任鴻/阿巴西/簡廷兆,1,2,2.0,47.15,0.79,00:47,47.15,0.79,00:47,0.0,0.0,0.0,0.0,0.0,0.0,0.0,0.0,0.0,0.0,0.0,0.0,0.0,0.0,0.0,0.0,0.0,0.0,0.0,0.0,0.0,0.0,0.0,0.0,0.0,0.0,0.0,0.0,0.0,0.0,0.0,0.0,2.0,2.0,100.0,91.62,2.0,2.0,100.0,91.62,0.0,0.0,0.0,0.0,0.0,0.0,0.0,0.0,0.0,0.0,0.0,0.0,0.0,0.0,0.0,0.0,1.0,1.0,50.0,45.81,0.0,0.0,0.0,0.0,0.0,0.0,0.0,0.0,0.0,0.0,0.0,0.0,0.0,0.0,0.0,0.0,0.0,0.0,0.0,0.0,0.0,0.0,0.0,61.08,0.0,0.0,0.0,0.79,0.79,,0.0,,,1.0,0.53,,,,,0.0,0.0,0.0,0.0,
10877,阿巴西,新北中信特攻,4,40|113|10877|10879,謝亞軒/林任鴻/阿巴西/簡廷兆,1,2,2.0,47.15,0.79,00:47,47.15,0.79,00:47,0.0,0.0,0.0,0.0,0.0,0.0,0.0,0.0,0.0,0.0,0.0,0.0,0.0,0.0,0.0,0.0,0.0,0.0,0.0,0.0,0.0,0.0,0.0,0.0,0.0,0.0,0.0,0.0,0.0,0.0,0.0,0.0,2.0,2.0,100.0,91.62,2.0,2.0,100.0,91.62,0.0,0.0,0.0,0.0,0.0,0.0,0.0,0.0,0.0,0.0,0.0,0.0,0.0,0.0,0.0,0.0,1.0,1.0,50.0,45.81,0.0,0.0,0.0,0.0,0.0,0.0,0.0,0.0,0.0,0.0,0.0,0.0,0.0,0.0,0.0,0.0,0.0,0.0,0.0,0.0,0.0,0.0,0.0,61.08,0.0,0.0,0.0,0.79,0.79,,0.0,,,1.0,0.53,,,,,0.0,0.0,0.0,0.0,
10877,阿巴西,新北中信特攻,4,113|10877|10879|10881,林任鴻/阿巴西/簡廷兆/飛克,1,2,2.0,47.15,0.79,00:47,47.15,0.79,00:47,0.0,0.0,0.0,0.0,0.0,0.0,0.0,0.0,0.0,0.0,0.0,0.0,0.0,0.0,0.0,0.0,0.0,0.0,0.0,0.0,0.0,0.0,0.0,0.0,0.0,0.0,0.0,0.0,0.0,0.0,0.0,0.0,2.0,2.0,100.0,91.62,2.0,2.0,100.0,91.62,0.0,0.0,0.0,0.0,0.0,0.0,0.0,0.0,0.0,0.0,0.0,0.0,0.0,0.0,0.0,0.0,1.0,1.0,50.0,45.81,0.0,0.0,0.0,0.0,0.0,0.0,0.0,0.0,0.0,0.0,0.0,0.0,0.0,0.0,0.0,0.0,0.0,0.0,0.0,0.0,0.0,0.0,0.0,61.08,0.0,0.0,0.0,0.79,0.79,,0.0,,,1.0,0.53,,,,,0.0,0.0,0.0,0.0,
10877,阿巴西,新北中信特攻,5,40|113|10877|10879|10881,謝亞軒/林任鴻/阿巴西/簡廷兆/飛克,1,2,2.0,47.15,0.79,00:47,47.15,0.79,00:47,0.0,0.0,0.0,0.0,0.0,0.0,0.0,0.0,0.0,0.0,0.0,0.0,0.0,0.0,0.0,0.0,0.0,0.0,0.0,0.0,0.0,0.0,0.0,0.0,0.0,0.0,0.0,0.0,0.0,0.0,0.0,0.0,2.0,2.0,100.0,91.62,2.0,2.0,100.0,91.62,0.0,0.0,0.0,0.0,0.0,0.0,0.0,0.0,0.0,0.0,0.0,0.0,0.0,0.0,0.0,0.0,1.0,1.0,50.0,45.81,0.0,0.0,0.0,0.0,0.0,0.0,0.0,0.0,0.0,0.0,0.0,0.0,0.0,0.0,0.0,0.0,0.0,0.0,0.0,0.0,0.0,0.0,0.0,61.08,0.0,0.0,0.0,0.79,0.79,,0.0,,,1.0,0.53,,,,,0.0,0.0,0.0,0.0,
10879,簡廷兆,新北中信特攻,3,113|10877|10879,林任鴻/阿巴西/簡廷兆,1,2,2.0,47.15,0.79,00:47,47.15,0.79,00:47,0.0,0.0,0.0,0.0,0.0,0.0,0.0,0.0,0.0,0.0,0.0,0.0,0.0,0.0,0.0,0.0,0.0,0.0,0.0,0.0,0.0,0.0,0.0,0.0,0.0,0.0,0.0,0.0,0.0,0.0,0.0,0.0,2.0,2.0,100.0,91.62,2.0,2.0,100.0,91.62,0.0,0.0,0.0,0.0,0.0,0.0,0.0,0.0,0.0,0.0,0.0,0.0,0.0,0.0,0.0,0.0,1.0,1.0,50.0,45.81,0.0,0.0,0.0,0.0,0.0,0.0,0.0,0.0,0.0,0.0,0.0,0.0,0.0,0.0,0.0,0.0,0.0,0.0,0.0,0.0,0.0,0.0,0.0,61.08,0.0,0.0,0.0,0.79,0.79,,0.0,,,1.0,0.53,,,,,0.0,0.0,0.0,0.0,
10879,簡廷兆,新北中信特攻,4,40|113|10877|10879,謝亞軒/林任鴻/阿巴西/簡廷兆,1,2,2.0,47.15,0.79,00:47,47.15,0.79,00:47,0.0,0.0,0.0,0.0,0.0,0.0,0.0,0.0,0.0,0.0,0.0,0.0,0.0,0.0,0.0,0.0,0.0,0.0,0.0,0.0,0.0,0.0,0.0,0.0,0.0,0.0,0.0,0.0,0.0,0.0,0.0,0.0,2.0,2.0,100.0,91.62,2.0,2.0,100.0,91.62,0.0,0.0,0.0,0.0,0.0,0.0,0.0,0.0,0.0,0.0,0.0,0.0,0.0,0.0,0.0,0.0,1.0,1.0,50.0,45.81,0.0,0.0,0.0,0.0,0.0,0.0,0.0,0.0,0.0,0.0,0.0,0.0,0.0,0.0,0.0,0.0,0.0,0.0,0.0,0.0,0.0,0.0,0.0,61.08,0.0,0.0,0.0,0.79,0.79,,0.0,,,1.0,0.53,,,,,0.0,0.0,0.0,0.0,
10879,簡廷兆,新北中信特攻,4,113|10877|10879|10881,林任鴻/阿巴西/簡廷兆/飛克,1,2,2.0,47.15,0.79,00:47,47.15,0.79,00:47,0.0,0.0,0.0,0.0,0.0,0.0,0.0,0.0,0.0,0.0,0.0,0.0,0.0,0.0,0.0,0.0,0.0,0.0,0.0,0.0,0.0,0.0,0.0,0.0,0.0,0.0,0.0,0.0,0.0,0.0,0.0,0.0,2.0,2.0,100.0,91.62,2.0,2.0,100.0,91.62,0.0,0.0,0.0,0.0,0.0,0.0,0.0,0.0,0.0,0.0,0.0,0.0,0.0,0.0,0.0,0.0,1.0,1.0,50.0,45.81,0.0,0.0,0.0,0.0,0.0,0.0,0.0,0.0,0.0,0.0,0.0,0.0,0.0,0.0,0.0,0.0,0.0,0.0,0.0,0.0,0.0,0.0,0.0,61.08,0.0,0.0,0.0,0.79,0.79,,0.0,,,1.0,0.53,,,,,0.0,0.0,0.0,0.0,
10879,簡廷兆,新北中信特攻,5,40|113|10877|10879|10881,謝亞軒/林任鴻/阿巴西/簡廷兆/飛克,1,2,2.0,47.15,0.79,00:47,47.15,0.79,00:47,0.0,0.0,0.0,0.0,0.0,0.0,0.0,0.0,0.0,0.0,0.0,0.0,0.0,0.0,0.0,0.0,0.0,0.0,0.0,0.0,0.0,0.0,0.0,0.0,0.0,0.0,0.0,0.0,0.0,0.0,0.0,0.0,2.0,2.0,100.0,91.62,2.0,2.0,100.0,91.62,0.0,0.0,0.0,0.0,0.0,0.0,0.0,0.0,0.0,0.0,0.0,0.0,0.0,0.0,0.0,0.0,1.0,1.0,50.0,45.81,0.0,0.0,0.0,0.0,0.0,0.0,0.0,0.0,0.0,0.0,0.0,0.0,0.0,0.0,0.0,0.0,0.0,0.0,0.0,0.0,0.0,0.0,0.0,61.08,0.0,0.0,0.0,0.79,0.79,,0.0,,,1.0,0.53,,,,,0.0,0.0,0.0,0.0,
10881,飛克,新北中信特攻,4,113|10877|10879|10881,林任鴻/阿巴西/簡廷兆/飛克,1,2,2.0,47.15,0.79,00:47,47.15,0.79,00:47,0.0,0.0,0.0,0.0,0.0,0.0,0.0,0.0,0.0,0.0,0.0,0.0,0.0,0.0,0.0,0.0,0.0,0.0,0.0,0.0,0.0,0.0,0.0,0.0,0.0,0.0,0.0,0.0,0.0,0.0,0.0,0.0,2.0,2.0,100.0,91.62,2.0,2.0,100.0,91.62,0.0,0.0,0.0,0.0,0.0,0.0,0.0,0.0,0.0,0.0,0.0,0.0,0.0,0.0,0.0,0.0,1.0,1.0,50.0,45.81,0.0,0.0,0.0,0.0,0.0,0.0,0.0,0.0,0.0,0.0,0.0,0.0,0.0,0.0,0.0,0.0,0.0,0.0,0.0,0.0,0.0,0.0,0.0,61.08,0.0,0.0,0.0,0.79,0.79,,0.0,,,1.0,0.53,,,,,0.0,0.0,0.0,0.0,
10881,飛克,新北中信特攻,5,40|113|10877|10879|10881,謝亞軒/林任鴻/阿巴西/簡廷兆/飛克,1,2,2.0,47.15,0.79,00:47,47.15,0.79,00:47,0.0,0.0,0.0,0.0,0.0,0.0,0.0,0.0,0.0,0.0,0.0,0.0,0.0,0.0,0.0,0.0,0.0,0.0,0.0,0.0,0.0,0.0,0.0,0.0,0.0,0.0,0.0,0.0,0.0,0.0,0.0,0.0,2.0,2.0,100.0,91.62,2.0,2.0,100.0,91.62,0.0,0.0,0.0,0.0,0.0,0.0,0.0,0.0,0.0,0.0,0.0,0.0,0.0,0.0,0.0,0.0,1.0,1.0,50.0,45.81,0.0,0.0,0.0,0.0,0.0,0.0,0.0,0.0,0.0,0.0,0.0,0.0,0.0,0.0,0.0,0.0,0.0,0.0,0.0,0.0,0.0,0.0,0.0,61.08,0.0,0.0,0.0,0.79,0.79,,0.0,,,1.0,0.53,,,,,0.0,0.0,0.0,0.0,
40,謝亞軒,新北中信特攻,3,40|43|113,謝亞軒/林韋翰/林任鴻,1,6,6.0,102.69,1.71,01:43,102.69,1.71,01:43,2.0,2.0,33.33,42.07,4.0,4.0,66.67,84.14,4.0,4.0,66.67,84.14,2.0,2.0,33.33,42.07,2.0,2.0,33.33,42.07,2.0,2.0,33.33,42.07,2.0,2.0,33.33,42.07,0.0,0.0,0.0,0.0,0.0,0.0,0.0,0.0,0.0,0.0,0.0,0.0,0.0,0.0,0.0,0.0,2.0,2.0,33.33,42.07,0.0,0.0,0.0,0.0,1.0,1.0,16.67,21.03,0.0,0.0,0.0,0.0,0.0,0.0,0.0,0.0,0.0,0.0,0.0,0.0,0.0,0.0,0.0,0.0,1.0,1.0,16.67,21.03,2.0,2.0,33.33,42.07,33.33,66.67,-33.33,84.14,-2.0,-2.0,-33.33,1.71,1.71,0.5,0.25,1.0,0.0,,0.0,0.0,0.0,1.0,0.67,0.0,0.0,0.17,33.33,0.0
40,謝亞軒,新北中信特攻,4,40|43|113|10877,謝亞軒/林韋翰/林任鴻/阿巴西,1,6,6.0,81.7,1.36,01:22,81.7,1.36,01:22,2.0,2.0,33.33,52.87,4.0,4.0,66.67,105.75,3.0,3.0,50.0,79.31,1.0,1.0,16.67,26.44,1.0,1.0,16.67,26.44,1.0,1.0,16.67,26.44,2.0,2.0,33.33,52.87,0.0,0.0,0.0,0.0,0.0,0.0,0.0,0.0,0.0,0.0,0.0,0.0,0.0,0.0,0.0,0.0,2.0,2.0,33.33,52.87,0.0,0.0,0.0,0.0,1.0,1.0,16.67,26.44,0.0,0.0,0.0,0.0,0.0,0.0,0.0,0.0,0.0,0.0,0.0,0.0,0.0,0.0,0.0,0.0,1.0,1.0,16.67,26.44,2.0,2.0,33.33,52.87,33.33,66.67,-33.33,105.75,-2.0,-2.0,-33.33,1.36,1.36,0.33,0.33,1.0,0.0,,0.0,0.0,0.0,1.0,0.67,0.0,0.0,0.17,33.33,0.0
40,謝亞軒,新北中信特攻,4,40|43|113|10881,謝亞軒/林韋翰/林任鴻/飛克,1,6,6.0,81.7,1.36,01:22,81.7,1.36,01:22,2.0,2.0,33.33,52.87,4.0,4.0,66.67,105.75,3.0,3.0,50.0,79.31,1.0,1.0,16.67,26.44,1.0,1.0,16.67,26.44,1.0,1.0,16.67,26.44,2.0,2.0,33.33,52.87,0.0,0.0,0.0,0.0,0.0,0.0,0.0,0.0,0.0,0.0,0.0,0.0,0.0,0.0,0.0,0.0,2.0,2.0,33.33,52.87,0.0,0.0,0.0,0.0,1.0,1.0,16.67,26.44,0.0,0.0,0.0,0.0,0.0,0.0,0.0,0.0,0.0,0.0,0.0,0.0,0.0,0.0,0.0,0.0,1.0,1.0,16.67,26.44,2.0,2.0,33.33,52.87,33.33,66.67,-33.33,105.75,-2.0,-2.0,-33.33,1.36,1.36,0.33,0.33,1.0,0.0,,0.0,0.0,0.0,1.0,0.67,0.0,0.0,0.17,33.33,0.0
40,謝亞軒,新北中信特攻,5,40|43|113|10877|10881,謝亞軒/林韋翰/林任鴻/阿巴西/飛克,1,6,6.0,81.7,1.36,01:22,81.7,1.36,01:22,2.0,2.0,33.33,52.87,4.0,4.0,66.67,105.75,3.0,3.0,50.0,79.31,1.0,1.0,16.67,26.44,1.0,1.0,16.67,26.44,1.0,1.0,16.67,26.44,2.0,2.0,33.33,52.87,0.0,0.0,0.0,0.0,0.0,0.0,0.0,0.0,0.0,0.0,0.0,0.0,0.0,0.0,0.0,0.0,2.0,2.0,33.33,52.87,0.0,0.0,0.0,0.0,1.0,1.0,16.67,26.44,0.0,0.0,0.0,0.0,0.0,0.0,0.0,0.0,0.0,0.0,0.0,0.0,0.0,0.0,0.0,0.0,1.0,1.0,16.67,26.44,2.0,2.0,33.33,52.87,33.33,66.67,-33.33,105.75,-2.0,-2.0,-33.33,1.36,1.36,0.33,0.33,1.0,0.0,,0.0,0.0,0.0,1.0,0.67,0.0,0.0,0.17,33.33,0.0
43,林韋翰,新北中信特攻,3,40|43|113,謝亞軒/林韋翰/林任鴻,1,6,6.0,102.69,1.71,01:43,102.69,1.71,01:43,2.0,2.0,33.33,42.07,4.0,4.0,66.67,84.14,4.0,4.0,66.67,84.14,2.0,2.0,33.33,42.07,2.0,2.0,33.33,42.07,2.0,2.0,33.33,42.07,2.0,2.0,33.33,42.07,0.0,0.0,0.0,0.0,0.0,0.0,0.0,0.0,0.0,0.0,0.0,0.0,0.0,0.0,0.0,0.0,2.0,2.0,33.33,42.07,0.0,0.0,0.0,0.0,1.0,1.0,16.67,21.03,0.0,0.0,0.0,0.0,0.0,0.0,0.0,0.0,0.0,0.0,0.0,0.0,0.0,0.0,0.0,0.0,1.0,1.0,16.67,21.03,2.0,2.0,33.33,42.07,33.33,66.67,-33.33,84.14,-2.0,-2.0,-33.33,1.71,1.71,0.5,0.25,1.0,0.0,,0.0,0.0,0.0,1.0,0.67,0.0,0.0,0.17,33.33,0.0
43,林韋翰,新北中信特攻,3,43|113|10877,林韋翰/林任鴻/阿巴西,1,6,6.0,81.7,1.36,01:22,81.7,1.36,01:22,2.0,2.0,33.33,52.87,4.0,4.0,66.67,105.75,3.0,3.0,50.0,79.31,1.0,1.0,16.67,26.44,1.0,1.0,16.67,26.44,1.0,1.0,16.67,26.44,2.0,2.0,33.33,52.87,0.0,0.0,0.0,0.0,0.0,0.0,0.0,0.0,0.0,0.0,0.0,0.0,0.0,0.0,0.0,0.0,2.0,2.0,33.33,52.87,0.0,0.0,0.0,0.0,1.0,1.0,16.67,26.44,0.0,0.0,0.0,0.0,0.0,0.0,0.0,0.0,0.0,0.0,0.0,0.0,0.0,0.0,0.0,0.0,1.0,1.0,16.67,26.44,2.0,2.0,33.33,52.87,33.33,66.67,-33.33,105.75,-2.0,-2.0,-33.33,1.36,1.36,0.33,0.33,1.0,0.0,,0.0,0.0,0.0,1.0,0.67,0.0,0.0,0.17,33.33,0.0
43,林韋翰,新北中信特攻,3,43|113|10881,林韋翰/林任鴻/飛克,1,6,6.0,81.7,1.36,01:22,81.7,1.36,01:22,2.0,2.0,33.33,52.87,4.0,4.0,66.67,105.75,3.0,3.0,50.0,79.31,1.0,1.0,16.67,26.44,1.0,1.0,16.67,26.44,1.0,1.0,16.67,26.44,2.0,2.0,33.33,52.87,0.0,0.0,0.0,0.0,0.0,0.0,0.0,0.0,0.0,0.0,0.0,0.0,0.0,0.0,0.0,0.0,2.0,2.0,33.33,52.87,0.0,0.0,0.0,0.0,1.0,1.0,16.67,26.44,0.0,0.0,0.0,0.0,0.0,0.0,0.0,0.0,0.0,0.0,0.0,0.0,0.0,0.0,0.0,0.0,1.0,1.0,16.67,26.44,2.0,2.0,33.33,52.87,33.33,66.67,-33.33,105.75,-2.0,-2.0,-33.33,1.36,1.36,0.33,0.33,1.0,0.0,,0.0,0.0,0.0,1.0,0.67,0.0,0.0,0.17,33.33,0.0
43,林韋翰,新北中信特攻,4,40|43|113|10877,謝亞軒/林韋翰/林任鴻/阿巴西,1,6,6.0,81.7,1.36,01:22,81.7,1.36,01:22,2.0,2.0,33.33,52.87,4.0,4.0,66.67,105.75,3.0,3.0,50.0,79.31,1.0,1.0,16.67,26.44,1.0,1.0,16.67,26.44,1.0,1.0,16.67,26.44,2.0,2.0,33.33,52.87,0.0,0.0,0.0,0.0,0.0,0.0,0.0,0.0,0.0,0.0,0.0,0.0,0.0,0.0,0.0,0.0,2.0,2.0,33.33,52.87,0.0,0.0,0.0,0.0,1.0,1.0,16.67,26.44,0.0,0.0,0.0,0.0,0.0,0.0,0.0,0.0,0.0,0.0,0.0,0.0,0.0,0.0,0.0,0.0,1.0,1.0,16.67,26.44,2.0,2.0,33.33,52.87,33.33,66.67,-33.33,105.75,-2.0,-2.0,-33.33,1.36,1.36,0.33,0.33,1.0,0.0,,0.0,0.0,0.0,1.0,0.67,0.0,0.0,0.17,33.33,0.0
43,林韋翰,新北中信特攻,4,40|43|113|10881,謝亞軒/林韋翰/林任鴻/飛克,1,6,6.0,81.7,1.36,01:22,81.7,1.36,01:22,2.0,2.0,33.33,52.87,4.0,4.0,66.67,105.75,3.0,3.0,50.0,79.31,1.0,1.0,16.67,26.44,1.0,1.0,16.67,26.44,1.0,1.0,16.67,26.44,2.0,2.0,33.33,52.87,0.0,0.0,0.0,0.0,0.0,0.0,0.0,0.0,0.0,0.0,0.0,0.0,0.0,0.0,0.0,0.0,2.0,2.0,33.33,52.87,0.0,0.0,0.0,0.0,1.0,1.0,16.67,26.44,0.0,0.0,0.0,0.0,0.0,0.0,0.0,0.0,0.0,0.0,0.0,0.0,0.0,0.0,0.0,0.0,1.0,1.0,16.67,26.44,2.0,2.0,33.33,52.87,33.33,66.67,-33.33,105.75,-2.0,-2.0,-33.33,1.36,1.36,0.33,0.33,1.0,0.0,,0.0,0.0,0.0,1.0,0.67,0.0,0.0,0.17,33.33,0.0
43,林韋翰,新北中信特攻,4,43|113|10877|10881,林韋翰/林任鴻/阿巴西/飛克,1,6,6.0,81.7,1.36,01:22,81.7,1.36,01:22,2.0,2.0,33.33,52.87,4.0,4.0,66.67,105.75,3.0,3.0,50.0,79.31,1.0,1.0,16.67,26.44,1.0,1.0,16.67,26.44,1.0,1.0,16.67,26.44,2.0,2.0,33.33,52.87,0.0,0.0,0.0,0.0,0.0,0.0,0.0,0.0,0.0,0.0,0.0,0.0,0.0,0.0,0.0,0.0,2.0,2.0,33.33,52.87,0.0,0.0,0.0,0.0,1.0,1.0,16.67,26.44,0.0,0.0,0.0,0.0,0.0,0.0,0.0,0.0,0.0,0.0,0.0,0.0,0.0,0.0,0.0,0.0,1.0,1.0,16.67,26.44,2.0,2.0,33.33,52.87,33.33,66.67,-33.33,105.75,-2.0,-2.0,-33.33,1.36,1.36,0.33,0.33,1.0,0.0,,0.0,0.0,0.0,1.0,0.67,0.0,0.0,0.17,33.33,0.0
43,林韋翰,新北中信特攻,5,40|43|113|10877|10881,謝亞軒/林韋翰/林任鴻/阿巴西/飛克,1,6,6.0,81.7,1.36,01:22,81.7,1.36,01:22,2.0,2.0,33.33,52.87,4.0,4.0,66.67,105.75,3.0,3.0,50.0,79.31,1.0,1.0,16.67,26.44,1.0,1.0,16.67,26.44,1.0,1.0,16.67,26.44,2.0,2.0,33.33,52.87,0.0,0.0,0.0,0.0,0.0,0.0,0.0,0.0,0.0,0.0,0.0,0.0,0.0,0.0,0.0,0.0,2.0,2.0,33.33,52.87,0.0,0.0,0.0,0.0,1.0,1.0,16.67,26.44,0.0,0.0,0.0,0.0,0.0,0.0,0.0,0.0,0.0,0.0,0.0,0.0,0.0,0.0,0.0,0.0,1.0,1.0,16.67,26.44,2.0,2.0,33.33,52.87,33.33,66.67,-33.33,105.75,-2.0,-2.0,-33.33,1.36,1.36,0.33,0.33,1.0,0.0,,0.0,0.0,0.0,1.0,0.67,0.0,0.0,0.17,33.33,0.0
113,林任鴻,新北中信特攻,3,40|43|113,謝亞軒/林韋翰/林任鴻,1,6,6.0,102.69,1.71,01:43,102.69,1.71,01:43,2.0,2.0,33.33,42.07,4.0,4.0,66.67,84.14,4.0,4.0,66.67,84.14,2.0,2.0,33.33,42.07,2.0,2.0,33.33,42.07,2.0,2.0,33.33,42.07,2.0,2.0,33.33,42.07,0.0,0.0,0.0,0.0,0.0,0.0,0.0,0.0,0.0,0.0,0.0,0.0,0.0,0.0,0.0,0.0,2.0,2.0,33.33,42.07,0.0,0.0,0.0,0.0,1.0,1.0,16.67,21.03,0.0,0.0,0.0,0.0,0.0,0.0,0.0,0.0,0.0,0.0,0.0,0.0,0.0,0.0,0.0,0.0,1.0,1.0,16.67,21.03,2.0,2.0,33.33,42.07,33.33,66.67,-33.33,84.14,-2.0,-2.0,-33.33,1.71,1.71,0.5,0.25,1.0,0.0,,0.0,0.0,0.0,1.0,0.67,0.0,0.0,0.17,33.33,0.0
113,林任鴻,新北中信特攻,3,43|113|10877,林韋翰/林任鴻/阿巴西,1,6,6.0,81.7,1.36,01:22,81.7,1.36,01:22,2.0,2.0,33.33,52.87,4.0,4.0,66.67,105.75,3.0,3.0,50.0,79.31,1.0,1.0,16.67,26.44,1.0,1.0,16.67,26.44,1.0,1.0,16.67,26.44,2.0,2.0,33.33,52.87,0.0,0.0,0.0,0.0,0.0,0.0,0.0,0.0,0.0,0.0,0.0,0.0,0.0,0.0,0.0,0.0,2.0,2.0,33.33,52.87,0.0,0.0,0.0,0.0,1.0,1.0,16.67,26.44,0.0,0.0,0.0,0.0,0.0,0.0,0.0,0.0,0.0,0.0,0.0,0.0,0.0,0.0,0.0,0.0,1.0,1.0,16.67,26.44,2.0,2.0,33.33,52.87,33.33,66.67,-33.33,105.75,-2.0,-2.0,-33.33,1.36,1.36,0.33,0.33,1.0,0.0,,0.0,0.0,0.0,1.0,0.67,0.0,0.0,0.17,33.33,0.0
113,林任鴻,新北中信特攻,3,43|113|10881,林韋翰/林任鴻/飛克,1,6,6.0,81.7,1.36,01:22,81.7,1.36,01:22,2.0,2.0,33.33,52.87,4.0,4.0,66.67,105.75,3.0,3.0,50.0,79.31,1.0,1.0,16.67,26.44,1.0,1.0,16.67,26.44,1.0,1.0,16.67,26.44,2.0,2.0,33.33,52.87,0.0,0.0,0.0,0.0,0.0,0.0,0.0,0.0,0.0,0.0,0.0,0.0,0.0,0.0,0.0,0.0,2.0,2.0,33.33,52.87,0.0,0.0,0.0,0.0,1.0,1.0,16.67,26.44,0.0,0.0,0.0,0.0,0.0,0.0,0.0,0.0,0.0,0.0,0.0,0.0,0.0,0.0,0.0,0.0,1.0,1.0,16.67,26.44,2.0,2.0,33.33,52.87,33.33,66.67,-33.33,105.75,-2.0,-2.0,-33.33,1.36,1.36,0.33,0.33,1.0,0.0,,0.0,0.0,0.0,1.0,0.67,0.0,0.0,0.17,33.33,0.0
113,林任鴻,新北中信特攻,4,40|43|113|10877,謝亞軒/林韋翰/林任鴻/阿巴西,1,6,6.0,81.7,1.36,01:22,81.7,1.36,01:22,2.0,2.0,33.33,52.87,4.0,4.0,66.67,105.75,3.0,3.0,50.0,79.31,1.0,1.0,16.67,26.44,1.0,1.0,16.67,26.44,1.0,1.0,16.67,26.44,2.0,2.0,33.33,52.87,0.0,0.0,0.0,0.0,0.0,0.0,0.0,0.0,0.0,0.0,0.0,0.0,0.0,0.0,0.0,0.0,2.0,2.0,33.33,52.87,0.0,0.0,0.0,0.0,1.0,1.0,16.67,26.44,0.0,0.0,0.0,0.0,0.0,0.0,0.0,0.0,0.0,0.0,0.0,0.0,0.0,0.0,0.0,0.0,1.0,1.0,16.67,26.44,2.0,2.0,33.33,52.87,33.33,66.67,-33.33,105.75,-2.0,-2.0,-33.33,1.36,1.36,0.33,0.33,1.0,0.0,,0.0,0.0,0.0,1.0,0.67,0.0,0.0,0.17,33.33,0.0
113,林任鴻,新北中信特攻,4,40|43|113|10881,謝亞軒/林韋翰/林任鴻/飛克,1,6,6.0,81.7,1.36,01:22,81.7,1.36,01:22,2.0,2.0,33.33,52.87,4.0,4.0,66.67,105.75,3.0,3.0,50.0,79.31,1.0,1.0,16.67,26.44,1.0,1.0,16.67,26.44,1.0,1.0,16.67,26.44,2.0,2.0,33.33,52.87,0.0,0.0,0.0,0.0,0.0,0.0,0.0,0.0,0.0,0.0,0.0,0.0,0.0,0.0,0.0,0.0,2.0,2.0,33.33,52.87,0.0,0.0,0.0,0.0,1.0,1.0,16.67,26.44,0.0,0.0,0.0,0.0,0.0,0.0,0.0,0.0,0.0,0.0,0.0,0.0,0.0,0.0,0.0,0.0,1.0,1.0,16.67,26.44,2.0,2.0,33.33,52.87,33.33,66.67,-33.33,105.75,-2.0,-2.0,-33.33,1.36,1.36,0.33,0.33,1.0,0.0,,0.0,0.0,0.0,1.0,0.67,0.0,0.0,0.17,33.33,0.0
113,林任鴻,新北中信特攻,4,43|113|10877|10881,林韋翰/林任鴻/阿巴西/飛克,1,6,6.0,81.7,1.36,01:22,81.7,1.36,01:22,2.0,2.0,33.33,52.87,4.0,4.0,66.67,105.75,3.0,3.0,50.0,79.31,1.0,1.0,16.67,26.44,1.0,1.0,16.67,26.44,1.0,1.0,16.67,26.44,2.0,2.0,33.33,52.87,0.0,0.0,0.0,0.0,0.0,0.0,0.0,0.0,0.0,0.0,0.0,0.0,0.0,0.0,0.0,0.0,2.0,2.0,33.33,52.87,0.0,0.0,0.0,0.0,1.0,1.0,16.67,26.44,0.0,0.0,0.0,0.0,0.0,0.0,0.0,0.0,0.0,0.0,0.0,0.0,0.0,0.0,0.0,0.0,1.0,1.0,16.67,26.44,2.0,2.0,33.33,52.87,33.33,66.67,-33.33,105.75,-2.0,-2.0,-33.33,1.36,1.36,0.33,0.33,1.0,0.0,,0.0,0.0,0.0,1.0,0.67,0.0,0.0,0.17,33.33,0.0
113,林任鴻,新北中信特攻,5,40|43|113|10877|10881,謝亞軒/林韋翰/林任鴻/阿巴西/飛克,1,6,6.0,81.7,1.36,01:22,81.7,1.36,01:22,2.0,2.0,33.33,52.87,4.0,4.0,66.67,105.75,3.0,3.0,50.0,79.31,1.0,1.0,16.67,26.44,1.0,1.0,16.67,26.44,1.0,1.0,16.67,26.44,2.0,2.0,33.33,52.87,0.0,0.0,0.0,0.0,0.0,0.0,0.0,0.0,0.0,0.0,0.0,0.0,0.0,0.0,0.0,0.0,2.0,2.0,33.33,52.87,0.0,0.0,0.0,0.0,1.0,1.0,16.67,26.44,0.0,0.0,0.0,0.0,0.0,0.0,0.0,0.0,0.0,0.0,0.0,0.0,0.0,0.0,0.0,0.0,1.0,1.0,16.67,26.44,2.0,2.0,33.33,52.87,33.33,66.67,-33.33,105.75,-2.0,-2.0,-33.33,1.36,1.36,0.33,0.33,1.0,0.0,,0.0,0.0,0.0,1.0,0.67,0.0,0.0,0.17,33.33,0.0
10877,阿巴西,新北中信特攻,3,43|113|10877,林韋翰/林任鴻/阿巴西,1,6,6.0,81.7,1.36,01:22,81.7,1.36,01:22,2.0,2.0,33.33,52.87,4.0,4.0,66.67,105.75,3.0,3.0,50.0,79.31,1.0,1.0,16.67,26.44,1.0,1.0,16.67,26.44,1.0,1.0,16.67,26.44,2.0,2.0,33.33,52.87,0.0,0.0,0.0,0.0,0.0,0.0,0.0,0.0,0.0,0.0,0.0,0.0,0.0,0.0,0.0,0.0,2.0,2.0,33.33,52.87,0.0,0.0,0.0,0.0,1.0,1.0,16.67,26.44,0.0,0.0,0.0,0.0,0.0,0.0,0.0,0.0,0.0,0.0,0.0,0.0,0.0,0.0,0.0,0.0,1.0,1.0,16.67,26.44,2.0,2.0,33.33,52.87,33.33,66.67,-33.33,105.75,-2.0,-2.0,-33.33,1.36,1.36,0.33,0.33,1.0,0.0,,0.0,0.0,0.0,1.0,0.67,0.0,0.0,0.17,33.33,0.0
10877,阿巴西,新北中信特攻,4,40|43|113|10877,謝亞軒/林韋翰/林任鴻/阿巴西,1,6,6.0,81.7,1.36,01:22,81.7,1.36,01:22,2.0,2.0,33.33,52.87,4.0,4.0,66.67,105.75,3.0,3.0,50.0,79.31,1.0,1.0,16.67,26.44,1.0,1.0,16.67,26.44,1.0,1.0,16.67,26.44,2.0,2.0,33.33,52.87,0.0,0.0,0.0,0.0,0.0,0.0,0.0,0.0,0.0,0.0,0.0,0.0,0.0,0.0,0.0,0.0,2.0,2.0,33.33,52.87,0.0,0.0,0.0,0.0,1.0,1.0,16.67,26.44,0.0,0.0,0.0,0.0,0.0,0.0,0.0,0.0,0.0,0.0,0.0,0.0,0.0,0.0,0.0,0.0,1.0,1.0,16.67,26.44,2.0,2.0,33.33,52.87,33.33,66.67,-33.33,105.75,-2.0,-2.0,-33.33,1.36,1.36,0.33,0.33,1.0,0.0,,0.0,0.0,0.0,1.0,0.67,0.0,0.0,0.17,33.33,0.0
10877,阿巴西,新北中信特攻,4,43|113|10877|10881,林韋翰/林任鴻/阿巴西/飛克,1,6,6.0,81.7,1.36,01:22,81.7,1.36,01:22,2.0,2.0,33.33,52.87,4.0,4.0,66.67,105.75,3.0,3.0,50.0,79.31,1.0,1.0,16.67,26.44,1.0,1.0,16.67,26.44,1.0,1.0,16.67,26.44,2.0,2.0,33.33,52.87,0.0,0.0,0.0,0.0,0.0,0.0,0.0,0.0,0.0,0.0,0.0,0.0,0.0,0.0,0.0,0.0,2.0,2.0,33.33,52.87,0.0,0.0,0.0,0.0,1.0,1.0,16.67,26.44,0.0,0.0,0.0,0.0,0.0,0.0,0.0,0.0,0.0,0.0,0.0,0.0,0.0,0.0,0.0,0.0,1.0,1.0,16.67,26.44,2.0,2.0,33.33,52.87,33.33,66.67,-33.33,105.75,-2.0,-2.0,-33.33,1.36,1.36,0.33,0.33,1.0,0.0,,0.0,0.0,0.0,1.0,0.67,0.0,0.0,0.17,33.33,0.0
10877,阿巴西,新北中信特攻,5,40|43|113|10877|10881,謝亞軒/林韋翰/林任鴻/阿巴西/飛克,1,6,6.0,81.7,1.36,01:22,81.7,1.36,01:22,2.0,2.0,33.33,52.87,4.0,4.0,66.67,105.75,3.0,3.0,50.0,79.31,1.0,1.0,16.67,26.44,1.0,1.0,16.67,26.44,1.0,1.0,16.67,26.44,2.0,2.0,33.33,52.87,0.0,0.0,0.0,0.0,0.0,0.0,0.0,0.0,0.0,0.0,0.0,0.0,0.0,0.0,0.0,0.0,2.0,2.0,33.33,52.87,0.0,0.0,0.0,0.0,1.0,1.0,16.67,26.44,0.0,0.0,0.0,0.0,0.0,0.0,0.0,0.0,0.0,0.0,0.0,0.0,0.0,0.0,0.0,0.0,1.0,1.0,16.67,26.44,2.0,2.0,33.33,52.87,33.33,66.67,-33.33,105.75,-2.0,-2.0,-33.33,1.36,1.36,0.33,0.33,1.0,0.0,,0.0,0.0,0.0,1.0,0.67,0.0,0.0,0.17,33.33,0.0
10881,飛克,新北中信特攻,3,43|113|10881,林韋翰/林任鴻/飛克,1,6,6.0,81.7,1.36,01:22,81.7,1.36,01:22,2.0,2.0,33.33,52.87,4.0,4.0,66.67,105.75,3.0,3.0,50.0,79.31,1.0,1.0,16.67,26.44,1.0,1.0,16.67,26.44,1.0,1.0,16.67,26.44,2.0,2.0,33.33,52.87,0.0,0.0,0.0,0.0,0.0,0.0,0.0,0.0,0.0,0.0,0.0,0.0,0.0,0.0,0.0,0.0,2.0,2.0,33.33,52.87,0.0,0.0,0.0,0.0,1.0,1.0,16.67,26.44,0.0,0.0,0.0,0.0,0.0,0.0,0.0,0.0,0.0,0.0,0.0,0.0,0.0,0.0,0.0,0.0,1.0,1.0,16.67,26.44,2.0,2.0,33.33,52.87,33.33,66.67,-33.33,105.75,-2.0,-2.0,-33.33,1.36,1.36,0.33,0.33,1.0,0.0,,0.0,0.0,0.0,1.0,0.67,0.0,0.0,0.17,33.33,0.0
10881,飛克,新北中信特攻,4,40|43|113|10881,謝亞軒/林韋翰/林任鴻/飛克,1,6,6.0,81.7,1.36,01:22,81.7,1.36,01:22,2.0,2.0,33.33,52.87,4.0,4.0,66.67,105.75,3.0,3.0,50.0,79.31,1.0,1.0,16.67,26.44,1.0,1.0,16.67,26.44,1.0,1.0,16.67,26.44,2.0,2.0,33.33,52.87,0.0,0.0,0.0,0.0,0.0,0.0,0.0,0.0,0.0,0.0,0.0,0.0,0.0,0.0,0.0,0.0,2.0,2.0,33.33,52.87,0.0,0.0,0.0,0.0,1.0,1.0,16.67,26.44,0.0,0.0,0.0,0.0,0.0,0.0,0.0,0.0,0.0,0.0,0.0,0.0,0.0,0.0,0.0,0.0,1.0,1.0,16.67,26.44,2.0,2.0,33.33,52.87,33.33,66.67,-33.33,105.75,-2.0,-2.0,-33.33,1.36,1.36,0.33,0.33,1.0,0.0,,0.0,0.0,0.0,1.0,0.67,0.0,0.0,0.17,33.33,0.0
10881,飛克,新北中信特攻,4,43|113|10877|10881,林韋翰/林任鴻/阿巴西/飛克,1,6,6.0,81.7,1.36,01:22,81.7,1.36,01:22,2.0,2.0,33.33,52.87,4.0,4.0,66.67,105.75,3.0,3.0,50.0,79.31,1.0,1.0,16.67,26.44,1.0,1.0,16.67,26.44,1.0,1.0,16.67,26.44,2.0,2.0,33.33,52.87,0.0,0.0,0.0,0.0,0.0,0.0,0.0,0.0,0.0,0.0,0.0,0.0,0.0,0.0,0.0,0.0,2.0,2.0,33.33,52.87,0.0,0.0,0.0,0.0,1.0,1.0,16.67,26.44,0.0,0.0,0.0,0.0,0.0,0.0,0.0,0.0,0.0,0.0,0.0,0.0,0.0,0.0,0.0,0.0,1.0,1.0,16.67,26.44,2.0,2.0,33.33,52.87,33.33,66.67,-33.33,105.75,-2.0,-2.0,-33.33,1.36,1.36,0.33,0.33,1.0,0.0,,0.0,0.0,0.0,1.0,0.67,0.0,0.0,0.17,33.33,0.0
10881,飛克,新北中信特攻,5,40|43|113|10877|10881,謝亞軒/林韋翰/林任鴻/阿巴西/飛克,1,6,6.0,81.7,1.36,01:22,81.7,1.36,01:22,2.0,2.0,33.33,52.87,4.0,4.0,66.67,105.75,3.0,3.0,50.0,79.31,1.0,1.0,16.67,26.44,1.0,1.0,16.67,26.44,1.0,1.0,16.67,26.44,2.0,2.0,33.33,52.87,0.0,0.0,0.0,0.0,0.0,0.0,0.0,0.0,0.0,0.0,0.0,0.0,0.0,0.0,0.0,0.0,2.0,2.0,33.33,52.87,0.0,0.0,0.0,0.0,1.0,1.0,16.67,26.44,0.0,0.0,0.0,0.0,0.0,0.0,0.0,0.0,0.0,0.0,0.0,0.0,0.0,0.0,0.0,0.0,1.0,1.0,16.67,26.44,2.0,2.0,33.33,52.87,33.33,66.67,-33.33,105.75,-2.0,-2.0,-33.33,1.36,1.36,0.33,0.33,1.0,0.0,,0.0,0.0,0.0,1.0,0.67,0.0,0.0,0.17,33.33,0.0
21,李愷諺,新北國王,4,21|32|10872|13029,李愷諺/奧帝/林彥廷/杰倫,1,5,6.0,72.45,1.21,01:12,72.45,1.21,01:12,2.0,2.0,33.33,59.62,3.0,3.0,50.0,89.44,2.0,2.0,33.33,59.62,0.0,0.0,0.0,0.0,1.0,1.0,16.67,29.81,0.0,0.0,0.0,0.0,1.0,1.0,16.67,29.81,0.0,0.0,0.0,0.0,2.0,2.0,33.33,59.62,2.0,2.0,33.33,59.62,1.0,1.0,16.67,29.81,1.0,1.0,16.67,29.81,0.0,0.0,0.0,0.0,1.0,1.0,16.67,29.81,0.0,0.0,0.0,0.0,0.0,0.0,0.0,0.0,0.0,0.0,0.0,0.0,0.0,0.0,0.0,0.0,1.0,1.0,16.67,29.81,1.0,1.0,16.67,29.81,33.33,50.0,-16.67,119.25,-1.0,-1.0,-16.67,1.21,1.21,0.0,0.35,0.0,0.0,1.0,0.0,,0.5,1.0,0.67,0.0,0.0,0.17,16.67,1.0
21,李愷諺,新北國王,5,21|29|32|10872|13029,李愷諺/林書緯/奧帝/林彥廷/杰倫,1,5,6.0,72.45,1.21,01:12,72.45,1.21,01:12,2.0,2.0,33.33,59.62,3.0,3.0,50.0,89.44,2.0,2.0,33.33,59.62,0.0,0.0,0.0,0.0,1.0,1.0,16.67,29.81,0.0,0.0,0.0,0.0,1.0,1.0,16.67,29.81,0.0,0.0,0.0,0.0,2.0,2.0,33.33,59.62,2.0,2.0,33.33,59.62,1.0,1.0,16.67,29.81,1.0,1.0,16.67,29.81,0.0,0.0,0.0,0.0,1.0,1.0,16.67,29.81,0.0,0.0,0.0,0.0,0.0,0.0,0.0,0.0,0.0,0.0,0.0,0.0,0.0,0.0,0.0,0.0,1.0,1.0,16.67,29.81,1.0,1.0,16.67,29.81,33.33,50.0,-16.67,119.25,-1.0,-1.0,-16.67,1.21,1.21,0.0,0.35,0.0,0.0,1.0,0.0,,0.5,1.0,0.67,0.0,0.0,0.17,16.67,1.0
29,林書緯,新北國王,5,21|29|32|10872|13029,李愷諺/林書緯/奧帝/林彥廷/杰倫,1,5,6.0,72.45,1.21,01:12,72.45,1.21,01:12,2.0,2.0,33.33,59.62,3.0,3.0,50.0,89.44,2.0,2.0,33.33,59.62,0.0,0.0,0.0,0.0,1.0,1.0,16.67,29.81,0.0,0.0,0.0,0.0,1.0,1.0,16.67,29.81,0.0,0.0,0.0,0.0,2.0,2.0,33.33,59.62,2.0,2.0,33.33,59.62,1.0,1.0,16.67,29.81,1.0,1.0,16.67,29.81,0.0,0.0,0.0,0.0,1.0,1.0,16.67,29.81,0.0,0.0,0.0,0.0,0.0,0.0,0.0,0.0,0.0,0.0,0.0,0.0,0.0,0.0,0.0,0.0,1.0,1.0,16.67,29.81,1.0,1.0,16.67,29.81,33.33,50.0,-16.67,119.25,-1.0,-1.0,-16.67,1.21,1.21,0.0,0.35,0.0,0.0,1.0,0.0,,0.5,1.0,0.67,0.0,0.0,0.17,16.67,1.0
32,奧帝,新北國王,4,21|32|10872|13029,李愷諺/奧帝/林彥廷/杰倫,1,5,6.0,72.45,1.21,01:12,72.45,1.21,01:12,2.0,2.0,33.33,59.62,3.0,3.0,50.0,89.44,2.0,2.0,33.33,59.62,0.0,0.0,0.0,0.0,1.0,1.0,16.67,29.81,0.0,0.0,0.0,0.0,1.0,1.0,16.67,29.81,0.0,0.0,0.0,0.0,2.0,2.0,33.33,59.62,2.0,2.0,33.33,59.62,1.0,1.0,16.67,29.81,1.0,1.0,16.67,29.81,0.0,0.0,0.0,0.0,1.0,1.0,16.67,29.81,0.0,0.0,0.0,0.0,0.0,0.0,0.0,0.0,0.0,0.0,0.0,0.0,0.0,0.0,0.0,0.0,1.0,1.0,16.67,29.81,1.0,1.0,16.67,29.81,33.33,50.0,-16.67,119.25,-1.0,-1.0,-16.67,1.21,1.21,0.0,0.35,0.0,0.0,1.0,0.0,,0.5,1.0,0.67,0.0,0.0,0.17,16.67,1.0
32,奧帝,新北國王,5,21|29|32|10872|13029,李愷諺/林書緯/奧帝/林彥廷/杰倫,1,5,6.0,72.45,1.21,01:12,72.45,1.21,01:12,2.0,2.0,33.33,59.62,3.0,3.0,50.0,89.44,2.0,2.0,33.33,59.62,0.0,0.0,0.0,0.0,1.0,1.0,16.67,29.81,0.0,0.0,0.0,0.0,1.0,1.0,16.67,29.81,0.0,0.0,0.0,0.0,2.0,2.0,33.33,59.62,2.0,2.0,33.33,59.62,1.0,1.0,16.67,29.81,1.0,1.0,16.67,29.81,0.0,0.0,0.0,0.0,1.0,1.0,16.67,29.81,0.0,0.0,0.0,0.0,0.0,0.0,0.0,0.0,0.0,0.0,0.0,0.0,0.0,0.0,0.0,0.0,1.0,1.0,16.67,29.81,1.0,1.0,16.67,29.81,33.33,50.0,-16.67,119.25,-1.0,-1.0,-16.67,1.21,1.21,0.0,0.35,0.0,0.0,1.0,0.0,,0.5,1.0,0.67,0.0,0.0,0.17,16.67,1.0
10872,林彥廷,新北國王,4,21|32|10872|13029,李愷諺/奧帝/林彥廷/杰倫,1,5,6.0,72.45,1.21,01:12,72.45,1.21,01:12,2.0,2.0,33.33,59.62,3.0,3.0,50.0,89.44,2.0,2.0,33.33,59.62,0.0,0.0,0.0,0.0,1.0,1.0,16.67,29.81,0.0,0.0,0.0,0.0,1.0,1.0,16.67,29.81,0.0,0.0,0.0,0.0,2.0,2.0,33.33,59.62,2.0,2.0,33.33,59.62,1.0,1.0,16.67,29.81,1.0,1.0,16.67,29.81,0.0,0.0,0.0,0.0,1.0,1.0,16.67,29.81,0.0,0.0,0.0,0.0,0.0,0.0,0.0,0.0,0.0,0.0,0.0,0.0,0.0,0.0,0.0,0.0,1.0,1.0,16.67,29.81,1.0,1.0,16.67,29.81,33.33,50.0,-16.67,119.25,-1.0,-1.0,-16.67,1.21,1.21,0.0,0.35,0.0,0.0,1.0,0.0,,0.5,1.0,0.67,0.0,0.0,0.17,16.67,1.0
10872,林彥廷,新北國王,5,21|29|32|10872|13029,李愷諺/林書緯/奧帝/林彥廷/杰倫,1,5,6.0,72.45,1.21,01:12,72.45,1.21,01:12,2.0,2.0,33.33,59.62,3.0,3.0,50.0,89.44,2.0,2.0,33.33,59.62,0.0,0.0,0.0,0.0,1.0,1.0,16.67,29.81,0.0,0.0,0.0,0.0,1.0,1.0,16.67,29.81,0.0,0.0,0.0,0.0,2.0,2.0,33.33,59.62,2.0,2.0,33.33,59.62,1.0,1.0,16.67,29.81,1.0,1.0,16.67,29.81,0.0,0.0,0.0,0.0,1.0,1.0,16.67,29.81,0.0,0.0,0.0,0.0,0.0,0.0,0.0,0.0,0.0,0.0,0.0,0.0,0.0,0.0,0.0,0.0,1.0,1.0,16.67,29.81,1.0,1.0,16.67,29.81,33.33,50.0,-16.67,119.25,-1.0,-1.0,-16.67,1.21,1.21,0.0,0.35,0.0,0.0,1.0,0.0,,0.5,1.0,0.67,0.0,0.0,0.17,16.67,1.0
13029,杰倫,新北國王,4,21|32|10872|13029,李愷諺/奧帝/林彥廷/杰倫,1,5,6.0,72.45,1.21,01:12,72.45,1.21,01:12,2.0,2.0,33.33,59.62,3.0,3.0,50.0,89.44,2.0,2.0,33.33,59.62,0.0,0.0,0.0,0.0,1.0,1.0,16.67,29.81,0.0,0.0,0.0,0.0,1.0,1.0,16.67,29.81,0.0,0.0,0.0,0.0,2.0,2.0,33.33,59.62,2.0,2.0,33.33,59.62,1.0,1.0,16.67,29.81,1.0,1.0,16.67,29.81,0.0,0.0,0.0,0.0,1.0,1.0,16.67,29.81,0.0,0.0,0.0,0.0,0.0,0.0,0.0,0.0,0.0,0.0,0.0,0.0,0.0,0.0,0.0,0.0,1.0,1.0,16.67,29.81,1.0,1.0,16.67,29.81,33.33,50.0,-16.67,119.25,-1.0,-1.0,-16.67,1.21,1.21,0.0,0.35,0.0,0.0,1.0,0.0,,0.5,1.0,0.67,0.0,0.0,0.17,16.67,1.0
13029,杰倫,新北國王,5,21|29|32|10872|13029,李愷諺/林書緯/奧帝/林彥廷/杰倫,1,5,6.0,72.45,1.21,01:12,72.45,1.21,01:12,2.0,2.0,33.33,59.62,3.0,3.0,50.0,89.44,2.0,2.0,33.33,59.62,0.0,0.0,0.0,0.0,1.0,1.0,16.67,29.81,0.0,0.0,0.0,0.0,1.0,1.0,16.67,29.81,0.0,0.0,0.0,0.0,2.0,2.0,33.33,59.62,2.0,2.0,33.33,59.62,1.0,1.0,16.67,29.81,1.0,1.0,16.67,29.81,0.0,0.0,0.0,0.0,1.0,1.0,16.67,29.81,0.0,0.0,0.0,0.0,0.0,0.0,0.0,0.0,0.0,0.0,0.0,0.0,0.0,0.0,0.0,0.0,1.0,1.0,16.67,29.81,1.0,1.0,16.67,29.81,33.33,50.0,-16.67,119.25,-1.0,-1.0,-16.67,1.21,1.21,0.0,0.35,0.0,0.0,1.0,0.0,,0.5,1.0,0.67,0.0,0.0,0.17,16.67,1.0
40,謝亞軒,新北中信特攻,4,40|43|10879|10881,謝亞軒/林韋翰/簡廷兆/飛克,1,4,5.0,64.45,1.07,01:04,64.45,1.07,01:04,1.0,1.0,20.0,33.51,2.0,2.0,40.0,67.02,1.0,1.0,20.0,33.51,0.0,0.0,0.0,0.0,1.0,1.0,20.0,33.51,0.0,0.0,0.0,0.0,0.0,0.0,0.0,0.0,0.0,0.0,0.0,0.0,1.0,1.0,20.0,33.51,1.0,1.0,20.0,33.51,0.0,0.0,0.0,0.0,1.0,1.0,20.0,33.51,1.0,1.0,20.0,33.51,1.0,1.0,20.0,33.51,0.0,0.0,0.0,0.0,0.0,0.0,0.0,0.0,0.0,0.0,0.0,0.0,0.0,0.0,0.0,0.0,0.0,0.0,0.0,0.0,2.0,2.0,40.0,67.02,20.0,40.0,-20.0,111.71,-1.0,-1.0,-20.0,1.07,1.07,0.0,0.35,0.0,,1.0,0.0,,0.0,0.5,0.33,0.0,0.0,0.0,40.0,1.0
40,謝亞軒,新北中信特攻,5,40|43|10877|10879|10881,謝亞軒/林韋翰/阿巴西/簡廷兆/飛克,1,4,5.0,64.45,1.07,01:04,64.45,1.07,01:04,1.0,1.0,20.0,33.51,2.0,2.0,40.0,67.02,1.0,1.0,20.0,33.51,0.0,0.0,0.0,0.0,1.0,1.0,20.0,33.51,0.0,0.0,0.0,0.0,0.0,0.0,0.0,0.0,0.0,0.0,0.0,0.0,1.0,1.0,20.0,33.51,1.0,1.0,20.0,33.51,0.0,0.0,0.0,0.0,1.0,1.0,20.0,33.51,1.0,1.0,20.0,33.51,1.0,1.0,20.0,33.51,0.0,0.0,0.0,0.0,0.0,0.0,0.0,0.0,0.0,0.0,0.0,0.0,0.0,0.0,0.0,0.0,0.0,0.0,0.0,0.0,2.0,2.0,40.0,67.02,20.0,40.0,-20.0,111.71,-1.0,-1.0,-20.0,1.07,1.07,0.0,0.35,0.0,,1.0,0.0,,0.0,0.5,0.33,0.0,0.0,0.0,40.0,1.0
43,林韋翰,新北中信特攻,4,40|43|10879|10881,謝亞軒/林韋翰/簡廷兆/飛克,1,4,5.0,64.45,1.07,01:04,64.45,1.07,01:04,1.0,1.0,20.0,33.51,2.0,2.0,40.0,67.02,1.0,1.0,20.0,33.51,0.0,0.0,0.0,0.0,1.0,1.0,20.0,33.51,0.0,0.0,0.0,0.0,0.0,0.0,0.0,0.0,0.0,0.0,0.0,0.0,1.0,1.0,20.0,33.51,1.0,1.0,20.0,33.51,0.0,0.0,0.0,0.0,1.0,1.0,20.0,33.51,1.0,1.0,20.0,33.51,1.0,1.0,20.0,33.51,0.0,0.0,0.0,0.0,0.0,0.0,0.0,0.0,0.0,0.0,0.0,0.0,0.0,0.0,0.0,0.0,0.0,0.0,0.0,0.0,2.0,2.0,40.0,67.02,20.0,40.0,-20.0,111.71,-1.0,-1.0,-20.0,1.07,1.07,0.0,0.35,0.0,,1.0,0.0,,0.0,0.5,0.33,0.0,0.0,0.0,40.0,1.0
43,林韋翰,新北中信特攻,5,40|43|10877|10879|10881,謝亞軒/林韋翰/阿巴西/簡廷兆/飛克,1,4,5.0,64.45,1.07,01:04,64.45,1.07,01:04,1.0,1.0,20.0,33.51,2.0,2.0,40.0,67.02,1.0,1.0,20.0,33.51,0.0,0.0,0.0,0.0,1.0,1.0,20.0,33.51,0.0,0.0,0.0,0.0,0.0,0.0,0.0,0.0,0.0,0.0,0.0,0.0,1.0,1.0,20.0,33.51,1.0,1.0,20.0,33.51,0.0,0.0,0.0,0.0,1.0,1.0,20.0,33.51,1.0,1.0,20.0,33.51,1.0,1.0,20.0,33.51,0.0,0.0,0.0,0.0,0.0,0.0,0.0,0.0,0.0,0.0,0.0,0.0,0.0,0.0,0.0,0.0,0.0,0.0,0.0,0.0,2.0,2.0,40.0,67.02,20.0,40.0,-20.0,111.71,-1.0,-1.0,-20.0,1.07,1.07,0.0,0.35,0.0,,1.0,0.0,,0.0,0.5,0.33,0.0,0.0,0.0,40.0,1.0
10877,阿巴西,新北中信特攻,5,40|43|10877|10879|10881,謝亞軒/林韋翰/阿巴西/簡廷兆/飛克,1,4,5.0,64.45,1.07,01:04,64.45,1.07,01:04,1.0,1.0,20.0,33.51,2.0,2.0,40.0,67.02,1.0,1.0,20.0,33.51,0.0,0.0,0.0,0.0,1.0,1.0,20.0,33.51,0.0,0.0,0.0,0.0,0.0,0.0,0.0,0.0,0.0,0.0,0.0,0.0,1.0,1.0,20.0,33.51,1.0,1.0,20.0,33.51,0.0,0.0,0.0,0.0,1.0,1.0,20.0,33.51,1.0,1.0,20.0,33.51,1.0,1.0,20.0,33.51,0.0,0.0,0.0,0.0,0.0,0.0,0.0,0.0,0.0,0.0,0.0,0.0,0.0,0.0,0.0,0.0,0.0,0.0,0.0,0.0,2.0,2.0,40.0,67.02,20.0,40.0,-20.0,111.71,-1.0,-1.0,-20.0,1.07,1.07,0.0,0.35,0.0,,1.0,0.0,,0.0,0.5,0.33,0.0,0.0,0.0,40.0,1.0
10879,簡廷兆,新北中信特攻,4,40|43|10879|10881,謝亞軒/林韋翰/簡廷兆/飛克,1,4,5.0,64.45,1.07,01:04,64.45,1.07,01:04,1.0,1.0,20.0,33.51,2.0,2.0,40.0,67.02,1.0,1.0,20.0,33.51,0.0,0.0,0.0,0.0,1.0,1.0,20.0,33.51,0.0,0.0,0.0,0.0,0.0,0.0,0.0,0.0,0.0,0.0,0.0,0.0,1.0,1.0,20.0,33.51,1.0,1.0,20.0,33.51,0.0,0.0,0.0,0.0,1.0,1.0,20.0,33.51,1.0,1.0,20.0,33.51,1.0,1.0,20.0,33.51,0.0,0.0,0.0,0.0,0.0,0.0,0.0,0.0,0.0,0.0,0.0,0.0,0.0,0.0,0.0,0.0,0.0,0.0,0.0,0.0,2.0,2.0,40.0,67.02,20.0,40.0,-20.0,111.71,-1.0,-1.0,-20.0,1.07,1.07,0.0,0.35,0.0,,1.0,0.0,,0.0,0.5,0.33,0.0,0.0,0.0,40.0,1.0
10879,簡廷兆,新北中信特攻,5,40|43|10877|10879|10881,謝亞軒/林韋翰/阿巴西/簡廷兆/飛克,1,4,5.0,64.45,1.07,01:04,64.45,1.07,01:04,1.0,1.0,20.0,33.51,2.0,2.0,40.0,67.02,1.0,1.0,20.0,33.51,0.0,0.0,0.0,0.0,1.0,1.0,20.0,33.51,0.0,0.0,0.0,0.0,0.0,0.0,0.0,0.0,0.0,0.0,0.0,0.0,1.0,1.0,20.0,33.51,1.0,1.0,20.0,33.51,0.0,0.0,0.0,0.0,1.0,1.0,20.0,33.51,1.0,1.0,20.0,33.51,1.0,1.0,20.0,33.51,0.0,0.0,0.0,0.0,0.0,0.0,0.0,0.0,0.0,0.0,0.0,0.0,0.0,0.0,0.0,0.0,0.0,0.0,0.0,0.0,2.0,2.0,40.0,67.02,20.0,40.0,-20.0,111.71,-1.0,-1.0,-20.0,1.07,1.07,0.0,0.35,0.0,,1.0,0.0,,0.0,0.5,0.33,0.0,0.0,0.0,40.0,1.0
10881,飛克,新北中信特攻,4,40|43|10879|10881,謝亞軒/林韋翰/簡廷兆/飛克,1,4,5.0,64.45,1.07,01:04,64.45,1.07,01:04,1.0,1.0,20.0,33.51,2.0,2.0,40.0,67.02,1.0,1.0,20.0,33.51,0.0,0.0,0.0,0.0,1.0,1.0,20.0,33.51,0.0,0.0,0.0,0.0,0.0,0.0,0.0,0.0,0.0,0.0,0.0,0.0,1.0,1.0,20.0,33.51,1.0,1.0,20.0,33.51,0.0,0.0,0.0,0.0,1.0,1.0,20.0,33.51,1.0,1.0,20.0,33.51,1.0,1.0,20.0,33.51,0.0,0.0,0.0,0.0,0.0,0.0,0.0,0.0,0.0,0.0,0.0,0.0,0.0,0.0,0.0,0.0,0.0,0.0,0.0,0.0,2.0,2.0,40.0,67.02,20.0,40.0,-20.0,111.71,-1.0,-1.0,-20.0,1.07,1.07,0.0,0.35,0.0,,1.0,0.0,,0.0,0.5,0.33,0.0,0.0,0.0,40.0,1.0
10881,飛克,新北中信特攻,5,40|43|10877|10879|10881,謝亞軒/林韋翰/阿巴西/簡廷兆/飛克,1,4,5.0,64.45,1.07,01:04,64.45,1.07,01:04,1.0,1.0,20.0,33.51,2.0,2.0,40.0,67.02,1.0,1.0,20.0,33.51,0.0,0.0,0.0,0.0,1.0,1.0,20.0,33.51,0.0,0.0,0.0,0.0,0.0,0.0,0.0,0.0,0.0,0.0,0.0,0.0,1.0,1.0,20.0,33.51,1.0,1.0,20.0,33.51,0.0,0.0,0.0,0.0,1.0,1.0,20.0,33.51,1.0,1.0,20.0,33.51,1.0,1.0,20.0,33.51,0.0,0.0,0.0,0.0,0.0,0.0,0.0,0.0,0.0,0.0,0.0,0.0,0.0,0.0,0.0,0.0,0.0,0.0,0.0,0.0,2.0,2.0,40.0,67.02,20.0,40.0,-20.0,111.71,-1.0,-1.0,-20.0,1.07,1.07,0.0,0.35,0.0,,1.0,0.0,,0.0,0.5,0.33,0.0,0.0,0.0,40.0,1.0
