player_id,player_name,team_name,opp_player_id,opp_player_name,opp_team_name,games_used,stint_count,possessions,sec_played,min_played,min_played_str,sec_per_game,min_per_game,min_per_game_str,PTS,PTS_per_game,PTS_per100,PTS_per36,PTS_allowed,PTS_allowed_per_game,PTS_allowed_per100,PTS_allowed_per36,FGA,FGA_per_game,FGA_per100,FGA_per36,FGM,FGM_per_game,FGM_per100,FGM_per36,2PA,2PA_per_game,2PA_per100,2PA_per36,2PM,2PM_per_game,2PM_per100,2PM_per36,3PA,3PA_per_game,3PA_per100,3PA_per36,3PM,3PM_per_game,3PM_per100,3PM_per36,FTA,FTA_per_game,FTA_per100,FTA_per36,FTM,FTM_per_game,FTM_per100,FTM_per36,ORB,ORB_per_game,ORB_per100,ORB_per36,DRB,DRB_per_game,DRB_per100,DRB_per36,ORB_allowed,ORB_allowed_per_game,ORB_allowed_per100,ORB_allowed_per36,DRB_allowed,DRB_allowed_per_game,DRB_allowed_per100,DRB_allowed_per36,TOV,TOV_per_game,TOV_per100,TOV_per36,AST,AST_per_game,AST_per100,AST_per36,STL,STL_per_game,STL_per100,STL_per36,BLK,BLK_per_game,BLK_per100,BLK_per36,Fouls,Fouls_per_game,Fouls_per100,Fouls_per36,FT_allowed,FT_allowed_per_game,FT_allowed_per100,FT_allowed_per36,ORtg,DRtg,NetRtg,PACE,PM_total,PM_per_game,PM_per100,MIN_total,MIN_per_game,eFG,TS,FG2_pct,FG3_pct,FT_pct,TOV_pct,AST_ratio,ORB_pct,DRB_pct,TRB_pct,STL_pct,BLK_pct,Foul_per_poss,FT_allowed_rate_per100,FT_rate
79,張宗憲,福爾摩沙夢想家,75,高國豪,新竹御嵿攻城獅,1,66,76.0,1118.23,18.64,18:38,1118.23,18.64,18:38,36.0,36.0,47.37,69.54,31.0,31.0,40.79,59.88,32.0,32.0,42.11,61.81,15.0,15.0,19.74,28.97,19.0,19.0,25.0,36.7,11.0,11.0,14.47,21.25,13.0,13.0,17.11,25.11,4.0,4.0,5.26,7.73,4.0,4.0,5.26,7.73,2.0,2.0,2.63,3.86,2.0,2.0,2.63,3.86,14.0,14.0,18.42,27.04,3.0,3.0,3.95,5.79,13.0,13.0,17.11,25.11,3.0,3.0,3.95,5.79,8.0,8.0,10.53,15.45,3.0,3.0,3.95,5.79,1.0,1.0,1.32,1.93,6.0,6.0,7.89,11.59,10.0,10.0,13.16,19.32,47.37,40.79,6.58,97.87,5.0,5.0,6.58,18.64,18.64,0.53,0.53,0.58,0.31,0.5,0.08,0.53,0.13,0.82,0.5,3.95,1.32,0.08,13.16,0.12
79,張宗憲,福爾摩沙夢想家,76,曾柏喻,新竹御嵿攻城獅,1,94,106.0,1471.81,24.53,24:32,1471.81,24.53,24:32,49.0,49.0,46.23,71.91,46.0,46.0,43.4,67.51,43.0,43.0,40.57,63.11,18.0,18.0,16.98,26.42,25.0,25.0,23.58,36.69,12.0,12.0,11.32,17.61,18.0,18.0,16.98,26.42,6.0,6.0,5.66,8.81,8.0,8.0,7.55,11.74,7.0,7.0,6.6,10.27,3.0,3.0,2.83,4.4,21.0,21.0,19.81,30.82,1.0,1.0,0.94,1.47,16.0,16.0,15.09,23.48,5.0,5.0,4.72,7.34,11.0,11.0,10.38,16.14,3.0,3.0,2.83,4.4,2.0,2.0,1.89,2.94,9.0,9.0,8.49,13.21,12.0,12.0,11.32,17.61,46.23,43.4,2.83,103.71,3.0,3.0,2.83,24.53,24.53,0.49,0.53,0.48,0.33,0.88,0.1,0.61,0.16,0.95,0.59,2.83,1.89,0.08,11.32,0.19
79,張宗憲,福爾摩沙夢想家,10885,劉丞勳,新竹御嵿攻城獅,1,60,67.0,985.78,16.43,16:26,985.78,16.43,16:26,32.0,32.0,47.76,70.12,29.0,29.0,43.28,63.54,31.0,31.0,46.27,67.93,13.0,13.0,19.4,28.48,18.0,18.0,26.87,39.44,9.0,9.0,13.43,19.72,13.0,13.0,19.4,28.48,4.0,4.0,5.97,8.76,2.0,2.0,2.99,4.38,2.0,2.0,2.99,4.38,3.0,3.0,4.48,6.57,15.0,15.0,22.39,32.87,1.0,1.0,1.49,2.19,12.0,12.0,17.91,26.29,2.0,2.0,2.99,4.38,7.0,7.0,10.45,15.34,2.0,2.0,2.99,4.38,1.0,1.0,1.49,2.19,5.0,5.0,7.46,10.96,10.0,10.0,14.93,21.91,47.76,43.28,4.48,97.87,3.0,3.0,4.48,16.43,16.43,0.48,0.5,0.5,0.31,1.0,0.06,0.54,0.2,0.94,0.58,2.99,1.49,0.07,14.93,0.06
79,張宗憲,福爾摩沙夢想家,10887,德魯,新竹御嵿攻城獅,1,71,83.0,1121.59,18.69,18:42,1121.59,18.69,18:42,41.0,41.0,49.4,78.96,31.0,31.0,37.35,59.7,35.0,35.0,42.17,67.4,14.0,14.0,16.87,26.96,19.0,19.0,22.89,36.59,8.0,8.0,9.64,15.41,16.0,16.0,19.28,30.81,6.0,6.0,7.23,11.55,8.0,8.0,9.64,15.41,7.0,7.0,8.43,13.48,4.0,4.0,4.82,7.7,16.0,16.0,19.28,30.81,1.0,1.0,1.2,1.93,15.0,15.0,18.07,28.89,2.0,2.0,2.41,3.85,9.0,9.0,10.84,17.33,2.0,2.0,2.41,3.85,1.0,1.0,1.2,1.93,8.0,8.0,9.64,15.41,14.0,14.0,16.87,26.96,49.4,37.35,12.05,106.56,10.0,10.0,12.05,18.69,18.69,0.49,0.53,0.42,0.38,0.88,0.05,0.64,0.21,0.94,0.56,2.41,1.2,0.1,16.87,0.23
79,張宗憲,福爾摩沙夢想家,10888,帕塞獅,新竹御嵿攻城獅,1,73,81.0,1170.52,19.51,19:31,1170.52,19.51,19:31,33.0,33.0,40.74,60.9,41.0,41.0,50.62,75.66,31.0,31.0,38.27,57.21,14.0,14.0,17.28,25.83,18.0,18.0,22.22,33.22,11.0,11.0,13.58,20.3,13.0,13.0,16.05,23.99,3.0,3.0,3.7,5.54,4.0,4.0,4.94,7.38,2.0,2.0,2.47,3.69,0.0,0.0,0.0,0.0,16.0,16.0,19.75,29.53,2.0,2.0,2.47,3.69,10.0,10.0,12.35,18.45,6.0,6.0,7.41,11.07,8.0,8.0,9.88,14.76,4.0,4.0,4.94,7.38,1.0,1.0,1.23,1.85,7.0,7.0,8.64,12.92,6.0,6.0,7.41,11.07,40.74,50.62,-9.88,99.65,-8.0,-8.0,-9.88,19.51,19.51,0.5,0.5,0.61,0.23,0.5,0.15,0.57,0.0,0.89,0.57,4.94,1.23,0.09,7.41,0.13
89,蔣淯安,福爾摩沙夢想家,75,高國豪,新竹御嵿攻城獅,1,87,99.0,1491.3,24.85,24:51,1491.3,24.85,24:51,47.0,47.0,47.47,68.08,42.0,42.0,42.42,60.83,41.0,41.0,41.41,59.38,20.0,20.0,20.2,28.97,27.0,27.0,27.27,39.11,16.0,16.0,16.16,23.17,14.0,14.0,14.14,20.28,4.0,4.0,4.04,5.79,4.0,4.0,4.04,5.79,3.0,3.0,3.03,4.35,3.0,3.0,3.03,4.35,17.0,17.0,17.17,24.62,5.0,5.0,5.05,7.24,16.0,16.0,16.16,23.17,5.0,5.0,5.05,7.24,12.0,12.0,12.12,17.38,3.0,3.0,3.03,4.35,2.0,2.0,2.02,2.9,7.0,7.0,7.07,10.14,8.0,8.0,8.08,11.59,47.47,42.42,5.05,95.59,5.0,5.0,5.05,24.85,24.85,0.54,0.55,0.59,0.29,0.75,0.1,0.6,0.16,0.77,0.49,3.03,2.02,0.07,8.08,0.1
89,蔣淯安,福爾摩沙夢想家,76,曾柏喻,新竹御嵿攻城獅,1,71,80.0,1135.93,18.93,18:56,1135.93,18.93,18:56,36.0,36.0,45.0,68.46,30.0,30.0,37.5,57.05,32.0,32.0,40.0,60.85,14.0,14.0,17.5,26.62,19.0,19.0,23.75,36.13,9.0,9.0,11.25,17.11,13.0,13.0,16.25,24.72,5.0,5.0,6.25,9.51,5.0,5.0,6.25,9.51,3.0,3.0,3.75,5.7,1.0,1.0,1.25,1.9,17.0,17.0,21.25,32.33,2.0,2.0,2.5,3.8,16.0,16.0,20.0,30.42,4.0,4.0,5.0,7.61,11.0,11.0,13.75,20.92,2.0,2.0,2.5,3.8,2.0,2.0,2.5,3.8,7.0,7.0,8.75,13.31,5.0,5.0,6.25,9.51,45.0,37.5,7.5,101.41,6.0,6.0,7.5,18.93,18.93,0.52,0.53,0.47,0.38,0.6,0.1,0.79,0.06,0.89,0.5,2.5,2.5,0.09,6.25,0.16
89,蔣淯安,福爾摩沙夢想家,10885,劉丞勳,新竹御嵿攻城獅,1,60,66.0,964.06,16.07,16:04,964.06,16.07,16:04,34.0,34.0,51.52,76.18,23.0,23.0,34.85,51.53,30.0,30.0,45.45,67.22,14.0,14.0,21.21,31.37,19.0,19.0,28.79,42.57,10.0,10.0,15.15,22.41,11.0,11.0,16.67,24.65,4.0,4.0,6.06,8.96,3.0,3.0,4.55,6.72,2.0,2.0,3.03,4.48,1.0,1.0,1.52,2.24,15.0,15.0,22.73,33.61,2.0,2.0,3.03,4.48,13.0,13.0,19.7,29.13,2.0,2.0,3.03,4.48,9.0,9.0,13.64,20.16,2.0,2.0,3.03,4.48,2.0,2.0,3.03,4.48,6.0,6.0,9.09,13.44,3.0,3.0,4.55,6.72,51.52,34.85,16.67,98.58,11.0,11.0,16.67,16.07,16.07,0.53,0.54,0.53,0.36,0.67,0.06,0.64,0.07,0.88,0.52,3.03,3.03,0.09,4.55,0.1
89,蔣淯安,福爾摩沙夢想家,10887,德魯,新竹御嵿攻城獅,1,59,66.0,967.11,16.12,16:07,967.11,16.12,16:07,33.0,33.0,50.0,73.7,24.0,24.0,36.36,53.6,28.0,28.0,42.42,62.54,13.0,13.0,19.7,29.03,15.0,15.0,22.73,33.5,8.0,8.0,12.12,17.87,13.0,13.0,19.7,29.03,5.0,5.0,7.58,11.17,2.0,2.0,3.03,4.47,2.0,2.0,3.03,4.47,1.0,1.0,1.52,2.23,13.0,13.0,19.7,29.03,2.0,2.0,3.03,4.47,14.0,14.0,21.21,31.27,3.0,3.0,4.55,6.7,10.0,10.0,15.15,22.33,2.0,2.0,3.03,4.47,1.0,1.0,1.52,2.23,4.0,4.0,6.06,8.93,6.0,6.0,9.09,13.4,50.0,36.36,13.64,98.27,9.0,9.0,13.64,16.12,16.12,0.55,0.57,0.53,0.38,1.0,0.09,0.77,0.07,0.87,0.47,3.03,1.52,0.06,9.09,0.07
89,蔣淯安,福爾摩沙夢想家,10888,帕塞獅,新竹御嵿攻城獅,1,89,101.0,1456.32,24.27,24:16,1456.32,24.27,24:16,43.0,43.0,42.57,63.78,48.0,48.0,47.52,71.19,40.0,40.0,39.6,59.33,18.0,18.0,17.82,26.7,27.0,27.0,26.73,40.05,15.0,15.0,14.85,22.25,13.0,13.0,12.87,19.28,3.0,3.0,2.97,4.45,7.0,7.0,6.93,10.38,4.0,4.0,3.96,5.93,2.0,2.0,1.98,2.97,20.0,20.0,19.8,29.66,4.0,4.0,3.96,5.93,14.0,14.0,13.86,20.76,6.0,6.0,5.94,8.9,11.0,11.0,10.89,16.32,3.0,3.0,2.97,4.45,2.0,2.0,1.98,2.97,10.0,10.0,9.9,14.83,7.0,7.0,6.93,10.38,42.57,47.52,-4.95,99.87,-5.0,-5.0,-4.95,24.27,24.27,0.49,0.5,0.56,0.23,0.57,0.12,0.61,0.12,0.83,0.55,2.97,1.98,0.1,6.93,0.18
103,忻沃克,福爾摩沙夢想家,75,高國豪,新竹御嵿攻城獅,1,88,103.0,1555.59,25.93,25:56,1555.59,25.93,25:56,44.0,44.0,42.72,61.1,50.0,50.0,48.54,69.43,42.0,42.0,40.78,58.32,19.0,19.0,18.45,26.38,26.0,26.0,25.24,36.1,15.0,15.0,14.56,20.83,16.0,16.0,15.53,22.22,4.0,4.0,3.88,5.55,4.0,4.0,3.88,5.55,2.0,2.0,1.94,2.78,3.0,3.0,2.91,4.17,19.0,19.0,18.45,26.38,6.0,6.0,5.83,8.33,15.0,15.0,14.56,20.83,5.0,5.0,4.85,6.94,10.0,10.0,9.71,13.89,3.0,3.0,2.91,4.17,1.0,1.0,0.97,1.39,9.0,9.0,8.74,12.5,16.0,16.0,15.53,22.22,42.72,48.54,-5.83,95.35,-6.0,-6.0,-5.83,25.93,25.93,0.5,0.5,0.58,0.25,0.5,0.1,0.53,0.17,0.76,0.51,2.91,0.97,0.09,15.53,0.1
103,忻沃克,福爾摩沙夢想家,76,曾柏喻,新竹御嵿攻城獅,1,66,72.0,1037.12,17.29,17:17,1037.12,17.29,17:17,34.0,34.0,47.22,70.81,33.0,33.0,45.83,68.73,30.0,30.0,41.67,62.48,15.0,15.0,20.83,31.24,19.0,19.0,26.39,39.57,11.0,11.0,15.28,22.91,11.0,11.0,15.28,22.91,4.0,4.0,5.56,8.33,1.0,1.0,1.39,2.08,0.0,0.0,0.0,0.0,0.0,0.0,0.0,0.0,16.0,16.0,22.22,33.32,2.0,2.0,2.78,4.17,13.0,13.0,18.06,27.07,3.0,3.0,4.17,6.25,6.0,6.0,8.33,12.5,3.0,3.0,4.17,6.25,0.0,0.0,0.0,0.0,3.0,3.0,4.17,6.25,7.0,7.0,9.72,14.58,47.22,45.83,1.39,99.97,1.0,1.0,1.39,17.29,17.29,0.57,0.56,0.58,0.36,0.0,0.09,0.4,0.0,0.89,0.52,4.17,0.0,0.04,9.72,0.03
103,忻沃克,福爾摩沙夢想家,10885,劉丞勳,新竹御嵿攻城獅,1,57,62.0,892.26,14.87,14:52,892.26,14.87,14:52,28.0,28.0,45.16,67.78,29.0,29.0,46.77,70.2,28.0,28.0,45.16,67.78,13.0,13.0,20.97,31.47,19.0,19.0,30.65,46.0,11.0,11.0,17.74,26.63,9.0,9.0,14.52,21.79,2.0,2.0,3.23,4.84,1.0,1.0,1.61,2.42,0.0,0.0,0.0,0.0,0.0,0.0,0.0,0.0,16.0,16.0,25.81,38.73,2.0,2.0,3.23,4.84,10.0,10.0,16.13,24.21,2.0,2.0,3.23,4.84,6.0,6.0,9.68,14.52,2.0,2.0,3.23,4.84,1.0,1.0,1.61,2.42,5.0,5.0,8.06,12.1,7.0,7.0,11.29,16.95,45.16,46.77,-1.61,100.06,-1.0,-1.0,-1.61,14.87,14.87,0.5,0.49,0.58,0.22,0.0,0.07,0.46,0.0,0.89,0.57,3.23,1.61,0.08,11.29,0.04
103,忻沃克,福爾摩沙夢想家,10887,德魯,新竹御嵿攻城獅,1,61,71.0,1002.41,16.71,16:42,1002.41,16.71,16:42,32.0,32.0,45.07,68.95,29.0,29.0,40.85,62.49,29.0,29.0,40.85,62.49,13.0,13.0,18.31,28.01,15.0,15.0,21.13,32.32,8.0,8.0,11.27,17.24,14.0,14.0,19.72,30.17,5.0,5.0,7.04,10.77,2.0,2.0,2.82,4.31,1.0,1.0,1.41,2.15,1.0,1.0,1.41,2.15,14.0,14.0,19.72,30.17,2.0,2.0,2.82,4.31,13.0,13.0,18.31,28.01,3.0,3.0,4.23,6.46,8.0,8.0,11.27,17.24,2.0,2.0,2.82,4.31,0.0,0.0,0.0,0.0,5.0,5.0,7.04,10.77,14.0,14.0,19.72,30.17,45.07,40.85,4.23,101.99,3.0,3.0,4.23,16.71,16.71,0.53,0.54,0.53,0.36,0.5,0.09,0.62,0.07,0.88,0.5,2.82,0.0,0.07,19.72,0.07
103,忻沃克,福爾摩沙夢想家,10888,帕塞獅,新竹御嵿攻城獅,1,84,94.0,1398.45,23.31,23:18,1398.45,23.31,23:18,42.0,42.0,44.68,64.87,49.0,49.0,52.13,75.68,39.0,39.0,41.49,60.24,19.0,19.0,20.21,29.35,26.0,26.0,27.66,40.16,16.0,16.0,17.02,24.71,13.0,13.0,13.83,20.08,3.0,3.0,3.19,4.63,3.0,3.0,3.19,4.63,1.0,1.0,1.06,1.54,2.0,2.0,2.13,3.09,19.0,19.0,20.21,29.35,5.0,5.0,5.32,7.72,13.0,13.0,13.83,20.08,5.0,5.0,5.32,7.72,8.0,8.0,8.51,12.36,4.0,4.0,4.26,6.18,1.0,1.0,1.06,1.54,7.0,7.0,7.45,10.81,7.0,7.0,7.45,10.81,44.68,52.13,-7.45,96.79,-7.0,-7.0,-7.45,23.31,23.31,0.53,0.52,0.62,0.23,0.33,0.11,0.42,0.13,0.79,0.54,4.26,1.06,0.07,7.45,0.08
106,高柏鎧,福爾摩沙夢想家,75,高國豪,新竹御嵿攻城獅,1,70,78.0,1236.66,20.61,20:37,1236.66,20.61,20:37,38.0,38.0,48.72,66.37,39.0,39.0,50.0,68.12,33.0,33.0,42.31,57.64,17.0,17.0,21.79,29.69,22.0,22.0,28.21,38.43,14.0,14.0,17.95,24.45,11.0,11.0,14.1,19.21,3.0,3.0,3.85,5.24,1.0,1.0,1.28,1.75,1.0,1.0,1.28,1.75,2.0,2.0,2.56,3.49,14.0,14.0,17.95,24.45,3.0,3.0,3.85,5.24,11.0,11.0,14.1,19.21,4.0,4.0,5.13,6.99,11.0,11.0,14.1,19.21,3.0,3.0,3.85,5.24,1.0,1.0,1.28,1.75,6.0,6.0,7.69,10.48,6.0,6.0,7.69,10.48,48.72,50.0,-1.28,90.83,-1.0,-1.0,-1.28,20.61,20.61,0.56,0.57,0.64,0.27,1.0,0.11,0.65,0.15,0.82,0.53,3.85,1.28,0.08,7.69,0.03
106,高柏鎧,福爾摩沙夢想家,76,曾柏喻,新竹御嵿攻城獅,1,59,65.0,946.76,15.78,15:47,946.76,15.78,15:47,28.0,28.0,43.08,63.88,22.0,22.0,33.85,50.19,27.0,27.0,41.54,61.6,11.0,11.0,16.92,25.1,15.0,15.0,23.08,34.22,7.0,7.0,10.77,15.97,12.0,12.0,18.46,27.38,4.0,4.0,6.15,9.13,3.0,3.0,4.62,6.84,2.0,2.0,3.08,4.56,2.0,2.0,3.08,4.56,15.0,15.0,23.08,34.22,1.0,1.0,1.54,2.28,16.0,16.0,24.62,36.5,4.0,4.0,6.15,9.13,7.0,7.0,10.77,15.97,2.0,2.0,3.08,4.56,0.0,0.0,0.0,0.0,4.0,4.0,6.15,9.13,2.0,2.0,3.08,4.56,43.08,33.85,9.23,98.86,6.0,6.0,9.23,15.78,15.78,0.48,0.49,0.47,0.33,0.67,0.12,0.64,0.11,0.94,0.5,3.08,0.0,0.06,3.08,0.11
106,高柏鎧,福爾摩沙夢想家,10885,劉丞勳,新竹御嵿攻城獅,1,51,55.0,816.76,13.61,13:37,816.76,13.61,13:37,24.0,24.0,43.64,63.47,19.0,19.0,34.55,50.25,24.0,24.0,43.64,63.47,10.0,10.0,18.18,26.45,16.0,16.0,29.09,42.31,8.0,8.0,14.55,21.16,8.0,8.0,14.55,21.16,2.0,2.0,3.64,5.29,3.0,3.0,5.45,7.93,2.0,2.0,3.64,5.29,1.0,1.0,1.82,2.64,14.0,14.0,25.45,37.02,1.0,1.0,1.82,2.64,12.0,12.0,21.82,31.73,2.0,2.0,3.64,5.29,7.0,7.0,12.73,18.51,2.0,2.0,3.64,5.29,1.0,1.0,1.82,2.64,5.0,5.0,9.09,13.22,2.0,2.0,3.64,5.29,43.64,34.55,9.09,96.97,5.0,5.0,9.09,13.61,13.61,0.46,0.47,0.5,0.25,0.67,0.07,0.7,0.08,0.93,0.54,3.64,1.82,0.09,3.64,0.12
106,高柏鎧,福爾摩沙夢想家,10887,德魯,新竹御嵿攻城獅,1,56,61.0,927.5,15.46,15:28,927.5,15.46,15:28,32.0,32.0,52.46,74.52,25.0,25.0,40.98,58.22,27.0,27.0,44.26,62.88,12.0,12.0,19.67,27.95,14.0,14.0,22.95,32.6,7.0,7.0,11.48,16.3,13.0,13.0,21.31,30.27,5.0,5.0,8.2,11.64,3.0,3.0,4.92,6.99,3.0,3.0,4.92,6.99,2.0,2.0,3.28,4.66,13.0,13.0,21.31,30.27,0.0,0.0,0.0,0.0,13.0,13.0,21.31,30.27,3.0,3.0,4.92,6.99,9.0,9.0,14.75,20.96,2.0,2.0,3.28,4.66,0.0,0.0,0.0,0.0,4.0,4.0,6.56,9.32,6.0,6.0,9.84,13.97,52.46,40.98,11.48,94.71,7.0,7.0,11.48,15.46,15.46,0.54,0.56,0.5,0.38,1.0,0.1,0.75,0.13,1.0,0.54,3.28,0.0,0.07,9.84,0.11
106,高柏鎧,福爾摩沙夢想家,10888,帕塞獅,新竹御嵿攻城獅,1,64,73.0,1082.92,18.05,18:03,1082.92,18.05,18:03,32.0,32.0,43.84,63.83,31.0,31.0,42.47,61.83,29.0,29.0,39.73,57.84,15.0,15.0,20.55,29.92,21.0,21.0,28.77,41.89,13.0,13.0,17.81,25.93,8.0,8.0,10.96,15.96,2.0,2.0,2.74,3.99,1.0,1.0,1.37,1.99,0.0,0.0,0.0,0.0,2.0,2.0,2.74,3.99,13.0,13.0,17.81,25.93,4.0,4.0,5.48,7.98,11.0,11.0,15.07,21.94,5.0,5.0,6.85,9.97,8.0,8.0,10.96,15.96,3.0,3.0,4.11,5.98,1.0,1.0,1.37,1.99,6.0,6.0,8.22,11.97,2.0,2.0,2.74,3.99,43.84,42.47,1.37,97.07,1.0,1.0,1.37,18.05,18.05,0.55,0.54,0.62,0.25,0.0,0.15,0.53,0.15,0.76,0.5,4.11,1.37,0.08,2.74,0.03
13906,班提爾,福爾摩沙夢想家,75,高國豪,新竹御嵿攻城獅,1,81,92.0,1387.78,23.13,23:08,1387.78,23.13,23:08,45.0,45.0,48.91,70.04,38.0,38.0,41.3,59.14,40.0,40.0,43.48,62.26,18.0,18.0,19.57,28.02,24.0,24.0,26.09,37.35,13.0,13.0,14.13,20.23,16.0,16.0,17.39,24.9,5.0,5.0,5.43,7.78,6.0,6.0,6.52,9.34,4.0,4.0,4.35,6.23,2.0,2.0,2.17,3.11,19.0,19.0,20.65,29.57,3.0,3.0,3.26,4.67,17.0,17.0,18.48,26.46,3.0,3.0,3.26,4.67,12.0,12.0,13.04,18.68,2.0,2.0,2.17,3.11,2.0,2.0,2.17,3.11,10.0,10.0,10.87,15.56,12.0,12.0,13.04,18.68,48.91,41.3,7.61,95.46,7.0,7.0,7.61,23.13,23.13,0.51,0.53,0.54,0.31,0.67,0.07,0.67,0.11,0.86,0.51,2.17,2.17,0.11,13.04,0.15
13906,班提爾,福爾摩沙夢想家,76,曾柏喻,新竹御嵿攻城獅,1,103,115.0,1602.05,26.7,26:42,1602.05,26.7,26:42,56.0,56.0,48.7,75.5,53.0,53.0,46.09,71.46,46.0,46.0,40.0,62.02,21.0,21.0,18.26,28.31,28.0,28.0,24.35,37.75,14.0,14.0,12.17,18.88,18.0,18.0,15.65,24.27,7.0,7.0,6.09,9.44,9.0,9.0,7.83,12.13,7.0,7.0,6.09,9.44,2.0,2.0,1.74,2.7,23.0,23.0,20.0,31.01,2.0,2.0,1.74,2.7,18.0,18.0,15.65,24.27,5.0,5.0,4.35,6.74,12.0,12.0,10.43,16.18,3.0,3.0,2.61,4.04,2.0,2.0,1.74,2.7,9.0,9.0,7.83,12.13,11.0,11.0,9.57,14.83,48.7,46.09,2.61,103.37,3.0,3.0,2.61,26.7,26.7,0.53,0.56,0.5,0.39,0.78,0.09,0.57,0.1,0.92,0.56,2.61,1.74,0.08,9.57,0.2
13906,班提爾,福爾摩沙夢想家,10885,劉丞勳,新竹御嵿攻城獅,1,75,82.0,1211.16,20.19,20:11,1211.16,20.19,20:11,43.0,43.0,52.44,76.69,38.0,38.0,46.34,67.77,38.0,38.0,46.34,67.77,18.0,18.0,21.95,32.1,24.0,24.0,29.27,42.8,13.0,13.0,15.85,23.18,14.0,14.0,17.07,24.97,5.0,5.0,6.1,8.92,3.0,3.0,3.66,5.35,2.0,2.0,2.44,3.57,2.0,2.0,2.44,3.57,19.0,19.0,23.17,33.89,2.0,2.0,2.44,3.57,14.0,14.0,17.07,24.97,2.0,2.0,2.44,3.57,10.0,10.0,12.2,17.83,2.0,2.0,2.44,3.57,2.0,2.0,2.44,3.57,7.0,7.0,8.54,12.48,9.0,9.0,10.98,16.05,52.44,46.34,6.1,97.49,5.0,5.0,6.1,20.19,20.19,0.54,0.55,0.54,0.36,0.67,0.05,0.56,0.12,0.9,0.57,2.44,2.44,0.09,10.98,0.08
13906,班提爾,福爾摩沙夢想家,10887,德魯,新竹御嵿攻城獅,1,82,95.0,1319.97,22.0,22:00,1319.97,22.0,22:00,48.0,48.0,50.53,78.55,39.0,39.0,41.05,63.82,39.0,39.0,41.05,63.82,17.0,17.0,17.89,27.82,21.0,21.0,22.11,34.36,10.0,10.0,10.53,16.36,18.0,18.0,18.95,29.46,7.0,7.0,7.37,11.45,8.0,8.0,8.42,13.09,7.0,7.0,7.37,11.45,3.0,3.0,3.16,4.91,18.0,18.0,18.95,29.46,2.0,2.0,2.11,3.27,17.0,17.0,17.89,27.82,3.0,3.0,3.16,4.91,11.0,11.0,11.58,18.0,2.0,2.0,2.11,3.27,1.0,1.0,1.05,1.64,8.0,8.0,8.42,13.09,14.0,14.0,14.74,22.91,50.53,41.05,9.47,103.64,9.0,9.0,9.47,22.0,22.0,0.53,0.56,0.48,0.39,0.88,0.07,0.65,0.15,0.9,0.52,2.11,1.05,0.08,14.74,0.21
13906,班提爾,福爾摩沙夢想家,10888,帕塞獅,新竹御嵿攻城獅,1,87,95.0,1380.08,23.0,23:00,1380.08,23.0,23:00,42.0,42.0,44.21,65.74,47.0,47.0,49.47,73.56,39.0,39.0,41.05,61.04,17.0,17.0,17.89,26.61,24.0,24.0,25.26,37.56,13.0,13.0,13.68,20.35,15.0,15.0,15.79,23.48,4.0,4.0,4.21,6.26,7.0,7.0,7.37,10.96,4.0,4.0,4.21,6.26,0.0,0.0,0.0,0.0,22.0,22.0,23.16,34.43,2.0,2.0,2.11,3.13,14.0,14.0,14.74,21.91,5.0,5.0,5.26,7.83,11.0,11.0,11.58,17.22,3.0,3.0,3.16,4.7,2.0,2.0,2.11,3.13,11.0,11.0,11.58,17.22,7.0,7.0,7.37,10.96,44.21,49.47,-5.26,99.12,-5.0,-5.0,-5.26,23.0,23.0,0.49,0.5,0.54,0.27,0.57,0.11,0.65,0.0,0.92,0.58,3.16,2.11,0.12,7.37,0.18
75,高國豪,新竹御嵿攻城獅,79,張宗憲,福爾摩沙夢想家,1,66,76.0,1118.23,18.64,18:38,1118.23,18.64,18:38,31.0,31.0,40.79,59.88,36.0,36.0,47.37,69.54,26.0,26.0,34.21,50.22,10.0,10.0,13.16,19.32,16.0,16.0,21.05,30.91,7.0,7.0,9.21,13.52,10.0,10.0,13.16,19.32,3.0,3.0,3.95,5.79,10.0,10.0,13.16,19.32,8.0,8.0,10.53,15.45,3.0,3.0,3.95,5.79,13.0,13.0,17.11,25.11,2.0,2.0,2.63,3.86,14.0,14.0,18.42,27.04,6.0,6.0,7.89,11.59,7.0,7.0,9.21,13.52,3.0,3.0,3.95,5.79,2.0,2.0,2.63,3.86,9.0,9.0,11.84,17.38,4.0,4.0,5.26,7.73,40.79,47.37,-6.58,97.87,-5.0,-5.0,-6.58,18.64,18.64,0.44,0.51,0.44,0.3,0.8,0.16,0.7,0.18,0.87,0.5,3.95,2.63,0.12,5.26,0.38
75,高國豪,新竹御嵿攻城獅,89,蔣淯安,福爾摩沙夢想家,1,87,99.0,1491.3,24.85,24:51,1491.3,24.85,24:51,42.0,42.0,42.42,60.83,47.0,47.0,47.47,68.08,36.0,36.0,36.36,52.14,16.0,16.0,16.16,23.17,20.0,20.0,20.2,28.97,12.0,12.0,12.12,17.38,16.0,16.0,16.16,23.17,4.0,4.0,4.04,5.79,8.0,8.0,8.08,11.59,6.0,6.0,6.06,8.69,5.0,5.0,5.05,7.24,16.0,16.0,16.16,23.17,3.0,3.0,3.03,4.35,17.0,17.0,17.17,24.62,8.0,8.0,8.08,11.59,9.0,9.0,9.09,13.04,4.0,4.0,4.04,5.79,2.0,2.0,2.02,2.9,11.0,11.0,11.11,15.93,4.0,4.0,4.04,5.79,42.42,47.47,-5.05,95.59,-5.0,-5.0,-5.05,24.85,24.85,0.5,0.53,0.6,0.25,0.75,0.17,0.56,0.23,0.84,0.51,4.04,2.02,0.11,4.04,0.22
75,高國豪,新竹御嵿攻城獅,103,忻沃克,福爾摩沙夢想家,1,88,103.0,1555.59,25.93,25:56,1555.59,25.93,25:56,50.0,50.0,48.54,69.43,44.0,44.0,42.72,61.1,37.0,37.0,35.92,51.38,17.0,17.0,16.5,23.61,21.0,21.0,20.39,29.16,12.0,12.0,11.65,16.66,16.0,16.0,15.53,22.22,5.0,5.0,4.85,6.94,16.0,16.0,15.53,22.22,11.0,11.0,10.68,15.27,6.0,6.0,5.83,8.33,15.0,15.0,14.56,20.83,3.0,3.0,2.91,4.17,19.0,19.0,18.45,26.38,6.0,6.0,5.83,8.33,12.0,12.0,11.65,16.66,2.0,2.0,1.94,2.78,2.0,2.0,1.94,2.78,13.0,13.0,12.62,18.05,4.0,4.0,3.88,5.55,48.54,42.72,5.83,95.35,6.0,6.0,5.83,25.93,25.93,0.53,0.57,0.57,0.31,0.69,0.12,0.71,0.24,0.83,0.49,1.94,1.94,0.13,3.88,0.43
75,高國豪,新竹御嵿攻城獅,106,高柏鎧,福爾摩沙夢想家,1,70,78.0,1236.66,20.61,20:37,1236.66,20.61,20:37,39.0,39.0,50.0,68.12,38.0,38.0,48.72,66.37,31.0,31.0,39.74,54.15,17.0,17.0,21.79,29.69,20.0,20.0,25.64,34.93,14.0,14.0,17.95,24.45,11.0,11.0,14.1,19.21,3.0,3.0,3.85,5.24,6.0,6.0,7.69,10.48,2.0,2.0,2.56,3.49,3.0,3.0,3.85,5.24,11.0,11.0,14.1,19.21,2.0,2.0,2.56,3.49,14.0,14.0,17.95,24.45,5.0,5.0,6.41,8.73,11.0,11.0,14.1,19.21,2.0,2.0,2.56,3.49,2.0,2.0,2.56,3.49,8.0,8.0,10.26,13.97,1.0,1.0,1.28,1.75,50.0,48.72,1.28,90.83,1.0,1.0,1.28,20.61,20.61,0.6,0.58,0.7,0.27,0.33,0.13,0.65,0.18,0.85,0.47,2.56,2.56,0.1,1.28,0.19
75,高國豪,新竹御嵿攻城獅,13906,班提爾,福爾摩沙夢想家,1,81,92.0,1387.78,23.13,23:08,1387.78,23.13,23:08,38.0,38.0,41.3,59.14,45.0,45.0,48.91,70.04,30.0,30.0,32.61,46.69,12.0,12.0,13.04,18.68,16.0,16.0,17.39,24.9,7.0,7.0,7.61,10.9,14.0,14.0,15.22,21.79,5.0,5.0,5.43,7.78,12.0,12.0,13.04,18.68,9.0,9.0,9.78,14.01,3.0,3.0,3.26,4.67,17.0,17.0,18.48,26.46,2.0,2.0,2.17,3.11,19.0,19.0,20.65,29.57,8.0,8.0,8.7,12.45,8.0,8.0,8.7,12.45,4.0,4.0,4.35,6.23,2.0,2.0,2.17,3.11,13.0,13.0,14.13,20.23,6.0,6.0,6.52,9.34,41.3,48.91,-7.61,95.46,-7.0,-7.0,-7.61,23.13,23.13,0.48,0.54,0.44,0.36,0.75,0.18,0.67,0.14,0.89,0.49,4.35,2.17,0.14,6.52,0.4
76,曾柏喻,新竹御嵿攻城獅,79,張宗憲,福爾摩沙夢想家,1,94,106.0,1471.81,24.53,24:32,1471.81,24.53,24:32,46.0,46.0,43.4,67.51,49.0,49.0,46.23,71.91,33.0,33.0,31.13,48.43,16.0,16.0,15.09,23.48,22.0,22.0,20.75,32.29,12.0,12.0,11.32,17.61,11.0,11.0,10.38,16.14,4.0,4.0,3.77,5.87,12.0,12.0,11.32,17.61,10.0,10.0,9.43,14.68,1.0,1.0,0.94,1.47,16.0,16.0,15.09,23.48,3.0,3.0,2.83,4.4,21.0,21.0,19.81,30.82,12.0,12.0,11.32,17.61,10.0,10.0,9.43,14.68,5.0,5.0,4.72,7.34,3.0,3.0,2.83,4.4,10.0,10.0,9.43,14.68,8.0,8.0,7.55,11.74,43.4,46.23,-2.83,103.71,-3.0,-3.0,-2.83,24.53,24.53,0.55,0.6,0.55,0.36,0.83,0.24,0.62,0.05,0.84,0.41,4.72,2.83,0.09,7.55,0.36
76,曾柏喻,新竹御嵿攻城獅,89,蔣淯安,福爾摩沙夢想家,1,71,80.0,1135.93,18.93,18:56,1135.93,18.93,18:56,30.0,30.0,37.5,57.05,36.0,36.0,45.0,68.46,28.0,28.0,35.0,53.24,11.0,11.0,13.75,20.92,17.0,17.0,21.25,32.33,7.0,7.0,8.75,13.31,11.0,11.0,13.75,20.92,4.0,4.0,5.0,7.61,5.0,5.0,6.25,9.51,4.0,4.0,5.0,7.61,2.0,2.0,2.5,3.8,16.0,16.0,20.0,30.42,1.0,1.0,1.25,1.9,17.0,17.0,21.25,32.33,8.0,8.0,10.0,15.21,6.0,6.0,7.5,11.41,4.0,4.0,5.0,7.61,3.0,3.0,3.75,5.7,8.0,8.0,10.0,15.21,5.0,5.0,6.25,9.51,37.5,45.0,-7.5,101.41,-6.0,-6.0,-7.5,18.93,18.93,0.46,0.5,0.41,0.36,0.8,0.21,0.55,0.11,0.94,0.5,5.0,3.75,0.1,6.25,0.18
76,曾柏喻,新竹御嵿攻城獅,103,忻沃克,福爾摩沙夢想家,1,66,72.0,1037.12,17.29,17:17,1037.12,17.29,17:17,33.0,33.0,45.83,68.73,34.0,34.0,47.22,70.81,26.0,26.0,36.11,54.15,12.0,12.0,16.67,24.99,18.0,18.0,25.0,37.49,9.0,9.0,12.5,18.74,8.0,8.0,11.11,16.66,3.0,3.0,4.17,6.25,7.0,7.0,9.72,14.58,6.0,6.0,8.33,12.5,2.0,2.0,2.78,4.17,13.0,13.0,18.06,27.07,0.0,0.0,0.0,0.0,16.0,16.0,22.22,33.32,6.0,6.0,8.33,12.5,6.0,6.0,8.33,12.5,1.0,1.0,1.39,2.08,2.0,2.0,2.78,4.17,10.0,10.0,13.89,20.83,1.0,1.0,1.39,2.08,45.83,47.22,-1.39,99.97,-1.0,-1.0,-1.39,17.29,17.29,0.52,0.57,0.5,0.38,0.86,0.17,0.5,0.11,1.0,0.48,1.39,2.78,0.14,1.39,0.27
76,曾柏喻,新竹御嵿攻城獅,106,高柏鎧,福爾摩沙夢想家,1,59,65.0,946.76,15.78,15:47,946.76,15.78,15:47,22.0,22.0,33.85,50.19,28.0,28.0,43.08,63.88,25.0,25.0,38.46,57.04,9.0,9.0,13.85,20.53,15.0,15.0,23.08,34.22,6.0,6.0,9.23,13.69,10.0,10.0,15.38,22.81,3.0,3.0,4.62,6.84,2.0,2.0,3.08,4.56,1.0,1.0,1.54,2.28,1.0,1.0,1.54,2.28,16.0,16.0,24.62,36.5,2.0,2.0,3.08,4.56,15.0,15.0,23.08,34.22,4.0,4.0,6.15,9.13,5.0,5.0,7.69,11.41,1.0,1.0,1.54,2.28,2.0,2.0,3.08,4.56,6.0,6.0,9.23,13.69,3.0,3.0,4.62,6.84,33.85,43.08,-9.23,98.86,-6.0,-6.0,-9.23,15.78,15.78,0.42,0.43,0.4,0.3,0.5,0.13,0.56,0.06,0.89,0.5,1.54,3.08,0.09,4.62,0.08
76,曾柏喻,新竹御嵿攻城獅,13906,班提爾,福爾摩沙夢想家,1,103,115.0,1602.05,26.7,26:42,1602.05,26.7,26:42,53.0,53.0,46.09,71.46,56.0,56.0,48.7,75.5,39.0,39.0,33.91,52.58,19.0,19.0,16.52,25.62,24.0,24.0,20.87,32.36,13.0,13.0,11.3,17.53,15.0,15.0,13.04,20.22,6.0,6.0,5.22,8.09,11.0,11.0,9.57,14.83,9.0,9.0,7.83,12.13,2.0,2.0,1.74,2.7,18.0,18.0,15.65,24.27,2.0,2.0,1.74,2.7,23.0,23.0,20.0,31.01,11.0,11.0,9.57,14.83,11.0,11.0,9.57,14.83,5.0,5.0,4.35,6.74,3.0,3.0,2.61,4.04,12.0,12.0,10.43,16.18,9.0,9.0,7.83,12.13,46.09,48.7,-2.61,103.37,-3.0,-3.0,-2.61,26.7,26.7,0.56,0.6,0.54,0.4,0.82,0.2,0.58,0.08,0.9,0.44,4.35,2.61,0.1,7.83,0.28
10885,劉丞勳,新竹御嵿攻城獅,79,張宗憲,福爾摩沙夢想家,1,60,67.0,985.78,16.43,16:26,985.78,16.43,16:26,29.0,29.0,43.28,63.54,32.0,32.0,47.76,70.12,21.0,21.0,31.34,46.01,9.0,9.0,13.43,19.72,12.0,12.0,17.91,26.29,6.0,6.0,8.96,13.15,9.0,9.0,13.43,19.72,3.0,3.0,4.48,6.57,10.0,10.0,14.93,21.91,8.0,8.0,11.94,17.53,1.0,1.0,1.49,2.19,12.0,12.0,17.91,26.29,3.0,3.0,4.48,6.57,15.0,15.0,22.39,32.87,6.0,6.0,8.96,13.15,6.0,6.0,8.96,13.15,2.0,2.0,2.99,4.38,1.0,1.0,1.49,2.19,7.0,7.0,10.45,15.34,2.0,2.0,2.99,4.38,43.28,47.76,-4.48,97.87,-3.0,-3.0,-4.48,16.43,16.43,0.5,0.57,0.5,0.33,0.8,0.19,0.67,0.06,0.8,0.42,2.99,1.49,0.1,2.99,0.48
10885,劉丞勳,新竹御嵿攻城獅,89,蔣淯安,福爾摩沙夢想家,1,60,66.0,964.06,16.07,16:04,964.06,16.07,16:04,23.0,23.0,34.85,51.53,34.0,34.0,51.52,76.18,23.0,23.0,34.85,51.53,9.0,9.0,13.64,20.16,13.0,13.0,19.7,29.13,6.0,6.0,9.09,13.44,10.0,10.0,15.15,22.41,3.0,3.0,4.55,6.72,3.0,3.0,4.55,6.72,2.0,2.0,3.03,4.48,2.0,2.0,3.03,4.48,13.0,13.0,19.7,29.13,1.0,1.0,1.52,2.24,15.0,15.0,22.73,33.61,6.0,6.0,9.09,13.44,5.0,5.0,7.58,11.2,2.0,2.0,3.03,4.48,1.0,1.0,1.52,2.24,7.0,7.0,10.61,15.68,3.0,3.0,4.55,6.72,34.85,51.52,-16.67,98.58,-11.0,-11.0,-16.67,16.07,16.07,0.46,0.47,0.46,0.3,0.67,0.2,0.56,0.12,0.93,0.48,3.03,1.52,0.11,4.55,0.13
10885,劉丞勳,新竹御嵿攻城獅,103,忻沃克,福爾摩沙夢想家,1,57,62.0,892.26,14.87,14:52,892.26,14.87,14:52,29.0,29.0,46.77,70.2,28.0,28.0,45.16,67.78,21.0,21.0,33.87,50.84,10.0,10.0,16.13,24.21,13.0,13.0,20.97,31.47,7.0,7.0,11.29,16.95,8.0,8.0,12.9,19.37,3.0,3.0,4.84,7.26,7.0,7.0,11.29,16.95,6.0,6.0,9.68,14.52,2.0,2.0,3.23,4.84,10.0,10.0,16.13,24.21,0.0,0.0,0.0,0.0,16.0,16.0,25.81,38.73,5.0,5.0,8.06,12.1,6.0,6.0,9.68,14.52,1.0,1.0,1.61,2.42,1.0,1.0,1.61,2.42,8.0,8.0,12.9,19.37,1.0,1.0,1.61,2.42,46.77,45.16,1.61,100.06,1.0,1.0,1.61,14.87,14.87,0.55,0.6,0.54,0.38,0.86,0.17,0.6,0.11,1.0,0.43,1.61,1.61,0.13,1.61,0.33
10885,劉丞勳,新竹御嵿攻城獅,106,高柏鎧,福爾摩沙夢想家,1,51,55.0,816.76,13.61,13:37,816.76,13.61,13:37,19.0,19.0,34.55,50.25,24.0,24.0,43.64,63.47,20.0,20.0,36.36,52.89,8.0,8.0,14.55,21.16,13.0,13.0,23.64,34.38,6.0,6.0,10.91,15.87,7.0,7.0,12.73,18.51,2.0,2.0,3.64,5.29,2.0,2.0,3.64,5.29,1.0,1.0,1.82,2.64,1.0,1.0,1.82,2.64,12.0,12.0,21.82,31.73,1.0,1.0,1.82,2.64,14.0,14.0,25.45,37.02,5.0,5.0,9.09,13.22,5.0,5.0,9.09,13.22,1.0,1.0,1.82,2.64,1.0,1.0,1.82,2.64,5.0,5.0,9.09,13.22,3.0,3.0,5.45,7.93,34.55,43.64,-9.09,96.97,-5.0,-5.0,-9.09,13.61,13.61,0.45,0.45,0.46,0.29,0.5,0.19,0.62,0.07,0.92,0.46,1.82,1.82,0.09,5.45,0.1
10885,劉丞勳,新竹御嵿攻城獅,13906,班提爾,福爾摩沙夢想家,1,75,82.0,1211.16,20.19,20:11,1211.16,20.19,20:11,38.0,38.0,46.34,67.77,43.0,43.0,52.44,76.69,28.0,28.0,34.15,49.94,13.0,13.0,15.85,23.18,15.0,15.0,18.29,26.75,8.0,8.0,9.76,14.27,13.0,13.0,15.85,23.18,5.0,5.0,6.1,8.92,9.0,9.0,10.98,16.05,7.0,7.0,8.54,12.48,2.0,2.0,2.44,3.57,14.0,14.0,17.07,24.97,2.0,2.0,2.44,3.57,19.0,19.0,23.17,33.89,6.0,6.0,7.32,10.7,8.0,8.0,9.76,14.27,2.0,2.0,2.44,3.57,1.0,1.0,1.22,1.78,9.0,9.0,10.98,16.05,3.0,3.0,3.66,5.35,46.34,52.44,-6.1,97.49,-5.0,-5.0,-6.1,20.19,20.19,0.55,0.59,0.53,0.38,0.78,0.16,0.62,0.1,0.88,0.43,2.44,1.22,0.11,3.66,0.32
10887,德魯,新竹御嵿攻城獅,79,張宗憲,福爾摩沙夢想家,1,71,83.0,1121.59,18.69,18:42,1121.59,18.69,18:42,31.0,31.0,37.35,59.7,41.0,41.0,49.4,78.96,25.0,25.0,30.12,48.15,9.0,9.0,10.84,17.33,15.0,15.0,18.07,28.89,6.0,6.0,7.23,11.55,10.0,10.0,12.05,19.26,3.0,3.0,3.61,5.78,14.0,14.0,16.87,26.96,10.0,10.0,12.05,19.26,1.0,1.0,1.2,1.93,15.0,15.0,18.07,28.89,4.0,4.0,4.82,7.7,16.0,16.0,19.28,30.81,8.0,8.0,9.64,15.41,6.0,6.0,7.23,11.55,3.0,3.0,3.61,5.78,1.0,1.0,1.2,1.93,11.0,11.0,13.25,21.18,8.0,8.0,9.64,15.41,37.35,49.4,-12.05,106.56,-10.0,-10.0,-12.05,18.69,18.69,0.42,0.5,0.4,0.3,0.71,0.2,0.67,0.06,0.79,0.44,3.61,1.2,0.13,9.64,0.56
10887,德魯,新竹御嵿攻城獅,89,蔣淯安,福爾摩沙夢想家,1,59,66.0,967.11,16.12,16:07,967.11,16.12,16:07,24.0,24.0,36.36,53.6,33.0,33.0,50.0,73.7,23.0,23.0,34.85,51.37,8.0,8.0,12.12,17.87,12.0,12.0,18.18,26.8,5.0,5.0,7.58,11.17,11.0,11.0,16.67,24.57,3.0,3.0,4.55,6.7,6.0,6.0,9.09,13.4,5.0,5.0,7.58,11.17,2.0,2.0,3.03,4.47,14.0,14.0,21.21,31.27,1.0,1.0,1.52,2.23,13.0,13.0,19.7,29.03,6.0,6.0,9.09,13.4,4.0,4.0,6.06,8.93,3.0,3.0,4.55,6.7,1.0,1.0,1.52,2.23,10.0,10.0,15.15,22.33,2.0,2.0,3.03,4.47,36.36,50.0,-13.64,98.27,-9.0,-9.0,-13.64,16.12,16.12,0.41,0.47,0.42,0.27,0.83,0.19,0.5,0.13,0.93,0.53,4.55,1.52,0.15,3.03,0.26
10887,德魯,新竹御嵿攻城獅,103,忻沃克,福爾摩沙夢想家,1,61,71.0,1002.41,16.71,16:42,1002.41,16.71,16:42,29.0,29.0,40.85,62.49,32.0,32.0,45.07,68.95,22.0,22.0,30.99,47.41,8.0,8.0,11.27,17.24,13.0,13.0,18.31,28.01,5.0,5.0,7.04,10.77,9.0,9.0,12.68,19.39,3.0,3.0,4.23,6.46,14.0,14.0,19.72,30.17,10.0,10.0,14.08,21.55,2.0,2.0,2.82,4.31,13.0,13.0,18.31,28.01,1.0,1.0,1.41,2.15,14.0,14.0,19.72,30.17,6.0,6.0,8.45,12.93,5.0,5.0,7.04,10.77,2.0,2.0,2.82,4.31,1.0,1.0,1.41,2.15,13.0,13.0,18.31,28.01,2.0,2.0,2.82,4.31,40.85,45.07,-4.23,101.99,-3.0,-3.0,-4.23,16.71,16.71,0.43,0.51,0.38,0.33,0.71,0.18,0.62,0.12,0.93,0.5,2.82,1.41,0.18,2.82,0.64
10887,德魯,新竹御嵿攻城獅,106,高柏鎧,福爾摩沙夢想家,1,56,61.0,927.5,15.46,15:28,927.5,15.46,15:28,25.0,25.0,40.98,58.22,32.0,32.0,52.46,74.52,22.0,22.0,36.07,51.23,10.0,10.0,16.39,23.29,13.0,13.0,21.31,30.27,7.0,7.0,11.48,16.3,9.0,9.0,14.75,20.96,3.0,3.0,4.92,6.99,6.0,6.0,9.84,13.97,2.0,2.0,3.28,4.66,0.0,0.0,0.0,0.0,13.0,13.0,21.31,30.27,2.0,2.0,3.28,4.66,13.0,13.0,21.31,30.27,4.0,4.0,6.56,9.32,8.0,8.0,13.11,18.63,1.0,1.0,1.64,2.33,1.0,1.0,1.64,2.33,10.0,10.0,16.39,23.29,3.0,3.0,4.92,6.99,40.98,52.46,-11.48,94.71,-7.0,-7.0,-11.48,15.46,15.46,0.52,0.51,0.54,0.33,0.33,0.14,0.8,0.0,0.87,0.46,1.64,1.64,0.16,4.92,0.27
10887,德魯,新竹御嵿攻城獅,13906,班提爾,福爾摩沙夢想家,1,82,95.0,1319.97,22.0,22:00,1319.97,22.0,22:00,39.0,39.0,41.05,63.82,48.0,48.0,50.53,78.55,31.0,31.0,32.63,50.73,12.0,12.0,12.63,19.64,16.0,16.0,16.84,26.18,7.0,7.0,7.37,11.45,15.0,15.0,15.79,24.55,5.0,5.0,5.26,8.18,14.0,14.0,14.74,22.91,10.0,10.0,10.53,16.36,2.0,2.0,2.11,3.27,17.0,17.0,17.89,27.82,3.0,3.0,3.16,4.91,18.0,18.0,18.95,29.46,8.0,8.0,8.42,13.09,7.0,7.0,7.37,11.45,4.0,4.0,4.21,6.55,1.0,1.0,1.05,1.64,13.0,13.0,13.68,21.27,8.0,8.0,8.42,13.09,41.05,50.53,-9.47,103.64,-9.0,-9.0,-9.47,22.0,22.0,0.47,0.52,0.44,0.33,0.71,0.18,0.58,0.1,0.85,0.48,4.21,1.05,0.14,8.42,0.45
10888,帕塞獅,新竹御嵿攻城獅,79,張宗憲,福爾摩沙夢想家,1,73,81.0,1170.52,19.51,19:31,1170.52,19.51,19:31,41.0,41.0,50.62,75.66,33.0,33.0,40.74,60.9,28.0,28.0,34.57,51.67,16.0,16.0,19.75,29.53,20.0,20.0,24.69,36.91,13.0,13.0,16.05,23.99,8.0,8.0,9.88,14.76,3.0,3.0,3.7,5.54,6.0,6.0,7.41,11.07,6.0,6.0,7.41,11.07,2.0,2.0,2.47,3.69,10.0,10.0,12.35,18.45,0.0,0.0,0.0,0.0,16.0,16.0,19.75,29.53,8.0,8.0,9.88,14.76,10.0,10.0,12.35,18.45,4.0,4.0,4.94,7.38,3.0,3.0,3.7,5.54,6.0,6.0,7.41,11.07,4.0,4.0,4.94,7.38,50.62,40.74,9.88,99.65,8.0,8.0,9.88,19.51,19.51,0.62,0.67,0.65,0.38,1.0,0.21,0.62,0.11,1.0,0.43,4.94,3.7,0.07,4.94,0.21
10888,帕塞獅,新竹御嵿攻城獅,89,蔣淯安,福爾摩沙夢想家,1,89,101.0,1456.32,24.27,24:16,1456.32,24.27,24:16,48.0,48.0,47.52,71.19,43.0,43.0,42.57,63.78,36.0,36.0,35.64,53.39,19.0,19.0,18.81,28.18,22.0,22.0,21.78,32.63,14.0,14.0,13.86,20.76,14.0,14.0,13.86,20.76,5.0,5.0,4.95,7.42,7.0,7.0,6.93,10.38,5.0,5.0,4.95,7.42,4.0,4.0,3.96,5.93,14.0,14.0,13.86,20.76,2.0,2.0,1.98,2.97,20.0,20.0,19.8,29.66,8.0,8.0,7.92,11.87,11.0,11.0,10.89,16.32,4.0,4.0,3.96,5.93,3.0,3.0,2.97,4.45,8.0,8.0,7.92,11.87,7.0,7.0,6.93,10.38,47.52,42.57,4.95,99.87,5.0,5.0,4.95,24.27,24.27,0.6,0.61,0.64,0.36,0.71,0.17,0.58,0.17,0.88,0.45,3.96,2.97,0.08,6.93,0.19
10888,帕塞獅,新竹御嵿攻城獅,103,忻沃克,福爾摩沙夢想家,1,84,94.0,1398.45,23.31,23:18,1398.45,23.31,23:18,49.0,49.0,52.13,75.68,42.0,42.0,44.68,64.87,37.0,37.0,39.36,57.15,20.0,20.0,21.28,30.89,24.0,24.0,25.53,37.07,16.0,16.0,17.02,24.71,13.0,13.0,13.83,20.08,4.0,4.0,4.26,6.18,7.0,7.0,7.45,10.81,5.0,5.0,5.32,7.72,5.0,5.0,5.32,7.72,13.0,13.0,13.83,20.08,2.0,2.0,2.13,3.09,19.0,19.0,20.21,29.35,5.0,5.0,5.32,7.72,12.0,12.0,12.77,18.53,1.0,1.0,1.06,1.54,2.0,2.0,2.13,3.09,8.0,8.0,8.51,12.36,3.0,3.0,3.19,4.63,52.13,44.68,7.45,96.79,7.0,7.0,7.45,23.31,23.31,0.59,0.61,0.67,0.31,0.71,0.11,0.6,0.21,0.87,0.46,1.06,2.13,0.09,3.19,0.19
10888,帕塞獅,新竹御嵿攻城獅,106,高柏鎧,福爾摩沙夢想家,1,64,73.0,1082.92,18.05,18:03,1082.92,18.05,18:03,31.0,31.0,42.47,61.83,32.0,32.0,43.84,63.83,29.0,29.0,39.73,57.84,14.0,14.0,19.18,27.92,19.0,19.0,26.03,37.9,12.0,12.0,16.44,23.94,10.0,10.0,13.7,19.95,2.0,2.0,2.74,3.99,2.0,2.0,2.74,3.99,1.0,1.0,1.37,1.99,4.0,4.0,5.48,7.98,11.0,11.0,15.07,21.94,2.0,2.0,2.74,3.99,13.0,13.0,17.81,25.93,5.0,5.0,6.85,9.97,7.0,7.0,9.59,13.96,2.0,2.0,2.74,3.99,2.0,2.0,2.74,3.99,3.0,3.0,4.11,5.98,1.0,1.0,1.37,1.99,42.47,43.84,-1.37,97.07,-1.0,-1.0,-1.37,18.05,18.05,0.52,0.52,0.63,0.2,0.5,0.14,0.5,0.24,0.85,0.5,2.74,2.74,0.04,1.37,0.07
10888,帕塞獅,新竹御嵿攻城獅,13906,班提爾,福爾摩沙夢想家,1,87,95.0,1380.08,23.0,23:00,1380.08,23.0,23:00,47.0,47.0,49.47,73.56,42.0,42.0,44.21,65.74,32.0,32.0,33.68,50.08,18.0,18.0,18.95,28.17,21.0,21.0,22.11,32.87,13.0,13.0,13.68,20.35,11.0,11.0,11.58,17.22,5.0,5.0,5.26,7.83,7.0,7.0,7.37,10.96,6.0,6.0,6.32,9.39,2.0,2.0,2.11,3.13,14.0,14.0,14.74,21.91,0.0,0.0,0.0,0.0,22.0,22.0,23.16,34.43,9.0,9.0,9.47,14.09,11.0,11.0,11.58,17.22,4.0,4.0,4.21,6.26,3.0,3.0,3.16,4.7,10.0,10.0,10.53,15.65,7.0,7.0,7.37,10.96,49.47,44.21,5.26,99.12,5.0,5.0,5.26,23.0,23.0,0.64,0.67,0.62,0.45,0.86,0.2,0.61,0.08,1.0,0.42,4.21,3.16,0.11,7.37,0.22
79,張宗憲,福爾摩沙夢想家,14843,馬力,新竹御嵿攻城獅,1,86,100.0,1356.12,22.6,22:36,1356.12,22.6,22:36,46.0,46.0,46.0,73.27,46.0,46.0,46.0,73.27,38.0,38.0,38.0,60.53,16.0,16.0,16.0,25.48,21.0,21.0,21.0,33.45,11.0,11.0,11.0,17.52,17.0,17.0,17.0,27.08,5.0,5.0,5.0,7.96,12.0,12.0,12.0,19.11,9.0,9.0,9.0,14.34,4.0,4.0,4.0,6.37,16.0,16.0,16.0,25.48,3.0,3.0,3.0,4.78,13.0,13.0,13.0,20.71,4.0,4.0,4.0,6.37,9.0,9.0,9.0,14.34,2.0,2.0,2.0,3.19,2.0,2.0,2.0,3.19,9.0,9.0,9.0,14.34,16.0,16.0,16.0,25.48,46.0,46.0,0.0,106.19,0.0,0.0,0.0,22.6,22.6,0.49,0.53,0.52,0.29,0.75,0.08,0.56,0.24,0.84,0.56,2.0,2.0,0.09,16.0,0.32
89,蔣淯安,福爾摩沙夢想家,14843,馬力,新竹御嵿攻城獅,1,72,83.0,1181.43,19.69,19:41,1181.43,19.69,19:41,34.0,34.0,40.96,62.16,30.0,30.0,36.14,54.85,32.0,32.0,38.55,58.51,15.0,15.0,18.07,27.42,22.0,22.0,26.51,40.22,13.0,13.0,15.66,23.77,10.0,10.0,12.05,18.28,2.0,2.0,2.41,3.66,5.0,5.0,6.02,9.14,2.0,2.0,2.41,3.66,3.0,3.0,3.61,5.48,13.0,13.0,15.66,23.77,6.0,6.0,7.23,10.97,12.0,12.0,14.46,21.94,5.0,5.0,6.02,9.14,11.0,11.0,13.25,20.11,1.0,1.0,1.2,1.83,3.0,3.0,3.61,5.48,6.0,6.0,7.23,10.97,7.0,7.0,8.43,12.8,40.96,36.14,4.82,101.17,4.0,4.0,4.82,19.69,19.69,0.5,0.5,0.59,0.2,0.4,0.13,0.73,0.2,0.68,0.47,1.2,3.61,0.07,8.43,0.16
103,忻沃克,福爾摩沙夢想家,14843,馬力,新竹御嵿攻城獅,1,83,95.0,1390.85,23.18,23:11,1390.85,23.18,23:11,42.0,42.0,44.21,65.23,46.0,46.0,48.42,71.44,38.0,38.0,40.0,59.01,18.0,18.0,18.95,27.95,23.0,23.0,24.21,35.72,14.0,14.0,14.74,21.74,15.0,15.0,15.79,23.3,4.0,4.0,4.21,6.21,5.0,5.0,5.26,7.77,2.0,2.0,2.11,3.11,3.0,3.0,3.16,4.66,17.0,17.0,17.89,26.4,7.0,7.0,7.37,10.87,12.0,12.0,12.63,18.64,4.0,4.0,4.21,6.21,8.0,8.0,8.42,12.42,2.0,2.0,2.11,3.11,1.0,1.0,1.05,1.55,6.0,6.0,6.32,9.32,15.0,15.0,15.79,23.3,44.21,48.42,-4.21,98.36,-4.0,-4.0,-4.21,23.18,23.18,0.53,0.52,0.61,0.27,0.4,0.09,0.44,0.2,0.71,0.51,2.11,1.05,0.06,15.79,0.13
107,霍爾曼,福爾摩沙夢想家,75,高國豪,新竹御嵿攻城獅,1,76,89.0,1388.96,23.15,23:09,1388.96,23.15,23:09,43.0,43.0,48.31,66.87,49.0,49.0,55.06,76.2,37.0,37.0,41.57,57.54,17.0,17.0,19.1,26.44,22.0,22.0,24.72,34.21,13.0,13.0,14.61,20.22,15.0,15.0,16.85,23.33,4.0,4.0,4.49,6.22,7.0,7.0,7.87,10.89,5.0,5.0,5.62,7.78,4.0,4.0,4.49,6.22,15.0,15.0,16.85,23.33,6.0,6.0,6.74,9.33,12.0,12.0,13.48,18.66,3.0,3.0,3.37,4.67,9.0,9.0,10.11,14.0,1.0,1.0,1.12,1.56,1.0,1.0,1.12,1.56,5.0,5.0,5.62,7.78,12.0,12.0,13.48,18.66,48.31,55.06,-6.74,92.27,-6.0,-6.0,-6.74,23.15,23.15,0.51,0.54,0.59,0.27,0.71,0.07,0.53,0.25,0.71,0.51,1.12,1.12,0.06,13.48,0.19
107,霍爾曼,福爾摩沙夢想家,76,曾柏喻,新竹御嵿攻城獅,1,84,94.0,1342.81,22.38,22:23,1342.81,22.38,22:23,46.0,46.0,48.94,73.99,49.0,49.0,52.13,78.82,39.0,39.0,41.49,62.73,16.0,16.0,17.02,25.74,23.0,23.0,24.47,37.0,11.0,11.0,11.7,17.69,16.0,16.0,17.02,25.74,5.0,5.0,5.32,8.04,10.0,10.0,10.64,16.09,9.0,9.0,9.57,14.48,4.0,4.0,4.26,6.43,18.0,18.0,19.15,28.95,1.0,1.0,1.06,1.61,14.0,14.0,14.89,22.52,3.0,3.0,3.19,4.83,7.0,7.0,7.45,11.26,1.0,1.0,1.06,1.61,2.0,2.0,2.13,3.22,7.0,7.0,7.45,11.26,13.0,13.0,13.83,20.91,48.94,52.13,-3.19,100.8,-3.0,-3.0,-3.19,22.38,22.38,0.47,0.53,0.48,0.31,0.9,0.06,0.44,0.22,0.95,0.59,1.06,2.13,0.07,13.83,0.26
107,霍爾曼,福爾摩沙夢想家,10885,劉丞勳,新竹御嵿攻城獅,1,50,55.0,843.92,14.07,14:04,843.92,14.07,14:04,27.0,27.0,49.09,69.11,31.0,31.0,56.36,79.34,26.0,26.0,47.27,66.55,10.0,10.0,18.18,25.59,14.0,14.0,25.45,35.83,7.0,7.0,12.73,17.92,12.0,12.0,21.82,30.71,3.0,3.0,5.45,7.68,4.0,4.0,7.27,10.24,4.0,4.0,7.27,10.24,3.0,3.0,5.45,7.68,13.0,13.0,23.64,33.27,1.0,1.0,1.82,2.56,10.0,10.0,18.18,25.59,0.0,0.0,0.0,0.0,5.0,5.0,9.09,12.8,0.0,0.0,0.0,0.0,1.0,1.0,1.82,2.56,4.0,4.0,7.27,10.24,11.0,11.0,20.0,28.15,49.09,56.36,-7.27,93.85,-4.0,-4.0,-7.27,14.07,14.07,0.44,0.49,0.5,0.25,1.0,0.0,0.5,0.23,0.93,0.59,0.0,1.82,0.07,20.0,0.15
107,霍爾曼,福爾摩沙夢想家,10887,德魯,新竹御嵿攻城獅,1,77,89.0,1291.09,21.52,21:31,1291.09,21.52,21:31,46.0,46.0,51.69,76.96,40.0,40.0,44.94,66.92,38.0,38.0,42.7,63.57,15.0,15.0,16.85,25.1,19.0,19.0,21.35,31.79,9.0,9.0,10.11,15.06,19.0,19.0,21.35,31.79,6.0,6.0,6.74,10.04,11.0,11.0,12.36,18.4,10.0,10.0,11.24,16.73,5.0,5.0,5.62,8.37,17.0,17.0,19.1,28.44,2.0,2.0,2.25,3.35,16.0,16.0,17.98,26.77,2.0,2.0,2.25,3.35,8.0,8.0,8.99,13.38,0.0,0.0,0.0,0.0,1.0,1.0,1.12,1.67,7.0,7.0,7.87,11.71,14.0,14.0,15.73,23.42,51.69,44.94,6.74,99.26,6.0,6.0,6.74,21.52,21.52,0.47,0.54,0.47,0.32,0.91,0.04,0.53,0.24,0.89,0.55,0.0,1.12,0.08,15.73,0.29
107,霍爾曼,福爾摩沙夢想家,14843,馬力,新竹御嵿攻城獅,1,118,137.0,1978.98,32.98,32:59,1978.98,32.98,32:59,62.0,62.0,45.26,67.67,68.0,68.0,49.64,74.22,56.0,56.0,40.88,61.12,23.0,23.0,16.79,25.1,32.0,32.0,23.36,34.93,17.0,17.0,12.41,18.55,24.0,24.0,17.52,26.2,6.0,6.0,4.38,6.55,13.0,13.0,9.49,14.19,10.0,10.0,7.3,10.91,7.0,7.0,5.11,7.64,24.0,24.0,17.52,26.2,6.0,6.0,4.38,6.55,17.0,17.0,12.41,18.55,6.0,6.0,4.38,6.55,11.0,11.0,8.03,12.01,2.0,2.0,1.46,2.18,2.0,2.0,1.46,2.18,8.0,8.0,5.84,8.73,17.0,17.0,12.41,18.55,45.26,49.64,-4.38,99.69,-6.0,-6.0,-4.38,32.98,32.98,0.46,0.5,0.53,0.25,0.77,0.09,0.48,0.29,0.8,0.57,1.46,1.46,0.06,12.41,0.23
13906,班提爾,福爾摩沙夢想家,14843,馬力,新竹御嵿攻城獅,1,93,106.0,1458.04,24.3,24:18,1458.04,24.3,24:18,48.0,48.0,45.28,71.11,44.0,44.0,41.51,65.18,42.0,42.0,39.62,62.22,18.0,18.0,16.98,26.67,25.0,25.0,23.58,37.04,13.0,13.0,12.26,19.26,17.0,17.0,16.04,25.18,5.0,5.0,4.72,7.41,11.0,11.0,10.38,16.3,7.0,7.0,6.6,10.37,3.0,3.0,2.83,4.44,20.0,20.0,18.87,29.63,4.0,4.0,3.77,5.93,15.0,15.0,14.15,22.22,4.0,4.0,3.77,5.93,12.0,12.0,11.32,17.78,1.0,1.0,0.94,1.48,3.0,3.0,2.83,4.44,11.0,11.0,10.38,16.3,15.0,15.0,14.15,22.22,45.28,41.51,3.77,104.69,4.0,4.0,3.77,24.3,24.3,0.49,0.51,0.52,0.29,0.64,0.08,0.67,0.17,0.83,0.55,0.94,2.83,0.1,14.15,0.26
75,高國豪,新竹御嵿攻城獅,107,霍爾曼,福爾摩沙夢想家,1,76,89.0,1388.96,23.15,23:09,1388.96,23.15,23:09,49.0,49.0,55.06,76.2,43.0,43.0,48.31,66.87,35.0,35.0,39.33,54.43,17.0,17.0,19.1,26.44,18.0,18.0,20.22,27.99,11.0,11.0,12.36,17.11,17.0,17.0,19.1,26.44,6.0,6.0,6.74,9.33,12.0,12.0,13.48,18.66,9.0,9.0,10.11,14.0,6.0,6.0,6.74,9.33,12.0,12.0,13.48,18.66,4.0,4.0,4.49,6.22,15.0,15.0,16.85,23.33,3.0,3.0,3.37,4.67,13.0,13.0,14.61,20.22,2.0,2.0,2.25,3.11,0.0,0.0,0.0,0.0,11.0,11.0,12.36,17.11,7.0,7.0,7.87,10.89,55.06,48.31,6.74,92.27,6.0,6.0,6.74,23.15,23.15,0.57,0.61,0.61,0.35,0.75,0.07,0.76,0.29,0.75,0.49,2.25,0.0,0.12,7.87,0.34
76,曾柏喻,新竹御嵿攻城獅,107,霍爾曼,福爾摩沙夢想家,1,84,94.0,1342.81,22.38,22:23,1342.81,22.38,22:23,49.0,49.0,52.13,78.82,46.0,46.0,48.94,73.99,30.0,30.0,31.91,48.26,16.0,16.0,17.02,25.74,15.0,15.0,15.96,24.13,9.0,9.0,9.57,14.48,15.0,15.0,15.96,24.13,7.0,7.0,7.45,11.26,13.0,13.0,13.83,20.91,10.0,10.0,10.64,16.09,1.0,1.0,1.06,1.61,14.0,14.0,14.89,22.52,4.0,4.0,4.26,6.43,18.0,18.0,19.15,28.95,9.0,9.0,9.57,14.48,12.0,12.0,12.77,19.3,4.0,4.0,4.26,6.43,1.0,1.0,1.06,1.61,12.0,12.0,12.77,19.3,10.0,10.0,10.64,16.09,52.13,48.94,3.19,100.8,3.0,3.0,3.19,22.38,22.38,0.65,0.69,0.6,0.47,0.77,0.2,0.75,0.05,0.78,0.41,4.26,1.06,0.13,10.64,0.43
10885,劉丞勳,新竹御嵿攻城獅,107,霍爾曼,福爾摩沙夢想家,1,50,55.0,843.92,14.07,14:04,843.92,14.07,14:04,31.0,31.0,56.36,79.34,27.0,27.0,49.09,69.11,18.0,18.0,32.73,46.07,9.0,9.0,16.36,23.04,8.0,8.0,14.55,20.48,4.0,4.0,7.27,10.24,10.0,10.0,18.18,25.59,5.0,5.0,9.09,12.8,11.0,11.0,20.0,28.15,8.0,8.0,14.55,20.48,1.0,1.0,1.82,2.56,10.0,10.0,18.18,25.59,3.0,3.0,5.45,7.68,13.0,13.0,23.64,33.27,3.0,3.0,5.45,7.68,7.0,7.0,12.73,17.92,1.0,1.0,1.82,2.56,0.0,0.0,0.0,0.0,8.0,8.0,14.55,20.48,4.0,4.0,7.27,10.24,56.36,49.09,7.27,93.85,4.0,4.0,7.27,14.07,14.07,0.64,0.68,0.5,0.5,0.73,0.12,0.78,0.07,0.77,0.41,1.82,0.0,0.15,7.27,0.61
10887,德魯,新竹御嵿攻城獅,107,霍爾曼,福爾摩沙夢想家,1,77,89.0,1291.09,21.52,21:31,1291.09,21.52,21:31,40.0,40.0,44.94,66.92,46.0,46.0,51.69,76.96,29.0,29.0,32.58,48.52,12.0,12.0,13.48,20.08,13.0,13.0,14.61,21.75,6.0,6.0,6.74,10.04,16.0,16.0,17.98,26.77,6.0,6.0,6.74,10.04,14.0,14.0,15.73,23.42,10.0,10.0,11.24,16.73,2.0,2.0,2.25,3.35,16.0,16.0,17.98,26.77,5.0,5.0,5.62,8.37,17.0,17.0,19.1,28.44,6.0,6.0,6.74,10.04,11.0,11.0,12.36,18.4,3.0,3.0,3.37,5.02,0.0,0.0,0.0,0.0,13.0,13.0,14.61,21.75,11.0,11.0,12.36,18.4,44.94,51.69,-6.74,99.26,-6.0,-6.0,-6.74,21.52,21.52,0.52,0.57,0.46,0.38,0.71,0.15,0.92,0.11,0.76,0.45,3.37,0.0,0.15,12.36,0.48
14843,馬力,新竹御嵿攻城獅,79,張宗憲,福爾摩沙夢想家,1,86,100.0,1356.12,22.6,22:36,1356.12,22.6,22:36,46.0,46.0,46.0,73.27,46.0,46.0,46.0,73.27,31.0,31.0,31.0,49.38,15.0,15.0,15.0,23.89,21.0,21.0,21.0,33.45,11.0,11.0,11.0,17.52,10.0,10.0,10.0,15.93,4.0,4.0,4.0,6.37,16.0,16.0,16.0,25.48,12.0,12.0,12.0,19.11,3.0,3.0,3.0,4.78,13.0,13.0,13.0,20.71,4.0,4.0,4.0,6.37,16.0,16.0,16.0,25.48,10.0,10.0,10.0,15.93,12.0,12.0,12.0,19.11,5.0,5.0,5.0,7.96,2.0,2.0,2.0,3.19,11.0,11.0,11.0,17.52,12.0,12.0,12.0,19.11,46.0,46.0,0.0,106.19,0.0,0.0,0.0,22.6,22.6,0.55,0.6,0.52,0.4,0.75,0.21,0.8,0.16,0.76,0.44,5.0,2.0,0.11,12.0,0.52
14843,馬力,新竹御嵿攻城獅,89,蔣淯安,福爾摩沙夢想家,1,72,83.0,1181.43,19.69,19:41,1181.43,19.69,19:41,30.0,30.0,36.14,54.85,34.0,34.0,40.96,62.16,29.0,29.0,34.94,53.02,11.0,11.0,13.25,20.11,18.0,18.0,21.69,32.91,9.0,9.0,10.84,16.45,11.0,11.0,13.25,20.11,2.0,2.0,2.41,3.66,7.0,7.0,8.43,12.8,6.0,6.0,7.23,10.97,6.0,6.0,7.23,10.97,12.0,12.0,14.46,21.94,3.0,3.0,3.61,5.48,13.0,13.0,15.66,23.77,8.0,8.0,9.64,14.63,7.0,7.0,8.43,12.8,5.0,5.0,6.02,9.14,2.0,2.0,2.41,3.66,8.0,8.0,9.64,14.63,5.0,5.0,6.02,9.14,36.14,40.96,-4.82,101.17,-4.0,-4.0,-4.82,19.69,19.69,0.41,0.47,0.5,0.18,0.86,0.2,0.64,0.32,0.8,0.53,6.02,2.41,0.1,6.02,0.24
14843,馬力,新竹御嵿攻城獅,103,忻沃克,福爾摩沙夢想家,1,83,95.0,1390.85,23.18,23:11,1390.85,23.18,23:11,46.0,46.0,48.42,71.44,42.0,42.0,44.21,65.23,35.0,35.0,36.84,54.36,16.0,16.0,16.84,24.85,23.0,23.0,24.21,35.72,13.0,13.0,13.68,20.19,12.0,12.0,12.63,18.64,3.0,3.0,3.16,4.66,15.0,15.0,15.79,23.3,11.0,11.0,11.58,17.08,7.0,7.0,7.37,10.87,12.0,12.0,12.63,18.64,3.0,3.0,3.16,4.66,17.0,17.0,17.89,26.4,5.0,5.0,5.26,7.77,11.0,11.0,11.58,17.08,1.0,1.0,1.05,1.55,1.0,1.0,1.05,1.55,13.0,13.0,13.68,20.19,5.0,5.0,5.26,7.77,48.42,44.21,4.21,98.36,4.0,4.0,4.21,23.18,23.18,0.5,0.55,0.57,0.25,0.73,0.11,0.69,0.29,0.8,0.49,1.05,1.05,0.14,5.26,0.43
14843,馬力,新竹御嵿攻城獅,107,霍爾曼,福爾摩沙夢想家,1,118,137.0,1978.98,32.98,32:59,1978.98,32.98,32:59,68.0,68.0,49.64,74.22,62.0,62.0,45.26,67.67,48.0,48.0,35.04,52.39,24.0,24.0,17.52,26.2,27.0,27.0,19.71,29.47,17.0,17.0,12.41,18.55,21.0,21.0,15.33,22.92,7.0,7.0,5.11,7.64,17.0,17.0,12.41,18.55,13.0,13.0,9.49,14.19,6.0,6.0,4.38,6.55,17.0,17.0,12.41,18.55,7.0,7.0,5.11,7.64,24.0,24.0,17.52,26.2,10.0,10.0,7.3,10.91,19.0,19.0,13.87,20.74,5.0,5.0,3.65,5.46,1.0,1.0,0.73,1.09,14.0,14.0,10.22,15.28,13.0,13.0,9.49,14.19,49.64,45.26,4.38,99.69,6.0,6.0,4.38,32.98,32.98,0.57,0.61,0.63,0.33,0.76,0.15,0.79,0.2,0.71,0.43,3.65,0.73,0.1,9.49,0.35
14843,馬力,新竹御嵿攻城獅,13906,班提爾,福爾摩沙夢想家,1,93,106.0,1458.04,24.3,24:18,1458.04,24.3,24:18,44.0,44.0,41.51,65.18,48.0,48.0,45.28,71.11,33.0,33.0,31.13,48.89,14.0,14.0,13.21,20.74,21.0,21.0,19.81,31.11,10.0,10.0,9.43,14.81,12.0,12.0,11.32,17.78,4.0,4.0,3.77,5.93,15.0,15.0,14.15,22.22,12.0,12.0,11.32,17.78,4.0,4.0,3.77,5.93,15.0,15.0,14.15,22.22,3.0,3.0,2.83,4.44,20.0,20.0,18.87,29.63,11.0,11.0,10.38,16.3,10.0,10.0,9.43,14.81,6.0,6.0,5.66,8.89,2.0,2.0,1.89,2.96,13.0,13.0,12.26,19.26,11.0,11.0,10.38,16.3,41.51,45.28,-3.77,104.69,-4.0,-4.0,-3.77,24.3,24.3,0.48,0.56,0.48,0.33,0.8,0.22,0.71,0.17,0.83,0.45,5.66,1.89,0.12,10.38,0.45
99,盧冠良,福爾摩沙夢想家,75,高國豪,新竹御嵿攻城獅,1,33,38.0,637.25,10.62,10:37,637.25,10.62,10:37,24.0,24.0,63.16,81.35,22.0,22.0,57.89,74.57,18.0,18.0,47.37,61.01,9.0,9.0,23.68,30.51,11.0,11.0,28.95,37.29,6.0,6.0,15.79,20.34,7.0,7.0,18.42,23.73,3.0,3.0,7.89,10.17,3.0,3.0,7.89,10.17,3.0,3.0,7.89,10.17,3.0,3.0,7.89,10.17,6.0,6.0,15.79,20.34,2.0,2.0,5.26,6.78,7.0,7.0,18.42,23.73,0.0,0.0,0.0,0.0,6.0,6.0,15.79,20.34,0.0,0.0,0.0,0.0,1.0,1.0,2.63,3.39,3.0,3.0,7.89,10.17,3.0,3.0,7.89,10.17,63.16,57.89,5.26,85.87,2.0,2.0,5.26,10.62,10.62,0.58,0.62,0.55,0.43,1.0,0.0,0.67,0.3,0.75,0.5,0.0,2.63,0.08,7.89,0.17
99,盧冠良,福爾摩沙夢想家,76,曾柏喻,新竹御嵿攻城獅,1,45,51.0,732.69,12.21,12:13,732.69,12.21,12:13,30.0,30.0,58.82,88.44,23.0,23.0,45.1,67.8,22.0,22.0,43.14,64.86,9.0,9.0,17.65,26.53,12.0,12.0,23.53,35.38,5.0,5.0,9.8,14.74,10.0,10.0,19.61,29.48,4.0,4.0,7.84,11.79,8.0,8.0,15.69,23.58,8.0,8.0,15.69,23.58,4.0,4.0,7.84,11.79,9.0,9.0,17.65,26.53,0.0,0.0,0.0,0.0,11.0,11.0,21.57,32.43,1.0,1.0,1.96,2.95,5.0,5.0,9.8,14.74,0.0,0.0,0.0,0.0,1.0,1.0,1.96,2.95,4.0,4.0,7.84,11.79,5.0,5.0,9.8,14.74,58.82,45.1,13.73,100.23,7.0,7.0,13.73,12.21,12.21,0.5,0.59,0.42,0.4,1.0,0.04,0.56,0.27,1.0,0.54,0.0,1.96,0.08,9.8,0.36
99,盧冠良,福爾摩沙夢想家,10885,劉丞勳,新竹御嵿攻城獅,1,33,37.0,580.66,9.68,09:41,580.66,9.68,09:41,21.0,21.0,56.76,78.12,18.0,18.0,48.65,66.96,17.0,17.0,45.95,63.24,7.0,7.0,18.92,26.04,9.0,9.0,24.32,33.48,4.0,4.0,10.81,14.88,8.0,8.0,21.62,29.76,3.0,3.0,8.11,11.16,4.0,4.0,10.81,14.88,4.0,4.0,10.81,14.88,3.0,3.0,8.11,11.16,7.0,7.0,18.92,26.04,0.0,0.0,0.0,0.0,9.0,9.0,24.32,33.48,0.0,0.0,0.0,0.0,5.0,5.0,13.51,18.6,0.0,0.0,0.0,0.0,1.0,1.0,2.7,3.72,3.0,3.0,8.11,11.16,5.0,5.0,13.51,18.6,56.76,48.65,8.11,91.76,3.0,3.0,8.11,9.68,9.68,0.5,0.56,0.44,0.38,1.0,0.0,0.71,0.25,1.0,0.53,0.0,2.7,0.08,13.51,0.24
99,盧冠良,福爾摩沙夢想家,10887,德魯,新竹御嵿攻城獅,1,51,57.0,844.96,14.08,14:05,844.96,14.08,14:05,36.0,36.0,63.16,92.03,28.0,28.0,49.12,71.58,25.0,25.0,43.86,63.91,11.0,11.0,19.3,28.12,13.0,13.0,22.81,33.23,6.0,6.0,10.53,15.34,12.0,12.0,21.05,30.68,5.0,5.0,8.77,12.78,9.0,9.0,15.79,23.01,9.0,9.0,15.79,23.01,4.0,4.0,7.02,10.23,10.0,10.0,17.54,25.56,0.0,0.0,0.0,0.0,11.0,11.0,19.3,28.12,1.0,1.0,1.75,2.56,7.0,7.0,12.28,17.89,0.0,0.0,0.0,0.0,1.0,1.0,1.75,2.56,5.0,5.0,8.77,12.78,7.0,7.0,12.28,17.89,63.16,49.12,14.04,97.14,8.0,8.0,14.04,14.08,14.08,0.54,0.62,0.46,0.42,1.0,0.03,0.64,0.27,1.0,0.56,0.0,1.75,0.09,12.28,0.36
99,盧冠良,福爾摩沙夢想家,14843,馬力,新竹御嵿攻城獅,1,47,55.0,827.02,13.78,13:47,827.02,13.78,13:47,31.0,31.0,56.36,80.97,24.0,24.0,43.64,62.68,25.0,25.0,45.45,65.3,10.0,10.0,18.18,26.12,14.0,14.0,25.45,36.57,6.0,6.0,10.91,15.67,11.0,11.0,20.0,28.73,4.0,4.0,7.27,10.45,7.0,7.0,12.73,18.28,7.0,7.0,12.73,18.28,6.0,6.0,10.91,15.67,9.0,9.0,16.36,23.51,2.0,2.0,3.64,5.22,10.0,10.0,18.18,26.12,1.0,1.0,1.82,2.61,6.0,6.0,10.91,15.67,0.0,0.0,0.0,0.0,1.0,1.0,1.82,2.61,5.0,5.0,9.09,13.06,6.0,6.0,10.91,15.67,56.36,43.64,12.73,95.77,7.0,7.0,12.73,13.78,13.78,0.48,0.55,0.43,0.36,1.0,0.03,0.6,0.38,0.82,0.56,0.0,1.82,0.09,10.91,0.28
75,高國豪,新竹御嵿攻城獅,99,盧冠良,福爾摩沙夢想家,1,33,38.0,637.25,10.62,10:37,637.25,10.62,10:37,22.0,22.0,57.89,74.57,24.0,24.0,63.16,81.35,17.0,17.0,44.74,57.62,9.0,9.0,23.68,30.51,8.0,8.0,21.05,27.12,6.0,6.0,15.79,20.34,9.0,9.0,23.68,30.51,3.0,3.0,7.89,10.17,3.0,3.0,7.89,10.17,1.0,1.0,2.63,3.39,2.0,2.0,5.26,6.78,7.0,7.0,18.42,23.73,3.0,3.0,7.89,10.17,6.0,6.0,15.79,20.34,1.0,1.0,2.63,3.39,6.0,6.0,15.79,20.34,1.0,1.0,2.63,3.39,0.0,0.0,0.0,0.0,5.0,5.0,13.16,16.95,3.0,3.0,7.89,10.17,57.89,63.16,-5.26,85.87,-2.0,-2.0,-5.26,10.62,10.62,0.62,0.6,0.75,0.33,0.33,0.05,0.67,0.25,0.7,0.5,2.63,0.0,0.13,7.89,0.18
76,曾柏喻,新竹御嵿攻城獅,99,盧冠良,福爾摩沙夢想家,1,45,51.0,732.69,12.21,12:13,732.69,12.21,12:13,23.0,23.0,45.1,67.8,30.0,30.0,58.82,88.44,18.0,18.0,35.29,53.06,8.0,8.0,15.69,23.58,6.0,6.0,11.76,17.69,3.0,3.0,5.88,8.84,12.0,12.0,23.53,35.38,5.0,5.0,9.8,14.74,5.0,5.0,9.8,14.74,2.0,2.0,3.92,5.9,0.0,0.0,0.0,0.0,11.0,11.0,21.57,32.43,4.0,4.0,7.84,11.79,9.0,9.0,17.65,26.53,3.0,3.0,5.88,8.84,7.0,7.0,13.73,20.64,2.0,2.0,3.92,5.9,0.0,0.0,0.0,0.0,5.0,5.0,9.8,14.74,8.0,8.0,15.69,23.58,45.1,58.82,-13.73,100.23,-7.0,-7.0,-13.73,12.21,12.21,0.58,0.57,0.5,0.42,0.4,0.13,0.88,0.0,0.73,0.46,3.92,0.0,0.1,15.69,0.28
10885,劉丞勳,新竹御嵿攻城獅,99,盧冠良,福爾摩沙夢想家,1,33,37.0,580.66,9.68,09:41,580.66,9.68,09:41,18.0,18.0,48.65,66.96,21.0,21.0,56.76,78.12,13.0,13.0,35.14,48.36,6.0,6.0,16.22,22.32,5.0,5.0,13.51,18.6,2.0,2.0,5.41,7.44,8.0,8.0,21.62,29.76,4.0,4.0,10.81,14.88,5.0,5.0,13.51,18.6,2.0,2.0,5.41,7.44,0.0,0.0,0.0,0.0,9.0,9.0,24.32,33.48,3.0,3.0,8.11,11.16,7.0,7.0,18.92,26.04,2.0,2.0,5.41,7.44,5.0,5.0,13.51,18.6,1.0,1.0,2.7,3.72,0.0,0.0,0.0,0.0,4.0,4.0,10.81,14.88,4.0,4.0,10.81,14.88,48.65,56.76,-8.11,91.76,-3.0,-3.0,-8.11,9.68,9.68,0.62,0.59,0.4,0.5,0.4,0.12,0.83,0.0,0.75,0.47,2.7,0.0,0.11,10.81,0.38
10887,德魯,新竹御嵿攻城獅,99,盧冠良,福爾摩沙夢想家,1,51,57.0,844.96,14.08,14:05,844.96,14.08,14:05,28.0,28.0,49.12,71.58,36.0,36.0,63.16,92.03,20.0,20.0,35.09,51.13,10.0,10.0,17.54,25.56,8.0,8.0,14.04,20.45,5.0,5.0,8.77,12.78,12.0,12.0,21.05,30.68,5.0,5.0,8.77,12.78,7.0,7.0,12.28,17.89,3.0,3.0,5.26,7.67,0.0,0.0,0.0,0.0,11.0,11.0,19.3,28.12,4.0,4.0,7.02,10.23,10.0,10.0,17.54,25.56,3.0,3.0,5.26,7.67,10.0,10.0,17.54,25.56,2.0,2.0,3.51,5.11,0.0,0.0,0.0,0.0,7.0,7.0,12.28,17.89,9.0,9.0,15.79,23.01,49.12,63.16,-14.04,97.14,-8.0,-8.0,-14.04,14.08,14.08,0.62,0.61,0.62,0.42,0.43,0.12,1.0,0.0,0.73,0.44,3.51,0.0,0.12,15.79,0.35
14843,馬力,新竹御嵿攻城獅,99,盧冠良,福爾摩沙夢想家,1,47,55.0,827.02,13.78,13:47,827.02,13.78,13:47,24.0,24.0,43.64,62.68,31.0,31.0,56.36,80.97,21.0,21.0,38.18,54.85,9.0,9.0,16.36,23.51,9.0,9.0,16.36,23.51,6.0,6.0,10.91,15.67,12.0,12.0,21.82,31.34,3.0,3.0,5.45,7.84,6.0,6.0,10.91,15.67,3.0,3.0,5.45,7.84,2.0,2.0,3.64,5.22,10.0,10.0,18.18,26.12,6.0,6.0,10.91,15.67,9.0,9.0,16.36,23.51,3.0,3.0,5.45,7.84,8.0,8.0,14.55,20.89,2.0,2.0,3.64,5.22,0.0,0.0,0.0,0.0,5.0,5.0,9.09,13.06,7.0,7.0,12.73,18.28,43.64,56.36,-12.73,95.77,-7.0,-7.0,-12.73,13.78,13.78,0.5,0.51,0.67,0.25,0.5,0.11,0.89,0.18,0.62,0.44,3.64,0.0,0.09,12.73,0.29
73,陳振傑,福爾摩沙夢想家,75,高國豪,新竹御嵿攻城獅,1,5,5.0,101.9,1.7,01:42,101.9,1.7,01:42,3.0,3.0,60.0,63.59,4.0,4.0,80.0,84.79,2.0,2.0,40.0,42.39,1.0,1.0,20.0,21.2,1.0,1.0,20.0,21.2,1.0,1.0,20.0,21.2,1.0,1.0,20.0,21.2,0.0,0.0,0.0,0.0,1.0,1.0,20.0,21.2,1.0,1.0,20.0,21.2,0.0,0.0,0.0,0.0,1.0,1.0,20.0,21.2,0.0,0.0,0.0,0.0,1.0,1.0,20.0,21.2,0.0,0.0,0.0,0.0,1.0,1.0,20.0,21.2,0.0,0.0,0.0,0.0,0.0,0.0,0.0,0.0,1.0,1.0,20.0,21.2,0.0,0.0,0.0,0.0,60.0,80.0,-20.0,70.66,-1.0,-1.0,-20.0,1.7,1.7,0.5,0.61,1.0,0.0,1.0,0.0,1.0,0.0,1.0,0.5,0.0,0.0,0.2,0.0,0.5
73,陳振傑,福爾摩沙夢想家,76,曾柏喻,新竹御嵿攻城獅,1,8,9.0,143.0,2.38,02:23,143.0,2.38,02:23,5.0,5.0,55.56,75.52,3.0,3.0,33.33,45.31,4.0,4.0,44.44,60.42,2.0,2.0,22.22,30.21,2.0,2.0,22.22,30.21,1.0,1.0,11.11,15.1,2.0,2.0,22.22,30.21,1.0,1.0,11.11,15.1,0.0,0.0,0.0,0.0,0.0,0.0,0.0,0.0,1.0,1.0,11.11,15.1,1.0,1.0,11.11,15.1,0.0,0.0,0.0,0.0,3.0,3.0,33.33,45.31,1.0,1.0,11.11,15.1,0.0,0.0,0.0,0.0,0.0,0.0,0.0,0.0,0.0,0.0,0.0,0.0,0.0,0.0,0.0,0.0,0.0,0.0,0.0,0.0,55.56,33.33,22.22,90.63,2.0,2.0,22.22,2.38,2.38,0.62,0.62,0.5,0.5,,0.2,0.0,0.25,1.0,0.4,0.0,0.0,0.0,0.0,0.0
73,陳振傑,福爾摩沙夢想家,10885,劉丞勳,新竹御嵿攻城獅,1,1,1.0,24.0,0.4,00:24,24.0,0.4,00:24,0.0,0.0,0.0,0.0,0.0,0.0,0.0,0.0,0.0,0.0,0.0,0.0,0.0,0.0,0.0,0.0,0.0,0.0,0.0,0.0,0.0,0.0,0.0,0.0,0.0,0.0,0.0,0.0,0.0,0.0,0.0,0.0,0.0,0.0,0.0,0.0,0.0,0.0,0.0,0.0,0.0,0.0,0.0,0.0,0.0,0.0,0.0,0.0,0.0,0.0,0.0,0.0,1.0,1.0,100.0,90.0,0.0,0.0,0.0,0.0,0.0,0.0,0.0,0.0,0.0,0.0,0.0,0.0,0.0,0.0,0.0,0.0,0.0,0.0,0.0,0.0,0.0,0.0,0.0,0.0,0.0,0.0,0.0,60.0,0.0,0.0,0.0,0.4,0.4,,,,,,,,0.0,,0.0,0.0,0.0,0.0,0.0,
73,陳振傑,福爾摩沙夢想家,10887,德魯,新竹御嵿攻城獅,1,12,13.0,220.9,3.68,03:41,220.9,3.68,03:41,8.0,8.0,61.54,78.23,7.0,7.0,53.85,68.45,6.0,6.0,46.15,58.67,3.0,3.0,23.08,29.33,3.0,3.0,23.08,29.33,2.0,2.0,15.38,19.56,3.0,3.0,23.08,29.33,1.0,1.0,7.69,9.78,1.0,1.0,7.69,9.78,1.0,1.0,7.69,9.78,1.0,1.0,7.69,9.78,2.0,2.0,15.38,19.56,0.0,0.0,0.0,0.0,3.0,3.0,23.08,29.33,1.0,1.0,7.69,9.78,1.0,1.0,7.69,9.78,0.0,0.0,0.0,0.0,0.0,0.0,0.0,0.0,1.0,1.0,7.69,9.78,0.0,0.0,0.0,0.0,61.54,53.85,7.69,84.74,1.0,1.0,7.69,3.68,3.68,0.58,0.62,0.67,0.33,1.0,0.13,0.33,0.25,1.0,0.5,0.0,0.0,0.08,0.0,0.17
73,陳振傑,福爾摩沙夢想家,14843,馬力,新竹御嵿攻城獅,1,12,13.0,220.9,3.68,03:41,220.9,3.68,03:41,8.0,8.0,61.54,78.23,7.0,7.0,53.85,68.45,6.0,6.0,46.15,58.67,3.0,3.0,23.08,29.33,3.0,3.0,23.08,29.33,2.0,2.0,15.38,19.56,3.0,3.0,23.08,29.33,1.0,1.0,7.69,9.78,1.0,1.0,7.69,9.78,1.0,1.0,7.69,9.78,1.0,1.0,7.69,9.78,2.0,2.0,15.38,19.56,0.0,0.0,0.0,0.0,3.0,3.0,23.08,29.33,1.0,1.0,7.69,9.78,1.0,1.0,7.69,9.78,0.0,0.0,0.0,0.0,0.0,0.0,0.0,0.0,1.0,1.0,7.69,9.78,0.0,0.0,0.0,0.0,61.54,53.85,7.69,84.74,1.0,1.0,7.69,3.68,3.68,0.58,0.62,0.67,0.33,1.0,0.13,0.33,0.25,1.0,0.5,0.0,0.0,0.08,0.0,0.17
86,林俊吉,福爾摩沙夢想家,75,高國豪,新竹御嵿攻城獅,1,32,36.0,609.12,10.15,10:09,609.12,10.15,10:09,20.0,20.0,55.56,70.92,24.0,24.0,66.67,85.11,17.0,17.0,47.22,60.28,8.0,8.0,22.22,28.37,10.0,10.0,27.78,35.46,6.0,6.0,16.67,21.28,7.0,7.0,19.44,24.82,2.0,2.0,5.56,7.09,3.0,3.0,8.33,10.64,2.0,2.0,5.56,7.09,1.0,1.0,2.78,3.55,8.0,8.0,22.22,28.37,1.0,1.0,2.78,3.55,4.0,4.0,11.11,14.18,0.0,0.0,0.0,0.0,6.0,6.0,16.67,21.28,0.0,0.0,0.0,0.0,1.0,1.0,2.78,3.55,6.0,6.0,16.67,21.28,8.0,8.0,22.22,28.37,55.56,66.67,-11.11,85.11,-4.0,-4.0,-11.11,10.15,10.15,0.53,0.55,0.6,0.29,0.67,0.0,0.75,0.2,0.89,0.64,0.0,2.78,0.17,22.22,0.18
86,林俊吉,福爾摩沙夢想家,76,曾柏喻,新竹御嵿攻城獅,1,69,76.0,1017.89,16.96,16:58,1017.89,16.96,16:58,34.0,34.0,44.74,72.15,37.0,37.0,48.68,78.52,31.0,31.0,40.79,65.78,12.0,12.0,15.79,25.46,19.0,19.0,25.0,40.32,9.0,9.0,11.84,19.1,12.0,12.0,15.79,25.46,3.0,3.0,3.95,6.37,9.0,9.0,11.84,19.1,7.0,7.0,9.21,14.85,3.0,3.0,3.95,6.37,16.0,16.0,21.05,33.95,1.0,1.0,1.32,2.12,11.0,11.0,14.47,23.34,3.0,3.0,3.95,6.37,4.0,4.0,5.26,8.49,1.0,1.0,1.32,2.12,1.0,1.0,1.32,2.12,4.0,4.0,5.26,8.49,8.0,8.0,10.53,16.98,44.74,48.68,-3.95,107.52,-3.0,-3.0,-3.95,16.96,16.96,0.44,0.49,0.47,0.25,0.78,0.08,0.33,0.21,0.94,0.61,1.32,1.32,0.05,10.53,0.29
86,林俊吉,福爾摩沙夢想家,10885,劉丞勳,新竹御嵿攻城獅,1,40,42.0,629.99,10.5,10:30,629.99,10.5,10:30,19.0,19.0,45.24,65.14,23.0,23.0,54.76,78.86,20.0,20.0,47.62,68.57,8.0,8.0,19.05,27.43,13.0,13.0,30.95,44.57,7.0,7.0,16.67,24.0,7.0,7.0,16.67,24.0,1.0,1.0,2.38,3.43,3.0,3.0,7.14,10.29,2.0,2.0,4.76,6.86,2.0,2.0,4.76,6.86,12.0,12.0,28.57,41.14,1.0,1.0,2.38,3.43,7.0,7.0,16.67,24.0,0.0,0.0,0.0,0.0,4.0,4.0,9.52,13.71,0.0,0.0,0.0,0.0,1.0,1.0,2.38,3.43,4.0,4.0,9.52,13.71,8.0,8.0,19.05,27.43,45.24,54.76,-9.52,96.0,-4.0,-4.0,-9.52,10.5,10.5,0.42,0.45,0.54,0.14,0.67,0.0,0.5,0.22,0.92,0.64,0.0,2.38,0.1,19.05,0.15
86,林俊吉,福爾摩沙夢想家,10887,德魯,新竹御嵿攻城獅,1,50,58.0,817.02,13.62,13:37,817.02,13.62,13:37,30.0,30.0,51.72,79.31,29.0,29.0,50.0,76.67,25.0,25.0,43.1,66.09,9.0,9.0,15.52,23.79,12.0,12.0,20.69,31.72,5.0,5.0,8.62,13.22,13.0,13.0,22.41,34.37,4.0,4.0,6.9,10.57,9.0,9.0,15.52,23.79,8.0,8.0,13.79,21.15,4.0,4.0,6.9,10.57,12.0,12.0,20.69,31.72,0.0,0.0,0.0,0.0,9.0,9.0,15.52,23.79,1.0,1.0,1.72,2.64,4.0,4.0,6.9,10.57,0.0,0.0,0.0,0.0,0.0,0.0,0.0,0.0,6.0,6.0,10.34,15.86,12.0,12.0,20.69,31.72,51.72,50.0,1.72,102.22,1.0,1.0,1.72,13.62,13.62,0.44,0.52,0.42,0.31,0.89,0.03,0.44,0.31,1.0,0.64,0.0,0.0,0.1,20.69,0.36
86,林俊吉,福爾摩沙夢想家,14843,馬力,新竹御嵿攻城獅,1,90,101.0,1410.15,23.5,23:30,1410.15,23.5,23:30,48.0,48.0,47.52,73.52,51.0,51.0,50.5,78.12,43.0,43.0,42.57,65.87,17.0,17.0,16.83,26.04,24.0,24.0,23.76,36.76,12.0,12.0,11.88,18.38,19.0,19.0,18.81,29.1,5.0,5.0,4.95,7.66,12.0,12.0,11.88,18.38,9.0,9.0,8.91,13.79,4.0,4.0,3.96,6.13,22.0,22.0,21.78,33.7,2.0,2.0,1.98,3.06,13.0,13.0,12.87,19.91,3.0,3.0,2.97,4.6,9.0,9.0,8.91,13.79,1.0,1.0,0.99,1.53,2.0,2.0,1.98,3.06,10.0,10.0,9.9,15.32,14.0,14.0,13.86,21.44,47.52,50.5,-2.97,103.14,-3.0,-3.0,-2.97,23.5,23.5,0.45,0.5,0.5,0.26,0.75,0.06,0.53,0.24,0.92,0.63,0.99,1.98,0.1,13.86,0.28
106,高柏鎧,福爾摩沙夢想家,14843,馬力,新竹御嵿攻城獅,1,66,74.0,1126.43,18.77,18:46,1126.43,18.77,18:46,36.0,36.0,48.65,69.03,34.0,34.0,45.95,65.2,30.0,30.0,40.54,57.53,15.0,15.0,20.27,28.76,19.0,19.0,25.68,36.43,12.0,12.0,16.22,23.01,11.0,11.0,14.86,21.09,3.0,3.0,4.05,5.75,4.0,4.0,5.41,7.67,3.0,3.0,4.05,5.75,4.0,4.0,5.41,7.67,12.0,12.0,16.22,23.01,4.0,4.0,5.41,7.67,12.0,12.0,16.22,23.01,4.0,4.0,5.41,7.67,9.0,9.0,12.16,17.26,1.0,1.0,1.35,1.92,1.0,1.0,1.35,1.92,6.0,6.0,8.11,11.51,8.0,8.0,10.81,15.34,48.65,45.95,2.7,94.6,2.0,2.0,2.7,18.77,18.77,0.55,0.57,0.63,0.27,0.75,0.11,0.6,0.25,0.75,0.5,1.35,1.35,0.08,10.81,0.13
75,高國豪,新竹御嵿攻城獅,73,陳振傑,福爾摩沙夢想家,1,5,5.0,101.9,1.7,01:42,101.9,1.7,01:42,4.0,4.0,80.0,84.79,3.0,3.0,60.0,63.59,3.0,3.0,60.0,63.59,2.0,2.0,40.0,42.39,3.0,3.0,60.0,63.59,2.0,2.0,40.0,42.39,0.0,0.0,0.0,0.0,0.0,0.0,0.0,0.0,0.0,0.0,0.0,0.0,0.0,0.0,0.0,0.0,0.0,0.0,0.0,0.0,1.0,1.0,20.0,21.2,0.0,0.0,0.0,0.0,1.0,1.0,20.0,21.2,0.0,0.0,0.0,0.0,2.0,2.0,40.0,42.39,0.0,0.0,0.0,0.0,0.0,0.0,0.0,0.0,1.0,1.0,20.0,21.2,1.0,1.0,20.0,21.2,80.0,60.0,20.0,70.66,1.0,1.0,20.0,1.7,1.7,0.67,0.67,0.67,,,0.0,1.0,0.0,1.0,0.5,0.0,0.0,0.2,20.0,0.0
75,高國豪,新竹御嵿攻城獅,86,林俊吉,福爾摩沙夢想家,1,32,36.0,609.12,10.15,10:09,609.12,10.15,10:09,24.0,24.0,66.67,85.11,20.0,20.0,55.56,70.92,13.0,13.0,36.11,46.1,8.0,8.0,22.22,28.37,8.0,8.0,22.22,28.37,5.0,5.0,13.89,17.73,5.0,5.0,13.89,17.73,3.0,3.0,8.33,10.64,8.0,8.0,22.22,28.37,5.0,5.0,13.89,17.73,1.0,1.0,2.78,3.55,4.0,4.0,11.11,14.18,1.0,1.0,2.78,3.55,8.0,8.0,22.22,28.37,1.0,1.0,2.78,3.55,8.0,8.0,22.22,28.37,0.0,0.0,0.0,0.0,0.0,0.0,0.0,0.0,5.0,5.0,13.89,17.73,3.0,3.0,8.33,10.64,66.67,55.56,11.11,85.11,4.0,4.0,11.11,10.15,10.15,0.73,0.73,0.62,0.6,0.62,0.06,1.0,0.11,0.8,0.36,0.0,0.0,0.14,8.33,0.62
76,曾柏喻,新竹御嵿攻城獅,73,陳振傑,福爾摩沙夢想家,1,8,9.0,143.0,2.38,02:23,143.0,2.38,02:23,3.0,3.0,33.33,45.31,5.0,5.0,55.56,75.52,4.0,4.0,44.44,60.42,1.0,1.0,11.11,15.1,1.0,1.0,11.11,15.1,0.0,0.0,0.0,0.0,3.0,3.0,33.33,45.31,1.0,1.0,11.11,15.1,0.0,0.0,0.0,0.0,0.0,0.0,0.0,0.0,0.0,0.0,0.0,0.0,3.0,3.0,33.33,45.31,1.0,1.0,11.11,15.1,1.0,1.0,11.11,15.1,0.0,0.0,0.0,0.0,1.0,1.0,11.11,15.1,0.0,0.0,0.0,0.0,0.0,0.0,0.0,0.0,1.0,1.0,11.11,15.1,0.0,0.0,0.0,0.0,33.33,55.56,-22.22,90.63,-2.0,-2.0,-22.22,2.38,2.38,0.38,0.38,0.0,0.33,,0.0,1.0,0.0,0.75,0.6,0.0,0.0,0.11,0.0,0.0
76,曾柏喻,新竹御嵿攻城獅,86,林俊吉,福爾摩沙夢想家,1,69,76.0,1017.89,16.96,16:58,1017.89,16.96,16:58,37.0,37.0,48.68,78.52,34.0,34.0,44.74,72.15,25.0,25.0,32.89,53.05,13.0,13.0,17.11,27.59,14.0,14.0,18.42,29.71,8.0,8.0,10.53,16.98,11.0,11.0,14.47,23.34,5.0,5.0,6.58,10.61,8.0,8.0,10.53,16.98,6.0,6.0,7.89,12.73,1.0,1.0,1.32,2.12,11.0,11.0,14.47,23.34,3.0,3.0,3.95,6.37,16.0,16.0,21.05,33.95,7.0,7.0,9.21,14.85,9.0,9.0,11.84,19.1,3.0,3.0,3.95,6.37,1.0,1.0,1.32,2.12,8.0,8.0,10.53,16.98,9.0,9.0,11.84,19.1,48.68,44.74,3.95,107.52,3.0,3.0,3.95,16.96,16.96,0.62,0.65,0.57,0.45,0.75,0.2,0.69,0.06,0.79,0.39,3.95,1.32,0.11,11.84,0.32
10885,劉丞勳,新竹御嵿攻城獅,73,陳振傑,福爾摩沙夢想家,1,1,1.0,24.0,0.4,00:24,24.0,0.4,00:24,0.0,0.0,0.0,0.0,0.0,0.0,0.0,0.0,1.0,1.0,100.0,90.0,0.0,0.0,0.0,0.0,1.0,1.0,100.0,90.0,0.0,0.0,0.0,0.0,0.0,0.0,0.0,0.0,0.0,0.0,0.0,0.0,0.0,0.0,0.0,0.0,0.0,0.0,0.0,0.0,0.0,0.0,0.0,0.0,1.0,1.0,100.0,90.0,0.0,0.0,0.0,0.0,0.0,0.0,0.0,0.0,0.0,0.0,0.0,0.0,0.0,0.0,0.0,0.0,0.0,0.0,0.0,0.0,0.0,0.0,0.0,0.0,0.0,0.0,0.0,0.0,0.0,0.0,0.0,0.0,0.0,0.0,0.0,60.0,0.0,0.0,0.0,0.4,0.4,0.0,0.0,0.0,,,0.0,,,1.0,1.0,0.0,0.0,0.0,0.0,0.0
10885,劉丞勳,新竹御嵿攻城獅,86,林俊吉,福爾摩沙夢想家,1,40,42.0,629.99,10.5,10:30,629.99,10.5,10:30,23.0,23.0,54.76,78.86,19.0,19.0,45.24,65.14,14.0,14.0,33.33,48.0,7.0,7.0,16.67,24.0,8.0,8.0,19.05,27.43,4.0,4.0,9.52,13.71,6.0,6.0,14.29,20.57,3.0,3.0,7.14,10.29,8.0,8.0,19.05,27.43,6.0,6.0,14.29,20.57,1.0,1.0,2.38,3.43,7.0,7.0,16.67,24.0,2.0,2.0,4.76,6.86,12.0,12.0,28.57,41.14,2.0,2.0,4.76,6.86,6.0,6.0,14.29,20.57,0.0,0.0,0.0,0.0,0.0,0.0,0.0,0.0,5.0,5.0,11.9,17.14,3.0,3.0,7.14,10.29,54.76,45.24,9.52,96.0,4.0,4.0,9.52,10.5,10.5,0.61,0.66,0.5,0.5,0.75,0.1,0.86,0.08,0.78,0.36,0.0,0.0,0.12,7.14,0.57
10887,德魯,新竹御嵿攻城獅,73,陳振傑,福爾摩沙夢想家,1,12,13.0,220.9,3.68,03:41,220.9,3.68,03:41,7.0,7.0,53.85,68.45,8.0,8.0,61.54,78.23,6.0,6.0,46.15,58.67,3.0,3.0,23.08,29.33,3.0,3.0,23.08,29.33,2.0,2.0,15.38,19.56,3.0,3.0,23.08,29.33,1.0,1.0,7.69,9.78,0.0,0.0,0.0,0.0,0.0,0.0,0.0,0.0,0.0,0.0,0.0,0.0,3.0,3.0,23.08,29.33,1.0,1.0,7.69,9.78,2.0,2.0,15.38,19.56,0.0,0.0,0.0,0.0,3.0,3.0,23.08,29.33,0.0,0.0,0.0,0.0,0.0,0.0,0.0,0.0,2.0,2.0,15.38,19.56,1.0,1.0,7.69,9.78,53.85,61.54,-7.69,84.74,-1.0,-1.0,-7.69,3.68,3.68,0.58,0.58,0.67,0.33,,0.0,1.0,0.0,0.75,0.5,0.0,0.0,0.15,7.69,0.0
10887,德魯,新竹御嵿攻城獅,86,林俊吉,福爾摩沙夢想家,1,50,58.0,817.02,13.62,13:37,817.02,13.62,13:37,29.0,29.0,50.0,76.67,30.0,30.0,51.72,79.31,18.0,18.0,31.03,47.59,9.0,9.0,15.52,23.79,9.0,9.0,15.52,23.79,5.0,5.0,8.62,13.22,9.0,9.0,15.52,23.79,4.0,4.0,6.9,10.57,12.0,12.0,20.69,31.72,7.0,7.0,12.07,18.51,0.0,0.0,0.0,0.0,9.0,9.0,15.52,23.79,4.0,4.0,6.9,10.57,12.0,12.0,20.69,31.72,3.0,3.0,5.17,7.93,9.0,9.0,15.52,23.79,1.0,1.0,1.72,2.64,0.0,0.0,0.0,0.0,8.0,8.0,13.79,21.15,9.0,9.0,15.52,23.79,50.0,51.72,-1.72,102.22,-1.0,-1.0,-1.72,13.62,13.62,0.61,0.62,0.56,0.44,0.58,0.11,1.0,0.0,0.69,0.36,1.72,0.0,0.14,15.52,0.67
14843,馬力,新竹御嵿攻城獅,73,陳振傑,福爾摩沙夢想家,1,12,13.0,220.9,3.68,03:41,220.9,3.68,03:41,7.0,7.0,53.85,68.45,8.0,8.0,61.54,78.23,6.0,6.0,46.15,58.67,3.0,3.0,23.08,29.33,3.0,3.0,23.08,29.33,2.0,2.0,15.38,19.56,3.0,3.0,23.08,29.33,1.0,1.0,7.69,9.78,0.0,0.0,0.0,0.0,0.0,0.0,0.0,0.0,0.0,0.0,0.0,0.0,3.0,3.0,23.08,29.33,1.0,1.0,7.69,9.78,2.0,2.0,15.38,19.56,0.0,0.0,0.0,0.0,3.0,3.0,23.08,29.33,0.0,0.0,0.0,0.0,0.0,0.0,0.0,0.0,2.0,2.0,15.38,19.56,1.0,1.0,7.69,9.78,53.85,61.54,-7.69,84.74,-1.0,-1.0,-7.69,3.68,3.68,0.58,0.58,0.67,0.33,,0.0,1.0,0.0,0.75,0.5,0.0,0.0,0.15,7.69,0.0
14843,馬力,新竹御嵿攻城獅,86,林俊吉,福爾摩沙夢想家,1,90,101.0,1410.15,23.5,23:30,1410.15,23.5,23:30,51.0,51.0,50.5,78.12,48.0,48.0,47.52,73.52,33.0,33.0,32.67,50.55,18.0,18.0,17.82,27.57,20.0,20.0,19.8,30.64,12.0,12.0,11.88,18.38,13.0,13.0,12.87,19.91,6.0,6.0,5.94,9.19,14.0,14.0,13.86,21.44,9.0,9.0,8.91,13.79,2.0,2.0,1.98,3.06,13.0,13.0,12.87,19.91,4.0,4.0,3.96,6.13,22.0,22.0,21.78,33.7,8.0,8.0,7.92,12.25,15.0,15.0,14.85,22.98,3.0,3.0,2.97,4.6,1.0,1.0,0.99,1.53,11.0,11.0,10.89,16.85,12.0,12.0,11.88,18.38,50.5,47.52,2.97,103.14,3.0,3.0,2.97,23.5,23.5,0.64,0.65,0.6,0.46,0.64,0.17,0.83,0.08,0.76,0.37,2.97,0.99,0.11,11.88,0.42
14843,馬力,新竹御嵿攻城獅,106,高柏鎧,福爾摩沙夢想家,1,66,74.0,1126.43,18.77,18:46,1126.43,18.77,18:46,34.0,34.0,45.95,65.2,36.0,36.0,48.65,69.03,29.0,29.0,39.19,55.61,14.0,14.0,18.92,26.85,18.0,18.0,24.32,34.52,11.0,11.0,14.86,21.09,11.0,11.0,14.86,21.09,3.0,3.0,4.05,5.75,8.0,8.0,10.81,15.34,3.0,3.0,4.05,5.75,4.0,4.0,5.41,7.67,12.0,12.0,16.22,23.01,4.0,4.0,5.41,7.67,12.0,12.0,16.22,23.01,3.0,3.0,4.05,5.75,11.0,11.0,14.86,21.09,1.0,1.0,1.35,1.92,1.0,1.0,1.35,1.92,9.0,9.0,12.16,17.26,4.0,4.0,5.41,7.67,45.95,48.65,-2.7,94.6,-2.0,-2.0,-2.7,18.77,18.77,0.53,0.52,0.61,0.27,0.38,0.08,0.79,0.25,0.75,0.5,1.35,1.35,0.12,5.41,0.28
73,陳振傑,福爾摩沙夢想家,87,蔡宸綱,新竹御嵿攻城獅,1,11,12.0,196.9,3.28,03:17,196.9,3.28,03:17,8.0,8.0,66.67,87.76,7.0,7.0,58.33,76.79,6.0,6.0,50.0,65.82,3.0,3.0,25.0,32.91,3.0,3.0,25.0,32.91,2.0,2.0,16.67,21.94,3.0,3.0,25.0,32.91,1.0,1.0,8.33,10.97,1.0,1.0,8.33,10.97,1.0,1.0,8.33,10.97,1.0,1.0,8.33,10.97,2.0,2.0,16.67,21.94,0.0,0.0,0.0,0.0,2.0,2.0,16.67,21.94,1.0,1.0,8.33,10.97,1.0,1.0,8.33,10.97,0.0,0.0,0.0,0.0,0.0,0.0,0.0,0.0,1.0,1.0,8.33,10.97,0.0,0.0,0.0,0.0,66.67,58.33,8.33,87.76,1.0,1.0,8.33,3.28,3.28,0.58,0.62,0.67,0.33,1.0,0.13,0.33,0.33,1.0,0.6,0.0,0.0,0.08,0.0,0.17
73,陳振傑,福爾摩沙夢想家,88,盧冠軒,新竹御嵿攻城獅,1,11,12.0,196.9,3.28,03:17,196.9,3.28,03:17,8.0,8.0,66.67,87.76,7.0,7.0,58.33,76.79,6.0,6.0,50.0,65.82,3.0,3.0,25.0,32.91,3.0,3.0,25.0,32.91,2.0,2.0,16.67,21.94,3.0,3.0,25.0,32.91,1.0,1.0,8.33,10.97,1.0,1.0,8.33,10.97,1.0,1.0,8.33,10.97,1.0,1.0,8.33,10.97,2.0,2.0,16.67,21.94,0.0,0.0,0.0,0.0,2.0,2.0,16.67,21.94,1.0,1.0,8.33,10.97,1.0,1.0,8.33,10.97,0.0,0.0,0.0,0.0,0.0,0.0,0.0,0.0,1.0,1.0,8.33,10.97,0.0,0.0,0.0,0.0,66.67,58.33,8.33,87.76,1.0,1.0,8.33,3.28,3.28,0.58,0.62,0.67,0.33,1.0,0.13,0.33,0.33,1.0,0.6,0.0,0.0,0.08,0.0,0.17
86,林俊吉,福爾摩沙夢想家,87,蔡宸綱,新竹御嵿攻城獅,1,51,60.0,788.29,13.14,13:08,788.29,13.14,13:08,29.0,29.0,48.33,79.46,28.0,28.0,46.67,76.72,24.0,24.0,40.0,65.76,9.0,9.0,15.0,24.66,11.0,11.0,18.33,30.14,5.0,5.0,8.33,13.7,13.0,13.0,21.67,35.62,4.0,4.0,6.67,10.96,9.0,9.0,15.0,24.66,7.0,7.0,11.67,19.18,2.0,2.0,3.33,5.48,11.0,11.0,18.33,30.14,1.0,1.0,1.67,2.74,6.0,6.0,10.0,16.44,3.0,3.0,5.0,8.22,5.0,5.0,8.33,13.7,1.0,1.0,1.67,2.74,1.0,1.0,1.67,2.74,6.0,6.0,10.0,16.44,6.0,6.0,10.0,16.44,48.33,46.67,1.67,109.6,1.0,1.0,1.67,13.14,13.14,0.46,0.52,0.45,0.31,0.78,0.1,0.56,0.25,0.92,0.65,1.67,1.67,0.1,10.0,0.38
86,林俊吉,福爾摩沙夢想家,88,盧冠軒,新竹御嵿攻城獅,1,77,88.0,1177.01,19.62,19:37,1177.01,19.62,19:37,42.0,42.0,47.73,77.08,41.0,41.0,46.59,75.24,36.0,36.0,40.91,66.07,14.0,14.0,15.91,25.69,19.0,19.0,21.59,34.87,9.0,9.0,10.23,16.52,17.0,17.0,19.32,31.2,5.0,5.0,5.68,9.18,12.0,12.0,13.64,22.02,9.0,9.0,10.23,16.52,4.0,4.0,4.55,7.34,18.0,18.0,20.45,33.03,2.0,2.0,2.27,3.67,11.0,11.0,12.5,20.19,3.0,3.0,3.41,5.51,8.0,8.0,9.09,14.68,1.0,1.0,1.14,1.84,2.0,2.0,2.27,3.67,10.0,10.0,11.36,18.35,12.0,12.0,13.64,22.02,47.73,46.59,1.14,107.66,1.0,1.0,1.14,19.62,19.62,0.46,0.51,0.47,0.29,0.75,0.07,0.57,0.27,0.9,0.63,1.14,2.27,0.11,13.64,0.33
99,盧冠良,福爾摩沙夢想家,87,蔡宸綱,新竹御嵿攻城獅,1,23,28.0,399.36,6.66,06:39,399.36,6.66,06:39,17.0,17.0,60.71,91.95,14.0,14.0,50.0,75.72,12.0,12.0,42.86,64.9,5.0,5.0,17.86,27.04,7.0,7.0,25.0,37.86,3.0,3.0,10.71,16.23,5.0,5.0,17.86,27.04,2.0,2.0,7.14,10.82,5.0,5.0,17.86,27.04,5.0,5.0,17.86,27.04,3.0,3.0,10.71,16.23,4.0,4.0,14.29,21.63,2.0,2.0,7.14,10.82,3.0,3.0,10.71,16.23,1.0,1.0,3.57,5.41,2.0,2.0,7.14,10.82,0.0,0.0,0.0,0.0,0.0,0.0,0.0,0.0,3.0,3.0,10.71,16.23,2.0,2.0,7.14,10.82,60.71,50.0,10.71,100.96,3.0,3.0,10.71,6.66,6.66,0.5,0.6,0.43,0.4,1.0,0.07,0.4,0.5,0.67,0.58,0.0,0.0,0.11,7.14,0.42
99,盧冠良,福爾摩沙夢想家,88,盧冠軒,新竹御嵿攻城獅,1,34,41.0,590.09,9.83,09:50,590.09,9.83,09:50,22.0,22.0,53.66,80.53,19.0,19.0,46.34,69.55,18.0,18.0,43.9,65.89,6.0,6.0,14.63,21.96,9.0,9.0,21.95,32.94,3.0,3.0,7.32,10.98,9.0,9.0,21.95,32.94,3.0,3.0,7.32,10.98,7.0,7.0,17.07,25.62,7.0,7.0,17.07,25.62,5.0,5.0,12.2,18.3,7.0,7.0,17.07,25.62,2.0,2.0,4.88,7.32,6.0,6.0,14.63,21.96,1.0,1.0,2.44,3.66,3.0,3.0,7.32,10.98,0.0,0.0,0.0,0.0,0.0,0.0,0.0,0.0,5.0,5.0,12.2,18.3,6.0,6.0,14.63,21.96,53.66,46.34,7.32,100.05,3.0,3.0,7.32,9.83,9.83,0.42,0.52,0.33,0.33,1.0,0.05,0.5,0.45,0.78,0.6,0.0,0.0,0.12,14.63,0.39
106,高柏鎧,福爾摩沙夢想家,87,蔡宸綱,新竹御嵿攻城獅,1,42,49.0,751.66,12.53,12:32,751.66,12.53,12:32,26.0,26.0,53.06,74.71,26.0,26.0,53.06,74.71,19.0,19.0,38.78,54.6,11.0,11.0,22.45,31.61,11.0,11.0,22.45,31.61,8.0,8.0,16.33,22.99,8.0,8.0,16.33,22.99,3.0,3.0,6.12,8.62,1.0,1.0,2.04,2.87,1.0,1.0,2.04,2.87,3.0,3.0,6.12,8.62,5.0,5.0,10.2,14.37,3.0,3.0,6.12,8.62,6.0,6.0,12.24,17.24,4.0,4.0,8.16,11.49,6.0,6.0,12.24,17.24,1.0,1.0,2.04,2.87,0.0,0.0,0.0,0.0,3.0,3.0,6.12,8.62,6.0,6.0,12.24,17.24,53.06,53.06,0.0,93.87,0.0,0.0,0.0,12.53,12.53,0.66,0.67,0.73,0.38,1.0,0.17,0.55,0.33,0.62,0.47,2.04,0.0,0.06,12.24,0.05
106,高柏鎧,福爾摩沙夢想家,88,盧冠軒,新竹御嵿攻城獅,1,57,65.0,953.43,15.89,15:53,953.43,15.89,15:53,34.0,34.0,52.31,77.03,29.0,29.0,44.62,65.7,26.0,26.0,40.0,58.9,14.0,14.0,21.54,31.72,17.0,17.0,26.15,38.51,11.0,11.0,16.92,24.92,9.0,9.0,13.85,20.39,3.0,3.0,4.62,6.8,4.0,4.0,6.15,9.06,3.0,3.0,4.62,6.8,4.0,4.0,6.15,9.06,9.0,9.0,13.85,20.39,4.0,4.0,6.15,9.06,9.0,9.0,13.85,20.39,4.0,4.0,6.15,9.06,8.0,8.0,12.31,18.12,1.0,1.0,1.54,2.27,1.0,1.0,1.54,2.27,6.0,6.0,9.23,13.59,8.0,8.0,12.31,18.12,52.31,44.62,7.69,98.17,5.0,5.0,7.69,15.89,15.89,0.6,0.61,0.65,0.33,0.75,0.13,0.57,0.31,0.69,0.5,1.54,1.54,0.09,12.31,0.15
107,霍爾曼,福爾摩沙夢想家,87,蔡宸綱,新竹御嵿攻城獅,1,81,96.0,1329.2,22.15,22:09,1329.2,22.15,22:09,42.0,42.0,43.75,68.25,47.0,47.0,48.96,76.38,37.0,37.0,38.54,60.13,15.0,15.0,15.62,24.38,20.0,20.0,20.83,32.5,11.0,11.0,11.46,17.88,17.0,17.0,17.71,27.63,4.0,4.0,4.17,6.5,11.0,11.0,11.46,17.88,8.0,8.0,8.33,13.0,4.0,4.0,4.17,6.5,15.0,15.0,15.62,24.38,5.0,5.0,5.21,8.13,9.0,9.0,9.38,14.63,6.0,6.0,6.25,9.75,7.0,7.0,7.29,11.38,2.0,2.0,2.08,3.25,1.0,1.0,1.04,1.63,6.0,6.0,6.25,9.75,9.0,9.0,9.38,14.63,43.75,48.96,-5.21,104.0,-5.0,-5.0,-5.21,22.15,22.15,0.46,0.5,0.55,0.24,0.73,0.13,0.47,0.31,0.75,0.58,2.08,1.04,0.06,9.38,0.3
107,霍爾曼,福爾摩沙夢想家,88,盧冠軒,新竹御嵿攻城獅,1,95,112.0,1560.92,26.02,26:01,1560.92,26.02,26:01,49.0,49.0,43.75,67.81,58.0,58.0,51.79,80.26,43.0,43.0,38.39,59.5,17.0,17.0,15.18,23.52,23.0,23.0,20.54,31.83,12.0,12.0,10.71,16.61,20.0,20.0,17.86,27.68,5.0,5.0,4.46,6.92,13.0,13.0,11.61,17.99,10.0,10.0,8.93,13.84,6.0,6.0,5.36,8.3,19.0,19.0,16.96,26.29,5.0,5.0,4.46,6.92,12.0,12.0,10.71,16.61,6.0,6.0,5.36,8.3,8.0,8.0,7.14,11.07,2.0,2.0,1.79,2.77,1.0,1.0,0.89,1.38,8.0,8.0,7.14,11.07,15.0,15.0,13.39,20.76,43.75,51.79,-8.04,103.32,-9.0,-9.0,-8.04,26.02,26.02,0.45,0.5,0.52,0.25,0.77,0.11,0.47,0.33,0.79,0.6,1.79,0.89,0.07,13.39,0.3
87,蔡宸綱,新竹御嵿攻城獅,73,陳振傑,福爾摩沙夢想家,1,11,12.0,196.9,3.28,03:17,196.9,3.28,03:17,7.0,7.0,58.33,76.79,8.0,8.0,66.67,87.76,5.0,5.0,41.67,54.85,3.0,3.0,25.0,32.91,2.0,2.0,16.67,21.94,2.0,2.0,16.67,21.94,3.0,3.0,25.0,32.91,1.0,1.0,8.33,10.97,0.0,0.0,0.0,0.0,0.0,0.0,0.0,0.0,0.0,0.0,0.0,0.0,2.0,2.0,16.67,21.94,1.0,1.0,8.33,10.97,2.0,2.0,16.67,21.94,0.0,0.0,0.0,0.0,3.0,3.0,25.0,32.91,0.0,0.0,0.0,0.0,0.0,0.0,0.0,0.0,2.0,2.0,16.67,21.94,1.0,1.0,8.33,10.97,58.33,66.67,-8.33,87.76,-1.0,-1.0,-8.33,3.28,3.28,0.7,0.7,1.0,0.33,,0.0,1.0,0.0,0.67,0.4,0.0,0.0,0.17,8.33,0.0
87,蔡宸綱,新竹御嵿攻城獅,86,林俊吉,福爾摩沙夢想家,1,51,60.0,788.29,13.14,13:08,788.29,13.14,13:08,28.0,28.0,46.67,76.72,29.0,29.0,48.33,79.46,19.0,19.0,31.67,52.06,11.0,11.0,18.33,30.14,12.0,12.0,20.0,32.88,8.0,8.0,13.33,21.92,7.0,7.0,11.67,19.18,3.0,3.0,5.0,8.22,6.0,6.0,10.0,16.44,3.0,3.0,5.0,8.22,1.0,1.0,1.67,2.74,6.0,6.0,10.0,16.44,2.0,2.0,3.33,5.48,11.0,11.0,18.33,30.14,6.0,6.0,10.0,16.44,9.0,9.0,15.0,24.66,3.0,3.0,5.0,8.22,1.0,1.0,1.67,2.74,6.0,6.0,10.0,16.44,9.0,9.0,15.0,24.66,46.67,48.33,-1.67,109.6,-1.0,-1.0,-1.67,13.14,13.14,0.66,0.65,0.67,0.43,0.5,0.22,0.82,0.08,0.75,0.35,5.0,1.67,0.1,15.0,0.32
87,蔡宸綱,新竹御嵿攻城獅,99,盧冠良,福爾摩沙夢想家,1,23,28.0,399.36,6.66,06:39,399.36,6.66,06:39,14.0,14.0,50.0,75.72,17.0,17.0,60.71,91.95,12.0,12.0,42.86,64.9,6.0,6.0,21.43,32.45,5.0,5.0,17.86,27.04,5.0,5.0,17.86,27.04,7.0,7.0,25.0,37.86,1.0,1.0,3.57,5.41,2.0,2.0,7.14,10.82,1.0,1.0,3.57,5.41,2.0,2.0,7.14,10.82,3.0,3.0,10.71,16.23,3.0,3.0,10.71,16.23,4.0,4.0,14.29,21.63,1.0,1.0,3.57,5.41,5.0,5.0,17.86,27.04,1.0,1.0,3.57,5.41,0.0,0.0,0.0,0.0,3.0,3.0,10.71,16.23,5.0,5.0,17.86,27.04,50.0,60.71,-10.71,100.96,-3.0,-3.0,-10.71,6.66,6.66,0.54,0.54,1.0,0.14,0.5,0.07,0.83,0.33,0.5,0.42,3.57,0.0,0.11,17.86,0.17
87,蔡宸綱,新竹御嵿攻城獅,106,高柏鎧,福爾摩沙夢想家,1,42,49.0,751.66,12.53,12:32,751.66,12.53,12:32,26.0,26.0,53.06,74.71,26.0,26.0,53.06,74.71,20.0,20.0,40.82,57.47,11.0,11.0,22.45,31.61,12.0,12.0,24.49,34.48,9.0,9.0,18.37,25.86,8.0,8.0,16.33,22.99,2.0,2.0,4.08,5.75,6.0,6.0,12.24,17.24,2.0,2.0,4.08,5.75,3.0,3.0,6.12,8.62,6.0,6.0,12.24,17.24,3.0,3.0,6.12,8.62,5.0,5.0,10.2,14.37,1.0,1.0,2.04,2.87,8.0,8.0,16.33,22.99,1.0,1.0,2.04,2.87,1.0,1.0,2.04,2.87,6.0,6.0,12.24,17.24,1.0,1.0,2.04,2.87,53.06,53.06,0.0,93.87,0.0,0.0,0.0,12.53,12.53,0.6,0.57,0.75,0.25,0.33,0.04,0.73,0.38,0.67,0.53,2.04,2.04,0.12,2.04,0.3
87,蔡宸綱,新竹御嵿攻城獅,107,霍爾曼,福爾摩沙夢想家,1,81,96.0,1329.2,22.15,22:09,1329.2,22.15,22:09,47.0,47.0,48.96,76.38,42.0,42.0,43.75,68.25,34.0,34.0,35.42,55.25,18.0,18.0,18.75,29.25,20.0,20.0,20.83,32.5,14.0,14.0,14.58,22.75,14.0,14.0,14.58,22.75,4.0,4.0,4.17,6.5,9.0,9.0,9.38,14.63,7.0,7.0,7.29,11.38,5.0,5.0,5.21,8.13,9.0,9.0,9.38,14.63,4.0,4.0,4.17,6.5,15.0,15.0,15.62,24.38,7.0,7.0,7.29,11.38,14.0,14.0,14.58,22.75,4.0,4.0,4.17,6.5,1.0,1.0,1.04,1.63,9.0,9.0,9.38,14.63,11.0,11.0,11.46,17.88,48.96,43.75,5.21,104.0,5.0,5.0,5.21,22.15,22.15,0.59,0.62,0.7,0.29,0.78,0.16,0.78,0.25,0.69,0.42,4.17,1.04,0.09,11.46,0.26
88,盧冠軒,新竹御嵿攻城獅,73,陳振傑,福爾摩沙夢想家,1,11,12.0,196.9,3.28,03:17,196.9,3.28,03:17,7.0,7.0,58.33,76.79,8.0,8.0,66.67,87.76,5.0,5.0,41.67,54.85,3.0,3.0,25.0,32.91,2.0,2.0,16.67,21.94,2.0,2.0,16.67,21.94,3.0,3.0,25.0,32.91,1.0,1.0,8.33,10.97,0.0,0.0,0.0,0.0,0.0,0.0,0.0,0.0,0.0,0.0,0.0,0.0,2.0,2.0,16.67,21.94,1.0,1.0,8.33,10.97,2.0,2.0,16.67,21.94,0.0,0.0,0.0,0.0,3.0,3.0,25.0,32.91,0.0,0.0,0.0,0.0,0.0,0.0,0.0,0.0,2.0,2.0,16.67,21.94,1.0,1.0,8.33,10.97,58.33,66.67,-8.33,87.76,-1.0,-1.0,-8.33,3.28,3.28,0.7,0.7,1.0,0.33,,0.0,1.0,0.0,0.67,0.4,0.0,0.0,0.17,8.33,0.0
88,盧冠軒,新竹御嵿攻城獅,86,林俊吉,福爾摩沙夢想家,1,77,88.0,1177.01,19.62,19:37,1177.01,19.62,19:37,41.0,41.0,46.59,75.24,42.0,42.0,47.73,77.08,28.0,28.0,31.82,51.38,15.0,15.0,17.05,27.53,18.0,18.0,20.45,33.03,11.0,11.0,12.5,20.19,10.0,10.0,11.36,18.35,4.0,4.0,4.55,7.34,12.0,12.0,13.64,22.02,7.0,7.0,7.95,12.85,2.0,2.0,2.27,3.67,11.0,11.0,12.5,20.19,4.0,4.0,4.55,7.34,18.0,18.0,20.45,33.03,8.0,8.0,9.09,14.68,13.0,13.0,14.77,23.86,3.0,3.0,3.41,5.51,1.0,1.0,1.14,1.84,9.0,9.0,10.23,16.52,12.0,12.0,13.64,22.02,46.59,47.73,-1.14,107.66,-1.0,-1.0,-1.14,19.62,19.62,0.61,0.62,0.61,0.4,0.58,0.19,0.87,0.1,0.73,0.37,3.41,1.14,0.1,13.64,0.43
88,盧冠軒,新竹御嵿攻城獅,99,盧冠良,福爾摩沙夢想家,1,34,41.0,590.09,9.83,09:50,590.09,9.83,09:50,19.0,19.0,46.34,69.55,22.0,22.0,53.66,80.53,15.0,15.0,36.59,54.91,7.0,7.0,17.07,25.62,6.0,6.0,14.63,21.96,5.0,5.0,12.2,18.3,9.0,9.0,21.95,32.94,2.0,2.0,4.88,7.32,6.0,6.0,14.63,21.96,3.0,3.0,7.32,10.98,2.0,2.0,4.88,7.32,6.0,6.0,14.63,21.96,5.0,5.0,12.2,18.3,7.0,7.0,17.07,25.62,2.0,2.0,4.88,7.32,7.0,7.0,17.07,25.62,1.0,1.0,2.44,3.66,0.0,0.0,0.0,0.0,4.0,4.0,9.76,14.64,7.0,7.0,17.07,25.62,46.34,53.66,-7.32,100.05,-3.0,-3.0,-7.32,9.83,9.83,0.53,0.54,0.83,0.22,0.5,0.1,1.0,0.22,0.55,0.4,2.44,0.0,0.1,17.07,0.4
88,盧冠軒,新竹御嵿攻城獅,106,高柏鎧,福爾摩沙夢想家,1,57,65.0,953.43,15.89,15:53,953.43,15.89,15:53,29.0,29.0,44.62,65.7,34.0,34.0,52.31,77.03,24.0,24.0,36.92,54.37,12.0,12.0,18.46,27.19,15.0,15.0,23.08,33.98,10.0,10.0,15.38,22.66,9.0,9.0,13.85,20.39,2.0,2.0,3.08,4.53,8.0,8.0,12.31,18.12,3.0,3.0,4.62,6.8,4.0,4.0,6.15,9.06,9.0,9.0,13.85,20.39,4.0,4.0,6.15,9.06,9.0,9.0,13.85,20.39,3.0,3.0,4.62,6.8,10.0,10.0,15.38,22.66,1.0,1.0,1.54,2.27,0.0,0.0,0.0,0.0,8.0,8.0,12.31,18.12,4.0,4.0,6.15,9.06,44.62,52.31,-7.69,98.17,-5.0,-5.0,-7.69,15.89,15.89,0.54,0.53,0.67,0.22,0.38,0.1,0.83,0.31,0.69,0.5,1.54,0.0,0.12,6.15,0.33
88,盧冠軒,新竹御嵿攻城獅,107,霍爾曼,福爾摩沙夢想家,1,95,112.0,1560.92,26.02,26:01,1560.92,26.02,26:01,58.0,58.0,51.79,80.26,49.0,49.0,43.75,67.81,39.0,39.0,34.82,53.97,21.0,21.0,18.75,29.06,23.0,23.0,20.54,31.83,16.0,16.0,14.29,22.14,16.0,16.0,14.29,22.14,5.0,5.0,4.46,6.92,15.0,15.0,13.39,20.76,11.0,11.0,9.82,15.22,5.0,5.0,4.46,6.92,12.0,12.0,10.71,16.61,6.0,6.0,5.36,8.3,19.0,19.0,16.96,26.29,8.0,8.0,7.14,11.07,17.0,17.0,15.18,23.52,4.0,4.0,3.57,5.54,1.0,1.0,0.89,1.38,11.0,11.0,9.82,15.22,13.0,13.0,11.61,17.99,51.79,43.75,8.04,103.32,9.0,9.0,8.04,26.02,26.02,0.6,0.64,0.7,0.31,0.73,0.15,0.81,0.21,0.67,0.4,3.57,0.89,0.1,11.61,0.38
103,忻沃克,福爾摩沙夢想家,87,蔡宸綱,新竹御嵿攻城獅,1,59,70.0,1018.73,16.98,16:59,1018.73,16.98,16:59,30.0,30.0,42.86,63.61,33.0,33.0,47.14,69.97,27.0,27.0,38.57,57.25,12.0,12.0,17.14,25.44,13.0,13.0,18.57,27.56,8.0,8.0,11.43,16.96,14.0,14.0,20.0,29.68,4.0,4.0,5.71,8.48,4.0,4.0,5.71,8.48,2.0,2.0,2.86,4.24,3.0,3.0,4.29,6.36,10.0,10.0,14.29,21.2,5.0,5.0,7.14,10.6,9.0,9.0,12.86,19.08,4.0,4.0,5.71,8.48,6.0,6.0,8.57,12.72,2.0,2.0,2.86,4.24,0.0,0.0,0.0,0.0,4.0,4.0,5.71,8.48,11.0,11.0,15.71,23.32,42.86,47.14,-4.29,98.95,-3.0,-3.0,-4.29,16.98,16.98,0.52,0.52,0.62,0.29,0.5,0.12,0.5,0.25,0.67,0.48,2.86,0.0,0.06,15.71,0.15
103,忻沃克,福爾摩沙夢想家,88,盧冠軒,新竹御嵿攻城獅,1,71,82.0,1175.71,19.6,19:36,1175.71,19.6,19:36,38.0,38.0,46.34,69.81,41.0,41.0,50.0,75.32,31.0,31.0,37.8,56.95,16.0,16.0,19.51,29.39,19.0,19.0,23.17,34.91,12.0,12.0,14.63,22.05,12.0,12.0,14.63,22.05,4.0,4.0,4.88,7.35,5.0,5.0,6.1,9.19,2.0,2.0,2.44,3.67,3.0,3.0,3.66,5.51,13.0,13.0,15.85,23.88,6.0,6.0,7.32,11.02,10.0,10.0,12.2,18.37,4.0,4.0,4.88,7.35,8.0,8.0,9.76,14.7,2.0,2.0,2.44,3.67,1.0,1.0,1.22,1.84,6.0,6.0,7.32,11.02,13.0,13.0,15.85,23.88,46.34,50.0,-3.66,100.43,-3.0,-3.0,-3.66,19.6,19.6,0.58,0.57,0.63,0.33,0.4,0.11,0.5,0.23,0.68,0.5,2.44,1.22,0.07,15.85,0.16
87,蔡宸綱,新竹御嵿攻城獅,103,忻沃克,福爾摩沙夢想家,1,59,70.0,1018.73,16.98,16:59,1018.73,16.98,16:59,33.0,33.0,47.14,69.97,30.0,30.0,42.86,63.61,26.0,26.0,37.14,55.13,12.0,12.0,17.14,25.44,17.0,17.0,24.29,36.04,10.0,10.0,14.29,21.2,9.0,9.0,12.86,19.08,2.0,2.0,2.86,4.24,11.0,11.0,15.71,23.32,7.0,7.0,10.0,14.84,5.0,5.0,7.14,10.6,9.0,9.0,12.86,19.08,3.0,3.0,4.29,6.36,10.0,10.0,14.29,21.2,3.0,3.0,4.29,6.36,8.0,8.0,11.43,16.96,1.0,1.0,1.43,2.12,1.0,1.0,1.43,2.12,9.0,9.0,12.86,19.08,4.0,4.0,5.71,8.48,47.14,42.86,4.29,98.95,3.0,3.0,4.29,16.98,16.98,0.5,0.54,0.59,0.22,0.64,0.09,0.67,0.33,0.75,0.52,1.43,1.43,0.13,5.71,0.42
88,盧冠軒,新竹御嵿攻城獅,103,忻沃克,福爾摩沙夢想家,1,71,82.0,1175.71,19.6,19:36,1175.71,19.6,19:36,41.0,41.0,50.0,75.32,38.0,38.0,46.34,69.81,31.0,31.0,37.8,56.95,15.0,15.0,18.29,27.56,21.0,21.0,25.61,38.58,13.0,13.0,15.85,23.88,10.0,10.0,12.2,18.37,2.0,2.0,2.44,3.67,13.0,13.0,15.85,23.88,9.0,9.0,10.98,16.53,6.0,6.0,7.32,11.02,10.0,10.0,12.2,18.37,3.0,3.0,3.66,5.51,13.0,13.0,15.85,23.88,4.0,4.0,4.88,7.35,10.0,10.0,12.2,18.37,1.0,1.0,1.22,1.84,0.0,0.0,0.0,0.0,11.0,11.0,13.41,20.21,5.0,5.0,6.1,9.19,50.0,46.34,3.66,100.43,3.0,3.0,3.66,19.6,19.6,0.52,0.56,0.62,0.2,0.69,0.1,0.67,0.32,0.77,0.5,1.22,0.0,0.13,6.1,0.42
79,張宗憲,福爾摩沙夢想家,87,蔡宸綱,新竹御嵿攻城獅,1,56,66.0,845.33,14.09,14:05,845.33,14.09,14:05,28.0,28.0,42.42,71.55,30.0,30.0,45.45,76.66,22.0,22.0,33.33,56.21,9.0,9.0,13.64,23.0,11.0,11.0,16.67,28.11,6.0,6.0,9.09,15.33,11.0,11.0,16.67,28.11,3.0,3.0,4.55,7.67,10.0,10.0,15.15,25.55,7.0,7.0,10.61,17.89,1.0,1.0,1.52,2.56,9.0,9.0,13.64,23.0,2.0,2.0,3.03,5.11,7.0,7.0,10.61,17.89,4.0,4.0,6.06,10.22,6.0,6.0,9.09,15.33,2.0,2.0,3.03,5.11,1.0,1.0,1.52,2.56,7.0,7.0,10.61,17.89,8.0,8.0,12.12,20.44,42.42,45.45,-3.03,112.43,-2.0,-2.0,-3.03,14.09,14.09,0.48,0.53,0.55,0.27,0.7,0.13,0.67,0.12,0.82,0.53,3.03,1.52,0.11,12.12,0.45
79,張宗憲,福爾摩沙夢想家,88,盧冠軒,新竹御嵿攻城獅,1,69,81.0,1051.19,17.52,17:31,1051.19,17.52,17:31,35.0,35.0,43.21,71.92,41.0,41.0,50.62,84.25,28.0,28.0,34.57,57.53,11.0,11.0,13.58,22.6,14.0,14.0,17.28,28.77,7.0,7.0,8.64,14.38,14.0,14.0,17.28,28.77,4.0,4.0,4.94,8.22,12.0,12.0,14.81,24.66,9.0,9.0,11.11,18.49,3.0,3.0,3.7,6.16,13.0,13.0,16.05,26.71,2.0,2.0,2.47,4.11,9.0,9.0,11.11,18.49,4.0,4.0,4.94,8.22,7.0,7.0,8.64,14.38,2.0,2.0,2.47,4.11,1.0,1.0,1.23,2.05,9.0,9.0,11.11,18.49,14.0,14.0,17.28,28.77,43.21,50.62,-7.41,110.96,-6.0,-6.0,-7.41,17.52,17.52,0.46,0.53,0.5,0.29,0.75,0.11,0.64,0.25,0.87,0.59,2.47,1.23,0.11,17.28,0.43
13906,班提爾,福爾摩沙夢想家,87,蔡宸綱,新竹御嵿攻城獅,1,58,68.0,883.03,14.72,14:43,883.03,14.72,14:43,26.0,26.0,38.24,63.6,27.0,27.0,39.71,66.05,24.0,24.0,35.29,58.71,8.0,8.0,11.76,19.57,11.0,11.0,16.18,26.91,5.0,5.0,7.35,12.23,13.0,13.0,19.12,31.8,3.0,3.0,4.41,7.34,10.0,10.0,14.71,24.46,7.0,7.0,10.29,17.12,1.0,1.0,1.47,2.45,12.0,12.0,17.65,29.35,2.0,2.0,2.94,4.89,9.0,9.0,13.24,22.02,4.0,4.0,5.88,9.78,7.0,7.0,10.29,17.12,1.0,1.0,1.47,2.45,1.0,1.0,1.47,2.45,8.0,8.0,11.76,19.57,9.0,9.0,13.24,22.02,38.24,39.71,-1.47,110.89,-1.0,-1.0,-1.47,14.72,14.72,0.4,0.46,0.45,0.23,0.7,0.12,0.88,0.1,0.86,0.54,1.47,1.47,0.12,13.24,0.42
13906,班提爾,福爾摩沙夢想家,88,盧冠軒,新竹御嵿攻城獅,1,75,86.0,1144.98,19.08,19:05,1144.98,19.08,19:05,37.0,37.0,43.02,69.8,39.0,39.0,45.35,73.57,31.0,31.0,36.05,58.48,13.0,13.0,15.12,24.52,18.0,18.0,20.93,33.96,9.0,9.0,10.47,16.98,13.0,13.0,15.12,24.52,4.0,4.0,4.65,7.55,11.0,11.0,12.79,20.75,7.0,7.0,8.14,13.21,2.0,2.0,2.33,3.77,16.0,16.0,18.6,30.18,3.0,3.0,3.49,5.66,11.0,11.0,12.79,20.75,4.0,4.0,4.65,7.55,10.0,10.0,11.63,18.86,1.0,1.0,1.16,1.89,2.0,2.0,2.33,3.77,11.0,11.0,12.79,20.75,13.0,13.0,15.12,24.52,43.02,45.35,-2.33,108.16,-2.0,-2.0,-2.33,19.08,19.08,0.48,0.52,0.5,0.31,0.64,0.1,0.77,0.15,0.84,0.56,1.16,2.33,0.13,15.12,0.35
87,蔡宸綱,新竹御嵿攻城獅,79,張宗憲,福爾摩沙夢想家,1,56,66.0,845.33,14.09,14:05,845.33,14.09,14:05,30.0,30.0,45.45,76.66,28.0,28.0,42.42,71.55,21.0,21.0,31.82,53.66,11.0,11.0,16.67,28.11,16.0,16.0,24.24,40.88,9.0,9.0,13.64,23.0,5.0,5.0,7.58,12.78,2.0,2.0,3.03,5.11,8.0,8.0,12.12,20.44,6.0,6.0,9.09,15.33,2.0,2.0,3.03,5.11,7.0,7.0,10.61,17.89,1.0,1.0,1.52,2.56,9.0,9.0,13.64,23.0,7.0,7.0,10.61,17.89,8.0,8.0,12.12,20.44,4.0,4.0,6.06,10.22,2.0,2.0,3.03,5.11,7.0,7.0,10.61,17.89,10.0,10.0,15.15,25.55,45.45,42.42,3.03,112.43,2.0,2.0,3.03,14.09,14.09,0.57,0.61,0.56,0.4,0.75,0.22,0.73,0.18,0.88,0.47,6.06,3.03,0.11,15.15,0.38
87,蔡宸綱,新竹御嵿攻城獅,13906,班提爾,福爾摩沙夢想家,1,58,68.0,883.03,14.72,14:43,883.03,14.72,14:43,27.0,27.0,39.71,66.05,26.0,26.0,38.24,63.6,20.0,20.0,29.41,48.92,9.0,9.0,13.24,22.02,14.0,14.0,20.59,34.25,7.0,7.0,10.29,17.12,6.0,6.0,8.82,14.68,2.0,2.0,2.94,4.89,9.0,9.0,13.24,22.02,7.0,7.0,10.29,17.12,2.0,2.0,2.94,4.89,9.0,9.0,13.24,22.02,1.0,1.0,1.47,2.45,12.0,12.0,17.65,29.35,8.0,8.0,11.76,19.57,6.0,6.0,8.82,14.68,5.0,5.0,7.35,12.23,2.0,2.0,2.94,4.89,9.0,9.0,13.24,22.02,10.0,10.0,14.71,24.46,39.71,38.24,1.47,110.89,1.0,1.0,1.47,14.72,14.72,0.5,0.56,0.5,0.33,0.78,0.25,0.67,0.14,0.9,0.46,7.35,2.94,0.13,14.71,0.45
88,盧冠軒,新竹御嵿攻城獅,79,張宗憲,福爾摩沙夢想家,1,69,81.0,1051.19,17.52,17:31,1051.19,17.52,17:31,41.0,41.0,50.62,84.25,35.0,35.0,43.21,71.92,25.0,25.0,30.86,51.37,14.0,14.0,17.28,28.77,18.0,18.0,22.22,36.99,11.0,11.0,13.58,22.6,7.0,7.0,8.64,14.38,3.0,3.0,3.7,6.16,14.0,14.0,17.28,28.77,10.0,10.0,12.35,20.55,2.0,2.0,2.47,4.11,9.0,9.0,11.11,18.49,3.0,3.0,3.7,6.16,13.0,13.0,16.05,26.71,8.0,8.0,9.88,16.44,11.0,11.0,13.58,22.6,4.0,4.0,4.94,8.22,1.0,1.0,1.23,2.05,9.0,9.0,11.11,18.49,12.0,12.0,14.81,24.66,50.62,43.21,7.41,110.96,6.0,6.0,7.41,17.52,17.52,0.62,0.66,0.61,0.43,0.71,0.2,0.79,0.13,0.75,0.41,4.94,1.23,0.11,14.81,0.56
88,盧冠軒,新竹御嵿攻城獅,13906,班提爾,福爾摩沙夢想家,1,75,86.0,1144.98,19.08,19:05,1144.98,19.08,19:05,39.0,39.0,45.35,73.57,37.0,37.0,43.02,69.8,27.0,27.0,31.4,50.94,13.0,13.0,15.12,24.52,18.0,18.0,20.93,33.96,10.0,10.0,11.63,18.86,9.0,9.0,10.47,16.98,3.0,3.0,3.49,5.66,13.0,13.0,15.12,24.52,10.0,10.0,11.63,18.86,3.0,3.0,3.49,5.66,11.0,11.0,12.79,20.75,2.0,2.0,2.33,3.77,16.0,16.0,18.6,30.18,9.0,9.0,10.47,16.98,9.0,9.0,10.47,16.98,5.0,5.0,5.81,9.43,1.0,1.0,1.16,1.89,11.0,11.0,12.79,20.75,11.0,11.0,12.79,20.75,45.35,43.02,2.33,108.16,2.0,2.0,2.33,19.08,19.08,0.54,0.6,0.56,0.33,0.77,0.22,0.69,0.16,0.85,0.44,5.81,1.16,0.13,12.79,0.48
95,李德威,福爾摩沙夢想家,75,高國豪,新竹御嵿攻城獅,1,1,1.0,13.43,0.22,00:13,13.43,0.22,00:13,0.0,0.0,0.0,0.0,2.0,2.0,200.0,321.69,0.0,0.0,0.0,0.0,0.0,0.0,0.0,0.0,0.0,0.0,0.0,0.0,0.0,0.0,0.0,0.0,0.0,0.0,0.0,0.0,0.0,0.0,0.0,0.0,0.0,0.0,0.0,0.0,0.0,0.0,0.0,0.0,0.0,0.0,0.0,0.0,0.0,0.0,0.0,0.0,0.0,0.0,0.0,0.0,0.0,0.0,0.0,0.0,0.0,0.0,0.0,0.0,0.0,0.0,0.0,0.0,0.0,0.0,0.0,0.0,0.0,0.0,0.0,0.0,1.0,1.0,100.0,160.85,2.0,2.0,200.0,321.69,0.0,200.0,-200.0,107.23,-2.0,-2.0,-200.0,0.22,0.22,,,,,,,,,,,0.0,0.0,1.0,200.0,
95,李德威,福爾摩沙夢想家,87,蔡宸綱,新竹御嵿攻城獅,1,1,1.0,13.43,0.22,00:13,13.43,0.22,00:13,0.0,0.0,0.0,0.0,2.0,2.0,200.0,321.69,0.0,0.0,0.0,0.0,0.0,0.0,0.0,0.0,0.0,0.0,0.0,0.0,0.0,0.0,0.0,0.0,0.0,0.0,0.0,0.0,0.0,0.0,0.0,0.0,0.0,0.0,0.0,0.0,0.0,0.0,0.0,0.0,0.0,0.0,0.0,0.0,0.0,0.0,0.0,0.0,0.0,0.0,0.0,0.0,0.0,0.0,0.0,0.0,0.0,0.0,0.0,0.0,0.0,0.0,0.0,0.0,0.0,0.0,0.0,0.0,0.0,0.0,0.0,0.0,1.0,1.0,100.0,160.85,2.0,2.0,200.0,321.69,0.0,200.0,-200.0,107.23,-2.0,-2.0,-200.0,0.22,0.22,,,,,,,,,,,0.0,0.0,1.0,200.0,
95,李德威,福爾摩沙夢想家,88,盧冠軒,新竹御嵿攻城獅,1,1,1.0,13.43,0.22,00:13,13.43,0.22,00:13,0.0,0.0,0.0,0.0,2.0,2.0,200.0,321.69,0.0,0.0,0.0,0.0,0.0,0.0,0.0,0.0,0.0,0.0,0.0,0.0,0.0,0.0,0.0,0.0,0.0,0.0,0.0,0.0,0.0,0.0,0.0,0.0,0.0,0.0,0.0,0.0,0.0,0.0,0.0,0.0,0.0,0.0,0.0,0.0,0.0,0.0,0.0,0.0,0.0,0.0,0.0,0.0,0.0,0.0,0.0,0.0,0.0,0.0,0.0,0.0,0.0,0.0,0.0,0.0,0.0,0.0,0.0,0.0,0.0,0.0,0.0,0.0,1.0,1.0,100.0,160.85,2.0,2.0,200.0,321.69,0.0,200.0,-200.0,107.23,-2.0,-2.0,-200.0,0.22,0.22,,,,,,,,,,,0.0,0.0,1.0,200.0,
95,李德威,福爾摩沙夢想家,10887,德魯,新竹御嵿攻城獅,1,1,1.0,13.43,0.22,00:13,13.43,0.22,00:13,0.0,0.0,0.0,0.0,2.0,2.0,200.0,321.69,0.0,0.0,0.0,0.0,0.0,0.0,0.0,0.0,0.0,0.0,0.0,0.0,0.0,0.0,0.0,0.0,0.0,0.0,0.0,0.0,0.0,0.0,0.0,0.0,0.0,0.0,0.0,0.0,0.0,0.0,0.0,0.0,0.0,0.0,0.0,0.0,0.0,0.0,0.0,0.0,0.0,0.0,0.0,0.0,0.0,0.0,0.0,0.0,0.0,0.0,0.0,0.0,0.0,0.0,0.0,0.0,0.0,0.0,0.0,0.0,0.0,0.0,0.0,0.0,1.0,1.0,100.0,160.85,2.0,2.0,200.0,321.69,0.0,200.0,-200.0,107.23,-2.0,-2.0,-200.0,0.22,0.22,,,,,,,,,,,0.0,0.0,1.0,200.0,
95,李德威,福爾摩沙夢想家,14843,馬力,新竹御嵿攻城獅,1,1,1.0,13.43,0.22,00:13,13.43,0.22,00:13,0.0,0.0,0.0,0.0,2.0,2.0,200.0,321.69,0.0,0.0,0.0,0.0,0.0,0.0,0.0,0.0,0.0,0.0,0.0,0.0,0.0,0.0,0.0,0.0,0.0,0.0,0.0,0.0,0.0,0.0,0.0,0.0,0.0,0.0,0.0,0.0,0.0,0.0,0.0,0.0,0.0,0.0,0.0,0.0,0.0,0.0,0.0,0.0,0.0,0.0,0.0,0.0,0.0,0.0,0.0,0.0,0.0,0.0,0.0,0.0,0.0,0.0,0.0,0.0,0.0,0.0,0.0,0.0,0.0,0.0,0.0,0.0,1.0,1.0,100.0,160.85,2.0,2.0,200.0,321.69,0.0,200.0,-200.0,107.23,-2.0,-2.0,-200.0,0.22,0.22,,,,,,,,,,,0.0,0.0,1.0,200.0,
75,高國豪,新竹御嵿攻城獅,95,李德威,福爾摩沙夢想家,1,1,1.0,13.43,0.22,00:13,13.43,0.22,00:13,2.0,2.0,200.0,321.69,0.0,0.0,0.0,0.0,0.0,0.0,0.0,0.0,0.0,0.0,0.0,0.0,0.0,0.0,0.0,0.0,0.0,0.0,0.0,0.0,0.0,0.0,0.0,0.0,0.0,0.0,0.0,0.0,2.0,2.0,200.0,321.69,2.0,2.0,200.0,321.69,0.0,0.0,0.0,0.0,0.0,0.0,0.0,0.0,0.0,0.0,0.0,0.0,0.0,0.0,0.0,0.0,0.0,0.0,0.0,0.0,0.0,0.0,0.0,0.0,0.0,0.0,0.0,0.0,0.0,0.0,0.0,0.0,0.0,0.0,0.0,0.0,0.0,0.0,0.0,0.0,200.0,0.0,200.0,107.23,2.0,2.0,200.0,0.22,0.22,,1.14,,,1.0,0.0,,,,,0.0,0.0,0.0,0.0,
87,蔡宸綱,新竹御嵿攻城獅,95,李德威,福爾摩沙夢想家,1,1,1.0,13.43,0.22,00:13,13.43,0.22,00:13,2.0,2.0,200.0,321.69,0.0,0.0,0.0,0.0,0.0,0.0,0.0,0.0,0.0,0.0,0.0,0.0,0.0,0.0,0.0,0.0,0.0,0.0,0.0,0.0,0.0,0.0,0.0,0.0,0.0,0.0,0.0,0.0,2.0,2.0,200.0,321.69,2.0,2.0,200.0,321.69,0.0,0.0,0.0,0.0,0.0,0.0,0.0,0.0,0.0,0.0,0.0,0.0,0.0,0.0,0.0,0.0,0.0,0.0,0.0,0.0,0.0,0.0,0.0,0.0,0.0,0.0,0.0,0.0,0.0,0.0,0.0,0.0,0.0,0.0,0.0,0.0,0.0,0.0,0.0,0.0,200.0,0.0,200.0,107.23,2.0,2.0,200.0,0.22,0.22,,1.14,,,1.0,0.0,,,,,0.0,0.0,0.0,0.0,
88,盧冠軒,新竹御嵿攻城獅,95,李德威,福爾摩沙夢想家,1,1,1.0,13.43,0.22,00:13,13.43,0.22,00:13,2.0,2.0,200.0,321.69,0.0,0.0,0.0,0.0,0.0,0.0,0.0,0.0,0.0,0.0,0.0,0.0,0.0,0.0,0.0,0.0,0.0,0.0,0.0,0.0,0.0,0.0,0.0,0.0,0.0,0.0,0.0,0.0,2.0,2.0,200.0,321.69,2.0,2.0,200.0,321.69,0.0,0.0,0.0,0.0,0.0,0.0,0.0,0.0,0.0,0.0,0.0,0.0,0.0,0.0,0.0,0.0,0.0,0.0,0.0,0.0,0.0,0.0,0.0,0.0,0.0,0.0,0.0,0.0,0.0,0.0,0.0,0.0,0.0,0.0,0.0,0.0,0.0,0.0,0.0,0.0,200.0,0.0,200.0,107.23,2.0,2.0,200.0,0.22,0.22,,1.14,,,1.0,0.0,,,,,0.0,0.0,0.0,0.0,
10887,德魯,新竹御嵿攻城獅,95,李德威,福爾摩沙夢想家,1,1,1.0,13.43,0.22,00:13,13.43,0.22,00:13,2.0,2.0,200.0,321.69,0.0,0.0,0.0,0.0,0.0,0.0,0.0,0.0,0.0,0.0,0.0,0.0,0.0,0.0,0.0,0.0,0.0,0.0,0.0,0.0,0.0,0.0,0.0,0.0,0.0,0.0,0.0,0.0,2.0,2.0,200.0,321.69,2.0,2.0,200.0,321.69,0.0,0.0,0.0,0.0,0.0,0.0,0.0,0.0,0.0,0.0,0.0,0.0,0.0,0.0,0.0,0.0,0.0,0.0,0.0,0.0,0.0,0.0,0.0,0.0,0.0,0.0,0.0,0.0,0.0,0.0,0.0,0.0,0.0,0.0,0.0,0.0,0.0,0.0,0.0,0.0,200.0,0.0,200.0,107.23,2.0,2.0,200.0,0.22,0.22,,1.14,,,1.0,0.0,,,,,0.0,0.0,0.0,0.0,
14843,馬力,新竹御嵿攻城獅,95,李德威,福爾摩沙夢想家,1,1,1.0,13.43,0.22,00:13,13.43,0.22,00:13,2.0,2.0,200.0,321.69,0.0,0.0,0.0,0.0,0.0,0.0,0.0,0.0,0.0,0.0,0.0,0.0,0.0,0.0,0.0,0.0,0.0,0.0,0.0,0.0,0.0,0.0,0.0,0.0,0.0,0.0,0.0,0.0,2.0,2.0,200.0,321.69,2.0,2.0,200.0,321.69,0.0,0.0,0.0,0.0,0.0,0.0,0.0,0.0,0.0,0.0,0.0,0.0,0.0,0.0,0.0,0.0,0.0,0.0,0.0,0.0,0.0,0.0,0.0,0.0,0.0,0.0,0.0,0.0,0.0,0.0,0.0,0.0,0.0,0.0,0.0,0.0,0.0,0.0,0.0,0.0,200.0,0.0,200.0,107.23,2.0,2.0,200.0,0.22,0.22,,1.14,,,1.0,0.0,,,,,0.0,0.0,0.0,0.0,
77,馬建豪,福爾摩沙夢想家,75,高國豪,新竹御嵿攻城獅,1,31,33.0,526.86,8.78,08:47,526.86,8.78,08:47,15.0,15.0,45.45,61.5,19.0,19.0,57.58,77.89,13.0,13.0,39.39,53.3,6.0,6.0,18.18,24.6,8.0,8.0,24.24,32.8,5.0,5.0,15.15,20.5,5.0,5.0,15.15,20.5,1.0,1.0,3.03,4.1,2.0,2.0,6.06,8.2,2.0,2.0,6.06,8.2,0.0,0.0,0.0,0.0,7.0,7.0,21.21,28.7,1.0,1.0,3.03,4.1,4.0,4.0,12.12,16.4,2.0,2.0,6.06,8.2,5.0,5.0,15.15,20.5,0.0,0.0,0.0,0.0,0.0,0.0,0.0,0.0,1.0,1.0,3.03,4.1,3.0,3.0,9.09,12.3,45.45,57.58,-12.12,90.19,-4.0,-4.0,-12.12,8.78,8.78,0.5,0.54,0.62,0.2,1.0,0.13,0.83,0.0,0.88,0.58,0.0,0.0,0.03,9.09,0.15
77,馬建豪,福爾摩沙夢想家,87,蔡宸綱,新竹御嵿攻城獅,1,21,24.0,363.86,6.06,06:04,363.86,6.06,06:04,8.0,8.0,33.33,47.49,13.0,13.0,54.17,77.17,7.0,7.0,29.17,41.55,4.0,4.0,16.67,23.75,5.0,5.0,20.83,29.68,4.0,4.0,16.67,23.75,2.0,2.0,8.33,11.87,0.0,0.0,0.0,0.0,0.0,0.0,0.0,0.0,0.0,0.0,0.0,0.0,0.0,0.0,0.0,0.0,3.0,3.0,12.5,17.81,1.0,1.0,4.17,5.94,2.0,2.0,8.33,11.87,3.0,3.0,12.5,17.81,3.0,3.0,12.5,17.81,0.0,0.0,0.0,0.0,0.0,0.0,0.0,0.0,2.0,2.0,8.33,11.87,5.0,5.0,20.83,29.68,33.33,54.17,-20.83,94.98,-5.0,-5.0,-20.83,6.06,6.06,0.57,0.57,0.8,0.0,,0.3,0.75,0.0,0.75,0.5,0.0,0.0,0.08,20.83,0.0
77,馬建豪,福爾摩沙夢想家,88,盧冠軒,新竹御嵿攻城獅,1,21,24.0,363.86,6.06,06:04,363.86,6.06,06:04,8.0,8.0,33.33,47.49,13.0,13.0,54.17,77.17,7.0,7.0,29.17,41.55,4.0,4.0,16.67,23.75,5.0,5.0,20.83,29.68,4.0,4.0,16.67,23.75,2.0,2.0,8.33,11.87,0.0,0.0,0.0,0.0,0.0,0.0,0.0,0.0,0.0,0.0,0.0,0.0,0.0,0.0,0.0,0.0,3.0,3.0,12.5,17.81,1.0,1.0,4.17,5.94,2.0,2.0,8.33,11.87,3.0,3.0,12.5,17.81,3.0,3.0,12.5,17.81,0.0,0.0,0.0,0.0,0.0,0.0,0.0,0.0,2.0,2.0,8.33,11.87,5.0,5.0,20.83,29.68,33.33,54.17,-20.83,94.98,-5.0,-5.0,-20.83,6.06,6.06,0.57,0.57,0.8,0.0,,0.3,0.75,0.0,0.75,0.5,0.0,0.0,0.08,20.83,0.0
77,馬建豪,福爾摩沙夢想家,10887,德魯,新竹御嵿攻城獅,1,20,21.0,354.0,5.9,05:54,354.0,5.9,05:54,9.0,9.0,42.86,54.92,11.0,11.0,52.38,67.12,8.0,8.0,38.1,48.81,3.0,3.0,14.29,18.31,4.0,4.0,19.05,24.41,2.0,2.0,9.52,12.2,4.0,4.0,19.05,24.41,1.0,1.0,4.76,6.1,2.0,2.0,9.52,12.2,2.0,2.0,9.52,12.2,0.0,0.0,0.0,0.0,5.0,5.0,23.81,30.51,1.0,1.0,4.76,6.1,4.0,4.0,19.05,24.41,1.0,1.0,4.76,6.1,3.0,3.0,14.29,18.31,0.0,0.0,0.0,0.0,0.0,0.0,0.0,0.0,1.0,1.0,4.76,6.1,1.0,1.0,4.76,6.1,42.86,52.38,-9.52,85.42,-2.0,-2.0,-9.52,5.9,5.9,0.44,0.51,0.5,0.25,1.0,0.1,1.0,0.0,0.83,0.5,0.0,0.0,0.05,4.76,0.25
77,馬建豪,福爾摩沙夢想家,14843,馬力,新竹御嵿攻城獅,1,27,30.0,478.86,7.98,07:59,478.86,7.98,07:59,10.0,10.0,33.33,45.11,18.0,18.0,60.0,81.19,10.0,10.0,33.33,45.11,5.0,5.0,16.67,22.55,7.0,7.0,23.33,31.57,5.0,5.0,16.67,22.55,3.0,3.0,10.0,13.53,0.0,0.0,0.0,0.0,0.0,0.0,0.0,0.0,0.0,0.0,0.0,0.0,0.0,0.0,0.0,0.0,5.0,5.0,16.67,22.55,1.0,1.0,3.33,4.51,3.0,3.0,10.0,13.53,3.0,3.0,10.0,13.53,4.0,4.0,13.33,18.04,0.0,0.0,0.0,0.0,0.0,0.0,0.0,0.0,2.0,2.0,6.67,9.02,5.0,5.0,16.67,22.55,33.33,60.0,-26.67,90.21,-8.0,-8.0,-26.67,7.98,7.98,0.5,0.5,0.71,0.0,,0.23,0.8,0.0,0.83,0.56,0.0,0.0,0.07,16.67,0.0
89,蔣淯安,福爾摩沙夢想家,87,蔡宸綱,新竹御嵿攻城獅,1,52,61.0,853.51,14.23,14:14,853.51,14.23,14:14,21.0,21.0,34.43,53.15,28.0,28.0,45.9,70.86,22.0,22.0,36.07,55.68,9.0,9.0,14.75,22.78,13.0,13.0,21.31,32.9,8.0,8.0,13.11,20.25,9.0,9.0,14.75,22.78,1.0,1.0,1.64,2.53,4.0,4.0,6.56,10.12,2.0,2.0,3.28,5.06,2.0,2.0,3.28,5.06,9.0,9.0,14.75,22.78,4.0,4.0,6.56,10.12,7.0,7.0,11.48,17.72,5.0,5.0,8.2,12.65,7.0,7.0,11.48,17.72,1.0,1.0,1.64,2.53,1.0,1.0,1.64,2.53,4.0,4.0,6.56,10.12,7.0,7.0,11.48,17.72,34.43,45.9,-11.48,102.92,-7.0,-7.0,-11.48,14.23,14.23,0.43,0.44,0.62,0.11,0.5,0.17,0.78,0.22,0.69,0.5,1.64,1.64,0.07,11.48,0.18
89,蔣淯安,福爾摩沙夢想家,88,盧冠軒,新竹御嵿攻城獅,1,59,68.0,954.37,15.91,15:54,954.37,15.91,15:54,27.0,27.0,39.71,61.11,30.0,30.0,44.12,67.9,24.0,24.0,35.29,54.32,12.0,12.0,17.65,27.16,18.0,18.0,26.47,40.74,11.0,11.0,16.18,24.9,6.0,6.0,8.82,13.58,1.0,1.0,1.47,2.26,5.0,5.0,7.35,11.32,2.0,2.0,2.94,4.53,2.0,2.0,2.94,4.53,10.0,10.0,14.71,22.63,5.0,5.0,7.35,11.32,8.0,8.0,11.76,18.11,5.0,5.0,7.35,11.32,9.0,9.0,13.24,20.37,1.0,1.0,1.47,2.26,2.0,2.0,2.94,4.53,6.0,6.0,8.82,13.58,7.0,7.0,10.29,15.84,39.71,44.12,-4.41,102.6,-3.0,-3.0,-4.41,15.91,15.91,0.52,0.52,0.61,0.17,0.4,0.16,0.75,0.2,0.67,0.48,1.47,2.94,0.09,10.29,0.21
75,高國豪,新竹御嵿攻城獅,77,馬建豪,福爾摩沙夢想家,1,31,33.0,526.86,8.78,08:47,526.86,8.78,08:47,19.0,19.0,57.58,77.89,15.0,15.0,45.45,61.5,12.0,12.0,36.36,49.2,7.0,7.0,21.21,28.7,5.0,5.0,15.15,20.5,4.0,4.0,12.12,16.4,7.0,7.0,21.21,28.7,3.0,3.0,9.09,12.3,3.0,3.0,9.09,12.3,2.0,2.0,6.06,8.2,1.0,1.0,3.03,4.1,4.0,4.0,12.12,16.4,0.0,0.0,0.0,0.0,7.0,7.0,21.21,28.7,2.0,2.0,6.06,8.2,4.0,4.0,12.12,16.4,2.0,2.0,6.06,8.2,0.0,0.0,0.0,0.0,4.0,4.0,12.12,16.4,2.0,2.0,6.06,8.2,57.58,45.45,12.12,90.19,4.0,4.0,12.12,8.78,8.78,0.71,0.71,0.8,0.43,0.67,0.13,0.57,0.12,1.0,0.42,6.06,0.0,0.12,6.06,0.25
87,蔡宸綱,新竹御嵿攻城獅,77,馬建豪,福爾摩沙夢想家,1,21,24.0,363.86,6.06,06:04,363.86,6.06,06:04,13.0,13.0,54.17,77.17,8.0,8.0,33.33,47.49,7.0,7.0,29.17,41.55,4.0,4.0,16.67,23.75,4.0,4.0,16.67,23.75,3.0,3.0,12.5,17.81,3.0,3.0,12.5,17.81,1.0,1.0,4.17,5.94,5.0,5.0,20.83,29.68,4.0,4.0,16.67,23.75,1.0,1.0,4.17,5.94,2.0,2.0,8.33,11.87,0.0,0.0,0.0,0.0,3.0,3.0,12.5,17.81,2.0,2.0,8.33,11.87,3.0,3.0,12.5,17.81,2.0,2.0,8.33,11.87,0.0,0.0,0.0,0.0,3.0,3.0,12.5,17.81,0.0,0.0,0.0,0.0,54.17,33.33,20.83,94.98,5.0,5.0,20.83,6.06,6.06,0.64,0.71,0.75,0.33,0.8,0.18,0.75,0.25,1.0,0.5,8.33,0.0,0.12,0.0,0.71
87,蔡宸綱,新竹御嵿攻城獅,89,蔣淯安,福爾摩沙夢想家,1,52,61.0,853.51,14.23,14:14,853.51,14.23,14:14,28.0,28.0,45.9,70.86,21.0,21.0,34.43,53.15,21.0,21.0,34.43,53.15,10.0,10.0,16.39,25.31,13.0,13.0,21.31,32.9,8.0,8.0,13.11,20.25,8.0,8.0,13.11,20.25,2.0,2.0,3.28,5.06,7.0,7.0,11.48,17.72,6.0,6.0,9.84,15.18,4.0,4.0,6.56,10.12,7.0,7.0,11.48,17.72,2.0,2.0,3.28,5.06,9.0,9.0,14.75,22.78,5.0,5.0,8.2,12.65,6.0,6.0,9.84,15.18,4.0,4.0,6.56,10.12,2.0,2.0,3.28,5.06,6.0,6.0,9.84,15.18,4.0,4.0,6.56,10.12,45.9,34.43,11.48,102.92,7.0,7.0,11.48,14.23,14.23,0.52,0.58,0.62,0.25,0.86,0.17,0.6,0.31,0.78,0.5,6.56,3.28,0.1,6.56,0.33
88,盧冠軒,新竹御嵿攻城獅,77,馬建豪,福爾摩沙夢想家,1,21,24.0,363.86,6.06,06:04,363.86,6.06,06:04,13.0,13.0,54.17,77.17,8.0,8.0,33.33,47.49,7.0,7.0,29.17,41.55,4.0,4.0,16.67,23.75,4.0,4.0,16.67,23.75,3.0,3.0,12.5,17.81,3.0,3.0,12.5,17.81,1.0,1.0,4.17,5.94,5.0,5.0,20.83,29.68,4.0,4.0,16.67,23.75,1.0,1.0,4.17,5.94,2.0,2.0,8.33,11.87,0.0,0.0,0.0,0.0,3.0,3.0,12.5,17.81,2.0,2.0,8.33,11.87,3.0,3.0,12.5,17.81,2.0,2.0,8.33,11.87,0.0,0.0,0.0,0.0,3.0,3.0,12.5,17.81,0.0,0.0,0.0,0.0,54.17,33.33,20.83,94.98,5.0,5.0,20.83,6.06,6.06,0.64,0.71,0.75,0.33,0.8,0.18,0.75,0.25,1.0,0.5,8.33,0.0,0.12,0.0,0.71
88,盧冠軒,新竹御嵿攻城獅,89,蔣淯安,福爾摩沙夢想家,1,59,68.0,954.37,15.91,15:54,954.37,15.91,15:54,30.0,30.0,44.12,67.9,27.0,27.0,39.71,61.11,24.0,24.0,35.29,54.32,11.0,11.0,16.18,24.9,15.0,15.0,22.06,33.95,9.0,9.0,13.24,20.37,9.0,9.0,13.24,20.37,2.0,2.0,2.94,4.53,7.0,7.0,10.29,15.84,6.0,6.0,8.82,13.58,5.0,5.0,7.35,11.32,8.0,8.0,11.76,18.11,2.0,2.0,2.94,4.53,10.0,10.0,14.71,22.63,6.0,6.0,8.82,13.58,7.0,7.0,10.29,15.84,4.0,4.0,5.88,9.05,1.0,1.0,1.47,2.26,7.0,7.0,10.29,15.84,5.0,5.0,7.35,11.32,44.12,39.71,4.41,102.6,3.0,3.0,4.41,15.91,15.91,0.5,0.55,0.6,0.22,0.86,0.18,0.64,0.33,0.8,0.52,5.88,1.47,0.1,7.35,0.29
10887,德魯,新竹御嵿攻城獅,77,馬建豪,福爾摩沙夢想家,1,20,21.0,354.0,5.9,05:54,354.0,5.9,05:54,11.0,11.0,52.38,67.12,9.0,9.0,42.86,54.92,9.0,9.0,42.86,54.92,4.0,4.0,19.05,24.41,3.0,3.0,14.29,18.31,2.0,2.0,9.52,12.2,6.0,6.0,28.57,36.61,2.0,2.0,9.52,12.2,1.0,1.0,4.76,6.1,1.0,1.0,4.76,6.1,1.0,1.0,4.76,6.1,4.0,4.0,19.05,24.41,0.0,0.0,0.0,0.0,5.0,5.0,23.81,30.51,1.0,1.0,4.76,6.1,2.0,2.0,9.52,12.2,1.0,1.0,4.76,6.1,0.0,0.0,0.0,0.0,3.0,3.0,14.29,18.31,2.0,2.0,9.52,12.2,52.38,42.86,9.52,85.42,2.0,2.0,9.52,5.9,5.9,0.56,0.58,0.67,0.33,1.0,0.1,0.5,0.17,1.0,0.5,4.76,0.0,0.14,9.52,0.11
14843,馬力,新竹御嵿攻城獅,77,馬建豪,福爾摩沙夢想家,1,27,30.0,478.86,7.98,07:59,478.86,7.98,07:59,18.0,18.0,60.0,81.19,10.0,10.0,33.33,45.11,10.0,10.0,33.33,45.11,6.0,6.0,20.0,27.06,5.0,5.0,16.67,22.55,4.0,4.0,13.33,18.04,5.0,5.0,16.67,22.55,2.0,2.0,6.67,9.02,5.0,5.0,16.67,22.55,4.0,4.0,13.33,18.04,1.0,1.0,3.33,4.51,3.0,3.0,10.0,13.53,0.0,0.0,0.0,0.0,5.0,5.0,16.67,22.55,2.0,2.0,6.67,9.02,4.0,4.0,13.33,18.04,2.0,2.0,6.67,9.02,0.0,0.0,0.0,0.0,4.0,4.0,13.33,18.04,0.0,0.0,0.0,0.0,60.0,33.33,26.67,90.21,8.0,8.0,26.67,7.98,7.98,0.7,0.74,0.8,0.4,0.8,0.14,0.67,0.17,1.0,0.44,6.67,0.0,0.13,0.0,0.5
77,馬建豪,福爾摩沙夢想家,10888,帕塞獅,新竹御嵿攻城獅,1,21,23.0,356.86,5.95,05:57,356.86,5.95,05:57,11.0,11.0,47.83,66.58,17.0,17.0,73.91,102.9,8.0,8.0,34.78,48.42,4.0,4.0,17.39,24.21,5.0,5.0,21.74,30.26,3.0,3.0,13.04,18.16,3.0,3.0,13.04,18.16,1.0,1.0,4.35,6.05,2.0,2.0,8.7,12.11,2.0,2.0,8.7,12.11,0.0,0.0,0.0,0.0,4.0,4.0,17.39,24.21,0.0,0.0,0.0,0.0,1.0,1.0,4.35,6.05,2.0,2.0,8.7,12.11,3.0,3.0,13.04,18.16,0.0,0.0,0.0,0.0,0.0,0.0,0.0,0.0,3.0,3.0,13.04,18.16,4.0,4.0,17.39,24.21,47.83,73.91,-26.09,92.81,-6.0,-6.0,-26.09,5.95,5.95,0.56,0.62,0.6,0.33,1.0,0.18,0.75,0.0,1.0,0.8,0.0,0.0,0.13,17.39,0.25
107,霍爾曼,福爾摩沙夢想家,10888,帕塞獅,新竹御嵿攻城獅,1,63,72.0,1045.89,17.43,17:26,1045.89,17.43,17:26,30.0,30.0,41.67,61.96,48.0,48.0,66.67,99.13,28.0,28.0,38.89,57.83,12.0,12.0,16.67,24.78,17.0,17.0,23.61,35.11,10.0,10.0,13.89,20.65,11.0,11.0,15.28,22.72,2.0,2.0,2.78,4.13,6.0,6.0,8.33,12.39,4.0,4.0,5.56,8.26,2.0,2.0,2.78,4.13,13.0,13.0,18.06,26.85,4.0,4.0,5.56,8.26,5.0,5.0,6.94,10.33,4.0,4.0,5.56,8.26,5.0,5.0,6.94,10.33,2.0,2.0,2.78,4.13,1.0,1.0,1.39,2.07,5.0,5.0,6.94,10.33,9.0,9.0,12.5,18.59,41.67,66.67,-25.0,99.13,-18.0,-18.0,-25.0,17.43,17.43,0.46,0.49,0.59,0.18,0.67,0.12,0.42,0.29,0.76,0.62,2.78,1.39,0.07,12.5,0.21
10888,帕塞獅,新竹御嵿攻城獅,77,馬建豪,福爾摩沙夢想家,1,21,23.0,356.86,5.95,05:57,356.86,5.95,05:57,17.0,17.0,73.91,102.9,11.0,11.0,47.83,66.58,7.0,7.0,30.43,42.37,6.0,6.0,26.09,36.32,4.0,4.0,17.39,24.21,4.0,4.0,17.39,24.21,3.0,3.0,13.04,18.16,2.0,2.0,8.7,12.11,4.0,4.0,17.39,24.21,3.0,3.0,13.04,18.16,0.0,0.0,0.0,0.0,1.0,1.0,4.35,6.05,0.0,0.0,0.0,0.0,4.0,4.0,17.39,24.21,1.0,1.0,4.35,6.05,4.0,4.0,17.39,24.21,1.0,1.0,4.35,6.05,0.0,0.0,0.0,0.0,3.0,3.0,13.04,18.16,2.0,2.0,8.7,12.11,73.91,47.83,26.09,92.81,6.0,6.0,26.09,5.95,5.95,1.0,0.97,1.0,0.67,0.75,0.1,0.67,0.0,1.0,0.2,4.35,0.0,0.13,8.7,0.57
10888,帕塞獅,新竹御嵿攻城獅,107,霍爾曼,福爾摩沙夢想家,1,63,72.0,1045.89,17.43,17:26,1045.89,17.43,17:26,48.0,48.0,66.67,99.13,30.0,30.0,41.67,61.96,27.0,27.0,37.5,55.76,18.0,18.0,25.0,37.17,16.0,16.0,22.22,33.04,13.0,13.0,18.06,26.85,11.0,11.0,15.28,22.72,5.0,5.0,6.94,10.33,9.0,9.0,12.5,18.59,7.0,7.0,9.72,14.46,4.0,4.0,5.56,8.26,5.0,5.0,6.94,10.33,2.0,2.0,2.78,4.13,13.0,13.0,18.06,26.85,4.0,4.0,5.56,8.26,12.0,12.0,16.67,24.78,2.0,2.0,2.78,4.13,1.0,1.0,1.39,2.07,7.0,7.0,9.72,14.46,6.0,6.0,8.33,12.39,66.67,41.67,25.0,99.13,18.0,18.0,25.0,17.43,17.43,0.76,0.78,0.81,0.45,0.78,0.11,0.67,0.24,0.71,0.38,2.78,1.39,0.1,8.33,0.33
77,馬建豪,福爾摩沙夢想家,76,曾柏喻,新竹御嵿攻城獅,1,16,17.0,299.0,4.98,04:59,299.0,4.98,04:59,7.0,7.0,41.18,50.57,14.0,14.0,82.35,101.14,6.0,6.0,35.29,43.34,2.0,2.0,11.76,14.45,3.0,3.0,17.65,21.67,1.0,1.0,5.88,7.22,3.0,3.0,17.65,21.67,1.0,1.0,5.88,7.22,2.0,2.0,11.76,14.45,2.0,2.0,11.76,14.45,0.0,0.0,0.0,0.0,4.0,4.0,23.53,28.9,0.0,0.0,0.0,0.0,2.0,2.0,11.76,14.45,1.0,1.0,5.88,7.22,2.0,2.0,11.76,14.45,0.0,0.0,0.0,0.0,0.0,0.0,0.0,0.0,3.0,3.0,17.65,21.67,2.0,2.0,11.76,14.45,41.18,82.35,-41.18,81.87,-7.0,-7.0,-41.18,4.98,4.98,0.42,0.51,0.33,0.33,1.0,0.13,1.0,0.0,1.0,0.67,0.0,0.0,0.18,11.76,0.33
76,曾柏喻,新竹御嵿攻城獅,77,馬建豪,福爾摩沙夢想家,1,16,17.0,299.0,4.98,04:59,299.0,4.98,04:59,14.0,14.0,82.35,101.14,7.0,7.0,41.18,50.57,7.0,7.0,41.18,50.57,5.0,5.0,29.41,36.12,3.0,3.0,17.65,21.67,3.0,3.0,17.65,21.67,4.0,4.0,23.53,28.9,2.0,2.0,11.76,14.45,2.0,2.0,11.76,14.45,2.0,2.0,11.76,14.45,0.0,0.0,0.0,0.0,2.0,2.0,11.76,14.45,0.0,0.0,0.0,0.0,4.0,4.0,23.53,28.9,0.0,0.0,0.0,0.0,3.0,3.0,17.65,21.67,0.0,0.0,0.0,0.0,0.0,0.0,0.0,0.0,3.0,3.0,17.65,21.67,2.0,2.0,11.76,14.45,82.35,41.18,41.18,81.87,7.0,7.0,41.18,4.98,4.98,0.86,0.89,1.0,0.5,1.0,0.0,0.6,0.0,1.0,0.33,0.0,0.0,0.18,11.76,0.29
86,林俊吉,福爾摩沙夢想家,10888,帕塞獅,新竹御嵿攻城獅,1,40,43.0,593.12,9.89,09:53,593.12,9.89,09:53,18.0,18.0,41.86,65.55,22.0,22.0,51.16,80.12,18.0,18.0,41.86,65.55,8.0,8.0,18.6,29.13,12.0,12.0,27.91,43.7,7.0,7.0,16.28,25.49,6.0,6.0,13.95,21.85,1.0,1.0,2.33,3.64,3.0,3.0,6.98,10.93,1.0,1.0,2.33,3.64,0.0,0.0,0.0,0.0,10.0,10.0,23.26,36.42,2.0,2.0,4.65,7.28,4.0,4.0,9.3,14.57,2.0,2.0,4.65,7.28,5.0,5.0,11.63,18.21,1.0,1.0,2.33,3.64,2.0,2.0,4.65,7.28,4.0,4.0,9.3,14.57,2.0,2.0,4.65,7.28,41.86,51.16,-9.3,104.4,-4.0,-4.0,-9.3,9.89,9.89,0.47,0.47,0.58,0.17,0.33,0.09,0.62,0.0,0.83,0.62,2.33,4.65,0.09,4.65,0.17
10888,帕塞獅,新竹御嵿攻城獅,86,林俊吉,福爾摩沙夢想家,1,40,43.0,593.12,9.89,09:53,593.12,9.89,09:53,22.0,22.0,51.16,80.12,18.0,18.0,41.86,65.55,15.0,15.0,34.88,54.63,9.0,9.0,20.93,32.78,11.0,11.0,25.58,40.06,7.0,7.0,16.28,25.49,4.0,4.0,9.3,14.57,2.0,2.0,4.65,7.28,2.0,2.0,4.65,7.28,2.0,2.0,4.65,7.28,2.0,2.0,4.65,7.28,4.0,4.0,9.3,14.57,0.0,0.0,0.0,0.0,10.0,10.0,23.26,36.42,5.0,5.0,11.63,18.21,6.0,6.0,13.95,21.85,2.0,2.0,4.65,7.28,1.0,1.0,2.33,3.64,3.0,3.0,6.98,10.93,3.0,3.0,6.98,10.93,51.16,41.86,9.3,104.4,4.0,4.0,9.3,9.89,9.89,0.67,0.69,0.64,0.5,1.0,0.24,0.67,0.17,1.0,0.38,4.65,2.33,0.07,6.98,0.13
99,盧冠良,福爾摩沙夢想家,10888,帕塞獅,新竹御嵿攻城獅,1,14,18.0,288.06,4.8,04:48,288.06,4.8,04:48,9.0,9.0,50.0,67.49,12.0,12.0,66.67,89.98,8.0,8.0,44.44,59.99,3.0,3.0,16.67,22.5,5.0,5.0,27.78,37.49,2.0,2.0,11.11,15.0,3.0,3.0,16.67,22.5,1.0,1.0,5.56,7.5,2.0,2.0,11.11,15.0,2.0,2.0,11.11,15.0,2.0,2.0,11.11,15.0,3.0,3.0,16.67,22.5,2.0,2.0,11.11,15.0,3.0,3.0,16.67,22.5,0.0,0.0,0.0,0.0,1.0,1.0,5.56,7.5,0.0,0.0,0.0,0.0,0.0,0.0,0.0,0.0,2.0,2.0,11.11,15.0,1.0,1.0,5.56,7.5,50.0,66.67,-16.67,89.98,-3.0,-3.0,-16.67,4.8,4.8,0.44,0.51,0.4,0.33,1.0,0.0,0.33,0.4,0.6,0.5,0.0,0.0,0.11,5.56,0.25
10888,帕塞獅,新竹御嵿攻城獅,99,盧冠良,福爾摩沙夢想家,1,14,18.0,288.06,4.8,04:48,288.06,4.8,04:48,12.0,12.0,66.67,89.98,9.0,9.0,50.0,67.49,9.0,9.0,50.0,67.49,5.0,5.0,27.78,37.49,3.0,3.0,16.67,22.5,3.0,3.0,16.67,22.5,6.0,6.0,33.33,44.99,2.0,2.0,11.11,15.0,1.0,1.0,5.56,7.5,0.0,0.0,0.0,0.0,2.0,2.0,11.11,15.0,3.0,3.0,16.67,22.5,2.0,2.0,11.11,15.0,3.0,3.0,16.67,22.5,0.0,0.0,0.0,0.0,2.0,2.0,11.11,15.0,0.0,0.0,0.0,0.0,0.0,0.0,0.0,0.0,2.0,2.0,11.11,15.0,2.0,2.0,11.11,15.0,66.67,50.0,16.67,89.98,3.0,3.0,16.67,4.8,4.8,0.67,0.64,1.0,0.33,0.0,0.0,0.4,0.4,0.6,0.5,0.0,0.0,0.11,11.11,0.11
77,馬建豪,福爾摩沙夢想家,10885,劉丞勳,新竹御嵿攻城獅,1,13,13.0,231.0,3.85,03:51,231.0,3.85,03:51,7.0,7.0,53.85,65.45,10.0,10.0,76.92,93.51,6.0,6.0,46.15,56.1,2.0,2.0,15.38,18.7,3.0,3.0,23.08,28.05,1.0,1.0,7.69,9.35,3.0,3.0,23.08,28.05,1.0,1.0,7.69,9.35,2.0,2.0,15.38,18.7,2.0,2.0,15.38,18.7,0.0,0.0,0.0,0.0,4.0,4.0,30.77,37.4,0.0,0.0,0.0,0.0,2.0,2.0,15.38,18.7,0.0,0.0,0.0,0.0,2.0,2.0,15.38,18.7,0.0,0.0,0.0,0.0,0.0,0.0,0.0,0.0,1.0,1.0,7.69,9.35,0.0,0.0,0.0,0.0,53.85,76.92,-23.08,81.04,-3.0,-3.0,-23.08,3.85,3.85,0.42,0.51,0.33,0.33,1.0,0.0,1.0,0.0,1.0,0.67,0.0,0.0,0.08,0.0,0.33
10885,劉丞勳,新竹御嵿攻城獅,77,馬建豪,福爾摩沙夢想家,1,13,13.0,231.0,3.85,03:51,231.0,3.85,03:51,10.0,10.0,76.92,93.51,7.0,7.0,53.85,65.45,6.0,6.0,46.15,56.1,4.0,4.0,30.77,37.4,2.0,2.0,15.38,18.7,2.0,2.0,15.38,18.7,4.0,4.0,30.77,37.4,2.0,2.0,15.38,18.7,0.0,0.0,0.0,0.0,0.0,0.0,0.0,0.0,0.0,0.0,0.0,0.0,2.0,2.0,15.38,18.7,0.0,0.0,0.0,0.0,4.0,4.0,30.77,37.4,0.0,0.0,0.0,0.0,2.0,2.0,15.38,18.7,0.0,0.0,0.0,0.0,0.0,0.0,0.0,0.0,2.0,2.0,15.38,18.7,2.0,2.0,15.38,18.7,76.92,53.85,23.08,81.04,3.0,3.0,23.08,3.85,3.85,0.83,0.83,1.0,0.5,,0.0,0.5,0.0,1.0,0.33,0.0,0.0,0.15,15.38,0.0
86,林俊吉,福爾摩沙夢想家,82,蕭順議,新竹御嵿攻城獅,1,1,1.0,8.14,0.14,00:08,8.14,0.14,00:08,0.0,0.0,0.0,0.0,0.0,0.0,0.0,0.0,1.0,1.0,100.0,265.42,0.0,0.0,0.0,0.0,0.0,0.0,0.0,0.0,0.0,0.0,0.0,0.0,1.0,1.0,100.0,265.42,0.0,0.0,0.0,0.0,0.0,0.0,0.0,0.0,0.0,0.0,0.0,0.0,0.0,0.0,0.0,0.0,1.0,1.0,100.0,265.42,0.0,0.0,0.0,0.0,0.0,0.0,0.0,0.0,0.0,0.0,0.0,0.0,0.0,0.0,0.0,0.0,0.0,0.0,0.0,0.0,0.0,0.0,0.0,0.0,0.0,0.0,0.0,0.0,0.0,0.0,0.0,0.0,0.0,0.0,0.0,176.95,0.0,0.0,0.0,0.14,0.14,0.0,0.0,,0.0,,0.0,,,1.0,1.0,0.0,0.0,0.0,0.0,0.0
89,蔣淯安,福爾摩沙夢想家,82,蕭順議,新竹御嵿攻城獅,1,1,1.0,8.14,0.14,00:08,8.14,0.14,00:08,0.0,0.0,0.0,0.0,0.0,0.0,0.0,0.0,1.0,1.0,100.0,265.42,0.0,0.0,0.0,0.0,0.0,0.0,0.0,0.0,0.0,0.0,0.0,0.0,1.0,1.0,100.0,265.42,0.0,0.0,0.0,0.0,0.0,0.0,0.0,0.0,0.0,0.0,0.0,0.0,0.0,0.0,0.0,0.0,1.0,1.0,100.0,265.42,0.0,0.0,0.0,0.0,0.0,0.0,0.0,0.0,0.0,0.0,0.0,0.0,0.0,0.0,0.0,0.0,0.0,0.0,0.0,0.0,0.0,0.0,0.0,0.0,0.0,0.0,0.0,0.0,0.0,0.0,0.0,0.0,0.0,0.0,0.0,176.95,0.0,0.0,0.0,0.14,0.14,0.0,0.0,,0.0,,0.0,,,1.0,1.0,0.0,0.0,0.0,0.0,0.0
103,忻沃克,福爾摩沙夢想家,82,蕭順議,新竹御嵿攻城獅,1,1,1.0,8.14,0.14,00:08,8.14,0.14,00:08,0.0,0.0,0.0,0.0,0.0,0.0,0.0,0.0,1.0,1.0,100.0,265.42,0.0,0.0,0.0,0.0,0.0,0.0,0.0,0.0,0.0,0.0,0.0,0.0,1.0,1.0,100.0,265.42,0.0,0.0,0.0,0.0,0.0,0.0,0.0,0.0,0.0,0.0,0.0,0.0,0.0,0.0,0.0,0.0,1.0,1.0,100.0,265.42,0.0,0.0,0.0,0.0,0.0,0.0,0.0,0.0,0.0,0.0,0.0,0.0,0.0,0.0,0.0,0.0,0.0,0.0,0.0,0.0,0.0,0.0,0.0,0.0,0.0,0.0,0.0,0.0,0.0,0.0,0.0,0.0,0.0,0.0,0.0,176.95,0.0,0.0,0.0,0.14,0.14,0.0,0.0,,0.0,,0.0,,,1.0,1.0,0.0,0.0,0.0,0.0,0.0
107,霍爾曼,福爾摩沙夢想家,82,蕭順議,新竹御嵿攻城獅,1,1,1.0,8.14,0.14,00:08,8.14,0.14,00:08,0.0,0.0,0.0,0.0,0.0,0.0,0.0,0.0,1.0,1.0,100.0,265.42,0.0,0.0,0.0,0.0,0.0,0.0,0.0,0.0,0.0,0.0,0.0,0.0,1.0,1.0,100.0,265.42,0.0,0.0,0.0,0.0,0.0,0.0,0.0,0.0,0.0,0.0,0.0,0.0,0.0,0.0,0.0,0.0,1.0,1.0,100.0,265.42,0.0,0.0,0.0,0.0,0.0,0.0,0.0,0.0,0.0,0.0,0.0,0.0,0.0,0.0,0.0,0.0,0.0,0.0,0.0,0.0,0.0,0.0,0.0,0.0,0.0,0.0,0.0,0.0,0.0,0.0,0.0,0.0,0.0,0.0,0.0,176.95,0.0,0.0,0.0,0.14,0.14,0.0,0.0,,0.0,,0.0,,,1.0,1.0,0.0,0.0,0.0,0.0,0.0
13906,班提爾,福爾摩沙夢想家,82,蕭順議,新竹御嵿攻城獅,1,1,1.0,8.14,0.14,00:08,8.14,0.14,00:08,0.0,0.0,0.0,0.0,0.0,0.0,0.0,0.0,1.0,1.0,100.0,265.42,0.0,0.0,0.0,0.0,0.0,0.0,0.0,0.0,0.0,0.0,0.0,0.0,1.0,1.0,100.0,265.42,0.0,0.0,0.0,0.0,0.0,0.0,0.0,0.0,0.0,0.0,0.0,0.0,0.0,0.0,0.0,0.0,1.0,1.0,100.0,265.42,0.0,0.0,0.0,0.0,0.0,0.0,0.0,0.0,0.0,0.0,0.0,0.0,0.0,0.0,0.0,0.0,0.0,0.0,0.0,0.0,0.0,0.0,0.0,0.0,0.0,0.0,0.0,0.0,0.0,0.0,0.0,0.0,0.0,0.0,0.0,176.95,0.0,0.0,0.0,0.14,0.14,0.0,0.0,,0.0,,0.0,,,1.0,1.0,0.0,0.0,0.0,0.0,0.0
82,蕭順議,新竹御嵿攻城獅,86,林俊吉,福爾摩沙夢想家,1,1,1.0,8.14,0.14,00:08,8.14,0.14,00:08,0.0,0.0,0.0,0.0,0.0,0.0,0.0,0.0,0.0,0.0,0.0,0.0,0.0,0.0,0.0,0.0,0.0,0.0,0.0,0.0,0.0,0.0,0.0,0.0,0.0,0.0,0.0,0.0,0.0,0.0,0.0,0.0,0.0,0.0,0.0,0.0,0.0,0.0,0.0,0.0,0.0,0.0,0.0,0.0,0.0,0.0,0.0,0.0,0.0,0.0,0.0,0.0,1.0,1.0,100.0,265.42,0.0,0.0,0.0,0.0,0.0,0.0,0.0,0.0,0.0,0.0,0.0,0.0,0.0,0.0,0.0,0.0,0.0,0.0,0.0,0.0,0.0,0.0,0.0,0.0,0.0,0.0,0.0,176.95,0.0,0.0,0.0,0.14,0.14,,,,,,,,0.0,,0.0,0.0,0.0,0.0,0.0,
82,蕭順議,新竹御嵿攻城獅,89,蔣淯安,福爾摩沙夢想家,1,1,1.0,8.14,0.14,00:08,8.14,0.14,00:08,0.0,0.0,0.0,0.0,0.0,0.0,0.0,0.0,0.0,0.0,0.0,0.0,0.0,0.0,0.0,0.0,0.0,0.0,0.0,0.0,0.0,0.0,0.0,0.0,0.0,0.0,0.0,0.0,0.0,0.0,0.0,0.0,0.0,0.0,0.0,0.0,0.0,0.0,0.0,0.0,0.0,0.0,0.0,0.0,0.0,0.0,0.0,0.0,0.0,0.0,0.0,0.0,1.0,1.0,100.0,265.42,0.0,0.0,0.0,0.0,0.0,0.0,0.0,0.0,0.0,0.0,0.0,0.0,0.0,0.0,0.0,0.0,0.0,0.0,0.0,0.0,0.0,0.0,0.0,0.0,0.0,0.0,0.0,176.95,0.0,0.0,0.0,0.14,0.14,,,,,,,,0.0,,0.0,0.0,0.0,0.0,0.0,
82,蕭順議,新竹御嵿攻城獅,103,忻沃克,福爾摩沙夢想家,1,1,1.0,8.14,0.14,00:08,8.14,0.14,00:08,0.0,0.0,0.0,0.0,0.0,0.0,0.0,0.0,0.0,0.0,0.0,0.0,0.0,0.0,0.0,0.0,0.0,0.0,0.0,0.0,0.0,0.0,0.0,0.0,0.0,0.0,0.0,0.0,0.0,0.0,0.0,0.0,0.0,0.0,0.0,0.0,0.0,0.0,0.0,0.0,0.0,0.0,0.0,0.0,0.0,0.0,0.0,0.0,0.0,0.0,0.0,0.0,1.0,1.0,100.0,265.42,0.0,0.0,0.0,0.0,0.0,0.0,0.0,0.0,0.0,0.0,0.0,0.0,0.0,0.0,0.0,0.0,0.0,0.0,0.0,0.0,0.0,0.0,0.0,0.0,0.0,0.0,0.0,176.95,0.0,0.0,0.0,0.14,0.14,,,,,,,,0.0,,0.0,0.0,0.0,0.0,0.0,
82,蕭順議,新竹御嵿攻城獅,107,霍爾曼,福爾摩沙夢想家,1,1,1.0,8.14,0.14,00:08,8.14,0.14,00:08,0.0,0.0,0.0,0.0,0.0,0.0,0.0,0.0,0.0,0.0,0.0,0.0,0.0,0.0,0.0,0.0,0.0,0.0,0.0,0.0,0.0,0.0,0.0,0.0,0.0,0.0,0.0,0.0,0.0,0.0,0.0,0.0,0.0,0.0,0.0,0.0,0.0,0.0,0.0,0.0,0.0,0.0,0.0,0.0,0.0,0.0,0.0,0.0,0.0,0.0,0.0,0.0,1.0,1.0,100.0,265.42,0.0,0.0,0.0,0.0,0.0,0.0,0.0,0.0,0.0,0.0,0.0,0.0,0.0,0.0,0.0,0.0,0.0,0.0,0.0,0.0,0.0,0.0,0.0,0.0,0.0,0.0,0.0,176.95,0.0,0.0,0.0,0.14,0.14,,,,,,,,0.0,,0.0,0.0,0.0,0.0,0.0,
82,蕭順議,新竹御嵿攻城獅,13906,班提爾,福爾摩沙夢想家,1,1,1.0,8.14,0.14,00:08,8.14,0.14,00:08,0.0,0.0,0.0,0.0,0.0,0.0,0.0,0.0,0.0,0.0,0.0,0.0,0.0,0.0,0.0,0.0,0.0,0.0,0.0,0.0,0.0,0.0,0.0,0.0,0.0,0.0,0.0,0.0,0.0,0.0,0.0,0.0,0.0,0.0,0.0,0.0,0.0,0.0,0.0,0.0,0.0,0.0,0.0,0.0,0.0,0.0,0.0,0.0,0.0,0.0,0.0,0.0,1.0,1.0,100.0,265.42,0.0,0.0,0.0,0.0,0.0,0.0,0.0,0.0,0.0,0.0,0.0,0.0,0.0,0.0,0.0,0.0,0.0,0.0,0.0,0.0,0.0,0.0,0.0,0.0,0.0,0.0,0.0,176.95,0.0,0.0,0.0,0.14,0.14,,,,,,,,0.0,,0.0,0.0,0.0,0.0,0.0,
