lineup_size,team_name,lineup_player_ids,lineup_player_names,games_used,stint_count,possessions,sec_played,min_played,min_played_str,sec_per_game,min_per_game,min_per_game_str,PTS,PTS_per_game,PTS_per100,PTS_per36,PTS_allowed,PTS_allowed_per_game,PTS_allowed_per100,PTS_allowed_per36,FGA,FGA_per_game,FGA_per100,FGA_per36,FGM,FGM_per_game,FGM_per100,FGM_per36,2PA,2PA_per_game,2PA_per100,2PA_per36,2PM,2PM_per_game,2PM_per100,2PM_per36,3PA,3PA_per_game,3PA_per100,3PA_per36,3PM,3PM_per_game,3PM_per100,3PM_per36,FTA,FTA_per_game,FTA_per100,FTA_per36,FTM,FTM_per_game,FTM_per100,FTM_per36,ORB,ORB_per_game,ORB_per100,ORB_per36,DRB,DRB_per_game,DRB_per100,DRB_per36,ORB_allowed,ORB_allowed_per_game,ORB_allowed_per100,ORB_allowed_per36,DRB_allowed,DRB_allowed_per_game,DRB_allowed_per100,DRB_allowed_per36,TOV,TOV_per_game,TOV_per100,TOV_per36,AST,AST_per_game,AST_per100,AST_per36,STL,STL_per_game,STL_per100,STL_per36,BLK,BLK_per_game,BLK_per100,BLK_per36,Fouls,Fouls_per_game,Fouls_per100,Fouls_per36,FT_allowed,FT_allowed_per_game,FT_allowed_per100,FT_allowed_per36,ORtg,DRtg,NetRtg,PACE,PM_total,PM_per_game,PM_per100,MIN_total,MIN_per_game,eFG,TS,FG2_pct,FG3_pct,FT_pct,TOV_pct,AST_ratio,ORB_pct,DRB_pct,TRB_pct,STL_pct,BLK_pct,Foul_per_poss,FT_allowed_rate_per100,FT_rate
2,新北國王,21|25,李愷諺/林金榜,14,379,464.0,5921.76,98.7,98:42,422.98,7.05,07:03,198.0,14.14,42.67,72.22,172.0,12.29,37.07,62.74,170.0,12.14,36.64,62.01,68.0,4.86,14.66,24.8,95.0,6.79,20.47,34.65,47.0,3.36,10.13,17.14,75.0,5.36,16.16,27.36,21.0,1.5,4.53,7.66,56.0,4.0,12.07,20.43,42.0,3.0,9.05,15.32,42.0,3.0,9.05,15.32,69.0,4.93,14.87,25.17,27.0,1.93,5.82,9.85,79.0,5.64,17.03,28.82,38.0,2.71,8.19,13.86,41.0,2.93,8.84,14.96,26.0,1.86,5.6,9.48,9.0,0.64,1.94,3.28,49.0,3.5,10.56,17.87,42.0,3.0,9.05,15.32,42.67,37.07,5.6,112.83,26.0,1.86,5.6,98.7,7.05,0.46,0.51,0.49,0.28,0.75,0.16,0.6,0.35,0.72,0.51,5.6,1.94,0.11,9.05,0.33
2,新北國王,21|29,李愷諺/林書緯,22,1623,1926.0,26194.65,436.58,436:35,1190.67,19.84,19:51,838.0,38.09,43.51,69.1,875.0,39.77,45.43,72.15,747.0,33.95,38.79,61.6,313.0,14.23,16.25,25.81,453.0,20.59,23.52,37.35,232.0,10.55,12.05,19.13,294.0,13.36,15.26,24.24,81.0,3.68,4.21,6.68,166.0,7.55,8.62,13.69,125.0,5.68,6.49,10.31,133.0,6.05,6.91,10.97,318.0,14.45,16.51,26.22,116.0,5.27,6.02,9.57,277.0,12.59,14.38,22.84,121.0,5.5,6.28,9.98,179.0,8.14,9.29,14.76,73.0,3.32,3.79,6.02,35.0,1.59,1.82,2.89,165.0,7.5,8.57,13.61,165.0,7.5,8.57,13.61,43.51,45.43,-1.92,105.88,-37.0,-1.68,-1.92,436.58,19.84,0.47,0.51,0.51,0.28,0.75,0.13,0.57,0.32,0.73,0.53,3.79,1.82,0.09,8.57,0.22
2,新北國王,21|10875,李愷諺/傑登,14,1295,1574.0,19825.47,330.42,330:25,1416.11,23.6,23:36,689.0,49.21,43.77,75.07,655.0,46.79,41.61,71.36,592.0,42.29,37.61,64.5,252.0,18.0,16.01,27.46,365.0,26.07,23.19,39.77,182.0,13.0,11.56,19.83,227.0,16.21,14.42,24.73,70.0,5.0,4.45,7.63,165.0,11.79,10.48,17.98,114.0,8.14,7.24,12.42,124.0,8.86,7.88,13.51,241.0,17.21,15.31,26.26,91.0,6.5,5.78,9.91,232.0,16.57,14.74,25.28,109.0,7.79,6.93,11.88,154.0,11.0,9.78,16.78,68.0,4.86,4.32,7.41,29.0,2.07,1.84,3.16,137.0,9.79,8.7,14.93,166.0,11.86,10.55,18.09,43.77,41.61,2.16,114.33,34.0,2.43,2.16,330.42,23.6,0.48,0.52,0.5,0.31,0.69,0.14,0.61,0.35,0.73,0.53,4.32,1.84,0.09,10.55,0.28
2,新北國王,21|10876,李愷諺/尚迪,6,502,602.0,7344.45,122.41,122:24,1224.08,20.4,20:24,251.0,41.83,41.69,73.82,258.0,43.0,42.86,75.88,217.0,36.17,36.05,63.82,93.0,15.5,15.45,27.35,130.0,21.67,21.59,38.23,72.0,12.0,11.96,21.18,87.0,14.5,14.45,25.59,21.0,3.5,3.49,6.18,66.0,11.0,10.96,19.41,43.0,7.17,7.14,12.65,46.0,7.67,7.64,13.53,90.0,15.0,14.95,26.47,35.0,5.83,5.81,10.29,80.0,13.33,13.29,23.53,51.0,8.5,8.47,15.0,49.0,8.17,8.14,14.41,29.0,4.83,4.82,8.53,8.0,1.33,1.33,2.35,59.0,9.83,9.8,17.35,65.0,10.83,10.8,19.12,41.69,42.86,-1.16,118.03,-7.0,-1.17,-1.16,122.41,20.4,0.48,0.51,0.55,0.24,0.65,0.17,0.53,0.37,0.72,0.54,4.82,1.33,0.1,10.8,0.3
2,新北國王,25|29,林金榜/林書緯,15,275,343.0,4693.2,78.22,78:13,312.88,5.21,05:13,132.0,8.8,38.48,60.75,132.0,8.8,38.48,60.75,126.0,8.4,36.73,57.99,43.0,2.87,12.54,19.79,67.0,4.47,19.53,30.84,30.0,2.0,8.75,13.81,59.0,3.93,17.2,27.15,13.0,0.87,3.79,5.98,38.0,2.53,11.08,17.49,33.0,2.2,9.62,15.19,31.0,2.07,9.04,14.27,54.0,3.6,15.74,24.85,33.0,2.2,9.62,15.19,48.0,3.2,13.99,22.09,18.0,1.2,5.25,8.28,24.0,1.6,7.0,11.05,11.0,0.73,3.21,5.06,4.0,0.27,1.17,1.84,33.0,2.2,9.62,15.19,26.0,1.73,7.58,11.97,38.48,38.48,0.0,105.24,0.0,0.0,0.0,78.22,5.21,0.39,0.46,0.45,0.22,0.87,0.11,0.56,0.39,0.62,0.51,3.21,1.17,0.1,7.58,0.3
2,新北國王,25|10875,林金榜/傑登,12,336,400.0,5126.89,85.45,85:27,427.24,7.12,07:07,158.0,13.17,39.5,66.57,171.0,14.25,42.75,72.04,146.0,12.17,36.5,61.51,54.0,4.5,13.5,22.75,80.0,6.67,20.0,33.7,37.0,3.08,9.25,15.59,66.0,5.5,16.5,27.81,17.0,1.42,4.25,7.16,48.0,4.0,12.0,20.22,33.0,2.75,8.25,13.9,36.0,3.0,9.0,15.17,65.0,5.42,16.25,27.39,18.0,1.5,4.5,7.58,59.0,4.92,14.75,24.86,35.0,2.92,8.75,14.75,37.0,3.08,9.25,15.59,25.0,2.08,6.25,10.53,8.0,0.67,2.0,3.37,40.0,3.33,10.0,16.85,38.0,3.17,9.5,16.01,39.5,42.75,-3.25,112.35,-13.0,-1.08,-3.25,85.45,7.12,0.43,0.47,0.46,0.26,0.69,0.17,0.69,0.38,0.78,0.57,6.25,2.0,0.1,9.5,0.33
2,新北國王,25|10876,林金榜/尚迪,5,175,214.0,2703.21,45.05,45:03,540.64,9.01,09:01,84.0,16.8,39.25,67.12,90.0,18.0,42.06,71.91,79.0,15.8,36.92,63.13,31.0,6.2,14.49,24.77,43.0,8.6,20.09,34.36,23.0,4.6,10.75,18.38,36.0,7.2,16.82,28.77,8.0,1.6,3.74,6.39,23.0,4.6,10.75,18.38,14.0,2.8,6.54,11.19,20.0,4.0,9.35,15.98,34.0,6.8,15.89,27.17,14.0,2.8,6.54,11.19,32.0,6.4,14.95,25.57,20.0,4.0,9.35,15.98,14.0,2.8,6.54,11.19,12.0,2.4,5.61,9.59,4.0,0.8,1.87,3.2,23.0,4.6,10.75,18.38,19.0,3.8,8.88,15.18,39.25,42.06,-2.8,114.0,-6.0,-1.2,-2.8,45.05,9.01,0.44,0.47,0.53,0.22,0.61,0.18,0.45,0.38,0.71,0.54,5.61,1.87,0.11,8.88,0.29
2,新北國王,29|10875,林書緯/傑登,14,1195,1417.0,18507.98,308.47,308:28,1322.0,22.03,22:02,616.0,44.0,43.47,71.89,667.0,47.64,47.07,77.84,555.0,39.64,39.17,64.77,236.0,16.86,16.65,27.54,322.0,23.0,22.72,37.58,166.0,11.86,11.71,19.37,233.0,16.64,16.44,27.19,70.0,5.0,4.94,8.17,110.0,7.86,7.76,12.84,74.0,5.29,5.22,8.64,102.0,7.29,7.2,11.9,239.0,17.07,16.87,27.89,84.0,6.0,5.93,9.8,195.0,13.93,13.76,22.76,89.0,6.36,6.28,10.39,144.0,10.29,10.16,16.81,56.0,4.0,3.95,6.54,20.0,1.43,1.41,2.33,115.0,8.21,8.12,13.42,163.0,11.64,11.5,19.02,43.47,47.07,-3.6,110.25,-51.0,-3.64,-3.6,308.47,22.03,0.49,0.51,0.52,0.3,0.67,0.13,0.61,0.34,0.74,0.55,3.95,1.41,0.08,11.5,0.2
2,新北國王,29|10876,林書緯/尚迪,5,440,541.0,6743.17,112.39,112:23,1348.63,22.48,22:29,208.0,41.6,38.45,66.63,223.0,44.6,41.22,71.43,192.0,38.4,35.49,61.5,79.0,15.8,14.6,25.31,109.0,21.8,20.15,34.92,58.0,11.6,10.72,18.58,83.0,16.6,15.34,26.59,21.0,4.2,3.88,6.73,44.0,8.8,8.13,14.09,29.0,5.8,5.36,9.29,41.0,8.2,7.58,13.13,77.0,15.4,14.23,24.66,43.0,8.6,7.95,13.77,70.0,14.0,12.94,22.42,48.0,9.6,8.87,15.38,47.0,9.4,8.69,15.06,29.0,5.8,5.36,9.29,9.0,1.8,1.66,2.88,36.0,7.2,6.65,11.53,51.0,10.2,9.43,16.34,38.45,41.22,-2.77,115.53,-15.0,-3.0,-2.77,112.39,22.48,0.47,0.49,0.53,0.25,0.66,0.19,0.59,0.37,0.64,0.51,5.36,1.66,0.07,9.43,0.23
2,新北國王,10875|10876,傑登/尚迪,6,351,421.0,5210.11,86.84,86:50,868.35,14.47,14:28,165.0,27.5,39.19,68.41,174.0,29.0,41.33,72.14,156.0,26.0,37.05,64.67,62.0,10.33,14.73,25.7,96.0,16.0,22.8,39.8,48.0,8.0,11.4,19.9,60.0,10.0,14.25,24.87,14.0,2.33,3.33,5.8,48.0,8.0,11.4,19.9,26.0,4.33,6.18,10.78,33.0,5.5,7.84,13.68,71.0,11.83,16.86,29.44,21.0,3.5,4.99,8.71,58.0,9.67,13.78,24.05,32.0,5.33,7.6,13.27,34.0,5.67,8.08,14.1,21.0,3.5,4.99,8.71,6.0,1.0,1.43,2.49,40.0,6.67,9.5,16.58,41.0,6.83,9.74,17.0,39.19,41.33,-2.14,116.36,-9.0,-1.5,-2.14,86.84,14.47,0.44,0.47,0.5,0.23,0.54,0.15,0.55,0.36,0.77,0.57,4.99,1.43,0.1,9.74,0.31
2,高雄全家海神,110|118,胡瓏貿/蘇文儒,24,2032,2411.0,34848.63,580.81,580:49,1452.03,24.2,24:12,1059.0,44.12,43.92,65.64,1093.0,45.54,45.33,67.75,886.0,36.92,36.75,54.92,384.0,16.0,15.93,23.8,501.0,20.88,20.78,31.05,256.0,10.67,10.62,15.87,385.0,16.04,15.97,23.86,128.0,5.33,5.31,7.93,236.0,9.83,9.79,14.63,165.0,6.88,6.84,10.23,134.0,5.58,5.56,8.31,395.0,16.46,16.38,24.48,151.0,6.29,6.26,9.36,363.0,15.12,15.06,22.5,176.0,7.33,7.3,10.91,215.0,8.96,8.92,13.33,100.0,4.17,4.15,6.2,39.0,1.62,1.62,2.42,233.0,9.71,9.66,14.44,217.0,9.04,9.0,13.45,43.92,45.33,-1.41,99.63,-34.0,-1.42,-1.41,580.81,24.2,0.51,0.53,0.51,0.33,0.7,0.15,0.56,0.27,0.72,0.51,4.15,1.62,0.1,9.0,0.27
2,高雄全家海神,110|121,胡瓏貿/吳曉謹,27,1137,1367.0,19425.33,323.76,323:45,719.46,11.99,11:59,596.0,22.07,43.6,66.27,680.0,25.19,49.74,75.61,506.0,18.74,37.02,56.26,215.0,7.96,15.73,23.91,256.0,9.48,18.73,28.47,139.0,5.15,10.17,15.46,250.0,9.26,18.29,27.8,76.0,2.81,5.56,8.45,126.0,4.67,9.22,14.01,91.0,3.37,6.66,10.12,95.0,3.52,6.95,10.56,203.0,7.52,14.85,22.57,99.0,3.67,7.24,11.01,179.0,6.63,13.09,19.9,106.0,3.93,7.75,11.79,128.0,4.74,9.36,14.23,67.0,2.48,4.9,7.45,29.0,1.07,2.12,3.22,124.0,4.59,9.07,13.79,132.0,4.89,9.66,14.68,43.6,49.74,-6.14,101.34,-84.0,-3.11,-6.14,323.76,11.99,0.5,0.53,0.54,0.3,0.72,0.16,0.6,0.35,0.67,0.52,4.9,2.12,0.09,9.66,0.25
2,高雄全家海神,110|10892,胡瓏貿/詹姆斯,4,363,463.0,5904.49,98.41,98:24,1476.12,24.6,24:36,182.0,45.5,39.31,66.58,200.0,50.0,43.2,73.16,158.0,39.5,34.13,57.8,70.0,17.5,15.12,25.61,91.0,22.75,19.65,33.29,55.0,13.75,11.88,20.12,67.0,16.75,14.47,24.51,15.0,3.75,3.24,5.49,47.0,11.75,10.15,17.19,27.0,6.75,5.83,9.88,29.0,7.25,6.26,10.61,71.0,17.75,15.33,25.97,45.0,11.25,9.72,16.46,62.0,15.5,13.39,22.68,34.0,8.5,7.34,12.44,22.0,5.5,4.75,8.05,21.0,5.25,4.54,7.68,3.0,0.75,0.65,1.1,42.0,10.5,9.07,15.36,51.0,12.75,11.02,18.66,39.31,43.2,-3.89,112.92,-18.0,-4.5,-3.89,98.41,24.6,0.49,0.51,0.6,0.22,0.57,0.16,0.31,0.32,0.61,0.48,4.54,0.65,0.09,11.02,0.3
2,高雄全家海神,110|10894,胡瓏貿/凱帝,12,954,1148.0,15769.54,262.83,262:50,1314.13,21.9,21:54,495.0,41.25,43.12,67.8,522.0,43.5,45.47,71.5,404.0,33.67,35.19,55.34,180.0,15.0,15.68,24.66,222.0,18.5,19.34,30.41,125.0,10.42,10.89,17.12,182.0,15.17,15.85,24.93,55.0,4.58,4.79,7.53,112.0,9.33,9.76,15.34,79.0,6.58,6.88,10.82,62.0,5.17,5.4,8.49,178.0,14.83,15.51,24.38,87.0,7.25,7.58,11.92,166.0,13.83,14.46,22.74,90.0,7.5,7.84,12.33,105.0,8.75,9.15,14.38,47.0,3.92,4.09,6.44,11.0,0.92,0.96,1.51,115.0,9.58,10.02,15.75,96.0,8.0,8.36,13.15,43.12,45.47,-2.35,104.83,-27.0,-2.25,-2.35,262.83,21.9,0.51,0.55,0.56,0.3,0.71,0.17,0.58,0.27,0.67,0.49,4.09,0.96,0.1,8.36,0.28
2,高雄全家海神,118|121,蘇文儒/吳曉謹,18,935,1122.0,17624.16,293.74,293:44,979.12,16.32,16:19,509.0,28.28,45.37,62.38,562.0,31.22,50.09,68.88,415.0,23.06,36.99,50.86,178.0,9.89,15.86,21.82,245.0,13.61,21.84,30.03,120.0,6.67,10.7,14.71,170.0,9.44,15.15,20.84,58.0,3.22,5.17,7.11,139.0,7.72,12.39,17.04,101.0,5.61,9.0,12.38,72.0,4.0,6.42,8.82,177.0,9.83,15.78,21.69,69.0,3.83,6.15,8.46,161.0,8.94,14.35,19.73,74.0,4.11,6.6,9.07,114.0,6.33,10.16,13.97,39.0,2.17,3.48,4.78,21.0,1.17,1.87,2.57,119.0,6.61,10.61,14.58,129.0,7.17,11.5,15.81,45.37,50.09,-4.72,91.67,-53.0,-2.94,-4.72,293.74,16.32,0.5,0.53,0.49,0.34,0.73,0.13,0.64,0.31,0.72,0.52,3.48,1.87,0.11,11.5,0.33
2,高雄全家海神,118|10892,蘇文儒/詹姆斯,4,352,442.0,5617.49,93.62,93:37,1404.37,23.41,23:24,188.0,47.0,42.53,72.29,190.0,47.5,42.99,73.06,151.0,37.75,34.16,58.06,67.0,16.75,15.16,25.76,87.0,21.75,19.68,33.45,49.0,12.25,11.09,18.84,64.0,16.0,14.48,24.61,18.0,4.5,4.07,6.92,53.0,13.25,11.99,20.38,36.0,9.0,8.14,13.84,28.0,7.0,6.33,10.77,67.0,16.75,15.16,25.76,40.0,10.0,9.05,15.38,62.0,15.5,14.03,23.84,30.0,7.5,6.79,11.54,24.0,6.0,5.43,9.23,18.0,4.5,4.07,6.92,4.0,1.0,0.9,1.54,48.0,12.0,10.86,18.46,53.0,13.25,11.99,20.38,42.53,42.99,-0.45,113.3,-2.0,-0.5,-0.45,93.62,23.41,0.5,0.54,0.56,0.28,0.68,0.15,0.36,0.31,0.63,0.48,4.07,0.9,0.11,11.99,0.35
2,高雄全家海神,118|10894,蘇文儒/凱帝,11,957,1144.0,15905.7,265.09,265:06,1445.97,24.1,24:06,510.0,46.36,44.58,69.26,492.0,44.73,43.01,66.81,398.0,36.18,34.79,54.05,174.0,15.82,15.21,23.63,215.0,19.55,18.79,29.2,114.0,10.36,9.97,15.48,183.0,16.64,16.0,24.85,60.0,5.45,5.24,8.15,132.0,12.0,11.54,17.93,102.0,9.27,8.92,13.85,66.0,6.0,5.77,8.96,174.0,15.82,15.21,23.63,76.0,6.91,6.64,10.32,170.0,15.45,14.86,23.09,92.0,8.36,8.04,12.49,99.0,9.0,8.65,13.44,47.0,4.27,4.11,6.38,10.0,0.91,0.87,1.36,129.0,11.73,11.28,17.52,112.0,10.18,9.79,15.21,44.58,43.01,1.57,103.57,18.0,1.64,1.57,265.09,24.1,0.51,0.56,0.53,0.33,0.77,0.17,0.57,0.28,0.7,0.49,4.11,0.87,0.11,9.79,0.33
2,高雄全家海神,121|10892,吳曉謹/詹姆斯,4,147,182.0,2057.6,34.29,34:18,514.4,8.57,08:34,69.0,17.25,37.91,72.43,103.0,25.75,56.59,108.13,54.0,13.5,29.67,56.69,21.0,5.25,11.54,22.05,32.0,8.0,17.58,33.59,15.0,3.75,8.24,15.75,22.0,5.5,12.09,23.09,6.0,1.5,3.3,6.3,33.0,8.25,18.13,34.64,21.0,5.25,11.54,22.05,8.0,2.0,4.4,8.4,29.0,7.25,15.93,30.44,19.0,4.75,10.44,19.95,23.0,5.75,12.64,24.14,12.0,3.0,6.59,12.6,14.0,3.5,7.69,14.7,9.0,2.25,4.95,9.45,4.0,1.0,2.2,4.2,18.0,4.5,9.89,18.9,27.0,6.75,14.84,28.34,37.91,56.59,-18.68,127.37,-34.0,-8.5,-18.68,34.29,8.57,0.44,0.5,0.47,0.27,0.64,0.15,0.67,0.26,0.6,0.47,4.95,2.2,0.1,14.84,0.61
2,高雄全家海神,121|10894,吳曉謹/凱帝,11,420,506.0,6633.26,110.55,110:33,603.02,10.05,10:03,198.0,18.0,39.13,64.48,267.0,24.27,52.77,86.94,166.0,15.09,32.81,54.05,66.0,6.0,13.04,21.49,87.0,7.91,17.19,28.33,42.0,3.82,8.3,13.68,79.0,7.18,15.61,25.72,24.0,2.18,4.74,7.82,58.0,5.27,11.46,18.89,42.0,3.82,8.3,13.68,22.0,2.0,4.35,7.16,81.0,7.36,16.01,26.38,36.0,3.27,7.11,11.72,69.0,6.27,13.64,22.47,42.0,3.82,8.3,13.68,43.0,3.91,8.5,14.0,27.0,2.45,5.34,8.79,7.0,0.64,1.38,2.28,50.0,4.55,9.88,16.28,52.0,4.73,10.28,16.93,39.13,52.77,-13.64,109.85,-69.0,-6.27,-13.64,110.55,10.05,0.47,0.52,0.48,0.3,0.72,0.18,0.65,0.24,0.69,0.5,5.34,1.38,0.1,10.28,0.35
2,高雄全家海神,10892|10894,詹姆斯/凱帝,4,316,399.0,5053.49,84.22,84:13,1263.37,21.06,21:03,149.0,37.25,37.34,63.69,178.0,44.5,44.61,76.08,129.0,32.25,32.33,55.14,56.0,14.0,14.04,23.94,74.0,18.5,18.55,31.63,42.0,10.5,10.53,17.95,55.0,13.75,13.78,23.51,14.0,3.5,3.51,5.98,40.0,10.0,10.03,17.1,23.0,5.75,5.76,9.83,22.0,5.5,5.51,9.4,61.0,15.25,15.29,26.07,41.0,10.25,10.28,17.52,58.0,14.5,14.54,24.79,34.0,8.5,8.52,14.53,21.0,5.25,5.26,8.98,21.0,5.25,5.26,8.98,5.0,1.25,1.25,2.14,38.0,9.5,9.52,16.24,44.0,11.0,11.03,18.81,37.34,44.61,-7.27,113.7,-29.0,-7.25,-7.27,84.22,21.06,0.49,0.51,0.57,0.25,0.57,0.19,0.38,0.28,0.6,0.46,5.26,1.25,0.1,11.03,0.31
2,新北國王,21|24,李愷諺/蘇士軒,22,911,1070.0,14644.38,244.07,244:04,665.65,11.09,11:06,513.0,23.32,47.94,75.67,521.0,23.68,48.69,76.85,417.0,18.95,38.97,61.51,192.0,8.73,17.94,28.32,258.0,11.73,24.11,38.05,141.0,6.41,13.18,20.8,159.0,7.23,14.86,23.45,51.0,2.32,4.77,7.52,92.0,4.18,8.6,13.57,74.0,3.36,6.92,10.91,72.0,3.27,6.73,10.62,156.0,7.09,14.58,23.01,56.0,2.55,5.23,8.26,146.0,6.64,13.64,21.53,65.0,2.95,6.07,9.59,103.0,4.68,9.63,15.19,36.0,1.64,3.36,5.31,16.0,0.73,1.5,2.36,95.0,4.32,8.88,14.01,96.0,4.36,8.97,14.16,47.94,48.69,-0.75,105.21,-8.0,-0.36,-0.75,244.07,11.09,0.52,0.56,0.55,0.32,0.8,0.12,0.54,0.33,0.74,0.53,3.36,1.5,0.09,8.97,0.22
2,新北國王,21|867,李愷諺/桑尼,5,629,758.0,9480.14,158.0,158:00,1896.03,31.6,31:36,347.0,69.4,45.78,79.06,312.0,62.4,41.16,71.09,285.0,57.0,37.6,64.94,122.0,24.4,16.09,27.8,166.0,33.2,21.9,37.82,81.0,16.2,10.69,18.46,119.0,23.8,15.7,27.11,41.0,8.2,5.41,9.34,85.0,17.0,11.21,19.37,62.0,12.4,8.18,14.13,67.0,13.4,8.84,15.27,106.0,21.2,13.98,24.15,34.0,6.8,4.49,7.75,107.0,21.4,14.12,24.38,58.0,11.6,7.65,13.22,80.0,16.0,10.55,18.23,28.0,5.6,3.69,6.38,14.0,2.8,1.85,3.19,74.0,14.8,9.76,16.86,79.0,15.8,10.42,18.0,45.78,41.16,4.62,115.14,35.0,7.0,4.62,158.0,31.6,0.5,0.54,0.49,0.34,0.73,0.15,0.66,0.39,0.76,0.55,3.69,1.85,0.1,10.42,0.3
2,新北國王,24|29,蘇士軒/林書緯,26,1478,1723.0,24525.63,408.76,408:46,943.29,15.72,15:43,832.0,32.0,48.29,73.28,824.0,31.69,47.82,72.57,668.0,25.69,38.77,58.83,319.0,12.27,18.51,28.09,386.0,14.85,22.4,34.0,216.0,8.31,12.54,19.02,282.0,10.85,16.37,24.84,103.0,3.96,5.98,9.07,109.0,4.19,6.33,9.6,85.0,3.27,4.93,7.49,100.0,3.85,5.8,8.81,259.0,9.96,15.03,22.81,101.0,3.88,5.86,8.9,263.0,10.12,15.26,23.16,116.0,4.46,6.73,10.22,179.0,6.88,10.39,15.76,71.0,2.73,4.12,6.25,25.0,0.96,1.45,2.2,113.0,4.35,6.56,9.95,145.0,5.58,8.42,12.77,48.29,47.82,0.46,101.16,8.0,0.31,0.46,408.76,15.72,0.55,0.58,0.56,0.37,0.78,0.14,0.56,0.28,0.72,0.5,4.12,1.45,0.07,8.42,0.16
2,新北國王,24|867,蘇士軒/桑尼,4,208,248.0,3329.02,55.48,55:29,832.26,13.87,13:52,116.0,29.0,46.77,75.27,119.0,29.75,47.98,77.21,90.0,22.5,36.29,58.4,41.0,10.25,16.53,26.6,51.0,12.75,20.56,33.09,27.0,6.75,10.89,17.52,39.0,9.75,15.73,25.3,14.0,3.5,5.65,9.08,22.0,5.5,8.87,14.27,20.0,5.0,8.06,12.98,19.0,4.75,7.66,12.33,30.0,7.5,12.1,19.47,14.0,3.5,5.65,9.08,34.0,8.5,13.71,22.06,21.0,5.25,8.47,13.63,26.0,6.5,10.48,16.87,10.0,2.5,4.03,6.49,3.0,0.75,1.21,1.95,25.0,6.25,10.08,16.22,29.0,7.25,11.69,18.82,46.77,47.98,-1.21,107.27,-3.0,-0.75,-1.21,55.48,13.87,0.53,0.58,0.53,0.36,0.91,0.17,0.63,0.36,0.68,0.51,4.03,1.21,0.1,11.69,0.24
2,新北國王,24|10876,蘇士軒/尚迪,7,245,302.0,4162.84,69.38,69:23,594.69,9.91,09:55,116.0,16.57,38.41,60.19,133.0,19.0,44.04,69.01,108.0,15.43,35.76,56.04,43.0,6.14,14.24,22.31,53.0,7.57,17.55,27.5,26.0,3.71,8.61,13.49,55.0,7.86,18.21,28.54,17.0,2.43,5.63,8.82,15.0,2.14,4.97,7.78,13.0,1.86,4.3,6.75,23.0,3.29,7.62,11.93,43.0,6.14,14.24,22.31,28.0,4.0,9.27,14.53,40.0,5.71,13.25,20.76,28.0,4.0,9.27,14.53,28.0,4.0,9.27,14.53,14.0,2.0,4.64,7.26,4.0,0.57,1.32,2.08,17.0,2.43,5.63,8.82,33.0,4.71,10.93,17.12,38.41,44.04,-5.63,104.47,-17.0,-2.43,-5.63,69.38,9.91,0.48,0.51,0.49,0.31,0.87,0.2,0.65,0.37,0.61,0.49,4.64,1.32,0.06,10.93,0.14
2,新北國王,29|867,林書緯/桑尼,3,368,449.0,5443.68,90.73,90:44,1814.56,30.24,30:15,195.0,65.0,43.43,77.37,197.0,65.67,43.88,78.17,164.0,54.67,36.53,65.07,70.0,23.33,15.59,27.78,91.0,30.33,20.27,36.11,49.0,16.33,10.91,19.44,73.0,24.33,16.26,28.97,21.0,7.0,4.68,8.33,45.0,15.0,10.02,17.86,34.0,11.33,7.57,13.49,39.0,13.0,8.69,15.47,62.0,20.67,13.81,24.6,24.0,8.0,5.35,9.52,50.0,16.67,11.14,19.84,37.0,12.33,8.24,14.68,45.0,15.0,10.02,17.86,17.0,5.67,3.79,6.75,10.0,3.33,2.23,3.97,39.0,13.0,8.69,15.47,61.0,20.33,13.59,24.2,43.43,43.88,-0.45,118.77,-2.0,-0.67,-0.45,90.73,30.24,0.49,0.53,0.54,0.29,0.76,0.17,0.64,0.44,0.72,0.58,3.79,2.23,0.09,13.59,0.27
2,新北國王,867|10876,桑尼/尚迪,3,189,239.0,2824.62,47.08,47:05,941.54,15.69,15:42,99.0,33.0,41.42,75.71,97.0,32.33,40.59,74.18,78.0,26.0,32.64,59.65,34.0,11.33,14.23,26.0,46.0,15.33,19.25,35.18,27.0,9.0,11.3,20.65,32.0,10.67,13.39,24.47,7.0,2.33,2.93,5.35,27.0,9.0,11.3,20.65,24.0,8.0,10.04,18.35,21.0,7.0,8.79,16.06,26.0,8.67,10.88,19.88,17.0,5.67,7.11,13.0,27.0,9.0,11.3,20.65,25.0,8.33,10.46,19.12,19.0,6.33,7.95,14.53,12.0,4.0,5.02,9.18,3.0,1.0,1.26,2.29,21.0,7.0,8.79,16.06,28.0,9.33,11.72,21.41,41.42,40.59,0.84,121.84,2.0,0.67,0.84,47.08,15.69,0.48,0.55,0.59,0.22,0.89,0.22,0.56,0.44,0.6,0.52,5.02,1.26,0.09,11.72,0.35
2,高雄全家海神,109|110,于煥亞/胡瓏貿,19,1080,1311.0,17492.75,291.55,291:33,920.67,15.34,15:21,582.0,30.63,44.39,71.87,587.0,30.89,44.77,72.48,485.0,25.53,36.99,59.89,207.0,10.89,15.79,25.56,262.0,13.79,19.98,32.35,138.0,7.26,10.53,17.04,223.0,11.74,17.01,27.54,69.0,3.63,5.26,8.52,128.0,6.74,9.76,15.81,93.0,4.89,7.09,11.48,82.0,4.32,6.25,10.13,200.0,10.53,15.26,24.7,103.0,5.42,7.86,12.72,163.0,8.58,12.43,20.13,88.0,4.63,6.71,10.87,106.0,5.58,8.09,13.09,52.0,2.74,3.97,6.42,18.0,0.95,1.37,2.22,124.0,6.53,9.46,15.31,153.0,8.05,11.67,18.89,44.39,44.77,-0.38,107.92,-5.0,-0.26,-0.38,291.55,15.34,0.5,0.54,0.53,0.31,0.73,0.14,0.51,0.33,0.66,0.51,3.97,1.37,0.09,11.67,0.26
2,高雄全家海神,109|118,于煥亞/蘇文儒,12,668,814.0,11804.87,196.75,196:45,983.74,16.4,16:24,357.0,29.75,43.86,65.32,339.0,28.25,41.65,62.03,277.0,23.08,34.03,50.68,119.0,9.92,14.62,21.77,156.0,13.0,19.16,28.54,83.0,6.92,10.2,15.19,121.0,10.08,14.86,22.14,36.0,3.0,4.42,6.59,108.0,9.0,13.27,19.76,85.0,7.08,10.44,15.55,50.0,4.17,6.14,9.15,115.0,9.58,14.13,21.04,59.0,4.92,7.25,10.8,118.0,9.83,14.5,21.59,67.0,5.58,8.23,12.26,57.0,4.75,7.0,10.43,37.0,3.08,4.55,6.77,8.0,0.67,0.98,1.46,99.0,8.25,12.16,18.11,105.0,8.75,12.9,19.21,43.86,41.65,2.21,99.29,18.0,1.5,2.21,196.75,16.4,0.49,0.55,0.53,0.3,0.79,0.17,0.48,0.3,0.66,0.48,4.55,0.98,0.12,12.9,0.39
2,高雄全家海神,109|10892,于煥亞/詹姆斯,4,285,358.0,4380.43,73.01,73:00,1095.11,18.25,18:15,146.0,36.5,40.78,71.99,159.0,39.75,44.41,78.4,119.0,29.75,33.24,58.68,52.0,13.0,14.53,25.64,65.0,16.25,18.16,32.05,39.0,9.75,10.89,19.23,54.0,13.5,15.08,26.63,13.0,3.25,3.63,6.41,40.0,10.0,11.17,19.72,29.0,7.25,8.1,14.3,23.0,5.75,6.42,11.34,50.0,12.5,13.97,24.66,34.0,8.5,9.5,16.77,42.0,10.5,11.73,20.71,28.0,7.0,7.82,13.81,18.0,4.5,5.03,8.88,19.0,4.75,5.31,9.37,5.0,1.25,1.4,2.47,33.0,8.25,9.22,16.27,60.0,15.0,16.76,29.59,40.78,44.41,-3.63,117.69,-13.0,-3.25,-3.63,73.01,18.25,0.49,0.53,0.6,0.24,0.72,0.17,0.35,0.35,0.6,0.49,5.31,1.4,0.09,16.76,0.34
2,高雄全家海神,109|10894,于煥亞/凱帝,9,512,630.0,8123.92,135.4,135:24,902.66,15.04,15:03,272.0,30.22,43.17,72.32,266.0,29.56,42.22,70.72,197.0,21.89,31.27,52.38,89.0,9.89,14.13,23.66,104.0,11.56,16.51,27.65,58.0,6.44,9.21,15.42,93.0,10.33,14.76,24.73,31.0,3.44,4.92,8.24,78.0,8.67,12.38,20.74,63.0,7.0,10.0,16.75,32.0,3.56,5.08,8.51,84.0,9.33,13.33,22.33,53.0,5.89,8.41,14.09,88.0,9.78,13.97,23.4,62.0,6.89,9.84,16.48,48.0,5.33,7.62,12.76,40.0,4.44,6.35,10.64,7.0,0.78,1.11,1.86,77.0,8.56,12.22,20.47,83.0,9.22,13.17,22.07,43.17,42.22,0.95,111.67,6.0,0.67,0.95,135.4,15.04,0.53,0.59,0.56,0.33,0.81,0.21,0.54,0.27,0.61,0.45,6.35,1.11,0.12,13.17,0.4
2,新北國王,21|10872,李愷諺/林彥廷,24,1162,1398.0,17897.87,298.3,298:18,745.74,12.43,12:26,605.0,25.21,43.28,73.01,568.0,23.67,40.63,68.55,518.0,21.58,37.05,62.51,218.0,9.08,15.59,26.31,328.0,13.67,23.46,39.58,162.0,6.75,11.59,19.55,190.0,7.92,13.59,22.93,56.0,2.33,4.01,6.76,173.0,7.21,12.37,20.88,114.0,4.75,8.15,13.76,97.0,4.04,6.94,11.71,225.0,9.38,16.09,27.15,81.0,3.38,5.79,9.78,216.0,9.0,15.45,26.07,83.0,3.46,5.94,10.02,130.0,5.42,9.3,15.69,47.0,1.96,3.36,5.67,25.0,1.04,1.79,3.02,133.0,5.54,9.51,16.05,136.0,5.67,9.73,16.41,43.28,40.63,2.65,112.48,37.0,1.54,2.65,298.3,12.43,0.47,0.51,0.49,0.29,0.66,0.12,0.6,0.31,0.74,0.52,3.36,1.79,0.1,9.73,0.33
2,新北國王,24|10872,蘇士軒/林彥廷,28,837,972.0,14308.39,238.47,238:28,511.01,8.52,08:31,446.0,15.93,45.88,67.33,484.0,17.29,49.79,73.06,367.0,13.11,37.76,55.4,169.0,6.04,17.39,25.51,214.0,7.64,22.02,32.31,111.0,3.96,11.42,16.76,153.0,5.46,15.74,23.1,58.0,2.07,5.97,8.76,66.0,2.36,6.79,9.96,43.0,1.54,4.42,6.49,55.0,1.96,5.66,8.3,151.0,5.39,15.53,22.8,55.0,1.96,5.66,8.3,145.0,5.18,14.92,21.89,65.0,2.32,6.69,9.81,96.0,3.43,9.88,14.49,38.0,1.36,3.91,5.74,10.0,0.36,1.03,1.51,69.0,2.46,7.1,10.42,109.0,3.89,11.21,16.45,45.88,49.79,-3.91,97.82,-38.0,-1.36,-3.91,238.47,8.52,0.54,0.56,0.52,0.38,0.65,0.14,0.57,0.28,0.73,0.51,3.91,1.03,0.07,11.21,0.18
2,新北國王,867|10872,桑尼/林彥廷,5,389,475.0,5887.09,98.12,98:07,1177.42,19.62,19:37,217.0,43.4,45.68,79.62,179.0,35.8,37.68,65.68,180.0,36.0,37.89,66.04,77.0,15.4,16.21,28.25,97.0,19.4,20.42,35.59,47.0,9.4,9.89,17.24,83.0,16.6,17.47,30.45,30.0,6.0,6.32,11.01,47.0,9.4,9.89,17.24,33.0,6.6,6.95,12.11,40.0,8.0,8.42,14.68,69.0,13.8,14.53,25.32,25.0,5.0,5.26,9.17,71.0,14.2,14.95,26.05,34.0,6.8,7.16,12.47,52.0,10.4,10.95,19.08,18.0,3.6,3.79,6.6,7.0,1.4,1.47,2.57,38.0,7.6,8.0,13.94,55.0,11.0,11.58,20.18,45.68,37.68,8.0,116.19,38.0,7.6,8.0,98.12,19.62,0.51,0.54,0.48,0.36,0.7,0.14,0.68,0.36,0.73,0.53,3.79,1.47,0.08,11.58,0.26
2,新北國王,10872|10876,林彥廷/尚迪,7,409,514.0,6465.71,107.76,107:46,923.67,15.39,15:24,205.0,29.29,39.88,68.48,195.0,27.86,37.94,65.14,177.0,25.29,34.44,59.13,76.0,10.86,14.79,25.39,105.0,15.0,20.43,35.08,54.0,7.71,10.51,18.04,72.0,10.29,14.01,24.05,22.0,3.14,4.28,7.35,49.0,7.0,9.53,16.37,30.0,4.29,5.84,10.02,39.0,5.57,7.59,13.03,71.0,10.14,13.81,23.72,48.0,6.86,9.34,16.04,71.0,10.14,13.81,23.72,40.0,5.71,7.78,13.36,40.0,5.71,7.78,13.36,23.0,3.29,4.47,7.68,9.0,1.29,1.75,3.01,41.0,5.86,7.98,13.7,62.0,8.86,12.06,20.71,39.88,37.94,1.95,114.47,10.0,1.43,1.95,107.76,15.39,0.49,0.52,0.51,0.31,0.61,0.17,0.53,0.35,0.6,0.48,4.47,1.75,0.08,12.06,0.28
2,新北國王,24|10875,蘇士軒/傑登,17,500,600.0,7675.39,127.92,127:55,451.49,7.52,07:31,265.0,15.59,44.17,74.58,276.0,16.24,46.0,77.67,228.0,13.41,38.0,64.16,100.0,5.88,16.67,28.14,136.0,8.0,22.67,38.27,72.0,4.24,12.0,20.26,92.0,5.41,15.33,25.89,28.0,1.65,4.67,7.88,51.0,3.0,8.5,14.35,35.0,2.06,5.83,9.85,51.0,3.0,8.5,14.35,82.0,4.82,13.67,23.08,31.0,1.82,5.17,8.72,78.0,4.59,13.0,21.95,42.0,2.47,7.0,11.82,62.0,3.65,10.33,17.45,27.0,1.59,4.5,7.6,5.0,0.29,0.83,1.41,50.0,2.94,8.33,14.07,68.0,4.0,11.33,19.14,44.17,46.0,-1.83,112.57,-11.0,-0.65,-1.83,127.92,7.52,0.5,0.53,0.53,0.3,0.69,0.14,0.62,0.4,0.73,0.55,4.5,0.83,0.08,11.33,0.22
2,新北國王,867|10875,桑尼/傑登,5,436,527.0,6534.92,108.92,108:55,1306.98,21.78,21:47,243.0,48.6,46.11,80.32,223.0,44.6,42.31,73.71,210.0,42.0,39.85,69.41,88.0,17.6,16.7,29.09,114.0,22.8,21.63,37.68,56.0,11.2,10.63,18.51,96.0,19.2,18.22,31.73,32.0,6.4,6.07,10.58,50.0,10.0,9.49,16.53,35.0,7.0,6.64,11.57,51.0,10.2,9.68,16.86,82.0,16.4,15.56,27.1,23.0,4.6,4.36,7.6,74.0,14.8,14.04,24.46,33.0,6.6,6.26,10.91,59.0,11.8,11.2,19.5,18.0,3.6,3.42,5.95,12.0,2.4,2.28,3.97,51.0,10.2,9.68,16.86,66.0,13.2,12.52,21.82,46.11,42.31,3.8,116.13,20.0,4.0,3.8,108.92,21.78,0.5,0.52,0.49,0.33,0.7,0.12,0.67,0.41,0.78,0.58,3.42,2.28,0.1,12.52,0.24
2,新北國王,10872|10875,林彥廷/傑登,18,1204,1439.0,18544.67,309.08,309:05,1030.26,17.17,17:10,640.0,35.56,44.48,74.54,633.0,35.17,43.99,73.73,563.0,31.28,39.12,65.58,241.0,13.39,16.75,28.07,353.0,19.61,24.53,41.12,172.0,9.56,11.95,20.03,210.0,11.67,14.59,24.46,69.0,3.83,4.79,8.04,145.0,8.06,10.08,16.89,94.0,5.22,6.53,10.95,114.0,6.33,7.92,13.28,231.0,12.83,16.05,26.91,76.0,4.22,5.28,8.85,206.0,11.44,14.32,23.99,82.0,4.56,5.7,9.55,139.0,7.72,9.66,16.19,52.0,2.89,3.61,6.06,19.0,1.06,1.32,2.21,122.0,6.78,8.48,14.21,170.0,9.44,11.81,19.8,44.48,43.99,0.49,111.74,7.0,0.39,0.49,309.08,17.17,0.49,0.51,0.49,0.33,0.65,0.12,0.58,0.36,0.75,0.55,3.61,1.32,0.08,11.81,0.26
2,新北國王,21|22,李愷諺/簡祐哲,20,666,813.0,10251.56,170.86,170:52,512.58,8.54,08:33,343.0,17.15,42.19,72.27,384.0,19.2,47.23,80.91,287.0,14.35,35.3,60.47,126.0,6.3,15.5,26.55,179.0,8.95,22.02,37.72,88.0,4.4,10.82,18.54,108.0,5.4,13.28,22.76,38.0,1.9,4.67,8.01,81.0,4.05,9.96,17.07,53.0,2.65,6.52,11.17,54.0,2.7,6.64,11.38,118.0,5.9,14.51,24.86,58.0,2.9,7.13,12.22,112.0,5.6,13.78,23.6,64.0,3.2,7.87,13.48,68.0,3.4,8.36,14.33,36.0,1.8,4.43,7.59,17.0,0.85,2.09,3.58,77.0,3.85,9.47,16.22,94.0,4.7,11.56,19.81,42.19,47.23,-5.04,114.2,-41.0,-2.05,-5.04,170.86,8.54,0.51,0.53,0.49,0.35,0.65,0.17,0.54,0.33,0.67,0.5,4.43,2.09,0.09,11.56,0.28
2,新北國王,22|867,簡祐哲/桑尼,5,228,283.0,3454.72,57.58,57:35,690.94,11.52,11:31,124.0,24.8,43.82,77.53,129.0,25.8,45.58,80.65,99.0,19.8,34.98,61.9,46.0,9.2,16.25,28.76,55.0,11.0,19.43,34.39,30.0,6.0,10.6,18.76,44.0,8.8,15.55,27.51,16.0,3.2,5.65,10.0,27.0,5.4,9.54,16.88,16.0,3.2,5.65,10.0,21.0,4.2,7.42,13.13,36.0,7.2,12.72,22.51,19.0,3.8,6.71,11.88,36.0,7.2,12.72,22.51,24.0,4.8,8.48,15.01,29.0,5.8,10.25,18.13,12.0,2.4,4.24,7.5,3.0,0.6,1.06,1.88,28.0,5.6,9.89,17.51,38.0,7.6,13.43,23.76,43.82,45.58,-1.77,117.96,-5.0,-1.0,-1.77,57.58,11.52,0.55,0.56,0.55,0.36,0.59,0.18,0.63,0.37,0.65,0.51,4.24,1.06,0.1,13.43,0.27
2,新北國王,22|10872,簡祐哲/林彥廷,24,552,667.0,8808.09,146.8,146:48,367.0,6.12,06:07,279.0,11.62,41.83,68.42,283.0,11.79,42.43,69.4,257.0,10.71,38.53,63.02,105.0,4.38,15.74,25.75,152.0,6.33,22.79,37.27,71.0,2.96,10.64,17.41,105.0,4.38,15.74,25.75,34.0,1.42,5.1,8.34,56.0,2.33,8.4,13.73,33.0,1.38,4.95,8.09,52.0,2.17,7.8,12.75,108.0,4.5,16.19,26.48,42.0,1.75,6.3,10.3,103.0,4.29,15.44,25.26,40.0,1.67,6.0,9.81,61.0,2.54,9.15,14.96,20.0,0.83,3.0,4.9,10.0,0.42,1.5,2.45,50.0,2.08,7.5,12.26,84.0,3.5,12.59,20.6,41.83,42.43,-0.6,109.05,-4.0,-0.17,-0.6,146.8,6.12,0.47,0.5,0.47,0.32,0.59,0.12,0.58,0.34,0.72,0.52,3.0,1.5,0.07,12.59,0.22
2,新北國王,22|10875,簡祐哲/傑登,13,579,704.0,8686.87,144.78,144:47,668.22,11.14,11:08,274.0,21.08,38.92,68.13,293.0,22.54,41.62,72.85,260.0,20.0,36.93,64.65,103.0,7.92,14.63,25.61,160.0,12.31,22.73,39.78,73.0,5.62,10.37,18.15,100.0,7.69,14.2,24.87,30.0,2.31,4.26,7.46,64.0,4.92,9.09,15.91,39.0,3.0,5.54,9.7,62.0,4.77,8.81,15.42,110.0,8.46,15.62,27.35,37.0,2.85,5.26,9.2,105.0,8.08,14.91,26.11,58.0,4.46,8.24,14.42,55.0,4.23,7.81,13.68,33.0,2.54,4.69,8.21,11.0,0.85,1.56,2.74,64.0,4.92,9.09,15.91,90.0,6.92,12.78,22.38,38.92,41.62,-2.7,116.7,-19.0,-1.46,-2.7,144.78,11.14,0.45,0.48,0.46,0.3,0.61,0.17,0.53,0.37,0.75,0.55,4.69,1.56,0.09,12.78,0.25
2,高雄全家海神,109|121,于煥亞/吳曉謹,19,581,722.0,9347.72,155.8,155:48,491.99,8.2,08:12,308.0,16.21,42.66,71.17,370.0,19.47,51.25,85.5,269.0,14.16,37.26,62.16,111.0,5.84,15.37,25.65,149.0,7.84,20.64,34.43,71.0,3.74,9.83,16.41,120.0,6.32,16.62,27.73,40.0,2.11,5.54,9.24,59.0,3.11,8.17,13.63,48.0,2.53,6.65,11.09,60.0,3.16,8.31,13.86,96.0,5.05,13.3,22.18,60.0,3.16,8.31,13.86,81.0,4.26,11.22,18.72,61.0,3.21,8.45,14.1,61.0,3.21,8.45,14.1,41.0,2.16,5.68,9.47,13.0,0.68,1.8,3.0,59.0,3.11,8.17,13.63,88.0,4.63,12.19,20.33,42.66,51.25,-8.59,111.22,-62.0,-3.26,-8.59,155.8,8.2,0.49,0.52,0.48,0.33,0.81,0.17,0.55,0.43,0.62,0.53,5.68,1.8,0.08,12.19,0.22
2,高雄全家海神,109|116,于煥亞/呂威霆,11,404,483.0,7064.7,117.75,117:45,642.25,10.7,10:42,213.0,19.36,44.1,65.12,213.0,19.36,44.1,65.12,184.0,16.73,38.1,56.26,72.0,6.55,14.91,22.01,107.0,9.73,22.15,32.71,46.0,4.18,9.52,14.06,77.0,7.0,15.94,23.54,26.0,2.36,5.38,7.95,52.0,4.73,10.77,15.9,43.0,3.91,8.9,13.15,36.0,3.27,7.45,11.01,78.0,7.09,16.15,23.85,27.0,2.45,5.59,8.26,67.0,6.09,13.87,20.48,32.0,2.91,6.63,9.78,42.0,3.82,8.7,12.84,18.0,1.64,3.73,5.5,10.0,0.91,2.07,3.06,48.0,4.36,9.94,14.68,79.0,7.18,16.36,24.15,44.1,44.1,0.0,98.45,0.0,0.0,0.0,117.75,10.7,0.46,0.51,0.43,0.34,0.83,0.13,0.58,0.35,0.74,0.55,3.73,2.07,0.1,16.36,0.28
2,高雄全家海神,109|122,于煥亞/陳懷安,13,427,516.0,6934.3,115.57,115:34,533.41,8.89,08:53,221.0,17.0,42.83,68.84,225.0,17.31,43.6,70.09,176.0,13.54,34.11,54.82,77.0,5.92,14.92,23.99,90.0,6.92,17.44,28.03,47.0,3.62,9.11,14.64,86.0,6.62,16.67,26.79,30.0,2.31,5.81,9.34,47.0,3.62,9.11,14.64,35.0,2.69,6.78,10.9,31.0,2.38,6.01,9.66,75.0,5.77,14.53,23.36,30.0,2.31,5.81,9.34,70.0,5.38,13.57,21.8,49.0,3.77,9.5,15.26,42.0,3.23,8.14,13.08,33.0,2.54,6.4,10.28,1.0,0.08,0.19,0.31,52.0,4.0,10.08,16.2,68.0,5.23,13.18,21.18,42.83,43.6,-0.78,107.15,-4.0,-0.31,-0.78,115.57,8.89,0.52,0.56,0.52,0.35,0.74,0.2,0.55,0.31,0.71,0.51,6.4,0.19,0.1,13.18,0.27
2,高雄全家海神,116|121,呂威霆/吳曉謹,19,683,845.0,12490.74,208.18,208:11,657.41,10.96,10:57,351.0,18.47,41.54,60.7,378.0,19.89,44.73,65.37,322.0,16.95,38.11,55.68,121.0,6.37,14.32,20.92,188.0,9.89,22.25,32.51,91.0,4.79,10.77,15.74,134.0,7.05,15.86,23.17,30.0,1.58,3.55,5.19,107.0,5.63,12.66,18.5,75.0,3.95,8.88,12.97,73.0,3.84,8.64,12.62,140.0,7.37,16.57,24.21,45.0,2.37,5.33,7.78,132.0,6.95,15.62,22.83,54.0,2.84,6.39,9.34,69.0,3.63,8.17,11.93,40.0,2.11,4.73,6.92,20.0,1.05,2.37,3.46,94.0,4.95,11.12,16.26,94.0,4.95,11.12,16.26,41.54,44.73,-3.2,97.42,-27.0,-1.42,-3.2,208.18,10.96,0.42,0.48,0.48,0.22,0.7,0.13,0.57,0.36,0.76,0.55,4.73,2.37,0.11,11.12,0.33
2,高雄全家海神,116|122,呂威霆/陳懷安,10,209,255.0,3321.66,55.36,55:22,332.17,5.54,05:32,84.0,8.4,32.94,54.62,106.0,10.6,41.57,68.93,78.0,7.8,30.59,50.72,26.0,2.6,10.2,16.91,38.0,3.8,14.9,24.71,15.0,1.5,5.88,9.75,40.0,4.0,15.69,26.01,11.0,1.1,4.31,7.15,34.0,3.4,13.33,22.11,25.0,2.5,9.8,16.26,15.0,1.5,5.88,9.75,40.0,4.0,15.69,26.01,15.0,1.5,5.88,9.75,39.0,3.9,15.29,25.36,25.0,2.5,9.8,16.26,14.0,1.4,5.49,9.1,14.0,1.4,5.49,9.1,4.0,0.4,1.57,2.6,33.0,3.3,12.94,21.46,31.0,3.1,12.16,20.16,32.94,41.57,-8.63,110.55,-22.0,-2.2,-8.63,55.36,5.54,0.4,0.45,0.39,0.28,0.74,0.21,0.54,0.28,0.73,0.5,5.49,1.57,0.13,12.16,0.44
2,高雄全家海神,116|10894,呂威霆/凱帝,6,117,133.0,1750.77,29.18,29:11,291.8,4.86,04:52,58.0,9.67,43.61,71.56,75.0,12.5,56.39,92.53,43.0,7.17,32.33,53.05,15.0,2.5,11.28,18.51,18.0,3.0,13.53,22.21,7.0,1.17,5.26,8.64,25.0,4.17,18.8,30.84,8.0,1.33,6.02,9.87,29.0,4.83,21.8,35.78,22.0,3.67,16.54,27.14,4.0,0.67,3.01,4.93,27.0,4.5,20.3,33.31,4.0,0.67,3.01,4.93,23.0,3.83,17.29,28.38,7.0,1.17,5.26,8.64,9.0,1.5,6.77,11.1,3.0,0.5,2.26,3.7,1.0,0.17,0.75,1.23,23.0,3.83,17.29,28.38,24.0,4.0,18.05,29.61,43.61,56.39,-12.78,109.39,-17.0,-2.83,-12.78,29.18,4.86,0.44,0.52,0.39,0.32,0.76,0.11,0.6,0.15,0.87,0.53,2.26,0.75,0.17,18.05,0.67
2,高雄全家海神,121|122,吳曉謹/陳懷安,20,514,620.0,8880.19,148.0,148:00,444.01,7.4,07:24,227.0,11.35,36.61,55.22,309.0,15.45,49.84,75.16,200.0,10.0,32.26,48.65,76.0,3.8,12.26,18.49,97.0,4.85,15.65,23.59,48.0,2.4,7.74,11.68,103.0,5.15,16.61,25.05,28.0,1.4,4.52,6.81,62.0,3.1,10.0,15.08,43.0,2.15,6.94,10.46,36.0,1.8,5.81,8.76,92.0,4.6,14.84,22.38,37.0,1.85,5.97,9.0,71.0,3.55,11.45,17.27,67.0,3.35,10.81,16.3,44.0,2.2,7.1,10.7,45.0,2.25,7.26,10.95,7.0,0.35,1.13,1.7,62.0,3.1,10.0,15.08,104.0,5.2,16.77,25.3,36.61,49.84,-13.23,100.54,-82.0,-4.1,-13.23,148.0,7.4,0.45,0.5,0.49,0.27,0.69,0.23,0.58,0.34,0.71,0.54,7.26,1.13,0.1,16.77,0.31
2,高雄全家海神,122|10894,陳懷安/凱帝,11,411,509.0,6923.53,115.39,115:24,629.41,10.49,10:29,204.0,18.55,40.08,63.64,235.0,21.36,46.17,73.32,171.0,15.55,33.6,53.35,72.0,6.55,14.15,22.46,80.0,7.27,15.72,24.96,41.0,3.73,8.06,12.79,91.0,8.27,17.88,28.39,31.0,2.82,6.09,9.67,43.0,3.91,8.45,13.42,30.0,2.73,5.89,9.36,27.0,2.45,5.3,8.42,76.0,6.91,14.93,23.71,39.0,3.55,7.66,12.17,66.0,6.0,12.97,20.59,46.0,4.18,9.04,14.35,41.0,3.73,8.06,12.79,25.0,2.27,4.91,7.8,2.0,0.18,0.39,0.62,51.0,4.64,10.02,15.91,56.0,5.09,11.0,17.47,40.08,46.17,-6.09,105.87,-31.0,-2.82,-6.09,115.39,10.49,0.51,0.54,0.51,0.34,0.7,0.19,0.57,0.29,0.66,0.5,4.91,0.39,0.1,11.0,0.25
2,新北國王,22|29,簡祐哲/林書緯,22,847,1028.0,14925.53,248.76,248:46,678.43,11.31,11:18,412.0,18.73,40.08,59.62,455.0,20.68,44.26,65.85,383.0,17.41,37.26,55.43,155.0,7.05,15.08,22.43,244.0,11.09,23.74,35.31,108.0,4.91,10.51,15.63,139.0,6.32,13.52,20.12,47.0,2.14,4.57,6.8,85.0,3.86,8.27,12.3,56.0,2.55,5.45,8.1,71.0,3.23,6.91,10.28,173.0,7.86,16.83,25.04,75.0,3.41,7.3,10.85,164.0,7.45,15.95,23.73,71.0,3.23,6.91,10.28,88.0,4.0,8.56,12.74,36.0,1.64,3.5,5.21,18.0,0.82,1.75,2.6,100.0,4.55,9.73,14.47,112.0,5.09,10.89,16.21,40.08,44.26,-4.18,99.18,-43.0,-1.95,-4.18,248.76,11.31,0.47,0.49,0.44,0.34,0.66,0.14,0.57,0.3,0.7,0.51,3.5,1.75,0.1,10.89,0.22
2,新北國王,29|10872,林書緯/林彥廷,32,2072,2427.0,33538.76,558.98,558:59,1048.09,17.47,17:28,1125.0,35.16,46.35,72.45,1109.0,34.66,45.69,71.42,902.0,28.19,37.17,58.09,419.0,13.09,17.26,26.98,517.0,16.16,21.3,33.3,275.0,8.59,11.33,17.71,385.0,12.03,15.86,24.8,144.0,4.5,5.93,9.27,195.0,6.09,8.03,12.56,143.0,4.47,5.89,9.21,125.0,3.91,5.15,8.05,370.0,11.56,15.25,23.83,162.0,5.06,6.67,10.43,373.0,11.66,15.37,24.02,169.0,5.28,6.96,10.88,263.0,8.22,10.84,16.94,96.0,3.0,3.96,6.18,24.0,0.75,0.99,1.55,202.0,6.31,8.32,13.01,279.0,8.72,11.5,17.97,46.35,45.69,0.66,104.2,16.0,0.5,0.66,558.98,17.47,0.54,0.57,0.53,0.37,0.73,0.15,0.63,0.25,0.7,0.48,3.96,0.99,0.08,11.5,0.22
2,高雄全家海神,109|123,于煥亞/勤明慶,8,213,253.0,3235.91,53.93,53:56,404.49,6.74,06:44,93.0,11.62,36.76,62.08,130.0,16.25,51.38,86.78,87.0,10.88,34.39,58.07,29.0,3.62,11.46,19.36,50.0,6.25,19.76,33.38,16.0,2.0,6.32,10.68,37.0,4.62,14.62,24.7,13.0,1.62,5.14,8.68,28.0,3.5,11.07,18.69,21.0,2.62,8.3,14.02,16.0,2.0,6.32,10.68,43.0,5.38,17.0,28.7,13.0,1.62,5.14,8.68,31.0,3.88,12.25,20.69,20.0,2.5,7.91,13.35,18.0,2.25,7.11,12.02,12.0,1.5,4.74,8.01,7.0,0.88,2.77,4.67,24.0,3.0,9.49,16.02,44.0,5.5,17.39,29.37,36.76,51.38,-14.62,112.59,-37.0,-4.62,-14.62,53.93,6.74,0.41,0.47,0.32,0.35,0.75,0.17,0.62,0.34,0.77,0.57,4.74,2.77,0.09,17.39,0.32
2,高雄全家海神,116|123,呂威霆/勤明慶,7,118,149.0,1768.78,29.48,29:29,252.68,4.21,04:13,61.0,8.71,40.94,74.49,59.0,8.43,39.6,72.05,46.0,6.57,30.87,56.17,17.0,2.43,11.41,20.76,26.0,3.71,17.45,31.75,10.0,1.43,6.71,12.21,20.0,2.86,13.42,24.42,7.0,1.0,4.7,8.55,30.0,4.29,20.13,36.64,20.0,2.86,13.42,24.42,10.0,1.43,6.71,12.21,21.0,3.0,14.09,25.64,13.0,1.86,8.72,15.88,20.0,2.86,13.42,24.42,12.0,1.71,8.05,14.65,7.0,1.0,4.7,8.55,8.0,1.14,5.37,9.77,5.0,0.71,3.36,6.11,24.0,3.43,16.11,29.31,20.0,2.86,13.42,24.42,40.94,39.6,1.34,121.3,2.0,0.29,1.34,29.48,4.21,0.45,0.52,0.38,0.35,0.67,0.17,0.41,0.33,0.62,0.48,5.37,3.36,0.16,13.42,0.65
2,高雄全家海神,121|123,吳曉謹/勤明慶,12,231,281.0,4126.29,68.77,68:46,343.86,5.73,05:44,109.0,9.08,38.79,57.06,137.0,11.42,48.75,71.72,88.0,7.33,31.32,46.07,31.0,2.58,11.03,16.23,54.0,4.5,19.22,28.27,20.0,1.67,7.12,10.47,34.0,2.83,12.1,17.8,11.0,0.92,3.91,5.76,50.0,4.17,17.79,26.17,36.0,3.0,12.81,18.85,16.0,1.33,5.69,8.38,45.0,3.75,16.01,23.56,19.0,1.58,6.76,9.95,33.0,2.75,11.74,17.27,22.0,1.83,7.83,11.52,18.0,1.5,6.41,9.42,12.0,1.0,4.27,6.28,5.0,0.42,1.78,2.62,33.0,2.75,11.74,17.27,48.0,4.0,17.08,25.13,38.79,48.75,-9.96,98.06,-28.0,-2.33,-9.96,68.77,5.73,0.41,0.5,0.37,0.32,0.72,0.17,0.58,0.33,0.7,0.54,4.27,1.78,0.12,17.08,0.57
2,高雄全家海神,122|123,陳懷安/勤明慶,13,245,285.0,4458.9,74.32,74:19,342.99,5.72,05:43,98.0,7.54,34.39,47.47,125.0,9.62,43.86,60.55,96.0,7.38,33.68,46.5,35.0,2.69,12.28,16.95,53.0,4.08,18.6,25.67,20.0,1.54,7.02,9.69,43.0,3.31,15.09,20.83,15.0,1.15,5.26,7.27,23.0,1.77,8.07,11.14,13.0,1.0,4.56,6.3,10.0,0.77,3.51,4.84,50.0,3.85,17.54,24.22,20.0,1.54,7.02,9.69,35.0,2.69,12.28,16.95,28.0,2.15,9.82,13.56,22.0,1.69,7.72,10.66,16.0,1.23,5.61,7.75,5.0,0.38,1.75,2.42,25.0,1.92,8.77,12.11,51.0,3.92,17.89,24.71,34.39,43.86,-9.47,92.04,-27.0,-2.08,-9.47,74.32,5.72,0.44,0.46,0.38,0.35,0.57,0.21,0.63,0.22,0.71,0.52,5.61,1.75,0.09,17.89,0.24
2,新北國王,19|22,蘇培凱/簡祐哲,6,50,65.0,834.48,13.91,13:54,139.08,2.32,02:19,26.0,4.33,40.0,67.3,12.0,2.0,18.46,31.06,26.0,4.33,40.0,67.3,10.0,1.67,15.38,25.88,12.0,2.0,18.46,31.06,6.0,1.0,9.23,15.53,14.0,2.33,21.54,36.24,4.0,0.67,6.15,10.35,4.0,0.67,6.15,10.35,2.0,0.33,3.08,5.18,6.0,1.0,9.23,15.53,12.0,2.0,18.46,31.06,6.0,1.0,9.23,15.53,14.0,2.33,21.54,36.24,4.0,0.67,6.15,10.35,6.0,1.0,9.23,15.53,1.0,0.17,1.54,2.59,1.0,0.17,1.54,2.59,5.0,0.83,7.69,12.94,2.0,0.33,3.08,5.18,40.0,18.46,21.54,112.17,14.0,2.33,21.54,13.91,2.32,0.46,0.47,0.5,0.29,0.5,0.13,0.6,0.3,0.67,0.47,1.54,1.54,0.08,3.08,0.15
2,新北國王,19|29,蘇培凱/林書緯,3,47,58.0,803.53,13.39,13:24,267.84,4.46,04:28,26.0,8.67,44.83,69.89,24.0,8.0,41.38,64.52,25.0,8.33,43.1,67.2,11.0,3.67,18.97,29.57,17.0,5.67,29.31,45.7,9.0,3.0,15.52,24.19,8.0,2.67,13.79,21.51,2.0,0.67,3.45,5.38,4.0,1.33,6.9,10.75,2.0,0.67,3.45,5.38,5.0,1.67,8.62,13.44,10.0,3.33,17.24,26.88,2.0,0.67,3.45,5.38,10.0,3.33,17.24,26.88,2.0,0.67,3.45,5.38,9.0,3.0,15.52,24.19,1.0,0.33,1.72,2.69,1.0,0.33,1.72,2.69,3.0,1.0,5.17,8.06,4.0,1.33,6.9,10.75,44.83,41.38,3.45,103.94,2.0,0.67,3.45,13.39,4.46,0.48,0.49,0.53,0.25,0.5,0.07,0.82,0.33,0.83,0.56,1.72,1.72,0.05,6.9,0.16
2,新北國王,19|10875,蘇培凱/傑登,7,25,36.0,344.42,5.74,05:44,49.2,0.82,00:49,14.0,2.0,38.89,87.8,5.0,0.71,13.89,31.36,13.0,1.86,36.11,81.53,5.0,0.71,13.89,31.36,11.0,1.57,30.56,68.99,4.0,0.57,11.11,25.09,2.0,0.29,5.56,12.54,1.0,0.14,2.78,6.27,6.0,0.86,16.67,37.63,3.0,0.43,8.33,18.81,6.0,0.86,16.67,37.63,2.0,0.29,5.56,12.54,2.0,0.29,5.56,12.54,7.0,1.0,19.44,43.9,4.0,0.57,11.11,25.09,2.0,0.29,5.56,12.54,2.0,0.29,5.56,12.54,0.0,0.0,0.0,0.0,1.0,0.14,2.78,6.27,5.0,0.71,13.89,31.36,38.89,13.89,25.0,150.51,9.0,1.29,25.0,5.74,0.82,0.42,0.45,0.36,0.5,0.5,0.2,0.4,0.46,0.5,0.47,5.56,0.0,0.03,13.89,0.46
2,新北國王,19|10876,蘇培凱/尚迪,1,2,3.0,44.15,0.74,00:44,44.15,0.74,00:44,0.0,0.0,0.0,0.0,2.0,2.0,66.67,97.84,2.0,2.0,66.67,97.84,0.0,0.0,0.0,0.0,2.0,2.0,66.67,97.84,0.0,0.0,0.0,0.0,0.0,0.0,0.0,0.0,0.0,0.0,0.0,0.0,0.0,0.0,0.0,0.0,0.0,0.0,0.0,0.0,1.0,1.0,33.33,48.92,1.0,1.0,33.33,48.92,0.0,0.0,0.0,0.0,0.0,0.0,0.0,0.0,0.0,0.0,0.0,0.0,0.0,0.0,0.0,0.0,0.0,0.0,0.0,0.0,0.0,0.0,0.0,0.0,0.0,0.0,0.0,0.0,2.0,2.0,66.67,97.84,0.0,66.67,-66.67,97.84,-2.0,-2.0,-66.67,0.74,0.74,0.0,0.0,0.0,,,0.0,,1.0,1.0,1.0,0.0,0.0,0.0,66.67,0.0
2,新北國王,22|10876,簡祐哲/尚迪,7,264,318.0,3989.49,66.49,66:29,569.93,9.5,09:30,129.0,18.43,40.57,69.84,143.0,20.43,44.97,77.42,110.0,15.71,34.59,59.56,48.0,6.86,15.09,25.99,72.0,10.29,22.64,38.98,36.0,5.14,11.32,19.49,38.0,5.43,11.95,20.57,12.0,1.71,3.77,6.5,32.0,4.57,10.06,17.33,21.0,3.0,6.6,11.37,19.0,2.71,5.97,10.29,50.0,7.14,15.72,27.07,24.0,3.43,7.55,12.99,50.0,7.14,15.72,27.07,27.0,3.86,8.49,14.62,23.0,3.29,7.23,12.45,13.0,1.86,4.09,7.04,7.0,1.0,2.2,3.79,29.0,4.14,9.12,15.7,51.0,7.29,16.04,27.61,40.57,44.97,-4.4,114.78,-14.0,-2.0,-4.4,66.49,9.5,0.49,0.52,0.5,0.32,0.66,0.18,0.48,0.28,0.68,0.48,4.09,2.2,0.09,16.04,0.29
2,高雄全家海神,116|10892,呂威霆/詹姆斯,2,70,83.0,930.87,15.51,15:31,465.44,7.76,07:45,35.0,17.5,42.17,81.21,40.0,20.0,48.19,92.82,20.0,10.0,24.1,46.41,8.0,4.0,9.64,18.56,11.0,5.5,13.25,25.52,5.0,2.5,6.02,11.6,9.0,4.5,10.84,20.88,3.0,1.5,3.61,6.96,24.0,12.0,28.92,55.69,16.0,8.0,19.28,37.13,2.0,1.0,2.41,4.64,13.0,6.5,15.66,30.17,8.0,4.0,9.64,18.56,13.0,6.5,15.66,30.17,6.0,3.0,7.23,13.92,6.0,3.0,7.23,13.92,5.0,2.5,6.02,11.6,2.0,1.0,2.41,4.64,15.0,7.5,18.07,34.81,15.0,7.5,18.07,34.81,42.17,48.19,-6.02,128.4,-5.0,-2.5,-6.02,15.51,7.76,0.48,0.57,0.45,0.33,0.67,0.16,0.75,0.13,0.62,0.42,6.02,2.41,0.18,18.07,1.2
2,高雄全家海神,122|10892,陳懷安/詹姆斯,4,177,221.0,2785.72,46.43,46:26,696.43,11.61,11:36,86.0,21.5,38.91,66.68,93.0,23.25,42.08,72.11,73.0,18.25,33.03,56.6,31.0,7.75,14.03,24.04,35.0,8.75,15.84,27.14,18.0,4.5,8.14,13.96,38.0,9.5,17.19,29.46,13.0,3.25,5.88,10.08,24.0,6.0,10.86,18.61,12.0,3.0,5.43,9.3,10.0,2.5,4.52,7.75,37.0,9.25,16.74,28.69,23.0,5.75,10.41,17.83,33.0,8.25,14.93,25.59,17.0,4.25,7.69,13.18,15.0,3.75,6.79,11.63,13.0,3.25,5.88,10.08,3.0,0.75,1.36,2.33,18.0,4.5,8.14,13.96,29.0,7.25,13.12,22.49,38.91,42.08,-3.17,114.24,-7.0,-1.75,-3.17,46.43,11.61,0.51,0.51,0.51,0.34,0.5,0.17,0.48,0.23,0.62,0.46,5.88,1.36,0.08,13.12,0.33
2,高雄全家海神,123|10892,勤明慶/詹姆斯,3,155,188.0,2133.4,35.56,35:33,711.13,11.85,11:51,79.0,26.33,42.02,79.99,85.0,28.33,45.21,86.06,60.0,20.0,31.91,60.75,24.0,8.0,12.77,24.3,36.0,12.0,19.15,36.45,14.0,4.67,7.45,14.17,24.0,8.0,12.77,24.3,10.0,3.33,5.32,10.12,29.0,9.67,15.43,29.36,21.0,7.0,11.17,21.26,12.0,4.0,6.38,12.15,27.0,9.0,14.36,27.34,17.0,5.67,9.04,17.21,26.0,8.67,13.83,26.32,13.0,4.33,6.91,13.16,14.0,4.67,7.45,14.17,10.0,3.33,5.32,10.12,6.0,2.0,3.19,6.07,19.0,6.33,10.11,19.24,32.0,10.67,17.02,32.4,42.02,45.21,-3.19,126.9,-6.0,-2.0,-3.19,35.56,11.85,0.48,0.54,0.39,0.42,0.72,0.15,0.58,0.32,0.61,0.48,5.32,3.19,0.1,17.02,0.48
2,新北國王,21|10874,李愷諺/熊祥泰,24,844,985.0,13952.85,232.55,232:33,581.37,9.69,09:41,434.0,18.08,44.06,67.19,467.0,19.46,47.41,72.29,379.0,15.79,38.48,58.67,167.0,6.96,16.95,25.85,225.0,9.38,22.84,34.83,127.0,5.29,12.89,19.66,154.0,6.42,15.63,23.84,40.0,1.67,4.06,6.19,82.0,3.42,8.32,12.69,58.0,2.42,5.89,8.98,57.0,2.38,5.79,8.82,159.0,6.62,16.14,24.61,54.0,2.25,5.48,8.36,142.0,5.92,14.42,21.98,67.0,2.79,6.8,10.37,94.0,3.92,9.54,14.55,37.0,1.54,3.76,5.73,15.0,0.62,1.52,2.32,89.0,3.71,9.04,13.78,100.0,4.17,10.15,15.48,44.06,47.41,-3.35,101.66,-33.0,-1.38,-3.35,232.55,9.69,0.49,0.52,0.56,0.26,0.71,0.14,0.56,0.29,0.75,0.52,3.76,1.52,0.09,10.15,0.22
2,新北國王,29|10874,林書緯/熊祥泰,31,1525,1793.0,24672.55,411.21,411:13,795.89,13.26,13:16,841.0,27.13,46.9,73.63,820.0,26.45,45.73,71.79,689.0,22.23,38.43,60.32,314.0,10.13,17.51,27.49,384.0,12.39,21.42,33.62,207.0,6.68,11.54,18.12,305.0,9.84,17.01,26.7,107.0,3.45,5.97,9.37,140.0,4.52,7.81,12.26,110.0,3.55,6.13,9.63,110.0,3.55,6.13,9.63,266.0,8.58,14.84,23.29,99.0,3.19,5.52,8.67,268.0,8.65,14.95,23.46,136.0,4.39,7.59,11.91,196.0,6.32,10.93,17.16,77.0,2.48,4.29,6.74,21.0,0.68,1.17,1.84,151.0,4.87,8.42,13.22,227.0,7.32,12.66,19.87,46.9,45.73,1.17,104.65,21.0,0.68,1.17,411.21,13.26,0.53,0.56,0.54,0.35,0.79,0.15,0.62,0.29,0.73,0.51,4.29,1.17,0.08,12.66,0.2
2,新北國王,867|10874,桑尼/熊祥泰,5,241,283.0,3478.43,57.97,57:58,695.69,11.59,11:36,143.0,28.6,50.53,88.8,117.0,23.4,41.34,72.65,113.0,22.6,39.93,70.17,51.0,10.2,18.02,31.67,60.0,12.0,21.2,37.26,34.0,6.8,12.01,21.11,53.0,10.6,18.73,32.91,17.0,3.4,6.01,10.56,23.0,4.6,8.13,14.28,21.0,4.2,7.42,13.04,20.0,4.0,7.07,12.42,42.0,8.4,14.84,26.08,10.0,2.0,3.53,6.21,39.0,7.8,13.78,24.22,19.0,3.8,6.71,11.8,31.0,6.2,10.95,19.25,9.0,1.8,3.18,5.59,5.0,1.0,1.77,3.1,23.0,4.6,8.13,14.28,32.0,6.4,11.31,19.87,50.53,41.34,9.19,117.16,26.0,5.2,9.19,57.97,11.59,0.53,0.58,0.57,0.32,0.91,0.13,0.61,0.34,0.81,0.56,3.18,1.77,0.08,11.31,0.2
2,新北國王,10874|10875,熊祥泰/傑登,16,612,717.0,9495.05,158.25,158:15,593.44,9.89,09:53,311.0,19.44,43.38,70.75,358.0,22.38,49.93,81.44,302.0,18.88,42.12,68.7,124.0,7.75,17.29,28.21,171.0,10.69,23.85,38.9,89.0,5.56,12.41,20.25,131.0,8.19,18.27,29.8,35.0,2.19,4.88,7.96,43.0,2.69,6.0,9.78,30.0,1.88,4.18,6.82,50.0,3.12,6.97,11.37,131.0,8.19,18.27,29.8,40.0,2.5,5.58,9.1,92.0,5.75,12.83,20.93,38.0,2.38,5.3,8.64,74.0,4.62,10.32,16.83,24.0,1.5,3.35,5.46,6.0,0.38,0.84,1.36,55.0,3.44,7.67,12.51,97.0,6.06,13.53,22.07,43.38,49.93,-6.56,108.74,-47.0,-2.94,-6.56,158.25,9.89,0.47,0.48,0.52,0.27,0.7,0.11,0.6,0.35,0.77,0.58,3.35,0.84,0.08,13.53,0.14
2,新北國王,10874|10876,熊祥泰/尚迪,6,214,252.0,3448.53,57.48,57:29,574.76,9.58,09:35,107.0,17.83,42.46,67.02,110.0,18.33,43.65,68.9,88.0,14.67,34.92,55.12,36.0,6.0,14.29,22.55,45.0,7.5,17.86,28.19,23.0,3.83,9.13,14.41,43.0,7.17,17.06,26.93,13.0,2.17,5.16,8.14,28.0,4.67,11.11,17.54,21.0,3.5,8.33,13.15,17.0,2.83,6.75,10.65,36.0,6.0,14.29,22.55,10.0,1.67,3.97,6.26,32.0,5.33,12.7,20.04,24.0,4.0,9.52,15.03,22.0,3.67,8.73,13.78,16.0,2.67,6.35,10.02,2.0,0.33,0.79,1.25,21.0,3.5,8.33,13.15,18.0,3.0,7.14,11.27,42.46,43.65,-1.19,105.23,-3.0,-0.5,-1.19,57.48,9.58,0.48,0.53,0.51,0.3,0.75,0.19,0.61,0.35,0.78,0.56,6.35,0.79,0.08,7.14,0.32
2,新北國王,10872|10874,林彥廷/熊祥泰,34,1445,1694.0,23162.77,386.05,386:03,681.26,11.35,11:21,823.0,24.21,48.58,76.75,750.0,22.06,44.27,69.94,657.0,19.32,38.78,61.27,306.0,9.0,18.06,28.54,373.0,10.97,22.02,34.78,200.0,5.88,11.81,18.65,284.0,8.35,16.77,26.48,106.0,3.12,6.26,9.88,134.0,3.94,7.91,12.5,106.0,3.12,6.26,9.88,93.0,2.74,5.49,8.67,263.0,7.74,15.53,24.53,87.0,2.56,5.14,8.11,255.0,7.5,15.05,23.78,110.0,3.24,6.49,10.26,191.0,5.62,11.28,17.81,56.0,1.65,3.31,5.22,17.0,0.5,1.0,1.59,154.0,4.53,9.09,14.36,222.0,6.53,13.11,20.7,48.58,44.27,4.31,105.31,73.0,2.15,4.31,386.05,11.35,0.55,0.57,0.54,0.37,0.79,0.13,0.62,0.27,0.75,0.51,3.31,1.0,0.09,13.11,0.2
2,高雄全家海神,110|122,胡瓏貿/陳懷安,17,612,728.0,9771.04,162.85,162:51,574.77,9.58,09:35,310.0,18.24,42.58,68.53,361.0,21.24,49.59,79.8,251.0,14.76,34.48,55.49,107.0,6.29,14.7,23.65,126.0,7.41,17.31,27.85,67.0,3.94,9.2,14.81,125.0,7.35,17.17,27.63,40.0,2.35,5.49,8.84,83.0,4.88,11.4,18.35,52.0,3.06,7.14,11.5,36.0,2.12,4.95,7.96,120.0,7.06,16.48,26.53,41.0,2.41,5.63,9.06,87.0,5.12,11.95,19.23,54.0,3.18,7.42,11.94,67.0,3.94,9.2,14.81,31.0,1.82,4.26,6.85,5.0,0.29,0.69,1.11,70.0,4.12,9.62,15.47,105.0,6.18,14.42,23.21,42.58,49.59,-7.01,107.29,-51.0,-3.0,-7.01,162.85,9.58,0.51,0.54,0.53,0.32,0.63,0.16,0.63,0.29,0.75,0.55,4.26,0.69,0.1,14.42,0.33
2,高雄全家海神,118|122,蘇文儒/陳懷安,17,439,523.0,7326.65,122.11,122:07,430.98,7.18,07:11,224.0,13.18,42.83,66.04,217.0,12.76,41.49,63.97,196.0,11.53,37.48,57.78,80.0,4.71,15.3,23.59,100.0,5.88,19.12,29.48,45.0,2.65,8.6,13.27,96.0,5.65,18.36,28.3,35.0,2.06,6.69,10.32,39.0,2.29,7.46,11.5,32.0,1.88,6.12,9.43,30.0,1.76,5.74,8.84,85.0,5.0,16.25,25.06,30.0,1.76,5.74,8.84,73.0,4.29,13.96,21.52,46.0,2.71,8.8,13.56,44.0,2.59,8.41,12.97,20.0,1.18,3.82,5.9,5.0,0.29,0.96,1.47,49.0,2.88,9.37,14.45,60.0,3.53,11.47,17.69,42.83,41.49,1.34,102.79,7.0,0.41,1.34,122.11,7.18,0.5,0.53,0.45,0.36,0.82,0.18,0.55,0.29,0.74,0.53,3.82,0.96,0.09,11.47,0.2
2,高雄全家海神,116|118,呂威霆/蘇文儒,16,647,792.0,13684.73,228.08,228:05,855.3,14.25,14:15,327.0,20.44,41.29,51.61,370.0,23.12,46.72,58.4,292.0,18.25,36.87,46.09,117.0,7.31,14.77,18.47,156.0,9.75,19.7,24.62,77.0,4.81,9.72,12.15,136.0,8.5,17.17,21.47,40.0,2.5,5.05,6.31,80.0,5.0,10.1,12.63,53.0,3.31,6.69,8.37,59.0,3.69,7.45,9.31,127.0,7.94,16.04,20.05,49.0,3.06,6.19,7.73,123.0,7.69,15.53,19.41,55.0,3.44,6.94,8.68,72.0,4.5,9.09,11.36,34.0,2.12,4.29,5.37,19.0,1.19,2.4,3.0,85.0,5.31,10.73,13.42,105.0,6.56,13.26,16.57,41.29,46.72,-5.43,83.34,-43.0,-2.69,-5.43,228.08,14.25,0.47,0.5,0.49,0.29,0.66,0.14,0.62,0.32,0.72,0.52,4.29,2.4,0.11,13.26,0.27
2,高雄全家海神,118|123,蘇文儒/勤明慶,12,316,383.0,4975.46,82.92,82:55,414.62,6.91,06:55,170.0,14.17,44.39,73.8,155.0,12.92,40.47,67.29,138.0,11.5,36.03,59.91,58.0,4.83,15.14,25.18,81.0,6.75,21.15,35.16,35.0,2.92,9.14,15.19,57.0,4.75,14.88,24.75,23.0,1.92,6.01,9.98,38.0,3.17,9.92,16.5,28.0,2.33,7.31,12.16,22.0,1.83,5.74,9.55,62.0,5.17,16.19,26.92,26.0,2.17,6.79,11.29,46.0,3.83,12.01,19.97,25.0,2.08,6.53,10.85,31.0,2.58,8.09,13.46,13.0,1.08,3.39,5.64,10.0,0.83,2.61,4.34,36.0,3.0,9.4,15.63,59.0,4.92,15.4,25.61,44.39,40.47,3.92,110.85,15.0,1.25,3.92,82.92,6.91,0.5,0.55,0.43,0.4,0.74,0.14,0.53,0.32,0.7,0.54,3.39,2.61,0.09,15.4,0.28
2,新北國王,28|29,呂政儒/林書緯,28,1098,1295.0,18133.85,302.23,302:14,647.64,10.79,10:48,572.0,20.43,44.17,68.13,577.0,20.61,44.56,68.73,501.0,17.89,38.69,59.68,223.0,7.96,17.22,26.56,301.0,10.75,23.24,35.85,156.0,5.57,12.05,18.58,200.0,7.14,15.44,23.82,67.0,2.39,5.17,7.98,85.0,3.04,6.56,10.12,62.0,2.21,4.79,7.39,73.0,2.61,5.64,8.7,213.0,7.61,16.45,25.37,86.0,3.07,6.64,10.24,206.0,7.36,15.91,24.54,85.0,3.04,6.56,10.12,140.0,5.0,10.81,16.68,54.0,1.93,4.17,6.43,16.0,0.57,1.24,1.91,104.0,3.71,8.03,12.39,120.0,4.29,9.27,14.29,44.17,44.56,-0.39,102.84,-5.0,-0.18,-0.39,302.23,10.79,0.51,0.53,0.52,0.34,0.73,0.14,0.63,0.26,0.71,0.49,4.17,1.24,0.08,9.27,0.17
2,新北國王,28|10872,呂政儒/林彥廷,28,697,805.0,10815.92,180.27,180:16,386.28,6.44,06:26,356.0,12.71,44.22,71.1,347.0,12.39,43.11,69.3,307.0,10.96,38.14,61.31,136.0,4.86,16.89,27.16,192.0,6.86,23.85,38.34,97.0,3.46,12.05,19.37,115.0,4.11,14.29,22.97,39.0,1.39,4.84,7.79,69.0,2.46,8.57,13.78,50.0,1.79,6.21,9.99,44.0,1.57,5.47,8.79,132.0,4.71,16.4,26.36,51.0,1.82,6.34,10.18,135.0,4.82,16.77,26.96,50.0,1.79,6.21,9.99,92.0,3.29,11.43,18.37,33.0,1.18,4.1,6.59,12.0,0.43,1.49,2.4,74.0,2.64,9.19,14.78,75.0,2.68,9.32,14.98,44.22,43.11,1.12,107.18,9.0,0.32,1.12,180.27,6.44,0.51,0.53,0.51,0.34,0.72,0.13,0.68,0.25,0.72,0.49,4.1,1.49,0.09,9.32,0.22
2,新北國王,28|10875,呂政儒/傑登,14,500,584.0,7649.36,127.49,127:29,546.38,9.11,09:06,256.0,18.29,43.84,72.29,269.0,19.21,46.06,75.96,222.0,15.86,38.01,62.69,99.0,7.07,16.95,27.96,134.0,9.57,22.95,37.84,68.0,4.86,11.64,19.2,88.0,6.29,15.07,24.85,31.0,2.21,5.31,8.75,44.0,3.14,7.53,12.42,29.0,2.07,4.97,8.19,32.0,2.29,5.48,9.04,98.0,7.0,16.78,27.67,36.0,2.57,6.16,10.17,98.0,7.0,16.78,27.67,38.0,2.71,6.51,10.73,59.0,4.21,10.1,16.66,25.0,1.79,4.28,7.06,7.0,0.5,1.2,1.98,49.0,3.5,8.39,13.84,60.0,4.29,10.27,16.94,43.84,46.06,-2.23,109.94,-13.0,-0.93,-2.23,127.49,9.11,0.52,0.53,0.51,0.35,0.66,0.14,0.6,0.25,0.73,0.49,4.28,1.2,0.08,10.27,0.2
2,新北國王,28|10876,呂政儒/尚迪,4,59,72.0,765.95,12.77,12:46,191.49,3.19,03:11,35.0,8.75,48.61,98.7,31.0,7.75,43.06,87.42,23.0,5.75,31.94,64.86,13.0,3.25,18.06,36.66,11.0,2.75,15.28,31.02,7.0,1.75,9.72,19.74,12.0,3.0,16.67,33.84,6.0,1.5,8.33,16.92,7.0,1.75,9.72,19.74,3.0,0.75,4.17,8.46,4.0,1.0,5.56,11.28,8.0,2.0,11.11,22.56,4.0,1.0,5.56,11.28,9.0,2.25,12.5,25.38,8.0,2.0,11.11,22.56,9.0,2.25,12.5,25.38,4.0,1.0,5.56,11.28,0.0,0.0,0.0,0.0,6.0,1.5,8.33,16.92,10.0,2.5,13.89,28.2,48.61,43.06,5.56,135.36,4.0,1.0,5.56,12.77,3.19,0.7,0.67,0.64,0.5,0.43,0.23,0.69,0.31,0.67,0.48,5.56,0.0,0.08,13.89,0.3
2,新北國王,22|28,簡祐哲/呂政儒,12,260,320.0,4775.57,79.59,79:36,397.96,6.63,06:38,128.0,10.67,40.0,57.89,143.0,11.92,44.69,64.68,120.0,10.0,37.5,54.28,48.0,4.0,15.0,21.71,72.0,6.0,22.5,32.57,32.0,2.67,10.0,14.47,48.0,4.0,15.0,21.71,16.0,1.33,5.0,7.24,23.0,1.92,7.19,10.4,16.0,1.33,5.0,7.24,24.0,2.0,7.5,10.86,52.0,4.33,16.25,23.52,22.0,1.83,6.88,9.95,47.0,3.92,14.69,21.26,20.0,1.67,6.25,9.05,28.0,2.33,8.75,12.66,11.0,0.92,3.44,4.98,6.0,0.5,1.88,2.71,27.0,2.25,8.44,12.21,37.0,3.08,11.56,16.74,40.0,44.69,-4.69,96.49,-15.0,-1.25,-4.69,79.59,6.63,0.47,0.49,0.44,0.33,0.7,0.13,0.58,0.34,0.7,0.52,3.44,1.88,0.08,11.56,0.19
2,新北國王,28|867,呂政儒/桑尼,3,43,45.0,567.28,9.45,09:27,189.09,3.15,03:09,16.0,5.33,35.56,60.92,23.0,7.67,51.11,87.58,19.0,6.33,42.22,72.35,7.0,2.33,15.56,26.65,12.0,4.0,26.67,45.69,5.0,1.67,11.11,19.04,7.0,2.33,15.56,26.65,2.0,0.67,4.44,7.62,4.0,1.33,8.89,15.23,3.0,1.0,6.67,11.42,1.0,0.33,2.22,3.81,10.0,3.33,22.22,38.08,1.0,0.33,2.22,3.81,9.0,3.0,20.0,34.27,1.0,0.33,2.22,3.81,3.0,1.0,6.67,11.42,1.0,0.33,2.22,3.81,1.0,0.33,2.22,3.81,6.0,2.0,13.33,22.85,8.0,2.67,17.78,30.46,35.56,51.11,-15.56,114.23,-7.0,-2.33,-15.56,9.45,3.15,0.42,0.39,0.42,0.29,0.75,0.05,0.43,0.1,0.91,0.52,2.22,2.22,0.13,17.78,0.21
2,新北國王,25|867,林金榜/桑尼,4,170,201.0,2573.17,42.89,42:53,643.29,10.72,10:43,94.0,23.5,46.77,78.91,74.0,18.5,36.82,62.12,73.0,18.25,36.32,61.28,31.0,7.75,15.42,26.02,38.0,9.5,18.91,31.9,20.0,5.0,9.95,16.79,35.0,8.75,17.41,29.38,11.0,2.75,5.47,9.23,24.0,6.0,11.94,20.15,21.0,5.25,10.45,17.63,20.0,5.0,9.95,16.79,25.0,6.25,12.44,20.99,8.0,2.0,3.98,6.72,36.0,9.0,17.91,30.22,19.0,4.75,9.45,15.95,24.0,6.0,11.94,20.15,12.0,3.0,5.97,10.07,3.0,0.75,1.49,2.52,24.0,6.0,11.94,20.15,23.0,5.75,11.44,19.31,46.77,36.82,9.95,112.48,20.0,5.0,9.95,42.89,10.72,0.5,0.56,0.53,0.31,0.88,0.19,0.77,0.36,0.76,0.51,5.97,1.49,0.12,11.44,0.33
2,高雄全家海神,110|123,胡瓏貿/勤明慶,11,111,129.0,1577.95,26.3,26:18,143.45,2.39,02:23,49.0,4.45,37.98,67.07,68.0,6.18,52.71,93.08,34.0,3.09,26.36,46.54,14.0,1.27,10.85,19.16,18.0,1.64,13.95,24.64,8.0,0.73,6.2,10.95,16.0,1.45,12.4,21.9,6.0,0.55,4.65,8.21,24.0,2.18,18.6,32.85,15.0,1.36,11.63,20.53,3.0,0.27,2.33,4.11,17.0,1.55,13.18,23.27,8.0,0.73,6.2,10.95,16.0,1.45,12.4,21.9,14.0,1.27,10.85,19.16,8.0,0.73,6.2,10.95,8.0,0.73,6.2,10.95,3.0,0.27,2.33,4.11,11.0,1.0,8.53,15.06,21.0,1.91,16.28,28.75,37.98,52.71,-14.73,117.72,-19.0,-1.73,-14.73,26.3,2.39,0.5,0.55,0.44,0.38,0.62,0.24,0.57,0.16,0.68,0.45,6.2,2.33,0.09,16.28,0.71
2,福爾摩沙夢想家,79|89,張宗憲/蔣淯安,31,2383,2819.0,39560.58,659.34,659:21,1276.15,21.27,21:16,1307.0,42.16,46.36,71.36,1190.0,38.39,42.21,64.97,1022.0,32.97,36.25,55.8,469.0,15.13,16.64,25.61,633.0,20.42,22.45,34.56,320.0,10.32,11.35,17.47,389.0,12.55,13.8,21.24,149.0,4.81,5.29,8.14,304.0,9.81,10.78,16.6,221.0,7.13,7.84,12.07,188.0,6.06,6.67,10.26,398.0,12.84,14.12,21.73,160.0,5.16,5.68,8.74,498.0,16.06,17.67,27.19,219.0,7.06,7.77,11.96,296.0,9.55,10.5,16.16,123.0,3.97,4.36,6.72,32.0,1.03,1.14,1.75,284.0,9.16,10.07,15.51,244.0,7.87,8.66,13.32,46.36,42.21,4.15,102.61,117.0,3.77,4.15,659.34,21.27,0.53,0.57,0.51,0.38,0.73,0.16,0.63,0.27,0.71,0.47,4.36,1.14,0.1,8.66,0.3
2,福爾摩沙夢想家,79|99,張宗憲/盧冠良,18,427,491.0,7251.91,120.87,120:52,402.88,6.71,06:43,227.0,12.61,46.23,67.61,240.0,13.33,48.88,71.48,180.0,10.0,36.66,53.61,84.0,4.67,17.11,25.02,109.0,6.06,22.2,32.47,58.0,3.22,11.81,17.28,71.0,3.94,14.46,21.15,26.0,1.44,5.3,7.74,51.0,2.83,10.39,15.19,35.0,1.94,7.13,10.42,30.0,1.67,6.11,8.94,72.0,4.0,14.66,21.45,24.0,1.33,4.89,7.15,75.0,4.17,15.27,22.34,34.0,1.89,6.92,10.13,42.0,2.33,8.55,12.51,20.0,1.11,4.07,5.96,6.0,0.33,1.22,1.79,45.0,2.5,9.16,13.4,44.0,2.44,8.96,13.11,46.23,48.88,-2.65,97.5,-13.0,-0.72,-2.65,120.87,6.71,0.54,0.56,0.53,0.37,0.69,0.14,0.5,0.29,0.75,0.51,4.07,1.22,0.09,8.96,0.28
2,福爾摩沙夢想家,79|106,張宗憲/高柏鎧,21,1388,1655.0,23045.33,384.09,384:05,1097.4,18.29,18:17,730.0,34.76,44.11,68.42,724.0,34.48,43.75,67.86,587.0,27.95,35.47,55.02,264.0,12.57,15.95,24.74,354.0,16.86,21.39,33.18,183.0,8.71,11.06,17.15,233.0,11.1,14.08,21.84,81.0,3.86,4.89,7.59,166.0,7.9,10.03,15.56,122.0,5.81,7.37,11.43,108.0,5.14,6.53,10.12,229.0,10.9,13.84,21.46,100.0,4.76,6.04,9.37,290.0,13.81,17.52,27.18,141.0,6.71,8.52,13.22,155.0,7.38,9.37,14.53,79.0,3.76,4.77,7.4,14.0,0.67,0.85,1.31,155.0,7.38,9.37,14.53,139.0,6.62,8.4,13.03,44.11,43.75,0.36,103.41,6.0,0.29,0.36,384.09,18.29,0.52,0.55,0.52,0.35,0.73,0.18,0.59,0.27,0.7,0.46,4.77,0.85,0.09,8.4,0.28
2,福爾摩沙夢想家,79|107,張宗憲/霍爾曼,25,1703,2008.0,27388.84,456.48,456:29,1095.55,18.26,18:16,932.0,37.28,46.41,73.5,885.0,35.4,44.07,69.79,719.0,28.76,35.81,56.7,321.0,12.84,15.99,25.32,414.0,16.56,20.62,32.65,205.0,8.2,10.21,16.17,305.0,12.2,15.19,24.05,116.0,4.64,5.78,9.15,237.0,9.48,11.8,18.69,173.0,6.92,8.62,13.64,128.0,5.12,6.37,10.09,289.0,11.56,14.39,22.79,113.0,4.52,5.63,8.91,324.0,12.96,16.14,25.55,156.0,6.24,7.77,12.3,203.0,8.12,10.11,16.01,89.0,3.56,4.43,7.02,23.0,0.92,1.15,1.81,201.0,8.04,10.01,15.85,223.0,8.92,11.11,17.59,46.41,44.07,2.34,105.57,47.0,1.88,2.34,456.48,18.26,0.53,0.57,0.5,0.38,0.73,0.16,0.63,0.28,0.72,0.49,4.43,1.15,0.1,11.11,0.33
2,福爾摩沙夢想家,89|99,蔣淯安/盧冠良,28,960,1118.0,16012.74,266.88,266:53,571.88,9.53,09:32,516.0,18.43,46.15,69.6,520.0,18.57,46.51,70.14,399.0,14.25,35.69,53.82,183.0,6.54,16.37,24.69,207.0,7.39,18.52,27.92,114.0,4.07,10.2,15.38,192.0,6.86,17.17,25.9,69.0,2.46,6.17,9.31,97.0,3.46,8.68,13.08,77.0,2.75,6.89,10.39,58.0,2.07,5.19,7.82,166.0,5.93,14.85,22.39,69.0,2.46,6.17,9.31,181.0,6.46,16.19,24.42,95.0,3.39,8.5,12.81,97.0,3.46,8.68,13.08,50.0,1.79,4.47,6.74,10.0,0.36,0.89,1.35,103.0,3.68,9.21,13.89,92.0,3.29,8.23,12.41,46.15,46.51,-0.36,100.54,-4.0,-0.14,-0.36,266.88,9.53,0.55,0.58,0.55,0.36,0.79,0.18,0.53,0.24,0.71,0.47,4.47,0.89,0.09,8.23,0.24
2,福爾摩沙夢想家,89|106,蔣淯安/高柏鎧,23,1773,2098.0,29857.24,497.62,497:37,1298.14,21.64,21:38,930.0,40.43,44.33,67.28,871.0,37.87,41.52,63.01,738.0,32.09,35.18,53.39,327.0,14.22,15.59,23.66,407.0,17.7,19.4,29.44,215.0,9.35,10.25,15.55,331.0,14.39,15.78,23.95,112.0,4.87,5.34,8.1,207.0,9.0,9.87,14.98,159.0,6.91,7.58,11.5,133.0,5.78,6.34,9.62,293.0,12.74,13.97,21.2,120.0,5.22,5.72,8.68,386.0,16.78,18.4,27.92,190.0,8.26,9.06,13.75,189.0,8.22,9.01,13.67,105.0,4.57,5.0,7.6,19.0,0.83,0.91,1.37,209.0,9.09,9.96,15.12,178.0,7.74,8.48,12.88,44.33,41.52,2.81,101.19,59.0,2.57,2.81,497.62,21.64,0.52,0.56,0.53,0.34,0.77,0.19,0.58,0.26,0.71,0.46,5.0,0.91,0.1,8.48,0.28
2,福爾摩沙夢想家,89|107,蔣淯安/霍爾曼,28,2028,2407.0,34387.87,573.13,573:08,1228.14,20.47,20:28,1165.0,41.61,48.4,73.18,1066.0,38.07,44.29,66.96,867.0,30.96,36.02,54.46,397.0,14.18,16.49,24.94,463.0,16.54,19.24,29.08,250.0,8.93,10.39,15.7,404.0,14.43,16.78,25.38,147.0,5.25,6.11,9.23,283.0,10.11,11.76,17.78,219.0,7.82,9.1,13.76,152.0,5.43,6.31,9.55,340.0,12.14,14.13,21.36,139.0,4.96,5.77,8.73,394.0,14.07,16.37,24.75,191.0,6.82,7.94,12.0,247.0,8.82,10.26,15.51,102.0,3.64,4.24,6.41,30.0,1.07,1.25,1.88,245.0,8.75,10.18,15.39,253.0,9.04,10.51,15.89,48.4,44.29,4.11,100.79,99.0,3.54,4.11,573.13,20.47,0.54,0.59,0.54,0.36,0.77,0.16,0.62,0.28,0.71,0.48,4.24,1.25,0.1,10.51,0.33
2,福爾摩沙夢想家,99|106,盧冠良/高柏鎧,20,751,881.0,11827.37,197.12,197:07,591.37,9.86,09:51,379.0,18.95,43.02,69.22,387.0,19.35,43.93,70.68,306.0,15.3,34.73,55.88,136.0,6.8,15.44,24.84,165.0,8.25,18.73,30.13,92.0,4.6,10.44,16.8,141.0,7.05,16.0,25.75,44.0,2.2,4.99,8.04,96.0,4.8,10.9,17.53,67.0,3.35,7.6,12.24,54.0,2.7,6.13,9.86,124.0,6.2,14.07,22.65,45.0,2.25,5.11,8.22,159.0,7.95,18.05,29.04,77.0,3.85,8.74,14.06,72.0,3.6,8.17,13.15,37.0,1.85,4.2,6.76,8.0,0.4,0.91,1.46,98.0,4.9,11.12,17.9,71.0,3.55,8.06,12.97,43.02,43.93,-0.91,107.26,-8.0,-0.4,-0.91,197.12,9.86,0.52,0.54,0.56,0.31,0.7,0.18,0.53,0.25,0.73,0.47,4.2,0.91,0.11,8.06,0.31
2,福爾摩沙夢想家,99|107,盧冠良/霍爾曼,22,1036,1225.0,17275.2,287.92,287:55,785.24,13.09,13:05,599.0,27.23,48.9,74.9,558.0,25.36,45.55,69.77,450.0,20.45,36.73,56.27,201.0,9.14,16.41,25.13,228.0,10.36,18.61,28.51,118.0,5.36,9.63,14.75,222.0,10.09,18.12,27.76,83.0,3.77,6.78,10.38,144.0,6.55,11.76,18.01,110.0,5.0,8.98,13.75,88.0,4.0,7.18,11.0,172.0,7.82,14.04,21.51,69.0,3.14,5.63,8.63,196.0,8.91,16.0,24.51,92.0,4.18,7.51,11.5,115.0,5.23,9.39,14.38,50.0,2.27,4.08,6.25,10.0,0.45,0.82,1.25,127.0,5.77,10.37,15.88,108.0,4.91,8.82,13.5,48.9,45.55,3.35,102.11,41.0,1.86,3.35,287.92,13.09,0.54,0.58,0.52,0.37,0.76,0.15,0.57,0.31,0.71,0.5,4.08,0.82,0.1,8.82,0.32
2,福爾摩沙夢想家,106|107,高柏鎧/霍爾曼,15,827,982.0,14073.34,234.56,234:33,938.22,15.64,15:38,464.0,30.93,47.25,71.22,434.0,28.93,44.2,66.61,351.0,23.4,35.74,53.87,162.0,10.8,16.5,24.86,175.0,11.67,17.82,26.86,98.0,6.53,9.98,15.04,176.0,11.73,17.92,27.01,64.0,4.27,6.52,9.82,103.0,6.87,10.49,15.81,73.0,4.87,7.43,11.2,70.0,4.67,7.13,10.74,128.0,8.53,13.03,19.65,53.0,3.53,5.4,8.13,168.0,11.2,17.11,25.78,86.0,5.73,8.76,13.2,88.0,5.87,8.96,13.51,44.0,2.93,4.48,6.75,7.0,0.47,0.71,1.07,96.0,6.4,9.78,14.73,101.0,6.73,10.29,15.5,47.25,44.2,3.05,100.48,30.0,2.0,3.05,234.56,15.64,0.55,0.59,0.56,0.36,0.71,0.18,0.54,0.29,0.71,0.47,4.48,0.71,0.1,10.29,0.29
2,新北國王,21|34,李愷諺/沃許本,22,1743,2073.0,28920.04,482.0,482:00,1314.55,21.91,21:55,929.0,42.23,44.81,69.39,939.0,42.68,45.3,70.13,778.0,35.36,37.53,58.11,346.0,15.73,16.69,25.84,496.0,22.55,23.93,37.05,260.0,11.82,12.54,19.42,282.0,12.82,13.6,21.06,86.0,3.91,4.15,6.42,196.0,8.91,9.45,14.64,151.0,6.86,7.28,11.28,118.0,5.36,5.69,8.81,328.0,14.91,15.82,24.5,140.0,6.36,6.75,10.46,313.0,14.23,15.1,23.38,129.0,5.86,6.22,9.63,193.0,8.77,9.31,14.41,74.0,3.36,3.57,5.53,36.0,1.64,1.74,2.69,191.0,8.68,9.21,14.27,166.0,7.55,8.01,12.4,44.81,45.3,-0.48,103.22,-10.0,-0.45,-0.48,482.0,21.91,0.5,0.54,0.52,0.3,0.77,0.13,0.56,0.27,0.7,0.5,3.57,1.74,0.09,8.01,0.25
2,新北國王,29|34,林書緯/沃許本,25,2565,3037.0,43093.47,718.22,718:13,1723.74,28.73,28:44,1388.0,55.52,45.7,69.57,1358.0,54.32,44.72,68.07,1156.0,46.24,38.06,57.94,525.0,21.0,17.29,26.31,720.0,28.8,23.71,36.09,378.0,15.12,12.45,18.95,436.0,17.44,14.36,21.85,147.0,5.88,4.84,7.37,235.0,9.4,7.74,11.78,186.0,7.44,6.12,9.32,183.0,7.32,6.03,9.17,461.0,18.44,15.18,23.11,204.0,8.16,6.72,10.23,467.0,18.68,15.38,23.41,208.0,8.32,6.85,10.43,304.0,12.16,10.01,15.24,118.0,4.72,3.89,5.91,45.0,1.8,1.48,2.26,255.0,10.2,8.4,12.78,237.0,9.48,7.8,11.88,45.7,44.72,0.99,101.48,30.0,1.2,0.99,718.22,28.73,0.52,0.55,0.52,0.34,0.79,0.14,0.58,0.28,0.69,0.49,3.89,1.48,0.08,7.8,0.2
2,新北國王,34|10874,沃許本/熊祥泰,25,1142,1359.0,19127.39,318.79,318:47,765.1,12.75,12:45,618.0,24.72,45.47,69.79,602.0,24.08,44.3,67.98,526.0,21.04,38.7,59.4,240.0,9.6,17.66,27.1,321.0,12.84,23.62,36.25,179.0,7.16,13.17,20.21,205.0,8.2,15.08,23.15,61.0,2.44,4.49,6.89,109.0,4.36,8.02,12.31,79.0,3.16,5.81,8.92,85.0,3.4,6.25,9.6,207.0,8.28,15.23,23.38,83.0,3.32,6.11,9.37,207.0,8.28,15.23,23.38,93.0,3.72,6.84,10.5,131.0,5.24,9.64,14.79,49.0,1.96,3.61,5.53,16.0,0.64,1.18,1.81,125.0,5.0,9.2,14.12,136.0,5.44,10.01,15.36,45.47,44.3,1.18,102.31,16.0,0.64,1.18,318.79,12.75,0.51,0.54,0.56,0.3,0.72,0.14,0.55,0.29,0.71,0.5,3.61,1.18,0.09,10.01,0.21
2,新北國王,34|10876,沃許本/尚迪,4,165,201.0,2414.84,40.25,40:15,603.71,10.06,10:04,73.0,18.25,36.32,65.3,87.0,21.75,43.28,77.82,64.0,16.0,31.84,57.25,29.0,7.25,14.43,25.94,35.0,8.75,17.41,31.31,21.0,5.25,10.45,18.78,29.0,7.25,14.43,25.94,8.0,2.0,3.98,7.16,13.0,3.25,6.47,11.63,8.0,2.0,3.98,7.16,11.0,2.75,5.47,9.84,26.0,6.5,12.94,23.26,20.0,5.0,9.95,17.89,29.0,7.25,14.43,25.94,21.0,5.25,10.45,18.78,15.0,3.75,7.46,13.42,13.0,3.25,6.47,11.63,3.0,0.75,1.49,2.68,12.0,3.0,5.97,10.73,22.0,5.5,10.95,19.68,36.32,43.28,-6.97,119.86,-14.0,-3.5,-6.97,40.25,10.06,0.52,0.52,0.6,0.28,0.62,0.23,0.52,0.28,0.57,0.43,6.47,1.49,0.06,10.95,0.2
2,福爾摩沙夢想家,79|101,張宗憲/周柏臣,7,108,128.0,1486.28,24.77,24:46,212.33,3.54,03:32,49.0,7.0,38.28,71.21,71.0,10.14,55.47,103.18,38.0,5.43,29.69,55.23,15.0,2.14,11.72,21.8,25.0,3.57,19.53,36.33,11.0,1.57,8.59,15.99,13.0,1.86,10.16,18.89,4.0,0.57,3.12,5.81,24.0,3.43,18.75,34.88,16.0,2.29,12.5,23.25,9.0,1.29,7.03,13.08,16.0,2.29,12.5,23.25,4.0,0.57,3.12,5.81,16.0,2.29,12.5,23.25,15.0,2.14,11.72,21.8,7.0,1.0,5.47,10.17,7.0,1.0,5.47,10.17,3.0,0.43,2.34,4.36,11.0,1.57,8.59,15.99,8.0,1.14,6.25,11.63,38.28,55.47,-17.19,124.01,-22.0,-3.14,-17.19,24.77,3.54,0.45,0.5,0.44,0.31,0.67,0.24,0.47,0.36,0.8,0.56,5.47,2.34,0.09,6.25,0.63
2,福爾摩沙夢想家,79|103,張宗憲/忻沃克,30,1955,2314.0,32474.66,541.24,541:15,1082.49,18.04,18:02,1046.0,34.87,45.2,69.57,968.0,32.27,41.83,64.38,845.0,28.17,36.52,56.2,370.0,12.33,15.99,24.61,492.0,16.4,21.26,32.72,237.0,7.9,10.24,15.76,353.0,11.77,15.25,23.48,133.0,4.43,5.75,8.85,226.0,7.53,9.77,15.03,165.0,5.5,7.13,10.97,152.0,5.07,6.57,10.11,343.0,11.43,14.82,22.81,133.0,4.43,5.75,8.85,394.0,13.13,17.03,26.21,181.0,6.03,7.82,12.04,245.0,8.17,10.59,16.3,105.0,3.5,4.54,6.98,19.0,0.63,0.82,1.26,223.0,7.43,9.64,14.83,197.0,6.57,8.51,13.1,45.2,41.83,3.37,102.61,78.0,2.6,3.37,541.24,18.04,0.52,0.55,0.48,0.38,0.73,0.16,0.66,0.28,0.72,0.48,4.54,0.82,0.1,8.51,0.27
2,福爾摩沙夢想家,89|101,蔣淯安/周柏臣,12,228,276.0,3651.38,60.86,60:51,304.28,5.07,05:04,108.0,9.0,39.13,63.89,134.0,11.17,48.55,79.27,93.0,7.75,33.7,55.01,34.0,2.83,12.32,20.11,56.0,4.67,20.29,33.13,25.0,2.08,9.06,14.79,37.0,3.08,13.41,21.89,9.0,0.75,3.26,5.32,37.0,3.08,13.41,21.89,30.0,2.5,10.87,17.75,22.0,1.83,7.97,13.01,40.0,3.33,14.49,23.66,12.0,1.0,4.35,7.1,36.0,3.0,13.04,21.3,28.0,2.33,10.14,16.56,14.0,1.17,5.07,8.28,18.0,1.5,6.52,10.65,4.0,0.33,1.45,2.37,29.0,2.42,10.51,17.16,21.0,1.75,7.61,12.42,39.13,48.55,-9.42,108.85,-26.0,-2.17,-9.42,60.86,5.07,0.41,0.49,0.45,0.24,0.81,0.2,0.41,0.38,0.77,0.56,6.52,1.45,0.11,7.61,0.4
2,福爾摩沙夢想家,89|103,蔣淯安/忻沃克,35,2677,3174.0,44977.95,749.63,749:38,1285.08,21.42,21:25,1474.0,42.11,46.44,70.79,1346.0,38.46,42.41,64.64,1177.0,33.63,37.08,56.52,513.0,14.66,16.16,24.64,641.0,18.31,20.2,30.78,327.0,9.34,10.3,15.7,536.0,15.31,16.89,25.74,186.0,5.31,5.86,8.93,338.0,9.66,10.65,16.23,253.0,7.23,7.97,12.15,209.0,5.97,6.58,10.04,491.0,14.03,15.47,23.58,169.0,4.83,5.32,8.12,547.0,15.63,17.23,26.27,238.0,6.8,7.5,11.43,322.0,9.2,10.14,15.46,137.0,3.91,4.32,6.58,35.0,1.0,1.1,1.68,317.0,9.06,9.99,15.22,294.0,8.4,9.26,14.12,46.44,42.41,4.03,101.62,128.0,3.66,4.03,749.63,21.42,0.51,0.56,0.51,0.35,0.75,0.15,0.63,0.28,0.74,0.49,4.32,1.1,0.1,9.26,0.29
2,福爾摩沙夢想家,101|103,周柏臣/忻沃克,7,103,120.0,1579.12,26.32,26:19,225.59,3.76,03:46,40.0,5.71,33.33,54.71,65.0,9.29,54.17,88.91,37.0,5.29,30.83,50.61,13.0,1.86,10.83,17.78,20.0,2.86,16.67,27.36,8.0,1.14,6.67,10.94,17.0,2.43,14.17,23.25,5.0,0.71,4.17,6.84,17.0,2.43,14.17,23.25,11.0,1.57,9.17,15.05,7.0,1.0,5.83,9.57,18.0,2.57,15.0,24.62,5.0,0.71,4.17,6.84,14.0,2.0,11.67,19.15,17.0,2.43,14.17,23.25,9.0,1.29,7.5,12.31,7.0,1.0,5.83,9.57,1.0,0.14,0.83,1.37,11.0,1.57,9.17,15.05,10.0,1.43,8.33,13.68,33.33,54.17,-20.83,109.43,-25.0,-3.57,-20.83,26.32,3.76,0.42,0.45,0.4,0.29,0.65,0.28,0.69,0.33,0.78,0.57,5.83,0.83,0.09,8.33,0.46
2,福爾摩沙夢想家,101|107,周柏臣/霍爾曼,7,205,240.0,3199.22,53.32,53:19,457.03,7.62,07:37,95.0,13.57,39.58,64.14,130.0,18.57,54.17,87.77,73.0,10.43,30.42,49.29,28.0,4.0,11.67,18.9,40.0,5.71,16.67,27.01,17.0,2.43,7.08,11.48,33.0,4.71,13.75,22.28,11.0,1.57,4.58,7.43,32.0,4.57,13.33,21.61,26.0,3.71,10.83,17.55,12.0,1.71,5.0,8.1,35.0,5.0,14.58,23.63,12.0,1.71,5.0,8.1,31.0,4.43,12.92,20.93,28.0,4.0,11.67,18.9,16.0,2.29,6.67,10.8,15.0,2.14,6.25,10.13,4.0,0.57,1.67,2.7,28.0,4.0,11.67,18.9,18.0,2.57,7.5,12.15,39.58,54.17,-14.58,108.03,-35.0,-5.0,-14.58,53.32,7.62,0.46,0.55,0.42,0.33,0.81,0.24,0.57,0.28,0.74,0.52,6.25,1.67,0.12,7.5,0.44
2,福爾摩沙夢想家,103|107,忻沃克/霍爾曼,28,1836,2200.0,29523.31,492.06,492:03,1054.4,17.57,17:34,1081.0,38.61,49.14,79.09,948.0,33.86,43.09,69.36,820.0,29.29,37.27,59.99,363.0,12.96,16.5,26.56,419.0,14.96,19.05,30.66,212.0,7.57,9.64,15.51,401.0,14.32,18.23,29.34,151.0,5.39,6.86,11.05,256.0,9.14,11.64,18.73,200.0,7.14,9.09,14.63,156.0,5.57,7.09,11.41,316.0,11.29,14.36,23.12,117.0,4.18,5.32,8.56,358.0,12.79,16.27,26.19,158.0,5.64,7.18,11.56,224.0,8.0,10.18,16.39,86.0,3.07,3.91,6.29,26.0,0.93,1.18,1.9,221.0,7.89,10.05,16.17,251.0,8.96,11.41,18.36,49.14,43.09,6.05,107.31,133.0,4.75,6.05,492.06,17.57,0.53,0.58,0.51,0.38,0.78,0.14,0.62,0.3,0.73,0.5,3.91,1.18,0.1,11.41,0.31
2,新北國王,34|10872,沃許本/林彥廷,26,1739,2056.0,28345.88,472.43,472:26,1090.23,18.17,18:10,916.0,35.23,44.55,69.8,906.0,34.85,44.07,69.04,752.0,28.92,36.58,57.3,341.0,13.12,16.59,25.98,477.0,18.35,23.2,36.35,251.0,9.65,12.21,19.13,275.0,10.58,13.38,20.96,90.0,3.46,4.38,6.86,198.0,7.62,9.63,15.09,146.0,5.62,7.1,11.13,103.0,3.96,5.01,7.85,323.0,12.42,15.71,24.61,146.0,5.62,7.1,11.13,322.0,12.38,15.66,24.54,130.0,5.0,6.32,9.91,218.0,8.38,10.6,16.61,77.0,2.96,3.75,5.87,20.0,0.77,0.97,1.52,200.0,7.69,9.73,15.24,200.0,7.69,9.73,15.24,44.55,44.07,0.49,104.45,10.0,0.38,0.49,472.43,18.17,0.51,0.55,0.53,0.33,0.74,0.13,0.64,0.24,0.69,0.48,3.75,0.97,0.1,9.73,0.26
2,新北國王,34|10875,沃許本/傑登,11,647,776.0,10352.22,172.54,172:32,941.11,15.69,15:41,351.0,31.91,45.23,73.24,336.0,30.55,43.3,70.11,282.0,25.64,36.34,58.84,129.0,11.73,16.62,26.92,188.0,17.09,24.23,39.23,95.0,8.64,12.24,19.82,94.0,8.55,12.11,19.61,34.0,3.09,4.38,7.09,82.0,7.45,10.57,17.11,63.0,5.73,8.12,13.15,45.0,4.09,5.8,9.39,115.0,10.45,14.82,23.99,54.0,4.91,6.96,11.27,121.0,11.0,15.59,25.25,49.0,4.45,6.31,10.22,80.0,7.27,10.31,16.69,30.0,2.73,3.87,6.26,10.0,0.91,1.29,2.09,70.0,6.36,9.02,14.61,73.0,6.64,9.41,15.23,45.23,43.3,1.93,107.94,15.0,1.36,1.93,172.54,15.69,0.52,0.55,0.51,0.36,0.77,0.13,0.62,0.27,0.68,0.48,3.87,1.29,0.09,9.41,0.29
2,福爾摩沙夢想家,79|86,張宗憲/林俊吉,23,943,1104.0,15197.2,253.29,253:17,660.75,11.01,11:01,495.0,21.52,44.84,70.36,500.0,21.74,45.29,71.07,390.0,16.96,35.33,55.43,173.0,7.52,15.67,24.59,217.0,9.43,19.66,30.84,111.0,4.83,10.05,15.78,173.0,7.52,15.67,24.59,62.0,2.7,5.62,8.81,123.0,5.35,11.14,17.48,89.0,3.87,8.06,12.65,60.0,2.61,5.43,8.53,166.0,7.22,15.04,23.59,51.0,2.22,4.62,7.25,173.0,7.52,15.67,24.59,89.0,3.87,8.06,12.65,112.0,4.87,10.14,15.92,55.0,2.39,4.98,7.82,7.0,0.3,0.63,0.99,105.0,4.57,9.51,14.92,143.0,6.22,12.95,20.32,44.84,45.29,-0.45,104.61,-5.0,-0.22,-0.45,253.29,11.01,0.52,0.56,0.51,0.36,0.72,0.17,0.65,0.26,0.76,0.5,4.98,0.63,0.1,12.95,0.32
2,福爾摩沙夢想家,86|99,林俊吉/盧冠良,24,791,939.0,12468.83,207.81,207:49,519.53,8.66,08:40,459.0,19.12,48.88,79.51,419.0,17.46,44.62,72.58,329.0,13.71,35.04,56.99,152.0,6.33,16.19,26.33,172.0,7.17,18.32,29.8,91.0,3.79,9.69,15.76,157.0,6.54,16.72,27.2,61.0,2.54,6.5,10.57,128.0,5.33,13.63,22.17,94.0,3.92,10.01,16.28,60.0,2.5,6.39,10.39,125.0,5.21,13.31,21.65,43.0,1.79,4.58,7.45,154.0,6.42,16.4,26.68,69.0,2.88,7.35,11.95,94.0,3.92,10.01,16.28,37.0,1.54,3.94,6.41,7.0,0.29,0.75,1.21,101.0,4.21,10.76,17.5,92.0,3.83,9.8,15.94,48.88,44.62,4.26,108.44,40.0,1.67,4.26,207.81,8.66,0.55,0.6,0.53,0.39,0.73,0.15,0.62,0.28,0.74,0.48,3.94,0.75,0.11,9.8,0.39
2,福爾摩沙夢想家,86|101,林俊吉/周柏臣,10,114,137.0,1768.45,29.47,29:28,176.85,2.95,02:57,46.0,4.6,33.58,56.18,70.0,7.0,51.09,85.5,44.0,4.4,32.12,53.74,15.0,1.5,10.95,18.32,27.0,2.7,19.71,32.98,12.0,1.2,8.76,14.66,17.0,1.7,12.41,20.76,3.0,0.3,2.19,3.66,20.0,2.0,14.6,24.43,14.0,1.4,10.22,17.1,7.0,0.7,5.11,8.55,22.0,2.2,16.06,26.87,5.0,0.5,3.65,6.11,20.0,2.0,14.6,24.43,14.0,1.4,10.22,17.1,7.0,0.7,5.11,8.55,6.0,0.6,4.38,7.33,1.0,0.1,0.73,1.22,16.0,1.6,11.68,19.54,12.0,1.2,8.76,14.66,33.58,51.09,-17.52,111.56,-24.0,-2.4,-17.52,29.47,2.95,0.38,0.44,0.44,0.18,0.7,0.21,0.47,0.26,0.81,0.54,4.38,0.73,0.12,8.76,0.45
2,福爾摩沙夢想家,86|107,林俊吉/霍爾曼,23,1416,1675.0,23376.51,389.61,389:37,1016.37,16.94,16:56,837.0,36.39,49.97,77.34,753.0,32.74,44.96,69.58,622.0,27.04,37.13,57.47,280.0,12.17,16.72,25.87,326.0,14.17,19.46,30.12,168.0,7.3,10.03,15.52,296.0,12.87,17.67,27.35,112.0,4.87,6.69,10.35,219.0,9.52,13.07,20.24,163.0,7.09,9.73,15.06,119.0,5.17,7.1,11.0,240.0,10.43,14.33,22.18,81.0,3.52,4.84,7.48,267.0,11.61,15.94,24.67,114.0,4.96,6.81,10.53,183.0,7.96,10.93,16.91,59.0,2.57,3.52,5.45,11.0,0.48,0.66,1.02,170.0,7.39,10.15,15.71,218.0,9.48,13.01,20.14,49.97,44.96,5.01,103.18,84.0,3.65,5.01,389.61,16.94,0.54,0.58,0.52,0.38,0.74,0.14,0.65,0.31,0.75,0.51,3.52,0.66,0.1,13.01,0.35
2,福爾摩沙夢想家,99|101,盧冠良/周柏臣,7,136,160.0,2143.47,35.72,35:43,306.21,5.1,05:06,64.0,9.14,40.0,64.49,99.0,14.14,61.88,99.76,54.0,7.71,33.75,54.42,21.0,3.0,13.12,21.16,32.0,4.57,20.0,32.25,15.0,2.14,9.38,15.12,22.0,3.14,13.75,22.17,6.0,0.86,3.75,6.05,13.0,1.86,8.12,13.1,13.0,1.86,8.12,13.1,10.0,1.43,6.25,10.08,24.0,3.43,15.0,24.19,7.0,1.0,4.38,7.05,22.0,3.14,13.75,22.17,16.0,2.29,10.0,16.12,7.0,1.0,4.38,7.05,11.0,1.57,6.88,11.08,3.0,0.43,1.88,3.02,16.0,2.29,10.0,16.12,15.0,2.14,9.38,15.12,40.0,61.88,-21.88,107.49,-35.0,-5.0,-21.88,35.72,5.1,0.44,0.54,0.47,0.27,1.0,0.21,0.33,0.31,0.77,0.54,6.88,1.88,0.1,9.38,0.24
2,福爾摩沙夢想家,86|97,林俊吉/史承平,2,33,37.0,403.19,6.72,06:43,201.59,3.36,03:22,16.0,8.0,43.24,85.72,17.0,8.5,45.95,91.07,8.0,4.0,21.62,42.86,4.0,2.0,10.81,21.43,4.0,2.0,10.81,21.43,1.0,0.5,2.7,5.36,4.0,2.0,10.81,21.43,3.0,1.5,8.11,16.07,7.0,3.5,18.92,37.5,5.0,2.5,13.51,26.79,0.0,0.0,0.0,0.0,5.0,2.5,13.51,26.79,2.0,1.0,5.41,10.71,3.0,1.5,8.11,16.07,5.0,2.5,13.51,26.79,4.0,2.0,10.81,21.43,2.0,1.0,5.41,10.71,1.0,0.5,2.7,5.36,7.0,3.5,18.92,37.5,4.0,2.0,10.81,21.43,43.24,45.95,-2.7,132.15,-1.0,-0.5,-2.7,6.72,3.36,0.69,0.72,0.25,0.75,0.71,0.31,1.0,0.0,0.71,0.5,5.41,2.7,0.19,10.81,0.88
2,福爾摩沙夢想家,86|106,林俊吉/高柏鎧,16,809,968.0,12775.38,212.92,212:55,798.46,13.31,13:18,419.0,26.19,43.29,70.84,407.0,25.44,42.05,68.81,327.0,20.44,33.78,55.29,147.0,9.19,15.19,24.85,190.0,11.88,19.63,32.12,107.0,6.69,11.05,18.09,137.0,8.56,14.15,23.16,40.0,2.5,4.13,6.76,115.0,7.19,11.88,19.44,81.0,5.06,8.37,13.7,60.0,3.75,6.2,10.14,133.0,8.31,13.74,22.49,48.0,3.0,4.96,8.12,166.0,10.38,17.15,28.07,84.0,5.25,8.68,14.2,76.0,4.75,7.85,12.85,51.0,3.19,5.27,8.62,13.0,0.81,1.34,2.2,94.0,5.88,9.71,15.89,107.0,6.69,11.05,18.09,43.29,42.05,1.24,109.11,12.0,0.75,1.24,212.92,13.31,0.51,0.55,0.56,0.29,0.7,0.18,0.52,0.27,0.73,0.47,5.27,1.34,0.1,11.05,0.35
2,福爾摩沙夢想家,97|99,史承平/盧冠良,2,19,22.0,299.13,4.99,04:59,149.57,2.49,02:30,5.0,2.5,22.73,36.1,9.0,4.5,40.91,64.99,8.0,4.0,36.36,57.77,1.0,0.5,4.55,7.22,5.0,2.5,22.73,36.1,1.0,0.5,4.55,7.22,3.0,1.5,13.64,21.66,0.0,0.0,0.0,0.0,3.0,1.5,13.64,21.66,3.0,1.5,13.64,21.66,2.0,1.0,9.09,14.44,5.0,2.5,22.73,36.1,1.0,0.5,4.55,7.22,2.0,1.0,9.09,14.44,2.0,1.0,9.09,14.44,0.0,0.0,0.0,0.0,1.0,0.5,4.55,7.22,0.0,0.0,0.0,0.0,3.0,1.5,13.64,21.66,0.0,0.0,0.0,0.0,22.73,40.91,-18.18,105.91,-4.0,-2.0,-18.18,4.99,2.49,0.12,0.27,0.2,0.0,1.0,0.18,0.0,0.5,0.83,0.7,4.55,0.0,0.14,0.0,0.38
2,福爾摩沙夢想家,97|101,史承平/周柏臣,10,60,80.0,979.46,16.32,16:19,97.95,1.63,01:38,30.0,3.0,37.5,66.16,28.0,2.8,35.0,61.75,23.0,2.3,28.75,50.72,9.0,0.9,11.25,19.85,13.0,1.3,16.25,28.67,6.0,0.6,7.5,13.23,10.0,1.0,12.5,22.05,3.0,0.3,3.75,6.62,15.0,1.5,18.75,33.08,9.0,0.9,11.25,19.85,4.0,0.4,5.0,8.82,9.0,0.9,11.25,19.85,6.0,0.6,7.5,13.23,11.0,1.1,13.75,24.26,8.0,0.8,10.0,17.64,7.0,0.7,8.75,15.44,4.0,0.4,5.0,8.82,1.0,0.1,1.25,2.21,9.0,0.9,11.25,19.85,4.0,0.4,5.0,8.82,37.5,35.0,2.5,117.62,2.0,0.2,2.5,16.32,1.63,0.46,0.51,0.46,0.3,0.6,0.21,0.78,0.27,0.6,0.43,5.0,1.25,0.11,5.0,0.65
2,福爾摩沙夢想家,97|106,史承平/高柏鎧,2,57,63.0,824.25,13.74,13:44,412.13,6.87,06:52,26.0,13.0,41.27,68.13,33.0,16.5,52.38,86.48,21.0,10.5,33.33,55.03,7.0,3.5,11.11,18.34,9.0,4.5,14.29,23.59,4.0,2.0,6.35,10.48,12.0,6.0,19.05,31.45,3.0,1.5,4.76,7.86,10.0,5.0,15.87,26.21,9.0,4.5,14.29,23.59,4.0,2.0,6.35,10.48,11.0,5.5,17.46,28.83,0.0,0.0,0.0,0.0,4.0,2.0,6.35,10.48,6.0,3.0,9.52,15.72,4.0,2.0,6.35,10.48,2.0,1.0,3.17,5.24,1.0,0.5,1.59,2.62,8.0,4.0,12.7,20.96,6.0,3.0,9.52,15.72,41.27,52.38,-11.11,110.06,-7.0,-3.5,-11.11,13.74,6.87,0.4,0.51,0.44,0.25,0.9,0.19,0.57,0.5,1.0,0.79,3.17,1.59,0.13,9.52,0.48
2,福爾摩沙夢想家,101|106,周柏臣/高柏鎧,8,83,104.0,1318.93,21.98,21:59,164.87,2.75,02:45,32.0,4.0,30.77,52.41,58.0,7.25,55.77,94.99,37.0,4.62,35.58,60.59,10.0,1.25,9.62,16.38,21.0,2.62,20.19,34.39,10.0,1.25,9.62,16.38,16.0,2.0,15.38,26.2,0.0,0.0,0.0,0.0,15.0,1.88,14.42,24.57,12.0,1.5,11.54,19.65,12.0,1.5,11.54,19.65,15.0,1.88,14.42,24.57,3.0,0.38,2.88,4.91,14.0,1.75,13.46,22.93,9.0,1.12,8.65,14.74,5.0,0.62,4.81,8.19,6.0,0.75,5.77,9.83,0.0,0.0,0.0,0.0,9.0,1.12,8.65,14.74,14.0,1.75,13.46,22.93,30.77,55.77,-25.0,113.55,-26.0,-3.25,-25.0,21.98,2.75,0.27,0.37,0.48,0.0,0.8,0.17,0.5,0.46,0.83,0.61,5.77,0.0,0.09,13.46,0.41
2,福爾摩沙夢想家,86|103,林俊吉/忻沃克,28,1238,1482.0,19265.24,321.09,321:05,688.04,11.47,11:28,712.0,25.43,48.04,79.83,618.0,22.07,41.7,69.29,531.0,18.96,35.83,59.54,233.0,8.32,15.72,26.12,281.0,10.04,18.96,31.51,144.0,5.14,9.72,16.15,250.0,8.93,16.87,28.03,89.0,3.18,6.01,9.98,195.0,6.96,13.16,21.86,150.0,5.36,10.12,16.82,97.0,3.46,6.55,10.88,208.0,7.43,14.04,23.32,72.0,2.57,4.86,8.07,243.0,8.68,16.4,27.24,104.0,3.71,7.02,11.66,137.0,4.89,9.24,15.36,56.0,2.0,3.78,6.28,14.0,0.5,0.94,1.57,158.0,5.64,10.66,17.71,216.0,7.71,14.57,24.22,48.04,41.7,6.34,110.77,94.0,3.36,6.34,321.09,11.47,0.52,0.58,0.51,0.36,0.77,0.14,0.59,0.29,0.74,0.49,3.78,0.94,0.11,14.57,0.37
2,福爾摩沙夢想家,97|103,史承平/忻沃克,1,35,37.0,440.59,7.34,07:21,440.59,7.34,07:21,17.0,17.0,45.95,83.34,15.0,15.0,40.54,73.54,9.0,9.0,24.32,44.12,4.0,4.0,10.81,19.61,6.0,6.0,16.22,29.41,3.0,3.0,8.11,14.71,3.0,3.0,8.11,14.71,1.0,1.0,2.7,4.9,8.0,8.0,21.62,39.22,8.0,8.0,21.62,39.22,1.0,1.0,2.7,4.9,4.0,4.0,10.81,19.61,0.0,0.0,0.0,0.0,5.0,5.0,13.51,24.51,7.0,7.0,18.92,34.32,2.0,2.0,5.41,9.8,4.0,4.0,10.81,19.61,1.0,1.0,2.7,4.9,4.0,4.0,10.81,19.61,6.0,6.0,16.22,29.41,45.95,40.54,5.41,120.93,2.0,2.0,5.41,7.34,7.34,0.5,0.68,0.5,0.33,1.0,0.36,0.5,0.17,1.0,0.5,10.81,2.7,0.11,16.22,0.89
2,福爾摩沙夢想家,99|103,盧冠良/忻沃克,24,639,753.0,10352.4,172.54,172:32,431.35,7.19,07:11,354.0,14.75,47.01,73.86,324.0,13.5,43.03,67.6,270.0,11.25,35.86,56.33,119.0,4.96,15.8,24.83,127.0,5.29,16.87,26.5,67.0,2.79,8.9,13.98,143.0,5.96,18.99,29.84,52.0,2.17,6.91,10.85,88.0,3.67,11.69,18.36,67.0,2.79,8.9,13.98,41.0,1.71,5.44,8.55,117.0,4.88,15.54,24.41,36.0,1.5,4.78,7.51,127.0,5.29,16.87,26.5,56.0,2.33,7.44,11.68,74.0,3.08,9.83,15.44,33.0,1.38,4.38,6.89,5.0,0.21,0.66,1.04,83.0,3.46,11.02,17.32,62.0,2.58,8.23,12.94,47.01,43.03,3.98,104.74,30.0,1.25,3.98,172.54,7.19,0.54,0.57,0.53,0.36,0.76,0.15,0.62,0.24,0.76,0.49,4.38,0.66,0.11,8.23,0.33
2,福爾摩沙夢想家,103|106,忻沃克/高柏鎧,22,1549,1842.0,25377.14,422.95,422:57,1153.51,19.23,19:14,812.0,36.91,44.08,69.11,755.0,34.32,40.99,64.26,655.0,29.77,35.56,55.75,291.0,13.23,15.8,24.77,362.0,16.45,19.65,30.81,187.0,8.5,10.15,15.92,293.0,13.32,15.91,24.94,104.0,4.73,5.65,8.85,178.0,8.09,9.66,15.15,130.0,5.91,7.06,11.07,114.0,5.18,6.19,9.7,270.0,12.27,14.66,22.98,93.0,4.23,5.05,7.92,339.0,15.41,18.4,28.85,162.0,7.36,8.79,13.79,175.0,7.95,9.5,14.9,91.0,4.14,4.94,7.75,19.0,0.86,1.03,1.62,176.0,8.0,9.55,14.98,167.0,7.59,9.07,14.21,44.08,40.99,3.09,104.52,57.0,2.59,3.09,422.95,19.23,0.52,0.55,0.52,0.35,0.73,0.18,0.6,0.25,0.74,0.47,4.94,1.03,0.1,9.07,0.27
2,新北國王,22|34,簡祐哲/沃許本,18,703,850.0,11689.94,194.83,194:50,649.44,10.82,10:49,356.0,19.78,41.88,65.78,391.0,21.72,46.0,72.25,318.0,17.67,37.41,58.76,133.0,7.39,15.65,24.57,207.0,11.5,24.35,38.25,95.0,5.28,11.18,17.55,111.0,6.17,13.06,20.51,38.0,2.11,4.47,7.02,71.0,3.94,8.35,13.12,50.0,2.78,5.88,9.24,61.0,3.39,7.18,11.27,133.0,7.39,15.65,24.57,62.0,3.44,7.29,11.46,129.0,7.17,15.18,23.84,61.0,3.39,7.18,11.27,70.0,3.89,8.24,12.93,32.0,1.78,3.76,5.91,18.0,1.0,2.12,3.33,80.0,4.44,9.41,14.78,73.0,4.06,8.59,13.49,41.88,46.0,-4.12,104.71,-35.0,-1.94,-4.12,194.83,10.82,0.48,0.51,0.46,0.34,0.7,0.15,0.53,0.32,0.68,0.5,3.76,2.12,0.09,8.59,0.22
2,福爾摩沙夢想家,86|91,林俊吉/簡偉儒,10,252,302.0,4096.57,68.28,68:17,409.66,6.83,06:50,131.0,13.1,43.38,69.07,140.0,14.0,46.36,73.82,116.0,11.6,38.41,61.16,44.0,4.4,14.57,23.2,59.0,5.9,19.54,31.11,31.0,3.1,10.26,16.35,57.0,5.7,18.87,30.05,13.0,1.3,4.3,6.85,38.0,3.8,12.58,20.04,29.0,2.9,9.6,15.29,27.0,2.7,8.94,14.24,47.0,4.7,15.56,24.78,15.0,1.5,4.97,7.91,51.0,5.1,16.89,26.89,17.0,1.7,5.63,8.96,28.0,2.8,9.27,14.76,7.0,0.7,2.32,3.69,5.0,0.5,1.66,2.64,33.0,3.3,10.93,17.4,28.0,2.8,9.27,14.76,43.38,46.36,-2.98,106.16,-9.0,-0.9,-2.98,68.28,6.83,0.44,0.49,0.53,0.23,0.76,0.11,0.64,0.35,0.76,0.53,2.32,1.66,0.11,9.27,0.33
2,福爾摩沙夢想家,91|97,簡偉儒/史承平,7,75,95.0,1149.42,19.16,19:09,164.2,2.74,02:44,34.0,4.86,35.79,63.89,43.0,6.14,45.26,80.81,25.0,3.57,26.32,46.98,10.0,1.43,10.53,18.79,12.0,1.71,12.63,22.55,6.0,0.86,6.32,11.28,13.0,1.86,13.68,24.43,4.0,0.57,4.21,7.52,15.0,2.14,15.79,28.19,10.0,1.43,10.53,18.79,5.0,0.71,5.26,9.4,10.0,1.43,10.53,18.79,4.0,0.57,4.21,7.52,11.0,1.57,11.58,20.67,12.0,1.71,12.63,22.55,10.0,1.43,10.53,18.79,6.0,0.86,6.32,11.28,2.0,0.29,2.11,3.76,10.0,1.43,10.53,18.79,10.0,1.43,10.53,18.79,35.79,45.26,-9.47,119.02,-9.0,-1.29,-9.47,19.16,2.74,0.48,0.54,0.5,0.31,0.67,0.28,1.0,0.31,0.71,0.5,6.32,2.11,0.11,10.53,0.6
2,福爾摩沙夢想家,91|103,簡偉儒/忻沃克,12,217,251.0,3327.39,55.46,55:27,277.28,4.62,04:37,109.0,9.08,43.43,70.76,102.0,8.5,40.64,66.21,90.0,7.5,35.86,58.42,40.0,3.33,15.94,25.97,49.0,4.08,19.52,31.81,30.0,2.5,11.95,19.47,41.0,3.42,16.33,26.62,10.0,0.83,3.98,6.49,28.0,2.33,11.16,18.18,24.0,2.0,9.56,15.58,16.0,1.33,6.37,10.39,35.0,2.92,13.94,22.72,14.0,1.17,5.58,9.09,41.0,3.42,16.33,26.62,19.0,1.58,7.57,12.33,26.0,2.17,10.36,16.88,6.0,0.5,2.39,3.89,5.0,0.42,1.99,3.25,25.0,2.08,9.96,16.23,22.0,1.83,8.76,14.28,43.43,40.64,2.79,108.63,7.0,0.58,2.79,55.46,4.62,0.5,0.53,0.61,0.24,0.86,0.16,0.65,0.28,0.71,0.48,2.39,1.99,0.1,8.76,0.31
2,福爾摩沙夢想家,91|106,簡偉儒/高柏鎧,9,256,304.0,4088.64,68.14,68:09,454.29,7.57,07:34,136.0,15.11,44.74,71.85,116.0,12.89,38.16,61.28,122.0,13.56,40.13,64.45,51.0,5.67,16.78,26.94,85.0,9.44,27.96,44.9,40.0,4.44,13.16,21.13,37.0,4.11,12.17,19.55,11.0,1.22,3.62,5.81,29.0,3.22,9.54,15.32,25.0,2.78,8.22,13.21,29.0,3.22,9.54,15.32,43.0,4.78,14.14,22.72,12.0,1.33,3.95,6.34,51.0,5.67,16.78,26.94,20.0,2.22,6.58,10.57,29.0,3.22,9.54,15.32,6.0,0.67,1.97,3.17,6.0,0.67,1.97,3.17,22.0,2.44,7.24,11.62,30.0,3.33,9.87,15.85,44.74,38.16,6.58,107.07,20.0,2.22,6.58,68.14,7.57,0.46,0.5,0.47,0.3,0.86,0.13,0.57,0.36,0.78,0.53,1.97,1.97,0.07,9.87,0.24
2,福爾摩沙夢想家,91|107,簡偉儒/霍爾曼,16,422,506.0,6938.64,115.64,115:39,433.66,7.23,07:14,211.0,13.19,41.7,65.68,248.0,15.5,49.01,77.2,184.0,11.5,36.36,57.28,75.0,4.69,14.82,23.35,100.0,6.25,19.76,31.13,55.0,3.44,10.87,17.12,84.0,5.25,16.6,26.15,20.0,1.25,3.95,6.23,49.0,3.06,9.68,15.25,37.0,2.31,7.31,11.52,36.0,2.25,7.11,11.21,78.0,4.88,15.42,24.28,38.0,2.38,7.51,11.83,74.0,4.62,14.62,23.04,36.0,2.25,7.11,11.21,49.0,3.06,9.68,15.25,17.0,1.06,3.36,5.29,8.0,0.5,1.58,2.49,44.0,2.75,8.7,13.7,52.0,3.25,10.28,16.19,41.7,49.01,-7.31,105.01,-37.0,-2.31,-7.31,115.64,7.23,0.46,0.51,0.55,0.24,0.76,0.15,0.65,0.33,0.67,0.5,3.36,1.58,0.09,10.28,0.27
2,福爾摩沙夢想家,97|107,史承平/霍爾曼,2,42,51.0,675.15,11.25,11:15,337.58,5.63,05:38,14.0,7.0,27.45,44.79,34.0,17.0,66.67,108.78,15.0,7.5,29.41,47.99,5.0,2.5,9.8,16.0,6.0,3.0,11.76,19.2,3.0,1.5,5.88,9.6,9.0,4.5,17.65,28.79,2.0,1.0,3.92,6.4,3.0,1.5,5.88,9.6,2.0,1.0,3.92,6.4,3.0,1.5,5.88,9.6,8.0,4.0,15.69,25.59,1.0,0.5,1.96,3.2,3.0,1.5,5.88,9.6,8.0,4.0,15.69,25.59,2.0,1.0,3.92,6.4,5.0,2.5,9.8,16.0,0.0,0.0,0.0,0.0,6.0,3.0,11.76,19.2,2.0,1.0,3.92,6.4,27.45,66.67,-39.22,108.78,-20.0,-10.0,-39.22,11.25,5.63,0.4,0.43,0.5,0.22,0.67,0.33,0.4,0.5,0.89,0.73,9.8,0.0,0.12,3.92,0.2
2,新北國王,22|24,簡祐哲/蘇士軒,13,222,269.0,3743.02,62.38,62:23,287.92,4.8,04:48,111.0,8.54,41.26,64.06,115.0,8.85,42.75,66.36,110.0,8.46,40.89,63.48,43.0,3.31,15.99,24.81,66.0,5.08,24.54,38.09,31.0,2.38,11.52,17.89,44.0,3.38,16.36,25.39,12.0,0.92,4.46,6.92,24.0,1.85,8.92,13.85,15.0,1.15,5.58,8.66,23.0,1.77,8.55,13.27,47.0,3.62,17.47,27.12,14.0,1.08,5.2,8.08,42.0,3.23,15.61,24.24,18.0,1.38,6.69,10.39,19.0,1.46,7.06,10.96,6.0,0.46,2.23,3.46,6.0,0.46,2.23,3.46,30.0,2.31,11.15,17.31,33.0,2.54,12.27,19.04,41.26,42.75,-1.49,103.49,-4.0,-0.31,-1.49,62.38,4.8,0.45,0.46,0.47,0.27,0.62,0.13,0.44,0.35,0.77,0.56,2.23,2.23,0.11,12.27,0.22
2,新北國王,24|34,蘇士軒/沃許本,21,1093,1277.0,18403.98,306.73,306:44,876.38,14.61,14:36,607.0,28.9,47.53,71.24,612.0,29.14,47.92,71.83,492.0,23.43,38.53,57.74,235.0,11.19,18.4,27.58,303.0,14.43,23.73,35.56,168.0,8.0,13.16,19.72,189.0,9.0,14.8,22.18,67.0,3.19,5.25,7.86,89.0,4.24,6.97,10.45,67.0,3.19,5.25,7.86,70.0,3.33,5.48,8.22,192.0,9.14,15.04,22.53,74.0,3.52,5.79,8.69,187.0,8.9,14.64,21.95,88.0,4.19,6.89,10.33,115.0,5.48,9.01,13.5,50.0,2.38,3.92,5.87,19.0,0.9,1.49,2.23,97.0,4.62,7.6,11.38,82.0,3.9,6.42,9.62,47.53,47.92,-0.39,99.92,-5.0,-0.24,-0.39,306.73,14.61,0.55,0.57,0.55,0.35,0.75,0.14,0.49,0.27,0.72,0.5,3.92,1.49,0.08,6.42,0.18
2,新北國王,24|10874,蘇士軒/熊祥泰,19,382,438.0,6329.24,105.49,105:29,333.12,5.55,05:33,219.0,11.53,50.0,74.74,208.0,10.95,47.49,70.98,171.0,9.0,39.04,58.36,83.0,4.37,18.95,28.33,84.0,4.42,19.18,28.67,45.0,2.37,10.27,15.36,87.0,4.58,19.86,29.69,38.0,2.0,8.68,12.97,24.0,1.26,5.48,8.19,20.0,1.05,4.57,6.83,26.0,1.37,5.94,8.87,60.0,3.16,13.7,20.48,21.0,1.11,4.79,7.17,70.0,3.68,15.98,23.89,31.0,1.63,7.08,10.58,52.0,2.74,11.87,17.75,20.0,1.05,4.57,6.83,5.0,0.26,1.14,1.71,26.0,1.37,5.94,8.87,58.0,3.05,13.24,19.79,50.0,47.49,2.51,99.65,11.0,0.58,2.51,105.49,5.55,0.6,0.6,0.54,0.44,0.83,0.15,0.63,0.27,0.74,0.49,4.57,1.14,0.06,13.24,0.14
2,福爾摩沙夢想家,79|91,張宗憲/簡偉儒,8,235,287.0,4035.06,67.25,67:15,504.38,8.41,08:24,124.0,15.5,43.21,66.38,130.0,16.25,45.3,69.59,108.0,13.5,37.63,57.81,43.0,5.38,14.98,23.02,69.0,8.62,24.04,36.94,32.0,4.0,11.15,17.13,39.0,4.88,13.59,20.88,11.0,1.38,3.83,5.89,34.0,4.25,11.85,18.2,25.0,3.12,8.71,13.38,25.0,3.12,8.71,13.38,44.0,5.5,15.33,23.55,18.0,2.25,6.27,9.64,44.0,5.5,15.33,23.55,18.0,2.25,6.27,9.64,23.0,2.88,8.01,12.31,11.0,1.38,3.83,5.89,6.0,0.75,2.09,3.21,24.0,3.0,8.36,12.85,33.0,4.12,11.5,17.67,43.21,45.3,-2.09,102.42,-6.0,-0.75,-2.09,67.25,8.41,0.45,0.5,0.46,0.28,0.74,0.13,0.53,0.36,0.71,0.53,3.83,2.09,0.08,11.5,0.31
2,福爾摩沙夢想家,89|91,蔣淯安/簡偉儒,15,297,355.0,4965.07,82.75,82:45,331.0,5.52,05:31,151.0,10.07,42.54,65.69,146.0,9.73,41.13,63.52,127.0,8.47,35.77,55.25,52.0,3.47,14.65,22.62,72.0,4.8,20.28,31.32,40.0,2.67,11.27,17.4,55.0,3.67,15.49,23.93,12.0,0.8,3.38,5.22,44.0,2.93,12.39,19.14,35.0,2.33,9.86,15.23,27.0,1.8,7.61,11.75,53.0,3.53,14.93,23.06,25.0,1.67,7.04,10.88,50.0,3.33,14.08,21.75,28.0,1.87,7.89,12.18,31.0,2.07,8.73,13.49,12.0,0.8,3.38,5.22,6.0,0.4,1.69,2.61,32.0,2.13,9.01,13.92,38.0,2.53,10.7,16.53,42.54,41.13,1.41,102.96,5.0,0.33,1.41,82.75,5.52,0.46,0.52,0.56,0.22,0.8,0.16,0.6,0.35,0.68,0.52,3.38,1.69,0.09,10.7,0.35
2,福爾摩沙夢想家,91|101,簡偉儒/周柏臣,8,76,98.0,1308.3,21.8,21:48,163.54,2.73,02:44,34.0,4.25,34.69,56.13,48.0,6.0,48.98,79.25,32.0,4.0,32.65,52.83,11.0,1.38,11.22,18.16,17.0,2.12,17.35,28.07,7.0,0.88,7.14,11.56,15.0,1.88,15.31,24.77,4.0,0.5,4.08,6.6,13.0,1.62,13.27,21.46,8.0,1.0,8.16,13.21,6.0,0.75,6.12,9.91,14.0,1.75,14.29,23.11,9.0,1.12,9.18,14.86,14.0,1.75,14.29,23.11,9.0,1.12,9.18,14.86,9.0,1.12,9.18,14.86,3.0,0.38,3.06,4.95,2.0,0.25,2.04,3.3,10.0,1.25,10.2,16.51,8.0,1.0,8.16,13.21,34.69,48.98,-14.29,107.87,-14.0,-1.75,-14.29,21.8,2.73,0.41,0.45,0.41,0.27,0.62,0.19,0.82,0.3,0.61,0.47,3.06,2.04,0.1,8.16,0.41
2,福爾摩沙夢想家,83|86,吳家駿/林俊吉,4,81,104.0,1187.47,19.79,19:47,296.87,4.95,04:57,41.0,10.25,39.42,74.58,42.0,10.5,40.38,76.4,37.0,9.25,35.58,67.3,15.0,3.75,14.42,27.28,23.0,5.75,22.12,41.84,12.0,3.0,11.54,21.83,14.0,3.5,13.46,25.47,3.0,0.75,2.88,5.46,11.0,2.75,10.58,20.01,8.0,2.0,7.69,14.55,7.0,1.75,6.73,12.73,16.0,4.0,15.38,29.1,10.0,2.5,9.62,18.19,11.0,2.75,10.58,20.01,6.0,1.5,5.77,10.91,9.0,2.25,8.65,16.37,0.0,0.0,0.0,0.0,1.0,0.25,0.96,1.82,8.0,2.0,7.69,14.55,13.0,3.25,12.5,23.65,39.42,40.38,-0.96,126.12,-1.0,-0.25,-0.96,19.79,4.95,0.45,0.49,0.52,0.21,0.73,0.13,0.6,0.39,0.62,0.52,0.0,0.96,0.08,12.5,0.3
2,福爾摩沙夢想家,83|91,吳家駿/簡偉儒,11,198,248.0,3177.69,52.96,52:58,288.88,4.81,04:49,95.0,8.64,38.31,64.58,135.0,12.27,54.44,91.76,102.0,9.27,41.13,69.33,41.0,3.73,16.53,27.87,70.0,6.36,28.23,47.58,33.0,3.0,13.31,22.43,32.0,2.91,12.9,21.75,8.0,0.73,3.23,5.44,12.0,1.09,4.84,8.16,7.0,0.64,2.82,4.76,20.0,1.82,8.06,13.59,38.0,3.45,15.32,25.83,18.0,1.64,7.26,12.24,33.0,3.0,13.31,22.43,13.0,1.18,5.24,8.84,27.0,2.45,10.89,18.35,3.0,0.27,1.21,2.04,5.0,0.45,2.02,3.4,10.0,0.91,4.03,6.8,20.0,1.82,8.06,13.59,38.31,54.44,-16.13,112.38,-40.0,-3.64,-16.13,52.96,4.81,0.44,0.44,0.47,0.25,0.58,0.11,0.66,0.38,0.68,0.53,1.21,2.02,0.04,8.06,0.12
2,福爾摩沙夢想家,83|103,吳家駿/忻沃克,14,221,279.0,3463.07,57.72,57:43,247.36,4.12,04:07,111.0,7.93,39.78,69.23,123.0,8.79,44.09,76.72,104.0,7.43,37.28,64.87,42.0,3.0,15.05,26.2,56.0,4.0,20.07,34.93,26.0,1.86,9.32,16.22,48.0,3.43,17.2,29.94,16.0,1.14,5.73,9.98,23.0,1.64,8.24,14.35,14.0,1.0,5.02,8.73,23.0,1.64,8.24,14.35,43.0,3.07,15.41,26.82,21.0,1.5,7.53,13.1,38.0,2.71,13.62,23.7,20.0,1.43,7.17,12.47,31.0,2.21,11.11,19.34,9.0,0.64,3.23,5.61,5.0,0.36,1.79,3.12,23.0,1.64,8.24,14.35,35.0,2.5,12.54,21.83,39.78,44.09,-4.3,116.01,-12.0,-0.86,-4.3,57.72,4.12,0.48,0.49,0.46,0.33,0.61,0.15,0.74,0.38,0.67,0.53,3.23,1.79,0.08,12.54,0.22
2,福爾摩沙夢想家,83|106,吳家駿/高柏鎧,12,264,317.0,4335.66,72.26,72:16,361.3,6.02,06:01,130.0,10.83,41.01,64.77,162.0,13.5,51.1,80.71,132.0,11.0,41.64,65.76,52.0,4.33,16.4,25.91,77.0,6.42,24.29,38.36,34.0,2.83,10.73,16.94,55.0,4.58,17.35,27.4,18.0,1.5,5.68,8.97,26.0,2.17,8.2,12.95,18.0,1.5,5.68,8.97,25.0,2.08,7.89,12.45,55.0,4.58,17.35,27.4,14.0,1.17,4.42,6.97,47.0,3.92,14.83,23.42,19.0,1.58,5.99,9.47,28.0,2.33,8.83,13.95,8.0,0.67,2.52,3.99,3.0,0.25,0.95,1.49,25.0,2.08,7.89,12.45,26.0,2.17,8.2,12.95,41.01,51.1,-10.09,105.29,-32.0,-2.67,-10.09,72.26,6.02,0.46,0.45,0.44,0.33,0.69,0.12,0.54,0.35,0.8,0.57,2.52,0.95,0.08,8.2,0.2
2,福爾摩沙夢想家,83|89,吳家駿/蔣淯安,4,46,50.0,752.81,12.55,12:33,188.2,3.14,03:08,22.0,5.5,44.0,63.12,24.0,6.0,48.0,68.86,20.0,5.0,40.0,57.39,7.0,1.75,14.0,20.08,5.0,1.25,10.0,14.35,2.0,0.5,4.0,5.74,15.0,3.75,30.0,43.04,5.0,1.25,10.0,14.35,3.0,0.75,6.0,8.61,3.0,0.75,6.0,8.61,1.0,0.25,2.0,2.87,11.0,2.75,22.0,31.56,1.0,0.25,2.0,2.87,11.0,2.75,22.0,31.56,3.0,0.75,6.0,8.61,4.0,1.0,8.0,11.48,2.0,0.5,4.0,5.74,0.0,0.0,0.0,0.0,4.0,1.0,8.0,11.48,4.0,1.0,8.0,11.48,44.0,48.0,-4.0,95.64,-2.0,-0.5,-4.0,12.55,3.14,0.48,0.52,0.4,0.33,1.0,0.12,0.57,0.08,0.92,0.5,4.0,0.0,0.08,8.0,0.15
2,福爾摩沙夢想家,83|97,吳家駿/史承平,9,55,73.0,947.73,15.8,15:48,105.3,1.76,01:45,33.0,3.67,45.21,75.21,28.0,3.11,38.36,63.82,25.0,2.78,34.25,56.98,10.0,1.11,13.7,22.79,11.0,1.22,15.07,25.07,6.0,0.67,8.22,13.67,14.0,1.56,19.18,31.91,4.0,0.44,5.48,9.12,15.0,1.67,20.55,34.19,9.0,1.0,12.33,20.51,5.0,0.56,6.85,11.4,9.0,1.0,12.33,20.51,5.0,0.56,6.85,11.4,8.0,0.89,10.96,18.23,4.0,0.44,5.48,9.12,7.0,0.78,9.59,15.95,2.0,0.22,2.74,4.56,1.0,0.11,1.37,2.28,9.0,1.0,12.33,20.51,6.0,0.67,8.22,13.67,45.21,38.36,6.85,110.92,5.0,0.56,6.85,15.8,1.76,0.48,0.52,0.55,0.29,0.6,0.11,0.7,0.38,0.64,0.52,2.74,1.37,0.12,8.22,0.6
2,福爾摩沙夢想家,83|107,吳家駿/霍爾曼,11,198,250.0,3162.8,52.71,52:43,287.53,4.79,04:48,98.0,8.91,39.2,66.93,131.0,11.91,52.4,89.46,97.0,8.82,38.8,66.25,34.0,3.09,13.6,23.22,52.0,4.73,20.8,35.51,23.0,2.09,9.2,15.71,45.0,4.09,18.0,30.73,11.0,1.0,4.4,7.51,18.0,1.64,7.2,12.29,13.0,1.18,5.2,8.88,24.0,2.18,9.6,16.39,38.0,3.45,15.2,25.95,21.0,1.91,8.4,14.34,28.0,2.55,11.2,19.12,16.0,1.45,6.4,10.93,19.0,1.73,7.6,12.98,8.0,0.73,3.2,5.46,2.0,0.18,0.8,1.37,17.0,1.55,6.8,11.61,20.0,1.82,8.0,13.66,39.2,52.4,-13.2,113.82,-33.0,-3.0,-13.2,52.71,4.79,0.41,0.47,0.44,0.24,0.72,0.13,0.56,0.46,0.64,0.56,3.2,0.8,0.07,8.0,0.19
2,福爾摩沙夢想家,89|97,蔣淯安/史承平,5,47,58.0,740.09,12.33,12:20,148.02,2.47,02:28,19.0,3.8,32.76,55.45,27.0,5.4,46.55,78.8,17.0,3.4,29.31,49.62,6.0,1.2,10.34,17.51,8.0,1.6,13.79,23.35,5.0,1.0,8.62,14.59,9.0,1.8,15.52,26.27,1.0,0.2,1.72,2.92,6.0,1.2,10.34,17.51,6.0,1.2,10.34,17.51,4.0,0.8,6.9,11.67,7.0,1.4,12.07,20.43,2.0,0.4,3.45,5.84,7.0,1.4,12.07,20.43,8.0,1.6,13.79,23.35,1.0,0.2,1.72,2.92,5.0,1.0,8.62,14.59,0.0,0.0,0.0,0.0,2.0,0.4,3.45,5.84,4.0,0.8,6.9,11.67,32.76,46.55,-13.79,112.85,-8.0,-1.6,-13.79,12.33,2.47,0.38,0.48,0.62,0.11,1.0,0.29,0.17,0.36,0.78,0.55,8.62,0.0,0.03,6.9,0.35
2,福爾摩沙夢想家,83|99,吳家駿/盧冠良,9,105,133.0,1742.82,29.05,29:03,193.65,3.23,03:14,45.0,5.0,33.83,55.77,63.0,7.0,47.37,78.08,45.0,5.0,33.83,55.77,17.0,1.89,12.78,21.07,25.0,2.78,18.8,30.98,12.0,1.33,9.02,14.87,20.0,2.22,15.04,24.79,5.0,0.56,3.76,6.2,16.0,1.78,12.03,19.83,9.0,1.0,6.77,11.15,11.0,1.22,8.27,13.63,18.0,2.0,13.53,22.31,11.0,1.22,8.27,13.63,20.0,2.22,15.04,24.79,13.0,1.44,9.77,16.11,8.0,0.89,6.02,9.91,6.0,0.67,4.51,7.44,1.0,0.11,0.75,1.24,19.0,2.11,14.29,23.55,13.0,1.44,9.77,16.11,33.83,47.37,-13.53,109.89,-18.0,-2.0,-13.53,29.05,3.23,0.43,0.43,0.48,0.25,0.56,0.2,0.47,0.35,0.62,0.48,4.51,0.75,0.14,9.77,0.36
2,福爾摩沙夢想家,79|83,張宗憲/吳家駿,8,134,168.0,2142.46,35.71,35:42,267.81,4.46,04:28,70.0,8.75,41.67,70.57,96.0,12.0,57.14,96.79,69.0,8.62,41.07,69.56,26.0,3.25,15.48,26.21,44.0,5.5,26.19,44.36,20.0,2.5,11.9,20.16,25.0,3.12,14.88,25.2,6.0,0.75,3.57,6.05,13.0,1.62,7.74,13.11,7.0,0.88,4.17,7.06,15.0,1.88,8.93,15.12,30.0,3.75,17.86,30.25,12.0,1.5,7.14,12.1,21.0,2.62,12.5,21.17,6.0,0.75,3.57,6.05,14.0,1.75,8.33,14.11,4.0,0.5,2.38,4.03,1.0,0.12,0.6,1.01,10.0,1.25,5.95,10.08,12.0,1.5,7.14,12.1,41.67,57.14,-15.48,112.92,-26.0,-3.25,-15.48,35.71,4.46,0.42,0.47,0.45,0.24,0.54,0.07,0.54,0.42,0.71,0.58,2.38,0.6,0.06,7.14,0.19
2,新北國王,19|34,蘇培凱/沃許本,4,24,32.0,357.39,5.96,05:57,89.35,1.49,01:29,14.0,3.5,43.75,84.61,5.0,1.25,15.62,30.22,9.0,2.25,28.12,54.39,5.0,1.25,15.62,30.22,7.0,1.75,21.88,42.31,4.0,1.0,12.5,24.18,2.0,0.5,6.25,12.09,1.0,0.25,3.12,6.04,7.0,1.75,21.88,42.31,3.0,0.75,9.38,18.13,4.0,1.0,12.5,24.18,3.0,0.75,9.38,18.13,2.0,0.5,6.25,12.09,8.0,2.0,25.0,48.35,4.0,1.0,12.5,24.18,3.0,0.75,9.38,18.13,2.0,0.5,6.25,12.09,0.0,0.0,0.0,0.0,5.0,1.25,15.62,30.22,1.0,0.25,3.12,6.04,43.75,15.62,28.12,128.93,9.0,2.25,28.12,5.96,1.49,0.61,0.58,0.57,0.5,0.43,0.25,0.6,0.33,0.6,0.41,6.25,0.0,0.16,3.12,0.78
2,新北國王,22|23,簡祐哲/王柏智,9,87,111.0,1466.97,24.45,24:27,163.0,2.72,02:43,39.0,4.33,35.14,57.42,35.0,3.89,31.53,51.53,39.0,4.33,35.14,57.42,14.0,1.56,12.61,20.61,15.0,1.67,13.51,22.09,8.0,0.89,7.21,11.78,24.0,2.67,21.62,35.34,6.0,0.67,5.41,8.83,10.0,1.11,9.01,14.72,5.0,0.56,4.5,7.36,8.0,0.89,7.21,11.78,21.0,2.33,18.92,30.92,13.0,1.44,11.71,19.14,20.0,2.22,18.02,29.45,5.0,0.56,4.5,7.36,7.0,0.78,6.31,10.31,3.0,0.33,2.7,4.42,4.0,0.44,3.6,5.89,10.0,1.11,9.01,14.72,10.0,1.11,9.01,14.72,35.14,31.53,3.6,108.96,4.0,0.44,3.6,24.45,2.72,0.44,0.45,0.53,0.25,0.5,0.1,0.5,0.29,0.62,0.47,2.7,3.6,0.09,9.01,0.26
2,新北國王,23|29,王柏智/林書緯,12,131,153.0,2144.09,35.73,35:44,178.67,2.98,02:59,58.0,4.83,37.91,58.43,74.0,6.17,48.37,74.55,60.0,5.0,39.22,60.45,22.0,1.83,14.38,22.16,29.0,2.42,18.95,29.22,16.0,1.33,10.46,16.12,31.0,2.58,20.26,31.23,6.0,0.5,3.92,6.04,11.0,0.92,7.19,11.08,8.0,0.67,5.23,8.06,7.0,0.58,4.58,7.05,30.0,2.5,19.61,30.22,11.0,0.92,7.19,11.08,22.0,1.83,14.38,22.16,9.0,0.75,5.88,9.07,10.0,0.83,6.54,10.07,6.0,0.5,3.92,6.04,4.0,0.33,2.61,4.03,8.0,0.67,5.23,8.06,21.0,1.75,13.73,21.16,37.91,48.37,-10.46,102.76,-16.0,-1.33,-10.46,35.73,2.98,0.42,0.45,0.55,0.19,0.73,0.12,0.45,0.24,0.73,0.53,3.92,2.61,0.05,13.73,0.18
2,新北國王,23|10872,王柏智/林彥廷,14,172,215.0,2847.88,47.46,47:28,203.42,3.39,03:23,94.0,6.71,43.72,71.3,100.0,7.14,46.51,75.85,78.0,5.57,36.28,59.16,34.0,2.43,15.81,25.79,41.0,2.93,19.07,31.1,24.0,1.71,11.16,18.2,37.0,2.64,17.21,28.06,10.0,0.71,4.65,7.58,25.0,1.79,11.63,18.96,17.0,1.21,7.91,12.89,14.0,1.0,6.51,10.62,33.0,2.36,15.35,25.03,19.0,1.36,8.84,14.41,27.0,1.93,12.56,20.48,12.0,0.86,5.58,9.1,18.0,1.29,8.37,13.65,8.0,0.57,3.72,6.07,3.0,0.21,1.4,2.28,21.0,1.5,9.77,15.93,24.0,1.71,11.16,18.2,43.72,46.51,-2.79,108.71,-6.0,-0.43,-2.79,47.46,3.39,0.5,0.53,0.59,0.27,0.68,0.12,0.53,0.34,0.63,0.51,3.72,1.4,0.1,11.16,0.32
2,新北國王,23|10876,王柏智/尚迪,4,42,55.0,684.73,11.41,11:25,171.18,2.85,02:51,17.0,4.25,30.91,53.63,19.0,4.75,34.55,59.94,18.0,4.5,32.73,56.78,6.0,1.5,10.91,18.93,7.0,1.75,12.73,22.08,3.0,0.75,5.45,9.46,11.0,2.75,20.0,34.7,3.0,0.75,5.45,9.46,4.0,1.0,7.27,12.62,2.0,0.5,3.64,6.31,3.0,0.75,5.45,9.46,9.0,2.25,16.36,28.39,8.0,2.0,14.55,25.24,8.0,2.0,14.55,25.24,3.0,0.75,5.45,9.46,3.0,0.75,5.45,9.46,3.0,0.75,5.45,9.46,3.0,0.75,5.45,9.46,4.0,1.0,7.27,12.62,6.0,1.5,10.91,18.93,30.91,34.55,-3.64,115.67,-2.0,-0.5,-3.64,11.41,2.85,0.42,0.43,0.43,0.27,0.5,0.13,0.5,0.27,0.53,0.43,5.45,5.45,0.07,10.91,0.22
2,福爾摩沙夢想家,91|99,簡偉儒/盧冠良,3,82,97.0,1288.32,21.47,21:28,429.44,7.16,07:09,54.0,18.0,55.67,90.54,44.0,14.67,45.36,73.77,40.0,13.33,41.24,67.06,18.0,6.0,18.56,30.18,19.0,6.33,19.59,31.86,9.0,3.0,9.28,15.09,21.0,7.0,21.65,35.21,9.0,3.0,9.28,15.09,9.0,3.0,9.28,15.09,7.0,2.33,7.22,11.74,11.0,3.67,11.34,18.44,13.0,4.33,13.4,21.8,4.0,1.33,4.12,6.71,17.0,5.67,17.53,28.5,5.0,1.67,5.15,8.38,12.0,4.0,12.37,20.12,0.0,0.0,0.0,0.0,1.0,0.33,1.03,1.68,8.0,2.67,8.25,13.41,8.0,2.67,8.25,13.41,55.67,45.36,10.31,108.42,10.0,3.33,10.31,21.47,7.16,0.56,0.61,0.47,0.43,0.78,0.1,0.67,0.39,0.76,0.53,0.0,1.03,0.08,8.25,0.22
2,新北國王,23|28,王柏智/呂政儒,9,90,107.0,1655.09,27.58,27:35,183.9,3.06,03:04,59.0,6.56,55.14,77.0,49.0,5.44,45.79,63.95,50.0,5.56,46.73,65.25,24.0,2.67,22.43,31.32,22.0,2.44,20.56,28.71,14.0,1.56,13.08,18.27,28.0,3.11,26.17,36.54,10.0,1.11,9.35,13.05,1.0,0.11,0.93,1.31,0.0,0.0,0.0,0.0,10.0,1.11,9.35,13.05,17.0,1.89,15.89,22.19,4.0,0.44,3.74,5.22,18.0,2.0,16.82,23.49,4.0,0.44,3.74,5.22,11.0,1.22,10.28,14.36,3.0,0.33,2.8,3.92,3.0,0.33,2.8,3.92,4.0,0.44,3.74,5.22,15.0,1.67,14.02,19.58,55.14,45.79,9.35,93.09,10.0,1.11,9.35,27.58,3.06,0.58,0.58,0.64,0.36,0.0,0.07,0.46,0.36,0.81,0.55,2.8,2.8,0.04,14.02,0.02
2,新北國王,24|28,蘇士軒/呂政儒,16,217,247.0,3243.84,54.06,54:04,202.74,3.38,03:23,122.0,7.62,49.39,81.24,127.0,7.94,51.42,84.57,87.0,5.44,35.22,57.93,48.0,3.0,19.43,31.96,46.0,2.88,18.62,30.63,29.0,1.81,11.74,19.31,41.0,2.56,16.6,27.3,19.0,1.19,7.69,12.65,14.0,0.88,5.67,9.32,7.0,0.44,2.83,4.66,9.0,0.56,3.64,5.99,34.0,2.12,13.77,22.64,13.0,0.81,5.26,8.66,34.0,2.12,13.77,22.64,24.0,1.5,9.72,15.98,33.0,2.06,13.36,21.97,15.0,0.94,6.07,9.99,1.0,0.06,0.4,0.67,20.0,1.25,8.1,13.32,31.0,1.94,12.55,20.64,49.39,51.42,-2.02,109.65,-5.0,-0.31,-2.02,54.06,3.38,0.66,0.65,0.63,0.46,0.5,0.2,0.69,0.21,0.72,0.48,6.07,0.4,0.08,12.55,0.16
2,新北國王,25|10872,林金榜/林彥廷,17,293,355.0,4554.2,75.9,75:54,267.89,4.46,04:28,148.0,8.71,41.69,70.19,135.0,7.94,38.03,64.03,120.0,7.06,33.8,56.91,50.0,2.94,14.08,23.71,68.0,4.0,19.15,32.25,34.0,2.0,9.58,16.13,52.0,3.06,14.65,24.66,16.0,0.94,4.51,7.59,45.0,2.65,12.68,21.34,33.0,1.94,9.3,15.65,24.0,1.41,6.76,11.38,52.0,3.06,14.65,24.66,27.0,1.59,7.61,12.81,60.0,3.53,16.9,28.46,26.0,1.53,7.32,12.33,34.0,2.0,9.58,16.13,18.0,1.06,5.07,8.54,5.0,0.29,1.41,2.37,38.0,2.24,10.7,18.02,38.0,2.24,10.7,18.02,41.69,38.03,3.66,112.25,13.0,0.76,3.66,75.9,4.46,0.48,0.53,0.5,0.31,0.73,0.16,0.68,0.29,0.66,0.47,5.07,1.41,0.11,10.7,0.38
2,新北國王,25|10873,林金榜/喬納森,4,29,33.0,396.02,6.6,06:36,99.0,1.65,01:39,11.0,2.75,33.33,60.0,15.0,3.75,45.45,81.81,8.0,2.0,24.24,43.63,3.0,0.75,9.09,16.36,3.0,0.75,9.09,16.36,2.0,0.5,6.06,10.91,5.0,1.25,15.15,27.27,1.0,0.25,3.03,5.45,6.0,1.5,18.18,32.73,5.0,1.25,15.15,27.27,1.0,0.25,3.03,5.45,4.0,1.0,12.12,21.82,2.0,0.5,6.06,10.91,3.0,0.75,9.09,16.36,4.0,1.0,12.12,21.82,2.0,0.5,6.06,10.91,4.0,1.0,12.12,21.82,0.0,0.0,0.0,0.0,1.0,0.25,3.03,5.45,6.0,1.5,18.18,32.73,33.33,45.45,-12.12,119.99,-4.0,-1.0,-12.12,6.6,1.65,0.44,0.52,0.67,0.2,0.83,0.27,0.67,0.25,0.67,0.5,12.12,0.0,0.03,18.18,0.75
2,新北國王,25|10874,林金榜/熊祥泰,8,62,70.0,965.08,16.08,16:05,120.63,2.01,02:01,34.0,4.25,48.57,76.1,35.0,4.38,50.0,78.34,23.0,2.88,32.86,51.48,9.0,1.12,12.86,20.14,9.0,1.12,12.86,20.14,3.0,0.38,4.29,6.71,14.0,1.75,20.0,31.33,6.0,0.75,8.57,13.43,14.0,1.75,20.0,31.33,10.0,1.25,14.29,22.38,4.0,0.5,5.71,8.95,10.0,1.25,14.29,22.38,4.0,0.5,5.71,8.95,12.0,1.5,17.14,26.86,7.0,0.88,10.0,15.67,7.0,0.88,10.0,15.67,6.0,0.75,8.57,13.43,1.0,0.12,1.43,2.24,5.0,0.62,7.14,11.19,17.0,2.12,24.29,38.05,48.57,50.0,-1.43,104.45,-1.0,-0.12,-1.43,16.08,2.01,0.52,0.58,0.33,0.43,0.71,0.19,0.78,0.25,0.71,0.47,8.57,1.43,0.07,24.29,0.61
2,新北國王,10872|10873,林彥廷/喬納森,15,297,358.0,4608.88,76.81,76:49,307.26,5.12,05:07,184.0,12.27,51.4,86.23,155.0,10.33,43.3,72.64,130.0,8.67,36.31,60.93,62.0,4.13,17.32,29.06,70.0,4.67,19.55,32.81,35.0,2.33,9.78,16.4,60.0,4.0,16.76,28.12,27.0,1.8,7.54,12.65,52.0,3.47,14.53,24.37,34.0,2.27,9.5,15.93,25.0,1.67,6.98,11.72,51.0,3.4,14.25,23.9,22.0,1.47,6.15,10.31,44.0,2.93,12.29,20.62,18.0,1.2,5.03,8.44,40.0,2.67,11.17,18.75,11.0,0.73,3.07,5.16,3.0,0.2,0.84,1.41,37.0,2.47,10.34,17.34,45.0,3.0,12.57,21.09,51.4,43.3,8.1,111.85,29.0,1.93,8.1,76.81,5.12,0.58,0.6,0.5,0.45,0.65,0.11,0.65,0.36,0.7,0.54,3.07,0.84,0.1,12.57,0.4
2,新北國王,10873|10874,喬納森/熊祥泰,15,258,306.0,4024.04,67.07,67:04,268.27,4.47,04:28,150.0,10.0,49.02,80.52,134.0,8.93,43.79,71.93,115.0,7.67,37.58,61.73,52.0,3.47,16.99,27.91,56.0,3.73,18.3,30.06,29.0,1.93,9.48,15.57,59.0,3.93,19.28,31.67,23.0,1.53,7.52,12.35,29.0,1.93,9.48,15.57,23.0,1.53,7.52,12.35,18.0,1.2,5.88,9.66,46.0,3.07,15.03,24.69,16.0,1.07,5.23,8.59,47.0,3.13,15.36,25.23,19.0,1.27,6.21,10.2,38.0,2.53,12.42,20.4,11.0,0.73,3.59,5.9,0.0,0.0,0.0,0.0,28.0,1.87,9.15,15.03,44.0,2.93,14.38,23.62,49.02,43.79,5.23,109.5,16.0,1.07,5.23,67.07,4.47,0.55,0.59,0.52,0.39,0.79,0.13,0.73,0.28,0.74,0.5,3.59,0.0,0.09,14.38,0.25
2,新北國王,10873|10875,喬納森/傑登,6,109,141.0,1594.05,26.57,26:34,265.67,4.43,04:26,54.0,9.0,38.3,73.17,65.0,10.83,46.1,88.08,47.0,7.83,33.33,63.69,19.0,3.17,13.48,25.75,31.0,5.17,21.99,42.01,15.0,2.5,10.64,20.33,16.0,2.67,11.35,21.68,4.0,0.67,2.84,5.42,24.0,4.0,17.02,32.52,14.0,2.33,9.93,18.97,11.0,1.83,7.8,14.91,21.0,3.5,14.89,28.46,13.0,2.17,9.22,17.62,12.0,2.0,8.51,16.26,11.0,1.83,7.8,14.91,11.0,1.83,7.8,14.91,7.0,1.17,4.96,9.49,1.0,0.17,0.71,1.36,12.0,2.0,8.51,16.26,19.0,3.17,13.48,25.75,38.3,46.1,-7.8,127.37,-11.0,-1.83,-7.8,26.57,4.43,0.45,0.47,0.48,0.25,0.58,0.16,0.58,0.48,0.62,0.56,4.96,0.71,0.09,13.48,0.51
2,新北國王,19|23,蘇培凱/王柏智,10,126,161.0,1951.65,32.53,32:32,195.16,3.25,03:15,56.0,5.6,34.78,61.98,50.0,5.0,31.06,55.34,58.0,5.8,36.02,64.19,21.0,2.1,13.04,23.24,25.0,2.5,15.53,27.67,16.0,1.6,9.94,17.71,33.0,3.3,20.5,36.52,5.0,0.5,3.11,5.53,23.0,2.3,14.29,25.46,9.0,0.9,5.59,9.96,17.0,1.7,10.56,18.81,29.0,2.9,18.01,32.1,13.0,1.3,8.07,14.39,24.0,2.4,14.91,26.56,13.0,1.3,8.07,14.39,11.0,1.1,6.83,12.17,10.0,1.0,6.21,11.07,2.0,0.2,1.24,2.21,9.0,0.9,5.59,9.96,16.0,1.6,9.94,17.71,34.78,31.06,3.73,118.79,6.0,0.6,3.73,32.53,3.25,0.41,0.41,0.64,0.15,0.39,0.16,0.52,0.41,0.69,0.55,6.21,1.24,0.06,9.94,0.4
2,新北國王,19|25,蘇培凱/林金榜,2,10,11.0,163.62,2.73,02:44,81.81,1.36,01:22,5.0,2.5,45.45,66.01,5.0,2.5,45.45,66.01,2.0,1.0,18.18,26.4,1.0,0.5,9.09,13.2,1.0,0.5,9.09,13.2,1.0,0.5,9.09,13.2,1.0,0.5,9.09,13.2,0.0,0.0,0.0,0.0,4.0,2.0,36.36,52.81,3.0,1.5,27.27,39.6,0.0,0.0,0.0,0.0,1.0,0.5,9.09,13.2,1.0,0.5,9.09,13.2,1.0,0.5,9.09,13.2,1.0,0.5,9.09,13.2,1.0,0.5,9.09,13.2,1.0,0.5,9.09,13.2,0.0,0.0,0.0,0.0,1.0,0.5,9.09,13.2,1.0,0.5,9.09,13.2,45.45,45.45,0.0,96.81,0.0,0.0,0.0,2.73,1.36,0.5,0.66,1.0,0.0,0.75,0.21,1.0,0.0,0.5,0.33,9.09,0.0,0.09,9.09,2.0
2,新北國王,19|10872,蘇培凱/林彥廷,4,47,60.0,741.16,12.35,12:21,185.29,3.09,03:05,20.0,5.0,33.33,58.29,19.0,4.75,31.67,55.37,17.0,4.25,28.33,49.54,6.0,1.5,10.0,17.49,8.0,2.0,13.33,23.31,5.0,1.25,8.33,14.57,9.0,2.25,15.0,26.23,1.0,0.25,1.67,2.91,14.0,3.5,23.33,40.8,7.0,1.75,11.67,20.4,6.0,1.5,10.0,17.49,10.0,2.5,16.67,29.14,3.0,0.75,5.0,8.74,7.0,1.75,11.67,20.4,7.0,1.75,11.67,20.4,3.0,0.75,5.0,8.74,4.0,1.0,6.67,11.66,1.0,0.25,1.67,2.91,6.0,1.5,10.0,17.49,6.0,1.5,10.0,17.49,33.33,31.67,1.67,116.57,1.0,0.25,1.67,12.35,3.09,0.38,0.43,0.62,0.11,0.5,0.23,0.5,0.46,0.77,0.62,6.67,1.67,0.1,10.0,0.82
2,新北國王,19|10873,蘇培凱/喬納森,12,139,179.0,2123.99,35.4,35:24,177.0,2.95,02:57,65.0,5.42,36.31,66.1,60.0,5.0,33.52,61.02,59.0,4.92,32.96,60.0,22.0,1.83,12.29,22.37,27.0,2.25,15.08,27.46,16.0,1.33,8.94,16.27,32.0,2.67,17.88,32.54,6.0,0.5,3.35,6.1,31.0,2.58,17.32,31.53,13.0,1.08,7.26,13.22,18.0,1.5,10.06,18.31,29.0,2.42,16.2,29.49,14.0,1.17,7.82,14.24,29.0,2.42,16.2,29.49,16.0,1.33,8.94,16.27,12.0,1.0,6.7,12.2,12.0,1.0,6.7,12.2,1.0,0.08,0.56,1.02,15.0,1.25,8.38,15.25,18.0,1.5,10.06,18.31,36.31,33.52,2.79,121.36,5.0,0.42,2.79,35.4,2.95,0.42,0.45,0.59,0.19,0.42,0.18,0.55,0.38,0.67,0.52,6.7,0.56,0.08,10.06,0.53
2,新北國王,23|25,王柏智/林金榜,3,16,17.0,261.05,4.35,04:21,87.02,1.45,01:27,7.0,2.33,41.18,57.92,7.0,2.33,41.18,57.92,5.0,1.67,29.41,41.37,2.0,0.67,11.76,16.55,3.0,1.0,17.65,24.82,2.0,0.67,11.76,16.55,2.0,0.67,11.76,16.55,0.0,0.0,0.0,0.0,4.0,1.33,23.53,33.1,3.0,1.0,17.65,24.82,0.0,0.0,0.0,0.0,3.0,1.0,17.65,24.82,1.0,0.33,5.88,8.27,2.0,0.67,11.76,16.55,1.0,0.33,5.88,8.27,2.0,0.67,11.76,16.55,1.0,0.33,5.88,8.27,0.0,0.0,0.0,0.0,2.0,0.67,11.76,16.55,1.0,0.33,5.88,8.27,41.18,41.18,0.0,93.78,0.0,0.0,0.0,4.35,1.45,0.4,0.52,0.67,0.0,0.75,0.13,1.0,0.0,0.75,0.5,5.88,0.0,0.12,5.88,0.8
2,新北國王,23|10873,王柏智/喬納森,12,130,165.0,1985.55,33.09,33:06,165.46,2.76,02:45,56.0,4.67,33.94,60.92,57.0,4.75,34.55,62.01,56.0,4.67,33.94,60.92,20.0,1.67,12.12,21.76,22.0,1.83,13.33,23.93,13.0,1.08,7.88,14.14,34.0,2.83,20.61,36.99,7.0,0.58,4.24,7.62,24.0,2.0,14.55,26.11,9.0,0.75,5.45,9.79,14.0,1.17,8.48,15.23,31.0,2.58,18.79,33.72,14.0,1.17,8.48,15.23,23.0,1.92,13.94,25.02,13.0,1.08,7.88,14.14,11.0,0.92,6.67,11.97,10.0,0.83,6.06,10.88,0.0,0.0,0.0,0.0,13.0,1.08,7.88,14.14,19.0,1.58,11.52,20.67,33.94,34.55,-0.61,119.66,-1.0,-0.08,-0.61,33.09,2.76,0.42,0.42,0.59,0.21,0.38,0.16,0.55,0.38,0.69,0.55,6.06,0.0,0.08,11.52,0.43
2,高雄全家海神,45|110,施晉堯/胡瓏貿,28,1407,1666.0,23406.89,390.11,390:07,835.96,13.93,13:56,742.0,26.5,44.54,68.47,777.0,27.75,46.64,71.7,610.0,21.79,36.61,56.29,269.0,9.61,16.15,24.82,339.0,12.11,20.35,31.28,174.0,6.21,10.44,16.06,271.0,9.68,16.27,25.01,95.0,3.39,5.7,8.77,148.0,5.29,8.88,13.66,109.0,3.89,6.54,10.06,100.0,3.57,6.0,9.23,253.0,9.04,15.19,23.35,94.0,3.36,5.64,8.67,244.0,8.71,14.65,22.52,135.0,4.82,8.1,12.46,158.0,5.64,9.48,14.58,73.0,2.61,4.38,6.74,23.0,0.82,1.38,2.12,157.0,5.61,9.42,14.49,163.0,5.82,9.78,15.04,44.54,46.64,-2.1,102.49,-35.0,-1.25,-2.1,390.11,13.93,0.52,0.55,0.51,0.35,0.74,0.17,0.59,0.29,0.73,0.51,4.38,1.38,0.09,9.78,0.24
2,高雄全家海神,45|118,施晉堯/蘇文儒,19,1280,1510.0,21651.36,360.86,360:51,1139.55,18.99,19:00,678.0,35.68,44.9,67.64,704.0,37.05,46.62,70.23,564.0,29.68,37.35,56.27,250.0,13.16,16.56,24.94,320.0,16.84,21.19,31.92,170.0,8.95,11.26,16.96,244.0,12.84,16.16,24.34,80.0,4.21,5.3,7.98,140.0,7.37,9.27,13.97,97.0,5.11,6.42,9.68,88.0,4.63,5.83,8.78,247.0,13.0,16.36,24.64,89.0,4.68,5.89,8.88,221.0,11.63,14.64,22.05,106.0,5.58,7.02,10.57,141.0,7.42,9.34,14.07,64.0,3.37,4.24,6.38,24.0,1.26,1.59,2.39,136.0,7.16,9.01,13.57,145.0,7.63,9.6,14.47,44.9,46.62,-1.72,100.43,-26.0,-1.37,-1.72,360.86,18.99,0.51,0.54,0.53,0.33,0.69,0.14,0.56,0.28,0.74,0.52,4.24,1.59,0.09,9.6,0.25
2,高雄全家海神,45|121,施晉堯/吳曉謹,20,540,637.0,8848.47,147.47,147:28,442.42,7.37,07:22,254.0,12.7,39.87,62.0,322.0,16.1,50.55,78.6,237.0,11.85,37.21,57.85,90.0,4.5,14.13,21.97,124.0,6.2,19.47,30.27,56.0,2.8,8.79,13.67,113.0,5.65,17.74,27.58,34.0,1.7,5.34,8.3,60.0,3.0,9.42,14.65,40.0,2.0,6.28,9.76,39.0,1.95,6.12,9.52,114.0,5.7,17.9,27.83,33.0,1.65,5.18,8.06,90.0,4.5,14.13,21.97,48.0,2.4,7.54,11.72,57.0,2.85,8.95,13.91,25.0,1.25,3.92,6.1,6.0,0.3,0.94,1.46,58.0,2.9,9.11,14.16,58.0,2.9,9.11,14.16,39.87,50.55,-10.68,103.67,-68.0,-3.4,-10.68,147.47,7.37,0.45,0.48,0.45,0.3,0.67,0.15,0.63,0.3,0.78,0.55,3.92,0.94,0.09,9.11,0.25
2,高雄全家海神,45|10893,施晉堯/崔維斯,4,224,264.0,3732.05,62.2,62:12,933.01,15.55,15:33,110.0,27.5,41.67,63.66,122.0,30.5,46.21,70.61,102.0,25.5,38.64,59.03,38.0,9.5,14.39,21.99,58.0,14.5,21.97,33.57,22.0,5.5,8.33,12.73,44.0,11.0,16.67,25.47,16.0,4.0,6.06,9.26,27.0,6.75,10.23,15.63,20.0,5.0,7.58,11.58,16.0,4.0,6.06,9.26,50.0,12.5,18.94,28.94,11.0,2.75,4.17,6.37,39.0,9.75,14.77,22.57,14.0,3.5,5.3,8.1,19.0,4.75,7.2,11.0,5.0,1.25,1.89,2.89,5.0,1.25,1.89,2.89,28.0,7.0,10.61,16.21,35.0,8.75,13.26,20.26,41.67,46.21,-4.55,101.86,-12.0,-3.0,-4.55,62.2,15.55,0.45,0.48,0.38,0.36,0.74,0.11,0.5,0.29,0.82,0.57,1.89,1.89,0.11,13.26,0.26
2,高雄全家海神,110|10893,胡瓏貿/崔維斯,3,199,239.0,3205.8,53.43,53:26,1068.6,17.81,17:49,107.0,35.67,44.77,72.09,109.0,36.33,45.61,73.44,84.0,28.0,35.15,56.6,34.0,11.33,14.23,22.91,41.0,13.67,17.15,27.62,20.0,6.67,8.37,13.48,43.0,14.33,17.99,28.97,14.0,4.67,5.86,9.43,36.0,12.0,15.06,24.26,25.0,8.33,10.46,16.84,16.0,5.33,6.69,10.78,41.0,13.67,17.15,27.62,11.0,3.67,4.6,7.41,33.0,11.0,13.81,22.23,15.0,5.0,6.28,10.11,17.0,5.67,7.11,11.45,8.0,2.67,3.35,5.39,1.0,0.33,0.42,0.67,23.0,7.67,9.62,15.5,48.0,16.0,20.08,32.34,44.77,45.61,-0.84,107.36,-2.0,-0.67,-0.84,53.43,17.81,0.49,0.54,0.49,0.33,0.69,0.13,0.5,0.33,0.79,0.56,3.35,0.42,0.1,20.08,0.43
2,高雄全家海神,118|10893,蘇文儒/崔維斯,4,243,289.0,4056.91,67.62,67:37,1014.23,16.9,16:54,143.0,35.75,49.48,76.14,115.0,28.75,39.79,61.23,104.0,26.0,35.99,55.37,47.0,11.75,16.26,25.02,53.0,13.25,18.34,28.22,28.0,7.0,9.69,14.91,51.0,12.75,17.65,27.15,19.0,4.75,6.57,10.12,37.0,9.25,12.8,19.7,32.0,8.0,11.07,17.04,16.0,4.0,5.54,8.52,43.0,10.75,14.88,22.89,17.0,4.25,5.88,9.05,45.0,11.25,15.57,23.96,19.0,4.75,6.57,10.12,21.0,5.25,7.27,11.18,10.0,2.5,3.46,5.32,4.0,1.0,1.38,2.13,30.0,7.5,10.38,15.97,37.0,9.25,12.8,19.7,49.48,39.79,9.69,102.58,28.0,7.0,9.69,67.62,16.9,0.54,0.59,0.53,0.37,0.86,0.14,0.45,0.26,0.72,0.49,3.46,1.38,0.1,12.8,0.36
2,高雄全家海神,121|10893,吳曉謹/崔維斯,4,217,260.0,4222.18,70.37,70:22,1055.55,17.59,17:36,103.0,25.75,39.62,52.69,118.0,29.5,45.38,60.37,97.0,24.25,37.31,49.62,38.0,9.5,14.62,19.44,52.0,13.0,20.0,26.6,22.0,5.5,8.46,11.25,45.0,11.25,17.31,23.02,16.0,4.0,6.15,8.19,20.0,5.0,7.69,10.23,11.0,2.75,4.23,5.63,16.0,4.0,6.15,8.19,47.0,11.75,18.08,24.04,9.0,2.25,3.46,4.6,34.0,8.5,13.08,17.39,21.0,5.25,8.08,10.74,20.0,5.0,7.69,10.23,9.0,2.25,3.46,4.6,2.0,0.5,0.77,1.02,23.0,5.75,8.85,11.77,41.0,10.25,15.77,20.97,39.62,45.38,-5.77,88.67,-15.0,-3.75,-5.77,70.37,17.59,0.47,0.49,0.42,0.36,0.55,0.17,0.53,0.32,0.84,0.59,3.46,0.77,0.09,15.77,0.21
2,高雄全家海神,45|109,施晉堯/于煥亞,14,493,581.0,7513.47,125.22,125:13,536.68,8.94,08:57,262.0,18.71,45.09,75.32,286.0,20.43,49.23,82.22,207.0,14.79,35.63,59.51,89.0,6.36,15.32,25.59,115.0,8.21,19.79,33.06,56.0,4.0,9.64,16.1,92.0,6.57,15.83,26.45,33.0,2.36,5.68,9.49,63.0,4.5,10.84,18.11,49.0,3.5,8.43,14.09,31.0,2.21,5.34,8.91,87.0,6.21,14.97,25.01,38.0,2.71,6.54,10.92,71.0,5.07,12.22,20.41,41.0,2.93,7.06,11.79,55.0,3.93,9.47,15.81,28.0,2.0,4.82,8.05,13.0,0.93,2.24,3.74,49.0,3.5,8.43,14.09,72.0,5.14,12.39,20.7,45.09,49.23,-4.13,111.35,-24.0,-1.71,-4.13,125.22,8.94,0.51,0.56,0.49,0.36,0.78,0.15,0.62,0.3,0.7,0.52,4.82,2.24,0.08,12.39,0.3
2,高雄全家海神,45|10894,施晉堯/凱帝,11,676,793.0,11202.21,186.7,186:42,1018.38,16.97,16:58,362.0,32.91,45.65,69.8,363.0,33.0,45.78,69.99,270.0,24.55,34.05,52.06,128.0,11.64,16.14,24.68,151.0,13.73,19.04,29.12,85.0,7.73,10.72,16.39,119.0,10.82,15.01,22.95,43.0,3.91,5.42,8.29,88.0,8.0,11.1,16.97,62.0,5.64,7.82,11.95,34.0,3.09,4.29,6.56,120.0,10.91,15.13,23.14,53.0,4.82,6.68,10.22,124.0,11.27,15.64,23.91,63.0,5.73,7.94,12.15,80.0,7.27,10.09,15.43,35.0,3.18,4.41,6.75,7.0,0.64,0.88,1.35,87.0,7.91,10.97,16.78,68.0,6.18,8.58,13.11,45.65,45.78,-0.13,101.94,-1.0,-0.09,-0.13,186.7,16.97,0.55,0.59,0.56,0.36,0.7,0.17,0.62,0.22,0.69,0.47,4.41,0.88,0.11,8.58,0.33
2,高雄全家海神,45|123,施晉堯/勤明慶,8,86,99.0,1310.92,21.85,21:51,163.87,2.73,02:44,49.0,6.12,49.49,80.74,45.0,5.62,45.45,74.15,32.0,4.0,32.32,52.73,15.0,1.88,15.15,24.72,16.0,2.0,16.16,26.36,7.0,0.88,7.07,11.53,16.0,2.0,16.16,26.36,8.0,1.0,8.08,13.18,12.0,1.5,12.12,19.77,8.0,1.0,8.08,13.18,7.0,0.88,7.07,11.53,11.0,1.38,11.11,18.12,2.0,0.25,2.02,3.3,14.0,1.75,14.14,23.07,10.0,1.25,10.1,16.48,13.0,1.62,13.13,21.42,7.0,0.88,7.07,11.53,3.0,0.38,3.03,4.94,8.0,1.0,8.08,13.18,15.0,1.88,15.15,24.72,49.49,45.45,4.04,108.75,4.0,0.5,4.04,21.85,2.73,0.59,0.66,0.44,0.5,0.67,0.21,0.87,0.33,0.85,0.53,7.07,3.03,0.08,15.15,0.38
2,高雄全家海神,123|10894,勤明慶/凱帝,3,63,74.0,1025.82,17.1,17:06,341.94,5.7,05:42,28.0,9.33,37.84,58.96,32.0,10.67,43.24,67.38,28.0,9.33,37.84,58.96,8.0,2.67,10.81,16.85,19.0,6.33,25.68,40.01,2.0,0.67,2.7,4.21,9.0,3.0,12.16,18.95,6.0,2.0,8.11,12.63,6.0,2.0,8.11,12.63,5.0,1.67,6.76,10.53,6.0,2.0,8.11,12.63,15.0,5.0,20.27,31.58,3.0,1.0,4.05,6.32,10.0,3.33,13.51,21.06,5.0,1.67,6.76,10.53,5.0,1.67,6.76,10.53,4.0,1.33,5.41,8.42,3.0,1.0,4.05,6.32,7.0,2.33,9.46,14.74,11.0,3.67,14.86,23.16,37.84,43.24,-5.41,103.88,-4.0,-1.33,-5.41,17.1,5.7,0.39,0.46,0.11,0.67,0.83,0.14,0.62,0.38,0.83,0.62,5.41,4.05,0.09,14.86,0.21
2,福爾摩沙夢想家,79|10889,張宗憲/恩尼斯,5,300,353.0,4718.99,78.65,78:39,943.8,15.73,15:44,159.0,31.8,45.04,72.78,136.0,27.2,38.53,62.25,128.0,25.6,36.26,58.59,56.0,11.2,15.86,25.63,78.0,15.6,22.1,35.7,38.0,7.6,10.76,17.39,50.0,10.0,14.16,22.89,18.0,3.6,5.1,8.24,34.0,6.8,9.63,15.56,28.0,5.6,7.93,12.82,23.0,4.6,6.52,10.53,49.0,9.8,13.88,22.43,13.0,2.6,3.68,5.95,50.0,10.0,14.16,22.89,31.0,6.2,8.78,14.19,34.0,6.8,9.63,15.56,18.0,3.6,5.1,8.24,5.0,1.0,1.42,2.29,42.0,8.4,11.9,19.22,41.0,8.2,11.61,18.77,45.04,38.53,6.52,107.72,23.0,4.6,6.52,78.65,15.73,0.51,0.56,0.49,0.36,0.82,0.18,0.61,0.32,0.79,0.53,5.1,1.42,0.12,11.61,0.27
2,福爾摩沙夢想家,89|10889,蔣淯安/恩尼斯,9,717,866.0,11539.55,192.33,192:20,1282.17,21.37,21:22,372.0,41.33,42.96,69.63,355.0,39.44,40.99,66.45,307.0,34.11,35.45,57.46,131.0,14.56,15.13,24.52,171.0,19.0,19.75,32.01,88.0,9.78,10.16,16.47,136.0,15.11,15.7,25.46,43.0,4.78,4.97,8.05,85.0,9.44,9.82,15.91,64.0,7.11,7.39,11.98,58.0,6.44,6.7,10.86,131.0,14.56,15.13,24.52,47.0,5.22,5.43,8.8,136.0,15.11,15.7,25.46,77.0,8.56,8.89,14.41,73.0,8.11,8.43,13.66,45.0,5.0,5.2,8.42,11.0,1.22,1.27,2.06,94.0,10.44,10.85,17.6,93.0,10.33,10.74,17.41,42.96,40.99,1.96,108.07,17.0,1.89,1.96,192.33,21.37,0.5,0.54,0.51,0.32,0.75,0.18,0.56,0.3,0.74,0.51,5.2,1.27,0.11,10.74,0.28
2,福爾摩沙夢想家,103|10889,忻沃克/恩尼斯,8,595,718.0,9519.76,158.66,158:40,1189.97,19.83,19:50,330.0,41.25,45.96,74.88,273.0,34.12,38.02,61.94,258.0,32.25,35.93,58.54,111.0,13.88,15.46,25.19,144.0,18.0,20.06,32.67,72.0,9.0,10.03,16.34,114.0,14.25,15.88,25.87,39.0,4.88,5.43,8.85,91.0,11.38,12.67,20.65,70.0,8.75,9.75,15.88,47.0,5.88,6.55,10.66,106.0,13.25,14.76,24.05,34.0,4.25,4.74,7.71,122.0,15.25,16.99,27.68,54.0,6.75,7.52,12.25,65.0,8.12,9.05,14.75,33.0,4.12,4.6,7.49,10.0,1.25,1.39,2.27,82.0,10.25,11.42,18.61,85.0,10.62,11.84,19.29,45.96,38.02,7.94,108.61,57.0,7.12,7.94,158.66,19.83,0.51,0.55,0.5,0.34,0.77,0.15,0.59,0.28,0.76,0.5,4.6,1.39,0.11,11.84,0.35
2,福爾摩沙夢想家,107|10889,霍爾曼/恩尼斯,8,492,594.0,7947.16,132.45,132:27,993.39,16.56,16:33,262.0,32.75,44.11,71.21,266.0,33.25,44.78,72.3,199.0,24.88,33.5,54.09,82.0,10.25,13.8,22.29,110.0,13.75,18.52,29.9,54.0,6.75,9.09,14.68,89.0,11.12,14.98,24.19,28.0,3.5,4.71,7.61,81.0,10.12,13.64,22.02,69.0,8.62,11.62,18.75,37.0,4.62,6.23,10.06,84.0,10.5,14.14,22.83,41.0,5.12,6.9,11.14,87.0,10.88,14.65,23.65,52.0,6.5,8.75,14.13,50.0,6.25,8.42,13.59,26.0,3.25,4.38,7.07,11.0,1.38,1.85,2.99,59.0,7.38,9.93,16.04,76.0,9.5,12.79,20.66,44.11,44.78,-0.67,107.63,-4.0,-0.5,-0.67,132.45,16.56,0.48,0.56,0.49,0.31,0.85,0.18,0.61,0.3,0.67,0.49,4.38,1.85,0.1,12.79,0.41
2,福爾摩沙夢想家,86|10889,林俊吉/恩尼斯,9,334,398.0,5205.6,86.76,86:46,578.4,9.64,09:38,179.0,19.89,44.97,74.27,173.0,19.22,43.47,71.78,130.0,14.44,32.66,53.94,58.0,6.44,14.57,24.07,77.0,8.56,19.35,31.95,42.0,4.67,10.55,17.43,53.0,5.89,13.32,21.99,16.0,1.78,4.02,6.64,60.0,6.67,15.08,24.9,47.0,5.22,11.81,19.5,19.0,2.11,4.77,7.88,53.0,5.89,13.32,21.99,25.0,2.78,6.28,10.37,63.0,7.0,15.83,26.14,32.0,3.56,8.04,13.28,37.0,4.11,9.3,15.35,16.0,1.78,4.02,6.64,4.0,0.44,1.01,1.66,43.0,4.78,10.8,17.84,54.0,6.0,13.57,22.41,44.97,43.47,1.51,110.1,6.0,0.67,1.51,86.76,9.64,0.51,0.57,0.55,0.3,0.78,0.17,0.64,0.23,0.68,0.45,4.02,1.01,0.11,13.57,0.46
2,福爾摩沙夢想家,106|10889,高柏鎧/恩尼斯,5,223,269.0,3599.15,59.99,59:59,719.83,12.0,12:00,106.0,21.2,39.41,63.62,92.0,18.4,34.2,55.21,93.0,18.6,34.57,55.81,37.0,7.4,13.75,22.21,51.0,10.2,18.96,30.61,26.0,5.2,9.67,15.6,42.0,8.4,15.61,25.21,11.0,2.2,4.09,6.6,27.0,5.4,10.04,16.2,19.0,3.8,7.06,11.4,21.0,4.2,7.81,12.6,37.0,7.4,13.75,22.21,8.0,1.6,2.97,4.8,49.0,9.8,18.22,29.41,27.0,5.4,10.04,16.2,25.0,5.0,9.29,15.0,16.0,3.2,5.95,9.6,1.0,0.2,0.37,0.6,36.0,7.2,13.38,21.61,20.0,4.0,7.43,12.0,39.41,34.2,5.2,107.63,14.0,2.8,5.2,59.99,12.0,0.46,0.51,0.51,0.26,0.7,0.2,0.68,0.3,0.82,0.5,5.95,0.37,0.13,7.43,0.29
2,高雄全家海神,109|119,于煥亞/余純安,7,194,233.0,2839.3,47.32,47:19,405.61,6.76,06:46,92.0,13.14,39.48,69.99,92.0,13.14,39.48,69.99,79.0,11.29,33.91,60.1,31.0,4.43,13.3,23.58,43.0,6.14,18.45,32.71,19.0,2.71,8.15,14.45,36.0,5.14,15.45,27.39,12.0,1.71,5.15,9.13,22.0,3.14,9.44,16.74,15.0,2.14,6.44,11.41,15.0,2.14,6.44,11.41,36.0,5.14,15.45,27.39,16.0,2.29,6.87,12.17,34.0,4.86,14.59,25.87,21.0,3.0,9.01,15.98,21.0,3.0,9.01,15.98,14.0,2.0,6.01,10.65,3.0,0.43,1.29,2.28,22.0,3.14,9.44,16.74,30.0,4.29,12.88,22.82,39.48,39.48,0.0,118.17,0.0,0.0,0.0,47.32,6.76,0.47,0.52,0.44,0.33,0.68,0.19,0.68,0.31,0.69,0.5,6.01,1.29,0.09,12.88,0.28
2,高雄全家海神,109|10893,于煥亞/崔維斯,3,209,256.0,3383.54,56.39,56:24,1127.85,18.8,18:48,115.0,38.33,44.92,73.41,97.0,32.33,37.89,61.92,76.0,25.33,29.69,48.52,33.0,11.0,12.89,21.07,36.0,12.0,14.06,22.98,18.0,6.0,7.03,11.49,40.0,13.33,15.62,25.54,15.0,5.0,5.86,9.58,44.0,14.67,17.19,28.09,34.0,11.33,13.28,21.71,15.0,5.0,5.86,9.58,35.0,11.67,13.67,22.34,15.0,5.0,5.86,9.58,32.0,10.67,12.5,20.43,22.0,7.33,8.59,14.04,19.0,6.33,7.42,12.13,13.0,4.33,5.08,8.3,1.0,0.33,0.39,0.64,32.0,10.67,12.5,20.43,43.0,14.33,16.8,27.45,44.92,37.89,7.03,108.95,18.0,6.0,7.03,56.39,18.8,0.53,0.6,0.5,0.38,0.77,0.19,0.58,0.32,0.7,0.52,5.08,0.39,0.12,16.8,0.58
2,高雄全家海神,119|122,余純安/陳懷安,12,249,302.0,3910.61,65.18,65:11,325.88,5.43,05:26,115.0,9.58,38.08,63.52,140.0,11.67,46.36,77.33,98.0,8.17,32.45,54.13,37.0,3.08,12.25,20.44,45.0,3.75,14.9,24.86,24.0,2.0,7.95,13.26,53.0,4.42,17.55,29.27,13.0,1.08,4.3,7.18,38.0,3.17,12.58,20.99,27.0,2.25,8.94,14.91,17.0,1.42,5.63,9.39,42.0,3.5,13.91,23.2,21.0,1.75,6.95,11.6,37.0,3.08,12.25,20.44,32.0,2.67,10.6,17.68,24.0,2.0,7.95,13.26,20.0,1.67,6.62,11.05,2.0,0.17,0.66,1.1,34.0,2.83,11.26,18.78,46.0,3.83,15.23,25.41,38.08,46.36,-8.28,111.21,-25.0,-2.08,-8.28,65.18,5.43,0.44,0.5,0.53,0.25,0.71,0.22,0.65,0.31,0.67,0.5,6.62,0.66,0.11,15.23,0.39
2,高雄全家海神,119|10893,余純安/崔維斯,4,113,130.0,1704.45,28.41,28:24,426.11,7.1,07:06,51.0,12.75,39.23,64.63,64.0,16.0,49.23,81.11,46.0,11.5,35.38,58.29,18.0,4.5,13.85,22.81,25.0,6.25,19.23,31.68,12.0,3.0,9.23,15.21,21.0,5.25,16.15,26.61,6.0,1.5,4.62,7.6,16.0,4.0,12.31,20.28,9.0,2.25,6.92,11.41,4.0,1.0,3.08,5.07,25.0,6.25,19.23,31.68,3.0,0.75,2.31,3.8,18.0,4.5,13.85,22.81,9.0,2.25,6.92,11.41,12.0,3.0,9.23,15.21,3.0,0.75,2.31,3.8,2.0,0.5,1.54,2.53,14.0,3.5,10.77,17.74,16.0,4.0,12.31,20.28,39.23,49.23,-10.0,109.83,-13.0,-3.25,-10.0,28.41,7.1,0.46,0.48,0.48,0.29,0.56,0.15,0.67,0.18,0.89,0.58,2.31,1.54,0.11,12.31,0.35
2,高雄全家海神,119|10894,余純安/凱帝,5,83,101.0,1365.72,22.76,22:46,273.14,4.55,04:33,52.0,10.4,51.49,82.24,41.0,8.2,40.59,64.85,33.0,6.6,32.67,52.19,16.0,3.2,15.84,25.31,14.0,2.8,13.86,22.14,8.0,1.6,7.92,12.65,19.0,3.8,18.81,30.05,8.0,1.6,7.92,12.65,12.0,2.4,11.88,18.98,11.0,2.2,10.89,17.4,6.0,1.2,5.94,9.49,10.0,2.0,9.9,15.82,7.0,1.4,6.93,11.07,16.0,3.2,15.84,25.31,11.0,2.2,10.89,17.4,11.0,2.2,10.89,17.4,6.0,1.2,5.94,9.49,1.0,0.2,0.99,1.58,12.0,2.4,11.88,18.98,9.0,1.8,8.91,14.23,51.49,40.59,10.89,106.49,11.0,2.2,10.89,22.76,4.55,0.61,0.68,0.57,0.42,0.92,0.22,0.69,0.27,0.59,0.41,5.94,0.99,0.12,8.91,0.36
2,高雄全家海神,122|10893,陳懷安/崔維斯,4,247,299.0,4873.17,81.22,81:13,1218.29,20.3,20:18,124.0,31.0,41.47,54.96,125.0,31.25,41.81,55.41,97.0,24.25,32.44,42.99,40.0,10.0,13.38,17.73,48.0,12.0,16.05,21.28,23.0,5.75,7.69,10.19,49.0,12.25,16.39,21.72,17.0,4.25,5.69,7.54,38.0,9.5,12.71,16.84,29.0,7.25,9.7,12.85,16.0,4.0,5.35,7.09,44.0,11.0,14.72,19.5,13.0,3.25,4.35,5.76,42.0,10.5,14.05,18.62,30.0,7.5,10.03,13.3,23.0,5.75,7.69,10.19,17.0,4.25,5.69,7.54,1.0,0.25,0.33,0.44,30.0,7.5,10.03,13.3,50.0,12.5,16.72,22.16,41.47,41.81,-0.33,88.35,-1.0,-0.25,-0.33,81.22,20.3,0.5,0.55,0.48,0.35,0.76,0.21,0.57,0.28,0.77,0.52,5.69,0.33,0.1,16.72,0.39
2,高雄全家海神,10893|10894,崔維斯/凱帝,3,121,145.0,2031.01,33.85,33:51,677.0,11.28,11:17,64.0,21.33,44.14,68.06,53.0,17.67,36.55,56.37,44.0,14.67,30.34,46.79,18.0,6.0,12.41,19.14,21.0,7.0,14.48,22.33,10.0,3.33,6.9,10.64,23.0,7.67,15.86,24.46,8.0,2.67,5.52,8.51,24.0,8.0,16.55,25.52,20.0,6.67,13.79,21.27,7.0,2.33,4.83,7.44,20.0,6.67,13.79,21.27,7.0,2.33,4.83,7.44,21.0,7.0,14.48,22.33,14.0,4.67,9.66,14.89,9.0,3.0,6.21,9.57,8.0,2.67,5.52,8.51,1.0,0.33,0.69,1.06,19.0,6.33,13.1,20.21,15.0,5.0,10.34,15.95,44.14,36.55,7.59,102.81,11.0,3.67,7.59,33.85,11.28,0.5,0.59,0.48,0.35,0.83,0.2,0.5,0.25,0.74,0.49,5.52,0.69,0.13,10.34,0.55
2,高雄全家海神,119|121,余純安/吳曉謹,13,361,420.0,5621.96,93.7,93:42,432.46,7.21,07:12,170.0,13.08,40.48,65.32,220.0,16.92,52.38,84.53,154.0,11.85,36.67,59.17,61.0,4.69,14.52,23.44,79.0,6.08,18.81,30.35,41.0,3.15,9.76,15.75,75.0,5.77,17.86,28.82,20.0,1.54,4.76,7.68,39.0,3.0,9.29,14.98,28.0,2.15,6.67,10.76,26.0,2.0,6.19,9.99,65.0,5.0,15.48,24.97,19.0,1.46,4.52,7.3,55.0,4.23,13.1,21.13,43.0,3.31,10.24,16.52,39.0,3.0,9.29,14.98,29.0,2.23,6.9,11.14,7.0,0.54,1.67,2.69,35.0,2.69,8.33,13.45,57.0,4.38,13.57,21.9,40.48,52.38,-11.9,107.58,-50.0,-3.85,-11.9,93.7,7.21,0.46,0.5,0.52,0.27,0.72,0.2,0.64,0.32,0.77,0.55,6.9,1.67,0.08,13.57,0.25
2,高雄全家海神,123|10893,勤明慶/崔維斯,2,23,31.0,1073.48,17.89,17:53,536.74,8.95,08:57,10.0,5.0,32.26,20.12,11.0,5.5,35.48,22.13,8.0,4.0,25.81,16.1,4.0,2.0,12.9,8.05,7.0,3.5,22.58,14.08,3.0,1.5,9.68,6.04,1.0,0.5,3.23,2.01,1.0,0.5,3.23,2.01,1.0,0.5,3.23,2.01,1.0,0.5,3.23,2.01,2.0,1.0,6.45,4.02,1.0,0.5,3.23,2.01,0.0,0.0,0.0,0.0,3.0,1.5,9.68,6.04,5.0,2.5,16.13,10.06,1.0,0.5,3.23,2.01,2.0,1.0,6.45,4.02,0.0,0.0,0.0,0.0,7.0,3.5,22.58,14.08,8.0,4.0,25.81,16.1,32.26,35.48,-3.23,41.58,-1.0,-0.5,-3.23,17.89,8.95,0.56,0.59,0.43,1.0,1.0,0.37,0.25,0.4,1.0,0.5,6.45,0.0,0.23,25.81,0.12
2,高雄全家海神,45|122,施晉堯/陳懷安,9,157,185.0,2695.25,44.92,44:55,299.47,4.99,04:59,62.0,6.89,33.51,49.69,103.0,11.44,55.68,82.55,59.0,6.56,31.89,47.28,23.0,2.56,12.43,18.43,33.0,3.67,17.84,26.45,17.0,1.89,9.19,13.62,26.0,2.89,14.05,20.84,6.0,0.67,3.24,4.81,19.0,2.11,10.27,15.23,12.0,1.33,6.49,9.62,6.0,0.67,3.24,4.81,30.0,3.33,16.22,24.04,11.0,1.22,5.95,8.82,18.0,2.0,9.73,14.43,15.0,1.67,8.11,12.02,12.0,1.33,6.49,9.62,8.0,0.89,4.32,6.41,2.0,0.22,1.08,1.6,17.0,1.89,9.19,13.62,26.0,2.89,14.05,20.84,33.51,55.68,-22.16,98.84,-41.0,-4.56,-22.16,44.92,4.99,0.44,0.46,0.52,0.23,0.63,0.18,0.52,0.25,0.73,0.55,4.32,1.08,0.09,14.05,0.32
2,福爾摩沙夢想家,89|95,蔣淯安/李德威,9,119,139.0,1955.67,32.59,32:36,217.3,3.62,03:37,51.0,5.67,36.69,56.33,53.0,5.89,38.13,58.54,50.0,5.56,35.97,55.22,21.0,2.33,15.11,23.19,36.0,4.0,25.9,39.76,17.0,1.89,12.23,18.78,14.0,1.56,10.07,15.46,4.0,0.44,2.88,4.42,11.0,1.22,7.91,12.15,5.0,0.56,3.6,5.52,7.0,0.78,5.04,7.73,25.0,2.78,17.99,27.61,7.0,0.78,5.04,7.73,24.0,2.67,17.27,26.51,10.0,1.11,7.19,11.04,10.0,1.11,7.19,11.04,3.0,0.33,2.16,3.31,0.0,0.0,0.0,0.0,12.0,1.33,8.63,13.25,18.0,2.0,12.95,19.88,36.69,38.13,-1.44,102.35,-2.0,-0.22,-1.44,32.59,3.62,0.46,0.46,0.47,0.29,0.45,0.15,0.48,0.23,0.78,0.51,2.16,0.0,0.09,12.95,0.22
2,福爾摩沙夢想家,95|99,李德威/盧冠良,3,14,16.0,295.0,4.92,04:55,98.33,1.64,01:38,6.0,2.0,37.5,43.93,11.0,3.67,68.75,80.54,6.0,2.0,37.5,43.93,3.0,1.0,18.75,21.97,4.0,1.33,25.0,29.29,3.0,1.0,18.75,21.97,2.0,0.67,12.5,14.64,0.0,0.0,0.0,0.0,0.0,0.0,0.0,0.0,0.0,0.0,0.0,0.0,0.0,0.0,0.0,0.0,3.0,1.0,18.75,21.97,1.0,0.33,6.25,7.32,2.0,0.67,12.5,14.64,1.0,0.33,6.25,7.32,1.0,0.33,6.25,7.32,1.0,0.33,6.25,7.32,0.0,0.0,0.0,0.0,0.0,0.0,0.0,0.0,3.0,1.0,18.75,21.97,37.5,68.75,-31.25,78.1,-5.0,-1.67,-31.25,4.92,1.64,0.5,0.5,0.75,0.0,,0.14,0.33,0.0,0.75,0.5,6.25,0.0,0.0,18.75,0.0
2,福爾摩沙夢想家,95|107,李德威/霍爾曼,5,41,52.0,733.88,12.23,12:14,146.78,2.45,02:27,22.0,4.4,42.31,64.75,15.0,3.0,28.85,44.15,18.0,3.6,34.62,52.98,7.0,1.4,13.46,20.6,11.0,2.2,21.15,32.38,5.0,1.0,9.62,14.72,7.0,1.4,13.46,20.6,2.0,0.4,3.85,5.89,9.0,1.8,17.31,26.49,6.0,1.2,11.54,17.66,5.0,1.0,9.62,14.72,8.0,1.6,15.38,23.55,6.0,1.2,11.54,17.66,8.0,1.6,15.38,23.55,3.0,0.6,5.77,8.83,4.0,0.8,7.69,11.77,1.0,0.2,1.92,2.94,0.0,0.0,0.0,0.0,6.0,1.2,11.54,17.66,10.0,2.0,19.23,29.43,42.31,28.85,13.46,102.03,7.0,1.4,13.46,12.23,2.45,0.44,0.5,0.45,0.29,0.67,0.12,0.57,0.38,0.57,0.48,1.92,0.0,0.12,19.23,0.5
2,福爾摩沙夢想家,95|10889,李德威/恩尼斯,6,134,156.0,2143.1,35.72,35:43,357.18,5.95,05:57,61.0,10.17,39.1,61.48,64.0,10.67,41.03,64.5,59.0,9.83,37.82,59.47,25.0,4.17,16.03,25.2,41.0,6.83,26.28,41.32,21.0,3.5,13.46,21.17,18.0,3.0,11.54,18.14,4.0,0.67,2.56,4.03,14.0,2.33,8.97,14.11,7.0,1.17,4.49,7.06,10.0,1.67,6.41,10.08,28.0,4.67,17.95,28.22,9.0,1.5,5.77,9.07,26.0,4.33,16.67,26.21,10.0,1.67,6.41,10.08,10.0,1.67,6.41,10.08,3.0,0.5,1.92,3.02,0.0,0.0,0.0,0.0,15.0,2.5,9.62,15.12,23.0,3.83,14.74,23.18,39.1,41.03,-1.92,104.82,-3.0,-0.5,-1.92,35.72,5.95,0.46,0.47,0.51,0.22,0.5,0.13,0.4,0.28,0.76,0.52,1.92,0.0,0.1,14.74,0.24
2,福爾摩沙夢想家,99|10889,盧冠良/恩尼斯,7,312,373.0,5151.47,85.86,85:51,735.92,12.27,12:16,176.0,25.14,47.18,73.8,184.0,26.29,49.33,77.15,128.0,18.29,34.32,53.67,61.0,8.71,16.35,25.58,71.0,10.14,19.03,29.77,40.0,5.71,10.72,16.77,57.0,8.14,15.28,23.9,21.0,3.0,5.63,8.81,39.0,5.57,10.46,16.35,31.0,4.43,8.31,13.0,23.0,3.29,6.17,9.64,46.0,6.57,12.33,19.29,24.0,3.43,6.43,10.06,54.0,7.71,14.48,22.64,34.0,4.86,9.12,14.26,37.0,5.29,9.92,15.51,21.0,3.0,5.63,8.81,3.0,0.43,0.8,1.26,39.0,5.57,10.46,16.35,39.0,5.57,10.46,16.35,47.18,49.33,-2.14,104.27,-8.0,-1.14,-2.14,85.86,12.27,0.56,0.61,0.56,0.37,0.79,0.19,0.61,0.3,0.66,0.47,5.63,0.8,0.1,10.46,0.3
2,高雄全家海神,45|119,施晉堯/余純安,13,237,276.0,3555.02,59.25,59:15,273.46,4.56,04:33,121.0,9.31,43.84,73.52,119.0,9.15,43.12,72.3,104.0,8.0,37.68,63.19,42.0,3.23,15.22,25.52,50.0,3.85,18.12,30.38,22.0,1.69,7.97,13.37,54.0,4.15,19.57,32.81,20.0,1.54,7.25,12.15,30.0,2.31,10.87,18.23,17.0,1.31,6.16,10.33,16.0,1.23,5.8,9.72,49.0,3.77,17.75,29.77,16.0,1.23,5.8,9.72,43.0,3.31,15.58,26.13,18.0,1.38,6.52,10.94,26.0,2.0,9.42,15.8,6.0,0.46,2.17,3.65,7.0,0.54,2.54,4.25,25.0,1.92,9.06,15.19,33.0,2.54,11.96,20.05,43.84,43.12,0.72,111.8,2.0,0.15,0.72,59.25,4.56,0.5,0.52,0.44,0.37,0.57,0.13,0.62,0.27,0.75,0.52,2.17,2.54,0.09,11.96,0.29
2,高雄全家海神,110|119,胡瓏貿/余純安,15,336,392.0,5029.7,83.83,83:50,335.31,5.59,05:35,167.0,11.13,42.6,71.72,168.0,11.2,42.86,72.15,147.0,9.8,37.5,63.13,55.0,3.67,14.03,23.62,79.0,5.27,20.15,33.93,35.0,2.33,8.93,15.03,68.0,4.53,17.35,29.2,20.0,1.33,5.1,8.59,49.0,3.27,12.5,21.04,32.0,2.13,8.16,13.74,24.0,1.6,6.12,10.31,71.0,4.73,18.11,30.49,21.0,1.4,5.36,9.02,63.0,4.2,16.07,27.06,24.0,1.6,6.12,10.31,28.0,1.87,7.14,12.02,16.0,1.07,4.08,6.87,5.0,0.33,1.28,2.15,40.0,2.67,10.2,17.18,43.0,2.87,10.97,18.47,42.6,42.86,-0.26,112.23,-1.0,-0.07,-0.26,83.83,5.59,0.44,0.5,0.44,0.29,0.65,0.12,0.51,0.28,0.77,0.53,4.08,1.28,0.1,10.97,0.33
2,高雄全家海神,119|123,余純安/勤明慶,7,71,90.0,1048.53,17.48,17:29,149.79,2.5,02:30,33.0,4.71,36.67,67.98,41.0,5.86,45.56,84.46,27.0,3.86,30.0,55.62,10.0,1.43,11.11,20.6,13.0,1.86,14.44,26.78,6.0,0.86,6.67,12.36,14.0,2.0,15.56,28.84,4.0,0.57,4.44,8.24,16.0,2.29,17.78,32.96,9.0,1.29,10.0,18.54,5.0,0.71,5.56,10.3,12.0,1.71,13.33,24.72,8.0,1.14,8.89,16.48,7.0,1.0,7.78,14.42,9.0,1.29,10.0,18.54,6.0,0.86,6.67,12.36,5.0,0.71,5.56,10.3,1.0,0.14,1.11,2.06,14.0,2.0,15.56,28.84,19.0,2.71,21.11,39.14,36.67,45.56,-8.89,123.6,-8.0,-1.14,-8.89,17.48,2.5,0.44,0.48,0.46,0.29,0.56,0.21,0.6,0.42,0.6,0.53,5.56,1.11,0.16,21.11,0.59
2,福爾摩沙夢想家,101|10889,周柏臣/恩尼斯,5,142,172.0,2341.73,39.03,39:02,468.35,7.81,07:48,66.0,13.2,38.37,60.88,69.0,13.8,40.12,63.65,54.0,10.8,31.4,49.81,20.0,4.0,11.63,18.45,33.0,6.6,19.19,30.44,16.0,3.2,9.3,14.76,21.0,4.2,12.21,19.37,4.0,0.8,2.33,3.69,29.0,5.8,16.86,26.75,22.0,4.4,12.79,20.29,14.0,2.8,8.14,12.91,21.0,4.2,12.21,19.37,7.0,1.4,4.07,6.46,23.0,4.6,13.37,21.22,19.0,3.8,11.05,17.53,10.0,2.0,5.81,9.22,11.0,2.2,6.4,10.15,3.0,0.6,1.74,2.77,24.0,4.8,13.95,22.14,18.0,3.6,10.47,16.6,38.37,40.12,-1.74,105.77,-3.0,-0.6,-1.74,39.03,7.81,0.41,0.49,0.48,0.19,0.76,0.22,0.5,0.38,0.75,0.54,6.4,1.74,0.14,10.47,0.54
2,福爾摩沙夢想家,86|89,林俊吉/蔣淯安,20,567,669.0,9864.03,164.4,164:24,493.2,8.22,08:13,340.0,17.0,50.82,74.45,307.0,15.35,45.89,67.23,245.0,12.25,36.62,53.65,119.0,5.95,17.79,26.06,135.0,6.75,20.18,29.56,84.0,4.2,12.56,18.39,110.0,5.5,16.44,24.09,35.0,1.75,5.23,7.66,80.0,4.0,11.96,17.52,62.0,3.1,9.27,13.58,36.0,1.8,5.38,7.88,93.0,4.65,13.9,20.36,28.0,1.4,4.19,6.13,102.0,5.1,15.25,22.34,48.0,2.4,7.17,10.51,69.0,3.45,10.31,15.11,26.0,1.3,3.89,5.69,4.0,0.2,0.6,0.88,64.0,3.2,9.57,14.01,96.0,4.8,14.35,21.02,50.82,45.89,4.93,97.66,33.0,1.65,4.93,164.4,8.22,0.56,0.61,0.62,0.32,0.78,0.15,0.58,0.26,0.77,0.5,3.89,0.6,0.1,14.35,0.33
2,新北中信特攻,39|40,魏嘉豪/謝亞軒,27,1053,1228.0,16711.11,278.52,278:31,618.93,10.32,10:19,515.0,19.07,41.94,66.57,538.0,19.93,43.81,69.54,483.0,17.89,39.33,62.43,206.0,7.63,16.78,26.63,305.0,11.3,24.84,39.42,158.0,5.85,12.87,20.42,178.0,6.59,14.5,23.01,48.0,1.78,3.91,6.2,81.0,3.0,6.6,10.47,55.0,2.04,4.48,7.11,84.0,3.11,6.84,10.86,210.0,7.78,17.1,27.14,62.0,2.3,5.05,8.01,189.0,7.0,15.39,24.43,87.0,3.22,7.08,11.25,145.0,5.37,11.81,18.74,53.0,1.96,4.32,6.85,22.0,0.81,1.79,2.84,103.0,3.81,8.39,13.31,124.0,4.59,10.1,16.03,41.94,43.81,-1.87,105.82,-23.0,-0.85,-1.87,278.52,10.32,0.48,0.5,0.52,0.27,0.68,0.14,0.7,0.31,0.77,0.54,4.32,1.79,0.08,10.1,0.17
2,新北中信特攻,39|10877,魏嘉豪/阿巴西,29,1176,1372.0,18870.08,314.5,314:30,650.69,10.84,10:51,587.0,20.24,42.78,67.19,614.0,21.17,44.75,70.28,545.0,18.79,39.72,62.38,231.0,7.97,16.84,26.44,337.0,11.62,24.56,38.58,173.0,5.97,12.61,19.8,208.0,7.17,15.16,23.81,58.0,2.0,4.23,6.64,97.0,3.34,7.07,11.1,67.0,2.31,4.88,7.67,90.0,3.1,6.56,10.3,241.0,8.31,17.57,27.59,73.0,2.52,5.32,8.36,213.0,7.34,15.52,24.38,85.0,2.93,6.2,9.73,153.0,5.28,11.15,17.51,54.0,1.86,3.94,6.18,19.0,0.66,1.38,2.17,115.0,3.97,8.38,13.16,122.0,4.21,8.89,13.96,42.78,44.75,-1.97,104.7,-27.0,-0.93,-1.97,314.5,10.84,0.48,0.5,0.51,0.28,0.69,0.13,0.66,0.3,0.77,0.54,3.94,1.38,0.08,8.89,0.18
2,新北中信特攻,39|10880,魏嘉豪/內馬,28,963,1139.0,16092.0,268.2,268:12,574.71,9.58,09:35,487.0,17.39,42.76,65.37,490.0,17.5,43.02,65.77,439.0,15.68,38.54,58.93,187.0,6.68,16.42,25.1,274.0,9.79,24.06,36.78,138.0,4.93,12.12,18.52,165.0,5.89,14.49,22.15,49.0,1.75,4.3,6.58,90.0,3.21,7.9,12.08,66.0,2.36,5.79,8.86,89.0,3.18,7.81,11.95,175.0,6.25,15.36,23.49,59.0,2.11,5.18,7.92,162.0,5.79,14.22,21.74,87.0,3.11,7.64,11.68,122.0,4.36,10.71,16.38,51.0,1.82,4.48,6.85,17.0,0.61,1.49,2.28,97.0,3.46,8.52,13.02,107.0,3.82,9.39,14.36,42.76,43.02,-0.26,101.92,-3.0,-0.11,-0.26,268.2,9.58,0.48,0.51,0.5,0.3,0.73,0.15,0.65,0.35,0.75,0.54,4.48,1.49,0.09,9.39,0.21
2,新北中信特攻,39|10881,魏嘉豪/飛克,28,1100,1280.0,17950.39,299.17,299:10,641.09,10.68,10:41,523.0,18.68,40.86,62.93,565.0,20.18,44.14,67.99,485.0,17.32,37.89,58.36,202.0,7.21,15.78,24.31,282.0,10.07,22.03,33.93,146.0,5.21,11.41,17.57,203.0,7.25,15.86,24.43,56.0,2.0,4.38,6.74,97.0,3.46,7.58,11.67,63.0,2.25,4.92,7.58,72.0,2.57,5.62,8.66,226.0,8.07,17.66,27.19,75.0,2.68,5.86,9.02,203.0,7.25,15.86,24.43,89.0,3.18,6.95,10.71,143.0,5.11,11.17,17.21,54.0,1.93,4.22,6.5,19.0,0.68,1.48,2.29,106.0,3.79,8.28,12.76,138.0,4.93,10.78,16.61,40.86,44.14,-3.28,102.68,-42.0,-1.5,-3.28,299.17,10.68,0.47,0.5,0.52,0.28,0.65,0.14,0.71,0.26,0.75,0.52,4.22,1.48,0.08,10.78,0.2
2,新北中信特攻,40|10877,謝亞軒/阿巴西,32,3174,3773.0,51958.49,865.97,865:58,1623.7,27.06,27:04,1769.0,55.28,46.89,73.54,1611.0,50.34,42.7,66.97,1454.0,45.44,38.54,60.45,678.0,21.19,17.97,28.19,855.0,26.72,22.66,35.54,487.0,15.22,12.91,20.25,599.0,18.72,15.88,24.9,191.0,5.97,5.06,7.94,322.0,10.06,8.53,13.39,219.0,6.84,5.8,9.1,264.0,8.25,7.0,10.97,546.0,17.06,14.47,22.7,226.0,7.06,5.99,9.4,598.0,18.69,15.85,24.86,269.0,8.41,7.13,11.18,443.0,13.84,11.74,18.42,134.0,4.19,3.55,5.57,40.0,1.25,1.06,1.66,347.0,10.84,9.2,14.43,319.0,9.97,8.45,13.26,46.89,42.7,4.19,104.57,158.0,4.94,4.19,865.97,27.06,0.53,0.55,0.57,0.32,0.68,0.14,0.65,0.31,0.71,0.5,3.55,1.06,0.09,8.45,0.22
2,新北中信特攻,40|10880,謝亞軒/內馬,28,2311,2777.0,38196.93,636.62,636:37,1364.18,22.74,22:44,1317.0,47.04,47.43,74.48,1166.0,41.64,41.99,65.94,1071.0,38.25,38.57,60.56,504.0,18.0,18.15,28.5,635.0,22.68,22.87,35.91,355.0,12.68,12.78,20.07,436.0,15.57,15.7,24.66,149.0,5.32,5.37,8.43,237.0,8.46,8.53,13.4,160.0,5.71,5.76,9.05,208.0,7.43,7.49,11.76,387.0,13.82,13.94,21.88,179.0,6.39,6.45,10.12,435.0,15.54,15.66,24.6,195.0,6.96,7.02,11.03,333.0,11.89,11.99,18.83,102.0,3.64,3.67,5.77,40.0,1.43,1.44,2.26,268.0,9.57,9.65,15.16,263.0,9.39,9.47,14.87,47.43,41.99,5.44,104.69,151.0,5.39,5.44,636.62,22.74,0.54,0.56,0.56,0.34,0.68,0.14,0.66,0.32,0.68,0.49,3.67,1.44,0.1,9.47,0.22
2,新北中信特攻,40|10881,謝亞軒/飛克,28,2378,2818.0,38724.9,645.41,645:25,1383.03,23.05,23:03,1262.0,45.07,44.78,70.39,1222.0,43.64,43.36,68.16,1066.0,38.07,37.83,59.46,486.0,17.36,17.25,27.11,608.0,21.71,21.58,33.91,341.0,12.18,12.1,19.02,458.0,16.36,16.25,25.55,145.0,5.18,5.15,8.09,225.0,8.04,7.98,12.55,149.0,5.32,5.29,8.31,182.0,6.5,6.46,10.15,425.0,15.18,15.08,23.71,167.0,5.96,5.93,9.31,448.0,16.0,15.9,24.99,213.0,7.61,7.56,11.88,331.0,11.82,11.75,18.46,102.0,3.64,3.62,5.69,36.0,1.29,1.28,2.01,248.0,8.86,8.8,13.83,273.0,9.75,9.69,15.23,44.78,43.36,1.42,104.79,40.0,1.43,1.42,645.41,23.05,0.52,0.54,0.56,0.32,0.66,0.15,0.68,0.29,0.72,0.5,3.62,1.28,0.09,9.69,0.21
2,新北中信特攻,10877|10880,阿巴西/內馬,27,2563,3059.0,42447.3,707.45,707:27,1572.12,26.2,26:12,1478.0,54.74,48.32,75.21,1336.0,49.48,43.67,67.98,1196.0,44.3,39.1,60.86,562.0,20.81,18.37,28.6,706.0,26.15,23.08,35.93,400.0,14.81,13.08,20.35,490.0,18.15,16.02,24.93,162.0,6.0,5.3,8.24,267.0,9.89,8.73,13.59,191.0,7.07,6.24,9.72,220.0,8.15,7.19,11.2,436.0,16.15,14.25,22.19,181.0,6.7,5.92,9.21,464.0,17.19,15.17,23.61,203.0,7.52,6.64,10.33,355.0,13.15,11.61,18.06,111.0,4.11,3.63,5.65,33.0,1.22,1.08,1.68,276.0,10.22,9.02,14.04,270.0,10.0,8.83,13.74,48.32,43.67,4.64,103.77,142.0,5.26,4.64,707.45,26.2,0.54,0.56,0.57,0.33,0.72,0.13,0.63,0.32,0.71,0.5,3.63,1.08,0.09,8.83,0.22
2,新北中信特攻,10877|10881,阿巴西/飛克,30,2992,3543.0,48285.94,804.77,804:46,1609.53,26.83,26:50,1644.0,54.8,46.4,73.54,1557.0,51.9,43.95,69.65,1359.0,45.3,38.36,60.79,623.0,20.77,17.58,27.87,776.0,25.87,21.9,34.71,437.0,14.57,12.33,19.55,583.0,19.43,16.45,26.08,186.0,6.2,5.25,8.32,310.0,10.33,8.75,13.87,214.0,7.13,6.04,9.57,234.0,7.8,6.6,10.47,542.0,18.07,15.3,24.25,207.0,6.9,5.84,9.26,558.0,18.6,15.75,24.96,234.0,7.8,6.6,10.47,420.0,14.0,11.85,18.79,122.0,4.07,3.44,5.46,40.0,1.33,1.13,1.79,313.0,10.43,8.83,14.0,330.0,11.0,9.31,14.76,46.4,43.95,2.46,105.66,87.0,2.9,2.46,804.77,26.83,0.53,0.55,0.56,0.32,0.69,0.14,0.67,0.3,0.72,0.5,3.44,1.13,0.09,9.31,0.23
2,新北中信特攻,10880|10881,內馬/飛克,23,1508,1801.0,24505.96,408.43,408:26,1065.48,17.76,17:45,863.0,37.52,47.92,76.07,813.0,35.35,45.14,71.66,689.0,29.96,38.26,60.73,332.0,14.43,18.43,29.26,397.0,17.26,22.04,34.99,232.0,10.09,12.88,20.45,292.0,12.7,16.21,25.74,100.0,4.35,5.55,8.81,151.0,6.57,8.38,13.31,105.0,4.57,5.83,9.25,115.0,5.0,6.39,10.14,258.0,11.22,14.33,22.74,118.0,5.13,6.55,10.4,263.0,11.43,14.6,23.18,120.0,5.22,6.66,10.58,230.0,10.0,12.77,20.27,65.0,2.83,3.61,5.73,22.0,0.96,1.22,1.94,154.0,6.7,8.55,13.57,183.0,7.96,10.16,16.13,47.92,45.14,2.78,105.83,50.0,2.17,2.78,408.43,17.76,0.55,0.57,0.58,0.34,0.7,0.14,0.69,0.3,0.69,0.49,3.61,1.22,0.09,10.16,0.22
2,新北國王,21|26,李愷諺/洪志善,3,131,172.0,2181.94,36.37,36:22,727.31,12.12,12:07,64.0,21.33,37.21,63.36,73.0,24.33,42.44,72.27,54.0,18.0,31.4,53.46,19.0,6.33,11.05,18.81,31.0,10.33,18.02,30.69,12.0,4.0,6.98,11.88,23.0,7.67,13.37,22.77,7.0,2.33,4.07,6.93,27.0,9.0,15.7,26.73,20.0,6.67,11.63,19.8,11.0,3.67,6.4,10.89,27.0,9.0,15.7,26.73,18.0,6.0,10.47,17.82,20.0,6.67,11.63,19.8,16.0,5.33,9.3,15.84,13.0,4.33,7.56,12.87,9.0,3.0,5.23,8.91,6.0,2.0,3.49,5.94,16.0,5.33,9.3,15.84,24.0,8.0,13.95,23.76,37.21,42.44,-5.23,113.51,-9.0,-3.0,-5.23,36.37,12.12,0.42,0.49,0.39,0.3,0.74,0.2,0.68,0.35,0.6,0.5,5.23,3.49,0.09,13.95,0.5
2,新北國王,22|26,簡祐哲/洪志善,3,75,96.0,1151.73,19.2,19:12,383.91,6.4,06:24,24.0,8.0,25.0,45.01,51.0,17.0,53.12,95.65,28.0,9.33,29.17,52.51,9.0,3.0,9.38,16.88,16.0,5.33,16.67,30.01,8.0,2.67,8.33,15.0,12.0,4.0,12.5,22.51,1.0,0.33,1.04,1.88,10.0,3.33,10.42,18.75,8.0,2.67,8.33,15.0,6.0,2.0,6.25,11.25,14.0,4.67,14.58,26.26,9.0,3.0,9.38,16.88,15.0,5.0,15.62,28.13,10.0,3.33,10.42,18.75,3.0,1.0,3.12,5.63,7.0,2.33,7.29,13.13,1.0,0.33,1.04,1.88,9.0,3.0,9.38,16.88,21.0,7.0,21.88,39.38,25.0,53.12,-28.12,120.03,-27.0,-9.0,-28.12,19.2,6.4,0.34,0.37,0.5,0.08,0.8,0.24,0.33,0.29,0.61,0.45,7.29,1.04,0.09,21.88,0.36
2,新北國王,26|34,洪志善/沃許本,3,98,126.0,1659.59,27.66,27:40,553.2,9.22,09:13,37.0,12.33,29.37,48.16,58.0,19.33,46.03,75.49,34.0,11.33,26.98,44.25,11.0,3.67,8.73,14.32,20.0,6.67,15.87,26.03,8.0,2.67,6.35,10.41,14.0,4.67,11.11,18.22,3.0,1.0,2.38,3.9,18.0,6.0,14.29,23.43,14.0,4.67,11.11,18.22,7.0,2.33,5.56,9.11,19.0,6.33,15.08,24.73,14.0,4.67,11.11,18.22,15.0,5.0,11.9,19.52,15.0,5.0,11.9,19.52,8.0,2.67,6.35,10.41,8.0,2.67,6.35,10.41,2.0,0.67,1.59,2.6,15.0,5.0,11.9,19.52,23.0,7.67,18.25,29.94,29.37,46.03,-16.67,109.33,-21.0,-7.0,-16.67,27.66,9.22,0.37,0.44,0.4,0.21,0.78,0.26,0.73,0.32,0.58,0.47,6.35,1.59,0.12,18.25,0.53
2,新北國王,26|10875,洪志善/傑登,3,151,198.0,2492.21,41.54,41:32,830.74,13.85,13:51,77.0,25.67,38.89,66.74,90.0,30.0,45.45,78.0,69.0,23.0,34.85,59.8,26.0,8.67,13.13,22.53,40.0,13.33,20.2,34.67,19.0,6.33,9.6,16.47,29.0,9.67,14.65,25.13,7.0,2.33,3.54,6.07,29.0,9.67,14.65,25.13,20.0,6.67,10.1,17.33,18.0,6.0,9.09,15.6,29.0,9.67,14.65,25.13,17.0,5.67,8.59,14.73,25.0,8.33,12.63,21.67,15.0,5.0,7.58,13.0,16.0,5.33,8.08,13.87,10.0,3.33,5.05,8.67,6.0,2.0,3.03,5.2,22.0,7.33,11.11,19.07,26.0,8.67,13.13,22.53,38.89,45.45,-6.57,114.4,-13.0,-4.33,-6.57,41.54,13.85,0.43,0.47,0.48,0.24,0.69,0.16,0.62,0.42,0.63,0.53,5.05,3.03,0.11,13.13,0.42
2,新北國王,26|10872,洪志善/林彥廷,3,61,72.0,1000.8,16.68,16:41,333.6,5.56,05:34,30.0,10.0,41.67,64.75,39.0,13.0,54.17,84.17,23.0,7.67,31.94,49.64,11.0,3.67,15.28,23.74,17.0,5.67,23.61,36.69,9.0,3.0,12.5,19.42,6.0,2.0,8.33,12.95,2.0,0.67,2.78,4.32,11.0,3.67,15.28,23.74,6.0,2.0,8.33,12.95,4.0,1.33,5.56,8.63,10.0,3.33,13.89,21.58,4.0,1.33,5.56,8.63,11.0,3.67,15.28,23.74,5.0,1.67,6.94,10.79,4.0,1.33,5.56,8.63,5.0,1.67,6.94,10.79,1.0,0.33,1.39,2.16,9.0,3.0,12.5,19.42,13.0,4.33,18.06,28.06,41.67,54.17,-12.5,103.6,-9.0,-3.0,-12.5,16.68,5.56,0.52,0.54,0.53,0.33,0.55,0.15,0.36,0.27,0.71,0.48,6.94,1.39,0.12,18.06,0.48
2,新北中信特攻,39|47,魏嘉豪/曾文鼎,17,286,330.0,5487.03,91.45,91:27,322.77,5.38,05:23,155.0,9.12,46.97,61.02,151.0,8.88,45.76,59.44,127.0,7.47,38.48,49.99,56.0,3.29,16.97,22.04,66.0,3.88,20.0,25.98,32.0,1.88,9.7,12.6,61.0,3.59,18.48,24.01,24.0,1.41,7.27,9.45,33.0,1.94,10.0,12.99,19.0,1.12,5.76,7.48,19.0,1.12,5.76,7.48,57.0,3.35,17.27,22.44,16.0,0.94,4.85,6.3,56.0,3.29,16.97,22.04,17.0,1.0,5.15,6.69,37.0,2.18,11.21,14.57,8.0,0.47,2.42,3.15,4.0,0.24,1.21,1.57,26.0,1.53,7.88,10.24,36.0,2.12,10.91,14.17,46.97,45.76,1.21,86.6,4.0,0.24,1.21,91.45,5.38,0.54,0.55,0.48,0.39,0.58,0.11,0.66,0.25,0.78,0.51,2.42,1.21,0.08,10.91,0.26
2,新北中信特攻,39|10879,魏嘉豪/簡廷兆,26,501,588.0,9045.9,150.76,150:46,347.92,5.8,05:48,228.0,8.77,38.78,54.44,240.0,9.23,40.82,57.31,218.0,8.38,37.07,52.05,84.0,3.23,14.29,20.06,124.0,4.77,21.09,29.61,56.0,2.15,9.52,13.37,94.0,3.62,15.99,22.45,28.0,1.08,4.76,6.69,51.0,1.96,8.67,12.18,31.0,1.19,5.27,7.4,39.0,1.5,6.63,9.31,103.0,3.96,17.52,24.59,34.0,1.31,5.78,8.12,96.0,3.69,16.33,22.92,46.0,1.77,7.82,10.98,48.0,1.85,8.16,11.46,21.0,0.81,3.57,5.01,9.0,0.35,1.53,2.15,53.0,2.04,9.01,12.66,68.0,2.62,11.56,16.24,38.78,40.82,-2.04,93.6,-12.0,-0.46,-2.04,150.76,5.8,0.45,0.47,0.45,0.3,0.61,0.16,0.57,0.29,0.75,0.52,3.57,1.53,0.09,11.56,0.23
2,新北中信特攻,47|10877,曾文鼎/阿巴西,25,529,611.0,8540.32,142.34,142:20,341.61,5.69,05:42,309.0,12.36,50.57,78.15,325.0,13.0,53.19,82.2,235.0,9.4,38.46,59.44,114.0,4.56,18.66,28.83,123.0,4.92,20.13,31.11,72.0,2.88,11.78,18.21,112.0,4.48,18.33,28.33,42.0,1.68,6.87,10.62,53.0,2.12,8.67,13.4,37.0,1.48,6.06,9.36,31.0,1.24,5.07,7.84,93.0,3.72,15.22,23.52,30.0,1.2,4.91,7.59,88.0,3.52,14.4,22.26,36.0,1.44,5.89,9.11,77.0,3.08,12.6,19.47,18.0,0.72,2.95,4.55,4.0,0.16,0.65,1.01,50.0,2.0,8.18,12.65,62.0,2.48,10.15,15.68,50.57,53.19,-2.62,103.02,-16.0,-0.64,-2.62,142.34,5.69,0.57,0.6,0.59,0.38,0.7,0.12,0.68,0.26,0.76,0.51,2.95,0.65,0.08,10.15,0.23
2,新北中信特攻,47|10879,曾文鼎/簡廷兆,24,554,664.0,10131.86,168.86,168:52,422.16,7.04,07:02,293.0,12.21,44.13,62.46,267.0,11.12,40.21,56.92,240.0,10.0,36.14,51.17,100.0,4.17,15.06,21.32,125.0,5.21,18.83,26.65,57.0,2.38,8.58,12.15,115.0,4.79,17.32,24.52,43.0,1.79,6.48,9.17,74.0,3.08,11.14,15.78,50.0,2.08,7.53,10.66,40.0,1.67,6.02,8.53,106.0,4.42,15.96,22.6,43.0,1.79,6.48,9.17,122.0,5.08,18.37,26.01,50.0,2.08,7.53,10.66,70.0,2.92,10.54,14.92,30.0,1.25,4.52,6.4,5.0,0.21,0.75,1.07,62.0,2.58,9.34,13.22,65.0,2.71,9.79,13.86,44.13,40.21,3.92,94.37,26.0,1.08,3.92,168.86,7.04,0.51,0.54,0.46,0.37,0.68,0.16,0.7,0.25,0.71,0.47,4.52,0.75,0.09,9.79,0.31
2,新北中信特攻,47|10881,曾文鼎/飛克,24,684,805.0,11138.35,185.64,185:38,464.1,7.73,07:44,368.0,15.33,45.71,71.36,377.0,15.71,46.83,73.11,297.0,12.38,36.89,57.6,132.0,5.5,16.4,25.6,149.0,6.21,18.51,28.89,80.0,3.33,9.94,15.51,148.0,6.17,18.39,28.7,52.0,2.17,6.46,10.08,71.0,2.96,8.82,13.77,52.0,2.17,6.46,10.08,49.0,2.04,6.09,9.5,120.0,5.0,14.91,23.27,40.0,1.67,4.97,7.76,127.0,5.29,15.78,24.63,59.0,2.46,7.33,11.44,95.0,3.96,11.8,18.42,32.0,1.33,3.98,6.21,8.0,0.33,0.99,1.55,59.0,2.46,7.33,11.44,89.0,3.71,11.06,17.26,45.71,46.83,-1.12,104.07,-9.0,-0.38,-1.12,185.64,7.73,0.53,0.56,0.54,0.35,0.73,0.15,0.72,0.28,0.75,0.5,3.98,0.99,0.07,11.06,0.24
2,新北中信特攻,10877|10879,阿巴西/簡廷兆,33,1366,1672.0,22390.8,373.18,373:11,678.51,11.31,11:19,748.0,22.67,44.74,72.16,701.0,21.24,41.93,67.62,648.0,19.64,38.76,62.51,274.0,8.3,16.39,26.43,378.0,11.45,22.61,36.46,191.0,5.79,11.42,18.43,270.0,8.18,16.15,26.05,83.0,2.52,4.96,8.01,164.0,4.97,9.81,15.82,119.0,3.61,7.12,11.48,127.0,3.85,7.6,12.25,264.0,8.0,15.79,25.47,119.0,3.61,7.12,11.48,259.0,7.85,15.49,24.99,99.0,3.0,5.92,9.55,172.0,5.21,10.29,16.59,53.0,1.61,3.17,5.11,24.0,0.73,1.44,2.32,150.0,4.55,8.97,14.47,165.0,5.0,9.87,15.92,44.74,41.93,2.81,107.53,47.0,1.42,2.81,373.18,11.31,0.49,0.52,0.51,0.31,0.73,0.12,0.63,0.33,0.69,0.51,3.17,1.44,0.09,9.87,0.25
2,新北中信特攻,10879|10881,簡廷兆/飛克,31,1152,1408.0,19062.1,317.7,317:42,614.91,10.25,10:15,597.0,19.26,42.4,67.65,586.0,18.9,41.62,66.4,526.0,16.97,37.36,59.6,216.0,6.97,15.34,24.48,302.0,9.74,21.45,34.22,151.0,4.87,10.72,17.11,224.0,7.23,15.91,25.38,65.0,2.1,4.62,7.37,140.0,4.52,9.94,15.86,100.0,3.23,7.1,11.33,96.0,3.1,6.82,10.88,223.0,7.19,15.84,25.27,100.0,3.23,7.1,11.33,223.0,7.19,15.84,25.27,92.0,2.97,6.53,10.42,146.0,4.71,10.37,16.54,46.0,1.48,3.27,5.21,20.0,0.65,1.42,2.27,127.0,4.1,9.02,14.39,167.0,5.39,11.86,18.92,42.4,41.62,0.78,106.36,11.0,0.35,0.78,317.7,10.25,0.47,0.51,0.5,0.29,0.71,0.14,0.68,0.3,0.69,0.5,3.27,1.42,0.09,11.86,0.27
2,新北國王,26|10876,洪志善/尚迪,1,6,10.0,130.2,2.17,02:10,130.2,2.17,02:10,2.0,2.0,20.0,33.18,5.0,5.0,50.0,82.95,3.0,3.0,30.0,49.77,1.0,1.0,10.0,16.59,1.0,1.0,10.0,16.59,1.0,1.0,10.0,16.59,2.0,2.0,20.0,33.18,0.0,0.0,0.0,0.0,0.0,0.0,0.0,0.0,0.0,0.0,0.0,0.0,2.0,2.0,20.0,33.18,0.0,0.0,0.0,0.0,2.0,2.0,20.0,33.18,0.0,0.0,0.0,0.0,2.0,2.0,20.0,33.18,0.0,0.0,0.0,0.0,1.0,1.0,10.0,16.59,0.0,0.0,0.0,0.0,2.0,2.0,20.0,33.18,2.0,2.0,20.0,33.18,20.0,50.0,-30.0,110.6,-3.0,-3.0,-30.0,2.17,2.17,0.33,0.33,1.0,0.0,,0.4,0.0,1.0,0.0,0.5,10.0,0.0,0.2,20.0,0.0
2,新北中信特攻,47|48,曾文鼎/李沛澄,9,105,128.0,1556.3,25.94,25:56,172.92,2.88,02:53,59.0,6.56,46.09,81.89,53.0,5.89,41.41,73.56,48.0,5.33,37.5,66.62,19.0,2.11,14.84,26.37,25.0,2.78,19.53,34.7,12.0,1.33,9.38,16.65,23.0,2.56,17.97,31.92,7.0,0.78,5.47,9.72,17.0,1.89,13.28,23.59,14.0,1.56,10.94,19.43,9.0,1.0,7.03,12.49,20.0,2.22,15.62,27.76,11.0,1.22,8.59,15.27,21.0,2.33,16.41,29.15,6.0,0.67,4.69,8.33,11.0,1.22,8.59,15.27,2.0,0.22,1.56,2.78,1.0,0.11,0.78,1.39,9.0,1.0,7.03,12.49,16.0,1.78,12.5,22.21,46.09,41.41,4.69,118.43,6.0,0.67,4.69,25.94,2.88,0.47,0.53,0.48,0.3,0.82,0.1,0.58,0.3,0.65,0.48,1.56,0.78,0.07,12.5,0.35
2,新北中信特攻,48|10877,李沛澄/阿巴西,10,196,222.0,3060.75,51.01,51:01,306.08,5.1,05:06,130.0,13.0,58.56,91.74,109.0,10.9,49.1,76.92,85.0,8.5,38.29,59.99,43.0,4.3,19.37,30.35,43.0,4.3,19.37,30.35,26.0,2.6,11.71,18.35,42.0,4.2,18.92,29.64,17.0,1.7,7.66,12.0,36.0,3.6,16.22,25.41,28.0,2.8,12.61,19.76,12.0,1.2,5.41,8.47,29.0,2.9,13.06,20.47,8.0,0.8,3.6,5.65,26.0,2.6,11.71,18.35,14.0,1.4,6.31,9.88,23.0,2.3,10.36,16.23,11.0,1.1,4.95,7.76,3.0,0.3,1.35,2.12,22.0,2.2,9.91,15.53,37.0,3.7,16.67,26.11,58.56,49.1,9.46,104.44,21.0,2.1,9.46,51.01,5.1,0.61,0.64,0.6,0.4,0.78,0.12,0.53,0.32,0.78,0.55,4.95,1.35,0.1,16.67,0.42
2,新北中信特攻,48|10879,李沛澄/簡廷兆,10,111,138.0,1622.45,27.04,27:02,162.25,2.7,02:42,63.0,6.3,45.65,83.87,56.0,5.6,40.58,74.55,51.0,5.1,36.96,67.9,17.0,1.7,12.32,22.63,23.0,2.3,16.67,30.62,10.0,1.0,7.25,13.31,28.0,2.8,20.29,37.28,7.0,0.7,5.07,9.32,23.0,2.3,16.67,30.62,20.0,2.0,14.49,26.63,13.0,1.3,9.42,17.31,18.0,1.8,13.04,23.96,6.0,0.6,4.35,7.99,20.0,2.0,14.49,26.63,9.0,0.9,6.52,11.98,9.0,0.9,6.52,11.98,5.0,0.5,3.62,6.66,4.0,0.4,2.9,5.33,14.0,1.4,10.14,18.64,27.0,2.7,19.57,35.95,45.65,40.58,5.07,122.48,7.0,0.7,5.07,27.04,2.7,0.4,0.52,0.43,0.25,0.87,0.13,0.53,0.39,0.75,0.54,3.62,2.9,0.1,19.57,0.45
2,新北中信特攻,48|10881,李沛澄/飛克,10,156,179.0,2375.52,39.59,39:36,237.55,3.96,03:58,89.0,8.9,49.72,80.93,85.0,8.5,47.49,77.29,60.0,6.0,33.52,54.56,28.0,2.8,15.64,25.46,33.0,3.3,18.44,30.01,19.0,1.9,10.61,17.28,27.0,2.7,15.08,24.55,9.0,0.9,5.03,8.18,32.0,3.2,17.88,29.1,25.0,2.5,13.97,22.73,6.0,0.6,3.35,5.46,27.0,2.7,15.08,24.55,11.0,1.1,6.15,10.0,19.0,1.9,10.61,17.28,12.0,1.2,6.7,10.91,19.0,1.9,10.61,17.28,9.0,0.9,5.03,8.18,3.0,0.3,1.68,2.73,14.0,1.4,7.82,12.73,33.0,3.3,18.44,30.01,49.72,47.49,2.23,108.51,4.0,0.4,2.23,39.59,3.96,0.54,0.6,0.58,0.33,0.78,0.14,0.68,0.24,0.71,0.52,5.03,1.68,0.08,18.44,0.53
2,新北中信特攻,47|10882,曾文鼎/霸夫,3,158,192.0,2739.2,45.65,45:39,913.07,15.22,15:13,76.0,25.33,39.58,59.93,80.0,26.67,41.67,63.08,73.0,24.33,38.02,57.56,27.0,9.0,14.06,21.29,35.0,11.67,18.23,27.6,16.0,5.33,8.33,12.62,38.0,12.67,19.79,29.96,11.0,3.67,5.73,8.67,19.0,6.33,9.9,14.98,11.0,3.67,5.73,8.67,15.0,5.0,7.81,11.83,34.0,11.33,17.71,26.81,13.0,4.33,6.77,10.25,25.0,8.33,13.02,19.71,13.0,4.33,6.77,10.25,19.0,6.33,9.9,14.98,7.0,2.33,3.65,5.52,2.0,0.67,1.04,1.58,15.0,5.0,7.81,11.83,17.0,5.67,8.85,13.41,39.58,41.67,-2.08,100.93,-4.0,-1.33,-2.08,45.65,15.22,0.45,0.47,0.46,0.29,0.58,0.14,0.7,0.38,0.72,0.56,3.65,1.04,0.08,8.85,0.26
2,新北中信特攻,48|10882,李沛澄/霸夫,2,28,33.0,425.54,7.09,07:06,212.77,3.55,03:33,14.0,7.0,42.42,71.06,17.0,8.5,51.52,86.29,11.0,5.5,33.33,55.83,5.0,2.5,15.15,25.38,8.0,4.0,24.24,40.61,5.0,2.5,15.15,25.38,3.0,1.5,9.09,15.23,0.0,0.0,0.0,0.0,4.0,2.0,12.12,20.3,4.0,2.0,12.12,20.3,1.0,0.5,3.03,5.08,4.0,2.0,12.12,20.3,3.0,1.5,9.09,15.23,5.0,2.5,15.15,25.38,3.0,1.5,9.09,15.23,2.0,1.0,6.06,10.15,3.0,1.5,9.09,15.23,0.0,0.0,0.0,0.0,1.0,0.5,3.03,5.08,3.0,1.5,9.09,15.23,42.42,51.52,-9.09,111.67,-3.0,-1.5,-9.09,7.09,3.55,0.45,0.55,0.62,0.0,1.0,0.19,0.4,0.17,0.57,0.38,9.09,0.0,0.03,9.09,0.36
2,新北中信特攻,10879|10882,簡廷兆/霸夫,3,72,88.0,1120.52,18.68,18:41,373.51,6.23,06:14,32.0,10.67,36.36,61.69,37.0,12.33,42.05,71.32,30.0,10.0,34.09,57.83,11.0,3.67,12.5,21.2,15.0,5.0,17.05,28.92,7.0,2.33,7.95,13.49,15.0,5.0,17.05,28.92,4.0,1.33,4.55,7.71,9.0,3.0,10.23,17.35,6.0,2.0,6.82,11.57,5.0,1.67,5.68,9.64,15.0,5.0,17.05,28.92,8.0,2.67,9.09,15.42,14.0,4.67,15.91,26.99,5.0,1.67,5.68,9.64,5.0,1.67,5.68,9.64,3.0,1.0,3.41,5.78,0.0,0.0,0.0,0.0,9.0,3.0,10.23,17.35,9.0,3.0,10.23,17.35,36.36,42.05,-5.68,113.09,-5.0,-1.67,-5.68,18.68,6.23,0.43,0.47,0.47,0.27,0.67,0.13,0.45,0.26,0.65,0.48,3.41,0.0,0.1,10.23,0.3
2,新北中信特攻,10881|10882,飛克/霸夫,3,106,124.0,1894.51,31.58,31:35,631.5,10.53,10:32,42.0,14.0,33.87,47.89,49.0,16.33,39.52,55.87,46.0,15.33,37.1,52.45,15.0,5.0,12.1,17.1,21.0,7.0,16.94,23.94,9.0,3.0,7.26,10.26,25.0,8.33,20.16,28.5,6.0,2.0,4.84,6.84,8.0,2.67,6.45,9.12,6.0,2.0,4.84,6.84,7.0,2.33,5.65,7.98,22.0,7.33,17.74,25.08,7.0,2.33,5.65,7.98,19.0,6.33,15.32,21.66,10.0,3.33,8.06,11.4,13.0,4.33,10.48,14.82,6.0,2.0,4.84,6.84,2.0,0.67,1.61,2.28,5.0,1.67,4.03,5.7,11.0,3.67,8.87,12.54,33.87,39.52,-5.65,94.25,-7.0,-2.33,-5.65,31.58,10.53,0.39,0.42,0.43,0.24,0.75,0.17,0.87,0.27,0.76,0.53,4.84,1.61,0.04,8.87,0.17
2,新北中信特攻,44|48,黃泓瀚/李沛澄,10,115,136.0,1620.41,27.01,27:00,162.04,2.7,02:42,60.0,6.0,44.12,79.98,65.0,6.5,47.79,86.64,49.0,4.9,36.03,65.32,21.0,2.1,15.44,27.99,25.0,2.5,18.38,33.32,14.0,1.4,10.29,18.66,24.0,2.4,17.65,31.99,7.0,0.7,5.15,9.33,11.0,1.1,8.09,14.66,11.0,1.1,8.09,14.66,7.0,0.7,5.15,9.33,19.0,1.9,13.97,25.33,10.0,1.0,7.35,13.33,21.0,2.1,15.44,27.99,11.0,1.1,8.09,14.66,15.0,1.5,11.03,19.99,8.0,0.8,5.88,10.66,2.0,0.2,1.47,2.67,9.0,0.9,6.62,12.0,15.0,1.5,11.03,19.99,44.12,47.79,-3.68,120.86,-5.0,-0.5,-3.68,27.01,2.7,0.5,0.56,0.56,0.29,1.0,0.17,0.71,0.25,0.66,0.46,5.88,1.47,0.07,11.03,0.22
2,新北中信特攻,44|10879,黃泓瀚/簡廷兆,19,283,337.0,4241.38,70.69,70:41,223.23,3.72,03:43,118.0,6.21,35.01,60.09,168.0,8.84,49.85,85.56,127.0,6.68,37.69,64.68,43.0,2.26,12.76,21.9,68.0,3.58,20.18,34.63,29.0,1.53,8.61,14.77,59.0,3.11,17.51,30.05,14.0,0.74,4.15,7.13,27.0,1.42,8.01,13.75,18.0,0.95,5.34,9.17,21.0,1.11,6.23,10.69,61.0,3.21,18.1,31.07,24.0,1.26,7.12,12.22,49.0,2.58,14.54,24.95,21.0,1.11,6.23,10.69,24.0,1.26,7.12,12.22,9.0,0.47,2.67,4.58,8.0,0.42,2.37,4.07,24.0,1.26,7.12,12.22,49.0,2.58,14.54,24.95,35.01,49.85,-14.84,114.42,-50.0,-2.63,-14.84,70.69,3.72,0.39,0.42,0.43,0.24,0.67,0.13,0.56,0.3,0.72,0.53,2.67,2.37,0.07,14.54,0.21
2,新北中信特攻,44|10881,黃泓瀚/飛克,30,776,922.0,12369.66,206.16,206:10,412.32,6.87,06:52,408.0,13.6,44.25,71.25,426.0,14.2,46.2,74.39,348.0,11.6,37.74,60.77,158.0,5.27,17.14,27.59,206.0,6.87,22.34,35.97,115.0,3.83,12.47,20.08,142.0,4.73,15.4,24.8,43.0,1.43,4.66,7.51,72.0,2.4,7.81,12.57,51.0,1.7,5.53,8.91,55.0,1.83,5.97,9.6,139.0,4.63,15.08,24.27,60.0,2.0,6.51,10.48,157.0,5.23,17.03,27.42,60.0,2.0,6.51,10.48,92.0,3.07,9.98,16.07,29.0,0.97,3.15,5.06,14.0,0.47,1.52,2.44,80.0,2.67,8.68,13.97,98.0,3.27,10.63,17.11,44.25,46.2,-1.95,107.33,-18.0,-0.6,-1.95,206.16,6.87,0.52,0.54,0.56,0.3,0.71,0.14,0.58,0.26,0.7,0.47,3.15,1.52,0.09,10.63,0.21
2,新北中信特攻,44|10882,黃泓瀚/霸夫,2,41,50.0,614.33,10.24,10:14,307.16,5.12,05:07,15.0,7.5,30.0,52.74,23.0,11.5,46.0,80.87,19.0,9.5,38.0,66.8,7.0,3.5,14.0,24.61,14.0,7.0,28.0,49.22,6.0,3.0,12.0,21.1,5.0,2.5,10.0,17.58,1.0,0.5,2.0,3.52,0.0,0.0,0.0,0.0,0.0,0.0,0.0,0.0,5.0,2.5,10.0,17.58,5.0,2.5,10.0,17.58,4.0,2.0,8.0,14.06,5.0,2.5,10.0,17.58,5.0,2.5,10.0,17.58,4.0,2.0,8.0,14.06,5.0,2.5,10.0,17.58,2.0,1.0,4.0,7.03,1.0,0.5,2.0,3.52,5.0,2.5,10.0,17.58,30.0,46.0,-16.0,117.2,-8.0,-4.0,-16.0,10.24,5.12,0.39,0.39,0.43,0.2,,0.21,0.57,0.5,0.56,0.53,10.0,4.0,0.02,10.0,0.0
2,新北中信特攻,39|44,魏嘉豪/黃泓瀚,25,230,270.0,3514.13,58.57,58:34,140.57,2.34,02:21,103.0,4.12,38.15,63.31,131.0,5.24,48.52,80.52,98.0,3.92,36.3,60.24,34.0,1.36,12.59,20.9,57.0,2.28,21.11,35.04,24.0,0.96,8.89,14.75,41.0,1.64,15.19,25.2,10.0,0.4,3.7,6.15,30.0,1.2,11.11,18.44,25.0,1.0,9.26,15.37,21.0,0.84,7.78,12.91,43.0,1.72,15.93,26.43,14.0,0.56,5.19,8.61,38.0,1.52,14.07,23.36,20.0,0.8,7.41,12.29,24.0,0.96,8.89,14.75,13.0,0.52,4.81,7.99,6.0,0.24,2.22,3.69,24.0,0.96,8.89,14.75,34.0,1.36,12.59,20.9,38.15,48.52,-10.37,110.64,-28.0,-1.12,-10.37,58.57,2.34,0.4,0.46,0.42,0.24,0.83,0.15,0.71,0.36,0.75,0.55,4.81,2.22,0.09,12.59,0.31
2,新北中信特攻,39|10882,魏嘉豪/霸夫,3,82,101.0,1426.76,23.78,23:47,475.58,7.93,07:56,43.0,14.33,42.57,65.1,46.0,15.33,45.54,69.64,39.0,13.0,38.61,59.04,16.0,5.33,15.84,24.22,28.0,9.33,27.72,42.39,12.0,4.0,11.88,18.17,11.0,3.67,10.89,16.65,4.0,1.33,3.96,6.06,8.0,2.67,7.92,12.11,7.0,2.33,6.93,10.6,13.0,4.33,12.87,19.68,11.0,3.67,10.89,16.65,3.0,1.0,2.97,4.54,12.0,4.0,11.88,18.17,10.0,3.33,9.9,15.14,9.0,3.0,8.91,13.63,9.0,3.0,8.91,13.63,2.0,0.67,1.98,3.03,6.0,2.0,5.94,9.08,9.0,3.0,8.91,13.63,42.57,45.54,-2.97,101.94,-3.0,-1.0,-2.97,23.78,7.93,0.46,0.51,0.43,0.36,0.88,0.19,0.56,0.52,0.79,0.62,8.91,1.98,0.06,8.91,0.21
2,新北中信特攻,40|44,謝亞軒/黃泓瀚,23,617,723.0,9632.79,160.55,160:33,418.82,6.98,06:59,309.0,13.43,42.74,69.29,338.0,14.7,46.75,75.79,276.0,12.0,38.17,61.89,121.0,5.26,16.74,27.13,165.0,7.17,22.82,37.0,87.0,3.78,12.03,19.51,111.0,4.83,15.35,24.89,34.0,1.48,4.7,7.62,59.0,2.57,8.16,13.23,33.0,1.43,4.56,7.4,49.0,2.13,6.78,10.99,113.0,4.91,15.63,25.34,40.0,1.74,5.53,8.97,126.0,5.48,17.43,28.25,50.0,2.17,6.92,11.21,75.0,3.26,10.37,16.82,26.0,1.13,3.6,5.83,15.0,0.65,2.07,3.36,62.0,2.7,8.58,13.9,84.0,3.65,11.62,18.84,42.74,46.75,-4.01,108.08,-29.0,-1.26,-4.01,160.55,6.98,0.5,0.51,0.53,0.31,0.56,0.14,0.62,0.28,0.74,0.49,3.6,2.07,0.09,11.62,0.21
2,新北中信特攻,40|10882,謝亞軒/霸夫,3,169,205.0,2901.24,48.35,48:21,967.08,16.12,16:07,74.0,24.67,36.1,55.09,84.0,28.0,40.98,62.54,74.0,24.67,36.1,55.09,27.0,9.0,13.17,20.1,35.0,11.67,17.07,26.06,16.0,5.33,7.8,11.91,39.0,13.0,19.02,29.04,11.0,3.67,5.37,8.19,16.0,5.33,7.8,11.91,9.0,3.0,4.39,6.7,14.0,4.67,6.83,10.42,34.0,11.33,16.59,25.31,17.0,5.67,8.29,12.66,25.0,8.33,12.2,18.61,18.0,6.0,8.78,13.4,18.0,6.0,8.78,13.4,11.0,3.67,5.37,8.19,5.0,1.67,2.44,3.72,19.0,6.33,9.27,14.15,32.0,10.67,15.61,23.82,36.1,40.98,-4.88,101.75,-10.0,-3.33,-4.88,48.35,16.12,0.44,0.46,0.46,0.28,0.56,0.18,0.67,0.36,0.67,0.53,5.37,2.44,0.09,15.61,0.22
2,新北中信特攻,44|10880,黃泓瀚/內馬,24,582,689.0,8735.85,145.6,145:36,363.99,6.07,06:04,316.0,13.17,45.86,78.13,354.0,14.75,51.38,87.53,261.0,10.88,37.88,64.53,117.0,4.88,16.98,28.93,155.0,6.46,22.5,38.32,86.0,3.58,12.48,21.26,106.0,4.42,15.38,26.21,31.0,1.29,4.5,7.66,71.0,2.96,10.3,17.56,53.0,2.21,7.69,13.1,50.0,2.08,7.26,12.36,100.0,4.17,14.51,24.73,43.0,1.79,6.24,10.63,102.0,4.25,14.8,25.22,41.0,1.71,5.95,10.14,74.0,3.08,10.74,18.3,20.0,0.83,2.9,4.95,16.0,0.67,2.32,3.96,60.0,2.5,8.71,14.84,73.0,3.04,10.6,18.05,45.86,51.38,-5.52,113.57,-38.0,-1.58,-5.52,145.6,6.07,0.51,0.54,0.55,0.29,0.75,0.12,0.63,0.33,0.7,0.51,2.9,2.32,0.09,10.6,0.27
2,新北中信特攻,10880|10882,內馬/霸夫,3,121,153.0,2015.32,33.59,33:35,671.77,11.2,11:12,58.0,19.33,37.91,62.16,64.0,21.33,41.83,68.59,52.0,17.33,33.99,55.73,20.0,6.67,13.07,21.44,30.0,10.0,19.61,32.15,13.0,4.33,8.5,13.93,22.0,7.33,14.38,23.58,7.0,2.33,4.58,7.5,16.0,5.33,10.46,17.15,11.0,3.67,7.19,11.79,12.0,4.0,7.84,12.86,23.0,7.67,15.03,24.65,17.0,5.67,11.11,18.22,21.0,7.0,13.73,22.51,14.0,4.67,9.15,15.01,10.0,3.33,6.54,10.72,11.0,3.67,7.19,11.79,3.0,1.0,1.96,3.22,16.0,5.33,10.46,17.15,24.0,8.0,15.69,25.72,37.91,41.83,-3.92,109.32,-6.0,-2.0,-3.92,33.59,11.2,0.45,0.49,0.43,0.32,0.69,0.19,0.5,0.36,0.57,0.48,7.19,1.96,0.1,15.69,0.31
2,新北國王,24|26,蘇士軒/洪志善,3,35,48.0,641.68,10.69,10:42,213.89,3.56,03:34,19.0,6.33,39.58,63.96,17.0,5.67,35.42,57.23,17.0,5.67,35.42,57.23,4.0,1.33,8.33,13.46,8.0,2.67,16.67,26.93,3.0,1.0,6.25,10.1,9.0,3.0,18.75,30.3,1.0,0.33,2.08,3.37,11.0,3.67,22.92,37.03,10.0,3.33,20.83,33.66,5.0,1.67,10.42,16.83,8.0,2.67,16.67,26.93,5.0,1.67,10.42,16.83,5.0,1.67,10.42,16.83,2.0,0.67,4.17,6.73,2.0,0.67,4.17,6.73,2.0,0.67,4.17,6.73,1.0,0.33,2.08,3.37,8.0,2.67,16.67,26.93,6.0,2.0,12.5,20.2,39.58,35.42,4.17,107.72,2.0,0.67,4.17,10.69,3.56,0.26,0.43,0.38,0.11,0.91,0.08,0.5,0.5,0.62,0.57,4.17,2.08,0.17,12.5,0.65
2,新北國王,26|29,洪志善/林書緯,2,63,86.0,1058.47,17.64,17:38,529.23,8.82,08:49,43.0,21.5,50.0,87.75,45.0,22.5,52.33,91.83,36.0,18.0,41.86,73.46,18.0,9.0,20.93,36.73,21.0,10.5,24.42,42.85,13.0,6.5,15.12,26.53,15.0,7.5,17.44,30.61,5.0,2.5,5.81,10.2,5.0,2.5,5.81,10.2,2.0,1.0,2.33,4.08,12.0,6.0,13.95,24.49,7.0,3.5,8.14,14.28,7.0,3.5,8.14,14.28,3.0,1.5,3.49,6.12,5.0,2.5,5.81,10.2,13.0,6.5,15.12,26.53,2.0,1.0,2.33,4.08,3.0,1.5,3.49,6.12,10.0,5.0,11.63,20.41,14.0,7.0,16.28,28.57,50.0,52.33,-2.33,117.0,-2.0,-1.0,-2.33,17.64,8.82,0.57,0.56,0.62,0.33,0.4,0.12,0.72,0.8,0.5,0.66,2.33,3.49,0.12,16.28,0.14
2,新北中信特攻,40|47,謝亞軒/曾文鼎,22,589,696.0,9467.07,157.78,157:47,430.32,7.17,07:10,319.0,14.5,45.83,72.78,321.0,14.59,46.12,73.24,260.0,11.82,37.36,59.32,112.0,5.09,16.09,25.55,137.0,6.23,19.68,31.26,64.0,2.91,9.2,14.6,123.0,5.59,17.67,28.06,48.0,2.18,6.9,10.95,65.0,2.95,9.34,14.83,46.0,2.09,6.61,10.5,49.0,2.23,7.04,11.18,104.0,4.73,14.94,23.73,31.0,1.41,4.45,7.07,103.0,4.68,14.8,23.5,57.0,2.59,8.19,13.01,78.0,3.55,11.21,17.8,29.0,1.32,4.17,6.62,9.0,0.41,1.29,2.05,64.0,2.91,9.2,14.6,69.0,3.14,9.91,15.74,45.83,46.12,-0.29,105.87,-2.0,-0.09,-0.29,157.78,7.17,0.52,0.55,0.47,0.39,0.71,0.16,0.7,0.32,0.77,0.53,4.17,1.29,0.09,9.91,0.25
2,新北中信特攻,40|10879,謝亞軒/簡廷兆,32,773,963.0,12801.06,213.35,213:21,400.03,6.67,06:40,405.0,12.66,42.06,68.34,393.0,12.28,40.81,66.31,342.0,10.69,35.51,57.71,143.0,4.47,14.85,24.13,200.0,6.25,20.77,33.75,97.0,3.03,10.07,16.37,142.0,4.44,14.75,23.96,46.0,1.44,4.78,7.76,109.0,3.41,11.32,18.39,78.0,2.44,8.1,13.16,71.0,2.22,7.37,11.98,137.0,4.28,14.23,23.12,74.0,2.31,7.68,12.49,151.0,4.72,15.68,25.48,73.0,2.28,7.58,12.32,96.0,3.0,9.97,16.2,36.0,1.12,3.74,6.07,16.0,0.5,1.66,2.7,110.0,3.44,11.42,18.56,101.0,3.16,10.49,17.04,42.06,40.81,1.25,108.33,12.0,0.38,1.25,213.35,6.67,0.49,0.52,0.48,0.32,0.72,0.16,0.67,0.32,0.65,0.48,3.74,1.66,0.11,10.49,0.32
2,新北中信特攻,47|10880,曾文鼎/內馬,22,462,541.0,8188.45,136.47,136:28,372.2,6.2,06:12,264.0,12.0,48.8,69.64,233.0,10.59,43.07,61.46,207.0,9.41,38.26,54.6,93.0,4.23,17.19,24.53,115.0,5.23,21.26,30.34,56.0,2.55,10.35,14.77,92.0,4.18,17.01,24.27,37.0,1.68,6.84,9.76,58.0,2.64,10.72,15.3,39.0,1.77,7.21,10.29,36.0,1.64,6.65,9.5,81.0,3.68,14.97,21.37,32.0,1.45,5.91,8.44,86.0,3.91,15.9,22.69,37.0,1.68,6.84,9.76,71.0,3.23,13.12,18.73,18.0,0.82,3.33,4.75,9.0,0.41,1.66,2.37,47.0,2.14,8.69,12.4,48.0,2.18,8.87,12.66,48.8,43.07,5.73,95.14,31.0,1.41,5.73,136.47,6.2,0.54,0.57,0.49,0.4,0.67,0.14,0.76,0.3,0.72,0.5,3.33,1.66,0.09,8.87,0.28
2,新北中信特攻,10879|10880,簡廷兆/內馬,29,1099,1339.0,18897.25,314.95,314:57,651.63,10.86,10:52,556.0,19.17,41.52,63.55,564.0,19.45,42.12,64.47,509.0,17.55,38.01,58.18,205.0,7.07,15.31,23.43,283.0,9.76,21.14,32.35,144.0,4.97,10.75,16.46,226.0,7.79,16.88,25.83,61.0,2.1,4.56,6.97,126.0,4.34,9.41,14.4,88.0,3.03,6.57,10.06,95.0,3.28,7.09,10.86,220.0,7.59,16.43,25.15,92.0,3.17,6.87,10.52,198.0,6.83,14.79,22.63,90.0,3.1,6.72,10.29,132.0,4.55,9.86,15.09,45.0,1.55,3.36,5.14,15.0,0.52,1.12,1.71,117.0,4.03,8.74,13.37,147.0,5.07,10.98,16.8,41.52,42.12,-0.6,102.03,-8.0,-0.28,-0.6,314.95,10.86,0.46,0.49,0.51,0.27,0.7,0.14,0.64,0.32,0.71,0.52,3.36,1.12,0.09,10.98,0.25
2,新北中信特攻,10877|10882,阿巴西/霸夫,2,58,67.0,907.83,15.13,15:08,453.92,7.57,07:34,23.0,11.5,34.33,54.72,29.0,14.5,43.28,69.0,24.0,12.0,35.82,57.1,7.0,3.5,10.45,16.66,9.0,4.5,13.43,21.41,2.0,1.0,2.99,4.76,15.0,7.5,22.39,35.69,5.0,2.5,7.46,11.9,7.0,3.5,10.45,16.66,4.0,2.0,5.97,9.52,2.0,1.0,2.99,4.76,15.0,7.5,22.39,35.69,5.0,2.5,7.46,11.9,7.0,3.5,10.45,16.66,7.0,3.5,10.45,16.66,7.0,3.5,10.45,16.66,5.0,2.5,7.46,11.9,2.0,1.0,2.99,4.76,5.0,2.5,7.46,11.9,9.0,4.5,13.43,21.41,34.33,43.28,-8.96,106.28,-6.0,-3.0,-8.96,15.13,7.57,0.4,0.42,0.22,0.33,0.57,0.21,1.0,0.22,0.75,0.59,7.46,2.99,0.07,13.43,0.29
2,新北中信特攻,113|10877,林任鴻/阿巴西,14,276,350.0,4556.75,75.95,75:57,325.48,5.42,05:25,129.0,9.21,36.86,61.15,144.0,10.29,41.14,68.26,123.0,8.79,35.14,58.3,45.0,3.21,12.86,21.33,71.0,5.07,20.29,33.66,32.0,2.29,9.14,15.17,52.0,3.71,14.86,24.65,13.0,0.93,3.71,6.16,40.0,2.86,11.43,18.96,24.0,1.71,6.86,11.38,31.0,2.21,8.86,14.69,53.0,3.79,15.14,25.12,21.0,1.5,6.0,9.95,50.0,3.57,14.29,23.7,31.0,2.21,8.86,14.69,29.0,2.07,8.29,13.75,21.0,1.5,6.0,9.95,3.0,0.21,0.86,1.42,28.0,2.0,8.0,13.27,33.0,2.36,9.43,15.64,36.86,41.14,-4.29,110.61,-15.0,-1.07,-4.29,75.95,5.42,0.42,0.46,0.45,0.25,0.6,0.18,0.64,0.38,0.72,0.54,6.0,0.86,0.08,9.43,0.33
2,新北中信特攻,113|10879,林任鴻/簡廷兆,18,297,368.0,4887.05,81.45,81:27,271.5,4.53,04:32,144.0,8.0,39.13,63.65,160.0,8.89,43.48,70.72,135.0,7.5,36.68,59.67,49.0,2.72,13.32,21.66,73.0,4.06,19.84,32.26,32.0,1.78,8.7,14.14,62.0,3.44,16.85,27.4,17.0,0.94,4.62,7.51,39.0,2.17,10.6,17.24,31.0,1.72,8.42,13.7,26.0,1.44,7.07,11.49,61.0,3.39,16.58,26.96,27.0,1.5,7.34,11.93,52.0,2.89,14.13,22.98,26.0,1.44,7.07,11.49,29.0,1.61,7.88,12.82,15.0,0.83,4.08,6.63,5.0,0.28,1.36,2.21,31.0,1.72,8.42,13.7,49.0,2.72,13.32,21.66,39.13,43.48,-4.35,108.43,-16.0,-0.89,-4.35,81.45,4.53,0.43,0.47,0.44,0.27,0.79,0.15,0.59,0.33,0.69,0.52,4.08,1.36,0.08,13.32,0.29
2,新北中信特攻,113|10881,林任鴻/飛克,23,373,466.0,5991.55,99.86,99:52,260.5,4.34,04:21,167.0,7.26,35.84,60.2,208.0,9.04,44.64,74.99,167.0,7.26,35.84,60.2,61.0,2.65,13.09,21.99,102.0,4.43,21.89,36.77,45.0,1.96,9.66,16.22,65.0,2.83,13.95,23.43,16.0,0.7,3.43,5.77,44.0,1.91,9.44,15.86,27.0,1.17,5.79,9.73,41.0,1.78,8.8,14.78,70.0,3.04,15.02,25.24,29.0,1.26,6.22,10.45,60.0,2.61,12.88,21.63,38.0,1.65,8.15,13.7,41.0,1.78,8.8,14.78,26.0,1.13,5.58,9.37,3.0,0.13,0.64,1.08,32.0,1.39,6.87,11.54,57.0,2.48,12.23,20.55,35.84,44.64,-8.8,112.0,-41.0,-1.78,-8.8,99.86,4.34,0.41,0.45,0.44,0.25,0.61,0.17,0.67,0.41,0.71,0.56,5.58,0.64,0.07,12.23,0.26
2,新北中信特攻,113|10882,林任鴻/霸夫,3,68,83.0,1019.68,16.99,17:00,339.89,5.66,05:40,28.0,9.33,33.73,59.31,47.0,15.67,56.63,99.56,29.0,9.67,34.94,61.43,11.0,3.67,13.25,23.3,13.0,4.33,15.66,27.54,7.0,2.33,8.43,14.83,16.0,5.33,19.28,33.89,4.0,1.33,4.82,8.47,5.0,1.67,6.02,10.59,2.0,0.67,2.41,4.24,5.0,1.67,6.02,10.59,15.0,5.0,18.07,31.77,7.0,2.33,8.43,14.83,9.0,3.0,10.84,19.06,6.0,2.0,7.23,12.71,6.0,2.0,7.23,12.71,5.0,1.67,6.02,10.59,0.0,0.0,0.0,0.0,6.0,2.0,7.23,12.71,6.0,2.0,7.23,12.71,33.73,56.63,-22.89,117.21,-19.0,-6.33,-22.89,16.99,5.66,0.45,0.45,0.54,0.25,0.4,0.16,0.55,0.36,0.68,0.56,6.02,0.0,0.07,7.23,0.17
2,新北中信特攻,48|113,李沛澄/林任鴻,5,98,109.0,1387.26,23.12,23:07,277.45,4.62,04:37,41.0,8.2,37.61,63.84,59.0,11.8,54.13,91.86,39.0,7.8,35.78,60.72,16.0,3.2,14.68,24.91,22.0,4.4,20.18,34.25,9.0,1.8,8.26,14.01,17.0,3.4,15.6,26.47,7.0,1.4,6.42,10.9,5.0,1.0,4.59,7.79,2.0,0.4,1.83,3.11,4.0,0.8,3.67,6.23,19.0,3.8,17.43,29.58,4.0,0.8,3.67,6.23,15.0,3.0,13.76,23.36,12.0,2.4,11.01,18.68,12.0,2.4,11.01,18.68,10.0,2.0,9.17,15.57,2.0,0.4,1.83,3.11,5.0,1.0,4.59,7.79,22.0,4.4,20.18,34.25,37.61,54.13,-16.51,113.14,-18.0,-3.6,-16.51,23.12,4.62,0.5,0.5,0.41,0.41,0.4,0.23,0.75,0.21,0.83,0.55,9.17,1.83,0.05,20.18,0.13
2,新北中信特攻,40|113,謝亞軒/林任鴻,17,252,302.0,4043.13,67.39,67:23,237.83,3.96,03:58,122.0,7.18,40.4,65.18,136.0,8.0,45.03,72.66,109.0,6.41,36.09,58.23,42.0,2.47,13.91,22.44,65.0,3.82,21.52,34.73,29.0,1.71,9.6,15.49,44.0,2.59,14.57,23.51,13.0,0.76,4.3,6.95,40.0,2.35,13.25,21.37,25.0,1.47,8.28,13.36,22.0,1.29,7.28,11.75,53.0,3.12,17.55,28.31,18.0,1.06,5.96,9.62,42.0,2.47,13.91,22.44,24.0,1.41,7.95,12.82,31.0,1.82,10.26,16.56,13.0,0.76,4.3,6.95,6.0,0.35,1.99,3.21,35.0,2.06,11.59,18.7,32.0,1.88,10.6,17.1,40.4,45.03,-4.64,107.56,-14.0,-0.82,-4.64,67.39,3.96,0.44,0.48,0.45,0.3,0.62,0.16,0.74,0.34,0.75,0.56,4.3,1.99,0.12,10.6,0.37
2,新北中信特攻,113|10880,林任鴻/內馬,21,434,539.0,7066.39,117.77,117:46,336.49,5.61,05:36,189.0,9.0,35.06,57.77,229.0,10.9,42.49,70.0,192.0,9.14,35.62,58.69,68.0,3.24,12.62,20.79,110.0,5.24,20.41,33.62,50.0,2.38,9.28,15.28,82.0,3.9,15.21,25.07,18.0,0.86,3.34,5.5,61.0,2.9,11.32,18.65,37.0,1.76,6.86,11.31,40.0,1.9,7.42,12.23,94.0,4.48,17.44,28.73,39.0,1.86,7.24,11.92,75.0,3.57,13.91,22.93,42.0,2.0,7.79,12.84,44.0,2.1,8.16,13.45,27.0,1.29,5.01,8.25,6.0,0.29,1.11,1.83,52.0,2.48,9.65,15.89,52.0,2.48,9.65,15.89,35.06,42.49,-7.42,109.84,-40.0,-1.9,-7.42,117.77,5.61,0.4,0.43,0.45,0.22,0.61,0.16,0.65,0.35,0.71,0.54,5.01,1.11,0.1,9.65,0.32
2,新北國王,19|21,蘇培凱/李愷諺,2,9,10.0,92.26,1.54,01:32,46.13,0.77,00:46,5.0,2.5,50.0,117.07,1.0,0.5,10.0,23.41,2.0,1.0,20.0,46.83,1.0,0.5,10.0,23.41,2.0,1.0,20.0,46.83,1.0,0.5,10.0,23.41,0.0,0.0,0.0,0.0,0.0,0.0,0.0,0.0,3.0,1.5,30.0,70.24,3.0,1.5,30.0,70.24,1.0,0.5,10.0,23.41,0.0,0.0,0.0,0.0,0.0,0.0,0.0,0.0,3.0,1.5,30.0,70.24,2.0,1.0,20.0,46.83,0.0,0.0,0.0,0.0,1.0,0.5,10.0,23.41,0.0,0.0,0.0,0.0,2.0,1.0,20.0,46.83,2.0,1.0,20.0,46.83,50.0,10.0,40.0,156.09,4.0,2.0,40.0,1.54,0.77,0.5,0.75,0.5,,1.0,0.38,0.0,0.25,,0.25,10.0,0.0,0.2,20.0,1.5
2,新北國王,19|24,蘇培凱/蘇士軒,6,70,86.0,1087.63,18.13,18:08,181.27,3.02,03:01,32.0,5.33,37.21,63.55,33.0,5.5,38.37,65.54,27.0,4.5,31.4,53.62,13.0,2.17,15.12,25.82,19.0,3.17,22.09,37.73,11.0,1.83,12.79,21.85,8.0,1.33,9.3,15.89,2.0,0.33,2.33,3.97,12.0,2.0,13.95,23.83,6.0,1.0,6.98,11.92,7.0,1.17,8.14,13.9,11.0,1.83,12.79,21.85,3.0,0.5,3.49,5.96,16.0,2.67,18.6,31.78,11.0,1.83,12.79,21.85,7.0,1.17,8.14,13.9,7.0,1.17,8.14,13.9,1.0,0.17,1.16,1.99,12.0,2.0,13.95,23.83,10.0,1.67,11.63,19.86,37.21,38.37,-1.16,113.86,-1.0,-0.17,-1.16,18.13,3.02,0.52,0.5,0.58,0.25,0.5,0.25,0.54,0.3,0.79,0.49,8.14,1.16,0.14,11.63,0.44
2,新北中信特攻,44|10877,黃泓瀚/阿巴西,27,721,853.0,11443.89,190.73,190:44,423.85,7.06,07:04,397.0,14.7,46.54,74.93,423.0,15.67,49.59,79.84,325.0,12.04,38.1,61.34,153.0,5.67,17.94,28.88,190.0,7.04,22.27,35.86,107.0,3.96,12.54,20.2,135.0,5.0,15.83,25.48,46.0,1.7,5.39,8.68,67.0,2.48,7.85,12.65,47.0,1.74,5.51,8.87,52.0,1.93,6.1,9.81,127.0,4.7,14.89,23.97,52.0,1.93,6.1,9.81,147.0,5.44,17.23,27.75,54.0,2.0,6.33,10.19,85.0,3.15,9.96,16.04,26.0,0.96,3.05,4.91,11.0,0.41,1.29,2.08,72.0,2.67,8.44,13.59,83.0,3.07,9.73,15.67,46.54,49.59,-3.05,107.33,-26.0,-0.96,-3.05,190.73,7.06,0.54,0.56,0.56,0.34,0.7,0.13,0.56,0.26,0.71,0.47,3.05,1.29,0.08,9.73,0.21
2,新北國王,22|10874,簡祐哲/熊祥泰,18,226,274.0,3923.3,65.39,65:23,217.96,3.63,03:38,102.0,5.67,37.23,56.16,127.0,7.06,46.35,69.92,109.0,6.06,39.78,60.01,40.0,2.22,14.6,22.02,59.0,3.28,21.53,32.48,26.0,1.44,9.49,14.31,50.0,2.78,18.25,27.53,14.0,0.78,5.11,7.71,12.0,0.67,4.38,6.61,8.0,0.44,2.92,4.4,17.0,0.94,6.2,9.36,52.0,2.89,18.98,28.63,22.0,1.22,8.03,12.11,40.0,2.22,14.6,22.02,15.0,0.83,5.47,8.26,18.0,1.0,6.57,9.91,6.0,0.33,2.19,3.3,3.0,0.17,1.09,1.65,23.0,1.28,8.39,12.66,40.0,2.22,14.6,22.02,37.23,46.35,-9.12,100.57,-25.0,-1.39,-9.12,65.39,3.63,0.43,0.45,0.44,0.28,0.67,0.12,0.45,0.3,0.7,0.53,2.19,1.09,0.08,14.6,0.11
2,新北國王,22|25,簡祐哲/林金榜,5,158,187.0,2670.32,44.51,44:30,534.06,8.9,08:54,72.0,14.4,38.5,58.24,87.0,17.4,46.52,70.37,63.0,12.6,33.69,50.96,25.0,5.0,13.37,20.22,36.0,7.2,19.25,29.12,18.0,3.6,9.63,14.56,27.0,5.4,14.44,21.84,7.0,1.4,3.74,5.66,22.0,4.4,11.76,17.8,15.0,3.0,8.02,12.13,14.0,2.8,7.49,11.32,29.0,5.8,15.51,23.46,16.0,3.2,8.56,12.94,27.0,5.4,14.44,21.84,18.0,3.6,9.63,14.56,16.0,3.2,8.56,12.94,13.0,2.6,6.95,10.52,3.0,0.6,1.6,2.43,17.0,3.4,9.09,13.75,17.0,3.4,9.09,13.75,38.5,46.52,-8.02,100.84,-15.0,-3.0,-8.02,44.51,8.9,0.45,0.5,0.5,0.26,0.68,0.2,0.64,0.34,0.64,0.5,6.95,1.6,0.09,9.09,0.35
2,新北國王,25|34,林金榜/沃許本,13,224,278.0,3980.29,66.34,66:20,306.18,5.1,05:06,103.0,7.92,37.05,55.9,114.0,8.77,41.01,61.86,89.0,6.85,32.01,48.3,31.0,2.38,11.15,16.82,52.0,4.0,18.71,28.22,24.0,1.85,8.63,13.02,37.0,2.85,13.31,20.08,7.0,0.54,2.52,3.8,39.0,3.0,14.03,21.16,34.0,2.62,12.23,18.45,19.0,1.46,6.83,10.31,42.0,3.23,15.11,22.79,26.0,2.0,9.35,14.11,47.0,3.62,16.91,25.51,17.0,1.31,6.12,9.23,21.0,1.62,7.55,11.4,11.0,0.85,3.96,5.97,3.0,0.23,1.08,1.63,30.0,2.31,10.79,16.28,14.0,1.08,5.04,7.6,37.05,41.01,-3.96,100.58,-11.0,-0.85,-3.96,66.34,5.1,0.39,0.49,0.46,0.19,0.87,0.14,0.68,0.29,0.62,0.46,3.96,1.08,0.11,5.04,0.44
2,新北國王,23|34,王柏智/沃許本,4,14,16.0,277.14,4.62,04:37,69.28,1.15,01:09,5.0,1.25,31.25,38.97,10.0,2.5,62.5,77.94,4.0,1.0,25.0,31.18,1.0,0.25,6.25,7.79,2.0,0.5,12.5,15.59,1.0,0.25,6.25,7.79,2.0,0.5,12.5,15.59,0.0,0.0,0.0,0.0,5.0,1.25,31.25,38.97,3.0,0.75,18.75,23.38,1.0,0.25,6.25,7.79,4.0,1.0,25.0,31.18,0.0,0.0,0.0,0.0,2.0,0.5,12.5,15.59,2.0,0.5,12.5,15.59,1.0,0.25,6.25,7.79,1.0,0.25,6.25,7.79,1.0,0.25,6.25,7.79,4.0,1.0,25.0,31.18,2.0,0.5,12.5,15.59,31.25,62.5,-31.25,83.14,-5.0,-1.25,-31.25,4.62,1.15,0.25,0.4,0.5,0.0,0.6,0.24,1.0,0.33,1.0,0.71,6.25,6.25,0.25,12.5,1.25
2,新北國王,23|10875,王柏智/傑登,10,129,146.0,2038.11,33.97,33:58,203.81,3.4,03:24,82.0,8.2,56.16,86.9,78.0,7.8,53.42,82.66,59.0,5.9,40.41,62.53,31.0,3.1,21.23,32.85,31.0,3.1,21.23,32.85,21.0,2.1,14.38,22.26,28.0,2.8,19.18,29.67,10.0,1.0,6.85,10.6,16.0,1.6,10.96,16.96,11.0,1.1,7.53,11.66,7.0,0.7,4.79,7.42,22.0,2.2,15.07,23.32,9.0,0.9,6.16,9.54,20.0,2.0,13.7,21.2,7.0,0.7,4.79,7.42,13.0,1.3,8.9,13.78,5.0,0.5,3.42,5.3,0.0,0.0,0.0,0.0,13.0,1.3,8.9,13.78,23.0,2.3,15.75,24.38,56.16,53.42,2.74,103.15,4.0,0.4,2.74,33.97,3.4,0.61,0.62,0.68,0.36,0.69,0.1,0.42,0.26,0.71,0.5,3.42,0.0,0.09,15.75,0.27
2,新北國王,22|10871,簡祐哲/鍾理翔,2,22,28.0,357.02,5.95,05:57,178.51,2.98,02:59,17.0,8.5,60.71,102.85,8.0,4.0,28.57,48.4,12.0,6.0,42.86,72.6,5.0,2.5,17.86,30.25,5.0,2.5,17.86,30.25,3.0,1.5,10.71,18.15,7.0,3.5,25.0,42.35,2.0,1.0,7.14,12.1,8.0,4.0,28.57,48.4,5.0,2.5,17.86,30.25,4.0,2.0,14.29,24.2,6.0,3.0,21.43,36.3,1.0,0.5,3.57,6.05,4.0,2.0,14.29,24.2,0.0,0.0,0.0,0.0,3.0,1.5,10.71,18.15,0.0,0.0,0.0,0.0,0.0,0.0,0.0,0.0,3.0,1.5,10.71,18.15,4.0,2.0,14.29,24.2,60.71,28.57,32.14,112.93,9.0,4.5,32.14,5.95,2.98,0.5,0.55,0.6,0.29,0.62,0.0,0.6,0.5,0.86,0.67,0.0,0.0,0.11,14.29,0.67
2,新北國王,10871|10872,鍾理翔/林彥廷,6,51,69.0,832.37,13.87,13:52,138.73,2.31,02:19,29.0,4.83,42.03,75.26,19.0,3.17,27.54,49.31,22.0,3.67,31.88,57.09,8.0,1.33,11.59,20.76,9.0,1.5,13.04,23.36,6.0,1.0,8.7,15.57,13.0,2.17,18.84,33.74,2.0,0.33,2.9,5.19,20.0,3.33,28.99,51.9,11.0,1.83,15.94,28.55,8.0,1.33,11.59,20.76,12.0,2.0,17.39,31.14,4.0,0.67,5.8,10.38,8.0,1.33,11.59,20.76,5.0,0.83,7.25,12.98,2.0,0.33,2.9,5.19,3.0,0.5,4.35,7.79,0.0,0.0,0.0,0.0,9.0,1.5,13.04,23.36,7.0,1.17,10.14,18.17,42.03,27.54,14.49,119.37,10.0,1.67,14.49,13.87,2.31,0.41,0.47,0.67,0.15,0.55,0.14,0.25,0.5,0.75,0.62,4.35,0.0,0.13,10.14,0.91
2,新北國王,10871|10875,鍾理翔/傑登,4,21,28.0,338.32,5.64,05:38,84.58,1.41,01:25,18.0,4.5,64.29,114.92,11.0,2.75,39.29,70.23,11.0,2.75,39.29,70.23,6.0,1.5,21.43,38.31,9.0,2.25,32.14,57.46,5.0,1.25,17.86,31.92,2.0,0.5,7.14,12.77,1.0,0.25,3.57,6.38,11.0,2.75,39.29,70.23,5.0,1.25,17.86,31.92,4.0,1.0,14.29,25.54,2.0,0.5,7.14,12.77,1.0,0.25,3.57,6.38,2.0,0.5,7.14,12.77,0.0,0.0,0.0,0.0,2.0,0.5,7.14,12.77,0.0,0.0,0.0,0.0,0.0,0.0,0.0,0.0,3.0,0.75,10.71,19.15,5.0,1.25,17.86,31.92,64.29,39.29,25.0,119.18,7.0,1.75,25.0,5.64,1.41,0.59,0.57,0.56,0.5,0.45,0.0,0.33,0.67,0.67,0.67,0.0,0.0,0.11,17.86,1.0
2,新北國王,10871|10876,鍾理翔/尚迪,1,4,7.0,91.85,1.53,01:32,91.85,1.53,01:32,2.0,2.0,28.57,47.03,2.0,2.0,28.57,47.03,2.0,2.0,28.57,47.03,0.0,0.0,0.0,0.0,0.0,0.0,0.0,0.0,0.0,0.0,0.0,0.0,2.0,2.0,28.57,47.03,0.0,0.0,0.0,0.0,4.0,4.0,57.14,94.06,2.0,2.0,28.57,47.03,1.0,1.0,14.29,23.52,3.0,3.0,42.86,70.55,1.0,1.0,14.29,23.52,1.0,1.0,14.29,23.52,0.0,0.0,0.0,0.0,0.0,0.0,0.0,0.0,0.0,0.0,0.0,0.0,0.0,0.0,0.0,0.0,1.0,1.0,14.29,23.52,0.0,0.0,0.0,0.0,28.57,28.57,0.0,109.74,0.0,0.0,0.0,1.53,1.53,0.0,0.27,,0.0,0.5,0.0,,0.5,0.75,0.67,0.0,0.0,0.14,0.0,2.0
2,新北國王,23|10871,王柏智/鍾理翔,6,61,81.0,943.06,15.72,15:43,157.18,2.62,02:37,24.0,4.0,29.63,54.97,28.0,4.67,34.57,64.13,26.0,4.33,32.1,59.55,8.0,1.33,9.88,18.32,9.0,1.5,11.11,20.61,6.0,1.0,7.41,13.74,17.0,2.83,20.99,38.94,2.0,0.33,2.47,4.58,16.0,2.67,19.75,36.65,6.0,1.0,7.41,13.74,9.0,1.5,11.11,20.61,15.0,2.5,18.52,34.36,4.0,0.67,4.94,9.16,10.0,1.67,12.35,22.9,9.0,1.5,11.11,20.61,3.0,0.5,3.7,6.87,7.0,1.17,8.64,16.03,0.0,0.0,0.0,0.0,7.0,1.17,8.64,16.03,11.0,1.83,13.58,25.19,29.63,34.57,-4.94,123.68,-4.0,-0.67,-4.94,15.72,2.62,0.35,0.36,0.67,0.12,0.38,0.21,0.38,0.47,0.79,0.63,8.64,0.0,0.09,13.58,0.62
2,新北中信特攻,44|113,黃泓瀚/林任鴻,12,65,80.0,977.46,16.29,16:17,81.45,1.36,01:21,19.0,1.58,23.75,41.99,40.0,3.33,50.0,88.39,29.0,2.42,36.25,64.08,8.0,0.67,10.0,17.68,18.0,1.5,22.5,39.78,7.0,0.58,8.75,15.47,11.0,0.92,13.75,24.31,1.0,0.08,1.25,2.21,2.0,0.17,2.5,4.42,2.0,0.17,2.5,4.42,7.0,0.58,8.75,15.47,12.0,1.0,15.0,26.52,6.0,0.5,7.5,13.26,12.0,1.0,15.0,26.52,8.0,0.67,10.0,17.68,4.0,0.33,5.0,8.84,5.0,0.42,6.25,11.05,1.0,0.08,1.25,2.21,1.0,0.08,1.25,2.21,6.0,0.5,7.5,13.26,23.75,50.0,-26.25,117.86,-21.0,-1.75,-26.25,16.29,1.36,0.29,0.32,0.39,0.09,1.0,0.21,0.5,0.37,0.67,0.51,6.25,1.25,0.01,7.5,0.07
2,新北中信特攻,48|10880,李沛澄/內馬,14,258,302.0,3885.37,64.76,64:45,277.53,4.63,04:38,157.0,11.21,51.99,87.28,132.0,9.43,43.71,73.38,115.0,8.21,38.08,63.93,52.0,3.71,17.22,28.91,62.0,4.43,20.53,34.47,38.0,2.71,12.58,21.13,53.0,3.79,17.55,29.46,14.0,1.0,4.64,7.78,45.0,3.21,14.9,25.02,39.0,2.79,12.91,21.68,20.0,1.43,6.62,11.12,41.0,2.93,13.58,22.79,16.0,1.14,5.3,8.89,37.0,2.64,12.25,20.57,18.0,1.29,5.96,10.01,28.0,2.0,9.27,15.57,13.0,0.93,4.3,7.23,4.0,0.29,1.32,2.22,33.0,2.36,10.93,18.35,35.0,2.5,11.59,19.46,51.99,43.71,8.28,111.93,25.0,1.79,8.28,64.76,4.63,0.51,0.58,0.61,0.26,0.87,0.12,0.54,0.35,0.72,0.54,4.3,1.32,0.11,11.59,0.39
2,桃園台啤永豐雲豹,54|57,高錦瑋/莊博元,36,3386,4045.0,55669.6,927.83,927:50,1546.38,25.77,25:46,1891.0,52.53,46.75,73.37,1712.0,47.56,42.32,66.43,1515.0,42.08,37.45,58.78,698.0,19.39,17.26,27.08,935.0,25.97,23.11,36.28,495.0,13.75,12.24,19.21,580.0,16.11,14.34,22.5,203.0,5.64,5.02,7.88,376.0,10.44,9.3,14.59,288.0,8.0,7.12,11.17,224.0,6.22,5.54,8.69,627.0,17.42,15.5,24.33,277.0,7.69,6.85,10.75,653.0,18.14,16.14,25.34,250.0,6.94,6.18,9.7,411.0,11.42,10.16,15.95,148.0,4.11,3.66,5.74,63.0,1.75,1.56,2.44,355.0,9.86,8.78,13.77,370.0,10.28,9.15,14.36,46.75,42.32,4.43,104.63,179.0,4.97,4.43,927.83,25.77,0.53,0.56,0.53,0.35,0.77,0.13,0.59,0.26,0.69,0.48,3.66,1.56,0.09,9.15,0.25
2,桃園台啤永豐雲豹,54|62,高錦瑋/王皓吉,33,1757,2103.0,30073.51,501.23,501:14,911.32,15.19,15:11,975.0,29.55,46.36,70.03,938.0,28.42,44.6,67.37,808.0,24.48,38.42,58.03,360.0,10.91,17.12,25.86,465.0,14.09,22.11,33.4,244.0,7.39,11.6,17.53,343.0,10.39,16.31,24.64,116.0,3.52,5.52,8.33,173.0,5.24,8.23,12.43,134.0,4.06,6.37,9.62,131.0,3.97,6.23,9.41,334.0,10.12,15.88,23.99,150.0,4.55,7.13,10.77,321.0,9.73,15.26,23.06,129.0,3.91,6.13,9.27,207.0,6.27,9.84,14.87,74.0,2.24,3.52,5.31,30.0,0.91,1.43,2.15,181.0,5.48,8.61,13.0,190.0,5.76,9.03,13.65,46.36,44.6,1.76,100.7,37.0,1.12,1.76,501.23,15.19,0.52,0.55,0.52,0.34,0.77,0.13,0.57,0.29,0.69,0.5,3.52,1.43,0.09,9.03,0.21
2,桃園台啤永豐雲豹,54|68,高錦瑋/克羅馬,30,3624,4339.0,57988.6,966.48,966:29,1932.95,32.22,32:13,2007.0,66.9,46.25,74.76,1906.0,63.53,43.93,71.0,1638.0,54.6,37.75,61.01,735.0,24.5,16.94,27.38,993.0,33.1,22.89,36.99,510.0,17.0,11.75,19.0,645.0,21.5,14.87,24.03,225.0,7.5,5.19,8.38,415.0,13.83,9.56,15.46,311.0,10.37,7.17,11.58,254.0,8.47,5.85,9.46,696.0,23.2,16.04,25.93,298.0,9.93,6.87,11.1,651.0,21.7,15.0,24.25,253.0,8.43,5.83,9.42,434.0,14.47,10.0,16.17,148.0,4.93,3.41,5.51,60.0,2.0,1.38,2.23,382.0,12.73,8.8,14.23,431.0,14.37,9.93,16.05,46.25,43.93,2.33,107.75,101.0,3.37,2.33,966.48,32.22,0.52,0.55,0.51,0.35,0.75,0.12,0.59,0.28,0.7,0.5,3.41,1.38,0.09,9.93,0.25
2,桃園台啤永豐雲豹,54|10860,高錦瑋/麥卡洛,24,1564,1894.0,25319.96,422.0,422:00,1055.0,17.58,17:35,827.0,34.46,43.66,70.55,798.0,33.25,42.13,68.08,727.0,30.29,38.38,62.02,312.0,13.0,16.47,26.62,478.0,19.92,25.24,40.78,241.0,10.04,12.72,20.56,249.0,10.38,13.15,21.24,71.0,2.96,3.75,6.06,169.0,7.04,8.92,14.42,127.0,5.29,6.71,10.83,128.0,5.33,6.76,10.92,304.0,12.67,16.05,25.93,128.0,5.33,6.76,10.92,297.0,12.38,15.68,25.34,114.0,4.75,6.02,9.73,181.0,7.54,9.56,15.44,59.0,2.46,3.12,5.03,22.0,0.92,1.16,1.88,160.0,6.67,8.45,13.65,192.0,8.0,10.14,16.38,43.66,42.13,1.53,107.72,29.0,1.21,1.53,422.0,17.58,0.48,0.52,0.5,0.29,0.75,0.12,0.58,0.3,0.7,0.5,3.12,1.16,0.08,10.14,0.23
2,桃園台啤永豐雲豹,57|62,莊博元/王皓吉,32,1325,1575.0,23297.06,388.28,388:17,728.03,12.13,12:08,739.0,23.09,46.92,68.52,707.0,22.09,44.89,65.55,601.0,18.78,38.16,55.72,274.0,8.56,17.4,25.4,351.0,10.97,22.29,32.54,187.0,5.84,11.87,17.34,250.0,7.81,15.87,23.18,87.0,2.72,5.52,8.07,129.0,4.03,8.19,11.96,99.0,3.09,6.29,9.18,84.0,2.62,5.33,7.79,255.0,7.97,16.19,23.64,111.0,3.47,7.05,10.29,253.0,7.91,16.06,23.46,97.0,3.03,6.16,8.99,160.0,5.0,10.16,14.83,57.0,1.78,3.62,5.28,29.0,0.91,1.84,2.69,134.0,4.19,8.51,12.42,119.0,3.72,7.56,11.03,46.92,44.89,2.03,97.35,32.0,1.0,2.03,388.28,12.13,0.53,0.56,0.53,0.35,0.77,0.13,0.58,0.25,0.7,0.48,3.62,1.84,0.09,7.56,0.21
2,桃園台啤永豐雲豹,57|68,莊博元/克羅馬,30,2955,3518.0,47078.83,784.65,784:39,1569.29,26.15,26:09,1643.0,54.77,46.7,75.38,1546.0,51.53,43.95,70.93,1308.0,43.6,37.18,60.01,602.0,20.07,17.11,27.62,810.0,27.0,23.02,37.16,423.0,14.1,12.02,19.41,498.0,16.6,14.16,22.85,179.0,5.97,5.09,8.21,342.0,11.4,9.72,15.69,258.0,8.6,7.33,11.84,187.0,6.23,5.32,8.58,553.0,18.43,15.72,25.37,246.0,8.2,6.99,11.29,533.0,17.77,15.15,24.45,215.0,7.17,6.11,9.86,351.0,11.7,9.98,16.1,132.0,4.4,3.75,6.06,54.0,1.8,1.53,2.48,316.0,10.53,8.98,14.5,337.0,11.23,9.58,15.46,46.7,43.95,2.76,107.61,97.0,3.23,2.76,784.65,26.15,0.53,0.56,0.52,0.36,0.75,0.13,0.58,0.26,0.69,0.49,3.75,1.53,0.09,9.58,0.26
2,桃園台啤永豐雲豹,57|10860,莊博元/麥卡洛,24,1277,1534.0,20640.53,344.01,344:01,860.02,14.33,14:20,681.0,28.38,44.39,71.27,656.0,27.33,42.76,68.65,564.0,23.5,36.77,59.02,254.0,10.58,16.56,26.58,378.0,15.75,24.64,39.56,197.0,8.21,12.84,20.62,186.0,7.75,12.13,19.46,57.0,2.38,3.72,5.96,157.0,6.54,10.23,16.43,115.0,4.79,7.5,12.03,93.0,3.88,6.06,9.73,230.0,9.58,14.99,24.07,101.0,4.21,6.58,10.57,237.0,9.88,15.45,24.8,106.0,4.42,6.91,11.09,148.0,6.17,9.65,15.49,56.0,2.33,3.65,5.86,23.0,0.96,1.5,2.41,138.0,5.75,9.0,14.44,155.0,6.46,10.1,16.22,44.39,42.76,1.63,107.02,25.0,1.04,1.63,344.01,14.33,0.5,0.54,0.52,0.31,0.73,0.14,0.58,0.28,0.69,0.49,3.65,1.5,0.09,10.1,0.28
2,桃園台啤永豐雲豹,62|68,王皓吉/克羅馬,29,1724,2052.0,27499.9,458.33,458:20,948.27,15.8,15:48,961.0,33.14,46.83,75.48,953.0,32.86,46.44,74.85,777.0,26.79,37.87,61.03,353.0,12.17,17.2,27.73,451.0,15.55,21.98,35.42,237.0,8.17,11.55,18.62,326.0,11.24,15.89,25.61,116.0,4.0,5.65,9.11,179.0,6.17,8.72,14.06,139.0,4.79,6.77,10.92,116.0,4.0,5.65,9.11,324.0,11.17,15.79,25.45,145.0,5.0,7.07,11.39,305.0,10.52,14.86,23.96,126.0,4.34,6.14,9.9,205.0,7.07,9.99,16.1,74.0,2.55,3.61,5.81,31.0,1.07,1.51,2.43,177.0,6.1,8.63,13.9,176.0,6.07,8.58,13.82,46.83,46.44,0.39,107.45,8.0,0.28,0.39,458.33,15.8,0.53,0.56,0.53,0.36,0.78,0.13,0.58,0.28,0.69,0.49,3.61,1.51,0.09,8.58,0.23
2,桃園台啤永豐雲豹,62|10860,王皓吉/麥卡洛,23,680,813.0,10716.0,178.6,178:36,465.91,7.77,07:46,347.0,15.09,42.68,69.94,347.0,15.09,42.68,69.94,302.0,13.13,37.15,60.87,128.0,5.57,15.74,25.8,207.0,9.0,25.46,41.72,103.0,4.48,12.67,20.76,95.0,4.13,11.69,19.15,25.0,1.09,3.08,5.04,74.0,3.22,9.1,14.92,56.0,2.43,6.89,11.29,46.0,2.0,5.66,9.27,130.0,5.65,15.99,26.2,62.0,2.7,7.63,12.5,127.0,5.52,15.62,25.6,48.0,2.09,5.9,9.68,71.0,3.09,8.73,14.31,24.0,1.04,2.95,4.84,8.0,0.35,0.98,1.61,71.0,3.09,8.73,14.31,76.0,3.3,9.35,15.32,42.68,42.68,0.0,109.25,0.0,0.0,0.0,178.6,7.77,0.47,0.52,0.5,0.26,0.76,0.13,0.55,0.27,0.68,0.48,2.95,0.98,0.09,9.35,0.25
2,桃園台啤永豐雲豹,68|10860,克羅馬/麥卡洛,18,1098,1303.0,17496.32,291.61,291:36,972.02,16.2,16:12,579.0,32.17,44.44,71.48,580.0,32.22,44.51,71.6,496.0,27.56,38.07,61.23,219.0,12.17,16.81,27.04,342.0,19.0,26.25,42.22,169.0,9.39,12.97,20.86,154.0,8.56,11.82,19.01,50.0,2.78,3.84,6.17,123.0,6.83,9.44,15.18,89.0,4.94,6.83,10.99,81.0,4.5,6.22,10.0,209.0,11.61,16.04,25.8,82.0,4.56,6.29,10.12,191.0,10.61,14.66,23.58,84.0,4.67,6.45,10.37,124.0,6.89,9.52,15.31,47.0,2.61,3.61,5.8,17.0,0.94,1.3,2.1,109.0,6.06,8.37,13.46,139.0,7.72,10.67,17.16,44.44,44.51,-0.08,107.24,-1.0,-0.06,-0.08,291.61,16.2,0.49,0.53,0.49,0.32,0.72,0.13,0.57,0.3,0.72,0.52,3.61,1.3,0.08,10.67,0.25
2,桃園台啤永豐雲豹,16|54,米勒/高錦瑋,30,2582,3101.0,43041.43,717.36,717:21,1434.71,23.91,23:55,1377.0,45.9,44.41,69.1,1290.0,43.0,41.6,64.74,1149.0,38.3,37.05,57.66,501.0,16.7,16.16,25.14,670.0,22.33,21.61,33.62,340.0,11.33,10.96,17.06,479.0,15.97,15.45,24.04,161.0,5.37,5.19,8.08,286.0,9.53,9.22,14.35,212.0,7.07,6.84,10.64,174.0,5.8,5.61,8.73,501.0,16.7,16.16,25.14,224.0,7.47,7.22,11.24,503.0,16.77,16.22,25.24,189.0,6.3,6.09,9.48,305.0,10.17,9.84,15.31,115.0,3.83,3.71,5.77,46.0,1.53,1.48,2.31,268.0,8.93,8.64,13.45,302.0,10.07,9.74,15.16,44.41,41.6,2.81,103.75,87.0,2.9,2.81,717.36,23.91,0.51,0.54,0.51,0.34,0.74,0.13,0.61,0.26,0.69,0.48,3.71,1.48,0.09,9.74,0.25
2,桃園台啤永豐雲豹,16|57,米勒/莊博元,30,2166,2598.0,36654.44,610.91,610:54,1221.81,20.36,20:22,1167.0,38.9,44.92,68.77,1096.0,36.53,42.19,64.59,961.0,32.03,36.99,56.63,426.0,14.2,16.4,25.1,564.0,18.8,21.71,33.24,295.0,9.83,11.35,17.38,397.0,13.23,15.28,23.39,131.0,4.37,5.04,7.72,246.0,8.2,9.47,14.5,181.0,6.03,6.97,10.67,143.0,4.77,5.5,8.43,416.0,13.87,16.01,24.51,186.0,6.2,7.16,10.96,429.0,14.3,16.51,25.28,154.0,5.13,5.93,9.08,258.0,8.6,9.93,15.2,96.0,3.2,3.7,5.66,45.0,1.5,1.73,2.65,227.0,7.57,8.74,13.38,231.0,7.7,8.89,13.61,44.92,42.19,2.73,102.06,71.0,2.37,2.73,610.91,20.36,0.51,0.55,0.52,0.33,0.74,0.13,0.61,0.25,0.69,0.48,3.7,1.73,0.09,8.89,0.26
2,桃園台啤永豐雲豹,16|58,米勒/林信寬,28,2093,2522.0,33510.5,558.51,558:30,1196.8,19.95,19:57,1051.0,37.54,41.67,67.74,993.0,35.46,39.37,64.01,913.0,32.61,36.2,58.85,394.0,14.07,15.62,25.4,597.0,21.32,23.67,38.48,299.0,10.68,11.86,19.27,316.0,11.29,12.53,20.37,95.0,3.39,3.77,6.12,258.0,9.21,10.23,16.63,173.0,6.18,6.86,11.15,147.0,5.25,5.83,9.48,398.0,14.21,15.78,25.65,177.0,6.32,7.02,11.41,416.0,14.86,16.49,26.81,167.0,5.96,6.62,10.76,238.0,8.5,9.44,15.34,94.0,3.36,3.73,6.06,46.0,1.64,1.82,2.97,228.0,8.14,9.04,14.7,263.0,9.39,10.43,16.95,41.67,39.37,2.3,108.37,58.0,2.07,2.3,558.51,19.95,0.48,0.51,0.5,0.3,0.67,0.14,0.6,0.26,0.69,0.48,3.73,1.82,0.09,10.43,0.28
2,桃園台啤永豐雲豹,16|10860,米勒/麥卡洛,18,965,1165.0,15717.46,261.96,261:57,873.19,14.55,14:33,482.0,26.78,41.37,66.24,448.0,24.89,38.45,61.57,422.0,23.44,36.22,57.99,185.0,10.28,15.88,25.42,277.0,15.39,23.78,38.07,146.0,8.11,12.53,20.06,145.0,8.06,12.45,19.93,39.0,2.17,3.35,5.36,103.0,5.72,8.84,14.15,68.0,3.78,5.84,9.35,68.0,3.78,5.84,9.35,176.0,9.78,15.11,24.19,88.0,4.89,7.55,12.09,201.0,11.17,17.25,27.62,83.0,4.61,7.12,11.41,113.0,6.28,9.7,15.53,50.0,2.78,4.29,6.87,18.0,1.0,1.55,2.47,92.0,5.11,7.9,12.64,112.0,6.22,9.61,15.39,41.37,38.45,2.92,106.73,34.0,1.89,2.92,261.96,14.55,0.48,0.52,0.53,0.27,0.66,0.15,0.61,0.25,0.67,0.46,4.29,1.55,0.08,9.61,0.24
2,桃園台啤永豐雲豹,54|58,高錦瑋/林信寬,34,2181,2640.0,33972.16,566.2,566:12,999.18,16.65,16:39,1137.0,33.44,43.07,72.29,1099.0,32.32,41.63,69.88,994.0,29.24,37.65,63.2,416.0,12.24,15.76,26.45,631.0,18.56,23.9,40.12,311.0,9.15,11.78,19.77,363.0,10.68,13.75,23.08,105.0,3.09,3.98,6.68,284.0,8.35,10.76,18.06,203.0,5.97,7.69,12.91,175.0,5.15,6.63,11.13,431.0,12.68,16.33,27.4,171.0,5.03,6.48,10.87,406.0,11.94,15.38,25.81,153.0,4.5,5.8,9.73,247.0,7.26,9.36,15.7,84.0,2.47,3.18,5.34,35.0,1.03,1.33,2.23,247.0,7.26,9.36,15.7,290.0,8.53,10.98,18.44,43.07,41.63,1.44,111.9,38.0,1.12,1.44,566.2,16.65,0.47,0.51,0.49,0.29,0.71,0.12,0.59,0.3,0.72,0.51,3.18,1.33,0.09,10.98,0.29
2,桃園台啤永豐雲豹,57|58,莊博元/林信寬,34,1516,1812.0,23022.1,383.7,383:42,677.12,11.29,11:17,786.0,23.12,43.38,73.74,740.0,21.76,40.84,69.43,652.0,19.18,35.98,61.17,289.0,8.5,15.95,27.11,437.0,12.85,24.12,41.0,226.0,6.65,12.47,21.2,215.0,6.32,11.87,20.17,63.0,1.85,3.48,5.91,203.0,5.97,11.2,19.05,147.0,4.32,8.11,13.79,103.0,3.03,5.68,9.66,278.0,8.18,15.34,26.08,109.0,3.21,6.02,10.23,288.0,8.47,15.89,27.02,125.0,3.68,6.9,11.73,171.0,5.03,9.44,16.04,76.0,2.24,4.19,7.13,31.0,0.91,1.71,2.91,173.0,5.09,9.55,16.23,175.0,5.15,9.66,16.42,43.38,40.84,2.54,113.34,46.0,1.35,2.54,383.7,11.29,0.49,0.53,0.52,0.29,0.72,0.14,0.59,0.26,0.72,0.49,4.19,1.71,0.1,9.66,0.31
2,桃園台啤永豐雲豹,58|10860,林信寬/麥卡洛,24,1874,2289.0,29876.55,497.94,497:57,1244.86,20.75,20:45,943.0,39.29,41.2,68.18,915.0,38.12,39.97,66.15,826.0,34.42,36.09,59.72,354.0,14.75,15.47,25.59,560.0,23.33,24.46,40.49,281.0,11.71,12.28,20.32,266.0,11.08,11.62,19.23,73.0,3.04,3.19,5.28,236.0,9.83,10.31,17.06,159.0,6.62,6.95,11.5,149.0,6.21,6.51,10.77,343.0,14.29,14.98,24.8,171.0,7.12,7.47,12.36,345.0,14.38,15.07,24.94,170.0,7.08,7.43,12.29,214.0,8.92,9.35,15.47,97.0,4.04,4.24,7.01,32.0,1.33,1.4,2.31,197.0,8.21,8.61,14.24,219.0,9.12,9.57,15.83,41.2,39.97,1.22,110.33,28.0,1.17,1.22,497.94,20.75,0.47,0.51,0.5,0.27,0.67,0.15,0.6,0.3,0.67,0.49,4.24,1.4,0.09,9.57,0.29
2,桃園台啤永豐雲豹,16|62,米勒/王皓吉,28,1294,1529.0,22584.61,376.41,376:25,806.59,13.44,13:27,705.0,25.18,46.11,67.43,714.0,25.5,46.7,68.29,581.0,20.75,38.0,55.57,260.0,9.29,17.0,24.87,333.0,11.89,21.78,31.85,177.0,6.32,11.58,16.93,248.0,8.86,16.22,23.72,83.0,2.96,5.43,7.94,130.0,4.64,8.5,12.43,100.0,3.57,6.54,9.56,80.0,2.86,5.23,7.65,255.0,9.11,16.68,24.39,107.0,3.82,7.0,10.23,235.0,8.39,15.37,22.48,86.0,3.07,5.62,8.23,156.0,5.57,10.2,14.92,54.0,1.93,3.53,5.16,24.0,0.86,1.57,2.3,136.0,4.86,8.89,13.01,149.0,5.32,9.74,14.25,46.11,46.7,-0.59,97.49,-9.0,-0.32,-0.59,376.41,13.44,0.52,0.55,0.53,0.33,0.77,0.12,0.6,0.25,0.7,0.49,3.53,1.57,0.09,9.74,0.22
2,桃園台啤永豐雲豹,16|68,米勒/克羅馬,24,1863,2239.0,29762.79,496.05,496:03,1240.12,20.67,20:40,1012.0,42.17,45.2,73.44,1004.0,41.83,44.84,72.86,830.0,34.58,37.07,60.24,362.0,15.08,16.17,26.27,455.0,18.96,20.32,33.02,232.0,9.67,10.36,16.84,375.0,15.62,16.75,27.22,130.0,5.42,5.81,9.43,210.0,8.75,9.38,15.24,160.0,6.67,7.15,11.61,117.0,4.88,5.23,8.49,373.0,15.54,16.66,27.07,168.0,7.0,7.5,12.19,324.0,13.5,14.47,23.51,123.0,5.12,5.49,8.93,211.0,8.79,9.42,15.31,76.0,3.17,3.39,5.52,34.0,1.42,1.52,2.47,193.0,8.04,8.62,14.01,234.0,9.75,10.45,16.98,45.2,44.84,0.36,108.33,8.0,0.33,0.36,496.05,20.67,0.51,0.55,0.51,0.35,0.76,0.12,0.58,0.27,0.69,0.5,3.39,1.52,0.09,10.45,0.25
2,桃園台啤永豐雲豹,58|62,林信寬/王皓吉,27,707,851.0,10756.09,179.27,179:16,398.37,6.64,06:38,365.0,13.52,42.89,73.3,380.0,14.07,44.65,76.31,315.0,11.67,37.02,63.26,139.0,5.15,16.33,27.91,201.0,7.44,23.62,40.36,106.0,3.93,12.46,21.29,114.0,4.22,13.4,22.89,33.0,1.22,3.88,6.63,80.0,2.96,9.4,16.07,57.0,2.11,6.7,11.45,53.0,1.96,6.23,10.64,130.0,4.81,15.28,26.11,64.0,2.37,7.52,12.85,125.0,4.63,14.69,25.1,53.0,1.96,6.23,10.64,84.0,3.11,9.87,16.87,29.0,1.07,3.41,5.82,10.0,0.37,1.18,2.01,78.0,2.89,9.17,15.66,88.0,3.26,10.34,17.67,42.89,44.65,-1.76,113.93,-15.0,-0.56,-1.76,179.27,6.64,0.49,0.52,0.53,0.29,0.71,0.13,0.6,0.3,0.67,0.49,3.41,1.18,0.09,10.34,0.25
2,桃園台啤永豐雲豹,58|68,林信寬/克羅馬,28,1907,2295.0,29011.96,483.53,483:32,1036.14,17.27,17:16,1018.0,36.36,44.36,75.79,1008.0,36.0,43.92,75.05,848.0,30.29,36.95,63.14,373.0,13.32,16.25,27.77,548.0,19.57,23.88,40.8,276.0,9.86,12.03,20.55,300.0,10.71,13.07,22.34,97.0,3.46,4.23,7.22,258.0,9.21,11.24,19.21,181.0,6.46,7.89,13.48,141.0,5.04,6.14,10.5,366.0,13.07,15.95,27.25,155.0,5.54,6.75,11.54,315.0,11.25,13.73,23.45,139.0,4.96,6.06,10.35,216.0,7.71,9.41,16.08,83.0,2.96,3.62,6.18,29.0,1.04,1.26,2.16,207.0,7.39,9.02,15.41,252.0,9.0,10.98,18.76,44.36,43.92,0.44,113.91,10.0,0.36,0.44,483.53,17.27,0.5,0.53,0.5,0.32,0.7,0.13,0.58,0.31,0.7,0.52,3.62,1.26,0.09,10.98,0.3
2,桃園台啤永豐雲豹,12|16,曹薰襄/米勒,30,1542,1834.0,25778.13,429.64,429:38,859.27,14.32,14:19,752.0,25.07,41.0,63.01,764.0,25.47,41.66,64.02,657.0,21.9,35.82,55.05,282.0,9.4,15.38,23.63,427.0,14.23,23.28,35.78,216.0,7.2,11.78,18.1,230.0,7.67,12.54,19.27,66.0,2.2,3.6,5.53,183.0,6.1,9.98,15.33,124.0,4.13,6.76,10.39,106.0,3.53,5.78,8.88,288.0,9.6,15.7,24.13,131.0,4.37,7.14,10.98,303.0,10.1,16.52,25.39,132.0,4.4,7.2,11.06,167.0,5.57,9.11,13.99,74.0,2.47,4.03,6.2,31.0,1.03,1.69,2.6,157.0,5.23,8.56,13.16,198.0,6.6,10.8,16.59,41.0,41.66,-0.65,102.45,-12.0,-0.4,-0.65,429.64,14.32,0.48,0.51,0.51,0.29,0.68,0.15,0.59,0.26,0.69,0.48,4.03,1.69,0.09,10.8,0.28
2,桃園台啤永豐雲豹,12|58,曹薰襄/林信寬,34,1897,2291.0,30357.62,505.96,505:58,892.87,14.88,14:53,931.0,27.38,40.64,66.24,936.0,27.53,40.86,66.6,800.0,23.53,34.92,56.92,353.0,10.38,15.41,25.12,572.0,16.82,24.97,40.7,288.0,8.47,12.57,20.49,228.0,6.71,9.95,16.22,65.0,1.91,2.84,4.62,258.0,7.59,11.26,18.36,165.0,4.85,7.2,11.74,130.0,3.82,5.67,9.25,346.0,10.18,15.1,24.62,179.0,5.26,7.81,12.74,353.0,10.38,15.41,25.12,172.0,5.06,7.51,12.24,217.0,6.38,9.47,15.44,92.0,2.71,4.02,6.55,35.0,1.03,1.53,2.49,202.0,5.94,8.82,14.37,207.0,6.09,9.04,14.73,40.64,40.86,-0.22,108.67,-5.0,-0.15,-0.22,505.96,14.88,0.48,0.51,0.5,0.29,0.64,0.16,0.61,0.27,0.66,0.47,4.02,1.53,0.09,9.04,0.32
2,桃園台啤永豐雲豹,12|62,曹薰襄/王皓吉,30,676,787.0,10624.13,177.07,177:04,354.14,5.9,05:54,357.0,11.9,45.36,72.58,372.0,12.4,47.27,75.63,273.0,9.1,34.69,55.5,129.0,4.3,16.39,26.23,187.0,6.23,23.76,38.02,99.0,3.3,12.58,20.13,86.0,2.87,10.93,17.48,30.0,1.0,3.81,6.1,93.0,3.1,11.82,18.91,67.0,2.23,8.51,13.62,31.0,1.03,3.94,6.3,118.0,3.93,14.99,23.99,49.0,1.63,6.23,9.96,119.0,3.97,15.12,24.19,54.0,1.8,6.86,10.98,78.0,2.6,9.91,15.86,30.0,1.0,3.81,6.1,9.0,0.3,1.14,1.83,81.0,2.7,10.29,16.47,83.0,2.77,10.55,16.87,45.36,47.27,-1.91,106.67,-15.0,-0.5,-1.91,177.07,5.9,0.53,0.57,0.53,0.35,0.72,0.15,0.6,0.21,0.71,0.47,3.81,1.14,0.1,10.55,0.34
2,桃園台啤永豐雲豹,12|68,曹薰襄/克羅馬,30,1138,1331.0,17383.66,289.73,289:44,579.46,9.66,09:39,600.0,20.0,45.08,74.55,608.0,20.27,45.68,75.55,481.0,16.03,36.14,59.77,218.0,7.27,16.38,27.09,310.0,10.33,23.29,38.52,160.0,5.33,12.02,19.88,171.0,5.7,12.85,21.25,58.0,1.93,4.36,7.21,155.0,5.17,11.65,19.26,110.0,3.67,8.26,13.67,66.0,2.2,4.96,8.2,212.0,7.07,15.93,26.34,85.0,2.83,6.39,10.56,194.0,6.47,14.58,24.11,84.0,2.8,6.31,10.44,134.0,4.47,10.07,16.65,49.0,1.63,3.68,6.09,12.0,0.4,0.9,1.49,111.0,3.7,8.34,13.79,149.0,4.97,11.19,18.51,45.08,45.68,-0.6,110.26,-8.0,-0.27,-0.6,289.73,9.66,0.51,0.55,0.52,0.34,0.71,0.13,0.61,0.25,0.71,0.5,3.68,0.9,0.08,11.19,0.32
2,桃園台啤永豐雲豹,12|10860,曹薰襄/麥卡洛,24,1450,1754.0,23279.67,387.99,388:00,969.99,16.17,16:10,740.0,30.83,42.19,68.66,679.0,28.29,38.71,63.0,621.0,25.88,35.4,57.62,283.0,11.79,16.13,26.26,442.0,18.42,25.2,41.01,224.0,9.33,12.77,20.78,179.0,7.46,10.21,16.61,59.0,2.46,3.36,5.47,175.0,7.29,9.98,16.24,112.0,4.67,6.39,10.39,107.0,4.46,6.1,9.93,244.0,10.17,13.91,22.64,131.0,5.46,7.47,12.15,279.0,11.62,15.91,25.89,141.0,5.88,8.04,13.08,174.0,7.25,9.92,16.14,78.0,3.25,4.45,7.24,22.0,0.92,1.25,2.04,144.0,6.0,8.21,13.36,159.0,6.62,9.06,14.75,42.19,38.71,3.48,108.5,61.0,2.54,3.48,387.99,16.17,0.5,0.53,0.51,0.33,0.64,0.17,0.61,0.28,0.65,0.46,4.45,1.25,0.08,9.06,0.28
2,桃園台啤永豐雲豹,12|56,曹薰襄/丁冠皓,5,47,57.0,763.52,12.73,12:44,152.7,2.55,02:33,29.0,5.8,50.88,82.04,28.0,5.6,49.12,79.21,20.0,4.0,35.09,56.58,12.0,2.4,21.05,33.95,13.0,2.6,22.81,36.78,10.0,2.0,17.54,28.29,7.0,1.4,12.28,19.8,2.0,0.4,3.51,5.66,5.0,1.0,8.77,14.15,2.0,0.4,3.51,5.66,2.0,0.4,3.51,5.66,8.0,1.6,14.04,22.63,3.0,0.6,5.26,8.49,6.0,1.2,10.53,16.97,3.0,0.6,5.26,8.49,5.0,1.0,8.77,14.15,3.0,0.6,5.26,8.49,0.0,0.0,0.0,0.0,3.0,0.6,5.26,8.49,4.0,0.8,7.02,11.32,50.88,49.12,1.75,107.5,1.0,0.2,1.75,12.73,2.55,0.65,0.65,0.77,0.29,0.4,0.12,0.42,0.25,0.73,0.53,5.26,0.0,0.05,7.02,0.25
2,桃園台啤永豐雲豹,56|62,丁冠皓/王皓吉,1,10,11.0,138.0,2.3,02:18,138.0,2.3,02:18,5.0,5.0,45.45,78.26,7.0,7.0,63.64,109.57,4.0,4.0,36.36,62.61,2.0,2.0,18.18,31.3,3.0,3.0,27.27,46.96,2.0,2.0,18.18,31.3,1.0,1.0,9.09,15.65,0.0,0.0,0.0,0.0,0.0,0.0,0.0,0.0,0.0,0.0,0.0,0.0,0.0,0.0,0.0,0.0,2.0,2.0,18.18,31.3,1.0,1.0,9.09,15.65,2.0,2.0,18.18,31.3,1.0,1.0,9.09,15.65,0.0,0.0,0.0,0.0,1.0,1.0,9.09,15.65,0.0,0.0,0.0,0.0,0.0,0.0,0.0,0.0,2.0,2.0,18.18,31.3,45.45,63.64,-18.18,114.78,-2.0,-2.0,-18.18,2.3,2.3,0.5,0.62,0.67,0.0,,0.2,0.0,0.0,0.67,0.4,9.09,0.0,0.0,18.18,0.0
2,桃園台啤永豐雲豹,56|68,丁冠皓/克羅馬,3,22,23.0,300.0,5.0,05:00,100.0,1.67,01:40,11.0,3.67,47.83,79.2,14.0,4.67,60.87,100.8,9.0,3.0,39.13,64.8,5.0,1.67,21.74,36.0,8.0,2.67,34.78,57.6,5.0,1.67,21.74,36.0,1.0,0.33,4.35,7.2,0.0,0.0,0.0,0.0,0.0,0.0,0.0,0.0,0.0,0.0,0.0,0.0,0.0,0.0,0.0,0.0,4.0,1.33,17.39,28.8,1.0,0.33,4.35,7.2,4.0,1.33,17.39,28.8,2.0,0.67,8.7,14.4,2.0,0.67,8.7,14.4,2.0,0.67,8.7,14.4,1.0,0.33,4.35,7.2,0.0,0.0,0.0,0.0,2.0,0.67,8.7,14.4,47.83,60.87,-13.04,110.4,-3.0,-1.0,-13.04,5.0,1.67,0.56,0.61,0.62,0.0,,0.18,0.4,0.0,0.8,0.44,8.7,4.35,0.0,8.7,0.0
2,桃園台啤永豐雲豹,56|10860,丁冠皓/麥卡洛,4,36,42.0,559.12,9.32,09:19,139.78,2.33,02:20,21.0,5.25,50.0,81.13,25.0,6.25,59.52,96.58,15.0,3.75,35.71,57.95,9.0,2.25,21.43,34.77,11.0,2.75,26.19,42.5,8.0,2.0,19.05,30.91,4.0,1.0,9.52,15.45,1.0,0.25,2.38,3.86,3.0,0.75,7.14,11.59,1.0,0.25,2.38,3.86,1.0,0.25,2.38,3.86,6.0,1.5,14.29,23.18,2.0,0.5,4.76,7.73,6.0,1.5,14.29,23.18,3.0,0.75,7.14,11.59,3.0,0.75,7.14,11.59,3.0,0.75,7.14,11.59,1.0,0.25,2.38,3.86,2.0,0.5,4.76,7.73,2.0,0.5,4.76,7.73,50.0,59.52,-9.52,108.17,-4.0,-1.0,-9.52,9.32,2.33,0.63,0.64,0.73,0.25,0.33,0.16,0.33,0.14,0.75,0.47,7.14,2.38,0.05,4.76,0.2
2,桃園台啤永豐雲豹,12|57,曹薰襄/莊博元,31,755,900.0,12224.17,203.74,203:44,394.33,6.57,06:34,383.0,12.35,42.56,67.68,392.0,12.65,43.56,69.27,315.0,10.16,35.0,55.66,141.0,4.55,15.67,24.91,208.0,6.71,23.11,36.75,105.0,3.39,11.67,18.55,107.0,3.45,11.89,18.91,36.0,1.16,4.0,6.36,105.0,3.39,11.67,18.55,67.0,2.16,7.44,11.84,54.0,1.74,6.0,9.54,130.0,4.19,14.44,22.97,64.0,2.06,7.11,11.31,135.0,4.35,15.0,23.85,68.0,2.19,7.56,12.02,91.0,2.94,10.11,16.08,38.0,1.23,4.22,6.71,14.0,0.45,1.56,2.47,81.0,2.61,9.0,14.31,91.0,2.94,10.11,16.08,42.56,43.56,-1.0,106.02,-9.0,-0.29,-1.0,203.74,6.57,0.5,0.53,0.5,0.34,0.64,0.16,0.65,0.29,0.67,0.48,4.22,1.56,0.09,10.11,0.33
2,福爾摩沙夢想家,83|10889,吳家駿/恩尼斯,1,13,15.0,246.72,4.11,04:07,246.72,4.11,04:07,5.0,5.0,33.33,43.77,4.0,4.0,26.67,35.02,6.0,6.0,40.0,52.53,2.0,2.0,13.33,17.51,3.0,3.0,20.0,26.26,1.0,1.0,6.67,8.75,3.0,3.0,20.0,26.26,1.0,1.0,6.67,8.75,0.0,0.0,0.0,0.0,0.0,0.0,0.0,0.0,0.0,0.0,0.0,0.0,4.0,4.0,26.67,35.02,0.0,0.0,0.0,0.0,4.0,4.0,26.67,35.02,1.0,1.0,6.67,8.75,2.0,2.0,13.33,17.51,1.0,1.0,6.67,8.75,0.0,0.0,0.0,0.0,1.0,1.0,6.67,8.75,0.0,0.0,0.0,0.0,33.33,26.67,6.67,87.55,1.0,1.0,6.67,4.11,4.11,0.42,0.42,0.33,0.33,,0.14,1.0,0.0,1.0,0.5,6.67,0.0,0.07,0.0,0.0
2,福爾摩沙夢想家,91|10889,簡偉儒/恩尼斯,2,24,30.0,374.36,6.24,06:14,187.18,3.12,03:07,5.0,2.5,16.67,28.85,16.0,8.0,53.33,92.32,8.0,4.0,26.67,46.16,2.0,1.0,6.67,11.54,3.0,1.5,10.0,17.31,2.0,1.0,6.67,11.54,5.0,2.5,16.67,28.85,0.0,0.0,0.0,0.0,1.0,0.5,3.33,5.77,1.0,0.5,3.33,5.77,0.0,0.0,0.0,0.0,6.0,3.0,20.0,34.62,3.0,1.5,10.0,17.31,5.0,2.5,16.67,28.85,4.0,2.0,13.33,23.08,0.0,0.0,0.0,0.0,3.0,1.5,10.0,17.31,0.0,0.0,0.0,0.0,0.0,0.0,0.0,0.0,4.0,2.0,13.33,23.08,16.67,53.33,-36.67,115.4,-11.0,-5.5,-36.67,6.24,3.12,0.25,0.3,0.67,0.0,1.0,0.32,0.0,0.0,0.67,0.43,10.0,0.0,0.0,13.33,0.12
2,桃園台啤永豐雲豹,12|54,曹薰襄/高錦瑋,31,844,1006.0,13562.69,226.04,226:03,437.51,7.29,07:18,435.0,14.03,43.24,69.28,413.0,13.32,41.05,65.77,378.0,12.19,37.57,60.2,158.0,5.1,15.71,25.16,242.0,7.81,24.06,38.54,112.0,3.61,11.13,17.84,136.0,4.39,13.52,21.66,46.0,1.48,4.57,7.33,100.0,3.23,9.94,15.93,72.0,2.32,7.16,11.47,64.0,2.06,6.36,10.19,163.0,5.26,16.2,25.96,66.0,2.13,6.56,10.51,165.0,5.32,16.4,26.28,63.0,2.03,6.26,10.03,103.0,3.32,10.24,16.4,31.0,1.0,3.08,4.94,7.0,0.23,0.7,1.11,86.0,2.77,8.55,13.7,108.0,3.48,10.74,17.2,43.24,41.05,2.19,106.81,22.0,0.71,2.19,226.04,7.29,0.48,0.52,0.46,0.34,0.72,0.13,0.65,0.28,0.71,0.5,3.08,0.7,0.09,10.74,0.26
2,福爾摩沙夢想家,83|95,吳家駿/李德威,9,75,97.0,1354.89,22.58,22:35,150.54,2.51,02:31,31.0,3.44,31.96,49.42,29.0,3.22,29.9,46.23,30.0,3.33,30.93,47.83,9.0,1.0,9.28,14.35,13.0,1.44,13.4,20.73,6.0,0.67,6.19,9.57,17.0,1.89,17.53,27.1,3.0,0.33,3.09,4.78,20.0,2.22,20.62,31.88,10.0,1.11,10.31,15.94,6.0,0.67,6.19,9.57,17.0,1.89,17.53,27.1,7.0,0.78,7.22,11.16,19.0,2.11,19.59,30.29,8.0,0.89,8.25,12.75,6.0,0.67,6.19,9.57,3.0,0.33,3.09,4.78,2.0,0.22,2.06,3.19,11.0,1.22,11.34,17.54,6.0,0.67,6.19,9.57,31.96,29.9,2.06,103.09,2.0,0.22,2.06,22.58,2.51,0.35,0.4,0.46,0.18,0.5,0.17,0.67,0.24,0.71,0.47,3.09,2.06,0.11,6.19,0.67
2,福爾摩沙夢想家,83|101,吳家駿/周柏臣,10,94,121.0,1615.27,26.92,26:55,161.53,2.69,02:42,41.0,4.1,33.88,54.83,39.0,3.9,32.23,52.15,38.0,3.8,31.4,50.82,13.0,1.3,10.74,17.38,17.0,1.7,14.05,22.73,9.0,0.9,7.44,12.04,21.0,2.1,17.36,28.08,4.0,0.4,3.31,5.35,21.0,2.1,17.36,28.08,11.0,1.1,9.09,14.71,7.0,0.7,5.79,9.36,20.0,2.0,16.53,26.74,12.0,1.2,9.92,16.05,21.0,2.1,17.36,28.08,9.0,0.9,7.44,12.04,9.0,0.9,7.44,12.04,3.0,0.3,2.48,4.01,2.0,0.2,1.65,2.67,12.0,1.2,9.92,16.05,10.0,1.0,8.26,13.37,33.88,32.23,1.65,107.87,2.0,0.2,1.65,26.92,2.69,0.39,0.43,0.53,0.19,0.52,0.16,0.69,0.25,0.62,0.45,2.48,1.65,0.1,8.26,0.55
2,福爾摩沙夢想家,91|95,簡偉儒/李德威,6,43,59.0,803.63,13.39,13:24,133.94,2.23,02:14,22.0,3.67,37.29,59.13,27.0,4.5,45.76,72.57,19.0,3.17,32.2,51.07,7.0,1.17,11.86,18.81,12.0,2.0,20.34,32.25,4.0,0.67,6.78,10.75,7.0,1.17,11.86,18.81,3.0,0.5,5.08,8.06,10.0,1.67,16.95,26.88,5.0,0.83,8.47,13.44,4.0,0.67,6.78,10.75,6.0,1.0,10.17,16.13,4.0,0.67,6.78,10.75,10.0,1.67,16.95,26.88,6.0,1.0,10.17,16.13,6.0,1.0,10.17,16.13,2.0,0.33,3.39,5.38,2.0,0.33,3.39,5.38,7.0,1.17,11.86,18.81,6.0,1.0,10.17,16.13,37.29,45.76,-8.47,105.72,-5.0,-0.83,-8.47,13.39,2.23,0.45,0.47,0.33,0.43,0.5,0.2,0.86,0.29,0.6,0.42,3.39,3.39,0.12,10.17,0.53
2,福爾摩沙夢想家,95|101,李德威/周柏臣,11,96,125.0,1745.3,29.09,29:05,158.66,2.64,02:39,39.0,3.55,31.2,48.27,41.0,3.73,32.8,50.74,43.0,3.91,34.4,53.22,13.0,1.18,10.4,16.09,23.0,2.09,18.4,28.47,10.0,0.91,8.0,12.38,20.0,1.82,16.0,24.75,3.0,0.27,2.4,3.71,20.0,1.82,16.0,24.75,10.0,0.91,8.0,12.38,9.0,0.82,7.2,11.14,22.0,2.0,17.6,27.23,8.0,0.73,6.4,9.9,25.0,2.27,20.0,30.94,9.0,0.82,7.2,11.14,6.0,0.55,4.8,7.43,4.0,0.36,3.2,4.95,2.0,0.18,1.6,2.48,13.0,1.18,10.4,16.09,9.0,0.82,7.2,11.14,31.2,32.8,-1.6,103.13,-2.0,-0.18,-1.6,29.09,2.64,0.34,0.38,0.43,0.15,0.5,0.15,0.46,0.26,0.73,0.48,3.2,1.6,0.1,7.2,0.47
2,福爾摩沙夢想家,95|103,李德威/忻沃克,5,52,66.0,782.33,13.04,13:02,156.47,2.61,02:36,32.0,6.4,48.48,88.35,24.0,4.8,36.36,66.26,26.0,5.2,39.39,71.79,13.0,2.6,19.7,35.89,18.0,3.6,27.27,49.7,10.0,2.0,15.15,27.61,8.0,1.6,12.12,22.09,3.0,0.6,4.55,8.28,5.0,1.0,7.58,13.8,3.0,0.6,4.55,8.28,6.0,1.2,9.09,16.57,8.0,1.6,12.12,22.09,5.0,1.0,7.58,13.8,10.0,2.0,15.15,27.61,3.0,0.6,4.55,8.28,5.0,1.0,7.58,13.8,0.0,0.0,0.0,0.0,0.0,0.0,0.0,0.0,7.0,1.4,10.61,19.33,16.0,3.2,24.24,44.18,48.48,36.36,12.12,121.48,8.0,1.6,12.12,13.04,2.61,0.56,0.57,0.56,0.38,0.6,0.1,0.38,0.38,0.62,0.48,0.0,0.0,0.11,24.24,0.19
2,福爾摩沙夢想家,95|97,李德威/史承平,8,39,54.0,675.23,11.25,11:15,84.4,1.41,01:24,24.0,3.0,44.44,76.77,17.0,2.12,31.48,54.38,15.0,1.88,27.78,47.98,6.0,0.75,11.11,19.19,8.0,1.0,14.81,25.59,3.0,0.38,5.56,9.6,7.0,0.88,12.96,22.39,3.0,0.38,5.56,9.6,15.0,1.88,27.78,47.98,9.0,1.12,16.67,28.79,3.0,0.38,5.56,9.6,5.0,0.62,9.26,15.99,4.0,0.5,7.41,12.8,9.0,1.12,16.67,28.79,4.0,0.5,7.41,12.8,6.0,0.75,11.11,19.19,2.0,0.25,3.7,6.4,1.0,0.12,1.85,3.2,8.0,1.0,14.81,25.59,4.0,0.5,7.41,12.8,44.44,31.48,12.96,115.16,7.0,0.88,12.96,11.25,1.41,0.5,0.56,0.38,0.43,0.6,0.16,1.0,0.25,0.56,0.38,3.7,1.85,0.15,7.41,1.0
2,桃園台啤永豐雲豹,55|56,汪哲宇/丁冠皓,10,71,97.0,1182.48,19.71,19:42,118.25,1.97,01:58,36.0,3.6,37.11,65.76,33.0,3.3,34.02,60.28,29.0,2.9,29.9,52.97,12.0,1.2,12.37,21.92,14.0,1.4,14.43,25.57,7.0,0.7,7.22,12.79,15.0,1.5,15.46,27.4,5.0,0.5,5.15,9.13,11.0,1.1,11.34,20.09,7.0,0.7,7.22,12.79,9.0,0.9,9.28,16.44,9.0,0.9,9.28,16.44,12.0,1.2,12.37,21.92,13.0,1.3,13.4,23.75,8.0,0.8,8.25,14.61,9.0,0.9,9.28,16.44,5.0,0.5,5.15,9.13,2.0,0.2,2.06,3.65,10.0,1.0,10.31,18.27,17.0,1.7,17.53,31.05,37.11,34.02,3.09,118.12,3.0,0.3,3.09,19.71,1.97,0.5,0.53,0.5,0.33,0.64,0.19,0.75,0.41,0.43,0.42,5.15,2.06,0.1,17.53,0.38
2,桃園台啤永豐雲豹,55|64,汪哲宇/劉元凱,12,90,127.0,1486.51,24.78,24:47,123.88,2.06,02:04,36.0,3.0,28.35,52.31,38.0,3.17,29.92,55.22,32.0,2.67,25.2,46.5,10.0,0.83,7.87,14.53,14.0,1.17,11.02,20.34,5.0,0.42,3.94,7.27,18.0,1.5,14.17,26.16,5.0,0.42,3.94,7.27,17.0,1.42,13.39,24.7,11.0,0.92,8.66,15.98,9.0,0.75,7.09,13.08,15.0,1.25,11.81,21.8,20.0,1.67,15.75,29.06,17.0,1.42,13.39,24.7,15.0,1.25,11.81,21.8,7.0,0.58,5.51,10.17,7.0,0.58,5.51,10.17,1.0,0.08,0.79,1.45,16.0,1.33,12.6,23.25,21.0,1.75,16.54,30.51,28.35,29.92,-1.57,123.03,-2.0,-0.17,-1.57,24.78,2.06,0.39,0.46,0.36,0.28,0.65,0.28,0.7,0.35,0.43,0.39,5.51,0.79,0.13,16.54,0.53
2,桃園台啤永豐雲豹,55|3129,汪哲宇/董永全,5,26,34.0,424.16,7.07,07:04,84.83,1.41,01:25,11.0,2.2,32.35,56.02,12.0,2.4,35.29,61.11,7.0,1.4,20.59,35.65,2.0,0.4,5.88,10.18,6.0,1.2,17.65,30.55,2.0,0.4,5.88,10.18,1.0,0.2,2.94,5.09,0.0,0.0,0.0,0.0,9.0,1.8,26.47,45.83,6.0,1.2,17.65,30.55,1.0,0.2,2.94,5.09,6.0,1.2,17.65,30.55,6.0,1.2,17.65,30.55,6.0,1.2,17.65,30.55,2.0,0.4,5.88,10.18,1.0,0.2,2.94,5.09,0.0,0.0,0.0,0.0,0.0,0.0,0.0,0.0,5.0,1.0,14.71,25.46,4.0,0.8,11.76,20.37,32.35,35.29,-2.94,115.43,-1.0,-0.2,-2.94,7.07,1.41,0.29,0.5,0.33,0.0,0.67,0.15,0.5,0.14,0.5,0.37,0.0,0.0,0.15,11.76,1.29
2,桃園台啤永豐雲豹,55|10884,汪哲宇/徐宏瑋,12,102,143.0,1696.93,28.28,28:17,141.41,2.36,02:21,41.0,3.42,28.67,52.19,41.0,3.42,28.67,52.19,38.0,3.17,26.57,48.37,13.0,1.08,9.09,16.55,18.0,1.5,12.59,22.91,7.0,0.58,4.9,8.91,20.0,1.67,13.99,25.46,6.0,0.5,4.2,7.64,15.0,1.25,10.49,19.09,9.0,0.75,6.29,11.46,11.0,0.92,7.69,14.0,16.0,1.33,11.19,20.37,20.0,1.67,13.99,25.46,22.0,1.83,15.38,28.0,18.0,1.5,12.59,22.91,10.0,0.83,6.99,12.73,9.0,0.75,6.29,11.46,3.0,0.25,2.1,3.82,11.0,0.92,7.69,14.0,21.0,1.75,14.69,26.73,28.67,28.67,0.0,121.35,0.0,0.0,0.0,28.28,2.36,0.42,0.46,0.39,0.3,0.6,0.29,0.77,0.33,0.44,0.39,6.29,2.1,0.08,14.69,0.39
2,桃園台啤永豐雲豹,56|64,丁冠皓/劉元凱,10,67,92.0,1113.11,18.55,18:33,111.31,1.86,01:51,34.0,3.4,36.96,65.98,28.0,2.8,30.43,54.33,27.0,2.7,29.35,52.39,10.0,1.0,10.87,19.41,11.0,1.1,11.96,21.35,4.0,0.4,4.35,7.76,16.0,1.6,17.39,31.05,6.0,0.6,6.52,11.64,12.0,1.2,13.04,23.29,8.0,0.8,8.7,15.52,8.0,0.8,8.7,15.52,11.0,1.1,11.96,21.35,12.0,1.2,13.04,23.29,9.0,0.9,9.78,17.46,8.0,0.8,8.7,15.52,8.0,0.8,8.7,15.52,5.0,0.5,5.43,9.7,1.0,0.1,1.09,1.94,10.0,1.0,10.87,19.41,15.0,1.5,16.3,29.11,36.96,30.43,6.52,119.02,6.0,0.6,6.52,18.55,1.86,0.48,0.53,0.36,0.38,0.67,0.2,0.8,0.47,0.48,0.48,5.43,1.09,0.11,16.3,0.44
2,桃園台啤永豐雲豹,56|3129,丁冠皓/董永全,2,17,23.0,312.05,5.2,05:12,156.03,2.6,02:36,10.0,5.0,43.48,69.22,6.0,3.0,26.09,41.53,6.0,3.0,26.09,41.53,3.0,1.5,13.04,20.77,3.0,1.5,13.04,20.77,2.0,1.0,8.7,13.84,3.0,1.5,13.04,20.77,1.0,0.5,4.35,6.92,7.0,3.5,30.43,48.45,3.0,1.5,13.04,20.77,1.0,0.5,4.35,6.92,6.0,3.0,26.09,41.53,1.0,0.5,4.35,6.92,2.0,1.0,8.7,13.84,1.0,0.5,4.35,6.92,2.0,1.0,8.7,13.84,0.0,0.0,0.0,0.0,0.0,0.0,0.0,0.0,4.0,2.0,17.39,27.69,2.0,1.0,8.7,13.84,43.48,26.09,17.39,106.14,4.0,2.0,17.39,5.2,2.6,0.58,0.55,0.67,0.33,0.43,0.1,0.67,0.33,0.86,0.7,0.0,0.0,0.17,8.7,1.17
2,桃園台啤永豐雲豹,56|10884,丁冠皓/徐宏瑋,10,83,112.0,1382.13,23.04,23:02,138.21,2.3,02:18,45.0,4.5,40.18,70.33,36.0,3.6,32.14,56.26,35.0,3.5,31.25,54.7,15.0,1.5,13.39,23.44,17.0,1.7,15.18,26.57,9.0,0.9,8.04,14.07,18.0,1.8,16.07,28.13,6.0,0.6,5.36,9.38,16.0,1.6,14.29,25.0,9.0,0.9,8.04,14.07,10.0,1.0,8.93,15.63,14.0,1.4,12.5,21.88,11.0,1.1,9.82,17.19,14.0,1.4,12.5,21.88,8.0,0.8,7.14,12.5,11.0,1.1,9.82,17.19,5.0,0.5,4.46,7.81,2.0,0.2,1.79,3.13,13.0,1.3,11.61,20.32,15.0,1.5,13.39,23.44,40.18,32.14,8.04,116.69,9.0,0.9,8.04,23.04,2.3,0.51,0.54,0.53,0.33,0.56,0.16,0.73,0.42,0.56,0.49,4.46,1.79,0.12,13.39,0.46
2,桃園台啤永豐雲豹,64|3129,劉元凱/董永全,5,33,42.0,557.85,9.3,09:18,111.57,1.86,01:52,14.0,2.8,33.33,54.21,12.0,2.4,28.57,46.46,12.0,2.4,28.57,46.46,4.0,0.8,9.52,15.49,8.0,1.6,19.05,30.98,3.0,0.6,7.14,11.62,4.0,0.8,9.52,15.49,1.0,0.2,2.38,3.87,8.0,1.6,19.05,30.98,4.0,0.8,9.52,15.49,2.0,0.4,4.76,7.74,9.0,1.8,21.43,34.85,4.0,0.8,9.52,15.49,6.0,1.2,14.29,23.23,3.0,0.6,7.14,11.62,3.0,0.6,7.14,11.62,0.0,0.0,0.0,0.0,0.0,0.0,0.0,0.0,5.0,1.0,11.9,19.36,4.0,0.8,9.52,15.49,33.33,28.57,4.76,108.42,2.0,0.4,4.76,9.3,1.86,0.38,0.45,0.38,0.25,0.5,0.16,0.75,0.25,0.69,0.52,0.0,0.0,0.12,9.52,0.67
2,桃園台啤永豐雲豹,64|10884,劉元凱/徐宏瑋,12,106,145.0,1734.85,28.91,28:55,144.57,2.41,02:25,42.0,3.5,28.97,52.29,43.0,3.58,29.66,53.54,40.0,3.33,27.59,49.8,13.0,1.08,8.97,16.19,16.0,1.33,11.03,19.92,6.0,0.5,4.14,7.47,24.0,2.0,16.55,29.88,7.0,0.58,4.83,8.72,14.0,1.17,9.66,17.43,9.0,0.75,6.21,11.21,10.0,0.83,6.9,12.45,19.0,1.58,13.1,23.66,19.0,1.58,13.1,23.66,20.0,1.67,13.79,24.9,19.0,1.58,13.1,23.66,10.0,0.83,6.9,12.45,10.0,0.83,6.9,12.45,1.0,0.08,0.69,1.25,13.0,1.08,8.97,16.19,23.0,1.92,15.86,28.64,28.97,29.66,-0.69,120.36,-1.0,-0.08,-0.69,28.91,2.41,0.41,0.45,0.38,0.29,0.64,0.29,0.77,0.33,0.5,0.43,6.9,0.69,0.09,15.86,0.35
2,桃園台啤永豐雲豹,3129|10884,董永全/徐宏瑋,10,84,107.0,1377.76,22.96,22:58,137.78,2.3,02:18,36.0,3.6,33.64,56.44,35.0,3.5,32.71,54.87,30.0,3.0,28.04,47.03,14.0,1.4,13.08,21.95,19.0,1.9,17.76,29.79,11.0,1.1,10.28,17.25,11.0,1.1,10.28,17.25,3.0,0.3,2.8,4.7,11.0,1.1,10.28,17.25,5.0,0.5,4.67,7.84,3.0,0.3,2.8,4.7,18.0,1.8,16.82,28.22,11.0,1.1,10.28,17.25,20.0,2.0,18.69,31.36,10.0,1.0,9.35,15.68,9.0,0.9,8.41,14.11,4.0,0.4,3.74,6.27,1.0,0.1,0.93,1.57,9.0,0.9,8.41,14.11,15.0,1.5,14.02,23.52,33.64,32.71,0.93,111.83,1.0,0.1,0.93,22.96,2.3,0.52,0.52,0.58,0.27,0.45,0.22,0.64,0.13,0.62,0.4,3.74,0.93,0.08,14.02,0.37
2,臺北台新戰神,4|5,張兆辰/黃聰翰,15,420,504.0,7053.37,117.56,117:33,470.22,7.84,07:50,218.0,14.53,43.25,66.76,247.0,16.47,49.01,75.64,177.0,11.8,35.12,54.2,80.0,5.33,15.87,24.5,100.0,6.67,19.84,30.62,53.0,3.53,10.52,16.23,77.0,5.13,15.28,23.58,27.0,1.8,5.36,8.27,44.0,2.93,8.73,13.47,31.0,2.07,6.15,9.49,32.0,2.13,6.35,9.8,72.0,4.8,14.29,22.05,35.0,2.33,6.94,10.72,65.0,4.33,12.9,19.91,41.0,2.73,8.13,12.56,44.0,2.93,8.73,13.47,26.0,1.73,5.16,7.96,6.0,0.4,1.19,1.84,50.0,3.33,9.92,15.31,56.0,3.73,11.11,17.15,43.25,49.01,-5.75,102.9,-29.0,-1.93,-5.75,117.56,7.84,0.53,0.56,0.53,0.35,0.7,0.17,0.55,0.33,0.67,0.51,5.16,1.19,0.1,11.11,0.25
2,臺北台新戰神,4|10,張兆辰/雷蒙恩,13,509,621.0,8742.74,145.71,145:43,672.52,11.21,11:13,273.0,21.0,43.96,67.45,302.0,23.23,48.63,74.61,226.0,17.38,36.39,55.84,101.0,7.77,16.26,24.95,132.0,10.15,21.26,32.61,67.0,5.15,10.79,16.55,94.0,7.23,15.14,23.22,34.0,2.62,5.48,8.4,60.0,4.62,9.66,14.82,37.0,2.85,5.96,9.14,46.0,3.54,7.41,11.36,89.0,6.85,14.33,21.99,35.0,2.69,5.64,8.65,87.0,6.69,14.01,21.49,52.0,4.0,8.37,12.85,49.0,3.77,7.89,12.11,31.0,2.38,4.99,7.66,9.0,0.69,1.45,2.22,56.0,4.31,9.02,13.84,48.0,3.69,7.73,11.86,43.96,48.63,-4.67,102.28,-29.0,-2.23,-4.67,145.71,11.21,0.52,0.54,0.51,0.36,0.62,0.17,0.49,0.35,0.72,0.53,4.99,1.45,0.09,7.73,0.27
2,臺北台新戰神,4|10868,張兆辰/齊曼加,6,335,423.0,5727.61,95.46,95:28,954.6,15.91,15:55,180.0,30.0,42.55,67.88,196.0,32.67,46.34,73.92,154.0,25.67,36.41,58.08,68.0,11.33,16.08,25.64,94.0,15.67,22.22,35.45,45.0,7.5,10.64,16.97,60.0,10.0,14.18,22.63,23.0,3.83,5.44,8.67,37.0,6.17,8.75,13.95,23.0,3.83,5.44,8.67,34.0,5.67,8.04,12.82,58.0,9.67,13.71,21.87,29.0,4.83,6.86,10.94,59.0,9.83,13.95,22.25,40.0,6.67,9.46,15.08,30.0,5.0,7.09,11.31,23.0,3.83,5.44,8.67,7.0,1.17,1.65,2.64,34.0,5.67,8.04,12.82,41.0,6.83,9.69,15.46,42.55,46.34,-3.78,106.35,-16.0,-2.67,-3.78,95.46,15.91,0.52,0.53,0.48,0.38,0.62,0.19,0.44,0.37,0.67,0.51,5.44,1.65,0.08,9.69,0.24
2,臺北台新戰神,4|10870,張兆辰/洛夫頓,9,603,741.0,10393.78,173.23,173:14,1154.86,19.25,19:15,338.0,37.56,45.61,70.24,356.0,39.56,48.04,73.98,280.0,31.11,37.79,58.19,129.0,14.33,17.41,26.81,163.0,18.11,22.0,33.87,84.0,9.33,11.34,17.46,117.0,13.0,15.79,24.31,45.0,5.0,6.07,9.35,56.0,6.22,7.56,11.64,34.0,3.78,4.59,7.07,56.0,6.22,7.56,11.64,105.0,11.67,14.17,21.82,47.0,5.22,6.34,9.77,106.0,11.78,14.3,22.03,60.0,6.67,8.1,12.47,56.0,6.22,7.56,11.64,35.0,3.89,4.72,7.27,11.0,1.22,1.48,2.29,60.0,6.67,8.1,12.47,72.0,8.0,9.72,14.96,45.61,48.04,-2.43,102.66,-18.0,-2.0,-2.43,173.23,19.25,0.54,0.55,0.52,0.38,0.61,0.16,0.43,0.35,0.69,0.51,4.72,1.48,0.08,9.72,0.2
2,臺北台新戰神,5|10,黃聰翰/雷蒙恩,23,1116,1324.0,19054.42,317.57,317:34,828.45,13.81,13:48,581.0,25.26,43.88,65.86,625.0,27.17,47.21,70.85,439.0,19.09,33.16,49.76,194.0,8.43,14.65,21.99,244.0,10.61,18.43,27.66,128.0,5.57,9.67,14.51,195.0,8.48,14.73,22.11,66.0,2.87,4.98,7.48,172.0,7.48,12.99,19.5,129.0,5.61,9.74,14.62,63.0,2.74,4.76,7.14,193.0,8.39,14.58,21.88,81.0,3.52,6.12,9.18,197.0,8.57,14.88,22.33,112.0,4.87,8.46,12.7,114.0,4.96,8.61,12.92,63.0,2.74,4.76,7.14,15.0,0.65,1.13,1.7,135.0,5.87,10.2,15.3,149.0,6.48,11.25,16.89,43.88,47.21,-3.32,100.06,-44.0,-1.91,-3.32,317.57,13.81,0.52,0.56,0.52,0.34,0.75,0.18,0.59,0.24,0.7,0.48,4.76,1.13,0.1,11.25,0.39
2,臺北台新戰神,5|10868,黃聰翰/齊曼加,5,229,271.0,3972.11,66.2,66:12,794.42,13.24,13:14,128.0,25.6,47.23,69.61,123.0,24.6,45.39,66.89,95.0,19.0,35.06,51.66,47.0,9.4,17.34,25.56,48.0,9.6,17.71,26.1,28.0,5.6,10.33,15.23,47.0,9.4,17.34,25.56,19.0,3.8,7.01,10.33,27.0,5.4,9.96,14.68,16.0,3.2,5.9,8.7,18.0,3.6,6.64,9.79,34.0,6.8,12.55,18.49,17.0,3.4,6.27,9.24,35.0,7.0,12.92,19.03,27.0,5.4,9.96,14.68,29.0,5.8,10.7,15.77,16.0,3.2,5.9,8.7,3.0,0.6,1.11,1.63,26.0,5.2,9.59,14.14,32.0,6.4,11.81,17.4,47.23,45.39,1.85,98.24,5.0,1.0,1.85,66.2,13.24,0.59,0.6,0.58,0.4,0.59,0.2,0.62,0.34,0.67,0.5,5.9,1.11,0.1,11.81,0.28
2,臺北台新戰神,5|10870,黃聰翰/洛夫頓,6,255,311.0,4192.39,69.87,69:52,698.73,11.65,11:39,157.0,26.17,50.48,80.89,171.0,28.5,54.98,88.1,114.0,19.0,36.66,58.73,58.0,9.67,18.65,29.88,61.0,10.17,19.61,31.43,34.0,5.67,10.93,17.52,53.0,8.83,17.04,27.31,24.0,4.0,7.72,12.37,21.0,3.5,6.75,10.82,17.0,2.83,5.47,8.76,21.0,3.5,6.75,10.82,37.0,6.17,11.9,19.06,19.0,3.17,6.11,9.79,38.0,6.33,12.22,19.58,29.0,4.83,9.32,14.94,27.0,4.5,8.68,13.91,19.0,3.17,6.11,9.79,4.0,0.67,1.29,2.06,25.0,4.17,8.04,12.88,40.0,6.67,12.86,20.61,50.48,54.98,-4.5,106.82,-14.0,-2.33,-4.5,69.87,11.65,0.61,0.64,0.56,0.45,0.81,0.19,0.47,0.36,0.66,0.5,6.11,1.29,0.08,12.86,0.18
2,臺北台新戰神,10|10868,雷蒙恩/齊曼加,7,610,753.0,10288.38,171.47,171:28,1469.77,24.5,24:30,306.0,43.71,40.64,64.24,326.0,46.57,43.29,68.44,270.0,38.57,35.86,56.69,109.0,15.57,14.48,22.88,173.0,24.71,22.97,36.32,79.0,11.29,10.49,16.59,97.0,13.86,12.88,20.36,30.0,4.29,3.98,6.3,85.0,12.14,11.29,17.85,58.0,8.29,7.7,12.18,67.0,9.57,8.9,14.07,104.0,14.86,13.81,21.83,51.0,7.29,6.77,10.71,103.0,14.71,13.68,21.62,66.0,9.43,8.76,13.86,61.0,8.71,8.1,12.81,34.0,4.86,4.52,7.14,8.0,1.14,1.06,1.68,81.0,11.57,10.76,17.01,67.0,9.57,8.9,14.07,40.64,43.29,-2.66,105.39,-20.0,-2.86,-2.66,171.47,24.5,0.46,0.5,0.46,0.31,0.68,0.18,0.56,0.39,0.67,0.53,4.52,1.06,0.11,8.9,0.31
2,臺北台新戰神,10|10870,雷蒙恩/洛夫頓,8,755,915.0,12343.3,205.72,205:43,1542.91,25.72,25:43,429.0,53.62,46.89,75.07,455.0,56.88,49.73,79.62,348.0,43.5,38.03,60.9,159.0,19.88,17.38,27.82,192.0,24.0,20.98,33.6,107.0,13.38,11.69,18.72,156.0,19.5,17.05,27.3,52.0,6.5,5.68,9.1,80.0,10.0,8.74,14.0,55.0,6.88,6.01,9.62,69.0,8.62,7.54,12.07,130.0,16.25,14.21,22.75,49.0,6.12,5.36,8.57,123.0,15.38,13.44,21.52,68.0,8.5,7.43,11.9,70.0,8.75,7.65,12.25,35.0,4.38,3.83,6.12,11.0,1.38,1.2,1.92,87.0,10.88,9.51,15.22,97.0,12.12,10.6,16.97,46.89,49.73,-2.84,106.75,-26.0,-3.25,-2.84,205.72,25.72,0.53,0.56,0.56,0.33,0.69,0.15,0.44,0.36,0.73,0.54,3.83,1.2,0.1,10.6,0.23
2,臺北台新戰神,10868|10870,齊曼加/洛夫頓,6,425,530.0,7333.85,122.23,122:14,1222.31,20.37,20:22,231.0,38.5,43.58,68.04,246.0,41.0,46.42,72.45,198.0,33.0,37.36,58.32,87.0,14.5,16.42,25.62,113.0,18.83,21.32,33.28,55.0,9.17,10.38,16.2,85.0,14.17,16.04,25.03,32.0,5.33,6.04,9.42,40.0,6.67,7.55,11.78,26.0,4.33,4.91,7.66,45.0,7.5,8.49,13.25,73.0,12.17,13.77,21.5,34.0,5.67,6.42,10.01,75.0,12.5,14.15,22.09,48.0,8.0,9.06,14.14,38.0,6.33,7.17,11.19,27.0,4.5,5.09,7.95,9.0,1.5,1.7,2.65,48.0,8.0,9.06,14.14,52.0,8.67,9.81,15.32,43.58,46.42,-2.83,104.07,-15.0,-2.5,-2.83,122.23,20.37,0.52,0.54,0.49,0.38,0.65,0.18,0.44,0.38,0.68,0.52,5.09,1.7,0.09,9.81,0.2
2,臺北台新戰神,4|14,張兆辰/錢肯尼,17,589,720.0,10055.41,167.59,167:35,591.49,9.86,09:51,309.0,18.18,42.92,66.38,358.0,21.06,49.72,76.9,265.0,15.59,36.81,56.92,117.0,6.88,16.25,25.13,154.0,9.06,21.39,33.08,82.0,4.82,11.39,17.61,111.0,6.53,15.42,23.84,35.0,2.06,4.86,7.52,58.0,3.41,8.06,12.46,38.0,2.24,5.28,8.16,44.0,2.59,6.11,9.45,112.0,6.59,15.56,24.06,55.0,3.24,7.64,11.81,105.0,6.18,14.58,22.56,53.0,3.12,7.36,11.38,61.0,3.59,8.47,13.1,29.0,1.71,4.03,6.23,8.0,0.47,1.11,1.72,65.0,3.82,9.03,13.96,74.0,4.35,10.28,15.9,42.92,49.72,-6.81,103.11,-49.0,-2.88,-6.81,167.59,9.86,0.51,0.53,0.53,0.32,0.66,0.15,0.52,0.3,0.67,0.49,4.03,1.11,0.09,10.28,0.22
2,臺北台新戰神,5|14,黃聰翰/錢肯尼,26,1188,1423.0,19663.97,327.73,327:44,756.31,12.61,12:36,672.0,25.85,47.22,73.82,653.0,25.12,45.89,71.73,511.0,19.65,35.91,56.13,235.0,9.04,16.51,25.81,296.0,11.38,20.8,32.51,147.0,5.65,10.33,16.15,215.0,8.27,15.11,23.62,88.0,3.38,6.18,9.67,157.0,6.04,11.03,17.25,113.0,4.35,7.94,12.41,84.0,3.23,5.9,9.23,208.0,8.0,14.62,22.85,96.0,3.69,6.75,10.55,217.0,8.35,15.25,23.84,100.0,3.85,7.03,10.98,134.0,5.15,9.42,14.72,58.0,2.23,4.08,6.37,29.0,1.12,2.04,3.19,133.0,5.12,9.35,14.61,123.0,4.73,8.64,13.51,47.22,45.89,1.34,104.21,19.0,0.73,1.34,327.73,12.61,0.55,0.58,0.5,0.41,0.72,0.15,0.57,0.28,0.68,0.48,4.08,2.04,0.09,8.64,0.31
2,臺北台新戰神,14|10868,錢肯尼/齊曼加,8,466,585.0,7918.53,131.98,131:59,989.82,16.5,16:30,255.0,31.88,43.59,69.56,263.0,32.88,44.96,71.74,211.0,26.38,36.07,57.56,98.0,12.25,16.75,26.73,140.0,17.5,23.93,38.19,73.0,9.12,12.48,19.91,71.0,8.88,12.14,19.37,25.0,3.12,4.27,6.82,55.0,6.88,9.4,15.0,39.0,4.88,6.67,10.64,50.0,6.25,8.55,13.64,67.0,8.38,11.45,18.28,46.0,5.75,7.86,12.55,81.0,10.12,13.85,22.1,53.0,6.62,9.06,14.46,45.0,5.62,7.69,12.28,30.0,3.75,5.13,8.18,7.0,0.88,1.2,1.91,56.0,7.0,9.57,15.28,58.0,7.25,9.91,15.82,43.59,44.96,-1.37,106.38,-8.0,-1.0,-1.37,131.98,16.5,0.52,0.54,0.52,0.35,0.71,0.18,0.46,0.38,0.59,0.48,5.13,1.2,0.1,9.91,0.26
2,臺北台新戰神,14|10870,錢肯尼/洛夫頓,9,773,947.0,13106.51,218.44,218:27,1456.28,24.27,24:16,407.0,45.22,42.98,67.08,451.0,50.11,47.62,74.33,354.0,39.33,37.38,58.34,153.0,17.0,16.16,25.21,206.0,22.89,21.75,33.95,107.0,11.89,11.3,17.63,148.0,16.44,15.63,24.39,46.0,5.11,4.86,7.58,80.0,8.89,8.45,13.18,56.0,6.22,5.91,9.23,61.0,6.78,6.44,10.05,146.0,16.22,15.42,24.06,63.0,7.0,6.65,10.38,123.0,13.67,12.99,20.27,70.0,7.78,7.39,11.54,61.0,6.78,6.44,10.05,40.0,4.44,4.22,6.59,17.0,1.89,1.8,2.8,77.0,8.56,8.13,12.69,103.0,11.44,10.88,16.97,42.98,47.62,-4.65,104.05,-44.0,-4.89,-4.65,218.44,24.27,0.5,0.52,0.52,0.31,0.7,0.15,0.4,0.33,0.7,0.53,4.22,1.8,0.08,10.88,0.23
2,新北國王,34|867,沃許本/桑尼,1,71,81.0,1117.14,18.62,18:37,1117.14,18.62,18:37,39.0,39.0,48.15,75.41,37.0,37.0,45.68,71.54,28.0,28.0,34.57,54.14,13.0,13.0,16.05,25.14,15.0,15.0,18.52,29.0,7.0,7.0,8.64,13.53,13.0,13.0,16.05,25.14,6.0,6.0,7.41,11.6,8.0,8.0,9.88,15.47,7.0,7.0,8.64,13.53,5.0,5.0,6.17,9.67,9.0,9.0,11.11,17.4,1.0,1.0,1.23,1.93,12.0,12.0,14.81,23.2,10.0,10.0,12.35,19.34,10.0,10.0,12.35,19.34,4.0,4.0,4.94,7.73,0.0,0.0,0.0,0.0,10.0,10.0,12.35,19.34,6.0,6.0,7.41,11.6,48.15,45.68,2.47,104.41,2.0,2.0,2.47,18.62,18.62,0.57,0.62,0.47,0.46,0.88,0.24,0.77,0.29,0.9,0.52,4.94,0.0,0.12,7.41,0.29
2,臺北台新戰神,10|13,雷蒙恩/陳冠全,12,274,325.0,4356.37,72.61,72:36,363.03,6.05,06:03,155.0,12.92,47.69,76.85,167.0,13.92,51.38,82.8,121.0,10.08,37.23,59.99,54.0,4.5,16.62,26.77,62.0,5.17,19.08,30.74,36.0,3.0,11.08,17.85,59.0,4.92,18.15,29.25,18.0,1.5,5.54,8.92,33.0,2.75,10.15,16.36,27.0,2.25,8.31,13.39,19.0,1.58,5.85,9.42,49.0,4.08,15.08,24.3,23.0,1.92,7.08,11.4,46.0,3.83,14.15,22.81,18.0,1.5,5.54,8.92,30.0,2.5,9.23,14.87,9.0,0.75,2.77,4.46,5.0,0.42,1.54,2.48,29.0,2.42,8.92,14.38,40.0,3.33,12.31,19.83,47.69,51.38,-3.69,107.43,-12.0,-1.0,-3.69,72.61,6.05,0.52,0.57,0.58,0.31,0.82,0.12,0.56,0.29,0.68,0.5,2.77,1.54,0.09,12.31,0.27
2,臺北台新戰神,10|14,雷蒙恩/錢肯尼,27,1818,2189.0,30397.1,506.62,506:37,1125.82,18.76,18:46,979.0,36.26,44.72,69.57,1017.0,37.67,46.46,72.27,800.0,29.63,36.55,56.85,358.0,13.26,16.35,25.44,497.0,18.41,22.7,35.32,258.0,9.56,11.79,18.33,303.0,11.22,13.84,21.53,100.0,3.7,4.57,7.11,228.0,8.44,10.42,16.2,158.0,5.85,7.22,11.23,144.0,5.33,6.58,10.23,318.0,11.78,14.53,22.6,133.0,4.93,6.08,9.45,327.0,12.11,14.94,23.24,155.0,5.74,7.08,11.01,193.0,7.15,8.82,13.71,88.0,3.26,4.02,6.25,31.0,1.15,1.42,2.2,206.0,7.63,9.41,14.64,197.0,7.3,9.0,14.0,44.72,46.46,-1.74,103.7,-38.0,-1.41,-1.74,506.62,18.76,0.51,0.54,0.52,0.33,0.69,0.15,0.54,0.31,0.71,0.5,4.02,1.42,0.09,9.0,0.28
2,臺北台新戰神,10|10869,雷蒙恩/基德,17,1451,1757.0,23926.93,398.78,398:47,1407.47,23.46,23:27,824.0,48.47,46.9,74.39,815.0,47.94,46.39,73.57,634.0,37.29,36.08,57.23,282.0,16.59,16.05,25.46,354.0,20.82,20.15,31.96,181.0,10.65,10.3,16.34,280.0,16.47,15.94,25.28,101.0,5.94,5.75,9.12,222.0,13.06,12.64,20.04,157.0,9.24,8.94,14.17,108.0,6.35,6.15,9.75,260.0,15.29,14.8,23.47,120.0,7.06,6.83,10.83,238.0,14.0,13.55,21.49,115.0,6.76,6.55,10.38,174.0,10.24,9.9,15.71,61.0,3.59,3.47,5.51,23.0,1.35,1.31,2.08,182.0,10.71,10.36,16.43,203.0,11.94,11.55,18.33,46.9,46.39,0.51,105.74,9.0,0.53,0.51,398.78,23.46,0.52,0.56,0.51,0.36,0.71,0.14,0.62,0.31,0.68,0.51,3.47,1.31,0.1,11.55,0.35
2,臺北台新戰神,13|14,陳冠全/錢肯尼,15,323,371.0,5183.58,86.39,86:24,345.57,5.76,05:46,143.0,9.53,38.54,59.59,188.0,12.53,50.67,78.34,129.0,8.6,34.77,53.75,53.0,3.53,14.29,22.09,77.0,5.13,20.75,32.09,36.0,2.4,9.7,15.0,52.0,3.47,14.02,21.67,17.0,1.13,4.58,7.08,32.0,2.13,8.63,13.33,20.0,1.33,5.39,8.33,14.0,0.93,3.77,5.83,68.0,4.53,18.33,28.34,21.0,1.4,5.66,8.75,58.0,3.87,15.63,24.17,33.0,2.2,8.89,13.75,28.0,1.87,7.55,11.67,17.0,1.13,4.58,7.08,10.0,0.67,2.7,4.17,31.0,2.07,8.36,12.92,30.0,2.0,8.09,12.5,38.54,50.67,-12.13,103.06,-45.0,-3.0,-12.13,86.39,5.76,0.48,0.5,0.47,0.33,0.62,0.19,0.53,0.19,0.76,0.51,4.58,2.7,0.08,8.09,0.25
2,臺北台新戰神,13|10869,陳冠全/基德,4,131,156.0,2025.65,33.76,33:46,506.41,8.44,08:26,75.0,18.75,48.08,79.97,80.0,20.0,51.28,85.31,58.0,14.5,37.18,61.85,27.0,6.75,17.31,28.79,33.0,8.25,21.15,35.19,17.0,4.25,10.9,18.13,25.0,6.25,16.03,26.66,10.0,2.5,6.41,10.66,16.0,4.0,10.26,17.06,13.0,3.25,8.33,13.86,9.0,2.25,5.77,9.6,25.0,6.25,16.03,26.66,11.0,2.75,7.05,11.73,20.0,5.0,12.82,21.33,11.0,2.75,7.05,11.73,14.0,3.5,8.97,14.93,5.0,1.25,3.21,5.33,1.0,0.25,0.64,1.07,15.0,3.75,9.62,15.99,20.0,5.0,12.82,21.33,48.08,51.28,-3.21,110.9,-5.0,-1.25,-3.21,33.76,8.44,0.55,0.58,0.52,0.4,0.81,0.14,0.52,0.31,0.69,0.52,3.21,0.64,0.1,12.82,0.28
2,臺北台新戰神,13|10870,陳冠全/洛夫頓,5,159,190.0,2467.13,41.12,41:07,493.43,8.22,08:13,90.0,18.0,47.37,78.8,106.0,21.2,55.79,92.8,68.0,13.6,35.79,59.53,32.0,6.4,16.84,28.02,40.0,8.0,21.05,35.02,20.0,4.0,10.53,17.51,28.0,5.6,14.74,24.51,12.0,2.4,6.32,10.51,21.0,4.2,11.05,18.39,16.0,3.2,8.42,14.01,10.0,2.0,5.26,8.76,31.0,6.2,16.32,27.14,11.0,2.2,5.79,9.63,23.0,4.6,12.11,20.14,16.0,3.2,8.42,14.01,15.0,3.0,7.89,13.13,10.0,2.0,5.26,8.76,2.0,0.4,1.05,1.75,17.0,3.4,8.95,14.88,24.0,4.8,12.63,21.01,47.37,55.79,-8.42,110.9,-16.0,-3.2,-8.42,41.12,8.22,0.56,0.58,0.5,0.43,0.76,0.17,0.47,0.3,0.74,0.55,5.26,1.05,0.09,12.63,0.31
2,臺北台新戰神,14|10869,錢肯尼/基德,17,1302,1557.0,20926.39,348.77,348:46,1230.96,20.52,20:31,693.0,40.76,44.51,71.53,670.0,39.41,43.03,69.16,544.0,32.0,34.94,56.15,233.0,13.71,14.96,24.05,313.0,18.41,20.1,32.31,150.0,8.82,9.63,15.48,231.0,13.59,14.84,23.84,83.0,4.88,5.33,8.57,190.0,11.18,12.2,19.61,142.0,8.35,9.12,14.66,91.0,5.35,5.84,9.39,225.0,13.24,14.45,23.22,102.0,6.0,6.55,10.53,211.0,12.41,13.55,21.78,120.0,7.06,7.71,12.39,140.0,8.24,8.99,14.45,61.0,3.59,3.92,6.3,25.0,1.47,1.61,2.58,153.0,9.0,9.83,15.79,156.0,9.18,10.02,16.1,44.51,43.03,1.48,107.14,23.0,1.35,1.48,348.77,20.52,0.5,0.55,0.48,0.36,0.75,0.16,0.6,0.3,0.69,0.5,3.92,1.61,0.1,10.02,0.35
2,臺北台新戰神,10869|10870,基德/洛夫頓,7,442,531.0,6482.47,108.04,108:02,926.07,15.43,15:26,232.0,33.14,43.69,77.3,255.0,36.43,48.02,84.97,198.0,28.29,37.29,65.97,81.0,11.57,15.25,26.99,99.0,14.14,18.64,32.99,50.0,7.14,9.42,16.66,99.0,14.14,18.64,32.99,31.0,4.43,5.84,10.33,54.0,7.71,10.17,17.99,39.0,5.57,7.34,13.0,28.0,4.0,5.27,9.33,92.0,13.14,17.33,30.65,35.0,5.0,6.59,11.66,68.0,9.71,12.81,22.66,32.0,4.57,6.03,10.66,37.0,5.29,6.97,12.33,14.0,2.0,2.64,4.66,8.0,1.14,1.51,2.67,51.0,7.29,9.6,16.99,75.0,10.71,14.12,24.99,43.69,48.02,-4.33,117.96,-23.0,-3.29,-4.33,108.04,15.43,0.49,0.52,0.51,0.31,0.72,0.13,0.46,0.29,0.72,0.54,2.64,1.51,0.1,14.12,0.27
2,臺北台新戰神,3|10,陳文宏/雷蒙恩,20,348,411.0,5388.42,89.81,89:48,269.42,4.49,04:29,177.0,8.85,43.07,70.95,194.0,9.7,47.2,77.77,139.0,6.95,33.82,55.72,60.0,3.0,14.6,24.05,75.0,3.75,18.25,30.06,43.0,2.15,10.46,17.24,64.0,3.2,15.57,25.66,17.0,0.85,4.14,6.81,61.0,3.05,14.84,24.45,43.0,2.15,10.46,17.24,22.0,1.1,5.35,8.82,67.0,3.35,16.3,26.86,28.0,1.4,6.81,11.22,62.0,3.1,15.09,24.85,25.0,1.25,6.08,10.02,31.0,1.55,7.54,12.43,17.0,0.85,4.14,6.81,6.0,0.3,1.46,2.41,41.0,2.05,9.98,16.44,58.0,2.9,14.11,23.25,43.07,47.2,-4.14,109.84,-17.0,-0.85,-4.14,89.81,4.49,0.49,0.53,0.57,0.27,0.7,0.13,0.52,0.26,0.71,0.5,4.14,1.46,0.1,14.11,0.44
2,臺北台新戰神,3|13,陳文宏/陳冠全,12,234,270.0,3821.0,63.68,63:41,318.42,5.31,05:18,102.0,8.5,37.78,57.66,129.0,10.75,47.78,72.92,105.0,8.75,38.89,59.36,34.0,2.83,12.59,19.22,48.0,4.0,17.78,27.13,17.0,1.42,6.3,9.61,57.0,4.75,21.11,32.22,17.0,1.42,6.3,9.61,22.0,1.83,8.15,12.44,17.0,1.42,6.3,9.61,16.0,1.33,5.93,9.04,52.0,4.33,19.26,29.4,17.0,1.42,6.3,9.61,40.0,3.33,14.81,22.61,19.0,1.58,7.04,10.74,21.0,1.75,7.78,11.87,10.0,0.83,3.7,5.65,6.0,0.5,2.22,3.39,19.0,1.58,7.04,10.74,31.0,2.58,11.48,17.52,37.78,47.78,-10.0,101.75,-27.0,-2.25,-10.0,63.68,5.31,0.4,0.44,0.35,0.3,0.77,0.14,0.62,0.29,0.75,0.54,3.7,2.22,0.07,11.48,0.21
2,臺北台新戰神,3|10869,陳文宏/基德,12,338,409.0,5261.67,87.69,87:42,438.47,7.31,07:18,160.0,13.33,39.12,65.68,193.0,16.08,47.19,79.23,145.0,12.08,35.45,59.52,53.0,4.42,12.96,21.76,84.0,7.0,20.54,34.48,34.0,2.83,8.31,13.96,61.0,5.08,14.91,25.04,19.0,1.58,4.65,7.8,47.0,3.92,11.49,19.29,37.0,3.08,9.05,15.19,24.0,2.0,5.87,9.85,73.0,6.08,17.85,29.97,33.0,2.75,8.07,13.55,53.0,4.42,12.96,21.76,25.0,2.08,6.11,10.26,28.0,2.33,6.85,11.49,16.0,1.33,3.91,6.57,7.0,0.58,1.71,2.87,40.0,3.33,9.78,16.42,62.0,5.17,15.16,25.45,39.12,47.19,-8.07,111.93,-33.0,-2.75,-8.07,87.69,7.31,0.43,0.48,0.4,0.31,0.79,0.13,0.53,0.31,0.69,0.53,3.91,1.71,0.1,15.16,0.32
2,臺北台新戰神,3|10870,陳文宏/洛夫頓,7,249,309.0,3904.52,65.08,65:05,557.79,9.3,09:18,130.0,18.57,42.07,71.92,146.0,20.86,47.25,80.77,127.0,18.14,41.1,70.26,48.0,6.86,15.53,26.55,65.0,9.29,21.04,35.96,29.0,4.14,9.39,16.04,62.0,8.86,20.06,34.3,19.0,2.71,6.15,10.51,23.0,3.29,7.44,12.72,15.0,2.14,4.85,8.3,31.0,4.43,10.03,17.15,54.0,7.71,17.48,29.87,16.0,2.29,5.18,8.85,37.0,5.29,11.97,20.47,20.0,2.86,6.47,11.06,21.0,3.0,6.8,11.62,13.0,1.86,4.21,7.19,5.0,0.71,1.62,2.77,24.0,3.43,7.77,13.28,48.0,6.86,15.53,26.55,42.07,47.25,-5.18,113.96,-16.0,-2.29,-5.18,65.08,9.3,0.45,0.47,0.45,0.31,0.65,0.13,0.44,0.46,0.77,0.62,4.21,1.62,0.08,15.53,0.18
2,臺北台新戰神,1|3,丁聖儒/陳文宏,22,658,770.0,11288.81,188.15,188:09,513.13,8.55,08:33,338.0,15.36,43.9,64.67,370.0,16.82,48.05,70.8,264.0,12.0,34.29,50.51,111.0,5.05,14.42,21.24,135.0,6.14,17.53,25.83,69.0,3.14,8.96,13.2,129.0,5.86,16.75,24.68,42.0,1.91,5.45,8.04,106.0,4.82,13.77,20.28,78.0,3.55,10.13,14.92,41.0,1.86,5.32,7.84,123.0,5.59,15.97,23.53,48.0,2.18,6.23,9.18,112.0,5.09,14.55,21.43,58.0,2.64,7.53,11.1,79.0,3.59,10.26,15.12,34.0,1.55,4.42,6.51,10.0,0.45,1.3,1.91,77.0,3.5,10.0,14.73,86.0,3.91,11.17,16.46,43.9,48.05,-4.16,98.22,-32.0,-1.45,-4.16,188.15,8.55,0.5,0.54,0.51,0.33,0.74,0.16,0.71,0.27,0.72,0.51,4.42,1.3,0.1,11.17,0.4
2,臺北台新戰神,1|14,丁聖儒/錢肯尼,28,2336,2774.0,39523.35,658.72,658:43,1411.55,23.53,23:32,1283.0,45.82,46.25,70.12,1307.0,46.68,47.12,71.43,1000.0,35.71,36.05,54.65,457.0,16.32,16.47,24.98,577.0,20.61,20.8,31.53,298.0,10.64,10.74,16.29,423.0,15.11,15.25,23.12,159.0,5.68,5.73,8.69,295.0,10.54,10.63,16.12,210.0,7.5,7.57,11.48,166.0,5.93,5.98,9.07,405.0,14.46,14.6,22.13,167.0,5.96,6.02,9.13,407.0,14.54,14.67,22.24,220.0,7.86,7.93,12.02,291.0,10.39,10.49,15.9,130.0,4.64,4.69,7.1,40.0,1.43,1.44,2.19,284.0,10.14,10.24,15.52,240.0,8.57,8.65,13.12,46.25,47.12,-0.87,101.07,-24.0,-0.86,-0.87,658.72,23.53,0.54,0.57,0.52,0.38,0.71,0.16,0.64,0.29,0.71,0.5,4.69,1.44,0.1,8.65,0.3
2,臺北台新戰神,1|10868,丁聖儒/齊曼加,5,318,392.0,5325.14,88.75,88:45,1065.03,17.75,17:45,173.0,34.6,44.13,70.17,183.0,36.6,46.68,74.23,130.0,26.0,33.16,52.73,61.0,12.2,15.56,24.74,86.0,17.2,21.94,34.88,42.0,8.4,10.71,17.04,44.0,8.8,11.22,17.85,19.0,3.8,4.85,7.71,49.0,9.8,12.5,19.88,34.0,6.8,8.67,13.79,28.0,5.6,7.14,11.36,42.0,8.4,10.71,17.04,28.0,5.6,7.14,11.36,45.0,9.0,11.48,18.25,38.0,7.6,9.69,15.41,42.0,8.4,10.71,17.04,24.0,4.8,6.12,9.73,1.0,0.2,0.26,0.41,45.0,9.0,11.48,18.25,42.0,8.4,10.71,17.04,44.13,46.68,-2.55,106.0,-10.0,-2.0,-2.55,88.75,17.75,0.54,0.57,0.49,0.43,0.69,0.2,0.69,0.38,0.6,0.49,6.12,0.26,0.11,10.71,0.38
2,臺北台新戰神,1|10869,丁聖儒/基德,14,1411,1691.0,23338.51,388.98,388:59,1667.04,27.78,27:47,785.0,56.07,46.42,72.65,762.0,54.43,45.06,70.52,594.0,42.43,35.13,54.98,269.0,19.21,15.91,24.9,349.0,24.93,20.64,32.3,177.0,12.64,10.47,16.38,245.0,17.5,14.49,22.67,92.0,6.57,5.44,8.51,215.0,15.36,12.71,19.9,155.0,11.07,9.17,14.35,93.0,6.64,5.5,8.61,247.0,17.64,14.61,22.86,112.0,8.0,6.62,10.37,230.0,16.43,13.6,21.29,129.0,9.21,7.63,11.94,175.0,12.5,10.35,16.2,69.0,4.93,4.08,6.39,26.0,1.86,1.54,2.41,172.0,12.29,10.17,15.92,201.0,14.36,11.89,18.6,46.42,45.06,1.36,104.34,23.0,1.64,1.36,388.98,27.78,0.53,0.57,0.51,0.38,0.72,0.16,0.65,0.29,0.69,0.5,4.08,1.54,0.1,11.89,0.36
2,臺北台新戰神,3|14,陳文宏/錢肯尼,25,471,558.0,7422.88,123.71,123:43,296.92,4.95,04:57,201.0,8.04,36.02,58.49,288.0,11.52,51.61,83.81,182.0,7.28,32.62,52.96,65.0,2.6,11.65,18.91,95.0,3.8,17.03,27.64,39.0,1.56,6.99,11.35,87.0,3.48,15.59,25.32,26.0,1.04,4.66,7.57,62.0,2.48,11.11,18.04,49.0,1.96,8.78,14.26,26.0,1.04,4.66,7.57,97.0,3.88,17.38,28.23,42.0,1.68,7.53,12.22,69.0,2.76,12.37,20.08,49.0,1.96,8.78,14.26,46.0,1.84,8.24,13.39,34.0,1.36,6.09,9.89,6.0,0.24,1.08,1.75,56.0,2.24,10.04,16.3,54.0,2.16,9.68,15.71,36.02,51.61,-15.59,108.25,-87.0,-3.48,-15.59,123.71,4.95,0.43,0.48,0.41,0.3,0.79,0.19,0.71,0.27,0.7,0.53,6.09,1.08,0.1,9.68,0.34
2,臺北台新戰神,3|10868,陳文宏/齊曼加,5,91,114.0,1583.26,26.39,26:23,316.65,5.28,05:17,49.0,9.8,42.98,66.85,42.0,8.4,36.84,57.3,46.0,9.2,40.35,62.76,18.0,3.6,15.79,24.56,28.0,5.6,24.56,38.2,11.0,2.2,9.65,15.01,18.0,3.6,15.79,24.56,7.0,1.4,6.14,9.55,10.0,2.0,8.77,13.64,6.0,1.2,5.26,8.19,12.0,2.4,10.53,16.37,18.0,3.6,15.79,24.56,4.0,0.8,3.51,5.46,15.0,3.0,13.16,20.46,7.0,1.4,6.14,9.55,9.0,1.8,7.89,12.28,4.0,0.8,3.51,5.46,3.0,0.6,2.63,4.09,16.0,3.2,14.04,21.83,12.0,2.4,10.53,16.37,42.98,36.84,6.14,103.68,7.0,1.4,6.14,26.39,5.28,0.47,0.49,0.39,0.39,0.6,0.12,0.5,0.44,0.82,0.61,3.51,2.63,0.14,10.53,0.22
2,臺北台新戰神,10868|10869,齊曼加/基德,6,253,312.0,4186.88,69.78,69:47,697.81,11.63,11:38,125.0,20.83,40.06,64.49,135.0,22.5,43.27,69.65,106.0,17.67,33.97,54.69,43.0,7.17,13.78,22.18,72.0,12.0,23.08,37.14,33.0,5.5,10.58,17.02,34.0,5.67,10.9,17.54,10.0,1.67,3.21,5.16,47.0,7.83,15.06,24.25,31.0,5.17,9.94,15.99,27.0,4.5,8.65,13.93,40.0,6.67,12.82,20.64,24.0,4.0,7.69,12.38,36.0,6.0,11.54,18.57,23.0,3.83,7.37,11.87,31.0,5.17,9.94,15.99,14.0,2.33,4.49,7.22,2.0,0.33,0.64,1.03,37.0,6.17,11.86,19.09,41.0,6.83,13.14,21.15,40.06,43.27,-3.21,107.31,-10.0,-1.67,-3.21,69.78,11.63,0.45,0.49,0.46,0.29,0.66,0.15,0.72,0.43,0.62,0.53,4.49,0.64,0.12,13.14,0.44
2,臺北台新戰神,1|10,丁聖儒/雷蒙恩,24,2150,2560.0,35657.3,594.29,594:17,1485.72,24.76,24:46,1146.0,47.75,44.77,69.42,1237.0,51.54,48.32,74.93,909.0,37.88,35.51,55.06,397.0,16.54,15.51,24.05,544.0,22.67,21.25,32.95,278.0,11.58,10.86,16.84,365.0,15.21,14.26,22.11,119.0,4.96,4.65,7.21,324.0,13.5,12.66,19.63,231.0,9.62,9.02,13.99,143.0,5.96,5.59,8.66,401.0,16.71,15.66,24.29,163.0,6.79,6.37,9.87,364.0,15.17,14.22,22.05,186.0,7.75,7.27,11.27,245.0,10.21,9.57,14.84,108.0,4.5,4.22,6.54,27.0,1.12,1.05,1.64,266.0,11.08,10.39,16.11,274.0,11.42,10.7,16.6,44.77,48.32,-3.55,103.38,-91.0,-3.79,-3.55,594.29,24.76,0.5,0.54,0.51,0.33,0.71,0.15,0.62,0.28,0.71,0.51,4.22,1.05,0.1,10.7,0.36
2,臺北台新戰神,1|5,丁聖儒/黃聰翰,24,1690,2000.0,28585.34,476.42,476:25,1191.06,19.85,19:51,939.0,39.12,46.95,70.95,934.0,38.92,46.7,70.58,705.0,29.38,35.25,53.27,317.0,13.21,15.85,23.95,367.0,15.29,18.35,27.73,191.0,7.96,9.55,14.43,338.0,14.08,16.9,25.54,126.0,5.25,6.3,9.52,243.0,10.12,12.15,18.36,180.0,7.5,9.0,13.6,103.0,4.29,5.15,7.78,298.0,12.42,14.9,22.52,124.0,5.17,6.2,9.37,299.0,12.46,14.95,22.59,153.0,6.38,7.65,11.56,210.0,8.75,10.5,15.87,88.0,3.67,4.4,6.65,30.0,1.25,1.5,2.27,209.0,8.71,10.45,15.79,230.0,9.58,11.5,17.38,46.95,46.7,0.25,100.75,5.0,0.21,0.25,476.42,19.85,0.54,0.58,0.52,0.37,0.74,0.16,0.66,0.26,0.71,0.49,4.4,1.5,0.1,11.5,0.34
2,臺北台新戰神,5|10869,黃聰翰/基德,12,582,698.0,10235.01,170.58,170:35,852.92,14.22,14:13,307.0,25.58,43.98,64.79,325.0,27.08,46.56,68.59,250.0,20.83,35.82,52.76,103.0,8.58,14.76,21.74,127.0,10.58,18.19,26.8,62.0,5.17,8.88,13.08,123.0,10.25,17.62,25.96,41.0,3.42,5.87,8.65,81.0,6.75,11.6,17.09,62.0,5.17,8.88,13.08,36.0,3.0,5.16,7.6,111.0,9.25,15.9,23.43,53.0,4.42,7.59,11.19,99.0,8.25,14.18,20.89,51.0,4.25,7.31,10.76,61.0,5.08,8.74,12.87,34.0,2.83,4.87,7.18,14.0,1.17,2.01,2.95,66.0,5.5,9.46,13.93,97.0,8.08,13.9,20.47,43.98,46.56,-2.58,98.2,-18.0,-1.5,-2.58,170.58,14.22,0.49,0.54,0.49,0.33,0.77,0.15,0.59,0.27,0.68,0.49,4.87,2.01,0.09,13.9,0.32
2,新北國王,26|867,洪志善/桑尼,1,69,93.0,1113.78,18.56,18:34,1113.78,18.56,18:34,51.0,51.0,54.84,98.91,42.0,42.0,45.16,81.45,40.0,40.0,43.01,77.57,19.0,19.0,20.43,36.85,23.0,23.0,24.73,44.6,12.0,12.0,12.9,23.27,17.0,17.0,18.28,32.97,7.0,7.0,7.53,13.58,8.0,8.0,8.6,15.51,6.0,6.0,6.45,11.64,12.0,12.0,12.9,23.27,10.0,10.0,10.75,19.39,6.0,6.0,6.45,11.64,7.0,7.0,7.53,13.58,4.0,4.0,4.3,7.76,12.0,12.0,12.9,23.27,2.0,2.0,2.15,3.88,4.0,4.0,4.3,7.76,10.0,10.0,10.75,19.39,11.0,11.0,11.83,21.33,54.84,45.16,9.68,120.24,9.0,9.0,9.68,18.56,18.56,0.56,0.59,0.52,0.41,0.75,0.08,0.63,0.63,0.62,0.63,2.15,4.3,0.11,11.83,0.2
2,新北國王,26|10874,洪志善/熊祥泰,2,28,38.0,501.5,8.36,08:22,250.75,4.18,04:11,12.0,6.0,31.58,51.68,16.0,8.0,42.11,68.91,15.0,7.5,39.47,64.61,5.0,2.5,13.16,21.54,6.0,3.0,15.79,25.84,3.0,1.5,7.89,12.92,9.0,4.5,23.68,38.76,2.0,1.0,5.26,8.61,0.0,0.0,0.0,0.0,0.0,0.0,0.0,0.0,4.0,2.0,10.53,17.23,5.0,2.5,13.16,21.54,3.0,1.5,7.89,12.92,3.0,1.5,7.89,12.92,4.0,2.0,10.53,17.23,3.0,1.5,7.89,12.92,1.0,0.5,2.63,4.31,2.0,1.0,5.26,8.61,4.0,2.0,10.53,17.23,2.0,1.0,5.26,8.61,31.58,42.11,-10.53,109.11,-4.0,-2.0,-10.53,8.36,4.18,0.4,0.4,0.5,0.22,,0.21,0.6,0.57,0.62,0.6,2.63,5.26,0.11,5.26,0.0
2,臺北台新戰神,4|10869,張兆辰/基德,10,114,143.0,1848.55,30.81,30:49,184.85,3.08,03:05,49.0,4.9,34.27,57.26,65.0,6.5,45.45,75.95,55.0,5.5,38.46,64.27,19.0,1.9,13.29,22.2,30.0,3.0,20.98,35.05,12.0,1.2,8.39,14.02,25.0,2.5,17.48,29.21,7.0,0.7,4.9,8.18,10.0,1.0,6.99,11.68,5.0,0.5,3.5,5.84,13.0,1.3,9.09,15.19,25.0,2.5,17.48,29.21,9.0,0.9,6.29,10.52,15.0,1.5,10.49,17.53,10.0,1.0,6.99,11.68,7.0,0.7,4.9,8.18,7.0,0.7,4.9,8.18,1.0,0.1,0.7,1.17,14.0,1.4,9.79,16.36,14.0,1.4,9.79,16.36,34.27,45.45,-11.19,111.4,-16.0,-1.6,-11.19,30.81,3.08,0.41,0.41,0.4,0.28,0.5,0.14,0.37,0.46,0.74,0.61,4.9,0.7,0.1,9.79,0.18
2,臺北台新戰神,5|13,黃聰翰/陳冠全,13,351,408.0,5782.66,96.38,96:23,444.82,7.41,07:25,201.0,15.46,49.26,75.08,204.0,15.69,50.0,76.2,147.0,11.31,36.03,54.91,64.0,4.92,15.69,23.91,82.0,6.31,20.1,30.63,38.0,2.92,9.31,14.19,65.0,5.0,15.93,24.28,26.0,2.0,6.37,9.71,55.0,4.23,13.48,20.54,45.0,3.46,11.03,16.81,22.0,1.69,5.39,8.22,66.0,5.08,16.18,24.65,22.0,1.69,5.39,8.22,69.0,5.31,16.91,25.77,29.0,2.23,7.11,10.83,41.0,3.15,10.05,15.31,16.0,1.23,3.92,5.98,11.0,0.85,2.7,4.11,41.0,3.15,10.05,15.31,23.0,1.77,5.64,8.59,49.26,50.0,-0.74,101.6,-3.0,-0.23,-0.74,96.38,7.41,0.52,0.59,0.46,0.4,0.82,0.14,0.64,0.24,0.75,0.49,3.92,2.7,0.1,5.64,0.37
2,臺北台新戰神,5|7,黃聰翰/孫思堯,4,21,25.0,303.63,5.06,05:04,75.91,1.27,01:16,2.0,0.5,8.0,14.23,23.0,5.75,92.0,163.62,6.0,1.5,24.0,42.68,0.0,0.0,0.0,0.0,3.0,0.75,12.0,21.34,0.0,0.0,0.0,0.0,3.0,0.75,12.0,21.34,0.0,0.0,0.0,0.0,4.0,1.0,16.0,28.46,2.0,0.5,8.0,14.23,1.0,0.25,4.0,7.11,5.0,1.25,20.0,35.57,2.0,0.5,8.0,14.23,1.0,0.25,4.0,7.11,4.0,1.0,16.0,28.46,0.0,0.0,0.0,0.0,2.0,0.5,8.0,14.23,0.0,0.0,0.0,0.0,3.0,0.75,12.0,21.34,2.0,0.5,8.0,14.23,8.0,92.0,-84.0,118.56,-21.0,-5.25,-84.0,5.06,1.27,0.0,0.13,0.0,0.0,0.5,0.34,,0.5,0.71,0.67,8.0,0.0,0.12,8.0,0.67
2,臺北台新戰神,7|10,孫思堯/雷蒙恩,4,34,39.0,440.97,7.35,07:21,110.24,1.84,01:50,7.0,1.75,17.95,34.29,22.0,5.5,56.41,107.76,14.0,3.5,35.9,68.58,2.0,0.5,5.13,9.8,7.0,1.75,17.95,34.29,2.0,0.5,5.13,9.8,7.0,1.75,17.95,34.29,0.0,0.0,0.0,0.0,4.0,1.0,10.26,19.59,4.0,1.0,10.26,19.59,2.0,0.5,5.13,9.8,7.0,1.75,17.95,34.29,1.0,0.25,2.56,4.9,4.0,1.0,10.26,19.59,5.0,1.25,12.82,24.49,1.0,0.25,2.56,4.9,3.0,0.75,7.69,14.69,1.0,0.25,2.56,4.9,4.0,1.0,10.26,19.59,4.0,1.0,10.26,19.59,17.95,56.41,-38.46,127.36,-15.0,-3.75,-38.46,7.35,1.84,0.14,0.22,0.29,0.0,1.0,0.24,0.5,0.33,0.88,0.64,7.69,2.56,0.1,10.26,0.29
2,臺北台新戰神,7|10869,孫思堯/基德,5,61,73.0,808.95,13.48,13:29,161.79,2.7,02:42,14.0,2.8,19.18,37.38,29.0,5.8,39.73,77.43,21.0,4.2,28.77,56.07,4.0,0.8,5.48,10.68,9.0,1.8,12.33,24.03,3.0,0.6,4.11,8.01,12.0,2.4,16.44,32.04,1.0,0.2,1.37,2.67,6.0,1.2,8.22,16.02,6.0,1.2,8.22,16.02,1.0,0.2,1.37,2.67,13.0,2.6,17.81,34.71,7.0,1.4,9.59,18.69,11.0,2.2,15.07,29.37,10.0,2.0,13.7,26.7,2.0,0.4,2.74,5.34,4.0,0.8,5.48,10.68,2.0,0.4,2.74,5.34,10.0,2.0,13.7,26.7,10.0,2.0,13.7,26.7,19.18,39.73,-20.55,129.95,-15.0,-3.0,-20.55,13.48,2.7,0.21,0.3,0.33,0.08,1.0,0.3,0.5,0.08,0.65,0.44,5.48,2.74,0.14,13.7,0.29
2,臺北台新戰神,7|10870,孫思堯/洛夫頓,3,44,54.0,597.94,9.97,09:58,199.31,3.32,03:19,10.0,3.33,18.52,36.12,19.0,6.33,35.19,68.64,16.0,5.33,29.63,57.8,3.0,1.0,5.56,10.84,6.0,2.0,11.11,21.67,2.0,0.67,3.7,7.22,10.0,3.33,18.52,36.12,1.0,0.33,1.85,3.61,3.0,1.0,5.56,10.84,3.0,1.0,5.56,10.84,1.0,0.33,1.85,3.61,11.0,3.67,20.37,39.74,6.0,2.0,11.11,21.67,10.0,3.33,18.52,36.12,5.0,1.67,9.26,18.06,1.0,0.33,1.85,3.61,1.0,0.33,1.85,3.61,2.0,0.67,3.7,7.22,7.0,2.33,12.96,25.29,8.0,2.67,14.81,28.9,18.52,35.19,-16.67,130.05,-9.0,-3.0,-16.67,9.97,3.32,0.22,0.29,0.33,0.1,1.0,0.22,0.33,0.09,0.65,0.43,1.85,3.7,0.13,14.81,0.19
2,臺北台新戰神,1|4,丁聖儒/張兆辰,12,277,327.0,4560.01,76.0,76:00,380.0,6.33,06:20,152.0,12.67,46.48,72.0,174.0,14.5,53.21,82.42,113.0,9.42,34.56,53.53,56.0,4.67,17.13,26.53,63.0,5.25,19.27,29.84,40.0,3.33,12.23,18.95,50.0,4.17,15.29,23.68,16.0,1.33,4.89,7.58,34.0,2.83,10.4,16.11,23.0,1.92,7.03,10.89,17.0,1.42,5.2,8.05,45.0,3.75,13.76,21.32,23.0,1.92,7.03,10.89,40.0,3.33,12.23,18.95,28.0,2.33,8.56,13.26,34.0,2.83,10.4,16.11,18.0,1.5,5.5,8.53,2.0,0.17,0.61,0.95,36.0,3.0,11.01,17.05,37.0,3.08,11.31,17.53,46.48,53.21,-6.73,103.26,-22.0,-1.83,-6.73,76.0,6.33,0.57,0.59,0.63,0.32,0.68,0.18,0.61,0.3,0.66,0.5,5.5,0.61,0.11,11.31,0.3
2,臺北台新戰神,1|10870,丁聖儒/洛夫頓,5,202,249.0,3838.51,63.98,63:59,767.7,12.8,12:48,130.0,26.0,52.21,73.15,127.0,25.4,51.0,71.47,96.0,19.2,38.55,54.02,49.0,9.8,19.68,27.57,54.0,10.8,21.69,30.39,32.0,6.4,12.85,18.01,42.0,8.4,16.87,23.63,17.0,3.4,6.83,9.57,21.0,4.2,8.43,11.82,13.0,2.6,5.22,7.32,19.0,3.8,7.63,10.69,32.0,6.4,12.85,18.01,11.0,2.2,4.42,6.19,23.0,4.6,9.24,12.94,20.0,4.0,8.03,11.25,26.0,5.2,10.44,14.63,9.0,1.8,3.61,5.06,4.0,0.8,1.61,2.25,24.0,4.8,9.64,13.51,44.0,8.8,17.67,24.76,52.21,51.0,1.2,93.41,3.0,0.6,1.2,63.98,12.8,0.6,0.62,0.59,0.4,0.62,0.16,0.53,0.45,0.74,0.6,3.61,1.61,0.1,17.67,0.22
2,臺北台新戰神,1|13,丁聖儒/陳冠全,10,264,309.0,4392.65,73.21,73:13,439.26,7.32,07:19,155.0,15.5,50.16,76.22,159.0,15.9,51.46,78.19,112.0,11.2,36.25,55.07,52.0,5.2,16.83,25.57,55.0,5.5,17.8,27.05,31.0,3.1,10.03,15.24,57.0,5.7,18.45,28.03,21.0,2.1,6.8,10.33,37.0,3.7,11.97,18.19,28.0,2.8,9.06,13.77,17.0,1.7,5.5,8.36,46.0,4.6,14.89,22.62,18.0,1.8,5.83,8.85,40.0,4.0,12.94,19.67,23.0,2.3,7.44,11.31,37.0,3.7,11.97,18.19,9.0,0.9,2.91,4.43,7.0,0.7,2.27,3.44,34.0,3.4,11.0,16.72,23.0,2.3,7.44,11.31,50.16,51.46,-1.29,101.3,-4.0,-0.4,-1.29,73.21,7.32,0.56,0.6,0.56,0.37,0.76,0.15,0.71,0.3,0.72,0.52,2.91,2.27,0.11,7.44,0.33
2,臺北台新戰神,3|4,陳文宏/張兆辰,11,261,315.0,4244.63,70.74,70:45,385.88,6.43,06:26,109.0,9.91,34.6,55.47,157.0,14.27,49.84,79.89,105.0,9.55,33.33,53.43,39.0,3.55,12.38,19.85,49.0,4.45,15.56,24.94,22.0,2.0,6.98,11.2,56.0,5.09,17.78,28.5,17.0,1.55,5.4,8.65,25.0,2.27,7.94,12.72,14.0,1.27,4.44,7.12,16.0,1.45,5.08,8.14,55.0,5.0,17.46,27.99,26.0,2.36,8.25,13.23,43.0,3.91,13.65,21.88,30.0,2.73,9.52,15.27,19.0,1.73,6.03,9.67,20.0,1.82,6.35,10.18,4.0,0.36,1.27,2.04,19.0,1.73,6.03,9.67,53.0,4.82,16.83,26.97,34.6,49.84,-15.24,106.86,-48.0,-4.36,-15.24,70.74,6.43,0.45,0.47,0.45,0.3,0.56,0.21,0.49,0.27,0.68,0.51,6.35,1.27,0.06,16.83,0.24
2,高雄全家海神,45|10892,施晉堯/詹姆斯,3,93,111.0,1514.58,25.24,25:15,504.86,8.41,08:25,41.0,13.67,36.94,58.47,43.0,14.33,38.74,61.32,39.0,13.0,35.14,55.62,15.0,5.0,13.51,21.39,29.0,9.67,26.13,41.36,13.0,4.33,11.71,18.54,10.0,3.33,9.01,14.26,2.0,0.67,1.8,2.85,12.0,4.0,10.81,17.11,8.0,2.67,7.21,11.41,9.0,3.0,8.11,12.84,19.0,6.33,17.12,27.1,6.0,2.0,5.41,8.56,22.0,7.33,19.82,31.37,9.0,3.0,8.11,12.84,3.0,1.0,2.7,4.28,5.0,1.67,4.5,7.13,2.0,0.67,1.8,2.85,11.0,3.67,9.91,15.69,7.0,2.33,6.31,9.98,36.94,38.74,-1.8,105.53,-2.0,-0.67,-1.8,25.24,8.41,0.41,0.46,0.45,0.2,0.67,0.17,0.2,0.29,0.76,0.5,4.5,1.8,0.1,6.31,0.31
2,高雄全家海神,10892|10893,詹姆斯/崔維斯,1,48,63.0,837.74,13.96,13:58,837.74,13.96,13:58,30.0,30.0,47.62,77.35,24.0,24.0,38.1,61.88,24.0,24.0,38.1,61.88,10.0,10.0,15.87,25.78,14.0,14.0,22.22,36.1,7.0,7.0,11.11,18.05,10.0,10.0,15.87,25.78,3.0,3.0,4.76,7.74,9.0,9.0,14.29,23.21,7.0,7.0,11.11,18.05,6.0,6.0,9.52,15.47,9.0,9.0,14.29,23.21,5.0,5.0,7.94,12.89,8.0,8.0,12.7,20.63,2.0,2.0,3.17,5.16,2.0,2.0,3.17,5.16,1.0,1.0,1.59,2.58,0.0,0.0,0.0,0.0,7.0,7.0,11.11,18.05,12.0,12.0,19.05,30.94,47.62,38.1,9.52,108.29,6.0,6.0,9.52,13.96,13.96,0.48,0.54,0.5,0.3,0.78,0.07,0.2,0.43,0.64,0.54,1.59,0.0,0.11,19.05,0.38
2,新北國王,21|32,李愷諺/奧帝,12,746,881.0,12333.28,205.55,205:33,1027.77,17.13,17:08,368.0,30.67,41.77,64.45,378.0,31.5,42.91,66.2,326.0,27.17,37.0,57.09,132.0,11.0,14.98,23.12,190.0,15.83,21.57,33.28,92.0,7.67,10.44,16.11,136.0,11.33,15.44,23.82,40.0,3.33,4.54,7.01,93.0,7.75,10.56,16.29,63.0,5.25,7.15,11.03,45.0,3.75,5.11,7.88,154.0,12.83,17.48,26.97,57.0,4.75,6.47,9.98,140.0,11.67,15.89,24.52,53.0,4.42,6.02,9.28,83.0,6.92,9.42,14.54,38.0,3.17,4.31,6.66,17.0,1.42,1.93,2.98,92.0,7.67,10.44,16.11,101.0,8.42,11.46,17.69,41.77,42.91,-1.14,102.86,-10.0,-0.83,-1.14,205.55,17.13,0.47,0.5,0.48,0.29,0.68,0.13,0.63,0.24,0.73,0.5,4.31,1.93,0.1,11.46,0.29
2,新北國王,24|32,蘇士軒/奧帝,12,277,325.0,4810.67,80.18,80:11,400.89,6.68,06:41,144.0,12.0,44.31,64.66,161.0,13.42,49.54,72.29,129.0,10.75,39.69,57.92,52.0,4.33,16.0,23.35,65.0,5.42,20.0,29.19,27.0,2.25,8.31,12.12,64.0,5.33,19.69,28.74,25.0,2.08,7.69,11.23,17.0,1.42,5.23,7.63,15.0,1.25,4.62,6.74,22.0,1.83,6.77,9.88,55.0,4.58,16.92,24.7,19.0,1.58,5.85,8.53,59.0,4.92,18.15,26.49,18.0,1.5,5.54,8.08,30.0,2.5,9.23,13.47,12.0,1.0,3.69,5.39,5.0,0.42,1.54,2.25,23.0,1.92,7.08,10.33,50.0,4.17,15.38,22.45,44.31,49.54,-5.23,97.28,-17.0,-1.42,-5.23,80.18,6.68,0.5,0.53,0.42,0.39,0.88,0.12,0.58,0.27,0.74,0.5,3.69,1.54,0.07,15.38,0.13
2,新北國王,32|10872,奧帝/林彥廷,19,1195,1392.0,19403.28,323.39,323:23,1021.23,17.02,17:01,614.0,32.32,44.11,68.35,641.0,33.74,46.05,71.36,526.0,27.68,37.79,58.56,223.0,11.74,16.02,24.82,285.0,15.0,20.47,31.73,140.0,7.37,10.06,15.58,241.0,12.68,17.31,26.83,83.0,4.37,5.96,9.24,125.0,6.58,8.98,13.92,85.0,4.47,6.11,9.46,71.0,3.74,5.1,7.9,237.0,12.47,17.03,26.38,80.0,4.21,5.75,8.91,231.0,12.16,16.59,25.72,86.0,4.53,6.18,9.57,138.0,7.26,9.91,15.36,43.0,2.26,3.09,4.79,21.0,1.11,1.51,2.34,135.0,7.11,9.7,15.03,189.0,9.95,13.58,21.04,44.11,46.05,-1.94,103.31,-27.0,-1.42,-1.94,323.39,17.02,0.5,0.53,0.49,0.34,0.68,0.13,0.62,0.24,0.75,0.5,3.09,1.51,0.1,13.58,0.24
2,新北國王,32|10875,奧帝/傑登,5,188,221.0,2867.27,47.79,47:47,573.45,9.56,09:33,83.0,16.6,37.56,62.53,115.0,23.0,52.04,86.63,86.0,17.2,38.91,64.79,33.0,6.6,14.93,24.86,50.0,10.0,22.62,37.67,23.0,4.6,10.41,17.33,36.0,7.2,16.29,27.12,10.0,2.0,4.52,7.53,12.0,2.4,5.43,9.04,7.0,1.4,3.17,5.27,18.0,3.6,8.14,13.56,39.0,7.8,17.65,29.38,10.0,2.0,4.52,7.53,31.0,6.2,14.03,23.35,17.0,3.4,7.69,12.81,17.0,3.4,7.69,12.81,14.0,2.8,6.33,10.55,1.0,0.2,0.45,0.75,13.0,2.6,5.88,9.79,45.0,9.0,20.36,33.9,37.56,52.04,-14.48,110.99,-32.0,-6.4,-14.48,47.79,9.56,0.44,0.45,0.46,0.28,0.58,0.16,0.52,0.37,0.8,0.58,6.33,0.45,0.06,20.36,0.14
2,新北國王,22|32,簡祐哲/奧帝,15,402,486.0,6753.6,112.56,112:34,450.24,7.5,07:30,200.0,13.33,41.15,63.97,228.0,15.2,46.91,72.92,179.0,11.93,36.83,57.25,72.0,4.8,14.81,23.03,104.0,6.93,21.4,33.26,48.0,3.2,9.88,15.35,75.0,5.0,15.43,23.99,24.0,1.6,4.94,7.68,49.0,3.27,10.08,15.67,32.0,2.13,6.58,10.23,31.0,2.07,6.38,9.91,79.0,5.27,16.26,25.27,39.0,2.6,8.02,12.47,72.0,4.8,14.81,23.03,26.0,1.73,5.35,8.32,36.0,2.4,7.41,11.51,17.0,1.13,3.5,5.44,8.0,0.53,1.65,2.56,47.0,3.13,9.67,15.03,70.0,4.67,14.4,22.39,41.15,46.91,-5.76,103.62,-28.0,-1.87,-5.76,112.56,7.5,0.47,0.5,0.46,0.32,0.65,0.11,0.5,0.3,0.67,0.5,3.5,1.65,0.1,14.4,0.27
2,新北國王,32|34,奧帝/沃許本,13,651,777.0,11490.93,191.52,191:31,883.92,14.73,14:44,328.0,25.23,42.21,61.66,323.0,24.85,41.57,60.72,289.0,22.23,37.19,54.32,121.0,9.31,15.57,22.74,168.0,12.92,21.62,31.58,89.0,6.85,11.45,16.73,121.0,9.31,15.57,22.74,32.0,2.46,4.12,6.02,78.0,6.0,10.04,14.66,53.0,4.08,6.82,9.96,41.0,3.15,5.28,7.71,135.0,10.38,17.37,25.38,63.0,4.85,8.11,11.84,126.0,9.69,16.22,23.68,47.0,3.62,6.05,8.83,73.0,5.62,9.4,13.72,27.0,2.08,3.47,5.08,11.0,0.85,1.42,2.07,90.0,6.92,11.58,16.92,78.0,6.0,10.04,14.66,42.21,41.57,0.64,97.37,5.0,0.38,0.64,191.52,14.73,0.47,0.51,0.53,0.26,0.68,0.13,0.6,0.25,0.68,0.48,3.47,1.42,0.12,10.04,0.27
2,新北國王,32|10874,奧帝/熊祥泰,18,829,967.0,14159.29,235.99,235:59,786.63,13.11,13:07,459.0,25.5,47.47,70.02,446.0,24.78,46.12,68.04,368.0,20.44,38.06,56.14,172.0,9.56,17.79,26.24,193.0,10.72,19.96,29.44,107.0,5.94,11.07,16.32,175.0,9.72,18.1,26.7,65.0,3.61,6.72,9.92,73.0,4.06,7.55,11.14,55.0,3.06,5.69,8.39,47.0,2.61,4.86,7.17,151.0,8.39,15.62,23.04,58.0,3.22,6.0,8.85,147.0,8.17,15.2,22.42,68.0,3.78,7.03,10.37,113.0,6.28,11.69,17.24,33.0,1.83,3.41,5.03,14.0,0.78,1.45,2.14,95.0,5.28,9.82,14.49,134.0,7.44,13.86,20.44,47.47,46.12,1.34,98.34,13.0,0.72,1.34,235.99,13.11,0.56,0.57,0.55,0.37,0.75,0.15,0.66,0.24,0.72,0.49,3.41,1.45,0.1,13.86,0.2
2,新北國王,26|32,洪志善/奧帝,1,50,60.0,806.53,13.44,13:27,806.53,13.44,13:27,23.0,23.0,38.33,61.6,28.0,28.0,46.67,74.99,19.0,19.0,31.67,50.88,9.0,9.0,15.0,24.1,15.0,15.0,25.0,40.17,8.0,8.0,13.33,21.43,4.0,4.0,6.67,10.71,1.0,1.0,1.67,2.68,7.0,7.0,11.67,18.75,4.0,4.0,6.67,10.71,3.0,3.0,5.0,8.03,9.0,9.0,15.0,24.1,3.0,3.0,5.0,8.03,8.0,8.0,13.33,21.43,4.0,4.0,6.67,10.71,2.0,2.0,3.33,5.36,3.0,3.0,5.0,8.03,2.0,2.0,3.33,5.36,6.0,6.0,10.0,16.07,16.0,16.0,26.67,42.85,38.33,46.67,-8.33,107.13,-5.0,-5.0,-8.33,13.44,13.44,0.5,0.52,0.53,0.25,0.57,0.15,0.22,0.27,0.75,0.52,5.0,3.33,0.1,26.67,0.37
2,新北國王,21|23,李愷諺/王柏智,7,29,31.0,594.78,9.91,09:55,84.97,1.42,01:25,11.0,1.57,35.48,39.95,21.0,3.0,67.74,76.26,11.0,1.57,35.48,39.95,4.0,0.57,12.9,14.53,4.0,0.57,12.9,14.53,3.0,0.43,9.68,10.89,7.0,1.0,22.58,25.42,1.0,0.14,3.23,3.63,4.0,0.57,12.9,14.53,4.0,0.57,12.9,14.53,2.0,0.29,6.45,7.26,5.0,0.71,16.13,18.16,0.0,0.0,0.0,0.0,1.0,0.14,3.23,3.63,4.0,0.57,12.9,14.53,4.0,0.57,12.9,14.53,4.0,0.57,12.9,14.53,1.0,0.14,3.23,3.63,3.0,0.43,9.68,10.89,3.0,0.43,9.68,10.89,35.48,67.74,-32.26,75.05,-10.0,-1.43,-32.26,9.91,1.42,0.41,0.43,0.75,0.14,1.0,0.24,1.0,0.67,1.0,0.88,12.9,3.23,0.1,9.68,0.36
2,新北國王,23|24,王柏智/蘇士軒,4,28,33.0,417.32,6.96,06:57,104.33,1.74,01:44,13.0,3.25,39.39,67.29,15.0,3.75,45.45,77.64,11.0,2.75,33.33,56.93,4.0,1.0,12.12,20.7,5.0,1.25,15.15,25.88,3.0,0.75,9.09,15.53,6.0,1.5,18.18,31.06,1.0,0.25,3.03,5.18,5.0,1.25,15.15,25.88,4.0,1.0,12.12,20.7,2.0,0.5,6.06,10.35,6.0,1.5,18.18,31.06,2.0,0.5,6.06,10.35,3.0,0.75,9.09,15.53,4.0,1.0,12.12,20.7,2.0,0.5,6.06,10.35,4.0,1.0,12.12,20.7,0.0,0.0,0.0,0.0,2.0,0.5,6.06,10.35,4.0,1.0,12.12,20.7,39.39,45.45,-6.06,113.87,-2.0,-0.5,-6.06,6.96,1.74,0.41,0.49,0.6,0.17,0.8,0.23,0.5,0.4,0.75,0.62,12.12,0.0,0.06,12.12,0.45
2,新北國王,23|26,王柏智/洪志善,1,1,1.0,11.0,0.18,00:11,11.0,0.18,00:11,2.0,2.0,200.0,392.73,0.0,0.0,0.0,0.0,0.0,0.0,0.0,0.0,0.0,0.0,0.0,0.0,0.0,0.0,0.0,0.0,0.0,0.0,0.0,0.0,0.0,0.0,0.0,0.0,0.0,0.0,0.0,0.0,2.0,2.0,200.0,392.73,2.0,2.0,200.0,392.73,0.0,0.0,0.0,0.0,0.0,0.0,0.0,0.0,0.0,0.0,0.0,0.0,0.0,0.0,0.0,0.0,0.0,0.0,0.0,0.0,0.0,0.0,0.0,0.0,0.0,0.0,0.0,0.0,0.0,0.0,0.0,0.0,1.0,1.0,100.0,196.36,0.0,0.0,0.0,0.0,200.0,0.0,200.0,130.91,2.0,2.0,200.0,0.18,0.18,,1.14,,,1.0,0.0,,,,,0.0,0.0,1.0,0.0,
2,新北國王,21|10871,李愷諺/鍾理翔,1,4,4.0,80.0,1.33,01:20,80.0,1.33,01:20,0.0,0.0,0.0,0.0,0.0,0.0,0.0,0.0,1.0,1.0,25.0,27.0,0.0,0.0,0.0,0.0,1.0,1.0,25.0,27.0,0.0,0.0,0.0,0.0,0.0,0.0,0.0,0.0,0.0,0.0,0.0,0.0,0.0,0.0,0.0,0.0,0.0,0.0,0.0,0.0,0.0,0.0,0.0,0.0,1.0,1.0,25.0,27.0,0.0,0.0,0.0,0.0,2.0,2.0,50.0,54.0,1.0,1.0,25.0,27.0,0.0,0.0,0.0,0.0,1.0,1.0,25.0,27.0,0.0,0.0,0.0,0.0,0.0,0.0,0.0,0.0,0.0,0.0,0.0,0.0,0.0,0.0,0.0,72.0,0.0,0.0,0.0,1.33,1.33,0.0,0.0,0.0,,,0.5,,0.0,1.0,0.33,25.0,0.0,0.0,0.0,0.0
2,新北國王,21|10873,李愷諺/喬納森,4,26,33.0,372.45,6.21,06:12,93.11,1.55,01:33,11.0,2.75,33.33,63.79,13.0,3.25,39.39,75.39,9.0,2.25,27.27,52.19,2.0,0.5,6.06,11.6,3.0,0.75,9.09,17.4,0.0,0.0,0.0,0.0,6.0,1.5,18.18,34.8,2.0,0.5,6.06,11.6,4.0,1.0,12.12,23.2,4.0,1.0,12.12,23.2,3.0,0.75,9.09,17.4,4.0,1.0,12.12,23.2,2.0,0.5,6.06,11.6,3.0,0.75,9.09,17.4,6.0,1.5,18.18,34.8,1.0,0.25,3.03,5.8,3.0,0.75,9.09,17.4,1.0,0.25,3.03,5.8,5.0,1.25,15.15,29.0,4.0,1.0,12.12,23.2,33.33,39.39,-6.06,127.59,-2.0,-0.5,-6.06,6.21,1.55,0.33,0.51,0.0,0.33,1.0,0.36,0.5,0.5,0.67,0.58,9.09,3.03,0.15,12.12,0.44
2,新北國王,26|10871,洪志善/鍾理翔,1,4,4.0,80.0,1.33,01:20,80.0,1.33,01:20,0.0,0.0,0.0,0.0,0.0,0.0,0.0,0.0,1.0,1.0,25.0,27.0,0.0,0.0,0.0,0.0,1.0,1.0,25.0,27.0,0.0,0.0,0.0,0.0,0.0,0.0,0.0,0.0,0.0,0.0,0.0,0.0,0.0,0.0,0.0,0.0,0.0,0.0,0.0,0.0,0.0,0.0,0.0,0.0,1.0,1.0,25.0,27.0,0.0,0.0,0.0,0.0,2.0,2.0,50.0,54.0,1.0,1.0,25.0,27.0,0.0,0.0,0.0,0.0,1.0,1.0,25.0,27.0,0.0,0.0,0.0,0.0,0.0,0.0,0.0,0.0,0.0,0.0,0.0,0.0,0.0,0.0,0.0,72.0,0.0,0.0,0.0,1.33,1.33,0.0,0.0,0.0,,,0.5,,0.0,1.0,0.33,25.0,0.0,0.0,0.0,0.0
2,新北國王,26|10873,洪志善/喬納森,1,4,4.0,80.23,1.34,01:20,80.23,1.34,01:20,0.0,0.0,0.0,0.0,0.0,0.0,0.0,0.0,1.0,1.0,25.0,26.92,0.0,0.0,0.0,0.0,1.0,1.0,25.0,26.92,0.0,0.0,0.0,0.0,0.0,0.0,0.0,0.0,0.0,0.0,0.0,0.0,0.0,0.0,0.0,0.0,0.0,0.0,0.0,0.0,0.0,0.0,0.0,0.0,1.0,1.0,25.0,26.92,0.0,0.0,0.0,0.0,2.0,2.0,50.0,53.84,1.0,1.0,25.0,26.92,0.0,0.0,0.0,0.0,1.0,1.0,25.0,26.92,0.0,0.0,0.0,0.0,0.0,0.0,0.0,0.0,2.0,2.0,50.0,53.84,0.0,0.0,0.0,71.79,0.0,0.0,0.0,1.34,1.34,0.0,0.0,0.0,,,0.5,,0.0,1.0,0.33,25.0,0.0,0.0,50.0,0.0
2,新北國王,34|10871,沃許本/鍾理翔,3,14,16.0,241.27,4.02,04:01,80.42,1.34,01:20,8.0,2.67,50.0,71.62,6.0,2.0,37.5,53.72,4.0,1.33,25.0,35.81,2.0,0.67,12.5,17.91,4.0,1.33,25.0,35.81,2.0,0.67,12.5,17.91,0.0,0.0,0.0,0.0,0.0,0.0,0.0,0.0,6.0,2.0,37.5,53.72,4.0,1.33,25.0,35.81,1.0,0.33,6.25,8.95,1.0,0.33,6.25,8.95,1.0,0.33,6.25,8.95,2.0,0.67,12.5,17.91,1.0,0.33,6.25,8.95,0.0,0.0,0.0,0.0,1.0,0.33,6.25,8.95,0.0,0.0,0.0,0.0,3.0,1.0,18.75,26.86,2.0,0.67,12.5,17.91,50.0,37.5,12.5,95.5,2.0,0.67,12.5,4.02,1.34,0.5,0.6,0.5,,0.67,0.13,0.0,0.33,0.5,0.4,6.25,0.0,0.19,12.5,1.5
2,新北國王,34|10873,沃許本/喬納森,9,119,139.0,1902.42,31.71,31:42,211.38,3.52,03:31,73.0,8.11,52.52,82.88,51.0,5.67,36.69,57.91,47.0,5.22,33.81,53.36,24.0,2.67,17.27,27.25,26.0,2.89,18.71,29.52,15.0,1.67,10.79,17.03,21.0,2.33,15.11,23.84,9.0,1.0,6.47,10.22,22.0,2.44,15.83,24.98,14.0,1.56,10.07,15.9,10.0,1.11,7.19,11.35,17.0,1.89,12.23,19.3,7.0,0.78,5.04,7.95,26.0,2.89,18.71,29.52,12.0,1.33,8.63,13.62,13.0,1.44,9.35,14.76,6.0,0.67,4.32,6.81,2.0,0.22,1.44,2.27,12.0,1.33,8.63,13.62,9.0,1.0,6.47,10.22,52.52,36.69,15.83,105.21,22.0,2.44,15.83,31.71,3.52,0.61,0.64,0.58,0.43,0.64,0.17,0.54,0.28,0.71,0.45,4.32,1.44,0.09,6.47,0.47
2,新北國王,10871|10873,鍾理翔/喬納森,8,71,92.0,1059.82,17.66,17:40,132.48,2.21,02:12,27.0,3.38,29.35,55.03,31.0,3.88,33.7,63.18,28.0,3.5,30.43,57.07,8.0,1.0,8.7,16.3,15.0,1.88,16.3,30.57,7.0,0.88,7.61,14.27,13.0,1.62,14.13,26.5,1.0,0.12,1.09,2.04,22.0,2.75,23.91,44.84,10.0,1.25,10.87,20.38,10.0,1.25,10.87,20.38,15.0,1.88,16.3,30.57,4.0,0.5,4.35,8.15,11.0,1.38,11.96,22.42,10.0,1.25,10.87,20.38,1.0,0.12,1.09,2.04,8.0,1.0,8.7,16.3,0.0,0.0,0.0,0.0,9.0,1.12,9.78,18.34,14.0,1.75,15.22,28.53,29.35,33.7,-4.35,125.0,-4.0,-0.5,-4.35,17.66,2.21,0.3,0.36,0.47,0.08,0.45,0.21,0.12,0.48,0.79,0.62,8.7,0.0,0.1,15.22,0.79
2,新北中信特攻,39|48,魏嘉豪/李沛澄,10,146,169.0,2158.02,35.97,35:58,215.8,3.6,03:36,76.0,7.6,44.97,76.07,76.0,7.6,44.97,76.07,64.0,6.4,37.87,64.06,27.0,2.7,15.98,27.02,29.0,2.9,17.16,29.03,15.0,1.5,8.88,15.01,35.0,3.5,20.71,35.03,12.0,1.2,7.1,12.01,17.0,1.7,10.06,17.02,11.0,1.1,6.51,11.01,9.0,0.9,5.33,9.01,27.0,2.7,15.98,27.02,6.0,0.6,3.55,6.01,22.0,2.2,13.02,22.02,14.0,1.4,8.28,14.01,18.0,1.8,10.65,18.02,11.0,1.1,6.51,11.01,2.0,0.2,1.18,2.0,8.0,0.8,4.73,8.01,34.0,3.4,20.12,34.03,44.97,44.97,0.0,112.77,0.0,0.0,0.0,35.97,3.6,0.52,0.53,0.52,0.34,0.65,0.16,0.67,0.29,0.82,0.56,6.51,1.18,0.05,20.12,0.27
2,新北中信特攻,39|8889,魏嘉豪/馬可,23,840,980.0,13442.98,224.05,224:03,584.48,9.74,09:44,376.0,16.35,38.37,60.42,439.0,19.09,44.8,70.54,379.0,16.48,38.67,60.9,147.0,6.39,15.0,23.62,244.0,10.61,24.9,39.21,119.0,5.17,12.14,19.12,135.0,5.87,13.78,21.69,28.0,1.22,2.86,4.5,79.0,3.43,8.06,12.69,54.0,2.35,5.51,8.68,66.0,2.87,6.73,10.6,181.0,7.87,18.47,29.08,55.0,2.39,5.61,8.84,161.0,7.0,16.43,25.87,68.0,2.96,6.94,10.93,90.0,3.91,9.18,14.46,41.0,1.78,4.18,6.59,17.0,0.74,1.73,2.73,90.0,3.91,9.18,14.46,85.0,3.7,8.67,13.66,38.37,44.8,-6.43,104.98,-63.0,-2.74,-6.43,224.05,9.74,0.42,0.45,0.49,0.21,0.68,0.14,0.61,0.29,0.77,0.53,4.18,1.73,0.09,8.67,0.21
2,新北中信特攻,48|8889,李沛澄/馬可,8,164,197.0,2642.81,44.05,44:03,330.35,5.51,05:30,114.0,14.25,57.87,93.17,85.0,10.62,43.15,69.47,82.0,10.25,41.62,67.02,40.0,5.0,20.3,32.69,46.0,5.75,23.35,37.6,27.0,3.38,13.71,22.07,36.0,4.5,18.27,29.42,13.0,1.62,6.6,10.63,32.0,4.0,16.24,26.15,22.0,2.75,11.17,17.98,18.0,2.25,9.14,14.71,26.0,3.25,13.2,21.25,6.0,0.75,3.05,4.9,28.0,3.5,14.21,22.88,9.0,1.12,4.57,7.36,22.0,2.75,11.17,17.98,8.0,1.0,4.06,6.54,3.0,0.38,1.52,2.45,21.0,2.62,10.66,17.16,33.0,4.12,16.75,26.97,57.87,43.15,14.72,107.34,29.0,3.62,14.72,44.05,5.51,0.57,0.59,0.59,0.36,0.69,0.09,0.55,0.39,0.81,0.56,4.06,1.52,0.11,16.75,0.39
2,新北中信特攻,8889|10877,馬可/阿巴西,27,3100,3715.0,50841.91,847.37,847:22,1883.03,31.38,31:23,1629.0,60.33,43.85,69.21,1562.0,57.85,42.05,66.36,1419.0,52.56,38.2,60.29,607.0,22.48,16.34,25.79,828.0,30.67,22.29,35.18,443.0,16.41,11.92,18.82,591.0,21.89,15.91,25.11,164.0,6.07,4.41,6.97,355.0,13.15,9.56,15.08,249.0,9.22,6.7,10.58,270.0,10.0,7.27,11.47,573.0,21.22,15.42,24.34,222.0,8.22,5.98,9.43,592.0,21.93,15.94,25.15,266.0,9.85,7.16,11.3,380.0,14.07,10.23,16.14,133.0,4.93,3.58,5.65,40.0,1.48,1.08,1.7,359.0,13.3,9.66,15.25,315.0,11.67,8.48,13.38,43.85,42.05,1.8,105.22,67.0,2.48,1.8,847.37,31.38,0.49,0.52,0.54,0.28,0.7,0.14,0.63,0.31,0.72,0.51,3.58,1.08,0.1,8.48,0.25
2,新北中信特攻,8889|10881,馬可/飛克,22,1461,1734.0,23795.1,396.59,396:35,1081.6,18.03,18:02,707.0,32.14,40.77,64.18,740.0,33.64,42.68,67.17,651.0,29.59,37.54,59.09,264.0,12.0,15.22,23.96,382.0,17.36,22.03,34.68,200.0,9.09,11.53,18.15,269.0,12.23,15.51,24.42,64.0,2.91,3.69,5.81,167.0,7.59,9.63,15.16,113.0,5.14,6.52,10.26,120.0,5.45,6.92,10.89,288.0,13.09,16.61,26.14,100.0,4.55,5.77,9.08,290.0,13.18,16.72,26.32,125.0,5.68,7.21,11.35,170.0,7.73,9.8,15.43,60.0,2.73,3.46,5.45,23.0,1.05,1.33,2.09,165.0,7.5,9.52,14.98,157.0,7.14,9.05,14.25,40.77,42.68,-1.9,104.94,-33.0,-1.5,-1.9,396.59,18.03,0.45,0.49,0.52,0.24,0.68,0.15,0.64,0.29,0.74,0.51,3.46,1.33,0.1,9.05,0.26
2,臺北台新戰神,13|10865,陳冠全/謝銘駿,12,218,241.0,3597.96,59.97,59:58,299.83,5.0,05:00,106.0,8.83,43.98,63.64,137.0,11.42,56.85,82.25,90.0,7.5,37.34,54.03,32.0,2.67,13.28,19.21,47.0,3.92,19.5,28.22,19.0,1.58,7.88,11.41,43.0,3.58,17.84,25.81,13.0,1.08,5.39,7.8,40.0,3.33,16.6,24.01,31.0,2.58,12.86,18.61,11.0,0.92,4.56,6.6,53.0,4.42,21.99,31.82,11.0,0.92,4.56,6.6,46.0,3.83,19.09,27.62,11.0,0.92,4.56,6.6,20.0,1.67,8.3,12.01,6.0,0.5,2.49,3.6,6.0,0.5,2.49,3.6,27.0,2.25,11.2,16.21,18.0,1.5,7.47,10.81,43.98,56.85,-12.86,96.45,-31.0,-2.58,-12.86,59.97,5.0,0.43,0.49,0.4,0.3,0.78,0.09,0.62,0.19,0.83,0.53,2.49,2.49,0.11,7.47,0.44
2,臺北台新戰神,14|10865,錢肯尼/謝銘駿,23,859,1013.0,13938.84,232.31,232:19,606.04,10.1,10:06,439.0,19.09,43.34,68.03,447.0,19.43,44.13,69.27,345.0,15.0,34.06,53.46,149.0,6.48,14.71,23.09,201.0,8.74,19.84,31.15,98.0,4.26,9.67,15.19,144.0,6.26,14.22,22.31,51.0,2.22,5.03,7.9,130.0,5.65,12.83,20.15,94.0,4.09,9.28,14.57,48.0,2.09,4.74,7.44,159.0,6.91,15.7,24.64,67.0,2.91,6.61,10.38,146.0,6.35,14.41,22.62,74.0,3.22,7.31,11.47,79.0,3.43,7.8,12.24,46.0,2.0,4.54,7.13,15.0,0.65,1.48,2.32,95.0,4.13,9.38,14.72,104.0,4.52,10.27,16.12,43.34,44.13,-0.79,104.65,-8.0,-0.35,-0.79,232.31,10.1,0.51,0.55,0.49,0.35,0.72,0.16,0.53,0.25,0.7,0.49,4.54,1.48,0.09,10.27,0.38
2,臺北台新戰神,10865|10869,謝銘駿/基德,16,942,1144.0,15494.84,258.25,258:15,968.43,16.14,16:08,519.0,32.44,45.37,72.35,480.0,30.0,41.96,66.91,421.0,26.31,36.8,58.69,176.0,11.0,15.38,24.53,250.0,15.62,21.85,34.85,122.0,7.62,10.66,17.01,171.0,10.69,14.95,23.84,54.0,3.38,4.72,7.53,153.0,9.56,13.37,21.33,113.0,7.06,9.88,15.75,78.0,4.88,6.82,10.87,180.0,11.25,15.73,25.09,76.0,4.75,6.64,10.59,172.0,10.75,15.03,23.98,71.0,4.44,6.21,9.9,98.0,6.12,8.57,13.66,34.0,2.12,2.97,4.74,19.0,1.19,1.66,2.65,118.0,7.38,10.31,16.45,153.0,9.56,13.37,21.33,45.37,41.96,3.41,106.32,39.0,2.44,3.41,258.25,16.14,0.48,0.53,0.49,0.32,0.74,0.13,0.56,0.31,0.7,0.51,2.97,1.66,0.1,13.37,0.36
2,臺北台新戰神,10865|10870,謝銘駿/洛夫頓,8,481,577.0,8195.97,136.6,136:36,1024.5,17.07,17:04,252.0,31.5,43.67,66.41,260.0,32.5,45.06,68.52,215.0,26.88,37.26,56.66,87.0,10.88,15.08,22.93,122.0,15.25,21.14,32.15,56.0,7.0,9.71,14.76,93.0,11.62,16.12,24.51,31.0,3.88,5.37,8.17,73.0,9.12,12.65,19.24,46.0,5.75,7.97,12.12,41.0,5.12,7.11,10.81,96.0,12.0,16.64,25.3,29.0,3.62,5.03,7.64,85.0,10.62,14.73,22.4,34.0,4.25,5.89,8.96,30.0,3.75,5.2,7.91,19.0,2.38,3.29,5.01,10.0,1.25,1.73,2.64,66.0,8.25,11.44,17.39,57.0,7.12,9.88,15.02,43.67,45.06,-1.39,101.38,-8.0,-1.0,-1.39,136.6,17.07,0.48,0.51,0.46,0.33,0.63,0.12,0.34,0.33,0.77,0.55,3.29,1.73,0.11,9.88,0.34
2,新北中信特攻,8889|10879,馬可/簡廷兆,28,1105,1365.0,18200.43,303.34,303:20,650.02,10.83,10:50,564.0,20.14,41.32,66.93,574.0,20.5,42.05,68.12,509.0,18.18,37.29,60.41,195.0,6.96,14.29,23.14,295.0,10.54,21.61,35.01,133.0,4.75,9.74,15.78,214.0,7.64,15.68,25.4,62.0,2.21,4.54,7.36,161.0,5.75,11.79,19.11,116.0,4.14,8.5,13.77,110.0,3.93,8.06,13.05,221.0,7.89,16.19,26.23,102.0,3.64,7.47,12.11,209.0,7.46,15.31,24.8,83.0,2.96,6.08,9.85,120.0,4.29,8.79,14.24,43.0,1.54,3.15,5.1,26.0,0.93,1.9,3.09,145.0,5.18,10.62,17.21,132.0,4.71,9.67,15.67,41.32,42.05,-0.73,108.0,-10.0,-0.36,-0.73,303.34,10.83,0.44,0.49,0.45,0.29,0.72,0.13,0.62,0.34,0.68,0.52,3.15,1.9,0.11,9.67,0.32
2,新北中信特攻,8889|10880,馬可/內馬,20,1289,1565.0,21579.83,359.66,359:40,1078.99,17.98,17:59,704.0,35.2,44.98,70.47,640.0,32.0,40.89,64.06,610.0,30.5,38.98,61.06,260.0,13.0,16.61,26.02,372.0,18.6,23.77,37.23,194.0,9.7,12.4,19.42,238.0,11.9,15.21,23.82,66.0,3.3,4.22,6.61,159.0,7.95,10.16,15.91,117.0,5.85,7.48,11.71,134.0,6.7,8.56,13.41,227.0,11.35,14.5,22.72,93.0,4.65,5.94,9.31,246.0,12.3,15.72,24.62,107.0,5.35,6.84,10.71,149.0,7.45,9.52,14.91,54.0,2.7,3.45,5.41,23.0,1.15,1.47,2.3,162.0,8.1,10.35,16.22,121.0,6.05,7.73,12.11,44.98,40.89,4.09,104.43,64.0,3.2,4.09,359.66,17.98,0.48,0.52,0.52,0.28,0.74,0.14,0.57,0.35,0.71,0.52,3.45,1.47,0.1,7.73,0.26
2,臺北台新戰神,4|10865,張兆辰/謝銘駿,18,532,655.0,8807.87,146.8,146:48,489.33,8.16,08:09,252.0,14.0,38.47,61.8,297.0,16.5,45.34,72.83,233.0,12.94,35.57,57.14,85.0,4.72,12.98,20.84,137.0,7.61,20.92,33.6,55.0,3.06,8.4,13.49,96.0,5.33,14.66,23.54,30.0,1.67,4.58,7.36,81.0,4.5,12.37,19.86,50.0,2.78,7.63,12.26,49.0,2.72,7.48,12.02,113.0,6.28,17.25,27.71,48.0,2.67,7.33,11.77,95.0,5.28,14.5,23.3,40.0,2.22,6.11,9.81,30.0,1.67,4.58,7.36,27.0,1.5,4.12,6.62,8.0,0.44,1.22,1.96,62.0,3.44,9.47,15.2,67.0,3.72,10.23,16.43,38.47,45.34,-6.87,107.09,-45.0,-2.5,-6.87,146.8,8.16,0.43,0.47,0.4,0.31,0.62,0.13,0.35,0.34,0.7,0.53,4.12,1.22,0.09,10.23,0.35
2,臺北台新戰神,10865|10868,謝銘駿/齊曼加,7,349,436.0,5805.67,96.76,96:46,829.38,13.82,13:49,174.0,24.86,39.91,64.74,187.0,26.71,42.89,69.57,165.0,23.57,37.84,61.39,61.0,8.71,13.99,22.7,99.0,14.14,22.71,36.83,40.0,5.71,9.17,14.88,66.0,9.43,15.14,24.56,21.0,3.0,4.82,7.81,46.0,6.57,10.55,17.11,31.0,4.43,7.11,11.53,41.0,5.86,9.4,15.25,68.0,9.71,15.6,25.3,30.0,4.29,6.88,11.16,60.0,8.57,13.76,22.32,26.0,3.71,5.96,9.67,31.0,4.43,7.11,11.53,14.0,2.0,3.21,5.21,6.0,0.86,1.38,2.23,45.0,6.43,10.32,16.74,50.0,7.14,11.47,18.6,39.91,42.89,-2.98,108.14,-13.0,-1.86,-2.98,96.76,13.82,0.43,0.47,0.4,0.32,0.67,0.12,0.51,0.41,0.69,0.55,3.21,1.38,0.1,11.47,0.28
2,新北中信特攻,40|48,謝亞軒/李沛澄,5,65,78.0,956.38,15.94,15:56,191.28,3.19,03:11,39.0,7.8,50.0,88.08,36.0,7.2,46.15,81.31,30.0,6.0,38.46,67.76,13.0,2.6,16.67,29.36,11.0,2.2,14.1,24.84,8.0,1.6,10.26,18.07,19.0,3.8,24.36,42.91,5.0,1.0,6.41,11.29,10.0,2.0,12.82,22.59,8.0,1.6,10.26,18.07,4.0,0.8,5.13,9.03,12.0,2.4,15.38,27.1,4.0,0.8,5.13,9.03,10.0,2.0,12.82,22.59,3.0,0.6,3.85,6.78,8.0,1.6,10.26,18.07,2.0,0.4,2.56,4.52,1.0,0.2,1.28,2.26,5.0,1.0,6.41,11.29,10.0,2.0,12.82,22.59,50.0,46.15,3.85,117.44,3.0,0.6,3.85,15.94,3.19,0.52,0.57,0.73,0.26,0.8,0.08,0.62,0.29,0.75,0.53,2.56,1.28,0.06,12.82,0.33
2,新北中信特攻,40|8889,謝亞軒/馬可,26,2382,2835.0,39064.39,651.07,651:04,1502.48,25.04,25:02,1243.0,47.81,43.84,68.73,1205.0,46.35,42.5,66.63,1068.0,41.08,37.67,59.05,463.0,17.81,16.33,25.6,643.0,24.73,22.68,35.55,346.0,13.31,12.2,19.13,425.0,16.35,14.99,23.5,117.0,4.5,4.13,6.47,280.0,10.77,9.88,15.48,195.0,7.5,6.88,10.78,203.0,7.81,7.16,11.22,430.0,16.54,15.17,23.78,163.0,6.27,5.75,9.01,455.0,17.5,16.05,25.16,216.0,8.31,7.62,11.94,300.0,11.54,10.58,16.59,105.0,4.04,3.7,5.81,36.0,1.38,1.27,1.99,278.0,10.69,9.81,15.37,229.0,8.81,8.08,12.66,43.84,42.5,1.34,104.5,38.0,1.46,1.34,651.07,25.04,0.49,0.52,0.54,0.28,0.7,0.15,0.65,0.31,0.73,0.51,3.7,1.27,0.1,8.08,0.26
2,臺北台新戰神,10|10865,雷蒙恩/謝銘駿,25,949,1149.0,15406.74,256.78,256:47,616.27,10.27,10:16,484.0,19.36,42.12,67.86,537.0,21.48,46.74,75.29,416.0,16.64,36.21,58.32,162.0,6.48,14.1,22.71,247.0,9.88,21.5,34.63,112.0,4.48,9.75,15.7,169.0,6.76,14.71,23.69,50.0,2.0,4.35,7.01,157.0,6.28,13.66,22.01,105.0,4.2,9.14,14.72,86.0,3.44,7.48,12.06,183.0,7.32,15.93,25.66,68.0,2.72,5.92,9.53,164.0,6.56,14.27,22.99,70.0,2.8,6.09,9.81,83.0,3.32,7.22,11.64,36.0,1.44,3.13,5.05,15.0,0.6,1.31,2.1,129.0,5.16,11.23,18.09,134.0,5.36,11.66,18.79,42.12,46.74,-4.61,107.39,-53.0,-2.12,-4.61,256.78,10.27,0.45,0.5,0.45,0.3,0.67,0.13,0.51,0.34,0.73,0.54,3.13,1.31,0.11,11.66,0.38
2,新北中信特攻,44|8889,黃泓瀚/馬可,24,699,817.0,11204.3,186.74,186:44,466.85,7.78,07:47,368.0,15.33,45.04,70.94,357.0,14.88,43.7,68.82,306.0,12.75,37.45,58.99,135.0,5.62,16.52,26.03,176.0,7.33,21.54,33.93,93.0,3.88,11.38,17.93,130.0,5.42,15.91,25.06,42.0,1.75,5.14,8.1,84.0,3.5,10.28,16.19,58.0,2.42,7.1,11.18,56.0,2.33,6.85,10.8,123.0,5.12,15.06,23.71,43.0,1.79,5.26,8.29,149.0,6.21,18.24,28.72,57.0,2.38,6.98,10.99,81.0,3.38,9.91,15.62,30.0,1.25,3.67,5.78,13.0,0.54,1.59,2.51,74.0,3.08,9.06,14.27,77.0,3.21,9.42,14.84,45.04,43.7,1.35,105.0,11.0,0.46,1.35,186.74,7.78,0.51,0.54,0.53,0.32,0.69,0.14,0.6,0.27,0.74,0.48,3.67,1.59,0.09,9.42,0.27
2,臺北台新戰神,3|10865,陳文宏/謝銘駿,20,421,499.0,6771.54,112.86,112:52,338.58,5.64,05:39,198.0,9.9,39.68,63.16,261.0,13.05,52.3,83.25,166.0,8.3,33.27,52.95,65.0,3.25,13.03,20.73,90.0,4.5,18.04,28.71,45.0,2.25,9.02,14.35,76.0,3.8,15.23,24.24,20.0,1.0,4.01,6.38,71.0,3.55,14.23,22.65,50.0,2.5,10.02,15.95,27.0,1.35,5.41,8.61,89.0,4.45,17.84,28.39,35.0,1.75,7.01,11.16,79.0,3.95,15.83,25.2,34.0,1.7,6.81,10.85,25.0,1.25,5.01,7.97,16.0,0.8,3.21,5.1,6.0,0.3,1.2,1.91,51.0,2.55,10.22,16.27,66.0,3.3,13.23,21.05,39.68,52.3,-12.63,106.11,-63.0,-3.15,-12.63,112.86,5.64,0.45,0.5,0.5,0.26,0.7,0.15,0.38,0.25,0.72,0.5,3.21,1.2,0.1,13.23,0.43
2,臺北台新戰神,10|10863,雷蒙恩/魏芃禾,13,315,385.0,4803.64,80.06,80:04,369.51,6.16,06:10,160.0,12.31,41.56,71.95,179.0,13.77,46.49,80.49,145.0,11.15,37.66,65.2,56.0,4.31,14.55,25.18,75.0,5.77,19.48,33.72,38.0,2.92,9.87,17.09,70.0,5.38,18.18,31.48,18.0,1.38,4.68,8.09,50.0,3.85,12.99,22.48,32.0,2.46,8.31,14.39,30.0,2.31,7.79,13.49,62.0,4.77,16.1,27.88,25.0,1.92,6.49,11.24,55.0,4.23,14.29,24.73,22.0,1.69,5.71,9.89,35.0,2.69,9.09,15.74,16.0,1.23,4.16,7.19,9.0,0.69,2.34,4.05,37.0,2.85,9.61,16.64,58.0,4.46,15.06,26.08,41.56,46.49,-4.94,115.41,-19.0,-1.46,-4.94,80.06,6.16,0.45,0.48,0.51,0.26,0.64,0.12,0.62,0.35,0.71,0.53,4.16,2.34,0.1,15.06,0.34
2,臺北台新戰神,10863|10865,魏芃禾/謝銘駿,17,222,278.0,3536.39,58.94,58:56,208.02,3.47,03:28,90.0,5.29,32.37,54.97,118.0,6.94,42.45,72.07,97.0,5.71,34.89,59.25,27.0,1.59,9.71,16.49,50.0,2.94,17.99,30.54,19.0,1.12,6.83,11.61,47.0,2.76,16.91,28.71,8.0,0.47,2.88,4.89,43.0,2.53,15.47,26.26,28.0,1.65,10.07,17.1,21.0,1.24,7.55,12.83,56.0,3.29,20.14,34.2,18.0,1.06,6.47,10.99,46.0,2.71,16.55,28.1,20.0,1.18,7.19,12.22,11.0,0.65,3.96,6.72,15.0,0.88,5.4,9.16,4.0,0.24,1.44,2.44,28.0,1.65,10.07,17.1,32.0,1.88,11.51,19.55,32.37,42.45,-10.07,113.2,-28.0,-1.65,-10.07,58.94,3.47,0.32,0.39,0.38,0.17,0.65,0.15,0.41,0.31,0.76,0.55,5.4,1.44,0.1,11.51,0.44
2,臺北台新戰神,10863|10868,魏芃禾/齊曼加,5,85,110.0,1394.33,23.24,23:14,278.87,4.65,04:39,40.0,8.0,36.36,61.97,45.0,9.0,40.91,69.71,48.0,9.6,43.64,74.36,14.0,2.8,12.73,21.69,26.0,5.2,23.64,40.28,10.0,2.0,9.09,15.49,22.0,4.4,20.0,34.08,4.0,0.8,3.64,6.2,13.0,2.6,11.82,20.14,8.0,1.6,7.27,12.39,15.0,3.0,13.64,23.24,21.0,4.2,19.09,32.53,9.0,1.8,8.18,13.94,14.0,2.8,12.73,21.69,6.0,1.2,5.45,9.29,9.0,1.8,8.18,13.94,4.0,0.8,3.64,6.2,2.0,0.4,1.82,3.1,11.0,2.2,10.0,17.04,9.0,1.8,8.18,13.94,36.36,40.91,-4.55,113.6,-5.0,-1.0,-4.55,23.24,4.65,0.33,0.37,0.38,0.18,0.62,0.1,0.64,0.52,0.7,0.61,3.64,1.82,0.1,8.18,0.27
2,臺北台新戰神,10863|10869,魏芃禾/基德,12,190,243.0,3343.71,55.73,55:44,278.64,4.64,04:39,72.0,6.0,29.63,46.51,100.0,8.33,41.15,64.6,92.0,7.67,37.86,59.43,24.0,2.0,9.88,15.5,42.0,3.5,17.28,27.13,16.0,1.33,6.58,10.34,50.0,4.17,20.58,32.3,8.0,0.67,3.29,5.17,24.0,2.0,9.88,15.5,17.0,1.42,7.0,10.98,18.0,1.5,7.41,11.63,53.0,4.42,21.81,34.24,23.0,1.92,9.47,14.86,39.0,3.25,16.05,25.19,14.0,1.17,5.76,9.04,12.0,1.0,4.94,7.75,8.0,0.67,3.29,5.17,6.0,0.5,2.47,3.88,21.0,1.75,8.64,13.57,39.0,3.25,16.05,25.19,29.63,41.15,-11.52,104.65,-28.0,-2.33,-11.52,55.73,4.64,0.3,0.35,0.38,0.16,0.71,0.12,0.5,0.32,0.7,0.53,3.29,2.47,0.09,16.05,0.26
2,臺北台新戰神,14|10863,錢肯尼/魏芃禾,15,193,236.0,3033.99,50.57,50:34,202.27,3.37,03:22,84.0,5.6,35.59,59.8,99.0,6.6,41.95,70.48,90.0,6.0,38.14,64.07,30.0,2.0,12.71,21.36,52.0,3.47,22.03,37.02,22.0,1.47,9.32,15.66,38.0,2.53,16.1,27.05,8.0,0.53,3.39,5.7,17.0,1.13,7.2,12.1,12.0,0.8,5.08,8.54,21.0,1.4,8.9,14.95,39.0,2.6,16.53,27.77,18.0,1.2,7.63,12.81,35.0,2.33,14.83,24.92,19.0,1.27,8.05,13.53,18.0,1.2,7.63,12.81,9.0,0.6,3.81,6.41,7.0,0.47,2.97,4.98,16.0,1.07,6.78,11.39,18.0,1.2,7.63,12.81,35.59,41.95,-6.36,112.01,-15.0,-1.0,-6.36,50.57,3.37,0.38,0.43,0.42,0.21,0.71,0.16,0.6,0.38,0.68,0.53,3.81,2.97,0.07,7.63,0.19
2,臺北台新戰神,7|14,孫思堯/錢肯尼,3,45,56.0,597.06,9.95,09:57,199.02,3.32,03:19,12.0,4.0,21.43,43.41,17.0,5.67,30.36,61.5,14.0,4.67,25.0,50.65,3.0,1.0,5.36,10.85,5.0,1.67,8.93,18.09,2.0,0.67,3.57,7.24,9.0,3.0,16.07,32.56,1.0,0.33,1.79,3.62,5.0,1.67,8.93,18.09,5.0,1.67,8.93,18.09,1.0,0.33,1.79,3.62,9.0,3.0,16.07,32.56,7.0,2.33,12.5,25.32,10.0,3.33,17.86,36.18,7.0,2.33,12.5,25.32,1.0,0.33,1.79,3.62,2.0,0.67,3.57,7.24,2.0,0.67,3.57,7.24,7.0,2.33,12.5,25.32,8.0,2.67,14.29,28.94,21.43,30.36,-8.93,135.06,-5.0,-1.67,-8.93,9.95,3.32,0.25,0.37,0.4,0.11,1.0,0.3,0.33,0.09,0.56,0.37,3.57,3.57,0.12,14.29,0.36
2,臺北台新戰神,7|10865,孫思堯/謝銘駿,3,35,44.0,424.52,7.08,07:05,141.51,2.36,02:22,11.0,3.67,25.0,55.97,13.0,4.33,29.55,66.14,15.0,5.0,34.09,76.32,3.0,1.0,6.82,15.26,6.0,2.0,13.64,30.53,2.0,0.67,4.55,10.18,9.0,3.0,20.45,45.79,1.0,0.33,2.27,5.09,5.0,1.67,11.36,25.44,5.0,1.67,11.36,25.44,3.0,1.0,6.82,15.26,6.0,2.0,13.64,30.53,4.0,1.33,9.09,20.35,6.0,2.0,13.64,30.53,5.0,1.67,11.36,25.44,2.0,0.67,4.55,10.18,2.0,0.67,4.55,10.18,1.0,0.33,2.27,5.09,6.0,2.0,13.64,30.53,8.0,2.67,18.18,40.7,25.0,29.55,-4.55,149.25,-2.0,-0.67,-4.55,7.08,2.36,0.23,0.32,0.33,0.11,1.0,0.23,0.67,0.33,0.6,0.47,4.55,2.27,0.14,18.18,0.33
2,臺北台新戰神,2|10,江均/雷蒙恩,6,124,145.0,1908.92,31.82,31:49,318.15,5.3,05:18,76.0,12.67,52.41,86.0,79.0,13.17,54.48,89.39,53.0,8.83,36.55,59.97,29.0,4.83,20.0,32.81,34.0,5.67,23.45,38.47,23.0,3.83,15.86,26.03,19.0,3.17,13.1,21.5,6.0,1.0,4.14,6.79,19.0,3.17,13.1,21.5,11.0,1.83,7.59,12.45,11.0,1.83,7.59,12.45,17.0,2.83,11.72,19.24,6.0,1.0,4.14,6.79,20.0,3.33,13.79,22.63,10.0,1.67,6.9,11.32,14.0,2.33,9.66,15.84,7.0,1.17,4.83,7.92,2.0,0.33,1.38,2.26,12.0,2.0,8.28,13.58,26.0,4.33,17.93,29.42,52.41,54.48,-2.07,109.38,-3.0,-0.5,-2.07,31.82,5.3,0.6,0.62,0.68,0.32,0.58,0.14,0.48,0.35,0.74,0.52,4.83,1.38,0.08,17.93,0.36
2,臺北台新戰神,2|10865,江均/謝銘駿,12,189,234.0,3404.19,56.74,56:44,283.68,4.73,04:44,70.0,5.83,29.91,44.42,105.0,8.75,44.87,66.62,74.0,6.17,31.62,46.95,24.0,2.0,10.26,15.23,39.0,3.25,16.67,24.75,16.0,1.33,6.84,10.15,35.0,2.92,14.96,22.21,8.0,0.67,3.42,5.08,26.0,2.17,11.11,16.5,13.0,1.08,5.56,8.25,16.0,1.33,6.84,10.15,43.0,3.58,18.38,27.28,18.0,1.5,7.69,11.42,35.0,2.92,14.96,22.21,22.0,1.83,9.4,13.96,10.0,0.83,4.27,6.35,14.0,1.17,5.98,8.88,6.0,0.5,2.56,3.81,17.0,1.42,7.26,10.79,30.0,2.5,12.82,19.04,29.91,44.87,-14.96,98.98,-35.0,-2.92,-14.96,56.74,4.73,0.38,0.41,0.41,0.23,0.5,0.2,0.42,0.31,0.7,0.53,5.98,2.56,0.07,12.82,0.35
2,臺北台新戰神,2|10869,江均/基德,3,14,20.0,179.54,2.99,03:00,59.85,1.0,01:00,6.0,2.0,30.0,72.18,6.0,2.0,30.0,72.18,5.0,1.67,25.0,60.15,2.0,0.67,10.0,24.06,2.0,0.67,10.0,24.06,1.0,0.33,5.0,12.03,3.0,1.0,15.0,36.09,1.0,0.33,5.0,12.03,1.0,0.33,5.0,12.03,0.0,0.0,0.0,0.0,3.0,1.0,15.0,36.09,1.0,0.33,5.0,12.03,2.0,0.67,10.0,24.06,0.0,0.0,0.0,0.0,3.0,1.0,15.0,36.09,0.0,0.0,0.0,0.0,1.0,0.33,5.0,12.03,0.0,0.0,0.0,0.0,1.0,0.33,5.0,12.03,3.0,1.0,15.0,36.09,30.0,30.0,0.0,160.41,0.0,0.0,0.0,2.99,1.0,0.5,0.55,0.5,0.33,0.0,0.36,0.0,1.0,0.33,0.67,5.0,0.0,0.05,15.0,0.2
2,臺北台新戰神,2|10870,江均/洛夫頓,4,56,71.0,1061.59,17.69,17:42,265.4,4.42,04:25,23.0,5.75,32.39,46.8,28.0,7.0,39.44,56.97,23.0,5.75,32.39,46.8,8.0,2.0,11.27,16.28,14.0,3.5,19.72,28.49,5.0,1.25,7.04,10.17,9.0,2.25,12.68,18.31,3.0,0.75,4.23,6.1,8.0,2.0,11.27,16.28,3.0,0.75,4.23,6.1,7.0,1.75,9.86,14.24,11.0,2.75,15.49,22.38,6.0,1.5,8.45,12.21,7.0,1.75,9.86,14.24,8.0,2.0,11.27,16.28,0.0,0.0,0.0,0.0,5.0,1.25,7.04,10.17,4.0,1.0,5.63,8.14,5.0,1.25,7.04,10.17,8.0,2.0,11.27,16.28,32.39,39.44,-7.04,96.31,-5.0,-1.25,-7.04,17.69,4.42,0.41,0.43,0.36,0.33,0.38,0.23,0.0,0.5,0.65,0.58,7.04,5.63,0.07,11.27,0.35
2,新竹御嵿攻城獅,75|76,高國豪/曾柏喻,30,2715,3231.0,44924.18,748.74,748:44,1497.47,24.96,24:57,1489.0,49.63,46.08,71.59,1336.0,44.53,41.35,64.24,1208.0,40.27,37.39,58.08,552.0,18.4,17.08,26.54,771.0,25.7,23.86,37.07,403.0,13.43,12.47,19.38,437.0,14.57,13.53,21.01,149.0,4.97,4.61,7.16,331.0,11.03,10.24,15.91,233.0,7.77,7.21,11.2,201.0,6.7,6.22,9.66,500.0,16.67,15.48,24.04,210.0,7.0,6.5,10.1,517.0,17.23,16.0,24.86,214.0,7.13,6.62,10.29,346.0,11.53,10.71,16.64,120.0,4.0,3.71,5.77,44.0,1.47,1.36,2.12,316.0,10.53,9.78,15.19,244.0,8.13,7.55,11.73,46.08,41.35,4.74,103.57,153.0,5.1,4.74,748.74,24.96,0.52,0.55,0.52,0.34,0.7,0.14,0.63,0.28,0.7,0.49,3.71,1.36,0.1,7.55,0.27
2,新竹御嵿攻城獅,75|90,高國豪/李啓瑋,17,673,804.0,11093.89,184.9,184:54,652.58,10.88,10:53,389.0,22.88,48.38,75.74,361.0,21.24,44.9,70.29,299.0,17.59,37.19,58.22,147.0,8.65,18.28,28.62,179.0,10.53,22.26,34.85,104.0,6.12,12.94,20.25,120.0,7.06,14.93,23.36,43.0,2.53,5.35,8.37,69.0,4.06,8.58,13.43,52.0,3.06,6.47,10.12,44.0,2.59,5.47,8.57,112.0,6.59,13.93,21.81,64.0,3.76,7.96,12.46,123.0,7.24,15.3,23.95,50.0,2.94,6.22,9.74,83.0,4.88,10.32,16.16,29.0,1.71,3.61,5.65,12.0,0.71,1.49,2.34,74.0,4.35,9.2,14.41,60.0,3.53,7.46,11.68,48.38,44.9,3.48,104.36,28.0,1.65,3.48,184.9,10.88,0.56,0.59,0.58,0.36,0.75,0.13,0.56,0.26,0.64,0.45,3.61,1.49,0.09,7.46,0.23
2,新竹御嵿攻城獅,75|10887,高國豪/德魯,30,2995,3593.0,50344.33,839.07,839:04,1678.14,27.97,27:58,1672.0,55.73,46.53,71.74,1498.0,49.93,41.69,64.27,1335.0,44.5,37.16,57.28,604.0,20.13,16.81,25.91,832.0,27.73,23.16,35.7,430.0,14.33,11.97,18.45,503.0,16.77,14.0,21.58,174.0,5.8,4.84,7.47,402.0,13.4,11.19,17.25,292.0,9.73,8.13,12.53,234.0,7.8,6.51,10.04,542.0,18.07,15.08,23.25,237.0,7.9,6.6,10.17,573.0,19.1,15.95,24.58,225.0,7.5,6.26,9.65,389.0,12.97,10.83,16.69,127.0,4.23,3.53,5.45,49.0,1.63,1.36,2.1,375.0,12.5,10.44,16.09,301.0,10.03,8.38,12.91,46.53,41.69,4.84,102.77,174.0,5.8,4.84,839.07,27.97,0.52,0.55,0.52,0.35,0.73,0.13,0.64,0.29,0.7,0.49,3.53,1.36,0.1,8.38,0.3
2,新竹御嵿攻城獅,75|10888,高國豪/帕塞獅,18,1382,1643.0,23399.74,390.0,390:00,1299.99,21.67,21:40,751.0,41.72,45.71,69.32,659.0,36.61,40.11,60.83,632.0,35.11,38.47,58.34,286.0,15.89,17.41,26.4,405.0,22.5,24.65,37.39,211.0,11.72,12.84,19.48,227.0,12.61,13.82,20.95,75.0,4.17,4.56,6.92,153.0,8.5,9.31,14.12,102.0,5.67,6.21,9.42,104.0,5.78,6.33,9.6,265.0,14.72,16.13,24.46,96.0,5.33,5.84,8.86,276.0,15.33,16.8,25.48,99.0,5.5,6.03,9.14,174.0,9.67,10.59,16.06,50.0,2.78,3.04,4.62,22.0,1.22,1.34,2.03,149.0,8.28,9.07,13.75,121.0,6.72,7.36,11.17,45.71,40.11,5.6,101.11,92.0,5.11,5.6,390.0,21.67,0.51,0.54,0.52,0.33,0.67,0.12,0.61,0.27,0.73,0.5,3.04,1.34,0.09,7.36,0.24
2,新竹御嵿攻城獅,76|90,曾柏喻/李啓瑋,19,734,882.0,12503.37,208.39,208:23,658.07,10.97,10:58,405.0,21.32,45.92,69.97,385.0,20.26,43.65,66.51,324.0,17.05,36.73,55.97,155.0,8.16,17.57,26.78,201.0,10.58,22.79,34.72,115.0,6.05,13.04,19.87,123.0,6.47,13.95,21.25,40.0,2.11,4.54,6.91,70.0,3.68,7.94,12.09,55.0,2.89,6.24,9.5,50.0,2.63,5.67,8.64,122.0,6.42,13.83,21.08,66.0,3.47,7.48,11.4,137.0,7.21,15.53,23.67,66.0,3.47,7.48,11.4,91.0,4.79,10.32,15.72,38.0,2.0,4.31,6.56,12.0,0.63,1.36,2.07,82.0,4.32,9.3,14.17,67.0,3.53,7.6,11.57,45.92,43.65,2.27,101.58,20.0,1.05,2.27,208.39,10.97,0.54,0.57,0.57,0.33,0.79,0.16,0.59,0.27,0.65,0.46,4.31,1.36,0.09,7.6,0.22
2,新竹御嵿攻城獅,76|10887,曾柏喻/德魯,33,3182,3796.0,52486.14,874.77,874:46,1590.49,26.51,26:30,1725.0,52.27,45.44,70.99,1601.0,48.52,42.18,65.89,1364.0,41.33,35.93,56.13,623.0,18.88,16.41,25.64,855.0,25.91,22.52,35.19,445.0,13.48,11.72,18.31,509.0,15.42,13.41,20.95,178.0,5.39,4.69,7.33,425.0,12.88,11.2,17.49,302.0,9.15,7.96,12.43,224.0,6.79,5.9,9.22,571.0,17.3,15.04,23.5,263.0,7.97,6.93,10.82,624.0,18.91,16.44,25.68,264.0,8.0,6.95,10.86,424.0,12.85,11.17,17.45,146.0,4.42,3.85,6.01,51.0,1.55,1.34,2.1,399.0,12.09,10.51,16.42,304.0,9.21,8.01,12.51,45.44,42.18,3.27,104.15,124.0,3.76,3.27,874.77,26.51,0.52,0.56,0.52,0.35,0.71,0.15,0.68,0.26,0.68,0.47,3.85,1.34,0.11,8.01,0.31
2,新竹御嵿攻城獅,76|10888,曾柏喻/帕塞獅,19,1584,1915.0,26743.06,445.72,445:43,1407.53,23.46,23:28,856.0,45.05,44.7,69.14,782.0,41.16,40.84,63.16,708.0,37.26,36.97,57.18,323.0,17.0,16.87,26.09,445.0,23.42,23.24,35.94,237.0,12.47,12.38,19.14,263.0,13.84,13.73,21.24,86.0,4.53,4.49,6.95,185.0,9.74,9.66,14.94,122.0,6.42,6.37,9.85,124.0,6.53,6.48,10.02,291.0,15.32,15.2,23.5,124.0,6.53,6.48,10.02,319.0,16.79,16.66,25.77,137.0,7.21,7.15,11.07,195.0,10.26,10.18,15.75,70.0,3.68,3.66,5.65,23.0,1.21,1.2,1.86,201.0,10.58,10.5,16.23,137.0,7.21,7.15,11.07,44.7,40.84,3.86,103.11,74.0,3.89,3.86,445.72,23.46,0.52,0.54,0.53,0.33,0.66,0.15,0.6,0.28,0.7,0.48,3.66,1.2,0.1,7.15,0.26
2,新竹御嵿攻城獅,90|10887,李啓瑋/德魯,20,862,1022.0,13486.1,224.77,224:46,674.3,11.24,11:14,490.0,24.5,47.95,78.48,443.0,22.15,43.35,70.95,371.0,18.55,36.3,59.42,179.0,8.95,17.51,28.67,214.0,10.7,20.94,34.28,126.0,6.3,12.33,20.18,157.0,7.85,15.36,25.15,53.0,2.65,5.19,8.49,104.0,5.2,10.18,16.66,80.0,4.0,7.83,12.81,58.0,2.9,5.68,9.29,138.0,6.9,13.5,22.1,68.0,3.4,6.65,10.89,167.0,8.35,16.34,26.75,74.0,3.7,7.24,11.85,112.0,5.6,10.96,17.94,42.0,2.1,4.11,6.73,11.0,0.55,1.08,1.76,106.0,5.3,10.37,16.98,75.0,3.75,7.34,12.01,47.95,43.35,4.6,109.13,47.0,2.35,4.6,224.77,11.24,0.55,0.59,0.59,0.34,0.77,0.15,0.63,0.26,0.67,0.45,4.11,1.08,0.1,7.34,0.28
2,新竹御嵿攻城獅,90|10888,李啓瑋/帕塞獅,10,407,484.0,6627.77,110.46,110:28,662.78,11.05,11:03,225.0,22.5,46.49,73.33,211.0,21.1,43.6,68.77,170.0,17.0,35.12,55.4,85.0,8.5,17.56,27.7,106.0,10.6,21.9,34.55,61.0,6.1,12.6,19.88,64.0,6.4,13.22,20.86,24.0,2.4,4.96,7.82,40.0,4.0,8.26,13.04,31.0,3.1,6.4,10.1,25.0,2.5,5.17,8.15,62.0,6.2,12.81,20.21,27.0,2.7,5.58,8.8,86.0,8.6,17.77,28.03,43.0,4.3,8.88,14.01,53.0,5.3,10.95,17.27,24.0,2.4,4.96,7.82,8.0,0.8,1.65,2.61,52.0,5.2,10.74,16.95,31.0,3.1,6.4,10.1,46.49,43.6,2.89,105.16,14.0,1.4,2.89,110.46,11.05,0.57,0.6,0.58,0.38,0.78,0.19,0.62,0.23,0.7,0.44,4.96,1.65,0.11,6.4,0.24
2,新竹御嵿攻城獅,10887|10888,德魯/帕塞獅,19,1336,1600.0,22004.36,366.74,366:44,1158.12,19.3,19:18,735.0,38.68,45.94,72.15,648.0,34.11,40.5,63.61,592.0,31.16,37.0,58.11,276.0,14.53,17.25,27.09,386.0,20.32,24.12,37.89,207.0,10.89,12.94,20.32,206.0,10.84,12.88,20.22,69.0,3.63,4.31,6.77,169.0,8.89,10.56,16.59,115.0,6.05,7.19,11.29,98.0,5.16,6.12,9.62,245.0,12.89,15.31,24.05,90.0,4.74,5.62,8.83,283.0,14.89,17.69,27.78,103.0,5.42,6.44,10.11,171.0,9.0,10.69,16.79,52.0,2.74,3.25,5.1,21.0,1.11,1.31,2.06,172.0,9.05,10.75,16.88,111.0,5.84,6.94,10.9,45.94,40.5,5.44,104.71,87.0,4.58,5.44,366.74,19.3,0.52,0.55,0.54,0.33,0.68,0.13,0.62,0.26,0.73,0.48,3.25,1.31,0.11,6.94,0.29
2,新竹御嵿攻城獅,75|10862,高國豪/提傑,28,1979,2360.0,33510.8,558.51,558:31,1196.81,19.95,19:57,1024.0,36.57,43.39,66.0,985.0,35.18,41.74,63.49,845.0,30.18,35.81,54.47,356.0,12.71,15.08,22.95,488.0,17.43,20.68,31.45,238.0,8.5,10.08,15.34,357.0,12.75,15.13,23.01,118.0,4.21,5.0,7.61,250.0,8.93,10.59,16.11,188.0,6.71,7.97,12.12,142.0,5.07,6.02,9.15,368.0,13.14,15.59,23.72,178.0,6.36,7.54,11.47,349.0,12.46,14.79,22.5,171.0,6.11,7.25,11.02,237.0,8.46,10.04,15.28,97.0,3.46,4.11,6.25,31.0,1.11,1.31,2.0,220.0,7.86,9.32,14.18,216.0,7.71,9.15,13.92,43.39,41.74,1.65,101.41,39.0,1.39,1.65,558.51,19.95,0.49,0.54,0.49,0.33,0.75,0.15,0.67,0.29,0.67,0.49,4.11,1.31,0.09,9.15,0.3
2,新竹御嵿攻城獅,76|10862,曾柏喻/提傑,30,1897,2250.0,31905.17,531.75,531:45,1063.51,17.73,17:44,972.0,32.4,43.2,65.81,931.0,31.03,41.38,63.03,792.0,26.4,35.2,53.62,344.0,11.47,15.29,23.29,475.0,15.83,21.11,32.16,241.0,8.03,10.71,16.32,317.0,10.57,14.09,21.46,103.0,3.43,4.58,6.97,249.0,8.3,11.07,16.86,181.0,6.03,8.04,12.25,122.0,4.07,5.42,8.26,349.0,11.63,15.51,23.63,169.0,5.63,7.51,11.44,340.0,11.33,15.11,23.02,176.0,5.87,7.82,11.92,223.0,7.43,9.91,15.1,94.0,3.13,4.18,6.36,26.0,0.87,1.16,1.76,214.0,7.13,9.51,14.49,205.0,6.83,9.11,13.88,43.2,41.38,1.82,101.55,41.0,1.37,1.82,531.75,17.73,0.5,0.54,0.51,0.32,0.73,0.16,0.65,0.26,0.67,0.48,4.18,1.16,0.1,9.11,0.31
2,新竹御嵿攻城獅,90|10862,李啓瑋/提傑,18,623,749.0,10747.22,179.12,179:07,597.07,9.95,09:57,332.0,18.44,44.33,66.73,315.0,17.5,42.06,63.31,263.0,14.61,35.11,52.86,118.0,6.56,15.75,23.72,155.0,8.61,20.69,31.15,83.0,4.61,11.08,16.68,108.0,6.0,14.42,21.71,35.0,1.94,4.67,7.03,75.0,4.17,10.01,15.07,61.0,3.39,8.14,12.26,35.0,1.94,4.67,7.03,114.0,6.33,15.22,22.91,73.0,4.06,9.75,14.67,113.0,6.28,15.09,22.71,51.0,2.83,6.81,10.25,73.0,4.06,9.75,14.67,29.0,1.61,3.87,5.83,7.0,0.39,0.93,1.41,66.0,3.67,8.81,13.26,62.0,3.44,8.28,12.46,44.33,42.06,2.27,100.36,17.0,0.94,2.27,179.12,9.95,0.52,0.56,0.54,0.32,0.81,0.15,0.62,0.24,0.61,0.44,3.87,0.93,0.09,8.28,0.29
2,新竹御嵿攻城獅,10862|10887,提傑/德魯,29,1941,2321.0,32173.62,536.23,536:14,1109.44,18.49,18:29,1022.0,35.24,44.03,68.61,973.0,33.55,41.92,65.32,806.0,27.79,34.73,54.11,337.0,11.62,14.52,22.62,464.0,16.0,19.99,31.15,222.0,7.66,9.56,14.9,342.0,11.79,14.74,22.96,115.0,3.97,4.95,7.72,303.0,10.45,13.05,20.34,232.0,8.0,10.0,15.58,132.0,4.55,5.69,8.86,361.0,12.45,15.55,24.24,182.0,6.28,7.84,12.22,351.0,12.1,15.12,23.56,163.0,5.62,7.02,10.94,249.0,8.59,10.73,16.72,87.0,3.0,3.75,5.84,29.0,1.0,1.25,1.95,244.0,8.41,10.51,16.38,216.0,7.45,9.31,14.5,44.03,41.92,2.11,103.88,49.0,1.69,2.11,536.23,18.49,0.49,0.54,0.48,0.34,0.77,0.15,0.74,0.27,0.66,0.48,3.75,1.25,0.11,9.31,0.38
2,高雄全家海神,118|12668,蘇文儒/歐提斯,9,501,605.0,8273.46,137.89,137:53,919.27,15.32,15:19,264.0,29.33,43.64,68.92,268.0,29.78,44.3,69.97,222.0,24.67,36.69,57.96,89.0,9.89,14.71,23.24,110.0,12.22,18.18,28.72,50.0,5.56,8.26,13.05,112.0,12.44,18.51,29.24,39.0,4.33,6.45,10.18,61.0,6.78,10.08,15.93,48.0,5.33,7.93,12.53,33.0,3.67,5.45,8.62,108.0,12.0,17.85,28.2,44.0,4.89,7.27,11.49,80.0,8.89,13.22,20.89,42.0,4.67,6.94,10.97,53.0,5.89,8.76,13.84,24.0,2.67,3.97,6.27,6.0,0.67,0.99,1.57,59.0,6.56,9.75,15.4,71.0,7.89,11.74,18.54,43.64,44.3,-0.66,105.3,-4.0,-0.44,-0.66,137.89,15.32,0.49,0.53,0.45,0.35,0.79,0.14,0.6,0.29,0.71,0.53,3.97,0.99,0.1,11.74,0.27
2,高雄全家海神,122|12668,陳懷安/歐提斯,10,456,540.0,7102.71,118.38,118:23,710.27,11.84,11:50,198.0,19.8,36.67,60.21,267.0,26.7,49.44,81.2,178.0,17.8,32.96,54.13,70.0,7.0,12.96,21.29,94.0,9.4,17.41,28.59,45.0,4.5,8.33,13.68,84.0,8.4,15.56,25.55,25.0,2.5,4.63,7.6,46.0,4.6,8.52,13.99,35.0,3.5,6.48,10.64,23.0,2.3,4.26,6.99,85.0,8.5,15.74,25.85,37.0,3.7,6.85,11.25,55.0,5.5,10.19,16.73,56.0,5.6,10.37,17.03,48.0,4.8,8.89,14.6,38.0,3.8,7.04,11.56,2.0,0.2,0.37,0.61,43.0,4.3,7.96,13.08,87.0,8.7,16.11,26.46,36.67,49.44,-12.78,109.48,-69.0,-6.9,-12.78,118.38,11.84,0.46,0.5,0.48,0.3,0.76,0.22,0.69,0.29,0.7,0.54,7.04,0.37,0.08,16.11,0.26
2,高雄全家海神,123|12668,勤明慶/歐提斯,8,314,379.0,4912.03,81.87,81:52,614.0,10.23,10:14,146.0,18.25,38.52,64.2,174.0,21.75,45.91,76.51,136.0,17.0,35.88,59.8,50.0,6.25,13.19,21.99,75.0,9.38,19.79,32.98,30.0,3.75,7.92,13.19,61.0,7.62,16.09,26.82,20.0,2.5,5.28,8.79,30.0,3.75,7.92,13.19,24.0,3.0,6.33,10.55,19.0,2.38,5.01,8.36,69.0,8.62,18.21,30.34,30.0,3.75,7.92,13.19,42.0,5.25,11.08,18.47,29.0,3.62,7.65,12.75,34.0,4.25,8.97,14.95,16.0,2.0,4.22,7.04,5.0,0.62,1.32,2.2,23.0,2.88,6.07,10.11,64.0,8.0,16.89,28.14,38.52,45.91,-7.39,111.11,-28.0,-3.5,-7.39,81.87,10.23,0.44,0.49,0.4,0.33,0.8,0.16,0.68,0.31,0.7,0.55,4.22,1.32,0.06,16.89,0.22
2,高雄全家海神,10892|12668,詹姆斯/歐提斯,2,102,118.0,1495.83,24.93,24:56,747.91,12.47,12:28,55.0,27.5,46.61,79.42,61.0,30.5,51.69,88.08,45.0,22.5,38.14,64.98,18.0,9.0,15.25,25.99,22.0,11.0,18.64,31.77,11.0,5.5,9.32,15.88,23.0,11.5,19.49,33.21,7.0,3.5,5.93,10.11,13.0,6.5,11.02,18.77,12.0,6.0,10.17,17.33,7.0,3.5,5.93,10.11,21.0,10.5,17.8,30.32,6.0,3.0,5.08,8.66,15.0,7.5,12.71,21.66,7.0,3.5,5.93,10.11,9.0,4.5,7.63,13.0,6.0,3.0,5.08,8.66,2.0,1.0,1.69,2.89,7.0,3.5,5.93,10.11,22.0,11.0,18.64,31.77,46.61,51.69,-5.08,113.6,-6.0,-3.0,-5.08,24.93,12.47,0.48,0.54,0.5,0.3,0.92,0.12,0.5,0.32,0.78,0.57,5.08,1.69,0.06,18.64,0.29
2,新竹御嵿攻城獅,75|82,高國豪/蕭順議,9,199,238.0,3025.72,50.43,50:26,336.19,5.6,05:36,99.0,11.0,41.6,70.67,80.0,8.89,33.61,57.11,93.0,10.33,39.08,66.39,38.0,4.22,15.97,27.13,58.0,6.44,24.37,41.4,33.0,3.67,13.87,23.56,35.0,3.89,14.71,24.99,5.0,0.56,2.1,3.57,25.0,2.78,10.5,17.85,18.0,2.0,7.56,12.85,16.0,1.78,6.72,11.42,39.0,4.33,16.39,27.84,13.0,1.44,5.46,9.28,40.0,4.44,16.81,28.56,12.0,1.33,5.04,8.57,22.0,2.44,9.24,15.71,9.0,1.0,3.78,6.42,0.0,0.0,0.0,0.0,20.0,2.22,8.4,14.28,29.0,3.22,12.18,20.7,41.6,33.61,7.98,113.27,19.0,2.11,7.98,50.43,5.6,0.44,0.48,0.57,0.14,0.72,0.1,0.58,0.29,0.75,0.51,3.78,0.0,0.08,12.18,0.27
2,新竹御嵿攻城獅,76|82,曾柏喻/蕭順議,12,333,412.0,5519.05,91.98,91:59,459.92,7.67,07:40,171.0,14.25,41.5,66.92,165.0,13.75,40.05,64.58,148.0,12.33,35.92,57.92,66.0,5.5,16.02,25.83,98.0,8.17,23.79,38.35,52.0,4.33,12.62,20.35,50.0,4.17,12.14,19.57,14.0,1.17,3.4,5.48,38.0,3.17,9.22,14.87,23.0,1.92,5.58,9.0,29.0,2.42,7.04,11.35,58.0,4.83,14.08,22.7,27.0,2.25,6.55,10.57,73.0,6.08,17.72,28.57,35.0,2.92,8.5,13.7,35.0,2.92,8.5,13.7,21.0,1.75,5.1,8.22,0.0,0.0,0.0,0.0,46.0,3.83,11.17,18.0,38.0,3.17,9.22,14.87,41.5,40.05,1.46,107.5,6.0,0.5,1.46,91.98,7.67,0.49,0.52,0.53,0.28,0.61,0.18,0.53,0.28,0.68,0.47,5.1,0.0,0.11,9.22,0.26
2,新竹御嵿攻城獅,82|10862,蕭順議/提傑,13,362,437.0,5837.69,97.29,97:18,449.05,7.48,07:29,185.0,14.23,42.33,68.45,191.0,14.69,43.71,70.67,157.0,12.08,35.93,58.09,71.0,5.46,16.25,26.27,98.0,7.54,22.43,36.26,57.0,4.38,13.04,21.09,59.0,4.54,13.5,21.83,14.0,1.08,3.2,5.18,46.0,3.54,10.53,17.02,29.0,2.23,6.64,10.73,30.0,2.31,6.86,11.1,63.0,4.85,14.42,23.31,23.0,1.77,5.26,8.51,63.0,4.85,14.42,23.31,37.0,2.85,8.47,13.69,37.0,2.85,8.47,13.69,21.0,1.62,4.81,7.77,4.0,0.31,0.92,1.48,39.0,3.0,8.92,14.43,36.0,2.77,8.24,13.32,42.33,43.71,-1.37,107.8,-6.0,-0.46,-1.37,97.29,7.48,0.5,0.52,0.58,0.24,0.63,0.17,0.52,0.32,0.73,0.52,4.81,0.92,0.09,8.24,0.29
2,新竹御嵿攻城獅,82|10887,蕭順議/德魯,11,441,535.0,7594.34,126.57,126:34,690.39,11.51,11:30,205.0,18.64,38.32,58.31,209.0,19.0,39.07,59.44,173.0,15.73,32.34,49.21,75.0,6.82,14.02,21.33,114.0,10.36,21.31,32.42,61.0,5.55,11.4,17.35,59.0,5.36,11.03,16.78,14.0,1.27,2.62,3.98,62.0,5.64,11.59,17.63,41.0,3.73,7.66,11.66,32.0,2.91,5.98,9.1,72.0,6.55,13.46,20.48,33.0,3.0,6.17,9.39,83.0,7.55,15.51,23.61,52.0,4.73,9.72,14.79,43.0,3.91,8.04,12.23,25.0,2.27,4.67,7.11,5.0,0.45,0.93,1.42,63.0,5.73,11.78,17.92,58.0,5.27,10.84,16.5,38.32,39.07,-0.75,101.44,-4.0,-0.36,-0.75,126.57,11.51,0.47,0.51,0.54,0.24,0.66,0.21,0.57,0.28,0.69,0.47,4.67,0.93,0.12,10.84,0.36
2,高雄全家海神,45|12668,施晉堯/歐提斯,10,432,512.0,6773.81,112.9,112:54,677.38,11.29,11:17,209.0,20.9,40.82,66.64,260.0,26.0,50.78,82.91,175.0,17.5,34.18,55.8,74.0,7.4,14.45,23.6,87.0,8.7,16.99,27.74,40.0,4.0,7.81,12.76,88.0,8.8,17.19,28.06,34.0,3.4,6.64,10.84,43.0,4.3,8.4,13.71,27.0,2.7,5.27,8.61,25.0,2.5,4.88,7.97,86.0,8.6,16.8,27.42,33.0,3.3,6.45,10.52,67.0,6.7,13.09,21.36,46.0,4.6,8.98,14.67,46.0,4.6,8.98,14.67,26.0,2.6,5.08,8.29,6.0,0.6,1.17,1.91,49.0,4.9,9.57,15.62,62.0,6.2,12.11,19.77,40.82,50.78,-9.96,108.84,-51.0,-5.1,-9.96,112.9,11.29,0.52,0.54,0.46,0.39,0.63,0.19,0.62,0.27,0.72,0.53,5.08,1.17,0.1,12.11,0.25
2,高雄全家海神,109|12668,于煥亞/歐提斯,8,468,572.0,7046.7,117.45,117:27,880.84,14.68,14:41,222.0,27.75,38.81,68.05,290.0,36.25,50.7,88.89,188.0,23.5,32.87,57.63,73.0,9.12,12.76,22.38,98.0,12.25,17.13,30.04,51.0,6.38,8.92,15.63,90.0,11.25,15.73,27.59,22.0,2.75,3.85,6.74,61.0,7.62,10.66,18.7,52.0,6.5,9.09,15.94,33.0,4.12,5.77,10.12,86.0,10.75,15.03,26.36,49.0,6.12,8.57,15.02,64.0,8.0,11.19,19.62,51.0,6.38,8.92,15.63,43.0,5.38,7.52,13.18,38.0,4.75,6.64,11.65,7.0,0.88,1.22,2.15,49.0,6.12,8.57,15.02,89.0,11.12,15.56,27.28,38.81,50.7,-11.89,116.89,-68.0,-8.5,-11.89,117.45,14.68,0.45,0.52,0.52,0.24,0.85,0.19,0.59,0.34,0.64,0.51,6.64,1.22,0.09,15.56,0.32
2,新竹御嵿攻城獅,71|82,李漢昇/蕭順議,4,99,118.0,1613.24,26.89,26:53,403.31,6.72,06:43,50.0,12.5,42.37,66.95,56.0,14.0,47.46,74.98,39.0,9.75,33.05,52.22,18.0,4.5,15.25,24.1,23.0,5.75,19.49,30.8,12.0,3.0,10.17,16.07,16.0,4.0,13.56,21.42,6.0,1.5,5.08,8.03,12.0,3.0,10.17,16.07,8.0,2.0,6.78,10.71,5.0,1.25,4.24,6.69,18.0,4.5,15.25,24.1,5.0,1.25,4.24,6.69,18.0,4.5,15.25,24.1,11.0,2.75,9.32,14.73,13.0,3.25,11.02,17.41,1.0,0.25,0.85,1.34,1.0,0.25,0.85,1.34,12.0,3.0,10.17,16.07,5.0,1.25,4.24,6.69,42.37,47.46,-5.08,105.33,-6.0,-1.5,-5.08,26.89,6.72,0.54,0.56,0.52,0.38,0.67,0.2,0.72,0.22,0.78,0.5,0.85,0.85,0.1,4.24,0.31
2,新竹御嵿攻城獅,71|88,李漢昇/盧冠軒,4,104,123.0,1756.92,29.28,29:17,439.23,7.32,07:19,50.0,12.5,40.65,61.47,71.0,17.75,57.72,87.29,45.0,11.25,36.59,55.32,19.0,4.75,15.45,23.36,29.0,7.25,23.58,35.65,13.0,3.25,10.57,15.98,16.0,4.0,13.01,19.67,6.0,1.5,4.88,7.38,10.0,2.5,8.13,12.29,6.0,1.5,4.88,7.38,7.0,1.75,5.69,8.61,22.0,5.5,17.89,27.05,4.0,1.0,3.25,4.92,21.0,5.25,17.07,25.82,11.0,2.75,8.94,13.52,13.0,3.25,10.57,15.98,8.0,2.0,6.5,9.84,0.0,0.0,0.0,0.0,10.0,2.5,8.13,12.29,14.0,3.5,11.38,17.21,40.65,57.72,-17.07,100.81,-21.0,-5.25,-17.07,29.28,7.32,0.49,0.51,0.45,0.38,0.6,0.18,0.68,0.25,0.85,0.54,6.5,0.0,0.08,11.38,0.22
2,新竹御嵿攻城獅,71|10862,李漢昇/提傑,6,167,212.0,2811.63,46.86,46:52,468.6,7.81,07:49,85.0,14.17,40.09,65.3,98.0,16.33,46.23,75.29,65.0,10.83,30.66,49.94,27.0,4.5,12.74,20.74,38.0,6.33,17.92,29.19,18.0,3.0,8.49,13.83,27.0,4.5,12.74,20.74,9.0,1.5,4.25,6.91,31.0,5.17,14.62,23.82,22.0,3.67,10.38,16.9,12.0,2.0,5.66,9.22,28.0,4.67,13.21,21.51,19.0,3.17,8.96,14.6,34.0,5.67,16.04,26.12,18.0,3.0,8.49,13.83,19.0,3.17,8.96,14.6,9.0,1.5,4.25,6.91,0.0,0.0,0.0,0.0,26.0,4.33,12.26,19.97,26.0,4.33,12.26,19.97,40.09,46.23,-6.13,108.58,-13.0,-2.17,-6.13,46.86,7.81,0.48,0.54,0.47,0.33,0.71,0.19,0.7,0.26,0.6,0.43,4.25,0.0,0.12,12.26,0.48
2,新竹御嵿攻城獅,71|10888,李漢昇/帕塞獅,3,73,89.0,1212.79,20.21,20:13,404.26,6.74,06:44,31.0,10.33,34.83,55.21,46.0,15.33,51.69,81.93,32.0,10.67,35.96,56.99,13.0,4.33,14.61,23.15,20.0,6.67,22.47,35.62,10.0,3.33,11.24,17.81,12.0,4.0,13.48,21.37,3.0,1.0,3.37,5.34,6.0,2.0,6.74,10.69,2.0,0.67,2.25,3.56,5.0,1.67,5.62,8.91,17.0,5.67,19.1,30.28,2.0,0.67,2.25,3.56,18.0,6.0,20.22,32.06,8.0,2.67,8.99,14.25,8.0,2.67,8.99,14.25,5.0,1.67,5.62,8.91,0.0,0.0,0.0,0.0,10.0,3.33,11.24,17.81,13.0,4.33,14.61,23.15,34.83,51.69,-16.85,105.67,-15.0,-5.0,-16.85,20.21,6.74,0.45,0.45,0.5,0.25,0.33,0.19,0.62,0.22,0.89,0.52,5.62,0.0,0.11,14.61,0.19
2,新竹御嵿攻城獅,82|88,蕭順議/盧冠軒,11,298,358.0,5410.12,90.17,90:10,491.83,8.2,08:12,161.0,14.64,44.97,64.28,177.0,16.09,49.44,70.67,116.0,10.55,32.4,46.31,57.0,5.18,15.92,22.76,76.0,6.91,21.23,30.34,45.0,4.09,12.57,17.97,40.0,3.64,11.17,15.97,12.0,1.09,3.35,4.79,51.0,4.64,14.25,20.36,35.0,3.18,9.78,13.97,21.0,1.91,5.87,8.38,43.0,3.91,12.01,17.17,22.0,2.0,6.15,8.78,44.0,4.0,12.29,17.57,31.0,2.82,8.66,12.38,35.0,3.18,9.78,13.97,18.0,1.64,5.03,7.19,4.0,0.36,1.12,1.6,42.0,3.82,11.73,16.77,35.0,3.18,9.78,13.97,44.97,49.44,-4.47,95.29,-16.0,-1.45,-4.47,90.17,8.2,0.54,0.58,0.59,0.3,0.69,0.18,0.61,0.32,0.66,0.49,5.03,1.12,0.12,9.78,0.44
2,新竹御嵿攻城獅,82|10888,蕭順議/帕塞獅,8,237,300.0,3981.58,66.36,66:22,497.7,8.29,08:18,127.0,15.88,42.33,68.9,121.0,15.12,40.33,65.64,106.0,13.25,35.33,57.5,49.0,6.12,16.33,26.58,71.0,8.88,23.67,38.52,38.0,4.75,12.67,20.61,35.0,4.38,11.67,18.99,11.0,1.38,3.67,5.97,33.0,4.12,11.0,17.9,18.0,2.25,6.0,9.76,25.0,3.12,8.33,13.56,39.0,4.88,13.0,21.16,22.0,2.75,7.33,11.93,48.0,6.0,16.0,26.04,22.0,2.75,7.33,11.93,29.0,3.62,9.67,15.73,9.0,1.12,3.0,4.88,0.0,0.0,0.0,0.0,30.0,3.75,10.0,16.27,24.0,3.0,8.0,13.02,42.33,40.33,2.0,108.5,6.0,0.75,2.0,66.36,8.29,0.51,0.53,0.54,0.31,0.55,0.15,0.59,0.34,0.64,0.48,3.0,0.0,0.1,8.0,0.31
2,新竹御嵿攻城獅,88|10862,盧冠軒/提傑,32,1923,2301.0,33564.58,559.41,559:25,1048.89,17.48,17:29,973.0,30.41,42.29,62.62,956.0,29.88,41.55,61.52,840.0,26.25,36.51,54.06,339.0,10.59,14.73,21.82,476.0,14.88,20.69,30.63,230.0,7.19,10.0,14.8,364.0,11.38,15.82,23.42,109.0,3.41,4.74,7.01,254.0,7.94,11.04,16.35,190.0,5.94,8.26,12.23,140.0,4.38,6.08,9.01,382.0,11.94,16.6,24.58,166.0,5.19,7.21,10.68,352.0,11.0,15.3,22.65,152.0,4.75,6.61,9.78,242.0,7.56,10.52,15.57,83.0,2.59,3.61,5.34,34.0,1.06,1.48,2.19,221.0,6.91,9.6,14.22,205.0,6.41,8.91,13.19,42.29,41.55,0.74,98.72,17.0,0.53,0.74,559.41,17.48,0.47,0.51,0.48,0.3,0.75,0.14,0.71,0.28,0.7,0.5,3.61,1.48,0.1,8.91,0.3
2,新竹御嵿攻城獅,88|10888,盧冠軒/帕塞獅,19,709,842.0,11998.11,199.97,199:58,631.48,10.52,10:31,344.0,18.11,40.86,61.93,363.0,19.11,43.11,65.35,301.0,15.84,35.75,54.19,130.0,6.84,15.44,23.4,181.0,9.53,21.5,32.59,92.0,4.84,10.93,16.56,120.0,6.32,14.25,21.6,38.0,2.0,4.51,6.84,90.0,4.74,10.69,16.2,52.0,2.74,6.18,9.36,55.0,2.89,6.53,9.9,126.0,6.63,14.96,22.68,47.0,2.47,5.58,8.46,131.0,6.89,15.56,23.58,74.0,3.89,8.79,13.32,82.0,4.32,9.74,14.76,42.0,2.21,4.99,7.56,8.0,0.42,0.95,1.44,86.0,4.53,10.21,15.48,70.0,3.68,8.31,12.6,40.86,43.11,-2.26,101.06,-19.0,-1.0,-2.26,199.97,10.52,0.5,0.5,0.51,0.32,0.58,0.18,0.63,0.3,0.73,0.5,4.99,0.95,0.1,8.31,0.3
2,新竹御嵿攻城獅,10862|10888,提傑/帕塞獅,17,685,818.0,11792.17,196.54,196:32,693.66,11.56,11:34,334.0,19.65,40.83,61.18,335.0,19.71,40.95,61.36,300.0,17.65,36.67,54.95,129.0,7.59,15.77,23.63,177.0,10.41,21.64,32.42,90.0,5.29,11.0,16.49,123.0,7.24,15.04,22.53,39.0,2.29,4.77,7.14,69.0,4.06,8.44,12.64,39.0,2.29,4.77,7.14,55.0,3.24,6.72,10.07,124.0,7.29,15.16,22.71,50.0,2.94,6.11,9.16,122.0,7.18,14.91,22.35,74.0,4.35,9.05,13.55,82.0,4.82,10.02,15.02,38.0,2.24,4.65,6.96,10.0,0.59,1.22,1.83,75.0,4.41,9.17,13.74,75.0,4.41,9.17,13.74,40.83,40.95,-0.12,99.89,-1.0,-0.06,-0.12,196.54,11.56,0.5,0.51,0.51,0.32,0.57,0.18,0.64,0.31,0.71,0.51,4.65,1.22,0.09,9.17,0.23
2,高雄全家海神,110|12668,胡瓏貿/歐提斯,8,525,631.0,8381.08,139.68,139:41,1047.63,17.46,17:28,263.0,32.88,41.68,67.78,324.0,40.5,51.35,83.5,223.0,27.88,35.34,57.47,90.0,11.25,14.26,23.2,114.0,14.25,18.07,29.38,56.0,7.0,8.87,14.43,109.0,13.62,17.27,28.09,34.0,4.25,5.39,8.76,72.0,9.0,11.41,18.56,50.0,6.25,7.92,12.89,38.0,4.75,6.02,9.79,106.0,13.25,16.8,27.32,40.0,5.0,6.34,10.31,71.0,8.88,11.25,18.3,47.0,5.88,7.45,12.11,53.0,6.62,8.4,13.66,26.0,3.25,4.12,6.7,9.0,1.12,1.43,2.32,64.0,8.0,10.14,16.49,71.0,8.88,11.25,18.3,41.68,51.35,-9.67,108.42,-61.0,-7.62,-9.67,139.68,17.46,0.48,0.52,0.49,0.31,0.69,0.16,0.59,0.35,0.73,0.56,4.12,1.43,0.1,11.25,0.32
2,高雄全家海神,10894|12668,凱帝/歐提斯,6,332,406.0,5439.78,90.66,90:40,906.63,15.11,15:07,168.0,28.0,41.38,66.71,191.0,31.83,47.04,75.84,130.0,21.67,32.02,51.62,54.0,9.0,13.3,21.44,63.0,10.5,15.52,25.02,30.0,5.0,7.39,11.91,67.0,11.17,16.5,26.6,24.0,4.0,5.91,9.53,49.0,8.17,12.07,19.46,37.0,6.17,9.11,14.69,23.0,3.83,5.67,9.13,61.0,10.17,15.02,24.22,32.0,5.33,7.88,12.71,55.0,9.17,13.55,21.84,42.0,7.0,10.34,16.68,36.0,6.0,8.87,14.29,26.0,4.33,6.4,10.32,4.0,0.67,0.99,1.59,47.0,7.83,11.58,18.66,39.0,6.5,9.61,15.49,41.38,47.04,-5.67,107.47,-23.0,-3.83,-5.67,90.66,15.11,0.51,0.55,0.48,0.36,0.76,0.22,0.67,0.29,0.66,0.49,6.4,0.99,0.12,9.61,0.38
2,新竹御嵿攻城獅,71|10887,李漢昇/德魯,6,183,229.0,3226.64,53.78,53:47,537.77,8.96,08:58,95.0,15.83,41.48,63.6,108.0,18.0,47.16,72.3,79.0,13.17,34.5,52.88,32.0,5.33,13.97,21.42,42.0,7.0,18.34,28.12,21.0,3.5,9.17,14.06,37.0,6.17,16.16,24.77,11.0,1.83,4.8,7.36,28.0,4.67,12.23,18.74,21.0,3.5,9.17,14.06,13.0,2.17,5.68,8.7,33.0,5.5,14.41,22.09,19.0,3.17,8.3,12.72,33.0,5.5,14.41,22.09,15.0,2.5,6.55,10.04,18.0,3.0,7.86,12.05,5.0,0.83,2.18,3.35,1.0,0.17,0.44,0.67,30.0,5.0,13.1,20.08,20.0,3.33,8.73,13.39,41.48,47.16,-5.68,102.2,-13.0,-2.17,-5.68,53.78,8.96,0.47,0.52,0.5,0.3,0.75,0.14,0.56,0.28,0.63,0.47,2.18,0.44,0.13,8.73,0.35
2,新竹御嵿攻城獅,88|10887,盧冠軒/德魯,33,1347,1596.0,23617.54,393.63,393:38,715.68,11.93,11:56,684.0,20.73,42.86,62.56,731.0,22.15,45.8,66.86,544.0,16.48,34.09,49.75,222.0,6.73,13.91,20.3,311.0,9.42,19.49,28.44,143.0,4.33,8.96,13.08,233.0,7.06,14.6,21.31,79.0,2.39,4.95,7.23,218.0,6.61,13.66,19.94,160.0,4.85,10.03,14.63,88.0,2.67,5.51,8.05,253.0,7.67,15.85,23.14,116.0,3.52,7.27,10.61,224.0,6.79,14.04,20.49,111.0,3.36,6.95,10.15,165.0,5.0,10.34,15.09,62.0,1.88,3.88,5.67,20.0,0.61,1.25,1.83,180.0,5.45,11.28,16.46,176.0,5.33,11.03,16.1,42.86,45.8,-2.94,97.31,-47.0,-1.42,-2.94,393.63,11.93,0.48,0.53,0.46,0.34,0.73,0.15,0.74,0.28,0.69,0.5,3.88,1.25,0.11,11.03,0.4
2,新竹御嵿攻城獅,71|87,李漢昇/蔡宸綱,3,63,84.0,1064.36,17.74,17:44,354.79,5.91,05:55,30.0,10.0,35.71,60.88,40.0,13.33,47.62,81.18,28.0,9.33,33.33,56.82,8.0,2.67,9.52,16.24,13.0,4.33,15.48,26.38,5.0,1.67,5.95,10.15,15.0,5.0,17.86,30.44,3.0,1.0,3.57,6.09,18.0,6.0,21.43,36.53,11.0,3.67,13.1,22.32,7.0,2.33,8.33,14.21,13.0,4.33,15.48,26.38,7.0,2.33,8.33,14.21,14.0,4.67,16.67,28.41,4.0,1.33,4.76,8.12,6.0,2.0,7.14,12.18,3.0,1.0,3.57,6.09,0.0,0.0,0.0,0.0,13.0,4.33,15.48,26.38,17.0,5.67,20.24,34.5,35.71,47.62,-11.9,113.65,-10.0,-3.33,-11.9,17.74,5.91,0.34,0.42,0.38,0.2,0.61,0.1,0.75,0.33,0.65,0.49,3.57,0.0,0.15,20.24,0.64
2,新竹御嵿攻城獅,71|10885,李漢昇/劉丞勳,5,180,223.0,3096.34,51.61,51:36,619.27,10.32,10:19,81.0,16.2,36.32,56.51,96.0,19.2,43.05,66.97,73.0,14.6,32.74,50.92,27.0,5.4,12.11,18.84,41.0,8.2,18.39,28.6,19.0,3.8,8.52,13.25,32.0,6.4,14.35,22.32,8.0,1.6,3.59,5.58,26.0,5.2,11.66,18.14,20.0,4.0,8.97,13.95,11.0,2.2,4.93,7.67,35.0,7.0,15.7,24.42,18.0,3.6,8.07,12.56,36.0,7.2,16.14,25.11,17.0,3.4,7.62,11.86,14.0,2.8,6.28,9.77,5.0,1.0,2.24,3.49,1.0,0.2,0.45,0.7,28.0,5.6,12.56,19.53,23.0,4.6,10.31,16.04,36.32,43.05,-6.73,103.71,-15.0,-3.0,-6.73,51.61,10.32,0.42,0.48,0.46,0.25,0.77,0.17,0.52,0.23,0.66,0.46,2.24,0.45,0.13,10.31,0.36
2,新竹御嵿攻城獅,87|10862,蔡宸綱/提傑,29,1525,1810.0,26876.85,447.95,447:57,926.79,15.45,15:27,784.0,27.03,43.31,63.01,750.0,25.86,41.44,60.27,663.0,22.86,36.63,53.28,274.0,9.45,15.14,22.02,370.0,12.76,20.44,29.74,190.0,6.55,10.5,15.27,293.0,10.1,16.19,23.55,84.0,2.9,4.64,6.75,202.0,6.97,11.16,16.23,153.0,5.28,8.45,12.3,99.0,3.41,5.47,7.96,302.0,10.41,16.69,24.27,118.0,4.07,6.52,9.48,298.0,10.28,16.46,23.95,118.0,4.07,6.52,9.48,195.0,6.72,10.77,15.67,60.0,2.07,3.31,4.82,24.0,0.83,1.33,1.93,176.0,6.07,9.72,14.14,171.0,5.9,9.45,13.74,43.31,41.44,1.88,96.98,34.0,1.17,1.88,447.95,15.45,0.48,0.52,0.51,0.29,0.76,0.14,0.71,0.25,0.72,0.49,3.31,1.33,0.1,9.45,0.3
2,新竹御嵿攻城獅,87|10885,蔡宸綱/劉丞勳,25,620,763.0,10231.26,170.52,170:31,409.25,6.82,06:49,303.0,12.12,39.71,63.97,316.0,12.64,41.42,66.71,263.0,10.52,34.47,55.52,102.0,4.08,13.37,21.53,151.0,6.04,19.79,31.88,71.0,2.84,9.31,14.99,112.0,4.48,14.68,23.65,31.0,1.24,4.06,6.54,101.0,4.04,13.24,21.32,67.0,2.68,8.78,14.14,42.0,1.68,5.5,8.87,129.0,5.16,16.91,27.23,59.0,2.36,7.73,12.46,124.0,4.96,16.25,26.18,48.0,1.92,6.29,10.13,73.0,2.92,9.57,15.41,31.0,1.24,4.06,6.54,16.0,0.64,2.1,3.38,82.0,3.28,10.75,17.31,86.0,3.44,11.27,18.16,39.71,41.42,-1.7,107.39,-13.0,-0.52,-1.7,170.52,6.82,0.45,0.49,0.47,0.28,0.66,0.14,0.72,0.25,0.69,0.48,4.06,2.1,0.11,11.27,0.38
2,新竹御嵿攻城獅,87|10887,蔡宸綱/德魯,31,1289,1545.0,22963.11,382.72,382:43,740.75,12.35,12:21,705.0,22.74,45.63,66.32,683.0,22.03,44.21,64.25,542.0,17.48,35.08,50.98,232.0,7.48,15.02,21.82,302.0,9.74,19.55,28.41,156.0,5.03,10.1,14.67,240.0,7.74,15.53,22.58,76.0,2.45,4.92,7.15,216.0,6.97,13.98,20.32,162.0,5.23,10.49,15.24,85.0,2.74,5.5,8.0,242.0,7.81,15.66,22.76,111.0,3.58,7.18,10.44,251.0,8.1,16.25,23.61,87.0,2.81,5.63,8.18,162.0,5.23,10.49,15.24,44.0,1.42,2.85,4.14,18.0,0.58,1.17,1.69,169.0,5.45,10.94,15.9,158.0,5.1,10.23,14.86,45.63,44.21,1.42,96.89,22.0,0.71,1.42,382.72,12.35,0.5,0.55,0.52,0.32,0.75,0.12,0.7,0.25,0.69,0.47,2.85,1.17,0.11,10.23,0.4
2,新竹御嵿攻城獅,10862|10885,提傑/劉丞勳,32,1519,1812.0,24381.86,406.36,406:22,761.93,12.7,12:42,763.0,23.84,42.11,67.59,740.0,23.12,40.84,65.56,638.0,19.94,35.21,56.52,258.0,8.06,14.24,22.86,374.0,11.69,20.64,33.13,171.0,5.34,9.44,15.15,264.0,8.25,14.57,23.39,87.0,2.72,4.8,7.71,217.0,6.78,11.98,19.22,161.0,5.03,8.89,14.26,116.0,3.62,6.4,10.28,282.0,8.81,15.56,24.98,124.0,3.88,6.84,10.99,282.0,8.81,15.56,24.98,145.0,4.53,8.0,12.85,188.0,5.88,10.38,16.66,84.0,2.62,4.64,7.44,25.0,0.78,1.38,2.21,176.0,5.5,9.71,15.59,186.0,5.81,10.26,16.48,42.11,40.84,1.27,107.02,23.0,0.72,1.27,406.36,12.7,0.47,0.52,0.46,0.33,0.74,0.17,0.73,0.29,0.69,0.5,4.64,1.38,0.1,10.26,0.34
2,新竹御嵿攻城獅,10885|10887,劉丞勳/德魯,34,2756,3332.0,45349.76,755.83,755:50,1333.82,22.23,22:14,1462.0,43.0,43.88,69.63,1350.0,39.71,40.52,64.3,1182.0,34.76,35.47,56.3,513.0,15.09,15.4,24.43,727.0,21.38,21.82,34.63,363.0,10.68,10.89,17.29,455.0,13.38,13.66,21.67,150.0,4.41,4.5,7.14,407.0,11.97,12.21,19.39,284.0,8.35,8.52,13.53,220.0,6.47,6.6,10.48,495.0,14.56,14.86,23.58,228.0,6.71,6.84,10.86,549.0,16.15,16.48,26.15,233.0,6.85,6.99,11.1,353.0,10.38,10.59,16.81,130.0,3.82,3.9,6.19,47.0,1.38,1.41,2.24,380.0,11.18,11.4,18.1,306.0,9.0,9.18,14.57,43.88,40.52,3.36,105.8,112.0,3.29,3.36,755.83,22.23,0.5,0.54,0.5,0.33,0.7,0.15,0.69,0.29,0.68,0.48,3.9,1.41,0.11,9.18,0.34
2,新竹御嵿攻城獅,76|87,曾柏喻/蔡宸綱,29,926,1083.0,16340.42,272.34,272:20,563.46,9.39,09:23,513.0,17.69,47.37,67.81,458.0,15.79,42.29,60.54,386.0,13.31,35.64,51.02,178.0,6.14,16.44,23.53,222.0,7.66,20.5,29.35,121.0,4.17,11.17,15.99,164.0,5.66,15.14,21.68,57.0,1.97,5.26,7.53,131.0,4.52,12.1,17.32,97.0,3.34,8.96,12.82,52.0,1.79,4.8,6.87,170.0,5.86,15.7,22.47,75.0,2.59,6.93,9.91,187.0,6.45,17.27,24.72,71.0,2.45,6.56,9.39,122.0,4.21,11.27,16.13,33.0,1.14,3.05,4.36,12.0,0.41,1.11,1.59,109.0,3.76,10.06,14.41,112.0,3.86,10.34,14.81,47.37,42.29,5.08,95.44,55.0,1.9,5.08,272.34,9.39,0.53,0.58,0.55,0.35,0.74,0.14,0.69,0.22,0.69,0.46,3.05,1.11,0.1,10.34,0.34
2,新竹御嵿攻城獅,76|10885,曾柏喻/劉丞勳,34,2345,2812.0,38032.91,633.88,633:53,1118.62,18.64,18:39,1248.0,36.71,44.38,70.88,1144.0,33.65,40.68,64.97,1017.0,29.91,36.17,57.76,450.0,13.24,16.0,25.56,638.0,18.76,22.69,36.23,313.0,9.21,11.13,17.78,379.0,11.15,13.48,21.52,137.0,4.03,4.87,7.78,305.0,8.97,10.85,17.32,213.0,6.26,7.57,12.1,184.0,5.41,6.54,10.45,426.0,12.53,15.15,24.19,195.0,5.74,6.93,11.07,474.0,13.94,16.86,26.92,203.0,5.97,7.22,11.53,310.0,9.12,11.02,17.61,116.0,3.41,4.13,6.59,40.0,1.18,1.42,2.27,300.0,8.82,10.67,17.04,235.0,6.91,8.36,13.35,44.38,40.68,3.7,106.47,104.0,3.06,3.7,633.88,18.64,0.51,0.54,0.49,0.36,0.7,0.15,0.69,0.28,0.69,0.48,4.13,1.42,0.11,8.36,0.3
2,新竹御嵿攻城獅,75|87,高國豪/蔡宸綱,24,893,1064.0,15847.25,264.12,264:07,660.3,11.01,11:00,497.0,20.71,46.71,67.74,450.0,18.75,42.29,61.34,380.0,15.83,35.71,51.79,169.0,7.04,15.88,23.03,208.0,8.67,19.55,28.35,113.0,4.71,10.62,15.4,172.0,7.17,16.17,23.44,56.0,2.33,5.26,7.63,132.0,5.5,12.41,17.99,104.0,4.33,9.77,14.18,60.0,2.5,5.64,8.18,159.0,6.62,14.94,21.67,75.0,3.12,7.05,10.22,172.0,7.17,16.17,23.44,65.0,2.71,6.11,8.86,108.0,4.5,10.15,14.72,31.0,1.29,2.91,4.23,9.0,0.38,0.85,1.23,111.0,4.62,10.43,15.13,108.0,4.5,10.15,14.72,46.71,42.29,4.42,96.68,47.0,1.96,4.42,264.12,11.01,0.52,0.57,0.54,0.33,0.79,0.13,0.64,0.26,0.68,0.47,2.91,0.85,0.1,10.15,0.35
2,新竹御嵿攻城獅,75|10885,高國豪/劉丞勳,32,2091,2486.0,34339.26,572.32,572:19,1073.1,17.89,17:53,1136.0,35.5,45.7,71.46,1015.0,31.72,40.83,63.85,926.0,28.94,37.25,58.25,413.0,12.91,16.61,25.98,577.0,18.03,23.21,36.29,290.0,9.06,11.67,18.24,349.0,10.91,14.04,21.95,123.0,3.84,4.95,7.74,260.0,8.12,10.46,16.35,184.0,5.75,7.4,11.57,166.0,5.19,6.68,10.44,379.0,11.84,15.25,23.84,145.0,4.53,5.83,9.12,422.0,13.19,16.98,26.54,170.0,5.31,6.84,10.69,272.0,8.5,10.94,17.11,101.0,3.16,4.06,6.35,31.0,0.97,1.25,1.95,251.0,7.84,10.1,15.79,223.0,6.97,8.97,14.03,45.7,40.83,4.87,104.25,121.0,3.78,4.87,572.32,17.89,0.51,0.55,0.5,0.35,0.71,0.14,0.66,0.28,0.72,0.49,4.06,1.25,0.1,8.97,0.28
2,新竹御嵿攻城獅,71|75,李漢昇/高國豪,3,29,42.0,613.7,10.23,10:14,204.57,3.41,03:25,23.0,7.67,54.76,80.95,22.0,7.33,52.38,77.43,17.0,5.67,40.48,59.83,9.0,3.0,21.43,31.68,10.0,3.33,23.81,35.2,7.0,2.33,16.67,24.64,7.0,2.33,16.67,24.64,2.0,0.67,4.76,7.04,2.0,0.67,4.76,7.04,2.0,0.67,4.76,7.04,5.0,1.67,11.9,17.6,3.0,1.0,7.14,10.56,7.0,2.33,16.67,24.64,4.0,1.33,9.52,14.08,0.0,0.0,0.0,0.0,3.0,1.0,7.14,10.56,0.0,0.0,0.0,0.0,0.0,0.0,0.0,0.0,6.0,2.0,14.29,21.12,6.0,2.0,14.29,21.12,54.76,52.38,2.38,98.55,1.0,0.33,2.38,10.23,3.41,0.59,0.64,0.7,0.29,1.0,0.0,0.33,0.56,0.3,0.42,0.0,0.0,0.14,14.29,0.12
2,新竹御嵿攻城獅,71|90,李漢昇/李啓瑋,4,42,55.0,744.5,12.41,12:24,186.12,3.1,03:06,23.0,5.75,41.82,66.73,28.0,7.0,50.91,81.24,14.0,3.5,25.45,40.62,7.0,1.75,12.73,20.31,7.0,1.75,12.73,20.31,4.0,1.0,7.27,11.61,7.0,1.75,12.73,20.31,3.0,0.75,5.45,8.7,6.0,1.5,10.91,17.41,5.0,1.25,9.09,14.51,2.0,0.5,3.64,5.8,4.0,1.0,7.27,11.61,8.0,2.0,14.55,23.21,8.0,2.0,14.55,23.21,7.0,1.75,12.73,20.31,5.0,1.25,9.09,14.51,5.0,1.25,9.09,14.51,0.0,0.0,0.0,0.0,7.0,1.75,12.73,20.31,6.0,1.5,10.91,17.41,41.82,50.91,-9.09,106.38,-5.0,-1.25,-9.09,12.41,3.1,0.61,0.69,0.57,0.43,0.83,0.3,0.71,0.2,0.33,0.27,9.09,0.0,0.13,10.91,0.43
2,新竹御嵿攻城獅,87|90,蔡宸綱/李啓瑋,8,157,197.0,3180.49,53.01,53:00,397.56,6.63,06:38,87.0,10.88,44.16,59.09,83.0,10.38,42.13,56.37,67.0,8.38,34.01,45.5,30.0,3.75,15.23,20.37,39.0,4.88,19.8,26.49,23.0,2.88,11.68,15.62,28.0,3.5,14.21,19.02,7.0,0.88,3.55,4.75,23.0,2.88,11.68,15.62,19.0,2.38,9.64,12.9,12.0,1.5,6.09,8.15,25.0,3.12,12.69,16.98,23.0,2.88,11.68,15.62,26.0,3.25,13.2,17.66,11.0,1.38,5.58,7.47,14.0,1.75,7.11,9.51,5.0,0.62,2.54,3.4,1.0,0.12,0.51,0.68,23.0,2.88,11.68,15.62,20.0,2.5,10.15,13.58,44.16,42.13,2.03,89.19,4.0,0.5,2.03,53.01,6.63,0.5,0.56,0.59,0.25,0.83,0.12,0.47,0.32,0.52,0.43,2.54,0.51,0.12,10.15,0.34
2,新北中信特攻,39|113,魏嘉豪/林任鴻,15,214,252.0,3299.95,55.0,55:00,220.0,3.67,03:40,99.0,6.6,39.29,64.8,101.0,6.73,40.08,66.11,88.0,5.87,34.92,57.6,35.0,2.33,13.89,22.91,49.0,3.27,19.44,32.07,24.0,1.6,9.52,15.71,39.0,2.6,15.48,25.53,11.0,0.73,4.37,7.2,28.0,1.87,11.11,18.33,20.0,1.33,7.94,13.09,16.0,1.07,6.35,10.47,37.0,2.47,14.68,24.22,14.0,0.93,5.56,9.16,39.0,2.6,15.48,25.53,20.0,1.33,7.94,13.09,22.0,1.47,8.73,14.4,14.0,0.93,5.56,9.16,3.0,0.2,1.19,1.96,24.0,1.6,9.52,15.71,40.0,2.67,15.87,26.18,39.29,40.08,-0.79,109.97,-2.0,-0.13,-0.79,55.0,3.67,0.46,0.49,0.49,0.28,0.71,0.17,0.63,0.29,0.73,0.5,5.56,1.19,0.1,15.87,0.32
2,新北中信特攻,43|44,林韋翰/黃泓瀚,21,468,554.0,7623.75,127.06,127:04,363.04,6.05,06:03,256.0,12.19,46.21,72.53,237.0,11.29,42.78,67.15,212.0,10.1,38.27,60.06,96.0,4.57,17.33,27.2,120.0,5.71,21.66,34.0,68.0,3.24,12.27,19.27,92.0,4.38,16.61,26.07,28.0,1.33,5.05,7.93,49.0,2.33,8.84,13.88,38.0,1.81,6.86,10.77,38.0,1.81,6.86,10.77,82.0,3.9,14.8,23.23,33.0,1.57,5.96,9.35,97.0,4.62,17.51,27.48,37.0,1.76,6.68,10.48,61.0,2.9,11.01,17.28,18.0,0.86,3.25,5.1,12.0,0.57,2.17,3.4,50.0,2.38,9.03,14.17,46.0,2.19,8.3,13.03,46.21,42.78,3.43,104.64,19.0,0.9,3.43,127.06,6.05,0.52,0.55,0.57,0.3,0.78,0.14,0.64,0.28,0.71,0.48,3.25,2.17,0.09,8.3,0.23
2,新北中信特攻,43|113,林韋翰/林任鴻,13,213,269.0,3341.44,55.69,55:41,257.03,4.28,04:17,89.0,6.85,33.09,57.53,122.0,9.38,45.35,78.86,94.0,7.23,34.94,60.76,32.0,2.46,11.9,20.69,48.0,3.69,17.84,31.03,23.0,1.77,8.55,14.87,46.0,3.54,17.1,29.74,9.0,0.69,3.35,5.82,27.0,2.08,10.04,17.45,14.0,1.08,5.2,9.05,21.0,1.62,7.81,13.57,46.0,3.54,17.1,29.74,17.0,1.31,6.32,10.99,28.0,2.15,10.41,18.1,22.0,1.69,8.18,14.22,21.0,1.62,7.81,13.57,11.0,0.85,4.09,7.11,3.0,0.23,1.12,1.94,23.0,1.77,8.55,14.87,34.0,2.62,12.64,21.98,33.09,45.35,-12.27,115.93,-33.0,-2.54,-12.27,55.69,4.28,0.39,0.42,0.48,0.2,0.52,0.17,0.66,0.43,0.73,0.6,4.09,1.12,0.09,12.64,0.29
2,新北中信特攻,43|10877,林韋翰/阿巴西,30,2556,3038.0,41968.73,699.48,699:29,1398.96,23.32,23:19,1466.0,48.87,48.26,75.45,1255.0,41.83,41.31,64.59,1156.0,38.53,38.05,59.5,543.0,18.1,17.87,27.95,635.0,21.17,20.9,32.68,378.0,12.6,12.44,19.45,521.0,17.37,17.15,26.81,165.0,5.5,5.43,8.49,291.0,9.7,9.58,14.98,210.0,7.0,6.91,10.81,207.0,6.9,6.81,10.65,427.0,14.23,14.06,21.98,166.0,5.53,5.46,8.54,467.0,15.57,15.37,24.04,220.0,7.33,7.24,11.32,364.0,12.13,11.98,18.73,101.0,3.37,3.32,5.2,25.0,0.83,0.82,1.29,299.0,9.97,9.84,15.39,295.0,9.83,9.71,15.18,48.26,41.31,6.95,104.24,211.0,7.03,6.95,699.48,23.32,0.54,0.57,0.6,0.32,0.72,0.15,0.67,0.31,0.72,0.5,3.32,0.82,0.1,9.71,0.25
2,新北中信特攻,43|10880,林韋翰/內馬,24,1731,2079.0,28888.45,481.47,481:28,1203.69,20.06,20:04,972.0,40.5,46.75,72.68,887.0,36.96,42.66,66.32,812.0,33.83,39.06,60.71,362.0,15.08,17.41,27.07,456.0,19.0,21.93,34.1,251.0,10.46,12.07,18.77,356.0,14.83,17.12,26.62,111.0,4.62,5.34,8.3,190.0,7.92,9.14,14.21,136.0,5.67,6.54,10.17,156.0,6.5,7.5,11.66,307.0,12.79,14.77,22.95,129.0,5.38,6.2,9.65,310.0,12.92,14.91,23.18,139.0,5.79,6.69,10.39,237.0,9.88,11.4,17.72,66.0,2.75,3.17,4.93,30.0,1.25,1.44,2.24,190.0,7.92,9.14,14.21,199.0,8.29,9.57,14.88,46.75,42.66,4.09,103.63,85.0,3.54,4.09,481.47,20.06,0.51,0.54,0.55,0.31,0.72,0.13,0.65,0.33,0.7,0.51,3.17,1.44,0.09,9.57,0.23
2,新北中信特攻,43|10882,林韋翰/霸夫,2,105,123.0,1811.1,30.19,30:11,905.55,15.09,15:06,44.0,22.0,35.77,52.48,49.0,24.5,39.84,58.44,42.0,21.0,34.15,50.09,17.0,8.5,13.82,20.27,18.0,9.0,14.63,21.47,11.0,5.5,8.94,13.12,24.0,12.0,19.51,28.62,6.0,3.0,4.88,7.16,8.0,4.0,6.5,9.54,4.0,2.0,3.25,4.77,5.0,2.5,4.07,5.96,22.0,11.0,17.89,26.24,12.0,6.0,9.76,14.31,17.0,8.5,13.82,20.27,12.0,6.0,9.76,14.31,11.0,5.5,8.94,13.12,7.0,3.5,5.69,8.35,2.0,1.0,1.63,2.39,10.0,5.0,8.13,11.93,21.0,10.5,17.07,25.05,35.77,39.84,-4.07,97.8,-5.0,-2.5,-4.07,30.19,15.09,0.48,0.48,0.61,0.25,0.5,0.21,0.65,0.23,0.65,0.48,5.69,1.63,0.08,17.07,0.19
2,新北中信特攻,43|47,林韋翰/曾文鼎,20,582,681.0,9481.94,158.03,158:02,474.1,7.9,07:54,297.0,14.85,43.61,67.66,296.0,14.8,43.47,67.43,258.0,12.9,37.89,58.77,112.0,5.6,16.45,25.51,135.0,6.75,19.82,30.75,78.0,3.9,11.45,17.77,123.0,6.15,18.06,28.02,34.0,1.7,4.99,7.75,53.0,2.65,7.78,12.07,37.0,1.85,5.43,8.43,41.0,2.05,6.02,9.34,108.0,5.4,15.86,24.6,39.0,1.95,5.73,8.88,95.0,4.75,13.95,21.64,49.0,2.45,7.2,11.16,76.0,3.8,11.16,17.31,20.0,1.0,2.94,4.56,5.0,0.25,0.73,1.14,50.0,2.5,7.34,11.39,71.0,3.55,10.43,16.17,43.61,43.47,0.15,103.42,1.0,0.05,0.15,158.03,7.9,0.5,0.53,0.58,0.28,0.7,0.15,0.68,0.3,0.73,0.53,2.94,0.73,0.07,10.43,0.21
2,新北中信特攻,47|113,曾文鼎/林任鴻,13,103,120.0,1473.39,24.56,24:33,113.34,1.89,01:53,49.0,3.77,40.83,71.83,55.0,4.23,45.83,80.63,46.0,3.54,38.33,67.44,17.0,1.31,14.17,24.92,26.0,2.0,21.67,38.12,10.0,0.77,8.33,14.66,20.0,1.54,16.67,29.32,7.0,0.54,5.83,10.26,10.0,0.77,8.33,14.66,8.0,0.62,6.67,11.73,7.0,0.54,5.83,10.26,21.0,1.62,17.5,30.79,6.0,0.46,5.0,8.8,18.0,1.38,15.0,26.39,7.0,0.54,5.83,10.26,10.0,0.77,8.33,14.66,5.0,0.38,4.17,7.33,2.0,0.15,1.67,2.93,8.0,0.62,6.67,11.73,11.0,0.85,9.17,16.13,40.83,45.83,-5.0,117.28,-6.0,-0.46,-5.0,24.56,1.89,0.45,0.49,0.38,0.35,0.8,0.12,0.59,0.28,0.78,0.54,4.17,1.67,0.07,9.17,0.22
2,新北中信特攻,40|43,謝亞軒/林韋翰,29,1899,2257.0,31627.7,527.13,527:08,1090.61,18.18,18:11,1074.0,37.03,47.59,73.35,922.0,31.79,40.85,62.97,853.0,29.41,37.79,58.26,403.0,13.9,17.86,27.52,479.0,16.52,21.22,32.71,282.0,9.72,12.49,19.26,374.0,12.9,16.57,25.54,121.0,4.17,5.36,8.26,204.0,7.03,9.04,13.93,139.0,4.79,6.16,9.49,155.0,5.34,6.87,10.59,312.0,10.76,13.82,21.31,132.0,4.55,5.85,9.01,354.0,12.21,15.68,24.18,176.0,6.07,7.8,12.02,272.0,9.38,12.05,18.58,75.0,2.59,3.32,5.12,26.0,0.9,1.15,1.78,217.0,7.48,9.61,14.82,204.0,7.03,9.04,13.93,47.59,40.85,6.73,102.76,152.0,5.24,6.73,527.13,18.18,0.54,0.57,0.59,0.32,0.68,0.16,0.67,0.3,0.7,0.49,3.32,1.15,0.1,9.04,0.24
2,桃園台啤永豐雲豹,56|58,丁冠皓/林信寬,3,26,28.0,422.27,7.04,07:02,140.76,2.35,02:21,13.0,4.33,46.43,66.5,14.0,4.67,50.0,71.61,10.0,3.33,35.71,51.15,6.0,2.0,21.43,30.69,6.0,2.0,21.43,30.69,5.0,1.67,17.86,25.58,4.0,1.33,14.29,20.46,1.0,0.33,3.57,5.12,1.0,0.33,3.57,5.12,0.0,0.0,0.0,0.0,0.0,0.0,0.0,0.0,3.0,1.0,10.71,15.35,1.0,0.33,3.57,5.12,5.0,1.67,17.86,25.58,2.0,0.67,7.14,10.23,3.0,1.0,10.71,15.35,2.0,0.67,7.14,10.23,0.0,0.0,0.0,0.0,1.0,0.33,3.57,5.12,2.0,0.67,7.14,10.23,46.43,50.0,-3.57,95.48,-1.0,-0.33,-3.57,7.04,2.35,0.65,0.62,0.83,0.25,0.0,0.16,0.5,0.0,0.75,0.33,7.14,0.0,0.04,7.14,0.1
2,桃園台啤永豐雲豹,16|56,米勒/丁冠皓,1,10,12.0,168.0,2.8,02:48,168.0,2.8,02:48,7.0,7.0,58.33,90.0,8.0,8.0,66.67,102.86,4.0,4.0,33.33,51.43,3.0,3.0,25.0,38.57,2.0,2.0,16.67,25.71,2.0,2.0,16.67,25.71,2.0,2.0,16.67,25.71,1.0,1.0,8.33,12.86,0.0,0.0,0.0,0.0,0.0,0.0,0.0,0.0,0.0,0.0,0.0,0.0,0.0,0.0,0.0,0.0,1.0,1.0,8.33,12.86,1.0,1.0,8.33,12.86,1.0,1.0,8.33,12.86,1.0,1.0,8.33,12.86,1.0,1.0,8.33,12.86,0.0,0.0,0.0,0.0,0.0,0.0,0.0,0.0,0.0,0.0,0.0,0.0,58.33,66.67,-8.33,102.86,-1.0,-1.0,-8.33,2.8,2.8,0.88,0.88,1.0,0.5,,0.2,0.33,0.0,0.0,0.0,8.33,0.0,0.0,0.0,0.0
2,桃園台啤永豐雲豹,12|10884,曹薰襄/徐宏瑋,22,411,501.0,7263.18,121.05,121:03,330.14,5.5,05:30,214.0,9.73,42.71,63.64,199.0,9.05,39.72,59.18,165.0,7.5,32.93,49.07,84.0,3.82,16.77,24.98,117.0,5.32,23.35,34.79,68.0,3.09,13.57,20.22,48.0,2.18,9.58,14.27,16.0,0.73,3.19,4.76,50.0,2.27,9.98,14.87,31.0,1.41,6.19,9.22,25.0,1.14,4.99,7.43,64.0,2.91,12.77,19.03,42.0,1.91,8.38,12.49,76.0,3.45,15.17,22.6,47.0,2.14,9.38,13.98,49.0,2.23,9.78,14.57,28.0,1.27,5.59,8.33,6.0,0.27,1.2,1.78,39.0,1.77,7.78,11.6,55.0,2.5,10.98,16.36,42.71,39.72,2.99,99.33,15.0,0.68,2.99,121.05,5.5,0.56,0.57,0.58,0.33,0.62,0.2,0.58,0.25,0.6,0.43,5.59,1.2,0.08,10.98,0.3
2,桃園台啤永豐雲豹,16|10884,米勒/徐宏瑋,17,265,325.0,4969.53,82.83,82:50,292.33,4.87,04:52,125.0,7.35,38.46,54.33,131.0,7.71,40.31,56.94,108.0,6.35,33.23,46.94,51.0,3.0,15.69,22.17,68.0,4.0,20.92,29.56,37.0,2.18,11.38,16.08,40.0,2.35,12.31,17.39,14.0,0.82,4.31,6.09,21.0,1.24,6.46,9.13,9.0,0.53,2.77,3.91,18.0,1.06,5.54,7.82,43.0,2.53,13.23,18.69,29.0,1.71,8.92,12.6,50.0,2.94,15.38,21.73,30.0,1.76,9.23,13.04,29.0,1.71,8.92,12.6,23.0,1.35,7.08,10.0,5.0,0.29,1.54,2.17,25.0,1.47,7.69,10.87,35.0,2.06,10.77,15.21,38.46,40.31,-1.85,94.17,-6.0,-0.35,-1.85,82.83,4.87,0.54,0.53,0.54,0.35,0.43,0.2,0.57,0.26,0.6,0.44,7.08,1.54,0.08,10.77,0.19
2,桃園台啤永豐雲豹,58|10884,林信寬/徐宏瑋,19,369,455.0,6727.15,112.12,112:07,354.06,5.9,05:54,194.0,10.21,42.64,62.29,177.0,9.32,38.9,56.83,149.0,7.84,32.75,47.84,72.0,3.79,15.82,23.12,104.0,5.47,22.86,33.39,57.0,3.0,12.53,18.3,45.0,2.37,9.89,14.45,15.0,0.79,3.3,4.82,59.0,3.11,12.97,18.94,36.0,1.89,7.91,11.56,27.0,1.42,5.93,8.67,60.0,3.16,13.19,19.27,41.0,2.16,9.01,13.16,64.0,3.37,14.07,20.55,36.0,1.89,7.91,11.56,45.0,2.37,9.89,14.45,23.0,1.21,5.05,7.39,5.0,0.26,1.1,1.61,44.0,2.32,9.67,14.13,45.0,2.37,9.89,14.45,42.64,38.9,3.74,97.4,17.0,0.89,3.74,112.12,5.9,0.53,0.55,0.55,0.33,0.61,0.17,0.62,0.3,0.59,0.45,5.05,1.1,0.1,9.89,0.4
2,桃園台啤永豐雲豹,10860|10884,麥卡洛/徐宏瑋,17,336,407.0,5582.88,93.05,93:03,328.4,5.47,05:28,180.0,10.59,44.23,69.64,165.0,9.71,40.54,63.84,133.0,7.82,32.68,51.46,70.0,4.12,17.2,27.08,98.0,5.76,24.08,37.92,58.0,3.41,14.25,22.44,35.0,2.06,8.6,13.54,12.0,0.71,2.95,4.64,45.0,2.65,11.06,17.41,29.0,1.71,7.13,11.22,17.0,1.0,4.18,6.58,51.0,3.0,12.53,19.73,37.0,2.18,9.09,14.32,63.0,3.71,15.48,24.37,32.0,1.88,7.86,12.38,41.0,2.41,10.07,15.86,19.0,1.12,4.67,7.35,3.0,0.18,0.74,1.16,33.0,1.94,8.11,12.77,46.0,2.71,11.3,17.8,44.23,40.54,3.69,104.98,15.0,0.88,3.69,93.05,5.47,0.57,0.59,0.59,0.34,0.64,0.17,0.59,0.21,0.58,0.4,4.67,0.74,0.08,11.3,0.34
2,新北中信特攻,43|10881,林韋翰/飛克,25,1544,1837.0,25333.97,422.23,422:14,1013.36,16.89,16:53,844.0,33.76,45.94,71.96,785.0,31.4,42.73,66.93,691.0,27.64,37.62,58.92,320.0,12.8,17.42,27.28,387.0,15.48,21.07,33.0,230.0,9.2,12.52,19.61,304.0,12.16,16.55,25.92,90.0,3.6,4.9,7.67,166.0,6.64,9.04,14.15,113.0,4.52,6.15,9.63,126.0,5.04,6.86,10.74,267.0,10.68,14.53,22.76,103.0,4.12,5.61,8.78,276.0,11.04,15.02,23.53,132.0,5.28,7.19,11.25,221.0,8.84,12.03,18.84,54.0,2.16,2.94,4.6,20.0,0.8,1.09,1.71,167.0,6.68,9.09,14.24,182.0,7.28,9.91,15.52,45.94,42.73,3.21,104.42,59.0,2.36,3.21,422.23,16.89,0.53,0.55,0.59,0.3,0.68,0.15,0.69,0.31,0.72,0.51,2.94,1.09,0.09,9.91,0.24
2,新北中信特攻,43|48,林韋翰/李沛澄,9,208,243.0,3225.19,53.75,53:45,358.35,5.97,05:58,137.0,15.22,56.38,91.75,106.0,11.78,43.62,70.99,94.0,10.44,38.68,62.95,45.0,5.0,18.52,30.14,52.0,5.78,21.4,34.83,29.0,3.22,11.93,19.42,42.0,4.67,17.28,28.13,16.0,1.78,6.58,10.72,39.0,4.33,16.05,26.12,31.0,3.44,12.76,20.76,15.0,1.67,6.17,10.05,37.0,4.11,15.23,24.78,14.0,1.56,5.76,9.38,32.0,3.56,13.17,21.43,10.0,1.11,4.12,6.7,29.0,3.22,11.93,19.42,7.0,0.78,2.88,4.69,6.0,0.67,2.47,4.02,27.0,3.0,11.11,18.08,34.0,3.78,13.99,22.77,56.38,43.62,12.76,108.5,31.0,3.44,12.76,53.75,5.97,0.56,0.62,0.56,0.38,0.79,0.08,0.64,0.32,0.73,0.53,2.88,2.47,0.11,13.99,0.41
2,新北中信特攻,35|43,李睿麒/林韋翰,3,39,48.0,781.0,13.02,13:01,260.33,4.34,04:20,21.0,7.0,43.75,58.08,14.0,4.67,29.17,38.72,17.0,5.67,35.42,47.02,4.0,1.33,8.33,11.06,8.0,2.67,16.67,22.13,3.0,1.0,6.25,8.3,9.0,3.0,18.75,24.89,1.0,0.33,2.08,2.77,14.0,4.67,29.17,38.72,12.0,4.0,25.0,33.19,5.0,1.67,10.42,13.83,9.0,3.0,18.75,24.89,4.0,1.33,8.33,11.06,6.0,2.0,12.5,16.59,0.0,0.0,0.0,0.0,4.0,1.33,8.33,11.06,0.0,0.0,0.0,0.0,1.0,0.33,2.08,2.77,7.0,2.33,14.58,19.36,8.0,2.67,16.67,22.13,43.75,29.17,14.58,88.5,7.0,2.33,14.58,13.02,4.34,0.26,0.45,0.38,0.11,0.86,0.0,1.0,0.45,0.69,0.58,0.0,2.08,0.15,16.67,0.82
2,新北中信特攻,35|44,李睿麒/黃泓瀚,3,20,23.0,320.09,5.33,05:20,106.7,1.78,01:47,13.0,4.33,56.52,87.72,11.0,3.67,47.83,74.23,9.0,3.0,39.13,60.73,4.0,1.33,17.39,26.99,4.0,1.33,17.39,26.99,3.0,1.0,13.04,20.24,5.0,1.67,21.74,33.74,1.0,0.33,4.35,6.75,4.0,1.33,17.39,26.99,4.0,1.33,17.39,26.99,2.0,0.67,8.7,13.5,3.0,1.0,13.04,20.24,1.0,0.33,4.35,6.75,3.0,1.0,13.04,20.24,1.0,0.33,4.35,6.75,2.0,0.67,8.7,13.5,0.0,0.0,0.0,0.0,2.0,0.67,8.7,13.5,2.0,0.67,8.7,13.5,2.0,0.67,8.7,13.5,56.52,47.83,8.7,103.47,2.0,0.67,8.7,5.33,1.78,0.5,0.6,0.75,0.2,1.0,0.09,0.5,0.4,0.75,0.56,0.0,8.7,0.09,8.7,0.44
2,新北中信特攻,35|48,李睿麒/李沛澄,2,23,28.0,357.09,5.95,05:57,178.55,2.98,02:59,15.0,7.5,53.57,90.73,12.0,6.0,42.86,72.59,9.0,4.5,32.14,54.44,4.0,2.0,14.29,24.2,5.0,2.5,17.86,30.24,3.0,1.5,10.71,18.15,4.0,2.0,14.29,24.2,1.0,0.5,3.57,6.05,6.0,3.0,21.43,36.29,6.0,3.0,21.43,36.29,1.0,0.5,3.57,6.05,4.0,2.0,14.29,24.2,2.0,1.0,7.14,12.1,4.0,2.0,14.29,24.2,1.0,0.5,3.57,6.05,0.0,0.0,0.0,0.0,1.0,0.5,3.57,6.05,1.0,0.5,3.57,6.05,2.0,1.0,7.14,12.1,5.0,2.5,17.86,30.24,53.57,42.86,10.71,112.91,3.0,1.5,10.71,5.95,2.98,0.5,0.64,0.6,0.25,1.0,0.08,0.0,0.2,0.67,0.45,3.57,3.57,0.07,17.86,0.67
2,新北中信特攻,35|10880,李睿麒/內馬,2,19,22.0,290.88,4.85,04:51,145.44,2.42,02:25,10.0,5.0,45.45,74.26,8.0,4.0,36.36,59.41,8.0,4.0,36.36,59.41,2.0,1.0,9.09,14.85,4.0,2.0,18.18,29.7,2.0,1.0,9.09,14.85,4.0,2.0,18.18,29.7,0.0,0.0,0.0,0.0,6.0,3.0,27.27,44.55,6.0,3.0,27.27,44.55,2.0,1.0,9.09,14.85,4.0,2.0,18.18,29.7,0.0,0.0,0.0,0.0,3.0,1.5,13.64,22.28,1.0,0.5,4.55,7.43,0.0,0.0,0.0,0.0,1.0,0.5,4.55,7.43,1.0,0.5,4.55,7.43,2.0,1.0,9.09,14.85,2.0,1.0,9.09,14.85,45.45,36.36,9.09,108.91,2.0,1.0,9.09,4.85,2.42,0.25,0.47,0.5,0.0,1.0,0.09,0.0,0.4,1.0,0.67,4.55,4.55,0.09,9.09,0.75
2,新北中信特攻,35|39,李睿麒/魏嘉豪,2,26,33.0,555.53,9.26,09:16,277.77,4.63,04:38,15.0,7.5,45.45,58.32,12.0,6.0,36.36,46.66,10.0,5.0,30.3,38.88,5.0,2.5,15.15,19.44,6.0,3.0,18.18,23.33,4.0,2.0,12.12,15.55,4.0,2.0,12.12,15.55,1.0,0.5,3.03,3.89,6.0,3.0,18.18,23.33,4.0,2.0,12.12,15.55,2.0,1.0,6.06,7.78,4.0,2.0,12.12,15.55,2.0,1.0,6.06,7.78,5.0,2.5,15.15,19.44,3.0,1.5,9.09,11.66,0.0,0.0,0.0,0.0,2.0,1.0,6.06,7.78,0.0,0.0,0.0,0.0,3.0,1.5,9.09,11.66,5.0,2.5,15.15,19.44,45.45,36.36,9.09,85.54,3.0,1.5,9.09,9.26,4.63,0.55,0.59,0.67,0.25,0.67,0.19,0.0,0.29,0.67,0.46,6.06,0.0,0.09,15.15,0.6
2,新北中信特攻,35|10882,李睿麒/霸夫,2,21,26.0,458.09,7.63,07:38,229.05,3.82,03:49,10.0,5.0,38.46,47.15,8.0,4.0,30.77,37.72,9.0,4.5,34.62,42.44,3.0,1.5,11.54,14.15,5.0,2.5,19.23,23.58,3.0,1.5,11.54,14.15,4.0,2.0,15.38,18.86,0.0,0.0,0.0,0.0,4.0,2.0,15.38,18.86,4.0,2.0,15.38,18.86,3.0,1.5,11.54,14.15,3.0,1.5,11.54,14.15,0.0,0.0,0.0,0.0,5.0,2.5,19.23,23.58,3.0,1.5,11.54,14.15,0.0,0.0,0.0,0.0,2.0,1.0,7.69,9.43,0.0,0.0,0.0,0.0,2.0,1.0,7.69,9.43,2.0,1.0,7.69,9.43,38.46,30.77,7.69,81.73,2.0,1.0,7.69,7.63,3.82,0.33,0.46,0.6,0.0,1.0,0.22,0.0,0.38,1.0,0.55,7.69,0.0,0.08,7.69,0.44
2,新北中信特攻,35|47,李睿麒/曾文鼎,2,18,24.0,435.53,7.26,07:16,217.77,3.63,03:38,9.0,4.5,37.5,44.63,9.0,4.5,37.5,44.63,7.0,3.5,29.17,34.72,3.0,1.5,12.5,14.88,2.0,1.0,8.33,9.92,2.0,1.0,8.33,9.92,5.0,2.5,20.83,24.8,1.0,0.5,4.17,4.96,4.0,2.0,16.67,19.84,2.0,1.0,8.33,9.92,2.0,1.0,8.33,9.92,3.0,1.5,12.5,14.88,2.0,1.0,8.33,9.92,3.0,1.5,12.5,14.88,2.0,1.0,8.33,9.92,0.0,0.0,0.0,0.0,1.0,0.5,4.17,4.96,0.0,0.0,0.0,0.0,2.0,1.0,8.33,9.92,3.0,1.5,12.5,14.88,37.5,37.5,0.0,79.35,0.0,0.0,0.0,7.26,3.63,0.5,0.51,1.0,0.2,0.5,0.19,0.0,0.4,0.6,0.5,4.17,0.0,0.08,12.5,0.57
2,新北中信特攻,35|10879,李睿麒/簡廷兆,4,35,45.0,705.82,11.76,11:46,176.45,2.94,02:56,21.0,5.25,46.67,64.27,13.0,3.25,28.89,39.78,19.0,4.75,42.22,58.15,8.0,2.0,17.78,24.48,8.0,2.0,17.78,24.48,5.0,1.25,11.11,15.3,11.0,2.75,24.44,33.66,3.0,0.75,6.67,9.18,4.0,1.0,8.89,12.24,2.0,0.5,4.44,6.12,5.0,1.25,11.11,15.3,7.0,1.75,15.56,21.42,5.0,1.25,11.11,15.3,6.0,1.5,13.33,18.36,2.0,0.5,4.44,6.12,4.0,1.0,8.89,12.24,0.0,0.0,0.0,0.0,1.0,0.25,2.22,3.06,4.0,1.0,8.89,12.24,8.0,2.0,17.78,24.48,46.67,28.89,17.78,91.81,8.0,2.0,17.78,11.76,2.94,0.5,0.51,0.62,0.27,0.5,0.09,0.5,0.45,0.58,0.52,0.0,2.22,0.09,17.78,0.21
2,桃園台啤永豐雲豹,16|64,米勒/劉元凱,3,19,23.0,379.0,6.32,06:19,126.33,2.11,02:06,5.0,1.67,21.74,28.5,11.0,3.67,47.83,62.69,9.0,3.0,39.13,51.29,2.0,0.67,8.7,11.4,4.0,1.33,17.39,22.8,1.0,0.33,4.35,5.7,5.0,1.67,21.74,28.5,1.0,0.33,4.35,5.7,0.0,0.0,0.0,0.0,0.0,0.0,0.0,0.0,3.0,1.0,13.04,17.1,4.0,1.33,17.39,22.8,1.0,0.33,4.35,5.7,4.0,1.33,17.39,22.8,4.0,1.33,17.39,22.8,2.0,0.67,8.7,11.4,2.0,0.67,8.7,11.4,0.0,0.0,0.0,0.0,0.0,0.0,0.0,0.0,6.0,2.0,26.09,34.2,21.74,47.83,-26.09,87.39,-6.0,-2.0,-26.09,6.32,2.11,0.28,0.28,0.25,0.2,,0.31,1.0,0.43,0.8,0.58,8.7,0.0,0.0,26.09,0.0
2,桃園台啤永豐雲豹,54|64,高錦瑋/劉元凱,4,18,23.0,443.28,7.39,07:23,110.82,1.85,01:51,9.0,2.25,39.13,43.85,15.0,3.75,65.22,73.09,9.0,2.25,39.13,43.85,4.0,1.0,17.39,19.49,5.0,1.25,21.74,24.36,3.0,0.75,13.04,14.62,4.0,1.0,17.39,19.49,1.0,0.25,4.35,4.87,0.0,0.0,0.0,0.0,0.0,0.0,0.0,0.0,1.0,0.25,4.35,4.87,3.0,0.75,13.04,14.62,2.0,0.5,8.7,9.75,3.0,0.75,13.04,14.62,2.0,0.5,8.7,9.75,4.0,1.0,17.39,19.49,1.0,0.25,4.35,4.87,0.0,0.0,0.0,0.0,1.0,0.25,4.35,4.87,8.0,2.0,34.78,38.98,39.13,65.22,-26.09,74.72,-6.0,-1.5,-26.09,7.39,1.85,0.5,0.5,0.6,0.25,,0.18,1.0,0.25,0.6,0.44,4.35,0.0,0.04,34.78,0.0
2,桃園台啤永豐雲豹,58|64,林信寬/劉元凱,4,34,42.0,733.32,12.22,12:13,183.33,3.06,03:03,11.0,2.75,26.19,32.4,21.0,5.25,50.0,61.86,13.0,3.25,30.95,38.29,5.0,1.25,11.9,14.73,7.0,1.75,16.67,20.62,4.0,1.0,9.52,11.78,6.0,1.5,14.29,17.67,1.0,0.25,2.38,2.95,0.0,0.0,0.0,0.0,0.0,0.0,0.0,0.0,0.0,0.0,0.0,0.0,7.0,1.75,16.67,20.62,5.0,1.25,11.9,14.73,7.0,1.75,16.67,20.62,5.0,1.25,11.9,14.73,4.0,1.0,9.52,11.78,3.0,0.75,7.14,8.84,0.0,0.0,0.0,0.0,3.0,0.75,7.14,8.84,9.0,2.25,21.43,26.51,26.19,50.0,-23.81,82.47,-10.0,-2.5,-23.81,12.22,3.06,0.42,0.42,0.57,0.17,,0.28,0.8,0.0,0.58,0.37,7.14,0.0,0.07,21.43,0.0
2,桃園台啤永豐雲豹,64|68,劉元凱/克羅馬,5,27,34.0,550.51,9.18,09:11,110.1,1.84,01:50,11.0,2.2,32.35,43.16,18.0,3.6,52.94,70.63,13.0,2.6,38.24,51.01,5.0,1.0,14.71,19.62,9.0,1.8,26.47,35.31,4.0,0.8,11.76,15.69,4.0,0.8,11.76,15.69,1.0,0.2,2.94,3.92,1.0,0.2,2.94,3.92,1.0,0.2,2.94,3.92,2.0,0.4,5.88,7.85,5.0,1.0,14.71,19.62,2.0,0.4,5.88,7.85,5.0,1.0,14.71,19.62,4.0,0.8,11.76,15.69,5.0,1.0,14.71,19.62,1.0,0.2,2.94,3.92,0.0,0.0,0.0,0.0,3.0,0.6,8.82,11.77,8.0,1.6,23.53,31.39,32.35,52.94,-20.59,88.94,-7.0,-1.4,-20.59,9.18,1.84,0.42,0.41,0.44,0.25,1.0,0.23,1.0,0.29,0.71,0.5,2.94,0.0,0.09,23.53,0.08
2,新北中信特攻,35|10881,李睿麒/飛克,3,25,29.0,513.7,8.56,08:34,171.23,2.85,02:51,11.0,3.67,37.93,46.25,14.0,4.67,48.28,58.87,8.0,2.67,27.59,33.64,3.0,1.0,10.34,12.61,3.0,1.0,10.34,12.61,2.0,0.67,6.9,8.41,5.0,1.67,17.24,21.02,1.0,0.33,3.45,4.2,6.0,2.0,20.69,25.23,4.0,1.33,13.79,16.82,2.0,0.67,6.9,8.41,4.0,1.33,13.79,16.82,1.0,0.33,3.45,4.2,5.0,1.67,17.24,21.02,4.0,1.33,13.79,16.82,3.0,1.0,10.34,12.61,1.0,0.33,3.45,4.2,0.0,0.0,0.0,0.0,2.0,0.67,6.9,8.41,6.0,2.0,20.69,25.23,37.93,48.28,-10.34,81.29,-3.0,-1.0,-10.34,8.56,2.85,0.44,0.52,0.67,0.2,0.67,0.27,1.0,0.29,0.8,0.5,3.45,0.0,0.07,20.69,0.75
2,桃園台啤永豐雲豹,64|10860,劉元凱/麥卡洛,3,20,24.0,364.93,6.08,06:05,121.64,2.03,02:02,9.0,3.0,37.5,53.27,9.0,3.0,37.5,53.27,7.0,2.33,29.17,41.43,4.0,1.33,16.67,23.68,4.0,1.33,16.67,23.68,3.0,1.0,12.5,17.76,3.0,1.0,12.5,17.76,1.0,0.33,4.17,5.92,0.0,0.0,0.0,0.0,0.0,0.0,0.0,0.0,0.0,0.0,0.0,0.0,3.0,1.0,12.5,17.76,2.0,0.67,8.33,11.84,5.0,1.67,20.83,29.59,3.0,1.0,12.5,17.76,3.0,1.0,12.5,17.76,2.0,0.67,8.33,11.84,0.0,0.0,0.0,0.0,2.0,0.67,8.33,11.84,7.0,2.33,29.17,41.43,37.5,37.5,0.0,94.7,0.0,0.0,0.0,6.08,2.03,0.64,0.64,0.75,0.33,,0.3,0.75,0.0,0.6,0.3,8.33,0.0,0.08,29.17,0.0
2,新北中信特攻,35|10883,李睿麒/林安龍,3,17,21.0,259.0,4.32,04:19,86.33,1.44,01:26,8.0,2.67,38.1,66.72,9.0,3.0,42.86,75.06,8.0,2.67,38.1,66.72,3.0,1.0,14.29,25.02,2.0,0.67,9.52,16.68,2.0,0.67,9.52,16.68,6.0,2.0,28.57,50.04,1.0,0.33,4.76,8.34,1.0,0.33,4.76,8.34,1.0,0.33,4.76,8.34,1.0,0.33,4.76,8.34,3.0,1.0,14.29,25.02,2.0,0.67,9.52,16.68,2.0,0.67,9.52,16.68,1.0,0.33,4.76,8.34,0.0,0.0,0.0,0.0,0.0,0.0,0.0,0.0,0.0,0.0,0.0,0.0,1.0,0.33,4.76,8.34,3.0,1.0,14.29,25.02,38.1,42.86,-4.76,116.76,-1.0,-0.33,-4.76,4.32,1.44,0.44,0.47,1.0,0.17,1.0,0.11,0.0,0.33,0.6,0.5,0.0,0.0,0.05,14.29,0.12
2,新北中信特攻,47|10883,曾文鼎/林安龍,5,34,46.0,517.4,8.62,08:37,103.48,1.72,01:43,14.0,2.8,30.43,58.45,24.0,4.8,52.17,100.19,16.0,3.2,34.78,66.8,5.0,1.0,10.87,20.87,6.0,1.2,13.04,25.05,3.0,0.6,6.52,12.52,10.0,2.0,21.74,41.75,2.0,0.4,4.35,8.35,4.0,0.8,8.7,16.7,4.0,0.8,8.7,16.7,3.0,0.6,6.52,12.52,8.0,1.6,17.39,33.4,6.0,1.2,13.04,25.05,8.0,1.6,17.39,33.4,2.0,0.4,4.35,8.35,2.0,0.4,4.35,8.35,1.0,0.2,2.17,4.17,0.0,0.0,0.0,0.0,3.0,0.6,6.52,12.52,9.0,1.8,19.57,37.57,30.43,52.17,-21.74,128.03,-10.0,-2.0,-21.74,8.62,1.72,0.38,0.39,0.5,0.2,1.0,0.1,0.4,0.27,0.57,0.44,2.17,0.0,0.07,19.57,0.25
2,新北中信特攻,10881|10883,飛克/林安龍,3,10,12.0,150.26,2.5,02:30,50.09,0.83,00:50,3.0,1.0,25.0,43.12,5.0,1.67,41.67,71.87,4.0,1.33,33.33,57.5,1.0,0.33,8.33,14.37,1.0,0.33,8.33,14.37,1.0,0.33,8.33,14.37,3.0,1.0,25.0,43.12,0.0,0.0,0.0,0.0,2.0,0.67,16.67,28.75,1.0,0.33,8.33,14.37,2.0,0.67,16.67,28.75,1.0,0.33,8.33,14.37,0.0,0.0,0.0,0.0,3.0,1.0,25.0,43.12,2.0,0.67,16.67,28.75,0.0,0.0,0.0,0.0,0.0,0.0,0.0,0.0,0.0,0.0,0.0,0.0,1.0,0.33,8.33,14.37,2.0,0.67,16.67,28.75,25.0,41.67,-16.67,115.0,-2.0,-0.67,-16.67,2.5,0.83,0.25,0.31,1.0,0.0,0.5,0.29,0.0,0.4,1.0,0.5,0.0,0.0,0.08,16.67,0.5
2,新北中信特攻,10882|10883,霸夫/林安龍,1,2,3.0,58.0,0.97,00:58,58.0,0.97,00:58,0.0,0.0,0.0,0.0,0.0,0.0,0.0,0.0,2.0,2.0,66.67,74.48,0.0,0.0,0.0,0.0,0.0,0.0,0.0,0.0,0.0,0.0,0.0,0.0,2.0,2.0,66.67,74.48,0.0,0.0,0.0,0.0,0.0,0.0,0.0,0.0,0.0,0.0,0.0,0.0,1.0,1.0,33.33,37.24,1.0,1.0,33.33,37.24,0.0,0.0,0.0,0.0,1.0,1.0,33.33,37.24,0.0,0.0,0.0,0.0,0.0,0.0,0.0,0.0,0.0,0.0,0.0,0.0,0.0,0.0,0.0,0.0,0.0,0.0,0.0,0.0,0.0,0.0,0.0,0.0,0.0,0.0,0.0,74.48,0.0,0.0,0.0,0.97,0.97,0.0,0.0,,0.0,,0.0,,0.5,1.0,0.67,0.0,0.0,0.0,0.0,0.0
2,桃園台啤永豐雲豹,55|58,汪哲宇/林信寬,11,252,303.0,3931.37,65.52,65:31,357.4,5.96,05:57,114.0,10.36,37.62,62.63,98.0,8.91,32.34,53.84,104.0,9.45,34.32,57.14,43.0,3.91,14.19,23.63,68.0,6.18,22.44,37.36,33.0,3.0,10.89,18.13,36.0,3.27,11.88,19.78,10.0,0.91,3.3,5.49,35.0,3.18,11.55,19.23,18.0,1.64,5.94,9.89,14.0,1.27,4.62,7.69,52.0,4.73,17.16,28.57,26.0,2.36,8.58,14.29,52.0,4.73,17.16,28.57,22.0,2.0,7.26,12.09,24.0,2.18,7.92,13.19,8.0,0.73,2.64,4.4,6.0,0.55,1.98,3.3,24.0,2.18,7.92,13.19,42.0,3.82,13.86,23.08,37.62,32.34,5.28,110.98,16.0,1.45,5.28,65.52,5.96,0.46,0.48,0.49,0.28,0.51,0.16,0.56,0.21,0.67,0.46,2.64,1.98,0.08,13.86,0.34
2,桃園台啤永豐雲豹,55|60,汪哲宇/黃鎮,9,56,80.0,942.55,15.71,15:43,104.73,1.75,01:45,28.0,3.11,35.0,64.17,28.0,3.11,35.0,64.17,23.0,2.56,28.75,52.71,8.0,0.89,10.0,18.33,10.0,1.11,12.5,22.92,3.0,0.33,3.75,6.87,13.0,1.44,16.25,29.79,5.0,0.56,6.25,11.46,10.0,1.11,12.5,22.92,7.0,0.78,8.75,16.04,8.0,0.89,10.0,18.33,8.0,0.89,10.0,18.33,13.0,1.44,16.25,29.79,8.0,0.89,10.0,18.33,7.0,0.78,8.75,16.04,6.0,0.67,7.5,13.75,5.0,0.56,6.25,11.46,1.0,0.11,1.25,2.29,9.0,1.0,11.25,20.62,13.0,1.44,16.25,29.79,35.0,35.0,0.0,122.22,0.0,0.0,0.0,15.71,1.75,0.46,0.51,0.3,0.38,0.7,0.2,0.75,0.5,0.38,0.43,6.25,1.25,0.11,16.25,0.43
2,桃園台啤永豐雲豹,58|60,林信寬/黃鎮,2,6,11.0,173.0,2.88,02:53,86.5,1.44,01:27,5.0,2.5,45.45,62.43,0.0,0.0,0.0,0.0,4.0,2.0,36.36,49.94,2.0,1.0,18.18,24.97,3.0,1.5,27.27,37.46,2.0,1.0,18.18,24.97,1.0,0.5,9.09,12.49,0.0,0.0,0.0,0.0,2.0,1.0,18.18,24.97,1.0,0.5,9.09,12.49,1.0,0.5,9.09,12.49,2.0,1.0,18.18,24.97,3.0,1.5,27.27,37.46,3.0,1.5,27.27,37.46,0.0,0.0,0.0,0.0,0.0,0.0,0.0,0.0,0.0,0.0,0.0,0.0,0.0,0.0,0.0,0.0,2.0,1.0,18.18,24.97,0.0,0.0,0.0,0.0,45.45,0.0,45.45,91.56,5.0,2.5,45.45,2.88,1.44,0.5,0.51,0.67,0.0,0.5,0.0,0.0,0.25,0.4,0.33,0.0,0.0,0.18,0.0,0.5
2,桃園台啤永豐雲豹,60|64,黃鎮/劉元凱,10,64,90.0,1056.55,17.61,17:37,105.66,1.76,01:46,31.0,3.1,34.44,63.38,33.0,3.3,36.67,67.46,26.0,2.6,28.89,53.15,9.0,0.9,10.0,18.4,10.0,1.0,11.11,20.44,3.0,0.3,3.33,6.13,16.0,1.6,17.78,32.71,6.0,0.6,6.67,12.27,10.0,1.0,11.11,20.44,7.0,0.7,7.78,14.31,9.0,0.9,10.0,18.4,9.0,0.9,10.0,18.4,13.0,1.3,14.44,26.58,10.0,1.0,11.11,20.44,9.0,0.9,10.0,18.4,7.0,0.7,7.78,14.31,6.0,0.6,6.67,12.27,1.0,0.1,1.11,2.04,10.0,1.0,11.11,20.44,17.0,1.7,18.89,34.75,34.44,36.67,-2.22,122.66,-2.0,-0.2,-2.22,17.61,1.76,0.46,0.51,0.3,0.38,0.7,0.23,0.78,0.47,0.41,0.44,6.67,1.11,0.11,18.89,0.38
2,桃園台啤永豐雲豹,60|10884,黃鎮/徐宏瑋,10,80,105.0,1291.95,21.53,21:32,129.2,2.15,02:09,41.0,4.1,39.05,68.55,40.0,4.0,38.1,66.88,33.0,3.3,31.43,55.17,14.0,1.4,13.33,23.41,15.0,1.5,14.29,25.08,8.0,0.8,7.62,13.38,18.0,1.8,17.14,30.09,6.0,0.6,5.71,10.03,10.0,1.0,9.52,16.72,7.0,0.7,6.67,11.7,9.0,0.9,8.57,15.05,11.0,1.1,10.48,18.39,13.0,1.3,12.38,21.73,15.0,1.5,14.29,25.08,10.0,1.0,9.52,16.72,9.0,0.9,8.57,15.05,7.0,0.7,6.67,11.7,1.0,0.1,0.95,1.67,9.0,0.9,8.57,15.05,18.0,1.8,17.14,30.09,39.05,38.1,0.95,117.03,1.0,0.1,0.95,21.53,2.15,0.52,0.55,0.53,0.33,0.7,0.21,0.64,0.38,0.46,0.42,6.67,0.95,0.09,17.14,0.3
2,高雄全家海神,10893|12668,崔維斯/歐提斯,2,152,175.0,2346.95,39.12,39:07,1173.47,19.56,19:33,79.0,39.5,45.14,72.71,88.0,44.0,50.29,80.99,59.0,29.5,33.71,54.3,26.0,13.0,14.86,23.93,26.0,13.0,14.86,23.93,13.0,6.5,7.43,11.96,33.0,16.5,18.86,30.37,13.0,6.5,7.43,11.96,23.0,11.5,13.14,21.17,16.0,8.0,9.14,14.73,3.0,1.5,1.71,2.76,33.0,16.5,18.86,30.37,10.0,5.0,5.71,9.2,23.0,11.5,13.14,21.17,11.0,5.5,6.29,10.12,17.0,8.5,9.71,15.65,7.0,3.5,4.0,6.44,0.0,0.0,0.0,0.0,16.0,8.0,9.14,14.73,36.0,18.0,20.57,33.13,45.14,50.29,-5.14,107.37,-9.0,-4.5,-5.14,39.12,19.56,0.55,0.57,0.5,0.39,0.7,0.14,0.65,0.12,0.77,0.52,4.0,0.0,0.09,20.57,0.39
2,福爾摩沙夢想家,77|79,馬建豪/張宗憲,16,555,652.0,8361.04,139.35,139:21,522.56,8.71,08:43,306.0,19.12,46.93,79.05,282.0,17.62,43.25,72.85,217.0,13.56,33.28,56.06,107.0,6.69,16.41,27.64,136.0,8.5,20.86,35.13,76.0,4.75,11.66,19.63,81.0,5.06,12.42,20.93,31.0,1.94,4.75,8.01,94.0,5.88,14.42,24.28,67.0,4.19,10.28,17.31,33.0,2.06,5.06,8.53,86.0,5.38,13.19,22.22,39.0,2.44,5.98,10.08,117.0,7.31,17.94,30.23,49.0,3.06,7.52,12.66,64.0,4.0,9.82,16.53,29.0,1.81,4.45,7.49,8.0,0.5,1.23,2.07,71.0,4.44,10.89,18.34,66.0,4.12,10.12,17.05,46.93,43.25,3.68,112.29,24.0,1.5,3.68,139.35,8.71,0.56,0.59,0.56,0.38,0.71,0.16,0.6,0.22,0.69,0.43,4.45,1.23,0.11,10.12,0.43
2,福爾摩沙夢想家,77|89,馬建豪/蔣淯安,22,1384,1630.0,22662.67,377.71,377:43,1030.12,17.17,17:10,745.0,33.86,45.71,71.01,740.0,33.64,45.4,70.53,555.0,25.23,34.05,52.9,254.0,11.55,15.58,24.21,309.0,14.05,18.96,29.45,171.0,7.77,10.49,16.3,246.0,11.18,15.09,23.45,83.0,3.77,5.09,7.91,205.0,9.32,12.58,19.54,160.0,7.27,9.82,15.25,85.0,3.86,5.21,8.1,233.0,10.59,14.29,22.21,99.0,4.5,6.07,9.44,270.0,12.27,16.56,25.73,133.0,6.05,8.16,12.68,140.0,6.36,8.59,13.34,76.0,3.45,4.66,7.24,19.0,0.86,1.17,1.81,169.0,7.68,10.37,16.11,158.0,7.18,9.69,15.06,45.71,45.4,0.31,103.57,5.0,0.23,0.31,377.71,17.17,0.53,0.58,0.55,0.34,0.78,0.17,0.55,0.24,0.7,0.46,4.66,1.17,0.1,9.69,0.37
2,福爾摩沙夢想家,77|107,馬建豪/霍爾曼,15,982,1184.0,16673.42,277.89,277:53,1111.56,18.53,18:32,571.0,38.07,48.23,73.97,528.0,35.2,44.59,68.4,397.0,26.47,33.53,51.43,186.0,12.4,15.71,24.1,213.0,14.2,17.99,27.59,117.0,7.8,9.88,15.16,184.0,12.27,15.54,23.84,69.0,4.6,5.83,8.94,172.0,11.47,14.53,22.28,129.0,8.6,10.9,16.71,68.0,4.53,5.74,8.81,160.0,10.67,13.51,20.73,88.0,5.87,7.43,11.4,189.0,12.6,15.96,24.48,95.0,6.33,8.02,12.31,119.0,7.93,10.05,15.42,53.0,3.53,4.48,6.87,10.0,0.67,0.84,1.3,123.0,8.2,10.39,15.93,118.0,7.87,9.97,15.29,48.23,44.59,3.63,102.26,43.0,2.87,3.63,277.89,18.53,0.56,0.6,0.55,0.38,0.75,0.17,0.64,0.26,0.65,0.45,4.48,0.84,0.1,9.97,0.43
2,福爾摩沙夢想家,77|10889,馬建豪/恩尼斯,7,481,584.0,7501.83,125.03,125:02,1071.69,17.86,17:52,255.0,36.43,43.66,73.42,258.0,36.86,44.18,74.29,190.0,27.14,32.53,54.71,87.0,12.43,14.9,25.05,107.0,15.29,18.32,30.81,60.0,8.57,10.27,17.28,83.0,11.86,14.21,23.9,27.0,3.86,4.62,7.77,68.0,9.71,11.64,19.58,50.0,7.14,8.56,14.4,30.0,4.29,5.14,8.64,81.0,11.57,13.87,23.32,43.0,6.14,7.36,12.38,89.0,12.71,15.24,25.63,54.0,7.71,9.25,15.55,50.0,7.14,8.56,14.4,26.0,3.71,4.45,7.49,5.0,0.71,0.86,1.44,60.0,8.57,10.27,17.28,65.0,9.29,11.13,18.72,43.66,44.18,-0.51,112.1,-3.0,-0.43,-0.51,125.03,17.86,0.53,0.58,0.56,0.33,0.74,0.2,0.57,0.25,0.65,0.46,4.45,0.86,0.1,11.13,0.36
2,福爾摩沙夢想家,77|95,馬建豪/李德威,10,133,157.0,2113.76,35.23,35:14,211.38,3.52,03:31,48.0,4.8,30.57,49.05,63.0,6.3,40.13,64.38,52.0,5.2,33.12,53.14,17.0,1.7,10.83,17.37,29.0,2.9,18.47,29.63,16.0,1.6,10.19,16.35,23.0,2.3,14.65,23.5,1.0,0.1,0.64,1.02,25.0,2.5,15.92,25.55,13.0,1.3,8.28,13.28,9.0,0.9,5.73,9.2,31.0,3.1,19.75,31.68,7.0,0.7,4.46,7.15,29.0,2.9,18.47,29.63,12.0,1.2,7.64,12.26,5.0,0.5,3.18,5.11,5.0,0.5,3.18,5.11,0.0,0.0,0.0,0.0,14.0,1.4,8.92,14.31,16.0,1.6,10.19,16.35,30.57,40.13,-9.55,106.96,-15.0,-1.5,-9.55,35.23,3.52,0.34,0.38,0.55,0.04,0.52,0.16,0.29,0.24,0.82,0.53,3.18,0.0,0.09,10.19,0.48
2,福爾摩沙夢想家,77|86,馬建豪/林俊吉,17,863,1062.0,14130.15,235.5,235:30,831.19,13.85,13:51,497.0,29.24,46.8,75.97,437.0,25.71,41.15,66.8,351.0,20.65,33.05,53.66,168.0,9.88,15.82,25.68,221.0,13.0,20.81,33.78,122.0,7.18,11.49,18.65,130.0,7.65,12.24,19.87,46.0,2.71,4.33,7.03,164.0,9.65,15.44,25.07,121.0,7.12,11.39,18.5,66.0,3.88,6.21,10.09,133.0,7.82,12.52,20.33,77.0,4.53,7.25,11.77,183.0,10.76,17.23,27.97,83.0,4.88,7.82,12.69,96.0,5.65,9.04,14.68,47.0,2.76,4.43,7.18,12.0,0.71,1.13,1.83,114.0,6.71,10.73,17.43,118.0,6.94,11.11,18.04,46.8,41.15,5.65,108.23,60.0,3.53,5.65,235.5,13.85,0.54,0.59,0.55,0.35,0.74,0.16,0.57,0.27,0.63,0.43,4.43,1.13,0.11,11.11,0.47
2,福爾摩沙夢想家,86|95,林俊吉/李德威,6,59,76.0,942.48,15.71,15:42,157.08,2.62,02:37,33.0,5.5,43.42,75.63,33.0,5.5,43.42,75.63,31.0,5.17,40.79,71.05,13.0,2.17,17.11,29.79,20.0,3.33,26.32,45.84,11.0,1.83,14.47,25.21,11.0,1.83,14.47,25.21,2.0,0.33,2.63,4.58,8.0,1.33,10.53,18.33,5.0,0.83,6.58,11.46,7.0,1.17,9.21,16.04,11.0,1.83,14.47,25.21,6.0,1.0,7.89,13.75,10.0,1.67,13.16,22.92,3.0,0.5,3.95,6.88,4.0,0.67,5.26,9.17,2.0,0.33,2.63,4.58,0.0,0.0,0.0,0.0,9.0,1.5,11.84,20.63,10.0,1.67,13.16,22.92,43.42,43.42,0.0,116.12,0.0,0.0,0.0,15.71,2.62,0.45,0.48,0.55,0.18,0.62,0.08,0.31,0.41,0.65,0.53,2.63,0.0,0.12,13.16,0.26
2,福爾摩沙夢想家,77|106,馬建豪/高柏鎧,17,972,1154.0,15532.97,258.88,258:53,913.7,15.23,15:14,494.0,29.06,42.81,68.7,482.0,28.35,41.77,67.03,391.0,23.0,33.88,54.37,171.0,10.06,14.82,23.78,225.0,13.24,19.5,31.29,119.0,7.0,10.31,16.55,166.0,9.76,14.38,23.08,52.0,3.06,4.51,7.23,147.0,8.65,12.74,20.44,108.0,6.35,9.36,15.02,77.0,4.53,6.67,10.71,154.0,9.06,13.34,21.42,64.0,3.76,5.55,8.9,218.0,12.82,18.89,30.31,110.0,6.47,9.53,15.3,86.0,5.06,7.45,11.96,67.0,3.94,5.81,9.32,15.0,0.88,1.3,2.09,121.0,7.12,10.49,16.83,119.0,7.0,10.31,16.55,42.81,41.77,1.04,106.98,12.0,0.71,1.04,258.88,15.23,0.5,0.54,0.53,0.31,0.73,0.19,0.5,0.26,0.71,0.45,5.81,1.3,0.1,10.31,0.38
2,福爾摩沙夢想家,95|106,李德威/高柏鎧,1,5,7.0,98.0,1.63,01:38,98.0,1.63,01:38,0.0,0.0,0.0,0.0,5.0,5.0,71.43,110.2,1.0,1.0,14.29,22.04,0.0,0.0,0.0,0.0,0.0,0.0,0.0,0.0,0.0,0.0,0.0,0.0,1.0,1.0,14.29,22.04,0.0,0.0,0.0,0.0,0.0,0.0,0.0,0.0,0.0,0.0,0.0,0.0,1.0,1.0,14.29,22.04,0.0,0.0,0.0,0.0,0.0,0.0,0.0,0.0,0.0,0.0,0.0,0.0,2.0,2.0,28.57,44.08,0.0,0.0,0.0,0.0,1.0,1.0,14.29,22.04,0.0,0.0,0.0,0.0,3.0,3.0,42.86,66.12,0.0,0.0,0.0,0.0,0.0,71.43,-71.43,102.86,-5.0,-5.0,-71.43,1.63,1.63,0.0,0.0,,0.0,,0.67,,1.0,,1.0,14.29,0.0,0.43,0.0,0.0
2,福爾摩沙夢想家,77|103,馬建豪/忻沃克,18,627,758.0,9815.41,163.59,163:35,545.3,9.09,09:05,353.0,19.61,46.57,77.68,340.0,18.89,44.85,74.82,265.0,14.72,34.96,58.32,112.0,6.22,14.78,24.65,145.0,8.06,19.13,31.91,69.0,3.83,9.1,15.18,120.0,6.67,15.83,26.41,43.0,2.39,5.67,9.46,111.0,6.17,14.64,24.43,89.0,4.94,11.74,19.59,50.0,2.78,6.6,11.0,112.0,6.22,14.78,24.65,41.0,2.28,5.41,9.02,132.0,7.33,17.41,29.05,58.0,3.22,7.65,12.76,62.0,3.44,8.18,13.64,34.0,1.89,4.49,7.48,14.0,0.78,1.85,3.08,79.0,4.39,10.42,17.38,98.0,5.44,12.93,21.57,46.57,44.85,1.72,111.2,13.0,0.72,1.72,163.59,9.09,0.5,0.56,0.48,0.36,0.8,0.16,0.55,0.27,0.73,0.48,4.49,1.85,0.1,12.93,0.42
2,高雄全家海神,121|12668,吳曉謹/歐提斯,11,367,451.0,5618.68,93.64,93:39,510.79,8.51,08:31,178.0,16.18,39.47,68.43,233.0,21.18,51.66,89.57,147.0,13.36,32.59,56.51,58.0,5.27,12.86,22.3,84.0,7.64,18.63,32.29,38.0,3.45,8.43,14.61,63.0,5.73,13.97,24.22,20.0,1.82,4.43,7.69,54.0,4.91,11.97,20.76,41.0,3.73,9.09,15.76,31.0,2.82,6.87,11.92,61.0,5.55,13.53,23.45,36.0,3.27,7.98,13.84,47.0,4.27,10.42,18.07,46.0,4.18,10.2,17.68,35.0,3.18,7.76,13.46,35.0,3.18,7.76,13.46,5.0,0.45,1.11,1.92,41.0,3.73,9.09,15.76,65.0,5.91,14.41,24.99,39.47,51.66,-12.2,115.59,-55.0,-5.0,-12.2,93.64,8.51,0.46,0.52,0.45,0.32,0.76,0.21,0.6,0.4,0.63,0.53,7.76,1.11,0.09,14.41,0.37
2,高雄全家海神,119|12668,余純安/歐提斯,4,99,128.0,1593.4,26.56,26:33,398.35,6.64,06:38,47.0,11.75,36.72,63.71,52.0,13.0,40.62,70.49,37.0,9.25,28.91,50.16,15.0,3.75,11.72,20.33,18.0,4.5,14.06,24.4,9.0,2.25,7.03,12.2,19.0,4.75,14.84,25.76,6.0,1.5,4.69,8.13,18.0,4.5,14.06,24.4,11.0,2.75,8.59,14.91,5.0,1.25,3.91,6.78,19.0,4.75,14.84,25.76,13.0,3.25,10.16,17.62,16.0,4.0,12.5,21.69,16.0,4.0,12.5,21.69,10.0,2.5,7.81,13.56,7.0,1.75,5.47,9.49,0.0,0.0,0.0,0.0,16.0,4.0,12.5,21.69,21.0,5.25,16.41,28.47,36.72,40.62,-3.91,115.68,-5.0,-1.25,-3.91,26.56,6.64,0.49,0.52,0.5,0.32,0.61,0.26,0.67,0.24,0.59,0.45,5.47,0.0,0.12,16.41,0.49
2,福爾摩沙夢想家,77|101,馬建豪/周柏臣,11,155,190.0,2488.5,41.47,41:28,226.23,3.77,03:46,71.0,6.45,37.37,61.63,67.0,6.09,35.26,58.16,66.0,6.0,34.74,57.29,24.0,2.18,12.63,20.83,36.0,3.27,18.95,31.25,21.0,1.91,11.05,18.23,30.0,2.73,15.79,26.04,3.0,0.27,1.58,2.6,32.0,2.91,16.84,27.78,22.0,2.0,11.58,19.1,15.0,1.36,7.89,13.02,31.0,2.82,16.32,26.91,10.0,0.91,5.26,8.68,31.0,2.82,16.32,26.91,14.0,1.27,7.37,12.15,8.0,0.73,4.21,6.94,9.0,0.82,4.74,7.81,0.0,0.0,0.0,0.0,22.0,2.0,11.58,19.1,18.0,1.64,9.47,15.62,37.37,35.26,2.11,109.95,4.0,0.36,2.11,41.47,3.77,0.39,0.44,0.58,0.1,0.69,0.15,0.33,0.33,0.76,0.53,4.74,0.0,0.12,9.47,0.48
2,高雄全家海神,118|119,蘇文儒/余純安,5,149,182.0,2429.24,40.49,40:29,485.85,8.1,08:06,83.0,16.6,45.6,73.8,85.0,17.0,46.7,75.58,73.0,14.6,40.11,64.91,31.0,6.2,17.03,27.56,39.0,7.8,21.43,34.68,20.0,4.0,10.99,17.78,34.0,6.8,18.68,30.23,11.0,2.2,6.04,9.78,13.0,2.6,7.14,11.56,8.0,1.6,4.4,7.11,15.0,3.0,8.24,13.34,29.0,5.8,15.93,25.79,13.0,2.6,7.14,11.56,27.0,5.4,14.84,24.01,10.0,2.0,5.49,8.89,20.0,4.0,10.99,17.78,6.0,1.2,3.3,5.33,4.0,0.8,2.2,3.56,15.0,3.0,8.24,13.34,29.0,5.8,15.93,25.79,45.6,46.7,-1.1,107.89,-2.0,-0.4,-1.1,40.49,8.1,0.5,0.53,0.51,0.32,0.62,0.11,0.65,0.36,0.69,0.52,3.3,2.2,0.08,15.93,0.18
2,臺北台新戰神,5|10863,黃聰翰/魏芃禾,16,270,330.0,4417.0,73.62,73:37,276.06,4.6,04:36,121.0,7.56,36.67,59.17,151.0,9.44,45.76,73.84,118.0,7.38,35.76,57.7,43.0,2.69,13.03,21.03,56.0,3.5,16.97,27.39,27.0,1.69,8.18,13.2,62.0,3.88,18.79,30.32,16.0,1.0,4.85,7.82,31.0,1.94,9.39,15.16,20.0,1.25,6.06,9.78,23.0,1.44,6.97,11.25,55.0,3.44,16.67,26.9,29.0,1.81,8.79,14.18,53.0,3.31,16.06,25.92,24.0,1.5,7.27,11.74,20.0,1.25,6.06,9.78,15.0,0.94,4.55,7.34,7.0,0.44,2.12,3.42,27.0,1.69,8.18,13.2,41.0,2.56,12.42,20.05,36.67,45.76,-9.09,107.58,-30.0,-1.88,-9.09,73.62,4.6,0.43,0.46,0.48,0.26,0.65,0.15,0.47,0.3,0.65,0.49,4.55,2.12,0.08,12.42,0.26
2,臺北台新戰神,5|10865,黃聰翰/謝銘駿,21,583,707.0,10458.79,174.31,174:19,498.04,8.3,08:18,298.0,14.19,42.15,61.54,345.0,16.43,48.8,71.25,251.0,11.95,35.5,51.84,99.0,4.71,14.0,20.45,135.0,6.43,19.09,27.88,60.0,2.86,8.49,12.39,116.0,5.52,16.41,23.96,39.0,1.86,5.52,8.05,81.0,3.86,11.46,16.73,61.0,2.9,8.63,12.6,41.0,1.95,5.8,8.47,115.0,5.48,16.27,23.75,49.0,2.33,6.93,10.12,108.0,5.14,15.28,22.3,51.0,2.43,7.21,10.53,57.0,2.71,8.06,11.77,34.0,1.62,4.81,7.02,13.0,0.62,1.84,2.68,70.0,3.33,9.9,14.46,84.0,4.0,11.88,17.35,42.15,48.8,-6.65,97.34,-47.0,-2.24,-6.65,174.31,8.3,0.47,0.52,0.44,0.34,0.75,0.15,0.58,0.28,0.7,0.5,4.81,1.84,0.1,11.88,0.32
2,福爾摩沙夢想家,77|99,馬建豪/盧冠良,13,514,622.0,7981.62,133.03,133:02,613.97,10.23,10:14,293.0,22.54,47.11,79.29,281.0,21.62,45.18,76.04,205.0,15.77,32.96,55.48,101.0,7.77,16.24,27.33,113.0,8.69,18.17,30.58,64.0,4.92,10.29,17.32,92.0,7.08,14.79,24.9,37.0,2.85,5.95,10.01,74.0,5.69,11.9,20.03,52.0,4.0,8.36,14.07,36.0,2.77,5.79,9.74,74.0,5.69,11.9,20.03,45.0,3.46,7.23,12.18,103.0,7.92,16.56,27.87,58.0,4.46,9.32,15.7,57.0,4.38,9.16,15.43,31.0,2.38,4.98,8.39,5.0,0.38,0.8,1.35,68.0,5.23,10.93,18.4,59.0,4.54,9.49,15.97,47.11,45.18,1.93,112.22,12.0,0.92,1.93,133.03,10.23,0.58,0.62,0.57,0.4,0.7,0.2,0.56,0.26,0.62,0.43,4.98,0.8,0.11,9.49,0.36
2,新北中信特攻,44|47,黃泓瀚/曾文鼎,13,95,117.0,1374.97,22.92,22:55,105.77,1.76,01:46,34.0,2.62,29.06,53.41,58.0,4.46,49.57,91.11,41.0,3.15,35.04,64.41,11.0,0.85,9.4,17.28,21.0,1.62,17.95,32.99,7.0,0.54,5.98,11.0,20.0,1.54,17.09,31.42,4.0,0.31,3.42,6.28,12.0,0.92,10.26,18.85,10.0,0.77,8.55,15.71,6.0,0.46,5.13,9.43,20.0,1.54,17.09,31.42,11.0,0.85,9.4,17.28,18.0,1.38,15.38,28.28,5.0,0.38,4.27,7.85,8.0,0.62,6.84,12.57,3.0,0.23,2.56,4.71,1.0,0.08,0.85,1.57,4.0,0.31,3.42,6.28,17.0,1.31,14.53,26.71,29.06,49.57,-20.51,122.53,-24.0,-1.85,-20.51,22.92,1.76,0.32,0.37,0.33,0.2,0.83,0.1,0.73,0.25,0.65,0.47,2.56,0.85,0.03,14.53,0.29
2,福爾摩沙夢想家,79|95,張宗憲/李德威,2,43,51.0,708.03,11.8,11:48,354.02,5.9,05:54,22.0,11.0,43.14,67.12,20.0,10.0,39.22,61.01,22.0,11.0,43.14,67.12,9.0,4.5,17.65,27.46,16.0,8.0,31.37,48.81,7.0,3.5,13.73,21.35,6.0,3.0,11.76,18.3,2.0,1.0,3.92,6.1,2.0,1.0,3.92,6.1,2.0,1.0,3.92,6.1,4.0,2.0,7.84,12.2,9.0,4.5,17.65,27.46,1.0,0.5,1.96,3.05,7.0,3.5,13.73,21.35,3.0,1.5,5.88,9.15,4.0,2.0,7.84,12.2,1.0,0.5,1.96,3.05,0.0,0.0,0.0,0.0,7.0,3.5,13.73,21.35,4.0,2.0,7.84,12.2,43.14,39.22,3.92,103.72,2.0,1.0,3.92,11.8,5.9,0.45,0.48,0.44,0.33,1.0,0.12,0.44,0.36,0.9,0.62,1.96,0.0,0.14,7.84,0.09
2,新北中信特攻,43|8889,林韋翰/馬可,26,2134,2563.0,35443.82,590.73,590:44,1363.22,22.72,22:43,1197.0,46.04,46.7,72.95,1024.0,39.38,39.95,62.4,968.0,37.23,37.77,58.99,437.0,16.81,17.05,26.63,533.0,20.5,20.8,32.48,308.0,11.85,12.02,18.77,435.0,16.73,16.97,26.51,129.0,4.96,5.03,7.86,255.0,9.81,9.95,15.54,187.0,7.19,7.3,11.4,185.0,7.12,7.22,11.27,360.0,13.85,14.05,21.94,148.0,5.69,5.77,9.02,407.0,15.65,15.88,24.8,192.0,7.38,7.49,11.7,285.0,10.96,11.12,17.37,87.0,3.35,3.39,5.3,26.0,1.0,1.01,1.58,260.0,10.0,10.14,15.84,236.0,9.08,9.21,14.38,46.7,39.95,6.75,104.13,173.0,6.65,6.75,590.73,22.72,0.52,0.55,0.58,0.3,0.73,0.15,0.65,0.31,0.71,0.5,3.39,1.01,0.1,9.21,0.26
2,新北中信特攻,43|10879,林韋翰/簡廷兆,26,676,827.0,10912.39,181.87,181:52,419.71,7.0,07:00,342.0,13.15,41.35,67.7,351.0,13.5,42.44,69.48,307.0,11.81,37.12,60.77,121.0,4.65,14.63,23.95,154.0,5.92,18.62,30.48,80.0,3.08,9.67,15.84,153.0,5.88,18.5,30.28,41.0,1.58,4.96,8.12,80.0,3.08,9.67,15.84,59.0,2.27,7.13,11.68,59.0,2.27,7.13,11.68,128.0,4.92,15.48,25.34,60.0,2.31,7.26,11.88,112.0,4.31,13.54,22.17,57.0,2.19,6.89,11.28,85.0,3.27,10.28,16.82,27.0,1.04,3.26,5.34,12.0,0.46,1.45,2.38,70.0,2.69,8.46,13.86,97.0,3.73,11.73,19.2,41.35,42.44,-1.09,109.13,-9.0,-0.35,-1.09,181.87,7.0,0.46,0.5,0.52,0.27,0.74,0.14,0.7,0.35,0.68,0.52,3.26,1.45,0.08,11.73,0.26
2,新北中信特攻,113|8889,林任鴻/馬可,12,200,248.0,3330.45,55.51,55:30,277.54,4.63,04:38,102.0,8.5,41.13,66.15,91.0,7.58,36.69,59.02,81.0,6.75,32.66,52.53,30.0,2.5,12.1,19.46,42.0,3.5,16.94,27.24,21.0,1.75,8.47,13.62,39.0,3.25,15.73,25.29,9.0,0.75,3.63,5.84,44.0,3.67,17.74,28.54,33.0,2.75,13.31,21.4,19.0,1.58,7.66,12.32,37.0,3.08,14.92,24.0,15.0,1.25,6.05,9.73,38.0,3.17,15.32,24.65,18.0,1.5,7.26,11.67,22.0,1.83,8.87,14.27,6.0,0.5,2.42,3.89,5.0,0.42,2.02,3.24,32.0,2.67,12.9,20.75,30.0,2.5,12.1,19.46,41.13,36.69,4.44,107.23,11.0,0.92,4.44,55.51,4.63,0.43,0.51,0.5,0.23,0.75,0.15,0.73,0.33,0.71,0.51,2.42,2.02,0.13,12.1,0.54
2,新北中信特攻,47|8889,曾文鼎/馬可,12,197,239.0,3544.92,59.08,59:05,295.41,4.92,04:55,104.0,8.67,43.51,63.37,106.0,8.83,44.35,64.59,87.0,7.25,36.4,53.01,38.0,3.17,15.9,23.15,49.0,4.08,20.5,29.86,27.0,2.25,11.3,16.45,38.0,3.17,15.9,23.15,11.0,0.92,4.6,6.7,29.0,2.42,12.13,17.67,19.0,1.58,7.95,11.58,16.0,1.33,6.69,9.75,35.0,2.92,14.64,21.33,17.0,1.42,7.11,10.36,37.0,3.08,15.48,22.54,16.0,1.33,6.69,9.75,21.0,1.75,8.79,12.8,7.0,0.58,2.93,4.27,0.0,0.0,0.0,0.0,21.0,1.75,8.79,12.8,17.0,1.42,7.11,10.36,43.51,44.35,-0.84,97.09,-2.0,-0.17,-0.84,59.08,4.92,0.5,0.52,0.55,0.29,0.66,0.14,0.55,0.3,0.67,0.49,2.93,0.0,0.09,7.11,0.33
2,桃園台啤永豐雲豹,16|10861,米勒/迪亞洛,18,845,1004.0,16194.97,269.92,269:55,899.72,15.0,15:00,408.0,22.67,40.64,54.42,380.0,21.11,37.85,50.68,360.0,20.0,35.86,48.01,156.0,8.67,15.54,20.81,252.0,14.0,25.1,33.61,125.0,6.94,12.45,16.67,108.0,6.0,10.76,14.4,31.0,1.72,3.09,4.13,106.0,5.89,10.56,14.14,68.0,3.78,6.77,9.07,65.0,3.61,6.47,8.67,154.0,8.56,15.34,20.54,63.0,3.5,6.27,8.4,196.0,10.89,19.52,26.14,79.0,4.39,7.87,10.54,96.0,5.33,9.56,12.8,41.0,2.28,4.08,5.47,20.0,1.11,1.99,2.67,98.0,5.44,9.76,13.07,92.0,5.11,9.16,12.27,40.64,37.85,2.79,89.27,28.0,1.56,2.79,269.92,15.0,0.48,0.5,0.5,0.29,0.64,0.16,0.62,0.25,0.71,0.46,4.08,1.99,0.1,9.16,0.29
2,桃園台啤永豐雲豹,54|10861,高錦瑋/迪亞洛,24,1651,1973.0,27818.72,463.65,463:39,1159.11,19.32,19:19,940.0,39.17,47.64,72.99,793.0,33.04,40.19,61.57,734.0,30.58,37.2,56.99,342.0,14.25,17.33,26.55,474.0,19.75,24.02,36.8,249.0,10.38,12.62,19.33,260.0,10.83,13.18,20.19,93.0,3.88,4.71,7.22,226.0,9.42,11.45,17.55,165.0,6.88,8.36,12.81,131.0,5.46,6.64,10.17,280.0,11.67,14.19,21.74,125.0,5.21,6.34,9.71,327.0,13.62,16.57,25.39,130.0,5.42,6.59,10.09,213.0,8.88,10.8,16.54,69.0,2.88,3.5,5.36,24.0,1.0,1.22,1.86,195.0,8.12,9.88,15.14,177.0,7.38,8.97,13.74,47.64,40.19,7.45,102.13,147.0,6.12,7.45,463.65,19.32,0.53,0.56,0.53,0.36,0.73,0.13,0.62,0.29,0.69,0.48,3.5,1.22,0.1,8.97,0.31
2,桃園台啤永豐雲豹,58|10861,林信寬/迪亞洛,22,1429,1726.0,22865.44,381.09,381:05,1039.34,17.32,17:19,722.0,32.82,41.83,68.2,689.0,31.32,39.92,65.09,598.0,27.18,34.65,56.49,268.0,12.18,15.53,25.32,426.0,19.36,24.68,40.24,223.0,10.14,12.92,21.07,172.0,7.82,9.97,16.25,45.0,2.05,2.61,4.25,219.0,9.95,12.69,20.69,147.0,6.68,8.52,13.89,103.0,4.68,5.97,9.73,252.0,11.45,14.6,23.81,122.0,5.55,7.07,11.52,285.0,12.95,16.51,26.92,127.0,5.77,7.36,12.0,165.0,7.5,9.56,15.59,63.0,2.86,3.65,5.95,25.0,1.14,1.45,2.36,173.0,7.86,10.02,16.34,148.0,6.73,8.57,13.98,41.83,39.92,1.91,108.7,33.0,1.5,1.91,381.09,17.32,0.49,0.52,0.52,0.26,0.67,0.15,0.62,0.27,0.67,0.47,3.65,1.45,0.1,8.57,0.37
2,桃園台啤永豐雲豹,62|10861,王皓吉/迪亞洛,22,941,1125.0,16889.1,281.49,281:29,767.69,12.79,12:48,538.0,24.45,47.82,68.81,476.0,21.64,42.31,60.88,421.0,19.14,37.42,53.84,206.0,9.36,18.31,26.35,271.0,12.32,24.09,34.66,152.0,6.91,13.51,19.44,150.0,6.82,13.33,19.18,54.0,2.45,4.8,6.91,105.0,4.77,9.33,13.43,74.0,3.36,6.58,9.46,69.0,3.14,6.13,8.82,157.0,7.14,13.96,20.08,68.0,3.09,6.04,8.7,179.0,8.14,15.91,22.89,84.0,3.82,7.47,10.74,122.0,5.55,10.84,15.6,45.0,2.05,4.0,5.76,15.0,0.68,1.33,1.92,105.0,4.77,9.33,13.43,104.0,4.73,9.24,13.3,47.82,42.31,5.51,95.92,62.0,2.82,5.51,281.49,12.79,0.55,0.58,0.56,0.36,0.7,0.15,0.59,0.28,0.7,0.48,4.0,1.33,0.09,9.24,0.25
2,桃園台啤永豐雲豹,16|3129,米勒/董永全,25,829,1011.0,14153.06,235.88,235:53,566.12,9.44,09:26,408.0,16.32,40.36,62.27,395.0,15.8,39.07,60.28,364.0,14.56,36.0,55.55,146.0,5.84,14.44,22.28,219.0,8.76,21.66,33.42,103.0,4.12,10.19,15.72,145.0,5.8,14.34,22.13,43.0,1.72,4.25,6.56,104.0,4.16,10.29,15.87,73.0,2.92,7.22,11.14,66.0,2.64,6.53,10.07,162.0,6.48,16.02,24.72,75.0,3.0,7.42,11.45,173.0,6.92,17.11,26.4,73.0,2.92,7.22,11.14,85.0,3.4,8.41,12.97,36.0,1.44,3.56,5.49,14.0,0.56,1.38,2.14,84.0,3.36,8.31,12.82,98.0,3.92,9.69,14.96,40.36,39.07,1.29,102.86,13.0,0.52,1.29,235.88,9.44,0.46,0.5,0.47,0.3,0.7,0.15,0.58,0.28,0.68,0.48,3.56,1.38,0.08,9.69,0.29
2,桃園台啤永豐雲豹,54|3129,高錦瑋/董永全,26,1111,1334.0,18303.71,305.06,305:04,703.99,11.73,11:44,625.0,24.04,46.85,73.76,573.0,22.04,42.95,67.62,491.0,18.88,36.81,57.94,227.0,8.73,17.02,26.79,309.0,11.88,23.16,36.46,160.0,6.15,11.99,18.88,182.0,7.0,13.64,21.48,67.0,2.58,5.02,7.91,140.0,5.38,10.49,16.52,105.0,4.04,7.87,12.39,82.0,3.15,6.15,9.68,197.0,7.58,14.77,23.25,95.0,3.65,7.12,11.21,208.0,8.0,15.59,24.55,80.0,3.08,6.0,9.44,140.0,5.38,10.49,16.52,45.0,1.73,3.37,5.31,14.0,0.54,1.05,1.65,120.0,4.62,9.0,14.16,134.0,5.15,10.04,15.81,46.85,42.95,3.9,104.95,52.0,2.0,3.9,305.06,11.73,0.53,0.57,0.52,0.37,0.75,0.13,0.62,0.28,0.67,0.48,3.37,1.05,0.09,10.04,0.29
2,桃園台啤永豐雲豹,62|3129,王皓吉/董永全,8,95,112.0,1583.82,26.4,26:24,197.98,3.3,03:18,52.0,6.5,46.43,70.92,50.0,6.25,44.64,68.19,46.0,5.75,41.07,62.73,19.0,2.38,16.96,25.91,29.0,3.62,25.89,39.55,15.0,1.88,13.39,20.46,17.0,2.12,15.18,23.18,4.0,0.5,3.57,5.46,12.0,1.5,10.71,16.37,10.0,1.25,8.93,13.64,10.0,1.25,8.93,13.64,17.0,2.12,15.18,23.18,4.0,0.5,3.57,5.46,14.0,1.75,12.5,19.09,7.0,0.88,6.25,9.55,9.0,1.12,8.04,12.27,4.0,0.5,3.57,5.46,0.0,0.0,0.0,0.0,10.0,1.25,8.93,13.64,15.0,1.88,13.39,20.46,46.43,44.64,1.79,101.83,2.0,0.25,1.79,26.4,3.3,0.46,0.51,0.52,0.24,0.83,0.12,0.47,0.42,0.81,0.6,3.57,0.0,0.09,13.39,0.26
2,桃園台啤永豐雲豹,3129|10861,董永全/迪亞洛,20,743,893.0,12065.45,201.09,201:05,603.27,10.05,10:03,413.0,20.65,46.25,73.94,355.0,17.75,39.75,63.55,319.0,15.95,35.72,57.11,150.0,7.5,16.8,26.85,217.0,10.85,24.3,38.85,113.0,5.65,12.65,20.23,102.0,5.1,11.42,18.26,37.0,1.85,4.14,6.62,106.0,5.3,11.87,18.98,75.0,3.75,8.4,13.43,62.0,3.1,6.94,11.1,121.0,6.05,13.55,21.66,70.0,3.5,7.84,12.53,153.0,7.65,17.13,27.39,61.0,3.05,6.83,10.92,95.0,4.75,10.64,17.01,38.0,1.9,4.26,6.8,8.0,0.4,0.9,1.43,80.0,4.0,8.96,14.32,85.0,4.25,9.52,15.22,46.25,39.75,6.49,106.58,58.0,2.9,6.49,201.09,10.05,0.53,0.56,0.52,0.36,0.71,0.14,0.63,0.29,0.63,0.45,4.26,0.9,0.09,9.52,0.33
2,桃園台啤永豐雲豹,12|3129,曹薰襄/董永全,23,569,686.0,9312.61,155.21,155:13,404.9,6.75,06:45,277.0,12.04,40.38,64.25,235.0,10.22,34.26,54.51,234.0,10.17,34.11,54.27,100.0,4.35,14.58,23.19,153.0,6.65,22.3,35.49,77.0,3.35,11.22,17.86,81.0,3.52,11.81,18.79,23.0,1.0,3.35,5.33,78.0,3.39,11.37,18.09,53.0,2.3,7.73,12.29,44.0,1.91,6.41,10.21,100.0,4.35,14.58,23.19,52.0,2.26,7.58,12.06,131.0,5.7,19.1,30.38,61.0,2.65,8.89,14.15,57.0,2.48,8.31,13.22,35.0,1.52,5.1,8.12,10.0,0.43,1.46,2.32,55.0,2.39,8.02,12.76,58.0,2.52,8.45,13.45,40.38,34.26,6.12,106.08,42.0,1.83,6.12,155.21,6.75,0.48,0.52,0.5,0.28,0.68,0.19,0.57,0.25,0.66,0.44,5.1,1.46,0.08,8.45,0.33
2,桃園台啤永豐雲豹,12|10861,曹薰襄/迪亞洛,24,1275,1540.0,20847.04,347.45,347:27,868.63,14.48,14:29,646.0,26.92,41.95,66.93,623.0,25.96,40.45,64.55,527.0,21.96,34.22,54.6,243.0,10.12,15.78,25.18,386.0,16.08,25.06,39.99,200.0,8.33,12.99,20.72,141.0,5.88,9.16,14.61,43.0,1.79,2.79,4.46,184.0,7.67,11.95,19.06,119.0,4.96,7.73,12.33,88.0,3.67,5.71,9.12,216.0,9.0,14.03,22.38,118.0,4.92,7.66,12.23,254.0,10.58,16.49,26.32,122.0,5.08,7.92,12.64,148.0,6.17,9.61,15.33,61.0,2.54,3.96,6.32,23.0,0.96,1.49,2.38,143.0,5.96,9.29,14.82,140.0,5.83,9.09,14.51,41.95,40.45,1.49,106.37,23.0,0.96,1.49,347.45,14.48,0.5,0.53,0.52,0.3,0.65,0.17,0.61,0.26,0.65,0.45,3.96,1.49,0.09,9.09,0.35
2,桃園台啤永豐雲豹,3129|10860,董永全/麥卡洛,16,523,628.0,8574.88,142.91,142:55,535.93,8.93,08:56,267.0,16.69,42.52,67.26,258.0,16.12,41.08,64.99,224.0,14.0,35.67,56.43,103.0,6.44,16.4,25.95,155.0,9.69,24.68,39.04,83.0,5.19,13.22,20.91,69.0,4.31,10.99,17.38,20.0,1.25,3.18,5.04,59.0,3.69,9.39,14.86,42.0,2.62,6.69,10.58,41.0,2.56,6.53,10.33,88.0,5.5,14.01,22.17,42.0,2.62,6.69,10.58,104.0,6.5,16.56,26.2,54.0,3.38,8.6,13.6,59.0,3.69,9.39,14.86,30.0,1.88,4.78,7.56,12.0,0.75,1.91,3.02,50.0,3.12,7.96,12.59,61.0,3.81,9.71,15.37,42.52,41.08,1.43,105.46,9.0,0.56,1.43,142.91,8.93,0.5,0.53,0.54,0.29,0.71,0.18,0.57,0.28,0.68,0.47,4.78,1.91,0.08,9.71,0.26
2,桃園台啤永豐雲豹,10860|10861,麥卡洛/迪亞洛,12,543,679.0,8617.75,143.63,143:38,718.15,11.97,11:58,297.0,24.75,43.74,74.44,259.0,21.58,38.14,64.92,231.0,19.25,34.02,57.9,110.0,9.17,16.2,27.57,167.0,13.92,24.59,41.86,91.0,7.58,13.4,22.81,64.0,5.33,9.43,16.04,19.0,1.58,2.8,4.76,81.0,6.75,11.93,20.3,58.0,4.83,8.54,14.54,44.0,3.67,6.48,11.03,81.0,6.75,11.93,20.3,56.0,4.67,8.25,14.04,99.0,8.25,14.58,24.81,56.0,4.67,8.25,14.04,67.0,5.58,9.87,16.79,24.0,2.0,3.53,6.02,7.0,0.58,1.03,1.75,63.0,5.25,9.28,15.79,54.0,4.5,7.95,13.53,43.74,38.14,5.6,113.46,38.0,3.17,5.6,143.63,11.97,0.52,0.56,0.54,0.3,0.72,0.17,0.61,0.31,0.59,0.45,3.53,1.03,0.09,7.95,0.35
2,桃園台啤永豐雲豹,10861|10884,迪亞洛/徐宏瑋,15,272,336.0,5196.67,86.61,86:37,346.44,5.77,05:46,144.0,9.6,42.86,59.85,135.0,9.0,40.18,56.11,111.0,7.4,33.04,46.14,55.0,3.67,16.37,22.86,82.0,5.47,24.4,34.08,46.0,3.07,13.69,19.12,29.0,1.93,8.63,12.05,9.0,0.6,2.68,3.74,40.0,2.67,11.9,16.63,26.0,1.73,7.74,10.81,22.0,1.47,6.55,9.14,42.0,2.8,12.5,17.46,28.0,1.87,8.33,11.64,52.0,3.47,15.48,21.61,29.0,1.93,8.63,12.05,34.0,2.27,10.12,14.13,16.0,1.07,4.76,6.65,6.0,0.4,1.79,2.49,30.0,2.0,8.93,12.47,34.0,2.27,10.12,14.13,42.86,40.18,2.68,93.11,9.0,0.6,2.68,86.61,5.77,0.54,0.56,0.56,0.31,0.65,0.18,0.62,0.3,0.6,0.44,4.76,1.79,0.09,10.12,0.36
2,高雄全家海神,108|109,魏莨哲/于煥亞,1,20,25.0,339.22,5.65,05:39,339.22,5.65,05:39,6.0,6.0,24.0,38.21,10.0,10.0,40.0,63.68,11.0,11.0,44.0,70.04,1.0,1.0,4.0,6.37,9.0,9.0,36.0,57.31,0.0,0.0,0.0,0.0,2.0,2.0,8.0,12.74,1.0,1.0,4.0,6.37,4.0,4.0,16.0,25.47,3.0,3.0,12.0,19.1,3.0,3.0,12.0,19.1,8.0,8.0,32.0,50.94,0.0,0.0,0.0,0.0,3.0,3.0,12.0,19.1,1.0,1.0,4.0,6.37,1.0,1.0,4.0,6.37,1.0,1.0,4.0,6.37,1.0,1.0,4.0,6.37,3.0,3.0,12.0,19.1,1.0,1.0,4.0,6.37,24.0,40.0,-16.0,106.13,-4.0,-4.0,-16.0,5.65,5.65,0.14,0.24,0.0,0.5,0.75,0.07,1.0,0.5,1.0,0.79,4.0,4.0,0.12,4.0,0.36
2,高雄全家海神,108|121,魏莨哲/吳曉謹,9,228,261.0,3468.92,57.82,57:49,385.44,6.42,06:25,100.0,11.11,38.31,62.27,122.0,13.56,46.74,75.97,104.0,11.56,39.85,64.76,37.0,4.11,14.18,23.04,62.0,6.89,23.75,38.61,26.0,2.89,9.96,16.19,42.0,4.67,16.09,26.15,11.0,1.22,4.21,6.85,23.0,2.56,8.81,14.32,15.0,1.67,5.75,9.34,20.0,2.22,7.66,12.45,48.0,5.33,18.39,29.89,7.0,0.78,2.68,4.36,37.0,4.11,14.18,23.04,21.0,2.33,8.05,13.08,21.0,2.33,8.05,13.08,16.0,1.78,6.13,9.96,5.0,0.56,1.92,3.11,17.0,1.89,6.51,10.59,26.0,2.89,9.96,16.19,38.31,46.74,-8.43,108.35,-22.0,-2.44,-8.43,57.82,6.42,0.41,0.44,0.42,0.26,0.65,0.16,0.57,0.35,0.87,0.61,6.13,1.92,0.07,9.96,0.22
2,高雄全家海神,108|123,魏莨哲/勤明慶,6,122,152.0,2021.74,33.7,33:42,336.96,5.62,05:37,56.0,9.33,36.84,59.83,61.0,10.17,40.13,65.17,61.0,10.17,40.13,65.17,19.0,3.17,12.5,20.3,39.0,6.5,25.66,41.67,12.0,2.0,7.89,12.82,22.0,3.67,14.47,23.5,7.0,1.17,4.61,7.48,16.0,2.67,10.53,17.09,11.0,1.83,7.24,11.75,12.0,2.0,7.89,12.82,33.0,5.5,21.71,35.26,10.0,1.67,6.58,10.68,16.0,2.67,10.53,17.09,6.0,1.0,3.95,6.41,6.0,1.0,3.95,6.41,5.0,0.83,3.29,5.34,3.0,0.5,1.97,3.21,13.0,2.17,8.55,13.89,22.0,3.67,14.47,23.5,36.84,40.13,-3.29,108.26,-5.0,-0.83,-3.29,33.7,5.62,0.37,0.41,0.31,0.32,0.69,0.08,0.32,0.43,0.77,0.63,3.29,1.97,0.09,14.47,0.26
2,高雄全家海神,108|10894,魏莨哲/凱帝,1,38,43.0,607.82,10.13,10:08,607.82,10.13,10:08,20.0,20.0,46.51,71.07,16.0,16.0,37.21,56.86,19.0,19.0,44.19,67.52,5.0,5.0,11.63,17.77,11.0,11.0,25.58,39.09,0.0,0.0,0.0,0.0,8.0,8.0,18.6,28.43,5.0,5.0,11.63,17.77,6.0,6.0,13.95,21.32,5.0,5.0,11.63,17.77,3.0,3.0,6.98,10.66,12.0,12.0,27.91,42.64,0.0,0.0,0.0,0.0,5.0,5.0,11.63,17.77,1.0,1.0,2.33,3.55,4.0,4.0,9.3,14.21,1.0,1.0,2.33,3.55,1.0,1.0,2.33,3.55,4.0,4.0,9.3,14.21,5.0,5.0,11.63,17.77,46.51,37.21,9.3,101.87,4.0,4.0,9.3,10.13,10.13,0.39,0.46,0.0,0.62,0.83,0.04,0.8,0.38,1.0,0.75,2.33,2.33,0.09,11.63,0.32
2,桃園台啤永豐雲豹,57|10861,莊博元/迪亞洛,24,1409,1663.0,23497.31,391.62,391:37,979.05,16.32,16:19,807.0,33.62,48.53,74.18,686.0,28.58,41.25,63.06,616.0,25.67,37.04,56.63,300.0,12.5,18.04,27.58,400.0,16.67,24.05,36.77,220.0,9.17,13.23,20.22,216.0,9.0,12.99,19.86,80.0,3.33,4.81,7.35,177.0,7.38,10.64,16.27,130.0,5.42,7.82,11.95,98.0,4.08,5.89,9.01,236.0,9.83,14.19,21.69,101.0,4.21,6.07,9.28,283.0,11.79,17.02,26.01,112.0,4.67,6.73,10.3,184.0,7.67,11.06,16.91,62.0,2.58,3.73,5.7,28.0,1.17,1.68,2.57,152.0,6.33,9.14,13.97,132.0,5.5,7.94,12.13,48.53,41.25,7.28,101.91,121.0,5.04,7.28,391.62,16.32,0.55,0.58,0.55,0.37,0.73,0.14,0.61,0.26,0.7,0.47,3.73,1.68,0.09,7.94,0.29
2,桃園台啤永豐雲豹,57|3129,莊博元/董永全,23,846,1007.0,13937.17,232.29,232:17,605.96,10.1,10:06,491.0,21.35,48.76,76.1,442.0,19.22,43.89,68.5,369.0,16.04,36.64,57.19,176.0,7.65,17.48,27.28,230.0,10.0,22.84,35.65,122.0,5.3,12.12,18.91,139.0,6.04,13.8,21.54,54.0,2.35,5.36,8.37,114.0,4.96,11.32,17.67,85.0,3.7,8.44,13.17,55.0,2.39,5.46,8.52,153.0,6.65,15.19,23.71,79.0,3.43,7.85,12.24,157.0,6.83,15.59,24.33,51.0,2.22,5.06,7.9,105.0,4.57,10.43,16.27,28.0,1.22,2.78,4.34,13.0,0.57,1.29,2.01,94.0,4.09,9.33,14.57,104.0,4.52,10.33,16.12,48.76,43.89,4.87,104.04,49.0,2.13,4.87,232.29,10.1,0.55,0.59,0.53,0.39,0.75,0.11,0.6,0.26,0.66,0.47,2.78,1.29,0.09,10.33,0.31
2,高雄全家海神,119|10891,余純安/廖偉皓,6,94,114.0,1530.12,25.5,25:30,255.02,4.25,04:15,50.0,8.33,43.86,70.58,50.0,8.33,43.86,70.58,48.0,8.0,42.11,67.76,17.0,2.83,14.91,24.0,22.0,3.67,19.3,31.06,11.0,1.83,9.65,15.53,26.0,4.33,22.81,36.7,6.0,1.0,5.26,8.47,16.0,2.67,14.04,22.59,10.0,1.67,8.77,14.12,12.0,2.0,10.53,16.94,22.0,3.67,19.3,31.06,3.0,0.5,2.63,4.23,16.0,2.67,14.04,22.59,4.0,0.67,3.51,5.65,14.0,2.33,12.28,19.76,1.0,0.17,0.88,1.41,1.0,0.17,0.88,1.41,11.0,1.83,9.65,15.53,19.0,3.17,16.67,26.82,43.86,43.86,0.0,107.29,0.0,0.0,0.0,25.5,4.25,0.42,0.45,0.5,0.23,0.62,0.07,0.82,0.43,0.88,0.64,0.88,0.88,0.1,16.67,0.33
2,高雄全家海神,121|10891,吳曉謹/廖偉皓,14,211,244.0,3179.92,53.0,53:00,227.14,3.79,03:47,98.0,7.0,40.16,66.57,140.0,10.0,57.38,95.1,84.0,6.0,34.43,57.06,32.0,2.29,13.11,21.74,48.0,3.43,19.67,32.6,22.0,1.57,9.02,14.94,36.0,2.57,14.75,24.45,10.0,0.71,4.1,6.79,34.0,2.43,13.93,23.09,24.0,1.71,9.84,16.3,14.0,1.0,5.74,9.51,45.0,3.21,18.44,30.57,11.0,0.79,4.51,7.47,31.0,2.21,12.7,21.06,21.0,1.5,8.61,14.26,17.0,1.21,6.97,11.55,17.0,1.21,6.97,11.55,2.0,0.14,0.82,1.36,23.0,1.64,9.43,15.62,35.0,2.5,14.34,23.77,40.16,57.38,-17.21,110.49,-42.0,-3.0,-17.21,53.0,3.79,0.44,0.5,0.46,0.28,0.71,0.18,0.53,0.31,0.8,0.58,6.97,0.82,0.09,14.34,0.4
2,高雄全家海神,123|10891,勤明慶/廖偉皓,7,104,126.0,1696.36,28.27,28:16,242.34,4.04,04:02,53.0,7.57,42.06,67.49,59.0,8.43,46.83,75.13,41.0,5.86,32.54,52.21,12.0,1.71,9.52,15.28,23.0,3.29,18.25,29.29,4.0,0.57,3.17,5.09,18.0,2.57,14.29,22.92,8.0,1.14,6.35,10.19,29.0,4.14,23.02,36.93,21.0,3.0,16.67,26.74,8.0,1.14,6.35,10.19,21.0,3.0,16.67,26.74,7.0,1.0,5.56,8.91,16.0,2.29,12.7,20.37,9.0,1.29,7.14,11.46,8.0,1.14,6.35,10.19,6.0,0.86,4.76,7.64,2.0,0.29,1.59,2.55,15.0,2.14,11.9,19.1,19.0,2.71,15.08,24.19,42.06,46.83,-4.76,106.96,-6.0,-0.86,-4.76,28.27,4.04,0.39,0.49,0.17,0.44,0.72,0.14,0.67,0.33,0.75,0.56,4.76,1.59,0.12,15.08,0.71
2,高雄全家海神,10891|12668,廖偉皓/歐提斯,5,60,75.0,1047.42,17.46,17:27,209.48,3.49,03:29,25.0,5.0,33.33,51.56,34.0,6.8,45.33,70.12,24.0,4.8,32.0,49.49,7.0,1.4,9.33,14.44,16.0,3.2,21.33,33.0,3.0,0.6,4.0,6.19,8.0,1.6,10.67,16.5,4.0,0.8,5.33,8.25,13.0,2.6,17.33,26.81,9.0,1.8,12.0,18.56,4.0,0.8,5.33,8.25,13.0,2.6,17.33,26.81,5.0,1.0,6.67,10.31,15.0,3.0,20.0,30.93,8.0,1.6,10.67,16.5,7.0,1.4,9.33,14.44,4.0,0.8,5.33,8.25,1.0,0.2,1.33,2.06,6.0,1.2,8.0,12.37,10.0,2.0,13.33,20.62,33.33,45.33,-12.0,103.11,-9.0,-1.8,-12.0,17.46,3.49,0.38,0.42,0.19,0.5,0.69,0.21,1.0,0.21,0.72,0.46,5.33,1.33,0.08,13.33,0.54
2,桃園台啤永豐雲豹,12|60,曹薰襄/黃鎮,2,26,33.0,464.4,7.74,07:44,232.2,3.87,03:52,15.0,7.5,45.45,69.77,11.0,5.5,33.33,51.16,10.0,5.0,30.3,46.51,7.0,3.5,21.21,32.56,8.0,4.0,24.24,37.21,7.0,3.5,21.21,32.56,2.0,1.0,6.06,9.3,0.0,0.0,0.0,0.0,2.0,1.0,6.06,9.3,1.0,0.5,3.03,4.65,1.0,0.5,3.03,4.65,3.0,1.5,9.09,13.95,4.0,2.0,12.12,18.6,9.0,4.5,27.27,41.86,3.0,1.5,9.09,13.95,2.0,1.0,6.06,9.3,1.0,0.5,3.03,4.65,0.0,0.0,0.0,0.0,2.0,1.0,6.06,9.3,5.0,2.5,15.15,23.26,45.45,33.33,12.12,102.33,4.0,2.0,12.12,7.74,3.87,0.7,0.69,0.88,0.0,0.5,0.22,0.29,0.1,0.43,0.24,3.03,0.0,0.06,15.15,0.2
2,桃園台啤永豐雲豹,16|60,米勒/黃鎮,2,29,35.0,495.4,8.26,08:15,247.7,4.13,04:08,18.0,9.0,51.43,78.48,14.0,7.0,40.0,61.04,13.0,6.5,37.14,56.68,8.0,4.0,22.86,34.88,8.0,4.0,22.86,34.88,7.0,3.5,20.0,30.52,5.0,2.5,14.29,21.8,1.0,0.5,2.86,4.36,2.0,1.0,5.71,8.72,1.0,0.5,2.86,4.36,2.0,1.0,5.71,8.72,4.0,2.0,11.43,17.44,3.0,1.5,8.57,13.08,9.0,4.5,25.71,39.24,3.0,1.5,8.57,13.08,3.0,1.5,8.57,13.08,2.0,1.0,5.71,8.72,0.0,0.0,0.0,0.0,1.0,0.5,2.86,4.36,7.0,3.5,20.0,30.52,51.43,40.0,11.43,101.74,4.0,2.0,11.43,8.26,4.13,0.65,0.65,0.88,0.2,0.5,0.18,0.38,0.18,0.57,0.33,5.71,0.0,0.03,20.0,0.15
2,桃園台啤永豐雲豹,60|10860,黃鎮/麥卡洛,1,23,28.0,403.4,6.72,06:43,403.4,6.72,06:43,15.0,15.0,53.57,80.32,9.0,9.0,32.14,48.19,10.0,10.0,35.71,53.54,7.0,7.0,25.0,37.48,8.0,8.0,28.57,42.84,7.0,7.0,25.0,37.48,2.0,2.0,7.14,10.71,0.0,0.0,0.0,0.0,2.0,2.0,7.14,10.71,1.0,1.0,3.57,5.35,1.0,1.0,3.57,5.35,3.0,3.0,10.71,16.06,3.0,3.0,10.71,16.06,8.0,8.0,28.57,42.84,2.0,2.0,7.14,10.71,2.0,2.0,7.14,10.71,1.0,1.0,3.57,5.35,0.0,0.0,0.0,0.0,1.0,1.0,3.57,5.35,3.0,3.0,10.71,16.06,53.57,32.14,21.43,99.95,6.0,6.0,21.43,6.72,6.72,0.7,0.69,0.88,0.0,0.5,0.16,0.29,0.11,0.5,0.27,3.57,0.0,0.04,10.71,0.2
2,高雄全家海神,108|110,魏莨哲/胡瓏貿,6,119,147.0,1846.15,30.77,30:46,307.69,5.13,05:08,66.0,11.0,44.9,77.22,66.0,11.0,44.9,77.22,58.0,9.67,39.46,67.86,22.0,3.67,14.97,25.74,32.0,5.33,21.77,37.44,14.0,2.33,9.52,16.38,26.0,4.33,17.69,30.42,8.0,1.33,5.44,9.36,18.0,3.0,12.24,21.06,14.0,2.33,9.52,16.38,20.0,3.33,13.61,23.4,16.0,2.67,10.88,18.72,6.0,1.0,4.08,7.02,21.0,3.5,14.29,24.57,12.0,2.0,8.16,14.04,15.0,2.5,10.2,17.55,9.0,1.5,6.12,10.53,4.0,0.67,2.72,4.68,9.0,1.5,6.12,10.53,21.0,3.5,14.29,24.57,44.9,44.9,0.0,114.66,0.0,0.0,0.0,30.77,5.13,0.45,0.5,0.44,0.31,0.78,0.15,0.68,0.49,0.73,0.57,6.12,2.72,0.06,14.29,0.31
2,高雄全家海神,108|118,魏莨哲/蘇文儒,5,208,256.0,3324.27,55.4,55:24,664.85,11.08,11:05,107.0,21.4,41.8,69.53,121.0,24.2,47.27,78.62,90.0,18.0,35.16,58.48,37.0,7.4,14.45,24.04,43.0,8.6,16.8,27.94,20.0,4.0,7.81,13.0,47.0,9.4,18.36,30.54,17.0,3.4,6.64,11.05,27.0,5.4,10.55,17.54,17.0,3.4,6.64,11.05,20.0,4.0,7.81,13.0,38.0,7.6,14.84,24.69,15.0,3.0,5.86,9.75,31.0,6.2,12.11,20.14,21.0,4.2,8.2,13.65,20.0,4.0,7.81,13.0,15.0,3.0,5.86,9.75,3.0,0.6,1.17,1.95,24.0,4.8,9.38,15.59,35.0,7.0,13.67,22.74,41.8,47.27,-5.47,110.89,-14.0,-2.8,-5.47,55.4,11.08,0.51,0.53,0.47,0.36,0.63,0.17,0.54,0.39,0.72,0.56,5.86,1.17,0.09,13.67,0.3
2,桃園台啤永豐雲豹,12|55,曹薰襄/汪哲宇,15,331,407.0,5193.05,86.55,86:33,346.2,5.77,05:46,156.0,10.4,38.33,64.89,152.0,10.13,37.35,63.22,137.0,9.13,33.66,56.98,60.0,4.0,14.74,24.96,91.0,6.07,22.36,37.85,49.0,3.27,12.04,20.38,46.0,3.07,11.3,19.13,11.0,0.73,2.7,4.58,41.0,2.73,10.07,17.05,25.0,1.67,6.14,10.4,24.0,1.6,5.9,9.98,57.0,3.8,14.0,23.71,35.0,2.33,8.6,14.56,66.0,4.4,16.22,27.45,34.0,2.27,8.35,14.14,31.0,2.07,7.62,12.89,12.0,0.8,2.95,4.99,7.0,0.47,1.72,2.91,34.0,2.27,8.35,14.14,62.0,4.13,15.23,25.79,38.33,37.35,0.98,112.86,4.0,0.27,0.98,86.55,5.77,0.48,0.5,0.54,0.24,0.61,0.18,0.52,0.27,0.62,0.45,2.95,1.72,0.08,15.23,0.3
2,桃園台啤永豐雲豹,55|10860,汪哲宇/麥卡洛,9,155,180.0,2284.38,38.07,38:04,253.82,4.23,04:14,84.0,9.33,46.67,79.43,64.0,7.11,35.56,60.52,66.0,7.33,36.67,62.41,34.0,3.78,18.89,32.15,49.0,5.44,27.22,46.33,29.0,3.22,16.11,27.42,17.0,1.89,9.44,16.07,5.0,0.56,2.78,4.73,17.0,1.89,9.44,16.07,11.0,1.22,6.11,10.4,8.0,0.89,4.44,7.56,24.0,2.67,13.33,22.69,11.0,1.22,6.11,10.4,30.0,3.33,16.67,28.37,12.0,1.33,6.67,11.35,20.0,2.22,11.11,18.91,6.0,0.67,3.33,5.67,3.0,0.33,1.67,2.84,10.0,1.11,5.56,9.46,19.0,2.11,10.56,17.97,46.67,35.56,11.11,113.47,20.0,2.22,11.11,38.07,4.23,0.55,0.57,0.59,0.29,0.65,0.14,0.59,0.21,0.69,0.44,3.33,1.67,0.06,10.56,0.26
2,桃園台啤永豐雲豹,55|10861,汪哲宇/迪亞洛,10,231,281.0,3652.11,60.87,60:52,365.21,6.09,06:05,112.0,11.2,39.86,66.24,110.0,11.0,39.15,65.06,91.0,9.1,32.38,53.82,41.0,4.1,14.59,24.25,63.0,6.3,22.42,37.26,30.0,3.0,10.68,17.74,28.0,2.8,9.96,16.56,11.0,1.1,3.91,6.51,33.0,3.3,11.74,19.52,19.0,1.9,6.76,11.24,15.0,1.5,5.34,8.87,41.0,4.1,14.59,24.25,25.0,2.5,8.9,14.79,46.0,4.6,16.37,27.21,23.0,2.3,8.19,13.6,26.0,2.6,9.25,15.38,9.0,0.9,3.2,5.32,6.0,0.6,2.14,3.55,24.0,2.4,8.54,14.19,40.0,4.0,14.23,23.66,39.86,39.15,0.71,110.8,2.0,0.2,0.71,60.87,6.09,0.51,0.53,0.48,0.39,0.58,0.18,0.63,0.25,0.62,0.44,3.2,2.14,0.09,14.23,0.36
2,桃園台啤永豐雲豹,16|55,米勒/汪哲宇,12,222,270.0,3703.58,61.73,61:44,308.63,5.14,05:09,103.0,8.58,38.15,60.07,108.0,9.0,40.0,62.99,93.0,7.75,34.44,54.24,40.0,3.33,14.81,23.33,60.0,5.0,22.22,34.99,32.0,2.67,11.85,18.66,33.0,2.75,12.22,19.25,8.0,0.67,2.96,4.67,27.0,2.25,10.0,15.75,15.0,1.25,5.56,8.75,15.0,1.25,5.56,8.75,42.0,3.5,15.56,24.5,23.0,1.92,8.52,13.41,44.0,3.67,16.3,25.66,20.0,1.67,7.41,11.66,20.0,1.67,7.41,11.66,8.0,0.67,2.96,4.67,5.0,0.42,1.85,2.92,23.0,1.92,8.52,13.41,41.0,3.42,15.19,23.91,38.15,40.0,-1.85,104.98,-5.0,-0.42,-1.85,61.73,5.14,0.47,0.49,0.53,0.24,0.56,0.16,0.5,0.25,0.65,0.46,2.96,1.85,0.09,15.19,0.29
2,高雄全家海神,108|10891,魏莨哲/廖偉皓,9,200,238.0,3181.07,53.02,53:01,353.45,5.89,05:53,87.0,9.67,36.55,59.07,104.0,11.56,43.7,70.62,86.0,9.56,36.13,58.4,28.0,3.11,11.76,19.01,57.0,6.33,23.95,38.7,19.0,2.11,7.98,12.9,29.0,3.22,12.18,19.69,9.0,1.0,3.78,6.11,33.0,3.67,13.87,22.41,22.0,2.44,9.24,14.94,21.0,2.33,8.82,14.26,40.0,4.44,16.81,27.16,10.0,1.11,4.2,6.79,38.0,4.22,15.97,25.8,19.0,2.11,7.98,12.9,13.0,1.44,5.46,8.83,10.0,1.11,4.2,6.79,3.0,0.33,1.26,2.04,21.0,2.33,8.82,14.26,42.0,4.67,17.65,28.52,36.55,43.7,-7.14,107.74,-17.0,-1.89,-7.14,53.02,5.89,0.38,0.43,0.33,0.31,0.67,0.16,0.46,0.36,0.8,0.56,4.2,1.26,0.09,17.65,0.38
2,高雄全家海神,118|10891,蘇文儒/廖偉皓,12,514,595.0,9350.24,155.84,155:50,779.19,12.99,12:59,275.0,22.92,46.22,63.53,312.0,26.0,52.44,72.08,242.0,20.17,40.67,55.9,107.0,8.92,17.98,24.72,136.0,11.33,22.86,31.42,75.0,6.25,12.61,17.33,106.0,8.83,17.82,24.49,32.0,2.67,5.38,7.39,38.0,3.17,6.39,8.78,29.0,2.42,4.87,6.7,31.0,2.58,5.21,7.16,106.0,8.83,17.82,24.49,30.0,2.5,5.04,6.93,81.0,6.75,13.61,18.71,29.0,2.42,4.87,6.7,56.0,4.67,9.41,12.94,19.0,1.58,3.19,4.39,13.0,1.08,2.18,3.0,47.0,3.92,7.9,10.86,54.0,4.5,9.08,12.47,46.22,52.44,-6.22,91.63,-37.0,-3.08,-6.22,155.84,12.99,0.51,0.53,0.55,0.3,0.76,0.1,0.52,0.28,0.78,0.55,3.19,2.18,0.08,9.08,0.16
2,高雄全家海神,10891|10894,廖偉皓/凱帝,4,48,54.0,703.77,11.73,11:44,175.94,2.93,02:56,29.0,7.25,53.7,89.01,35.0,8.75,64.81,107.42,19.0,4.75,35.19,58.31,7.0,1.75,12.96,21.48,11.0,2.75,20.37,33.76,4.0,1.0,7.41,12.28,8.0,2.0,14.81,24.55,3.0,0.75,5.56,9.21,13.0,3.25,24.07,39.9,12.0,3.0,22.22,36.83,2.0,0.5,3.7,6.14,11.0,2.75,20.37,33.76,2.0,0.5,3.7,6.14,4.0,1.0,7.41,12.28,1.0,0.25,1.85,3.07,5.0,1.25,9.26,15.35,1.0,0.25,1.85,3.07,1.0,0.25,1.85,3.07,8.0,2.0,14.81,24.55,10.0,2.5,18.52,30.69,53.7,64.81,-11.11,110.49,-6.0,-1.5,-11.11,11.73,2.93,0.45,0.59,0.36,0.38,0.92,0.04,0.71,0.33,0.85,0.68,1.85,1.85,0.15,18.52,0.68
2,高雄全家海神,109|10891,于煥亞/廖偉皓,3,22,30.0,422.74,7.05,07:03,140.91,2.35,02:21,5.0,1.67,16.67,25.55,14.0,4.67,46.67,71.53,12.0,4.0,40.0,61.31,1.0,0.33,3.33,5.11,7.0,2.33,23.33,35.77,1.0,0.33,3.33,5.11,5.0,1.67,16.67,25.55,0.0,0.0,0.0,0.0,4.0,1.33,13.33,20.44,3.0,1.0,10.0,15.33,4.0,1.33,13.33,20.44,9.0,3.0,30.0,45.99,2.0,0.67,6.67,10.22,4.0,1.33,13.33,20.44,1.0,0.33,3.33,5.11,1.0,0.33,3.33,5.11,1.0,0.33,3.33,5.11,1.0,0.33,3.33,5.11,4.0,1.33,13.33,20.44,3.0,1.0,10.0,15.33,16.67,46.67,-30.0,102.19,-9.0,-3.0,-30.0,7.05,2.35,0.08,0.18,0.14,0.0,0.75,0.07,1.0,0.5,0.82,0.68,3.33,3.33,0.13,10.0,0.33
2,桃園台啤永豐雲豹,56|10861,丁冠皓/迪亞洛,2,9,11.0,150.91,2.52,02:31,75.45,1.26,01:15,6.0,3.0,54.55,85.88,4.0,2.0,36.36,57.25,4.0,2.0,36.36,57.25,3.0,1.5,27.27,42.94,3.0,1.5,27.27,42.94,3.0,1.5,27.27,42.94,1.0,0.5,9.09,14.31,0.0,0.0,0.0,0.0,1.0,0.5,9.09,14.31,0.0,0.0,0.0,0.0,1.0,0.5,9.09,14.31,0.0,0.0,0.0,0.0,0.0,0.0,0.0,0.0,3.0,1.5,27.27,42.94,0.0,0.0,0.0,0.0,2.0,1.0,18.18,28.63,0.0,0.0,0.0,0.0,0.0,0.0,0.0,0.0,1.0,0.5,9.09,14.31,2.0,1.0,18.18,28.63,54.55,36.36,18.18,104.96,2.0,1.0,18.18,2.52,1.26,0.75,0.68,1.0,0.0,0.0,0.0,0.67,0.25,,0.25,0.0,0.0,0.09,18.18,0.25
2,新竹御嵿攻城獅,90|10885,李啓瑋/劉丞勳,13,316,379.0,4760.84,79.35,79:21,366.22,6.1,06:06,176.0,13.54,46.44,79.85,141.0,10.85,37.2,63.97,130.0,10.0,34.3,58.98,59.0,4.54,15.57,26.77,64.0,4.92,16.89,29.04,37.0,2.85,9.76,16.79,66.0,5.08,17.41,29.94,22.0,1.69,5.8,9.98,45.0,3.46,11.87,20.42,36.0,2.77,9.5,16.33,24.0,1.85,6.33,10.89,47.0,3.62,12.4,21.32,24.0,1.85,6.33,10.89,66.0,5.08,17.41,29.94,32.0,2.46,8.44,14.52,48.0,3.69,12.66,21.78,19.0,1.46,5.01,8.62,1.0,0.08,0.26,0.45,43.0,3.31,11.35,19.51,30.0,2.31,7.92,13.61,46.44,37.2,9.23,114.64,35.0,2.69,9.23,79.35,6.1,0.54,0.59,0.58,0.33,0.8,0.18,0.81,0.27,0.66,0.44,5.01,0.26,0.11,7.92,0.35
2,新竹御嵿攻城獅,10885|10888,劉丞勳/帕塞獅,19,1209,1447.0,19815.64,330.26,330:16,1042.93,17.38,17:23,621.0,32.68,42.92,67.69,562.0,29.58,38.84,61.26,528.0,27.79,36.49,57.55,232.0,12.21,16.03,25.29,341.0,17.95,23.57,37.17,169.0,8.89,11.68,18.42,187.0,9.84,12.92,20.38,63.0,3.32,4.35,6.87,152.0,8.0,10.5,16.57,98.0,5.16,6.77,10.68,86.0,4.53,5.94,9.37,240.0,12.63,16.59,26.16,85.0,4.47,5.87,9.27,247.0,13.0,17.07,26.92,100.0,5.26,6.91,10.9,148.0,7.79,10.23,16.13,49.0,2.58,3.39,5.34,20.0,1.05,1.38,2.18,149.0,7.84,10.3,16.24,114.0,6.0,7.88,12.43,42.92,38.84,4.08,105.15,59.0,3.11,4.08,330.26,17.38,0.5,0.52,0.5,0.34,0.64,0.14,0.64,0.26,0.74,0.5,3.39,1.38,0.1,7.88,0.29
2,新竹御嵿攻城獅,82|10885,蕭順議/劉丞勳,11,439,523.0,7622.99,127.05,127:03,693.0,11.55,11:33,208.0,18.91,39.77,58.94,223.0,20.27,42.64,63.19,178.0,16.18,34.03,50.44,75.0,6.82,14.34,21.25,110.0,10.0,21.03,31.17,57.0,5.18,10.9,16.15,68.0,6.18,13.0,19.27,18.0,1.64,3.44,5.1,56.0,5.09,10.71,15.87,40.0,3.64,7.65,11.33,33.0,3.0,6.31,9.35,76.0,6.91,14.53,21.53,28.0,2.55,5.35,7.93,76.0,6.91,14.53,21.53,50.0,4.55,9.56,14.17,47.0,4.27,8.99,13.32,26.0,2.36,4.97,7.37,4.0,0.36,0.76,1.13,59.0,5.36,11.28,16.72,58.0,5.27,11.09,16.43,39.77,42.64,-2.87,98.8,-15.0,-1.36,-2.87,127.05,11.55,0.47,0.51,0.52,0.26,0.71,0.2,0.63,0.3,0.73,0.51,4.97,0.76,0.11,11.09,0.31
2,新竹御嵿攻城獅,82|87,蕭順議/蔡宸綱,9,123,143.0,1945.64,32.43,32:26,216.18,3.6,03:36,57.0,6.33,39.86,63.28,61.0,6.78,42.66,67.72,46.0,5.11,32.17,51.07,22.0,2.44,15.38,24.42,28.0,3.11,19.58,31.08,18.0,2.0,12.59,19.98,18.0,2.0,12.59,19.98,4.0,0.44,2.8,4.44,15.0,1.67,10.49,16.65,11.0,1.22,7.69,12.21,6.0,0.67,4.2,6.66,19.0,2.11,13.29,21.09,10.0,1.11,6.99,11.1,24.0,2.67,16.78,26.64,12.0,1.33,8.39,13.32,12.0,1.33,8.39,13.32,6.0,0.67,4.2,6.66,2.0,0.22,1.4,2.22,10.0,1.11,6.99,11.1,15.0,1.67,10.49,16.65,39.86,42.66,-2.8,105.84,-4.0,-0.44,-2.8,32.43,3.6,0.52,0.54,0.64,0.22,0.73,0.19,0.55,0.2,0.66,0.42,4.2,1.4,0.07,10.49,0.33
2,新竹御嵿攻城獅,87|10888,蔡宸綱/帕塞獅,17,503,588.0,8111.33,135.19,135:11,477.14,7.95,07:57,281.0,16.53,47.79,74.83,258.0,15.18,43.88,68.7,212.0,12.47,36.05,56.45,103.0,6.06,17.52,27.43,123.0,7.24,20.92,32.75,73.0,4.29,12.41,19.44,89.0,5.24,15.14,23.7,30.0,1.76,5.1,7.99,68.0,4.0,11.56,18.11,48.0,2.82,8.16,12.78,32.0,1.88,5.44,8.52,84.0,4.94,14.29,22.37,31.0,1.82,5.27,8.26,100.0,5.88,17.01,26.63,43.0,2.53,7.31,11.45,71.0,4.18,12.07,18.91,22.0,1.29,3.74,5.86,7.0,0.41,1.19,1.86,60.0,3.53,10.2,15.98,63.0,3.71,10.71,16.78,47.79,43.88,3.91,104.39,23.0,1.35,3.91,135.19,7.95,0.56,0.58,0.59,0.34,0.71,0.15,0.69,0.24,0.73,0.47,3.74,1.19,0.1,10.71,0.32
2,新竹御嵿攻城獅,88|10885,盧冠軒/劉丞勳,30,772,914.0,13236.81,220.61,220:37,441.23,7.35,07:21,351.0,11.7,38.4,57.28,391.0,13.03,42.78,63.8,315.0,10.5,34.46,51.4,115.0,3.83,12.58,18.77,180.0,6.0,19.69,29.37,78.0,2.6,8.53,12.73,135.0,4.5,14.77,22.03,37.0,1.23,4.05,6.04,133.0,4.43,14.55,21.7,89.0,2.97,9.74,14.52,57.0,1.9,6.24,9.3,157.0,5.23,17.18,25.62,58.0,1.93,6.35,9.46,132.0,4.4,14.44,21.54,68.0,2.27,7.44,11.1,89.0,2.97,9.74,14.52,42.0,1.4,4.6,6.85,13.0,0.43,1.42,2.12,102.0,3.4,11.16,16.64,88.0,2.93,9.63,14.36,38.4,42.78,-4.38,99.43,-40.0,-1.33,-4.38,220.61,7.35,0.42,0.47,0.43,0.27,0.67,0.15,0.77,0.3,0.73,0.53,4.6,1.42,0.11,9.63,0.42
2,新竹御嵿攻城獅,75|88,高國豪/盧冠軒,28,911,1102.0,15856.24,264.27,264:16,566.29,9.44,09:26,455.0,16.25,41.29,61.98,446.0,15.93,40.47,60.76,389.0,13.89,35.3,52.99,155.0,5.54,14.07,21.11,222.0,7.93,20.15,30.24,101.0,3.61,9.17,13.76,167.0,5.96,15.15,22.75,54.0,1.93,4.9,7.36,126.0,4.5,11.43,17.16,91.0,3.25,8.26,12.4,67.0,2.39,6.08,9.13,177.0,6.32,16.06,24.11,97.0,3.46,8.8,13.21,163.0,5.82,14.79,22.2,73.0,2.61,6.62,9.94,109.0,3.89,9.89,14.85,43.0,1.54,3.9,5.86,16.0,0.57,1.45,2.18,110.0,3.93,9.98,14.98,114.0,4.07,10.34,15.53,41.29,40.47,0.82,100.08,9.0,0.32,0.82,264.27,9.44,0.47,0.51,0.45,0.32,0.72,0.14,0.7,0.29,0.65,0.48,3.9,1.45,0.1,10.34,0.32
2,新竹御嵿攻城獅,76|88,曾柏喻/盧冠軒,27,832,991.0,15093.95,251.57,251:34,559.04,9.32,09:19,428.0,15.85,43.19,61.25,460.0,17.04,46.42,65.83,344.0,12.74,34.71,49.23,148.0,5.48,14.93,21.18,193.0,7.15,19.48,27.62,96.0,3.56,9.69,13.74,151.0,5.59,15.24,21.61,52.0,1.93,5.25,7.44,119.0,4.41,12.01,17.03,84.0,3.11,8.48,12.02,56.0,2.07,5.65,8.01,151.0,5.59,15.24,21.61,78.0,2.89,7.87,11.16,137.0,5.07,13.82,19.61,75.0,2.78,7.57,10.73,106.0,3.93,10.7,15.17,40.0,1.48,4.04,5.72,10.0,0.37,1.01,1.43,108.0,4.0,10.9,15.46,103.0,3.81,10.39,14.74,43.19,46.42,-3.23,94.54,-32.0,-1.19,-3.23,251.57,9.32,0.51,0.54,0.5,0.34,0.71,0.16,0.72,0.29,0.66,0.49,4.04,1.01,0.11,10.39,0.35
2,福爾摩沙夢想家,79|10890,張宗憲/湯普金斯,16,1201,1409.0,20279.48,337.99,337:59,1267.47,21.12,21:07,631.0,39.44,44.78,67.21,613.0,38.31,43.51,65.29,527.0,32.94,37.4,56.13,228.0,14.25,16.18,24.28,317.0,19.81,22.5,33.76,156.0,9.75,11.07,16.62,210.0,13.12,14.9,22.37,72.0,4.5,5.11,7.67,134.0,8.38,9.51,14.27,98.0,6.12,6.96,10.44,86.0,5.38,6.1,9.16,225.0,14.06,15.97,23.97,75.0,4.69,5.32,7.99,245.0,15.31,17.39,26.1,95.0,5.94,6.74,10.12,146.0,9.12,10.36,15.55,57.0,3.56,4.05,6.07,16.0,1.0,1.14,1.7,134.0,8.38,9.51,14.27,144.0,9.0,10.22,15.34,44.78,43.51,1.28,100.05,18.0,1.12,1.28,337.99,21.12,0.5,0.54,0.49,0.34,0.73,0.14,0.64,0.26,0.75,0.49,4.05,1.14,0.1,10.22,0.25
2,福爾摩沙夢想家,89|10890,蔣淯安/湯普金斯,20,1596,1852.0,27042.06,450.7,450:42,1352.1,22.54,22:32,852.0,42.6,46.0,68.05,830.0,41.5,44.82,66.3,688.0,34.4,37.15,54.95,309.0,15.45,16.68,24.68,392.0,19.6,21.17,31.31,211.0,10.55,11.39,16.85,296.0,14.8,15.98,23.64,98.0,4.9,5.29,7.83,181.0,9.05,9.77,14.46,135.0,6.75,7.29,10.78,94.0,4.7,5.08,7.51,302.0,15.1,16.31,24.12,91.0,4.55,4.91,7.27,313.0,15.65,16.9,25.0,130.0,6.5,7.02,10.38,184.0,9.2,9.94,14.7,75.0,3.75,4.05,5.99,24.0,1.2,1.3,1.92,176.0,8.8,9.5,14.06,202.0,10.1,10.91,16.13,46.0,44.82,1.19,98.62,22.0,1.1,1.19,450.7,22.54,0.52,0.55,0.54,0.33,0.75,0.14,0.6,0.23,0.77,0.5,4.05,1.3,0.1,10.91,0.26
2,福爾摩沙夢想家,95|10890,李德威/湯普金斯,2,64,72.0,1011.9,16.86,16:52,505.95,8.43,08:26,26.0,13.0,36.11,55.5,31.0,15.5,43.06,66.17,27.0,13.5,37.5,57.63,12.0,6.0,16.67,25.62,18.0,9.0,25.0,38.42,10.0,5.0,13.89,21.35,9.0,4.5,12.5,19.21,2.0,1.0,2.78,4.27,2.0,1.0,2.78,4.27,0.0,0.0,0.0,0.0,4.0,2.0,5.56,8.54,12.0,6.0,16.67,25.62,3.0,1.5,4.17,6.4,13.0,6.5,18.06,27.75,7.0,3.5,9.72,14.94,4.0,2.0,5.56,8.54,3.0,1.5,4.17,6.4,0.0,0.0,0.0,0.0,9.0,4.5,12.5,19.21,8.0,4.0,11.11,17.08,36.11,43.06,-6.94,102.46,-5.0,-2.5,-6.94,16.86,8.43,0.48,0.47,0.56,0.22,0.0,0.2,0.33,0.24,0.8,0.5,4.17,0.0,0.12,11.11,0.07
2,福爾摩沙夢想家,10889|10890,恩尼斯/湯普金斯,5,302,361.0,4720.25,78.67,78:40,944.05,15.73,15:44,164.0,32.8,45.43,75.05,145.0,29.0,40.17,66.35,130.0,26.0,36.01,59.49,62.0,12.4,17.17,28.37,76.0,15.2,21.05,34.78,43.0,8.6,11.91,19.68,54.0,10.8,14.96,24.71,19.0,3.8,5.26,8.69,33.0,6.6,9.14,15.1,21.0,4.2,5.82,9.61,17.0,3.4,4.71,7.78,57.0,11.4,15.79,26.08,23.0,4.6,6.37,10.52,60.0,12.0,16.62,27.46,28.0,5.6,7.76,12.81,32.0,6.4,8.86,14.64,19.0,3.8,5.26,8.69,4.0,0.8,1.11,1.83,39.0,7.8,10.8,17.85,41.0,8.2,11.36,18.76,45.43,40.17,5.26,110.13,19.0,3.8,5.26,78.67,15.73,0.55,0.57,0.57,0.35,0.64,0.16,0.52,0.22,0.71,0.47,5.26,1.11,0.11,11.36,0.25
2,福爾摩沙夢想家,103|10890,忻沃克/湯普金斯,19,1410,1652.0,23147.21,385.79,385:47,1218.27,20.3,20:18,770.0,40.53,46.61,71.85,721.0,37.95,43.64,67.28,625.0,32.89,37.83,58.32,267.0,14.05,16.16,24.92,335.0,17.63,20.28,31.26,168.0,8.84,10.17,15.68,290.0,15.26,17.55,27.06,99.0,5.21,5.99,9.24,174.0,9.16,10.53,16.24,137.0,7.21,8.29,12.78,105.0,5.53,6.36,9.8,261.0,13.74,15.8,24.36,74.0,3.89,4.48,6.91,285.0,15.0,17.25,26.59,110.0,5.79,6.66,10.26,168.0,8.84,10.17,15.68,68.0,3.58,4.12,6.35,17.0,0.89,1.03,1.59,166.0,8.74,10.05,15.49,179.0,9.42,10.84,16.7,46.61,43.64,2.97,102.77,49.0,2.58,2.97,385.79,20.3,0.51,0.55,0.5,0.34,0.79,0.14,0.63,0.27,0.78,0.5,4.12,1.03,0.1,10.84,0.28
2,福爾摩沙夢想家,107|10890,霍爾曼/湯普金斯,17,1071,1269.0,18150.14,302.5,302:30,1067.66,17.79,17:48,631.0,37.12,49.72,75.09,593.0,34.88,46.73,70.57,492.0,28.94,38.77,58.55,216.0,12.71,17.02,25.71,253.0,14.88,19.94,30.11,127.0,7.47,10.01,15.11,239.0,14.06,18.83,28.44,89.0,5.24,7.01,10.59,140.0,8.24,11.03,16.66,107.0,6.29,8.43,12.73,87.0,5.12,6.86,10.35,198.0,11.65,15.6,23.56,69.0,4.06,5.44,8.21,200.0,11.76,15.76,23.8,74.0,4.35,5.83,8.81,140.0,8.24,11.03,16.66,40.0,2.35,3.15,4.76,15.0,0.88,1.18,1.79,123.0,7.24,9.69,14.64,150.0,8.82,11.82,17.85,49.72,46.73,2.99,100.68,38.0,2.24,2.99,302.5,17.79,0.53,0.57,0.5,0.37,0.76,0.12,0.65,0.3,0.74,0.51,3.15,1.18,0.1,11.82,0.28
2,新竹御嵿攻城獅,88|90,盧冠軒/李啓瑋,10,240,293.0,4550.21,75.84,75:50,455.02,7.58,07:35,119.0,11.9,40.61,56.49,133.0,13.3,45.39,63.14,96.0,9.6,32.76,45.57,44.0,4.4,15.02,20.89,51.0,5.1,17.41,24.21,26.0,2.6,8.87,12.34,45.0,4.5,15.36,21.36,18.0,1.8,6.14,8.54,15.0,1.5,5.12,7.12,14.0,1.4,4.78,6.65,10.0,1.0,3.41,4.75,43.0,4.3,14.68,20.41,35.0,3.5,11.95,16.61,43.0,4.3,14.68,20.41,27.0,2.7,9.22,12.82,28.0,2.8,9.56,13.29,16.0,1.6,5.46,7.6,4.0,0.4,1.37,1.9,28.0,2.8,9.56,13.29,34.0,3.4,11.6,16.14,40.61,45.39,-4.78,92.73,-14.0,-1.4,-4.78,75.84,7.58,0.55,0.58,0.51,0.4,0.93,0.21,0.64,0.19,0.55,0.4,5.46,1.37,0.1,11.6,0.16
2,福爾摩沙夢想家,77|10890,馬建豪/湯普金斯,10,663,804.0,11209.06,186.82,186:49,1120.91,18.68,18:41,408.0,40.8,50.75,78.62,355.0,35.5,44.15,68.41,268.0,26.8,33.33,51.64,139.0,13.9,17.29,26.79,157.0,15.7,19.53,30.25,94.0,9.4,11.69,18.11,111.0,11.1,13.81,21.39,45.0,4.5,5.6,8.67,116.0,11.6,14.43,22.35,87.0,8.7,10.82,16.77,40.0,4.0,4.98,7.71,105.0,10.5,13.06,20.23,61.0,6.1,7.59,11.75,128.0,12.8,15.92,24.67,60.0,6.0,7.46,11.56,79.0,7.9,9.83,15.22,35.0,3.5,4.35,6.74,7.0,0.7,0.87,1.35,87.0,8.7,10.82,16.77,81.0,8.1,10.07,15.61,50.75,44.15,6.59,103.29,53.0,5.3,6.59,186.82,18.68,0.6,0.64,0.6,0.41,0.75,0.16,0.57,0.24,0.63,0.43,4.35,0.87,0.11,10.07,0.43
2,福爾摩沙夢想家,86|10890,林俊吉/湯普金斯,18,1145,1374.0,18687.21,311.45,311:27,1038.18,17.3,17:18,686.0,38.11,49.93,79.29,597.0,33.17,43.45,69.01,492.0,27.33,35.81,56.87,228.0,12.67,16.59,26.35,245.0,13.61,17.83,28.32,137.0,7.61,9.97,15.84,247.0,13.72,17.98,28.55,91.0,5.06,6.62,10.52,185.0,10.28,13.46,21.38,140.0,7.78,10.19,16.18,84.0,4.67,6.11,9.71,191.0,10.61,13.9,22.08,75.0,4.17,5.46,8.67,224.0,12.44,16.3,25.89,95.0,5.28,6.91,10.98,141.0,7.83,10.26,16.3,51.0,2.83,3.71,5.89,9.0,0.5,0.66,1.04,140.0,7.78,10.19,16.18,173.0,9.61,12.59,20.0,49.93,43.45,6.48,105.88,89.0,4.94,6.48,311.45,17.3,0.56,0.6,0.56,0.37,0.76,0.14,0.62,0.27,0.72,0.48,3.71,0.66,0.1,12.59,0.38
2,新竹御嵿攻城獅,76|78,曾柏喻/朱雲豪,10,201,247.0,3790.7,63.18,63:11,379.07,6.32,06:19,84.0,8.4,34.01,47.86,114.0,11.4,46.15,64.96,75.0,7.5,30.36,42.74,28.0,2.8,11.34,15.95,42.0,4.2,17.0,23.93,18.0,1.8,7.29,10.26,33.0,3.3,13.36,18.8,10.0,1.0,4.05,5.7,26.0,2.6,10.53,14.82,18.0,1.8,7.29,10.26,12.0,1.2,4.86,6.84,39.0,3.9,15.79,22.22,25.0,2.5,10.12,14.25,36.0,3.6,14.57,20.51,24.0,2.4,9.72,13.68,21.0,2.1,8.5,11.97,15.0,1.5,6.07,8.55,4.0,0.4,1.62,2.28,27.0,2.7,10.93,15.39,22.0,2.2,8.91,12.54,34.01,46.15,-12.15,93.83,-30.0,-3.0,-12.15,63.18,6.32,0.44,0.49,0.43,0.3,0.69,0.22,0.75,0.25,0.61,0.46,6.07,1.62,0.11,8.91,0.35
2,新竹御嵿攻城獅,78|10885,朱雲豪/劉丞勳,8,117,146.0,1863.54,31.06,31:04,232.94,3.88,03:53,63.0,7.88,43.15,73.02,56.0,7.0,38.36,64.91,44.0,5.5,30.14,51.0,19.0,2.38,13.01,22.02,27.0,3.38,18.49,31.3,14.0,1.75,9.59,16.23,17.0,2.12,11.64,19.7,5.0,0.62,3.42,5.8,25.0,3.12,17.12,28.98,20.0,2.5,13.7,23.18,8.0,1.0,5.48,9.27,20.0,2.5,13.7,23.18,16.0,2.0,10.96,18.55,23.0,2.88,15.75,26.66,9.0,1.12,6.16,10.43,17.0,2.12,11.64,19.7,5.0,0.62,3.42,5.8,4.0,0.5,2.74,4.64,17.0,2.12,11.64,19.7,22.0,2.75,15.07,25.5,43.15,38.36,4.79,112.82,7.0,0.88,4.79,31.06,3.88,0.49,0.57,0.52,0.29,0.8,0.14,0.89,0.26,0.56,0.42,3.42,2.74,0.12,15.07,0.57
2,新竹御嵿攻城獅,78|10887,朱雲豪/德魯,11,241,290.0,4278.47,71.31,71:18,388.95,6.48,06:29,123.0,11.18,42.41,62.1,120.0,10.91,41.38,60.58,88.0,8.0,30.34,44.43,38.0,3.45,13.1,19.18,52.0,4.73,17.93,26.25,25.0,2.27,8.62,12.62,36.0,3.27,12.41,18.17,13.0,1.18,4.48,6.56,47.0,4.27,16.21,23.73,34.0,3.09,11.72,17.17,14.0,1.27,4.83,7.07,47.0,4.27,16.21,23.73,26.0,2.36,8.97,13.13,43.0,3.91,14.83,21.71,21.0,1.91,7.24,10.6,31.0,2.82,10.69,15.65,12.0,1.09,4.14,6.06,5.0,0.45,1.72,2.52,33.0,3.0,11.38,16.66,35.0,3.18,12.07,17.67,42.41,41.38,1.03,97.61,3.0,0.27,1.03,71.31,6.48,0.51,0.57,0.48,0.36,0.72,0.16,0.82,0.25,0.64,0.47,4.14,1.72,0.11,12.07,0.53
2,新竹御嵿攻城獅,78|10888,朱雲豪/帕塞獅,9,186,225.0,3180.92,53.02,53:01,353.44,5.89,05:53,76.0,8.44,33.78,51.61,91.0,10.11,40.44,61.79,83.0,9.22,36.89,56.36,26.0,2.89,11.56,17.66,47.0,5.22,20.89,31.92,19.0,2.11,8.44,12.9,36.0,4.0,16.0,24.45,7.0,0.78,3.11,4.75,22.0,2.44,9.78,14.94,17.0,1.89,7.56,11.54,17.0,1.89,7.56,11.54,40.0,4.44,17.78,27.16,17.0,1.89,7.56,11.54,33.0,3.67,14.67,22.41,15.0,1.67,6.67,10.19,16.0,1.78,7.11,10.86,10.0,1.11,4.44,6.79,3.0,0.33,1.33,2.04,29.0,3.22,12.89,19.69,17.0,1.89,7.56,11.54,33.78,40.44,-6.67,101.86,-15.0,-1.67,-6.67,53.02,5.89,0.36,0.41,0.4,0.19,0.77,0.14,0.62,0.34,0.7,0.53,4.44,1.33,0.13,7.56,0.27
2,新竹御嵿攻城獅,78|10862,朱雲豪/提傑,13,405,486.0,7121.77,118.7,118:42,547.83,9.13,09:08,182.0,14.0,37.45,55.2,213.0,16.38,43.83,64.6,178.0,13.69,36.63,53.99,65.0,5.0,13.37,19.71,98.0,7.54,20.16,29.72,46.0,3.54,9.47,13.95,80.0,6.15,16.46,24.26,19.0,1.46,3.91,5.76,48.0,3.69,9.88,14.56,33.0,2.54,6.79,10.01,30.0,2.31,6.17,9.1,90.0,6.92,18.52,27.3,37.0,2.85,7.61,11.22,74.0,5.69,15.23,22.44,33.0,2.54,6.79,10.01,40.0,3.08,8.23,12.13,20.0,1.54,4.12,6.07,6.0,0.46,1.23,1.82,46.0,3.54,9.47,13.95,46.0,3.54,9.47,13.95,37.45,43.83,-6.38,98.27,-31.0,-2.38,-6.38,118.7,9.13,0.42,0.46,0.47,0.24,0.69,0.14,0.62,0.29,0.71,0.52,4.12,1.23,0.09,9.47,0.27
2,新竹御嵿攻城獅,75|78,高國豪/朱雲豪,10,183,215.0,3594.07,59.9,59:54,359.41,5.99,05:59,75.0,7.5,34.88,45.07,91.0,9.1,42.33,54.69,79.0,7.9,36.74,47.48,26.0,2.6,12.09,15.63,45.0,4.5,20.93,27.04,18.0,1.8,8.37,10.82,34.0,3.4,15.81,20.43,8.0,0.8,3.72,4.81,24.0,2.4,11.16,14.42,15.0,1.5,6.98,9.01,12.0,1.2,5.58,7.21,45.0,4.5,20.93,27.04,11.0,1.1,5.12,6.61,33.0,3.3,15.35,19.83,13.0,1.3,6.05,7.81,18.0,1.8,8.37,10.82,9.0,0.9,4.19,5.41,3.0,0.3,1.4,1.8,23.0,2.3,10.7,13.82,16.0,1.6,7.44,9.62,34.88,42.33,-7.44,86.14,-16.0,-1.6,-7.44,59.9,5.99,0.38,0.42,0.4,0.24,0.62,0.13,0.69,0.27,0.8,0.56,4.19,1.4,0.11,7.44,0.3
2,新竹御嵿攻城獅,78|88,朱雲豪/盧冠軒,12,258,311.0,4252.52,70.88,70:53,354.38,5.91,05:54,113.0,9.42,36.33,57.4,136.0,11.33,43.73,69.08,113.0,9.42,36.33,57.4,37.0,3.08,11.9,18.79,65.0,5.42,20.9,33.02,27.0,2.25,8.68,13.71,48.0,4.0,15.43,24.38,10.0,0.83,3.22,5.08,39.0,3.25,12.54,19.81,29.0,2.42,9.32,14.73,22.0,1.83,7.07,11.17,57.0,4.75,18.33,28.95,25.0,2.08,8.04,12.7,44.0,3.67,14.15,22.35,19.0,1.58,6.11,9.65,21.0,1.75,6.75,10.67,11.0,0.92,3.54,5.59,2.0,0.17,0.64,1.02,37.0,3.08,11.9,18.79,29.0,2.42,9.32,14.73,36.33,43.73,-7.4,105.31,-23.0,-1.92,-7.4,70.88,5.91,0.37,0.43,0.42,0.21,0.74,0.13,0.57,0.33,0.7,0.53,3.54,0.64,0.12,9.32,0.35
2,新竹御嵿攻城獅,87|88,蔡宸綱/盧冠軒,29,1352,1605.0,24860.33,414.34,414:20,857.25,14.29,14:17,677.0,23.34,42.18,58.82,698.0,24.07,43.49,60.65,589.0,20.31,36.7,51.18,239.0,8.24,14.89,20.77,331.0,11.41,20.62,28.76,166.0,5.72,10.34,14.42,258.0,8.9,16.07,22.42,73.0,2.52,4.55,6.34,166.0,5.72,10.34,14.42,125.0,4.31,7.79,10.86,87.0,3.0,5.42,7.56,272.0,9.38,16.95,23.63,112.0,3.86,6.98,9.73,260.0,8.97,16.2,22.59,96.0,3.31,5.98,8.34,167.0,5.76,10.4,14.51,55.0,1.9,3.43,4.78,25.0,0.86,1.56,2.17,153.0,5.28,9.53,13.29,151.0,5.21,9.41,13.12,42.18,43.49,-1.31,92.97,-21.0,-0.72,-1.31,414.34,14.29,0.47,0.51,0.5,0.28,0.75,0.13,0.7,0.25,0.71,0.49,3.43,1.56,0.1,9.41,0.28
2,福爾摩沙夢想家,106|10890,高柏鎧/湯普金斯,8,468,554.0,7320.53,122.01,122:01,915.07,15.25,15:15,230.0,28.75,41.52,67.86,223.0,27.88,40.25,65.8,184.0,23.0,33.21,54.29,86.0,10.75,15.52,25.38,108.0,13.5,19.49,31.87,63.0,7.88,11.37,18.59,76.0,9.5,13.72,22.42,23.0,2.88,4.15,6.79,51.0,6.38,9.21,15.05,40.0,5.0,7.22,11.8,22.0,2.75,3.97,6.49,81.0,10.12,14.62,23.9,36.0,4.5,6.5,10.62,108.0,13.5,19.49,31.87,51.0,6.38,9.21,15.05,46.0,5.75,8.3,13.57,30.0,3.75,5.42,8.85,8.0,1.0,1.44,2.36,46.0,5.75,8.3,13.57,51.0,6.38,9.21,15.05,41.52,40.25,1.26,108.98,7.0,0.88,1.26,122.01,15.25,0.53,0.56,0.58,0.3,0.78,0.2,0.53,0.17,0.69,0.42,5.42,1.44,0.08,9.21,0.28
2,福爾摩沙夢想家,99|10890,盧冠良/湯普金斯,16,823,972.0,13644.27,227.4,227:24,852.77,14.21,14:13,474.0,29.62,48.77,75.04,425.0,26.56,43.72,67.28,341.0,21.31,35.08,53.98,167.0,10.44,17.18,26.44,173.0,10.81,17.8,27.39,96.0,6.0,9.88,15.2,168.0,10.5,17.28,26.6,71.0,4.44,7.3,11.24,97.0,6.06,9.98,15.36,69.0,4.31,7.1,10.92,40.0,2.5,4.12,6.33,146.0,9.12,15.02,23.11,61.0,3.81,6.28,9.66,165.0,10.31,16.98,26.12,72.0,4.5,7.41,11.4,98.0,6.12,10.08,15.51,42.0,2.62,4.32,6.65,10.0,0.62,1.03,1.58,87.0,5.44,8.95,13.77,96.0,6.0,9.88,15.2,48.77,43.72,5.04,102.58,49.0,3.06,5.04,227.4,14.21,0.59,0.62,0.55,0.42,0.71,0.16,0.59,0.2,0.71,0.45,4.32,1.03,0.09,9.88,0.28
2,福爾摩沙夢想家,77|83,馬建豪/吳家駿,9,206,257.0,3214.2,53.57,53:34,357.13,5.95,05:57,99.0,11.0,38.52,66.53,105.0,11.67,40.86,70.56,97.0,10.78,37.74,65.19,35.0,3.89,13.62,23.52,55.0,6.11,21.4,36.96,23.0,2.56,8.95,15.46,42.0,4.67,16.34,28.22,12.0,1.33,4.67,8.06,30.0,3.33,11.67,20.16,20.0,2.22,7.78,13.44,23.0,2.56,8.95,15.46,40.0,4.44,15.56,26.88,19.0,2.11,7.39,12.77,37.0,4.11,14.4,24.86,20.0,2.22,7.78,13.44,17.0,1.89,6.61,11.42,8.0,0.89,3.11,5.38,2.0,0.22,0.78,1.34,20.0,2.22,7.78,13.44,20.0,2.22,7.78,13.44,38.52,40.86,-2.33,115.14,-6.0,-0.67,-2.33,53.57,5.95,0.42,0.45,0.42,0.29,0.67,0.15,0.49,0.38,0.68,0.53,3.11,0.78,0.08,7.78,0.31
2,福爾摩沙夢想家,83|10890,吳家駿/湯普金斯,5,121,155.0,1926.15,32.1,32:06,385.23,6.42,06:25,69.0,13.8,44.52,77.38,74.0,14.8,47.74,82.98,65.0,13.0,41.94,72.89,30.0,6.0,19.35,33.64,43.0,8.6,27.74,48.22,23.0,4.6,14.84,25.79,22.0,4.4,14.19,24.67,7.0,1.4,4.52,7.85,6.0,1.2,3.87,6.73,4.0,0.8,2.58,4.49,15.0,3.0,9.68,16.82,21.0,4.2,13.55,23.55,11.0,2.2,7.1,12.34,27.0,5.4,17.42,30.28,7.0,1.4,4.52,7.85,14.0,2.8,9.03,15.7,4.0,0.8,2.58,4.49,2.0,0.4,1.29,2.24,10.0,2.0,6.45,11.21,18.0,3.6,11.61,20.19,44.52,47.74,-3.23,115.88,-5.0,-1.0,-3.23,32.1,6.42,0.52,0.51,0.53,0.32,0.67,0.09,0.47,0.36,0.66,0.49,2.58,1.29,0.06,11.61,0.09
2,新竹御嵿攻城獅,75|5948,高國豪/克雷格,5,214,246.0,3164.44,52.74,52:44,632.89,10.55,10:33,132.0,26.4,53.66,90.1,107.0,21.4,43.5,73.04,97.0,19.4,39.43,66.21,52.0,10.4,21.14,35.49,58.0,11.6,23.58,39.59,39.0,7.8,15.85,26.62,39.0,7.8,15.85,26.62,13.0,2.6,5.28,8.87,22.0,4.4,8.94,15.02,15.0,3.0,6.1,10.24,12.0,2.4,4.88,8.19,33.0,6.6,13.41,22.53,10.0,2.0,4.07,6.83,32.0,6.4,13.01,21.84,14.0,2.8,5.69,9.56,25.0,5.0,10.16,17.06,7.0,1.4,2.85,4.78,2.0,0.4,0.81,1.37,18.0,3.6,7.32,12.29,41.0,8.2,16.67,27.99,53.66,43.5,10.16,111.94,25.0,5.0,10.16,52.74,10.55,0.6,0.62,0.67,0.33,0.68,0.12,0.48,0.27,0.77,0.52,2.85,0.81,0.07,16.67,0.23
2,新竹御嵿攻城獅,87|5948,蔡宸綱/克雷格,5,238,280.0,3758.44,62.64,62:38,751.69,12.53,12:32,105.0,21.0,37.5,60.34,124.0,24.8,44.29,71.26,104.0,20.8,37.14,59.77,37.0,7.4,13.21,21.26,54.0,10.8,19.29,31.03,25.0,5.0,8.93,14.37,50.0,10.0,17.86,28.74,12.0,2.4,4.29,6.9,28.0,5.6,10.0,16.09,19.0,3.8,6.79,10.92,17.0,3.4,6.07,9.77,53.0,10.6,18.93,30.46,14.0,2.8,5.0,8.05,42.0,8.4,15.0,24.14,19.0,3.8,6.79,10.92,20.0,4.0,7.14,11.49,9.0,1.8,3.21,5.17,2.0,0.4,0.71,1.15,25.0,5.0,8.93,14.37,39.0,7.8,13.93,22.41,37.5,44.29,-6.79,107.28,-19.0,-3.8,-6.79,62.64,12.53,0.41,0.45,0.46,0.24,0.68,0.14,0.54,0.29,0.79,0.56,3.21,0.71,0.09,13.93,0.27
2,新竹御嵿攻城獅,90|5948,李啓瑋/克雷格,6,103,126.0,1487.95,24.8,24:48,247.99,4.13,04:08,60.0,10.0,47.62,87.1,58.0,9.67,46.03,84.2,50.0,8.33,39.68,72.58,24.0,4.0,19.05,34.84,32.0,5.33,25.4,46.45,19.0,3.17,15.08,27.58,18.0,3.0,14.29,26.13,5.0,0.83,3.97,7.26,8.0,1.33,6.35,11.61,7.0,1.17,5.56,10.16,9.0,1.5,7.14,13.06,16.0,2.67,12.7,23.23,7.0,1.17,5.56,10.16,13.0,2.17,10.32,18.87,8.0,1.33,6.35,11.61,7.0,1.17,5.56,10.16,4.0,0.67,3.17,5.81,2.0,0.33,1.59,2.9,10.0,1.67,7.94,14.52,19.0,3.17,15.08,27.58,47.62,46.03,1.59,121.94,2.0,0.33,1.59,24.8,4.13,0.53,0.56,0.59,0.28,0.88,0.13,0.29,0.41,0.7,0.56,3.17,1.59,0.08,15.08,0.16
2,新竹御嵿攻城獅,5948|10862,克雷格/提傑,5,213,252.0,3322.22,55.37,55:22,664.44,11.07,11:04,100.0,20.0,39.68,65.02,99.0,19.8,39.29,64.37,97.0,19.4,38.49,63.07,37.0,7.4,14.68,24.06,57.0,11.4,22.62,37.06,27.0,5.4,10.71,17.55,40.0,8.0,15.87,26.01,10.0,2.0,3.97,6.5,23.0,4.6,9.13,14.95,17.0,3.4,6.75,11.05,17.0,3.4,6.75,11.05,45.0,9.0,17.86,29.26,13.0,2.6,5.16,8.45,37.0,7.4,14.68,24.06,20.0,4.0,7.94,13.0,20.0,4.0,7.94,13.0,11.0,2.2,4.37,7.15,3.0,0.6,1.19,1.95,21.0,4.2,8.33,13.65,32.0,6.4,12.7,20.81,39.68,39.29,0.4,109.23,1.0,0.2,0.4,55.37,11.07,0.43,0.47,0.47,0.25,0.74,0.16,0.54,0.31,0.78,0.55,4.37,1.19,0.08,12.7,0.24
2,新北國王,28|34,呂政儒/沃許本,19,781,921.0,12612.59,210.21,210:13,663.82,11.06,11:04,402.0,21.16,43.65,68.85,398.0,20.95,43.21,68.16,343.0,18.05,37.24,58.74,152.0,8.0,16.5,26.03,222.0,11.68,24.1,38.02,107.0,5.63,11.62,18.32,121.0,6.37,13.14,20.72,45.0,2.37,4.89,7.71,66.0,3.47,7.17,11.3,53.0,2.79,5.75,9.08,49.0,2.58,5.32,8.39,145.0,7.63,15.74,24.83,63.0,3.32,6.84,10.79,147.0,7.74,15.96,25.17,68.0,3.58,7.38,11.65,103.0,5.42,11.18,17.64,45.0,2.37,4.89,7.71,16.0,0.84,1.74,2.74,73.0,3.84,7.93,12.5,70.0,3.68,7.6,11.99,43.65,43.21,0.43,105.15,4.0,0.21,0.43,210.21,11.06,0.51,0.54,0.48,0.37,0.8,0.15,0.68,0.25,0.7,0.48,4.89,1.74,0.08,7.6,0.19
2,新北國王,21|28,李愷諺/呂政儒,16,388,454.0,6226.42,103.77,103:46,389.15,6.49,06:29,176.0,11.0,38.77,61.06,198.0,12.38,43.61,68.69,167.0,10.44,36.78,57.93,66.0,4.12,14.54,22.9,107.0,6.69,23.57,37.12,46.0,2.88,10.13,15.96,60.0,3.75,13.22,20.81,20.0,1.25,4.41,6.94,36.0,2.25,7.93,12.49,27.0,1.69,5.95,9.37,20.0,1.25,4.41,6.94,82.0,5.12,18.06,28.45,33.0,2.06,7.27,11.45,80.0,5.0,17.62,27.75,30.0,1.88,6.61,10.41,45.0,2.81,9.91,15.61,20.0,1.25,4.41,6.94,10.0,0.62,2.2,3.47,38.0,2.38,8.37,13.18,37.0,2.31,8.15,12.84,38.77,43.61,-4.85,105.0,-22.0,-1.38,-4.85,103.77,6.49,0.46,0.48,0.43,0.33,0.75,0.14,0.68,0.2,0.71,0.47,4.41,2.2,0.08,8.15,0.22
2,新竹御嵿攻城獅,5948|10887,克雷格/德魯,6,330,391.0,5790.56,96.51,96:31,965.09,16.08,16:05,172.0,28.67,43.99,64.16,188.0,31.33,48.08,70.13,135.0,22.5,34.53,50.36,62.0,10.33,15.86,23.13,80.0,13.33,20.46,29.84,47.0,7.83,12.02,17.53,55.0,9.17,14.07,20.52,15.0,2.5,3.84,5.6,47.0,7.83,12.02,17.53,33.0,5.5,8.44,12.31,18.0,3.0,4.6,6.71,57.0,9.5,14.58,21.26,25.0,4.17,6.39,9.33,48.0,8.0,12.28,17.9,26.0,4.33,6.65,9.7,32.0,5.33,8.18,11.94,13.0,2.17,3.32,4.85,3.0,0.5,0.77,1.12,42.0,7.0,10.74,15.67,59.0,9.83,15.09,22.01,43.99,48.08,-4.09,97.23,-16.0,-2.67,-4.09,96.51,16.08,0.51,0.55,0.59,0.27,0.7,0.14,0.52,0.27,0.7,0.51,3.32,0.77,0.11,15.09,0.35
2,新竹御嵿攻城獅,5948|10885,克雷格/劉丞勳,6,366,442.0,6546.14,109.1,109:06,1091.02,18.18,18:11,173.0,28.83,39.14,57.08,193.0,32.17,43.67,63.68,154.0,25.67,34.84,50.81,61.0,10.17,13.8,20.13,87.0,14.5,19.68,28.71,45.0,7.5,10.18,14.85,67.0,11.17,15.16,22.11,16.0,2.67,3.62,5.28,49.0,8.17,11.09,16.17,36.0,6.0,8.14,11.88,26.0,4.33,5.88,8.58,69.0,11.5,15.61,22.77,31.0,5.17,7.01,10.23,61.0,10.17,13.8,20.13,34.0,5.67,7.69,11.22,34.0,5.67,7.69,11.22,17.0,2.83,3.85,5.61,4.0,0.67,0.9,1.32,47.0,7.83,10.63,15.51,57.0,9.5,12.9,18.81,39.14,43.67,-4.52,97.23,-20.0,-3.33,-4.52,109.1,18.18,0.45,0.49,0.52,0.24,0.73,0.16,0.56,0.3,0.69,0.51,3.85,0.9,0.11,12.9,0.32
2,新北國王,24|25,蘇士軒/林金榜,6,33,44.0,497.78,8.3,08:18,82.96,1.38,01:23,6.0,1.0,13.64,26.04,19.0,3.17,43.18,82.45,10.0,1.67,22.73,43.39,1.0,0.17,2.27,4.34,5.0,0.83,11.36,21.7,0.0,0.0,0.0,0.0,5.0,0.83,11.36,21.7,1.0,0.17,2.27,4.34,4.0,0.67,9.09,17.36,3.0,0.5,6.82,13.02,4.0,0.67,9.09,17.36,6.0,1.0,13.64,26.04,4.0,0.67,9.09,17.36,7.0,1.17,15.91,30.37,6.0,1.0,13.64,26.04,1.0,0.17,2.27,4.34,3.0,0.5,6.82,13.02,0.0,0.0,0.0,0.0,4.0,0.67,9.09,17.36,2.0,0.33,4.55,8.68,13.64,43.18,-29.55,127.28,-13.0,-2.17,-29.55,8.3,1.38,0.15,0.26,0.0,0.2,0.75,0.34,1.0,0.36,0.6,0.48,6.82,0.0,0.09,4.55,0.4
2,新竹御嵿攻城獅,82|5948,蕭順議/克雷格,5,248,300.0,4617.47,76.96,76:57,923.49,15.39,15:23,128.0,25.6,42.67,59.88,124.0,24.8,41.33,58.01,105.0,21.0,35.0,49.12,46.0,9.2,15.33,21.52,62.0,12.4,20.67,29.0,35.0,7.0,11.67,16.37,43.0,8.6,14.33,20.11,11.0,2.2,3.67,5.15,35.0,7.0,11.67,16.37,25.0,5.0,8.33,11.69,15.0,3.0,5.0,7.02,45.0,9.0,15.0,21.05,21.0,4.2,7.0,9.82,39.0,7.8,13.0,18.24,20.0,4.0,6.67,9.36,28.0,5.6,9.33,13.1,7.0,1.4,2.33,3.27,2.0,0.4,0.67,0.94,33.0,6.6,11.0,15.44,32.0,6.4,10.67,14.97,42.67,41.33,1.33,93.56,4.0,0.8,1.33,76.96,15.39,0.49,0.53,0.56,0.26,0.71,0.14,0.61,0.28,0.68,0.5,2.33,0.67,0.11,10.67,0.33
2,新竹御嵿攻城獅,76|5948,曾柏喻/克雷格,6,178,214.0,2655.84,44.26,44:16,442.64,7.38,07:23,91.0,15.17,42.52,74.01,87.0,14.5,40.65,70.76,82.0,13.67,38.32,66.69,34.0,5.67,15.89,27.65,54.0,9.0,25.23,43.92,25.0,4.17,11.68,20.33,28.0,4.67,13.08,22.77,9.0,1.5,4.21,7.32,25.0,4.17,11.68,20.33,15.0,2.5,7.01,12.2,16.0,2.67,7.48,13.01,38.0,6.33,17.76,30.91,13.0,2.17,6.07,10.57,30.0,5.0,14.02,24.4,13.0,2.17,6.07,10.57,17.0,2.83,7.94,13.83,7.0,1.17,3.27,5.69,3.0,0.5,1.4,2.44,21.0,3.5,9.81,17.08,38.0,6.33,17.76,30.91,42.52,40.65,1.87,116.03,4.0,0.67,1.87,44.26,7.38,0.47,0.49,0.46,0.32,0.6,0.12,0.5,0.35,0.75,0.56,3.27,1.4,0.1,17.76,0.3
2,新竹御嵿攻城獅,75|84,高國豪/李家瑞,5,21,23.0,290.62,4.84,04:51,58.12,0.97,00:58,11.0,2.2,47.83,81.76,11.0,2.2,47.83,81.76,9.0,1.8,39.13,66.89,4.0,0.8,17.39,29.73,4.0,0.8,17.39,29.73,2.0,0.4,8.7,14.86,5.0,1.0,21.74,37.16,2.0,0.4,8.7,14.86,0.0,0.0,0.0,0.0,0.0,0.0,0.0,0.0,2.0,0.4,8.7,14.86,3.0,0.6,13.04,22.3,0.0,0.0,0.0,0.0,3.0,0.6,13.04,22.3,2.0,0.4,8.7,14.86,3.0,0.6,13.04,22.3,2.0,0.4,8.7,14.86,0.0,0.0,0.0,0.0,1.0,0.2,4.35,7.43,8.0,1.6,34.78,59.46,47.83,47.83,0.0,113.96,0.0,0.0,0.0,4.84,0.97,0.56,0.61,0.5,0.4,,0.18,0.75,0.4,1.0,0.62,8.7,0.0,0.04,34.78,0.0
2,新竹御嵿攻城獅,84|5948,李家瑞/克雷格,1,9,9.0,147.0,2.45,02:27,147.0,2.45,02:27,5.0,5.0,55.56,73.47,7.0,7.0,77.78,102.86,2.0,2.0,22.22,29.39,2.0,2.0,22.22,29.39,1.0,1.0,11.11,14.69,1.0,1.0,11.11,14.69,1.0,1.0,11.11,14.69,1.0,1.0,11.11,14.69,0.0,0.0,0.0,0.0,0.0,0.0,0.0,0.0,0.0,0.0,0.0,0.0,0.0,0.0,0.0,0.0,0.0,0.0,0.0,0.0,2.0,2.0,22.22,29.39,2.0,2.0,22.22,29.39,1.0,1.0,11.11,14.69,2.0,2.0,22.22,29.39,0.0,0.0,0.0,0.0,0.0,0.0,0.0,0.0,0.0,0.0,0.0,0.0,55.56,77.78,-22.22,88.16,-2.0,-2.0,-22.22,2.45,2.45,1.25,1.25,1.0,1.0,,0.5,0.5,0.0,,0.0,22.22,0.0,0.0,0.0,0.0
2,新竹御嵿攻城獅,84|10862,李家瑞/提傑,7,63,74.0,1085.61,18.09,18:06,155.09,2.58,02:35,30.0,4.29,40.54,59.69,29.0,4.14,39.19,57.7,31.0,4.43,41.89,61.68,12.0,1.71,16.22,23.88,15.0,2.14,20.27,29.84,7.0,1.0,9.46,13.93,16.0,2.29,21.62,31.83,5.0,0.71,6.76,9.95,2.0,0.29,2.7,3.98,1.0,0.14,1.35,1.99,7.0,1.0,9.46,13.93,12.0,1.71,16.22,23.88,3.0,0.43,4.05,5.97,13.0,1.86,17.57,25.87,6.0,0.86,8.11,11.94,6.0,0.86,8.11,11.94,5.0,0.71,6.76,9.95,0.0,0.0,0.0,0.0,2.0,0.29,2.7,3.98,8.0,1.14,10.81,15.92,40.54,39.19,1.35,98.16,1.0,0.14,1.35,18.09,2.58,0.47,0.47,0.47,0.31,0.5,0.16,0.5,0.35,0.8,0.54,6.76,0.0,0.03,10.81,0.06
2,新竹御嵿攻城獅,84|10885,李家瑞/劉丞勳,3,15,20.0,277.2,4.62,04:37,92.4,1.54,01:32,9.0,3.0,45.0,70.13,12.0,4.0,60.0,93.51,4.0,1.33,20.0,31.17,3.0,1.0,15.0,23.38,2.0,0.67,10.0,15.58,2.0,0.67,10.0,15.58,2.0,0.67,10.0,15.58,1.0,0.33,5.0,7.79,2.0,0.67,10.0,15.58,2.0,0.67,10.0,15.58,1.0,0.33,5.0,7.79,0.0,0.0,0.0,0.0,4.0,1.33,20.0,31.17,4.0,1.33,20.0,31.17,2.0,0.67,10.0,15.58,1.0,0.33,5.0,7.79,2.0,0.67,10.0,15.58,0.0,0.0,0.0,0.0,1.0,0.33,5.0,7.79,2.0,0.67,10.0,15.58,45.0,60.0,-15.0,103.9,-3.0,-1.0,-15.0,4.62,1.54,0.88,0.92,1.0,0.5,1.0,0.29,0.33,0.2,0.0,0.11,10.0,0.0,0.05,10.0,0.5
2,新竹御嵿攻城獅,71|5948,李漢昇/克雷格,3,92,109.0,1584.96,26.42,26:25,528.32,8.81,08:48,44.0,14.67,40.37,59.96,53.0,17.67,48.62,72.23,39.0,13.0,35.78,53.15,16.0,5.33,14.68,21.8,24.0,8.0,22.02,32.71,11.0,3.67,10.09,14.99,15.0,5.0,13.76,20.44,5.0,1.67,4.59,6.81,9.0,3.0,8.26,12.27,7.0,2.33,6.42,9.54,5.0,1.67,4.59,6.81,18.0,6.0,16.51,24.53,7.0,2.33,6.42,9.54,17.0,5.67,15.6,23.17,9.0,3.0,8.26,12.27,9.0,3.0,8.26,12.27,3.0,1.0,2.75,4.09,1.0,0.33,0.92,1.36,9.0,3.0,8.26,12.27,11.0,3.67,10.09,14.99,40.37,48.62,-8.26,99.03,-9.0,-3.0,-8.26,26.42,8.81,0.47,0.51,0.46,0.33,0.78,0.17,0.56,0.23,0.72,0.49,2.75,0.92,0.08,10.09,0.23
2,新北國王,28|10874,呂政儒/熊祥泰,12,87,107.0,1430.98,23.85,23:51,119.25,1.99,01:59,51.0,4.25,47.66,76.98,54.0,4.5,50.47,81.51,44.0,3.67,41.12,66.42,20.0,1.67,18.69,30.19,26.0,2.17,24.3,39.25,13.0,1.08,12.15,19.62,18.0,1.5,16.82,27.17,7.0,0.58,6.54,10.57,6.0,0.5,5.61,9.06,4.0,0.33,3.74,6.04,8.0,0.67,7.48,12.08,16.0,1.33,14.95,24.15,5.0,0.42,4.67,7.55,15.0,1.25,14.02,22.64,7.0,0.58,6.54,10.57,14.0,1.17,13.08,21.13,4.0,0.33,3.74,6.04,1.0,0.08,0.93,1.51,6.0,0.5,5.61,9.06,17.0,1.42,15.89,25.66,47.66,50.47,-2.8,107.67,-3.0,-0.25,-2.8,23.85,1.99,0.53,0.55,0.5,0.39,0.67,0.13,0.7,0.35,0.76,0.55,3.74,0.93,0.06,15.89,0.14
2,新北國王,25|28,林金榜/呂政儒,7,67,78.0,997.6,16.63,16:38,142.51,2.38,02:23,24.0,3.43,30.77,51.96,38.0,5.43,48.72,82.28,21.0,3.0,26.92,45.47,8.0,1.14,10.26,17.32,14.0,2.0,17.95,30.31,6.0,0.86,7.69,12.99,7.0,1.0,8.97,15.16,2.0,0.29,2.56,4.33,9.0,1.29,11.54,19.49,6.0,0.86,7.69,12.99,2.0,0.29,2.56,4.33,13.0,1.86,16.67,28.15,4.0,0.57,5.13,8.66,12.0,1.71,15.38,25.98,11.0,1.57,14.1,23.82,5.0,0.71,6.41,10.83,6.0,0.86,7.69,12.99,0.0,0.0,0.0,0.0,8.0,1.14,10.26,17.32,5.0,0.71,6.41,10.83,30.77,48.72,-17.95,112.59,-14.0,-2.0,-17.95,16.63,2.38,0.43,0.48,0.43,0.29,0.67,0.31,0.62,0.14,0.76,0.48,7.69,0.0,0.1,6.41,0.43
2,新竹御嵿攻城獅,82|10886,蕭順議/梁瀚,2,19,22.0,279.62,4.66,04:40,139.81,2.33,02:20,7.0,3.5,31.82,54.07,11.0,5.5,50.0,84.97,5.0,2.5,22.73,38.62,2.0,1.0,9.09,15.45,3.0,1.5,13.64,23.17,2.0,1.0,9.09,15.45,2.0,1.0,9.09,15.45,0.0,0.0,0.0,0.0,3.0,1.5,13.64,23.17,3.0,1.5,13.64,23.17,0.0,0.0,0.0,0.0,3.0,1.5,13.64,23.17,2.0,1.0,9.09,15.45,4.0,2.0,18.18,30.9,3.0,1.5,13.64,23.17,1.0,0.5,4.55,7.72,3.0,1.5,13.64,23.17,0.0,0.0,0.0,0.0,4.0,2.0,18.18,30.9,4.0,2.0,18.18,30.9,31.82,50.0,-18.18,113.3,-4.0,-2.0,-18.18,4.66,2.33,0.4,0.55,0.67,0.0,1.0,0.32,0.5,0.0,0.6,0.33,13.64,0.0,0.18,18.18,0.6
2,新竹御嵿攻城獅,10862|10886,提傑/梁瀚,3,15,18.0,224.26,3.74,03:44,74.75,1.25,01:15,6.0,2.0,33.33,57.79,5.0,1.67,27.78,48.16,8.0,2.67,44.44,77.05,2.0,0.67,11.11,19.26,5.0,1.67,27.78,48.16,2.0,0.67,11.11,19.26,3.0,1.0,16.67,28.9,0.0,0.0,0.0,0.0,2.0,0.67,11.11,19.26,2.0,0.67,11.11,19.26,3.0,1.0,16.67,28.9,3.0,1.0,16.67,28.9,0.0,0.0,0.0,0.0,3.0,1.0,16.67,28.9,1.0,0.33,5.56,9.63,1.0,0.33,5.56,9.63,1.0,0.33,5.56,9.63,0.0,0.0,0.0,0.0,3.0,1.0,16.67,28.9,8.0,2.67,44.44,77.05,33.33,27.78,5.56,115.58,1.0,0.33,5.56,3.74,1.25,0.25,0.34,0.4,0.0,1.0,0.1,0.5,0.5,1.0,0.67,5.56,0.0,0.17,44.44,0.25
2,新竹御嵿攻城獅,10885|10886,劉丞勳/梁瀚,1,5,5.0,68.62,1.14,01:09,68.62,1.14,01:09,2.0,2.0,40.0,62.96,5.0,5.0,100.0,157.4,0.0,0.0,0.0,0.0,0.0,0.0,0.0,0.0,0.0,0.0,0.0,0.0,0.0,0.0,0.0,0.0,0.0,0.0,0.0,0.0,0.0,0.0,0.0,0.0,2.0,2.0,40.0,62.96,2.0,2.0,40.0,62.96,0.0,0.0,0.0,0.0,0.0,0.0,0.0,0.0,0.0,0.0,0.0,0.0,0.0,0.0,0.0,0.0,1.0,1.0,20.0,31.48,0.0,0.0,0.0,0.0,1.0,1.0,20.0,31.48,0.0,0.0,0.0,0.0,2.0,2.0,40.0,62.96,4.0,4.0,80.0,125.92,40.0,100.0,-60.0,104.93,-3.0,-3.0,-60.0,1.14,1.14,,1.14,,,1.0,0.53,,,,,20.0,0.0,0.4,80.0,
2,新竹御嵿攻城獅,10886|10887,梁瀚/德魯,2,3,3.0,75.62,1.26,01:16,37.81,0.63,00:38,3.0,1.5,100.0,85.7,5.0,2.5,166.67,142.83,1.0,0.5,33.33,28.57,1.0,0.5,33.33,28.57,0.0,0.0,0.0,0.0,0.0,0.0,0.0,0.0,1.0,0.5,33.33,28.57,1.0,0.5,33.33,28.57,0.0,0.0,0.0,0.0,0.0,0.0,0.0,0.0,0.0,0.0,0.0,0.0,0.0,0.0,0.0,0.0,0.0,0.0,0.0,0.0,1.0,0.5,33.33,28.57,0.0,0.0,0.0,0.0,1.0,0.5,33.33,28.57,0.0,0.0,0.0,0.0,0.0,0.0,0.0,0.0,1.0,0.5,33.33,28.57,2.0,1.0,66.67,57.13,100.0,166.67,-66.67,57.13,-2.0,-1.0,-66.67,1.26,0.63,1.5,1.5,,1.0,,0.0,1.0,0.0,,0.0,0.0,0.0,0.33,66.67,0.0
2,新竹御嵿攻城獅,80|82,田浩/蕭順議,5,67,80.0,1072.03,17.87,17:52,214.41,3.57,03:34,27.0,5.4,33.75,54.4,36.0,7.2,45.0,72.54,30.0,6.0,37.5,60.45,9.0,1.8,11.25,18.13,20.0,4.0,25.0,40.3,8.0,1.6,10.0,16.12,10.0,2.0,12.5,20.15,1.0,0.2,1.25,2.01,9.0,1.8,11.25,18.13,8.0,1.6,10.0,16.12,6.0,1.2,7.5,12.09,15.0,3.0,18.75,30.22,6.0,1.2,7.5,12.09,10.0,2.0,12.5,20.15,7.0,1.4,8.75,14.1,6.0,1.2,7.5,12.09,5.0,1.0,6.25,10.07,3.0,0.6,3.75,6.04,9.0,1.8,11.25,18.13,8.0,1.6,10.0,16.12,33.75,45.0,-11.25,107.46,-9.0,-1.8,-11.25,17.87,3.57,0.32,0.4,0.4,0.1,0.89,0.17,0.67,0.38,0.71,0.57,6.25,3.75,0.11,10.0,0.3
2,新竹御嵿攻城獅,80|10862,田浩/提傑,13,219,253.0,3526.32,58.77,58:46,271.26,4.52,04:31,99.0,7.62,39.13,60.64,108.0,8.31,42.69,66.15,101.0,7.77,39.92,61.87,36.0,2.77,14.23,22.05,52.0,4.0,20.55,31.85,24.0,1.85,9.49,14.7,49.0,3.77,19.37,30.01,12.0,0.92,4.74,7.35,21.0,1.62,8.3,12.86,16.0,1.23,6.32,9.8,18.0,1.38,7.11,11.03,50.0,3.85,19.76,30.63,13.0,1.0,5.14,7.96,39.0,3.0,15.42,23.89,17.0,1.31,6.72,10.41,23.0,1.77,9.09,14.09,9.0,0.69,3.56,5.51,4.0,0.31,1.58,2.45,23.0,1.77,9.09,14.09,27.0,2.08,10.67,16.54,39.13,42.69,-3.56,103.31,-9.0,-0.69,-3.56,58.77,4.52,0.42,0.45,0.46,0.24,0.76,0.13,0.64,0.32,0.79,0.57,3.56,1.58,0.09,10.67,0.21
2,新竹御嵿攻城獅,80|10885,田浩/劉丞勳,8,140,166.0,2045.36,34.09,34:05,255.67,4.26,04:16,78.0,9.75,46.99,82.37,68.0,8.5,40.96,71.81,61.0,7.62,36.75,64.42,25.0,3.12,15.06,26.4,40.0,5.0,24.1,42.24,21.0,2.62,12.65,22.18,21.0,2.62,12.65,22.18,4.0,0.5,2.41,4.22,32.0,4.0,19.28,33.79,24.0,3.0,14.46,25.35,13.0,1.62,7.83,13.73,27.0,3.38,16.27,28.51,9.0,1.12,5.42,9.5,22.0,2.75,13.25,23.23,7.0,0.88,4.22,7.39,19.0,2.38,11.45,20.06,5.0,0.62,3.01,5.28,4.0,0.5,2.41,4.22,22.0,2.75,13.25,23.23,18.0,2.25,10.84,19.01,46.99,40.96,6.02,116.87,10.0,1.25,6.02,34.09,4.26,0.44,0.52,0.52,0.19,0.75,0.09,0.76,0.37,0.75,0.56,3.01,2.41,0.13,10.84,0.52
2,新竹御嵿攻城獅,80|10886,田浩/梁瀚,4,30,36.0,477.64,7.96,07:58,119.41,1.99,01:59,14.0,3.5,38.89,63.31,12.0,3.0,33.33,54.27,14.0,3.5,38.89,63.31,5.0,1.25,13.89,22.61,8.0,2.0,22.22,36.18,4.0,1.0,11.11,18.09,6.0,1.5,16.67,27.13,1.0,0.25,2.78,4.52,3.0,0.75,8.33,13.57,3.0,0.75,8.33,13.57,3.0,0.75,8.33,13.57,6.0,1.5,16.67,27.13,2.0,0.5,5.56,9.04,8.0,2.0,22.22,36.18,3.0,0.75,8.33,13.57,3.0,0.75,8.33,13.57,3.0,0.75,8.33,13.57,0.0,0.0,0.0,0.0,4.0,1.0,11.11,18.09,6.0,1.5,16.67,27.13,38.89,33.33,5.56,108.53,2.0,0.5,5.56,7.96,1.99,0.39,0.46,0.5,0.17,1.0,0.16,0.6,0.27,0.75,0.47,8.33,0.0,0.11,16.67,0.21
2,臺北台新戰神,4|10867,張兆辰/威力斯,5,236,283.0,4111.53,68.53,68:32,822.31,13.71,13:42,138.0,27.6,48.76,72.5,136.0,27.2,48.06,71.45,111.0,22.2,39.22,58.31,53.0,10.6,18.73,27.84,71.0,14.2,25.09,37.3,38.0,7.6,13.43,19.96,40.0,8.0,14.13,21.01,15.0,3.0,5.3,7.88,25.0,5.0,8.83,13.13,14.0,2.8,4.95,7.35,23.0,4.6,8.13,12.08,41.0,8.2,14.49,21.54,16.0,3.2,5.65,8.41,41.0,8.2,14.49,21.54,17.0,3.4,6.01,8.93,21.0,4.2,7.42,11.03,10.0,2.0,3.53,5.25,3.0,0.6,1.06,1.58,26.0,5.2,9.19,13.66,26.0,5.2,9.19,13.66,48.76,48.06,0.71,99.12,2.0,0.4,0.71,68.53,13.71,0.55,0.57,0.54,0.38,0.56,0.12,0.4,0.36,0.72,0.53,3.53,1.06,0.09,9.19,0.23
2,臺北台新戰神,10|10867,雷蒙恩/威力斯,16,1326,1562.0,21581.21,359.69,359:41,1348.83,22.48,22:29,716.0,44.75,45.84,71.66,743.0,46.44,47.57,74.36,581.0,36.31,37.2,58.15,263.0,16.44,16.84,26.32,379.0,23.69,24.26,37.93,199.0,12.44,12.74,19.92,202.0,12.62,12.93,20.22,64.0,4.0,4.1,6.41,182.0,11.38,11.65,18.22,126.0,7.88,8.07,12.61,105.0,6.56,6.72,10.51,234.0,14.62,14.98,23.42,80.0,5.0,5.12,8.01,241.0,15.06,15.43,24.12,112.0,7.0,7.17,11.21,151.0,9.44,9.67,15.11,67.0,4.19,4.29,6.71,20.0,1.25,1.28,2.0,152.0,9.5,9.73,15.21,173.0,10.81,11.08,17.32,45.84,47.57,-1.73,104.22,-27.0,-1.69,-1.73,359.69,22.48,0.51,0.54,0.53,0.32,0.69,0.14,0.57,0.3,0.75,0.51,4.29,1.28,0.1,11.08,0.31
2,臺北台新戰神,14|10867,錢肯尼/威力斯,18,1526,1825.0,25492.28,424.87,424:52,1416.24,23.6,23:36,805.0,44.72,44.11,68.21,847.0,47.06,46.41,71.77,658.0,36.56,36.05,55.75,291.0,16.17,15.95,24.66,420.0,23.33,23.01,35.59,208.0,11.56,11.4,17.62,238.0,13.22,13.04,20.17,83.0,4.61,4.55,7.03,196.0,10.89,10.74,16.61,136.0,7.56,7.45,11.52,125.0,6.94,6.85,10.59,268.0,14.89,14.68,22.71,99.0,5.5,5.42,8.39,280.0,15.56,15.34,23.72,150.0,8.33,8.22,12.71,170.0,9.44,9.32,14.4,96.0,5.33,5.26,8.13,28.0,1.56,1.53,2.37,175.0,9.72,9.59,14.83,174.0,9.67,9.53,14.74,44.11,46.41,-2.3,103.09,-42.0,-2.33,-2.3,424.87,23.6,0.51,0.54,0.5,0.35,0.69,0.17,0.58,0.31,0.73,0.51,5.26,1.53,0.1,9.53,0.3
2,臺北台新戰神,10867|10870,威力斯/洛夫頓,5,344,414.0,6492.27,108.2,108:12,1298.45,21.64,21:38,197.0,39.4,47.58,65.54,213.0,42.6,51.45,70.87,158.0,31.6,38.16,52.57,76.0,15.2,18.36,25.29,99.0,19.8,23.91,32.94,56.0,11.2,13.53,18.63,59.0,11.8,14.25,19.63,20.0,4.0,4.83,6.65,36.0,7.2,8.7,11.98,22.0,4.4,5.31,7.32,33.0,6.6,7.97,10.98,57.0,11.4,13.77,18.96,18.0,3.6,4.35,5.99,52.0,10.4,12.56,17.3,32.0,6.4,7.73,10.65,27.0,5.4,6.52,8.98,21.0,4.2,5.07,6.99,7.0,1.4,1.69,2.33,34.0,6.8,8.21,11.31,42.0,8.4,10.14,13.97,47.58,51.45,-3.86,91.83,-16.0,-3.2,-3.86,108.2,21.64,0.54,0.57,0.57,0.34,0.61,0.16,0.36,0.39,0.76,0.56,5.07,1.69,0.08,10.14,0.23
2,臺北台新戰神,2|14,江均/錢肯尼,5,62,78.0,848.91,14.15,14:09,169.78,2.83,02:50,30.0,6.0,38.46,76.33,35.0,7.0,44.87,89.06,22.0,4.4,28.21,55.98,10.0,2.0,12.82,25.44,13.0,2.6,16.67,33.08,6.0,1.2,7.69,15.27,9.0,1.8,11.54,22.9,4.0,0.8,5.13,10.18,11.0,2.2,14.1,27.99,6.0,1.2,7.69,15.27,5.0,1.0,6.41,12.72,9.0,1.8,11.54,22.9,5.0,1.0,6.41,12.72,8.0,1.6,10.26,20.36,10.0,2.0,12.82,25.44,5.0,1.0,6.41,12.72,7.0,1.4,8.97,17.81,2.0,0.4,2.56,5.09,7.0,1.4,8.97,17.81,14.0,2.8,17.95,35.62,38.46,44.87,-6.41,132.31,-5.0,-1.0,-6.41,14.15,2.83,0.55,0.56,0.46,0.44,0.55,0.27,0.5,0.38,0.64,0.52,8.97,2.56,0.09,17.95,0.5
2,臺北台新戰神,2|10867,江均/威力斯,6,97,117.0,1776.61,29.61,29:37,296.1,4.94,04:56,55.0,9.17,47.01,66.87,60.0,10.0,51.28,72.95,41.0,6.83,35.04,49.85,20.0,3.33,17.09,24.32,25.0,4.17,21.37,30.4,12.0,2.0,10.26,14.59,16.0,2.67,13.68,19.45,8.0,1.33,6.84,9.73,14.0,2.33,11.97,17.02,7.0,1.17,5.98,8.51,8.0,1.33,6.84,9.73,16.0,2.67,13.68,19.45,5.0,0.83,4.27,6.08,16.0,2.67,13.68,19.45,11.0,1.83,9.4,13.37,9.0,1.5,7.69,10.94,8.0,1.33,6.84,9.73,3.0,0.5,2.56,3.65,11.0,1.83,9.4,13.37,18.0,3.0,15.38,21.88,47.01,51.28,-4.27,94.83,-5.0,-0.83,-4.27,29.61,4.94,0.59,0.58,0.48,0.5,0.5,0.19,0.45,0.33,0.76,0.53,6.84,2.56,0.09,15.38,0.34
2,桃園台啤永豐雲豹,68|10861,克羅馬/迪亞洛,18,1244,1473.0,19193.07,319.88,319:53,1066.28,17.77,17:46,727.0,40.39,49.36,81.82,638.0,35.44,43.31,71.8,544.0,30.22,36.93,61.22,266.0,14.78,18.06,29.94,351.0,19.5,23.83,39.5,192.0,10.67,13.03,21.61,193.0,10.72,13.1,21.72,74.0,4.11,5.02,8.33,170.0,9.44,11.54,19.13,123.0,6.83,8.35,13.84,86.0,4.78,5.84,9.68,212.0,11.78,14.39,23.86,96.0,5.33,6.52,10.8,227.0,12.61,15.41,25.55,93.0,5.17,6.31,10.47,164.0,9.11,11.13,18.46,56.0,3.11,3.8,6.3,18.0,1.0,1.22,2.03,136.0,7.56,9.23,15.31,136.0,7.56,9.23,15.31,49.36,43.31,6.04,110.51,89.0,4.94,6.04,319.88,17.77,0.56,0.59,0.55,0.38,0.72,0.13,0.62,0.27,0.69,0.48,3.8,1.22,0.09,9.23,0.31
2,桃園台啤永豐雲豹,54|10884,高錦瑋/徐宏瑋,9,123,157.0,2137.78,35.63,35:38,237.53,3.96,03:58,57.0,6.33,36.31,57.59,63.0,7.0,40.13,63.65,52.0,5.78,33.12,52.54,20.0,2.22,12.74,20.21,29.0,3.22,18.47,29.3,14.0,1.56,8.92,14.15,23.0,2.56,14.65,23.24,6.0,0.67,3.82,6.06,19.0,2.11,12.1,19.2,11.0,1.22,7.01,11.11,12.0,1.33,7.64,12.12,25.0,2.78,15.92,25.26,15.0,1.67,9.55,15.16,21.0,2.33,13.38,21.22,10.0,1.11,6.37,10.1,15.0,1.67,9.55,15.16,7.0,0.78,4.46,7.07,3.0,0.33,1.91,3.03,17.0,1.89,10.83,17.18,13.0,1.44,8.28,13.14,36.31,40.13,-3.82,105.75,-6.0,-0.67,-3.82,35.63,3.96,0.44,0.47,0.48,0.26,0.58,0.14,0.75,0.36,0.62,0.51,4.46,1.91,0.11,8.28,0.37
2,桃園台啤永豐雲豹,68|10884,克羅馬/徐宏瑋,15,140,171.0,2163.41,36.06,36:03,144.23,2.4,02:24,80.0,5.33,46.78,79.87,80.0,5.33,46.78,79.87,59.0,3.93,34.5,58.91,27.0,1.8,15.79,26.96,33.0,2.2,19.3,32.95,17.0,1.13,9.94,16.97,26.0,1.73,15.2,25.96,10.0,0.67,5.85,9.98,24.0,1.6,14.04,23.96,16.0,1.07,9.36,15.97,11.0,0.73,6.43,10.98,27.0,1.8,15.79,26.96,14.0,0.93,8.19,13.98,20.0,1.33,11.7,19.97,9.0,0.6,5.26,8.99,22.0,1.47,12.87,21.97,7.0,0.47,4.09,6.99,4.0,0.27,2.34,3.99,15.0,1.0,8.77,14.98,24.0,1.6,14.04,23.96,46.78,46.78,0.0,113.82,0.0,0.0,0.0,36.06,2.4,0.54,0.58,0.52,0.38,0.67,0.11,0.81,0.35,0.66,0.53,4.09,2.34,0.09,14.04,0.41
2,臺北台新戰神,2|7,江均/孫思堯,2,3,7.0,55.98,0.93,00:56,27.99,0.47,00:28,0.0,0.0,0.0,0.0,3.0,1.5,42.86,115.75,1.0,0.5,14.29,38.58,0.0,0.0,0.0,0.0,0.0,0.0,0.0,0.0,0.0,0.0,0.0,0.0,1.0,0.5,14.29,38.58,0.0,0.0,0.0,0.0,2.0,1.0,28.57,77.17,0.0,0.0,0.0,0.0,1.0,0.5,14.29,38.58,1.0,0.5,14.29,38.58,3.0,1.5,42.86,115.75,0.0,0.0,0.0,0.0,0.0,0.0,0.0,0.0,0.0,0.0,0.0,0.0,0.0,0.0,0.0,0.0,0.0,0.0,0.0,0.0,1.0,0.5,14.29,38.58,0.0,0.0,0.0,0.0,0.0,42.86,-42.86,180.05,-3.0,-1.5,-42.86,0.93,0.47,0.0,0.0,,0.0,0.0,0.0,,1.0,0.25,0.4,0.0,0.0,0.14,0.0,2.0
2,桃園台啤永豐雲豹,58|3129,林信寬/董永全,21,425,531.0,7164.98,119.42,119:25,341.19,5.69,05:41,202.0,9.62,38.04,60.9,206.0,9.81,38.79,62.1,186.0,8.86,35.03,56.07,74.0,3.52,13.94,22.31,124.0,5.9,23.35,37.38,57.0,2.71,10.73,17.18,62.0,2.95,11.68,18.69,17.0,0.81,3.2,5.12,59.0,2.81,11.11,17.79,37.0,1.76,6.97,11.15,41.0,1.95,7.72,12.36,76.0,3.62,14.31,22.91,44.0,2.1,8.29,13.26,84.0,4.0,15.82,25.32,45.0,2.14,8.47,13.57,44.0,2.1,8.29,13.26,26.0,1.24,4.9,7.84,10.0,0.48,1.88,3.01,45.0,2.14,8.47,13.57,48.0,2.29,9.04,14.47,38.04,38.79,-0.75,106.72,-4.0,-0.19,-0.75,119.42,5.69,0.44,0.48,0.46,0.27,0.63,0.18,0.59,0.33,0.63,0.48,4.9,1.88,0.08,9.04,0.32
2,臺北台新戰神,10863|10867,魏芃禾/威力斯,10,205,248.0,3247.01,54.12,54:07,324.7,5.41,05:25,101.0,10.1,40.73,67.19,110.0,11.0,44.35,73.18,101.0,10.1,40.73,67.19,36.0,3.6,14.52,23.95,62.0,6.2,25.0,41.24,25.0,2.5,10.08,16.63,39.0,3.9,15.73,25.94,11.0,1.1,4.44,7.32,26.0,2.6,10.48,17.3,18.0,1.8,7.26,11.97,21.0,2.1,8.47,13.97,47.0,4.7,18.95,31.27,19.0,1.9,7.66,12.64,44.0,4.4,17.74,29.27,8.0,0.8,3.23,5.32,23.0,2.3,9.27,15.3,6.0,0.6,2.42,3.99,7.0,0.7,2.82,4.66,21.0,2.1,8.47,13.97,34.0,3.4,13.71,22.62,40.73,44.35,-3.63,109.98,-9.0,-0.9,-3.63,54.12,5.41,0.41,0.45,0.4,0.28,0.69,0.07,0.64,0.32,0.71,0.52,2.42,2.82,0.08,13.71,0.26
2,臺北台新戰神,10865|10867,謝銘駿/威力斯,12,582,703.0,9991.61,166.53,166:32,832.63,13.88,13:53,324.0,27.0,46.09,70.04,293.0,24.42,41.68,63.34,249.0,20.75,35.42,53.83,107.0,8.92,15.22,23.13,154.0,12.83,21.91,33.29,72.0,6.0,10.24,15.57,95.0,7.92,13.51,20.54,35.0,2.92,4.98,7.57,99.0,8.25,14.08,21.4,72.0,6.0,10.24,15.57,47.0,3.92,6.69,10.16,106.0,8.83,15.08,22.92,40.0,3.33,5.69,8.65,114.0,9.5,16.22,24.64,45.0,3.75,6.4,9.73,60.0,5.0,8.53,12.97,25.0,2.08,3.56,5.4,11.0,0.92,1.56,2.38,73.0,6.08,10.38,15.78,85.0,7.08,12.09,18.38,46.09,41.68,4.41,101.32,31.0,2.58,4.41,166.53,13.88,0.5,0.55,0.47,0.37,0.73,0.13,0.56,0.29,0.73,0.5,3.56,1.56,0.1,12.09,0.4
2,臺北台新戰神,10867|10869,威力斯/基德,8,628,763.0,9948.87,165.81,165:49,1243.61,20.73,20:44,340.0,42.5,44.56,73.82,308.0,38.5,40.37,66.87,263.0,32.88,34.47,57.1,109.0,13.62,14.29,23.66,171.0,21.38,22.41,37.13,75.0,9.38,9.83,16.28,92.0,11.5,12.06,19.97,34.0,4.25,4.46,7.38,116.0,14.5,15.2,25.18,87.0,10.88,11.4,18.89,54.0,6.75,7.08,11.72,109.0,13.62,14.29,23.66,46.0,5.75,6.03,9.99,120.0,15.0,15.73,26.05,57.0,7.12,7.47,12.38,68.0,8.5,8.91,14.76,29.0,3.62,3.8,6.3,11.0,1.38,1.44,2.39,81.0,10.12,10.62,17.59,110.0,13.75,14.42,23.88,44.56,40.37,4.19,110.44,32.0,4.0,4.19,165.81,20.73,0.48,0.54,0.44,0.37,0.75,0.15,0.62,0.31,0.7,0.5,3.8,1.44,0.11,14.42,0.44
2,臺北台新戰神,3|10863,陳文宏/魏芃禾,15,234,288.0,4002.75,66.71,66:43,266.85,4.45,04:27,98.0,6.53,34.03,52.88,136.0,9.07,47.22,73.39,103.0,6.87,35.76,55.58,33.0,2.2,11.46,17.81,54.0,3.6,18.75,29.14,20.0,1.33,6.94,10.79,49.0,3.27,17.01,26.44,13.0,0.87,4.51,7.02,29.0,1.93,10.07,15.65,18.0,1.2,6.25,9.71,18.0,1.2,6.25,9.71,56.0,3.73,19.44,30.22,27.0,1.8,9.38,14.57,44.0,2.93,15.28,23.74,19.0,1.27,6.6,10.25,19.0,1.27,6.6,10.25,15.0,1.0,5.21,8.09,9.0,0.6,3.12,4.86,24.0,1.6,8.33,12.95,53.0,3.53,18.4,28.6,34.03,47.22,-13.19,103.61,-38.0,-2.53,-13.19,66.71,4.45,0.38,0.42,0.37,0.27,0.62,0.14,0.58,0.29,0.67,0.51,5.21,3.12,0.08,18.4,0.28
2,臺北台新戰神,3|10867,陳文宏/威力斯,14,333,391.0,5383.6,89.73,89:44,384.54,6.41,06:25,156.0,11.14,39.9,62.59,196.0,14.0,50.13,78.64,138.0,9.86,35.29,55.37,53.0,3.79,13.55,21.26,81.0,5.79,20.72,32.5,38.0,2.71,9.72,15.25,57.0,4.07,14.58,22.87,15.0,1.07,3.84,6.02,49.0,3.5,12.53,19.66,36.0,2.57,9.21,14.44,26.0,1.86,6.65,10.43,67.0,4.79,17.14,26.88,25.0,1.79,6.39,10.03,59.0,4.21,15.09,23.67,27.0,1.93,6.91,10.83,30.0,2.14,7.67,12.04,19.0,1.36,4.86,7.62,3.0,0.21,0.77,1.2,31.0,2.21,7.93,12.44,55.0,3.93,14.07,22.07,39.9,50.13,-10.23,104.58,-40.0,-2.86,-10.23,89.73,6.41,0.44,0.49,0.47,0.26,0.73,0.14,0.57,0.31,0.73,0.53,4.86,0.77,0.08,14.07,0.36
2,臺北台新戰神,5|10867,黃聰翰/威力斯,13,598,711.0,9997.41,166.62,166:37,769.03,12.82,12:49,309.0,23.77,43.46,66.76,329.0,25.31,46.27,71.08,244.0,18.77,34.32,52.72,107.0,8.23,15.05,23.12,150.0,11.54,21.1,32.41,73.0,5.62,10.27,15.77,94.0,7.23,13.22,20.31,34.0,2.62,4.78,7.35,84.0,6.46,11.81,18.15,61.0,4.69,8.58,13.18,35.0,2.69,4.92,7.56,112.0,8.62,15.75,24.2,39.0,3.0,5.49,8.43,123.0,9.46,17.3,26.57,53.0,4.08,7.45,11.45,63.0,4.85,8.86,13.61,32.0,2.46,4.5,6.91,6.0,0.46,0.84,1.3,73.0,5.62,10.27,15.77,76.0,5.85,10.69,16.42,43.46,46.27,-2.81,102.41,-20.0,-1.54,-2.81,166.62,12.82,0.51,0.55,0.49,0.36,0.73,0.16,0.59,0.22,0.74,0.48,4.5,0.84,0.1,10.69,0.34
2,臺北台新戰神,2|3,江均/陳文宏,8,175,214.0,2779.02,46.32,46:19,347.38,5.79,05:47,57.0,7.12,26.64,44.3,101.0,12.62,47.2,78.5,71.0,8.88,33.18,55.18,21.0,2.62,9.81,16.32,37.0,4.62,17.29,28.76,14.0,1.75,6.54,10.88,34.0,4.25,15.89,26.43,7.0,0.88,3.27,5.44,20.0,2.5,9.35,15.55,8.0,1.0,3.74,6.22,13.0,1.62,6.07,10.1,41.0,5.12,19.16,31.87,19.0,2.38,8.88,14.77,32.0,4.0,14.95,24.87,19.0,2.38,8.88,14.77,8.0,1.0,3.74,6.22,13.0,1.62,6.07,10.1,5.0,0.62,2.34,3.89,13.0,1.62,6.07,10.1,45.0,5.62,21.03,34.98,26.64,47.2,-20.56,110.89,-44.0,-5.5,-20.56,46.32,5.79,0.35,0.36,0.38,0.21,0.4,0.19,0.38,0.29,0.68,0.51,6.07,2.34,0.06,21.03,0.28
2,臺北台新戰神,13|10867,陳冠全/威力斯,3,38,47.0,602.77,10.05,10:03,200.92,3.35,03:21,19.0,6.33,40.43,68.09,33.0,11.0,70.21,118.25,15.0,5.0,31.91,53.75,7.0,2.33,14.89,25.08,10.0,3.33,21.28,35.83,5.0,1.67,10.64,17.92,5.0,1.67,10.64,17.92,2.0,0.67,4.26,7.17,5.0,1.67,10.64,17.92,3.0,1.0,6.38,10.75,3.0,1.0,6.38,10.75,7.0,2.33,14.89,25.08,0.0,0.0,0.0,0.0,4.0,1.33,8.51,14.33,8.0,2.67,17.02,28.67,2.0,0.67,4.26,7.17,6.0,2.0,12.77,21.5,3.0,1.0,6.38,10.75,3.0,1.0,6.38,10.75,4.0,1.33,8.51,14.33,40.43,70.21,-29.79,112.28,-14.0,-4.67,-29.79,10.05,3.35,0.53,0.55,0.5,0.4,0.6,0.32,0.29,0.43,1.0,0.71,12.77,6.38,0.06,8.51,0.33
2,臺北台新戰神,3|7,陳文宏/孫思堯,1,7,8.0,85.29,1.42,01:25,85.29,1.42,01:25,0.0,0.0,0.0,0.0,4.0,4.0,50.0,101.3,2.0,2.0,25.0,50.65,0.0,0.0,0.0,0.0,1.0,1.0,12.5,25.33,0.0,0.0,0.0,0.0,1.0,1.0,12.5,25.33,0.0,0.0,0.0,0.0,0.0,0.0,0.0,0.0,0.0,0.0,0.0,0.0,0.0,0.0,0.0,0.0,2.0,2.0,25.0,50.65,1.0,1.0,12.5,25.33,1.0,1.0,12.5,25.33,1.0,1.0,12.5,25.33,0.0,0.0,0.0,0.0,1.0,1.0,12.5,25.33,0.0,0.0,0.0,0.0,1.0,1.0,12.5,25.33,2.0,2.0,25.0,50.65,0.0,50.0,-50.0,135.07,-4.0,-4.0,-50.0,1.42,1.42,0.0,0.0,0.0,0.0,,0.33,,0.0,0.67,0.5,12.5,0.0,0.12,25.0,0.0
2,臺北台新戰神,3|5,陳文宏/黃聰翰,15,411,481.0,7146.37,119.11,119:06,476.42,7.94,07:56,206.0,13.73,42.83,62.26,222.0,14.8,46.15,67.1,172.0,11.47,35.76,51.99,67.0,4.47,13.93,20.25,88.0,5.87,18.3,26.6,42.0,2.8,8.73,12.69,84.0,5.6,17.46,25.39,25.0,1.67,5.2,7.56,64.0,4.27,13.31,19.34,47.0,3.13,9.77,14.21,32.0,2.13,6.65,9.67,78.0,5.2,16.22,23.58,29.0,1.93,6.03,8.77,66.0,4.4,13.72,19.95,35.0,2.33,7.28,10.58,37.0,2.47,7.69,11.18,20.0,1.33,4.16,6.05,9.0,0.6,1.87,2.72,45.0,3.0,9.36,13.6,61.0,4.07,12.68,18.44,42.83,46.15,-3.33,96.92,-16.0,-1.07,-3.33,119.11,7.94,0.46,0.51,0.48,0.3,0.73,0.15,0.55,0.33,0.73,0.54,4.16,1.87,0.09,12.68,0.37
2,桃園台啤永豐雲豹,12|64,曹薰襄/劉元凱,7,59,77.0,896.27,14.94,14:56,128.04,2.13,02:08,17.0,2.43,22.08,40.97,24.0,3.43,31.17,57.84,18.0,2.57,23.38,43.38,6.0,0.86,7.79,14.46,12.0,1.71,15.58,28.92,5.0,0.71,6.49,12.05,6.0,0.86,7.79,14.46,1.0,0.14,1.3,2.41,7.0,1.0,9.09,16.87,4.0,0.57,5.19,9.64,2.0,0.29,2.6,4.82,11.0,1.57,14.29,26.51,9.0,1.29,11.69,21.69,14.0,2.0,18.18,33.74,12.0,1.71,15.58,28.92,4.0,0.57,5.19,9.64,4.0,0.57,5.19,9.64,0.0,0.0,0.0,0.0,10.0,1.43,12.99,24.1,13.0,1.86,16.88,31.33,22.08,31.17,-9.09,123.71,-7.0,-1.0,-9.09,14.94,2.13,0.36,0.4,0.42,0.17,0.57,0.36,0.67,0.12,0.55,0.36,5.19,0.0,0.13,16.88,0.39
2,桃園台啤永豐雲豹,57|60,莊博元/黃鎮,3,12,15.0,189.61,3.16,03:10,63.2,1.05,01:03,4.0,1.33,26.67,45.57,8.0,2.67,53.33,91.13,4.0,1.33,26.67,45.57,1.0,0.33,6.67,11.39,1.0,0.33,6.67,11.39,0.0,0.0,0.0,0.0,3.0,1.0,20.0,34.18,1.0,0.33,6.67,11.39,2.0,0.67,13.33,22.78,1.0,0.33,6.67,11.39,1.0,0.33,6.67,11.39,3.0,1.0,20.0,34.18,1.0,0.33,6.67,11.39,2.0,0.67,13.33,22.78,2.0,0.67,13.33,22.78,1.0,0.33,6.67,11.39,1.0,0.33,6.67,11.39,0.0,0.0,0.0,0.0,1.0,0.33,6.67,11.39,4.0,1.33,26.67,45.57,26.67,53.33,-26.67,113.92,-4.0,-1.33,-26.67,3.16,1.05,0.38,0.41,0.0,0.33,0.5,0.29,1.0,0.33,0.75,0.57,6.67,0.0,0.07,26.67,0.5
2,桃園台啤永豐雲豹,57|64,莊博元/劉元凱,6,42,56.0,631.0,10.52,10:31,105.17,1.75,01:45,13.0,2.17,23.21,44.5,27.0,4.5,48.21,92.43,14.0,2.33,25.0,47.92,4.0,0.67,7.14,13.69,8.0,1.33,14.29,27.39,3.0,0.5,5.36,10.27,6.0,1.0,10.71,20.54,1.0,0.17,1.79,3.42,7.0,1.17,12.5,23.96,4.0,0.67,7.14,13.69,2.0,0.33,3.57,6.85,8.0,1.33,14.29,27.39,7.0,1.17,12.5,23.96,8.0,1.33,14.29,27.39,8.0,1.33,14.29,27.39,3.0,0.5,5.36,10.27,3.0,0.5,5.36,10.27,0.0,0.0,0.0,0.0,7.0,1.17,12.5,23.96,12.0,2.0,21.43,41.08,23.21,48.21,-25.0,127.8,-14.0,-2.33,-25.0,10.52,1.75,0.32,0.38,0.38,0.17,0.57,0.32,0.75,0.2,0.53,0.4,5.36,0.0,0.12,21.43,0.5
2,桃園台啤永豐雲豹,60|68,黃鎮/克羅馬,1,2,3.0,22.0,0.37,00:22,22.0,0.37,00:22,0.0,0.0,0.0,0.0,0.0,0.0,0.0,0.0,0.0,0.0,0.0,0.0,0.0,0.0,0.0,0.0,0.0,0.0,0.0,0.0,0.0,0.0,0.0,0.0,0.0,0.0,0.0,0.0,0.0,0.0,0.0,0.0,0.0,0.0,0.0,0.0,0.0,0.0,0.0,0.0,0.0,0.0,0.0,0.0,0.0,0.0,0.0,0.0,0.0,0.0,0.0,0.0,1.0,1.0,33.33,98.18,1.0,1.0,33.33,98.18,0.0,0.0,0.0,0.0,0.0,0.0,0.0,0.0,0.0,0.0,0.0,0.0,1.0,1.0,33.33,98.18,0.0,0.0,0.0,0.0,0.0,0.0,0.0,196.36,0.0,0.0,0.0,0.37,0.37,,,,,,1.0,,0.0,,0.0,0.0,0.0,0.33,0.0,
2,臺北台新戰神,2|4,江均/張兆辰,10,162,197.0,3156.88,52.61,52:37,315.69,5.26,05:16,61.0,6.1,30.96,41.74,81.0,8.1,41.12,55.42,69.0,6.9,35.03,47.21,23.0,2.3,11.68,15.74,36.0,3.6,18.27,24.63,15.0,1.5,7.61,10.26,33.0,3.3,16.75,22.58,8.0,0.8,4.06,5.47,13.0,1.3,6.6,8.89,7.0,0.7,3.55,4.79,12.0,1.2,6.09,8.21,38.0,3.8,19.29,26.0,13.0,1.3,6.6,8.89,35.0,3.5,17.77,23.95,19.0,1.9,9.64,13.0,11.0,1.1,5.58,7.53,13.0,1.3,6.6,8.89,6.0,0.6,3.05,4.11,13.0,1.3,6.6,8.89,18.0,1.8,9.14,12.32,30.96,41.12,-10.15,89.86,-20.0,-2.0,-10.15,52.61,5.26,0.39,0.41,0.42,0.24,0.54,0.2,0.48,0.26,0.75,0.51,6.6,3.05,0.07,9.14,0.19
2,臺北台新戰神,2|10863,江均/魏芃禾,12,185,234.0,2957.75,49.3,49:18,246.48,4.11,04:06,83.0,6.92,35.47,60.61,89.0,7.42,38.03,65.0,88.0,7.33,37.61,64.27,30.0,2.5,12.82,21.91,45.0,3.75,19.23,32.86,18.0,1.5,7.69,13.15,43.0,3.58,18.38,31.4,12.0,1.0,5.13,8.76,23.0,1.92,9.83,16.8,11.0,0.92,4.7,8.03,24.0,2.0,10.26,17.53,37.0,3.08,15.81,27.02,16.0,1.33,6.84,11.68,35.0,2.92,14.96,25.56,21.0,1.75,8.97,15.34,16.0,1.33,6.84,11.68,16.0,1.33,6.84,11.68,7.0,0.58,2.99,5.11,15.0,1.25,6.41,10.95,37.0,3.08,15.81,27.02,35.47,38.03,-2.56,113.92,-6.0,-0.5,-2.56,49.3,4.11,0.41,0.42,0.4,0.28,0.48,0.18,0.53,0.41,0.7,0.54,6.84,2.99,0.06,15.81,0.26
2,臺北台新戰神,4|10863,張兆辰/魏芃禾,10,132,162.0,2134.62,35.58,35:35,213.46,3.56,03:33,50.0,5.0,30.86,50.59,70.0,7.0,43.21,70.83,56.0,5.6,34.57,56.67,16.0,1.6,9.88,16.19,29.0,2.9,17.9,29.34,10.0,1.0,6.17,10.12,27.0,2.7,16.67,27.32,6.0,0.6,3.7,6.07,19.0,1.9,11.73,19.23,12.0,1.2,7.41,12.14,12.0,1.2,7.41,12.14,28.0,2.8,17.28,28.33,9.0,0.9,5.56,9.11,25.0,2.5,15.43,25.3,14.0,1.4,8.64,14.17,9.0,0.9,5.56,9.11,11.0,1.1,6.79,11.13,4.0,0.4,2.47,4.05,14.0,1.4,8.64,14.17,21.0,2.1,12.96,21.25,30.86,43.21,-12.35,109.28,-20.0,-2.0,-12.35,35.58,3.56,0.34,0.39,0.34,0.22,0.63,0.18,0.56,0.32,0.76,0.54,6.79,2.47,0.09,12.96,0.34
2,桃園台啤永豐雲豹,56|60,丁冠皓/黃鎮,8,50,72.0,800.94,13.35,13:21,100.12,1.67,01:40,27.0,3.38,37.5,72.81,25.0,3.12,34.72,67.42,21.0,2.62,29.17,56.63,8.0,1.0,11.11,21.57,9.0,1.12,12.5,24.27,3.0,0.38,4.17,8.09,12.0,1.5,16.67,32.36,5.0,0.62,6.94,13.48,8.0,1.0,11.11,21.57,6.0,0.75,8.33,16.18,8.0,1.0,11.11,21.57,5.0,0.62,6.94,13.48,11.0,1.38,15.28,29.67,7.0,0.88,9.72,18.88,7.0,0.88,9.72,18.88,6.0,0.75,8.33,16.18,5.0,0.62,6.94,13.48,1.0,0.12,1.39,2.7,8.0,1.0,11.11,21.57,13.0,1.62,18.06,35.06,37.5,34.72,2.78,129.45,2.0,0.25,2.78,13.35,1.67,0.5,0.55,0.33,0.42,0.75,0.22,0.75,0.53,0.31,0.42,6.94,1.39,0.11,18.06,0.38
2,臺北台新戰神,2|10864,江均/劉彥廷,10,196,247.0,3184.22,53.07,53:04,318.42,5.31,05:18,96.0,9.6,38.87,65.12,121.0,12.1,48.99,82.08,82.0,8.2,33.2,55.62,33.0,3.3,13.36,22.39,44.0,4.4,17.81,29.85,22.0,2.2,8.91,14.92,38.0,3.8,15.38,25.78,11.0,1.1,4.45,7.46,33.0,3.3,13.36,22.39,19.0,1.9,7.69,12.89,21.0,2.1,8.5,14.25,34.0,3.4,13.77,23.06,20.0,2.0,8.1,13.57,34.0,3.4,13.77,23.06,21.0,2.1,8.5,14.25,21.0,2.1,8.5,14.25,14.0,1.4,5.67,9.5,5.0,0.5,2.02,3.39,20.0,2.0,8.1,13.57,42.0,4.2,17.0,28.49,38.87,48.99,-10.12,111.7,-25.0,-2.5,-10.12,53.07,5.31,0.47,0.5,0.5,0.29,0.58,0.18,0.64,0.38,0.63,0.5,5.67,2.02,0.08,17.0,0.4
2,臺北台新戰神,4|10864,張兆辰/劉彥廷,5,116,145.0,1991.09,33.18,33:11,398.22,6.64,06:38,51.0,10.2,35.17,55.33,75.0,15.0,51.72,81.36,48.0,9.6,33.1,52.07,17.0,3.4,11.72,18.44,28.0,5.6,19.31,30.38,11.0,2.2,7.59,11.93,20.0,4.0,13.79,21.7,6.0,1.2,4.14,6.51,16.0,3.2,11.03,17.36,11.0,2.2,7.59,11.93,10.0,2.0,6.9,10.85,26.0,5.2,17.93,28.21,12.0,2.4,8.28,13.02,15.0,3.0,10.34,16.27,12.0,2.4,8.28,13.02,8.0,1.6,5.52,8.68,9.0,1.8,6.21,9.76,4.0,0.8,2.76,4.34,11.0,2.2,7.59,11.93,14.0,2.8,9.66,15.19,35.17,51.72,-16.55,104.87,-24.0,-4.8,-16.55,33.18,6.64,0.42,0.46,0.39,0.3,0.69,0.18,0.47,0.4,0.68,0.57,6.21,2.76,0.08,9.66,0.33
2,臺北台新戰神,10863|10864,魏芃禾/劉彥廷,11,207,258.0,3211.75,53.53,53:32,291.98,4.87,04:52,112.0,10.18,43.41,75.32,107.0,9.73,41.47,71.96,92.0,8.36,35.66,61.87,40.0,3.64,15.5,26.9,54.0,4.91,20.93,36.32,28.0,2.55,10.85,18.83,38.0,3.45,14.73,25.56,12.0,1.09,4.65,8.07,37.0,3.36,14.34,24.88,20.0,1.82,7.75,13.45,23.0,2.09,8.91,15.47,34.0,3.09,13.18,22.87,17.0,1.55,6.59,11.43,42.0,3.82,16.28,28.25,22.0,2.0,8.53,14.8,20.0,1.82,7.75,13.45,14.0,1.27,5.43,9.42,7.0,0.64,2.71,4.71,24.0,2.18,9.3,16.14,40.0,3.64,15.5,26.9,43.41,41.47,1.94,115.68,5.0,0.45,1.94,53.53,4.87,0.5,0.52,0.52,0.32,0.54,0.17,0.5,0.35,0.67,0.49,5.43,2.71,0.09,15.5,0.4
2,臺北台新戰神,10864|10865,劉彥廷/謝銘駿,11,264,322.0,4325.05,72.08,72:05,393.19,6.55,06:33,100.0,9.09,31.06,49.94,171.0,15.55,53.11,85.4,91.0,8.27,28.26,45.45,27.0,2.45,8.39,13.48,47.0,4.27,14.6,23.47,18.0,1.64,5.59,8.99,44.0,4.0,13.66,21.97,9.0,0.82,2.8,4.49,53.0,4.82,16.46,26.47,37.0,3.36,11.49,18.48,14.0,1.27,4.35,6.99,59.0,5.36,18.32,29.47,27.0,2.45,8.39,13.48,46.0,4.18,14.29,22.97,33.0,3.0,10.25,16.48,21.0,1.91,6.52,10.49,20.0,1.82,6.21,9.99,7.0,0.64,2.17,3.5,39.0,3.55,12.11,19.48,33.0,3.0,10.25,16.48,31.06,53.11,-22.05,107.21,-71.0,-6.45,-22.05,72.08,6.55,0.35,0.44,0.38,0.2,0.7,0.22,0.78,0.23,0.69,0.5,6.21,2.17,0.12,10.25,0.58
2,高雄全家海神,116|12668,呂威霆/歐提斯,5,128,168.0,2039.65,33.99,34:00,407.93,6.8,06:48,63.0,12.6,37.5,66.72,67.0,13.4,39.88,70.95,57.0,11.4,33.93,60.36,22.0,4.4,13.1,23.3,32.0,6.4,19.05,33.89,17.0,3.4,10.12,18.0,25.0,5.0,14.88,26.48,5.0,1.0,2.98,5.3,17.0,3.4,10.12,18.0,14.0,2.8,8.33,14.83,16.0,3.2,9.52,16.94,18.0,3.6,10.71,19.06,12.0,2.4,7.14,12.71,28.0,5.6,16.67,29.65,18.0,3.6,10.71,19.06,9.0,1.8,5.36,9.53,12.0,2.4,7.14,12.71,2.0,0.4,1.19,2.12,15.0,3.0,8.93,15.89,22.0,4.4,13.1,23.3,37.5,39.88,-2.38,118.61,-4.0,-0.8,-2.38,33.99,6.8,0.43,0.49,0.53,0.2,0.82,0.22,0.41,0.36,0.6,0.46,7.14,1.19,0.09,13.1,0.3
2,高雄全家海神,110|10891,胡瓏貿/廖偉皓,14,544,622.0,8585.43,143.09,143:05,613.24,10.22,10:13,298.0,21.29,47.91,74.97,316.0,22.57,50.8,79.5,230.0,16.43,36.98,57.87,106.0,7.57,17.04,26.67,128.0,9.14,20.58,32.2,66.0,4.71,10.61,16.6,102.0,7.29,16.4,25.66,40.0,2.86,6.43,10.06,63.0,4.5,10.13,15.85,48.0,3.43,7.72,12.08,32.0,2.29,5.14,8.05,96.0,6.86,15.43,24.15,26.0,1.86,4.18,6.54,95.0,6.79,15.27,23.9,47.0,3.36,7.56,11.82,59.0,4.21,9.49,14.84,29.0,2.07,4.66,7.3,10.0,0.71,1.61,2.52,56.0,4.0,9.0,14.09,65.0,4.64,10.45,16.35,47.91,50.8,-2.89,104.33,-18.0,-1.29,-2.89,143.09,10.22,0.55,0.58,0.52,0.39,0.76,0.15,0.56,0.25,0.79,0.51,4.66,1.61,0.09,10.45,0.27
2,高雄全家海神,122|10891,陳懷安/廖偉皓,7,144,165.0,2151.71,35.86,35:52,307.39,5.12,05:07,65.0,9.29,39.39,65.25,83.0,11.86,50.3,83.32,58.0,8.29,35.15,58.22,23.0,3.29,13.94,23.09,27.0,3.86,16.36,27.1,12.0,1.71,7.27,12.05,31.0,4.43,18.79,31.12,11.0,1.57,6.67,11.04,13.0,1.86,7.88,13.05,8.0,1.14,4.85,8.03,9.0,1.29,5.45,9.03,25.0,3.57,15.15,25.1,6.0,0.86,3.64,6.02,20.0,2.86,12.12,20.08,16.0,2.29,9.7,16.06,13.0,1.86,7.88,13.05,9.0,1.29,5.45,9.03,1.0,0.14,0.61,1.0,12.0,1.71,7.27,12.05,19.0,2.71,11.52,19.07,39.39,50.3,-10.91,110.42,-18.0,-2.57,-10.91,35.86,5.12,0.49,0.51,0.44,0.35,0.62,0.2,0.57,0.31,0.81,0.57,5.45,0.61,0.07,11.52,0.22
2,福爾摩沙夢想家,101|10890,周柏臣/湯普金斯,2,48,58.0,725.52,12.09,12:06,362.76,6.05,06:03,23.0,11.5,39.66,68.48,14.0,7.0,24.14,41.68,20.0,10.0,34.48,59.54,9.0,4.5,15.52,26.79,15.0,7.5,25.86,44.66,9.0,4.5,15.52,26.79,5.0,2.5,8.62,14.89,0.0,0.0,0.0,0.0,7.0,3.5,12.07,20.84,5.0,2.5,8.62,14.89,4.0,2.0,6.9,11.91,8.0,4.0,13.79,23.82,4.0,2.0,6.9,11.91,9.0,4.5,15.52,26.79,6.0,3.0,10.34,17.86,1.0,0.5,1.72,2.98,3.0,1.5,5.17,8.93,1.0,0.5,1.72,2.98,6.0,3.0,10.34,17.86,4.0,2.0,6.9,11.91,39.66,24.14,15.52,115.12,9.0,4.5,15.52,12.09,6.05,0.45,0.5,0.6,0.0,0.71,0.21,0.11,0.31,0.67,0.48,5.17,1.72,0.1,6.9,0.35
2,新北國王,23|867,王柏智/桑尼,1,13,18.0,177.0,2.95,02:57,177.0,2.95,02:57,2.0,2.0,11.11,24.41,2.0,2.0,11.11,24.41,5.0,5.0,27.78,61.02,1.0,1.0,5.56,12.2,1.0,1.0,5.56,12.2,1.0,1.0,5.56,12.2,4.0,4.0,22.22,48.81,0.0,0.0,0.0,0.0,0.0,0.0,0.0,0.0,0.0,0.0,0.0,0.0,1.0,1.0,5.56,12.2,3.0,3.0,16.67,36.61,3.0,3.0,16.67,36.61,1.0,1.0,5.56,12.2,2.0,2.0,11.11,24.41,1.0,1.0,5.56,12.2,2.0,2.0,11.11,24.41,1.0,1.0,5.56,12.2,0.0,0.0,0.0,0.0,0.0,0.0,0.0,0.0,11.11,11.11,0.0,146.44,0.0,0.0,0.0,2.95,2.95,0.2,0.2,1.0,0.0,,0.29,1.0,0.5,0.5,0.5,11.11,5.56,0.0,0.0,0.0
2,新竹御嵿攻城獅,88|5948,盧冠軒/克雷格,5,250,293.0,4609.82,76.83,76:50,921.96,15.37,15:22,111.0,22.2,37.88,52.01,150.0,30.0,51.19,70.28,99.0,19.8,33.79,46.39,37.0,7.4,12.63,17.34,57.0,11.4,19.45,26.71,28.0,5.6,9.56,13.12,42.0,8.4,14.33,19.68,9.0,1.8,3.07,4.22,40.0,8.0,13.65,18.74,29.0,5.8,9.9,13.59,14.0,2.8,4.78,6.56,52.0,10.4,17.75,24.37,20.0,4.0,6.83,9.37,37.0,7.4,12.63,17.34,22.0,4.4,7.51,10.31,21.0,4.2,7.17,9.84,16.0,3.2,5.46,7.5,2.0,0.4,0.68,0.94,32.0,6.4,10.92,14.99,39.0,7.8,13.31,18.27,37.88,51.19,-13.31,91.53,-39.0,-7.8,-13.31,76.83,15.37,0.42,0.48,0.49,0.21,0.72,0.16,0.57,0.27,0.72,0.54,5.46,0.68,0.11,13.31,0.4
2,新竹御嵿攻城獅,76|80,曾柏喻/田浩,2,4,4.0,111.0,1.85,01:51,55.5,0.92,00:56,3.0,1.5,75.0,58.38,3.0,1.5,75.0,58.38,2.0,1.0,50.0,38.92,1.0,0.5,25.0,19.46,0.0,0.0,0.0,0.0,0.0,0.0,0.0,0.0,2.0,1.0,50.0,38.92,1.0,0.5,25.0,19.46,0.0,0.0,0.0,0.0,0.0,0.0,0.0,0.0,0.0,0.0,0.0,0.0,1.0,0.5,25.0,19.46,0.0,0.0,0.0,0.0,1.0,0.5,25.0,19.46,0.0,0.0,0.0,0.0,1.0,0.5,25.0,19.46,0.0,0.0,0.0,0.0,0.0,0.0,0.0,0.0,0.0,0.0,0.0,0.0,0.0,0.0,0.0,0.0,75.0,75.0,0.0,51.89,0.0,0.0,0.0,1.85,0.92,0.75,0.75,,0.5,,0.0,1.0,0.0,1.0,0.5,0.0,0.0,0.0,0.0,0.0
2,新竹御嵿攻城獅,76|10886,曾柏喻/梁瀚,1,2,2.0,59.0,0.98,00:59,59.0,0.98,00:59,3.0,3.0,150.0,109.83,3.0,3.0,150.0,109.83,1.0,1.0,50.0,36.61,1.0,1.0,50.0,36.61,0.0,0.0,0.0,0.0,0.0,0.0,0.0,0.0,1.0,1.0,50.0,36.61,1.0,1.0,50.0,36.61,0.0,0.0,0.0,0.0,0.0,0.0,0.0,0.0,0.0,0.0,0.0,0.0,0.0,0.0,0.0,0.0,0.0,0.0,0.0,0.0,1.0,1.0,50.0,36.61,0.0,0.0,0.0,0.0,1.0,1.0,50.0,36.61,0.0,0.0,0.0,0.0,0.0,0.0,0.0,0.0,0.0,0.0,0.0,0.0,0.0,0.0,0.0,0.0,150.0,150.0,0.0,48.81,0.0,0.0,0.0,0.98,0.98,1.5,1.5,,1.0,,0.0,1.0,0.0,,0.0,0.0,0.0,0.0,0.0,0.0
2,新竹御嵿攻城獅,80|87,田浩/蔡宸綱,11,161,189.0,2593.33,43.22,43:13,235.76,3.93,03:56,73.0,6.64,38.62,60.8,101.0,9.18,53.44,84.12,74.0,6.73,39.15,61.64,26.0,2.36,13.76,21.66,38.0,3.45,20.11,31.65,15.0,1.36,7.94,12.49,36.0,3.27,19.05,29.98,11.0,1.0,5.82,9.16,16.0,1.45,8.47,13.33,10.0,0.91,5.29,8.33,15.0,1.36,7.94,12.49,36.0,3.27,19.05,29.98,8.0,0.73,4.23,6.66,27.0,2.45,14.29,22.49,12.0,1.09,6.35,9.99,15.0,1.36,7.94,12.49,7.0,0.64,3.7,5.83,2.0,0.18,1.06,1.67,18.0,1.64,9.52,14.99,13.0,1.18,6.88,10.83,38.62,53.44,-14.81,104.95,-28.0,-2.55,-14.81,43.22,3.93,0.43,0.45,0.39,0.31,0.62,0.13,0.58,0.36,0.82,0.59,3.7,1.06,0.1,6.88,0.22
2,新竹御嵿攻城獅,80|10887,田浩/德魯,12,222,263.0,3401.17,56.69,56:41,283.43,4.72,04:43,114.0,9.5,43.35,72.4,101.0,8.42,38.4,64.14,100.0,8.33,38.02,63.51,38.0,3.17,14.45,24.13,53.0,4.42,20.15,33.66,26.0,2.17,9.89,16.51,47.0,3.92,17.87,29.85,12.0,1.0,4.56,7.62,35.0,2.92,13.31,22.23,26.0,2.17,9.89,16.51,21.0,1.75,7.98,13.34,47.0,3.92,17.87,29.85,14.0,1.17,5.32,8.89,40.0,3.33,15.21,25.4,16.0,1.33,6.08,10.16,29.0,2.42,11.03,18.42,8.0,0.67,3.04,5.08,5.0,0.42,1.9,3.18,29.0,2.42,11.03,18.42,18.0,1.5,6.84,11.43,43.35,38.4,4.94,111.35,13.0,1.08,4.94,56.69,4.72,0.44,0.49,0.49,0.26,0.74,0.12,0.76,0.34,0.77,0.56,3.04,1.9,0.11,6.84,0.35
2,新竹御嵿攻城獅,87|10886,蔡宸綱/梁瀚,1,2,2.0,59.0,0.98,00:59,59.0,0.98,00:59,3.0,3.0,150.0,109.83,3.0,3.0,150.0,109.83,1.0,1.0,50.0,36.61,1.0,1.0,50.0,36.61,0.0,0.0,0.0,0.0,0.0,0.0,0.0,0.0,1.0,1.0,50.0,36.61,1.0,1.0,50.0,36.61,0.0,0.0,0.0,0.0,0.0,0.0,0.0,0.0,0.0,0.0,0.0,0.0,0.0,0.0,0.0,0.0,0.0,0.0,0.0,0.0,1.0,1.0,50.0,36.61,0.0,0.0,0.0,0.0,1.0,1.0,50.0,36.61,0.0,0.0,0.0,0.0,0.0,0.0,0.0,0.0,0.0,0.0,0.0,0.0,0.0,0.0,0.0,0.0,150.0,150.0,0.0,48.81,0.0,0.0,0.0,0.98,0.98,1.5,1.5,,1.0,,0.0,1.0,0.0,,0.0,0.0,0.0,0.0,0.0,0.0
2,新北國王,25|32,林金榜/奧帝,8,135,164.0,2309.73,38.5,38:30,288.72,4.81,04:49,62.0,7.75,37.8,57.98,60.0,7.5,36.59,56.11,52.0,6.5,31.71,48.63,21.0,2.62,12.8,19.64,22.0,2.75,13.41,20.57,11.0,1.38,6.71,10.29,30.0,3.75,18.29,28.06,10.0,1.25,6.1,9.35,14.0,1.75,8.54,13.09,11.0,1.38,6.71,10.29,6.0,0.75,3.66,5.61,26.0,3.25,15.85,24.31,18.0,2.25,10.98,16.83,33.0,4.12,20.12,30.86,13.0,1.62,7.93,12.16,12.0,1.5,7.32,11.22,10.0,1.25,6.1,9.35,2.0,0.25,1.22,1.87,7.0,0.88,4.27,6.55,18.0,2.25,10.98,16.83,37.8,36.59,1.22,102.25,2.0,0.25,1.22,38.5,4.81,0.5,0.53,0.5,0.33,0.79,0.18,0.57,0.15,0.59,0.39,6.1,1.22,0.04,10.98,0.27
2,新北國王,29|32,林書緯/奧帝,17,1138,1335.0,18887.96,314.8,314:48,1111.06,18.52,18:31,590.0,34.71,44.19,67.47,571.0,33.59,42.77,65.3,505.0,29.71,37.83,57.75,220.0,12.94,16.48,25.16,261.0,15.35,19.55,29.85,131.0,7.71,9.81,14.98,244.0,14.35,18.28,27.9,89.0,5.24,6.67,10.18,91.0,5.35,6.82,10.41,66.0,3.88,4.94,7.55,74.0,4.35,5.54,8.46,214.0,12.59,16.03,24.47,91.0,5.35,6.82,10.41,225.0,13.24,16.85,25.73,97.0,5.71,7.27,11.09,139.0,8.18,10.41,15.9,57.0,3.35,4.27,6.52,12.0,0.71,0.9,1.37,117.0,6.88,8.76,13.38,179.0,10.53,13.41,20.47,44.19,42.77,1.42,101.78,19.0,1.12,1.42,314.8,18.52,0.52,0.54,0.5,0.36,0.73,0.15,0.63,0.25,0.7,0.48,4.27,0.9,0.09,13.41,0.18
2,臺北台新戰神,10867|10868,威力斯/齊曼加,4,171,206.0,2803.44,46.72,46:43,700.86,11.68,11:41,90.0,22.5,43.69,69.34,90.0,22.5,43.69,69.34,75.0,18.75,36.41,57.79,33.0,8.25,16.02,25.43,50.0,12.5,24.27,38.52,24.0,6.0,11.65,18.49,25.0,6.25,12.14,19.26,9.0,2.25,4.37,6.93,21.0,5.25,10.19,16.18,15.0,3.75,7.28,11.56,18.0,4.5,8.74,13.87,26.0,6.5,12.62,20.03,13.0,3.25,6.31,10.02,29.0,7.25,14.08,22.34,20.0,5.0,9.71,15.41,18.0,4.5,8.74,13.87,13.0,3.25,6.31,10.02,2.0,0.5,0.97,1.54,20.0,5.0,9.71,15.41,10.0,2.5,4.85,7.7,43.69,43.69,0.0,105.81,0.0,0.0,0.0,46.72,11.68,0.5,0.53,0.48,0.36,0.71,0.19,0.55,0.38,0.67,0.51,6.31,0.97,0.1,4.85,0.28
2,新北國王,32|10876,奧帝/尚迪,1,49,57.0,1090.83,18.18,18:11,1090.83,18.18,18:11,23.0,23.0,40.35,45.54,27.0,27.0,47.37,53.46,23.0,23.0,40.35,45.54,9.0,9.0,15.79,17.82,13.0,13.0,22.81,25.74,5.0,5.0,8.77,9.9,10.0,10.0,17.54,19.8,4.0,4.0,7.02,7.92,0.0,0.0,0.0,0.0,0.0,0.0,0.0,0.0,3.0,3.0,5.26,5.94,11.0,11.0,19.3,21.78,5.0,5.0,8.77,9.9,9.0,9.0,15.79,17.82,3.0,3.0,5.26,5.94,5.0,5.0,8.77,9.9,2.0,2.0,3.51,3.96,2.0,2.0,3.51,3.96,4.0,4.0,7.02,7.92,10.0,10.0,17.54,19.8,40.35,47.37,-7.02,75.25,-4.0,-4.0,-7.02,18.18,18.18,0.48,0.5,0.38,0.4,,0.12,0.56,0.25,0.69,0.5,3.51,3.51,0.07,17.54,0.0
2,臺北台新戰神,2|10868,江均/齊曼加,2,35,40.0,533.23,8.89,08:53,266.62,4.44,04:27,17.0,8.5,42.5,68.86,26.0,13.0,65.0,105.32,13.0,6.5,32.5,52.66,6.0,3.0,15.0,24.3,8.0,4.0,20.0,32.41,4.0,2.0,10.0,16.2,5.0,2.5,12.5,20.25,2.0,1.0,5.0,8.1,4.0,2.0,10.0,16.2,2.0,1.0,5.0,8.1,3.0,1.5,7.5,12.15,4.0,2.0,10.0,16.2,2.0,1.0,5.0,8.1,6.0,3.0,15.0,24.3,5.0,2.5,12.5,20.25,3.0,1.5,7.5,12.15,5.0,2.5,12.5,20.25,1.0,0.5,2.5,4.05,3.0,1.5,7.5,12.15,8.0,4.0,20.0,32.41,42.5,65.0,-22.5,108.02,-9.0,-4.5,-22.5,8.89,4.44,0.54,0.58,0.5,0.4,0.5,0.25,0.5,0.33,0.67,0.47,12.5,2.5,0.08,20.0,0.31
2,新北國王,23|32,王柏智/奧帝,8,93,115.0,1380.69,23.01,23:01,172.59,2.88,02:53,39.0,4.88,33.91,61.01,52.0,6.5,45.22,81.35,42.0,5.25,36.52,65.71,15.0,1.88,13.04,23.47,26.0,3.25,22.61,40.68,12.0,1.5,10.43,18.77,16.0,2.0,13.91,25.03,3.0,0.38,2.61,4.69,13.0,1.62,11.3,20.34,8.0,1.0,6.96,12.52,10.0,1.25,8.7,15.64,19.0,2.38,16.52,29.72,10.0,1.25,8.7,15.64,14.0,1.75,12.17,21.9,7.0,0.88,6.09,10.95,12.0,1.5,10.43,18.77,5.0,0.62,4.35,7.82,2.0,0.25,1.74,3.13,10.0,1.25,8.7,15.64,21.0,2.62,18.26,32.85,33.91,45.22,-11.3,119.94,-13.0,-1.62,-11.3,23.01,2.88,0.39,0.41,0.46,0.19,0.62,0.13,0.8,0.42,0.66,0.55,4.35,1.74,0.09,18.26,0.31
2,臺北台新戰神,2|5,江均/黃聰翰,7,57,65.0,900.83,15.01,15:01,128.69,2.14,02:09,32.0,4.57,49.23,76.73,28.0,4.0,43.08,67.14,20.0,2.86,30.77,47.96,11.0,1.57,16.92,26.38,8.0,1.14,12.31,19.18,5.0,0.71,7.69,11.99,12.0,1.71,18.46,28.77,6.0,0.86,9.23,14.39,8.0,1.14,12.31,19.18,4.0,0.57,6.15,9.59,4.0,0.57,6.15,9.59,7.0,1.0,10.77,16.78,3.0,0.43,4.62,7.19,11.0,1.57,16.92,26.38,7.0,1.0,10.77,16.78,7.0,1.0,10.77,16.78,5.0,0.71,7.69,11.99,1.0,0.14,1.54,2.4,8.0,1.14,12.31,19.18,6.0,0.86,9.23,14.39,49.23,43.08,6.15,103.9,4.0,0.57,6.15,15.01,2.14,0.7,0.68,0.62,0.5,0.5,0.23,0.64,0.27,0.7,0.44,7.69,1.54,0.12,9.23,0.4
2,臺北台新戰神,5|10864,黃聰翰/劉彥廷,14,421,518.0,7616.08,126.93,126:56,544.01,9.07,09:04,210.0,15.0,40.54,59.56,233.0,16.64,44.98,66.08,179.0,12.79,34.56,50.77,74.0,5.29,14.29,20.99,82.0,5.86,15.83,23.26,38.0,2.71,7.34,10.78,97.0,6.93,18.73,27.51,36.0,2.57,6.95,10.21,44.0,3.14,8.49,12.48,28.0,2.0,5.41,7.94,29.0,2.07,5.6,8.22,79.0,5.64,15.25,22.41,44.0,3.14,8.49,12.48,78.0,5.57,15.06,22.12,45.0,3.21,8.69,12.76,48.0,3.43,9.27,13.61,21.0,1.5,4.05,5.96,12.0,0.86,2.32,3.4,51.0,3.64,9.85,14.46,60.0,4.29,11.58,17.02,40.54,44.98,-4.44,97.94,-23.0,-1.64,-4.44,126.93,9.07,0.51,0.53,0.46,0.37,0.64,0.18,0.65,0.27,0.64,0.47,4.05,2.32,0.1,11.58,0.25
2,臺北台新戰神,10864|10867,劉彥廷/威力斯,7,115,143.0,1784.23,29.74,29:44,254.89,4.25,04:15,69.0,9.86,48.25,83.53,65.0,9.29,45.45,78.69,63.0,9.0,44.06,76.27,25.0,3.57,17.48,30.27,41.0,5.86,28.67,49.63,15.0,2.14,10.49,18.16,22.0,3.14,15.38,26.63,10.0,1.43,6.99,12.11,13.0,1.86,9.09,15.74,9.0,1.29,6.29,10.9,20.0,2.86,13.99,24.21,20.0,2.86,13.99,24.21,7.0,1.0,4.9,8.47,24.0,3.43,16.78,29.05,7.0,1.0,4.9,8.47,21.0,3.0,14.69,25.42,6.0,0.86,4.2,7.26,4.0,0.57,2.8,4.84,14.0,2.0,9.79,16.95,15.0,2.14,10.49,18.16,48.25,45.45,2.8,115.41,4.0,0.57,2.8,29.74,4.25,0.48,0.5,0.37,0.45,0.69,0.09,0.84,0.45,0.74,0.56,4.2,2.8,0.1,10.49,0.21
2,臺北台新戰神,7|10863,孫思堯/魏芃禾,2,16,22.0,229.78,3.83,03:50,114.89,1.91,01:55,2.0,1.0,9.09,18.8,13.0,6.5,59.09,122.21,7.0,3.5,31.82,65.8,0.0,0.0,0.0,0.0,3.0,1.5,13.64,28.2,0.0,0.0,0.0,0.0,4.0,2.0,18.18,37.6,0.0,0.0,0.0,0.0,4.0,2.0,18.18,37.6,2.0,1.0,9.09,18.8,3.0,1.5,13.64,28.2,4.0,2.0,18.18,37.6,2.0,1.0,9.09,18.8,1.0,0.5,4.55,9.4,2.0,1.0,9.09,18.8,0.0,0.0,0.0,0.0,1.0,0.5,4.55,9.4,0.0,0.0,0.0,0.0,2.0,1.0,9.09,18.8,2.0,1.0,9.09,18.8,9.09,59.09,-50.0,137.87,-11.0,-5.5,-50.0,3.83,1.91,0.0,0.11,0.0,0.0,0.5,0.19,,0.75,0.67,0.7,4.55,0.0,0.09,9.09,0.57
2,臺北台新戰神,7|10864,孫思堯/劉彥廷,1,2,4.0,45.7,0.76,00:46,45.7,0.76,00:46,0.0,0.0,0.0,0.0,3.0,3.0,75.0,141.79,1.0,1.0,25.0,47.26,0.0,0.0,0.0,0.0,0.0,0.0,0.0,0.0,0.0,0.0,0.0,0.0,1.0,1.0,25.0,47.26,0.0,0.0,0.0,0.0,2.0,2.0,50.0,94.53,0.0,0.0,0.0,0.0,1.0,1.0,25.0,47.26,1.0,1.0,25.0,47.26,1.0,1.0,25.0,47.26,0.0,0.0,0.0,0.0,0.0,0.0,0.0,0.0,0.0,0.0,0.0,0.0,0.0,0.0,0.0,0.0,0.0,0.0,0.0,0.0,1.0,1.0,25.0,47.26,0.0,0.0,0.0,0.0,0.0,75.0,-75.0,126.04,-3.0,-3.0,-75.0,0.76,0.76,0.0,0.0,,0.0,0.0,0.0,,1.0,0.5,0.67,0.0,0.0,0.25,0.0,2.0
2,新竹御嵿攻城獅,5948|10888,克雷格/帕塞獅,1,23,30.0,411.23,6.85,06:51,411.23,6.85,06:51,11.0,11.0,36.67,57.78,14.0,14.0,46.67,73.53,12.0,12.0,40.0,63.03,4.0,4.0,13.33,21.01,6.0,6.0,20.0,31.51,2.0,2.0,6.67,10.5,6.0,6.0,20.0,31.51,2.0,2.0,6.67,10.5,2.0,2.0,6.67,10.5,1.0,1.0,3.33,5.25,3.0,3.0,10.0,15.76,6.0,6.0,20.0,31.51,3.0,3.0,10.0,15.76,6.0,6.0,20.0,31.51,1.0,1.0,3.33,5.25,2.0,2.0,6.67,10.5,0.0,0.0,0.0,0.0,0.0,0.0,0.0,0.0,2.0,2.0,6.67,10.5,1.0,1.0,3.33,5.25,36.67,46.67,-10.0,105.05,-3.0,-3.0,-10.0,6.85,6.85,0.42,0.43,0.33,0.33,0.5,0.07,0.5,0.33,0.67,0.5,0.0,0.0,0.07,3.33,0.17
2,高雄全家海神,45|12908,施晉堯/布里茲克,9,692,815.0,11246.62,187.44,187:27,1249.62,20.83,20:50,366.0,40.67,44.91,70.29,346.0,38.44,42.45,66.45,318.0,35.33,39.02,61.07,136.0,15.11,16.69,26.12,191.0,21.22,23.44,36.68,95.0,10.56,11.66,18.25,127.0,14.11,15.58,24.39,41.0,4.56,5.03,7.87,71.0,7.89,8.71,13.64,51.0,5.67,6.26,9.79,53.0,5.89,6.5,10.18,130.0,14.44,15.95,24.97,41.0,4.56,5.03,7.87,111.0,12.33,13.62,21.32,56.0,6.22,6.87,10.76,84.0,9.33,10.31,16.13,27.0,3.0,3.31,5.19,17.0,1.89,2.09,3.26,68.0,7.56,8.34,13.06,92.0,10.22,11.29,17.67,44.91,42.45,2.45,104.35,20.0,2.22,2.45,187.44,20.83,0.49,0.52,0.5,0.32,0.72,0.14,0.62,0.32,0.76,0.55,3.31,2.09,0.08,11.29,0.22
2,高雄全家海神,118|12908,蘇文儒/布里茲克,6,684,812.0,11414.82,190.25,190:15,1902.47,31.71,31:42,352.0,58.67,43.35,66.61,344.0,57.33,42.36,65.09,306.0,51.0,37.68,57.9,135.0,22.5,16.63,25.55,183.0,30.5,22.54,34.63,96.0,16.0,11.82,18.17,123.0,20.5,15.15,23.28,39.0,6.5,4.8,7.38,54.0,9.0,6.65,10.22,41.0,6.83,5.05,7.76,48.0,8.0,5.91,9.08,128.0,21.33,15.76,24.22,41.0,6.83,5.05,7.76,123.0,20.5,15.15,23.28,67.0,11.17,8.25,12.68,80.0,13.33,9.85,15.14,35.0,5.83,4.31,6.62,19.0,3.17,2.34,3.6,59.0,9.83,7.27,11.16,77.0,12.83,9.48,14.57,43.35,42.36,0.99,102.44,8.0,1.33,0.99,190.25,31.71,0.5,0.53,0.52,0.32,0.76,0.17,0.59,0.28,0.76,0.52,4.31,2.34,0.07,9.48,0.18
2,高雄全家海神,119|12908,余純安/布里茲克,5,108,130.0,1655.94,27.6,27:36,331.19,5.52,05:31,58.0,11.6,44.62,75.65,48.0,9.6,36.92,62.61,51.0,10.2,39.23,66.52,22.0,4.4,16.92,28.7,29.0,5.8,22.31,37.83,13.0,2.6,10.0,16.96,22.0,4.4,16.92,28.7,9.0,1.8,6.92,11.74,10.0,2.0,7.69,13.04,5.0,1.0,3.85,6.52,7.0,1.4,5.38,9.13,22.0,4.4,16.92,28.7,11.0,2.2,8.46,14.35,18.0,3.6,13.85,23.48,8.0,1.6,6.15,10.44,15.0,3.0,11.54,19.57,4.0,0.8,3.08,5.22,2.0,0.4,1.54,2.61,16.0,3.2,12.31,20.87,10.0,2.0,7.69,13.04,44.62,36.92,7.69,113.05,10.0,2.0,7.69,27.6,5.52,0.52,0.52,0.45,0.41,0.5,0.13,0.68,0.28,0.67,0.5,3.08,1.54,0.12,7.69,0.2
2,高雄全家海神,10893|12908,崔維斯/布里茲克,1,76,91.0,1926.12,32.1,32:06,1926.12,32.1,32:06,29.0,29.0,31.87,32.52,39.0,39.0,42.86,43.74,38.0,38.0,41.76,42.61,13.0,13.0,14.29,14.58,27.0,27.0,29.67,30.28,10.0,10.0,10.99,11.21,11.0,11.0,12.09,12.34,3.0,3.0,3.3,3.36,1.0,1.0,1.1,1.12,0.0,0.0,0.0,0.0,7.0,7.0,7.69,7.85,16.0,16.0,17.58,17.94,1.0,1.0,1.1,1.12,13.0,13.0,14.29,14.58,9.0,9.0,9.89,10.09,8.0,8.0,8.79,8.97,4.0,4.0,4.4,4.49,3.0,3.0,3.3,3.36,7.0,7.0,7.69,7.85,13.0,13.0,14.29,14.58,31.87,42.86,-10.99,68.03,-10.0,-10.0,-10.99,32.1,32.1,0.38,0.38,0.37,0.27,0.0,0.19,0.62,0.35,0.94,0.62,4.4,3.3,0.08,14.29,0.03
2,高雄全家海神,122|12908,陳懷安/布里茲克,7,214,261.0,4153.59,69.23,69:14,593.37,9.89,09:53,100.0,14.29,38.31,52.0,106.0,15.14,40.61,55.12,92.0,13.14,35.25,47.84,38.0,5.43,14.56,19.76,54.0,7.71,20.69,28.08,27.0,3.86,10.34,14.04,38.0,5.43,14.56,19.76,11.0,1.57,4.21,5.72,18.0,2.57,6.9,9.36,13.0,1.86,4.98,6.76,14.0,2.0,5.36,7.28,39.0,5.57,14.94,20.28,15.0,2.14,5.75,7.8,33.0,4.71,12.64,17.16,27.0,3.86,10.34,14.04,20.0,2.86,7.66,10.4,13.0,1.86,4.98,6.76,4.0,0.57,1.53,2.08,20.0,2.86,7.66,10.4,47.0,6.71,18.01,24.44,38.31,40.61,-2.3,90.49,-6.0,-0.86,-2.3,69.23,9.89,0.47,0.5,0.5,0.29,0.72,0.21,0.53,0.3,0.72,0.52,4.98,1.53,0.08,18.01,0.2
2,高雄全家海神,123|12908,勤明慶/布里茲克,7,221,270.0,4290.62,71.51,71:31,612.95,10.22,10:13,120.0,17.14,44.44,60.41,120.0,17.14,44.44,60.41,96.0,13.71,35.56,48.33,43.0,6.14,15.93,21.65,56.0,8.0,20.74,28.19,28.0,4.0,10.37,14.1,40.0,5.71,14.81,20.14,15.0,2.14,5.56,7.55,23.0,3.29,8.52,11.58,17.0,2.43,6.3,8.56,13.0,1.86,4.81,6.54,40.0,5.71,14.81,20.14,18.0,2.57,6.67,9.06,31.0,4.43,11.48,15.61,24.0,3.43,8.89,12.08,26.0,3.71,9.63,13.09,13.0,1.86,4.81,6.54,3.0,0.43,1.11,1.51,21.0,3.0,7.78,10.57,41.0,5.86,15.19,20.64,44.44,44.44,0.0,90.62,0.0,0.0,0.0,71.51,10.22,0.53,0.57,0.5,0.38,0.74,0.18,0.6,0.3,0.69,0.52,4.81,1.11,0.08,15.19,0.24
2,高雄全家海神,12668|12908,歐提斯/布里茲克,6,254,319.0,4166.05,69.43,69:26,694.34,11.57,11:34,129.0,21.5,40.44,66.88,131.0,21.83,41.07,67.92,119.0,19.83,37.3,61.7,48.0,8.0,15.05,24.89,66.0,11.0,20.69,34.22,31.0,5.17,9.72,16.07,53.0,8.83,16.61,27.48,17.0,2.83,5.33,8.81,21.0,3.5,6.58,10.89,14.0,2.33,4.39,7.26,19.0,3.17,5.96,9.85,57.0,9.5,17.87,29.55,31.0,5.17,9.72,16.07,38.0,6.33,11.91,19.7,23.0,3.83,7.21,11.92,30.0,5.0,9.4,15.55,11.0,1.83,3.45,5.7,3.0,0.5,0.94,1.56,23.0,3.83,7.21,11.92,41.0,6.83,12.85,21.26,40.44,41.07,-0.63,110.26,-2.0,-0.33,-0.63,69.43,11.57,0.47,0.5,0.47,0.32,0.67,0.15,0.62,0.33,0.65,0.52,3.45,0.94,0.07,12.85,0.18
2,高雄全家海神,121|12908,吳曉謹/布里茲克,10,444,535.0,7896.68,131.61,131:37,789.67,13.16,13:10,219.0,21.9,40.93,59.9,251.0,25.1,46.92,68.66,209.0,20.9,39.07,57.17,84.0,8.4,15.7,22.98,118.0,11.8,22.06,32.28,63.0,6.3,11.78,17.23,91.0,9.1,17.01,24.89,21.0,2.1,3.93,5.74,38.0,3.8,7.1,10.39,28.0,2.8,5.23,7.66,37.0,3.7,6.92,10.12,88.0,8.8,16.45,24.07,29.0,2.9,5.42,7.93,71.0,7.1,13.27,19.42,40.0,4.0,7.48,10.94,42.0,4.2,7.85,11.49,18.0,1.8,3.36,4.92,9.0,0.9,1.68,2.46,49.0,4.9,9.16,13.4,57.0,5.7,10.65,15.59,40.93,46.92,-5.98,97.56,-32.0,-3.2,-5.98,131.61,13.16,0.45,0.49,0.53,0.23,0.74,0.15,0.5,0.34,0.75,0.56,3.36,1.68,0.09,10.65,0.18
2,高雄全家海神,45|10891,施晉堯/廖偉皓,12,544,630.0,9345.87,155.76,155:46,778.82,12.98,12:59,308.0,25.67,48.89,71.18,323.0,26.92,51.27,74.65,235.0,19.58,37.3,54.31,108.0,9.0,17.14,24.96,126.0,10.5,20.0,29.12,67.0,5.58,10.63,15.48,109.0,9.08,17.3,25.19,41.0,3.42,6.51,9.48,61.0,5.08,9.68,14.1,51.0,4.25,8.1,11.79,35.0,2.92,5.56,8.09,100.0,8.33,15.87,23.11,32.0,2.67,5.08,7.4,90.0,7.5,14.29,20.8,41.0,3.42,6.51,9.48,69.0,5.75,10.95,15.95,28.0,2.33,4.44,6.47,8.0,0.67,1.27,1.85,62.0,5.17,9.84,14.33,68.0,5.67,10.79,15.72,48.89,51.27,-2.38,97.07,-15.0,-1.25,-2.38,155.76,12.98,0.55,0.59,0.53,0.38,0.84,0.14,0.64,0.28,0.76,0.53,4.44,1.27,0.1,10.79,0.26
2,高雄全家海神,10891|12908,廖偉皓/布里茲克,2,64,72.0,974.23,16.24,16:14,487.12,8.12,08:07,40.0,20.0,55.56,88.69,40.0,20.0,55.56,88.69,27.0,13.5,37.5,59.86,12.0,6.0,16.67,26.61,17.0,8.5,23.61,37.69,7.0,3.5,9.72,15.52,10.0,5.0,13.89,22.17,5.0,2.5,6.94,11.09,13.0,6.5,18.06,28.82,11.0,5.5,15.28,24.39,2.0,1.0,2.78,4.43,16.0,8.0,22.22,35.47,2.0,1.0,2.78,4.43,10.0,5.0,13.89,22.17,2.0,1.0,2.78,4.43,9.0,4.5,12.5,19.95,0.0,0.0,0.0,0.0,1.0,0.5,1.39,2.22,10.0,5.0,13.89,22.17,14.0,7.0,19.44,31.04,55.56,55.56,0.0,106.42,0.0,0.0,0.0,16.24,8.12,0.54,0.61,0.41,0.5,0.85,0.06,0.75,0.17,0.89,0.6,0.0,1.39,0.14,19.44,0.48
2,新竹御嵿攻城獅,82|90,蕭順議/李啓瑋,3,41,50.0,650.41,10.84,10:50,216.8,3.61,03:37,17.0,5.67,34.0,56.46,17.0,5.67,34.0,56.46,19.0,6.33,38.0,63.1,6.0,2.0,12.0,19.93,13.0,4.33,26.0,43.17,5.0,1.67,10.0,16.61,6.0,2.0,12.0,19.93,1.0,0.33,2.0,3.32,6.0,2.0,12.0,19.93,4.0,1.33,8.0,13.28,3.0,1.0,6.0,9.96,11.0,3.67,22.0,36.53,4.0,1.33,8.0,13.28,10.0,3.33,20.0,33.21,1.0,0.33,2.0,3.32,3.0,1.0,6.0,9.96,1.0,0.33,2.0,3.32,0.0,0.0,0.0,0.0,4.0,1.33,8.0,13.28,3.0,1.0,6.0,9.96,34.0,34.0,0.0,110.7,0.0,0.0,0.0,10.84,3.61,0.34,0.39,0.38,0.17,0.67,0.04,0.5,0.23,0.73,0.5,2.0,0.0,0.08,6.0,0.32
2,高雄全家海神,10891|10893,廖偉皓/崔維斯,1,4,6.0,66.5,1.11,01:06,66.5,1.11,01:06,3.0,3.0,50.0,97.45,3.0,3.0,50.0,97.45,1.0,1.0,16.67,32.48,1.0,1.0,16.67,32.48,0.0,0.0,0.0,0.0,0.0,0.0,0.0,0.0,1.0,1.0,16.67,32.48,1.0,1.0,16.67,32.48,0.0,0.0,0.0,0.0,0.0,0.0,0.0,0.0,0.0,0.0,0.0,0.0,0.0,0.0,0.0,0.0,2.0,2.0,33.33,64.96,1.0,1.0,16.67,32.48,1.0,1.0,16.67,32.48,0.0,0.0,0.0,0.0,1.0,1.0,16.67,32.48,0.0,0.0,0.0,0.0,0.0,0.0,0.0,0.0,2.0,2.0,33.33,64.96,50.0,50.0,0.0,129.93,0.0,0.0,0.0,1.11,1.11,1.5,1.5,,1.0,,0.5,0.0,0.0,0.0,0.0,16.67,0.0,0.0,33.33,0.0
2,臺北台新戰神,1|10865,丁聖儒/謝銘駿,21,840,1030.0,14764.43,246.07,246:04,703.07,11.72,11:43,481.0,22.9,46.7,70.37,455.0,21.67,44.17,66.57,375.0,17.86,36.41,54.86,158.0,7.52,15.34,23.12,205.0,9.76,19.9,29.99,105.0,5.0,10.19,15.36,170.0,8.1,16.5,24.87,53.0,2.52,5.15,7.75,145.0,6.9,14.08,21.21,110.0,5.24,10.68,16.09,63.0,3.0,6.12,9.22,169.0,8.05,16.41,24.72,79.0,3.76,7.67,11.56,153.0,7.29,14.85,22.38,59.0,2.81,5.73,8.63,99.0,4.71,9.61,14.48,30.0,1.43,2.91,4.39,13.0,0.62,1.26,1.9,102.0,4.86,9.9,14.92,139.0,6.62,13.5,20.34,46.7,44.17,2.52,100.46,26.0,1.24,2.52,246.07,11.72,0.49,0.55,0.51,0.31,0.76,0.12,0.63,0.29,0.68,0.5,2.91,1.26,0.1,13.5,0.39
2,桃園台啤永豐雲豹,57|10884,莊博元/徐宏瑋,6,36,49.0,537.56,8.96,08:58,89.59,1.49,01:30,12.0,2.0,24.49,48.22,20.0,3.33,40.82,80.36,13.0,2.17,26.53,52.24,3.0,0.5,6.12,12.05,4.0,0.67,8.16,16.07,0.0,0.0,0.0,0.0,9.0,1.5,18.37,36.16,3.0,0.5,6.12,12.05,4.0,0.67,8.16,16.07,3.0,0.5,6.12,12.05,3.0,0.5,6.12,12.05,7.0,1.17,14.29,28.13,5.0,0.83,10.2,20.09,6.0,1.0,12.24,24.11,8.0,1.33,16.33,32.15,3.0,0.5,6.12,12.05,4.0,0.67,8.16,16.07,0.0,0.0,0.0,0.0,1.0,0.17,2.04,4.02,16.0,2.67,32.65,64.29,24.49,40.82,-16.33,131.26,-8.0,-1.33,-16.33,8.96,1.49,0.35,0.41,0.0,0.33,0.75,0.35,1.0,0.33,0.58,0.48,8.16,0.0,0.02,32.65,0.31
2,桃園台啤永豐雲豹,62|10884,王皓吉/徐宏瑋,3,37,43.0,666.37,11.11,11:06,222.12,3.7,03:42,21.0,7.0,48.84,68.07,23.0,7.67,53.49,74.55,18.0,6.0,41.86,58.35,9.0,3.0,20.93,29.17,12.0,4.0,27.91,38.9,6.0,2.0,13.95,19.45,6.0,2.0,13.95,19.45,3.0,1.0,6.98,9.72,0.0,0.0,0.0,0.0,0.0,0.0,0.0,0.0,2.0,0.67,4.65,6.48,7.0,2.33,16.28,22.69,3.0,1.0,6.98,9.72,5.0,1.67,11.63,16.21,2.0,0.67,4.65,6.48,5.0,1.67,11.63,16.21,2.0,0.67,4.65,6.48,0.0,0.0,0.0,0.0,1.0,0.33,2.33,3.24,4.0,1.33,9.3,12.97,48.84,53.49,-4.65,92.92,-2.0,-0.67,-4.65,11.11,3.7,0.58,0.58,0.5,0.5,,0.1,0.56,0.29,0.7,0.53,4.65,0.0,0.02,9.3,0.0
2,桃園台啤永豐雲豹,68|3129,克羅馬/董永全,20,1003,1200.0,16328.71,272.15,272:09,816.44,13.61,13:36,574.0,28.7,47.83,75.93,521.0,26.05,43.42,68.92,444.0,22.2,37.0,58.73,206.0,10.3,17.17,27.25,272.0,13.6,22.67,35.98,140.0,7.0,11.67,18.52,172.0,8.6,14.33,22.75,66.0,3.3,5.5,8.73,129.0,6.45,10.75,17.06,98.0,4.9,8.17,12.96,68.0,3.4,5.67,9.0,183.0,9.15,15.25,24.21,89.0,4.45,7.42,11.77,182.0,9.1,15.17,24.08,64.0,3.2,5.33,8.47,123.0,6.15,10.25,16.27,38.0,1.9,3.17,5.03,14.0,0.7,1.17,1.85,107.0,5.35,8.92,14.15,132.0,6.6,11.0,17.46,47.83,43.42,4.42,105.83,53.0,2.65,4.42,272.15,13.61,0.54,0.57,0.51,0.38,0.76,0.11,0.6,0.27,0.67,0.48,3.17,1.17,0.09,11.0,0.29
2,臺北台新戰神,5|11,黃聰翰/蘇奕晉,10,256,304.0,4120.17,68.67,68:40,412.02,6.87,06:52,139.0,13.9,45.72,72.87,132.0,13.2,43.42,69.2,106.0,10.6,34.87,55.57,43.0,4.3,14.14,22.54,47.0,4.7,15.46,24.64,19.0,1.9,6.25,9.96,59.0,5.9,19.41,30.93,24.0,2.4,7.89,12.58,40.0,4.0,13.16,20.97,31.0,3.1,10.2,16.25,19.0,1.9,6.25,9.96,44.0,4.4,14.47,23.07,21.0,2.1,6.91,11.01,44.0,4.4,14.47,23.07,25.0,2.5,8.22,13.11,32.0,3.2,10.53,16.78,12.0,1.2,3.95,6.29,5.0,0.5,1.64,2.62,30.0,3.0,9.87,15.73,24.0,2.4,7.89,12.58,45.72,43.42,2.3,106.25,7.0,0.7,2.3,68.67,6.87,0.52,0.56,0.4,0.41,0.78,0.17,0.74,0.3,0.68,0.49,3.95,1.64,0.1,7.89,0.38
2,臺北台新戰神,11|14,蘇奕晉/錢肯尼,13,250,284.0,4040.43,67.34,67:20,310.8,5.18,05:11,109.0,8.38,38.38,58.27,130.0,10.0,45.77,69.5,92.0,7.08,32.39,49.18,38.0,2.92,13.38,20.31,51.0,3.92,17.96,27.26,26.0,2.0,9.15,13.9,41.0,3.15,14.44,21.92,12.0,0.92,4.23,6.42,38.0,2.92,13.38,20.31,23.0,1.77,8.1,12.3,10.0,0.77,3.52,5.35,50.0,3.85,17.61,26.73,13.0,1.0,4.58,6.95,44.0,3.38,15.49,23.52,26.0,2.0,9.15,13.9,23.0,1.77,8.1,12.3,15.0,1.15,5.28,8.02,3.0,0.23,1.06,1.6,32.0,2.46,11.27,17.11,14.0,1.08,4.93,7.48,38.38,45.77,-7.39,101.22,-21.0,-1.62,-7.39,67.34,5.18,0.48,0.5,0.51,0.29,0.61,0.19,0.61,0.19,0.79,0.51,5.28,1.06,0.11,4.93,0.41
2,臺北台新戰神,11|10869,蘇奕晉/基德,7,182,203.0,2745.41,45.76,45:45,392.2,6.54,06:32,94.0,13.43,46.31,73.96,75.0,10.71,36.95,59.01,67.0,9.57,33.0,52.71,33.0,4.71,16.26,25.96,40.0,5.71,19.7,31.47,23.0,3.29,11.33,18.1,27.0,3.86,13.3,21.24,10.0,1.43,4.93,7.87,26.0,3.71,12.81,20.46,18.0,2.57,8.87,14.16,9.0,1.29,4.43,7.08,27.0,3.86,13.3,21.24,8.0,1.14,3.94,6.29,43.0,6.14,21.18,33.83,20.0,2.86,9.85,15.74,17.0,2.43,8.37,13.38,12.0,1.71,5.91,9.44,5.0,0.71,2.46,3.93,18.0,2.57,8.87,14.16,24.0,3.43,11.82,18.88,46.31,36.95,9.36,106.48,19.0,2.71,9.36,45.76,6.54,0.57,0.6,0.57,0.37,0.69,0.2,0.52,0.17,0.77,0.41,5.91,2.46,0.09,11.82,0.39
2,臺北台新戰神,11|10870,蘇奕晉/洛夫頓,4,68,81.0,1078.57,17.98,17:59,269.64,4.49,04:30,38.0,9.5,46.91,76.1,23.0,5.75,28.4,46.06,33.0,8.25,40.74,66.09,14.0,3.5,17.28,28.04,14.0,3.5,17.28,28.04,7.0,1.75,8.64,14.02,19.0,4.75,23.46,38.05,7.0,1.75,8.64,14.02,4.0,1.0,4.94,8.01,3.0,0.75,3.7,6.01,6.0,1.5,7.41,12.02,13.0,3.25,16.05,26.03,4.0,1.0,4.94,8.01,14.0,3.5,17.28,28.04,6.0,1.5,7.41,12.02,3.0,0.75,3.7,6.01,4.0,1.0,4.94,8.01,2.0,0.5,2.47,4.01,7.0,1.75,8.64,14.02,6.0,1.5,7.41,12.02,46.91,28.4,18.52,108.14,15.0,3.75,18.52,17.98,4.49,0.53,0.55,0.5,0.37,0.75,0.15,0.21,0.3,0.76,0.51,4.94,2.47,0.09,7.41,0.12
2,臺北台新戰神,11|10865,蘇奕晉/謝銘駿,15,211,255.0,3542.88,59.05,59:03,236.19,3.94,03:56,110.0,7.33,43.14,67.06,101.0,6.73,39.61,61.58,94.0,6.27,36.86,57.31,38.0,2.53,14.9,23.17,51.0,3.4,20.0,31.09,23.0,1.53,9.02,14.02,43.0,2.87,16.86,26.22,15.0,1.0,5.88,9.15,34.0,2.27,13.33,20.73,21.0,1.4,8.24,12.8,19.0,1.27,7.45,11.58,43.0,2.87,16.86,26.22,14.0,0.93,5.49,8.54,42.0,2.8,16.47,25.61,13.0,0.87,5.1,7.93,20.0,1.33,7.84,12.19,5.0,0.33,1.96,3.05,5.0,0.33,1.96,3.05,32.0,2.13,12.55,19.51,28.0,1.87,10.98,17.07,43.14,39.61,3.53,103.64,9.0,0.6,3.53,59.05,3.94,0.48,0.5,0.45,0.35,0.62,0.11,0.53,0.31,0.75,0.53,1.96,1.96,0.13,10.98,0.36
2,臺北台新戰神,10|11,雷蒙恩/蘇奕晉,12,344,403.0,5617.89,93.63,93:38,468.16,7.8,07:48,178.0,14.83,44.17,68.44,176.0,14.67,43.67,67.67,137.0,11.42,34.0,52.67,57.0,4.75,14.14,21.92,66.0,5.5,16.38,25.38,34.0,2.83,8.44,13.07,71.0,5.92,17.62,27.3,23.0,1.92,5.71,8.84,54.0,4.5,13.4,20.76,41.0,3.42,10.17,15.76,22.0,1.83,5.46,8.46,60.0,5.0,14.89,23.07,21.0,1.75,5.21,8.07,62.0,5.17,15.38,23.84,34.0,2.83,8.44,13.07,34.0,2.83,8.44,13.07,16.0,1.33,3.97,6.15,4.0,0.33,0.99,1.54,44.0,3.67,10.92,16.92,35.0,2.92,8.68,13.46,44.17,43.67,0.5,103.3,2.0,0.17,0.5,93.63,7.8,0.5,0.55,0.52,0.32,0.76,0.17,0.6,0.26,0.74,0.5,3.97,0.99,0.11,8.68,0.39
2,臺北台新戰神,11|10868,蘇奕晉/齊曼加,3,37,44.0,563.52,9.39,09:24,187.84,3.13,03:08,20.0,6.67,45.45,76.66,18.0,6.0,40.91,69.0,13.0,4.33,29.55,49.83,7.0,2.33,15.91,26.83,7.0,2.33,15.91,26.83,4.0,1.33,9.09,15.33,6.0,2.0,13.64,23.0,3.0,1.0,6.82,11.5,6.0,2.0,13.64,23.0,3.0,1.0,6.82,11.5,2.0,0.67,4.55,7.67,5.0,1.67,11.36,19.17,1.0,0.33,2.27,3.83,6.0,2.0,13.64,23.0,5.0,1.67,11.36,19.17,2.0,0.67,4.55,7.67,4.0,1.33,9.09,15.33,1.0,0.33,2.27,3.83,6.0,2.0,13.64,23.0,2.0,0.67,4.55,7.67,45.45,40.91,4.55,112.44,2.0,0.67,4.55,9.39,3.13,0.65,0.64,0.57,0.5,0.5,0.24,0.29,0.25,0.83,0.5,9.09,2.27,0.14,4.55,0.46
2,高雄全家海神,110|12908,胡瓏貿/布里茲克,10,954,1129.0,15727.54,262.13,262:08,1572.75,26.21,26:13,484.0,48.4,42.87,66.47,493.0,49.3,43.67,67.71,437.0,43.7,38.71,60.02,187.0,18.7,16.56,25.68,255.0,25.5,22.59,35.02,140.0,14.0,12.4,19.23,182.0,18.2,16.12,25.0,47.0,4.7,4.16,6.45,85.0,8.5,7.53,11.67,63.0,6.3,5.58,8.65,72.0,7.2,6.38,9.89,182.0,18.2,16.12,25.0,65.0,6.5,5.76,8.93,158.0,15.8,13.99,21.7,83.0,8.3,7.35,11.4,97.0,9.7,8.59,13.32,45.0,4.5,3.99,6.18,25.0,2.5,2.21,3.43,95.0,9.5,8.41,13.05,94.0,9.4,8.33,12.91,42.87,43.67,-0.8,103.37,-9.0,-0.9,-0.8,262.13,26.21,0.48,0.51,0.55,0.26,0.74,0.15,0.52,0.31,0.74,0.53,3.99,2.21,0.08,8.33,0.19
2,高雄全家海神,10894|12908,凱帝/布里茲克,4,263,304.0,4362.78,72.71,72:43,1090.7,18.18,18:11,134.0,33.5,44.08,66.34,141.0,35.25,46.38,69.81,112.0,28.0,36.84,55.45,50.0,12.5,16.45,24.75,65.0,16.25,21.38,32.18,37.0,9.25,12.17,18.32,47.0,11.75,15.46,23.27,13.0,3.25,4.28,6.44,27.0,6.75,8.88,13.37,21.0,5.25,6.91,10.4,18.0,4.5,5.92,8.91,47.0,11.75,15.46,23.27,17.0,4.25,5.59,8.42,48.0,12.0,15.79,23.76,24.0,6.0,7.89,11.88,32.0,8.0,10.53,15.84,11.0,2.75,3.62,5.45,4.0,1.0,1.32,1.98,28.0,7.0,9.21,13.86,22.0,5.5,7.24,10.89,44.08,46.38,-2.3,100.34,-7.0,-1.75,-2.3,72.71,18.18,0.5,0.54,0.57,0.28,0.78,0.16,0.64,0.27,0.73,0.5,3.62,1.32,0.09,7.24,0.24
2,高雄全家海神,108|12668,魏莨哲/歐提斯,4,114,140.0,1926.89,32.11,32:07,481.72,8.03,08:02,50.0,12.5,35.71,56.05,64.0,16.0,45.71,71.74,51.0,12.75,36.43,57.17,21.0,5.25,15.0,23.54,37.0,9.25,26.43,41.48,18.0,4.5,12.86,20.18,14.0,3.5,10.0,15.69,3.0,0.75,2.14,3.36,6.0,1.5,4.29,6.73,5.0,1.25,3.57,5.6,8.0,2.0,5.71,8.97,23.0,5.75,16.43,25.78,11.0,2.75,7.86,12.33,24.0,6.0,17.14,26.9,9.0,2.25,6.43,10.09,9.0,2.25,6.43,10.09,5.0,1.25,3.57,5.6,2.0,0.5,1.43,2.24,7.0,1.75,5.0,7.85,15.0,3.75,10.71,16.81,35.71,45.71,-10.0,104.62,-14.0,-3.5,-10.0,32.11,8.03,0.44,0.47,0.49,0.21,0.83,0.14,0.43,0.25,0.68,0.47,3.57,1.43,0.05,10.71,0.12
2,高雄全家海神,108|12908,魏莨哲/布里茲克,3,49,61.0,829.27,13.82,13:49,276.42,4.61,04:36,22.0,7.33,36.07,57.3,29.0,9.67,47.54,75.54,23.0,7.67,37.7,59.91,9.0,3.0,14.75,23.44,15.0,5.0,24.59,39.07,7.0,2.33,11.48,18.23,8.0,2.67,13.11,20.84,2.0,0.67,3.28,5.21,3.0,1.0,4.92,7.81,2.0,0.67,3.28,5.21,2.0,0.67,3.28,5.21,13.0,4.33,21.31,33.86,6.0,2.0,9.84,15.63,7.0,2.33,11.48,18.23,1.0,0.33,1.64,2.6,4.0,1.33,6.56,10.42,1.0,0.33,1.64,2.6,0.0,0.0,0.0,0.0,4.0,1.33,6.56,10.42,10.0,3.33,16.39,26.05,36.07,47.54,-11.48,105.92,-7.0,-2.33,-11.48,13.82,4.61,0.43,0.45,0.47,0.25,0.67,0.04,0.44,0.22,0.68,0.54,1.64,0.0,0.07,16.39,0.13
2,高雄全家海神,108|116,魏莨哲/呂威霆,9,277,338.0,4474.67,74.58,74:35,497.19,8.29,08:17,120.0,13.33,35.5,57.93,163.0,18.11,48.22,78.68,117.0,13.0,34.62,56.48,41.0,4.56,12.13,19.79,65.0,7.22,19.23,31.38,26.0,2.89,7.69,12.55,52.0,5.78,15.38,25.1,15.0,1.67,4.44,7.24,44.0,4.89,13.02,21.24,23.0,2.56,6.8,11.1,26.0,2.89,7.69,12.55,56.0,6.22,16.57,27.03,19.0,2.11,5.62,9.17,49.0,5.44,14.5,23.65,29.0,3.22,8.58,14.0,20.0,2.22,5.92,9.65,16.0,1.78,4.73,7.72,3.0,0.33,0.89,1.45,35.0,3.89,10.36,16.9,48.0,5.33,14.2,23.17,35.5,48.22,-12.72,108.77,-43.0,-4.78,-12.72,74.58,8.29,0.41,0.44,0.4,0.29,0.52,0.18,0.49,0.35,0.75,0.55,4.73,0.89,0.1,14.2,0.38
2,高雄全家海神,116|12908,呂威霆/布里茲克,9,379,451.0,6062.81,101.05,101:03,673.65,11.23,11:14,208.0,23.11,46.12,74.1,213.0,23.67,47.23,75.89,170.0,18.89,37.69,60.57,72.0,8.0,15.96,25.65,96.0,10.67,21.29,34.2,46.0,5.11,10.2,16.39,74.0,8.22,16.41,26.36,26.0,2.89,5.76,9.26,45.0,5.0,9.98,16.03,38.0,4.22,8.43,13.54,27.0,3.0,5.99,9.62,73.0,8.11,16.19,26.01,27.0,3.0,5.99,9.62,66.0,7.33,14.63,23.51,28.0,3.11,6.21,9.98,41.0,4.56,9.09,14.61,12.0,1.33,2.66,4.28,9.0,1.0,2.0,3.21,46.0,5.11,10.2,16.39,58.0,6.44,12.86,20.66,46.12,47.23,-1.11,107.12,-5.0,-0.56,-1.11,101.05,11.23,0.5,0.55,0.48,0.35,0.84,0.13,0.57,0.29,0.73,0.52,2.66,2.0,0.1,12.86,0.26
2,高雄全家海神,116|10891,呂威霆/廖偉皓,14,451,540.0,8360.0,139.33,139:20,597.14,9.95,09:57,206.0,14.71,38.15,53.22,257.0,18.36,47.59,66.4,190.0,13.57,35.19,49.09,71.0,5.07,13.15,18.34,113.0,8.07,20.93,29.2,46.0,3.29,8.52,11.89,77.0,5.5,14.26,19.89,25.0,1.79,4.63,6.46,60.0,4.29,11.11,15.5,41.0,2.93,7.59,10.59,34.0,2.43,6.3,8.78,96.0,6.86,17.78,24.8,34.0,2.43,6.3,8.78,81.0,5.79,15.0,20.93,44.0,3.14,8.15,11.37,45.0,3.21,8.33,11.63,29.0,2.07,5.37,7.49,8.0,0.57,1.48,2.07,53.0,3.79,9.81,13.69,69.0,4.93,12.78,17.83,38.15,47.59,-9.44,93.01,-51.0,-3.64,-9.44,139.33,9.95,0.44,0.48,0.41,0.32,0.68,0.17,0.63,0.3,0.74,0.53,5.37,1.48,0.1,12.78,0.32
2,高雄全家海神,108|122,魏莨哲/陳懷安,4,30,37.0,486.6,8.11,08:07,121.65,2.03,02:02,11.0,2.75,29.73,48.83,17.0,4.25,45.95,75.46,11.0,2.75,29.73,48.83,4.0,1.0,10.81,17.76,8.0,2.0,21.62,35.51,4.0,1.0,10.81,17.76,3.0,0.75,8.11,13.32,0.0,0.0,0.0,0.0,2.0,0.5,5.41,8.88,2.0,0.5,5.41,8.88,3.0,0.75,8.11,13.32,4.0,1.0,10.81,17.76,2.0,0.5,5.41,8.88,6.0,1.5,16.22,26.63,5.0,1.25,13.51,22.19,3.0,0.75,8.11,13.32,2.0,0.5,5.41,8.88,0.0,0.0,0.0,0.0,0.0,0.0,0.0,0.0,5.0,1.25,13.51,22.19,29.73,45.95,-16.22,109.49,-6.0,-1.5,-16.22,8.11,2.03,0.36,0.46,0.5,0.0,1.0,0.3,0.75,0.33,0.67,0.47,5.41,0.0,0.0,13.51,0.18
2,福爾摩沙夢想家,73|77,陳振傑/馬建豪,7,205,242.0,3996.8,66.61,66:37,570.97,9.52,09:31,99.0,14.14,40.91,53.5,101.0,14.43,41.74,54.58,77.0,11.0,31.82,41.61,32.0,4.57,13.22,17.29,35.0,5.0,14.46,18.92,21.0,3.0,8.68,11.35,42.0,6.0,17.36,22.7,11.0,1.57,4.55,5.94,39.0,5.57,16.12,21.08,24.0,3.43,9.92,12.97,12.0,1.71,4.96,6.49,43.0,6.14,17.77,23.24,19.0,2.71,7.85,10.27,40.0,5.71,16.53,21.62,18.0,2.57,7.44,9.73,23.0,3.29,9.5,12.43,8.0,1.14,3.31,4.32,1.0,0.14,0.41,0.54,25.0,3.57,10.33,13.51,18.0,2.57,7.44,9.73,40.91,41.74,-0.83,87.19,-2.0,-0.29,-0.83,66.61,9.52,0.49,0.53,0.6,0.26,0.62,0.16,0.72,0.23,0.69,0.48,3.31,0.41,0.1,7.44,0.51
2,福爾摩沙夢想家,73|86,陳振傑/林俊吉,4,176,211.0,2802.42,46.71,46:42,700.6,11.68,11:41,103.0,25.75,48.82,79.39,105.0,26.25,49.76,80.93,74.0,18.5,35.07,57.04,32.0,8.0,15.17,24.66,31.0,7.75,14.69,23.89,19.0,4.75,9.0,14.64,43.0,10.75,20.38,33.14,13.0,3.25,6.16,10.02,35.0,8.75,16.59,26.98,28.0,7.0,13.27,21.58,14.0,3.5,6.64,10.79,31.0,7.75,14.69,23.89,12.0,3.0,5.69,9.25,33.0,8.25,15.64,25.44,15.0,3.75,7.11,11.56,21.0,5.25,9.95,16.19,7.0,1.75,3.32,5.4,3.0,0.75,1.42,2.31,23.0,5.75,10.9,17.73,25.0,6.25,11.85,19.27,48.82,49.76,-0.95,108.42,-2.0,-0.5,-0.95,46.71,11.68,0.52,0.58,0.61,0.3,0.8,0.14,0.66,0.3,0.72,0.5,3.32,1.42,0.11,11.85,0.47
2,福爾摩沙夢想家,73|107,陳振傑/霍爾曼,6,257,319.0,4803.3,80.06,80:03,800.55,13.34,13:21,148.0,24.67,46.39,66.55,143.0,23.83,44.83,64.31,112.0,18.67,35.11,50.37,45.0,7.5,14.11,20.24,49.0,8.17,15.36,22.03,26.0,4.33,8.15,11.69,63.0,10.5,19.75,28.33,19.0,3.17,5.96,8.54,52.0,8.67,16.3,23.38,41.0,6.83,12.85,18.44,29.0,4.83,9.09,13.04,41.0,6.83,12.85,18.44,23.0,3.83,7.21,10.34,48.0,8.0,15.05,21.59,22.0,3.67,6.9,9.89,30.0,5.0,9.4,13.49,11.0,1.83,3.45,4.95,6.0,1.0,1.88,2.7,36.0,6.0,11.29,16.19,40.0,6.67,12.54,17.99,46.39,44.83,1.57,95.63,5.0,0.83,1.57,80.06,13.34,0.49,0.55,0.53,0.3,0.79,0.14,0.67,0.38,0.64,0.5,3.45,1.88,0.11,12.54,0.46
2,福爾摩沙夢想家,73|10890,陳振傑/湯普金斯,4,185,221.0,3596.97,59.95,59:57,899.24,14.99,14:59,103.0,25.75,46.61,61.85,106.0,26.5,47.96,63.65,83.0,20.75,37.56,49.84,35.0,8.75,15.84,21.02,39.0,9.75,17.65,23.42,22.0,5.5,9.95,13.21,44.0,11.0,19.91,26.42,13.0,3.25,5.88,7.81,30.0,7.5,13.57,18.02,22.0,5.5,9.95,13.21,16.0,4.0,7.24,9.61,34.0,8.5,15.38,20.42,11.0,2.75,4.98,6.61,32.0,8.0,14.48,19.22,14.0,3.5,6.33,8.41,23.0,5.75,10.41,13.81,9.0,2.25,4.07,5.4,6.0,1.5,2.71,3.6,23.0,5.75,10.41,13.81,30.0,7.5,13.57,18.02,46.61,47.96,-1.36,88.47,-3.0,-0.75,-1.36,59.95,14.99,0.5,0.54,0.56,0.3,0.73,0.13,0.66,0.33,0.76,0.54,4.07,2.71,0.1,13.57,0.36
2,福爾摩沙夢想家,73|103,陳振傑/忻沃克,4,116,148.0,1703.25,28.39,28:23,425.81,7.1,07:06,67.0,16.75,45.27,84.97,62.0,15.5,41.89,78.63,61.0,15.25,41.22,77.36,22.0,5.5,14.86,27.9,26.0,6.5,17.57,32.97,15.0,3.75,10.14,19.02,35.0,8.75,23.65,44.39,7.0,1.75,4.73,8.88,21.0,5.25,14.19,26.63,18.0,4.5,12.16,22.83,18.0,4.5,12.16,22.83,20.0,5.0,13.51,25.36,5.0,1.25,3.38,6.34,21.0,5.25,14.19,26.63,8.0,2.0,5.41,10.15,10.0,2.5,6.76,12.68,6.0,1.5,4.05,7.61,5.0,1.25,3.38,6.34,13.0,3.25,8.78,16.49,30.0,7.5,20.27,38.05,45.27,41.89,3.38,125.13,5.0,1.25,3.38,28.39,7.1,0.42,0.48,0.58,0.2,0.86,0.1,0.45,0.46,0.8,0.59,4.05,3.38,0.09,20.27,0.34
2,福爾摩沙夢想家,73|89,陳振傑/蔣淯安,6,123,148.0,2445.6,40.76,40:46,407.6,6.79,06:48,56.0,9.33,37.84,49.46,55.0,9.17,37.16,48.58,48.0,8.0,32.43,42.39,17.0,2.83,11.49,15.01,23.0,3.83,15.54,20.31,11.0,1.83,7.43,9.72,25.0,4.17,16.89,22.08,6.0,1.0,4.05,5.3,24.0,4.0,16.22,21.2,16.0,2.67,10.81,14.13,9.0,1.5,6.08,7.95,25.0,4.17,16.89,22.08,11.0,1.83,7.43,9.72,23.0,3.83,15.54,20.31,11.0,1.83,7.43,9.72,14.0,2.33,9.46,12.37,7.0,1.17,4.73,6.18,4.0,0.67,2.7,3.53,14.0,2.33,9.46,12.37,18.0,3.0,12.16,15.9,37.84,37.16,0.68,87.14,1.0,0.17,0.68,40.76,6.79,0.42,0.48,0.48,0.24,0.67,0.16,0.82,0.28,0.69,0.5,4.73,2.7,0.09,12.16,0.5
2,福爾摩沙夢想家,73|10889,陳振傑/恩尼斯,3,115,143.0,1719.72,28.66,28:40,573.24,9.55,09:33,59.0,19.67,41.26,74.1,52.0,17.33,36.36,65.31,48.0,16.0,33.57,60.29,18.0,6.0,12.59,22.61,23.0,7.67,16.08,28.89,13.0,4.33,9.09,16.33,25.0,8.33,17.48,31.4,5.0,1.67,3.5,6.28,25.0,8.33,17.48,31.4,18.0,6.0,12.59,22.61,9.0,3.0,6.29,11.3,27.0,9.0,18.88,33.91,10.0,3.33,6.99,12.56,26.0,8.67,18.18,32.66,9.0,3.0,6.29,11.3,15.0,5.0,10.49,18.84,3.0,1.0,2.1,3.77,3.0,1.0,2.1,3.77,14.0,4.67,9.79,17.58,11.0,3.67,7.69,13.82,41.26,36.36,4.9,119.74,7.0,2.33,4.9,28.66,9.55,0.43,0.5,0.57,0.2,0.72,0.13,0.83,0.26,0.73,0.5,2.1,2.1,0.1,7.69,0.52
2,新竹御嵿攻城獅,71|76,李漢昇/曾柏喻,1,4,4.0,42.0,0.7,00:42,42.0,0.7,00:42,0.0,0.0,0.0,0.0,2.0,2.0,50.0,102.86,1.0,1.0,25.0,51.43,0.0,0.0,0.0,0.0,1.0,1.0,25.0,51.43,0.0,0.0,0.0,0.0,0.0,0.0,0.0,0.0,0.0,0.0,0.0,0.0,0.0,0.0,0.0,0.0,0.0,0.0,0.0,0.0,0.0,0.0,0.0,0.0,1.0,1.0,25.0,51.43,0.0,0.0,0.0,0.0,1.0,1.0,25.0,51.43,0.0,0.0,0.0,0.0,0.0,0.0,0.0,0.0,0.0,0.0,0.0,0.0,0.0,0.0,0.0,0.0,1.0,1.0,25.0,51.43,3.0,3.0,75.0,154.29,0.0,50.0,-50.0,137.14,-2.0,-2.0,-50.0,0.7,0.7,0.0,0.0,0.0,,,0.0,,0.0,1.0,0.5,0.0,0.0,0.25,75.0,0.0
2,新北國王,32|867,奧帝/桑尼,1,90,104.0,1358.1,22.63,22:38,1358.1,22.63,22:38,54.0,54.0,51.92,85.88,41.0,41.0,39.42,65.21,40.0,40.0,38.46,63.62,20.0,20.0,19.23,31.81,23.0,23.0,22.12,36.58,12.0,12.0,11.54,19.09,17.0,17.0,16.35,27.04,8.0,8.0,7.69,12.72,10.0,10.0,9.62,15.9,6.0,6.0,5.77,9.54,3.0,3.0,2.88,4.77,14.0,14.0,13.46,22.27,7.0,7.0,6.73,11.13,17.0,17.0,16.35,27.04,5.0,5.0,4.81,7.95,13.0,13.0,12.5,20.68,3.0,3.0,2.88,4.77,2.0,2.0,1.92,3.18,7.0,7.0,6.73,11.13,12.0,12.0,11.54,19.09,51.92,39.42,12.5,110.27,13.0,13.0,12.5,22.63,22.63,0.6,0.61,0.52,0.47,0.6,0.1,0.65,0.15,0.67,0.41,2.88,1.92,0.07,11.54,0.25
2,新北國王,19|32,蘇培凱/奧帝,5,36,46.0,520.22,8.67,08:40,104.04,1.73,01:44,22.0,4.4,47.83,91.35,13.0,2.6,28.26,53.98,17.0,3.4,36.96,70.59,7.0,1.4,15.22,29.06,11.0,2.2,23.91,45.67,6.0,1.2,13.04,24.91,6.0,1.2,13.04,24.91,1.0,0.2,2.17,4.15,11.0,2.2,23.91,45.67,7.0,1.4,15.22,29.06,6.0,1.2,13.04,24.91,6.0,1.2,13.04,24.91,5.0,1.0,10.87,20.76,8.0,1.6,17.39,33.22,1.0,0.2,2.17,4.15,6.0,1.2,13.04,24.91,0.0,0.0,0.0,0.0,0.0,0.0,0.0,0.0,5.0,1.0,10.87,20.76,5.0,1.0,10.87,20.76,47.83,28.26,19.57,127.33,9.0,1.8,19.57,8.67,1.73,0.44,0.5,0.55,0.17,0.64,0.04,0.86,0.43,0.55,0.48,0.0,0.0,0.11,10.87,0.65
2,新北國王,19|10874,蘇培凱/熊祥泰,5,28,36.0,444.15,7.4,07:24,88.83,1.48,01:29,15.0,3.0,41.67,72.95,10.0,2.0,27.78,48.63,9.0,1.8,25.0,43.77,4.0,0.8,11.11,19.45,2.0,0.4,5.56,9.73,2.0,0.4,5.56,9.73,7.0,1.4,19.44,34.04,2.0,0.4,5.56,9.73,6.0,1.2,16.67,29.18,5.0,1.0,13.89,24.32,2.0,0.4,5.56,9.73,3.0,0.6,8.33,14.59,5.0,1.0,13.89,24.32,9.0,1.8,25.0,43.77,5.0,1.0,13.89,24.32,3.0,0.6,8.33,14.59,3.0,0.6,8.33,14.59,0.0,0.0,0.0,0.0,6.0,1.2,16.67,29.18,4.0,0.8,11.11,19.45,41.67,27.78,13.89,116.72,5.0,1.0,13.89,7.4,1.48,0.56,0.64,1.0,0.29,0.83,0.3,0.75,0.18,0.38,0.26,8.33,0.0,0.17,11.11,0.67
2,新北國王,28|32,呂政儒/奧帝,14,320,370.0,4969.7,82.83,82:50,354.98,5.92,05:55,145.0,10.36,39.19,63.02,158.0,11.29,42.7,68.67,152.0,10.86,41.08,66.06,57.0,4.07,15.41,24.77,92.0,6.57,24.86,39.99,39.0,2.79,10.54,16.95,60.0,4.29,16.22,26.08,18.0,1.29,4.86,7.82,25.0,1.79,6.76,10.87,16.0,1.14,4.32,6.95,24.0,1.71,6.49,10.43,71.0,5.07,19.19,30.86,22.0,1.57,5.95,9.56,64.0,4.57,17.3,27.82,21.0,1.5,5.68,9.13,38.0,2.71,10.27,16.52,12.0,0.86,3.24,5.22,6.0,0.43,1.62,2.61,40.0,2.86,10.81,17.39,45.0,3.21,12.16,19.56,39.19,42.7,-3.51,107.21,-13.0,-0.93,-3.51,82.83,5.92,0.43,0.44,0.42,0.3,0.64,0.11,0.67,0.27,0.76,0.52,3.24,1.62,0.11,12.16,0.16
2,臺北台新戰神,1|2,丁聖儒/江均,6,95,107.0,1483.84,24.73,24:44,247.31,4.12,04:07,54.0,9.0,50.47,78.61,58.0,9.67,54.21,84.43,34.0,5.67,31.78,49.49,18.0,3.0,16.82,26.2,19.0,3.17,17.76,27.66,12.0,2.0,11.21,17.47,15.0,2.5,14.02,21.84,6.0,1.0,5.61,8.73,18.0,3.0,16.82,26.2,12.0,2.0,11.21,17.47,4.0,0.67,3.74,5.82,14.0,2.33,13.08,20.38,4.0,0.67,3.74,5.82,18.0,3.0,16.82,26.2,11.0,1.83,10.28,16.01,13.0,2.17,12.15,18.92,8.0,1.33,7.48,11.65,1.0,0.17,0.93,1.46,13.0,2.17,12.15,18.92,17.0,2.83,15.89,24.75,50.47,54.21,-3.74,103.84,-4.0,-0.67,-3.74,24.73,4.12,0.62,0.64,0.63,0.4,0.67,0.21,0.72,0.18,0.78,0.45,7.48,0.93,0.12,15.89,0.53
2,臺北台新戰神,1|10867,丁聖儒/威力斯,16,1589,1882.0,26318.54,438.64,438:39,1644.91,27.42,27:25,861.0,53.81,45.75,70.66,865.0,54.06,45.96,70.99,676.0,42.25,35.92,55.48,303.0,18.94,16.1,24.87,421.0,26.31,22.37,34.55,215.0,13.44,11.42,17.65,255.0,15.94,13.55,20.93,88.0,5.5,4.68,7.22,231.0,14.44,12.27,18.96,167.0,10.44,8.87,13.71,123.0,7.69,6.54,10.09,274.0,17.12,14.56,22.49,94.0,5.88,4.99,7.71,298.0,18.62,15.83,24.46,149.0,9.31,7.92,12.23,191.0,11.94,10.15,15.68,87.0,5.44,4.62,7.14,22.0,1.38,1.17,1.81,195.0,12.19,10.36,16.0,204.0,12.75,10.84,16.74,45.75,45.96,-0.21,102.97,-4.0,-0.25,-0.21,438.64,27.42,0.51,0.55,0.51,0.35,0.72,0.16,0.63,0.29,0.74,0.5,4.62,1.17,0.1,10.84,0.34
2,福爾摩沙夢想家,73|95,陳振傑/李德威,3,45,55.0,820.9,13.68,13:41,273.63,4.56,04:34,9.0,3.0,16.36,23.68,17.0,5.67,30.91,44.73,20.0,6.67,36.36,52.63,4.0,1.33,7.27,10.53,10.0,3.33,18.18,26.31,4.0,1.33,7.27,10.53,10.0,3.33,18.18,26.31,0.0,0.0,0.0,0.0,7.0,2.33,12.73,18.42,1.0,0.33,1.82,2.63,5.0,1.67,9.09,13.16,15.0,5.0,27.27,39.47,4.0,1.33,7.27,10.53,12.0,4.0,21.82,31.58,3.0,1.0,5.45,7.89,0.0,0.0,0.0,0.0,1.0,0.33,1.82,2.63,1.0,0.33,1.82,2.63,3.0,1.0,5.45,7.89,3.0,1.0,5.45,7.89,16.36,30.91,-14.55,96.48,-8.0,-2.67,-14.55,13.68,4.56,0.2,0.19,0.4,0.0,0.14,0.12,0.0,0.29,0.79,0.56,1.82,1.82,0.05,5.45,0.35
2,福爾摩沙夢想家,97|10889,史承平/恩尼斯,1,12,16.0,180.72,3.01,03:01,180.72,3.01,03:01,1.0,1.0,6.25,11.95,9.0,9.0,56.25,107.57,2.0,2.0,12.5,23.9,0.0,0.0,0.0,0.0,0.0,0.0,0.0,0.0,0.0,0.0,0.0,0.0,2.0,2.0,12.5,23.9,0.0,0.0,0.0,0.0,1.0,1.0,6.25,11.95,1.0,1.0,6.25,11.95,0.0,0.0,0.0,0.0,2.0,2.0,12.5,23.9,1.0,1.0,6.25,11.95,2.0,2.0,12.5,23.9,4.0,4.0,25.0,47.81,0.0,0.0,0.0,0.0,3.0,3.0,18.75,35.86,0.0,0.0,0.0,0.0,0.0,0.0,0.0,0.0,2.0,2.0,12.5,23.9,6.25,56.25,-50.0,127.49,-8.0,-8.0,-50.0,3.01,3.01,0.0,0.2,,0.0,1.0,0.62,,0.0,0.67,0.4,18.75,0.0,0.0,12.5,0.5
2,臺北台新戰神,3|11,陳文宏/蘇奕晉,5,97,123.0,1640.0,27.33,27:20,328.0,5.47,05:28,55.0,11.0,44.72,72.44,48.0,9.6,39.02,63.22,46.0,9.2,37.4,60.59,16.0,3.2,13.01,21.07,21.0,4.2,17.07,27.66,8.0,1.6,6.5,10.54,25.0,5.0,20.33,32.93,8.0,1.6,6.5,10.54,20.0,4.0,16.26,26.34,15.0,3.0,12.2,19.76,9.0,1.8,7.32,11.85,25.0,5.0,20.33,32.93,11.0,2.2,8.94,14.49,16.0,3.2,13.01,21.07,3.0,0.6,2.44,3.95,8.0,1.6,6.5,10.54,3.0,0.6,2.44,3.95,2.0,0.4,1.63,2.63,15.0,3.0,12.2,19.76,13.0,2.6,10.57,17.12,44.72,39.02,5.69,108.0,7.0,1.4,5.69,27.33,5.47,0.43,0.5,0.38,0.32,0.75,0.05,0.5,0.36,0.69,0.56,2.44,1.63,0.12,10.57,0.43
2,臺北台新戰神,11|10863,蘇奕晉/魏芃禾,8,106,131.0,1696.8,28.28,28:17,212.1,3.53,03:32,52.0,6.5,39.69,66.2,56.0,7.0,42.75,71.29,43.0,5.38,32.82,54.74,16.0,2.0,12.21,20.37,16.0,2.0,12.21,20.37,6.0,0.75,4.58,7.64,27.0,3.38,20.61,34.37,10.0,1.25,7.63,12.73,17.0,2.12,12.98,21.64,10.0,1.25,7.63,12.73,8.0,1.0,6.11,10.18,21.0,2.62,16.03,26.73,13.0,1.62,9.92,16.55,17.0,2.12,12.98,21.64,10.0,1.25,7.63,12.73,10.0,1.25,7.63,12.73,9.0,1.12,6.87,11.46,2.0,0.25,1.53,2.55,10.0,1.25,7.63,12.73,18.0,2.25,13.74,22.91,39.69,42.75,-3.05,111.17,-4.0,-0.5,-3.05,28.28,3.53,0.49,0.52,0.38,0.37,0.59,0.17,0.62,0.32,0.62,0.49,6.87,1.53,0.08,13.74,0.4
2,新北中信特攻,38|40,余維豪/謝亞軒,3,69,85.0,1091.34,18.19,18:11,363.78,6.06,06:04,31.0,10.33,36.47,61.36,37.0,12.33,43.53,73.23,31.0,10.33,36.47,61.36,11.0,3.67,12.94,21.77,15.0,5.0,17.65,29.69,10.0,3.33,11.76,19.79,16.0,5.33,18.82,31.67,1.0,0.33,1.18,1.98,9.0,3.0,10.59,17.81,8.0,2.67,9.41,15.83,8.0,2.67,9.41,15.83,12.0,4.0,14.12,23.75,7.0,2.33,8.24,13.85,9.0,3.0,10.59,17.81,7.0,2.33,8.24,13.85,4.0,1.33,4.71,7.92,4.0,1.33,4.71,7.92,0.0,0.0,0.0,0.0,9.0,3.0,10.59,17.81,6.0,2.0,7.06,11.88,36.47,43.53,-7.06,112.16,-6.0,-2.0,-7.06,18.19,6.06,0.37,0.44,0.67,0.06,0.89,0.17,0.36,0.47,0.63,0.56,4.71,0.0,0.11,7.06,0.29
2,新北中信特攻,38|43,余維豪/林韋翰,2,39,50.0,641.03,10.68,10:41,320.52,5.34,05:21,19.0,9.5,38.0,64.02,17.0,8.5,34.0,57.28,18.0,9.0,36.0,60.65,9.0,4.5,18.0,30.33,10.0,5.0,20.0,33.7,8.0,4.0,16.0,26.96,8.0,4.0,16.0,26.96,1.0,0.5,2.0,3.37,0.0,0.0,0.0,0.0,0.0,0.0,0.0,0.0,6.0,3.0,12.0,20.22,3.0,1.5,6.0,10.11,4.0,2.0,8.0,13.48,10.0,5.0,20.0,33.7,8.0,4.0,16.0,26.96,4.0,2.0,8.0,13.48,3.0,1.5,6.0,10.11,0.0,0.0,0.0,0.0,4.0,2.0,8.0,13.48,6.0,3.0,12.0,20.22,38.0,34.0,4.0,112.32,2.0,1.0,4.0,10.68,5.34,0.53,0.53,0.8,0.12,,0.31,0.44,0.38,0.43,0.39,6.0,0.0,0.08,12.0,0.0
2,新北中信特攻,38|10880,余維豪/內馬,3,78,95.0,1241.06,20.68,20:41,413.69,6.89,06:54,45.0,15.0,47.37,78.32,31.0,10.33,32.63,53.95,35.0,11.67,36.84,60.92,15.0,5.0,15.79,26.11,23.0,7.67,24.21,40.03,12.0,4.0,12.63,20.89,12.0,4.0,12.63,20.89,3.0,1.0,3.16,5.22,12.0,4.0,12.63,20.89,12.0,4.0,12.63,20.89,7.0,2.33,7.37,12.18,11.0,3.67,11.58,19.14,9.0,3.0,9.47,15.66,12.0,4.0,12.63,20.89,6.0,2.0,6.32,10.44,8.0,2.67,8.42,13.92,4.0,1.33,4.21,6.96,0.0,0.0,0.0,0.0,12.0,4.0,12.63,20.89,8.0,2.67,8.42,13.92,47.37,32.63,14.74,110.23,14.0,4.67,14.74,20.68,6.89,0.47,0.56,0.52,0.25,1.0,0.13,0.53,0.37,0.55,0.46,4.21,0.0,0.13,8.42,0.34
2,新北中信特攻,38|10881,余維豪/飛克,4,85,99.0,1390.03,23.17,23:10,347.51,5.79,05:48,44.0,11.0,44.44,68.37,60.0,15.0,60.61,93.24,34.0,8.5,34.34,52.83,18.0,4.5,18.18,27.97,17.0,4.25,17.17,26.42,13.0,3.25,13.13,20.2,17.0,4.25,17.17,26.42,5.0,1.25,5.05,7.77,4.0,1.0,4.04,6.22,3.0,0.75,3.03,4.66,6.0,1.5,6.06,9.32,11.0,2.75,11.11,17.09,8.0,2.0,8.08,12.43,14.0,3.5,14.14,21.75,12.0,3.0,12.12,18.65,10.0,2.5,10.1,15.54,8.0,2.0,8.08,12.43,0.0,0.0,0.0,0.0,8.0,2.0,8.08,12.43,10.0,2.5,10.1,15.54,44.44,60.61,-16.16,102.56,-16.0,-4.0,-16.16,23.17,5.79,0.6,0.62,0.76,0.29,0.75,0.25,0.56,0.3,0.58,0.44,8.08,0.0,0.08,10.1,0.12
2,新北中信特攻,40|10878,謝亞軒/曾信武,1,9,12.0,218.0,3.63,03:38,218.0,3.63,03:38,5.0,5.0,41.67,49.54,3.0,3.0,25.0,29.73,2.0,2.0,16.67,19.82,2.0,2.0,16.67,19.82,1.0,1.0,8.33,9.91,1.0,1.0,8.33,9.91,1.0,1.0,8.33,9.91,1.0,1.0,8.33,9.91,0.0,0.0,0.0,0.0,0.0,0.0,0.0,0.0,0.0,0.0,0.0,0.0,0.0,0.0,0.0,0.0,4.0,4.0,33.33,39.63,3.0,3.0,25.0,29.73,2.0,2.0,16.67,19.82,0.0,0.0,0.0,0.0,2.0,2.0,16.67,19.82,0.0,0.0,0.0,0.0,1.0,1.0,8.33,9.91,8.0,8.0,66.67,79.27,41.67,25.0,16.67,79.27,2.0,2.0,16.67,3.63,3.63,1.25,1.25,1.0,1.0,,0.5,0.0,0.0,0.0,0.0,16.67,0.0,0.08,66.67,0.0
2,新北中信特攻,43|10878,林韋翰/曾信武,1,7,10.0,185.0,3.08,03:05,185.0,3.08,03:05,5.0,5.0,50.0,58.38,1.0,1.0,10.0,11.68,2.0,2.0,20.0,23.35,2.0,2.0,20.0,23.35,1.0,1.0,10.0,11.68,1.0,1.0,10.0,11.68,1.0,1.0,10.0,11.68,1.0,1.0,10.0,11.68,0.0,0.0,0.0,0.0,0.0,0.0,0.0,0.0,0.0,0.0,0.0,0.0,0.0,0.0,0.0,0.0,4.0,4.0,40.0,46.7,3.0,3.0,30.0,35.03,0.0,0.0,0.0,0.0,0.0,0.0,0.0,0.0,0.0,0.0,0.0,0.0,0.0,0.0,0.0,0.0,1.0,1.0,10.0,11.68,6.0,6.0,60.0,70.06,50.0,10.0,40.0,77.84,4.0,4.0,40.0,3.08,3.08,1.25,1.25,1.0,1.0,,0.0,0.0,0.0,0.0,0.0,0.0,0.0,0.1,60.0,0.0
2,新北中信特攻,10878|10881,曾信武/飛克,1,1,1.0,97.0,1.62,01:37,97.0,1.62,01:37,0.0,0.0,0.0,0.0,1.0,1.0,100.0,22.27,0.0,0.0,0.0,0.0,0.0,0.0,0.0,0.0,0.0,0.0,0.0,0.0,0.0,0.0,0.0,0.0,0.0,0.0,0.0,0.0,0.0,0.0,0.0,0.0,0.0,0.0,0.0,0.0,0.0,0.0,0.0,0.0,0.0,0.0,0.0,0.0,0.0,0.0,0.0,0.0,0.0,0.0,0.0,0.0,0.0,0.0,0.0,0.0,0.0,0.0,0.0,0.0,0.0,0.0,0.0,0.0,0.0,0.0,0.0,0.0,0.0,0.0,0.0,0.0,0.0,0.0,0.0,0.0,2.0,2.0,200.0,44.54,0.0,100.0,-100.0,14.85,-1.0,-1.0,-100.0,1.62,1.62,,,,,,,,,,,0.0,0.0,0.0,200.0,
2,新北中信特攻,10878|10882,曾信武/霸夫,1,9,12.0,218.0,3.63,03:38,218.0,3.63,03:38,5.0,5.0,41.67,49.54,3.0,3.0,25.0,29.73,2.0,2.0,16.67,19.82,2.0,2.0,16.67,19.82,1.0,1.0,8.33,9.91,1.0,1.0,8.33,9.91,1.0,1.0,8.33,9.91,1.0,1.0,8.33,9.91,0.0,0.0,0.0,0.0,0.0,0.0,0.0,0.0,0.0,0.0,0.0,0.0,0.0,0.0,0.0,0.0,4.0,4.0,33.33,39.63,3.0,3.0,25.0,29.73,2.0,2.0,16.67,19.82,0.0,0.0,0.0,0.0,2.0,2.0,16.67,19.82,0.0,0.0,0.0,0.0,1.0,1.0,8.33,9.91,8.0,8.0,66.67,79.27,41.67,25.0,16.67,79.27,2.0,2.0,16.67,3.63,3.63,1.25,1.25,1.0,1.0,,0.5,0.0,0.0,0.0,0.0,16.67,0.0,0.08,66.67,0.0
2,新北中信特攻,35|113,李睿麒/林任鴻,2,29,34.0,476.79,7.95,07:57,238.4,3.97,03:58,14.0,7.0,41.18,63.42,15.0,7.5,44.12,67.95,15.0,7.5,44.12,67.95,6.0,3.0,17.65,27.18,7.0,3.5,20.59,31.71,5.0,2.5,14.71,22.65,8.0,4.0,23.53,36.24,1.0,0.5,2.94,4.53,1.0,0.5,2.94,4.53,1.0,0.5,2.94,4.53,3.0,1.5,8.82,13.59,5.0,2.5,14.71,22.65,2.0,1.0,5.88,9.06,3.0,1.5,8.82,13.59,2.0,1.0,5.88,9.06,3.0,1.5,8.82,13.59,0.0,0.0,0.0,0.0,1.0,0.5,2.94,4.53,2.0,1.0,5.88,9.06,4.0,2.0,11.76,18.12,41.18,44.12,-2.94,102.69,-1.0,-0.5,-2.94,7.95,3.97,0.43,0.45,0.71,0.12,1.0,0.11,0.5,0.5,0.71,0.62,0.0,2.94,0.06,11.76,0.07
2,新北中信特攻,39|43,魏嘉豪/林韋翰,5,36,41.0,629.58,10.49,10:30,125.92,2.1,02:06,7.0,1.4,17.07,24.02,26.0,5.2,63.41,89.2,14.0,2.8,34.15,48.03,3.0,0.6,7.32,10.29,6.0,1.2,14.63,20.59,2.0,0.4,4.88,6.86,8.0,1.6,19.51,27.45,1.0,0.2,2.44,3.43,0.0,0.0,0.0,0.0,0.0,0.0,0.0,0.0,1.0,0.2,2.44,3.43,10.0,2.0,24.39,34.31,4.0,0.8,9.76,13.72,6.0,1.2,14.63,20.59,5.0,1.0,12.2,17.15,3.0,0.6,7.32,10.29,3.0,0.6,7.32,10.29,1.0,0.2,2.44,3.43,1.0,0.2,2.44,3.43,0.0,0.0,0.0,0.0,17.07,63.41,-46.34,93.78,-19.0,-3.8,-46.34,10.49,2.1,0.25,0.25,0.33,0.12,,0.26,1.0,0.14,0.71,0.52,7.32,2.44,0.02,0.0,0.0
2,新北中信特攻,39|10878,魏嘉豪/曾信武,3,35,39.0,490.55,8.18,08:11,163.52,2.73,02:44,17.0,5.67,43.59,74.85,23.0,7.67,58.97,101.27,13.0,4.33,33.33,57.24,5.0,1.67,12.82,22.02,4.0,1.33,10.26,17.61,0.0,0.0,0.0,0.0,9.0,3.0,23.08,39.63,5.0,1.67,12.82,22.02,3.0,1.0,7.69,13.21,2.0,0.67,5.13,8.81,1.0,0.33,2.56,4.4,6.0,2.0,15.38,26.42,1.0,0.33,2.56,4.4,7.0,2.33,17.95,30.82,5.0,1.67,12.82,22.02,4.0,1.33,10.26,17.61,4.0,1.33,10.26,17.61,1.0,0.33,2.56,4.4,3.0,1.0,7.69,13.21,15.0,5.0,38.46,66.05,43.59,58.97,-15.38,114.48,-6.0,-2.0,-15.38,8.18,2.73,0.58,0.59,0.0,0.56,0.67,0.26,0.8,0.12,0.86,0.47,10.26,2.56,0.08,38.46,0.23
2,新北中信特攻,10878|10880,曾信武/內馬,1,8,11.0,120.99,2.02,02:01,120.99,2.02,02:01,5.0,5.0,45.45,89.26,2.0,2.0,18.18,35.7,2.0,2.0,18.18,35.7,2.0,2.0,18.18,35.7,1.0,1.0,9.09,17.85,1.0,1.0,9.09,17.85,1.0,1.0,9.09,17.85,1.0,1.0,9.09,17.85,0.0,0.0,0.0,0.0,0.0,0.0,0.0,0.0,0.0,0.0,0.0,0.0,0.0,0.0,0.0,0.0,4.0,4.0,36.36,71.41,3.0,3.0,27.27,53.56,2.0,2.0,18.18,35.7,0.0,0.0,0.0,0.0,2.0,2.0,18.18,35.7,0.0,0.0,0.0,0.0,1.0,1.0,9.09,17.85,6.0,6.0,54.55,107.11,45.45,18.18,27.27,130.91,3.0,3.0,27.27,2.02,2.02,1.25,1.25,1.0,1.0,,0.5,0.0,0.0,0.0,0.0,18.18,0.0,0.09,54.55,0.0
2,新北中信特攻,35|38,李睿麒/余維豪,2,25,29.0,412.0,6.87,06:52,206.0,3.43,03:26,14.0,7.0,48.28,73.4,15.0,7.5,51.72,78.64,13.0,6.5,44.83,68.16,6.0,3.0,20.69,31.46,7.0,3.5,24.14,36.7,5.0,2.5,17.24,26.21,6.0,3.0,20.69,31.46,1.0,0.5,3.45,5.24,1.0,0.5,3.45,5.24,1.0,0.5,3.45,5.24,2.0,1.0,6.9,10.49,4.0,2.0,13.79,20.97,2.0,1.0,6.9,10.49,3.0,1.5,10.34,15.73,2.0,1.0,6.9,10.49,3.0,1.5,10.34,15.73,0.0,0.0,0.0,0.0,1.0,0.5,3.45,5.24,2.0,1.0,6.9,10.49,4.0,2.0,13.79,20.97,48.28,51.72,-3.45,101.36,-1.0,-0.5,-3.45,6.87,3.43,0.5,0.52,0.71,0.17,1.0,0.13,0.5,0.4,0.67,0.55,0.0,3.45,0.07,13.79,0.08
2,新北中信特攻,38|113,余維豪/林任鴻,4,53,65.0,798.62,13.31,13:19,199.66,3.33,03:20,20.0,5.0,30.77,54.09,29.0,7.25,44.62,78.44,26.0,6.5,40.0,70.32,9.0,2.25,13.85,24.34,18.0,4.5,27.69,48.68,8.0,2.0,12.31,21.64,8.0,2.0,12.31,21.64,1.0,0.25,1.54,2.7,1.0,0.25,1.54,2.7,1.0,0.25,1.54,2.7,6.0,1.5,9.23,16.23,10.0,2.5,15.38,27.05,5.0,1.25,7.69,13.52,10.0,2.5,15.38,27.05,7.0,1.75,10.77,18.93,4.0,1.0,6.15,10.82,4.0,1.0,6.15,10.82,1.0,0.25,1.54,2.7,3.0,0.75,4.62,8.11,6.0,1.5,9.23,16.23,30.77,44.62,-13.85,117.2,-9.0,-2.25,-13.85,13.31,3.33,0.37,0.38,0.44,0.12,1.0,0.21,0.44,0.38,0.67,0.52,6.15,1.54,0.05,9.23,0.04
2,新北中信特攻,38|10879,余維豪/簡廷兆,4,55,63.0,874.22,14.57,14:34,218.55,3.64,03:39,26.0,6.5,41.27,64.24,23.0,5.75,36.51,56.83,23.0,5.75,36.51,56.83,10.0,2.5,15.87,24.71,15.0,3.75,23.81,37.06,8.0,2.0,12.7,19.77,8.0,2.0,12.7,19.77,2.0,0.5,3.17,4.94,4.0,1.0,6.35,9.88,4.0,1.0,6.35,9.88,3.0,0.75,4.76,7.41,9.0,2.25,14.29,22.24,5.0,1.25,7.94,12.35,12.0,3.0,19.05,29.65,5.0,1.25,7.94,12.35,7.0,1.75,11.11,17.3,3.0,0.75,4.76,7.41,1.0,0.25,1.59,2.47,5.0,1.25,7.94,12.35,8.0,2.0,12.7,19.77,41.27,36.51,4.76,103.77,3.0,0.75,4.76,14.57,3.64,0.48,0.53,0.53,0.25,1.0,0.17,0.7,0.2,0.64,0.41,4.76,1.59,0.08,12.7,0.17
2,新北中信特攻,38|10883,余維豪/林安龍,2,11,13.0,138.0,2.3,02:18,69.0,1.15,01:09,3.0,1.5,23.08,46.96,7.0,3.5,53.85,109.57,5.0,2.5,38.46,78.26,1.0,0.5,7.69,15.65,3.0,1.5,23.08,46.96,1.0,0.5,7.69,15.65,2.0,1.0,15.38,31.3,0.0,0.0,0.0,0.0,1.0,0.5,7.69,15.65,1.0,0.5,7.69,15.65,1.0,0.5,7.69,15.65,2.0,1.0,15.38,31.3,1.0,0.5,7.69,15.65,0.0,0.0,0.0,0.0,1.0,0.5,7.69,15.65,0.0,0.0,0.0,0.0,0.0,0.0,0.0,0.0,0.0,0.0,0.0,0.0,1.0,0.5,7.69,15.65,0.0,0.0,0.0,0.0,23.08,53.85,-30.77,135.65,-4.0,-2.0,-30.77,2.3,1.15,0.2,0.28,0.33,0.0,1.0,0.16,0.0,1.0,0.67,0.75,0.0,0.0,0.08,0.0,0.2
2,新北中信特攻,113|10883,林任鴻/林安龍,2,11,13.0,138.0,2.3,02:18,69.0,1.15,01:09,3.0,1.5,23.08,46.96,7.0,3.5,53.85,109.57,5.0,2.5,38.46,78.26,1.0,0.5,7.69,15.65,3.0,1.5,23.08,46.96,1.0,0.5,7.69,15.65,2.0,1.0,15.38,31.3,0.0,0.0,0.0,0.0,1.0,0.5,7.69,15.65,1.0,0.5,7.69,15.65,1.0,0.5,7.69,15.65,2.0,1.0,15.38,31.3,1.0,0.5,7.69,15.65,0.0,0.0,0.0,0.0,1.0,0.5,7.69,15.65,0.0,0.0,0.0,0.0,0.0,0.0,0.0,0.0,0.0,0.0,0.0,0.0,1.0,0.5,7.69,15.65,0.0,0.0,0.0,0.0,23.08,53.85,-30.77,135.65,-4.0,-2.0,-30.77,2.3,1.15,0.2,0.28,0.33,0.0,1.0,0.16,0.0,1.0,0.67,0.75,0.0,0.0,0.08,0.0,0.2
2,新北中信特攻,35|10878,李睿麒/曾信武,1,6,6.0,88.0,1.47,01:28,88.0,1.47,01:28,3.0,3.0,50.0,73.64,2.0,2.0,33.33,49.09,3.0,3.0,50.0,73.64,1.0,1.0,16.67,24.55,1.0,1.0,16.67,24.55,1.0,1.0,16.67,24.55,2.0,2.0,33.33,49.09,0.0,0.0,0.0,0.0,1.0,1.0,16.67,24.55,1.0,1.0,16.67,24.55,0.0,0.0,0.0,0.0,1.0,1.0,16.67,24.55,0.0,0.0,0.0,0.0,0.0,0.0,0.0,0.0,0.0,0.0,0.0,0.0,0.0,0.0,0.0,0.0,0.0,0.0,0.0,0.0,0.0,0.0,0.0,0.0,1.0,1.0,16.67,24.55,0.0,0.0,0.0,0.0,50.0,33.33,16.67,98.18,1.0,1.0,16.67,1.47,1.47,0.33,0.44,1.0,0.0,1.0,0.0,0.0,,1.0,1.0,0.0,0.0,0.17,0.0,0.33
2,新北中信特攻,38|10878,余維豪/曾信武,2,26,31.0,369.62,6.16,06:10,184.81,3.08,03:05,7.0,3.5,22.58,40.91,12.0,6.0,38.71,70.13,13.0,6.5,41.94,75.97,3.0,1.5,9.68,17.53,9.0,4.5,29.03,52.59,3.0,1.5,9.68,17.53,4.0,2.0,12.9,23.38,0.0,0.0,0.0,0.0,1.0,0.5,3.23,5.84,1.0,0.5,3.23,5.84,3.0,1.5,9.68,17.53,6.0,3.0,19.35,35.06,1.0,0.5,3.23,5.84,6.0,3.0,19.35,35.06,4.0,2.0,12.9,23.38,1.0,0.5,3.23,5.84,3.0,1.5,9.68,17.53,0.0,0.0,0.0,0.0,1.0,0.5,3.23,5.84,2.0,1.0,6.45,11.69,22.58,38.71,-16.13,120.77,-5.0,-2.5,-16.13,6.16,3.08,0.23,0.26,0.33,0.0,1.0,0.23,0.33,0.33,0.86,0.56,9.68,0.0,0.03,6.45,0.08
2,新北中信特攻,113|10878,林任鴻/曾信武,3,52,60.0,729.17,12.15,12:09,243.06,4.05,04:03,18.0,6.0,30.0,53.32,27.0,9.0,45.0,79.98,22.0,7.33,36.67,65.17,6.0,2.0,10.0,17.77,12.0,4.0,20.0,35.55,3.0,1.0,5.0,8.89,10.0,3.33,16.67,29.62,3.0,1.0,5.0,8.89,4.0,1.33,6.67,11.85,3.0,1.0,5.0,8.89,3.0,1.0,5.0,8.89,11.0,3.67,18.33,32.58,2.0,0.67,3.33,5.92,12.0,4.0,20.0,35.55,7.0,2.33,11.67,20.74,3.0,1.0,5.0,8.89,5.0,1.67,8.33,14.81,1.0,0.33,1.67,2.96,4.0,1.33,6.67,11.85,11.0,3.67,18.33,32.58,30.0,45.0,-15.0,118.49,-9.0,-3.0,-15.0,12.15,4.05,0.34,0.38,0.25,0.3,0.75,0.23,0.5,0.2,0.85,0.5,8.33,1.67,0.07,18.33,0.18
2,新北中信特攻,10878|10883,曾信武/林安龍,3,21,26.0,306.49,5.11,05:06,102.16,1.7,01:42,14.0,4.67,53.85,98.66,14.0,4.67,53.85,98.66,11.0,3.67,42.31,77.52,5.0,1.67,19.23,35.24,3.0,1.0,11.54,21.14,2.0,0.67,7.69,14.09,8.0,2.67,30.77,56.38,3.0,1.0,11.54,21.14,1.0,0.33,3.85,7.05,1.0,0.33,3.85,7.05,2.0,0.67,7.69,14.09,3.0,1.0,11.54,21.14,2.0,0.67,7.69,14.09,3.0,1.0,11.54,21.14,1.0,0.33,3.85,7.05,3.0,1.0,11.54,21.14,0.0,0.0,0.0,0.0,0.0,0.0,0.0,0.0,2.0,0.67,7.69,14.09,6.0,2.0,23.08,42.28,53.85,53.85,0.0,122.16,0.0,0.0,0.0,5.11,1.7,0.59,0.61,0.67,0.38,1.0,0.08,0.6,0.4,0.6,0.5,0.0,0.0,0.08,23.08,0.09
2,新竹御嵿攻城獅,80|90,田浩/李啓瑋,5,97,106.0,1335.35,22.26,22:15,267.07,4.45,04:27,50.0,10.0,47.17,80.88,43.0,8.6,40.57,69.55,36.0,7.2,33.96,58.23,15.0,3.0,14.15,24.26,19.0,3.8,17.92,30.73,10.0,2.0,9.43,16.18,17.0,3.4,16.04,27.5,5.0,1.0,4.72,8.09,19.0,3.8,17.92,30.73,15.0,3.0,14.15,24.26,5.0,1.0,4.72,8.09,18.0,3.6,16.98,29.12,3.0,0.6,2.83,4.85,17.0,3.4,16.04,27.5,8.0,1.6,7.55,12.94,12.0,2.4,11.32,19.41,3.0,0.6,2.83,4.85,1.0,0.2,0.94,1.62,14.0,2.8,13.21,22.65,10.0,2.0,9.43,16.18,47.17,40.57,6.6,114.31,7.0,1.4,6.6,22.26,4.45,0.49,0.56,0.53,0.29,0.79,0.15,0.8,0.23,0.86,0.53,2.83,0.94,0.13,9.43,0.53
2,臺北台新戰神,11|10867,蘇奕晉/威力斯,7,169,187.0,2523.65,42.06,42:04,360.52,6.01,06:01,86.0,12.29,45.99,73.61,68.0,9.71,36.36,58.2,64.0,9.14,34.22,54.78,32.0,4.57,17.11,27.39,40.0,5.71,21.39,34.24,26.0,3.71,13.9,22.25,24.0,3.43,12.83,20.54,6.0,0.86,3.21,5.14,21.0,3.0,11.23,17.97,16.0,2.29,8.56,13.69,10.0,1.43,5.35,8.56,23.0,3.29,12.3,19.69,4.0,0.57,2.14,3.42,33.0,4.71,17.65,28.24,19.0,2.71,10.16,16.26,18.0,2.57,9.63,15.41,9.0,1.29,4.81,7.7,5.0,0.71,2.67,4.28,20.0,2.86,10.7,17.12,23.0,3.29,12.3,19.69,45.99,36.36,9.63,106.7,18.0,2.57,9.63,42.06,6.01,0.55,0.59,0.65,0.25,0.76,0.21,0.56,0.23,0.85,0.47,4.81,2.67,0.11,12.3,0.33
2,臺北台新戰神,1|11,丁聖儒/蘇奕晉,11,438,513.0,6996.06,116.6,116:36,636.01,10.6,10:36,236.0,21.45,46.0,72.86,216.0,19.64,42.11,66.69,182.0,16.55,35.48,56.19,78.0,7.09,15.2,24.08,99.0,9.0,19.3,30.57,52.0,4.73,10.14,16.05,83.0,7.55,16.18,25.63,26.0,2.36,5.07,8.03,73.0,6.64,14.23,22.54,54.0,4.91,10.53,16.67,32.0,2.91,6.24,9.88,75.0,6.82,14.62,23.16,25.0,2.27,4.87,7.72,82.0,7.45,15.98,25.32,37.0,3.36,7.21,11.42,52.0,4.73,10.14,16.05,19.0,1.73,3.7,5.87,9.0,0.82,1.75,2.78,56.0,5.09,10.92,17.29,47.0,4.27,9.16,14.51,46.0,42.11,3.9,105.59,20.0,1.82,3.9,116.6,10.6,0.5,0.55,0.53,0.31,0.74,0.15,0.67,0.28,0.75,0.5,3.7,1.75,0.11,9.16,0.4
2,新竹御嵿攻城獅,80|10888,田浩/帕塞獅,8,120,132.0,1756.78,29.28,29:17,219.6,3.66,03:40,74.0,9.25,56.06,90.98,60.0,7.5,45.45,73.77,51.0,6.38,38.64,62.71,25.0,3.12,18.94,30.74,30.0,3.75,22.73,36.89,16.0,2.0,12.12,19.67,21.0,2.62,15.91,25.82,9.0,1.12,6.82,11.07,19.0,2.38,14.39,23.36,15.0,1.88,11.36,18.44,7.0,0.88,5.3,8.61,20.0,2.5,15.15,24.59,2.0,0.25,1.52,2.46,19.0,2.38,14.39,23.36,7.0,0.88,5.3,8.61,13.0,1.62,9.85,15.98,3.0,0.38,2.27,3.69,1.0,0.12,0.76,1.23,22.0,2.75,16.67,27.05,14.0,1.75,10.61,17.21,56.06,45.45,10.61,108.2,14.0,1.75,10.61,29.28,3.66,0.58,0.62,0.53,0.43,0.79,0.11,0.52,0.27,0.91,0.56,2.27,0.76,0.17,10.61,0.37
2,新竹御嵿攻城獅,80|88,田浩/盧冠軒,10,137,155.0,2186.43,36.44,36:26,218.64,3.64,03:39,60.0,6.0,38.71,59.27,73.0,7.3,47.1,72.12,58.0,5.8,37.42,57.3,21.0,2.1,13.55,20.75,26.0,2.6,16.77,25.69,12.0,1.2,7.74,11.85,32.0,3.2,20.65,31.61,9.0,0.9,5.81,8.89,13.0,1.3,8.39,12.84,10.0,1.0,6.45,9.88,7.0,0.7,4.52,6.92,32.0,3.2,20.65,31.61,8.0,0.8,5.16,7.9,24.0,2.4,15.48,23.71,11.0,1.1,7.1,10.87,12.0,1.2,7.74,11.85,8.0,0.8,5.16,7.9,2.0,0.2,1.29,1.98,16.0,1.6,10.32,15.81,10.0,1.0,6.45,9.88,38.71,47.1,-8.39,102.08,-13.0,-1.3,-8.39,36.44,3.64,0.44,0.47,0.46,0.28,0.77,0.15,0.57,0.23,0.8,0.55,5.16,1.29,0.1,6.45,0.22
2,新北中信特攻,43|10883,林韋翰/林安龍,1,6,7.0,75.26,1.25,01:15,75.26,1.25,01:15,3.0,3.0,42.86,86.1,2.0,2.0,28.57,57.4,2.0,2.0,28.57,57.4,1.0,1.0,14.29,28.7,1.0,1.0,14.29,28.7,1.0,1.0,14.29,28.7,1.0,1.0,14.29,28.7,0.0,0.0,0.0,0.0,2.0,2.0,28.57,57.4,1.0,1.0,14.29,28.7,1.0,1.0,14.29,28.7,0.0,0.0,0.0,0.0,0.0,0.0,0.0,0.0,2.0,2.0,28.57,57.4,1.0,1.0,14.29,28.7,0.0,0.0,0.0,0.0,0.0,0.0,0.0,0.0,0.0,0.0,0.0,0.0,1.0,1.0,14.29,28.7,2.0,2.0,28.57,57.4,42.86,28.57,14.29,133.93,1.0,1.0,14.29,1.25,1.25,0.5,0.52,1.0,0.0,0.5,0.26,0.0,0.33,,0.33,0.0,0.0,0.14,28.57,1.0
2,新北中信特攻,44|10883,黃泓瀚/林安龍,4,38,48.0,523.66,8.73,08:44,130.92,2.18,02:11,18.0,4.5,37.5,74.25,28.0,7.0,58.33,115.49,16.0,4.0,33.33,66.0,5.0,1.25,10.42,20.62,6.0,1.5,12.5,24.75,2.0,0.5,4.17,8.25,10.0,2.5,20.83,41.25,3.0,0.75,6.25,12.37,6.0,1.5,12.5,24.75,5.0,1.25,10.42,20.62,4.0,1.0,8.33,16.5,7.0,1.75,14.58,28.87,4.0,1.0,8.33,16.5,9.0,2.25,18.75,37.12,3.0,0.75,6.25,12.37,3.0,0.75,6.25,12.37,1.0,0.25,2.08,4.12,0.0,0.0,0.0,0.0,4.0,1.0,8.33,16.5,12.0,3.0,25.0,49.5,37.5,58.33,-20.83,131.99,-10.0,-2.5,-20.83,8.73,2.18,0.41,0.48,0.33,0.3,0.83,0.14,0.6,0.31,0.64,0.46,2.08,0.0,0.08,25.0,0.38
2,新北中信特攻,8889|10883,馬可/林安龍,1,6,7.0,75.26,1.25,01:15,75.26,1.25,01:15,3.0,3.0,42.86,86.1,2.0,2.0,28.57,57.4,2.0,2.0,28.57,57.4,1.0,1.0,14.29,28.7,1.0,1.0,14.29,28.7,1.0,1.0,14.29,28.7,1.0,1.0,14.29,28.7,0.0,0.0,0.0,0.0,2.0,2.0,28.57,57.4,1.0,1.0,14.29,28.7,1.0,1.0,14.29,28.7,0.0,0.0,0.0,0.0,0.0,0.0,0.0,0.0,2.0,2.0,28.57,57.4,1.0,1.0,14.29,28.7,0.0,0.0,0.0,0.0,0.0,0.0,0.0,0.0,0.0,0.0,0.0,0.0,1.0,1.0,14.29,28.7,2.0,2.0,28.57,57.4,42.86,28.57,14.29,133.93,1.0,1.0,14.29,1.25,1.25,0.5,0.52,1.0,0.0,0.5,0.26,0.0,0.33,,0.33,0.0,0.0,0.14,28.57,1.0
2,福爾摩沙夢想家,73|83,陳振傑/吳家駿,5,55,75.0,1069.57,17.83,17:50,213.91,3.57,03:34,20.0,4.0,26.67,40.39,21.0,4.2,28.0,42.41,30.0,6.0,40.0,60.59,8.0,1.6,10.67,16.16,15.0,3.0,20.0,30.29,7.0,1.4,9.33,14.14,15.0,3.0,20.0,30.29,1.0,0.2,1.33,2.02,7.0,1.4,9.33,14.14,3.0,0.6,4.0,6.06,12.0,2.4,16.0,24.23,13.0,2.6,17.33,26.25,7.0,1.4,9.33,14.14,16.0,3.2,21.33,32.31,4.0,0.8,5.33,8.08,2.0,0.4,2.67,4.04,2.0,0.4,2.67,4.04,1.0,0.2,1.33,2.02,6.0,1.2,8.0,12.12,9.0,1.8,12.0,18.18,26.67,28.0,-1.33,100.98,-1.0,-0.2,-1.33,17.83,3.57,0.28,0.3,0.47,0.07,0.43,0.11,0.25,0.43,0.65,0.52,2.67,1.33,0.08,12.0,0.23
2,高雄全家海神,45|51,施晉堯/克力斯,15,802,942.0,13153.84,219.23,219:14,876.92,14.62,14:37,440.0,29.33,46.71,72.25,495.0,33.0,52.55,81.28,349.0,23.27,37.05,57.31,160.0,10.67,16.99,26.27,190.0,12.67,20.17,31.2,103.0,6.87,10.93,16.91,159.0,10.6,16.88,26.11,57.0,3.8,6.05,9.36,83.0,5.53,8.81,13.63,63.0,4.2,6.69,10.35,51.0,3.4,5.41,8.37,146.0,9.73,15.5,23.97,54.0,3.6,5.73,8.87,129.0,8.6,13.69,21.18,69.0,4.6,7.32,11.33,93.0,6.2,9.87,15.27,43.0,2.87,4.56,7.06,17.0,1.13,1.8,2.79,70.0,4.67,7.43,11.49,90.0,6.0,9.55,14.78,46.71,52.55,-5.84,103.12,-55.0,-3.67,-5.84,219.23,14.62,0.54,0.57,0.54,0.36,0.76,0.15,0.58,0.28,0.73,0.52,4.56,1.8,0.07,9.55,0.24
2,高雄全家海神,51|110,克力斯/胡瓏貿,21,1253,1488.0,20853.84,347.56,347:34,993.04,16.55,16:33,655.0,31.19,44.02,67.84,685.0,32.62,46.03,70.95,569.0,27.1,38.24,58.94,247.0,11.76,16.6,25.58,316.0,15.05,21.24,32.73,165.0,7.86,11.09,17.09,253.0,12.05,17.0,26.21,82.0,3.9,5.51,8.49,104.0,4.95,6.99,10.77,77.0,3.67,5.17,7.98,97.0,4.62,6.52,10.05,232.0,11.05,15.59,24.03,84.0,4.0,5.65,8.7,216.0,10.29,14.52,22.37,113.0,5.38,7.59,11.7,133.0,6.33,8.94,13.78,67.0,3.19,4.5,6.94,36.0,1.71,2.42,3.73,126.0,6.0,8.47,13.05,127.0,6.05,8.53,13.15,44.02,46.03,-2.02,102.75,-30.0,-1.43,-2.02,347.56,16.55,0.51,0.53,0.52,0.32,0.74,0.16,0.54,0.31,0.73,0.52,4.5,2.42,0.08,8.53,0.18
2,高雄全家海神,51|121,克力斯/吳曉謹,18,906,1094.0,14894.29,248.24,248:14,827.46,13.79,13:47,470.0,26.11,42.96,68.16,542.0,30.11,49.54,78.6,421.0,23.39,38.48,61.05,170.0,9.44,15.54,24.65,227.0,12.61,20.75,32.92,118.0,6.56,10.79,17.11,194.0,10.78,17.73,28.13,52.0,2.89,4.75,7.54,99.0,5.5,9.05,14.36,77.0,4.28,7.04,11.17,87.0,4.83,7.95,12.62,167.0,9.28,15.27,24.22,63.0,3.5,5.76,9.14,151.0,8.39,13.8,21.9,89.0,4.94,8.14,12.91,96.0,5.33,8.78,13.92,58.0,3.22,5.3,8.41,21.0,1.17,1.92,3.05,98.0,5.44,8.96,14.21,121.0,6.72,11.06,17.55,42.96,49.54,-6.58,105.77,-72.0,-4.0,-6.58,248.24,13.79,0.47,0.51,0.52,0.27,0.78,0.16,0.56,0.37,0.73,0.54,5.3,1.92,0.09,11.06,0.24
2,高雄全家海神,51|12908,克力斯/布里茲克,8,759,904.0,12534.68,208.91,208:55,1566.84,26.11,26:07,393.0,49.12,43.47,67.72,396.0,49.5,43.81,68.24,348.0,43.5,38.5,59.97,149.0,18.62,16.48,25.68,198.0,24.75,21.9,34.12,106.0,13.25,11.73,18.27,150.0,18.75,16.59,25.85,43.0,5.38,4.76,7.41,62.0,7.75,6.86,10.68,50.0,6.25,5.53,8.62,53.0,6.62,5.86,9.13,147.0,18.38,16.26,25.33,54.0,6.75,5.97,9.31,126.0,15.75,13.94,21.71,63.0,7.88,6.97,10.86,77.0,9.62,8.52,13.27,34.0,4.25,3.76,5.86,21.0,2.62,2.32,3.62,76.0,9.5,8.41,13.1,89.0,11.12,9.85,15.34,43.47,43.81,-0.33,103.85,-3.0,-0.38,-0.33,208.91,26.11,0.49,0.52,0.54,0.29,0.81,0.14,0.52,0.3,0.73,0.53,3.76,2.32,0.08,9.85,0.18
2,高雄全家海神,51|122,克力斯/陳懷安,12,445,532.0,7236.44,120.61,120:36,603.04,10.05,10:03,221.0,18.42,41.54,65.97,242.0,20.17,45.49,72.23,198.0,16.5,37.22,59.1,79.0,6.58,14.85,23.58,105.0,8.75,19.74,31.34,53.0,4.42,9.96,15.82,93.0,7.75,17.48,27.76,26.0,2.17,4.89,7.76,43.0,3.58,8.08,12.84,35.0,2.92,6.58,10.45,42.0,3.5,7.89,12.54,74.0,6.17,13.91,22.09,24.0,2.0,4.51,7.16,62.0,5.17,11.65,18.51,49.0,4.08,9.21,14.63,39.0,3.25,7.33,11.64,34.0,2.83,6.39,10.15,6.0,0.5,1.13,1.79,48.0,4.0,9.02,14.33,67.0,5.58,12.59,20.0,41.54,45.49,-3.95,105.86,-21.0,-1.75,-3.95,120.61,10.05,0.46,0.51,0.5,0.28,0.81,0.18,0.49,0.4,0.76,0.57,6.39,1.13,0.09,12.59,0.22
2,高雄全家海神,51|116,克力斯/呂威霆,19,686,832.0,12788.6,213.14,213:09,673.08,11.22,11:13,349.0,18.37,41.95,58.95,409.0,21.53,49.16,69.08,319.0,16.79,38.34,53.88,123.0,6.47,14.78,20.77,175.0,9.21,21.03,29.56,78.0,4.11,9.38,13.17,144.0,7.58,17.31,24.32,45.0,2.37,5.41,7.6,77.0,4.05,9.25,13.01,58.0,3.05,6.97,9.8,72.0,3.79,8.65,12.16,131.0,6.89,15.75,22.13,48.0,2.53,5.77,8.11,123.0,6.47,14.78,20.77,59.0,3.11,7.09,9.97,77.0,4.05,9.25,13.01,43.0,2.26,5.17,7.26,15.0,0.79,1.8,2.53,69.0,3.63,8.29,11.65,103.0,5.42,12.38,17.4,41.95,49.16,-7.21,93.68,-60.0,-3.16,-7.21,213.14,11.22,0.46,0.49,0.45,0.31,0.75,0.14,0.63,0.37,0.73,0.54,5.17,1.8,0.08,12.38,0.24
2,高雄全家海神,51|118,克力斯/蘇文儒,13,1076,1281.0,19469.42,324.49,324:29,1497.65,24.96,24:58,549.0,42.23,42.86,60.91,625.0,48.08,48.79,69.34,487.0,37.46,38.02,54.03,206.0,15.85,16.08,22.85,282.0,21.69,22.01,31.29,140.0,10.77,10.93,15.53,205.0,15.77,16.0,22.74,66.0,5.08,5.15,7.32,99.0,7.62,7.73,10.98,71.0,5.46,5.54,7.88,88.0,6.77,6.87,9.76,204.0,15.69,15.93,22.63,67.0,5.15,5.23,7.43,198.0,15.23,15.46,21.97,97.0,7.46,7.57,10.76,114.0,8.77,8.9,12.65,61.0,4.69,4.76,6.77,29.0,2.23,2.26,3.22,109.0,8.38,8.51,12.09,110.0,8.46,8.59,12.2,42.86,48.79,-5.93,94.75,-76.0,-5.85,-5.93,324.49,24.96,0.49,0.52,0.5,0.32,0.72,0.15,0.55,0.31,0.75,0.52,4.76,2.26,0.09,8.59,0.2
2,高雄全家海神,51|10891,克力斯/廖偉皓,12,525,622.0,9481.8,158.03,158:02,790.15,13.17,13:10,292.0,24.33,46.95,66.52,330.0,27.5,53.05,75.18,244.0,20.33,39.23,55.58,110.0,9.17,17.68,25.06,127.0,10.58,20.42,28.93,69.0,5.75,11.09,15.72,117.0,9.75,18.81,26.65,41.0,3.42,6.59,9.34,42.0,3.5,6.75,9.57,31.0,2.58,4.98,7.06,43.0,3.58,6.91,9.8,100.0,8.33,16.08,22.78,31.0,2.58,4.98,7.06,94.0,7.83,15.11,21.41,40.0,3.33,6.43,9.11,69.0,5.75,11.09,15.72,28.0,2.33,4.5,6.38,9.0,0.75,1.45,2.05,48.0,4.0,7.72,10.93,59.0,4.92,9.49,13.44,46.95,53.05,-6.11,94.46,-38.0,-3.17,-6.11,158.03,13.17,0.53,0.56,0.54,0.35,0.74,0.13,0.63,0.31,0.76,0.53,4.5,1.45,0.08,9.49,0.17
2,高雄全家海神,51|10894,克力斯/凱帝,1,9,13.0,187.69,3.13,03:08,187.69,3.13,03:08,7.0,7.0,53.85,80.56,9.0,9.0,69.23,103.57,6.0,6.0,46.15,69.05,2.0,2.0,15.38,23.02,2.0,2.0,15.38,23.02,1.0,1.0,7.69,11.51,4.0,4.0,30.77,46.03,1.0,1.0,7.69,11.51,2.0,2.0,15.38,23.02,2.0,2.0,15.38,23.02,2.0,2.0,15.38,23.02,2.0,2.0,15.38,23.02,1.0,1.0,7.69,11.51,0.0,0.0,0.0,0.0,0.0,0.0,0.0,0.0,3.0,3.0,23.08,34.52,0.0,0.0,0.0,0.0,0.0,0.0,0.0,0.0,1.0,1.0,7.69,11.51,2.0,2.0,15.38,23.02,53.85,69.23,-15.38,99.74,-2.0,-2.0,-15.38,3.13,3.13,0.42,0.51,0.5,0.25,1.0,0.0,1.5,1.0,0.67,0.8,0.0,0.0,0.08,15.38,0.33
2,高雄全家海神,51|123,克力斯/勤明慶,2,5,7.0,82.93,1.38,01:23,41.46,0.69,00:41,0.0,0.0,0.0,0.0,1.0,0.5,14.29,26.05,2.0,1.0,28.57,52.09,0.0,0.0,0.0,0.0,1.0,0.5,14.29,26.05,0.0,0.0,0.0,0.0,1.0,0.5,14.29,26.05,0.0,0.0,0.0,0.0,2.0,1.0,28.57,52.09,0.0,0.0,0.0,0.0,1.0,0.5,14.29,26.05,2.0,1.0,28.57,52.09,0.0,0.0,0.0,0.0,3.0,1.5,42.86,78.14,1.0,0.5,14.29,26.05,0.0,0.0,0.0,0.0,0.0,0.0,0.0,0.0,0.0,0.0,0.0,0.0,1.0,0.5,14.29,26.05,2.0,1.0,28.57,52.09,0.0,14.29,-14.29,121.55,-1.0,-0.5,-14.29,1.38,0.69,0.0,0.0,0.0,0.0,0.0,0.26,,0.25,1.0,0.5,0.0,0.0,0.14,28.57,1.0
2,高雄全家海神,51|13275,克力斯/吳彥侖,11,581,694.0,9588.32,159.81,159:48,871.67,14.53,14:32,317.0,28.82,45.68,71.41,337.0,30.64,48.56,75.92,270.0,24.55,38.9,60.82,120.0,10.91,17.29,27.03,153.0,13.91,22.05,34.47,80.0,7.27,11.53,18.02,117.0,10.64,16.86,26.36,40.0,3.64,5.76,9.01,47.0,4.27,6.77,10.59,36.0,3.27,5.19,8.11,47.0,4.27,6.77,10.59,111.0,10.09,15.99,25.01,36.0,3.27,5.19,8.11,98.0,8.91,14.12,22.08,46.0,4.18,6.63,10.36,72.0,6.55,10.37,16.22,29.0,2.64,4.18,6.53,16.0,1.45,2.31,3.6,65.0,5.91,9.37,14.64,49.0,4.45,7.06,11.04,45.68,48.56,-2.88,104.23,-20.0,-1.82,-2.88,159.81,14.53,0.52,0.55,0.52,0.34,0.77,0.14,0.6,0.32,0.76,0.54,4.18,2.31,0.09,7.06,0.17
2,高雄全家海神,110|13275,胡瓏貿/吳彥侖,14,602,716.0,9967.37,166.12,166:07,711.96,11.87,11:52,312.0,22.29,43.58,67.61,349.0,24.93,48.74,75.63,285.0,20.36,39.8,61.76,122.0,8.71,17.04,26.44,161.0,11.5,22.49,34.89,85.0,6.07,11.87,18.42,124.0,8.86,17.32,26.87,37.0,2.64,5.17,8.02,38.0,2.71,5.31,8.23,30.0,2.14,4.19,6.5,49.0,3.5,6.84,10.62,113.0,8.07,15.78,24.49,40.0,2.86,5.59,8.67,101.0,7.21,14.11,21.89,51.0,3.64,7.12,11.05,58.0,4.14,8.1,12.57,27.0,1.93,3.77,5.85,20.0,1.43,2.79,4.33,56.0,4.0,7.82,12.14,53.0,3.79,7.4,11.49,43.58,48.74,-5.17,103.44,-37.0,-2.64,-5.17,166.12,11.87,0.49,0.52,0.53,0.3,0.79,0.14,0.48,0.33,0.74,0.53,3.77,2.79,0.08,7.4,0.13
2,高雄全家海神,118|13275,蘇文儒/吳彥侖,5,430,511.0,7257.08,120.95,120:57,1451.42,24.19,24:11,214.0,42.8,41.88,63.7,255.0,51.0,49.9,75.9,195.0,39.0,38.16,58.04,81.0,16.2,15.85,24.11,113.0,22.6,22.11,33.63,59.0,11.8,11.55,17.56,82.0,16.4,16.05,24.41,22.0,4.4,4.31,6.55,37.0,7.4,7.24,11.01,30.0,6.0,5.87,8.93,30.0,6.0,5.87,8.93,87.0,17.4,17.03,25.89,26.0,5.2,5.09,7.74,74.0,14.8,14.48,22.03,37.0,7.4,7.24,11.01,42.0,8.4,8.22,12.5,20.0,4.0,3.91,5.95,13.0,2.6,2.54,3.87,47.0,9.4,9.2,13.99,40.0,8.0,7.83,11.91,41.88,49.9,-8.02,101.4,-41.0,-8.2,-8.02,120.95,24.19,0.47,0.51,0.52,0.27,0.81,0.15,0.52,0.29,0.77,0.54,3.91,2.54,0.09,7.83,0.19
2,高雄全家海神,12908|13275,布里茲克/吳彥侖,8,556,662.0,9205.68,153.43,153:26,1150.71,19.18,19:11,277.0,34.62,41.84,64.99,298.0,37.25,45.02,69.92,258.0,32.25,38.97,60.54,103.0,12.88,15.56,24.17,143.0,17.88,21.6,33.55,72.0,9.0,10.88,16.89,115.0,14.38,17.37,26.98,31.0,3.88,4.68,7.27,47.0,5.88,7.1,11.03,38.0,4.75,5.74,8.92,45.0,5.62,6.8,10.56,112.0,14.0,16.92,26.28,36.0,4.5,5.44,8.45,96.0,12.0,14.5,22.53,48.0,6.0,7.25,11.26,53.0,6.62,8.01,12.44,24.0,3.0,3.63,5.63,18.0,2.25,2.72,4.22,64.0,8.0,9.67,15.02,50.0,6.25,7.55,11.73,41.84,45.02,-3.17,103.55,-21.0,-2.62,-3.17,153.43,19.18,0.46,0.5,0.5,0.27,0.81,0.15,0.51,0.32,0.76,0.54,3.63,2.72,0.1,7.55,0.18
2,高雄全家海神,123|13275,勤明慶/吳彥侖,5,70,87.0,1108.68,18.48,18:29,221.74,3.7,03:42,37.0,7.4,42.53,72.09,30.0,6.0,34.48,58.45,27.0,5.4,31.03,52.6,11.0,2.2,12.64,21.43,15.0,3.0,17.24,29.22,7.0,1.4,8.05,13.64,12.0,2.4,13.79,23.38,4.0,0.8,4.6,7.79,15.0,3.0,17.24,29.22,11.0,2.2,12.64,21.43,3.0,0.6,3.45,5.84,13.0,2.6,14.94,25.33,5.0,1.0,5.75,9.74,13.0,2.6,14.94,25.33,10.0,2.0,11.49,19.48,3.0,0.6,3.45,5.84,5.0,1.0,5.75,9.74,2.0,0.4,2.3,3.9,10.0,2.0,11.49,19.48,15.0,3.0,17.24,29.22,42.53,34.48,8.05,113.0,7.0,1.4,8.05,18.48,3.7,0.48,0.55,0.47,0.33,0.73,0.23,0.27,0.19,0.72,0.47,5.75,2.3,0.11,17.24,0.56
2,高雄全家海神,12668|13275,歐提斯/吳彥侖,5,128,164.0,1920.48,32.01,32:00,384.1,6.4,06:24,68.0,13.6,41.46,76.48,68.0,13.6,41.46,76.48,46.0,9.2,28.05,51.74,22.0,4.4,13.41,24.74,26.0,5.2,15.85,29.24,14.0,2.8,8.54,15.75,20.0,4.0,12.2,22.49,8.0,1.6,4.88,9.0,18.0,3.6,10.98,20.24,13.0,2.6,7.93,14.62,10.0,2.0,6.1,11.25,17.0,3.4,10.37,19.12,17.0,3.4,10.37,19.12,13.0,2.6,7.93,14.62,20.0,4.0,12.2,22.49,13.0,2.6,7.93,14.62,11.0,2.2,6.71,12.37,4.0,0.8,2.44,4.5,15.0,3.0,9.15,16.87,11.0,2.2,6.71,12.37,41.46,41.46,0.0,122.97,0.0,0.0,0.0,32.01,6.4,0.57,0.63,0.54,0.4,0.72,0.27,0.59,0.43,0.5,0.47,6.71,2.44,0.09,6.71,0.39
2,高雄全家海神,51|108,克力斯/魏莨哲,8,221,258.0,3478.56,57.98,57:59,434.82,7.25,07:15,97.0,12.12,37.6,60.23,130.0,16.25,50.39,80.72,95.0,11.88,36.82,58.99,33.0,4.12,12.79,20.49,54.0,6.75,20.93,33.53,21.0,2.62,8.14,13.04,41.0,5.12,15.89,25.46,12.0,1.5,4.65,7.45,25.0,3.12,9.69,15.52,19.0,2.38,7.36,11.8,23.0,2.88,8.91,14.28,41.0,5.12,15.89,25.46,8.0,1.0,3.1,4.97,43.0,5.38,16.67,26.7,27.0,3.38,10.47,16.77,22.0,2.75,8.53,13.66,17.0,2.12,6.59,10.56,6.0,0.75,2.33,3.73,18.0,2.25,6.98,11.18,26.0,3.25,10.08,16.14,37.6,50.39,-12.79,106.8,-33.0,-4.12,-12.79,57.98,7.25,0.41,0.46,0.39,0.29,0.76,0.2,0.67,0.35,0.84,0.56,6.59,2.33,0.07,10.08,0.26
2,高雄全家海神,51|12668,克力斯/歐提斯,5,202,250.0,3170.13,52.84,52:50,634.03,10.57,10:34,99.0,19.8,39.6,67.45,123.0,24.6,49.2,83.81,86.0,17.2,34.4,58.6,37.0,7.4,14.8,25.21,55.0,11.0,22.0,37.47,30.0,6.0,12.0,20.44,31.0,6.2,12.4,21.12,7.0,1.4,2.8,4.77,22.0,4.4,8.8,14.99,18.0,3.6,7.2,12.26,18.0,3.6,7.2,12.26,30.0,6.0,12.0,20.44,18.0,3.6,7.2,12.26,31.0,6.2,12.4,21.12,22.0,4.4,8.8,14.99,18.0,3.6,7.2,12.26,18.0,3.6,7.2,12.26,4.0,0.8,1.6,2.73,21.0,4.2,8.4,14.31,29.0,5.8,11.6,19.76,39.6,49.2,-9.6,113.56,-24.0,-4.8,-9.6,52.84,10.57,0.47,0.52,0.55,0.23,0.82,0.19,0.49,0.37,0.62,0.49,7.2,1.6,0.08,11.6,0.26
2,高雄全家海神,121|13275,吳曉謹/吳彥侖,9,207,251.0,3152.71,52.55,52:33,350.3,5.84,05:50,106.0,11.78,42.23,72.62,127.0,14.11,50.6,87.01,94.0,10.44,37.45,64.4,39.0,4.33,15.54,26.72,49.0,5.44,19.52,33.57,29.0,3.22,11.55,19.87,45.0,5.0,17.93,30.83,10.0,1.11,3.98,6.85,21.0,2.33,8.37,14.39,16.0,1.78,6.37,10.96,22.0,2.44,8.76,15.07,35.0,3.89,13.94,23.98,13.0,1.44,5.18,8.91,34.0,3.78,13.55,23.29,22.0,2.44,8.76,15.07,21.0,2.33,8.37,14.39,16.0,1.78,6.37,10.96,6.0,0.67,2.39,4.11,19.0,2.11,7.57,13.02,18.0,2.0,7.17,12.33,42.23,50.6,-8.37,114.64,-21.0,-2.33,-8.37,52.55,5.84,0.47,0.51,0.59,0.22,0.76,0.18,0.54,0.39,0.73,0.55,6.37,2.39,0.08,7.17,0.22
2,高雄全家海神,122|13275,陳懷安/吳彥侖,1,19,23.0,293.69,4.89,04:54,293.69,4.89,04:54,9.0,9.0,39.13,66.19,11.0,11.0,47.83,80.9,7.0,7.0,30.43,51.48,4.0,4.0,17.39,29.42,5.0,5.0,21.74,36.77,3.0,3.0,13.04,22.06,2.0,2.0,8.7,14.71,1.0,1.0,4.35,7.35,0.0,0.0,0.0,0.0,0.0,0.0,0.0,0.0,2.0,2.0,8.7,14.71,1.0,1.0,4.35,7.35,3.0,3.0,13.04,22.06,1.0,1.0,4.35,7.35,3.0,3.0,13.04,22.06,1.0,1.0,4.35,7.35,3.0,3.0,13.04,22.06,0.0,0.0,0.0,0.0,3.0,3.0,13.04,22.06,4.0,4.0,17.39,29.42,39.13,47.83,-8.7,112.77,-2.0,-2.0,-8.7,4.89,4.89,0.64,0.64,0.6,0.5,,0.3,0.25,0.67,0.25,0.43,13.04,0.0,0.13,17.39,0.0
2,福爾摩沙夢想家,91|10890,簡偉儒/湯普金斯,8,252,303.0,4010.29,66.84,66:50,501.29,8.35,08:21,143.0,17.88,47.19,77.02,147.0,18.38,48.51,79.18,125.0,15.62,41.25,67.33,52.0,6.5,17.16,28.01,67.0,8.38,22.11,36.09,34.0,4.25,11.22,18.31,58.0,7.25,19.14,31.24,18.0,2.25,5.94,9.7,35.0,4.38,11.55,18.85,26.0,3.25,8.58,14.0,28.0,3.5,9.24,15.08,49.0,6.12,16.17,26.39,13.0,1.62,4.29,7.0,48.0,6.0,15.84,25.85,13.0,1.62,4.29,7.0,33.0,4.12,10.89,17.77,4.0,0.5,1.32,2.15,6.0,0.75,1.98,3.23,27.0,3.38,8.91,14.54,22.0,2.75,7.26,11.85,47.19,48.51,-1.32,108.8,-4.0,-0.5,-1.32,66.84,8.35,0.49,0.51,0.51,0.31,0.74,0.08,0.63,0.37,0.79,0.56,1.32,1.98,0.09,7.26,0.28
2,高雄全家海神,111|122,唐維傑/陳懷安,3,91,106.0,1436.23,23.94,23:56,478.74,7.98,07:59,46.0,15.33,43.4,69.18,43.0,14.33,40.57,64.67,41.0,13.67,38.68,61.66,19.0,6.33,17.92,28.57,29.0,9.67,27.36,43.61,14.0,4.67,13.21,21.06,12.0,4.0,11.32,18.05,5.0,1.67,4.72,7.52,10.0,3.33,9.43,15.04,7.0,2.33,6.6,10.53,9.0,3.0,8.49,13.54,13.0,4.33,12.26,19.55,5.0,1.67,4.72,7.52,16.0,5.33,15.09,24.06,9.0,3.0,8.49,13.54,13.0,4.33,12.26,19.55,8.0,2.67,7.55,12.03,0.0,0.0,0.0,0.0,13.0,4.33,12.26,19.55,5.0,1.67,4.72,7.52,43.4,40.57,2.83,106.28,3.0,1.0,2.83,23.94,7.98,0.52,0.51,0.48,0.42,0.7,0.17,0.68,0.36,0.72,0.51,7.55,0.0,0.12,4.72,0.24
2,高雄全家海神,111|123,唐維傑/勤明慶,4,25,34.0,402.04,6.7,06:42,100.51,1.68,01:41,8.0,2.0,23.53,42.98,17.0,4.25,50.0,91.34,11.0,2.75,32.35,59.1,1.0,0.25,2.94,5.37,8.0,2.0,23.53,42.98,1.0,0.25,2.94,5.37,3.0,0.75,8.82,16.12,0.0,0.0,0.0,0.0,9.0,2.25,26.47,48.35,6.0,1.5,17.65,32.24,4.0,1.0,11.76,21.49,6.0,1.5,17.65,32.24,3.0,0.75,8.82,16.12,4.0,1.0,11.76,21.49,3.0,0.75,8.82,16.12,0.0,0.0,0.0,0.0,3.0,0.75,8.82,16.12,1.0,0.25,2.94,5.37,2.0,0.5,5.88,10.75,1.0,0.25,2.94,5.37,23.53,50.0,-26.47,121.78,-9.0,-2.25,-26.47,6.7,1.68,0.09,0.27,0.12,0.0,0.67,0.17,0.0,0.5,0.67,0.59,8.82,2.94,0.06,2.94,0.82
2,高雄全家海神,111|10891,唐維傑/廖偉皓,5,106,126.0,1637.94,27.3,27:18,327.59,5.46,05:28,44.0,8.8,34.92,58.02,54.0,10.8,42.86,71.21,53.0,10.6,42.06,69.89,14.0,2.8,11.11,18.46,38.0,7.6,30.16,50.11,9.0,1.8,7.14,11.87,15.0,3.0,11.9,19.78,5.0,1.0,3.97,6.59,18.0,3.6,14.29,23.74,13.0,2.6,10.32,17.14,11.0,2.2,8.73,14.51,27.0,5.4,21.43,35.61,4.0,0.8,3.17,5.27,23.0,4.6,18.25,30.33,5.0,1.0,3.97,6.59,9.0,1.8,7.14,11.87,4.0,0.8,3.17,5.27,4.0,0.8,3.17,5.27,12.0,2.4,9.52,15.82,16.0,3.2,12.7,21.1,34.92,42.86,-7.94,110.77,-10.0,-2.0,-7.94,27.3,5.46,0.31,0.36,0.24,0.33,0.72,0.08,0.64,0.32,0.87,0.58,3.17,3.17,0.1,12.7,0.34
2,高雄全家海神,111|12668,唐維傑/歐提斯,4,159,188.0,2436.24,40.6,40:36,609.06,10.15,10:09,84.0,21.0,44.68,74.48,100.0,25.0,53.19,88.66,63.0,15.75,33.51,55.86,33.0,8.25,17.55,29.26,44.0,11.0,23.4,39.01,27.0,6.75,14.36,23.94,19.0,4.75,10.11,16.85,6.0,1.5,3.19,5.32,26.0,6.5,13.83,23.05,17.0,4.25,9.04,15.07,11.0,2.75,5.85,9.75,20.0,5.0,10.64,17.73,10.0,2.5,5.32,8.87,26.0,6.5,13.83,23.05,20.0,5.0,10.64,17.73,16.0,4.0,8.51,14.19,15.0,3.75,7.98,13.3,2.0,0.5,1.06,1.77,14.0,3.5,7.45,12.41,15.0,3.75,7.98,13.3,44.68,53.19,-8.51,111.12,-16.0,-4.0,-8.51,40.6,10.15,0.57,0.56,0.61,0.32,0.65,0.21,0.48,0.3,0.67,0.46,7.98,1.06,0.07,7.98,0.41
2,高雄全家海神,51|111,克力斯/唐維傑,9,307,369.0,4908.78,81.81,81:49,545.42,9.09,09:05,138.0,15.33,37.4,60.72,175.0,19.44,47.43,77.0,137.0,15.22,37.13,60.28,57.0,6.33,15.45,25.08,90.0,10.0,24.39,39.6,45.0,5.0,12.2,19.8,47.0,5.22,12.74,20.68,12.0,1.33,3.25,5.28,25.0,2.78,6.78,11.0,16.0,1.78,4.34,7.04,26.0,2.89,7.05,11.44,57.0,6.33,15.45,25.08,25.0,2.78,6.78,11.0,52.0,5.78,14.09,22.88,31.0,3.44,8.4,13.64,32.0,3.56,8.67,14.08,20.0,2.22,5.42,8.8,9.0,1.0,2.44,3.96,30.0,3.33,8.13,13.2,35.0,3.89,9.49,15.4,37.4,47.43,-10.03,108.25,-37.0,-4.11,-10.03,81.81,9.09,0.46,0.47,0.5,0.26,0.64,0.17,0.56,0.33,0.7,0.52,5.42,2.44,0.08,9.49,0.18
2,高雄全家海神,108|111,魏莨哲/唐維傑,4,87,103.0,1357.22,22.62,22:37,339.31,5.66,05:39,31.0,7.75,30.1,49.34,47.0,11.75,45.63,74.8,40.0,10.0,38.83,63.66,11.0,2.75,10.68,17.51,31.0,7.75,30.1,49.34,7.0,1.75,6.8,11.14,9.0,2.25,8.74,14.32,4.0,1.0,3.88,6.37,6.0,1.5,5.83,9.55,5.0,1.25,4.85,7.96,8.0,2.0,7.77,12.73,19.0,4.75,18.45,30.24,6.0,1.5,5.83,9.55,18.0,4.5,17.48,28.65,9.0,2.25,8.74,14.32,4.0,1.0,3.88,6.37,6.0,1.5,5.83,9.55,3.0,0.75,2.91,4.77,6.0,1.5,5.83,9.55,8.0,2.0,7.77,12.73,30.1,45.63,-15.53,109.28,-16.0,-4.0,-15.53,22.62,5.66,0.32,0.36,0.23,0.44,0.83,0.17,0.36,0.31,0.76,0.53,5.83,2.91,0.06,7.77,0.15
2,高雄全家海神,111|121,唐維傑/吳曉謹,10,231,283.0,3748.98,62.48,62:29,374.9,6.25,06:15,118.0,11.8,41.7,67.99,116.0,11.6,40.99,66.83,110.0,11.0,38.87,63.38,42.0,4.2,14.84,24.2,64.0,6.4,22.61,36.87,28.0,2.8,9.89,16.13,46.0,4.6,16.25,26.5,14.0,1.4,4.95,8.07,28.0,2.8,9.89,16.13,21.0,2.1,7.42,12.1,28.0,2.8,9.89,16.13,43.0,4.3,15.19,24.77,16.0,1.6,5.65,9.22,42.0,4.2,14.84,24.2,23.0,2.3,8.13,13.25,26.0,2.6,9.19,14.98,15.0,1.5,5.3,8.64,5.0,0.5,1.77,2.88,28.0,2.8,9.89,16.13,28.0,2.8,9.89,16.13,41.7,40.99,0.71,108.7,2.0,0.2,0.71,62.48,6.25,0.45,0.48,0.44,0.3,0.75,0.16,0.62,0.4,0.73,0.55,5.3,1.77,0.1,9.89,0.25
2,高雄全家海神,111|13275,唐維傑/吳彥侖,4,61,71.0,848.57,14.14,14:09,212.14,3.54,03:32,31.0,7.75,43.66,78.91,41.0,10.25,57.75,104.36,23.0,5.75,32.39,58.55,10.0,2.5,14.08,25.45,17.0,4.25,23.94,43.27,7.0,1.75,9.86,17.82,6.0,1.5,8.45,15.27,3.0,0.75,4.23,7.64,12.0,3.0,16.9,30.55,8.0,2.0,11.27,20.36,4.0,1.0,5.63,10.18,11.0,2.75,15.49,28.0,4.0,1.0,5.63,10.18,10.0,2.5,14.08,25.45,6.0,1.5,8.45,15.27,10.0,2.5,14.08,25.45,3.0,0.75,4.23,7.64,3.0,0.75,4.23,7.64,6.0,1.5,8.45,15.27,9.0,2.25,12.68,22.91,43.66,57.75,-14.08,120.49,-10.0,-2.5,-14.08,14.14,3.54,0.5,0.55,0.41,0.5,0.67,0.18,1.0,0.29,0.73,0.52,4.23,4.23,0.08,12.68,0.52
2,高雄全家海神,111|116,唐維傑/呂威霆,9,296,360.0,4626.77,77.11,77:07,514.09,8.57,08:34,127.0,14.11,35.28,59.29,165.0,18.33,45.83,77.03,140.0,15.56,38.89,65.36,47.0,5.22,13.06,21.94,94.0,10.44,26.11,43.88,40.0,4.44,11.11,18.67,46.0,5.11,12.78,21.48,7.0,0.78,1.94,3.27,39.0,4.33,10.83,18.21,30.0,3.33,8.33,14.01,30.0,3.33,8.33,14.01,63.0,7.0,17.5,29.41,23.0,2.56,6.39,10.74,51.0,5.67,14.17,23.81,20.0,2.22,5.56,9.34,27.0,3.0,7.5,12.6,15.0,1.67,4.17,7.0,7.0,0.78,1.94,3.27,34.0,3.78,9.44,15.87,46.0,5.11,12.78,21.48,35.28,45.83,-10.56,112.04,-38.0,-4.22,-10.56,77.11,8.57,0.36,0.4,0.43,0.15,0.77,0.11,0.57,0.37,0.73,0.56,4.17,1.94,0.09,12.78,0.28
2,新北國王,24|13029,蘇士軒/杰倫,15,1413,1627.0,23609.58,393.49,393:30,1573.97,26.23,26:14,811.0,54.07,49.85,74.2,803.0,53.53,49.35,73.47,646.0,43.07,39.7,59.1,314.0,20.93,19.3,28.73,386.0,25.73,23.72,35.31,213.0,14.2,13.09,19.49,260.0,17.33,15.98,23.79,101.0,6.73,6.21,9.24,110.0,7.33,6.76,10.06,79.0,5.27,4.86,7.23,91.0,6.07,5.59,8.33,252.0,16.8,15.49,23.06,84.0,5.6,5.16,7.69,253.0,16.87,15.55,23.15,98.0,6.53,6.02,8.97,170.0,11.33,10.45,15.55,60.0,4.0,3.69,5.49,23.0,1.53,1.41,2.1,122.0,8.13,7.5,11.16,133.0,8.87,8.17,12.17,49.85,49.35,0.49,99.23,8.0,0.53,0.49,393.49,26.23,0.56,0.58,0.55,0.39,0.72,0.12,0.54,0.26,0.75,0.5,3.69,1.41,0.07,8.17,0.17
2,新北國王,29|13029,林書緯/杰倫,15,1496,1744.0,24985.98,416.43,416:26,1665.73,27.76,27:46,853.0,56.87,48.91,73.74,840.0,56.0,48.17,72.62,702.0,46.8,40.25,60.69,323.0,21.53,18.52,27.92,402.0,26.8,23.05,34.75,218.0,14.53,12.5,18.85,300.0,20.0,17.2,25.93,105.0,7.0,6.02,9.08,124.0,8.27,7.11,10.72,95.0,6.33,5.45,8.21,107.0,7.13,6.14,9.25,279.0,18.6,16.0,24.12,95.0,6.33,5.45,8.21,272.0,18.13,15.6,23.51,101.0,6.73,5.79,8.73,179.0,11.93,10.26,15.47,64.0,4.27,3.67,5.53,23.0,1.53,1.32,1.99,124.0,8.27,7.11,10.72,147.0,9.8,8.43,12.71,48.91,48.17,0.75,100.51,13.0,0.87,0.75,416.43,27.76,0.53,0.56,0.54,0.35,0.77,0.12,0.55,0.28,0.75,0.51,3.67,1.32,0.07,8.43,0.18
2,新北國王,34|13029,沃許本/杰倫,14,1194,1401.0,20225.63,337.09,337:06,1444.69,24.08,24:05,690.0,49.29,49.25,73.69,653.0,46.64,46.61,69.74,562.0,40.14,40.11,60.02,265.0,18.93,18.92,28.3,338.0,24.14,24.13,36.1,184.0,13.14,13.13,19.65,224.0,16.0,15.99,23.92,81.0,5.79,5.78,8.65,96.0,6.86,6.85,10.25,73.0,5.21,5.21,7.8,84.0,6.0,6.0,8.97,219.0,15.64,15.63,23.39,78.0,5.57,5.57,8.33,217.0,15.5,15.49,23.17,85.0,6.07,6.07,9.08,136.0,9.71,9.71,14.52,50.0,3.57,3.57,5.34,21.0,1.5,1.5,2.24,107.0,7.64,7.64,11.43,90.0,6.43,6.42,9.61,49.25,46.61,2.64,99.75,37.0,2.64,2.64,337.09,24.08,0.54,0.57,0.54,0.36,0.76,0.12,0.51,0.28,0.74,0.51,3.57,1.5,0.08,6.42,0.17
2,新北國王,10874|13029,熊祥泰/杰倫,14,576,675.0,9289.59,154.83,154:50,663.54,11.06,11:04,340.0,24.29,50.37,79.06,312.0,22.29,46.22,72.55,278.0,19.86,41.19,64.64,126.0,9.0,18.67,29.3,139.0,9.93,20.59,32.32,71.0,5.07,10.52,16.51,139.0,9.93,20.59,32.32,55.0,3.93,8.15,12.79,46.0,3.29,6.81,10.7,35.0,2.5,5.19,8.14,49.0,3.5,7.26,11.39,101.0,7.21,14.96,23.48,32.0,2.29,4.74,7.44,100.0,7.14,14.81,23.25,42.0,3.0,6.22,9.77,74.0,5.29,10.96,17.21,25.0,1.79,3.7,5.81,4.0,0.29,0.59,0.93,44.0,3.14,6.52,10.23,69.0,4.93,10.22,16.04,50.37,46.22,4.15,104.63,28.0,2.0,4.15,154.83,11.06,0.55,0.57,0.51,0.4,0.76,0.12,0.59,0.33,0.76,0.53,3.7,0.59,0.07,10.22,0.17
2,新北國王,10872|13029,林彥廷/杰倫,14,864,1000.0,14426.91,240.45,240:27,1030.49,17.17,17:10,491.0,35.07,49.1,73.51,482.0,34.43,48.2,72.17,388.0,27.71,38.8,58.09,187.0,13.36,18.7,28.0,227.0,16.21,22.7,33.99,123.0,8.79,12.3,18.42,161.0,11.5,16.1,24.1,64.0,4.57,6.4,9.58,79.0,5.64,7.9,11.83,51.0,3.64,5.1,7.64,55.0,3.93,5.5,8.23,155.0,11.07,15.5,23.21,53.0,3.79,5.3,7.94,160.0,11.43,16.0,23.96,62.0,4.43,6.2,9.28,105.0,7.5,10.5,15.72,36.0,2.57,3.6,5.39,8.0,0.57,0.8,1.2,84.0,6.0,8.4,12.58,95.0,6.79,9.5,14.22,49.1,48.2,0.9,99.81,9.0,0.64,0.9,240.45,17.17,0.56,0.58,0.54,0.4,0.65,0.13,0.56,0.26,0.75,0.5,3.6,0.8,0.08,9.5,0.2
2,新北國王,10875|13029,傑登/杰倫,6,296,346.0,4612.49,76.87,76:52,768.75,12.81,12:49,179.0,29.83,51.73,83.82,175.0,29.17,50.58,81.95,141.0,23.5,40.75,66.03,68.0,11.33,19.65,31.84,79.0,13.17,22.83,37.0,45.0,7.5,13.01,21.07,62.0,10.33,17.92,29.03,23.0,3.83,6.65,10.77,31.0,5.17,8.96,14.52,19.0,3.17,5.49,8.9,28.0,4.67,8.09,13.11,52.0,8.67,15.03,24.35,21.0,3.5,6.07,9.83,47.0,7.83,13.58,22.01,18.0,3.0,5.2,8.43,39.0,6.5,11.27,18.26,11.0,1.83,3.18,5.15,3.0,0.5,0.87,1.4,29.0,4.83,8.38,13.58,39.0,6.5,11.27,18.26,51.73,50.58,1.16,108.02,4.0,0.67,1.16,76.87,12.81,0.56,0.58,0.57,0.37,0.61,0.1,0.57,0.37,0.71,0.54,3.18,0.87,0.08,11.27,0.22
2,新北國王,23|10874,王柏智/熊祥泰,7,76,91.0,1225.02,20.42,20:25,175.0,2.92,02:55,43.0,6.14,47.25,75.82,53.0,7.57,58.24,93.45,38.0,5.43,41.76,67.0,17.0,2.43,18.68,29.98,18.0,2.57,19.78,31.74,11.0,1.57,12.09,19.4,20.0,2.86,21.98,35.26,6.0,0.86,6.59,10.58,3.0,0.43,3.3,5.29,3.0,0.43,3.3,5.29,5.0,0.71,5.49,8.82,16.0,2.29,17.58,28.21,8.0,1.14,8.79,14.11,10.0,1.43,10.99,17.63,4.0,0.57,4.4,7.05,9.0,1.29,9.89,15.87,3.0,0.43,3.3,5.29,0.0,0.0,0.0,0.0,7.0,1.0,7.69,12.34,12.0,1.71,13.19,21.16,47.25,58.24,-10.99,106.97,-10.0,-1.43,-10.99,20.42,2.92,0.53,0.55,0.61,0.3,1.0,0.09,0.53,0.33,0.67,0.54,3.3,0.0,0.08,13.19,0.08
2,新北國王,23|13029,王柏智/杰倫,10,134,156.0,2294.63,38.24,38:15,229.46,3.82,03:49,80.0,8.0,51.28,75.31,88.0,8.8,56.41,82.84,63.0,6.3,40.38,59.3,30.0,3.0,19.23,28.24,29.0,2.9,18.59,27.3,19.0,1.9,12.18,17.89,34.0,3.4,21.79,32.01,11.0,1.1,7.05,10.35,11.0,1.1,7.05,10.35,8.0,0.8,5.13,7.53,9.0,0.9,5.77,8.47,26.0,2.6,16.67,24.47,10.0,1.0,6.41,9.41,19.0,1.9,12.18,17.89,7.0,0.7,4.49,6.59,13.0,1.3,8.33,12.24,4.0,0.4,2.56,3.77,2.0,0.2,1.28,1.88,13.0,1.3,8.33,12.24,25.0,2.5,16.03,23.53,51.28,56.41,-5.13,97.9,-8.0,-0.8,-5.13,38.24,3.82,0.56,0.59,0.66,0.32,0.73,0.09,0.43,0.32,0.72,0.55,2.56,1.28,0.08,16.03,0.17
2,新北國王,28|13029,呂政儒/杰倫,12,357,416.0,5735.35,95.59,95:35,477.95,7.97,07:58,204.0,17.0,49.04,76.83,214.0,17.83,51.44,80.59,155.0,12.92,37.26,58.37,77.0,6.42,18.51,29.0,86.0,7.17,20.67,32.39,48.0,4.0,11.54,18.08,69.0,5.75,16.59,25.99,29.0,2.42,6.97,10.92,28.0,2.33,6.73,10.55,20.0,1.67,4.81,7.53,18.0,1.5,4.33,6.78,64.0,5.33,15.38,24.1,27.0,2.25,6.49,10.17,65.0,5.42,15.62,24.48,27.0,2.25,6.49,10.17,47.0,3.92,11.3,17.7,16.0,1.33,3.85,6.03,5.0,0.42,1.2,1.88,34.0,2.83,8.17,12.8,41.0,3.42,9.86,15.44,49.04,51.44,-2.4,104.45,-10.0,-0.83,-2.4,95.59,7.97,0.59,0.61,0.56,0.42,0.71,0.14,0.61,0.22,0.7,0.47,3.85,1.2,0.08,9.86,0.18
2,新北國王,21|13029,李愷諺/杰倫,12,804,935.0,13099.27,218.32,218:19,1091.61,18.19,18:12,423.0,35.25,45.24,69.75,463.0,38.58,49.52,76.35,374.0,31.17,40.0,61.67,162.0,13.5,17.33,26.71,225.0,18.75,24.06,37.1,120.0,10.0,12.83,19.79,149.0,12.42,15.94,24.57,42.0,3.5,4.49,6.93,72.0,6.0,7.7,11.87,55.0,4.58,5.88,9.07,63.0,5.25,6.74,10.39,152.0,12.67,16.26,25.06,49.0,4.08,5.24,8.08,137.0,11.42,14.65,22.59,55.0,4.58,5.88,9.07,86.0,7.17,9.2,14.18,35.0,2.92,3.74,5.77,18.0,1.5,1.93,2.97,71.0,5.92,7.59,11.71,61.0,5.08,6.52,10.06,45.24,49.52,-4.28,102.78,-40.0,-3.33,-4.28,218.32,18.19,0.49,0.52,0.53,0.28,0.76,0.12,0.53,0.32,0.76,0.54,3.74,1.93,0.08,6.52,0.19
2,新北國王,25|13029,林金榜/杰倫,4,40,47.0,682.15,11.37,11:22,170.54,2.84,02:51,23.0,5.75,48.94,72.83,21.0,5.25,44.68,66.5,15.0,3.75,31.91,47.5,7.0,1.75,14.89,22.17,7.0,1.75,14.89,22.17,3.0,0.75,6.38,9.5,8.0,2.0,17.02,25.33,4.0,1.0,8.51,12.67,8.0,2.0,17.02,25.33,5.0,1.25,10.64,15.83,3.0,0.75,6.38,9.5,6.0,1.5,12.77,19.0,4.0,1.0,8.51,12.67,11.0,2.75,23.4,34.83,4.0,1.0,8.51,12.67,4.0,1.0,8.51,12.67,2.0,0.5,4.26,6.33,0.0,0.0,0.0,0.0,3.0,0.75,6.38,9.5,4.0,1.0,8.51,12.67,48.94,44.68,4.26,99.22,2.0,0.5,4.26,11.37,2.84,0.6,0.62,0.43,0.5,0.62,0.18,0.57,0.21,0.6,0.38,4.26,0.0,0.06,8.51,0.53
2,新北國王,19|13029,蘇培凱/杰倫,2,21,27.0,300.6,5.01,05:01,150.3,2.5,02:30,10.0,5.0,37.04,71.86,7.0,3.5,25.93,50.3,9.0,4.5,33.33,64.67,3.0,1.5,11.11,21.56,4.0,2.0,14.81,28.74,3.0,1.5,11.11,21.56,5.0,2.5,18.52,35.93,0.0,0.0,0.0,0.0,7.0,3.5,25.93,50.3,4.0,2.0,14.81,28.74,2.0,1.0,7.41,14.37,6.0,3.0,22.22,43.11,3.0,1.5,11.11,21.56,6.0,3.0,22.22,43.11,1.0,0.5,3.7,7.19,1.0,0.5,3.7,7.19,1.0,0.5,3.7,7.19,0.0,0.0,0.0,0.0,4.0,2.0,14.81,28.74,1.0,0.5,3.7,7.19,37.04,25.93,11.11,129.34,3.0,1.5,11.11,5.01,2.5,0.33,0.41,0.75,0.0,0.57,0.08,0.33,0.25,0.67,0.47,3.7,0.0,0.15,3.7,0.78
2,桃園台啤永豐雲豹,55|57,汪哲宇/莊博元,7,55,72.0,884.14,14.74,14:44,126.31,2.11,02:06,23.0,3.29,31.94,56.19,28.0,4.0,38.89,68.41,20.0,2.86,27.78,48.86,8.0,1.14,11.11,19.54,10.0,1.43,13.89,24.43,7.0,1.0,9.72,17.1,10.0,1.43,13.89,24.43,1.0,0.14,1.39,2.44,10.0,1.43,13.89,24.43,6.0,0.86,8.33,14.66,5.0,0.71,6.94,12.22,8.0,1.14,11.11,19.54,9.0,1.29,12.5,21.99,12.0,1.71,16.67,29.32,8.0,1.14,11.11,19.54,2.0,0.29,2.78,4.89,3.0,0.43,4.17,7.33,0.0,0.0,0.0,0.0,9.0,1.29,12.5,21.99,10.0,1.43,13.89,24.43,31.94,38.89,-6.94,117.27,-5.0,-0.71,-6.94,14.74,2.11,0.42,0.47,0.7,0.1,0.6,0.25,0.25,0.29,0.47,0.38,4.17,0.0,0.12,13.89,0.5
2,桃園台啤永豐雲豹,55|68,汪哲宇/克羅馬,9,105,123.0,1517.22,25.29,25:17,168.58,2.81,02:49,65.0,7.22,52.85,92.54,52.0,5.78,42.28,74.03,49.0,5.44,39.84,69.76,25.0,2.78,20.33,35.59,26.0,2.89,21.14,37.02,15.0,1.67,12.2,21.35,23.0,2.56,18.7,32.74,10.0,1.11,8.13,14.24,10.0,1.11,8.13,14.24,6.0,0.67,4.88,8.54,7.0,0.78,5.69,9.97,16.0,1.78,13.01,22.78,7.0,0.78,5.69,9.97,20.0,2.22,16.26,28.47,7.0,0.78,5.69,9.97,13.0,1.44,10.57,18.51,3.0,0.33,2.44,4.27,2.0,0.22,1.63,2.85,7.0,0.78,5.69,9.97,24.0,2.67,19.51,34.17,52.85,42.28,10.57,116.74,13.0,1.44,10.57,25.29,2.81,0.61,0.61,0.58,0.43,0.6,0.12,0.52,0.26,0.7,0.46,2.44,1.63,0.06,19.51,0.2
2,新北國王,19|10871,蘇培凱/鍾理翔,5,52,69.0,728.05,12.13,12:08,145.61,2.43,02:26,17.0,3.4,24.64,50.44,25.0,5.0,36.23,74.17,22.0,4.4,31.88,65.27,6.0,1.2,8.7,17.8,10.0,2.0,14.49,29.67,5.0,1.0,7.25,14.83,12.0,2.4,17.39,35.6,1.0,0.2,1.45,2.97,14.0,2.8,20.29,41.54,4.0,0.8,5.8,11.87,9.0,1.8,13.04,26.7,12.0,2.4,17.39,35.6,3.0,0.6,4.35,8.9,7.0,1.4,10.14,20.77,9.0,1.8,13.04,26.7,1.0,0.2,1.45,2.97,7.0,1.4,10.14,20.77,0.0,0.0,0.0,0.0,5.0,1.0,7.25,14.83,12.0,2.4,17.39,35.6,24.64,36.23,-11.59,136.47,-8.0,-1.6,-11.59,12.13,2.43,0.3,0.3,0.5,0.08,0.29,0.24,0.17,0.56,0.8,0.68,10.14,0.0,0.07,17.39,0.64
2,新竹御嵿攻城獅,78|87,朱雲豪/蔡宸綱,4,96,113.0,1547.03,25.78,25:47,386.76,6.45,06:27,42.0,10.5,37.17,58.64,53.0,13.25,46.9,74.0,48.0,12.0,42.48,67.02,18.0,4.5,15.93,25.13,25.0,6.25,22.12,34.91,14.0,3.5,12.39,19.55,23.0,5.75,20.35,32.11,4.0,1.0,3.54,5.58,4.0,1.0,3.54,5.58,2.0,0.5,1.77,2.79,6.0,1.5,5.31,8.38,26.0,6.5,23.01,36.3,10.0,2.5,8.85,13.96,16.0,4.0,14.16,22.34,4.0,1.0,3.54,5.58,9.0,2.25,7.96,12.57,3.0,0.75,2.65,4.19,1.0,0.25,0.88,1.4,8.0,2.0,7.08,11.17,11.0,2.75,9.73,15.36,37.17,46.9,-9.73,105.18,-11.0,-2.75,-9.73,25.78,6.45,0.42,0.42,0.56,0.17,0.5,0.07,0.5,0.27,0.72,0.55,2.65,0.88,0.07,9.73,0.08
2,新竹御嵿攻城獅,76|84,曾柏喻/李家瑞,2,8,8.0,113.0,1.88,01:53,56.5,0.94,00:56,5.0,2.5,62.5,95.58,3.0,1.5,37.5,57.35,4.0,2.0,50.0,76.46,2.0,1.0,25.0,38.23,1.0,0.5,12.5,19.12,1.0,0.5,12.5,19.12,3.0,1.5,37.5,57.35,1.0,0.5,12.5,19.12,0.0,0.0,0.0,0.0,0.0,0.0,0.0,0.0,0.0,0.0,0.0,0.0,2.0,1.0,25.0,38.23,0.0,0.0,0.0,0.0,0.0,0.0,0.0,0.0,0.0,0.0,0.0,0.0,2.0,1.0,25.0,38.23,0.0,0.0,0.0,0.0,0.0,0.0,0.0,0.0,0.0,0.0,0.0,0.0,2.0,1.0,25.0,38.23,62.5,37.5,25.0,101.95,2.0,1.0,25.0,1.88,0.94,0.62,0.62,1.0,0.33,,0.0,1.0,,1.0,1.0,0.0,0.0,0.0,25.0,0.0
2,新竹御嵿攻城獅,84|88,李家瑞/盧冠軒,3,14,16.0,248.96,4.15,04:09,82.99,1.38,01:23,4.0,1.33,25.0,34.7,8.0,2.67,50.0,69.41,6.0,2.0,37.5,52.06,1.0,0.33,6.25,8.68,2.0,0.67,12.5,17.35,0.0,0.0,0.0,0.0,4.0,1.33,25.0,34.7,1.0,0.33,6.25,8.68,2.0,0.67,12.5,17.35,1.0,0.33,6.25,8.68,2.0,0.67,12.5,17.35,3.0,1.0,18.75,26.03,0.0,0.0,0.0,0.0,2.0,0.67,12.5,17.35,1.0,0.33,6.25,8.68,0.0,0.0,0.0,0.0,1.0,0.33,6.25,8.68,0.0,0.0,0.0,0.0,1.0,0.33,6.25,8.68,2.0,0.67,12.5,17.35,25.0,50.0,-25.0,92.55,-4.0,-1.33,-25.0,4.15,1.38,0.25,0.29,0.0,0.25,0.5,0.13,0.0,0.5,1.0,0.71,6.25,0.0,0.06,12.5,0.33
2,桃園台啤永豐雲豹,54|55,高錦瑋/汪哲宇,5,47,53.0,673.64,11.23,11:14,134.73,2.25,02:15,32.0,6.4,60.38,102.61,24.0,4.8,45.28,76.96,17.0,3.4,32.08,54.51,11.0,2.2,20.75,35.27,9.0,1.8,16.98,28.86,5.0,1.0,9.43,16.03,8.0,1.6,15.09,25.65,6.0,1.2,11.32,19.24,8.0,1.6,15.09,25.65,4.0,0.8,7.55,12.83,0.0,0.0,0.0,0.0,7.0,1.4,13.21,22.45,5.0,1.0,9.43,16.03,9.0,1.8,16.98,28.86,3.0,0.6,5.66,9.62,8.0,1.6,15.09,25.65,3.0,0.6,5.66,9.62,0.0,0.0,0.0,0.0,4.0,0.8,7.55,12.83,9.0,1.8,16.98,28.86,60.38,45.28,15.09,113.3,8.0,1.6,15.09,11.23,2.25,0.82,0.78,0.56,0.75,0.5,0.13,0.73,0.0,0.58,0.33,5.66,0.0,0.08,16.98,0.47
2,新竹御嵿攻城獅,80|84,田浩/李家瑞,7,40,48.0,708.54,11.81,11:49,101.22,1.69,01:41,19.0,2.71,39.58,57.92,11.0,1.57,22.92,33.53,17.0,2.43,35.42,51.82,6.0,0.86,12.5,18.29,9.0,1.29,18.75,27.44,4.0,0.57,8.33,12.19,8.0,1.14,16.67,24.39,2.0,0.29,4.17,6.1,7.0,1.0,14.58,21.34,6.0,0.86,12.5,18.29,3.0,0.43,6.25,9.15,8.0,1.14,16.67,24.39,4.0,0.57,8.33,12.19,12.0,1.71,25.0,36.58,3.0,0.43,6.25,9.15,3.0,0.43,6.25,9.15,3.0,0.43,6.25,9.15,0.0,0.0,0.0,0.0,5.0,0.71,10.42,15.24,4.0,0.57,8.33,12.19,39.58,22.92,16.67,97.55,8.0,1.14,16.67,11.81,1.69,0.41,0.47,0.44,0.25,0.86,0.13,0.5,0.2,0.67,0.41,6.25,0.0,0.1,8.33,0.41
2,臺北台新戰神,1|13400,丁聖儒/史東,8,596,707.0,10133.45,168.89,168:53,1266.68,21.11,21:07,317.0,39.62,44.84,67.57,357.0,44.62,50.5,76.1,259.0,32.38,36.63,55.21,113.0,14.12,15.98,24.09,153.0,19.12,21.64,32.61,78.0,9.75,11.03,16.63,106.0,13.25,14.99,22.59,35.0,4.38,4.95,7.46,74.0,9.25,10.47,15.77,54.0,6.75,7.64,11.51,40.0,5.0,5.66,8.53,116.0,14.5,16.41,24.73,48.0,6.0,6.79,10.23,82.0,10.25,11.6,17.48,50.0,6.25,7.07,10.66,64.0,8.0,9.05,13.64,31.0,3.88,4.38,6.61,20.0,2.5,2.83,4.26,62.0,7.75,8.77,13.22,82.0,10.25,11.6,17.48,44.84,50.5,-5.66,100.47,-40.0,-5.0,-5.66,168.89,21.11,0.5,0.54,0.51,0.33,0.73,0.15,0.57,0.33,0.71,0.55,4.38,2.83,0.09,11.6,0.29
2,臺北台新戰神,10|13400,雷蒙恩/史東,8,508,610.0,8756.36,145.94,145:56,1094.54,18.24,18:15,271.0,33.88,44.43,66.85,315.0,39.38,51.64,77.7,217.0,27.12,35.57,53.53,95.0,11.88,15.57,23.43,125.0,15.62,20.49,30.83,65.0,8.12,10.66,16.03,92.0,11.5,15.08,22.69,30.0,3.75,4.92,7.4,68.0,8.5,11.15,16.77,48.0,6.0,7.87,11.84,32.0,4.0,5.25,7.89,98.0,12.25,16.07,24.17,41.0,5.12,6.72,10.11,80.0,10.0,13.11,19.73,38.0,4.75,6.23,9.37,57.0,7.12,9.34,14.06,27.0,3.38,4.43,6.66,14.0,1.75,2.3,3.45,63.0,7.88,10.33,15.54,68.0,8.5,11.15,16.77,44.43,51.64,-7.21,100.32,-44.0,-5.5,-7.21,145.94,18.24,0.51,0.55,0.52,0.33,0.71,0.13,0.6,0.29,0.71,0.52,4.43,2.3,0.1,11.15,0.31
2,臺北台新戰神,14|13400,錢肯尼/史東,8,496,592.0,8414.61,140.24,140:15,1051.83,17.53,17:32,265.0,33.12,44.76,68.02,269.0,33.62,45.44,69.05,214.0,26.75,36.15,54.93,92.0,11.5,15.54,23.62,121.0,15.12,20.44,31.06,56.0,7.0,9.46,14.38,93.0,11.62,15.71,23.87,36.0,4.5,6.08,9.24,59.0,7.38,9.97,15.15,45.0,5.62,7.6,11.55,34.0,4.25,5.74,8.73,92.0,11.5,15.54,23.62,41.0,5.12,6.93,10.52,81.0,10.12,13.68,20.79,43.0,5.38,7.26,11.04,57.0,7.12,9.63,14.63,27.0,3.38,4.56,6.93,15.0,1.88,2.53,3.85,55.0,6.88,9.29,14.12,48.0,6.0,8.11,12.32,44.76,45.44,-0.68,101.31,-4.0,-0.5,-0.68,140.24,17.53,0.51,0.55,0.46,0.39,0.76,0.15,0.62,0.3,0.69,0.51,4.56,2.53,0.09,8.11,0.28
2,臺北台新戰神,10867|13400,威力斯/史東,2,153,179.0,2495.22,41.59,41:35,1247.61,20.79,20:48,76.0,38.0,42.46,65.79,95.0,47.5,53.07,82.24,60.0,30.0,33.52,51.94,26.0,13.0,14.53,22.51,38.0,19.0,21.23,32.89,16.0,8.0,8.94,13.85,22.0,11.0,12.29,19.04,10.0,5.0,5.59,8.66,22.0,11.0,12.29,19.04,15.0,7.5,8.38,12.98,9.0,4.5,5.03,7.79,28.0,14.0,15.64,24.24,11.0,5.5,6.15,9.52,26.0,13.0,14.53,22.51,16.0,8.0,8.94,13.85,18.0,9.0,10.06,15.58,14.0,7.0,7.82,12.12,6.0,3.0,3.35,5.19,21.0,10.5,11.73,18.18,21.0,10.5,11.73,18.18,42.46,53.07,-10.61,103.3,-19.0,-9.5,-10.61,41.59,20.79,0.52,0.55,0.42,0.45,0.68,0.19,0.69,0.26,0.72,0.5,7.82,3.35,0.12,11.73,0.37
2,福爾摩沙夢想家,79|13777,張宗憲/布依德,8,425,506.0,6759.63,112.66,112:40,844.95,14.08,14:05,246.0,30.75,48.62,78.61,237.0,29.62,46.84,75.73,182.0,22.75,35.97,58.16,88.0,11.0,17.39,28.12,111.0,13.88,21.94,35.47,60.0,7.5,11.86,19.17,71.0,8.88,14.03,22.69,28.0,3.5,5.53,8.95,67.0,8.38,13.24,21.41,42.0,5.25,8.3,13.42,33.0,4.12,6.52,10.54,71.0,8.88,14.03,22.69,34.0,4.25,6.72,10.86,87.0,10.88,17.19,27.8,31.0,3.88,6.13,9.91,53.0,6.62,10.47,16.94,21.0,2.62,4.15,6.71,3.0,0.38,0.59,0.96,52.0,6.5,10.28,16.62,32.0,4.0,6.32,10.23,48.62,46.84,1.78,107.79,9.0,1.12,1.78,112.66,14.08,0.56,0.58,0.54,0.39,0.63,0.13,0.6,0.28,0.68,0.46,4.15,0.59,0.1,6.32,0.37
2,福爾摩沙夢想家,89|13777,蔣淯安/布依德,9,649,752.0,10222.79,170.38,170:23,1135.87,18.93,18:56,364.0,40.44,48.4,76.91,363.0,40.33,48.27,76.7,270.0,30.0,35.9,57.05,127.0,14.11,16.89,26.83,164.0,18.22,21.81,34.65,88.0,9.78,11.7,18.59,106.0,11.78,14.1,22.4,39.0,4.33,5.19,8.24,95.0,10.56,12.63,20.07,71.0,7.89,9.44,15.0,43.0,4.78,5.72,9.09,110.0,12.22,14.63,23.24,45.0,5.0,5.98,9.51,124.0,13.78,16.49,26.2,50.0,5.56,6.65,10.56,71.0,7.89,9.44,15.0,33.0,3.67,4.39,6.97,8.0,0.89,1.06,1.69,78.0,8.67,10.37,16.48,57.0,6.33,7.58,12.04,48.4,48.27,0.13,105.93,1.0,0.11,0.13,170.38,18.93,0.54,0.58,0.54,0.37,0.75,0.14,0.56,0.26,0.71,0.48,4.39,1.06,0.1,7.58,0.35
2,福爾摩沙夢想家,103|13777,忻沃克/布依德,9,518,618.0,8159.19,135.99,135:59,906.58,15.11,15:07,279.0,31.0,45.15,73.86,312.0,34.67,50.49,82.6,220.0,24.44,35.6,58.24,94.0,10.44,15.21,24.88,127.0,14.11,20.55,33.62,61.0,6.78,9.87,16.15,93.0,10.33,15.05,24.62,33.0,3.67,5.34,8.74,78.0,8.67,12.62,20.65,51.0,5.67,8.25,13.5,40.0,4.44,6.47,10.59,97.0,10.78,15.7,25.68,40.0,4.44,6.47,10.59,89.0,9.89,14.4,23.56,45.0,5.0,7.28,11.91,58.0,6.44,9.39,15.35,26.0,2.89,4.21,6.88,9.0,1.0,1.46,2.38,62.0,6.89,10.03,16.41,79.0,8.78,12.78,20.91,45.15,50.49,-5.34,109.07,-33.0,-3.67,-5.34,135.99,15.11,0.5,0.55,0.48,0.35,0.65,0.15,0.62,0.31,0.71,0.52,4.21,1.46,0.1,12.78,0.35
2,福爾摩沙夢想家,107|13777,霍爾曼/布依德,3,140,168.0,2168.35,36.14,36:08,722.78,12.05,12:03,100.0,33.33,59.52,99.61,72.0,24.0,42.86,71.72,59.0,19.67,35.12,58.77,32.0,10.67,19.05,31.88,38.0,12.67,22.62,37.85,21.0,7.0,12.5,20.92,21.0,7.0,12.5,20.92,11.0,3.67,6.55,10.96,31.0,10.33,18.45,30.88,21.0,7.0,12.5,20.92,11.0,3.67,6.55,10.96,20.0,6.67,11.9,19.92,12.0,4.0,7.14,11.95,24.0,8.0,14.29,23.91,8.0,2.67,4.76,7.97,22.0,7.33,13.1,21.92,6.0,2.0,3.57,5.98,1.0,0.33,0.6,1.0,23.0,7.67,13.69,22.91,14.0,4.67,8.33,13.95,59.52,42.86,16.67,111.57,28.0,9.33,16.67,36.14,12.05,0.64,0.69,0.55,0.52,0.68,0.1,0.69,0.31,0.62,0.46,3.57,0.6,0.14,8.33,0.53
2,福爾摩沙夢想家,77|13777,馬建豪/布依德,9,677,812.0,10439.9,174.0,174:00,1159.99,19.33,19:20,355.0,39.44,43.72,73.45,381.0,42.33,46.92,78.83,283.0,31.44,34.85,58.55,125.0,13.89,15.39,25.86,179.0,19.89,22.04,37.03,89.0,9.89,10.96,18.41,104.0,11.56,12.81,21.52,36.0,4.0,4.43,7.45,99.0,11.0,12.19,20.48,77.0,8.56,9.48,15.93,52.0,5.78,6.4,10.76,111.0,12.33,13.67,22.97,53.0,5.89,6.53,10.97,135.0,15.0,16.63,27.93,61.0,6.78,7.51,12.62,75.0,8.33,9.24,15.52,34.0,3.78,4.19,7.03,13.0,1.44,1.6,2.69,81.0,9.0,9.98,16.76,91.0,10.11,11.21,18.83,43.72,46.92,-3.2,112.0,-26.0,-2.89,-3.2,174.0,19.33,0.51,0.54,0.5,0.35,0.78,0.16,0.6,0.28,0.68,0.46,4.19,1.6,0.1,11.21,0.35
2,福爾摩沙夢想家,99|13777,盧冠良/布依德,7,157,184.0,2268.92,37.82,37:49,324.13,5.4,05:24,73.0,10.43,39.67,69.5,82.0,11.71,44.57,78.06,60.0,8.57,32.61,57.12,25.0,3.57,13.59,23.8,38.0,5.43,20.65,36.18,18.0,2.57,9.78,17.14,22.0,3.14,11.96,20.94,7.0,1.0,3.8,6.66,24.0,3.43,13.04,22.85,15.0,2.14,8.15,14.28,12.0,1.71,6.52,11.42,24.0,3.43,13.04,22.85,7.0,1.0,3.8,6.66,29.0,4.14,15.76,27.61,16.0,2.29,8.7,15.23,15.0,2.14,8.15,14.28,6.0,0.86,3.26,5.71,2.0,0.29,1.09,1.9,26.0,3.71,14.13,24.75,18.0,2.57,9.78,17.14,39.67,44.57,-4.89,116.78,-9.0,-1.29,-4.89,37.82,5.4,0.48,0.52,0.47,0.32,0.62,0.18,0.6,0.29,0.77,0.5,3.26,1.09,0.14,9.78,0.4
2,福爾摩沙夢想家,106|13777,高柏鎧/布依德,8,362,423.0,5480.33,91.34,91:20,685.04,11.42,11:25,167.0,20.88,39.48,65.82,211.0,26.38,49.88,83.16,154.0,19.25,36.41,60.7,60.0,7.5,14.18,23.65,98.0,12.25,23.17,38.63,41.0,5.12,9.69,16.16,56.0,7.0,13.24,22.07,19.0,2.38,4.49,7.49,48.0,6.0,11.35,18.92,32.0,4.0,7.57,12.61,30.0,3.75,7.09,11.82,68.0,8.5,16.08,26.8,21.0,2.62,4.96,8.28,77.0,9.62,18.2,30.35,37.0,4.62,8.75,14.58,34.0,4.25,8.04,13.4,25.0,3.12,5.91,9.85,7.0,0.88,1.65,2.76,41.0,5.12,9.69,16.16,46.0,5.75,10.87,18.13,39.48,49.88,-10.4,111.15,-44.0,-5.5,-10.4,91.34,11.42,0.45,0.48,0.42,0.34,0.67,0.17,0.57,0.28,0.76,0.5,5.91,1.65,0.1,10.87,0.31
2,福爾摩沙夢想家,73|99,陳振傑/盧冠良,1,9,16.0,211.91,3.53,03:32,211.91,3.53,03:32,7.0,7.0,43.75,71.35,2.0,2.0,12.5,20.39,6.0,6.0,37.5,61.16,2.0,2.0,12.5,20.39,3.0,3.0,18.75,30.58,1.0,1.0,6.25,10.19,3.0,3.0,18.75,30.58,1.0,1.0,6.25,10.19,2.0,2.0,12.5,20.39,2.0,2.0,12.5,20.39,4.0,4.0,25.0,40.77,0.0,0.0,0.0,0.0,3.0,3.0,18.75,30.58,4.0,4.0,25.0,40.77,1.0,1.0,6.25,10.19,2.0,2.0,12.5,20.39,1.0,1.0,6.25,10.19,0.0,0.0,0.0,0.0,3.0,3.0,18.75,30.58,2.0,2.0,12.5,20.39,43.75,12.5,31.25,108.73,5.0,5.0,31.25,3.53,3.53,0.42,0.51,0.33,0.33,1.0,0.13,1.0,0.5,0.0,0.36,6.25,0.0,0.19,12.5,0.33
2,福爾摩沙夢想家,73|106,陳振傑/高柏鎧,3,62,75.0,905.57,15.09,15:06,301.86,5.03,05:02,29.0,9.67,38.67,69.17,27.0,9.0,36.0,64.4,23.0,7.67,30.67,54.86,8.0,2.67,10.67,19.08,9.0,3.0,12.0,21.47,5.0,1.67,6.67,11.93,14.0,4.67,18.67,33.39,3.0,1.0,4.0,7.16,11.0,3.67,14.67,26.24,10.0,3.33,13.33,23.85,5.0,1.67,6.67,11.93,10.0,3.33,13.33,23.85,8.0,2.67,10.67,19.08,13.0,4.33,17.33,31.01,8.0,2.67,10.67,19.08,6.0,2.0,8.0,14.31,6.0,2.0,8.0,14.31,0.0,0.0,0.0,0.0,6.0,2.0,8.0,14.31,13.0,4.33,17.33,31.01,38.67,36.0,2.67,119.26,2.0,0.67,2.67,15.09,5.03,0.41,0.52,0.56,0.21,0.91,0.22,0.75,0.28,0.56,0.42,8.0,0.0,0.08,17.33,0.48
2,臺北台新戰神,3|13400,陳文宏/史東,5,103,121.0,1718.62,28.64,28:39,343.72,5.73,05:44,54.0,10.8,44.63,67.87,71.0,14.2,58.68,89.23,43.0,8.6,35.54,54.04,19.0,3.8,15.7,23.88,24.0,4.8,19.83,30.16,13.0,2.6,10.74,16.34,19.0,3.8,15.7,23.88,6.0,1.2,4.96,7.54,13.0,2.6,10.74,16.34,11.0,2.2,9.09,13.83,4.0,0.8,3.31,5.03,21.0,4.2,17.36,26.39,11.0,2.2,9.09,13.83,14.0,2.8,11.57,17.6,7.0,1.4,5.79,8.8,10.0,2.0,8.26,12.57,3.0,0.6,2.48,3.77,5.0,1.0,4.13,6.28,10.0,2.0,8.26,12.57,30.0,6.0,24.79,37.7,44.63,58.68,-14.05,101.38,-17.0,-3.4,-14.05,28.64,5.73,0.51,0.55,0.54,0.32,0.85,0.13,0.53,0.22,0.66,0.5,2.48,4.13,0.08,24.79,0.3
2,臺北台新戰神,10863|13400,魏芃禾/史東,6,84,101.0,1331.49,22.19,22:11,221.91,3.7,03:42,32.0,5.33,31.68,51.91,58.0,9.67,57.43,94.09,36.0,6.0,35.64,58.4,10.0,1.67,9.9,16.22,12.0,2.0,11.88,19.47,4.0,0.67,3.96,6.49,24.0,4.0,23.76,38.93,6.0,1.0,5.94,9.73,6.0,1.0,5.94,9.73,4.0,0.67,3.96,6.49,5.0,0.83,4.95,8.11,20.0,3.33,19.8,32.44,7.0,1.17,6.93,11.36,12.0,2.0,11.88,19.47,8.0,1.33,7.92,12.98,8.0,1.33,7.92,12.98,6.0,1.0,5.94,9.73,3.0,0.5,2.97,4.87,5.0,0.83,4.95,8.11,19.0,3.17,18.81,30.82,31.68,57.43,-25.74,109.23,-26.0,-4.33,-25.74,22.19,3.7,0.36,0.41,0.33,0.25,0.67,0.17,0.8,0.29,0.74,0.57,5.94,2.97,0.05,18.81,0.17
2,臺北台新戰神,10865|13400,謝銘駿/史東,8,277,340.0,4341.7,72.36,72:22,542.71,9.05,09:03,132.0,16.5,38.82,65.67,163.0,20.38,47.94,81.09,120.0,15.0,35.29,59.7,51.0,6.38,15.0,25.37,72.0,9.0,21.18,35.82,40.0,5.0,11.76,19.9,48.0,6.0,14.12,23.88,11.0,1.38,3.24,5.47,30.0,3.75,8.82,14.93,18.0,2.25,5.29,8.96,20.0,2.5,5.88,9.95,52.0,6.5,15.29,25.87,27.0,3.38,7.94,13.43,38.0,4.75,11.18,18.91,26.0,3.25,7.65,12.94,19.0,2.38,5.59,9.45,14.0,1.75,4.12,6.97,8.0,1.0,2.35,3.98,23.0,2.88,6.76,11.44,37.0,4.62,10.88,18.41,38.82,47.94,-9.12,112.77,-31.0,-3.88,-9.12,72.36,9.05,0.47,0.5,0.56,0.23,0.6,0.16,0.37,0.34,0.66,0.53,4.12,2.35,0.07,10.88,0.25
2,臺北台新戰神,10869|13400,基德/史東,8,436,527.0,7577.85,126.3,126:18,947.23,15.79,15:47,237.0,29.62,44.97,67.55,268.0,33.5,50.85,76.39,202.0,25.25,38.33,57.58,88.0,11.0,16.7,25.08,109.0,13.62,20.68,31.07,58.0,7.25,11.01,16.53,93.0,11.62,17.65,26.51,30.0,3.75,5.69,8.55,42.0,5.25,7.97,11.97,30.0,3.75,5.69,8.55,31.0,3.88,5.88,8.84,86.0,10.75,16.32,24.51,43.0,5.38,8.16,12.26,57.0,7.12,10.82,16.25,32.0,4.0,6.07,9.12,50.0,6.25,9.49,14.25,18.0,2.25,3.42,5.13,17.0,2.12,3.23,4.85,38.0,4.75,7.21,10.83,52.0,6.5,9.87,14.82,44.97,50.85,-5.88,100.14,-31.0,-3.88,-5.88,126.3,15.79,0.51,0.54,0.53,0.32,0.71,0.13,0.57,0.35,0.67,0.54,3.42,3.23,0.07,9.87,0.21
2,福爾摩沙夢想家,83|13777,吳家駿/布依德,6,138,182.0,2093.8,34.9,34:54,348.97,5.82,05:49,63.0,10.5,34.62,64.99,91.0,15.17,50.0,93.88,65.0,10.83,35.71,67.05,21.0,3.5,11.54,21.66,40.0,6.67,21.98,41.26,13.0,2.17,7.14,13.41,25.0,4.17,13.74,25.79,8.0,1.33,4.4,8.25,24.0,4.0,13.19,24.76,13.0,2.17,7.14,13.41,21.0,3.5,11.54,21.66,27.0,4.5,14.84,27.85,15.0,2.5,8.24,15.47,20.0,3.33,10.99,20.63,15.0,2.5,8.24,15.47,17.0,2.83,9.34,17.54,5.0,0.83,2.75,5.16,2.0,0.33,1.1,2.06,20.0,3.33,10.99,20.63,21.0,3.5,11.54,21.66,34.62,50.0,-15.38,125.17,-28.0,-4.67,-15.38,34.9,5.82,0.38,0.42,0.32,0.32,0.54,0.17,0.81,0.51,0.64,0.58,2.75,1.1,0.11,11.54,0.37
2,福爾摩沙夢想家,73|79,陳振傑/張宗憲,2,13,14.0,199.93,3.33,03:20,99.96,1.67,01:40,6.0,3.0,42.86,64.82,8.0,4.0,57.14,86.43,3.0,1.5,21.43,32.41,1.0,0.5,7.14,10.8,2.0,1.0,14.29,21.61,0.0,0.0,0.0,0.0,1.0,0.5,7.14,10.8,1.0,0.5,7.14,10.8,4.0,2.0,28.57,43.22,3.0,1.5,21.43,32.41,1.0,0.5,7.14,10.8,1.0,0.5,7.14,10.8,0.0,0.0,0.0,0.0,3.0,1.5,21.43,32.41,2.0,1.0,14.29,21.61,2.0,1.0,14.29,21.61,1.0,0.5,7.14,10.8,0.0,0.0,0.0,0.0,2.0,1.0,14.29,21.61,2.0,1.0,14.29,21.61,42.86,57.14,-14.29,100.84,-2.0,-1.0,-14.29,3.33,1.67,0.5,0.63,0.0,1.0,0.75,0.3,2.0,0.25,1.0,0.4,7.14,0.0,0.14,14.29,1.33
2,福爾摩沙夢想家,73|13777,陳振傑/布依德,2,10,12.0,118.77,1.98,01:59,59.38,0.99,00:59,1.0,0.5,8.33,18.19,7.0,3.5,58.33,127.31,3.0,1.5,25.0,54.56,0.0,0.0,0.0,0.0,2.0,1.0,16.67,36.37,0.0,0.0,0.0,0.0,1.0,0.5,8.33,18.19,0.0,0.0,0.0,0.0,2.0,1.0,16.67,36.37,1.0,0.5,8.33,18.19,1.0,0.5,8.33,18.19,2.0,1.0,16.67,36.37,1.0,0.5,8.33,18.19,3.0,1.5,25.0,54.56,1.0,0.5,8.33,18.19,0.0,0.0,0.0,0.0,1.0,0.5,8.33,18.19,0.0,0.0,0.0,0.0,1.0,0.5,8.33,18.19,5.0,2.5,41.67,90.94,8.33,58.33,-50.0,145.5,-6.0,-3.0,-50.0,1.98,0.99,0.0,0.13,0.0,0.0,0.5,0.2,,0.25,0.67,0.43,8.33,0.0,0.08,41.67,0.67
2,福爾摩沙夢想家,77|97,馬建豪/史承平,4,10,14.0,129.83,2.16,02:10,32.46,0.54,00:32,9.0,2.25,64.29,149.74,0.0,0.0,0.0,0.0,4.0,1.0,28.57,66.55,2.0,0.5,14.29,33.28,2.0,0.5,14.29,33.28,2.0,0.5,14.29,33.28,2.0,0.5,14.29,33.28,0.0,0.0,0.0,0.0,6.0,1.5,42.86,99.83,5.0,1.25,35.71,83.19,1.0,0.25,7.14,16.64,1.0,0.25,7.14,16.64,2.0,0.5,14.29,33.28,3.0,0.75,21.43,49.91,0.0,0.0,0.0,0.0,1.0,0.25,7.14,16.64,0.0,0.0,0.0,0.0,0.0,0.0,0.0,0.0,2.0,0.5,14.29,33.28,0.0,0.0,0.0,0.0,64.29,0.0,64.29,155.29,9.0,2.25,64.29,2.16,0.54,0.5,0.68,1.0,0.0,0.83,0.0,0.5,0.25,0.33,0.29,0.0,0.0,0.14,0.0,1.5
2,臺北台新戰神,2|13,江均/陳冠全,8,107,131.0,1811.15,30.19,30:11,226.39,3.77,03:46,51.0,6.38,38.93,60.82,47.0,5.88,35.88,56.05,52.0,6.5,39.69,62.02,18.0,2.25,13.74,21.47,26.0,3.25,19.85,31.01,9.0,1.12,6.87,10.73,26.0,3.25,19.85,31.01,9.0,1.12,6.87,10.73,10.0,1.25,7.63,11.93,6.0,0.75,4.58,7.16,9.0,1.12,6.87,10.73,23.0,2.88,17.56,27.43,10.0,1.25,7.63,11.93,21.0,2.62,16.03,25.04,9.0,1.12,6.87,10.73,10.0,1.25,7.63,11.93,4.0,0.5,3.05,4.77,4.0,0.5,3.05,4.77,7.0,0.88,5.34,8.35,25.0,3.12,19.08,29.82,38.93,35.88,3.05,104.15,4.0,0.5,3.05,30.19,3.77,0.43,0.45,0.35,0.35,0.6,0.14,0.56,0.3,0.7,0.51,3.05,3.05,0.05,19.08,0.19
2,臺北台新戰神,4|13,張兆辰/陳冠全,7,80,91.0,1452.17,24.2,24:12,207.45,3.46,03:27,33.0,4.71,36.26,49.09,44.0,6.29,48.35,65.45,35.0,5.0,38.46,52.06,11.0,1.57,12.09,16.36,16.0,2.29,17.58,23.8,6.0,0.86,6.59,8.92,19.0,2.71,20.88,28.26,5.0,0.71,5.49,7.44,8.0,1.14,8.79,11.9,6.0,0.86,6.59,8.92,2.0,0.29,2.2,2.97,20.0,2.86,21.98,29.75,7.0,1.0,7.69,10.41,18.0,2.57,19.78,26.77,3.0,0.43,3.3,4.46,8.0,1.14,8.79,11.9,1.0,0.14,1.1,1.49,1.0,0.14,1.1,1.49,8.0,1.14,8.79,11.9,9.0,1.29,9.89,13.39,36.26,48.35,-12.09,90.24,-11.0,-1.57,-12.09,24.2,3.46,0.39,0.43,0.38,0.26,0.75,0.07,0.73,0.1,0.74,0.47,1.1,1.1,0.09,9.89,0.23
2,臺北台新戰神,13|10863,陳冠全/魏芃禾,7,161,198.0,2736.35,45.61,45:36,390.91,6.52,06:31,88.0,12.57,44.44,69.46,71.0,10.14,35.86,56.05,77.0,11.0,38.89,60.78,33.0,4.71,16.67,26.05,39.0,5.57,19.7,30.79,20.0,2.86,10.1,15.79,38.0,5.43,19.19,30.0,13.0,1.86,6.57,10.26,13.0,1.86,6.57,10.26,9.0,1.29,4.55,7.1,16.0,2.29,8.08,12.63,28.0,4.0,14.14,22.1,14.0,2.0,7.07,11.05,33.0,4.71,16.67,26.05,17.0,2.43,8.59,13.42,15.0,2.14,7.58,11.84,8.0,1.14,4.04,6.31,6.0,0.86,3.03,4.74,14.0,2.0,7.07,11.05,24.0,3.43,12.12,18.94,44.44,35.86,8.59,104.2,17.0,2.43,8.59,45.61,6.52,0.51,0.53,0.51,0.34,0.69,0.17,0.45,0.33,0.67,0.48,4.04,3.03,0.07,12.12,0.17
2,新北國王,22|13029,簡祐哲/杰倫,8,169,206.0,3060.35,51.01,51:00,382.54,6.38,06:23,101.0,12.62,49.03,71.29,81.0,10.12,39.32,57.17,87.0,10.88,42.23,61.4,37.0,4.62,17.96,26.11,48.0,6.0,23.3,33.88,26.0,3.25,12.62,18.35,39.0,4.88,18.93,27.53,11.0,1.38,5.34,7.76,26.0,3.25,12.62,18.35,16.0,2.0,7.77,11.29,21.0,2.62,10.19,14.82,36.0,4.5,17.48,25.41,10.0,1.25,4.85,7.06,38.0,4.75,18.45,26.82,10.0,1.25,4.85,7.06,19.0,2.38,9.22,13.41,6.0,0.75,2.91,4.23,6.0,0.75,2.91,4.23,24.0,3.0,11.65,16.94,22.0,2.75,10.68,15.53,49.03,39.32,9.71,96.93,20.0,2.5,9.71,51.01,6.38,0.49,0.51,0.54,0.28,0.62,0.09,0.51,0.36,0.78,0.54,2.91,2.91,0.12,10.68,0.3
2,新北中信特攻,40|104,謝亞軒/貝奇,15,934,1113.0,14771.72,246.2,246:12,984.78,16.41,16:25,547.0,36.47,49.15,79.99,446.0,29.73,40.07,65.22,416.0,27.73,37.38,60.83,199.0,13.27,17.88,29.1,226.0,15.07,20.31,33.05,129.0,8.6,11.59,18.86,190.0,12.67,17.07,27.78,70.0,4.67,6.29,10.24,108.0,7.2,9.7,15.79,75.0,5.0,6.74,10.97,70.0,4.67,6.29,10.24,157.0,10.47,14.11,22.96,61.0,4.07,5.48,8.92,180.0,12.0,16.17,26.32,83.0,5.53,7.46,12.14,140.0,9.33,12.58,20.47,41.0,2.73,3.68,6.0,9.0,0.6,0.81,1.32,101.0,6.73,9.07,14.77,114.0,7.6,10.24,16.67,49.15,40.07,9.07,108.5,101.0,6.73,9.07,246.2,16.41,0.56,0.59,0.57,0.37,0.69,0.15,0.7,0.28,0.72,0.49,3.68,0.81,0.09,10.24,0.26
2,新北中信特攻,43|104,林韋翰/貝奇,16,928,1099.0,14856.31,247.61,247:36,928.52,15.48,15:29,529.0,33.06,48.13,76.91,439.0,27.44,39.95,63.83,395.0,24.69,35.94,57.43,191.0,11.94,17.38,27.77,193.0,12.06,17.56,28.06,124.0,7.75,11.28,18.03,202.0,12.62,18.38,29.37,67.0,4.19,6.1,9.74,105.0,6.56,9.55,15.27,72.0,4.5,6.55,10.47,57.0,3.56,5.19,8.29,155.0,9.69,14.1,22.54,68.0,4.25,6.19,9.89,170.0,10.62,15.47,24.72,87.0,5.44,7.92,12.65,140.0,8.75,12.74,20.35,40.0,2.5,3.64,5.82,7.0,0.44,0.64,1.02,98.0,6.12,8.92,14.25,120.0,7.5,10.92,17.45,48.13,39.95,8.19,106.52,90.0,5.62,8.19,247.61,15.48,0.57,0.6,0.64,0.33,0.69,0.16,0.73,0.25,0.7,0.47,3.64,0.64,0.09,10.92,0.27
2,新北中信特攻,104|8889,貝奇/馬可,12,773,931.0,12709.28,211.82,211:49,1059.11,17.65,17:39,460.0,38.33,49.41,78.18,381.0,31.75,40.92,64.75,341.0,28.42,36.63,57.95,163.0,13.58,17.51,27.7,177.0,14.75,19.01,30.08,105.0,8.75,11.28,17.85,164.0,13.67,17.62,27.87,58.0,4.83,6.23,9.86,105.0,8.75,11.28,17.85,76.0,6.33,8.16,12.92,56.0,4.67,6.02,9.52,127.0,10.58,13.64,21.58,61.0,5.08,6.55,10.37,144.0,12.0,15.47,24.47,70.0,5.83,7.52,11.9,116.0,9.67,12.46,19.71,35.0,2.92,3.76,5.95,6.0,0.5,0.64,1.02,90.0,7.5,9.67,15.3,95.0,7.92,10.2,16.15,49.41,40.92,8.49,105.49,79.0,6.58,8.49,211.82,17.65,0.56,0.59,0.59,0.35,0.72,0.15,0.71,0.28,0.68,0.47,3.76,0.64,0.1,10.2,0.31
2,新北中信特攻,104|10877,貝奇/阿巴西,18,1215,1445.0,19439.75,324.0,324:00,1079.99,18.0,18:00,724.0,40.22,50.1,80.45,618.0,34.33,42.77,68.67,546.0,30.33,37.79,60.67,267.0,14.83,18.48,29.67,290.0,16.11,20.07,32.22,173.0,9.61,11.97,19.22,256.0,14.22,17.72,28.44,94.0,5.22,6.51,10.44,127.0,7.06,8.79,14.11,90.0,5.0,6.23,10.0,92.0,5.11,6.37,10.22,201.0,11.17,13.91,22.33,81.0,4.5,5.61,9.0,226.0,12.56,15.64,25.11,105.0,5.83,7.27,11.67,183.0,10.17,12.66,20.33,53.0,2.94,3.67,5.89,11.0,0.61,0.76,1.22,120.0,6.67,8.3,13.33,158.0,8.78,10.93,17.56,50.1,42.77,7.34,107.04,106.0,5.89,7.34,324.0,18.0,0.58,0.6,0.6,0.37,0.71,0.15,0.69,0.29,0.71,0.49,3.67,0.76,0.08,10.93,0.23
2,福爾摩沙夢想家,77|91,馬建豪/簡偉儒,7,124,163.0,2092.22,34.87,34:52,298.89,4.98,04:59,51.0,7.29,31.29,52.65,63.0,9.0,38.65,65.04,68.0,9.71,41.72,70.2,23.0,3.29,14.11,23.75,45.0,6.43,27.61,46.46,23.0,3.29,14.11,23.75,23.0,3.29,14.11,23.75,0.0,0.0,0.0,0.0,8.0,1.14,4.91,8.26,5.0,0.71,3.07,5.16,16.0,2.29,9.82,16.52,27.0,3.86,16.56,27.87,19.0,2.71,11.66,19.62,23.0,3.29,14.11,23.75,8.0,1.14,4.91,8.26,12.0,1.71,7.36,12.39,3.0,0.43,1.84,3.1,1.0,0.14,0.61,1.03,7.0,1.0,4.29,7.23,19.0,2.71,11.66,19.62,31.29,38.65,-7.36,112.19,-12.0,-1.71,-7.36,34.87,4.98,0.34,0.36,0.51,0.0,0.62,0.1,0.52,0.41,0.59,0.51,1.84,0.61,0.04,11.66,0.12
2,福爾摩沙夢想家,91|13777,簡偉儒/布依德,4,70,91.0,1143.39,19.06,19:03,285.85,4.76,04:46,32.0,8.0,35.16,60.45,35.0,8.75,38.46,66.12,36.0,9.0,39.56,68.01,12.0,3.0,13.19,22.67,28.0,7.0,30.77,52.9,12.0,3.0,13.19,22.67,8.0,2.0,8.79,15.11,0.0,0.0,0.0,0.0,11.0,2.75,12.09,20.78,8.0,2.0,8.79,15.11,11.0,2.75,12.09,20.78,14.0,3.5,15.38,26.45,9.0,2.25,9.89,17.0,11.0,2.75,12.09,20.78,6.0,1.5,6.59,11.33,6.0,1.5,6.59,11.33,1.0,0.25,1.1,1.89,0.0,0.0,0.0,0.0,8.0,2.0,8.79,15.11,10.0,2.5,10.99,18.89,35.16,38.46,-3.3,114.61,-3.0,-0.75,-3.3,19.06,4.76,0.33,0.39,0.43,0.0,0.73,0.13,0.5,0.5,0.61,0.56,1.1,0.0,0.09,10.99,0.31
2,新北中信特攻,47|104,曾文鼎/貝奇,18,766,897.0,12505.8,208.43,208:26,694.77,11.58,11:35,394.0,21.89,43.92,68.05,365.0,20.28,40.69,63.04,327.0,18.17,36.45,56.48,141.0,7.83,15.72,24.35,159.0,8.83,17.73,27.46,82.0,4.56,9.14,14.16,168.0,9.33,18.73,29.02,59.0,3.28,6.58,10.19,80.0,4.44,8.92,13.82,54.0,3.0,6.02,9.33,43.0,2.39,4.79,7.43,151.0,8.39,16.83,26.08,47.0,2.61,5.24,8.12,158.0,8.78,17.61,27.29,70.0,3.89,7.8,12.09,105.0,5.83,11.71,18.14,33.0,1.83,3.68,5.7,5.0,0.28,0.56,0.86,74.0,4.11,8.25,12.78,83.0,4.61,9.25,14.34,43.92,40.69,3.23,103.29,29.0,1.61,3.23,208.43,11.58,0.52,0.54,0.52,0.35,0.68,0.16,0.74,0.21,0.76,0.49,3.68,0.56,0.08,9.25,0.24
2,新北中信特攻,104|10881,貝奇/飛克,14,605,714.0,9547.9,159.13,159:08,681.99,11.37,11:22,332.0,23.71,46.5,75.11,315.0,22.5,44.12,71.26,257.0,18.36,35.99,58.14,121.0,8.64,16.95,27.37,130.0,9.29,18.21,29.41,71.0,5.07,9.94,16.06,127.0,9.07,17.79,28.73,50.0,3.57,7.0,11.31,53.0,3.79,7.42,11.99,38.0,2.71,5.32,8.6,39.0,2.79,5.46,8.82,105.0,7.5,14.71,23.75,38.0,2.71,5.32,8.6,111.0,7.93,15.55,25.11,58.0,4.14,8.12,13.12,86.0,6.14,12.04,19.46,30.0,2.14,4.2,6.79,6.0,0.43,0.84,1.36,51.0,3.64,7.14,11.54,90.0,6.43,12.61,20.36,46.5,44.12,2.38,107.68,17.0,1.21,2.38,159.13,11.37,0.57,0.59,0.55,0.39,0.72,0.17,0.71,0.26,0.73,0.49,4.2,0.84,0.07,12.61,0.21
2,新北中信特攻,104|10879,貝奇/簡廷兆,17,757,923.0,12230.92,203.85,203:51,719.47,11.99,11:59,404.0,23.76,43.77,71.35,355.0,20.88,38.46,62.69,323.0,19.0,34.99,57.04,138.0,8.12,14.95,24.37,162.0,9.53,17.55,28.61,76.0,4.47,8.23,13.42,161.0,9.47,17.44,28.43,62.0,3.65,6.72,10.95,101.0,5.94,10.94,17.84,73.0,4.29,7.91,12.89,59.0,3.47,6.39,10.42,135.0,7.94,14.63,23.84,68.0,4.0,7.37,12.01,156.0,9.18,16.9,27.55,81.0,4.76,8.78,14.3,97.0,5.71,10.51,17.13,45.0,2.65,4.88,7.95,7.0,0.41,0.76,1.24,81.0,4.76,8.78,14.3,106.0,6.24,11.48,18.72,43.77,38.46,5.31,108.67,49.0,2.88,5.31,203.85,11.99,0.52,0.55,0.47,0.39,0.72,0.18,0.7,0.27,0.67,0.46,4.88,0.76,0.09,11.48,0.31
2,新北中信特攻,44|104,黃泓瀚/貝奇,13,217,254.0,3447.67,57.46,57:28,265.21,4.42,04:25,111.0,8.54,43.7,69.54,129.0,9.92,50.79,80.82,98.0,7.54,38.58,61.4,42.0,3.23,16.54,26.31,49.0,3.77,19.29,30.7,25.0,1.92,9.84,15.66,49.0,3.77,19.29,30.7,17.0,1.31,6.69,10.65,19.0,1.46,7.48,11.9,12.0,0.92,4.72,7.52,9.0,0.69,3.54,5.64,47.0,3.62,18.5,29.45,15.0,1.15,5.91,9.4,39.0,3.0,15.35,24.43,14.0,1.08,5.51,8.77,26.0,2.0,10.24,16.29,8.0,0.62,3.15,5.01,3.0,0.23,1.18,1.88,21.0,1.62,8.27,13.16,35.0,2.69,13.78,21.93,43.7,50.79,-7.09,106.09,-18.0,-1.38,-7.09,57.46,4.42,0.52,0.52,0.51,0.35,0.63,0.12,0.62,0.19,0.76,0.51,3.15,1.18,0.08,13.78,0.19
2,高雄全家海神,116|13275,呂威霆/吳彥侖,12,229,292.0,3754.51,62.58,62:35,312.88,5.21,05:13,114.0,9.5,39.04,65.59,132.0,11.0,45.21,75.94,112.0,9.33,38.36,64.43,38.0,3.17,13.01,21.86,60.0,5.0,20.55,34.52,23.0,1.92,7.88,13.23,52.0,4.33,17.81,29.92,15.0,1.25,5.14,8.63,29.0,2.42,9.93,16.68,23.0,1.92,7.88,13.23,32.0,2.67,10.96,18.41,42.0,3.5,14.38,24.16,21.0,1.75,7.19,12.08,38.0,3.17,13.01,21.86,23.0,1.92,7.88,13.23,22.0,1.83,7.53,12.66,10.0,0.83,3.42,5.75,6.0,0.5,2.05,3.45,38.0,3.17,13.01,21.86,38.0,3.17,13.01,21.86,39.04,45.21,-6.16,111.99,-18.0,-1.5,-6.16,62.58,5.21,0.41,0.46,0.38,0.29,0.79,0.16,0.58,0.46,0.67,0.56,3.42,2.05,0.13,13.01,0.26
2,高雄全家海神,10894|13275,凱帝/吳彥侖,2,82,96.0,1375.36,22.92,22:55,687.68,11.46,11:28,37.0,18.5,38.54,58.11,53.0,26.5,55.21,83.24,39.0,19.5,40.62,61.25,12.0,6.0,12.5,18.85,19.0,9.5,19.79,29.84,8.0,4.0,8.33,12.56,20.0,10.0,20.83,31.41,4.0,2.0,4.17,6.28,10.0,5.0,10.42,15.71,9.0,4.5,9.38,14.13,8.0,4.0,8.33,12.56,18.0,9.0,18.75,28.27,6.0,3.0,6.25,9.42,17.0,8.5,17.71,26.7,5.0,2.5,5.21,7.85,6.0,3.0,6.25,9.42,1.0,0.5,1.04,1.57,3.0,1.5,3.12,4.71,9.0,4.5,9.38,14.13,5.0,2.5,5.21,7.85,38.54,55.21,-16.67,100.51,-16.0,-8.0,-16.67,22.92,11.46,0.36,0.43,0.42,0.2,0.9,0.1,0.5,0.32,0.75,0.53,1.04,3.12,0.09,5.21,0.26
2,新北國王,32|13029,奧帝/杰倫,6,285,337.0,4446.07,74.1,74:06,741.01,12.35,12:21,143.0,23.83,42.43,69.47,159.0,26.5,47.18,77.25,129.0,21.5,38.28,62.67,52.0,8.67,15.43,25.26,63.0,10.5,18.69,30.61,27.0,4.5,8.01,13.12,66.0,11.0,19.58,32.06,25.0,4.17,7.42,12.15,25.0,4.17,7.42,12.15,17.0,2.83,5.04,8.26,22.0,3.67,6.53,10.69,56.0,9.33,16.62,27.21,20.0,3.33,5.93,9.72,58.0,9.67,17.21,28.18,22.0,3.67,6.53,10.69,34.0,5.67,10.09,16.52,15.0,2.5,4.45,7.29,5.0,0.83,1.48,2.43,25.0,4.17,7.42,12.15,44.0,7.33,13.06,21.38,42.43,47.18,-4.75,109.15,-16.0,-2.67,-4.75,74.1,12.35,0.5,0.51,0.43,0.38,0.68,0.14,0.65,0.28,0.74,0.5,4.45,1.48,0.07,13.06,0.19
2,高雄全家海神,45|116,施晉堯/呂威霆,15,507,590.0,8262.9,137.71,137:43,550.86,9.18,09:11,259.0,17.27,43.9,67.71,292.0,19.47,49.49,76.33,210.0,14.0,35.59,54.9,90.0,6.0,15.25,23.53,114.0,7.6,19.32,29.8,54.0,3.6,9.15,14.12,96.0,6.4,16.27,25.1,36.0,2.4,6.1,9.41,67.0,4.47,11.36,17.51,45.0,3.0,7.63,11.76,31.0,2.07,5.25,8.1,99.0,6.6,16.78,25.88,40.0,2.67,6.78,10.46,90.0,6.0,15.25,23.53,44.0,2.93,7.46,11.5,57.0,3.8,9.66,14.9,31.0,2.07,5.25,8.1,17.0,1.13,2.88,4.44,49.0,3.27,8.31,12.81,74.0,4.93,12.54,19.34,43.9,49.49,-5.59,102.82,-33.0,-2.2,-5.59,137.71,9.18,0.51,0.54,0.47,0.38,0.67,0.16,0.63,0.26,0.71,0.5,5.25,2.88,0.08,12.54,0.32
2,高雄全家海神,45|13275,施晉堯/吳彥侖,7,178,206.0,3012.36,50.21,50:12,430.34,7.17,07:10,95.0,13.57,46.12,68.12,127.0,18.14,61.65,91.06,84.0,12.0,40.78,60.23,37.0,5.29,17.96,26.53,41.0,5.86,19.9,29.4,24.0,3.43,11.65,17.21,43.0,6.14,20.87,30.83,13.0,1.86,6.31,9.32,12.0,1.71,5.83,8.6,10.0,1.43,4.85,7.17,9.0,1.29,4.37,6.45,37.0,5.29,17.96,26.53,10.0,1.43,4.85,7.17,27.0,3.86,13.11,19.36,11.0,1.57,5.34,7.89,21.0,3.0,10.19,15.06,4.0,0.57,1.94,2.87,1.0,0.14,0.49,0.72,19.0,2.71,9.22,13.62,29.0,4.14,14.08,20.79,46.12,61.65,-15.53,98.47,-32.0,-4.57,-15.53,50.21,7.17,0.52,0.53,0.59,0.3,0.83,0.11,0.57,0.25,0.79,0.55,1.94,0.49,0.09,14.08,0.14
2,高雄全家海神,116|119,呂威霆/余純安,10,245,294.0,3865.3,64.42,64:25,386.53,6.44,06:27,121.0,12.1,41.16,67.62,132.0,13.2,44.9,73.76,115.0,11.5,39.12,64.26,43.0,4.3,14.63,24.03,49.0,4.9,16.67,27.38,24.0,2.4,8.16,13.41,66.0,6.6,22.45,36.88,19.0,1.9,6.46,10.62,25.0,2.5,8.5,13.97,16.0,1.6,5.44,8.94,20.0,2.0,6.8,11.18,51.0,5.1,17.35,28.5,20.0,2.0,6.8,11.18,42.0,4.2,14.29,23.47,19.0,1.9,6.46,10.62,33.0,3.3,11.22,18.44,12.0,1.2,4.08,6.71,4.0,0.4,1.36,2.24,28.0,2.8,9.52,15.65,41.0,4.1,13.95,22.91,41.16,44.9,-3.74,109.53,-11.0,-1.1,-3.74,64.42,6.44,0.46,0.48,0.49,0.29,0.64,0.13,0.77,0.32,0.72,0.53,4.08,1.36,0.1,13.95,0.22
2,高雄全家海神,119|13275,余純安/吳彥侖,2,52,59.0,746.27,12.44,12:26,373.13,6.22,06:13,33.0,16.5,55.93,95.52,28.0,14.0,47.46,81.04,25.0,12.5,42.37,72.36,12.0,6.0,20.34,34.73,14.0,7.0,23.73,40.52,6.0,3.0,10.17,17.37,11.0,5.5,18.64,31.84,6.0,3.0,10.17,17.37,7.0,3.5,11.86,20.26,5.0,2.5,8.47,14.47,2.0,1.0,3.39,5.79,10.0,5.0,16.95,28.94,2.0,1.0,3.39,5.79,10.0,5.0,16.95,28.94,1.0,0.5,1.69,2.89,10.0,5.0,16.95,28.94,1.0,0.5,1.69,2.89,0.0,0.0,0.0,0.0,10.0,5.0,16.95,28.94,8.0,4.0,13.56,23.16,55.93,47.46,8.47,113.85,5.0,2.5,8.47,12.44,6.22,0.6,0.59,0.43,0.55,0.71,0.03,0.83,0.17,0.83,0.5,1.69,0.0,0.17,13.56,0.28
2,新北中信特攻,39|104,魏嘉豪/貝奇,14,373,427.0,5958.18,99.3,99:18,425.58,7.09,07:06,197.0,14.07,46.14,71.42,173.0,12.36,40.52,62.72,174.0,12.43,40.75,63.08,76.0,5.43,17.8,27.55,96.0,6.86,22.48,34.8,47.0,3.36,11.01,17.04,78.0,5.57,18.27,28.28,29.0,2.07,6.79,10.51,30.0,2.14,7.03,10.88,18.0,1.29,4.22,6.53,25.0,1.79,5.85,9.06,78.0,5.57,18.27,28.28,18.0,1.29,4.22,6.53,64.0,4.57,14.99,23.2,25.0,1.79,5.85,9.06,61.0,4.36,14.29,22.11,14.0,1.0,3.28,5.08,5.0,0.36,1.17,1.81,24.0,1.71,5.62,8.7,52.0,3.71,12.18,18.85,46.14,40.52,5.62,103.2,24.0,1.71,5.62,99.3,7.09,0.52,0.53,0.49,0.37,0.6,0.12,0.8,0.28,0.81,0.56,3.28,1.17,0.06,12.18,0.17
2,新北中信特攻,38|44,余維豪/黃泓瀚,5,77,92.0,1142.58,19.04,19:03,228.52,3.81,03:49,38.0,7.6,41.3,71.84,33.0,6.6,35.87,62.39,35.0,7.0,38.04,66.17,15.0,3.0,16.3,28.36,24.0,4.8,26.09,45.37,12.0,2.4,13.04,22.69,11.0,2.2,11.96,20.8,3.0,0.6,3.26,5.67,7.0,1.4,7.61,13.23,7.0,1.4,7.61,13.23,7.0,1.4,7.61,13.23,12.0,2.4,13.04,22.69,6.0,1.2,6.52,11.34,17.0,3.4,18.48,32.14,8.0,1.6,8.7,15.12,9.0,1.8,9.78,17.01,5.0,1.0,5.43,9.45,1.0,0.2,1.09,1.89,7.0,1.4,7.61,13.23,8.0,1.6,8.7,15.12,41.3,35.87,5.43,115.95,5.0,1.0,5.43,19.04,3.81,0.47,0.5,0.5,0.27,1.0,0.17,0.6,0.29,0.67,0.45,5.43,1.09,0.08,8.7,0.2
2,新北中信特攻,38|47,余維豪/曾文鼎,4,49,58.0,713.72,11.9,11:54,178.43,2.97,02:58,22.0,5.5,37.93,66.58,26.0,6.5,44.83,78.69,20.0,5.0,34.48,60.53,7.0,1.75,12.07,21.18,13.0,3.25,22.41,39.34,5.0,1.25,8.62,15.13,7.0,1.75,12.07,21.18,2.0,0.5,3.45,6.05,6.0,1.5,10.34,18.16,6.0,1.5,10.34,18.16,5.0,1.25,8.62,15.13,7.0,1.75,12.07,21.18,3.0,0.75,5.17,9.08,8.0,2.0,13.79,24.21,5.0,1.25,8.62,15.13,6.0,1.5,10.34,18.16,3.0,0.75,5.17,9.08,0.0,0.0,0.0,0.0,6.0,1.5,10.34,18.16,2.0,0.5,3.45,6.05,37.93,44.83,-6.9,117.02,-4.0,-1.0,-6.9,11.9,2.97,0.4,0.49,0.38,0.29,1.0,0.18,0.86,0.38,0.7,0.52,5.17,0.0,0.1,3.45,0.3
2,高雄全家海神,51|109,克力斯/于煥亞,10,688,826.0,11998.91,199.98,199:59,1199.89,20.0,20:00,379.0,37.9,45.88,68.23,404.0,40.4,48.91,72.73,318.0,31.8,38.5,57.25,140.0,14.0,16.95,25.2,183.0,18.3,22.15,32.94,93.0,9.3,11.26,16.74,135.0,13.5,16.34,24.3,47.0,4.7,5.69,8.46,59.0,5.9,7.14,10.62,50.0,5.0,6.05,9.0,60.0,6.0,7.26,10.8,117.0,11.7,14.16,21.06,52.0,5.2,6.3,9.36,100.0,10.0,12.11,18.0,60.0,6.0,7.26,10.8,79.0,7.9,9.56,14.22,38.0,3.8,4.6,6.84,13.0,1.3,1.57,2.34,67.0,6.7,8.11,12.06,82.0,8.2,9.93,14.76,45.88,48.91,-3.03,99.13,-25.0,-2.5,-3.03,199.98,20.0,0.51,0.55,0.51,0.35,0.85,0.15,0.56,0.38,0.69,0.54,4.6,1.57,0.08,9.93,0.19
2,高雄全家海神,109|12908,于煥亞/布里茲克,5,412,488.0,6609.83,110.16,110:10,1321.97,22.03,22:02,231.0,46.2,47.34,75.49,213.0,42.6,43.65,69.61,206.0,41.2,42.21,67.32,85.0,17.0,17.42,27.78,120.0,24.0,24.59,39.21,59.0,11.8,12.09,19.28,86.0,17.2,17.62,28.1,26.0,5.2,5.33,8.5,42.0,8.4,8.61,13.73,34.0,6.8,6.97,11.11,37.0,7.4,7.58,12.09,81.0,16.2,16.6,26.47,31.0,6.2,6.35,10.13,60.0,12.0,12.3,19.61,27.0,5.4,5.53,8.82,43.0,8.6,8.81,14.05,15.0,3.0,3.07,4.9,9.0,1.8,1.84,2.94,42.0,8.4,8.61,13.73,52.0,10.4,10.66,16.99,47.34,43.65,3.69,106.31,18.0,3.6,3.69,110.16,22.03,0.48,0.51,0.49,0.3,0.81,0.11,0.51,0.38,0.72,0.56,3.07,1.84,0.09,10.66,0.2
2,高雄全家海神,45|13399,施晉堯/賽克維奇,6,205,238.0,3059.3,50.99,50:59,509.88,8.5,08:30,109.0,18.17,45.8,76.96,105.0,17.5,44.12,74.13,94.0,15.67,39.5,66.37,37.0,6.17,15.55,26.12,56.0,9.33,23.53,39.54,25.0,4.17,10.5,17.65,38.0,6.33,15.97,26.83,12.0,2.0,5.04,8.47,29.0,4.83,12.18,20.48,23.0,3.83,9.66,16.24,23.0,3.83,9.66,16.24,32.0,5.33,13.45,22.59,8.0,1.33,3.36,5.65,34.0,5.67,14.29,24.01,17.0,2.83,7.14,12.0,18.0,3.0,7.56,12.71,9.0,1.5,3.78,6.35,7.0,1.17,2.94,4.94,22.0,3.67,9.24,15.53,32.0,5.33,13.45,22.59,45.8,44.12,1.68,112.03,4.0,0.67,1.68,50.99,8.5,0.46,0.51,0.45,0.32,0.79,0.14,0.49,0.4,0.8,0.57,3.78,2.94,0.09,13.45,0.31
2,高雄全家海神,109|13399,于煥亞/賽克維奇,5,287,344.0,4737.77,78.96,78:58,947.55,15.79,15:48,158.0,31.6,45.93,72.03,153.0,30.6,44.48,69.75,144.0,28.8,41.86,65.65,60.0,12.0,17.44,27.35,88.0,17.6,25.58,40.12,42.0,8.4,12.21,19.15,56.0,11.2,16.28,25.53,18.0,3.6,5.23,8.21,27.0,5.4,7.85,12.31,20.0,4.0,5.81,9.12,31.0,6.2,9.01,14.13,52.0,10.4,15.12,23.71,16.0,3.2,4.65,7.29,44.0,8.8,12.79,20.06,20.0,4.0,5.81,9.12,25.0,5.0,7.27,11.4,11.0,2.2,3.2,5.02,9.0,1.8,2.62,4.1,24.0,4.8,6.98,10.94,30.0,6.0,8.72,13.68,45.93,44.48,1.45,104.56,5.0,1.0,1.45,78.96,15.79,0.48,0.51,0.48,0.32,0.74,0.11,0.42,0.41,0.76,0.58,3.2,2.62,0.07,8.72,0.19
2,高雄全家海神,110|13399,胡瓏貿/賽克維奇,7,277,331.0,4571.21,76.19,76:11,653.03,10.88,10:53,157.0,22.43,47.43,74.19,152.0,21.71,45.92,71.82,128.0,18.29,38.67,60.48,57.0,8.14,17.22,26.93,69.0,9.86,20.85,32.6,36.0,5.14,10.88,17.01,59.0,8.43,17.82,27.88,21.0,3.0,6.34,9.92,31.0,4.43,9.37,14.65,20.0,2.86,6.04,9.45,26.0,3.71,7.85,12.29,47.0,6.71,14.2,22.21,17.0,2.43,5.14,8.03,46.0,6.57,13.9,21.74,23.0,3.29,6.95,10.87,30.0,4.29,9.06,14.18,13.0,1.86,3.93,6.14,6.0,0.86,1.81,2.84,30.0,4.29,9.06,14.18,40.0,5.71,12.08,18.9,47.43,45.92,1.51,104.27,5.0,0.71,1.51,76.19,10.88,0.53,0.55,0.52,0.36,0.65,0.14,0.53,0.36,0.73,0.54,3.93,1.81,0.09,12.08,0.24
2,高雄全家海神,12908|13399,布里茲克/賽克維奇,2,125,147.0,1998.09,33.3,33:18,999.05,16.65,16:39,68.0,34.0,46.26,73.51,59.0,29.5,40.14,63.78,67.0,33.5,45.58,72.43,26.0,13.0,17.69,28.11,41.0,20.5,27.89,44.32,19.0,9.5,12.93,20.54,26.0,13.0,17.69,28.11,7.0,3.5,4.76,7.57,14.0,7.0,9.52,15.13,9.0,4.5,6.12,9.73,17.0,8.5,11.56,18.38,24.0,12.0,16.33,25.94,2.0,1.0,1.36,2.16,18.0,9.0,12.24,19.46,9.0,4.5,6.12,9.73,13.0,6.5,8.84,14.05,3.0,1.5,2.04,3.24,5.0,2.5,3.4,5.41,14.0,7.0,9.52,15.13,15.0,7.5,10.2,16.22,46.26,40.14,6.12,105.94,9.0,4.5,6.12,33.3,16.65,0.44,0.46,0.46,0.27,0.64,0.11,0.5,0.49,0.92,0.67,2.04,3.4,0.1,10.2,0.21
2,高雄全家海神,123|13399,勤明慶/賽克維奇,1,4,4.0,61.89,1.03,01:02,61.89,1.03,01:02,2.0,2.0,50.0,69.81,3.0,3.0,75.0,104.71,1.0,1.0,25.0,34.9,0.0,0.0,0.0,0.0,0.0,0.0,0.0,0.0,0.0,0.0,0.0,0.0,1.0,1.0,25.0,34.9,0.0,0.0,0.0,0.0,2.0,2.0,50.0,69.81,2.0,2.0,50.0,69.81,0.0,0.0,0.0,0.0,0.0,0.0,0.0,0.0,0.0,0.0,0.0,0.0,1.0,1.0,25.0,34.9,0.0,0.0,0.0,0.0,1.0,1.0,25.0,34.9,0.0,0.0,0.0,0.0,0.0,0.0,0.0,0.0,1.0,1.0,25.0,34.9,0.0,0.0,0.0,0.0,50.0,75.0,-25.0,93.07,-1.0,-1.0,-25.0,1.03,1.03,0.0,0.53,,0.0,1.0,0.0,,0.0,,0.0,0.0,0.0,0.25,0.0,2.0
2,桃園台啤永豐雲豹,55|62,汪哲宇/王皓吉,2,65,74.0,1026.4,17.11,17:06,513.2,8.55,08:33,43.0,21.5,58.11,90.49,40.0,20.0,54.05,84.18,26.0,13.0,35.14,54.72,17.0,8.5,22.97,35.78,18.0,9.0,24.32,37.88,12.0,6.0,16.22,25.25,8.0,4.0,10.81,16.84,5.0,2.5,6.76,10.52,5.0,2.5,6.76,10.52,4.0,2.0,5.41,8.42,2.0,1.0,2.7,4.21,7.0,3.5,9.46,14.73,4.0,2.0,5.41,8.42,11.0,5.5,14.86,23.15,5.0,2.5,6.76,10.52,11.0,5.5,14.86,23.15,2.0,1.0,2.7,4.21,0.0,0.0,0.0,0.0,6.0,3.0,8.11,12.63,13.0,6.5,17.57,27.36,58.11,54.05,4.05,103.82,3.0,1.5,4.05,17.11,8.55,0.75,0.76,0.67,0.62,0.8,0.15,0.65,0.15,0.64,0.38,2.7,0.0,0.08,17.57,0.19
2,高雄全家海神,51|13399,克力斯/賽克維奇,5,280,320.0,4427.42,73.79,73:47,885.48,14.76,14:45,162.0,32.4,50.62,79.03,167.0,33.4,52.19,81.47,113.0,22.6,35.31,55.13,57.0,11.4,17.81,27.81,58.0,11.6,18.12,28.3,33.0,6.6,10.31,16.1,55.0,11.0,17.19,26.83,24.0,4.8,7.5,11.71,26.0,5.2,8.12,12.68,24.0,4.8,7.5,11.71,18.0,3.6,5.62,8.78,38.0,7.6,11.88,18.54,9.0,1.8,2.81,4.39,45.0,9.0,14.06,21.95,34.0,6.8,10.62,16.59,33.0,6.6,10.31,16.1,19.0,3.8,5.94,9.27,6.0,1.2,1.88,2.93,29.0,5.8,9.06,14.15,42.0,8.4,13.12,20.49,50.62,52.19,-1.56,104.08,-5.0,-1.0,-1.56,73.79,14.76,0.61,0.65,0.57,0.44,0.92,0.21,0.58,0.29,0.81,0.51,5.94,1.88,0.09,13.12,0.23
2,高雄全家海神,116|13399,呂威霆/賽克維奇,5,207,244.0,3314.64,55.24,55:15,662.93,11.05,11:03,110.0,22.0,45.08,71.68,116.0,23.2,47.54,75.59,90.0,18.0,36.89,58.65,39.0,7.8,15.98,25.41,50.0,10.0,20.49,32.58,23.0,4.6,9.43,14.99,40.0,8.0,16.39,26.07,16.0,3.2,6.56,10.43,24.0,4.8,9.84,15.64,18.0,3.6,7.38,11.73,17.0,3.4,6.97,11.08,37.0,7.4,15.16,24.11,12.0,2.4,4.92,7.82,29.0,5.8,11.89,18.9,20.0,4.0,8.2,13.03,22.0,4.4,9.02,14.34,12.0,2.4,4.92,7.82,6.0,1.2,2.46,3.91,21.0,4.2,8.61,13.68,32.0,6.4,13.11,20.85,45.08,47.54,-2.46,106.0,-6.0,-1.2,-2.46,55.24,11.05,0.52,0.55,0.46,0.4,0.75,0.17,0.56,0.37,0.76,0.57,4.92,2.46,0.09,13.11,0.27
2,高雄全家海神,51|119,克力斯/余純安,10,385,454.0,5990.74,99.85,99:51,599.07,9.98,09:59,195.0,19.5,42.95,70.31,231.0,23.1,50.88,83.29,183.0,18.3,40.31,65.98,73.0,7.3,16.08,26.32,89.0,8.9,19.6,32.09,46.0,4.6,10.13,16.59,94.0,9.4,20.7,33.89,27.0,2.7,5.95,9.74,34.0,3.4,7.49,12.26,22.0,2.2,4.85,7.93,35.0,3.5,7.71,12.62,79.0,7.9,17.4,28.48,20.0,2.0,4.41,7.21,58.0,5.8,12.78,20.91,31.0,3.1,6.83,11.18,46.0,4.6,10.13,16.59,18.0,1.8,3.96,6.49,9.0,0.9,1.98,3.25,38.0,3.8,8.37,13.7,62.0,6.2,13.66,22.35,42.95,50.88,-7.93,109.13,-36.0,-3.6,-7.93,99.85,9.98,0.47,0.49,0.52,0.29,0.65,0.14,0.63,0.38,0.8,0.59,3.96,1.98,0.08,13.66,0.19
2,高雄全家海神,109|13275,于煥亞/吳彥侖,6,159,183.0,2580.44,43.01,43:00,430.07,7.17,07:10,87.0,14.5,47.54,72.82,81.0,13.5,44.26,67.8,73.0,12.17,39.89,61.11,32.0,5.33,17.49,26.79,41.0,6.83,22.4,34.32,21.0,3.5,11.48,17.58,32.0,5.33,17.49,26.79,11.0,1.83,6.01,9.21,14.0,2.33,7.65,11.72,11.0,1.83,6.01,9.21,11.0,1.83,6.01,9.21,29.0,4.83,15.85,24.27,10.0,1.67,5.46,8.37,20.0,3.33,10.93,16.74,15.0,2.5,8.2,12.56,14.0,2.33,7.65,11.72,6.0,1.0,3.28,5.02,4.0,0.67,2.19,3.35,19.0,3.17,10.38,15.9,16.0,2.67,8.74,13.39,47.54,44.26,3.28,102.12,6.0,1.0,3.28,43.01,7.17,0.51,0.55,0.51,0.34,0.79,0.16,0.44,0.35,0.74,0.57,3.28,2.19,0.1,8.74,0.19
2,高雄全家海神,13275|13399,吳彥侖/賽克維奇,3,59,69.0,949.41,15.82,15:49,316.47,5.27,05:16,29.0,9.67,42.03,65.98,30.0,10.0,43.48,68.25,31.0,10.33,44.93,70.53,12.0,4.0,17.39,27.3,19.0,6.33,27.54,43.23,8.0,2.67,11.59,18.2,12.0,4.0,17.39,27.3,4.0,1.33,5.8,9.1,3.0,1.0,4.35,6.83,1.0,0.33,1.45,2.28,7.0,2.33,10.14,15.93,12.0,4.0,17.39,27.3,2.0,0.67,2.9,4.55,9.0,3.0,13.04,20.48,5.0,1.67,7.25,11.38,5.0,1.67,7.25,11.38,1.0,0.33,1.45,2.28,1.0,0.33,1.45,2.28,8.0,2.67,11.59,18.2,6.0,2.0,8.7,13.65,42.03,43.48,-1.45,104.65,-1.0,-0.33,-1.45,15.82,5.27,0.45,0.45,0.42,0.33,0.33,0.13,0.42,0.44,0.86,0.63,1.45,1.45,0.12,8.7,0.1
2,高雄全家海神,121|13399,吳曉謹/賽克維奇,7,239,276.0,3972.6,66.21,66:13,567.51,9.46,09:28,125.0,17.86,45.29,67.97,140.0,20.0,50.72,76.12,109.0,15.57,39.49,59.27,46.0,6.57,16.67,25.01,57.0,8.14,20.65,30.99,31.0,4.43,11.23,16.86,52.0,7.43,18.84,28.27,15.0,2.14,5.43,8.16,22.0,3.14,7.97,11.96,18.0,2.57,6.52,9.79,20.0,2.86,7.25,10.87,41.0,5.86,14.86,22.29,10.0,1.43,3.62,5.44,37.0,5.29,13.41,20.12,22.0,3.14,7.97,11.96,26.0,3.71,9.42,14.14,12.0,1.71,4.35,6.52,7.0,1.0,2.54,3.81,24.0,3.43,8.7,13.05,34.0,4.86,12.32,18.49,45.29,50.72,-5.43,100.05,-15.0,-2.14,-5.43,66.21,9.46,0.49,0.53,0.54,0.29,0.82,0.16,0.57,0.35,0.8,0.56,4.35,2.54,0.09,12.32,0.2
2,高雄全家海神,122|13399,陳懷安/賽克維奇,3,120,139.0,1967.02,32.78,32:47,655.67,10.93,10:56,76.0,25.33,54.68,83.46,68.0,22.67,48.92,74.67,54.0,18.0,38.85,59.3,28.0,9.33,20.14,30.75,29.0,9.67,20.86,31.85,18.0,6.0,12.95,19.77,25.0,8.33,17.99,27.45,10.0,3.33,7.19,10.98,11.0,3.67,7.91,12.08,10.0,3.33,7.19,10.98,9.0,3.0,6.47,9.88,15.0,5.0,10.79,16.47,4.0,1.33,2.88,4.39,15.0,5.0,10.79,16.47,11.0,3.67,7.91,12.08,14.0,4.67,10.07,15.37,8.0,2.67,5.76,8.78,1.0,0.33,0.72,1.1,12.0,4.0,8.63,13.18,24.0,8.0,17.27,26.35,54.68,48.92,5.76,101.76,8.0,2.67,5.76,32.78,10.93,0.61,0.65,0.62,0.4,0.91,0.16,0.5,0.38,0.79,0.56,5.76,0.72,0.09,17.27,0.2
2,高雄全家海神,111|119,唐維傑/余純安,6,98,117.0,1414.62,23.58,23:35,235.77,3.93,03:56,39.0,6.5,33.33,59.55,48.0,8.0,41.03,73.29,41.0,6.83,35.04,62.6,16.0,2.67,13.68,24.43,25.0,4.17,21.37,38.17,14.0,2.33,11.97,21.38,16.0,2.67,13.68,24.43,2.0,0.33,1.71,3.05,13.0,2.17,11.11,19.85,9.0,1.5,7.69,13.74,3.0,0.5,2.56,4.58,23.0,3.83,19.66,35.12,10.0,1.67,8.55,15.27,17.0,2.83,14.53,25.96,7.0,1.17,5.98,10.69,15.0,2.5,12.82,22.9,4.0,0.67,3.42,6.11,1.0,0.17,0.85,1.53,11.0,1.83,9.4,16.8,10.0,1.67,8.55,15.27,33.33,41.03,-7.69,119.1,-9.0,-1.5,-7.69,23.58,3.93,0.41,0.42,0.56,0.12,0.69,0.13,0.94,0.15,0.7,0.49,3.42,0.85,0.09,8.55,0.32
2,新北中信特攻,48|104,李沛澄/貝奇,9,169,197.0,2620.21,43.67,43:40,291.13,4.85,04:51,114.0,12.67,57.87,93.98,96.0,10.67,48.73,79.14,79.0,8.78,40.1,65.12,40.0,4.44,20.3,32.97,36.0,4.0,18.27,29.68,19.0,2.11,9.64,15.66,43.0,4.78,21.83,35.45,21.0,2.33,10.66,17.31,18.0,2.0,9.14,14.84,13.0,1.44,6.6,10.72,10.0,1.11,5.08,8.24,30.0,3.33,15.23,24.73,7.0,0.78,3.55,5.77,23.0,2.56,11.68,18.96,11.0,1.22,5.58,9.07,30.0,3.33,15.23,24.73,8.0,0.89,4.06,6.59,3.0,0.33,1.52,2.47,15.0,1.67,7.61,12.37,31.0,3.44,15.74,25.56,57.87,48.73,9.14,108.27,18.0,2.0,9.14,43.67,4.85,0.64,0.66,0.53,0.49,0.72,0.11,0.75,0.3,0.81,0.57,4.06,1.52,0.08,15.74,0.23
2,新北中信特攻,38|8889,余維豪/馬可,3,98,119.0,1518.09,25.3,25:18,506.03,8.43,08:26,47.0,15.67,39.5,66.87,41.0,13.67,34.45,58.34,44.0,14.67,36.97,62.6,18.0,6.0,15.13,25.61,22.0,7.33,18.49,31.3,15.0,5.0,12.61,21.34,22.0,7.33,18.49,31.3,3.0,1.0,2.52,4.27,9.0,3.0,7.56,12.81,8.0,2.67,6.72,11.38,12.0,4.0,10.08,17.07,14.0,4.67,11.76,19.92,8.0,2.67,6.72,11.38,20.0,6.67,16.81,28.46,13.0,4.33,10.92,18.5,8.0,2.67,6.72,11.38,8.0,2.67,6.72,11.38,0.0,0.0,0.0,0.0,14.0,4.67,11.76,19.92,10.0,3.33,8.4,14.23,39.5,34.45,5.04,112.88,6.0,2.0,5.04,25.3,8.43,0.44,0.49,0.68,0.14,0.89,0.21,0.44,0.38,0.64,0.48,6.72,0.0,0.12,8.4,0.2
2,新北中信特攻,38|10877,余維豪/阿巴西,4,106,130.0,1671.74,27.86,27:52,417.93,6.97,06:58,57.0,14.25,43.85,73.65,56.0,14.0,43.08,72.36,50.0,12.5,38.46,64.6,22.0,5.5,16.92,28.43,26.0,6.5,20.0,33.59,17.0,4.25,13.08,21.97,24.0,6.0,18.46,31.01,5.0,1.25,3.85,6.46,7.0,1.75,5.38,9.04,6.0,1.5,4.62,7.75,14.0,3.5,10.77,18.09,14.0,3.5,10.77,18.09,9.0,2.25,6.92,11.63,19.0,4.75,14.62,24.55,14.0,3.5,10.77,18.09,10.0,2.5,7.69,12.92,9.0,2.25,6.92,11.63,0.0,0.0,0.0,0.0,14.0,3.5,10.77,18.09,8.0,2.0,6.15,10.34,43.85,43.08,0.77,111.98,1.0,0.25,0.77,27.86,6.97,0.49,0.54,0.65,0.21,0.86,0.21,0.45,0.42,0.61,0.5,6.92,0.0,0.11,6.15,0.14
2,新北中信特攻,38|104,余維豪/貝奇,3,60,73.0,902.39,15.04,15:02,300.8,5.01,05:01,38.0,12.67,52.05,90.96,23.0,7.67,31.51,55.05,27.0,9.0,36.99,64.63,12.0,4.0,16.44,28.72,16.0,5.33,21.92,38.3,9.0,3.0,12.33,21.54,11.0,3.67,15.07,26.33,3.0,1.0,4.11,7.18,11.0,3.67,15.07,26.33,11.0,3.67,15.07,26.33,8.0,2.67,10.96,19.15,7.0,2.33,9.59,16.76,1.0,0.33,1.37,2.39,12.0,4.0,16.44,28.72,7.0,2.33,9.59,16.76,7.0,2.33,9.59,16.76,2.0,0.67,2.74,4.79,0.0,0.0,0.0,0.0,11.0,3.67,15.07,26.33,0.0,0.0,0.0,0.0,52.05,31.51,20.55,116.49,15.0,5.0,20.55,15.04,5.01,0.5,0.6,0.56,0.27,1.0,0.18,0.58,0.4,0.88,0.54,2.74,0.0,0.15,0.0,0.41
2,新北中信特攻,104|113,貝奇/林任鴻,7,134,154.0,2052.26,34.2,34:12,293.18,4.89,04:53,79.0,11.29,51.3,83.15,74.0,10.57,48.05,77.88,56.0,8.0,36.36,58.94,28.0,4.0,18.18,29.47,33.0,4.71,21.43,34.73,18.0,2.57,11.69,18.94,23.0,3.29,14.94,24.21,10.0,1.43,6.49,10.52,16.0,2.29,10.39,16.84,13.0,1.86,8.44,13.68,8.0,1.14,5.19,8.42,22.0,3.14,14.29,23.15,7.0,1.0,4.55,7.37,17.0,2.43,11.04,17.89,13.0,1.86,8.44,13.68,19.0,2.71,12.34,20.0,9.0,1.29,5.84,9.47,2.0,0.29,1.3,2.1,13.0,1.86,8.44,13.68,27.0,3.86,17.53,28.42,51.3,48.05,3.25,108.06,5.0,0.71,3.25,34.2,4.89,0.59,0.63,0.55,0.43,0.81,0.17,0.68,0.32,0.76,0.56,5.84,1.3,0.08,17.53,0.29
2,高雄全家海神,10891|13399,廖偉皓/賽克維奇,2,56,62.0,777.31,12.96,12:57,388.65,6.48,06:29,29.0,14.5,46.77,80.59,28.0,14.0,45.16,77.81,24.0,12.0,38.71,66.69,11.0,5.5,17.74,30.57,14.0,7.0,22.58,38.9,6.0,3.0,9.68,16.67,10.0,5.0,16.13,27.79,5.0,2.5,8.06,13.89,2.0,1.0,3.23,5.56,2.0,1.0,3.23,5.56,4.0,2.0,6.45,11.12,9.0,4.5,14.52,25.01,1.0,0.5,1.61,2.78,8.0,4.0,12.9,22.23,6.0,3.0,9.68,16.67,7.0,3.5,11.29,19.45,4.0,2.0,6.45,11.12,0.0,0.0,0.0,0.0,4.0,2.0,6.45,11.12,14.0,7.0,22.58,38.9,46.77,45.16,1.61,114.86,1.0,0.5,1.61,12.96,6.48,0.56,0.58,0.43,0.5,1.0,0.19,0.64,0.33,0.9,0.59,6.45,0.0,0.06,22.58,0.08
2,高雄全家海神,10894|13399,凱帝/賽克維奇,1,16,16.0,188.88,3.15,03:09,188.88,3.15,03:09,11.0,11.0,68.75,125.79,7.0,7.0,43.75,80.05,6.0,6.0,37.5,68.61,4.0,4.0,25.0,45.74,3.0,3.0,18.75,34.31,2.0,2.0,12.5,22.87,3.0,3.0,18.75,34.31,2.0,2.0,12.5,22.87,1.0,1.0,6.25,11.44,1.0,1.0,6.25,11.44,0.0,0.0,0.0,0.0,1.0,1.0,6.25,11.44,0.0,0.0,0.0,0.0,3.0,3.0,18.75,34.31,1.0,1.0,6.25,11.44,3.0,3.0,18.75,34.31,1.0,1.0,6.25,11.44,0.0,0.0,0.0,0.0,2.0,2.0,12.5,22.87,3.0,3.0,18.75,34.31,68.75,43.75,25.0,121.98,4.0,4.0,25.0,3.15,3.15,0.83,0.85,0.67,0.67,1.0,0.13,0.75,0.0,1.0,0.25,6.25,0.0,0.12,18.75,0.17
2,高雄全家海神,10891|13275,廖偉皓/吳彥侖,8,249,298.0,4204.15,70.07,70:04,525.52,8.76,08:46,132.0,16.5,44.3,67.82,165.0,20.62,55.37,84.77,118.0,14.75,39.6,60.63,47.0,5.88,15.77,24.15,66.0,8.25,22.15,33.91,32.0,4.0,10.74,16.44,52.0,6.5,17.45,26.72,15.0,1.88,5.03,7.71,29.0,3.62,9.73,14.9,23.0,2.88,7.72,11.82,23.0,2.88,7.72,11.82,50.0,6.25,16.78,25.69,16.0,2.0,5.37,8.22,40.0,5.0,13.42,20.55,20.0,2.5,6.71,10.28,25.0,3.12,8.39,12.84,9.0,1.12,3.02,4.62,1.0,0.12,0.34,0.51,30.0,3.75,10.07,15.41,34.0,4.25,11.41,17.47,44.3,55.37,-11.07,102.07,-33.0,-4.12,-11.07,70.07,8.76,0.46,0.5,0.48,0.29,0.79,0.13,0.53,0.37,0.76,0.57,3.02,0.34,0.1,11.41,0.25
2,高雄全家海神,110|116,胡瓏貿/呂威霆,10,91,120.0,1581.16,26.35,26:21,158.12,2.64,02:38,34.0,3.4,28.33,46.45,51.0,5.1,42.5,69.67,43.0,4.3,35.83,58.74,11.0,1.1,9.17,15.03,19.0,1.9,15.83,25.96,5.0,0.5,4.17,6.83,24.0,2.4,20.0,32.79,6.0,0.6,5.0,8.2,12.0,1.2,10.0,16.39,8.0,0.8,6.67,10.93,14.0,1.4,11.67,19.13,19.0,1.9,15.83,25.96,11.0,1.1,9.17,15.03,20.0,2.0,16.67,27.32,13.0,1.3,10.83,17.76,7.0,0.7,5.83,9.56,7.0,0.7,5.83,9.56,5.0,0.5,4.17,6.83,9.0,0.9,7.5,12.29,13.0,1.3,10.83,17.76,28.33,42.5,-14.17,109.29,-17.0,-1.7,-14.17,26.35,2.64,0.33,0.35,0.26,0.25,0.67,0.21,0.64,0.41,0.63,0.52,5.83,4.17,0.08,10.83,0.28
2,高雄全家海神,45|111,施晉堯/唐維傑,5,96,114.0,1516.61,25.28,25:17,303.32,5.06,05:03,41.0,8.2,35.96,58.39,71.0,14.2,62.28,101.12,39.0,7.8,34.21,55.55,14.0,2.8,12.28,19.94,24.0,4.8,21.05,34.18,10.0,2.0,8.77,14.24,15.0,3.0,13.16,21.36,4.0,0.8,3.51,5.7,11.0,2.2,9.65,15.67,7.0,1.4,6.14,9.97,6.0,1.2,5.26,8.55,21.0,4.2,18.42,29.91,10.0,2.0,8.77,14.24,12.0,2.4,10.53,17.09,8.0,1.6,7.02,11.39,8.0,1.6,7.02,11.39,6.0,1.2,5.26,8.55,4.0,0.8,3.51,5.7,9.0,1.8,7.89,12.82,19.0,3.8,16.67,27.06,35.96,62.28,-26.32,108.24,-30.0,-6.0,-26.32,25.28,5.06,0.41,0.47,0.42,0.27,0.64,0.15,0.57,0.33,0.68,0.55,5.26,3.51,0.08,16.67,0.28
2,高雄全家海神,111|12908,唐維傑/布里茲克,4,126,153.0,2004.29,33.4,33:24,501.07,8.35,08:21,58.0,14.5,37.91,62.51,77.0,19.25,50.33,82.98,55.0,13.75,35.95,59.27,20.0,5.0,13.07,21.55,38.0,9.5,24.84,40.95,16.0,4.0,10.46,17.24,17.0,4.25,11.11,18.32,4.0,1.0,2.61,4.31,18.0,4.5,11.76,19.4,13.0,3.25,8.5,14.01,9.0,2.25,5.88,9.7,29.0,7.25,18.95,31.25,13.0,3.25,8.5,14.01,21.0,5.25,13.73,22.63,9.0,2.25,5.88,9.7,10.0,2.5,6.54,10.78,6.0,1.5,3.92,6.47,4.0,1.0,2.61,4.31,14.0,3.5,9.15,15.09,26.0,6.5,16.99,28.02,37.91,50.33,-12.42,109.92,-19.0,-4.75,-12.42,33.4,8.35,0.4,0.46,0.42,0.24,0.72,0.13,0.5,0.3,0.69,0.53,3.92,2.61,0.09,16.99,0.33
2,高雄全家海神,110|111,胡瓏貿/唐維傑,8,150,177.0,2459.89,41.0,41:00,307.49,5.12,05:07,79.0,9.88,44.63,69.37,93.0,11.62,52.54,81.66,62.0,7.75,35.03,54.44,28.0,3.5,15.82,24.59,34.0,4.25,19.21,29.85,17.0,2.12,9.6,14.93,28.0,3.5,15.82,24.59,11.0,1.38,6.21,9.66,23.0,2.88,12.99,20.2,15.0,1.88,8.47,13.17,12.0,1.5,6.78,10.54,24.0,3.0,13.56,21.07,12.0,1.5,6.78,10.54,23.0,2.88,12.99,20.2,17.0,2.12,9.6,14.93,17.0,2.12,9.6,14.93,8.0,1.0,4.52,7.02,5.0,0.62,2.82,4.39,17.0,2.12,9.6,14.93,21.0,2.62,11.86,18.44,44.63,52.54,-7.91,103.61,-14.0,-1.75,-7.91,41.0,5.12,0.54,0.55,0.5,0.39,0.65,0.19,0.61,0.34,0.67,0.51,4.52,2.82,0.1,11.86,0.37
2,高雄全家海神,111|10894,唐維傑/凱帝,1,6,6.0,77.16,1.29,01:17,77.16,1.29,01:17,2.0,2.0,33.33,55.99,4.0,4.0,66.67,111.98,2.0,2.0,33.33,55.99,0.0,0.0,0.0,0.0,1.0,1.0,16.67,27.99,0.0,0.0,0.0,0.0,1.0,1.0,16.67,27.99,0.0,0.0,0.0,0.0,2.0,2.0,33.33,55.99,2.0,2.0,33.33,55.99,0.0,0.0,0.0,0.0,2.0,2.0,33.33,55.99,0.0,0.0,0.0,0.0,1.0,1.0,16.67,27.99,0.0,0.0,0.0,0.0,0.0,0.0,0.0,0.0,0.0,0.0,0.0,0.0,0.0,0.0,0.0,0.0,1.0,1.0,16.67,27.99,0.0,0.0,0.0,0.0,33.33,66.67,-33.33,111.98,-2.0,-2.0,-33.33,1.29,1.29,0.0,0.35,0.0,0.0,1.0,0.0,,0.0,1.0,0.67,0.0,0.0,0.17,0.0,1.0
2,新北中信特攻,104|10880,貝奇/內馬,10,414,485.0,6597.75,109.96,109:58,659.78,11.0,11:00,227.0,22.7,46.8,74.32,181.0,18.1,37.32,59.26,187.0,18.7,38.56,61.22,85.0,8.5,17.53,27.83,100.0,10.0,20.62,32.74,55.0,5.5,11.34,18.01,87.0,8.7,17.94,28.48,30.0,3.0,6.19,9.82,45.0,4.5,9.28,14.73,27.0,2.7,5.57,8.84,31.0,3.1,6.39,10.15,80.0,8.0,16.49,26.19,24.0,2.4,4.95,7.86,82.0,8.2,16.91,26.85,35.0,3.5,7.22,11.46,61.0,6.1,12.58,19.97,18.0,1.8,3.71,5.89,4.0,0.4,0.82,1.31,42.0,4.2,8.66,13.75,53.0,5.3,10.93,17.35,46.8,37.32,9.48,105.85,46.0,4.6,9.48,109.96,11.0,0.53,0.55,0.55,0.34,0.6,0.14,0.72,0.27,0.77,0.51,3.71,0.82,0.09,10.93,0.24
2,新北中信特攻,38|48,余維豪/李沛澄,2,37,46.0,564.53,9.41,09:25,282.26,4.7,04:42,21.0,10.5,45.65,80.35,18.0,9.0,39.13,68.87,18.0,9.0,39.13,68.87,8.0,4.0,17.39,30.61,14.0,7.0,30.43,53.57,6.0,3.0,13.04,22.96,4.0,2.0,8.7,15.3,2.0,1.0,4.35,7.65,3.0,1.5,6.52,11.48,3.0,1.5,6.52,11.48,4.0,2.0,8.7,15.3,6.0,3.0,13.04,22.96,3.0,1.5,6.52,11.48,8.0,4.0,17.39,30.61,5.0,2.5,10.87,19.13,3.0,1.5,6.52,11.48,4.0,2.0,8.7,15.3,0.0,0.0,0.0,0.0,3.0,1.5,6.52,11.48,2.0,1.0,4.35,7.65,45.65,39.13,6.52,117.34,3.0,1.5,6.52,9.41,4.7,0.5,0.54,0.43,0.5,1.0,0.21,0.38,0.33,0.67,0.48,8.7,0.0,0.07,4.35,0.17
2,高雄全家海神,109|111,于煥亞/唐維傑,6,259,321.0,4117.36,68.62,68:37,686.23,11.44,11:26,144.0,24.0,44.86,75.54,147.0,24.5,45.79,77.12,126.0,21.0,39.25,66.1,53.0,8.83,16.51,27.8,76.0,12.67,23.68,39.87,39.0,6.5,12.15,20.46,50.0,8.33,15.58,26.23,14.0,2.33,4.36,7.34,30.0,5.0,9.35,15.74,22.0,3.67,6.85,11.54,32.0,5.33,9.97,16.79,41.0,6.83,12.77,21.51,19.0,3.17,5.92,9.97,35.0,5.83,10.9,18.36,23.0,3.83,7.17,12.07,29.0,4.83,9.03,15.21,15.0,2.5,4.67,7.87,6.0,1.0,1.87,3.15,30.0,5.0,9.35,15.74,34.0,5.67,10.59,17.84,44.86,45.79,-0.93,112.27,-3.0,-0.5,-0.93,68.62,11.44,0.48,0.52,0.51,0.28,0.73,0.14,0.55,0.48,0.68,0.57,4.67,1.87,0.09,10.59,0.24
2,臺北台新戰神,2|13400,江均/史東,1,10,11.0,160.66,2.68,02:41,160.66,2.68,02:41,11.0,11.0,100.0,147.89,6.0,6.0,54.55,80.67,4.0,4.0,36.36,53.78,4.0,4.0,36.36,53.78,2.0,2.0,18.18,26.89,2.0,2.0,18.18,26.89,2.0,2.0,18.18,26.89,2.0,2.0,18.18,26.89,4.0,4.0,36.36,53.78,2.0,2.0,18.18,26.89,0.0,0.0,0.0,0.0,1.0,1.0,9.09,13.44,0.0,0.0,0.0,0.0,1.0,1.0,9.09,13.44,1.0,1.0,9.09,13.44,3.0,3.0,27.27,40.33,1.0,1.0,9.09,13.44,0.0,0.0,0.0,0.0,3.0,3.0,27.27,40.33,2.0,2.0,18.18,26.89,100.0,54.55,45.45,98.59,5.0,5.0,45.45,2.68,2.68,1.25,0.95,1.0,1.0,0.5,0.15,0.75,0.0,1.0,0.5,9.09,0.0,0.27,18.18,1.0
2,桃園台啤永豐雲豹,62|64,王皓吉/劉元凱,1,1,1.0,1.0,0.02,00:01,1.0,0.02,00:01,0.0,0.0,0.0,0.0,1.0,1.0,100.0,2166.5,0.0,0.0,0.0,0.0,0.0,0.0,0.0,0.0,0.0,0.0,0.0,0.0,0.0,0.0,0.0,0.0,0.0,0.0,0.0,0.0,0.0,0.0,0.0,0.0,0.0,0.0,0.0,0.0,0.0,0.0,0.0,0.0,0.0,0.0,0.0,0.0,0.0,0.0,0.0,0.0,0.0,0.0,0.0,0.0,0.0,0.0,0.0,0.0,0.0,0.0,0.0,0.0,0.0,0.0,0.0,0.0,0.0,0.0,0.0,0.0,0.0,0.0,0.0,0.0,0.0,0.0,0.0,0.0,1.0,1.0,100.0,2166.5,0.0,100.0,-100.0,1444.33,-1.0,-1.0,-100.0,0.02,0.02,,,,,,,,,,,0.0,0.0,0.0,100.0,
2,新北國王,10873|13029,喬納森/杰倫,5,82,100.0,1268.07,21.13,21:08,253.61,4.23,04:14,48.0,9.6,48.0,81.76,43.0,8.6,43.0,73.25,37.0,7.4,37.0,63.02,15.0,3.0,15.0,25.55,11.0,2.2,11.0,18.74,6.0,1.2,6.0,10.22,26.0,5.2,26.0,44.29,9.0,1.8,9.0,15.33,9.0,1.8,9.0,15.33,5.0,1.0,5.0,8.52,9.0,1.8,9.0,15.33,17.0,3.4,17.0,28.96,7.0,1.4,7.0,11.92,15.0,3.0,15.0,25.55,7.0,1.4,7.0,11.92,7.0,1.4,7.0,11.92,3.0,0.6,3.0,5.11,1.0,0.2,1.0,1.7,10.0,2.0,10.0,17.03,8.0,1.6,8.0,13.63,48.0,43.0,5.0,113.56,5.0,1.0,5.0,21.13,4.23,0.53,0.59,0.55,0.35,0.56,0.15,0.47,0.38,0.71,0.54,3.0,1.0,0.1,8.0,0.24
2,新北國王,22|10873,簡祐哲/喬納森,7,68,82.0,1028.94,17.15,17:09,146.99,2.45,02:27,44.0,6.29,53.66,92.37,29.0,4.14,35.37,60.88,33.0,4.71,40.24,69.28,14.0,2.0,17.07,29.39,9.0,1.29,10.98,18.89,6.0,0.86,7.32,12.6,24.0,3.43,29.27,50.38,8.0,1.14,9.76,16.79,9.0,1.29,10.98,18.89,6.0,0.86,7.32,12.6,6.0,0.86,7.32,12.6,15.0,2.14,18.29,31.49,6.0,0.86,7.32,12.6,16.0,2.29,19.51,33.59,2.0,0.29,2.44,4.2,6.0,0.86,7.32,12.6,1.0,0.14,1.22,2.1,0.0,0.0,0.0,0.0,5.0,0.71,6.1,10.5,8.0,1.14,9.76,16.79,53.66,35.37,18.29,114.76,15.0,2.14,18.29,17.15,2.45,0.55,0.6,0.67,0.33,0.67,0.05,0.43,0.27,0.71,0.49,1.22,0.0,0.06,9.76,0.27
2,新北國王,29|10873,林書緯/喬納森,11,191,222.0,2992.85,49.88,49:53,272.08,4.53,04:32,110.0,10.0,49.55,79.39,107.0,9.73,48.2,77.22,77.0,7.0,34.68,55.57,40.0,3.64,18.02,28.87,37.0,3.36,16.67,26.7,21.0,1.91,9.46,15.16,40.0,3.64,18.02,28.87,19.0,1.73,8.56,13.71,17.0,1.55,7.66,12.27,11.0,1.0,4.95,7.94,10.0,0.91,4.5,7.22,30.0,2.73,13.51,21.65,15.0,1.36,6.76,10.83,34.0,3.09,15.32,24.54,20.0,1.82,9.01,14.43,29.0,2.64,13.06,20.93,14.0,1.27,6.31,10.1,1.0,0.09,0.45,0.72,15.0,1.36,6.76,10.83,25.0,2.27,11.26,18.04,49.55,48.2,1.35,106.81,3.0,0.27,1.35,49.88,4.53,0.64,0.65,0.57,0.48,0.65,0.19,0.72,0.23,0.67,0.45,6.31,0.45,0.07,11.26,0.22
2,福爾摩沙夢想家,10890|13777,湯普金斯/布依德,1,73,90.0,1277.1,21.29,21:17,1277.1,21.29,21:17,41.0,41.0,45.56,69.34,45.0,45.0,50.0,76.11,26.0,26.0,28.89,43.97,14.0,14.0,15.56,23.68,18.0,18.0,20.0,30.44,13.0,13.0,14.44,21.99,8.0,8.0,8.89,13.53,1.0,1.0,1.11,1.69,16.0,16.0,17.78,27.06,12.0,12.0,13.33,20.3,5.0,5.0,5.56,8.46,8.0,8.0,8.89,13.53,4.0,4.0,4.44,6.77,18.0,18.0,20.0,30.44,8.0,8.0,8.89,13.53,7.0,7.0,7.78,11.84,3.0,3.0,3.33,5.07,0.0,0.0,0.0,0.0,12.0,12.0,13.33,20.3,9.0,9.0,10.0,15.22,45.56,50.0,-4.44,101.48,-4.0,-4.0,-4.44,21.29,21.29,0.56,0.62,0.72,0.12,0.75,0.19,0.5,0.22,0.67,0.37,3.33,0.0,0.13,10.0,0.62
2,福爾摩沙夢想家,86|13777,林俊吉/布依德,5,297,371.0,4515.62,75.26,75:16,903.12,15.05,15:03,150.0,30.0,40.43,71.75,157.0,31.4,42.32,75.1,122.0,24.4,32.88,58.36,53.0,10.6,14.29,25.35,80.0,16.0,21.56,38.27,40.0,8.0,10.78,19.13,42.0,8.4,11.32,20.09,13.0,2.6,3.5,6.22,47.0,9.4,12.67,22.48,31.0,6.2,8.36,14.83,27.0,5.4,7.28,12.92,45.0,9.0,12.13,21.53,29.0,5.8,7.82,13.87,60.0,12.0,16.17,28.7,30.0,6.0,8.09,14.35,31.0,6.2,8.36,14.83,14.0,2.8,3.77,6.7,5.0,1.0,1.35,2.39,38.0,7.6,10.24,18.18,53.0,10.6,14.29,25.35,40.43,42.32,-1.89,118.31,-7.0,-1.4,-1.89,75.26,15.05,0.49,0.53,0.5,0.31,0.66,0.17,0.58,0.31,0.61,0.45,3.77,1.35,0.1,14.29,0.39
2,臺北台新戰神,5|13400,黃聰翰/史東,6,245,296.0,3732.88,62.21,62:13,622.15,10.37,10:22,111.0,18.5,37.5,64.23,150.0,25.0,50.68,86.8,102.0,17.0,34.46,59.02,40.0,6.67,13.51,23.15,59.0,9.83,19.93,34.14,31.0,5.17,10.47,17.94,43.0,7.17,14.53,24.88,9.0,1.5,3.04,5.21,28.0,4.67,9.46,16.2,22.0,3.67,7.43,12.73,13.0,2.17,4.39,7.52,50.0,8.33,16.89,28.93,26.0,4.33,8.78,15.04,37.0,6.17,12.5,21.41,23.0,3.83,7.77,13.31,21.0,3.5,7.09,12.15,15.0,2.5,5.07,8.68,8.0,1.33,2.7,4.63,24.0,4.0,8.11,13.89,48.0,8.0,16.22,27.77,37.5,50.68,-13.18,114.19,-39.0,-6.5,-13.18,62.21,10.37,0.44,0.49,0.53,0.21,0.79,0.17,0.52,0.26,0.66,0.5,5.07,2.7,0.08,16.22,0.27
2,臺北台新戰神,4|13400,張兆辰/史東,2,51,59.0,738.5,12.31,12:19,369.25,6.15,06:09,22.0,11.0,37.29,64.35,19.0,9.5,32.2,55.57,15.0,7.5,25.42,43.87,7.0,3.5,11.86,20.47,9.0,4.5,15.25,26.32,5.0,2.5,8.47,14.62,6.0,3.0,10.17,17.55,2.0,1.0,3.39,5.85,7.0,3.5,11.86,20.47,4.0,2.0,6.78,11.7,2.0,1.0,3.39,5.85,7.0,3.5,11.86,20.47,3.0,1.5,5.08,8.77,12.0,6.0,20.34,35.1,8.0,4.0,13.56,23.4,4.0,2.0,6.78,11.7,4.0,2.0,6.78,11.7,0.0,0.0,0.0,0.0,6.0,3.0,10.17,17.55,13.0,6.5,22.03,38.02,37.29,32.2,5.08,115.04,3.0,1.5,5.08,12.31,6.15,0.53,0.61,0.56,0.33,0.57,0.31,0.57,0.14,0.7,0.38,6.78,0.0,0.1,22.03,0.47
2,臺北台新戰神,4|7,張兆辰/孫思堯,1,9,12.0,90.08,1.5,01:30,90.08,1.5,01:30,2.0,2.0,16.67,47.96,6.0,6.0,50.0,143.88,5.0,5.0,41.67,119.9,0.0,0.0,0.0,0.0,2.0,2.0,16.67,47.96,0.0,0.0,0.0,0.0,3.0,3.0,25.0,71.94,0.0,0.0,0.0,0.0,2.0,2.0,16.67,47.96,2.0,2.0,16.67,47.96,2.0,2.0,16.67,47.96,1.0,1.0,8.33,23.98,1.0,1.0,8.33,23.98,0.0,0.0,0.0,0.0,1.0,1.0,8.33,23.98,0.0,0.0,0.0,0.0,1.0,1.0,8.33,23.98,0.0,0.0,0.0,0.0,0.0,0.0,0.0,0.0,2.0,2.0,16.67,47.96,16.67,50.0,-33.33,191.84,-4.0,-4.0,-33.33,1.5,1.5,0.0,0.17,0.0,0.0,1.0,0.15,,1.0,0.5,0.75,8.33,0.0,0.0,16.67,0.4
2,臺北台新戰神,1|7,丁聖儒/孫思堯,2,11,12.0,119.02,1.98,01:59,59.51,0.99,01:00,4.0,2.0,33.33,72.59,8.0,4.0,66.67,145.19,2.0,1.0,16.67,36.3,1.0,0.5,8.33,18.15,2.0,1.0,16.67,36.3,1.0,0.5,8.33,18.15,0.0,0.0,0.0,0.0,0.0,0.0,0.0,0.0,3.0,1.5,25.0,54.45,3.0,1.5,25.0,54.45,0.0,0.0,0.0,0.0,0.0,0.0,0.0,0.0,1.0,0.5,8.33,18.15,0.0,0.0,0.0,0.0,4.0,2.0,33.33,72.59,1.0,0.5,8.33,18.15,3.0,1.5,25.0,54.45,0.0,0.0,0.0,0.0,2.0,1.0,16.67,36.3,2.0,1.0,16.67,36.3,33.33,66.67,-33.33,145.19,-4.0,-2.0,-33.33,1.98,0.99,0.5,0.6,0.5,,1.0,0.55,1.0,,0.0,0.0,25.0,0.0,0.17,16.67,1.5
2,新竹御嵿攻城獅,75|80,高國豪/田浩,7,82,96.0,1202.93,20.05,20:03,171.85,2.86,02:52,44.0,6.29,45.83,79.01,40.0,5.71,41.67,71.82,40.0,5.71,41.67,71.82,15.0,2.14,15.62,26.93,24.0,3.43,25.0,43.09,11.0,1.57,11.46,19.75,16.0,2.29,16.67,28.73,4.0,0.57,4.17,7.18,13.0,1.86,13.54,23.34,10.0,1.43,10.42,17.96,10.0,1.43,10.42,17.96,16.0,2.29,16.67,28.73,2.0,0.29,2.08,3.59,12.0,1.71,12.5,21.55,5.0,0.71,5.21,8.98,8.0,1.14,8.33,14.36,2.0,0.29,2.08,3.59,1.0,0.14,1.04,1.8,12.0,1.71,12.5,21.55,7.0,1.0,7.29,12.57,45.83,41.67,4.17,114.92,4.0,0.57,4.17,20.05,2.86,0.42,0.48,0.46,0.25,0.77,0.1,0.53,0.45,0.89,0.65,2.08,1.04,0.12,7.29,0.32
2,新竹御嵿攻城獅,75|10886,高國豪/梁瀚,1,4,4.0,57.06,0.95,00:57,57.06,0.95,00:57,0.0,0.0,0.0,0.0,0.0,0.0,0.0,0.0,2.0,2.0,50.0,75.71,0.0,0.0,0.0,0.0,1.0,1.0,25.0,37.85,0.0,0.0,0.0,0.0,1.0,1.0,25.0,37.85,0.0,0.0,0.0,0.0,0.0,0.0,0.0,0.0,0.0,0.0,0.0,0.0,0.0,0.0,0.0,0.0,2.0,2.0,50.0,75.71,0.0,0.0,0.0,0.0,1.0,1.0,25.0,37.85,0.0,0.0,0.0,0.0,0.0,0.0,0.0,0.0,0.0,0.0,0.0,0.0,0.0,0.0,0.0,0.0,0.0,0.0,0.0,0.0,4.0,4.0,100.0,151.42,0.0,0.0,0.0,100.95,0.0,0.0,0.0,0.95,0.95,0.0,0.0,0.0,0.0,,0.0,,0.0,1.0,0.67,0.0,0.0,0.0,100.0,0.0
2,新竹御嵿攻城獅,84|10886,李家瑞/梁瀚,2,24,30.0,366.64,6.11,06:07,183.32,3.06,03:03,9.0,4.5,30.0,53.02,6.0,3.0,20.0,35.35,13.0,6.5,43.33,76.59,4.0,2.0,13.33,23.57,8.0,4.0,26.67,47.13,4.0,2.0,13.33,23.57,5.0,2.5,16.67,29.46,0.0,0.0,0.0,0.0,1.0,0.5,3.33,5.89,1.0,0.5,3.33,5.89,3.0,1.5,10.0,17.67,6.0,3.0,20.0,35.35,2.0,1.0,6.67,11.78,7.0,3.5,23.33,41.24,2.0,1.0,6.67,11.78,2.0,1.0,6.67,11.78,2.0,1.0,6.67,11.78,0.0,0.0,0.0,0.0,3.0,1.5,10.0,17.67,4.0,2.0,13.33,23.57,30.0,20.0,10.0,117.83,3.0,1.5,10.0,6.11,3.06,0.31,0.33,0.5,0.0,1.0,0.13,0.5,0.3,0.75,0.5,6.67,0.0,0.1,13.33,0.08
2,臺北台新戰神,11|13400,蘇奕晉/史東,1,3,6.0,74.0,1.23,01:14,74.0,1.23,01:14,0.0,0.0,0.0,0.0,4.0,4.0,66.67,116.76,1.0,1.0,16.67,29.19,1.0,1.0,16.67,29.19,1.0,1.0,16.67,29.19,1.0,1.0,16.67,29.19,0.0,0.0,0.0,0.0,0.0,0.0,0.0,0.0,0.0,0.0,0.0,0.0,0.0,0.0,0.0,0.0,0.0,0.0,0.0,0.0,0.0,0.0,0.0,0.0,3.0,3.0,50.0,87.57,0.0,0.0,0.0,0.0,1.0,1.0,16.67,29.19,0.0,0.0,0.0,0.0,1.0,1.0,16.67,29.19,0.0,0.0,0.0,0.0,0.0,0.0,0.0,0.0,0.0,0.0,0.0,0.0,0.0,66.67,-66.67,116.76,-4.0,-4.0,-66.67,1.23,1.23,1.0,0.0,1.0,,,0.5,0.0,,0.0,0.0,16.67,0.0,0.0,0.0,0.0
2,福爾摩沙夢想家,79|13906,張宗憲/班提爾,17,1455,1717.0,24577.49,409.62,409:37,1445.73,24.1,24:06,810.0,47.65,47.18,71.19,724.0,42.59,42.17,63.63,635.0,37.35,36.98,55.81,294.0,17.29,17.12,25.84,395.0,23.24,23.01,34.71,194.0,11.41,11.3,17.05,240.0,14.12,13.98,21.09,100.0,5.88,5.82,8.79,179.0,10.53,10.43,15.73,123.0,7.24,7.16,10.81,117.0,6.88,6.81,10.28,248.0,14.59,14.44,21.8,91.0,5.35,5.3,8.0,300.0,17.65,17.47,26.37,122.0,7.18,7.11,10.72,196.0,11.53,11.42,17.23,72.0,4.24,4.19,6.33,17.0,1.0,0.99,1.49,162.0,9.53,9.44,14.24,144.0,8.47,8.39,12.66,47.18,42.17,5.01,100.6,86.0,5.06,5.01,409.62,24.1,0.54,0.57,0.49,0.42,0.69,0.15,0.67,0.28,0.73,0.48,4.19,0.99,0.09,8.39,0.28
2,福爾摩沙夢想家,89|13906,蔣淯安/班提爾,18,1738,2061.0,29406.98,490.12,490:07,1633.72,27.23,27:14,948.0,52.67,46.0,69.63,877.0,48.72,42.55,64.42,757.0,42.06,36.73,55.6,334.0,18.56,16.21,24.53,446.0,24.78,21.64,32.76,228.0,12.67,11.06,16.75,311.0,17.28,15.09,22.84,106.0,5.89,5.14,7.79,240.0,13.33,11.64,17.63,176.0,9.78,8.54,12.93,138.0,7.67,6.7,10.14,310.0,17.22,15.04,22.77,123.0,6.83,5.97,9.03,350.0,19.44,16.98,25.71,145.0,8.06,7.04,10.65,206.0,11.44,10.0,15.13,81.0,4.5,3.93,5.95,22.0,1.22,1.07,1.62,196.0,10.89,9.51,14.4,174.0,9.67,8.44,12.78,46.0,42.55,3.44,100.92,71.0,3.94,3.44,490.12,27.23,0.51,0.55,0.51,0.34,0.73,0.14,0.62,0.28,0.72,0.49,3.93,1.07,0.1,8.44,0.32
2,福爾摩沙夢想家,103|13906,忻沃克/班提爾,18,1620,1948.0,27488.73,458.15,458:09,1527.15,25.45,25:27,893.0,49.61,45.84,70.17,788.0,43.78,40.45,61.92,715.0,39.72,36.7,56.18,305.0,16.94,15.66,23.97,400.0,22.22,20.53,31.43,196.0,10.89,10.06,15.4,315.0,17.5,16.17,24.75,109.0,6.06,5.6,8.56,231.0,12.83,11.86,18.15,170.0,9.44,8.73,13.36,142.0,7.89,7.29,11.16,291.0,16.17,14.94,22.87,121.0,6.72,6.21,9.51,331.0,18.39,16.99,26.01,136.0,7.56,6.98,10.69,203.0,11.28,10.42,15.95,75.0,4.17,3.85,5.89,19.0,1.06,0.98,1.49,206.0,11.44,10.57,16.19,177.0,9.83,9.09,13.91,45.84,40.45,5.39,102.05,105.0,5.83,5.39,458.15,25.45,0.5,0.55,0.49,0.35,0.74,0.14,0.67,0.3,0.71,0.49,3.85,0.98,0.11,9.09,0.32
2,福爾摩沙夢想家,106|13906,高柏鎧/班提爾,9,659,800.0,11142.37,185.71,185:42,1238.04,20.63,20:38,364.0,40.44,45.5,70.56,313.0,34.78,39.12,60.68,294.0,32.67,36.75,56.99,131.0,14.56,16.38,25.39,180.0,20.0,22.5,34.89,92.0,10.22,11.5,17.83,114.0,12.67,14.25,22.1,39.0,4.33,4.88,7.56,83.0,9.22,10.38,16.09,63.0,7.0,7.88,12.21,63.0,7.0,7.88,12.21,109.0,12.11,13.63,21.13,47.0,5.22,5.88,9.11,143.0,15.89,17.88,27.72,63.0,7.0,7.88,12.21,74.0,8.22,9.25,14.35,34.0,3.78,4.25,6.59,7.0,0.78,0.88,1.36,79.0,8.78,9.88,15.31,56.0,6.22,7.0,10.86,45.5,39.12,6.38,103.39,51.0,5.67,6.38,185.71,20.63,0.51,0.55,0.51,0.34,0.76,0.16,0.56,0.31,0.7,0.48,4.25,0.88,0.1,7.0,0.28
2,福爾摩沙夢想家,77|13906,馬建豪/班提爾,10,641,779.0,9872.25,164.54,164:32,987.23,16.45,16:27,342.0,34.2,43.9,74.83,325.0,32.5,41.72,71.11,282.0,28.2,36.2,61.7,117.0,11.7,15.02,25.6,165.0,16.5,21.18,36.1,81.0,8.1,10.4,17.72,117.0,11.7,15.02,25.6,36.0,3.6,4.62,7.88,102.0,10.2,13.09,22.32,79.0,7.9,10.14,17.28,55.0,5.5,7.06,12.03,114.0,11.4,14.63,24.94,50.0,5.0,6.42,10.94,125.0,12.5,16.05,27.35,51.0,5.1,6.55,11.16,62.0,6.2,7.96,13.57,23.0,2.3,2.95,5.03,12.0,1.2,1.54,2.63,77.0,7.7,9.88,16.85,72.0,7.2,9.24,15.75,43.9,41.72,2.18,113.63,17.0,1.7,2.18,164.54,16.45,0.48,0.52,0.49,0.31,0.77,0.13,0.53,0.31,0.7,0.49,2.95,1.54,0.1,9.24,0.36
2,福爾摩沙夢想家,13777|13906,布依德/班提爾,6,408,503.0,6388.12,106.47,106:28,1064.69,17.74,17:45,217.0,36.17,43.14,73.37,231.0,38.5,45.92,78.11,180.0,30.0,35.79,60.86,77.0,12.83,15.31,26.04,105.0,17.5,20.87,35.5,52.0,8.67,10.34,17.58,75.0,12.5,14.91,25.36,25.0,4.17,4.97,8.45,54.0,9.0,10.74,18.26,38.0,6.33,7.55,12.85,38.0,6.33,7.55,12.85,71.0,11.83,14.12,24.01,42.0,7.0,8.35,14.2,67.0,11.17,13.32,22.65,32.0,5.33,6.36,10.82,47.0,7.83,9.34,15.89,13.0,2.17,2.58,4.4,6.0,1.0,1.19,2.03,46.0,7.67,9.15,15.55,53.0,8.83,10.54,17.92,43.14,45.92,-2.78,113.39,-14.0,-2.33,-2.78,106.47,17.74,0.5,0.53,0.5,0.33,0.7,0.14,0.61,0.36,0.63,0.5,2.58,1.19,0.09,10.54,0.3
2,福爾摩沙夢想家,86|13906,林俊吉/班提爾,15,774,947.0,12691.53,211.53,211:32,846.1,14.1,14:06,456.0,30.4,48.15,77.61,393.0,26.2,41.5,66.89,331.0,22.07,34.95,56.33,150.0,10.0,15.84,25.53,188.0,12.53,19.85,32.0,100.0,6.67,10.56,17.02,143.0,9.53,15.1,24.34,50.0,3.33,5.28,8.51,133.0,8.87,14.04,22.64,105.0,7.0,11.09,17.87,66.0,4.4,6.97,11.23,125.0,8.33,13.2,21.27,49.0,3.27,5.17,8.34,145.0,9.67,15.31,24.68,68.0,4.53,7.18,11.57,95.0,6.33,10.03,16.17,36.0,2.4,3.8,6.13,7.0,0.47,0.74,1.19,117.0,7.8,12.35,19.91,114.0,7.6,12.04,19.4,48.15,41.5,6.65,107.45,63.0,4.2,6.65,211.53,14.1,0.53,0.59,0.53,0.35,0.79,0.15,0.63,0.31,0.72,0.5,3.8,0.74,0.12,12.04,0.4
2,福爾摩沙夢想家,99|13906,盧冠良/班提爾,14,405,482.0,6723.21,112.05,112:03,480.23,8.0,08:00,233.0,16.64,48.34,74.86,212.0,15.14,43.98,68.11,169.0,12.07,35.06,54.3,77.0,5.5,15.98,24.74,93.0,6.64,19.29,29.88,49.0,3.5,10.17,15.74,76.0,5.43,15.77,24.42,28.0,2.0,5.81,9.0,67.0,4.79,13.9,21.53,53.0,3.79,11.0,17.03,32.0,2.29,6.64,10.28,63.0,4.5,13.07,20.24,26.0,1.86,5.39,8.35,74.0,5.29,15.35,23.77,35.0,2.5,7.26,11.24,45.0,3.21,9.34,14.46,17.0,1.21,3.53,5.46,1.0,0.07,0.21,0.32,50.0,3.57,10.37,16.06,42.0,3.0,8.71,13.49,48.34,43.98,4.36,103.24,21.0,1.5,4.36,112.05,8.0,0.54,0.59,0.53,0.37,0.79,0.15,0.58,0.3,0.71,0.49,3.53,0.21,0.1,8.71,0.4
2,新北國王,32|10873,奧帝/喬納森,10,144,171.0,2182.54,36.38,36:23,218.25,3.64,03:38,96.0,9.6,56.14,95.01,78.0,7.8,45.61,77.19,62.0,6.2,36.26,61.36,30.0,3.0,17.54,29.69,31.0,3.1,18.13,30.68,14.0,1.4,8.19,13.86,31.0,3.1,18.13,30.68,16.0,1.6,9.36,15.83,30.0,3.0,17.54,29.69,21.0,2.1,12.28,20.78,11.0,1.1,6.43,10.89,25.0,2.5,14.62,24.74,14.0,1.4,8.19,13.86,23.0,2.3,13.45,22.76,7.0,0.7,4.09,6.93,27.0,2.7,15.79,26.72,5.0,0.5,2.92,4.95,1.0,0.1,0.58,0.99,22.0,2.2,12.87,21.77,23.0,2.3,13.45,22.76,56.14,45.61,10.53,112.82,18.0,1.8,10.53,36.38,3.64,0.61,0.64,0.45,0.52,0.7,0.09,0.9,0.32,0.64,0.49,2.92,0.58,0.13,13.45,0.48
2,福爾摩沙夢想家,95|13906,李德威/班提爾,1,2,2.0,22.41,0.37,00:22,22.41,0.37,00:22,2.0,2.0,100.0,192.75,2.0,2.0,100.0,192.75,1.0,1.0,50.0,96.38,1.0,1.0,50.0,96.38,1.0,1.0,50.0,96.38,1.0,1.0,50.0,96.38,0.0,0.0,0.0,0.0,0.0,0.0,0.0,0.0,0.0,0.0,0.0,0.0,0.0,0.0,0.0,0.0,0.0,0.0,0.0,0.0,0.0,0.0,0.0,0.0,0.0,0.0,0.0,0.0,0.0,0.0,0.0,0.0,0.0,0.0,0.0,0.0,1.0,1.0,50.0,96.38,0.0,0.0,0.0,0.0,0.0,0.0,0.0,0.0,0.0,0.0,0.0,0.0,0.0,0.0,0.0,0.0,100.0,100.0,0.0,128.5,0.0,0.0,0.0,0.37,0.37,1.0,1.0,1.0,,,0.0,1.0,,,,0.0,0.0,0.0,0.0,0.0
2,新北國王,10871|10874,鍾理翔/熊祥泰,1,4,6.0,89.0,1.48,01:29,89.0,1.48,01:29,0.0,0.0,0.0,0.0,0.0,0.0,0.0,0.0,2.0,2.0,33.33,48.54,0.0,0.0,0.0,0.0,1.0,1.0,16.67,24.27,0.0,0.0,0.0,0.0,1.0,1.0,16.67,24.27,0.0,0.0,0.0,0.0,0.0,0.0,0.0,0.0,0.0,0.0,0.0,0.0,0.0,0.0,0.0,0.0,2.0,2.0,33.33,48.54,0.0,0.0,0.0,0.0,2.0,2.0,33.33,48.54,0.0,0.0,0.0,0.0,0.0,0.0,0.0,0.0,0.0,0.0,0.0,0.0,0.0,0.0,0.0,0.0,1.0,1.0,16.67,24.27,0.0,0.0,0.0,0.0,0.0,0.0,0.0,97.08,0.0,0.0,0.0,1.48,1.48,0.0,0.0,0.0,0.0,,0.0,,0.0,1.0,0.5,0.0,0.0,0.17,0.0,0.0
2,臺北台新戰神,10|10864,雷蒙恩/劉彥廷,9,260,320.0,4145.31,69.09,69:05,460.59,7.68,07:41,137.0,15.22,42.81,71.39,156.0,17.33,48.75,81.29,98.0,10.89,30.63,51.06,46.0,5.11,14.37,23.97,64.0,7.11,20.0,33.35,33.0,3.67,10.31,17.2,34.0,3.78,10.62,17.72,13.0,1.44,4.06,6.77,56.0,6.22,17.5,29.18,34.0,3.78,10.62,17.72,15.0,1.67,4.69,7.82,47.0,5.22,14.69,24.49,23.0,2.56,7.19,11.98,46.0,5.11,14.37,23.97,25.0,2.78,7.81,13.03,24.0,2.67,7.5,12.51,17.0,1.89,5.31,8.86,6.0,0.67,1.88,3.13,39.0,4.33,12.19,20.32,42.0,4.67,13.12,21.88,42.81,48.75,-5.94,111.16,-19.0,-2.11,-5.94,69.09,7.68,0.54,0.56,0.52,0.38,0.61,0.17,0.52,0.25,0.67,0.47,5.31,1.88,0.12,13.12,0.57
2,臺北台新戰神,10864|10869,劉彥廷/基德,1,15,22.0,283.5,4.73,04:44,283.5,4.73,04:44,12.0,12.0,54.55,91.43,9.0,9.0,40.91,68.57,5.0,5.0,22.73,38.09,3.0,3.0,13.64,22.86,2.0,2.0,9.09,15.24,2.0,2.0,9.09,15.24,3.0,3.0,13.64,22.86,1.0,1.0,4.55,7.62,7.0,7.0,31.82,53.33,5.0,5.0,22.73,38.09,0.0,0.0,0.0,0.0,3.0,3.0,13.64,22.86,3.0,3.0,13.64,22.86,4.0,4.0,18.18,30.48,2.0,2.0,9.09,15.24,0.0,0.0,0.0,0.0,2.0,2.0,9.09,15.24,0.0,0.0,0.0,0.0,4.0,4.0,18.18,30.48,2.0,2.0,9.09,15.24,54.55,40.91,13.64,111.74,3.0,3.0,13.64,4.73,4.73,0.7,0.74,1.0,0.33,0.71,0.2,0.0,0.0,0.5,0.3,9.09,0.0,0.18,9.09,1.4
2,臺北台新戰神,1|10864,丁聖儒/劉彥廷,11,430,534.0,7793.11,129.89,129:53,708.46,11.81,11:48,248.0,22.55,46.44,68.74,240.0,21.82,44.94,66.52,192.0,17.45,35.96,53.22,80.0,7.27,14.98,22.17,89.0,8.09,16.67,24.67,41.0,3.73,7.68,11.36,103.0,9.36,19.29,28.55,39.0,3.55,7.3,10.81,63.0,5.73,11.8,17.46,49.0,4.45,9.18,13.58,35.0,3.18,6.55,9.7,84.0,7.64,15.73,23.28,48.0,4.36,8.99,13.3,78.0,7.09,14.61,21.62,34.0,3.09,6.37,9.42,58.0,5.27,10.86,16.08,22.0,2.0,4.12,6.1,11.0,1.0,2.06,3.05,50.0,4.55,9.36,13.86,55.0,5.0,10.3,15.24,46.44,44.94,1.5,98.67,8.0,0.73,1.5,129.89,11.81,0.52,0.56,0.46,0.38,0.78,0.13,0.72,0.31,0.64,0.49,4.12,2.06,0.09,10.3,0.33
2,臺北台新戰神,14|10864,錢肯尼/劉彥廷,12,319,385.0,5215.59,86.93,86:56,434.63,7.24,07:15,168.0,14.0,43.64,69.58,183.0,15.25,47.53,75.79,140.0,11.67,36.36,57.98,61.0,5.08,15.84,25.26,80.0,6.67,20.78,33.13,38.0,3.17,9.87,15.74,60.0,5.0,15.58,24.85,23.0,1.92,5.97,9.53,43.0,3.58,11.17,17.81,27.0,2.25,7.01,11.18,27.0,2.25,7.01,11.18,56.0,4.67,14.55,23.19,26.0,2.17,6.75,10.77,53.0,4.42,13.77,21.95,31.0,2.58,8.05,12.84,41.0,3.42,10.65,16.98,15.0,1.25,3.9,6.21,13.0,1.08,3.38,5.38,40.0,3.33,10.39,16.57,35.0,2.92,9.09,14.49,43.64,47.53,-3.9,106.3,-15.0,-1.25,-3.9,86.93,7.24,0.52,0.53,0.48,0.38,0.63,0.16,0.67,0.34,0.68,0.51,3.9,3.38,0.1,9.09,0.31
2,臺北台新戰神,1|13907,丁聖儒/梅克,11,1319,1569.0,22143.57,369.06,369:04,2013.05,33.55,33:33,716.0,65.09,45.63,69.84,780.0,70.91,49.71,76.09,567.0,51.55,36.14,55.31,238.0,21.64,15.17,23.22,298.0,27.09,18.99,29.07,150.0,13.64,9.56,14.63,269.0,24.45,17.14,26.24,88.0,8.0,5.61,8.58,206.0,18.73,13.13,20.09,153.0,13.91,9.75,14.92,96.0,8.73,6.12,9.36,249.0,22.64,15.87,24.29,92.0,8.36,5.86,8.97,250.0,22.73,15.93,24.39,107.0,9.73,6.82,10.44,158.0,14.36,10.07,15.41,63.0,5.73,4.02,6.15,21.0,1.91,1.34,2.05,168.0,15.27,10.71,16.39,154.0,14.0,9.82,15.02,45.63,49.71,-4.08,102.03,-64.0,-5.82,-4.08,369.06,33.55,0.5,0.54,0.5,0.33,0.74,0.14,0.66,0.28,0.73,0.5,4.02,1.34,0.11,9.82,0.36
2,臺北台新戰神,10|13907,雷蒙恩/梅克,10,900,1076.0,15847.97,264.13,264:08,1584.8,26.41,26:25,480.0,48.0,44.61,65.42,529.0,52.9,49.16,72.1,385.0,38.5,35.78,52.47,168.0,16.8,15.61,22.9,215.0,21.5,19.98,29.3,114.0,11.4,10.59,15.54,170.0,17.0,15.8,23.17,54.0,5.4,5.02,7.36,123.0,12.3,11.43,16.76,88.0,8.8,8.18,11.99,52.0,5.2,4.83,7.09,176.0,17.6,16.36,23.99,68.0,6.8,6.32,9.27,171.0,17.1,15.89,23.31,66.0,6.6,6.13,9.0,101.0,10.1,9.39,13.77,37.0,3.7,3.44,5.04,10.0,1.0,0.93,1.36,99.0,9.9,9.2,13.49,106.0,10.6,9.85,14.45,44.61,49.16,-4.55,97.77,-49.0,-4.9,-4.55,264.13,26.41,0.51,0.55,0.53,0.32,0.72,0.13,0.6,0.23,0.72,0.49,3.44,0.93,0.09,9.85,0.32
2,臺北台新戰神,14|13907,錢肯尼/梅克,10,838,992.0,13675.64,227.93,227:56,1367.56,22.79,22:48,447.0,44.7,45.06,70.6,471.0,47.1,47.48,74.39,348.0,34.8,35.08,54.96,155.0,15.5,15.62,24.48,192.0,19.2,19.35,30.33,103.0,10.3,10.38,16.27,156.0,15.6,15.73,24.64,52.0,5.2,5.24,8.21,116.0,11.6,11.69,18.32,85.0,8.5,8.57,13.43,53.0,5.3,5.34,8.37,154.0,15.4,15.52,24.32,62.0,6.2,6.25,9.79,162.0,16.2,16.33,25.59,73.0,7.3,7.36,11.53,99.0,9.9,9.98,15.64,47.0,4.7,4.74,7.42,12.0,1.2,1.21,1.9,102.0,10.2,10.28,16.11,76.0,7.6,7.66,12.0,45.06,47.48,-2.42,104.45,-24.0,-2.4,-2.42,227.93,22.79,0.52,0.56,0.54,0.33,0.73,0.15,0.64,0.25,0.71,0.48,4.74,1.21,0.1,7.66,0.33
2,臺北台新戰神,10869|13907,基德/梅克,3,292,343.0,5453.71,90.9,90:54,1817.9,30.3,30:18,176.0,58.67,51.31,69.71,157.0,52.33,45.77,62.18,116.0,38.67,33.82,45.94,59.0,19.67,17.2,23.37,54.0,18.0,15.74,21.39,32.0,10.67,9.33,12.67,62.0,20.67,18.08,24.56,27.0,9.0,7.87,10.69,43.0,14.33,12.54,17.03,31.0,10.33,9.04,12.28,13.0,4.33,3.79,5.15,46.0,15.33,13.41,18.22,25.0,8.33,7.29,9.9,60.0,20.0,17.49,23.76,27.0,9.0,7.87,10.69,42.0,14.0,12.24,16.63,15.0,5.0,4.37,5.94,5.0,1.67,1.46,1.98,39.0,13.0,11.37,15.45,30.0,10.0,8.75,11.88,51.31,45.77,5.54,90.57,19.0,6.33,5.54,90.9,30.3,0.62,0.65,0.59,0.44,0.72,0.17,0.71,0.18,0.65,0.41,4.37,1.46,0.11,8.75,0.37
2,臺北台新戰神,5|13907,黃聰翰/梅克,11,888,1042.0,15036.62,250.61,250:37,1366.97,22.78,22:47,486.0,44.18,46.64,69.81,493.0,44.82,47.31,70.82,369.0,33.55,35.41,53.01,158.0,14.36,15.16,22.7,191.0,17.36,18.33,27.44,98.0,8.91,9.4,14.08,178.0,16.18,17.08,25.57,60.0,5.45,5.76,8.62,142.0,12.91,13.63,20.4,110.0,10.0,10.56,15.8,58.0,5.27,5.57,8.33,159.0,14.45,15.26,22.84,55.0,5.0,5.28,7.9,168.0,15.27,16.12,24.13,74.0,6.73,7.1,10.63,96.0,8.73,9.21,13.79,42.0,3.82,4.03,6.03,16.0,1.45,1.54,2.3,109.0,9.91,10.46,15.66,117.0,10.64,11.23,16.81,46.64,47.31,-0.67,99.79,-7.0,-0.64,-0.67,250.61,22.78,0.51,0.56,0.51,0.34,0.77,0.15,0.61,0.26,0.74,0.49,4.03,1.54,0.1,11.23,0.38
2,臺北台新戰神,10865|13907,謝銘駿/梅克,7,258,310.0,4909.09,81.82,81:49,701.3,11.69,11:41,155.0,22.14,50.0,68.2,148.0,21.14,47.74,65.12,107.0,15.29,34.52,47.08,49.0,7.0,15.81,21.56,53.0,7.57,17.1,23.32,30.0,4.29,9.68,13.2,54.0,7.71,17.42,23.76,19.0,2.71,6.13,8.36,54.0,7.71,17.42,23.76,38.0,5.43,12.26,16.72,16.0,2.29,5.16,7.04,50.0,7.14,16.13,22.0,23.0,3.29,7.42,10.12,51.0,7.29,16.45,22.44,15.0,2.14,4.84,6.6,22.0,3.14,7.1,9.68,9.0,1.29,2.9,3.96,4.0,0.57,1.29,1.76,41.0,5.86,13.23,18.04,39.0,5.57,12.58,17.16,50.0,47.74,2.26,90.93,7.0,1.0,2.26,81.82,11.69,0.55,0.59,0.57,0.35,0.7,0.1,0.45,0.24,0.68,0.47,2.9,1.29,0.13,12.58,0.5
2,臺北台新戰神,3|13907,陳文宏/梅克,10,400,465.0,6514.95,108.58,108:35,651.49,10.86,10:51,198.0,19.8,42.58,65.65,227.0,22.7,48.82,75.26,156.0,15.6,33.55,51.72,62.0,6.2,13.33,20.56,76.0,7.6,16.34,25.2,40.0,4.0,8.6,13.26,80.0,8.0,17.2,26.52,22.0,2.2,4.73,7.29,72.0,7.2,15.48,23.87,56.0,5.6,12.04,18.57,29.0,2.9,6.24,9.61,71.0,7.1,15.27,23.54,22.0,2.2,4.73,7.29,66.0,6.6,14.19,21.88,37.0,3.7,7.96,12.27,41.0,4.1,8.82,13.59,24.0,2.4,5.16,7.96,6.0,0.6,1.29,1.99,56.0,5.6,12.04,18.57,43.0,4.3,9.25,14.26,42.58,48.82,-6.24,102.78,-29.0,-2.9,-6.24,108.58,10.86,0.47,0.53,0.53,0.28,0.78,0.16,0.66,0.31,0.76,0.53,5.16,1.29,0.12,9.25,0.46
2,臺北台新戰神,10863|13907,魏芃禾/梅克,6,59,71.0,1031.99,17.2,17:12,172.0,2.87,02:52,28.0,4.67,39.44,58.61,39.0,6.5,54.93,81.63,25.0,4.17,35.21,52.33,9.0,1.5,12.68,18.84,13.0,2.17,18.31,27.21,6.0,1.0,8.45,12.56,12.0,2.0,16.9,25.12,3.0,0.5,4.23,6.28,6.0,1.0,8.45,12.56,6.0,1.0,8.45,12.56,4.0,0.67,5.63,8.37,11.0,1.83,15.49,23.02,6.0,1.0,8.45,12.56,9.0,1.5,12.68,18.84,5.0,0.83,7.04,10.47,5.0,0.83,7.04,10.47,4.0,0.67,5.63,8.37,1.0,0.17,1.41,2.09,6.0,1.0,8.45,12.56,7.0,1.17,9.86,14.65,39.44,54.93,-15.49,99.07,-11.0,-1.83,-15.49,17.2,2.87,0.42,0.51,0.46,0.25,1.0,0.15,0.56,0.31,0.65,0.5,5.63,1.41,0.08,9.86,0.24
2,臺北台新戰神,13400|13907,史東/梅克,3,82,99.0,1336.13,22.27,22:16,445.38,7.42,07:25,44.0,14.67,44.44,71.13,41.0,13.67,41.41,66.28,35.0,11.67,35.35,56.58,14.0,4.67,14.14,22.63,19.0,6.33,19.19,30.72,11.0,3.67,11.11,17.78,16.0,5.33,16.16,25.87,3.0,1.0,3.03,4.85,15.0,5.0,15.15,24.25,11.0,3.67,11.11,17.78,6.0,2.0,6.06,9.7,17.0,5.67,17.17,27.48,3.0,1.0,3.03,4.85,16.0,5.33,16.16,25.87,7.0,2.33,7.07,11.32,5.0,1.67,5.05,8.08,3.0,1.0,3.03,4.85,0.0,0.0,0.0,0.0,14.0,4.67,14.14,22.63,20.0,6.67,20.2,32.33,44.44,41.41,3.03,106.7,3.0,1.0,3.03,22.27,7.42,0.44,0.53,0.58,0.19,0.73,0.14,0.36,0.27,0.85,0.55,3.03,0.0,0.14,20.2,0.43
2,高雄全家海神,51|14037,克力斯/奧迪傑,3,82,97.0,1308.13,21.8,21:48,436.04,7.27,07:16,45.0,15.0,46.39,74.3,49.0,16.33,50.52,80.91,35.0,11.67,36.08,57.79,19.0,6.33,19.59,31.37,22.0,7.33,22.68,36.33,13.0,4.33,13.4,21.47,13.0,4.33,13.4,21.47,6.0,2.0,6.19,9.91,2.0,0.67,2.06,3.3,1.0,0.33,1.03,1.65,5.0,1.67,5.15,8.26,11.0,3.67,11.34,18.16,5.0,1.67,5.15,8.26,13.0,4.33,13.4,21.47,11.0,3.67,11.34,18.16,11.0,3.67,11.34,18.16,8.0,2.67,8.25,13.21,1.0,0.33,1.03,1.65,7.0,2.33,7.22,11.56,6.0,2.0,6.19,9.91,46.39,50.52,-4.12,106.78,-4.0,-1.33,-4.12,21.8,7.27,0.63,0.63,0.59,0.46,0.5,0.23,0.58,0.28,0.69,0.47,8.25,1.03,0.07,6.19,0.06
2,高雄全家海神,109|14037,于煥亞/奧迪傑,3,201,246.0,3036.59,50.61,50:37,1012.2,16.87,16:52,107.0,35.67,43.5,76.11,106.0,35.33,43.09,75.4,86.0,28.67,34.96,61.17,39.0,13.0,15.85,27.74,50.0,16.67,20.33,35.57,25.0,8.33,10.16,17.78,36.0,12.0,14.63,25.61,14.0,4.67,5.69,9.96,16.0,5.33,6.5,11.38,13.0,4.33,5.28,9.25,18.0,6.0,7.32,12.8,28.0,9.33,11.38,19.92,19.0,6.33,7.72,13.52,31.0,10.33,12.6,22.05,27.0,9.0,10.98,19.21,23.0,7.67,9.35,16.36,18.0,6.0,7.32,12.8,2.0,0.67,0.81,1.42,21.0,7.0,8.54,14.94,16.0,5.33,6.5,11.38,43.5,43.09,0.41,116.66,1.0,0.33,0.41,50.61,16.87,0.53,0.58,0.5,0.39,0.81,0.22,0.59,0.37,0.6,0.48,7.32,0.81,0.09,6.5,0.19
2,高雄全家海神,111|14037,唐維傑/奧迪傑,4,214,255.0,3344.78,55.75,55:45,836.2,13.94,13:56,109.0,27.25,42.75,70.39,113.0,28.25,44.31,72.97,97.0,24.25,38.04,62.64,40.0,10.0,15.69,25.83,60.0,15.0,23.53,38.75,28.0,7.0,10.98,18.08,37.0,9.25,14.51,23.89,12.0,3.0,4.71,7.75,20.0,5.0,7.84,12.92,15.0,3.75,5.88,9.69,20.0,5.0,7.84,12.92,35.0,8.75,13.73,22.6,14.0,3.5,5.49,9.04,35.0,8.75,13.73,22.6,22.0,5.5,8.63,14.21,24.0,6.0,9.41,15.5,14.0,3.5,5.49,9.04,2.0,0.5,0.78,1.29,25.0,6.25,9.8,16.14,19.0,4.75,7.45,12.27,42.75,44.31,-1.57,109.78,-4.0,-1.0,-1.57,55.75,13.94,0.47,0.52,0.47,0.32,0.75,0.17,0.6,0.36,0.71,0.53,5.49,0.78,0.1,7.45,0.21
2,高雄全家海神,122|14037,陳懷安/奧迪傑,3,146,166.0,2173.63,36.23,36:14,724.54,12.08,12:05,82.0,27.33,49.4,81.49,79.0,26.33,47.59,78.5,56.0,18.67,33.73,55.65,30.0,10.0,18.07,29.81,35.0,11.67,21.08,34.78,20.0,6.67,12.05,19.87,21.0,7.0,12.65,20.87,10.0,3.33,6.02,9.94,18.0,6.0,10.84,17.89,12.0,4.0,7.23,11.92,7.0,2.33,4.22,6.96,21.0,7.0,12.65,20.87,7.0,2.33,4.22,6.96,24.0,8.0,14.46,23.85,16.0,5.33,9.64,15.9,19.0,6.33,11.45,18.88,12.0,4.0,7.23,11.92,0.0,0.0,0.0,0.0,19.0,6.33,11.45,18.88,16.0,5.33,9.64,15.9,49.4,47.59,1.81,109.97,3.0,1.0,1.81,36.23,12.08,0.62,0.64,0.57,0.48,0.67,0.2,0.63,0.23,0.75,0.47,7.23,0.0,0.11,9.64,0.32
2,高雄全家海神,45|14037,施晉堯/奧迪傑,3,105,127.0,1539.22,25.65,25:39,513.07,8.55,08:33,37.0,12.33,29.13,51.92,70.0,23.33,55.12,98.23,41.0,13.67,32.28,57.54,12.0,4.0,9.45,16.84,22.0,7.33,17.32,30.87,10.0,3.33,7.87,14.03,19.0,6.33,14.96,26.66,2.0,0.67,1.57,2.81,17.0,5.67,13.39,23.86,11.0,3.67,8.66,15.44,10.0,3.33,7.87,14.03,21.0,7.0,16.54,29.47,8.0,2.67,6.3,11.23,12.0,4.0,9.45,16.84,12.0,4.0,9.45,16.84,9.0,3.0,7.09,12.63,8.0,2.67,6.3,11.23,2.0,0.67,1.57,2.81,12.0,4.0,9.45,16.84,22.0,7.33,17.32,30.87,29.13,55.12,-25.98,118.81,-33.0,-11.0,-25.98,25.65,8.55,0.32,0.38,0.45,0.11,0.65,0.2,0.75,0.45,0.72,0.61,6.3,1.57,0.09,17.32,0.41
2,高雄全家海神,121|14037,吳曉謹/奧迪傑,5,199,234.0,3029.6,50.49,50:30,605.92,10.1,10:06,94.0,18.8,40.17,67.02,118.0,23.6,50.43,84.13,83.0,16.6,35.47,59.18,35.0,7.0,14.96,24.95,43.0,8.6,18.38,30.66,22.0,4.4,9.4,15.69,40.0,8.0,17.09,28.52,13.0,2.6,5.56,9.27,12.0,2.4,5.13,8.56,11.0,2.2,4.7,7.84,18.0,3.6,7.69,12.83,27.0,5.4,11.54,19.25,15.0,3.0,6.41,10.69,32.0,6.4,13.68,22.81,29.0,5.8,12.39,20.68,20.0,4.0,8.55,14.26,21.0,4.2,8.97,14.97,3.0,0.6,1.28,2.14,18.0,3.6,7.69,12.83,24.0,4.8,10.26,17.11,40.17,50.43,-10.26,111.22,-24.0,-4.8,-10.26,50.49,10.1,0.5,0.53,0.51,0.32,0.92,0.25,0.57,0.36,0.64,0.49,8.97,1.28,0.08,10.26,0.14
2,高雄全家海神,12668|14037,歐提斯/奧迪傑,1,67,75.0,916.43,15.27,15:16,916.43,15.27,15:16,33.0,33.0,44.0,77.78,49.0,49.0,65.33,115.49,22.0,22.0,29.33,51.85,13.0,13.0,17.33,30.64,17.0,17.0,22.67,40.07,11.0,11.0,14.67,25.93,5.0,5.0,6.67,11.78,2.0,2.0,2.67,4.71,7.0,7.0,9.33,16.5,5.0,5.0,6.67,11.78,2.0,2.0,2.67,4.71,7.0,7.0,9.33,16.5,2.0,2.0,2.67,4.71,6.0,6.0,8.0,14.14,11.0,11.0,14.67,25.93,6.0,6.0,8.0,14.14,7.0,7.0,9.33,16.5,0.0,0.0,0.0,0.0,9.0,9.0,12.0,21.21,2.0,2.0,2.67,4.71,44.0,65.33,-21.33,117.85,-16.0,-16.0,-21.33,15.27,15.27,0.64,0.66,0.65,0.4,0.71,0.3,0.46,0.25,0.78,0.53,9.33,0.0,0.12,2.67,0.32
2,高雄全家海神,13275|14037,吳彥侖/奧迪傑,5,61,74.0,960.69,16.01,16:01,192.14,3.2,03:12,21.0,4.2,28.38,47.22,44.0,8.8,59.46,98.93,29.0,5.8,39.19,65.2,9.0,1.8,12.16,20.24,18.0,3.6,24.32,40.47,8.0,1.6,10.81,17.99,11.0,2.2,14.86,24.73,1.0,0.2,1.35,2.25,4.0,0.8,5.41,8.99,4.0,0.8,5.41,8.99,8.0,1.6,10.81,17.99,12.0,2.4,16.22,26.98,6.0,1.2,8.11,13.49,6.0,1.2,8.11,13.49,8.0,1.6,10.81,17.99,4.0,0.8,5.41,8.99,6.0,1.2,8.11,13.49,1.0,0.2,1.35,2.25,6.0,1.2,8.11,13.49,9.0,1.8,12.16,20.24,28.38,59.46,-31.08,110.92,-23.0,-4.6,-31.08,16.01,3.2,0.33,0.34,0.44,0.09,1.0,0.21,0.44,0.57,0.67,0.62,8.11,1.35,0.08,12.16,0.14
2,高雄全家海神,110|14037,胡瓏貿/奧迪傑,5,201,236.0,2920.85,48.68,48:41,584.17,9.74,09:44,107.0,21.4,45.34,79.13,130.0,26.0,55.08,96.14,82.0,16.4,34.75,60.64,37.0,7.4,15.68,27.36,43.0,8.6,18.22,31.8,22.0,4.4,9.32,16.27,39.0,7.8,16.53,28.84,15.0,3.0,6.36,11.09,24.0,4.8,10.17,17.75,18.0,3.6,7.63,13.31,17.0,3.4,7.2,12.57,29.0,5.8,12.29,21.45,13.0,2.6,5.51,9.61,29.0,5.8,12.29,21.45,22.0,4.4,9.32,16.27,21.0,4.2,8.9,15.53,17.0,3.4,7.2,12.57,4.0,0.8,1.69,2.96,21.0,4.2,8.9,15.53,27.0,5.4,11.44,19.97,45.34,55.08,-9.75,116.35,-23.0,-4.6,-9.75,48.68,9.74,0.54,0.58,0.51,0.38,0.75,0.19,0.57,0.37,0.69,0.52,7.2,1.69,0.09,11.44,0.29
2,高雄全家海神,108|13275,魏莨哲/吳彥侖,2,48,58.0,834.61,13.91,13:55,417.31,6.96,06:57,22.0,11.0,37.93,56.94,27.0,13.5,46.55,69.88,20.0,10.0,34.48,51.76,7.0,3.5,12.07,18.12,14.0,7.0,24.14,36.23,5.0,2.5,8.62,12.94,6.0,3.0,10.34,15.53,2.0,1.0,3.45,5.18,8.0,4.0,13.79,20.7,6.0,3.0,10.34,15.53,4.0,2.0,6.9,10.35,10.0,5.0,17.24,25.88,5.0,2.5,8.62,12.94,10.0,5.0,17.24,25.88,4.0,2.0,6.9,10.35,2.0,1.0,3.45,5.18,2.0,1.0,3.45,5.18,1.0,0.5,1.72,2.59,6.0,3.0,10.34,15.53,8.0,4.0,13.79,20.7,37.93,46.55,-8.62,100.07,-5.0,-2.5,-8.62,13.91,6.96,0.4,0.47,0.36,0.33,0.75,0.15,0.29,0.29,0.67,0.48,3.45,1.72,0.1,13.79,0.4
2,高雄全家海神,108|14037,魏莨哲/奧迪傑,4,123,149.0,1869.91,31.17,31:10,467.48,7.79,07:47,44.0,11.0,29.53,50.83,71.0,17.75,47.65,82.01,59.0,14.75,39.6,68.15,15.0,3.75,10.07,17.33,44.0,11.0,29.53,50.83,13.0,3.25,8.72,15.02,15.0,3.75,10.07,17.33,2.0,0.5,1.34,2.31,16.0,4.0,10.74,18.48,12.0,3.0,8.05,13.86,17.0,4.25,11.41,19.64,25.0,6.25,16.78,28.88,7.0,1.75,4.7,8.09,20.0,5.0,13.42,23.1,9.0,2.25,6.04,10.4,9.0,2.25,6.04,10.4,6.0,1.5,4.03,6.93,3.0,0.75,2.01,3.47,11.0,2.75,7.38,12.71,20.0,5.0,13.42,23.1,29.53,47.65,-18.12,114.74,-27.0,-6.75,-18.12,31.17,7.79,0.27,0.33,0.3,0.13,0.75,0.12,0.6,0.46,0.78,0.61,4.03,2.01,0.07,13.42,0.27
2,高雄全家海神,116|14037,呂威霆/奧迪傑,5,170,205.0,2655.09,44.25,44:15,531.02,8.85,08:51,55.0,11.0,26.83,44.74,96.0,19.2,46.83,78.1,73.0,14.6,35.61,59.39,22.0,4.4,10.73,17.9,44.0,8.8,21.46,35.8,20.0,4.0,9.76,16.27,29.0,5.8,14.15,23.59,2.0,0.4,0.98,1.63,14.0,2.8,6.83,11.39,11.0,2.2,5.37,8.95,14.0,2.8,6.83,11.39,36.0,7.2,17.56,29.29,16.0,3.2,7.8,13.02,28.0,5.6,13.66,22.78,20.0,4.0,9.76,16.27,15.0,3.0,7.32,12.2,12.0,2.4,5.85,9.76,1.0,0.2,0.49,0.81,20.0,4.0,9.76,16.27,34.0,6.8,16.59,27.66,26.83,46.83,-20.0,111.18,-41.0,-8.2,-20.0,44.25,8.85,0.32,0.35,0.45,0.07,0.79,0.2,0.68,0.33,0.69,0.53,5.85,0.49,0.1,16.59,0.19
2,高雄全家海神,10891|14037,廖偉皓/奧迪傑,4,140,166.0,2075.2,34.59,34:35,518.8,8.65,08:39,56.0,14.0,33.73,58.29,82.0,20.5,49.4,85.35,64.0,16.0,38.55,66.62,19.0,4.75,11.45,19.78,41.0,10.25,24.7,42.68,14.0,3.5,8.43,14.57,23.0,5.75,13.86,23.94,5.0,1.25,3.01,5.2,17.0,4.25,10.24,17.69,13.0,3.25,7.83,13.53,17.0,4.25,10.24,17.69,29.0,7.25,17.47,30.19,6.0,1.5,3.61,6.25,23.0,5.75,13.86,23.94,12.0,3.0,7.23,12.49,9.0,2.25,5.42,9.37,8.0,2.0,4.82,8.33,1.0,0.25,0.6,1.04,15.0,3.75,9.04,15.61,31.0,7.75,18.67,32.27,33.73,49.4,-15.66,115.19,-26.0,-6.5,-15.66,34.59,8.65,0.34,0.39,0.34,0.22,0.76,0.14,0.47,0.42,0.83,0.61,4.82,0.6,0.09,18.67,0.27
2,福爾摩沙夢想家,83|13906,吳家駿/班提爾,5,148,188.0,2262.53,37.71,37:43,452.51,7.54,07:33,75.0,15.0,39.89,71.6,81.0,16.2,43.09,77.33,74.0,14.8,39.36,70.65,30.0,6.0,15.96,28.64,43.0,8.6,22.87,41.05,22.0,4.4,11.7,21.0,31.0,6.2,16.49,29.6,8.0,1.6,4.26,7.64,11.0,2.2,5.85,10.5,7.0,1.4,3.72,6.68,17.0,3.4,9.04,16.23,28.0,5.6,14.89,26.73,16.0,3.2,8.51,15.27,23.0,4.6,12.23,21.96,12.0,2.4,6.38,11.46,18.0,3.6,9.57,17.18,4.0,0.8,2.13,3.82,2.0,0.4,1.06,1.91,11.0,2.2,5.85,10.5,27.0,5.4,14.36,25.78,39.89,43.09,-3.19,119.65,-6.0,-1.2,-3.19,37.71,7.54,0.46,0.48,0.51,0.26,0.64,0.13,0.6,0.42,0.64,0.54,2.13,1.06,0.06,14.36,0.15
2,新北國王,22|14038,簡祐哲/飛米,11,482,577.0,8955.55,149.26,149:16,814.14,13.57,13:34,226.0,20.55,39.17,54.51,271.0,24.64,46.97,65.36,218.0,19.82,37.78,52.58,87.0,7.91,15.08,20.98,134.0,12.18,23.22,32.32,58.0,5.27,10.05,13.99,84.0,7.64,14.56,20.26,29.0,2.64,5.03,6.99,38.0,3.45,6.59,9.17,26.0,2.36,4.51,6.27,35.0,3.18,6.07,8.44,103.0,9.36,17.85,24.84,41.0,3.73,7.11,9.89,91.0,8.27,15.77,21.95,37.0,3.36,6.41,8.92,53.0,4.82,9.19,12.78,19.0,1.73,3.29,4.58,9.0,0.82,1.56,2.17,49.0,4.45,8.49,11.82,59.0,5.36,10.23,14.23,39.17,46.97,-7.8,92.78,-45.0,-4.09,-7.8,149.26,13.57,0.47,0.48,0.43,0.35,0.68,0.14,0.61,0.28,0.72,0.51,3.29,1.56,0.08,10.23,0.17
2,新北國王,28|14038,呂政儒/飛米,14,507,600.0,9038.53,150.64,150:39,645.61,10.76,10:46,257.0,18.36,42.83,61.42,265.0,18.93,44.17,63.33,224.0,16.0,37.33,53.53,99.0,7.07,16.5,23.66,141.0,10.07,23.5,33.7,74.0,5.29,12.33,17.68,83.0,5.93,13.83,19.84,25.0,1.79,4.17,5.97,47.0,3.36,7.83,11.23,37.0,2.64,6.17,8.84,33.0,2.36,5.5,7.89,98.0,7.0,16.33,23.42,38.0,2.71,6.33,9.08,96.0,6.86,16.0,22.94,41.0,2.93,6.83,9.8,63.0,4.5,10.5,15.06,23.0,1.64,3.83,5.5,10.0,0.71,1.67,2.39,50.0,3.57,8.33,11.95,46.0,3.29,7.67,10.99,42.83,44.17,-1.33,95.59,-8.0,-0.57,-1.33,150.64,10.76,0.5,0.53,0.52,0.3,0.79,0.14,0.64,0.26,0.72,0.49,3.83,1.67,0.08,7.67,0.21
2,新北國王,29|14038,林書緯/飛米,15,1391,1625.0,23236.4,387.27,387:16,1549.09,25.82,25:49,723.0,48.2,44.49,67.21,778.0,51.87,47.88,72.32,591.0,39.4,36.37,54.94,264.0,17.6,16.25,24.54,349.0,23.27,21.48,32.44,174.0,11.6,10.71,16.17,242.0,16.13,14.89,22.5,90.0,6.0,5.54,8.37,139.0,9.27,8.55,12.92,108.0,7.2,6.65,10.04,76.0,5.07,4.68,7.06,259.0,17.27,15.94,24.08,99.0,6.6,6.09,9.2,254.0,16.93,15.63,23.61,118.0,7.87,7.26,10.97,173.0,11.53,10.65,16.08,63.0,4.2,3.88,5.86,18.0,1.2,1.11,1.67,151.0,10.07,9.29,14.04,182.0,12.13,11.2,16.92,44.49,47.88,-3.38,100.7,-55.0,-3.67,-3.38,387.27,25.82,0.52,0.55,0.5,0.37,0.78,0.15,0.66,0.23,0.72,0.49,3.88,1.11,0.09,11.2,0.24
2,新北國王,10875|14038,傑登/飛米,2,111,139.0,1793.15,29.89,29:53,896.57,14.94,14:57,55.0,27.5,39.57,66.25,66.0,33.0,47.48,79.5,56.0,28.0,40.29,67.46,21.0,10.5,15.11,25.3,34.0,17.0,24.46,40.96,15.0,7.5,10.79,18.07,22.0,11.0,15.83,26.5,6.0,3.0,4.32,7.23,11.0,5.5,7.91,13.25,9.0,4.5,6.47,10.84,10.0,5.0,7.19,12.05,26.0,13.0,18.71,31.32,11.0,5.5,7.91,13.25,17.0,8.5,12.23,20.48,8.0,4.0,5.76,9.64,10.0,5.0,7.19,12.05,4.0,2.0,2.88,4.82,1.0,0.5,0.72,1.2,11.0,5.5,7.91,13.25,13.0,6.5,9.35,15.66,39.57,47.48,-7.91,111.62,-11.0,-5.5,-7.91,29.89,14.94,0.43,0.45,0.44,0.27,0.82,0.12,0.48,0.37,0.7,0.56,2.88,0.72,0.08,9.35,0.2
2,新北國王,32|14038,奧帝/飛米,9,401,458.0,6220.96,103.68,103:41,691.22,11.52,11:31,213.0,23.67,46.51,73.96,199.0,22.11,43.45,69.1,167.0,18.56,36.46,57.98,74.0,8.22,16.16,25.69,81.0,9.0,17.69,28.12,38.0,4.22,8.3,13.19,86.0,9.56,18.78,29.86,36.0,4.0,7.86,12.5,43.0,4.78,9.39,14.93,32.0,3.56,6.99,11.11,21.0,2.33,4.59,7.29,73.0,8.11,15.94,25.35,19.0,2.11,4.15,6.6,82.0,9.11,17.9,28.47,35.0,3.89,7.64,12.15,51.0,5.67,11.14,17.71,15.0,1.67,3.28,5.21,8.0,0.89,1.75,2.78,49.0,5.44,10.7,17.01,75.0,8.33,16.38,26.04,46.51,43.45,3.06,106.02,14.0,1.56,3.06,103.68,11.52,0.55,0.57,0.47,0.42,0.74,0.16,0.69,0.2,0.79,0.48,3.28,1.75,0.11,16.38,0.26
2,新北國王,10872|14038,林彥廷/飛米,14,1085,1247.0,17178.96,286.32,286:19,1227.07,20.45,20:27,593.0,42.36,47.55,74.56,563.0,40.21,45.15,70.79,455.0,32.5,36.49,57.21,213.0,15.21,17.08,26.78,266.0,19.0,21.33,33.45,140.0,10.0,11.23,17.6,189.0,13.5,15.16,23.76,73.0,5.21,5.85,9.18,111.0,7.93,8.9,13.96,91.0,6.5,7.3,11.44,55.0,3.93,4.41,6.92,191.0,13.64,15.32,24.02,66.0,4.71,5.29,8.3,197.0,14.07,15.8,24.77,88.0,6.29,7.06,11.06,142.0,10.14,11.39,17.85,46.0,3.29,3.69,5.78,14.0,1.0,1.12,1.76,110.0,7.86,8.82,13.83,141.0,10.07,11.31,17.73,47.55,45.15,2.41,104.53,30.0,2.14,2.41,286.32,20.45,0.55,0.59,0.53,0.39,0.82,0.15,0.67,0.22,0.74,0.48,3.69,1.12,0.09,11.31,0.24
2,新北國王,10874|14038,熊祥泰/飛米,15,884,1024.0,14260.32,237.67,237:40,950.69,15.84,15:51,491.0,32.73,47.95,74.37,480.0,32.0,46.88,72.71,373.0,24.87,36.43,56.5,175.0,11.67,17.09,26.51,207.0,13.8,20.21,31.35,109.0,7.27,10.64,16.51,166.0,11.07,16.21,25.14,66.0,4.4,6.45,10.0,96.0,6.4,9.38,14.54,78.0,5.2,7.62,11.81,44.0,2.93,4.3,6.66,155.0,10.33,15.14,23.48,56.0,3.73,5.47,8.48,161.0,10.73,15.72,24.39,73.0,4.87,7.13,11.06,116.0,7.73,11.33,17.57,38.0,2.53,3.71,5.76,13.0,0.87,1.27,1.97,92.0,6.13,8.98,13.94,137.0,9.13,13.38,20.75,47.95,46.88,1.07,103.4,11.0,0.73,1.07,237.67,15.84,0.56,0.59,0.53,0.4,0.81,0.15,0.66,0.21,0.73,0.48,3.71,1.27,0.09,13.38,0.26
2,新北國王,22|14303,簡祐哲/喬丹,3,172,212.0,3563.99,59.4,59:24,1188.0,19.8,19:48,85.0,28.33,40.09,51.52,91.0,30.33,42.92,55.15,78.0,26.0,36.79,47.27,32.0,10.67,15.09,19.39,43.0,14.33,20.28,26.06,21.0,7.0,9.91,12.73,35.0,11.67,16.51,21.21,11.0,3.67,5.19,6.67,13.0,4.33,6.13,7.88,10.0,3.33,4.72,6.06,9.0,3.0,4.25,5.45,38.0,12.67,17.92,23.03,24.0,8.0,11.32,14.55,31.0,10.33,14.62,18.79,10.0,3.33,4.72,6.06,20.0,6.67,9.43,12.12,4.0,1.33,1.89,2.42,1.0,0.33,0.47,0.61,15.0,5.0,7.08,9.09,27.0,9.0,12.74,16.36,40.09,42.92,-2.83,85.66,-6.0,-2.0,-2.83,59.4,19.8,0.48,0.51,0.49,0.31,0.77,0.11,0.62,0.22,0.61,0.46,1.89,0.47,0.07,12.74,0.17
2,新北國王,28|14303,呂政儒/喬丹,5,235,286.0,4577.27,76.29,76:17,915.45,15.26,15:15,123.0,24.6,43.01,58.04,141.0,28.2,49.3,66.54,109.0,21.8,38.11,51.44,49.0,9.8,17.13,23.12,71.0,14.2,24.83,33.5,37.0,7.4,12.94,17.46,38.0,7.6,13.29,17.93,12.0,2.4,4.2,5.66,19.0,3.8,6.64,8.97,13.0,2.6,4.55,6.13,18.0,3.6,6.29,8.49,45.0,9.0,15.73,21.24,24.0,4.8,8.39,11.33,33.0,6.6,11.54,15.57,17.0,3.4,5.94,8.02,34.0,6.8,11.89,16.04,14.0,2.8,4.9,6.61,4.0,0.8,1.4,1.89,21.0,4.2,7.34,9.91,22.0,4.4,7.69,10.38,43.01,49.3,-6.29,89.98,-18.0,-3.6,-6.29,76.29,15.26,0.5,0.52,0.52,0.32,0.68,0.13,0.69,0.35,0.65,0.52,4.9,1.4,0.07,7.69,0.17
2,新北國王,29|14303,林書緯/喬丹,5,529,624.0,9297.62,154.96,154:58,1859.52,30.99,31:00,298.0,59.6,47.76,69.23,292.0,58.4,46.79,67.84,235.0,47.0,37.66,54.59,112.0,22.4,17.95,26.02,135.0,27.0,21.63,31.36,70.0,14.0,11.22,16.26,100.0,20.0,16.03,23.23,42.0,8.4,6.73,9.76,45.0,9.0,7.21,10.45,32.0,6.4,5.13,7.43,31.0,6.2,4.97,7.2,96.0,19.2,15.38,22.3,49.0,9.8,7.85,11.38,93.0,18.6,14.9,21.61,38.0,7.6,6.09,8.83,74.0,14.8,11.86,17.19,27.0,5.4,4.33,6.27,7.0,1.4,1.12,1.63,53.0,10.6,8.49,12.31,78.0,15.6,12.5,18.12,47.76,46.79,0.96,96.64,6.0,1.2,0.96,154.96,30.99,0.57,0.58,0.52,0.42,0.71,0.13,0.66,0.25,0.66,0.47,4.33,1.12,0.08,12.5,0.19
2,新北國王,14038|14303,飛米/喬丹,5,393,465.0,7091.0,118.18,118:11,1418.2,23.64,23:38,210.0,42.0,45.16,63.97,208.0,41.6,44.73,63.36,172.0,34.4,36.99,52.39,77.0,15.4,16.56,23.46,95.0,19.0,20.43,28.94,47.0,9.4,10.11,14.32,77.0,15.4,16.56,23.46,30.0,6.0,6.45,9.14,32.0,6.4,6.88,9.75,24.0,4.8,5.16,7.31,23.0,4.6,4.95,7.01,73.0,14.6,15.7,22.24,35.0,7.0,7.53,10.66,71.0,14.2,15.27,21.63,30.0,6.0,6.45,9.14,52.0,10.4,11.18,15.84,21.0,4.2,4.52,6.4,3.0,0.6,0.65,0.91,36.0,7.2,7.74,10.97,57.0,11.4,12.26,17.36,45.16,44.73,0.43,94.43,2.0,0.4,0.43,118.18,23.64,0.53,0.56,0.49,0.39,0.75,0.14,0.68,0.24,0.68,0.48,4.52,0.65,0.08,12.26,0.19
2,新北國王,10872|14303,林彥廷/喬丹,5,401,465.0,6514.89,108.58,108:35,1302.98,21.72,21:43,257.0,51.4,55.27,85.21,213.0,42.6,45.81,70.62,181.0,36.2,38.92,60.01,94.0,18.8,20.22,31.17,101.0,20.2,21.72,33.49,56.0,11.2,12.04,18.57,80.0,16.0,17.2,26.52,38.0,7.6,8.17,12.6,38.0,7.6,8.17,12.6,29.0,5.8,6.24,9.61,28.0,5.6,6.02,9.28,62.0,12.4,13.33,20.56,29.0,5.8,6.24,9.61,70.0,14.0,15.05,23.21,24.0,4.8,5.16,7.96,60.0,12.0,12.9,19.89,14.0,2.8,3.01,4.64,7.0,1.4,1.51,2.32,40.0,8.0,8.6,13.26,58.0,11.6,12.47,19.23,55.27,45.81,9.46,102.78,44.0,8.8,9.46,108.58,21.72,0.62,0.65,0.55,0.48,0.76,0.11,0.64,0.29,0.68,0.48,3.01,1.51,0.09,12.47,0.21
2,新北國王,10874|14303,熊祥泰/喬丹,5,309,361.0,4901.85,81.7,81:42,980.37,16.34,16:20,167.0,33.4,46.26,73.59,153.0,30.6,42.38,67.42,129.0,25.8,35.73,56.84,59.0,11.8,16.34,26.0,73.0,14.6,20.22,32.17,34.0,6.8,9.42,14.98,56.0,11.2,15.51,24.68,25.0,5.0,6.93,11.02,28.0,5.6,7.76,12.34,22.0,4.4,6.09,9.69,20.0,4.0,5.54,8.81,51.0,10.2,14.13,22.47,19.0,3.8,5.26,8.37,61.0,12.2,16.9,26.88,30.0,6.0,8.31,13.22,42.0,8.4,11.63,18.51,18.0,3.6,4.99,7.93,3.0,0.6,0.83,1.32,33.0,6.6,9.14,14.54,66.0,13.2,18.28,29.08,46.26,42.38,3.88,106.05,14.0,2.8,3.88,81.7,16.34,0.55,0.59,0.47,0.45,0.79,0.18,0.71,0.25,0.73,0.47,4.99,0.83,0.09,18.28,0.22
2,新北國王,32|14303,奧帝/喬丹,3,83,94.0,1383.35,23.06,23:03,461.12,7.69,07:41,58.0,19.33,61.7,90.56,50.0,16.67,53.19,78.07,37.0,12.33,39.36,57.77,21.0,7.0,22.34,32.79,19.0,6.33,20.21,29.67,11.0,3.67,11.7,17.18,18.0,6.0,19.15,28.11,10.0,3.33,10.64,15.61,8.0,2.67,8.51,12.49,6.0,2.0,6.38,9.37,2.0,0.67,2.13,3.12,14.0,4.67,14.89,21.86,8.0,2.67,8.51,12.49,13.0,4.33,13.83,20.3,2.0,0.67,2.13,3.12,15.0,5.0,15.96,23.42,1.0,0.33,1.06,1.56,1.0,0.33,1.06,1.56,9.0,3.0,9.57,14.05,13.0,4.33,13.83,20.3,61.7,53.19,8.51,97.85,8.0,2.67,8.51,23.06,7.69,0.7,0.72,0.58,0.56,0.75,0.05,0.71,0.13,0.64,0.43,1.06,1.06,0.1,13.83,0.22
2,新北國王,10873|14038,喬納森/飛米,12,244,286.0,3784.64,63.08,63:05,315.39,5.26,05:15,140.0,11.67,48.95,79.9,127.0,10.58,44.41,72.48,106.0,8.83,37.06,60.5,47.0,3.92,16.43,26.82,52.0,4.33,18.18,29.68,25.0,2.08,8.74,14.27,54.0,4.5,18.88,30.82,22.0,1.83,7.69,12.56,27.0,2.25,9.44,15.41,22.0,1.83,7.69,12.56,20.0,1.67,6.99,11.41,38.0,3.17,13.29,21.69,15.0,1.25,5.24,8.56,44.0,3.67,15.38,25.11,20.0,1.67,6.99,11.41,36.0,3.0,12.59,20.55,11.0,0.92,3.85,6.28,1.0,0.08,0.35,0.57,27.0,2.25,9.44,15.41,35.0,2.92,12.24,19.98,48.95,44.41,4.55,108.82,13.0,1.08,4.55,63.08,5.26,0.55,0.59,0.48,0.41,0.81,0.15,0.77,0.31,0.72,0.5,3.85,0.35,0.09,12.24,0.25
2,新北國王,10873|14303,喬納森/喬丹,5,208,250.0,3192.47,53.21,53:12,638.49,10.64,10:38,123.0,24.6,49.2,83.22,118.0,23.6,47.2,79.84,92.0,18.4,36.8,62.25,44.0,8.8,17.6,29.77,52.0,10.4,20.8,35.18,26.0,5.2,10.4,17.59,40.0,8.0,16.0,27.06,18.0,3.6,7.2,12.18,23.0,4.6,9.2,15.56,15.0,3.0,6.0,10.15,19.0,3.8,7.6,12.86,32.0,6.4,12.8,21.65,14.0,2.8,5.6,9.47,31.0,6.2,12.4,20.97,16.0,3.2,6.4,10.83,28.0,5.6,11.2,18.94,12.0,2.4,4.8,8.12,3.0,0.6,1.2,2.03,19.0,3.8,7.6,12.86,36.0,7.2,14.4,24.36,49.2,47.2,2.0,112.77,5.0,1.0,2.0,53.21,10.64,0.58,0.6,0.5,0.45,0.65,0.14,0.64,0.38,0.7,0.53,4.8,1.2,0.08,14.4,0.25
2,新北國王,28|10873,呂政儒/喬納森,7,65,84.0,1053.69,17.56,17:34,150.53,2.51,02:31,36.0,5.14,42.86,73.8,40.0,5.71,47.62,82.0,34.0,4.86,40.48,69.7,13.0,1.86,15.48,26.65,21.0,3.0,25.0,43.05,8.0,1.14,9.52,16.4,13.0,1.86,15.48,26.65,5.0,0.71,5.95,10.25,6.0,0.86,7.14,12.3,5.0,0.71,5.95,10.25,10.0,1.43,11.9,20.5,12.0,1.71,14.29,24.6,6.0,0.86,7.14,12.3,8.0,1.14,9.52,16.4,7.0,1.0,8.33,14.35,9.0,1.29,10.71,18.45,5.0,0.71,5.95,10.25,4.0,0.57,4.76,8.2,6.0,0.86,7.14,12.3,11.0,1.57,13.1,22.55,42.86,47.62,-4.76,114.8,-4.0,-0.57,-4.76,17.56,2.51,0.46,0.49,0.38,0.38,0.83,0.16,0.69,0.56,0.67,0.61,5.95,4.76,0.07,13.1,0.18
2,高雄全家海神,119|14037,余純安/奧迪傑,4,180,215.0,2558.7,42.64,42:39,639.67,10.66,10:40,77.0,19.25,35.81,65.0,87.0,21.75,40.47,73.44,73.0,18.25,33.95,61.63,28.0,7.0,13.02,23.64,45.0,11.25,20.93,37.99,20.0,5.0,9.3,16.88,28.0,7.0,13.02,23.64,8.0,2.0,3.72,6.75,19.0,4.75,8.84,16.04,13.0,3.25,6.05,10.97,9.0,2.25,4.19,7.6,36.0,9.0,16.74,30.39,18.0,4.5,8.37,15.2,35.0,8.75,16.28,29.55,19.0,4.75,8.84,16.04,21.0,5.25,9.77,17.73,14.0,3.5,6.51,11.82,3.0,0.75,1.4,2.53,17.0,4.25,7.91,14.35,22.0,5.5,10.23,18.57,35.81,40.47,-4.65,121.0,-10.0,-2.5,-4.65,42.64,10.66,0.44,0.47,0.44,0.29,0.68,0.19,0.75,0.2,0.67,0.46,6.51,1.4,0.08,10.23,0.26
2,福爾摩沙夢想家,91|13906,簡偉儒/班提爾,9,207,263.0,3672.2,61.2,61:12,408.02,6.8,06:48,104.0,11.56,39.54,61.17,122.0,13.56,46.39,71.76,108.0,12.0,41.06,63.53,39.0,4.33,14.83,22.94,56.0,6.22,21.29,32.94,30.0,3.33,11.41,17.65,52.0,5.78,19.77,30.59,9.0,1.0,3.42,5.29,24.0,2.67,9.13,14.12,16.0,1.78,6.08,9.41,27.0,3.0,10.27,15.88,45.0,5.0,17.11,26.47,21.0,2.33,7.98,12.35,35.0,3.89,13.31,20.59,13.0,1.44,4.94,7.65,23.0,2.56,8.75,13.53,4.0,0.44,1.52,2.35,4.0,0.44,1.52,2.35,21.0,2.33,7.98,12.35,30.0,3.33,11.41,17.65,39.54,46.39,-6.84,103.13,-18.0,-2.0,-6.84,61.2,6.8,0.4,0.44,0.54,0.17,0.67,0.1,0.59,0.44,0.68,0.56,1.52,1.52,0.08,11.41,0.22
2,高雄全家海神,111|13399,唐維傑/賽克維奇,1,28,33.0,459.83,7.66,07:40,459.83,7.66,07:40,9.0,9.0,27.27,42.28,13.0,13.0,39.39,61.07,12.0,12.0,36.36,56.37,3.0,3.0,9.09,14.09,7.0,7.0,21.21,32.88,2.0,2.0,6.06,9.39,5.0,5.0,15.15,23.49,1.0,1.0,3.03,4.7,2.0,2.0,6.06,9.39,2.0,2.0,6.06,9.39,3.0,3.0,9.09,14.09,6.0,6.0,18.18,28.18,2.0,2.0,6.06,9.39,6.0,6.0,18.18,28.18,4.0,4.0,12.12,18.79,0.0,0.0,0.0,0.0,2.0,2.0,6.06,9.39,0.0,0.0,0.0,0.0,4.0,4.0,12.12,18.79,0.0,0.0,0.0,0.0,27.27,39.39,-12.12,103.34,-4.0,-4.0,-12.12,7.66,7.66,0.29,0.35,0.29,0.2,1.0,0.24,0.0,0.33,0.75,0.53,6.06,0.0,0.12,0.0,0.17
2,高雄全家海神,13399|14037,賽克維奇/奧迪傑,2,31,39.0,432.13,7.2,07:12,216.06,3.6,03:36,9.0,4.5,23.08,44.99,10.0,5.0,25.64,49.99,16.0,8.0,41.03,79.98,2.0,1.0,5.13,10.0,12.0,6.0,30.77,59.98,2.0,1.0,5.13,10.0,4.0,2.0,10.26,19.99,0.0,0.0,0.0,0.0,6.0,3.0,15.38,29.99,5.0,2.5,12.82,24.99,6.0,3.0,15.38,29.99,7.0,3.5,17.95,34.99,4.0,2.0,10.26,19.99,6.0,3.0,15.38,29.99,2.0,1.0,5.13,10.0,1.0,0.5,2.56,5.0,1.0,0.5,2.56,5.0,1.0,0.5,2.56,5.0,3.0,1.5,7.69,15.0,4.0,2.0,10.26,19.99,23.08,25.64,-2.56,129.96,-1.0,-0.5,-2.56,7.2,3.6,0.12,0.24,0.17,0.0,0.83,0.1,0.5,0.5,0.64,0.57,2.56,2.56,0.08,10.26,0.38
2,高雄全家海神,119|13399,余純安/賽克維奇,4,120,138.0,1879.06,31.32,31:19,469.77,7.83,07:50,61.0,15.25,44.2,70.12,68.0,17.0,49.28,78.17,53.0,13.25,38.41,60.92,22.0,5.5,15.94,25.29,30.0,7.5,21.74,34.49,16.0,4.0,11.59,18.39,23.0,5.75,16.67,26.44,6.0,1.5,4.35,6.9,14.0,3.5,10.14,16.09,11.0,2.75,7.97,12.64,10.0,2.5,7.25,11.5,19.0,4.75,13.77,21.84,6.0,1.5,4.35,6.9,19.0,4.75,13.77,21.84,14.0,3.5,10.14,16.09,13.0,3.25,9.42,14.94,6.0,1.5,4.35,6.9,4.0,1.0,2.9,4.6,12.0,3.0,8.7,13.79,27.0,6.75,19.57,31.04,44.2,49.28,-5.07,105.75,-7.0,-1.75,-5.07,31.32,7.83,0.47,0.52,0.53,0.26,0.79,0.19,0.59,0.34,0.76,0.54,4.35,2.9,0.09,19.57,0.26
2,高雄全家海神,108|119,魏莨哲/余純安,3,67,75.0,1016.29,16.94,16:56,338.76,5.65,05:39,26.0,8.67,34.67,55.26,38.0,12.67,50.67,80.76,34.0,11.33,45.33,72.26,10.0,3.33,13.33,21.25,21.0,7.0,28.0,44.63,8.0,2.67,10.67,17.0,13.0,4.33,17.33,27.63,2.0,0.67,2.67,4.25,6.0,2.0,8.0,12.75,4.0,1.33,5.33,8.5,6.0,2.0,8.0,12.75,17.0,5.67,22.67,36.13,1.0,0.33,1.33,2.13,10.0,3.33,13.33,21.25,3.0,1.0,4.0,6.38,8.0,2.67,10.67,17.0,1.0,0.33,1.33,2.13,3.0,1.0,4.0,6.38,4.0,1.33,5.33,8.5,5.0,1.67,6.67,10.63,34.67,50.67,-16.0,106.27,-12.0,-4.0,-16.0,16.94,5.65,0.32,0.35,0.38,0.15,0.67,0.08,0.8,0.38,0.94,0.68,1.33,4.0,0.05,6.67,0.18
2,高雄全家海神,108|13399,魏莨哲/賽克維奇,3,150,176.0,2233.33,37.22,37:13,744.44,12.41,12:24,73.0,24.33,41.48,70.6,88.0,29.33,50.0,85.11,59.0,19.67,33.52,57.06,25.0,8.33,14.2,24.18,31.0,10.33,17.61,29.98,14.0,4.67,7.95,13.54,28.0,9.33,15.91,27.08,11.0,3.67,6.25,10.64,18.0,6.0,10.23,17.41,12.0,4.0,6.82,11.61,10.0,3.33,5.68,9.67,25.0,8.33,14.2,24.18,8.0,2.67,4.55,7.74,23.0,7.67,13.07,22.24,20.0,6.67,11.36,19.34,18.0,6.0,10.23,17.41,10.0,3.33,5.68,9.67,3.0,1.0,1.7,2.9,18.0,6.0,10.23,17.41,19.0,6.33,10.8,18.38,41.48,50.0,-8.52,113.48,-15.0,-5.0,-8.52,37.22,12.41,0.52,0.55,0.45,0.39,0.67,0.23,0.72,0.3,0.76,0.53,5.68,1.7,0.1,10.8,0.31
2,臺北台新戰神,11|13907,蘇奕晉/梅克,2,144,176.0,2563.07,42.72,42:43,1281.53,21.36,21:22,80.0,40.0,45.45,67.42,84.0,42.0,47.73,70.79,65.0,32.5,36.93,54.78,25.0,12.5,14.2,21.07,33.0,16.5,18.75,27.81,14.0,7.0,7.95,11.8,32.0,16.0,18.18,26.97,11.0,5.5,6.25,9.27,28.0,14.0,15.91,23.6,19.0,9.5,10.8,16.01,10.0,5.0,5.68,8.43,33.0,16.5,18.75,27.81,12.0,6.0,6.82,10.11,25.0,12.5,14.2,21.07,5.0,2.5,2.84,4.21,16.0,8.0,9.09,13.48,3.0,1.5,1.7,2.53,1.0,0.5,0.57,0.84,21.0,10.5,11.93,17.7,19.0,9.5,10.8,16.01,45.45,47.73,-2.27,98.88,-4.0,-2.0,-2.27,42.72,21.36,0.47,0.52,0.42,0.34,0.68,0.06,0.64,0.29,0.73,0.54,1.7,0.57,0.12,10.8,0.43
2,新北國王,25|14038,林金榜/飛米,5,104,132.0,1684.76,28.08,28:05,336.95,5.62,05:37,60.0,12.0,45.45,76.92,50.0,10.0,37.88,64.1,46.0,9.2,34.85,58.98,19.0,3.8,14.39,24.36,32.0,6.4,24.24,41.03,14.0,2.8,10.61,17.95,14.0,2.8,10.61,17.95,5.0,1.0,3.79,6.41,19.0,3.8,14.39,24.36,17.0,3.4,12.88,21.8,11.0,2.2,8.33,14.1,16.0,3.2,12.12,20.51,13.0,2.6,9.85,16.67,17.0,3.4,12.88,21.8,7.0,1.4,5.3,8.97,11.0,2.2,8.33,14.1,5.0,1.0,3.79,6.41,1.0,0.2,0.76,1.28,18.0,3.6,13.64,23.08,16.0,3.2,12.12,20.51,45.45,37.88,7.58,112.82,10.0,2.0,7.58,28.08,5.62,0.47,0.55,0.44,0.36,0.89,0.11,0.58,0.39,0.55,0.47,3.79,0.76,0.14,12.12,0.41
2,新北國王,25|14303,林金榜/喬丹,3,49,61.0,737.6,12.29,12:18,245.87,4.1,04:06,23.0,7.67,37.7,67.35,27.0,9.0,44.26,79.07,20.0,6.67,32.79,58.57,8.0,2.67,13.11,23.43,13.0,4.33,21.31,38.07,5.0,1.67,8.2,14.64,7.0,2.33,11.48,20.5,3.0,1.0,4.92,8.79,7.0,2.33,11.48,20.5,4.0,1.33,6.56,11.71,3.0,1.0,4.92,8.79,9.0,3.0,14.75,26.36,8.0,2.67,13.11,23.43,6.0,2.0,9.84,17.57,3.0,1.0,4.92,8.79,4.0,1.33,6.56,11.71,2.0,0.67,3.28,5.86,1.0,0.33,1.64,2.93,5.0,1.67,8.2,14.64,13.0,4.33,21.31,38.07,37.7,44.26,-6.56,119.09,-4.0,-1.33,-6.56,12.29,4.1,0.48,0.5,0.38,0.43,0.57,0.12,0.5,0.33,0.53,0.46,3.28,1.64,0.08,21.31,0.35
2,新北國王,24|14038,蘇士軒/飛米,7,169,185.0,2854.82,47.58,47:35,407.83,6.8,06:48,93.0,13.29,50.27,70.37,106.0,15.14,57.3,80.2,66.0,9.43,35.68,49.94,33.0,4.71,17.84,24.97,37.0,5.29,20.0,27.99,23.0,3.29,12.43,17.4,29.0,4.14,15.68,21.94,10.0,1.43,5.41,7.57,19.0,2.71,10.27,14.38,15.0,2.14,8.11,11.35,6.0,0.86,3.24,4.54,29.0,4.14,15.68,21.94,3.0,0.43,1.62,2.27,32.0,4.57,17.3,24.21,10.0,1.43,5.41,7.57,21.0,3.0,11.35,15.89,7.0,1.0,3.78,5.3,2.0,0.29,1.08,1.51,16.0,2.29,8.65,12.11,30.0,4.29,16.22,22.7,50.27,57.3,-7.03,93.32,-13.0,-1.86,-7.03,47.58,6.8,0.58,0.63,0.62,0.34,0.79,0.12,0.64,0.16,0.91,0.5,3.78,1.08,0.09,16.22,0.29
2,臺北台新戰神,13|13907,陳冠全/梅克,5,129,154.0,2110.89,35.18,35:11,422.18,7.04,07:02,72.0,14.4,46.75,73.68,84.0,16.8,54.55,85.95,60.0,12.0,38.96,61.4,22.0,4.4,14.29,22.51,28.0,5.6,18.18,28.65,14.0,2.8,9.09,14.33,32.0,6.4,20.78,32.74,8.0,1.6,5.19,8.19,19.0,3.8,12.34,19.44,18.0,3.6,11.69,18.42,14.0,2.8,9.09,14.33,24.0,4.8,15.58,24.56,8.0,1.6,5.19,8.19,23.0,4.6,14.94,23.54,10.0,2.0,6.49,10.23,15.0,3.0,9.74,15.35,6.0,1.2,3.9,6.14,6.0,1.2,3.9,6.14,17.0,3.4,11.04,17.4,11.0,2.2,7.14,11.26,46.75,54.55,-7.79,105.06,-12.0,-2.4,-7.79,35.18,7.04,0.43,0.53,0.5,0.25,0.95,0.13,0.68,0.38,0.75,0.55,3.9,3.9,0.11,7.14,0.32
2,新北中信特攻,47|10878,曾文鼎/曾信武,2,20,26.0,315.49,5.26,05:15,157.75,2.63,02:38,10.0,5.0,38.46,68.46,15.0,7.5,57.69,102.7,9.0,4.5,34.62,61.62,3.0,1.5,11.54,20.54,3.0,1.5,11.54,20.54,1.0,0.5,3.85,6.85,6.0,3.0,23.08,41.08,2.0,1.0,7.69,13.69,2.0,1.0,7.69,13.69,2.0,1.0,7.69,13.69,1.0,0.5,3.85,6.85,5.0,2.5,19.23,34.23,3.0,1.5,11.54,20.54,6.0,3.0,23.08,41.08,1.0,0.5,3.85,6.85,2.0,1.0,7.69,13.69,0.0,0.0,0.0,0.0,0.0,0.0,0.0,0.0,3.0,1.5,11.54,20.54,5.0,2.5,19.23,34.23,38.46,57.69,-19.23,118.67,-5.0,-2.5,-19.23,5.26,2.63,0.44,0.51,0.33,0.33,1.0,0.09,0.67,0.14,0.62,0.4,0.0,0.0,0.12,19.23,0.22
2,新北中信特攻,10878|10879,曾信武/簡廷兆,1,26,29.0,359.55,5.99,06:00,359.55,5.99,06:00,11.0,11.0,37.93,66.08,15.0,15.0,51.72,90.11,9.0,9.0,31.03,54.07,3.0,3.0,10.34,18.02,3.0,3.0,10.34,18.02,0.0,0.0,0.0,0.0,6.0,6.0,20.69,36.05,3.0,3.0,10.34,18.02,3.0,3.0,10.34,18.02,2.0,2.0,6.9,12.02,0.0,0.0,0.0,0.0,5.0,5.0,17.24,30.04,1.0,1.0,3.45,6.01,6.0,6.0,20.69,36.05,3.0,3.0,10.34,18.02,2.0,2.0,6.9,12.02,2.0,2.0,6.9,12.02,1.0,1.0,3.45,6.01,3.0,3.0,10.34,18.02,9.0,9.0,31.03,54.07,37.93,51.72,-13.79,116.15,-4.0,-4.0,-13.79,5.99,5.99,0.5,0.53,0.0,0.5,0.67,0.23,0.67,0.0,0.83,0.42,6.9,3.45,0.1,31.03,0.33
2,新北中信特攻,48|10878,李沛澄/曾信武,4,49,60.0,664.67,11.08,11:05,166.17,2.77,02:46,21.0,5.25,35.0,68.24,28.0,7.0,46.67,90.99,22.0,5.5,36.67,71.49,8.0,2.0,13.33,26.0,11.0,2.75,18.33,35.75,3.0,0.75,5.0,9.75,11.0,2.75,18.33,35.75,5.0,1.25,8.33,16.25,1.0,0.25,1.67,3.25,0.0,0.0,0.0,0.0,5.0,1.25,8.33,16.25,8.0,2.0,13.33,26.0,3.0,0.75,5.0,9.75,11.0,2.75,18.33,35.75,8.0,2.0,13.33,26.0,5.0,1.25,8.33,16.25,5.0,1.25,8.33,16.25,1.0,0.25,1.67,3.25,2.0,0.5,3.33,6.5,14.0,3.5,23.33,45.5,35.0,46.67,-11.67,129.99,-7.0,-1.75,-11.67,11.08,2.77,0.48,0.47,0.27,0.45,0.0,0.26,0.62,0.31,0.73,0.48,8.33,1.67,0.03,23.33,0.05
2,福爾摩沙夢想家,107|13906,霍爾曼/班提爾,12,668,806.0,11018.62,183.64,183:39,918.22,15.3,15:18,378.0,31.5,46.9,74.1,328.0,27.33,40.69,64.3,293.0,24.42,36.35,57.44,126.0,10.5,15.63,24.7,163.0,13.58,20.22,31.95,81.0,6.75,10.05,15.88,130.0,10.83,16.13,25.48,45.0,3.75,5.58,8.82,111.0,9.25,13.77,21.76,83.0,6.92,10.3,16.27,59.0,4.92,7.32,11.57,117.0,9.75,14.52,22.94,49.0,4.08,6.08,9.61,137.0,11.42,17.0,26.86,57.0,4.75,7.07,11.17,89.0,7.42,11.04,17.45,32.0,2.67,3.97,6.27,8.0,0.67,0.99,1.57,87.0,7.25,10.79,17.05,82.0,6.83,10.17,16.07,46.9,40.69,6.2,105.33,50.0,4.17,6.2,183.64,15.3,0.51,0.55,0.5,0.35,0.75,0.14,0.71,0.3,0.7,0.49,3.97,0.99,0.11,10.17,0.38
2,臺北台新戰神,10864|13907,劉彥廷/梅克,5,122,151.0,1872.39,31.21,31:12,374.48,6.24,06:14,72.0,14.4,47.68,83.06,66.0,13.2,43.71,76.14,58.0,11.6,38.41,66.91,24.0,4.8,15.89,27.69,28.0,5.6,18.54,32.3,10.0,2.0,6.62,11.54,30.0,6.0,19.87,34.61,14.0,2.8,9.27,16.15,14.0,2.8,9.27,16.15,12.0,2.4,7.95,13.84,12.0,2.4,7.95,13.84,22.0,4.4,14.57,25.38,13.0,2.6,8.61,15.0,25.0,5.0,16.56,28.84,8.0,1.6,5.3,9.23,15.0,3.0,9.93,17.3,5.0,1.0,3.31,5.77,4.0,0.8,2.65,4.61,9.0,1.8,5.96,10.38,19.0,3.8,12.58,21.92,47.68,43.71,3.97,116.13,6.0,1.2,3.97,31.21,6.24,0.53,0.56,0.36,0.47,0.86,0.11,0.62,0.32,0.63,0.47,3.31,2.65,0.06,12.58,0.24
2,臺北台新戰神,3|10864,陳文宏/劉彥廷,10,239,286.0,4328.08,72.13,72:08,432.81,7.21,07:13,104.0,10.4,36.36,51.9,141.0,14.1,49.3,70.37,93.0,9.3,32.52,46.41,30.0,3.0,10.49,14.97,39.0,3.9,13.64,19.46,13.0,1.3,4.55,6.49,54.0,5.4,18.88,26.95,17.0,1.7,5.94,8.48,40.0,4.0,13.99,19.96,27.0,2.7,9.44,13.47,18.0,1.8,6.29,8.98,51.0,5.1,17.83,25.45,22.0,2.2,7.69,10.98,40.0,4.0,13.99,19.96,27.0,2.7,9.44,13.47,20.0,2.0,6.99,9.98,15.0,1.5,5.24,7.49,9.0,0.9,3.15,4.49,17.0,1.7,5.94,8.48,43.0,4.3,15.03,21.46,36.36,49.3,-12.94,95.16,-37.0,-3.7,-12.94,72.13,7.21,0.41,0.47,0.33,0.31,0.68,0.2,0.67,0.31,0.7,0.53,5.24,3.15,0.06,15.03,0.43
2,臺北台新戰神,13|10864,陳冠全/劉彥廷,7,71,84.0,1193.39,19.89,19:53,170.48,2.84,02:50,37.0,5.29,44.05,66.97,35.0,5.0,41.67,63.35,33.0,4.71,39.29,59.73,14.0,2.0,16.67,25.34,17.0,2.43,20.24,30.77,9.0,1.29,10.71,16.29,16.0,2.29,19.05,28.96,5.0,0.71,5.95,9.05,7.0,1.0,8.33,12.67,4.0,0.57,4.76,7.24,5.0,0.71,5.95,9.05,14.0,2.0,16.67,25.34,3.0,0.43,3.57,5.43,12.0,1.71,14.29,21.72,8.0,1.14,9.52,14.48,8.0,1.14,9.52,14.48,1.0,0.14,1.19,1.81,4.0,0.57,4.76,7.24,5.0,0.71,5.95,9.05,16.0,2.29,19.05,28.96,44.05,41.67,2.38,101.36,2.0,0.29,2.38,19.89,2.84,0.5,0.51,0.53,0.31,0.57,0.18,0.57,0.29,0.82,0.56,1.19,4.76,0.06,19.05,0.21
2,臺北台新戰神,11|10864,蘇奕晉/劉彥廷,4,73,92.0,1204.1,20.07,20:04,301.02,5.02,05:01,43.0,10.75,46.74,77.14,34.0,8.5,36.96,60.99,27.0,6.75,29.35,48.43,12.0,3.0,13.04,21.53,12.0,3.0,13.04,21.53,6.0,1.5,6.52,10.76,15.0,3.75,16.3,26.91,6.0,1.5,6.52,10.76,16.0,4.0,17.39,28.7,13.0,3.25,14.13,23.32,6.0,1.5,6.52,10.76,9.0,2.25,9.78,16.14,7.0,1.75,7.61,12.56,13.0,3.25,14.13,23.32,8.0,2.0,8.7,14.35,11.0,2.75,11.96,19.73,2.0,0.5,2.17,3.59,1.0,0.25,1.09,1.79,13.0,3.25,14.13,23.32,7.0,1.75,7.61,12.56,46.74,36.96,9.78,110.02,9.0,2.25,9.78,20.07,5.02,0.56,0.63,0.5,0.4,0.81,0.19,0.92,0.32,0.56,0.43,2.17,1.09,0.14,7.61,0.59
2,臺北台新戰神,11|13,蘇奕晉/陳冠全,4,97,114.0,1553.43,25.89,25:53,388.36,6.47,06:28,51.0,12.75,44.74,70.91,50.0,12.5,43.86,69.52,40.0,10.0,35.09,55.62,16.0,4.0,14.04,22.25,21.0,5.25,18.42,29.2,9.0,2.25,7.89,12.51,19.0,4.75,16.67,26.42,7.0,1.75,6.14,9.73,18.0,4.5,15.79,25.03,12.0,3.0,10.53,16.69,6.0,1.5,5.26,8.34,19.0,4.75,16.67,26.42,9.0,2.25,7.89,12.51,17.0,4.25,14.91,23.64,6.0,1.5,5.26,8.34,10.0,2.5,8.77,13.9,4.0,1.0,3.51,5.56,2.0,0.5,1.75,2.78,14.0,3.5,12.28,19.47,4.0,1.0,3.51,5.56,44.74,43.86,0.88,105.68,1.0,0.25,0.88,25.89,6.47,0.49,0.53,0.43,0.37,0.67,0.11,0.62,0.26,0.68,0.49,3.51,1.75,0.12,3.51,0.45
2,高雄全家海神,45|108,施晉堯/魏莨哲,3,54,69.0,810.15,13.5,13:30,270.05,4.5,04:30,23.0,7.67,33.33,61.32,27.0,9.0,39.13,71.99,23.0,7.67,33.33,61.32,5.0,1.67,7.25,13.33,13.0,4.33,18.84,34.66,4.0,1.33,5.8,10.66,10.0,3.33,14.49,26.66,1.0,0.33,1.45,2.67,18.0,6.0,26.09,47.99,12.0,4.0,17.39,31.99,12.0,4.0,17.39,31.99,8.0,2.67,11.59,21.33,2.0,0.67,2.9,5.33,10.0,3.33,14.49,26.66,7.0,2.33,10.14,18.66,4.0,1.33,5.8,10.66,4.0,1.33,5.8,10.66,1.0,0.33,1.45,2.67,9.0,3.0,13.04,24.0,13.0,4.33,18.84,34.66,33.33,39.13,-5.8,122.64,-4.0,-1.33,-5.8,13.5,4.5,0.24,0.37,0.31,0.1,0.67,0.18,0.8,0.55,0.8,0.62,5.8,1.45,0.13,18.84,0.78
2,臺北台新戰神,2|11,江均/蘇奕晉,5,62,78.0,1058.66,17.64,17:39,211.73,3.53,03:32,26.0,5.2,33.33,53.05,21.0,4.2,26.92,42.85,25.0,5.0,32.05,51.01,8.0,1.6,10.26,16.32,9.0,1.8,11.54,18.36,3.0,0.6,3.85,6.12,16.0,3.2,20.51,32.65,5.0,1.0,6.41,10.2,9.0,1.8,11.54,18.36,5.0,1.0,6.41,10.2,7.0,1.4,8.97,14.28,12.0,2.4,15.38,24.48,6.0,1.2,7.69,12.24,12.0,2.4,15.38,24.48,7.0,1.4,8.97,14.28,6.0,1.2,7.69,12.24,6.0,1.2,7.69,12.24,3.0,0.6,3.85,6.12,7.0,1.4,8.97,14.28,9.0,1.8,11.54,18.36,33.33,26.92,6.41,106.1,5.0,1.0,6.41,17.64,3.53,0.42,0.45,0.33,0.31,0.56,0.19,0.75,0.37,0.67,0.51,7.69,3.85,0.09,11.54,0.36
2,臺北台新戰神,4|11,張兆辰/蘇奕晉,2,19,23.0,378.14,6.3,06:18,189.07,3.15,03:09,5.0,2.5,21.74,28.56,15.0,7.5,65.22,85.68,5.0,2.5,21.74,28.56,1.0,0.5,4.35,5.71,1.0,0.5,4.35,5.71,0.0,0.0,0.0,0.0,4.0,2.0,17.39,22.85,1.0,0.5,4.35,5.71,2.0,1.0,8.7,11.42,2.0,1.0,8.7,11.42,1.0,0.5,4.35,5.71,5.0,2.5,21.74,28.56,3.0,1.5,13.04,17.14,2.0,1.0,8.7,11.42,4.0,2.0,17.39,22.85,1.0,0.5,4.35,5.71,4.0,2.0,17.39,22.85,1.0,0.5,4.35,5.71,2.0,1.0,8.7,11.42,6.0,3.0,26.09,34.27,21.74,65.22,-43.48,87.59,-10.0,-5.0,-43.48,6.3,3.15,0.3,0.43,0.0,0.25,1.0,0.4,1.0,0.33,0.62,0.55,17.39,4.35,0.09,26.09,0.4
2,臺北台新戰神,1|10863,丁聖儒/魏芃禾,1,1,2.0,22.87,0.38,00:23,22.87,0.38,00:23,2.0,2.0,100.0,188.92,0.0,0.0,0.0,0.0,2.0,2.0,100.0,188.92,1.0,1.0,50.0,94.46,2.0,2.0,100.0,188.92,1.0,1.0,50.0,94.46,0.0,0.0,0.0,0.0,0.0,0.0,0.0,0.0,0.0,0.0,0.0,0.0,0.0,0.0,0.0,0.0,1.0,1.0,50.0,94.46,0.0,0.0,0.0,0.0,0.0,0.0,0.0,0.0,0.0,0.0,0.0,0.0,0.0,0.0,0.0,0.0,0.0,0.0,0.0,0.0,0.0,0.0,0.0,0.0,0.0,0.0,0.0,0.0,0.0,0.0,0.0,0.0,0.0,0.0,0.0,0.0,100.0,0.0,100.0,125.95,2.0,2.0,100.0,0.38,0.38,0.5,0.5,0.5,,,0.0,0.0,1.0,,1.0,0.0,0.0,0.0,0.0,0.0
2,新北國王,24|10873,蘇士軒/喬納森,6,92,111.0,1426.72,23.78,23:47,237.79,3.96,03:58,56.0,9.33,50.45,84.78,53.0,8.83,47.75,80.24,39.0,6.5,35.14,59.04,21.0,3.5,18.92,31.79,21.0,3.5,18.92,31.79,14.0,2.33,12.61,21.2,18.0,3.0,16.22,27.25,7.0,1.17,6.31,10.6,9.0,1.5,8.11,13.63,5.0,0.83,4.5,7.57,9.0,1.5,8.11,13.63,12.0,2.0,10.81,18.17,5.0,0.83,4.5,7.57,17.0,2.83,15.32,25.74,11.0,1.83,9.91,16.65,9.0,1.5,8.11,13.63,8.0,1.33,7.21,12.11,1.0,0.17,0.9,1.51,8.0,1.33,7.21,12.11,18.0,3.0,16.22,27.25,50.45,47.75,2.7,112.03,3.0,0.5,2.7,23.78,3.96,0.63,0.65,0.67,0.39,0.56,0.2,0.43,0.35,0.71,0.49,7.21,0.9,0.07,16.22,0.23
2,新北國王,24|14303,蘇士軒/喬丹,2,61,70.0,973.34,16.22,16:13,486.67,8.11,08:07,46.0,23.0,65.71,102.08,32.0,16.0,45.71,71.01,24.0,12.0,34.29,53.26,16.0,8.0,22.86,35.51,11.0,5.5,15.71,24.41,8.0,4.0,11.43,17.75,13.0,6.5,18.57,28.85,8.0,4.0,11.43,17.75,10.0,5.0,14.29,22.19,6.0,3.0,8.57,13.31,4.0,2.0,5.71,8.88,7.0,3.5,10.0,15.53,3.0,1.5,4.29,6.66,12.0,6.0,17.14,26.63,6.0,3.0,8.57,13.31,11.0,5.5,15.71,24.41,2.0,1.0,2.86,4.44,1.0,0.5,1.43,2.22,8.0,4.0,11.43,17.75,18.0,9.0,25.71,39.94,65.71,45.71,20.0,103.56,14.0,7.0,20.0,16.22,8.11,0.83,0.81,0.73,0.62,0.6,0.17,0.69,0.25,0.7,0.42,2.86,1.43,0.11,25.71,0.42
2,新北國王,19|14303,蘇培凱/喬丹,1,30,36.0,505.13,8.42,08:25,505.13,8.42,08:25,14.0,14.0,38.89,59.87,10.0,10.0,27.78,42.76,10.0,10.0,27.78,42.76,5.0,5.0,13.89,21.38,6.0,6.0,16.67,25.66,4.0,4.0,11.11,17.1,4.0,4.0,11.11,17.1,1.0,1.0,2.78,4.28,7.0,7.0,19.44,29.93,3.0,3.0,8.33,12.83,2.0,2.0,5.56,8.55,5.0,5.0,13.89,21.38,1.0,1.0,2.78,4.28,8.0,8.0,22.22,34.21,5.0,5.0,13.89,21.38,5.0,5.0,13.89,21.38,2.0,2.0,5.56,8.55,1.0,1.0,2.78,4.28,6.0,6.0,16.67,25.66,2.0,2.0,5.56,8.55,38.89,27.78,11.11,102.63,4.0,4.0,11.11,8.42,8.42,0.55,0.54,0.67,0.25,0.43,0.28,1.0,0.2,0.83,0.44,5.56,2.78,0.17,5.56,0.7
2,新北國王,19|14038,蘇培凱/飛米,4,43,52.0,744.11,12.4,12:24,186.03,3.1,03:06,21.0,5.25,40.38,60.96,27.0,6.75,51.92,78.38,19.0,4.75,36.54,55.15,7.0,1.75,13.46,20.32,10.0,2.5,19.23,29.03,5.0,1.25,9.62,14.51,9.0,2.25,17.31,26.13,2.0,0.5,3.85,5.81,8.0,2.0,15.38,23.22,5.0,1.25,9.62,14.51,3.0,0.75,5.77,8.71,10.0,2.5,19.23,29.03,4.0,1.0,7.69,11.61,7.0,1.75,13.46,20.32,2.0,0.5,3.85,5.81,7.0,1.75,13.46,20.32,1.0,0.25,1.92,2.9,2.0,0.5,3.85,5.81,5.0,1.25,9.62,14.51,3.0,0.75,5.77,8.71,40.38,51.92,-11.54,100.63,-6.0,-1.5,-11.54,12.4,3.1,0.42,0.47,0.5,0.22,0.62,0.08,1.0,0.3,0.71,0.54,1.92,3.85,0.1,5.77,0.42
2,新北國王,19|28,蘇培凱/呂政儒,2,37,45.0,649.38,10.82,10:49,324.69,5.41,05:25,22.0,11.0,48.89,73.18,16.0,8.0,35.56,53.22,22.0,11.0,48.89,73.18,9.0,4.5,20.0,29.94,10.0,5.0,22.22,33.26,6.0,3.0,13.33,19.96,12.0,6.0,26.67,39.92,3.0,1.5,6.67,9.98,3.0,1.5,6.67,9.98,1.0,0.5,2.22,3.33,5.0,2.5,11.11,16.63,10.0,5.0,22.22,33.26,1.0,0.5,2.22,3.33,8.0,4.0,17.78,26.61,1.0,0.5,2.22,3.33,7.0,3.5,15.56,23.28,1.0,0.5,2.22,3.33,2.0,1.0,4.44,6.65,2.0,1.0,4.44,6.65,2.0,1.0,4.44,6.65,48.89,35.56,13.33,99.79,6.0,3.0,13.33,10.82,5.41,0.48,0.47,0.6,0.25,0.33,0.04,0.78,0.38,0.91,0.62,2.22,4.44,0.04,4.44,0.14
2,新北國王,23|14038,王柏智/飛米,5,32,40.0,718.52,11.98,11:59,143.7,2.4,02:24,17.0,3.4,42.5,51.11,22.0,4.4,55.0,66.14,17.0,3.4,42.5,51.11,6.0,1.2,15.0,18.04,7.0,1.4,17.5,21.04,3.0,0.6,7.5,9.02,10.0,2.0,25.0,30.06,3.0,0.6,7.5,9.02,3.0,0.6,7.5,9.02,2.0,0.4,5.0,6.01,5.0,1.0,12.5,15.03,7.0,1.4,17.5,21.04,3.0,0.6,7.5,9.02,4.0,0.8,10.0,12.02,2.0,0.4,5.0,6.01,5.0,1.0,12.5,15.03,1.0,0.2,2.5,3.01,2.0,0.4,5.0,6.01,1.0,0.2,2.5,3.01,3.0,0.6,7.5,9.02,42.5,55.0,-12.5,80.16,-5.0,-1.0,-12.5,11.98,2.4,0.44,0.46,0.43,0.3,0.67,0.1,0.83,0.56,0.7,0.63,2.5,5.0,0.02,7.5,0.18
2,新北國王,24|10871,蘇士軒/鍾理翔,3,37,45.0,498.16,8.3,08:18,166.05,2.77,02:46,17.0,5.67,37.78,73.71,18.0,6.0,40.0,78.05,17.0,5.67,37.78,73.71,5.0,1.67,11.11,21.68,10.0,3.33,22.22,43.36,4.0,1.33,8.89,17.34,7.0,2.33,15.56,30.35,1.0,0.33,2.22,4.34,9.0,3.0,20.0,39.02,6.0,2.0,13.33,26.02,6.0,2.0,13.33,26.02,8.0,2.67,17.78,34.69,1.0,0.33,2.22,4.34,5.0,1.67,11.11,21.68,4.0,1.33,8.89,17.34,2.0,0.67,4.44,8.67,4.0,1.33,8.89,17.34,0.0,0.0,0.0,0.0,3.0,1.0,6.67,13.01,9.0,3.0,20.0,39.02,37.78,40.0,-2.22,130.08,-1.0,-0.33,-2.22,8.3,2.77,0.32,0.41,0.4,0.14,0.67,0.16,0.4,0.55,0.89,0.7,8.89,0.0,0.07,20.0,0.53
2,新北國王,29|10871,林書緯/鍾理翔,2,12,14.0,156.88,2.61,02:37,78.44,1.31,01:18,8.0,4.0,57.14,110.15,4.0,2.0,28.57,55.07,6.0,3.0,42.86,82.61,2.0,1.0,14.29,27.54,3.0,1.5,21.43,41.31,1.0,0.5,7.14,13.77,3.0,1.5,21.43,41.31,1.0,0.5,7.14,13.77,4.0,2.0,28.57,55.07,3.0,1.5,21.43,41.31,2.0,1.0,14.29,27.54,3.0,1.5,21.43,41.31,0.0,0.0,0.0,0.0,2.0,1.0,14.29,27.54,0.0,0.0,0.0,0.0,1.0,0.5,7.14,13.77,0.0,0.0,0.0,0.0,0.0,0.0,0.0,0.0,2.0,1.0,14.29,27.54,4.0,2.0,28.57,55.07,57.14,28.57,28.57,128.51,4.0,2.0,28.57,2.61,1.31,0.42,0.52,0.33,0.33,0.75,0.0,0.5,0.5,1.0,0.71,0.0,0.0,0.14,28.57,0.67
2,新北國王,10871|14303,鍾理翔/喬丹,1,13,15.0,157.83,2.63,02:38,157.83,2.63,02:38,9.0,9.0,60.0,123.17,4.0,4.0,26.67,54.74,6.0,6.0,40.0,82.11,2.0,2.0,13.33,27.37,3.0,3.0,20.0,41.06,1.0,1.0,6.67,13.69,3.0,3.0,20.0,41.06,1.0,1.0,6.67,13.69,6.0,6.0,40.0,82.11,4.0,4.0,26.67,54.74,2.0,2.0,13.33,27.37,3.0,3.0,20.0,41.06,0.0,0.0,0.0,0.0,2.0,2.0,13.33,27.37,0.0,0.0,0.0,0.0,1.0,1.0,6.67,13.69,0.0,0.0,0.0,0.0,0.0,0.0,0.0,0.0,2.0,2.0,13.33,27.37,4.0,4.0,26.67,54.74,60.0,26.67,33.33,136.86,5.0,5.0,33.33,2.63,2.63,0.42,0.52,0.33,0.33,0.67,0.0,0.5,0.5,1.0,0.71,0.0,0.0,0.13,26.67,1.0
2,新北國王,34|14038,沃許本/飛米,10,643,765.0,10497.58,174.96,174:58,1049.76,17.5,17:30,322.0,32.2,42.09,66.26,357.0,35.7,46.67,73.46,270.0,27.0,35.29,55.56,119.0,11.9,15.56,24.49,189.0,18.9,24.71,38.89,95.0,9.5,12.42,19.55,81.0,8.1,10.59,16.67,24.0,2.4,3.14,4.94,72.0,7.2,9.41,14.81,60.0,6.0,7.84,12.35,42.0,4.2,5.49,8.64,114.0,11.4,14.9,23.46,53.0,5.3,6.93,10.91,111.0,11.1,14.51,22.84,56.0,5.6,7.32,11.52,77.0,7.7,10.07,15.84,27.0,2.7,3.53,5.56,12.0,1.2,1.57,2.47,71.0,7.1,9.28,14.61,59.0,5.9,7.71,12.14,42.09,46.67,-4.58,104.94,-35.0,-3.5,-4.58,174.96,17.5,0.49,0.53,0.5,0.3,0.83,0.16,0.65,0.27,0.68,0.49,3.53,1.57,0.09,7.71,0.27
2,新竹御嵿攻城獅,78|80,朱雲豪/田浩,3,102,123.0,1573.43,26.22,26:13,524.48,8.74,08:44,52.0,17.33,42.28,71.39,36.0,12.0,29.27,49.42,48.0,16.0,39.02,65.89,19.0,6.33,15.45,26.08,27.0,9.0,21.95,37.07,14.0,4.67,11.38,19.22,21.0,7.0,17.07,28.83,5.0,1.67,4.07,6.86,13.0,4.33,10.57,17.85,9.0,3.0,7.32,12.36,9.0,3.0,7.32,12.36,24.0,8.0,19.51,32.95,10.0,3.33,8.13,13.73,23.0,7.67,18.7,31.57,5.0,1.67,4.07,6.86,12.0,4.0,9.76,16.47,4.0,1.33,3.25,5.49,1.0,0.33,0.81,1.37,15.0,5.0,12.2,20.59,10.0,3.33,8.13,13.73,42.28,29.27,13.01,112.57,16.0,5.33,13.01,26.22,8.74,0.45,0.48,0.52,0.24,0.69,0.09,0.63,0.28,0.71,0.5,3.25,0.81,0.12,8.13,0.27
2,新北中信特攻,39|14707,魏嘉豪/金恩,2,48,54.0,1460.49,24.34,24:20,730.25,12.17,12:10,13.0,6.5,24.07,19.23,20.0,10.0,37.04,29.58,18.0,9.0,33.33,26.62,5.0,2.5,9.26,7.39,10.0,5.0,18.52,14.79,4.0,2.0,7.41,5.92,8.0,4.0,14.81,11.83,1.0,0.5,1.85,1.48,6.0,3.0,11.11,8.87,2.0,1.0,3.7,2.96,4.0,2.0,7.41,5.92,11.0,5.5,20.37,16.27,1.0,0.5,1.85,1.48,11.0,5.5,20.37,16.27,6.0,3.0,11.11,8.87,2.0,1.0,3.7,2.96,3.0,1.5,5.56,4.44,1.0,0.5,1.85,1.48,7.0,3.5,12.96,10.35,6.0,3.0,11.11,8.87,24.07,37.04,-12.96,53.24,-7.0,-3.5,-12.96,24.34,12.17,0.31,0.31,0.4,0.12,0.33,0.23,0.4,0.27,0.92,0.56,5.56,1.85,0.13,11.11,0.33
2,新北中信特攻,40|14707,謝亞軒/金恩,2,121,142.0,1860.22,31.0,31:00,930.11,15.5,15:30,53.0,26.5,37.32,61.54,71.0,35.5,50.0,82.44,55.0,27.5,38.73,63.86,18.0,9.0,12.68,20.9,31.0,15.5,21.83,36.0,10.0,5.0,7.04,11.61,24.0,12.0,16.9,27.87,8.0,4.0,5.63,9.29,11.0,5.5,7.75,12.77,9.0,4.5,6.34,10.45,13.0,6.5,9.15,15.09,26.0,13.0,18.31,30.19,7.0,3.5,4.93,8.13,14.0,7.0,9.86,16.26,11.0,5.5,7.75,12.77,14.0,7.0,9.86,16.26,9.0,4.5,6.34,10.45,3.0,1.5,2.11,3.48,13.0,6.5,9.15,15.09,18.0,9.0,12.68,20.9,37.32,50.0,-12.68,109.92,-18.0,-9.0,-12.68,31.0,15.5,0.4,0.44,0.32,0.33,0.82,0.16,0.78,0.48,0.79,0.65,6.34,2.11,0.09,12.68,0.2
2,新北中信特攻,44|14707,黃泓瀚/金恩,1,29,34.0,388.72,6.48,06:29,388.72,6.48,06:29,2.0,2.0,5.88,11.11,13.0,13.0,38.24,72.24,9.0,9.0,26.47,50.01,0.0,0.0,0.0,0.0,4.0,4.0,11.76,22.23,0.0,0.0,0.0,0.0,5.0,5.0,14.71,27.78,0.0,0.0,0.0,0.0,4.0,4.0,11.76,22.23,2.0,2.0,5.88,11.11,2.0,2.0,5.88,11.11,8.0,8.0,23.53,44.45,3.0,3.0,8.82,16.67,6.0,6.0,17.65,33.34,4.0,4.0,11.76,22.23,1.0,1.0,2.94,5.56,3.0,3.0,8.82,16.67,1.0,1.0,2.94,5.56,4.0,4.0,11.76,22.23,4.0,4.0,11.76,22.23,5.88,38.24,-32.35,125.95,-11.0,-11.0,-32.35,6.48,6.48,0.0,0.09,0.0,0.0,0.5,0.27,,0.25,0.73,0.53,8.82,2.94,0.12,11.76,0.44
2,新北中信特攻,8889|14707,馬可/金恩,2,114,131.0,1689.54,28.16,28:10,844.77,14.08,14:05,45.0,22.5,34.35,57.53,61.0,30.5,46.56,77.99,45.0,22.5,34.35,57.53,15.0,7.5,11.45,19.18,27.0,13.5,20.61,34.52,10.0,5.0,7.63,12.78,18.0,9.0,13.74,23.01,5.0,2.5,3.82,6.39,15.0,7.5,11.45,19.18,10.0,5.0,7.63,12.78,10.0,5.0,7.63,12.78,24.0,12.0,18.32,30.68,7.0,3.5,5.34,8.95,17.0,8.5,12.98,21.73,11.0,5.5,8.4,14.06,9.0,4.5,6.87,11.51,7.0,3.5,5.34,8.95,2.0,1.0,1.53,2.56,13.0,6.5,9.92,16.62,15.0,7.5,11.45,19.18,34.35,46.56,-12.21,111.65,-16.0,-8.0,-12.21,28.16,14.08,0.39,0.44,0.37,0.28,0.67,0.18,0.6,0.37,0.77,0.59,5.34,1.53,0.1,11.45,0.33
2,新北中信特攻,43|14707,林韋翰/金恩,2,109,126.0,1667.65,27.79,27:48,833.82,13.9,13:54,54.0,27.0,42.86,69.94,71.0,35.5,56.35,91.96,45.0,22.5,35.71,58.29,18.0,9.0,14.29,23.31,28.0,14.0,22.22,36.27,11.0,5.5,8.73,14.25,17.0,8.5,13.49,22.02,7.0,3.5,5.56,9.07,13.0,6.5,10.32,16.84,11.0,5.5,8.73,14.25,10.0,5.0,7.94,12.95,19.0,9.5,15.08,24.61,7.0,3.5,5.56,9.07,12.0,6.0,9.52,15.54,9.0,4.5,7.14,11.66,11.0,5.5,8.73,14.25,5.0,2.5,3.97,6.48,0.0,0.0,0.0,0.0,9.0,4.5,7.14,11.66,19.0,9.5,15.08,24.61,42.86,56.35,-13.49,108.8,-17.0,-8.5,-13.49,27.79,13.9,0.48,0.53,0.39,0.41,0.85,0.15,0.61,0.45,0.73,0.6,3.97,0.0,0.07,15.08,0.29
2,新北中信特攻,47|14707,曾文鼎/金恩,2,133,157.0,2885.02,48.08,48:05,1442.51,24.04,24:03,72.0,36.0,45.86,53.91,87.0,43.5,55.41,65.14,62.0,31.0,39.49,46.42,26.0,13.0,16.56,19.47,39.0,19.5,24.84,29.2,16.0,8.0,10.19,11.98,23.0,11.5,14.65,17.22,10.0,5.0,6.37,7.49,14.0,7.0,8.92,10.48,10.0,5.0,6.37,7.49,16.0,8.0,10.19,11.98,23.0,11.5,14.65,17.22,6.0,3.0,3.82,4.49,17.0,8.5,10.83,12.73,12.0,6.0,7.64,8.98,16.0,8.0,10.19,11.98,7.0,3.5,4.46,5.24,1.0,0.5,0.64,0.75,13.0,6.5,8.28,9.73,20.0,10.0,12.74,14.97,45.86,55.41,-9.55,78.36,-15.0,-7.5,-9.55,48.08,24.04,0.5,0.53,0.41,0.43,0.71,0.15,0.62,0.48,0.79,0.63,4.46,0.64,0.08,12.74,0.23
2,新北中信特攻,48|14707,李沛澄/金恩,1,17,22.0,293.43,4.89,04:53,293.43,4.89,04:53,10.0,10.0,45.45,73.61,6.0,6.0,27.27,44.17,10.0,10.0,45.45,73.61,3.0,3.0,13.64,22.08,7.0,7.0,31.82,51.53,2.0,2.0,9.09,14.72,3.0,3.0,13.64,22.08,1.0,1.0,4.55,7.36,5.0,5.0,22.73,36.81,3.0,3.0,13.64,22.08,4.0,4.0,18.18,29.44,4.0,4.0,18.18,29.44,1.0,1.0,4.55,7.36,4.0,4.0,18.18,29.44,0.0,0.0,0.0,0.0,2.0,2.0,9.09,14.72,0.0,0.0,0.0,0.0,0.0,0.0,0.0,0.0,3.0,3.0,13.64,22.08,2.0,2.0,9.09,14.72,45.45,27.27,18.18,107.96,4.0,4.0,18.18,4.89,4.89,0.35,0.41,0.29,0.33,0.6,0.0,0.67,0.5,0.8,0.62,0.0,0.0,0.14,9.09,0.5
2,新北中信特攻,10880|14707,內馬/金恩,2,72,88.0,1933.6,32.23,32:14,966.8,16.11,16:07,36.0,18.0,40.91,40.22,46.0,23.0,52.27,51.39,34.0,17.0,38.64,37.98,13.0,6.5,14.77,14.52,20.0,10.0,22.73,22.34,8.0,4.0,9.09,8.94,14.0,7.0,15.91,15.64,5.0,2.5,5.68,5.59,6.0,3.0,6.82,6.7,5.0,2.5,5.68,5.59,9.0,4.5,10.23,10.05,12.0,6.0,13.64,13.41,5.0,2.5,5.68,5.59,9.0,4.5,10.23,10.05,7.0,3.5,7.95,7.82,9.0,4.5,10.23,10.05,4.0,2.0,4.55,4.47,1.0,0.5,1.14,1.12,7.0,3.5,7.95,7.82,13.0,6.5,14.77,14.52,40.91,52.27,-11.36,65.54,-10.0,-5.0,-11.36,32.23,16.11,0.46,0.49,0.4,0.36,0.83,0.16,0.69,0.5,0.71,0.6,4.55,1.14,0.08,14.77,0.18
2,新北中信特攻,10879|14707,簡廷兆/金恩,2,70,87.0,1865.27,31.09,31:05,932.64,15.54,15:33,28.0,14.0,32.18,32.42,37.0,18.5,42.53,42.85,28.0,14.0,32.18,32.42,11.0,5.5,12.64,12.74,16.0,8.0,18.39,18.53,8.0,4.0,9.2,9.26,12.0,6.0,13.79,13.9,3.0,1.5,3.45,3.47,5.0,2.5,5.75,5.79,3.0,1.5,3.45,3.47,7.0,3.5,8.05,8.11,11.0,5.5,12.64,12.74,8.0,4.0,9.2,9.26,11.0,5.5,12.64,12.74,10.0,5.0,11.49,11.58,6.0,3.0,6.9,6.95,5.0,2.5,5.75,5.79,2.0,1.0,2.3,2.32,7.0,3.5,8.05,8.11,9.0,4.5,10.34,10.42,32.18,42.53,-10.34,67.16,-9.0,-4.5,-10.34,31.09,15.54,0.45,0.46,0.5,0.25,0.6,0.25,0.55,0.39,0.58,0.49,5.75,2.3,0.08,10.34,0.18
2,新北國王,10875|14303,傑登/喬丹,1,75,94.0,1148.51,19.14,19:09,1148.51,19.14,19:09,38.0,38.0,40.43,71.47,48.0,48.0,51.06,90.27,38.0,38.0,40.43,71.47,15.0,15.0,15.96,28.21,24.0,24.0,25.53,45.14,11.0,11.0,11.7,20.69,14.0,14.0,14.89,26.33,4.0,4.0,4.26,7.52,6.0,6.0,6.38,11.28,4.0,4.0,4.26,7.52,10.0,10.0,10.64,18.81,14.0,14.0,14.89,26.33,5.0,5.0,5.32,9.4,9.0,9.0,9.57,16.93,7.0,7.0,7.45,13.16,9.0,9.0,9.57,16.93,4.0,4.0,4.26,7.52,3.0,3.0,3.19,5.64,7.0,7.0,7.45,13.16,9.0,9.0,9.57,16.93,40.43,51.06,-10.64,117.86,-10.0,-10.0,-10.64,19.14,19.14,0.45,0.47,0.46,0.29,0.67,0.15,0.6,0.53,0.74,0.63,4.26,3.19,0.07,9.57,0.16
2,臺北台新戰神,1|14437,丁聖儒/弗利沙,3,188,221.0,3039.21,50.65,50:39,1013.07,16.88,16:53,103.0,34.33,46.61,73.2,110.0,36.67,49.77,78.18,89.0,29.67,40.27,63.25,37.0,12.33,16.74,26.3,51.0,17.0,23.08,36.25,26.0,8.67,11.76,18.48,38.0,12.67,17.19,27.01,11.0,3.67,4.98,7.82,24.0,8.0,10.86,17.06,18.0,6.0,8.14,12.79,20.0,6.67,9.05,14.21,32.0,10.67,14.48,22.74,7.0,2.33,3.17,4.97,26.0,8.67,11.76,18.48,16.0,5.33,7.24,11.37,34.0,11.33,15.38,24.16,9.0,3.0,4.07,6.4,6.0,2.0,2.71,4.26,25.0,8.33,11.31,17.77,24.0,8.0,10.86,17.06,46.61,49.77,-3.17,104.71,-7.0,-2.33,-3.17,50.65,16.88,0.48,0.52,0.51,0.29,0.75,0.14,0.92,0.43,0.82,0.61,4.07,2.71,0.11,10.86,0.27
2,臺北台新戰神,14|14437,錢肯尼/弗利沙,4,217,251.0,3528.07,58.8,58:48,882.02,14.7,14:42,94.0,23.5,37.45,57.55,115.0,28.75,45.82,70.41,105.0,26.25,41.83,64.28,35.0,8.75,13.94,21.43,71.0,17.75,28.29,43.47,28.0,7.0,11.16,17.14,34.0,8.5,13.55,20.82,7.0,1.75,2.79,4.29,26.0,6.5,10.36,15.92,17.0,4.25,6.77,10.41,21.0,5.25,8.37,12.86,53.0,13.25,21.12,32.45,5.0,1.25,1.99,3.06,39.0,9.75,15.54,23.88,13.0,3.25,5.18,7.96,28.0,7.0,11.16,17.14,6.0,1.5,2.39,3.67,7.0,1.75,2.79,4.29,22.0,5.5,8.76,13.47,23.0,5.75,9.16,14.08,37.45,45.82,-8.37,102.45,-21.0,-5.25,-8.37,58.8,14.7,0.37,0.4,0.39,0.21,0.65,0.1,0.8,0.35,0.91,0.63,2.39,2.79,0.09,9.16,0.25
2,臺北台新戰神,10864|14437,劉彥廷/弗利沙,4,120,141.0,1879.46,31.32,31:19,469.86,7.83,07:50,53.0,13.25,37.59,60.91,76.0,19.0,53.9,87.34,60.0,15.0,42.55,68.96,21.0,5.25,14.89,24.13,38.0,9.5,26.95,43.67,14.0,3.5,9.93,16.09,22.0,5.5,15.6,25.28,7.0,1.75,4.96,8.04,12.0,3.0,8.51,13.79,6.0,1.5,4.26,6.9,12.0,3.0,8.51,13.79,28.0,7.0,19.86,32.18,5.0,1.25,3.55,5.75,18.0,4.5,12.77,20.69,6.0,1.5,4.26,6.9,18.0,4.5,12.77,20.69,4.0,1.0,2.84,4.6,6.0,1.5,4.26,6.9,11.0,2.75,7.8,12.64,20.0,5.0,14.18,22.99,37.59,53.9,-16.31,108.03,-23.0,-5.75,-16.31,31.32,7.83,0.41,0.41,0.37,0.32,0.5,0.08,0.86,0.4,0.85,0.63,2.84,4.26,0.08,14.18,0.2
2,臺北台新戰神,10867|14437,威力斯/弗利沙,2,88,103.0,1360.13,22.67,22:40,680.07,11.33,11:20,54.0,27.0,52.43,85.76,48.0,24.0,46.6,76.23,41.0,20.5,39.81,65.11,20.0,10.0,19.42,31.76,27.0,13.5,26.21,42.88,15.0,7.5,14.56,23.82,14.0,7.0,13.59,22.23,5.0,2.5,4.85,7.94,13.0,6.5,12.62,20.65,9.0,4.5,8.74,14.29,11.0,5.5,10.68,17.47,12.0,6.0,11.65,19.06,1.0,0.5,0.97,1.59,11.0,5.5,10.68,17.47,9.0,4.5,8.74,14.29,18.0,9.0,17.48,28.59,6.0,3.0,5.83,9.53,2.0,1.0,1.94,3.18,9.0,4.5,8.74,14.29,6.0,3.0,5.83,9.53,52.43,46.6,5.83,109.05,6.0,3.0,5.83,22.67,11.33,0.55,0.58,0.56,0.36,0.69,0.16,0.9,0.5,0.92,0.66,5.83,1.94,0.09,5.83,0.32
2,臺北台新戰神,11|14437,蘇奕晉/弗利沙,2,78,94.0,1214.69,20.24,20:15,607.34,10.12,10:07,41.0,20.5,43.62,72.91,38.0,19.0,40.43,67.57,33.0,16.5,35.11,58.68,14.0,7.0,14.89,24.9,15.0,7.5,15.96,26.67,9.0,4.5,9.57,16.0,18.0,9.0,19.15,32.01,5.0,2.5,5.32,8.89,9.0,4.5,9.57,16.0,8.0,4.0,8.51,14.23,9.0,4.5,9.57,16.0,10.0,5.0,10.64,17.78,4.0,2.0,4.26,7.11,9.0,4.5,9.57,16.0,13.0,6.5,13.83,23.12,13.0,6.5,13.83,23.12,5.0,2.5,5.32,8.89,2.0,1.0,2.13,3.56,7.0,3.5,7.45,12.45,6.0,3.0,6.38,10.67,43.62,40.43,3.19,111.44,3.0,1.5,3.19,20.24,10.12,0.5,0.55,0.6,0.28,0.89,0.26,0.93,0.5,0.71,0.59,5.32,2.13,0.07,6.38,0.27
2,臺北台新戰神,10|14437,雷蒙恩/弗利沙,2,92,111.0,1541.74,25.7,25:42,770.87,12.85,12:51,49.0,24.5,44.14,68.65,40.0,20.0,36.04,56.04,36.0,18.0,32.43,50.44,16.0,8.0,14.41,22.42,23.0,11.5,20.72,32.22,11.0,5.5,9.91,15.41,13.0,6.5,11.71,18.21,5.0,2.5,4.5,7.01,19.0,9.5,17.12,26.62,12.0,6.0,10.81,16.81,12.0,6.0,10.81,16.81,10.0,5.0,9.01,14.01,6.0,3.0,5.41,8.41,18.0,9.0,16.22,25.22,14.0,7.0,12.61,19.61,12.0,6.0,10.81,16.81,7.0,3.5,6.31,9.81,3.0,1.5,2.7,4.2,12.0,6.0,10.81,16.81,9.0,4.5,8.11,12.61,44.14,36.04,8.11,103.68,9.0,4.5,8.11,25.7,12.85,0.51,0.55,0.48,0.38,0.63,0.24,0.75,0.4,0.62,0.48,6.31,2.7,0.11,8.11,0.53
2,新北國王,34|14303,沃許本/喬丹,1,50,59.0,786.74,13.11,13:07,786.74,13.11,13:07,25.0,25.0,42.37,68.64,21.0,21.0,35.59,57.66,21.0,21.0,35.59,57.66,10.0,10.0,16.95,27.45,18.0,18.0,30.51,49.42,9.0,9.0,15.25,24.71,3.0,3.0,5.08,8.24,1.0,1.0,1.69,2.75,6.0,6.0,10.17,16.47,4.0,4.0,6.78,10.98,5.0,5.0,8.47,13.73,7.0,7.0,11.86,19.22,5.0,5.0,8.47,13.73,8.0,8.0,13.56,21.96,4.0,4.0,6.78,10.98,5.0,5.0,8.47,13.73,3.0,3.0,5.08,8.24,1.0,1.0,1.69,2.75,6.0,6.0,10.17,16.47,5.0,5.0,8.47,13.73,42.37,35.59,6.78,107.99,4.0,4.0,6.78,13.11,13.11,0.5,0.53,0.5,0.33,0.67,0.14,0.5,0.38,0.58,0.48,5.08,1.69,0.1,8.47,0.29
2,臺北台新戰神,1|14845,丁聖儒/恩多,11,1075,1275.0,18382.76,306.38,306:23,1671.16,27.85,27:51,577.0,52.45,45.25,67.8,614.0,55.82,48.16,72.15,467.0,42.45,36.63,54.87,208.0,18.91,16.31,24.44,255.0,23.18,20.0,29.96,137.0,12.45,10.75,16.1,212.0,19.27,16.63,24.91,71.0,6.45,5.57,8.34,131.0,11.91,10.27,15.39,88.0,8.0,6.9,10.34,79.0,7.18,6.2,9.28,196.0,17.82,15.37,23.03,80.0,7.27,6.27,9.4,201.0,18.27,15.76,23.62,94.0,8.55,7.37,11.05,139.0,12.64,10.9,16.33,51.0,4.64,4.0,5.99,18.0,1.64,1.41,2.12,128.0,11.64,10.04,15.04,123.0,11.18,9.65,14.45,45.25,48.16,-2.9,99.88,-37.0,-3.36,-2.9,306.38,27.85,0.52,0.55,0.54,0.33,0.67,0.15,0.67,0.28,0.71,0.49,4.0,1.41,0.1,9.65,0.28
2,臺北台新戰神,10|14845,雷蒙恩/恩多,7,457,537.0,7493.44,124.89,124:53,1070.49,17.84,17:50,208.0,29.71,38.73,59.96,250.0,35.71,46.55,72.06,184.0,26.29,34.26,53.04,76.0,10.86,14.15,21.91,112.0,16.0,20.86,32.28,56.0,8.0,10.43,16.14,72.0,10.29,13.41,20.75,20.0,2.86,3.72,5.77,59.0,8.43,10.99,17.01,36.0,5.14,6.7,10.38,32.0,4.57,5.96,9.22,83.0,11.86,15.46,23.92,30.0,4.29,5.59,8.65,96.0,13.71,17.88,27.67,47.0,6.71,8.75,13.55,45.0,6.43,8.38,12.97,25.0,3.57,4.66,7.21,9.0,1.29,1.68,2.59,50.0,7.14,9.31,14.41,60.0,8.57,11.17,17.3,38.73,46.55,-7.82,103.19,-42.0,-6.0,-7.82,124.89,17.84,0.47,0.5,0.5,0.28,0.61,0.18,0.59,0.25,0.73,0.48,4.66,1.68,0.09,11.17,0.32
2,臺北台新戰神,14|14845,錢肯尼/恩多,13,985,1168.0,16567.46,276.12,276:07,1274.42,21.24,21:14,513.0,39.46,43.92,66.88,564.0,43.38,48.29,73.53,424.0,32.62,36.3,55.28,187.0,14.38,16.01,24.38,239.0,18.38,20.46,31.16,123.0,9.46,10.53,16.04,185.0,14.23,15.84,24.12,64.0,4.92,5.48,8.34,118.0,9.08,10.1,15.38,77.0,5.92,6.59,10.04,71.0,5.46,6.08,9.26,185.0,14.23,15.84,24.12,76.0,5.85,6.51,9.91,188.0,14.46,16.1,24.51,85.0,6.54,7.28,11.08,116.0,8.92,9.93,15.12,51.0,3.92,4.37,6.65,23.0,1.77,1.97,3.0,112.0,8.62,9.59,14.6,103.0,7.92,8.82,13.43,43.92,48.29,-4.37,101.52,-51.0,-3.92,-4.37,276.12,21.24,0.52,0.54,0.51,0.35,0.65,0.15,0.62,0.27,0.71,0.49,4.37,1.97,0.1,8.82,0.28
2,臺北台新戰神,10867|14845,威力斯/恩多,8,355,410.0,5874.45,97.91,97:54,734.31,12.24,12:14,173.0,21.62,42.2,63.61,193.0,24.12,47.07,70.96,150.0,18.75,36.59,55.15,67.0,8.38,16.34,24.64,90.0,11.25,21.95,33.09,48.0,6.0,11.71,17.65,60.0,7.5,14.63,22.06,19.0,2.38,4.63,6.99,35.0,4.38,8.54,12.87,20.0,2.5,4.88,7.35,20.0,2.5,4.88,7.35,70.0,8.75,17.07,25.74,20.0,2.5,4.88,7.35,77.0,9.62,18.78,28.31,29.0,3.62,7.07,10.66,39.0,4.88,9.51,14.34,16.0,2.0,3.9,5.88,3.0,0.38,0.73,1.1,35.0,4.38,8.54,12.87,42.0,5.25,10.24,15.44,42.2,47.07,-4.88,100.5,-20.0,-2.5,-4.88,97.91,12.24,0.51,0.52,0.53,0.32,0.57,0.15,0.58,0.21,0.78,0.48,3.9,0.73,0.09,10.24,0.23
2,臺北台新戰神,10865|14845,謝銘駿/恩多,9,382,447.0,6250.2,104.17,104:10,694.47,11.57,11:34,191.0,21.22,42.73,66.01,239.0,26.56,53.47,82.6,150.0,16.67,33.56,51.84,65.0,7.22,14.54,22.46,79.0,8.78,17.67,27.3,42.0,4.67,9.4,14.51,71.0,7.89,15.88,24.54,23.0,2.56,5.15,7.95,55.0,6.11,12.3,19.01,38.0,4.22,8.5,13.13,16.0,1.78,3.58,5.53,76.0,8.44,17.0,26.26,30.0,3.33,6.71,10.37,71.0,7.89,15.88,24.54,33.0,3.67,7.38,11.4,40.0,4.44,8.95,13.82,21.0,2.33,4.7,7.26,5.0,0.56,1.12,1.73,45.0,5.0,10.07,15.55,53.0,5.89,11.86,18.32,42.73,53.47,-10.74,102.99,-48.0,-5.33,-10.74,104.17,11.57,0.51,0.55,0.53,0.32,0.69,0.16,0.62,0.18,0.72,0.48,4.7,1.12,0.1,11.86,0.37
2,臺北台新戰神,13|14437,陳冠全/弗利沙,3,48,53.0,728.24,12.14,12:08,242.75,4.05,04:03,20.0,6.67,37.74,59.32,29.0,9.67,54.72,86.02,18.0,6.0,33.96,53.39,7.0,2.33,13.21,20.76,14.0,4.67,26.42,41.53,5.0,1.67,9.43,14.83,4.0,1.33,7.55,11.86,2.0,0.67,3.77,5.93,2.0,0.67,3.77,5.93,2.0,0.67,3.77,5.93,1.0,0.33,1.89,2.97,10.0,3.33,18.87,29.66,2.0,0.67,3.77,5.93,10.0,3.33,18.87,29.66,4.0,1.33,7.55,11.86,5.0,1.67,9.43,14.83,2.0,0.67,3.77,5.93,0.0,0.0,0.0,0.0,2.0,0.67,3.77,5.93,8.0,2.67,15.09,23.73,37.74,54.72,-16.98,104.8,-9.0,-3.0,-16.98,12.14,4.05,0.44,0.53,0.36,0.5,1.0,0.17,0.71,0.09,0.83,0.48,3.77,0.0,0.04,15.09,0.11
2,臺北台新戰神,13|14845,陳冠全/恩多,6,159,186.0,2699.65,44.99,45:00,449.94,7.5,07:30,86.0,14.33,46.24,68.81,97.0,16.17,52.15,77.61,68.0,11.33,36.56,54.41,28.0,4.67,15.05,22.4,37.0,6.17,19.89,29.6,17.0,2.83,9.14,13.6,31.0,5.17,16.67,24.8,11.0,1.83,5.91,8.8,18.0,3.0,9.68,14.4,15.0,2.5,8.06,12.0,10.0,1.67,5.38,8.0,33.0,5.5,17.74,26.4,13.0,2.17,6.99,10.4,32.0,5.33,17.2,25.6,11.0,1.83,5.91,8.8,17.0,2.83,9.14,13.6,6.0,1.0,3.23,4.8,6.0,1.0,3.23,4.8,17.0,2.83,9.14,13.6,14.0,2.33,7.53,11.2,46.24,52.15,-5.91,99.21,-11.0,-1.83,-5.91,44.99,7.5,0.49,0.57,0.46,0.35,0.83,0.13,0.61,0.24,0.72,0.49,3.23,3.23,0.09,7.53,0.26
2,臺北台新戰神,14437|14845,弗利沙/恩多,4,238,279.0,3923.31,65.39,65:23,980.83,16.35,16:21,95.0,23.75,34.05,52.3,128.0,32.0,45.88,70.47,106.0,26.5,37.99,58.36,33.0,8.25,11.83,18.17,62.0,15.5,22.22,34.13,23.0,5.75,8.24,12.66,44.0,11.0,15.77,24.22,10.0,2.5,3.58,5.51,27.0,6.75,9.68,14.86,19.0,4.75,6.81,10.46,20.0,5.0,7.17,11.01,53.0,13.25,19.0,29.18,12.0,3.0,4.3,6.61,46.0,11.5,16.49,25.33,22.0,5.5,7.89,12.11,25.0,6.25,8.96,13.76,11.0,2.75,3.94,6.06,9.0,2.25,3.23,4.95,28.0,7.0,10.04,15.42,31.0,7.75,11.11,17.07,34.05,45.88,-11.83,102.4,-33.0,-8.25,-11.83,65.39,16.35,0.36,0.4,0.37,0.23,0.7,0.16,0.76,0.3,0.82,0.56,3.94,3.23,0.1,11.11,0.25
2,臺北台新戰神,10864|14845,劉彥廷/恩多,9,331,402.0,6064.29,101.07,101:04,673.81,11.23,11:14,163.0,18.11,40.55,58.06,196.0,21.78,48.76,69.81,136.0,15.11,33.83,48.44,55.0,6.11,13.68,19.59,69.0,7.67,17.16,24.58,33.0,3.67,8.21,11.75,67.0,7.44,16.67,23.86,22.0,2.44,5.47,7.84,52.0,5.78,12.94,18.52,35.0,3.89,8.71,12.47,23.0,2.56,5.72,8.19,62.0,6.89,15.42,22.08,32.0,3.56,7.96,11.4,58.0,6.44,14.43,20.66,31.0,3.44,7.71,11.04,41.0,4.56,10.2,14.6,17.0,1.89,4.23,6.06,11.0,1.22,2.74,3.92,40.0,4.44,9.95,14.25,47.0,5.22,11.69,16.74,40.55,48.76,-8.21,95.46,-33.0,-3.67,-8.21,101.07,11.23,0.49,0.51,0.48,0.33,0.67,0.16,0.75,0.28,0.66,0.49,4.23,2.74,0.1,11.69,0.38
2,臺北台新戰神,5|14845,黃聰翰/恩多,13,1027,1234.0,18225.3,303.76,303:45,1401.95,23.37,23:22,552.0,42.46,44.73,65.42,570.0,43.85,46.19,67.55,457.0,35.15,37.03,54.16,203.0,15.62,16.45,24.06,262.0,20.15,21.23,31.05,131.0,10.08,10.62,15.53,195.0,15.0,15.8,23.11,72.0,5.54,5.83,8.53,119.0,9.15,9.64,14.1,74.0,5.69,6.0,8.77,81.0,6.23,6.56,9.6,187.0,14.38,15.15,22.16,78.0,6.0,6.32,9.24,197.0,15.15,15.96,23.35,89.0,6.85,7.21,10.55,126.0,9.69,10.21,14.93,47.0,3.62,3.81,5.57,25.0,1.92,2.03,2.96,116.0,8.92,9.4,13.75,116.0,8.92,9.4,13.75,44.73,46.19,-1.46,97.5,-18.0,-1.38,-1.46,303.76,23.37,0.52,0.54,0.5,0.37,0.62,0.15,0.62,0.29,0.71,0.49,3.81,2.03,0.09,9.4,0.26
2,臺北台新戰神,5|14437,黃聰翰/弗利沙,4,188,216.0,3072.09,51.2,51:12,768.02,12.8,12:48,79.0,19.75,36.57,55.55,94.0,23.5,43.52,66.09,82.0,20.5,37.96,57.65,29.0,7.25,13.43,20.39,46.0,11.5,21.3,32.34,19.0,4.75,8.8,13.36,36.0,9.0,16.67,25.31,10.0,2.5,4.63,7.03,15.0,3.75,6.94,10.55,11.0,2.75,5.09,7.73,13.0,3.25,6.02,9.14,38.0,9.5,17.59,26.72,6.0,1.5,2.78,4.22,39.0,9.75,18.06,27.42,20.0,5.0,9.26,14.06,21.0,5.25,9.72,14.77,11.0,2.75,5.09,7.73,6.0,1.5,2.78,4.22,19.0,4.75,8.8,13.36,23.0,5.75,10.65,16.17,36.57,43.52,-6.94,101.25,-15.0,-3.75,-6.94,51.2,12.8,0.41,0.45,0.41,0.28,0.73,0.18,0.72,0.25,0.86,0.53,5.09,2.78,0.09,10.65,0.18
2,臺北台新戰神,11|14845,蘇奕晉/恩多,2,74,86.0,1170.82,19.51,19:31,585.41,9.76,09:45,36.0,18.0,41.86,66.41,35.0,17.5,40.7,64.57,35.0,17.5,40.7,64.57,13.0,6.5,15.12,23.98,12.0,6.0,13.95,22.14,5.0,2.5,5.81,9.22,23.0,11.5,26.74,42.43,8.0,4.0,9.3,14.76,5.0,2.5,5.81,9.22,2.0,1.0,2.33,3.69,8.0,4.0,9.3,14.76,15.0,7.5,17.44,27.67,3.0,1.5,3.49,5.53,13.0,6.5,15.12,23.98,10.0,5.0,11.63,18.45,11.0,5.5,12.79,20.29,3.0,1.5,3.49,5.53,2.0,1.0,2.33,3.69,5.0,2.5,5.81,9.22,6.0,3.0,6.98,11.07,41.86,40.7,1.16,105.77,1.0,0.5,1.16,19.51,9.76,0.49,0.48,0.42,0.35,0.4,0.21,0.85,0.38,0.83,0.59,3.49,2.33,0.06,6.98,0.14
2,高雄全家海神,51|14844,克力斯/杭特,6,389,460.0,7079.27,117.99,117:59,1179.88,19.66,19:40,211.0,35.17,45.87,64.38,227.0,37.83,49.35,69.26,166.0,27.67,36.09,50.65,75.0,12.5,16.3,22.88,94.0,15.67,20.43,28.68,49.0,8.17,10.65,14.95,72.0,12.0,15.65,21.97,26.0,4.33,5.65,7.93,49.0,8.17,10.65,14.95,33.0,5.5,7.17,10.07,26.0,4.33,5.65,7.93,73.0,12.17,15.87,22.27,29.0,4.83,6.3,8.85,75.0,12.5,16.3,22.88,30.0,5.0,6.52,9.15,34.0,5.67,7.39,10.37,18.0,3.0,3.91,5.49,6.0,1.0,1.3,1.83,52.0,8.67,11.3,15.87,38.0,6.33,8.26,11.59,45.87,49.35,-3.48,93.57,-16.0,-2.67,-3.48,117.99,19.66,0.53,0.56,0.52,0.36,0.67,0.14,0.45,0.26,0.72,0.49,3.91,1.3,0.11,8.26,0.3
2,高雄全家海神,109|14844,于煥亞/杭特,4,268,319.0,4644.58,77.41,77:25,1161.14,19.35,19:21,131.0,32.75,41.07,60.92,137.0,34.25,42.95,63.71,121.0,30.25,37.93,56.27,45.0,11.25,14.11,20.93,69.0,17.25,21.63,32.09,27.0,6.75,8.46,12.56,52.0,13.0,16.3,24.18,18.0,4.5,5.64,8.37,34.0,8.5,10.66,15.81,23.0,5.75,7.21,10.7,18.0,4.5,5.64,8.37,59.0,14.75,18.5,27.44,22.0,5.5,6.9,10.23,51.0,12.75,15.99,23.72,17.0,4.25,5.33,7.91,23.0,5.75,7.21,10.7,9.0,2.25,2.82,4.19,5.0,1.25,1.57,2.33,36.0,9.0,11.29,16.74,44.0,11.0,13.79,20.46,41.07,42.95,-1.88,98.9,-6.0,-1.5,-1.88,77.41,19.35,0.45,0.48,0.39,0.35,0.68,0.11,0.51,0.26,0.73,0.51,2.82,1.57,0.11,13.79,0.28
2,高雄全家海神,110|14844,胡瓏貿/杭特,8,708,834.0,12796.03,213.27,213:16,1599.5,26.66,26:40,395.0,49.38,47.36,66.68,379.0,47.38,45.44,63.98,310.0,38.75,37.17,52.33,136.0,17.0,16.31,22.96,172.0,21.5,20.62,29.03,81.0,10.12,9.71,13.67,138.0,17.25,16.55,23.29,55.0,6.88,6.59,9.28,98.0,12.25,11.75,16.54,66.0,8.25,7.91,11.14,42.0,5.25,5.04,7.09,138.0,17.25,16.55,23.29,58.0,7.25,6.95,9.79,128.0,16.0,15.35,21.61,49.0,6.12,5.88,8.27,79.0,9.88,9.47,13.34,30.0,3.75,3.6,5.06,15.0,1.88,1.8,2.53,96.0,12.0,11.51,16.21,76.0,9.5,9.11,12.83,47.36,45.44,1.92,93.85,16.0,2.0,1.92,213.27,26.66,0.53,0.56,0.47,0.4,0.67,0.12,0.58,0.25,0.7,0.49,3.6,1.8,0.12,9.11,0.32
2,高雄全家海神,118|14844,蘇文儒/杭特,9,1021,1214.0,20224.49,337.07,337:04,2247.17,37.45,37:27,560.0,62.22,46.13,59.81,578.0,64.22,47.61,61.73,454.0,50.44,37.4,48.49,201.0,22.33,16.56,21.47,272.0,30.22,22.41,29.05,137.0,15.22,11.29,14.63,182.0,20.22,14.99,19.44,64.0,7.11,5.27,6.84,141.0,15.67,11.61,15.06,97.0,10.78,7.99,10.36,63.0,7.0,5.19,6.73,202.0,22.44,16.64,21.57,78.0,8.67,6.43,8.33,187.0,20.78,15.4,19.97,64.0,7.11,5.27,6.84,112.0,12.44,9.23,11.96,37.0,4.11,3.05,3.95,25.0,2.78,2.06,2.67,135.0,15.0,11.12,14.42,137.0,15.22,11.29,14.63,46.13,47.61,-1.48,86.44,-18.0,-2.0,-1.48,337.07,37.45,0.51,0.54,0.5,0.35,0.69,0.11,0.56,0.25,0.72,0.5,3.05,2.06,0.11,11.29,0.31
2,福爾摩沙夢想家,10890|13906,湯普金斯/班提爾,9,590,686.0,10338.47,172.31,172:18,1148.72,19.15,19:09,325.0,36.11,47.38,67.9,301.0,33.44,43.88,62.89,259.0,28.78,37.76,54.11,114.0,12.67,16.62,23.82,148.0,16.44,21.57,30.92,74.0,8.22,10.79,15.46,111.0,12.33,16.18,23.19,40.0,4.44,5.83,8.36,77.0,8.56,11.22,16.09,57.0,6.33,8.31,11.91,41.0,4.56,5.98,8.57,110.0,12.22,16.03,22.98,29.0,3.22,4.23,6.06,113.0,12.56,16.47,23.61,42.0,4.67,6.12,8.77,72.0,8.0,10.5,15.04,25.0,2.78,3.64,5.22,7.0,0.78,1.02,1.46,67.0,7.44,9.77,14.0,68.0,7.56,9.91,14.21,47.38,43.88,3.5,95.55,24.0,2.67,3.5,172.31,19.15,0.52,0.55,0.5,0.36,0.74,0.13,0.63,0.27,0.79,0.52,3.64,1.02,0.1,9.91,0.3
2,高雄全家海神,118|13399,蘇文儒/賽克維奇,3,191,232.0,3258.98,54.32,54:19,1086.33,18.11,18:06,97.0,32.33,41.81,64.29,124.0,41.33,53.45,82.19,77.0,25.67,33.19,51.03,34.0,11.33,14.66,22.53,45.0,15.0,19.4,29.83,21.0,7.0,9.05,13.92,32.0,10.67,13.79,21.21,13.0,4.33,5.6,8.62,26.0,8.67,11.21,17.23,16.0,5.33,6.9,10.6,12.0,4.0,5.17,7.95,35.0,11.67,15.09,23.2,19.0,6.33,8.19,12.59,26.0,8.67,11.21,17.23,20.0,6.67,8.62,13.26,16.0,5.33,6.9,10.6,12.0,4.0,5.17,7.95,1.0,0.33,0.43,0.66,20.0,6.67,8.62,13.26,35.0,11.67,15.09,23.2,41.81,53.45,-11.64,102.51,-27.0,-9.0,-11.64,54.32,18.11,0.53,0.55,0.47,0.41,0.62,0.18,0.47,0.32,0.65,0.51,5.17,0.43,0.09,15.09,0.34
2,高雄全家海神,13399|14844,賽克維奇/杭特,2,84,103.0,1566.51,26.11,26:07,783.26,13.05,13:03,39.0,19.5,37.86,53.78,50.0,25.0,48.54,68.94,42.0,21.0,40.78,57.91,15.0,7.5,14.56,20.68,27.0,13.5,26.21,37.23,10.0,5.0,9.71,13.79,15.0,7.5,14.56,20.68,5.0,2.5,4.85,6.89,6.0,3.0,5.83,8.27,4.0,2.0,3.88,5.52,7.0,3.5,6.8,9.65,21.0,10.5,20.39,28.96,10.0,5.0,9.71,13.79,10.0,5.0,9.71,13.79,5.0,2.5,4.85,6.89,7.0,3.5,6.8,9.65,3.0,1.5,2.91,4.14,3.0,1.5,2.91,4.14,4.0,2.0,3.88,5.52,17.0,8.5,16.5,23.44,37.86,48.54,-10.68,94.68,-11.0,-5.5,-10.68,26.11,13.05,0.42,0.44,0.37,0.33,0.67,0.1,0.47,0.41,0.68,0.58,2.91,2.91,0.04,16.5,0.14
2,高雄全家海神,116|14844,呂威霆/杭特,7,335,407.0,7887.23,131.45,131:27,1126.75,18.78,18:47,173.0,24.71,42.51,47.38,190.0,27.14,46.68,52.03,155.0,22.14,38.08,42.45,63.0,9.0,15.48,17.25,97.0,13.86,23.83,26.56,48.0,6.86,11.79,13.15,58.0,8.29,14.25,15.88,15.0,2.14,3.69,4.11,49.0,7.0,12.04,13.42,32.0,4.57,7.86,8.76,27.0,3.86,6.63,7.39,73.0,10.43,17.94,19.99,23.0,3.29,5.65,6.3,61.0,8.71,14.99,16.71,20.0,2.86,4.91,5.48,42.0,6.0,10.32,11.5,15.0,2.14,3.69,4.11,14.0,2.0,3.44,3.83,43.0,6.14,10.57,11.78,54.0,7.71,13.27,14.79,42.51,46.68,-4.18,74.31,-17.0,-2.43,-4.18,131.45,18.78,0.45,0.49,0.49,0.26,0.65,0.1,0.67,0.31,0.76,0.54,3.69,3.44,0.11,13.27,0.32
2,高雄全家海神,121|14844,吳曉謹/杭特,7,570,682.0,11753.14,195.89,195:53,1679.02,27.98,27:59,323.0,46.14,47.36,59.36,331.0,47.29,48.53,60.83,260.0,37.14,38.12,47.78,117.0,16.71,17.16,21.5,159.0,22.71,23.31,29.22,83.0,11.86,12.17,15.25,101.0,14.43,14.81,18.56,34.0,4.86,4.99,6.25,85.0,12.14,12.46,15.62,59.0,8.43,8.65,10.84,44.0,6.29,6.45,8.09,111.0,15.86,16.28,20.4,41.0,5.86,6.01,7.54,102.0,14.57,14.96,18.75,37.0,5.29,5.43,6.8,77.0,11.0,11.29,14.15,22.0,3.14,3.23,4.04,18.0,2.57,2.64,3.31,72.0,10.29,10.56,13.23,84.0,12.0,12.32,15.44,47.36,48.53,-1.17,83.56,-8.0,-1.14,-1.17,195.89,27.98,0.52,0.54,0.52,0.34,0.69,0.11,0.66,0.3,0.73,0.52,3.23,2.64,0.11,12.32,0.33
2,高雄全家海神,122|14844,陳懷安/杭特,2,15,20.0,236.29,3.94,03:56,118.15,1.97,01:58,7.0,3.5,35.0,63.99,14.0,7.0,70.0,127.98,5.0,2.5,25.0,45.71,1.0,0.5,5.0,9.14,3.0,1.5,15.0,27.42,1.0,0.5,5.0,9.14,2.0,1.0,10.0,18.28,0.0,0.0,0.0,0.0,5.0,2.5,25.0,45.71,4.0,2.0,20.0,36.56,2.0,1.0,10.0,18.28,2.0,1.0,10.0,18.28,1.0,0.5,5.0,9.14,1.0,0.5,5.0,9.14,3.0,1.5,15.0,27.42,0.0,0.0,0.0,0.0,1.0,0.5,5.0,9.14,0.0,0.0,0.0,0.0,4.0,2.0,20.0,36.56,6.0,3.0,30.0,54.85,35.0,70.0,-35.0,121.88,-7.0,-3.5,-35.0,3.94,1.97,0.2,0.49,0.33,0.0,0.8,0.29,0.0,0.67,0.67,0.67,5.0,0.0,0.2,30.0,1.0
2,高雄全家海神,119|14844,余純安/杭特,4,121,145.0,1880.53,31.34,31:21,470.13,7.84,07:50,61.0,15.25,42.07,70.07,61.0,15.25,42.07,70.07,55.0,13.75,37.93,63.17,18.0,4.5,12.41,20.68,31.0,7.75,21.38,35.61,12.0,3.0,8.28,13.78,24.0,6.0,16.55,27.57,6.0,1.5,4.14,6.89,24.0,6.0,16.55,27.57,15.0,3.75,10.34,17.23,14.0,3.5,9.66,16.08,28.0,7.0,19.31,32.16,7.0,1.75,4.83,8.04,21.0,5.25,14.48,24.12,7.0,1.75,4.83,8.04,10.0,2.5,6.9,11.49,6.0,1.5,4.14,6.89,1.0,0.25,0.69,1.15,17.0,4.25,11.72,19.53,21.0,5.25,14.48,24.12,42.07,42.07,0.0,111.03,0.0,0.0,0.0,31.34,7.84,0.38,0.47,0.39,0.25,0.62,0.1,0.56,0.4,0.8,0.6,4.14,0.69,0.12,14.48,0.44
2,新竹御嵿攻城獅,75|13778,高國豪/辛巴,1,95,113.0,1449.02,24.15,24:09,1449.02,24.15,24:09,48.0,48.0,42.48,71.55,49.0,49.0,43.36,73.04,37.0,37.0,32.74,55.15,17.0,17.0,15.04,25.34,27.0,27.0,23.89,40.25,12.0,12.0,10.62,17.89,10.0,10.0,8.85,14.91,5.0,5.0,4.42,7.45,16.0,16.0,14.16,23.85,9.0,9.0,7.96,13.42,7.0,7.0,6.19,10.43,16.0,16.0,14.16,23.85,5.0,5.0,4.42,7.45,18.0,18.0,15.93,26.83,10.0,10.0,8.85,14.91,8.0,8.0,7.08,11.93,6.0,6.0,5.31,8.94,0.0,0.0,0.0,0.0,12.0,12.0,10.62,17.89,7.0,7.0,6.19,10.43,42.48,43.36,-0.88,112.3,-1.0,-1.0,-0.88,24.15,24.15,0.53,0.54,0.44,0.5,0.56,0.19,0.47,0.28,0.76,0.5,5.31,0.0,0.11,6.19,0.43
2,新竹御嵿攻城獅,76|13778,曾柏喻/辛巴,1,58,70.0,898.68,14.98,14:59,898.68,14.98,14:59,32.0,32.0,45.71,76.91,40.0,40.0,57.14,96.14,24.0,24.0,34.29,57.68,11.0,11.0,15.71,26.44,18.0,18.0,25.71,43.26,8.0,8.0,11.43,19.23,6.0,6.0,8.57,14.42,3.0,3.0,4.29,7.21,11.0,11.0,15.71,26.44,7.0,7.0,10.0,16.82,6.0,6.0,8.57,14.42,9.0,9.0,12.86,21.63,2.0,2.0,2.86,4.81,6.0,6.0,8.57,14.42,6.0,6.0,8.57,14.42,5.0,5.0,7.14,12.02,5.0,5.0,7.14,12.02,0.0,0.0,0.0,0.0,8.0,8.0,11.43,19.23,4.0,4.0,5.71,9.61,45.71,57.14,-11.43,112.16,-8.0,-8.0,-11.43,14.98,14.98,0.52,0.55,0.44,0.5,0.64,0.17,0.45,0.5,0.82,0.65,7.14,0.0,0.11,5.71,0.46
2,新竹御嵿攻城獅,10885|13778,劉丞勳/辛巴,1,71,88.0,1119.51,18.66,18:40,1119.51,18.66,18:40,38.0,38.0,43.18,73.32,42.0,42.0,47.73,81.04,31.0,31.0,35.23,59.81,14.0,14.0,15.91,27.01,23.0,23.0,26.14,44.38,11.0,11.0,12.5,21.22,8.0,8.0,9.09,15.44,3.0,3.0,3.41,5.79,14.0,14.0,15.91,27.01,7.0,7.0,7.95,13.51,8.0,8.0,9.09,15.44,12.0,12.0,13.64,23.15,4.0,4.0,4.55,7.72,10.0,10.0,11.36,19.29,7.0,7.0,7.95,13.51,8.0,8.0,9.09,15.44,6.0,6.0,6.82,11.58,1.0,1.0,1.14,1.93,10.0,10.0,11.36,19.29,6.0,6.0,6.82,11.58,43.18,47.73,-4.55,113.19,-4.0,-4.0,-4.55,18.66,18.66,0.5,0.51,0.48,0.38,0.5,0.16,0.57,0.44,0.75,0.59,6.82,1.14,0.11,6.82,0.45
2,新竹御嵿攻城獅,10887|13778,德魯/辛巴,1,67,81.0,1028.68,17.14,17:09,1028.68,17.14,17:09,34.0,34.0,41.98,71.39,45.0,45.0,55.56,94.49,30.0,30.0,37.04,62.99,12.0,12.0,14.81,25.2,23.0,23.0,28.4,48.29,9.0,9.0,11.11,18.9,7.0,7.0,8.64,14.7,3.0,3.0,3.7,6.3,11.0,11.0,13.58,23.1,7.0,7.0,8.64,14.7,7.0,7.0,8.64,14.7,13.0,13.0,16.05,27.3,2.0,2.0,2.47,4.2,8.0,8.0,9.88,16.8,6.0,6.0,7.41,12.6,6.0,6.0,7.41,12.6,5.0,5.0,6.17,10.5,0.0,0.0,0.0,0.0,9.0,9.0,11.11,18.9,7.0,7.0,8.64,14.7,41.98,55.56,-13.58,113.39,-11.0,-11.0,-13.58,17.14,17.14,0.45,0.49,0.39,0.43,0.64,0.15,0.5,0.47,0.87,0.67,6.17,0.0,0.11,8.64,0.37
2,新竹御嵿攻城獅,75|14843,高國豪/馬力,13,986,1175.0,16556.47,275.94,275:56,1273.57,21.23,21:14,524.0,40.31,44.6,68.36,479.0,36.85,40.77,62.49,436.0,33.54,37.11,56.88,189.0,14.54,16.09,24.66,256.0,19.69,21.79,33.4,133.0,10.23,11.32,17.35,180.0,13.85,15.32,23.48,56.0,4.31,4.77,7.31,128.0,9.85,10.89,16.7,90.0,6.92,7.66,11.74,79.0,6.08,6.72,10.31,184.0,14.15,15.66,24.01,72.0,5.54,6.13,9.39,215.0,16.54,18.3,28.05,79.0,6.08,6.72,10.31,126.0,9.69,10.72,16.44,51.0,3.92,4.34,6.65,16.0,1.23,1.36,2.09,133.0,10.23,11.32,17.35,106.0,8.15,9.02,13.83,44.6,40.77,3.83,102.2,45.0,3.46,3.83,275.94,21.23,0.5,0.53,0.52,0.31,0.7,0.14,0.67,0.27,0.72,0.48,4.34,1.36,0.11,9.02,0.29
2,新竹御嵿攻城獅,76|14843,曾柏喻/馬力,12,849,1023.0,14670.37,244.51,244:30,1222.53,20.38,20:23,479.0,39.92,46.82,70.53,434.0,36.17,42.42,63.9,384.0,32.0,37.54,56.54,176.0,14.67,17.2,25.91,238.0,19.83,23.26,35.04,121.0,10.08,11.83,17.82,146.0,12.17,14.27,21.5,55.0,4.58,5.38,8.1,97.0,8.08,9.48,14.28,70.0,5.83,6.84,10.31,76.0,6.33,7.43,11.19,144.0,12.0,14.08,21.2,73.0,6.08,7.14,10.75,181.0,15.08,17.69,26.65,68.0,5.67,6.65,10.01,125.0,10.42,12.22,18.4,39.0,3.25,3.81,5.74,15.0,1.25,1.47,2.21,108.0,9.0,10.56,15.9,86.0,7.17,8.41,12.66,46.82,42.42,4.4,100.41,45.0,3.75,4.4,244.51,20.38,0.53,0.56,0.51,0.38,0.72,0.14,0.71,0.3,0.66,0.46,3.81,1.47,0.11,8.41,0.25
2,新竹御嵿攻城獅,90|14843,李啓瑋/馬力,5,139,165.0,2246.25,37.44,37:26,449.25,7.49,07:29,65.0,13.0,39.39,62.5,71.0,14.2,43.03,68.27,63.0,12.6,38.18,60.58,25.0,5.0,15.15,24.04,32.0,6.4,19.39,30.77,17.0,3.4,10.3,16.35,31.0,6.2,18.79,29.81,8.0,1.6,4.85,7.69,12.0,2.4,7.27,11.54,7.0,1.4,4.24,6.73,12.0,2.4,7.27,11.54,28.0,5.6,16.97,26.92,12.0,2.4,7.27,11.54,28.0,5.6,16.97,26.92,12.0,2.4,7.27,11.54,21.0,4.2,12.73,20.19,7.0,1.4,4.24,6.73,1.0,0.2,0.61,0.96,15.0,3.0,9.09,14.42,13.0,2.6,7.88,12.5,39.39,43.03,-3.64,105.78,-6.0,-1.2,-3.64,37.44,7.49,0.46,0.48,0.53,0.26,0.58,0.15,0.84,0.3,0.7,0.5,4.24,0.61,0.09,7.88,0.19
2,新竹御嵿攻城獅,10887|14843,德魯/馬力,12,819,996.0,14342.87,239.05,239:03,1195.24,19.92,19:55,465.0,38.75,46.69,70.03,418.0,34.83,41.97,62.95,368.0,30.67,36.95,55.42,168.0,14.0,16.87,25.3,226.0,18.83,22.69,34.04,119.0,9.92,11.95,17.92,142.0,11.83,14.26,21.38,49.0,4.08,4.92,7.38,117.0,9.75,11.75,17.62,79.0,6.58,7.93,11.9,79.0,6.58,7.93,11.9,138.0,11.5,13.86,20.78,69.0,5.75,6.93,10.39,166.0,13.83,16.67,25.0,66.0,5.5,6.63,9.94,118.0,9.83,11.85,17.77,41.0,3.42,4.12,6.17,17.0,1.42,1.71,2.56,114.0,9.5,11.45,17.17,85.0,7.08,8.53,12.8,46.69,41.97,4.72,100.0,47.0,3.92,4.72,239.05,19.92,0.52,0.55,0.53,0.35,0.68,0.14,0.7,0.32,0.67,0.48,4.12,1.71,0.11,8.53,0.32
2,新竹御嵿攻城獅,80|13778,田浩/辛巴,1,21,26.0,333.7,5.56,05:34,333.7,5.56,05:34,7.0,7.0,26.92,45.31,9.0,9.0,34.62,58.26,9.0,9.0,34.62,58.26,3.0,3.0,11.54,19.42,6.0,6.0,23.08,38.84,3.0,3.0,11.54,19.42,3.0,3.0,11.54,19.42,0.0,0.0,0.0,0.0,4.0,4.0,15.38,25.89,1.0,1.0,3.85,6.47,2.0,2.0,7.69,12.95,5.0,5.0,19.23,32.36,2.0,2.0,7.69,12.95,5.0,5.0,19.23,32.36,2.0,2.0,7.69,12.95,3.0,3.0,11.54,19.42,1.0,1.0,3.85,6.47,1.0,1.0,3.85,6.47,2.0,2.0,7.69,12.95,2.0,2.0,7.69,12.95,26.92,34.62,-7.69,112.2,-2.0,-2.0,-7.69,5.56,5.56,0.33,0.33,0.5,0.0,0.25,0.16,1.0,0.29,0.71,0.5,3.85,3.85,0.08,7.69,0.44
2,新竹御嵿攻城獅,80|14843,田浩/馬力,5,115,136.0,1673.69,27.89,27:54,334.74,5.58,05:35,58.0,11.6,42.65,74.85,61.0,12.2,44.85,78.72,54.0,10.8,39.71,69.69,20.0,4.0,14.71,25.81,35.0,7.0,25.74,45.17,16.0,3.2,11.76,20.65,19.0,3.8,13.97,24.52,4.0,0.8,2.94,5.16,22.0,4.4,16.18,28.39,14.0,2.8,10.29,18.07,13.0,2.6,9.56,16.78,26.0,5.2,19.12,33.55,5.0,1.0,3.68,6.45,17.0,3.4,12.5,21.94,5.0,1.0,3.68,6.45,13.0,2.6,9.56,16.78,3.0,0.6,2.21,3.87,3.0,0.6,2.21,3.87,17.0,3.4,12.5,21.94,9.0,1.8,6.62,11.62,42.65,44.85,-2.21,117.01,-3.0,-0.6,-2.21,27.89,5.58,0.41,0.46,0.46,0.21,0.64,0.07,0.65,0.43,0.84,0.64,2.21,2.21,0.12,6.62,0.41
2,新竹御嵿攻城獅,90|13778,李啓瑋/辛巴,1,2,2.0,44.0,0.73,00:44,44.0,0.73,00:44,0.0,0.0,0.0,0.0,2.0,2.0,100.0,98.18,1.0,1.0,50.0,49.09,0.0,0.0,0.0,0.0,0.0,0.0,0.0,0.0,0.0,0.0,0.0,0.0,1.0,1.0,50.0,49.09,0.0,0.0,0.0,0.0,0.0,0.0,0.0,0.0,0.0,0.0,0.0,0.0,0.0,0.0,0.0,0.0,1.0,1.0,50.0,49.09,0.0,0.0,0.0,0.0,0.0,0.0,0.0,0.0,0.0,0.0,0.0,0.0,0.0,0.0,0.0,0.0,0.0,0.0,0.0,0.0,0.0,0.0,0.0,0.0,0.0,0.0,0.0,0.0,0.0,0.0,0.0,0.0,0.0,100.0,-100.0,65.45,-2.0,-2.0,-100.0,0.73,0.73,0.0,0.0,,0.0,,0.0,,,1.0,1.0,0.0,0.0,0.0,0.0,0.0
2,新竹御嵿攻城獅,13778|14843,辛巴/馬力,1,37,45.0,559.9,9.33,09:20,559.9,9.33,09:20,16.0,16.0,35.56,61.72,9.0,9.0,20.0,34.72,13.0,13.0,28.89,50.15,6.0,6.0,13.33,23.15,9.0,9.0,20.0,34.72,5.0,5.0,11.11,19.29,4.0,4.0,8.89,15.43,1.0,1.0,2.22,3.86,8.0,8.0,17.78,30.86,3.0,3.0,6.67,11.57,2.0,2.0,4.44,7.72,6.0,6.0,13.33,23.15,4.0,4.0,8.89,15.43,11.0,11.0,24.44,42.44,4.0,4.0,8.89,15.43,4.0,4.0,8.89,15.43,2.0,2.0,4.44,7.72,1.0,1.0,2.22,3.86,4.0,4.0,8.89,15.43,2.0,2.0,4.44,7.72,35.56,20.0,15.56,115.73,7.0,7.0,15.56,9.33,9.33,0.5,0.48,0.56,0.25,0.38,0.19,0.67,0.15,0.6,0.35,4.44,2.22,0.09,4.44,0.62
2,新竹御嵿攻城獅,87|13778,蔡宸綱/辛巴,1,47,56.0,678.91,11.32,11:19,678.91,11.32,11:19,22.0,22.0,39.29,69.99,14.0,14.0,25.0,44.54,15.0,15.0,26.79,47.72,8.0,8.0,14.29,25.45,11.0,11.0,19.64,35.0,6.0,6.0,10.71,19.09,4.0,4.0,7.14,12.73,2.0,2.0,3.57,6.36,10.0,10.0,17.86,31.82,4.0,4.0,7.14,12.73,2.0,2.0,3.57,6.36,7.0,7.0,12.5,22.27,5.0,5.0,8.93,15.91,14.0,14.0,25.0,44.54,5.0,5.0,8.93,15.91,5.0,5.0,8.93,15.91,2.0,2.0,3.57,6.36,1.0,1.0,1.79,3.18,5.0,5.0,8.93,15.91,2.0,2.0,3.57,6.36,39.29,25.0,14.29,118.78,8.0,8.0,14.29,11.32,11.32,0.6,0.57,0.55,0.5,0.4,0.2,0.62,0.12,0.58,0.32,3.57,1.79,0.09,3.57,0.67
2,新竹御嵿攻城獅,87|14843,蔡宸綱/馬力,13,693,826.0,12686.81,211.45,211:27,975.91,16.27,16:16,349.0,26.85,42.25,59.42,357.0,27.46,43.22,60.78,311.0,23.92,37.65,52.95,125.0,9.62,15.13,21.28,188.0,14.46,22.76,32.01,92.0,7.08,11.14,15.66,123.0,9.46,14.89,20.94,33.0,2.54,4.0,5.62,87.0,6.69,10.53,14.81,64.0,4.92,7.75,10.9,46.0,3.54,5.57,7.83,149.0,11.46,18.04,25.37,53.0,4.08,6.42,9.02,142.0,10.92,17.19,24.18,44.0,3.38,5.33,7.49,76.0,5.85,9.2,12.94,26.0,2.0,3.15,4.43,18.0,1.38,2.18,3.06,78.0,6.0,9.44,13.28,77.0,5.92,9.32,13.11,42.25,43.22,-0.97,93.75,-8.0,-0.62,-0.97,211.45,16.27,0.45,0.5,0.49,0.27,0.74,0.11,0.61,0.24,0.74,0.5,3.15,2.18,0.09,9.32,0.28
2,新竹御嵿攻城獅,10885|14843,劉丞勳/馬力,14,859,1035.0,14300.57,238.34,238:21,1021.47,17.02,17:01,457.0,32.64,44.15,69.03,418.0,29.86,40.39,63.14,379.0,27.07,36.62,57.25,165.0,11.79,15.94,24.92,236.0,16.86,22.8,35.65,119.0,8.5,11.5,17.97,143.0,10.21,13.82,21.6,46.0,3.29,4.44,6.95,115.0,8.21,11.11,17.37,79.0,5.64,7.63,11.93,76.0,5.43,7.34,11.48,154.0,11.0,14.88,23.26,70.0,5.0,6.76,10.57,191.0,13.64,18.45,28.85,71.0,5.07,6.86,10.72,127.0,9.07,12.27,19.18,49.0,3.5,4.73,7.4,16.0,1.14,1.55,2.42,116.0,8.29,11.21,17.52,97.0,6.93,9.37,14.65,44.15,40.39,3.77,104.22,39.0,2.79,3.77,238.34,17.02,0.5,0.53,0.5,0.32,0.69,0.14,0.77,0.28,0.69,0.47,4.73,1.55,0.11,9.37,0.3
2,新竹御嵿攻城獅,75|14982,高國豪/徐小龍,8,200,229.0,3006.9,50.12,50:07,375.86,6.26,06:16,115.0,14.38,50.22,82.61,95.0,11.88,41.48,68.24,80.0,10.0,34.93,57.47,40.0,5.0,17.47,28.73,47.0,5.88,20.52,33.76,23.0,2.88,10.04,16.52,33.0,4.12,14.41,23.71,17.0,2.12,7.42,12.21,23.0,2.88,10.04,16.52,15.0,1.88,6.55,10.78,11.0,1.38,4.8,7.9,33.0,4.12,14.41,23.71,10.0,1.25,4.37,7.18,43.0,5.38,18.78,30.89,18.0,2.25,7.86,12.93,25.0,3.12,10.92,17.96,12.0,1.5,5.24,8.62,4.0,0.5,1.75,2.87,25.0,3.12,10.92,17.96,33.0,4.12,14.41,23.71,50.22,41.48,8.73,109.67,20.0,2.5,8.73,50.12,6.26,0.61,0.64,0.49,0.52,0.65,0.17,0.62,0.2,0.77,0.45,5.24,1.75,0.11,14.41,0.29
2,新竹御嵿攻城獅,87|14982,蔡宸綱/徐小龍,12,456,523.0,7522.1,125.37,125:22,626.84,10.45,10:27,238.0,19.83,45.51,68.34,230.0,19.17,43.98,66.05,198.0,16.5,37.86,56.86,89.0,7.42,17.02,25.56,124.0,10.33,23.71,35.61,69.0,5.75,13.19,19.81,74.0,6.17,14.15,21.25,20.0,1.67,3.82,5.74,51.0,4.25,9.75,14.64,40.0,3.33,7.65,11.49,22.0,1.83,4.21,6.32,90.0,7.5,17.21,25.84,26.0,2.17,4.97,7.47,89.0,7.42,17.02,25.56,30.0,2.5,5.74,8.61,60.0,5.0,11.47,17.23,17.0,1.42,3.25,4.88,10.0,0.83,1.91,2.87,40.0,3.33,7.65,11.49,39.0,3.25,7.46,11.2,45.51,43.98,1.53,100.12,8.0,0.67,1.53,125.37,10.45,0.5,0.54,0.56,0.27,0.78,0.12,0.67,0.2,0.78,0.49,3.25,1.91,0.08,7.46,0.26
2,新竹御嵿攻城獅,10887|14982,德魯/徐小龍,12,168,196.0,2585.45,43.09,43:05,215.45,3.59,03:35,101.0,8.42,51.53,84.38,93.0,7.75,47.45,77.7,74.0,6.17,37.76,61.82,33.0,2.75,16.84,27.57,45.0,3.75,22.96,37.6,22.0,1.83,11.22,18.38,29.0,2.42,14.8,24.23,11.0,0.92,5.61,9.19,27.0,2.25,13.78,22.56,22.0,1.83,11.22,18.38,12.0,1.0,6.12,10.03,30.0,2.5,15.31,25.06,9.0,0.75,4.59,7.52,30.0,2.5,15.31,25.06,10.0,0.83,5.1,8.35,23.0,1.92,11.73,19.22,5.0,0.42,2.55,4.18,2.0,0.17,1.02,1.67,21.0,1.75,10.71,17.54,17.0,1.42,8.67,14.2,51.53,47.45,4.08,109.16,8.0,0.67,4.08,43.09,3.59,0.52,0.59,0.49,0.38,0.81,0.1,0.7,0.29,0.77,0.52,2.55,1.02,0.11,8.67,0.36
2,新竹御嵿攻城獅,14843|14982,馬力/徐小龍,13,411,474.0,6687.49,111.46,111:27,514.42,8.57,08:34,217.0,16.69,45.78,70.09,202.0,15.54,42.62,65.24,175.0,13.46,36.92,56.52,81.0,6.23,17.09,26.16,115.0,8.85,24.26,37.14,62.0,4.77,13.08,20.03,60.0,4.62,12.66,19.38,19.0,1.46,4.01,6.14,45.0,3.46,9.49,14.53,36.0,2.77,7.59,11.63,20.0,1.54,4.22,6.46,77.0,5.92,16.24,24.87,25.0,1.92,5.27,8.07,87.0,6.69,18.35,28.1,30.0,2.31,6.33,9.69,49.0,3.77,10.34,15.83,22.0,1.69,4.64,7.11,10.0,0.77,2.11,3.23,39.0,3.0,8.23,12.6,51.0,3.92,10.76,16.47,45.78,42.62,3.16,102.07,15.0,1.15,3.16,111.46,8.57,0.52,0.56,0.54,0.32,0.8,0.13,0.6,0.19,0.75,0.46,4.64,2.11,0.08,10.76,0.26
2,新竹御嵿攻城獅,88|14843,盧冠軒/馬力,14,585,697.0,10774.09,179.57,179:34,769.58,12.83,12:50,289.0,20.64,41.46,57.94,293.0,20.93,42.04,58.74,254.0,18.14,36.44,50.92,101.0,7.21,14.49,20.25,150.0,10.71,21.52,30.07,70.0,5.0,10.04,14.03,104.0,7.43,14.92,20.85,31.0,2.21,4.45,6.21,71.0,5.07,10.19,14.23,56.0,4.0,8.03,11.23,39.0,2.79,5.6,7.82,119.0,8.5,17.07,23.86,49.0,3.5,7.03,9.82,117.0,8.36,16.79,23.46,44.0,3.14,6.31,8.82,70.0,5.0,10.04,14.03,30.0,2.14,4.3,6.01,12.0,0.86,1.72,2.41,62.0,4.43,8.9,12.43,53.0,3.79,7.6,10.63,41.46,42.04,-0.57,93.16,-4.0,-0.29,-0.57,179.57,12.83,0.46,0.51,0.47,0.3,0.79,0.13,0.69,0.25,0.71,0.49,4.3,1.72,0.09,7.6,0.28
2,新竹御嵿攻城獅,88|14982,盧冠軒/徐小龍,11,419,487.0,6925.28,115.42,115:25,629.57,10.49,10:30,226.0,20.55,46.41,70.49,199.0,18.09,40.86,62.07,187.0,17.0,38.4,58.33,84.0,7.64,17.25,26.2,124.0,11.27,25.46,38.68,63.0,5.73,12.94,19.65,63.0,5.73,12.94,19.65,21.0,1.91,4.31,6.55,44.0,4.0,9.03,13.72,37.0,3.36,7.6,11.54,27.0,2.45,5.54,8.42,78.0,7.09,16.02,24.33,26.0,2.36,5.34,8.11,76.0,6.91,15.61,23.7,28.0,2.55,5.75,8.73,54.0,4.91,11.09,16.84,17.0,1.55,3.49,5.3,8.0,0.73,1.64,2.5,34.0,3.09,6.98,10.6,34.0,3.09,6.98,10.6,46.41,40.86,5.54,101.26,27.0,2.45,5.54,115.42,10.49,0.51,0.55,0.51,0.33,0.84,0.12,0.64,0.26,0.75,0.51,3.49,1.64,0.07,6.98,0.24
2,新竹御嵿攻城獅,88|13778,盧冠軒/辛巴,1,17,20.0,252.13,4.2,04:12,252.13,4.2,04:12,7.0,7.0,35.0,59.97,7.0,7.0,35.0,59.97,8.0,8.0,40.0,68.53,3.0,3.0,15.0,25.7,6.0,6.0,30.0,51.4,2.0,2.0,10.0,17.13,2.0,2.0,10.0,17.13,1.0,1.0,5.0,8.57,1.0,1.0,5.0,8.57,0.0,0.0,0.0,0.0,1.0,1.0,5.0,8.57,5.0,5.0,25.0,42.83,1.0,1.0,5.0,8.57,5.0,5.0,25.0,42.83,1.0,1.0,5.0,8.57,2.0,2.0,10.0,17.13,0.0,0.0,0.0,0.0,0.0,0.0,0.0,0.0,2.0,2.0,10.0,17.13,3.0,3.0,15.0,25.7,35.0,35.0,0.0,114.22,0.0,0.0,0.0,4.2,4.2,0.44,0.41,0.33,0.5,0.0,0.11,0.67,0.17,0.83,0.5,0.0,0.0,0.1,15.0,0.12
2,新竹御嵿攻城獅,13778|14982,辛巴/徐小龍,1,33,39.0,478.34,7.97,07:58,478.34,7.97,07:58,16.0,16.0,41.03,72.25,7.0,7.0,17.95,31.61,12.0,12.0,30.77,54.19,6.0,6.0,15.38,27.09,9.0,9.0,23.08,40.64,4.0,4.0,10.26,18.06,3.0,3.0,7.69,13.55,2.0,2.0,5.13,9.03,5.0,5.0,12.82,22.58,2.0,2.0,5.13,9.03,1.0,1.0,2.56,4.52,6.0,6.0,15.38,27.09,3.0,3.0,7.69,13.55,11.0,11.0,28.21,49.67,3.0,3.0,7.69,13.55,3.0,3.0,7.69,13.55,1.0,1.0,2.56,4.52,0.0,0.0,0.0,0.0,4.0,4.0,10.26,18.06,3.0,3.0,7.69,13.55,41.03,17.95,23.08,117.41,9.0,9.0,23.08,7.97,7.97,0.58,0.56,0.44,0.67,0.4,0.17,0.5,0.08,0.67,0.33,2.56,0.0,0.1,7.69,0.42
2,高雄全家海神,116|4181,呂威霆/艾德,8,443,539.0,9722.32,162.04,162:02,1215.29,20.25,20:15,240.0,30.0,44.53,53.32,264.0,33.0,48.98,58.65,196.0,24.5,36.36,43.55,86.0,10.75,15.96,19.11,112.0,14.0,20.78,24.88,55.0,6.88,10.2,12.22,84.0,10.5,15.58,18.66,31.0,3.88,5.75,6.89,58.0,7.25,10.76,12.89,37.0,4.62,6.86,8.22,37.0,4.62,6.86,8.22,84.0,10.5,15.58,18.66,33.0,4.12,6.12,7.33,81.0,10.12,15.03,18.0,36.0,4.5,6.68,8.0,60.0,7.5,11.13,13.33,28.0,3.5,5.19,6.22,10.0,1.25,1.86,2.22,50.0,6.25,9.28,11.11,56.0,7.0,10.39,12.44,44.53,48.98,-4.45,79.83,-24.0,-3.0,-4.45,162.04,20.25,0.52,0.54,0.49,0.37,0.64,0.14,0.7,0.31,0.72,0.51,5.19,1.86,0.09,10.39,0.3
2,高雄全家海神,118|4181,蘇文儒/艾德,9,901,1086.0,18037.72,300.63,300:38,2004.19,33.4,33:24,482.0,53.56,44.38,57.72,507.0,56.33,46.69,60.71,413.0,45.89,38.03,49.46,173.0,19.22,15.93,20.72,231.0,25.67,21.27,27.66,113.0,12.56,10.41,13.53,182.0,20.22,16.76,21.79,60.0,6.67,5.52,7.18,118.0,13.11,10.87,14.13,80.0,8.89,7.37,9.58,75.0,8.33,6.91,8.98,171.0,19.0,15.75,20.48,69.0,7.67,6.35,8.26,163.0,18.11,15.01,19.52,71.0,7.89,6.54,8.5,113.0,12.56,10.41,13.53,45.0,5.0,4.14,5.39,23.0,2.56,2.12,2.75,109.0,12.11,10.04,13.05,122.0,13.56,11.23,14.61,44.38,46.69,-2.3,86.7,-25.0,-2.78,-2.3,300.63,33.4,0.49,0.52,0.49,0.33,0.68,0.13,0.65,0.32,0.71,0.51,4.14,2.12,0.1,11.23,0.29
2,高雄全家海神,121|4181,吳曉謹/艾德,8,576,687.0,11821.35,197.02,197:01,1477.67,24.63,24:38,307.0,38.38,44.69,56.1,354.0,44.25,51.53,64.68,259.0,32.38,37.7,47.32,112.0,14.0,16.3,20.46,150.0,18.75,21.83,27.41,79.0,9.88,11.5,14.43,109.0,13.62,15.87,19.92,33.0,4.12,4.8,6.03,83.0,10.38,12.08,15.17,54.0,6.75,7.86,9.87,48.0,6.0,6.99,8.77,113.0,14.12,16.45,20.65,34.0,4.25,4.95,6.21,100.0,12.5,14.56,18.27,40.0,5.0,5.82,7.31,80.0,10.0,11.64,14.62,23.0,2.88,3.35,4.2,14.0,1.75,2.04,2.56,72.0,9.0,10.48,13.16,82.0,10.25,11.94,14.98,44.69,51.53,-6.84,83.69,-47.0,-5.88,-6.84,197.02,24.63,0.5,0.52,0.53,0.3,0.65,0.12,0.71,0.32,0.77,0.55,3.35,2.04,0.1,11.94,0.32
2,高雄全家海神,4181|14844,艾德/杭特,7,655,774.0,13077.23,217.95,217:57,1868.18,31.14,31:08,360.0,51.43,46.51,59.46,342.0,48.86,44.19,56.49,293.0,41.86,37.86,48.4,124.0,17.71,16.02,20.48,170.0,24.29,21.96,28.08,85.0,12.14,10.98,14.04,123.0,17.57,15.89,20.32,39.0,5.57,5.04,6.44,106.0,15.14,13.7,17.51,75.0,10.71,9.69,12.39,44.0,6.29,5.68,7.27,133.0,19.0,17.18,21.97,44.0,6.29,5.68,7.27,124.0,17.71,16.02,20.48,37.0,5.29,4.78,6.11,84.0,12.0,10.85,13.87,24.0,3.43,3.1,3.96,18.0,2.57,2.33,2.97,92.0,13.14,11.89,15.2,102.0,14.57,13.18,16.85,46.51,44.19,2.33,85.23,18.0,2.57,2.33,217.95,31.14,0.49,0.53,0.5,0.32,0.71,0.1,0.68,0.26,0.75,0.51,3.1,2.33,0.12,13.18,0.36
2,新北中信特攻,10877|14707,阿巴西/金恩,1,31,35.0,448.6,7.48,07:29,448.6,7.48,07:29,11.0,11.0,31.43,52.96,16.0,16.0,45.71,77.04,10.0,10.0,28.57,48.15,3.0,3.0,8.57,14.44,6.0,6.0,17.14,28.89,3.0,3.0,8.57,14.44,4.0,4.0,11.43,19.26,0.0,0.0,0.0,0.0,5.0,5.0,14.29,24.07,5.0,5.0,14.29,24.07,1.0,1.0,2.86,4.81,6.0,6.0,17.14,28.89,3.0,3.0,8.57,14.44,3.0,3.0,8.57,14.44,2.0,2.0,5.71,9.63,2.0,2.0,5.71,9.63,1.0,1.0,2.86,4.81,1.0,1.0,2.86,4.81,4.0,4.0,11.43,19.26,6.0,6.0,17.14,28.89,31.43,45.71,-14.29,112.35,-5.0,-5.0,-14.29,7.48,7.48,0.3,0.45,0.5,0.0,1.0,0.14,0.67,0.25,0.67,0.54,2.86,2.86,0.11,17.14,0.5
2,高雄全家海神,109|4181,于煥亞/艾德,3,210,253.0,4207.39,70.12,70:07,1402.46,23.37,23:22,105.0,35.0,41.5,53.91,113.0,37.67,44.66,58.01,103.0,34.33,40.71,52.88,38.0,12.67,15.02,19.51,58.0,19.33,22.92,29.78,27.0,9.0,10.67,13.86,45.0,15.0,17.79,23.1,11.0,3.67,4.35,5.65,28.0,9.33,11.07,14.37,18.0,6.0,7.11,9.24,22.0,7.33,8.7,11.29,43.0,14.33,17.0,22.08,16.0,5.33,6.32,8.21,39.0,13.0,15.42,20.02,15.0,5.0,5.93,7.7,24.0,8.0,9.49,12.32,9.0,3.0,3.56,4.62,1.0,0.33,0.4,0.51,26.0,8.67,10.28,13.35,32.0,10.67,12.65,16.43,41.5,44.66,-3.16,86.59,-8.0,-2.67,-3.16,70.12,23.37,0.42,0.46,0.47,0.24,0.64,0.12,0.63,0.36,0.73,0.54,3.56,0.4,0.1,12.65,0.27
2,高雄全家海神,110|4181,胡瓏貿/艾德,8,545,643.0,9754.17,162.57,162:34,1219.27,20.32,20:19,297.0,37.12,46.19,65.77,273.0,34.12,42.46,60.45,240.0,30.0,37.33,53.15,102.0,12.75,15.86,22.59,126.0,15.75,19.6,27.9,64.0,8.0,9.95,14.17,114.0,14.25,17.73,25.24,38.0,4.75,5.91,8.41,79.0,9.88,12.29,17.49,55.0,6.88,8.55,12.18,40.0,5.0,6.22,8.86,101.0,12.62,15.71,22.37,40.0,5.0,6.22,8.86,104.0,13.0,16.17,23.03,43.0,5.38,6.69,9.52,69.0,8.62,10.73,15.28,27.0,3.38,4.2,5.98,12.0,1.5,1.87,2.66,74.0,9.25,11.51,16.39,71.0,8.88,11.04,15.72,46.19,42.46,3.73,94.93,24.0,3.0,3.73,162.57,20.32,0.5,0.54,0.51,0.33,0.7,0.14,0.68,0.28,0.72,0.49,4.2,1.87,0.12,11.04,0.33
2,高雄全家海神,51|4181,克力斯/艾德,6,235,289.0,4784.13,79.74,79:44,797.36,13.29,13:17,117.0,19.5,40.48,52.82,167.0,27.83,57.79,75.4,110.0,18.33,38.06,49.66,43.0,7.17,14.88,19.41,63.0,10.5,21.8,28.44,25.0,4.17,8.65,11.29,47.0,7.83,16.26,21.22,18.0,3.0,6.23,8.13,22.0,3.67,7.61,9.93,13.0,2.17,4.5,5.87,30.0,5.0,10.38,13.54,42.0,7.0,14.53,18.96,16.0,2.67,5.54,7.22,39.0,6.5,13.49,17.61,28.0,4.67,9.69,12.64,32.0,5.33,11.07,14.45,19.0,3.17,6.57,8.58,4.0,0.67,1.38,1.81,19.0,3.17,6.57,8.58,21.0,3.5,7.27,9.48,40.48,57.79,-17.3,86.99,-50.0,-8.33,-17.3,79.74,13.29,0.47,0.49,0.4,0.38,0.59,0.19,0.74,0.43,0.72,0.57,6.57,1.38,0.07,7.27,0.2
2,高雄全家海神,122|4181,陳懷安/艾德,3,29,32.0,413.47,6.89,06:53,137.82,2.3,02:18,10.0,3.33,31.25,52.24,15.0,5.0,46.88,78.36,13.0,4.33,40.62,67.91,4.0,1.33,12.5,20.9,6.0,2.0,18.75,31.34,2.0,0.67,6.25,10.45,7.0,2.33,21.88,36.57,2.0,0.67,6.25,10.45,0.0,0.0,0.0,0.0,0.0,0.0,0.0,0.0,2.0,0.67,6.25,10.45,6.0,2.0,18.75,31.34,0.0,0.0,0.0,0.0,4.0,1.33,12.5,20.9,4.0,1.33,12.5,20.9,2.0,0.67,6.25,10.45,2.0,0.67,6.25,10.45,1.0,0.33,3.12,5.22,1.0,0.33,3.12,5.22,2.0,0.67,6.25,10.45,31.25,46.88,-15.62,111.45,-5.0,-1.67,-15.62,6.89,2.3,0.38,0.38,0.33,0.29,,0.24,0.5,0.33,1.0,0.67,6.25,3.12,0.03,6.25,0.0
2,新北國王,13029|14038,杰倫/飛米,4,201,215.0,3519.14,58.65,58:39,879.78,14.66,14:40,116.0,29.0,53.95,71.2,131.0,32.75,60.93,80.41,82.0,20.5,38.14,50.33,42.0,10.5,19.53,25.78,40.0,10.0,18.6,24.55,26.0,6.5,12.09,15.96,42.0,10.5,19.53,25.78,16.0,4.0,7.44,9.82,20.0,5.0,9.3,12.28,14.0,3.5,6.51,8.59,7.0,1.75,3.26,4.3,35.0,8.75,16.28,21.48,3.0,0.75,1.4,1.84,34.0,8.5,15.81,20.87,13.0,3.25,6.05,7.98,26.0,6.5,12.09,15.96,8.0,2.0,3.72,4.91,1.0,0.25,0.47,0.61,18.0,4.5,8.37,11.05,29.0,7.25,13.49,17.8,53.95,60.93,-6.98,87.98,-15.0,-3.75,-6.98,58.65,14.66,0.61,0.64,0.65,0.38,0.7,0.13,0.62,0.17,0.92,0.53,3.72,0.47,0.08,13.49,0.24
2,新北國王,25|10871,林金榜/鍾理翔,1,1,1.0,5.0,0.08,00:05,5.0,0.08,00:05,0.0,0.0,0.0,0.0,0.0,0.0,0.0,0.0,0.0,0.0,0.0,0.0,0.0,0.0,0.0,0.0,0.0,0.0,0.0,0.0,0.0,0.0,0.0,0.0,0.0,0.0,0.0,0.0,0.0,0.0,0.0,0.0,0.0,0.0,0.0,0.0,0.0,0.0,0.0,0.0,0.0,0.0,0.0,0.0,0.0,0.0,0.0,0.0,0.0,0.0,0.0,0.0,0.0,0.0,0.0,0.0,0.0,0.0,0.0,0.0,0.0,0.0,0.0,0.0,0.0,0.0,0.0,0.0,0.0,0.0,0.0,0.0,0.0,0.0,0.0,0.0,0.0,0.0,0.0,0.0,0.0,0.0,0.0,288.0,0.0,0.0,0.0,0.08,0.08,,,,,,,,,,,0.0,0.0,0.0,0.0,
2,新北國王,10871|14038,鍾理翔/飛米,1,1,1.0,5.0,0.08,00:05,5.0,0.08,00:05,0.0,0.0,0.0,0.0,0.0,0.0,0.0,0.0,0.0,0.0,0.0,0.0,0.0,0.0,0.0,0.0,0.0,0.0,0.0,0.0,0.0,0.0,0.0,0.0,0.0,0.0,0.0,0.0,0.0,0.0,0.0,0.0,0.0,0.0,0.0,0.0,0.0,0.0,0.0,0.0,0.0,0.0,0.0,0.0,0.0,0.0,0.0,0.0,0.0,0.0,0.0,0.0,0.0,0.0,0.0,0.0,0.0,0.0,0.0,0.0,0.0,0.0,0.0,0.0,0.0,0.0,0.0,0.0,0.0,0.0,0.0,0.0,0.0,0.0,0.0,0.0,0.0,0.0,0.0,0.0,0.0,0.0,0.0,288.0,0.0,0.0,0.0,0.08,0.08,,,,,,,,,,,0.0,0.0,0.0,0.0,
2,新竹御嵿攻城獅,10862|14982,提傑/徐小龍,11,484,555.0,7987.74,133.13,133:08,726.16,12.1,12:06,250.0,22.73,45.05,67.6,243.0,22.09,43.78,65.71,210.0,19.09,37.84,56.79,92.0,8.36,16.58,24.88,130.0,11.82,23.42,35.15,67.0,6.09,12.07,18.12,80.0,7.27,14.41,21.63,25.0,2.27,4.5,6.76,46.0,4.18,8.29,12.44,39.0,3.55,7.03,10.55,26.0,2.36,4.68,7.03,95.0,8.64,17.12,25.69,26.0,2.36,4.68,7.03,89.0,8.09,16.04,24.07,36.0,3.27,6.49,9.73,62.0,5.64,11.17,16.77,22.0,2.0,3.96,5.95,9.0,0.82,1.62,2.43,38.0,3.45,6.85,10.28,45.0,4.09,8.11,12.17,45.05,43.78,1.26,100.05,7.0,0.64,1.26,133.13,12.1,0.5,0.54,0.52,0.31,0.85,0.14,0.67,0.23,0.79,0.51,3.96,1.62,0.07,8.11,0.22
2,新竹御嵿攻城獅,10862|14843,提傑/馬力,10,536,628.0,9291.4,154.86,154:51,929.14,15.49,15:29,259.0,25.9,41.24,60.21,257.0,25.7,40.92,59.75,238.0,23.8,37.9,55.33,95.0,9.5,15.13,22.08,140.0,14.0,22.29,32.55,71.0,7.1,11.31,16.51,98.0,9.8,15.61,22.78,24.0,2.4,3.82,5.58,54.0,5.4,8.6,12.55,44.0,4.4,7.01,10.23,32.0,3.2,5.1,7.44,116.0,11.6,18.47,26.97,34.0,3.4,5.41,7.9,121.0,12.1,19.27,28.13,38.0,3.8,6.05,8.83,63.0,6.3,10.03,14.65,22.0,2.2,3.5,5.11,12.0,1.2,1.91,2.79,50.0,5.0,7.96,11.62,48.0,4.8,7.64,11.16,41.24,40.92,0.32,97.33,2.0,0.2,0.32,154.86,15.49,0.45,0.49,0.51,0.24,0.81,0.13,0.66,0.21,0.77,0.49,3.5,1.91,0.08,7.64,0.23
2,臺北台新戰神,10865|14437,謝銘駿/弗利沙,3,38,45.0,632.1,10.54,10:32,210.7,3.51,03:31,10.0,3.33,22.22,34.17,24.0,8.0,53.33,82.01,13.0,4.33,28.89,44.42,3.0,1.0,6.67,10.25,7.0,2.33,15.56,23.92,2.0,0.67,4.44,6.83,6.0,2.0,13.33,20.5,1.0,0.33,2.22,3.42,4.0,1.33,8.89,13.67,3.0,1.0,6.67,10.25,2.0,0.67,4.44,6.83,8.0,2.67,17.78,27.34,3.0,1.0,6.67,10.25,8.0,2.67,17.78,27.34,5.0,1.67,11.11,17.09,3.0,1.0,6.67,10.25,4.0,1.33,8.89,13.67,2.0,0.67,4.44,6.83,6.0,2.0,13.33,20.5,4.0,1.33,8.89,13.67,22.22,53.33,-31.11,102.51,-14.0,-4.67,-31.11,10.54,3.51,0.27,0.34,0.29,0.17,0.75,0.25,1.0,0.2,0.73,0.48,8.89,4.44,0.13,8.89,0.31
2,臺北台新戰神,3|14845,陳文宏/恩多,11,383,449.0,6792.67,113.21,113:13,617.52,10.29,10:18,174.0,15.82,38.75,55.33,219.0,19.91,48.78,69.64,146.0,13.27,32.52,46.43,60.0,5.45,13.36,19.08,74.0,6.73,16.48,23.53,41.0,3.73,9.13,13.04,72.0,6.55,16.04,22.9,19.0,1.73,4.23,6.04,56.0,5.09,12.47,17.81,35.0,3.18,7.8,11.13,23.0,2.09,5.12,7.31,72.0,6.55,16.04,22.9,31.0,2.82,6.9,9.86,74.0,6.73,16.48,23.53,39.0,3.55,8.69,12.4,40.0,3.64,8.91,12.72,25.0,2.27,5.57,7.95,3.0,0.27,0.67,0.95,43.0,3.91,9.58,13.67,45.0,4.09,10.02,14.31,38.75,48.78,-10.02,95.18,-45.0,-4.09,-10.02,113.21,10.29,0.48,0.51,0.55,0.26,0.62,0.19,0.67,0.24,0.7,0.48,5.57,0.67,0.1,10.02,0.38
2,新竹御嵿攻城獅,10888|14843,帕塞獅/馬力,3,104,119.0,1558.01,25.97,25:58,519.34,8.66,08:39,55.0,18.33,46.22,76.25,59.0,19.67,49.58,81.8,42.0,14.0,35.29,58.23,18.0,6.0,15.13,24.95,23.0,7.67,19.33,31.89,11.0,3.67,9.24,15.25,19.0,6.33,15.97,26.34,7.0,2.33,5.88,9.7,14.0,4.67,11.76,19.41,12.0,4.0,10.08,16.64,4.0,1.33,3.36,5.55,21.0,7.0,17.65,29.11,8.0,2.67,6.72,11.09,17.0,5.67,14.29,23.57,6.0,2.0,5.04,8.32,11.0,3.67,9.24,15.25,6.0,2.0,5.04,8.32,0.0,0.0,0.0,0.0,14.0,4.67,11.76,19.41,19.0,6.33,15.97,26.34,46.22,49.58,-3.36,109.99,-4.0,-1.33,-3.36,25.97,8.66,0.51,0.57,0.48,0.37,0.86,0.11,0.61,0.19,0.72,0.5,5.04,0.0,0.12,15.97,0.33
2,高雄全家海神,123|4181,勤明慶/艾德,2,80,93.0,1287.49,21.46,21:27,643.75,10.73,10:44,55.0,27.5,59.14,92.27,42.0,21.0,45.16,70.46,29.0,14.5,31.18,48.65,18.0,9.0,19.35,30.2,16.0,8.0,17.2,26.84,10.0,5.0,10.75,16.78,13.0,6.5,13.98,21.81,8.0,4.0,8.6,13.42,15.0,7.5,16.13,25.17,11.0,5.5,11.83,18.45,3.0,1.5,3.23,5.03,9.0,4.5,9.68,15.1,5.0,2.5,5.38,8.39,12.0,6.0,12.9,20.13,6.0,3.0,6.45,10.07,9.0,4.5,9.68,15.1,3.0,1.5,3.23,5.03,3.0,1.5,3.23,5.03,10.0,5.0,10.75,16.78,16.0,8.0,17.2,26.84,59.14,45.16,13.98,104.02,13.0,6.5,13.98,21.46,10.73,0.76,0.77,0.62,0.62,0.73,0.14,0.5,0.2,0.64,0.41,3.23,3.23,0.11,17.2,0.52
2,高雄全家海神,123|14844,勤明慶/杭特,1,31,34.0,520.8,8.68,08:41,520.8,8.68,08:41,24.0,24.0,70.59,99.54,17.0,17.0,50.0,70.51,12.0,12.0,35.29,49.77,9.0,9.0,26.47,37.33,10.0,10.0,29.41,41.47,7.0,7.0,20.59,29.03,2.0,2.0,5.88,8.29,2.0,2.0,5.88,8.29,6.0,6.0,17.65,24.88,4.0,4.0,11.76,16.59,0.0,0.0,0.0,0.0,3.0,3.0,8.82,12.44,1.0,1.0,2.94,4.15,5.0,5.0,14.71,20.74,1.0,1.0,2.94,4.15,2.0,2.0,5.88,8.29,0.0,0.0,0.0,0.0,1.0,1.0,2.94,4.15,4.0,4.0,11.76,16.59,8.0,8.0,23.53,33.18,70.59,50.0,20.59,94.01,7.0,7.0,20.59,8.68,8.68,0.83,0.82,0.7,1.0,0.67,0.06,0.22,0.0,0.75,0.33,0.0,2.94,0.12,23.53,0.5
2,高雄全家海神,10891|14844,廖偉皓/杭特,5,268,304.0,5281.75,88.03,88:02,1056.35,17.61,17:36,148.0,29.6,48.68,60.53,144.0,28.8,47.37,58.89,114.0,22.8,37.5,46.62,52.0,10.4,17.11,21.27,66.0,13.2,21.71,26.99,36.0,7.2,11.84,14.72,48.0,9.6,15.79,19.63,16.0,3.2,5.26,6.54,42.0,8.4,13.82,17.18,28.0,5.6,9.21,11.45,14.0,2.8,4.61,5.73,57.0,11.4,18.75,23.31,17.0,3.4,5.59,6.95,43.0,8.6,14.14,17.59,13.0,2.6,4.28,5.32,23.0,4.6,7.57,9.41,8.0,1.6,2.63,3.27,8.0,1.6,2.63,3.27,37.0,7.4,12.17,15.13,21.0,4.2,6.91,8.59,48.68,47.37,1.32,82.88,4.0,0.8,1.32,88.03,17.61,0.53,0.56,0.55,0.33,0.67,0.09,0.44,0.25,0.77,0.54,2.63,2.63,0.12,6.91,0.37
2,新竹御嵿攻城獅,84|10887,李家瑞/德魯,2,10,15.0,164.2,2.74,02:44,82.1,1.37,01:22,9.0,4.5,60.0,118.39,6.0,3.0,40.0,78.93,4.0,2.0,26.67,52.62,3.0,1.5,20.0,39.46,2.0,1.0,13.33,26.31,2.0,1.0,13.33,26.31,2.0,1.0,13.33,26.31,1.0,0.5,6.67,13.15,2.0,1.0,13.33,26.31,2.0,1.0,13.33,26.31,1.0,0.5,6.67,13.15,0.0,0.0,0.0,0.0,4.0,2.0,26.67,52.62,2.0,1.0,13.33,26.31,0.0,0.0,0.0,0.0,2.0,1.0,13.33,26.31,0.0,0.0,0.0,0.0,0.0,0.0,0.0,0.0,1.0,0.5,6.67,13.15,4.0,2.0,26.67,52.62,60.0,40.0,20.0,131.55,3.0,1.5,20.0,2.74,1.37,0.88,0.92,1.0,0.5,1.0,0.0,0.67,0.33,0.0,0.14,0.0,0.0,0.07,26.67,0.5
2,新竹御嵿攻城獅,84|10888,李家瑞/帕塞獅,2,12,14.0,159.51,2.66,02:40,79.75,1.33,01:20,10.0,5.0,71.43,135.42,6.0,3.0,42.86,81.25,5.0,2.5,35.71,67.71,3.0,1.5,21.43,40.63,4.0,2.0,28.57,54.17,2.0,1.0,14.29,27.08,1.0,0.5,7.14,13.54,1.0,0.5,7.14,13.54,4.0,2.0,28.57,54.17,3.0,1.5,21.43,40.63,1.0,0.5,7.14,13.54,2.0,1.0,14.29,27.08,1.0,0.5,7.14,13.54,1.0,0.5,7.14,13.54,0.0,0.0,0.0,0.0,2.0,1.0,14.29,27.08,0.0,0.0,0.0,0.0,0.0,0.0,0.0,0.0,2.0,1.0,14.29,27.08,2.0,1.0,14.29,27.08,71.43,42.86,28.57,126.39,4.0,2.0,28.57,2.66,1.33,0.7,0.74,0.5,1.0,0.75,0.0,0.67,0.5,0.67,0.6,0.0,0.0,0.14,14.29,0.8
2,新竹御嵿攻城獅,84|14843,李家瑞/馬力,1,3,6.0,58.2,0.97,00:58,58.2,0.97,00:58,2.0,2.0,33.33,74.23,5.0,5.0,83.33,185.57,2.0,2.0,33.33,74.23,1.0,1.0,16.67,37.11,1.0,1.0,16.67,37.11,1.0,1.0,16.67,37.11,1.0,1.0,16.67,37.11,0.0,0.0,0.0,0.0,0.0,0.0,0.0,0.0,0.0,0.0,0.0,0.0,1.0,1.0,16.67,37.11,0.0,0.0,0.0,0.0,2.0,2.0,33.33,74.23,0.0,0.0,0.0,0.0,0.0,0.0,0.0,0.0,0.0,0.0,0.0,0.0,0.0,0.0,0.0,0.0,0.0,0.0,0.0,0.0,0.0,0.0,0.0,0.0,2.0,2.0,33.33,74.23,33.33,83.33,-50.0,148.45,-3.0,-3.0,-50.0,0.97,0.97,0.5,0.5,1.0,0.0,,0.0,0.0,1.0,0.0,0.33,0.0,0.0,0.0,33.33,0.0
2,新竹御嵿攻城獅,84|14982,李家瑞/徐小龍,4,43,56.0,722.17,12.04,12:02,180.54,3.01,03:01,20.0,5.0,35.71,59.82,27.0,6.75,48.21,80.76,22.0,5.5,39.29,65.8,8.0,2.0,14.29,23.93,13.0,3.25,23.21,38.88,6.0,1.5,10.71,17.95,9.0,2.25,16.07,26.92,2.0,0.5,3.57,5.98,4.0,1.0,7.14,11.96,2.0,0.5,3.57,5.98,6.0,1.5,10.71,17.95,9.0,2.25,16.07,26.92,6.0,1.5,10.71,17.95,6.0,1.5,10.71,17.95,3.0,0.75,5.36,8.97,3.0,0.75,5.36,8.97,2.0,0.5,3.57,5.98,0.0,0.0,0.0,0.0,2.0,0.5,3.57,5.98,6.0,1.5,10.71,17.95,35.71,48.21,-12.5,111.66,-7.0,-1.75,-12.5,12.04,3.01,0.41,0.42,0.46,0.22,0.5,0.11,0.38,0.5,0.6,0.56,3.57,0.0,0.04,10.71,0.18
2,新竹御嵿攻城獅,10885|14982,劉丞勳/徐小龍,6,88,103.0,1315.83,21.93,21:56,219.31,3.66,03:39,39.0,6.5,37.86,64.02,44.0,7.33,42.72,72.23,33.0,5.5,32.04,54.17,13.0,2.17,12.62,21.34,22.0,3.67,21.36,36.11,8.0,1.33,7.77,13.13,11.0,1.83,10.68,18.06,5.0,0.83,4.85,8.21,7.0,1.17,6.8,11.49,6.0,1.0,5.83,9.85,5.0,0.83,4.85,8.21,16.0,2.67,15.53,26.26,6.0,1.0,5.83,9.85,21.0,3.5,20.39,34.47,11.0,1.83,10.68,18.06,8.0,1.33,7.77,13.13,8.0,1.33,7.77,13.13,1.0,0.17,0.97,1.64,11.0,1.83,10.68,18.06,21.0,3.5,20.39,34.47,37.86,42.72,-4.85,112.72,-5.0,-0.83,-4.85,21.93,3.66,0.47,0.54,0.36,0.45,0.86,0.23,0.62,0.19,0.73,0.44,7.77,0.97,0.11,20.39,0.21
2,新北國王,21|14038,李愷諺/飛米,7,385,453.0,6413.58,106.89,106:54,916.23,15.27,15:16,171.0,24.43,37.75,57.59,254.0,36.29,56.07,85.54,162.0,23.14,35.76,54.56,65.0,9.29,14.35,21.89,102.0,14.57,22.52,34.35,50.0,7.14,11.04,16.84,60.0,8.57,13.25,20.21,15.0,2.14,3.31,5.05,35.0,5.0,7.73,11.79,24.0,3.43,5.3,8.08,25.0,3.57,5.52,8.42,77.0,11.0,17.0,25.93,29.0,4.14,6.4,9.77,54.0,7.71,11.92,18.19,32.0,4.57,7.06,10.78,33.0,4.71,7.28,11.11,15.0,2.14,3.31,5.05,11.0,1.57,2.43,3.7,40.0,5.71,8.83,13.47,51.0,7.29,11.26,17.18,37.75,56.07,-18.32,101.71,-83.0,-11.86,-18.32,106.89,15.27,0.45,0.48,0.49,0.25,0.69,0.15,0.51,0.32,0.73,0.55,3.31,2.43,0.09,11.26,0.22
2,新竹御嵿攻城獅,78|14982,朱雲豪/徐小龍,3,85,100.0,1285.37,21.42,21:25,428.46,7.14,07:08,45.0,15.0,45.0,75.62,48.0,16.0,48.0,80.66,36.0,12.0,36.0,60.5,16.0,5.33,16.0,26.89,21.0,7.0,21.0,35.29,12.0,4.0,12.0,20.17,15.0,5.0,15.0,25.21,4.0,1.33,4.0,6.72,10.0,3.33,10.0,16.8,9.0,3.0,9.0,15.12,4.0,1.33,4.0,6.72,17.0,5.67,17.0,28.57,7.0,2.33,7.0,11.76,13.0,4.33,13.0,21.85,6.0,2.0,6.0,10.08,10.0,3.33,10.0,16.8,4.0,1.33,4.0,6.72,1.0,0.33,1.0,1.68,6.0,2.0,6.0,10.08,7.0,2.33,7.0,11.76,45.0,48.0,-3.0,112.03,-3.0,-1.0,-3.0,21.42,7.14,0.5,0.56,0.57,0.27,0.9,0.13,0.62,0.24,0.71,0.51,4.0,1.0,0.06,7.0,0.28
2,新竹御嵿攻城獅,78|14843,朱雲豪/馬力,5,117,145.0,1801.42,30.02,30:01,360.28,6.0,06:00,63.0,12.6,43.45,75.54,46.0,9.2,31.72,55.16,52.0,10.4,35.86,62.35,23.0,4.6,15.86,27.58,32.0,6.4,22.07,38.37,19.0,3.8,13.1,22.78,20.0,4.0,13.79,23.98,4.0,0.8,2.76,4.8,17.0,3.4,11.72,20.38,13.0,2.6,8.97,15.59,9.0,1.8,6.21,10.79,24.0,4.8,16.55,28.78,13.0,2.6,8.97,15.59,25.0,5.0,17.24,29.98,7.0,1.4,4.83,8.39,16.0,3.2,11.03,19.18,4.0,0.8,2.76,4.8,2.0,0.4,1.38,2.4,14.0,2.8,9.66,16.79,11.0,2.2,7.59,13.19,43.45,31.72,11.72,115.91,17.0,3.4,11.72,30.02,6.0,0.48,0.53,0.59,0.2,0.76,0.11,0.7,0.26,0.65,0.46,2.76,1.38,0.1,7.59,0.33
2,新竹御嵿攻城獅,80|14982,田浩/徐小龍,1,3,3.0,52.4,0.87,00:52,52.4,0.87,00:52,0.0,0.0,0.0,0.0,2.0,2.0,66.67,82.45,1.0,1.0,33.33,41.22,0.0,0.0,0.0,0.0,1.0,1.0,33.33,41.22,0.0,0.0,0.0,0.0,0.0,0.0,0.0,0.0,0.0,0.0,0.0,0.0,2.0,2.0,66.67,82.45,1.0,1.0,33.33,41.22,0.0,0.0,0.0,0.0,1.0,1.0,33.33,41.22,0.0,0.0,0.0,0.0,0.0,0.0,0.0,0.0,0.0,0.0,0.0,0.0,0.0,0.0,0.0,0.0,0.0,0.0,0.0,0.0,0.0,0.0,0.0,0.0,0.0,0.0,0.0,0.0,0.0,0.0,0.0,0.0,0.0,66.67,-66.67,82.45,-2.0,-2.0,-66.67,0.87,0.87,0.0,0.0,0.0,,0.5,0.0,,,1.0,1.0,0.0,0.0,0.0,0.0,2.0
2,高雄全家海神,108|4181,魏莨哲/艾德,3,95,119.0,1602.21,26.7,26:42,534.07,8.9,08:54,48.0,16.0,40.34,64.71,63.0,21.0,52.94,84.93,38.0,12.67,31.93,51.23,17.0,5.67,14.29,22.92,17.0,5.67,14.29,22.92,9.0,3.0,7.56,12.13,21.0,7.0,17.65,28.31,8.0,2.67,6.72,10.79,14.0,4.67,11.76,18.87,6.0,2.0,5.04,8.09,10.0,3.33,8.4,13.48,15.0,5.0,12.61,20.22,8.0,2.67,6.72,10.79,13.0,4.33,10.92,17.53,11.0,3.67,9.24,14.83,9.0,3.0,7.56,12.13,8.0,2.67,6.72,10.79,3.0,1.0,2.52,4.04,14.0,4.67,11.76,18.87,19.0,6.33,15.97,25.61,40.34,52.94,-12.61,106.95,-15.0,-5.0,-12.61,26.7,8.9,0.55,0.54,0.53,0.38,0.43,0.2,0.53,0.43,0.65,0.54,6.72,2.52,0.12,15.97,0.37
2,高雄全家海神,4181|13399,艾德/賽克維奇,2,89,113.0,1490.29,24.84,24:50,745.15,12.42,12:25,48.0,24.0,42.48,69.57,59.0,29.5,52.21,85.51,40.0,20.0,35.4,57.98,18.0,9.0,15.93,26.09,20.0,10.0,17.7,28.99,12.0,6.0,10.62,17.39,20.0,10.0,17.7,28.99,6.0,3.0,5.31,8.7,12.0,6.0,10.62,17.39,6.0,3.0,5.31,8.7,8.0,4.0,7.08,11.6,15.0,7.5,13.27,21.74,10.0,5.0,8.85,14.49,13.0,6.5,11.5,18.84,7.0,3.5,6.19,10.15,8.0,4.0,7.08,11.6,5.0,2.5,4.42,7.25,0.0,0.0,0.0,0.0,12.0,6.0,10.62,17.39,14.0,7.0,12.39,20.29,42.48,52.21,-9.73,109.19,-11.0,-5.5,-9.73,24.84,12.42,0.52,0.53,0.6,0.3,0.5,0.13,0.44,0.38,0.6,0.5,4.42,0.0,0.11,12.39,0.3
2,高雄全家海神,45|4181,施晉堯/艾德,7,343,400.0,5740.44,95.67,95:40,820.06,13.67,13:40,197.0,28.14,49.25,74.13,192.0,27.43,48.0,72.25,149.0,21.29,37.25,56.07,69.0,9.86,17.25,25.96,77.0,11.0,19.25,28.97,38.0,5.43,9.5,14.3,72.0,10.29,18.0,27.09,31.0,4.43,7.75,11.66,40.0,5.71,10.0,15.05,28.0,4.0,7.0,10.54,28.0,4.0,7.0,10.54,59.0,8.43,14.75,22.2,22.0,3.14,5.5,8.28,62.0,8.86,15.5,23.33,28.0,4.0,7.0,10.54,49.0,7.0,12.25,18.44,24.0,3.43,6.0,9.03,6.0,0.86,1.5,2.26,30.0,4.29,7.5,11.29,37.0,5.29,9.25,13.92,49.25,48.0,1.25,100.34,5.0,0.71,1.25,95.67,13.67,0.57,0.59,0.49,0.43,0.7,0.14,0.71,0.31,0.73,0.51,6.0,1.5,0.08,9.25,0.27
2,高雄全家海神,4181|10891,艾德/廖偉皓,6,296,347.0,4818.44,80.31,80:18,803.07,13.38,13:23,157.0,26.17,45.24,70.38,163.0,27.17,46.97,73.07,126.0,21.0,36.31,56.48,55.0,9.17,15.85,24.66,77.0,12.83,22.19,34.52,37.0,6.17,10.66,16.59,49.0,8.17,14.12,21.97,18.0,3.0,5.19,8.07,40.0,6.67,11.53,17.93,29.0,4.83,8.36,13.0,24.0,4.0,6.92,10.76,52.0,8.67,14.99,23.31,21.0,3.5,6.05,9.41,51.0,8.5,14.7,22.86,25.0,4.17,7.2,11.21,34.0,5.67,9.8,15.24,20.0,3.33,5.76,8.97,5.0,0.83,1.44,2.24,30.0,5.0,8.65,13.45,24.0,4.0,6.92,10.76,45.24,46.97,-1.73,103.7,-6.0,-1.0,-1.73,80.31,13.38,0.51,0.55,0.48,0.37,0.72,0.15,0.62,0.32,0.71,0.51,5.76,1.44,0.09,6.92,0.32
2,新北中信特攻,39|10883,魏嘉豪/林安龍,2,23,29.0,343.98,5.73,05:44,171.99,2.87,02:52,15.0,7.5,51.72,94.19,19.0,9.5,65.52,119.31,10.0,5.0,34.48,62.79,5.0,2.5,17.24,31.4,3.0,1.5,10.34,18.84,2.0,1.0,6.9,12.56,7.0,3.5,24.14,43.96,3.0,1.5,10.34,18.84,4.0,2.0,13.79,25.12,4.0,2.0,13.79,25.12,1.0,0.5,3.45,6.28,4.0,2.0,13.79,25.12,3.0,1.5,10.34,18.84,4.0,2.0,13.79,25.12,1.0,0.5,3.45,6.28,3.0,1.5,10.34,18.84,1.0,0.5,3.45,6.28,0.0,0.0,0.0,0.0,2.0,1.0,6.9,12.56,9.0,4.5,31.03,56.52,51.72,65.52,-13.79,121.4,-4.0,-2.0,-13.79,5.73,2.87,0.65,0.64,0.67,0.43,1.0,0.08,0.6,0.2,0.57,0.42,3.45,0.0,0.07,31.03,0.4
2,新北中信特攻,48|10883,李沛澄/林安龍,3,31,41.0,464.47,7.74,07:44,154.82,2.58,02:35,20.0,6.67,48.78,93.01,25.0,8.33,60.98,116.26,14.0,4.67,34.15,65.11,7.0,2.33,17.07,32.55,4.0,1.33,9.76,18.6,3.0,1.0,7.32,13.95,10.0,3.33,24.39,46.5,4.0,1.33,9.76,18.6,4.0,1.33,9.76,18.6,4.0,1.33,9.76,18.6,2.0,0.67,4.88,9.3,5.0,1.67,12.2,23.25,5.0,1.67,12.2,23.25,6.0,2.0,14.63,27.9,2.0,0.67,4.88,9.3,4.0,1.33,9.76,18.6,1.0,0.33,2.44,4.65,0.0,0.0,0.0,0.0,3.0,1.0,7.32,13.95,11.0,3.67,26.83,51.15,48.78,60.98,-12.2,127.11,-5.0,-1.67,-12.2,7.74,2.58,0.64,0.63,0.75,0.4,1.0,0.11,0.57,0.25,0.5,0.39,2.44,0.0,0.07,26.83,0.29
2,臺北台新戰神,10867|13907,威力斯/梅克,6,483,570.0,7936.3,132.27,132:16,1322.72,22.05,22:03,259.0,43.17,45.44,70.49,284.0,47.33,49.82,77.3,208.0,34.67,36.49,56.61,92.0,15.33,16.14,25.04,123.0,20.5,21.58,33.48,68.0,11.33,11.93,18.51,85.0,14.17,14.91,23.13,24.0,4.0,4.21,6.53,68.0,11.33,11.93,18.51,51.0,8.5,8.95,13.88,33.0,5.5,5.79,8.98,91.0,15.17,15.96,24.77,31.0,5.17,5.44,8.44,96.0,16.0,16.84,26.13,39.0,6.5,6.84,10.61,61.0,10.17,10.7,16.6,26.0,4.33,4.56,7.08,6.0,1.0,1.05,1.63,58.0,9.67,10.18,15.79,58.0,9.67,10.18,15.79,45.44,49.82,-4.39,103.42,-25.0,-4.17,-4.39,132.27,22.05,0.5,0.54,0.55,0.28,0.75,0.14,0.66,0.26,0.75,0.49,4.56,1.05,0.1,10.18,0.33
2,臺北台新戰神,13907|14845,梅克/恩多,6,337,405.0,5643.01,94.05,94:03,940.5,15.68,15:41,171.0,28.5,42.22,65.45,200.0,33.33,49.38,76.55,149.0,24.83,36.79,57.03,61.0,10.17,15.06,23.35,87.0,14.5,21.48,33.3,42.0,7.0,10.37,16.08,62.0,10.33,15.31,23.73,19.0,3.17,4.69,7.27,46.0,7.67,11.36,17.61,30.0,5.0,7.41,11.48,32.0,5.33,7.9,12.25,61.0,10.17,15.06,23.35,24.0,4.0,5.93,9.19,61.0,10.17,15.06,23.35,31.0,5.17,7.65,11.87,36.0,6.0,8.89,13.78,16.0,2.67,3.95,6.12,8.0,1.33,1.98,3.06,40.0,6.67,9.88,15.31,32.0,5.33,7.9,12.25,42.22,49.38,-7.16,103.35,-29.0,-4.83,-7.16,94.05,15.68,0.47,0.51,0.48,0.31,0.65,0.15,0.59,0.34,0.72,0.52,3.95,1.98,0.1,7.9,0.31
2,臺北台新戰神,10863|14845,魏芃禾/恩多,5,114,136.0,1844.74,30.75,30:45,368.95,6.15,06:09,44.0,8.8,32.35,51.52,69.0,13.8,50.74,80.79,49.0,9.8,36.03,57.37,16.0,3.2,11.76,18.73,26.0,5.2,19.12,30.44,9.0,1.8,6.62,10.54,23.0,4.6,16.91,26.93,7.0,1.4,5.15,8.2,14.0,2.8,10.29,16.39,5.0,1.0,3.68,5.85,10.0,2.0,7.35,11.71,26.0,5.2,19.12,30.44,10.0,2.0,7.35,11.71,23.0,4.6,16.91,26.93,9.0,1.8,6.62,10.54,9.0,1.8,6.62,10.54,7.0,1.4,5.15,8.2,6.0,1.2,4.41,7.03,13.0,2.6,9.56,15.22,9.0,1.8,6.62,10.54,32.35,50.74,-18.38,106.16,-25.0,-5.0,-18.38,30.75,6.15,0.4,0.4,0.35,0.3,0.36,0.14,0.56,0.3,0.72,0.52,5.15,4.41,0.1,6.62,0.29
2,新竹御嵿攻城獅,10888|14982,帕塞獅/徐小龍,3,54,62.0,812.13,13.54,13:32,270.71,4.51,04:31,29.0,9.67,46.77,77.13,29.0,9.67,46.77,77.13,22.0,7.33,35.48,58.51,10.0,3.33,16.13,26.6,15.0,5.0,24.19,39.9,6.0,2.0,9.68,15.96,7.0,2.33,11.29,18.62,4.0,1.33,6.45,10.64,6.0,2.0,9.68,15.96,5.0,1.67,8.06,13.3,3.0,1.0,4.84,7.98,10.0,3.33,16.13,26.6,3.0,1.0,4.84,7.98,10.0,3.33,16.13,26.6,4.0,1.33,6.45,10.64,7.0,2.33,11.29,18.62,4.0,1.33,6.45,10.64,1.0,0.33,1.61,2.66,7.0,2.33,11.29,18.62,12.0,4.0,19.35,31.92,46.77,46.77,0.0,109.93,0.0,0.0,0.0,13.54,4.51,0.55,0.59,0.4,0.57,0.83,0.14,0.7,0.23,0.77,0.5,6.45,1.61,0.11,19.35,0.27
2,新竹御嵿攻城獅,82|84,蕭順議/李家瑞,2,29,35.0,428.51,7.14,07:09,214.25,3.57,03:34,12.0,6.0,34.29,60.49,11.0,5.5,31.43,55.45,11.0,5.5,31.43,55.45,4.0,2.0,11.43,20.16,8.0,4.0,22.86,40.33,4.0,2.0,11.43,20.16,3.0,1.5,8.57,15.12,0.0,0.0,0.0,0.0,5.0,2.5,14.29,25.2,4.0,2.0,11.43,20.16,1.0,0.5,2.86,5.04,7.0,3.5,20.0,35.29,3.0,1.5,8.57,15.12,8.0,4.0,22.86,40.33,3.0,1.5,8.57,15.12,1.0,0.5,2.86,5.04,3.0,1.5,8.57,15.12,0.0,0.0,0.0,0.0,4.0,2.0,11.43,20.16,0.0,0.0,0.0,0.0,34.29,31.43,2.86,117.62,1.0,0.5,2.86,7.14,3.57,0.36,0.45,0.5,0.0,0.8,0.19,0.25,0.11,0.7,0.42,8.57,0.0,0.11,0.0,0.45
2,新竹御嵿攻城獅,84|90,李家瑞/李啓瑋,1,15,18.0,217.51,3.63,03:38,217.51,3.63,03:38,7.0,7.0,38.89,69.52,5.0,5.0,27.78,49.65,6.0,6.0,33.33,59.58,2.0,2.0,11.11,19.86,5.0,5.0,27.78,49.65,2.0,2.0,11.11,19.86,1.0,1.0,5.56,9.93,0.0,0.0,0.0,0.0,4.0,4.0,22.22,39.72,3.0,3.0,16.67,29.79,1.0,1.0,5.56,9.93,4.0,4.0,22.22,39.72,1.0,1.0,5.56,9.93,4.0,4.0,22.22,39.72,1.0,1.0,5.56,9.93,0.0,0.0,0.0,0.0,1.0,1.0,5.56,9.93,0.0,0.0,0.0,0.0,2.0,2.0,11.11,19.86,0.0,0.0,0.0,0.0,38.89,27.78,11.11,119.17,2.0,2.0,11.11,3.63,3.63,0.33,0.45,0.4,0.0,0.75,0.11,0.0,0.2,0.8,0.5,5.56,0.0,0.11,0.0,0.67
2,新竹御嵿攻城獅,82|14982,蕭順議/徐小龍,3,96,114.0,1485.65,24.76,24:46,495.22,8.25,08:15,43.0,14.33,37.72,62.52,45.0,15.0,39.47,65.43,40.0,13.33,35.09,58.16,17.0,5.67,14.91,24.72,28.0,9.33,24.56,40.71,15.0,5.0,13.16,21.81,12.0,4.0,10.53,17.45,2.0,0.67,1.75,2.91,10.0,3.33,8.77,14.54,7.0,2.33,6.14,10.18,6.0,2.0,5.26,8.72,19.0,6.33,16.67,27.62,8.0,2.67,7.02,11.63,18.0,6.0,15.79,26.17,8.0,2.67,7.02,11.63,10.0,3.33,8.77,14.54,5.0,1.67,4.39,7.27,2.0,0.67,1.75,2.91,7.0,2.33,6.14,10.18,6.0,2.0,5.26,8.72,37.72,39.47,-1.75,110.5,-2.0,-0.67,-1.75,24.76,8.25,0.45,0.48,0.54,0.17,0.7,0.15,0.59,0.25,0.7,0.49,4.39,1.75,0.06,5.26,0.25
2,新竹御嵿攻城獅,90|14982,李啓瑋/徐小龍,2,24,27.0,412.95,6.88,06:53,206.48,3.44,03:26,9.0,4.5,33.33,47.08,12.0,6.0,44.44,62.77,10.0,5.0,37.04,52.31,3.0,1.5,11.11,15.69,6.0,3.0,22.22,31.38,3.0,1.5,11.11,15.69,4.0,2.0,14.81,20.92,0.0,0.0,0.0,0.0,4.0,2.0,14.81,20.92,3.0,1.5,11.11,15.69,1.0,0.5,3.7,5.23,7.0,3.5,25.93,36.61,1.0,0.5,3.7,5.23,7.0,3.5,25.93,36.61,1.0,0.5,3.7,5.23,2.0,1.0,7.41,10.46,1.0,0.5,3.7,5.23,0.0,0.0,0.0,0.0,2.0,1.0,7.41,10.46,2.0,1.0,7.41,10.46,33.33,44.44,-11.11,94.15,-3.0,-1.5,-11.11,6.88,3.44,0.3,0.38,0.5,0.0,0.75,0.08,0.67,0.12,0.88,0.5,3.7,0.0,0.07,7.41,0.4
2,臺北台新戰神,2|13907,江均/梅克,2,9,9.0,138.11,2.3,02:18,69.05,1.15,01:09,0.0,0.0,0.0,0.0,9.0,4.5,100.0,140.76,4.0,2.0,44.44,62.56,0.0,0.0,0.0,0.0,2.0,1.0,22.22,31.28,0.0,0.0,0.0,0.0,2.0,1.0,22.22,31.28,0.0,0.0,0.0,0.0,0.0,0.0,0.0,0.0,0.0,0.0,0.0,0.0,0.0,0.0,0.0,0.0,4.0,2.0,44.44,62.56,0.0,0.0,0.0,0.0,1.0,0.5,11.11,15.64,0.0,0.0,0.0,0.0,0.0,0.0,0.0,0.0,0.0,0.0,0.0,0.0,0.0,0.0,0.0,0.0,1.0,0.5,11.11,15.64,1.0,0.5,11.11,15.64,0.0,100.0,-100.0,93.84,-9.0,-4.5,-100.0,2.3,1.15,0.0,0.0,0.0,0.0,,0.0,,0.0,1.0,0.8,0.0,0.0,0.11,11.11,0.0
2,福爾摩沙夢想家,101|13906,周柏臣/班提爾,1,5,6.0,61.56,1.03,01:02,61.56,1.03,01:02,5.0,5.0,83.33,175.44,3.0,3.0,50.0,105.27,2.0,2.0,33.33,70.18,1.0,1.0,16.67,35.09,1.0,1.0,16.67,35.09,0.0,0.0,0.0,0.0,1.0,1.0,16.67,35.09,1.0,1.0,16.67,35.09,4.0,4.0,66.67,140.36,2.0,2.0,33.33,70.18,1.0,1.0,16.67,35.09,1.0,1.0,16.67,35.09,0.0,0.0,0.0,0.0,1.0,1.0,16.67,35.09,0.0,0.0,0.0,0.0,1.0,1.0,16.67,35.09,0.0,0.0,0.0,0.0,0.0,0.0,0.0,0.0,1.0,1.0,16.67,35.09,1.0,1.0,16.67,35.09,83.33,50.0,33.33,140.36,2.0,2.0,33.33,1.03,1.03,0.75,0.66,0.0,1.0,0.5,0.0,1.0,0.5,1.0,0.67,0.0,0.0,0.17,16.67,2.0
2,高雄全家海神,45|14844,施晉堯/杭特,5,241,283.0,4184.14,69.74,69:44,836.83,13.95,13:57,131.0,26.2,46.29,67.63,128.0,25.6,45.23,66.08,95.0,19.0,33.57,49.04,43.0,8.6,15.19,22.2,52.0,10.4,18.37,26.84,28.0,5.6,9.89,14.45,43.0,8.6,15.19,22.2,15.0,3.0,5.3,7.74,45.0,9.0,15.9,23.23,30.0,6.0,10.6,15.49,15.0,3.0,5.3,7.74,45.0,9.0,15.9,23.23,19.0,3.8,6.71,9.81,38.0,7.6,13.43,19.62,18.0,3.6,6.36,9.29,26.0,5.2,9.19,13.42,14.0,2.8,4.95,7.23,6.0,1.2,2.12,3.1,33.0,6.6,11.66,17.04,32.0,6.4,11.31,16.52,46.29,45.23,1.06,97.4,3.0,0.6,1.06,69.74,13.95,0.53,0.57,0.54,0.35,0.67,0.14,0.6,0.28,0.7,0.51,4.95,2.12,0.12,11.31,0.47
2,高雄全家海神,119|4181,余純安/艾德,3,70,85.0,1120.55,18.68,18:41,373.52,6.23,06:14,48.0,16.0,56.47,92.53,43.0,14.33,50.59,82.89,28.0,9.33,32.94,53.97,15.0,5.0,17.65,28.91,12.0,4.0,14.12,23.13,6.0,2.0,7.06,11.57,16.0,5.33,18.82,30.84,9.0,3.0,10.59,17.35,11.0,3.67,12.94,21.2,7.0,2.33,8.24,13.49,5.0,1.67,5.88,9.64,11.0,3.67,12.94,21.2,5.0,1.67,5.88,9.64,14.0,4.67,16.47,26.99,6.0,2.0,7.06,11.57,10.0,3.33,11.76,19.28,5.0,1.67,5.88,9.64,0.0,0.0,0.0,0.0,9.0,3.0,10.59,17.35,8.0,2.67,9.41,15.42,56.47,50.59,5.88,109.23,5.0,1.67,5.88,18.68,6.23,0.7,0.73,0.5,0.56,0.64,0.15,0.67,0.26,0.69,0.46,5.88,0.0,0.11,9.41,0.39
2,福爾摩沙夢想家,73|91,陳振傑/簡偉儒,1,6,8.0,129.0,2.15,02:09,129.0,2.15,02:09,0.0,0.0,0.0,0.0,6.0,6.0,75.0,100.47,2.0,2.0,25.0,33.49,0.0,0.0,0.0,0.0,1.0,1.0,12.5,16.74,0.0,0.0,0.0,0.0,1.0,1.0,12.5,16.74,0.0,0.0,0.0,0.0,0.0,0.0,0.0,0.0,0.0,0.0,0.0,0.0,0.0,0.0,0.0,0.0,2.0,2.0,25.0,33.49,2.0,2.0,25.0,33.49,2.0,2.0,25.0,33.49,1.0,1.0,12.5,16.74,0.0,0.0,0.0,0.0,0.0,0.0,0.0,0.0,1.0,1.0,12.5,16.74,0.0,0.0,0.0,0.0,0.0,0.0,0.0,0.0,0.0,75.0,-75.0,89.3,-6.0,-6.0,-75.0,2.15,2.15,0.0,0.0,0.0,0.0,,0.33,,0.0,0.5,0.33,0.0,12.5,0.0,0.0,0.0
2,福爾摩沙夢想家,73|101,陳振傑/周柏臣,2,39,49.0,746.66,12.44,12:27,373.33,6.22,06:13,9.0,4.5,18.37,26.04,12.0,6.0,24.49,34.71,18.0,9.0,36.73,52.07,4.0,2.0,8.16,11.57,8.0,4.0,16.33,23.14,4.0,2.0,8.16,11.57,10.0,5.0,20.41,28.93,0.0,0.0,0.0,0.0,5.0,2.5,10.2,14.46,1.0,0.5,2.04,2.89,5.0,2.5,10.2,14.46,12.0,6.0,24.49,34.71,4.0,2.0,8.16,11.57,12.0,6.0,24.49,34.71,3.0,1.5,6.12,8.68,0.0,0.0,0.0,0.0,1.0,0.5,2.04,2.89,1.0,0.5,2.04,2.89,3.0,1.5,6.12,8.68,2.0,1.0,4.08,5.79,18.37,24.49,-6.12,94.5,-3.0,-1.5,-6.12,12.44,6.22,0.22,0.22,0.5,0.0,0.2,0.13,0.0,0.29,0.75,0.52,2.04,2.04,0.06,4.08,0.28
2,新北中信特攻,35|104,李睿麒/貝奇,1,34,43.0,699.21,11.65,11:39,699.21,11.65,11:39,20.0,20.0,46.51,61.78,10.0,10.0,23.26,30.89,16.0,16.0,37.21,49.43,5.0,5.0,11.63,15.45,8.0,8.0,18.6,24.71,3.0,3.0,6.98,9.27,8.0,8.0,18.6,24.71,2.0,2.0,4.65,6.18,10.0,10.0,23.26,30.89,8.0,8.0,18.6,24.71,5.0,5.0,11.63,15.45,7.0,7.0,16.28,21.62,4.0,4.0,9.3,12.36,8.0,8.0,18.6,24.71,1.0,1.0,2.33,3.09,5.0,5.0,11.63,15.45,0.0,0.0,0.0,0.0,0.0,0.0,0.0,0.0,7.0,7.0,16.28,21.62,10.0,10.0,23.26,30.89,46.51,23.26,23.26,88.56,10.0,10.0,23.26,11.65,11.65,0.38,0.49,0.38,0.25,0.8,0.05,1.0,0.38,0.64,0.5,0.0,0.0,0.16,23.26,0.62
2,新北中信特攻,35|8889,李睿麒/馬可,1,26,34.0,602.12,10.04,10:02,602.12,10.04,10:02,17.0,17.0,50.0,60.98,8.0,8.0,23.53,28.7,12.0,12.0,35.29,43.05,3.0,3.0,8.82,10.76,7.0,7.0,20.59,25.11,2.0,2.0,5.88,7.17,5.0,5.0,14.71,17.94,1.0,1.0,2.94,3.59,12.0,12.0,35.29,43.05,10.0,10.0,29.41,35.87,4.0,4.0,11.76,14.35,6.0,6.0,17.65,21.52,4.0,4.0,11.76,14.35,5.0,5.0,14.71,17.94,0.0,0.0,0.0,0.0,3.0,3.0,8.82,10.76,0.0,0.0,0.0,0.0,0.0,0.0,0.0,0.0,7.0,7.0,20.59,25.11,6.0,6.0,17.65,21.52,50.0,23.53,26.47,81.31,9.0,9.0,26.47,10.04,10.04,0.29,0.49,0.29,0.2,0.83,0.0,1.0,0.44,0.6,0.53,0.0,0.0,0.21,17.65,1.0
2,新北中信特攻,35|10877,李睿麒/阿巴西,1,29,35.0,573.97,9.57,09:34,573.97,9.57,09:34,19.0,19.0,54.29,71.5,8.0,8.0,22.86,30.11,13.0,13.0,37.14,48.92,4.0,4.0,11.43,15.05,7.0,7.0,20.0,26.34,3.0,3.0,8.57,11.29,6.0,6.0,17.14,22.58,1.0,1.0,2.86,3.76,12.0,12.0,34.29,45.16,10.0,10.0,28.57,37.63,5.0,5.0,14.29,18.82,5.0,5.0,14.29,18.82,1.0,1.0,2.86,3.76,7.0,7.0,20.0,26.34,1.0,1.0,2.86,3.76,5.0,5.0,14.29,18.82,0.0,0.0,0.0,0.0,0.0,0.0,0.0,0.0,6.0,6.0,17.14,22.58,8.0,8.0,22.86,30.11,54.29,22.86,31.43,87.81,11.0,11.0,31.43,9.57,9.57,0.35,0.52,0.43,0.17,0.83,0.05,1.25,0.42,0.83,0.56,0.0,0.0,0.17,22.86,0.92
2,高雄全家海神,108|14844,魏莨哲/杭特,1,6,7.0,53.33,0.89,00:53,53.33,0.89,00:53,3.0,3.0,42.86,121.5,0.0,0.0,0.0,0.0,1.0,1.0,14.29,40.5,1.0,1.0,14.29,40.5,1.0,1.0,14.29,40.5,1.0,1.0,14.29,40.5,0.0,0.0,0.0,0.0,0.0,0.0,0.0,0.0,3.0,3.0,42.86,121.5,1.0,1.0,14.29,40.5,0.0,0.0,0.0,0.0,1.0,1.0,14.29,40.5,1.0,1.0,14.29,40.5,0.0,0.0,0.0,0.0,1.0,1.0,14.29,40.5,0.0,0.0,0.0,0.0,1.0,1.0,14.29,40.5,0.0,0.0,0.0,0.0,1.0,1.0,14.29,40.5,0.0,0.0,0.0,0.0,42.86,0.0,42.86,189.0,3.0,3.0,42.86,0.89,0.89,1.0,0.65,1.0,,0.33,0.3,0.0,,0.5,0.5,14.29,0.0,0.14,0.0,3.0
2,臺北台新戰神,2|14845,江均/恩多,3,62,72.0,937.98,15.63,15:38,312.66,5.21,05:13,23.0,7.67,31.94,52.96,33.0,11.0,45.83,75.99,23.0,7.67,31.94,52.96,9.0,3.0,12.5,20.73,13.0,4.33,18.06,29.94,8.0,2.67,11.11,18.42,10.0,3.33,13.89,23.03,1.0,0.33,1.39,2.3,9.0,3.0,12.5,20.73,4.0,1.33,5.56,9.21,5.0,1.67,6.94,11.51,12.0,4.0,16.67,27.63,4.0,1.33,5.56,9.21,10.0,3.33,13.89,23.03,8.0,2.67,11.11,18.42,3.0,1.0,4.17,6.91,5.0,1.67,6.94,11.51,1.0,0.33,1.39,2.3,6.0,2.0,8.33,13.82,10.0,3.33,13.89,23.03,31.94,45.83,-13.89,110.53,-10.0,-3.33,-13.89,15.63,5.21,0.41,0.43,0.62,0.1,0.44,0.23,0.33,0.33,0.75,0.55,6.94,1.39,0.08,13.89,0.39
2,高雄全家海神,4181|13275,艾德/吳彥侖,1,13,28.0,250.86,4.18,04:11,250.86,4.18,04:11,5.0,5.0,17.86,43.05,11.0,11.0,39.29,94.71,11.0,11.0,39.29,94.71,2.0,2.0,7.14,17.22,9.0,9.0,32.14,77.49,2.0,2.0,7.14,17.22,2.0,2.0,7.14,17.22,0.0,0.0,0.0,0.0,2.0,2.0,7.14,17.22,1.0,1.0,3.57,8.61,8.0,8.0,28.57,68.88,2.0,2.0,7.14,17.22,5.0,5.0,17.86,43.05,1.0,1.0,3.57,8.61,3.0,3.0,10.71,25.83,1.0,1.0,3.57,8.61,2.0,2.0,7.14,17.22,0.0,0.0,0.0,0.0,4.0,4.0,14.29,34.44,2.0,2.0,7.14,17.22,17.86,39.29,-21.43,160.72,-6.0,-6.0,-21.43,4.18,4.18,0.18,0.21,0.22,0.0,0.5,0.2,0.5,0.89,0.29,0.62,7.14,0.0,0.14,7.14,0.18
2,新北中信特攻,44|10878,黃泓瀚/曾信武,3,35,45.0,500.12,8.34,08:20,166.71,2.78,02:47,15.0,5.0,33.33,64.78,22.0,7.33,48.89,95.02,18.0,6.0,40.0,77.74,6.0,2.0,13.33,25.91,10.0,3.33,22.22,43.19,3.0,1.0,6.67,12.96,8.0,2.67,17.78,34.55,3.0,1.0,6.67,12.96,0.0,0.0,0.0,0.0,0.0,0.0,0.0,0.0,5.0,1.67,11.11,21.59,7.0,2.33,15.56,30.23,3.0,1.0,6.67,12.96,9.0,3.0,20.0,38.87,5.0,1.67,11.11,21.59,4.0,1.33,8.89,17.28,3.0,1.0,6.67,12.96,0.0,0.0,0.0,0.0,1.0,0.33,2.22,4.32,8.0,2.67,17.78,34.55,33.33,48.89,-15.56,129.57,-7.0,-2.33,-15.56,8.34,2.78,0.42,0.42,0.3,0.38,,0.22,0.67,0.36,0.7,0.5,6.67,0.0,0.02,17.78,0.0
2,臺北台新戰神,4|14845,張兆辰/恩多,5,257,306.0,4297.21,71.62,71:37,859.44,14.32,14:19,130.0,26.0,42.48,65.34,157.0,31.4,51.31,78.92,108.0,21.6,35.29,54.29,47.0,9.4,15.36,23.62,59.0,11.8,19.28,29.66,33.0,6.6,10.78,16.59,49.0,9.8,16.01,24.63,14.0,2.8,4.58,7.04,36.0,7.2,11.76,18.1,22.0,4.4,7.19,11.06,18.0,3.6,5.88,9.05,49.0,9.8,16.01,24.63,21.0,4.2,6.86,10.56,45.0,9.0,14.71,22.62,22.0,4.4,7.19,11.06,29.0,5.8,9.48,14.58,15.0,3.0,4.9,7.54,3.0,0.6,0.98,1.51,34.0,6.8,11.11,17.09,29.0,5.8,9.48,14.58,42.48,51.31,-8.82,102.54,-27.0,-5.4,-8.82,71.62,14.32,0.5,0.52,0.56,0.29,0.61,0.15,0.62,0.29,0.7,0.5,4.9,0.98,0.11,9.48,0.33
2,新竹御嵿攻城獅,82|14843,蕭順議/馬力,2,67,74.0,1053.03,17.55,17:33,526.51,8.78,08:47,30.0,15.0,40.54,61.54,39.0,19.5,52.7,80.0,29.0,14.5,39.19,59.49,11.0,5.5,14.86,22.56,19.0,9.5,25.68,38.97,8.0,4.0,10.81,16.41,10.0,5.0,13.51,20.51,3.0,1.5,4.05,6.15,5.0,2.5,6.76,10.26,5.0,2.5,6.76,10.26,4.0,2.0,5.41,8.2,14.0,7.0,18.92,28.72,3.0,1.5,4.05,6.15,14.0,7.0,18.92,28.72,6.0,3.0,8.11,12.31,9.0,4.5,12.16,18.46,6.0,3.0,8.11,12.31,1.0,0.5,1.35,2.05,8.0,4.0,10.81,16.41,9.0,4.5,12.16,18.46,40.54,52.7,-12.16,101.19,-9.0,-4.5,-12.16,17.55,8.78,0.43,0.48,0.42,0.3,1.0,0.16,0.82,0.22,0.82,0.51,8.11,1.35,0.11,12.16,0.17
2,臺北台新戰神,2|9,江均/張耕淯,2,28,35.0,474.34,7.91,07:54,237.17,3.95,03:57,5.0,2.5,14.29,22.77,12.0,6.0,34.29,54.64,12.0,6.0,34.29,54.64,2.0,1.0,5.71,9.11,4.0,2.0,11.43,18.21,1.0,0.5,2.86,4.55,8.0,4.0,22.86,36.43,1.0,0.5,2.86,4.55,0.0,0.0,0.0,0.0,0.0,0.0,0.0,0.0,3.0,1.5,8.57,13.66,7.0,3.5,20.0,31.88,2.0,1.0,5.71,9.11,6.0,3.0,17.14,27.32,4.0,2.0,11.43,18.21,1.0,0.5,2.86,4.55,4.0,2.0,11.43,18.21,1.0,0.5,2.86,4.55,1.0,0.5,2.86,4.55,5.0,2.5,14.29,22.77,14.29,34.29,-20.0,106.25,-7.0,-3.5,-20.0,7.91,3.95,0.21,0.21,0.25,0.12,,0.25,0.5,0.33,0.78,0.56,11.43,2.86,0.03,14.29,0.0
2,臺北台新戰神,4|9,張兆辰/張耕淯,1,8,10.0,167.2,2.79,02:47,167.2,2.79,02:47,0.0,0.0,0.0,0.0,2.0,2.0,20.0,25.84,2.0,2.0,20.0,25.84,0.0,0.0,0.0,0.0,1.0,1.0,10.0,12.92,0.0,0.0,0.0,0.0,1.0,1.0,10.0,12.92,0.0,0.0,0.0,0.0,0.0,0.0,0.0,0.0,0.0,0.0,0.0,0.0,1.0,1.0,10.0,12.92,1.0,1.0,10.0,12.92,0.0,0.0,0.0,0.0,2.0,2.0,20.0,25.84,3.0,3.0,30.0,38.76,0.0,0.0,0.0,0.0,3.0,3.0,30.0,38.76,1.0,1.0,10.0,12.92,1.0,1.0,10.0,12.92,2.0,2.0,20.0,25.84,0.0,20.0,-20.0,86.12,-2.0,-2.0,-20.0,2.79,2.79,0.0,0.0,0.0,0.0,,0.6,,0.33,1.0,0.5,30.0,10.0,0.1,20.0,0.0
2,臺北台新戰神,9|11,張耕淯/蘇奕晉,2,28,35.0,474.34,7.91,07:54,237.17,3.95,03:57,5.0,2.5,14.29,22.77,12.0,6.0,34.29,54.64,12.0,6.0,34.29,54.64,2.0,1.0,5.71,9.11,4.0,2.0,11.43,18.21,1.0,0.5,2.86,4.55,8.0,4.0,22.86,36.43,1.0,0.5,2.86,4.55,0.0,0.0,0.0,0.0,0.0,0.0,0.0,0.0,3.0,1.5,8.57,13.66,7.0,3.5,20.0,31.88,2.0,1.0,5.71,9.11,6.0,3.0,17.14,27.32,4.0,2.0,11.43,18.21,1.0,0.5,2.86,4.55,4.0,2.0,11.43,18.21,1.0,0.5,2.86,4.55,1.0,0.5,2.86,4.55,5.0,2.5,14.29,22.77,14.29,34.29,-20.0,106.25,-7.0,-3.5,-20.0,7.91,3.95,0.21,0.21,0.25,0.12,,0.25,0.5,0.33,0.78,0.56,11.43,2.86,0.03,14.29,0.0
2,臺北台新戰神,9|10865,張耕淯/謝銘駿,2,12,15.0,213.7,3.56,03:34,106.85,1.78,01:47,0.0,0.0,0.0,0.0,7.0,3.5,46.67,70.75,5.0,2.5,33.33,50.54,0.0,0.0,0.0,0.0,1.0,0.5,6.67,10.11,0.0,0.0,0.0,0.0,4.0,2.0,26.67,40.43,0.0,0.0,0.0,0.0,0.0,0.0,0.0,0.0,0.0,0.0,0.0,0.0,1.0,0.5,6.67,10.11,4.0,2.0,26.67,40.43,0.0,0.0,0.0,0.0,3.0,1.5,20.0,30.32,1.0,0.5,6.67,10.11,0.0,0.0,0.0,0.0,1.0,0.5,6.67,10.11,0.0,0.0,0.0,0.0,1.0,0.5,6.67,10.11,3.0,1.5,20.0,30.32,0.0,46.67,-46.67,101.08,-7.0,-3.5,-46.67,3.56,1.78,0.0,0.0,0.0,0.0,,0.17,,0.25,1.0,0.62,6.67,0.0,0.07,20.0,0.0
2,臺北台新戰神,9|10863,張耕淯/魏芃禾,2,25,31.0,387.64,6.46,06:28,193.82,3.23,03:14,5.0,2.5,16.13,27.86,10.0,5.0,32.26,55.72,11.0,5.5,35.48,61.29,2.0,1.0,6.45,11.14,4.0,2.0,12.9,22.29,1.0,0.5,3.23,5.57,7.0,3.5,22.58,39.0,1.0,0.5,3.23,5.57,0.0,0.0,0.0,0.0,0.0,0.0,0.0,0.0,3.0,1.5,9.68,16.72,6.0,3.0,19.35,33.43,2.0,1.0,6.45,11.14,5.0,2.5,16.13,27.86,4.0,2.0,12.9,22.29,1.0,0.5,3.23,5.57,4.0,2.0,12.9,22.29,1.0,0.5,3.23,5.57,0.0,0.0,0.0,0.0,3.0,1.5,9.68,16.72,16.13,32.26,-16.13,115.16,-5.0,-2.5,-16.13,6.46,3.23,0.23,0.23,0.25,0.14,,0.27,0.5,0.38,0.75,0.56,12.9,3.23,0.0,9.68,0.0
2,臺北台新戰神,9|10864,張耕淯/劉彥廷,1,11,14.0,180.14,3.0,03:00,180.14,3.0,03:00,5.0,5.0,35.71,59.95,5.0,5.0,35.71,59.95,6.0,6.0,42.86,71.94,2.0,2.0,14.29,23.98,2.0,2.0,14.29,23.98,1.0,1.0,7.14,11.99,4.0,4.0,28.57,47.96,1.0,1.0,7.14,11.99,0.0,0.0,0.0,0.0,0.0,0.0,0.0,0.0,1.0,1.0,7.14,11.99,3.0,3.0,21.43,35.97,2.0,2.0,14.29,23.98,2.0,2.0,14.29,23.98,0.0,0.0,0.0,0.0,1.0,1.0,7.14,11.99,0.0,0.0,0.0,0.0,0.0,0.0,0.0,0.0,0.0,0.0,0.0,0.0,2.0,2.0,14.29,23.98,35.71,35.71,0.0,111.91,0.0,0.0,0.0,3.0,3.0,0.42,0.42,0.5,0.25,,0.0,0.5,0.33,0.6,0.5,0.0,0.0,0.0,14.29,0.0
2,高雄全家海神,13275|14844,吳彥侖/杭特,1,32,34.0,436.61,7.28,07:17,436.61,7.28,07:17,18.0,18.0,52.94,89.05,26.0,26.0,76.47,128.63,13.0,13.0,38.24,64.31,8.0,8.0,23.53,39.58,9.0,9.0,26.47,44.53,7.0,7.0,20.59,34.63,4.0,4.0,11.76,19.79,1.0,1.0,2.94,4.95,3.0,3.0,8.82,14.84,1.0,1.0,2.94,4.95,0.0,0.0,0.0,0.0,6.0,6.0,17.65,29.68,1.0,1.0,2.94,4.95,2.0,2.0,5.88,9.89,2.0,2.0,5.88,9.89,1.0,1.0,2.94,4.95,0.0,0.0,0.0,0.0,0.0,0.0,0.0,0.0,2.0,2.0,5.88,9.89,0.0,0.0,0.0,0.0,52.94,76.47,-23.53,112.14,-8.0,-8.0,-23.53,7.28,7.28,0.65,0.63,0.78,0.25,0.33,0.12,0.12,0.0,0.86,0.67,0.0,0.0,0.06,0.0,0.23
2,新北中信特攻,40|10883,謝亞軒/林安龍,1,5,5.0,59.92,1.0,01:00,59.92,1.0,01:00,0.0,0.0,0.0,0.0,3.0,3.0,60.0,108.14,2.0,2.0,40.0,72.09,0.0,0.0,0.0,0.0,1.0,1.0,20.0,36.05,0.0,0.0,0.0,0.0,1.0,1.0,20.0,36.05,0.0,0.0,0.0,0.0,0.0,0.0,0.0,0.0,0.0,0.0,0.0,0.0,0.0,0.0,0.0,0.0,2.0,2.0,40.0,72.09,0.0,0.0,0.0,0.0,2.0,2.0,40.0,72.09,0.0,0.0,0.0,0.0,0.0,0.0,0.0,0.0,0.0,0.0,0.0,0.0,0.0,0.0,0.0,0.0,0.0,0.0,0.0,0.0,2.0,2.0,40.0,72.09,0.0,60.0,-60.0,120.15,-3.0,-3.0,-60.0,1.0,1.0,0.0,0.0,0.0,0.0,,0.0,,0.0,1.0,0.5,0.0,0.0,0.0,40.0,0.0
2,新北中信特攻,104|10883,貝奇/林安龍,1,5,5.0,59.92,1.0,01:00,59.92,1.0,01:00,0.0,0.0,0.0,0.0,3.0,3.0,60.0,108.14,2.0,2.0,40.0,72.09,0.0,0.0,0.0,0.0,1.0,1.0,20.0,36.05,0.0,0.0,0.0,0.0,1.0,1.0,20.0,36.05,0.0,0.0,0.0,0.0,0.0,0.0,0.0,0.0,0.0,0.0,0.0,0.0,0.0,0.0,0.0,0.0,2.0,2.0,40.0,72.09,0.0,0.0,0.0,0.0,2.0,2.0,40.0,72.09,0.0,0.0,0.0,0.0,0.0,0.0,0.0,0.0,0.0,0.0,0.0,0.0,0.0,0.0,0.0,0.0,0.0,0.0,0.0,0.0,2.0,2.0,40.0,72.09,0.0,60.0,-60.0,120.15,-3.0,-3.0,-60.0,1.0,1.0,0.0,0.0,0.0,0.0,,0.0,,0.0,1.0,0.5,0.0,0.0,0.0,40.0,0.0
2,臺北台新戰神,4|14437,張兆辰/弗利沙,2,58,63.0,1054.73,17.58,17:35,527.36,8.79,08:47,20.0,10.0,31.75,40.96,35.0,17.5,55.56,71.68,26.0,13.0,41.27,53.25,7.0,3.5,11.11,14.34,14.0,7.0,22.22,28.67,6.0,3.0,9.52,12.29,12.0,6.0,19.05,24.58,1.0,0.5,1.59,2.05,7.0,3.5,11.11,14.34,5.0,2.5,7.94,10.24,2.0,1.0,3.17,4.1,18.0,9.0,28.57,36.86,0.0,0.0,0.0,0.0,10.0,5.0,15.87,20.48,3.0,1.5,4.76,6.14,7.0,3.5,11.11,14.34,1.0,0.5,1.59,2.05,1.0,0.5,1.59,2.05,9.0,4.5,14.29,18.43,6.0,3.0,9.52,12.29,31.75,55.56,-23.81,86.01,-15.0,-7.5,-23.81,17.58,8.79,0.29,0.34,0.43,0.08,0.71,0.09,1.0,0.17,1.0,0.67,1.59,1.59,0.14,9.52,0.27
2,臺北台新戰神,3|14437,陳文宏/弗利沙,2,19,23.0,276.01,4.6,04:36,138.0,2.3,02:18,6.0,3.0,26.09,46.95,15.0,7.5,65.22,117.39,7.0,3.5,30.43,54.78,2.0,1.0,8.7,15.65,4.0,2.0,17.39,31.3,2.0,1.0,8.7,15.65,3.0,1.5,13.04,23.48,0.0,0.0,0.0,0.0,2.0,1.0,8.7,15.65,2.0,1.0,8.7,15.65,1.0,0.5,4.35,7.83,4.0,2.0,17.39,31.3,1.0,0.5,4.35,7.83,2.0,1.0,8.7,15.65,3.0,1.5,13.04,23.48,0.0,0.0,0.0,0.0,2.0,1.0,8.7,15.65,0.0,0.0,0.0,0.0,2.0,1.0,8.7,15.65,4.0,2.0,17.39,31.3,26.09,65.22,-39.13,120.0,-9.0,-4.5,-39.13,4.6,2.3,0.29,0.38,0.5,0.0,1.0,0.28,0.0,0.33,0.8,0.62,8.7,0.0,0.09,17.39,0.29
2,新竹御嵿攻城獅,84|87,李家瑞/蔡宸綱,2,28,33.0,534.01,8.9,08:54,267.01,4.45,04:27,18.0,9.0,54.55,72.81,17.0,8.5,51.52,68.76,13.0,6.5,39.39,52.58,7.0,3.5,21.21,28.31,5.0,2.5,15.15,20.22,3.0,1.5,9.09,12.13,8.0,4.0,24.24,32.36,4.0,2.0,12.12,16.18,0.0,0.0,0.0,0.0,0.0,0.0,0.0,0.0,2.0,1.0,6.06,8.09,4.0,2.0,12.12,16.18,3.0,1.5,9.09,12.13,5.0,2.5,15.15,20.22,3.0,1.5,9.09,12.13,4.0,2.0,12.12,16.18,2.0,1.0,6.06,8.09,0.0,0.0,0.0,0.0,0.0,0.0,0.0,0.0,2.0,1.0,6.06,8.09,54.55,51.52,3.03,88.99,1.0,0.5,3.03,8.9,4.45,0.69,0.69,0.6,0.5,,0.19,0.57,0.29,0.57,0.43,6.06,0.0,0.0,6.06,0.0
2,新竹御嵿攻城獅,78|84,朱雲豪/李家瑞,2,46,59.0,823.59,13.73,13:44,411.8,6.86,06:52,26.0,13.0,44.07,68.19,20.0,10.0,33.9,52.45,23.0,11.5,38.98,60.32,10.0,5.0,16.95,26.23,12.0,6.0,20.34,31.47,7.0,3.5,11.86,18.36,11.0,5.5,18.64,28.85,3.0,1.5,5.08,7.87,3.0,1.5,5.08,7.87,3.0,1.5,5.08,7.87,5.0,2.5,8.47,13.11,8.0,4.0,13.56,20.98,7.0,3.5,11.86,18.36,11.0,5.5,18.64,28.85,4.0,2.0,6.78,10.49,6.0,3.0,10.17,15.74,3.0,1.5,5.08,7.87,0.0,0.0,0.0,0.0,4.0,2.0,6.78,10.49,2.0,1.0,3.39,5.25,44.07,33.9,10.17,103.16,6.0,3.0,10.17,13.73,6.86,0.5,0.53,0.58,0.27,1.0,0.14,0.6,0.31,0.53,0.42,5.08,0.0,0.07,3.39,0.13
2,新竹御嵿攻城獅,78|90,朱雲豪/李啓瑋,1,1,1.0,9.59,0.16,00:10,9.59,0.16,00:10,2.0,2.0,200.0,450.28,0.0,0.0,0.0,0.0,1.0,1.0,100.0,225.14,1.0,1.0,100.0,225.14,1.0,1.0,100.0,225.14,1.0,1.0,100.0,225.14,0.0,0.0,0.0,0.0,0.0,0.0,0.0,0.0,0.0,0.0,0.0,0.0,0.0,0.0,0.0,0.0,1.0,1.0,100.0,225.14,0.0,0.0,0.0,0.0,0.0,0.0,0.0,0.0,0.0,0.0,0.0,0.0,0.0,0.0,0.0,0.0,0.0,0.0,0.0,0.0,0.0,0.0,0.0,0.0,0.0,0.0,0.0,0.0,0.0,0.0,0.0,0.0,0.0,0.0,0.0,0.0,200.0,0.0,200.0,150.09,2.0,2.0,200.0,0.16,0.16,1.0,1.0,1.0,,,0.0,0.0,1.0,,1.0,0.0,0.0,0.0,0.0,0.0
2,新竹御嵿攻城獅,78|10886,朱雲豪/梁瀚,1,20,26.0,309.58,5.16,05:10,309.58,5.16,05:10,9.0,9.0,34.62,62.79,6.0,6.0,23.08,41.86,11.0,11.0,42.31,76.75,4.0,4.0,15.38,27.91,7.0,7.0,26.92,48.84,4.0,4.0,15.38,27.91,4.0,4.0,15.38,27.91,0.0,0.0,0.0,0.0,1.0,1.0,3.85,6.98,1.0,1.0,3.85,6.98,3.0,3.0,11.54,20.93,4.0,4.0,15.38,27.91,2.0,2.0,7.69,13.95,6.0,6.0,23.08,41.86,2.0,2.0,7.69,13.95,2.0,2.0,7.69,13.95,2.0,2.0,7.69,13.95,0.0,0.0,0.0,0.0,3.0,3.0,11.54,20.93,0.0,0.0,0.0,0.0,34.62,23.08,11.54,120.94,3.0,3.0,11.54,5.16,5.16,0.36,0.39,0.57,0.0,1.0,0.15,0.5,0.33,0.67,0.47,7.69,0.0,0.12,0.0,0.09
2,新竹御嵿攻城獅,78|82,朱雲豪/蕭順議,1,14,17.0,211.0,3.52,03:31,211.0,3.52,03:31,5.0,5.0,29.41,51.18,6.0,6.0,35.29,61.42,5.0,5.0,29.41,51.18,2.0,2.0,11.76,20.47,3.0,3.0,17.65,30.71,2.0,2.0,11.76,20.47,2.0,2.0,11.76,20.47,0.0,0.0,0.0,0.0,1.0,1.0,5.88,10.24,1.0,1.0,5.88,10.24,0.0,0.0,0.0,0.0,3.0,3.0,17.65,30.71,2.0,2.0,11.76,20.47,4.0,4.0,23.53,40.95,2.0,2.0,11.76,20.47,1.0,1.0,5.88,10.24,2.0,2.0,11.76,20.47,0.0,0.0,0.0,0.0,2.0,2.0,11.76,20.47,0.0,0.0,0.0,0.0,29.41,35.29,-5.88,116.02,-1.0,-1.0,-5.88,3.52,3.52,0.4,0.46,0.67,0.0,1.0,0.27,0.5,0.0,0.6,0.33,11.76,0.0,0.12,0.0,0.2
