lineup_size,team_name,lineup_player_ids,lineup_player_names,games_used,stint_count,possessions,sec_played,min_played,min_played_str,sec_per_game,min_per_game,min_per_game_str,PTS,PTS_per_game,PTS_per100,PTS_per36,PTS_allowed,PTS_allowed_per_game,PTS_allowed_per100,PTS_allowed_per36,FGA,FGA_per_game,FGA_per100,FGA_per36,FGM,FGM_per_game,FGM_per100,FGM_per36,2PA,2PA_per_game,2PA_per100,2PA_per36,2PM,2PM_per_game,2PM_per100,2PM_per36,3PA,3PA_per_game,3PA_per100,3PA_per36,3PM,3PM_per_game,3PM_per100,3PM_per36,FTA,FTA_per_game,FTA_per100,FTA_per36,FTM,FTM_per_game,FTM_per100,FTM_per36,ORB,ORB_per_game,ORB_per100,ORB_per36,DRB,DRB_per_game,DRB_per100,DRB_per36,ORB_allowed,ORB_allowed_per_game,ORB_allowed_per100,ORB_allowed_per36,DRB_allowed,DRB_allowed_per_game,DRB_allowed_per100,DRB_allowed_per36,TOV,TOV_per_game,TOV_per100,TOV_per36,AST,AST_per_game,AST_per100,AST_per36,STL,STL_per_game,STL_per100,STL_per36,BLK,BLK_per_game,BLK_per100,BLK_per36,Fouls,Fouls_per_game,Fouls_per100,Fouls_per36,FT_allowed,FT_allowed_per_game,FT_allowed_per100,FT_allowed_per36,ORtg,DRtg,NetRtg,PACE,PM_total,PM_per_game,PM_per100,MIN_total,MIN_per_game,eFG,TS,FG2_pct,FG3_pct,FT_pct,TOV_pct,AST_ratio,ORB_pct,DRB_pct,TRB_pct,STL_pct,BLK_pct,Foul_per_poss,FT_allowed_rate_per100,FT_rate
2,新北國王,21|25,李愷諺/林金榜,10,351,423.0,5384.39,89.74,89:44,538.44,8.97,08:58,181.0,18.1,42.79,72.61,161.0,16.1,38.06,64.59,153.0,15.3,36.17,61.38,63.0,6.3,14.89,25.27,86.0,8.6,20.33,34.5,43.0,4.3,10.17,17.25,67.0,6.7,15.84,26.88,20.0,2.0,4.73,8.02,49.0,4.9,11.58,19.66,35.0,3.5,8.27,14.04,37.0,3.7,8.75,14.84,62.0,6.2,14.66,24.87,24.0,2.4,5.67,9.63,70.0,7.0,16.55,28.08,37.0,3.7,8.75,14.84,40.0,4.0,9.46,16.05,25.0,2.5,5.91,10.03,8.0,0.8,1.89,3.21,44.0,4.4,10.4,17.65,39.0,3.9,9.22,15.65,42.79,38.06,4.73,113.13,20.0,2.0,4.73,89.74,8.97,0.48,0.52,0.5,0.3,0.71,0.17,0.63,0.35,0.72,0.51,5.91,1.89,0.1,9.22,0.32
2,新北國王,21|29,李愷諺/林書緯,11,1020,1207.0,15830.0,263.83,263:50,1439.09,23.98,23:59,537.0,48.82,44.49,73.27,527.0,47.91,43.66,71.91,472.0,42.91,39.11,64.4,202.0,18.36,16.74,27.56,284.0,25.82,23.53,38.75,149.0,13.55,12.34,20.33,188.0,17.09,15.58,25.65,53.0,4.82,4.39,7.23,96.0,8.73,7.95,13.1,75.0,6.82,6.21,10.23,84.0,7.64,6.96,11.46,197.0,17.91,16.32,26.88,72.0,6.55,5.97,9.82,174.0,15.82,14.42,23.74,76.0,6.91,6.3,10.37,116.0,10.55,9.61,15.83,45.0,4.09,3.73,6.14,20.0,1.82,1.66,2.73,91.0,8.27,7.54,12.42,105.0,9.55,8.7,14.33,44.49,43.66,0.83,109.8,10.0,0.91,0.83,263.83,23.98,0.48,0.52,0.52,0.28,0.78,0.13,0.57,0.33,0.73,0.53,3.73,1.66,0.08,8.7,0.2
2,新北國王,21|10875,李愷諺/傑登,14,1295,1574.0,19825.47,330.42,330:25,1416.11,23.6,23:36,689.0,49.21,43.77,75.07,655.0,46.79,41.61,71.36,592.0,42.29,37.61,64.5,252.0,18.0,16.01,27.46,365.0,26.07,23.19,39.77,182.0,13.0,11.56,19.83,227.0,16.21,14.42,24.73,70.0,5.0,4.45,7.63,165.0,11.79,10.48,17.98,114.0,8.14,7.24,12.42,124.0,8.86,7.88,13.51,241.0,17.21,15.31,26.26,91.0,6.5,5.78,9.91,232.0,16.57,14.74,25.28,109.0,7.79,6.93,11.88,154.0,11.0,9.78,16.78,68.0,4.86,4.32,7.41,29.0,2.07,1.84,3.16,137.0,9.79,8.7,14.93,166.0,11.86,10.55,18.09,43.77,41.61,2.16,114.33,34.0,2.43,2.16,330.42,23.6,0.48,0.52,0.5,0.31,0.69,0.14,0.61,0.35,0.73,0.53,4.32,1.84,0.09,10.55,0.28
2,新北國王,21|10876,李愷諺/尚迪,6,502,602.0,7344.45,122.41,122:24,1224.08,20.4,20:24,251.0,41.83,41.69,73.82,258.0,43.0,42.86,75.88,217.0,36.17,36.05,63.82,93.0,15.5,15.45,27.35,130.0,21.67,21.59,38.23,72.0,12.0,11.96,21.18,87.0,14.5,14.45,25.59,21.0,3.5,3.49,6.18,66.0,11.0,10.96,19.41,43.0,7.17,7.14,12.65,46.0,7.67,7.64,13.53,90.0,15.0,14.95,26.47,35.0,5.83,5.81,10.29,80.0,13.33,13.29,23.53,51.0,8.5,8.47,15.0,49.0,8.17,8.14,14.41,29.0,4.83,4.82,8.53,8.0,1.33,1.33,2.35,59.0,9.83,9.8,17.35,65.0,10.83,10.8,19.12,41.69,42.86,-1.16,118.03,-7.0,-1.17,-1.16,122.41,20.4,0.48,0.51,0.55,0.24,0.65,0.17,0.53,0.37,0.72,0.54,4.82,1.33,0.1,10.8,0.3
2,新北國王,25|29,林金榜/林書緯,9,168,204.0,2868.25,47.8,47:48,318.69,5.31,05:19,77.0,8.56,37.75,57.99,71.0,7.89,34.8,53.47,78.0,8.67,38.24,58.74,25.0,2.78,12.25,18.83,32.0,3.56,15.69,24.1,15.0,1.67,7.35,11.3,46.0,5.11,22.55,34.64,10.0,1.11,4.9,7.53,19.0,2.11,9.31,14.31,17.0,1.89,8.33,12.8,19.0,2.11,9.31,14.31,36.0,4.0,17.65,27.11,16.0,1.78,7.84,12.05,33.0,3.67,16.18,24.85,11.0,1.22,5.39,8.28,16.0,1.78,7.84,12.05,6.0,0.67,2.94,4.52,3.0,0.33,1.47,2.26,15.0,1.67,7.35,11.3,10.0,1.11,4.9,7.53,37.75,34.8,2.94,102.42,6.0,0.67,2.94,47.8,5.31,0.38,0.45,0.47,0.22,0.89,0.11,0.64,0.37,0.69,0.53,2.94,1.47,0.07,4.9,0.24
2,新北國王,25|10875,林金榜/傑登,11,334,397.0,5091.89,84.86,84:52,462.9,7.71,07:43,156.0,14.18,39.29,66.18,169.0,15.36,42.57,71.69,144.0,13.09,36.27,61.09,53.0,4.82,13.35,22.48,79.0,7.18,19.9,33.51,36.0,3.27,9.07,15.27,65.0,5.91,16.37,27.57,17.0,1.55,4.28,7.21,48.0,4.36,12.09,20.36,33.0,3.0,8.31,14.0,35.0,3.18,8.82,14.85,65.0,5.91,16.37,27.57,18.0,1.64,4.53,7.64,59.0,5.36,14.86,25.03,35.0,3.18,8.82,14.85,37.0,3.36,9.32,15.7,25.0,2.27,6.3,10.61,8.0,0.73,2.02,3.39,40.0,3.64,10.08,16.97,38.0,3.45,9.57,16.12,39.29,42.57,-3.27,112.27,-13.0,-1.18,-3.27,84.86,7.71,0.43,0.47,0.46,0.26,0.69,0.17,0.7,0.37,0.78,0.56,6.3,2.02,0.1,9.57,0.33
2,新北國王,25|10876,林金榜/尚迪,5,175,214.0,2703.21,45.05,45:03,540.64,9.01,09:01,84.0,16.8,39.25,67.12,90.0,18.0,42.06,71.91,79.0,15.8,36.92,63.13,31.0,6.2,14.49,24.77,43.0,8.6,20.09,34.36,23.0,4.6,10.75,18.38,36.0,7.2,16.82,28.77,8.0,1.6,3.74,6.39,23.0,4.6,10.75,18.38,14.0,2.8,6.54,11.19,20.0,4.0,9.35,15.98,34.0,6.8,15.89,27.17,14.0,2.8,6.54,11.19,32.0,6.4,14.95,25.57,20.0,4.0,9.35,15.98,14.0,2.8,6.54,11.19,12.0,2.4,5.61,9.59,4.0,0.8,1.87,3.2,23.0,4.6,10.75,18.38,19.0,3.8,8.88,15.18,39.25,42.06,-2.8,114.0,-6.0,-1.2,-2.8,45.05,9.01,0.44,0.47,0.53,0.22,0.61,0.18,0.45,0.38,0.71,0.54,5.61,1.87,0.11,8.88,0.29
2,新北國王,29|10875,林書緯/傑登,13,1122,1326.0,17376.38,289.61,289:36,1336.64,22.28,22:17,574.0,44.15,43.29,71.35,616.0,47.38,46.46,76.57,515.0,39.62,38.84,64.02,219.0,16.85,16.52,27.22,298.0,22.92,22.47,37.04,153.0,11.77,11.54,19.02,217.0,16.69,16.37,26.97,66.0,5.08,4.98,8.2,104.0,8.0,7.84,12.93,70.0,5.38,5.28,8.7,92.0,7.08,6.94,11.44,225.0,17.31,16.97,27.97,79.0,6.08,5.96,9.82,187.0,14.38,14.1,23.25,83.0,6.38,6.26,10.32,134.0,10.31,10.11,16.66,52.0,4.0,3.92,6.46,17.0,1.31,1.28,2.11,107.0,8.23,8.07,13.3,153.0,11.77,11.54,19.02,43.29,46.46,-3.17,109.89,-42.0,-3.23,-3.17,289.61,22.28,0.49,0.51,0.51,0.3,0.67,0.13,0.61,0.33,0.74,0.54,3.92,1.28,0.08,11.54,0.2
2,新北國王,29|10876,林書緯/尚迪,5,440,541.0,6743.17,112.39,112:23,1348.63,22.48,22:29,208.0,41.6,38.45,66.63,223.0,44.6,41.22,71.43,192.0,38.4,35.49,61.5,79.0,15.8,14.6,25.31,109.0,21.8,20.15,34.92,58.0,11.6,10.72,18.58,83.0,16.6,15.34,26.59,21.0,4.2,3.88,6.73,44.0,8.8,8.13,14.09,29.0,5.8,5.36,9.29,41.0,8.2,7.58,13.13,77.0,15.4,14.23,24.66,43.0,8.6,7.95,13.77,70.0,14.0,12.94,22.42,48.0,9.6,8.87,15.38,47.0,9.4,8.69,15.06,29.0,5.8,5.36,9.29,9.0,1.8,1.66,2.88,36.0,7.2,6.65,11.53,51.0,10.2,9.43,16.34,38.45,41.22,-2.77,115.53,-15.0,-3.0,-2.77,112.39,22.48,0.47,0.49,0.53,0.25,0.66,0.19,0.59,0.37,0.64,0.51,5.36,1.66,0.07,9.43,0.23
2,新北國王,10875|10876,傑登/尚迪,6,351,421.0,5210.11,86.84,86:50,868.35,14.47,14:28,165.0,27.5,39.19,68.41,174.0,29.0,41.33,72.14,156.0,26.0,37.05,64.67,62.0,10.33,14.73,25.7,96.0,16.0,22.8,39.8,48.0,8.0,11.4,19.9,60.0,10.0,14.25,24.87,14.0,2.33,3.33,5.8,48.0,8.0,11.4,19.9,26.0,4.33,6.18,10.78,33.0,5.5,7.84,13.68,71.0,11.83,16.86,29.44,21.0,3.5,4.99,8.71,58.0,9.67,13.78,24.05,32.0,5.33,7.6,13.27,34.0,5.67,8.08,14.1,21.0,3.5,4.99,8.71,6.0,1.0,1.43,2.49,40.0,6.67,9.5,16.58,41.0,6.83,9.74,17.0,39.19,41.33,-2.14,116.36,-9.0,-1.5,-2.14,86.84,14.47,0.44,0.47,0.5,0.23,0.54,0.15,0.55,0.36,0.77,0.57,4.99,1.43,0.1,9.74,0.31
2,高雄全家海神,110|118,胡瓏貿/蘇文儒,12,1007,1210.0,16881.45,281.36,281:21,1406.79,23.45,23:27,529.0,44.08,43.72,67.69,536.0,44.67,44.3,68.58,433.0,36.08,35.79,55.4,192.0,16.0,15.87,24.57,237.0,19.75,19.59,30.32,130.0,10.83,10.74,16.63,196.0,16.33,16.2,25.08,62.0,5.17,5.12,7.93,115.0,9.58,9.5,14.71,84.0,7.0,6.94,10.75,66.0,5.5,5.45,8.44,193.0,16.08,15.95,24.69,79.0,6.58,6.53,10.11,180.0,15.0,14.88,23.03,95.0,7.92,7.85,12.16,106.0,8.83,8.76,13.56,49.0,4.08,4.05,6.27,18.0,1.5,1.49,2.3,117.0,9.75,9.67,14.97,105.0,8.75,8.68,13.43,43.72,44.3,-0.58,103.21,-7.0,-0.58,-0.58,281.36,23.45,0.52,0.55,0.55,0.32,0.73,0.16,0.55,0.27,0.71,0.5,4.05,1.49,0.1,8.68,0.27
2,高雄全家海神,110|121,胡瓏貿/吳曉謹,15,513,627.0,8350.56,139.18,139:11,556.7,9.28,09:17,253.0,16.87,40.35,65.44,314.0,20.93,50.08,81.22,236.0,15.73,37.64,61.04,93.0,6.2,14.83,24.06,121.0,8.07,19.3,31.3,67.0,4.47,10.69,17.33,115.0,7.67,18.34,29.75,26.0,1.73,4.15,6.73,59.0,3.93,9.41,15.26,42.0,2.8,6.7,10.86,50.0,3.33,7.97,12.93,99.0,6.6,15.79,25.61,47.0,3.13,7.5,12.16,74.0,4.93,11.8,19.14,44.0,2.93,7.02,11.38,45.0,3.0,7.18,11.64,23.0,1.53,3.67,5.95,13.0,0.87,2.07,3.36,52.0,3.47,8.29,13.45,59.0,3.93,9.41,15.26,40.35,50.08,-9.73,108.12,-61.0,-4.07,-9.73,139.18,9.28,0.45,0.48,0.55,0.23,0.71,0.14,0.48,0.4,0.68,0.55,3.67,2.07,0.08,9.41,0.25
2,高雄全家海神,110|10892,胡瓏貿/詹姆斯,4,363,463.0,5904.49,98.41,98:24,1476.12,24.6,24:36,182.0,45.5,39.31,66.58,200.0,50.0,43.2,73.16,158.0,39.5,34.13,57.8,70.0,17.5,15.12,25.61,91.0,22.75,19.65,33.29,55.0,13.75,11.88,20.12,67.0,16.75,14.47,24.51,15.0,3.75,3.24,5.49,47.0,11.75,10.15,17.19,27.0,6.75,5.83,9.88,29.0,7.25,6.26,10.61,71.0,17.75,15.33,25.97,45.0,11.25,9.72,16.46,62.0,15.5,13.39,22.68,34.0,8.5,7.34,12.44,22.0,5.5,4.75,8.05,21.0,5.25,4.54,7.68,3.0,0.75,0.65,1.1,42.0,10.5,9.07,15.36,51.0,12.75,11.02,18.66,39.31,43.2,-3.89,112.92,-18.0,-4.5,-3.89,98.41,24.6,0.49,0.51,0.6,0.22,0.57,0.16,0.31,0.32,0.61,0.48,4.54,0.65,0.09,11.02,0.3
2,高雄全家海神,110|10894,胡瓏貿/凱帝,11,905,1090.0,14912.86,248.55,248:33,1355.71,22.6,22:36,469.0,42.64,43.03,67.93,489.0,44.45,44.86,70.83,382.0,34.73,35.05,55.33,171.0,15.55,15.69,24.77,209.0,19.0,19.17,30.27,119.0,10.82,10.92,17.24,173.0,15.73,15.87,25.06,52.0,4.73,4.77,7.53,105.0,9.55,9.63,15.21,74.0,6.73,6.79,10.72,58.0,5.27,5.32,8.4,169.0,15.36,15.5,24.48,82.0,7.45,7.52,11.88,160.0,14.55,14.68,23.17,88.0,8.0,8.07,12.75,99.0,9.0,9.08,14.34,46.0,4.18,4.22,6.66,11.0,1.0,1.01,1.59,111.0,10.09,10.18,16.08,90.0,8.18,8.26,13.04,43.03,44.86,-1.83,105.25,-20.0,-1.82,-1.83,248.55,22.6,0.52,0.55,0.57,0.3,0.7,0.17,0.58,0.27,0.67,0.48,4.22,1.01,0.1,8.26,0.27
2,高雄全家海神,118|121,蘇文儒/吳曉謹,10,313,370.0,4872.93,81.22,81:13,487.29,8.12,08:07,172.0,17.2,46.49,76.24,177.0,17.7,47.84,78.46,127.0,12.7,34.32,56.29,54.0,5.4,14.59,23.94,72.0,7.2,19.46,31.92,32.0,3.2,8.65,14.18,55.0,5.5,14.86,24.38,22.0,2.2,5.95,9.75,53.0,5.3,14.32,23.49,43.0,4.3,11.62,19.06,18.0,1.8,4.86,7.98,57.0,5.7,15.41,25.27,23.0,2.3,6.22,10.2,50.0,5.0,13.51,22.16,27.0,2.7,7.3,11.97,32.0,3.2,8.65,14.18,11.0,1.1,2.97,4.88,5.0,0.5,1.35,2.22,44.0,4.4,11.89,19.5,43.0,4.3,11.62,19.06,46.49,47.84,-1.35,109.34,-5.0,-0.5,-1.35,81.22,8.12,0.51,0.57,0.44,0.4,0.81,0.15,0.59,0.26,0.71,0.51,2.97,1.35,0.12,11.62,0.42
2,高雄全家海神,118|10892,蘇文儒/詹姆斯,4,352,442.0,5617.49,93.62,93:37,1404.37,23.41,23:24,188.0,47.0,42.53,72.29,190.0,47.5,42.99,73.06,151.0,37.75,34.16,58.06,67.0,16.75,15.16,25.76,87.0,21.75,19.68,33.45,49.0,12.25,11.09,18.84,64.0,16.0,14.48,24.61,18.0,4.5,4.07,6.92,53.0,13.25,11.99,20.38,36.0,9.0,8.14,13.84,28.0,7.0,6.33,10.77,67.0,16.75,15.16,25.76,40.0,10.0,9.05,15.38,62.0,15.5,14.03,23.84,30.0,7.5,6.79,11.54,24.0,6.0,5.43,9.23,18.0,4.5,4.07,6.92,4.0,1.0,0.9,1.54,48.0,12.0,10.86,18.46,53.0,13.25,11.99,20.38,42.53,42.99,-0.45,113.3,-2.0,-0.5,-0.45,93.62,23.41,0.5,0.54,0.56,0.28,0.68,0.15,0.36,0.31,0.63,0.48,4.07,0.9,0.11,11.99,0.35
2,高雄全家海神,118|10894,蘇文儒/凱帝,10,904,1082.0,15028.94,250.48,250:29,1502.89,25.05,25:03,480.0,48.0,44.36,68.99,462.0,46.2,42.7,66.4,373.0,37.3,34.47,53.61,164.0,16.4,15.16,23.57,201.0,20.1,18.58,28.89,107.0,10.7,9.89,15.38,172.0,17.2,15.9,24.72,57.0,5.7,5.27,8.19,123.0,12.3,11.37,17.68,95.0,9.5,8.78,13.65,59.0,5.9,5.45,8.48,166.0,16.6,15.34,23.86,73.0,7.3,6.75,10.49,161.0,16.1,14.88,23.14,89.0,8.9,8.23,12.79,94.0,9.4,8.69,13.51,46.0,4.6,4.25,6.61,10.0,1.0,0.92,1.44,123.0,12.3,11.37,17.68,105.0,10.5,9.7,15.09,44.36,42.7,1.66,103.67,18.0,1.8,1.66,250.48,25.05,0.52,0.56,0.53,0.33,0.77,0.17,0.57,0.27,0.69,0.49,4.25,0.92,0.11,9.7,0.33
2,高雄全家海神,121|10892,吳曉謹/詹姆斯,4,147,182.0,2057.6,34.29,34:18,514.4,8.57,08:34,69.0,17.25,37.91,72.43,103.0,25.75,56.59,108.13,54.0,13.5,29.67,56.69,21.0,5.25,11.54,22.05,32.0,8.0,17.58,33.59,15.0,3.75,8.24,15.75,22.0,5.5,12.09,23.09,6.0,1.5,3.3,6.3,33.0,8.25,18.13,34.64,21.0,5.25,11.54,22.05,8.0,2.0,4.4,8.4,29.0,7.25,15.93,30.44,19.0,4.75,10.44,19.95,23.0,5.75,12.64,24.14,12.0,3.0,6.59,12.6,14.0,3.5,7.69,14.7,9.0,2.25,4.95,9.45,4.0,1.0,2.2,4.2,18.0,4.5,9.89,18.9,27.0,6.75,14.84,28.34,37.91,56.59,-18.68,127.37,-34.0,-8.5,-18.68,34.29,8.57,0.44,0.5,0.47,0.27,0.64,0.15,0.67,0.26,0.6,0.47,4.95,2.2,0.1,14.84,0.61
2,高雄全家海神,121|10894,吳曉謹/凱帝,10,413,498.0,6490.26,108.17,108:10,649.03,10.82,10:49,194.0,19.4,38.96,64.56,259.0,25.9,52.01,86.2,163.0,16.3,32.73,54.25,64.0,6.4,12.85,21.3,85.0,8.5,17.07,28.29,40.0,4.0,8.03,13.31,78.0,7.8,15.66,25.96,24.0,2.4,4.82,7.99,58.0,5.8,11.65,19.3,42.0,4.2,8.43,13.98,22.0,2.2,4.42,7.32,80.0,8.0,16.06,26.62,35.0,3.5,7.03,11.65,68.0,6.8,13.65,22.63,42.0,4.2,8.43,13.98,42.0,4.2,8.43,13.98,27.0,2.7,5.42,8.99,7.0,0.7,1.41,2.33,49.0,4.9,9.84,16.31,52.0,5.2,10.44,17.31,38.96,52.01,-13.05,110.49,-65.0,-6.5,-13.05,108.17,10.82,0.47,0.51,0.47,0.31,0.72,0.18,0.66,0.24,0.7,0.5,5.42,1.41,0.1,10.44,0.36
2,高雄全家海神,10892|10894,詹姆斯/凱帝,4,316,399.0,5053.49,84.22,84:13,1263.37,21.06,21:03,149.0,37.25,37.34,63.69,178.0,44.5,44.61,76.08,129.0,32.25,32.33,55.14,56.0,14.0,14.04,23.94,74.0,18.5,18.55,31.63,42.0,10.5,10.53,17.95,55.0,13.75,13.78,23.51,14.0,3.5,3.51,5.98,40.0,10.0,10.03,17.1,23.0,5.75,5.76,9.83,22.0,5.5,5.51,9.4,61.0,15.25,15.29,26.07,41.0,10.25,10.28,17.52,58.0,14.5,14.54,24.79,34.0,8.5,8.52,14.53,21.0,5.25,5.26,8.98,21.0,5.25,5.26,8.98,5.0,1.25,1.25,2.14,38.0,9.5,9.52,16.24,44.0,11.0,11.03,18.81,37.34,44.61,-7.27,113.7,-29.0,-7.25,-7.27,84.22,21.06,0.49,0.51,0.57,0.25,0.57,0.19,0.38,0.28,0.6,0.46,5.26,1.25,0.1,11.03,0.31
2,新北國王,21|24,李愷諺/蘇士軒,15,603,715.0,9598.75,159.98,159:59,639.92,10.67,10:40,343.0,22.87,47.97,77.19,349.0,23.27,48.81,78.54,282.0,18.8,39.44,63.46,129.0,8.6,18.04,29.03,172.0,11.47,24.06,38.71,95.0,6.33,13.29,21.38,110.0,7.33,15.38,24.75,34.0,2.27,4.76,7.65,56.0,3.73,7.83,12.6,47.0,3.13,6.57,10.58,52.0,3.47,7.27,11.7,102.0,6.8,14.27,22.95,39.0,2.6,5.45,8.78,96.0,6.4,13.43,21.6,44.0,2.93,6.15,9.9,69.0,4.6,9.65,15.53,24.0,1.6,3.36,5.4,8.0,0.53,1.12,1.8,59.0,3.93,8.25,13.28,66.0,4.4,9.23,14.85,47.97,48.81,-0.84,107.26,-6.0,-0.4,-0.84,159.98,10.67,0.52,0.56,0.55,0.31,0.84,0.13,0.53,0.35,0.72,0.53,3.36,1.12,0.08,9.23,0.2
2,新北國王,21|867,李愷諺/桑尼,5,629,758.0,9480.14,158.0,158:00,1896.03,31.6,31:36,347.0,69.4,45.78,79.06,312.0,62.4,41.16,71.09,285.0,57.0,37.6,64.94,122.0,24.4,16.09,27.8,166.0,33.2,21.9,37.82,81.0,16.2,10.69,18.46,119.0,23.8,15.7,27.11,41.0,8.2,5.41,9.34,85.0,17.0,11.21,19.37,62.0,12.4,8.18,14.13,67.0,13.4,8.84,15.27,106.0,21.2,13.98,24.15,34.0,6.8,4.49,7.75,107.0,21.4,14.12,24.38,58.0,11.6,7.65,13.22,80.0,16.0,10.55,18.23,28.0,5.6,3.69,6.38,14.0,2.8,1.85,3.19,74.0,14.8,9.76,16.86,79.0,15.8,10.42,18.0,45.78,41.16,4.62,115.14,35.0,7.0,4.62,158.0,31.6,0.5,0.54,0.49,0.34,0.73,0.15,0.66,0.39,0.76,0.55,3.69,1.85,0.1,10.42,0.3
2,新北國王,24|29,蘇士軒/林書緯,14,783,916.0,12298.77,204.98,204:59,878.48,14.64,14:38,405.0,28.93,44.21,71.13,434.0,31.0,47.38,76.22,347.0,24.79,37.88,60.94,157.0,11.21,17.14,27.57,193.0,13.79,21.07,33.9,110.0,7.86,12.01,19.32,154.0,11.0,16.81,27.05,47.0,3.36,5.13,8.25,54.0,3.86,5.9,9.48,41.0,2.93,4.48,7.2,57.0,4.07,6.22,10.01,138.0,9.86,15.07,24.24,59.0,4.21,6.44,10.36,128.0,9.14,13.97,22.48,72.0,5.14,7.86,12.65,86.0,6.14,9.39,15.1,41.0,2.93,4.48,7.2,12.0,0.86,1.31,2.11,55.0,3.93,6.0,9.66,56.0,4.0,6.11,9.84,44.21,47.38,-3.17,107.25,-29.0,-2.07,-3.17,204.98,14.64,0.52,0.55,0.57,0.31,0.76,0.16,0.55,0.31,0.7,0.51,4.48,1.31,0.06,6.11,0.16
2,新北國王,24|867,蘇士軒/桑尼,4,208,248.0,3329.02,55.48,55:29,832.26,13.87,13:52,116.0,29.0,46.77,75.27,119.0,29.75,47.98,77.21,90.0,22.5,36.29,58.4,41.0,10.25,16.53,26.6,51.0,12.75,20.56,33.09,27.0,6.75,10.89,17.52,39.0,9.75,15.73,25.3,14.0,3.5,5.65,9.08,22.0,5.5,8.87,14.27,20.0,5.0,8.06,12.98,19.0,4.75,7.66,12.33,30.0,7.5,12.1,19.47,14.0,3.5,5.65,9.08,34.0,8.5,13.71,22.06,21.0,5.25,8.47,13.63,26.0,6.5,10.48,16.87,10.0,2.5,4.03,6.49,3.0,0.75,1.21,1.95,25.0,6.25,10.08,16.22,29.0,7.25,11.69,18.82,46.77,47.98,-1.21,107.27,-3.0,-0.75,-1.21,55.48,13.87,0.53,0.58,0.53,0.36,0.91,0.17,0.63,0.36,0.68,0.51,4.03,1.21,0.1,11.69,0.24
2,新北國王,24|10876,蘇士軒/尚迪,7,245,302.0,4162.84,69.38,69:23,594.69,9.91,09:55,116.0,16.57,38.41,60.19,133.0,19.0,44.04,69.01,108.0,15.43,35.76,56.04,43.0,6.14,14.24,22.31,53.0,7.57,17.55,27.5,26.0,3.71,8.61,13.49,55.0,7.86,18.21,28.54,17.0,2.43,5.63,8.82,15.0,2.14,4.97,7.78,13.0,1.86,4.3,6.75,23.0,3.29,7.62,11.93,43.0,6.14,14.24,22.31,28.0,4.0,9.27,14.53,40.0,5.71,13.25,20.76,28.0,4.0,9.27,14.53,28.0,4.0,9.27,14.53,14.0,2.0,4.64,7.26,4.0,0.57,1.32,2.08,17.0,2.43,5.63,8.82,33.0,4.71,10.93,17.12,38.41,44.04,-5.63,104.47,-17.0,-2.43,-5.63,69.38,9.91,0.48,0.51,0.49,0.31,0.87,0.2,0.65,0.37,0.61,0.49,4.64,1.32,0.06,10.93,0.14
2,新北國王,29|867,林書緯/桑尼,3,368,449.0,5443.68,90.73,90:44,1814.56,30.24,30:15,195.0,65.0,43.43,77.37,197.0,65.67,43.88,78.17,164.0,54.67,36.53,65.07,70.0,23.33,15.59,27.78,91.0,30.33,20.27,36.11,49.0,16.33,10.91,19.44,73.0,24.33,16.26,28.97,21.0,7.0,4.68,8.33,45.0,15.0,10.02,17.86,34.0,11.33,7.57,13.49,39.0,13.0,8.69,15.47,62.0,20.67,13.81,24.6,24.0,8.0,5.35,9.52,50.0,16.67,11.14,19.84,37.0,12.33,8.24,14.68,45.0,15.0,10.02,17.86,17.0,5.67,3.79,6.75,10.0,3.33,2.23,3.97,39.0,13.0,8.69,15.47,61.0,20.33,13.59,24.2,43.43,43.88,-0.45,118.77,-2.0,-0.67,-0.45,90.73,30.24,0.49,0.53,0.54,0.29,0.76,0.17,0.64,0.44,0.72,0.58,3.79,2.23,0.09,13.59,0.27
2,新北國王,867|10876,桑尼/尚迪,3,189,239.0,2824.62,47.08,47:05,941.54,15.69,15:42,99.0,33.0,41.42,75.71,97.0,32.33,40.59,74.18,78.0,26.0,32.64,59.65,34.0,11.33,14.23,26.0,46.0,15.33,19.25,35.18,27.0,9.0,11.3,20.65,32.0,10.67,13.39,24.47,7.0,2.33,2.93,5.35,27.0,9.0,11.3,20.65,24.0,8.0,10.04,18.35,21.0,7.0,8.79,16.06,26.0,8.67,10.88,19.88,17.0,5.67,7.11,13.0,27.0,9.0,11.3,20.65,25.0,8.33,10.46,19.12,19.0,6.33,7.95,14.53,12.0,4.0,5.02,9.18,3.0,1.0,1.26,2.29,21.0,7.0,8.79,16.06,28.0,9.33,11.72,21.41,41.42,40.59,0.84,121.84,2.0,0.67,0.84,47.08,15.69,0.48,0.55,0.59,0.22,0.89,0.22,0.56,0.44,0.6,0.52,5.02,1.26,0.09,11.72,0.35
2,高雄全家海神,109|110,于煥亞/胡瓏貿,14,744,905.0,11752.71,195.88,195:53,839.48,13.99,13:59,406.0,29.0,44.86,74.62,420.0,30.0,46.41,77.19,335.0,23.93,37.02,61.57,146.0,10.43,16.13,26.83,181.0,12.93,20.0,33.27,104.0,7.43,11.49,19.11,154.0,11.0,17.02,28.3,42.0,3.0,4.64,7.72,93.0,6.64,10.28,17.09,70.0,5.0,7.73,12.87,59.0,4.21,6.52,10.84,138.0,9.86,15.25,25.36,70.0,5.0,7.73,12.87,103.0,7.36,11.38,18.93,58.0,4.14,6.41,10.66,74.0,5.29,8.18,13.6,35.0,2.5,3.87,6.43,13.0,0.93,1.44,2.39,83.0,5.93,9.17,15.25,119.0,8.5,13.15,21.87,44.86,46.41,-1.55,110.89,-14.0,-1.0,-1.55,195.88,13.99,0.5,0.54,0.57,0.27,0.75,0.13,0.51,0.36,0.66,0.53,3.87,1.44,0.09,13.15,0.28
2,高雄全家海神,109|118,于煥亞/蘇文儒,8,364,448.0,5816.76,96.95,96:57,727.09,12.12,12:07,205.0,25.62,45.76,76.12,172.0,21.5,38.39,63.87,145.0,18.12,32.37,53.84,65.0,8.12,14.51,24.14,74.0,9.25,16.52,27.48,47.0,5.88,10.49,17.45,71.0,8.88,15.85,26.37,18.0,2.25,4.02,6.68,67.0,8.38,14.96,24.88,57.0,7.12,12.72,21.17,27.0,3.38,6.03,10.03,60.0,7.5,13.39,22.28,35.0,4.38,7.81,13.0,64.0,8.0,14.29,23.77,38.0,4.75,8.48,14.11,30.0,3.75,6.7,11.14,22.0,2.75,4.91,8.17,5.0,0.62,1.12,1.86,60.0,7.5,13.39,22.28,66.0,8.25,14.73,24.51,45.76,38.39,7.37,110.91,33.0,4.12,7.37,96.95,12.12,0.51,0.59,0.64,0.25,0.85,0.18,0.46,0.3,0.63,0.47,4.91,1.12,0.13,14.73,0.46
2,高雄全家海神,109|10892,于煥亞/詹姆斯,4,285,358.0,4380.43,73.01,73:00,1095.11,18.25,18:15,146.0,36.5,40.78,71.99,159.0,39.75,44.41,78.4,119.0,29.75,33.24,58.68,52.0,13.0,14.53,25.64,65.0,16.25,18.16,32.05,39.0,9.75,10.89,19.23,54.0,13.5,15.08,26.63,13.0,3.25,3.63,6.41,40.0,10.0,11.17,19.72,29.0,7.25,8.1,14.3,23.0,5.75,6.42,11.34,50.0,12.5,13.97,24.66,34.0,8.5,9.5,16.77,42.0,10.5,11.73,20.71,28.0,7.0,7.82,13.81,18.0,4.5,5.03,8.88,19.0,4.75,5.31,9.37,5.0,1.25,1.4,2.47,33.0,8.25,9.22,16.27,60.0,15.0,16.76,29.59,40.78,44.41,-3.63,117.69,-13.0,-3.25,-3.63,73.01,18.25,0.49,0.53,0.6,0.24,0.72,0.17,0.35,0.35,0.6,0.49,5.31,1.4,0.09,16.76,0.34
2,高雄全家海神,109|10894,于煥亞/凱帝,9,512,630.0,8123.92,135.4,135:24,902.66,15.04,15:03,272.0,30.22,43.17,72.32,266.0,29.56,42.22,70.72,197.0,21.89,31.27,52.38,89.0,9.89,14.13,23.66,104.0,11.56,16.51,27.65,58.0,6.44,9.21,15.42,93.0,10.33,14.76,24.73,31.0,3.44,4.92,8.24,78.0,8.67,12.38,20.74,63.0,7.0,10.0,16.75,32.0,3.56,5.08,8.51,84.0,9.33,13.33,22.33,53.0,5.89,8.41,14.09,88.0,9.78,13.97,23.4,62.0,6.89,9.84,16.48,48.0,5.33,7.62,12.76,40.0,4.44,6.35,10.64,7.0,0.78,1.11,1.86,77.0,8.56,12.22,20.47,83.0,9.22,13.17,22.07,43.17,42.22,0.95,111.67,6.0,0.67,0.95,135.4,15.04,0.53,0.59,0.56,0.33,0.81,0.21,0.54,0.27,0.61,0.45,6.35,1.11,0.12,13.17,0.4
2,新北國王,21|10872,李愷諺/林彥廷,15,814,992.0,12371.38,206.19,206:11,824.76,13.75,13:45,460.0,30.67,46.37,80.31,396.0,26.4,39.92,69.14,381.0,25.4,38.41,66.52,167.0,11.13,16.83,29.16,249.0,16.6,25.1,43.47,122.0,8.13,12.3,21.3,132.0,8.8,13.31,23.05,45.0,3.0,4.54,7.86,122.0,8.13,12.3,21.3,81.0,5.4,8.17,14.14,80.0,5.33,8.06,13.97,150.0,10.0,15.12,26.19,60.0,4.0,6.05,10.48,154.0,10.27,15.52,26.89,53.0,3.53,5.34,9.25,99.0,6.6,9.98,17.29,32.0,2.13,3.23,5.59,17.0,1.13,1.71,2.97,88.0,5.87,8.87,15.36,102.0,6.8,10.28,17.81,46.37,39.92,6.45,115.47,64.0,4.27,6.45,206.19,13.75,0.5,0.53,0.49,0.34,0.66,0.11,0.59,0.34,0.71,0.52,3.23,1.71,0.09,10.28,0.32
2,新北國王,24|10872,蘇士軒/林彥廷,17,469,559.0,7674.55,127.91,127:55,451.44,7.52,07:31,213.0,12.53,38.1,59.95,277.0,16.29,49.55,77.96,214.0,12.59,38.28,60.23,82.0,4.82,14.67,23.08,119.0,7.0,21.29,33.49,53.0,3.12,9.48,14.92,95.0,5.59,16.99,26.74,29.0,1.71,5.19,8.16,32.0,1.88,5.72,9.01,19.0,1.12,3.4,5.35,43.0,2.53,7.69,12.1,91.0,5.35,16.28,25.61,34.0,2.0,6.08,9.57,79.0,4.65,14.13,22.23,39.0,2.29,6.98,10.98,52.0,3.06,9.3,14.64,26.0,1.53,4.65,7.32,7.0,0.41,1.25,1.97,36.0,2.12,6.44,10.13,61.0,3.59,10.91,17.17,38.1,49.55,-11.45,104.89,-64.0,-3.76,-11.45,127.91,7.52,0.45,0.47,0.45,0.31,0.59,0.15,0.63,0.35,0.73,0.54,4.65,1.25,0.06,10.91,0.15
2,新北國王,867|10872,桑尼/林彥廷,5,389,475.0,5887.09,98.12,98:07,1177.42,19.62,19:37,217.0,43.4,45.68,79.62,179.0,35.8,37.68,65.68,180.0,36.0,37.89,66.04,77.0,15.4,16.21,28.25,97.0,19.4,20.42,35.59,47.0,9.4,9.89,17.24,83.0,16.6,17.47,30.45,30.0,6.0,6.32,11.01,47.0,9.4,9.89,17.24,33.0,6.6,6.95,12.11,40.0,8.0,8.42,14.68,69.0,13.8,14.53,25.32,25.0,5.0,5.26,9.17,71.0,14.2,14.95,26.05,34.0,6.8,7.16,12.47,52.0,10.4,10.95,19.08,18.0,3.6,3.79,6.6,7.0,1.4,1.47,2.57,38.0,7.6,8.0,13.94,55.0,11.0,11.58,20.18,45.68,37.68,8.0,116.19,38.0,7.6,8.0,98.12,19.62,0.51,0.54,0.48,0.36,0.7,0.14,0.68,0.36,0.73,0.53,3.79,1.47,0.08,11.58,0.26
2,新北國王,10872|10876,林彥廷/尚迪,7,409,514.0,6465.71,107.76,107:46,923.67,15.39,15:24,205.0,29.29,39.88,68.48,195.0,27.86,37.94,65.14,177.0,25.29,34.44,59.13,76.0,10.86,14.79,25.39,105.0,15.0,20.43,35.08,54.0,7.71,10.51,18.04,72.0,10.29,14.01,24.05,22.0,3.14,4.28,7.35,49.0,7.0,9.53,16.37,30.0,4.29,5.84,10.02,39.0,5.57,7.59,13.03,71.0,10.14,13.81,23.72,48.0,6.86,9.34,16.04,71.0,10.14,13.81,23.72,40.0,5.71,7.78,13.36,40.0,5.71,7.78,13.36,23.0,3.29,4.47,7.68,9.0,1.29,1.75,3.01,41.0,5.86,7.98,13.7,62.0,8.86,12.06,20.71,39.88,37.94,1.95,114.47,10.0,1.43,1.95,107.76,15.39,0.49,0.52,0.51,0.31,0.61,0.17,0.53,0.35,0.6,0.48,4.47,1.75,0.08,12.06,0.28
2,新北國王,24|10875,蘇士軒/傑登,16,485,582.0,7432.24,123.87,123:52,464.51,7.74,07:45,255.0,15.94,43.81,74.11,265.0,16.56,45.53,77.02,220.0,13.75,37.8,63.94,96.0,6.0,16.49,27.9,131.0,8.19,22.51,38.07,70.0,4.38,12.03,20.34,89.0,5.56,15.29,25.87,26.0,1.62,4.47,7.56,51.0,3.19,8.76,14.82,35.0,2.19,6.01,10.17,49.0,3.06,8.42,14.24,80.0,5.0,13.75,23.25,31.0,1.94,5.33,9.01,76.0,4.75,13.06,22.09,41.0,2.56,7.04,11.92,60.0,3.75,10.31,17.44,27.0,1.69,4.64,7.85,5.0,0.31,0.86,1.45,49.0,3.06,8.42,14.24,63.0,3.94,10.82,18.31,43.81,45.53,-1.72,112.76,-10.0,-0.62,-1.72,123.87,7.74,0.5,0.53,0.53,0.29,0.69,0.14,0.62,0.39,0.72,0.55,4.64,0.86,0.08,10.82,0.23
2,新北國王,867|10875,桑尼/傑登,5,436,527.0,6534.92,108.92,108:55,1306.98,21.78,21:47,243.0,48.6,46.11,80.32,223.0,44.6,42.31,73.71,210.0,42.0,39.85,69.41,88.0,17.6,16.7,29.09,114.0,22.8,21.63,37.68,56.0,11.2,10.63,18.51,96.0,19.2,18.22,31.73,32.0,6.4,6.07,10.58,50.0,10.0,9.49,16.53,35.0,7.0,6.64,11.57,51.0,10.2,9.68,16.86,82.0,16.4,15.56,27.1,23.0,4.6,4.36,7.6,74.0,14.8,14.04,24.46,33.0,6.6,6.26,10.91,59.0,11.8,11.2,19.5,18.0,3.6,3.42,5.95,12.0,2.4,2.28,3.97,51.0,10.2,9.68,16.86,66.0,13.2,12.52,21.82,46.11,42.31,3.8,116.13,20.0,4.0,3.8,108.92,21.78,0.5,0.52,0.49,0.33,0.7,0.12,0.67,0.41,0.78,0.58,3.42,2.28,0.1,12.52,0.24
2,新北國王,10872|10875,林彥廷/傑登,17,1142,1360.0,17625.59,293.76,293:46,1036.8,17.28,17:17,611.0,35.94,44.93,74.88,599.0,35.24,44.04,73.41,526.0,30.94,38.68,64.46,228.0,13.41,16.76,27.94,328.0,19.29,24.12,40.2,161.0,9.47,11.84,19.73,198.0,11.65,14.56,24.26,67.0,3.94,4.93,8.21,139.0,8.18,10.22,17.03,91.0,5.35,6.69,11.15,103.0,6.06,7.57,12.62,217.0,12.76,15.96,26.59,73.0,4.29,5.37,8.95,200.0,11.76,14.71,24.51,79.0,4.65,5.81,9.68,135.0,7.94,9.93,16.54,52.0,3.06,3.82,6.37,17.0,1.0,1.25,2.08,117.0,6.88,8.6,14.34,161.0,9.47,11.84,19.73,44.93,44.04,0.88,111.11,12.0,0.71,0.88,293.76,17.28,0.5,0.52,0.49,0.34,0.65,0.12,0.59,0.34,0.75,0.54,3.82,1.25,0.09,11.84,0.26
2,新北國王,21|22,李愷諺/簡祐哲,12,471,578.0,6996.66,116.61,116:37,583.05,9.72,09:43,244.0,20.33,42.21,75.33,253.0,21.08,43.77,78.11,199.0,16.58,34.43,61.44,90.0,7.5,15.57,27.78,124.0,10.33,21.45,38.28,64.0,5.33,11.07,19.76,75.0,6.25,12.98,23.15,26.0,2.17,4.5,8.03,57.0,4.75,9.86,17.6,38.0,3.17,6.57,11.73,39.0,3.25,6.75,12.04,78.0,6.5,13.49,24.08,40.0,3.33,6.92,12.35,85.0,7.08,14.71,26.24,52.0,4.33,9.0,16.05,50.0,4.17,8.65,15.44,30.0,2.5,5.19,9.26,11.0,0.92,1.9,3.4,55.0,4.58,9.52,16.98,69.0,5.75,11.94,21.3,42.21,43.77,-1.56,118.96,-9.0,-0.75,-1.56,116.61,9.72,0.52,0.54,0.52,0.35,0.67,0.19,0.56,0.31,0.66,0.48,5.19,1.9,0.1,11.94,0.29
2,新北國王,22|867,簡祐哲/桑尼,5,228,283.0,3454.72,57.58,57:35,690.94,11.52,11:31,124.0,24.8,43.82,77.53,129.0,25.8,45.58,80.65,99.0,19.8,34.98,61.9,46.0,9.2,16.25,28.76,55.0,11.0,19.43,34.39,30.0,6.0,10.6,18.76,44.0,8.8,15.55,27.51,16.0,3.2,5.65,10.0,27.0,5.4,9.54,16.88,16.0,3.2,5.65,10.0,21.0,4.2,7.42,13.13,36.0,7.2,12.72,22.51,19.0,3.8,6.71,11.88,36.0,7.2,12.72,22.51,24.0,4.8,8.48,15.01,29.0,5.8,10.25,18.13,12.0,2.4,4.24,7.5,3.0,0.6,1.06,1.88,28.0,5.6,9.89,17.51,38.0,7.6,13.43,23.76,43.82,45.58,-1.77,117.96,-5.0,-1.0,-1.77,57.58,11.52,0.55,0.56,0.55,0.36,0.59,0.18,0.63,0.37,0.65,0.51,4.24,1.06,0.1,13.43,0.27
2,新北國王,22|10872,簡祐哲/林彥廷,14,406,499.0,6494.0,108.23,108:14,463.86,7.73,07:44,215.0,15.36,43.09,71.51,196.0,14.0,39.28,65.19,197.0,14.07,39.48,65.53,83.0,5.93,16.63,27.61,120.0,8.57,24.05,39.91,58.0,4.14,11.62,19.29,77.0,5.5,15.43,25.61,25.0,1.79,5.01,8.32,41.0,2.93,8.22,13.64,22.0,1.57,4.41,7.32,44.0,3.14,8.82,14.64,79.0,5.64,15.83,26.28,31.0,2.21,6.21,10.31,78.0,5.57,15.63,25.94,31.0,2.21,6.21,10.31,43.0,3.07,8.62,14.3,16.0,1.14,3.21,5.32,8.0,0.57,1.6,2.66,40.0,2.86,8.02,13.3,65.0,4.64,13.03,21.62,43.09,39.28,3.81,110.65,19.0,1.36,3.81,108.23,7.73,0.48,0.5,0.48,0.32,0.54,0.13,0.52,0.36,0.72,0.53,3.21,1.6,0.08,13.03,0.21
2,新北國王,22|10875,簡祐哲/傑登,13,579,704.0,8686.87,144.78,144:47,668.22,11.14,11:08,274.0,21.08,38.92,68.13,293.0,22.54,41.62,72.85,260.0,20.0,36.93,64.65,103.0,7.92,14.63,25.61,160.0,12.31,22.73,39.78,73.0,5.62,10.37,18.15,100.0,7.69,14.2,24.87,30.0,2.31,4.26,7.46,64.0,4.92,9.09,15.91,39.0,3.0,5.54,9.7,62.0,4.77,8.81,15.42,110.0,8.46,15.62,27.35,37.0,2.85,5.26,9.2,105.0,8.08,14.91,26.11,58.0,4.46,8.24,14.42,55.0,4.23,7.81,13.68,33.0,2.54,4.69,8.21,11.0,0.85,1.56,2.74,64.0,4.92,9.09,15.91,90.0,6.92,12.78,22.38,38.92,41.62,-2.7,116.7,-19.0,-1.46,-2.7,144.78,11.14,0.45,0.48,0.46,0.3,0.61,0.17,0.53,0.37,0.75,0.55,4.69,1.56,0.09,12.78,0.25
2,高雄全家海神,109|121,于煥亞/吳曉謹,13,289,357.0,4565.29,76.09,76:05,351.18,5.85,05:51,148.0,11.38,41.46,70.02,188.0,14.46,52.66,88.95,123.0,9.46,34.45,58.2,51.0,3.92,14.29,24.13,68.0,5.23,19.05,32.17,32.0,2.46,8.96,15.14,55.0,4.23,15.41,26.02,19.0,1.46,5.32,8.99,34.0,2.62,9.52,16.09,27.0,2.08,7.56,12.77,25.0,1.92,7.0,11.83,48.0,3.69,13.45,22.71,31.0,2.38,8.68,14.67,40.0,3.08,11.2,18.93,33.0,2.54,9.24,15.61,24.0,1.85,6.72,11.36,24.0,1.85,6.72,11.36,5.0,0.38,1.4,2.37,33.0,2.54,9.24,15.61,52.0,4.0,14.57,24.6,41.46,52.66,-11.2,112.61,-40.0,-3.08,-11.2,76.09,5.85,0.49,0.54,0.47,0.35,0.79,0.19,0.47,0.38,0.61,0.51,6.72,1.4,0.09,14.57,0.28
2,高雄全家海神,109|116,于煥亞/呂威霆,7,261,313.0,4160.84,69.35,69:21,594.41,9.91,09:54,149.0,21.29,47.6,77.35,140.0,20.0,44.73,72.68,117.0,16.71,37.38,60.74,50.0,7.14,15.97,25.96,72.0,10.29,23.0,37.38,31.0,4.43,9.9,16.09,45.0,6.43,14.38,23.36,19.0,2.71,6.07,9.86,38.0,5.43,12.14,19.73,30.0,4.29,9.58,15.57,21.0,3.0,6.71,10.9,48.0,6.86,15.34,24.92,17.0,2.43,5.43,8.83,47.0,6.71,15.02,24.4,21.0,3.0,6.71,10.9,26.0,3.71,8.31,13.5,12.0,1.71,3.83,6.23,7.0,1.0,2.24,3.63,35.0,5.0,11.18,18.17,53.0,7.57,16.93,27.51,47.6,44.73,2.88,108.32,9.0,1.29,2.88,69.35,9.91,0.51,0.56,0.43,0.42,0.79,0.14,0.52,0.31,0.74,0.52,3.83,2.24,0.11,16.93,0.32
2,高雄全家海神,109|122,于煥亞/陳懷安,10,396,478.0,6436.11,107.27,107:16,643.61,10.73,10:44,203.0,20.3,42.47,68.13,210.0,21.0,43.93,70.48,159.0,15.9,33.26,53.36,70.0,7.0,14.64,23.49,80.0,8.0,16.74,26.85,41.0,4.1,8.58,13.76,79.0,7.9,16.53,26.51,29.0,2.9,6.07,9.73,44.0,4.4,9.21,14.77,32.0,3.2,6.69,10.74,27.0,2.7,5.65,9.06,69.0,6.9,14.44,23.16,30.0,3.0,6.28,10.07,64.0,6.4,13.39,21.48,47.0,4.7,9.83,15.77,42.0,4.2,8.79,14.1,32.0,3.2,6.69,10.74,1.0,0.1,0.21,0.34,48.0,4.8,10.04,16.11,64.0,6.4,13.39,21.48,42.47,43.93,-1.46,106.95,-7.0,-0.7,-1.46,107.27,10.73,0.53,0.57,0.51,0.37,0.73,0.21,0.6,0.3,0.7,0.51,6.69,0.21,0.1,13.39,0.28
2,高雄全家海神,116|121,呂威霆/吳曉謹,8,242,303.0,3713.28,61.89,61:53,464.16,7.74,07:44,136.0,17.0,44.88,79.11,130.0,16.25,42.9,75.62,107.0,13.38,35.31,62.24,44.0,5.5,14.52,25.59,62.0,7.75,20.46,36.07,32.0,4.0,10.56,18.61,45.0,5.62,14.85,26.18,12.0,1.5,3.96,6.98,45.0,5.62,14.85,26.18,32.0,4.0,10.56,18.61,22.0,2.75,7.26,12.8,46.0,5.75,15.18,26.76,18.0,2.25,5.94,10.47,47.0,5.88,15.51,27.34,20.0,2.5,6.6,11.63,22.0,2.75,7.26,12.8,14.0,1.75,4.62,8.14,7.0,0.88,2.31,4.07,40.0,5.0,13.2,23.27,35.0,4.38,11.55,20.36,44.88,42.9,1.98,117.5,6.0,0.75,1.98,61.89,7.74,0.47,0.54,0.52,0.27,0.71,0.14,0.5,0.32,0.72,0.51,4.62,2.31,0.13,11.55,0.42
2,高雄全家海神,116|122,呂威霆/陳懷安,7,120,145.0,1852.74,30.88,30:53,264.68,4.41,04:25,55.0,7.86,37.93,64.12,56.0,8.0,38.62,65.29,40.0,5.71,27.59,46.63,17.0,2.43,11.72,19.82,21.0,3.0,14.48,24.48,10.0,1.43,6.9,11.66,19.0,2.71,13.1,22.15,7.0,1.0,4.83,8.16,25.0,3.57,17.24,29.15,16.0,2.29,11.03,18.65,3.0,0.43,2.07,3.5,23.0,3.29,15.86,26.81,7.0,1.0,4.83,8.16,25.0,3.57,17.24,29.15,13.0,1.86,8.97,15.16,7.0,1.0,4.83,8.16,4.0,0.57,2.76,4.66,3.0,0.43,2.07,3.5,21.0,3.0,14.48,24.48,17.0,2.43,11.72,19.82,37.93,38.62,-0.69,112.7,-1.0,-0.14,-0.69,30.88,4.41,0.51,0.54,0.48,0.37,0.64,0.2,0.41,0.11,0.77,0.45,2.76,2.07,0.14,11.72,0.62
2,高雄全家海神,116|10894,呂威霆/凱帝,5,91,104.0,1314.69,21.91,21:55,262.94,4.38,04:23,44.0,8.8,42.31,72.29,64.0,12.8,61.54,105.15,30.0,6.0,28.85,49.29,10.0,2.0,9.62,16.43,13.0,2.6,12.5,21.36,4.0,0.8,3.85,6.57,17.0,3.4,16.35,27.93,6.0,1.2,5.77,9.86,27.0,5.4,25.96,44.36,20.0,4.0,19.23,32.86,1.0,0.2,0.96,1.64,23.0,4.6,22.12,37.79,3.0,0.6,2.88,4.93,16.0,3.2,15.38,26.29,5.0,1.0,4.81,8.21,8.0,1.6,7.69,13.14,3.0,0.6,2.88,4.93,1.0,0.2,0.96,1.64,20.0,4.0,19.23,32.86,23.0,4.6,22.12,37.79,42.31,61.54,-19.23,113.91,-20.0,-4.0,-19.23,21.91,4.38,0.43,0.53,0.31,0.35,0.74,0.11,0.8,0.06,0.88,0.56,2.88,0.96,0.19,22.12,0.9
2,高雄全家海神,121|122,吳曉謹/陳懷安,13,339,416.0,5973.07,99.55,99:33,459.47,7.66,07:39,135.0,10.38,32.45,48.82,190.0,14.62,45.67,68.71,126.0,9.69,30.29,45.56,45.0,3.46,10.82,16.27,63.0,4.85,15.14,22.78,29.0,2.23,6.97,10.49,63.0,4.85,15.14,22.78,16.0,1.23,3.85,5.79,45.0,3.46,10.82,16.27,28.0,2.15,6.73,10.13,21.0,1.62,5.05,7.59,66.0,5.08,15.87,23.87,26.0,2.0,6.25,9.4,45.0,3.46,10.82,16.27,47.0,3.62,11.3,17.0,25.0,1.92,6.01,9.04,29.0,2.23,6.97,10.49,5.0,0.38,1.2,1.81,39.0,3.0,9.38,14.1,70.0,5.38,16.83,25.31,32.45,45.67,-13.22,100.29,-55.0,-4.23,-13.22,99.55,7.66,0.42,0.46,0.46,0.25,0.62,0.24,0.56,0.32,0.72,0.55,6.97,1.2,0.09,16.83,0.36
2,高雄全家海神,122|10894,陳懷安/凱帝,10,380,472.0,6330.44,105.51,105:30,633.04,10.55,10:33,190.0,19.0,40.25,64.83,217.0,21.7,45.97,74.04,157.0,15.7,33.26,53.57,67.0,6.7,14.19,22.86,73.0,7.3,15.47,24.91,39.0,3.9,8.26,13.31,84.0,8.4,17.8,28.66,28.0,2.8,5.93,9.55,42.0,4.2,8.9,14.33,29.0,2.9,6.14,9.9,25.0,2.5,5.3,8.53,69.0,6.9,14.62,23.54,35.0,3.5,7.42,11.94,62.0,6.2,13.14,21.15,44.0,4.4,9.32,15.01,37.0,3.7,7.84,12.62,24.0,2.4,5.08,8.19,2.0,0.2,0.42,0.68,49.0,4.9,10.38,16.72,52.0,5.2,11.02,17.74,40.25,45.97,-5.72,107.37,-27.0,-2.7,-5.72,105.51,10.55,0.52,0.54,0.53,0.33,0.69,0.2,0.55,0.29,0.66,0.49,5.08,0.42,0.1,11.02,0.27
2,新北國王,22|29,簡祐哲/林書緯,12,380,455.0,6221.86,103.7,103:42,518.49,8.64,08:38,176.0,14.67,38.68,61.1,201.0,16.75,44.18,69.78,163.0,13.58,35.82,56.59,65.0,5.42,14.29,22.57,100.0,8.33,21.98,34.72,44.0,3.67,9.67,15.28,63.0,5.25,13.85,21.87,21.0,1.75,4.62,7.29,41.0,3.42,9.01,14.23,26.0,2.17,5.71,9.03,33.0,2.75,7.25,11.46,74.0,6.17,16.26,25.69,28.0,2.33,6.15,9.72,77.0,6.42,16.92,26.73,40.0,3.33,8.79,13.89,37.0,3.08,8.13,12.85,21.0,1.75,4.62,7.29,7.0,0.58,1.54,2.43,43.0,3.58,9.45,14.93,63.0,5.25,13.85,21.87,38.68,44.18,-5.49,105.31,-25.0,-2.08,-5.49,103.7,8.64,0.46,0.49,0.44,0.33,0.63,0.18,0.57,0.3,0.73,0.5,4.62,1.54,0.09,13.85,0.25
2,新北國王,29|10872,林書緯/林彥廷,15,827,974.0,12909.15,215.15,215:09,860.61,14.34,14:21,433.0,28.87,44.46,72.45,439.0,29.27,45.07,73.45,358.0,23.87,36.76,59.9,160.0,10.67,16.43,26.77,196.0,13.07,20.12,32.8,100.0,6.67,10.27,16.73,162.0,10.8,16.63,27.11,60.0,4.0,6.16,10.04,81.0,5.4,8.32,13.55,56.0,3.73,5.75,9.37,53.0,3.53,5.44,8.87,156.0,10.4,16.02,26.1,66.0,4.4,6.78,11.04,148.0,9.87,15.2,24.76,68.0,4.53,6.98,11.38,101.0,6.73,10.37,16.9,44.0,2.93,4.52,7.36,11.0,0.73,1.13,1.84,74.0,4.93,7.6,12.38,112.0,7.47,11.5,18.74,44.46,45.07,-0.62,108.65,-6.0,-0.4,-0.62,215.15,14.34,0.53,0.55,0.51,0.37,0.69,0.15,0.63,0.26,0.7,0.49,4.52,1.13,0.08,11.5,0.23
2,高雄全家海神,109|123,于煥亞/勤明慶,8,213,253.0,3235.91,53.93,53:56,404.49,6.74,06:44,93.0,11.62,36.76,62.08,130.0,16.25,51.38,86.78,87.0,10.88,34.39,58.07,29.0,3.62,11.46,19.36,50.0,6.25,19.76,33.38,16.0,2.0,6.32,10.68,37.0,4.62,14.62,24.7,13.0,1.62,5.14,8.68,28.0,3.5,11.07,18.69,21.0,2.62,8.3,14.02,16.0,2.0,6.32,10.68,43.0,5.38,17.0,28.7,13.0,1.62,5.14,8.68,31.0,3.88,12.25,20.69,20.0,2.5,7.91,13.35,18.0,2.25,7.11,12.02,12.0,1.5,4.74,8.01,7.0,0.88,2.77,4.67,24.0,3.0,9.49,16.02,44.0,5.5,17.39,29.37,36.76,51.38,-14.62,112.59,-37.0,-4.62,-14.62,53.93,6.74,0.41,0.47,0.32,0.35,0.75,0.17,0.62,0.34,0.77,0.57,4.74,2.77,0.09,17.39,0.32
2,高雄全家海神,116|123,呂威霆/勤明慶,5,86,108.0,1247.64,20.79,20:48,249.53,4.16,04:10,40.0,8.0,37.04,69.25,45.0,9.0,41.67,77.91,31.0,6.2,28.7,53.67,10.0,2.0,9.26,17.31,20.0,4.0,18.52,34.63,6.0,1.2,5.56,10.39,11.0,2.2,10.19,19.04,4.0,0.8,3.7,6.93,23.0,4.6,21.3,39.82,16.0,3.2,14.81,27.7,6.0,1.2,5.56,10.39,16.0,3.2,14.81,27.7,10.0,2.0,9.26,17.31,14.0,2.8,12.96,24.24,9.0,1.8,8.33,15.58,6.0,1.2,5.56,10.39,6.0,1.2,5.56,10.39,4.0,0.8,3.7,6.93,18.0,3.6,16.67,31.16,10.0,2.0,9.26,17.31,37.04,41.67,-4.63,124.65,-5.0,-1.0,-4.63,20.79,4.16,0.39,0.49,0.3,0.36,0.7,0.18,0.6,0.3,0.62,0.48,5.56,3.7,0.17,9.26,0.74
2,高雄全家海神,121|123,吳曉謹/勤明慶,10,166,203.0,3101.33,51.69,51:41,310.13,5.17,05:10,66.0,6.6,32.51,45.97,98.0,9.8,48.28,68.25,62.0,6.2,30.54,43.18,17.0,1.7,8.37,11.84,39.0,3.9,19.21,27.16,11.0,1.1,5.42,7.66,23.0,2.3,11.33,16.02,6.0,0.6,2.96,4.18,36.0,3.6,17.73,25.07,26.0,2.6,12.81,18.11,12.0,1.2,5.91,8.36,36.0,3.6,17.73,25.07,16.0,1.6,7.88,11.14,24.0,2.4,11.82,16.72,17.0,1.7,8.37,11.84,12.0,1.2,5.91,8.36,10.0,1.0,4.93,6.96,3.0,0.3,1.48,2.09,24.0,2.4,11.82,16.72,34.0,3.4,16.75,23.68,32.51,48.28,-15.76,94.26,-32.0,-3.2,-15.76,51.69,5.17,0.32,0.42,0.28,0.26,0.72,0.18,0.71,0.33,0.69,0.55,4.93,1.48,0.12,16.75,0.58
2,高雄全家海神,122|123,陳懷安/勤明慶,12,237,277.0,4359.9,72.67,72:40,363.33,6.06,06:03,96.0,8.0,34.66,47.56,119.0,9.92,42.96,58.96,94.0,7.83,33.94,46.57,35.0,2.92,12.64,17.34,53.0,4.42,19.13,26.26,20.0,1.67,7.22,9.91,41.0,3.42,14.8,20.31,15.0,1.25,5.42,7.43,19.0,1.58,6.86,9.41,11.0,0.92,3.97,5.45,10.0,0.83,3.61,4.95,49.0,4.08,17.69,24.28,20.0,1.67,7.22,9.91,35.0,2.92,12.64,17.34,28.0,2.33,10.11,13.87,22.0,1.83,7.94,10.9,16.0,1.33,5.78,7.93,5.0,0.42,1.81,2.48,23.0,1.92,8.3,11.39,51.0,4.25,18.41,25.27,34.66,42.96,-8.3,91.49,-23.0,-1.92,-8.3,72.67,6.06,0.45,0.47,0.38,0.37,0.58,0.21,0.63,0.22,0.71,0.52,5.78,1.81,0.08,18.41,0.2
2,新北國王,19|22,蘇培凱/簡祐哲,2,9,13.0,163.15,2.72,02:43,81.58,1.36,01:22,5.0,2.5,38.46,66.2,2.0,1.0,15.38,26.48,5.0,2.5,38.46,66.2,2.0,1.0,15.38,26.48,4.0,2.0,30.77,52.96,1.0,0.5,7.69,13.24,1.0,0.5,7.69,13.24,1.0,0.5,7.69,13.24,0.0,0.0,0.0,0.0,0.0,0.0,0.0,0.0,2.0,1.0,15.38,26.48,1.0,0.5,7.69,13.24,1.0,0.5,7.69,13.24,3.0,1.5,23.08,39.72,1.0,0.5,7.69,13.24,2.0,1.0,15.38,26.48,0.0,0.0,0.0,0.0,0.0,0.0,0.0,0.0,0.0,0.0,0.0,0.0,2.0,1.0,15.38,26.48,38.46,15.38,23.08,114.74,3.0,1.5,23.08,2.72,1.36,0.5,0.5,0.25,1.0,,0.17,1.0,0.4,0.5,0.43,0.0,0.0,0.0,15.38,0.0
2,新北國王,19|29,蘇培凱/林書緯,2,9,13.0,163.15,2.72,02:43,81.58,1.36,01:22,5.0,2.5,38.46,66.2,2.0,1.0,15.38,26.48,5.0,2.5,38.46,66.2,2.0,1.0,15.38,26.48,4.0,2.0,30.77,52.96,1.0,0.5,7.69,13.24,1.0,0.5,7.69,13.24,1.0,0.5,7.69,13.24,0.0,0.0,0.0,0.0,0.0,0.0,0.0,0.0,2.0,1.0,15.38,26.48,1.0,0.5,7.69,13.24,1.0,0.5,7.69,13.24,3.0,1.5,23.08,39.72,1.0,0.5,7.69,13.24,2.0,1.0,15.38,26.48,0.0,0.0,0.0,0.0,0.0,0.0,0.0,0.0,0.0,0.0,0.0,0.0,2.0,1.0,15.38,26.48,38.46,15.38,23.08,114.74,3.0,1.5,23.08,2.72,1.36,0.5,0.5,0.25,1.0,,0.17,1.0,0.4,0.5,0.43,0.0,0.0,0.0,15.38,0.0
2,新北國王,19|10875,蘇培凱/傑登,6,21,29.0,293.41,4.89,04:53,48.9,0.82,00:49,12.0,2.0,41.38,88.34,4.0,0.67,13.79,29.45,9.0,1.5,31.03,66.26,4.0,0.67,13.79,29.45,7.0,1.17,24.14,51.53,3.0,0.5,10.34,22.09,2.0,0.33,6.9,14.72,1.0,0.17,3.45,7.36,6.0,1.0,20.69,44.17,3.0,0.5,10.34,22.09,4.0,0.67,13.79,29.45,1.0,0.17,3.45,7.36,2.0,0.33,6.9,14.72,6.0,1.0,20.69,44.17,4.0,0.67,13.79,29.45,2.0,0.33,6.9,14.72,2.0,0.33,6.9,14.72,0.0,0.0,0.0,0.0,1.0,0.17,3.45,7.36,4.0,0.67,13.79,29.45,41.38,13.79,27.59,142.33,8.0,1.33,27.59,4.89,0.82,0.5,0.52,0.43,0.5,0.5,0.26,0.5,0.4,0.33,0.38,6.9,0.0,0.03,13.79,0.67
2,新北國王,19|10876,蘇培凱/尚迪,1,2,3.0,44.15,0.74,00:44,44.15,0.74,00:44,0.0,0.0,0.0,0.0,2.0,2.0,66.67,97.84,2.0,2.0,66.67,97.84,0.0,0.0,0.0,0.0,2.0,2.0,66.67,97.84,0.0,0.0,0.0,0.0,0.0,0.0,0.0,0.0,0.0,0.0,0.0,0.0,0.0,0.0,0.0,0.0,0.0,0.0,0.0,0.0,1.0,1.0,33.33,48.92,1.0,1.0,33.33,48.92,0.0,0.0,0.0,0.0,0.0,0.0,0.0,0.0,0.0,0.0,0.0,0.0,0.0,0.0,0.0,0.0,0.0,0.0,0.0,0.0,0.0,0.0,0.0,0.0,0.0,0.0,0.0,0.0,2.0,2.0,66.67,97.84,0.0,66.67,-66.67,97.84,-2.0,-2.0,-66.67,0.74,0.74,0.0,0.0,0.0,,,0.0,,1.0,1.0,1.0,0.0,0.0,0.0,66.67,0.0
2,新北國王,22|10876,簡祐哲/尚迪,7,264,318.0,3989.49,66.49,66:29,569.93,9.5,09:30,129.0,18.43,40.57,69.84,143.0,20.43,44.97,77.42,110.0,15.71,34.59,59.56,48.0,6.86,15.09,25.99,72.0,10.29,22.64,38.98,36.0,5.14,11.32,19.49,38.0,5.43,11.95,20.57,12.0,1.71,3.77,6.5,32.0,4.57,10.06,17.33,21.0,3.0,6.6,11.37,19.0,2.71,5.97,10.29,50.0,7.14,15.72,27.07,24.0,3.43,7.55,12.99,50.0,7.14,15.72,27.07,27.0,3.86,8.49,14.62,23.0,3.29,7.23,12.45,13.0,1.86,4.09,7.04,7.0,1.0,2.2,3.79,29.0,4.14,9.12,15.7,51.0,7.29,16.04,27.61,40.57,44.97,-4.4,114.78,-14.0,-2.0,-4.4,66.49,9.5,0.49,0.52,0.5,0.32,0.66,0.18,0.48,0.28,0.68,0.48,4.09,2.2,0.09,16.04,0.29
2,高雄全家海神,116|10892,呂威霆/詹姆斯,2,70,83.0,930.87,15.51,15:31,465.44,7.76,07:45,35.0,17.5,42.17,81.21,40.0,20.0,48.19,92.82,20.0,10.0,24.1,46.41,8.0,4.0,9.64,18.56,11.0,5.5,13.25,25.52,5.0,2.5,6.02,11.6,9.0,4.5,10.84,20.88,3.0,1.5,3.61,6.96,24.0,12.0,28.92,55.69,16.0,8.0,19.28,37.13,2.0,1.0,2.41,4.64,13.0,6.5,15.66,30.17,8.0,4.0,9.64,18.56,13.0,6.5,15.66,30.17,6.0,3.0,7.23,13.92,6.0,3.0,7.23,13.92,5.0,2.5,6.02,11.6,2.0,1.0,2.41,4.64,15.0,7.5,18.07,34.81,15.0,7.5,18.07,34.81,42.17,48.19,-6.02,128.4,-5.0,-2.5,-6.02,15.51,7.76,0.48,0.57,0.45,0.33,0.67,0.16,0.75,0.13,0.62,0.42,6.02,2.41,0.18,18.07,1.2
2,高雄全家海神,122|10892,陳懷安/詹姆斯,4,177,221.0,2785.72,46.43,46:26,696.43,11.61,11:36,86.0,21.5,38.91,66.68,93.0,23.25,42.08,72.11,73.0,18.25,33.03,56.6,31.0,7.75,14.03,24.04,35.0,8.75,15.84,27.14,18.0,4.5,8.14,13.96,38.0,9.5,17.19,29.46,13.0,3.25,5.88,10.08,24.0,6.0,10.86,18.61,12.0,3.0,5.43,9.3,10.0,2.5,4.52,7.75,37.0,9.25,16.74,28.69,23.0,5.75,10.41,17.83,33.0,8.25,14.93,25.59,17.0,4.25,7.69,13.18,15.0,3.75,6.79,11.63,13.0,3.25,5.88,10.08,3.0,0.75,1.36,2.33,18.0,4.5,8.14,13.96,29.0,7.25,13.12,22.49,38.91,42.08,-3.17,114.24,-7.0,-1.75,-3.17,46.43,11.61,0.51,0.51,0.51,0.34,0.5,0.17,0.48,0.23,0.62,0.46,5.88,1.36,0.08,13.12,0.33
2,高雄全家海神,123|10892,勤明慶/詹姆斯,3,155,188.0,2133.4,35.56,35:33,711.13,11.85,11:51,79.0,26.33,42.02,79.99,85.0,28.33,45.21,86.06,60.0,20.0,31.91,60.75,24.0,8.0,12.77,24.3,36.0,12.0,19.15,36.45,14.0,4.67,7.45,14.17,24.0,8.0,12.77,24.3,10.0,3.33,5.32,10.12,29.0,9.67,15.43,29.36,21.0,7.0,11.17,21.26,12.0,4.0,6.38,12.15,27.0,9.0,14.36,27.34,17.0,5.67,9.04,17.21,26.0,8.67,13.83,26.32,13.0,4.33,6.91,13.16,14.0,4.67,7.45,14.17,10.0,3.33,5.32,10.12,6.0,2.0,3.19,6.07,19.0,6.33,10.11,19.24,32.0,10.67,17.02,32.4,42.02,45.21,-3.19,126.9,-6.0,-2.0,-3.19,35.56,11.85,0.48,0.54,0.39,0.42,0.72,0.15,0.58,0.32,0.61,0.48,5.32,3.19,0.1,17.02,0.48
2,新北國王,21|10874,李愷諺/熊祥泰,13,445,516.0,6815.27,113.59,113:35,524.25,8.74,08:44,234.0,18.0,45.35,74.16,225.0,17.31,43.6,71.31,203.0,15.62,39.34,64.34,89.0,6.85,17.25,28.21,121.0,9.31,23.45,38.35,67.0,5.15,12.98,21.23,82.0,6.31,15.89,25.99,22.0,1.69,4.26,6.97,44.0,3.38,8.53,13.95,31.0,2.38,6.01,9.83,31.0,2.38,6.01,9.83,85.0,6.54,16.47,26.94,27.0,2.08,5.23,8.56,81.0,6.23,15.7,25.67,35.0,2.69,6.78,11.09,50.0,3.85,9.69,15.85,20.0,1.54,3.88,6.34,6.0,0.46,1.16,1.9,46.0,3.54,8.91,14.58,53.0,4.08,10.27,16.8,45.35,43.6,1.74,109.03,9.0,0.69,1.74,113.59,8.74,0.49,0.53,0.55,0.27,0.7,0.14,0.56,0.28,0.76,0.52,3.88,1.16,0.09,10.27,0.22
2,新北國王,29|10874,林書緯/熊祥泰,13,611,713.0,9369.26,156.15,156:09,720.71,12.01,12:01,323.0,24.85,45.3,74.46,328.0,25.23,46.0,75.62,283.0,21.77,39.69,65.24,122.0,9.38,17.11,28.13,151.0,11.62,21.18,34.81,81.0,6.23,11.36,18.67,132.0,10.15,18.51,30.43,41.0,3.15,5.75,9.45,47.0,3.62,6.59,10.84,37.0,2.85,5.19,8.53,47.0,3.62,6.59,10.84,118.0,9.08,16.55,27.2,33.0,2.54,4.63,7.61,101.0,7.77,14.17,23.28,51.0,3.92,7.15,11.76,72.0,5.54,10.1,16.6,34.0,2.62,4.77,7.84,9.0,0.69,1.26,2.07,54.0,4.15,7.57,12.45,86.0,6.62,12.06,19.83,45.3,46.0,-0.7,109.58,-5.0,-0.38,-0.7,156.15,12.01,0.5,0.53,0.54,0.31,0.79,0.14,0.59,0.32,0.78,0.55,4.77,1.26,0.08,12.06,0.17
2,新北國王,867|10874,桑尼/熊祥泰,5,241,283.0,3478.43,57.97,57:58,695.69,11.59,11:36,143.0,28.6,50.53,88.8,117.0,23.4,41.34,72.65,113.0,22.6,39.93,70.17,51.0,10.2,18.02,31.67,60.0,12.0,21.2,37.26,34.0,6.8,12.01,21.11,53.0,10.6,18.73,32.91,17.0,3.4,6.01,10.56,23.0,4.6,8.13,14.28,21.0,4.2,7.42,13.04,20.0,4.0,7.07,12.42,42.0,8.4,14.84,26.08,10.0,2.0,3.53,6.21,39.0,7.8,13.78,24.22,19.0,3.8,6.71,11.8,31.0,6.2,10.95,19.25,9.0,1.8,3.18,5.59,5.0,1.0,1.77,3.1,23.0,4.6,8.13,14.28,32.0,6.4,11.31,19.87,50.53,41.34,9.19,117.16,26.0,5.2,9.19,57.97,11.59,0.53,0.58,0.57,0.32,0.91,0.13,0.61,0.34,0.81,0.56,3.18,1.77,0.08,11.31,0.2
2,新北國王,10874|10875,熊祥泰/傑登,15,577,671.0,8998.05,149.97,149:58,599.87,10.0,10:00,301.0,20.07,44.86,72.26,347.0,23.13,51.71,83.3,283.0,18.87,42.18,67.93,119.0,7.93,17.73,28.57,158.0,10.53,23.55,37.93,84.0,5.6,12.52,20.16,125.0,8.33,18.63,30.01,35.0,2.33,5.22,8.4,40.0,2.67,5.96,9.6,28.0,1.87,4.17,6.72,45.0,3.0,6.71,10.8,122.0,8.13,18.18,29.29,38.0,2.53,5.66,9.12,87.0,5.8,12.97,20.88,34.0,2.27,5.07,8.16,72.0,4.8,10.73,17.28,23.0,1.53,3.43,5.52,6.0,0.4,0.89,1.44,53.0,3.53,7.9,12.72,95.0,6.33,14.16,22.8,44.86,51.71,-6.86,107.38,-46.0,-3.07,-6.86,149.97,10.0,0.48,0.5,0.53,0.28,0.7,0.1,0.61,0.34,0.76,0.57,3.43,0.89,0.08,14.16,0.14
2,新北國王,10874|10876,熊祥泰/尚迪,6,214,252.0,3448.53,57.48,57:29,574.76,9.58,09:35,107.0,17.83,42.46,67.02,110.0,18.33,43.65,68.9,88.0,14.67,34.92,55.12,36.0,6.0,14.29,22.55,45.0,7.5,17.86,28.19,23.0,3.83,9.13,14.41,43.0,7.17,17.06,26.93,13.0,2.17,5.16,8.14,28.0,4.67,11.11,17.54,21.0,3.5,8.33,13.15,17.0,2.83,6.75,10.65,36.0,6.0,14.29,22.55,10.0,1.67,3.97,6.26,32.0,5.33,12.7,20.04,24.0,4.0,9.52,15.03,22.0,3.67,8.73,13.78,16.0,2.67,6.35,10.02,2.0,0.33,0.79,1.25,21.0,3.5,8.33,13.15,18.0,3.0,7.14,11.27,42.46,43.65,-1.19,105.23,-3.0,-0.5,-1.19,57.48,9.58,0.48,0.53,0.51,0.3,0.75,0.19,0.61,0.35,0.78,0.56,6.35,0.79,0.08,7.14,0.32
2,新北國王,10872|10874,林彥廷/熊祥泰,17,561,658.0,8943.96,149.07,149:04,526.12,8.77,08:46,321.0,18.88,48.78,77.52,293.0,17.24,44.53,70.76,273.0,16.06,41.49,65.93,120.0,7.06,18.24,28.98,149.0,8.76,22.64,35.98,75.0,4.41,11.4,18.11,124.0,7.29,18.84,29.95,45.0,2.65,6.84,10.87,44.0,2.59,6.69,10.63,34.0,2.0,5.17,8.21,48.0,2.82,7.29,11.59,109.0,6.41,16.57,26.32,28.0,1.65,4.26,6.76,94.0,5.53,14.29,22.7,37.0,2.18,5.62,8.94,68.0,4.0,10.33,16.42,22.0,1.29,3.34,5.31,6.0,0.35,0.91,1.45,56.0,3.29,8.51,13.52,84.0,4.94,12.77,20.29,48.78,44.53,4.26,105.94,28.0,1.65,4.26,149.07,8.77,0.52,0.55,0.5,0.36,0.77,0.11,0.57,0.34,0.8,0.56,3.34,0.91,0.09,12.77,0.16
2,高雄全家海神,110|122,胡瓏貿/陳懷安,13,460,557.0,7363.33,122.72,122:43,566.41,9.44,09:26,229.0,17.62,41.11,67.18,277.0,21.31,49.73,81.26,194.0,14.92,34.83,56.91,81.0,6.23,14.54,23.76,99.0,7.62,17.77,29.04,54.0,4.15,9.69,15.84,95.0,7.31,17.06,27.87,27.0,2.08,4.85,7.92,64.0,4.92,11.49,18.77,39.0,3.0,7.0,11.44,30.0,2.31,5.39,8.8,94.0,7.23,16.88,27.57,34.0,2.62,6.1,9.97,61.0,4.69,10.95,17.89,40.0,3.08,7.18,11.73,48.0,3.69,8.62,14.08,22.0,1.69,3.95,6.45,5.0,0.38,0.9,1.47,51.0,3.92,9.16,14.96,78.0,6.0,14.0,22.88,41.11,49.73,-8.62,108.93,-48.0,-3.69,-8.62,122.72,9.44,0.49,0.52,0.55,0.28,0.61,0.15,0.59,0.33,0.73,0.57,3.95,0.9,0.09,14.0,0.33
2,高雄全家海神,118|122,蘇文儒/陳懷安,13,378,449.0,6366.31,106.11,106:06,489.72,8.16,08:10,194.0,14.92,43.21,65.82,183.0,14.08,40.76,62.09,168.0,12.92,37.42,57.0,70.0,5.38,15.59,23.75,83.0,6.38,18.49,28.16,39.0,3.0,8.69,13.23,85.0,6.54,18.93,28.84,31.0,2.38,6.9,10.52,33.0,2.54,7.35,11.2,26.0,2.0,5.79,8.82,23.0,1.77,5.12,7.8,75.0,5.77,16.7,25.45,28.0,2.15,6.24,9.5,64.0,4.92,14.25,21.71,38.0,2.92,8.46,12.89,39.0,3.0,8.69,13.23,17.0,1.31,3.79,5.77,4.0,0.31,0.89,1.36,43.0,3.31,9.58,14.59,48.0,3.69,10.69,16.29,43.21,40.76,2.45,101.56,11.0,0.85,2.45,106.11,8.16,0.51,0.53,0.47,0.36,0.79,0.17,0.56,0.26,0.73,0.52,3.79,0.89,0.1,10.69,0.2
2,高雄全家海神,116|118,呂威霆/蘇文儒,5,98,118.0,1410.51,23.51,23:31,282.1,4.7,04:42,43.0,8.6,36.44,65.85,52.0,10.4,44.07,79.63,36.0,7.2,30.51,55.13,12.0,2.4,10.17,18.38,19.0,3.8,16.1,29.1,5.0,1.0,4.24,7.66,17.0,3.4,14.41,26.03,7.0,1.4,5.93,10.72,17.0,3.4,14.41,26.03,12.0,2.4,10.17,18.38,4.0,0.8,3.39,6.13,20.0,4.0,16.95,30.63,6.0,1.2,5.08,9.19,19.0,3.8,16.1,29.1,9.0,1.8,7.63,13.78,8.0,1.6,6.78,12.25,4.0,0.8,3.39,6.13,2.0,0.4,1.69,3.06,22.0,4.4,18.64,33.69,20.0,4.0,16.95,30.63,36.44,44.07,-7.63,120.47,-9.0,-1.8,-7.63,23.51,4.7,0.43,0.49,0.26,0.41,0.71,0.17,0.67,0.17,0.77,0.49,3.39,1.69,0.19,16.95,0.47
2,高雄全家海神,118|123,蘇文儒/勤明慶,10,257,312.0,4010.0,66.83,66:50,401.0,6.68,06:41,129.0,12.9,41.35,69.49,124.0,12.4,39.74,66.79,109.0,10.9,34.94,58.71,43.0,4.3,13.78,23.16,65.0,6.5,20.83,35.01,25.0,2.5,8.01,13.47,44.0,4.4,14.1,23.7,18.0,1.8,5.77,9.7,29.0,2.9,9.29,15.62,22.0,2.2,7.05,11.85,17.0,1.7,5.45,9.16,53.0,5.3,16.99,28.55,23.0,2.3,7.37,12.39,38.0,3.8,12.18,20.47,23.0,2.3,7.37,12.39,27.0,2.7,8.65,14.54,12.0,1.2,3.85,6.46,7.0,0.7,2.24,3.77,29.0,2.9,9.29,15.62,47.0,4.7,15.06,25.32,41.35,39.74,1.6,112.04,5.0,0.5,1.6,66.83,6.68,0.48,0.53,0.38,0.41,0.76,0.16,0.63,0.31,0.7,0.53,3.85,2.24,0.09,15.06,0.27
2,新北國王,28|29,呂政儒/林書緯,12,465,544.0,7287.11,121.45,121:27,607.26,10.12,10:07,249.0,20.75,45.77,73.81,224.0,18.67,41.18,66.4,218.0,18.17,40.07,64.62,97.0,8.08,17.83,28.75,130.0,10.83,23.9,38.53,64.0,5.33,11.76,18.97,88.0,7.33,16.18,26.08,33.0,2.75,6.07,9.78,36.0,3.0,6.62,10.67,25.0,2.08,4.6,7.41,31.0,2.58,5.7,9.19,94.0,7.83,17.28,27.86,32.0,2.67,5.88,9.49,97.0,8.08,17.83,28.75,32.0,2.67,5.88,9.49,53.0,4.42,9.74,15.71,19.0,1.58,3.49,5.63,5.0,0.42,0.92,1.48,43.0,3.58,7.9,12.75,56.0,4.67,10.29,16.6,45.77,41.18,4.6,107.5,25.0,2.08,4.6,121.45,10.12,0.52,0.53,0.49,0.38,0.69,0.12,0.55,0.24,0.75,0.49,3.49,0.92,0.08,10.29,0.17
2,新北國王,28|10872,呂政儒/林彥廷,13,324,367.0,4891.1,81.52,81:31,376.24,6.27,06:16,163.0,12.54,44.41,71.98,178.0,13.69,48.5,78.61,138.0,10.62,37.6,60.94,63.0,4.85,17.17,27.82,80.0,6.15,21.8,35.33,39.0,3.0,10.63,17.22,58.0,4.46,15.8,25.61,24.0,1.85,6.54,10.6,29.0,2.23,7.9,12.81,18.0,1.38,4.9,7.95,13.0,1.0,3.54,5.74,63.0,4.85,17.17,27.82,23.0,1.77,6.27,10.16,64.0,4.92,17.44,28.26,24.0,1.85,6.54,10.6,39.0,3.0,10.63,17.22,19.0,1.46,5.18,8.39,5.0,0.38,1.36,2.21,32.0,2.46,8.72,14.13,43.0,3.31,11.72,18.99,44.41,48.5,-4.09,108.05,-15.0,-1.15,-4.09,81.52,6.27,0.54,0.54,0.49,0.41,0.62,0.14,0.62,0.17,0.73,0.47,5.18,1.36,0.09,11.72,0.21
2,新北國王,28|10875,呂政儒/傑登,13,450,521.0,6880.92,114.68,114:41,529.3,8.82,08:49,229.0,17.62,43.95,71.89,232.0,17.85,44.53,72.83,194.0,14.92,37.24,60.9,88.0,6.77,16.89,27.62,115.0,8.85,22.07,36.1,59.0,4.54,11.32,18.52,79.0,6.08,15.16,24.8,29.0,2.23,5.57,9.1,41.0,3.15,7.87,12.87,26.0,2.0,4.99,8.16,26.0,2.0,4.99,8.16,88.0,6.77,16.89,27.62,31.0,2.38,5.95,9.73,93.0,7.15,17.85,29.19,35.0,2.69,6.72,10.99,52.0,4.0,9.98,16.32,22.0,1.69,4.22,6.91,4.0,0.31,0.77,1.26,44.0,3.38,8.45,13.81,54.0,4.15,10.36,16.95,43.95,44.53,-0.58,109.03,-3.0,-0.23,-0.58,114.68,8.82,0.53,0.54,0.51,0.37,0.63,0.14,0.59,0.22,0.74,0.48,4.22,0.77,0.08,10.36,0.21
2,新北國王,28|10876,呂政儒/尚迪,4,59,72.0,765.95,12.77,12:46,191.49,3.19,03:11,35.0,8.75,48.61,98.7,31.0,7.75,43.06,87.42,23.0,5.75,31.94,64.86,13.0,3.25,18.06,36.66,11.0,2.75,15.28,31.02,7.0,1.75,9.72,19.74,12.0,3.0,16.67,33.84,6.0,1.5,8.33,16.92,7.0,1.75,9.72,19.74,3.0,0.75,4.17,8.46,4.0,1.0,5.56,11.28,8.0,2.0,11.11,22.56,4.0,1.0,5.56,11.28,9.0,2.25,12.5,25.38,8.0,2.0,11.11,22.56,9.0,2.25,12.5,25.38,4.0,1.0,5.56,11.28,0.0,0.0,0.0,0.0,6.0,1.5,8.33,16.92,10.0,2.5,13.89,28.2,48.61,43.06,5.56,135.36,4.0,1.0,5.56,12.77,3.19,0.7,0.67,0.64,0.5,0.43,0.23,0.69,0.31,0.67,0.48,5.56,0.0,0.08,13.89,0.3
2,新北國王,22|28,簡祐哲/呂政儒,5,90,110.0,1223.05,20.38,20:23,244.61,4.08,04:05,34.0,6.8,30.91,60.05,46.0,9.2,41.82,81.24,42.0,8.4,38.18,74.18,12.0,2.4,10.91,21.19,24.0,4.8,21.82,42.39,8.0,1.6,7.27,14.13,18.0,3.6,16.36,31.79,4.0,0.8,3.64,7.06,9.0,1.8,8.18,15.89,6.0,1.2,5.45,10.6,10.0,2.0,9.09,17.66,21.0,4.2,19.09,37.09,5.0,1.0,4.55,8.83,18.0,3.6,16.36,31.79,8.0,1.6,7.27,14.13,6.0,1.2,5.45,10.6,3.0,0.6,2.73,5.3,2.0,0.4,1.82,3.53,10.0,2.0,9.09,17.66,16.0,3.2,14.55,28.26,30.91,41.82,-10.91,129.51,-12.0,-2.4,-10.91,20.38,4.08,0.33,0.37,0.33,0.22,0.67,0.15,0.5,0.36,0.81,0.57,2.73,1.82,0.09,14.55,0.21
2,新北國王,28|867,呂政儒/桑尼,3,43,45.0,567.28,9.45,09:27,189.09,3.15,03:09,16.0,5.33,35.56,60.92,23.0,7.67,51.11,87.58,19.0,6.33,42.22,72.35,7.0,2.33,15.56,26.65,12.0,4.0,26.67,45.69,5.0,1.67,11.11,19.04,7.0,2.33,15.56,26.65,2.0,0.67,4.44,7.62,4.0,1.33,8.89,15.23,3.0,1.0,6.67,11.42,1.0,0.33,2.22,3.81,10.0,3.33,22.22,38.08,1.0,0.33,2.22,3.81,9.0,3.0,20.0,34.27,1.0,0.33,2.22,3.81,3.0,1.0,6.67,11.42,1.0,0.33,2.22,3.81,1.0,0.33,2.22,3.81,6.0,2.0,13.33,22.85,8.0,2.67,17.78,30.46,35.56,51.11,-15.56,114.23,-7.0,-2.33,-15.56,9.45,3.15,0.42,0.39,0.42,0.29,0.75,0.05,0.43,0.1,0.91,0.52,2.22,2.22,0.13,17.78,0.21
2,新北國王,25|867,林金榜/桑尼,4,170,201.0,2573.17,42.89,42:53,643.29,10.72,10:43,94.0,23.5,46.77,78.91,74.0,18.5,36.82,62.12,73.0,18.25,36.32,61.28,31.0,7.75,15.42,26.02,38.0,9.5,18.91,31.9,20.0,5.0,9.95,16.79,35.0,8.75,17.41,29.38,11.0,2.75,5.47,9.23,24.0,6.0,11.94,20.15,21.0,5.25,10.45,17.63,20.0,5.0,9.95,16.79,25.0,6.25,12.44,20.99,8.0,2.0,3.98,6.72,36.0,9.0,17.91,30.22,19.0,4.75,9.45,15.95,24.0,6.0,11.94,20.15,12.0,3.0,5.97,10.07,3.0,0.75,1.49,2.52,24.0,6.0,11.94,20.15,23.0,5.75,11.44,19.31,46.77,36.82,9.95,112.48,20.0,5.0,9.95,42.89,10.72,0.5,0.56,0.53,0.31,0.88,0.19,0.77,0.36,0.76,0.51,5.97,1.49,0.12,11.44,0.33
2,高雄全家海神,110|123,胡瓏貿/勤明慶,9,71,85.0,996.41,16.61,16:36,110.71,1.85,01:51,26.0,2.89,30.59,56.36,43.0,4.78,50.59,93.22,26.0,2.89,30.59,56.36,9.0,1.0,10.59,19.51,17.0,1.89,20.0,36.85,7.0,0.78,8.24,15.17,9.0,1.0,10.59,19.51,2.0,0.22,2.35,4.34,11.0,1.22,12.94,23.85,6.0,0.67,7.06,13.01,3.0,0.33,3.53,6.5,14.0,1.56,16.47,30.35,6.0,0.67,7.06,13.01,10.0,1.11,11.76,21.68,9.0,1.0,10.59,19.51,3.0,0.33,3.53,6.5,5.0,0.56,5.88,10.84,3.0,0.33,3.53,6.5,4.0,0.44,4.71,8.67,17.0,1.89,20.0,36.85,30.59,50.59,-20.0,122.84,-17.0,-1.89,-20.0,16.61,1.85,0.38,0.42,0.41,0.22,0.55,0.23,0.33,0.23,0.7,0.52,5.88,3.53,0.05,20.0,0.42
2,福爾摩沙夢想家,79|89,張宗憲/蔣淯安,13,1018,1194.0,16237.45,270.62,270:37,1249.03,20.82,20:49,543.0,41.77,45.48,72.23,513.0,39.46,42.96,68.24,422.0,32.46,35.34,56.14,193.0,14.85,16.16,25.67,262.0,20.15,21.94,34.85,139.0,10.69,11.64,18.49,160.0,12.31,13.4,21.28,54.0,4.15,4.52,7.18,139.0,10.69,11.64,18.49,102.0,7.85,8.54,13.57,75.0,5.77,6.28,9.98,168.0,12.92,14.07,22.35,73.0,5.62,6.11,9.71,218.0,16.77,18.26,29.0,91.0,7.0,7.62,12.11,108.0,8.31,9.05,14.37,49.0,3.77,4.1,6.52,15.0,1.15,1.26,2.0,131.0,10.08,10.97,17.43,99.0,7.62,8.29,13.17,45.48,42.96,2.51,105.89,30.0,2.31,2.51,270.62,20.82,0.52,0.56,0.53,0.34,0.73,0.16,0.56,0.26,0.7,0.46,4.1,1.26,0.11,8.29,0.33
2,福爾摩沙夢想家,79|99,張宗憲/盧冠良,6,154,178.0,2518.8,41.98,41:59,419.8,7.0,07:00,76.0,12.67,42.7,65.17,88.0,14.67,49.44,75.46,64.0,10.67,35.96,54.88,31.0,5.17,17.42,26.58,43.0,7.17,24.16,36.87,26.0,4.33,14.61,22.3,21.0,3.5,11.8,18.01,5.0,0.83,2.81,4.29,16.0,2.67,8.99,13.72,11.0,1.83,6.18,9.43,10.0,1.67,5.62,8.58,25.0,4.17,14.04,21.44,13.0,2.17,7.3,11.15,30.0,5.0,16.85,25.73,13.0,2.17,7.3,11.15,13.0,2.17,7.3,11.15,6.0,1.0,3.37,5.15,3.0,0.5,1.69,2.57,20.0,3.33,11.24,17.15,9.0,1.5,5.06,7.72,42.7,49.44,-6.74,101.76,-12.0,-2.0,-6.74,41.98,7.0,0.52,0.53,0.6,0.24,0.69,0.15,0.42,0.25,0.66,0.45,3.37,1.69,0.11,5.06,0.25
2,福爾摩沙夢想家,79|106,張宗憲/高柏鎧,12,770,906.0,12231.8,203.86,203:52,1019.32,16.99,16:59,401.0,33.42,44.26,70.81,385.0,32.08,42.49,67.99,320.0,26.67,35.32,56.51,144.0,12.0,15.89,25.43,195.0,16.25,21.52,34.43,105.0,8.75,11.59,18.54,125.0,10.42,13.8,22.07,39.0,3.25,4.3,6.89,97.0,8.08,10.71,17.13,71.0,5.92,7.84,12.54,57.0,4.75,6.29,10.07,126.0,10.5,13.91,22.25,55.0,4.58,6.07,9.71,171.0,14.25,18.87,30.2,75.0,6.25,8.28,13.24,82.0,6.83,9.05,14.48,43.0,3.58,4.75,7.59,12.0,1.0,1.32,2.12,87.0,7.25,9.6,15.36,79.0,6.58,8.72,13.95,44.26,42.49,1.77,106.66,16.0,1.33,1.77,203.86,16.99,0.51,0.55,0.54,0.31,0.73,0.17,0.57,0.25,0.7,0.45,4.75,1.32,0.1,8.72,0.3
2,福爾摩沙夢想家,79|107,張宗憲/霍爾曼,10,806,946.0,12714.88,211.91,211:55,1271.49,21.19,21:11,458.0,45.8,48.41,77.8,422.0,42.2,44.61,71.69,334.0,33.4,35.31,56.74,155.0,15.5,16.38,26.33,187.0,18.7,19.77,31.77,99.0,9.9,10.47,16.82,147.0,14.7,15.54,24.97,56.0,5.6,5.92,9.51,117.0,11.7,12.37,19.88,85.0,8.5,8.99,14.44,55.0,5.5,5.81,9.34,135.0,13.5,14.27,22.93,59.0,5.9,6.24,10.02,151.0,15.1,15.96,25.65,70.0,7.0,7.4,11.89,94.0,9.4,9.94,15.97,42.0,4.2,4.44,7.13,11.0,1.1,1.16,1.87,106.0,10.6,11.21,18.01,87.0,8.7,9.2,14.78,48.41,44.61,3.81,107.14,36.0,3.6,3.81,211.91,21.19,0.55,0.59,0.53,0.38,0.73,0.15,0.61,0.27,0.7,0.48,4.44,1.16,0.11,9.2,0.35
2,福爾摩沙夢想家,89|99,蔣淯安/盧冠良,14,668,783.0,11076.71,184.61,184:37,791.19,13.19,13:11,341.0,24.36,43.55,66.5,359.0,25.64,45.85,70.01,275.0,19.64,35.12,53.63,124.0,8.86,15.84,24.18,147.0,10.5,18.77,28.67,83.0,5.93,10.6,16.19,128.0,9.14,16.35,24.96,41.0,2.93,5.24,8.0,62.0,4.43,7.92,12.09,48.0,3.43,6.13,9.36,41.0,2.93,5.24,8.0,117.0,8.36,14.94,22.82,52.0,3.71,6.64,10.14,131.0,9.36,16.73,25.55,70.0,5.0,8.94,13.65,64.0,4.57,8.17,12.48,38.0,2.71,4.85,7.41,8.0,0.57,1.02,1.56,75.0,5.36,9.58,14.63,59.0,4.21,7.54,11.51,43.55,45.85,-2.3,101.79,-18.0,-1.29,-2.3,184.61,13.19,0.53,0.56,0.56,0.32,0.77,0.19,0.52,0.24,0.69,0.46,4.85,1.02,0.1,7.54,0.23
2,福爾摩沙夢想家,89|106,蔣淯安/高柏鎧,14,1069,1259.0,16991.67,283.19,283:12,1213.69,20.23,20:14,527.0,37.64,41.86,66.99,523.0,37.36,41.54,66.48,433.0,30.93,34.39,55.04,184.0,13.14,14.61,23.39,239.0,17.07,18.98,30.38,130.0,9.29,10.33,16.53,194.0,13.86,15.41,24.66,54.0,3.86,4.29,6.86,129.0,9.21,10.25,16.4,99.0,7.07,7.86,12.58,78.0,5.57,6.2,9.92,179.0,12.79,14.22,22.75,75.0,5.36,5.96,9.53,230.0,16.43,18.27,29.24,115.0,8.21,9.13,14.62,97.0,6.93,7.7,12.33,64.0,4.57,5.08,8.14,14.0,1.0,1.11,1.78,127.0,9.07,10.09,16.14,111.0,7.93,8.82,14.11,41.86,41.54,0.32,106.7,4.0,0.29,0.32,283.19,20.23,0.49,0.54,0.54,0.28,0.77,0.19,0.53,0.25,0.7,0.46,5.08,1.11,0.1,8.82,0.3
2,福爾摩沙夢想家,89|107,蔣淯安/霍爾曼,13,1014,1192.0,17114.43,285.24,285:14,1316.49,21.94,21:56,573.0,44.08,48.07,72.32,528.0,40.62,44.3,66.64,408.0,31.38,34.23,51.49,191.0,14.69,16.02,24.11,216.0,16.62,18.12,27.26,122.0,9.38,10.23,15.4,192.0,14.77,16.11,24.23,69.0,5.31,5.79,8.71,148.0,11.38,12.42,18.68,115.0,8.85,9.65,14.51,69.0,5.31,5.79,8.71,162.0,12.46,13.59,20.45,73.0,5.62,6.12,9.21,196.0,15.08,16.44,24.74,105.0,8.08,8.81,13.25,107.0,8.23,8.98,13.5,58.0,4.46,4.87,7.32,16.0,1.23,1.34,2.02,131.0,10.08,10.99,16.53,105.0,8.08,8.81,13.25,48.07,44.3,3.78,100.29,45.0,3.46,3.78,285.24,21.94,0.55,0.61,0.56,0.36,0.78,0.18,0.56,0.26,0.69,0.46,4.87,1.34,0.11,8.81,0.36
2,福爾摩沙夢想家,99|106,盧冠良/高柏鎧,13,560,661.0,9021.17,150.35,150:21,693.94,11.57,11:34,279.0,21.46,42.21,66.8,280.0,21.54,42.36,67.04,218.0,16.77,32.98,52.2,101.0,7.77,15.28,24.18,123.0,9.46,18.61,29.45,72.0,5.54,10.89,17.24,95.0,7.31,14.37,22.75,29.0,2.23,4.39,6.94,74.0,5.69,11.2,17.72,52.0,4.0,7.87,12.45,34.0,2.62,5.14,8.14,89.0,6.85,13.46,21.31,41.0,3.15,6.2,9.82,125.0,9.62,18.91,29.93,62.0,4.77,9.38,14.85,54.0,4.15,8.17,12.93,30.0,2.31,4.54,7.18,7.0,0.54,1.06,1.68,80.0,6.15,12.1,19.15,46.0,3.54,6.96,11.01,42.21,42.36,-0.15,105.51,-1.0,-0.08,-0.15,150.35,11.57,0.53,0.56,0.59,0.31,0.7,0.2,0.53,0.21,0.68,0.43,4.54,1.06,0.12,6.96,0.34
2,福爾摩沙夢想家,99|107,盧冠良/霍爾曼,10,464,556.0,7908.27,131.8,131:48,790.83,13.18,13:11,265.0,26.5,47.66,72.38,256.0,25.6,46.04,69.92,195.0,19.5,35.07,53.26,92.0,9.2,16.55,25.13,103.0,10.3,18.53,28.13,59.0,5.9,10.61,16.11,92.0,9.2,16.55,25.13,33.0,3.3,5.94,9.01,59.0,5.9,10.61,16.11,44.0,4.4,7.91,12.02,42.0,4.2,7.55,11.47,67.0,6.7,12.05,18.3,37.0,3.7,6.65,10.11,91.0,9.1,16.37,24.86,51.0,5.1,9.17,13.93,49.0,4.9,8.81,13.38,28.0,2.8,5.04,7.65,5.0,0.5,0.9,1.37,61.0,6.1,10.97,16.66,35.0,3.5,6.29,9.56,47.66,46.04,1.62,101.24,9.0,0.9,1.62,131.8,13.18,0.56,0.6,0.57,0.36,0.75,0.19,0.53,0.32,0.64,0.46,5.04,0.9,0.11,6.29,0.3
2,福爾摩沙夢想家,106|107,高柏鎧/霍爾曼,9,533,638.0,8763.22,146.05,146:03,973.69,16.23,16:14,300.0,33.33,47.02,73.95,274.0,30.44,42.95,67.54,220.0,24.44,34.48,54.23,101.0,11.22,15.83,24.89,108.0,12.0,16.93,26.62,60.0,6.67,9.4,14.79,112.0,12.44,17.55,27.61,41.0,4.56,6.43,10.11,72.0,8.0,11.29,17.75,52.0,5.78,8.15,12.82,43.0,4.78,6.74,10.6,81.0,9.0,12.7,19.97,39.0,4.33,6.11,9.61,109.0,12.11,17.08,26.87,57.0,6.33,8.93,14.05,56.0,6.22,8.78,13.8,29.0,3.22,4.55,7.15,5.0,0.56,0.78,1.23,71.0,7.89,11.13,17.5,54.0,6.0,8.46,13.31,47.02,42.95,4.08,104.84,26.0,2.89,4.08,146.05,16.23,0.55,0.6,0.56,0.37,0.72,0.18,0.55,0.28,0.68,0.46,4.55,0.78,0.11,8.46,0.33
2,新北國王,21|34,李愷諺/沃許本,11,970,1150.0,15550.28,259.17,259:10,1413.66,23.56,23:34,534.0,48.55,46.43,74.17,510.0,46.36,44.35,70.84,429.0,39.0,37.3,59.59,199.0,18.09,17.3,27.64,276.0,25.09,24.0,38.34,147.0,13.36,12.78,20.42,153.0,13.91,13.3,21.25,52.0,4.73,4.52,7.22,104.0,9.45,9.04,14.45,83.0,7.55,7.22,11.53,62.0,5.64,5.39,8.61,175.0,15.91,15.22,24.31,81.0,7.36,7.04,11.25,182.0,16.55,15.83,25.28,73.0,6.64,6.35,10.14,112.0,10.18,9.74,15.56,44.0,4.0,3.83,6.11,17.0,1.55,1.48,2.36,97.0,8.82,8.43,13.47,99.0,9.0,8.61,13.75,46.43,44.35,2.09,106.49,24.0,2.18,2.09,259.17,23.56,0.52,0.56,0.53,0.34,0.8,0.13,0.56,0.25,0.68,0.47,3.83,1.48,0.08,8.61,0.24
2,新北國王,29|34,林書緯/沃許本,11,1138,1341.0,18538.43,308.97,308:58,1685.31,28.09,28:05,621.0,56.45,46.31,72.36,594.0,54.0,44.3,69.21,517.0,47.0,38.55,60.24,233.0,21.18,17.38,27.15,298.0,27.09,22.22,34.72,156.0,14.18,11.63,18.18,219.0,19.91,16.33,25.52,77.0,7.0,5.74,8.97,97.0,8.82,7.23,11.3,80.0,7.27,5.97,9.32,79.0,7.18,5.89,9.2,210.0,19.09,15.66,24.47,91.0,8.27,6.79,10.6,209.0,19.0,15.59,24.35,86.0,7.82,6.41,10.02,134.0,12.18,9.99,15.61,52.0,4.73,3.88,6.06,19.0,1.73,1.42,2.21,100.0,9.09,7.46,11.65,96.0,8.73,7.16,11.19,46.31,44.3,2.01,104.16,27.0,2.45,2.01,308.97,28.09,0.53,0.55,0.52,0.35,0.82,0.13,0.58,0.27,0.7,0.49,3.88,1.42,0.07,7.16,0.19
2,新北國王,34|10874,沃許本/熊祥泰,11,406,480.0,6360.26,106.0,106:00,578.21,9.64,09:38,230.0,20.91,47.92,78.11,205.0,18.64,42.71,69.62,194.0,17.64,40.42,65.88,88.0,8.0,18.33,29.89,113.0,10.27,23.54,38.38,62.0,5.64,12.92,21.06,81.0,7.36,16.88,27.51,26.0,2.36,5.42,8.83,39.0,3.55,8.12,13.24,29.0,2.64,6.04,9.85,34.0,3.09,7.08,11.55,76.0,6.91,15.83,25.81,24.0,2.18,5.0,8.15,75.0,6.82,15.62,25.47,30.0,2.73,6.25,10.19,46.0,4.18,9.58,15.62,19.0,1.73,3.96,6.45,7.0,0.64,1.46,2.38,43.0,3.91,8.96,14.6,52.0,4.73,10.83,17.66,47.92,42.71,5.21,108.67,25.0,2.27,5.21,106.0,9.64,0.52,0.54,0.55,0.32,0.74,0.12,0.52,0.31,0.76,0.53,3.96,1.46,0.09,10.83,0.2
2,新北國王,34|10876,沃許本/尚迪,4,165,201.0,2414.84,40.25,40:15,603.71,10.06,10:04,73.0,18.25,36.32,65.3,87.0,21.75,43.28,77.82,64.0,16.0,31.84,57.25,29.0,7.25,14.43,25.94,35.0,8.75,17.41,31.31,21.0,5.25,10.45,18.78,29.0,7.25,14.43,25.94,8.0,2.0,3.98,7.16,13.0,3.25,6.47,11.63,8.0,2.0,3.98,7.16,11.0,2.75,5.47,9.84,26.0,6.5,12.94,23.26,20.0,5.0,9.95,17.89,29.0,7.25,14.43,25.94,21.0,5.25,10.45,18.78,15.0,3.75,7.46,13.42,13.0,3.25,6.47,11.63,3.0,0.75,1.49,2.68,12.0,3.0,5.97,10.73,22.0,5.5,10.95,19.68,36.32,43.28,-6.97,119.86,-14.0,-3.5,-6.97,40.25,10.06,0.52,0.52,0.6,0.28,0.62,0.23,0.52,0.28,0.57,0.43,6.47,1.49,0.06,10.95,0.2
2,福爾摩沙夢想家,79|101,張宗憲/周柏臣,4,79,95.0,1070.15,17.84,17:50,267.54,4.46,04:28,35.0,8.75,36.84,70.64,45.0,11.25,47.37,90.83,26.0,6.5,27.37,52.48,11.0,2.75,11.58,22.2,17.0,4.25,17.89,34.31,8.0,2.0,8.42,16.15,9.0,2.25,9.47,18.17,3.0,0.75,3.16,6.06,16.0,4.0,16.84,32.29,11.0,2.75,11.58,22.2,6.0,1.5,6.32,12.11,10.0,2.5,10.53,20.18,4.0,1.0,4.21,8.07,13.0,3.25,13.68,26.24,12.0,3.0,12.63,24.22,5.0,1.25,5.26,10.09,7.0,1.75,7.37,14.13,2.0,0.5,2.11,4.04,9.0,2.25,9.47,18.17,7.0,1.75,7.37,14.13,36.84,47.37,-10.53,127.83,-10.0,-2.5,-10.53,17.84,4.46,0.48,0.53,0.47,0.33,0.69,0.27,0.45,0.32,0.71,0.48,7.37,2.11,0.09,7.37,0.62
2,福爾摩沙夢想家,79|103,張宗憲/忻沃克,12,703,829.0,11062.83,184.38,184:23,921.9,15.37,15:22,366.0,30.5,44.15,71.46,348.0,29.0,41.98,67.95,293.0,24.42,35.34,57.21,124.0,10.33,14.96,24.21,164.0,13.67,19.78,32.02,79.0,6.58,9.53,15.42,129.0,10.75,15.56,25.19,45.0,3.75,5.43,8.79,84.0,7.0,10.13,16.4,64.0,5.33,7.72,12.5,54.0,4.5,6.51,10.54,121.0,10.08,14.6,23.63,47.0,3.92,5.67,9.18,143.0,11.92,17.25,27.92,71.0,5.92,8.56,13.86,73.0,6.08,8.81,14.25,40.0,3.33,4.83,7.81,5.0,0.42,0.6,0.98,83.0,6.92,10.01,16.21,69.0,5.75,8.32,13.47,44.15,41.98,2.17,107.91,18.0,1.5,2.17,184.38,15.37,0.5,0.55,0.48,0.35,0.76,0.18,0.59,0.27,0.72,0.48,4.83,0.6,0.1,8.32,0.29
2,福爾摩沙夢想家,89|101,蔣淯安/周柏臣,9,185,223.0,2943.81,49.06,49:04,327.09,5.45,05:27,84.0,9.33,37.67,61.63,105.0,11.67,47.09,77.04,72.0,8.0,32.29,52.83,27.0,3.0,12.11,19.81,46.0,5.11,20.63,33.75,23.0,2.56,10.31,16.88,26.0,2.89,11.66,19.08,4.0,0.44,1.79,2.93,27.0,3.0,12.11,19.81,24.0,2.67,10.76,17.61,17.0,1.89,7.62,12.47,30.0,3.33,13.45,22.01,10.0,1.11,4.48,7.34,31.0,3.44,13.9,22.75,25.0,2.78,11.21,18.34,10.0,1.11,4.48,7.34,15.0,1.67,6.73,11.01,3.0,0.33,1.35,2.2,24.0,2.67,10.76,17.61,19.0,2.11,8.52,13.94,37.67,47.09,-9.42,109.08,-21.0,-2.33,-9.42,49.06,5.45,0.4,0.5,0.5,0.15,0.89,0.23,0.37,0.35,0.75,0.53,6.73,1.35,0.11,8.52,0.38
2,福爾摩沙夢想家,89|103,蔣淯安/忻沃克,17,1054,1236.0,17024.47,283.74,283:44,1001.44,16.69,16:41,558.0,32.82,45.15,70.8,533.0,31.35,43.12,67.63,443.0,26.06,35.84,56.21,192.0,11.29,15.53,24.36,237.0,13.94,19.17,30.07,123.0,7.24,9.95,15.61,206.0,12.12,16.67,26.14,69.0,4.06,5.58,8.75,125.0,7.35,10.11,15.86,98.0,5.76,7.93,12.43,78.0,4.59,6.31,9.9,185.0,10.88,14.97,23.47,62.0,3.65,5.02,7.87,210.0,12.35,16.99,26.64,108.0,6.35,8.74,13.7,106.0,6.24,8.58,13.45,61.0,3.59,4.94,7.74,12.0,0.71,0.97,1.52,125.0,7.35,10.11,15.86,111.0,6.53,8.98,14.08,45.15,43.12,2.02,104.55,25.0,1.47,2.02,283.74,16.69,0.51,0.56,0.52,0.33,0.78,0.18,0.55,0.27,0.75,0.49,4.94,0.97,0.1,8.98,0.28
2,福爾摩沙夢想家,101|103,周柏臣/忻沃克,4,50,57.0,780.36,13.01,13:00,195.09,3.25,03:15,12.0,3.0,21.05,33.22,33.0,8.25,57.89,91.34,14.0,3.5,24.56,38.75,4.0,1.0,7.02,11.07,9.0,2.25,15.79,24.91,4.0,1.0,7.02,11.07,5.0,1.25,8.77,13.84,0.0,0.0,0.0,0.0,8.0,2.0,14.04,22.14,6.0,1.5,10.53,16.61,2.0,0.5,3.51,5.54,8.0,2.0,14.04,22.14,2.0,0.5,3.51,5.54,7.0,1.75,12.28,19.38,11.0,2.75,19.3,30.45,3.0,0.75,5.26,8.3,4.0,1.0,7.02,11.07,0.0,0.0,0.0,0.0,6.0,1.5,10.53,16.61,4.0,1.0,7.02,11.07,21.05,57.89,-36.84,105.18,-21.0,-5.25,-36.84,13.01,3.25,0.29,0.34,0.44,0.0,0.75,0.39,0.75,0.22,0.8,0.53,7.02,0.0,0.11,7.02,0.57
2,福爾摩沙夢想家,101|107,周柏臣/霍爾曼,4,142,165.0,2179.65,36.33,36:20,544.91,9.08,09:05,65.0,16.25,39.39,64.41,85.0,21.25,51.52,84.23,44.0,11.0,26.67,43.6,19.0,4.75,11.52,18.83,26.0,6.5,15.76,25.77,13.0,3.25,7.88,12.88,18.0,4.5,10.91,17.84,6.0,1.5,3.64,5.95,23.0,5.75,13.94,22.79,19.0,4.75,11.52,18.83,8.0,2.0,4.85,7.93,19.0,4.75,11.52,18.83,7.0,1.75,4.24,6.94,25.0,6.25,15.15,24.77,24.0,6.0,14.55,23.78,10.0,2.5,6.06,9.91,13.0,3.25,7.88,12.88,2.0,0.5,1.21,1.98,22.0,5.5,13.33,21.8,15.0,3.75,9.09,14.86,39.39,51.52,-12.12,109.01,-20.0,-5.0,-12.12,36.33,9.08,0.5,0.6,0.5,0.33,0.83,0.31,0.53,0.24,0.73,0.46,7.88,1.21,0.13,9.09,0.52
2,福爾摩沙夢想家,103|107,忻沃克/霍爾曼,13,797,949.0,12673.74,211.23,211:14,974.9,16.25,16:15,459.0,35.31,48.37,78.23,424.0,32.62,44.68,72.26,343.0,26.38,36.14,58.46,152.0,11.69,16.02,25.91,174.0,13.38,18.34,29.66,86.0,6.62,9.06,14.66,169.0,13.0,17.81,28.8,66.0,5.08,6.95,11.25,105.0,8.08,11.06,17.9,84.0,6.46,8.85,14.32,71.0,5.46,7.48,12.1,127.0,9.77,13.38,21.64,46.0,3.54,4.85,7.84,145.0,11.15,15.28,24.71,81.0,6.23,8.54,13.8,83.0,6.38,8.75,14.15,44.0,3.38,4.64,7.5,13.0,1.0,1.37,2.22,91.0,7.0,9.59,15.51,108.0,8.31,11.38,18.41,48.37,44.68,3.69,107.83,35.0,2.69,3.69,211.23,16.25,0.54,0.59,0.49,0.39,0.8,0.17,0.55,0.33,0.73,0.51,4.64,1.37,0.1,11.38,0.31
2,新北國王,34|10872,沃許本/林彥廷,13,758,900.0,11800.97,196.68,196:41,907.77,15.13,15:08,415.0,31.92,46.11,75.96,416.0,32.0,46.22,76.14,337.0,25.92,37.44,61.68,152.0,11.69,16.89,27.82,202.0,15.54,22.44,36.97,105.0,8.08,11.67,19.22,135.0,10.38,15.0,24.71,47.0,3.62,5.22,8.6,91.0,7.0,10.11,16.66,66.0,5.08,7.33,12.08,51.0,3.92,5.67,9.33,140.0,10.77,15.56,25.63,65.0,5.0,7.22,11.9,138.0,10.62,15.33,25.26,51.0,3.92,5.67,9.33,94.0,7.23,10.44,17.21,36.0,2.77,4.0,6.59,10.0,0.77,1.11,1.83,85.0,6.54,9.44,15.56,97.0,7.46,10.78,17.75,46.11,46.22,-0.11,109.82,-1.0,-0.08,-0.11,196.68,15.13,0.52,0.55,0.52,0.35,0.73,0.12,0.62,0.27,0.68,0.48,4.0,1.11,0.09,10.78,0.27
2,新北國王,34|10875,沃許本/傑登,11,647,776.0,10352.22,172.54,172:32,941.11,15.69,15:41,351.0,31.91,45.23,73.24,336.0,30.55,43.3,70.11,282.0,25.64,36.34,58.84,129.0,11.73,16.62,26.92,188.0,17.09,24.23,39.23,95.0,8.64,12.24,19.82,94.0,8.55,12.11,19.61,34.0,3.09,4.38,7.09,82.0,7.45,10.57,17.11,63.0,5.73,8.12,13.15,45.0,4.09,5.8,9.39,115.0,10.45,14.82,23.99,54.0,4.91,6.96,11.27,121.0,11.0,15.59,25.25,49.0,4.45,6.31,10.22,80.0,7.27,10.31,16.69,30.0,2.73,3.87,6.26,10.0,0.91,1.29,2.09,70.0,6.36,9.02,14.61,73.0,6.64,9.41,15.23,45.23,43.3,1.93,107.94,15.0,1.36,1.93,172.54,15.69,0.52,0.55,0.51,0.36,0.77,0.13,0.62,0.27,0.68,0.48,3.87,1.29,0.09,9.41,0.29
2,福爾摩沙夢想家,79|86,張宗憲/林俊吉,9,291,338.0,4482.58,74.71,74:43,498.06,8.3,08:18,157.0,17.44,46.45,75.65,149.0,16.56,44.08,71.8,112.0,12.44,33.14,53.97,54.0,6.0,15.98,26.02,60.0,6.67,17.75,28.91,34.0,3.78,10.06,16.38,52.0,5.78,15.38,25.06,20.0,2.22,5.92,9.64,41.0,4.56,12.13,19.76,29.0,3.22,8.58,13.97,13.0,1.44,3.85,6.26,48.0,5.33,14.2,23.13,18.0,2.0,5.33,8.67,52.0,5.78,15.38,25.06,33.0,3.67,9.76,15.9,34.0,3.78,10.06,16.38,23.0,2.56,6.8,11.08,3.0,0.33,0.89,1.45,34.0,3.78,10.06,16.38,34.0,3.78,10.06,16.38,46.45,44.08,2.37,108.58,8.0,0.89,2.37,74.71,8.3,0.57,0.6,0.57,0.38,0.71,0.2,0.63,0.2,0.73,0.47,6.8,0.89,0.1,10.06,0.37
2,福爾摩沙夢想家,86|99,林俊吉/盧冠良,11,319,390.0,4766.03,79.43,79:26,433.28,7.22,07:13,190.0,17.27,48.72,86.11,158.0,14.36,40.51,71.61,122.0,11.09,31.28,55.29,64.0,5.82,16.41,29.01,67.0,6.09,17.18,30.36,41.0,3.73,10.51,18.58,55.0,5.0,14.1,24.93,23.0,2.09,5.9,10.42,56.0,5.09,14.36,25.38,39.0,3.55,10.0,17.68,22.0,2.0,5.64,9.97,38.0,3.45,9.74,17.22,23.0,2.09,5.9,10.42,72.0,6.55,18.46,32.63,37.0,3.36,9.49,16.77,39.0,3.55,10.0,17.68,20.0,1.82,5.13,9.06,4.0,0.36,1.03,1.81,46.0,4.18,11.79,20.85,32.0,2.91,8.21,14.5,48.72,40.51,8.21,117.83,32.0,2.91,8.21,79.43,7.22,0.62,0.65,0.61,0.42,0.7,0.2,0.61,0.23,0.62,0.39,5.13,1.03,0.12,8.21,0.46
2,福爾摩沙夢想家,86|101,林俊吉/周柏臣,6,68,80.0,1016.46,16.94,16:56,169.41,2.82,02:49,26.0,4.33,32.5,55.25,37.0,6.17,46.25,78.63,22.0,3.67,27.5,46.75,8.0,1.33,10.0,17.0,13.0,2.17,16.25,27.63,6.0,1.0,7.5,12.75,9.0,1.5,11.25,19.13,2.0,0.33,2.5,4.25,14.0,2.33,17.5,29.75,10.0,1.67,12.5,21.25,3.0,0.5,3.75,6.38,12.0,2.0,15.0,25.5,3.0,0.5,3.75,6.38,13.0,2.17,16.25,27.63,11.0,1.83,13.75,23.38,5.0,0.83,6.25,10.63,6.0,1.0,7.5,12.75,0.0,0.0,0.0,0.0,10.0,1.67,12.5,21.25,10.0,1.67,12.5,21.25,32.5,46.25,-13.75,113.33,-11.0,-1.83,-13.75,16.94,2.82,0.41,0.46,0.46,0.22,0.71,0.28,0.62,0.19,0.8,0.48,7.5,0.0,0.12,12.5,0.64
2,福爾摩沙夢想家,86|107,林俊吉/霍爾曼,9,511,606.0,7909.27,131.82,131:49,878.81,14.65,14:39,309.0,34.33,50.99,84.39,287.0,31.89,47.36,78.38,212.0,23.56,34.98,57.9,102.0,11.33,16.83,27.86,107.0,11.89,17.66,29.22,57.0,6.33,9.41,15.57,105.0,11.67,17.33,28.68,45.0,5.0,7.43,12.29,82.0,9.11,13.53,22.39,62.0,6.89,10.23,16.93,40.0,4.44,6.6,10.92,78.0,8.67,12.87,21.3,31.0,3.44,5.12,8.47,93.0,10.33,15.35,25.4,49.0,5.44,8.09,13.38,65.0,7.22,10.73,17.75,26.0,2.89,4.29,7.1,6.0,0.67,0.99,1.64,68.0,7.56,11.22,18.57,75.0,8.33,12.38,20.48,50.99,47.36,3.63,110.33,22.0,2.44,3.63,131.82,14.65,0.59,0.62,0.53,0.43,0.76,0.16,0.64,0.3,0.72,0.49,4.29,0.99,0.11,12.38,0.39
2,福爾摩沙夢想家,99|101,盧冠良/周柏臣,5,116,135.0,1815.09,30.25,30:15,363.02,6.05,06:03,58.0,11.6,42.96,69.02,78.0,15.6,57.78,92.82,44.0,8.8,32.59,52.36,19.0,3.8,14.07,22.61,25.0,5.0,18.52,29.75,13.0,2.6,9.63,15.47,19.0,3.8,14.07,22.61,6.0,1.2,4.44,7.14,11.0,2.2,8.15,13.09,11.0,2.2,8.15,13.09,8.0,1.6,5.93,9.52,18.0,3.6,13.33,21.42,6.0,1.2,4.44,7.14,19.0,3.8,14.07,22.61,15.0,3.0,11.11,17.85,7.0,1.4,5.19,8.33,11.0,2.2,8.15,13.09,2.0,0.4,1.48,2.38,14.0,2.8,10.37,16.66,15.0,3.0,11.11,17.85,42.96,57.78,-14.81,107.1,-20.0,-4.0,-14.81,30.25,6.05,0.5,0.59,0.52,0.32,1.0,0.23,0.37,0.3,0.75,0.51,8.15,1.48,0.1,11.11,0.25
2,福爾摩沙夢想家,86|97,林俊吉/史承平,1,25,26.0,284.19,4.74,04:44,284.19,4.74,04:44,10.0,10.0,38.46,76.01,17.0,17.0,65.38,129.21,5.0,5.0,19.23,38.0,2.0,2.0,7.69,15.2,3.0,3.0,11.54,22.8,0.0,0.0,0.0,0.0,2.0,2.0,7.69,15.2,2.0,2.0,7.69,15.2,5.0,5.0,19.23,38.0,4.0,4.0,15.38,30.4,0.0,0.0,0.0,0.0,4.0,4.0,15.38,30.4,0.0,0.0,0.0,0.0,2.0,2.0,7.69,15.2,5.0,5.0,19.23,38.0,3.0,3.0,11.54,22.8,2.0,2.0,7.69,15.2,1.0,1.0,3.85,7.6,6.0,6.0,23.08,45.6,4.0,4.0,15.38,30.4,38.46,65.38,-26.92,131.74,-7.0,-7.0,-26.92,4.74,4.74,0.6,0.69,0.0,1.0,0.8,0.41,1.5,0.0,1.0,0.67,7.69,3.85,0.23,15.38,1.0
2,福爾摩沙夢想家,86|106,林俊吉/高柏鎧,10,502,600.0,7350.2,122.5,122:30,735.02,12.25,12:15,268.0,26.8,44.67,78.76,239.0,23.9,39.83,70.23,186.0,18.6,31.0,54.66,91.0,9.1,15.17,26.74,116.0,11.6,19.33,34.09,66.0,6.6,11.0,19.4,70.0,7.0,11.67,20.57,25.0,2.5,4.17,7.35,84.0,8.4,14.0,24.69,63.0,6.3,10.5,18.51,25.0,2.5,4.17,7.35,75.0,7.5,12.5,22.04,37.0,3.7,6.17,10.87,106.0,10.6,17.67,31.15,57.0,5.7,9.5,16.75,48.0,4.8,8.0,14.11,34.0,3.4,5.67,9.99,10.0,1.0,1.67,2.94,62.0,6.2,10.33,18.22,55.0,5.5,9.17,16.16,44.67,39.83,4.83,117.55,29.0,2.9,4.83,122.5,12.25,0.56,0.6,0.57,0.36,0.75,0.2,0.53,0.19,0.67,0.41,5.67,1.67,0.1,9.17,0.45
2,福爾摩沙夢想家,97|99,史承平/盧冠良,1,18,20.0,275.13,4.59,04:35,275.13,4.59,04:35,5.0,5.0,25.0,39.25,9.0,9.0,45.0,70.66,8.0,8.0,40.0,62.81,1.0,1.0,5.0,7.85,5.0,5.0,25.0,39.25,1.0,1.0,5.0,7.85,3.0,3.0,15.0,23.55,0.0,0.0,0.0,0.0,3.0,3.0,15.0,23.55,3.0,3.0,15.0,23.55,2.0,2.0,10.0,15.7,5.0,5.0,25.0,39.25,0.0,0.0,0.0,0.0,1.0,1.0,5.0,7.85,2.0,2.0,10.0,15.7,0.0,0.0,0.0,0.0,1.0,1.0,5.0,7.85,0.0,0.0,0.0,0.0,3.0,3.0,15.0,23.55,0.0,0.0,0.0,0.0,25.0,45.0,-20.0,104.68,-4.0,-4.0,-20.0,4.59,4.59,0.12,0.27,0.2,0.0,1.0,0.18,0.0,0.67,1.0,0.88,5.0,0.0,0.15,0.0,0.38
2,福爾摩沙夢想家,97|101,史承平/周柏臣,5,31,41.0,497.23,8.29,08:17,99.45,1.66,01:39,10.0,2.0,24.39,43.44,13.0,2.6,31.71,56.47,13.0,2.6,31.71,56.47,5.0,1.0,12.2,21.72,10.0,2.0,24.39,43.44,5.0,1.0,12.2,21.72,3.0,0.6,7.32,13.03,0.0,0.0,0.0,0.0,0.0,0.0,0.0,0.0,0.0,0.0,0.0,0.0,3.0,0.6,7.32,13.03,5.0,1.0,12.2,21.72,3.0,0.6,7.32,13.03,6.0,1.2,14.63,26.06,6.0,1.2,14.63,26.06,2.0,0.4,4.88,8.69,3.0,0.6,7.32,13.03,0.0,0.0,0.0,0.0,2.0,0.4,4.88,8.69,0.0,0.0,0.0,0.0,24.39,31.71,-7.32,118.74,-3.0,-0.6,-7.32,8.29,1.66,0.38,0.38,0.5,0.0,,0.32,0.4,0.33,0.62,0.47,7.32,0.0,0.05,0.0,0.0
2,福爾摩沙夢想家,97|106,史承平/高柏鎧,2,57,63.0,824.25,13.74,13:44,412.13,6.87,06:52,26.0,13.0,41.27,68.13,33.0,16.5,52.38,86.48,21.0,10.5,33.33,55.03,7.0,3.5,11.11,18.34,9.0,4.5,14.29,23.59,4.0,2.0,6.35,10.48,12.0,6.0,19.05,31.45,3.0,1.5,4.76,7.86,10.0,5.0,15.87,26.21,9.0,4.5,14.29,23.59,4.0,2.0,6.35,10.48,11.0,5.5,17.46,28.83,0.0,0.0,0.0,0.0,4.0,2.0,6.35,10.48,6.0,3.0,9.52,15.72,4.0,2.0,6.35,10.48,2.0,1.0,3.17,5.24,1.0,0.5,1.59,2.62,8.0,4.0,12.7,20.96,6.0,3.0,9.52,15.72,41.27,52.38,-11.11,110.06,-7.0,-3.5,-11.11,13.74,6.87,0.4,0.51,0.44,0.25,0.9,0.19,0.57,0.5,1.0,0.79,3.17,1.59,0.13,9.52,0.48
2,福爾摩沙夢想家,101|106,周柏臣/高柏鎧,7,69,86.0,1110.92,18.52,18:31,158.7,2.65,02:39,27.0,3.86,31.4,52.5,45.0,6.43,52.33,87.5,30.0,4.29,34.88,58.33,8.0,1.14,9.3,15.55,16.0,2.29,18.6,31.11,8.0,1.14,9.3,15.55,14.0,2.0,16.28,27.22,0.0,0.0,0.0,0.0,13.0,1.86,15.12,25.28,11.0,1.57,12.79,21.39,9.0,1.29,10.47,17.5,13.0,1.86,15.12,25.28,3.0,0.43,3.49,5.83,12.0,1.71,13.95,23.33,7.0,1.0,8.14,13.61,5.0,0.71,5.81,9.72,5.0,0.71,5.81,9.72,0.0,0.0,0.0,0.0,8.0,1.14,9.3,15.55,12.0,1.71,13.95,23.33,31.4,52.33,-20.93,111.48,-18.0,-2.57,-20.93,18.52,2.65,0.27,0.38,0.5,0.0,0.85,0.16,0.62,0.43,0.81,0.59,5.81,0.0,0.09,13.95,0.43
2,福爾摩沙夢想家,86|103,林俊吉/忻沃克,13,537,639.0,7882.86,131.38,131:23,606.37,10.11,10:06,303.0,23.31,47.42,83.03,272.0,20.92,42.57,74.53,218.0,16.77,34.12,59.73,98.0,7.54,15.34,26.85,125.0,9.62,19.56,34.25,64.0,4.92,10.02,17.54,93.0,7.15,14.55,25.48,34.0,2.62,5.32,9.32,94.0,7.23,14.71,25.76,75.0,5.77,11.74,20.55,37.0,2.85,5.79,10.14,85.0,6.54,13.3,23.29,34.0,2.62,5.32,9.32,100.0,7.69,15.65,27.4,49.0,3.77,7.67,13.43,54.0,4.15,8.45,14.8,28.0,2.15,4.38,7.67,9.0,0.69,1.41,2.47,67.0,5.15,10.49,18.36,100.0,7.69,15.65,27.4,47.42,42.57,4.85,116.73,31.0,2.38,4.85,131.38,10.11,0.53,0.58,0.51,0.37,0.8,0.16,0.55,0.27,0.71,0.48,4.38,1.41,0.1,15.65,0.43
2,福爾摩沙夢想家,97|103,史承平/忻沃克,1,35,37.0,440.59,7.34,07:21,440.59,7.34,07:21,17.0,17.0,45.95,83.34,15.0,15.0,40.54,73.54,9.0,9.0,24.32,44.12,4.0,4.0,10.81,19.61,6.0,6.0,16.22,29.41,3.0,3.0,8.11,14.71,3.0,3.0,8.11,14.71,1.0,1.0,2.7,4.9,8.0,8.0,21.62,39.22,8.0,8.0,21.62,39.22,1.0,1.0,2.7,4.9,4.0,4.0,10.81,19.61,0.0,0.0,0.0,0.0,5.0,5.0,13.51,24.51,7.0,7.0,18.92,34.32,2.0,2.0,5.41,9.8,4.0,4.0,10.81,19.61,1.0,1.0,2.7,4.9,4.0,4.0,10.81,19.61,6.0,6.0,16.22,29.41,45.95,40.54,5.41,120.93,2.0,2.0,5.41,7.34,7.34,0.5,0.68,0.5,0.33,1.0,0.36,0.5,0.17,1.0,0.5,10.81,2.7,0.11,16.22,0.89
2,福爾摩沙夢想家,99|103,盧冠良/忻沃克,11,304,355.0,4961.17,82.69,82:41,451.02,7.52,07:31,163.0,14.82,45.92,70.97,161.0,14.64,45.35,70.1,123.0,11.18,34.65,53.55,60.0,5.45,16.9,26.12,61.0,5.55,17.18,26.56,36.0,3.27,10.14,15.67,62.0,5.64,17.46,26.99,24.0,2.18,6.76,10.45,32.0,2.91,9.01,13.93,21.0,1.91,5.92,9.14,16.0,1.45,4.51,6.97,52.0,4.73,14.65,22.64,17.0,1.55,4.79,7.4,59.0,5.36,16.62,25.69,32.0,2.91,9.01,13.93,34.0,3.09,9.58,14.8,21.0,1.91,5.92,9.14,3.0,0.27,0.85,1.31,38.0,3.45,10.7,16.54,23.0,2.09,6.48,10.01,45.92,45.35,0.56,103.04,2.0,0.18,0.56,82.69,7.52,0.59,0.59,0.59,0.39,0.66,0.19,0.57,0.21,0.75,0.47,5.92,0.85,0.11,6.48,0.26
2,福爾摩沙夢想家,103|106,忻沃克/高柏鎧,13,841,994.0,13193.14,219.89,219:53,1014.86,16.91,16:55,433.0,33.31,43.56,70.89,403.0,31.0,40.54,65.98,344.0,26.46,34.61,56.32,152.0,11.69,15.29,24.89,190.0,14.62,19.11,31.11,98.0,7.54,9.86,16.04,154.0,11.85,15.49,25.21,54.0,4.15,5.43,8.84,102.0,7.85,10.26,16.7,79.0,6.08,7.95,12.93,56.0,4.31,5.63,9.17,144.0,11.08,14.49,23.58,50.0,3.85,5.03,8.19,185.0,14.23,18.61,30.29,92.0,7.08,9.26,15.06,84.0,6.46,8.45,13.75,49.0,3.77,4.93,8.02,11.0,0.85,1.11,1.8,94.0,7.23,9.46,15.39,88.0,6.77,8.85,14.41,43.56,40.54,3.02,108.49,30.0,2.31,3.02,219.89,16.91,0.52,0.56,0.52,0.35,0.77,0.19,0.55,0.23,0.74,0.46,4.93,1.11,0.09,8.85,0.3
2,新北國王,22|34,簡祐哲/沃許本,10,318,389.0,5345.01,89.08,89:05,534.5,8.91,08:55,153.0,15.3,39.33,61.83,164.0,16.4,42.16,66.27,138.0,13.8,35.48,55.77,56.0,5.6,14.4,22.63,87.0,8.7,22.37,35.16,39.0,3.9,10.03,15.76,51.0,5.1,13.11,20.61,17.0,1.7,4.37,6.87,32.0,3.2,8.23,12.93,25.0,2.5,6.43,10.1,28.0,2.8,7.2,11.32,58.0,5.8,14.91,23.44,32.0,3.2,8.23,12.93,63.0,6.3,16.2,25.46,34.0,3.4,8.74,13.74,33.0,3.3,8.48,13.34,19.0,1.9,4.88,7.68,7.0,0.7,1.8,2.83,32.0,3.2,8.23,12.93,36.0,3.6,9.25,14.55,39.33,42.16,-2.83,104.8,-11.0,-1.1,-2.83,89.08,8.91,0.47,0.5,0.45,0.33,0.78,0.18,0.59,0.31,0.64,0.48,4.88,1.8,0.08,9.25,0.23
2,福爾摩沙夢想家,86|91,林俊吉/簡偉儒,1,42,44.0,484.86,8.08,08:05,484.86,8.08,08:05,17.0,17.0,38.64,75.73,23.0,23.0,52.27,102.46,12.0,12.0,27.27,53.46,6.0,6.0,13.64,26.73,7.0,7.0,15.91,31.18,4.0,4.0,9.09,17.82,5.0,5.0,11.36,22.27,2.0,2.0,4.55,8.91,4.0,4.0,9.09,17.82,3.0,3.0,6.82,13.36,0.0,0.0,0.0,0.0,6.0,6.0,13.64,26.73,1.0,1.0,2.27,4.45,7.0,7.0,15.91,31.18,4.0,4.0,9.09,17.82,6.0,6.0,13.64,26.73,2.0,2.0,4.55,8.91,2.0,2.0,4.55,8.91,6.0,6.0,13.64,26.73,6.0,6.0,13.64,26.73,38.64,52.27,-13.64,130.68,-6.0,-6.0,-13.64,8.08,8.08,0.58,0.62,0.57,0.4,0.75,0.23,1.0,0.0,0.86,0.43,4.55,4.55,0.14,13.64,0.33
2,福爾摩沙夢想家,91|97,簡偉儒/史承平,5,59,74.0,857.02,14.28,14:17,171.4,2.86,02:51,25.0,5.0,33.78,63.01,28.0,5.6,37.84,70.57,19.0,3.8,25.68,47.89,8.0,1.6,10.81,20.16,10.0,2.0,13.51,25.2,6.0,1.2,8.11,15.12,9.0,1.8,12.16,22.68,2.0,0.4,2.7,5.04,8.0,1.6,10.81,20.16,7.0,1.4,9.46,17.64,4.0,0.8,5.41,10.08,8.0,1.6,10.81,20.16,4.0,0.8,5.41,10.08,9.0,1.8,12.16,22.68,10.0,2.0,13.51,25.2,6.0,1.2,8.11,15.12,5.0,1.0,6.76,12.6,1.0,0.2,1.35,2.52,6.0,1.2,8.11,15.12,6.0,1.2,8.11,15.12,33.78,37.84,-4.05,124.34,-3.0,-0.6,-4.05,14.28,2.86,0.47,0.56,0.6,0.22,0.88,0.31,0.75,0.31,0.67,0.48,6.76,1.35,0.08,8.11,0.42
2,福爾摩沙夢想家,91|103,簡偉儒/忻沃克,3,96,106.0,1424.74,23.75,23:45,474.91,7.92,07:55,48.0,16.0,45.28,72.77,37.0,12.33,34.91,56.09,32.0,10.67,30.19,48.51,17.0,5.67,16.04,25.77,21.0,7.0,19.81,31.84,12.0,4.0,11.32,18.19,11.0,3.67,10.38,16.68,5.0,1.67,4.72,7.58,14.0,4.67,13.21,21.22,14.0,4.67,13.21,21.22,5.0,1.67,4.72,7.58,9.0,3.0,8.49,13.64,4.0,1.33,3.77,6.06,19.0,6.33,17.92,28.81,12.0,4.0,11.32,18.19,12.0,4.0,11.32,18.19,5.0,1.67,4.72,7.58,3.0,1.0,2.83,4.55,10.0,3.33,9.43,15.16,10.0,3.33,9.43,15.16,45.28,34.91,10.38,107.14,11.0,3.67,10.38,23.75,7.92,0.61,0.63,0.57,0.45,1.0,0.24,0.71,0.21,0.69,0.38,4.72,2.83,0.09,9.43,0.44
2,福爾摩沙夢想家,91|106,簡偉儒/高柏鎧,5,125,144.0,2054.05,34.23,34:14,410.81,6.85,06:51,65.0,13.0,45.14,68.35,54.0,10.8,37.5,56.79,52.0,10.4,36.11,54.68,22.0,4.4,15.28,23.13,37.0,7.4,25.69,38.91,17.0,3.4,11.81,17.88,15.0,3.0,10.42,15.77,5.0,1.0,3.47,5.26,20.0,4.0,13.89,21.03,18.0,3.6,12.5,18.93,9.0,1.8,6.25,9.46,21.0,4.2,14.58,22.08,3.0,0.6,2.08,3.15,25.0,5.0,17.36,26.29,11.0,2.2,7.64,11.57,15.0,3.0,10.42,15.77,3.0,0.6,2.08,3.15,5.0,1.0,3.47,5.26,15.0,3.0,10.42,15.77,13.0,2.6,9.03,13.67,45.14,37.5,7.64,100.95,11.0,2.2,7.64,34.23,6.85,0.47,0.53,0.46,0.33,0.9,0.15,0.68,0.26,0.88,0.52,2.08,3.47,0.1,9.03,0.38
2,福爾摩沙夢想家,91|107,簡偉儒/霍爾曼,5,151,180.0,2418.25,40.3,40:18,483.65,8.06,08:04,75.0,15.0,41.67,66.99,87.0,17.4,48.33,77.71,62.0,12.4,34.44,55.38,28.0,5.6,15.56,25.01,34.0,6.8,18.89,30.37,20.0,4.0,11.11,17.86,28.0,5.6,15.56,25.01,8.0,1.6,4.44,7.15,11.0,2.2,6.11,9.83,8.0,1.6,4.44,7.15,11.0,2.2,6.11,9.83,24.0,4.8,13.33,21.44,11.0,2.2,6.11,9.83,27.0,5.4,15.0,24.12,18.0,3.6,10.0,16.08,16.0,3.2,8.89,14.29,10.0,2.0,5.56,8.93,2.0,0.4,1.11,1.79,15.0,3.0,8.33,13.4,13.0,2.6,7.22,11.61,41.67,48.33,-6.67,107.18,-12.0,-2.4,-6.67,40.3,8.06,0.52,0.56,0.59,0.29,0.73,0.21,0.57,0.29,0.69,0.48,5.56,1.11,0.08,7.22,0.18
2,福爾摩沙夢想家,97|107,史承平/霍爾曼,2,42,51.0,675.15,11.25,11:15,337.58,5.63,05:38,14.0,7.0,27.45,44.79,34.0,17.0,66.67,108.78,15.0,7.5,29.41,47.99,5.0,2.5,9.8,16.0,6.0,3.0,11.76,19.2,3.0,1.5,5.88,9.6,9.0,4.5,17.65,28.79,2.0,1.0,3.92,6.4,3.0,1.5,5.88,9.6,2.0,1.0,3.92,6.4,3.0,1.5,5.88,9.6,8.0,4.0,15.69,25.59,1.0,0.5,1.96,3.2,3.0,1.5,5.88,9.6,8.0,4.0,15.69,25.59,2.0,1.0,3.92,6.4,5.0,2.5,9.8,16.0,0.0,0.0,0.0,0.0,6.0,3.0,11.76,19.2,2.0,1.0,3.92,6.4,27.45,66.67,-39.22,108.78,-20.0,-10.0,-39.22,11.25,5.63,0.4,0.43,0.5,0.22,0.67,0.33,0.4,0.5,0.89,0.73,9.8,0.0,0.12,3.92,0.2
2,新北國王,22|24,簡祐哲/蘇士軒,10,139,166.0,2180.6,36.34,36:21,218.06,3.63,03:38,54.0,5.4,32.53,53.49,89.0,8.9,53.61,88.16,66.0,6.6,39.76,65.38,20.0,2.0,12.05,19.81,33.0,3.3,19.88,32.69,13.0,1.3,7.83,12.88,33.0,3.3,19.88,32.69,7.0,0.7,4.22,6.93,12.0,1.2,7.23,11.89,7.0,0.7,4.22,6.93,14.0,1.4,8.43,13.87,32.0,3.2,19.28,31.7,7.0,0.7,4.22,6.93,20.0,2.0,12.05,19.81,14.0,1.4,8.43,13.87,9.0,0.9,5.42,8.91,6.0,0.6,3.61,5.94,4.0,0.4,2.41,3.96,16.0,1.6,9.64,15.85,23.0,2.3,13.86,22.78,32.53,53.61,-21.08,109.62,-35.0,-3.5,-21.08,36.34,3.63,0.36,0.38,0.39,0.21,0.58,0.16,0.45,0.41,0.82,0.63,3.61,2.41,0.1,13.86,0.18
2,新北國王,24|34,蘇士軒/沃許本,13,535,631.0,8634.53,143.91,143:55,664.19,11.07,11:04,285.0,21.92,45.17,71.3,303.0,23.31,48.02,75.8,245.0,18.85,38.83,61.29,109.0,8.38,17.27,27.27,142.0,10.92,22.5,35.52,77.0,5.92,12.2,19.26,103.0,7.92,16.32,25.77,32.0,2.46,5.07,8.01,43.0,3.31,6.81,10.76,34.0,2.62,5.39,8.51,39.0,3.0,6.18,9.76,96.0,7.38,15.21,24.02,38.0,2.92,6.02,9.51,85.0,6.54,13.47,21.26,43.0,3.31,6.81,10.76,53.0,4.08,8.4,13.26,23.0,1.77,3.65,5.75,8.0,0.62,1.27,2.0,43.0,3.31,6.81,10.76,37.0,2.85,5.86,9.26,45.17,48.02,-2.85,105.23,-18.0,-1.38,-2.85,143.91,11.07,0.51,0.54,0.54,0.31,0.79,0.14,0.49,0.31,0.72,0.52,3.65,1.27,0.07,5.86,0.18
2,新北國王,24|10874,蘇士軒/熊祥泰,10,149,172.0,2560.79,42.68,42:41,256.08,4.27,04:16,82.0,8.2,47.67,69.17,77.0,7.7,44.77,64.95,69.0,6.9,40.12,58.2,32.0,3.2,18.6,26.99,38.0,3.8,22.09,32.05,21.0,2.1,12.21,17.71,31.0,3.1,18.02,26.15,11.0,1.1,6.4,9.28,8.0,0.8,4.65,6.75,7.0,0.7,4.07,5.9,13.0,1.3,7.56,10.97,23.0,2.3,13.37,19.4,6.0,0.6,3.49,5.06,24.0,2.4,13.95,20.24,14.0,1.4,8.14,11.81,21.0,2.1,12.21,17.71,9.0,0.9,5.23,7.59,2.0,0.2,1.16,1.69,11.0,1.1,6.4,9.28,20.0,2.0,11.63,16.87,47.67,44.77,2.91,96.72,5.0,0.5,2.91,42.68,4.27,0.54,0.57,0.55,0.35,0.88,0.16,0.66,0.35,0.79,0.55,5.23,1.16,0.06,11.63,0.12
2,福爾摩沙夢想家,79|91,張宗憲/簡偉儒,3,134,158.0,2163.88,36.06,36:04,721.29,12.02,12:01,70.0,23.33,44.3,69.87,65.0,21.67,41.14,64.88,58.0,19.33,36.71,57.9,26.0,8.67,16.46,25.95,38.0,12.67,24.05,37.93,22.0,7.33,13.92,21.96,20.0,6.67,12.66,19.96,4.0,1.33,2.53,3.99,15.0,5.0,9.49,14.97,12.0,4.0,7.59,11.98,10.0,3.33,6.33,9.98,23.0,7.67,14.56,22.96,10.0,3.33,6.33,9.98,28.0,9.33,17.72,27.95,10.0,3.33,6.33,9.98,14.0,4.67,8.86,13.97,6.0,2.0,3.8,5.99,3.0,1.0,1.9,2.99,12.0,4.0,7.59,11.98,16.0,5.33,10.13,15.97,44.3,41.14,3.16,105.14,5.0,1.67,3.16,36.06,12.02,0.48,0.54,0.58,0.2,0.8,0.13,0.54,0.26,0.7,0.46,3.8,1.9,0.08,10.13,0.26
2,福爾摩沙夢想家,89|91,蔣淯安/簡偉儒,5,113,134.0,1949.16,32.49,32:29,389.83,6.5,06:30,62.0,12.4,46.27,68.71,39.0,7.8,29.1,43.22,42.0,8.4,31.34,46.54,19.0,3.8,14.18,21.06,25.0,5.0,18.66,27.7,14.0,2.8,10.45,15.51,17.0,3.4,12.69,18.84,5.0,1.0,3.73,5.54,21.0,4.2,15.67,23.27,19.0,3.8,14.18,21.06,10.0,2.0,7.46,11.08,15.0,3.0,11.19,16.62,6.0,1.2,4.48,6.65,23.0,4.6,17.16,25.49,15.0,3.0,11.19,16.62,11.0,2.2,8.21,12.19,8.0,1.6,5.97,8.87,2.0,0.4,1.49,2.22,14.0,2.8,10.45,15.51,12.0,2.4,8.96,13.3,46.27,29.1,17.16,99.0,23.0,4.6,17.16,32.49,6.5,0.51,0.6,0.56,0.29,0.9,0.23,0.58,0.3,0.71,0.46,5.97,1.49,0.1,8.96,0.5
2,福爾摩沙夢想家,91|101,簡偉儒/周柏臣,4,34,45.0,547.48,9.12,09:07,136.87,2.28,02:17,15.0,3.75,33.33,59.18,16.0,4.0,35.56,63.13,14.0,3.5,31.11,55.23,5.0,1.25,11.11,19.73,8.0,2.0,17.78,31.56,4.0,1.0,8.89,15.78,6.0,1.5,13.33,23.67,1.0,0.25,2.22,3.95,5.0,1.25,11.11,19.73,4.0,1.0,8.89,15.78,4.0,1.0,8.89,15.78,6.0,1.5,13.33,23.67,4.0,1.0,8.89,15.78,6.0,1.5,13.33,23.67,5.0,1.25,11.11,19.73,3.0,0.75,6.67,11.84,2.0,0.5,4.44,7.89,0.0,0.0,0.0,0.0,3.0,0.75,6.67,11.84,2.0,0.5,4.44,7.89,33.33,35.56,-2.22,118.36,-1.0,-0.25,-2.22,9.12,2.28,0.39,0.46,0.5,0.17,0.8,0.24,0.6,0.4,0.6,0.5,4.44,0.0,0.07,4.44,0.36
2,福爾摩沙夢想家,83|86,吳家駿/林俊吉,2,63,81.0,917.47,15.29,15:17,458.73,7.65,07:39,33.0,16.5,40.74,77.69,33.0,16.5,40.74,77.69,30.0,15.0,37.04,70.63,12.0,6.0,14.81,28.25,21.0,10.5,25.93,49.44,10.0,5.0,12.35,23.54,9.0,4.5,11.11,21.19,2.0,1.0,2.47,4.71,9.0,4.5,11.11,21.19,7.0,3.5,8.64,16.48,6.0,3.0,7.41,14.13,13.0,6.5,16.05,30.61,8.0,4.0,9.88,18.83,10.0,5.0,12.35,23.54,4.0,2.0,4.94,9.42,7.0,3.5,8.64,16.48,0.0,0.0,0.0,0.0,1.0,0.5,1.23,2.35,6.0,3.0,7.41,14.13,11.0,5.5,13.58,25.9,40.74,40.74,0.0,127.13,0.0,0.0,0.0,15.29,7.65,0.43,0.49,0.48,0.22,0.78,0.11,0.58,0.38,0.62,0.51,0.0,1.23,0.07,13.58,0.3
2,福爾摩沙夢想家,83|91,吳家駿/簡偉儒,6,117,145.0,1843.72,30.73,30:44,307.29,5.12,05:07,57.0,9.5,39.31,66.78,73.0,12.17,50.34,85.52,61.0,10.17,42.07,71.46,26.0,4.33,17.93,30.46,43.0,7.17,29.66,50.38,22.0,3.67,15.17,25.77,18.0,3.0,12.41,21.09,4.0,0.67,2.76,4.69,4.0,0.67,2.76,4.69,3.0,0.5,2.07,3.51,10.0,1.67,6.9,11.72,23.0,3.83,15.86,26.95,10.0,1.67,6.9,11.72,22.0,3.67,15.17,25.77,7.0,1.17,4.83,8.2,14.0,2.33,9.66,16.4,2.0,0.33,1.38,2.34,3.0,0.5,2.07,3.51,5.0,0.83,3.45,5.86,8.0,1.33,5.52,9.37,39.31,50.34,-11.03,113.25,-16.0,-2.67,-11.03,30.73,5.12,0.46,0.45,0.51,0.22,0.75,0.1,0.54,0.31,0.7,0.51,1.38,2.07,0.03,5.52,0.07
2,福爾摩沙夢想家,83|103,吳家駿/忻沃克,8,127,166.0,1952.98,32.55,32:33,244.12,4.07,04:04,61.0,7.62,36.75,67.47,70.0,8.75,42.17,77.42,60.0,7.5,36.14,66.36,22.0,2.75,13.25,24.33,33.0,4.12,19.88,36.5,14.0,1.75,8.43,15.48,27.0,3.38,16.27,29.86,8.0,1.0,4.82,8.85,19.0,2.38,11.45,21.01,12.0,1.5,7.23,13.27,17.0,2.12,10.24,18.8,25.0,3.12,15.06,27.65,12.0,1.5,7.23,13.27,25.0,3.12,15.06,27.65,12.0,1.5,7.23,13.27,15.0,1.88,9.04,16.59,5.0,0.62,3.01,5.53,2.0,0.25,1.2,2.21,15.0,1.88,9.04,16.59,23.0,2.88,13.86,25.44,36.75,42.17,-5.42,122.4,-9.0,-1.12,-5.42,32.55,4.07,0.43,0.45,0.42,0.3,0.63,0.15,0.68,0.4,0.68,0.53,3.01,1.2,0.09,13.86,0.32
2,福爾摩沙夢想家,83|106,吳家駿/高柏鎧,8,164,201.0,2709.39,45.16,45:09,338.67,5.64,05:39,81.0,10.12,40.3,64.58,93.0,11.62,46.27,74.14,82.0,10.25,40.8,65.37,34.0,4.25,16.92,27.11,48.0,6.0,23.88,38.27,24.0,3.0,11.94,19.13,34.0,4.25,16.92,27.11,10.0,1.25,4.98,7.97,18.0,2.25,8.96,14.35,13.0,1.62,6.47,10.36,16.0,2.0,7.96,12.76,31.0,3.88,15.42,24.71,11.0,1.38,5.47,8.77,29.0,3.62,14.43,23.12,15.0,1.88,7.46,11.96,15.0,1.88,7.46,11.96,5.0,0.62,2.49,3.99,2.0,0.25,1.0,1.59,15.0,1.88,7.46,11.96,16.0,2.0,7.96,12.76,40.3,46.27,-5.97,106.83,-12.0,-1.5,-5.97,45.16,5.64,0.48,0.45,0.5,0.29,0.72,0.14,0.44,0.36,0.74,0.54,2.49,1.0,0.07,7.96,0.22
2,福爾摩沙夢想家,83|89,吳家駿/蔣淯安,2,14,16.0,228.74,3.81,03:49,114.37,1.91,01:54,5.0,2.5,31.25,47.22,7.0,3.5,43.75,66.1,7.0,3.5,43.75,66.1,2.0,1.0,12.5,18.89,1.0,0.5,6.25,9.44,1.0,0.5,6.25,9.44,6.0,3.0,37.5,56.66,1.0,0.5,6.25,9.44,0.0,0.0,0.0,0.0,0.0,0.0,0.0,0.0,1.0,0.5,6.25,9.44,3.0,1.5,18.75,28.33,1.0,0.5,6.25,9.44,2.0,1.0,12.5,18.89,1.0,0.5,6.25,9.44,0.0,0.0,0.0,0.0,0.0,0.0,0.0,0.0,0.0,0.0,0.0,0.0,0.0,0.0,0.0,0.0,2.0,1.0,12.5,18.89,31.25,43.75,-12.5,100.73,-2.0,-1.0,-12.5,3.81,1.91,0.36,0.36,1.0,0.17,,0.12,0.0,0.33,0.75,0.57,0.0,0.0,0.0,12.5,0.0
2,福爾摩沙夢想家,83|97,吳家駿/史承平,4,26,34.0,465.51,7.76,07:46,116.38,1.94,01:56,13.0,3.25,38.24,60.32,13.0,3.25,38.24,60.32,15.0,3.75,44.12,69.6,6.0,1.5,17.65,27.84,8.0,2.0,23.53,37.12,5.0,1.25,14.71,23.2,7.0,1.75,20.59,32.48,1.0,0.25,2.94,4.64,0.0,0.0,0.0,0.0,0.0,0.0,0.0,0.0,4.0,1.0,11.76,18.56,5.0,1.25,14.71,23.2,2.0,0.5,5.88,9.28,3.0,0.75,8.82,13.92,2.0,0.5,5.88,9.28,2.0,0.5,5.88,9.28,1.0,0.25,2.94,4.64,0.0,0.0,0.0,0.0,2.0,0.5,5.88,9.28,2.0,0.5,5.88,9.28,38.24,38.24,0.0,105.18,0.0,0.0,0.0,7.76,1.94,0.43,0.43,0.62,0.14,,0.12,0.33,0.57,0.71,0.64,2.94,0.0,0.06,5.88,0.0
2,福爾摩沙夢想家,83|107,吳家駿/霍爾曼,7,163,211.0,2619.31,43.66,43:39,374.19,6.24,06:14,86.0,12.29,40.76,70.92,101.0,14.43,47.87,83.29,83.0,11.86,39.34,68.45,30.0,4.29,14.22,24.74,45.0,6.43,21.33,37.11,21.0,3.0,9.95,17.32,38.0,5.43,18.01,31.34,9.0,1.29,4.27,7.42,16.0,2.29,7.58,13.19,11.0,1.57,5.21,9.07,24.0,3.43,11.37,19.79,28.0,4.0,13.27,23.09,18.0,2.57,8.53,14.84,25.0,3.57,11.85,20.62,14.0,2.0,6.64,11.55,15.0,2.14,7.11,12.37,8.0,1.14,3.79,6.6,1.0,0.14,0.47,0.82,14.0,2.0,6.64,11.55,18.0,2.57,8.53,14.84,40.76,47.87,-7.11,116.0,-15.0,-2.14,-7.11,43.66,6.24,0.42,0.48,0.47,0.24,0.69,0.13,0.5,0.49,0.61,0.55,3.79,0.47,0.07,8.53,0.19
2,福爾摩沙夢想家,89|97,蔣淯安/史承平,5,47,58.0,740.09,12.33,12:20,148.02,2.47,02:28,19.0,3.8,32.76,55.45,27.0,5.4,46.55,78.8,17.0,3.4,29.31,49.62,6.0,1.2,10.34,17.51,8.0,1.6,13.79,23.35,5.0,1.0,8.62,14.59,9.0,1.8,15.52,26.27,1.0,0.2,1.72,2.92,6.0,1.2,10.34,17.51,6.0,1.2,10.34,17.51,4.0,0.8,6.9,11.67,7.0,1.4,12.07,20.43,2.0,0.4,3.45,5.84,7.0,1.4,12.07,20.43,8.0,1.6,13.79,23.35,1.0,0.2,1.72,2.92,5.0,1.0,8.62,14.59,0.0,0.0,0.0,0.0,2.0,0.4,3.45,5.84,4.0,0.8,6.9,11.67,32.76,46.55,-13.79,112.85,-8.0,-1.6,-13.79,12.33,2.47,0.38,0.48,0.62,0.11,1.0,0.29,0.17,0.36,0.78,0.55,8.62,0.0,0.03,6.9,0.35
2,福爾摩沙夢想家,83|99,吳家駿/盧冠良,6,81,104.0,1359.84,22.66,22:40,226.64,3.78,03:47,39.0,6.5,37.5,61.95,47.0,7.83,45.19,74.66,35.0,5.83,33.65,55.59,16.0,2.67,15.38,25.41,19.0,3.17,18.27,30.18,11.0,1.83,10.58,17.47,16.0,2.67,15.38,25.41,5.0,0.83,4.81,7.94,9.0,1.5,8.65,14.3,5.0,0.83,4.81,7.94,9.0,1.5,8.65,14.3,11.0,1.83,10.58,17.47,10.0,1.67,9.62,15.88,16.0,2.67,15.38,25.41,12.0,2.0,11.54,19.06,7.0,1.17,6.73,11.12,6.0,1.0,5.77,9.53,0.0,0.0,0.0,0.0,13.0,2.17,12.5,20.65,11.0,1.83,10.58,17.47,37.5,45.19,-7.69,110.13,-8.0,-1.33,-7.69,22.66,3.78,0.53,0.5,0.58,0.31,0.56,0.24,0.44,0.36,0.52,0.43,5.77,0.0,0.12,10.58,0.26
2,福爾摩沙夢想家,79|83,張宗憲/吳家駿,5,98,127.0,1528.97,25.48,25:29,305.79,5.1,05:06,54.0,10.8,42.52,76.29,62.0,12.4,48.82,87.59,50.0,10.0,39.37,70.64,19.0,3.8,14.96,26.84,31.0,6.2,24.41,43.79,15.0,3.0,11.81,21.19,19.0,3.8,14.96,26.84,4.0,0.8,3.15,5.65,11.0,2.2,8.66,15.54,7.0,1.4,5.51,9.89,12.0,2.4,9.45,16.95,20.0,4.0,15.75,28.25,11.0,2.2,8.66,15.54,17.0,3.4,13.39,24.02,5.0,1.0,3.94,7.06,10.0,2.0,7.87,14.13,3.0,0.6,2.36,4.24,1.0,0.2,0.79,1.41,8.0,1.6,6.3,11.3,8.0,1.6,6.3,11.3,42.52,48.82,-6.3,119.61,-8.0,-1.6,-6.3,25.48,5.1,0.42,0.49,0.48,0.21,0.64,0.08,0.53,0.41,0.65,0.53,2.36,0.79,0.06,6.3,0.22
2,新北國王,19|34,蘇培凱/沃許本,2,14,18.0,200.11,3.34,03:20,100.06,1.67,01:40,8.0,4.0,44.44,86.35,0.0,0.0,0.0,0.0,5.0,2.5,27.78,53.97,3.0,1.5,16.67,32.38,4.0,2.0,22.22,43.18,2.0,1.0,11.11,21.59,1.0,0.5,5.56,10.79,1.0,0.5,5.56,10.79,1.0,0.5,5.56,10.79,1.0,0.5,5.56,10.79,2.0,1.0,11.11,21.59,0.0,0.0,0.0,0.0,1.0,0.5,5.56,10.79,5.0,2.5,27.78,53.97,3.0,1.5,16.67,32.38,2.0,1.0,11.11,21.59,1.0,0.5,5.56,10.79,0.0,0.0,0.0,0.0,1.0,0.5,5.56,10.79,0.0,0.0,0.0,0.0,44.44,0.0,44.44,129.53,8.0,4.0,44.44,3.34,1.67,0.7,0.74,0.5,1.0,1.0,0.36,0.67,0.29,0.0,0.25,5.56,0.0,0.06,0.0,0.2
2,新北國王,22|23,簡祐哲/王柏智,5,45,57.0,784.79,13.08,13:05,156.96,2.62,02:37,19.0,3.8,33.33,52.29,23.0,4.6,40.35,63.3,18.0,3.6,31.58,49.54,7.0,1.4,12.28,19.27,8.0,1.6,14.04,22.02,4.0,0.8,7.02,11.01,10.0,2.0,17.54,27.52,3.0,0.6,5.26,8.26,4.0,0.8,7.02,11.01,2.0,0.4,3.51,5.5,3.0,0.6,5.26,8.26,9.0,1.8,15.79,24.77,7.0,1.4,12.28,19.27,9.0,1.8,15.79,24.77,4.0,0.8,7.02,11.01,3.0,0.6,5.26,8.26,3.0,0.6,5.26,8.26,3.0,0.6,5.26,8.26,7.0,1.4,12.28,19.27,8.0,1.6,14.04,22.02,33.33,40.35,-7.02,104.59,-4.0,-0.8,-7.02,13.08,2.62,0.47,0.48,0.5,0.3,0.5,0.17,0.43,0.25,0.56,0.43,5.26,5.26,0.12,14.04,0.22
2,新北國王,23|29,王柏智/林書緯,9,97,107.0,1578.08,26.3,26:18,175.34,2.92,02:55,40.0,4.44,37.38,54.75,57.0,6.33,53.27,78.02,40.0,4.44,37.38,54.75,16.0,1.78,14.95,21.9,19.0,2.11,17.76,26.01,11.0,1.22,10.28,15.06,21.0,2.33,19.63,28.74,5.0,0.56,4.67,6.84,5.0,0.56,4.67,6.84,3.0,0.33,2.8,4.11,1.0,0.11,0.93,1.37,23.0,2.56,21.5,31.48,7.0,0.78,6.54,9.58,15.0,1.67,14.02,20.53,7.0,0.78,6.54,9.58,6.0,0.67,5.61,8.21,5.0,0.56,4.67,6.84,3.0,0.33,2.8,4.11,7.0,0.78,6.54,9.58,18.0,2.0,16.82,24.64,37.38,53.27,-15.89,97.64,-17.0,-1.89,-15.89,26.3,2.92,0.46,0.47,0.58,0.24,0.6,0.14,0.38,0.06,0.77,0.52,4.67,2.8,0.07,16.82,0.12
2,新北國王,23|10872,王柏智/林彥廷,11,135,169.0,2274.86,37.91,37:55,206.81,3.45,03:27,77.0,7.0,45.56,73.11,75.0,6.82,44.38,71.21,62.0,5.64,36.69,58.87,29.0,2.64,17.16,27.54,32.0,2.91,18.93,30.38,20.0,1.82,11.83,18.99,30.0,2.73,17.75,28.49,9.0,0.82,5.33,8.55,18.0,1.64,10.65,17.09,11.0,1.0,6.51,10.44,11.0,1.0,6.51,10.44,26.0,2.36,15.38,24.69,15.0,1.36,8.88,14.24,22.0,2.0,13.02,20.89,10.0,0.91,5.92,9.5,13.0,1.18,7.69,12.34,7.0,0.64,4.14,6.65,3.0,0.27,1.78,2.85,18.0,1.64,10.65,17.09,20.0,1.82,11.83,18.99,45.56,44.38,1.18,106.98,2.0,0.18,1.18,37.91,3.45,0.54,0.55,0.62,0.3,0.61,0.13,0.45,0.33,0.63,0.5,4.14,1.78,0.11,11.83,0.29
2,新北國王,23|10876,王柏智/尚迪,4,42,55.0,684.73,11.41,11:25,171.18,2.85,02:51,17.0,4.25,30.91,53.63,19.0,4.75,34.55,59.94,18.0,4.5,32.73,56.78,6.0,1.5,10.91,18.93,7.0,1.75,12.73,22.08,3.0,0.75,5.45,9.46,11.0,2.75,20.0,34.7,3.0,0.75,5.45,9.46,4.0,1.0,7.27,12.62,2.0,0.5,3.64,6.31,3.0,0.75,5.45,9.46,9.0,2.25,16.36,28.39,8.0,2.0,14.55,25.24,8.0,2.0,14.55,25.24,3.0,0.75,5.45,9.46,3.0,0.75,5.45,9.46,3.0,0.75,5.45,9.46,3.0,0.75,5.45,9.46,4.0,1.0,7.27,12.62,6.0,1.5,10.91,18.93,30.91,34.55,-3.64,115.67,-2.0,-0.5,-3.64,11.41,2.85,0.42,0.43,0.43,0.27,0.5,0.13,0.5,0.27,0.53,0.43,5.45,5.45,0.07,10.91,0.22
2,福爾摩沙夢想家,91|99,簡偉儒/盧冠良,1,8,9.0,162.0,2.7,02:42,162.0,2.7,02:42,4.0,4.0,44.44,53.33,6.0,6.0,66.67,80.0,4.0,4.0,44.44,53.33,1.0,1.0,11.11,13.33,1.0,1.0,11.11,13.33,0.0,0.0,0.0,0.0,3.0,3.0,33.33,40.0,1.0,1.0,11.11,13.33,0.0,0.0,0.0,0.0,0.0,0.0,0.0,0.0,1.0,1.0,11.11,13.33,3.0,3.0,33.33,40.0,0.0,0.0,0.0,0.0,1.0,1.0,11.11,13.33,0.0,0.0,0.0,0.0,1.0,1.0,11.11,13.33,0.0,0.0,0.0,0.0,0.0,0.0,0.0,0.0,2.0,2.0,22.22,26.67,0.0,0.0,0.0,0.0,44.44,66.67,-22.22,80.0,-2.0,-2.0,-22.22,2.7,2.7,0.38,0.5,0.0,0.33,,0.0,1.0,0.5,1.0,0.8,0.0,0.0,0.22,0.0,0.0
2,新北國王,23|28,王柏智/呂政儒,6,62,71.0,991.66,16.53,16:32,165.28,2.75,02:45,40.0,6.67,56.34,87.13,34.0,5.67,47.89,74.06,31.0,5.17,43.66,67.52,16.0,2.67,22.54,34.85,14.0,2.33,19.72,30.49,9.0,1.5,12.68,19.6,17.0,2.83,23.94,37.03,7.0,1.17,9.86,15.25,1.0,0.17,1.41,2.18,0.0,0.0,0.0,0.0,4.0,0.67,5.63,8.71,11.0,1.83,15.49,23.96,3.0,0.5,4.23,6.53,12.0,2.0,16.9,26.14,3.0,0.5,4.23,6.53,6.0,1.0,8.45,13.07,2.0,0.33,2.82,4.36,1.0,0.17,1.41,2.18,4.0,0.67,5.63,8.71,13.0,2.17,18.31,28.32,56.34,47.89,8.45,103.1,6.0,1.0,8.45,16.53,2.75,0.63,0.64,0.64,0.41,0.0,0.09,0.38,0.25,0.79,0.5,2.82,1.41,0.06,18.31,0.03
2,新北國王,24|28,蘇士軒/呂政儒,10,149,170.0,2197.34,36.62,36:37,219.73,3.66,03:40,78.0,7.8,45.88,76.67,75.0,7.5,44.12,73.73,63.0,6.3,37.06,61.93,32.0,3.2,18.82,31.46,33.0,3.3,19.41,32.44,20.0,2.0,11.76,19.66,30.0,3.0,17.65,29.49,12.0,1.2,7.06,11.8,6.0,0.6,3.53,5.9,2.0,0.2,1.18,1.97,7.0,0.7,4.12,6.88,26.0,2.6,15.29,25.56,9.0,0.9,5.29,8.85,24.0,2.4,14.12,23.59,15.0,1.5,8.82,14.75,19.0,1.9,11.18,18.68,8.0,0.8,4.71,7.86,1.0,0.1,0.59,0.98,10.0,1.0,5.88,9.83,22.0,2.2,12.94,21.63,45.88,44.12,1.76,111.41,3.0,0.3,1.76,36.62,3.66,0.6,0.59,0.61,0.4,0.33,0.19,0.59,0.23,0.74,0.5,4.71,0.59,0.06,12.94,0.1
2,新北國王,25|10872,林金榜/林彥廷,10,233,275.0,3565.33,59.42,59:25,356.53,5.94,05:57,110.0,11.0,40.0,66.64,110.0,11.0,40.0,66.64,95.0,9.5,34.55,57.55,38.0,3.8,13.82,23.02,51.0,5.1,18.55,30.9,25.0,2.5,9.09,15.15,44.0,4.4,16.0,26.66,13.0,1.3,4.73,7.88,32.0,3.2,11.64,19.39,21.0,2.1,7.64,12.72,19.0,1.9,6.91,11.51,44.0,4.4,16.0,26.66,17.0,1.7,6.18,10.3,47.0,4.7,17.09,28.47,23.0,2.3,8.36,13.93,28.0,2.8,10.18,16.96,16.0,1.6,5.82,9.69,4.0,0.4,1.45,2.42,26.0,2.6,9.45,15.75,28.0,2.8,10.18,16.96,40.0,40.0,0.0,111.07,0.0,0.0,0.0,59.42,5.94,0.47,0.5,0.49,0.3,0.66,0.17,0.74,0.29,0.72,0.5,5.82,1.45,0.09,10.18,0.34
2,新北國王,25|10873,林金榜/喬納森,1,13,14.0,197.37,3.29,03:17,197.37,3.29,03:17,3.0,3.0,21.43,32.83,8.0,8.0,57.14,87.55,3.0,3.0,21.43,32.83,1.0,1.0,7.14,10.94,1.0,1.0,7.14,10.94,1.0,1.0,7.14,10.94,2.0,2.0,14.29,21.89,0.0,0.0,0.0,0.0,2.0,2.0,14.29,21.89,1.0,1.0,7.14,10.94,0.0,0.0,0.0,0.0,2.0,2.0,14.29,21.89,1.0,1.0,7.14,10.94,1.0,1.0,7.14,10.94,2.0,2.0,14.29,21.89,1.0,1.0,7.14,10.94,2.0,2.0,14.29,21.89,0.0,0.0,0.0,0.0,1.0,1.0,7.14,10.94,4.0,4.0,28.57,43.78,21.43,57.14,-35.71,102.14,-5.0,-5.0,-35.71,3.29,3.29,0.33,0.39,1.0,0.0,0.5,0.34,1.0,0.0,0.67,0.5,14.29,0.0,0.07,28.57,0.67
2,新北國王,25|10874,林金榜/熊祥泰,4,30,30.0,459.34,7.66,07:39,114.83,1.91,01:55,13.0,3.25,43.33,61.13,20.0,5.0,66.67,94.05,9.0,2.25,30.0,42.32,3.0,0.75,10.0,14.11,2.0,0.5,6.67,9.4,1.0,0.25,3.33,4.7,7.0,1.75,23.33,32.92,2.0,0.5,6.67,9.4,7.0,1.75,23.33,32.92,5.0,1.25,16.67,23.51,0.0,0.0,0.0,0.0,6.0,1.5,20.0,28.21,0.0,0.0,0.0,0.0,6.0,1.5,20.0,28.21,4.0,1.0,13.33,18.81,3.0,0.75,10.0,14.11,4.0,1.0,13.33,18.81,0.0,0.0,0.0,0.0,3.0,0.75,10.0,14.11,7.0,1.75,23.33,32.92,43.33,66.67,-23.33,94.05,-7.0,-1.75,-23.33,7.66,1.91,0.44,0.54,0.5,0.29,0.71,0.25,1.0,0.0,1.0,0.5,13.33,0.0,0.1,23.33,0.78
2,新北國王,10872|10873,林彥廷/喬納森,5,60,78.0,933.3,15.56,15:33,186.66,3.11,03:07,25.0,5.0,32.05,57.86,28.0,5.6,35.9,64.8,20.0,4.0,25.64,46.29,7.0,1.4,8.97,16.2,8.0,1.6,10.26,18.51,5.0,1.0,6.41,11.57,12.0,2.4,15.38,27.77,2.0,0.4,2.56,4.63,18.0,3.6,23.08,41.66,9.0,1.8,11.54,20.83,6.0,1.2,7.69,13.89,12.0,2.4,15.38,27.77,7.0,1.4,8.97,16.2,8.0,1.6,10.26,18.51,8.0,1.6,10.26,18.51,3.0,0.6,3.85,6.94,6.0,1.2,7.69,13.89,0.0,0.0,0.0,0.0,9.0,1.8,11.54,20.83,13.0,2.6,16.67,30.09,32.05,35.9,-3.85,120.35,-3.0,-0.6,-3.85,15.56,3.11,0.4,0.45,0.62,0.17,0.5,0.22,0.43,0.43,0.63,0.55,7.69,0.0,0.12,16.67,0.9
2,新北國王,10873|10874,喬納森/熊祥泰,4,18,24.0,269.73,4.5,04:30,67.43,1.12,01:07,4.0,1.0,16.67,32.03,7.0,1.75,29.17,56.06,7.0,1.75,29.17,56.06,1.0,0.25,4.17,8.01,3.0,0.75,12.5,24.02,1.0,0.25,4.17,8.01,4.0,1.0,16.67,32.03,0.0,0.0,0.0,0.0,2.0,0.5,8.33,16.02,2.0,0.5,8.33,16.02,1.0,0.25,4.17,8.01,5.0,1.25,20.83,40.04,3.0,0.75,12.5,24.02,4.0,1.0,16.67,32.03,3.0,0.75,12.5,24.02,0.0,0.0,0.0,0.0,2.0,0.5,8.33,16.02,0.0,0.0,0.0,0.0,2.0,0.5,8.33,16.02,3.0,0.75,12.5,24.02,16.67,29.17,-12.5,128.13,-3.0,-0.75,-12.5,4.5,1.12,0.14,0.25,0.33,0.0,1.0,0.28,0.0,0.2,0.62,0.46,8.33,0.0,0.08,12.5,0.29
2,新北國王,10873|10875,喬納森/傑登,5,35,46.0,506.52,8.44,08:27,101.3,1.69,01:41,20.0,4.0,43.48,85.29,23.0,4.6,50.0,98.08,11.0,2.2,23.91,46.91,5.0,1.0,10.87,21.32,5.0,1.0,10.87,21.32,3.0,0.6,6.52,12.79,6.0,1.2,13.04,25.59,2.0,0.4,4.35,8.53,15.0,3.0,32.61,63.97,8.0,1.6,17.39,34.12,3.0,0.6,6.52,12.79,5.0,1.0,10.87,21.32,7.0,1.4,15.22,29.85,3.0,0.6,6.52,12.79,4.0,0.8,8.7,17.06,3.0,0.6,6.52,12.79,3.0,0.6,6.52,12.79,0.0,0.0,0.0,0.0,6.0,1.2,13.04,25.59,13.0,2.6,28.26,55.44,43.48,50.0,-6.52,130.78,-3.0,-0.6,-6.52,8.44,1.69,0.55,0.57,0.6,0.33,0.53,0.19,0.6,0.5,0.42,0.44,6.52,0.0,0.13,28.26,1.36
2,新北國王,19|23,蘇培凱/王柏智,4,41,55.0,591.11,9.85,09:51,147.78,2.46,02:28,17.0,4.25,30.91,62.12,16.0,4.0,29.09,58.47,15.0,3.75,27.27,54.81,5.0,1.25,9.09,18.27,5.0,1.25,9.09,18.27,4.0,1.0,7.27,14.62,10.0,2.5,18.18,36.54,1.0,0.25,1.82,3.65,15.0,3.75,27.27,54.81,6.0,1.5,10.91,21.92,6.0,1.5,10.91,21.92,8.0,2.0,14.55,29.23,4.0,1.0,7.27,14.62,6.0,1.5,10.91,21.92,7.0,1.75,12.73,25.58,1.0,0.25,1.82,3.65,5.0,1.25,9.09,18.27,0.0,0.0,0.0,0.0,5.0,1.25,9.09,18.27,8.0,2.0,14.55,29.23,30.91,29.09,1.82,133.99,1.0,0.25,1.82,9.85,2.46,0.37,0.39,0.8,0.1,0.4,0.24,0.2,0.5,0.67,0.58,9.09,0.0,0.09,14.55,1.0
2,新北國王,19|25,蘇培凱/林金榜,2,10,11.0,163.62,2.73,02:44,81.81,1.36,01:22,5.0,2.5,45.45,66.01,5.0,2.5,45.45,66.01,2.0,1.0,18.18,26.4,1.0,0.5,9.09,13.2,1.0,0.5,9.09,13.2,1.0,0.5,9.09,13.2,1.0,0.5,9.09,13.2,0.0,0.0,0.0,0.0,4.0,2.0,36.36,52.81,3.0,1.5,27.27,39.6,0.0,0.0,0.0,0.0,1.0,0.5,9.09,13.2,1.0,0.5,9.09,13.2,1.0,0.5,9.09,13.2,1.0,0.5,9.09,13.2,1.0,0.5,9.09,13.2,1.0,0.5,9.09,13.2,0.0,0.0,0.0,0.0,1.0,0.5,9.09,13.2,1.0,0.5,9.09,13.2,45.45,45.45,0.0,96.81,0.0,0.0,0.0,2.73,1.36,0.5,0.66,1.0,0.0,0.75,0.21,1.0,0.0,0.5,0.33,9.09,0.0,0.09,9.09,2.0
2,新北國王,19|10872,蘇培凱/林彥廷,3,37,48.0,565.16,9.42,09:25,188.39,3.14,03:08,15.0,5.0,31.25,57.33,14.0,4.67,29.17,53.51,13.0,4.33,27.08,49.68,4.0,1.33,8.33,15.29,4.0,1.33,8.33,15.29,3.0,1.0,6.25,11.47,9.0,3.0,18.75,34.4,1.0,0.33,2.08,3.82,12.0,4.0,25.0,45.86,6.0,2.0,12.5,22.93,5.0,1.67,10.42,19.11,8.0,2.67,16.67,30.58,3.0,1.0,6.25,11.47,5.0,1.67,10.42,19.11,6.0,2.0,12.5,22.93,1.0,0.33,2.08,3.82,4.0,1.33,8.33,15.29,0.0,0.0,0.0,0.0,5.0,1.67,10.42,19.11,6.0,2.0,12.5,22.93,31.25,29.17,2.08,122.3,1.0,0.33,2.08,9.42,3.14,0.35,0.41,0.75,0.11,0.5,0.25,0.25,0.5,0.73,0.62,8.33,0.0,0.1,12.5,0.92
2,新北國王,19|10873,蘇培凱/喬納森,4,40,54.0,590.91,9.85,09:51,147.73,2.46,02:28,15.0,3.75,27.78,54.83,16.0,4.0,29.63,58.49,15.0,3.75,27.78,54.83,5.0,1.25,9.26,18.28,5.0,1.25,9.26,18.28,4.0,1.0,7.41,14.62,10.0,2.5,18.52,36.55,1.0,0.25,1.85,3.66,13.0,3.25,24.07,47.52,4.0,1.0,7.41,14.62,6.0,1.5,11.11,21.93,8.0,2.0,14.81,29.24,4.0,1.0,7.41,14.62,6.0,1.5,11.11,21.93,7.0,1.75,12.96,25.59,1.0,0.25,1.85,3.66,5.0,1.25,9.26,18.28,0.0,0.0,0.0,0.0,5.0,1.25,9.26,18.28,8.0,2.0,14.81,29.24,27.78,29.63,-1.85,131.59,-1.0,-0.25,-1.85,9.85,2.46,0.37,0.36,0.8,0.1,0.31,0.25,0.2,0.5,0.67,0.58,9.26,0.0,0.09,14.81,0.87
2,新北國王,23|25,王柏智/林金榜,3,16,17.0,261.05,4.35,04:21,87.02,1.45,01:27,7.0,2.33,41.18,57.92,7.0,2.33,41.18,57.92,5.0,1.67,29.41,41.37,2.0,0.67,11.76,16.55,3.0,1.0,17.65,24.82,2.0,0.67,11.76,16.55,2.0,0.67,11.76,16.55,0.0,0.0,0.0,0.0,4.0,1.33,23.53,33.1,3.0,1.0,17.65,24.82,0.0,0.0,0.0,0.0,3.0,1.0,17.65,24.82,1.0,0.33,5.88,8.27,2.0,0.67,11.76,16.55,1.0,0.33,5.88,8.27,2.0,0.67,11.76,16.55,1.0,0.33,5.88,8.27,0.0,0.0,0.0,0.0,2.0,0.67,11.76,16.55,1.0,0.33,5.88,8.27,41.18,41.18,0.0,93.78,0.0,0.0,0.0,4.35,1.45,0.4,0.52,0.67,0.0,0.75,0.13,1.0,0.0,0.75,0.5,5.88,0.0,0.12,5.88,0.8
2,新北國王,23|10873,王柏智/喬納森,5,44,60.0,679.91,11.33,11:20,135.98,2.27,02:16,15.0,3.0,25.0,47.65,16.0,3.2,26.67,50.83,17.0,3.4,28.33,54.01,5.0,1.0,8.33,15.88,6.0,1.2,10.0,19.06,4.0,0.8,6.67,12.71,11.0,2.2,18.33,34.95,1.0,0.2,1.67,3.18,13.0,2.6,21.67,41.3,4.0,0.8,6.67,12.71,6.0,1.2,10.0,19.06,10.0,2.0,16.67,31.77,4.0,0.8,6.67,12.71,8.0,1.6,13.33,25.42,7.0,1.4,11.67,22.24,1.0,0.2,1.67,3.18,5.0,1.0,8.33,15.88,0.0,0.0,0.0,0.0,6.0,1.2,10.0,19.06,8.0,1.6,13.33,25.42,25.0,26.67,-1.67,127.08,-1.0,-0.2,-1.67,11.33,2.27,0.32,0.33,0.67,0.09,0.31,0.24,0.2,0.43,0.71,0.57,8.33,0.0,0.1,13.33,0.76
2,高雄全家海神,45|110,施晉堯/胡瓏貿,15,846,995.0,13890.35,231.51,231:30,926.02,15.43,15:26,437.0,29.13,43.92,67.96,453.0,30.2,45.53,70.44,366.0,24.4,36.78,56.91,161.0,10.73,16.18,25.04,209.0,13.93,21.01,32.5,109.0,7.27,10.95,16.95,157.0,10.47,15.78,24.41,52.0,3.47,5.23,8.09,92.0,6.13,9.25,14.31,63.0,4.2,6.33,9.8,54.0,3.6,5.43,8.4,162.0,10.8,16.28,25.19,53.0,3.53,5.33,8.24,142.0,9.47,14.27,22.08,77.0,5.13,7.74,11.97,91.0,6.07,9.15,14.15,37.0,2.47,3.72,5.75,12.0,0.8,1.21,1.87,100.0,6.67,10.05,15.55,86.0,5.73,8.64,13.37,43.92,45.53,-1.61,103.15,-16.0,-1.07,-1.61,231.51,15.43,0.51,0.54,0.52,0.33,0.68,0.16,0.57,0.28,0.75,0.53,3.72,1.21,0.1,8.64,0.25
2,高雄全家海神,45|118,施晉堯/蘇文儒,10,673,793.0,11352.87,189.21,189:13,1135.29,18.92,18:55,360.0,36.0,45.4,68.49,351.0,35.1,44.26,66.78,286.0,28.6,36.07,54.41,129.0,12.9,16.27,24.54,164.0,16.4,20.68,31.2,86.0,8.6,10.84,16.36,122.0,12.2,15.38,23.21,43.0,4.3,5.42,8.18,80.0,8.0,10.09,15.22,58.0,5.8,7.31,11.04,43.0,4.3,5.42,8.18,127.0,12.7,16.02,24.16,44.0,4.4,5.55,8.37,121.0,12.1,15.26,23.02,59.0,5.9,7.44,11.23,75.0,7.5,9.46,14.27,30.0,3.0,3.78,5.71,10.0,1.0,1.26,1.9,80.0,8.0,10.09,15.22,73.0,7.3,9.21,13.89,45.4,44.26,1.13,100.58,9.0,0.9,1.13,189.21,18.92,0.53,0.56,0.52,0.35,0.72,0.16,0.58,0.26,0.74,0.51,3.78,1.26,0.1,9.21,0.28
2,高雄全家海神,45|121,施晉堯/吳曉謹,11,374,438.0,5956.47,99.27,99:16,541.5,9.02,09:01,183.0,16.64,41.78,66.36,216.0,19.64,49.32,78.33,166.0,15.09,37.9,60.2,66.0,6.0,15.07,23.93,87.0,7.91,19.86,31.55,41.0,3.73,9.36,14.87,79.0,7.18,18.04,28.65,25.0,2.27,5.71,9.07,40.0,3.64,9.13,14.51,26.0,2.36,5.94,9.43,22.0,2.0,5.02,7.98,79.0,7.18,18.04,28.65,22.0,2.0,5.02,7.98,61.0,5.55,13.93,22.12,29.0,2.64,6.62,10.52,41.0,3.73,9.36,14.87,13.0,1.18,2.97,4.71,2.0,0.18,0.46,0.73,41.0,3.73,9.36,14.87,44.0,4.0,10.05,15.96,41.78,49.32,-7.53,105.89,-33.0,-3.0,-7.53,99.27,9.02,0.47,0.5,0.47,0.32,0.65,0.14,0.62,0.27,0.78,0.55,2.97,0.46,0.09,10.05,0.24
2,高雄全家海神,45|10893,施晉堯/崔維斯,4,224,264.0,3732.05,62.2,62:12,933.01,15.55,15:33,110.0,27.5,41.67,63.66,122.0,30.5,46.21,70.61,102.0,25.5,38.64,59.03,38.0,9.5,14.39,21.99,58.0,14.5,21.97,33.57,22.0,5.5,8.33,12.73,44.0,11.0,16.67,25.47,16.0,4.0,6.06,9.26,27.0,6.75,10.23,15.63,20.0,5.0,7.58,11.58,16.0,4.0,6.06,9.26,50.0,12.5,18.94,28.94,11.0,2.75,4.17,6.37,39.0,9.75,14.77,22.57,14.0,3.5,5.3,8.1,19.0,4.75,7.2,11.0,5.0,1.25,1.89,2.89,5.0,1.25,1.89,2.89,28.0,7.0,10.61,16.21,35.0,8.75,13.26,20.26,41.67,46.21,-4.55,101.86,-12.0,-3.0,-4.55,62.2,15.55,0.45,0.48,0.38,0.36,0.74,0.11,0.5,0.29,0.82,0.57,1.89,1.89,0.11,13.26,0.26
2,高雄全家海神,110|10893,胡瓏貿/崔維斯,3,199,239.0,3205.8,53.43,53:26,1068.6,17.81,17:49,107.0,35.67,44.77,72.09,109.0,36.33,45.61,73.44,84.0,28.0,35.15,56.6,34.0,11.33,14.23,22.91,41.0,13.67,17.15,27.62,20.0,6.67,8.37,13.48,43.0,14.33,17.99,28.97,14.0,4.67,5.86,9.43,36.0,12.0,15.06,24.26,25.0,8.33,10.46,16.84,16.0,5.33,6.69,10.78,41.0,13.67,17.15,27.62,11.0,3.67,4.6,7.41,33.0,11.0,13.81,22.23,15.0,5.0,6.28,10.11,17.0,5.67,7.11,11.45,8.0,2.67,3.35,5.39,1.0,0.33,0.42,0.67,23.0,7.67,9.62,15.5,48.0,16.0,20.08,32.34,44.77,45.61,-0.84,107.36,-2.0,-0.67,-0.84,53.43,17.81,0.49,0.54,0.49,0.33,0.69,0.13,0.5,0.33,0.79,0.56,3.35,0.42,0.1,20.08,0.43
2,高雄全家海神,118|10893,蘇文儒/崔維斯,4,243,289.0,4056.91,67.62,67:37,1014.23,16.9,16:54,143.0,35.75,49.48,76.14,115.0,28.75,39.79,61.23,104.0,26.0,35.99,55.37,47.0,11.75,16.26,25.02,53.0,13.25,18.34,28.22,28.0,7.0,9.69,14.91,51.0,12.75,17.65,27.15,19.0,4.75,6.57,10.12,37.0,9.25,12.8,19.7,32.0,8.0,11.07,17.04,16.0,4.0,5.54,8.52,43.0,10.75,14.88,22.89,17.0,4.25,5.88,9.05,45.0,11.25,15.57,23.96,19.0,4.75,6.57,10.12,21.0,5.25,7.27,11.18,10.0,2.5,3.46,5.32,4.0,1.0,1.38,2.13,30.0,7.5,10.38,15.97,37.0,9.25,12.8,19.7,49.48,39.79,9.69,102.58,28.0,7.0,9.69,67.62,16.9,0.54,0.59,0.53,0.37,0.86,0.14,0.45,0.26,0.72,0.49,3.46,1.38,0.1,12.8,0.36
2,高雄全家海神,121|10893,吳曉謹/崔維斯,4,217,260.0,4222.18,70.37,70:22,1055.55,17.59,17:36,103.0,25.75,39.62,52.69,118.0,29.5,45.38,60.37,97.0,24.25,37.31,49.62,38.0,9.5,14.62,19.44,52.0,13.0,20.0,26.6,22.0,5.5,8.46,11.25,45.0,11.25,17.31,23.02,16.0,4.0,6.15,8.19,20.0,5.0,7.69,10.23,11.0,2.75,4.23,5.63,16.0,4.0,6.15,8.19,47.0,11.75,18.08,24.04,9.0,2.25,3.46,4.6,34.0,8.5,13.08,17.39,21.0,5.25,8.08,10.74,20.0,5.0,7.69,10.23,9.0,2.25,3.46,4.6,2.0,0.5,0.77,1.02,23.0,5.75,8.85,11.77,41.0,10.25,15.77,20.97,39.62,45.38,-5.77,88.67,-15.0,-3.75,-5.77,70.37,17.59,0.47,0.49,0.42,0.36,0.55,0.17,0.53,0.32,0.84,0.59,3.46,0.77,0.09,15.77,0.21
2,高雄全家海神,45|109,施晉堯/于煥亞,12,450,528.0,6806.29,113.44,113:26,567.19,9.45,09:27,235.0,19.58,44.51,74.58,257.0,21.42,48.67,81.56,189.0,15.75,35.8,59.98,81.0,6.75,15.34,25.71,107.0,8.92,20.27,33.96,52.0,4.33,9.85,16.5,82.0,6.83,15.53,26.02,29.0,2.42,5.49,9.2,57.0,4.75,10.8,18.09,44.0,3.67,8.33,13.96,28.0,2.33,5.3,8.89,80.0,6.67,15.15,25.39,33.0,2.75,6.25,10.47,64.0,5.33,12.12,20.31,38.0,3.17,7.2,12.06,51.0,4.25,9.66,16.19,26.0,2.17,4.92,8.25,13.0,1.08,2.46,4.13,44.0,3.67,8.33,13.96,70.0,5.83,13.26,22.21,44.51,48.67,-4.17,111.71,-22.0,-1.83,-4.17,113.44,9.45,0.51,0.55,0.49,0.35,0.77,0.15,0.63,0.3,0.71,0.53,4.92,2.46,0.08,13.26,0.3
2,高雄全家海神,45|10894,施晉堯/凱帝,10,635,746.0,10497.62,174.96,174:58,1049.76,17.5,17:30,336.0,33.6,45.04,69.14,334.0,33.4,44.77,68.72,252.0,25.2,33.78,51.85,118.0,11.8,15.82,24.28,142.0,14.2,19.03,29.22,79.0,7.9,10.59,16.26,110.0,11.0,14.75,22.63,39.0,3.9,5.23,8.02,84.0,8.4,11.26,17.28,60.0,6.0,8.04,12.35,33.0,3.3,4.42,6.79,114.0,11.4,15.28,23.46,48.0,4.8,6.43,9.88,119.0,11.9,15.95,24.49,62.0,6.2,8.31,12.76,74.0,7.4,9.92,15.23,35.0,3.5,4.69,7.2,7.0,0.7,0.94,1.44,85.0,8.5,11.39,17.49,64.0,6.4,8.58,13.17,45.04,44.77,0.27,102.33,2.0,0.2,0.27,174.96,17.5,0.55,0.58,0.56,0.35,0.71,0.18,0.63,0.22,0.7,0.47,4.69,0.94,0.11,8.58,0.33
2,高雄全家海神,45|123,施晉堯/勤明慶,7,73,86.0,1113.92,18.57,18:34,159.13,2.65,02:39,40.0,5.71,46.51,77.56,40.0,5.71,46.51,77.56,30.0,4.29,34.88,58.17,13.0,1.86,15.12,25.21,16.0,2.29,18.6,31.03,7.0,1.0,8.14,13.57,14.0,2.0,16.28,27.15,6.0,0.86,6.98,11.63,8.0,1.14,9.3,15.51,5.0,0.71,5.81,9.7,7.0,1.0,8.14,13.57,11.0,1.57,12.79,21.33,2.0,0.29,2.33,3.88,11.0,1.57,12.79,21.33,8.0,1.14,9.3,15.51,11.0,1.57,12.79,21.33,5.0,0.71,5.81,9.7,3.0,0.43,3.49,5.82,6.0,0.86,6.98,11.63,15.0,2.14,17.44,29.09,46.51,46.51,0.0,111.17,0.0,0.0,0.0,18.57,2.65,0.53,0.6,0.44,0.43,0.62,0.19,0.85,0.39,0.85,0.58,5.81,3.49,0.07,17.44,0.27
2,高雄全家海神,123|10894,勤明慶/凱帝,3,63,74.0,1025.82,17.1,17:06,341.94,5.7,05:42,28.0,9.33,37.84,58.96,32.0,10.67,43.24,67.38,28.0,9.33,37.84,58.96,8.0,2.67,10.81,16.85,19.0,6.33,25.68,40.01,2.0,0.67,2.7,4.21,9.0,3.0,12.16,18.95,6.0,2.0,8.11,12.63,6.0,2.0,8.11,12.63,5.0,1.67,6.76,10.53,6.0,2.0,8.11,12.63,15.0,5.0,20.27,31.58,3.0,1.0,4.05,6.32,10.0,3.33,13.51,21.06,5.0,1.67,6.76,10.53,5.0,1.67,6.76,10.53,4.0,1.33,5.41,8.42,3.0,1.0,4.05,6.32,7.0,2.33,9.46,14.74,11.0,3.67,14.86,23.16,37.84,43.24,-5.41,103.88,-4.0,-1.33,-5.41,17.1,5.7,0.39,0.46,0.11,0.67,0.83,0.14,0.62,0.38,0.83,0.62,5.41,4.05,0.09,14.86,0.21
2,福爾摩沙夢想家,79|10889,張宗憲/恩尼斯,3,164,188.0,2533.19,42.22,42:13,844.4,14.07,14:04,88.0,29.33,46.81,75.04,78.0,26.0,41.49,66.51,66.0,22.0,35.11,56.28,31.0,10.33,16.49,26.43,40.0,13.33,21.28,34.11,21.0,7.0,11.17,17.91,26.0,8.67,13.83,22.17,10.0,3.33,5.32,8.53,19.0,6.33,10.11,16.2,17.0,5.67,9.04,14.5,10.0,3.33,5.32,8.53,24.0,8.0,12.77,20.46,7.0,2.33,3.72,5.97,23.0,7.67,12.23,19.61,18.0,6.0,9.57,15.35,16.0,5.33,8.51,13.64,11.0,3.67,5.85,9.38,2.0,0.67,1.06,1.71,21.0,7.0,11.17,17.91,20.0,6.67,10.64,17.05,46.81,41.49,5.32,106.87,10.0,3.33,5.32,42.22,14.07,0.55,0.59,0.52,0.38,0.89,0.19,0.52,0.3,0.77,0.53,5.85,1.06,0.11,10.64,0.29
2,福爾摩沙夢想家,89|10889,蔣淯安/恩尼斯,7,533,638.0,8521.06,142.02,142:01,1217.29,20.29,20:17,278.0,39.71,43.57,70.47,267.0,38.14,41.85,67.68,221.0,31.57,34.64,56.02,99.0,14.14,15.52,25.1,127.0,18.14,19.91,32.19,71.0,10.14,11.13,18.0,94.0,13.43,14.73,23.83,28.0,4.0,4.39,7.1,66.0,9.43,10.34,16.73,50.0,7.14,7.84,12.67,42.0,6.0,6.58,10.65,91.0,13.0,14.26,23.07,36.0,5.14,5.64,9.13,99.0,14.14,15.52,25.1,59.0,8.43,9.25,14.96,52.0,7.43,8.15,13.18,33.0,4.71,5.17,8.37,7.0,1.0,1.1,1.77,70.0,10.0,10.97,17.74,70.0,10.0,10.97,17.74,43.57,41.85,1.72,107.82,11.0,1.57,1.72,142.02,20.29,0.51,0.56,0.56,0.3,0.76,0.19,0.53,0.3,0.72,0.5,5.17,1.1,0.11,10.97,0.3
2,福爾摩沙夢想家,103|10889,忻沃克/恩尼斯,6,406,482.0,6322.32,105.37,105:22,1053.72,17.56,17:34,234.0,39.0,48.55,79.95,185.0,30.83,38.38,63.2,166.0,27.67,34.44,56.71,77.0,12.83,15.98,26.31,94.0,15.67,19.5,32.11,51.0,8.5,10.58,17.42,72.0,12.0,14.94,24.6,26.0,4.33,5.39,8.88,71.0,11.83,14.73,24.26,55.0,9.17,11.41,18.79,30.0,5.0,6.22,10.25,64.0,10.67,13.28,21.87,24.0,4.0,4.98,8.2,80.0,13.33,16.6,27.33,38.0,6.33,7.88,12.98,44.0,7.33,9.13,15.03,22.0,3.67,4.56,7.52,6.0,1.0,1.24,2.05,59.0,9.83,12.24,20.16,55.0,9.17,11.41,18.79,48.55,38.38,10.17,109.78,49.0,8.17,10.17,105.37,17.56,0.54,0.59,0.54,0.36,0.77,0.16,0.57,0.27,0.73,0.47,4.56,1.24,0.12,11.41,0.43
2,福爾摩沙夢想家,107|10889,霍爾曼/恩尼斯,6,383,454.0,6115.98,101.93,101:56,1019.33,16.99,16:59,203.0,33.83,44.71,71.69,200.0,33.33,44.05,70.63,146.0,24.33,32.16,51.56,63.0,10.5,13.88,22.25,80.0,13.33,17.62,28.25,42.0,7.0,9.25,14.83,66.0,11.0,14.54,23.31,21.0,3.5,4.63,7.42,65.0,10.83,14.32,22.96,55.0,9.17,12.11,19.42,27.0,4.5,5.95,9.54,61.0,10.17,13.44,21.54,29.0,4.83,6.39,10.24,72.0,12.0,15.86,25.43,44.0,7.33,9.69,15.54,38.0,6.33,8.37,13.42,20.0,3.33,4.41,7.06,7.0,1.17,1.54,2.47,48.0,8.0,10.57,16.95,55.0,9.17,12.11,19.42,44.71,44.05,0.66,106.89,3.0,0.5,0.66,101.93,16.99,0.5,0.58,0.52,0.32,0.85,0.2,0.6,0.27,0.68,0.47,4.41,1.54,0.11,12.11,0.45
2,福爾摩沙夢想家,86|10889,林俊吉/恩尼斯,7,282,337.0,4351.92,72.53,72:32,621.7,10.36,10:22,155.0,22.14,45.99,76.93,144.0,20.57,42.73,71.47,106.0,15.14,31.45,52.61,50.0,7.14,14.84,24.82,61.0,8.71,18.1,30.28,34.0,4.86,10.09,16.88,45.0,6.43,13.35,22.33,16.0,2.29,4.75,7.94,52.0,7.43,15.43,25.81,40.0,5.71,11.87,19.85,15.0,2.14,4.45,7.44,42.0,6.0,12.46,20.85,21.0,3.0,6.23,10.42,53.0,7.57,15.73,26.31,31.0,4.43,9.2,15.39,32.0,4.57,9.5,15.88,15.0,2.14,4.45,7.44,4.0,0.57,1.19,1.99,38.0,5.43,11.28,18.86,41.0,5.86,12.17,20.35,45.99,42.73,3.26,111.51,11.0,1.57,3.26,72.53,10.36,0.55,0.6,0.56,0.36,0.77,0.19,0.64,0.22,0.67,0.44,4.45,1.19,0.11,12.17,0.49
2,福爾摩沙夢想家,106|10889,高柏鎧/恩尼斯,3,113,140.0,1806.19,30.1,30:06,602.06,10.03,10:02,58.0,19.33,41.43,69.36,49.0,16.33,35.0,58.6,44.0,14.67,31.43,52.62,20.0,6.67,14.29,23.92,27.0,9.0,19.29,32.29,16.0,5.33,11.43,19.13,17.0,5.67,12.14,20.33,4.0,1.33,2.86,4.78,18.0,6.0,12.86,21.53,14.0,4.67,10.0,16.74,12.0,4.0,8.57,14.35,12.0,4.0,8.57,14.35,5.0,1.67,3.57,5.98,20.0,6.67,14.29,23.92,17.0,5.67,12.14,20.33,13.0,4.33,9.29,15.55,9.0,3.0,6.43,10.76,1.0,0.33,0.71,1.2,20.0,6.67,14.29,23.92,9.0,3.0,6.43,10.76,41.43,35.0,6.43,111.62,9.0,3.0,6.43,30.1,10.03,0.5,0.56,0.59,0.24,0.78,0.25,0.65,0.38,0.71,0.49,6.43,0.71,0.14,6.43,0.41
2,高雄全家海神,109|119,于煥亞/余純安,3,60,69.0,897.26,14.95,14:57,299.09,4.98,04:59,34.0,11.33,49.28,81.85,31.0,10.33,44.93,74.63,23.0,7.67,33.33,55.37,10.0,3.33,14.49,24.07,12.0,4.0,17.39,28.89,4.0,1.33,5.8,9.63,11.0,3.67,15.94,26.48,6.0,2.0,8.7,14.44,10.0,3.33,14.49,24.07,7.0,2.33,10.14,16.85,5.0,1.67,7.25,12.04,9.0,3.0,13.04,21.67,2.0,0.67,2.9,4.81,11.0,3.67,15.94,26.48,6.0,2.0,8.7,14.44,8.0,2.67,11.59,19.26,2.0,0.67,2.9,4.81,2.0,0.67,2.9,4.81,10.0,3.33,14.49,24.07,13.0,4.33,18.84,31.3,49.28,44.93,4.35,110.74,3.0,1.0,4.35,14.95,4.98,0.57,0.62,0.33,0.55,0.7,0.18,0.8,0.31,0.82,0.52,2.9,2.9,0.14,18.84,0.43
2,高雄全家海神,109|10893,于煥亞/崔維斯,3,209,256.0,3383.54,56.39,56:24,1127.85,18.8,18:48,115.0,38.33,44.92,73.41,97.0,32.33,37.89,61.92,76.0,25.33,29.69,48.52,33.0,11.0,12.89,21.07,36.0,12.0,14.06,22.98,18.0,6.0,7.03,11.49,40.0,13.33,15.62,25.54,15.0,5.0,5.86,9.58,44.0,14.67,17.19,28.09,34.0,11.33,13.28,21.71,15.0,5.0,5.86,9.58,35.0,11.67,13.67,22.34,15.0,5.0,5.86,9.58,32.0,10.67,12.5,20.43,22.0,7.33,8.59,14.04,19.0,6.33,7.42,12.13,13.0,4.33,5.08,8.3,1.0,0.33,0.39,0.64,32.0,10.67,12.5,20.43,43.0,14.33,16.8,27.45,44.92,37.89,7.03,108.95,18.0,6.0,7.03,56.39,18.8,0.53,0.6,0.5,0.38,0.77,0.19,0.58,0.32,0.7,0.52,5.08,0.39,0.12,16.8,0.58
2,高雄全家海神,119|122,余純安/陳懷安,7,102,126.0,1522.42,25.37,25:22,217.49,3.62,03:37,43.0,6.14,34.13,61.01,56.0,8.0,44.44,79.45,36.0,5.14,28.57,51.08,14.0,2.0,11.11,19.86,18.0,2.57,14.29,25.54,10.0,1.43,7.94,14.19,18.0,2.57,14.29,25.54,4.0,0.57,3.17,5.68,15.0,2.14,11.9,21.28,10.0,1.43,7.94,14.19,6.0,0.86,4.76,8.51,16.0,2.29,12.7,22.7,10.0,1.43,7.94,14.19,15.0,2.14,11.9,21.28,16.0,2.29,12.7,22.7,8.0,1.14,6.35,11.35,9.0,1.29,7.14,12.77,0.0,0.0,0.0,0.0,15.0,2.14,11.9,21.28,22.0,3.14,17.46,31.21,34.13,44.44,-10.32,119.18,-13.0,-1.86,-10.32,25.37,3.62,0.44,0.5,0.56,0.22,0.67,0.27,0.57,0.29,0.62,0.47,7.14,0.0,0.12,17.46,0.42
2,高雄全家海神,119|10893,余純安/崔維斯,4,113,130.0,1704.45,28.41,28:24,426.11,7.1,07:06,51.0,12.75,39.23,64.63,64.0,16.0,49.23,81.11,46.0,11.5,35.38,58.29,18.0,4.5,13.85,22.81,25.0,6.25,19.23,31.68,12.0,3.0,9.23,15.21,21.0,5.25,16.15,26.61,6.0,1.5,4.62,7.6,16.0,4.0,12.31,20.28,9.0,2.25,6.92,11.41,4.0,1.0,3.08,5.07,25.0,6.25,19.23,31.68,3.0,0.75,2.31,3.8,18.0,4.5,13.85,22.81,9.0,2.25,6.92,11.41,12.0,3.0,9.23,15.21,3.0,0.75,2.31,3.8,2.0,0.5,1.54,2.53,14.0,3.5,10.77,17.74,16.0,4.0,12.31,20.28,39.23,49.23,-10.0,109.83,-13.0,-3.25,-10.0,28.41,7.1,0.46,0.48,0.48,0.29,0.56,0.15,0.67,0.18,0.89,0.58,2.31,1.54,0.11,12.31,0.35
2,高雄全家海神,119|10894,余純安/凱帝,4,68,84.0,1092.72,18.21,18:13,273.18,4.55,04:33,46.0,11.5,54.76,90.93,35.0,8.75,41.67,69.19,26.0,6.5,30.95,51.39,14.0,3.5,16.67,27.67,12.0,3.0,14.29,23.72,8.0,2.0,9.52,15.81,14.0,3.5,16.67,27.67,6.0,1.5,7.14,11.86,12.0,3.0,14.29,23.72,11.0,2.75,13.1,21.74,6.0,1.5,7.14,11.86,6.0,1.5,7.14,11.86,5.0,1.25,5.95,9.88,13.0,3.25,15.48,25.7,10.0,2.5,11.9,19.77,10.0,2.5,11.9,19.77,6.0,1.5,7.14,11.86,1.0,0.25,1.19,1.98,12.0,3.0,14.29,23.72,9.0,2.25,10.71,17.79,54.76,41.67,13.1,110.7,11.0,2.75,13.1,18.21,4.55,0.65,0.74,0.67,0.43,0.92,0.24,0.71,0.32,0.55,0.4,7.14,1.19,0.14,10.71,0.46
2,高雄全家海神,122|10893,陳懷安/崔維斯,4,247,299.0,4873.17,81.22,81:13,1218.29,20.3,20:18,124.0,31.0,41.47,54.96,125.0,31.25,41.81,55.41,97.0,24.25,32.44,42.99,40.0,10.0,13.38,17.73,48.0,12.0,16.05,21.28,23.0,5.75,7.69,10.19,49.0,12.25,16.39,21.72,17.0,4.25,5.69,7.54,38.0,9.5,12.71,16.84,29.0,7.25,9.7,12.85,16.0,4.0,5.35,7.09,44.0,11.0,14.72,19.5,13.0,3.25,4.35,5.76,42.0,10.5,14.05,18.62,30.0,7.5,10.03,13.3,23.0,5.75,7.69,10.19,17.0,4.25,5.69,7.54,1.0,0.25,0.33,0.44,30.0,7.5,10.03,13.3,50.0,12.5,16.72,22.16,41.47,41.81,-0.33,88.35,-1.0,-0.25,-0.33,81.22,20.3,0.5,0.55,0.48,0.35,0.76,0.21,0.57,0.28,0.77,0.52,5.69,0.33,0.1,16.72,0.39
2,高雄全家海神,10893|10894,崔維斯/凱帝,3,121,145.0,2031.01,33.85,33:51,677.0,11.28,11:17,64.0,21.33,44.14,68.06,53.0,17.67,36.55,56.37,44.0,14.67,30.34,46.79,18.0,6.0,12.41,19.14,21.0,7.0,14.48,22.33,10.0,3.33,6.9,10.64,23.0,7.67,15.86,24.46,8.0,2.67,5.52,8.51,24.0,8.0,16.55,25.52,20.0,6.67,13.79,21.27,7.0,2.33,4.83,7.44,20.0,6.67,13.79,21.27,7.0,2.33,4.83,7.44,21.0,7.0,14.48,22.33,14.0,4.67,9.66,14.89,9.0,3.0,6.21,9.57,8.0,2.67,5.52,8.51,1.0,0.33,0.69,1.06,19.0,6.33,13.1,20.21,15.0,5.0,10.34,15.95,44.14,36.55,7.59,102.81,11.0,3.67,7.59,33.85,11.28,0.5,0.59,0.48,0.35,0.83,0.2,0.5,0.25,0.74,0.49,5.52,0.69,0.13,10.34,0.55
2,高雄全家海神,119|121,余純安/吳曉謹,6,96,115.0,1485.93,24.77,24:46,247.66,4.13,04:08,49.0,8.17,42.61,71.23,54.0,9.0,46.96,78.5,36.0,6.0,31.3,52.33,17.0,2.83,14.78,24.71,18.0,3.0,15.65,26.17,11.0,1.83,9.57,15.99,18.0,3.0,15.65,26.17,6.0,1.0,5.22,8.72,18.0,3.0,15.65,26.17,11.0,1.83,9.57,15.99,5.0,0.83,4.35,7.27,15.0,2.5,13.04,21.8,5.0,0.83,4.35,7.27,14.0,2.33,12.17,20.35,12.0,2.0,10.43,17.44,12.0,2.0,10.43,17.44,7.0,1.17,6.09,10.18,0.0,0.0,0.0,0.0,13.0,2.17,11.3,18.9,17.0,2.83,14.78,24.71,42.61,46.96,-4.35,111.45,-5.0,-0.83,-4.35,24.77,4.13,0.56,0.56,0.61,0.33,0.61,0.21,0.71,0.26,0.75,0.51,6.09,0.0,0.11,14.78,0.5
2,高雄全家海神,123|10893,勤明慶/崔維斯,2,23,31.0,1073.48,17.89,17:53,536.74,8.95,08:57,10.0,5.0,32.26,20.12,11.0,5.5,35.48,22.13,8.0,4.0,25.81,16.1,4.0,2.0,12.9,8.05,7.0,3.5,22.58,14.08,3.0,1.5,9.68,6.04,1.0,0.5,3.23,2.01,1.0,0.5,3.23,2.01,1.0,0.5,3.23,2.01,1.0,0.5,3.23,2.01,2.0,1.0,6.45,4.02,1.0,0.5,3.23,2.01,0.0,0.0,0.0,0.0,3.0,1.5,9.68,6.04,5.0,2.5,16.13,10.06,1.0,0.5,3.23,2.01,2.0,1.0,6.45,4.02,0.0,0.0,0.0,0.0,7.0,3.5,22.58,14.08,8.0,4.0,25.81,16.1,32.26,35.48,-3.23,41.58,-1.0,-0.5,-3.23,17.89,8.95,0.56,0.59,0.43,1.0,1.0,0.37,0.25,0.4,1.0,0.5,6.45,0.0,0.23,25.81,0.12
2,高雄全家海神,45|122,施晉堯/陳懷安,7,122,144.0,2068.35,34.47,34:28,295.48,4.92,04:55,46.0,6.57,31.94,48.04,81.0,11.57,56.25,84.59,48.0,6.86,33.33,50.13,18.0,2.57,12.5,18.8,28.0,4.0,19.44,29.24,15.0,2.14,10.42,15.66,20.0,2.86,13.89,20.89,3.0,0.43,2.08,3.13,15.0,2.14,10.42,15.66,9.0,1.29,6.25,9.4,6.0,0.86,4.17,6.27,24.0,3.43,16.67,25.06,5.0,0.71,3.47,5.22,13.0,1.86,9.03,13.58,12.0,1.71,8.33,12.53,8.0,1.14,5.56,8.35,8.0,1.14,5.56,8.35,2.0,0.29,1.39,2.09,13.0,1.86,9.03,13.58,18.0,2.57,12.5,18.8,31.94,56.25,-24.31,100.25,-35.0,-5.0,-24.31,34.47,4.92,0.41,0.42,0.54,0.15,0.6,0.18,0.44,0.32,0.83,0.62,5.56,1.39,0.09,12.5,0.31
2,福爾摩沙夢想家,89|95,蔣淯安/李德威,8,102,119.0,1707.64,28.46,28:28,213.45,3.56,03:33,40.0,5.0,33.61,50.6,45.0,5.62,37.82,56.92,42.0,5.25,35.29,53.13,17.0,2.12,14.29,21.5,30.0,3.75,25.21,37.95,14.0,1.75,11.76,17.71,12.0,1.5,10.08,15.18,3.0,0.38,2.52,3.79,9.0,1.12,7.56,11.38,3.0,0.38,2.52,3.79,6.0,0.75,5.04,7.59,22.0,2.75,18.49,27.83,7.0,0.88,5.88,8.85,21.0,2.62,17.65,26.56,9.0,1.12,7.56,11.38,8.0,1.0,6.72,10.12,3.0,0.38,2.52,3.79,0.0,0.0,0.0,0.0,10.0,1.25,8.4,12.65,14.0,1.75,11.76,17.71,33.61,37.82,-4.2,100.35,-5.0,-0.62,-4.2,28.46,3.56,0.44,0.44,0.47,0.25,0.33,0.16,0.47,0.22,0.76,0.5,2.52,0.0,0.08,11.76,0.21
2,福爾摩沙夢想家,95|99,李德威/盧冠良,2,13,14.0,271.0,4.52,04:31,135.5,2.26,02:15,6.0,3.0,42.86,47.82,11.0,5.5,78.57,87.68,6.0,3.0,42.86,47.82,3.0,1.5,21.43,23.91,4.0,2.0,28.57,31.88,3.0,1.5,21.43,23.91,2.0,1.0,14.29,15.94,0.0,0.0,0.0,0.0,0.0,0.0,0.0,0.0,0.0,0.0,0.0,0.0,0.0,0.0,0.0,0.0,3.0,1.5,21.43,23.91,0.0,0.0,0.0,0.0,1.0,0.5,7.14,7.97,1.0,0.5,7.14,7.97,1.0,0.5,7.14,7.97,1.0,0.5,7.14,7.97,0.0,0.0,0.0,0.0,0.0,0.0,0.0,0.0,3.0,1.5,21.43,23.91,42.86,78.57,-35.71,74.39,-5.0,-2.5,-35.71,4.52,2.26,0.5,0.5,0.75,0.0,,0.14,0.33,0.0,1.0,0.75,7.14,0.0,0.0,21.43,0.0
2,福爾摩沙夢想家,95|107,李德威/霍爾曼,4,40,50.0,732.93,12.22,12:13,183.23,3.05,03:03,20.0,5.0,40.0,58.94,15.0,3.75,30.0,44.21,18.0,4.5,36.0,53.05,7.0,1.75,14.0,20.63,11.0,2.75,22.0,32.42,5.0,1.25,10.0,14.74,7.0,1.75,14.0,20.63,2.0,0.5,4.0,5.89,6.0,1.5,12.0,17.68,4.0,1.0,8.0,11.79,5.0,1.25,10.0,14.74,8.0,2.0,16.0,23.58,6.0,1.5,12.0,17.68,8.0,2.0,16.0,23.58,3.0,0.75,6.0,8.84,4.0,1.0,8.0,11.79,1.0,0.25,2.0,2.95,0.0,0.0,0.0,0.0,6.0,1.5,12.0,17.68,10.0,2.5,20.0,29.47,40.0,30.0,10.0,98.24,5.0,1.25,10.0,12.22,3.05,0.44,0.48,0.45,0.29,0.67,0.13,0.57,0.38,0.57,0.48,2.0,0.0,0.12,20.0,0.33
2,福爾摩沙夢想家,95|10889,李德威/恩尼斯,5,117,136.0,1895.07,31.58,31:35,379.01,6.32,06:19,50.0,10.0,36.76,56.99,56.0,11.2,41.18,63.83,51.0,10.2,37.5,58.13,21.0,4.2,15.44,23.94,35.0,7.0,25.74,39.89,18.0,3.6,13.24,20.52,16.0,3.2,11.76,18.24,3.0,0.6,2.21,3.42,12.0,2.4,8.82,13.68,5.0,1.0,3.68,5.7,9.0,1.8,6.62,10.26,25.0,5.0,18.38,28.5,9.0,1.8,6.62,10.26,23.0,4.6,16.91,26.22,9.0,1.8,6.62,10.26,8.0,1.6,5.88,9.12,3.0,0.6,2.21,3.42,0.0,0.0,0.0,0.0,13.0,2.6,9.56,14.82,19.0,3.8,13.97,21.66,36.76,41.18,-4.41,103.34,-6.0,-1.2,-4.41,31.58,6.32,0.44,0.44,0.51,0.19,0.42,0.14,0.38,0.28,0.74,0.52,2.21,0.0,0.1,13.97,0.24
2,福爾摩沙夢想家,99|10889,盧冠良/恩尼斯,5,294,355.0,4884.81,81.41,81:25,976.96,16.28,16:17,172.0,34.4,48.45,76.06,168.0,33.6,47.32,74.29,122.0,24.4,34.37,53.95,61.0,12.2,17.18,26.97,68.0,13.6,19.15,30.07,40.0,8.0,11.27,17.69,54.0,10.8,15.21,23.88,21.0,4.2,5.92,9.29,35.0,7.0,9.86,15.48,27.0,5.4,7.61,11.94,22.0,4.4,6.2,9.73,41.0,8.2,11.55,18.13,23.0,4.6,6.48,10.17,52.0,10.4,14.65,22.99,33.0,6.6,9.3,14.59,36.0,7.2,10.14,15.92,20.0,4.0,5.63,8.84,3.0,0.6,0.85,1.33,37.0,7.4,10.42,16.36,36.0,7.2,10.14,15.92,48.45,47.32,1.13,104.65,4.0,0.8,1.13,81.41,16.28,0.59,0.63,0.59,0.39,0.77,0.19,0.59,0.3,0.64,0.46,5.63,0.85,0.1,10.14,0.29
2,高雄全家海神,45|119,施晉堯/余純安,6,114,135.0,1713.1,28.55,28:33,285.52,4.76,04:46,62.0,10.33,45.93,78.17,52.0,8.67,38.52,65.57,51.0,8.5,37.78,64.3,22.0,3.67,16.3,27.74,28.0,4.67,20.74,35.3,13.0,2.17,9.63,16.39,23.0,3.83,17.04,29.0,9.0,1.5,6.67,11.35,15.0,2.5,11.11,18.91,9.0,1.5,6.67,11.35,7.0,1.17,5.19,8.83,24.0,4.0,17.78,30.26,7.0,1.17,5.19,8.83,20.0,3.33,14.81,25.22,8.0,1.33,5.93,10.09,15.0,2.5,11.11,18.91,3.0,0.5,2.22,3.78,4.0,0.67,2.96,5.04,14.0,2.33,10.37,17.65,13.0,2.17,9.63,16.39,45.93,38.52,7.41,113.48,10.0,1.67,7.41,28.55,4.76,0.52,0.54,0.46,0.39,0.6,0.12,0.68,0.26,0.77,0.53,2.22,2.96,0.1,9.63,0.29
2,高雄全家海神,110|119,胡瓏貿/余純安,7,106,121.0,1491.91,24.87,24:52,213.13,3.55,03:33,54.0,7.71,44.63,78.18,49.0,7.0,40.5,70.94,45.0,6.43,37.19,65.15,18.0,2.57,14.88,26.06,25.0,3.57,20.66,36.2,13.0,1.86,10.74,18.82,20.0,2.86,16.53,28.96,5.0,0.71,4.13,7.24,18.0,2.57,14.88,26.06,12.0,1.71,9.92,17.37,6.0,0.86,4.96,8.69,22.0,3.14,18.18,31.85,4.0,0.57,3.31,5.79,23.0,3.29,19.01,33.3,6.0,0.86,4.96,8.69,9.0,1.29,7.44,13.03,3.0,0.43,2.48,4.34,1.0,0.14,0.83,1.45,15.0,2.14,12.4,21.72,19.0,2.71,15.7,27.51,44.63,40.5,4.13,116.79,5.0,0.71,4.13,24.87,3.55,0.46,0.51,0.52,0.25,0.67,0.1,0.5,0.21,0.85,0.51,2.48,0.83,0.12,15.7,0.4
2,高雄全家海神,119|123,余純安/勤明慶,6,63,82.0,949.53,15.83,15:50,158.25,2.64,02:38,31.0,5.17,37.8,70.52,35.0,5.83,42.68,79.62,25.0,4.17,30.49,56.87,10.0,1.67,12.2,22.75,13.0,2.17,15.85,29.57,6.0,1.0,7.32,13.65,12.0,2.0,14.63,27.3,4.0,0.67,4.88,9.1,12.0,2.0,14.63,27.3,7.0,1.17,8.54,15.92,5.0,0.83,6.1,11.37,11.0,1.83,13.41,25.02,8.0,1.33,9.76,18.2,7.0,1.17,8.54,15.92,9.0,1.5,10.98,20.47,6.0,1.0,7.32,13.65,5.0,0.83,6.1,11.37,1.0,0.17,1.22,2.27,12.0,2.0,14.63,27.3,19.0,3.17,23.17,43.22,37.8,42.68,-4.88,124.36,-4.0,-0.67,-4.88,15.83,2.64,0.48,0.51,0.46,0.33,0.58,0.23,0.6,0.42,0.58,0.52,6.1,1.22,0.15,23.17,0.48
2,福爾摩沙夢想家,101|10889,周柏臣/恩尼斯,3,104,124.0,1701.72,28.36,28:22,567.24,9.45,09:27,45.0,15.0,36.29,57.12,48.0,16.0,38.71,60.93,35.0,11.67,28.23,44.43,14.0,4.67,11.29,17.77,24.0,8.0,19.35,30.46,14.0,4.67,11.29,17.77,11.0,3.67,8.87,13.96,0.0,0.0,0.0,0.0,21.0,7.0,16.94,26.66,17.0,5.67,13.71,21.58,9.0,3.0,7.26,11.42,13.0,4.33,10.48,16.5,5.0,1.67,4.03,6.35,18.0,6.0,14.52,22.85,16.0,5.33,12.9,20.31,6.0,2.0,4.84,7.62,8.0,2.67,6.45,10.15,2.0,0.67,1.61,2.54,20.0,6.67,16.13,25.39,15.0,5.0,12.1,19.04,36.29,38.71,-2.42,104.93,-3.0,-1.0,-2.42,28.36,9.45,0.4,0.51,0.58,0.0,0.81,0.27,0.43,0.33,0.72,0.49,6.45,1.61,0.16,12.1,0.6
2,福爾摩沙夢想家,86|89,林俊吉/蔣淯安,7,114,135.0,1652.14,27.54,27:32,236.02,3.93,03:56,61.0,8.71,45.19,79.75,57.0,8.14,42.22,74.52,43.0,6.14,31.85,56.22,23.0,3.29,17.04,30.07,26.0,3.71,19.26,33.99,19.0,2.71,14.07,24.84,17.0,2.43,12.59,22.23,4.0,0.57,2.96,5.23,16.0,2.29,11.85,20.92,11.0,1.57,8.15,14.38,4.0,0.57,2.96,5.23,17.0,2.43,12.59,22.23,10.0,1.43,7.41,13.07,19.0,2.71,14.07,24.84,12.0,1.71,8.89,15.69,8.0,1.14,5.93,10.46,7.0,1.0,5.19,9.15,1.0,0.14,0.74,1.31,12.0,1.71,8.89,15.69,10.0,1.43,7.41,13.07,45.19,42.22,2.96,117.67,4.0,0.57,2.96,27.54,3.93,0.58,0.61,0.73,0.24,0.69,0.19,0.35,0.17,0.63,0.42,5.19,0.74,0.09,7.41,0.37
2,新北中信特攻,39|40,魏嘉豪/謝亞軒,16,786,916.0,12517.2,208.62,208:37,782.32,13.04,13:02,387.0,24.19,42.25,66.78,396.0,24.75,43.23,68.33,356.0,22.25,38.86,61.43,158.0,9.88,17.25,27.26,231.0,14.44,25.22,39.86,122.0,7.62,13.32,21.05,125.0,7.81,13.65,21.57,36.0,2.25,3.93,6.21,50.0,3.12,5.46,8.63,35.0,2.19,3.82,6.04,62.0,3.88,6.77,10.7,147.0,9.19,16.05,25.37,48.0,3.0,5.24,8.28,140.0,8.75,15.28,24.16,74.0,4.62,8.08,12.77,110.0,6.88,12.01,18.98,42.0,2.62,4.59,7.25,16.0,1.0,1.75,2.76,74.0,4.62,8.08,12.77,91.0,5.69,9.93,15.7,42.25,43.23,-0.98,105.38,-9.0,-0.56,-0.98,208.62,13.04,0.49,0.51,0.53,0.29,0.7,0.16,0.7,0.31,0.75,0.53,4.59,1.75,0.08,9.93,0.14
2,新北中信特攻,39|10877,魏嘉豪/阿巴西,18,875,1027.0,13919.72,232.0,232:00,773.32,12.89,12:53,438.0,24.33,42.65,67.97,453.0,25.17,44.11,70.29,411.0,22.83,40.02,63.78,174.0,9.67,16.94,27.0,260.0,14.44,25.32,40.35,133.0,7.39,12.95,20.64,151.0,8.39,14.7,23.43,41.0,2.28,3.99,6.36,70.0,3.89,6.82,10.86,49.0,2.72,4.77,7.6,71.0,3.94,6.91,11.02,177.0,9.83,17.23,27.47,59.0,3.28,5.74,9.16,156.0,8.67,15.19,24.21,66.0,3.67,6.43,10.24,118.0,6.56,11.49,18.31,41.0,2.28,3.99,6.36,14.0,0.78,1.36,2.17,89.0,4.94,8.67,13.81,86.0,4.78,8.37,13.35,42.65,44.11,-1.46,106.24,-15.0,-0.83,-1.46,232.0,12.89,0.47,0.5,0.51,0.27,0.7,0.13,0.68,0.31,0.75,0.54,3.99,1.36,0.09,8.37,0.17
2,新北中信特攻,39|10880,魏嘉豪/內馬,16,666,797.0,10625.08,177.08,177:05,664.07,11.07,11:04,336.0,21.0,42.16,68.31,328.0,20.5,41.15,66.68,301.0,18.81,37.77,61.19,129.0,8.06,16.19,26.22,192.0,12.0,24.09,39.03,96.0,6.0,12.05,19.52,109.0,6.81,13.68,22.16,33.0,2.06,4.14,6.71,66.0,4.12,8.28,13.42,45.0,2.81,5.65,9.15,65.0,4.06,8.16,13.21,118.0,7.38,14.81,23.99,48.0,3.0,6.02,9.76,114.0,7.12,14.3,23.18,64.0,4.0,8.03,13.01,84.0,5.25,10.54,17.08,37.0,2.31,4.64,7.52,12.0,0.75,1.51,2.44,72.0,4.5,9.03,14.64,64.0,4.0,8.03,13.01,42.16,41.15,1.0,108.02,8.0,0.5,1.0,177.08,11.07,0.48,0.51,0.5,0.3,0.68,0.16,0.65,0.36,0.71,0.53,4.64,1.51,0.09,8.03,0.22
2,新北中信特攻,39|10881,魏嘉豪/飛克,17,782,905.0,12666.91,211.12,211:07,745.11,12.42,12:25,371.0,21.82,40.99,63.26,387.0,22.76,42.76,65.99,345.0,20.29,38.12,58.83,147.0,8.65,16.24,25.07,209.0,12.29,23.09,35.64,111.0,6.53,12.27,18.93,136.0,8.0,15.03,23.19,36.0,2.12,3.98,6.14,64.0,3.76,7.07,10.91,41.0,2.41,4.53,6.99,51.0,3.0,5.64,8.7,160.0,9.41,17.68,27.28,52.0,3.06,5.75,8.87,147.0,8.65,16.24,25.07,66.0,3.88,7.29,11.25,105.0,6.18,11.6,17.9,39.0,2.29,4.31,6.65,15.0,0.88,1.66,2.56,77.0,4.53,8.51,13.13,91.0,5.35,10.06,15.52,40.99,42.76,-1.77,102.88,-16.0,-0.94,-1.77,211.12,12.42,0.48,0.5,0.53,0.26,0.64,0.15,0.71,0.26,0.75,0.51,4.31,1.66,0.09,10.06,0.19
2,新北中信特攻,40|10877,謝亞軒/阿巴西,17,1845,2189.0,29306.83,488.45,488:27,1723.93,28.73,28:44,1007.0,59.24,46.0,74.22,911.0,53.59,41.62,67.14,831.0,48.88,37.96,61.25,386.0,22.71,17.63,28.45,501.0,29.47,22.89,36.93,279.0,16.41,12.75,20.56,330.0,19.41,15.08,24.32,107.0,6.29,4.89,7.89,191.0,11.24,8.73,14.08,125.0,7.35,5.71,9.21,152.0,8.94,6.94,11.2,308.0,18.12,14.07,22.7,126.0,7.41,5.76,9.29,342.0,20.12,15.62,25.21,174.0,10.24,7.95,12.82,257.0,15.12,11.74,18.94,85.0,5.0,3.88,6.26,26.0,1.53,1.19,1.92,191.0,11.24,8.73,14.08,192.0,11.29,8.77,14.15,46.0,41.62,4.39,107.56,96.0,5.65,4.39,488.45,28.73,0.53,0.55,0.56,0.32,0.65,0.16,0.67,0.31,0.71,0.5,3.88,1.19,0.09,8.77,0.23
2,新北中信特攻,40|10880,謝亞軒/內馬,15,1250,1517.0,20102.11,335.04,335:02,1340.14,22.34,22:20,690.0,46.0,45.48,74.14,608.0,40.53,40.08,65.33,560.0,37.33,36.91,60.17,259.0,17.27,17.07,27.83,335.0,22.33,22.08,36.0,179.0,11.93,11.8,19.23,225.0,15.0,14.83,24.18,80.0,5.33,5.27,8.6,140.0,9.33,9.23,15.04,91.0,6.07,6.0,9.78,116.0,7.73,7.65,12.46,203.0,13.53,13.38,21.81,108.0,7.2,7.12,11.6,227.0,15.13,14.96,24.39,124.0,8.27,8.17,13.32,173.0,11.53,11.4,18.59,61.0,4.07,4.02,6.55,26.0,1.73,1.71,2.79,145.0,9.67,9.56,15.58,163.0,10.87,10.74,17.51,45.48,40.08,5.41,108.67,82.0,5.47,5.41,335.04,22.34,0.53,0.56,0.53,0.36,0.65,0.17,0.67,0.34,0.65,0.49,4.02,1.71,0.1,10.74,0.25
2,新北中信特攻,40|10881,謝亞軒/飛克,16,1459,1727.0,23711.37,395.19,395:11,1481.96,24.7,24:42,727.0,45.44,42.1,66.23,724.0,45.25,41.92,65.95,648.0,40.5,37.52,59.03,286.0,17.88,16.56,26.05,386.0,24.12,22.35,35.16,212.0,13.25,12.28,19.31,262.0,16.38,15.17,23.87,74.0,4.62,4.28,6.74,131.0,8.19,7.59,11.93,81.0,5.06,4.69,7.38,112.0,7.0,6.49,10.2,265.0,16.56,15.34,24.14,100.0,6.25,5.79,9.11,275.0,17.19,15.92,25.05,140.0,8.75,8.11,12.75,197.0,12.31,11.41,17.95,65.0,4.06,3.76,5.92,27.0,1.69,1.56,2.46,142.0,8.88,8.22,12.94,181.0,11.31,10.48,16.49,42.1,41.92,0.17,104.88,3.0,0.19,0.17,395.19,24.7,0.5,0.52,0.55,0.28,0.62,0.17,0.69,0.29,0.73,0.5,3.76,1.56,0.08,10.48,0.2
2,新北中信特攻,10877|10880,阿巴西/內馬,15,1366,1651.0,21935.32,365.59,365:35,1462.35,24.37,24:22,772.0,51.47,46.76,76.02,708.0,47.2,42.88,69.72,634.0,42.27,38.4,62.43,292.0,19.47,17.69,28.75,381.0,25.4,23.08,37.52,208.0,13.87,12.6,20.48,253.0,16.87,15.32,24.91,84.0,5.6,5.09,8.27,150.0,10.0,9.09,14.77,102.0,6.8,6.18,10.04,129.0,8.6,7.81,12.7,224.0,14.93,13.57,22.06,100.0,6.67,6.06,9.85,237.0,15.8,14.35,23.34,124.0,8.27,7.51,12.21,183.0,12.2,11.08,18.02,67.0,4.47,4.06,6.6,19.0,1.27,1.15,1.87,143.0,9.53,8.66,14.08,149.0,9.93,9.02,14.67,46.76,42.88,3.88,108.38,64.0,4.27,3.88,365.59,24.37,0.53,0.55,0.55,0.33,0.68,0.15,0.63,0.35,0.69,0.51,4.06,1.15,0.09,9.02,0.24
2,新北中信特攻,10877|10881,阿巴西/飛克,17,1658,1955.0,26501.1,441.68,441:41,1558.89,25.98,25:59,873.0,51.35,44.65,71.15,853.0,50.18,43.63,69.52,751.0,44.18,38.41,61.21,336.0,19.76,17.19,27.39,441.0,25.94,22.56,35.94,243.0,14.29,12.43,19.81,310.0,18.24,15.86,25.27,93.0,5.47,4.76,7.58,172.0,10.12,8.8,14.02,108.0,6.35,5.52,8.8,130.0,7.65,6.65,10.6,304.0,17.88,15.55,24.78,106.0,6.24,5.42,8.64,308.0,18.12,15.75,25.1,135.0,7.94,6.91,11.0,236.0,13.88,12.07,19.24,72.0,4.24,3.68,5.87,24.0,1.41,1.23,1.96,163.0,9.59,8.34,13.29,187.0,11.0,9.57,15.24,44.65,43.63,1.02,106.23,20.0,1.18,1.02,441.68,25.98,0.51,0.53,0.55,0.3,0.63,0.14,0.7,0.3,0.74,0.51,3.68,1.23,0.08,9.57,0.23
2,新北中信特攻,10880|10881,內馬/飛克,14,857,1043.0,13701.71,228.36,228:22,978.69,16.31,16:19,475.0,33.93,45.54,74.88,455.0,32.5,43.62,71.73,387.0,27.64,37.1,61.01,181.0,12.93,17.35,28.53,226.0,16.14,21.67,35.63,130.0,9.29,12.46,20.49,161.0,11.5,15.44,25.38,51.0,3.64,4.89,8.04,96.0,6.86,9.2,15.13,62.0,4.43,5.94,9.77,73.0,5.21,7.0,11.51,145.0,10.36,13.9,22.86,73.0,5.21,7.0,11.51,144.0,10.29,13.81,22.7,77.0,5.5,7.38,12.14,130.0,9.29,12.46,20.49,42.0,3.0,4.03,6.62,14.0,1.0,1.34,2.21,85.0,6.07,8.15,13.4,116.0,8.29,11.12,18.29,45.54,43.62,1.92,109.62,20.0,1.43,1.92,228.36,16.31,0.53,0.55,0.58,0.32,0.65,0.15,0.72,0.34,0.67,0.5,4.03,1.34,0.08,11.12,0.25
2,新北國王,21|26,李愷諺/洪志善,3,131,172.0,2181.94,36.37,36:22,727.31,12.12,12:07,64.0,21.33,37.21,63.36,73.0,24.33,42.44,72.27,54.0,18.0,31.4,53.46,19.0,6.33,11.05,18.81,31.0,10.33,18.02,30.69,12.0,4.0,6.98,11.88,23.0,7.67,13.37,22.77,7.0,2.33,4.07,6.93,27.0,9.0,15.7,26.73,20.0,6.67,11.63,19.8,11.0,3.67,6.4,10.89,27.0,9.0,15.7,26.73,18.0,6.0,10.47,17.82,20.0,6.67,11.63,19.8,16.0,5.33,9.3,15.84,13.0,4.33,7.56,12.87,9.0,3.0,5.23,8.91,6.0,2.0,3.49,5.94,16.0,5.33,9.3,15.84,24.0,8.0,13.95,23.76,37.21,42.44,-5.23,113.51,-9.0,-3.0,-5.23,36.37,12.12,0.42,0.49,0.39,0.3,0.74,0.2,0.68,0.35,0.6,0.5,5.23,3.49,0.09,13.95,0.5
2,新北國王,22|26,簡祐哲/洪志善,3,75,96.0,1151.73,19.2,19:12,383.91,6.4,06:24,24.0,8.0,25.0,45.01,51.0,17.0,53.12,95.65,28.0,9.33,29.17,52.51,9.0,3.0,9.38,16.88,16.0,5.33,16.67,30.01,8.0,2.67,8.33,15.0,12.0,4.0,12.5,22.51,1.0,0.33,1.04,1.88,10.0,3.33,10.42,18.75,8.0,2.67,8.33,15.0,6.0,2.0,6.25,11.25,14.0,4.67,14.58,26.26,9.0,3.0,9.38,16.88,15.0,5.0,15.62,28.13,10.0,3.33,10.42,18.75,3.0,1.0,3.12,5.63,7.0,2.33,7.29,13.13,1.0,0.33,1.04,1.88,9.0,3.0,9.38,16.88,21.0,7.0,21.88,39.38,25.0,53.12,-28.12,120.03,-27.0,-9.0,-28.12,19.2,6.4,0.34,0.37,0.5,0.08,0.8,0.24,0.33,0.29,0.61,0.45,7.29,1.04,0.09,21.88,0.36
2,新北國王,26|34,洪志善/沃許本,3,98,126.0,1659.59,27.66,27:40,553.2,9.22,09:13,37.0,12.33,29.37,48.16,58.0,19.33,46.03,75.49,34.0,11.33,26.98,44.25,11.0,3.67,8.73,14.32,20.0,6.67,15.87,26.03,8.0,2.67,6.35,10.41,14.0,4.67,11.11,18.22,3.0,1.0,2.38,3.9,18.0,6.0,14.29,23.43,14.0,4.67,11.11,18.22,7.0,2.33,5.56,9.11,19.0,6.33,15.08,24.73,14.0,4.67,11.11,18.22,15.0,5.0,11.9,19.52,15.0,5.0,11.9,19.52,8.0,2.67,6.35,10.41,8.0,2.67,6.35,10.41,2.0,0.67,1.59,2.6,15.0,5.0,11.9,19.52,23.0,7.67,18.25,29.94,29.37,46.03,-16.67,109.33,-21.0,-7.0,-16.67,27.66,9.22,0.37,0.44,0.4,0.21,0.78,0.26,0.73,0.32,0.58,0.47,6.35,1.59,0.12,18.25,0.53
2,新北國王,26|10875,洪志善/傑登,3,151,198.0,2492.21,41.54,41:32,830.74,13.85,13:51,77.0,25.67,38.89,66.74,90.0,30.0,45.45,78.0,69.0,23.0,34.85,59.8,26.0,8.67,13.13,22.53,40.0,13.33,20.2,34.67,19.0,6.33,9.6,16.47,29.0,9.67,14.65,25.13,7.0,2.33,3.54,6.07,29.0,9.67,14.65,25.13,20.0,6.67,10.1,17.33,18.0,6.0,9.09,15.6,29.0,9.67,14.65,25.13,17.0,5.67,8.59,14.73,25.0,8.33,12.63,21.67,15.0,5.0,7.58,13.0,16.0,5.33,8.08,13.87,10.0,3.33,5.05,8.67,6.0,2.0,3.03,5.2,22.0,7.33,11.11,19.07,26.0,8.67,13.13,22.53,38.89,45.45,-6.57,114.4,-13.0,-4.33,-6.57,41.54,13.85,0.43,0.47,0.48,0.24,0.69,0.16,0.62,0.42,0.63,0.53,5.05,3.03,0.11,13.13,0.42
2,新北國王,26|10872,洪志善/林彥廷,3,61,72.0,1000.8,16.68,16:41,333.6,5.56,05:34,30.0,10.0,41.67,64.75,39.0,13.0,54.17,84.17,23.0,7.67,31.94,49.64,11.0,3.67,15.28,23.74,17.0,5.67,23.61,36.69,9.0,3.0,12.5,19.42,6.0,2.0,8.33,12.95,2.0,0.67,2.78,4.32,11.0,3.67,15.28,23.74,6.0,2.0,8.33,12.95,4.0,1.33,5.56,8.63,10.0,3.33,13.89,21.58,4.0,1.33,5.56,8.63,11.0,3.67,15.28,23.74,5.0,1.67,6.94,10.79,4.0,1.33,5.56,8.63,5.0,1.67,6.94,10.79,1.0,0.33,1.39,2.16,9.0,3.0,12.5,19.42,13.0,4.33,18.06,28.06,41.67,54.17,-12.5,103.6,-9.0,-3.0,-12.5,16.68,5.56,0.52,0.54,0.53,0.33,0.55,0.15,0.36,0.27,0.71,0.48,6.94,1.39,0.12,18.06,0.48
2,新北中信特攻,39|47,魏嘉豪/曾文鼎,7,119,135.0,2110.89,35.18,35:11,301.56,5.03,05:02,71.0,10.14,52.59,72.65,61.0,8.71,45.19,62.42,54.0,7.71,40.0,55.26,27.0,3.86,20.0,27.63,31.0,4.43,22.96,31.72,17.0,2.43,12.59,17.4,23.0,3.29,17.04,23.54,10.0,1.43,7.41,10.23,14.0,2.0,10.37,14.33,7.0,1.0,5.19,7.16,10.0,1.43,7.41,10.23,21.0,3.0,15.56,21.49,3.0,0.43,2.22,3.07,21.0,3.0,15.56,21.49,7.0,1.0,5.19,7.16,19.0,2.71,14.07,19.44,4.0,0.57,2.96,4.09,3.0,0.43,2.22,3.07,9.0,1.29,6.67,9.21,10.0,1.43,7.41,10.23,52.59,45.19,7.41,92.09,10.0,1.43,7.41,35.18,5.03,0.59,0.59,0.55,0.43,0.5,0.1,0.7,0.32,0.88,0.56,2.96,2.22,0.07,7.41,0.26
2,新北中信特攻,39|10879,魏嘉豪/簡廷兆,16,266,321.0,4523.3,75.39,75:23,282.71,4.71,04:43,112.0,7.0,34.89,53.48,122.0,7.62,38.01,58.26,120.0,7.5,37.38,57.3,43.0,2.69,13.4,20.53,75.0,4.69,23.36,35.81,33.0,2.06,10.28,15.76,45.0,2.81,14.02,21.49,10.0,0.62,3.12,4.78,30.0,1.88,9.35,14.33,15.0,0.94,4.67,7.16,25.0,1.56,7.79,11.94,60.0,3.75,18.69,28.65,21.0,1.31,6.54,10.03,54.0,3.38,16.82,25.79,23.0,1.44,7.17,10.98,23.0,1.44,7.17,10.98,11.0,0.69,3.43,5.25,7.0,0.44,2.18,3.34,32.0,2.0,9.97,15.28,27.0,1.69,8.41,12.89,34.89,38.01,-3.12,102.19,-10.0,-0.62,-3.12,75.39,4.71,0.4,0.42,0.44,0.22,0.5,0.15,0.53,0.32,0.74,0.53,3.43,2.18,0.1,8.41,0.25
2,新北中信特攻,47|10877,曾文鼎/阿巴西,10,237,264.0,3689.13,61.49,61:29,368.91,6.15,06:09,154.0,15.4,58.33,90.17,154.0,15.4,58.33,90.17,106.0,10.6,40.15,62.06,59.0,5.9,22.35,34.54,56.0,5.6,21.21,32.79,38.0,3.8,14.39,22.25,50.0,5.0,18.94,29.28,21.0,2.1,7.95,12.3,20.0,2.0,7.58,11.71,13.0,1.3,4.92,7.61,14.0,1.4,5.3,8.2,34.0,3.4,12.88,19.91,10.0,1.0,3.79,5.86,34.0,3.4,12.88,19.91,15.0,1.5,5.68,8.78,41.0,4.1,15.53,24.01,9.0,0.9,3.41,5.27,3.0,0.3,1.14,1.76,20.0,2.0,7.58,11.71,34.0,3.4,12.88,19.91,58.33,58.33,0.0,103.05,0.0,0.0,0.0,61.49,6.15,0.66,0.67,0.68,0.42,0.65,0.12,0.69,0.29,0.77,0.52,3.41,1.14,0.08,12.88,0.19
2,新北中信特攻,47|10879,曾文鼎/簡廷兆,9,166,198.0,2826.78,47.11,47:07,314.09,5.23,05:14,85.0,9.44,42.93,64.95,65.0,7.22,32.83,49.67,73.0,8.11,36.87,55.78,33.0,3.67,16.67,25.22,36.0,4.0,18.18,27.51,19.0,2.11,9.6,14.52,37.0,4.11,18.69,28.27,14.0,1.56,7.07,10.7,16.0,1.78,8.08,12.23,8.0,0.89,4.04,6.11,12.0,1.33,6.06,9.17,30.0,3.33,15.15,22.92,14.0,1.56,7.07,10.7,35.0,3.89,17.68,26.74,16.0,1.78,8.08,12.23,21.0,2.33,10.61,16.05,9.0,1.0,4.55,6.88,2.0,0.22,1.01,1.53,18.0,2.0,9.09,13.75,18.0,2.0,9.09,13.75,42.93,32.83,10.1,100.86,20.0,2.22,10.1,47.11,5.23,0.55,0.53,0.53,0.38,0.5,0.17,0.64,0.26,0.68,0.46,4.55,1.01,0.09,9.09,0.22
2,新北中信特攻,47|10881,曾文鼎/飛克,12,398,457.0,6712.08,111.87,111:52,559.34,9.32,09:19,222.0,18.5,48.58,71.44,221.0,18.42,48.36,71.12,173.0,14.42,37.86,55.67,85.0,7.08,18.6,27.35,90.0,7.5,19.69,28.96,54.0,4.5,11.82,17.38,83.0,6.92,18.16,26.71,31.0,2.58,6.78,9.98,32.0,2.67,7.0,10.3,21.0,1.75,4.6,6.76,28.0,2.33,6.13,9.01,63.0,5.25,13.79,20.27,20.0,1.67,4.38,6.44,72.0,6.0,15.75,23.17,36.0,3.0,7.88,11.59,60.0,5.0,13.13,19.31,18.0,1.5,3.94,5.79,8.0,0.67,1.75,2.57,30.0,2.5,6.56,9.65,47.0,3.92,10.28,15.12,48.58,48.36,0.22,98.04,1.0,0.08,0.22,111.87,9.32,0.58,0.59,0.6,0.37,0.66,0.16,0.71,0.28,0.76,0.5,3.94,1.75,0.07,10.28,0.18
2,新北中信特攻,10877|10879,阿巴西/簡廷兆,18,631,792.0,10501.15,175.02,175:01,583.4,9.72,09:43,322.0,17.89,40.66,66.23,356.0,19.78,44.95,73.23,322.0,17.89,40.66,66.23,123.0,6.83,15.53,25.3,187.0,10.39,23.61,38.46,89.0,4.94,11.24,18.31,135.0,7.5,17.05,27.77,34.0,1.89,4.29,6.99,70.0,3.89,8.84,14.4,46.0,2.56,5.81,9.46,73.0,4.06,9.22,15.02,133.0,7.39,16.79,27.36,54.0,3.0,6.82,11.11,114.0,6.33,14.39,23.45,43.0,2.39,5.43,8.84,77.0,4.28,9.72,15.84,24.0,1.33,3.03,4.94,13.0,0.72,1.64,2.67,70.0,3.89,8.84,14.4,85.0,4.72,10.73,17.48,40.66,44.95,-4.29,108.61,-34.0,-1.89,-4.29,175.02,9.72,0.43,0.46,0.48,0.25,0.66,0.11,0.63,0.39,0.71,0.55,3.03,1.64,0.09,10.73,0.22
2,新北中信特攻,10879|10881,簡廷兆/飛克,18,492,613.0,8334.23,138.9,138:54,463.01,7.72,07:43,218.0,12.11,35.56,56.5,249.0,13.83,40.62,64.53,236.0,13.11,38.5,61.16,87.0,4.83,14.19,22.55,145.0,8.06,23.65,37.58,68.0,3.78,11.09,17.62,91.0,5.06,14.85,23.58,19.0,1.06,3.1,4.92,46.0,2.56,7.5,11.92,27.0,1.5,4.4,7.0,47.0,2.61,7.67,12.18,106.0,5.89,17.29,27.47,44.0,2.44,7.18,11.4,97.0,5.39,15.82,25.14,44.0,2.44,7.18,11.4,59.0,3.28,9.62,15.29,24.0,1.33,3.92,6.22,13.0,0.72,2.12,3.37,50.0,2.78,8.16,12.96,77.0,4.28,12.56,19.96,35.56,40.62,-5.06,105.92,-31.0,-1.72,-5.06,138.9,7.72,0.41,0.43,0.47,0.21,0.59,0.15,0.68,0.33,0.71,0.52,3.92,2.12,0.08,12.56,0.19
2,新北國王,26|10876,洪志善/尚迪,1,6,10.0,130.2,2.17,02:10,130.2,2.17,02:10,2.0,2.0,20.0,33.18,5.0,5.0,50.0,82.95,3.0,3.0,30.0,49.77,1.0,1.0,10.0,16.59,1.0,1.0,10.0,16.59,1.0,1.0,10.0,16.59,2.0,2.0,20.0,33.18,0.0,0.0,0.0,0.0,0.0,0.0,0.0,0.0,0.0,0.0,0.0,0.0,2.0,2.0,20.0,33.18,0.0,0.0,0.0,0.0,2.0,2.0,20.0,33.18,0.0,0.0,0.0,0.0,2.0,2.0,20.0,33.18,0.0,0.0,0.0,0.0,1.0,1.0,10.0,16.59,0.0,0.0,0.0,0.0,2.0,2.0,20.0,33.18,2.0,2.0,20.0,33.18,20.0,50.0,-30.0,110.6,-3.0,-3.0,-30.0,2.17,2.17,0.33,0.33,1.0,0.0,,0.4,0.0,1.0,0.0,0.5,10.0,0.0,0.2,20.0,0.0
2,新北中信特攻,47|48,曾文鼎/李沛澄,3,20,25.0,320.96,5.35,05:21,106.99,1.78,01:47,12.0,4.0,48.0,80.76,12.0,4.0,48.0,80.76,8.0,2.67,32.0,53.84,4.0,1.33,16.0,26.92,6.0,2.0,24.0,40.38,3.0,1.0,12.0,20.19,2.0,0.67,8.0,13.46,1.0,0.33,4.0,6.73,4.0,1.33,16.0,26.92,3.0,1.0,12.0,20.19,2.0,0.67,8.0,13.46,3.0,1.0,12.0,20.19,2.0,0.67,8.0,13.46,4.0,1.33,16.0,26.92,2.0,0.67,8.0,13.46,2.0,0.67,8.0,13.46,0.0,0.0,0.0,0.0,1.0,0.33,4.0,6.73,2.0,0.67,8.0,13.46,5.0,1.67,20.0,33.65,48.0,48.0,0.0,112.16,0.0,0.0,0.0,5.35,1.78,0.56,0.61,0.5,0.5,0.75,0.17,0.5,0.33,0.6,0.45,0.0,4.0,0.08,20.0,0.5
2,新北中信特攻,48|10877,李沛澄/阿巴西,8,178,204.0,2844.4,47.41,47:24,355.55,5.93,05:56,119.0,14.88,58.33,90.37,104.0,13.0,50.98,78.98,79.0,9.88,38.73,59.99,41.0,5.12,20.1,31.13,41.0,5.12,20.1,31.13,25.0,3.12,12.25,18.98,38.0,4.75,18.63,28.86,16.0,2.0,7.84,12.15,30.0,3.75,14.71,22.78,22.0,2.75,10.78,16.71,12.0,1.5,5.88,9.11,26.0,3.25,12.75,19.74,8.0,1.0,3.92,6.08,23.0,2.88,11.27,17.47,13.0,1.62,6.37,9.87,22.0,2.75,10.78,16.71,11.0,1.38,5.39,8.35,3.0,0.38,1.47,2.28,19.0,2.38,9.31,14.43,35.0,4.38,17.16,26.58,58.33,50.98,7.35,103.28,15.0,1.88,7.35,47.41,5.93,0.62,0.65,0.61,0.42,0.73,0.12,0.54,0.34,0.76,0.55,5.39,1.47,0.09,17.16,0.38
2,新北中信特攻,48|10879,李沛澄/簡廷兆,3,49,63.0,727.2,12.12,12:07,242.4,4.04,04:02,32.0,10.67,50.79,95.05,35.0,11.67,55.56,103.96,20.0,6.67,31.75,59.41,9.0,3.0,14.29,26.73,12.0,4.0,19.05,35.64,6.0,2.0,9.52,17.82,8.0,2.67,12.7,23.76,3.0,1.0,4.76,8.91,13.0,4.33,20.63,38.61,11.0,3.67,17.46,32.67,7.0,2.33,11.11,20.79,3.0,1.0,4.76,8.91,2.0,0.67,3.17,5.94,7.0,2.33,11.11,20.79,6.0,2.0,9.52,17.82,5.0,1.67,7.94,14.85,3.0,1.0,4.76,8.91,1.0,0.33,1.59,2.97,7.0,2.33,11.11,20.79,11.0,3.67,17.46,32.67,50.79,55.56,-4.76,124.75,-3.0,-1.0,-4.76,12.12,4.04,0.52,0.62,0.5,0.38,0.85,0.19,0.56,0.5,0.6,0.53,4.76,1.59,0.11,17.46,0.65
2,新北中信特攻,48|10881,李沛澄/飛克,6,104,122.0,1633.46,27.22,27:13,272.24,4.54,04:32,61.0,10.17,50.0,80.66,54.0,9.0,44.26,71.41,38.0,6.33,31.15,50.25,18.0,3.0,14.75,23.8,21.0,3.5,17.21,27.77,12.0,2.0,9.84,15.87,17.0,2.83,13.93,22.48,6.0,1.0,4.92,7.93,26.0,4.33,21.31,34.38,20.0,3.33,16.39,26.45,5.0,0.83,4.1,6.61,16.0,2.67,13.11,21.16,10.0,1.67,8.2,13.22,14.0,2.33,11.48,18.51,9.0,1.5,7.38,11.9,11.0,1.83,9.02,14.55,6.0,1.0,4.92,7.93,2.0,0.33,1.64,2.64,11.0,1.83,9.02,14.55,18.0,3.0,14.75,23.8,50.0,44.26,5.74,107.55,7.0,1.17,5.74,27.22,4.54,0.55,0.62,0.57,0.35,0.77,0.15,0.61,0.26,0.62,0.47,4.92,1.64,0.09,14.75,0.68
2,新北中信特攻,47|10882,曾文鼎/霸夫,3,158,192.0,2739.2,45.65,45:39,913.07,15.22,15:13,76.0,25.33,39.58,59.93,80.0,26.67,41.67,63.08,73.0,24.33,38.02,57.56,27.0,9.0,14.06,21.29,35.0,11.67,18.23,27.6,16.0,5.33,8.33,12.62,38.0,12.67,19.79,29.96,11.0,3.67,5.73,8.67,19.0,6.33,9.9,14.98,11.0,3.67,5.73,8.67,15.0,5.0,7.81,11.83,34.0,11.33,17.71,26.81,13.0,4.33,6.77,10.25,25.0,8.33,13.02,19.71,13.0,4.33,6.77,10.25,19.0,6.33,9.9,14.98,7.0,2.33,3.65,5.52,2.0,0.67,1.04,1.58,15.0,5.0,7.81,11.83,17.0,5.67,8.85,13.41,39.58,41.67,-2.08,100.93,-4.0,-1.33,-2.08,45.65,15.22,0.45,0.47,0.46,0.29,0.58,0.14,0.7,0.38,0.72,0.56,3.65,1.04,0.08,8.85,0.26
2,新北中信特攻,48|10882,李沛澄/霸夫,2,28,33.0,425.54,7.09,07:06,212.77,3.55,03:33,14.0,7.0,42.42,71.06,17.0,8.5,51.52,86.29,11.0,5.5,33.33,55.83,5.0,2.5,15.15,25.38,8.0,4.0,24.24,40.61,5.0,2.5,15.15,25.38,3.0,1.5,9.09,15.23,0.0,0.0,0.0,0.0,4.0,2.0,12.12,20.3,4.0,2.0,12.12,20.3,1.0,0.5,3.03,5.08,4.0,2.0,12.12,20.3,3.0,1.5,9.09,15.23,5.0,2.5,15.15,25.38,3.0,1.5,9.09,15.23,2.0,1.0,6.06,10.15,3.0,1.5,9.09,15.23,0.0,0.0,0.0,0.0,1.0,0.5,3.03,5.08,3.0,1.5,9.09,15.23,42.42,51.52,-9.09,111.67,-3.0,-1.5,-9.09,7.09,3.55,0.45,0.55,0.62,0.0,1.0,0.19,0.4,0.17,0.57,0.38,9.09,0.0,0.03,9.09,0.36
2,新北中信特攻,10879|10882,簡廷兆/霸夫,3,72,88.0,1120.52,18.68,18:41,373.51,6.23,06:14,32.0,10.67,36.36,61.69,37.0,12.33,42.05,71.32,30.0,10.0,34.09,57.83,11.0,3.67,12.5,21.2,15.0,5.0,17.05,28.92,7.0,2.33,7.95,13.49,15.0,5.0,17.05,28.92,4.0,1.33,4.55,7.71,9.0,3.0,10.23,17.35,6.0,2.0,6.82,11.57,5.0,1.67,5.68,9.64,15.0,5.0,17.05,28.92,8.0,2.67,9.09,15.42,14.0,4.67,15.91,26.99,5.0,1.67,5.68,9.64,5.0,1.67,5.68,9.64,3.0,1.0,3.41,5.78,0.0,0.0,0.0,0.0,9.0,3.0,10.23,17.35,9.0,3.0,10.23,17.35,36.36,42.05,-5.68,113.09,-5.0,-1.67,-5.68,18.68,6.23,0.43,0.47,0.47,0.27,0.67,0.13,0.45,0.26,0.65,0.48,3.41,0.0,0.1,10.23,0.3
2,新北中信特攻,10881|10882,飛克/霸夫,3,106,124.0,1894.51,31.58,31:35,631.5,10.53,10:32,42.0,14.0,33.87,47.89,49.0,16.33,39.52,55.87,46.0,15.33,37.1,52.45,15.0,5.0,12.1,17.1,21.0,7.0,16.94,23.94,9.0,3.0,7.26,10.26,25.0,8.33,20.16,28.5,6.0,2.0,4.84,6.84,8.0,2.67,6.45,9.12,6.0,2.0,4.84,6.84,7.0,2.33,5.65,7.98,22.0,7.33,17.74,25.08,7.0,2.33,5.65,7.98,19.0,6.33,15.32,21.66,10.0,3.33,8.06,11.4,13.0,4.33,10.48,14.82,6.0,2.0,4.84,6.84,2.0,0.67,1.61,2.28,5.0,1.67,4.03,5.7,11.0,3.67,8.87,12.54,33.87,39.52,-5.65,94.25,-7.0,-2.33,-5.65,31.58,10.53,0.39,0.42,0.43,0.24,0.75,0.17,0.87,0.27,0.76,0.53,4.84,1.61,0.04,8.87,0.17
2,新北中信特攻,44|48,黃泓瀚/李沛澄,4,39,43.0,518.65,8.64,08:39,129.66,2.16,02:10,24.0,6.0,55.81,99.95,21.0,5.25,48.84,87.46,13.0,3.25,30.23,54.14,8.0,2.0,18.6,33.32,8.0,2.0,18.6,33.32,7.0,1.75,16.28,29.15,5.0,1.25,11.63,20.82,1.0,0.25,2.33,4.16,7.0,1.75,16.28,29.15,7.0,1.75,16.28,29.15,1.0,0.25,2.33,4.16,3.0,0.75,6.98,12.49,2.0,0.5,4.65,8.33,5.0,1.25,11.63,20.82,4.0,1.0,9.3,16.66,5.0,1.25,11.63,20.82,3.0,0.75,6.98,12.49,1.0,0.25,2.33,4.16,5.0,1.25,11.63,20.82,0.0,0.0,0.0,0.0,55.81,48.84,6.98,119.39,3.0,0.75,6.98,8.64,2.16,0.65,0.75,0.88,0.2,1.0,0.2,0.62,0.17,0.6,0.36,6.98,2.33,0.12,0.0,0.54
2,新北中信特攻,44|10879,黃泓瀚/簡廷兆,9,134,161.0,2083.94,34.73,34:44,231.55,3.86,03:52,51.0,5.67,31.68,52.86,78.0,8.67,48.45,80.85,63.0,7.0,39.13,65.3,20.0,2.22,12.42,20.73,37.0,4.11,22.98,38.35,14.0,1.56,8.7,14.51,26.0,2.89,16.15,26.95,6.0,0.67,3.73,6.22,6.0,0.67,3.73,6.22,5.0,0.56,3.11,5.18,14.0,1.56,8.7,14.51,26.0,2.89,16.15,26.95,10.0,1.11,6.21,10.36,25.0,2.78,15.53,25.91,12.0,1.33,7.45,12.44,9.0,1.0,5.59,9.33,6.0,0.67,3.73,6.22,6.0,0.67,3.73,6.22,10.0,1.11,6.21,10.36,19.0,2.11,11.8,19.69,31.68,48.45,-16.77,111.25,-27.0,-3.0,-16.77,34.73,3.86,0.37,0.39,0.38,0.23,0.83,0.15,0.45,0.36,0.72,0.53,3.73,3.73,0.06,11.8,0.1
2,新北中信特攻,44|10881,黃泓瀚/飛克,17,406,477.0,6492.27,108.2,108:12,381.9,6.36,06:22,183.0,10.76,38.36,60.88,202.0,11.88,42.35,67.21,170.0,10.0,35.64,56.56,74.0,4.35,15.51,24.62,106.0,6.24,22.22,35.27,56.0,3.29,11.74,18.63,64.0,3.76,13.42,21.29,18.0,1.06,3.77,5.99,32.0,1.88,6.71,10.65,17.0,1.0,3.56,5.66,26.0,1.53,5.45,8.65,73.0,4.29,15.3,24.29,32.0,1.88,6.71,10.65,87.0,5.12,18.24,28.95,40.0,2.35,8.39,13.31,46.0,2.71,9.64,15.3,18.0,1.06,3.77,5.99,11.0,0.65,2.31,3.66,38.0,2.24,7.97,12.64,55.0,3.24,11.53,18.3,38.36,42.35,-3.98,105.8,-19.0,-1.12,-3.98,108.2,6.36,0.49,0.5,0.53,0.28,0.53,0.18,0.62,0.23,0.7,0.45,3.77,2.31,0.08,11.53,0.19
2,新北中信特攻,44|10882,黃泓瀚/霸夫,2,41,50.0,614.33,10.24,10:14,307.16,5.12,05:07,15.0,7.5,30.0,52.74,23.0,11.5,46.0,80.87,19.0,9.5,38.0,66.8,7.0,3.5,14.0,24.61,14.0,7.0,28.0,49.22,6.0,3.0,12.0,21.1,5.0,2.5,10.0,17.58,1.0,0.5,2.0,3.52,0.0,0.0,0.0,0.0,0.0,0.0,0.0,0.0,5.0,2.5,10.0,17.58,5.0,2.5,10.0,17.58,4.0,2.0,8.0,14.06,5.0,2.5,10.0,17.58,5.0,2.5,10.0,17.58,4.0,2.0,8.0,14.06,5.0,2.5,10.0,17.58,2.0,1.0,4.0,7.03,1.0,0.5,2.0,3.52,5.0,2.5,10.0,17.58,30.0,46.0,-16.0,117.2,-8.0,-4.0,-16.0,10.24,5.12,0.39,0.39,0.43,0.2,,0.21,0.57,0.5,0.56,0.53,10.0,4.0,0.02,10.0,0.0
2,新北中信特攻,39|44,魏嘉豪/黃泓瀚,14,134,158.0,2139.96,35.67,35:40,152.85,2.55,02:33,62.0,4.43,39.24,62.58,75.0,5.36,47.47,75.7,56.0,4.0,35.44,56.52,23.0,1.64,14.56,23.22,35.0,2.5,22.15,35.33,18.0,1.29,11.39,18.17,21.0,1.5,13.29,21.2,5.0,0.36,3.16,5.05,14.0,1.0,8.86,14.13,11.0,0.79,6.96,11.1,14.0,1.0,8.86,14.13,20.0,1.43,12.66,20.19,9.0,0.64,5.7,9.08,22.0,1.57,13.92,22.21,14.0,1.0,8.86,14.13,15.0,1.07,9.49,15.14,8.0,0.57,5.06,8.07,5.0,0.36,3.16,5.05,13.0,0.93,8.23,13.12,14.0,1.0,8.86,14.13,39.24,47.47,-8.23,106.32,-13.0,-0.93,-8.23,35.67,2.55,0.46,0.5,0.51,0.24,0.79,0.18,0.65,0.39,0.69,0.52,5.06,3.16,0.08,8.86,0.25
2,新北中信特攻,39|10882,魏嘉豪/霸夫,3,82,101.0,1426.76,23.78,23:47,475.58,7.93,07:56,43.0,14.33,42.57,65.1,46.0,15.33,45.54,69.64,39.0,13.0,38.61,59.04,16.0,5.33,15.84,24.22,28.0,9.33,27.72,42.39,12.0,4.0,11.88,18.17,11.0,3.67,10.89,16.65,4.0,1.33,3.96,6.06,8.0,2.67,7.92,12.11,7.0,2.33,6.93,10.6,13.0,4.33,12.87,19.68,11.0,3.67,10.89,16.65,3.0,1.0,2.97,4.54,12.0,4.0,11.88,18.17,10.0,3.33,9.9,15.14,9.0,3.0,8.91,13.63,9.0,3.0,8.91,13.63,2.0,0.67,1.98,3.03,6.0,2.0,5.94,9.08,9.0,3.0,8.91,13.63,42.57,45.54,-2.97,101.94,-3.0,-1.0,-2.97,23.78,7.93,0.46,0.51,0.43,0.36,0.88,0.19,0.56,0.52,0.79,0.62,8.91,1.98,0.06,8.91,0.21
2,新北中信特攻,40|44,謝亞軒/黃泓瀚,13,355,421.0,5704.67,95.08,95:05,438.82,7.31,07:19,162.0,12.46,38.48,61.34,169.0,13.0,40.14,63.99,155.0,11.92,36.82,58.69,65.0,5.0,15.44,24.61,99.0,7.62,23.52,37.49,50.0,3.85,11.88,18.93,56.0,4.31,13.3,21.2,15.0,1.15,3.56,5.68,34.0,2.62,8.08,12.87,17.0,1.31,4.04,6.44,29.0,2.23,6.89,10.98,65.0,5.0,15.44,24.61,26.0,2.0,6.18,9.84,76.0,5.85,18.05,28.78,34.0,2.62,8.08,12.87,42.0,3.23,9.98,15.9,15.0,1.15,3.56,5.68,13.0,1.0,3.09,4.92,33.0,2.54,7.84,12.5,51.0,3.92,12.11,19.31,38.48,40.14,-1.66,106.27,-7.0,-0.54,-1.66,95.08,7.31,0.47,0.48,0.51,0.27,0.5,0.17,0.65,0.28,0.71,0.48,3.56,3.09,0.08,12.11,0.22
2,新北中信特攻,40|10882,謝亞軒/霸夫,3,169,205.0,2901.24,48.35,48:21,967.08,16.12,16:07,74.0,24.67,36.1,55.09,84.0,28.0,40.98,62.54,74.0,24.67,36.1,55.09,27.0,9.0,13.17,20.1,35.0,11.67,17.07,26.06,16.0,5.33,7.8,11.91,39.0,13.0,19.02,29.04,11.0,3.67,5.37,8.19,16.0,5.33,7.8,11.91,9.0,3.0,4.39,6.7,14.0,4.67,6.83,10.42,34.0,11.33,16.59,25.31,17.0,5.67,8.29,12.66,25.0,8.33,12.2,18.61,18.0,6.0,8.78,13.4,18.0,6.0,8.78,13.4,11.0,3.67,5.37,8.19,5.0,1.67,2.44,3.72,19.0,6.33,9.27,14.15,32.0,10.67,15.61,23.82,36.1,40.98,-4.88,101.75,-10.0,-3.33,-4.88,48.35,16.12,0.44,0.46,0.46,0.28,0.56,0.18,0.67,0.36,0.67,0.53,5.37,2.44,0.09,15.61,0.22
2,新北中信特攻,44|10880,黃泓瀚/內馬,12,316,376.0,4707.36,78.46,78:27,392.28,6.54,06:32,161.0,13.42,42.82,73.88,194.0,16.17,51.6,89.02,136.0,11.33,36.17,62.4,59.0,4.92,15.69,27.07,83.0,6.92,22.07,38.09,46.0,3.83,12.23,21.11,53.0,4.42,14.1,24.32,13.0,1.08,3.46,5.97,47.0,3.92,12.5,21.57,32.0,2.67,8.51,14.68,32.0,2.67,8.51,14.68,51.0,4.25,13.56,23.4,20.0,1.67,5.32,9.18,56.0,4.67,14.89,25.7,27.0,2.25,7.18,12.39,39.0,3.25,10.37,17.9,12.0,1.0,3.19,5.51,13.0,1.08,3.46,5.97,36.0,3.0,9.57,16.52,37.0,3.08,9.84,16.98,42.82,51.6,-8.78,115.02,-33.0,-2.75,-8.78,78.46,6.54,0.48,0.51,0.55,0.25,0.68,0.15,0.66,0.36,0.72,0.52,3.19,3.46,0.1,9.84,0.35
2,新北中信特攻,10880|10882,內馬/霸夫,3,121,153.0,2015.32,33.59,33:35,671.77,11.2,11:12,58.0,19.33,37.91,62.16,64.0,21.33,41.83,68.59,52.0,17.33,33.99,55.73,20.0,6.67,13.07,21.44,30.0,10.0,19.61,32.15,13.0,4.33,8.5,13.93,22.0,7.33,14.38,23.58,7.0,2.33,4.58,7.5,16.0,5.33,10.46,17.15,11.0,3.67,7.19,11.79,12.0,4.0,7.84,12.86,23.0,7.67,15.03,24.65,17.0,5.67,11.11,18.22,21.0,7.0,13.73,22.51,14.0,4.67,9.15,15.01,10.0,3.33,6.54,10.72,11.0,3.67,7.19,11.79,3.0,1.0,1.96,3.22,16.0,5.33,10.46,17.15,24.0,8.0,15.69,25.72,37.91,41.83,-3.92,109.32,-6.0,-2.0,-3.92,33.59,11.2,0.45,0.49,0.43,0.32,0.69,0.19,0.5,0.36,0.57,0.48,7.19,1.96,0.1,15.69,0.31
2,新北國王,24|26,蘇士軒/洪志善,3,35,48.0,641.68,10.69,10:42,213.89,3.56,03:34,19.0,6.33,39.58,63.96,17.0,5.67,35.42,57.23,17.0,5.67,35.42,57.23,4.0,1.33,8.33,13.46,8.0,2.67,16.67,26.93,3.0,1.0,6.25,10.1,9.0,3.0,18.75,30.3,1.0,0.33,2.08,3.37,11.0,3.67,22.92,37.03,10.0,3.33,20.83,33.66,5.0,1.67,10.42,16.83,8.0,2.67,16.67,26.93,5.0,1.67,10.42,16.83,5.0,1.67,10.42,16.83,2.0,0.67,4.17,6.73,2.0,0.67,4.17,6.73,2.0,0.67,4.17,6.73,1.0,0.33,2.08,3.37,8.0,2.67,16.67,26.93,6.0,2.0,12.5,20.2,39.58,35.42,4.17,107.72,2.0,0.67,4.17,10.69,3.56,0.26,0.43,0.38,0.11,0.91,0.08,0.5,0.5,0.62,0.57,4.17,2.08,0.17,12.5,0.65
2,新北國王,26|29,洪志善/林書緯,2,63,86.0,1058.47,17.64,17:38,529.23,8.82,08:49,43.0,21.5,50.0,87.75,45.0,22.5,52.33,91.83,36.0,18.0,41.86,73.46,18.0,9.0,20.93,36.73,21.0,10.5,24.42,42.85,13.0,6.5,15.12,26.53,15.0,7.5,17.44,30.61,5.0,2.5,5.81,10.2,5.0,2.5,5.81,10.2,2.0,1.0,2.33,4.08,12.0,6.0,13.95,24.49,7.0,3.5,8.14,14.28,7.0,3.5,8.14,14.28,3.0,1.5,3.49,6.12,5.0,2.5,5.81,10.2,13.0,6.5,15.12,26.53,2.0,1.0,2.33,4.08,3.0,1.5,3.49,6.12,10.0,5.0,11.63,20.41,14.0,7.0,16.28,28.57,50.0,52.33,-2.33,117.0,-2.0,-1.0,-2.33,17.64,8.82,0.57,0.56,0.62,0.33,0.4,0.12,0.72,0.8,0.5,0.66,2.33,3.49,0.12,16.28,0.14
2,新北中信特攻,40|47,謝亞軒/曾文鼎,11,304,358.0,4981.49,83.02,83:01,452.86,7.55,07:33,171.0,15.55,47.77,74.15,163.0,14.82,45.53,70.68,133.0,12.09,37.15,57.67,64.0,5.82,17.88,27.75,65.0,5.91,18.16,28.18,36.0,3.27,10.06,15.61,68.0,6.18,18.99,29.49,28.0,2.55,7.82,12.14,29.0,2.64,8.1,12.57,15.0,1.36,4.19,6.5,23.0,2.09,6.42,9.97,48.0,4.36,13.41,20.81,19.0,1.73,5.31,8.24,52.0,4.73,14.53,22.55,32.0,2.91,8.94,13.88,46.0,4.18,12.85,19.95,14.0,1.27,3.91,6.07,6.0,0.55,1.68,2.6,30.0,2.73,8.38,13.01,34.0,3.09,9.5,14.74,47.77,45.53,2.23,103.49,8.0,0.73,2.23,83.02,7.55,0.59,0.59,0.55,0.41,0.52,0.18,0.72,0.31,0.72,0.5,3.91,1.68,0.08,9.5,0.22
2,新北中信特攻,40|10879,謝亞軒/簡廷兆,17,342,435.0,5750.06,95.83,95:50,338.24,5.64,05:38,169.0,9.94,38.85,63.48,176.0,10.35,40.46,66.11,153.0,9.0,35.17,57.47,63.0,3.71,14.48,23.67,91.0,5.35,20.92,34.18,45.0,2.65,10.34,16.9,62.0,3.65,14.25,23.29,18.0,1.06,4.14,6.76,46.0,2.71,10.57,17.28,30.0,1.76,6.9,11.27,36.0,2.12,8.28,13.52,60.0,3.53,13.79,22.54,37.0,2.18,8.51,13.9,61.0,3.59,14.02,22.91,37.0,2.18,8.51,13.9,39.0,2.29,8.97,14.65,17.0,1.0,3.91,6.39,9.0,0.53,2.07,3.38,46.0,2.71,10.57,17.28,51.0,3.0,11.72,19.16,38.85,40.46,-1.61,108.94,-7.0,-0.41,-1.61,95.83,5.64,0.47,0.49,0.49,0.29,0.65,0.18,0.62,0.37,0.62,0.49,3.91,2.07,0.11,11.72,0.3
2,新北中信特攻,47|10880,曾文鼎/內馬,12,246,289.0,4016.15,66.94,66:56,334.68,5.58,05:35,151.0,12.58,52.25,81.21,122.0,10.17,42.21,65.62,109.0,9.08,37.72,58.62,54.0,4.5,18.69,29.04,57.0,4.75,19.72,30.66,31.0,2.58,10.73,16.67,52.0,4.33,17.99,27.97,23.0,1.92,7.96,12.37,34.0,2.83,11.76,18.29,20.0,1.67,6.92,10.76,17.0,1.42,5.88,9.14,42.0,3.5,14.53,22.59,20.0,1.67,6.92,10.76,47.0,3.92,16.26,25.28,19.0,1.58,6.57,10.22,42.0,3.5,14.53,22.59,9.0,0.75,3.11,4.84,6.0,0.5,2.08,3.23,27.0,2.25,9.34,14.52,22.0,1.83,7.61,11.83,52.25,42.21,10.03,103.62,29.0,2.42,10.03,66.94,5.58,0.6,0.61,0.54,0.44,0.59,0.13,0.78,0.27,0.68,0.47,3.11,2.08,0.09,7.61,0.31
2,新北中信特攻,10879|10880,簡廷兆/內馬,16,556,709.0,9300.42,155.01,155:00,581.28,9.69,09:41,258.0,16.12,36.39,59.92,308.0,19.25,43.44,71.53,270.0,16.88,38.08,62.71,98.0,6.12,13.82,22.76,145.0,9.06,20.45,33.68,70.0,4.38,9.87,16.26,125.0,7.81,17.63,29.03,28.0,1.75,3.95,6.5,60.0,3.75,8.46,13.93,35.0,2.19,4.94,8.13,58.0,3.62,8.18,13.47,120.0,7.5,16.93,27.87,56.0,3.5,7.9,13.01,96.0,6.0,13.54,22.3,46.0,2.88,6.49,10.68,59.0,3.69,8.32,13.7,21.0,1.31,2.96,4.88,8.0,0.5,1.13,1.86,59.0,3.69,8.32,13.7,82.0,5.12,11.57,19.04,36.39,43.44,-7.05,109.78,-50.0,-3.12,-7.05,155.01,9.69,0.41,0.44,0.48,0.22,0.58,0.13,0.6,0.38,0.68,0.54,2.96,1.13,0.08,11.57,0.22
2,新北中信特攻,10877|10882,阿巴西/霸夫,2,58,67.0,907.83,15.13,15:08,453.92,7.57,07:34,23.0,11.5,34.33,54.72,29.0,14.5,43.28,69.0,24.0,12.0,35.82,57.1,7.0,3.5,10.45,16.66,9.0,4.5,13.43,21.41,2.0,1.0,2.99,4.76,15.0,7.5,22.39,35.69,5.0,2.5,7.46,11.9,7.0,3.5,10.45,16.66,4.0,2.0,5.97,9.52,2.0,1.0,2.99,4.76,15.0,7.5,22.39,35.69,5.0,2.5,7.46,11.9,7.0,3.5,10.45,16.66,7.0,3.5,10.45,16.66,7.0,3.5,10.45,16.66,5.0,2.5,7.46,11.9,2.0,1.0,2.99,4.76,5.0,2.5,7.46,11.9,9.0,4.5,13.43,21.41,34.33,43.28,-8.96,106.28,-6.0,-3.0,-8.96,15.13,7.57,0.4,0.42,0.22,0.33,0.57,0.21,1.0,0.22,0.75,0.59,7.46,2.99,0.07,13.43,0.29
2,新北中信特攻,113|10877,林任鴻/阿巴西,8,163,210.0,2671.56,44.53,44:32,333.95,5.57,05:34,74.0,9.25,35.24,59.83,85.0,10.62,40.48,68.72,70.0,8.75,33.33,56.6,27.0,3.38,12.86,21.83,40.0,5.0,19.05,32.34,19.0,2.38,9.05,15.36,30.0,3.75,14.29,24.26,8.0,1.0,3.81,6.47,27.0,3.38,12.86,21.83,12.0,1.5,5.71,9.7,19.0,2.38,9.05,15.36,30.0,3.75,14.29,24.26,16.0,2.0,7.62,12.94,34.0,4.25,16.19,27.49,22.0,2.75,10.48,17.79,20.0,2.5,9.52,16.17,14.0,1.75,6.67,11.32,0.0,0.0,0.0,0.0,14.0,1.75,6.67,11.32,14.0,1.75,6.67,11.32,35.24,40.48,-5.24,113.19,-11.0,-1.38,-5.24,44.53,5.57,0.44,0.45,0.48,0.27,0.44,0.21,0.74,0.36,0.65,0.49,6.67,0.0,0.07,6.67,0.39
2,新北中信特攻,113|10879,林任鴻/簡廷兆,8,134,173.0,2283.48,38.06,38:03,285.43,4.76,04:45,56.0,7.0,32.37,52.97,75.0,9.38,43.35,70.94,62.0,7.75,35.84,58.65,22.0,2.75,12.72,20.81,32.0,4.0,18.5,30.27,17.0,2.12,9.83,16.08,30.0,3.75,17.34,28.38,5.0,0.62,2.89,4.73,13.0,1.62,7.51,12.3,7.0,0.88,4.05,6.62,11.0,1.38,6.36,10.41,31.0,3.88,17.92,29.32,18.0,2.25,10.4,17.03,24.0,3.0,13.87,22.7,12.0,1.5,6.94,11.35,10.0,1.25,5.78,9.46,8.0,1.0,4.62,7.57,1.0,0.12,0.58,0.95,10.0,1.25,5.78,9.46,17.0,2.12,9.83,16.08,32.37,43.35,-10.98,109.1,-19.0,-2.38,-10.98,38.06,4.76,0.4,0.41,0.53,0.17,0.54,0.15,0.45,0.31,0.63,0.5,4.62,0.58,0.06,9.83,0.21
2,新北中信特攻,113|10881,林任鴻/飛克,14,225,287.0,3611.34,60.19,60:11,257.95,4.3,04:18,95.0,6.79,33.1,56.82,125.0,8.93,43.55,74.76,99.0,7.07,34.49,59.21,37.0,2.64,12.89,22.13,63.0,4.5,21.95,37.68,30.0,2.14,10.45,17.94,36.0,2.57,12.54,21.53,7.0,0.5,2.44,4.19,30.0,2.14,10.45,17.94,14.0,1.0,4.88,8.37,27.0,1.93,9.41,16.15,42.0,3.0,14.63,25.12,20.0,1.43,6.97,11.96,41.0,2.93,14.29,24.52,26.0,1.86,9.06,15.55,25.0,1.79,8.71,14.95,17.0,1.21,5.92,10.17,0.0,0.0,0.0,0.0,19.0,1.36,6.62,11.36,28.0,2.0,9.76,16.75,33.1,43.55,-10.45,114.44,-30.0,-2.14,-10.45,60.19,4.3,0.41,0.42,0.48,0.19,0.47,0.19,0.68,0.4,0.68,0.53,5.92,0.0,0.07,9.76,0.3
2,新北中信特攻,113|10882,林任鴻/霸夫,3,68,83.0,1019.68,16.99,17:00,339.89,5.66,05:40,28.0,9.33,33.73,59.31,47.0,15.67,56.63,99.56,29.0,9.67,34.94,61.43,11.0,3.67,13.25,23.3,13.0,4.33,15.66,27.54,7.0,2.33,8.43,14.83,16.0,5.33,19.28,33.89,4.0,1.33,4.82,8.47,5.0,1.67,6.02,10.59,2.0,0.67,2.41,4.24,5.0,1.67,6.02,10.59,15.0,5.0,18.07,31.77,7.0,2.33,8.43,14.83,9.0,3.0,10.84,19.06,6.0,2.0,7.23,12.71,6.0,2.0,7.23,12.71,5.0,1.67,6.02,10.59,0.0,0.0,0.0,0.0,6.0,2.0,7.23,12.71,6.0,2.0,7.23,12.71,33.73,56.63,-22.89,117.21,-19.0,-6.33,-22.89,16.99,5.66,0.45,0.45,0.54,0.25,0.4,0.16,0.55,0.36,0.68,0.56,6.02,0.0,0.07,7.23,0.17
2,新北中信特攻,48|113,李沛澄/林任鴻,2,20,22.0,304.09,5.07,05:04,152.05,2.53,02:32,8.0,4.0,36.36,56.82,20.0,10.0,90.91,142.06,7.0,3.5,31.82,49.72,3.0,1.5,13.64,21.31,2.0,1.0,9.09,14.21,2.0,1.0,9.09,14.21,5.0,2.5,22.73,35.52,1.0,0.5,4.55,7.1,2.0,1.0,9.09,14.21,1.0,0.5,4.55,7.1,0.0,0.0,0.0,0.0,5.0,2.5,22.73,35.52,2.0,1.0,9.09,14.21,1.0,0.5,4.55,7.1,2.0,1.0,9.09,14.21,3.0,1.5,13.64,21.31,2.0,1.0,9.09,14.21,0.0,0.0,0.0,0.0,2.0,1.0,9.09,14.21,1.0,0.5,4.55,7.1,36.36,90.91,-54.55,104.18,-12.0,-6.0,-54.55,5.07,2.53,0.5,0.51,1.0,0.2,0.5,0.2,1.0,0.0,0.71,0.62,9.09,0.0,0.09,4.55,0.29
2,新北中信特攻,40|113,謝亞軒/林任鴻,10,170,207.0,2653.35,44.22,44:13,265.33,4.42,04:25,72.0,7.2,34.78,58.61,91.0,9.1,43.96,74.08,69.0,6.9,33.33,56.17,26.0,2.6,12.56,21.17,37.0,3.7,17.87,30.12,18.0,1.8,8.7,14.65,32.0,3.2,15.46,26.05,8.0,0.8,3.86,6.51,26.0,2.6,12.56,21.17,12.0,1.2,5.8,9.77,15.0,1.5,7.25,12.21,36.0,3.6,17.39,29.31,16.0,1.6,7.73,13.03,30.0,3.0,14.49,24.42,18.0,1.8,8.7,14.65,17.0,1.7,8.21,13.84,10.0,1.0,4.83,8.14,2.0,0.2,0.97,1.63,22.0,2.2,10.63,17.91,23.0,2.3,11.11,18.72,34.78,43.96,-9.18,112.34,-19.0,-1.9,-9.18,44.22,4.42,0.43,0.45,0.49,0.25,0.46,0.18,0.65,0.33,0.69,0.53,4.83,0.97,0.11,11.11,0.38
2,新北中信特攻,113|10880,林任鴻/內馬,12,303,384.0,4845.63,80.76,80:46,403.8,6.73,06:44,126.0,10.5,32.81,56.17,171.0,14.25,44.53,76.23,133.0,11.08,34.64,59.29,46.0,3.83,11.98,20.51,71.0,5.92,18.49,31.65,33.0,2.75,8.59,14.71,62.0,5.17,16.15,27.64,13.0,1.08,3.39,5.79,43.0,3.58,11.2,19.17,21.0,1.75,5.47,9.36,30.0,2.5,7.81,13.37,66.0,5.5,17.19,29.42,34.0,2.83,8.85,15.16,54.0,4.5,14.06,24.07,31.0,2.58,8.07,13.82,29.0,2.42,7.55,12.93,20.0,1.67,5.21,8.92,2.0,0.17,0.52,0.89,31.0,2.58,8.07,13.82,32.0,2.67,8.33,14.26,32.81,44.53,-11.72,114.12,-45.0,-3.75,-11.72,80.76,6.73,0.39,0.41,0.46,0.21,0.49,0.17,0.63,0.36,0.66,0.52,5.21,0.52,0.08,8.33,0.32
2,新北國王,19|21,蘇培凱/李愷諺,2,9,10.0,92.26,1.54,01:32,46.13,0.77,00:46,5.0,2.5,50.0,117.07,1.0,0.5,10.0,23.41,2.0,1.0,20.0,46.83,1.0,0.5,10.0,23.41,2.0,1.0,20.0,46.83,1.0,0.5,10.0,23.41,0.0,0.0,0.0,0.0,0.0,0.0,0.0,0.0,3.0,1.5,30.0,70.24,3.0,1.5,30.0,70.24,1.0,0.5,10.0,23.41,0.0,0.0,0.0,0.0,0.0,0.0,0.0,0.0,3.0,1.5,30.0,70.24,2.0,1.0,20.0,46.83,0.0,0.0,0.0,0.0,1.0,0.5,10.0,23.41,0.0,0.0,0.0,0.0,2.0,1.0,20.0,46.83,2.0,1.0,20.0,46.83,50.0,10.0,40.0,156.09,4.0,2.0,40.0,1.54,0.77,0.5,0.75,0.5,,1.0,0.38,0.0,0.25,,0.25,10.0,0.0,0.2,20.0,1.5
2,新北國王,19|24,蘇培凱/蘇士軒,2,8,9.0,91.28,1.52,01:31,45.64,0.76,00:46,3.0,1.5,33.33,70.99,1.0,0.5,11.11,23.66,2.0,1.0,22.22,47.33,1.0,0.5,11.11,23.66,2.0,1.0,22.22,47.33,1.0,0.5,11.11,23.66,0.0,0.0,0.0,0.0,0.0,0.0,0.0,0.0,1.0,0.5,11.11,23.66,1.0,0.5,11.11,23.66,1.0,0.5,11.11,23.66,0.0,0.0,0.0,0.0,0.0,0.0,0.0,0.0,3.0,1.5,33.33,70.99,2.0,1.0,22.22,47.33,0.0,0.0,0.0,0.0,1.0,0.5,11.11,23.66,0.0,0.0,0.0,0.0,2.0,1.0,22.22,47.33,2.0,1.0,22.22,47.33,33.33,11.11,22.22,141.99,2.0,1.0,22.22,1.52,0.76,0.5,0.61,0.5,,1.0,0.45,0.0,0.25,,0.25,11.11,0.0,0.22,22.22,0.5
2,新北中信特攻,44|10877,黃泓瀚/阿巴西,14,301,351.0,4593.8,76.56,76:34,328.13,5.47,05:28,140.0,10.0,39.89,65.83,174.0,12.43,49.57,81.81,124.0,8.86,35.33,58.3,54.0,3.86,15.38,25.39,78.0,5.57,22.22,36.68,39.0,2.79,11.11,18.34,46.0,3.29,13.11,21.63,15.0,1.07,4.27,7.05,32.0,2.29,9.12,15.05,17.0,1.21,4.84,7.99,20.0,1.43,5.7,9.4,53.0,3.79,15.1,24.92,22.0,1.57,6.27,10.34,62.0,4.43,17.66,29.15,28.0,2.0,7.98,13.17,30.0,2.14,8.55,14.11,12.0,0.86,3.42,5.64,7.0,0.5,1.99,3.29,25.0,1.79,7.12,11.75,32.0,2.29,9.12,15.05,39.89,49.57,-9.69,110.03,-34.0,-2.43,-9.69,76.56,5.47,0.5,0.51,0.5,0.33,0.53,0.17,0.56,0.24,0.71,0.46,3.42,1.99,0.07,9.12,0.26
2,新北國王,22|10874,簡祐哲/熊祥泰,8,73,98.0,1311.64,21.86,21:52,163.96,2.73,02:44,37.0,4.62,37.76,60.93,33.0,4.12,33.67,54.34,40.0,5.0,40.82,65.87,14.0,1.75,14.29,23.06,22.0,2.75,22.45,36.23,9.0,1.12,9.18,14.82,18.0,2.25,18.37,29.64,5.0,0.62,5.1,8.23,4.0,0.5,4.08,6.59,4.0,0.5,4.08,6.59,11.0,1.38,11.22,18.11,14.0,1.75,14.29,23.06,10.0,1.25,10.2,16.47,11.0,1.38,11.22,18.11,4.0,0.5,4.08,6.59,6.0,0.75,6.12,9.88,3.0,0.38,3.06,4.94,1.0,0.12,1.02,1.65,8.0,1.0,8.16,13.17,12.0,1.5,12.24,19.76,37.76,33.67,4.08,107.59,4.0,0.5,4.08,21.86,2.73,0.41,0.44,0.41,0.28,1.0,0.09,0.43,0.5,0.58,0.54,3.06,1.02,0.08,12.24,0.1
2,新北國王,22|25,簡祐哲/林金榜,5,158,187.0,2670.32,44.51,44:30,534.06,8.9,08:54,72.0,14.4,38.5,58.24,87.0,17.4,46.52,70.37,63.0,12.6,33.69,50.96,25.0,5.0,13.37,20.22,36.0,7.2,19.25,29.12,18.0,3.6,9.63,14.56,27.0,5.4,14.44,21.84,7.0,1.4,3.74,5.66,22.0,4.4,11.76,17.8,15.0,3.0,8.02,12.13,14.0,2.8,7.49,11.32,29.0,5.8,15.51,23.46,16.0,3.2,8.56,12.94,27.0,5.4,14.44,21.84,18.0,3.6,9.63,14.56,16.0,3.2,8.56,12.94,13.0,2.6,6.95,10.52,3.0,0.6,1.6,2.43,17.0,3.4,9.09,13.75,17.0,3.4,9.09,13.75,38.5,46.52,-8.02,100.84,-15.0,-3.0,-8.02,44.51,8.9,0.45,0.5,0.5,0.26,0.68,0.2,0.64,0.34,0.64,0.5,6.95,1.6,0.09,9.09,0.35
2,新北國王,25|34,林金榜/沃許本,8,151,179.0,2683.82,44.73,44:44,335.48,5.59,05:35,64.0,8.0,35.75,51.51,80.0,10.0,44.69,64.39,57.0,7.12,31.84,45.87,20.0,2.5,11.17,16.1,28.0,3.5,15.64,22.54,13.0,1.62,7.26,10.46,29.0,3.62,16.2,23.34,7.0,0.88,3.91,5.63,21.0,2.62,11.73,16.9,17.0,2.12,9.5,13.68,10.0,1.25,5.59,8.05,30.0,3.75,16.76,24.14,15.0,1.88,8.38,12.07,31.0,3.88,17.32,24.95,12.0,1.5,6.7,9.66,16.0,2.0,8.94,12.88,8.0,1.0,4.47,6.44,2.0,0.25,1.12,1.61,15.0,1.88,8.38,12.07,9.0,1.12,5.03,7.24,35.75,44.69,-8.94,96.04,-16.0,-2.0,-8.94,44.73,5.59,0.41,0.48,0.46,0.24,0.81,0.15,0.8,0.24,0.67,0.47,4.47,1.12,0.08,5.03,0.37
2,新北國王,23|34,王柏智/沃許本,3,11,12.0,239.63,3.99,04:00,79.88,1.33,01:20,2.0,0.67,16.67,18.03,10.0,3.33,83.33,90.14,3.0,1.0,25.0,27.04,0.0,0.0,0.0,0.0,1.0,0.33,8.33,9.01,0.0,0.0,0.0,0.0,2.0,0.67,16.67,18.03,0.0,0.0,0.0,0.0,2.0,0.67,16.67,18.03,2.0,0.67,16.67,18.03,0.0,0.0,0.0,0.0,3.0,1.0,25.0,27.04,0.0,0.0,0.0,0.0,1.0,0.33,8.33,9.01,2.0,0.67,16.67,18.03,0.0,0.0,0.0,0.0,1.0,0.33,8.33,9.01,1.0,0.33,8.33,9.01,3.0,1.0,25.0,27.04,2.0,0.67,16.67,18.03,16.67,83.33,-66.67,72.11,-8.0,-2.67,-66.67,3.99,1.33,0.0,0.26,0.0,0.0,1.0,0.34,,0.0,1.0,0.75,8.33,8.33,0.25,16.67,0.67
2,新北國王,23|10875,王柏智/傑登,10,129,146.0,2038.11,33.97,33:58,203.81,3.4,03:24,82.0,8.2,56.16,86.9,78.0,7.8,53.42,82.66,59.0,5.9,40.41,62.53,31.0,3.1,21.23,32.85,31.0,3.1,21.23,32.85,21.0,2.1,14.38,22.26,28.0,2.8,19.18,29.67,10.0,1.0,6.85,10.6,16.0,1.6,10.96,16.96,11.0,1.1,7.53,11.66,7.0,0.7,4.79,7.42,22.0,2.2,15.07,23.32,9.0,0.9,6.16,9.54,20.0,2.0,13.7,21.2,7.0,0.7,4.79,7.42,13.0,1.3,8.9,13.78,5.0,0.5,3.42,5.3,0.0,0.0,0.0,0.0,13.0,1.3,8.9,13.78,23.0,2.3,15.75,24.38,56.16,53.42,2.74,103.15,4.0,0.4,2.74,33.97,3.4,0.61,0.62,0.68,0.36,0.69,0.1,0.42,0.26,0.71,0.5,3.42,0.0,0.09,15.75,0.27
2,新北國王,22|10871,簡祐哲/鍾理翔,1,10,14.0,199.21,3.32,03:19,199.21,3.32,03:19,9.0,9.0,64.29,97.59,4.0,4.0,28.57,43.37,6.0,6.0,42.86,65.06,3.0,3.0,21.43,32.53,2.0,2.0,14.29,21.69,2.0,2.0,14.29,21.69,4.0,4.0,28.57,43.37,1.0,1.0,7.14,10.84,4.0,4.0,28.57,43.37,2.0,2.0,14.29,21.69,2.0,2.0,14.29,21.69,3.0,3.0,21.43,32.53,1.0,1.0,7.14,10.84,2.0,2.0,14.29,21.69,0.0,0.0,0.0,0.0,2.0,2.0,14.29,21.69,0.0,0.0,0.0,0.0,0.0,0.0,0.0,0.0,1.0,1.0,7.14,10.84,0.0,0.0,0.0,0.0,64.29,28.57,35.71,101.2,5.0,5.0,35.71,3.32,3.32,0.58,0.58,1.0,0.25,0.5,0.0,0.67,0.5,0.75,0.62,0.0,0.0,0.07,0.0,0.67
2,新北國王,10871|10872,鍾理翔/林彥廷,5,50,68.0,831.8,13.86,13:52,166.36,2.77,02:46,27.0,5.4,39.71,70.11,19.0,3.8,27.94,49.34,22.0,4.4,32.35,57.13,8.0,1.6,11.76,20.77,9.0,1.8,13.24,23.37,6.0,1.2,8.82,15.58,13.0,2.6,19.12,33.76,2.0,0.4,2.94,5.19,18.0,3.6,26.47,46.74,9.0,1.8,13.24,23.37,8.0,1.6,11.76,20.77,12.0,2.4,17.65,31.16,4.0,0.8,5.88,10.39,8.0,1.6,11.76,20.77,5.0,1.0,7.35,12.98,2.0,0.4,2.94,5.19,3.0,0.6,4.41,7.79,0.0,0.0,0.0,0.0,9.0,1.8,13.24,23.37,7.0,1.4,10.29,18.18,39.71,27.94,11.76,117.72,8.0,1.6,11.76,13.86,2.77,0.41,0.45,0.67,0.15,0.5,0.14,0.25,0.5,0.75,0.62,4.41,0.0,0.13,10.29,0.82
2,新北國王,10871|10875,鍾理翔/傑登,3,17,21.0,287.31,4.79,04:47,95.77,1.6,01:36,16.0,5.33,76.19,120.29,10.0,3.33,47.62,75.18,7.0,2.33,33.33,52.63,5.0,1.67,23.81,37.59,5.0,1.67,23.81,37.59,4.0,1.33,19.05,30.07,2.0,0.67,9.52,15.04,1.0,0.33,4.76,7.52,11.0,3.67,52.38,82.7,5.0,1.67,23.81,37.59,2.0,0.67,9.52,15.04,1.0,0.33,4.76,7.52,1.0,0.33,4.76,7.52,1.0,0.33,4.76,7.52,0.0,0.0,0.0,0.0,2.0,0.67,9.52,15.04,0.0,0.0,0.0,0.0,0.0,0.0,0.0,0.0,3.0,1.0,14.29,22.55,4.0,1.33,19.05,30.07,76.19,47.62,28.57,105.25,6.0,2.0,28.57,4.79,1.6,0.79,0.68,0.8,0.5,0.45,0.0,0.4,0.67,0.5,0.6,0.0,0.0,0.14,19.05,1.57
2,新北國王,10871|10876,鍾理翔/尚迪,1,4,7.0,91.85,1.53,01:32,91.85,1.53,01:32,2.0,2.0,28.57,47.03,2.0,2.0,28.57,47.03,2.0,2.0,28.57,47.03,0.0,0.0,0.0,0.0,0.0,0.0,0.0,0.0,0.0,0.0,0.0,0.0,2.0,2.0,28.57,47.03,0.0,0.0,0.0,0.0,4.0,4.0,57.14,94.06,2.0,2.0,28.57,47.03,1.0,1.0,14.29,23.52,3.0,3.0,42.86,70.55,1.0,1.0,14.29,23.52,1.0,1.0,14.29,23.52,0.0,0.0,0.0,0.0,0.0,0.0,0.0,0.0,0.0,0.0,0.0,0.0,0.0,0.0,0.0,0.0,1.0,1.0,14.29,23.52,0.0,0.0,0.0,0.0,28.57,28.57,0.0,109.74,0.0,0.0,0.0,1.53,1.53,0.0,0.27,,0.0,0.5,0.0,,0.5,0.75,0.67,0.0,0.0,0.14,0.0,2.0
2,新北國王,23|10871,王柏智/鍾理翔,4,41,58.0,653.74,10.9,10:54,163.43,2.72,02:43,18.0,4.5,31.03,59.47,15.0,3.75,25.86,49.56,19.0,4.75,32.76,62.78,6.0,1.5,10.34,19.82,6.0,1.5,10.34,19.82,4.0,1.0,6.9,13.22,13.0,3.25,22.41,42.95,2.0,0.5,3.45,6.61,13.0,3.25,22.41,42.95,4.0,1.0,6.9,13.22,7.0,1.75,12.07,23.13,11.0,2.75,18.97,36.34,3.0,0.75,5.17,9.91,8.0,2.0,13.79,26.43,5.0,1.25,8.62,16.52,2.0,0.5,3.45,6.61,3.0,0.75,5.17,9.91,0.0,0.0,0.0,0.0,6.0,1.5,10.34,19.82,7.0,1.75,12.07,23.13,31.03,25.86,5.17,127.76,3.0,0.75,5.17,10.9,2.72,0.37,0.36,0.67,0.15,0.31,0.17,0.33,0.47,0.79,0.62,5.17,0.0,0.1,12.07,0.68
2,新北中信特攻,44|113,黃泓瀚/林任鴻,9,40,48.0,636.97,10.62,10:37,70.77,1.18,01:11,13.0,1.44,27.08,44.08,30.0,3.33,62.5,101.73,17.0,1.89,35.42,57.65,6.0,0.67,12.5,20.35,9.0,1.0,18.75,30.52,5.0,0.56,10.42,16.96,8.0,0.89,16.67,27.13,1.0,0.11,2.08,3.39,0.0,0.0,0.0,0.0,0.0,0.0,0.0,0.0,4.0,0.44,8.33,13.56,6.0,0.67,12.5,20.35,4.0,0.44,8.33,13.56,5.0,0.56,10.42,16.96,4.0,0.44,8.33,13.56,3.0,0.33,6.25,10.17,2.0,0.22,4.17,6.78,1.0,0.11,2.08,3.39,1.0,0.11,2.08,3.39,4.0,0.44,8.33,13.56,27.08,62.5,-35.42,108.51,-17.0,-1.89,-35.42,10.62,1.18,0.38,0.38,0.56,0.12,,0.19,0.5,0.44,0.6,0.53,4.17,2.08,0.02,8.33,0.0
2,新北中信特攻,48|10880,李沛澄/內馬,7,177,204.0,2663.46,44.39,44:23,380.49,6.34,06:20,111.0,15.86,54.41,90.02,97.0,13.86,47.55,78.66,74.0,10.57,36.27,60.01,37.0,5.29,18.14,30.01,42.0,6.0,20.59,34.06,27.0,3.86,13.24,21.9,32.0,4.57,15.69,25.95,10.0,1.43,4.9,8.11,32.0,4.57,15.69,25.95,27.0,3.86,13.24,21.9,13.0,1.86,6.37,10.54,23.0,3.29,11.27,18.65,8.0,1.14,3.92,6.49,22.0,3.14,10.78,17.84,16.0,2.29,7.84,12.98,17.0,2.43,8.33,13.79,12.0,1.71,5.88,9.73,2.0,0.29,0.98,1.62,23.0,3.29,11.27,18.65,19.0,2.71,9.31,15.41,54.41,47.55,6.86,110.29,14.0,2.0,6.86,44.39,6.34,0.57,0.63,0.64,0.31,0.84,0.15,0.46,0.37,0.74,0.55,5.88,0.98,0.11,9.31,0.43
2,臺北台新戰神,4|5,張兆辰/黃聰翰,7,182,216.0,3027.74,50.46,50:28,432.53,7.21,07:13,90.0,12.86,41.67,64.21,90.0,12.86,41.67,64.21,78.0,11.14,36.11,55.65,37.0,5.29,17.13,26.4,45.0,6.43,20.83,32.1,25.0,3.57,11.57,17.84,33.0,4.71,15.28,23.54,12.0,1.71,5.56,8.56,6.0,0.86,2.78,4.28,4.0,0.57,1.85,2.85,15.0,2.14,6.94,10.7,28.0,4.0,12.96,19.98,11.0,1.57,5.09,7.85,32.0,4.57,14.81,22.83,23.0,3.29,10.65,16.41,17.0,2.43,7.87,12.13,13.0,1.86,6.02,9.27,2.0,0.29,0.93,1.43,16.0,2.29,7.41,11.41,34.0,4.86,15.74,24.26,41.67,41.67,0.0,102.73,0.0,0.0,0.0,50.46,7.21,0.55,0.56,0.56,0.36,0.67,0.22,0.46,0.32,0.72,0.5,6.02,0.93,0.07,15.74,0.08
2,臺北台新戰神,4|10,張兆辰/雷蒙恩,11,432,526.0,7389.08,123.15,123:09,671.73,11.2,11:12,234.0,21.27,44.49,68.4,251.0,22.82,47.72,73.37,195.0,17.73,37.07,57.0,88.0,8.0,16.73,25.72,112.0,10.18,21.29,32.74,58.0,5.27,11.03,16.95,83.0,7.55,15.78,24.26,30.0,2.73,5.7,8.77,46.0,4.18,8.75,13.45,28.0,2.55,5.32,8.19,41.0,3.73,7.79,11.99,71.0,6.45,13.5,20.75,28.0,2.55,5.32,8.19,78.0,7.09,14.83,22.8,47.0,4.27,8.94,13.74,43.0,3.91,8.17,12.57,27.0,2.45,5.13,7.89,6.0,0.55,1.14,1.75,46.0,4.18,8.75,13.45,39.0,3.55,7.41,11.4,44.49,47.72,-3.23,102.51,-17.0,-1.55,-3.23,123.15,11.2,0.53,0.54,0.52,0.36,0.61,0.18,0.49,0.34,0.72,0.51,5.13,1.14,0.09,7.41,0.24
2,臺北台新戰神,4|10868,張兆辰/齊曼加,6,335,423.0,5727.61,95.46,95:28,954.6,15.91,15:55,180.0,30.0,42.55,67.88,196.0,32.67,46.34,73.92,154.0,25.67,36.41,58.08,68.0,11.33,16.08,25.64,94.0,15.67,22.22,35.45,45.0,7.5,10.64,16.97,60.0,10.0,14.18,22.63,23.0,3.83,5.44,8.67,37.0,6.17,8.75,13.95,23.0,3.83,5.44,8.67,34.0,5.67,8.04,12.82,58.0,9.67,13.71,21.87,29.0,4.83,6.86,10.94,59.0,9.83,13.95,22.25,40.0,6.67,9.46,15.08,30.0,5.0,7.09,11.31,23.0,3.83,5.44,8.67,7.0,1.17,1.65,2.64,34.0,5.67,8.04,12.82,41.0,6.83,9.69,15.46,42.55,46.34,-3.78,106.35,-16.0,-2.67,-3.78,95.46,15.91,0.52,0.53,0.48,0.38,0.62,0.19,0.44,0.37,0.67,0.51,5.44,1.65,0.08,9.69,0.24
2,臺北台新戰神,4|10870,張兆辰/洛夫頓,9,603,741.0,10393.78,173.23,173:14,1154.86,19.25,19:15,338.0,37.56,45.61,70.24,356.0,39.56,48.04,73.98,280.0,31.11,37.79,58.19,129.0,14.33,17.41,26.81,163.0,18.11,22.0,33.87,84.0,9.33,11.34,17.46,117.0,13.0,15.79,24.31,45.0,5.0,6.07,9.35,56.0,6.22,7.56,11.64,34.0,3.78,4.59,7.07,56.0,6.22,7.56,11.64,105.0,11.67,14.17,21.82,47.0,5.22,6.34,9.77,106.0,11.78,14.3,22.03,60.0,6.67,8.1,12.47,56.0,6.22,7.56,11.64,35.0,3.89,4.72,7.27,11.0,1.22,1.48,2.29,60.0,6.67,8.1,12.47,72.0,8.0,9.72,14.96,45.61,48.04,-2.43,102.66,-18.0,-2.0,-2.43,173.23,19.25,0.54,0.55,0.52,0.38,0.61,0.16,0.43,0.35,0.69,0.51,4.72,1.48,0.08,9.72,0.2
2,臺北台新戰神,5|10,黃聰翰/雷蒙恩,11,453,539.0,7833.84,130.56,130:34,712.17,11.87,11:52,256.0,23.27,47.5,70.59,275.0,25.0,51.02,75.82,177.0,16.09,32.84,48.8,88.0,8.0,16.33,24.26,85.0,7.73,15.77,23.44,51.0,4.64,9.46,14.06,92.0,8.36,17.07,25.37,37.0,3.36,6.86,10.2,62.0,5.64,11.5,17.1,45.0,4.09,8.35,12.41,25.0,2.27,4.64,6.89,71.0,6.45,13.17,19.58,41.0,3.73,7.61,11.3,72.0,6.55,13.36,19.85,46.0,4.18,8.53,12.68,51.0,4.64,9.46,14.06,30.0,2.73,5.57,8.27,5.0,0.45,0.93,1.38,50.0,4.55,9.28,13.79,65.0,5.91,12.06,17.92,47.5,51.02,-3.53,99.08,-19.0,-1.73,-3.53,130.56,11.87,0.6,0.63,0.6,0.4,0.73,0.18,0.58,0.26,0.63,0.46,5.57,0.93,0.09,12.06,0.35
2,臺北台新戰神,5|10868,黃聰翰/齊曼加,5,229,271.0,3972.11,66.2,66:12,794.42,13.24,13:14,128.0,25.6,47.23,69.61,123.0,24.6,45.39,66.89,95.0,19.0,35.06,51.66,47.0,9.4,17.34,25.56,48.0,9.6,17.71,26.1,28.0,5.6,10.33,15.23,47.0,9.4,17.34,25.56,19.0,3.8,7.01,10.33,27.0,5.4,9.96,14.68,16.0,3.2,5.9,8.7,18.0,3.6,6.64,9.79,34.0,6.8,12.55,18.49,17.0,3.4,6.27,9.24,35.0,7.0,12.92,19.03,27.0,5.4,9.96,14.68,29.0,5.8,10.7,15.77,16.0,3.2,5.9,8.7,3.0,0.6,1.11,1.63,26.0,5.2,9.59,14.14,32.0,6.4,11.81,17.4,47.23,45.39,1.85,98.24,5.0,1.0,1.85,66.2,13.24,0.59,0.6,0.58,0.4,0.59,0.2,0.62,0.34,0.67,0.5,5.9,1.11,0.1,11.81,0.28
2,臺北台新戰神,5|10870,黃聰翰/洛夫頓,6,255,311.0,4192.39,69.87,69:52,698.73,11.65,11:39,157.0,26.17,50.48,80.89,171.0,28.5,54.98,88.1,114.0,19.0,36.66,58.73,58.0,9.67,18.65,29.88,61.0,10.17,19.61,31.43,34.0,5.67,10.93,17.52,53.0,8.83,17.04,27.31,24.0,4.0,7.72,12.37,21.0,3.5,6.75,10.82,17.0,2.83,5.47,8.76,21.0,3.5,6.75,10.82,37.0,6.17,11.9,19.06,19.0,3.17,6.11,9.79,38.0,6.33,12.22,19.58,29.0,4.83,9.32,14.94,27.0,4.5,8.68,13.91,19.0,3.17,6.11,9.79,4.0,0.67,1.29,2.06,25.0,4.17,8.04,12.88,40.0,6.67,12.86,20.61,50.48,54.98,-4.5,106.82,-14.0,-2.33,-4.5,69.87,11.65,0.61,0.64,0.56,0.45,0.81,0.19,0.47,0.36,0.66,0.5,6.11,1.29,0.08,12.86,0.18
2,臺北台新戰神,10|10868,雷蒙恩/齊曼加,7,610,753.0,10288.38,171.47,171:28,1469.77,24.5,24:30,306.0,43.71,40.64,64.24,326.0,46.57,43.29,68.44,270.0,38.57,35.86,56.69,109.0,15.57,14.48,22.88,173.0,24.71,22.97,36.32,79.0,11.29,10.49,16.59,97.0,13.86,12.88,20.36,30.0,4.29,3.98,6.3,85.0,12.14,11.29,17.85,58.0,8.29,7.7,12.18,67.0,9.57,8.9,14.07,104.0,14.86,13.81,21.83,51.0,7.29,6.77,10.71,103.0,14.71,13.68,21.62,66.0,9.43,8.76,13.86,61.0,8.71,8.1,12.81,34.0,4.86,4.52,7.14,8.0,1.14,1.06,1.68,81.0,11.57,10.76,17.01,67.0,9.57,8.9,14.07,40.64,43.29,-2.66,105.39,-20.0,-2.86,-2.66,171.47,24.5,0.46,0.5,0.46,0.31,0.68,0.18,0.56,0.39,0.67,0.53,4.52,1.06,0.11,8.9,0.31
2,臺北台新戰神,10|10870,雷蒙恩/洛夫頓,8,755,915.0,12343.3,205.72,205:43,1542.91,25.72,25:43,429.0,53.62,46.89,75.07,455.0,56.88,49.73,79.62,348.0,43.5,38.03,60.9,159.0,19.88,17.38,27.82,192.0,24.0,20.98,33.6,107.0,13.38,11.69,18.72,156.0,19.5,17.05,27.3,52.0,6.5,5.68,9.1,80.0,10.0,8.74,14.0,55.0,6.88,6.01,9.62,69.0,8.62,7.54,12.07,130.0,16.25,14.21,22.75,49.0,6.12,5.36,8.57,123.0,15.38,13.44,21.52,68.0,8.5,7.43,11.9,70.0,8.75,7.65,12.25,35.0,4.38,3.83,6.12,11.0,1.38,1.2,1.92,87.0,10.88,9.51,15.22,97.0,12.12,10.6,16.97,46.89,49.73,-2.84,106.75,-26.0,-3.25,-2.84,205.72,25.72,0.53,0.56,0.56,0.33,0.69,0.15,0.44,0.36,0.73,0.54,3.83,1.2,0.1,10.6,0.23
2,臺北台新戰神,10868|10870,齊曼加/洛夫頓,6,425,530.0,7333.85,122.23,122:14,1222.31,20.37,20:22,231.0,38.5,43.58,68.04,246.0,41.0,46.42,72.45,198.0,33.0,37.36,58.32,87.0,14.5,16.42,25.62,113.0,18.83,21.32,33.28,55.0,9.17,10.38,16.2,85.0,14.17,16.04,25.03,32.0,5.33,6.04,9.42,40.0,6.67,7.55,11.78,26.0,4.33,4.91,7.66,45.0,7.5,8.49,13.25,73.0,12.17,13.77,21.5,34.0,5.67,6.42,10.01,75.0,12.5,14.15,22.09,48.0,8.0,9.06,14.14,38.0,6.33,7.17,11.19,27.0,4.5,5.09,7.95,9.0,1.5,1.7,2.65,48.0,8.0,9.06,14.14,52.0,8.67,9.81,15.32,43.58,46.42,-2.83,104.07,-15.0,-2.5,-2.83,122.23,20.37,0.52,0.54,0.49,0.38,0.65,0.18,0.44,0.38,0.68,0.52,5.09,1.7,0.09,9.81,0.2
2,臺北台新戰神,4|14,張兆辰/錢肯尼,11,381,477.0,6549.16,109.15,109:09,595.38,9.92,09:55,199.0,18.09,41.72,65.63,225.0,20.45,47.17,74.21,175.0,15.91,36.69,57.72,78.0,7.09,16.35,25.73,104.0,9.45,21.8,34.3,55.0,5.0,11.53,18.14,71.0,6.45,14.88,23.42,23.0,2.09,4.82,7.59,30.0,2.73,6.29,9.89,18.0,1.64,3.77,5.94,31.0,2.82,6.5,10.22,71.0,6.45,14.88,23.42,39.0,3.55,8.18,12.86,68.0,6.18,14.26,22.43,38.0,3.45,7.97,12.53,33.0,3.0,6.92,10.88,20.0,1.82,4.19,6.6,5.0,0.45,1.05,1.65,36.0,3.27,7.55,11.87,48.0,4.36,10.06,15.83,41.72,47.17,-5.45,104.88,-26.0,-2.36,-5.45,109.15,9.92,0.51,0.53,0.53,0.32,0.6,0.17,0.42,0.31,0.65,0.49,4.19,1.05,0.08,10.06,0.17
2,臺北台新戰神,5|14,黃聰翰/錢肯尼,11,352,430.0,5677.11,94.62,94:37,516.1,8.6,08:36,211.0,19.18,49.07,80.28,206.0,18.73,47.91,78.38,158.0,14.36,36.74,60.12,69.0,6.27,16.05,26.25,90.0,8.18,20.93,34.24,41.0,3.73,9.53,15.6,68.0,6.18,15.81,25.87,28.0,2.55,6.51,10.65,53.0,4.82,12.33,20.17,44.0,4.0,10.23,16.74,30.0,2.73,6.98,11.41,59.0,5.36,13.72,22.45,31.0,2.82,7.21,11.79,55.0,5.0,12.79,20.93,27.0,2.45,6.28,10.27,34.0,3.09,7.91,12.94,19.0,1.73,4.42,7.23,9.0,0.82,2.09,3.42,37.0,3.36,8.6,14.08,43.0,3.91,10.0,16.36,49.07,47.91,1.16,109.07,5.0,0.45,1.16,94.62,8.6,0.53,0.58,0.46,0.41,0.83,0.13,0.49,0.35,0.66,0.51,4.42,2.09,0.09,10.0,0.34
2,臺北台新戰神,14|10868,錢肯尼/齊曼加,8,466,585.0,7918.53,131.98,131:59,989.82,16.5,16:30,255.0,31.88,43.59,69.56,263.0,32.88,44.96,71.74,211.0,26.38,36.07,57.56,98.0,12.25,16.75,26.73,140.0,17.5,23.93,38.19,73.0,9.12,12.48,19.91,71.0,8.88,12.14,19.37,25.0,3.12,4.27,6.82,55.0,6.88,9.4,15.0,39.0,4.88,6.67,10.64,50.0,6.25,8.55,13.64,67.0,8.38,11.45,18.28,46.0,5.75,7.86,12.55,81.0,10.12,13.85,22.1,53.0,6.62,9.06,14.46,45.0,5.62,7.69,12.28,30.0,3.75,5.13,8.18,7.0,0.88,1.2,1.91,56.0,7.0,9.57,15.28,58.0,7.25,9.91,15.82,43.59,44.96,-1.37,106.38,-8.0,-1.0,-1.37,131.98,16.5,0.52,0.54,0.52,0.35,0.71,0.18,0.46,0.38,0.59,0.48,5.13,1.2,0.1,9.91,0.26
2,臺北台新戰神,14|10870,錢肯尼/洛夫頓,9,773,947.0,13106.51,218.44,218:27,1456.28,24.27,24:16,407.0,45.22,42.98,67.08,451.0,50.11,47.62,74.33,354.0,39.33,37.38,58.34,153.0,17.0,16.16,25.21,206.0,22.89,21.75,33.95,107.0,11.89,11.3,17.63,148.0,16.44,15.63,24.39,46.0,5.11,4.86,7.58,80.0,8.89,8.45,13.18,56.0,6.22,5.91,9.23,61.0,6.78,6.44,10.05,146.0,16.22,15.42,24.06,63.0,7.0,6.65,10.38,123.0,13.67,12.99,20.27,70.0,7.78,7.39,11.54,61.0,6.78,6.44,10.05,40.0,4.44,4.22,6.59,17.0,1.89,1.8,2.8,77.0,8.56,8.13,12.69,103.0,11.44,10.88,16.97,42.98,47.62,-4.65,104.05,-44.0,-4.89,-4.65,218.44,24.27,0.5,0.52,0.52,0.31,0.7,0.15,0.4,0.33,0.7,0.53,4.22,1.8,0.08,10.88,0.23
2,新北國王,34|867,沃許本/桑尼,1,71,81.0,1117.14,18.62,18:37,1117.14,18.62,18:37,39.0,39.0,48.15,75.41,37.0,37.0,45.68,71.54,28.0,28.0,34.57,54.14,13.0,13.0,16.05,25.14,15.0,15.0,18.52,29.0,7.0,7.0,8.64,13.53,13.0,13.0,16.05,25.14,6.0,6.0,7.41,11.6,8.0,8.0,9.88,15.47,7.0,7.0,8.64,13.53,5.0,5.0,6.17,9.67,9.0,9.0,11.11,17.4,1.0,1.0,1.23,1.93,12.0,12.0,14.81,23.2,10.0,10.0,12.35,19.34,10.0,10.0,12.35,19.34,4.0,4.0,4.94,7.73,0.0,0.0,0.0,0.0,10.0,10.0,12.35,19.34,6.0,6.0,7.41,11.6,48.15,45.68,2.47,104.41,2.0,2.0,2.47,18.62,18.62,0.57,0.62,0.47,0.46,0.88,0.24,0.77,0.29,0.9,0.52,4.94,0.0,0.12,7.41,0.29
2,臺北台新戰神,10|13,雷蒙恩/陳冠全,4,75,91.0,1142.98,19.05,19:03,285.75,4.76,04:46,46.0,11.5,50.55,86.93,52.0,13.0,57.14,98.27,34.0,8.5,37.36,64.25,17.0,4.25,18.68,32.13,17.0,4.25,18.68,32.13,10.0,2.5,10.99,18.9,17.0,4.25,18.68,32.13,7.0,1.75,7.69,13.23,6.0,1.5,6.59,11.34,5.0,1.25,5.49,9.45,6.0,1.5,6.59,11.34,12.0,3.0,13.19,22.68,6.0,1.5,6.59,11.34,12.0,3.0,13.19,22.68,7.0,1.75,7.69,13.23,9.0,2.25,9.89,17.01,4.0,1.0,4.4,7.56,1.0,0.25,1.1,1.89,9.0,2.25,9.89,17.01,14.0,3.5,15.38,26.46,50.55,57.14,-6.59,114.65,-6.0,-1.5,-6.59,19.05,4.76,0.6,0.63,0.59,0.41,0.83,0.16,0.53,0.33,0.67,0.5,4.4,1.1,0.1,15.38,0.18
2,臺北台新戰神,10|14,雷蒙恩/錢肯尼,17,1231,1484.0,20472.89,341.21,341:13,1204.29,20.07,20:04,685.0,40.29,46.16,72.27,682.0,40.12,45.96,71.95,543.0,31.94,36.59,57.29,245.0,14.41,16.51,25.85,337.0,19.82,22.71,35.56,167.0,9.82,11.25,17.62,206.0,12.12,13.88,21.73,78.0,4.59,5.26,8.23,156.0,9.18,10.51,16.46,114.0,6.71,7.68,12.03,102.0,6.0,6.87,10.76,202.0,11.88,13.61,21.31,95.0,5.59,6.4,10.02,205.0,12.06,13.81,21.63,108.0,6.35,7.28,11.39,134.0,7.88,9.03,14.14,58.0,3.41,3.91,6.12,24.0,1.41,1.62,2.53,144.0,8.47,9.7,15.19,135.0,7.94,9.1,14.24,46.16,45.96,0.2,104.38,3.0,0.18,0.2,341.21,20.07,0.52,0.56,0.5,0.38,0.73,0.15,0.55,0.33,0.68,0.5,3.91,1.62,0.1,9.1,0.29
2,臺北台新戰神,10|10869,雷蒙恩/基德,16,1360,1641.0,22393.53,373.23,373:14,1399.6,23.33,23:20,784.0,49.0,47.78,75.62,772.0,48.25,47.04,74.46,597.0,37.31,36.38,57.58,268.0,16.75,16.33,25.85,333.0,20.81,20.29,32.12,171.0,10.69,10.42,16.49,264.0,16.5,16.09,25.46,97.0,6.06,5.91,9.36,209.0,13.06,12.74,20.16,151.0,9.44,9.2,14.56,101.0,6.31,6.15,9.74,241.0,15.06,14.69,23.25,111.0,6.94,6.76,10.71,213.0,13.31,12.98,20.55,104.0,6.5,6.34,10.03,165.0,10.31,10.05,15.92,56.0,3.5,3.41,5.4,21.0,1.31,1.28,2.03,170.0,10.62,10.36,16.4,202.0,12.62,12.31,19.48,47.78,47.04,0.73,105.52,12.0,0.75,0.73,373.23,23.33,0.53,0.57,0.51,0.37,0.72,0.13,0.62,0.32,0.68,0.51,3.41,1.28,0.1,12.31,0.35
2,臺北台新戰神,13|14,陳冠全/錢肯尼,5,98,115.0,1509.98,25.17,25:10,302.0,5.03,05:02,46.0,9.2,40.0,65.8,64.0,12.8,55.65,91.55,38.0,7.6,33.04,54.36,16.0,3.2,13.91,22.89,23.0,4.6,20.0,32.9,11.0,2.2,9.57,15.74,15.0,3.0,13.04,21.46,5.0,1.0,4.35,7.15,15.0,3.0,13.04,21.46,11.0,2.2,9.57,15.74,4.0,0.8,3.48,5.72,22.0,4.4,19.13,31.47,5.0,1.0,4.35,7.15,13.0,2.6,11.3,18.6,12.0,2.4,10.43,17.17,6.0,1.2,5.22,8.58,9.0,1.8,7.83,12.87,1.0,0.2,0.87,1.43,9.0,1.8,7.83,12.87,15.0,3.0,13.04,21.46,40.0,55.65,-15.65,109.67,-18.0,-3.6,-15.65,25.17,5.03,0.49,0.52,0.48,0.33,0.73,0.21,0.38,0.24,0.81,0.59,7.83,0.87,0.08,13.04,0.39
2,臺北台新戰神,13|10869,陳冠全/基德,4,131,156.0,2025.65,33.76,33:46,506.41,8.44,08:26,75.0,18.75,48.08,79.97,80.0,20.0,51.28,85.31,58.0,14.5,37.18,61.85,27.0,6.75,17.31,28.79,33.0,8.25,21.15,35.19,17.0,4.25,10.9,18.13,25.0,6.25,16.03,26.66,10.0,2.5,6.41,10.66,16.0,4.0,10.26,17.06,13.0,3.25,8.33,13.86,9.0,2.25,5.77,9.6,25.0,6.25,16.03,26.66,11.0,2.75,7.05,11.73,20.0,5.0,12.82,21.33,11.0,2.75,7.05,11.73,14.0,3.5,8.97,14.93,5.0,1.25,3.21,5.33,1.0,0.25,0.64,1.07,15.0,3.75,9.62,15.99,20.0,5.0,12.82,21.33,48.08,51.28,-3.21,110.9,-5.0,-1.25,-3.21,33.76,8.44,0.55,0.58,0.52,0.4,0.81,0.14,0.52,0.31,0.69,0.52,3.21,0.64,0.1,12.82,0.28
2,臺北台新戰神,13|10870,陳冠全/洛夫頓,5,159,190.0,2467.13,41.12,41:07,493.43,8.22,08:13,90.0,18.0,47.37,78.8,106.0,21.2,55.79,92.8,68.0,13.6,35.79,59.53,32.0,6.4,16.84,28.02,40.0,8.0,21.05,35.02,20.0,4.0,10.53,17.51,28.0,5.6,14.74,24.51,12.0,2.4,6.32,10.51,21.0,4.2,11.05,18.39,16.0,3.2,8.42,14.01,10.0,2.0,5.26,8.76,31.0,6.2,16.32,27.14,11.0,2.2,5.79,9.63,23.0,4.6,12.11,20.14,16.0,3.2,8.42,14.01,15.0,3.0,7.89,13.13,10.0,2.0,5.26,8.76,2.0,0.4,1.05,1.75,17.0,3.4,8.95,14.88,24.0,4.8,12.63,21.01,47.37,55.79,-8.42,110.9,-16.0,-3.2,-8.42,41.12,8.22,0.56,0.58,0.5,0.43,0.76,0.17,0.47,0.3,0.74,0.55,5.26,1.05,0.09,12.63,0.31
2,臺北台新戰神,14|10869,錢肯尼/基德,16,1217,1446.0,19455.16,324.25,324:15,1215.95,20.27,20:16,657.0,41.06,45.44,72.94,627.0,39.19,43.36,69.61,509.0,31.81,35.2,56.51,220.0,13.75,15.21,24.43,293.0,18.31,20.26,32.53,140.0,8.75,9.68,15.54,216.0,13.5,14.94,23.98,80.0,5.0,5.53,8.88,179.0,11.19,12.38,19.87,135.0,8.44,9.34,14.99,84.0,5.25,5.81,9.33,208.0,13.0,14.38,23.09,92.0,5.75,6.36,10.21,190.0,11.88,13.14,21.09,109.0,6.81,7.54,12.1,131.0,8.19,9.06,14.54,57.0,3.56,3.94,6.33,23.0,1.44,1.59,2.55,141.0,8.81,9.75,15.65,154.0,9.62,10.65,17.1,45.44,43.36,2.07,107.03,30.0,1.88,2.07,324.25,20.27,0.51,0.56,0.48,0.37,0.75,0.16,0.6,0.31,0.69,0.51,3.94,1.59,0.1,10.65,0.35
2,臺北台新戰神,10869|10870,基德/洛夫頓,7,442,531.0,6482.47,108.04,108:02,926.07,15.43,15:26,232.0,33.14,43.69,77.3,255.0,36.43,48.02,84.97,198.0,28.29,37.29,65.97,81.0,11.57,15.25,26.99,99.0,14.14,18.64,32.99,50.0,7.14,9.42,16.66,99.0,14.14,18.64,32.99,31.0,4.43,5.84,10.33,54.0,7.71,10.17,17.99,39.0,5.57,7.34,13.0,28.0,4.0,5.27,9.33,92.0,13.14,17.33,30.65,35.0,5.0,6.59,11.66,68.0,9.71,12.81,22.66,32.0,4.57,6.03,10.66,37.0,5.29,6.97,12.33,14.0,2.0,2.64,4.66,8.0,1.14,1.51,2.67,51.0,7.29,9.6,16.99,75.0,10.71,14.12,24.99,43.69,48.02,-4.33,117.96,-23.0,-3.29,-4.33,108.04,15.43,0.49,0.52,0.51,0.31,0.72,0.13,0.46,0.29,0.72,0.54,2.64,1.51,0.1,14.12,0.27
2,臺北台新戰神,3|10,陳文宏/雷蒙恩,11,189,224.0,2995.59,49.93,49:56,272.33,4.54,04:32,101.0,9.18,45.09,72.83,106.0,9.64,47.32,76.43,85.0,7.73,37.95,61.29,35.0,3.18,15.62,25.24,44.0,4.0,19.64,31.73,24.0,2.18,10.71,17.31,41.0,3.73,18.3,29.56,11.0,1.0,4.91,7.93,32.0,2.91,14.29,23.07,23.0,2.09,10.27,16.58,15.0,1.36,6.7,10.82,40.0,3.64,17.86,28.84,13.0,1.18,5.8,9.37,30.0,2.73,13.39,21.63,9.0,0.82,4.02,6.49,19.0,1.73,8.48,13.7,6.0,0.55,2.68,4.33,2.0,0.18,0.89,1.44,24.0,2.18,10.71,17.31,36.0,3.27,16.07,25.96,45.09,47.32,-2.23,107.68,-5.0,-0.45,-2.23,49.93,4.54,0.48,0.51,0.55,0.27,0.72,0.08,0.54,0.33,0.75,0.56,2.68,0.89,0.11,16.07,0.38
2,臺北台新戰神,3|13,陳文宏/陳冠全,3,37,44.0,571.35,9.52,09:31,190.45,3.17,03:10,19.0,6.33,43.18,71.83,22.0,7.33,50.0,83.17,19.0,6.33,43.18,71.83,7.0,2.33,15.91,26.46,11.0,3.67,25.0,41.59,4.0,1.33,9.09,15.12,8.0,2.67,18.18,30.24,3.0,1.0,6.82,11.34,2.0,0.67,4.55,7.56,2.0,0.67,4.55,7.56,5.0,1.67,11.36,18.9,7.0,2.33,15.91,26.46,2.0,0.67,4.55,7.56,5.0,1.67,11.36,18.9,4.0,1.33,9.09,15.12,4.0,1.33,9.09,15.12,2.0,0.67,4.55,7.56,0.0,0.0,0.0,0.0,1.0,0.33,2.27,3.78,6.0,2.0,13.64,22.68,43.18,50.0,-6.82,110.9,-3.0,-1.0,-6.82,9.52,3.17,0.45,0.48,0.36,0.38,1.0,0.17,0.57,0.5,0.78,0.63,4.55,0.0,0.02,13.64,0.11
2,臺北台新戰神,3|10869,陳文宏/基德,11,302,368.0,4734.53,78.91,78:55,430.41,7.17,07:10,143.0,13.0,38.86,65.24,169.0,15.36,45.92,77.1,133.0,12.09,36.14,60.68,46.0,4.18,12.5,20.99,77.0,7.0,20.92,35.13,29.0,2.64,7.88,13.23,56.0,5.09,15.22,25.55,17.0,1.55,4.62,7.76,43.0,3.91,11.68,19.62,34.0,3.09,9.24,15.51,23.0,2.09,6.25,10.49,69.0,6.27,18.75,31.48,30.0,2.73,8.15,13.69,49.0,4.45,13.32,22.35,20.0,1.82,5.43,9.12,26.0,2.36,7.07,11.86,13.0,1.18,3.53,5.93,5.0,0.45,1.36,2.28,37.0,3.36,10.05,16.88,53.0,4.82,14.4,24.18,38.86,45.92,-7.07,111.93,-26.0,-2.36,-7.07,78.91,7.17,0.41,0.47,0.38,0.3,0.79,0.12,0.57,0.32,0.7,0.54,3.53,1.36,0.1,14.4,0.32
2,臺北台新戰神,3|10870,陳文宏/洛夫頓,7,249,309.0,3904.52,65.08,65:05,557.79,9.3,09:18,130.0,18.57,42.07,71.92,146.0,20.86,47.25,80.77,127.0,18.14,41.1,70.26,48.0,6.86,15.53,26.55,65.0,9.29,21.04,35.96,29.0,4.14,9.39,16.04,62.0,8.86,20.06,34.3,19.0,2.71,6.15,10.51,23.0,3.29,7.44,12.72,15.0,2.14,4.85,8.3,31.0,4.43,10.03,17.15,54.0,7.71,17.48,29.87,16.0,2.29,5.18,8.85,37.0,5.29,11.97,20.47,20.0,2.86,6.47,11.06,21.0,3.0,6.8,11.62,13.0,1.86,4.21,7.19,5.0,0.71,1.62,2.77,24.0,3.43,7.77,13.28,48.0,6.86,15.53,26.55,42.07,47.25,-5.18,113.96,-16.0,-2.29,-5.18,65.08,9.3,0.45,0.47,0.45,0.31,0.65,0.13,0.44,0.46,0.77,0.62,4.21,1.62,0.08,15.53,0.18
2,臺北台新戰神,1|3,丁聖儒/陳文宏,8,171,203.0,2722.24,45.37,45:22,340.28,5.67,05:40,92.0,11.5,45.32,73.0,102.0,12.75,50.25,80.93,73.0,9.12,35.96,57.92,31.0,3.88,15.27,24.6,47.0,5.88,23.15,37.29,22.0,2.75,10.84,17.46,26.0,3.25,12.81,20.63,9.0,1.12,4.43,7.14,31.0,3.88,15.27,24.6,25.0,3.12,12.32,19.84,13.0,1.62,6.4,10.32,31.0,3.88,15.27,24.6,12.0,1.5,5.91,9.52,24.0,3.0,11.82,19.04,14.0,1.75,6.9,11.11,21.0,2.62,10.34,16.66,7.0,0.88,3.45,5.55,3.0,0.38,1.48,2.38,19.0,2.38,9.36,15.08,32.0,4.0,15.76,25.39,45.32,50.25,-4.93,107.38,-10.0,-1.25,-4.93,45.37,5.67,0.49,0.53,0.47,0.35,0.81,0.14,0.68,0.35,0.72,0.55,3.45,1.48,0.09,15.76,0.42
2,臺北台新戰神,1|14,丁聖儒/錢肯尼,14,1064,1265.0,18621.54,310.36,310:22,1330.11,22.17,22:10,594.0,42.43,46.96,68.9,567.0,40.5,44.82,65.77,448.0,32.0,35.42,51.97,207.0,14.79,16.36,24.01,268.0,19.14,21.19,31.09,131.0,9.36,10.36,15.2,180.0,12.86,14.23,20.88,76.0,5.43,6.01,8.82,141.0,10.07,11.15,16.36,104.0,7.43,8.22,12.06,75.0,5.36,5.93,8.7,174.0,12.43,13.75,20.18,76.0,5.43,6.01,8.82,169.0,12.07,13.36,19.6,110.0,7.86,8.7,12.76,123.0,8.79,9.72,14.27,63.0,4.5,4.98,7.31,18.0,1.29,1.42,2.09,128.0,9.14,10.12,14.85,123.0,8.79,9.72,14.27,46.96,44.82,2.13,97.82,27.0,1.93,2.13,310.36,22.17,0.55,0.58,0.49,0.42,0.74,0.18,0.59,0.31,0.7,0.5,4.98,1.42,0.1,9.72,0.31
2,臺北台新戰神,1|10868,丁聖儒/齊曼加,5,318,392.0,5325.14,88.75,88:45,1065.03,17.75,17:45,173.0,34.6,44.13,70.17,183.0,36.6,46.68,74.23,130.0,26.0,33.16,52.73,61.0,12.2,15.56,24.74,86.0,17.2,21.94,34.88,42.0,8.4,10.71,17.04,44.0,8.8,11.22,17.85,19.0,3.8,4.85,7.71,49.0,9.8,12.5,19.88,34.0,6.8,8.67,13.79,28.0,5.6,7.14,11.36,42.0,8.4,10.71,17.04,28.0,5.6,7.14,11.36,45.0,9.0,11.48,18.25,38.0,7.6,9.69,15.41,42.0,8.4,10.71,17.04,24.0,4.8,6.12,9.73,1.0,0.2,0.26,0.41,45.0,9.0,11.48,18.25,42.0,8.4,10.71,17.04,44.13,46.68,-2.55,106.0,-10.0,-2.0,-2.55,88.75,17.75,0.54,0.57,0.49,0.43,0.69,0.2,0.69,0.38,0.6,0.49,6.12,0.26,0.11,10.71,0.38
2,臺北台新戰神,1|10869,丁聖儒/基德,13,1282,1534.0,21215.97,353.6,353:36,1632.0,27.2,27:12,726.0,55.85,47.33,73.91,692.0,53.23,45.11,70.45,543.0,41.77,35.4,55.28,247.0,19.0,16.1,25.15,320.0,24.62,20.86,32.58,161.0,12.38,10.5,16.39,223.0,17.15,14.54,22.7,86.0,6.62,5.61,8.76,198.0,15.23,12.91,20.16,146.0,11.23,9.52,14.86,85.0,6.54,5.54,8.65,223.0,17.15,14.54,22.7,101.0,7.77,6.58,10.28,203.0,15.62,13.23,20.67,114.0,8.77,7.43,11.61,163.0,12.54,10.63,16.6,62.0,4.77,4.04,6.31,22.0,1.69,1.43,2.24,156.0,12.0,10.17,15.88,189.0,14.54,12.32,19.24,47.33,45.11,2.22,104.12,34.0,2.62,2.22,353.6,27.2,0.53,0.58,0.5,0.39,0.74,0.15,0.66,0.3,0.69,0.5,4.04,1.43,0.1,12.32,0.36
2,臺北台新戰神,3|14,陳文宏/錢肯尼,11,217,263.0,3368.44,56.14,56:08,306.22,5.1,05:06,98.0,8.91,37.26,62.84,131.0,11.91,49.81,84.0,98.0,8.91,37.26,62.84,34.0,3.09,12.93,21.8,54.0,4.91,20.53,34.63,21.0,1.91,7.98,13.47,44.0,4.0,16.73,28.21,13.0,1.18,4.94,8.34,22.0,2.0,8.37,14.11,17.0,1.55,6.46,10.9,19.0,1.73,7.22,12.18,47.0,4.27,17.87,30.14,14.0,1.27,5.32,8.98,26.0,2.36,9.89,16.67,21.0,1.91,7.98,13.47,20.0,1.82,7.6,12.82,16.0,1.45,6.08,10.26,5.0,0.45,1.9,3.21,22.0,2.0,8.37,14.11,35.0,3.18,13.31,22.44,37.26,49.81,-12.55,112.43,-33.0,-3.0,-12.55,56.14,5.1,0.41,0.46,0.39,0.3,0.77,0.16,0.59,0.42,0.77,0.62,6.08,1.9,0.08,13.31,0.22
2,臺北台新戰神,3|10868,陳文宏/齊曼加,5,91,114.0,1583.26,26.39,26:23,316.65,5.28,05:17,49.0,9.8,42.98,66.85,42.0,8.4,36.84,57.3,46.0,9.2,40.35,62.76,18.0,3.6,15.79,24.56,28.0,5.6,24.56,38.2,11.0,2.2,9.65,15.01,18.0,3.6,15.79,24.56,7.0,1.4,6.14,9.55,10.0,2.0,8.77,13.64,6.0,1.2,5.26,8.19,12.0,2.4,10.53,16.37,18.0,3.6,15.79,24.56,4.0,0.8,3.51,5.46,15.0,3.0,13.16,20.46,7.0,1.4,6.14,9.55,9.0,1.8,7.89,12.28,4.0,0.8,3.51,5.46,3.0,0.6,2.63,4.09,16.0,3.2,14.04,21.83,12.0,2.4,10.53,16.37,42.98,36.84,6.14,103.68,7.0,1.4,6.14,26.39,5.28,0.47,0.49,0.39,0.39,0.6,0.12,0.5,0.44,0.82,0.61,3.51,2.63,0.14,10.53,0.22
2,臺北台新戰神,10868|10869,齊曼加/基德,6,253,312.0,4186.88,69.78,69:47,697.81,11.63,11:38,125.0,20.83,40.06,64.49,135.0,22.5,43.27,69.65,106.0,17.67,33.97,54.69,43.0,7.17,13.78,22.18,72.0,12.0,23.08,37.14,33.0,5.5,10.58,17.02,34.0,5.67,10.9,17.54,10.0,1.67,3.21,5.16,47.0,7.83,15.06,24.25,31.0,5.17,9.94,15.99,27.0,4.5,8.65,13.93,40.0,6.67,12.82,20.64,24.0,4.0,7.69,12.38,36.0,6.0,11.54,18.57,23.0,3.83,7.37,11.87,31.0,5.17,9.94,15.99,14.0,2.33,4.49,7.22,2.0,0.33,0.64,1.03,37.0,6.17,11.86,19.09,41.0,6.83,13.14,21.15,40.06,43.27,-3.21,107.31,-10.0,-1.67,-3.21,69.78,11.63,0.45,0.49,0.46,0.29,0.66,0.15,0.72,0.43,0.62,0.53,4.49,0.64,0.12,13.14,0.44
2,臺北台新戰神,1|10,丁聖儒/雷蒙恩,13,1183,1410.0,19670.12,327.84,327:50,1513.09,25.22,25:13,659.0,50.69,46.74,72.37,668.0,51.38,47.38,73.35,503.0,38.69,35.67,55.24,225.0,17.31,15.96,24.71,303.0,23.31,21.49,33.27,147.0,11.31,10.43,16.14,200.0,15.38,14.18,21.96,78.0,6.0,5.53,8.57,177.0,13.62,12.55,19.44,131.0,10.08,9.29,14.39,82.0,6.31,5.82,9.0,210.0,16.15,14.89,23.06,91.0,7.0,6.45,9.99,184.0,14.15,13.05,20.21,106.0,8.15,7.52,11.64,143.0,11.0,10.14,15.7,63.0,4.85,4.47,6.92,19.0,1.46,1.35,2.09,152.0,11.69,10.78,16.69,161.0,12.38,11.42,17.68,46.74,47.38,-0.64,103.22,-9.0,-0.69,-0.64,327.84,25.22,0.52,0.57,0.49,0.39,0.74,0.15,0.64,0.31,0.7,0.51,4.47,1.35,0.11,11.42,0.35
2,臺北台新戰神,1|5,丁聖儒/黃聰翰,9,407,483.0,6923.34,115.39,115:23,769.26,12.82,12:49,216.0,24.0,44.72,67.39,233.0,25.89,48.24,72.69,169.0,18.78,34.99,52.73,73.0,8.11,15.11,22.78,83.0,9.22,17.18,25.9,43.0,4.78,8.9,13.42,86.0,9.56,17.81,26.83,30.0,3.33,6.21,9.36,54.0,6.0,11.18,16.85,41.0,4.56,8.49,12.79,18.0,2.0,3.73,5.62,80.0,8.89,16.56,24.96,31.0,3.44,6.42,9.67,63.0,7.0,13.04,19.66,40.0,4.44,8.28,12.48,45.0,5.0,9.32,14.04,26.0,2.89,5.38,8.11,7.0,0.78,1.45,2.18,46.0,5.11,9.52,14.35,71.0,7.89,14.7,22.15,44.72,48.24,-3.52,100.46,-17.0,-1.89,-3.52,115.39,12.82,0.52,0.56,0.52,0.35,0.76,0.17,0.62,0.22,0.72,0.51,5.38,1.45,0.1,14.7,0.32
2,臺北台新戰神,5|10869,黃聰翰/基德,11,537,649.0,9563.17,159.39,159:23,869.38,14.49,14:29,282.0,25.64,43.45,63.69,296.0,26.91,45.61,66.86,232.0,21.09,35.75,52.4,93.0,8.45,14.33,21.01,119.0,10.82,18.34,26.88,56.0,5.09,8.63,12.65,113.0,10.27,17.41,25.52,37.0,3.36,5.7,8.36,79.0,7.18,12.17,17.84,61.0,5.55,9.4,13.78,35.0,3.18,5.39,7.91,104.0,9.45,16.02,23.49,50.0,4.55,7.7,11.29,94.0,8.55,14.48,21.23,47.0,4.27,7.24,10.62,56.0,5.09,8.63,12.65,30.0,2.73,4.62,6.78,11.0,1.0,1.69,2.48,62.0,5.64,9.55,14.0,86.0,7.82,13.25,19.42,43.45,45.61,-2.16,97.72,-14.0,-1.27,-2.16,159.39,14.49,0.48,0.53,0.47,0.33,0.77,0.15,0.6,0.27,0.68,0.49,4.62,1.69,0.1,13.25,0.34
2,新北國王,26|867,洪志善/桑尼,1,69,93.0,1113.78,18.56,18:34,1113.78,18.56,18:34,51.0,51.0,54.84,98.91,42.0,42.0,45.16,81.45,40.0,40.0,43.01,77.57,19.0,19.0,20.43,36.85,23.0,23.0,24.73,44.6,12.0,12.0,12.9,23.27,17.0,17.0,18.28,32.97,7.0,7.0,7.53,13.58,8.0,8.0,8.6,15.51,6.0,6.0,6.45,11.64,12.0,12.0,12.9,23.27,10.0,10.0,10.75,19.39,6.0,6.0,6.45,11.64,7.0,7.0,7.53,13.58,4.0,4.0,4.3,7.76,12.0,12.0,12.9,23.27,2.0,2.0,2.15,3.88,4.0,4.0,4.3,7.76,10.0,10.0,10.75,19.39,11.0,11.0,11.83,21.33,54.84,45.16,9.68,120.24,9.0,9.0,9.68,18.56,18.56,0.56,0.59,0.52,0.41,0.75,0.08,0.63,0.63,0.62,0.63,2.15,4.3,0.11,11.83,0.2
2,新北國王,26|10874,洪志善/熊祥泰,2,28,38.0,501.5,8.36,08:22,250.75,4.18,04:11,12.0,6.0,31.58,51.68,16.0,8.0,42.11,68.91,15.0,7.5,39.47,64.61,5.0,2.5,13.16,21.54,6.0,3.0,15.79,25.84,3.0,1.5,7.89,12.92,9.0,4.5,23.68,38.76,2.0,1.0,5.26,8.61,0.0,0.0,0.0,0.0,0.0,0.0,0.0,0.0,4.0,2.0,10.53,17.23,5.0,2.5,13.16,21.54,3.0,1.5,7.89,12.92,3.0,1.5,7.89,12.92,4.0,2.0,10.53,17.23,3.0,1.5,7.89,12.92,1.0,0.5,2.63,4.31,2.0,1.0,5.26,8.61,4.0,2.0,10.53,17.23,2.0,1.0,5.26,8.61,31.58,42.11,-10.53,109.11,-4.0,-2.0,-10.53,8.36,4.18,0.4,0.4,0.5,0.22,,0.21,0.6,0.57,0.62,0.6,2.63,5.26,0.11,5.26,0.0
2,臺北台新戰神,4|10869,張兆辰/基德,10,114,143.0,1848.55,30.81,30:49,184.85,3.08,03:05,49.0,4.9,34.27,57.26,65.0,6.5,45.45,75.95,55.0,5.5,38.46,64.27,19.0,1.9,13.29,22.2,30.0,3.0,20.98,35.05,12.0,1.2,8.39,14.02,25.0,2.5,17.48,29.21,7.0,0.7,4.9,8.18,10.0,1.0,6.99,11.68,5.0,0.5,3.5,5.84,13.0,1.3,9.09,15.19,25.0,2.5,17.48,29.21,9.0,0.9,6.29,10.52,15.0,1.5,10.49,17.53,10.0,1.0,6.99,11.68,7.0,0.7,4.9,8.18,7.0,0.7,4.9,8.18,1.0,0.1,0.7,1.17,14.0,1.4,9.79,16.36,14.0,1.4,9.79,16.36,34.27,45.45,-11.19,111.4,-16.0,-1.6,-11.19,30.81,3.08,0.41,0.41,0.4,0.28,0.5,0.14,0.37,0.46,0.74,0.61,4.9,0.7,0.1,9.79,0.18
2,臺北台新戰神,5|13,黃聰翰/陳冠全,3,39,48.0,665.28,11.09,11:05,221.76,3.7,03:42,26.0,8.67,54.17,84.42,33.0,11.0,68.75,107.14,17.0,5.67,35.42,55.19,9.0,3.0,18.75,29.22,11.0,3.67,22.92,35.71,6.0,2.0,12.5,19.48,6.0,2.0,12.5,19.48,3.0,1.0,6.25,9.74,6.0,2.0,12.5,19.48,5.0,1.67,10.42,16.23,1.0,0.33,2.08,3.25,8.0,2.67,16.67,25.97,4.0,1.33,8.33,12.99,7.0,2.33,14.58,22.73,3.0,1.0,6.25,9.74,3.0,1.0,6.25,9.74,2.0,0.67,4.17,6.49,1.0,0.33,2.08,3.25,5.0,1.67,10.42,16.23,4.0,1.33,8.33,12.99,54.17,68.75,-14.58,103.9,-7.0,-2.33,-14.58,11.09,3.7,0.62,0.66,0.55,0.5,0.83,0.13,0.33,0.12,0.67,0.45,4.17,2.08,0.1,8.33,0.35
2,臺北台新戰神,5|7,黃聰翰/孫思堯,4,21,25.0,303.63,5.06,05:04,75.91,1.27,01:16,2.0,0.5,8.0,14.23,23.0,5.75,92.0,163.62,6.0,1.5,24.0,42.68,0.0,0.0,0.0,0.0,3.0,0.75,12.0,21.34,0.0,0.0,0.0,0.0,3.0,0.75,12.0,21.34,0.0,0.0,0.0,0.0,4.0,1.0,16.0,28.46,2.0,0.5,8.0,14.23,1.0,0.25,4.0,7.11,5.0,1.25,20.0,35.57,2.0,0.5,8.0,14.23,1.0,0.25,4.0,7.11,4.0,1.0,16.0,28.46,0.0,0.0,0.0,0.0,2.0,0.5,8.0,14.23,0.0,0.0,0.0,0.0,3.0,0.75,12.0,21.34,2.0,0.5,8.0,14.23,8.0,92.0,-84.0,118.56,-21.0,-5.25,-84.0,5.06,1.27,0.0,0.13,0.0,0.0,0.5,0.34,,0.5,0.71,0.67,8.0,0.0,0.12,8.0,0.67
2,臺北台新戰神,7|10,孫思堯/雷蒙恩,4,34,39.0,440.97,7.35,07:21,110.24,1.84,01:50,7.0,1.75,17.95,34.29,22.0,5.5,56.41,107.76,14.0,3.5,35.9,68.58,2.0,0.5,5.13,9.8,7.0,1.75,17.95,34.29,2.0,0.5,5.13,9.8,7.0,1.75,17.95,34.29,0.0,0.0,0.0,0.0,4.0,1.0,10.26,19.59,4.0,1.0,10.26,19.59,2.0,0.5,5.13,9.8,7.0,1.75,17.95,34.29,1.0,0.25,2.56,4.9,4.0,1.0,10.26,19.59,5.0,1.25,12.82,24.49,1.0,0.25,2.56,4.9,3.0,0.75,7.69,14.69,1.0,0.25,2.56,4.9,4.0,1.0,10.26,19.59,4.0,1.0,10.26,19.59,17.95,56.41,-38.46,127.36,-15.0,-3.75,-38.46,7.35,1.84,0.14,0.22,0.29,0.0,1.0,0.24,0.5,0.33,0.88,0.64,7.69,2.56,0.1,10.26,0.29
2,臺北台新戰神,7|10869,孫思堯/基德,5,61,73.0,808.95,13.48,13:29,161.79,2.7,02:42,14.0,2.8,19.18,37.38,29.0,5.8,39.73,77.43,21.0,4.2,28.77,56.07,4.0,0.8,5.48,10.68,9.0,1.8,12.33,24.03,3.0,0.6,4.11,8.01,12.0,2.4,16.44,32.04,1.0,0.2,1.37,2.67,6.0,1.2,8.22,16.02,6.0,1.2,8.22,16.02,1.0,0.2,1.37,2.67,13.0,2.6,17.81,34.71,7.0,1.4,9.59,18.69,11.0,2.2,15.07,29.37,10.0,2.0,13.7,26.7,2.0,0.4,2.74,5.34,4.0,0.8,5.48,10.68,2.0,0.4,2.74,5.34,10.0,2.0,13.7,26.7,10.0,2.0,13.7,26.7,19.18,39.73,-20.55,129.95,-15.0,-3.0,-20.55,13.48,2.7,0.21,0.3,0.33,0.08,1.0,0.3,0.5,0.08,0.65,0.44,5.48,2.74,0.14,13.7,0.29
2,臺北台新戰神,7|10870,孫思堯/洛夫頓,3,44,54.0,597.94,9.97,09:58,199.31,3.32,03:19,10.0,3.33,18.52,36.12,19.0,6.33,35.19,68.64,16.0,5.33,29.63,57.8,3.0,1.0,5.56,10.84,6.0,2.0,11.11,21.67,2.0,0.67,3.7,7.22,10.0,3.33,18.52,36.12,1.0,0.33,1.85,3.61,3.0,1.0,5.56,10.84,3.0,1.0,5.56,10.84,1.0,0.33,1.85,3.61,11.0,3.67,20.37,39.74,6.0,2.0,11.11,21.67,10.0,3.33,18.52,36.12,5.0,1.67,9.26,18.06,1.0,0.33,1.85,3.61,1.0,0.33,1.85,3.61,2.0,0.67,3.7,7.22,7.0,2.33,12.96,25.29,8.0,2.67,14.81,28.9,18.52,35.19,-16.67,130.05,-9.0,-3.0,-16.67,9.97,3.32,0.22,0.29,0.33,0.1,1.0,0.22,0.33,0.09,0.65,0.43,1.85,3.7,0.13,14.81,0.19
2,臺北台新戰神,1|4,丁聖儒/張兆辰,7,83,99.0,1302.66,21.71,21:43,186.09,3.1,03:06,47.0,6.71,47.47,77.93,51.0,7.29,51.52,84.57,36.0,5.14,36.36,59.69,18.0,2.57,18.18,29.85,25.0,3.57,25.25,41.45,15.0,2.14,15.15,24.87,11.0,1.57,11.11,18.24,3.0,0.43,3.03,4.97,10.0,1.43,10.1,16.58,7.0,1.0,7.07,11.61,8.0,1.14,8.08,13.27,12.0,1.71,12.12,19.9,3.0,0.43,3.03,4.97,8.0,1.14,8.08,13.27,10.0,1.43,10.1,16.58,6.0,0.86,6.06,9.95,6.0,0.86,6.06,9.95,0.0,0.0,0.0,0.0,9.0,1.29,9.09,14.92,18.0,2.57,18.18,29.85,47.47,51.52,-4.04,109.44,-4.0,-0.57,-4.04,21.71,3.1,0.54,0.58,0.6,0.27,0.7,0.2,0.33,0.5,0.8,0.65,6.06,0.0,0.09,18.18,0.28
2,臺北台新戰神,1|10870,丁聖儒/洛夫頓,5,202,249.0,3838.51,63.98,63:59,767.7,12.8,12:48,130.0,26.0,52.21,73.15,127.0,25.4,51.0,71.47,96.0,19.2,38.55,54.02,49.0,9.8,19.68,27.57,54.0,10.8,21.69,30.39,32.0,6.4,12.85,18.01,42.0,8.4,16.87,23.63,17.0,3.4,6.83,9.57,21.0,4.2,8.43,11.82,13.0,2.6,5.22,7.32,19.0,3.8,7.63,10.69,32.0,6.4,12.85,18.01,11.0,2.2,4.42,6.19,23.0,4.6,9.24,12.94,20.0,4.0,8.03,11.25,26.0,5.2,10.44,14.63,9.0,1.8,3.61,5.06,4.0,0.8,1.61,2.25,24.0,4.8,9.64,13.51,44.0,8.8,17.67,24.76,52.21,51.0,1.2,93.41,3.0,0.6,1.2,63.98,12.8,0.6,0.62,0.59,0.4,0.62,0.16,0.53,0.45,0.74,0.6,3.61,1.61,0.1,17.67,0.22
2,臺北台新戰神,1|13,丁聖儒/陳冠全,1,33,45.0,554.41,9.24,09:14,554.41,9.24,09:14,22.0,22.0,48.89,85.71,21.0,21.0,46.67,81.82,16.0,16.0,35.56,62.34,9.0,9.0,20.0,35.06,10.0,10.0,22.22,38.96,5.0,5.0,11.11,19.48,6.0,6.0,13.33,23.38,4.0,4.0,8.89,15.58,1.0,1.0,2.22,3.9,0.0,0.0,0.0,0.0,3.0,3.0,6.67,11.69,5.0,5.0,11.11,19.48,5.0,5.0,11.11,19.48,3.0,3.0,6.67,11.69,4.0,4.0,8.89,15.58,5.0,5.0,11.11,19.48,1.0,1.0,2.22,3.9,1.0,1.0,2.22,3.9,5.0,5.0,11.11,19.48,5.0,5.0,11.11,19.48,48.89,46.67,2.22,116.88,1.0,1.0,2.22,9.24,9.24,0.69,0.67,0.5,0.67,0.0,0.2,0.56,0.5,0.5,0.5,2.22,2.22,0.11,11.11,0.06
2,臺北台新戰神,3|4,陳文宏/張兆辰,4,76,96.0,1181.29,19.69,19:41,295.32,4.92,04:55,34.0,8.5,35.42,62.17,43.0,10.75,44.79,78.63,36.0,9.0,37.5,65.83,12.0,3.0,12.5,21.94,18.0,4.5,18.75,32.91,6.0,1.5,6.25,10.97,18.0,4.5,18.75,32.91,6.0,1.5,6.25,10.97,7.0,1.75,7.29,12.8,4.0,1.0,4.17,7.31,9.0,2.25,9.38,16.46,17.0,4.25,17.71,31.08,7.0,1.75,7.29,12.8,9.0,2.25,9.38,16.46,9.0,2.25,9.38,16.46,5.0,1.25,5.21,9.14,5.0,1.25,5.21,9.14,2.0,0.5,2.08,3.66,6.0,1.5,6.25,10.97,26.0,6.5,27.08,47.54,35.42,44.79,-9.38,117.02,-9.0,-2.25,-9.38,19.69,4.92,0.42,0.44,0.33,0.33,0.57,0.19,0.42,0.5,0.71,0.62,5.21,2.08,0.06,27.08,0.19
2,高雄全家海神,45|10892,施晉堯/詹姆斯,3,93,111.0,1514.58,25.24,25:15,504.86,8.41,08:25,41.0,13.67,36.94,58.47,43.0,14.33,38.74,61.32,39.0,13.0,35.14,55.62,15.0,5.0,13.51,21.39,29.0,9.67,26.13,41.36,13.0,4.33,11.71,18.54,10.0,3.33,9.01,14.26,2.0,0.67,1.8,2.85,12.0,4.0,10.81,17.11,8.0,2.67,7.21,11.41,9.0,3.0,8.11,12.84,19.0,6.33,17.12,27.1,6.0,2.0,5.41,8.56,22.0,7.33,19.82,31.37,9.0,3.0,8.11,12.84,3.0,1.0,2.7,4.28,5.0,1.67,4.5,7.13,2.0,0.67,1.8,2.85,11.0,3.67,9.91,15.69,7.0,2.33,6.31,9.98,36.94,38.74,-1.8,105.53,-2.0,-0.67,-1.8,25.24,8.41,0.41,0.46,0.45,0.2,0.67,0.17,0.2,0.29,0.76,0.5,4.5,1.8,0.1,6.31,0.31
2,高雄全家海神,10892|10893,詹姆斯/崔維斯,1,48,63.0,837.74,13.96,13:58,837.74,13.96,13:58,30.0,30.0,47.62,77.35,24.0,24.0,38.1,61.88,24.0,24.0,38.1,61.88,10.0,10.0,15.87,25.78,14.0,14.0,22.22,36.1,7.0,7.0,11.11,18.05,10.0,10.0,15.87,25.78,3.0,3.0,4.76,7.74,9.0,9.0,14.29,23.21,7.0,7.0,11.11,18.05,6.0,6.0,9.52,15.47,9.0,9.0,14.29,23.21,5.0,5.0,7.94,12.89,8.0,8.0,12.7,20.63,2.0,2.0,3.17,5.16,2.0,2.0,3.17,5.16,1.0,1.0,1.59,2.58,0.0,0.0,0.0,0.0,7.0,7.0,11.11,18.05,12.0,12.0,19.05,30.94,47.62,38.1,9.52,108.29,6.0,6.0,9.52,13.96,13.96,0.48,0.54,0.5,0.3,0.78,0.07,0.2,0.43,0.64,0.54,1.59,0.0,0.11,19.05,0.38
2,新北國王,21|32,李愷諺/奧帝,4,310,359.0,4697.18,78.29,78:17,1174.29,19.57,19:34,158.0,39.5,44.01,72.66,154.0,38.5,42.9,70.82,136.0,34.0,37.88,62.54,57.0,14.25,15.88,26.21,81.0,20.25,22.56,37.25,38.0,9.5,10.58,17.47,55.0,13.75,15.32,25.29,19.0,4.75,5.29,8.74,32.0,8.0,8.91,14.72,24.0,6.0,6.69,11.04,14.0,3.5,3.9,6.44,63.0,15.75,17.55,28.97,25.0,6.25,6.96,11.5,59.0,14.75,16.43,27.13,19.0,4.75,5.29,8.74,34.0,8.5,9.47,15.63,16.0,4.0,4.46,7.36,6.0,1.5,1.67,2.76,29.0,7.25,8.08,13.34,50.0,12.5,13.93,22.99,44.01,42.9,1.11,110.06,4.0,1.0,1.11,78.29,19.57,0.49,0.53,0.47,0.35,0.75,0.11,0.6,0.19,0.72,0.48,4.46,1.67,0.08,13.93,0.24
2,新北國王,24|32,蘇士軒/奧帝,6,144,162.0,2568.83,42.81,42:49,428.14,7.14,07:08,53.0,8.83,32.72,44.57,91.0,15.17,56.17,76.52,63.0,10.5,38.89,52.97,20.0,3.33,12.35,16.82,34.0,5.67,20.99,28.59,14.0,2.33,8.64,11.77,29.0,4.83,17.9,24.38,6.0,1.0,3.7,5.05,4.0,0.67,2.47,3.36,4.0,0.67,2.47,3.36,9.0,1.5,5.56,7.57,35.0,5.83,21.6,29.43,7.0,1.17,4.32,5.89,28.0,4.67,17.28,23.54,13.0,2.17,8.02,10.93,9.0,1.5,5.56,7.57,8.0,1.33,4.94,6.73,3.0,0.5,1.85,2.52,11.0,1.83,6.79,9.25,23.0,3.83,14.2,19.34,32.72,56.17,-23.46,90.81,-38.0,-6.33,-23.46,42.81,7.14,0.37,0.41,0.41,0.21,1.0,0.17,0.45,0.24,0.83,0.56,4.94,1.85,0.07,14.2,0.06
2,新北國王,32|10872,奧帝/林彥廷,7,482,556.0,7940.55,132.34,132:21,1134.36,18.91,18:54,241.0,34.43,43.35,65.56,271.0,38.71,48.74,73.72,215.0,30.71,38.67,58.48,89.0,12.71,16.01,24.21,118.0,16.86,21.22,32.1,53.0,7.57,9.53,14.42,97.0,13.86,17.45,26.39,36.0,5.14,6.47,9.79,40.0,5.71,7.19,10.88,26.0,3.71,4.68,7.07,30.0,4.29,5.4,8.16,100.0,14.29,17.99,27.2,31.0,4.43,5.58,8.43,97.0,13.86,17.45,26.39,32.0,4.57,5.76,8.7,51.0,7.29,9.17,13.87,20.0,2.86,3.6,5.44,9.0,1.29,1.62,2.45,47.0,6.71,8.45,12.79,77.0,11.0,13.85,20.95,43.35,48.74,-5.4,100.83,-30.0,-4.29,-5.4,132.34,18.91,0.5,0.52,0.45,0.37,0.65,0.12,0.57,0.24,0.76,0.5,3.6,1.62,0.08,13.85,0.19
2,新北國王,32|10875,奧帝/傑登,5,188,221.0,2867.27,47.79,47:47,573.45,9.56,09:33,83.0,16.6,37.56,62.53,115.0,23.0,52.04,86.63,86.0,17.2,38.91,64.79,33.0,6.6,14.93,24.86,50.0,10.0,22.62,37.67,23.0,4.6,10.41,17.33,36.0,7.2,16.29,27.12,10.0,2.0,4.52,7.53,12.0,2.4,5.43,9.04,7.0,1.4,3.17,5.27,18.0,3.6,8.14,13.56,39.0,7.8,17.65,29.38,10.0,2.0,4.52,7.53,31.0,6.2,14.03,23.35,17.0,3.4,7.69,12.81,17.0,3.4,7.69,12.81,14.0,2.8,6.33,10.55,1.0,0.2,0.45,0.75,13.0,2.6,5.88,9.79,45.0,9.0,20.36,33.9,37.56,52.04,-14.48,110.99,-32.0,-6.4,-14.48,47.79,9.56,0.44,0.45,0.46,0.28,0.58,0.16,0.52,0.37,0.8,0.58,6.33,0.45,0.06,20.36,0.14
2,新北國王,22|32,簡祐哲/奧帝,5,225,274.0,3784.47,63.07,63:04,756.89,12.61,12:37,109.0,21.8,39.78,62.21,125.0,25.0,45.62,71.34,103.0,20.6,37.59,58.79,42.0,8.4,15.33,23.97,61.0,12.2,22.26,34.82,30.0,6.0,10.95,17.12,42.0,8.4,15.33,23.97,12.0,2.4,4.38,6.85,21.0,4.2,7.66,11.99,13.0,2.6,4.74,7.42,21.0,4.2,7.66,11.99,42.0,8.4,15.33,23.97,20.0,4.0,7.3,11.42,43.0,8.6,15.69,24.54,17.0,3.4,6.2,9.7,18.0,3.6,6.57,10.27,13.0,2.6,4.74,7.42,4.0,0.8,1.46,2.28,24.0,4.8,8.76,13.7,47.0,9.4,17.15,26.83,39.78,45.62,-5.84,104.26,-16.0,-3.2,-5.84,63.07,12.61,0.47,0.49,0.49,0.29,0.62,0.13,0.43,0.33,0.68,0.5,4.74,1.46,0.09,17.15,0.2
2,新北國王,32|34,奧帝/沃許本,4,213,253.0,3665.76,61.1,61:06,916.44,15.27,15:16,105.0,26.25,41.5,61.87,114.0,28.5,45.06,67.17,92.0,23.0,36.36,54.21,37.0,9.25,14.62,21.8,47.0,11.75,18.58,27.69,23.0,5.75,9.09,13.55,45.0,11.25,17.79,26.52,14.0,3.5,5.53,8.25,20.0,5.0,7.91,11.78,17.0,4.25,6.72,10.02,11.0,2.75,4.35,6.48,45.0,11.25,17.79,26.52,26.0,6.5,10.28,15.32,41.0,10.25,16.21,24.16,13.0,3.25,5.14,7.66,23.0,5.75,9.09,13.55,9.0,2.25,3.56,5.3,4.0,1.0,1.58,2.36,27.0,6.75,10.67,15.91,29.0,7.25,11.46,17.09,41.5,45.06,-3.56,99.38,-9.0,-2.25,-3.56,61.1,15.27,0.48,0.52,0.49,0.31,0.85,0.11,0.62,0.21,0.63,0.46,3.56,1.58,0.11,11.46,0.22
2,新北國王,32|10874,奧帝/熊祥泰,6,210,238.0,3560.16,59.34,59:20,593.36,9.89,09:53,99.0,16.5,41.6,60.06,109.0,18.17,45.8,66.13,92.0,15.33,38.66,55.82,38.0,6.33,15.97,23.06,45.0,7.5,18.91,27.3,23.0,3.83,9.66,13.95,47.0,7.83,19.75,28.52,15.0,2.5,6.3,9.1,7.0,1.17,2.94,4.25,5.0,0.83,2.1,3.03,14.0,2.33,5.88,8.49,41.0,6.83,17.23,24.88,10.0,1.67,4.2,6.07,37.0,6.17,15.55,22.45,21.0,3.5,8.82,12.74,22.0,3.67,9.24,13.35,13.0,2.17,5.46,7.89,3.0,0.5,1.26,1.82,21.0,3.5,8.82,12.74,34.0,5.67,14.29,20.63,41.6,45.8,-4.2,96.27,-10.0,-1.67,-4.2,59.34,9.89,0.49,0.52,0.51,0.32,0.71,0.18,0.58,0.27,0.8,0.54,5.46,1.26,0.09,14.29,0.08
2,新北國王,26|32,洪志善/奧帝,1,50,60.0,806.53,13.44,13:27,806.53,13.44,13:27,23.0,23.0,38.33,61.6,28.0,28.0,46.67,74.99,19.0,19.0,31.67,50.88,9.0,9.0,15.0,24.1,15.0,15.0,25.0,40.17,8.0,8.0,13.33,21.43,4.0,4.0,6.67,10.71,1.0,1.0,1.67,2.68,7.0,7.0,11.67,18.75,4.0,4.0,6.67,10.71,3.0,3.0,5.0,8.03,9.0,9.0,15.0,24.1,3.0,3.0,5.0,8.03,8.0,8.0,13.33,21.43,4.0,4.0,6.67,10.71,2.0,2.0,3.33,5.36,3.0,3.0,5.0,8.03,2.0,2.0,3.33,5.36,6.0,6.0,10.0,16.07,16.0,16.0,26.67,42.85,38.33,46.67,-8.33,107.13,-5.0,-5.0,-8.33,13.44,13.44,0.5,0.52,0.53,0.25,0.57,0.15,0.22,0.27,0.75,0.52,5.0,3.33,0.1,26.67,0.37
2,新北國王,21|23,李愷諺/王柏智,5,25,26.0,365.61,6.09,06:06,73.12,1.22,01:13,9.0,1.8,34.62,53.17,14.0,2.8,53.85,82.71,9.0,1.8,34.62,53.17,3.0,0.6,11.54,17.72,3.0,0.6,11.54,17.72,2.0,0.4,7.69,11.82,6.0,1.2,23.08,35.45,1.0,0.2,3.85,5.91,4.0,0.8,15.38,23.63,4.0,0.8,15.38,23.63,1.0,0.2,3.85,5.91,5.0,1.0,19.23,29.54,0.0,0.0,0.0,0.0,1.0,0.2,3.85,5.91,4.0,0.8,15.38,23.63,3.0,0.6,11.54,17.72,4.0,0.8,15.38,23.63,1.0,0.2,3.85,5.91,3.0,0.6,11.54,17.72,3.0,0.6,11.54,17.72,34.62,53.85,-19.23,102.4,-5.0,-1.0,-19.23,6.09,1.22,0.39,0.42,0.67,0.17,1.0,0.27,1.0,0.5,1.0,0.86,15.38,3.85,0.12,11.54,0.44
2,新北國王,23|24,王柏智/蘇士軒,1,1,1.0,11.0,0.18,00:11,11.0,0.18,00:11,2.0,2.0,200.0,392.73,0.0,0.0,0.0,0.0,0.0,0.0,0.0,0.0,0.0,0.0,0.0,0.0,0.0,0.0,0.0,0.0,0.0,0.0,0.0,0.0,0.0,0.0,0.0,0.0,0.0,0.0,0.0,0.0,2.0,2.0,200.0,392.73,2.0,2.0,200.0,392.73,0.0,0.0,0.0,0.0,0.0,0.0,0.0,0.0,0.0,0.0,0.0,0.0,0.0,0.0,0.0,0.0,0.0,0.0,0.0,0.0,0.0,0.0,0.0,0.0,0.0,0.0,0.0,0.0,0.0,0.0,0.0,0.0,1.0,1.0,100.0,196.36,0.0,0.0,0.0,0.0,200.0,0.0,200.0,130.91,2.0,2.0,200.0,0.18,0.18,,1.14,,,1.0,0.0,,,,,0.0,0.0,1.0,0.0,
2,新北國王,23|26,王柏智/洪志善,1,1,1.0,11.0,0.18,00:11,11.0,0.18,00:11,2.0,2.0,200.0,392.73,0.0,0.0,0.0,0.0,0.0,0.0,0.0,0.0,0.0,0.0,0.0,0.0,0.0,0.0,0.0,0.0,0.0,0.0,0.0,0.0,0.0,0.0,0.0,0.0,0.0,0.0,0.0,0.0,2.0,2.0,200.0,392.73,2.0,2.0,200.0,392.73,0.0,0.0,0.0,0.0,0.0,0.0,0.0,0.0,0.0,0.0,0.0,0.0,0.0,0.0,0.0,0.0,0.0,0.0,0.0,0.0,0.0,0.0,0.0,0.0,0.0,0.0,0.0,0.0,0.0,0.0,0.0,0.0,1.0,1.0,100.0,196.36,0.0,0.0,0.0,0.0,200.0,0.0,200.0,130.91,2.0,2.0,200.0,0.18,0.18,,1.14,,,1.0,0.0,,,,,0.0,0.0,1.0,0.0,
2,新北國王,21|10871,李愷諺/鍾理翔,1,4,4.0,80.0,1.33,01:20,80.0,1.33,01:20,0.0,0.0,0.0,0.0,0.0,0.0,0.0,0.0,1.0,1.0,25.0,27.0,0.0,0.0,0.0,0.0,1.0,1.0,25.0,27.0,0.0,0.0,0.0,0.0,0.0,0.0,0.0,0.0,0.0,0.0,0.0,0.0,0.0,0.0,0.0,0.0,0.0,0.0,0.0,0.0,0.0,0.0,0.0,0.0,1.0,1.0,25.0,27.0,0.0,0.0,0.0,0.0,2.0,2.0,50.0,54.0,1.0,1.0,25.0,27.0,0.0,0.0,0.0,0.0,1.0,1.0,25.0,27.0,0.0,0.0,0.0,0.0,0.0,0.0,0.0,0.0,0.0,0.0,0.0,0.0,0.0,0.0,0.0,72.0,0.0,0.0,0.0,1.33,1.33,0.0,0.0,0.0,,,0.5,,0.0,1.0,0.33,25.0,0.0,0.0,0.0,0.0
2,新北國王,21|10873,李愷諺/喬納森,2,14,16.0,217.54,3.63,03:38,108.77,1.81,01:49,2.0,1.0,12.5,19.86,7.0,3.5,43.75,69.5,4.0,2.0,25.0,39.72,0.0,0.0,0.0,0.0,2.0,1.0,12.5,19.86,0.0,0.0,0.0,0.0,2.0,1.0,12.5,19.86,0.0,0.0,0.0,0.0,2.0,1.0,12.5,19.86,2.0,1.0,12.5,19.86,0.0,0.0,0.0,0.0,4.0,2.0,25.0,39.72,2.0,1.0,12.5,19.86,3.0,1.5,18.75,29.79,2.0,1.0,12.5,19.86,0.0,0.0,0.0,0.0,1.0,0.5,6.25,9.93,0.0,0.0,0.0,0.0,2.0,1.0,12.5,19.86,4.0,2.0,25.0,39.72,12.5,43.75,-31.25,105.91,-5.0,-2.5,-31.25,3.63,1.81,0.0,0.2,0.0,0.0,1.0,0.29,,0.0,0.67,0.44,6.25,0.0,0.12,25.0,0.5
2,新北國王,26|10871,洪志善/鍾理翔,1,4,4.0,80.0,1.33,01:20,80.0,1.33,01:20,0.0,0.0,0.0,0.0,0.0,0.0,0.0,0.0,1.0,1.0,25.0,27.0,0.0,0.0,0.0,0.0,1.0,1.0,25.0,27.0,0.0,0.0,0.0,0.0,0.0,0.0,0.0,0.0,0.0,0.0,0.0,0.0,0.0,0.0,0.0,0.0,0.0,0.0,0.0,0.0,0.0,0.0,0.0,0.0,1.0,1.0,25.0,27.0,0.0,0.0,0.0,0.0,2.0,2.0,50.0,54.0,1.0,1.0,25.0,27.0,0.0,0.0,0.0,0.0,1.0,1.0,25.0,27.0,0.0,0.0,0.0,0.0,0.0,0.0,0.0,0.0,0.0,0.0,0.0,0.0,0.0,0.0,0.0,72.0,0.0,0.0,0.0,1.33,1.33,0.0,0.0,0.0,,,0.5,,0.0,1.0,0.33,25.0,0.0,0.0,0.0,0.0
2,新北國王,26|10873,洪志善/喬納森,1,4,4.0,80.23,1.34,01:20,80.23,1.34,01:20,0.0,0.0,0.0,0.0,0.0,0.0,0.0,0.0,1.0,1.0,25.0,26.92,0.0,0.0,0.0,0.0,1.0,1.0,25.0,26.92,0.0,0.0,0.0,0.0,0.0,0.0,0.0,0.0,0.0,0.0,0.0,0.0,0.0,0.0,0.0,0.0,0.0,0.0,0.0,0.0,0.0,0.0,0.0,0.0,1.0,1.0,25.0,26.92,0.0,0.0,0.0,0.0,2.0,2.0,50.0,53.84,1.0,1.0,25.0,26.92,0.0,0.0,0.0,0.0,1.0,1.0,25.0,26.92,0.0,0.0,0.0,0.0,0.0,0.0,0.0,0.0,2.0,2.0,50.0,53.84,0.0,0.0,0.0,71.79,0.0,0.0,0.0,1.34,1.34,0.0,0.0,0.0,,,0.5,,0.0,1.0,0.33,25.0,0.0,0.0,50.0,0.0
2,新北國王,34|10871,沃許本/鍾理翔,2,13,15.0,236.27,3.94,03:56,118.13,1.97,01:58,8.0,4.0,53.33,73.14,6.0,3.0,40.0,54.85,4.0,2.0,26.67,36.57,2.0,1.0,13.33,18.28,4.0,2.0,26.67,36.57,2.0,1.0,13.33,18.28,0.0,0.0,0.0,0.0,0.0,0.0,0.0,0.0,6.0,3.0,40.0,54.85,4.0,2.0,26.67,36.57,1.0,0.5,6.67,9.14,1.0,0.5,6.67,9.14,1.0,0.5,6.67,9.14,2.0,1.0,13.33,18.28,1.0,0.5,6.67,9.14,0.0,0.0,0.0,0.0,1.0,0.5,6.67,9.14,0.0,0.0,0.0,0.0,3.0,1.5,20.0,27.43,2.0,1.0,13.33,18.28,53.33,40.0,13.33,91.42,2.0,1.0,13.33,3.94,1.97,0.5,0.6,0.5,,0.67,0.13,0.0,0.33,0.5,0.4,6.67,0.0,0.2,13.33,1.5
2,新北國王,34|10873,沃許本/喬納森,2,13,15.0,236.5,3.94,03:56,118.25,1.97,01:58,8.0,4.0,53.33,73.07,6.0,3.0,40.0,54.8,4.0,2.0,26.67,36.53,2.0,1.0,13.33,18.27,4.0,2.0,26.67,36.53,2.0,1.0,13.33,18.27,0.0,0.0,0.0,0.0,0.0,0.0,0.0,0.0,6.0,3.0,40.0,54.8,4.0,2.0,26.67,36.53,1.0,0.5,6.67,9.13,1.0,0.5,6.67,9.13,1.0,0.5,6.67,9.13,2.0,1.0,13.33,18.27,1.0,0.5,6.67,9.13,0.0,0.0,0.0,0.0,1.0,0.5,6.67,9.13,0.0,0.0,0.0,0.0,3.0,1.5,20.0,27.4,4.0,2.0,26.67,36.53,53.33,40.0,13.33,91.33,2.0,1.0,13.33,3.94,1.97,0.5,0.6,0.5,,0.67,0.13,0.0,0.33,0.5,0.4,6.67,0.0,0.2,26.67,1.5
2,新北國王,10871|10873,鍾理翔/喬納森,5,45,60.0,713.54,11.89,11:54,142.71,2.38,02:23,18.0,3.6,30.0,54.49,17.0,3.4,28.33,51.46,17.0,3.4,28.33,51.46,5.0,1.0,8.33,15.14,8.0,1.6,13.33,24.22,4.0,0.8,6.67,12.11,9.0,1.8,15.0,27.24,1.0,0.2,1.67,3.03,17.0,3.4,28.33,51.46,7.0,1.4,11.67,21.19,6.0,1.2,10.0,18.16,10.0,2.0,16.67,30.27,3.0,0.6,5.0,9.08,8.0,1.6,13.33,24.22,6.0,1.2,10.0,18.16,0.0,0.0,0.0,0.0,4.0,0.8,6.67,12.11,0.0,0.0,0.0,0.0,8.0,1.6,13.33,24.22,9.0,1.8,15.0,27.24,30.0,28.33,1.67,121.09,1.0,0.2,1.67,11.89,2.38,0.32,0.37,0.5,0.11,0.41,0.2,0.0,0.43,0.77,0.59,6.67,0.0,0.13,15.0,1.0
2,新北中信特攻,39|48,魏嘉豪/李沛澄,5,55,66.0,879.82,14.66,14:40,175.96,2.93,02:56,26.0,5.2,39.39,63.83,17.0,3.4,25.76,41.74,25.0,5.0,37.88,61.38,9.0,1.8,13.64,22.1,12.0,2.4,18.18,29.46,6.0,1.2,9.09,14.73,13.0,2.6,19.7,31.92,3.0,0.6,4.55,7.37,10.0,2.0,15.15,24.55,6.0,1.2,9.09,14.73,6.0,1.2,9.09,14.73,10.0,2.0,15.15,24.55,2.0,0.4,3.03,4.91,10.0,2.0,15.15,24.55,7.0,1.4,10.61,17.19,5.0,1.0,7.58,12.28,5.0,1.0,7.58,12.28,0.0,0.0,0.0,0.0,4.0,0.8,6.06,9.82,6.0,1.2,9.09,14.73,39.39,25.76,13.64,108.02,9.0,1.8,13.64,14.66,2.93,0.42,0.44,0.5,0.23,0.6,0.19,0.56,0.38,0.83,0.57,7.58,0.0,0.06,9.09,0.4
2,新北中信特攻,39|8889,魏嘉豪/馬可,15,675,793.0,10979.9,183.0,183:00,731.99,12.2,12:12,308.0,20.53,38.84,60.59,345.0,23.0,43.51,67.87,317.0,21.13,39.97,62.36,124.0,8.27,15.64,24.39,206.0,13.73,25.98,40.52,99.0,6.6,12.48,19.48,111.0,7.4,14.0,21.84,25.0,1.67,3.15,4.92,51.0,3.4,6.43,10.03,35.0,2.33,4.41,6.89,59.0,3.93,7.44,11.61,143.0,9.53,18.03,28.13,44.0,2.93,5.55,8.66,130.0,8.67,16.39,25.57,56.0,3.73,7.06,11.02,78.0,5.2,9.84,15.34,31.0,2.07,3.91,6.1,15.0,1.0,1.89,2.95,69.0,4.6,8.7,13.57,66.0,4.4,8.32,12.98,38.84,43.51,-4.67,104.0,-37.0,-2.47,-4.67,183.0,12.2,0.43,0.45,0.48,0.23,0.69,0.14,0.63,0.31,0.76,0.54,3.91,1.89,0.09,8.32,0.16
2,新北中信特攻,48|8889,李沛澄/馬可,6,128,145.0,1983.91,33.07,33:04,330.65,5.51,05:31,90.0,15.0,62.07,97.99,73.0,12.17,50.34,79.48,57.0,9.5,39.31,62.06,32.0,5.33,22.07,34.84,32.0,5.33,22.07,34.84,22.0,3.67,15.17,23.95,25.0,4.17,17.24,27.22,10.0,1.67,6.9,10.89,26.0,4.33,17.93,28.31,17.0,2.83,11.72,18.51,9.0,1.5,6.21,9.8,17.0,2.83,11.72,18.51,1.0,0.17,0.69,1.09,19.0,3.17,13.1,20.69,9.0,1.5,6.21,9.8,17.0,2.83,11.72,18.51,8.0,1.33,5.52,8.71,2.0,0.33,1.38,2.18,15.0,2.5,10.34,16.33,26.0,4.33,17.93,28.31,62.07,50.34,11.72,105.25,17.0,2.83,11.72,33.07,5.51,0.65,0.66,0.69,0.4,0.65,0.12,0.53,0.32,0.94,0.57,5.52,1.38,0.1,17.93,0.46
2,新北中信特攻,8889|10877,馬可/阿巴西,16,1901,2267.0,30339.19,505.65,505:39,1896.2,31.6,31:36,989.0,61.81,43.63,70.41,980.0,61.25,43.23,69.77,874.0,54.62,38.55,62.22,380.0,23.75,16.76,27.05,528.0,33.0,23.29,37.59,277.0,17.31,12.22,19.72,346.0,21.62,15.26,24.63,103.0,6.44,4.54,7.33,191.0,11.94,8.43,13.6,126.0,7.88,5.56,8.97,169.0,10.56,7.45,12.03,342.0,21.38,15.09,24.35,129.0,8.06,5.69,9.18,363.0,22.69,16.01,25.84,175.0,10.94,7.72,12.46,236.0,14.75,10.41,16.8,88.0,5.5,3.88,6.27,28.0,1.75,1.24,1.99,204.0,12.75,9.0,14.52,198.0,12.38,8.73,14.1,43.63,43.23,0.4,107.6,9.0,0.56,0.4,505.65,31.6,0.49,0.52,0.52,0.3,0.66,0.15,0.62,0.32,0.73,0.51,3.88,1.24,0.09,8.73,0.22
2,新北中信特攻,8889|10881,馬可/飛克,14,945,1106.0,15471.55,257.86,257:52,1105.11,18.42,18:25,433.0,30.93,39.15,60.45,462.0,33.0,41.77,64.5,420.0,30.0,37.97,58.64,171.0,12.21,15.46,23.87,260.0,18.57,23.51,36.3,134.0,9.57,12.12,18.71,160.0,11.43,14.47,22.34,37.0,2.64,3.35,5.17,90.0,6.43,8.14,12.56,54.0,3.86,4.88,7.54,74.0,5.29,6.69,10.33,188.0,13.43,17.0,26.25,56.0,4.0,5.06,7.82,197.0,14.07,17.81,27.5,87.0,6.21,7.87,12.15,114.0,8.14,10.31,15.92,43.0,3.07,3.89,6.0,17.0,1.21,1.54,2.37,97.0,6.93,8.77,13.54,98.0,7.0,8.86,13.68,39.15,41.77,-2.62,102.94,-29.0,-2.07,-2.62,257.86,18.42,0.45,0.47,0.52,0.23,0.6,0.16,0.67,0.27,0.77,0.51,3.89,1.54,0.09,8.86,0.21
2,臺北台新戰神,13|10865,陳冠全/謝銘駿,5,37,38.0,509.27,8.49,08:29,101.85,1.7,01:42,21.0,4.2,55.26,89.07,20.0,4.0,52.63,84.83,13.0,2.6,34.21,55.14,6.0,1.2,15.79,25.45,8.0,1.6,21.05,33.93,4.0,0.8,10.53,16.97,5.0,1.0,13.16,21.21,2.0,0.4,5.26,8.48,12.0,2.4,31.58,50.9,9.0,1.8,23.68,38.17,1.0,0.2,2.63,4.24,9.0,1.8,23.68,38.17,0.0,0.0,0.0,0.0,6.0,1.2,15.79,25.45,2.0,0.4,5.26,8.48,3.0,0.6,7.89,12.72,2.0,0.4,5.26,8.48,0.0,0.0,0.0,0.0,5.0,1.0,13.16,21.21,4.0,0.8,10.53,16.97,55.26,52.63,2.63,107.45,1.0,0.2,2.63,8.49,1.7,0.54,0.57,0.5,0.4,0.75,0.1,0.5,0.14,1.0,0.62,5.26,0.0,0.13,10.53,0.92
2,臺北台新戰神,14|10865,錢肯尼/謝銘駿,16,623,743.0,10036.85,167.28,167:17,627.3,10.46,10:27,317.0,19.81,42.66,68.22,290.0,18.12,39.03,62.41,256.0,16.0,34.45,55.09,109.0,6.81,14.67,23.46,150.0,9.38,20.19,32.28,71.0,4.44,9.56,15.28,106.0,6.62,14.27,22.81,38.0,2.38,5.11,8.18,86.0,5.38,11.57,18.51,63.0,3.94,8.48,13.56,41.0,2.56,5.52,8.82,110.0,6.88,14.8,23.67,49.0,3.06,6.59,10.55,110.0,6.88,14.8,23.67,56.0,3.5,7.54,12.05,55.0,3.44,7.4,11.84,33.0,2.06,4.44,7.1,11.0,0.69,1.48,2.37,66.0,4.12,8.88,14.2,75.0,4.69,10.09,16.14,42.66,39.03,3.63,106.6,27.0,1.69,3.63,167.28,10.46,0.5,0.54,0.47,0.36,0.73,0.16,0.5,0.27,0.69,0.49,4.44,1.48,0.09,10.09,0.34
2,臺北台新戰神,10865|10869,謝銘駿/基德,15,922,1122.0,15167.06,252.78,252:47,1011.14,16.85,16:51,510.0,34.0,45.45,72.63,471.0,31.4,41.98,67.08,414.0,27.6,36.9,58.96,173.0,11.53,15.42,24.64,248.0,16.53,22.1,35.32,121.0,8.07,10.78,17.23,166.0,11.07,14.8,23.64,52.0,3.47,4.63,7.41,149.0,9.93,13.28,21.22,112.0,7.47,9.98,15.95,78.0,5.2,6.95,11.11,175.0,11.67,15.6,24.92,74.0,4.93,6.6,10.54,167.0,11.13,14.88,23.78,69.0,4.6,6.15,9.83,96.0,6.4,8.56,13.67,33.0,2.2,2.94,4.7,18.0,1.2,1.6,2.56,114.0,7.6,10.16,16.24,152.0,10.13,13.55,21.65,45.45,41.98,3.48,106.53,39.0,2.6,3.48,252.78,16.85,0.48,0.53,0.49,0.31,0.75,0.13,0.55,0.32,0.7,0.51,2.94,1.6,0.1,13.55,0.36
2,臺北台新戰神,10865|10870,謝銘駿/洛夫頓,8,481,577.0,8195.97,136.6,136:36,1024.5,17.07,17:04,252.0,31.5,43.67,66.41,260.0,32.5,45.06,68.52,215.0,26.88,37.26,56.66,87.0,10.88,15.08,22.93,122.0,15.25,21.14,32.15,56.0,7.0,9.71,14.76,93.0,11.62,16.12,24.51,31.0,3.88,5.37,8.17,73.0,9.12,12.65,19.24,46.0,5.75,7.97,12.12,41.0,5.12,7.11,10.81,96.0,12.0,16.64,25.3,29.0,3.62,5.03,7.64,85.0,10.62,14.73,22.4,34.0,4.25,5.89,8.96,30.0,3.75,5.2,7.91,19.0,2.38,3.29,5.01,10.0,1.25,1.73,2.64,66.0,8.25,11.44,17.39,57.0,7.12,9.88,15.02,43.67,45.06,-1.39,101.38,-8.0,-1.0,-1.39,136.6,17.07,0.48,0.51,0.46,0.33,0.63,0.12,0.34,0.33,0.77,0.55,3.29,1.73,0.11,9.88,0.34
2,新北中信特攻,8889|10879,馬可/簡廷兆,16,578,720.0,9523.38,158.72,158:43,595.21,9.92,09:55,281.0,17.56,39.03,63.73,324.0,20.25,45.0,73.49,273.0,17.06,37.92,61.92,101.0,6.31,14.03,22.91,165.0,10.31,22.92,37.42,72.0,4.5,10.0,16.33,108.0,6.75,15.0,24.5,29.0,1.81,4.03,6.58,77.0,4.81,10.69,17.46,54.0,3.38,7.5,12.25,65.0,4.06,9.03,14.74,118.0,7.38,16.39,26.76,51.0,3.19,7.08,11.57,108.0,6.75,15.0,24.5,46.0,2.88,6.39,10.43,59.0,3.69,8.19,13.38,26.0,1.62,3.61,5.9,16.0,1.0,2.22,3.63,76.0,4.75,10.56,17.24,70.0,4.38,9.72,15.88,39.03,45.0,-5.97,108.87,-43.0,-2.69,-5.97,158.72,9.92,0.42,0.46,0.44,0.27,0.7,0.13,0.58,0.38,0.7,0.54,3.61,2.22,0.11,9.72,0.28
2,新北中信特攻,8889|10880,馬可/內馬,12,800,974.0,12845.12,214.09,214:05,1070.43,17.84,17:50,423.0,35.25,43.43,71.13,410.0,34.17,42.09,68.94,375.0,31.25,38.5,63.06,158.0,13.17,16.22,26.57,237.0,19.75,24.33,39.85,117.0,9.75,12.01,19.67,138.0,11.5,14.17,23.21,41.0,3.42,4.21,6.89,96.0,8.0,9.86,16.14,66.0,5.5,6.78,11.1,88.0,7.33,9.03,14.8,137.0,11.42,14.07,23.04,58.0,4.83,5.95,9.75,148.0,12.33,15.2,24.89,74.0,6.17,7.6,12.44,83.0,6.92,8.52,13.96,34.0,2.83,3.49,5.72,17.0,1.42,1.75,2.86,96.0,8.0,9.86,16.14,81.0,6.75,8.32,13.62,43.43,42.09,1.33,109.19,13.0,1.08,1.33,214.09,17.84,0.48,0.51,0.49,0.3,0.69,0.15,0.53,0.37,0.7,0.52,3.49,1.75,0.1,8.32,0.26
2,臺北台新戰神,4|10865,張兆辰/謝銘駿,11,319,394.0,5143.27,85.72,85:43,467.57,7.79,07:48,171.0,15.55,43.4,71.81,171.0,15.55,43.4,71.81,147.0,13.36,37.31,61.74,59.0,5.36,14.97,24.78,89.0,8.09,22.59,37.38,38.0,3.45,9.64,15.96,58.0,5.27,14.72,24.36,21.0,1.91,5.33,8.82,50.0,4.55,12.69,21.0,30.0,2.73,7.61,12.6,33.0,3.0,8.38,13.86,61.0,5.55,15.48,25.62,23.0,2.09,5.84,9.66,56.0,5.09,14.21,23.52,23.0,2.09,5.84,9.66,20.0,1.82,5.08,8.4,15.0,1.36,3.81,6.3,5.0,0.45,1.27,2.1,41.0,3.73,10.41,17.22,35.0,3.18,8.88,14.7,43.4,43.4,0.0,110.31,0.0,0.0,0.0,85.72,7.79,0.47,0.51,0.43,0.36,0.6,0.12,0.34,0.37,0.73,0.54,3.81,1.27,0.1,8.88,0.34
2,臺北台新戰神,10865|10868,謝銘駿/齊曼加,7,349,436.0,5805.67,96.76,96:46,829.38,13.82,13:49,174.0,24.86,39.91,64.74,187.0,26.71,42.89,69.57,165.0,23.57,37.84,61.39,61.0,8.71,13.99,22.7,99.0,14.14,22.71,36.83,40.0,5.71,9.17,14.88,66.0,9.43,15.14,24.56,21.0,3.0,4.82,7.81,46.0,6.57,10.55,17.11,31.0,4.43,7.11,11.53,41.0,5.86,9.4,15.25,68.0,9.71,15.6,25.3,30.0,4.29,6.88,11.16,60.0,8.57,13.76,22.32,26.0,3.71,5.96,9.67,31.0,4.43,7.11,11.53,14.0,2.0,3.21,5.21,6.0,0.86,1.38,2.23,45.0,6.43,10.32,16.74,50.0,7.14,11.47,18.6,39.91,42.89,-2.98,108.14,-13.0,-1.86,-2.98,96.76,13.82,0.43,0.47,0.4,0.32,0.67,0.12,0.51,0.41,0.69,0.55,3.21,1.38,0.1,11.47,0.28
2,新北中信特攻,40|48,謝亞軒/李沛澄,4,58,69.0,876.7,14.61,14:37,219.18,3.65,03:39,35.0,8.75,50.72,86.23,27.0,6.75,39.13,66.52,26.0,6.5,37.68,64.06,11.0,2.75,15.94,27.1,9.0,2.25,13.04,22.17,6.0,1.5,8.7,14.78,17.0,4.25,24.64,41.88,5.0,1.25,7.25,12.32,10.0,2.5,14.49,24.64,8.0,2.0,11.59,19.71,4.0,1.0,5.8,9.86,10.0,2.5,14.49,24.64,4.0,1.0,5.8,9.86,10.0,2.5,14.49,24.64,3.0,0.75,4.35,7.39,6.0,1.5,8.7,14.78,2.0,0.5,2.9,4.93,1.0,0.25,1.45,2.46,5.0,1.25,7.25,12.32,8.0,2.0,11.59,19.71,50.72,39.13,11.59,113.33,8.0,2.0,11.59,14.61,3.65,0.52,0.58,0.67,0.29,0.8,0.09,0.55,0.29,0.71,0.5,2.9,1.45,0.07,11.59,0.38
2,新北中信特攻,40|8889,謝亞軒/馬可,15,1566,1860.0,25111.04,418.52,418:31,1674.07,27.9,27:54,824.0,54.93,44.3,70.88,769.0,51.27,41.34,66.15,698.0,46.53,37.53,60.04,316.0,21.07,16.99,27.18,438.0,29.2,23.55,37.68,238.0,15.87,12.8,20.47,260.0,17.33,13.98,22.36,78.0,5.2,4.19,6.71,168.0,11.2,9.03,14.45,111.0,7.4,5.97,9.55,131.0,8.73,7.04,11.27,269.0,17.93,14.46,23.14,104.0,6.93,5.59,8.95,303.0,20.2,16.29,26.06,152.0,10.13,8.17,13.07,202.0,13.47,10.86,17.38,70.0,4.67,3.76,6.02,29.0,1.93,1.56,2.49,166.0,11.07,8.92,14.28,152.0,10.13,8.17,13.07,44.3,41.34,2.96,106.66,55.0,3.67,2.96,418.52,27.9,0.51,0.53,0.54,0.3,0.66,0.16,0.64,0.3,0.72,0.5,3.76,1.56,0.09,8.17,0.24
2,臺北台新戰神,10|10865,雷蒙恩/謝銘駿,16,718,870.0,11674.06,194.57,194:34,729.63,12.16,12:10,380.0,23.75,43.68,70.31,404.0,25.25,46.44,74.75,327.0,20.44,37.59,60.5,127.0,7.94,14.6,23.5,195.0,12.19,22.41,36.08,90.0,5.62,10.34,16.65,132.0,8.25,15.17,24.42,37.0,2.31,4.25,6.85,117.0,7.31,13.45,21.65,84.0,5.25,9.66,15.54,69.0,4.31,7.93,12.77,140.0,8.75,16.09,25.9,50.0,3.12,5.75,9.25,122.0,7.62,14.02,22.57,45.0,2.81,5.17,8.33,66.0,4.12,7.59,12.21,24.0,1.5,2.76,4.44,10.0,0.62,1.15,1.85,97.0,6.06,11.15,17.95,105.0,6.56,12.07,19.43,43.68,46.44,-2.76,107.31,-24.0,-1.5,-2.76,194.57,12.16,0.44,0.5,0.46,0.28,0.72,0.11,0.52,0.36,0.74,0.55,2.76,1.15,0.11,12.07,0.36
2,新北中信特攻,44|8889,黃泓瀚/馬可,13,336,391.0,5316.85,88.61,88:37,408.99,6.82,06:49,158.0,12.15,40.41,64.19,175.0,13.46,44.76,71.09,146.0,11.23,37.34,59.31,60.0,4.62,15.35,24.38,94.0,7.23,24.04,38.19,45.0,3.46,11.51,18.28,52.0,4.0,13.3,21.13,15.0,1.15,3.84,6.09,36.0,2.77,9.21,14.63,23.0,1.77,5.88,9.34,30.0,2.31,7.67,12.19,58.0,4.46,14.83,23.56,19.0,1.46,4.86,7.72,70.0,5.38,17.9,28.44,31.0,2.38,7.93,12.59,30.0,2.31,7.67,12.19,13.0,1.0,3.32,5.28,10.0,0.77,2.56,4.06,27.0,2.08,6.91,10.97,34.0,2.62,8.7,13.81,40.41,44.76,-4.35,105.9,-17.0,-1.31,-4.35,88.61,6.82,0.46,0.49,0.48,0.29,0.64,0.16,0.5,0.3,0.75,0.5,3.32,2.56,0.07,8.7,0.25
2,臺北台新戰神,3|10865,陳文宏/謝銘駿,10,135,171.0,2194.19,36.57,36:34,219.42,3.66,03:39,74.0,7.4,43.27,72.85,84.0,8.4,49.12,82.69,57.0,5.7,33.33,56.11,25.0,2.5,14.62,24.61,35.0,3.5,20.47,34.45,17.0,1.7,9.94,16.74,22.0,2.2,12.87,21.66,8.0,0.8,4.68,7.88,23.0,2.3,13.45,22.64,18.0,1.8,10.53,17.72,15.0,1.5,8.77,14.77,22.0,2.2,12.87,21.66,14.0,1.4,8.19,13.78,27.0,2.7,15.79,26.58,11.0,1.1,6.43,10.83,6.0,0.6,3.51,5.91,6.0,0.6,3.51,5.91,3.0,0.3,1.75,2.95,20.0,2.0,11.7,19.69,25.0,2.5,14.62,24.61,43.27,49.12,-5.85,112.22,-10.0,-1.0,-5.85,36.57,3.66,0.51,0.55,0.49,0.36,0.78,0.14,0.24,0.36,0.61,0.47,3.51,1.75,0.12,14.62,0.4
2,臺北台新戰神,10|10863,雷蒙恩/魏芃禾,9,157,194.0,2403.41,40.06,40:03,267.05,4.45,04:27,64.0,7.11,32.99,57.52,86.0,9.56,44.33,77.29,73.0,8.11,37.63,65.61,21.0,2.33,10.82,18.87,31.0,3.44,15.98,27.86,13.0,1.44,6.7,11.68,42.0,4.67,21.65,37.75,8.0,0.89,4.12,7.19,25.0,2.78,12.89,22.47,16.0,1.78,8.25,14.38,17.0,1.89,8.76,15.28,36.0,4.0,18.56,32.35,14.0,1.56,7.22,12.58,26.0,2.89,13.4,23.37,12.0,1.33,6.19,10.78,16.0,1.78,8.25,14.38,7.0,0.78,3.61,6.29,5.0,0.56,2.58,4.49,22.0,2.44,11.34,19.77,31.0,3.44,15.98,27.86,32.99,44.33,-11.34,116.23,-22.0,-2.44,-11.34,40.06,4.45,0.34,0.38,0.42,0.19,0.64,0.12,0.76,0.4,0.72,0.57,3.61,2.58,0.11,15.98,0.34
2,臺北台新戰神,10863|10865,魏芃禾/謝銘駿,12,154,200.0,2491.27,41.52,41:31,207.61,3.46,03:28,65.0,5.42,32.5,56.36,73.0,6.08,36.5,63.29,73.0,6.08,36.5,63.29,19.0,1.58,9.5,16.47,39.0,3.25,19.5,33.81,14.0,1.17,7.0,12.14,34.0,2.83,17.0,29.48,5.0,0.42,2.5,4.34,30.0,2.5,15.0,26.01,22.0,1.83,11.0,19.07,16.0,1.33,8.0,13.87,40.0,3.33,20.0,34.68,16.0,1.33,8.0,13.87,34.0,2.83,17.0,29.48,12.0,1.0,6.0,10.4,7.0,0.58,3.5,6.07,10.0,0.83,5.0,8.67,3.0,0.25,1.5,2.6,18.0,1.5,9.0,15.61,22.0,1.83,11.0,19.07,32.5,36.5,-4.0,115.6,-8.0,-0.67,-4.0,41.52,3.46,0.29,0.38,0.36,0.15,0.73,0.12,0.37,0.32,0.71,0.53,5.0,1.5,0.09,11.0,0.41
2,臺北台新戰神,10863|10868,魏芃禾/齊曼加,5,85,110.0,1394.33,23.24,23:14,278.87,4.65,04:39,40.0,8.0,36.36,61.97,45.0,9.0,40.91,69.71,48.0,9.6,43.64,74.36,14.0,2.8,12.73,21.69,26.0,5.2,23.64,40.28,10.0,2.0,9.09,15.49,22.0,4.4,20.0,34.08,4.0,0.8,3.64,6.2,13.0,2.6,11.82,20.14,8.0,1.6,7.27,12.39,15.0,3.0,13.64,23.24,21.0,4.2,19.09,32.53,9.0,1.8,8.18,13.94,14.0,2.8,12.73,21.69,6.0,1.2,5.45,9.29,9.0,1.8,8.18,13.94,4.0,0.8,3.64,6.2,2.0,0.4,1.82,3.1,11.0,2.2,10.0,17.04,9.0,1.8,8.18,13.94,36.36,40.91,-4.55,113.6,-5.0,-1.0,-4.55,23.24,4.65,0.33,0.37,0.38,0.18,0.62,0.1,0.64,0.52,0.7,0.61,3.64,1.82,0.1,8.18,0.27
2,臺北台新戰神,10863|10869,魏芃禾/基德,11,186,238.0,3287.55,54.79,54:48,298.87,4.98,04:59,72.0,6.55,30.25,47.31,96.0,8.73,40.34,63.07,90.0,8.18,37.82,59.13,24.0,2.18,10.08,15.77,42.0,3.82,17.65,27.6,16.0,1.45,6.72,10.51,48.0,4.36,20.17,31.54,8.0,0.73,3.36,5.26,24.0,2.18,10.08,15.77,17.0,1.55,7.14,11.17,18.0,1.64,7.56,11.83,51.0,4.64,21.43,33.51,22.0,2.0,9.24,14.45,39.0,3.55,16.39,25.62,14.0,1.27,5.88,9.2,12.0,1.09,5.04,7.88,8.0,0.73,3.36,5.26,5.0,0.45,2.1,3.29,21.0,1.91,8.82,13.8,39.0,3.55,16.39,25.62,30.25,40.34,-10.08,104.25,-24.0,-2.18,-10.08,54.79,4.98,0.31,0.36,0.38,0.17,0.71,0.12,0.5,0.32,0.7,0.53,3.36,2.1,0.09,16.39,0.27
2,臺北台新戰神,14|10863,錢肯尼/魏芃禾,11,130,159.0,2009.12,33.49,33:29,182.65,3.04,03:03,60.0,5.45,37.74,64.51,70.0,6.36,44.03,75.26,63.0,5.73,39.62,67.73,20.0,1.82,12.58,21.5,35.0,3.18,22.01,37.63,14.0,1.27,8.81,15.05,28.0,2.55,17.61,30.1,6.0,0.55,3.77,6.45,13.0,1.18,8.18,13.98,10.0,0.91,6.29,10.75,16.0,1.45,10.06,17.2,27.0,2.45,16.98,29.03,9.0,0.82,5.66,9.68,20.0,1.82,12.58,21.5,12.0,1.09,7.55,12.9,14.0,1.27,8.81,15.05,7.0,0.64,4.4,7.53,4.0,0.36,2.52,4.3,12.0,1.09,7.55,12.9,17.0,1.55,10.69,18.28,37.74,44.03,-6.29,113.96,-10.0,-0.91,-6.29,33.49,3.04,0.37,0.44,0.4,0.21,0.77,0.15,0.7,0.44,0.75,0.6,4.4,2.52,0.08,10.69,0.21
2,臺北台新戰神,7|14,孫思堯/錢肯尼,3,45,56.0,597.06,9.95,09:57,199.02,3.32,03:19,12.0,4.0,21.43,43.41,17.0,5.67,30.36,61.5,14.0,4.67,25.0,50.65,3.0,1.0,5.36,10.85,5.0,1.67,8.93,18.09,2.0,0.67,3.57,7.24,9.0,3.0,16.07,32.56,1.0,0.33,1.79,3.62,5.0,1.67,8.93,18.09,5.0,1.67,8.93,18.09,1.0,0.33,1.79,3.62,9.0,3.0,16.07,32.56,7.0,2.33,12.5,25.32,10.0,3.33,17.86,36.18,7.0,2.33,12.5,25.32,1.0,0.33,1.79,3.62,2.0,0.67,3.57,7.24,2.0,0.67,3.57,7.24,7.0,2.33,12.5,25.32,8.0,2.67,14.29,28.94,21.43,30.36,-8.93,135.06,-5.0,-1.67,-8.93,9.95,3.32,0.25,0.37,0.4,0.11,1.0,0.3,0.33,0.09,0.56,0.37,3.57,3.57,0.12,14.29,0.36
2,臺北台新戰神,7|10865,孫思堯/謝銘駿,3,35,44.0,424.52,7.08,07:05,141.51,2.36,02:22,11.0,3.67,25.0,55.97,13.0,4.33,29.55,66.14,15.0,5.0,34.09,76.32,3.0,1.0,6.82,15.26,6.0,2.0,13.64,30.53,2.0,0.67,4.55,10.18,9.0,3.0,20.45,45.79,1.0,0.33,2.27,5.09,5.0,1.67,11.36,25.44,5.0,1.67,11.36,25.44,3.0,1.0,6.82,15.26,6.0,2.0,13.64,30.53,4.0,1.33,9.09,20.35,6.0,2.0,13.64,30.53,5.0,1.67,11.36,25.44,2.0,0.67,4.55,10.18,2.0,0.67,4.55,10.18,1.0,0.33,2.27,5.09,6.0,2.0,13.64,30.53,8.0,2.67,18.18,40.7,25.0,29.55,-4.55,149.25,-2.0,-0.67,-4.55,7.08,2.36,0.23,0.32,0.33,0.11,1.0,0.23,0.67,0.33,0.6,0.47,4.55,2.27,0.14,18.18,0.33
2,臺北台新戰神,2|10,江均/雷蒙恩,3,19,21.0,251.58,4.19,04:12,83.86,1.4,01:24,11.0,3.67,52.38,94.44,13.0,4.33,61.9,111.61,8.0,2.67,38.1,68.69,4.0,1.33,19.05,34.34,4.0,1.33,19.05,34.34,3.0,1.0,14.29,25.76,4.0,1.33,19.05,34.34,1.0,0.33,4.76,8.59,1.0,0.33,4.76,8.59,1.0,0.33,4.76,8.59,3.0,1.0,14.29,25.76,1.0,0.33,4.76,8.59,0.0,0.0,0.0,0.0,0.0,0.0,0.0,0.0,3.0,1.0,14.29,25.76,0.0,0.0,0.0,0.0,1.0,0.33,4.76,8.59,0.0,0.0,0.0,0.0,1.0,0.33,4.76,8.59,1.0,0.33,4.76,8.59,52.38,61.9,-9.52,120.2,-2.0,-0.67,-9.52,4.19,1.4,0.56,0.65,0.75,0.25,1.0,0.26,0.0,1.0,1.0,1.0,4.76,0.0,0.05,4.76,0.12
2,臺北台新戰神,2|10865,江均/謝銘駿,6,60,78.0,1258.88,20.98,20:59,209.81,3.5,03:30,27.0,4.5,34.62,46.33,29.0,4.83,37.18,49.76,28.0,4.67,35.9,48.04,9.0,1.5,11.54,15.44,15.0,2.5,19.23,25.74,5.0,0.83,6.41,8.58,13.0,2.17,16.67,22.31,4.0,0.67,5.13,6.86,9.0,1.5,11.54,15.44,4.0,0.67,5.13,6.86,8.0,1.33,10.26,13.73,14.0,2.33,17.95,24.02,5.0,0.83,6.41,8.58,9.0,1.5,11.54,15.44,7.0,1.17,8.97,12.01,3.0,0.5,3.85,5.15,6.0,1.0,7.69,10.29,4.0,0.67,5.13,6.86,6.0,1.0,7.69,10.29,6.0,1.0,7.69,10.29,34.62,37.18,-2.56,89.22,-2.0,-0.33,-2.56,20.98,3.5,0.39,0.42,0.33,0.31,0.44,0.18,0.33,0.47,0.74,0.61,7.69,5.13,0.08,7.69,0.32
2,臺北台新戰神,2|10869,江均/基德,3,14,20.0,179.54,2.99,03:00,59.85,1.0,01:00,6.0,2.0,30.0,72.18,6.0,2.0,30.0,72.18,5.0,1.67,25.0,60.15,2.0,0.67,10.0,24.06,2.0,0.67,10.0,24.06,1.0,0.33,5.0,12.03,3.0,1.0,15.0,36.09,1.0,0.33,5.0,12.03,1.0,0.33,5.0,12.03,0.0,0.0,0.0,0.0,3.0,1.0,15.0,36.09,1.0,0.33,5.0,12.03,2.0,0.67,10.0,24.06,0.0,0.0,0.0,0.0,3.0,1.0,15.0,36.09,0.0,0.0,0.0,0.0,1.0,0.33,5.0,12.03,0.0,0.0,0.0,0.0,1.0,0.33,5.0,12.03,3.0,1.0,15.0,36.09,30.0,30.0,0.0,160.41,0.0,0.0,0.0,2.99,1.0,0.5,0.55,0.5,0.33,0.0,0.36,0.0,1.0,0.33,0.67,5.0,0.0,0.05,15.0,0.2
2,臺北台新戰神,2|10870,江均/洛夫頓,4,56,71.0,1061.59,17.69,17:42,265.4,4.42,04:25,23.0,5.75,32.39,46.8,28.0,7.0,39.44,56.97,23.0,5.75,32.39,46.8,8.0,2.0,11.27,16.28,14.0,3.5,19.72,28.49,5.0,1.25,7.04,10.17,9.0,2.25,12.68,18.31,3.0,0.75,4.23,6.1,8.0,2.0,11.27,16.28,3.0,0.75,4.23,6.1,7.0,1.75,9.86,14.24,11.0,2.75,15.49,22.38,6.0,1.5,8.45,12.21,7.0,1.75,9.86,14.24,8.0,2.0,11.27,16.28,0.0,0.0,0.0,0.0,5.0,1.25,7.04,10.17,4.0,1.0,5.63,8.14,5.0,1.25,7.04,10.17,8.0,2.0,11.27,16.28,32.39,39.44,-7.04,96.31,-5.0,-1.25,-7.04,17.69,4.42,0.41,0.43,0.36,0.33,0.38,0.23,0.0,0.5,0.65,0.58,7.04,5.63,0.07,11.27,0.35
2,新竹御嵿攻城獅,75|76,高國豪/曾柏喻,16,1430,1703.0,24223.52,403.73,403:44,1513.97,25.23,25:14,779.0,48.69,45.74,69.46,684.0,42.75,40.16,60.99,644.0,40.25,37.82,57.43,292.0,18.25,17.15,26.04,403.0,25.19,23.66,35.94,212.0,13.25,12.45,18.9,241.0,15.06,14.15,21.49,80.0,5.0,4.7,7.13,169.0,10.56,9.92,15.07,113.0,7.06,6.64,10.08,101.0,6.31,5.93,9.01,275.0,17.19,16.15,24.52,119.0,7.44,6.99,10.61,272.0,17.0,15.97,24.25,98.0,6.12,5.75,8.74,174.0,10.88,10.22,15.52,52.0,3.25,3.05,4.64,25.0,1.56,1.47,2.23,169.0,10.56,9.92,15.07,113.0,7.06,6.64,10.08,45.74,40.16,5.58,101.24,95.0,5.94,5.58,403.73,25.23,0.52,0.54,0.53,0.33,0.67,0.12,0.6,0.27,0.7,0.49,3.05,1.47,0.1,6.64,0.26
2,新竹御嵿攻城獅,75|90,高國豪/李啓瑋,11,516,617.0,8415.96,140.27,140:16,765.09,12.75,12:45,305.0,27.73,49.43,78.28,275.0,25.0,44.57,70.58,233.0,21.18,37.76,59.8,116.0,10.55,18.8,29.77,146.0,13.27,23.66,37.47,85.0,7.73,13.78,21.82,87.0,7.91,14.1,22.33,31.0,2.82,5.02,7.96,54.0,4.91,8.75,13.86,41.0,3.73,6.65,10.52,36.0,3.27,5.83,9.24,84.0,7.64,13.61,21.56,45.0,4.09,7.29,11.55,93.0,8.45,15.07,23.87,37.0,3.36,6.0,9.5,60.0,5.45,9.72,15.4,22.0,2.0,3.57,5.65,11.0,1.0,1.78,2.82,58.0,5.27,9.4,14.89,42.0,3.82,6.81,10.78,49.43,44.57,4.86,105.57,30.0,2.73,4.86,140.27,12.75,0.56,0.59,0.58,0.36,0.76,0.13,0.52,0.28,0.65,0.47,3.57,1.78,0.09,6.81,0.23
2,新竹御嵿攻城獅,75|10887,高國豪/德魯,16,1525,1839.0,25539.95,425.67,425:40,1596.25,26.6,26:36,844.0,52.75,45.89,71.38,743.0,46.44,40.4,62.84,687.0,42.94,37.36,58.1,307.0,19.19,16.69,25.96,434.0,27.12,23.6,36.7,224.0,14.0,12.18,18.94,253.0,15.81,13.76,21.4,83.0,5.19,4.51,7.02,202.0,12.62,10.98,17.08,146.0,9.12,7.94,12.35,118.0,7.38,6.42,9.98,283.0,17.69,15.39,23.93,137.0,8.56,7.45,11.59,297.0,18.56,16.15,25.12,100.0,6.25,5.44,8.46,186.0,11.62,10.11,15.73,54.0,3.38,2.94,4.57,26.0,1.62,1.41,2.2,190.0,11.88,10.33,16.07,141.0,8.81,7.67,11.92,45.89,40.4,5.49,103.69,101.0,6.31,5.49,425.67,26.6,0.51,0.54,0.52,0.33,0.72,0.11,0.61,0.28,0.67,0.48,2.94,1.41,0.1,7.67,0.29
2,新竹御嵿攻城獅,75|10888,高國豪/帕塞獅,12,953,1128.0,16402.51,273.38,273:23,1366.88,22.78,22:47,517.0,43.08,45.83,68.08,458.0,38.17,40.6,60.31,435.0,36.25,38.56,57.28,198.0,16.5,17.55,26.07,279.0,23.25,24.73,36.74,145.0,12.08,12.85,19.09,156.0,13.0,13.83,20.54,53.0,4.42,4.7,6.98,107.0,8.92,9.49,14.09,69.0,5.75,6.12,9.09,73.0,6.08,6.47,9.61,181.0,15.08,16.05,23.84,65.0,5.42,5.76,8.56,199.0,16.58,17.64,26.21,67.0,5.58,5.94,8.82,117.0,9.75,10.37,15.41,33.0,2.75,2.93,4.35,16.0,1.33,1.42,2.11,107.0,8.92,9.49,14.09,70.0,5.83,6.21,9.22,45.83,40.6,5.23,99.03,59.0,4.92,5.23,273.38,22.78,0.52,0.54,0.52,0.34,0.64,0.12,0.59,0.27,0.74,0.49,2.93,1.42,0.09,6.21,0.25
2,新竹御嵿攻城獅,76|90,曾柏喻/李啓瑋,13,597,717.0,10476.55,174.61,174:37,805.89,13.43,13:26,344.0,26.46,47.98,70.92,303.0,23.31,42.26,62.47,263.0,20.23,36.68,54.22,130.0,10.0,18.13,26.8,164.0,12.62,22.87,33.81,97.0,7.46,13.53,20.0,99.0,7.62,13.81,20.41,33.0,2.54,4.6,6.8,64.0,4.92,8.93,13.2,51.0,3.92,7.11,10.51,38.0,2.92,5.3,7.83,98.0,7.54,13.67,20.21,54.0,4.15,7.53,11.13,114.0,8.77,15.9,23.5,51.0,3.92,7.11,10.51,72.0,5.54,10.04,14.84,32.0,2.46,4.46,6.6,10.0,0.77,1.39,2.06,71.0,5.46,9.9,14.64,51.0,3.92,7.11,10.51,47.98,42.26,5.72,98.55,41.0,3.15,5.72,174.61,13.43,0.56,0.59,0.59,0.33,0.8,0.15,0.55,0.25,0.64,0.45,4.46,1.39,0.1,7.11,0.24
2,新竹御嵿攻城獅,76|10887,曾柏喻/德魯,19,1799,2155.0,29779.49,496.32,496:19,1567.34,26.12,26:07,969.0,51.0,44.97,70.28,887.0,46.68,41.16,64.34,773.0,40.68,35.87,56.07,349.0,18.37,16.19,25.31,475.0,25.0,22.04,34.45,250.0,13.16,11.6,18.13,298.0,15.68,13.83,21.61,99.0,5.21,4.59,7.18,242.0,12.74,11.23,17.55,171.0,9.0,7.94,12.4,119.0,6.26,5.52,8.63,335.0,17.63,15.55,24.3,162.0,8.53,7.52,11.75,365.0,19.21,16.94,26.47,138.0,7.26,6.4,10.01,225.0,11.84,10.44,16.32,78.0,4.11,3.62,5.66,28.0,1.47,1.3,2.03,233.0,12.26,10.81,16.9,160.0,8.42,7.42,11.61,44.97,41.16,3.81,104.21,82.0,4.32,3.81,496.32,26.12,0.52,0.55,0.53,0.33,0.71,0.14,0.64,0.25,0.67,0.46,3.62,1.3,0.11,7.42,0.31
2,新竹御嵿攻城獅,76|10888,曾柏喻/帕塞獅,14,1258,1523.0,21366.87,356.11,356:07,1526.21,25.44,25:26,674.0,48.14,44.25,68.14,635.0,45.36,41.69,64.19,559.0,39.93,36.7,56.51,254.0,18.14,16.68,25.68,345.0,24.64,22.65,34.88,182.0,13.0,11.95,18.4,214.0,15.29,14.05,21.63,72.0,5.14,4.73,7.28,141.0,10.07,9.26,14.25,94.0,6.71,6.17,9.5,99.0,7.07,6.5,10.01,228.0,16.29,14.97,23.05,102.0,7.29,6.7,10.31,259.0,18.5,17.01,26.18,113.0,8.07,7.42,11.42,149.0,10.64,9.78,15.06,57.0,4.07,3.74,5.76,19.0,1.36,1.25,1.92,165.0,11.79,10.83,16.68,104.0,7.43,6.83,10.51,44.25,41.69,2.56,102.64,39.0,2.79,2.56,356.11,25.44,0.52,0.54,0.53,0.34,0.67,0.15,0.59,0.28,0.69,0.48,3.74,1.25,0.11,6.83,0.25
2,新竹御嵿攻城獅,90|10887,李啓瑋/德魯,14,667,800.0,10562.41,176.04,176:02,754.46,12.57,12:34,391.0,27.93,48.88,79.96,341.0,24.36,42.62,69.73,291.0,20.79,36.38,59.51,143.0,10.21,17.88,29.24,172.0,12.29,21.5,35.17,103.0,7.36,12.88,21.06,119.0,8.5,14.88,24.34,40.0,2.86,5.0,8.18,81.0,5.79,10.12,16.56,65.0,4.64,8.12,13.29,42.0,3.0,5.25,8.59,107.0,7.64,13.38,21.88,60.0,4.29,7.5,12.27,129.0,9.21,16.12,26.38,53.0,3.79,6.62,10.84,83.0,5.93,10.38,16.97,31.0,2.21,3.88,6.34,9.0,0.64,1.12,1.84,82.0,5.86,10.25,16.77,62.0,4.43,7.75,12.68,48.88,42.62,6.25,109.07,50.0,3.57,6.25,176.04,12.57,0.56,0.6,0.6,0.34,0.8,0.14,0.58,0.25,0.64,0.44,3.88,1.12,0.1,7.75,0.28
2,新竹御嵿攻城獅,90|10888,李啓瑋/帕塞獅,8,301,364.0,5145.18,85.75,85:45,643.15,10.72,10:43,174.0,21.75,47.8,73.05,163.0,20.38,44.78,68.43,132.0,16.5,36.26,55.41,68.0,8.5,18.68,28.55,82.0,10.25,22.53,34.42,49.0,6.12,13.46,20.57,50.0,6.25,13.74,20.99,19.0,2.38,5.22,7.98,23.0,2.88,6.32,9.66,19.0,2.38,5.22,7.98,20.0,2.5,5.49,8.4,44.0,5.5,12.09,18.47,22.0,2.75,6.04,9.24,64.0,8.0,17.58,26.87,32.0,4.0,8.79,13.43,40.0,5.0,10.99,16.79,20.0,2.5,5.49,8.4,7.0,0.88,1.92,2.94,38.0,4.75,10.44,15.95,22.0,2.75,6.04,9.24,47.8,44.78,3.02,101.87,11.0,1.38,3.02,85.75,10.72,0.59,0.61,0.6,0.38,0.83,0.18,0.59,0.24,0.67,0.43,5.49,1.92,0.1,6.04,0.17
2,新竹御嵿攻城獅,10887|10888,德魯/帕塞獅,14,1022,1232.0,16972.41,282.87,282:52,1212.31,20.21,20:12,552.0,39.43,44.81,70.25,509.0,36.36,41.31,64.78,455.0,32.5,36.93,57.91,207.0,14.79,16.8,26.34,294.0,21.0,23.86,37.42,154.0,11.0,12.5,19.6,161.0,11.5,13.07,20.49,53.0,3.79,4.3,6.75,127.0,9.07,10.31,16.16,86.0,6.14,6.98,10.94,78.0,5.57,6.33,9.93,190.0,13.57,15.42,24.18,74.0,5.29,6.01,9.42,222.0,15.86,18.02,28.25,80.0,5.71,6.49,10.18,124.0,8.86,10.06,15.78,39.0,2.79,3.17,4.96,17.0,1.21,1.38,2.16,136.0,9.71,11.04,17.31,83.0,5.93,6.74,10.56,44.81,41.31,3.49,104.53,43.0,3.07,3.49,282.87,20.21,0.51,0.54,0.52,0.33,0.68,0.14,0.6,0.26,0.72,0.48,3.17,1.38,0.11,6.74,0.28
2,新竹御嵿攻城獅,75|10862,高國豪/提傑,15,1042,1254.0,17542.74,292.38,292:23,1169.52,19.49,19:30,540.0,36.0,43.06,66.49,494.0,32.93,39.39,60.83,461.0,30.73,36.76,56.76,190.0,12.67,15.15,23.39,278.0,18.53,22.17,34.23,133.0,8.87,10.61,16.38,183.0,12.2,14.59,22.53,57.0,3.8,4.55,7.02,141.0,9.4,11.24,17.36,100.0,6.67,7.97,12.31,87.0,5.8,6.94,10.71,196.0,13.07,15.63,24.13,104.0,6.93,8.29,12.81,178.0,11.87,14.19,21.92,78.0,5.2,6.22,9.6,116.0,7.73,9.25,14.28,45.0,3.0,3.59,5.54,18.0,1.2,1.44,2.22,121.0,8.07,9.65,14.9,107.0,7.13,8.53,13.17,43.06,39.39,3.67,102.93,46.0,3.07,3.67,292.38,19.49,0.47,0.52,0.48,0.31,0.71,0.13,0.61,0.33,0.65,0.5,3.59,1.44,0.1,8.53,0.31
2,新竹御嵿攻城獅,76|10862,曾柏喻/提傑,18,1241,1486.0,21425.15,357.09,357:05,1190.29,19.84,19:50,634.0,35.22,42.66,63.92,588.0,32.67,39.57,59.28,519.0,28.83,34.93,52.32,226.0,12.56,15.21,22.78,313.0,17.39,21.06,31.56,162.0,9.0,10.9,16.33,206.0,11.44,13.86,20.77,64.0,3.56,4.31,6.45,168.0,9.33,11.31,16.94,116.0,6.44,7.81,11.69,82.0,4.56,5.52,8.27,228.0,12.67,15.34,22.99,123.0,6.83,8.28,12.4,222.0,12.33,14.94,22.38,112.0,6.22,7.54,11.29,134.0,7.44,9.02,13.51,63.0,3.5,4.24,6.35,16.0,0.89,1.08,1.61,151.0,8.39,10.16,15.22,127.0,7.06,8.55,12.8,42.66,39.57,3.1,99.88,46.0,2.56,3.1,357.09,19.84,0.5,0.53,0.52,0.31,0.69,0.16,0.59,0.27,0.65,0.47,4.24,1.08,0.1,8.55,0.32
2,新竹御嵿攻城獅,90|10862,李啓瑋/提傑,11,453,550.0,8015.08,133.58,133:35,728.64,12.14,12:09,252.0,22.91,45.82,67.91,225.0,20.45,40.91,60.64,194.0,17.64,35.27,52.28,89.0,8.09,16.18,23.98,116.0,10.55,21.09,31.26,64.0,5.82,11.64,17.25,78.0,7.09,14.18,21.02,25.0,2.27,4.55,6.74,59.0,5.36,10.73,15.9,48.0,4.36,8.73,12.94,28.0,2.55,5.09,7.55,79.0,7.18,14.36,21.29,55.0,5.0,10.0,14.82,81.0,7.36,14.73,21.83,36.0,3.27,6.55,9.7,51.0,4.64,9.27,13.74,23.0,2.09,4.18,6.2,5.0,0.45,0.91,1.35,52.0,4.73,9.45,14.01,43.0,3.91,7.82,11.59,45.82,40.91,4.91,98.81,27.0,2.45,4.91,133.58,12.14,0.52,0.57,0.55,0.32,0.81,0.14,0.57,0.26,0.59,0.44,4.18,0.91,0.09,7.82,0.3
2,新竹御嵿攻城獅,10862|10887,提傑/德魯,18,1173,1431.0,19370.41,322.84,322:50,1076.13,17.94,17:56,618.0,34.33,43.19,68.91,563.0,31.28,39.34,62.78,494.0,27.44,34.52,55.09,202.0,11.22,14.12,22.53,297.0,16.5,20.75,33.12,141.0,7.83,9.85,15.72,197.0,10.94,13.77,21.97,61.0,3.39,4.26,6.8,201.0,11.17,14.05,22.41,150.0,8.33,10.48,16.73,91.0,5.06,6.36,10.15,215.0,11.94,15.02,23.97,127.0,7.06,8.87,14.16,223.0,12.39,15.58,24.87,95.0,5.28,6.64,10.59,136.0,7.56,9.5,15.17,55.0,3.06,3.84,6.13,21.0,1.17,1.47,2.34,160.0,8.89,11.18,17.84,127.0,7.06,8.87,14.16,43.19,39.34,3.84,106.38,55.0,3.06,3.84,322.84,17.94,0.47,0.53,0.47,0.31,0.75,0.14,0.67,0.29,0.63,0.47,3.84,1.47,0.11,8.87,0.41
2,高雄全家海神,118|12668,蘇文儒/歐提斯,9,501,605.0,8273.46,137.89,137:53,919.27,15.32,15:19,264.0,29.33,43.64,68.92,268.0,29.78,44.3,69.97,222.0,24.67,36.69,57.96,89.0,9.89,14.71,23.24,110.0,12.22,18.18,28.72,50.0,5.56,8.26,13.05,112.0,12.44,18.51,29.24,39.0,4.33,6.45,10.18,61.0,6.78,10.08,15.93,48.0,5.33,7.93,12.53,33.0,3.67,5.45,8.62,108.0,12.0,17.85,28.2,44.0,4.89,7.27,11.49,80.0,8.89,13.22,20.89,42.0,4.67,6.94,10.97,53.0,5.89,8.76,13.84,24.0,2.67,3.97,6.27,6.0,0.67,0.99,1.57,59.0,6.56,9.75,15.4,71.0,7.89,11.74,18.54,43.64,44.3,-0.66,105.3,-4.0,-0.44,-0.66,137.89,15.32,0.49,0.53,0.45,0.35,0.79,0.14,0.6,0.29,0.71,0.53,3.97,0.99,0.1,11.74,0.27
2,高雄全家海神,122|12668,陳懷安/歐提斯,10,456,540.0,7102.71,118.38,118:23,710.27,11.84,11:50,198.0,19.8,36.67,60.21,267.0,26.7,49.44,81.2,178.0,17.8,32.96,54.13,70.0,7.0,12.96,21.29,94.0,9.4,17.41,28.59,45.0,4.5,8.33,13.68,84.0,8.4,15.56,25.55,25.0,2.5,4.63,7.6,46.0,4.6,8.52,13.99,35.0,3.5,6.48,10.64,23.0,2.3,4.26,6.99,85.0,8.5,15.74,25.85,37.0,3.7,6.85,11.25,55.0,5.5,10.19,16.73,56.0,5.6,10.37,17.03,48.0,4.8,8.89,14.6,38.0,3.8,7.04,11.56,2.0,0.2,0.37,0.61,43.0,4.3,7.96,13.08,87.0,8.7,16.11,26.46,36.67,49.44,-12.78,109.48,-69.0,-6.9,-12.78,118.38,11.84,0.46,0.5,0.48,0.3,0.76,0.22,0.69,0.29,0.7,0.54,7.04,0.37,0.08,16.11,0.26
2,高雄全家海神,123|12668,勤明慶/歐提斯,8,314,379.0,4912.03,81.87,81:52,614.0,10.23,10:14,146.0,18.25,38.52,64.2,174.0,21.75,45.91,76.51,136.0,17.0,35.88,59.8,50.0,6.25,13.19,21.99,75.0,9.38,19.79,32.98,30.0,3.75,7.92,13.19,61.0,7.62,16.09,26.82,20.0,2.5,5.28,8.79,30.0,3.75,7.92,13.19,24.0,3.0,6.33,10.55,19.0,2.38,5.01,8.36,69.0,8.62,18.21,30.34,30.0,3.75,7.92,13.19,42.0,5.25,11.08,18.47,29.0,3.62,7.65,12.75,34.0,4.25,8.97,14.95,16.0,2.0,4.22,7.04,5.0,0.62,1.32,2.2,23.0,2.88,6.07,10.11,64.0,8.0,16.89,28.14,38.52,45.91,-7.39,111.11,-28.0,-3.5,-7.39,81.87,10.23,0.44,0.49,0.4,0.33,0.8,0.16,0.68,0.31,0.7,0.55,4.22,1.32,0.06,16.89,0.22
2,高雄全家海神,10892|12668,詹姆斯/歐提斯,2,102,118.0,1495.83,24.93,24:56,747.91,12.47,12:28,55.0,27.5,46.61,79.42,61.0,30.5,51.69,88.08,45.0,22.5,38.14,64.98,18.0,9.0,15.25,25.99,22.0,11.0,18.64,31.77,11.0,5.5,9.32,15.88,23.0,11.5,19.49,33.21,7.0,3.5,5.93,10.11,13.0,6.5,11.02,18.77,12.0,6.0,10.17,17.33,7.0,3.5,5.93,10.11,21.0,10.5,17.8,30.32,6.0,3.0,5.08,8.66,15.0,7.5,12.71,21.66,7.0,3.5,5.93,10.11,9.0,4.5,7.63,13.0,6.0,3.0,5.08,8.66,2.0,1.0,1.69,2.89,7.0,3.5,5.93,10.11,22.0,11.0,18.64,31.77,46.61,51.69,-5.08,113.6,-6.0,-3.0,-5.08,24.93,12.47,0.48,0.54,0.5,0.3,0.92,0.12,0.5,0.32,0.78,0.57,5.08,1.69,0.06,18.64,0.29
2,新竹御嵿攻城獅,75|82,高國豪/蕭順議,7,127,150.0,1933.95,32.23,32:14,276.28,4.6,04:36,71.0,10.14,47.33,79.3,48.0,6.86,32.0,53.61,59.0,8.43,39.33,65.9,29.0,4.14,19.33,32.39,37.0,5.29,24.67,41.32,25.0,3.57,16.67,27.92,22.0,3.14,14.67,24.57,4.0,0.57,2.67,4.47,15.0,2.14,10.0,16.75,9.0,1.29,6.0,10.05,8.0,1.14,5.33,8.94,23.0,3.29,15.33,25.69,9.0,1.29,6.0,10.05,23.0,3.29,15.33,25.69,5.0,0.71,3.33,5.58,16.0,2.29,10.67,17.87,3.0,0.43,2.0,3.35,0.0,0.0,0.0,0.0,11.0,1.57,7.33,12.29,19.0,2.71,12.67,21.22,47.33,32.0,15.33,111.69,23.0,3.29,15.33,32.23,4.6,0.53,0.54,0.68,0.18,0.6,0.07,0.55,0.26,0.72,0.49,2.0,0.0,0.07,12.67,0.25
2,新竹御嵿攻城獅,76|82,曾柏喻/蕭順議,10,250,313.0,4212.55,70.21,70:13,421.25,7.02,07:01,135.0,13.5,43.13,69.22,121.0,12.1,38.66,62.04,108.0,10.8,34.5,55.38,54.0,5.4,17.25,27.69,74.0,7.4,23.64,37.94,43.0,4.3,13.74,22.05,34.0,3.4,10.86,17.43,11.0,1.1,3.51,5.64,30.0,3.0,9.58,15.38,16.0,1.6,5.11,8.2,20.0,2.0,6.39,10.26,39.0,3.9,12.46,20.0,24.0,2.4,7.67,12.31,56.0,5.6,17.89,28.71,27.0,2.7,8.63,13.84,26.0,2.6,8.31,13.33,14.0,1.4,4.47,7.18,0.0,0.0,0.0,0.0,36.0,3.6,11.5,18.46,29.0,2.9,9.27,14.87,43.13,38.66,4.47,106.99,14.0,1.4,4.47,70.21,7.02,0.55,0.56,0.58,0.32,0.53,0.18,0.48,0.26,0.62,0.42,4.47,0.0,0.12,9.27,0.28
2,新竹御嵿攻城獅,82|10862,蕭順議/提傑,8,247,296.0,4021.53,67.03,67:02,502.69,8.38,08:23,133.0,16.62,44.93,71.44,137.0,17.12,46.28,73.58,105.0,13.12,35.47,56.4,52.0,6.5,17.57,27.93,68.0,8.5,22.97,36.52,41.0,5.12,13.85,22.02,37.0,4.62,12.5,19.87,11.0,1.38,3.72,5.91,32.0,4.0,10.81,17.19,18.0,2.25,6.08,9.67,20.0,2.5,6.76,10.74,40.0,5.0,13.51,21.48,13.0,1.62,4.39,6.98,43.0,5.38,14.53,23.1,27.0,3.38,9.12,14.5,25.0,3.12,8.45,13.43,15.0,1.88,5.07,8.06,3.0,0.38,1.01,1.61,30.0,3.75,10.14,16.11,30.0,3.75,10.14,16.11,44.93,46.28,-1.35,105.99,-4.0,-0.5,-1.35,67.03,8.38,0.55,0.56,0.6,0.3,0.56,0.18,0.48,0.32,0.75,0.52,5.07,1.01,0.1,10.14,0.3
2,新竹御嵿攻城獅,82|10887,蕭順議/德魯,10,426,517.0,7444.85,124.08,124:05,744.49,12.41,12:24,199.0,19.9,38.49,57.74,205.0,20.5,39.65,59.48,166.0,16.6,32.11,48.16,73.0,7.3,14.12,21.18,109.0,10.9,21.08,31.62,59.0,5.9,11.41,17.12,57.0,5.7,11.03,16.54,14.0,1.4,2.71,4.06,59.0,5.9,11.41,17.12,39.0,3.9,7.54,11.32,31.0,3.1,6.0,8.99,68.0,6.8,13.15,19.73,33.0,3.3,6.38,9.57,78.0,7.8,15.09,22.63,52.0,5.2,10.06,15.09,42.0,4.2,8.12,12.19,25.0,2.5,4.84,7.25,5.0,0.5,0.97,1.45,61.0,6.1,11.8,17.7,54.0,5.4,10.44,15.67,38.49,39.65,-1.16,100.0,-6.0,-0.6,-1.16,124.08,12.41,0.48,0.52,0.54,0.25,0.66,0.21,0.58,0.28,0.67,0.47,4.84,0.97,0.12,10.44,0.36
2,高雄全家海神,45|12668,施晉堯/歐提斯,10,432,512.0,6773.81,112.9,112:54,677.38,11.29,11:17,209.0,20.9,40.82,66.64,260.0,26.0,50.78,82.91,175.0,17.5,34.18,55.8,74.0,7.4,14.45,23.6,87.0,8.7,16.99,27.74,40.0,4.0,7.81,12.76,88.0,8.8,17.19,28.06,34.0,3.4,6.64,10.84,43.0,4.3,8.4,13.71,27.0,2.7,5.27,8.61,25.0,2.5,4.88,7.97,86.0,8.6,16.8,27.42,33.0,3.3,6.45,10.52,67.0,6.7,13.09,21.36,46.0,4.6,8.98,14.67,46.0,4.6,8.98,14.67,26.0,2.6,5.08,8.29,6.0,0.6,1.17,1.91,49.0,4.9,9.57,15.62,62.0,6.2,12.11,19.77,40.82,50.78,-9.96,108.84,-51.0,-5.1,-9.96,112.9,11.29,0.52,0.54,0.46,0.39,0.63,0.19,0.62,0.27,0.72,0.53,5.08,1.17,0.1,12.11,0.25
2,高雄全家海神,109|12668,于煥亞/歐提斯,8,468,572.0,7046.7,117.45,117:27,880.84,14.68,14:41,222.0,27.75,38.81,68.05,290.0,36.25,50.7,88.89,188.0,23.5,32.87,57.63,73.0,9.12,12.76,22.38,98.0,12.25,17.13,30.04,51.0,6.38,8.92,15.63,90.0,11.25,15.73,27.59,22.0,2.75,3.85,6.74,61.0,7.62,10.66,18.7,52.0,6.5,9.09,15.94,33.0,4.12,5.77,10.12,86.0,10.75,15.03,26.36,49.0,6.12,8.57,15.02,64.0,8.0,11.19,19.62,51.0,6.38,8.92,15.63,43.0,5.38,7.52,13.18,38.0,4.75,6.64,11.65,7.0,0.88,1.22,2.15,49.0,6.12,8.57,15.02,89.0,11.12,15.56,27.28,38.81,50.7,-11.89,116.89,-68.0,-8.5,-11.89,117.45,14.68,0.45,0.52,0.52,0.24,0.85,0.19,0.59,0.34,0.64,0.51,6.64,1.22,0.09,15.56,0.32
2,新竹御嵿攻城獅,71|82,李漢昇/蕭順議,4,99,118.0,1613.24,26.89,26:53,403.31,6.72,06:43,50.0,12.5,42.37,66.95,56.0,14.0,47.46,74.98,39.0,9.75,33.05,52.22,18.0,4.5,15.25,24.1,23.0,5.75,19.49,30.8,12.0,3.0,10.17,16.07,16.0,4.0,13.56,21.42,6.0,1.5,5.08,8.03,12.0,3.0,10.17,16.07,8.0,2.0,6.78,10.71,5.0,1.25,4.24,6.69,18.0,4.5,15.25,24.1,5.0,1.25,4.24,6.69,18.0,4.5,15.25,24.1,11.0,2.75,9.32,14.73,13.0,3.25,11.02,17.41,1.0,0.25,0.85,1.34,1.0,0.25,0.85,1.34,12.0,3.0,10.17,16.07,5.0,1.25,4.24,6.69,42.37,47.46,-5.08,105.33,-6.0,-1.5,-5.08,26.89,6.72,0.54,0.56,0.52,0.38,0.67,0.2,0.72,0.22,0.78,0.5,0.85,0.85,0.1,4.24,0.31
2,新竹御嵿攻城獅,71|88,李漢昇/盧冠軒,4,104,123.0,1756.92,29.28,29:17,439.23,7.32,07:19,50.0,12.5,40.65,61.47,71.0,17.75,57.72,87.29,45.0,11.25,36.59,55.32,19.0,4.75,15.45,23.36,29.0,7.25,23.58,35.65,13.0,3.25,10.57,15.98,16.0,4.0,13.01,19.67,6.0,1.5,4.88,7.38,10.0,2.5,8.13,12.29,6.0,1.5,4.88,7.38,7.0,1.75,5.69,8.61,22.0,5.5,17.89,27.05,4.0,1.0,3.25,4.92,21.0,5.25,17.07,25.82,11.0,2.75,8.94,13.52,13.0,3.25,10.57,15.98,8.0,2.0,6.5,9.84,0.0,0.0,0.0,0.0,10.0,2.5,8.13,12.29,14.0,3.5,11.38,17.21,40.65,57.72,-17.07,100.81,-21.0,-5.25,-17.07,29.28,7.32,0.49,0.51,0.45,0.38,0.6,0.18,0.68,0.25,0.85,0.54,6.5,0.0,0.08,11.38,0.22
2,新竹御嵿攻城獅,71|10862,李漢昇/提傑,6,167,212.0,2811.63,46.86,46:52,468.6,7.81,07:49,85.0,14.17,40.09,65.3,98.0,16.33,46.23,75.29,65.0,10.83,30.66,49.94,27.0,4.5,12.74,20.74,38.0,6.33,17.92,29.19,18.0,3.0,8.49,13.83,27.0,4.5,12.74,20.74,9.0,1.5,4.25,6.91,31.0,5.17,14.62,23.82,22.0,3.67,10.38,16.9,12.0,2.0,5.66,9.22,28.0,4.67,13.21,21.51,19.0,3.17,8.96,14.6,34.0,5.67,16.04,26.12,18.0,3.0,8.49,13.83,19.0,3.17,8.96,14.6,9.0,1.5,4.25,6.91,0.0,0.0,0.0,0.0,26.0,4.33,12.26,19.97,26.0,4.33,12.26,19.97,40.09,46.23,-6.13,108.58,-13.0,-2.17,-6.13,46.86,7.81,0.48,0.54,0.47,0.33,0.71,0.19,0.7,0.26,0.6,0.43,4.25,0.0,0.12,12.26,0.48
2,新竹御嵿攻城獅,71|10888,李漢昇/帕塞獅,3,73,89.0,1212.79,20.21,20:13,404.26,6.74,06:44,31.0,10.33,34.83,55.21,46.0,15.33,51.69,81.93,32.0,10.67,35.96,56.99,13.0,4.33,14.61,23.15,20.0,6.67,22.47,35.62,10.0,3.33,11.24,17.81,12.0,4.0,13.48,21.37,3.0,1.0,3.37,5.34,6.0,2.0,6.74,10.69,2.0,0.67,2.25,3.56,5.0,1.67,5.62,8.91,17.0,5.67,19.1,30.28,2.0,0.67,2.25,3.56,18.0,6.0,20.22,32.06,8.0,2.67,8.99,14.25,8.0,2.67,8.99,14.25,5.0,1.67,5.62,8.91,0.0,0.0,0.0,0.0,10.0,3.33,11.24,17.81,13.0,4.33,14.61,23.15,34.83,51.69,-16.85,105.67,-15.0,-5.0,-16.85,20.21,6.74,0.45,0.45,0.5,0.25,0.33,0.19,0.62,0.22,0.89,0.52,5.62,0.0,0.11,14.61,0.19
2,新竹御嵿攻城獅,82|88,蕭順議/盧冠軒,7,193,237.0,3799.7,63.33,63:20,542.81,9.05,09:03,109.0,15.57,45.99,61.96,118.0,16.86,49.79,67.08,72.0,10.29,30.38,40.93,38.0,5.43,16.03,21.6,49.0,7.0,20.68,27.85,30.0,4.29,12.66,17.05,23.0,3.29,9.7,13.07,8.0,1.14,3.38,4.55,39.0,5.57,16.46,22.17,25.0,3.57,10.55,14.21,15.0,2.14,6.33,8.53,24.0,3.43,10.13,13.64,15.0,2.14,6.33,8.53,26.0,3.71,10.97,14.78,23.0,3.29,9.7,13.07,22.0,3.14,9.28,12.51,13.0,1.86,5.49,7.39,2.0,0.29,0.84,1.14,32.0,4.57,13.5,18.19,22.0,3.14,9.28,12.51,45.99,49.79,-3.8,89.82,-9.0,-1.29,-3.8,63.33,9.05,0.58,0.61,0.61,0.35,0.64,0.21,0.58,0.37,0.62,0.49,5.49,0.84,0.14,9.28,0.54
2,新竹御嵿攻城獅,82|10888,蕭順議/帕塞獅,6,195,243.0,3350.44,55.84,55:50,558.41,9.31,09:18,108.0,18.0,44.44,69.63,105.0,17.5,43.21,67.69,84.0,14.0,34.57,54.15,43.0,7.17,17.7,27.72,57.0,9.5,23.46,36.75,33.0,5.5,13.58,21.27,27.0,4.5,11.11,17.41,10.0,1.67,4.12,6.45,24.0,4.0,9.88,15.47,12.0,2.0,4.94,7.74,18.0,3.0,7.41,11.6,29.0,4.83,11.93,18.7,17.0,2.83,7.0,10.96,40.0,6.67,16.46,25.79,20.0,3.33,8.23,12.89,25.0,4.17,10.29,16.12,8.0,1.33,3.29,5.16,0.0,0.0,0.0,0.0,25.0,4.17,10.29,16.12,24.0,4.0,9.88,15.47,44.44,43.21,1.23,104.44,3.0,0.5,1.23,55.84,9.31,0.57,0.57,0.58,0.37,0.5,0.17,0.58,0.31,0.63,0.45,3.29,0.0,0.1,9.88,0.29
2,新竹御嵿攻城獅,88|10862,盧冠軒/提傑,18,891,1081.0,15616.18,260.27,260:16,867.57,14.46,14:28,440.0,24.44,40.7,60.86,446.0,24.78,41.26,61.69,386.0,21.44,35.71,53.39,151.0,8.39,13.97,20.89,231.0,12.83,21.37,31.95,105.0,5.83,9.71,14.52,155.0,8.61,14.34,21.44,46.0,2.56,4.26,6.36,132.0,7.33,12.21,18.26,94.0,5.22,8.7,13.0,75.0,4.17,6.94,10.37,171.0,9.5,15.82,23.65,81.0,4.5,7.49,11.2,160.0,8.89,14.8,22.13,85.0,4.72,7.86,11.76,104.0,5.78,9.62,14.39,49.0,2.72,4.53,6.78,19.0,1.06,1.76,2.63,111.0,6.17,10.27,15.35,94.0,5.22,8.7,13.0,40.7,41.26,-0.56,99.68,-6.0,-0.33,-0.56,260.27,14.46,0.45,0.5,0.45,0.3,0.71,0.16,0.69,0.32,0.68,0.51,4.53,1.76,0.1,8.7,0.34
2,新竹御嵿攻城獅,88|10888,盧冠軒/帕塞獅,14,579,692.0,9945.32,165.76,165:45,710.38,11.84,11:50,277.0,19.79,40.03,60.16,290.0,20.71,41.91,62.98,249.0,17.79,35.98,54.08,106.0,7.57,15.32,23.02,153.0,10.93,22.11,33.23,77.0,5.5,11.13,16.72,96.0,6.86,13.87,20.85,29.0,2.07,4.19,6.3,72.0,5.14,10.4,15.64,39.0,2.79,5.64,8.47,49.0,3.5,7.08,10.64,103.0,7.36,14.88,22.37,39.0,2.79,5.64,8.47,109.0,7.79,15.75,23.67,62.0,4.43,8.96,13.47,66.0,4.71,9.54,14.33,36.0,2.57,5.2,7.82,6.0,0.43,0.87,1.3,71.0,5.07,10.26,15.42,56.0,4.0,8.09,12.16,40.03,41.91,-1.88,100.2,-13.0,-0.93,-1.88,165.76,11.84,0.48,0.49,0.5,0.3,0.54,0.18,0.62,0.31,0.73,0.51,5.2,0.87,0.1,8.09,0.29
2,新竹御嵿攻城獅,10862|10888,提傑/帕塞獅,13,551,654.0,9665.52,161.09,161:06,743.5,12.39,12:24,269.0,20.69,41.13,60.11,270.0,20.77,41.28,60.34,238.0,18.31,36.39,53.19,104.0,8.0,15.9,23.24,140.0,10.77,21.41,31.29,73.0,5.62,11.16,16.31,98.0,7.54,14.98,21.9,31.0,2.38,4.74,6.93,58.0,4.46,8.87,12.96,32.0,2.46,4.89,7.15,43.0,3.31,6.57,9.61,99.0,7.62,15.14,22.12,39.0,3.0,5.96,8.72,100.0,7.69,15.29,22.35,60.0,4.62,9.17,13.41,65.0,5.0,9.94,14.53,34.0,2.62,5.2,7.6,7.0,0.54,1.07,1.56,63.0,4.85,9.63,14.08,57.0,4.38,8.72,12.74,41.13,41.28,-0.15,97.43,-1.0,-0.08,-0.15,161.09,12.39,0.5,0.51,0.52,0.32,0.55,0.19,0.62,0.3,0.72,0.51,5.2,1.07,0.1,8.72,0.24
2,高雄全家海神,110|12668,胡瓏貿/歐提斯,8,525,631.0,8381.08,139.68,139:41,1047.63,17.46,17:28,263.0,32.88,41.68,67.78,324.0,40.5,51.35,83.5,223.0,27.88,35.34,57.47,90.0,11.25,14.26,23.2,114.0,14.25,18.07,29.38,56.0,7.0,8.87,14.43,109.0,13.62,17.27,28.09,34.0,4.25,5.39,8.76,72.0,9.0,11.41,18.56,50.0,6.25,7.92,12.89,38.0,4.75,6.02,9.79,106.0,13.25,16.8,27.32,40.0,5.0,6.34,10.31,71.0,8.88,11.25,18.3,47.0,5.88,7.45,12.11,53.0,6.62,8.4,13.66,26.0,3.25,4.12,6.7,9.0,1.12,1.43,2.32,64.0,8.0,10.14,16.49,71.0,8.88,11.25,18.3,41.68,51.35,-9.67,108.42,-61.0,-7.62,-9.67,139.68,17.46,0.48,0.52,0.49,0.31,0.69,0.16,0.59,0.35,0.73,0.56,4.12,1.43,0.1,11.25,0.32
2,高雄全家海神,10894|12668,凱帝/歐提斯,6,332,406.0,5439.78,90.66,90:40,906.63,15.11,15:07,168.0,28.0,41.38,66.71,191.0,31.83,47.04,75.84,130.0,21.67,32.02,51.62,54.0,9.0,13.3,21.44,63.0,10.5,15.52,25.02,30.0,5.0,7.39,11.91,67.0,11.17,16.5,26.6,24.0,4.0,5.91,9.53,49.0,8.17,12.07,19.46,37.0,6.17,9.11,14.69,23.0,3.83,5.67,9.13,61.0,10.17,15.02,24.22,32.0,5.33,7.88,12.71,55.0,9.17,13.55,21.84,42.0,7.0,10.34,16.68,36.0,6.0,8.87,14.29,26.0,4.33,6.4,10.32,4.0,0.67,0.99,1.59,47.0,7.83,11.58,18.66,39.0,6.5,9.61,15.49,41.38,47.04,-5.67,107.47,-23.0,-3.83,-5.67,90.66,15.11,0.51,0.55,0.48,0.36,0.76,0.22,0.67,0.29,0.66,0.49,6.4,0.99,0.12,9.61,0.38
2,新竹御嵿攻城獅,71|10887,李漢昇/德魯,6,183,229.0,3226.64,53.78,53:47,537.77,8.96,08:58,95.0,15.83,41.48,63.6,108.0,18.0,47.16,72.3,79.0,13.17,34.5,52.88,32.0,5.33,13.97,21.42,42.0,7.0,18.34,28.12,21.0,3.5,9.17,14.06,37.0,6.17,16.16,24.77,11.0,1.83,4.8,7.36,28.0,4.67,12.23,18.74,21.0,3.5,9.17,14.06,13.0,2.17,5.68,8.7,33.0,5.5,14.41,22.09,19.0,3.17,8.3,12.72,33.0,5.5,14.41,22.09,15.0,2.5,6.55,10.04,18.0,3.0,7.86,12.05,5.0,0.83,2.18,3.35,1.0,0.17,0.44,0.67,30.0,5.0,13.1,20.08,20.0,3.33,8.73,13.39,41.48,47.16,-5.68,102.2,-13.0,-2.17,-5.68,53.78,8.96,0.47,0.52,0.5,0.3,0.75,0.14,0.56,0.28,0.63,0.47,2.18,0.44,0.13,8.73,0.35
2,新竹御嵿攻城獅,88|10887,盧冠軒/德魯,19,765,922.0,12796.65,213.28,213:17,673.51,11.23,11:14,375.0,19.74,40.67,63.3,421.0,22.16,45.66,71.06,308.0,16.21,33.41,51.99,121.0,6.37,13.12,20.42,192.0,10.11,20.82,32.41,86.0,4.53,9.33,14.52,116.0,6.11,12.58,19.58,35.0,1.84,3.8,5.91,130.0,6.84,14.1,21.94,96.0,5.05,10.41,16.2,59.0,3.11,6.4,9.96,137.0,7.21,14.86,23.12,69.0,3.63,7.48,11.65,126.0,6.63,13.67,21.27,72.0,3.79,7.81,12.15,77.0,4.05,8.35,13.0,39.0,2.05,4.23,6.58,17.0,0.89,1.84,2.87,107.0,5.63,11.61,18.06,105.0,5.53,11.39,17.72,40.67,45.66,-4.99,103.75,-46.0,-2.42,-4.99,213.28,11.23,0.45,0.51,0.45,0.3,0.74,0.16,0.64,0.32,0.67,0.5,4.23,1.84,0.12,11.39,0.42
2,新竹御嵿攻城獅,71|87,李漢昇/蔡宸綱,3,63,84.0,1064.36,17.74,17:44,354.79,5.91,05:55,30.0,10.0,35.71,60.88,40.0,13.33,47.62,81.18,28.0,9.33,33.33,56.82,8.0,2.67,9.52,16.24,13.0,4.33,15.48,26.38,5.0,1.67,5.95,10.15,15.0,5.0,17.86,30.44,3.0,1.0,3.57,6.09,18.0,6.0,21.43,36.53,11.0,3.67,13.1,22.32,7.0,2.33,8.33,14.21,13.0,4.33,15.48,26.38,7.0,2.33,8.33,14.21,14.0,4.67,16.67,28.41,4.0,1.33,4.76,8.12,6.0,2.0,7.14,12.18,3.0,1.0,3.57,6.09,0.0,0.0,0.0,0.0,13.0,4.33,15.48,26.38,17.0,5.67,20.24,34.5,35.71,47.62,-11.9,113.65,-10.0,-3.33,-11.9,17.74,5.91,0.34,0.42,0.38,0.2,0.61,0.1,0.75,0.33,0.65,0.49,3.57,0.0,0.15,20.24,0.64
2,新竹御嵿攻城獅,71|10885,李漢昇/劉丞勳,5,180,223.0,3096.34,51.61,51:36,619.27,10.32,10:19,81.0,16.2,36.32,56.51,96.0,19.2,43.05,66.97,73.0,14.6,32.74,50.92,27.0,5.4,12.11,18.84,41.0,8.2,18.39,28.6,19.0,3.8,8.52,13.25,32.0,6.4,14.35,22.32,8.0,1.6,3.59,5.58,26.0,5.2,11.66,18.14,20.0,4.0,8.97,13.95,11.0,2.2,4.93,7.67,35.0,7.0,15.7,24.42,18.0,3.6,8.07,12.56,36.0,7.2,16.14,25.11,17.0,3.4,7.62,11.86,14.0,2.8,6.28,9.77,5.0,1.0,2.24,3.49,1.0,0.2,0.45,0.7,28.0,5.6,12.56,19.53,23.0,4.6,10.31,16.04,36.32,43.05,-6.73,103.71,-15.0,-3.0,-6.73,51.61,10.32,0.42,0.48,0.46,0.25,0.77,0.17,0.52,0.23,0.66,0.46,2.24,0.45,0.13,10.31,0.36
2,新竹御嵿攻城獅,87|10862,蔡宸綱/提傑,16,587,715.0,10484.08,174.73,174:44,655.26,10.92,10:55,282.0,17.62,39.44,58.1,277.0,17.31,38.74,57.07,255.0,15.94,35.66,52.54,93.0,5.81,13.01,19.16,147.0,9.19,20.56,30.29,66.0,4.12,9.23,13.6,108.0,6.75,15.1,22.25,27.0,1.69,3.78,5.56,97.0,6.06,13.57,19.98,69.0,4.31,9.65,14.22,51.0,3.19,7.13,10.51,116.0,7.25,16.22,23.9,48.0,3.0,6.71,9.89,121.0,7.56,16.92,24.93,54.0,3.38,7.55,11.13,62.0,3.88,8.67,12.77,29.0,1.81,4.06,5.97,10.0,0.62,1.4,2.06,80.0,5.0,11.19,16.48,75.0,4.69,10.49,15.45,39.44,38.74,0.7,98.21,5.0,0.31,0.7,174.73,10.92,0.42,0.47,0.45,0.25,0.71,0.15,0.67,0.3,0.71,0.5,4.06,1.4,0.11,10.49,0.38
2,新竹御嵿攻城獅,87|10885,蔡宸綱/劉丞勳,15,493,603.0,7950.15,132.5,132:30,530.01,8.83,08:50,237.0,15.8,39.3,64.39,239.0,15.93,39.64,64.93,213.0,14.2,35.32,57.87,82.0,5.47,13.6,22.28,123.0,8.2,20.4,33.42,57.0,3.8,9.45,15.49,90.0,6.0,14.93,24.45,25.0,1.67,4.15,6.79,76.0,5.07,12.6,20.65,49.0,3.27,8.13,13.31,37.0,2.47,6.14,10.05,102.0,6.8,16.92,27.71,43.0,2.87,7.13,11.68,98.0,6.53,16.25,26.63,40.0,2.67,6.63,10.87,56.0,3.73,9.29,15.21,25.0,1.67,4.15,6.79,12.0,0.8,1.99,3.26,64.0,4.27,10.61,17.39,62.0,4.13,10.28,16.84,39.3,39.64,-0.33,109.22,-2.0,-0.13,-0.33,132.5,8.83,0.44,0.48,0.46,0.28,0.64,0.14,0.68,0.27,0.7,0.5,4.15,1.99,0.11,10.28,0.36
2,新竹御嵿攻城獅,87|10887,蔡宸綱/德魯,17,625,755.0,10152.22,169.2,169:12,597.19,9.95,09:57,332.0,19.53,43.97,70.64,323.0,19.0,42.78,68.72,262.0,15.41,34.7,55.74,110.0,6.47,14.57,23.4,146.0,8.59,19.34,31.06,74.0,4.35,9.8,15.74,116.0,6.82,15.36,24.68,36.0,2.12,4.77,7.66,104.0,6.12,13.77,22.13,74.0,4.35,9.8,15.74,44.0,2.59,5.83,9.36,114.0,6.71,15.1,24.25,54.0,3.18,7.15,11.49,131.0,7.71,17.35,27.87,47.0,2.76,6.23,10.0,67.0,3.94,8.87,14.26,25.0,1.47,3.31,5.32,10.0,0.59,1.32,2.13,81.0,4.76,10.73,17.23,81.0,4.76,10.73,17.23,43.97,42.78,1.19,107.09,9.0,0.53,1.19,169.2,9.95,0.49,0.54,0.51,0.31,0.71,0.13,0.61,0.25,0.68,0.46,3.31,1.32,0.11,10.73,0.4
2,新竹御嵿攻城獅,10862|10885,提傑/劉丞勳,18,1045,1259.0,16930.8,282.18,282:11,940.6,15.68,15:41,543.0,30.17,43.13,69.27,492.0,27.33,39.08,62.77,448.0,24.89,35.58,57.16,181.0,10.06,14.38,23.09,263.0,14.61,20.89,33.55,122.0,6.78,9.69,15.56,185.0,10.28,14.69,23.6,59.0,3.28,4.69,7.53,168.0,9.33,13.34,21.43,122.0,6.78,9.69,15.56,88.0,4.89,6.99,11.23,191.0,10.61,15.17,24.37,92.0,5.11,7.31,11.74,194.0,10.78,15.41,24.75,90.0,5.0,7.15,11.48,128.0,7.11,10.17,16.33,53.0,2.94,4.21,6.76,18.0,1.0,1.43,2.3,135.0,7.5,10.72,17.22,130.0,7.22,10.33,16.59,43.13,39.08,4.05,107.08,51.0,2.83,4.05,282.18,15.68,0.47,0.52,0.46,0.32,0.73,0.15,0.71,0.31,0.67,0.49,4.21,1.43,0.11,10.33,0.38
2,新竹御嵿攻城獅,10885|10887,劉丞勳/德魯,19,1557,1890.0,26022.01,433.7,433:42,1369.58,22.83,22:50,814.0,42.84,43.07,67.57,741.0,39.0,39.21,61.51,666.0,35.05,35.24,55.28,279.0,14.68,14.76,23.16,406.0,21.37,21.48,33.7,198.0,10.42,10.48,16.44,260.0,13.68,13.76,21.58,81.0,4.26,4.29,6.72,248.0,13.05,13.12,20.59,174.0,9.16,9.21,14.44,120.0,6.32,6.35,9.96,293.0,15.42,15.5,24.32,140.0,7.37,7.41,11.62,314.0,16.53,16.61,26.06,121.0,6.37,6.4,10.04,179.0,9.42,9.47,14.86,63.0,3.32,3.33,5.23,24.0,1.26,1.27,1.99,224.0,11.79,11.85,18.59,175.0,9.21,9.26,14.53,43.07,39.21,3.86,104.59,73.0,3.84,3.86,433.7,22.83,0.48,0.53,0.49,0.31,0.7,0.14,0.64,0.28,0.68,0.48,3.33,1.27,0.12,9.26,0.37
2,新竹御嵿攻城獅,76|87,曾柏喻/蔡宸綱,15,458,532.0,7955.58,132.59,132:36,530.37,8.84,08:50,229.0,15.27,43.05,62.18,230.0,15.33,43.23,62.45,186.0,12.4,34.96,50.5,82.0,5.47,15.41,22.26,101.0,6.73,18.98,27.42,55.0,3.67,10.34,14.93,85.0,5.67,15.98,23.08,27.0,1.8,5.08,7.33,53.0,3.53,9.96,14.39,37.0,2.47,6.95,10.05,26.0,1.73,4.89,7.06,84.0,5.6,15.79,22.81,34.0,2.27,6.39,9.23,97.0,6.47,18.23,26.34,43.0,2.87,8.08,11.67,51.0,3.4,9.59,13.85,21.0,1.4,3.95,5.7,6.0,0.4,1.13,1.63,52.0,3.47,9.77,14.12,52.0,3.47,9.77,14.12,43.05,43.23,-0.19,96.29,-1.0,-0.07,-0.19,132.59,8.84,0.51,0.55,0.54,0.32,0.7,0.17,0.62,0.21,0.71,0.46,3.95,1.13,0.1,9.77,0.28
2,新竹御嵿攻城獅,76|10885,曾柏喻/劉丞勳,19,1169,1409.0,19144.59,319.08,319:05,1007.61,16.79,16:48,621.0,32.68,44.07,70.06,543.0,28.58,38.54,61.26,506.0,26.63,35.91,57.09,218.0,11.47,15.47,24.6,311.0,16.37,22.07,35.09,148.0,7.79,10.5,16.7,195.0,10.26,13.84,22.0,70.0,3.68,4.97,7.9,168.0,8.84,11.92,18.95,115.0,6.05,8.16,12.97,88.0,4.63,6.25,9.93,226.0,11.89,16.04,25.5,108.0,5.68,7.67,12.19,240.0,12.63,17.03,27.08,91.0,4.79,6.46,10.27,144.0,7.58,10.22,16.25,48.0,2.53,3.41,5.42,18.0,0.95,1.28,2.03,160.0,8.42,11.36,18.05,118.0,6.21,8.37,13.31,44.07,38.54,5.54,105.98,78.0,4.11,5.54,319.08,16.79,0.5,0.54,0.48,0.36,0.68,0.14,0.66,0.27,0.68,0.47,3.41,1.28,0.11,8.37,0.33
2,新竹御嵿攻城獅,75|87,高國豪/蔡宸綱,11,250,298.0,4037.96,67.3,67:18,367.09,6.12,06:07,144.0,13.09,48.32,77.03,119.0,10.82,39.93,63.66,115.0,10.45,38.59,61.52,51.0,4.64,17.11,27.28,64.0,5.82,21.48,34.24,35.0,3.18,11.74,18.72,51.0,4.64,17.11,27.28,16.0,1.45,5.37,8.56,30.0,2.73,10.07,16.05,25.0,2.27,8.39,13.37,24.0,2.18,8.05,12.84,39.0,3.55,13.09,20.86,16.0,1.45,5.37,8.56,50.0,4.55,16.78,26.75,18.0,1.64,6.04,9.63,29.0,2.64,9.73,15.51,6.0,0.55,2.01,3.21,2.0,0.18,0.67,1.07,24.0,2.18,8.05,12.84,33.0,3.0,11.07,17.65,48.32,39.93,8.39,106.27,25.0,2.27,8.39,67.3,6.12,0.51,0.56,0.55,0.31,0.83,0.12,0.57,0.32,0.71,0.49,2.01,0.67,0.08,11.07,0.26
2,新竹御嵿攻城獅,75|10885,高國豪/劉丞勳,16,872,1038.0,14410.72,240.18,240:11,900.67,15.01,15:01,479.0,29.94,46.15,71.8,415.0,25.94,39.98,62.2,390.0,24.38,37.57,58.46,171.0,10.69,16.47,25.63,242.0,15.12,23.31,36.27,120.0,7.5,11.56,17.99,148.0,9.25,14.26,22.18,51.0,3.19,4.91,7.64,122.0,7.62,11.75,18.29,85.0,5.31,8.19,12.74,71.0,4.44,6.84,10.64,163.0,10.19,15.7,24.43,70.0,4.38,6.74,10.49,173.0,10.81,16.67,25.93,56.0,3.5,5.39,8.39,104.0,6.5,10.02,15.59,29.0,1.81,2.79,4.35,11.0,0.69,1.06,1.65,108.0,6.75,10.4,16.19,90.0,5.62,8.67,13.49,46.15,39.98,6.17,103.72,64.0,4.0,6.17,240.18,15.01,0.5,0.54,0.5,0.34,0.7,0.11,0.61,0.29,0.7,0.49,2.79,1.06,0.1,8.67,0.31
2,新竹御嵿攻城獅,71|75,李漢昇/高國豪,3,29,42.0,613.7,10.23,10:14,204.57,3.41,03:25,23.0,7.67,54.76,80.95,22.0,7.33,52.38,77.43,17.0,5.67,40.48,59.83,9.0,3.0,21.43,31.68,10.0,3.33,23.81,35.2,7.0,2.33,16.67,24.64,7.0,2.33,16.67,24.64,2.0,0.67,4.76,7.04,2.0,0.67,4.76,7.04,2.0,0.67,4.76,7.04,5.0,1.67,11.9,17.6,3.0,1.0,7.14,10.56,7.0,2.33,16.67,24.64,4.0,1.33,9.52,14.08,0.0,0.0,0.0,0.0,3.0,1.0,7.14,10.56,0.0,0.0,0.0,0.0,0.0,0.0,0.0,0.0,6.0,2.0,14.29,21.12,6.0,2.0,14.29,21.12,54.76,52.38,2.38,98.55,1.0,0.33,2.38,10.23,3.41,0.59,0.64,0.7,0.29,1.0,0.0,0.33,0.56,0.3,0.42,0.0,0.0,0.14,14.29,0.12
2,新竹御嵿攻城獅,71|90,李漢昇/李啓瑋,4,42,55.0,744.5,12.41,12:24,186.12,3.1,03:06,23.0,5.75,41.82,66.73,28.0,7.0,50.91,81.24,14.0,3.5,25.45,40.62,7.0,1.75,12.73,20.31,7.0,1.75,12.73,20.31,4.0,1.0,7.27,11.61,7.0,1.75,12.73,20.31,3.0,0.75,5.45,8.7,6.0,1.5,10.91,17.41,5.0,1.25,9.09,14.51,2.0,0.5,3.64,5.8,4.0,1.0,7.27,11.61,8.0,2.0,14.55,23.21,8.0,2.0,14.55,23.21,7.0,1.75,12.73,20.31,5.0,1.25,9.09,14.51,5.0,1.25,9.09,14.51,0.0,0.0,0.0,0.0,7.0,1.75,12.73,20.31,6.0,1.5,10.91,17.41,41.82,50.91,-9.09,106.38,-5.0,-1.25,-9.09,12.41,3.1,0.61,0.69,0.57,0.43,0.83,0.3,0.71,0.2,0.33,0.27,9.09,0.0,0.13,10.91,0.43
2,新竹御嵿攻城獅,87|90,蔡宸綱/李啓瑋,5,85,107.0,1947.0,32.45,32:27,389.4,6.49,06:29,50.0,10.0,46.73,55.47,50.0,10.0,46.73,55.47,37.0,7.4,34.58,41.05,16.0,3.2,14.95,17.75,21.0,4.2,19.63,23.3,13.0,2.6,12.15,14.42,16.0,3.2,14.95,17.75,3.0,0.6,2.8,3.33,17.0,3.4,15.89,18.86,14.0,2.8,13.08,15.53,8.0,1.6,7.48,8.88,11.0,2.2,10.28,12.2,9.0,1.8,8.41,9.98,10.0,2.0,9.35,11.09,5.0,1.0,4.67,5.55,5.0,1.0,4.67,5.55,2.0,0.4,1.87,2.22,1.0,0.2,0.93,1.11,13.0,2.6,12.15,14.42,7.0,1.4,6.54,7.77,46.73,46.73,0.0,79.14,0.0,0.0,0.0,32.45,6.49,0.47,0.56,0.62,0.19,0.82,0.1,0.31,0.44,0.55,0.5,1.87,0.93,0.12,6.54,0.46
2,桃園台啤永豐雲豹,16|54,米勒/高錦瑋,14,1265,1526.0,20436.86,340.61,340:37,1459.78,24.33,24:20,689.0,49.21,45.15,72.82,663.0,47.36,43.45,70.07,556.0,39.71,36.44,58.76,246.0,17.57,16.12,26.0,324.0,23.14,21.23,34.24,158.0,11.29,10.35,16.7,232.0,16.57,15.2,24.52,88.0,6.29,5.77,9.3,143.0,10.21,9.37,15.11,107.0,7.64,7.01,11.31,96.0,6.86,6.29,10.15,226.0,16.14,14.81,23.89,115.0,8.21,7.54,12.15,231.0,16.5,15.14,24.41,101.0,7.21,6.62,10.67,149.0,10.64,9.76,15.75,62.0,4.43,4.06,6.55,25.0,1.79,1.64,2.64,141.0,10.07,9.24,14.9,129.0,9.21,8.45,13.63,45.15,43.45,1.7,107.52,26.0,1.86,1.7,340.61,24.33,0.52,0.56,0.49,0.38,0.75,0.14,0.61,0.29,0.66,0.48,4.06,1.64,0.09,8.45,0.26
2,桃園台啤永豐雲豹,16|57,米勒/莊博元,14,996,1194.0,15729.58,262.16,262:10,1123.54,18.73,18:44,549.0,39.21,45.98,75.39,488.0,34.86,40.87,67.01,432.0,30.86,36.18,59.32,193.0,13.79,16.16,26.5,252.0,18.0,21.11,34.6,126.0,9.0,10.55,17.3,180.0,12.86,15.08,24.72,67.0,4.79,5.61,9.2,127.0,9.07,10.64,17.44,93.0,6.64,7.79,12.77,72.0,5.14,6.03,9.89,177.0,12.64,14.82,24.31,81.0,5.79,6.78,11.12,194.0,13.86,16.25,26.64,76.0,5.43,6.37,10.44,118.0,8.43,9.88,16.2,50.0,3.57,4.19,6.87,26.0,1.86,2.18,3.57,105.0,7.5,8.79,14.42,81.0,5.79,6.78,11.12,45.98,40.87,5.11,109.31,61.0,4.36,5.11,262.16,18.73,0.52,0.56,0.5,0.37,0.73,0.13,0.61,0.27,0.69,0.48,4.19,2.18,0.09,6.78,0.29
2,桃園台啤永豐雲豹,16|62,米勒/王皓吉,14,638,757.0,10253.05,170.88,170:53,732.36,12.21,12:12,341.0,24.36,45.05,71.84,366.0,26.14,48.35,77.1,278.0,19.86,36.72,58.57,121.0,8.64,15.98,25.49,152.0,10.86,20.08,32.02,78.0,5.57,10.3,16.43,126.0,9.0,16.64,26.54,43.0,3.07,5.68,9.06,68.0,4.86,8.98,14.33,56.0,4.0,7.4,11.8,39.0,2.79,5.15,8.22,125.0,8.93,16.51,26.33,64.0,4.57,8.45,13.48,106.0,7.57,14.0,22.33,45.0,3.21,5.94,9.48,72.0,5.14,9.51,15.17,31.0,2.21,4.1,6.53,8.0,0.57,1.06,1.69,73.0,5.21,9.64,15.38,69.0,4.93,9.11,14.54,45.05,48.35,-3.3,106.32,-25.0,-1.79,-3.3,170.88,12.21,0.51,0.55,0.51,0.34,0.82,0.13,0.6,0.27,0.66,0.49,4.1,1.06,0.1,9.11,0.24
2,桃園台啤永豐雲豹,16|68,米勒/克羅馬,11,958,1152.0,15168.98,252.82,252:49,1379.0,22.98,22:59,519.0,47.18,45.05,73.9,517.0,47.0,44.88,73.62,420.0,38.18,36.46,59.81,184.0,16.73,15.97,26.2,234.0,21.27,20.31,33.32,115.0,10.45,9.98,16.38,186.0,16.91,16.15,26.49,69.0,6.27,5.99,9.83,102.0,9.27,8.85,14.52,82.0,7.45,7.12,11.68,65.0,5.91,5.64,9.26,180.0,16.36,15.62,25.63,91.0,8.27,7.9,12.96,161.0,14.64,13.98,22.93,73.0,6.64,6.34,10.39,110.0,10.0,9.55,15.66,49.0,4.45,4.25,6.98,16.0,1.45,1.39,2.28,101.0,9.18,8.77,14.38,95.0,8.64,8.25,13.53,45.05,44.88,0.17,109.36,2.0,0.18,0.17,252.82,22.98,0.52,0.56,0.49,0.37,0.8,0.14,0.6,0.29,0.66,0.49,4.25,1.39,0.09,8.25,0.24
2,桃園台啤永豐雲豹,54|57,高錦瑋/莊博元,17,1492,1805.0,24008.62,400.14,400:09,1412.27,23.54,23:32,836.0,49.18,46.32,75.21,774.0,45.53,42.88,69.63,670.0,39.41,37.12,60.28,297.0,17.47,16.45,26.72,399.0,23.47,22.11,35.9,201.0,11.82,11.14,18.08,271.0,15.94,15.01,24.38,96.0,5.65,5.32,8.64,182.0,10.71,10.08,16.37,140.0,8.24,7.76,12.6,121.0,7.12,6.7,10.89,265.0,15.59,14.68,23.84,122.0,7.18,6.76,10.98,283.0,16.65,15.68,25.46,118.0,6.94,6.54,10.62,177.0,10.41,9.81,15.92,69.0,4.06,3.82,6.21,36.0,2.12,1.99,3.24,165.0,9.71,9.14,14.84,151.0,8.88,8.37,13.59,46.32,42.88,3.43,108.26,62.0,3.65,3.43,400.14,23.54,0.51,0.56,0.5,0.35,0.77,0.14,0.6,0.3,0.68,0.49,3.82,1.99,0.09,8.37,0.27
2,桃園台啤永豐雲豹,54|62,高錦瑋/王皓吉,17,1023,1229.0,16756.01,279.27,279:16,985.65,16.43,16:26,554.0,32.59,45.08,71.42,590.0,34.71,48.01,76.06,462.0,27.18,37.59,59.56,199.0,11.71,16.19,25.65,264.0,15.53,21.48,34.03,133.0,7.82,10.82,17.14,198.0,11.65,16.11,25.52,66.0,3.88,5.37,8.51,110.0,6.47,8.95,14.18,88.0,5.18,7.16,11.34,78.0,4.59,6.35,10.05,197.0,11.59,16.03,25.4,96.0,5.65,7.81,12.38,165.0,9.71,13.43,21.27,79.0,4.65,6.43,10.18,117.0,6.88,9.52,15.08,47.0,2.76,3.82,6.06,15.0,0.88,1.22,1.93,113.0,6.65,9.19,14.57,106.0,6.24,8.62,13.66,45.08,48.01,-2.93,105.62,-36.0,-2.12,-2.93,279.27,16.43,0.5,0.54,0.5,0.33,0.8,0.13,0.59,0.32,0.67,0.51,3.82,1.22,0.09,8.62,0.24
2,桃園台啤永豐雲豹,54|68,高錦瑋/克羅馬,14,1770,2138.0,28648.37,477.47,477:28,2046.31,34.11,34:06,983.0,70.21,45.98,74.12,944.0,67.43,44.15,71.17,808.0,57.71,37.79,60.92,354.0,25.29,16.56,26.69,484.0,34.57,22.64,36.49,242.0,17.29,11.32,18.25,324.0,23.14,15.15,24.43,112.0,8.0,5.24,8.44,205.0,14.64,9.59,15.46,160.0,11.43,7.48,12.06,144.0,10.29,6.74,10.86,329.0,23.5,15.39,24.81,150.0,10.71,7.02,11.31,310.0,22.14,14.5,23.37,132.0,9.43,6.17,9.95,217.0,15.5,10.15,16.36,78.0,5.57,3.65,5.88,33.0,2.36,1.54,2.49,195.0,13.93,9.12,14.7,194.0,13.86,9.07,14.63,45.98,44.15,1.82,107.47,39.0,2.79,1.82,477.47,34.11,0.51,0.55,0.5,0.35,0.78,0.13,0.61,0.32,0.69,0.51,3.65,1.54,0.09,9.07,0.25
2,桃園台啤永豐雲豹,57|62,莊博元/王皓吉,16,713,855.0,11807.8,196.8,196:48,737.99,12.3,12:18,395.0,24.69,46.2,72.26,392.0,24.5,45.85,71.71,320.0,20.0,37.43,58.54,141.0,8.81,16.49,25.79,180.0,11.25,21.05,32.93,94.0,5.88,10.99,17.2,140.0,8.75,16.37,25.61,47.0,2.94,5.5,8.6,78.0,4.88,9.12,14.27,63.0,3.94,7.37,11.52,49.0,3.06,5.73,8.96,138.0,8.62,16.14,25.24,66.0,4.12,7.72,12.07,127.0,7.94,14.85,23.23,56.0,3.5,6.55,10.24,87.0,5.44,10.18,15.91,35.0,2.19,4.09,6.4,13.0,0.81,1.52,2.38,78.0,4.88,9.12,14.27,57.0,3.56,6.67,10.43,46.2,45.85,0.35,104.27,3.0,0.19,0.35,196.8,12.3,0.51,0.56,0.52,0.34,0.81,0.14,0.62,0.28,0.68,0.49,4.09,1.52,0.09,6.67,0.24
2,桃園台啤永豐雲豹,57|68,莊博元/克羅馬,14,1308,1575.0,20850.6,347.51,347:31,1489.33,24.82,24:49,728.0,52.0,46.22,75.42,698.0,49.86,44.32,72.31,578.0,41.29,36.7,59.88,258.0,18.43,16.38,26.73,353.0,25.21,22.41,36.57,180.0,12.86,11.43,18.65,225.0,16.07,14.29,23.31,78.0,5.57,4.95,8.08,163.0,11.64,10.35,16.89,130.0,9.29,8.25,13.47,97.0,6.93,6.16,10.05,235.0,16.79,14.92,24.34,113.0,8.07,7.17,11.71,233.0,16.64,14.79,24.14,104.0,7.43,6.6,10.77,155.0,11.07,9.84,16.06,65.0,4.64,4.13,6.73,28.0,2.0,1.78,2.9,149.0,10.64,9.46,15.44,136.0,9.71,8.63,14.09,46.22,44.32,1.9,108.77,30.0,2.14,1.9,347.51,24.82,0.51,0.56,0.51,0.35,0.8,0.14,0.6,0.29,0.68,0.49,4.13,1.78,0.09,8.63,0.28
2,桃園台啤永豐雲豹,62|68,王皓吉/克羅馬,14,994,1188.0,16050.11,267.5,267:30,1146.44,19.11,19:06,540.0,38.57,45.45,72.67,577.0,41.21,48.57,77.65,445.0,31.79,37.46,59.89,195.0,13.93,16.41,26.24,253.0,18.07,21.3,34.05,129.0,9.21,10.86,17.36,192.0,13.71,16.16,25.84,66.0,4.71,5.56,8.88,104.0,7.43,8.75,14.0,84.0,6.0,7.07,11.3,70.0,5.0,5.89,9.42,192.0,13.71,16.16,25.84,89.0,6.36,7.49,11.98,162.0,11.57,13.64,21.8,78.0,5.57,6.57,10.5,117.0,8.36,9.85,15.75,48.0,3.43,4.04,6.46,16.0,1.14,1.35,2.15,103.0,7.36,8.67,13.86,90.0,6.43,7.58,12.11,45.45,48.57,-3.11,106.59,-37.0,-2.64,-3.11,267.5,19.11,0.51,0.55,0.51,0.34,0.81,0.14,0.6,0.3,0.68,0.51,4.04,1.35,0.09,7.58,0.23
2,新北中信特攻,39|113,魏嘉豪/林任鴻,8,89,108.0,1476.28,24.6,24:36,184.54,3.08,03:05,39.0,4.88,36.11,57.06,37.0,4.62,34.26,54.14,40.0,5.0,37.04,58.53,14.0,1.75,12.96,20.48,22.0,2.75,20.37,32.19,12.0,1.5,11.11,17.56,18.0,2.25,16.67,26.34,2.0,0.25,1.85,2.93,14.0,1.75,12.96,20.48,9.0,1.12,8.33,13.17,12.0,1.5,11.11,17.56,15.0,1.88,13.89,21.95,6.0,0.75,5.56,8.78,20.0,2.5,18.52,29.26,7.0,0.88,6.48,10.24,7.0,0.88,6.48,10.24,5.0,0.62,4.63,7.32,0.0,0.0,0.0,0.0,13.0,1.62,12.04,19.02,9.0,1.12,8.33,13.17,36.11,34.26,1.85,105.35,2.0,0.25,1.85,24.6,3.08,0.38,0.42,0.55,0.11,0.64,0.13,0.5,0.38,0.71,0.51,4.63,0.0,0.12,8.33,0.35
2,新北中信特攻,43|44,林韋翰/黃泓瀚,12,208,245.0,3235.75,53.93,53:56,269.65,4.49,04:30,102.0,8.5,41.63,68.09,109.0,9.08,44.49,72.76,92.0,7.67,37.55,61.41,38.0,3.17,15.51,25.37,55.0,4.58,22.45,36.71,29.0,2.42,11.84,19.36,37.0,3.08,15.1,24.7,9.0,0.75,3.67,6.01,24.0,2.0,9.8,16.02,17.0,1.42,6.94,11.35,19.0,1.58,7.76,12.68,37.0,3.08,15.1,24.7,13.0,1.08,5.31,8.68,42.0,3.5,17.14,28.04,18.0,1.5,7.35,12.02,23.0,1.92,9.39,15.35,6.0,0.5,2.45,4.01,9.0,0.75,3.67,6.01,20.0,1.67,8.16,13.35,20.0,1.67,8.16,13.35,41.63,44.49,-2.86,109.03,-7.0,-0.58,-2.86,53.93,4.49,0.46,0.5,0.53,0.24,0.71,0.15,0.61,0.31,0.74,0.5,2.45,3.67,0.08,8.16,0.26
2,新北中信特攻,43|113,林韋翰/林任鴻,9,177,221.0,2623.86,43.73,43:44,291.54,4.86,04:52,71.0,7.89,32.13,58.45,112.0,12.44,50.68,92.2,75.0,8.33,33.94,61.74,26.0,2.89,11.76,21.4,38.0,4.22,17.19,31.28,18.0,2.0,8.14,14.82,37.0,4.11,16.74,30.46,8.0,0.89,3.62,6.59,24.0,2.67,10.86,19.76,11.0,1.22,4.98,9.06,16.0,1.78,7.24,13.17,39.0,4.33,17.65,32.11,17.0,1.89,7.69,13.99,24.0,2.67,10.86,19.76,19.0,2.11,8.6,15.64,19.0,2.11,8.6,15.64,10.0,1.11,4.52,8.23,2.0,0.22,0.9,1.65,17.0,1.89,7.69,13.99,26.0,2.89,11.76,21.4,32.13,50.68,-18.55,121.29,-41.0,-4.56,-18.55,43.73,4.86,0.4,0.41,0.47,0.22,0.46,0.18,0.73,0.4,0.7,0.57,4.52,0.9,0.08,11.76,0.32
2,新北中信特攻,43|10877,林韋翰/阿巴西,16,1260,1496.0,19636.51,327.28,327:17,1227.28,20.45,20:27,715.0,44.69,47.79,78.65,632.0,39.5,42.25,69.52,566.0,35.38,37.83,62.26,269.0,16.81,17.98,29.59,317.0,19.81,21.19,34.87,187.0,11.69,12.5,20.57,249.0,15.56,16.64,27.39,82.0,5.12,5.48,9.02,132.0,8.25,8.82,14.52,93.0,5.81,6.22,10.23,101.0,6.31,6.75,11.11,202.0,12.62,13.5,22.22,78.0,4.88,5.21,8.58,232.0,14.5,15.51,25.52,117.0,7.31,7.82,12.87,174.0,10.88,11.63,19.14,54.0,3.38,3.61,5.94,13.0,0.81,0.87,1.43,140.0,8.75,9.36,15.4,167.0,10.44,11.16,18.37,47.79,42.25,5.55,109.71,83.0,5.19,5.55,327.28,20.45,0.55,0.57,0.59,0.33,0.7,0.16,0.65,0.3,0.72,0.49,3.61,0.87,0.09,11.16,0.23
2,新北中信特攻,43|10880,林韋翰/內馬,13,916,1103.0,14545.18,242.42,242:25,1118.86,18.65,18:39,497.0,38.23,45.06,73.81,471.0,36.23,42.7,69.94,422.0,32.46,38.26,62.67,184.0,14.15,16.68,27.32,242.0,18.62,21.94,35.94,129.0,9.92,11.7,19.16,180.0,13.85,16.32,26.73,55.0,4.23,4.99,8.17,106.0,8.15,9.61,15.74,74.0,5.69,6.71,10.99,84.0,6.46,7.62,12.47,163.0,12.54,14.78,24.21,66.0,5.08,5.98,9.8,161.0,12.38,14.6,23.91,82.0,6.31,7.43,12.18,114.0,8.77,10.34,16.93,36.0,2.77,3.26,5.35,20.0,1.54,1.81,2.97,101.0,7.77,9.16,15.0,117.0,9.0,10.61,17.37,45.06,42.7,2.36,109.2,26.0,2.0,2.36,242.42,18.65,0.5,0.53,0.53,0.31,0.7,0.15,0.62,0.34,0.71,0.52,3.26,1.81,0.09,10.61,0.25
2,桃園台啤永豐雲豹,16|58,米勒/林信寬,13,1144,1380.0,18433.03,307.22,307:13,1417.93,23.63,23:38,575.0,44.23,41.67,67.38,548.0,42.15,39.71,64.22,496.0,38.15,35.94,58.12,216.0,16.62,15.65,25.31,326.0,25.08,23.62,38.2,157.0,12.08,11.38,18.4,170.0,13.08,12.32,19.92,59.0,4.54,4.28,6.91,136.0,10.46,9.86,15.94,87.0,6.69,6.3,10.19,91.0,7.0,6.59,10.66,201.0,15.46,14.57,23.55,93.0,7.15,6.74,10.9,228.0,17.54,16.52,26.72,102.0,7.85,7.39,11.95,129.0,9.92,9.35,15.12,57.0,4.38,4.13,6.68,27.0,2.08,1.96,3.16,122.0,9.38,8.84,14.3,128.0,9.85,9.28,15.0,41.67,39.71,1.96,107.81,27.0,2.08,1.96,307.22,23.63,0.49,0.52,0.48,0.35,0.64,0.16,0.6,0.29,0.68,0.48,4.13,1.96,0.09,9.28,0.27
2,桃園台啤永豐雲豹,54|58,高錦瑋/林信寬,16,1155,1409.0,18146.77,302.45,302:27,1134.17,18.9,18:54,616.0,38.5,43.72,73.32,589.0,36.81,41.8,70.11,535.0,33.44,37.97,63.68,225.0,14.06,15.97,26.78,341.0,21.31,24.2,40.59,162.0,10.12,11.5,19.28,194.0,12.12,13.77,23.09,63.0,3.94,4.47,7.5,145.0,9.06,10.29,17.26,105.0,6.56,7.45,12.5,111.0,6.94,7.88,13.21,211.0,13.19,14.98,25.12,91.0,5.69,6.46,10.83,211.0,13.19,14.98,25.12,88.0,5.5,6.25,10.47,142.0,8.88,10.08,16.9,41.0,2.56,2.91,4.88,26.0,1.62,1.85,3.09,137.0,8.56,9.72,16.31,146.0,9.12,10.36,17.38,43.72,41.8,1.92,111.81,27.0,1.69,1.92,302.45,18.9,0.48,0.51,0.48,0.32,0.72,0.13,0.63,0.34,0.7,0.52,2.91,1.85,0.1,10.36,0.27
2,桃園台啤永豐雲豹,58|62,林信寬/王皓吉,14,331,394.0,4901.02,81.68,81:41,350.07,5.83,05:50,156.0,11.14,39.59,68.75,204.0,14.57,51.78,89.91,145.0,10.36,36.8,63.91,61.0,4.36,15.48,26.88,91.0,6.5,23.1,40.11,45.0,3.21,11.42,19.83,54.0,3.86,13.71,23.8,16.0,1.14,4.06,7.05,29.0,2.07,7.36,12.78,21.0,1.5,5.33,9.26,22.0,1.57,5.58,9.7,65.0,4.64,16.5,28.65,33.0,2.36,8.38,14.54,48.0,3.43,12.18,21.15,25.0,1.79,6.35,11.02,32.0,2.29,8.12,14.1,14.0,1.0,3.55,6.17,5.0,0.36,1.27,2.2,30.0,2.14,7.61,13.22,47.0,3.36,11.93,20.71,39.59,51.78,-12.18,115.76,-48.0,-3.43,-12.18,81.68,5.83,0.48,0.49,0.49,0.3,0.72,0.14,0.52,0.31,0.66,0.52,3.55,1.27,0.08,11.93,0.2
2,桃園台啤永豐雲豹,58|68,林信寬/克羅馬,13,1013,1227.0,15466.15,257.77,257:46,1189.7,19.83,19:50,535.0,41.15,43.6,74.72,517.0,39.77,42.14,72.2,451.0,34.69,36.76,62.99,193.0,14.85,15.73,26.95,295.0,22.69,24.04,41.2,140.0,10.77,11.41,19.55,156.0,12.0,12.71,21.79,53.0,4.08,4.32,7.4,130.0,10.0,10.59,18.16,97.0,7.46,7.91,13.55,84.0,6.46,6.85,11.73,185.0,14.23,15.08,25.84,89.0,6.85,7.25,12.43,172.0,13.23,14.02,24.02,82.0,6.31,6.68,11.45,126.0,9.69,10.27,17.6,47.0,3.62,3.83,6.56,21.0,1.62,1.71,2.93,109.0,8.38,8.88,15.22,128.0,9.85,10.43,17.88,43.6,42.14,1.47,114.24,18.0,1.38,1.47,257.77,19.83,0.49,0.53,0.47,0.34,0.75,0.14,0.65,0.33,0.68,0.51,3.83,1.71,0.09,10.43,0.29
2,桃園台啤永豐雲豹,54|10860,高錦瑋/麥卡洛,13,734,894.0,12014.35,200.24,200:14,924.18,15.4,15:24,397.0,30.54,44.41,71.37,374.0,28.77,41.83,67.24,360.0,27.69,40.27,64.72,148.0,11.38,16.55,26.61,232.0,17.85,25.95,41.71,109.0,8.38,12.19,19.6,128.0,9.85,14.32,23.01,39.0,3.0,4.36,7.01,79.0,6.08,8.84,14.2,59.0,4.54,6.6,10.61,80.0,6.15,8.95,14.38,141.0,10.85,15.77,25.35,54.0,4.15,6.04,9.71,138.0,10.62,15.44,24.81,51.0,3.92,5.7,9.17,90.0,6.92,10.07,16.18,25.0,1.92,2.8,4.49,15.0,1.15,1.68,2.7,73.0,5.62,8.17,13.12,99.0,7.62,11.07,17.8,44.41,41.83,2.57,107.15,23.0,1.77,2.57,200.24,15.4,0.47,0.5,0.47,0.3,0.75,0.11,0.61,0.37,0.72,0.54,2.8,1.68,0.08,11.07,0.22
2,桃園台啤永豐雲豹,58|10860,林信寬/麥卡洛,13,1050,1281.0,16760.18,279.34,279:20,1289.24,21.49,21:29,530.0,40.77,41.37,68.3,539.0,41.46,42.08,69.46,469.0,36.08,36.61,60.44,195.0,15.0,15.22,25.13,316.0,24.31,24.67,40.73,147.0,11.31,11.48,18.94,153.0,11.77,11.94,19.72,48.0,3.69,3.75,6.19,137.0,10.54,10.69,17.66,89.0,6.85,6.95,11.47,97.0,7.46,7.57,12.5,192.0,14.77,14.99,24.74,92.0,7.08,7.18,11.86,186.0,14.31,14.52,23.97,94.0,7.23,7.34,12.11,119.0,9.15,9.29,15.34,53.0,4.08,4.14,6.83,26.0,2.0,2.03,3.35,112.0,8.62,8.74,14.43,132.0,10.15,10.3,17.01,41.37,42.08,-0.7,110.06,-9.0,-0.69,-0.7,279.34,21.49,0.47,0.5,0.47,0.31,0.65,0.15,0.61,0.34,0.68,0.51,4.14,2.03,0.09,10.3,0.29
2,桃園台啤永豐雲豹,62|10860,王皓吉/麥卡洛,13,285,335.0,4507.76,75.13,75:08,346.75,5.78,05:47,132.0,10.15,39.4,63.25,165.0,12.69,49.25,79.06,129.0,9.92,38.51,61.81,46.0,3.54,13.73,22.04,84.0,6.46,25.07,40.25,35.0,2.69,10.45,16.77,45.0,3.46,13.43,21.56,11.0,0.85,3.28,5.27,32.0,2.46,9.55,15.33,26.0,2.0,7.76,12.46,20.0,1.54,5.97,9.58,64.0,4.92,19.1,30.67,28.0,2.15,8.36,13.42,43.0,3.31,12.84,20.6,17.0,1.31,5.07,8.15,29.0,2.23,8.66,13.9,9.0,0.69,2.69,4.31,4.0,0.31,1.19,1.92,25.0,1.92,7.46,11.98,34.0,2.62,10.15,16.29,39.4,49.25,-9.85,107.02,-33.0,-2.54,-9.85,75.13,5.78,0.4,0.46,0.42,0.24,0.81,0.11,0.63,0.32,0.7,0.54,2.69,1.19,0.07,10.15,0.25
2,桃園台啤永豐雲豹,68|10860,克羅馬/麥卡洛,10,567,674.0,9037.57,150.63,150:38,903.76,15.06,15:04,291.0,29.1,43.18,69.55,298.0,29.8,44.21,71.22,259.0,25.9,38.43,61.9,106.0,10.6,15.73,25.33,172.0,17.2,25.52,41.11,80.0,8.0,11.87,19.12,87.0,8.7,12.91,20.79,26.0,2.6,3.86,6.21,65.0,6.5,9.64,15.54,51.0,5.1,7.57,12.19,47.0,4.7,6.97,11.23,111.0,11.1,16.47,26.53,44.0,4.4,6.53,10.52,98.0,9.8,14.54,23.42,42.0,4.2,6.23,10.04,72.0,7.2,10.68,17.21,24.0,2.4,3.56,5.74,13.0,1.3,1.93,3.11,52.0,5.2,7.72,12.43,80.0,8.0,11.87,19.12,43.18,44.21,-1.04,107.39,-7.0,-0.7,-1.04,150.63,15.06,0.46,0.51,0.47,0.3,0.78,0.13,0.68,0.32,0.72,0.53,3.56,1.93,0.08,11.87,0.25
2,新北中信特攻,43|10882,林韋翰/霸夫,2,105,123.0,1811.1,30.19,30:11,905.55,15.09,15:06,44.0,22.0,35.77,52.48,49.0,24.5,39.84,58.44,42.0,21.0,34.15,50.09,17.0,8.5,13.82,20.27,18.0,9.0,14.63,21.47,11.0,5.5,8.94,13.12,24.0,12.0,19.51,28.62,6.0,3.0,4.88,7.16,8.0,4.0,6.5,9.54,4.0,2.0,3.25,4.77,5.0,2.5,4.07,5.96,22.0,11.0,17.89,26.24,12.0,6.0,9.76,14.31,17.0,8.5,13.82,20.27,12.0,6.0,9.76,14.31,11.0,5.5,8.94,13.12,7.0,3.5,5.69,8.35,2.0,1.0,1.63,2.39,10.0,5.0,8.13,11.93,21.0,10.5,17.07,25.05,35.77,39.84,-4.07,97.8,-5.0,-2.5,-4.07,30.19,15.09,0.48,0.48,0.61,0.25,0.5,0.21,0.65,0.23,0.65,0.48,5.69,1.63,0.08,17.07,0.19
2,新北中信特攻,43|47,林韋翰/曾文鼎,11,309,359.0,4982.17,83.04,83:02,452.92,7.55,07:33,152.0,13.82,42.34,65.9,154.0,14.0,42.9,66.77,134.0,12.18,37.33,58.1,61.0,5.55,16.99,26.45,72.0,6.55,20.06,31.22,44.0,4.0,12.26,19.08,62.0,5.64,17.27,26.88,17.0,1.55,4.74,7.37,21.0,1.91,5.85,9.1,10.0,0.91,2.79,4.34,18.0,1.64,5.01,7.8,58.0,5.27,16.16,25.15,21.0,1.91,5.85,9.1,54.0,4.91,15.04,23.41,27.0,2.45,7.52,11.71,40.0,3.64,11.14,17.34,7.0,0.64,1.95,3.03,5.0,0.45,1.39,2.17,26.0,2.36,7.24,11.27,42.0,3.82,11.7,18.21,42.34,42.9,-0.56,103.76,-2.0,-0.18,-0.56,83.04,7.55,0.52,0.53,0.61,0.27,0.48,0.16,0.66,0.25,0.73,0.5,1.95,1.39,0.07,11.7,0.16
2,新北中信特攻,47|113,曾文鼎/林任鴻,7,56,67.0,800.37,13.34,13:20,114.34,1.91,01:54,25.0,3.57,37.31,67.47,32.0,4.57,47.76,86.36,25.0,3.57,37.31,67.47,10.0,1.43,14.93,26.99,15.0,2.14,22.39,40.48,7.0,1.0,10.45,18.89,10.0,1.43,14.93,26.99,3.0,0.43,4.48,8.1,4.0,0.57,5.97,10.8,2.0,0.29,2.99,5.4,6.0,0.86,8.96,16.19,9.0,1.29,13.43,24.29,4.0,0.57,5.97,10.8,8.0,1.14,11.94,21.59,5.0,0.71,7.46,13.49,5.0,0.71,7.46,13.49,4.0,0.57,5.97,10.8,0.0,0.0,0.0,0.0,4.0,0.57,5.97,10.8,4.0,0.57,5.97,10.8,37.31,47.76,-10.45,120.54,-7.0,-1.0,-10.45,13.34,1.91,0.46,0.47,0.47,0.3,0.5,0.16,0.5,0.43,0.69,0.56,5.97,0.0,0.06,5.97,0.16
2,桃園台啤永豐雲豹,12|54,曹薰襄/高錦瑋,15,456,542.0,7475.99,124.6,124:36,498.4,8.31,08:18,252.0,16.8,46.49,72.81,219.0,14.6,40.41,63.27,207.0,13.8,38.19,59.81,95.0,6.33,17.53,27.45,143.0,9.53,26.38,41.32,71.0,4.73,13.1,20.51,64.0,4.27,11.81,18.49,24.0,1.6,4.43,6.93,53.0,3.53,9.78,15.31,39.0,2.6,7.2,11.27,39.0,2.6,7.2,11.27,77.0,5.13,14.21,22.25,34.0,2.27,6.27,9.82,91.0,6.07,16.79,26.29,38.0,2.53,7.01,10.98,62.0,4.13,11.44,17.91,22.0,1.47,4.06,6.36,3.0,0.2,0.55,0.87,56.0,3.73,10.33,16.18,50.0,3.33,9.23,14.45,46.49,40.41,6.09,104.4,33.0,2.2,6.09,124.6,8.31,0.52,0.55,0.5,0.38,0.74,0.14,0.65,0.3,0.69,0.48,4.06,0.55,0.1,9.23,0.26
2,桃園台啤永豐雲豹,12|58,曹薰襄/林信寬,16,973,1169.0,15786.83,263.11,263:07,986.68,16.44,16:27,486.0,30.38,41.57,66.5,482.0,30.12,41.23,65.95,407.0,25.44,34.82,55.69,184.0,11.5,15.74,25.18,295.0,18.44,25.24,40.36,148.0,9.25,12.66,20.25,112.0,7.0,9.58,15.32,36.0,2.25,3.08,4.93,134.0,8.38,11.46,18.33,84.0,5.25,7.19,11.49,72.0,4.5,6.16,9.85,166.0,10.38,14.2,22.71,87.0,5.44,7.44,11.9,182.0,11.38,15.57,24.9,95.0,5.94,8.13,13.0,112.0,7.0,9.58,15.32,54.0,3.38,4.62,7.39,18.0,1.12,1.54,2.46,106.0,6.62,9.07,14.5,103.0,6.44,8.81,14.09,41.57,41.23,0.34,106.63,4.0,0.25,0.34,263.11,16.44,0.5,0.52,0.5,0.32,0.63,0.17,0.61,0.28,0.66,0.47,4.62,1.54,0.09,8.81,0.33
2,桃園台啤永豐雲豹,12|68,曹薰襄/克羅馬,14,556,645.0,8508.62,141.81,141:49,607.76,10.13,10:08,289.0,20.64,44.81,73.37,284.0,20.29,44.03,72.1,234.0,16.71,36.28,59.4,108.0,7.71,16.74,27.42,164.0,11.71,25.43,41.63,86.0,6.14,13.33,21.83,70.0,5.0,10.85,17.77,22.0,1.57,3.41,5.58,71.0,5.07,11.01,18.02,53.0,3.79,8.22,13.45,32.0,2.29,4.96,8.12,101.0,7.21,15.66,25.64,40.0,2.86,6.2,10.15,97.0,6.93,15.04,24.62,45.0,3.21,6.98,11.42,76.0,5.43,11.78,19.29,29.0,2.07,4.5,7.36,7.0,0.5,1.09,1.78,58.0,4.14,8.99,14.72,62.0,4.43,9.61,15.74,44.81,44.03,0.78,109.16,5.0,0.36,0.78,141.81,10.13,0.51,0.54,0.52,0.31,0.75,0.15,0.7,0.25,0.72,0.49,4.5,1.09,0.09,9.61,0.3
2,桃園台啤永豐雲豹,12|10860,曹薰襄/麥卡洛,13,833,1005.0,13383.79,223.06,223:04,1029.52,17.16,17:10,427.0,32.85,42.49,68.91,393.0,30.23,39.1,63.43,359.0,27.62,35.72,57.94,163.0,12.54,16.22,26.31,257.0,19.77,25.57,41.48,127.0,9.77,12.64,20.5,102.0,7.85,10.15,16.46,36.0,2.77,3.58,5.81,103.0,7.92,10.25,16.62,66.0,5.08,6.57,10.65,66.0,5.08,6.57,10.65,141.0,10.85,14.03,22.76,73.0,5.62,7.26,11.78,164.0,12.62,16.32,26.47,80.0,6.15,7.96,12.91,101.0,7.77,10.05,16.3,48.0,3.69,4.78,7.75,16.0,1.23,1.59,2.58,85.0,6.54,8.46,13.72,98.0,7.54,9.75,15.82,42.49,39.1,3.38,108.13,34.0,2.62,3.38,223.06,17.16,0.5,0.53,0.49,0.35,0.64,0.17,0.62,0.29,0.66,0.47,4.78,1.59,0.08,9.75,0.29
2,新北中信特攻,40|43,謝亞軒/林韋翰,15,1075,1283.0,17145.35,285.76,285:45,1143.02,19.05,19:03,598.0,39.87,46.61,75.34,503.0,33.53,39.2,63.37,472.0,31.47,36.79,59.46,225.0,15.0,17.54,28.35,271.0,18.07,21.12,34.14,160.0,10.67,12.47,20.16,201.0,13.4,15.67,25.32,65.0,4.33,5.07,8.19,112.0,7.47,8.73,14.11,75.0,5.0,5.85,9.45,83.0,5.53,6.47,10.46,170.0,11.33,13.25,21.42,78.0,5.2,6.08,9.83,201.0,13.4,15.67,25.32,108.0,7.2,8.42,13.61,151.0,10.07,11.77,19.02,42.0,2.8,3.27,5.29,20.0,1.33,1.56,2.52,120.0,8.0,9.35,15.12,126.0,8.4,9.82,15.87,46.61,39.2,7.4,107.76,95.0,6.33,7.4,285.76,19.05,0.55,0.57,0.59,0.32,0.67,0.17,0.67,0.29,0.69,0.48,3.27,1.56,0.09,9.82,0.24
2,桃園台啤永豐雲豹,12|56,曹薰襄/丁冠皓,3,32,39.0,541.66,9.03,09:02,180.55,3.01,03:01,20.0,6.67,51.28,79.76,19.0,6.33,48.72,75.77,13.0,4.33,33.33,51.84,8.0,2.67,20.51,31.9,8.0,2.67,20.51,31.9,6.0,2.0,15.38,23.93,5.0,1.67,12.82,19.94,2.0,0.67,5.13,7.98,5.0,1.67,12.82,19.94,2.0,0.67,5.13,7.98,1.0,0.33,2.56,3.99,6.0,2.0,15.38,23.93,2.0,0.67,5.13,7.98,3.0,1.0,7.69,11.96,2.0,0.67,5.13,7.98,4.0,1.33,10.26,15.95,2.0,0.67,5.13,7.98,0.0,0.0,0.0,0.0,3.0,1.0,7.69,11.96,2.0,0.67,5.13,7.98,51.28,48.72,2.56,103.68,1.0,0.33,2.56,9.03,3.01,0.69,0.66,0.75,0.4,0.4,0.12,0.5,0.25,0.75,0.58,5.13,0.0,0.08,5.13,0.38
2,桃園台啤永豐雲豹,56|58,丁冠皓/林信寬,2,22,24.0,331.04,5.52,05:31,165.52,2.76,02:46,13.0,6.5,54.17,84.82,14.0,7.0,58.33,91.35,8.0,4.0,33.33,52.2,6.0,3.0,25.0,39.15,6.0,3.0,25.0,39.15,5.0,2.5,20.83,32.62,2.0,1.0,8.33,13.05,1.0,0.5,4.17,6.52,1.0,0.5,4.17,6.52,0.0,0.0,0.0,0.0,0.0,0.0,0.0,0.0,1.0,0.5,4.17,6.52,1.0,0.5,4.17,6.52,4.0,2.0,16.67,26.1,2.0,1.0,8.33,13.05,3.0,1.5,12.5,19.57,2.0,1.0,8.33,13.05,0.0,0.0,0.0,0.0,1.0,0.5,4.17,6.52,2.0,1.0,8.33,13.05,54.17,58.33,-4.17,104.4,-1.0,-0.5,-4.17,5.52,2.76,0.81,0.77,0.83,0.5,0.0,0.19,0.5,0.0,0.5,0.17,8.33,0.0,0.04,8.33,0.12
2,桃園台啤永豐雲豹,56|68,丁冠皓/克羅馬,1,8,8.0,96.0,1.6,01:36,96.0,1.6,01:36,4.0,4.0,50.0,90.0,4.0,4.0,50.0,90.0,3.0,3.0,37.5,67.5,2.0,2.0,25.0,45.0,3.0,3.0,37.5,67.5,2.0,2.0,25.0,45.0,0.0,0.0,0.0,0.0,0.0,0.0,0.0,0.0,0.0,0.0,0.0,0.0,0.0,0.0,0.0,0.0,0.0,0.0,0.0,0.0,1.0,1.0,12.5,22.5,0.0,0.0,0.0,0.0,1.0,1.0,12.5,22.5,1.0,1.0,12.5,22.5,1.0,1.0,12.5,22.5,1.0,1.0,12.5,22.5,0.0,0.0,0.0,0.0,0.0,0.0,0.0,0.0,0.0,0.0,0.0,0.0,50.0,50.0,0.0,120.0,0.0,0.0,0.0,1.6,1.6,0.67,0.67,0.67,,,0.25,0.5,0.0,1.0,0.5,12.5,0.0,0.0,0.0,0.0
2,桃園台啤永豐雲豹,56|10860,丁冠皓/麥卡洛,2,22,27.0,351.12,5.85,05:51,175.56,2.93,02:56,14.0,7.0,51.85,86.13,15.0,7.5,55.56,92.28,9.0,4.5,33.33,55.37,6.0,3.0,22.22,36.91,6.0,3.0,22.22,36.91,5.0,2.5,18.52,30.76,3.0,1.5,11.11,18.46,1.0,0.5,3.7,6.15,3.0,1.5,11.11,18.46,1.0,0.5,3.7,6.15,1.0,0.5,3.7,6.15,3.0,1.5,11.11,18.46,1.0,0.5,3.7,6.15,3.0,1.5,11.11,18.46,2.0,1.0,7.41,12.3,2.0,1.0,7.41,12.3,2.0,1.0,7.41,12.3,0.0,0.0,0.0,0.0,2.0,1.0,7.41,12.3,0.0,0.0,0.0,0.0,51.85,55.56,-3.7,110.73,-1.0,-0.5,-3.7,5.85,2.93,0.72,0.68,0.83,0.33,0.33,0.16,0.33,0.25,0.75,0.5,7.41,0.0,0.07,0.0,0.33
2,桃園台啤永豐雲豹,12|16,曹薰襄/米勒,14,747,888.0,12529.05,208.82,208:49,894.93,14.92,14:55,372.0,26.57,41.89,64.13,348.0,24.86,39.19,59.99,311.0,22.21,35.02,53.62,141.0,10.07,15.88,24.31,210.0,15.0,23.65,36.2,108.0,7.71,12.16,18.62,101.0,7.21,11.37,17.41,33.0,2.36,3.72,5.69,90.0,6.43,10.14,15.52,59.0,4.21,6.64,10.17,53.0,3.79,5.97,9.14,124.0,8.86,13.96,21.38,64.0,4.57,7.21,11.03,152.0,10.86,17.12,26.2,76.0,5.43,8.56,13.1,81.0,5.79,9.12,13.96,48.0,3.43,5.41,8.28,15.0,1.07,1.69,2.59,77.0,5.5,8.67,13.27,84.0,6.0,9.46,14.48,41.89,39.19,2.7,102.06,24.0,1.71,2.7,208.82,14.92,0.51,0.53,0.51,0.33,0.66,0.18,0.57,0.26,0.66,0.45,5.41,1.69,0.09,9.46,0.29
2,桃園台啤永豐雲豹,16|56,米勒/丁冠皓,1,10,12.0,168.0,2.8,02:48,168.0,2.8,02:48,7.0,7.0,58.33,90.0,8.0,8.0,66.67,102.86,4.0,4.0,33.33,51.43,3.0,3.0,25.0,38.57,2.0,2.0,16.67,25.71,2.0,2.0,16.67,25.71,2.0,2.0,16.67,25.71,1.0,1.0,8.33,12.86,0.0,0.0,0.0,0.0,0.0,0.0,0.0,0.0,0.0,0.0,0.0,0.0,0.0,0.0,0.0,0.0,1.0,1.0,8.33,12.86,1.0,1.0,8.33,12.86,1.0,1.0,8.33,12.86,1.0,1.0,8.33,12.86,1.0,1.0,8.33,12.86,0.0,0.0,0.0,0.0,0.0,0.0,0.0,0.0,0.0,0.0,0.0,0.0,58.33,66.67,-8.33,102.86,-1.0,-1.0,-8.33,2.8,2.8,0.88,0.88,1.0,0.5,,0.2,0.33,0.0,0.0,0.0,8.33,0.0,0.0,0.0,0.0
2,桃園台啤永豐雲豹,16|10860,米勒/麥卡洛,10,506,615.0,8189.96,136.5,136:30,819.0,13.65,13:39,255.0,25.5,41.46,67.25,241.0,24.1,39.19,63.56,223.0,22.3,36.26,58.81,96.0,9.6,15.61,25.32,148.0,14.8,24.07,39.03,72.0,7.2,11.71,18.99,75.0,7.5,12.2,19.78,24.0,2.4,3.9,6.33,60.0,6.0,9.76,15.82,36.0,3.6,5.85,9.49,43.0,4.3,6.99,11.34,89.0,8.9,14.47,23.47,46.0,4.6,7.48,12.13,103.0,10.3,16.75,27.16,44.0,4.4,7.15,11.6,55.0,5.5,8.94,14.51,28.0,2.8,4.55,7.38,13.0,1.3,2.11,3.43,49.0,4.9,7.97,12.92,59.0,5.9,9.59,15.56,41.46,39.19,2.28,108.13,14.0,1.4,2.28,136.5,13.65,0.48,0.51,0.49,0.32,0.6,0.15,0.57,0.29,0.66,0.47,4.55,2.11,0.08,9.59,0.27
2,桃園台啤永豐雲豹,12|10884,曹薰襄/徐宏瑋,15,346,419.0,6253.36,104.22,104:13,416.89,6.95,06:57,184.0,12.27,43.91,63.56,176.0,11.73,42.0,60.79,138.0,9.2,32.94,47.67,71.0,4.73,16.95,24.52,95.0,6.33,22.67,32.81,56.0,3.73,13.37,19.34,43.0,2.87,10.26,14.85,15.0,1.0,3.58,5.18,45.0,3.0,10.74,15.54,28.0,1.87,6.68,9.67,21.0,1.4,5.01,7.25,52.0,3.47,12.41,17.96,35.0,2.33,8.35,12.09,63.0,4.2,15.04,21.76,38.0,2.53,9.07,13.13,43.0,2.87,10.26,14.85,23.0,1.53,5.49,7.94,6.0,0.4,1.43,2.07,34.0,2.27,8.11,11.74,45.0,3.0,10.74,15.54,43.91,42.0,1.91,96.49,8.0,0.53,1.91,104.22,6.95,0.57,0.58,0.59,0.35,0.62,0.19,0.61,0.25,0.6,0.43,5.49,1.43,0.08,10.74,0.33
2,桃園台啤永豐雲豹,16|10884,米勒/徐宏瑋,11,213,260.0,4225.5,70.42,70:25,384.14,6.4,06:24,102.0,9.27,39.23,52.14,107.0,9.73,41.15,54.7,90.0,8.18,34.62,46.01,43.0,3.91,16.54,21.98,59.0,5.36,22.69,30.16,33.0,3.0,12.69,16.87,31.0,2.82,11.92,15.85,10.0,0.91,3.85,5.11,14.0,1.27,5.38,7.16,6.0,0.55,2.31,3.07,15.0,1.36,5.77,7.67,33.0,3.0,12.69,16.87,23.0,2.09,8.85,11.76,42.0,3.82,16.15,21.47,23.0,2.09,8.85,11.76,25.0,2.27,9.62,12.78,17.0,1.55,6.54,8.69,4.0,0.36,1.54,2.04,21.0,1.91,8.08,10.73,26.0,2.36,10.0,13.29,39.23,41.15,-1.92,88.6,-5.0,-0.45,-1.92,70.42,6.4,0.53,0.53,0.56,0.32,0.43,0.19,0.58,0.26,0.59,0.42,6.54,1.54,0.08,10.0,0.16
2,桃園台啤永豐雲豹,58|10884,林信寬/徐宏瑋,14,295,367.0,5508.07,91.8,91:48,393.43,6.56,06:33,158.0,11.29,43.05,61.96,149.0,10.64,40.6,58.43,124.0,8.86,33.79,48.63,59.0,4.21,16.08,23.14,86.0,6.14,23.43,33.73,45.0,3.21,12.26,17.65,38.0,2.71,10.35,14.9,14.0,1.0,3.81,5.49,44.0,3.14,11.99,17.25,26.0,1.86,7.08,10.2,25.0,1.79,6.81,9.8,46.0,3.29,12.53,18.04,34.0,2.43,9.26,13.33,52.0,3.71,14.17,20.39,27.0,1.93,7.36,10.59,39.0,2.79,10.63,15.29,17.0,1.21,4.63,6.67,4.0,0.29,1.09,1.57,34.0,2.43,9.26,13.33,40.0,2.86,10.9,15.69,43.05,40.6,2.45,95.95,9.0,0.64,2.45,91.8,6.56,0.53,0.55,0.52,0.37,0.59,0.16,0.66,0.32,0.57,0.45,4.63,1.09,0.09,10.9,0.35
2,桃園台啤永豐雲豹,10860|10884,麥卡洛/徐宏瑋,11,253,306.0,4113.45,68.56,68:33,373.95,6.23,06:14,136.0,12.36,44.44,71.41,129.0,11.73,42.16,67.74,99.0,9.0,32.35,51.99,52.0,4.73,16.99,27.31,70.0,6.36,22.88,36.76,41.0,3.73,13.4,21.53,29.0,2.64,9.48,15.23,11.0,1.0,3.59,5.78,35.0,3.18,11.44,18.38,21.0,1.91,6.86,11.03,13.0,1.18,4.25,6.83,38.0,3.45,12.42,19.95,27.0,2.45,8.82,14.18,46.0,4.18,15.03,24.15,24.0,2.18,7.84,12.6,31.0,2.82,10.13,16.28,15.0,1.36,4.9,7.88,2.0,0.18,0.65,1.05,23.0,2.09,7.52,12.08,34.0,3.09,11.11,17.85,44.44,42.16,2.29,107.12,7.0,0.64,2.29,68.56,6.23,0.58,0.59,0.59,0.38,0.6,0.17,0.6,0.22,0.58,0.41,4.9,0.65,0.08,11.11,0.35
2,桃園台啤永豐雲豹,57|10860,莊博元/麥卡洛,13,541,653.0,8670.16,144.5,144:30,666.94,11.12,11:07,285.0,21.92,43.64,71.0,270.0,20.77,41.35,67.27,245.0,18.85,37.52,61.04,101.0,7.77,15.47,25.16,157.0,12.08,24.04,39.11,75.0,5.77,11.49,18.68,88.0,6.77,13.48,21.92,26.0,2.0,3.98,6.48,77.0,5.92,11.79,19.18,56.0,4.31,8.58,13.95,55.0,4.23,8.42,13.7,95.0,7.31,14.55,23.67,38.0,2.92,5.82,9.47,98.0,7.54,15.01,24.41,44.0,3.38,6.74,10.96,66.0,5.08,10.11,16.44,23.0,1.77,3.52,5.73,15.0,1.15,2.3,3.74,54.0,4.15,8.27,13.45,75.0,5.77,11.49,18.68,43.64,41.35,2.3,108.45,15.0,1.15,2.3,144.5,11.12,0.47,0.51,0.48,0.3,0.73,0.14,0.65,0.36,0.71,0.52,3.52,2.3,0.08,11.49,0.31
2,桃園台啤永豐雲豹,57|58,莊博元/林信寬,16,772,927.0,11464.76,191.08,191:05,716.55,11.94,11:57,405.0,25.31,43.69,76.3,369.0,23.06,39.81,69.52,332.0,20.75,35.81,62.55,142.0,8.88,15.32,26.75,219.0,13.69,23.62,41.26,105.0,6.56,11.33,19.78,113.0,7.06,12.19,21.29,37.0,2.31,3.99,6.97,114.0,7.12,12.3,21.48,83.0,5.19,8.95,15.64,68.0,4.25,7.34,12.81,129.0,8.06,13.92,24.3,50.0,3.12,5.39,9.42,152.0,9.5,16.4,28.64,66.0,4.12,7.12,12.43,90.0,5.62,9.71,16.96,37.0,2.31,3.99,6.97,24.0,1.5,2.59,4.52,88.0,5.5,9.49,16.58,90.0,5.62,9.71,16.96,43.69,39.81,3.88,116.43,36.0,2.25,3.88,191.08,11.94,0.48,0.53,0.48,0.33,0.73,0.15,0.63,0.31,0.72,0.49,3.99,2.59,0.09,9.71,0.34
2,新北中信特攻,43|10881,林韋翰/飛克,14,813,970.0,13330.73,222.18,222:11,952.2,15.87,15:52,434.0,31.0,44.74,70.32,420.0,30.0,43.3,68.05,361.0,25.79,37.22,58.49,166.0,11.86,17.11,26.9,211.0,15.07,21.75,34.19,124.0,8.86,12.78,20.09,150.0,10.71,15.46,24.3,42.0,3.0,4.33,6.81,87.0,6.21,8.97,14.1,57.0,4.07,5.88,9.24,65.0,4.64,6.7,10.53,139.0,9.93,14.33,22.52,53.0,3.79,5.46,8.59,148.0,10.57,15.26,23.98,71.0,5.07,7.32,11.5,116.0,8.29,11.96,18.8,26.0,1.86,2.68,4.21,12.0,0.86,1.24,1.94,81.0,5.79,8.35,13.12,108.0,7.71,11.13,17.5,44.74,43.3,1.44,104.78,14.0,1.0,1.44,222.18,15.87,0.52,0.54,0.59,0.28,0.66,0.15,0.7,0.31,0.72,0.5,2.68,1.24,0.08,11.13,0.24
2,新北中信特攻,43|48,林韋翰/李沛澄,7,136,151.0,2074.26,34.57,34:34,296.32,4.94,04:56,94.0,13.43,62.25,97.89,80.0,11.43,52.98,83.31,55.0,7.86,36.42,57.27,31.0,4.43,20.53,32.28,30.0,4.29,19.87,31.24,20.0,2.86,13.25,20.83,25.0,3.57,16.56,26.03,11.0,1.57,7.28,11.45,27.0,3.86,17.88,28.12,21.0,3.0,13.91,21.87,5.0,0.71,3.31,5.21,22.0,3.14,14.57,22.91,5.0,0.71,3.31,5.21,17.0,2.43,11.26,17.7,8.0,1.14,5.3,8.33,19.0,2.71,12.58,19.79,6.0,0.86,3.97,6.25,4.0,0.57,2.65,4.17,18.0,2.57,11.92,18.74,22.0,3.14,14.57,22.91,62.25,52.98,9.27,104.83,14.0,2.0,9.27,34.57,4.94,0.66,0.7,0.67,0.44,0.78,0.11,0.61,0.23,0.81,0.55,3.97,2.65,0.12,14.57,0.49
2,新北中信特攻,35|43,李睿麒/林韋翰,2,9,10.0,142.88,2.38,02:23,71.44,1.19,01:11,4.0,2.0,40.0,60.47,5.0,2.5,50.0,75.59,3.0,1.5,30.0,45.35,0.0,0.0,0.0,0.0,0.0,0.0,0.0,0.0,0.0,0.0,0.0,0.0,3.0,1.5,30.0,45.35,0.0,0.0,0.0,0.0,4.0,2.0,40.0,60.47,4.0,2.0,40.0,60.47,1.0,0.5,10.0,15.12,2.0,1.0,20.0,30.23,0.0,0.0,0.0,0.0,0.0,0.0,0.0,0.0,0.0,0.0,0.0,0.0,0.0,0.0,0.0,0.0,0.0,0.0,0.0,0.0,1.0,0.5,10.0,15.12,1.0,0.5,10.0,15.12,0.0,0.0,0.0,0.0,40.0,50.0,-10.0,100.78,-1.0,-0.5,-10.0,2.38,1.19,0.0,0.42,,0.0,1.0,0.0,,1.0,1.0,1.0,0.0,10.0,0.1,0.0,1.33
2,新北中信特攻,35|44,李睿麒/黃泓瀚,3,20,23.0,320.09,5.33,05:20,106.7,1.78,01:47,13.0,4.33,56.52,87.72,11.0,3.67,47.83,74.23,9.0,3.0,39.13,60.73,4.0,1.33,17.39,26.99,4.0,1.33,17.39,26.99,3.0,1.0,13.04,20.24,5.0,1.67,21.74,33.74,1.0,0.33,4.35,6.75,4.0,1.33,17.39,26.99,4.0,1.33,17.39,26.99,2.0,0.67,8.7,13.5,3.0,1.0,13.04,20.24,1.0,0.33,4.35,6.75,3.0,1.0,13.04,20.24,1.0,0.33,4.35,6.75,2.0,0.67,8.7,13.5,0.0,0.0,0.0,0.0,2.0,0.67,8.7,13.5,2.0,0.67,8.7,13.5,2.0,0.67,8.7,13.5,56.52,47.83,8.7,103.47,2.0,0.67,8.7,5.33,1.78,0.5,0.6,0.75,0.2,1.0,0.09,0.5,0.4,0.75,0.56,0.0,8.7,0.09,8.7,0.44
2,新北中信特攻,35|48,李睿麒/李沛澄,1,16,18.0,261.09,4.35,04:21,261.09,4.35,04:21,10.0,10.0,55.56,82.73,8.0,8.0,44.44,66.18,6.0,6.0,33.33,49.64,2.0,2.0,11.11,16.55,4.0,4.0,22.22,33.09,2.0,2.0,11.11,16.55,2.0,2.0,11.11,16.55,0.0,0.0,0.0,0.0,6.0,6.0,33.33,49.64,6.0,6.0,33.33,49.64,1.0,1.0,5.56,8.27,3.0,3.0,16.67,24.82,0.0,0.0,0.0,0.0,3.0,3.0,16.67,24.82,1.0,1.0,5.56,8.27,0.0,0.0,0.0,0.0,1.0,1.0,5.56,8.27,1.0,1.0,5.56,8.27,2.0,2.0,11.11,16.55,2.0,2.0,11.11,16.55,55.56,44.44,11.11,99.27,2.0,2.0,11.11,4.35,4.35,0.33,0.58,0.5,0.0,1.0,0.1,0.0,0.25,1.0,0.57,5.56,5.56,0.11,11.11,1.0
2,新北中信特攻,35|10880,李睿麒/內馬,2,19,22.0,290.88,4.85,04:51,145.44,2.42,02:25,10.0,5.0,45.45,74.26,8.0,4.0,36.36,59.41,8.0,4.0,36.36,59.41,2.0,1.0,9.09,14.85,4.0,2.0,18.18,29.7,2.0,1.0,9.09,14.85,4.0,2.0,18.18,29.7,0.0,0.0,0.0,0.0,6.0,3.0,27.27,44.55,6.0,3.0,27.27,44.55,2.0,1.0,9.09,14.85,4.0,2.0,18.18,29.7,0.0,0.0,0.0,0.0,3.0,1.5,13.64,22.28,1.0,0.5,4.55,7.43,0.0,0.0,0.0,0.0,1.0,0.5,4.55,7.43,1.0,0.5,4.55,7.43,2.0,1.0,9.09,14.85,2.0,1.0,9.09,14.85,45.45,36.36,9.09,108.91,2.0,1.0,9.09,4.85,2.42,0.25,0.47,0.5,0.0,1.0,0.09,0.0,0.4,1.0,0.67,4.55,4.55,0.09,9.09,0.75
2,新北中信特攻,35|39,李睿麒/魏嘉豪,1,19,23.0,459.53,7.66,07:40,459.53,7.66,07:40,10.0,10.0,43.48,47.0,8.0,8.0,34.78,37.6,7.0,7.0,30.43,32.9,3.0,3.0,13.04,14.1,5.0,5.0,21.74,23.5,3.0,3.0,13.04,14.1,2.0,2.0,8.7,9.4,0.0,0.0,0.0,0.0,6.0,6.0,26.09,28.2,4.0,4.0,17.39,18.8,2.0,2.0,8.7,9.4,3.0,3.0,13.04,14.1,0.0,0.0,0.0,0.0,4.0,4.0,17.39,18.8,3.0,3.0,13.04,14.1,0.0,0.0,0.0,0.0,2.0,2.0,8.7,9.4,0.0,0.0,0.0,0.0,3.0,3.0,13.04,14.1,2.0,2.0,8.7,9.4,43.48,34.78,8.7,72.07,2.0,2.0,8.7,7.66,7.66,0.43,0.52,0.6,0.0,0.67,0.24,0.0,0.33,1.0,0.56,8.7,0.0,0.13,8.7,0.86
2,新北中信特攻,35|10882,李睿麒/霸夫,2,21,26.0,458.09,7.63,07:38,229.05,3.82,03:49,10.0,5.0,38.46,47.15,8.0,4.0,30.77,37.72,9.0,4.5,34.62,42.44,3.0,1.5,11.54,14.15,5.0,2.5,19.23,23.58,3.0,1.5,11.54,14.15,4.0,2.0,15.38,18.86,0.0,0.0,0.0,0.0,4.0,2.0,15.38,18.86,4.0,2.0,15.38,18.86,3.0,1.5,11.54,14.15,3.0,1.5,11.54,14.15,0.0,0.0,0.0,0.0,5.0,2.5,19.23,23.58,3.0,1.5,11.54,14.15,0.0,0.0,0.0,0.0,2.0,1.0,7.69,9.43,0.0,0.0,0.0,0.0,2.0,1.0,7.69,9.43,2.0,1.0,7.69,9.43,38.46,30.77,7.69,81.73,2.0,1.0,7.69,7.63,3.82,0.33,0.46,0.6,0.0,1.0,0.22,0.0,0.38,1.0,0.55,7.69,0.0,0.08,7.69,0.44
2,新北中信特攻,35|47,李睿麒/曾文鼎,1,11,14.0,339.53,5.66,05:40,339.53,5.66,05:40,4.0,4.0,28.57,25.45,5.0,5.0,35.71,31.81,4.0,4.0,28.57,25.45,1.0,1.0,7.14,6.36,1.0,1.0,7.14,6.36,1.0,1.0,7.14,6.36,3.0,3.0,21.43,19.09,0.0,0.0,0.0,0.0,4.0,4.0,28.57,25.45,2.0,2.0,14.29,12.72,2.0,2.0,14.29,12.72,2.0,2.0,14.29,12.72,0.0,0.0,0.0,0.0,2.0,2.0,14.29,12.72,2.0,2.0,14.29,12.72,0.0,0.0,0.0,0.0,1.0,1.0,7.14,6.36,0.0,0.0,0.0,0.0,2.0,2.0,14.29,12.72,0.0,0.0,0.0,0.0,28.57,35.71,-7.14,59.38,-1.0,-1.0,-7.14,5.66,5.66,0.25,0.35,1.0,0.0,0.5,0.26,0.0,0.5,1.0,0.67,7.14,0.0,0.14,0.0,1.0
2,新北中信特攻,35|10879,李睿麒/簡廷兆,3,24,30.0,500.32,8.34,08:20,166.77,2.78,02:47,13.0,4.33,43.33,56.12,10.0,3.33,33.33,43.17,14.0,4.67,46.67,60.44,6.0,2.0,20.0,25.9,7.0,2.33,23.33,30.22,5.0,1.67,16.67,21.59,7.0,2.33,23.33,30.22,1.0,0.33,3.33,4.32,2.0,0.67,6.67,8.63,0.0,0.0,0.0,0.0,4.0,1.33,13.33,17.27,5.0,1.67,16.67,21.59,2.0,0.67,6.67,8.63,3.0,1.0,10.0,12.95,1.0,0.33,3.33,4.32,3.0,1.0,10.0,12.95,0.0,0.0,0.0,0.0,1.0,0.33,3.33,4.32,2.0,0.67,6.67,8.63,4.0,1.33,13.33,17.27,43.33,33.33,10.0,86.34,3.0,1.0,10.0,8.34,2.78,0.46,0.44,0.71,0.14,0.0,0.06,0.5,0.57,0.71,0.64,0.0,3.33,0.07,13.33,0.14
2,桃園台啤永豐雲豹,16|64,米勒/劉元凱,1,3,4.0,132.09,2.2,02:12,132.09,2.2,02:12,0.0,0.0,0.0,0.0,2.0,2.0,50.0,32.7,0.0,0.0,0.0,0.0,0.0,0.0,0.0,0.0,0.0,0.0,0.0,0.0,0.0,0.0,0.0,0.0,0.0,0.0,0.0,0.0,0.0,0.0,0.0,0.0,0.0,0.0,0.0,0.0,0.0,0.0,0.0,0.0,0.0,0.0,0.0,0.0,0.0,0.0,0.0,0.0,1.0,1.0,25.0,16.35,0.0,0.0,0.0,0.0,2.0,2.0,50.0,32.7,0.0,0.0,0.0,0.0,1.0,1.0,25.0,16.35,0.0,0.0,0.0,0.0,0.0,0.0,0.0,0.0,0.0,0.0,0.0,0.0,0.0,50.0,-50.0,43.61,-2.0,-2.0,-50.0,2.2,2.2,,,,,,1.0,,,0.0,0.0,25.0,0.0,0.0,0.0,
2,桃園台啤永豐雲豹,54|64,高錦瑋/劉元凱,3,15,19.0,365.28,6.09,06:05,121.76,2.03,02:02,7.0,2.33,36.84,41.39,15.0,5.0,78.95,88.7,6.0,2.0,31.58,35.48,3.0,1.0,15.79,17.74,4.0,1.33,21.05,23.65,2.0,0.67,10.53,11.83,2.0,0.67,10.53,11.83,1.0,0.33,5.26,5.91,0.0,0.0,0.0,0.0,0.0,0.0,0.0,0.0,0.0,0.0,0.0,0.0,2.0,0.67,10.53,11.83,2.0,0.67,10.53,11.83,2.0,0.67,10.53,11.83,2.0,0.67,10.53,11.83,3.0,1.0,15.79,17.74,1.0,0.33,5.26,5.91,0.0,0.0,0.0,0.0,1.0,0.33,5.26,5.91,8.0,2.67,42.11,47.31,36.84,78.95,-42.11,74.9,-8.0,-2.67,-42.11,6.09,2.03,0.58,0.58,0.5,0.5,,0.25,1.0,0.0,0.5,0.33,5.26,0.0,0.05,42.11,0.0
2,桃園台啤永豐雲豹,58|64,林信寬/劉元凱,3,17,22.0,423.59,7.06,07:04,141.2,2.35,02:21,7.0,2.33,31.82,35.69,15.0,5.0,68.18,76.49,7.0,2.33,31.82,35.69,3.0,1.0,13.64,15.3,4.0,1.33,18.18,20.4,2.0,0.67,9.09,10.2,3.0,1.0,13.64,15.3,1.0,0.33,4.55,5.1,0.0,0.0,0.0,0.0,0.0,0.0,0.0,0.0,0.0,0.0,0.0,0.0,3.0,1.0,13.64,15.3,3.0,1.0,13.64,15.3,2.0,0.67,9.09,10.2,2.0,0.67,9.09,10.2,3.0,1.0,13.64,15.3,1.0,0.33,4.55,5.1,0.0,0.0,0.0,0.0,1.0,0.33,4.55,5.1,7.0,2.33,31.82,35.69,31.82,68.18,-36.36,74.79,-8.0,-2.67,-36.36,7.06,2.35,0.5,0.5,0.5,0.33,,0.22,1.0,0.0,0.5,0.38,4.55,0.0,0.05,31.82,0.0
2,桃園台啤永豐雲豹,64|68,劉元凱/克羅馬,4,17,22.0,395.6,6.59,06:36,98.9,1.65,01:39,9.0,2.25,40.91,49.14,14.0,3.5,63.64,76.44,7.0,1.75,31.82,38.22,4.0,1.0,18.18,21.84,5.0,1.25,22.73,27.3,3.0,0.75,13.64,16.38,2.0,0.5,9.09,10.92,1.0,0.25,4.55,5.46,1.0,0.25,4.55,5.46,1.0,0.25,4.55,5.46,0.0,0.0,0.0,0.0,2.0,0.5,9.09,10.92,2.0,0.5,9.09,10.92,2.0,0.5,9.09,10.92,3.0,0.75,13.64,16.38,4.0,1.0,18.18,21.84,1.0,0.25,4.55,5.46,0.0,0.0,0.0,0.0,3.0,0.75,13.64,16.38,6.0,1.5,27.27,32.76,40.91,63.64,-22.73,80.08,-5.0,-1.25,-22.73,6.59,1.65,0.64,0.6,0.6,0.5,1.0,0.29,1.0,0.0,0.5,0.33,4.55,0.0,0.14,27.27,0.14
2,新北中信特攻,35|10881,李睿麒/飛克,2,15,18.0,397.44,6.62,06:37,198.72,3.31,03:19,4.0,2.0,22.22,21.74,12.0,6.0,66.67,65.22,4.0,2.0,22.22,21.74,1.0,0.5,5.56,5.43,2.0,1.0,11.11,10.87,1.0,0.5,5.56,5.43,2.0,1.0,11.11,10.87,0.0,0.0,0.0,0.0,4.0,2.0,22.22,21.74,2.0,1.0,11.11,10.87,1.0,0.5,5.56,5.43,3.0,1.5,16.67,16.3,1.0,0.5,5.56,5.43,2.0,1.0,11.11,10.87,3.0,1.5,16.67,16.3,1.0,0.5,5.56,5.43,1.0,0.5,5.56,5.43,0.0,0.0,0.0,0.0,2.0,1.0,11.11,10.87,2.0,1.0,11.11,10.87,22.22,66.67,-44.44,65.22,-8.0,-4.0,-44.44,6.62,3.31,0.25,0.35,0.5,0.0,0.5,0.34,1.0,0.33,0.75,0.57,5.56,0.0,0.11,11.11,1.0
2,桃園台啤永豐雲豹,64|10860,劉元凱/麥卡洛,2,7,8.0,142.44,2.37,02:22,71.22,1.19,01:11,5.0,2.5,62.5,75.82,3.0,1.5,37.5,45.49,3.0,1.5,37.5,45.49,2.0,1.0,25.0,30.33,1.0,0.5,12.5,15.16,1.0,0.5,12.5,15.16,2.0,1.0,25.0,30.33,1.0,0.5,12.5,15.16,0.0,0.0,0.0,0.0,0.0,0.0,0.0,0.0,0.0,0.0,0.0,0.0,1.0,0.5,12.5,15.16,0.0,0.0,0.0,0.0,1.0,0.5,12.5,15.16,0.0,0.0,0.0,0.0,2.0,1.0,25.0,30.33,0.0,0.0,0.0,0.0,0.0,0.0,0.0,0.0,0.0,0.0,0.0,0.0,5.0,2.5,62.5,75.82,62.5,37.5,25.0,80.88,2.0,1.0,25.0,2.37,1.19,0.83,0.83,1.0,0.5,,0.0,1.0,0.0,1.0,0.5,0.0,0.0,0.0,62.5,0.0
2,新北中信特攻,35|10883,李睿麒/林安龍,2,10,11.0,163.0,2.72,02:43,81.5,1.36,01:22,3.0,1.5,27.27,39.75,5.0,2.5,45.45,66.26,5.0,2.5,45.45,66.26,1.0,0.5,9.09,13.25,1.0,0.5,9.09,13.25,1.0,0.5,9.09,13.25,4.0,2.0,36.36,53.01,0.0,0.0,0.0,0.0,1.0,0.5,9.09,13.25,1.0,0.5,9.09,13.25,1.0,0.5,9.09,13.25,2.0,1.0,18.18,26.5,0.0,0.0,0.0,0.0,1.0,0.5,9.09,13.25,1.0,0.5,9.09,13.25,0.0,0.0,0.0,0.0,0.0,0.0,0.0,0.0,0.0,0.0,0.0,0.0,1.0,0.5,9.09,13.25,0.0,0.0,0.0,0.0,27.27,45.45,-18.18,97.18,-2.0,-1.0,-18.18,2.72,1.36,0.2,0.28,1.0,0.0,1.0,0.16,0.0,0.5,1.0,0.75,0.0,0.0,0.09,0.0,0.2
2,新北中信特攻,47|10883,曾文鼎/林安龍,2,5,8.0,91.0,1.52,01:31,45.5,0.76,00:45,0.0,0.0,0.0,0.0,2.0,1.0,25.0,47.47,4.0,2.0,50.0,94.95,0.0,0.0,0.0,0.0,2.0,1.0,25.0,47.47,0.0,0.0,0.0,0.0,2.0,1.0,25.0,47.47,0.0,0.0,0.0,0.0,0.0,0.0,0.0,0.0,0.0,0.0,0.0,0.0,2.0,1.0,25.0,47.47,2.0,1.0,25.0,47.47,1.0,0.5,12.5,23.74,1.0,0.5,12.5,23.74,0.0,0.0,0.0,0.0,0.0,0.0,0.0,0.0,0.0,0.0,0.0,0.0,0.0,0.0,0.0,0.0,0.0,0.0,0.0,0.0,0.0,0.0,0.0,0.0,0.0,25.0,-25.0,126.59,-2.0,-1.0,-25.0,1.52,0.76,0.0,0.0,0.0,0.0,,0.0,,0.67,0.67,0.67,0.0,0.0,0.0,0.0,0.0
2,新北中信特攻,10881|10883,飛克/林安龍,3,10,12.0,150.26,2.5,02:30,50.09,0.83,00:50,3.0,1.0,25.0,43.12,5.0,1.67,41.67,71.87,4.0,1.33,33.33,57.5,1.0,0.33,8.33,14.37,1.0,0.33,8.33,14.37,1.0,0.33,8.33,14.37,3.0,1.0,25.0,43.12,0.0,0.0,0.0,0.0,2.0,0.67,16.67,28.75,1.0,0.33,8.33,14.37,2.0,0.67,16.67,28.75,1.0,0.33,8.33,14.37,0.0,0.0,0.0,0.0,3.0,1.0,25.0,43.12,2.0,0.67,16.67,28.75,0.0,0.0,0.0,0.0,0.0,0.0,0.0,0.0,0.0,0.0,0.0,0.0,1.0,0.33,8.33,14.37,2.0,0.67,16.67,28.75,25.0,41.67,-16.67,115.0,-2.0,-0.67,-16.67,2.5,0.83,0.25,0.31,1.0,0.0,0.5,0.29,0.0,0.4,1.0,0.5,0.0,0.0,0.08,16.67,0.5
2,新北中信特攻,10882|10883,霸夫/林安龍,1,2,3.0,58.0,0.97,00:58,58.0,0.97,00:58,0.0,0.0,0.0,0.0,0.0,0.0,0.0,0.0,2.0,2.0,66.67,74.48,0.0,0.0,0.0,0.0,0.0,0.0,0.0,0.0,0.0,0.0,0.0,0.0,2.0,2.0,66.67,74.48,0.0,0.0,0.0,0.0,0.0,0.0,0.0,0.0,0.0,0.0,0.0,0.0,1.0,1.0,33.33,37.24,1.0,1.0,33.33,37.24,0.0,0.0,0.0,0.0,1.0,1.0,33.33,37.24,0.0,0.0,0.0,0.0,0.0,0.0,0.0,0.0,0.0,0.0,0.0,0.0,0.0,0.0,0.0,0.0,0.0,0.0,0.0,0.0,0.0,0.0,0.0,0.0,0.0,0.0,0.0,74.48,0.0,0.0,0.0,0.97,0.97,0.0,0.0,,0.0,,0.0,,0.5,1.0,0.67,0.0,0.0,0.0,0.0,0.0
2,桃園台啤永豐雲豹,55|58,汪哲宇/林信寬,4,44,52.0,746.48,12.44,12:26,186.62,3.11,03:07,12.0,3.0,23.08,34.72,20.0,5.0,38.46,57.87,17.0,4.25,32.69,49.19,5.0,1.25,9.62,14.47,11.0,2.75,21.15,31.83,4.0,1.0,7.69,11.57,6.0,1.5,11.54,17.36,1.0,0.25,1.92,2.89,5.0,1.25,9.62,14.47,1.0,0.25,1.92,2.89,3.0,0.75,5.77,8.68,9.0,2.25,17.31,26.04,4.0,1.0,7.69,11.57,12.0,3.0,23.08,34.72,5.0,1.25,9.62,14.47,2.0,0.5,3.85,5.79,2.0,0.5,3.85,5.79,3.0,0.75,5.77,8.68,5.0,1.25,9.62,14.47,10.0,2.5,19.23,28.94,23.08,38.46,-15.38,100.31,-8.0,-2.0,-15.38,12.44,3.11,0.32,0.31,0.36,0.17,0.2,0.21,0.4,0.2,0.69,0.43,3.85,5.77,0.1,19.23,0.29
2,桃園台啤永豐雲豹,55|60,汪哲宇/黃鎮,3,11,13.0,210.0,3.5,03:30,70.0,1.17,01:10,5.0,1.67,38.46,51.43,5.0,1.67,38.46,51.43,3.0,1.0,23.08,30.86,2.0,0.67,15.38,20.57,1.0,0.33,7.69,10.29,1.0,0.33,7.69,10.29,2.0,0.67,15.38,20.57,1.0,0.33,7.69,10.29,0.0,0.0,0.0,0.0,0.0,0.0,0.0,0.0,0.0,0.0,0.0,0.0,1.0,0.33,7.69,10.29,2.0,0.67,15.38,20.57,2.0,0.67,15.38,20.57,1.0,0.33,7.69,10.29,1.0,0.33,7.69,10.29,1.0,0.33,7.69,10.29,0.0,0.0,0.0,0.0,1.0,0.33,7.69,10.29,3.0,1.0,23.08,30.86,38.46,38.46,0.0,89.14,0.0,0.0,0.0,3.5,1.17,0.83,0.83,1.0,0.5,,0.25,0.5,0.0,0.33,0.2,7.69,0.0,0.08,23.08,0.0
2,桃園台啤永豐雲豹,55|64,汪哲宇/劉元凱,5,36,47.0,568.32,9.47,09:28,113.66,1.89,01:54,12.0,2.4,25.53,45.61,14.0,2.8,29.79,53.21,10.0,2.0,21.28,38.01,4.0,0.8,8.51,15.2,5.0,1.0,10.64,19.0,3.0,0.6,6.38,11.4,5.0,1.0,10.64,19.0,1.0,0.2,2.13,3.8,5.0,1.0,10.64,19.0,3.0,0.6,6.38,11.4,1.0,0.2,2.13,3.8,5.0,1.0,10.64,19.0,7.0,1.4,14.89,26.6,8.0,1.6,17.02,30.41,7.0,1.4,14.89,26.6,2.0,0.4,4.26,7.6,3.0,0.6,6.38,11.4,0.0,0.0,0.0,0.0,7.0,1.4,14.89,26.6,9.0,1.8,19.15,34.21,25.53,29.79,-4.26,119.09,-2.0,-0.4,-4.26,9.47,1.89,0.45,0.49,0.6,0.2,0.6,0.36,0.5,0.11,0.42,0.29,6.38,0.0,0.15,19.15,0.5
2,桃園台啤永豐雲豹,55|10884,汪哲宇/徐宏瑋,5,36,48.0,570.09,9.5,09:30,114.02,1.9,01:54,7.0,1.4,14.58,26.52,12.0,2.4,25.0,45.47,10.0,2.0,20.83,37.89,3.0,0.6,6.25,11.37,5.0,1.0,10.42,18.94,2.0,0.4,4.17,7.58,5.0,1.0,10.42,18.94,1.0,0.2,2.08,3.79,1.0,0.2,2.08,3.79,0.0,0.0,0.0,0.0,2.0,0.4,4.17,7.58,4.0,0.8,8.33,15.16,6.0,1.2,12.5,22.73,10.0,2.0,20.83,37.89,10.0,2.0,20.83,37.89,2.0,0.4,4.17,7.58,5.0,1.0,10.42,18.94,1.0,0.2,2.08,3.79,2.0,0.4,4.17,7.58,7.0,1.4,14.58,26.52,14.58,25.0,-10.42,121.25,-5.0,-1.0,-10.42,9.5,1.9,0.35,0.34,0.4,0.2,0.0,0.49,0.67,0.17,0.4,0.27,10.42,2.08,0.04,14.58,0.1
2,桃園台啤永豐雲豹,58|60,林信寬/黃鎮,2,6,11.0,173.0,2.88,02:53,86.5,1.44,01:27,5.0,2.5,45.45,62.43,0.0,0.0,0.0,0.0,4.0,2.0,36.36,49.94,2.0,1.0,18.18,24.97,3.0,1.5,27.27,37.46,2.0,1.0,18.18,24.97,1.0,0.5,9.09,12.49,0.0,0.0,0.0,0.0,2.0,1.0,18.18,24.97,1.0,0.5,9.09,12.49,1.0,0.5,9.09,12.49,2.0,1.0,18.18,24.97,3.0,1.5,27.27,37.46,3.0,1.5,27.27,37.46,0.0,0.0,0.0,0.0,0.0,0.0,0.0,0.0,0.0,0.0,0.0,0.0,0.0,0.0,0.0,0.0,2.0,1.0,18.18,24.97,0.0,0.0,0.0,0.0,45.45,0.0,45.45,91.56,5.0,2.5,45.45,2.88,1.44,0.5,0.51,0.67,0.0,0.5,0.0,0.0,0.25,0.4,0.33,0.0,0.0,0.18,0.0,0.5
2,桃園台啤永豐雲豹,60|64,黃鎮/劉元凱,3,13,16.0,232.0,3.87,03:52,77.33,1.29,01:17,5.0,1.67,31.25,46.55,5.0,1.67,31.25,46.55,3.0,1.0,18.75,27.93,2.0,0.67,12.5,18.62,1.0,0.33,6.25,9.31,1.0,0.33,6.25,9.31,2.0,0.67,12.5,18.62,1.0,0.33,6.25,9.31,0.0,0.0,0.0,0.0,0.0,0.0,0.0,0.0,0.0,0.0,0.0,0.0,1.0,0.33,6.25,9.31,2.0,0.67,12.5,18.62,3.0,1.0,18.75,27.93,2.0,0.67,12.5,18.62,1.0,0.33,6.25,9.31,1.0,0.33,6.25,9.31,0.0,0.0,0.0,0.0,2.0,0.67,12.5,18.62,3.0,1.0,18.75,27.93,31.25,31.25,0.0,99.31,0.0,0.0,0.0,3.87,1.29,0.83,0.83,1.0,0.5,,0.4,0.5,0.0,0.33,0.17,6.25,0.0,0.12,18.75,0.0
2,桃園台啤永豐雲豹,60|10884,黃鎮/徐宏瑋,3,29,31.0,467.4,7.79,07:47,155.8,2.6,02:36,15.0,5.0,48.39,69.32,12.0,4.0,38.71,55.46,10.0,3.33,32.26,46.21,7.0,2.33,22.58,32.35,6.0,2.0,19.35,27.73,6.0,2.0,19.35,27.73,4.0,1.33,12.9,18.49,1.0,0.33,3.23,4.62,0.0,0.0,0.0,0.0,0.0,0.0,0.0,0.0,0.0,0.0,0.0,0.0,3.0,1.0,9.68,13.86,2.0,0.67,6.45,9.24,8.0,2.67,25.81,36.97,3.0,1.0,9.68,13.86,3.0,1.0,9.68,13.86,2.0,0.67,6.45,9.24,0.0,0.0,0.0,0.0,1.0,0.33,3.23,4.62,4.0,1.33,12.9,18.49,48.39,38.71,9.68,95.51,3.0,1.0,9.68,7.79,2.6,0.75,0.75,1.0,0.25,,0.23,0.43,0.0,0.6,0.23,6.45,0.0,0.03,12.9,0.0
2,桃園台啤永豐雲豹,64|10884,劉元凱/徐宏瑋,4,33,42.0,502.18,8.37,08:22,125.54,2.09,02:06,11.0,2.75,26.19,47.31,8.0,2.0,19.05,34.41,11.0,2.75,26.19,47.31,4.0,1.0,9.52,17.21,4.0,1.0,9.52,17.21,2.0,0.5,4.76,8.6,7.0,1.75,16.67,30.11,2.0,0.5,4.76,8.6,2.0,0.5,4.76,8.6,1.0,0.25,2.38,4.3,1.0,0.25,2.38,4.3,6.0,1.5,14.29,25.81,4.0,1.0,9.52,17.21,6.0,1.5,14.29,25.81,7.0,1.75,16.67,30.11,3.0,0.75,7.14,12.9,3.0,0.75,7.14,12.9,0.0,0.0,0.0,0.0,2.0,0.5,4.76,8.6,5.0,1.25,11.9,21.51,26.19,19.05,7.14,120.44,3.0,0.75,7.14,8.37,2.09,0.45,0.46,0.5,0.29,0.5,0.37,0.75,0.14,0.6,0.41,7.14,0.0,0.05,11.9,0.18
2,高雄全家海神,10893|12668,崔維斯/歐提斯,2,152,175.0,2346.95,39.12,39:07,1173.47,19.56,19:33,79.0,39.5,45.14,72.71,88.0,44.0,50.29,80.99,59.0,29.5,33.71,54.3,26.0,13.0,14.86,23.93,26.0,13.0,14.86,23.93,13.0,6.5,7.43,11.96,33.0,16.5,18.86,30.37,13.0,6.5,7.43,11.96,23.0,11.5,13.14,21.17,16.0,8.0,9.14,14.73,3.0,1.5,1.71,2.76,33.0,16.5,18.86,30.37,10.0,5.0,5.71,9.2,23.0,11.5,13.14,21.17,11.0,5.5,6.29,10.12,17.0,8.5,9.71,15.65,7.0,3.5,4.0,6.44,0.0,0.0,0.0,0.0,16.0,8.0,9.14,14.73,36.0,18.0,20.57,33.13,45.14,50.29,-5.14,107.37,-9.0,-4.5,-5.14,39.12,19.56,0.55,0.57,0.5,0.39,0.7,0.14,0.65,0.12,0.77,0.52,4.0,0.0,0.09,20.57,0.39
2,福爾摩沙夢想家,77|79,馬建豪/張宗憲,9,403,474.0,6158.69,102.64,102:39,684.3,11.4,11:24,236.0,26.22,49.79,82.77,207.0,23.0,43.67,72.6,160.0,17.78,33.76,56.12,83.0,9.22,17.51,29.11,100.0,11.11,21.1,35.07,61.0,6.78,12.87,21.39,60.0,6.67,12.66,21.04,22.0,2.44,4.64,7.72,73.0,8.11,15.4,25.6,51.0,5.67,10.76,17.89,23.0,2.56,4.85,8.07,62.0,6.89,13.08,21.74,31.0,3.44,6.54,10.87,86.0,9.56,18.14,30.16,33.0,3.67,6.96,11.57,51.0,5.67,10.76,17.89,24.0,2.67,5.06,8.42,7.0,0.78,1.48,2.46,50.0,5.56,10.55,17.54,48.0,5.33,10.13,16.83,49.79,43.67,6.12,110.83,29.0,3.22,6.12,102.64,11.4,0.59,0.61,0.61,0.37,0.7,0.15,0.61,0.21,0.67,0.42,5.06,1.48,0.11,10.13,0.46
2,福爾摩沙夢想家,77|89,馬建豪/蔣淯安,14,973,1139.0,15416.5,256.94,256:57,1101.18,18.35,18:21,528.0,37.71,46.36,73.98,511.0,36.5,44.86,71.6,376.0,26.86,33.01,52.68,182.0,13.0,15.98,25.5,216.0,15.43,18.96,30.26,127.0,9.07,11.15,17.79,160.0,11.43,14.05,22.42,55.0,3.93,4.83,7.71,144.0,10.29,12.64,20.18,109.0,7.79,9.57,15.27,53.0,3.79,4.65,7.43,157.0,11.21,13.78,22.0,69.0,4.93,6.06,9.67,184.0,13.14,16.15,25.78,100.0,7.14,8.78,14.01,99.0,7.07,8.69,13.87,60.0,4.29,5.27,8.41,11.0,0.79,0.97,1.54,117.0,8.36,10.27,16.39,112.0,8.0,9.83,15.69,46.36,44.86,1.49,106.39,17.0,1.21,1.49,256.94,18.35,0.56,0.6,0.59,0.34,0.76,0.19,0.54,0.22,0.69,0.45,5.27,0.97,0.1,9.83,0.38
2,福爾摩沙夢想家,77|107,馬建豪/霍爾曼,9,734,873.0,12011.97,200.2,200:12,1334.66,22.24,22:15,442.0,49.11,50.63,79.48,396.0,44.0,45.36,71.21,286.0,31.78,32.76,51.43,141.0,15.67,16.15,25.35,148.0,16.44,16.95,26.61,83.0,9.22,9.51,14.93,138.0,15.33,15.81,24.82,58.0,6.44,6.64,10.43,132.0,14.67,15.12,23.74,99.0,11.0,11.34,17.8,46.0,5.11,5.27,8.27,113.0,12.56,12.94,20.32,60.0,6.67,6.87,10.79,139.0,15.44,15.92,25.0,76.0,8.44,8.71,13.67,92.0,10.22,10.54,16.54,43.0,4.78,4.93,7.73,7.0,0.78,0.8,1.26,95.0,10.56,10.88,17.08,77.0,8.56,8.82,13.85,50.63,45.36,5.27,104.66,46.0,5.11,5.27,200.2,22.24,0.59,0.64,0.56,0.42,0.75,0.18,0.65,0.25,0.65,0.44,4.93,0.8,0.11,8.82,0.46
2,福爾摩沙夢想家,77|10889,馬建豪/恩尼斯,6,415,502.0,6487.76,108.13,108:08,1081.29,18.02,18:01,220.0,36.67,43.82,73.25,218.0,36.33,43.43,72.58,161.0,26.83,32.07,53.6,76.0,12.67,15.14,25.3,93.0,15.5,18.53,30.96,53.0,8.83,10.56,17.65,68.0,11.33,13.55,22.64,23.0,3.83,4.58,7.66,61.0,10.17,12.15,20.31,43.0,7.17,8.57,14.32,26.0,4.33,5.18,8.66,67.0,11.17,13.35,22.31,34.0,5.67,6.77,11.32,78.0,13.0,15.54,25.97,50.0,8.33,9.96,16.65,44.0,7.33,8.76,14.65,23.0,3.83,4.58,7.66,5.0,0.83,1.0,1.66,53.0,8.83,10.56,17.65,52.0,8.67,10.36,17.31,43.82,43.43,0.4,111.42,2.0,0.33,0.4,108.13,18.02,0.54,0.59,0.57,0.34,0.7,0.21,0.58,0.25,0.66,0.45,4.58,1.0,0.11,10.36,0.38
2,福爾摩沙夢想家,77|95,馬建豪/李德威,7,88,100.0,1294.9,21.58,21:35,184.99,3.08,03:05,28.0,4.0,28.0,46.71,54.0,7.71,54.0,90.08,30.0,4.29,30.0,50.04,11.0,1.57,11.0,18.35,18.0,2.57,18.0,30.03,10.0,1.43,10.0,16.68,12.0,1.71,12.0,20.02,1.0,0.14,1.0,1.67,11.0,1.57,11.0,18.35,5.0,0.71,5.0,8.34,3.0,0.43,3.0,5.0,19.0,2.71,19.0,31.69,5.0,0.71,5.0,8.34,15.0,2.14,15.0,25.02,10.0,1.43,10.0,16.68,5.0,0.71,5.0,8.34,4.0,0.57,4.0,6.67,0.0,0.0,0.0,0.0,7.0,1.0,7.0,11.68,14.0,2.0,14.0,23.35,28.0,54.0,-26.0,111.21,-26.0,-3.71,-26.0,21.58,3.08,0.38,0.4,0.56,0.08,0.45,0.22,0.45,0.17,0.79,0.52,4.0,0.0,0.07,14.0,0.37
2,福爾摩沙夢想家,77|86,馬建豪/林俊吉,12,705,864.0,10886.94,181.45,181:27,907.24,15.12,15:07,416.0,34.67,48.15,82.54,366.0,30.5,42.36,72.62,279.0,23.25,32.29,55.35,139.0,11.58,16.09,27.58,172.0,14.33,19.91,34.13,96.0,8.0,11.11,19.05,107.0,8.92,12.38,21.23,43.0,3.58,4.98,8.53,135.0,11.25,15.62,26.78,99.0,8.25,11.46,19.64,50.0,4.17,5.79,9.92,105.0,8.75,12.15,20.83,62.0,5.17,7.18,12.3,149.0,12.42,17.25,29.56,71.0,5.92,8.22,14.09,81.0,6.75,9.38,16.07,40.0,3.33,4.63,7.94,10.0,0.83,1.16,1.98,94.0,7.83,10.88,18.65,95.0,7.92,11.0,18.85,48.15,42.36,5.79,114.28,50.0,4.17,5.79,181.45,15.12,0.58,0.61,0.56,0.4,0.73,0.17,0.58,0.25,0.63,0.42,4.63,1.16,0.11,11.0,0.48
2,福爾摩沙夢想家,86|95,林俊吉/李德威,4,43,54.0,669.12,11.15,11:09,167.28,2.79,02:47,21.0,5.25,38.89,67.79,30.0,7.5,55.56,96.84,23.0,5.75,42.59,74.25,9.0,2.25,16.67,29.05,15.0,3.75,27.78,48.42,8.0,2.0,14.81,25.83,8.0,2.0,14.81,25.83,1.0,0.25,1.85,3.23,3.0,0.75,5.56,9.68,2.0,0.5,3.7,6.46,6.0,1.5,11.11,19.37,9.0,2.25,16.67,29.05,4.0,1.0,7.41,12.91,6.0,1.5,11.11,19.37,3.0,0.75,5.56,9.68,3.0,0.75,5.56,9.68,2.0,0.5,3.7,6.46,0.0,0.0,0.0,0.0,6.0,1.5,11.11,19.37,10.0,2.5,18.52,32.28,38.89,55.56,-16.67,116.21,-9.0,-2.25,-16.67,11.15,2.79,0.41,0.43,0.53,0.12,0.67,0.11,0.33,0.5,0.69,0.6,3.7,0.0,0.11,18.52,0.13
2,福爾摩沙夢想家,77|106,馬建豪/高柏鎧,10,728,871.0,10972.22,182.87,182:52,1097.22,18.29,18:17,372.0,37.2,42.71,73.23,367.0,36.7,42.14,72.25,284.0,28.4,32.61,55.91,129.0,12.9,14.81,25.4,171.0,17.1,19.63,33.66,96.0,9.6,11.02,18.9,113.0,11.3,12.97,22.25,33.0,3.3,3.79,6.5,118.0,11.8,13.55,23.23,88.0,8.8,10.1,17.32,53.0,5.3,6.08,10.43,109.0,10.9,12.51,21.46,53.0,5.3,6.08,10.43,154.0,15.4,17.68,30.32,86.0,8.6,9.87,16.93,61.0,6.1,7.0,12.01,55.0,5.5,6.31,10.83,12.0,1.2,1.38,2.36,91.0,9.1,10.45,17.91,95.0,9.5,10.91,18.7,42.71,42.14,0.57,114.31,5.0,0.5,0.57,182.87,18.29,0.51,0.55,0.56,0.29,0.75,0.2,0.47,0.26,0.67,0.44,6.31,1.38,0.1,10.91,0.42
2,福爾摩沙夢想家,95|106,李德威/高柏鎧,1,5,7.0,98.0,1.63,01:38,98.0,1.63,01:38,0.0,0.0,0.0,0.0,5.0,5.0,71.43,110.2,1.0,1.0,14.29,22.04,0.0,0.0,0.0,0.0,0.0,0.0,0.0,0.0,0.0,0.0,0.0,0.0,1.0,1.0,14.29,22.04,0.0,0.0,0.0,0.0,0.0,0.0,0.0,0.0,0.0,0.0,0.0,0.0,1.0,1.0,14.29,22.04,0.0,0.0,0.0,0.0,0.0,0.0,0.0,0.0,0.0,0.0,0.0,0.0,2.0,2.0,28.57,44.08,0.0,0.0,0.0,0.0,1.0,1.0,14.29,22.04,0.0,0.0,0.0,0.0,3.0,3.0,42.86,66.12,0.0,0.0,0.0,0.0,0.0,71.43,-71.43,102.86,-5.0,-5.0,-71.43,1.63,1.63,0.0,0.0,,0.0,,0.67,,1.0,,1.0,14.29,0.0,0.43,0.0,0.0
2,福爾摩沙夢想家,77|103,馬建豪/忻沃克,10,390,464.0,5936.05,98.93,98:56,593.6,9.89,09:54,209.0,20.9,45.04,76.05,215.0,21.5,46.34,78.23,151.0,15.1,32.54,54.95,63.0,6.3,13.58,22.92,87.0,8.7,18.75,31.66,38.0,3.8,8.19,13.83,64.0,6.4,13.79,23.29,25.0,2.5,5.39,9.1,73.0,7.3,15.73,26.56,60.0,6.0,12.93,21.83,25.0,2.5,5.39,9.1,69.0,6.9,14.87,25.11,22.0,2.2,4.74,8.01,75.0,7.5,16.16,27.29,41.0,4.1,8.84,14.92,34.0,3.4,7.33,12.37,23.0,2.3,4.96,8.37,6.0,0.6,1.29,2.18,47.0,4.7,10.13,17.1,67.0,6.7,14.44,24.38,45.04,46.34,-1.29,112.56,-6.0,-0.6,-1.29,98.93,9.89,0.5,0.57,0.44,0.39,0.82,0.18,0.54,0.25,0.76,0.49,4.96,1.29,0.1,14.44,0.48
2,高雄全家海神,121|12668,吳曉謹/歐提斯,11,367,451.0,5618.68,93.64,93:39,510.79,8.51,08:31,178.0,16.18,39.47,68.43,233.0,21.18,51.66,89.57,147.0,13.36,32.59,56.51,58.0,5.27,12.86,22.3,84.0,7.64,18.63,32.29,38.0,3.45,8.43,14.61,63.0,5.73,13.97,24.22,20.0,1.82,4.43,7.69,54.0,4.91,11.97,20.76,41.0,3.73,9.09,15.76,31.0,2.82,6.87,11.92,61.0,5.55,13.53,23.45,36.0,3.27,7.98,13.84,47.0,4.27,10.42,18.07,46.0,4.18,10.2,17.68,35.0,3.18,7.76,13.46,35.0,3.18,7.76,13.46,5.0,0.45,1.11,1.92,41.0,3.73,9.09,15.76,65.0,5.91,14.41,24.99,39.47,51.66,-12.2,115.59,-55.0,-5.0,-12.2,93.64,8.51,0.46,0.52,0.45,0.32,0.76,0.21,0.6,0.4,0.63,0.53,7.76,1.11,0.09,14.41,0.37
2,高雄全家海神,119|12668,余純安/歐提斯,4,99,128.0,1593.4,26.56,26:33,398.35,6.64,06:38,47.0,11.75,36.72,63.71,52.0,13.0,40.62,70.49,37.0,9.25,28.91,50.16,15.0,3.75,11.72,20.33,18.0,4.5,14.06,24.4,9.0,2.25,7.03,12.2,19.0,4.75,14.84,25.76,6.0,1.5,4.69,8.13,18.0,4.5,14.06,24.4,11.0,2.75,8.59,14.91,5.0,1.25,3.91,6.78,19.0,4.75,14.84,25.76,13.0,3.25,10.16,17.62,16.0,4.0,12.5,21.69,16.0,4.0,12.5,21.69,10.0,2.5,7.81,13.56,7.0,1.75,5.47,9.49,0.0,0.0,0.0,0.0,16.0,4.0,12.5,21.69,21.0,5.25,16.41,28.47,36.72,40.62,-3.91,115.68,-5.0,-1.25,-3.91,26.56,6.64,0.49,0.52,0.5,0.32,0.61,0.26,0.67,0.24,0.59,0.45,5.47,0.0,0.12,16.41,0.49
2,福爾摩沙夢想家,77|101,馬建豪/周柏臣,7,101,122.0,1485.6,24.76,24:46,212.23,3.54,03:32,48.0,6.86,39.34,69.79,50.0,7.14,40.98,72.7,39.0,5.57,31.97,56.7,17.0,2.43,13.93,24.72,23.0,3.29,18.85,33.44,15.0,2.14,12.3,21.81,16.0,2.29,13.11,23.26,2.0,0.29,1.64,2.91,19.0,2.71,15.57,27.63,14.0,2.0,11.48,20.36,8.0,1.14,6.56,11.63,16.0,2.29,13.11,23.26,6.0,0.86,4.92,8.72,17.0,2.43,13.93,24.72,12.0,1.71,9.84,17.45,8.0,1.14,6.56,11.63,8.0,1.14,6.56,11.63,0.0,0.0,0.0,0.0,14.0,2.0,11.48,20.36,16.0,2.29,13.11,23.26,39.34,40.98,-1.64,118.26,-2.0,-0.29,-1.64,24.76,3.54,0.46,0.51,0.65,0.12,0.74,0.2,0.47,0.32,0.73,0.51,6.56,0.0,0.11,13.11,0.49
2,高雄全家海神,118|119,蘇文儒/余純安,2,24,29.0,416.36,6.94,06:56,208.18,3.47,03:28,12.0,6.0,41.38,62.25,16.0,8.0,55.17,83.0,12.0,6.0,41.38,62.25,5.0,2.5,17.24,25.94,6.0,3.0,20.69,31.13,3.0,1.5,10.34,15.56,6.0,3.0,20.69,31.13,2.0,1.0,6.9,10.38,0.0,0.0,0.0,0.0,0.0,0.0,0.0,0.0,1.0,0.5,3.45,5.19,6.0,3.0,20.69,31.13,2.0,1.0,6.9,10.38,4.0,2.0,13.79,20.75,2.0,1.0,6.9,10.38,4.0,2.0,13.79,20.75,1.0,0.5,3.45,5.19,1.0,0.5,3.45,5.19,2.0,1.0,6.9,10.38,3.0,1.5,10.34,15.56,41.38,55.17,-13.79,100.3,-4.0,-2.0,-13.79,6.94,3.47,0.5,0.5,0.5,0.33,,0.14,0.8,0.2,0.75,0.54,3.45,3.45,0.07,10.34,0.0
2,福爾摩沙夢想家,95|103,李德威/忻沃克,3,34,45.0,522.3,8.71,08:42,174.1,2.9,02:54,21.0,7.0,46.67,86.85,16.0,5.33,35.56,66.17,18.0,6.0,40.0,74.44,9.0,3.0,20.0,37.22,12.0,4.0,26.67,49.63,7.0,2.33,15.56,28.95,6.0,2.0,13.33,24.81,2.0,0.67,4.44,8.27,3.0,1.0,6.67,12.41,1.0,0.33,2.22,4.14,5.0,1.67,11.11,20.68,5.0,1.67,11.11,20.68,5.0,1.67,11.11,20.68,7.0,2.33,15.56,28.95,1.0,0.33,2.22,4.14,3.0,1.0,6.67,12.41,0.0,0.0,0.0,0.0,0.0,0.0,0.0,0.0,5.0,1.67,11.11,20.68,12.0,4.0,26.67,49.63,46.67,35.56,11.11,124.07,5.0,1.67,11.11,8.71,2.9,0.56,0.54,0.58,0.33,0.33,0.05,0.33,0.42,0.5,0.45,0.0,0.0,0.11,26.67,0.17
2,臺北台新戰神,5|10863,黃聰翰/魏芃禾,7,85,106.0,1473.11,24.55,24:33,210.44,3.51,03:30,29.0,4.14,27.36,42.52,45.0,6.43,42.45,65.98,38.0,5.43,35.85,55.72,10.0,1.43,9.43,14.66,17.0,2.43,16.04,24.93,7.0,1.0,6.6,10.26,21.0,3.0,19.81,30.79,3.0,0.43,2.83,4.4,10.0,1.43,9.43,14.66,7.0,1.0,6.6,10.26,9.0,1.29,8.49,13.2,20.0,2.86,18.87,29.33,9.0,1.29,8.49,13.2,19.0,2.71,17.92,27.86,8.0,1.14,7.55,11.73,4.0,0.57,3.77,5.87,4.0,0.57,3.77,5.87,1.0,0.14,0.94,1.47,9.0,1.29,8.49,13.2,17.0,2.43,16.04,24.93,27.36,42.45,-15.09,103.62,-16.0,-2.29,-15.09,24.55,3.51,0.3,0.34,0.41,0.14,0.7,0.16,0.4,0.32,0.69,0.51,3.77,0.94,0.08,16.04,0.26
2,臺北台新戰神,5|10865,黃聰翰/謝銘駿,9,202,258.0,4141.27,69.02,69:01,460.14,7.67,07:40,117.0,13.0,45.35,61.02,108.0,12.0,41.86,56.33,97.0,10.78,37.6,50.59,40.0,4.44,15.5,20.86,52.0,5.78,20.16,27.12,23.0,2.56,8.91,12.0,45.0,5.0,17.44,23.47,17.0,1.89,6.59,8.87,23.0,2.56,8.91,12.0,20.0,2.22,7.75,10.43,18.0,2.0,6.98,9.39,37.0,4.11,14.34,19.3,22.0,2.44,8.53,11.47,39.0,4.33,15.12,20.34,17.0,1.89,6.59,8.87,20.0,2.22,7.75,10.43,12.0,1.33,4.65,6.26,3.0,0.33,1.16,1.56,16.0,1.78,6.2,8.35,45.0,5.0,17.44,23.47,45.35,41.86,3.49,89.71,9.0,1.0,3.49,69.02,7.67,0.5,0.55,0.44,0.38,0.87,0.14,0.5,0.32,0.63,0.47,4.65,1.16,0.06,17.44,0.24
2,桃園台啤永豐雲豹,16|10861,米勒/迪亞洛,7,343,406.0,6282.38,104.71,104:42,897.48,14.96,14:57,174.0,24.86,42.86,59.82,144.0,20.57,35.47,49.51,135.0,19.29,33.25,46.42,66.0,9.43,16.26,22.69,95.0,13.57,23.4,32.66,52.0,7.43,12.81,17.88,40.0,5.71,9.85,13.75,14.0,2.0,3.45,4.81,50.0,7.14,12.32,17.19,31.0,4.43,7.64,10.66,25.0,3.57,6.16,8.6,49.0,7.0,12.07,16.85,23.0,3.29,5.67,7.91,83.0,11.86,20.44,28.54,40.0,5.71,9.85,13.75,39.0,5.57,9.61,13.41,19.0,2.71,4.68,6.53,9.0,1.29,2.22,3.09,44.0,6.29,10.84,15.13,36.0,5.14,8.87,12.38,42.86,35.47,7.39,93.06,30.0,4.29,7.39,104.71,14.96,0.54,0.55,0.55,0.35,0.62,0.2,0.59,0.23,0.68,0.41,4.68,2.22,0.11,8.87,0.37
2,桃園台啤永豐雲豹,54|10861,高錦瑋/迪亞洛,10,668,817.0,10859.99,181.0,181:00,1086.0,18.1,18:06,396.0,39.6,48.47,78.76,324.0,32.4,39.66,64.44,302.0,30.2,36.96,60.07,142.0,14.2,17.38,28.24,197.0,19.7,24.11,39.18,103.0,10.3,12.61,20.49,105.0,10.5,12.85,20.88,39.0,3.9,4.77,7.76,103.0,10.3,12.61,20.49,75.0,7.5,9.18,14.92,65.0,6.5,7.96,12.93,103.0,10.3,12.61,20.49,48.0,4.8,5.88,9.55,127.0,12.7,15.54,25.26,60.0,6.0,7.34,11.93,89.0,8.9,10.89,17.7,26.0,2.6,3.18,5.17,13.0,1.3,1.59,2.59,100.0,10.0,12.24,19.89,66.0,6.6,8.08,13.13,48.47,39.66,8.81,108.33,72.0,7.2,8.81,181.0,18.1,0.53,0.57,0.52,0.37,0.73,0.15,0.63,0.34,0.68,0.49,3.18,1.59,0.12,8.08,0.34
2,桃園台啤永豐雲豹,58|10861,林信寬/迪亞洛,9,593,723.0,9878.78,164.65,164:39,1097.64,18.29,18:18,319.0,35.44,44.12,69.75,281.0,31.22,38.87,61.44,247.0,27.44,34.16,54.01,119.0,13.22,16.46,26.02,175.0,19.44,24.2,38.26,99.0,11.0,13.69,21.65,72.0,8.0,9.96,15.74,20.0,2.22,2.77,4.37,100.0,11.11,13.83,21.87,66.0,7.33,9.13,14.43,52.0,5.78,7.19,11.37,88.0,9.78,12.17,19.24,47.0,5.22,6.5,10.28,124.0,13.78,17.15,27.11,56.0,6.22,7.75,12.24,70.0,7.78,9.68,15.31,22.0,2.44,3.04,4.81,12.0,1.33,1.66,2.62,81.0,9.0,11.2,17.71,64.0,7.11,8.85,13.99,44.12,38.87,5.26,105.39,38.0,4.22,5.26,164.65,18.29,0.52,0.55,0.57,0.28,0.66,0.16,0.59,0.3,0.65,0.45,3.04,1.66,0.11,8.85,0.4
2,桃園台啤永豐雲豹,62|10861,王皓吉/迪亞洛,10,420,513.0,7070.1,117.83,117:50,707.01,11.78,11:47,256.0,25.6,49.9,78.21,214.0,21.4,41.72,65.38,191.0,19.1,37.23,58.35,99.0,9.9,19.3,30.25,127.0,12.7,24.76,38.8,73.0,7.3,14.23,22.3,64.0,6.4,12.48,19.55,26.0,2.6,5.07,7.94,50.0,5.0,9.75,15.28,35.0,3.5,6.82,10.69,34.0,3.4,6.63,10.39,65.0,6.5,12.67,19.86,35.0,3.5,6.82,10.69,73.0,7.3,14.23,22.3,40.0,4.0,7.8,12.22,58.0,5.8,11.31,17.72,19.0,1.9,3.7,5.8,8.0,0.8,1.56,2.44,52.0,5.2,10.14,15.89,46.0,4.6,8.97,14.05,49.9,41.72,8.19,104.49,42.0,4.2,8.19,117.83,11.78,0.59,0.6,0.57,0.41,0.7,0.16,0.59,0.32,0.65,0.48,3.7,1.56,0.1,8.97,0.26
2,桃園台啤永豐雲豹,16|3129,米勒/董永全,12,348,428.0,5920.79,98.68,98:41,493.4,8.22,08:13,179.0,14.92,41.82,65.3,149.0,12.42,34.81,54.36,147.0,12.25,34.35,53.63,62.0,5.17,14.49,22.62,87.0,7.25,20.33,31.74,43.0,3.58,10.05,15.69,60.0,5.0,14.02,21.89,19.0,1.58,4.44,6.93,53.0,4.42,12.38,19.34,36.0,3.0,8.41,13.13,29.0,2.42,6.78,10.58,60.0,5.0,14.02,21.89,32.0,2.67,7.48,11.67,71.0,5.92,16.59,25.9,34.0,2.83,7.94,12.4,32.0,2.67,7.48,11.67,15.0,1.25,3.5,5.47,7.0,0.58,1.64,2.55,38.0,3.17,8.88,13.86,41.0,3.42,9.58,14.96,41.82,34.81,7.01,104.09,30.0,2.5,7.01,98.68,8.22,0.49,0.53,0.49,0.32,0.68,0.17,0.52,0.29,0.65,0.46,3.5,1.64,0.09,9.58,0.36
2,桃園台啤永豐雲豹,54|3129,高錦瑋/董永全,11,291,357.0,5007.25,83.45,83:27,455.2,7.59,07:35,182.0,16.55,50.98,78.51,143.0,13.0,40.06,61.69,135.0,12.27,37.82,58.24,65.0,5.91,18.21,28.04,83.0,7.55,23.25,35.8,42.0,3.82,11.76,18.12,52.0,4.73,14.57,22.43,23.0,2.09,6.44,9.92,39.0,3.55,10.92,16.82,29.0,2.64,8.12,12.51,29.0,2.64,8.12,12.51,43.0,3.91,12.04,18.55,22.0,2.0,6.16,9.49,51.0,4.64,14.29,22.0,20.0,1.82,5.6,8.63,36.0,3.27,10.08,15.53,10.0,0.91,2.8,4.31,4.0,0.36,1.12,1.73,34.0,3.09,9.52,14.67,39.0,3.55,10.92,16.82,50.98,40.06,10.92,102.67,39.0,3.55,10.92,83.45,7.59,0.57,0.6,0.51,0.44,0.74,0.12,0.55,0.36,0.66,0.5,2.8,1.12,0.1,10.92,0.29
2,桃園台啤永豐雲豹,62|3129,王皓吉/董永全,6,69,80.0,1200.51,20.01,20:01,200.08,3.33,03:20,39.0,6.5,48.75,70.17,34.0,5.67,42.5,61.17,32.0,5.33,40.0,57.58,14.0,2.33,17.5,25.19,23.0,3.83,28.75,41.38,12.0,2.0,15.0,21.59,9.0,1.5,11.25,16.19,2.0,0.33,2.5,3.6,11.0,1.83,13.75,19.79,9.0,1.5,11.25,16.19,7.0,1.17,8.75,12.59,11.0,1.83,13.75,19.79,3.0,0.5,3.75,5.4,10.0,1.67,12.5,17.99,5.0,0.83,6.25,9.0,8.0,1.33,10.0,14.39,2.0,0.33,2.5,3.6,0.0,0.0,0.0,0.0,7.0,1.17,8.75,12.59,12.0,2.0,15.0,21.59,48.75,42.5,6.25,95.96,5.0,0.83,6.25,20.01,3.33,0.47,0.53,0.52,0.22,0.82,0.12,0.57,0.41,0.79,0.58,2.5,0.0,0.09,15.0,0.34
2,桃園台啤永豐雲豹,3129|10861,董永全/迪亞洛,8,215,258.0,3724.5,62.07,62:04,465.56,7.76,07:46,110.0,13.75,42.64,63.79,88.0,11.0,34.11,51.04,83.0,10.38,32.17,48.14,40.0,5.0,15.5,23.2,60.0,7.5,23.26,34.8,33.0,4.12,12.79,19.14,23.0,2.88,8.91,13.34,7.0,0.88,2.71,4.06,39.0,4.88,15.12,22.62,23.0,2.88,8.91,13.34,19.0,2.38,7.36,11.02,31.0,3.88,12.02,17.98,15.0,1.88,5.81,8.7,51.0,6.38,19.77,29.58,27.0,3.38,10.47,15.66,22.0,2.75,8.53,12.76,14.0,1.75,5.43,8.12,1.0,0.12,0.39,0.58,26.0,3.25,10.08,15.08,24.0,3.0,9.3,13.92,42.64,34.11,8.53,99.75,22.0,2.75,8.53,62.07,7.76,0.52,0.55,0.55,0.3,0.59,0.21,0.55,0.27,0.67,0.43,5.43,0.39,0.1,9.3,0.47
2,桃園台啤永豐雲豹,12|62,曹薰襄/王皓吉,13,213,247.0,3308.73,55.15,55:09,254.52,4.24,04:15,112.0,8.62,45.34,73.12,110.0,8.46,44.53,71.81,85.0,6.54,34.41,55.49,41.0,3.15,16.6,26.77,57.0,4.38,23.08,37.21,30.0,2.31,12.15,19.58,28.0,2.15,11.34,18.28,11.0,0.85,4.45,7.18,29.0,2.23,11.74,18.93,21.0,1.62,8.5,13.71,8.0,0.62,3.24,5.22,38.0,2.92,15.38,24.81,20.0,1.54,8.1,13.06,37.0,2.85,14.98,24.15,17.0,1.31,6.88,11.1,27.0,2.08,10.93,17.63,10.0,0.77,4.05,6.53,3.0,0.23,1.21,1.96,25.0,1.92,10.12,16.32,22.0,1.69,8.91,14.36,45.34,44.53,0.81,107.5,2.0,0.15,0.81,55.15,4.24,0.55,0.57,0.53,0.39,0.72,0.15,0.66,0.18,0.66,0.45,4.05,1.21,0.1,8.91,0.34
2,桃園台啤永豐雲豹,12|3129,曹薰襄/董永全,13,356,428.0,5790.18,96.5,96:30,445.4,7.42,07:25,169.0,13.0,39.49,63.04,136.0,10.46,31.78,50.73,140.0,10.77,32.71,52.23,63.0,4.85,14.72,23.5,95.0,7.31,22.2,35.44,52.0,4.0,12.15,19.4,45.0,3.46,10.51,16.79,11.0,0.85,2.57,4.1,51.0,3.92,11.92,19.03,31.0,2.38,7.24,11.56,23.0,1.77,5.37,8.58,63.0,4.85,14.72,23.5,28.0,2.15,6.54,10.45,86.0,6.62,20.09,32.08,44.0,3.38,10.28,16.41,35.0,2.69,8.18,13.06,24.0,1.85,5.61,8.95,6.0,0.46,1.4,2.24,37.0,2.85,8.64,13.8,30.0,2.31,7.01,11.19,39.49,31.78,7.71,106.44,33.0,2.54,7.71,96.5,7.42,0.49,0.52,0.55,0.24,0.61,0.21,0.56,0.21,0.69,0.43,5.61,1.4,0.09,7.01,0.36
2,桃園台啤永豐雲豹,12|10861,曹薰襄/迪亞洛,10,560,670.0,9651.94,160.87,160:52,965.19,16.09,16:05,306.0,30.6,45.67,68.48,263.0,26.3,39.25,58.86,225.0,22.5,33.58,50.35,118.0,11.8,17.61,26.41,169.0,16.9,25.22,37.82,99.0,9.9,14.78,22.16,56.0,5.6,8.36,12.53,19.0,1.9,2.84,4.25,90.0,9.0,13.43,20.14,55.0,5.5,8.21,12.31,39.0,3.9,5.82,8.73,79.0,7.9,11.79,17.68,46.0,4.6,6.87,10.29,117.0,11.7,17.46,26.18,63.0,6.3,9.4,14.1,67.0,6.7,10.0,14.99,33.0,3.3,4.93,7.39,8.0,0.8,1.19,1.79,66.0,6.6,9.85,14.77,50.0,5.0,7.46,11.19,45.67,39.25,6.42,99.96,43.0,4.3,6.42,160.87,16.09,0.57,0.58,0.59,0.34,0.61,0.19,0.57,0.25,0.63,0.42,4.93,1.19,0.1,7.46,0.4
2,桃園台啤永豐雲豹,3129|10860,董永全/麥卡洛,9,271,330.0,4473.32,74.56,74:33,497.04,8.28,08:17,131.0,14.56,39.7,63.26,110.0,12.22,33.33,53.11,119.0,13.22,36.06,57.46,53.0,5.89,16.06,25.59,82.0,9.11,24.85,39.59,43.0,4.78,13.03,20.76,37.0,4.11,11.21,17.87,10.0,1.11,3.03,4.83,22.0,2.44,6.67,10.62,15.0,1.67,4.55,7.24,22.0,2.44,6.67,10.62,46.0,5.11,13.94,22.21,20.0,2.22,6.06,9.66,61.0,6.78,18.48,29.45,33.0,3.67,10.0,15.93,28.0,3.11,8.48,13.52,18.0,2.0,5.45,8.69,7.0,0.78,2.12,3.38,22.0,2.44,6.67,10.62,26.0,2.89,7.88,12.55,39.7,33.33,6.36,106.23,21.0,2.33,6.36,74.56,8.28,0.49,0.51,0.52,0.27,0.68,0.2,0.53,0.27,0.7,0.46,5.45,2.12,0.07,7.88,0.18
2,桃園台啤永豐雲豹,3129|10884,董永全/徐宏瑋,5,50,59.0,816.23,13.6,13:36,163.25,2.72,02:43,28.0,5.6,47.46,74.1,19.0,3.8,32.2,50.28,19.0,3.8,32.2,50.28,11.0,2.2,18.64,29.11,12.0,2.4,20.34,31.76,9.0,1.8,15.25,23.82,7.0,1.4,11.86,18.52,2.0,0.4,3.39,5.29,7.0,1.4,11.86,18.52,4.0,0.8,6.78,10.59,1.0,0.2,1.69,2.65,10.0,2.0,16.95,26.46,4.0,0.8,6.78,10.59,11.0,2.2,18.64,29.11,4.0,0.8,6.78,10.59,6.0,1.2,10.17,15.88,3.0,0.6,5.08,7.94,1.0,0.2,1.69,2.65,6.0,1.2,10.17,15.88,7.0,1.4,11.86,18.52,47.46,32.2,15.25,104.09,9.0,1.8,15.25,13.6,2.72,0.63,0.63,0.75,0.29,0.57,0.15,0.55,0.08,0.71,0.42,5.08,1.69,0.1,11.86,0.37
2,桃園台啤永豐雲豹,10860|10861,麥卡洛/迪亞洛,6,252,313.0,4080.16,68.0,68:00,680.03,11.33,11:20,140.0,23.33,44.73,74.11,119.0,19.83,38.02,63.0,111.0,18.5,35.46,58.76,54.0,9.0,17.25,28.59,80.0,13.33,25.56,42.35,43.0,7.17,13.74,22.76,31.0,5.17,9.9,16.41,11.0,1.83,3.51,5.82,35.0,5.83,11.18,18.53,23.0,3.83,7.35,12.18,25.0,4.17,7.99,13.23,36.0,6.0,11.5,19.06,21.0,3.5,6.71,11.12,46.0,7.67,14.7,24.35,29.0,4.83,9.27,15.35,30.0,5.0,9.58,15.88,12.0,2.0,3.83,6.35,3.0,0.5,0.96,1.59,29.0,4.83,9.27,15.35,25.0,4.17,7.99,13.23,44.73,38.02,6.71,110.47,21.0,3.5,6.71,68.0,11.33,0.54,0.55,0.54,0.35,0.66,0.19,0.56,0.35,0.63,0.48,3.83,0.96,0.09,7.99,0.32
2,桃園台啤永豐雲豹,10861|10884,迪亞洛/徐宏瑋,9,171,210.0,3440.91,57.35,57:21,382.32,6.37,06:22,95.0,10.56,45.24,59.64,86.0,9.56,40.95,53.99,70.0,7.78,33.33,43.94,36.0,4.0,17.14,22.6,53.0,5.89,25.24,33.27,31.0,3.44,14.76,19.46,17.0,1.89,8.1,10.67,5.0,0.56,2.38,3.14,27.0,3.0,12.86,16.95,18.0,2.0,8.57,11.3,17.0,1.89,8.1,10.67,22.0,2.44,10.48,13.81,16.0,1.78,7.62,10.04,35.0,3.89,16.67,21.97,20.0,2.22,9.52,12.55,23.0,2.56,10.95,14.44,11.0,1.22,5.24,6.91,5.0,0.56,2.38,3.14,21.0,2.33,10.0,13.18,22.0,2.44,10.48,13.81,45.24,40.95,4.29,87.88,9.0,1.0,4.29,57.35,6.37,0.55,0.58,0.58,0.29,0.67,0.2,0.64,0.33,0.58,0.43,5.24,2.38,0.1,10.48,0.39
2,高雄全家海神,108|109,魏莨哲/于煥亞,1,20,25.0,339.22,5.65,05:39,339.22,5.65,05:39,6.0,6.0,24.0,38.21,10.0,10.0,40.0,63.68,11.0,11.0,44.0,70.04,1.0,1.0,4.0,6.37,9.0,9.0,36.0,57.31,0.0,0.0,0.0,0.0,2.0,2.0,8.0,12.74,1.0,1.0,4.0,6.37,4.0,4.0,16.0,25.47,3.0,3.0,12.0,19.1,3.0,3.0,12.0,19.1,8.0,8.0,32.0,50.94,0.0,0.0,0.0,0.0,3.0,3.0,12.0,19.1,1.0,1.0,4.0,6.37,1.0,1.0,4.0,6.37,1.0,1.0,4.0,6.37,1.0,1.0,4.0,6.37,3.0,3.0,12.0,19.1,1.0,1.0,4.0,6.37,24.0,40.0,-16.0,106.13,-4.0,-4.0,-16.0,5.65,5.65,0.14,0.24,0.0,0.5,0.75,0.07,1.0,0.5,1.0,0.79,4.0,4.0,0.12,4.0,0.36
2,高雄全家海神,108|121,魏莨哲/吳曉謹,3,58,68.0,942.38,15.71,15:42,314.13,5.24,05:14,28.0,9.33,41.18,64.18,28.0,9.33,41.18,64.18,29.0,9.67,42.65,66.47,10.0,3.33,14.71,22.92,20.0,6.67,29.41,45.84,6.0,2.0,8.82,13.75,9.0,3.0,13.24,20.63,4.0,1.33,5.88,9.17,5.0,1.67,7.35,11.46,4.0,1.33,5.88,9.17,6.0,2.0,8.82,13.75,14.0,4.67,20.59,32.09,3.0,1.0,4.41,6.88,10.0,3.33,14.71,22.92,3.0,1.0,4.41,6.88,6.0,2.0,8.82,13.75,3.0,1.0,4.41,6.88,0.0,0.0,0.0,0.0,3.0,1.0,4.41,6.88,7.0,2.33,10.29,16.04,41.18,41.18,0.0,103.91,0.0,0.0,0.0,15.71,5.24,0.41,0.45,0.3,0.44,0.8,0.09,0.6,0.38,0.82,0.61,4.41,0.0,0.04,10.29,0.17
2,高雄全家海神,108|123,魏莨哲/勤明慶,4,82,100.0,1377.98,22.97,22:58,344.5,5.74,05:44,32.0,8.0,32.0,50.16,44.0,11.0,44.0,68.97,40.0,10.0,40.0,62.7,11.0,2.75,11.0,17.24,30.0,7.5,30.0,47.03,8.0,2.0,8.0,12.54,10.0,2.5,10.0,15.68,3.0,0.75,3.0,4.7,9.0,2.25,9.0,14.11,7.0,1.75,7.0,10.97,6.0,1.5,6.0,9.41,25.0,6.25,25.0,39.19,7.0,1.75,7.0,10.97,10.0,2.5,10.0,15.68,3.0,0.75,3.0,4.7,4.0,1.0,4.0,6.27,3.0,0.75,3.0,4.7,1.0,0.25,1.0,1.57,7.0,1.75,7.0,10.97,10.0,2.5,10.0,15.68,32.0,44.0,-12.0,104.5,-12.0,-3.0,-12.0,22.97,5.74,0.31,0.36,0.27,0.3,0.78,0.06,0.36,0.38,0.78,0.65,3.0,1.0,0.07,10.0,0.22
2,高雄全家海神,108|10894,魏莨哲/凱帝,1,38,43.0,607.82,10.13,10:08,607.82,10.13,10:08,20.0,20.0,46.51,71.07,16.0,16.0,37.21,56.86,19.0,19.0,44.19,67.52,5.0,5.0,11.63,17.77,11.0,11.0,25.58,39.09,0.0,0.0,0.0,0.0,8.0,8.0,18.6,28.43,5.0,5.0,11.63,17.77,6.0,6.0,13.95,21.32,5.0,5.0,11.63,17.77,3.0,3.0,6.98,10.66,12.0,12.0,27.91,42.64,0.0,0.0,0.0,0.0,5.0,5.0,11.63,17.77,1.0,1.0,2.33,3.55,4.0,4.0,9.3,14.21,1.0,1.0,2.33,3.55,1.0,1.0,2.33,3.55,4.0,4.0,9.3,14.21,5.0,5.0,11.63,17.77,46.51,37.21,9.3,101.87,4.0,4.0,9.3,10.13,10.13,0.39,0.46,0.0,0.62,0.83,0.04,0.8,0.38,1.0,0.75,2.33,2.33,0.09,11.63,0.32
2,桃園台啤永豐雲豹,57|10861,莊博元/迪亞洛,10,565,677.0,8935.7,148.93,148:56,893.57,14.89,14:54,324.0,32.4,47.86,78.32,271.0,27.1,40.03,65.51,251.0,25.1,37.08,60.67,119.0,11.9,17.58,28.77,160.0,16.0,23.63,38.68,86.0,8.6,12.7,20.79,91.0,9.1,13.44,22.0,33.0,3.3,4.87,7.98,76.0,7.6,11.23,18.37,54.0,5.4,7.98,13.05,46.0,4.6,6.79,11.12,93.0,9.3,13.74,22.48,34.0,3.4,5.02,8.22,116.0,11.6,17.13,28.04,50.0,5.0,7.39,12.09,73.0,7.3,10.78,17.65,23.0,2.3,3.4,5.56,13.0,1.3,1.92,3.14,69.0,6.9,10.19,16.68,49.0,4.9,7.24,11.84,47.86,40.03,7.83,109.1,53.0,5.3,7.83,148.93,14.89,0.54,0.57,0.54,0.36,0.71,0.15,0.61,0.28,0.73,0.48,3.4,1.92,0.1,7.24,0.3
2,桃園台啤永豐雲豹,57|3129,莊博元/董永全,9,145,178.0,2519.44,41.99,41:59,279.94,4.67,04:40,89.0,9.89,50.0,76.3,79.0,8.78,44.38,67.73,63.0,7.0,35.39,54.01,31.0,3.44,17.42,26.58,35.0,3.89,19.66,30.01,20.0,2.22,11.24,17.15,28.0,3.11,15.73,24.01,11.0,1.22,6.18,9.43,23.0,2.56,12.92,19.72,15.0,1.67,8.43,12.86,10.0,1.11,5.62,8.57,25.0,2.78,14.04,21.43,14.0,1.56,7.87,12.0,22.0,2.44,12.36,18.86,7.0,0.78,3.93,6.0,14.0,1.56,7.87,12.0,2.0,0.22,1.12,1.71,3.0,0.33,1.69,2.57,18.0,2.0,10.11,15.43,15.0,1.67,8.43,12.86,50.0,44.38,5.62,101.74,10.0,1.11,5.62,41.99,4.67,0.58,0.61,0.57,0.39,0.65,0.09,0.45,0.31,0.64,0.49,1.12,1.69,0.1,8.43,0.37
2,高雄全家海神,119|10891,余純安/廖偉皓,2,22,28.0,376.3,6.27,06:16,188.15,3.14,03:08,11.0,5.5,39.29,63.14,16.0,8.0,57.14,91.84,12.0,6.0,42.86,68.88,3.0,1.5,10.71,17.22,7.0,3.5,25.0,40.18,2.0,1.0,7.14,11.48,5.0,2.5,17.86,28.7,1.0,0.5,3.57,5.74,5.0,2.5,17.86,28.7,4.0,2.0,14.29,22.96,3.0,1.5,10.71,17.22,6.0,3.0,21.43,34.44,2.0,1.0,7.14,11.48,4.0,2.0,14.29,22.96,1.0,0.5,3.57,5.74,3.0,1.5,10.71,17.22,0.0,0.0,0.0,0.0,0.0,0.0,0.0,0.0,3.0,1.5,10.71,17.22,2.0,1.0,7.14,11.48,39.29,57.14,-17.86,107.15,-5.0,-2.5,-17.86,6.27,3.14,0.29,0.39,0.29,0.2,0.8,0.07,1.0,0.43,0.75,0.6,0.0,0.0,0.11,7.14,0.42
2,高雄全家海神,121|10891,吳曉謹/廖偉皓,6,66,79.0,981.49,16.36,16:21,163.58,2.73,02:44,31.0,5.17,39.24,68.22,48.0,8.0,60.76,105.63,30.0,5.0,37.97,66.02,8.0,1.33,10.13,17.61,18.0,3.0,22.78,39.61,6.0,1.0,7.59,13.2,12.0,2.0,15.19,26.41,2.0,0.33,2.53,4.4,15.0,2.5,18.99,33.01,13.0,2.17,16.46,28.61,5.0,0.83,6.33,11.0,18.0,3.0,22.78,39.61,3.0,0.5,3.8,6.6,9.0,1.5,11.39,19.81,4.0,0.67,5.06,8.8,7.0,1.17,8.86,15.41,3.0,0.5,3.8,6.6,1.0,0.17,1.27,2.2,8.0,1.33,10.13,17.61,14.0,2.33,17.72,30.81,39.24,60.76,-21.52,115.9,-17.0,-2.83,-21.52,16.36,2.73,0.3,0.42,0.33,0.17,0.87,0.1,0.88,0.36,0.86,0.66,3.8,1.27,0.1,17.72,0.5
2,高雄全家海神,123|10891,勤明慶/廖偉皓,4,52,67.0,915.72,15.26,15:16,228.93,3.82,03:49,23.0,5.75,34.33,54.25,31.0,7.75,46.27,73.12,29.0,7.25,43.28,68.41,5.0,1.25,7.46,11.79,19.0,4.75,28.36,44.82,2.0,0.5,2.99,4.72,10.0,2.5,14.93,23.59,3.0,0.75,4.48,7.08,12.0,3.0,17.91,28.31,10.0,2.5,14.93,23.59,7.0,1.75,10.45,16.51,16.0,4.0,23.88,37.74,4.0,1.0,5.97,9.44,7.0,1.75,10.45,16.51,2.0,0.5,2.99,4.72,3.0,0.75,4.48,7.08,2.0,0.5,2.99,4.72,2.0,0.5,2.99,4.72,5.0,1.25,7.46,11.79,7.0,1.75,10.45,16.51,34.33,46.27,-11.94,105.36,-8.0,-2.0,-11.94,15.26,3.82,0.22,0.34,0.11,0.3,0.83,0.06,0.6,0.5,0.8,0.68,2.99,2.99,0.07,10.45,0.41
2,高雄全家海神,10891|12668,廖偉皓/歐提斯,5,60,75.0,1047.42,17.46,17:27,209.48,3.49,03:29,25.0,5.0,33.33,51.56,34.0,6.8,45.33,70.12,24.0,4.8,32.0,49.49,7.0,1.4,9.33,14.44,16.0,3.2,21.33,33.0,3.0,0.6,4.0,6.19,8.0,1.6,10.67,16.5,4.0,0.8,5.33,8.25,13.0,2.6,17.33,26.81,9.0,1.8,12.0,18.56,4.0,0.8,5.33,8.25,13.0,2.6,17.33,26.81,5.0,1.0,6.67,10.31,15.0,3.0,20.0,30.93,8.0,1.6,10.67,16.5,7.0,1.4,9.33,14.44,4.0,0.8,5.33,8.25,1.0,0.2,1.33,2.06,6.0,1.2,8.0,12.37,10.0,2.0,13.33,20.62,33.33,45.33,-12.0,103.11,-9.0,-1.8,-12.0,17.46,3.49,0.38,0.42,0.19,0.5,0.69,0.21,1.0,0.21,0.72,0.46,5.33,1.33,0.08,13.33,0.54
2,桃園台啤永豐雲豹,12|60,曹薰襄/黃鎮,2,26,33.0,464.4,7.74,07:44,232.2,3.87,03:52,15.0,7.5,45.45,69.77,11.0,5.5,33.33,51.16,10.0,5.0,30.3,46.51,7.0,3.5,21.21,32.56,8.0,4.0,24.24,37.21,7.0,3.5,21.21,32.56,2.0,1.0,6.06,9.3,0.0,0.0,0.0,0.0,2.0,1.0,6.06,9.3,1.0,0.5,3.03,4.65,1.0,0.5,3.03,4.65,3.0,1.5,9.09,13.95,4.0,2.0,12.12,18.6,9.0,4.5,27.27,41.86,3.0,1.5,9.09,13.95,2.0,1.0,6.06,9.3,1.0,0.5,3.03,4.65,0.0,0.0,0.0,0.0,2.0,1.0,6.06,9.3,5.0,2.5,15.15,23.26,45.45,33.33,12.12,102.33,4.0,2.0,12.12,7.74,3.87,0.7,0.69,0.88,0.0,0.5,0.22,0.29,0.1,0.43,0.24,3.03,0.0,0.06,15.15,0.2
2,桃園台啤永豐雲豹,16|60,米勒/黃鎮,1,23,28.0,403.4,6.72,06:43,403.4,6.72,06:43,15.0,15.0,53.57,80.32,9.0,9.0,32.14,48.19,10.0,10.0,35.71,53.54,7.0,7.0,25.0,37.48,8.0,8.0,28.57,42.84,7.0,7.0,25.0,37.48,2.0,2.0,7.14,10.71,0.0,0.0,0.0,0.0,2.0,2.0,7.14,10.71,1.0,1.0,3.57,5.35,1.0,1.0,3.57,5.35,3.0,3.0,10.71,16.06,3.0,3.0,10.71,16.06,8.0,8.0,28.57,42.84,2.0,2.0,7.14,10.71,2.0,2.0,7.14,10.71,1.0,1.0,3.57,5.35,0.0,0.0,0.0,0.0,1.0,1.0,3.57,5.35,3.0,3.0,10.71,16.06,53.57,32.14,21.43,99.95,6.0,6.0,21.43,6.72,6.72,0.7,0.69,0.88,0.0,0.5,0.16,0.29,0.11,0.5,0.27,3.57,0.0,0.04,10.71,0.2
2,桃園台啤永豐雲豹,60|10860,黃鎮/麥卡洛,1,23,28.0,403.4,6.72,06:43,403.4,6.72,06:43,15.0,15.0,53.57,80.32,9.0,9.0,32.14,48.19,10.0,10.0,35.71,53.54,7.0,7.0,25.0,37.48,8.0,8.0,28.57,42.84,7.0,7.0,25.0,37.48,2.0,2.0,7.14,10.71,0.0,0.0,0.0,0.0,2.0,2.0,7.14,10.71,1.0,1.0,3.57,5.35,1.0,1.0,3.57,5.35,3.0,3.0,10.71,16.06,3.0,3.0,10.71,16.06,8.0,8.0,28.57,42.84,2.0,2.0,7.14,10.71,2.0,2.0,7.14,10.71,1.0,1.0,3.57,5.35,0.0,0.0,0.0,0.0,1.0,1.0,3.57,5.35,3.0,3.0,10.71,16.06,53.57,32.14,21.43,99.95,6.0,6.0,21.43,6.72,6.72,0.7,0.69,0.88,0.0,0.5,0.16,0.29,0.11,0.5,0.27,3.57,0.0,0.04,10.71,0.2
2,高雄全家海神,108|110,魏莨哲/胡瓏貿,1,8,8.0,126.0,2.1,02:06,126.0,2.1,02:06,9.0,9.0,112.5,154.29,2.0,2.0,25.0,34.29,4.0,4.0,50.0,68.57,3.0,3.0,37.5,51.43,0.0,0.0,0.0,0.0,0.0,0.0,0.0,0.0,4.0,4.0,50.0,68.57,3.0,3.0,37.5,51.43,0.0,0.0,0.0,0.0,0.0,0.0,0.0,0.0,0.0,0.0,0.0,0.0,1.0,1.0,12.5,17.14,0.0,0.0,0.0,0.0,1.0,1.0,12.5,17.14,0.0,0.0,0.0,0.0,3.0,3.0,37.5,51.43,0.0,0.0,0.0,0.0,0.0,0.0,0.0,0.0,0.0,0.0,0.0,0.0,2.0,2.0,25.0,34.29,112.5,25.0,87.5,91.43,7.0,7.0,87.5,2.1,2.1,1.12,1.12,,0.75,,0.0,1.0,0.0,1.0,0.5,0.0,0.0,0.0,25.0,0.0
2,高雄全家海神,108|118,魏莨哲/蘇文儒,3,61,74.0,1014.6,16.91,16:55,338.2,5.64,05:38,38.0,12.67,51.35,80.9,28.0,9.33,37.84,59.61,30.0,10.0,40.54,63.87,14.0,4.67,18.92,29.8,17.0,5.67,22.97,36.19,8.0,2.67,10.81,17.03,13.0,4.33,17.57,27.68,6.0,2.0,8.11,12.77,6.0,2.0,8.11,12.77,5.0,1.67,6.76,10.64,3.0,1.0,4.05,6.39,14.0,4.67,18.92,29.8,5.0,1.67,6.76,10.64,10.0,3.33,13.51,21.29,1.0,0.33,1.35,2.13,7.0,2.33,9.46,14.9,1.0,0.33,1.35,2.13,0.0,0.0,0.0,0.0,6.0,2.0,8.11,12.77,12.0,4.0,16.22,25.55,51.35,37.84,13.51,105.03,10.0,3.33,13.51,16.91,5.64,0.57,0.58,0.47,0.46,0.83,0.03,0.5,0.23,0.74,0.53,1.35,0.0,0.08,16.22,0.2
2,桃園台啤永豐雲豹,12|55,曹薰襄/汪哲宇,6,76,95.0,1190.3,19.84,19:50,198.38,3.31,03:18,24.0,4.0,25.26,43.55,44.0,7.33,46.32,79.85,27.0,4.5,28.42,49.0,9.0,1.5,9.47,16.33,19.0,3.17,20.0,34.48,8.0,1.33,8.42,14.52,8.0,1.33,8.42,14.52,1.0,0.17,1.05,1.81,10.0,1.67,10.53,18.15,5.0,0.83,5.26,9.07,6.0,1.0,6.32,10.89,12.0,2.0,12.63,21.78,9.0,1.5,9.47,16.33,13.0,2.17,13.68,23.59,14.0,2.33,14.74,25.41,3.0,0.5,3.16,5.44,7.0,1.17,7.37,12.7,4.0,0.67,4.21,7.26,11.0,1.83,11.58,19.96,19.0,3.17,20.0,34.48,25.26,46.32,-21.05,114.93,-20.0,-3.33,-21.05,19.84,3.31,0.35,0.38,0.42,0.12,0.5,0.31,0.33,0.32,0.57,0.45,7.37,4.21,0.12,20.0,0.37
2,桃園台啤永豐雲豹,55|10860,汪哲宇/麥卡洛,3,20,23.0,304.78,5.08,05:05,101.59,1.69,01:42,6.0,2.0,26.09,42.52,7.0,2.33,30.43,49.61,9.0,3.0,39.13,63.78,3.0,1.0,13.04,21.26,7.0,2.33,30.43,49.61,3.0,1.0,13.04,21.26,2.0,0.67,8.7,14.17,0.0,0.0,0.0,0.0,2.0,0.67,8.7,14.17,0.0,0.0,0.0,0.0,2.0,0.67,8.7,14.17,4.0,1.33,17.39,28.35,1.0,0.33,4.35,7.09,5.0,1.67,21.74,35.43,2.0,0.67,8.7,14.17,1.0,0.33,4.35,7.09,2.0,0.67,8.7,14.17,2.0,0.67,8.7,14.17,1.0,0.33,4.35,7.09,2.0,0.67,8.7,14.17,26.09,30.43,-4.35,108.67,-1.0,-0.33,-4.35,5.08,1.69,0.33,0.3,0.43,0.0,0.0,0.17,0.33,0.29,0.8,0.5,8.7,8.7,0.04,8.7,0.22
2,桃園台啤永豐雲豹,55|10861,汪哲宇/迪亞洛,4,62,74.0,1017.22,16.95,16:57,254.31,4.24,04:14,28.0,7.0,37.84,59.46,39.0,9.75,52.7,82.81,23.0,5.75,31.08,48.84,11.0,2.75,14.86,23.36,16.0,4.0,21.62,33.97,7.0,1.75,9.46,14.86,7.0,1.75,9.46,14.86,4.0,1.0,5.41,8.49,6.0,1.5,8.11,12.74,2.0,0.5,2.7,4.25,4.0,1.0,5.41,8.49,8.0,2.0,10.81,16.99,6.0,1.5,8.11,12.74,11.0,2.75,14.86,23.36,9.0,2.25,12.16,19.11,6.0,1.5,8.11,12.74,5.0,1.25,6.76,10.62,3.0,0.75,4.05,6.37,6.0,1.5,8.11,12.74,14.0,3.5,18.92,29.73,37.84,52.7,-14.86,104.76,-11.0,-2.75,-14.86,16.95,4.24,0.57,0.55,0.44,0.57,0.33,0.26,0.55,0.27,0.57,0.41,6.76,4.05,0.08,18.92,0.26
2,桃園台啤永豐雲豹,16|55,米勒/汪哲宇,5,42,50.0,736.6,12.28,12:17,147.32,2.46,02:27,15.0,3.0,30.0,43.99,26.0,5.2,52.0,76.24,14.0,2.8,28.0,41.05,6.0,1.2,12.0,17.59,11.0,2.2,22.0,32.26,5.0,1.0,10.0,14.66,3.0,0.6,6.0,8.8,1.0,0.2,2.0,2.93,3.0,0.6,6.0,8.8,2.0,0.4,4.0,5.86,3.0,0.6,6.0,8.8,5.0,1.0,10.0,14.66,3.0,0.6,6.0,8.8,8.0,1.6,16.0,23.46,9.0,1.8,18.0,26.39,3.0,0.6,6.0,8.8,5.0,1.0,10.0,14.66,2.0,0.4,4.0,5.86,4.0,0.8,8.0,11.73,9.0,1.8,18.0,26.39,30.0,52.0,-22.0,97.75,-11.0,-2.2,-22.0,12.28,2.46,0.46,0.49,0.45,0.33,0.67,0.37,0.5,0.27,0.62,0.42,10.0,4.0,0.08,18.0,0.21
2,高雄全家海神,108|10891,魏莨哲/廖偉皓,4,51,63.0,946.59,15.78,15:47,236.65,3.94,03:57,20.0,5.0,31.75,45.64,25.0,6.25,39.68,57.05,24.0,6.0,38.1,54.76,7.0,1.75,11.11,15.97,17.0,4.25,26.98,38.79,5.0,1.25,7.94,11.41,7.0,1.75,11.11,15.97,2.0,0.5,3.17,4.56,4.0,1.0,6.35,9.13,4.0,1.0,6.35,9.13,4.0,1.0,6.35,9.13,13.0,3.25,20.63,29.66,4.0,1.0,6.35,9.13,12.0,3.0,19.05,27.38,4.0,1.0,6.35,9.13,3.0,0.75,4.76,6.85,1.0,0.25,1.59,2.28,2.0,0.5,3.17,4.56,4.0,1.0,6.35,9.13,5.0,1.25,7.94,11.41,31.75,39.68,-7.94,95.84,-5.0,-1.25,-7.94,15.78,3.94,0.33,0.39,0.29,0.29,1.0,0.13,0.43,0.25,0.76,0.52,1.59,3.17,0.06,7.94,0.17
2,高雄全家海神,118|10891,蘇文儒/廖偉皓,5,16,19.0,298.5,4.97,04:58,59.7,0.99,01:00,10.0,2.0,52.63,72.36,10.0,2.0,52.63,72.36,8.0,1.6,42.11,57.89,3.0,0.6,15.79,21.71,3.0,0.6,15.79,21.71,1.0,0.2,5.26,7.24,5.0,1.0,26.32,36.18,2.0,0.4,10.53,14.47,2.0,0.4,10.53,14.47,2.0,0.4,10.53,14.47,1.0,0.2,5.26,7.24,4.0,0.8,21.05,28.94,2.0,0.4,10.53,14.47,1.0,0.2,5.26,7.24,0.0,0.0,0.0,0.0,2.0,0.4,10.53,14.47,0.0,0.0,0.0,0.0,0.0,0.0,0.0,0.0,1.0,0.2,5.26,7.24,2.0,0.4,10.53,14.47,52.63,52.63,0.0,91.66,0.0,0.0,0.0,4.97,0.99,0.5,0.56,0.33,0.4,1.0,0.0,0.67,0.5,0.67,0.62,0.0,0.0,0.05,10.53,0.25
2,高雄全家海神,10891|10894,廖偉皓/凱帝,4,48,54.0,703.77,11.73,11:44,175.94,2.93,02:56,29.0,7.25,53.7,89.01,35.0,8.75,64.81,107.42,19.0,4.75,35.19,58.31,7.0,1.75,12.96,21.48,11.0,2.75,20.37,33.76,4.0,1.0,7.41,12.28,8.0,2.0,14.81,24.55,3.0,0.75,5.56,9.21,13.0,3.25,24.07,39.9,12.0,3.0,22.22,36.83,2.0,0.5,3.7,6.14,11.0,2.75,20.37,33.76,2.0,0.5,3.7,6.14,4.0,1.0,7.41,12.28,1.0,0.25,1.85,3.07,5.0,1.25,9.26,15.35,1.0,0.25,1.85,3.07,1.0,0.25,1.85,3.07,8.0,2.0,14.81,24.55,10.0,2.5,18.52,30.69,53.7,64.81,-11.11,110.49,-6.0,-1.5,-11.11,11.73,2.93,0.45,0.59,0.36,0.38,0.92,0.04,0.71,0.33,0.85,0.68,1.85,1.85,0.15,18.52,0.68
2,高雄全家海神,109|10891,于煥亞/廖偉皓,2,11,17.0,241.45,4.02,04:01,120.72,2.01,02:01,2.0,1.0,11.76,17.89,7.0,3.5,41.18,62.62,6.0,3.0,35.29,53.68,0.0,0.0,0.0,0.0,5.0,2.5,29.41,44.73,0.0,0.0,0.0,0.0,1.0,0.5,5.88,8.95,0.0,0.0,0.0,0.0,2.0,1.0,11.76,17.89,2.0,1.0,11.76,17.89,1.0,0.5,5.88,8.95,5.0,2.5,29.41,44.73,2.0,1.0,11.76,17.89,2.0,1.0,11.76,17.89,1.0,0.5,5.88,8.95,0.0,0.0,0.0,0.0,1.0,0.5,5.88,8.95,1.0,0.5,5.88,8.95,2.0,1.0,11.76,17.89,1.0,0.5,5.88,8.95,11.76,41.18,-29.41,101.39,-5.0,-2.5,-29.41,4.02,2.01,0.0,0.15,0.0,0.0,1.0,0.13,,0.33,0.71,0.6,5.88,5.88,0.12,5.88,0.33
2,桃園台啤永豐雲豹,55|56,汪哲宇/丁冠皓,3,13,14.0,211.04,3.52,03:31,70.35,1.17,01:10,7.0,2.33,50.0,71.64,7.0,2.33,50.0,71.64,3.0,1.0,21.43,30.7,3.0,1.0,21.43,30.7,2.0,0.67,14.29,20.47,2.0,0.67,14.29,20.47,1.0,0.33,7.14,10.23,1.0,0.33,7.14,10.23,1.0,0.33,7.14,10.23,0.0,0.0,0.0,0.0,0.0,0.0,0.0,0.0,0.0,0.0,0.0,0.0,1.0,0.33,7.14,10.23,3.0,1.0,21.43,30.7,1.0,0.33,7.14,10.23,2.0,0.67,14.29,20.47,1.0,0.33,7.14,10.23,0.0,0.0,0.0,0.0,1.0,0.33,7.14,10.23,5.0,1.67,35.71,51.17,50.0,50.0,0.0,95.53,0.0,0.0,0.0,3.52,1.17,1.17,1.02,1.0,1.0,0.0,0.23,0.67,0.0,0.0,0.0,7.14,0.0,0.07,35.71,0.33
2,桃園台啤永豐雲豹,56|10861,丁冠皓/迪亞洛,1,4,4.0,67.04,1.12,01:07,67.04,1.12,01:07,2.0,2.0,50.0,64.44,2.0,2.0,50.0,64.44,1.0,1.0,25.0,32.22,1.0,1.0,25.0,32.22,1.0,1.0,25.0,32.22,1.0,1.0,25.0,32.22,0.0,0.0,0.0,0.0,0.0,0.0,0.0,0.0,1.0,1.0,25.0,32.22,0.0,0.0,0.0,0.0,0.0,0.0,0.0,0.0,0.0,0.0,0.0,0.0,0.0,0.0,0.0,0.0,2.0,2.0,50.0,64.44,0.0,0.0,0.0,0.0,1.0,1.0,25.0,32.22,0.0,0.0,0.0,0.0,0.0,0.0,0.0,0.0,1.0,1.0,25.0,32.22,2.0,2.0,50.0,64.44,50.0,50.0,0.0,85.92,0.0,0.0,0.0,1.12,1.12,1.0,0.69,1.0,,0.0,0.0,1.0,0.0,,0.0,0.0,0.0,0.25,50.0,1.0
2,桃園台啤永豐雲豹,56|10884,丁冠皓/徐宏瑋,3,25,29.0,410.7,6.84,06:51,136.9,2.28,02:17,16.0,5.33,55.17,84.15,10.0,3.33,34.48,52.59,9.0,3.0,31.03,47.33,6.0,2.0,20.69,31.56,5.0,1.67,17.24,26.3,4.0,1.33,13.79,21.04,4.0,1.33,13.79,21.04,2.0,0.67,6.9,10.52,6.0,2.0,20.69,31.56,2.0,0.67,6.9,10.52,1.0,0.33,3.45,5.26,5.0,1.67,17.24,26.3,0.0,0.0,0.0,0.0,4.0,1.33,13.79,21.04,1.0,0.33,3.45,5.26,4.0,1.33,13.79,21.04,1.0,0.33,3.45,5.26,0.0,0.0,0.0,0.0,4.0,1.33,13.79,21.04,3.0,1.0,10.34,15.78,55.17,34.48,20.69,101.68,6.0,2.0,20.69,6.84,2.28,0.78,0.69,0.8,0.5,0.33,0.08,0.67,0.2,1.0,0.6,3.45,0.0,0.14,10.34,0.67
2,新竹御嵿攻城獅,90|10885,李啓瑋/劉丞勳,8,181,226.0,2727.54,45.46,45:28,340.94,5.68,05:41,110.0,13.75,48.67,87.11,80.0,10.0,35.4,63.35,74.0,9.25,32.74,58.6,35.0,4.38,15.49,27.72,36.0,4.5,15.93,28.51,23.0,2.88,10.18,18.21,38.0,4.75,16.81,30.09,12.0,1.5,5.31,9.5,30.0,3.75,13.27,23.76,28.0,3.5,12.39,22.17,12.0,1.5,5.31,9.5,26.0,3.25,11.5,20.59,21.0,2.62,9.29,16.63,36.0,4.5,15.93,28.51,18.0,2.25,7.96,14.25,25.0,3.12,11.06,19.8,11.0,1.38,4.87,8.71,0.0,0.0,0.0,0.0,27.0,3.38,11.95,21.38,21.0,2.62,9.29,16.63,48.67,35.4,13.27,119.32,30.0,3.75,13.27,45.46,5.68,0.55,0.63,0.64,0.32,0.93,0.17,0.71,0.25,0.55,0.4,4.87,0.0,0.12,9.29,0.41
2,新竹御嵿攻城獅,10885|10888,劉丞勳/帕塞獅,13,897,1078.0,14916.85,248.61,248:37,1147.45,19.12,19:07,460.0,35.38,42.67,66.61,420.0,32.31,38.96,60.82,391.0,30.08,36.27,56.62,169.0,13.0,15.68,24.47,249.0,19.15,23.1,36.06,122.0,9.38,11.32,17.67,142.0,10.92,13.17,20.56,47.0,3.62,4.36,6.81,124.0,9.54,11.5,17.96,79.0,6.08,7.33,11.44,66.0,5.08,6.12,9.56,181.0,13.92,16.79,26.21,67.0,5.15,6.22,9.7,188.0,14.46,17.44,27.22,73.0,5.62,6.77,10.57,109.0,8.38,10.11,15.78,34.0,2.62,3.15,4.92,15.0,1.15,1.39,2.17,118.0,9.08,10.95,17.09,81.0,6.23,7.51,11.73,42.67,38.96,3.71,104.06,40.0,3.08,3.71,248.61,19.12,0.49,0.52,0.49,0.33,0.64,0.14,0.64,0.26,0.73,0.49,3.15,1.39,0.11,7.51,0.32
2,新竹御嵿攻城獅,82|10885,蕭順議/劉丞勳,9,373,450.0,6556.7,109.28,109:17,728.52,12.14,12:09,176.0,19.56,39.11,57.98,185.0,20.56,41.11,60.95,149.0,16.56,33.11,49.09,64.0,7.11,14.22,21.08,92.0,10.22,20.44,30.31,49.0,5.44,10.89,16.14,57.0,6.33,12.67,18.78,15.0,1.67,3.33,4.94,49.0,5.44,10.89,16.14,33.0,3.67,7.33,10.87,29.0,3.22,6.44,9.55,62.0,6.89,13.78,20.42,26.0,2.89,5.78,8.57,63.0,7.0,14.0,20.75,44.0,4.89,9.78,14.5,39.0,4.33,8.67,12.85,20.0,2.22,4.44,6.59,4.0,0.44,0.89,1.32,50.0,5.56,11.11,16.47,49.0,5.44,10.89,16.14,39.11,41.11,-2.0,98.83,-9.0,-1.0,-2.0,109.28,12.14,0.48,0.52,0.53,0.26,0.67,0.21,0.61,0.32,0.7,0.51,4.44,0.89,0.11,10.89,0.33
2,新北中信特攻,43|10879,林韋翰/簡廷兆,14,320,399.0,5097.48,84.96,84:57,364.11,6.07,06:04,139.0,9.93,34.84,58.9,179.0,12.79,44.86,75.85,153.0,10.93,38.35,64.83,52.0,3.71,13.03,22.03,77.0,5.5,19.3,32.63,36.0,2.57,9.02,15.25,76.0,5.43,19.05,32.2,16.0,1.14,4.01,6.78,30.0,2.14,7.52,12.71,22.0,1.57,5.51,9.32,30.0,2.14,7.52,12.71,71.0,5.07,17.79,30.09,28.0,2.0,7.02,11.86,59.0,4.21,14.79,25.0,25.0,1.79,6.27,10.59,35.0,2.5,8.77,14.83,12.0,0.86,3.01,5.08,5.0,0.36,1.25,2.12,33.0,2.36,8.27,13.98,55.0,3.93,13.78,23.31,34.84,44.86,-10.03,112.71,-40.0,-2.86,-10.03,84.96,6.07,0.39,0.42,0.47,0.21,0.73,0.13,0.67,0.34,0.72,0.54,3.01,1.25,0.08,13.78,0.2
2,新竹御嵿攻城獅,82|87,蕭順議/蔡宸綱,6,33,37.0,574.44,9.57,09:34,95.74,1.6,01:36,15.0,2.5,40.54,56.4,16.0,2.67,43.24,60.16,9.0,1.5,24.32,33.84,6.0,1.0,16.22,22.56,4.0,0.67,10.81,15.04,4.0,0.67,10.81,15.04,5.0,0.83,13.51,18.8,2.0,0.33,5.41,7.52,3.0,0.5,8.11,11.28,1.0,0.17,2.7,3.76,1.0,0.17,2.7,3.76,3.0,0.5,8.11,11.28,2.0,0.33,5.41,7.52,8.0,1.33,21.62,30.08,5.0,0.83,13.51,18.8,2.0,0.33,5.41,7.52,2.0,0.33,5.41,7.52,0.0,0.0,0.0,0.0,2.0,0.33,5.41,7.52,5.0,0.83,13.51,18.8,40.54,43.24,-2.7,92.75,-1.0,-0.17,-2.7,9.57,1.6,0.78,0.73,1.0,0.4,0.33,0.33,0.33,0.11,0.6,0.29,5.41,0.0,0.05,13.51,0.33
2,新竹御嵿攻城獅,87|10888,蔡宸綱/帕塞獅,12,331,389.0,5284.9,88.08,88:05,440.41,7.34,07:20,174.0,14.5,44.73,71.12,158.0,13.17,40.62,64.58,142.0,11.83,36.5,58.04,67.0,5.58,17.22,27.38,82.0,6.83,21.08,33.51,49.0,4.08,12.6,20.03,60.0,5.0,15.42,24.52,18.0,1.5,4.63,7.36,38.0,3.17,9.77,15.53,23.0,1.92,5.91,9.4,24.0,2.0,6.17,9.81,56.0,4.67,14.4,22.89,17.0,1.42,4.37,6.95,73.0,6.08,18.77,29.84,33.0,2.75,8.48,13.49,43.0,3.58,11.05,17.57,16.0,1.33,4.11,6.54,6.0,0.5,1.54,2.45,38.0,3.17,9.77,15.53,34.0,2.83,8.74,13.9,44.73,40.62,4.11,105.99,16.0,1.33,4.11,88.08,7.34,0.54,0.55,0.6,0.3,0.61,0.17,0.64,0.25,0.77,0.47,4.11,1.54,0.1,8.74,0.27
2,新北中信特攻,43|8889,林韋翰/馬可,14,1097,1315.0,17147.34,285.79,285:47,1224.81,20.41,20:25,601.0,42.93,45.7,75.71,533.0,38.07,40.53,67.14,487.0,34.79,37.03,61.35,225.0,16.07,17.11,28.34,277.0,19.79,21.06,34.89,159.0,11.36,12.09,20.03,210.0,15.0,15.97,26.45,66.0,4.71,5.02,8.31,119.0,8.5,9.05,14.99,83.0,5.93,6.31,10.46,91.0,6.5,6.92,11.46,176.0,12.57,13.38,22.17,75.0,5.36,5.7,9.45,216.0,15.43,16.43,27.21,110.0,7.86,8.37,13.86,143.0,10.21,10.87,18.01,48.0,3.43,3.65,6.05,16.0,1.14,1.22,2.02,127.0,9.07,9.66,16.0,135.0,9.64,10.27,17.01,45.7,40.53,5.17,110.43,68.0,4.86,5.17,285.79,20.41,0.53,0.56,0.57,0.31,0.7,0.17,0.64,0.3,0.7,0.48,3.65,1.22,0.1,10.27,0.24
2,新北中信特攻,113|8889,林任鴻/馬可,7,113,138.0,1802.77,30.05,30:03,257.54,4.29,04:18,49.0,7.0,35.51,58.71,53.0,7.57,38.41,63.5,38.0,5.43,27.54,45.53,15.0,2.14,10.87,17.97,16.0,2.29,11.59,19.17,10.0,1.43,7.25,11.98,22.0,3.14,15.94,26.36,5.0,0.71,3.62,5.99,24.0,3.43,17.39,28.76,14.0,2.0,10.14,16.77,8.0,1.14,5.8,9.59,21.0,3.0,15.22,25.16,13.0,1.86,9.42,15.58,25.0,3.57,18.12,29.95,13.0,1.86,9.42,15.58,12.0,1.71,8.7,14.38,5.0,0.71,3.62,5.99,2.0,0.29,1.45,2.4,17.0,2.43,12.32,20.37,16.0,2.29,11.59,19.17,35.51,38.41,-2.9,110.23,-4.0,-0.57,-2.9,30.05,4.29,0.46,0.5,0.62,0.23,0.58,0.21,0.8,0.24,0.62,0.43,3.62,1.45,0.12,11.59,0.63
2,新竹御嵿攻城獅,88|10885,盧冠軒/劉丞勳,16,586,695.0,10275.44,171.26,171:15,642.22,10.7,10:42,276.0,17.25,39.71,58.02,286.0,17.88,41.15,60.12,241.0,15.06,34.68,50.66,92.0,5.75,13.24,19.34,141.0,8.81,20.29,29.64,65.0,4.06,9.35,13.66,100.0,6.25,14.39,21.02,27.0,1.69,3.88,5.68,101.0,6.31,14.53,21.23,68.0,4.25,9.78,14.29,44.0,2.75,6.33,9.25,113.0,7.06,16.26,23.75,42.0,2.62,6.04,8.83,102.0,6.38,14.68,21.44,52.0,3.25,7.48,10.93,64.0,4.0,9.21,13.45,30.0,1.88,4.32,6.31,12.0,0.75,1.73,2.52,81.0,5.06,11.65,17.03,66.0,4.12,9.5,13.87,39.71,41.15,-1.44,97.4,-10.0,-0.62,-1.44,171.26,10.7,0.44,0.48,0.46,0.27,0.67,0.15,0.7,0.3,0.73,0.52,4.32,1.73,0.12,9.5,0.42
2,新竹御嵿攻城獅,75|88,高國豪/盧冠軒,14,404,489.0,6560.56,109.34,109:21,468.61,7.81,07:49,196.0,14.0,40.08,64.53,195.0,13.93,39.88,64.2,177.0,12.64,36.2,58.28,68.0,4.86,13.91,22.39,117.0,8.36,23.93,38.52,48.0,3.43,9.82,15.8,60.0,4.29,12.27,19.75,20.0,1.43,4.09,6.58,58.0,4.14,11.86,19.1,41.0,2.93,8.38,13.5,36.0,2.57,7.36,11.85,77.0,5.5,15.75,25.35,44.0,3.14,9.0,14.49,69.0,4.93,14.11,22.72,34.0,2.43,6.95,11.19,47.0,3.36,9.61,15.47,19.0,1.36,3.89,6.26,10.0,0.71,2.04,3.29,46.0,3.29,9.41,15.15,47.0,3.36,9.61,15.47,40.08,39.88,0.2,107.33,1.0,0.07,0.2,109.34,7.81,0.44,0.48,0.41,0.33,0.71,0.14,0.69,0.34,0.64,0.5,3.89,2.04,0.09,9.61,0.33
2,新竹御嵿攻城獅,76|88,曾柏喻/盧冠軒,16,521,630.0,9292.96,154.88,154:53,580.81,9.68,09:41,258.0,16.12,40.95,59.97,295.0,18.44,46.83,68.57,212.0,13.25,33.65,49.28,90.0,5.62,14.29,20.92,121.0,7.56,19.21,28.12,63.0,3.94,10.0,14.64,91.0,5.69,14.44,21.15,27.0,1.69,4.29,6.28,72.0,4.5,11.43,16.74,52.0,3.25,8.25,12.09,37.0,2.31,5.87,8.6,90.0,5.62,14.29,20.92,53.0,3.31,8.41,12.32,80.0,5.0,12.7,18.59,55.0,3.44,8.73,12.78,55.0,3.44,8.73,12.78,31.0,1.94,4.92,7.21,7.0,0.44,1.11,1.63,68.0,4.25,10.79,15.81,60.0,3.75,9.52,13.95,40.95,46.83,-5.87,97.62,-37.0,-2.31,-5.87,154.88,9.68,0.49,0.53,0.52,0.3,0.72,0.18,0.61,0.32,0.63,0.49,4.92,1.11,0.11,9.52,0.34
2,新北中信特攻,44|47,黃泓瀚/曾文鼎,5,23,28.0,336.7,5.61,05:37,67.34,1.12,01:07,8.0,1.6,28.57,51.32,11.0,2.2,39.29,70.57,10.0,2.0,35.71,64.15,3.0,0.6,10.71,19.25,5.0,1.0,17.86,32.08,1.0,0.2,3.57,6.42,5.0,1.0,17.86,32.08,2.0,0.4,7.14,12.83,2.0,0.4,7.14,12.83,2.0,0.4,7.14,12.83,2.0,0.4,7.14,12.83,4.0,0.8,14.29,25.66,3.0,0.6,10.71,19.25,3.0,0.6,10.71,19.25,1.0,0.2,3.57,6.42,2.0,0.4,7.14,12.83,1.0,0.2,3.57,6.42,1.0,0.2,3.57,6.42,0.0,0.0,0.0,0.0,0.0,0.0,0.0,0.0,28.57,39.29,-10.71,119.75,-3.0,-0.6,-10.71,5.61,1.12,0.4,0.37,0.2,0.4,1.0,0.08,0.67,0.4,0.57,0.5,3.57,3.57,0.0,0.0,0.2
2,新北中信特攻,47|8889,曾文鼎/馬可,5,17,21.0,215.36,3.59,03:35,43.07,0.72,00:43,7.0,1.4,33.33,70.21,12.0,2.4,57.14,120.36,5.0,1.0,23.81,50.15,3.0,0.6,14.29,30.09,4.0,0.8,19.05,40.12,3.0,0.6,14.29,30.09,1.0,0.2,4.76,10.03,0.0,0.0,0.0,0.0,1.0,0.2,4.76,10.03,1.0,0.2,4.76,10.03,1.0,0.2,4.76,10.03,0.0,0.0,0.0,0.0,2.0,0.4,9.52,20.06,2.0,0.4,9.52,20.06,3.0,0.6,14.29,30.09,1.0,0.2,4.76,10.03,0.0,0.0,0.0,0.0,0.0,0.0,0.0,0.0,1.0,0.2,4.76,10.03,2.0,0.4,9.52,20.06,33.33,57.14,-23.81,140.42,-5.0,-1.0,-23.81,3.59,0.72,0.6,0.64,0.75,0.0,1.0,0.36,0.33,0.33,0.0,0.2,0.0,0.0,0.05,9.52,0.2
2,福爾摩沙夢想家,79|95,張宗憲/李德威,1,26,31.0,460.0,7.67,07:40,460.0,7.67,07:40,11.0,11.0,35.48,51.65,12.0,12.0,38.71,56.35,14.0,14.0,45.16,65.74,5.0,5.0,16.13,23.48,10.0,10.0,32.26,46.96,4.0,4.0,12.9,18.78,4.0,4.0,12.9,18.78,1.0,1.0,3.23,4.7,0.0,0.0,0.0,0.0,0.0,0.0,0.0,0.0,3.0,3.0,9.68,14.09,6.0,6.0,19.35,28.17,1.0,1.0,3.23,4.7,4.0,4.0,12.9,18.78,2.0,2.0,6.45,9.39,2.0,2.0,6.45,9.39,1.0,1.0,3.23,4.7,0.0,0.0,0.0,0.0,5.0,5.0,16.13,23.48,0.0,0.0,0.0,0.0,35.48,38.71,-3.23,97.04,-1.0,-1.0,-3.23,7.67,7.67,0.39,0.39,0.4,0.25,,0.12,0.4,0.43,0.86,0.64,3.23,0.0,0.16,0.0,0.0
2,福爾摩沙夢想家,79|10890,張宗憲/湯普金斯,6,448,531.0,7412.46,123.54,123:32,1235.41,20.59,20:35,240.0,40.0,45.2,69.94,238.0,39.67,44.82,69.35,198.0,33.0,37.29,57.7,87.0,14.5,16.38,25.35,122.0,20.33,22.98,35.55,64.0,10.67,12.05,18.65,76.0,12.67,14.31,22.15,23.0,3.83,4.33,6.7,49.0,8.17,9.23,14.28,38.0,6.33,7.16,11.07,34.0,5.67,6.4,9.91,82.0,13.67,15.44,23.89,29.0,4.83,5.46,8.45,97.0,16.17,18.27,28.27,36.0,6.0,6.78,10.49,52.0,8.67,9.79,15.15,20.0,3.33,3.77,5.83,8.0,1.33,1.51,2.33,54.0,9.0,10.17,15.74,49.0,8.17,9.23,14.28,45.2,44.82,0.38,103.16,2.0,0.33,0.38,123.54,20.59,0.5,0.55,0.52,0.3,0.78,0.14,0.6,0.26,0.74,0.48,3.77,1.51,0.1,9.23,0.25
2,福爾摩沙夢想家,89|10890,蔣淯安/湯普金斯,10,789,913.0,13230.71,220.51,220:31,1323.07,22.05,22:03,410.0,41.0,44.91,66.94,400.0,40.0,43.81,65.3,324.0,32.4,35.49,52.9,150.0,15.0,16.43,24.49,186.0,18.6,20.37,30.37,105.0,10.5,11.5,17.14,138.0,13.8,15.12,22.53,45.0,4.5,4.93,7.35,87.0,8.7,9.53,14.2,66.0,6.6,7.23,10.77,40.0,4.0,4.38,6.53,144.0,14.4,15.77,23.51,50.0,5.0,5.48,8.16,160.0,16.0,17.52,26.12,74.0,7.4,8.11,12.08,82.0,8.2,8.98,13.39,45.0,4.5,4.93,7.35,14.0,1.4,1.53,2.29,93.0,9.3,10.19,15.18,91.0,9.1,9.97,14.86,44.91,43.81,1.1,99.37,10.0,1.0,1.1,220.51,22.05,0.53,0.57,0.56,0.33,0.76,0.17,0.55,0.2,0.74,0.47,4.93,1.53,0.1,9.97,0.27
2,福爾摩沙夢想家,95|10890,李德威/湯普金斯,2,64,72.0,1011.9,16.86,16:52,505.95,8.43,08:26,26.0,13.0,36.11,55.5,31.0,15.5,43.06,66.17,27.0,13.5,37.5,57.63,12.0,6.0,16.67,25.62,18.0,9.0,25.0,38.42,10.0,5.0,13.89,21.35,9.0,4.5,12.5,19.21,2.0,1.0,2.78,4.27,2.0,1.0,2.78,4.27,0.0,0.0,0.0,0.0,4.0,2.0,5.56,8.54,12.0,6.0,16.67,25.62,3.0,1.5,4.17,6.4,13.0,6.5,18.06,27.75,7.0,3.5,9.72,14.94,4.0,2.0,5.56,8.54,3.0,1.5,4.17,6.4,0.0,0.0,0.0,0.0,9.0,4.5,12.5,19.21,8.0,4.0,11.11,17.08,36.11,43.06,-6.94,102.46,-5.0,-2.5,-6.94,16.86,8.43,0.48,0.47,0.56,0.22,0.0,0.2,0.33,0.24,0.8,0.5,4.17,0.0,0.12,11.11,0.07
2,福爾摩沙夢想家,10889|10890,恩尼斯/湯普金斯,5,302,361.0,4720.25,78.67,78:40,944.05,15.73,15:44,164.0,32.8,45.43,75.05,145.0,29.0,40.17,66.35,130.0,26.0,36.01,59.49,62.0,12.4,17.17,28.37,76.0,15.2,21.05,34.78,43.0,8.6,11.91,19.68,54.0,10.8,14.96,24.71,19.0,3.8,5.26,8.69,33.0,6.6,9.14,15.1,21.0,4.2,5.82,9.61,17.0,3.4,4.71,7.78,57.0,11.4,15.79,26.08,23.0,4.6,6.37,10.52,60.0,12.0,16.62,27.46,28.0,5.6,7.76,12.81,32.0,6.4,8.86,14.64,19.0,3.8,5.26,8.69,4.0,0.8,1.11,1.83,39.0,7.8,10.8,17.85,41.0,8.2,11.36,18.76,45.43,40.17,5.26,110.13,19.0,3.8,5.26,78.67,15.73,0.55,0.57,0.57,0.35,0.64,0.16,0.52,0.22,0.71,0.47,5.26,1.11,0.11,11.36,0.25
2,福爾摩沙夢想家,103|10890,忻沃克/湯普金斯,9,564,657.0,8937.74,148.96,148:58,993.08,16.55,16:33,311.0,34.56,47.34,75.16,302.0,33.56,45.97,72.98,242.0,26.89,36.83,58.48,109.0,12.11,16.59,26.34,131.0,14.56,19.94,31.66,71.0,7.89,10.81,17.16,111.0,12.33,16.89,26.83,38.0,4.22,5.78,9.18,71.0,7.89,10.81,17.16,59.0,6.56,8.98,14.26,40.0,4.44,6.09,9.67,94.0,10.44,14.31,22.72,27.0,3.0,4.11,6.53,117.0,13.0,17.81,28.28,52.0,5.78,7.91,12.57,63.0,7.0,9.59,15.23,36.0,4.0,5.48,8.7,9.0,1.0,1.37,2.18,71.0,7.89,10.81,17.16,72.0,8.0,10.96,17.4,47.34,45.97,1.37,105.85,9.0,1.0,1.37,148.96,16.55,0.53,0.57,0.54,0.34,0.83,0.16,0.58,0.25,0.78,0.48,5.48,1.37,0.11,10.96,0.29
2,福爾摩沙夢想家,107|10890,霍爾曼/湯普金斯,8,529,633.0,9255.85,154.26,154:16,1156.98,19.28,19:17,313.0,39.12,49.45,73.04,311.0,38.88,49.13,72.58,244.0,30.5,38.55,56.94,109.0,13.62,17.22,25.44,127.0,15.88,20.06,29.64,66.0,8.25,10.43,15.4,117.0,14.62,18.48,27.3,43.0,5.38,6.79,10.03,68.0,8.5,10.74,15.87,51.0,6.38,8.06,11.9,46.0,5.75,7.27,10.73,95.0,11.88,15.01,22.17,39.0,4.88,6.16,9.1,95.0,11.88,15.01,22.17,39.0,4.88,6.16,9.1,65.0,8.12,10.27,15.17,24.0,3.0,3.79,5.6,10.0,1.25,1.58,2.33,62.0,7.75,9.79,14.47,64.0,8.0,10.11,14.94,49.45,49.13,0.32,98.48,2.0,0.25,0.32,154.26,19.28,0.53,0.57,0.52,0.37,0.75,0.12,0.6,0.33,0.71,0.51,3.79,1.58,0.1,10.11,0.28
2,新竹御嵿攻城獅,88|90,盧冠軒/李啓瑋,6,131,159.0,2885.85,48.1,48:06,480.97,8.02,08:01,65.0,10.83,40.88,48.65,77.0,12.83,48.43,57.63,55.0,9.17,34.59,41.17,25.0,4.17,15.72,18.71,30.0,5.0,18.87,22.45,14.0,2.33,8.81,10.48,25.0,4.17,15.72,18.71,11.0,1.83,6.92,8.23,4.0,0.67,2.52,2.99,4.0,0.67,2.52,2.99,5.0,0.83,3.14,3.74,25.0,4.17,15.72,18.71,17.0,2.83,10.69,12.72,24.0,4.0,15.09,17.96,14.0,2.33,8.81,10.48,15.0,2.5,9.43,11.23,8.0,1.33,5.03,5.99,3.0,0.5,1.89,2.25,13.0,2.17,8.18,9.73,22.0,3.67,13.84,16.47,40.88,48.43,-7.55,79.34,-12.0,-2.0,-7.55,48.1,8.02,0.55,0.57,0.47,0.44,1.0,0.2,0.6,0.17,0.6,0.42,5.03,1.89,0.08,13.84,0.07
2,福爾摩沙夢想家,77|10890,馬建豪/湯普金斯,8,637,772.0,10800.52,180.01,180:01,1350.06,22.5,22:30,389.0,48.62,50.39,77.8,338.0,42.25,43.78,67.6,255.0,31.88,33.03,51.0,134.0,16.75,17.36,26.8,148.0,18.5,19.17,29.6,90.0,11.25,11.66,18.0,107.0,13.38,13.86,21.4,44.0,5.5,5.7,8.8,106.0,13.25,13.73,21.2,77.0,9.62,9.97,15.4,38.0,4.75,4.92,7.6,99.0,12.38,12.82,19.8,60.0,7.5,7.77,12.0,125.0,15.62,16.19,25.0,60.0,7.5,7.77,12.0,77.0,9.62,9.97,15.4,35.0,4.38,4.53,7.0,6.0,0.75,0.78,1.2,81.0,10.12,10.49,16.2,74.0,9.25,9.59,14.8,50.39,43.78,6.61,102.93,51.0,6.38,6.61,180.01,22.5,0.61,0.64,0.61,0.41,0.73,0.17,0.57,0.23,0.62,0.43,4.53,0.78,0.1,9.59,0.42
2,福爾摩沙夢想家,86|10890,林俊吉/湯普金斯,8,441,544.0,6942.77,115.71,115:43,867.85,14.46,14:28,278.0,34.75,51.1,86.49,223.0,27.88,40.99,69.38,183.0,22.88,33.64,56.93,94.0,11.75,17.28,29.24,95.0,11.88,17.46,29.56,62.0,7.75,11.4,19.29,88.0,11.0,16.18,27.38,32.0,4.0,5.88,9.96,82.0,10.25,15.07,25.51,59.0,7.38,10.85,18.36,34.0,4.25,6.25,10.58,61.0,7.62,11.21,18.98,40.0,5.0,7.35,12.44,93.0,11.62,17.1,28.93,44.0,5.5,8.09,13.69,54.0,6.75,9.93,16.8,25.0,3.12,4.6,7.78,4.0,0.5,0.74,1.24,60.0,7.5,11.03,18.67,55.0,6.88,10.11,17.11,51.1,40.99,10.11,112.83,55.0,6.88,10.11,115.71,14.46,0.6,0.63,0.65,0.36,0.72,0.17,0.57,0.27,0.6,0.42,4.6,0.74,0.11,10.11,0.45
2,新竹御嵿攻城獅,76|78,曾柏喻/朱雲豪,8,165,204.0,3200.12,53.34,53:20,400.01,6.67,06:40,64.0,8.0,31.37,43.2,93.0,11.62,45.59,62.77,62.0,7.75,30.39,41.85,21.0,2.62,10.29,14.17,34.0,4.25,16.67,22.95,15.0,1.88,7.35,10.12,28.0,3.5,13.73,18.9,6.0,0.75,2.94,4.05,24.0,3.0,11.76,16.2,16.0,2.0,7.84,10.8,10.0,1.25,4.9,6.75,35.0,4.38,17.16,23.62,20.0,2.5,9.8,13.5,30.0,3.75,14.71,20.25,19.0,2.38,9.31,12.82,15.0,1.88,7.35,10.12,13.0,1.62,6.37,8.77,4.0,0.5,1.96,2.7,25.0,3.12,12.25,16.87,17.0,2.12,8.33,11.47,31.37,45.59,-14.22,91.8,-29.0,-3.62,-14.22,53.34,6.67,0.39,0.44,0.44,0.21,0.67,0.21,0.71,0.25,0.64,0.47,6.37,1.96,0.12,8.33,0.39
2,新竹御嵿攻城獅,78|10885,朱雲豪/劉丞勳,4,67,82.0,1047.33,17.46,17:27,261.83,4.36,04:22,32.0,8.0,39.02,66.0,40.0,10.0,48.78,82.5,24.0,6.0,29.27,49.5,8.0,2.0,9.76,16.5,15.0,3.75,18.29,30.94,6.0,1.5,7.32,12.37,9.0,2.25,10.98,18.56,2.0,0.5,2.44,4.12,17.0,4.25,20.73,35.06,14.0,3.5,17.07,28.87,4.0,1.0,4.88,8.25,13.0,3.25,15.85,26.81,8.0,2.0,9.76,16.5,13.0,3.25,15.85,26.81,5.0,1.25,6.1,10.31,8.0,2.0,9.76,16.5,3.0,0.75,3.66,6.19,3.0,0.75,3.66,6.19,11.0,2.75,13.41,22.69,15.0,3.75,18.29,30.94,39.02,48.78,-9.76,112.74,-8.0,-2.0,-9.76,17.46,4.36,0.38,0.51,0.4,0.22,0.82,0.14,1.0,0.24,0.62,0.45,3.66,3.66,0.13,18.29,0.71
2,新竹御嵿攻城獅,78|10887,朱雲豪/德魯,6,120,147.0,2387.2,39.79,39:47,397.87,6.63,06:38,55.0,9.17,37.41,49.77,69.0,11.5,46.94,62.43,39.0,6.5,26.53,35.29,15.0,2.5,10.2,13.57,25.0,4.17,17.01,22.62,11.0,1.83,7.48,9.95,14.0,2.33,9.52,12.67,4.0,0.67,2.72,3.62,30.0,5.0,20.41,27.14,21.0,3.5,14.29,19.0,7.0,1.17,4.76,6.33,23.0,3.83,15.65,20.81,13.0,2.17,8.84,11.76,21.0,3.5,14.29,19.0,13.0,2.17,8.84,11.76,14.0,2.33,9.52,12.67,9.0,1.5,6.12,8.14,4.0,0.67,2.72,3.62,20.0,3.33,13.61,18.1,21.0,3.5,14.29,19.0,37.41,46.94,-9.52,88.67,-14.0,-2.33,-9.52,39.79,6.63,0.44,0.53,0.44,0.29,0.7,0.2,0.93,0.25,0.64,0.47,6.12,2.72,0.14,14.29,0.77
2,新竹御嵿攻城獅,78|10888,朱雲豪/帕塞獅,8,178,216.0,3069.92,51.17,51:10,383.74,6.4,06:24,67.0,8.38,31.02,47.14,90.0,11.25,41.67,63.32,78.0,9.75,36.11,54.88,22.0,2.75,10.19,15.48,44.0,5.5,20.37,30.96,16.0,2.0,7.41,11.26,34.0,4.25,15.74,23.92,6.0,0.75,2.78,4.22,22.0,2.75,10.19,15.48,17.0,2.12,7.87,11.96,16.0,2.0,7.41,11.26,40.0,5.0,18.52,28.14,17.0,2.12,7.87,11.96,31.0,3.88,14.35,21.81,15.0,1.88,6.94,10.55,15.0,1.88,6.94,10.55,10.0,1.25,4.63,7.04,3.0,0.38,1.39,2.11,27.0,3.38,12.5,19.0,15.0,1.88,6.94,10.55,31.02,41.67,-10.65,101.32,-23.0,-2.88,-10.65,51.17,6.4,0.32,0.38,0.36,0.18,0.77,0.15,0.68,0.34,0.7,0.54,4.63,1.39,0.12,6.94,0.28
2,新竹御嵿攻城獅,78|10862,朱雲豪/提傑,8,210,253.0,4071.0,67.85,67:51,508.88,8.48,08:29,82.0,10.25,32.41,43.51,114.0,14.25,45.06,60.49,90.0,11.25,35.57,47.75,29.0,3.62,11.46,15.39,50.0,6.25,19.76,26.53,21.0,2.62,8.3,11.14,40.0,5.0,15.81,21.22,8.0,1.0,3.16,4.24,26.0,3.25,10.28,13.8,16.0,2.0,6.32,8.49,17.0,2.12,6.72,9.02,48.0,6.0,18.97,25.47,18.0,2.25,7.11,9.55,38.0,4.75,15.02,20.16,20.0,2.5,7.91,10.61,19.0,2.38,7.51,10.08,13.0,1.62,5.14,6.9,5.0,0.62,1.98,2.65,25.0,3.12,9.88,13.26,24.0,3.0,9.49,12.73,32.41,45.06,-12.65,89.49,-32.0,-4.0,-12.65,67.85,8.48,0.37,0.4,0.42,0.2,0.62,0.16,0.66,0.31,0.73,0.54,5.14,1.98,0.1,9.49,0.29
2,新竹御嵿攻城獅,75|78,高國豪/朱雲豪,7,140,168.0,2910.6,48.51,48:31,415.8,6.93,06:56,52.0,7.43,30.95,38.59,73.0,10.43,43.45,54.17,61.0,8.71,36.31,45.27,18.0,2.57,10.71,13.36,37.0,5.29,22.02,27.46,13.0,1.86,7.74,9.65,24.0,3.43,14.29,17.81,5.0,0.71,2.98,3.71,18.0,2.57,10.71,13.36,11.0,1.57,6.55,8.16,12.0,1.71,7.14,8.91,35.0,5.0,20.83,25.97,10.0,1.43,5.95,7.42,24.0,3.43,14.29,17.81,11.0,1.57,6.55,8.16,14.0,2.0,8.33,10.39,8.0,1.14,4.76,5.94,3.0,0.43,1.79,2.23,17.0,2.43,10.12,12.62,11.0,1.57,6.55,8.16,30.95,43.45,-12.5,83.12,-21.0,-3.0,-12.5,48.51,6.93,0.34,0.38,0.35,0.21,0.61,0.14,0.78,0.33,0.78,0.58,4.76,1.79,0.1,6.55,0.3
2,新竹御嵿攻城獅,78|88,朱雲豪/盧冠軒,7,133,159.0,2334.07,38.9,38:54,333.44,5.56,05:33,56.0,8.0,35.22,51.82,69.0,9.86,43.4,63.85,59.0,8.43,37.11,54.6,19.0,2.71,11.95,17.58,35.0,5.0,22.01,32.39,14.0,2.0,8.81,12.96,24.0,3.43,15.09,22.21,5.0,0.71,3.14,4.63,19.0,2.71,11.95,17.58,13.0,1.86,8.18,12.03,14.0,2.0,8.81,12.96,27.0,3.86,16.98,24.99,10.0,1.43,6.29,9.25,21.0,3.0,13.21,19.43,13.0,1.86,8.18,12.03,11.0,1.57,6.92,10.18,8.0,1.14,5.03,7.4,2.0,0.29,1.26,1.85,18.0,2.57,11.32,16.66,15.0,2.14,9.43,13.88,35.22,43.4,-8.18,98.09,-13.0,-1.86,-8.18,38.9,5.56,0.36,0.42,0.4,0.21,0.68,0.16,0.58,0.4,0.73,0.57,5.03,1.26,0.11,9.43,0.32
2,新竹御嵿攻城獅,87|88,蔡宸綱/盧冠軒,14,471,565.0,8486.75,141.45,141:27,606.2,10.1,10:06,222.0,15.86,39.29,56.5,243.0,17.36,43.01,61.85,206.0,14.71,36.46,52.43,75.0,5.36,13.27,19.09,120.0,8.57,21.24,30.54,55.0,3.93,9.73,14.0,86.0,6.14,15.22,21.89,20.0,1.43,3.54,5.09,73.0,5.21,12.92,18.58,51.0,3.64,9.03,12.98,39.0,2.79,6.9,9.93,97.0,6.93,17.17,24.69,33.0,2.36,5.84,8.4,92.0,6.57,16.28,23.42,40.0,2.86,7.08,10.18,48.0,3.43,8.5,12.22,24.0,1.71,4.25,6.11,11.0,0.79,1.95,2.8,59.0,4.21,10.44,15.02,60.0,4.29,10.62,15.27,39.29,43.01,-3.72,95.87,-21.0,-1.5,-3.72,141.45,10.1,0.41,0.47,0.46,0.23,0.7,0.14,0.64,0.3,0.75,0.52,4.25,1.95,0.1,10.62,0.35
2,福爾摩沙夢想家,106|10890,高柏鎧/湯普金斯,6,397,469.0,6161.33,102.69,102:41,1026.89,17.11,17:07,209.0,34.83,44.56,73.27,180.0,30.0,38.38,63.1,155.0,25.83,33.05,54.34,78.0,13.0,16.63,27.34,95.0,15.83,20.26,33.3,58.0,9.67,12.37,20.33,60.0,10.0,12.79,21.03,20.0,3.33,4.26,7.01,47.0,7.83,10.02,16.48,38.0,6.33,8.1,13.32,18.0,3.0,3.84,6.31,62.0,10.33,13.22,21.74,32.0,5.33,6.82,11.22,97.0,16.17,20.68,34.01,44.0,7.33,9.38,15.43,42.0,7.0,8.96,14.72,25.0,4.17,5.33,8.76,7.0,1.17,1.49,2.45,42.0,7.0,8.96,14.72,42.0,7.0,8.96,14.72,44.56,38.38,6.18,109.61,29.0,4.83,6.18,102.69,17.11,0.57,0.59,0.61,0.33,0.81,0.2,0.54,0.16,0.66,0.38,5.33,1.49,0.09,8.96,0.3
2,福爾摩沙夢想家,77|99,馬建豪/盧冠良,11,489,594.0,7585.96,126.43,126:26,689.63,11.49,11:30,287.0,26.09,48.32,81.72,262.0,23.82,44.11,74.6,195.0,17.73,32.83,55.52,100.0,9.09,16.84,28.47,108.0,9.82,18.18,30.75,64.0,5.82,10.77,18.22,87.0,7.91,14.65,24.77,36.0,3.27,6.06,10.25,68.0,6.18,11.45,19.36,49.0,4.45,8.25,13.95,34.0,3.09,5.72,9.68,67.0,6.09,11.28,19.08,44.0,4.0,7.41,12.53,101.0,9.18,17.0,28.76,56.0,5.09,9.43,15.95,56.0,5.09,9.43,15.95,30.0,2.73,5.05,8.54,5.0,0.45,0.84,1.42,63.0,5.73,10.61,17.94,56.0,5.09,9.43,15.95,48.32,44.11,4.21,112.76,25.0,2.27,4.21,126.43,11.49,0.61,0.64,0.59,0.41,0.72,0.2,0.56,0.25,0.6,0.41,5.05,0.84,0.11,9.43,0.35
2,福爾摩沙夢想家,99|10890,盧冠良/湯普金斯,8,492,598.0,7828.43,130.47,130:28,978.55,16.31,16:19,280.0,35.0,46.82,77.26,254.0,31.75,42.47,70.08,202.0,25.25,33.78,55.74,103.0,12.88,17.22,28.42,106.0,13.25,17.73,29.25,64.0,8.0,10.7,17.66,96.0,12.0,16.05,26.49,39.0,4.88,6.52,10.76,55.0,6.88,9.2,15.18,37.0,4.62,6.19,10.21,24.0,3.0,4.01,6.62,83.0,10.38,13.88,22.9,49.0,6.12,8.19,13.52,105.0,13.12,17.56,28.97,52.0,6.5,8.7,14.35,54.0,6.75,9.03,14.9,32.0,4.0,5.35,8.83,6.0,0.75,1.0,1.66,52.0,6.5,8.7,14.35,57.0,7.12,9.53,15.73,46.82,42.47,4.35,110.0,26.0,3.25,4.35,130.47,16.31,0.61,0.62,0.6,0.41,0.67,0.19,0.52,0.19,0.63,0.41,5.35,1.0,0.09,9.53,0.27
2,福爾摩沙夢想家,77|83,馬建豪/吳家駿,5,85,106.0,1247.29,20.79,20:47,249.46,4.16,04:09,41.0,8.2,38.68,71.0,49.0,9.8,46.23,84.86,39.0,7.8,36.79,67.54,16.0,3.2,15.09,27.71,27.0,5.4,25.47,46.76,12.0,2.4,11.32,20.78,12.0,2.4,11.32,20.78,4.0,0.8,3.77,6.93,10.0,2.0,9.43,17.32,8.0,1.6,7.55,13.85,7.0,1.4,6.6,12.12,15.0,3.0,14.15,25.98,9.0,1.8,8.49,15.59,12.0,2.4,11.32,20.78,11.0,2.2,10.38,19.05,6.0,1.2,5.66,10.39,4.0,0.8,3.77,6.93,0.0,0.0,0.0,0.0,5.0,1.0,4.72,8.66,8.0,1.6,7.55,13.85,38.68,46.23,-7.55,122.38,-8.0,-1.6,-7.55,20.79,4.16,0.46,0.47,0.44,0.33,0.8,0.2,0.38,0.37,0.62,0.51,3.77,0.0,0.05,7.55,0.26
2,福爾摩沙夢想家,83|10890,吳家駿/湯普金斯,4,119,152.0,1877.15,31.29,31:17,469.29,7.82,07:49,67.0,16.75,44.08,77.1,72.0,18.0,47.37,82.85,63.0,15.75,41.45,72.49,29.0,7.25,19.08,33.37,42.0,10.5,27.63,48.33,22.0,5.5,14.47,25.31,21.0,5.25,13.82,24.16,7.0,1.75,4.61,8.05,6.0,1.5,3.95,6.9,4.0,1.0,2.63,4.6,14.0,3.5,9.21,16.11,21.0,5.25,13.82,24.16,11.0,2.75,7.24,12.66,27.0,6.75,17.76,31.07,7.0,1.75,4.61,8.05,13.0,3.25,8.55,14.96,4.0,1.0,2.63,4.6,2.0,0.5,1.32,2.3,9.0,2.25,5.92,10.36,16.0,4.0,10.53,18.41,44.08,47.37,-3.29,116.6,-5.0,-1.25,-3.29,31.29,7.82,0.52,0.51,0.52,0.33,0.67,0.1,0.45,0.34,0.66,0.48,2.63,1.32,0.06,10.53,0.1
2,新竹御嵿攻城獅,75|5948,高國豪/克雷格,5,214,246.0,3164.44,52.74,52:44,632.89,10.55,10:33,132.0,26.4,53.66,90.1,107.0,21.4,43.5,73.04,97.0,19.4,39.43,66.21,52.0,10.4,21.14,35.49,58.0,11.6,23.58,39.59,39.0,7.8,15.85,26.62,39.0,7.8,15.85,26.62,13.0,2.6,5.28,8.87,22.0,4.4,8.94,15.02,15.0,3.0,6.1,10.24,12.0,2.4,4.88,8.19,33.0,6.6,13.41,22.53,10.0,2.0,4.07,6.83,32.0,6.4,13.01,21.84,14.0,2.8,5.69,9.56,25.0,5.0,10.16,17.06,7.0,1.4,2.85,4.78,2.0,0.4,0.81,1.37,18.0,3.6,7.32,12.29,41.0,8.2,16.67,27.99,53.66,43.5,10.16,111.94,25.0,5.0,10.16,52.74,10.55,0.6,0.62,0.67,0.33,0.68,0.12,0.48,0.27,0.77,0.52,2.85,0.81,0.07,16.67,0.23
2,新竹御嵿攻城獅,87|5948,蔡宸綱/克雷格,5,238,280.0,3758.44,62.64,62:38,751.69,12.53,12:32,105.0,21.0,37.5,60.34,124.0,24.8,44.29,71.26,104.0,20.8,37.14,59.77,37.0,7.4,13.21,21.26,54.0,10.8,19.29,31.03,25.0,5.0,8.93,14.37,50.0,10.0,17.86,28.74,12.0,2.4,4.29,6.9,28.0,5.6,10.0,16.09,19.0,3.8,6.79,10.92,17.0,3.4,6.07,9.77,53.0,10.6,18.93,30.46,14.0,2.8,5.0,8.05,42.0,8.4,15.0,24.14,19.0,3.8,6.79,10.92,20.0,4.0,7.14,11.49,9.0,1.8,3.21,5.17,2.0,0.4,0.71,1.15,25.0,5.0,8.93,14.37,39.0,7.8,13.93,22.41,37.5,44.29,-6.79,107.28,-19.0,-3.8,-6.79,62.64,12.53,0.41,0.45,0.46,0.24,0.68,0.14,0.54,0.29,0.79,0.56,3.21,0.71,0.09,13.93,0.27
2,新竹御嵿攻城獅,90|5948,李啓瑋/克雷格,6,103,126.0,1487.95,24.8,24:48,247.99,4.13,04:08,60.0,10.0,47.62,87.1,58.0,9.67,46.03,84.2,50.0,8.33,39.68,72.58,24.0,4.0,19.05,34.84,32.0,5.33,25.4,46.45,19.0,3.17,15.08,27.58,18.0,3.0,14.29,26.13,5.0,0.83,3.97,7.26,8.0,1.33,6.35,11.61,7.0,1.17,5.56,10.16,9.0,1.5,7.14,13.06,16.0,2.67,12.7,23.23,7.0,1.17,5.56,10.16,13.0,2.17,10.32,18.87,8.0,1.33,6.35,11.61,7.0,1.17,5.56,10.16,4.0,0.67,3.17,5.81,2.0,0.33,1.59,2.9,10.0,1.67,7.94,14.52,19.0,3.17,15.08,27.58,47.62,46.03,1.59,121.94,2.0,0.33,1.59,24.8,4.13,0.53,0.56,0.59,0.28,0.88,0.13,0.29,0.41,0.7,0.56,3.17,1.59,0.08,15.08,0.16
2,新竹御嵿攻城獅,5948|10862,克雷格/提傑,5,213,252.0,3322.22,55.37,55:22,664.44,11.07,11:04,100.0,20.0,39.68,65.02,99.0,19.8,39.29,64.37,97.0,19.4,38.49,63.07,37.0,7.4,14.68,24.06,57.0,11.4,22.62,37.06,27.0,5.4,10.71,17.55,40.0,8.0,15.87,26.01,10.0,2.0,3.97,6.5,23.0,4.6,9.13,14.95,17.0,3.4,6.75,11.05,17.0,3.4,6.75,11.05,45.0,9.0,17.86,29.26,13.0,2.6,5.16,8.45,37.0,7.4,14.68,24.06,20.0,4.0,7.94,13.0,20.0,4.0,7.94,13.0,11.0,2.2,4.37,7.15,3.0,0.6,1.19,1.95,21.0,4.2,8.33,13.65,32.0,6.4,12.7,20.81,39.68,39.29,0.4,109.23,1.0,0.2,0.4,55.37,11.07,0.43,0.47,0.47,0.25,0.74,0.16,0.54,0.31,0.78,0.55,4.37,1.19,0.08,12.7,0.24
2,新北國王,28|34,呂政儒/沃許本,7,347,406.0,5589.94,93.17,93:10,798.56,13.31,13:19,174.0,24.86,42.86,67.24,181.0,25.86,44.58,69.94,158.0,22.57,38.92,61.05,66.0,9.43,16.26,25.5,98.0,14.0,24.14,37.87,43.0,6.14,10.59,16.62,60.0,8.57,14.78,23.18,23.0,3.29,5.67,8.89,26.0,3.71,6.4,10.05,22.0,3.14,5.42,8.5,19.0,2.71,4.68,7.34,72.0,10.29,17.73,27.82,27.0,3.86,6.65,10.43,70.0,10.0,17.24,27.05,27.0,3.86,6.65,10.43,41.0,5.86,10.1,15.84,21.0,3.0,5.17,8.11,6.0,0.86,1.48,2.32,31.0,4.43,7.64,11.98,36.0,5.14,8.87,13.91,42.86,44.58,-1.72,104.59,-7.0,-1.0,-1.72,93.17,13.31,0.49,0.51,0.44,0.38,0.85,0.14,0.62,0.21,0.73,0.48,5.17,1.48,0.08,8.87,0.16
2,新北國王,21|28,李愷諺/呂政儒,9,281,326.0,4349.15,72.49,72:29,483.24,8.05,08:03,129.0,14.33,39.57,64.07,143.0,15.89,43.87,71.02,121.0,13.44,37.12,60.09,48.0,5.33,14.72,23.84,75.0,8.33,23.01,37.25,32.0,3.56,9.82,15.89,46.0,5.11,14.11,22.85,16.0,1.78,4.91,7.95,26.0,2.89,7.98,12.91,20.0,2.22,6.13,9.93,12.0,1.33,3.68,5.96,61.0,6.78,18.71,30.3,23.0,2.56,7.06,11.42,62.0,6.89,19.02,30.79,19.0,2.11,5.83,9.44,32.0,3.56,9.82,15.89,13.0,1.44,3.99,6.46,6.0,0.67,1.84,2.98,26.0,2.89,7.98,12.91,32.0,3.56,9.82,15.89,39.57,43.87,-4.29,107.94,-14.0,-1.56,-4.29,72.49,8.05,0.46,0.49,0.43,0.35,0.77,0.13,0.67,0.16,0.73,0.46,3.99,1.84,0.08,9.82,0.21
2,新竹御嵿攻城獅,5948|10887,克雷格/德魯,6,330,391.0,5790.56,96.51,96:31,965.09,16.08,16:05,172.0,28.67,43.99,64.16,188.0,31.33,48.08,70.13,135.0,22.5,34.53,50.36,62.0,10.33,15.86,23.13,80.0,13.33,20.46,29.84,47.0,7.83,12.02,17.53,55.0,9.17,14.07,20.52,15.0,2.5,3.84,5.6,47.0,7.83,12.02,17.53,33.0,5.5,8.44,12.31,18.0,3.0,4.6,6.71,57.0,9.5,14.58,21.26,25.0,4.17,6.39,9.33,48.0,8.0,12.28,17.9,26.0,4.33,6.65,9.7,32.0,5.33,8.18,11.94,13.0,2.17,3.32,4.85,3.0,0.5,0.77,1.12,42.0,7.0,10.74,15.67,59.0,9.83,15.09,22.01,43.99,48.08,-4.09,97.23,-16.0,-2.67,-4.09,96.51,16.08,0.51,0.55,0.59,0.27,0.7,0.14,0.52,0.27,0.7,0.51,3.32,0.77,0.11,15.09,0.35
2,新竹御嵿攻城獅,5948|10885,克雷格/劉丞勳,6,366,442.0,6546.14,109.1,109:06,1091.02,18.18,18:11,173.0,28.83,39.14,57.08,193.0,32.17,43.67,63.68,154.0,25.67,34.84,50.81,61.0,10.17,13.8,20.13,87.0,14.5,19.68,28.71,45.0,7.5,10.18,14.85,67.0,11.17,15.16,22.11,16.0,2.67,3.62,5.28,49.0,8.17,11.09,16.17,36.0,6.0,8.14,11.88,26.0,4.33,5.88,8.58,69.0,11.5,15.61,22.77,31.0,5.17,7.01,10.23,61.0,10.17,13.8,20.13,34.0,5.67,7.69,11.22,34.0,5.67,7.69,11.22,17.0,2.83,3.85,5.61,4.0,0.67,0.9,1.32,47.0,7.83,10.63,15.51,57.0,9.5,12.9,18.81,39.14,43.67,-4.52,97.23,-20.0,-3.33,-4.52,109.1,18.18,0.45,0.49,0.52,0.24,0.73,0.16,0.56,0.3,0.69,0.51,3.85,0.9,0.11,12.9,0.32
2,新北國王,24|25,蘇士軒/林金榜,4,31,42.0,474.78,7.91,07:55,118.7,1.98,01:59,6.0,1.5,14.29,27.3,16.0,4.0,38.1,72.79,10.0,2.5,23.81,45.49,1.0,0.25,2.38,4.55,5.0,1.25,11.9,22.75,0.0,0.0,0.0,0.0,5.0,1.25,11.9,22.75,1.0,0.25,2.38,4.55,4.0,1.0,9.52,18.2,3.0,0.75,7.14,13.65,4.0,1.0,9.52,18.2,6.0,1.5,14.29,27.3,4.0,1.0,9.52,18.2,7.0,1.75,16.67,31.85,6.0,1.5,14.29,27.3,1.0,0.25,2.38,4.55,3.0,0.75,7.14,13.65,0.0,0.0,0.0,0.0,4.0,1.0,9.52,18.2,2.0,0.5,4.76,9.1,14.29,38.1,-23.81,127.38,-10.0,-2.5,-23.81,7.91,1.98,0.15,0.26,0.0,0.2,0.75,0.34,1.0,0.36,0.6,0.48,7.14,0.0,0.1,4.76,0.4
2,新竹御嵿攻城獅,82|5948,蕭順議/克雷格,5,248,300.0,4617.47,76.96,76:57,923.49,15.39,15:23,128.0,25.6,42.67,59.88,124.0,24.8,41.33,58.01,105.0,21.0,35.0,49.12,46.0,9.2,15.33,21.52,62.0,12.4,20.67,29.0,35.0,7.0,11.67,16.37,43.0,8.6,14.33,20.11,11.0,2.2,3.67,5.15,35.0,7.0,11.67,16.37,25.0,5.0,8.33,11.69,15.0,3.0,5.0,7.02,45.0,9.0,15.0,21.05,21.0,4.2,7.0,9.82,39.0,7.8,13.0,18.24,20.0,4.0,6.67,9.36,28.0,5.6,9.33,13.1,7.0,1.4,2.33,3.27,2.0,0.4,0.67,0.94,33.0,6.6,11.0,15.44,32.0,6.4,10.67,14.97,42.67,41.33,1.33,93.56,4.0,0.8,1.33,76.96,15.39,0.49,0.53,0.56,0.26,0.71,0.14,0.61,0.28,0.68,0.5,2.33,0.67,0.11,10.67,0.33
2,新竹御嵿攻城獅,76|5948,曾柏喻/克雷格,6,178,214.0,2655.84,44.26,44:16,442.64,7.38,07:23,91.0,15.17,42.52,74.01,87.0,14.5,40.65,70.76,82.0,13.67,38.32,66.69,34.0,5.67,15.89,27.65,54.0,9.0,25.23,43.92,25.0,4.17,11.68,20.33,28.0,4.67,13.08,22.77,9.0,1.5,4.21,7.32,25.0,4.17,11.68,20.33,15.0,2.5,7.01,12.2,16.0,2.67,7.48,13.01,38.0,6.33,17.76,30.91,13.0,2.17,6.07,10.57,30.0,5.0,14.02,24.4,13.0,2.17,6.07,10.57,17.0,2.83,7.94,13.83,7.0,1.17,3.27,5.69,3.0,0.5,1.4,2.44,21.0,3.5,9.81,17.08,38.0,6.33,17.76,30.91,42.52,40.65,1.87,116.03,4.0,0.67,1.87,44.26,7.38,0.47,0.49,0.46,0.32,0.6,0.12,0.5,0.35,0.75,0.56,3.27,1.4,0.1,17.76,0.3
2,新竹御嵿攻城獅,75|84,高國豪/李家瑞,3,15,15.0,231.06,3.85,03:51,77.02,1.28,01:17,5.0,1.67,33.33,46.74,9.0,3.0,60.0,84.13,5.0,1.67,33.33,46.74,2.0,0.67,13.33,18.7,2.0,0.67,13.33,18.7,1.0,0.33,6.67,9.35,3.0,1.0,20.0,28.04,1.0,0.33,6.67,9.35,0.0,0.0,0.0,0.0,0.0,0.0,0.0,0.0,0.0,0.0,0.0,0.0,3.0,1.0,20.0,28.04,0.0,0.0,0.0,0.0,3.0,1.0,20.0,28.04,2.0,0.67,13.33,18.7,1.0,0.33,6.67,9.35,2.0,0.67,13.33,18.7,0.0,0.0,0.0,0.0,0.0,0.0,0.0,0.0,4.0,1.33,26.67,37.39,33.33,60.0,-26.67,93.48,-4.0,-1.33,-26.67,3.85,1.28,0.5,0.5,0.5,0.33,,0.29,0.5,0.0,1.0,0.5,13.33,0.0,0.0,26.67,0.0
2,新竹御嵿攻城獅,84|5948,李家瑞/克雷格,1,9,9.0,147.0,2.45,02:27,147.0,2.45,02:27,5.0,5.0,55.56,73.47,7.0,7.0,77.78,102.86,2.0,2.0,22.22,29.39,2.0,2.0,22.22,29.39,1.0,1.0,11.11,14.69,1.0,1.0,11.11,14.69,1.0,1.0,11.11,14.69,1.0,1.0,11.11,14.69,0.0,0.0,0.0,0.0,0.0,0.0,0.0,0.0,0.0,0.0,0.0,0.0,0.0,0.0,0.0,0.0,0.0,0.0,0.0,0.0,2.0,2.0,22.22,29.39,2.0,2.0,22.22,29.39,1.0,1.0,11.11,14.69,2.0,2.0,22.22,29.39,0.0,0.0,0.0,0.0,0.0,0.0,0.0,0.0,0.0,0.0,0.0,0.0,55.56,77.78,-22.22,88.16,-2.0,-2.0,-22.22,2.45,2.45,1.25,1.25,1.0,1.0,,0.5,0.5,0.0,,0.0,22.22,0.0,0.0,0.0,0.0
2,新竹御嵿攻城獅,84|10862,李家瑞/提傑,3,17,17.0,283.06,4.72,04:43,94.35,1.57,01:34,5.0,1.67,29.41,38.15,9.0,3.0,52.94,68.68,6.0,2.0,35.29,45.79,2.0,0.67,11.76,15.26,2.0,0.67,11.76,15.26,1.0,0.33,5.88,7.63,4.0,1.33,23.53,30.52,1.0,0.33,5.88,7.63,0.0,0.0,0.0,0.0,0.0,0.0,0.0,0.0,0.0,0.0,0.0,0.0,4.0,1.33,23.53,30.52,0.0,0.0,0.0,0.0,3.0,1.0,17.65,22.89,2.0,0.67,11.76,15.26,1.0,0.33,5.88,7.63,2.0,0.67,11.76,15.26,0.0,0.0,0.0,0.0,0.0,0.0,0.0,0.0,4.0,1.33,23.53,30.52,29.41,52.94,-23.53,86.48,-4.0,-1.33,-23.53,4.72,1.57,0.42,0.42,0.5,0.25,,0.25,0.5,0.0,1.0,0.57,11.76,0.0,0.0,23.53,0.0
2,新竹御嵿攻城獅,84|10885,李家瑞/劉丞勳,1,9,9.0,147.0,2.45,02:27,147.0,2.45,02:27,5.0,5.0,55.56,73.47,7.0,7.0,77.78,102.86,2.0,2.0,22.22,29.39,2.0,2.0,22.22,29.39,1.0,1.0,11.11,14.69,1.0,1.0,11.11,14.69,1.0,1.0,11.11,14.69,1.0,1.0,11.11,14.69,0.0,0.0,0.0,0.0,0.0,0.0,0.0,0.0,0.0,0.0,0.0,0.0,0.0,0.0,0.0,0.0,0.0,0.0,0.0,0.0,2.0,2.0,22.22,29.39,2.0,2.0,22.22,29.39,1.0,1.0,11.11,14.69,2.0,2.0,22.22,29.39,0.0,0.0,0.0,0.0,0.0,0.0,0.0,0.0,0.0,0.0,0.0,0.0,55.56,77.78,-22.22,88.16,-2.0,-2.0,-22.22,2.45,2.45,1.25,1.25,1.0,1.0,,0.5,0.5,0.0,,0.0,22.22,0.0,0.0,0.0,0.0
2,新竹御嵿攻城獅,71|5948,李漢昇/克雷格,3,92,109.0,1584.96,26.42,26:25,528.32,8.81,08:48,44.0,14.67,40.37,59.96,53.0,17.67,48.62,72.23,39.0,13.0,35.78,53.15,16.0,5.33,14.68,21.8,24.0,8.0,22.02,32.71,11.0,3.67,10.09,14.99,15.0,5.0,13.76,20.44,5.0,1.67,4.59,6.81,9.0,3.0,8.26,12.27,7.0,2.33,6.42,9.54,5.0,1.67,4.59,6.81,18.0,6.0,16.51,24.53,7.0,2.33,6.42,9.54,17.0,5.67,15.6,23.17,9.0,3.0,8.26,12.27,9.0,3.0,8.26,12.27,3.0,1.0,2.75,4.09,1.0,0.33,0.92,1.36,9.0,3.0,8.26,12.27,11.0,3.67,10.09,14.99,40.37,48.62,-8.26,99.03,-9.0,-3.0,-8.26,26.42,8.81,0.47,0.51,0.46,0.33,0.78,0.17,0.56,0.23,0.72,0.49,2.75,0.92,0.08,10.09,0.23
2,新北國王,28|10874,呂政儒/熊祥泰,7,39,49.0,595.92,9.93,09:56,85.13,1.42,01:25,34.0,4.86,69.39,123.24,25.0,3.57,51.02,90.62,25.0,3.57,51.02,90.62,13.0,1.86,26.53,47.12,13.0,1.86,26.53,47.12,7.0,1.0,14.29,25.37,12.0,1.71,24.49,43.5,6.0,0.86,12.24,21.75,2.0,0.29,4.08,7.25,2.0,0.29,4.08,7.25,7.0,1.0,14.29,25.37,5.0,0.71,10.2,18.12,2.0,0.29,4.08,7.25,6.0,0.86,12.24,21.75,2.0,0.29,4.08,7.25,9.0,1.29,18.37,32.62,1.0,0.14,2.04,3.62,1.0,0.14,2.04,3.62,2.0,0.29,4.08,7.25,10.0,1.43,20.41,36.25,69.39,51.02,18.37,118.41,9.0,1.29,18.37,9.93,1.42,0.64,0.66,0.54,0.5,1.0,0.07,0.69,0.54,0.71,0.6,2.04,2.04,0.04,20.41,0.08
2,新北國王,25|28,林金榜/呂政儒,4,47,53.0,683.34,11.39,11:23,170.84,2.85,02:51,13.0,3.25,24.53,41.09,24.0,6.0,45.28,75.86,13.0,3.25,24.53,41.09,4.0,1.0,7.55,12.64,8.0,2.0,15.09,25.29,3.0,0.75,5.66,9.48,5.0,1.25,9.43,15.8,1.0,0.25,1.89,3.16,7.0,1.75,13.21,22.13,4.0,1.0,7.55,12.64,1.0,0.25,1.89,3.16,10.0,2.5,18.87,31.61,3.0,0.75,5.66,9.48,9.0,2.25,16.98,28.45,9.0,2.25,16.98,28.45,3.0,0.75,5.66,9.48,6.0,1.5,11.32,18.97,0.0,0.0,0.0,0.0,5.0,1.25,9.43,15.8,2.0,0.5,3.77,6.32,24.53,45.28,-20.75,111.69,-11.0,-2.75,-20.75,11.39,2.85,0.35,0.4,0.38,0.2,0.57,0.36,0.75,0.1,0.77,0.48,11.32,0.0,0.09,3.77,0.54
2,新竹御嵿攻城獅,82|10886,蕭順議/梁瀚,1,5,5.0,68.62,1.14,01:09,68.62,1.14,01:09,2.0,2.0,40.0,62.96,5.0,5.0,100.0,157.4,0.0,0.0,0.0,0.0,0.0,0.0,0.0,0.0,0.0,0.0,0.0,0.0,0.0,0.0,0.0,0.0,0.0,0.0,0.0,0.0,0.0,0.0,0.0,0.0,2.0,2.0,40.0,62.96,2.0,2.0,40.0,62.96,0.0,0.0,0.0,0.0,0.0,0.0,0.0,0.0,0.0,0.0,0.0,0.0,0.0,0.0,0.0,0.0,1.0,1.0,20.0,31.48,0.0,0.0,0.0,0.0,1.0,1.0,20.0,31.48,0.0,0.0,0.0,0.0,2.0,2.0,40.0,62.96,4.0,4.0,80.0,125.92,40.0,100.0,-60.0,104.93,-3.0,-3.0,-60.0,1.14,1.14,,1.14,,,1.0,0.53,,,,,20.0,0.0,0.4,80.0,
2,新竹御嵿攻城獅,10862|10886,提傑/梁瀚,2,9,9.0,125.68,2.09,02:06,62.84,1.05,01:03,2.0,1.0,22.22,34.37,5.0,2.5,55.56,85.93,2.0,1.0,22.22,34.37,0.0,0.0,0.0,0.0,1.0,0.5,11.11,17.19,0.0,0.0,0.0,0.0,1.0,0.5,11.11,17.19,0.0,0.0,0.0,0.0,2.0,1.0,22.22,34.37,2.0,1.0,22.22,34.37,0.0,0.0,0.0,0.0,2.0,1.0,22.22,34.37,0.0,0.0,0.0,0.0,1.0,0.5,11.11,17.19,1.0,0.5,11.11,17.19,0.0,0.0,0.0,0.0,1.0,0.5,11.11,17.19,0.0,0.0,0.0,0.0,2.0,1.0,22.22,34.37,8.0,4.0,88.89,137.5,22.22,55.56,-33.33,103.12,-3.0,-1.5,-33.33,2.09,1.05,0.0,0.35,0.0,0.0,1.0,0.26,,0.0,1.0,0.67,11.11,0.0,0.22,88.89,1.0
2,新竹御嵿攻城獅,10885|10886,劉丞勳/梁瀚,1,5,5.0,68.62,1.14,01:09,68.62,1.14,01:09,2.0,2.0,40.0,62.96,5.0,5.0,100.0,157.4,0.0,0.0,0.0,0.0,0.0,0.0,0.0,0.0,0.0,0.0,0.0,0.0,0.0,0.0,0.0,0.0,0.0,0.0,0.0,0.0,0.0,0.0,0.0,0.0,2.0,2.0,40.0,62.96,2.0,2.0,40.0,62.96,0.0,0.0,0.0,0.0,0.0,0.0,0.0,0.0,0.0,0.0,0.0,0.0,0.0,0.0,0.0,0.0,1.0,1.0,20.0,31.48,0.0,0.0,0.0,0.0,1.0,1.0,20.0,31.48,0.0,0.0,0.0,0.0,2.0,2.0,40.0,62.96,4.0,4.0,80.0,125.92,40.0,100.0,-60.0,104.93,-3.0,-3.0,-60.0,1.14,1.14,,1.14,,,1.0,0.53,,,,,20.0,0.0,0.4,80.0,
2,新竹御嵿攻城獅,10886|10887,梁瀚/德魯,2,3,3.0,75.62,1.26,01:16,37.81,0.63,00:38,3.0,1.5,100.0,85.7,5.0,2.5,166.67,142.83,1.0,0.5,33.33,28.57,1.0,0.5,33.33,28.57,0.0,0.0,0.0,0.0,0.0,0.0,0.0,0.0,1.0,0.5,33.33,28.57,1.0,0.5,33.33,28.57,0.0,0.0,0.0,0.0,0.0,0.0,0.0,0.0,0.0,0.0,0.0,0.0,0.0,0.0,0.0,0.0,0.0,0.0,0.0,0.0,1.0,0.5,33.33,28.57,0.0,0.0,0.0,0.0,1.0,0.5,33.33,28.57,0.0,0.0,0.0,0.0,0.0,0.0,0.0,0.0,1.0,0.5,33.33,28.57,2.0,1.0,66.67,57.13,100.0,166.67,-66.67,57.13,-2.0,-1.0,-66.67,1.26,0.63,1.5,1.5,,1.0,,0.0,1.0,0.0,,0.0,0.0,0.0,0.33,66.67,0.0
2,新竹御嵿攻城獅,80|82,田浩/蕭順議,3,37,44.0,625.86,10.43,10:26,208.62,3.48,03:29,12.0,4.0,27.27,41.41,25.0,8.33,56.82,86.28,18.0,6.0,40.91,62.12,4.0,1.33,9.09,13.8,13.0,4.33,29.55,44.87,4.0,1.33,9.09,13.8,5.0,1.67,11.36,17.26,0.0,0.0,0.0,0.0,4.0,1.33,9.09,13.8,4.0,1.33,9.09,13.8,5.0,1.67,11.36,17.26,9.0,3.0,20.45,31.06,2.0,0.67,4.55,6.9,3.0,1.0,6.82,10.35,5.0,1.67,11.36,17.26,2.0,0.67,4.55,6.9,3.0,1.0,6.82,10.35,3.0,1.0,6.82,10.35,5.0,1.67,11.36,17.26,8.0,2.67,18.18,27.61,27.27,56.82,-29.55,101.24,-13.0,-4.33,-29.55,10.43,3.48,0.22,0.3,0.31,0.0,1.0,0.2,0.5,0.62,0.82,0.74,6.82,6.82,0.11,18.18,0.22
2,新竹御嵿攻城獅,80|10862,田浩/提傑,6,90,103.0,1503.71,25.06,25:04,250.62,4.18,04:11,39.0,6.5,37.86,56.02,51.0,8.5,49.51,73.26,40.0,6.67,38.83,57.46,13.0,2.17,12.62,18.67,23.0,3.83,22.33,33.04,10.0,1.67,9.71,14.36,17.0,2.83,16.5,24.42,3.0,0.5,2.91,4.31,10.0,1.67,9.71,14.36,10.0,1.67,9.71,14.36,9.0,1.5,8.74,12.93,18.0,3.0,17.48,25.86,4.0,0.67,3.88,5.75,13.0,2.17,12.62,18.67,10.0,1.67,9.71,14.36,8.0,1.33,7.77,11.49,6.0,1.0,5.83,8.62,3.0,0.5,2.91,4.31,11.0,1.83,10.68,15.8,16.0,2.67,15.53,22.98,37.86,49.51,-11.65,98.64,-12.0,-2.0,-11.65,25.06,4.18,0.36,0.44,0.43,0.18,1.0,0.18,0.62,0.41,0.82,0.61,5.83,2.91,0.11,15.53,0.25
2,新竹御嵿攻城獅,80|10885,田浩/劉丞勳,4,68,79.0,1059.64,17.66,17:40,264.91,4.42,04:25,35.0,8.75,44.3,71.34,42.0,10.5,53.16,85.61,33.0,8.25,41.77,67.27,11.0,2.75,13.92,22.42,21.0,5.25,26.58,42.81,9.0,2.25,11.39,18.35,12.0,3.0,15.19,24.46,2.0,0.5,2.53,4.08,12.0,3.0,15.19,24.46,11.0,2.75,13.92,22.42,8.0,2.0,10.13,16.31,14.0,3.5,17.72,28.54,2.0,0.5,2.53,4.08,8.0,2.0,10.13,16.31,4.0,1.0,5.06,8.15,7.0,1.75,8.86,14.27,3.0,0.75,3.8,6.12,2.0,0.5,2.53,4.08,9.0,2.25,11.39,18.35,13.0,3.25,16.46,26.5,44.3,53.16,-8.86,107.36,-7.0,-1.75,-8.86,17.66,4.42,0.36,0.46,0.43,0.17,0.92,0.09,0.64,0.5,0.88,0.69,3.8,2.53,0.11,16.46,0.36
2,新竹御嵿攻城獅,80|10886,田浩/梁瀚,3,10,10.0,168.06,2.8,02:48,56.02,0.93,00:56,5.0,1.67,50.0,64.26,6.0,2.0,60.0,77.12,3.0,1.0,30.0,38.56,1.0,0.33,10.0,12.85,1.0,0.33,10.0,12.85,0.0,0.0,0.0,0.0,2.0,0.67,20.0,25.71,1.0,0.33,10.0,12.85,2.0,0.67,20.0,25.71,2.0,0.67,20.0,25.71,0.0,0.0,0.0,0.0,2.0,0.67,20.0,25.71,0.0,0.0,0.0,0.0,2.0,0.67,20.0,25.71,1.0,0.33,10.0,12.85,1.0,0.33,10.0,12.85,1.0,0.33,10.0,12.85,0.0,0.0,0.0,0.0,1.0,0.33,10.0,12.85,6.0,2.0,60.0,77.12,50.0,60.0,-10.0,85.68,-1.0,-0.33,-10.0,2.8,0.93,0.5,0.64,0.0,0.5,1.0,0.2,1.0,0.0,1.0,0.5,10.0,0.0,0.1,60.0,0.67
2,臺北台新戰神,4|10867,張兆辰/威力斯,5,236,283.0,4111.53,68.53,68:32,822.31,13.71,13:42,138.0,27.6,48.76,72.5,136.0,27.2,48.06,71.45,111.0,22.2,39.22,58.31,53.0,10.6,18.73,27.84,71.0,14.2,25.09,37.3,38.0,7.6,13.43,19.96,40.0,8.0,14.13,21.01,15.0,3.0,5.3,7.88,25.0,5.0,8.83,13.13,14.0,2.8,4.95,7.35,23.0,4.6,8.13,12.08,41.0,8.2,14.49,21.54,16.0,3.2,5.65,8.41,41.0,8.2,14.49,21.54,17.0,3.4,6.01,8.93,21.0,4.2,7.42,11.03,10.0,2.0,3.53,5.25,3.0,0.6,1.06,1.58,26.0,5.2,9.19,13.66,26.0,5.2,9.19,13.66,48.76,48.06,0.71,99.12,2.0,0.4,0.71,68.53,13.71,0.55,0.57,0.54,0.38,0.56,0.12,0.4,0.36,0.72,0.53,3.53,1.06,0.09,9.19,0.23
2,臺北台新戰神,10|10867,雷蒙恩/威力斯,9,781,929.0,12388.99,206.48,206:29,1376.55,22.94,22:57,420.0,46.67,45.21,73.23,423.0,47.0,45.53,73.75,340.0,37.78,36.6,59.28,150.0,16.67,16.15,26.15,225.0,25.0,24.22,39.23,110.0,12.22,11.84,19.18,115.0,12.78,12.38,20.05,40.0,4.44,4.31,6.97,113.0,12.56,12.16,19.7,80.0,8.89,8.61,13.95,71.0,7.89,7.64,12.38,129.0,14.33,13.89,22.49,51.0,5.67,5.49,8.89,133.0,14.78,14.32,23.19,72.0,8.0,7.75,12.55,82.0,9.11,8.83,14.3,43.0,4.78,4.63,7.5,17.0,1.89,1.83,2.96,94.0,10.44,10.12,16.39,104.0,11.56,11.19,18.13,45.21,45.53,-0.32,107.98,-3.0,-0.33,-0.32,206.48,22.94,0.5,0.54,0.49,0.35,0.71,0.16,0.55,0.35,0.72,0.52,4.63,1.83,0.1,11.19,0.33
2,臺北台新戰神,14|10867,錢肯尼/威力斯,10,896,1078.0,15183.83,253.06,253:04,1518.38,25.31,25:18,474.0,47.4,43.97,67.43,477.0,47.7,44.25,67.86,378.0,37.8,35.06,53.77,167.0,16.7,15.49,23.76,253.0,25.3,23.47,35.99,118.0,11.8,10.95,16.79,125.0,12.5,11.6,17.78,49.0,4.9,4.55,6.97,126.0,12.6,11.69,17.92,87.0,8.7,8.07,12.38,77.0,7.7,7.14,10.95,149.0,14.9,13.82,21.2,60.0,6.0,5.57,8.54,160.0,16.0,14.84,22.76,97.0,9.7,9.0,13.8,90.0,9.0,8.35,12.8,61.0,6.1,5.66,8.68,18.0,1.8,1.67,2.56,111.0,11.1,10.3,15.79,110.0,11.0,10.2,15.65,43.97,44.25,-0.28,102.24,-3.0,-0.3,-0.28,253.06,25.31,0.51,0.55,0.47,0.39,0.69,0.18,0.54,0.32,0.71,0.51,5.66,1.67,0.1,10.2,0.33
2,臺北台新戰神,10867|10870,威力斯/洛夫頓,5,344,414.0,6492.27,108.2,108:12,1298.45,21.64,21:38,197.0,39.4,47.58,65.54,213.0,42.6,51.45,70.87,158.0,31.6,38.16,52.57,76.0,15.2,18.36,25.29,99.0,19.8,23.91,32.94,56.0,11.2,13.53,18.63,59.0,11.8,14.25,19.63,20.0,4.0,4.83,6.65,36.0,7.2,8.7,11.98,22.0,4.4,5.31,7.32,33.0,6.6,7.97,10.98,57.0,11.4,13.77,18.96,18.0,3.6,4.35,5.99,52.0,10.4,12.56,17.3,32.0,6.4,7.73,10.65,27.0,5.4,6.52,8.98,21.0,4.2,5.07,6.99,7.0,1.4,1.69,2.33,34.0,6.8,8.21,11.31,42.0,8.4,10.14,13.97,47.58,51.45,-3.86,91.83,-16.0,-3.2,-3.86,108.2,21.64,0.54,0.57,0.57,0.34,0.61,0.16,0.36,0.39,0.76,0.56,5.07,1.69,0.08,10.14,0.23
2,臺北台新戰神,2|14,江均/錢肯尼,3,47,60.0,606.4,10.11,10:06,202.13,3.37,03:22,21.0,7.0,35.0,74.8,29.0,9.67,48.33,103.3,16.0,5.33,26.67,56.99,7.0,2.33,11.67,24.93,10.0,3.33,16.67,35.62,4.0,1.33,6.67,14.25,6.0,2.0,10.0,21.37,3.0,1.0,5.0,10.69,9.0,3.0,15.0,32.06,4.0,1.33,6.67,14.25,3.0,1.0,5.0,10.69,8.0,2.67,13.33,28.5,4.0,1.33,6.67,14.25,4.0,1.33,6.67,14.25,8.0,2.67,13.33,28.5,3.0,1.0,5.0,10.69,6.0,2.0,10.0,21.37,2.0,0.67,3.33,7.12,6.0,2.0,10.0,21.37,12.0,4.0,20.0,42.74,35.0,48.33,-13.33,142.48,-8.0,-2.67,-13.33,10.11,3.37,0.53,0.53,0.4,0.5,0.44,0.29,0.43,0.43,0.67,0.58,10.0,3.33,0.1,20.0,0.56
2,臺北台新戰神,2|10867,江均/威力斯,4,70,87.0,1368.6,22.81,22:49,342.15,5.7,05:42,39.0,9.75,44.83,61.55,42.0,10.5,48.28,66.29,27.0,6.75,31.03,42.61,14.0,3.5,16.09,22.1,16.0,4.0,18.39,25.25,8.0,2.0,9.2,12.63,11.0,2.75,12.64,17.36,6.0,1.5,6.9,9.47,11.0,2.75,12.64,17.36,5.0,1.25,5.75,7.89,5.0,1.25,5.75,7.89,11.0,2.75,12.64,17.36,4.0,1.0,4.6,6.31,10.0,2.5,11.49,15.78,11.0,2.75,12.64,17.36,6.0,1.5,6.9,9.47,8.0,2.0,9.2,12.63,3.0,0.75,3.45,4.73,8.0,2.0,9.2,12.63,11.0,2.75,12.64,17.36,44.83,48.28,-3.45,91.54,-3.0,-0.75,-3.45,22.81,5.7,0.63,0.61,0.5,0.55,0.45,0.26,0.43,0.33,0.73,0.53,9.2,3.45,0.09,12.64,0.41
2,桃園台啤永豐雲豹,68|10861,克羅馬/迪亞洛,7,479,583.0,7689.6,128.16,128:10,1098.51,18.31,18:19,294.0,42.0,50.43,82.58,249.0,35.57,42.71,69.94,217.0,31.0,37.22,60.96,107.0,15.29,18.35,30.06,143.0,20.43,24.53,40.17,81.0,11.57,13.89,22.75,74.0,10.57,12.69,20.79,26.0,3.71,4.46,7.3,75.0,10.71,12.86,21.07,54.0,7.71,9.26,15.17,42.0,6.0,7.2,11.8,78.0,11.14,13.38,21.91,37.0,5.29,6.35,10.39,87.0,12.43,14.92,24.44,38.0,5.43,6.52,10.67,66.0,9.43,11.32,18.54,20.0,2.86,3.43,5.62,9.0,1.29,1.54,2.53,65.0,9.29,11.15,18.26,46.0,6.57,7.89,12.92,50.43,42.71,7.72,109.18,45.0,6.43,7.72,128.16,18.31,0.55,0.59,0.57,0.35,0.72,0.13,0.62,0.33,0.68,0.49,3.43,1.54,0.11,7.89,0.35
2,桃園台啤永豐雲豹,54|10884,高錦瑋/徐宏瑋,3,39,54.0,667.62,11.13,11:08,222.54,3.71,03:43,17.0,5.67,31.48,55.0,16.0,5.33,29.63,51.77,23.0,7.67,42.59,74.41,6.0,2.0,11.11,19.41,12.0,4.0,22.22,38.82,4.0,1.33,7.41,12.94,11.0,3.67,20.37,35.59,2.0,0.67,3.7,6.47,5.0,1.67,9.26,16.18,2.0,0.67,3.7,6.47,9.0,3.0,16.67,29.12,10.0,3.33,18.52,32.35,4.0,1.33,7.41,12.94,8.0,2.67,14.81,25.88,2.0,0.67,3.7,6.47,6.0,2.0,11.11,19.41,2.0,0.67,3.7,6.47,2.0,0.67,3.7,6.47,8.0,2.67,14.81,25.88,3.0,1.0,5.56,9.71,31.48,29.63,1.85,116.47,1.0,0.33,1.85,11.13,3.71,0.3,0.34,0.33,0.18,0.4,0.07,1.0,0.53,0.71,0.61,3.7,3.7,0.15,5.56,0.22
2,桃園台啤永豐雲豹,68|10884,克羅馬/徐宏瑋,8,83,104.0,1288.07,21.47,21:28,161.01,2.68,02:41,52.0,6.5,50.0,87.2,42.0,5.25,40.38,70.43,38.0,4.75,36.54,63.72,17.0,2.12,16.35,28.51,22.0,2.75,21.15,36.89,11.0,1.38,10.58,18.45,16.0,2.0,15.38,26.83,6.0,0.75,5.77,10.06,18.0,2.25,17.31,30.18,12.0,1.5,11.54,20.12,9.0,1.12,8.65,15.09,16.0,2.0,15.38,26.83,10.0,1.25,9.62,16.77,14.0,1.75,13.46,23.48,3.0,0.38,2.88,5.03,14.0,1.75,13.46,23.48,3.0,0.38,2.88,5.03,3.0,0.38,2.88,5.03,12.0,1.5,11.54,20.12,11.0,1.38,10.58,18.45,50.0,40.38,9.62,116.27,10.0,1.25,9.62,21.47,2.68,0.53,0.57,0.5,0.38,0.67,0.06,0.82,0.39,0.62,0.51,2.88,2.88,0.12,10.58,0.47
2,臺北台新戰神,2|7,江均/孫思堯,2,3,7.0,55.98,0.93,00:56,27.99,0.47,00:28,0.0,0.0,0.0,0.0,3.0,1.5,42.86,115.75,1.0,0.5,14.29,38.58,0.0,0.0,0.0,0.0,0.0,0.0,0.0,0.0,0.0,0.0,0.0,0.0,1.0,0.5,14.29,38.58,0.0,0.0,0.0,0.0,2.0,1.0,28.57,77.17,0.0,0.0,0.0,0.0,1.0,0.5,14.29,38.58,1.0,0.5,14.29,38.58,3.0,1.5,42.86,115.75,0.0,0.0,0.0,0.0,0.0,0.0,0.0,0.0,0.0,0.0,0.0,0.0,0.0,0.0,0.0,0.0,0.0,0.0,0.0,0.0,1.0,0.5,14.29,38.58,0.0,0.0,0.0,0.0,0.0,42.86,-42.86,180.05,-3.0,-1.5,-42.86,0.93,0.47,0.0,0.0,,0.0,0.0,0.0,,1.0,0.25,0.4,0.0,0.0,0.14,0.0,2.0
2,桃園台啤永豐雲豹,58|3129,林信寬/董永全,11,249,314.0,4180.19,69.67,69:40,380.02,6.33,06:20,115.0,10.45,36.62,59.42,97.0,8.82,30.89,50.12,110.0,10.0,35.03,56.84,42.0,3.82,13.38,21.7,72.0,6.55,22.93,37.2,31.0,2.82,9.87,16.02,38.0,3.45,12.1,19.64,11.0,1.0,3.5,5.68,35.0,3.18,11.15,18.09,20.0,1.82,6.37,10.33,26.0,2.36,8.28,13.43,46.0,4.18,14.65,23.77,25.0,2.27,7.96,12.92,56.0,5.09,17.83,28.94,28.0,2.55,8.92,14.47,25.0,2.27,7.96,12.92,13.0,1.18,4.14,6.72,6.0,0.55,1.91,3.1,28.0,2.55,8.92,14.47,27.0,2.45,8.6,13.95,36.62,30.89,5.73,108.17,18.0,1.64,5.73,69.67,6.33,0.43,0.46,0.43,0.29,0.57,0.18,0.6,0.32,0.65,0.47,4.14,1.91,0.09,8.6,0.32
2,臺北台新戰神,10863|10867,魏芃禾/威力斯,7,130,160.0,2003.88,33.4,33:24,286.27,4.77,04:46,62.0,8.86,38.75,66.83,59.0,8.43,36.88,63.6,64.0,9.14,40.0,68.99,21.0,3.0,13.12,22.64,38.0,5.43,23.75,40.96,15.0,2.14,9.38,16.17,26.0,3.71,16.25,28.03,6.0,0.86,3.75,6.47,19.0,2.71,11.88,20.48,14.0,2.0,8.75,15.09,14.0,2.0,8.75,15.09,31.0,4.43,19.38,33.42,14.0,2.0,8.75,15.09,29.0,4.14,18.12,31.26,6.0,0.86,3.75,6.47,14.0,2.0,8.75,15.09,4.0,0.57,2.5,4.31,7.0,1.0,4.38,7.55,13.0,1.86,8.12,14.01,23.0,3.29,14.37,24.79,38.75,36.88,1.88,114.98,3.0,0.43,1.88,33.4,4.77,0.38,0.43,0.39,0.23,0.74,0.08,0.67,0.33,0.69,0.51,2.5,4.38,0.08,14.37,0.3
2,臺北台新戰神,10865|10867,謝銘駿/威力斯,10,570,690.0,9827.99,163.8,163:48,982.8,16.38,16:23,318.0,31.8,46.09,69.89,284.0,28.4,41.16,62.42,246.0,24.6,35.65,54.07,105.0,10.5,15.22,23.08,153.0,15.3,22.17,33.63,71.0,7.1,10.29,15.6,93.0,9.3,13.48,20.44,34.0,3.4,4.93,7.47,97.0,9.7,14.06,21.32,71.0,7.1,10.29,15.6,47.0,4.7,6.81,10.33,106.0,10.6,15.36,23.3,40.0,4.0,5.8,8.79,113.0,11.3,16.38,24.84,42.0,4.2,6.09,9.23,59.0,5.9,8.55,12.97,23.0,2.3,3.33,5.05,11.0,1.1,1.59,2.42,72.0,7.2,10.43,15.82,83.0,8.3,12.03,18.24,46.09,41.16,4.93,101.1,34.0,3.4,4.93,163.8,16.38,0.5,0.55,0.46,0.37,0.73,0.13,0.56,0.29,0.73,0.5,3.33,1.59,0.1,12.03,0.39
2,臺北台新戰神,10867|10869,威力斯/基德,8,628,764.0,9948.87,165.81,165:49,1243.61,20.73,20:44,340.0,42.5,44.5,73.82,308.0,38.5,40.31,66.87,263.0,32.88,34.42,57.1,109.0,13.62,14.27,23.66,171.0,21.38,22.38,37.13,75.0,9.38,9.82,16.28,92.0,11.5,12.04,19.97,34.0,4.25,4.45,7.38,116.0,14.5,15.18,25.18,87.0,10.88,11.39,18.89,54.0,6.75,7.07,11.72,109.0,13.62,14.27,23.66,46.0,5.75,6.02,9.99,120.0,15.0,15.71,26.05,57.0,7.12,7.46,12.38,68.0,8.5,8.9,14.76,29.0,3.62,3.8,6.3,11.0,1.38,1.44,2.39,81.0,10.12,10.6,17.59,111.0,13.88,14.53,24.1,44.5,40.31,4.19,110.58,32.0,4.0,4.19,165.81,20.73,0.48,0.54,0.44,0.37,0.75,0.15,0.62,0.31,0.7,0.5,3.8,1.44,0.11,14.53,0.44
2,臺北台新戰神,3|10863,陳文宏/魏芃禾,7,71,93.0,1310.78,21.85,21:51,187.25,3.12,03:07,29.0,4.14,31.18,47.79,38.0,5.43,40.86,62.62,33.0,4.71,35.48,54.38,9.0,1.29,9.68,14.83,18.0,2.57,19.35,29.66,6.0,0.86,6.45,9.89,15.0,2.14,16.13,24.72,3.0,0.43,3.23,4.94,8.0,1.14,8.6,13.18,7.0,1.0,7.53,11.54,4.0,0.57,4.3,6.59,21.0,3.0,22.58,34.61,12.0,1.71,12.9,19.77,14.0,2.0,15.05,23.07,3.0,0.43,3.23,4.94,5.0,0.71,5.38,8.24,3.0,0.43,3.23,4.94,3.0,0.43,3.23,4.94,5.0,0.71,5.38,8.24,20.0,2.86,21.51,32.96,31.18,40.86,-9.68,102.17,-9.0,-1.29,-9.68,21.85,3.12,0.32,0.4,0.33,0.2,0.88,0.08,0.56,0.22,0.64,0.49,3.23,3.23,0.05,21.51,0.24
2,臺北台新戰神,3|10867,陳文宏/威力斯,8,219,265.0,3424.61,57.08,57:05,428.08,7.13,07:08,108.0,13.5,40.75,68.12,135.0,16.88,50.94,85.15,93.0,11.62,35.09,58.66,35.0,4.38,13.21,22.08,55.0,6.88,20.75,34.69,24.0,3.0,9.06,15.14,38.0,4.75,14.34,23.97,11.0,1.38,4.15,6.94,34.0,4.25,12.83,21.44,28.0,3.5,10.57,17.66,20.0,2.5,7.55,12.61,42.0,5.25,15.85,26.49,20.0,2.5,7.55,12.61,33.0,4.12,12.45,20.81,20.0,2.5,7.55,12.61,18.0,2.25,6.79,11.35,15.0,1.88,5.66,9.46,3.0,0.38,1.13,1.89,19.0,2.38,7.17,11.98,40.0,5.0,15.09,25.23,40.75,50.94,-10.19,111.43,-27.0,-3.38,-10.19,57.08,7.13,0.44,0.5,0.44,0.29,0.82,0.16,0.51,0.38,0.68,0.54,5.66,1.13,0.07,15.09,0.37
2,臺北台新戰神,5|10867,黃聰翰/威力斯,5,96,128.0,1688.01,28.13,28:08,337.6,5.63,05:38,50.0,10.0,39.06,63.98,69.0,13.8,53.91,88.29,49.0,9.8,38.28,62.7,17.0,3.4,13.28,21.75,35.0,7.0,27.34,44.79,11.0,2.2,8.59,14.08,14.0,2.8,10.94,17.91,6.0,1.2,4.69,7.68,12.0,2.4,9.38,15.36,10.0,2.0,7.81,12.8,12.0,2.4,9.38,15.36,21.0,4.2,16.41,26.87,8.0,1.6,6.25,10.24,13.0,2.6,10.16,16.63,8.0,1.6,6.25,10.24,5.0,1.0,3.91,6.4,6.0,1.2,4.69,7.68,2.0,0.4,1.56,2.56,12.0,2.4,9.38,15.36,15.0,3.0,11.72,19.19,39.06,53.91,-14.84,109.19,-19.0,-3.8,-14.84,28.13,5.63,0.41,0.46,0.31,0.43,0.83,0.13,0.29,0.48,0.72,0.61,4.69,1.56,0.09,11.72,0.24
2,臺北台新戰神,2|3,江均/陳文宏,1,1,2.0,2.12,0.04,00:02,2.12,0.04,00:02,2.0,2.0,100.0,2033.9,0.0,0.0,0.0,0.0,1.0,1.0,50.0,1016.95,1.0,1.0,50.0,1016.95,1.0,1.0,50.0,1016.95,1.0,1.0,50.0,1016.95,0.0,0.0,0.0,0.0,0.0,0.0,0.0,0.0,1.0,1.0,50.0,1016.95,0.0,0.0,0.0,0.0,1.0,1.0,50.0,1016.95,0.0,0.0,0.0,0.0,0.0,0.0,0.0,0.0,0.0,0.0,0.0,0.0,0.0,0.0,0.0,0.0,0.0,0.0,0.0,0.0,0.0,0.0,0.0,0.0,0.0,0.0,0.0,0.0,0.0,0.0,0.0,0.0,0.0,0.0,0.0,0.0,100.0,0.0,100.0,1355.93,2.0,2.0,100.0,0.04,0.04,1.0,0.69,1.0,,0.0,0.0,0.0,1.0,,1.0,0.0,0.0,0.0,0.0,1.0
2,臺北台新戰神,13|10867,陳冠全/威力斯,2,28,34.0,441.48,7.36,07:21,220.74,3.68,03:41,15.0,7.5,44.12,73.39,26.0,13.0,76.47,127.21,10.0,5.0,29.41,48.93,5.0,2.5,14.71,24.46,7.0,3.5,20.59,34.25,3.0,1.5,8.82,14.68,3.0,1.5,8.82,14.68,2.0,1.0,5.88,9.79,5.0,2.5,14.71,24.46,3.0,1.5,8.82,14.68,1.0,0.5,2.94,4.89,6.0,3.0,17.65,29.36,0.0,0.0,0.0,0.0,3.0,1.5,8.82,14.68,5.0,2.5,14.71,24.46,1.0,0.5,2.94,4.89,5.0,2.5,14.71,24.46,1.0,0.5,2.94,4.89,2.0,1.0,5.88,9.79,4.0,2.0,11.76,19.57,44.12,76.47,-32.35,110.9,-11.0,-5.5,-32.35,7.36,3.68,0.6,0.61,0.43,0.67,0.6,0.29,0.2,0.25,1.0,0.7,14.71,2.94,0.06,11.76,0.5
2,臺北台新戰神,3|7,陳文宏/孫思堯,1,7,8.0,85.29,1.42,01:25,85.29,1.42,01:25,0.0,0.0,0.0,0.0,4.0,4.0,50.0,101.3,2.0,2.0,25.0,50.65,0.0,0.0,0.0,0.0,1.0,1.0,12.5,25.33,0.0,0.0,0.0,0.0,1.0,1.0,12.5,25.33,0.0,0.0,0.0,0.0,0.0,0.0,0.0,0.0,0.0,0.0,0.0,0.0,0.0,0.0,0.0,0.0,2.0,2.0,25.0,50.65,1.0,1.0,12.5,25.33,1.0,1.0,12.5,25.33,1.0,1.0,12.5,25.33,0.0,0.0,0.0,0.0,1.0,1.0,12.5,25.33,0.0,0.0,0.0,0.0,1.0,1.0,12.5,25.33,2.0,2.0,25.0,50.65,0.0,50.0,-50.0,135.07,-4.0,-4.0,-50.0,1.42,1.42,0.0,0.0,0.0,0.0,,0.33,,0.0,0.67,0.5,12.5,0.0,0.12,25.0,0.0
2,桃園台啤永豐雲豹,12|57,曹薰襄/莊博元,14,344,406.0,5272.41,87.87,87:52,376.6,6.28,06:17,175.0,12.5,43.1,71.69,149.0,10.64,36.7,61.04,141.0,10.07,34.73,57.76,64.0,4.57,15.76,26.22,102.0,7.29,25.12,41.79,51.0,3.64,12.56,20.89,39.0,2.79,9.61,15.98,13.0,0.93,3.2,5.33,54.0,3.86,13.3,22.12,36.0,2.57,8.87,14.75,26.0,1.86,6.4,10.65,55.0,3.93,13.55,22.53,24.0,1.71,5.91,9.83,67.0,4.79,16.5,27.45,34.0,2.43,8.37,13.93,44.0,3.14,10.84,18.03,21.0,1.5,5.17,8.6,6.0,0.43,1.48,2.46,36.0,2.57,8.87,14.75,45.0,3.21,11.08,18.44,43.1,36.7,6.4,110.89,26.0,1.86,6.4,87.87,6.28,0.5,0.53,0.5,0.33,0.67,0.17,0.69,0.28,0.7,0.47,5.17,1.48,0.09,11.08,0.38
2,臺北台新戰神,3|5,陳文宏/黃聰翰,3,55,66.0,810.87,13.51,13:31,270.29,4.5,04:30,18.0,6.0,27.27,47.95,26.0,8.67,39.39,69.26,27.0,9.0,40.91,71.92,5.0,1.67,7.58,13.32,19.0,6.33,28.79,50.61,4.0,1.33,6.06,10.66,8.0,2.67,12.12,21.31,1.0,0.33,1.52,2.66,7.0,2.33,10.61,18.65,7.0,2.33,10.61,18.65,6.0,2.0,9.09,15.98,16.0,5.33,24.24,42.62,5.0,1.67,7.58,13.32,6.0,2.0,9.09,15.98,4.0,1.33,6.06,10.66,2.0,0.67,3.03,5.33,2.0,0.67,3.03,5.33,1.0,0.33,1.52,2.66,7.0,2.33,10.61,18.65,10.0,3.33,15.15,26.64,27.27,39.39,-12.12,117.21,-8.0,-2.67,-12.12,13.51,4.5,0.2,0.3,0.21,0.12,1.0,0.12,0.4,0.5,0.76,0.67,3.03,1.52,0.11,15.15,0.26
2,桃園台啤永豐雲豹,12|64,曹薰襄/劉元凱,4,38,50.0,571.86,9.53,09:32,142.97,2.38,02:23,13.0,3.25,26.0,49.1,14.0,3.5,28.0,52.88,11.0,2.75,22.0,41.55,4.0,1.0,8.0,15.11,6.0,1.5,12.0,22.66,3.0,0.75,6.0,11.33,5.0,1.25,10.0,18.89,1.0,0.25,2.0,3.78,7.0,1.75,14.0,26.44,4.0,1.0,8.0,15.11,1.0,0.25,2.0,3.78,7.0,1.75,14.0,26.44,6.0,1.5,12.0,22.66,7.0,1.75,14.0,26.44,7.0,1.75,14.0,26.44,3.0,0.75,6.0,11.33,2.0,0.5,4.0,7.55,0.0,0.0,0.0,0.0,8.0,2.0,16.0,30.22,9.0,2.25,18.0,33.99,26.0,28.0,-2.0,125.9,-1.0,-0.25,-2.0,9.53,2.38,0.41,0.46,0.5,0.2,0.57,0.33,0.75,0.12,0.54,0.38,4.0,0.0,0.16,18.0,0.64
2,桃園台啤永豐雲豹,57|60,莊博元/黃鎮,1,2,3.0,22.0,0.37,00:22,22.0,0.37,00:22,0.0,0.0,0.0,0.0,0.0,0.0,0.0,0.0,0.0,0.0,0.0,0.0,0.0,0.0,0.0,0.0,0.0,0.0,0.0,0.0,0.0,0.0,0.0,0.0,0.0,0.0,0.0,0.0,0.0,0.0,0.0,0.0,0.0,0.0,0.0,0.0,0.0,0.0,0.0,0.0,0.0,0.0,0.0,0.0,0.0,0.0,0.0,0.0,0.0,0.0,0.0,0.0,1.0,1.0,33.33,98.18,1.0,1.0,33.33,98.18,0.0,0.0,0.0,0.0,0.0,0.0,0.0,0.0,0.0,0.0,0.0,0.0,1.0,1.0,33.33,98.18,0.0,0.0,0.0,0.0,0.0,0.0,0.0,196.36,0.0,0.0,0.0,0.37,0.37,,,,,,1.0,,0.0,,0.0,0.0,0.0,0.33,0.0,
2,桃園台啤永豐雲豹,57|64,莊博元/劉元凱,4,32,44.0,463.39,7.72,07:43,115.85,1.93,01:56,9.0,2.25,20.45,41.95,19.0,4.75,43.18,88.57,10.0,2.5,22.73,46.61,3.0,0.75,6.82,13.98,7.0,1.75,15.91,32.63,3.0,0.75,6.82,13.98,3.0,0.75,6.82,13.98,0.0,0.0,0.0,0.0,5.0,1.25,11.36,23.31,3.0,0.75,6.82,13.98,1.0,0.25,2.27,4.66,5.0,1.25,11.36,23.31,6.0,1.5,13.64,27.97,7.0,1.75,15.91,32.63,7.0,1.75,15.91,32.63,2.0,0.5,4.55,9.32,2.0,0.5,4.55,9.32,0.0,0.0,0.0,0.0,7.0,1.75,15.91,32.63,8.0,2.0,18.18,37.29,20.45,43.18,-22.73,136.73,-10.0,-2.5,-22.73,7.72,1.93,0.3,0.37,0.43,0.0,0.6,0.36,0.67,0.12,0.45,0.32,4.55,0.0,0.16,18.18,0.5
2,桃園台啤永豐雲豹,60|68,黃鎮/克羅馬,1,2,3.0,22.0,0.37,00:22,22.0,0.37,00:22,0.0,0.0,0.0,0.0,0.0,0.0,0.0,0.0,0.0,0.0,0.0,0.0,0.0,0.0,0.0,0.0,0.0,0.0,0.0,0.0,0.0,0.0,0.0,0.0,0.0,0.0,0.0,0.0,0.0,0.0,0.0,0.0,0.0,0.0,0.0,0.0,0.0,0.0,0.0,0.0,0.0,0.0,0.0,0.0,0.0,0.0,0.0,0.0,0.0,0.0,0.0,0.0,1.0,1.0,33.33,98.18,1.0,1.0,33.33,98.18,0.0,0.0,0.0,0.0,0.0,0.0,0.0,0.0,0.0,0.0,0.0,0.0,1.0,1.0,33.33,98.18,0.0,0.0,0.0,0.0,0.0,0.0,0.0,196.36,0.0,0.0,0.0,0.37,0.37,,,,,,1.0,,0.0,,0.0,0.0,0.0,0.33,0.0,
2,臺北台新戰神,2|4,江均/張兆辰,5,34,46.0,898.17,14.97,14:58,179.63,2.99,03:00,17.0,3.4,36.96,40.88,15.0,3.0,32.61,36.07,18.0,3.6,39.13,43.29,6.0,1.2,13.04,14.43,10.0,2.0,21.74,24.05,4.0,0.8,8.7,9.62,8.0,1.6,17.39,19.24,2.0,0.4,4.35,4.81,4.0,0.8,8.7,9.62,3.0,0.6,6.52,7.21,5.0,1.0,10.87,12.02,8.0,1.6,17.39,19.24,3.0,0.6,6.52,7.21,5.0,1.0,10.87,12.02,4.0,0.8,8.7,9.62,0.0,0.0,0.0,0.0,2.0,0.4,4.35,4.81,2.0,0.4,4.35,4.81,3.0,0.6,6.52,7.21,3.0,0.6,6.52,7.21,36.96,32.61,4.35,73.75,2.0,0.4,4.35,14.97,2.99,0.39,0.43,0.4,0.25,0.75,0.17,0.0,0.5,0.73,0.62,4.35,4.35,0.07,6.52,0.22
2,臺北台新戰神,2|10863,江均/魏芃禾,4,11,18.0,211.47,3.52,03:31,52.87,0.88,00:53,4.0,1.0,22.22,40.86,6.0,1.5,33.33,61.29,7.0,1.75,38.89,71.5,1.0,0.25,5.56,10.21,3.0,0.75,16.67,30.64,1.0,0.25,5.56,10.21,4.0,1.0,22.22,40.86,0.0,0.0,0.0,0.0,4.0,1.0,22.22,40.86,2.0,0.5,11.11,20.43,3.0,0.75,16.67,30.64,4.0,1.0,22.22,40.86,2.0,0.5,11.11,20.43,0.0,0.0,0.0,0.0,0.0,0.0,0.0,0.0,0.0,0.0,0.0,0.0,0.0,0.0,0.0,0.0,0.0,0.0,0.0,0.0,2.0,0.5,11.11,20.43,1.0,0.25,5.56,10.21,22.22,33.33,-11.11,122.57,-2.0,-0.5,-11.11,3.52,0.88,0.14,0.23,0.33,0.0,0.5,0.0,0.0,1.0,0.67,0.78,0.0,0.0,0.11,5.56,0.57
2,臺北台新戰神,4|10863,張兆辰/魏芃禾,5,55,70.0,843.14,14.05,14:03,168.63,2.81,02:49,16.0,3.2,22.86,40.99,22.0,4.4,31.43,56.36,23.0,4.6,32.86,58.92,4.0,0.8,5.71,10.25,9.0,1.8,12.86,23.06,2.0,0.4,2.86,5.12,14.0,2.8,20.0,35.87,2.0,0.4,2.86,5.12,8.0,1.6,11.43,20.49,6.0,1.2,8.57,15.37,5.0,1.0,7.14,12.81,12.0,2.4,17.14,30.74,4.0,0.8,5.71,10.25,11.0,2.2,15.71,28.18,6.0,1.2,8.57,15.37,2.0,0.4,2.86,5.12,4.0,0.8,5.71,10.25,0.0,0.0,0.0,0.0,6.0,1.2,8.57,15.37,8.0,1.6,11.43,20.49,22.86,31.43,-8.57,119.55,-6.0,-1.2,-8.57,14.05,2.81,0.22,0.3,0.22,0.14,0.75,0.18,0.5,0.31,0.75,0.53,5.71,0.0,0.09,11.43,0.35
2,桃園台啤永豐雲豹,56|60,丁冠皓/黃鎮,2,9,10.0,144.0,2.4,02:24,72.0,1.2,01:12,5.0,2.5,50.0,75.0,5.0,2.5,50.0,75.0,2.0,1.0,20.0,30.0,2.0,1.0,20.0,30.0,1.0,0.5,10.0,15.0,1.0,0.5,10.0,15.0,1.0,0.5,10.0,15.0,1.0,0.5,10.0,15.0,0.0,0.0,0.0,0.0,0.0,0.0,0.0,0.0,0.0,0.0,0.0,0.0,0.0,0.0,0.0,0.0,1.0,0.5,10.0,15.0,1.0,0.5,10.0,15.0,1.0,0.5,10.0,15.0,1.0,0.5,10.0,15.0,1.0,0.5,10.0,15.0,0.0,0.0,0.0,0.0,0.0,0.0,0.0,0.0,3.0,1.5,30.0,45.0,50.0,50.0,0.0,100.0,0.0,0.0,0.0,2.4,1.2,1.25,1.25,1.0,1.0,,0.33,0.5,0.0,0.0,0.0,10.0,0.0,0.0,30.0,0.0
2,桃園台啤永豐雲豹,56|64,丁冠皓/劉元凱,3,18,20.0,295.54,4.93,04:56,98.51,1.64,01:39,11.0,3.67,55.0,80.4,7.0,2.33,35.0,51.16,6.0,2.0,30.0,43.85,4.0,1.33,20.0,29.23,3.0,1.0,15.0,21.93,2.0,0.67,10.0,14.62,3.0,1.0,15.0,21.93,2.0,0.67,10.0,14.62,2.0,0.67,10.0,14.62,1.0,0.33,5.0,7.31,0.0,0.0,0.0,0.0,3.0,1.0,15.0,21.93,1.0,0.33,5.0,7.31,1.0,0.33,5.0,7.31,1.0,0.33,5.0,7.31,3.0,1.0,15.0,21.93,1.0,0.33,5.0,7.31,0.0,0.0,0.0,0.0,1.0,0.33,5.0,7.31,3.0,1.0,15.0,21.93,55.0,35.0,20.0,97.45,4.0,1.33,20.0,4.93,1.64,0.83,0.8,0.67,0.67,0.5,0.13,0.75,0.0,0.75,0.6,5.0,0.0,0.05,15.0,0.33
2,臺北台新戰神,2|10864,江均/劉彥廷,3,8,14.0,170.47,2.84,02:50,56.82,0.95,00:57,4.0,1.33,28.57,50.68,6.0,2.0,42.86,76.03,5.0,1.67,35.71,63.35,1.0,0.33,7.14,12.67,3.0,1.0,21.43,38.01,1.0,0.33,7.14,12.67,2.0,0.67,14.29,25.34,0.0,0.0,0.0,0.0,4.0,1.33,28.57,50.68,2.0,0.67,14.29,25.34,3.0,1.0,21.43,38.01,2.0,0.67,14.29,25.34,2.0,0.67,14.29,25.34,0.0,0.0,0.0,0.0,0.0,0.0,0.0,0.0,0.0,0.0,0.0,0.0,0.0,0.0,0.0,0.0,0.0,0.0,0.0,0.0,2.0,0.67,14.29,25.34,1.0,0.33,7.14,12.67,28.57,42.86,-14.29,118.26,-2.0,-0.67,-14.29,2.84,0.95,0.2,0.3,0.33,0.0,0.5,0.0,0.0,1.0,0.5,0.71,0.0,0.0,0.14,7.14,0.8
2,臺北台新戰神,4|10864,張兆辰/劉彥廷,2,9,14.0,218.63,3.64,03:39,109.32,1.82,01:49,7.0,3.5,50.0,69.16,6.0,3.0,42.86,59.28,7.0,3.5,50.0,69.16,2.0,1.0,14.29,19.76,3.0,1.5,21.43,29.64,1.0,0.5,7.14,9.88,4.0,2.0,28.57,39.52,1.0,0.5,7.14,9.88,2.0,1.0,14.29,19.76,2.0,1.0,14.29,19.76,3.0,1.5,21.43,29.64,2.0,1.0,14.29,19.76,1.0,0.5,7.14,9.88,0.0,0.0,0.0,0.0,0.0,0.0,0.0,0.0,0.0,0.0,0.0,0.0,0.0,0.0,0.0,0.0,0.0,0.0,0.0,0.0,1.0,0.5,7.14,9.88,1.0,0.5,7.14,9.88,50.0,42.86,7.14,92.21,1.0,0.5,7.14,3.64,1.82,0.36,0.44,0.33,0.25,1.0,0.0,0.0,1.0,0.67,0.83,0.0,0.0,0.07,7.14,0.29
2,臺北台新戰神,10863|10864,魏芃禾/劉彥廷,3,16,24.0,309.78,5.16,05:10,103.26,1.72,01:43,8.0,2.67,33.33,55.78,10.0,3.33,41.67,69.73,7.0,2.33,29.17,48.81,2.0,0.67,8.33,13.95,4.0,1.33,16.67,27.89,2.0,0.67,8.33,13.95,3.0,1.0,12.5,20.92,0.0,0.0,0.0,0.0,8.0,2.67,33.33,55.78,4.0,1.33,16.67,27.89,3.0,1.0,12.5,20.92,4.0,1.33,16.67,27.89,2.0,0.67,8.33,13.95,3.0,1.0,12.5,20.92,1.0,0.33,4.17,6.97,0.0,0.0,0.0,0.0,1.0,0.33,4.17,6.97,0.0,0.0,0.0,0.0,5.0,1.67,20.83,34.86,3.0,1.0,12.5,20.92,33.33,41.67,-8.33,111.56,-2.0,-0.67,-8.33,5.16,1.72,0.29,0.38,0.5,0.0,0.5,0.09,0.0,0.5,0.67,0.58,4.17,0.0,0.21,12.5,1.14
2,臺北台新戰神,10864|10865,劉彥廷/謝銘駿,2,12,18.0,245.94,4.1,04:06,122.97,2.05,02:03,8.0,4.0,44.44,70.26,5.0,2.5,27.78,43.91,6.0,3.0,33.33,52.7,2.0,1.0,11.11,17.57,4.0,2.0,22.22,35.13,2.0,1.0,11.11,17.57,2.0,1.0,11.11,17.57,0.0,0.0,0.0,0.0,6.0,3.0,33.33,52.7,4.0,2.0,22.22,35.13,2.0,1.0,11.11,17.57,3.0,1.5,16.67,26.35,1.0,0.5,5.56,8.78,3.0,1.5,16.67,26.35,1.0,0.5,5.56,8.78,0.0,0.0,0.0,0.0,1.0,0.5,5.56,8.78,0.0,0.0,0.0,0.0,4.0,2.0,22.22,35.13,1.0,0.5,5.56,8.78,44.44,27.78,16.67,105.39,3.0,1.5,16.67,4.1,2.05,0.33,0.46,0.5,0.0,0.67,0.1,0.0,0.4,0.75,0.56,5.56,0.0,0.22,5.56,1.0
2,高雄全家海神,116|12668,呂威霆/歐提斯,5,128,168.0,2039.65,33.99,34:00,407.93,6.8,06:48,63.0,12.6,37.5,66.72,67.0,13.4,39.88,70.95,57.0,11.4,33.93,60.36,22.0,4.4,13.1,23.3,32.0,6.4,19.05,33.89,17.0,3.4,10.12,18.0,25.0,5.0,14.88,26.48,5.0,1.0,2.98,5.3,17.0,3.4,10.12,18.0,14.0,2.8,8.33,14.83,16.0,3.2,9.52,16.94,18.0,3.6,10.71,19.06,12.0,2.4,7.14,12.71,28.0,5.6,16.67,29.65,18.0,3.6,10.71,19.06,9.0,1.8,5.36,9.53,12.0,2.4,7.14,12.71,2.0,0.4,1.19,2.12,15.0,3.0,8.93,15.89,22.0,4.4,13.1,23.3,37.5,39.88,-2.38,118.61,-4.0,-0.8,-2.38,33.99,6.8,0.43,0.49,0.53,0.2,0.82,0.22,0.41,0.36,0.6,0.46,7.14,1.19,0.09,13.1,0.3
2,高雄全家海神,110|10891,胡瓏貿/廖偉皓,3,24,25.0,343.57,5.73,05:44,114.52,1.91,01:55,6.0,2.0,24.0,37.72,13.0,4.33,52.0,81.73,7.0,2.33,28.0,44.01,1.0,0.33,4.0,6.29,4.0,1.33,16.0,25.15,1.0,0.33,4.0,6.29,3.0,1.0,12.0,18.86,0.0,0.0,0.0,0.0,8.0,2.67,32.0,50.3,6.0,2.0,24.0,37.72,0.0,0.0,0.0,0.0,8.0,2.67,32.0,50.3,1.0,0.33,4.0,6.29,5.0,1.67,20.0,31.43,2.0,0.67,8.0,12.57,1.0,0.33,4.0,6.29,1.0,0.33,4.0,6.29,0.0,0.0,0.0,0.0,3.0,1.0,12.0,18.86,0.0,0.0,0.0,0.0,24.0,52.0,-28.0,104.78,-7.0,-2.33,-28.0,5.73,1.91,0.14,0.29,0.25,0.0,0.75,0.16,1.0,0.0,0.89,0.57,4.0,0.0,0.12,0.0,1.14
2,高雄全家海神,122|10891,陳懷安/廖偉皓,4,27,31.0,435.88,7.26,07:16,108.97,1.82,01:49,8.0,2.0,25.81,39.64,20.0,5.0,64.52,99.11,9.0,2.25,29.03,44.6,3.0,0.75,9.68,14.87,6.0,1.5,19.35,29.73,2.0,0.5,6.45,9.91,3.0,0.75,9.68,14.87,1.0,0.25,3.23,4.96,2.0,0.5,6.45,9.91,1.0,0.25,3.23,4.96,1.0,0.25,3.23,4.96,4.0,1.0,12.9,19.82,2.0,0.5,6.45,9.91,3.0,0.75,9.68,14.87,5.0,1.25,16.13,24.78,1.0,0.25,3.23,4.96,2.0,0.5,6.45,9.91,0.0,0.0,0.0,0.0,1.0,0.25,3.23,4.96,4.0,1.0,12.9,19.82,25.81,64.52,-38.71,102.41,-12.0,-3.0,-38.71,7.26,1.82,0.39,0.4,0.33,0.33,0.5,0.34,0.33,0.25,0.67,0.5,6.45,0.0,0.03,12.9,0.22
2,福爾摩沙夢想家,101|10890,周柏臣/湯普金斯,2,48,58.0,725.52,12.09,12:06,362.76,6.05,06:03,23.0,11.5,39.66,68.48,14.0,7.0,24.14,41.68,20.0,10.0,34.48,59.54,9.0,4.5,15.52,26.79,15.0,7.5,25.86,44.66,9.0,4.5,15.52,26.79,5.0,2.5,8.62,14.89,0.0,0.0,0.0,0.0,7.0,3.5,12.07,20.84,5.0,2.5,8.62,14.89,4.0,2.0,6.9,11.91,8.0,4.0,13.79,23.82,4.0,2.0,6.9,11.91,9.0,4.5,15.52,26.79,6.0,3.0,10.34,17.86,1.0,0.5,1.72,2.98,3.0,1.5,5.17,8.93,1.0,0.5,1.72,2.98,6.0,3.0,10.34,17.86,4.0,2.0,6.9,11.91,39.66,24.14,15.52,115.12,9.0,4.5,15.52,12.09,6.05,0.45,0.5,0.6,0.0,0.71,0.21,0.11,0.31,0.67,0.48,5.17,1.72,0.1,6.9,0.35
2,新北國王,23|867,王柏智/桑尼,1,13,18.0,177.0,2.95,02:57,177.0,2.95,02:57,2.0,2.0,11.11,24.41,2.0,2.0,11.11,24.41,5.0,5.0,27.78,61.02,1.0,1.0,5.56,12.2,1.0,1.0,5.56,12.2,1.0,1.0,5.56,12.2,4.0,4.0,22.22,48.81,0.0,0.0,0.0,0.0,0.0,0.0,0.0,0.0,0.0,0.0,0.0,0.0,1.0,1.0,5.56,12.2,3.0,3.0,16.67,36.61,3.0,3.0,16.67,36.61,1.0,1.0,5.56,12.2,2.0,2.0,11.11,24.41,1.0,1.0,5.56,12.2,2.0,2.0,11.11,24.41,1.0,1.0,5.56,12.2,0.0,0.0,0.0,0.0,0.0,0.0,0.0,0.0,11.11,11.11,0.0,146.44,0.0,0.0,0.0,2.95,2.95,0.2,0.2,1.0,0.0,,0.29,1.0,0.5,0.5,0.5,11.11,5.56,0.0,0.0,0.0
2,新竹御嵿攻城獅,88|5948,盧冠軒/克雷格,5,250,293.0,4609.82,76.83,76:50,921.96,15.37,15:22,111.0,22.2,37.88,52.01,150.0,30.0,51.19,70.28,99.0,19.8,33.79,46.39,37.0,7.4,12.63,17.34,57.0,11.4,19.45,26.71,28.0,5.6,9.56,13.12,42.0,8.4,14.33,19.68,9.0,1.8,3.07,4.22,40.0,8.0,13.65,18.74,29.0,5.8,9.9,13.59,14.0,2.8,4.78,6.56,52.0,10.4,17.75,24.37,20.0,4.0,6.83,9.37,37.0,7.4,12.63,17.34,22.0,4.4,7.51,10.31,21.0,4.2,7.17,9.84,16.0,3.2,5.46,7.5,2.0,0.4,0.68,0.94,32.0,6.4,10.92,14.99,39.0,7.8,13.31,18.27,37.88,51.19,-13.31,91.53,-39.0,-7.8,-13.31,76.83,15.37,0.42,0.48,0.49,0.21,0.72,0.16,0.57,0.27,0.72,0.54,5.46,0.68,0.11,13.31,0.4
2,新竹御嵿攻城獅,76|80,曾柏喻/田浩,2,4,4.0,111.0,1.85,01:51,55.5,0.92,00:56,3.0,1.5,75.0,58.38,3.0,1.5,75.0,58.38,2.0,1.0,50.0,38.92,1.0,0.5,25.0,19.46,0.0,0.0,0.0,0.0,0.0,0.0,0.0,0.0,2.0,1.0,50.0,38.92,1.0,0.5,25.0,19.46,0.0,0.0,0.0,0.0,0.0,0.0,0.0,0.0,0.0,0.0,0.0,0.0,1.0,0.5,25.0,19.46,0.0,0.0,0.0,0.0,1.0,0.5,25.0,19.46,0.0,0.0,0.0,0.0,1.0,0.5,25.0,19.46,0.0,0.0,0.0,0.0,0.0,0.0,0.0,0.0,0.0,0.0,0.0,0.0,0.0,0.0,0.0,0.0,75.0,75.0,0.0,51.89,0.0,0.0,0.0,1.85,0.92,0.75,0.75,,0.5,,0.0,1.0,0.0,1.0,0.5,0.0,0.0,0.0,0.0,0.0
2,新竹御嵿攻城獅,76|10886,曾柏喻/梁瀚,1,2,2.0,59.0,0.98,00:59,59.0,0.98,00:59,3.0,3.0,150.0,109.83,3.0,3.0,150.0,109.83,1.0,1.0,50.0,36.61,1.0,1.0,50.0,36.61,0.0,0.0,0.0,0.0,0.0,0.0,0.0,0.0,1.0,1.0,50.0,36.61,1.0,1.0,50.0,36.61,0.0,0.0,0.0,0.0,0.0,0.0,0.0,0.0,0.0,0.0,0.0,0.0,0.0,0.0,0.0,0.0,0.0,0.0,0.0,0.0,1.0,1.0,50.0,36.61,0.0,0.0,0.0,0.0,1.0,1.0,50.0,36.61,0.0,0.0,0.0,0.0,0.0,0.0,0.0,0.0,0.0,0.0,0.0,0.0,0.0,0.0,0.0,0.0,150.0,150.0,0.0,48.81,0.0,0.0,0.0,0.98,0.98,1.5,1.5,,1.0,,0.0,1.0,0.0,,0.0,0.0,0.0,0.0,0.0,0.0
2,新竹御嵿攻城獅,80|87,田浩/蔡宸綱,3,29,34.0,568.44,9.47,09:28,189.48,3.16,03:09,13.0,4.33,38.24,49.4,22.0,7.33,64.71,83.6,11.0,3.67,32.35,41.8,4.0,1.33,11.76,15.2,5.0,1.67,14.71,19.0,2.0,0.67,5.88,7.6,6.0,2.0,17.65,22.8,2.0,0.67,5.88,7.6,3.0,1.0,8.82,11.4,3.0,1.0,8.82,11.4,2.0,0.67,5.88,7.6,5.0,1.67,14.71,19.0,3.0,1.0,8.82,11.4,5.0,1.67,14.71,19.0,4.0,1.33,11.76,15.2,2.0,0.67,5.88,7.6,2.0,0.67,5.88,7.6,0.0,0.0,0.0,0.0,4.0,1.33,11.76,15.2,1.0,0.33,2.94,3.8,38.24,64.71,-26.47,86.13,-9.0,-3.0,-26.47,9.47,3.16,0.45,0.53,0.4,0.33,1.0,0.25,0.5,0.29,0.62,0.47,5.88,0.0,0.12,2.94,0.27
2,新竹御嵿攻城獅,80|10887,田浩/德魯,5,69,81.0,1133.92,18.9,18:54,226.78,3.78,03:47,33.0,6.6,40.74,62.86,37.0,7.4,45.68,70.48,32.0,6.4,39.51,60.96,11.0,2.2,13.58,20.95,20.0,4.0,24.69,38.1,8.0,1.6,9.88,15.24,12.0,2.4,14.81,22.86,3.0,0.6,3.7,5.71,9.0,1.8,11.11,17.14,8.0,1.6,9.88,15.24,8.0,1.6,9.88,15.24,13.0,2.6,16.05,24.76,3.0,0.6,3.7,5.71,12.0,2.4,14.81,22.86,8.0,1.6,9.88,15.24,8.0,1.6,9.88,15.24,4.0,0.8,4.94,7.62,3.0,0.6,3.7,5.71,9.0,1.8,11.11,17.14,10.0,2.0,12.35,19.05,40.74,45.68,-4.94,102.86,-4.0,-0.8,-4.94,18.9,3.78,0.39,0.46,0.4,0.25,0.89,0.18,0.73,0.4,0.81,0.58,4.94,3.7,0.11,12.35,0.28
2,新竹御嵿攻城獅,87|10886,蔡宸綱/梁瀚,1,2,2.0,59.0,0.98,00:59,59.0,0.98,00:59,3.0,3.0,150.0,109.83,3.0,3.0,150.0,109.83,1.0,1.0,50.0,36.61,1.0,1.0,50.0,36.61,0.0,0.0,0.0,0.0,0.0,0.0,0.0,0.0,1.0,1.0,50.0,36.61,1.0,1.0,50.0,36.61,0.0,0.0,0.0,0.0,0.0,0.0,0.0,0.0,0.0,0.0,0.0,0.0,0.0,0.0,0.0,0.0,0.0,0.0,0.0,0.0,1.0,1.0,50.0,36.61,0.0,0.0,0.0,0.0,1.0,1.0,50.0,36.61,0.0,0.0,0.0,0.0,0.0,0.0,0.0,0.0,0.0,0.0,0.0,0.0,0.0,0.0,0.0,0.0,150.0,150.0,0.0,48.81,0.0,0.0,0.0,0.98,0.98,1.5,1.5,,1.0,,0.0,1.0,0.0,,0.0,0.0,0.0,0.0,0.0,0.0
2,新北國王,25|32,林金榜/奧帝,4,116,137.0,1980.58,33.01,33:01,495.14,8.25,08:15,54.0,13.5,39.42,58.89,51.0,12.75,37.23,55.62,44.0,11.0,32.12,47.99,19.0,4.75,13.87,20.72,19.0,4.75,13.87,20.72,10.0,2.5,7.3,10.91,25.0,6.25,18.25,27.26,9.0,2.25,6.57,9.82,10.0,2.5,7.3,10.91,7.0,1.75,5.11,7.63,5.0,1.25,3.65,5.45,21.0,5.25,15.33,22.9,15.0,3.75,10.95,16.36,27.0,6.75,19.71,29.45,12.0,3.0,8.76,13.09,12.0,3.0,8.76,13.09,9.0,2.25,6.57,9.82,1.0,0.25,0.73,1.09,6.0,1.5,4.38,6.54,12.0,3.0,8.76,13.09,39.42,37.23,2.19,99.61,3.0,0.75,2.19,33.01,8.25,0.53,0.56,0.53,0.36,0.7,0.2,0.63,0.16,0.58,0.38,6.57,0.73,0.04,8.76,0.23
2,新北國王,29|32,林書緯/奧帝,5,418,477.0,6705.09,111.75,111:45,1341.02,22.35,22:21,197.0,39.4,41.3,63.46,201.0,40.2,42.14,64.75,174.0,34.8,36.48,56.05,73.0,14.6,15.3,23.52,88.0,17.6,18.45,28.35,41.0,8.2,8.6,13.21,86.0,17.2,18.03,27.7,32.0,6.4,6.71,10.31,25.0,5.0,5.24,8.05,19.0,3.8,3.98,6.12,22.0,4.4,4.61,7.09,83.0,16.6,17.4,26.74,32.0,6.4,6.71,10.31,87.0,17.4,18.24,28.03,40.0,8.0,8.39,12.89,47.0,9.4,9.85,15.14,26.0,5.2,5.45,8.38,2.0,0.4,0.42,0.64,36.0,7.2,7.55,11.6,62.0,12.4,13.0,19.97,41.3,42.14,-0.84,102.44,-4.0,-0.8,-0.84,111.75,22.35,0.51,0.53,0.47,0.37,0.76,0.18,0.64,0.2,0.72,0.47,5.45,0.42,0.08,13.0,0.14
2,臺北台新戰神,10867|10868,威力斯/齊曼加,4,171,206.0,2803.44,46.72,46:43,700.86,11.68,11:41,90.0,22.5,43.69,69.34,90.0,22.5,43.69,69.34,75.0,18.75,36.41,57.79,33.0,8.25,16.02,25.43,50.0,12.5,24.27,38.52,24.0,6.0,11.65,18.49,25.0,6.25,12.14,19.26,9.0,2.25,4.37,6.93,21.0,5.25,10.19,16.18,15.0,3.75,7.28,11.56,18.0,4.5,8.74,13.87,26.0,6.5,12.62,20.03,13.0,3.25,6.31,10.02,29.0,7.25,14.08,22.34,20.0,5.0,9.71,15.41,18.0,4.5,8.74,13.87,13.0,3.25,6.31,10.02,2.0,0.5,0.97,1.54,20.0,5.0,9.71,15.41,10.0,2.5,4.85,7.7,43.69,43.69,0.0,105.81,0.0,0.0,0.0,46.72,11.68,0.5,0.53,0.48,0.36,0.71,0.19,0.55,0.38,0.67,0.51,6.31,0.97,0.1,4.85,0.28
2,新北國王,32|10876,奧帝/尚迪,1,49,57.0,1090.83,18.18,18:11,1090.83,18.18,18:11,23.0,23.0,40.35,45.54,27.0,27.0,47.37,53.46,23.0,23.0,40.35,45.54,9.0,9.0,15.79,17.82,13.0,13.0,22.81,25.74,5.0,5.0,8.77,9.9,10.0,10.0,17.54,19.8,4.0,4.0,7.02,7.92,0.0,0.0,0.0,0.0,0.0,0.0,0.0,0.0,3.0,3.0,5.26,5.94,11.0,11.0,19.3,21.78,5.0,5.0,8.77,9.9,9.0,9.0,15.79,17.82,3.0,3.0,5.26,5.94,5.0,5.0,8.77,9.9,2.0,2.0,3.51,3.96,2.0,2.0,3.51,3.96,4.0,4.0,7.02,7.92,10.0,10.0,17.54,19.8,40.35,47.37,-7.02,75.25,-4.0,-4.0,-7.02,18.18,18.18,0.48,0.5,0.38,0.4,,0.12,0.56,0.25,0.69,0.5,3.51,3.51,0.07,17.54,0.0
2,臺北台新戰神,2|10868,江均/齊曼加,2,35,40.0,533.23,8.89,08:53,266.62,4.44,04:27,17.0,8.5,42.5,68.86,26.0,13.0,65.0,105.32,13.0,6.5,32.5,52.66,6.0,3.0,15.0,24.3,8.0,4.0,20.0,32.41,4.0,2.0,10.0,16.2,5.0,2.5,12.5,20.25,2.0,1.0,5.0,8.1,4.0,2.0,10.0,16.2,2.0,1.0,5.0,8.1,3.0,1.5,7.5,12.15,4.0,2.0,10.0,16.2,2.0,1.0,5.0,8.1,6.0,3.0,15.0,24.3,5.0,2.5,12.5,20.25,3.0,1.5,7.5,12.15,5.0,2.5,12.5,20.25,1.0,0.5,2.5,4.05,3.0,1.5,7.5,12.15,8.0,4.0,20.0,32.41,42.5,65.0,-22.5,108.02,-9.0,-4.5,-22.5,8.89,4.44,0.54,0.58,0.5,0.4,0.5,0.25,0.5,0.33,0.67,0.47,12.5,2.5,0.08,20.0,0.31
2,新北國王,23|32,王柏智/奧帝,4,33,36.0,441.94,7.37,07:22,110.48,1.84,01:50,12.0,3.0,33.33,58.65,23.0,5.75,63.89,112.41,13.0,3.25,36.11,63.54,5.0,1.25,13.89,24.44,8.0,2.0,22.22,39.1,3.0,0.75,8.33,14.66,5.0,1.25,13.89,24.44,2.0,0.5,5.56,9.78,2.0,0.5,5.56,9.78,2.0,0.5,5.56,9.78,1.0,0.25,2.78,4.89,7.0,1.75,19.44,34.21,1.0,0.25,2.78,4.89,3.0,0.75,8.33,14.66,4.0,1.0,11.11,19.55,4.0,1.0,11.11,19.55,4.0,1.0,11.11,19.55,2.0,0.5,5.56,9.78,4.0,1.0,11.11,19.55,12.0,3.0,33.33,58.65,33.33,63.89,-30.56,117.3,-11.0,-2.75,-30.56,7.37,1.84,0.46,0.43,0.38,0.4,1.0,0.22,0.8,0.25,0.88,0.67,11.11,5.56,0.11,33.33,0.15
2,臺北台新戰神,2|5,江均/黃聰翰,1,3,5.0,45.84,0.76,00:46,45.84,0.76,00:46,0.0,0.0,0.0,0.0,3.0,3.0,60.0,141.36,1.0,1.0,20.0,47.12,0.0,0.0,0.0,0.0,0.0,0.0,0.0,0.0,0.0,0.0,0.0,0.0,1.0,1.0,20.0,47.12,0.0,0.0,0.0,0.0,2.0,2.0,40.0,94.24,0.0,0.0,0.0,0.0,1.0,1.0,20.0,47.12,1.0,1.0,20.0,47.12,1.0,1.0,20.0,47.12,0.0,0.0,0.0,0.0,0.0,0.0,0.0,0.0,0.0,0.0,0.0,0.0,0.0,0.0,0.0,0.0,0.0,0.0,0.0,0.0,1.0,1.0,20.0,47.12,0.0,0.0,0.0,0.0,0.0,60.0,-60.0,157.07,-3.0,-3.0,-60.0,0.76,0.76,0.0,0.0,,0.0,0.0,0.0,,1.0,0.5,0.67,0.0,0.0,0.2,0.0,2.0
2,臺北台新戰神,5|10864,黃聰翰/劉彥廷,2,17,25.0,340.04,5.67,05:40,170.02,2.83,02:50,11.0,5.5,44.0,69.87,15.0,7.5,60.0,95.28,7.0,3.5,28.0,44.47,3.0,1.5,12.0,19.06,1.0,0.5,4.0,6.35,1.0,0.5,4.0,6.35,6.0,3.0,24.0,38.11,2.0,1.0,8.0,12.7,5.0,2.5,20.0,31.76,3.0,1.5,12.0,19.06,2.0,1.0,8.0,12.7,3.0,1.5,12.0,19.06,4.0,2.0,16.0,25.41,1.0,0.5,4.0,6.35,2.0,1.0,8.0,12.7,0.0,0.0,0.0,0.0,2.0,1.0,8.0,12.7,0.0,0.0,0.0,0.0,2.0,1.0,8.0,12.7,2.0,1.0,8.0,12.7,44.0,60.0,-16.0,105.87,-4.0,-2.0,-16.0,5.67,2.83,0.57,0.6,1.0,0.33,0.6,0.18,0.0,0.67,0.43,0.5,8.0,0.0,0.08,8.0,0.71
2,臺北台新戰神,10864|10867,劉彥廷/威力斯,1,1,1.0,0.14,0.0,00:00,0.14,0.0,00:00,0.0,0.0,0.0,0.0,0.0,0.0,0.0,0.0,0.0,0.0,0.0,0.0,0.0,0.0,0.0,0.0,0.0,0.0,0.0,0.0,0.0,0.0,0.0,0.0,0.0,0.0,0.0,0.0,0.0,0.0,0.0,0.0,0.0,0.0,0.0,0.0,0.0,0.0,0.0,0.0,0.0,0.0,0.0,0.0,0.0,0.0,0.0,0.0,0.0,0.0,0.0,0.0,0.0,0.0,0.0,0.0,0.0,0.0,0.0,0.0,0.0,0.0,0.0,0.0,0.0,0.0,0.0,0.0,0.0,0.0,0.0,0.0,0.0,0.0,0.0,0.0,0.0,0.0,0.0,0.0,0.0,0.0,0.0,10359.71,0.0,0.0,0.0,0.0,0.0,,,,,,,,,,,0.0,0.0,0.0,0.0,
2,臺北台新戰神,7|10863,孫思堯/魏芃禾,2,16,22.0,229.78,3.83,03:50,114.89,1.91,01:55,2.0,1.0,9.09,18.8,13.0,6.5,59.09,122.21,7.0,3.5,31.82,65.8,0.0,0.0,0.0,0.0,3.0,1.5,13.64,28.2,0.0,0.0,0.0,0.0,4.0,2.0,18.18,37.6,0.0,0.0,0.0,0.0,4.0,2.0,18.18,37.6,2.0,1.0,9.09,18.8,3.0,1.5,13.64,28.2,4.0,2.0,18.18,37.6,2.0,1.0,9.09,18.8,1.0,0.5,4.55,9.4,2.0,1.0,9.09,18.8,0.0,0.0,0.0,0.0,1.0,0.5,4.55,9.4,0.0,0.0,0.0,0.0,2.0,1.0,9.09,18.8,2.0,1.0,9.09,18.8,9.09,59.09,-50.0,137.87,-11.0,-5.5,-50.0,3.83,1.91,0.0,0.11,0.0,0.0,0.5,0.19,,0.75,0.67,0.7,4.55,0.0,0.09,9.09,0.57
2,臺北台新戰神,7|10864,孫思堯/劉彥廷,1,2,4.0,45.7,0.76,00:46,45.7,0.76,00:46,0.0,0.0,0.0,0.0,3.0,3.0,75.0,141.79,1.0,1.0,25.0,47.26,0.0,0.0,0.0,0.0,0.0,0.0,0.0,0.0,0.0,0.0,0.0,0.0,1.0,1.0,25.0,47.26,0.0,0.0,0.0,0.0,2.0,2.0,50.0,94.53,0.0,0.0,0.0,0.0,1.0,1.0,25.0,47.26,1.0,1.0,25.0,47.26,1.0,1.0,25.0,47.26,0.0,0.0,0.0,0.0,0.0,0.0,0.0,0.0,0.0,0.0,0.0,0.0,0.0,0.0,0.0,0.0,0.0,0.0,0.0,0.0,1.0,1.0,25.0,47.26,0.0,0.0,0.0,0.0,0.0,75.0,-75.0,126.04,-3.0,-3.0,-75.0,0.76,0.76,0.0,0.0,,0.0,0.0,0.0,,1.0,0.5,0.67,0.0,0.0,0.25,0.0,2.0
2,新竹御嵿攻城獅,5948|10888,克雷格/帕塞獅,1,23,30.0,411.23,6.85,06:51,411.23,6.85,06:51,11.0,11.0,36.67,57.78,14.0,14.0,46.67,73.53,12.0,12.0,40.0,63.03,4.0,4.0,13.33,21.01,6.0,6.0,20.0,31.51,2.0,2.0,6.67,10.5,6.0,6.0,20.0,31.51,2.0,2.0,6.67,10.5,2.0,2.0,6.67,10.5,1.0,1.0,3.33,5.25,3.0,3.0,10.0,15.76,6.0,6.0,20.0,31.51,3.0,3.0,10.0,15.76,6.0,6.0,20.0,31.51,1.0,1.0,3.33,5.25,2.0,2.0,6.67,10.5,0.0,0.0,0.0,0.0,0.0,0.0,0.0,0.0,2.0,2.0,6.67,10.5,1.0,1.0,3.33,5.25,36.67,46.67,-10.0,105.05,-3.0,-3.0,-10.0,6.85,6.85,0.42,0.43,0.33,0.33,0.5,0.07,0.5,0.33,0.67,0.5,0.0,0.0,0.07,3.33,0.17
2,高雄全家海神,45|12908,施晉堯/布里茲克,8,627,739.0,10208.82,170.15,170:09,1276.1,21.27,21:16,332.0,41.5,44.93,70.25,315.0,39.38,42.63,66.65,292.0,36.5,39.51,61.78,124.0,15.5,16.78,26.24,174.0,21.75,23.55,36.82,84.0,10.5,11.37,17.77,118.0,14.75,15.97,24.97,40.0,5.0,5.41,8.46,61.0,7.62,8.25,12.91,42.0,5.25,5.68,8.89,49.0,6.12,6.63,10.37,121.0,15.12,16.37,25.6,37.0,4.62,5.01,7.83,96.0,12.0,12.99,20.31,49.0,6.12,6.63,10.37,78.0,9.75,10.55,16.5,24.0,3.0,3.25,5.08,15.0,1.88,2.03,3.17,62.0,7.75,8.39,13.12,80.0,10.0,10.83,16.93,44.93,42.63,2.3,104.24,17.0,2.12,2.3,170.15,21.27,0.49,0.52,0.48,0.34,0.69,0.13,0.63,0.34,0.77,0.56,3.25,2.03,0.08,10.83,0.21
2,高雄全家海神,118|12908,蘇文儒/布里茲克,5,546,650.0,9165.21,152.75,152:45,1833.04,30.55,30:33,288.0,57.6,44.31,67.87,277.0,55.4,42.62,65.28,247.0,49.4,38.0,58.21,112.0,22.4,17.23,26.4,149.0,29.8,22.92,35.12,76.0,15.2,11.69,17.91,98.0,19.6,15.08,23.1,36.0,7.2,5.54,8.48,36.0,7.2,5.54,8.48,26.0,5.2,4.0,6.13,33.0,6.6,5.08,7.78,106.0,21.2,16.31,24.98,35.0,7.0,5.38,8.25,95.0,19.0,14.62,22.39,51.0,10.2,7.85,12.02,70.0,14.0,10.77,16.5,26.0,5.2,4.0,6.13,16.0,3.2,2.46,3.77,43.0,8.6,6.62,10.13,59.0,11.8,9.08,13.9,44.31,42.62,1.69,102.13,11.0,2.2,1.69,152.75,30.55,0.53,0.55,0.51,0.37,0.72,0.16,0.62,0.26,0.75,0.52,4.0,2.46,0.07,9.08,0.15
2,高雄全家海神,119|12908,余純安/布里茲克,5,108,130.0,1655.94,27.6,27:36,331.19,5.52,05:31,58.0,11.6,44.62,75.65,48.0,9.6,36.92,62.61,51.0,10.2,39.23,66.52,22.0,4.4,16.92,28.7,29.0,5.8,22.31,37.83,13.0,2.6,10.0,16.96,22.0,4.4,16.92,28.7,9.0,1.8,6.92,11.74,10.0,2.0,7.69,13.04,5.0,1.0,3.85,6.52,7.0,1.4,5.38,9.13,22.0,4.4,16.92,28.7,11.0,2.2,8.46,14.35,18.0,3.6,13.85,23.48,8.0,1.6,6.15,10.44,15.0,3.0,11.54,19.57,4.0,0.8,3.08,5.22,2.0,0.4,1.54,2.61,16.0,3.2,12.31,20.87,10.0,2.0,7.69,13.04,44.62,36.92,7.69,113.05,10.0,2.0,7.69,27.6,5.52,0.52,0.52,0.45,0.41,0.5,0.13,0.68,0.28,0.67,0.5,3.08,1.54,0.12,7.69,0.2
2,高雄全家海神,10893|12908,崔維斯/布里茲克,1,76,91.0,1926.12,32.1,32:06,1926.12,32.1,32:06,29.0,29.0,31.87,32.52,39.0,39.0,42.86,43.74,38.0,38.0,41.76,42.61,13.0,13.0,14.29,14.58,27.0,27.0,29.67,30.28,10.0,10.0,10.99,11.21,11.0,11.0,12.09,12.34,3.0,3.0,3.3,3.36,1.0,1.0,1.1,1.12,0.0,0.0,0.0,0.0,7.0,7.0,7.69,7.85,16.0,16.0,17.58,17.94,1.0,1.0,1.1,1.12,13.0,13.0,14.29,14.58,9.0,9.0,9.89,10.09,8.0,8.0,8.79,8.97,4.0,4.0,4.4,4.49,3.0,3.0,3.3,3.36,7.0,7.0,7.69,7.85,13.0,13.0,14.29,14.58,31.87,42.86,-10.99,68.03,-10.0,-10.0,-10.99,32.1,32.1,0.38,0.38,0.37,0.27,0.0,0.19,0.62,0.35,0.94,0.62,4.4,3.3,0.08,14.29,0.03
2,高雄全家海神,122|12908,陳懷安/布里茲克,6,198,242.0,3906.5,65.11,65:07,651.08,10.85,10:51,97.0,16.17,40.08,53.63,103.0,17.17,42.56,56.95,87.0,14.5,35.95,48.1,38.0,6.33,15.7,21.01,50.0,8.33,20.66,27.65,27.0,4.5,11.16,14.93,37.0,6.17,15.29,20.46,11.0,1.83,4.55,6.08,15.0,2.5,6.2,8.29,10.0,1.67,4.13,5.53,12.0,2.0,4.96,6.64,36.0,6.0,14.88,19.91,15.0,2.5,6.2,8.29,28.0,4.67,11.57,15.48,24.0,4.0,9.92,13.27,20.0,3.33,8.26,11.06,12.0,2.0,4.96,6.64,4.0,0.67,1.65,2.21,17.0,2.83,7.02,9.4,43.0,7.17,17.77,23.78,40.08,42.56,-2.48,89.21,-6.0,-1.0,-2.48,65.11,10.85,0.5,0.52,0.54,0.3,0.67,0.2,0.53,0.3,0.71,0.53,4.96,1.65,0.07,17.77,0.17
2,高雄全家海神,123|12908,勤明慶/布里茲克,7,221,270.0,4290.62,71.51,71:31,612.95,10.22,10:13,120.0,17.14,44.44,60.41,120.0,17.14,44.44,60.41,96.0,13.71,35.56,48.33,43.0,6.14,15.93,21.65,56.0,8.0,20.74,28.19,28.0,4.0,10.37,14.1,40.0,5.71,14.81,20.14,15.0,2.14,5.56,7.55,23.0,3.29,8.52,11.58,17.0,2.43,6.3,8.56,13.0,1.86,4.81,6.54,40.0,5.71,14.81,20.14,18.0,2.57,6.67,9.06,31.0,4.43,11.48,15.61,24.0,3.43,8.89,12.08,26.0,3.71,9.63,13.09,13.0,1.86,4.81,6.54,3.0,0.43,1.11,1.51,21.0,3.0,7.78,10.57,41.0,5.86,15.19,20.64,44.44,44.44,0.0,90.62,0.0,0.0,0.0,71.51,10.22,0.53,0.57,0.5,0.38,0.74,0.18,0.6,0.3,0.69,0.52,4.81,1.11,0.08,15.19,0.24
2,高雄全家海神,12668|12908,歐提斯/布里茲克,6,254,319.0,4166.05,69.43,69:26,694.34,11.57,11:34,129.0,21.5,40.44,66.88,131.0,21.83,41.07,67.92,119.0,19.83,37.3,61.7,48.0,8.0,15.05,24.89,66.0,11.0,20.69,34.22,31.0,5.17,9.72,16.07,53.0,8.83,16.61,27.48,17.0,2.83,5.33,8.81,21.0,3.5,6.58,10.89,14.0,2.33,4.39,7.26,19.0,3.17,5.96,9.85,57.0,9.5,17.87,29.55,31.0,5.17,9.72,16.07,38.0,6.33,11.91,19.7,23.0,3.83,7.21,11.92,30.0,5.0,9.4,15.55,11.0,1.83,3.45,5.7,3.0,0.5,0.94,1.56,23.0,3.83,7.21,11.92,41.0,6.83,12.85,21.26,40.44,41.07,-0.63,110.26,-2.0,-0.33,-0.63,69.43,11.57,0.47,0.5,0.47,0.32,0.67,0.15,0.62,0.33,0.65,0.52,3.45,0.94,0.07,12.85,0.18
2,高雄全家海神,121|12908,吳曉謹/布里茲克,10,444,535.0,7896.68,131.61,131:37,789.67,13.16,13:10,219.0,21.9,40.93,59.9,251.0,25.1,46.92,68.66,209.0,20.9,39.07,57.17,84.0,8.4,15.7,22.98,118.0,11.8,22.06,32.28,63.0,6.3,11.78,17.23,91.0,9.1,17.01,24.89,21.0,2.1,3.93,5.74,38.0,3.8,7.1,10.39,28.0,2.8,5.23,7.66,37.0,3.7,6.92,10.12,88.0,8.8,16.45,24.07,29.0,2.9,5.42,7.93,71.0,7.1,13.27,19.42,40.0,4.0,7.48,10.94,42.0,4.2,7.85,11.49,18.0,1.8,3.36,4.92,9.0,0.9,1.68,2.46,49.0,4.9,9.16,13.4,57.0,5.7,10.65,15.59,40.93,46.92,-5.98,97.56,-32.0,-3.2,-5.98,131.61,13.16,0.45,0.49,0.53,0.23,0.74,0.15,0.5,0.34,0.75,0.56,3.36,1.68,0.09,10.65,0.18
2,高雄全家海神,45|10891,施晉堯/廖偉皓,3,42,47.0,647.37,10.79,10:47,215.79,3.6,03:36,30.0,10.0,63.83,100.1,24.0,8.0,51.06,80.08,18.0,6.0,38.3,60.06,9.0,3.0,19.15,30.03,11.0,3.67,23.4,36.7,4.0,1.33,8.51,13.35,7.0,2.33,14.89,23.36,5.0,1.67,10.64,16.68,7.0,2.33,14.89,23.36,7.0,2.33,14.89,23.36,2.0,0.67,4.26,6.67,8.0,2.67,17.02,26.69,1.0,0.33,2.13,3.34,6.0,2.0,12.77,20.02,2.0,0.67,4.26,6.67,9.0,3.0,19.15,30.03,1.0,0.33,2.13,3.34,1.0,0.33,2.13,3.34,7.0,2.33,14.89,23.36,13.0,4.33,27.66,43.38,63.83,51.06,12.77,104.55,6.0,2.0,12.77,10.79,3.6,0.64,0.71,0.36,0.71,1.0,0.09,1.0,0.25,0.89,0.59,2.13,2.13,0.15,27.66,0.39
2,高雄全家海神,10891|12908,廖偉皓/布里茲克,2,64,72.0,974.23,16.24,16:14,487.12,8.12,08:07,40.0,20.0,55.56,88.69,40.0,20.0,55.56,88.69,27.0,13.5,37.5,59.86,12.0,6.0,16.67,26.61,17.0,8.5,23.61,37.69,7.0,3.5,9.72,15.52,10.0,5.0,13.89,22.17,5.0,2.5,6.94,11.09,13.0,6.5,18.06,28.82,11.0,5.5,15.28,24.39,2.0,1.0,2.78,4.43,16.0,8.0,22.22,35.47,2.0,1.0,2.78,4.43,10.0,5.0,13.89,22.17,2.0,1.0,2.78,4.43,9.0,4.5,12.5,19.95,0.0,0.0,0.0,0.0,1.0,0.5,1.39,2.22,10.0,5.0,13.89,22.17,14.0,7.0,19.44,31.04,55.56,55.56,0.0,106.42,0.0,0.0,0.0,16.24,8.12,0.54,0.61,0.41,0.5,0.85,0.06,0.75,0.17,0.89,0.6,0.0,1.39,0.14,19.44,0.48
2,新竹御嵿攻城獅,82|90,蕭順議/李啓瑋,2,11,14.0,209.23,3.49,03:29,104.62,1.74,01:45,2.0,1.0,14.29,20.65,7.0,3.5,50.0,72.26,6.0,3.0,42.86,61.94,1.0,0.5,7.14,10.32,4.0,2.0,28.57,41.29,1.0,0.5,7.14,10.32,2.0,1.0,14.29,20.65,0.0,0.0,0.0,0.0,0.0,0.0,0.0,0.0,0.0,0.0,0.0,0.0,1.0,0.5,7.14,10.32,4.0,2.0,28.57,41.29,1.0,0.5,7.14,10.32,3.0,1.5,21.43,30.97,0.0,0.0,0.0,0.0,0.0,0.0,0.0,0.0,0.0,0.0,0.0,0.0,0.0,0.0,0.0,0.0,1.0,0.5,7.14,10.32,3.0,1.5,21.43,30.97,14.29,50.0,-35.71,96.35,-5.0,-2.5,-35.71,3.49,1.74,0.17,0.17,0.25,0.0,,0.0,0.0,0.25,0.8,0.56,0.0,0.0,0.07,21.43,0.0
2,高雄全家海神,10891|10893,廖偉皓/崔維斯,1,4,6.0,66.5,1.11,01:06,66.5,1.11,01:06,3.0,3.0,50.0,97.45,3.0,3.0,50.0,97.45,1.0,1.0,16.67,32.48,1.0,1.0,16.67,32.48,0.0,0.0,0.0,0.0,0.0,0.0,0.0,0.0,1.0,1.0,16.67,32.48,1.0,1.0,16.67,32.48,0.0,0.0,0.0,0.0,0.0,0.0,0.0,0.0,0.0,0.0,0.0,0.0,0.0,0.0,0.0,0.0,2.0,2.0,33.33,64.96,1.0,1.0,16.67,32.48,1.0,1.0,16.67,32.48,0.0,0.0,0.0,0.0,1.0,1.0,16.67,32.48,0.0,0.0,0.0,0.0,0.0,0.0,0.0,0.0,2.0,2.0,33.33,64.96,50.0,50.0,0.0,129.93,0.0,0.0,0.0,1.11,1.11,1.5,1.5,,1.0,,0.5,0.0,0.0,0.0,0.0,16.67,0.0,0.0,33.33,0.0
2,臺北台新戰神,1|10865,丁聖儒/謝銘駿,13,571,703.0,10168.86,169.48,169:29,782.22,13.04,13:02,327.0,25.15,46.51,69.46,305.0,23.46,43.39,64.79,257.0,19.77,36.56,54.59,109.0,8.38,15.5,23.15,152.0,11.69,21.62,32.29,75.0,5.77,10.67,15.93,105.0,8.08,14.94,22.3,34.0,2.62,4.84,7.22,96.0,7.38,13.66,20.39,75.0,5.77,10.67,15.93,48.0,3.69,6.83,10.2,108.0,8.31,15.36,22.94,48.0,3.69,6.83,10.2,94.0,7.23,13.37,19.97,44.0,3.38,6.26,9.35,70.0,5.38,9.96,14.87,19.0,1.46,2.7,4.04,11.0,0.85,1.56,2.34,65.0,5.0,9.25,13.81,103.0,7.92,14.65,21.88,46.51,43.39,3.13,99.55,22.0,1.69,3.13,169.48,13.04,0.49,0.55,0.49,0.32,0.78,0.13,0.64,0.34,0.69,0.52,2.7,1.56,0.09,14.65,0.37
2,桃園台啤永豐雲豹,57|10884,莊博元/徐宏瑋,2,16,24.0,224.95,3.75,03:45,112.48,1.87,01:52,0.0,0.0,0.0,0.0,4.0,2.0,16.67,38.41,6.0,3.0,25.0,57.61,0.0,0.0,0.0,0.0,3.0,1.5,12.5,28.81,0.0,0.0,0.0,0.0,3.0,1.5,12.5,28.81,0.0,0.0,0.0,0.0,0.0,0.0,0.0,0.0,0.0,0.0,0.0,0.0,2.0,1.0,8.33,19.2,3.0,1.5,12.5,28.81,3.0,1.5,12.5,28.81,4.0,2.0,16.67,38.41,6.0,3.0,25.0,57.61,0.0,0.0,0.0,0.0,2.0,1.0,8.33,19.2,0.0,0.0,0.0,0.0,0.0,0.0,0.0,0.0,5.0,2.5,20.83,48.01,0.0,16.67,-16.67,153.63,-4.0,-2.0,-16.67,3.75,1.87,0.0,0.0,0.0,0.0,,0.5,,0.33,0.5,0.42,8.33,0.0,0.0,20.83,0.0
2,桃園台啤永豐雲豹,62|10884,王皓吉/徐宏瑋,1,3,3.0,55.0,0.92,00:55,55.0,0.92,00:55,3.0,3.0,100.0,117.82,2.0,2.0,66.67,78.55,1.0,1.0,33.33,39.27,1.0,1.0,33.33,39.27,0.0,0.0,0.0,0.0,0.0,0.0,0.0,0.0,1.0,1.0,33.33,39.27,1.0,1.0,33.33,39.27,0.0,0.0,0.0,0.0,0.0,0.0,0.0,0.0,0.0,0.0,0.0,0.0,0.0,0.0,0.0,0.0,0.0,0.0,0.0,0.0,1.0,1.0,33.33,39.27,0.0,0.0,0.0,0.0,1.0,1.0,33.33,39.27,0.0,0.0,0.0,0.0,0.0,0.0,0.0,0.0,0.0,0.0,0.0,0.0,0.0,0.0,0.0,0.0,100.0,66.67,33.33,78.55,1.0,1.0,33.33,0.92,0.92,1.5,1.5,,1.0,,0.0,1.0,0.0,,0.0,0.0,0.0,0.0,0.0,0.0
2,桃園台啤永豐雲豹,68|3129,克羅馬/董永全,7,282,347.0,4677.0,77.95,77:57,668.14,11.14,11:08,177.0,25.29,51.01,81.74,140.0,20.0,40.35,64.66,134.0,19.14,38.62,61.89,64.0,9.14,18.44,29.56,82.0,11.71,23.63,37.87,42.0,6.0,12.1,19.4,52.0,7.43,14.99,24.02,22.0,3.14,6.34,10.16,37.0,5.29,10.66,17.09,27.0,3.86,7.78,12.47,25.0,3.57,7.2,11.55,49.0,7.0,14.12,22.63,25.0,3.57,7.2,11.55,50.0,7.14,14.41,23.09,14.0,2.0,4.03,6.47,38.0,5.43,10.95,17.55,7.0,1.0,2.02,3.23,5.0,0.71,1.44,2.31,34.0,4.86,9.8,15.7,39.0,5.57,11.24,18.01,51.01,40.35,10.66,106.84,37.0,5.29,10.66,77.95,11.14,0.56,0.59,0.51,0.42,0.73,0.09,0.59,0.33,0.66,0.5,2.02,1.44,0.1,11.24,0.28
2,臺北台新戰神,5|11,黃聰翰/蘇奕晉,2,9,14.0,219.06,3.65,03:39,109.53,1.83,01:50,10.0,5.0,71.43,98.6,6.0,3.0,42.86,59.16,5.0,2.5,35.71,49.3,4.0,2.0,28.57,39.44,2.0,1.0,14.29,19.72,1.0,0.5,7.14,9.86,3.0,1.5,21.43,29.58,3.0,1.5,21.43,29.58,2.0,1.0,14.29,19.72,1.0,0.5,7.14,9.86,1.0,0.5,7.14,9.86,0.0,0.0,0.0,0.0,3.0,1.5,21.43,29.58,2.0,1.0,14.29,19.72,2.0,1.0,14.29,19.72,1.0,0.5,7.14,9.86,2.0,1.0,14.29,19.72,0.0,0.0,0.0,0.0,0.0,0.0,0.0,0.0,0.0,0.0,0.0,0.0,71.43,42.86,28.57,92.03,4.0,2.0,28.57,3.65,1.83,1.1,0.85,0.5,1.0,0.5,0.25,0.25,0.33,0.0,0.17,14.29,0.0,0.0,0.0,0.4
2,臺北台新戰神,11|14,蘇奕晉/錢肯尼,7,115,133.0,1852.0,30.87,30:52,264.57,4.41,04:25,50.0,7.14,37.59,58.32,48.0,6.86,36.09,55.98,43.0,6.14,32.33,50.15,19.0,2.71,14.29,22.16,25.0,3.57,18.8,29.16,14.0,2.0,10.53,16.33,18.0,2.57,13.53,20.99,5.0,0.71,3.76,5.83,15.0,2.14,11.28,17.49,9.0,1.29,6.77,10.5,6.0,0.86,4.51,7.0,20.0,2.86,15.04,23.33,6.0,0.86,4.51,7.0,23.0,3.29,17.29,26.83,17.0,2.43,12.78,19.83,7.0,1.0,5.26,8.16,10.0,1.43,7.52,11.66,3.0,0.43,2.26,3.5,14.0,2.0,10.53,16.33,9.0,1.29,6.77,10.5,37.59,36.09,1.5,103.41,2.0,0.29,1.5,30.87,4.41,0.5,0.5,0.56,0.28,0.6,0.26,0.37,0.21,0.77,0.47,7.52,2.26,0.11,6.77,0.35
2,臺北台新戰神,11|10869,蘇奕晉/基德,7,181,203.0,2745.41,45.76,45:45,392.2,6.54,06:32,94.0,13.43,46.31,73.96,75.0,10.71,36.95,59.01,67.0,9.57,33.0,52.71,33.0,4.71,16.26,25.96,40.0,5.71,19.7,31.47,23.0,3.29,11.33,18.1,27.0,3.86,13.3,21.24,10.0,1.43,4.93,7.87,26.0,3.71,12.81,20.46,18.0,2.57,8.87,14.16,9.0,1.29,4.43,7.08,27.0,3.86,13.3,21.24,8.0,1.14,3.94,6.29,43.0,6.14,21.18,33.83,20.0,2.86,9.85,15.74,17.0,2.43,8.37,13.38,12.0,1.71,5.91,9.44,5.0,0.71,2.46,3.93,18.0,2.57,8.87,14.16,24.0,3.43,11.82,18.88,46.31,36.95,9.36,106.48,19.0,2.71,9.36,45.76,6.54,0.57,0.6,0.57,0.37,0.69,0.2,0.52,0.17,0.77,0.41,5.91,2.46,0.09,11.82,0.39
2,臺北台新戰神,11|10870,蘇奕晉/洛夫頓,4,68,81.0,1078.57,17.98,17:59,269.64,4.49,04:30,38.0,9.5,46.91,76.1,23.0,5.75,28.4,46.06,33.0,8.25,40.74,66.09,14.0,3.5,17.28,28.04,14.0,3.5,17.28,28.04,7.0,1.75,8.64,14.02,19.0,4.75,23.46,38.05,7.0,1.75,8.64,14.02,4.0,1.0,4.94,8.01,3.0,0.75,3.7,6.01,6.0,1.5,7.41,12.02,13.0,3.25,16.05,26.03,4.0,1.0,4.94,8.01,14.0,3.5,17.28,28.04,6.0,1.5,7.41,12.02,3.0,0.75,3.7,6.01,4.0,1.0,4.94,8.01,2.0,0.5,2.47,4.01,7.0,1.75,8.64,14.02,6.0,1.5,7.41,12.02,46.91,28.4,18.52,108.14,15.0,3.75,18.52,17.98,4.49,0.53,0.55,0.5,0.37,0.75,0.15,0.21,0.3,0.76,0.51,4.94,2.47,0.09,7.41,0.12
2,臺北台新戰神,11|10865,蘇奕晉/謝銘駿,8,91,103.0,1463.63,24.39,24:24,182.95,3.05,03:03,51.0,6.38,49.51,75.26,36.0,4.5,34.95,53.13,43.0,5.38,41.75,63.46,21.0,2.62,20.39,30.99,26.0,3.25,25.24,38.37,14.0,1.75,13.59,20.66,17.0,2.12,16.5,25.09,7.0,0.88,6.8,10.33,7.0,0.88,6.8,10.33,4.0,0.5,3.88,5.9,6.0,0.75,5.83,8.85,16.0,2.0,15.53,23.61,4.0,0.5,3.88,5.9,19.0,2.38,18.45,28.04,5.0,0.62,4.85,7.38,10.0,1.25,9.71,14.76,3.0,0.38,2.91,4.43,3.0,0.38,2.91,4.43,9.0,1.12,8.74,13.28,10.0,1.25,9.71,14.76,49.51,34.95,14.56,101.34,15.0,1.88,14.56,24.39,3.05,0.57,0.55,0.54,0.41,0.57,0.1,0.48,0.24,0.8,0.49,2.91,2.91,0.09,9.71,0.16
2,臺北台新戰神,10|11,雷蒙恩/蘇奕晉,7,96,106.0,1418.75,23.65,23:39,202.68,3.38,03:23,41.0,5.86,38.68,62.42,43.0,6.14,40.57,65.47,36.0,5.14,33.96,54.81,14.0,2.0,13.21,21.31,18.0,2.57,16.98,27.4,10.0,1.43,9.43,15.22,18.0,2.57,16.98,27.4,4.0,0.57,3.77,6.09,9.0,1.29,8.49,13.7,9.0,1.29,8.49,13.7,4.0,0.57,3.77,6.09,18.0,2.57,16.98,27.4,4.0,0.57,3.77,6.09,19.0,2.71,17.92,28.93,12.0,1.71,11.32,18.27,4.0,0.57,3.77,6.09,8.0,1.14,7.55,12.18,3.0,0.43,2.83,4.57,9.0,1.29,8.49,13.7,12.0,1.71,11.32,18.27,38.68,40.57,-1.89,107.59,-2.0,-0.29,-1.89,23.65,3.38,0.44,0.51,0.56,0.22,1.0,0.23,0.29,0.17,0.82,0.49,7.55,2.83,0.08,11.32,0.25
2,臺北台新戰神,11|10868,蘇奕晉/齊曼加,3,37,44.0,563.52,9.39,09:24,187.84,3.13,03:08,20.0,6.67,45.45,76.66,18.0,6.0,40.91,69.0,13.0,4.33,29.55,49.83,7.0,2.33,15.91,26.83,7.0,2.33,15.91,26.83,4.0,1.33,9.09,15.33,6.0,2.0,13.64,23.0,3.0,1.0,6.82,11.5,6.0,2.0,13.64,23.0,3.0,1.0,6.82,11.5,2.0,0.67,4.55,7.67,5.0,1.67,11.36,19.17,1.0,0.33,2.27,3.83,6.0,2.0,13.64,23.0,5.0,1.67,11.36,19.17,2.0,0.67,4.55,7.67,4.0,1.33,9.09,15.33,1.0,0.33,2.27,3.83,6.0,2.0,13.64,23.0,2.0,0.67,4.55,7.67,45.45,40.91,4.55,112.44,2.0,0.67,4.55,9.39,3.13,0.65,0.64,0.57,0.5,0.5,0.24,0.29,0.25,0.83,0.5,9.09,2.27,0.14,4.55,0.46
2,高雄全家海神,110|12908,胡瓏貿/布里茲克,9,843,1002.0,13995.43,233.26,233:15,1555.05,25.92,25:55,434.0,48.22,43.31,66.98,444.0,49.33,44.31,68.53,394.0,43.78,39.32,60.81,170.0,18.89,16.97,26.24,226.0,25.11,22.55,34.88,124.0,13.78,12.38,19.14,168.0,18.67,16.77,25.93,46.0,5.11,4.59,7.1,66.0,7.33,6.59,10.19,48.0,5.33,4.79,7.41,63.0,7.0,6.29,9.72,164.0,18.22,16.37,25.31,63.0,7.0,6.29,9.72,135.0,15.0,13.47,20.84,70.0,7.78,6.99,10.8,90.0,10.0,8.98,13.89,37.0,4.11,3.69,5.71,23.0,2.56,2.3,3.55,81.0,9.0,8.08,12.5,79.0,8.78,7.88,12.19,43.31,44.31,-1.0,103.1,-10.0,-1.11,-1.0,233.26,25.92,0.49,0.51,0.55,0.27,0.73,0.14,0.53,0.32,0.72,0.53,3.69,2.3,0.08,7.88,0.17
2,高雄全家海神,10894|12908,凱帝/布里茲克,3,216,249.0,3594.02,59.9,59:54,1198.01,19.97,19:58,110.0,36.67,44.18,66.11,114.0,38.0,45.78,68.51,90.0,30.0,36.14,54.09,42.0,14.0,16.87,25.24,52.0,17.33,20.88,31.25,30.0,10.0,12.05,18.03,38.0,12.67,15.26,22.84,12.0,4.0,4.82,7.21,18.0,6.0,7.23,10.82,14.0,4.67,5.62,8.41,11.0,3.67,4.42,6.61,40.0,13.33,16.06,24.04,15.0,5.0,6.02,9.01,39.0,13.0,15.66,23.44,21.0,7.0,8.43,12.62,29.0,9.67,11.65,17.43,10.0,3.33,4.02,6.01,4.0,1.33,1.61,2.4,22.0,7.33,8.84,13.22,17.0,5.67,6.83,10.22,44.18,45.78,-1.61,99.77,-4.0,-1.33,-1.61,59.9,19.97,0.53,0.56,0.58,0.32,0.78,0.18,0.69,0.22,0.73,0.49,4.02,1.61,0.09,6.83,0.2
2,高雄全家海神,108|12668,魏莨哲/歐提斯,4,114,140.0,1926.89,32.11,32:07,481.72,8.03,08:02,50.0,12.5,35.71,56.05,64.0,16.0,45.71,71.74,51.0,12.75,36.43,57.17,21.0,5.25,15.0,23.54,37.0,9.25,26.43,41.48,18.0,4.5,12.86,20.18,14.0,3.5,10.0,15.69,3.0,0.75,2.14,3.36,6.0,1.5,4.29,6.73,5.0,1.25,3.57,5.6,8.0,2.0,5.71,8.97,23.0,5.75,16.43,25.78,11.0,2.75,7.86,12.33,24.0,6.0,17.14,26.9,9.0,2.25,6.43,10.09,9.0,2.25,6.43,10.09,5.0,1.25,3.57,5.6,2.0,0.5,1.43,2.24,7.0,1.75,5.0,7.85,15.0,3.75,10.71,16.81,35.71,45.71,-10.0,104.62,-14.0,-3.5,-10.0,32.11,8.03,0.44,0.47,0.49,0.21,0.83,0.14,0.43,0.25,0.68,0.47,3.57,1.43,0.05,10.71,0.12
2,高雄全家海神,108|12908,魏莨哲/布里茲克,3,49,61.0,829.27,13.82,13:49,276.42,4.61,04:36,22.0,7.33,36.07,57.3,29.0,9.67,47.54,75.54,23.0,7.67,37.7,59.91,9.0,3.0,14.75,23.44,15.0,5.0,24.59,39.07,7.0,2.33,11.48,18.23,8.0,2.67,13.11,20.84,2.0,0.67,3.28,5.21,3.0,1.0,4.92,7.81,2.0,0.67,3.28,5.21,2.0,0.67,3.28,5.21,13.0,4.33,21.31,33.86,6.0,2.0,9.84,15.63,7.0,2.33,11.48,18.23,1.0,0.33,1.64,2.6,4.0,1.33,6.56,10.42,1.0,0.33,1.64,2.6,0.0,0.0,0.0,0.0,4.0,1.33,6.56,10.42,10.0,3.33,16.39,26.05,36.07,47.54,-11.48,105.92,-7.0,-2.33,-11.48,13.82,4.61,0.43,0.45,0.47,0.25,0.67,0.04,0.44,0.22,0.68,0.54,1.64,0.0,0.07,16.39,0.13
2,桃園台啤永豐雲豹,56|3129,丁冠皓/董永全,1,13,17.0,238.65,3.98,03:59,238.65,3.98,03:59,9.0,9.0,52.94,81.46,5.0,5.0,29.41,45.25,6.0,6.0,35.29,54.3,3.0,3.0,17.65,27.15,3.0,3.0,17.65,27.15,2.0,2.0,11.76,18.1,3.0,3.0,17.65,27.15,1.0,1.0,5.88,9.05,5.0,5.0,29.41,45.25,2.0,2.0,11.76,18.1,1.0,1.0,5.88,9.05,5.0,5.0,29.41,45.25,0.0,0.0,0.0,0.0,1.0,1.0,5.88,9.05,0.0,0.0,0.0,0.0,2.0,2.0,11.76,18.1,0.0,0.0,0.0,0.0,0.0,0.0,0.0,0.0,3.0,3.0,17.65,27.15,0.0,0.0,0.0,0.0,52.94,29.41,23.53,102.57,4.0,4.0,23.53,3.98,3.98,0.58,0.55,0.67,0.33,0.4,0.0,0.67,0.5,1.0,0.86,0.0,0.0,0.18,0.0,0.83
2,高雄全家海神,108|116,魏莨哲/呂威霆,3,46,59.0,804.66,13.41,13:25,268.22,4.47,04:28,19.0,6.33,32.2,51.0,32.0,10.67,54.24,85.9,19.0,6.33,32.2,51.0,8.0,2.67,13.56,21.48,14.0,4.67,23.73,37.58,7.0,2.33,11.86,18.79,5.0,1.67,8.47,13.42,1.0,0.33,1.69,2.68,2.0,0.67,3.39,5.37,2.0,0.67,3.39,5.37,3.0,1.0,5.08,8.05,8.0,2.67,13.56,21.48,6.0,2.0,10.17,16.11,10.0,3.33,16.95,26.84,5.0,1.67,8.47,13.42,4.0,1.33,6.78,10.74,2.0,0.67,3.39,5.37,0.0,0.0,0.0,0.0,3.0,1.0,5.08,8.05,5.0,1.67,8.47,13.42,32.2,54.24,-22.03,105.59,-13.0,-4.33,-22.03,13.41,4.47,0.45,0.48,0.5,0.2,1.0,0.2,0.5,0.23,0.57,0.41,3.39,0.0,0.05,8.47,0.11
2,高雄全家海神,116|12908,呂威霆/布里茲克,8,344,407.0,5423.31,90.39,90:23,677.91,11.3,11:18,192.0,24.0,47.17,76.47,193.0,24.12,47.42,76.87,153.0,19.12,37.59,60.94,66.0,8.25,16.22,26.29,90.0,11.25,22.11,35.85,42.0,5.25,10.32,16.73,63.0,7.88,15.48,25.09,24.0,3.0,5.9,9.56,44.0,5.5,10.81,17.52,36.0,4.5,8.85,14.34,21.0,2.62,5.16,8.36,68.0,8.5,16.71,27.08,23.0,2.88,5.65,9.16,58.0,7.25,14.25,23.1,23.0,2.88,5.65,9.16,38.0,4.75,9.34,15.13,11.0,1.38,2.7,4.38,8.0,1.0,1.97,3.19,42.0,5.25,10.32,16.73,53.0,6.62,13.02,21.11,47.17,47.42,-0.25,108.07,-1.0,-0.12,-0.25,90.39,11.3,0.51,0.56,0.47,0.38,0.82,0.12,0.58,0.27,0.75,0.52,2.7,1.97,0.1,13.02,0.29
2,桃園台啤永豐雲豹,64|3129,劉元凱/董永全,2,18,21.0,304.54,5.08,05:05,152.27,2.54,02:32,11.0,5.5,52.38,78.02,7.0,3.5,33.33,49.65,6.0,3.0,28.57,42.56,3.0,1.5,14.29,21.28,4.0,2.0,19.05,28.37,2.0,1.0,9.52,14.19,2.0,1.0,9.52,14.19,1.0,0.5,4.76,7.09,6.0,3.0,28.57,42.56,3.0,1.5,14.29,21.28,0.0,0.0,0.0,0.0,5.0,2.5,23.81,35.46,2.0,1.0,9.52,14.19,1.0,0.5,4.76,7.09,0.0,0.0,0.0,0.0,2.0,1.0,9.52,14.19,0.0,0.0,0.0,0.0,0.0,0.0,0.0,0.0,4.0,2.0,19.05,28.37,0.0,0.0,0.0,0.0,52.38,33.33,19.05,99.3,4.0,2.0,19.05,5.08,2.54,0.58,0.64,0.5,0.5,0.5,0.0,0.67,0.0,0.71,0.62,0.0,0.0,0.19,0.0,1.0
2,高雄全家海神,116|10891,呂威霆/廖偉皓,5,116,139.0,1883.67,31.39,31:24,376.73,6.28,06:17,53.0,10.6,38.13,60.78,74.0,14.8,53.24,84.86,46.0,9.2,33.09,52.75,17.0,3.4,12.23,19.49,30.0,6.0,21.58,34.4,13.0,2.6,9.35,14.91,16.0,3.2,11.51,18.35,4.0,0.8,2.88,4.59,21.0,4.2,15.11,24.08,17.0,3.4,12.23,19.49,7.0,1.4,5.04,8.03,26.0,5.2,18.71,29.81,9.0,1.8,6.47,10.32,22.0,4.4,15.83,25.23,10.0,2.0,7.19,11.47,12.0,2.4,8.63,13.76,6.0,1.2,4.32,6.88,2.0,0.4,1.44,2.29,14.0,2.8,10.07,16.05,17.0,3.4,12.23,19.49,38.13,53.24,-15.11,106.26,-21.0,-4.2,-15.11,31.39,6.28,0.41,0.48,0.43,0.25,0.81,0.15,0.71,0.24,0.74,0.52,4.32,1.44,0.1,12.23,0.46
2,高雄全家海神,108|122,魏莨哲/陳懷安,4,30,37.0,486.6,8.11,08:07,121.65,2.03,02:02,11.0,2.75,29.73,48.83,17.0,4.25,45.95,75.46,11.0,2.75,29.73,48.83,4.0,1.0,10.81,17.76,8.0,2.0,21.62,35.51,4.0,1.0,10.81,17.76,3.0,0.75,8.11,13.32,0.0,0.0,0.0,0.0,2.0,0.5,5.41,8.88,2.0,0.5,5.41,8.88,3.0,0.75,8.11,13.32,4.0,1.0,10.81,17.76,2.0,0.5,5.41,8.88,6.0,1.5,16.22,26.63,5.0,1.25,13.51,22.19,3.0,0.75,8.11,13.32,2.0,0.5,5.41,8.88,0.0,0.0,0.0,0.0,0.0,0.0,0.0,0.0,5.0,1.25,13.51,22.19,29.73,45.95,-16.22,109.49,-6.0,-1.5,-16.22,8.11,2.03,0.36,0.46,0.5,0.0,1.0,0.3,0.75,0.33,0.67,0.47,5.41,0.0,0.0,13.51,0.18
2,福爾摩沙夢想家,73|77,陳振傑/馬建豪,6,172,201.0,3379.14,56.32,56:19,563.19,9.39,09:23,90.0,15.0,44.78,57.53,95.0,15.83,47.26,60.73,61.0,10.17,30.35,38.99,28.0,4.67,13.93,17.9,28.0,4.67,13.93,17.9,17.0,2.83,8.46,10.87,33.0,5.5,16.42,21.09,11.0,1.83,5.47,7.03,34.0,5.67,16.92,21.73,23.0,3.83,11.44,14.7,7.0,1.17,3.48,4.47,33.0,5.5,16.42,21.09,17.0,2.83,8.46,10.87,30.0,5.0,14.93,19.18,16.0,2.67,7.96,10.23,23.0,3.83,11.44,14.7,7.0,1.17,3.48,4.47,1.0,0.17,0.5,0.64,22.0,3.67,10.95,14.06,16.0,2.67,7.96,10.23,44.78,47.26,-2.49,85.66,-5.0,-0.83,-2.49,56.32,9.39,0.55,0.59,0.61,0.33,0.68,0.17,0.82,0.19,0.66,0.46,3.48,0.5,0.11,7.96,0.56
2,福爾摩沙夢想家,73|86,陳振傑/林俊吉,4,176,211.0,2802.42,46.71,46:42,700.6,11.68,11:41,103.0,25.75,48.82,79.39,105.0,26.25,49.76,80.93,74.0,18.5,35.07,57.04,32.0,8.0,15.17,24.66,31.0,7.75,14.69,23.89,19.0,4.75,9.0,14.64,43.0,10.75,20.38,33.14,13.0,3.25,6.16,10.02,35.0,8.75,16.59,26.98,28.0,7.0,13.27,21.58,14.0,3.5,6.64,10.79,31.0,7.75,14.69,23.89,12.0,3.0,5.69,9.25,33.0,8.25,15.64,25.44,15.0,3.75,7.11,11.56,21.0,5.25,9.95,16.19,7.0,1.75,3.32,5.4,3.0,0.75,1.42,2.31,23.0,5.75,10.9,17.73,25.0,6.25,11.85,19.27,48.82,49.76,-0.95,108.42,-2.0,-0.5,-0.95,46.71,11.68,0.52,0.58,0.61,0.3,0.8,0.14,0.66,0.3,0.72,0.5,3.32,1.42,0.11,11.85,0.47
2,福爾摩沙夢想家,73|107,陳振傑/霍爾曼,6,257,319.0,4803.3,80.06,80:03,800.55,13.34,13:21,148.0,24.67,46.39,66.55,143.0,23.83,44.83,64.31,112.0,18.67,35.11,50.37,45.0,7.5,14.11,20.24,49.0,8.17,15.36,22.03,26.0,4.33,8.15,11.69,63.0,10.5,19.75,28.33,19.0,3.17,5.96,8.54,52.0,8.67,16.3,23.38,41.0,6.83,12.85,18.44,29.0,4.83,9.09,13.04,41.0,6.83,12.85,18.44,23.0,3.83,7.21,10.34,48.0,8.0,15.05,21.59,22.0,3.67,6.9,9.89,30.0,5.0,9.4,13.49,11.0,1.83,3.45,4.95,6.0,1.0,1.88,2.7,36.0,6.0,11.29,16.19,40.0,6.67,12.54,17.99,46.39,44.83,1.57,95.63,5.0,0.83,1.57,80.06,13.34,0.49,0.55,0.53,0.3,0.79,0.14,0.67,0.38,0.64,0.5,3.45,1.88,0.11,12.54,0.46
2,福爾摩沙夢想家,73|10890,陳振傑/湯普金斯,4,185,221.0,3596.97,59.95,59:57,899.24,14.99,14:59,103.0,25.75,46.61,61.85,106.0,26.5,47.96,63.65,83.0,20.75,37.56,49.84,35.0,8.75,15.84,21.02,39.0,9.75,17.65,23.42,22.0,5.5,9.95,13.21,44.0,11.0,19.91,26.42,13.0,3.25,5.88,7.81,30.0,7.5,13.57,18.02,22.0,5.5,9.95,13.21,16.0,4.0,7.24,9.61,34.0,8.5,15.38,20.42,11.0,2.75,4.98,6.61,32.0,8.0,14.48,19.22,14.0,3.5,6.33,8.41,23.0,5.75,10.41,13.81,9.0,2.25,4.07,5.4,6.0,1.5,2.71,3.6,23.0,5.75,10.41,13.81,30.0,7.5,13.57,18.02,46.61,47.96,-1.36,88.47,-3.0,-0.75,-1.36,59.95,14.99,0.5,0.54,0.56,0.3,0.73,0.13,0.66,0.33,0.76,0.54,4.07,2.71,0.1,13.57,0.36
2,福爾摩沙夢想家,73|103,陳振傑/忻沃克,4,116,148.0,1703.25,28.39,28:23,425.81,7.1,07:06,67.0,16.75,45.27,84.97,62.0,15.5,41.89,78.63,61.0,15.25,41.22,77.36,22.0,5.5,14.86,27.9,26.0,6.5,17.57,32.97,15.0,3.75,10.14,19.02,35.0,8.75,23.65,44.39,7.0,1.75,4.73,8.88,21.0,5.25,14.19,26.63,18.0,4.5,12.16,22.83,18.0,4.5,12.16,22.83,20.0,5.0,13.51,25.36,5.0,1.25,3.38,6.34,21.0,5.25,14.19,26.63,8.0,2.0,5.41,10.15,10.0,2.5,6.76,12.68,6.0,1.5,4.05,7.61,5.0,1.25,3.38,6.34,13.0,3.25,8.78,16.49,30.0,7.5,20.27,38.05,45.27,41.89,3.38,125.13,5.0,1.25,3.38,28.39,7.1,0.42,0.48,0.58,0.2,0.86,0.1,0.45,0.46,0.8,0.59,4.05,3.38,0.09,20.27,0.34
2,福爾摩沙夢想家,73|89,陳振傑/蔣淯安,6,123,148.0,2445.6,40.76,40:46,407.6,6.79,06:48,56.0,9.33,37.84,49.46,55.0,9.17,37.16,48.58,48.0,8.0,32.43,42.39,17.0,2.83,11.49,15.01,23.0,3.83,15.54,20.31,11.0,1.83,7.43,9.72,25.0,4.17,16.89,22.08,6.0,1.0,4.05,5.3,24.0,4.0,16.22,21.2,16.0,2.67,10.81,14.13,9.0,1.5,6.08,7.95,25.0,4.17,16.89,22.08,11.0,1.83,7.43,9.72,23.0,3.83,15.54,20.31,11.0,1.83,7.43,9.72,14.0,2.33,9.46,12.37,7.0,1.17,4.73,6.18,4.0,0.67,2.7,3.53,14.0,2.33,9.46,12.37,18.0,3.0,12.16,15.9,37.84,37.16,0.68,87.14,1.0,0.17,0.68,40.76,6.79,0.42,0.48,0.48,0.24,0.67,0.16,0.82,0.28,0.69,0.5,4.73,2.7,0.09,12.16,0.5
2,福爾摩沙夢想家,73|10889,陳振傑/恩尼斯,3,115,143.0,1719.72,28.66,28:40,573.24,9.55,09:33,59.0,19.67,41.26,74.1,52.0,17.33,36.36,65.31,48.0,16.0,33.57,60.29,18.0,6.0,12.59,22.61,23.0,7.67,16.08,28.89,13.0,4.33,9.09,16.33,25.0,8.33,17.48,31.4,5.0,1.67,3.5,6.28,25.0,8.33,17.48,31.4,18.0,6.0,12.59,22.61,9.0,3.0,6.29,11.3,27.0,9.0,18.88,33.91,10.0,3.33,6.99,12.56,26.0,8.67,18.18,32.66,9.0,3.0,6.29,11.3,15.0,5.0,10.49,18.84,3.0,1.0,2.1,3.77,3.0,1.0,2.1,3.77,14.0,4.67,9.79,17.58,11.0,3.67,7.69,13.82,41.26,36.36,4.9,119.74,7.0,2.33,4.9,28.66,9.55,0.43,0.5,0.57,0.2,0.72,0.13,0.83,0.26,0.73,0.5,2.1,2.1,0.1,7.69,0.52
2,新竹御嵿攻城獅,71|76,李漢昇/曾柏喻,1,4,4.0,42.0,0.7,00:42,42.0,0.7,00:42,0.0,0.0,0.0,0.0,2.0,2.0,50.0,102.86,1.0,1.0,25.0,51.43,0.0,0.0,0.0,0.0,1.0,1.0,25.0,51.43,0.0,0.0,0.0,0.0,0.0,0.0,0.0,0.0,0.0,0.0,0.0,0.0,0.0,0.0,0.0,0.0,0.0,0.0,0.0,0.0,0.0,0.0,0.0,0.0,1.0,1.0,25.0,51.43,0.0,0.0,0.0,0.0,1.0,1.0,25.0,51.43,0.0,0.0,0.0,0.0,0.0,0.0,0.0,0.0,0.0,0.0,0.0,0.0,0.0,0.0,0.0,0.0,1.0,1.0,25.0,51.43,3.0,3.0,75.0,154.29,0.0,50.0,-50.0,137.14,-2.0,-2.0,-50.0,0.7,0.7,0.0,0.0,0.0,,,0.0,,0.0,1.0,0.5,0.0,0.0,0.25,75.0,0.0
2,新北國王,32|867,奧帝/桑尼,1,90,104.0,1358.1,22.63,22:38,1358.1,22.63,22:38,54.0,54.0,51.92,85.88,41.0,41.0,39.42,65.21,40.0,40.0,38.46,63.62,20.0,20.0,19.23,31.81,23.0,23.0,22.12,36.58,12.0,12.0,11.54,19.09,17.0,17.0,16.35,27.04,8.0,8.0,7.69,12.72,10.0,10.0,9.62,15.9,6.0,6.0,5.77,9.54,3.0,3.0,2.88,4.77,14.0,14.0,13.46,22.27,7.0,7.0,6.73,11.13,17.0,17.0,16.35,27.04,5.0,5.0,4.81,7.95,13.0,13.0,12.5,20.68,3.0,3.0,2.88,4.77,2.0,2.0,1.92,3.18,7.0,7.0,6.73,11.13,12.0,12.0,11.54,19.09,51.92,39.42,12.5,110.27,13.0,13.0,12.5,22.63,22.63,0.6,0.61,0.52,0.47,0.6,0.1,0.65,0.15,0.67,0.41,2.88,1.92,0.07,11.54,0.25
2,新北國王,19|32,蘇培凱/奧帝,1,2,2.0,19.15,0.32,00:19,19.15,0.32,00:19,2.0,2.0,100.0,225.63,1.0,1.0,50.0,112.82,0.0,0.0,0.0,0.0,0.0,0.0,0.0,0.0,0.0,0.0,0.0,0.0,0.0,0.0,0.0,0.0,0.0,0.0,0.0,0.0,0.0,0.0,0.0,0.0,2.0,2.0,100.0,225.63,2.0,2.0,100.0,225.63,0.0,0.0,0.0,0.0,0.0,0.0,0.0,0.0,0.0,0.0,0.0,0.0,1.0,1.0,50.0,112.82,0.0,0.0,0.0,0.0,0.0,0.0,0.0,0.0,0.0,0.0,0.0,0.0,0.0,0.0,0.0,0.0,1.0,1.0,50.0,112.82,2.0,2.0,100.0,225.63,100.0,50.0,50.0,150.42,1.0,1.0,50.0,0.32,0.32,,1.14,,,1.0,0.0,,0.0,,0.0,0.0,0.0,0.5,100.0,
2,新北國王,19|10874,蘇培凱/熊祥泰,2,5,7.0,52.15,0.87,00:52,26.07,0.43,00:26,4.0,2.0,57.14,165.69,1.0,0.5,14.29,41.42,2.0,1.0,28.57,82.84,1.0,0.5,14.29,41.42,1.0,0.5,14.29,41.42,1.0,0.5,14.29,41.42,1.0,0.5,14.29,41.42,0.0,0.0,0.0,0.0,2.0,1.0,28.57,82.84,2.0,1.0,28.57,82.84,1.0,0.5,14.29,41.42,0.0,0.0,0.0,0.0,1.0,0.5,14.29,41.42,2.0,1.0,28.57,82.84,1.0,0.5,14.29,41.42,0.0,0.0,0.0,0.0,1.0,0.5,14.29,41.42,0.0,0.0,0.0,0.0,1.0,0.5,14.29,41.42,2.0,1.0,28.57,82.84,57.14,14.29,42.86,193.3,3.0,1.5,42.86,0.87,0.43,0.5,0.69,1.0,0.0,1.0,0.26,0.0,0.33,0.0,0.25,14.29,0.0,0.14,28.57,1.0
2,新北國王,28|32,呂政儒/奧帝,5,156,178.0,2450.75,40.85,40:51,490.15,8.17,08:10,70.0,14.0,39.33,61.7,79.0,15.8,44.38,69.63,73.0,14.6,41.01,64.34,28.0,5.6,15.73,24.68,44.0,8.8,24.72,38.78,17.0,3.4,9.55,14.98,29.0,5.8,16.29,25.56,11.0,2.2,6.18,9.7,9.0,1.8,5.06,7.93,6.0,1.2,3.37,5.29,7.0,1.4,3.93,6.17,36.0,7.2,20.22,31.73,12.0,2.4,6.74,10.58,36.0,7.2,20.22,31.73,8.0,1.6,4.49,7.05,18.0,3.6,10.11,15.86,4.0,0.8,2.25,3.53,4.0,0.8,2.25,3.53,17.0,3.4,9.55,14.98,22.0,4.4,12.36,19.39,39.33,44.38,-5.06,104.59,-9.0,-1.8,-5.06,40.85,8.17,0.46,0.45,0.39,0.38,0.67,0.09,0.64,0.16,0.75,0.47,2.25,2.25,0.1,12.36,0.12
2,臺北台新戰神,1|2,丁聖儒/江均,2,40,47.0,629.31,10.49,10:29,314.65,5.24,05:15,26.0,13.0,55.32,89.24,28.0,14.0,59.57,96.11,14.0,7.0,29.79,48.05,9.0,4.5,19.15,30.89,8.0,4.0,17.02,27.46,5.0,2.5,10.64,17.16,6.0,3.0,12.77,20.59,4.0,2.0,8.51,13.73,8.0,4.0,17.02,27.46,4.0,2.0,8.51,13.73,2.0,1.0,4.26,6.86,4.0,2.0,8.51,13.73,2.0,1.0,4.26,6.86,6.0,3.0,12.77,20.59,6.0,3.0,12.77,20.59,6.0,3.0,12.77,20.59,5.0,2.5,10.64,17.16,0.0,0.0,0.0,0.0,6.0,3.0,12.77,20.59,12.0,6.0,25.53,41.19,55.32,59.57,-4.26,107.55,-2.0,-1.0,-4.26,10.49,5.24,0.79,0.74,0.62,0.67,0.5,0.26,0.67,0.25,0.67,0.43,10.64,0.0,0.13,25.53,0.57
2,臺北台新戰神,1|10867,丁聖儒/威力斯,8,777,936.0,13389.62,223.16,223:10,1673.7,27.9,27:54,431.0,53.88,46.05,69.53,406.0,50.75,43.38,65.5,323.0,40.38,34.51,52.11,146.0,18.25,15.6,23.55,211.0,26.38,22.54,34.04,102.0,12.75,10.9,16.45,112.0,14.0,11.97,18.07,44.0,5.5,4.7,7.1,128.0,16.0,13.68,20.65,95.0,11.88,10.15,15.33,64.0,8.0,6.84,10.32,123.0,15.38,13.14,19.84,48.0,6.0,5.13,7.74,138.0,17.25,14.74,22.26,82.0,10.25,8.76,13.23,84.0,10.5,8.97,13.55,45.0,5.62,4.81,7.26,12.0,1.5,1.28,1.94,102.0,12.75,10.9,16.45,115.0,14.38,12.29,18.55,46.05,43.38,2.67,100.66,25.0,3.12,2.67,223.16,27.9,0.52,0.57,0.48,0.39,0.74,0.18,0.58,0.32,0.72,0.5,4.81,1.28,0.11,12.29,0.4
2,福爾摩沙夢想家,73|95,陳振傑/李德威,1,6,6.0,74.24,1.24,01:14,74.24,1.24,01:14,0.0,0.0,0.0,0.0,5.0,5.0,83.33,145.48,2.0,2.0,33.33,58.19,0.0,0.0,0.0,0.0,2.0,2.0,33.33,58.19,0.0,0.0,0.0,0.0,0.0,0.0,0.0,0.0,0.0,0.0,0.0,0.0,2.0,2.0,33.33,58.19,0.0,0.0,0.0,0.0,0.0,0.0,0.0,0.0,3.0,3.0,50.0,87.29,0.0,0.0,0.0,0.0,0.0,0.0,0.0,0.0,0.0,0.0,0.0,0.0,0.0,0.0,0.0,0.0,0.0,0.0,0.0,0.0,0.0,0.0,0.0,0.0,0.0,0.0,0.0,0.0,1.0,1.0,16.67,29.1,0.0,83.33,-83.33,116.38,-5.0,-5.0,-83.33,1.24,1.24,0.0,0.0,0.0,,0.0,0.0,,,1.0,1.0,0.0,0.0,0.0,16.67,1.0
2,福爾摩沙夢想家,91|10889,簡偉儒/恩尼斯,1,12,16.0,180.72,3.01,03:01,180.72,3.01,03:01,1.0,1.0,6.25,11.95,9.0,9.0,56.25,107.57,2.0,2.0,12.5,23.9,0.0,0.0,0.0,0.0,0.0,0.0,0.0,0.0,0.0,0.0,0.0,0.0,2.0,2.0,12.5,23.9,0.0,0.0,0.0,0.0,1.0,1.0,6.25,11.95,1.0,1.0,6.25,11.95,0.0,0.0,0.0,0.0,2.0,2.0,12.5,23.9,1.0,1.0,6.25,11.95,2.0,2.0,12.5,23.9,4.0,4.0,25.0,47.81,0.0,0.0,0.0,0.0,3.0,3.0,18.75,35.86,0.0,0.0,0.0,0.0,0.0,0.0,0.0,0.0,2.0,2.0,12.5,23.9,6.25,56.25,-50.0,127.49,-8.0,-8.0,-50.0,3.01,3.01,0.0,0.2,,0.0,1.0,0.62,,0.0,0.67,0.4,18.75,0.0,0.0,12.5,0.5
2,福爾摩沙夢想家,97|10889,史承平/恩尼斯,1,12,16.0,180.72,3.01,03:01,180.72,3.01,03:01,1.0,1.0,6.25,11.95,9.0,9.0,56.25,107.57,2.0,2.0,12.5,23.9,0.0,0.0,0.0,0.0,0.0,0.0,0.0,0.0,0.0,0.0,0.0,0.0,2.0,2.0,12.5,23.9,0.0,0.0,0.0,0.0,1.0,1.0,6.25,11.95,1.0,1.0,6.25,11.95,0.0,0.0,0.0,0.0,2.0,2.0,12.5,23.9,1.0,1.0,6.25,11.95,2.0,2.0,12.5,23.9,4.0,4.0,25.0,47.81,0.0,0.0,0.0,0.0,3.0,3.0,18.75,35.86,0.0,0.0,0.0,0.0,0.0,0.0,0.0,0.0,2.0,2.0,12.5,23.9,6.25,56.25,-50.0,127.49,-8.0,-8.0,-50.0,3.01,3.01,0.0,0.2,,0.0,1.0,0.62,,0.0,0.67,0.4,18.75,0.0,0.0,12.5,0.5
2,臺北台新戰神,3|11,陳文宏/蘇奕晉,2,33,44.0,502.72,8.38,08:23,251.36,4.19,04:11,21.0,10.5,47.73,90.23,6.0,3.0,13.64,25.78,17.0,8.5,38.64,73.04,7.0,3.5,15.91,30.08,7.0,3.5,15.91,30.08,3.0,1.5,6.82,12.89,10.0,5.0,22.73,42.97,4.0,2.0,9.09,17.19,4.0,2.0,9.09,17.19,3.0,1.5,6.82,12.89,3.0,1.5,6.82,12.89,7.0,3.5,15.91,30.08,4.0,2.0,9.09,17.19,9.0,4.5,20.45,38.67,2.0,1.0,4.55,8.59,0.0,0.0,0.0,0.0,2.0,1.0,4.55,8.59,1.0,0.5,2.27,4.3,5.0,2.5,11.36,21.48,3.0,1.5,6.82,12.89,47.73,13.64,34.09,126.03,15.0,7.5,34.09,8.38,4.19,0.53,0.56,0.43,0.4,0.75,0.1,0.0,0.25,0.64,0.43,4.55,2.27,0.11,6.82,0.24
2,臺北台新戰神,11|10863,蘇奕晉/魏芃禾,4,11,13.0,218.79,3.65,03:39,54.7,0.91,00:55,6.0,1.5,46.15,59.24,7.0,1.75,53.85,69.11,5.0,1.25,38.46,49.36,2.0,0.5,15.38,19.75,3.0,0.75,23.08,29.62,1.0,0.25,7.69,9.87,2.0,0.5,15.38,19.75,1.0,0.25,7.69,9.87,4.0,1.0,30.77,39.49,1.0,0.25,7.69,9.87,0.0,0.0,0.0,0.0,3.0,0.75,23.08,29.62,0.0,0.0,0.0,0.0,1.0,0.25,7.69,9.87,0.0,0.0,0.0,0.0,1.0,0.25,7.69,9.87,0.0,0.0,0.0,0.0,0.0,0.0,0.0,0.0,2.0,0.5,15.38,19.75,3.0,0.75,23.08,29.62,46.15,53.85,-7.69,85.56,-1.0,-0.25,-7.69,3.65,0.91,0.5,0.44,0.33,0.5,0.25,0.0,0.5,0.0,1.0,0.75,0.0,0.0,0.15,23.08,0.8
2,新北中信特攻,38|40,余維豪/謝亞軒,2,37,43.0,608.91,10.15,10:09,304.45,5.07,05:04,18.0,9.0,41.86,63.85,29.0,14.5,67.44,102.87,15.0,7.5,34.88,53.21,7.0,3.5,16.28,24.83,7.0,3.5,16.28,24.83,6.0,3.0,13.95,21.28,8.0,4.0,18.6,28.38,1.0,0.5,2.33,3.55,4.0,2.0,9.3,14.19,3.0,1.5,6.98,10.64,3.0,1.5,6.98,10.64,6.0,3.0,13.95,21.28,3.0,1.5,6.98,10.64,4.0,2.0,9.3,14.19,4.0,2.0,9.3,14.19,3.0,1.5,6.98,10.64,2.0,1.0,4.65,7.09,0.0,0.0,0.0,0.0,4.0,2.0,9.3,14.19,4.0,2.0,9.3,14.19,41.86,67.44,-25.58,101.69,-11.0,-5.5,-25.58,10.15,5.07,0.5,0.54,0.86,0.12,0.75,0.19,0.43,0.43,0.67,0.56,4.65,0.0,0.09,9.3,0.27
2,新北中信特攻,38|43,余維豪/林韋翰,2,39,50.0,641.03,10.68,10:41,320.52,5.34,05:21,19.0,9.5,38.0,64.02,17.0,8.5,34.0,57.28,18.0,9.0,36.0,60.65,9.0,4.5,18.0,30.33,10.0,5.0,20.0,33.7,8.0,4.0,16.0,26.96,8.0,4.0,16.0,26.96,1.0,0.5,2.0,3.37,0.0,0.0,0.0,0.0,0.0,0.0,0.0,0.0,6.0,3.0,12.0,20.22,3.0,1.5,6.0,10.11,4.0,2.0,8.0,13.48,10.0,5.0,20.0,33.7,8.0,4.0,16.0,26.96,4.0,2.0,8.0,13.48,3.0,1.5,6.0,10.11,0.0,0.0,0.0,0.0,4.0,2.0,8.0,13.48,6.0,3.0,12.0,20.22,38.0,34.0,4.0,112.32,2.0,1.0,4.0,10.68,5.34,0.53,0.53,0.8,0.12,,0.31,0.44,0.38,0.43,0.39,6.0,0.0,0.08,12.0,0.0
2,新北中信特攻,38|10880,余維豪/內馬,2,30,37.0,501.33,8.36,08:21,250.66,4.18,04:11,27.0,13.5,72.97,116.33,17.0,8.5,45.95,73.25,13.0,6.5,35.14,56.01,9.0,4.5,24.32,38.78,10.0,5.0,27.03,43.09,7.0,3.5,18.92,30.16,3.0,1.5,8.11,12.93,2.0,1.0,5.41,8.62,7.0,3.5,18.92,30.16,7.0,3.5,18.92,30.16,2.0,1.0,5.41,8.62,2.0,1.0,5.41,8.62,4.0,2.0,10.81,17.23,4.0,2.0,10.81,17.23,2.0,1.0,5.41,8.62,4.0,2.0,10.81,17.23,1.0,0.5,2.7,4.31,0.0,0.0,0.0,0.0,4.0,2.0,10.81,17.23,2.0,1.0,5.41,8.62,72.97,45.95,27.03,106.28,10.0,5.0,27.03,8.36,4.18,0.77,0.84,0.7,0.67,1.0,0.11,0.44,0.33,0.33,0.33,2.7,0.0,0.11,5.41,0.54
2,新北中信特攻,38|10881,余維豪/飛克,4,85,99.0,1390.03,23.17,23:10,347.51,5.79,05:48,44.0,11.0,44.44,68.37,60.0,15.0,60.61,93.24,34.0,8.5,34.34,52.83,18.0,4.5,18.18,27.97,17.0,4.25,17.17,26.42,13.0,3.25,13.13,20.2,17.0,4.25,17.17,26.42,5.0,1.25,5.05,7.77,4.0,1.0,4.04,6.22,3.0,0.75,3.03,4.66,6.0,1.5,6.06,9.32,11.0,2.75,11.11,17.09,8.0,2.0,8.08,12.43,14.0,3.5,14.14,21.75,12.0,3.0,12.12,18.65,10.0,2.5,10.1,15.54,8.0,2.0,8.08,12.43,0.0,0.0,0.0,0.0,8.0,2.0,8.08,12.43,10.0,2.5,10.1,15.54,44.44,60.61,-16.16,102.56,-16.0,-4.0,-16.16,23.17,5.79,0.6,0.62,0.76,0.29,0.75,0.25,0.56,0.3,0.58,0.44,8.08,0.0,0.08,10.1,0.12
2,新北中信特攻,40|10878,謝亞軒/曾信武,1,9,12.0,218.0,3.63,03:38,218.0,3.63,03:38,5.0,5.0,41.67,49.54,3.0,3.0,25.0,29.73,2.0,2.0,16.67,19.82,2.0,2.0,16.67,19.82,1.0,1.0,8.33,9.91,1.0,1.0,8.33,9.91,1.0,1.0,8.33,9.91,1.0,1.0,8.33,9.91,0.0,0.0,0.0,0.0,0.0,0.0,0.0,0.0,0.0,0.0,0.0,0.0,0.0,0.0,0.0,0.0,4.0,4.0,33.33,39.63,3.0,3.0,25.0,29.73,2.0,2.0,16.67,19.82,0.0,0.0,0.0,0.0,2.0,2.0,16.67,19.82,0.0,0.0,0.0,0.0,1.0,1.0,8.33,9.91,8.0,8.0,66.67,79.27,41.67,25.0,16.67,79.27,2.0,2.0,16.67,3.63,3.63,1.25,1.25,1.0,1.0,,0.5,0.0,0.0,0.0,0.0,16.67,0.0,0.08,66.67,0.0
2,新北中信特攻,43|10878,林韋翰/曾信武,1,7,10.0,185.0,3.08,03:05,185.0,3.08,03:05,5.0,5.0,50.0,58.38,1.0,1.0,10.0,11.68,2.0,2.0,20.0,23.35,2.0,2.0,20.0,23.35,1.0,1.0,10.0,11.68,1.0,1.0,10.0,11.68,1.0,1.0,10.0,11.68,1.0,1.0,10.0,11.68,0.0,0.0,0.0,0.0,0.0,0.0,0.0,0.0,0.0,0.0,0.0,0.0,0.0,0.0,0.0,0.0,4.0,4.0,40.0,46.7,3.0,3.0,30.0,35.03,0.0,0.0,0.0,0.0,0.0,0.0,0.0,0.0,0.0,0.0,0.0,0.0,0.0,0.0,0.0,0.0,1.0,1.0,10.0,11.68,6.0,6.0,60.0,70.06,50.0,10.0,40.0,77.84,4.0,4.0,40.0,3.08,3.08,1.25,1.25,1.0,1.0,,0.0,0.0,0.0,0.0,0.0,0.0,0.0,0.1,60.0,0.0
2,新北中信特攻,10878|10881,曾信武/飛克,1,1,1.0,97.0,1.62,01:37,97.0,1.62,01:37,0.0,0.0,0.0,0.0,1.0,1.0,100.0,22.27,0.0,0.0,0.0,0.0,0.0,0.0,0.0,0.0,0.0,0.0,0.0,0.0,0.0,0.0,0.0,0.0,0.0,0.0,0.0,0.0,0.0,0.0,0.0,0.0,0.0,0.0,0.0,0.0,0.0,0.0,0.0,0.0,0.0,0.0,0.0,0.0,0.0,0.0,0.0,0.0,0.0,0.0,0.0,0.0,0.0,0.0,0.0,0.0,0.0,0.0,0.0,0.0,0.0,0.0,0.0,0.0,0.0,0.0,0.0,0.0,0.0,0.0,0.0,0.0,0.0,0.0,0.0,0.0,2.0,2.0,200.0,44.54,0.0,100.0,-100.0,14.85,-1.0,-1.0,-100.0,1.62,1.62,,,,,,,,,,,0.0,0.0,0.0,200.0,
2,新北中信特攻,10878|10882,曾信武/霸夫,1,9,12.0,218.0,3.63,03:38,218.0,3.63,03:38,5.0,5.0,41.67,49.54,3.0,3.0,25.0,29.73,2.0,2.0,16.67,19.82,2.0,2.0,16.67,19.82,1.0,1.0,8.33,9.91,1.0,1.0,8.33,9.91,1.0,1.0,8.33,9.91,1.0,1.0,8.33,9.91,0.0,0.0,0.0,0.0,0.0,0.0,0.0,0.0,0.0,0.0,0.0,0.0,0.0,0.0,0.0,0.0,4.0,4.0,33.33,39.63,3.0,3.0,25.0,29.73,2.0,2.0,16.67,19.82,0.0,0.0,0.0,0.0,2.0,2.0,16.67,19.82,0.0,0.0,0.0,0.0,1.0,1.0,8.33,9.91,8.0,8.0,66.67,79.27,41.67,25.0,16.67,79.27,2.0,2.0,16.67,3.63,3.63,1.25,1.25,1.0,1.0,,0.5,0.0,0.0,0.0,0.0,16.67,0.0,0.08,66.67,0.0
2,新北中信特攻,35|113,李睿麒/林任鴻,2,29,34.0,476.79,7.95,07:57,238.4,3.97,03:58,14.0,7.0,41.18,63.42,15.0,7.5,44.12,67.95,15.0,7.5,44.12,67.95,6.0,3.0,17.65,27.18,7.0,3.5,20.59,31.71,5.0,2.5,14.71,22.65,8.0,4.0,23.53,36.24,1.0,0.5,2.94,4.53,1.0,0.5,2.94,4.53,1.0,0.5,2.94,4.53,3.0,1.5,8.82,13.59,5.0,2.5,14.71,22.65,2.0,1.0,5.88,9.06,3.0,1.5,8.82,13.59,2.0,1.0,5.88,9.06,3.0,1.5,8.82,13.59,0.0,0.0,0.0,0.0,1.0,0.5,2.94,4.53,2.0,1.0,5.88,9.06,4.0,2.0,11.76,18.12,41.18,44.12,-2.94,102.69,-1.0,-0.5,-2.94,7.95,3.97,0.43,0.45,0.71,0.12,1.0,0.11,0.5,0.5,0.71,0.62,0.0,2.94,0.06,11.76,0.07
2,新北中信特攻,39|43,魏嘉豪/林韋翰,1,21,23.0,377.0,6.28,06:17,377.0,6.28,06:17,7.0,7.0,30.43,40.11,12.0,12.0,52.17,68.75,9.0,9.0,39.13,51.56,3.0,3.0,13.04,17.19,5.0,5.0,21.74,28.65,2.0,2.0,8.7,11.46,4.0,4.0,17.39,22.92,1.0,1.0,4.35,5.73,0.0,0.0,0.0,0.0,0.0,0.0,0.0,0.0,0.0,0.0,0.0,0.0,6.0,6.0,26.09,34.38,2.0,2.0,8.7,11.46,4.0,4.0,17.39,22.92,2.0,2.0,8.7,11.46,3.0,3.0,13.04,17.19,0.0,0.0,0.0,0.0,1.0,1.0,4.35,5.73,0.0,0.0,0.0,0.0,0.0,0.0,0.0,0.0,30.43,52.17,-21.74,87.85,-5.0,-5.0,-21.74,6.28,6.28,0.39,0.39,0.4,0.25,,0.18,1.0,0.0,0.75,0.5,0.0,4.35,0.0,0.0,0.0
2,新北中信特攻,39|10878,魏嘉豪/曾信武,1,2,2.0,33.0,0.55,00:33,33.0,0.55,00:33,0.0,0.0,0.0,0.0,2.0,2.0,100.0,130.91,0.0,0.0,0.0,0.0,0.0,0.0,0.0,0.0,0.0,0.0,0.0,0.0,0.0,0.0,0.0,0.0,0.0,0.0,0.0,0.0,0.0,0.0,0.0,0.0,0.0,0.0,0.0,0.0,0.0,0.0,0.0,0.0,0.0,0.0,0.0,0.0,0.0,0.0,0.0,0.0,0.0,0.0,0.0,0.0,0.0,0.0,0.0,0.0,2.0,2.0,100.0,130.91,0.0,0.0,0.0,0.0,2.0,2.0,100.0,130.91,0.0,0.0,0.0,0.0,0.0,0.0,0.0,0.0,2.0,2.0,100.0,130.91,0.0,100.0,-100.0,87.27,-2.0,-2.0,-100.0,0.55,0.55,,,,,,1.0,,,,,100.0,0.0,0.0,100.0,
2,新北中信特攻,10878|10880,曾信武/內馬,1,8,11.0,120.99,2.02,02:01,120.99,2.02,02:01,5.0,5.0,45.45,89.26,2.0,2.0,18.18,35.7,2.0,2.0,18.18,35.7,2.0,2.0,18.18,35.7,1.0,1.0,9.09,17.85,1.0,1.0,9.09,17.85,1.0,1.0,9.09,17.85,1.0,1.0,9.09,17.85,0.0,0.0,0.0,0.0,0.0,0.0,0.0,0.0,0.0,0.0,0.0,0.0,0.0,0.0,0.0,0.0,4.0,4.0,36.36,71.41,3.0,3.0,27.27,53.56,2.0,2.0,18.18,35.7,0.0,0.0,0.0,0.0,2.0,2.0,18.18,35.7,0.0,0.0,0.0,0.0,1.0,1.0,9.09,17.85,6.0,6.0,54.55,107.11,45.45,18.18,27.27,130.91,3.0,3.0,27.27,2.02,2.02,1.25,1.25,1.0,1.0,,0.5,0.0,0.0,0.0,0.0,18.18,0.0,0.09,54.55,0.0
2,新北中信特攻,35|38,李睿麒/余維豪,2,25,29.0,412.0,6.87,06:52,206.0,3.43,03:26,14.0,7.0,48.28,73.4,15.0,7.5,51.72,78.64,13.0,6.5,44.83,68.16,6.0,3.0,20.69,31.46,7.0,3.5,24.14,36.7,5.0,2.5,17.24,26.21,6.0,3.0,20.69,31.46,1.0,0.5,3.45,5.24,1.0,0.5,3.45,5.24,1.0,0.5,3.45,5.24,2.0,1.0,6.9,10.49,4.0,2.0,13.79,20.97,2.0,1.0,6.9,10.49,3.0,1.5,10.34,15.73,2.0,1.0,6.9,10.49,3.0,1.5,10.34,15.73,0.0,0.0,0.0,0.0,1.0,0.5,3.45,5.24,2.0,1.0,6.9,10.49,4.0,2.0,13.79,20.97,48.28,51.72,-3.45,101.36,-1.0,-0.5,-3.45,6.87,3.43,0.5,0.52,0.71,0.17,1.0,0.13,0.5,0.4,0.67,0.55,0.0,3.45,0.07,13.79,0.08
2,新北中信特攻,38|113,余維豪/林任鴻,3,33,40.0,509.0,8.48,08:29,169.67,2.83,02:50,16.0,5.33,40.0,67.9,19.0,6.33,47.5,80.63,16.0,5.33,40.0,67.9,7.0,2.33,17.5,29.71,10.0,3.33,25.0,42.44,6.0,2.0,15.0,25.46,6.0,2.0,15.0,25.46,1.0,0.33,2.5,4.24,1.0,0.33,2.5,4.24,1.0,0.33,2.5,4.24,3.0,1.0,7.5,12.73,5.0,1.67,12.5,21.22,4.0,1.33,10.0,16.97,4.0,1.33,10.0,16.97,3.0,1.0,7.5,12.73,3.0,1.0,7.5,12.73,1.0,0.33,2.5,4.24,1.0,0.33,2.5,4.24,2.0,0.67,5.0,8.49,4.0,1.33,10.0,16.97,40.0,47.5,-7.5,113.16,-3.0,-1.0,-7.5,8.48,2.83,0.47,0.49,0.6,0.17,1.0,0.15,0.43,0.43,0.56,0.5,2.5,2.5,0.05,10.0,0.06
2,新北中信特攻,38|10879,余維豪/簡廷兆,3,26,31.0,415.02,6.92,06:55,138.34,2.31,02:18,15.0,5.0,48.39,78.07,12.0,4.0,38.71,62.46,11.0,3.67,35.48,57.25,6.0,2.0,19.35,31.23,7.0,2.33,22.58,36.43,5.0,1.67,16.13,26.02,4.0,1.33,12.9,20.82,1.0,0.33,3.23,5.2,2.0,0.67,6.45,10.41,2.0,0.67,6.45,10.41,2.0,0.67,6.45,10.41,3.0,1.0,9.68,15.61,3.0,1.0,9.68,15.61,6.0,2.0,19.35,31.23,3.0,1.0,9.68,15.61,3.0,1.0,9.68,15.61,2.0,0.67,6.45,10.41,1.0,0.33,3.23,5.2,1.0,0.33,3.23,5.2,4.0,1.33,12.9,20.82,48.39,38.71,9.68,107.56,3.0,1.0,9.68,6.92,2.31,0.59,0.63,0.71,0.25,1.0,0.2,0.5,0.25,0.5,0.36,6.45,3.23,0.03,12.9,0.18
2,新北中信特攻,38|10883,余維豪/林安龍,2,11,13.0,138.0,2.3,02:18,69.0,1.15,01:09,3.0,1.5,23.08,46.96,7.0,3.5,53.85,109.57,5.0,2.5,38.46,78.26,1.0,0.5,7.69,15.65,3.0,1.5,23.08,46.96,1.0,0.5,7.69,15.65,2.0,1.0,15.38,31.3,0.0,0.0,0.0,0.0,1.0,0.5,7.69,15.65,1.0,0.5,7.69,15.65,1.0,0.5,7.69,15.65,2.0,1.0,15.38,31.3,1.0,0.5,7.69,15.65,0.0,0.0,0.0,0.0,1.0,0.5,7.69,15.65,0.0,0.0,0.0,0.0,0.0,0.0,0.0,0.0,0.0,0.0,0.0,0.0,1.0,0.5,7.69,15.65,0.0,0.0,0.0,0.0,23.08,53.85,-30.77,135.65,-4.0,-2.0,-30.77,2.3,1.15,0.2,0.28,0.33,0.0,1.0,0.16,0.0,1.0,0.67,0.75,0.0,0.0,0.08,0.0,0.2
2,新北中信特攻,113|10883,林任鴻/林安龍,2,11,13.0,138.0,2.3,02:18,69.0,1.15,01:09,3.0,1.5,23.08,46.96,7.0,3.5,53.85,109.57,5.0,2.5,38.46,78.26,1.0,0.5,7.69,15.65,3.0,1.5,23.08,46.96,1.0,0.5,7.69,15.65,2.0,1.0,15.38,31.3,0.0,0.0,0.0,0.0,1.0,0.5,7.69,15.65,1.0,0.5,7.69,15.65,1.0,0.5,7.69,15.65,2.0,1.0,15.38,31.3,1.0,0.5,7.69,15.65,0.0,0.0,0.0,0.0,1.0,0.5,7.69,15.65,0.0,0.0,0.0,0.0,0.0,0.0,0.0,0.0,0.0,0.0,0.0,0.0,1.0,0.5,7.69,15.65,0.0,0.0,0.0,0.0,23.08,53.85,-30.77,135.65,-4.0,-2.0,-30.77,2.3,1.15,0.2,0.28,0.33,0.0,1.0,0.16,0.0,1.0,0.67,0.75,0.0,0.0,0.08,0.0,0.2
2,新北中信特攻,35|10878,李睿麒/曾信武,1,6,6.0,88.0,1.47,01:28,88.0,1.47,01:28,3.0,3.0,50.0,73.64,2.0,2.0,33.33,49.09,3.0,3.0,50.0,73.64,1.0,1.0,16.67,24.55,1.0,1.0,16.67,24.55,1.0,1.0,16.67,24.55,2.0,2.0,33.33,49.09,0.0,0.0,0.0,0.0,1.0,1.0,16.67,24.55,1.0,1.0,16.67,24.55,0.0,0.0,0.0,0.0,1.0,1.0,16.67,24.55,0.0,0.0,0.0,0.0,0.0,0.0,0.0,0.0,0.0,0.0,0.0,0.0,0.0,0.0,0.0,0.0,0.0,0.0,0.0,0.0,0.0,0.0,0.0,0.0,1.0,1.0,16.67,24.55,0.0,0.0,0.0,0.0,50.0,33.33,16.67,98.18,1.0,1.0,16.67,1.47,1.47,0.33,0.44,1.0,0.0,1.0,0.0,0.0,,1.0,1.0,0.0,0.0,0.17,0.0,0.33
2,新北中信特攻,38|10878,余維豪/曾信武,1,6,6.0,88.0,1.47,01:28,88.0,1.47,01:28,3.0,3.0,50.0,73.64,2.0,2.0,33.33,49.09,3.0,3.0,50.0,73.64,1.0,1.0,16.67,24.55,1.0,1.0,16.67,24.55,1.0,1.0,16.67,24.55,2.0,2.0,33.33,49.09,0.0,0.0,0.0,0.0,1.0,1.0,16.67,24.55,1.0,1.0,16.67,24.55,0.0,0.0,0.0,0.0,1.0,1.0,16.67,24.55,0.0,0.0,0.0,0.0,0.0,0.0,0.0,0.0,0.0,0.0,0.0,0.0,0.0,0.0,0.0,0.0,0.0,0.0,0.0,0.0,0.0,0.0,0.0,0.0,1.0,1.0,16.67,24.55,0.0,0.0,0.0,0.0,50.0,33.33,16.67,98.18,1.0,1.0,16.67,1.47,1.47,0.33,0.44,1.0,0.0,1.0,0.0,0.0,,1.0,1.0,0.0,0.0,0.17,0.0,0.33
2,新北中信特攻,113|10878,林任鴻/曾信武,1,6,6.0,88.0,1.47,01:28,88.0,1.47,01:28,3.0,3.0,50.0,73.64,2.0,2.0,33.33,49.09,3.0,3.0,50.0,73.64,1.0,1.0,16.67,24.55,1.0,1.0,16.67,24.55,1.0,1.0,16.67,24.55,2.0,2.0,33.33,49.09,0.0,0.0,0.0,0.0,1.0,1.0,16.67,24.55,1.0,1.0,16.67,24.55,0.0,0.0,0.0,0.0,1.0,1.0,16.67,24.55,0.0,0.0,0.0,0.0,0.0,0.0,0.0,0.0,0.0,0.0,0.0,0.0,0.0,0.0,0.0,0.0,0.0,0.0,0.0,0.0,0.0,0.0,0.0,0.0,1.0,1.0,16.67,24.55,0.0,0.0,0.0,0.0,50.0,33.33,16.67,98.18,1.0,1.0,16.67,1.47,1.47,0.33,0.44,1.0,0.0,1.0,0.0,0.0,,1.0,1.0,0.0,0.0,0.17,0.0,0.33
2,新北中信特攻,10878|10883,曾信武/林安龍,1,6,6.0,88.0,1.47,01:28,88.0,1.47,01:28,3.0,3.0,50.0,73.64,2.0,2.0,33.33,49.09,3.0,3.0,50.0,73.64,1.0,1.0,16.67,24.55,1.0,1.0,16.67,24.55,1.0,1.0,16.67,24.55,2.0,2.0,33.33,49.09,0.0,0.0,0.0,0.0,1.0,1.0,16.67,24.55,1.0,1.0,16.67,24.55,0.0,0.0,0.0,0.0,1.0,1.0,16.67,24.55,0.0,0.0,0.0,0.0,0.0,0.0,0.0,0.0,0.0,0.0,0.0,0.0,0.0,0.0,0.0,0.0,0.0,0.0,0.0,0.0,0.0,0.0,0.0,0.0,1.0,1.0,16.67,24.55,0.0,0.0,0.0,0.0,50.0,33.33,16.67,98.18,1.0,1.0,16.67,1.47,1.47,0.33,0.44,1.0,0.0,1.0,0.0,0.0,,1.0,1.0,0.0,0.0,0.17,0.0,0.33
2,新竹御嵿攻城獅,80|90,田浩/李啓瑋,2,37,41.0,534.31,8.91,08:54,267.16,4.45,04:27,20.0,10.0,48.78,80.85,21.0,10.5,51.22,84.89,15.0,7.5,36.59,60.64,6.0,3.0,14.63,24.26,6.0,3.0,14.63,24.26,4.0,2.0,9.76,16.17,9.0,4.5,21.95,36.38,2.0,1.0,4.88,8.09,6.0,3.0,14.63,24.26,6.0,3.0,14.63,24.26,3.0,1.5,7.32,12.13,6.0,3.0,14.63,24.26,1.0,0.5,2.44,4.04,5.0,2.5,12.2,20.21,3.0,1.5,7.32,12.13,5.0,2.5,12.2,20.21,2.0,1.0,4.88,8.09,0.0,0.0,0.0,0.0,4.0,2.0,9.76,16.17,6.0,3.0,14.63,24.26,48.78,51.22,-2.44,110.5,-1.0,-0.5,-2.44,8.91,4.45,0.47,0.57,0.67,0.22,1.0,0.15,0.83,0.38,0.86,0.6,4.88,0.0,0.1,14.63,0.4
2,臺北台新戰神,11|10867,蘇奕晉/威力斯,5,140,154.0,2158.88,35.98,35:59,431.78,7.2,07:12,70.0,14.0,45.45,70.04,53.0,10.6,34.42,53.03,55.0,11.0,35.71,55.03,27.0,5.4,17.53,27.01,34.0,6.8,22.08,34.02,21.0,4.2,13.64,21.01,21.0,4.2,13.64,21.01,6.0,1.2,3.9,6.0,15.0,3.0,9.74,15.01,10.0,2.0,6.49,10.01,8.0,1.6,5.19,8.0,21.0,4.2,13.64,21.01,3.0,0.6,1.95,3.0,32.0,6.4,20.78,32.02,15.0,3.0,9.74,15.01,13.0,2.6,8.44,13.01,7.0,1.4,4.55,7.0,5.0,1.0,3.25,5.0,17.0,3.4,11.04,17.01,21.0,4.2,13.64,21.01,45.45,34.42,11.04,102.72,17.0,3.4,11.04,35.98,7.2,0.55,0.57,0.62,0.29,0.67,0.2,0.48,0.2,0.88,0.45,4.55,3.25,0.11,13.64,0.27
2,臺北台新戰神,1|11,丁聖儒/蘇奕晉,6,152,167.0,2271.3,37.86,37:51,378.55,6.31,06:19,75.0,12.5,44.91,71.32,61.0,10.17,36.53,58.01,54.0,9.0,32.34,51.35,27.0,4.5,16.17,25.68,35.0,5.83,20.96,33.28,21.0,3.5,12.57,19.97,19.0,3.17,11.38,18.07,6.0,1.0,3.59,5.71,20.0,3.33,11.98,19.02,15.0,2.5,8.98,14.26,7.0,1.17,4.19,6.66,22.0,3.67,13.17,20.92,4.0,0.67,2.4,3.8,36.0,6.0,21.56,34.24,19.0,3.17,11.38,18.07,14.0,2.33,8.38,13.31,11.0,1.83,6.59,10.46,5.0,0.83,2.99,4.75,17.0,2.83,10.18,16.17,18.0,3.0,10.78,17.12,44.91,36.53,8.38,105.88,14.0,2.33,8.38,37.86,6.31,0.56,0.6,0.6,0.32,0.75,0.23,0.52,0.16,0.85,0.42,6.59,2.99,0.1,10.78,0.37
2,新竹御嵿攻城獅,80|10888,田浩/帕塞獅,3,23,26.0,452.71,7.55,07:33,150.9,2.52,02:31,14.0,4.67,53.85,66.8,14.0,4.67,53.85,66.8,13.0,4.33,50.0,62.03,5.0,1.67,19.23,23.86,9.0,3.0,34.62,42.94,4.0,1.33,15.38,19.08,4.0,1.33,15.38,19.08,1.0,0.33,3.85,4.77,4.0,1.33,15.38,19.08,3.0,1.0,11.54,14.31,2.0,0.67,7.69,9.54,6.0,2.0,23.08,28.63,0.0,0.0,0.0,0.0,3.0,1.0,11.54,14.31,0.0,0.0,0.0,0.0,1.0,0.33,3.85,4.77,0.0,0.0,0.0,0.0,0.0,0.0,0.0,0.0,4.0,1.33,15.38,19.08,4.0,1.33,15.38,19.08,53.85,53.85,0.0,82.7,0.0,0.0,0.0,7.55,2.52,0.42,0.47,0.44,0.25,0.75,0.0,0.2,0.4,1.0,0.73,0.0,0.0,0.15,15.38,0.31
2,新竹御嵿攻城獅,80|88,田浩/盧冠軒,3,24,27.0,454.42,7.57,07:34,151.47,2.52,02:31,9.0,3.0,33.33,42.78,9.0,3.0,33.33,42.78,9.0,3.0,33.33,42.78,3.0,1.0,11.11,14.26,5.0,1.67,18.52,23.77,2.0,0.67,7.41,9.51,4.0,1.33,14.81,19.01,1.0,0.33,3.7,4.75,2.0,0.67,7.41,9.51,2.0,0.67,7.41,9.51,2.0,0.67,7.41,9.51,4.0,1.33,14.81,19.01,1.0,0.33,3.7,4.75,5.0,1.67,18.52,23.77,5.0,1.67,18.52,23.77,1.0,0.33,3.7,4.75,3.0,1.0,11.11,14.26,1.0,0.33,3.7,4.75,4.0,1.33,14.81,19.01,0.0,0.0,0.0,0.0,33.33,33.33,0.0,85.56,0.0,0.0,0.0,7.57,2.52,0.39,0.46,0.4,0.25,1.0,0.34,0.33,0.29,0.8,0.5,11.11,3.7,0.15,0.0,0.22
2,新北中信特攻,43|10883,林韋翰/林安龍,1,6,7.0,75.26,1.25,01:15,75.26,1.25,01:15,3.0,3.0,42.86,86.1,2.0,2.0,28.57,57.4,2.0,2.0,28.57,57.4,1.0,1.0,14.29,28.7,1.0,1.0,14.29,28.7,1.0,1.0,14.29,28.7,1.0,1.0,14.29,28.7,0.0,0.0,0.0,0.0,2.0,2.0,28.57,57.4,1.0,1.0,14.29,28.7,1.0,1.0,14.29,28.7,0.0,0.0,0.0,0.0,0.0,0.0,0.0,0.0,2.0,2.0,28.57,57.4,1.0,1.0,14.29,28.7,0.0,0.0,0.0,0.0,0.0,0.0,0.0,0.0,0.0,0.0,0.0,0.0,1.0,1.0,14.29,28.7,2.0,2.0,28.57,57.4,42.86,28.57,14.29,133.93,1.0,1.0,14.29,1.25,1.25,0.5,0.52,1.0,0.0,0.5,0.26,0.0,0.33,,0.33,0.0,0.0,0.14,28.57,1.0
2,新北中信特攻,44|10883,黃泓瀚/林安龍,2,9,12.0,108.26,1.8,01:48,54.13,0.9,00:54,3.0,1.5,25.0,59.85,4.0,2.0,33.33,79.81,4.0,2.0,33.33,79.81,1.0,0.5,8.33,19.95,3.0,1.5,25.0,59.85,1.0,0.5,8.33,19.95,1.0,0.5,8.33,19.95,0.0,0.0,0.0,0.0,2.0,1.0,16.67,39.9,1.0,0.5,8.33,19.95,2.0,1.0,16.67,39.9,1.0,0.5,8.33,19.95,1.0,0.5,8.33,19.95,2.0,1.0,16.67,39.9,1.0,0.5,8.33,19.95,0.0,0.0,0.0,0.0,0.0,0.0,0.0,0.0,0.0,0.0,0.0,0.0,1.0,0.5,8.33,19.95,2.0,1.0,16.67,39.9,25.0,33.33,-8.33,159.61,-1.0,-0.5,-8.33,1.8,0.9,0.25,0.31,0.33,0.0,0.5,0.17,0.0,0.5,0.5,0.5,0.0,0.0,0.08,16.67,0.5
2,新北中信特攻,8889|10883,馬可/林安龍,1,6,7.0,75.26,1.25,01:15,75.26,1.25,01:15,3.0,3.0,42.86,86.1,2.0,2.0,28.57,57.4,2.0,2.0,28.57,57.4,1.0,1.0,14.29,28.7,1.0,1.0,14.29,28.7,1.0,1.0,14.29,28.7,1.0,1.0,14.29,28.7,0.0,0.0,0.0,0.0,2.0,2.0,28.57,57.4,1.0,1.0,14.29,28.7,1.0,1.0,14.29,28.7,0.0,0.0,0.0,0.0,0.0,0.0,0.0,0.0,2.0,2.0,28.57,57.4,1.0,1.0,14.29,28.7,0.0,0.0,0.0,0.0,0.0,0.0,0.0,0.0,0.0,0.0,0.0,0.0,1.0,1.0,14.29,28.7,2.0,2.0,28.57,57.4,42.86,28.57,14.29,133.93,1.0,1.0,14.29,1.25,1.25,0.5,0.52,1.0,0.0,0.5,0.26,0.0,0.33,,0.33,0.0,0.0,0.14,28.57,1.0
2,福爾摩沙夢想家,73|83,陳振傑/吳家駿,3,16,26.0,322.91,5.38,05:23,107.64,1.79,01:48,11.0,3.67,42.31,73.58,9.0,3.0,34.62,60.2,12.0,4.0,46.15,80.27,4.0,1.33,15.38,26.76,7.0,2.33,26.92,46.82,3.0,1.0,11.54,20.07,5.0,1.67,19.23,33.45,1.0,0.33,3.85,6.69,2.0,0.67,7.69,13.38,2.0,0.67,7.69,13.38,7.0,2.33,26.92,46.82,1.0,0.33,3.85,6.69,3.0,1.0,11.54,20.07,4.0,1.33,15.38,26.76,1.0,0.33,3.85,6.69,2.0,0.67,7.69,13.38,1.0,0.33,3.85,6.69,0.0,0.0,0.0,0.0,3.0,1.0,11.54,20.07,7.0,2.33,26.92,46.82,42.31,34.62,7.69,115.95,2.0,0.67,7.69,5.38,1.79,0.38,0.43,0.43,0.2,1.0,0.07,0.5,0.64,0.25,0.53,3.85,0.0,0.12,26.92,0.17
2,高雄全家海神,45|51,施晉堯/克力斯,5,290,345.0,4665.03,77.75,77:45,933.01,15.55,15:33,158.0,31.6,45.8,73.16,186.0,37.2,53.91,86.12,128.0,25.6,37.1,59.27,60.0,12.0,17.39,27.78,75.0,15.0,21.74,34.73,41.0,8.2,11.88,18.98,53.0,10.6,15.36,24.54,19.0,3.8,5.51,8.8,25.0,5.0,7.25,11.58,19.0,3.8,5.51,8.8,17.0,3.4,4.93,7.87,51.0,10.2,14.78,23.61,22.0,4.4,6.38,10.19,30.0,6.0,8.7,13.89,25.0,5.0,7.25,11.58,37.0,7.4,10.72,17.13,15.0,3.0,4.35,6.95,6.0,1.2,1.74,2.78,23.0,4.6,6.67,10.65,40.0,8.0,11.59,18.52,45.8,53.91,-8.12,106.49,-28.0,-5.6,-8.12,77.75,15.55,0.54,0.57,0.55,0.36,0.76,0.15,0.62,0.36,0.7,0.57,4.35,1.74,0.07,11.59,0.2
2,高雄全家海神,51|110,克力斯/胡瓏貿,8,546,656.0,9079.8,151.33,151:20,1134.97,18.92,18:55,285.0,35.62,43.45,67.8,304.0,38.0,46.34,72.32,260.0,32.5,39.63,61.85,113.0,14.12,17.23,26.88,146.0,18.25,22.26,34.73,82.0,10.25,12.5,19.51,114.0,14.25,17.38,27.12,31.0,3.88,4.73,7.37,39.0,4.88,5.95,9.28,30.0,3.75,4.57,7.14,42.0,5.25,6.4,9.99,106.0,13.25,16.16,25.22,42.0,5.25,6.4,9.99,79.0,9.88,12.04,18.79,40.0,5.0,6.1,9.52,58.0,7.25,8.84,13.8,22.0,2.75,3.35,5.23,18.0,2.25,2.74,4.28,52.0,6.5,7.93,12.37,53.0,6.62,8.08,12.61,43.45,46.34,-2.9,104.04,-19.0,-2.38,-2.9,151.33,18.92,0.49,0.51,0.56,0.27,0.77,0.13,0.51,0.35,0.72,0.55,3.35,2.74,0.08,8.08,0.15
2,高雄全家海神,51|121,克力斯/吳曉謹,8,343,418.0,5522.29,92.04,92:02,690.29,11.5,11:30,184.0,23.0,44.02,71.97,191.0,23.88,45.69,74.71,161.0,20.12,38.52,62.97,68.0,8.5,16.27,26.6,85.0,10.62,20.33,33.25,50.0,6.25,11.96,19.56,76.0,9.5,18.18,29.73,18.0,2.25,4.31,7.04,40.0,5.0,9.57,15.65,31.0,3.88,7.42,12.13,32.0,4.0,7.66,12.52,63.0,7.88,15.07,24.64,24.0,3.0,5.74,9.39,56.0,7.0,13.4,21.9,31.0,3.88,7.42,12.13,32.0,4.0,7.66,12.52,19.0,2.38,4.55,7.43,5.0,0.62,1.2,1.96,39.0,4.88,9.33,15.25,50.0,6.25,11.96,19.56,44.02,45.69,-1.67,109.0,-7.0,-0.88,-1.67,92.04,11.5,0.48,0.52,0.59,0.24,0.78,0.15,0.47,0.36,0.72,0.54,4.55,1.2,0.09,11.96,0.25
2,高雄全家海神,51|12908,克力斯/布里茲克,7,660,788.0,10931.83,182.2,182:12,1561.69,26.03,26:02,351.0,50.14,44.54,69.35,354.0,50.57,44.92,69.95,310.0,44.29,39.34,61.25,134.0,19.14,17.01,26.48,176.0,25.14,22.34,34.78,93.0,13.29,11.8,18.38,134.0,19.14,17.01,26.48,41.0,5.86,5.2,8.1,51.0,7.29,6.47,10.08,40.0,5.71,5.08,7.9,45.0,6.43,5.71,8.89,131.0,18.71,16.62,25.88,50.0,7.14,6.35,9.88,104.0,14.86,13.2,20.55,48.0,6.86,6.09,9.48,70.0,10.0,8.88,13.83,26.0,3.71,3.3,5.14,18.0,2.57,2.28,3.56,64.0,9.14,8.12,12.65,74.0,10.57,9.39,14.62,44.54,44.92,-0.38,103.8,-3.0,-0.43,-0.38,182.2,26.03,0.5,0.53,0.53,0.31,0.78,0.13,0.52,0.3,0.72,0.53,3.3,2.28,0.08,9.39,0.16
2,高雄全家海神,51|122,克力斯/陳懷安,5,217,260.0,3538.44,58.97,58:58,707.69,11.79,11:48,108.0,21.6,41.54,65.93,108.0,21.6,41.54,65.93,98.0,19.6,37.69,59.82,41.0,8.2,15.77,25.03,56.0,11.2,21.54,34.18,30.0,6.0,11.54,18.31,42.0,8.4,16.15,25.64,11.0,2.2,4.23,6.71,20.0,4.0,7.69,12.21,14.0,2.8,5.38,8.55,19.0,3.8,7.31,11.6,38.0,7.6,14.62,23.2,14.0,2.8,5.38,8.55,29.0,5.8,11.15,17.7,21.0,4.2,8.08,12.82,18.0,3.6,6.92,10.99,16.0,3.2,6.15,9.77,3.0,0.6,1.15,1.83,19.0,3.8,7.31,11.6,26.0,5.2,10.0,15.87,41.54,41.54,0.0,105.81,0.0,0.0,0.0,58.97,11.79,0.47,0.51,0.54,0.26,0.7,0.16,0.44,0.4,0.73,0.57,6.15,1.15,0.07,10.0,0.2
2,高雄全家海神,51|116,克力斯/呂威霆,7,249,300.0,3980.15,66.34,66:20,568.59,9.48,09:29,140.0,20.0,46.67,75.98,150.0,21.43,50.0,81.4,108.0,15.43,36.0,58.61,49.0,7.0,16.33,26.59,67.0,9.57,22.33,36.36,33.0,4.71,11.0,17.91,41.0,5.86,13.67,22.25,16.0,2.29,5.33,8.68,29.0,4.14,9.67,15.74,24.0,3.43,8.0,13.02,17.0,2.43,5.67,9.23,41.0,5.86,13.67,22.25,19.0,2.71,6.33,10.31,44.0,6.29,14.67,23.88,20.0,2.86,6.67,10.85,26.0,3.71,8.67,14.11,14.0,2.0,4.67,7.6,5.0,0.71,1.67,2.71,26.0,3.71,8.67,14.11,40.0,5.71,13.33,21.71,46.67,50.0,-3.33,108.54,-10.0,-1.43,-3.33,66.34,9.48,0.53,0.58,0.49,0.39,0.83,0.14,0.53,0.28,0.68,0.48,4.67,1.67,0.09,13.33,0.27
2,高雄全家海神,51|118,克力斯/蘇文儒,3,246,299.0,4328.7,72.15,72:09,1442.9,24.05,24:03,130.0,43.33,43.48,64.87,134.0,44.67,44.82,66.87,115.0,38.33,38.46,57.38,49.0,16.33,16.39,24.45,69.0,23.0,23.08,34.43,34.0,11.33,11.37,16.97,46.0,15.33,15.38,22.95,15.0,5.0,5.02,7.48,22.0,7.33,7.36,10.98,18.0,6.0,6.02,8.98,18.0,6.0,6.02,8.98,46.0,15.33,15.38,22.95,17.0,5.67,5.69,8.48,45.0,15.0,15.05,22.45,21.0,7.0,7.02,10.48,26.0,8.67,8.7,12.97,13.0,4.33,4.35,6.49,9.0,3.0,3.01,4.49,27.0,9.0,9.03,13.47,20.0,6.67,6.69,9.98,43.48,44.82,-1.34,99.47,-4.0,-1.33,-1.34,72.15,24.05,0.49,0.52,0.49,0.33,0.82,0.14,0.53,0.29,0.73,0.51,4.35,3.01,0.09,6.69,0.19
2,高雄全家海神,51|10891,克力斯/廖偉皓,4,24,33.0,515.29,8.59,08:35,128.82,2.15,02:09,12.0,3.0,36.36,50.3,19.0,4.75,57.58,79.64,12.0,3.0,36.36,50.3,4.0,1.0,12.12,16.77,6.0,1.5,18.18,25.15,2.0,0.5,6.06,8.38,6.0,1.5,18.18,25.15,2.0,0.5,6.06,8.38,2.0,0.5,6.06,8.38,2.0,0.5,6.06,8.38,2.0,0.5,6.06,8.38,6.0,1.5,18.18,25.15,3.0,0.75,9.09,12.58,7.0,1.75,21.21,29.34,2.0,0.5,6.06,8.38,4.0,1.0,12.12,16.77,2.0,0.5,6.06,8.38,1.0,0.25,3.03,4.19,3.0,0.75,9.09,12.58,4.0,1.0,12.12,16.77,36.36,57.58,-21.21,92.22,-7.0,-1.75,-21.21,8.59,2.15,0.42,0.47,0.33,0.33,1.0,0.13,1.0,0.22,0.67,0.44,6.06,3.03,0.09,12.12,0.17
2,高雄全家海神,51|10894,克力斯/凱帝,1,9,13.0,187.69,3.13,03:08,187.69,3.13,03:08,7.0,7.0,53.85,80.56,9.0,9.0,69.23,103.57,6.0,6.0,46.15,69.05,2.0,2.0,15.38,23.02,2.0,2.0,15.38,23.02,1.0,1.0,7.69,11.51,4.0,4.0,30.77,46.03,1.0,1.0,7.69,11.51,2.0,2.0,15.38,23.02,2.0,2.0,15.38,23.02,2.0,2.0,15.38,23.02,2.0,2.0,15.38,23.02,1.0,1.0,7.69,11.51,0.0,0.0,0.0,0.0,0.0,0.0,0.0,0.0,3.0,3.0,23.08,34.52,0.0,0.0,0.0,0.0,0.0,0.0,0.0,0.0,1.0,1.0,7.69,11.51,2.0,2.0,15.38,23.02,53.85,69.23,-15.38,99.74,-2.0,-2.0,-15.38,3.13,3.13,0.42,0.51,0.5,0.25,1.0,0.0,1.5,1.0,0.67,0.8,0.0,0.0,0.08,15.38,0.33
2,高雄全家海神,51|123,克力斯/勤明慶,2,5,7.0,82.93,1.38,01:23,41.46,0.69,00:41,0.0,0.0,0.0,0.0,1.0,0.5,14.29,26.05,2.0,1.0,28.57,52.09,0.0,0.0,0.0,0.0,1.0,0.5,14.29,26.05,0.0,0.0,0.0,0.0,1.0,0.5,14.29,26.05,0.0,0.0,0.0,0.0,2.0,1.0,28.57,52.09,0.0,0.0,0.0,0.0,1.0,0.5,14.29,26.05,2.0,1.0,28.57,52.09,0.0,0.0,0.0,0.0,3.0,1.5,42.86,78.14,1.0,0.5,14.29,26.05,0.0,0.0,0.0,0.0,0.0,0.0,0.0,0.0,0.0,0.0,0.0,0.0,1.0,0.5,14.29,26.05,2.0,1.0,28.57,52.09,0.0,14.29,-14.29,121.55,-1.0,-0.5,-14.29,1.38,0.69,0.0,0.0,0.0,0.0,0.0,0.26,,0.25,1.0,0.5,0.0,0.0,0.14,28.57,1.0
2,高雄全家海神,51|13275,克力斯/吳彥侖,7,409,486.0,6673.64,111.23,111:14,953.38,15.89,15:53,221.0,31.57,45.47,71.53,226.0,32.29,46.5,73.15,186.0,26.57,38.27,60.2,83.0,11.86,17.08,26.86,109.0,15.57,22.43,35.28,55.0,7.86,11.32,17.8,77.0,11.0,15.84,24.92,28.0,4.0,5.76,9.06,32.0,4.57,6.58,10.36,26.0,3.71,5.35,8.42,28.0,4.0,5.76,9.06,78.0,11.14,16.05,25.25,29.0,4.14,5.97,9.39,70.0,10.0,14.4,22.66,31.0,4.43,6.38,10.03,50.0,7.14,10.29,16.18,20.0,2.86,4.12,6.47,14.0,2.0,2.88,4.53,43.0,6.14,8.85,13.92,36.0,5.14,7.41,11.65,45.47,46.5,-1.03,104.87,-5.0,-0.71,-1.03,111.23,15.89,0.52,0.55,0.5,0.36,0.81,0.13,0.6,0.29,0.73,0.52,4.12,2.88,0.09,7.41,0.17
2,高雄全家海神,110|13275,胡瓏貿/吳彥侖,8,398,481.0,6655.92,110.93,110:56,831.99,13.87,13:52,209.0,26.12,43.45,67.83,221.0,27.62,45.95,71.72,195.0,24.38,40.54,63.28,83.0,10.38,17.26,26.94,111.0,13.88,23.08,36.02,59.0,7.38,12.27,19.15,84.0,10.5,17.46,27.26,24.0,3.0,4.99,7.79,21.0,2.62,4.37,6.81,16.0,2.0,3.33,5.19,36.0,4.5,7.48,11.68,75.0,9.38,15.59,24.34,31.0,3.88,6.44,10.06,65.0,8.12,13.51,21.09,31.0,3.88,6.44,10.06,39.0,4.88,8.11,12.66,18.0,2.25,3.74,5.84,17.0,2.12,3.53,5.52,34.0,4.25,7.07,11.03,31.0,3.88,6.44,10.06,43.45,45.95,-2.49,104.06,-12.0,-1.5,-2.49,110.93,13.87,0.49,0.51,0.53,0.29,0.76,0.13,0.47,0.36,0.71,0.54,3.74,3.53,0.07,6.44,0.11
2,高雄全家海神,118|13275,蘇文儒/吳彥侖,2,201,251.0,3482.8,58.05,58:03,1741.4,29.02,29:01,103.0,51.5,41.04,63.88,109.0,54.5,43.43,67.6,90.0,45.0,35.86,55.82,37.0,18.5,14.74,22.95,55.0,27.5,21.91,34.11,24.0,12.0,9.56,14.88,35.0,17.5,13.94,21.71,13.0,6.5,5.18,8.06,18.0,9.0,7.17,11.16,16.0,8.0,6.37,9.92,14.0,7.0,5.58,8.68,39.0,19.5,15.54,24.19,19.0,9.5,7.57,11.78,37.0,18.5,14.74,22.95,20.0,10.0,7.97,12.4,22.0,11.0,8.76,13.64,12.0,6.0,4.78,7.44,11.0,5.5,4.38,6.82,22.0,11.0,8.76,13.64,16.0,8.0,6.37,9.92,41.04,43.43,-2.39,103.78,-6.0,-3.0,-2.39,58.05,29.02,0.48,0.53,0.44,0.37,0.89,0.17,0.59,0.27,0.67,0.49,4.78,4.38,0.09,6.37,0.2
2,高雄全家海神,12908|13275,布里茲克/吳彥侖,7,483,577.0,7996.96,133.28,133:17,1142.42,19.04,19:02,246.0,35.14,42.63,66.45,261.0,37.29,45.23,70.5,228.0,32.57,39.51,61.58,92.0,13.14,15.94,24.85,128.0,18.29,22.18,34.57,63.0,9.0,10.92,17.02,100.0,14.29,17.33,27.01,29.0,4.14,5.03,7.83,38.0,5.43,6.59,10.26,31.0,4.43,5.37,8.37,36.0,5.14,6.24,9.72,100.0,14.29,17.33,27.01,34.0,4.86,5.89,9.18,82.0,11.71,14.21,22.15,38.0,5.43,6.59,10.26,49.0,7.0,8.49,13.24,19.0,2.71,3.29,5.13,17.0,2.43,2.95,4.59,53.0,7.57,9.19,14.32,44.0,6.29,7.63,11.88,42.63,45.23,-2.6,103.9,-15.0,-2.14,-2.6,133.28,19.04,0.47,0.5,0.49,0.29,0.82,0.13,0.53,0.31,0.75,0.54,3.29,2.95,0.09,7.63,0.17
2,高雄全家海神,123|13275,勤明慶/吳彥侖,4,54,68.0,845.07,14.08,14:05,211.27,3.52,03:31,27.0,6.75,39.71,69.01,24.0,6.0,35.29,61.34,21.0,5.25,30.88,53.68,8.0,2.0,11.76,20.45,12.0,3.0,17.65,30.67,6.0,1.5,8.82,15.34,9.0,2.25,13.24,23.0,2.0,0.5,2.94,5.11,11.0,2.75,16.18,28.12,9.0,2.25,13.24,23.0,2.0,0.5,2.94,5.11,10.0,2.5,14.71,25.56,4.0,1.0,5.88,10.22,9.0,2.25,13.24,23.0,8.0,2.0,11.76,20.45,3.0,0.75,4.41,7.67,4.0,1.0,5.88,10.22,2.0,0.5,2.94,5.11,7.0,1.75,10.29,17.89,7.0,1.75,10.29,17.89,39.71,35.29,4.41,115.87,3.0,0.75,4.41,14.08,3.52,0.43,0.52,0.5,0.22,0.82,0.24,0.38,0.18,0.71,0.48,5.88,2.94,0.1,10.29,0.52
2,高雄全家海神,12668|13275,歐提斯/吳彥侖,5,128,164.0,1920.48,32.01,32:00,384.1,6.4,06:24,68.0,13.6,41.46,76.48,68.0,13.6,41.46,76.48,46.0,9.2,28.05,51.74,22.0,4.4,13.41,24.74,26.0,5.2,15.85,29.24,14.0,2.8,8.54,15.75,20.0,4.0,12.2,22.49,8.0,1.6,4.88,9.0,18.0,3.6,10.98,20.24,13.0,2.6,7.93,14.62,10.0,2.0,6.1,11.25,17.0,3.4,10.37,19.12,17.0,3.4,10.37,19.12,13.0,2.6,7.93,14.62,20.0,4.0,12.2,22.49,13.0,2.6,7.93,14.62,11.0,2.2,6.71,12.37,4.0,0.8,2.44,4.5,15.0,3.0,9.15,16.87,11.0,2.2,6.71,12.37,41.46,41.46,0.0,122.97,0.0,0.0,0.0,32.01,6.4,0.57,0.63,0.54,0.4,0.72,0.27,0.59,0.43,0.5,0.47,6.71,2.44,0.09,6.71,0.39
2,高雄全家海神,51|108,克力斯/魏莨哲,3,43,54.0,748.08,12.47,12:28,249.36,4.16,04:09,20.0,6.67,37.04,57.75,19.0,6.33,35.19,54.86,21.0,7.0,38.89,60.64,8.0,2.67,14.81,23.1,16.0,5.33,29.63,46.2,7.0,2.33,12.96,20.21,5.0,1.67,9.26,14.44,1.0,0.33,1.85,2.89,3.0,1.0,5.56,8.66,3.0,1.0,5.56,8.66,5.0,1.67,9.26,14.44,8.0,2.67,14.81,23.1,4.0,1.33,7.41,11.55,12.0,4.0,22.22,34.65,4.0,1.33,7.41,11.55,3.0,1.0,5.56,8.66,3.0,1.0,5.56,8.66,2.0,0.67,3.7,5.77,2.0,0.67,3.7,5.77,3.0,1.0,5.56,8.66,37.04,35.19,1.85,103.95,1.0,0.33,1.85,12.47,4.16,0.4,0.45,0.44,0.2,1.0,0.15,0.38,0.29,0.67,0.45,5.56,3.7,0.04,5.56,0.14
2,高雄全家海神,51|12668,克力斯/歐提斯,5,202,250.0,3170.13,52.84,52:50,634.03,10.57,10:34,99.0,19.8,39.6,67.45,123.0,24.6,49.2,83.81,86.0,17.2,34.4,58.6,37.0,7.4,14.8,25.21,55.0,11.0,22.0,37.47,30.0,6.0,12.0,20.44,31.0,6.2,12.4,21.12,7.0,1.4,2.8,4.77,22.0,4.4,8.8,14.99,18.0,3.6,7.2,12.26,18.0,3.6,7.2,12.26,30.0,6.0,12.0,20.44,18.0,3.6,7.2,12.26,31.0,6.2,12.4,21.12,22.0,4.4,8.8,14.99,18.0,3.6,7.2,12.26,18.0,3.6,7.2,12.26,4.0,0.8,1.6,2.73,21.0,4.2,8.4,14.31,29.0,5.8,11.6,19.76,39.6,49.2,-9.6,113.56,-24.0,-4.8,-9.6,52.84,10.57,0.47,0.52,0.55,0.23,0.82,0.19,0.49,0.37,0.62,0.49,7.2,1.6,0.08,11.6,0.26
2,高雄全家海神,121|13275,吳曉謹/吳彥侖,8,197,240.0,3003.62,50.06,50:04,375.45,6.26,06:15,101.0,12.62,42.08,72.63,117.0,14.62,48.75,84.14,90.0,11.25,37.5,64.72,37.0,4.62,15.42,26.61,47.0,5.88,19.58,33.8,28.0,3.5,11.67,20.14,43.0,5.38,17.92,30.92,9.0,1.12,3.75,6.47,21.0,2.62,8.75,15.1,16.0,2.0,6.67,11.51,21.0,2.62,8.75,15.1,34.0,4.25,14.17,24.45,13.0,1.62,5.42,9.35,33.0,4.12,13.75,23.73,20.0,2.5,8.33,14.38,21.0,2.62,8.75,15.1,14.0,1.75,5.83,10.07,6.0,0.75,2.5,4.31,18.0,2.25,7.5,12.94,18.0,2.25,7.5,12.94,42.08,48.75,-6.67,115.06,-16.0,-2.0,-6.67,50.06,6.26,0.46,0.51,0.6,0.21,0.76,0.17,0.57,0.39,0.72,0.54,5.83,2.5,0.08,7.5,0.23
2,高雄全家海神,122|13275,陳懷安/吳彥侖,1,19,23.0,293.69,4.89,04:54,293.69,4.89,04:54,9.0,9.0,39.13,66.19,11.0,11.0,47.83,80.9,7.0,7.0,30.43,51.48,4.0,4.0,17.39,29.42,5.0,5.0,21.74,36.77,3.0,3.0,13.04,22.06,2.0,2.0,8.7,14.71,1.0,1.0,4.35,7.35,0.0,0.0,0.0,0.0,0.0,0.0,0.0,0.0,2.0,2.0,8.7,14.71,1.0,1.0,4.35,7.35,3.0,3.0,13.04,22.06,1.0,1.0,4.35,7.35,3.0,3.0,13.04,22.06,1.0,1.0,4.35,7.35,3.0,3.0,13.04,22.06,0.0,0.0,0.0,0.0,3.0,3.0,13.04,22.06,4.0,4.0,17.39,29.42,39.13,47.83,-8.7,112.77,-2.0,-2.0,-8.7,4.89,4.89,0.64,0.64,0.6,0.5,,0.3,0.25,0.67,0.25,0.43,13.04,0.0,0.13,17.39,0.0
2,福爾摩沙夢想家,91|10890,簡偉儒/湯普金斯,2,112,133.0,1740.09,29.0,29:00,870.05,14.5,14:30,66.0,33.0,49.62,81.93,57.0,28.5,42.86,70.75,56.0,28.0,42.11,69.51,27.0,13.5,20.3,33.52,38.0,19.0,28.57,47.17,21.0,10.5,15.79,26.07,18.0,9.0,13.53,22.34,6.0,3.0,4.51,7.45,13.0,6.5,9.77,16.14,11.0,5.5,8.27,13.65,10.0,5.0,7.52,12.41,20.0,10.0,15.04,24.83,6.0,3.0,4.51,7.45,24.0,12.0,18.05,29.79,5.0,2.5,3.76,6.21,15.0,7.5,11.28,18.62,1.0,0.5,0.75,1.24,3.0,1.5,2.26,3.72,11.0,5.5,8.27,13.65,12.0,6.0,9.02,14.9,49.62,42.86,6.77,110.06,9.0,4.5,6.77,29.0,14.5,0.54,0.53,0.55,0.33,0.85,0.07,0.56,0.29,0.77,0.5,0.75,2.26,0.08,9.02,0.23
2,高雄全家海神,111|122,唐維傑/陳懷安,2,59,68.0,944.16,15.74,15:44,472.08,7.87,07:52,40.0,20.0,58.82,91.51,28.0,14.0,41.18,64.06,30.0,15.0,44.12,68.63,16.0,8.0,23.53,36.6,21.0,10.5,30.88,48.04,11.0,5.5,16.18,25.17,9.0,4.5,13.24,20.59,5.0,2.5,7.35,11.44,8.0,4.0,11.76,18.3,5.0,2.5,7.35,11.44,6.0,3.0,8.82,13.73,7.0,3.5,10.29,16.01,2.0,1.0,2.94,4.58,9.0,4.5,13.24,20.59,4.0,2.0,5.88,9.15,10.0,5.0,14.71,22.88,4.0,2.0,5.88,9.15,0.0,0.0,0.0,0.0,8.0,4.0,11.76,18.3,0.0,0.0,0.0,0.0,58.82,41.18,17.65,103.71,12.0,6.0,17.65,15.74,7.87,0.62,0.6,0.52,0.56,0.62,0.11,0.62,0.4,0.78,0.54,5.88,0.0,0.12,0.0,0.27
2,高雄全家海神,111|123,唐維傑/勤明慶,4,25,34.0,402.04,6.7,06:42,100.51,1.68,01:41,8.0,2.0,23.53,42.98,17.0,4.25,50.0,91.34,11.0,2.75,32.35,59.1,1.0,0.25,2.94,5.37,8.0,2.0,23.53,42.98,1.0,0.25,2.94,5.37,3.0,0.75,8.82,16.12,0.0,0.0,0.0,0.0,9.0,2.25,26.47,48.35,6.0,1.5,17.65,32.24,4.0,1.0,11.76,21.49,6.0,1.5,17.65,32.24,3.0,0.75,8.82,16.12,4.0,1.0,11.76,21.49,3.0,0.75,8.82,16.12,0.0,0.0,0.0,0.0,3.0,0.75,8.82,16.12,1.0,0.25,2.94,5.37,2.0,0.5,5.88,10.75,1.0,0.25,2.94,5.37,23.53,50.0,-26.47,121.78,-9.0,-2.25,-26.47,6.7,1.68,0.09,0.27,0.12,0.0,0.67,0.17,0.0,0.5,0.67,0.59,8.82,2.94,0.06,2.94,0.82
2,高雄全家海神,111|10891,唐維傑/廖偉皓,3,74,89.0,1235.34,20.59,20:35,411.78,6.86,06:52,36.0,12.0,40.45,62.95,37.0,12.33,41.57,64.69,37.0,12.33,41.57,64.69,12.0,4.0,13.48,20.98,25.0,8.33,28.09,43.71,8.0,2.67,8.99,13.99,12.0,4.0,13.48,20.98,4.0,1.33,4.49,6.99,14.0,4.67,15.73,24.48,10.0,3.33,11.24,17.49,7.0,2.33,7.87,12.24,19.0,6.33,21.35,33.22,3.0,1.0,3.37,5.25,17.0,5.67,19.1,29.72,3.0,1.0,3.37,5.25,8.0,2.67,8.99,13.99,3.0,1.0,3.37,5.25,3.0,1.0,3.37,5.25,10.0,3.33,11.24,17.49,8.0,2.67,8.99,13.99,40.45,41.57,-1.12,103.75,-1.0,-0.33,-1.12,20.59,6.86,0.38,0.42,0.32,0.33,0.71,0.06,0.67,0.29,0.86,0.57,3.37,3.37,0.11,8.99,0.38
2,高雄全家海神,111|12668,唐維傑/歐提斯,4,159,188.0,2436.24,40.6,40:36,609.06,10.15,10:09,84.0,21.0,44.68,74.48,100.0,25.0,53.19,88.66,63.0,15.75,33.51,55.86,33.0,8.25,17.55,29.26,44.0,11.0,23.4,39.01,27.0,6.75,14.36,23.94,19.0,4.75,10.11,16.85,6.0,1.5,3.19,5.32,26.0,6.5,13.83,23.05,17.0,4.25,9.04,15.07,11.0,2.75,5.85,9.75,20.0,5.0,10.64,17.73,10.0,2.5,5.32,8.87,26.0,6.5,13.83,23.05,20.0,5.0,10.64,17.73,16.0,4.0,8.51,14.19,15.0,3.75,7.98,13.3,2.0,0.5,1.06,1.77,14.0,3.5,7.45,12.41,15.0,3.75,7.98,13.3,44.68,53.19,-8.51,111.12,-16.0,-4.0,-8.51,40.6,10.15,0.57,0.56,0.61,0.32,0.65,0.21,0.48,0.3,0.67,0.46,7.98,1.06,0.07,7.98,0.41
2,福爾摩沙夢想家,91|95,簡偉儒/李德威,2,12,18.0,215.86,3.6,03:36,107.93,1.8,01:48,7.0,3.5,38.89,70.04,3.0,1.5,16.67,30.02,6.0,3.0,33.33,60.04,3.0,1.5,16.67,30.02,5.0,2.5,27.78,50.03,2.0,1.0,11.11,20.01,1.0,0.5,5.56,10.01,1.0,0.5,5.56,10.01,0.0,0.0,0.0,0.0,0.0,0.0,0.0,0.0,2.0,1.0,11.11,20.01,1.0,0.5,5.56,10.01,2.0,1.0,11.11,20.01,3.0,1.5,16.67,30.02,2.0,1.0,11.11,20.01,2.0,1.0,11.11,20.01,1.0,0.5,5.56,10.01,0.0,0.0,0.0,0.0,1.0,0.5,5.56,10.01,2.0,1.0,11.11,20.01,38.89,16.67,22.22,120.08,4.0,2.0,22.22,3.6,1.8,0.58,0.58,0.4,1.0,,0.25,0.67,0.4,0.33,0.38,5.56,0.0,0.06,11.11,0.0
2,高雄全家海神,51|111,克力斯/唐維傑,6,209,249.0,3368.43,56.14,56:08,561.4,9.36,09:21,100.0,16.67,40.16,64.12,129.0,21.5,51.81,82.72,89.0,14.83,35.74,57.07,40.0,6.67,16.06,25.65,61.0,10.17,24.5,39.12,32.0,5.33,12.85,20.52,28.0,4.67,11.24,17.95,8.0,1.33,3.21,5.13,23.0,3.83,9.24,14.75,14.0,2.33,5.62,8.98,13.0,2.17,5.22,8.34,39.0,6.5,15.66,25.01,19.0,3.17,7.63,12.18,38.0,6.33,15.26,24.37,20.0,3.33,8.03,12.82,22.0,3.67,8.84,14.11,13.0,2.17,5.22,8.34,6.0,1.0,2.41,3.85,18.0,3.0,7.23,11.54,27.0,4.5,10.84,17.31,40.16,51.81,-11.65,106.45,-29.0,-4.83,-11.65,56.14,9.36,0.49,0.5,0.52,0.29,0.61,0.17,0.55,0.25,0.67,0.48,5.22,2.41,0.07,10.84,0.26
2,高雄全家海神,108|111,魏莨哲/唐維傑,2,40,50.0,688.77,11.48,11:29,344.39,5.74,05:44,17.0,8.5,34.0,53.31,22.0,11.0,44.0,68.99,18.0,9.0,36.0,56.45,7.0,3.5,14.0,21.95,15.0,7.5,30.0,47.04,6.0,3.0,12.0,18.82,3.0,1.5,6.0,9.41,1.0,0.5,2.0,3.14,2.0,1.0,4.0,6.27,2.0,1.0,4.0,6.27,3.0,1.5,6.0,9.41,8.0,4.0,16.0,25.09,5.0,2.5,10.0,15.68,10.0,5.0,20.0,31.36,4.0,2.0,8.0,12.54,2.0,1.0,4.0,6.27,3.0,1.5,6.0,9.41,2.0,1.0,4.0,6.27,2.0,1.0,4.0,6.27,0.0,0.0,0.0,0.0,34.0,44.0,-10.0,104.53,-5.0,-2.5,-10.0,11.48,5.74,0.42,0.45,0.4,0.33,1.0,0.17,0.29,0.23,0.62,0.42,6.0,4.0,0.04,0.0,0.11
2,高雄全家海神,111|121,唐維傑/吳曉謹,7,103,125.0,1560.89,26.01,26:01,222.98,3.72,03:43,55.0,7.86,44.0,76.11,55.0,7.86,44.0,76.11,43.0,6.14,34.4,59.5,18.0,2.57,14.4,24.91,27.0,3.86,21.6,37.36,13.0,1.86,10.4,17.99,16.0,2.29,12.8,22.14,5.0,0.71,4.0,6.92,22.0,3.14,17.6,30.44,15.0,2.14,12.0,20.76,6.0,0.86,4.8,8.3,23.0,3.29,18.4,31.83,8.0,1.14,6.4,11.07,21.0,3.0,16.8,29.06,9.0,1.29,7.2,12.45,12.0,1.71,9.6,16.61,7.0,1.0,5.6,9.69,1.0,0.14,0.8,1.38,10.0,1.43,8.0,13.84,15.0,2.14,12.0,20.76,44.0,44.0,0.0,115.32,0.0,0.0,0.0,26.01,3.72,0.48,0.52,0.48,0.31,0.68,0.15,0.67,0.22,0.74,0.5,5.6,0.8,0.08,12.0,0.51
2,高雄全家海神,111|13275,唐維傑/吳彥侖,4,61,71.0,848.57,14.14,14:09,212.14,3.54,03:32,31.0,7.75,43.66,78.91,41.0,10.25,57.75,104.36,23.0,5.75,32.39,58.55,10.0,2.5,14.08,25.45,17.0,4.25,23.94,43.27,7.0,1.75,9.86,17.82,6.0,1.5,8.45,15.27,3.0,0.75,4.23,7.64,12.0,3.0,16.9,30.55,8.0,2.0,11.27,20.36,4.0,1.0,5.63,10.18,11.0,2.75,15.49,28.0,4.0,1.0,5.63,10.18,10.0,2.5,14.08,25.45,6.0,1.5,8.45,15.27,10.0,2.5,14.08,25.45,3.0,0.75,4.23,7.64,3.0,0.75,4.23,7.64,6.0,1.5,8.45,15.27,9.0,2.25,12.68,22.91,43.66,57.75,-14.08,120.49,-10.0,-2.5,-14.08,14.14,3.54,0.5,0.55,0.41,0.5,0.67,0.18,1.0,0.29,0.73,0.52,4.23,4.23,0.08,12.68,0.52
2,高雄全家海神,111|116,唐維傑/呂威霆,6,168,205.0,2643.15,44.05,44:03,440.53,7.34,07:21,81.0,13.5,39.51,66.19,109.0,18.17,53.17,89.08,77.0,12.83,37.56,62.92,29.0,4.83,14.15,23.7,56.0,9.33,27.32,45.76,25.0,4.17,12.2,20.43,21.0,3.5,10.24,17.16,4.0,0.67,1.95,3.27,29.0,4.83,14.15,23.7,21.0,3.5,10.24,17.16,14.0,2.33,6.83,11.44,35.0,5.83,17.07,28.6,14.0,2.33,6.83,11.44,28.0,4.67,13.66,22.88,10.0,1.67,4.88,8.17,13.0,2.17,6.34,10.62,9.0,1.5,4.39,7.35,6.0,1.0,2.93,4.9,18.0,3.0,8.78,14.71,27.0,4.5,13.17,22.06,39.51,53.17,-13.66,111.68,-28.0,-4.67,-13.66,44.05,7.34,0.4,0.45,0.45,0.19,0.72,0.1,0.45,0.33,0.71,0.54,4.39,2.93,0.09,13.17,0.38
2,福爾摩沙夢想家,95|97,李德威/史承平,3,10,15.0,193.0,3.22,03:13,64.33,1.07,01:04,4.0,1.33,26.67,44.77,2.0,0.67,13.33,22.38,5.0,1.67,33.33,55.96,2.0,0.67,13.33,22.38,5.0,1.67,33.33,55.96,2.0,0.67,13.33,22.38,0.0,0.0,0.0,0.0,0.0,0.0,0.0,0.0,0.0,0.0,0.0,0.0,0.0,0.0,0.0,0.0,2.0,0.67,13.33,22.38,1.0,0.33,6.67,11.19,1.0,0.33,6.67,11.19,4.0,1.33,26.67,44.77,2.0,0.67,13.33,22.38,1.0,0.33,6.67,11.19,1.0,0.33,6.67,11.19,0.0,0.0,0.0,0.0,1.0,0.33,6.67,11.19,0.0,0.0,0.0,0.0,26.67,13.33,13.33,111.92,2.0,0.67,13.33,3.22,1.07,0.4,0.4,0.4,,,0.29,0.5,0.33,0.5,0.38,6.67,0.0,0.07,0.0,0.0
2,福爾摩沙夢想家,95|101,李德威/周柏臣,4,20,27.0,351.0,5.85,05:51,87.75,1.46,01:28,6.0,1.5,22.22,36.92,11.0,2.75,40.74,67.69,10.0,2.5,37.04,61.54,3.0,0.75,11.11,18.46,8.0,2.0,29.63,49.23,3.0,0.75,11.11,18.46,2.0,0.5,7.41,12.31,0.0,0.0,0.0,0.0,0.0,0.0,0.0,0.0,0.0,0.0,0.0,0.0,2.0,0.5,7.41,12.31,5.0,1.25,18.52,30.77,1.0,0.25,3.7,6.15,5.0,1.25,18.52,30.77,3.0,0.75,11.11,18.46,1.0,0.25,3.7,6.15,2.0,0.5,7.41,12.31,0.0,0.0,0.0,0.0,1.0,0.25,3.7,6.15,3.0,0.75,11.11,18.46,22.22,40.74,-18.52,110.77,-5.0,-1.25,-18.52,5.85,1.46,0.3,0.3,0.38,0.0,,0.23,0.33,0.29,0.83,0.54,7.41,0.0,0.04,11.11,0.0
2,福爾摩沙夢想家,83|95,吳家駿/李德威,2,6,8.0,114.0,1.9,01:54,57.0,0.95,00:57,2.0,1.0,25.0,37.89,2.0,1.0,25.0,37.89,2.0,1.0,25.0,37.89,1.0,0.5,12.5,18.95,2.0,1.0,25.0,37.89,1.0,0.5,12.5,18.95,0.0,0.0,0.0,0.0,0.0,0.0,0.0,0.0,0.0,0.0,0.0,0.0,0.0,0.0,0.0,0.0,0.0,0.0,0.0,0.0,1.0,0.5,12.5,18.95,0.0,0.0,0.0,0.0,2.0,1.0,25.0,37.89,2.0,1.0,25.0,37.89,1.0,0.5,12.5,18.95,1.0,0.5,12.5,18.95,0.0,0.0,0.0,0.0,1.0,0.5,12.5,18.95,0.0,0.0,0.0,0.0,25.0,25.0,0.0,101.05,0.0,0.0,0.0,1.9,0.95,0.5,0.5,0.5,,,0.5,1.0,0.0,1.0,0.33,12.5,0.0,0.12,0.0,0.0
2,福爾摩沙夢想家,83|101,吳家駿/周柏臣,3,13,18.0,200.38,3.34,03:20,66.79,1.11,01:07,6.0,2.0,33.33,64.68,4.0,1.33,22.22,43.12,5.0,1.67,27.78,53.9,3.0,1.0,16.67,32.34,4.0,1.33,22.22,43.12,3.0,1.0,16.67,32.34,1.0,0.33,5.56,10.78,0.0,0.0,0.0,0.0,0.0,0.0,0.0,0.0,0.0,0.0,0.0,0.0,1.0,0.33,5.56,10.78,1.0,0.33,5.56,10.78,2.0,0.67,11.11,21.56,3.0,1.0,16.67,32.34,3.0,1.0,16.67,32.34,2.0,0.67,11.11,21.56,1.0,0.33,5.56,10.78,0.0,0.0,0.0,0.0,1.0,0.33,5.56,10.78,2.0,0.67,11.11,21.56,33.33,22.22,11.11,129.35,2.0,0.67,11.11,3.34,1.11,0.6,0.6,0.75,0.0,,0.38,0.67,0.25,0.33,0.29,5.56,0.0,0.06,11.11,0.0
2,新北國王,24|13029,蘇士軒/杰倫,7,604,697.0,9571.61,159.53,159:32,1367.37,22.79,22:47,326.0,46.57,46.77,73.57,350.0,50.0,50.22,78.98,284.0,40.57,40.75,64.09,129.0,18.43,18.51,29.11,166.0,23.71,23.82,37.46,90.0,12.86,12.91,20.31,118.0,16.86,16.93,26.63,39.0,5.57,5.6,8.8,39.0,5.57,5.6,8.8,27.0,3.86,3.87,6.09,45.0,6.43,6.46,10.16,114.0,16.29,16.36,25.73,35.0,5.0,5.02,7.9,103.0,14.71,14.78,23.24,42.0,6.0,6.03,9.48,69.0,9.86,9.9,15.57,26.0,3.71,3.73,5.87,10.0,1.43,1.43,2.26,45.0,6.43,6.46,10.16,41.0,5.86,5.88,9.25,46.77,50.22,-3.44,104.86,-24.0,-3.43,-3.44,159.53,22.79,0.52,0.54,0.54,0.33,0.69,0.12,0.53,0.3,0.77,0.54,3.73,1.43,0.06,5.88,0.14
2,新北國王,29|13029,林書緯/杰倫,7,673,777.0,10787.4,179.79,179:47,1541.06,25.68,25:41,378.0,54.0,48.65,75.69,371.0,53.0,47.75,74.29,317.0,45.29,40.8,63.47,143.0,20.43,18.4,28.63,177.0,25.29,22.78,35.44,98.0,14.0,12.61,19.62,140.0,20.0,18.02,28.03,45.0,6.43,5.79,9.01,56.0,8.0,7.21,11.21,43.0,6.14,5.53,8.61,48.0,6.86,6.18,9.61,133.0,19.0,17.12,26.63,41.0,5.86,5.28,8.21,119.0,17.0,15.32,23.83,44.0,6.29,5.66,8.81,74.0,10.57,9.52,14.82,27.0,3.86,3.47,5.41,9.0,1.29,1.16,1.8,54.0,7.71,6.95,10.81,51.0,7.29,6.56,10.21,48.65,47.75,0.9,103.72,7.0,1.0,0.9,179.79,25.68,0.52,0.55,0.55,0.32,0.77,0.11,0.52,0.29,0.76,0.53,3.47,1.16,0.07,6.56,0.18
2,新北國王,34|13029,沃許本/杰倫,6,488,567.0,8029.78,133.83,133:50,1338.3,22.3,22:18,281.0,46.83,49.56,75.59,265.0,44.17,46.74,71.28,237.0,39.5,41.8,63.75,107.0,17.83,18.87,28.78,138.0,23.0,24.34,37.12,74.0,12.33,13.05,19.91,99.0,16.5,17.46,26.63,33.0,5.5,5.82,8.88,39.0,6.5,6.88,10.49,32.0,5.33,5.64,8.61,35.0,5.83,6.17,9.41,96.0,16.0,16.93,25.82,29.0,4.83,5.11,7.8,87.0,14.5,15.34,23.4,29.0,4.83,5.11,7.8,53.0,8.83,9.35,14.26,18.0,3.0,3.17,4.84,8.0,1.33,1.41,2.15,38.0,6.33,6.7,10.22,29.0,4.83,5.11,7.8,49.56,46.74,2.82,101.68,16.0,2.67,2.82,133.83,22.3,0.52,0.55,0.54,0.33,0.82,0.1,0.5,0.29,0.77,0.53,3.17,1.41,0.07,5.11,0.16
2,新北國王,10874|13029,熊祥泰/杰倫,6,226,267.0,3650.16,60.84,60:50,608.36,10.14,10:08,129.0,21.5,48.31,76.34,110.0,18.33,41.2,65.09,111.0,18.5,41.57,65.68,47.0,7.83,17.6,27.81,61.0,10.17,22.85,36.1,29.0,4.83,10.86,17.16,50.0,8.33,18.73,29.59,18.0,3.0,6.74,10.65,20.0,3.33,7.49,11.84,17.0,2.83,6.37,10.06,22.0,3.67,8.24,13.02,42.0,7.0,15.73,24.85,14.0,2.33,5.24,8.28,39.0,6.5,14.61,23.08,15.0,2.5,5.62,8.88,27.0,4.5,10.11,15.98,9.0,1.5,3.37,5.33,2.0,0.33,0.75,1.18,19.0,3.17,7.12,11.24,27.0,4.5,10.11,15.98,48.31,41.2,7.12,105.33,19.0,3.17,7.12,60.84,10.14,0.5,0.54,0.48,0.36,0.85,0.11,0.57,0.36,0.75,0.55,3.37,0.75,0.07,10.11,0.18
2,新北國王,10872|13029,林彥廷/杰倫,7,373,433.0,5896.75,98.28,98:17,842.39,14.04,14:02,197.0,28.14,45.5,72.16,222.0,31.71,51.27,81.32,176.0,25.14,40.65,64.47,76.0,10.86,17.55,27.84,105.0,15.0,24.25,38.46,51.0,7.29,11.78,18.68,71.0,10.14,16.4,26.01,25.0,3.57,5.77,9.16,35.0,5.0,8.08,12.82,21.0,3.0,4.85,7.69,30.0,4.29,6.93,10.99,75.0,10.71,17.32,27.47,22.0,3.14,5.08,8.06,67.0,9.57,15.47,24.54,24.0,3.43,5.54,8.79,42.0,6.0,9.7,15.38,17.0,2.43,3.93,6.23,6.0,0.86,1.39,2.2,36.0,5.14,8.31,13.19,40.0,5.71,9.24,14.65,45.5,51.27,-5.77,105.74,-25.0,-3.57,-5.77,98.28,14.04,0.5,0.51,0.49,0.35,0.6,0.11,0.55,0.31,0.77,0.54,3.93,1.39,0.08,9.24,0.2
2,新北國王,10875|13029,傑登/杰倫,6,296,346.0,4612.49,76.87,76:52,768.75,12.81,12:49,179.0,29.83,51.73,83.82,175.0,29.17,50.58,81.95,141.0,23.5,40.75,66.03,68.0,11.33,19.65,31.84,79.0,13.17,22.83,37.0,45.0,7.5,13.01,21.07,62.0,10.33,17.92,29.03,23.0,3.83,6.65,10.77,31.0,5.17,8.96,14.52,19.0,3.17,5.49,8.9,28.0,4.67,8.09,13.11,52.0,8.67,15.03,24.35,21.0,3.5,6.07,9.83,47.0,7.83,13.58,22.01,18.0,3.0,5.2,8.43,39.0,6.5,11.27,18.26,11.0,1.83,3.18,5.15,3.0,0.5,0.87,1.4,29.0,4.83,8.38,13.58,39.0,6.5,11.27,18.26,51.73,50.58,1.16,108.02,4.0,0.67,1.16,76.87,12.81,0.56,0.58,0.57,0.37,0.61,0.1,0.57,0.37,0.71,0.54,3.18,0.87,0.08,11.27,0.22
2,新北國王,23|10874,王柏智/熊祥泰,4,52,62.0,816.16,13.6,13:36,204.04,3.4,03:24,32.0,8.0,51.61,84.69,34.0,8.5,54.84,89.98,26.0,6.5,41.94,68.81,13.0,3.25,20.97,34.41,13.0,3.25,20.97,34.41,9.0,2.25,14.52,23.82,13.0,3.25,20.97,34.41,4.0,1.0,6.45,10.59,2.0,0.5,3.23,5.29,2.0,0.5,3.23,5.29,4.0,1.0,6.45,10.59,9.0,2.25,14.52,23.82,5.0,1.25,8.06,13.23,8.0,2.0,12.9,21.17,3.0,0.75,4.84,7.94,6.0,1.5,9.68,15.88,2.0,0.5,3.23,5.29,0.0,0.0,0.0,0.0,5.0,1.25,8.06,13.23,10.0,2.5,16.13,26.47,51.61,54.84,-3.23,109.39,-2.0,-0.5,-3.23,13.6,3.4,0.58,0.6,0.69,0.31,1.0,0.1,0.46,0.33,0.64,0.5,3.23,0.0,0.08,16.13,0.08
2,新北國王,23|13029,王柏智/杰倫,6,96,109.0,1558.62,25.98,25:59,259.77,4.33,04:20,59.0,9.83,54.13,81.76,69.0,11.5,63.3,95.62,44.0,7.33,40.37,60.98,23.0,3.83,21.1,31.87,23.0,3.83,21.1,31.87,15.0,2.5,13.76,20.79,21.0,3.5,19.27,29.1,8.0,1.33,7.34,11.09,5.0,0.83,4.59,6.93,4.0,0.67,3.67,5.54,5.0,0.83,4.59,6.93,17.0,2.83,15.6,23.56,6.0,1.0,5.5,8.32,12.0,2.0,11.01,16.63,7.0,1.17,6.42,9.7,8.0,1.33,7.34,11.09,4.0,0.67,3.67,5.54,2.0,0.33,1.83,2.77,11.0,1.83,10.09,15.24,21.0,3.5,19.27,29.1,54.13,63.3,-9.17,100.7,-10.0,-1.67,-9.17,25.98,4.33,0.61,0.64,0.65,0.38,0.8,0.13,0.35,0.29,0.74,0.55,3.67,1.83,0.1,19.27,0.11
2,新北國王,28|13029,呂政儒/杰倫,6,203,230.0,3146.46,52.44,52:26,524.41,8.74,08:44,123.0,20.5,53.48,84.44,109.0,18.17,47.39,74.83,92.0,15.33,40.0,63.16,48.0,8.0,20.87,32.95,53.0,8.83,23.04,36.38,31.0,5.17,13.48,21.28,39.0,6.5,16.96,26.77,17.0,2.83,7.39,11.67,13.0,2.17,5.65,8.92,9.0,1.5,3.91,6.18,9.0,1.5,3.91,6.18,38.0,6.33,16.52,26.09,12.0,2.0,5.22,8.24,38.0,6.33,16.52,26.09,13.0,2.17,5.65,8.92,24.0,4.0,10.43,16.48,7.0,1.17,3.04,4.81,3.0,0.5,1.3,2.06,15.0,2.5,6.52,10.3,24.0,4.0,10.43,16.48,53.48,47.39,6.09,105.26,14.0,2.33,6.09,52.44,8.74,0.61,0.63,0.58,0.44,0.69,0.12,0.5,0.19,0.76,0.48,3.04,1.3,0.07,10.43,0.14
2,新北國王,21|13029,李愷諺/杰倫,5,398,464.0,6420.58,107.01,107:01,1284.12,21.4,21:24,217.0,43.4,46.77,73.0,226.0,45.2,48.71,76.03,196.0,39.2,42.24,65.94,86.0,17.2,18.53,28.93,120.0,24.0,25.86,40.37,65.0,13.0,14.01,21.87,76.0,15.2,16.38,25.57,21.0,4.2,4.53,7.06,26.0,5.2,5.6,8.75,22.0,4.4,4.74,7.4,31.0,6.2,6.68,10.43,81.0,16.2,17.46,27.25,29.0,5.8,6.25,9.76,73.0,14.6,15.73,24.56,21.0,4.2,4.53,7.06,43.0,8.6,9.27,14.47,14.0,2.8,3.02,4.71,7.0,1.4,1.51,2.35,28.0,5.6,6.03,9.42,26.0,5.2,5.6,8.75,46.77,48.71,-1.94,104.07,-9.0,-1.8,-1.94,107.01,21.4,0.49,0.52,0.54,0.28,0.85,0.09,0.5,0.3,0.74,0.52,3.02,1.51,0.06,5.6,0.13
2,新北國王,25|13029,林金榜/杰倫,2,25,28.0,399.15,6.65,06:39,199.58,3.33,03:20,13.0,6.5,46.43,70.35,7.0,3.5,25.0,37.88,8.0,4.0,28.57,43.29,3.0,1.5,10.71,16.23,4.0,2.0,14.29,21.65,1.0,0.5,3.57,5.41,4.0,2.0,14.29,21.65,2.0,1.0,7.14,10.82,8.0,4.0,28.57,43.29,5.0,2.5,17.86,27.06,0.0,0.0,0.0,0.0,6.0,3.0,21.43,32.47,3.0,1.5,10.71,16.23,8.0,4.0,28.57,43.29,2.0,1.0,7.14,10.82,2.0,1.0,7.14,10.82,1.0,0.5,3.57,5.41,0.0,0.0,0.0,0.0,2.0,1.0,7.14,10.82,0.0,0.0,0.0,0.0,46.43,25.0,21.43,101.01,6.0,3.0,21.43,6.65,3.33,0.5,0.56,0.25,0.5,0.62,0.15,0.67,0.0,0.67,0.35,3.57,0.0,0.07,0.0,1.0
2,新北國王,19|13029,蘇培凱/杰倫,1,1,1.0,0.2,0.0,00:00,0.2,0.0,00:00,2.0,2.0,200.0,21708.54,0.0,0.0,0.0,0.0,0.0,0.0,0.0,0.0,0.0,0.0,0.0,0.0,0.0,0.0,0.0,0.0,0.0,0.0,0.0,0.0,0.0,0.0,0.0,0.0,0.0,0.0,0.0,0.0,2.0,2.0,200.0,21708.54,2.0,2.0,200.0,21708.54,0.0,0.0,0.0,0.0,0.0,0.0,0.0,0.0,0.0,0.0,0.0,0.0,0.0,0.0,0.0,0.0,0.0,0.0,0.0,0.0,0.0,0.0,0.0,0.0,0.0,0.0,0.0,0.0,0.0,0.0,0.0,0.0,0.0,0.0,0.0,0.0,0.0,0.0,0.0,0.0,200.0,0.0,200.0,7236.18,2.0,2.0,200.0,0.0,0.0,,1.14,,,1.0,0.0,,,,,0.0,0.0,0.0,0.0,
2,桃園台啤永豐雲豹,55|57,汪哲宇/莊博元,3,30,39.0,437.52,7.29,07:18,145.84,2.43,02:26,9.0,3.0,23.08,44.43,11.0,3.67,28.21,54.31,8.0,2.67,20.51,39.5,3.0,1.0,7.69,14.81,5.0,1.67,12.82,24.68,3.0,1.0,7.69,14.81,3.0,1.0,7.69,14.81,0.0,0.0,0.0,0.0,5.0,1.67,12.82,24.68,3.0,1.0,7.69,14.81,1.0,0.33,2.56,4.94,4.0,1.33,10.26,19.75,5.0,1.67,12.82,24.68,8.0,2.67,20.51,39.5,7.0,2.33,17.95,34.56,2.0,0.67,5.13,9.87,3.0,1.0,7.69,14.81,0.0,0.0,0.0,0.0,6.0,2.0,15.38,29.62,8.0,2.67,20.51,39.5,23.08,28.21,-5.13,128.36,-2.0,-0.67,-5.13,7.29,2.43,0.38,0.44,0.6,0.0,0.6,0.41,0.67,0.11,0.44,0.28,7.69,0.0,0.15,20.51,0.62
2,桃園台啤永豐雲豹,55|68,汪哲宇/克羅馬,3,11,14.0,174.2,2.9,02:54,58.07,0.97,00:58,11.0,3.67,78.57,136.4,12.0,4.0,85.71,148.8,6.0,2.0,42.86,74.4,4.0,1.33,28.57,49.6,2.0,0.67,14.29,24.8,1.0,0.33,7.14,12.4,4.0,1.33,28.57,49.6,3.0,1.0,21.43,37.2,1.0,0.33,7.14,12.4,1.0,0.33,7.14,12.4,1.0,0.33,7.14,12.4,1.0,0.33,7.14,12.4,2.0,0.67,14.29,24.8,0.0,0.0,0.0,0.0,0.0,0.0,0.0,0.0,4.0,1.33,28.57,49.6,0.0,0.0,0.0,0.0,1.0,0.33,7.14,12.4,2.0,0.67,14.29,24.8,5.0,1.67,35.71,62.0,78.57,85.71,-7.14,115.73,-1.0,-0.33,-7.14,2.9,0.97,0.92,0.85,0.5,0.75,1.0,0.0,1.0,1.0,0.33,0.5,0.0,7.14,0.14,35.71,0.17
2,新北國王,19|10871,蘇培凱/鍾理翔,2,28,39.0,388.27,6.47,06:28,194.13,3.24,03:14,10.0,5.0,25.64,55.63,11.0,5.5,28.21,61.19,11.0,5.5,28.21,61.19,3.0,1.5,7.69,16.69,3.0,1.5,7.69,16.69,2.0,1.0,5.13,11.13,8.0,4.0,20.51,44.51,1.0,0.5,2.56,5.56,11.0,5.5,28.21,61.19,3.0,1.5,7.69,16.69,5.0,2.5,12.82,27.82,7.0,3.5,17.95,38.94,2.0,1.0,5.13,11.13,4.0,2.0,10.26,22.25,5.0,2.5,12.82,27.82,0.0,0.0,0.0,0.0,3.0,1.5,7.69,16.69,0.0,0.0,0.0,0.0,4.0,2.0,10.26,22.25,7.0,3.5,17.95,38.94,25.64,28.21,-2.56,144.64,-1.0,-0.5,-2.56,6.47,3.24,0.32,0.32,0.67,0.12,0.27,0.24,0.0,0.56,0.78,0.67,7.69,0.0,0.1,17.95,1.0
2,桃園台啤永豐雲豹,55|3129,汪哲宇/董永全,1,9,11.0,153.0,2.55,02:33,153.0,2.55,02:33,5.0,5.0,45.45,70.59,5.0,5.0,45.45,70.59,2.0,2.0,18.18,28.24,1.0,1.0,9.09,14.12,2.0,2.0,18.18,28.24,1.0,1.0,9.09,14.12,0.0,0.0,0.0,0.0,0.0,0.0,0.0,0.0,4.0,4.0,36.36,56.47,2.0,2.0,18.18,28.24,0.0,0.0,0.0,0.0,2.0,2.0,18.18,28.24,2.0,2.0,18.18,28.24,1.0,1.0,9.09,14.12,0.0,0.0,0.0,0.0,0.0,0.0,0.0,0.0,0.0,0.0,0.0,0.0,0.0,0.0,0.0,0.0,3.0,3.0,27.27,42.35,0.0,0.0,0.0,0.0,45.45,45.45,0.0,103.53,0.0,0.0,0.0,2.55,2.55,0.5,0.66,0.5,,0.5,0.0,0.0,0.0,0.5,0.4,0.0,0.0,0.27,0.0,2.0
2,新竹御嵿攻城獅,78|87,朱雲豪/蔡宸綱,1,7,7.0,120.0,2.0,02:00,120.0,2.0,02:00,0.0,0.0,0.0,0.0,4.0,4.0,57.14,72.0,3.0,3.0,42.86,54.0,0.0,0.0,0.0,0.0,0.0,0.0,0.0,0.0,0.0,0.0,0.0,0.0,3.0,3.0,42.86,54.0,0.0,0.0,0.0,0.0,0.0,0.0,0.0,0.0,0.0,0.0,0.0,0.0,0.0,0.0,0.0,0.0,3.0,3.0,42.86,54.0,0.0,0.0,0.0,0.0,2.0,2.0,28.57,36.0,0.0,0.0,0.0,0.0,0.0,0.0,0.0,0.0,0.0,0.0,0.0,0.0,0.0,0.0,0.0,0.0,1.0,1.0,14.29,18.0,2.0,2.0,28.57,36.0,0.0,57.14,-57.14,84.0,-4.0,-4.0,-57.14,2.0,2.0,0.0,0.0,,0.0,,0.0,,0.0,1.0,0.6,0.0,0.0,0.14,28.57,0.0
2,新竹御嵿攻城獅,76|84,曾柏喻/李家瑞,1,4,4.0,79.0,1.32,01:19,79.0,1.32,01:19,0.0,0.0,0.0,0.0,2.0,2.0,50.0,54.68,2.0,2.0,50.0,54.68,0.0,0.0,0.0,0.0,0.0,0.0,0.0,0.0,0.0,0.0,0.0,0.0,2.0,2.0,50.0,54.68,0.0,0.0,0.0,0.0,0.0,0.0,0.0,0.0,0.0,0.0,0.0,0.0,0.0,0.0,0.0,0.0,2.0,2.0,50.0,54.68,0.0,0.0,0.0,0.0,0.0,0.0,0.0,0.0,0.0,0.0,0.0,0.0,0.0,0.0,0.0,0.0,0.0,0.0,0.0,0.0,0.0,0.0,0.0,0.0,0.0,0.0,0.0,0.0,0.0,0.0,0.0,0.0,0.0,50.0,-50.0,72.91,-2.0,-2.0,-50.0,1.32,1.32,0.0,0.0,,0.0,,0.0,,,1.0,1.0,0.0,0.0,0.0,0.0,0.0
2,新竹御嵿攻城獅,84|88,李家瑞/盧冠軒,1,4,4.0,79.0,1.32,01:19,79.0,1.32,01:19,0.0,0.0,0.0,0.0,2.0,2.0,50.0,54.68,2.0,2.0,50.0,54.68,0.0,0.0,0.0,0.0,0.0,0.0,0.0,0.0,0.0,0.0,0.0,0.0,2.0,2.0,50.0,54.68,0.0,0.0,0.0,0.0,0.0,0.0,0.0,0.0,0.0,0.0,0.0,0.0,0.0,0.0,0.0,0.0,2.0,2.0,50.0,54.68,0.0,0.0,0.0,0.0,0.0,0.0,0.0,0.0,0.0,0.0,0.0,0.0,0.0,0.0,0.0,0.0,0.0,0.0,0.0,0.0,0.0,0.0,0.0,0.0,0.0,0.0,0.0,0.0,0.0,0.0,0.0,0.0,0.0,50.0,-50.0,72.91,-2.0,-2.0,-50.0,1.32,1.32,0.0,0.0,,0.0,,0.0,,,1.0,1.0,0.0,0.0,0.0,0.0,0.0
2,桃園台啤永豐雲豹,54|55,高錦瑋/汪哲宇,3,12,14.0,199.69,3.33,03:20,66.56,1.11,01:07,11.0,3.67,78.57,118.99,9.0,3.0,64.29,97.35,4.0,1.33,28.57,43.27,4.0,1.33,28.57,43.27,1.0,0.33,7.14,10.82,1.0,0.33,7.14,10.82,3.0,1.0,21.43,32.45,3.0,1.0,21.43,32.45,0.0,0.0,0.0,0.0,0.0,0.0,0.0,0.0,0.0,0.0,0.0,0.0,0.0,0.0,0.0,0.0,2.0,0.67,14.29,21.63,3.0,1.0,21.43,32.45,1.0,0.33,7.14,10.82,4.0,1.33,28.57,43.27,1.0,0.33,7.14,10.82,0.0,0.0,0.0,0.0,1.0,0.33,7.14,10.82,5.0,1.67,35.71,54.08,78.57,64.29,14.29,100.96,2.0,0.67,14.29,3.33,1.11,1.38,1.38,1.0,1.0,,0.2,1.0,0.0,0.0,0.0,7.14,0.0,0.07,35.71,0.0
2,新竹御嵿攻城獅,80|84,田浩/李家瑞,2,6,6.0,109.06,1.82,01:49,54.53,0.91,00:55,0.0,0.0,0.0,0.0,0.0,0.0,0.0,0.0,3.0,1.5,50.0,59.42,0.0,0.0,0.0,0.0,1.0,0.5,16.67,19.81,0.0,0.0,0.0,0.0,2.0,1.0,33.33,39.61,0.0,0.0,0.0,0.0,0.0,0.0,0.0,0.0,0.0,0.0,0.0,0.0,0.0,0.0,0.0,0.0,3.0,1.5,50.0,59.42,0.0,0.0,0.0,0.0,1.0,0.5,16.67,19.81,0.0,0.0,0.0,0.0,0.0,0.0,0.0,0.0,0.0,0.0,0.0,0.0,0.0,0.0,0.0,0.0,0.0,0.0,0.0,0.0,4.0,2.0,66.67,79.22,0.0,0.0,0.0,79.22,0.0,0.0,0.0,1.82,0.91,0.0,0.0,0.0,0.0,,0.0,,0.0,1.0,0.75,0.0,0.0,0.0,66.67,0.0
2,臺北台新戰神,1|13400,丁聖儒/史東,7,557,661.0,9529.02,158.82,158:49,1361.29,22.69,22:41,296.0,42.29,44.78,67.1,334.0,47.71,50.53,75.71,244.0,34.86,36.91,55.31,106.0,15.14,16.04,24.03,144.0,20.57,21.79,32.64,72.0,10.29,10.89,16.32,100.0,14.29,15.13,22.67,34.0,4.86,5.14,7.71,66.0,9.43,9.98,14.96,48.0,6.86,7.26,10.88,38.0,5.43,5.75,8.61,110.0,15.71,16.64,24.93,47.0,6.71,7.11,10.65,75.0,10.71,11.35,17.0,45.0,6.43,6.81,10.2,60.0,8.57,9.08,13.6,30.0,4.29,4.54,6.8,18.0,2.57,2.72,4.08,57.0,8.14,8.62,12.92,72.0,10.29,10.89,16.32,44.78,50.53,-5.75,99.89,-38.0,-5.43,-5.75,158.82,22.69,0.5,0.54,0.5,0.34,0.73,0.14,0.57,0.34,0.7,0.55,4.54,2.72,0.09,10.89,0.27
2,臺北台新戰神,10|13400,雷蒙恩/史東,7,467,561.0,8179.03,136.32,136:19,1168.43,19.47,19:28,251.0,35.86,44.74,66.29,299.0,42.71,53.3,78.96,202.0,28.86,36.01,53.35,88.0,12.57,15.69,23.24,116.0,16.57,20.68,30.63,58.0,8.29,10.34,15.32,86.0,12.29,15.33,22.71,30.0,4.29,5.35,7.92,59.0,8.43,10.52,15.58,42.0,6.0,7.49,11.09,31.0,4.43,5.53,8.19,90.0,12.86,16.04,23.77,40.0,5.71,7.13,10.56,70.0,10.0,12.48,18.49,34.0,4.86,6.06,8.98,53.0,7.57,9.45,14.0,25.0,3.57,4.46,6.6,14.0,2.0,2.5,3.7,57.0,8.14,10.16,15.05,60.0,8.57,10.7,15.85,44.74,53.3,-8.56,98.77,-48.0,-6.86,-8.56,136.32,19.47,0.51,0.55,0.5,0.35,0.71,0.13,0.6,0.31,0.69,0.52,4.46,2.5,0.1,10.7,0.29
2,臺北台新戰神,14|13400,錢肯尼/史東,7,479,572.0,8134.61,135.58,135:35,1162.09,19.37,19:22,257.0,36.71,44.93,68.24,264.0,37.71,46.15,70.1,209.0,29.86,36.54,55.5,89.0,12.71,15.56,23.63,118.0,16.86,20.63,31.33,53.0,7.57,9.27,14.07,91.0,13.0,15.91,24.16,36.0,5.14,6.29,9.56,57.0,8.14,9.97,15.14,43.0,6.14,7.52,11.42,33.0,4.71,5.77,8.76,91.0,13.0,15.91,24.16,41.0,5.86,7.17,10.89,76.0,10.86,13.29,20.18,39.0,5.57,6.82,10.36,55.0,7.86,9.62,14.6,26.0,3.71,4.55,6.9,15.0,2.14,2.62,3.98,52.0,7.43,9.09,13.81,48.0,6.86,8.39,12.75,44.93,46.15,-1.22,101.26,-7.0,-1.0,-1.22,135.58,19.37,0.51,0.55,0.45,0.4,0.75,0.14,0.62,0.3,0.69,0.51,4.55,2.62,0.09,8.39,0.27
2,臺北台新戰神,10867|13400,威力斯/史東,2,153,179.0,2495.22,41.59,41:35,1247.61,20.79,20:48,76.0,38.0,42.46,65.79,95.0,47.5,53.07,82.24,60.0,30.0,33.52,51.94,26.0,13.0,14.53,22.51,38.0,19.0,21.23,32.89,16.0,8.0,8.94,13.85,22.0,11.0,12.29,19.04,10.0,5.0,5.59,8.66,22.0,11.0,12.29,19.04,15.0,7.5,8.38,12.98,9.0,4.5,5.03,7.79,28.0,14.0,15.64,24.24,11.0,5.5,6.15,9.52,26.0,13.0,14.53,22.51,16.0,8.0,8.94,13.85,18.0,9.0,10.06,15.58,14.0,7.0,7.82,12.12,6.0,3.0,3.35,5.19,21.0,10.5,11.73,18.18,21.0,10.5,11.73,18.18,42.46,53.07,-10.61,103.3,-19.0,-9.5,-10.61,41.59,20.79,0.52,0.55,0.42,0.45,0.68,0.19,0.69,0.26,0.72,0.5,7.82,3.35,0.12,11.73,0.37
2,福爾摩沙夢想家,79|13777,張宗憲/布依德,5,291,350.0,4600.07,76.67,76:40,920.01,15.33,15:20,164.0,32.8,46.86,77.01,160.0,32.0,45.71,75.13,120.0,24.0,34.29,56.35,58.0,11.6,16.57,27.23,74.0,14.8,21.14,34.75,40.0,8.0,11.43,18.78,46.0,9.2,13.14,21.6,18.0,3.6,5.14,8.45,49.0,9.8,14.0,23.01,31.0,6.2,8.86,14.56,21.0,4.2,6.0,9.86,47.0,9.4,13.43,22.07,25.0,5.0,7.14,11.74,62.0,12.4,17.71,29.11,25.0,5.0,7.14,11.74,34.0,6.8,9.71,15.96,16.0,3.2,4.57,7.51,2.0,0.4,0.57,0.94,37.0,7.4,10.57,17.37,24.0,4.8,6.86,11.27,46.86,45.71,1.14,109.56,4.0,0.8,1.14,76.67,15.33,0.56,0.58,0.54,0.39,0.63,0.15,0.59,0.25,0.65,0.44,4.57,0.57,0.11,6.86,0.41
2,福爾摩沙夢想家,89|13777,蔣淯安/布依德,6,431,492.0,6640.79,110.68,110:41,1106.8,18.45,18:27,233.0,38.83,47.36,75.79,247.0,41.17,50.2,80.34,173.0,28.83,35.16,56.27,82.0,13.67,16.67,26.67,106.0,17.67,21.54,34.48,57.0,9.5,11.59,18.54,67.0,11.17,13.62,21.79,25.0,4.17,5.08,8.13,60.0,10.0,12.2,19.52,44.0,7.33,8.94,14.31,23.0,3.83,4.67,7.48,74.0,12.33,15.04,24.07,27.0,4.5,5.49,8.78,82.0,13.67,16.67,26.67,34.0,5.67,6.91,11.06,45.0,7.5,9.15,14.64,22.0,3.67,4.47,7.16,3.0,0.5,0.61,0.98,48.0,8.0,9.76,15.61,42.0,7.0,8.54,13.66,47.36,50.2,-2.85,106.69,-14.0,-2.33,-2.85,110.68,18.45,0.55,0.58,0.54,0.37,0.73,0.15,0.55,0.22,0.73,0.47,4.47,0.61,0.1,8.54,0.35
2,福爾摩沙夢想家,103|13777,忻沃克/布依德,6,327,391.0,5002.42,83.37,83:22,833.74,13.9,13:54,160.0,26.67,40.92,69.09,195.0,32.5,49.87,84.2,130.0,21.67,33.25,56.13,50.0,8.33,12.79,21.59,74.0,12.33,18.93,31.95,31.0,5.17,7.93,13.39,56.0,9.33,14.32,24.18,19.0,3.17,4.86,8.2,56.0,9.33,14.32,24.18,37.0,6.17,9.46,15.98,22.0,3.67,5.63,9.5,66.0,11.0,16.88,28.5,25.0,4.17,6.39,10.79,55.0,9.17,14.07,23.75,30.0,5.0,7.67,12.95,31.0,5.17,7.93,13.39,16.0,2.67,4.09,6.91,3.0,0.5,0.77,1.3,39.0,6.5,9.97,16.84,63.0,10.5,16.11,27.2,40.92,49.87,-8.95,112.55,-35.0,-5.83,-8.95,83.37,13.9,0.46,0.52,0.42,0.34,0.66,0.16,0.62,0.29,0.73,0.52,4.09,0.77,0.1,16.11,0.43
2,福爾摩沙夢想家,107|13777,霍爾曼/布依德,2,114,137.0,1731.92,28.87,28:52,865.96,14.43,14:26,82.0,41.0,59.85,102.27,57.0,28.5,41.61,71.09,46.0,23.0,33.58,57.37,24.0,12.0,17.52,29.93,27.0,13.5,19.71,33.67,14.0,7.0,10.22,17.46,19.0,9.5,13.87,23.7,10.0,5.0,7.3,12.47,29.0,14.5,21.17,36.17,20.0,10.0,14.6,24.94,9.0,4.5,6.57,11.22,17.0,8.5,12.41,21.2,9.0,4.5,6.57,11.22,21.0,10.5,15.33,26.19,7.0,3.5,5.11,8.73,18.0,9.0,13.14,22.45,6.0,3.0,4.38,7.48,1.0,0.5,0.73,1.25,20.0,10.0,14.6,24.94,10.0,5.0,7.3,12.47,59.85,41.61,18.25,113.91,25.0,12.5,18.25,28.87,14.43,0.63,0.7,0.52,0.53,0.69,0.11,0.75,0.3,0.65,0.46,4.38,0.73,0.15,7.3,0.63
2,福爾摩沙夢想家,77|13777,馬建豪/布依德,6,473,559.0,7144.82,119.08,119:05,1190.8,19.85,19:51,254.0,42.33,45.44,76.79,265.0,44.17,47.41,80.11,190.0,31.67,33.99,57.44,89.0,14.83,15.92,26.91,124.0,20.67,22.18,37.49,64.0,10.67,11.45,19.35,66.0,11.0,11.81,19.95,25.0,4.17,4.47,7.56,70.0,11.67,12.52,21.16,55.0,9.17,9.84,16.63,29.0,4.83,5.19,8.77,77.0,12.83,13.77,23.28,34.0,5.67,6.08,10.28,100.0,16.67,17.89,30.23,44.0,7.33,7.87,13.3,52.0,8.67,9.3,15.72,26.0,4.33,4.65,7.86,7.0,1.17,1.25,2.12,54.0,9.0,9.66,16.33,70.0,11.67,12.52,21.16,45.44,47.41,-1.97,112.66,-11.0,-1.83,-1.97,119.08,19.85,0.53,0.58,0.52,0.38,0.79,0.17,0.58,0.22,0.69,0.44,4.65,1.25,0.1,12.52,0.37
2,福爾摩沙夢想家,99|13777,盧冠良/布依德,6,136,160.0,1953.25,32.55,32:33,325.54,5.43,05:26,67.0,11.17,41.88,74.09,69.0,11.5,43.12,76.3,51.0,8.5,31.87,56.4,24.0,4.0,15.0,26.54,33.0,5.5,20.62,36.49,18.0,3.0,11.25,19.91,18.0,3.0,11.25,19.91,6.0,1.0,3.75,6.64,18.0,3.0,11.25,19.91,12.0,2.0,7.5,13.27,10.0,1.67,6.25,11.06,18.0,3.0,11.25,19.91,7.0,1.17,4.38,7.74,27.0,4.5,16.88,29.86,15.0,2.5,9.38,16.59,14.0,2.33,8.75,15.48,6.0,1.0,3.75,6.64,2.0,0.33,1.25,2.21,21.0,3.5,13.12,23.22,15.0,2.5,9.38,16.59,41.88,43.12,-1.25,117.96,-2.0,-0.33,-1.25,32.55,5.43,0.53,0.57,0.55,0.33,0.67,0.2,0.58,0.27,0.72,0.45,3.75,1.25,0.13,9.38,0.35
2,福爾摩沙夢想家,106|13777,高柏鎧/布依德,6,272,317.0,4029.77,67.16,67:10,671.63,11.19,11:12,113.0,18.83,35.65,60.57,165.0,27.5,52.05,88.44,112.0,18.67,35.33,60.03,43.0,7.17,13.56,23.05,71.0,11.83,22.4,38.06,31.0,5.17,9.78,16.62,41.0,6.83,12.93,21.98,12.0,2.0,3.79,6.43,30.0,5.0,9.46,16.08,19.0,3.17,5.99,10.18,19.0,3.17,5.99,10.18,52.0,8.67,16.4,27.87,17.0,2.83,5.36,9.11,55.0,9.17,17.35,29.48,30.0,5.0,9.46,16.08,22.0,3.67,6.94,11.79,20.0,3.33,6.31,10.72,6.0,1.0,1.89,3.22,25.0,4.17,7.89,13.4,42.0,7.0,13.25,22.51,35.65,52.05,-16.4,113.28,-52.0,-8.67,-16.4,67.16,11.19,0.44,0.45,0.44,0.29,0.63,0.19,0.51,0.26,0.75,0.5,6.31,1.89,0.08,13.25,0.27
2,福爾摩沙夢想家,73|99,陳振傑/盧冠良,1,9,16.0,211.91,3.53,03:32,211.91,3.53,03:32,7.0,7.0,43.75,71.35,2.0,2.0,12.5,20.39,6.0,6.0,37.5,61.16,2.0,2.0,12.5,20.39,3.0,3.0,18.75,30.58,1.0,1.0,6.25,10.19,3.0,3.0,18.75,30.58,1.0,1.0,6.25,10.19,2.0,2.0,12.5,20.39,2.0,2.0,12.5,20.39,4.0,4.0,25.0,40.77,0.0,0.0,0.0,0.0,3.0,3.0,18.75,30.58,4.0,4.0,25.0,40.77,1.0,1.0,6.25,10.19,2.0,2.0,12.5,20.39,1.0,1.0,6.25,10.19,0.0,0.0,0.0,0.0,3.0,3.0,18.75,30.58,2.0,2.0,12.5,20.39,43.75,12.5,31.25,108.73,5.0,5.0,31.25,3.53,3.53,0.42,0.51,0.33,0.33,1.0,0.13,1.0,0.5,0.0,0.36,6.25,0.0,0.19,12.5,0.33
2,福爾摩沙夢想家,73|106,陳振傑/高柏鎧,3,62,75.0,905.57,15.09,15:06,301.86,5.03,05:02,29.0,9.67,38.67,69.17,27.0,9.0,36.0,64.4,23.0,7.67,30.67,54.86,8.0,2.67,10.67,19.08,9.0,3.0,12.0,21.47,5.0,1.67,6.67,11.93,14.0,4.67,18.67,33.39,3.0,1.0,4.0,7.16,11.0,3.67,14.67,26.24,10.0,3.33,13.33,23.85,5.0,1.67,6.67,11.93,10.0,3.33,13.33,23.85,8.0,2.67,10.67,19.08,13.0,4.33,17.33,31.01,8.0,2.67,10.67,19.08,6.0,2.0,8.0,14.31,6.0,2.0,8.0,14.31,0.0,0.0,0.0,0.0,6.0,2.0,8.0,14.31,13.0,4.33,17.33,31.01,38.67,36.0,2.67,119.26,2.0,0.67,2.67,15.09,5.03,0.41,0.52,0.56,0.21,0.91,0.22,0.75,0.28,0.56,0.42,8.0,0.0,0.08,17.33,0.48
2,臺北台新戰神,3|13400,陳文宏/史東,4,78,94.0,1316.76,21.95,21:57,329.19,5.49,05:29,39.0,9.75,41.49,63.98,55.0,13.75,58.51,90.22,32.0,8.0,34.04,52.49,13.0,3.25,13.83,21.33,17.0,4.25,18.09,27.89,9.0,2.25,9.57,14.76,15.0,3.75,15.96,24.61,4.0,1.0,4.26,6.56,11.0,2.75,11.7,18.04,10.0,2.5,10.64,16.4,3.0,0.75,3.19,4.92,17.0,4.25,18.09,27.89,10.0,2.5,10.64,16.4,10.0,2.5,10.64,16.4,5.0,1.25,5.32,8.2,8.0,2.0,8.51,13.12,3.0,0.75,3.19,4.92,3.0,0.75,3.19,4.92,7.0,1.75,7.45,11.48,24.0,6.0,25.53,39.37,41.49,58.51,-17.02,102.8,-16.0,-4.0,-17.02,21.95,5.49,0.47,0.53,0.53,0.27,0.91,0.12,0.62,0.23,0.63,0.5,3.19,3.19,0.07,25.53,0.34
2,臺北台新戰神,10863|13400,魏芃禾/史東,5,76,91.0,1203.33,20.06,20:03,240.67,4.01,04:01,32.0,6.4,35.16,57.44,49.0,9.8,53.85,87.96,32.0,6.4,35.16,57.44,10.0,2.0,10.99,17.95,12.0,2.4,13.19,21.54,4.0,0.8,4.4,7.18,20.0,4.0,21.98,35.9,6.0,1.2,6.59,10.77,6.0,1.2,6.59,10.77,4.0,0.8,4.4,7.18,4.0,0.8,4.4,7.18,17.0,3.4,18.68,30.52,6.0,1.2,6.59,10.77,12.0,2.4,13.19,21.54,7.0,1.4,7.69,12.57,8.0,1.6,8.79,14.36,5.0,1.0,5.49,8.98,2.0,0.4,2.2,3.59,5.0,1.0,5.49,8.98,19.0,3.8,20.88,34.11,35.16,53.85,-18.68,108.9,-17.0,-3.4,-18.68,20.06,4.01,0.41,0.46,0.33,0.3,0.67,0.17,0.8,0.25,0.74,0.54,5.49,2.2,0.05,20.88,0.19
2,臺北台新戰神,10865|13400,謝銘駿/史東,7,236,294.0,3752.26,62.54,62:32,536.04,8.93,08:56,113.0,16.14,38.44,65.05,140.0,20.0,47.62,80.59,103.0,14.71,35.03,59.29,43.0,6.14,14.63,24.75,63.0,9.0,21.43,36.27,33.0,4.71,11.22,19.0,40.0,5.71,13.61,23.03,10.0,1.43,3.4,5.76,25.0,3.57,8.5,14.39,16.0,2.29,5.44,9.21,19.0,2.71,6.46,10.94,43.0,6.14,14.63,24.75,25.0,3.57,8.5,14.39,31.0,4.43,10.54,17.85,23.0,3.29,7.82,13.24,16.0,2.29,5.44,9.21,12.0,1.71,4.08,6.91,7.0,1.0,2.38,4.03,18.0,2.57,6.12,10.36,33.0,4.71,11.22,19.0,38.44,47.62,-9.18,112.83,-27.0,-3.86,-9.18,62.54,8.93,0.47,0.5,0.52,0.25,0.64,0.17,0.37,0.38,0.63,0.53,4.08,2.38,0.06,11.22,0.24
2,臺北台新戰神,10869|13400,基德/史東,7,405,492.0,7081.69,118.03,118:02,1011.67,16.86,16:52,225.0,32.14,45.73,68.63,249.0,35.57,50.61,75.95,190.0,27.14,38.62,57.95,83.0,11.86,16.87,25.32,103.0,14.71,20.93,31.42,54.0,7.71,10.98,16.47,87.0,12.43,17.68,26.54,29.0,4.14,5.89,8.85,40.0,5.71,8.13,12.2,29.0,4.14,5.89,8.85,30.0,4.29,6.1,9.15,80.0,11.43,16.26,24.4,41.0,5.86,8.33,12.51,52.0,7.43,10.57,15.86,29.0,4.14,5.89,8.85,47.0,6.71,9.55,14.34,17.0,2.43,3.46,5.19,14.0,2.0,2.85,4.27,36.0,5.14,7.32,10.98,48.0,6.86,9.76,14.64,45.73,50.61,-4.88,100.04,-24.0,-3.43,-4.88,118.03,16.86,0.51,0.54,0.52,0.33,0.72,0.12,0.57,0.37,0.66,0.54,3.46,2.85,0.07,9.76,0.21
2,福爾摩沙夢想家,83|13777,吳家駿/布依德,4,64,89.0,930.0,15.5,15:30,232.5,3.87,03:52,23.0,5.75,25.84,53.42,45.0,11.25,50.56,104.52,28.0,7.0,31.46,65.03,7.0,1.75,7.87,16.26,18.0,4.5,20.22,41.81,5.0,1.25,5.62,11.61,10.0,2.5,11.24,23.23,2.0,0.5,2.25,4.65,13.0,3.25,14.61,30.19,7.0,1.75,7.87,16.26,10.0,2.5,11.24,23.23,15.0,3.75,16.85,34.84,9.0,2.25,10.11,20.9,10.0,2.5,11.24,23.23,9.0,2.25,10.11,20.9,6.0,1.5,6.74,13.94,3.0,0.75,3.37,6.97,0.0,0.0,0.0,0.0,10.0,2.5,11.24,23.23,13.0,3.25,14.61,30.19,25.84,50.56,-24.72,137.81,-22.0,-5.5,-24.72,15.5,3.87,0.29,0.34,0.28,0.2,0.54,0.21,0.86,0.5,0.62,0.57,3.37,0.0,0.11,14.61,0.46
2,福爾摩沙夢想家,73|79,陳振傑/張宗憲,2,13,14.0,199.93,3.33,03:20,99.96,1.67,01:40,6.0,3.0,42.86,64.82,8.0,4.0,57.14,86.43,3.0,1.5,21.43,32.41,1.0,0.5,7.14,10.8,2.0,1.0,14.29,21.61,0.0,0.0,0.0,0.0,1.0,0.5,7.14,10.8,1.0,0.5,7.14,10.8,4.0,2.0,28.57,43.22,3.0,1.5,21.43,32.41,1.0,0.5,7.14,10.8,1.0,0.5,7.14,10.8,0.0,0.0,0.0,0.0,3.0,1.5,21.43,32.41,2.0,1.0,14.29,21.61,2.0,1.0,14.29,21.61,1.0,0.5,7.14,10.8,0.0,0.0,0.0,0.0,2.0,1.0,14.29,21.61,2.0,1.0,14.29,21.61,42.86,57.14,-14.29,100.84,-2.0,-1.0,-14.29,3.33,1.67,0.5,0.63,0.0,1.0,0.75,0.3,2.0,0.25,1.0,0.4,7.14,0.0,0.14,14.29,1.33
2,福爾摩沙夢想家,73|13777,陳振傑/布依德,2,10,12.0,118.77,1.98,01:59,59.38,0.99,00:59,1.0,0.5,8.33,18.19,7.0,3.5,58.33,127.31,3.0,1.5,25.0,54.56,0.0,0.0,0.0,0.0,2.0,1.0,16.67,36.37,0.0,0.0,0.0,0.0,1.0,0.5,8.33,18.19,0.0,0.0,0.0,0.0,2.0,1.0,16.67,36.37,1.0,0.5,8.33,18.19,1.0,0.5,8.33,18.19,2.0,1.0,16.67,36.37,1.0,0.5,8.33,18.19,3.0,1.5,25.0,54.56,1.0,0.5,8.33,18.19,0.0,0.0,0.0,0.0,1.0,0.5,8.33,18.19,0.0,0.0,0.0,0.0,1.0,0.5,8.33,18.19,5.0,2.5,41.67,90.94,8.33,58.33,-50.0,145.5,-6.0,-3.0,-50.0,1.98,0.99,0.0,0.13,0.0,0.0,0.5,0.2,,0.25,0.67,0.43,8.33,0.0,0.08,41.67,0.67
2,福爾摩沙夢想家,77|97,馬建豪/史承平,2,6,9.0,83.0,1.38,01:23,41.5,0.69,00:42,4.0,2.0,44.44,104.1,0.0,0.0,0.0,0.0,3.0,1.5,33.33,78.07,2.0,1.0,22.22,52.05,2.0,1.0,22.22,52.05,2.0,1.0,22.22,52.05,1.0,0.5,11.11,26.02,0.0,0.0,0.0,0.0,0.0,0.0,0.0,0.0,0.0,0.0,0.0,0.0,1.0,0.5,11.11,26.02,0.0,0.0,0.0,0.0,2.0,1.0,22.22,52.05,2.0,1.0,22.22,52.05,0.0,0.0,0.0,0.0,1.0,0.5,11.11,26.02,0.0,0.0,0.0,0.0,0.0,0.0,0.0,0.0,0.0,0.0,0.0,0.0,0.0,0.0,0.0,0.0,44.44,0.0,44.44,156.14,4.0,2.0,44.44,1.38,0.69,0.67,0.67,1.0,0.0,,0.0,0.5,0.33,0.0,0.2,0.0,0.0,0.0,0.0,0.0
2,臺北台新戰神,2|13,江均/陳冠全,1,1,1.0,19.0,0.32,00:19,19.0,0.32,00:19,0.0,0.0,0.0,0.0,0.0,0.0,0.0,0.0,1.0,1.0,100.0,113.68,0.0,0.0,0.0,0.0,0.0,0.0,0.0,0.0,0.0,0.0,0.0,0.0,1.0,1.0,100.0,113.68,0.0,0.0,0.0,0.0,0.0,0.0,0.0,0.0,0.0,0.0,0.0,0.0,0.0,0.0,0.0,0.0,1.0,1.0,100.0,113.68,0.0,0.0,0.0,0.0,0.0,0.0,0.0,0.0,0.0,0.0,0.0,0.0,0.0,0.0,0.0,0.0,0.0,0.0,0.0,0.0,0.0,0.0,0.0,0.0,0.0,0.0,0.0,0.0,0.0,0.0,0.0,0.0,0.0,0.0,0.0,75.79,0.0,0.0,0.0,0.32,0.32,0.0,0.0,,0.0,,0.0,,,1.0,1.0,0.0,0.0,0.0,0.0,0.0
2,臺北台新戰神,4|13,張兆辰/陳冠全,1,1,1.0,19.0,0.32,00:19,19.0,0.32,00:19,0.0,0.0,0.0,0.0,0.0,0.0,0.0,0.0,1.0,1.0,100.0,113.68,0.0,0.0,0.0,0.0,0.0,0.0,0.0,0.0,0.0,0.0,0.0,0.0,1.0,1.0,100.0,113.68,0.0,0.0,0.0,0.0,0.0,0.0,0.0,0.0,0.0,0.0,0.0,0.0,0.0,0.0,0.0,0.0,1.0,1.0,100.0,113.68,0.0,0.0,0.0,0.0,0.0,0.0,0.0,0.0,0.0,0.0,0.0,0.0,0.0,0.0,0.0,0.0,0.0,0.0,0.0,0.0,0.0,0.0,0.0,0.0,0.0,0.0,0.0,0.0,0.0,0.0,0.0,0.0,0.0,0.0,0.0,75.79,0.0,0.0,0.0,0.32,0.32,0.0,0.0,,0.0,,0.0,,,1.0,1.0,0.0,0.0,0.0,0.0,0.0
2,臺北台新戰神,13|10863,陳冠全/魏芃禾,1,1,1.0,19.0,0.32,00:19,19.0,0.32,00:19,0.0,0.0,0.0,0.0,0.0,0.0,0.0,0.0,1.0,1.0,100.0,113.68,0.0,0.0,0.0,0.0,0.0,0.0,0.0,0.0,0.0,0.0,0.0,0.0,1.0,1.0,100.0,113.68,0.0,0.0,0.0,0.0,0.0,0.0,0.0,0.0,0.0,0.0,0.0,0.0,0.0,0.0,0.0,0.0,1.0,1.0,100.0,113.68,0.0,0.0,0.0,0.0,0.0,0.0,0.0,0.0,0.0,0.0,0.0,0.0,0.0,0.0,0.0,0.0,0.0,0.0,0.0,0.0,0.0,0.0,0.0,0.0,0.0,0.0,0.0,0.0,0.0,0.0,0.0,0.0,0.0,0.0,0.0,75.79,0.0,0.0,0.0,0.32,0.32,0.0,0.0,,0.0,,0.0,,,1.0,1.0,0.0,0.0,0.0,0.0,0.0
2,新北國王,22|13029,簡祐哲/杰倫,5,60,73.0,1088.65,18.14,18:09,217.73,3.63,03:38,35.0,7.0,47.95,69.44,38.0,7.6,52.05,75.4,31.0,6.2,42.47,61.51,11.0,2.2,15.07,21.83,13.0,2.6,17.81,25.79,7.0,1.4,9.59,13.89,18.0,3.6,24.66,35.71,4.0,0.8,5.48,7.94,14.0,2.8,19.18,27.78,9.0,1.8,12.33,17.86,10.0,2.0,13.7,19.84,13.0,2.6,17.81,25.79,1.0,0.2,1.37,1.98,8.0,1.6,10.96,15.87,5.0,1.0,6.85,9.92,7.0,1.4,9.59,13.89,3.0,0.6,4.11,5.95,3.0,0.6,4.11,5.95,12.0,2.4,16.44,23.81,11.0,2.2,15.07,21.83,47.95,52.05,-4.11,96.56,-3.0,-0.6,-4.11,18.14,3.63,0.42,0.47,0.54,0.22,0.64,0.12,0.64,0.56,0.93,0.72,4.11,4.11,0.16,15.07,0.45
2,新北中信特攻,40|104,謝亞軒/貝奇,5,411,486.0,6201.55,103.36,103:22,1240.31,20.67,20:40,261.0,52.2,53.7,90.91,207.0,41.4,42.59,72.1,176.0,35.2,36.21,61.3,97.0,19.4,19.96,33.79,90.0,18.0,18.52,31.35,60.0,12.0,12.35,20.9,86.0,17.2,17.7,29.95,37.0,7.4,7.61,12.89,39.0,7.8,8.02,13.58,28.0,5.6,5.76,9.75,24.0,4.8,4.94,8.36,55.0,11.0,11.32,19.16,30.0,6.0,6.17,10.45,71.0,14.2,14.61,24.73,44.0,8.8,9.05,15.33,71.0,14.2,14.61,24.73,22.0,4.4,4.53,7.66,4.0,0.8,0.82,1.39,38.0,7.6,7.82,13.24,44.0,8.8,9.05,15.33,53.7,42.59,11.11,112.85,54.0,10.8,11.11,103.36,20.67,0.66,0.68,0.67,0.43,0.72,0.19,0.73,0.25,0.65,0.44,4.53,0.82,0.08,9.05,0.22
2,新北中信特攻,43|104,林韋翰/貝奇,7,518,611.0,7708.23,128.47,128:28,1101.18,18.35,18:21,291.0,41.57,47.63,81.54,265.0,37.86,43.37,74.26,219.0,31.29,35.84,61.37,111.0,15.86,18.17,31.1,111.0,15.86,18.17,31.1,75.0,10.71,12.27,21.02,108.0,15.43,17.68,30.26,36.0,5.14,5.89,10.09,44.0,6.29,7.2,12.33,28.0,4.0,4.58,7.85,27.0,3.86,4.42,7.57,86.0,12.29,14.08,24.1,40.0,5.71,6.55,11.21,94.0,13.43,15.38,26.34,48.0,6.86,7.86,13.45,76.0,10.86,12.44,21.3,19.0,2.71,3.11,5.32,6.0,0.86,0.98,1.68,52.0,7.43,8.51,14.57,71.0,10.14,11.62,19.9,47.63,43.37,4.26,114.14,26.0,3.71,4.26,128.47,18.35,0.59,0.61,0.68,0.33,0.64,0.17,0.68,0.22,0.68,0.46,3.11,0.98,0.09,11.62,0.2
2,新北中信特攻,104|8889,貝奇/馬可,6,406,490.0,6064.97,101.08,101:05,1010.83,16.85,16:51,257.0,42.83,52.45,91.53,222.0,37.0,45.31,79.06,177.0,29.5,36.12,63.04,94.0,15.67,19.18,33.48,93.0,15.5,18.98,33.12,61.0,10.17,12.45,21.72,84.0,14.0,17.14,29.92,33.0,5.5,6.73,11.75,47.0,7.83,9.59,16.74,36.0,6.0,7.35,12.82,29.0,4.83,5.92,10.33,56.0,9.33,11.43,19.94,33.0,5.5,6.73,11.75,69.0,11.5,14.08,24.57,41.0,6.83,8.37,14.6,64.0,10.67,13.06,22.79,21.0,3.5,4.29,7.48,4.0,0.67,0.82,1.42,44.0,7.33,8.98,15.67,54.0,9.0,11.02,19.23,52.45,45.31,7.14,116.34,35.0,5.83,7.14,101.08,16.85,0.62,0.65,0.66,0.39,0.77,0.17,0.68,0.3,0.63,0.45,4.29,0.82,0.09,11.02,0.27
2,新北中信特攻,104|10877,貝奇/阿巴西,7,490,577.0,7340.65,122.34,122:21,1048.66,17.48,17:29,308.0,44.0,53.38,90.63,275.0,39.29,47.66,80.92,215.0,30.71,37.26,63.26,114.0,16.29,19.76,33.54,110.0,15.71,19.06,32.37,72.0,10.29,12.48,21.19,105.0,15.0,18.2,30.9,42.0,6.0,7.28,12.36,48.0,6.86,8.32,14.12,36.0,5.14,6.24,10.59,33.0,4.71,5.72,9.71,71.0,10.14,12.31,20.89,34.0,4.86,5.89,10.0,82.0,11.71,14.21,24.13,45.0,6.43,7.8,13.24,78.0,11.14,13.52,22.95,23.0,3.29,3.99,6.77,4.0,0.57,0.69,1.18,50.0,7.14,8.67,14.71,70.0,10.0,12.13,20.6,53.38,47.66,5.72,113.19,33.0,4.71,5.72,122.34,17.48,0.63,0.65,0.65,0.4,0.75,0.16,0.68,0.29,0.68,0.47,3.99,0.69,0.09,12.13,0.22
2,福爾摩沙夢想家,77|91,馬建豪/簡偉儒,2,17,24.0,272.39,4.54,04:32,136.2,2.27,02:16,8.0,4.0,33.33,63.44,8.0,4.0,33.33,63.44,12.0,6.0,50.0,95.16,4.0,2.0,16.67,31.72,9.0,4.5,37.5,71.37,4.0,2.0,16.67,31.72,3.0,1.5,12.5,23.79,0.0,0.0,0.0,0.0,0.0,0.0,0.0,0.0,0.0,0.0,0.0,0.0,3.0,1.5,12.5,23.79,4.0,2.0,16.67,31.72,2.0,1.0,8.33,15.86,3.0,1.5,12.5,23.79,1.0,0.5,4.17,7.93,1.0,0.5,4.17,7.93,0.0,0.0,0.0,0.0,0.0,0.0,0.0,0.0,0.0,0.0,0.0,0.0,2.0,1.0,8.33,15.86,33.33,33.33,0.0,126.88,0.0,0.0,0.0,4.54,2.27,0.33,0.33,0.44,0.0,,0.08,0.25,0.5,0.67,0.58,0.0,0.0,0.0,8.33,0.0
2,福爾摩沙夢想家,91|13777,簡偉儒/布依德,2,4,6.0,80.01,1.33,01:20,40.01,0.67,00:40,0.0,0.0,0.0,0.0,3.0,1.5,50.0,80.99,4.0,2.0,66.67,107.98,0.0,0.0,0.0,0.0,4.0,2.0,66.67,107.98,0.0,0.0,0.0,0.0,0.0,0.0,0.0,0.0,0.0,0.0,0.0,0.0,0.0,0.0,0.0,0.0,0.0,0.0,0.0,0.0,1.0,0.5,16.67,27.0,3.0,1.5,50.0,80.99,0.0,0.0,0.0,0.0,1.0,0.5,16.67,27.0,0.0,0.0,0.0,0.0,0.0,0.0,0.0,0.0,0.0,0.0,0.0,0.0,0.0,0.0,0.0,0.0,0.0,0.0,0.0,0.0,0.0,0.0,0.0,0.0,0.0,50.0,-50.0,107.98,-3.0,-1.5,-50.0,1.33,0.67,0.0,0.0,0.0,,,0.0,,0.5,1.0,0.8,0.0,0.0,0.0,0.0,0.0
2,新北中信特攻,47|104,曾文鼎/貝奇,7,265,299.0,4287.42,71.46,71:27,612.49,10.21,10:12,146.0,20.86,48.83,73.55,130.0,18.57,43.48,65.49,108.0,15.43,36.12,54.41,56.0,8.0,18.73,28.21,51.0,7.29,17.06,25.69,31.0,4.43,10.37,15.62,57.0,8.14,19.06,28.72,25.0,3.57,8.36,12.6,16.0,2.29,5.35,8.06,9.0,1.29,3.01,4.53,10.0,1.43,3.34,5.04,44.0,6.29,14.72,22.17,14.0,2.0,4.68,7.05,51.0,7.29,17.06,25.69,27.0,3.86,9.03,13.6,42.0,6.0,14.05,21.16,10.0,1.43,3.34,5.04,3.0,0.43,1.0,1.51,21.0,3.0,7.02,10.58,33.0,4.71,11.04,16.63,48.83,43.48,5.35,100.42,16.0,2.29,5.35,71.46,10.21,0.63,0.63,0.61,0.44,0.56,0.19,0.75,0.16,0.76,0.45,3.34,1.0,0.07,11.04,0.15
2,新北中信特攻,104|10881,貝奇/飛克,5,180,204.0,2906.9,48.45,48:27,581.38,9.69,09:41,95.0,19.0,46.57,70.59,101.0,20.2,49.51,75.05,72.0,14.4,35.29,53.5,37.0,7.4,18.14,27.49,37.0,7.4,18.14,27.49,22.0,4.4,10.78,16.35,35.0,7.0,17.16,26.01,15.0,3.0,7.35,11.15,8.0,1.6,3.92,5.94,6.0,1.2,2.94,4.46,6.0,1.2,2.94,4.46,30.0,6.0,14.71,22.29,10.0,2.0,4.9,7.43,32.0,6.4,15.69,23.78,18.0,3.6,8.82,13.38,25.0,5.0,12.25,18.58,7.0,1.4,3.43,5.2,3.0,0.6,1.47,2.23,11.0,2.2,5.39,8.17,27.0,5.4,13.24,20.06,46.57,49.51,-2.94,101.06,-6.0,-1.2,-2.94,48.45,9.69,0.62,0.63,0.59,0.43,0.75,0.19,0.68,0.16,0.75,0.46,3.43,1.47,0.05,13.24,0.11
2,新北中信特攻,104|10879,貝奇/簡廷兆,6,206,251.0,3298.85,54.98,54:59,549.81,9.16,09:10,109.0,18.17,43.43,71.37,98.0,16.33,39.04,64.17,84.0,14.0,33.47,55.0,38.0,6.33,15.14,24.88,37.0,6.17,14.74,24.23,18.0,3.0,7.17,11.79,47.0,7.83,18.73,30.77,20.0,3.33,7.97,13.1,28.0,4.67,11.16,18.33,20.0,3.33,7.97,13.1,15.0,2.5,5.98,9.82,35.0,5.83,13.94,22.92,20.0,3.33,7.97,13.1,41.0,6.83,16.33,26.85,25.0,4.17,9.96,16.37,25.0,4.17,9.96,16.37,14.0,2.33,5.58,9.17,1.0,0.17,0.4,0.65,21.0,3.5,8.37,13.75,27.0,4.5,10.76,17.68,43.43,39.04,4.38,109.57,11.0,1.83,4.38,54.98,9.16,0.57,0.57,0.49,0.43,0.71,0.21,0.66,0.27,0.64,0.45,5.58,0.4,0.08,10.76,0.33
2,新北中信特攻,44|104,黃泓瀚/貝奇,5,55,66.0,843.23,14.05,14:03,168.65,2.81,02:49,26.0,5.2,39.39,66.6,32.0,6.4,48.48,81.97,23.0,4.6,34.85,58.92,9.0,1.8,13.64,23.05,12.0,2.4,18.18,30.74,5.0,1.0,7.58,12.81,11.0,2.2,16.67,28.18,4.0,0.8,6.06,10.25,7.0,1.4,10.61,17.93,6.0,1.2,9.09,15.37,1.0,0.2,1.52,2.56,12.0,2.4,18.18,30.74,7.0,1.4,10.61,17.93,7.0,1.4,10.61,17.93,2.0,0.4,3.03,5.12,6.0,1.2,9.09,15.37,2.0,0.4,3.03,5.12,2.0,0.4,3.03,5.12,5.0,1.0,7.58,12.81,3.0,0.6,4.55,7.68,39.39,48.48,-9.09,112.71,-6.0,-1.2,-9.09,14.05,2.81,0.48,0.5,0.42,0.36,0.86,0.07,0.67,0.12,0.63,0.48,3.03,3.03,0.08,4.55,0.3
2,新北中信特攻,39|104,魏嘉豪/貝奇,5,93,105.0,1611.09,26.85,26:51,322.22,5.37,05:22,58.0,11.6,55.24,77.76,39.0,7.8,37.14,52.29,44.0,8.8,41.9,58.99,22.0,4.4,20.95,29.5,21.0,4.2,20.0,28.15,12.0,2.4,11.43,16.09,23.0,4.6,21.9,30.84,10.0,2.0,9.52,13.41,7.0,1.4,6.67,9.38,4.0,0.8,3.81,5.36,6.0,1.2,5.71,8.04,17.0,3.4,16.19,22.79,3.0,0.6,2.86,4.02,18.0,3.6,17.14,24.13,7.0,1.4,6.67,9.38,20.0,4.0,19.05,26.81,4.0,0.8,3.81,5.36,2.0,0.4,1.9,2.68,3.0,0.6,2.86,4.02,3.0,0.6,2.86,4.02,55.24,37.14,18.1,93.85,19.0,3.8,18.1,26.85,5.37,0.61,0.62,0.57,0.43,0.57,0.13,0.91,0.25,0.85,0.52,3.81,1.9,0.03,2.86,0.16
2,新北中信特攻,38|44,余維豪/黃泓瀚,3,31,38.0,450.26,7.5,07:30,150.09,2.5,02:30,23.0,7.67,60.53,110.34,12.0,4.0,31.58,57.57,15.0,5.0,39.47,71.96,9.0,3.0,23.68,43.18,10.0,3.33,26.32,47.97,7.0,2.33,18.42,33.58,5.0,1.67,13.16,23.99,2.0,0.67,5.26,9.59,5.0,1.67,13.16,23.99,5.0,1.67,13.16,23.99,3.0,1.0,7.89,14.39,3.0,1.0,7.89,14.39,3.0,1.0,7.89,14.39,6.0,2.0,15.79,28.78,2.0,0.67,5.26,9.59,4.0,1.33,10.53,19.19,1.0,0.33,2.63,4.8,1.0,0.33,2.63,4.8,3.0,1.0,7.89,14.39,2.0,0.67,5.26,9.59,60.53,31.58,28.95,121.53,11.0,3.67,28.95,7.5,2.5,0.67,0.67,0.7,0.4,1.0,0.1,0.44,0.33,0.5,0.4,2.63,2.63,0.08,5.26,0.33
2,新北中信特攻,38|47,余維豪/曾文鼎,3,26,30.0,358.04,5.97,05:58,119.35,1.99,01:59,16.0,5.33,53.33,96.53,16.0,5.33,53.33,96.53,9.0,3.0,30.0,54.3,5.0,1.67,16.67,30.16,6.0,2.0,20.0,36.2,3.0,1.0,10.0,18.1,3.0,1.0,10.0,18.1,2.0,0.67,6.67,12.07,4.0,1.33,13.33,24.13,4.0,1.33,13.33,24.13,2.0,0.67,6.67,12.07,2.0,0.67,6.67,12.07,2.0,0.67,6.67,12.07,5.0,1.67,16.67,30.16,3.0,1.0,10.0,18.1,4.0,1.33,13.33,24.13,3.0,1.0,10.0,18.1,0.0,0.0,0.0,0.0,3.0,1.0,10.0,18.1,0.0,0.0,0.0,0.0,53.33,53.33,0.0,120.66,0.0,0.0,0.0,5.97,1.99,0.67,0.74,0.5,0.67,1.0,0.22,0.8,0.29,0.5,0.36,10.0,0.0,0.1,0.0,0.44
2,高雄全家海神,51|109,克力斯/于煥亞,5,364,432.0,5821.41,97.02,97:01,1164.28,19.4,19:24,216.0,43.2,50.0,80.15,215.0,43.0,49.77,79.77,168.0,33.6,38.89,62.34,78.0,15.6,18.06,28.94,98.0,19.6,22.69,36.36,51.0,10.2,11.81,18.92,70.0,14.0,16.2,25.97,27.0,5.4,6.25,10.02,35.0,7.0,8.1,12.99,31.0,6.2,7.18,11.5,28.0,5.6,6.48,10.39,60.0,12.0,13.89,22.26,29.0,5.8,6.71,10.76,49.0,9.8,11.34,18.18,26.0,5.2,6.02,9.65,43.0,8.6,9.95,15.95,21.0,4.2,4.86,7.79,8.0,1.6,1.85,2.97,34.0,6.8,7.87,12.62,50.0,10.0,11.57,18.55,50.0,49.77,0.23,106.86,1.0,0.2,0.23,97.02,19.4,0.54,0.59,0.52,0.39,0.89,0.12,0.55,0.36,0.67,0.53,4.86,1.85,0.08,11.57,0.21
2,高雄全家海神,109|12908,于煥亞/布里茲克,5,412,488.0,6609.83,110.16,110:10,1321.97,22.03,22:02,231.0,46.2,47.34,75.49,213.0,42.6,43.65,69.61,206.0,41.2,42.21,67.32,85.0,17.0,17.42,27.78,120.0,24.0,24.59,39.21,59.0,11.8,12.09,19.28,86.0,17.2,17.62,28.1,26.0,5.2,5.33,8.5,42.0,8.4,8.61,13.73,34.0,6.8,6.97,11.11,37.0,7.4,7.58,12.09,81.0,16.2,16.6,26.47,31.0,6.2,6.35,10.13,60.0,12.0,12.3,19.61,27.0,5.4,5.53,8.82,43.0,8.6,8.81,14.05,15.0,3.0,3.07,4.9,9.0,1.8,1.84,2.94,42.0,8.4,8.61,13.73,52.0,10.4,10.66,16.99,47.34,43.65,3.69,106.31,18.0,3.6,3.69,110.16,22.03,0.48,0.51,0.49,0.3,0.81,0.11,0.51,0.38,0.72,0.56,3.07,1.84,0.09,10.66,0.2
2,高雄全家海神,45|13399,施晉堯/賽克維奇,2,111,128.0,1674.13,27.9,27:54,837.07,13.95,13:57,69.0,34.5,53.91,89.03,58.0,29.0,45.31,74.83,53.0,26.5,41.41,68.38,24.0,12.0,18.75,30.97,31.0,15.5,24.22,40.0,15.0,7.5,11.72,19.35,22.0,11.0,17.19,28.38,9.0,4.5,7.03,11.61,15.0,7.5,11.72,19.35,12.0,6.0,9.38,15.48,13.0,6.5,10.16,16.77,16.0,8.0,12.5,20.64,2.0,1.0,1.56,2.58,18.0,9.0,14.06,23.22,8.0,4.0,6.25,10.32,15.0,7.5,11.72,19.35,6.0,3.0,4.69,7.74,5.0,2.5,3.91,6.45,11.0,5.5,8.59,14.19,13.0,6.5,10.16,16.77,53.91,45.31,8.59,110.1,11.0,5.5,8.59,27.9,13.95,0.54,0.58,0.48,0.41,0.8,0.12,0.62,0.42,0.89,0.59,4.69,3.91,0.09,10.16,0.28
2,高雄全家海神,109|13399,于煥亞/賽克維奇,2,166,193.0,2594.46,43.24,43:14,1297.23,21.62,21:37,97.0,48.5,50.26,80.76,85.0,42.5,44.04,70.77,83.0,41.5,43.01,69.1,36.0,18.0,18.65,29.97,48.0,24.0,24.87,39.96,23.0,11.5,11.92,19.15,35.0,17.5,18.13,29.14,13.0,6.5,6.74,10.82,17.0,8.5,8.81,14.15,12.0,6.0,6.22,9.99,19.0,9.5,9.84,15.82,28.0,14.0,14.51,23.31,4.0,2.0,2.07,3.33,25.0,12.5,12.95,20.81,13.0,6.5,6.74,10.82,19.0,9.5,9.84,15.82,7.0,3.5,3.63,5.83,6.0,3.0,3.11,5.0,15.0,7.5,7.77,12.49,16.0,8.0,8.29,13.32,50.26,44.04,6.22,107.12,12.0,6.0,6.22,43.24,21.62,0.51,0.54,0.48,0.37,0.71,0.13,0.53,0.43,0.88,0.62,3.63,3.11,0.08,8.29,0.2
2,高雄全家海神,110|13399,胡瓏貿/賽克維奇,2,82,98.0,1273.51,21.23,21:14,636.76,10.61,10:37,44.0,22.0,44.9,74.63,43.0,21.5,43.88,72.93,46.0,23.0,46.94,78.02,17.0,8.5,17.35,28.83,26.0,13.0,26.53,44.1,12.0,6.0,12.24,20.35,20.0,10.0,20.41,33.92,5.0,2.5,5.1,8.48,10.0,5.0,10.2,16.96,5.0,2.5,5.1,8.48,12.0,6.0,12.24,20.35,18.0,9.0,18.37,30.53,1.0,0.5,1.02,1.7,13.0,6.5,13.27,22.05,5.0,2.5,5.1,8.48,8.0,4.0,8.16,13.57,2.0,1.0,2.04,3.39,2.0,1.0,2.04,3.39,8.0,4.0,8.16,13.57,11.0,5.5,11.22,18.66,44.9,43.88,1.02,110.81,1.0,0.5,1.02,21.23,10.61,0.42,0.44,0.46,0.25,0.5,0.09,0.47,0.48,0.95,0.68,2.04,2.04,0.08,11.22,0.22
2,高雄全家海神,12908|13399,布里茲克/賽克維奇,2,125,147.0,1998.09,33.3,33:18,999.05,16.65,16:39,68.0,34.0,46.26,73.51,59.0,29.5,40.14,63.78,67.0,33.5,45.58,72.43,26.0,13.0,17.69,28.11,41.0,20.5,27.89,44.32,19.0,9.5,12.93,20.54,26.0,13.0,17.69,28.11,7.0,3.5,4.76,7.57,14.0,7.0,9.52,15.13,9.0,4.5,6.12,9.73,17.0,8.5,11.56,18.38,24.0,12.0,16.33,25.94,2.0,1.0,1.36,2.16,18.0,9.0,12.24,19.46,9.0,4.5,6.12,9.73,13.0,6.5,8.84,14.05,3.0,1.5,2.04,3.24,5.0,2.5,3.4,5.41,14.0,7.0,9.52,15.13,15.0,7.5,10.2,16.22,46.26,40.14,6.12,105.94,9.0,4.5,6.12,33.3,16.65,0.44,0.46,0.46,0.27,0.64,0.11,0.5,0.49,0.92,0.67,2.04,3.4,0.1,10.2,0.21
2,高雄全家海神,123|13399,勤明慶/賽克維奇,1,4,4.0,61.89,1.03,01:02,61.89,1.03,01:02,2.0,2.0,50.0,69.81,3.0,3.0,75.0,104.71,1.0,1.0,25.0,34.9,0.0,0.0,0.0,0.0,0.0,0.0,0.0,0.0,0.0,0.0,0.0,0.0,1.0,1.0,25.0,34.9,0.0,0.0,0.0,0.0,2.0,2.0,50.0,69.81,2.0,2.0,50.0,69.81,0.0,0.0,0.0,0.0,0.0,0.0,0.0,0.0,0.0,0.0,0.0,0.0,1.0,1.0,25.0,34.9,0.0,0.0,0.0,0.0,1.0,1.0,25.0,34.9,0.0,0.0,0.0,0.0,0.0,0.0,0.0,0.0,1.0,1.0,25.0,34.9,0.0,0.0,0.0,0.0,50.0,75.0,-25.0,93.07,-1.0,-1.0,-25.0,1.03,1.03,0.0,0.53,,0.0,1.0,0.0,,0.0,,0.0,0.0,0.0,0.25,0.0,2.0
2,桃園台啤永豐雲豹,55|62,汪哲宇/王皓吉,1,18,22.0,319.74,5.33,05:20,319.74,5.33,05:20,16.0,16.0,72.73,108.09,17.0,17.0,77.27,114.84,8.0,8.0,36.36,54.04,6.0,6.0,27.27,40.53,5.0,5.0,22.73,33.78,3.0,3.0,13.64,20.27,3.0,3.0,13.64,20.27,3.0,3.0,13.64,20.27,1.0,1.0,4.55,6.76,1.0,1.0,4.55,6.76,1.0,1.0,4.55,6.76,1.0,1.0,4.55,6.76,2.0,2.0,9.09,13.51,0.0,0.0,0.0,0.0,2.0,2.0,9.09,13.51,4.0,4.0,18.18,27.02,1.0,1.0,4.55,6.76,0.0,0.0,0.0,0.0,2.0,2.0,9.09,13.51,4.0,4.0,18.18,27.02,72.73,77.27,-4.55,99.08,-1.0,-1.0,-4.55,5.33,5.33,0.94,0.95,0.6,1.0,1.0,0.19,0.67,1.0,0.33,0.5,4.55,0.0,0.09,18.18,0.12
2,高雄全家海神,45|116,施晉堯/呂威霆,5,186,214.0,2751.28,45.85,45:51,550.26,9.17,09:10,102.0,20.4,47.66,80.08,109.0,21.8,50.93,85.57,76.0,15.2,35.51,59.67,34.0,6.8,15.89,26.69,47.0,9.4,21.96,36.9,21.0,4.2,9.81,16.49,29.0,5.8,13.55,22.77,13.0,2.6,6.07,10.21,25.0,5.0,11.68,19.63,21.0,4.2,9.81,16.49,12.0,2.4,5.61,9.42,33.0,6.6,15.42,25.91,12.0,2.4,5.61,9.42,29.0,5.8,13.55,22.77,14.0,2.8,6.54,10.99,22.0,4.4,10.28,17.27,10.0,2.0,4.67,7.85,7.0,1.4,3.27,5.5,15.0,3.0,7.01,11.78,33.0,6.6,15.42,25.91,47.66,50.93,-3.27,112.01,-7.0,-1.4,-3.27,45.85,9.17,0.53,0.59,0.45,0.45,0.84,0.14,0.65,0.29,0.73,0.52,4.67,3.27,0.07,15.42,0.33
2,高雄全家海神,51|13399,克力斯/賽克維奇,1,41,46.0,637.28,10.62,10:37,637.28,10.62,10:37,33.0,33.0,71.74,111.85,26.0,26.0,56.52,88.12,15.0,15.0,32.61,50.84,11.0,11.0,23.91,37.28,8.0,8.0,17.39,27.12,5.0,5.0,10.87,16.95,7.0,7.0,15.22,23.73,6.0,6.0,13.04,20.34,5.0,5.0,10.87,16.95,5.0,5.0,10.87,16.95,2.0,2.0,4.35,6.78,3.0,3.0,6.52,10.17,2.0,2.0,4.35,6.78,6.0,6.0,13.04,20.34,4.0,4.0,8.7,13.56,6.0,6.0,13.04,20.34,4.0,4.0,8.7,13.56,1.0,1.0,2.17,3.39,3.0,3.0,6.52,10.17,3.0,3.0,6.52,10.17,71.74,56.52,15.22,103.94,7.0,7.0,15.22,10.62,10.62,0.93,0.96,0.62,0.86,1.0,0.19,0.55,0.25,0.6,0.38,8.7,2.17,0.07,6.52,0.33
2,高雄全家海神,116|13399,呂威霆/賽克維奇,2,87,98.0,1354.95,22.58,22:35,677.47,11.29,11:17,58.0,29.0,59.18,92.46,43.0,21.5,43.88,68.55,37.0,18.5,37.76,58.98,21.0,10.5,21.43,33.48,24.0,12.0,24.49,38.26,13.0,6.5,13.27,20.72,13.0,6.5,13.27,20.72,8.0,4.0,8.16,12.75,8.0,4.0,8.16,12.75,8.0,4.0,8.16,12.75,7.0,3.5,7.14,11.16,10.0,5.0,10.2,15.94,3.0,1.5,3.06,4.78,13.0,6.5,13.27,20.72,8.0,4.0,8.16,12.75,12.0,6.0,12.24,19.13,5.0,2.5,5.1,7.97,4.0,2.0,4.08,6.38,10.0,5.0,10.2,15.94,10.0,5.0,10.2,15.94,59.18,43.88,15.31,104.15,15.0,7.5,15.31,22.58,11.29,0.68,0.72,0.54,0.62,1.0,0.16,0.57,0.35,0.77,0.52,5.1,4.08,0.1,10.2,0.22
2,高雄全家海神,51|119,克力斯/余純安,2,54,65.0,744.88,12.41,12:25,372.44,6.21,06:12,29.0,14.5,44.62,84.09,31.0,15.5,47.69,89.89,25.0,12.5,38.46,72.49,12.0,6.0,18.46,34.8,17.0,8.5,26.15,49.3,7.0,3.5,10.77,20.3,8.0,4.0,12.31,23.2,5.0,2.5,7.69,14.5,6.0,3.0,9.23,17.4,2.0,1.0,3.08,5.8,3.0,1.5,4.62,8.7,13.0,6.5,20.0,37.7,5.0,2.5,7.69,14.5,9.0,4.5,13.85,26.1,2.0,1.0,3.08,5.8,10.0,5.0,15.38,29.0,1.0,0.5,1.54,2.9,0.0,0.0,0.0,0.0,7.0,3.5,10.77,20.3,7.0,3.5,10.77,20.3,44.62,47.69,-3.08,125.66,-2.0,-1.0,-3.08,12.41,6.21,0.58,0.52,0.41,0.62,0.33,0.07,0.83,0.25,0.72,0.53,1.54,0.0,0.11,10.77,0.24
2,高雄全家海神,116|119,呂威霆/余純安,3,52,65.0,781.85,13.03,13:02,260.62,4.34,04:21,27.0,9.0,41.54,74.59,36.0,12.0,55.38,99.46,26.0,8.67,40.0,71.83,9.0,3.0,13.85,24.86,14.0,4.67,21.54,38.68,5.0,1.67,7.69,13.81,12.0,4.0,18.46,33.15,4.0,1.33,6.15,11.05,7.0,2.33,10.77,19.34,5.0,1.67,7.69,13.81,4.0,1.33,6.15,11.05,12.0,4.0,18.46,33.15,6.0,2.0,9.23,16.58,5.0,1.67,7.69,13.81,2.0,0.67,3.08,5.53,8.0,2.67,12.31,22.1,0.0,0.0,0.0,0.0,1.0,0.33,1.54,2.76,9.0,3.0,13.85,24.86,5.0,1.67,7.69,13.81,41.54,55.38,-13.85,119.72,-9.0,-3.0,-13.85,13.03,4.34,0.42,0.46,0.36,0.33,0.71,0.06,0.89,0.44,0.67,0.59,0.0,1.54,0.14,7.69,0.27
2,高雄全家海神,45|13275,施晉堯/吳彥侖,2,8,8.0,115.54,1.93,01:56,57.77,0.96,00:58,2.0,1.0,25.0,37.39,5.0,2.5,62.5,93.47,2.0,1.0,25.0,37.39,1.0,0.5,12.5,18.69,2.0,1.0,25.0,37.39,1.0,0.5,12.5,18.69,0.0,0.0,0.0,0.0,0.0,0.0,0.0,0.0,0.0,0.0,0.0,0.0,0.0,0.0,0.0,0.0,0.0,0.0,0.0,0.0,1.0,0.5,12.5,18.69,0.0,0.0,0.0,0.0,0.0,0.0,0.0,0.0,1.0,0.5,12.5,18.69,1.0,0.5,12.5,18.69,1.0,0.5,12.5,18.69,0.0,0.0,0.0,0.0,0.0,0.0,0.0,0.0,1.0,0.5,12.5,18.69,25.0,62.5,-37.5,99.7,-3.0,-1.5,-37.5,1.93,0.96,0.5,0.5,0.5,,,0.33,1.0,,1.0,1.0,12.5,0.0,0.0,12.5,0.0
2,高雄全家海神,109|13275,于煥亞/吳彥侖,6,159,183.0,2580.44,43.01,43:00,430.07,7.17,07:10,87.0,14.5,47.54,72.82,81.0,13.5,44.26,67.8,73.0,12.17,39.89,61.11,32.0,5.33,17.49,26.79,41.0,6.83,22.4,34.32,21.0,3.5,11.48,17.58,32.0,5.33,17.49,26.79,11.0,1.83,6.01,9.21,14.0,2.33,7.65,11.72,11.0,1.83,6.01,9.21,11.0,1.83,6.01,9.21,29.0,4.83,15.85,24.27,10.0,1.67,5.46,8.37,20.0,3.33,10.93,16.74,15.0,2.5,8.2,12.56,14.0,2.33,7.65,11.72,6.0,1.0,3.28,5.02,4.0,0.67,2.19,3.35,19.0,3.17,10.38,15.9,16.0,2.67,8.74,13.39,47.54,44.26,3.28,102.12,6.0,1.0,3.28,43.01,7.17,0.51,0.55,0.51,0.34,0.79,0.16,0.44,0.35,0.74,0.57,3.28,2.19,0.1,8.74,0.19
2,高雄全家海神,13275|13399,吳彥侖/賽克維奇,2,57,67.0,937.08,15.62,15:37,468.54,7.81,07:49,29.0,14.5,43.28,66.85,30.0,15.0,44.78,69.15,29.0,14.5,43.28,66.85,12.0,6.0,17.91,27.66,17.0,8.5,25.37,39.19,8.0,4.0,11.94,18.44,12.0,6.0,17.91,27.66,4.0,2.0,5.97,9.22,3.0,1.5,4.48,6.92,1.0,0.5,1.49,2.31,6.0,3.0,8.96,13.83,11.0,5.5,16.42,25.36,2.0,1.0,2.99,4.61,9.0,4.5,13.43,20.75,5.0,2.5,7.46,11.53,5.0,2.5,7.46,11.53,1.0,0.5,1.49,2.31,1.0,0.5,1.49,2.31,8.0,4.0,11.94,18.44,6.0,3.0,8.96,13.83,43.28,44.78,-1.49,102.96,-1.0,-0.5,-1.49,15.62,7.81,0.48,0.48,0.47,0.33,0.33,0.14,0.42,0.4,0.85,0.61,1.49,1.49,0.12,8.96,0.1
2,高雄全家海神,116|13275,呂威霆/吳彥侖,6,130,161.0,2058.82,34.31,34:19,343.14,5.72,05:43,73.0,12.17,45.34,76.59,79.0,13.17,49.07,82.88,62.0,10.33,38.51,65.05,23.0,3.83,14.29,24.13,32.0,5.33,19.88,33.57,14.0,2.33,8.7,14.69,30.0,5.0,18.63,31.47,9.0,1.5,5.59,9.44,19.0,3.17,11.8,19.93,16.0,2.67,9.94,16.79,15.0,2.5,9.32,15.74,24.0,4.0,14.91,25.18,9.0,1.5,5.59,9.44,17.0,2.83,10.56,17.84,10.0,1.67,6.21,10.49,16.0,2.67,9.94,16.79,5.0,0.83,3.11,5.25,5.0,0.83,3.11,5.25,23.0,3.83,14.29,24.13,15.0,2.5,9.32,15.74,45.34,49.07,-3.73,112.61,-6.0,-1.0,-3.73,34.31,5.72,0.44,0.52,0.44,0.3,0.84,0.12,0.7,0.47,0.73,0.6,3.11,3.11,0.14,9.32,0.31
2,高雄全家海神,121|13399,吳曉謹/賽克維奇,2,22,22.0,337.09,5.62,05:37,168.54,2.81,02:49,15.0,7.5,68.18,96.12,14.0,7.0,63.64,89.71,8.0,4.0,36.36,51.26,5.0,2.5,22.73,32.04,3.0,1.5,13.64,19.22,2.0,1.0,9.09,12.82,5.0,2.5,22.73,32.04,3.0,1.5,13.64,19.22,2.0,1.0,9.09,12.82,2.0,1.0,9.09,12.82,0.0,0.0,0.0,0.0,2.0,1.0,9.09,12.82,0.0,0.0,0.0,0.0,3.0,1.5,13.64,19.22,1.0,0.5,4.55,6.41,2.0,1.0,9.09,12.82,1.0,0.5,4.55,6.41,0.0,0.0,0.0,0.0,2.0,1.0,9.09,12.82,2.0,1.0,9.09,12.82,68.18,63.64,4.55,93.98,1.0,0.5,4.55,5.62,2.81,0.81,0.84,0.67,0.6,1.0,0.1,0.4,0.0,1.0,0.4,4.55,0.0,0.09,9.09,0.25
2,高雄全家海神,122|13399,陳懷安/賽克維奇,1,17,17.0,251.13,4.19,04:11,251.13,4.19,04:11,14.0,14.0,82.35,120.41,7.0,7.0,41.18,60.21,7.0,7.0,41.18,60.21,5.0,5.0,29.41,43.01,4.0,4.0,23.53,34.4,3.0,3.0,17.65,25.8,3.0,3.0,17.65,25.8,2.0,2.0,11.76,17.2,2.0,2.0,11.76,17.2,2.0,2.0,11.76,17.2,0.0,0.0,0.0,0.0,2.0,2.0,11.76,17.2,0.0,0.0,0.0,0.0,1.0,1.0,5.88,8.6,1.0,1.0,5.88,8.6,2.0,2.0,11.76,17.2,1.0,1.0,5.88,8.6,0.0,0.0,0.0,0.0,0.0,0.0,0.0,0.0,2.0,2.0,11.76,17.2,82.35,41.18,41.18,97.48,7.0,7.0,41.18,4.19,4.19,0.86,0.89,0.75,0.67,1.0,0.11,0.4,0.0,1.0,0.67,5.88,0.0,0.0,11.76,0.29
2,高雄全家海神,111|119,唐維傑/余純安,3,36,43.0,521.34,8.69,08:41,173.78,2.9,02:54,20.0,6.67,46.51,82.86,21.0,7.0,48.84,87.01,19.0,6.33,44.19,78.72,8.0,2.67,18.6,33.15,13.0,4.33,30.23,53.86,6.0,2.0,13.95,24.86,6.0,2.0,13.95,24.86,2.0,0.67,4.65,8.29,7.0,2.33,16.28,29.0,4.0,1.33,9.3,16.57,3.0,1.0,6.98,12.43,9.0,3.0,20.93,37.29,3.0,1.0,6.98,12.43,7.0,2.33,16.28,29.0,0.0,0.0,0.0,0.0,8.0,2.67,18.6,33.15,0.0,0.0,0.0,0.0,1.0,0.33,2.33,4.14,4.0,1.33,9.3,16.57,4.0,1.33,9.3,16.57,46.51,48.84,-2.33,118.77,-1.0,-0.33,-2.33,8.69,2.9,0.47,0.45,0.46,0.33,0.57,0.0,1.0,0.3,0.75,0.55,0.0,2.33,0.09,9.3,0.37
2,新北中信特攻,48|104,李沛澄/貝奇,5,111,134.0,1785.41,29.76,29:45,357.08,5.95,05:57,83.0,16.6,61.94,100.41,67.0,13.4,50.0,81.06,53.0,10.6,39.55,64.12,28.0,5.6,20.9,33.87,23.0,4.6,17.16,27.83,13.0,2.6,9.7,15.73,30.0,6.0,22.39,36.29,15.0,3.0,11.19,18.15,16.0,3.2,11.94,19.36,12.0,2.4,8.96,14.52,9.0,1.8,6.72,10.89,18.0,3.6,13.43,21.78,5.0,1.0,3.73,6.05,14.0,2.8,10.45,16.94,8.0,1.6,5.97,9.68,20.0,4.0,14.93,24.2,5.0,1.0,3.73,6.05,2.0,0.4,1.49,2.42,12.0,2.4,8.96,14.52,16.0,3.2,11.94,19.36,61.94,50.0,11.94,108.08,16.0,3.2,11.94,29.76,5.95,0.67,0.69,0.57,0.5,0.75,0.12,0.71,0.39,0.78,0.59,3.73,1.49,0.09,11.94,0.3
2,新北中信特攻,38|8889,余維豪/馬可,2,60,73.0,932.14,15.54,15:32,466.07,7.77,07:46,29.0,14.5,39.73,67.2,32.0,16.0,43.84,74.15,27.0,13.5,36.99,62.57,12.0,6.0,16.44,27.81,13.0,6.5,17.81,30.12,10.0,5.0,13.7,23.17,14.0,7.0,19.18,32.44,2.0,1.0,2.74,4.63,4.0,2.0,5.48,9.27,3.0,1.5,4.11,6.95,9.0,4.5,12.33,20.86,7.0,3.5,9.59,16.22,3.0,1.5,4.11,6.95,12.0,6.0,16.44,27.81,10.0,5.0,13.7,23.17,5.0,2.5,6.85,11.59,5.0,2.5,6.85,11.59,0.0,0.0,0.0,0.0,8.0,4.0,10.96,18.54,6.0,3.0,8.22,13.9,39.73,43.84,-4.11,112.77,-3.0,-1.5,-4.11,15.54,7.77,0.48,0.5,0.77,0.14,0.75,0.26,0.42,0.43,0.7,0.52,6.85,0.0,0.11,8.22,0.15
2,新北中信特攻,38|10877,余維豪/阿巴西,3,81,98.0,1302.81,21.71,21:43,434.27,7.24,07:14,46.0,15.33,46.94,76.27,50.0,16.67,51.02,82.9,37.0,12.33,37.76,61.34,18.0,6.0,18.37,29.84,19.0,6.33,19.39,31.5,13.0,4.33,13.27,21.55,18.0,6.0,18.37,29.84,5.0,1.67,5.1,8.29,4.0,1.33,4.08,6.63,3.0,1.0,3.06,4.97,11.0,3.67,11.22,18.24,9.0,3.0,9.18,14.92,5.0,1.67,5.1,8.29,14.0,4.67,14.29,23.21,12.0,4.0,12.24,19.9,9.0,3.0,9.18,14.92,7.0,2.33,7.14,11.61,0.0,0.0,0.0,0.0,11.0,3.67,11.22,18.24,6.0,2.0,6.12,9.95,46.94,51.02,-4.08,108.32,-4.0,-1.33,-4.08,21.71,7.24,0.55,0.59,0.68,0.28,0.75,0.24,0.5,0.44,0.64,0.51,7.14,0.0,0.11,6.12,0.11
2,新北中信特攻,38|104,余維豪/貝奇,2,37,44.0,522.47,8.71,08:42,261.24,4.35,04:21,30.0,15.0,68.18,124.03,16.0,8.0,36.36,66.15,16.0,8.0,36.36,66.15,10.0,5.0,22.73,41.34,10.0,5.0,22.73,41.34,7.0,3.5,15.91,28.94,6.0,3.0,13.64,24.81,3.0,1.5,6.82,12.4,7.0,3.5,15.91,28.94,7.0,3.5,15.91,28.94,5.0,2.5,11.36,20.67,1.0,0.5,2.27,4.13,0.0,0.0,0.0,0.0,8.0,4.0,18.18,33.07,5.0,2.5,11.36,20.67,6.0,3.0,13.64,24.81,2.0,1.0,4.55,8.27,0.0,0.0,0.0,0.0,6.0,3.0,13.64,24.81,0.0,0.0,0.0,0.0,68.18,36.36,31.82,121.27,14.0,7.0,31.82,8.71,4.35,0.72,0.79,0.7,0.5,1.0,0.21,0.6,0.38,1.0,0.43,4.55,0.0,0.14,0.0,0.44
2,新北中信特攻,104|113,貝奇/林任鴻,2,15,15.0,208.38,3.47,03:28,104.19,1.74,01:44,8.0,4.0,53.33,82.92,11.0,5.5,73.33,114.02,5.0,2.5,33.33,51.83,2.0,1.0,13.33,20.73,1.0,0.5,6.67,10.37,1.0,0.5,6.67,10.37,4.0,2.0,26.67,41.46,1.0,0.5,6.67,10.37,4.0,2.0,26.67,41.46,3.0,1.5,20.0,31.1,0.0,0.0,0.0,0.0,4.0,2.0,26.67,41.46,0.0,0.0,0.0,0.0,2.0,1.0,13.33,20.73,1.0,0.5,6.67,10.37,2.0,1.0,13.33,20.73,1.0,0.5,6.67,10.37,0.0,0.0,0.0,0.0,2.0,1.0,13.33,20.73,0.0,0.0,0.0,0.0,53.33,73.33,-20.0,103.66,-3.0,-1.5,-20.0,3.47,1.74,0.5,0.59,1.0,0.25,0.75,0.13,1.0,0.0,1.0,0.67,6.67,0.0,0.13,0.0,0.8
2,高雄全家海神,10894|13275,凱帝/吳彥侖,1,51,61.0,856.28,14.27,14:16,856.28,14.27,14:16,21.0,21.0,34.43,52.97,39.0,39.0,63.93,98.38,23.0,23.0,37.7,58.02,7.0,7.0,11.48,17.66,12.0,12.0,19.67,30.27,5.0,5.0,8.2,12.61,11.0,11.0,18.03,27.75,2.0,2.0,3.28,5.05,6.0,6.0,9.84,15.14,5.0,5.0,8.2,12.61,4.0,4.0,6.56,10.09,12.0,12.0,19.67,30.27,5.0,5.0,8.2,12.61,9.0,9.0,14.75,22.7,3.0,3.0,4.92,7.57,5.0,5.0,8.2,12.61,1.0,1.0,1.64,2.52,3.0,3.0,4.92,7.57,5.0,5.0,8.2,12.61,4.0,4.0,6.56,10.09,34.43,63.93,-29.51,102.58,-18.0,-18.0,-29.51,14.27,14.27,0.35,0.41,0.42,0.18,0.83,0.1,0.71,0.31,0.71,0.53,1.64,4.92,0.08,6.56,0.26
2,新北國王,32|13029,奧帝/杰倫,2,106,118.0,1587.59,26.46,26:28,793.8,13.23,13:14,35.0,17.5,29.66,47.62,63.0,31.5,53.39,85.71,43.0,21.5,36.44,58.5,14.0,7.0,11.86,19.05,24.0,12.0,20.34,32.65,10.0,5.0,8.47,13.61,19.0,9.5,16.1,25.85,4.0,2.0,3.39,5.44,4.0,2.0,3.39,5.44,3.0,1.5,2.54,4.08,4.0,2.0,3.39,5.44,26.0,13.0,22.03,35.37,5.0,2.5,4.24,6.8,22.0,11.0,18.64,29.93,11.0,5.5,9.32,14.97,7.0,3.5,5.93,9.52,7.0,3.5,5.93,9.52,3.0,1.5,2.54,4.08,8.0,4.0,6.78,10.88,13.0,6.5,11.02,17.69,29.66,53.39,-23.73,107.03,-28.0,-14.0,-23.73,26.46,13.23,0.37,0.39,0.42,0.21,0.75,0.2,0.5,0.15,0.84,0.53,5.93,2.54,0.07,11.02,0.09
2,高雄全家海神,10891|13399,廖偉皓/賽克維奇,1,12,12.0,140.88,2.35,02:21,140.88,2.35,02:21,8.0,8.0,66.67,122.65,5.0,5.0,41.67,76.66,4.0,4.0,33.33,61.33,3.0,3.0,25.0,46.0,3.0,3.0,25.0,46.0,2.0,2.0,16.67,30.66,1.0,1.0,8.33,15.33,1.0,1.0,8.33,15.33,1.0,1.0,8.33,15.33,1.0,1.0,8.33,15.33,0.0,0.0,0.0,0.0,1.0,1.0,8.33,15.33,0.0,0.0,0.0,0.0,2.0,2.0,16.67,30.66,1.0,1.0,8.33,15.33,2.0,2.0,16.67,30.66,1.0,1.0,8.33,15.33,0.0,0.0,0.0,0.0,2.0,2.0,16.67,30.66,3.0,3.0,25.0,46.0,66.67,41.67,25.0,122.65,3.0,3.0,25.0,2.35,2.35,0.88,0.9,0.67,1.0,1.0,0.18,0.67,0.0,1.0,0.33,8.33,0.0,0.17,25.0,0.25
2,高雄全家海神,10894|13399,凱帝/賽克維奇,1,16,16.0,188.88,3.15,03:09,188.88,3.15,03:09,11.0,11.0,68.75,125.79,7.0,7.0,43.75,80.05,6.0,6.0,37.5,68.61,4.0,4.0,25.0,45.74,3.0,3.0,18.75,34.31,2.0,2.0,12.5,22.87,3.0,3.0,18.75,34.31,2.0,2.0,12.5,22.87,1.0,1.0,6.25,11.44,1.0,1.0,6.25,11.44,0.0,0.0,0.0,0.0,1.0,1.0,6.25,11.44,0.0,0.0,0.0,0.0,3.0,3.0,18.75,34.31,1.0,1.0,6.25,11.44,3.0,3.0,18.75,34.31,1.0,1.0,6.25,11.44,0.0,0.0,0.0,0.0,2.0,2.0,12.5,22.87,3.0,3.0,18.75,34.31,68.75,43.75,25.0,121.98,4.0,4.0,25.0,3.15,3.15,0.83,0.85,0.67,0.67,1.0,0.13,0.75,0.0,1.0,0.25,6.25,0.0,0.12,18.75,0.17
2,高雄全家海神,10891|13275,廖偉皓/吳彥侖,2,24,29.0,376.98,6.28,06:17,188.49,3.14,03:08,13.0,6.5,44.83,74.49,19.0,9.5,65.52,108.86,9.0,4.5,31.03,51.57,3.0,1.5,10.34,17.19,5.0,2.5,17.24,28.65,3.0,1.5,10.34,17.19,4.0,2.0,13.79,22.92,0.0,0.0,0.0,0.0,8.0,4.0,27.59,45.84,7.0,3.5,24.14,40.11,2.0,1.0,6.9,11.46,5.0,2.5,17.24,28.65,3.0,1.5,10.34,17.19,2.0,1.0,6.9,11.46,1.0,0.5,3.45,5.73,2.0,1.0,6.9,11.46,1.0,0.5,3.45,5.73,0.0,0.0,0.0,0.0,3.0,1.5,10.34,17.19,2.0,1.0,6.9,11.46,44.83,65.52,-20.69,110.77,-6.0,-3.0,-20.69,6.28,3.14,0.33,0.52,0.6,0.0,0.88,0.07,0.67,0.5,0.62,0.58,3.45,0.0,0.1,6.9,0.89
2,高雄全家海神,110|116,胡瓏貿/呂威霆,4,33,43.0,546.41,9.11,09:06,136.6,2.28,02:17,14.0,3.5,32.56,55.34,15.0,3.75,34.88,59.3,15.0,3.75,34.88,59.3,4.0,1.0,9.3,15.81,5.0,1.25,11.63,19.77,2.0,0.5,4.65,7.91,10.0,2.5,23.26,39.53,2.0,0.5,4.65,7.91,6.0,1.5,13.95,23.72,4.0,1.0,9.3,15.81,6.0,1.5,13.95,23.72,7.0,1.75,16.28,27.67,3.0,0.75,6.98,11.86,7.0,1.75,16.28,27.67,4.0,1.0,9.3,15.81,2.0,0.5,4.65,7.91,2.0,0.5,4.65,7.91,2.0,0.5,4.65,7.91,3.0,0.75,6.98,11.86,2.0,0.5,4.65,7.91,32.56,34.88,-2.33,113.32,-1.0,-0.25,-2.33,9.11,2.28,0.33,0.4,0.4,0.2,0.67,0.18,0.5,0.46,0.7,0.57,4.65,4.65,0.07,4.65,0.4
2,高雄全家海神,45|111,施晉堯/唐維傑,4,79,95.0,1236.99,20.62,20:37,309.25,5.15,05:09,33.0,8.25,34.74,57.62,62.0,15.5,65.26,108.26,32.0,8.0,33.68,55.88,12.0,3.0,12.63,20.95,23.0,5.75,24.21,40.16,9.0,2.25,9.47,15.72,9.0,2.25,9.47,15.72,3.0,0.75,3.16,5.24,9.0,2.25,9.47,15.72,6.0,1.5,6.32,10.48,5.0,1.25,5.26,8.73,16.0,4.0,16.84,27.94,10.0,2.5,10.53,17.46,8.0,2.0,8.42,13.97,7.0,1.75,7.37,12.22,6.0,1.5,6.32,10.48,5.0,1.25,5.26,8.73,4.0,1.0,4.21,6.98,7.0,1.75,7.37,12.22,19.0,4.75,20.0,33.18,34.74,65.26,-30.53,110.59,-29.0,-7.25,-30.53,20.62,5.15,0.42,0.46,0.39,0.33,0.67,0.16,0.5,0.38,0.62,0.54,5.26,4.21,0.07,20.0,0.28
2,高雄全家海神,111|12908,唐維傑/布里茲克,4,126,153.0,2004.29,33.4,33:24,501.07,8.35,08:21,58.0,14.5,37.91,62.51,77.0,19.25,50.33,82.98,55.0,13.75,35.95,59.27,20.0,5.0,13.07,21.55,38.0,9.5,24.84,40.95,16.0,4.0,10.46,17.24,17.0,4.25,11.11,18.32,4.0,1.0,2.61,4.31,18.0,4.5,11.76,19.4,13.0,3.25,8.5,14.01,9.0,2.25,5.88,9.7,29.0,7.25,18.95,31.25,13.0,3.25,8.5,14.01,21.0,5.25,13.73,22.63,9.0,2.25,5.88,9.7,10.0,2.5,6.54,10.78,6.0,1.5,3.92,6.47,4.0,1.0,2.61,4.31,14.0,3.5,9.15,15.09,26.0,6.5,16.99,28.02,37.91,50.33,-12.42,109.92,-19.0,-4.75,-12.42,33.4,8.35,0.4,0.46,0.42,0.24,0.72,0.13,0.5,0.3,0.69,0.53,3.92,2.61,0.09,16.99,0.33
2,高雄全家海神,110|111,胡瓏貿/唐維傑,5,87,101.0,1434.8,23.91,23:55,286.96,4.78,04:47,44.0,8.8,43.56,66.24,59.0,11.8,58.42,88.82,32.0,6.4,31.68,48.17,17.0,3.4,16.83,25.59,20.0,4.0,19.8,30.11,13.0,2.6,12.87,19.57,12.0,2.4,11.88,18.07,4.0,0.8,3.96,6.02,17.0,3.4,16.83,25.59,11.0,2.2,10.89,16.56,4.0,0.8,3.96,6.02,14.0,2.8,13.86,21.08,8.0,1.6,7.92,12.04,14.0,2.8,13.86,21.08,10.0,2.0,9.9,15.05,9.0,1.8,8.91,13.55,4.0,0.8,3.96,6.02,1.0,0.2,0.99,1.51,10.0,2.0,9.9,15.05,13.0,2.6,12.87,19.57,43.56,58.42,-14.85,101.37,-15.0,-3.0,-14.85,23.91,4.78,0.59,0.56,0.65,0.33,0.65,0.2,0.53,0.22,0.64,0.45,3.96,0.99,0.1,12.87,0.53
2,高雄全家海神,111|10894,唐維傑/凱帝,1,6,6.0,77.16,1.29,01:17,77.16,1.29,01:17,2.0,2.0,33.33,55.99,4.0,4.0,66.67,111.98,2.0,2.0,33.33,55.99,0.0,0.0,0.0,0.0,1.0,1.0,16.67,27.99,0.0,0.0,0.0,0.0,1.0,1.0,16.67,27.99,0.0,0.0,0.0,0.0,2.0,2.0,33.33,55.99,2.0,2.0,33.33,55.99,0.0,0.0,0.0,0.0,2.0,2.0,33.33,55.99,0.0,0.0,0.0,0.0,1.0,1.0,16.67,27.99,0.0,0.0,0.0,0.0,0.0,0.0,0.0,0.0,0.0,0.0,0.0,0.0,0.0,0.0,0.0,0.0,1.0,1.0,16.67,27.99,0.0,0.0,0.0,0.0,33.33,66.67,-33.33,111.98,-2.0,-2.0,-33.33,1.29,1.29,0.0,0.35,0.0,0.0,1.0,0.0,,0.0,1.0,0.67,0.0,0.0,0.17,0.0,1.0
2,新北中信特攻,104|10880,貝奇/內馬,3,141,162.0,2209.87,36.83,36:50,736.62,12.28,12:17,84.0,28.0,51.85,82.1,57.0,19.0,35.19,55.71,60.0,20.0,37.04,58.65,30.0,10.0,18.52,29.32,24.0,8.0,14.81,23.46,15.0,5.0,9.26,14.66,36.0,12.0,22.22,35.19,15.0,5.0,9.26,14.66,17.0,5.67,10.49,16.62,9.0,3.0,5.56,8.8,7.0,2.33,4.32,6.84,27.0,9.0,16.67,26.39,8.0,2.67,4.94,7.82,27.0,9.0,16.67,26.39,13.0,4.33,8.02,12.71,25.0,8.33,15.43,24.44,6.0,2.0,3.7,5.86,1.0,0.33,0.62,0.98,15.0,5.0,9.26,14.66,8.0,2.67,4.94,7.82,51.85,35.19,16.67,105.56,27.0,9.0,16.67,36.83,12.28,0.62,0.62,0.62,0.42,0.53,0.16,0.83,0.21,0.77,0.49,3.7,0.62,0.09,4.94,0.28
2,新北中信特攻,38|48,余維豪/李沛澄,1,17,21.0,274.9,4.58,04:35,274.9,4.58,04:35,17.0,17.0,80.95,133.57,8.0,8.0,38.1,62.86,8.0,8.0,38.1,62.86,6.0,6.0,28.57,47.14,6.0,6.0,28.57,47.14,4.0,4.0,19.05,31.43,2.0,2.0,9.52,15.71,2.0,2.0,9.52,15.71,3.0,3.0,14.29,23.57,3.0,3.0,14.29,23.57,1.0,1.0,4.76,7.86,1.0,1.0,4.76,7.86,2.0,2.0,9.52,15.71,2.0,2.0,9.52,15.71,1.0,1.0,4.76,7.86,2.0,2.0,9.52,15.71,1.0,1.0,4.76,7.86,0.0,0.0,0.0,0.0,2.0,2.0,9.52,15.71,0.0,0.0,0.0,0.0,80.95,38.1,42.86,110.0,9.0,9.0,42.86,4.58,4.58,0.88,0.91,0.67,1.0,1.0,0.1,0.33,0.33,0.33,0.33,4.76,0.0,0.1,0.0,0.38
2,高雄全家海神,119|13275,余純安/吳彥侖,1,47,54.0,690.27,11.5,11:30,690.27,11.5,11:30,30.0,30.0,55.56,93.88,28.0,28.0,51.85,87.62,22.0,22.0,40.74,68.84,11.0,11.0,20.37,34.42,13.0,13.0,24.07,40.68,6.0,6.0,11.11,18.78,9.0,9.0,16.67,28.16,5.0,5.0,9.26,15.65,7.0,7.0,12.96,21.9,5.0,5.0,9.26,15.65,2.0,2.0,3.7,6.26,9.0,9.0,16.67,28.16,2.0,2.0,3.7,6.26,8.0,8.0,14.81,25.03,1.0,1.0,1.85,3.13,10.0,10.0,18.52,31.29,1.0,1.0,1.85,3.13,0.0,0.0,0.0,0.0,10.0,10.0,18.52,31.29,8.0,8.0,14.81,25.03,55.56,51.85,3.7,112.65,2.0,2.0,3.7,11.5,11.5,0.61,0.6,0.46,0.56,0.71,0.04,0.91,0.2,0.82,0.52,1.85,0.0,0.19,14.81,0.32
2,高雄全家海神,109|111,于煥亞/唐維傑,4,115,140.0,1802.3,30.04,30:02,450.57,7.51,07:31,70.0,17.5,50.0,83.89,77.0,19.25,55.0,92.28,55.0,13.75,39.29,65.92,26.0,6.5,18.57,31.16,39.0,9.75,27.86,46.74,20.0,5.0,14.29,23.97,16.0,4.0,11.43,19.18,6.0,1.5,4.29,7.19,18.0,4.5,12.86,21.57,12.0,3.0,8.57,14.38,13.0,3.25,9.29,15.58,17.0,4.25,12.14,20.37,7.0,1.75,5.0,8.39,15.0,3.75,10.71,17.98,9.0,2.25,6.43,10.79,12.0,3.0,8.57,14.38,8.0,2.0,5.71,9.59,2.0,0.5,1.43,2.4,12.0,3.0,8.57,14.38,20.0,5.0,14.29,23.97,50.0,55.0,-5.0,111.86,-7.0,-1.75,-5.0,30.04,7.51,0.53,0.56,0.51,0.38,0.67,0.13,0.46,0.46,0.71,0.58,5.71,1.43,0.09,14.29,0.33
2,臺北台新戰神,2|13400,江均/史東,1,10,11.0,160.66,2.68,02:41,160.66,2.68,02:41,11.0,11.0,100.0,147.89,6.0,6.0,54.55,80.67,4.0,4.0,36.36,53.78,4.0,4.0,36.36,53.78,2.0,2.0,18.18,26.89,2.0,2.0,18.18,26.89,2.0,2.0,18.18,26.89,2.0,2.0,18.18,26.89,4.0,4.0,36.36,53.78,2.0,2.0,18.18,26.89,0.0,0.0,0.0,0.0,1.0,1.0,9.09,13.44,0.0,0.0,0.0,0.0,1.0,1.0,9.09,13.44,1.0,1.0,9.09,13.44,3.0,3.0,27.27,40.33,1.0,1.0,9.09,13.44,0.0,0.0,0.0,0.0,3.0,3.0,27.27,40.33,2.0,2.0,18.18,26.89,100.0,54.55,45.45,98.59,5.0,5.0,45.45,2.68,2.68,1.25,0.95,1.0,1.0,0.5,0.15,0.75,0.0,1.0,0.5,9.09,0.0,0.27,18.18,1.0
2,桃園台啤永豐雲豹,62|64,王皓吉/劉元凱,1,1,1.0,1.0,0.02,00:01,1.0,0.02,00:01,0.0,0.0,0.0,0.0,1.0,1.0,100.0,2166.5,0.0,0.0,0.0,0.0,0.0,0.0,0.0,0.0,0.0,0.0,0.0,0.0,0.0,0.0,0.0,0.0,0.0,0.0,0.0,0.0,0.0,0.0,0.0,0.0,0.0,0.0,0.0,0.0,0.0,0.0,0.0,0.0,0.0,0.0,0.0,0.0,0.0,0.0,0.0,0.0,0.0,0.0,0.0,0.0,0.0,0.0,0.0,0.0,0.0,0.0,0.0,0.0,0.0,0.0,0.0,0.0,0.0,0.0,0.0,0.0,0.0,0.0,0.0,0.0,0.0,0.0,0.0,0.0,1.0,1.0,100.0,2166.5,0.0,100.0,-100.0,1444.33,-1.0,-1.0,-100.0,0.02,0.02,,,,,,,,,,,0.0,0.0,0.0,100.0,
2,新北國王,10873|13029,喬納森/杰倫,1,11,14.0,170.0,2.83,02:50,170.0,2.83,02:50,6.0,6.0,42.86,76.23,7.0,7.0,50.0,88.94,4.0,4.0,28.57,50.82,1.0,1.0,7.14,12.71,1.0,1.0,7.14,12.71,0.0,0.0,0.0,0.0,3.0,3.0,21.43,38.12,1.0,1.0,7.14,12.71,4.0,4.0,28.57,50.82,3.0,3.0,21.43,38.12,1.0,1.0,7.14,12.71,3.0,3.0,21.43,38.12,2.0,2.0,14.29,25.41,1.0,1.0,7.14,12.71,1.0,1.0,7.14,12.71,1.0,1.0,7.14,12.71,0.0,0.0,0.0,0.0,0.0,0.0,0.0,0.0,3.0,3.0,21.43,38.12,2.0,2.0,14.29,25.41,42.86,50.0,-7.14,118.59,-1.0,-1.0,-7.14,2.83,2.83,0.38,0.52,0.0,0.33,0.75,0.15,1.0,0.5,0.6,0.57,0.0,0.0,0.21,14.29,1.0
2,新北國王,22|10873,簡祐哲/喬納森,1,4,5.0,65.0,1.08,01:05,65.0,1.08,01:05,4.0,4.0,80.0,132.92,3.0,3.0,60.0,99.69,2.0,2.0,40.0,66.46,1.0,1.0,20.0,33.23,0.0,0.0,0.0,0.0,0.0,0.0,0.0,0.0,2.0,2.0,40.0,66.46,1.0,1.0,20.0,33.23,2.0,2.0,40.0,66.46,1.0,1.0,20.0,33.23,1.0,1.0,20.0,33.23,1.0,1.0,20.0,33.23,0.0,0.0,0.0,0.0,0.0,0.0,0.0,0.0,0.0,0.0,0.0,0.0,1.0,1.0,20.0,33.23,0.0,0.0,0.0,0.0,0.0,0.0,0.0,0.0,2.0,2.0,40.0,66.46,2.0,2.0,40.0,66.46,80.0,60.0,20.0,110.77,1.0,1.0,20.0,1.08,1.08,0.75,0.69,,0.5,0.5,0.0,1.0,1.0,1.0,1.0,0.0,0.0,0.4,40.0,1.0
2,新北國王,29|10873,林書緯/喬納森,2,8,12.0,121.03,2.02,02:01,60.52,1.01,01:01,8.0,4.0,66.67,142.77,5.0,2.5,41.67,89.23,2.0,1.0,16.67,35.69,2.0,1.0,16.67,35.69,0.0,0.0,0.0,0.0,0.0,0.0,0.0,0.0,2.0,1.0,16.67,35.69,2.0,1.0,16.67,35.69,4.0,2.0,33.33,71.38,2.0,1.0,16.67,35.69,1.0,0.5,8.33,17.85,1.0,0.5,8.33,17.85,3.0,1.5,25.0,53.54,1.0,0.5,8.33,17.85,1.0,0.5,8.33,17.85,3.0,1.5,25.0,53.54,1.0,0.5,8.33,17.85,0.0,0.0,0.0,0.0,1.0,0.5,8.33,17.85,2.0,1.0,16.67,35.69,66.67,41.67,25.0,142.77,3.0,1.5,25.0,2.02,1.01,1.5,1.06,,1.0,0.5,0.21,1.5,0.5,0.25,0.33,8.33,0.0,0.08,16.67,2.0
2,福爾摩沙夢想家,10890|13777,湯普金斯/布依德,1,73,90.0,1277.1,21.29,21:17,1277.1,21.29,21:17,41.0,41.0,45.56,69.34,45.0,45.0,50.0,76.11,26.0,26.0,28.89,43.97,14.0,14.0,15.56,23.68,18.0,18.0,20.0,30.44,13.0,13.0,14.44,21.99,8.0,8.0,8.89,13.53,1.0,1.0,1.11,1.69,16.0,16.0,17.78,27.06,12.0,12.0,13.33,20.3,5.0,5.0,5.56,8.46,8.0,8.0,8.89,13.53,4.0,4.0,4.44,6.77,18.0,18.0,20.0,30.44,8.0,8.0,8.89,13.53,7.0,7.0,7.78,11.84,3.0,3.0,3.33,5.07,0.0,0.0,0.0,0.0,12.0,12.0,13.33,20.3,9.0,9.0,10.0,15.22,45.56,50.0,-4.44,101.48,-4.0,-4.0,-4.44,21.29,21.29,0.56,0.62,0.72,0.12,0.75,0.19,0.5,0.22,0.67,0.37,3.33,0.0,0.13,10.0,0.62
2,福爾摩沙夢想家,86|13777,林俊吉/布依德,4,245,308.0,3686.05,61.43,61:26,921.51,15.36,15:22,133.0,33.25,43.18,77.94,131.0,32.75,42.53,76.77,101.0,25.25,32.79,59.19,46.0,11.5,14.94,26.96,67.0,16.75,21.75,39.26,34.0,8.5,11.04,19.92,34.0,8.5,11.04,19.92,12.0,3.0,3.9,7.03,44.0,11.0,14.29,25.78,29.0,7.25,9.42,16.99,24.0,6.0,7.79,14.06,34.0,8.5,11.04,19.92,24.0,6.0,7.79,14.06,50.0,12.5,16.23,29.3,25.0,6.25,8.12,14.65,27.0,6.75,8.77,15.82,12.0,3.0,3.9,7.03,4.0,1.0,1.3,2.34,33.0,8.25,10.71,19.34,47.0,11.75,15.26,27.54,43.18,42.53,0.65,120.32,2.0,0.5,0.65,61.43,15.36,0.51,0.55,0.51,0.35,0.66,0.17,0.59,0.32,0.59,0.44,3.9,1.3,0.11,15.26,0.44
2,臺北台新戰神,5|13400,黃聰翰/史東,5,185,227.0,2842.06,47.37,47:22,568.41,9.47,09:28,83.0,16.6,36.56,63.08,113.0,22.6,49.78,85.88,76.0,15.2,33.48,57.76,29.0,5.8,12.78,22.04,45.0,9.0,19.82,34.2,22.0,4.4,9.69,16.72,31.0,6.2,13.66,23.56,7.0,1.4,3.08,5.32,21.0,4.2,9.25,15.96,18.0,3.6,7.93,13.68,11.0,2.2,4.85,8.36,36.0,7.2,15.86,27.36,23.0,4.6,10.13,17.48,28.0,5.6,12.33,21.28,18.0,3.6,7.93,13.68,15.0,3.0,6.61,11.4,13.0,2.6,5.73,9.88,5.0,1.0,2.2,3.8,16.0,3.2,7.05,12.16,34.0,6.8,14.98,25.84,36.56,49.78,-13.22,115.02,-30.0,-6.0,-13.22,47.37,9.47,0.43,0.49,0.49,0.23,0.86,0.17,0.52,0.28,0.61,0.48,5.73,2.2,0.07,14.98,0.28
2,臺北台新戰神,4|13400,張兆辰/史東,2,51,59.0,738.5,12.31,12:19,369.25,6.15,06:09,22.0,11.0,37.29,64.35,19.0,9.5,32.2,55.57,15.0,7.5,25.42,43.87,7.0,3.5,11.86,20.47,9.0,4.5,15.25,26.32,5.0,2.5,8.47,14.62,6.0,3.0,10.17,17.55,2.0,1.0,3.39,5.85,7.0,3.5,11.86,20.47,4.0,2.0,6.78,11.7,2.0,1.0,3.39,5.85,7.0,3.5,11.86,20.47,3.0,1.5,5.08,8.77,12.0,6.0,20.34,35.1,8.0,4.0,13.56,23.4,4.0,2.0,6.78,11.7,4.0,2.0,6.78,11.7,0.0,0.0,0.0,0.0,6.0,3.0,10.17,17.55,13.0,6.5,22.03,38.02,37.29,32.2,5.08,115.04,3.0,1.5,5.08,12.31,6.15,0.53,0.61,0.56,0.33,0.57,0.31,0.57,0.14,0.7,0.38,6.78,0.0,0.1,22.03,0.47
2,臺北台新戰神,4|7,張兆辰/孫思堯,1,9,12.0,90.08,1.5,01:30,90.08,1.5,01:30,2.0,2.0,16.67,47.96,6.0,6.0,50.0,143.88,5.0,5.0,41.67,119.9,0.0,0.0,0.0,0.0,2.0,2.0,16.67,47.96,0.0,0.0,0.0,0.0,3.0,3.0,25.0,71.94,0.0,0.0,0.0,0.0,2.0,2.0,16.67,47.96,2.0,2.0,16.67,47.96,2.0,2.0,16.67,47.96,1.0,1.0,8.33,23.98,1.0,1.0,8.33,23.98,0.0,0.0,0.0,0.0,1.0,1.0,8.33,23.98,0.0,0.0,0.0,0.0,1.0,1.0,8.33,23.98,0.0,0.0,0.0,0.0,0.0,0.0,0.0,0.0,2.0,2.0,16.67,47.96,16.67,50.0,-33.33,191.84,-4.0,-4.0,-33.33,1.5,1.5,0.0,0.17,0.0,0.0,1.0,0.15,,1.0,0.5,0.75,8.33,0.0,0.0,16.67,0.4
2,臺北台新戰神,1|7,丁聖儒/孫思堯,2,11,12.0,119.02,1.98,01:59,59.51,0.99,01:00,4.0,2.0,33.33,72.59,8.0,4.0,66.67,145.19,2.0,1.0,16.67,36.3,1.0,0.5,8.33,18.15,2.0,1.0,16.67,36.3,1.0,0.5,8.33,18.15,0.0,0.0,0.0,0.0,0.0,0.0,0.0,0.0,3.0,1.5,25.0,54.45,3.0,1.5,25.0,54.45,0.0,0.0,0.0,0.0,0.0,0.0,0.0,0.0,1.0,0.5,8.33,18.15,0.0,0.0,0.0,0.0,4.0,2.0,33.33,72.59,1.0,0.5,8.33,18.15,3.0,1.5,25.0,54.45,0.0,0.0,0.0,0.0,2.0,1.0,16.67,36.3,2.0,1.0,16.67,36.3,33.33,66.67,-33.33,145.19,-4.0,-2.0,-33.33,1.98,0.99,0.5,0.6,0.5,,1.0,0.55,1.0,,0.0,0.0,25.0,0.0,0.17,16.67,1.5
2,新竹御嵿攻城獅,75|80,高國豪/田浩,2,11,13.0,155.52,2.59,02:36,77.76,1.3,01:18,5.0,2.5,38.46,69.45,2.0,1.0,15.38,27.78,5.0,2.5,38.46,69.45,1.0,0.5,7.69,13.89,4.0,2.0,30.77,55.56,1.0,0.5,7.69,13.89,1.0,0.5,7.69,13.89,0.0,0.0,0.0,0.0,4.0,2.0,30.77,55.56,3.0,1.5,23.08,41.67,1.0,0.5,7.69,13.89,3.0,1.5,23.08,41.67,0.0,0.0,0.0,0.0,2.0,1.0,15.38,27.78,0.0,0.0,0.0,0.0,0.0,0.0,0.0,0.0,0.0,0.0,0.0,0.0,0.0,0.0,0.0,0.0,1.0,0.5,7.69,13.89,4.0,2.0,30.77,55.56,38.46,15.38,23.08,120.37,3.0,1.5,23.08,2.59,1.3,0.2,0.37,0.25,0.0,0.75,0.0,0.0,0.33,1.0,0.67,0.0,0.0,0.08,30.77,0.8
2,新竹御嵿攻城獅,75|10886,高國豪/梁瀚,1,4,4.0,57.06,0.95,00:57,57.06,0.95,00:57,0.0,0.0,0.0,0.0,0.0,0.0,0.0,0.0,2.0,2.0,50.0,75.71,0.0,0.0,0.0,0.0,1.0,1.0,25.0,37.85,0.0,0.0,0.0,0.0,1.0,1.0,25.0,37.85,0.0,0.0,0.0,0.0,0.0,0.0,0.0,0.0,0.0,0.0,0.0,0.0,0.0,0.0,0.0,0.0,2.0,2.0,50.0,75.71,0.0,0.0,0.0,0.0,1.0,1.0,25.0,37.85,0.0,0.0,0.0,0.0,0.0,0.0,0.0,0.0,0.0,0.0,0.0,0.0,0.0,0.0,0.0,0.0,0.0,0.0,0.0,0.0,4.0,4.0,100.0,151.42,0.0,0.0,0.0,100.95,0.0,0.0,0.0,0.95,0.95,0.0,0.0,0.0,0.0,,0.0,,0.0,1.0,0.67,0.0,0.0,0.0,100.0,0.0
2,新竹御嵿攻城獅,84|10886,李家瑞/梁瀚,1,4,4.0,57.06,0.95,00:57,57.06,0.95,00:57,0.0,0.0,0.0,0.0,0.0,0.0,0.0,0.0,2.0,2.0,50.0,75.71,0.0,0.0,0.0,0.0,1.0,1.0,25.0,37.85,0.0,0.0,0.0,0.0,1.0,1.0,25.0,37.85,0.0,0.0,0.0,0.0,0.0,0.0,0.0,0.0,0.0,0.0,0.0,0.0,0.0,0.0,0.0,0.0,2.0,2.0,50.0,75.71,0.0,0.0,0.0,0.0,1.0,1.0,25.0,37.85,0.0,0.0,0.0,0.0,0.0,0.0,0.0,0.0,0.0,0.0,0.0,0.0,0.0,0.0,0.0,0.0,0.0,0.0,0.0,0.0,4.0,4.0,100.0,151.42,0.0,0.0,0.0,100.95,0.0,0.0,0.0,0.95,0.95,0.0,0.0,0.0,0.0,,0.0,,0.0,1.0,0.67,0.0,0.0,0.0,100.0,0.0
2,臺北台新戰神,11|13400,蘇奕晉/史東,1,3,6.0,74.0,1.23,01:14,74.0,1.23,01:14,0.0,0.0,0.0,0.0,4.0,4.0,66.67,116.76,1.0,1.0,16.67,29.19,1.0,1.0,16.67,29.19,1.0,1.0,16.67,29.19,1.0,1.0,16.67,29.19,0.0,0.0,0.0,0.0,0.0,0.0,0.0,0.0,0.0,0.0,0.0,0.0,0.0,0.0,0.0,0.0,0.0,0.0,0.0,0.0,0.0,0.0,0.0,0.0,3.0,3.0,50.0,87.57,0.0,0.0,0.0,0.0,1.0,1.0,16.67,29.19,0.0,0.0,0.0,0.0,1.0,1.0,16.67,29.19,0.0,0.0,0.0,0.0,0.0,0.0,0.0,0.0,0.0,0.0,0.0,0.0,0.0,66.67,-66.67,116.76,-4.0,-4.0,-66.67,1.23,1.23,1.0,0.0,1.0,,,0.5,0.0,,0.0,0.0,16.67,0.0,0.0,0.0,0.0
2,福爾摩沙夢想家,79|13906,張宗憲/班提爾,2,206,241.0,3045.82,50.76,50:46,1522.91,25.38,25:23,107.0,53.5,44.4,75.88,96.0,48.0,39.83,68.08,88.0,44.0,36.51,62.41,42.0,21.0,17.43,29.79,63.0,31.5,26.14,44.68,35.0,17.5,14.52,24.82,25.0,12.5,10.37,17.73,7.0,3.5,2.9,4.96,26.0,13.0,10.79,18.44,16.0,8.0,6.64,11.35,16.0,8.0,6.64,11.35,34.0,17.0,14.11,24.11,17.0,8.5,7.05,12.06,50.0,25.0,20.75,35.46,16.0,8.0,6.64,11.35,18.0,9.0,7.47,12.77,8.0,4.0,3.32,5.67,2.0,1.0,0.83,1.42,21.0,10.5,8.71,14.89,13.0,6.5,5.39,9.22,44.4,39.83,4.56,113.94,11.0,5.5,4.56,50.76,25.38,0.52,0.54,0.56,0.28,0.62,0.14,0.43,0.24,0.67,0.43,3.32,0.83,0.09,5.39,0.3
2,福爾摩沙夢想家,89|13906,蔣淯安/班提爾,3,297,353.0,4554.76,75.91,75:55,1518.25,25.3,25:18,150.0,50.0,42.49,71.13,140.0,46.67,39.66,66.39,126.0,42.0,35.69,59.75,56.0,18.67,15.86,26.56,81.0,27.0,22.95,38.41,44.0,14.67,12.46,20.87,45.0,15.0,12.75,21.34,12.0,4.0,3.4,5.69,37.0,12.33,10.48,17.55,26.0,8.67,7.37,12.33,22.0,7.33,6.23,10.43,52.0,17.33,14.73,24.66,24.0,8.0,6.8,11.38,64.0,21.33,18.13,30.35,27.0,9.0,7.65,12.8,24.0,8.0,6.8,11.38,13.0,4.33,3.68,6.16,2.0,0.67,0.57,0.95,31.0,10.33,8.78,14.7,21.0,7.0,5.95,9.96,42.49,39.66,2.83,111.6,10.0,3.33,2.83,75.91,25.3,0.49,0.53,0.54,0.27,0.7,0.16,0.43,0.26,0.68,0.46,3.68,0.57,0.09,5.95,0.29
2,福爾摩沙夢想家,103|13906,忻沃克/班提爾,3,247,305.0,3829.74,63.83,63:50,1276.58,21.28,21:17,126.0,42.0,41.31,71.06,117.0,39.0,38.36,65.99,109.0,36.33,35.74,61.48,41.0,13.67,13.44,23.12,64.0,21.33,20.98,36.1,28.0,9.33,9.18,15.79,45.0,15.0,14.75,25.38,13.0,4.33,4.26,7.33,38.0,12.67,12.46,21.43,29.0,9.67,9.51,16.36,27.0,9.0,8.85,15.23,46.0,15.33,15.08,25.94,22.0,7.33,7.21,12.41,51.0,17.0,16.72,28.76,23.0,7.67,7.54,12.97,21.0,7.0,6.89,11.84,12.0,4.0,3.93,6.77,0.0,0.0,0.0,0.0,37.0,12.33,12.13,20.87,35.0,11.67,11.48,19.74,41.31,38.36,2.95,114.68,9.0,3.0,2.95,63.83,21.28,0.44,0.5,0.44,0.29,0.76,0.15,0.51,0.35,0.68,0.5,3.93,0.0,0.12,11.48,0.35
2,福爾摩沙夢想家,106|13906,高柏鎧/班提爾,3,229,277.0,3496.85,58.28,58:17,1165.62,19.43,19:26,120.0,40.0,43.32,74.12,94.0,31.33,33.94,58.06,103.0,34.33,37.18,63.62,42.0,14.0,15.16,25.94,66.0,22.0,23.83,40.77,34.0,11.33,12.27,21.0,37.0,12.33,13.36,22.85,8.0,2.67,2.89,4.94,37.0,12.33,13.36,22.85,28.0,9.33,10.11,17.3,25.0,8.33,9.03,15.44,41.0,13.67,14.8,25.33,15.0,5.0,5.42,9.27,53.0,17.67,19.13,32.74,20.0,6.67,7.22,12.35,16.0,5.33,5.78,9.88,12.0,4.0,4.33,7.41,3.0,1.0,1.08,1.85,30.0,10.0,10.83,18.53,15.0,5.0,5.42,9.27,43.32,33.94,9.39,114.07,26.0,8.67,9.39,58.28,19.43,0.45,0.5,0.52,0.22,0.76,0.14,0.38,0.32,0.73,0.49,4.33,1.08,0.11,5.42,0.36
2,福爾摩沙夢想家,77|13906,馬建豪/班提爾,3,260,314.0,3845.91,64.1,64:06,1281.97,21.37,21:22,148.0,49.33,47.13,83.12,119.0,39.67,37.9,66.83,111.0,37.0,35.35,62.34,50.0,16.67,15.92,28.08,70.0,23.33,22.29,39.31,36.0,12.0,11.46,20.22,41.0,13.67,13.06,23.03,14.0,4.67,4.46,7.86,46.0,15.33,14.65,25.84,36.0,12.0,11.46,20.22,22.0,7.33,7.01,12.36,44.0,14.67,14.01,24.71,18.0,6.0,5.73,10.11,50.0,16.67,15.92,28.08,21.0,7.0,6.69,11.79,25.0,8.33,7.96,14.04,10.0,3.33,3.18,5.62,3.0,1.0,0.96,1.68,31.0,10.33,9.87,17.41,30.0,10.0,9.55,16.85,47.13,37.9,9.24,117.57,29.0,9.67,9.24,64.1,21.37,0.51,0.56,0.51,0.34,0.78,0.14,0.5,0.31,0.71,0.49,3.18,0.96,0.1,9.55,0.41
2,福爾摩沙夢想家,13777|13906,布依德/班提爾,3,204,253.0,3086.51,51.44,51:27,1028.84,17.15,17:09,113.0,37.67,44.66,79.08,111.0,37.0,43.87,77.68,88.0,29.33,34.78,61.58,39.0,13.0,15.42,27.29,54.0,18.0,21.34,37.79,25.0,8.33,9.88,17.5,34.0,11.33,13.44,23.79,14.0,4.67,5.53,9.8,29.0,9.67,11.46,20.29,21.0,7.0,8.3,14.7,18.0,6.0,7.11,12.6,35.0,11.67,13.83,24.49,22.0,7.33,8.7,15.4,36.0,12.0,14.23,25.19,16.0,5.33,6.32,11.2,24.0,8.0,9.49,16.8,5.0,1.67,1.98,3.5,0.0,0.0,0.0,0.0,24.0,8.0,9.49,16.8,32.0,10.67,12.65,22.39,44.66,43.87,0.79,118.04,2.0,0.67,0.79,51.44,17.15,0.52,0.56,0.46,0.41,0.72,0.14,0.62,0.33,0.61,0.48,1.98,0.0,0.09,12.65,0.33
2,福爾摩沙夢想家,86|13906,林俊吉/班提爾,3,176,223.0,2649.39,44.16,44:09,883.13,14.72,14:43,108.0,36.0,48.43,88.05,85.0,28.33,38.12,69.3,76.0,25.33,34.08,61.96,34.0,11.33,15.25,27.72,46.0,15.33,20.63,37.5,22.0,7.33,9.87,17.94,30.0,10.0,13.45,24.46,12.0,4.0,5.38,9.78,36.0,12.0,16.14,29.35,28.0,9.33,12.56,22.83,19.0,6.33,8.52,15.49,30.0,10.0,13.45,24.46,16.0,5.33,7.17,13.04,30.0,10.0,13.45,24.46,14.0,4.67,6.28,11.41,21.0,7.0,9.42,17.12,7.0,2.33,3.14,5.71,2.0,0.67,0.9,1.63,29.0,9.67,13.0,23.64,26.0,8.67,11.66,21.2,48.43,38.12,10.31,121.21,23.0,7.67,10.31,44.16,14.72,0.53,0.59,0.48,0.4,0.78,0.13,0.62,0.39,0.65,0.52,3.14,0.9,0.13,11.66,0.47
2,福爾摩沙夢想家,99|13906,盧冠良/班提爾,3,63,72.0,954.76,15.91,15:55,318.25,5.3,05:18,29.0,9.67,40.28,65.61,32.0,10.67,44.44,72.39,26.0,8.67,36.11,58.82,10.0,3.33,13.89,22.62,16.0,5.33,22.22,36.2,8.0,2.67,11.11,18.1,10.0,3.33,13.89,22.62,2.0,0.67,2.78,4.52,8.0,2.67,11.11,18.1,7.0,2.33,9.72,15.84,5.0,1.67,6.94,11.31,11.0,3.67,15.28,24.89,3.0,1.0,4.17,6.79,13.0,4.33,18.06,29.41,4.0,1.33,5.56,9.05,5.0,1.67,6.94,11.31,1.0,0.33,1.39,2.26,0.0,0.0,0.0,0.0,8.0,2.67,11.11,18.1,5.0,1.67,6.94,11.31,40.28,44.44,-4.17,108.59,-3.0,-1.0,-4.17,15.91,5.3,0.42,0.49,0.5,0.2,0.88,0.12,0.5,0.28,0.79,0.5,1.39,0.0,0.11,6.94,0.31
2,新北國王,32|10873,奧帝/喬納森,1,7,10.0,88.34,1.47,01:28,88.34,1.47,01:28,4.0,4.0,40.0,97.8,5.0,5.0,50.0,122.25,1.0,1.0,10.0,24.45,1.0,1.0,10.0,24.45,0.0,0.0,0.0,0.0,0.0,0.0,0.0,0.0,1.0,1.0,10.0,24.45,1.0,1.0,10.0,24.45,2.0,2.0,20.0,48.9,1.0,1.0,10.0,24.45,0.0,0.0,0.0,0.0,1.0,1.0,10.0,24.45,3.0,3.0,30.0,73.35,1.0,1.0,10.0,24.45,1.0,1.0,10.0,24.45,2.0,2.0,20.0,48.9,1.0,1.0,10.0,24.45,0.0,0.0,0.0,0.0,0.0,0.0,0.0,0.0,2.0,2.0,20.0,48.9,40.0,50.0,-10.0,163.0,-1.0,-1.0,-10.0,1.47,1.47,1.5,1.06,,1.0,0.5,0.35,2.0,0.0,0.25,0.2,10.0,0.0,0.0,20.0,2.0
2,福爾摩沙夢想家,95|13906,李德威/班提爾,1,2,2.0,22.41,0.37,00:22,22.41,0.37,00:22,2.0,2.0,100.0,192.75,2.0,2.0,100.0,192.75,1.0,1.0,50.0,96.38,1.0,1.0,50.0,96.38,1.0,1.0,50.0,96.38,1.0,1.0,50.0,96.38,0.0,0.0,0.0,0.0,0.0,0.0,0.0,0.0,0.0,0.0,0.0,0.0,0.0,0.0,0.0,0.0,0.0,0.0,0.0,0.0,0.0,0.0,0.0,0.0,0.0,0.0,0.0,0.0,0.0,0.0,0.0,0.0,0.0,0.0,0.0,0.0,1.0,1.0,50.0,96.38,0.0,0.0,0.0,0.0,0.0,0.0,0.0,0.0,0.0,0.0,0.0,0.0,0.0,0.0,0.0,0.0,100.0,100.0,0.0,128.5,0.0,0.0,0.0,0.37,0.37,1.0,1.0,1.0,,,0.0,1.0,,,,0.0,0.0,0.0,0.0,0.0
2,新北國王,10871|10874,鍾理翔/熊祥泰,1,4,6.0,89.0,1.48,01:29,89.0,1.48,01:29,0.0,0.0,0.0,0.0,0.0,0.0,0.0,0.0,2.0,2.0,33.33,48.54,0.0,0.0,0.0,0.0,1.0,1.0,16.67,24.27,0.0,0.0,0.0,0.0,1.0,1.0,16.67,24.27,0.0,0.0,0.0,0.0,0.0,0.0,0.0,0.0,0.0,0.0,0.0,0.0,0.0,0.0,0.0,0.0,2.0,2.0,33.33,48.54,0.0,0.0,0.0,0.0,2.0,2.0,33.33,48.54,0.0,0.0,0.0,0.0,0.0,0.0,0.0,0.0,0.0,0.0,0.0,0.0,0.0,0.0,0.0,0.0,1.0,1.0,16.67,24.27,0.0,0.0,0.0,0.0,0.0,0.0,0.0,97.08,0.0,0.0,0.0,1.48,1.48,0.0,0.0,0.0,0.0,,0.0,,0.0,1.0,0.5,0.0,0.0,0.17,0.0,0.0
2,臺北台新戰神,10|10864,雷蒙恩/劉彥廷,1,18,25.0,321.51,5.36,05:22,321.51,5.36,05:22,12.0,12.0,48.0,80.62,11.0,11.0,44.0,73.9,5.0,5.0,20.0,33.59,3.0,3.0,12.0,20.16,2.0,2.0,8.0,13.44,2.0,2.0,8.0,13.44,3.0,3.0,12.0,20.16,1.0,1.0,4.0,6.72,7.0,7.0,28.0,47.03,5.0,5.0,20.0,33.59,0.0,0.0,0.0,0.0,3.0,3.0,12.0,20.16,3.0,3.0,12.0,20.16,4.0,4.0,16.0,26.87,3.0,3.0,12.0,20.16,0.0,0.0,0.0,0.0,3.0,3.0,12.0,20.16,0.0,0.0,0.0,0.0,4.0,4.0,16.0,26.87,2.0,2.0,8.0,13.44,48.0,44.0,4.0,111.97,1.0,1.0,4.0,5.36,5.36,0.7,0.74,1.0,0.33,0.71,0.27,0.0,0.0,0.5,0.3,12.0,0.0,0.16,8.0,1.4
2,臺北台新戰神,10864|10869,劉彥廷/基德,1,15,22.0,283.5,4.73,04:44,283.5,4.73,04:44,12.0,12.0,54.55,91.43,9.0,9.0,40.91,68.57,5.0,5.0,22.73,38.09,3.0,3.0,13.64,22.86,2.0,2.0,9.09,15.24,2.0,2.0,9.09,15.24,3.0,3.0,13.64,22.86,1.0,1.0,4.55,7.62,7.0,7.0,31.82,53.33,5.0,5.0,22.73,38.09,0.0,0.0,0.0,0.0,3.0,3.0,13.64,22.86,3.0,3.0,13.64,22.86,4.0,4.0,18.18,30.48,2.0,2.0,9.09,15.24,0.0,0.0,0.0,0.0,2.0,2.0,9.09,15.24,0.0,0.0,0.0,0.0,4.0,4.0,18.18,30.48,2.0,2.0,9.09,15.24,54.55,40.91,13.64,111.74,3.0,3.0,13.64,4.73,4.73,0.7,0.74,1.0,0.33,0.71,0.2,0.0,0.0,0.5,0.3,9.09,0.0,0.18,9.09,1.4
2,臺北台新戰神,1|10864,丁聖儒/劉彥廷,1,13,19.0,276.2,4.6,04:36,276.2,4.6,04:36,11.0,11.0,57.89,86.03,10.0,10.0,52.63,78.2,6.0,6.0,31.58,46.92,3.0,3.0,15.79,23.46,1.0,1.0,5.26,7.82,1.0,1.0,5.26,7.82,5.0,5.0,26.32,39.1,2.0,2.0,10.53,15.64,3.0,3.0,15.79,23.46,3.0,3.0,15.79,23.46,1.0,1.0,5.26,7.82,2.0,2.0,10.53,15.64,3.0,3.0,15.79,23.46,1.0,1.0,5.26,7.82,2.0,2.0,10.53,15.64,0.0,0.0,0.0,0.0,2.0,2.0,10.53,15.64,0.0,0.0,0.0,0.0,1.0,1.0,5.26,7.82,0.0,0.0,0.0,0.0,57.89,52.63,5.26,99.06,1.0,1.0,5.26,4.6,4.6,0.67,0.75,1.0,0.4,1.0,0.21,0.0,0.5,0.4,0.43,10.53,0.0,0.05,0.0,0.5
2,臺北台新戰神,14|10864,錢肯尼/劉彥廷,1,5,6.0,132.0,2.2,02:12,132.0,2.2,02:12,3.0,3.0,50.0,49.09,5.0,5.0,83.33,81.82,3.0,3.0,50.0,49.09,1.0,1.0,16.67,16.36,0.0,0.0,0.0,0.0,0.0,0.0,0.0,0.0,3.0,3.0,50.0,49.09,1.0,1.0,16.67,16.36,0.0,0.0,0.0,0.0,0.0,0.0,0.0,0.0,1.0,1.0,16.67,16.36,1.0,1.0,16.67,16.36,0.0,0.0,0.0,0.0,0.0,0.0,0.0,0.0,1.0,1.0,16.67,16.36,0.0,0.0,0.0,0.0,1.0,1.0,16.67,16.36,0.0,0.0,0.0,0.0,0.0,0.0,0.0,0.0,0.0,0.0,0.0,0.0,50.0,83.33,-33.33,65.45,-2.0,-2.0,-33.33,2.2,2.2,0.5,0.5,,0.33,,0.25,0.0,1.0,1.0,1.0,16.67,0.0,0.0,0.0,0.0
2,臺北台新戰神,1|13907,丁聖儒/梅克,2,188,215.0,3320.12,55.34,55:20,1660.06,27.67,27:40,123.0,61.5,57.21,80.02,108.0,54.0,50.23,70.26,78.0,39.0,36.28,50.75,39.0,19.5,18.14,25.37,31.0,15.5,14.42,20.17,17.0,8.5,7.91,11.06,47.0,23.5,21.86,30.58,22.0,11.0,10.23,14.31,30.0,15.0,13.95,19.52,24.0,12.0,11.16,15.61,9.0,4.5,4.19,5.86,30.0,15.0,13.95,19.52,13.0,6.5,6.05,8.46,36.0,18.0,16.74,23.42,14.0,7.0,6.51,9.11,31.0,15.5,14.42,20.17,8.0,4.0,3.72,5.2,3.0,1.5,1.4,1.95,26.0,13.0,12.09,16.92,29.0,14.5,13.49,18.87,57.21,50.23,6.98,93.25,15.0,7.5,6.98,55.34,27.67,0.64,0.67,0.55,0.47,0.8,0.13,0.79,0.2,0.7,0.44,3.72,1.4,0.12,13.49,0.38
2,臺北台新戰神,10|13907,雷蒙恩/梅克,2,162,184.0,3336.38,55.61,55:36,1668.19,27.8,27:48,114.0,57.0,61.96,73.8,96.0,48.0,52.17,62.15,67.0,33.5,36.41,43.38,37.0,18.5,20.11,23.95,26.0,13.0,14.13,16.83,14.0,7.0,7.61,9.06,41.0,20.5,22.28,26.54,23.0,11.5,12.5,14.89,20.0,10.0,10.87,12.95,17.0,8.5,9.24,11.01,7.0,3.5,3.8,4.53,23.0,11.5,12.5,14.89,12.0,6.0,6.52,7.77,26.0,13.0,14.13,16.83,9.0,4.5,4.89,5.83,27.0,13.5,14.67,17.48,5.0,2.5,2.72,3.24,1.0,0.5,0.54,0.65,17.0,8.5,9.24,11.01,21.0,10.5,11.41,13.6,61.96,52.17,9.78,79.42,18.0,9.0,9.78,55.61,27.8,0.72,0.75,0.54,0.56,0.85,0.11,0.73,0.21,0.66,0.44,2.72,0.54,0.09,11.41,0.3
2,臺北台新戰神,14|13907,錢肯尼/梅克,2,133,153.0,2182.23,36.37,36:22,1091.11,18.19,18:11,78.0,39.0,50.98,77.21,72.0,36.0,47.06,71.27,52.0,26.0,33.99,51.47,25.0,12.5,16.34,24.75,21.0,10.5,13.73,20.79,10.0,5.0,6.54,9.9,31.0,15.5,20.26,30.68,15.0,7.5,9.8,14.85,18.0,9.0,11.76,17.82,13.0,6.5,8.5,12.87,6.0,3.0,3.92,5.94,21.0,10.5,13.73,20.79,11.0,5.5,7.19,10.89,23.0,11.5,15.03,22.77,11.0,5.5,7.19,10.89,20.0,10.0,13.07,19.8,6.0,3.0,3.92,5.94,0.0,0.0,0.0,0.0,18.0,9.0,11.76,17.82,15.0,7.5,9.8,14.85,50.98,47.06,3.92,100.96,6.0,3.0,3.92,36.37,18.19,0.62,0.65,0.48,0.48,0.72,0.16,0.8,0.21,0.66,0.44,3.92,0.0,0.12,9.8,0.35
2,臺北台新戰神,10869|13907,基德/梅克,2,186,210.0,3713.17,61.89,61:53,1856.59,30.94,30:57,126.0,63.0,60.0,73.3,102.0,51.0,48.57,59.33,74.0,37.0,35.24,43.05,41.0,20.5,19.52,23.85,31.0,15.5,14.76,18.03,20.0,10.0,9.52,11.63,43.0,21.5,20.48,25.01,21.0,10.5,10.0,12.22,28.0,14.0,13.33,16.29,23.0,11.5,10.95,13.38,6.0,3.0,2.86,3.49,26.0,13.0,12.38,15.12,14.0,7.0,6.67,8.14,36.0,18.0,17.14,20.94,14.0,7.0,6.67,8.14,32.0,16.0,15.24,18.61,8.0,4.0,3.81,4.65,3.0,1.5,1.43,1.75,24.0,12.0,11.43,13.96,21.0,10.5,10.0,12.22,60.0,48.57,11.43,81.44,24.0,12.0,11.43,61.89,30.94,0.7,0.73,0.65,0.49,0.82,0.14,0.78,0.14,0.65,0.39,3.81,1.43,0.11,10.0,0.38
2,臺北台新戰神,5|13907,黃聰翰/梅克,2,137,151.0,2876.97,47.95,47:57,1438.49,23.97,23:58,90.0,45.0,59.6,67.57,73.0,36.5,48.34,54.81,54.0,27.0,35.76,40.54,30.0,15.0,19.87,22.52,20.0,10.0,13.25,15.02,15.0,7.5,9.93,11.26,34.0,17.0,22.52,25.53,15.0,7.5,9.93,11.26,18.0,9.0,11.92,13.51,15.0,7.5,9.93,11.26,4.0,2.0,2.65,3.0,20.0,10.0,13.25,15.02,7.0,3.5,4.64,5.26,31.0,15.5,20.53,23.27,11.0,5.5,7.28,8.26,19.0,9.5,12.58,14.26,6.0,3.0,3.97,4.5,2.0,1.0,1.32,1.5,15.0,7.5,9.93,11.26,20.0,10.0,13.25,15.02,59.6,48.34,11.26,75.58,17.0,8.5,11.26,47.95,23.97,0.69,0.73,0.75,0.44,0.83,0.15,0.63,0.11,0.74,0.39,3.97,1.32,0.1,13.25,0.33
2,臺北台新戰神,10865|13907,謝銘駿/梅克,2,57,69.0,1590.4,26.51,26:30,795.2,13.25,13:15,48.0,24.0,69.57,65.19,40.0,20.0,57.97,54.33,22.0,11.0,31.88,29.88,14.0,7.0,20.29,19.01,12.0,6.0,17.39,16.3,8.0,4.0,11.59,10.87,10.0,5.0,14.49,13.58,6.0,3.0,8.7,8.15,14.0,7.0,20.29,19.01,14.0,7.0,20.29,19.01,2.0,1.0,2.9,2.72,6.0,3.0,8.7,8.15,6.0,3.0,8.7,8.15,11.0,5.5,15.94,14.94,2.0,1.0,2.9,2.72,6.0,3.0,8.7,8.15,2.0,1.0,2.9,2.72,2.0,1.0,2.9,2.72,8.0,4.0,11.59,10.87,18.0,9.0,26.09,24.45,69.57,57.97,11.59,62.47,8.0,4.0,11.59,26.51,13.25,0.77,0.85,0.67,0.6,1.0,0.07,0.43,0.15,0.5,0.32,2.9,2.9,0.12,26.09,0.64
2,臺北台新戰神,3|13907,陳文宏/梅克,1,17,20.0,302.61,5.04,05:03,302.61,5.04,05:03,7.0,7.0,35.0,49.96,7.0,7.0,35.0,49.96,5.0,5.0,25.0,35.69,2.0,2.0,10.0,14.28,3.0,3.0,15.0,21.41,2.0,2.0,10.0,14.28,2.0,2.0,10.0,14.28,0.0,0.0,0.0,0.0,6.0,6.0,30.0,42.83,5.0,5.0,25.0,35.69,1.0,1.0,5.0,7.14,2.0,2.0,10.0,14.28,0.0,0.0,0.0,0.0,1.0,1.0,5.0,7.14,2.0,2.0,10.0,14.28,0.0,0.0,0.0,0.0,2.0,2.0,10.0,14.28,1.0,1.0,5.0,7.14,3.0,3.0,15.0,21.41,4.0,4.0,20.0,28.55,35.0,35.0,0.0,95.17,0.0,0.0,0.0,5.04,5.04,0.4,0.46,0.67,0.0,0.83,0.21,0.0,0.5,1.0,0.75,10.0,5.0,0.15,20.0,1.2
2,臺北台新戰神,10863|13907,魏芃禾/梅克,2,24,29.0,415.5,6.93,06:56,207.75,3.46,03:28,11.0,5.5,37.93,57.18,9.0,4.5,31.03,46.79,8.0,4.0,27.59,41.59,3.0,1.5,10.34,15.6,4.0,2.0,13.79,20.79,3.0,1.5,10.34,15.6,4.0,2.0,13.79,20.79,0.0,0.0,0.0,0.0,4.0,2.0,13.79,20.79,4.0,2.0,13.79,20.79,1.0,0.5,3.45,5.2,4.0,2.0,13.79,20.79,3.0,1.5,10.34,15.6,5.0,2.5,17.24,25.99,3.0,1.5,10.34,15.6,0.0,0.0,0.0,0.0,2.0,1.0,6.9,10.4,0.0,0.0,0.0,0.0,3.0,1.5,10.34,15.6,2.0,1.0,6.9,10.4,37.93,31.03,6.9,100.5,2.0,1.0,6.9,6.93,3.46,0.38,0.56,0.75,0.0,1.0,0.24,0.0,0.17,0.57,0.38,6.9,0.0,0.1,6.9,0.5
2,臺北台新戰神,13400|13907,史東/梅克,2,36,45.0,674.94,11.25,11:15,337.47,5.62,05:37,19.0,9.5,42.22,60.81,17.0,8.5,37.78,54.41,16.0,8.0,35.56,51.2,5.0,2.5,11.11,16.0,8.0,4.0,17.78,25.6,3.0,1.5,6.67,9.6,8.0,4.0,17.78,25.6,2.0,1.0,4.44,6.4,6.0,3.0,13.33,19.2,5.0,2.5,11.11,16.0,4.0,2.0,8.89,12.8,8.0,4.0,17.78,25.6,2.0,1.0,4.44,6.4,7.0,3.5,15.56,22.4,2.0,1.0,4.44,6.4,1.0,0.5,2.22,3.2,1.0,0.5,2.22,3.2,0.0,0.0,0.0,0.0,6.0,3.0,13.33,19.2,10.0,5.0,22.22,32.0,42.22,37.78,4.44,96.01,2.0,1.0,4.44,11.25,5.62,0.38,0.51,0.38,0.25,0.83,0.1,0.2,0.36,0.8,0.57,2.22,0.0,0.13,22.22,0.38
2,高雄全家海神,51|14037,克力斯/奧迪傑,1,49,55.0,848.4,14.14,14:08,848.4,14.14,14:08,27.0,27.0,49.09,68.74,27.0,27.0,49.09,68.74,22.0,22.0,40.0,56.01,11.0,11.0,20.0,28.01,13.0,13.0,23.64,33.1,7.0,7.0,12.73,17.82,9.0,9.0,16.36,22.91,4.0,4.0,7.27,10.18,2.0,2.0,3.64,5.09,1.0,1.0,1.82,2.55,4.0,4.0,7.27,10.18,7.0,7.0,12.73,17.82,2.0,2.0,3.64,5.09,8.0,8.0,14.55,20.37,6.0,6.0,10.91,15.28,6.0,6.0,10.91,15.28,5.0,5.0,9.09,12.73,0.0,0.0,0.0,0.0,5.0,5.0,9.09,12.73,2.0,2.0,3.64,5.09,49.09,49.09,0.0,93.35,0.0,0.0,0.0,14.14,14.14,0.59,0.59,0.54,0.44,0.5,0.21,0.55,0.33,0.78,0.52,9.09,0.0,0.09,3.64,0.09
2,高雄全家海神,109|14037,于煥亞/奧迪傑,1,54,63.0,870.17,14.5,14:30,870.17,14.5,14:30,31.0,31.0,49.21,76.95,28.0,28.0,44.44,69.5,24.0,24.0,38.1,59.57,13.0,13.0,20.63,32.27,17.0,17.0,26.98,42.2,9.0,9.0,14.29,22.34,7.0,7.0,11.11,17.38,4.0,4.0,6.35,9.93,2.0,2.0,3.17,4.96,1.0,1.0,1.59,2.48,5.0,5.0,7.94,12.41,6.0,6.0,9.52,14.89,3.0,3.0,4.76,7.45,8.0,8.0,12.7,19.86,8.0,8.0,12.7,19.86,7.0,7.0,11.11,17.38,6.0,6.0,9.52,14.89,0.0,0.0,0.0,0.0,5.0,5.0,7.94,12.41,0.0,0.0,0.0,0.0,49.21,44.44,4.76,104.26,3.0,3.0,4.76,14.5,14.5,0.62,0.62,0.53,0.57,0.5,0.24,0.54,0.38,0.67,0.5,9.52,0.0,0.08,0.0,0.08
2,高雄全家海神,111|14037,唐維傑/奧迪傑,1,69,79.0,1114.51,18.58,18:35,1114.51,18.58,18:35,45.0,45.0,56.96,87.21,38.0,38.0,48.1,73.65,34.0,34.0,43.04,65.89,19.0,19.0,24.05,36.82,24.0,24.0,30.38,46.51,14.0,14.0,17.72,27.13,10.0,10.0,12.66,19.38,5.0,5.0,6.33,9.69,4.0,4.0,5.06,7.75,2.0,2.0,2.53,3.88,6.0,6.0,7.59,11.63,9.0,9.0,11.39,17.44,3.0,3.0,3.8,5.81,11.0,11.0,13.92,21.32,6.0,6.0,7.59,11.63,10.0,10.0,12.66,19.38,5.0,5.0,6.33,9.69,0.0,0.0,0.0,0.0,8.0,8.0,10.13,15.5,0.0,0.0,0.0,0.0,56.96,48.1,8.86,102.07,7.0,7.0,8.86,18.58,18.58,0.63,0.63,0.58,0.5,0.5,0.14,0.53,0.35,0.75,0.52,6.33,0.0,0.1,0.0,0.12
2,高雄全家海神,122|14037,陳懷安/奧迪傑,1,79,90.0,1204.38,20.07,20:04,1204.38,20.07,20:04,50.0,50.0,55.56,89.67,44.0,44.0,48.89,78.91,33.0,33.0,36.67,59.18,19.0,19.0,21.11,34.08,23.0,23.0,25.56,41.25,13.0,13.0,14.44,23.31,10.0,10.0,11.11,17.93,6.0,6.0,6.67,10.76,9.0,9.0,10.0,16.14,6.0,6.0,6.67,10.76,5.0,5.0,5.56,8.97,9.0,9.0,10.0,16.14,2.0,2.0,2.22,3.59,9.0,9.0,10.0,16.14,9.0,9.0,10.0,16.14,11.0,11.0,12.22,19.73,7.0,7.0,7.78,12.55,0.0,0.0,0.0,0.0,11.0,11.0,12.22,19.73,2.0,2.0,2.22,3.59,55.56,48.89,6.67,107.61,6.0,6.0,6.67,20.07,20.07,0.67,0.68,0.57,0.6,0.67,0.2,0.58,0.36,0.82,0.56,7.78,0.0,0.12,2.22,0.27
2,高雄全家海神,45|14037,施晉堯/奧迪傑,1,41,44.0,561.86,9.36,09:22,561.86,9.36,09:22,15.0,15.0,34.09,57.67,32.0,32.0,72.73,123.02,11.0,11.0,25.0,42.29,5.0,5.0,11.36,19.22,6.0,6.0,13.64,23.07,4.0,4.0,9.09,15.38,5.0,5.0,11.36,19.22,1.0,1.0,2.27,3.84,5.0,5.0,11.36,19.22,4.0,4.0,9.09,15.38,0.0,0.0,0.0,0.0,6.0,6.0,13.64,23.07,0.0,0.0,0.0,0.0,2.0,2.0,4.55,7.69,8.0,8.0,18.18,30.75,2.0,2.0,4.55,7.69,5.0,5.0,11.36,19.22,0.0,0.0,0.0,0.0,4.0,4.0,9.09,15.38,2.0,2.0,4.55,7.69,34.09,72.73,-38.64,112.77,-17.0,-17.0,-38.64,9.36,9.36,0.5,0.57,0.67,0.2,0.8,0.38,0.4,0.0,1.0,0.75,11.36,0.0,0.09,4.55,0.45
2,高雄全家海神,121|14037,吳曉謹/奧迪傑,1,23,25.0,317.92,5.3,05:18,317.92,5.3,05:18,5.0,5.0,20.0,33.97,16.0,16.0,64.0,108.71,6.0,6.0,24.0,40.77,2.0,2.0,8.0,13.59,3.0,3.0,12.0,20.38,2.0,2.0,8.0,13.59,3.0,3.0,12.0,20.38,0.0,0.0,0.0,0.0,2.0,2.0,8.0,13.59,1.0,1.0,4.0,6.79,1.0,1.0,4.0,6.79,3.0,3.0,12.0,20.38,1.0,1.0,4.0,6.79,2.0,2.0,8.0,13.59,6.0,6.0,24.0,40.77,2.0,2.0,8.0,13.59,4.0,4.0,16.0,27.18,0.0,0.0,0.0,0.0,2.0,2.0,8.0,13.59,2.0,2.0,8.0,13.59,20.0,64.0,-44.0,113.24,-11.0,-11.0,-44.0,5.3,5.3,0.33,0.36,0.67,0.0,0.5,0.47,1.0,0.33,0.75,0.57,16.0,0.0,0.08,8.0,0.33
2,高雄全家海神,12668|14037,歐提斯/奧迪傑,1,67,75.0,916.43,15.27,15:16,916.43,15.27,15:16,33.0,33.0,44.0,77.78,49.0,49.0,65.33,115.49,22.0,22.0,29.33,51.85,13.0,13.0,17.33,30.64,17.0,17.0,22.67,40.07,11.0,11.0,14.67,25.93,5.0,5.0,6.67,11.78,2.0,2.0,2.67,4.71,7.0,7.0,9.33,16.5,5.0,5.0,6.67,11.78,2.0,2.0,2.67,4.71,7.0,7.0,9.33,16.5,2.0,2.0,2.67,4.71,6.0,6.0,8.0,14.14,11.0,11.0,14.67,25.93,6.0,6.0,8.0,14.14,7.0,7.0,9.33,16.5,0.0,0.0,0.0,0.0,9.0,9.0,12.0,21.21,2.0,2.0,2.67,4.71,44.0,65.33,-21.33,117.85,-16.0,-16.0,-21.33,15.27,15.27,0.64,0.66,0.65,0.4,0.71,0.3,0.46,0.25,0.78,0.53,9.33,0.0,0.12,2.67,0.32
2,高雄全家海神,13275|14037,吳彥侖/奧迪傑,1,28,33.0,430.86,7.18,07:11,430.86,7.18,07:11,10.0,10.0,30.3,50.13,20.0,20.0,60.61,100.27,10.0,10.0,30.3,50.13,4.0,4.0,12.12,20.05,6.0,6.0,18.18,30.08,4.0,4.0,12.12,20.05,4.0,4.0,12.12,20.05,0.0,0.0,0.0,0.0,2.0,2.0,6.06,10.03,2.0,2.0,6.06,10.03,2.0,2.0,6.06,10.03,4.0,4.0,12.12,20.05,3.0,3.0,9.09,15.04,3.0,3.0,9.09,15.04,5.0,5.0,15.15,25.07,2.0,2.0,6.06,10.03,3.0,3.0,9.09,15.04,0.0,0.0,0.0,0.0,2.0,2.0,6.06,10.03,0.0,0.0,0.0,0.0,30.3,60.61,-30.3,110.29,-10.0,-10.0,-30.3,7.18,7.18,0.4,0.46,0.67,0.0,1.0,0.31,0.5,0.4,0.57,0.5,9.09,0.0,0.06,0.0,0.2
2,高雄全家海神,110|14037,胡瓏貿/奧迪傑,1,32,35.0,440.6,7.34,07:21,440.6,7.34,07:21,20.0,20.0,57.14,98.05,25.0,25.0,71.43,122.56,9.0,9.0,25.71,44.12,7.0,7.0,20.0,34.32,6.0,6.0,17.14,29.41,5.0,5.0,14.29,24.51,3.0,3.0,8.57,14.71,2.0,2.0,5.71,9.8,5.0,5.0,14.29,24.51,4.0,4.0,11.43,19.61,0.0,0.0,0.0,0.0,2.0,2.0,5.71,9.8,0.0,0.0,0.0,0.0,2.0,2.0,5.71,9.8,5.0,5.0,14.29,24.51,3.0,3.0,8.57,14.71,3.0,3.0,8.57,14.71,0.0,0.0,0.0,0.0,7.0,7.0,20.0,34.32,2.0,2.0,5.71,9.8,57.14,71.43,-14.29,114.39,-5.0,-5.0,-14.29,7.34,7.34,0.89,0.89,0.83,0.67,0.8,0.31,0.43,0.0,1.0,0.5,8.57,0.0,0.2,5.71,0.56
2,高雄全家海神,108|13275,魏莨哲/吳彥侖,1,22,27.0,378.0,6.3,06:18,378.0,6.3,06:18,8.0,8.0,29.63,45.71,17.0,17.0,62.96,97.14,8.0,8.0,29.63,45.71,3.0,3.0,11.11,17.14,6.0,6.0,22.22,34.29,3.0,3.0,11.11,17.14,2.0,2.0,7.41,11.43,0.0,0.0,0.0,0.0,2.0,2.0,7.41,11.43,2.0,2.0,7.41,11.43,1.0,1.0,3.7,5.71,4.0,4.0,14.81,22.86,4.0,4.0,14.81,22.86,4.0,4.0,14.81,22.86,2.0,2.0,7.41,11.43,1.0,1.0,3.7,5.71,1.0,1.0,3.7,5.71,1.0,1.0,3.7,5.71,1.0,1.0,3.7,5.71,0.0,0.0,0.0,0.0,29.63,62.96,-33.33,102.86,-9.0,-9.0,-33.33,6.3,6.3,0.38,0.45,0.5,0.0,1.0,0.18,0.33,0.2,0.5,0.38,3.7,3.7,0.04,0.0,0.25
2,高雄全家海神,108|14037,魏莨哲/奧迪傑,1,26,31.0,430.0,7.17,07:10,430.0,7.17,07:10,12.0,12.0,38.71,60.28,19.0,19.0,61.29,95.44,12.0,12.0,38.71,60.28,5.0,5.0,16.13,25.12,9.0,9.0,29.03,45.21,5.0,5.0,16.13,25.12,3.0,3.0,9.68,15.07,0.0,0.0,0.0,0.0,2.0,2.0,6.45,10.05,2.0,2.0,6.45,10.05,2.0,2.0,6.45,10.05,5.0,5.0,16.13,25.12,3.0,3.0,9.68,15.07,4.0,4.0,12.9,20.09,1.0,1.0,3.23,5.02,2.0,2.0,6.45,10.05,1.0,1.0,3.23,5.02,0.0,0.0,0.0,0.0,2.0,2.0,6.45,10.05,0.0,0.0,0.0,0.0,38.71,61.29,-22.58,103.81,-7.0,-7.0,-22.58,7.17,7.17,0.42,0.47,0.56,0.0,1.0,0.07,0.4,0.33,0.62,0.5,3.23,0.0,0.06,0.0,0.17
2,高雄全家海神,116|14037,呂威霆/奧迪傑,1,45,51.0,721.6,12.03,12:02,721.6,12.03,12:02,16.0,16.0,31.37,47.89,34.0,34.0,66.67,101.77,19.0,19.0,37.25,56.87,7.0,7.0,13.73,20.95,11.0,11.0,21.57,32.93,7.0,7.0,13.73,20.95,8.0,8.0,15.69,23.95,0.0,0.0,0.0,0.0,2.0,2.0,3.92,5.99,2.0,2.0,3.92,5.99,3.0,3.0,5.88,8.98,9.0,9.0,17.65,26.94,3.0,3.0,5.88,8.98,6.0,6.0,11.76,17.96,5.0,5.0,9.8,14.97,3.0,3.0,5.88,8.98,4.0,4.0,7.84,11.97,0.0,0.0,0.0,0.0,3.0,3.0,5.88,8.98,2.0,2.0,3.92,5.99,31.37,66.67,-35.29,101.77,-18.0,-18.0,-35.29,12.03,12.03,0.37,0.4,0.64,0.0,1.0,0.2,0.43,0.33,0.75,0.57,7.84,0.0,0.06,3.92,0.11
2,高雄全家海神,10891|14037,廖偉皓/奧迪傑,1,23,27.0,386.6,6.44,06:27,386.6,6.44,06:27,8.0,8.0,29.63,44.7,16.0,16.0,59.26,89.4,10.0,10.0,37.04,55.87,3.0,3.0,11.11,16.76,5.0,5.0,18.52,27.94,3.0,3.0,11.11,16.76,5.0,5.0,18.52,27.94,0.0,0.0,0.0,0.0,2.0,2.0,7.41,11.17,2.0,2.0,7.41,11.17,2.0,2.0,7.41,11.17,5.0,5.0,18.52,27.94,2.0,2.0,7.41,11.17,3.0,3.0,11.11,16.76,2.0,2.0,7.41,11.17,2.0,2.0,7.41,11.17,2.0,2.0,7.41,11.17,0.0,0.0,0.0,0.0,2.0,2.0,7.41,11.17,2.0,2.0,7.41,11.17,29.63,59.26,-29.63,100.57,-8.0,-8.0,-29.63,6.44,6.44,0.3,0.37,0.6,0.0,1.0,0.16,0.67,0.4,0.71,0.58,7.41,0.0,0.07,7.41,0.2
2,福爾摩沙夢想家,83|13906,吳家駿/班提爾,1,48,64.0,717.2,11.95,11:57,717.2,11.95,11:57,25.0,25.0,39.06,75.29,20.0,20.0,31.25,60.23,24.0,24.0,37.5,72.28,9.0,9.0,14.06,27.11,15.0,15.0,23.44,45.18,7.0,7.0,10.94,21.08,9.0,9.0,14.06,27.11,2.0,2.0,3.12,6.02,7.0,7.0,10.94,21.08,5.0,5.0,7.81,15.06,6.0,6.0,9.38,18.07,11.0,11.0,17.19,33.13,7.0,7.0,10.94,21.08,9.0,9.0,14.06,27.11,3.0,3.0,4.69,9.04,5.0,5.0,7.81,15.06,0.0,0.0,0.0,0.0,0.0,0.0,0.0,0.0,5.0,5.0,7.81,15.06,11.0,11.0,17.19,33.13,39.06,31.25,7.81,128.5,5.0,5.0,7.81,11.95,11.95,0.42,0.46,0.47,0.22,0.71,0.1,0.56,0.4,0.61,0.52,0.0,0.0,0.08,17.19,0.29
2,新北國王,22|14038,簡祐哲/飛米,1,90,109.0,1537.84,25.63,25:38,1537.84,25.63,25:38,43.0,43.0,39.45,60.4,40.0,40.0,36.7,56.18,42.0,42.0,38.53,58.99,15.0,15.0,13.76,21.07,23.0,23.0,21.1,32.31,8.0,8.0,7.34,11.24,19.0,19.0,17.43,26.69,7.0,7.0,6.42,9.83,8.0,8.0,7.34,11.24,6.0,6.0,5.5,8.43,8.0,8.0,7.34,11.24,20.0,20.0,18.35,28.09,8.0,8.0,7.34,11.24,22.0,22.0,20.18,30.9,9.0,9.0,8.26,12.64,9.0,9.0,8.26,12.64,5.0,5.0,4.59,7.02,1.0,1.0,0.92,1.4,11.0,11.0,10.09,15.45,9.0,9.0,8.26,12.64,39.45,36.7,2.75,102.07,3.0,3.0,2.75,25.63,25.63,0.44,0.47,0.35,0.37,0.75,0.17,0.6,0.27,0.71,0.48,4.59,0.92,0.1,8.26,0.19
2,新北國王,28|14038,呂政儒/飛米,1,65,78.0,976.79,16.28,16:17,976.79,16.28,16:17,37.0,37.0,47.44,81.82,36.0,36.0,46.15,79.61,30.0,30.0,38.46,66.34,13.0,13.0,16.67,28.75,18.0,18.0,23.08,39.8,8.0,8.0,10.26,17.69,12.0,12.0,15.38,26.54,5.0,5.0,6.41,11.06,8.0,8.0,10.26,17.69,6.0,6.0,7.69,13.27,5.0,5.0,6.41,11.06,13.0,13.0,16.67,28.75,5.0,5.0,6.41,11.06,13.0,13.0,16.67,28.75,4.0,4.0,5.13,8.85,6.0,6.0,7.69,13.27,2.0,2.0,2.56,4.42,1.0,1.0,1.28,2.21,5.0,5.0,6.41,11.06,4.0,4.0,5.13,8.85,47.44,46.15,1.28,114.99,1.0,1.0,1.28,16.28,16.28,0.52,0.55,0.44,0.42,0.75,0.11,0.46,0.28,0.72,0.5,2.56,1.28,0.06,5.13,0.27
2,新北國王,29|14038,林書緯/飛米,1,142,162.0,2188.53,36.48,36:29,2188.53,36.48,36:29,71.0,71.0,43.83,70.07,65.0,65.0,40.12,64.15,59.0,59.0,36.42,58.23,25.0,25.0,15.43,24.67,33.0,33.0,20.37,32.57,13.0,13.0,8.02,12.83,26.0,26.0,16.05,25.66,12.0,12.0,7.41,11.84,13.0,13.0,8.02,12.83,9.0,9.0,5.56,8.88,7.0,7.0,4.32,6.91,29.0,29.0,17.9,28.62,6.0,6.0,3.7,5.92,34.0,34.0,20.99,33.56,14.0,14.0,8.64,13.82,14.0,14.0,8.64,13.82,7.0,7.0,4.32,6.91,1.0,1.0,0.62,0.99,15.0,15.0,9.26,14.8,18.0,18.0,11.11,17.77,43.83,40.12,3.7,106.59,6.0,6.0,3.7,36.48,36.48,0.53,0.55,0.39,0.46,0.69,0.18,0.56,0.17,0.83,0.47,4.32,0.62,0.09,11.11,0.22
2,新北國王,10875|14038,傑登/飛米,1,85,106.0,1415.06,23.58,23:35,1415.06,23.58,23:35,43.0,43.0,40.57,65.64,52.0,52.0,49.06,79.37,40.0,40.0,37.74,61.06,15.0,15.0,14.15,22.9,23.0,23.0,21.7,35.11,9.0,9.0,8.49,13.74,17.0,17.0,16.04,25.95,6.0,6.0,5.66,9.16,8.0,8.0,7.55,12.21,7.0,7.0,6.6,10.69,7.0,7.0,6.6,10.69,19.0,19.0,17.92,29.0,9.0,9.0,8.49,13.74,15.0,15.0,14.15,22.9,7.0,7.0,6.6,10.69,8.0,8.0,7.55,12.21,4.0,4.0,3.77,6.11,1.0,1.0,0.94,1.53,9.0,9.0,8.49,13.74,10.0,10.0,9.43,15.26,40.57,49.06,-8.49,107.87,-9.0,-9.0,-8.49,23.58,23.58,0.45,0.49,0.39,0.35,0.88,0.14,0.53,0.32,0.68,0.52,3.77,0.94,0.08,9.43,0.2
2,新北國王,32|14038,奧帝/飛米,1,69,74.0,1086.12,18.1,18:06,1086.12,18.1,18:06,38.0,38.0,51.35,75.57,18.0,18.0,24.32,35.8,27.0,27.0,36.49,53.7,14.0,14.0,18.92,27.84,14.0,14.0,18.92,27.84,6.0,6.0,8.11,11.93,13.0,13.0,17.57,25.85,8.0,8.0,10.81,15.91,5.0,5.0,6.76,9.94,2.0,2.0,2.7,3.98,3.0,3.0,4.05,5.97,11.0,11.0,14.86,21.88,0.0,0.0,0.0,0.0,21.0,21.0,28.38,41.76,8.0,8.0,10.81,15.91,8.0,8.0,10.81,15.91,4.0,4.0,5.41,7.95,0.0,0.0,0.0,0.0,7.0,7.0,9.46,13.92,8.0,8.0,10.81,15.91,51.35,24.32,27.03,98.11,20.0,20.0,27.03,18.1,18.1,0.67,0.65,0.43,0.62,0.4,0.22,0.57,0.12,1.0,0.4,5.41,0.0,0.09,10.81,0.19
2,新北國王,10872|14038,林彥廷/飛米,1,110,123.0,1825.56,30.43,30:26,1825.56,30.43,30:26,61.0,61.0,49.59,72.17,46.0,46.0,37.4,54.43,45.0,45.0,36.59,53.24,22.0,22.0,17.89,26.03,23.0,23.0,18.7,27.21,10.0,10.0,8.13,11.83,22.0,22.0,17.89,26.03,12.0,12.0,9.76,14.2,9.0,9.0,7.32,10.65,5.0,5.0,4.07,5.92,5.0,5.0,4.07,5.92,20.0,20.0,16.26,23.66,4.0,4.0,3.25,4.73,26.0,26.0,21.14,30.76,11.0,11.0,8.94,13.02,13.0,13.0,10.57,15.38,6.0,6.0,4.88,7.1,0.0,0.0,0.0,0.0,10.0,10.0,8.13,11.83,14.0,14.0,11.38,16.56,49.59,37.4,12.2,97.02,15.0,15.0,12.2,30.43,30.43,0.62,0.62,0.43,0.55,0.56,0.18,0.59,0.16,0.83,0.45,4.88,0.0,0.08,11.38,0.2
2,新北國王,10874|14038,熊祥泰/飛米,1,55,68.0,974.82,16.25,16:15,974.82,16.25,16:15,31.0,31.0,45.59,68.69,23.0,23.0,33.82,50.96,25.0,25.0,36.76,55.4,12.0,12.0,17.65,26.59,14.0,14.0,20.59,31.02,6.0,6.0,8.82,13.29,11.0,11.0,16.18,24.37,6.0,6.0,8.82,13.29,1.0,1.0,1.47,2.22,1.0,1.0,1.47,2.22,5.0,5.0,7.35,11.08,8.0,8.0,11.76,17.73,4.0,4.0,5.88,8.86,13.0,13.0,19.12,28.81,7.0,7.0,10.29,15.51,6.0,6.0,8.82,13.29,4.0,4.0,5.88,8.86,0.0,0.0,0.0,0.0,7.0,7.0,10.29,15.51,9.0,9.0,13.24,19.94,45.59,33.82,11.76,100.45,8.0,8.0,11.76,16.25,16.25,0.6,0.61,0.43,0.55,1.0,0.22,0.5,0.28,0.67,0.43,5.88,0.0,0.1,13.24,0.04
