lineup_size,team_name,lineup_player_ids,lineup_player_names,games_used,stint_count,possessions,sec_played,min_played,min_played_str,sec_per_game,min_per_game,min_per_game_str,PTS,PTS_per_game,PTS_per100,PTS_per36,PTS_allowed,PTS_allowed_per_game,PTS_allowed_per100,PTS_allowed_per36,FGA,FGA_per_game,FGA_per100,FGA_per36,FGM,FGM_per_game,FGM_per100,FGM_per36,2PA,2PA_per_game,2PA_per100,2PA_per36,2PM,2PM_per_game,2PM_per100,2PM_per36,3PA,3PA_per_game,3PA_per100,3PA_per36,3PM,3PM_per_game,3PM_per100,3PM_per36,FTA,FTA_per_game,FTA_per100,FTA_per36,FTM,FTM_per_game,FTM_per100,FTM_per36,ORB,ORB_per_game,ORB_per100,ORB_per36,DRB,DRB_per_game,DRB_per100,DRB_per36,ORB_allowed,ORB_allowed_per_game,ORB_allowed_per100,ORB_allowed_per36,DRB_allowed,DRB_allowed_per_game,DRB_allowed_per100,DRB_allowed_per36,TOV,TOV_per_game,TOV_per100,TOV_per36,AST,AST_per_game,AST_per100,AST_per36,STL,STL_per_game,STL_per100,STL_per36,BLK,BLK_per_game,BLK_per100,BLK_per36,Fouls,Fouls_per_game,Fouls_per100,Fouls_per36,FT_allowed,FT_allowed_per_game,FT_allowed_per100,FT_allowed_per36,ORtg,DRtg,NetRtg,PACE,PM_total,PM_per_game,PM_per100,MIN_total,MIN_per_game,eFG,TS,FG2_pct,FG3_pct,FT_pct,TOV_pct,AST_ratio,ORB_pct,DRB_pct,TRB_pct,STL_pct,BLK_pct,Foul_per_poss,FT_allowed_rate_per100,FT_rate
2,新北國王,21|25,李愷諺/林金榜,14,379,464.0,5921.76,98.7,98:42,422.98,7.05,07:03,198.0,14.14,42.67,72.22,172.0,12.29,37.07,62.74,170.0,12.14,36.64,62.01,68.0,4.86,14.66,24.8,95.0,6.79,20.47,34.65,47.0,3.36,10.13,17.14,75.0,5.36,16.16,27.36,21.0,1.5,4.53,7.66,56.0,4.0,12.07,20.43,42.0,3.0,9.05,15.32,42.0,3.0,9.05,15.32,69.0,4.93,14.87,25.17,27.0,1.93,5.82,9.85,79.0,5.64,17.03,28.82,38.0,2.71,8.19,13.86,41.0,2.93,8.84,14.96,26.0,1.86,5.6,9.48,9.0,0.64,1.94,3.28,49.0,3.5,10.56,17.87,42.0,3.0,9.05,15.32,42.67,37.07,5.6,112.83,26.0,1.86,5.6,98.7,7.05,0.46,0.51,0.49,0.28,0.75,0.16,0.6,0.35,0.72,0.51,5.6,1.94,0.11,9.05,0.33
2,新北國王,21|29,李愷諺/林書緯,17,1299,1533.0,20462.7,341.04,341:03,1203.69,20.06,20:04,686.0,40.35,44.75,72.41,694.0,40.82,45.27,73.26,597.0,35.12,38.94,63.02,255.0,15.0,16.63,26.92,357.0,21.0,23.29,37.68,190.0,11.18,12.39,20.06,240.0,14.12,15.66,25.33,65.0,3.82,4.24,6.86,134.0,7.88,8.74,14.14,105.0,6.18,6.85,11.08,109.0,6.41,7.11,11.51,245.0,14.41,15.98,25.86,83.0,4.88,5.41,8.76,220.0,12.94,14.35,23.22,101.0,5.94,6.59,10.66,145.0,8.53,9.46,15.31,62.0,3.65,4.04,6.54,24.0,1.41,1.57,2.53,125.0,7.35,8.15,13.19,136.0,8.0,8.87,14.36,44.75,45.27,-0.52,107.88,-8.0,-0.47,-0.52,341.04,20.06,0.48,0.52,0.53,0.27,0.78,0.13,0.57,0.33,0.75,0.54,4.04,1.57,0.08,8.87,0.22
2,新北國王,21|10875,李愷諺/傑登,14,1295,1574.0,19825.47,330.42,330:25,1416.11,23.6,23:36,689.0,49.21,43.77,75.07,655.0,46.79,41.61,71.36,592.0,42.29,37.61,64.5,252.0,18.0,16.01,27.46,365.0,26.07,23.19,39.77,182.0,13.0,11.56,19.83,227.0,16.21,14.42,24.73,70.0,5.0,4.45,7.63,165.0,11.79,10.48,17.98,114.0,8.14,7.24,12.42,124.0,8.86,7.88,13.51,241.0,17.21,15.31,26.26,91.0,6.5,5.78,9.91,232.0,16.57,14.74,25.28,109.0,7.79,6.93,11.88,154.0,11.0,9.78,16.78,68.0,4.86,4.32,7.41,29.0,2.07,1.84,3.16,137.0,9.79,8.7,14.93,166.0,11.86,10.55,18.09,43.77,41.61,2.16,114.33,34.0,2.43,2.16,330.42,23.6,0.48,0.52,0.5,0.31,0.69,0.14,0.61,0.35,0.73,0.53,4.32,1.84,0.09,10.55,0.28
2,新北國王,21|10876,李愷諺/尚迪,6,502,602.0,7344.45,122.41,122:24,1224.08,20.4,20:24,251.0,41.83,41.69,73.82,258.0,43.0,42.86,75.88,217.0,36.17,36.05,63.82,93.0,15.5,15.45,27.35,130.0,21.67,21.59,38.23,72.0,12.0,11.96,21.18,87.0,14.5,14.45,25.59,21.0,3.5,3.49,6.18,66.0,11.0,10.96,19.41,43.0,7.17,7.14,12.65,46.0,7.67,7.64,13.53,90.0,15.0,14.95,26.47,35.0,5.83,5.81,10.29,80.0,13.33,13.29,23.53,51.0,8.5,8.47,15.0,49.0,8.17,8.14,14.41,29.0,4.83,4.82,8.53,8.0,1.33,1.33,2.35,59.0,9.83,9.8,17.35,65.0,10.83,10.8,19.12,41.69,42.86,-1.16,118.03,-7.0,-1.17,-1.16,122.41,20.4,0.48,0.51,0.55,0.24,0.65,0.17,0.53,0.37,0.72,0.54,4.82,1.33,0.1,10.8,0.3
2,新北國王,25|29,林金榜/林書緯,15,275,343.0,4693.2,78.22,78:13,312.88,5.21,05:13,132.0,8.8,38.48,60.75,132.0,8.8,38.48,60.75,126.0,8.4,36.73,57.99,43.0,2.87,12.54,19.79,67.0,4.47,19.53,30.84,30.0,2.0,8.75,13.81,59.0,3.93,17.2,27.15,13.0,0.87,3.79,5.98,38.0,2.53,11.08,17.49,33.0,2.2,9.62,15.19,31.0,2.07,9.04,14.27,54.0,3.6,15.74,24.85,33.0,2.2,9.62,15.19,48.0,3.2,13.99,22.09,18.0,1.2,5.25,8.28,24.0,1.6,7.0,11.05,11.0,0.73,3.21,5.06,4.0,0.27,1.17,1.84,33.0,2.2,9.62,15.19,26.0,1.73,7.58,11.97,38.48,38.48,0.0,105.24,0.0,0.0,0.0,78.22,5.21,0.39,0.46,0.45,0.22,0.87,0.11,0.56,0.39,0.62,0.51,3.21,1.17,0.1,7.58,0.3
2,新北國王,25|10875,林金榜/傑登,12,336,400.0,5126.89,85.45,85:27,427.24,7.12,07:07,158.0,13.17,39.5,66.57,171.0,14.25,42.75,72.04,146.0,12.17,36.5,61.51,54.0,4.5,13.5,22.75,80.0,6.67,20.0,33.7,37.0,3.08,9.25,15.59,66.0,5.5,16.5,27.81,17.0,1.42,4.25,7.16,48.0,4.0,12.0,20.22,33.0,2.75,8.25,13.9,36.0,3.0,9.0,15.17,65.0,5.42,16.25,27.39,18.0,1.5,4.5,7.58,59.0,4.92,14.75,24.86,35.0,2.92,8.75,14.75,37.0,3.08,9.25,15.59,25.0,2.08,6.25,10.53,8.0,0.67,2.0,3.37,40.0,3.33,10.0,16.85,38.0,3.17,9.5,16.01,39.5,42.75,-3.25,112.35,-13.0,-1.08,-3.25,85.45,7.12,0.43,0.47,0.46,0.26,0.69,0.17,0.69,0.38,0.78,0.57,6.25,2.0,0.1,9.5,0.33
2,新北國王,25|10876,林金榜/尚迪,5,175,214.0,2703.21,45.05,45:03,540.64,9.01,09:01,84.0,16.8,39.25,67.12,90.0,18.0,42.06,71.91,79.0,15.8,36.92,63.13,31.0,6.2,14.49,24.77,43.0,8.6,20.09,34.36,23.0,4.6,10.75,18.38,36.0,7.2,16.82,28.77,8.0,1.6,3.74,6.39,23.0,4.6,10.75,18.38,14.0,2.8,6.54,11.19,20.0,4.0,9.35,15.98,34.0,6.8,15.89,27.17,14.0,2.8,6.54,11.19,32.0,6.4,14.95,25.57,20.0,4.0,9.35,15.98,14.0,2.8,6.54,11.19,12.0,2.4,5.61,9.59,4.0,0.8,1.87,3.2,23.0,4.6,10.75,18.38,19.0,3.8,8.88,15.18,39.25,42.06,-2.8,114.0,-6.0,-1.2,-2.8,45.05,9.01,0.44,0.47,0.53,0.22,0.61,0.18,0.45,0.38,0.71,0.54,5.61,1.87,0.11,8.88,0.29
2,新北國王,29|10875,林書緯/傑登,14,1195,1417.0,18507.98,308.47,308:28,1322.0,22.03,22:02,616.0,44.0,43.47,71.89,667.0,47.64,47.07,77.84,555.0,39.64,39.17,64.77,236.0,16.86,16.65,27.54,322.0,23.0,22.72,37.58,166.0,11.86,11.71,19.37,233.0,16.64,16.44,27.19,70.0,5.0,4.94,8.17,110.0,7.86,7.76,12.84,74.0,5.29,5.22,8.64,102.0,7.29,7.2,11.9,239.0,17.07,16.87,27.89,84.0,6.0,5.93,9.8,195.0,13.93,13.76,22.76,89.0,6.36,6.28,10.39,144.0,10.29,10.16,16.81,56.0,4.0,3.95,6.54,20.0,1.43,1.41,2.33,115.0,8.21,8.12,13.42,163.0,11.64,11.5,19.02,43.47,47.07,-3.6,110.25,-51.0,-3.64,-3.6,308.47,22.03,0.49,0.51,0.52,0.3,0.67,0.13,0.61,0.34,0.74,0.55,3.95,1.41,0.08,11.5,0.2
2,新北國王,29|10876,林書緯/尚迪,5,440,541.0,6743.17,112.39,112:23,1348.63,22.48,22:29,208.0,41.6,38.45,66.63,223.0,44.6,41.22,71.43,192.0,38.4,35.49,61.5,79.0,15.8,14.6,25.31,109.0,21.8,20.15,34.92,58.0,11.6,10.72,18.58,83.0,16.6,15.34,26.59,21.0,4.2,3.88,6.73,44.0,8.8,8.13,14.09,29.0,5.8,5.36,9.29,41.0,8.2,7.58,13.13,77.0,15.4,14.23,24.66,43.0,8.6,7.95,13.77,70.0,14.0,12.94,22.42,48.0,9.6,8.87,15.38,47.0,9.4,8.69,15.06,29.0,5.8,5.36,9.29,9.0,1.8,1.66,2.88,36.0,7.2,6.65,11.53,51.0,10.2,9.43,16.34,38.45,41.22,-2.77,115.53,-15.0,-3.0,-2.77,112.39,22.48,0.47,0.49,0.53,0.25,0.66,0.19,0.59,0.37,0.64,0.51,5.36,1.66,0.07,9.43,0.23
2,新北國王,10875|10876,傑登/尚迪,6,351,421.0,5210.11,86.84,86:50,868.35,14.47,14:28,165.0,27.5,39.19,68.41,174.0,29.0,41.33,72.14,156.0,26.0,37.05,64.67,62.0,10.33,14.73,25.7,96.0,16.0,22.8,39.8,48.0,8.0,11.4,19.9,60.0,10.0,14.25,24.87,14.0,2.33,3.33,5.8,48.0,8.0,11.4,19.9,26.0,4.33,6.18,10.78,33.0,5.5,7.84,13.68,71.0,11.83,16.86,29.44,21.0,3.5,4.99,8.71,58.0,9.67,13.78,24.05,32.0,5.33,7.6,13.27,34.0,5.67,8.08,14.1,21.0,3.5,4.99,8.71,6.0,1.0,1.43,2.49,40.0,6.67,9.5,16.58,41.0,6.83,9.74,17.0,39.19,41.33,-2.14,116.36,-9.0,-1.5,-2.14,86.84,14.47,0.44,0.47,0.5,0.23,0.54,0.15,0.55,0.36,0.77,0.57,4.99,1.43,0.1,9.74,0.31
2,高雄全家海神,110|118,胡瓏貿/蘇文儒,21,1798,2141.0,31053.25,517.55,517:33,1478.73,24.65,24:39,948.0,45.14,44.28,65.94,966.0,46.0,45.12,67.19,781.0,37.19,36.48,54.32,341.0,16.24,15.93,23.72,438.0,20.86,20.46,30.47,225.0,10.71,10.51,15.65,343.0,16.33,16.02,23.86,116.0,5.52,5.42,8.07,214.0,10.19,10.0,14.89,152.0,7.24,7.1,10.57,119.0,5.67,5.56,8.28,345.0,16.43,16.11,24.0,134.0,6.38,6.26,9.32,323.0,15.38,15.09,22.47,158.0,7.52,7.38,10.99,189.0,9.0,8.83,13.15,87.0,4.14,4.06,6.05,33.0,1.57,1.54,2.3,216.0,10.29,10.09,15.02,201.0,9.57,9.39,13.98,44.28,45.12,-0.84,99.28,-18.0,-0.86,-0.84,517.55,24.65,0.51,0.54,0.51,0.34,0.71,0.15,0.55,0.27,0.72,0.5,4.06,1.54,0.1,9.39,0.27
2,高雄全家海神,110|121,胡瓏貿/吳曉謹,26,1098,1320.0,18830.58,313.84,313:51,724.25,12.07,12:04,576.0,22.15,43.64,66.07,656.0,25.23,49.7,75.25,488.0,18.77,36.97,55.98,209.0,8.04,15.83,23.97,249.0,9.58,18.86,28.56,137.0,5.27,10.38,15.71,239.0,9.19,18.11,27.41,72.0,2.77,5.45,8.26,120.0,4.62,9.09,13.76,87.0,3.35,6.59,9.98,91.0,3.5,6.89,10.44,195.0,7.5,14.77,22.37,96.0,3.69,7.27,11.01,172.0,6.62,13.03,19.73,102.0,3.92,7.73,11.7,121.0,4.65,9.17,13.88,63.0,2.42,4.77,7.23,28.0,1.08,2.12,3.21,117.0,4.5,8.86,13.42,124.0,4.77,9.39,14.22,43.64,49.7,-6.06,100.94,-80.0,-3.08,-6.06,313.84,12.07,0.5,0.53,0.55,0.3,0.72,0.16,0.58,0.35,0.67,0.52,4.77,2.12,0.09,9.39,0.25
2,高雄全家海神,110|10892,胡瓏貿/詹姆斯,4,363,463.0,5904.49,98.41,98:24,1476.12,24.6,24:36,182.0,45.5,39.31,66.58,200.0,50.0,43.2,73.16,158.0,39.5,34.13,57.8,70.0,17.5,15.12,25.61,91.0,22.75,19.65,33.29,55.0,13.75,11.88,20.12,67.0,16.75,14.47,24.51,15.0,3.75,3.24,5.49,47.0,11.75,10.15,17.19,27.0,6.75,5.83,9.88,29.0,7.25,6.26,10.61,71.0,17.75,15.33,25.97,45.0,11.25,9.72,16.46,62.0,15.5,13.39,22.68,34.0,8.5,7.34,12.44,22.0,5.5,4.75,8.05,21.0,5.25,4.54,7.68,3.0,0.75,0.65,1.1,42.0,10.5,9.07,15.36,51.0,12.75,11.02,18.66,39.31,43.2,-3.89,112.92,-18.0,-4.5,-3.89,98.41,24.6,0.49,0.51,0.6,0.22,0.57,0.16,0.31,0.32,0.61,0.48,4.54,0.65,0.09,11.02,0.3
2,高雄全家海神,110|10894,胡瓏貿/凱帝,12,954,1148.0,15769.54,262.83,262:50,1314.13,21.9,21:54,495.0,41.25,43.12,67.8,522.0,43.5,45.47,71.5,404.0,33.67,35.19,55.34,180.0,15.0,15.68,24.66,222.0,18.5,19.34,30.41,125.0,10.42,10.89,17.12,182.0,15.17,15.85,24.93,55.0,4.58,4.79,7.53,112.0,9.33,9.76,15.34,79.0,6.58,6.88,10.82,62.0,5.17,5.4,8.49,178.0,14.83,15.51,24.38,87.0,7.25,7.58,11.92,166.0,13.83,14.46,22.74,90.0,7.5,7.84,12.33,105.0,8.75,9.15,14.38,47.0,3.92,4.09,6.44,11.0,0.92,0.96,1.51,115.0,9.58,10.02,15.75,96.0,8.0,8.36,13.15,43.12,45.47,-2.35,104.83,-27.0,-2.25,-2.35,262.83,21.9,0.51,0.55,0.56,0.3,0.71,0.17,0.58,0.27,0.67,0.49,4.09,0.96,0.1,8.36,0.28
2,高雄全家海神,118|121,蘇文儒/吳曉謹,17,846,1018.0,14642.48,244.04,244:02,861.32,14.36,14:21,480.0,28.24,47.15,70.81,511.0,30.06,50.2,75.38,370.0,21.76,36.35,54.58,166.0,9.76,16.31,24.49,215.0,12.65,21.12,31.72,109.0,6.41,10.71,16.08,155.0,9.12,15.23,22.86,57.0,3.35,5.6,8.41,131.0,7.71,12.87,19.32,97.0,5.71,9.53,14.31,65.0,3.82,6.39,9.59,150.0,8.82,14.73,22.13,63.0,3.71,6.19,9.29,143.0,8.41,14.05,21.09,72.0,4.24,7.07,10.62,104.0,6.12,10.22,15.34,38.0,2.24,3.73,5.61,20.0,1.18,1.96,2.95,109.0,6.41,10.71,16.08,120.0,7.06,11.79,17.7,47.15,50.2,-3.05,100.11,-31.0,-1.82,-3.05,244.04,14.36,0.53,0.56,0.51,0.37,0.74,0.14,0.63,0.31,0.7,0.51,3.73,1.96,0.11,11.79,0.35
2,高雄全家海神,118|10892,蘇文儒/詹姆斯,4,352,442.0,5617.49,93.62,93:37,1404.37,23.41,23:24,188.0,47.0,42.53,72.29,190.0,47.5,42.99,73.06,151.0,37.75,34.16,58.06,67.0,16.75,15.16,25.76,87.0,21.75,19.68,33.45,49.0,12.25,11.09,18.84,64.0,16.0,14.48,24.61,18.0,4.5,4.07,6.92,53.0,13.25,11.99,20.38,36.0,9.0,8.14,13.84,28.0,7.0,6.33,10.77,67.0,16.75,15.16,25.76,40.0,10.0,9.05,15.38,62.0,15.5,14.03,23.84,30.0,7.5,6.79,11.54,24.0,6.0,5.43,9.23,18.0,4.5,4.07,6.92,4.0,1.0,0.9,1.54,48.0,12.0,10.86,18.46,53.0,13.25,11.99,20.38,42.53,42.99,-0.45,113.3,-2.0,-0.5,-0.45,93.62,23.41,0.5,0.54,0.56,0.28,0.68,0.15,0.36,0.31,0.63,0.48,4.07,0.9,0.11,11.99,0.35
2,高雄全家海神,118|10894,蘇文儒/凱帝,11,957,1144.0,15905.7,265.09,265:06,1445.97,24.1,24:06,510.0,46.36,44.58,69.26,492.0,44.73,43.01,66.81,398.0,36.18,34.79,54.05,174.0,15.82,15.21,23.63,215.0,19.55,18.79,29.2,114.0,10.36,9.97,15.48,183.0,16.64,16.0,24.85,60.0,5.45,5.24,8.15,132.0,12.0,11.54,17.93,102.0,9.27,8.92,13.85,66.0,6.0,5.77,8.96,174.0,15.82,15.21,23.63,76.0,6.91,6.64,10.32,170.0,15.45,14.86,23.09,92.0,8.36,8.04,12.49,99.0,9.0,8.65,13.44,47.0,4.27,4.11,6.38,10.0,0.91,0.87,1.36,129.0,11.73,11.28,17.52,112.0,10.18,9.79,15.21,44.58,43.01,1.57,103.57,18.0,1.64,1.57,265.09,24.1,0.51,0.56,0.53,0.33,0.77,0.17,0.57,0.28,0.7,0.49,4.11,0.87,0.11,9.79,0.33
2,高雄全家海神,121|10892,吳曉謹/詹姆斯,4,147,182.0,2057.6,34.29,34:18,514.4,8.57,08:34,69.0,17.25,37.91,72.43,103.0,25.75,56.59,108.13,54.0,13.5,29.67,56.69,21.0,5.25,11.54,22.05,32.0,8.0,17.58,33.59,15.0,3.75,8.24,15.75,22.0,5.5,12.09,23.09,6.0,1.5,3.3,6.3,33.0,8.25,18.13,34.64,21.0,5.25,11.54,22.05,8.0,2.0,4.4,8.4,29.0,7.25,15.93,30.44,19.0,4.75,10.44,19.95,23.0,5.75,12.64,24.14,12.0,3.0,6.59,12.6,14.0,3.5,7.69,14.7,9.0,2.25,4.95,9.45,4.0,1.0,2.2,4.2,18.0,4.5,9.89,18.9,27.0,6.75,14.84,28.34,37.91,56.59,-18.68,127.37,-34.0,-8.5,-18.68,34.29,8.57,0.44,0.5,0.47,0.27,0.64,0.15,0.67,0.26,0.6,0.47,4.95,2.2,0.1,14.84,0.61
2,高雄全家海神,121|10894,吳曉謹/凱帝,11,420,506.0,6633.26,110.55,110:33,603.02,10.05,10:03,198.0,18.0,39.13,64.48,267.0,24.27,52.77,86.94,166.0,15.09,32.81,54.05,66.0,6.0,13.04,21.49,87.0,7.91,17.19,28.33,42.0,3.82,8.3,13.68,79.0,7.18,15.61,25.72,24.0,2.18,4.74,7.82,58.0,5.27,11.46,18.89,42.0,3.82,8.3,13.68,22.0,2.0,4.35,7.16,81.0,7.36,16.01,26.38,36.0,3.27,7.11,11.72,69.0,6.27,13.64,22.47,42.0,3.82,8.3,13.68,43.0,3.91,8.5,14.0,27.0,2.45,5.34,8.79,7.0,0.64,1.38,2.28,50.0,4.55,9.88,16.28,52.0,4.73,10.28,16.93,39.13,52.77,-13.64,109.85,-69.0,-6.27,-13.64,110.55,10.05,0.47,0.52,0.48,0.3,0.72,0.18,0.65,0.24,0.69,0.5,5.34,1.38,0.1,10.28,0.35
2,高雄全家海神,10892|10894,詹姆斯/凱帝,4,316,399.0,5053.49,84.22,84:13,1263.37,21.06,21:03,149.0,37.25,37.34,63.69,178.0,44.5,44.61,76.08,129.0,32.25,32.33,55.14,56.0,14.0,14.04,23.94,74.0,18.5,18.55,31.63,42.0,10.5,10.53,17.95,55.0,13.75,13.78,23.51,14.0,3.5,3.51,5.98,40.0,10.0,10.03,17.1,23.0,5.75,5.76,9.83,22.0,5.5,5.51,9.4,61.0,15.25,15.29,26.07,41.0,10.25,10.28,17.52,58.0,14.5,14.54,24.79,34.0,8.5,8.52,14.53,21.0,5.25,5.26,8.98,21.0,5.25,5.26,8.98,5.0,1.25,1.25,2.14,38.0,9.5,9.52,16.24,44.0,11.0,11.03,18.81,37.34,44.61,-7.27,113.7,-29.0,-7.25,-7.27,84.22,21.06,0.49,0.51,0.57,0.25,0.57,0.19,0.38,0.28,0.6,0.46,5.26,1.25,0.1,11.03,0.31
2,新北國王,21|24,李愷諺/蘇士軒,20,786,920.0,12632.28,210.54,210:32,631.61,10.53,10:32,447.0,22.35,48.59,76.43,463.0,23.15,50.33,79.17,354.0,17.7,38.48,60.53,166.0,8.3,18.04,28.38,220.0,11.0,23.91,37.62,123.0,6.15,13.37,21.03,134.0,6.7,14.57,22.91,43.0,2.15,4.67,7.35,86.0,4.3,9.35,14.71,68.0,3.4,7.39,11.63,60.0,3.0,6.52,10.26,131.0,6.55,14.24,22.4,48.0,2.4,5.22,8.21,123.0,6.15,13.37,21.03,55.0,2.75,5.98,9.4,87.0,4.35,9.46,14.88,30.0,1.5,3.26,5.13,10.0,0.5,1.09,1.71,82.0,4.1,8.91,14.02,86.0,4.3,9.35,14.71,48.59,50.33,-1.74,104.87,-16.0,-0.8,-1.74,210.54,10.53,0.53,0.57,0.56,0.32,0.79,0.12,0.52,0.33,0.73,0.53,3.26,1.09,0.09,9.35,0.24
2,新北國王,21|867,李愷諺/桑尼,5,629,758.0,9480.14,158.0,158:00,1896.03,31.6,31:36,347.0,69.4,45.78,79.06,312.0,62.4,41.16,71.09,285.0,57.0,37.6,64.94,122.0,24.4,16.09,27.8,166.0,33.2,21.9,37.82,81.0,16.2,10.69,18.46,119.0,23.8,15.7,27.11,41.0,8.2,5.41,9.34,85.0,17.0,11.21,19.37,62.0,12.4,8.18,14.13,67.0,13.4,8.84,15.27,106.0,21.2,13.98,24.15,34.0,6.8,4.49,7.75,107.0,21.4,14.12,24.38,58.0,11.6,7.65,13.22,80.0,16.0,10.55,18.23,28.0,5.6,3.69,6.38,14.0,2.8,1.85,3.19,74.0,14.8,9.76,16.86,79.0,15.8,10.42,18.0,45.78,41.16,4.62,115.14,35.0,7.0,4.62,158.0,31.6,0.5,0.54,0.49,0.34,0.73,0.15,0.66,0.39,0.76,0.55,3.69,1.85,0.1,10.42,0.3
2,新北國王,24|29,蘇士軒/林書緯,23,1244,1441.0,20367.12,339.45,339:27,885.53,14.76,14:46,690.0,30.0,47.88,73.18,714.0,31.04,49.55,75.72,546.0,23.74,37.89,57.91,265.0,11.52,18.39,28.1,312.0,13.57,21.65,33.09,181.0,7.87,12.56,19.2,234.0,10.17,16.24,24.82,84.0,3.65,5.83,8.91,92.0,4.0,6.38,9.76,70.0,3.04,4.86,7.42,79.0,3.43,5.48,8.38,210.0,9.13,14.57,22.27,84.0,3.65,5.83,8.91,202.0,8.78,14.02,21.42,107.0,4.65,7.43,11.35,145.0,6.3,10.06,15.38,64.0,2.78,4.44,6.79,18.0,0.78,1.25,1.91,90.0,3.91,6.25,9.54,121.0,5.26,8.4,12.83,47.88,49.55,-1.67,101.88,-24.0,-1.04,-1.67,339.45,14.76,0.56,0.59,0.58,0.36,0.76,0.15,0.55,0.28,0.71,0.5,4.44,1.25,0.06,8.4,0.17
2,新北國王,24|867,蘇士軒/桑尼,4,208,248.0,3329.02,55.48,55:29,832.26,13.87,13:52,116.0,29.0,46.77,75.27,119.0,29.75,47.98,77.21,90.0,22.5,36.29,58.4,41.0,10.25,16.53,26.6,51.0,12.75,20.56,33.09,27.0,6.75,10.89,17.52,39.0,9.75,15.73,25.3,14.0,3.5,5.65,9.08,22.0,5.5,8.87,14.27,20.0,5.0,8.06,12.98,19.0,4.75,7.66,12.33,30.0,7.5,12.1,19.47,14.0,3.5,5.65,9.08,34.0,8.5,13.71,22.06,21.0,5.25,8.47,13.63,26.0,6.5,10.48,16.87,10.0,2.5,4.03,6.49,3.0,0.75,1.21,1.95,25.0,6.25,10.08,16.22,29.0,7.25,11.69,18.82,46.77,47.98,-1.21,107.27,-3.0,-0.75,-1.21,55.48,13.87,0.53,0.58,0.53,0.36,0.91,0.17,0.63,0.36,0.68,0.51,4.03,1.21,0.1,11.69,0.24
2,新北國王,24|10876,蘇士軒/尚迪,7,245,302.0,4162.84,69.38,69:23,594.69,9.91,09:55,116.0,16.57,38.41,60.19,133.0,19.0,44.04,69.01,108.0,15.43,35.76,56.04,43.0,6.14,14.24,22.31,53.0,7.57,17.55,27.5,26.0,3.71,8.61,13.49,55.0,7.86,18.21,28.54,17.0,2.43,5.63,8.82,15.0,2.14,4.97,7.78,13.0,1.86,4.3,6.75,23.0,3.29,7.62,11.93,43.0,6.14,14.24,22.31,28.0,4.0,9.27,14.53,40.0,5.71,13.25,20.76,28.0,4.0,9.27,14.53,28.0,4.0,9.27,14.53,14.0,2.0,4.64,7.26,4.0,0.57,1.32,2.08,17.0,2.43,5.63,8.82,33.0,4.71,10.93,17.12,38.41,44.04,-5.63,104.47,-17.0,-2.43,-5.63,69.38,9.91,0.48,0.51,0.49,0.31,0.87,0.2,0.65,0.37,0.61,0.49,4.64,1.32,0.06,10.93,0.14
2,新北國王,29|867,林書緯/桑尼,3,368,449.0,5443.68,90.73,90:44,1814.56,30.24,30:15,195.0,65.0,43.43,77.37,197.0,65.67,43.88,78.17,164.0,54.67,36.53,65.07,70.0,23.33,15.59,27.78,91.0,30.33,20.27,36.11,49.0,16.33,10.91,19.44,73.0,24.33,16.26,28.97,21.0,7.0,4.68,8.33,45.0,15.0,10.02,17.86,34.0,11.33,7.57,13.49,39.0,13.0,8.69,15.47,62.0,20.67,13.81,24.6,24.0,8.0,5.35,9.52,50.0,16.67,11.14,19.84,37.0,12.33,8.24,14.68,45.0,15.0,10.02,17.86,17.0,5.67,3.79,6.75,10.0,3.33,2.23,3.97,39.0,13.0,8.69,15.47,61.0,20.33,13.59,24.2,43.43,43.88,-0.45,118.77,-2.0,-0.67,-0.45,90.73,30.24,0.49,0.53,0.54,0.29,0.76,0.17,0.64,0.44,0.72,0.58,3.79,2.23,0.09,13.59,0.27
2,新北國王,867|10876,桑尼/尚迪,3,189,239.0,2824.62,47.08,47:05,941.54,15.69,15:42,99.0,33.0,41.42,75.71,97.0,32.33,40.59,74.18,78.0,26.0,32.64,59.65,34.0,11.33,14.23,26.0,46.0,15.33,19.25,35.18,27.0,9.0,11.3,20.65,32.0,10.67,13.39,24.47,7.0,2.33,2.93,5.35,27.0,9.0,11.3,20.65,24.0,8.0,10.04,18.35,21.0,7.0,8.79,16.06,26.0,8.67,10.88,19.88,17.0,5.67,7.11,13.0,27.0,9.0,11.3,20.65,25.0,8.33,10.46,19.12,19.0,6.33,7.95,14.53,12.0,4.0,5.02,9.18,3.0,1.0,1.26,2.29,21.0,7.0,8.79,16.06,28.0,9.33,11.72,21.41,41.42,40.59,0.84,121.84,2.0,0.67,0.84,47.08,15.69,0.48,0.55,0.59,0.22,0.89,0.22,0.56,0.44,0.6,0.52,5.02,1.26,0.09,11.72,0.35
2,高雄全家海神,109|110,于煥亞/胡瓏貿,19,1080,1311.0,17492.75,291.55,291:33,920.67,15.34,15:21,582.0,30.63,44.39,71.87,587.0,30.89,44.77,72.48,485.0,25.53,36.99,59.89,207.0,10.89,15.79,25.56,262.0,13.79,19.98,32.35,138.0,7.26,10.53,17.04,223.0,11.74,17.01,27.54,69.0,3.63,5.26,8.52,128.0,6.74,9.76,15.81,93.0,4.89,7.09,11.48,82.0,4.32,6.25,10.13,200.0,10.53,15.26,24.7,103.0,5.42,7.86,12.72,163.0,8.58,12.43,20.13,88.0,4.63,6.71,10.87,106.0,5.58,8.09,13.09,52.0,2.74,3.97,6.42,18.0,0.95,1.37,2.22,124.0,6.53,9.46,15.31,153.0,8.05,11.67,18.89,44.39,44.77,-0.38,107.92,-5.0,-0.26,-0.38,291.55,15.34,0.5,0.54,0.53,0.31,0.73,0.14,0.51,0.33,0.66,0.51,3.97,1.37,0.09,11.67,0.26
2,高雄全家海神,109|118,于煥亞/蘇文儒,12,668,814.0,11804.87,196.75,196:45,983.74,16.4,16:24,357.0,29.75,43.86,65.32,339.0,28.25,41.65,62.03,277.0,23.08,34.03,50.68,119.0,9.92,14.62,21.77,156.0,13.0,19.16,28.54,83.0,6.92,10.2,15.19,121.0,10.08,14.86,22.14,36.0,3.0,4.42,6.59,108.0,9.0,13.27,19.76,85.0,7.08,10.44,15.55,50.0,4.17,6.14,9.15,115.0,9.58,14.13,21.04,59.0,4.92,7.25,10.8,118.0,9.83,14.5,21.59,67.0,5.58,8.23,12.26,57.0,4.75,7.0,10.43,37.0,3.08,4.55,6.77,8.0,0.67,0.98,1.46,99.0,8.25,12.16,18.11,105.0,8.75,12.9,19.21,43.86,41.65,2.21,99.29,18.0,1.5,2.21,196.75,16.4,0.49,0.55,0.53,0.3,0.79,0.17,0.48,0.3,0.66,0.48,4.55,0.98,0.12,12.9,0.39
2,高雄全家海神,109|10892,于煥亞/詹姆斯,4,285,358.0,4380.43,73.01,73:00,1095.11,18.25,18:15,146.0,36.5,40.78,71.99,159.0,39.75,44.41,78.4,119.0,29.75,33.24,58.68,52.0,13.0,14.53,25.64,65.0,16.25,18.16,32.05,39.0,9.75,10.89,19.23,54.0,13.5,15.08,26.63,13.0,3.25,3.63,6.41,40.0,10.0,11.17,19.72,29.0,7.25,8.1,14.3,23.0,5.75,6.42,11.34,50.0,12.5,13.97,24.66,34.0,8.5,9.5,16.77,42.0,10.5,11.73,20.71,28.0,7.0,7.82,13.81,18.0,4.5,5.03,8.88,19.0,4.75,5.31,9.37,5.0,1.25,1.4,2.47,33.0,8.25,9.22,16.27,60.0,15.0,16.76,29.59,40.78,44.41,-3.63,117.69,-13.0,-3.25,-3.63,73.01,18.25,0.49,0.53,0.6,0.24,0.72,0.17,0.35,0.35,0.6,0.49,5.31,1.4,0.09,16.76,0.34
2,高雄全家海神,109|10894,于煥亞/凱帝,9,512,630.0,8123.92,135.4,135:24,902.66,15.04,15:03,272.0,30.22,43.17,72.32,266.0,29.56,42.22,70.72,197.0,21.89,31.27,52.38,89.0,9.89,14.13,23.66,104.0,11.56,16.51,27.65,58.0,6.44,9.21,15.42,93.0,10.33,14.76,24.73,31.0,3.44,4.92,8.24,78.0,8.67,12.38,20.74,63.0,7.0,10.0,16.75,32.0,3.56,5.08,8.51,84.0,9.33,13.33,22.33,53.0,5.89,8.41,14.09,88.0,9.78,13.97,23.4,62.0,6.89,9.84,16.48,48.0,5.33,7.62,12.76,40.0,4.44,6.35,10.64,7.0,0.78,1.11,1.86,77.0,8.56,12.22,20.47,83.0,9.22,13.17,22.07,43.17,42.22,0.95,111.67,6.0,0.67,0.95,135.4,15.04,0.53,0.59,0.56,0.33,0.81,0.21,0.54,0.27,0.61,0.45,6.35,1.11,0.12,13.17,0.4
2,新北國王,21|10872,李愷諺/林彥廷,20,995,1208.0,15310.83,255.18,255:11,765.54,12.76,12:46,534.0,26.7,44.21,75.33,485.0,24.25,40.15,68.42,454.0,22.7,37.58,64.05,192.0,9.6,15.89,27.09,284.0,14.2,23.51,40.07,140.0,7.0,11.59,19.75,170.0,8.5,14.07,23.98,52.0,2.6,4.3,7.34,149.0,7.45,12.33,21.02,99.0,4.95,8.2,13.97,91.0,4.55,7.53,12.84,189.0,9.45,15.65,26.66,72.0,3.6,5.96,10.16,188.0,9.4,15.56,26.52,69.0,3.45,5.71,9.73,113.0,5.65,9.35,15.94,39.0,1.95,3.23,5.5,22.0,1.1,1.82,3.1,116.0,5.8,9.6,16.36,116.0,5.8,9.6,16.36,44.21,40.15,4.06,113.61,49.0,2.45,4.06,255.18,12.76,0.48,0.51,0.49,0.31,0.66,0.12,0.59,0.33,0.72,0.52,3.23,1.82,0.1,9.6,0.33
2,新北國王,24|10872,蘇士軒/林彥廷,26,800,928.0,13737.87,228.96,228:58,528.38,8.81,08:48,425.0,16.35,45.8,66.82,464.0,17.85,50.0,72.95,351.0,13.5,37.82,55.19,163.0,6.27,17.56,25.63,205.0,7.88,22.09,32.23,108.0,4.15,11.64,16.98,146.0,5.62,15.73,22.96,55.0,2.12,5.93,8.65,63.0,2.42,6.79,9.91,40.0,1.54,4.31,6.29,53.0,2.04,5.71,8.33,142.0,5.46,15.3,22.33,52.0,2.0,5.6,8.18,135.0,5.19,14.55,21.23,63.0,2.42,6.79,9.91,94.0,3.62,10.13,14.78,36.0,1.38,3.88,5.66,10.0,0.38,1.08,1.57,64.0,2.46,6.9,10.06,99.0,3.81,10.67,15.57,45.8,50.0,-4.2,97.27,-39.0,-1.5,-4.2,228.96,8.81,0.54,0.56,0.53,0.38,0.63,0.14,0.58,0.28,0.73,0.51,3.88,1.08,0.07,10.67,0.18
2,新北國王,867|10872,桑尼/林彥廷,5,389,475.0,5887.09,98.12,98:07,1177.42,19.62,19:37,217.0,43.4,45.68,79.62,179.0,35.8,37.68,65.68,180.0,36.0,37.89,66.04,77.0,15.4,16.21,28.25,97.0,19.4,20.42,35.59,47.0,9.4,9.89,17.24,83.0,16.6,17.47,30.45,30.0,6.0,6.32,11.01,47.0,9.4,9.89,17.24,33.0,6.6,6.95,12.11,40.0,8.0,8.42,14.68,69.0,13.8,14.53,25.32,25.0,5.0,5.26,9.17,71.0,14.2,14.95,26.05,34.0,6.8,7.16,12.47,52.0,10.4,10.95,19.08,18.0,3.6,3.79,6.6,7.0,1.4,1.47,2.57,38.0,7.6,8.0,13.94,55.0,11.0,11.58,20.18,45.68,37.68,8.0,116.19,38.0,7.6,8.0,98.12,19.62,0.51,0.54,0.48,0.36,0.7,0.14,0.68,0.36,0.73,0.53,3.79,1.47,0.08,11.58,0.26
2,新北國王,10872|10876,林彥廷/尚迪,7,409,514.0,6465.71,107.76,107:46,923.67,15.39,15:24,205.0,29.29,39.88,68.48,195.0,27.86,37.94,65.14,177.0,25.29,34.44,59.13,76.0,10.86,14.79,25.39,105.0,15.0,20.43,35.08,54.0,7.71,10.51,18.04,72.0,10.29,14.01,24.05,22.0,3.14,4.28,7.35,49.0,7.0,9.53,16.37,30.0,4.29,5.84,10.02,39.0,5.57,7.59,13.03,71.0,10.14,13.81,23.72,48.0,6.86,9.34,16.04,71.0,10.14,13.81,23.72,40.0,5.71,7.78,13.36,40.0,5.71,7.78,13.36,23.0,3.29,4.47,7.68,9.0,1.29,1.75,3.01,41.0,5.86,7.98,13.7,62.0,8.86,12.06,20.71,39.88,37.94,1.95,114.47,10.0,1.43,1.95,107.76,15.39,0.49,0.52,0.51,0.31,0.61,0.17,0.53,0.35,0.6,0.48,4.47,1.75,0.08,12.06,0.28
2,新北國王,24|10875,蘇士軒/傑登,17,500,600.0,7675.39,127.92,127:55,451.49,7.52,07:31,265.0,15.59,44.17,74.58,276.0,16.24,46.0,77.67,228.0,13.41,38.0,64.16,100.0,5.88,16.67,28.14,136.0,8.0,22.67,38.27,72.0,4.24,12.0,20.26,92.0,5.41,15.33,25.89,28.0,1.65,4.67,7.88,51.0,3.0,8.5,14.35,35.0,2.06,5.83,9.85,51.0,3.0,8.5,14.35,82.0,4.82,13.67,23.08,31.0,1.82,5.17,8.72,78.0,4.59,13.0,21.95,42.0,2.47,7.0,11.82,62.0,3.65,10.33,17.45,27.0,1.59,4.5,7.6,5.0,0.29,0.83,1.41,50.0,2.94,8.33,14.07,68.0,4.0,11.33,19.14,44.17,46.0,-1.83,112.57,-11.0,-0.65,-1.83,127.92,7.52,0.5,0.53,0.53,0.3,0.69,0.14,0.62,0.4,0.73,0.55,4.5,0.83,0.08,11.33,0.22
2,新北國王,867|10875,桑尼/傑登,5,436,527.0,6534.92,108.92,108:55,1306.98,21.78,21:47,243.0,48.6,46.11,80.32,223.0,44.6,42.31,73.71,210.0,42.0,39.85,69.41,88.0,17.6,16.7,29.09,114.0,22.8,21.63,37.68,56.0,11.2,10.63,18.51,96.0,19.2,18.22,31.73,32.0,6.4,6.07,10.58,50.0,10.0,9.49,16.53,35.0,7.0,6.64,11.57,51.0,10.2,9.68,16.86,82.0,16.4,15.56,27.1,23.0,4.6,4.36,7.6,74.0,14.8,14.04,24.46,33.0,6.6,6.26,10.91,59.0,11.8,11.2,19.5,18.0,3.6,3.42,5.95,12.0,2.4,2.28,3.97,51.0,10.2,9.68,16.86,66.0,13.2,12.52,21.82,46.11,42.31,3.8,116.13,20.0,4.0,3.8,108.92,21.78,0.5,0.52,0.49,0.33,0.7,0.12,0.67,0.41,0.78,0.58,3.42,2.28,0.1,12.52,0.24
2,新北國王,10872|10875,林彥廷/傑登,18,1204,1439.0,18544.67,309.08,309:05,1030.26,17.17,17:10,640.0,35.56,44.48,74.54,633.0,35.17,43.99,73.73,563.0,31.28,39.12,65.58,241.0,13.39,16.75,28.07,353.0,19.61,24.53,41.12,172.0,9.56,11.95,20.03,210.0,11.67,14.59,24.46,69.0,3.83,4.79,8.04,145.0,8.06,10.08,16.89,94.0,5.22,6.53,10.95,114.0,6.33,7.92,13.28,231.0,12.83,16.05,26.91,76.0,4.22,5.28,8.85,206.0,11.44,14.32,23.99,82.0,4.56,5.7,9.55,139.0,7.72,9.66,16.19,52.0,2.89,3.61,6.06,19.0,1.06,1.32,2.21,122.0,6.78,8.48,14.21,170.0,9.44,11.81,19.8,44.48,43.99,0.49,111.74,7.0,0.39,0.49,309.08,17.17,0.49,0.51,0.49,0.33,0.65,0.12,0.58,0.36,0.75,0.55,3.61,1.32,0.08,11.81,0.26
2,新北國王,21|22,李愷諺/簡祐哲,15,506,620.0,7558.71,125.98,125:59,503.91,8.4,08:24,254.0,16.93,40.97,72.58,288.0,19.2,46.45,82.3,212.0,14.13,34.19,60.58,95.0,6.33,15.32,27.15,136.0,9.07,21.94,38.86,69.0,4.6,11.13,19.72,76.0,5.07,12.26,21.72,26.0,1.73,4.19,7.43,59.0,3.93,9.52,16.86,38.0,2.53,6.13,10.86,41.0,2.73,6.61,11.72,84.0,5.6,13.55,24.0,43.0,2.87,6.94,12.29,89.0,5.93,14.35,25.43,57.0,3.8,9.19,16.29,51.0,3.4,8.23,14.57,34.0,2.27,5.48,9.72,13.0,0.87,2.1,3.71,57.0,3.8,9.19,16.29,72.0,4.8,11.61,20.57,40.97,46.45,-5.48,118.12,-34.0,-2.27,-5.48,125.98,8.4,0.51,0.53,0.51,0.34,0.64,0.19,0.54,0.32,0.66,0.49,5.48,2.1,0.09,11.61,0.28
2,新北國王,22|867,簡祐哲/桑尼,5,228,283.0,3454.72,57.58,57:35,690.94,11.52,11:31,124.0,24.8,43.82,77.53,129.0,25.8,45.58,80.65,99.0,19.8,34.98,61.9,46.0,9.2,16.25,28.76,55.0,11.0,19.43,34.39,30.0,6.0,10.6,18.76,44.0,8.8,15.55,27.51,16.0,3.2,5.65,10.0,27.0,5.4,9.54,16.88,16.0,3.2,5.65,10.0,21.0,4.2,7.42,13.13,36.0,7.2,12.72,22.51,19.0,3.8,6.71,11.88,36.0,7.2,12.72,22.51,24.0,4.8,8.48,15.01,29.0,5.8,10.25,18.13,12.0,2.4,4.24,7.5,3.0,0.6,1.06,1.88,28.0,5.6,9.89,17.51,38.0,7.6,13.43,23.76,43.82,45.58,-1.77,117.96,-5.0,-1.0,-1.77,57.58,11.52,0.55,0.56,0.55,0.36,0.59,0.18,0.63,0.37,0.65,0.51,4.24,1.06,0.1,13.43,0.27
2,新北國王,22|10872,簡祐哲/林彥廷,20,512,619.0,8158.02,135.97,135:58,407.9,6.8,06:48,266.0,13.3,42.97,70.43,254.0,12.7,41.03,67.25,241.0,12.05,38.93,63.81,102.0,5.1,16.48,27.01,144.0,7.2,23.26,38.13,69.0,3.45,11.15,18.27,97.0,4.85,15.67,25.68,33.0,1.65,5.33,8.74,48.0,2.4,7.75,12.71,27.0,1.35,4.36,7.15,47.0,2.35,7.59,12.44,100.0,5.0,16.16,26.48,41.0,2.05,6.62,10.86,97.0,4.85,15.67,25.68,38.0,1.9,6.14,10.06,56.0,2.8,9.05,14.83,19.0,0.95,3.07,5.03,9.0,0.45,1.45,2.38,44.0,2.2,7.11,11.65,72.0,3.6,11.63,19.06,42.97,41.03,1.94,109.26,12.0,0.6,1.94,135.97,6.8,0.49,0.51,0.48,0.34,0.56,0.13,0.55,0.33,0.71,0.52,3.07,1.45,0.07,11.63,0.2
2,新北國王,22|10875,簡祐哲/傑登,13,579,704.0,8686.87,144.78,144:47,668.22,11.14,11:08,274.0,21.08,38.92,68.13,293.0,22.54,41.62,72.85,260.0,20.0,36.93,64.65,103.0,7.92,14.63,25.61,160.0,12.31,22.73,39.78,73.0,5.62,10.37,18.15,100.0,7.69,14.2,24.87,30.0,2.31,4.26,7.46,64.0,4.92,9.09,15.91,39.0,3.0,5.54,9.7,62.0,4.77,8.81,15.42,110.0,8.46,15.62,27.35,37.0,2.85,5.26,9.2,105.0,8.08,14.91,26.11,58.0,4.46,8.24,14.42,55.0,4.23,7.81,13.68,33.0,2.54,4.69,8.21,11.0,0.85,1.56,2.74,64.0,4.92,9.09,15.91,90.0,6.92,12.78,22.38,38.92,41.62,-2.7,116.7,-19.0,-1.46,-2.7,144.78,11.14,0.45,0.48,0.46,0.3,0.61,0.17,0.53,0.37,0.75,0.55,4.69,1.56,0.09,12.78,0.25
2,高雄全家海神,109|121,于煥亞/吳曉謹,19,581,722.0,9347.72,155.8,155:48,491.99,8.2,08:12,308.0,16.21,42.66,71.17,370.0,19.47,51.25,85.5,269.0,14.16,37.26,62.16,111.0,5.84,15.37,25.65,149.0,7.84,20.64,34.43,71.0,3.74,9.83,16.41,120.0,6.32,16.62,27.73,40.0,2.11,5.54,9.24,59.0,3.11,8.17,13.63,48.0,2.53,6.65,11.09,60.0,3.16,8.31,13.86,96.0,5.05,13.3,22.18,60.0,3.16,8.31,13.86,81.0,4.26,11.22,18.72,61.0,3.21,8.45,14.1,61.0,3.21,8.45,14.1,41.0,2.16,5.68,9.47,13.0,0.68,1.8,3.0,59.0,3.11,8.17,13.63,88.0,4.63,12.19,20.33,42.66,51.25,-8.59,111.22,-62.0,-3.26,-8.59,155.8,8.2,0.49,0.52,0.48,0.33,0.81,0.17,0.55,0.43,0.62,0.53,5.68,1.8,0.08,12.19,0.22
2,高雄全家海神,109|116,于煥亞/呂威霆,11,404,483.0,7064.7,117.75,117:45,642.25,10.7,10:42,213.0,19.36,44.1,65.12,213.0,19.36,44.1,65.12,184.0,16.73,38.1,56.26,72.0,6.55,14.91,22.01,107.0,9.73,22.15,32.71,46.0,4.18,9.52,14.06,77.0,7.0,15.94,23.54,26.0,2.36,5.38,7.95,52.0,4.73,10.77,15.9,43.0,3.91,8.9,13.15,36.0,3.27,7.45,11.01,78.0,7.09,16.15,23.85,27.0,2.45,5.59,8.26,67.0,6.09,13.87,20.48,32.0,2.91,6.63,9.78,42.0,3.82,8.7,12.84,18.0,1.64,3.73,5.5,10.0,0.91,2.07,3.06,48.0,4.36,9.94,14.68,79.0,7.18,16.36,24.15,44.1,44.1,0.0,98.45,0.0,0.0,0.0,117.75,10.7,0.46,0.51,0.43,0.34,0.83,0.13,0.58,0.35,0.74,0.55,3.73,2.07,0.1,16.36,0.28
2,高雄全家海神,109|122,于煥亞/陳懷安,13,427,516.0,6934.3,115.57,115:34,533.41,8.89,08:53,221.0,17.0,42.83,68.84,225.0,17.31,43.6,70.09,176.0,13.54,34.11,54.82,77.0,5.92,14.92,23.99,90.0,6.92,17.44,28.03,47.0,3.62,9.11,14.64,86.0,6.62,16.67,26.79,30.0,2.31,5.81,9.34,47.0,3.62,9.11,14.64,35.0,2.69,6.78,10.9,31.0,2.38,6.01,9.66,75.0,5.77,14.53,23.36,30.0,2.31,5.81,9.34,70.0,5.38,13.57,21.8,49.0,3.77,9.5,15.26,42.0,3.23,8.14,13.08,33.0,2.54,6.4,10.28,1.0,0.08,0.19,0.31,52.0,4.0,10.08,16.2,68.0,5.23,13.18,21.18,42.83,43.6,-0.78,107.15,-4.0,-0.31,-0.78,115.57,8.89,0.52,0.56,0.52,0.35,0.74,0.2,0.55,0.31,0.71,0.51,6.4,0.19,0.1,13.18,0.27
2,高雄全家海神,116|121,呂威霆/吳曉謹,17,593,737.0,9423.32,157.06,157:03,554.31,9.24,09:14,318.0,18.71,43.15,72.89,329.0,19.35,44.64,75.41,277.0,16.29,37.58,63.49,108.0,6.35,14.65,24.76,160.0,9.41,21.71,36.67,82.0,4.82,11.13,18.8,117.0,6.88,15.88,26.82,26.0,1.53,3.53,5.96,100.0,5.88,13.57,22.92,72.0,4.24,9.77,16.5,66.0,3.88,8.96,15.13,114.0,6.71,15.47,26.13,39.0,2.29,5.29,8.94,113.0,6.65,15.33,25.9,49.0,2.88,6.65,11.23,58.0,3.41,7.87,13.29,36.0,2.12,4.88,8.25,18.0,1.06,2.44,4.13,83.0,4.88,11.26,19.03,78.0,4.59,10.58,17.88,43.15,44.64,-1.49,112.62,-11.0,-0.65,-1.49,157.06,9.24,0.44,0.5,0.51,0.22,0.72,0.13,0.54,0.37,0.75,0.54,4.88,2.44,0.11,10.58,0.36
2,高雄全家海神,116|122,呂威霆/陳懷安,9,200,244.0,3097.17,51.62,51:37,344.13,5.74,05:44,80.0,8.89,32.79,55.79,97.0,10.78,39.75,67.65,73.0,8.11,29.92,50.91,25.0,2.78,10.25,17.44,37.0,4.11,15.16,25.8,15.0,1.67,6.15,10.46,36.0,4.0,14.75,25.11,10.0,1.11,4.1,6.97,33.0,3.67,13.52,23.01,24.0,2.67,9.84,16.74,14.0,1.56,5.74,9.76,37.0,4.11,15.16,25.8,14.0,1.56,5.74,9.76,38.0,4.22,15.57,26.5,25.0,2.78,10.25,17.44,12.0,1.33,4.92,8.37,14.0,1.56,5.74,9.76,4.0,0.44,1.64,2.79,31.0,3.44,12.7,21.62,23.0,2.56,9.43,16.04,32.79,39.75,-6.97,113.45,-17.0,-1.89,-6.97,51.62,5.74,0.41,0.46,0.41,0.28,0.73,0.22,0.48,0.27,0.73,0.5,5.74,1.64,0.13,9.43,0.45
2,高雄全家海神,116|10894,呂威霆/凱帝,6,117,133.0,1750.77,29.18,29:11,291.8,4.86,04:52,58.0,9.67,43.61,71.56,75.0,12.5,56.39,92.53,43.0,7.17,32.33,53.05,15.0,2.5,11.28,18.51,18.0,3.0,13.53,22.21,7.0,1.17,5.26,8.64,25.0,4.17,18.8,30.84,8.0,1.33,6.02,9.87,29.0,4.83,21.8,35.78,22.0,3.67,16.54,27.14,4.0,0.67,3.01,4.93,27.0,4.5,20.3,33.31,4.0,0.67,3.01,4.93,23.0,3.83,17.29,28.38,7.0,1.17,5.26,8.64,9.0,1.5,6.77,11.1,3.0,0.5,2.26,3.7,1.0,0.17,0.75,1.23,23.0,3.83,17.29,28.38,24.0,4.0,18.05,29.61,43.61,56.39,-12.78,109.39,-17.0,-2.83,-12.78,29.18,4.86,0.44,0.52,0.39,0.32,0.76,0.11,0.6,0.15,0.87,0.53,2.26,0.75,0.17,18.05,0.67
2,高雄全家海神,121|122,吳曉謹/陳懷安,19,504,608.0,8655.7,144.26,144:16,455.56,7.59,07:36,223.0,11.74,36.68,55.65,300.0,15.79,49.34,74.86,195.0,10.26,32.07,48.66,75.0,3.95,12.34,18.72,96.0,5.05,15.79,23.96,48.0,2.53,7.89,11.98,99.0,5.21,16.28,24.71,27.0,1.42,4.44,6.74,60.0,3.16,9.87,14.97,42.0,2.21,6.91,10.48,35.0,1.84,5.76,8.73,89.0,4.68,14.64,22.21,36.0,1.89,5.92,8.98,70.0,3.68,11.51,17.47,67.0,3.53,11.02,16.72,42.0,2.21,6.91,10.48,45.0,2.37,7.4,11.23,7.0,0.37,1.15,1.75,60.0,3.16,9.87,14.97,96.0,5.05,15.79,23.96,36.68,49.34,-12.66,101.15,-77.0,-4.05,-12.66,144.26,7.59,0.45,0.5,0.5,0.27,0.7,0.23,0.56,0.33,0.71,0.54,7.4,1.15,0.1,15.79,0.31
2,高雄全家海神,122|10894,陳懷安/凱帝,11,411,509.0,6923.53,115.39,115:24,629.41,10.49,10:29,204.0,18.55,40.08,63.64,235.0,21.36,46.17,73.32,171.0,15.55,33.6,53.35,72.0,6.55,14.15,22.46,80.0,7.27,15.72,24.96,41.0,3.73,8.06,12.79,91.0,8.27,17.88,28.39,31.0,2.82,6.09,9.67,43.0,3.91,8.45,13.42,30.0,2.73,5.89,9.36,27.0,2.45,5.3,8.42,76.0,6.91,14.93,23.71,39.0,3.55,7.66,12.17,66.0,6.0,12.97,20.59,46.0,4.18,9.04,14.35,41.0,3.73,8.06,12.79,25.0,2.27,4.91,7.8,2.0,0.18,0.39,0.62,51.0,4.64,10.02,15.91,56.0,5.09,11.0,17.47,40.08,46.17,-6.09,105.87,-31.0,-2.82,-6.09,115.39,10.49,0.51,0.54,0.51,0.34,0.7,0.19,0.57,0.29,0.66,0.5,4.91,0.39,0.1,11.0,0.25
2,新北國王,22|29,簡祐哲/林書緯,18,608,731.0,10726.69,178.78,178:47,595.93,9.93,09:56,287.0,15.94,39.26,57.79,322.0,17.89,44.05,64.84,268.0,14.89,36.66,53.97,108.0,6.0,14.77,21.75,165.0,9.17,22.57,33.23,72.0,4.0,9.85,14.5,103.0,5.72,14.09,20.74,36.0,2.0,4.92,7.25,55.0,3.06,7.52,11.08,36.0,2.0,4.92,7.25,47.0,2.61,6.43,9.46,124.0,6.89,16.96,24.97,54.0,3.0,7.39,10.87,121.0,6.72,16.55,24.37,56.0,3.11,7.66,11.28,62.0,3.44,8.48,12.48,32.0,1.78,4.38,6.44,10.0,0.56,1.37,2.01,62.0,3.44,8.48,12.48,87.0,4.83,11.9,17.52,39.26,44.05,-4.79,98.13,-35.0,-1.94,-4.79,178.78,9.93,0.47,0.49,0.44,0.35,0.65,0.16,0.57,0.28,0.7,0.49,4.38,1.37,0.08,11.9,0.21
2,新北國王,29|10872,林書緯/林彥廷,28,1872,2192.0,30298.07,504.97,504:58,1082.07,18.03,18:02,1041.0,37.18,47.49,74.21,992.0,35.43,45.26,70.72,822.0,29.36,37.5,58.6,389.0,13.89,17.75,27.73,465.0,16.61,21.21,33.15,251.0,8.96,11.45,17.89,357.0,12.75,16.29,25.45,138.0,4.93,6.3,9.84,171.0,6.11,7.8,12.19,128.0,4.57,5.84,9.13,114.0,4.07,5.2,8.13,331.0,11.82,15.1,23.6,148.0,5.29,6.75,10.55,333.0,11.89,15.19,23.74,150.0,5.36,6.84,10.69,244.0,8.71,11.13,17.4,88.0,3.14,4.01,6.27,22.0,0.79,1.0,1.57,176.0,6.29,8.03,12.55,241.0,8.61,10.99,17.18,47.49,45.26,2.24,104.18,49.0,1.75,2.24,504.97,18.03,0.56,0.58,0.54,0.39,0.75,0.14,0.63,0.26,0.69,0.48,4.01,1.0,0.08,10.99,0.21
2,高雄全家海神,109|123,于煥亞/勤明慶,8,213,253.0,3235.91,53.93,53:56,404.49,6.74,06:44,93.0,11.62,36.76,62.08,130.0,16.25,51.38,86.78,87.0,10.88,34.39,58.07,29.0,3.62,11.46,19.36,50.0,6.25,19.76,33.38,16.0,2.0,6.32,10.68,37.0,4.62,14.62,24.7,13.0,1.62,5.14,8.68,28.0,3.5,11.07,18.69,21.0,2.62,8.3,14.02,16.0,2.0,6.32,10.68,43.0,5.38,17.0,28.7,13.0,1.62,5.14,8.68,31.0,3.88,12.25,20.69,20.0,2.5,7.91,13.35,18.0,2.25,7.11,12.02,12.0,1.5,4.74,8.01,7.0,0.88,2.77,4.67,24.0,3.0,9.49,16.02,44.0,5.5,17.39,29.37,36.76,51.38,-14.62,112.59,-37.0,-4.62,-14.62,53.93,6.74,0.41,0.47,0.32,0.35,0.75,0.17,0.62,0.34,0.77,0.57,4.74,2.77,0.09,17.39,0.32
2,高雄全家海神,116|123,呂威霆/勤明慶,7,118,149.0,1768.78,29.48,29:29,252.68,4.21,04:13,61.0,8.71,40.94,74.49,59.0,8.43,39.6,72.05,46.0,6.57,30.87,56.17,17.0,2.43,11.41,20.76,26.0,3.71,17.45,31.75,10.0,1.43,6.71,12.21,20.0,2.86,13.42,24.42,7.0,1.0,4.7,8.55,30.0,4.29,20.13,36.64,20.0,2.86,13.42,24.42,10.0,1.43,6.71,12.21,21.0,3.0,14.09,25.64,13.0,1.86,8.72,15.88,20.0,2.86,13.42,24.42,12.0,1.71,8.05,14.65,7.0,1.0,4.7,8.55,8.0,1.14,5.37,9.77,5.0,0.71,3.36,6.11,24.0,3.43,16.11,29.31,20.0,2.86,13.42,24.42,40.94,39.6,1.34,121.3,2.0,0.29,1.34,29.48,4.21,0.45,0.52,0.38,0.35,0.67,0.17,0.41,0.33,0.62,0.48,5.37,3.36,0.16,13.42,0.65
2,高雄全家海神,121|123,吳曉謹/勤明慶,12,231,281.0,4126.29,68.77,68:46,343.86,5.73,05:44,109.0,9.08,38.79,57.06,137.0,11.42,48.75,71.72,88.0,7.33,31.32,46.07,31.0,2.58,11.03,16.23,54.0,4.5,19.22,28.27,20.0,1.67,7.12,10.47,34.0,2.83,12.1,17.8,11.0,0.92,3.91,5.76,50.0,4.17,17.79,26.17,36.0,3.0,12.81,18.85,16.0,1.33,5.69,8.38,45.0,3.75,16.01,23.56,19.0,1.58,6.76,9.95,33.0,2.75,11.74,17.27,22.0,1.83,7.83,11.52,18.0,1.5,6.41,9.42,12.0,1.0,4.27,6.28,5.0,0.42,1.78,2.62,33.0,2.75,11.74,17.27,48.0,4.0,17.08,25.13,38.79,48.75,-9.96,98.06,-28.0,-2.33,-9.96,68.77,5.73,0.41,0.5,0.37,0.32,0.72,0.17,0.58,0.33,0.7,0.54,4.27,1.78,0.12,17.08,0.57
2,高雄全家海神,122|123,陳懷安/勤明慶,13,245,285.0,4458.9,74.32,74:19,342.99,5.72,05:43,98.0,7.54,34.39,47.47,125.0,9.62,43.86,60.55,96.0,7.38,33.68,46.5,35.0,2.69,12.28,16.95,53.0,4.08,18.6,25.67,20.0,1.54,7.02,9.69,43.0,3.31,15.09,20.83,15.0,1.15,5.26,7.27,23.0,1.77,8.07,11.14,13.0,1.0,4.56,6.3,10.0,0.77,3.51,4.84,50.0,3.85,17.54,24.22,20.0,1.54,7.02,9.69,35.0,2.69,12.28,16.95,28.0,2.15,9.82,13.56,22.0,1.69,7.72,10.66,16.0,1.23,5.61,7.75,5.0,0.38,1.75,2.42,25.0,1.92,8.77,12.11,51.0,3.92,17.89,24.71,34.39,43.86,-9.47,92.04,-27.0,-2.08,-9.47,74.32,5.72,0.44,0.46,0.38,0.35,0.57,0.21,0.63,0.22,0.71,0.52,5.61,1.75,0.09,17.89,0.24
2,新北國王,19|22,蘇培凱/簡祐哲,6,50,65.0,834.48,13.91,13:54,139.08,2.32,02:19,26.0,4.33,40.0,67.3,12.0,2.0,18.46,31.06,26.0,4.33,40.0,67.3,10.0,1.67,15.38,25.88,12.0,2.0,18.46,31.06,6.0,1.0,9.23,15.53,14.0,2.33,21.54,36.24,4.0,0.67,6.15,10.35,4.0,0.67,6.15,10.35,2.0,0.33,3.08,5.18,6.0,1.0,9.23,15.53,12.0,2.0,18.46,31.06,6.0,1.0,9.23,15.53,14.0,2.33,21.54,36.24,4.0,0.67,6.15,10.35,6.0,1.0,9.23,15.53,1.0,0.17,1.54,2.59,1.0,0.17,1.54,2.59,5.0,0.83,7.69,12.94,2.0,0.33,3.08,5.18,40.0,18.46,21.54,112.17,14.0,2.33,21.54,13.91,2.32,0.46,0.47,0.5,0.29,0.5,0.13,0.6,0.3,0.67,0.47,1.54,1.54,0.08,3.08,0.15
2,新北國王,19|29,蘇培凱/林書緯,3,47,58.0,803.53,13.39,13:24,267.84,4.46,04:28,26.0,8.67,44.83,69.89,24.0,8.0,41.38,64.52,25.0,8.33,43.1,67.2,11.0,3.67,18.97,29.57,17.0,5.67,29.31,45.7,9.0,3.0,15.52,24.19,8.0,2.67,13.79,21.51,2.0,0.67,3.45,5.38,4.0,1.33,6.9,10.75,2.0,0.67,3.45,5.38,5.0,1.67,8.62,13.44,10.0,3.33,17.24,26.88,2.0,0.67,3.45,5.38,10.0,3.33,17.24,26.88,2.0,0.67,3.45,5.38,9.0,3.0,15.52,24.19,1.0,0.33,1.72,2.69,1.0,0.33,1.72,2.69,3.0,1.0,5.17,8.06,4.0,1.33,6.9,10.75,44.83,41.38,3.45,103.94,2.0,0.67,3.45,13.39,4.46,0.48,0.49,0.53,0.25,0.5,0.07,0.82,0.33,0.83,0.56,1.72,1.72,0.05,6.9,0.16
2,新北國王,19|10875,蘇培凱/傑登,7,25,36.0,344.42,5.74,05:44,49.2,0.82,00:49,14.0,2.0,38.89,87.8,5.0,0.71,13.89,31.36,13.0,1.86,36.11,81.53,5.0,0.71,13.89,31.36,11.0,1.57,30.56,68.99,4.0,0.57,11.11,25.09,2.0,0.29,5.56,12.54,1.0,0.14,2.78,6.27,6.0,0.86,16.67,37.63,3.0,0.43,8.33,18.81,6.0,0.86,16.67,37.63,2.0,0.29,5.56,12.54,2.0,0.29,5.56,12.54,7.0,1.0,19.44,43.9,4.0,0.57,11.11,25.09,2.0,0.29,5.56,12.54,2.0,0.29,5.56,12.54,0.0,0.0,0.0,0.0,1.0,0.14,2.78,6.27,5.0,0.71,13.89,31.36,38.89,13.89,25.0,150.51,9.0,1.29,25.0,5.74,0.82,0.42,0.45,0.36,0.5,0.5,0.2,0.4,0.46,0.5,0.47,5.56,0.0,0.03,13.89,0.46
2,新北國王,19|10876,蘇培凱/尚迪,1,2,3.0,44.15,0.74,00:44,44.15,0.74,00:44,0.0,0.0,0.0,0.0,2.0,2.0,66.67,97.84,2.0,2.0,66.67,97.84,0.0,0.0,0.0,0.0,2.0,2.0,66.67,97.84,0.0,0.0,0.0,0.0,0.0,0.0,0.0,0.0,0.0,0.0,0.0,0.0,0.0,0.0,0.0,0.0,0.0,0.0,0.0,0.0,1.0,1.0,33.33,48.92,1.0,1.0,33.33,48.92,0.0,0.0,0.0,0.0,0.0,0.0,0.0,0.0,0.0,0.0,0.0,0.0,0.0,0.0,0.0,0.0,0.0,0.0,0.0,0.0,0.0,0.0,0.0,0.0,0.0,0.0,0.0,0.0,2.0,2.0,66.67,97.84,0.0,66.67,-66.67,97.84,-2.0,-2.0,-66.67,0.74,0.74,0.0,0.0,0.0,,,0.0,,1.0,1.0,1.0,0.0,0.0,0.0,66.67,0.0
2,新北國王,22|10876,簡祐哲/尚迪,7,264,318.0,3989.49,66.49,66:29,569.93,9.5,09:30,129.0,18.43,40.57,69.84,143.0,20.43,44.97,77.42,110.0,15.71,34.59,59.56,48.0,6.86,15.09,25.99,72.0,10.29,22.64,38.98,36.0,5.14,11.32,19.49,38.0,5.43,11.95,20.57,12.0,1.71,3.77,6.5,32.0,4.57,10.06,17.33,21.0,3.0,6.6,11.37,19.0,2.71,5.97,10.29,50.0,7.14,15.72,27.07,24.0,3.43,7.55,12.99,50.0,7.14,15.72,27.07,27.0,3.86,8.49,14.62,23.0,3.29,7.23,12.45,13.0,1.86,4.09,7.04,7.0,1.0,2.2,3.79,29.0,4.14,9.12,15.7,51.0,7.29,16.04,27.61,40.57,44.97,-4.4,114.78,-14.0,-2.0,-4.4,66.49,9.5,0.49,0.52,0.5,0.32,0.66,0.18,0.48,0.28,0.68,0.48,4.09,2.2,0.09,16.04,0.29
2,高雄全家海神,116|10892,呂威霆/詹姆斯,2,70,83.0,930.87,15.51,15:31,465.44,7.76,07:45,35.0,17.5,42.17,81.21,40.0,20.0,48.19,92.82,20.0,10.0,24.1,46.41,8.0,4.0,9.64,18.56,11.0,5.5,13.25,25.52,5.0,2.5,6.02,11.6,9.0,4.5,10.84,20.88,3.0,1.5,3.61,6.96,24.0,12.0,28.92,55.69,16.0,8.0,19.28,37.13,2.0,1.0,2.41,4.64,13.0,6.5,15.66,30.17,8.0,4.0,9.64,18.56,13.0,6.5,15.66,30.17,6.0,3.0,7.23,13.92,6.0,3.0,7.23,13.92,5.0,2.5,6.02,11.6,2.0,1.0,2.41,4.64,15.0,7.5,18.07,34.81,15.0,7.5,18.07,34.81,42.17,48.19,-6.02,128.4,-5.0,-2.5,-6.02,15.51,7.76,0.48,0.57,0.45,0.33,0.67,0.16,0.75,0.13,0.62,0.42,6.02,2.41,0.18,18.07,1.2
2,高雄全家海神,122|10892,陳懷安/詹姆斯,4,177,221.0,2785.72,46.43,46:26,696.43,11.61,11:36,86.0,21.5,38.91,66.68,93.0,23.25,42.08,72.11,73.0,18.25,33.03,56.6,31.0,7.75,14.03,24.04,35.0,8.75,15.84,27.14,18.0,4.5,8.14,13.96,38.0,9.5,17.19,29.46,13.0,3.25,5.88,10.08,24.0,6.0,10.86,18.61,12.0,3.0,5.43,9.3,10.0,2.5,4.52,7.75,37.0,9.25,16.74,28.69,23.0,5.75,10.41,17.83,33.0,8.25,14.93,25.59,17.0,4.25,7.69,13.18,15.0,3.75,6.79,11.63,13.0,3.25,5.88,10.08,3.0,0.75,1.36,2.33,18.0,4.5,8.14,13.96,29.0,7.25,13.12,22.49,38.91,42.08,-3.17,114.24,-7.0,-1.75,-3.17,46.43,11.61,0.51,0.51,0.51,0.34,0.5,0.17,0.48,0.23,0.62,0.46,5.88,1.36,0.08,13.12,0.33
2,高雄全家海神,123|10892,勤明慶/詹姆斯,3,155,188.0,2133.4,35.56,35:33,711.13,11.85,11:51,79.0,26.33,42.02,79.99,85.0,28.33,45.21,86.06,60.0,20.0,31.91,60.75,24.0,8.0,12.77,24.3,36.0,12.0,19.15,36.45,14.0,4.67,7.45,14.17,24.0,8.0,12.77,24.3,10.0,3.33,5.32,10.12,29.0,9.67,15.43,29.36,21.0,7.0,11.17,21.26,12.0,4.0,6.38,12.15,27.0,9.0,14.36,27.34,17.0,5.67,9.04,17.21,26.0,8.67,13.83,26.32,13.0,4.33,6.91,13.16,14.0,4.67,7.45,14.17,10.0,3.33,5.32,10.12,6.0,2.0,3.19,6.07,19.0,6.33,10.11,19.24,32.0,10.67,17.02,32.4,42.02,45.21,-3.19,126.9,-6.0,-2.0,-3.19,35.56,11.85,0.48,0.54,0.39,0.42,0.72,0.15,0.58,0.32,0.61,0.48,5.32,3.19,0.1,17.02,0.48
2,新北國王,21|10874,李愷諺/熊祥泰,19,649,759.0,10259.99,171.0,171:00,540.0,9.0,09:00,327.0,17.21,43.08,68.84,339.0,17.84,44.66,71.37,297.0,15.63,39.13,62.53,124.0,6.53,16.34,26.11,176.0,9.26,23.19,37.05,97.0,5.11,12.78,20.42,121.0,6.37,15.94,25.47,27.0,1.42,3.56,5.68,66.0,3.47,8.7,13.89,48.0,2.53,6.32,10.11,48.0,2.53,6.32,10.11,125.0,6.58,16.47,26.32,39.0,2.05,5.14,8.21,118.0,6.21,15.55,24.84,50.0,2.63,6.59,10.53,68.0,3.58,8.96,14.32,27.0,1.42,3.56,5.68,12.0,0.63,1.58,2.53,70.0,3.68,9.22,14.74,72.0,3.79,9.49,15.16,43.08,44.66,-1.58,106.53,-12.0,-0.63,-1.58,171.0,9.0,0.46,0.5,0.55,0.22,0.73,0.13,0.55,0.29,0.76,0.52,3.56,1.58,0.09,9.49,0.22
2,新北國王,29|10874,林書緯/熊祥泰,26,1292,1516.0,20244.23,337.4,337:24,778.62,12.98,12:59,702.0,27.0,46.31,74.9,689.0,26.5,45.45,73.51,580.0,22.31,38.26,61.88,259.0,9.96,17.08,27.63,320.0,12.31,21.11,34.14,170.0,6.54,11.21,18.14,260.0,10.0,17.15,27.74,89.0,3.42,5.87,9.5,122.0,4.69,8.05,13.02,96.0,3.69,6.33,10.24,95.0,3.65,6.27,10.14,231.0,8.88,15.24,24.65,78.0,3.0,5.15,8.32,225.0,8.65,14.84,24.01,118.0,4.54,7.78,12.59,159.0,6.12,10.49,16.96,68.0,2.62,4.49,7.26,17.0,0.65,1.12,1.81,130.0,5.0,8.58,13.87,195.0,7.5,12.86,20.81,46.31,45.45,0.86,107.84,13.0,0.5,0.86,337.4,12.98,0.52,0.55,0.53,0.34,0.79,0.16,0.61,0.3,0.75,0.52,4.49,1.12,0.09,12.86,0.21
2,新北國王,867|10874,桑尼/熊祥泰,5,241,283.0,3478.43,57.97,57:58,695.69,11.59,11:36,143.0,28.6,50.53,88.8,117.0,23.4,41.34,72.65,113.0,22.6,39.93,70.17,51.0,10.2,18.02,31.67,60.0,12.0,21.2,37.26,34.0,6.8,12.01,21.11,53.0,10.6,18.73,32.91,17.0,3.4,6.01,10.56,23.0,4.6,8.13,14.28,21.0,4.2,7.42,13.04,20.0,4.0,7.07,12.42,42.0,8.4,14.84,26.08,10.0,2.0,3.53,6.21,39.0,7.8,13.78,24.22,19.0,3.8,6.71,11.8,31.0,6.2,10.95,19.25,9.0,1.8,3.18,5.59,5.0,1.0,1.77,3.1,23.0,4.6,8.13,14.28,32.0,6.4,11.31,19.87,50.53,41.34,9.19,117.16,26.0,5.2,9.19,57.97,11.59,0.53,0.58,0.57,0.32,0.91,0.13,0.61,0.34,0.81,0.56,3.18,1.77,0.08,11.31,0.2
2,新北國王,10874|10875,熊祥泰/傑登,16,612,717.0,9495.05,158.25,158:15,593.44,9.89,09:53,311.0,19.44,43.38,70.75,358.0,22.38,49.93,81.44,302.0,18.88,42.12,68.7,124.0,7.75,17.29,28.21,171.0,10.69,23.85,38.9,89.0,5.56,12.41,20.25,131.0,8.19,18.27,29.8,35.0,2.19,4.88,7.96,43.0,2.69,6.0,9.78,30.0,1.88,4.18,6.82,50.0,3.12,6.97,11.37,131.0,8.19,18.27,29.8,40.0,2.5,5.58,9.1,92.0,5.75,12.83,20.93,38.0,2.38,5.3,8.64,74.0,4.62,10.32,16.83,24.0,1.5,3.35,5.46,6.0,0.38,0.84,1.36,55.0,3.44,7.67,12.51,97.0,6.06,13.53,22.07,43.38,49.93,-6.56,108.74,-47.0,-2.94,-6.56,158.25,9.89,0.47,0.48,0.52,0.27,0.7,0.11,0.6,0.35,0.77,0.58,3.35,0.84,0.08,13.53,0.14
2,新北國王,10874|10876,熊祥泰/尚迪,6,214,252.0,3448.53,57.48,57:29,574.76,9.58,09:35,107.0,17.83,42.46,67.02,110.0,18.33,43.65,68.9,88.0,14.67,34.92,55.12,36.0,6.0,14.29,22.55,45.0,7.5,17.86,28.19,23.0,3.83,9.13,14.41,43.0,7.17,17.06,26.93,13.0,2.17,5.16,8.14,28.0,4.67,11.11,17.54,21.0,3.5,8.33,13.15,17.0,2.83,6.75,10.65,36.0,6.0,14.29,22.55,10.0,1.67,3.97,6.26,32.0,5.33,12.7,20.04,24.0,4.0,9.52,15.03,22.0,3.67,8.73,13.78,16.0,2.67,6.35,10.02,2.0,0.33,0.79,1.25,21.0,3.5,8.33,13.15,18.0,3.0,7.14,11.27,42.46,43.65,-1.19,105.23,-3.0,-0.5,-1.19,57.48,9.58,0.48,0.53,0.51,0.3,0.75,0.19,0.61,0.35,0.78,0.56,6.35,0.79,0.08,7.14,0.32
2,新北國王,10872|10874,林彥廷/熊祥泰,30,1266,1488.0,20129.78,335.5,335:30,670.99,11.18,11:11,728.0,24.27,48.92,78.12,650.0,21.67,43.68,69.75,581.0,19.37,39.05,62.34,267.0,8.9,17.94,28.65,324.0,10.8,21.77,34.77,168.0,5.6,11.29,18.03,257.0,8.57,17.27,27.58,99.0,3.3,6.65,10.62,120.0,4.0,8.06,12.88,96.0,3.2,6.45,10.3,89.0,2.97,5.98,9.55,232.0,7.73,15.59,24.89,75.0,2.5,5.04,8.05,226.0,7.53,15.19,24.25,94.0,3.13,6.32,10.09,168.0,5.6,11.29,18.03,50.0,1.67,3.36,5.37,14.0,0.47,0.94,1.5,137.0,4.57,9.21,14.7,198.0,6.6,13.31,21.25,48.92,43.68,5.24,106.45,78.0,2.6,5.24,335.5,11.18,0.54,0.57,0.52,0.39,0.8,0.13,0.63,0.28,0.76,0.52,3.36,0.94,0.09,13.31,0.21
2,高雄全家海神,110|122,胡瓏貿/陳懷安,17,611,727.0,9771.04,162.85,162:51,574.77,9.58,09:35,310.0,18.24,42.64,68.53,361.0,21.24,49.66,79.8,251.0,14.76,34.53,55.49,107.0,6.29,14.72,23.65,126.0,7.41,17.33,27.85,67.0,3.94,9.22,14.81,125.0,7.35,17.19,27.63,40.0,2.35,5.5,8.84,82.0,4.82,11.28,18.13,52.0,3.06,7.15,11.5,36.0,2.12,4.95,7.96,120.0,7.06,16.51,26.53,41.0,2.41,5.64,9.06,87.0,5.12,11.97,19.23,54.0,3.18,7.43,11.94,67.0,3.94,9.22,14.81,31.0,1.82,4.26,6.85,5.0,0.29,0.69,1.11,70.0,4.12,9.63,15.47,105.0,6.18,14.44,23.21,42.64,49.66,-7.02,107.14,-51.0,-3.0,-7.02,162.85,9.58,0.51,0.54,0.53,0.32,0.63,0.16,0.63,0.29,0.75,0.55,4.26,0.69,0.1,14.44,0.33
2,高雄全家海神,118|122,蘇文儒/陳懷安,16,423,505.0,7104.65,118.41,118:25,444.04,7.4,07:24,219.0,13.69,43.37,66.58,206.0,12.88,40.79,62.63,190.0,11.88,37.62,57.77,78.0,4.88,15.45,23.71,97.0,6.06,19.21,29.49,44.0,2.75,8.71,13.38,93.0,5.81,18.42,28.27,34.0,2.12,6.73,10.34,39.0,2.44,7.72,11.86,32.0,2.0,6.34,9.73,29.0,1.81,5.74,8.82,83.0,5.19,16.44,25.23,30.0,1.88,5.94,9.12,71.0,4.44,14.06,21.59,43.0,2.69,8.51,13.07,42.0,2.62,8.32,12.77,19.0,1.19,3.76,5.78,4.0,0.25,0.79,1.22,48.0,3.0,9.5,14.59,60.0,3.75,11.88,18.24,43.37,40.79,2.57,102.36,13.0,0.81,2.57,118.41,7.4,0.5,0.53,0.45,0.37,0.82,0.17,0.54,0.29,0.73,0.53,3.76,0.79,0.1,11.88,0.21
2,高雄全家海神,116|118,呂威霆/蘇文儒,14,499,610.0,9525.88,158.76,158:46,680.42,11.34,11:20,252.0,18.0,41.31,57.14,293.0,20.93,48.03,66.44,216.0,15.43,35.41,48.98,85.0,6.07,13.93,19.27,112.0,8.0,18.36,25.4,53.0,3.79,8.69,12.02,104.0,7.43,17.05,23.58,32.0,2.29,5.25,7.26,73.0,5.21,11.97,16.55,50.0,3.57,8.2,11.34,42.0,3.0,6.89,9.52,96.0,6.86,15.74,21.77,34.0,2.43,5.57,7.71,95.0,6.79,15.57,21.54,44.0,3.14,7.21,9.98,51.0,3.64,8.36,11.56,27.0,1.93,4.43,6.12,15.0,1.07,2.46,3.4,70.0,5.0,11.48,15.87,85.0,6.07,13.93,19.27,41.31,48.03,-6.72,92.21,-41.0,-2.93,-6.72,158.76,11.34,0.47,0.51,0.47,0.31,0.68,0.15,0.6,0.31,0.74,0.52,4.43,2.46,0.11,13.93,0.34
2,高雄全家海神,118|123,蘇文儒/勤明慶,12,316,383.0,4975.46,82.92,82:55,414.62,6.91,06:55,170.0,14.17,44.39,73.8,155.0,12.92,40.47,67.29,138.0,11.5,36.03,59.91,58.0,4.83,15.14,25.18,81.0,6.75,21.15,35.16,35.0,2.92,9.14,15.19,57.0,4.75,14.88,24.75,23.0,1.92,6.01,9.98,38.0,3.17,9.92,16.5,28.0,2.33,7.31,12.16,22.0,1.83,5.74,9.55,62.0,5.17,16.19,26.92,26.0,2.17,6.79,11.29,46.0,3.83,12.01,19.97,25.0,2.08,6.53,10.85,31.0,2.58,8.09,13.46,13.0,1.08,3.39,5.64,10.0,0.83,2.61,4.34,36.0,3.0,9.4,15.63,59.0,4.92,15.4,25.61,44.39,40.47,3.92,110.85,15.0,1.25,3.92,82.92,6.91,0.5,0.55,0.43,0.4,0.74,0.14,0.53,0.32,0.7,0.54,3.39,2.61,0.09,15.4,0.28
2,新北國王,28|29,呂政儒/林書緯,24,998,1181.0,16523.31,275.39,275:23,688.47,11.47,11:28,524.0,21.83,44.37,68.5,525.0,21.88,44.45,68.63,459.0,19.12,38.87,60.0,205.0,8.54,17.36,26.8,276.0,11.5,23.37,36.08,144.0,6.0,12.19,18.82,183.0,7.62,15.5,23.92,61.0,2.54,5.17,7.97,76.0,3.17,6.44,9.94,56.0,2.33,4.74,7.32,68.0,2.83,5.76,8.89,192.0,8.0,16.26,25.1,80.0,3.33,6.77,10.46,184.0,7.67,15.58,24.05,78.0,3.25,6.6,10.2,130.0,5.42,11.01,16.99,51.0,2.12,4.32,6.67,12.0,0.5,1.02,1.57,94.0,3.92,7.96,12.29,116.0,4.83,9.82,15.16,44.37,44.45,-0.08,102.92,-1.0,-0.04,-0.08,275.39,11.47,0.51,0.53,0.52,0.33,0.74,0.14,0.63,0.27,0.71,0.5,4.32,1.02,0.08,9.82,0.17
2,新北國王,28|10872,呂政儒/林彥廷,25,639,735.0,9844.57,164.08,164:05,393.78,6.56,06:34,329.0,13.16,44.76,72.19,328.0,13.12,44.63,71.97,280.0,11.2,38.1,61.43,126.0,5.04,17.14,27.65,170.0,6.8,23.13,37.3,89.0,3.56,12.11,19.53,110.0,4.4,14.97,24.14,37.0,1.48,5.03,8.12,61.0,2.44,8.3,13.38,45.0,1.8,6.12,9.87,37.0,1.48,5.03,8.12,120.0,4.8,16.33,26.33,46.0,1.84,6.26,10.09,122.0,4.88,16.6,26.77,45.0,1.8,6.12,9.87,87.0,3.48,11.84,19.09,30.0,1.2,4.08,6.58,10.0,0.4,1.36,2.19,68.0,2.72,9.25,14.92,73.0,2.92,9.93,16.02,44.76,44.63,0.14,107.51,1.0,0.04,0.14,164.08,6.56,0.52,0.54,0.52,0.34,0.74,0.13,0.69,0.23,0.72,0.48,4.08,1.36,0.09,9.93,0.22
2,新北國王,28|10875,呂政儒/傑登,14,500,584.0,7649.36,127.49,127:29,546.38,9.11,09:06,256.0,18.29,43.84,72.29,269.0,19.21,46.06,75.96,222.0,15.86,38.01,62.69,99.0,7.07,16.95,27.96,134.0,9.57,22.95,37.84,68.0,4.86,11.64,19.2,88.0,6.29,15.07,24.85,31.0,2.21,5.31,8.75,44.0,3.14,7.53,12.42,29.0,2.07,4.97,8.19,32.0,2.29,5.48,9.04,98.0,7.0,16.78,27.67,36.0,2.57,6.16,10.17,98.0,7.0,16.78,27.67,38.0,2.71,6.51,10.73,59.0,4.21,10.1,16.66,25.0,1.79,4.28,7.06,7.0,0.5,1.2,1.98,49.0,3.5,8.39,13.84,60.0,4.29,10.27,16.94,43.84,46.06,-2.23,109.94,-13.0,-0.93,-2.23,127.49,9.11,0.52,0.53,0.51,0.35,0.66,0.14,0.6,0.25,0.73,0.49,4.28,1.2,0.08,10.27,0.2
2,新北國王,28|10876,呂政儒/尚迪,4,59,72.0,765.95,12.77,12:46,191.49,3.19,03:11,35.0,8.75,48.61,98.7,31.0,7.75,43.06,87.42,23.0,5.75,31.94,64.86,13.0,3.25,18.06,36.66,11.0,2.75,15.28,31.02,7.0,1.75,9.72,19.74,12.0,3.0,16.67,33.84,6.0,1.5,8.33,16.92,7.0,1.75,9.72,19.74,3.0,0.75,4.17,8.46,4.0,1.0,5.56,11.28,8.0,2.0,11.11,22.56,4.0,1.0,5.56,11.28,9.0,2.25,12.5,25.38,8.0,2.0,11.11,22.56,9.0,2.25,12.5,25.38,4.0,1.0,5.56,11.28,0.0,0.0,0.0,0.0,6.0,1.5,8.33,16.92,10.0,2.5,13.89,28.2,48.61,43.06,5.56,135.36,4.0,1.0,5.56,12.77,3.19,0.7,0.67,0.64,0.5,0.43,0.23,0.69,0.31,0.67,0.48,5.56,0.0,0.08,13.89,0.3
2,新北國王,22|28,簡祐哲/呂政儒,11,226,280.0,4222.47,70.37,70:22,383.86,6.4,06:24,109.0,9.91,38.93,55.76,126.0,11.45,45.0,64.46,103.0,9.36,36.79,52.69,41.0,3.73,14.64,20.97,63.0,5.73,22.5,32.23,28.0,2.55,10.0,14.32,40.0,3.64,14.29,20.46,13.0,1.18,4.64,6.65,21.0,1.91,7.5,10.74,14.0,1.27,5.0,7.16,21.0,1.91,7.5,10.74,45.0,4.09,16.07,23.02,22.0,2.0,7.86,11.25,40.0,3.64,14.29,20.46,18.0,1.64,6.43,9.21,23.0,2.09,8.21,11.77,11.0,1.0,3.93,5.63,4.0,0.36,1.43,2.05,23.0,2.09,8.21,11.77,34.0,3.09,12.14,17.39,38.93,45.0,-6.07,95.49,-17.0,-1.55,-6.07,70.37,6.4,0.46,0.49,0.44,0.32,0.67,0.14,0.56,0.34,0.67,0.52,3.93,1.43,0.08,12.14,0.2
2,新北國王,28|867,呂政儒/桑尼,3,43,45.0,567.28,9.45,09:27,189.09,3.15,03:09,16.0,5.33,35.56,60.92,23.0,7.67,51.11,87.58,19.0,6.33,42.22,72.35,7.0,2.33,15.56,26.65,12.0,4.0,26.67,45.69,5.0,1.67,11.11,19.04,7.0,2.33,15.56,26.65,2.0,0.67,4.44,7.62,4.0,1.33,8.89,15.23,3.0,1.0,6.67,11.42,1.0,0.33,2.22,3.81,10.0,3.33,22.22,38.08,1.0,0.33,2.22,3.81,9.0,3.0,20.0,34.27,1.0,0.33,2.22,3.81,3.0,1.0,6.67,11.42,1.0,0.33,2.22,3.81,1.0,0.33,2.22,3.81,6.0,2.0,13.33,22.85,8.0,2.67,17.78,30.46,35.56,51.11,-15.56,114.23,-7.0,-2.33,-15.56,9.45,3.15,0.42,0.39,0.42,0.29,0.75,0.05,0.43,0.1,0.91,0.52,2.22,2.22,0.13,17.78,0.21
2,新北國王,25|867,林金榜/桑尼,4,170,201.0,2573.17,42.89,42:53,643.29,10.72,10:43,94.0,23.5,46.77,78.91,74.0,18.5,36.82,62.12,73.0,18.25,36.32,61.28,31.0,7.75,15.42,26.02,38.0,9.5,18.91,31.9,20.0,5.0,9.95,16.79,35.0,8.75,17.41,29.38,11.0,2.75,5.47,9.23,24.0,6.0,11.94,20.15,21.0,5.25,10.45,17.63,20.0,5.0,9.95,16.79,25.0,6.25,12.44,20.99,8.0,2.0,3.98,6.72,36.0,9.0,17.91,30.22,19.0,4.75,9.45,15.95,24.0,6.0,11.94,20.15,12.0,3.0,5.97,10.07,3.0,0.75,1.49,2.52,24.0,6.0,11.94,20.15,23.0,5.75,11.44,19.31,46.77,36.82,9.95,112.48,20.0,5.0,9.95,42.89,10.72,0.5,0.56,0.53,0.31,0.88,0.19,0.77,0.36,0.76,0.51,5.97,1.49,0.12,11.44,0.33
2,高雄全家海神,110|123,胡瓏貿/勤明慶,11,111,129.0,1577.95,26.3,26:18,143.45,2.39,02:23,49.0,4.45,37.98,67.07,68.0,6.18,52.71,93.08,34.0,3.09,26.36,46.54,14.0,1.27,10.85,19.16,18.0,1.64,13.95,24.64,8.0,0.73,6.2,10.95,16.0,1.45,12.4,21.9,6.0,0.55,4.65,8.21,24.0,2.18,18.6,32.85,15.0,1.36,11.63,20.53,3.0,0.27,2.33,4.11,17.0,1.55,13.18,23.27,8.0,0.73,6.2,10.95,16.0,1.45,12.4,21.9,14.0,1.27,10.85,19.16,8.0,0.73,6.2,10.95,8.0,0.73,6.2,10.95,3.0,0.27,2.33,4.11,11.0,1.0,8.53,15.06,21.0,1.91,16.28,28.75,37.98,52.71,-14.73,117.72,-19.0,-1.73,-14.73,26.3,2.39,0.5,0.55,0.44,0.38,0.62,0.24,0.57,0.16,0.68,0.45,6.2,2.33,0.09,16.28,0.71
2,福爾摩沙夢想家,79|89,張宗憲/蔣淯安,27,2082,2459.0,34565.05,576.08,576:05,1280.19,21.34,21:20,1148.0,42.52,46.69,71.74,1042.0,38.59,42.37,65.12,896.0,33.19,36.44,55.99,414.0,15.33,16.84,25.87,558.0,20.67,22.69,34.87,283.0,10.48,11.51,17.68,338.0,12.52,13.75,21.12,131.0,4.85,5.33,8.19,261.0,9.67,10.61,16.31,187.0,6.93,7.6,11.69,167.0,6.19,6.79,10.44,343.0,12.7,13.95,21.43,139.0,5.15,5.65,8.69,429.0,15.89,17.45,26.81,190.0,7.04,7.73,11.87,259.0,9.59,10.53,16.19,104.0,3.85,4.23,6.5,29.0,1.07,1.18,1.81,246.0,9.11,10.0,15.37,206.0,7.63,8.38,12.87,46.69,42.37,4.31,102.44,106.0,3.93,4.31,576.08,21.34,0.54,0.57,0.51,0.39,0.72,0.16,0.63,0.28,0.71,0.47,4.23,1.18,0.1,8.38,0.29
2,福爾摩沙夢想家,79|99,張宗憲/盧冠良,15,370,420.0,6234.56,103.91,103:55,415.64,6.93,06:56,194.0,12.93,46.19,67.21,198.0,13.2,47.14,68.6,158.0,10.53,37.62,54.74,72.0,4.8,17.14,24.94,97.0,6.47,23.1,33.61,50.0,3.33,11.9,17.32,61.0,4.07,14.52,21.13,22.0,1.47,5.24,7.62,41.0,2.73,9.76,14.2,30.0,2.0,7.14,10.39,25.0,1.67,5.95,8.66,66.0,4.4,15.71,22.87,20.0,1.33,4.76,6.93,66.0,4.4,15.71,22.87,29.0,1.93,6.9,10.05,37.0,2.47,8.81,12.82,15.0,1.0,3.57,5.2,6.0,0.4,1.43,2.08,39.0,2.6,9.29,13.51,34.0,2.27,8.1,11.78,46.19,47.14,-0.95,97.01,-4.0,-0.27,-0.95,103.91,6.93,0.53,0.55,0.52,0.36,0.73,0.14,0.51,0.27,0.77,0.51,3.57,1.43,0.09,8.1,0.26
2,福爾摩沙夢想家,79|106,張宗憲/高柏鎧,18,1181,1403.0,19626.88,327.11,327:07,1090.38,18.17,18:10,597.0,33.17,42.55,65.7,616.0,34.22,43.91,67.79,501.0,27.83,35.71,55.14,216.0,12.0,15.4,23.77,300.0,16.67,21.38,33.02,150.0,8.33,10.69,16.51,201.0,11.17,14.33,22.12,66.0,3.67,4.7,7.26,134.0,7.44,9.55,14.75,97.0,5.39,6.91,10.68,95.0,5.28,6.77,10.46,201.0,11.17,14.33,22.12,82.0,4.56,5.84,9.02,251.0,13.94,17.89,27.62,121.0,6.72,8.62,13.32,124.0,6.89,8.84,13.65,66.0,3.67,4.7,7.26,13.0,0.72,0.93,1.43,131.0,7.28,9.34,14.42,116.0,6.44,8.27,12.77,42.55,43.91,-1.35,102.94,-19.0,-1.06,-1.35,327.11,18.17,0.5,0.53,0.5,0.33,0.72,0.18,0.57,0.27,0.71,0.47,4.7,0.93,0.09,8.27,0.27
2,福爾摩沙夢想家,79|107,張宗憲/霍爾曼,22,1513,1787.0,24306.92,405.12,405:07,1104.86,18.41,18:25,833.0,37.86,46.61,74.02,785.0,35.68,43.93,69.76,633.0,28.77,35.42,56.25,284.0,12.91,15.89,25.24,360.0,16.36,20.15,31.99,179.0,8.14,10.02,15.91,273.0,12.41,15.28,24.26,105.0,4.77,5.88,9.33,216.0,9.82,12.09,19.19,157.0,7.14,8.79,13.95,111.0,5.05,6.21,9.86,256.0,11.64,14.33,22.75,103.0,4.68,5.76,9.15,283.0,12.86,15.84,25.15,141.0,6.41,7.89,12.53,182.0,8.27,10.18,16.17,77.0,3.5,4.31,6.84,21.0,0.95,1.18,1.87,179.0,8.14,10.02,15.91,195.0,8.86,10.91,17.33,46.61,43.93,2.69,105.87,48.0,2.18,2.69,405.12,18.41,0.53,0.57,0.5,0.38,0.73,0.16,0.64,0.28,0.71,0.49,4.31,1.18,0.1,10.91,0.34
2,福爾摩沙夢想家,89|99,蔣淯安/盧冠良,25,891,1040.0,14865.95,247.77,247:46,594.64,9.91,09:55,471.0,18.84,45.29,68.44,484.0,19.36,46.54,70.32,368.0,14.72,35.38,53.47,167.0,6.68,16.06,24.26,194.0,7.76,18.65,28.19,106.0,4.24,10.19,15.4,174.0,6.96,16.73,25.28,61.0,2.44,5.87,8.86,89.0,3.56,8.56,12.93,72.0,2.88,6.92,10.46,54.0,2.16,5.19,7.85,155.0,6.2,14.9,22.52,67.0,2.68,6.44,9.74,170.0,6.8,16.35,24.7,90.0,3.6,8.65,13.08,91.0,3.64,8.75,13.22,48.0,1.92,4.62,6.97,10.0,0.4,0.96,1.45,96.0,3.84,9.23,13.95,86.0,3.44,8.27,12.5,45.29,46.54,-1.25,100.74,-13.0,-0.52,-1.25,247.77,9.91,0.54,0.58,0.55,0.35,0.81,0.18,0.54,0.24,0.7,0.47,4.62,0.96,0.09,8.27,0.24
2,福爾摩沙夢想家,89|106,蔣淯安/高柏鎧,20,1542,1819.0,25388.38,423.14,423:08,1269.42,21.16,21:09,780.0,39.0,42.88,66.36,757.0,37.85,41.62,64.4,638.0,31.9,35.07,54.28,273.0,13.65,15.01,23.23,348.0,17.4,19.13,29.61,181.0,9.05,9.95,15.4,290.0,14.5,15.94,24.67,92.0,4.6,5.06,7.83,177.0,8.85,9.73,15.06,137.0,6.85,7.53,11.66,114.0,5.7,6.27,9.7,264.0,13.2,14.51,22.46,104.0,5.2,5.72,8.85,340.0,17.0,18.69,28.93,165.0,8.25,9.07,14.04,155.0,7.75,8.52,13.19,92.0,4.6,5.06,7.83,17.0,0.85,0.93,1.45,184.0,9.2,10.12,15.65,153.0,7.65,8.41,13.02,42.88,41.62,1.26,103.17,23.0,1.15,1.26,423.14,21.16,0.5,0.54,0.52,0.32,0.77,0.19,0.57,0.25,0.72,0.46,5.06,0.93,0.1,8.41,0.28
2,福爾摩沙夢想家,89|107,蔣淯安/霍爾曼,25,1814,2156.0,30331.54,505.53,505:32,1213.26,20.22,20:13,1043.0,41.72,48.38,74.28,966.0,38.64,44.81,68.79,767.0,30.68,35.58,54.62,354.0,14.16,16.42,25.21,412.0,16.48,19.11,29.34,224.0,8.96,10.39,15.95,355.0,14.2,16.47,25.28,130.0,5.2,6.03,9.26,256.0,10.24,11.87,18.23,200.0,8.0,9.28,14.24,133.0,5.32,6.17,9.47,300.0,12.0,13.91,21.36,131.0,5.24,6.08,9.33,344.0,13.76,15.96,24.5,177.0,7.08,8.21,12.6,222.0,8.88,10.3,15.81,94.0,3.76,4.36,6.69,27.0,1.08,1.25,1.92,216.0,8.64,10.02,15.38,224.0,8.96,10.39,15.95,48.38,44.81,3.57,102.36,77.0,3.08,3.57,505.53,20.22,0.55,0.59,0.54,0.37,0.78,0.17,0.63,0.28,0.7,0.48,4.36,1.25,0.1,10.39,0.33
2,福爾摩沙夢想家,99|106,盧冠良/高柏鎧,17,651,764.0,10403.5,173.39,173:24,611.97,10.2,10:12,324.0,19.06,42.41,67.27,336.0,19.76,43.98,69.76,261.0,15.35,34.16,54.19,115.0,6.76,15.05,23.88,144.0,8.47,18.85,29.9,80.0,4.71,10.47,16.61,117.0,6.88,15.31,24.29,35.0,2.06,4.58,7.27,89.0,5.24,11.65,18.48,63.0,3.71,8.25,13.08,43.0,2.53,5.63,8.93,110.0,6.47,14.4,22.84,42.0,2.47,5.5,8.72,139.0,8.18,18.19,28.86,67.0,3.94,8.77,13.91,62.0,3.65,8.12,12.87,32.0,1.88,4.19,6.64,8.0,0.47,1.05,1.66,93.0,5.47,12.17,19.31,55.0,3.24,7.2,11.42,42.41,43.98,-1.57,105.75,-12.0,-0.71,-1.57,173.39,10.2,0.51,0.54,0.56,0.3,0.71,0.18,0.54,0.24,0.72,0.46,4.19,1.05,0.12,7.2,0.34
2,福爾摩沙夢想家,99|107,盧冠良/霍爾曼,20,929,1099.0,15773.32,262.89,262:53,788.67,13.14,13:09,536.0,26.8,48.77,73.4,507.0,25.35,46.13,69.43,400.0,20.0,36.4,54.78,179.0,8.95,16.29,24.51,206.0,10.3,18.74,28.21,106.0,5.3,9.65,14.52,194.0,9.7,17.65,26.57,73.0,3.65,6.64,10.0,129.0,6.45,11.74,17.67,101.0,5.05,9.19,13.83,76.0,3.8,6.92,10.41,155.0,7.75,14.1,21.23,65.0,3.25,5.91,8.9,174.0,8.7,15.83,23.83,85.0,4.25,7.73,11.64,102.0,5.1,9.28,13.97,46.0,2.3,4.19,6.3,10.0,0.5,0.91,1.37,119.0,5.95,10.83,16.3,93.0,4.65,8.46,12.74,48.77,46.13,2.64,100.33,29.0,1.45,2.64,262.89,13.14,0.54,0.59,0.51,0.38,0.78,0.16,0.57,0.3,0.7,0.49,4.19,0.91,0.11,8.46,0.32
2,福爾摩沙夢想家,106|107,高柏鎧/霍爾曼,13,724,862.0,11824.83,197.08,197:05,909.6,15.16,15:10,399.0,30.69,46.29,72.88,392.0,30.15,45.48,71.61,301.0,23.15,34.92,54.98,138.0,10.62,16.01,25.21,150.0,11.54,17.4,27.4,83.0,6.38,9.63,15.16,151.0,11.62,17.52,27.58,55.0,4.23,6.38,10.05,90.0,6.92,10.44,16.44,65.0,5.0,7.54,11.87,56.0,4.31,6.5,10.23,114.0,8.77,13.23,20.82,48.0,3.69,5.57,8.77,144.0,11.08,16.71,26.3,80.0,6.15,9.28,14.61,76.0,5.85,8.82,13.88,41.0,3.15,4.76,7.49,7.0,0.54,0.81,1.28,89.0,6.85,10.32,16.26,85.0,6.54,9.86,15.53,46.29,45.48,0.81,104.97,7.0,0.54,0.81,197.08,15.16,0.55,0.59,0.55,0.36,0.72,0.19,0.55,0.28,0.7,0.47,4.76,0.81,0.1,9.86,0.3
2,新北國王,21|34,李愷諺/沃許本,17,1321,1571.0,21527.7,358.8,358:48,1266.34,21.11,21:06,709.0,41.71,45.13,71.14,701.0,41.24,44.62,70.34,583.0,34.29,37.11,58.5,260.0,15.29,16.55,26.09,364.0,21.41,23.17,36.52,195.0,11.47,12.41,19.57,219.0,12.88,13.94,21.97,65.0,3.82,4.14,6.52,154.0,9.06,9.8,15.45,122.0,7.18,7.77,12.24,89.0,5.24,5.67,8.93,242.0,14.24,15.4,24.28,106.0,6.24,6.75,10.64,248.0,14.59,15.79,24.88,101.0,5.94,6.43,10.13,144.0,8.47,9.17,14.45,59.0,3.47,3.76,5.92,21.0,1.24,1.34,2.11,147.0,8.65,9.36,14.75,126.0,7.41,8.02,12.64,45.13,44.62,0.51,105.09,8.0,0.47,0.51,358.8,21.11,0.5,0.54,0.54,0.3,0.79,0.13,0.55,0.26,0.7,0.48,3.76,1.34,0.09,8.02,0.26
2,新北國王,29|34,林書緯/沃許本,20,2043,2409.0,33957.15,565.95,565:57,1697.86,28.3,28:18,1122.0,56.1,46.58,71.37,1066.0,53.3,44.25,67.81,914.0,45.7,37.94,58.14,424.0,21.2,17.6,26.97,554.0,27.7,23.0,35.24,300.0,15.0,12.45,19.08,360.0,18.0,14.94,22.9,124.0,6.2,5.15,7.89,183.0,9.15,7.6,11.64,151.0,7.55,6.27,9.61,141.0,7.05,5.85,8.97,355.0,17.75,14.74,22.58,160.0,8.0,6.64,10.18,371.0,18.55,15.4,23.6,173.0,8.65,7.18,11.0,246.0,12.3,10.21,15.65,103.0,5.15,4.28,6.55,28.0,1.4,1.16,1.78,194.0,9.7,8.05,12.34,178.0,8.9,7.39,11.32,46.58,44.25,2.32,102.16,56.0,2.8,2.32,565.95,28.3,0.53,0.56,0.54,0.34,0.83,0.15,0.58,0.28,0.69,0.48,4.28,1.16,0.08,7.39,0.2
2,新北國王,34|10874,沃許本/熊祥泰,20,897,1070.0,14448.14,240.8,240:48,722.41,12.04,12:02,476.0,23.8,44.49,71.16,456.0,22.8,42.62,68.17,415.0,20.75,38.79,62.04,182.0,9.1,17.01,27.21,250.0,12.5,23.36,37.38,135.0,6.75,12.62,20.18,165.0,8.25,15.42,24.67,47.0,2.35,4.39,7.03,91.0,4.55,8.5,13.6,68.0,3.4,6.36,10.17,70.0,3.5,6.54,10.47,166.0,8.3,15.51,24.82,62.0,3.1,5.79,9.27,168.0,8.4,15.7,25.12,75.0,3.75,7.01,11.21,99.0,4.95,9.25,14.8,40.0,2.0,3.74,5.98,12.0,0.6,1.12,1.79,99.0,4.95,9.25,14.8,100.0,5.0,9.35,14.95,44.49,42.62,1.87,106.64,20.0,1.0,1.87,240.8,12.04,0.5,0.52,0.54,0.28,0.75,0.14,0.54,0.29,0.73,0.51,3.74,1.12,0.09,9.35,0.22
2,新北國王,34|10876,沃許本/尚迪,4,165,201.0,2414.84,40.25,40:15,603.71,10.06,10:04,73.0,18.25,36.32,65.3,87.0,21.75,43.28,77.82,64.0,16.0,31.84,57.25,29.0,7.25,14.43,25.94,35.0,8.75,17.41,31.31,21.0,5.25,10.45,18.78,29.0,7.25,14.43,25.94,8.0,2.0,3.98,7.16,13.0,3.25,6.47,11.63,8.0,2.0,3.98,7.16,11.0,2.75,5.47,9.84,26.0,6.5,12.94,23.26,20.0,5.0,9.95,17.89,29.0,7.25,14.43,25.94,21.0,5.25,10.45,18.78,15.0,3.75,7.46,13.42,13.0,3.25,6.47,11.63,3.0,0.75,1.49,2.68,12.0,3.0,5.97,10.73,22.0,5.5,10.95,19.68,36.32,43.28,-6.97,119.86,-14.0,-3.5,-6.97,40.25,10.06,0.52,0.52,0.6,0.28,0.62,0.23,0.52,0.28,0.57,0.43,6.47,1.49,0.06,10.95,0.2
2,福爾摩沙夢想家,79|101,張宗憲/周柏臣,7,108,128.0,1486.28,24.77,24:46,212.33,3.54,03:32,49.0,7.0,38.28,71.21,71.0,10.14,55.47,103.18,38.0,5.43,29.69,55.23,15.0,2.14,11.72,21.8,25.0,3.57,19.53,36.33,11.0,1.57,8.59,15.99,13.0,1.86,10.16,18.89,4.0,0.57,3.12,5.81,24.0,3.43,18.75,34.88,16.0,2.29,12.5,23.25,9.0,1.29,7.03,13.08,16.0,2.29,12.5,23.25,4.0,0.57,3.12,5.81,16.0,2.29,12.5,23.25,15.0,2.14,11.72,21.8,7.0,1.0,5.47,10.17,7.0,1.0,5.47,10.17,3.0,0.43,2.34,4.36,11.0,1.57,8.59,15.99,8.0,1.14,6.25,11.63,38.28,55.47,-17.19,124.01,-22.0,-3.14,-17.19,24.77,3.54,0.45,0.5,0.44,0.31,0.67,0.24,0.47,0.36,0.8,0.56,5.47,2.34,0.09,6.25,0.63
2,福爾摩沙夢想家,79|103,張宗憲/忻沃克,26,1643,1947.0,27358.24,455.97,455:58,1052.24,17.54,17:32,884.0,34.0,45.4,69.79,822.0,31.62,42.22,64.9,714.0,27.46,36.67,56.37,312.0,12.0,16.02,24.63,413.0,15.88,21.21,32.61,197.0,7.58,10.12,15.55,301.0,11.58,15.46,23.76,115.0,4.42,5.91,9.08,187.0,7.19,9.6,14.76,134.0,5.15,6.88,10.58,132.0,5.08,6.78,10.42,287.0,11.04,14.74,22.66,112.0,4.31,5.75,8.84,325.0,12.5,16.69,25.66,152.0,5.85,7.81,12.0,202.0,7.77,10.37,15.95,87.0,3.35,4.47,6.87,16.0,0.62,0.82,1.26,186.0,7.15,9.55,14.69,159.0,6.12,8.17,12.55,45.4,42.22,3.18,102.48,62.0,2.38,3.18,455.97,17.54,0.52,0.56,0.48,0.38,0.72,0.16,0.65,0.29,0.72,0.49,4.47,0.82,0.1,8.17,0.26
2,福爾摩沙夢想家,89|101,蔣淯安/周柏臣,12,228,276.0,3651.38,60.86,60:51,304.28,5.07,05:04,108.0,9.0,39.13,63.89,134.0,11.17,48.55,79.27,93.0,7.75,33.7,55.01,34.0,2.83,12.32,20.11,56.0,4.67,20.29,33.13,25.0,2.08,9.06,14.79,37.0,3.08,13.41,21.89,9.0,0.75,3.26,5.32,37.0,3.08,13.41,21.89,30.0,2.5,10.87,17.75,22.0,1.83,7.97,13.01,40.0,3.33,14.49,23.66,12.0,1.0,4.35,7.1,36.0,3.0,13.04,21.3,28.0,2.33,10.14,16.56,14.0,1.17,5.07,8.28,18.0,1.5,6.52,10.65,4.0,0.33,1.45,2.37,29.0,2.42,10.51,17.16,21.0,1.75,7.61,12.42,39.13,48.55,-9.42,108.85,-26.0,-2.17,-9.42,60.86,5.07,0.41,0.49,0.45,0.24,0.81,0.2,0.41,0.38,0.77,0.56,6.52,1.45,0.11,7.61,0.4
2,福爾摩沙夢想家,89|103,蔣淯安/忻沃克,31,2289,2715.0,38834.92,647.25,647:15,1252.74,20.88,20:53,1268.0,40.9,46.7,70.53,1162.0,37.48,42.8,64.63,1010.0,32.58,37.2,56.18,443.0,14.29,16.32,24.64,549.0,17.71,20.22,30.54,281.0,9.06,10.35,15.63,461.0,14.87,16.98,25.64,162.0,5.23,5.97,9.01,283.0,9.13,10.42,15.74,213.0,6.87,7.85,11.85,180.0,5.81,6.63,10.01,416.0,13.42,15.32,23.14,145.0,4.68,5.34,8.06,463.0,14.94,17.05,25.75,208.0,6.71,7.66,11.57,277.0,8.94,10.2,15.41,119.0,3.84,4.38,6.62,29.0,0.94,1.07,1.61,267.0,8.61,9.83,14.85,234.0,7.55,8.62,13.02,46.7,42.8,3.9,100.67,106.0,3.42,3.9,647.25,20.88,0.52,0.56,0.51,0.35,0.75,0.15,0.63,0.28,0.74,0.5,4.38,1.07,0.1,8.62,0.28
2,福爾摩沙夢想家,101|103,周柏臣/忻沃克,7,103,120.0,1579.12,26.32,26:19,225.59,3.76,03:46,40.0,5.71,33.33,54.71,65.0,9.29,54.17,88.91,37.0,5.29,30.83,50.61,13.0,1.86,10.83,17.78,20.0,2.86,16.67,27.36,8.0,1.14,6.67,10.94,17.0,2.43,14.17,23.25,5.0,0.71,4.17,6.84,17.0,2.43,14.17,23.25,11.0,1.57,9.17,15.05,7.0,1.0,5.83,9.57,18.0,2.57,15.0,24.62,5.0,0.71,4.17,6.84,14.0,2.0,11.67,19.15,17.0,2.43,14.17,23.25,9.0,1.29,7.5,12.31,7.0,1.0,5.83,9.57,1.0,0.14,0.83,1.37,11.0,1.57,9.17,15.05,10.0,1.43,8.33,13.68,33.33,54.17,-20.83,109.43,-25.0,-3.57,-20.83,26.32,3.76,0.42,0.45,0.4,0.29,0.65,0.28,0.69,0.33,0.78,0.57,5.83,0.83,0.09,8.33,0.46
2,福爾摩沙夢想家,101|107,周柏臣/霍爾曼,7,205,240.0,3199.22,53.32,53:19,457.03,7.62,07:37,95.0,13.57,39.58,64.14,130.0,18.57,54.17,87.77,73.0,10.43,30.42,49.29,28.0,4.0,11.67,18.9,40.0,5.71,16.67,27.01,17.0,2.43,7.08,11.48,33.0,4.71,13.75,22.28,11.0,1.57,4.58,7.43,32.0,4.57,13.33,21.61,26.0,3.71,10.83,17.55,12.0,1.71,5.0,8.1,35.0,5.0,14.58,23.63,12.0,1.71,5.0,8.1,31.0,4.43,12.92,20.93,28.0,4.0,11.67,18.9,16.0,2.29,6.67,10.8,15.0,2.14,6.25,10.13,4.0,0.57,1.67,2.7,28.0,4.0,11.67,18.9,18.0,2.57,7.5,12.15,39.58,54.17,-14.58,108.03,-35.0,-5.0,-14.58,53.32,7.62,0.46,0.55,0.42,0.33,0.81,0.24,0.57,0.28,0.74,0.52,6.25,1.67,0.12,7.5,0.44
2,福爾摩沙夢想家,103|107,忻沃克/霍爾曼,25,1620,1950.0,26203.32,436.72,436:43,1048.13,17.47,17:28,957.0,38.28,49.08,78.89,856.0,34.24,43.9,70.56,722.0,28.88,37.03,59.52,321.0,12.84,16.46,26.46,366.0,14.64,18.77,30.17,185.0,7.4,9.49,15.25,356.0,14.24,18.26,29.35,136.0,5.44,6.97,11.21,220.0,8.8,11.28,18.14,175.0,7.0,8.97,14.43,140.0,5.6,7.18,11.54,272.0,10.88,13.95,22.42,108.0,4.32,5.54,8.9,304.0,12.16,15.59,25.06,147.0,5.88,7.54,12.12,196.0,7.84,10.05,16.16,78.0,3.12,4.0,6.43,23.0,0.92,1.18,1.9,189.0,7.56,9.69,15.58,222.0,8.88,11.38,18.3,49.08,43.9,5.18,107.16,101.0,4.04,5.18,436.72,17.47,0.54,0.58,0.51,0.38,0.8,0.15,0.61,0.32,0.72,0.5,4.0,1.18,0.1,11.38,0.3
2,新北國王,34|10872,沃許本/林彥廷,22,1510,1788.0,24513.48,408.56,408:33,1114.25,18.57,18:34,810.0,36.82,45.3,71.37,777.0,35.32,43.46,68.47,660.0,30.0,36.91,58.16,302.0,13.73,16.89,26.61,414.0,18.82,23.15,36.48,219.0,9.95,12.25,19.3,246.0,11.18,13.76,21.68,83.0,3.77,4.64,7.31,167.0,7.59,9.34,14.72,125.0,5.68,6.99,11.01,91.0,4.14,5.09,8.02,278.0,12.64,15.55,24.5,130.0,5.91,7.27,11.45,279.0,12.68,15.6,24.58,111.0,5.05,6.21,9.78,193.0,8.77,10.79,17.01,67.0,3.05,3.75,5.9,16.0,0.73,0.89,1.41,172.0,7.82,9.62,15.16,159.0,7.23,8.89,14.01,45.3,43.46,1.85,105.03,33.0,1.5,1.85,408.56,18.57,0.52,0.55,0.53,0.34,0.75,0.13,0.64,0.25,0.68,0.47,3.75,0.89,0.1,8.89,0.25
2,新北國王,34|10875,沃許本/傑登,11,647,776.0,10352.22,172.54,172:32,941.11,15.69,15:41,351.0,31.91,45.23,73.24,336.0,30.55,43.3,70.11,282.0,25.64,36.34,58.84,129.0,11.73,16.62,26.92,188.0,17.09,24.23,39.23,95.0,8.64,12.24,19.82,94.0,8.55,12.11,19.61,34.0,3.09,4.38,7.09,82.0,7.45,10.57,17.11,63.0,5.73,8.12,13.15,45.0,4.09,5.8,9.39,115.0,10.45,14.82,23.99,54.0,4.91,6.96,11.27,121.0,11.0,15.59,25.25,49.0,4.45,6.31,10.22,80.0,7.27,10.31,16.69,30.0,2.73,3.87,6.26,10.0,0.91,1.29,2.09,70.0,6.36,9.02,14.61,73.0,6.64,9.41,15.23,45.23,43.3,1.93,107.94,15.0,1.36,1.93,172.54,15.69,0.52,0.55,0.51,0.36,0.77,0.13,0.62,0.27,0.68,0.48,3.87,1.29,0.09,9.41,0.29
2,福爾摩沙夢想家,79|86,張宗憲/林俊吉,19,782,908.0,12523.18,208.72,208:43,659.11,10.99,10:59,406.0,21.37,44.71,70.03,403.0,21.21,44.38,69.51,321.0,16.89,35.35,55.37,139.0,7.32,15.31,23.97,174.0,9.16,19.16,30.01,86.0,4.53,9.47,14.83,147.0,7.74,16.19,25.35,53.0,2.79,5.84,9.14,107.0,5.63,11.78,18.46,77.0,4.05,8.48,13.28,49.0,2.58,5.4,8.45,143.0,7.53,15.75,24.66,42.0,2.21,4.63,7.24,143.0,7.53,15.75,24.66,74.0,3.89,8.15,12.76,91.0,4.79,10.02,15.7,46.0,2.42,5.07,7.93,7.0,0.37,0.77,1.21,83.0,4.37,9.14,14.32,120.0,6.32,13.22,20.7,44.71,44.38,0.33,104.41,3.0,0.16,0.33,208.72,10.99,0.52,0.55,0.49,0.36,0.72,0.17,0.65,0.26,0.77,0.51,5.07,0.77,0.09,13.22,0.33
2,福爾摩沙夢想家,86|99,林俊吉/盧冠良,21,678,803.0,10713.52,178.56,178:34,510.17,8.5,08:30,401.0,19.1,49.94,80.85,356.0,16.95,44.33,71.77,284.0,13.52,35.37,57.26,132.0,6.29,16.44,26.61,150.0,7.14,18.68,30.24,76.0,3.62,9.46,15.32,134.0,6.38,16.69,27.02,56.0,2.67,6.97,11.29,109.0,5.19,13.57,21.98,81.0,3.86,10.09,16.33,49.0,2.33,6.1,9.88,111.0,5.29,13.82,22.38,37.0,1.76,4.61,7.46,136.0,6.48,16.94,27.42,57.0,2.71,7.1,11.49,83.0,3.95,10.34,16.73,30.0,1.43,3.74,6.05,7.0,0.33,0.87,1.41,92.0,4.38,11.46,18.55,78.0,3.71,9.71,15.73,49.94,44.33,5.6,107.93,45.0,2.14,5.6,178.56,8.5,0.56,0.6,0.51,0.42,0.74,0.15,0.63,0.26,0.75,0.48,3.74,0.87,0.11,9.71,0.38
2,福爾摩沙夢想家,86|101,林俊吉/周柏臣,9,107,128.0,1615.04,26.92,26:55,179.45,2.99,02:59,42.0,4.67,32.81,56.17,67.0,7.44,52.34,89.61,39.0,4.33,30.47,52.16,13.0,1.44,10.16,17.39,23.0,2.56,17.97,30.76,10.0,1.11,7.81,13.37,16.0,1.78,12.5,21.4,3.0,0.33,2.34,4.01,20.0,2.22,15.62,26.75,14.0,1.56,10.94,18.72,6.0,0.67,4.69,8.02,21.0,2.33,16.41,28.09,5.0,0.56,3.91,6.69,17.0,1.89,13.28,22.74,14.0,1.56,10.94,18.72,7.0,0.78,5.47,9.36,6.0,0.67,4.69,8.02,1.0,0.11,0.78,1.34,14.0,1.56,10.94,18.72,12.0,1.33,9.38,16.05,32.81,52.34,-19.53,114.13,-25.0,-2.78,-19.53,26.92,2.99,0.37,0.44,0.43,0.19,0.7,0.23,0.54,0.26,0.81,0.55,4.69,0.78,0.11,9.38,0.51
2,福爾摩沙夢想家,86|107,林俊吉/霍爾曼,20,1251,1477.0,20079.04,334.65,334:39,1003.95,16.73,16:44,743.0,37.15,50.3,79.93,671.0,33.55,45.43,72.18,548.0,27.4,37.1,58.95,248.0,12.4,16.79,26.68,282.0,14.1,19.09,30.34,144.0,7.2,9.75,15.49,266.0,13.3,18.01,28.61,104.0,5.2,7.04,11.19,188.0,9.4,12.73,20.22,143.0,7.15,9.68,15.38,101.0,5.05,6.84,10.87,214.0,10.7,14.49,23.02,71.0,3.55,4.81,7.64,231.0,11.55,15.64,24.85,105.0,5.25,7.11,11.3,164.0,8.2,11.1,17.64,54.0,2.7,3.66,5.81,11.0,0.55,0.74,1.18,150.0,7.5,10.16,16.14,192.0,9.6,13.0,20.65,50.3,45.43,4.87,105.93,72.0,3.6,4.87,334.65,16.73,0.55,0.59,0.51,0.39,0.76,0.14,0.66,0.3,0.75,0.51,3.66,0.74,0.1,13.0,0.34
2,福爾摩沙夢想家,99|101,盧冠良/周柏臣,7,136,160.0,2143.47,35.72,35:43,306.21,5.1,05:06,64.0,9.14,40.0,64.49,99.0,14.14,61.88,99.76,54.0,7.71,33.75,54.42,21.0,3.0,13.12,21.16,32.0,4.57,20.0,32.25,15.0,2.14,9.38,15.12,22.0,3.14,13.75,22.17,6.0,0.86,3.75,6.05,13.0,1.86,8.12,13.1,13.0,1.86,8.12,13.1,10.0,1.43,6.25,10.08,24.0,3.43,15.0,24.19,7.0,1.0,4.38,7.05,22.0,3.14,13.75,22.17,16.0,2.29,10.0,16.12,7.0,1.0,4.38,7.05,11.0,1.57,6.88,11.08,3.0,0.43,1.88,3.02,16.0,2.29,10.0,16.12,15.0,2.14,9.38,15.12,40.0,61.88,-21.88,107.49,-35.0,-5.0,-21.88,35.72,5.1,0.44,0.54,0.47,0.27,1.0,0.21,0.33,0.31,0.77,0.54,6.88,1.88,0.1,9.38,0.24
2,福爾摩沙夢想家,86|97,林俊吉/史承平,2,33,37.0,403.19,6.72,06:43,201.59,3.36,03:22,16.0,8.0,43.24,85.72,17.0,8.5,45.95,91.07,8.0,4.0,21.62,42.86,4.0,2.0,10.81,21.43,4.0,2.0,10.81,21.43,1.0,0.5,2.7,5.36,4.0,2.0,10.81,21.43,3.0,1.5,8.11,16.07,7.0,3.5,18.92,37.5,5.0,2.5,13.51,26.79,0.0,0.0,0.0,0.0,5.0,2.5,13.51,26.79,2.0,1.0,5.41,10.71,3.0,1.5,8.11,16.07,5.0,2.5,13.51,26.79,4.0,2.0,10.81,21.43,2.0,1.0,5.41,10.71,1.0,0.5,2.7,5.36,7.0,3.5,18.92,37.5,4.0,2.0,10.81,21.43,43.24,45.95,-2.7,132.15,-1.0,-0.5,-2.7,6.72,3.36,0.69,0.72,0.25,0.75,0.71,0.31,1.0,0.0,0.71,0.5,5.41,2.7,0.19,10.81,0.88
2,福爾摩沙夢想家,86|106,林俊吉/高柏鎧,13,629,749.0,9296.93,154.95,154:57,715.15,11.92,11:55,327.0,25.15,43.66,75.97,313.0,24.08,41.79,72.72,248.0,19.08,33.11,57.62,111.0,8.54,14.82,25.79,147.0,11.31,19.63,34.15,78.0,6.0,10.41,18.12,101.0,7.77,13.48,23.47,33.0,2.54,4.41,7.67,97.0,7.46,12.95,22.54,71.0,5.46,9.48,16.5,40.0,3.08,5.34,9.29,105.0,8.08,14.02,24.4,40.0,3.08,5.34,9.29,129.0,9.92,17.22,29.97,67.0,5.15,8.95,15.57,55.0,4.23,7.34,12.78,40.0,3.08,5.34,9.29,11.0,0.85,1.47,2.56,73.0,5.62,9.75,16.96,77.0,5.92,10.28,17.89,43.66,41.79,1.87,116.01,14.0,1.08,1.87,154.95,11.92,0.51,0.56,0.53,0.33,0.73,0.19,0.5,0.24,0.72,0.46,5.34,1.47,0.1,10.28,0.39
2,福爾摩沙夢想家,97|99,史承平/盧冠良,2,19,22.0,299.13,4.99,04:59,149.57,2.49,02:30,5.0,2.5,22.73,36.1,9.0,4.5,40.91,64.99,8.0,4.0,36.36,57.77,1.0,0.5,4.55,7.22,5.0,2.5,22.73,36.1,1.0,0.5,4.55,7.22,3.0,1.5,13.64,21.66,0.0,0.0,0.0,0.0,3.0,1.5,13.64,21.66,3.0,1.5,13.64,21.66,2.0,1.0,9.09,14.44,5.0,2.5,22.73,36.1,1.0,0.5,4.55,7.22,2.0,1.0,9.09,14.44,2.0,1.0,9.09,14.44,0.0,0.0,0.0,0.0,1.0,0.5,4.55,7.22,0.0,0.0,0.0,0.0,3.0,1.5,13.64,21.66,0.0,0.0,0.0,0.0,22.73,40.91,-18.18,105.91,-4.0,-2.0,-18.18,4.99,2.49,0.12,0.27,0.2,0.0,1.0,0.18,0.0,0.5,0.83,0.7,4.55,0.0,0.14,0.0,0.38
2,福爾摩沙夢想家,97|101,史承平/周柏臣,10,60,80.0,979.46,16.32,16:19,97.95,1.63,01:38,30.0,3.0,37.5,66.16,28.0,2.8,35.0,61.75,23.0,2.3,28.75,50.72,9.0,0.9,11.25,19.85,13.0,1.3,16.25,28.67,6.0,0.6,7.5,13.23,10.0,1.0,12.5,22.05,3.0,0.3,3.75,6.62,15.0,1.5,18.75,33.08,9.0,0.9,11.25,19.85,4.0,0.4,5.0,8.82,9.0,0.9,11.25,19.85,6.0,0.6,7.5,13.23,11.0,1.1,13.75,24.26,8.0,0.8,10.0,17.64,7.0,0.7,8.75,15.44,4.0,0.4,5.0,8.82,1.0,0.1,1.25,2.21,9.0,0.9,11.25,19.85,4.0,0.4,5.0,8.82,37.5,35.0,2.5,117.62,2.0,0.2,2.5,16.32,1.63,0.46,0.51,0.46,0.3,0.6,0.21,0.78,0.27,0.6,0.43,5.0,1.25,0.11,5.0,0.65
2,福爾摩沙夢想家,97|106,史承平/高柏鎧,2,57,63.0,824.25,13.74,13:44,412.13,6.87,06:52,26.0,13.0,41.27,68.13,33.0,16.5,52.38,86.48,21.0,10.5,33.33,55.03,7.0,3.5,11.11,18.34,9.0,4.5,14.29,23.59,4.0,2.0,6.35,10.48,12.0,6.0,19.05,31.45,3.0,1.5,4.76,7.86,10.0,5.0,15.87,26.21,9.0,4.5,14.29,23.59,4.0,2.0,6.35,10.48,11.0,5.5,17.46,28.83,0.0,0.0,0.0,0.0,4.0,2.0,6.35,10.48,6.0,3.0,9.52,15.72,4.0,2.0,6.35,10.48,2.0,1.0,3.17,5.24,1.0,0.5,1.59,2.62,8.0,4.0,12.7,20.96,6.0,3.0,9.52,15.72,41.27,52.38,-11.11,110.06,-7.0,-3.5,-11.11,13.74,6.87,0.4,0.51,0.44,0.25,0.9,0.19,0.57,0.5,1.0,0.79,3.17,1.59,0.13,9.52,0.48
2,福爾摩沙夢想家,101|106,周柏臣/高柏鎧,8,83,104.0,1318.93,21.98,21:59,164.87,2.75,02:45,32.0,4.0,30.77,52.41,58.0,7.25,55.77,94.99,37.0,4.62,35.58,60.59,10.0,1.25,9.62,16.38,21.0,2.62,20.19,34.39,10.0,1.25,9.62,16.38,16.0,2.0,15.38,26.2,0.0,0.0,0.0,0.0,15.0,1.88,14.42,24.57,12.0,1.5,11.54,19.65,12.0,1.5,11.54,19.65,15.0,1.88,14.42,24.57,3.0,0.38,2.88,4.91,14.0,1.75,13.46,22.93,9.0,1.12,8.65,14.74,5.0,0.62,4.81,8.19,6.0,0.75,5.77,9.83,0.0,0.0,0.0,0.0,9.0,1.12,8.65,14.74,14.0,1.75,13.46,22.93,30.77,55.77,-25.0,113.55,-26.0,-3.25,-25.0,21.98,2.75,0.27,0.37,0.48,0.0,0.8,0.17,0.5,0.46,0.83,0.61,5.77,0.0,0.09,13.46,0.41
2,福爾摩沙夢想家,86|103,林俊吉/忻沃克,24,1070,1281.0,16780.38,279.67,279:40,699.18,11.65,11:39,621.0,25.88,48.48,79.94,531.0,22.12,41.45,68.35,465.0,19.38,36.3,59.86,203.0,8.46,15.85,26.13,242.0,10.08,18.89,31.15,121.0,5.04,9.45,15.58,223.0,9.29,17.41,28.7,82.0,3.42,6.4,10.56,163.0,6.79,12.72,20.98,131.0,5.46,10.23,16.86,84.0,3.5,6.56,10.81,182.0,7.58,14.21,23.43,66.0,2.75,5.15,8.5,211.0,8.79,16.47,27.16,91.0,3.79,7.1,11.71,116.0,4.83,9.06,14.93,49.0,2.04,3.83,6.31,11.0,0.46,0.86,1.42,132.0,5.5,10.3,16.99,180.0,7.5,14.05,23.17,48.48,41.45,7.03,109.93,90.0,3.75,7.03,279.67,11.65,0.52,0.58,0.5,0.37,0.8,0.14,0.57,0.28,0.73,0.49,3.83,0.86,0.1,14.05,0.35
2,福爾摩沙夢想家,97|103,史承平/忻沃克,1,35,37.0,440.59,7.34,07:21,440.59,7.34,07:21,17.0,17.0,45.95,83.34,15.0,15.0,40.54,73.54,9.0,9.0,24.32,44.12,4.0,4.0,10.81,19.61,6.0,6.0,16.22,29.41,3.0,3.0,8.11,14.71,3.0,3.0,8.11,14.71,1.0,1.0,2.7,4.9,8.0,8.0,21.62,39.22,8.0,8.0,21.62,39.22,1.0,1.0,2.7,4.9,4.0,4.0,10.81,19.61,0.0,0.0,0.0,0.0,5.0,5.0,13.51,24.51,7.0,7.0,18.92,34.32,2.0,2.0,5.41,9.8,4.0,4.0,10.81,19.61,1.0,1.0,2.7,4.9,4.0,4.0,10.81,19.61,6.0,6.0,16.22,29.41,45.95,40.54,5.41,120.93,2.0,2.0,5.41,7.34,7.34,0.5,0.68,0.5,0.33,1.0,0.36,0.5,0.17,1.0,0.5,10.81,2.7,0.11,16.22,0.89
2,福爾摩沙夢想家,99|103,盧冠良/忻沃克,21,582,688.0,9569.92,159.5,159:30,455.71,7.6,07:36,322.0,15.33,46.8,72.68,300.0,14.29,43.6,67.71,248.0,11.81,36.05,55.98,109.0,5.19,15.84,24.6,120.0,5.71,17.44,27.08,62.0,2.95,9.01,13.99,128.0,6.1,18.6,28.89,47.0,2.24,6.83,10.61,78.0,3.71,11.34,17.61,60.0,2.86,8.72,13.54,38.0,1.81,5.52,8.58,107.0,5.1,15.55,24.15,35.0,1.67,5.09,7.9,116.0,5.52,16.86,26.18,52.0,2.48,7.56,11.74,65.0,3.1,9.45,14.67,31.0,1.48,4.51,7.0,5.0,0.24,0.73,1.13,77.0,3.67,11.19,17.38,56.0,2.67,8.14,12.64,46.8,43.6,3.2,103.52,22.0,1.05,3.2,159.5,7.6,0.53,0.57,0.52,0.37,0.77,0.16,0.6,0.25,0.75,0.49,4.51,0.73,0.11,8.14,0.31
2,福爾摩沙夢想家,103|106,忻沃克/高柏鎧,19,1332,1578.0,21880.02,364.67,364:40,1151.58,19.19,19:12,686.0,36.11,43.47,67.72,649.0,34.16,41.13,64.07,568.0,29.89,35.99,56.07,246.0,12.95,15.59,24.29,310.0,16.32,19.65,30.6,156.0,8.21,9.89,15.4,258.0,13.58,16.35,25.47,90.0,4.74,5.7,8.88,145.0,7.63,9.19,14.31,108.0,5.68,6.84,10.66,97.0,5.11,6.15,9.58,240.0,12.63,15.21,23.69,77.0,4.05,4.88,7.6,297.0,15.63,18.82,29.32,137.0,7.21,8.68,13.52,146.0,7.68,9.25,14.41,77.0,4.05,4.88,7.6,16.0,0.84,1.01,1.58,149.0,7.84,9.44,14.71,139.0,7.32,8.81,13.72,43.47,41.13,2.34,103.85,37.0,1.95,2.34,364.67,19.19,0.51,0.54,0.5,0.35,0.74,0.18,0.59,0.25,0.76,0.47,4.88,1.01,0.09,8.81,0.26
2,新北國王,22|34,簡祐哲/沃許本,14,446,533.0,7402.2,123.37,123:22,528.73,8.81,08:49,218.0,15.57,40.9,63.61,240.0,17.14,45.03,70.03,194.0,13.86,36.4,56.61,83.0,5.93,15.57,24.22,125.0,8.93,23.45,36.48,58.0,4.14,10.88,16.92,69.0,4.93,12.95,20.13,25.0,1.79,4.69,7.3,38.0,2.71,7.13,11.09,28.0,2.0,5.25,8.17,34.0,2.43,6.38,9.92,81.0,5.79,15.2,23.64,40.0,2.86,7.5,11.67,87.0,6.21,16.32,25.39,46.0,3.29,8.63,13.42,44.0,3.14,8.26,12.84,28.0,2.0,5.25,8.17,9.0,0.64,1.69,2.63,41.0,2.93,7.69,11.96,39.0,2.79,7.32,11.38,40.9,45.03,-4.13,103.69,-22.0,-1.57,-4.13,123.37,8.81,0.49,0.52,0.46,0.36,0.74,0.18,0.53,0.28,0.67,0.48,5.25,1.69,0.08,7.32,0.2
2,福爾摩沙夢想家,86|91,林俊吉/簡偉儒,8,204,240.0,3266.92,54.45,54:27,408.37,6.81,06:48,110.0,13.75,45.83,72.73,124.0,15.5,51.67,81.99,89.0,11.12,37.08,58.84,36.0,4.5,15.0,23.8,42.0,5.25,17.5,27.77,23.0,2.88,9.58,15.21,47.0,5.88,19.58,31.08,13.0,1.62,5.42,8.6,31.0,3.88,12.92,20.5,24.0,3.0,10.0,15.87,18.0,2.25,7.5,11.9,37.0,4.62,15.42,24.46,12.0,1.5,5.0,7.93,39.0,4.88,16.25,25.79,14.0,1.75,5.83,9.26,26.0,3.25,10.83,17.19,7.0,0.88,2.92,4.63,5.0,0.62,2.08,3.31,27.0,3.38,11.25,17.85,22.0,2.75,9.17,14.55,45.83,51.67,-5.83,105.79,-14.0,-1.75,-5.83,54.45,6.81,0.48,0.54,0.55,0.28,0.77,0.12,0.72,0.32,0.76,0.52,2.92,2.08,0.11,9.17,0.35
2,福爾摩沙夢想家,91|97,簡偉儒/史承平,7,75,95.0,1149.42,19.16,19:09,164.2,2.74,02:44,34.0,4.86,35.79,63.89,43.0,6.14,45.26,80.81,25.0,3.57,26.32,46.98,10.0,1.43,10.53,18.79,12.0,1.71,12.63,22.55,6.0,0.86,6.32,11.28,13.0,1.86,13.68,24.43,4.0,0.57,4.21,7.52,15.0,2.14,15.79,28.19,10.0,1.43,10.53,18.79,5.0,0.71,5.26,9.4,10.0,1.43,10.53,18.79,4.0,0.57,4.21,7.52,11.0,1.57,11.58,20.67,12.0,1.71,12.63,22.55,10.0,1.43,10.53,18.79,6.0,0.86,6.32,11.28,2.0,0.29,2.11,3.76,10.0,1.43,10.53,18.79,10.0,1.43,10.53,18.79,35.79,45.26,-9.47,119.02,-9.0,-1.29,-9.47,19.16,2.74,0.48,0.54,0.5,0.31,0.67,0.28,1.0,0.31,0.71,0.5,6.32,2.11,0.11,10.53,0.6
2,福爾摩沙夢想家,91|103,簡偉儒/忻沃克,11,197,228.0,3021.96,50.37,50:22,274.72,4.58,04:35,98.0,8.91,42.98,70.05,92.0,8.36,40.35,65.76,81.0,7.36,35.53,57.9,36.0,3.27,15.79,25.73,43.0,3.91,18.86,30.74,27.0,2.45,11.84,19.3,38.0,3.45,16.67,27.16,9.0,0.82,3.95,6.43,25.0,2.27,10.96,17.87,22.0,2.0,9.65,15.72,15.0,1.36,6.58,10.72,31.0,2.82,13.6,22.16,13.0,1.18,5.7,9.29,36.0,3.27,15.79,25.73,18.0,1.64,7.89,12.87,23.0,2.09,10.09,16.44,6.0,0.55,2.63,4.29,5.0,0.45,2.19,3.57,21.0,1.91,9.21,15.01,21.0,1.91,9.21,15.01,42.98,40.35,2.63,108.64,6.0,0.55,2.63,50.37,4.58,0.5,0.53,0.63,0.24,0.88,0.16,0.64,0.29,0.7,0.48,2.63,2.19,0.09,9.21,0.31
2,福爾摩沙夢想家,91|106,簡偉儒/高柏鎧,8,210,248.0,3443.86,57.4,57:24,430.48,7.17,07:10,116.0,14.5,46.77,72.76,105.0,13.12,42.34,65.86,98.0,12.25,39.52,61.47,43.0,5.38,17.34,26.97,72.0,9.0,29.03,45.16,34.0,4.25,13.71,21.32,26.0,3.25,10.48,16.31,9.0,1.12,3.63,5.64,26.0,3.25,10.48,16.31,23.0,2.88,9.27,14.43,21.0,2.62,8.47,13.17,35.0,4.38,14.11,21.95,9.0,1.12,3.63,5.64,40.0,5.0,16.13,25.09,16.0,2.0,6.45,10.04,24.0,3.0,9.68,15.05,6.0,0.75,2.42,3.76,6.0,0.75,2.42,3.76,19.0,2.38,7.66,11.92,24.0,3.0,9.68,15.05,46.77,42.34,4.44,103.7,11.0,1.38,4.44,57.4,7.17,0.48,0.53,0.47,0.35,0.88,0.13,0.56,0.34,0.8,0.53,2.42,2.42,0.08,9.68,0.27
2,福爾摩沙夢想家,91|107,簡偉儒/霍爾曼,14,356,425.0,5858.98,97.65,97:39,418.5,6.97,06:58,176.0,12.57,41.41,64.89,221.0,15.79,52.0,81.47,150.0,10.71,35.29,55.3,62.0,4.43,14.59,22.86,80.0,5.71,18.82,29.49,45.0,3.21,10.59,16.59,70.0,5.0,16.47,25.81,17.0,1.21,4.0,6.27,40.0,2.86,9.41,14.75,31.0,2.21,7.29,11.43,27.0,1.93,6.35,9.95,66.0,4.71,15.53,24.33,34.0,2.43,8.0,12.53,61.0,4.36,14.35,22.49,32.0,2.29,7.53,11.8,41.0,2.93,9.65,15.12,17.0,1.21,4.0,6.27,8.0,0.57,1.88,2.95,36.0,2.57,8.47,13.27,46.0,3.29,10.82,16.96,41.41,52.0,-10.59,104.46,-45.0,-3.21,-10.59,97.65,6.97,0.47,0.53,0.56,0.24,0.78,0.16,0.66,0.31,0.66,0.49,4.0,1.88,0.08,10.82,0.27
2,福爾摩沙夢想家,97|107,史承平/霍爾曼,2,42,51.0,675.15,11.25,11:15,337.58,5.63,05:38,14.0,7.0,27.45,44.79,34.0,17.0,66.67,108.78,15.0,7.5,29.41,47.99,5.0,2.5,9.8,16.0,6.0,3.0,11.76,19.2,3.0,1.5,5.88,9.6,9.0,4.5,17.65,28.79,2.0,1.0,3.92,6.4,3.0,1.5,5.88,9.6,2.0,1.0,3.92,6.4,3.0,1.5,5.88,9.6,8.0,4.0,15.69,25.59,1.0,0.5,1.96,3.2,3.0,1.5,5.88,9.6,8.0,4.0,15.69,25.59,2.0,1.0,3.92,6.4,5.0,2.5,9.8,16.0,0.0,0.0,0.0,0.0,6.0,3.0,11.76,19.2,2.0,1.0,3.92,6.4,27.45,66.67,-39.22,108.78,-20.0,-10.0,-39.22,11.25,5.63,0.4,0.43,0.5,0.22,0.67,0.33,0.4,0.5,0.89,0.73,9.8,0.0,0.12,3.92,0.2
2,新北國王,22|24,簡祐哲/蘇士軒,12,171,206.0,2679.42,44.66,44:39,223.28,3.72,03:43,75.0,6.25,36.41,60.46,99.0,8.25,48.06,79.81,81.0,6.75,39.32,65.3,28.0,2.33,13.59,22.57,41.0,3.42,19.9,33.05,18.0,1.5,8.74,14.51,40.0,3.33,19.42,32.25,10.0,0.83,4.85,8.06,18.0,1.5,8.74,14.51,11.0,0.92,5.34,8.87,17.0,1.42,8.25,13.7,37.0,3.08,17.96,29.83,10.0,0.83,4.85,8.06,27.0,2.25,13.11,21.77,17.0,1.42,8.25,13.7,11.0,0.92,5.34,8.87,6.0,0.5,2.91,4.84,4.0,0.33,1.94,3.22,23.0,1.92,11.17,18.54,27.0,2.25,13.11,21.77,36.41,48.06,-11.65,110.71,-24.0,-2.0,-11.65,44.66,3.72,0.41,0.42,0.44,0.25,0.61,0.16,0.39,0.39,0.79,0.59,2.91,1.94,0.11,13.11,0.22
2,新北國王,24|34,蘇士軒/沃許本,19,923,1077.0,15594.22,259.9,259:54,820.75,13.68,13:41,509.0,26.79,47.26,70.5,529.0,27.84,49.12,73.27,404.0,21.26,37.51,55.96,194.0,10.21,18.01,26.87,239.0,12.58,22.19,33.1,136.0,7.16,12.63,18.84,165.0,8.68,15.32,22.85,58.0,3.05,5.39,8.03,82.0,4.32,7.61,11.36,61.0,3.21,5.66,8.45,56.0,2.95,5.2,7.76,157.0,8.26,14.58,21.75,65.0,3.42,6.04,9.0,151.0,7.95,14.02,20.92,78.0,4.11,7.24,10.8,94.0,4.95,8.73,13.02,44.0,2.32,4.09,6.09,12.0,0.63,1.11,1.66,80.0,4.21,7.43,11.08,63.0,3.32,5.85,8.73,47.26,49.12,-1.86,99.45,-20.0,-1.05,-1.86,259.9,13.68,0.55,0.58,0.57,0.35,0.74,0.15,0.48,0.27,0.71,0.5,4.09,1.11,0.07,5.85,0.2
2,新北國王,24|10874,蘇士軒/熊祥泰,16,301,345.0,4957.2,82.62,82:37,309.82,5.16,05:10,161.0,10.06,46.67,70.15,166.0,10.38,48.12,72.33,133.0,8.31,38.55,57.95,61.0,3.81,17.68,26.58,65.0,4.06,18.84,28.32,35.0,2.19,10.14,15.25,68.0,4.25,19.71,29.63,26.0,1.62,7.54,11.33,17.0,1.06,4.93,7.41,13.0,0.81,3.77,5.66,21.0,1.31,6.09,9.15,50.0,3.12,14.49,21.79,16.0,1.0,4.64,6.97,52.0,3.25,15.07,22.66,25.0,1.56,7.25,10.89,38.0,2.38,11.01,16.56,16.0,1.0,4.64,6.97,4.0,0.25,1.16,1.74,22.0,1.38,6.38,9.59,48.0,3.0,13.91,20.92,46.67,48.12,-1.45,100.22,-5.0,-0.31,-1.45,82.62,5.16,0.56,0.57,0.54,0.38,0.76,0.15,0.62,0.29,0.76,0.51,4.64,1.16,0.06,13.91,0.13
2,福爾摩沙夢想家,79|91,張宗憲/簡偉儒,7,234,285.0,3933.06,65.55,65:33,561.87,9.36,09:22,124.0,17.71,43.51,68.1,130.0,18.57,45.61,71.39,108.0,15.43,37.89,59.31,43.0,6.14,15.09,23.62,69.0,9.86,24.21,37.89,32.0,4.57,11.23,17.57,39.0,5.57,13.68,21.42,11.0,1.57,3.86,6.04,34.0,4.86,11.93,18.67,25.0,3.57,8.77,13.73,25.0,3.57,8.77,13.73,44.0,6.29,15.44,24.16,18.0,2.57,6.32,9.89,44.0,6.29,15.44,24.16,17.0,2.43,5.96,9.34,23.0,3.29,8.07,12.63,11.0,1.57,3.86,6.04,6.0,0.86,2.11,3.3,23.0,3.29,8.07,12.63,33.0,4.71,11.58,18.12,43.51,45.61,-2.11,104.35,-6.0,-0.86,-2.11,65.55,9.36,0.45,0.5,0.46,0.28,0.74,0.12,0.53,0.36,0.71,0.53,3.86,2.11,0.08,11.58,0.31
2,福爾摩沙夢想家,89|91,蔣淯安/簡偉儒,13,262,314.0,4407.63,73.46,73:28,339.05,5.65,05:39,131.0,10.08,41.72,64.2,128.0,9.85,40.76,62.73,110.0,8.46,35.03,53.91,44.0,3.38,14.01,21.56,63.0,4.85,20.06,30.87,35.0,2.69,11.15,17.15,47.0,3.62,14.97,23.03,9.0,0.69,2.87,4.41,42.0,3.23,13.38,20.58,34.0,2.62,10.83,16.66,24.0,1.85,7.64,11.76,48.0,3.69,15.29,23.52,24.0,1.85,7.64,11.76,43.0,3.31,13.69,21.07,25.0,1.92,7.96,12.25,25.0,1.92,7.96,12.25,12.0,0.92,3.82,5.88,6.0,0.46,1.91,2.94,28.0,2.15,8.92,13.72,36.0,2.77,11.46,17.64,41.72,40.76,0.96,102.59,3.0,0.23,0.96,73.46,5.65,0.44,0.51,0.56,0.19,0.81,0.16,0.57,0.36,0.67,0.52,3.82,1.91,0.09,11.46,0.38
2,福爾摩沙夢想家,91|101,簡偉儒/周柏臣,7,69,89.0,1154.88,19.25,19:15,164.98,2.75,02:45,30.0,4.29,33.71,56.11,45.0,6.43,50.56,84.16,27.0,3.86,30.34,50.5,9.0,1.29,10.11,16.83,13.0,1.86,14.61,24.31,5.0,0.71,5.62,9.35,14.0,2.0,15.73,26.18,4.0,0.57,4.49,7.48,13.0,1.86,14.61,24.31,8.0,1.14,8.99,14.96,5.0,0.71,5.62,9.35,13.0,1.86,14.61,24.31,9.0,1.29,10.11,16.83,11.0,1.57,12.36,20.57,9.0,1.29,10.11,16.83,9.0,1.29,10.11,16.83,3.0,0.43,3.37,5.61,2.0,0.29,2.25,3.74,8.0,1.14,8.99,14.96,8.0,1.14,8.99,14.96,33.71,50.56,-16.85,110.97,-15.0,-2.14,-16.85,19.25,2.75,0.41,0.46,0.38,0.29,0.62,0.22,1.0,0.31,0.59,0.47,3.37,2.25,0.09,8.99,0.48
2,福爾摩沙夢想家,83|86,吳家駿/林俊吉,4,81,104.0,1187.47,19.79,19:47,296.87,4.95,04:57,41.0,10.25,39.42,74.58,42.0,10.5,40.38,76.4,37.0,9.25,35.58,67.3,15.0,3.75,14.42,27.28,23.0,5.75,22.12,41.84,12.0,3.0,11.54,21.83,14.0,3.5,13.46,25.47,3.0,0.75,2.88,5.46,11.0,2.75,10.58,20.01,8.0,2.0,7.69,14.55,7.0,1.75,6.73,12.73,16.0,4.0,15.38,29.1,10.0,2.5,9.62,18.19,11.0,2.75,10.58,20.01,6.0,1.5,5.77,10.91,9.0,2.25,8.65,16.37,0.0,0.0,0.0,0.0,1.0,0.25,0.96,1.82,8.0,2.0,7.69,14.55,13.0,3.25,12.5,23.65,39.42,40.38,-0.96,126.12,-1.0,-0.25,-0.96,19.79,4.95,0.45,0.49,0.52,0.21,0.73,0.13,0.6,0.39,0.62,0.52,0.0,0.96,0.08,12.5,0.3
2,福爾摩沙夢想家,83|91,吳家駿/簡偉儒,11,198,248.0,3177.69,52.96,52:58,288.88,4.81,04:49,95.0,8.64,38.31,64.58,135.0,12.27,54.44,91.76,102.0,9.27,41.13,69.33,41.0,3.73,16.53,27.87,70.0,6.36,28.23,47.58,33.0,3.0,13.31,22.43,32.0,2.91,12.9,21.75,8.0,0.73,3.23,5.44,12.0,1.09,4.84,8.16,7.0,0.64,2.82,4.76,20.0,1.82,8.06,13.59,38.0,3.45,15.32,25.83,18.0,1.64,7.26,12.24,33.0,3.0,13.31,22.43,13.0,1.18,5.24,8.84,27.0,2.45,10.89,18.35,3.0,0.27,1.21,2.04,5.0,0.45,2.02,3.4,10.0,0.91,4.03,6.8,20.0,1.82,8.06,13.59,38.31,54.44,-16.13,112.38,-40.0,-3.64,-16.13,52.96,4.81,0.44,0.44,0.47,0.25,0.58,0.11,0.66,0.38,0.68,0.53,1.21,2.02,0.04,8.06,0.12
2,福爾摩沙夢想家,83|103,吳家駿/忻沃克,14,221,279.0,3463.07,57.72,57:43,247.36,4.12,04:07,111.0,7.93,39.78,69.23,123.0,8.79,44.09,76.72,104.0,7.43,37.28,64.87,42.0,3.0,15.05,26.2,56.0,4.0,20.07,34.93,26.0,1.86,9.32,16.22,48.0,3.43,17.2,29.94,16.0,1.14,5.73,9.98,23.0,1.64,8.24,14.35,14.0,1.0,5.02,8.73,23.0,1.64,8.24,14.35,43.0,3.07,15.41,26.82,21.0,1.5,7.53,13.1,38.0,2.71,13.62,23.7,20.0,1.43,7.17,12.47,31.0,2.21,11.11,19.34,9.0,0.64,3.23,5.61,5.0,0.36,1.79,3.12,23.0,1.64,8.24,14.35,35.0,2.5,12.54,21.83,39.78,44.09,-4.3,116.01,-12.0,-0.86,-4.3,57.72,4.12,0.48,0.49,0.46,0.33,0.61,0.15,0.74,0.38,0.67,0.53,3.23,1.79,0.08,12.54,0.22
2,福爾摩沙夢想家,83|106,吳家駿/高柏鎧,12,264,317.0,4335.66,72.26,72:16,361.3,6.02,06:01,130.0,10.83,41.01,64.77,162.0,13.5,51.1,80.71,132.0,11.0,41.64,65.76,52.0,4.33,16.4,25.91,77.0,6.42,24.29,38.36,34.0,2.83,10.73,16.94,55.0,4.58,17.35,27.4,18.0,1.5,5.68,8.97,26.0,2.17,8.2,12.95,18.0,1.5,5.68,8.97,25.0,2.08,7.89,12.45,55.0,4.58,17.35,27.4,14.0,1.17,4.42,6.97,47.0,3.92,14.83,23.42,19.0,1.58,5.99,9.47,28.0,2.33,8.83,13.95,8.0,0.67,2.52,3.99,3.0,0.25,0.95,1.49,25.0,2.08,7.89,12.45,26.0,2.17,8.2,12.95,41.01,51.1,-10.09,105.29,-32.0,-2.67,-10.09,72.26,6.02,0.46,0.45,0.44,0.33,0.69,0.12,0.54,0.35,0.8,0.57,2.52,0.95,0.08,8.2,0.2
2,福爾摩沙夢想家,83|89,吳家駿/蔣淯安,4,46,50.0,752.81,12.55,12:33,188.2,3.14,03:08,22.0,5.5,44.0,63.12,24.0,6.0,48.0,68.86,20.0,5.0,40.0,57.39,7.0,1.75,14.0,20.08,5.0,1.25,10.0,14.35,2.0,0.5,4.0,5.74,15.0,3.75,30.0,43.04,5.0,1.25,10.0,14.35,3.0,0.75,6.0,8.61,3.0,0.75,6.0,8.61,1.0,0.25,2.0,2.87,11.0,2.75,22.0,31.56,1.0,0.25,2.0,2.87,11.0,2.75,22.0,31.56,3.0,0.75,6.0,8.61,4.0,1.0,8.0,11.48,2.0,0.5,4.0,5.74,0.0,0.0,0.0,0.0,4.0,1.0,8.0,11.48,4.0,1.0,8.0,11.48,44.0,48.0,-4.0,95.64,-2.0,-0.5,-4.0,12.55,3.14,0.48,0.52,0.4,0.33,1.0,0.12,0.57,0.08,0.92,0.5,4.0,0.0,0.08,8.0,0.15
2,福爾摩沙夢想家,83|97,吳家駿/史承平,9,55,73.0,947.73,15.8,15:48,105.3,1.76,01:45,33.0,3.67,45.21,75.21,28.0,3.11,38.36,63.82,25.0,2.78,34.25,56.98,10.0,1.11,13.7,22.79,11.0,1.22,15.07,25.07,6.0,0.67,8.22,13.67,14.0,1.56,19.18,31.91,4.0,0.44,5.48,9.12,15.0,1.67,20.55,34.19,9.0,1.0,12.33,20.51,5.0,0.56,6.85,11.4,9.0,1.0,12.33,20.51,5.0,0.56,6.85,11.4,8.0,0.89,10.96,18.23,4.0,0.44,5.48,9.12,7.0,0.78,9.59,15.95,2.0,0.22,2.74,4.56,1.0,0.11,1.37,2.28,9.0,1.0,12.33,20.51,6.0,0.67,8.22,13.67,45.21,38.36,6.85,110.92,5.0,0.56,6.85,15.8,1.76,0.48,0.52,0.55,0.29,0.6,0.11,0.7,0.38,0.64,0.52,2.74,1.37,0.12,8.22,0.6
2,福爾摩沙夢想家,83|107,吳家駿/霍爾曼,11,198,250.0,3162.8,52.71,52:43,287.53,4.79,04:48,98.0,8.91,39.2,66.93,131.0,11.91,52.4,89.46,97.0,8.82,38.8,66.25,34.0,3.09,13.6,23.22,52.0,4.73,20.8,35.51,23.0,2.09,9.2,15.71,45.0,4.09,18.0,30.73,11.0,1.0,4.4,7.51,18.0,1.64,7.2,12.29,13.0,1.18,5.2,8.88,24.0,2.18,9.6,16.39,38.0,3.45,15.2,25.95,21.0,1.91,8.4,14.34,28.0,2.55,11.2,19.12,16.0,1.45,6.4,10.93,19.0,1.73,7.6,12.98,8.0,0.73,3.2,5.46,2.0,0.18,0.8,1.37,17.0,1.55,6.8,11.61,20.0,1.82,8.0,13.66,39.2,52.4,-13.2,113.82,-33.0,-3.0,-13.2,52.71,4.79,0.41,0.47,0.44,0.24,0.72,0.13,0.56,0.46,0.64,0.56,3.2,0.8,0.07,8.0,0.19
2,福爾摩沙夢想家,89|97,蔣淯安/史承平,5,47,58.0,740.09,12.33,12:20,148.02,2.47,02:28,19.0,3.8,32.76,55.45,27.0,5.4,46.55,78.8,17.0,3.4,29.31,49.62,6.0,1.2,10.34,17.51,8.0,1.6,13.79,23.35,5.0,1.0,8.62,14.59,9.0,1.8,15.52,26.27,1.0,0.2,1.72,2.92,6.0,1.2,10.34,17.51,6.0,1.2,10.34,17.51,4.0,0.8,6.9,11.67,7.0,1.4,12.07,20.43,2.0,0.4,3.45,5.84,7.0,1.4,12.07,20.43,8.0,1.6,13.79,23.35,1.0,0.2,1.72,2.92,5.0,1.0,8.62,14.59,0.0,0.0,0.0,0.0,2.0,0.4,3.45,5.84,4.0,0.8,6.9,11.67,32.76,46.55,-13.79,112.85,-8.0,-1.6,-13.79,12.33,2.47,0.38,0.48,0.62,0.11,1.0,0.29,0.17,0.36,0.78,0.55,8.62,0.0,0.03,6.9,0.35
2,福爾摩沙夢想家,83|99,吳家駿/盧冠良,9,105,133.0,1742.82,29.05,29:03,193.65,3.23,03:14,45.0,5.0,33.83,55.77,63.0,7.0,47.37,78.08,45.0,5.0,33.83,55.77,17.0,1.89,12.78,21.07,25.0,2.78,18.8,30.98,12.0,1.33,9.02,14.87,20.0,2.22,15.04,24.79,5.0,0.56,3.76,6.2,16.0,1.78,12.03,19.83,9.0,1.0,6.77,11.15,11.0,1.22,8.27,13.63,18.0,2.0,13.53,22.31,11.0,1.22,8.27,13.63,20.0,2.22,15.04,24.79,13.0,1.44,9.77,16.11,8.0,0.89,6.02,9.91,6.0,0.67,4.51,7.44,1.0,0.11,0.75,1.24,19.0,2.11,14.29,23.55,13.0,1.44,9.77,16.11,33.83,47.37,-13.53,109.89,-18.0,-2.0,-13.53,29.05,3.23,0.43,0.43,0.48,0.25,0.56,0.2,0.47,0.35,0.62,0.48,4.51,0.75,0.14,9.77,0.36
2,福爾摩沙夢想家,79|83,張宗憲/吳家駿,8,134,168.0,2142.46,35.71,35:42,267.81,4.46,04:28,70.0,8.75,41.67,70.57,96.0,12.0,57.14,96.79,69.0,8.62,41.07,69.56,26.0,3.25,15.48,26.21,44.0,5.5,26.19,44.36,20.0,2.5,11.9,20.16,25.0,3.12,14.88,25.2,6.0,0.75,3.57,6.05,13.0,1.62,7.74,13.11,7.0,0.88,4.17,7.06,15.0,1.88,8.93,15.12,30.0,3.75,17.86,30.25,12.0,1.5,7.14,12.1,21.0,2.62,12.5,21.17,6.0,0.75,3.57,6.05,14.0,1.75,8.33,14.11,4.0,0.5,2.38,4.03,1.0,0.12,0.6,1.01,10.0,1.25,5.95,10.08,12.0,1.5,7.14,12.1,41.67,57.14,-15.48,112.92,-26.0,-3.25,-15.48,35.71,4.46,0.42,0.47,0.45,0.24,0.54,0.07,0.54,0.42,0.71,0.58,2.38,0.6,0.06,7.14,0.19
2,新北國王,19|34,蘇培凱/沃許本,4,24,32.0,357.39,5.96,05:57,89.35,1.49,01:29,14.0,3.5,43.75,84.61,5.0,1.25,15.62,30.22,9.0,2.25,28.12,54.39,5.0,1.25,15.62,30.22,7.0,1.75,21.88,42.31,4.0,1.0,12.5,24.18,2.0,0.5,6.25,12.09,1.0,0.25,3.12,6.04,7.0,1.75,21.88,42.31,3.0,0.75,9.38,18.13,4.0,1.0,12.5,24.18,3.0,0.75,9.38,18.13,2.0,0.5,6.25,12.09,8.0,2.0,25.0,48.35,4.0,1.0,12.5,24.18,3.0,0.75,9.38,18.13,2.0,0.5,6.25,12.09,0.0,0.0,0.0,0.0,5.0,1.25,15.62,30.22,1.0,0.25,3.12,6.04,43.75,15.62,28.12,128.93,9.0,2.25,28.12,5.96,1.49,0.61,0.58,0.57,0.5,0.43,0.25,0.6,0.33,0.6,0.41,6.25,0.0,0.16,3.12,0.78
2,新北國王,22|23,簡祐哲/王柏智,9,87,111.0,1466.97,24.45,24:27,163.0,2.72,02:43,39.0,4.33,35.14,57.42,35.0,3.89,31.53,51.53,39.0,4.33,35.14,57.42,14.0,1.56,12.61,20.61,15.0,1.67,13.51,22.09,8.0,0.89,7.21,11.78,24.0,2.67,21.62,35.34,6.0,0.67,5.41,8.83,10.0,1.11,9.01,14.72,5.0,0.56,4.5,7.36,8.0,0.89,7.21,11.78,21.0,2.33,18.92,30.92,13.0,1.44,11.71,19.14,20.0,2.22,18.02,29.45,5.0,0.56,4.5,7.36,7.0,0.78,6.31,10.31,3.0,0.33,2.7,4.42,4.0,0.44,3.6,5.89,10.0,1.11,9.01,14.72,10.0,1.11,9.01,14.72,35.14,31.53,3.6,108.96,4.0,0.44,3.6,24.45,2.72,0.44,0.45,0.53,0.25,0.5,0.1,0.5,0.29,0.62,0.47,2.7,3.6,0.09,9.01,0.26
2,新北國王,23|29,王柏智/林書緯,12,131,153.0,2144.09,35.73,35:44,178.67,2.98,02:59,58.0,4.83,37.91,58.43,74.0,6.17,48.37,74.55,60.0,5.0,39.22,60.45,22.0,1.83,14.38,22.16,29.0,2.42,18.95,29.22,16.0,1.33,10.46,16.12,31.0,2.58,20.26,31.23,6.0,0.5,3.92,6.04,11.0,0.92,7.19,11.08,8.0,0.67,5.23,8.06,7.0,0.58,4.58,7.05,30.0,2.5,19.61,30.22,11.0,0.92,7.19,11.08,22.0,1.83,14.38,22.16,9.0,0.75,5.88,9.07,10.0,0.83,6.54,10.07,6.0,0.5,3.92,6.04,4.0,0.33,2.61,4.03,8.0,0.67,5.23,8.06,21.0,1.75,13.73,21.16,37.91,48.37,-10.46,102.76,-16.0,-1.33,-10.46,35.73,2.98,0.42,0.45,0.55,0.19,0.73,0.12,0.45,0.24,0.73,0.53,3.92,2.61,0.05,13.73,0.18
2,新北國王,23|10872,王柏智/林彥廷,14,172,215.0,2847.88,47.46,47:28,203.42,3.39,03:23,94.0,6.71,43.72,71.3,100.0,7.14,46.51,75.85,78.0,5.57,36.28,59.16,34.0,2.43,15.81,25.79,41.0,2.93,19.07,31.1,24.0,1.71,11.16,18.2,37.0,2.64,17.21,28.06,10.0,0.71,4.65,7.58,25.0,1.79,11.63,18.96,17.0,1.21,7.91,12.89,14.0,1.0,6.51,10.62,33.0,2.36,15.35,25.03,19.0,1.36,8.84,14.41,27.0,1.93,12.56,20.48,12.0,0.86,5.58,9.1,18.0,1.29,8.37,13.65,8.0,0.57,3.72,6.07,3.0,0.21,1.4,2.28,21.0,1.5,9.77,15.93,24.0,1.71,11.16,18.2,43.72,46.51,-2.79,108.71,-6.0,-0.43,-2.79,47.46,3.39,0.5,0.53,0.59,0.27,0.68,0.12,0.53,0.34,0.63,0.51,3.72,1.4,0.1,11.16,0.32
2,新北國王,23|10876,王柏智/尚迪,4,42,55.0,684.73,11.41,11:25,171.18,2.85,02:51,17.0,4.25,30.91,53.63,19.0,4.75,34.55,59.94,18.0,4.5,32.73,56.78,6.0,1.5,10.91,18.93,7.0,1.75,12.73,22.08,3.0,0.75,5.45,9.46,11.0,2.75,20.0,34.7,3.0,0.75,5.45,9.46,4.0,1.0,7.27,12.62,2.0,0.5,3.64,6.31,3.0,0.75,5.45,9.46,9.0,2.25,16.36,28.39,8.0,2.0,14.55,25.24,8.0,2.0,14.55,25.24,3.0,0.75,5.45,9.46,3.0,0.75,5.45,9.46,3.0,0.75,5.45,9.46,3.0,0.75,5.45,9.46,4.0,1.0,7.27,12.62,6.0,1.5,10.91,18.93,30.91,34.55,-3.64,115.67,-2.0,-0.5,-3.64,11.41,2.85,0.42,0.43,0.43,0.27,0.5,0.13,0.5,0.27,0.53,0.43,5.45,5.45,0.07,10.91,0.22
2,福爾摩沙夢想家,91|99,簡偉儒/盧冠良,2,44,51.0,770.04,12.83,12:50,385.02,6.42,06:25,38.0,19.0,74.51,106.59,33.0,16.5,64.71,92.57,20.0,10.0,39.22,56.1,12.0,6.0,23.53,33.66,9.0,4.5,17.65,25.25,5.0,2.5,9.8,14.03,11.0,5.5,21.57,30.86,7.0,3.5,13.73,19.64,6.0,3.0,11.76,16.83,5.0,2.5,9.8,14.03,4.0,2.0,7.84,11.22,6.0,3.0,11.76,16.83,3.0,1.5,5.88,8.42,8.0,4.0,15.69,22.44,1.0,0.5,1.96,2.81,9.0,4.5,17.65,25.25,0.0,0.0,0.0,0.0,1.0,0.5,1.96,2.81,6.0,3.0,11.76,16.83,4.0,2.0,7.84,11.22,74.51,64.71,9.8,95.37,5.0,2.5,9.8,12.83,6.42,0.78,0.84,0.56,0.64,0.83,0.04,0.75,0.33,0.67,0.48,0.0,1.96,0.12,7.84,0.3
2,新北國王,23|28,王柏智/呂政儒,8,87,103.0,1446.92,24.12,24:07,180.87,3.01,03:01,57.0,7.12,55.34,85.09,44.0,5.5,42.72,65.68,48.0,6.0,46.6,71.66,23.0,2.88,22.33,34.33,21.0,2.62,20.39,31.35,13.0,1.62,12.62,19.41,27.0,3.38,26.21,40.31,10.0,1.25,9.71,14.93,1.0,0.12,0.97,1.49,0.0,0.0,0.0,0.0,9.0,1.12,8.74,13.44,17.0,2.12,16.5,25.38,4.0,0.5,3.88,5.97,18.0,2.25,17.48,26.87,4.0,0.5,3.88,5.97,10.0,1.25,9.71,14.93,3.0,0.38,2.91,4.48,3.0,0.38,2.91,4.48,4.0,0.5,3.88,5.97,15.0,1.88,14.56,22.39,55.34,42.72,12.62,102.51,13.0,1.62,12.62,24.12,3.01,0.58,0.59,0.62,0.37,0.0,0.08,0.43,0.33,0.81,0.54,2.91,2.91,0.04,14.56,0.02
2,新北國王,24|28,蘇士軒/呂政儒,15,204,232.0,3031.71,50.53,50:32,202.11,3.37,03:22,109.0,7.27,46.98,77.66,119.0,7.93,51.29,84.78,81.0,5.4,34.91,57.71,43.0,2.87,18.53,30.64,43.0,2.87,18.53,30.64,26.0,1.73,11.21,18.52,38.0,2.53,16.38,27.07,17.0,1.13,7.33,12.11,13.0,0.87,5.6,9.26,6.0,0.4,2.59,4.27,9.0,0.6,3.88,6.41,33.0,2.2,14.22,23.51,12.0,0.8,5.17,8.55,33.0,2.2,14.22,23.51,23.0,1.53,9.91,16.39,29.0,1.93,12.5,20.66,14.0,0.93,6.03,9.97,1.0,0.07,0.43,0.71,18.0,1.2,7.76,12.82,31.0,2.07,13.36,22.09,46.98,51.29,-4.31,110.2,-10.0,-0.67,-4.31,50.53,3.37,0.64,0.63,0.6,0.45,0.46,0.21,0.67,0.21,0.73,0.48,6.03,0.43,0.08,13.36,0.16
2,新北國王,25|10872,林金榜/林彥廷,17,293,355.0,4554.2,75.9,75:54,267.89,4.46,04:28,148.0,8.71,41.69,70.19,135.0,7.94,38.03,64.03,120.0,7.06,33.8,56.91,50.0,2.94,14.08,23.71,68.0,4.0,19.15,32.25,34.0,2.0,9.58,16.13,52.0,3.06,14.65,24.66,16.0,0.94,4.51,7.59,45.0,2.65,12.68,21.34,33.0,1.94,9.3,15.65,24.0,1.41,6.76,11.38,52.0,3.06,14.65,24.66,27.0,1.59,7.61,12.81,60.0,3.53,16.9,28.46,26.0,1.53,7.32,12.33,34.0,2.0,9.58,16.13,18.0,1.06,5.07,8.54,5.0,0.29,1.41,2.37,38.0,2.24,10.7,18.02,38.0,2.24,10.7,18.02,41.69,38.03,3.66,112.25,13.0,0.76,3.66,75.9,4.46,0.48,0.53,0.5,0.31,0.73,0.16,0.68,0.29,0.66,0.47,5.07,1.41,0.11,10.7,0.38
2,新北國王,25|10873,林金榜/喬納森,4,29,33.0,396.02,6.6,06:36,99.0,1.65,01:39,11.0,2.75,33.33,60.0,15.0,3.75,45.45,81.81,8.0,2.0,24.24,43.63,3.0,0.75,9.09,16.36,3.0,0.75,9.09,16.36,2.0,0.5,6.06,10.91,5.0,1.25,15.15,27.27,1.0,0.25,3.03,5.45,6.0,1.5,18.18,32.73,5.0,1.25,15.15,27.27,1.0,0.25,3.03,5.45,4.0,1.0,12.12,21.82,2.0,0.5,6.06,10.91,3.0,0.75,9.09,16.36,4.0,1.0,12.12,21.82,2.0,0.5,6.06,10.91,4.0,1.0,12.12,21.82,0.0,0.0,0.0,0.0,1.0,0.25,3.03,5.45,6.0,1.5,18.18,32.73,33.33,45.45,-12.12,119.99,-4.0,-1.0,-12.12,6.6,1.65,0.44,0.52,0.67,0.2,0.83,0.27,0.67,0.25,0.67,0.5,12.12,0.0,0.03,18.18,0.75
2,新北國王,25|10874,林金榜/熊祥泰,8,62,70.0,965.08,16.08,16:05,120.63,2.01,02:01,34.0,4.25,48.57,76.1,35.0,4.38,50.0,78.34,23.0,2.88,32.86,51.48,9.0,1.12,12.86,20.14,9.0,1.12,12.86,20.14,3.0,0.38,4.29,6.71,14.0,1.75,20.0,31.33,6.0,0.75,8.57,13.43,14.0,1.75,20.0,31.33,10.0,1.25,14.29,22.38,4.0,0.5,5.71,8.95,10.0,1.25,14.29,22.38,4.0,0.5,5.71,8.95,12.0,1.5,17.14,26.86,7.0,0.88,10.0,15.67,7.0,0.88,10.0,15.67,6.0,0.75,8.57,13.43,1.0,0.12,1.43,2.24,5.0,0.62,7.14,11.19,17.0,2.12,24.29,38.05,48.57,50.0,-1.43,104.45,-1.0,-0.12,-1.43,16.08,2.01,0.52,0.58,0.33,0.43,0.71,0.19,0.78,0.25,0.71,0.47,8.57,1.43,0.07,24.29,0.61
2,新北國王,10872|10873,林彥廷/喬納森,14,292,350.0,4519.88,75.33,75:20,322.85,5.38,05:23,184.0,13.14,52.57,87.93,153.0,10.93,43.71,73.12,124.0,8.86,35.43,59.26,62.0,4.43,17.71,29.63,65.0,4.64,18.57,31.06,35.0,2.5,10.0,16.73,59.0,4.21,16.86,28.2,27.0,1.93,7.71,12.9,52.0,3.71,14.86,24.85,34.0,2.43,9.71,16.25,22.0,1.57,6.29,10.51,48.0,3.43,13.71,22.94,22.0,1.57,6.29,10.51,44.0,3.14,12.57,21.03,18.0,1.29,5.14,8.6,40.0,2.86,11.43,19.12,11.0,0.79,3.14,5.26,2.0,0.14,0.57,0.96,36.0,2.57,10.29,17.2,43.0,3.07,12.29,20.55,52.57,43.71,8.86,111.51,31.0,2.21,8.86,75.33,5.38,0.61,0.63,0.54,0.46,0.65,0.11,0.65,0.33,0.69,0.51,3.14,0.57,0.1,12.29,0.42
2,新北國王,10873|10874,喬納森/熊祥泰,14,251,298.0,3926.04,65.43,65:26,280.43,4.67,04:40,144.0,10.29,48.32,79.22,128.0,9.14,42.95,70.42,113.0,8.07,37.92,62.17,51.0,3.64,17.11,28.06,56.0,4.0,18.79,30.81,29.0,2.07,9.73,15.96,57.0,4.07,19.13,31.36,22.0,1.57,7.38,12.1,25.0,1.79,8.39,13.75,20.0,1.43,6.71,11.0,18.0,1.29,6.04,9.9,45.0,3.21,15.1,24.76,15.0,1.07,5.03,8.25,46.0,3.29,15.44,25.31,19.0,1.36,6.38,10.45,36.0,2.57,12.08,19.81,11.0,0.79,3.69,6.05,0.0,0.0,0.0,0.0,26.0,1.86,8.72,14.3,44.0,3.14,14.77,24.21,48.32,42.95,5.37,109.3,16.0,1.14,5.37,65.43,4.67,0.55,0.58,0.52,0.39,0.8,0.13,0.71,0.28,0.75,0.51,3.69,0.0,0.09,14.77,0.22
2,新北國王,10873|10875,喬納森/傑登,6,109,141.0,1594.05,26.57,26:34,265.67,4.43,04:26,54.0,9.0,38.3,73.17,65.0,10.83,46.1,88.08,47.0,7.83,33.33,63.69,19.0,3.17,13.48,25.75,31.0,5.17,21.99,42.01,15.0,2.5,10.64,20.33,16.0,2.67,11.35,21.68,4.0,0.67,2.84,5.42,24.0,4.0,17.02,32.52,14.0,2.33,9.93,18.97,11.0,1.83,7.8,14.91,21.0,3.5,14.89,28.46,13.0,2.17,9.22,17.62,12.0,2.0,8.51,16.26,11.0,1.83,7.8,14.91,11.0,1.83,7.8,14.91,7.0,1.17,4.96,9.49,1.0,0.17,0.71,1.36,12.0,2.0,8.51,16.26,19.0,3.17,13.48,25.75,38.3,46.1,-7.8,127.37,-11.0,-1.83,-7.8,26.57,4.43,0.45,0.47,0.48,0.25,0.58,0.16,0.58,0.48,0.62,0.56,4.96,0.71,0.09,13.48,0.51
2,新北國王,19|23,蘇培凱/王柏智,10,126,161.0,1951.65,32.53,32:32,195.16,3.25,03:15,56.0,5.6,34.78,61.98,50.0,5.0,31.06,55.34,58.0,5.8,36.02,64.19,21.0,2.1,13.04,23.24,25.0,2.5,15.53,27.67,16.0,1.6,9.94,17.71,33.0,3.3,20.5,36.52,5.0,0.5,3.11,5.53,23.0,2.3,14.29,25.46,9.0,0.9,5.59,9.96,17.0,1.7,10.56,18.81,29.0,2.9,18.01,32.1,13.0,1.3,8.07,14.39,24.0,2.4,14.91,26.56,13.0,1.3,8.07,14.39,11.0,1.1,6.83,12.17,10.0,1.0,6.21,11.07,2.0,0.2,1.24,2.21,9.0,0.9,5.59,9.96,16.0,1.6,9.94,17.71,34.78,31.06,3.73,118.79,6.0,0.6,3.73,32.53,3.25,0.41,0.41,0.64,0.15,0.39,0.16,0.52,0.41,0.69,0.55,6.21,1.24,0.06,9.94,0.4
2,新北國王,19|25,蘇培凱/林金榜,2,10,11.0,163.62,2.73,02:44,81.81,1.36,01:22,5.0,2.5,45.45,66.01,5.0,2.5,45.45,66.01,2.0,1.0,18.18,26.4,1.0,0.5,9.09,13.2,1.0,0.5,9.09,13.2,1.0,0.5,9.09,13.2,1.0,0.5,9.09,13.2,0.0,0.0,0.0,0.0,4.0,2.0,36.36,52.81,3.0,1.5,27.27,39.6,0.0,0.0,0.0,0.0,1.0,0.5,9.09,13.2,1.0,0.5,9.09,13.2,1.0,0.5,9.09,13.2,1.0,0.5,9.09,13.2,1.0,0.5,9.09,13.2,1.0,0.5,9.09,13.2,0.0,0.0,0.0,0.0,1.0,0.5,9.09,13.2,1.0,0.5,9.09,13.2,45.45,45.45,0.0,96.81,0.0,0.0,0.0,2.73,1.36,0.5,0.66,1.0,0.0,0.75,0.21,1.0,0.0,0.5,0.33,9.09,0.0,0.09,9.09,2.0
2,新北國王,19|10872,蘇培凱/林彥廷,4,47,60.0,741.16,12.35,12:21,185.29,3.09,03:05,20.0,5.0,33.33,58.29,19.0,4.75,31.67,55.37,17.0,4.25,28.33,49.54,6.0,1.5,10.0,17.49,8.0,2.0,13.33,23.31,5.0,1.25,8.33,14.57,9.0,2.25,15.0,26.23,1.0,0.25,1.67,2.91,14.0,3.5,23.33,40.8,7.0,1.75,11.67,20.4,6.0,1.5,10.0,17.49,10.0,2.5,16.67,29.14,3.0,0.75,5.0,8.74,7.0,1.75,11.67,20.4,7.0,1.75,11.67,20.4,3.0,0.75,5.0,8.74,4.0,1.0,6.67,11.66,1.0,0.25,1.67,2.91,6.0,1.5,10.0,17.49,6.0,1.5,10.0,17.49,33.33,31.67,1.67,116.57,1.0,0.25,1.67,12.35,3.09,0.38,0.43,0.62,0.11,0.5,0.23,0.5,0.46,0.77,0.62,6.67,1.67,0.1,10.0,0.82
2,新北國王,19|10873,蘇培凱/喬納森,11,132,171.0,2025.99,33.77,33:46,184.18,3.07,03:04,59.0,5.36,34.5,62.9,54.0,4.91,31.58,57.57,57.0,5.18,33.33,60.77,21.0,1.91,12.28,22.39,27.0,2.45,15.79,28.79,16.0,1.45,9.36,17.06,30.0,2.73,17.54,31.98,5.0,0.45,2.92,5.33,27.0,2.45,15.79,28.79,10.0,0.91,5.85,10.66,18.0,1.64,10.53,19.19,28.0,2.55,16.37,29.85,13.0,1.18,7.6,13.86,28.0,2.55,16.37,29.85,16.0,1.45,9.36,17.06,10.0,0.91,5.85,10.66,12.0,1.09,7.02,12.79,1.0,0.09,0.58,1.07,13.0,1.18,7.6,13.86,18.0,1.64,10.53,19.19,34.5,31.58,2.92,121.54,5.0,0.45,2.92,33.77,3.07,0.41,0.43,0.59,0.17,0.37,0.19,0.48,0.39,0.68,0.53,7.02,0.58,0.08,10.53,0.47
2,新北國王,23|25,王柏智/林金榜,3,16,17.0,261.05,4.35,04:21,87.02,1.45,01:27,7.0,2.33,41.18,57.92,7.0,2.33,41.18,57.92,5.0,1.67,29.41,41.37,2.0,0.67,11.76,16.55,3.0,1.0,17.65,24.82,2.0,0.67,11.76,16.55,2.0,0.67,11.76,16.55,0.0,0.0,0.0,0.0,4.0,1.33,23.53,33.1,3.0,1.0,17.65,24.82,0.0,0.0,0.0,0.0,3.0,1.0,17.65,24.82,1.0,0.33,5.88,8.27,2.0,0.67,11.76,16.55,1.0,0.33,5.88,8.27,2.0,0.67,11.76,16.55,1.0,0.33,5.88,8.27,0.0,0.0,0.0,0.0,2.0,0.67,11.76,16.55,1.0,0.33,5.88,8.27,41.18,41.18,0.0,93.78,0.0,0.0,0.0,4.35,1.45,0.4,0.52,0.67,0.0,0.75,0.13,1.0,0.0,0.75,0.5,5.88,0.0,0.12,5.88,0.8
2,新北國王,23|10873,王柏智/喬納森,12,130,165.0,1985.55,33.09,33:06,165.46,2.76,02:45,56.0,4.67,33.94,60.92,57.0,4.75,34.55,62.01,56.0,4.67,33.94,60.92,20.0,1.67,12.12,21.76,22.0,1.83,13.33,23.93,13.0,1.08,7.88,14.14,34.0,2.83,20.61,36.99,7.0,0.58,4.24,7.62,24.0,2.0,14.55,26.11,9.0,0.75,5.45,9.79,14.0,1.17,8.48,15.23,31.0,2.58,18.79,33.72,14.0,1.17,8.48,15.23,23.0,1.92,13.94,25.02,13.0,1.08,7.88,14.14,11.0,0.92,6.67,11.97,10.0,0.83,6.06,10.88,0.0,0.0,0.0,0.0,13.0,1.08,7.88,14.14,19.0,1.58,11.52,20.67,33.94,34.55,-0.61,119.66,-1.0,-0.08,-0.61,33.09,2.76,0.42,0.42,0.59,0.21,0.38,0.16,0.55,0.38,0.69,0.55,6.06,0.0,0.08,11.52,0.43
2,高雄全家海神,45|110,施晉堯/胡瓏貿,25,1240,1463.0,20659.39,344.32,344:19,826.38,13.77,13:46,659.0,26.36,45.04,68.9,692.0,27.68,47.3,72.35,536.0,21.44,36.64,56.04,237.0,9.48,16.2,24.78,295.0,11.8,20.16,30.84,153.0,6.12,10.46,16.0,241.0,9.64,16.47,25.2,84.0,3.36,5.74,8.78,137.0,5.48,9.36,14.32,101.0,4.04,6.9,10.56,84.0,3.36,5.74,8.78,225.0,9.0,15.38,23.52,80.0,3.2,5.47,8.36,215.0,8.6,14.7,22.48,114.0,4.56,7.79,11.92,136.0,5.44,9.3,14.22,56.0,2.24,3.83,5.85,20.0,0.8,1.37,2.09,142.0,5.68,9.71,14.85,145.0,5.8,9.91,15.16,45.04,47.3,-2.26,101.97,-33.0,-1.32,-2.26,344.32,13.77,0.52,0.55,0.52,0.35,0.74,0.16,0.57,0.28,0.74,0.51,3.83,1.37,0.1,9.91,0.26
2,高雄全家海神,45|118,施晉堯/蘇文儒,16,997,1169.0,16982.87,283.05,283:03,1061.43,17.69,17:41,519.0,32.44,44.4,66.01,546.0,34.12,46.71,69.44,434.0,27.12,37.13,55.2,189.0,11.81,16.17,24.04,247.0,15.44,21.13,31.42,128.0,8.0,10.95,16.28,187.0,11.69,16.0,23.78,61.0,3.81,5.22,7.76,114.0,7.12,9.75,14.5,79.0,4.94,6.76,10.05,63.0,3.94,5.39,8.01,197.0,12.31,16.85,25.06,63.0,3.94,5.39,8.01,176.0,11.0,15.06,22.38,84.0,5.25,7.19,10.68,107.0,6.69,9.15,13.61,47.0,2.94,4.02,5.98,20.0,1.25,1.71,2.54,108.0,6.75,9.24,13.74,127.0,7.94,10.86,16.15,44.4,46.71,-2.31,99.12,-27.0,-1.69,-2.31,283.05,17.69,0.51,0.54,0.52,0.33,0.69,0.15,0.57,0.26,0.76,0.52,4.02,1.71,0.09,10.86,0.26
2,高雄全家海神,45|121,施晉堯/吳曉謹,18,498,586.0,8145.65,135.76,135:46,452.54,7.54,07:33,234.0,13.0,39.93,62.05,289.0,16.06,49.32,76.63,215.0,11.94,36.69,57.01,83.0,4.61,14.16,22.01,114.0,6.33,19.45,30.23,53.0,2.94,9.04,14.05,101.0,5.61,17.24,26.78,30.0,1.67,5.12,7.96,57.0,3.17,9.73,15.11,38.0,2.11,6.48,10.08,32.0,1.78,5.46,8.49,104.0,5.78,17.75,27.58,32.0,1.78,5.46,8.49,85.0,4.72,14.51,22.54,44.0,2.44,7.51,11.67,53.0,2.94,9.04,14.05,21.0,1.17,3.58,5.57,5.0,0.28,0.85,1.33,53.0,2.94,9.04,14.05,53.0,2.94,9.04,14.05,39.93,49.32,-9.39,103.59,-55.0,-3.06,-9.39,135.76,7.54,0.46,0.49,0.46,0.3,0.67,0.15,0.64,0.27,0.76,0.54,3.58,0.85,0.09,9.04,0.27
2,高雄全家海神,45|10893,施晉堯/崔維斯,4,224,264.0,3732.05,62.2,62:12,933.01,15.55,15:33,110.0,27.5,41.67,63.66,122.0,30.5,46.21,70.61,102.0,25.5,38.64,59.03,38.0,9.5,14.39,21.99,58.0,14.5,21.97,33.57,22.0,5.5,8.33,12.73,44.0,11.0,16.67,25.47,16.0,4.0,6.06,9.26,27.0,6.75,10.23,15.63,20.0,5.0,7.58,11.58,16.0,4.0,6.06,9.26,50.0,12.5,18.94,28.94,11.0,2.75,4.17,6.37,39.0,9.75,14.77,22.57,14.0,3.5,5.3,8.1,19.0,4.75,7.2,11.0,5.0,1.25,1.89,2.89,5.0,1.25,1.89,2.89,28.0,7.0,10.61,16.21,35.0,8.75,13.26,20.26,41.67,46.21,-4.55,101.86,-12.0,-3.0,-4.55,62.2,15.55,0.45,0.48,0.38,0.36,0.74,0.11,0.5,0.29,0.82,0.57,1.89,1.89,0.11,13.26,0.26
2,高雄全家海神,110|10893,胡瓏貿/崔維斯,3,199,239.0,3205.8,53.43,53:26,1068.6,17.81,17:49,107.0,35.67,44.77,72.09,109.0,36.33,45.61,73.44,84.0,28.0,35.15,56.6,34.0,11.33,14.23,22.91,41.0,13.67,17.15,27.62,20.0,6.67,8.37,13.48,43.0,14.33,17.99,28.97,14.0,4.67,5.86,9.43,36.0,12.0,15.06,24.26,25.0,8.33,10.46,16.84,16.0,5.33,6.69,10.78,41.0,13.67,17.15,27.62,11.0,3.67,4.6,7.41,33.0,11.0,13.81,22.23,15.0,5.0,6.28,10.11,17.0,5.67,7.11,11.45,8.0,2.67,3.35,5.39,1.0,0.33,0.42,0.67,23.0,7.67,9.62,15.5,48.0,16.0,20.08,32.34,44.77,45.61,-0.84,107.36,-2.0,-0.67,-0.84,53.43,17.81,0.49,0.54,0.49,0.33,0.69,0.13,0.5,0.33,0.79,0.56,3.35,0.42,0.1,20.08,0.43
2,高雄全家海神,118|10893,蘇文儒/崔維斯,4,243,289.0,4056.91,67.62,67:37,1014.23,16.9,16:54,143.0,35.75,49.48,76.14,115.0,28.75,39.79,61.23,104.0,26.0,35.99,55.37,47.0,11.75,16.26,25.02,53.0,13.25,18.34,28.22,28.0,7.0,9.69,14.91,51.0,12.75,17.65,27.15,19.0,4.75,6.57,10.12,37.0,9.25,12.8,19.7,32.0,8.0,11.07,17.04,16.0,4.0,5.54,8.52,43.0,10.75,14.88,22.89,17.0,4.25,5.88,9.05,45.0,11.25,15.57,23.96,19.0,4.75,6.57,10.12,21.0,5.25,7.27,11.18,10.0,2.5,3.46,5.32,4.0,1.0,1.38,2.13,30.0,7.5,10.38,15.97,37.0,9.25,12.8,19.7,49.48,39.79,9.69,102.58,28.0,7.0,9.69,67.62,16.9,0.54,0.59,0.53,0.37,0.86,0.14,0.45,0.26,0.72,0.49,3.46,1.38,0.1,12.8,0.36
2,高雄全家海神,121|10893,吳曉謹/崔維斯,4,217,260.0,4222.18,70.37,70:22,1055.55,17.59,17:36,103.0,25.75,39.62,52.69,118.0,29.5,45.38,60.37,97.0,24.25,37.31,49.62,38.0,9.5,14.62,19.44,52.0,13.0,20.0,26.6,22.0,5.5,8.46,11.25,45.0,11.25,17.31,23.02,16.0,4.0,6.15,8.19,20.0,5.0,7.69,10.23,11.0,2.75,4.23,5.63,16.0,4.0,6.15,8.19,47.0,11.75,18.08,24.04,9.0,2.25,3.46,4.6,34.0,8.5,13.08,17.39,21.0,5.25,8.08,10.74,20.0,5.0,7.69,10.23,9.0,2.25,3.46,4.6,2.0,0.5,0.77,1.02,23.0,5.75,8.85,11.77,41.0,10.25,15.77,20.97,39.62,45.38,-5.77,88.67,-15.0,-3.75,-5.77,70.37,17.59,0.47,0.49,0.42,0.36,0.55,0.17,0.53,0.32,0.84,0.59,3.46,0.77,0.09,15.77,0.21
2,高雄全家海神,45|109,施晉堯/于煥亞,14,493,581.0,7513.47,125.22,125:13,536.68,8.94,08:57,262.0,18.71,45.09,75.32,286.0,20.43,49.23,82.22,207.0,14.79,35.63,59.51,89.0,6.36,15.32,25.59,115.0,8.21,19.79,33.06,56.0,4.0,9.64,16.1,92.0,6.57,15.83,26.45,33.0,2.36,5.68,9.49,63.0,4.5,10.84,18.11,49.0,3.5,8.43,14.09,31.0,2.21,5.34,8.91,87.0,6.21,14.97,25.01,38.0,2.71,6.54,10.92,71.0,5.07,12.22,20.41,41.0,2.93,7.06,11.79,55.0,3.93,9.47,15.81,28.0,2.0,4.82,8.05,13.0,0.93,2.24,3.74,49.0,3.5,8.43,14.09,72.0,5.14,12.39,20.7,45.09,49.23,-4.13,111.35,-24.0,-1.71,-4.13,125.22,8.94,0.51,0.56,0.49,0.36,0.78,0.15,0.62,0.3,0.7,0.52,4.82,2.24,0.08,12.39,0.3
2,高雄全家海神,45|10894,施晉堯/凱帝,11,676,793.0,11202.21,186.7,186:42,1018.38,16.97,16:58,362.0,32.91,45.65,69.8,363.0,33.0,45.78,69.99,270.0,24.55,34.05,52.06,128.0,11.64,16.14,24.68,151.0,13.73,19.04,29.12,85.0,7.73,10.72,16.39,119.0,10.82,15.01,22.95,43.0,3.91,5.42,8.29,88.0,8.0,11.1,16.97,62.0,5.64,7.82,11.95,34.0,3.09,4.29,6.56,120.0,10.91,15.13,23.14,53.0,4.82,6.68,10.22,124.0,11.27,15.64,23.91,63.0,5.73,7.94,12.15,80.0,7.27,10.09,15.43,35.0,3.18,4.41,6.75,7.0,0.64,0.88,1.35,87.0,7.91,10.97,16.78,68.0,6.18,8.58,13.11,45.65,45.78,-0.13,101.94,-1.0,-0.09,-0.13,186.7,16.97,0.55,0.59,0.56,0.36,0.7,0.17,0.62,0.22,0.69,0.47,4.41,0.88,0.11,8.58,0.33
2,高雄全家海神,45|123,施晉堯/勤明慶,8,86,99.0,1310.92,21.85,21:51,163.87,2.73,02:44,49.0,6.12,49.49,80.74,45.0,5.62,45.45,74.15,32.0,4.0,32.32,52.73,15.0,1.88,15.15,24.72,16.0,2.0,16.16,26.36,7.0,0.88,7.07,11.53,16.0,2.0,16.16,26.36,8.0,1.0,8.08,13.18,12.0,1.5,12.12,19.77,8.0,1.0,8.08,13.18,7.0,0.88,7.07,11.53,11.0,1.38,11.11,18.12,2.0,0.25,2.02,3.3,14.0,1.75,14.14,23.07,10.0,1.25,10.1,16.48,13.0,1.62,13.13,21.42,7.0,0.88,7.07,11.53,3.0,0.38,3.03,4.94,8.0,1.0,8.08,13.18,15.0,1.88,15.15,24.72,49.49,45.45,4.04,108.75,4.0,0.5,4.04,21.85,2.73,0.59,0.66,0.44,0.5,0.67,0.21,0.87,0.33,0.85,0.53,7.07,3.03,0.08,15.15,0.38
2,高雄全家海神,123|10894,勤明慶/凱帝,3,63,74.0,1025.82,17.1,17:06,341.94,5.7,05:42,28.0,9.33,37.84,58.96,32.0,10.67,43.24,67.38,28.0,9.33,37.84,58.96,8.0,2.67,10.81,16.85,19.0,6.33,25.68,40.01,2.0,0.67,2.7,4.21,9.0,3.0,12.16,18.95,6.0,2.0,8.11,12.63,6.0,2.0,8.11,12.63,5.0,1.67,6.76,10.53,6.0,2.0,8.11,12.63,15.0,5.0,20.27,31.58,3.0,1.0,4.05,6.32,10.0,3.33,13.51,21.06,5.0,1.67,6.76,10.53,5.0,1.67,6.76,10.53,4.0,1.33,5.41,8.42,3.0,1.0,4.05,6.32,7.0,2.33,9.46,14.74,11.0,3.67,14.86,23.16,37.84,43.24,-5.41,103.88,-4.0,-1.33,-5.41,17.1,5.7,0.39,0.46,0.11,0.67,0.83,0.14,0.62,0.38,0.83,0.62,5.41,4.05,0.09,14.86,0.21
2,福爾摩沙夢想家,79|10889,張宗憲/恩尼斯,5,300,353.0,4718.99,78.65,78:39,943.8,15.73,15:44,159.0,31.8,45.04,72.78,136.0,27.2,38.53,62.25,128.0,25.6,36.26,58.59,56.0,11.2,15.86,25.63,78.0,15.6,22.1,35.7,38.0,7.6,10.76,17.39,50.0,10.0,14.16,22.89,18.0,3.6,5.1,8.24,34.0,6.8,9.63,15.56,28.0,5.6,7.93,12.82,23.0,4.6,6.52,10.53,49.0,9.8,13.88,22.43,13.0,2.6,3.68,5.95,50.0,10.0,14.16,22.89,31.0,6.2,8.78,14.19,34.0,6.8,9.63,15.56,18.0,3.6,5.1,8.24,5.0,1.0,1.42,2.29,42.0,8.4,11.9,19.22,41.0,8.2,11.61,18.77,45.04,38.53,6.52,107.72,23.0,4.6,6.52,78.65,15.73,0.51,0.56,0.49,0.36,0.82,0.18,0.61,0.32,0.79,0.53,5.1,1.42,0.12,11.61,0.27
2,福爾摩沙夢想家,89|10889,蔣淯安/恩尼斯,9,717,866.0,11539.55,192.33,192:20,1282.17,21.37,21:22,372.0,41.33,42.96,69.63,355.0,39.44,40.99,66.45,307.0,34.11,35.45,57.46,131.0,14.56,15.13,24.52,171.0,19.0,19.75,32.01,88.0,9.78,10.16,16.47,136.0,15.11,15.7,25.46,43.0,4.78,4.97,8.05,85.0,9.44,9.82,15.91,64.0,7.11,7.39,11.98,58.0,6.44,6.7,10.86,131.0,14.56,15.13,24.52,47.0,5.22,5.43,8.8,136.0,15.11,15.7,25.46,77.0,8.56,8.89,14.41,73.0,8.11,8.43,13.66,45.0,5.0,5.2,8.42,11.0,1.22,1.27,2.06,94.0,10.44,10.85,17.6,93.0,10.33,10.74,17.41,42.96,40.99,1.96,108.07,17.0,1.89,1.96,192.33,21.37,0.5,0.54,0.51,0.32,0.75,0.18,0.56,0.3,0.74,0.51,5.2,1.27,0.11,10.74,0.28
2,福爾摩沙夢想家,103|10889,忻沃克/恩尼斯,8,595,718.0,9519.76,158.66,158:40,1189.97,19.83,19:50,330.0,41.25,45.96,74.88,273.0,34.12,38.02,61.94,258.0,32.25,35.93,58.54,111.0,13.88,15.46,25.19,144.0,18.0,20.06,32.67,72.0,9.0,10.03,16.34,114.0,14.25,15.88,25.87,39.0,4.88,5.43,8.85,91.0,11.38,12.67,20.65,70.0,8.75,9.75,15.88,47.0,5.88,6.55,10.66,106.0,13.25,14.76,24.05,34.0,4.25,4.74,7.71,122.0,15.25,16.99,27.68,54.0,6.75,7.52,12.25,65.0,8.12,9.05,14.75,33.0,4.12,4.6,7.49,10.0,1.25,1.39,2.27,82.0,10.25,11.42,18.61,85.0,10.62,11.84,19.29,45.96,38.02,7.94,108.61,57.0,7.12,7.94,158.66,19.83,0.51,0.55,0.5,0.34,0.77,0.15,0.59,0.28,0.76,0.5,4.6,1.39,0.11,11.84,0.35
2,福爾摩沙夢想家,107|10889,霍爾曼/恩尼斯,8,492,594.0,7947.16,132.45,132:27,993.39,16.56,16:33,262.0,32.75,44.11,71.21,266.0,33.25,44.78,72.3,199.0,24.88,33.5,54.09,82.0,10.25,13.8,22.29,110.0,13.75,18.52,29.9,54.0,6.75,9.09,14.68,89.0,11.12,14.98,24.19,28.0,3.5,4.71,7.61,81.0,10.12,13.64,22.02,69.0,8.62,11.62,18.75,37.0,4.62,6.23,10.06,84.0,10.5,14.14,22.83,41.0,5.12,6.9,11.14,87.0,10.88,14.65,23.65,52.0,6.5,8.75,14.13,50.0,6.25,8.42,13.59,26.0,3.25,4.38,7.07,11.0,1.38,1.85,2.99,59.0,7.38,9.93,16.04,76.0,9.5,12.79,20.66,44.11,44.78,-0.67,107.63,-4.0,-0.5,-0.67,132.45,16.56,0.48,0.56,0.49,0.31,0.85,0.18,0.61,0.3,0.67,0.49,4.38,1.85,0.1,12.79,0.41
2,福爾摩沙夢想家,86|10889,林俊吉/恩尼斯,9,334,398.0,5205.6,86.76,86:46,578.4,9.64,09:38,179.0,19.89,44.97,74.27,173.0,19.22,43.47,71.78,130.0,14.44,32.66,53.94,58.0,6.44,14.57,24.07,77.0,8.56,19.35,31.95,42.0,4.67,10.55,17.43,53.0,5.89,13.32,21.99,16.0,1.78,4.02,6.64,60.0,6.67,15.08,24.9,47.0,5.22,11.81,19.5,19.0,2.11,4.77,7.88,53.0,5.89,13.32,21.99,25.0,2.78,6.28,10.37,63.0,7.0,15.83,26.14,32.0,3.56,8.04,13.28,37.0,4.11,9.3,15.35,16.0,1.78,4.02,6.64,4.0,0.44,1.01,1.66,43.0,4.78,10.8,17.84,54.0,6.0,13.57,22.41,44.97,43.47,1.51,110.1,6.0,0.67,1.51,86.76,9.64,0.51,0.57,0.55,0.3,0.78,0.17,0.64,0.23,0.68,0.45,4.02,1.01,0.11,13.57,0.46
2,福爾摩沙夢想家,106|10889,高柏鎧/恩尼斯,5,223,269.0,3599.15,59.99,59:59,719.83,12.0,12:00,106.0,21.2,39.41,63.62,92.0,18.4,34.2,55.21,93.0,18.6,34.57,55.81,37.0,7.4,13.75,22.21,51.0,10.2,18.96,30.61,26.0,5.2,9.67,15.6,42.0,8.4,15.61,25.21,11.0,2.2,4.09,6.6,27.0,5.4,10.04,16.2,19.0,3.8,7.06,11.4,21.0,4.2,7.81,12.6,37.0,7.4,13.75,22.21,8.0,1.6,2.97,4.8,49.0,9.8,18.22,29.41,27.0,5.4,10.04,16.2,25.0,5.0,9.29,15.0,16.0,3.2,5.95,9.6,1.0,0.2,0.37,0.6,36.0,7.2,13.38,21.61,20.0,4.0,7.43,12.0,39.41,34.2,5.2,107.63,14.0,2.8,5.2,59.99,12.0,0.46,0.51,0.51,0.26,0.7,0.2,0.68,0.3,0.82,0.5,5.95,0.37,0.13,7.43,0.29
2,高雄全家海神,109|119,于煥亞/余純安,7,194,233.0,2839.3,47.32,47:19,405.61,6.76,06:46,92.0,13.14,39.48,69.99,92.0,13.14,39.48,69.99,79.0,11.29,33.91,60.1,31.0,4.43,13.3,23.58,43.0,6.14,18.45,32.71,19.0,2.71,8.15,14.45,36.0,5.14,15.45,27.39,12.0,1.71,5.15,9.13,22.0,3.14,9.44,16.74,15.0,2.14,6.44,11.41,15.0,2.14,6.44,11.41,36.0,5.14,15.45,27.39,16.0,2.29,6.87,12.17,34.0,4.86,14.59,25.87,21.0,3.0,9.01,15.98,21.0,3.0,9.01,15.98,14.0,2.0,6.01,10.65,3.0,0.43,1.29,2.28,22.0,3.14,9.44,16.74,30.0,4.29,12.88,22.82,39.48,39.48,0.0,118.17,0.0,0.0,0.0,47.32,6.76,0.47,0.52,0.44,0.33,0.68,0.19,0.68,0.31,0.69,0.5,6.01,1.29,0.09,12.88,0.28
2,高雄全家海神,109|10893,于煥亞/崔維斯,3,209,256.0,3383.54,56.39,56:24,1127.85,18.8,18:48,115.0,38.33,44.92,73.41,97.0,32.33,37.89,61.92,76.0,25.33,29.69,48.52,33.0,11.0,12.89,21.07,36.0,12.0,14.06,22.98,18.0,6.0,7.03,11.49,40.0,13.33,15.62,25.54,15.0,5.0,5.86,9.58,44.0,14.67,17.19,28.09,34.0,11.33,13.28,21.71,15.0,5.0,5.86,9.58,35.0,11.67,13.67,22.34,15.0,5.0,5.86,9.58,32.0,10.67,12.5,20.43,22.0,7.33,8.59,14.04,19.0,6.33,7.42,12.13,13.0,4.33,5.08,8.3,1.0,0.33,0.39,0.64,32.0,10.67,12.5,20.43,43.0,14.33,16.8,27.45,44.92,37.89,7.03,108.95,18.0,6.0,7.03,56.39,18.8,0.53,0.6,0.5,0.38,0.77,0.19,0.58,0.32,0.7,0.52,5.08,0.39,0.12,16.8,0.58
2,高雄全家海神,119|122,余純安/陳懷安,11,239,290.0,3686.12,61.44,61:26,335.1,5.59,05:35,111.0,10.09,38.28,65.04,131.0,11.91,45.17,76.76,93.0,8.45,32.07,54.5,36.0,3.27,12.41,21.1,44.0,4.0,15.17,25.78,24.0,2.18,8.28,14.06,49.0,4.45,16.9,28.71,12.0,1.09,4.14,7.03,36.0,3.27,12.41,21.1,26.0,2.36,8.97,15.24,16.0,1.45,5.52,9.38,39.0,3.55,13.45,22.85,20.0,1.82,6.9,11.72,36.0,3.27,12.41,21.1,32.0,2.91,11.03,18.75,22.0,2.0,7.59,12.89,20.0,1.82,6.9,11.72,2.0,0.18,0.69,1.17,32.0,2.91,11.03,18.75,38.0,3.45,13.1,22.27,38.28,45.17,-6.9,113.29,-20.0,-1.82,-6.9,61.44,5.59,0.45,0.51,0.55,0.24,0.72,0.23,0.61,0.31,0.66,0.5,6.9,0.69,0.11,13.1,0.39
2,高雄全家海神,119|10893,余純安/崔維斯,4,113,130.0,1704.45,28.41,28:24,426.11,7.1,07:06,51.0,12.75,39.23,64.63,64.0,16.0,49.23,81.11,46.0,11.5,35.38,58.29,18.0,4.5,13.85,22.81,25.0,6.25,19.23,31.68,12.0,3.0,9.23,15.21,21.0,5.25,16.15,26.61,6.0,1.5,4.62,7.6,16.0,4.0,12.31,20.28,9.0,2.25,6.92,11.41,4.0,1.0,3.08,5.07,25.0,6.25,19.23,31.68,3.0,0.75,2.31,3.8,18.0,4.5,13.85,22.81,9.0,2.25,6.92,11.41,12.0,3.0,9.23,15.21,3.0,0.75,2.31,3.8,2.0,0.5,1.54,2.53,14.0,3.5,10.77,17.74,16.0,4.0,12.31,20.28,39.23,49.23,-10.0,109.83,-13.0,-3.25,-10.0,28.41,7.1,0.46,0.48,0.48,0.29,0.56,0.15,0.67,0.18,0.89,0.58,2.31,1.54,0.11,12.31,0.35
2,高雄全家海神,119|10894,余純安/凱帝,5,83,101.0,1365.72,22.76,22:46,273.14,4.55,04:33,52.0,10.4,51.49,82.24,41.0,8.2,40.59,64.85,33.0,6.6,32.67,52.19,16.0,3.2,15.84,25.31,14.0,2.8,13.86,22.14,8.0,1.6,7.92,12.65,19.0,3.8,18.81,30.05,8.0,1.6,7.92,12.65,12.0,2.4,11.88,18.98,11.0,2.2,10.89,17.4,6.0,1.2,5.94,9.49,10.0,2.0,9.9,15.82,7.0,1.4,6.93,11.07,16.0,3.2,15.84,25.31,11.0,2.2,10.89,17.4,11.0,2.2,10.89,17.4,6.0,1.2,5.94,9.49,1.0,0.2,0.99,1.58,12.0,2.4,11.88,18.98,9.0,1.8,8.91,14.23,51.49,40.59,10.89,106.49,11.0,2.2,10.89,22.76,4.55,0.61,0.68,0.57,0.42,0.92,0.22,0.69,0.27,0.59,0.41,5.94,0.99,0.12,8.91,0.36
2,高雄全家海神,122|10893,陳懷安/崔維斯,4,247,299.0,4873.17,81.22,81:13,1218.29,20.3,20:18,124.0,31.0,41.47,54.96,125.0,31.25,41.81,55.41,97.0,24.25,32.44,42.99,40.0,10.0,13.38,17.73,48.0,12.0,16.05,21.28,23.0,5.75,7.69,10.19,49.0,12.25,16.39,21.72,17.0,4.25,5.69,7.54,38.0,9.5,12.71,16.84,29.0,7.25,9.7,12.85,16.0,4.0,5.35,7.09,44.0,11.0,14.72,19.5,13.0,3.25,4.35,5.76,42.0,10.5,14.05,18.62,30.0,7.5,10.03,13.3,23.0,5.75,7.69,10.19,17.0,4.25,5.69,7.54,1.0,0.25,0.33,0.44,30.0,7.5,10.03,13.3,50.0,12.5,16.72,22.16,41.47,41.81,-0.33,88.35,-1.0,-0.25,-0.33,81.22,20.3,0.5,0.55,0.48,0.35,0.76,0.21,0.57,0.28,0.77,0.52,5.69,0.33,0.1,16.72,0.39
2,高雄全家海神,10893|10894,崔維斯/凱帝,3,121,145.0,2031.01,33.85,33:51,677.0,11.28,11:17,64.0,21.33,44.14,68.06,53.0,17.67,36.55,56.37,44.0,14.67,30.34,46.79,18.0,6.0,12.41,19.14,21.0,7.0,14.48,22.33,10.0,3.33,6.9,10.64,23.0,7.67,15.86,24.46,8.0,2.67,5.52,8.51,24.0,8.0,16.55,25.52,20.0,6.67,13.79,21.27,7.0,2.33,4.83,7.44,20.0,6.67,13.79,21.27,7.0,2.33,4.83,7.44,21.0,7.0,14.48,22.33,14.0,4.67,9.66,14.89,9.0,3.0,6.21,9.57,8.0,2.67,5.52,8.51,1.0,0.33,0.69,1.06,19.0,6.33,13.1,20.21,15.0,5.0,10.34,15.95,44.14,36.55,7.59,102.81,11.0,3.67,7.59,33.85,11.28,0.5,0.59,0.48,0.35,0.83,0.2,0.5,0.25,0.74,0.49,5.52,0.69,0.13,10.34,0.55
2,高雄全家海神,119|121,余純安/吳曉謹,12,342,399.0,5259.97,87.67,87:40,438.33,7.31,07:18,164.0,13.67,41.1,67.35,200.0,16.67,50.13,82.13,145.0,12.08,36.34,59.54,59.0,4.92,14.79,24.23,76.0,6.33,19.05,31.21,40.0,3.33,10.03,16.43,69.0,5.75,17.29,28.33,19.0,1.58,4.76,7.8,37.0,3.08,9.27,15.19,27.0,2.25,6.77,11.09,25.0,2.08,6.27,10.27,59.0,4.92,14.79,24.23,18.0,1.5,4.51,7.39,53.0,4.42,13.28,21.76,43.0,3.58,10.78,17.66,37.0,3.08,9.27,15.19,29.0,2.42,7.27,11.91,7.0,0.58,1.75,2.87,33.0,2.75,8.27,13.55,48.0,4.0,12.03,19.71,41.1,50.13,-9.02,109.23,-36.0,-3.0,-9.02,87.67,7.31,0.47,0.51,0.53,0.28,0.73,0.21,0.63,0.32,0.77,0.54,7.27,1.75,0.08,12.03,0.26
2,高雄全家海神,123|10893,勤明慶/崔維斯,2,23,31.0,1073.48,17.89,17:53,536.74,8.95,08:57,10.0,5.0,32.26,20.12,11.0,5.5,35.48,22.13,8.0,4.0,25.81,16.1,4.0,2.0,12.9,8.05,7.0,3.5,22.58,14.08,3.0,1.5,9.68,6.04,1.0,0.5,3.23,2.01,1.0,0.5,3.23,2.01,1.0,0.5,3.23,2.01,1.0,0.5,3.23,2.01,2.0,1.0,6.45,4.02,1.0,0.5,3.23,2.01,0.0,0.0,0.0,0.0,3.0,1.5,9.68,6.04,5.0,2.5,16.13,10.06,1.0,0.5,3.23,2.01,2.0,1.0,6.45,4.02,0.0,0.0,0.0,0.0,7.0,3.5,22.58,14.08,8.0,4.0,25.81,16.1,32.26,35.48,-3.23,41.58,-1.0,-0.5,-3.23,17.89,8.95,0.56,0.59,0.43,1.0,1.0,0.37,0.25,0.4,1.0,0.5,6.45,0.0,0.23,25.81,0.12
2,高雄全家海神,45|122,施晉堯/陳懷安,9,157,185.0,2695.25,44.92,44:55,299.47,4.99,04:59,62.0,6.89,33.51,49.69,103.0,11.44,55.68,82.55,59.0,6.56,31.89,47.28,23.0,2.56,12.43,18.43,33.0,3.67,17.84,26.45,17.0,1.89,9.19,13.62,26.0,2.89,14.05,20.84,6.0,0.67,3.24,4.81,19.0,2.11,10.27,15.23,12.0,1.33,6.49,9.62,6.0,0.67,3.24,4.81,30.0,3.33,16.22,24.04,11.0,1.22,5.95,8.82,18.0,2.0,9.73,14.43,15.0,1.67,8.11,12.02,12.0,1.33,6.49,9.62,8.0,0.89,4.32,6.41,2.0,0.22,1.08,1.6,17.0,1.89,9.19,13.62,26.0,2.89,14.05,20.84,33.51,55.68,-22.16,98.84,-41.0,-4.56,-22.16,44.92,4.99,0.44,0.46,0.52,0.23,0.63,0.18,0.52,0.25,0.73,0.55,4.32,1.08,0.09,14.05,0.32
2,福爾摩沙夢想家,89|95,蔣淯安/李德威,9,119,139.0,1955.67,32.59,32:36,217.3,3.62,03:37,51.0,5.67,36.69,56.33,53.0,5.89,38.13,58.54,50.0,5.56,35.97,55.22,21.0,2.33,15.11,23.19,36.0,4.0,25.9,39.76,17.0,1.89,12.23,18.78,14.0,1.56,10.07,15.46,4.0,0.44,2.88,4.42,11.0,1.22,7.91,12.15,5.0,0.56,3.6,5.52,7.0,0.78,5.04,7.73,25.0,2.78,17.99,27.61,7.0,0.78,5.04,7.73,24.0,2.67,17.27,26.51,10.0,1.11,7.19,11.04,10.0,1.11,7.19,11.04,3.0,0.33,2.16,3.31,0.0,0.0,0.0,0.0,12.0,1.33,8.63,13.25,18.0,2.0,12.95,19.88,36.69,38.13,-1.44,102.35,-2.0,-0.22,-1.44,32.59,3.62,0.46,0.46,0.47,0.29,0.45,0.15,0.48,0.23,0.78,0.51,2.16,0.0,0.09,12.95,0.22
2,福爾摩沙夢想家,95|99,李德威/盧冠良,3,14,16.0,295.0,4.92,04:55,98.33,1.64,01:38,6.0,2.0,37.5,43.93,11.0,3.67,68.75,80.54,6.0,2.0,37.5,43.93,3.0,1.0,18.75,21.97,4.0,1.33,25.0,29.29,3.0,1.0,18.75,21.97,2.0,0.67,12.5,14.64,0.0,0.0,0.0,0.0,0.0,0.0,0.0,0.0,0.0,0.0,0.0,0.0,0.0,0.0,0.0,0.0,3.0,1.0,18.75,21.97,1.0,0.33,6.25,7.32,2.0,0.67,12.5,14.64,1.0,0.33,6.25,7.32,1.0,0.33,6.25,7.32,1.0,0.33,6.25,7.32,0.0,0.0,0.0,0.0,0.0,0.0,0.0,0.0,3.0,1.0,18.75,21.97,37.5,68.75,-31.25,78.1,-5.0,-1.67,-31.25,4.92,1.64,0.5,0.5,0.75,0.0,,0.14,0.33,0.0,0.75,0.5,6.25,0.0,0.0,18.75,0.0
2,福爾摩沙夢想家,95|107,李德威/霍爾曼,4,40,50.0,732.93,12.22,12:13,183.23,3.05,03:03,20.0,5.0,40.0,58.94,15.0,3.75,30.0,44.21,18.0,4.5,36.0,53.05,7.0,1.75,14.0,20.63,11.0,2.75,22.0,32.42,5.0,1.25,10.0,14.74,7.0,1.75,14.0,20.63,2.0,0.5,4.0,5.89,6.0,1.5,12.0,17.68,4.0,1.0,8.0,11.79,5.0,1.25,10.0,14.74,8.0,2.0,16.0,23.58,6.0,1.5,12.0,17.68,8.0,2.0,16.0,23.58,3.0,0.75,6.0,8.84,4.0,1.0,8.0,11.79,1.0,0.25,2.0,2.95,0.0,0.0,0.0,0.0,6.0,1.5,12.0,17.68,10.0,2.5,20.0,29.47,40.0,30.0,10.0,98.24,5.0,1.25,10.0,12.22,3.05,0.44,0.48,0.45,0.29,0.67,0.13,0.57,0.38,0.57,0.48,2.0,0.0,0.12,20.0,0.33
2,福爾摩沙夢想家,95|10889,李德威/恩尼斯,6,134,156.0,2143.1,35.72,35:43,357.18,5.95,05:57,61.0,10.17,39.1,61.48,64.0,10.67,41.03,64.5,59.0,9.83,37.82,59.47,25.0,4.17,16.03,25.2,41.0,6.83,26.28,41.32,21.0,3.5,13.46,21.17,18.0,3.0,11.54,18.14,4.0,0.67,2.56,4.03,14.0,2.33,8.97,14.11,7.0,1.17,4.49,7.06,10.0,1.67,6.41,10.08,28.0,4.67,17.95,28.22,9.0,1.5,5.77,9.07,26.0,4.33,16.67,26.21,10.0,1.67,6.41,10.08,10.0,1.67,6.41,10.08,3.0,0.5,1.92,3.02,0.0,0.0,0.0,0.0,15.0,2.5,9.62,15.12,23.0,3.83,14.74,23.18,39.1,41.03,-1.92,104.82,-3.0,-0.5,-1.92,35.72,5.95,0.46,0.47,0.51,0.22,0.5,0.13,0.4,0.28,0.76,0.52,1.92,0.0,0.1,14.74,0.24
2,福爾摩沙夢想家,99|10889,盧冠良/恩尼斯,7,312,373.0,5151.47,85.86,85:51,735.92,12.27,12:16,176.0,25.14,47.18,73.8,184.0,26.29,49.33,77.15,128.0,18.29,34.32,53.67,61.0,8.71,16.35,25.58,71.0,10.14,19.03,29.77,40.0,5.71,10.72,16.77,57.0,8.14,15.28,23.9,21.0,3.0,5.63,8.81,39.0,5.57,10.46,16.35,31.0,4.43,8.31,13.0,23.0,3.29,6.17,9.64,46.0,6.57,12.33,19.29,24.0,3.43,6.43,10.06,54.0,7.71,14.48,22.64,34.0,4.86,9.12,14.26,37.0,5.29,9.92,15.51,21.0,3.0,5.63,8.81,3.0,0.43,0.8,1.26,39.0,5.57,10.46,16.35,39.0,5.57,10.46,16.35,47.18,49.33,-2.14,104.27,-8.0,-1.14,-2.14,85.86,12.27,0.56,0.61,0.56,0.37,0.79,0.19,0.61,0.3,0.66,0.47,5.63,0.8,0.1,10.46,0.3
2,高雄全家海神,45|119,施晉堯/余純安,12,203,235.0,3049.22,50.82,50:49,254.1,4.24,04:14,99.0,8.25,42.13,70.13,99.0,8.25,42.13,70.13,86.0,7.17,36.6,60.92,33.0,2.75,14.04,23.38,43.0,3.58,18.3,30.46,17.0,1.42,7.23,12.04,43.0,3.58,18.3,30.46,16.0,1.33,6.81,11.33,29.0,2.42,12.34,20.54,17.0,1.42,7.23,12.04,12.0,1.0,5.11,8.5,43.0,3.58,18.3,30.46,12.0,1.0,5.11,8.5,36.0,3.0,15.32,25.5,16.0,1.33,6.81,11.33,22.0,1.83,9.36,15.58,5.0,0.42,2.13,3.54,6.0,0.5,2.55,4.25,23.0,1.92,9.79,16.29,31.0,2.58,13.19,21.96,42.13,42.13,0.0,110.98,0.0,0.0,0.0,50.82,4.24,0.48,0.5,0.4,0.37,0.59,0.14,0.67,0.25,0.78,0.53,2.13,2.55,0.1,13.19,0.34
2,高雄全家海神,110|119,胡瓏貿/余純安,15,336,392.0,5029.7,83.83,83:50,335.31,5.59,05:35,167.0,11.13,42.6,71.72,168.0,11.2,42.86,72.15,147.0,9.8,37.5,63.13,55.0,3.67,14.03,23.62,79.0,5.27,20.15,33.93,35.0,2.33,8.93,15.03,68.0,4.53,17.35,29.2,20.0,1.33,5.1,8.59,49.0,3.27,12.5,21.04,32.0,2.13,8.16,13.74,24.0,1.6,6.12,10.31,71.0,4.73,18.11,30.49,21.0,1.4,5.36,9.02,63.0,4.2,16.07,27.06,24.0,1.6,6.12,10.31,28.0,1.87,7.14,12.02,16.0,1.07,4.08,6.87,5.0,0.33,1.28,2.15,40.0,2.67,10.2,17.18,43.0,2.87,10.97,18.47,42.6,42.86,-0.26,112.23,-1.0,-0.07,-0.26,83.83,5.59,0.44,0.5,0.44,0.29,0.65,0.12,0.51,0.28,0.77,0.53,4.08,1.28,0.1,10.97,0.33
2,高雄全家海神,119|123,余純安/勤明慶,7,71,90.0,1048.53,17.48,17:29,149.79,2.5,02:30,33.0,4.71,36.67,67.98,41.0,5.86,45.56,84.46,27.0,3.86,30.0,55.62,10.0,1.43,11.11,20.6,13.0,1.86,14.44,26.78,6.0,0.86,6.67,12.36,14.0,2.0,15.56,28.84,4.0,0.57,4.44,8.24,16.0,2.29,17.78,32.96,9.0,1.29,10.0,18.54,5.0,0.71,5.56,10.3,12.0,1.71,13.33,24.72,8.0,1.14,8.89,16.48,7.0,1.0,7.78,14.42,9.0,1.29,10.0,18.54,6.0,0.86,6.67,12.36,5.0,0.71,5.56,10.3,1.0,0.14,1.11,2.06,14.0,2.0,15.56,28.84,19.0,2.71,21.11,39.14,36.67,45.56,-8.89,123.6,-8.0,-1.14,-8.89,17.48,2.5,0.44,0.48,0.46,0.29,0.56,0.21,0.6,0.42,0.6,0.53,5.56,1.11,0.16,21.11,0.59
2,福爾摩沙夢想家,101|10889,周柏臣/恩尼斯,5,142,172.0,2341.73,39.03,39:02,468.35,7.81,07:48,66.0,13.2,38.37,60.88,69.0,13.8,40.12,63.65,54.0,10.8,31.4,49.81,20.0,4.0,11.63,18.45,33.0,6.6,19.19,30.44,16.0,3.2,9.3,14.76,21.0,4.2,12.21,19.37,4.0,0.8,2.33,3.69,29.0,5.8,16.86,26.75,22.0,4.4,12.79,20.29,14.0,2.8,8.14,12.91,21.0,4.2,12.21,19.37,7.0,1.4,4.07,6.46,23.0,4.6,13.37,21.22,19.0,3.8,11.05,17.53,10.0,2.0,5.81,9.22,11.0,2.2,6.4,10.15,3.0,0.6,1.74,2.77,24.0,4.8,13.95,22.14,18.0,3.6,10.47,16.6,38.37,40.12,-1.74,105.77,-3.0,-0.6,-1.74,39.03,7.81,0.41,0.49,0.48,0.19,0.76,0.22,0.5,0.38,0.75,0.54,6.4,1.74,0.14,10.47,0.54
2,福爾摩沙夢想家,86|89,林俊吉/蔣淯安,17,434,508.0,7108.47,118.47,118:28,418.15,6.97,06:58,260.0,15.29,51.18,79.0,226.0,13.29,44.49,68.67,188.0,11.06,37.01,57.13,93.0,5.47,18.31,28.26,104.0,6.12,20.47,31.6,65.0,3.82,12.8,19.75,84.0,4.94,16.54,25.52,28.0,1.65,5.51,8.51,56.0,3.29,11.02,17.02,44.0,2.59,8.66,13.37,25.0,1.47,4.92,7.6,72.0,4.24,14.17,21.88,23.0,1.35,4.53,6.99,79.0,4.65,15.55,24.01,38.0,2.24,7.48,11.55,58.0,3.41,11.42,17.62,21.0,1.24,4.13,6.38,2.0,0.12,0.39,0.61,43.0,2.53,8.46,13.07,66.0,3.88,12.99,20.05,51.18,44.49,6.69,102.91,34.0,2.0,6.69,118.47,6.97,0.57,0.61,0.62,0.33,0.79,0.15,0.62,0.24,0.76,0.49,4.13,0.39,0.08,12.99,0.3
2,新北中信特攻,39|40,魏嘉豪/謝亞軒,22,962,1123.0,15253.82,254.23,254:14,693.36,11.56,11:33,461.0,20.95,41.05,65.28,487.0,22.14,43.37,68.96,439.0,19.95,39.09,62.16,187.0,8.5,16.65,26.48,283.0,12.86,25.2,40.07,147.0,6.68,13.09,20.82,156.0,7.09,13.89,22.09,40.0,1.82,3.56,5.66,70.0,3.18,6.23,9.91,47.0,2.14,4.19,6.66,77.0,3.5,6.86,10.9,190.0,8.64,16.92,26.9,60.0,2.73,5.34,8.5,175.0,7.95,15.58,24.78,83.0,3.77,7.39,11.75,130.0,5.91,11.58,18.41,50.0,2.27,4.45,7.08,20.0,0.91,1.78,2.83,92.0,4.18,8.19,13.03,109.0,4.95,9.71,15.43,41.05,43.37,-2.32,106.01,-26.0,-1.18,-2.32,254.23,11.56,0.47,0.49,0.52,0.26,0.67,0.15,0.7,0.31,0.76,0.53,4.45,1.78,0.08,9.71,0.16
2,新北中信特攻,39|10877,魏嘉豪/阿巴西,24,1027,1206.0,16331.49,272.19,272:11,680.48,11.34,11:20,500.0,20.83,41.46,66.13,539.0,22.46,44.69,71.29,481.0,20.04,39.88,63.62,199.0,8.29,16.5,26.32,302.0,12.58,25.04,39.94,154.0,6.42,12.77,20.37,179.0,7.46,14.84,23.67,45.0,1.88,3.73,5.95,84.0,3.5,6.97,11.11,57.0,2.38,4.73,7.54,83.0,3.46,6.88,10.98,214.0,8.92,17.74,28.3,71.0,2.96,5.89,9.39,184.0,7.67,15.26,24.34,74.0,3.08,6.14,9.79,134.0,5.58,11.11,17.72,48.0,2.0,3.98,6.35,18.0,0.75,1.49,2.38,101.0,4.21,8.37,13.36,106.0,4.42,8.79,14.02,41.46,44.69,-3.23,106.34,-39.0,-1.62,-3.23,272.19,11.34,0.46,0.48,0.51,0.25,0.68,0.13,0.67,0.31,0.75,0.54,3.98,1.49,0.08,8.79,0.17
2,新北中信特攻,39|10880,魏嘉豪/內馬,23,794,950.0,13357.61,222.63,222:38,580.77,9.68,09:41,399.0,17.35,42.0,64.52,400.0,17.39,42.11,64.68,365.0,15.87,38.42,59.02,154.0,6.7,16.21,24.9,232.0,10.09,24.42,37.52,115.0,5.0,12.11,18.6,133.0,5.78,14.0,21.51,39.0,1.7,4.11,6.31,74.0,3.22,7.79,11.97,52.0,2.26,5.47,8.41,81.0,3.52,8.53,13.1,141.0,6.13,14.84,22.8,54.0,2.35,5.68,8.73,134.0,5.83,14.11,21.67,75.0,3.26,7.89,12.13,101.0,4.39,10.63,16.33,43.0,1.87,4.53,6.95,15.0,0.65,1.58,2.43,81.0,3.52,8.53,13.1,86.0,3.74,9.05,13.91,42.0,42.11,-0.11,102.41,-1.0,-0.04,-0.11,222.63,9.68,0.48,0.5,0.5,0.29,0.7,0.16,0.66,0.38,0.72,0.54,4.53,1.58,0.09,9.05,0.2
2,新北中信特攻,39|10881,魏嘉豪/飛克,23,934,1089.0,15185.87,253.1,253:06,660.26,11.0,11:00,438.0,19.04,40.22,62.3,480.0,20.87,44.08,68.27,410.0,17.83,37.65,58.32,172.0,7.48,15.79,24.46,243.0,10.57,22.31,34.56,126.0,5.48,11.57,17.92,167.0,7.26,15.34,23.75,46.0,2.0,4.22,6.54,78.0,3.39,7.16,11.09,48.0,2.09,4.41,6.83,62.0,2.7,5.69,8.82,190.0,8.26,17.45,27.03,69.0,3.0,6.34,9.81,174.0,7.57,15.98,24.75,79.0,3.43,7.25,11.24,124.0,5.39,11.39,17.64,48.0,2.09,4.41,6.83,19.0,0.83,1.74,2.7,90.0,3.91,8.26,12.8,120.0,5.22,11.02,17.07,40.22,44.08,-3.86,103.26,-42.0,-1.83,-3.86,253.1,11.0,0.48,0.49,0.52,0.28,0.62,0.15,0.72,0.26,0.73,0.51,4.41,1.74,0.08,11.02,0.19
2,新北中信特攻,40|10877,謝亞軒/阿巴西,27,2714,3228.0,43655.68,727.59,727:36,1616.88,26.95,26:57,1485.0,55.0,46.0,73.47,1352.0,50.07,41.88,66.89,1227.0,45.44,38.01,60.71,567.0,21.0,17.57,28.05,735.0,27.22,22.77,36.37,412.0,15.26,12.76,20.38,492.0,18.22,15.24,24.34,155.0,5.74,4.8,7.67,289.0,10.7,8.95,14.3,193.0,7.15,5.98,9.55,221.0,8.19,6.85,10.93,467.0,17.3,14.47,23.11,197.0,7.3,6.1,9.75,505.0,18.7,15.64,24.99,238.0,8.81,7.37,11.78,371.0,13.74,11.49,18.36,118.0,4.37,3.66,5.84,38.0,1.41,1.18,1.88,294.0,10.89,9.11,14.55,277.0,10.26,8.58,13.71,46.0,41.88,4.12,106.48,133.0,4.93,4.12,727.59,26.95,0.53,0.55,0.56,0.32,0.67,0.15,0.65,0.3,0.7,0.49,3.66,1.18,0.09,8.58,0.24
2,新北中信特攻,40|10880,謝亞軒/內馬,23,1912,2312.0,30988.47,516.47,516:28,1347.32,22.46,22:27,1076.0,46.78,46.54,75.0,938.0,40.78,40.57,65.38,880.0,38.26,38.06,61.34,408.0,17.74,17.65,28.44,533.0,23.17,23.05,37.15,288.0,12.52,12.46,20.07,347.0,15.09,15.01,24.19,120.0,5.22,5.19,8.36,209.0,9.09,9.04,14.57,138.0,6.0,5.97,9.62,180.0,7.83,7.79,12.55,317.0,13.78,13.71,22.1,155.0,6.74,6.7,10.8,351.0,15.26,15.18,24.47,169.0,7.35,7.31,11.78,267.0,11.61,11.55,18.61,89.0,3.87,3.85,6.2,37.0,1.61,1.6,2.58,220.0,9.57,9.52,15.33,227.0,9.87,9.82,15.82,46.54,40.57,5.97,107.44,138.0,6.0,5.97,516.47,22.46,0.53,0.55,0.54,0.35,0.66,0.15,0.65,0.34,0.67,0.5,3.85,1.6,0.1,9.82,0.24
2,新北中信特攻,40|10881,謝亞軒/飛克,23,1994,2368.0,32318.96,538.65,538:39,1405.17,23.42,23:25,1023.0,44.48,43.2,68.37,1004.0,43.65,42.4,67.1,880.0,38.26,37.16,58.81,395.0,17.17,16.68,26.4,512.0,22.26,21.62,34.22,284.0,12.35,11.99,18.98,368.0,16.0,15.54,24.59,111.0,4.83,4.69,7.42,193.0,8.39,8.15,12.9,124.0,5.39,5.24,8.29,149.0,6.48,6.29,9.96,360.0,15.65,15.2,24.06,144.0,6.26,6.08,9.62,376.0,16.35,15.88,25.13,185.0,8.04,7.81,12.36,267.0,11.61,11.28,17.84,88.0,3.83,3.72,5.88,36.0,1.57,1.52,2.41,204.0,8.87,8.61,13.63,233.0,10.13,9.84,15.57,43.2,42.4,0.8,105.51,19.0,0.83,0.8,538.65,23.42,0.51,0.53,0.55,0.3,0.64,0.16,0.68,0.28,0.71,0.49,3.72,1.52,0.09,9.84,0.22
2,新北中信特攻,10877|10880,阿巴西/內馬,22,2032,2443.0,32990.71,549.85,549:51,1499.58,24.99,25:00,1159.0,52.68,47.44,75.88,1055.0,47.95,43.18,69.07,948.0,43.09,38.8,62.07,438.0,19.91,17.93,28.68,567.0,25.77,23.21,37.12,312.0,14.18,12.77,20.43,381.0,17.32,15.6,24.95,126.0,5.73,5.16,8.25,220.0,10.0,9.01,14.4,154.0,7.0,6.3,10.08,184.0,8.36,7.53,12.05,340.0,15.45,13.92,22.26,149.0,6.77,6.1,9.76,352.0,16.0,14.41,23.05,169.0,7.68,6.92,11.06,275.0,12.5,11.26,18.01,92.0,4.18,3.77,6.02,31.0,1.41,1.27,2.03,216.0,9.82,8.84,14.14,220.0,10.0,9.01,14.4,47.44,43.18,4.26,106.63,104.0,4.73,4.26,549.85,24.99,0.53,0.55,0.55,0.33,0.7,0.14,0.63,0.34,0.7,0.51,3.77,1.27,0.09,9.01,0.23
2,新北中信特攻,10877|10881,阿巴西/飛克,25,2457,2916.0,39259.57,654.33,654:20,1570.38,26.17,26:10,1314.0,52.56,45.06,72.29,1282.0,51.28,43.96,70.53,1104.0,44.16,37.86,60.74,497.0,19.88,17.04,27.34,635.0,25.4,21.78,34.94,352.0,14.08,12.07,19.37,469.0,18.76,16.08,25.8,145.0,5.8,4.97,7.98,265.0,10.6,9.09,14.58,177.0,7.08,6.07,9.74,192.0,7.68,6.58,10.56,448.0,17.92,15.36,24.65,172.0,6.88,5.9,9.46,448.0,17.92,15.36,24.65,200.0,8.0,6.86,11.0,337.0,13.48,11.56,18.54,104.0,4.16,3.57,5.72,39.0,1.56,1.34,2.15,255.0,10.2,8.74,14.03,274.0,10.96,9.4,15.08,45.06,43.96,1.1,106.96,32.0,1.28,1.1,654.33,26.17,0.52,0.54,0.55,0.31,0.67,0.14,0.68,0.3,0.72,0.51,3.57,1.34,0.09,9.4,0.24
2,新北中信特攻,10880|10881,內馬/飛克,18,1145,1390.0,18476.57,307.94,307:57,1026.48,17.11,17:06,654.0,36.33,47.05,76.46,618.0,34.33,44.46,72.25,524.0,29.11,37.7,61.26,248.0,13.78,17.84,28.99,308.0,17.11,22.16,36.01,174.0,9.67,12.52,20.34,216.0,12.0,15.54,25.25,74.0,4.11,5.32,8.65,127.0,7.06,9.14,14.85,86.0,4.78,6.19,10.05,99.0,5.5,7.12,11.57,190.0,10.56,13.67,22.21,95.0,5.28,6.83,11.11,187.0,10.39,13.45,21.86,96.0,5.33,6.91,11.22,171.0,9.5,12.3,19.99,51.0,2.83,3.67,5.96,22.0,1.22,1.58,2.57,117.0,6.5,8.42,13.68,145.0,8.06,10.43,16.95,47.05,44.46,2.59,108.33,36.0,2.0,2.59,307.94,17.11,0.54,0.56,0.56,0.34,0.68,0.14,0.69,0.35,0.67,0.51,3.67,1.58,0.08,10.43,0.24
2,新北國王,21|26,李愷諺/洪志善,3,131,172.0,2181.94,36.37,36:22,727.31,12.12,12:07,64.0,21.33,37.21,63.36,73.0,24.33,42.44,72.27,54.0,18.0,31.4,53.46,19.0,6.33,11.05,18.81,31.0,10.33,18.02,30.69,12.0,4.0,6.98,11.88,23.0,7.67,13.37,22.77,7.0,2.33,4.07,6.93,27.0,9.0,15.7,26.73,20.0,6.67,11.63,19.8,11.0,3.67,6.4,10.89,27.0,9.0,15.7,26.73,18.0,6.0,10.47,17.82,20.0,6.67,11.63,19.8,16.0,5.33,9.3,15.84,13.0,4.33,7.56,12.87,9.0,3.0,5.23,8.91,6.0,2.0,3.49,5.94,16.0,5.33,9.3,15.84,24.0,8.0,13.95,23.76,37.21,42.44,-5.23,113.51,-9.0,-3.0,-5.23,36.37,12.12,0.42,0.49,0.39,0.3,0.74,0.2,0.68,0.35,0.6,0.5,5.23,3.49,0.09,13.95,0.5
2,新北國王,22|26,簡祐哲/洪志善,3,75,96.0,1151.73,19.2,19:12,383.91,6.4,06:24,24.0,8.0,25.0,45.01,51.0,17.0,53.12,95.65,28.0,9.33,29.17,52.51,9.0,3.0,9.38,16.88,16.0,5.33,16.67,30.01,8.0,2.67,8.33,15.0,12.0,4.0,12.5,22.51,1.0,0.33,1.04,1.88,10.0,3.33,10.42,18.75,8.0,2.67,8.33,15.0,6.0,2.0,6.25,11.25,14.0,4.67,14.58,26.26,9.0,3.0,9.38,16.88,15.0,5.0,15.62,28.13,10.0,3.33,10.42,18.75,3.0,1.0,3.12,5.63,7.0,2.33,7.29,13.13,1.0,0.33,1.04,1.88,9.0,3.0,9.38,16.88,21.0,7.0,21.88,39.38,25.0,53.12,-28.12,120.03,-27.0,-9.0,-28.12,19.2,6.4,0.34,0.37,0.5,0.08,0.8,0.24,0.33,0.29,0.61,0.45,7.29,1.04,0.09,21.88,0.36
2,新北國王,26|34,洪志善/沃許本,3,98,126.0,1659.59,27.66,27:40,553.2,9.22,09:13,37.0,12.33,29.37,48.16,58.0,19.33,46.03,75.49,34.0,11.33,26.98,44.25,11.0,3.67,8.73,14.32,20.0,6.67,15.87,26.03,8.0,2.67,6.35,10.41,14.0,4.67,11.11,18.22,3.0,1.0,2.38,3.9,18.0,6.0,14.29,23.43,14.0,4.67,11.11,18.22,7.0,2.33,5.56,9.11,19.0,6.33,15.08,24.73,14.0,4.67,11.11,18.22,15.0,5.0,11.9,19.52,15.0,5.0,11.9,19.52,8.0,2.67,6.35,10.41,8.0,2.67,6.35,10.41,2.0,0.67,1.59,2.6,15.0,5.0,11.9,19.52,23.0,7.67,18.25,29.94,29.37,46.03,-16.67,109.33,-21.0,-7.0,-16.67,27.66,9.22,0.37,0.44,0.4,0.21,0.78,0.26,0.73,0.32,0.58,0.47,6.35,1.59,0.12,18.25,0.53
2,新北國王,26|10875,洪志善/傑登,3,151,198.0,2492.21,41.54,41:32,830.74,13.85,13:51,77.0,25.67,38.89,66.74,90.0,30.0,45.45,78.0,69.0,23.0,34.85,59.8,26.0,8.67,13.13,22.53,40.0,13.33,20.2,34.67,19.0,6.33,9.6,16.47,29.0,9.67,14.65,25.13,7.0,2.33,3.54,6.07,29.0,9.67,14.65,25.13,20.0,6.67,10.1,17.33,18.0,6.0,9.09,15.6,29.0,9.67,14.65,25.13,17.0,5.67,8.59,14.73,25.0,8.33,12.63,21.67,15.0,5.0,7.58,13.0,16.0,5.33,8.08,13.87,10.0,3.33,5.05,8.67,6.0,2.0,3.03,5.2,22.0,7.33,11.11,19.07,26.0,8.67,13.13,22.53,38.89,45.45,-6.57,114.4,-13.0,-4.33,-6.57,41.54,13.85,0.43,0.47,0.48,0.24,0.69,0.16,0.62,0.42,0.63,0.53,5.05,3.03,0.11,13.13,0.42
2,新北國王,26|10872,洪志善/林彥廷,3,61,72.0,1000.8,16.68,16:41,333.6,5.56,05:34,30.0,10.0,41.67,64.75,39.0,13.0,54.17,84.17,23.0,7.67,31.94,49.64,11.0,3.67,15.28,23.74,17.0,5.67,23.61,36.69,9.0,3.0,12.5,19.42,6.0,2.0,8.33,12.95,2.0,0.67,2.78,4.32,11.0,3.67,15.28,23.74,6.0,2.0,8.33,12.95,4.0,1.33,5.56,8.63,10.0,3.33,13.89,21.58,4.0,1.33,5.56,8.63,11.0,3.67,15.28,23.74,5.0,1.67,6.94,10.79,4.0,1.33,5.56,8.63,5.0,1.67,6.94,10.79,1.0,0.33,1.39,2.16,9.0,3.0,12.5,19.42,13.0,4.33,18.06,28.06,41.67,54.17,-12.5,103.6,-9.0,-3.0,-12.5,16.68,5.56,0.52,0.54,0.53,0.33,0.55,0.15,0.36,0.27,0.71,0.48,6.94,1.39,0.12,18.06,0.48
2,新北中信特攻,39|47,魏嘉豪/曾文鼎,13,217,252.0,4397.75,73.3,73:18,338.29,5.64,05:38,117.0,9.0,46.43,57.47,119.0,9.15,47.22,58.45,97.0,7.46,38.49,47.64,44.0,3.38,17.46,21.61,49.0,3.77,19.44,24.07,25.0,1.92,9.92,12.28,48.0,3.69,19.05,23.58,19.0,1.46,7.54,9.33,20.0,1.54,7.94,9.82,10.0,0.77,3.97,4.91,15.0,1.15,5.95,7.37,43.0,3.31,17.06,21.12,12.0,0.92,4.76,5.89,43.0,3.31,17.06,21.12,13.0,1.0,5.16,6.39,29.0,2.23,11.51,14.24,6.0,0.46,2.38,2.95,3.0,0.23,1.19,1.47,18.0,1.38,7.14,8.84,30.0,2.31,11.9,14.73,46.43,47.22,-0.79,82.51,-2.0,-0.15,-0.79,73.3,5.64,0.55,0.55,0.51,0.4,0.5,0.11,0.66,0.26,0.78,0.51,2.38,1.19,0.07,11.9,0.21
2,新北中信特攻,39|10879,魏嘉豪/簡廷兆,22,389,462.0,7085.87,118.1,118:06,322.09,5.37,05:22,172.0,7.82,37.23,52.43,191.0,8.68,41.34,58.22,170.0,7.73,36.8,51.82,64.0,2.91,13.85,19.51,97.0,4.41,21.0,29.57,41.0,1.86,8.87,12.5,73.0,3.32,15.8,22.25,23.0,1.05,4.98,7.01,39.0,1.77,8.44,11.89,20.0,0.91,4.33,6.1,32.0,1.45,6.93,9.75,82.0,3.73,17.75,25.0,29.0,1.32,6.28,8.84,75.0,3.41,16.23,22.86,37.0,1.68,8.01,11.28,38.0,1.73,8.23,11.58,17.0,0.77,3.68,5.18,9.0,0.41,1.95,2.74,43.0,1.95,9.31,13.11,60.0,2.73,12.99,18.29,37.23,41.34,-4.11,93.89,-19.0,-0.86,-4.11,118.1,5.37,0.44,0.46,0.42,0.32,0.51,0.17,0.59,0.3,0.74,0.52,3.68,1.95,0.09,12.99,0.23
2,新北中信特攻,47|10877,曾文鼎/阿巴西,21,446,517.0,7149.51,119.16,119:10,340.45,5.67,05:40,258.0,12.29,49.9,77.95,271.0,12.9,52.42,81.87,195.0,9.29,37.72,58.91,95.0,4.52,18.38,28.7,98.0,4.67,18.96,29.61,61.0,2.9,11.8,18.43,97.0,4.62,18.76,29.31,34.0,1.62,6.58,10.27,48.0,2.29,9.28,14.5,34.0,1.62,6.58,10.27,26.0,1.24,5.03,7.86,76.0,3.62,14.7,22.96,28.0,1.33,5.42,8.46,73.0,3.48,14.12,22.05,32.0,1.52,6.19,9.67,65.0,3.1,12.57,19.64,17.0,0.81,3.29,5.14,4.0,0.19,0.77,1.21,44.0,2.1,8.51,13.29,53.0,2.52,10.25,16.01,49.9,52.42,-2.51,104.13,-13.0,-0.62,-2.51,119.16,5.67,0.57,0.6,0.62,0.35,0.71,0.13,0.68,0.26,0.73,0.5,3.29,0.77,0.09,10.25,0.25
2,新北中信特攻,47|10879,曾文鼎/簡廷兆,21,499,601.0,9190.08,153.17,153:10,437.62,7.29,07:18,255.0,12.14,42.43,59.93,233.0,11.1,38.77,54.76,217.0,10.33,36.11,51.0,88.0,4.19,14.64,20.68,112.0,5.33,18.64,26.32,50.0,2.38,8.32,11.75,105.0,5.0,17.47,24.68,38.0,1.81,6.32,8.93,67.0,3.19,11.15,15.75,45.0,2.14,7.49,10.58,38.0,1.81,6.32,8.93,96.0,4.57,15.97,22.56,39.0,1.86,6.49,9.17,111.0,5.29,18.47,26.09,47.0,2.24,7.82,11.05,61.0,2.9,10.15,14.34,29.0,1.38,4.83,6.82,5.0,0.24,0.83,1.18,58.0,2.76,9.65,13.63,61.0,2.9,10.15,14.34,42.43,38.77,3.66,94.17,22.0,1.05,3.66,153.17,7.29,0.49,0.52,0.45,0.36,0.67,0.16,0.69,0.26,0.71,0.47,4.83,0.83,0.1,10.15,0.31
2,新北中信特攻,47|10881,曾文鼎/飛克,20,597,700.0,9715.77,161.93,161:56,485.79,8.1,08:06,327.0,16.35,46.71,72.7,336.0,16.8,48.0,74.7,253.0,12.65,36.14,56.25,117.0,5.85,16.71,26.01,122.0,6.1,17.43,27.12,70.0,3.5,10.0,15.56,131.0,6.55,18.71,29.12,47.0,2.35,6.71,10.45,61.0,3.05,8.71,13.56,46.0,2.3,6.57,10.23,41.0,2.05,5.86,9.12,98.0,4.9,14.0,21.79,35.0,1.75,5.0,7.78,110.0,5.5,15.71,24.46,54.0,2.7,7.71,12.01,85.0,4.25,12.14,18.9,30.0,1.5,4.29,6.67,8.0,0.4,1.14,1.78,51.0,2.55,7.29,11.34,80.0,4.0,11.43,17.79,46.71,48.0,-1.29,103.75,-9.0,-0.45,-1.29,161.93,8.1,0.56,0.58,0.57,0.36,0.75,0.16,0.73,0.27,0.74,0.49,4.29,1.14,0.07,11.43,0.24
2,新北中信特攻,10877|10879,阿巴西/簡廷兆,28,1095,1352.0,17774.02,296.23,296:14,634.79,10.58,10:35,583.0,20.82,43.12,70.85,566.0,20.21,41.86,68.78,529.0,18.89,39.13,64.29,214.0,7.64,15.83,26.01,305.0,10.89,22.56,37.07,148.0,5.29,10.95,17.99,224.0,8.0,16.57,27.22,66.0,2.36,4.88,8.02,130.0,4.64,9.62,15.8,91.0,3.25,6.73,11.06,111.0,3.96,8.21,13.49,217.0,7.75,16.05,26.37,96.0,3.43,7.1,11.67,205.0,7.32,15.16,24.91,80.0,2.86,5.92,9.72,133.0,4.75,9.84,16.16,44.0,1.57,3.25,5.35,23.0,0.82,1.7,2.8,119.0,4.25,8.8,14.46,138.0,4.93,10.21,16.77,43.12,41.86,1.26,109.54,17.0,0.61,1.26,296.23,10.58,0.47,0.5,0.49,0.29,0.7,0.12,0.62,0.35,0.69,0.52,3.25,1.7,0.09,10.21,0.25
2,新北中信特攻,10879|10881,簡廷兆/飛克,26,860,1059.0,13967.74,232.8,232:48,537.22,8.95,08:57,429.0,16.5,40.51,66.34,449.0,17.27,42.4,69.43,393.0,15.12,37.11,60.77,156.0,6.0,14.73,24.12,224.0,8.62,21.15,34.64,107.0,4.12,10.1,16.55,169.0,6.5,15.96,26.13,49.0,1.88,4.63,7.58,102.0,3.92,9.63,15.77,68.0,2.62,6.42,10.52,75.0,2.88,7.08,11.6,171.0,6.58,16.15,26.44,77.0,2.96,7.27,11.91,164.0,6.31,15.49,25.36,73.0,2.81,6.89,11.29,107.0,4.12,10.1,16.55,39.0,1.5,3.68,6.03,19.0,0.73,1.79,2.94,91.0,3.5,8.59,14.07,133.0,5.12,12.56,20.57,40.51,42.4,-1.89,109.18,-20.0,-0.77,-1.89,232.8,8.95,0.46,0.49,0.48,0.29,0.67,0.14,0.69,0.31,0.69,0.51,3.68,1.79,0.09,12.56,0.26
2,新北國王,26|10876,洪志善/尚迪,1,6,10.0,130.2,2.17,02:10,130.2,2.17,02:10,2.0,2.0,20.0,33.18,5.0,5.0,50.0,82.95,3.0,3.0,30.0,49.77,1.0,1.0,10.0,16.59,1.0,1.0,10.0,16.59,1.0,1.0,10.0,16.59,2.0,2.0,20.0,33.18,0.0,0.0,0.0,0.0,0.0,0.0,0.0,0.0,0.0,0.0,0.0,0.0,2.0,2.0,20.0,33.18,0.0,0.0,0.0,0.0,2.0,2.0,20.0,33.18,0.0,0.0,0.0,0.0,2.0,2.0,20.0,33.18,0.0,0.0,0.0,0.0,1.0,1.0,10.0,16.59,0.0,0.0,0.0,0.0,2.0,2.0,20.0,33.18,2.0,2.0,20.0,33.18,20.0,50.0,-30.0,110.6,-3.0,-3.0,-30.0,2.17,2.17,0.33,0.33,1.0,0.0,,0.4,0.0,1.0,0.0,0.5,10.0,0.0,0.2,20.0,0.0
2,新北中信特攻,47|48,曾文鼎/李沛澄,7,87,104.0,1272.83,21.21,21:13,181.83,3.03,03:02,48.0,6.86,46.15,81.46,38.0,5.43,36.54,64.49,40.0,5.71,38.46,67.88,16.0,2.29,15.38,27.15,23.0,3.29,22.12,39.03,10.0,1.43,9.62,16.97,17.0,2.43,16.35,28.85,6.0,0.86,5.77,10.18,13.0,1.86,12.5,22.06,10.0,1.43,9.62,16.97,7.0,1.0,6.73,11.88,17.0,2.43,16.35,28.85,8.0,1.14,7.69,13.58,17.0,2.43,16.35,28.85,4.0,0.57,3.85,6.79,9.0,1.29,8.65,15.27,1.0,0.14,0.96,1.7,1.0,0.14,0.96,1.7,6.0,0.86,5.77,10.18,12.0,1.71,11.54,20.36,46.15,36.54,9.62,117.66,10.0,1.43,9.62,21.21,3.03,0.48,0.52,0.43,0.35,0.77,0.08,0.56,0.29,0.68,0.49,0.96,0.96,0.06,11.54,0.32
2,新北中信特攻,48|10877,李沛澄/阿巴西,10,196,222.0,3060.75,51.01,51:01,306.08,5.1,05:06,130.0,13.0,58.56,91.74,109.0,10.9,49.1,76.92,85.0,8.5,38.29,59.99,43.0,4.3,19.37,30.35,43.0,4.3,19.37,30.35,26.0,2.6,11.71,18.35,42.0,4.2,18.92,29.64,17.0,1.7,7.66,12.0,36.0,3.6,16.22,25.41,28.0,2.8,12.61,19.76,12.0,1.2,5.41,8.47,29.0,2.9,13.06,20.47,8.0,0.8,3.6,5.65,26.0,2.6,11.71,18.35,14.0,1.4,6.31,9.88,23.0,2.3,10.36,16.23,11.0,1.1,4.95,7.76,3.0,0.3,1.35,2.12,22.0,2.2,9.91,15.53,37.0,3.7,16.67,26.11,58.56,49.1,9.46,104.44,21.0,2.1,9.46,51.01,5.1,0.61,0.64,0.6,0.4,0.78,0.12,0.53,0.32,0.78,0.55,4.95,1.35,0.1,16.67,0.42
2,新北中信特攻,48|10879,李沛澄/簡廷兆,8,107,134.0,1557.45,25.96,25:57,194.68,3.24,03:15,61.0,7.62,45.52,84.6,53.0,6.62,39.55,73.5,48.0,6.0,35.82,66.57,17.0,2.12,12.69,23.58,23.0,2.88,17.16,31.9,10.0,1.25,7.46,13.87,25.0,3.12,18.66,34.67,7.0,0.88,5.22,9.71,23.0,2.88,17.16,31.9,20.0,2.5,14.93,27.74,12.0,1.5,8.96,16.64,16.0,2.0,11.94,22.19,6.0,0.75,4.48,8.32,20.0,2.5,14.93,27.74,9.0,1.12,6.72,12.48,9.0,1.12,6.72,12.48,5.0,0.62,3.73,6.93,4.0,0.5,2.99,5.55,14.0,1.75,10.45,19.42,27.0,3.38,20.15,37.45,45.52,39.55,5.97,123.89,8.0,1.0,5.97,25.96,3.24,0.43,0.52,0.43,0.28,0.87,0.13,0.53,0.38,0.73,0.52,3.73,2.99,0.1,20.15,0.48
2,新北中信特攻,48|10881,李沛澄/飛克,8,146,167.0,2243.85,37.4,37:24,280.48,4.67,04:40,85.0,10.62,50.9,81.82,73.0,9.12,43.71,70.27,54.0,6.75,32.34,51.98,26.0,3.25,15.57,25.03,31.0,3.88,18.56,29.84,17.0,2.12,10.18,16.36,23.0,2.88,13.77,22.14,9.0,1.12,5.39,8.66,32.0,4.0,19.16,30.8,25.0,3.12,14.97,24.07,6.0,0.75,3.59,5.78,23.0,2.88,13.77,22.14,11.0,1.38,6.59,10.59,19.0,2.38,11.38,18.29,12.0,1.5,7.19,11.55,17.0,2.12,10.18,16.36,9.0,1.12,5.39,8.66,3.0,0.38,1.8,2.89,14.0,1.75,8.38,13.48,31.0,3.88,18.56,29.84,50.9,43.71,7.19,107.17,12.0,1.5,7.19,37.4,4.67,0.56,0.62,0.55,0.39,0.78,0.15,0.65,0.24,0.68,0.49,5.39,1.8,0.08,18.56,0.59
2,新北中信特攻,47|10882,曾文鼎/霸夫,3,158,192.0,2739.2,45.65,45:39,913.07,15.22,15:13,76.0,25.33,39.58,59.93,80.0,26.67,41.67,63.08,73.0,24.33,38.02,57.56,27.0,9.0,14.06,21.29,35.0,11.67,18.23,27.6,16.0,5.33,8.33,12.62,38.0,12.67,19.79,29.96,11.0,3.67,5.73,8.67,19.0,6.33,9.9,14.98,11.0,3.67,5.73,8.67,15.0,5.0,7.81,11.83,34.0,11.33,17.71,26.81,13.0,4.33,6.77,10.25,25.0,8.33,13.02,19.71,13.0,4.33,6.77,10.25,19.0,6.33,9.9,14.98,7.0,2.33,3.65,5.52,2.0,0.67,1.04,1.58,15.0,5.0,7.81,11.83,17.0,5.67,8.85,13.41,39.58,41.67,-2.08,100.93,-4.0,-1.33,-2.08,45.65,15.22,0.45,0.47,0.46,0.29,0.58,0.14,0.7,0.38,0.72,0.56,3.65,1.04,0.08,8.85,0.26
2,新北中信特攻,48|10882,李沛澄/霸夫,2,28,33.0,425.54,7.09,07:06,212.77,3.55,03:33,14.0,7.0,42.42,71.06,17.0,8.5,51.52,86.29,11.0,5.5,33.33,55.83,5.0,2.5,15.15,25.38,8.0,4.0,24.24,40.61,5.0,2.5,15.15,25.38,3.0,1.5,9.09,15.23,0.0,0.0,0.0,0.0,4.0,2.0,12.12,20.3,4.0,2.0,12.12,20.3,1.0,0.5,3.03,5.08,4.0,2.0,12.12,20.3,3.0,1.5,9.09,15.23,5.0,2.5,15.15,25.38,3.0,1.5,9.09,15.23,2.0,1.0,6.06,10.15,3.0,1.5,9.09,15.23,0.0,0.0,0.0,0.0,1.0,0.5,3.03,5.08,3.0,1.5,9.09,15.23,42.42,51.52,-9.09,111.67,-3.0,-1.5,-9.09,7.09,3.55,0.45,0.55,0.62,0.0,1.0,0.19,0.4,0.17,0.57,0.38,9.09,0.0,0.03,9.09,0.36
2,新北中信特攻,10879|10882,簡廷兆/霸夫,3,72,88.0,1120.52,18.68,18:41,373.51,6.23,06:14,32.0,10.67,36.36,61.69,37.0,12.33,42.05,71.32,30.0,10.0,34.09,57.83,11.0,3.67,12.5,21.2,15.0,5.0,17.05,28.92,7.0,2.33,7.95,13.49,15.0,5.0,17.05,28.92,4.0,1.33,4.55,7.71,9.0,3.0,10.23,17.35,6.0,2.0,6.82,11.57,5.0,1.67,5.68,9.64,15.0,5.0,17.05,28.92,8.0,2.67,9.09,15.42,14.0,4.67,15.91,26.99,5.0,1.67,5.68,9.64,5.0,1.67,5.68,9.64,3.0,1.0,3.41,5.78,0.0,0.0,0.0,0.0,9.0,3.0,10.23,17.35,9.0,3.0,10.23,17.35,36.36,42.05,-5.68,113.09,-5.0,-1.67,-5.68,18.68,6.23,0.43,0.47,0.47,0.27,0.67,0.13,0.45,0.26,0.65,0.48,3.41,0.0,0.1,10.23,0.3
2,新北中信特攻,10881|10882,飛克/霸夫,3,106,124.0,1894.51,31.58,31:35,631.5,10.53,10:32,42.0,14.0,33.87,47.89,49.0,16.33,39.52,55.87,46.0,15.33,37.1,52.45,15.0,5.0,12.1,17.1,21.0,7.0,16.94,23.94,9.0,3.0,7.26,10.26,25.0,8.33,20.16,28.5,6.0,2.0,4.84,6.84,8.0,2.67,6.45,9.12,6.0,2.0,4.84,6.84,7.0,2.33,5.65,7.98,22.0,7.33,17.74,25.08,7.0,2.33,5.65,7.98,19.0,6.33,15.32,21.66,10.0,3.33,8.06,11.4,13.0,4.33,10.48,14.82,6.0,2.0,4.84,6.84,2.0,0.67,1.61,2.28,5.0,1.67,4.03,5.7,11.0,3.67,8.87,12.54,33.87,39.52,-5.65,94.25,-7.0,-2.33,-5.65,31.58,10.53,0.39,0.42,0.43,0.24,0.75,0.17,0.87,0.27,0.76,0.53,4.84,1.61,0.04,8.87,0.17
2,新北中信特攻,44|48,黃泓瀚/李沛澄,8,91,105.0,1264.94,21.08,21:05,158.12,2.64,02:38,45.0,5.62,42.86,76.84,44.0,5.5,41.9,75.13,39.0,4.88,37.14,66.6,17.0,2.12,16.19,29.03,23.0,2.88,21.9,39.27,13.0,1.62,12.38,22.2,16.0,2.0,15.24,27.32,4.0,0.5,3.81,6.83,7.0,0.88,6.67,11.95,7.0,0.88,6.67,11.95,5.0,0.62,4.76,8.54,15.0,1.88,14.29,25.61,7.0,0.88,6.67,11.95,16.0,2.0,15.24,27.32,9.0,1.12,8.57,15.37,12.0,1.5,11.43,20.49,7.0,0.88,6.67,11.95,2.0,0.25,1.9,3.42,6.0,0.75,5.71,10.25,7.0,0.88,6.67,11.95,42.86,41.9,0.95,119.53,1.0,0.12,0.95,21.08,2.64,0.49,0.53,0.57,0.25,1.0,0.18,0.71,0.24,0.68,0.47,6.67,1.9,0.06,6.67,0.18
2,新北中信特攻,44|10879,黃泓瀚/簡廷兆,17,273,325.0,4106.52,68.44,68:27,241.56,4.03,04:02,114.0,6.71,35.08,59.96,160.0,9.41,49.23,84.16,122.0,7.18,37.54,64.17,41.0,2.41,12.62,21.57,65.0,3.82,20.0,34.19,27.0,1.59,8.31,14.2,57.0,3.35,17.54,29.98,14.0,0.82,4.31,7.36,26.0,1.53,8.0,13.68,18.0,1.06,5.54,9.47,21.0,1.24,6.46,11.05,57.0,3.35,17.54,29.98,22.0,1.29,6.77,11.57,47.0,2.76,14.46,24.72,21.0,1.24,6.46,11.05,23.0,1.35,7.08,12.1,9.0,0.53,2.77,4.73,8.0,0.47,2.46,4.21,23.0,1.35,7.08,12.1,44.0,2.59,13.54,23.14,35.08,49.23,-14.15,113.97,-46.0,-2.71,-14.15,68.44,4.03,0.39,0.43,0.42,0.25,0.69,0.14,0.56,0.31,0.72,0.53,2.77,2.46,0.07,13.54,0.21
2,新北中信特攻,44|10881,黃泓瀚/飛克,25,644,769.0,10375.1,172.92,172:55,415.0,6.92,06:55,325.0,13.0,42.26,67.66,339.0,13.56,44.08,70.58,283.0,11.32,36.8,58.92,127.0,5.08,16.51,26.44,171.0,6.84,22.24,35.6,96.0,3.84,12.48,19.99,112.0,4.48,14.56,23.32,31.0,1.24,4.03,6.45,63.0,2.52,8.19,13.12,42.0,1.68,5.46,8.74,46.0,1.84,5.98,9.58,115.0,4.6,14.95,23.94,51.0,2.04,6.63,10.62,131.0,5.24,17.04,27.27,53.0,2.12,6.89,11.03,76.0,3.04,9.88,15.82,25.0,1.0,3.25,5.2,14.0,0.56,1.82,2.91,69.0,2.76,8.97,14.37,80.0,3.2,10.4,16.66,42.26,44.08,-1.82,106.73,-14.0,-0.56,-1.82,172.92,6.92,0.5,0.52,0.56,0.28,0.67,0.15,0.6,0.26,0.69,0.47,3.25,1.82,0.09,10.4,0.22
2,新北中信特攻,44|10882,黃泓瀚/霸夫,2,41,50.0,614.33,10.24,10:14,307.16,5.12,05:07,15.0,7.5,30.0,52.74,23.0,11.5,46.0,80.87,19.0,9.5,38.0,66.8,7.0,3.5,14.0,24.61,14.0,7.0,28.0,49.22,6.0,3.0,12.0,21.1,5.0,2.5,10.0,17.58,1.0,0.5,2.0,3.52,0.0,0.0,0.0,0.0,0.0,0.0,0.0,0.0,5.0,2.5,10.0,17.58,5.0,2.5,10.0,17.58,4.0,2.0,8.0,14.06,5.0,2.5,10.0,17.58,5.0,2.5,10.0,17.58,4.0,2.0,8.0,14.06,5.0,2.5,10.0,17.58,2.0,1.0,4.0,7.03,1.0,0.5,2.0,3.52,5.0,2.5,10.0,17.58,30.0,46.0,-16.0,117.2,-8.0,-4.0,-16.0,10.24,5.12,0.39,0.39,0.43,0.2,,0.21,0.57,0.5,0.56,0.53,10.0,4.0,0.02,10.0,0.0
2,新北中信特攻,39|44,魏嘉豪/黃泓瀚,21,195,228.0,3019.29,50.32,50:19,143.78,2.4,02:24,86.0,4.1,37.72,61.52,106.0,5.05,46.49,75.83,83.0,3.95,36.4,59.38,31.0,1.48,13.6,22.18,51.0,2.43,22.37,36.49,24.0,1.14,10.53,17.17,32.0,1.52,14.04,22.89,7.0,0.33,3.07,5.01,22.0,1.05,9.65,15.74,17.0,0.81,7.46,12.16,19.0,0.9,8.33,13.59,34.0,1.62,14.91,24.32,12.0,0.57,5.26,8.58,32.0,1.52,14.04,22.89,19.0,0.9,8.33,13.59,22.0,1.05,9.65,15.74,12.0,0.57,5.26,8.58,6.0,0.29,2.63,4.29,20.0,0.95,8.77,14.31,24.0,1.14,10.53,17.17,37.72,46.49,-8.77,108.74,-20.0,-0.95,-8.77,50.32,2.4,0.42,0.46,0.47,0.22,0.77,0.17,0.71,0.37,0.74,0.55,5.26,2.63,0.09,10.53,0.27
2,新北中信特攻,39|10882,魏嘉豪/霸夫,3,82,101.0,1426.76,23.78,23:47,475.58,7.93,07:56,43.0,14.33,42.57,65.1,46.0,15.33,45.54,69.64,39.0,13.0,38.61,59.04,16.0,5.33,15.84,24.22,28.0,9.33,27.72,42.39,12.0,4.0,11.88,18.17,11.0,3.67,10.89,16.65,4.0,1.33,3.96,6.06,8.0,2.67,7.92,12.11,7.0,2.33,6.93,10.6,13.0,4.33,12.87,19.68,11.0,3.67,10.89,16.65,3.0,1.0,2.97,4.54,12.0,4.0,11.88,18.17,10.0,3.33,9.9,15.14,9.0,3.0,8.91,13.63,9.0,3.0,8.91,13.63,2.0,0.67,1.98,3.03,6.0,2.0,5.94,9.08,9.0,3.0,8.91,13.63,42.57,45.54,-2.97,101.94,-3.0,-1.0,-2.97,23.78,7.93,0.46,0.51,0.43,0.36,0.88,0.19,0.56,0.52,0.79,0.62,8.91,1.98,0.06,8.91,0.21
2,新北中信特攻,40|44,謝亞軒/黃泓瀚,20,490,578.0,7655.66,127.59,127:36,382.78,6.38,06:23,226.0,11.3,39.1,63.76,248.0,12.4,42.91,69.97,216.0,10.8,37.37,60.94,88.0,4.4,15.22,24.83,136.0,6.8,23.53,38.37,68.0,3.4,11.76,19.19,80.0,4.0,13.84,22.57,20.0,1.0,3.46,5.64,56.0,2.8,9.69,15.8,30.0,1.5,5.19,8.46,42.0,2.1,7.27,11.85,93.0,4.65,16.09,26.24,31.0,1.55,5.36,8.75,101.0,5.05,17.47,28.5,42.0,2.1,7.27,11.85,57.0,2.85,9.86,16.08,22.0,1.1,3.81,6.21,15.0,0.75,2.6,4.23,52.0,2.6,9.0,14.67,65.0,3.25,11.25,18.34,39.1,42.91,-3.81,108.72,-22.0,-1.1,-3.81,127.59,6.38,0.45,0.47,0.5,0.25,0.54,0.15,0.65,0.29,0.75,0.51,3.81,2.6,0.09,11.25,0.26
2,新北中信特攻,40|10882,謝亞軒/霸夫,3,169,205.0,2901.24,48.35,48:21,967.08,16.12,16:07,74.0,24.67,36.1,55.09,84.0,28.0,40.98,62.54,74.0,24.67,36.1,55.09,27.0,9.0,13.17,20.1,35.0,11.67,17.07,26.06,16.0,5.33,7.8,11.91,39.0,13.0,19.02,29.04,11.0,3.67,5.37,8.19,16.0,5.33,7.8,11.91,9.0,3.0,4.39,6.7,14.0,4.67,6.83,10.42,34.0,11.33,16.59,25.31,17.0,5.67,8.29,12.66,25.0,8.33,12.2,18.61,18.0,6.0,8.78,13.4,18.0,6.0,8.78,13.4,11.0,3.67,5.37,8.19,5.0,1.67,2.44,3.72,19.0,6.33,9.27,14.15,32.0,10.67,15.61,23.82,36.1,40.98,-4.88,101.75,-10.0,-3.33,-4.88,48.35,16.12,0.44,0.46,0.46,0.28,0.56,0.18,0.67,0.36,0.67,0.53,5.37,2.44,0.09,15.61,0.22
2,新北中信特攻,44|10880,黃泓瀚/內馬,19,456,542.0,6753.15,112.55,112:33,355.43,5.92,05:55,235.0,12.37,43.36,75.16,271.0,14.26,50.0,86.68,199.0,10.47,36.72,63.65,84.0,4.42,15.5,26.87,124.0,6.53,22.88,39.66,65.0,3.42,11.99,20.79,75.0,3.95,13.84,23.99,19.0,1.0,3.51,6.08,67.0,3.53,12.36,21.43,50.0,2.63,9.23,15.99,43.0,2.26,7.93,13.75,77.0,4.05,14.21,24.63,32.0,1.68,5.9,10.24,76.0,4.0,14.02,24.31,35.0,1.84,6.46,11.19,56.0,2.95,10.33,17.91,18.0,0.95,3.32,5.76,16.0,0.84,2.95,5.12,48.0,2.53,8.86,15.35,56.0,2.95,10.33,17.91,43.36,50.0,-6.64,115.57,-36.0,-1.89,-6.64,112.55,5.92,0.47,0.51,0.52,0.25,0.75,0.13,0.67,0.36,0.71,0.53,3.32,2.95,0.09,10.33,0.34
2,新北中信特攻,10880|10882,內馬/霸夫,3,121,153.0,2015.32,33.59,33:35,671.77,11.2,11:12,58.0,19.33,37.91,62.16,64.0,21.33,41.83,68.59,52.0,17.33,33.99,55.73,20.0,6.67,13.07,21.44,30.0,10.0,19.61,32.15,13.0,4.33,8.5,13.93,22.0,7.33,14.38,23.58,7.0,2.33,4.58,7.5,16.0,5.33,10.46,17.15,11.0,3.67,7.19,11.79,12.0,4.0,7.84,12.86,23.0,7.67,15.03,24.65,17.0,5.67,11.11,18.22,21.0,7.0,13.73,22.51,14.0,4.67,9.15,15.01,10.0,3.33,6.54,10.72,11.0,3.67,7.19,11.79,3.0,1.0,1.96,3.22,16.0,5.33,10.46,17.15,24.0,8.0,15.69,25.72,37.91,41.83,-3.92,109.32,-6.0,-2.0,-3.92,33.59,11.2,0.45,0.49,0.43,0.32,0.69,0.19,0.5,0.36,0.57,0.48,7.19,1.96,0.1,15.69,0.31
2,新北國王,24|26,蘇士軒/洪志善,3,35,48.0,641.68,10.69,10:42,213.89,3.56,03:34,19.0,6.33,39.58,63.96,17.0,5.67,35.42,57.23,17.0,5.67,35.42,57.23,4.0,1.33,8.33,13.46,8.0,2.67,16.67,26.93,3.0,1.0,6.25,10.1,9.0,3.0,18.75,30.3,1.0,0.33,2.08,3.37,11.0,3.67,22.92,37.03,10.0,3.33,20.83,33.66,5.0,1.67,10.42,16.83,8.0,2.67,16.67,26.93,5.0,1.67,10.42,16.83,5.0,1.67,10.42,16.83,2.0,0.67,4.17,6.73,2.0,0.67,4.17,6.73,2.0,0.67,4.17,6.73,1.0,0.33,2.08,3.37,8.0,2.67,16.67,26.93,6.0,2.0,12.5,20.2,39.58,35.42,4.17,107.72,2.0,0.67,4.17,10.69,3.56,0.26,0.43,0.38,0.11,0.91,0.08,0.5,0.5,0.62,0.57,4.17,2.08,0.17,12.5,0.65
2,新北國王,26|29,洪志善/林書緯,2,63,86.0,1058.47,17.64,17:38,529.23,8.82,08:49,43.0,21.5,50.0,87.75,45.0,22.5,52.33,91.83,36.0,18.0,41.86,73.46,18.0,9.0,20.93,36.73,21.0,10.5,24.42,42.85,13.0,6.5,15.12,26.53,15.0,7.5,17.44,30.61,5.0,2.5,5.81,10.2,5.0,2.5,5.81,10.2,2.0,1.0,2.33,4.08,12.0,6.0,13.95,24.49,7.0,3.5,8.14,14.28,7.0,3.5,8.14,14.28,3.0,1.5,3.49,6.12,5.0,2.5,5.81,10.2,13.0,6.5,15.12,26.53,2.0,1.0,2.33,4.08,3.0,1.5,3.49,6.12,10.0,5.0,11.63,20.41,14.0,7.0,16.28,28.57,50.0,52.33,-2.33,117.0,-2.0,-1.0,-2.33,17.64,8.82,0.57,0.56,0.62,0.33,0.4,0.12,0.72,0.8,0.5,0.66,2.33,3.49,0.12,16.28,0.14
2,新北中信特攻,40|47,謝亞軒/曾文鼎,19,534,630.0,8550.31,142.51,142:30,450.02,7.5,07:30,295.0,15.53,46.83,74.52,292.0,15.37,46.35,73.77,229.0,12.05,36.35,57.85,104.0,5.47,16.51,26.27,118.0,6.21,18.73,29.81,59.0,3.11,9.37,14.9,111.0,5.84,17.62,28.04,45.0,2.37,7.14,11.37,60.0,3.16,9.52,15.16,43.0,2.26,6.83,10.86,41.0,2.16,6.51,10.36,88.0,4.63,13.97,22.23,29.0,1.53,4.6,7.33,93.0,4.89,14.76,23.49,55.0,2.89,8.73,13.89,73.0,3.84,11.59,18.44,28.0,1.47,4.44,7.07,8.0,0.42,1.27,2.02,59.0,3.11,9.37,14.9,62.0,3.26,9.84,15.66,46.83,46.35,0.48,106.1,3.0,0.16,0.48,142.51,7.5,0.55,0.58,0.5,0.41,0.72,0.18,0.7,0.31,0.75,0.51,4.44,1.27,0.09,9.84,0.26
2,新北中信特攻,40|10879,謝亞軒/簡廷兆,27,681,846.0,11168.16,186.14,186:08,413.64,6.89,06:54,343.0,12.7,40.54,66.34,337.0,12.48,39.83,65.18,302.0,11.19,35.7,58.41,124.0,4.59,14.66,23.98,178.0,6.59,21.04,34.43,85.0,3.15,10.05,16.44,124.0,4.59,14.66,23.98,39.0,1.44,4.61,7.54,90.0,3.33,10.64,17.41,61.0,2.26,7.21,11.8,61.0,2.26,7.21,11.8,128.0,4.74,15.13,24.76,66.0,2.44,7.8,12.76,135.0,5.0,15.96,26.11,63.0,2.33,7.45,12.18,82.0,3.04,9.69,15.86,33.0,1.22,3.9,6.38,16.0,0.59,1.89,3.09,91.0,3.37,10.76,17.6,91.0,3.37,10.76,17.6,40.54,39.83,0.71,109.08,6.0,0.22,0.71,186.14,6.89,0.48,0.5,0.48,0.31,0.68,0.16,0.66,0.31,0.66,0.48,3.9,1.89,0.11,10.76,0.3
2,新北中信特攻,47|10880,曾文鼎/內馬,19,431,510.0,7673.42,127.89,127:53,403.86,6.73,06:44,239.0,12.58,46.86,67.28,212.0,11.16,41.57,59.68,193.0,10.16,37.84,54.33,84.0,4.42,16.47,23.65,106.0,5.58,20.78,29.84,51.0,2.68,10.0,14.36,87.0,4.58,17.06,24.49,33.0,1.74,6.47,9.29,56.0,2.95,10.98,15.76,38.0,2.0,7.45,10.7,35.0,1.84,6.86,9.85,77.0,4.05,15.1,21.67,32.0,1.68,6.27,9.01,81.0,4.26,15.88,22.8,36.0,1.89,7.06,10.13,65.0,3.42,12.75,18.3,18.0,0.95,3.53,5.07,8.0,0.42,1.57,2.25,45.0,2.37,8.82,12.67,46.0,2.42,9.02,12.95,46.86,41.57,5.29,95.71,27.0,1.42,5.29,127.89,6.73,0.52,0.55,0.48,0.38,0.68,0.14,0.77,0.3,0.71,0.5,3.53,1.57,0.09,9.02,0.29
2,新北中信特攻,10879|10880,簡廷兆/內馬,24,882,1089.0,15246.28,254.1,254:06,635.26,10.59,10:35,440.0,18.33,40.4,62.34,450.0,18.75,41.32,63.75,418.0,17.42,38.38,59.22,164.0,6.83,15.06,23.23,232.0,9.67,21.3,32.87,114.0,4.75,10.47,16.15,186.0,7.75,17.08,26.35,50.0,2.08,4.59,7.08,97.0,4.04,8.91,13.74,63.0,2.62,5.79,8.93,83.0,3.46,7.62,11.76,181.0,7.54,16.62,25.64,76.0,3.17,6.98,10.77,161.0,6.71,14.78,22.81,71.0,2.96,6.52,10.06,102.0,4.25,9.37,14.45,36.0,1.5,3.31,5.1,15.0,0.62,1.38,2.13,92.0,3.83,8.45,13.03,122.0,5.08,11.2,17.28,40.4,41.32,-0.92,102.86,-10.0,-0.42,-0.92,254.1,10.59,0.45,0.48,0.49,0.27,0.65,0.13,0.62,0.34,0.7,0.53,3.31,1.38,0.08,11.2,0.23
2,新北中信特攻,10877|10882,阿巴西/霸夫,2,58,67.0,907.83,15.13,15:08,453.92,7.57,07:34,23.0,11.5,34.33,54.72,29.0,14.5,43.28,69.0,24.0,12.0,35.82,57.1,7.0,3.5,10.45,16.66,9.0,4.5,13.43,21.41,2.0,1.0,2.99,4.76,15.0,7.5,22.39,35.69,5.0,2.5,7.46,11.9,7.0,3.5,10.45,16.66,4.0,2.0,5.97,9.52,2.0,1.0,2.99,4.76,15.0,7.5,22.39,35.69,5.0,2.5,7.46,11.9,7.0,3.5,10.45,16.66,7.0,3.5,10.45,16.66,7.0,3.5,10.45,16.66,5.0,2.5,7.46,11.9,2.0,1.0,2.99,4.76,5.0,2.5,7.46,11.9,9.0,4.5,13.43,21.41,34.33,43.28,-8.96,106.28,-6.0,-3.0,-8.96,15.13,7.57,0.4,0.42,0.22,0.33,0.57,0.21,1.0,0.22,0.75,0.59,7.46,2.99,0.07,13.43,0.29
2,新北中信特攻,113|10877,林任鴻/阿巴西,10,193,244.0,3212.1,53.54,53:32,321.21,5.35,05:21,80.0,8.0,32.79,53.8,104.0,10.4,42.62,69.94,80.0,8.0,32.79,53.8,29.0,2.9,11.89,19.5,44.0,4.4,18.03,29.59,19.0,1.9,7.79,12.78,36.0,3.6,14.75,24.21,10.0,1.0,4.1,6.72,27.0,2.7,11.07,18.16,12.0,1.2,4.92,8.07,19.0,1.9,7.79,12.78,37.0,3.7,15.16,24.88,17.0,1.7,6.97,11.43,36.0,3.6,14.75,24.21,27.0,2.7,11.07,18.16,22.0,2.2,9.02,14.79,17.0,1.7,6.97,11.43,2.0,0.2,0.82,1.34,19.0,1.9,7.79,12.78,20.0,2.0,8.2,13.45,32.79,42.62,-9.84,109.39,-24.0,-2.4,-9.84,53.54,5.35,0.42,0.44,0.43,0.28,0.44,0.23,0.76,0.35,0.69,0.51,6.97,0.82,0.08,8.2,0.34
2,新北中信特攻,113|10879,林任鴻/簡廷兆,13,205,255.0,3302.66,55.04,55:03,254.05,4.23,04:14,88.0,6.77,34.51,57.55,117.0,9.0,45.88,76.52,88.0,6.77,34.51,57.55,32.0,2.46,12.55,20.93,46.0,3.54,18.04,30.08,21.0,1.62,8.24,13.73,42.0,3.23,16.47,27.47,11.0,0.85,4.31,7.19,21.0,1.62,8.24,13.73,13.0,1.0,5.1,8.5,13.0,1.0,5.1,8.5,45.0,3.46,17.65,29.43,22.0,1.69,8.63,14.39,35.0,2.69,13.73,22.89,22.0,1.69,8.63,14.39,17.0,1.31,6.67,11.12,13.0,1.0,5.1,8.5,4.0,0.31,1.57,2.62,18.0,1.38,7.06,11.77,37.0,2.85,14.51,24.2,34.51,45.88,-11.37,111.18,-29.0,-2.23,-11.37,55.04,4.23,0.43,0.45,0.46,0.26,0.62,0.18,0.53,0.27,0.67,0.5,5.1,1.57,0.07,14.51,0.24
2,新北中信特攻,113|10881,林任鴻/飛克,18,281,350.0,4475.93,74.6,74:36,248.66,4.14,04:09,116.0,6.44,33.14,55.98,164.0,9.11,46.86,79.14,118.0,6.56,33.71,56.94,45.0,2.5,12.86,21.72,75.0,4.17,21.43,36.19,34.0,1.89,9.71,16.41,43.0,2.39,12.29,20.75,11.0,0.61,3.14,5.31,32.0,1.78,9.14,15.44,15.0,0.83,4.29,7.24,28.0,1.56,8.0,13.51,52.0,2.89,14.86,25.09,24.0,1.33,6.86,11.58,45.0,2.5,12.86,21.72,34.0,1.89,9.71,16.41,32.0,1.78,9.14,15.44,23.0,1.28,6.57,11.1,2.0,0.11,0.57,0.97,22.0,1.22,6.29,10.62,45.0,2.5,12.86,21.72,33.14,46.86,-13.71,112.6,-48.0,-2.67,-13.71,74.6,4.14,0.43,0.44,0.45,0.26,0.47,0.2,0.71,0.38,0.68,0.54,6.57,0.57,0.06,12.86,0.27
2,新北中信特攻,113|10882,林任鴻/霸夫,3,68,83.0,1019.68,16.99,17:00,339.89,5.66,05:40,28.0,9.33,33.73,59.31,47.0,15.67,56.63,99.56,29.0,9.67,34.94,61.43,11.0,3.67,13.25,23.3,13.0,4.33,15.66,27.54,7.0,2.33,8.43,14.83,16.0,5.33,19.28,33.89,4.0,1.33,4.82,8.47,5.0,1.67,6.02,10.59,2.0,0.67,2.41,4.24,5.0,1.67,6.02,10.59,15.0,5.0,18.07,31.77,7.0,2.33,8.43,14.83,9.0,3.0,10.84,19.06,6.0,2.0,7.23,12.71,6.0,2.0,7.23,12.71,5.0,1.67,6.02,10.59,0.0,0.0,0.0,0.0,6.0,2.0,7.23,12.71,6.0,2.0,7.23,12.71,33.73,56.63,-22.89,117.21,-19.0,-6.33,-22.89,16.99,5.66,0.45,0.45,0.54,0.25,0.4,0.16,0.55,0.36,0.68,0.56,6.02,0.0,0.07,7.23,0.17
2,新北中信特攻,48|113,李沛澄/林任鴻,5,98,109.0,1387.26,23.12,23:07,277.45,4.62,04:37,41.0,8.2,37.61,63.84,59.0,11.8,54.13,91.86,39.0,7.8,35.78,60.72,16.0,3.2,14.68,24.91,22.0,4.4,20.18,34.25,9.0,1.8,8.26,14.01,17.0,3.4,15.6,26.47,7.0,1.4,6.42,10.9,5.0,1.0,4.59,7.79,2.0,0.4,1.83,3.11,4.0,0.8,3.67,6.23,19.0,3.8,17.43,29.58,4.0,0.8,3.67,6.23,15.0,3.0,13.76,23.36,12.0,2.4,11.01,18.68,12.0,2.4,11.01,18.68,10.0,2.0,9.17,15.57,2.0,0.4,1.83,3.11,5.0,1.0,4.59,7.79,22.0,4.4,20.18,34.25,37.61,54.13,-16.51,113.14,-18.0,-3.6,-16.51,23.12,4.62,0.5,0.5,0.41,0.41,0.4,0.23,0.75,0.21,0.83,0.55,9.17,1.83,0.05,20.18,0.13
2,新北中信特攻,40|113,謝亞軒/林任鴻,14,206,249.0,3218.53,53.64,53:39,229.9,3.83,03:50,90.0,6.43,36.14,60.4,118.0,8.43,47.39,79.19,85.0,6.07,34.14,57.04,32.0,2.29,12.85,21.48,49.0,3.5,19.68,32.88,22.0,1.57,8.84,14.76,36.0,2.57,14.46,24.16,10.0,0.71,4.02,6.71,31.0,2.21,12.45,20.8,16.0,1.14,6.43,10.74,17.0,1.21,6.83,11.41,45.0,3.21,18.07,30.2,17.0,1.21,6.83,11.41,33.0,2.36,13.25,22.15,22.0,1.57,8.84,14.76,21.0,1.5,8.43,14.09,12.0,0.86,4.82,8.05,5.0,0.36,2.01,3.36,26.0,1.86,10.44,17.45,26.0,1.86,10.44,17.45,36.14,47.39,-11.24,111.4,-28.0,-2.0,-11.24,53.64,3.83,0.44,0.46,0.45,0.28,0.52,0.18,0.66,0.34,0.73,0.55,4.82,2.01,0.1,10.44,0.36
2,新北中信特攻,113|10880,林任鴻/內馬,16,340,427.0,5507.25,91.79,91:47,344.2,5.74,05:44,138.0,8.62,32.32,54.12,192.0,12.0,44.96,75.3,148.0,9.25,34.66,58.05,51.0,3.19,11.94,20.0,80.0,5.0,18.74,31.38,36.0,2.25,8.43,14.12,68.0,4.25,15.93,26.67,15.0,0.94,3.51,5.88,44.0,2.75,10.3,17.26,21.0,1.31,4.92,8.24,31.0,1.94,7.26,12.16,75.0,4.69,17.56,29.42,35.0,2.19,8.2,13.73,59.0,3.69,13.82,23.14,36.0,2.25,8.43,14.12,32.0,2.0,7.49,12.55,22.0,1.38,5.15,8.63,5.0,0.31,1.17,1.96,38.0,2.38,8.9,14.9,37.0,2.31,8.67,14.51,32.32,44.96,-12.65,111.65,-54.0,-3.38,-12.65,91.79,5.74,0.4,0.41,0.45,0.22,0.48,0.18,0.63,0.34,0.68,0.53,5.15,1.17,0.09,8.67,0.3
2,新北國王,19|21,蘇培凱/李愷諺,2,9,10.0,92.26,1.54,01:32,46.13,0.77,00:46,5.0,2.5,50.0,117.07,1.0,0.5,10.0,23.41,2.0,1.0,20.0,46.83,1.0,0.5,10.0,23.41,2.0,1.0,20.0,46.83,1.0,0.5,10.0,23.41,0.0,0.0,0.0,0.0,0.0,0.0,0.0,0.0,3.0,1.5,30.0,70.24,3.0,1.5,30.0,70.24,1.0,0.5,10.0,23.41,0.0,0.0,0.0,0.0,0.0,0.0,0.0,0.0,3.0,1.5,30.0,70.24,2.0,1.0,20.0,46.83,0.0,0.0,0.0,0.0,1.0,0.5,10.0,23.41,0.0,0.0,0.0,0.0,2.0,1.0,20.0,46.83,2.0,1.0,20.0,46.83,50.0,10.0,40.0,156.09,4.0,2.0,40.0,1.54,0.77,0.5,0.75,0.5,,1.0,0.38,0.0,0.25,,0.25,10.0,0.0,0.2,20.0,1.5
2,新北國王,19|24,蘇培凱/蘇士軒,6,70,86.0,1087.63,18.13,18:08,181.27,3.02,03:01,32.0,5.33,37.21,63.55,33.0,5.5,38.37,65.54,27.0,4.5,31.4,53.62,13.0,2.17,15.12,25.82,19.0,3.17,22.09,37.73,11.0,1.83,12.79,21.85,8.0,1.33,9.3,15.89,2.0,0.33,2.33,3.97,12.0,2.0,13.95,23.83,6.0,1.0,6.98,11.92,7.0,1.17,8.14,13.9,11.0,1.83,12.79,21.85,3.0,0.5,3.49,5.96,16.0,2.67,18.6,31.78,11.0,1.83,12.79,21.85,7.0,1.17,8.14,13.9,7.0,1.17,8.14,13.9,1.0,0.17,1.16,1.99,12.0,2.0,13.95,23.83,10.0,1.67,11.63,19.86,37.21,38.37,-1.16,113.86,-1.0,-0.17,-1.16,18.13,3.02,0.52,0.5,0.58,0.25,0.5,0.25,0.54,0.3,0.79,0.49,8.14,1.16,0.14,11.63,0.44
2,新北中信特攻,44|10877,黃泓瀚/阿巴西,23,573,680.0,9131.82,152.2,152:12,397.04,6.62,06:37,307.0,13.35,45.15,72.62,321.0,13.96,47.21,75.93,253.0,11.0,37.21,59.84,118.0,5.13,17.35,27.91,153.0,6.65,22.5,36.19,85.0,3.7,12.5,20.11,100.0,4.35,14.71,23.65,33.0,1.43,4.85,7.81,59.0,2.57,8.68,13.96,40.0,1.74,5.88,9.46,42.0,1.83,6.18,9.93,99.0,4.3,14.56,23.42,40.0,1.74,5.88,9.46,117.0,5.09,17.21,27.67,46.0,2.0,6.76,10.88,66.0,2.87,9.71,15.61,22.0,0.96,3.24,5.2,11.0,0.48,1.62,2.6,59.0,2.57,8.68,13.96,61.0,2.65,8.97,14.43,45.15,47.21,-2.06,107.23,-14.0,-0.61,-2.06,152.2,6.62,0.53,0.55,0.56,0.33,0.68,0.14,0.56,0.26,0.71,0.47,3.24,1.62,0.09,8.97,0.23
2,新北國王,22|10874,簡祐哲/熊祥泰,15,168,205.0,2932.22,48.87,48:52,195.48,3.26,03:15,74.0,4.93,36.1,54.51,86.0,5.73,41.95,63.35,81.0,5.4,39.51,59.67,29.0,1.93,14.15,21.36,45.0,3.0,21.95,33.15,20.0,1.33,9.76,14.73,36.0,2.4,17.56,26.52,9.0,0.6,4.39,6.63,8.0,0.53,3.9,5.89,7.0,0.47,3.41,5.16,12.0,0.8,5.85,8.84,38.0,2.53,18.54,27.99,17.0,1.13,8.29,12.52,32.0,2.13,15.61,23.57,12.0,0.8,5.85,8.84,13.0,0.87,6.34,9.58,5.0,0.33,2.44,3.68,2.0,0.13,0.98,1.47,16.0,1.07,7.8,11.79,26.0,1.73,12.68,19.15,36.1,41.95,-5.85,100.67,-12.0,-0.8,-5.85,48.87,3.26,0.41,0.44,0.44,0.25,0.88,0.12,0.45,0.27,0.69,0.51,2.44,0.98,0.08,12.68,0.1
2,新北國王,22|25,簡祐哲/林金榜,5,158,187.0,2670.32,44.51,44:30,534.06,8.9,08:54,72.0,14.4,38.5,58.24,87.0,17.4,46.52,70.37,63.0,12.6,33.69,50.96,25.0,5.0,13.37,20.22,36.0,7.2,19.25,29.12,18.0,3.6,9.63,14.56,27.0,5.4,14.44,21.84,7.0,1.4,3.74,5.66,22.0,4.4,11.76,17.8,15.0,3.0,8.02,12.13,14.0,2.8,7.49,11.32,29.0,5.8,15.51,23.46,16.0,3.2,8.56,12.94,27.0,5.4,14.44,21.84,18.0,3.6,9.63,14.56,16.0,3.2,8.56,12.94,13.0,2.6,6.95,10.52,3.0,0.6,1.6,2.43,17.0,3.4,9.09,13.75,17.0,3.4,9.09,13.75,38.5,46.52,-8.02,100.84,-15.0,-3.0,-8.02,44.51,8.9,0.45,0.5,0.5,0.26,0.68,0.2,0.64,0.34,0.64,0.5,6.95,1.6,0.09,9.09,0.35
2,新北國王,25|34,林金榜/沃許本,13,224,278.0,3980.29,66.34,66:20,306.18,5.1,05:06,103.0,7.92,37.05,55.9,114.0,8.77,41.01,61.86,89.0,6.85,32.01,48.3,31.0,2.38,11.15,16.82,52.0,4.0,18.71,28.22,24.0,1.85,8.63,13.02,37.0,2.85,13.31,20.08,7.0,0.54,2.52,3.8,39.0,3.0,14.03,21.16,34.0,2.62,12.23,18.45,19.0,1.46,6.83,10.31,42.0,3.23,15.11,22.79,26.0,2.0,9.35,14.11,47.0,3.62,16.91,25.51,17.0,1.31,6.12,9.23,21.0,1.62,7.55,11.4,11.0,0.85,3.96,5.97,3.0,0.23,1.08,1.63,30.0,2.31,10.79,16.28,14.0,1.08,5.04,7.6,37.05,41.01,-3.96,100.58,-11.0,-0.85,-3.96,66.34,5.1,0.39,0.49,0.46,0.19,0.87,0.14,0.68,0.29,0.62,0.46,3.96,1.08,0.11,5.04,0.44
2,新北國王,23|34,王柏智/沃許本,4,14,16.0,277.14,4.62,04:37,69.28,1.15,01:09,5.0,1.25,31.25,38.97,10.0,2.5,62.5,77.94,4.0,1.0,25.0,31.18,1.0,0.25,6.25,7.79,2.0,0.5,12.5,15.59,1.0,0.25,6.25,7.79,2.0,0.5,12.5,15.59,0.0,0.0,0.0,0.0,5.0,1.25,31.25,38.97,3.0,0.75,18.75,23.38,1.0,0.25,6.25,7.79,4.0,1.0,25.0,31.18,0.0,0.0,0.0,0.0,2.0,0.5,12.5,15.59,2.0,0.5,12.5,15.59,1.0,0.25,6.25,7.79,1.0,0.25,6.25,7.79,1.0,0.25,6.25,7.79,4.0,1.0,25.0,31.18,2.0,0.5,12.5,15.59,31.25,62.5,-31.25,83.14,-5.0,-1.25,-31.25,4.62,1.15,0.25,0.4,0.5,0.0,0.6,0.24,1.0,0.33,1.0,0.71,6.25,6.25,0.25,12.5,1.25
2,新北國王,23|10875,王柏智/傑登,10,129,146.0,2038.11,33.97,33:58,203.81,3.4,03:24,82.0,8.2,56.16,86.9,78.0,7.8,53.42,82.66,59.0,5.9,40.41,62.53,31.0,3.1,21.23,32.85,31.0,3.1,21.23,32.85,21.0,2.1,14.38,22.26,28.0,2.8,19.18,29.67,10.0,1.0,6.85,10.6,16.0,1.6,10.96,16.96,11.0,1.1,7.53,11.66,7.0,0.7,4.79,7.42,22.0,2.2,15.07,23.32,9.0,0.9,6.16,9.54,20.0,2.0,13.7,21.2,7.0,0.7,4.79,7.42,13.0,1.3,8.9,13.78,5.0,0.5,3.42,5.3,0.0,0.0,0.0,0.0,13.0,1.3,8.9,13.78,23.0,2.3,15.75,24.38,56.16,53.42,2.74,103.15,4.0,0.4,2.74,33.97,3.4,0.61,0.62,0.68,0.36,0.69,0.1,0.42,0.26,0.71,0.5,3.42,0.0,0.09,15.75,0.27
2,新北國王,22|10871,簡祐哲/鍾理翔,2,22,28.0,357.02,5.95,05:57,178.51,2.98,02:59,17.0,8.5,60.71,102.85,8.0,4.0,28.57,48.4,12.0,6.0,42.86,72.6,5.0,2.5,17.86,30.25,5.0,2.5,17.86,30.25,3.0,1.5,10.71,18.15,7.0,3.5,25.0,42.35,2.0,1.0,7.14,12.1,8.0,4.0,28.57,48.4,5.0,2.5,17.86,30.25,4.0,2.0,14.29,24.2,6.0,3.0,21.43,36.3,1.0,0.5,3.57,6.05,4.0,2.0,14.29,24.2,0.0,0.0,0.0,0.0,3.0,1.5,10.71,18.15,0.0,0.0,0.0,0.0,0.0,0.0,0.0,0.0,3.0,1.5,10.71,18.15,4.0,2.0,14.29,24.2,60.71,28.57,32.14,112.93,9.0,4.5,32.14,5.95,2.98,0.5,0.55,0.6,0.29,0.62,0.0,0.6,0.5,0.86,0.67,0.0,0.0,0.11,14.29,0.67
2,新北國王,10871|10872,鍾理翔/林彥廷,6,51,69.0,832.37,13.87,13:52,138.73,2.31,02:19,29.0,4.83,42.03,75.26,19.0,3.17,27.54,49.31,22.0,3.67,31.88,57.09,8.0,1.33,11.59,20.76,9.0,1.5,13.04,23.36,6.0,1.0,8.7,15.57,13.0,2.17,18.84,33.74,2.0,0.33,2.9,5.19,20.0,3.33,28.99,51.9,11.0,1.83,15.94,28.55,8.0,1.33,11.59,20.76,12.0,2.0,17.39,31.14,4.0,0.67,5.8,10.38,8.0,1.33,11.59,20.76,5.0,0.83,7.25,12.98,2.0,0.33,2.9,5.19,3.0,0.5,4.35,7.79,0.0,0.0,0.0,0.0,9.0,1.5,13.04,23.36,7.0,1.17,10.14,18.17,42.03,27.54,14.49,119.37,10.0,1.67,14.49,13.87,2.31,0.41,0.47,0.67,0.15,0.55,0.14,0.25,0.5,0.75,0.62,4.35,0.0,0.13,10.14,0.91
2,新北國王,10871|10875,鍾理翔/傑登,4,21,28.0,338.32,5.64,05:38,84.58,1.41,01:25,18.0,4.5,64.29,114.92,11.0,2.75,39.29,70.23,11.0,2.75,39.29,70.23,6.0,1.5,21.43,38.31,9.0,2.25,32.14,57.46,5.0,1.25,17.86,31.92,2.0,0.5,7.14,12.77,1.0,0.25,3.57,6.38,11.0,2.75,39.29,70.23,5.0,1.25,17.86,31.92,4.0,1.0,14.29,25.54,2.0,0.5,7.14,12.77,1.0,0.25,3.57,6.38,2.0,0.5,7.14,12.77,0.0,0.0,0.0,0.0,2.0,0.5,7.14,12.77,0.0,0.0,0.0,0.0,0.0,0.0,0.0,0.0,3.0,0.75,10.71,19.15,5.0,1.25,17.86,31.92,64.29,39.29,25.0,119.18,7.0,1.75,25.0,5.64,1.41,0.59,0.57,0.56,0.5,0.45,0.0,0.33,0.67,0.67,0.67,0.0,0.0,0.11,17.86,1.0
2,新北國王,10871|10876,鍾理翔/尚迪,1,4,7.0,91.85,1.53,01:32,91.85,1.53,01:32,2.0,2.0,28.57,47.03,2.0,2.0,28.57,47.03,2.0,2.0,28.57,47.03,0.0,0.0,0.0,0.0,0.0,0.0,0.0,0.0,0.0,0.0,0.0,0.0,2.0,2.0,28.57,47.03,0.0,0.0,0.0,0.0,4.0,4.0,57.14,94.06,2.0,2.0,28.57,47.03,1.0,1.0,14.29,23.52,3.0,3.0,42.86,70.55,1.0,1.0,14.29,23.52,1.0,1.0,14.29,23.52,0.0,0.0,0.0,0.0,0.0,0.0,0.0,0.0,0.0,0.0,0.0,0.0,0.0,0.0,0.0,0.0,1.0,1.0,14.29,23.52,0.0,0.0,0.0,0.0,28.57,28.57,0.0,109.74,0.0,0.0,0.0,1.53,1.53,0.0,0.27,,0.0,0.5,0.0,,0.5,0.75,0.67,0.0,0.0,0.14,0.0,2.0
2,新北國王,23|10871,王柏智/鍾理翔,6,61,81.0,943.06,15.72,15:43,157.18,2.62,02:37,24.0,4.0,29.63,54.97,28.0,4.67,34.57,64.13,26.0,4.33,32.1,59.55,8.0,1.33,9.88,18.32,9.0,1.5,11.11,20.61,6.0,1.0,7.41,13.74,17.0,2.83,20.99,38.94,2.0,0.33,2.47,4.58,16.0,2.67,19.75,36.65,6.0,1.0,7.41,13.74,9.0,1.5,11.11,20.61,15.0,2.5,18.52,34.36,4.0,0.67,4.94,9.16,10.0,1.67,12.35,22.9,9.0,1.5,11.11,20.61,3.0,0.5,3.7,6.87,7.0,1.17,8.64,16.03,0.0,0.0,0.0,0.0,7.0,1.17,8.64,16.03,11.0,1.83,13.58,25.19,29.63,34.57,-4.94,123.68,-4.0,-0.67,-4.94,15.72,2.62,0.35,0.36,0.67,0.12,0.38,0.21,0.38,0.47,0.79,0.63,8.64,0.0,0.09,13.58,0.62
2,新北中信特攻,44|113,黃泓瀚/林任鴻,10,60,73.0,918.59,15.31,15:19,91.86,1.53,01:32,17.0,1.7,23.29,39.97,40.0,4.0,54.79,94.06,27.0,2.7,36.99,63.49,8.0,0.8,10.96,18.81,17.0,1.7,23.29,39.97,7.0,0.7,9.59,16.46,10.0,1.0,13.7,23.51,1.0,0.1,1.37,2.35,0.0,0.0,0.0,0.0,0.0,0.0,0.0,0.0,7.0,0.7,9.59,16.46,11.0,1.1,15.07,25.87,5.0,0.5,6.85,11.76,11.0,1.1,15.07,25.87,8.0,0.8,10.96,18.81,4.0,0.4,5.48,9.41,5.0,0.5,6.85,11.76,1.0,0.1,1.37,2.35,1.0,0.1,1.37,2.35,6.0,0.6,8.22,14.11,23.29,54.79,-31.51,114.44,-23.0,-2.3,-31.51,15.31,1.53,0.31,0.31,0.41,0.1,,0.23,0.5,0.39,0.69,0.53,6.85,1.37,0.01,8.22,0.0
2,新北中信特攻,48|10880,李沛澄/內馬,11,247,289.0,3727.7,62.13,62:08,338.88,5.65,05:39,151.0,13.73,52.25,87.5,120.0,10.91,41.52,69.53,107.0,9.73,37.02,62.0,49.0,4.45,16.96,28.39,59.0,5.36,20.42,34.19,35.0,3.18,12.11,20.28,48.0,4.36,16.61,27.81,14.0,1.27,4.84,8.11,45.0,4.09,15.57,26.08,39.0,3.55,13.49,22.6,19.0,1.73,6.57,11.01,37.0,3.36,12.8,21.44,16.0,1.45,5.54,9.27,37.0,3.36,12.8,21.44,18.0,1.64,6.23,10.43,25.0,2.27,8.65,14.49,13.0,1.18,4.5,7.53,4.0,0.36,1.38,2.32,33.0,3.0,11.42,19.12,33.0,3.0,11.42,19.12,52.25,41.52,10.73,111.64,31.0,2.82,10.73,62.13,5.65,0.52,0.6,0.59,0.29,0.87,0.12,0.51,0.34,0.7,0.51,4.5,1.38,0.11,11.42,0.42
2,桃園台啤永豐雲豹,54|57,高錦瑋/莊博元,32,3008,3602.0,48087.0,801.45,801:27,1502.72,25.05,25:03,1673.0,52.28,46.45,75.15,1537.0,48.03,42.67,69.04,1352.0,42.25,37.53,60.73,617.0,19.28,17.13,27.71,838.0,26.19,23.26,37.64,435.0,13.59,12.08,19.54,514.0,16.06,14.27,23.09,182.0,5.69,5.05,8.18,329.0,10.28,9.13,14.78,253.0,7.91,7.02,11.36,208.0,6.5,5.77,9.34,552.0,17.25,15.32,24.8,246.0,7.69,6.83,11.05,569.0,17.78,15.8,25.56,226.0,7.06,6.27,10.15,364.0,11.38,10.11,16.35,132.0,4.12,3.66,5.93,59.0,1.84,1.64,2.65,308.0,9.62,8.55,13.83,345.0,10.78,9.58,15.5,46.45,42.67,3.78,107.86,136.0,4.25,3.78,801.45,25.05,0.52,0.56,0.52,0.35,0.77,0.13,0.59,0.27,0.69,0.48,3.66,1.64,0.09,9.58,0.24
2,桃園台啤永豐雲豹,54|62,高錦瑋/王皓吉,29,1515,1816.0,24572.75,409.55,409:33,847.34,14.12,14:07,831.0,28.66,45.76,73.05,825.0,28.45,45.43,72.52,691.0,23.83,38.05,60.74,306.0,10.55,16.85,26.9,401.0,13.83,22.08,35.25,206.0,7.1,11.34,18.11,290.0,10.0,15.97,25.49,100.0,3.45,5.51,8.79,149.0,5.14,8.2,13.1,115.0,3.97,6.33,10.11,116.0,4.0,6.39,10.2,285.0,9.83,15.69,25.05,135.0,4.66,7.43,11.87,267.0,9.21,14.7,23.47,116.0,4.0,6.39,10.2,179.0,6.17,9.86,15.73,68.0,2.34,3.74,5.98,27.0,0.93,1.49,2.37,159.0,5.48,8.76,13.98,160.0,5.52,8.81,14.06,45.76,45.43,0.33,106.42,6.0,0.21,0.33,409.55,14.12,0.52,0.55,0.51,0.34,0.77,0.13,0.58,0.3,0.68,0.5,3.74,1.49,0.09,8.81,0.22
2,桃園台啤永豐雲豹,54|68,高錦瑋/克羅馬,28,3363,4030.0,53860.81,897.68,897:41,1923.6,32.06,32:04,1851.0,66.11,45.93,74.23,1770.0,63.21,43.92,70.98,1521.0,54.32,37.74,61.0,681.0,24.32,16.9,27.31,934.0,33.36,23.18,37.46,474.0,16.93,11.76,19.01,587.0,20.96,14.57,23.54,207.0,7.39,5.14,8.3,375.0,13.39,9.31,15.04,281.0,10.04,6.97,11.27,241.0,8.61,5.98,9.66,641.0,22.89,15.91,25.71,280.0,10.0,6.95,11.23,600.0,21.43,14.89,24.06,242.0,8.64,6.0,9.71,406.0,14.5,10.07,16.28,141.0,5.04,3.5,5.65,56.0,2.0,1.39,2.25,348.0,12.43,8.64,13.96,401.0,14.32,9.95,16.08,45.93,43.92,2.01,107.74,81.0,2.89,2.01,897.68,32.06,0.52,0.55,0.51,0.35,0.75,0.13,0.6,0.29,0.7,0.5,3.5,1.39,0.09,9.95,0.25
2,桃園台啤永豐雲豹,54|10860,高錦瑋/麥卡洛,22,1416,1713.0,22823.2,380.39,380:23,1037.42,17.29,17:17,754.0,34.27,44.02,71.36,732.0,33.27,42.73,69.28,667.0,30.32,38.94,63.13,284.0,12.91,16.58,26.88,438.0,19.91,25.57,41.45,215.0,9.77,12.55,20.35,229.0,10.41,13.37,21.67,69.0,3.14,4.03,6.53,151.0,6.86,8.81,14.29,112.0,5.09,6.54,10.6,123.0,5.59,7.18,11.64,276.0,12.55,16.11,26.12,110.0,5.0,6.42,10.41,261.0,11.86,15.24,24.7,102.0,4.64,5.95,9.65,167.0,7.59,9.75,15.8,52.0,2.36,3.04,4.92,22.0,1.0,1.28,2.08,144.0,6.55,8.41,13.63,177.0,8.05,10.33,16.75,44.02,42.73,1.28,108.08,22.0,1.0,1.28,380.39,17.29,0.48,0.51,0.49,0.3,0.74,0.12,0.59,0.32,0.72,0.52,3.04,1.28,0.08,10.33,0.23
2,桃園台啤永豐雲豹,57|62,莊博元/王皓吉,28,1094,1303.0,17859.69,297.66,297:40,637.85,10.63,10:38,611.0,21.82,46.89,73.9,574.0,20.5,44.05,69.42,494.0,17.64,37.91,59.75,226.0,8.07,17.34,27.33,290.0,10.36,22.26,35.07,153.0,5.46,11.74,18.5,204.0,7.29,15.66,24.67,73.0,2.61,5.6,8.83,104.0,3.71,7.98,12.58,81.0,2.89,6.22,9.8,73.0,2.61,5.6,8.83,205.0,7.32,15.73,24.79,94.0,3.36,7.21,11.37,207.0,7.39,15.89,25.04,87.0,3.11,6.68,10.52,134.0,4.79,10.28,16.21,52.0,1.86,3.99,6.29,24.0,0.86,1.84,2.9,115.0,4.11,8.83,13.91,94.0,3.36,7.21,11.37,46.89,44.05,2.84,105.06,37.0,1.32,2.84,297.66,10.63,0.53,0.57,0.53,0.36,0.78,0.14,0.59,0.26,0.69,0.48,3.99,1.84,0.09,7.21,0.21
2,桃園台啤永豐雲豹,57|68,莊博元/克羅馬,28,2730,3254.0,43483.4,724.72,724:43,1552.98,25.88,25:53,1510.0,53.93,46.4,75.01,1421.0,50.75,43.67,70.59,1210.0,43.21,37.19,60.11,555.0,19.82,17.06,27.57,756.0,27.0,23.23,37.55,392.0,14.0,12.05,19.47,454.0,16.21,13.95,22.55,163.0,5.82,5.01,8.1,309.0,11.04,9.5,15.35,235.0,8.39,7.22,11.67,178.0,6.36,5.47,8.84,507.0,18.11,15.58,25.18,226.0,8.07,6.95,11.23,494.0,17.64,15.18,24.54,206.0,7.36,6.33,10.23,326.0,11.64,10.02,16.19,126.0,4.5,3.87,6.26,49.0,1.75,1.51,2.43,288.0,10.29,8.85,14.31,319.0,11.39,9.8,15.85,46.4,43.67,2.74,107.76,89.0,3.18,2.74,724.72,25.88,0.53,0.56,0.52,0.36,0.76,0.13,0.59,0.26,0.69,0.49,3.87,1.51,0.09,9.8,0.26
2,桃園台啤永豐雲豹,57|10860,莊博元/麥卡洛,22,1167,1400.0,18818.13,313.64,313:38,855.37,14.26,14:15,635.0,28.86,45.36,72.89,602.0,27.36,43.0,69.1,522.0,23.73,37.29,59.92,236.0,10.73,16.86,27.09,348.0,15.82,24.86,39.94,179.0,8.14,12.79,20.55,174.0,7.91,12.43,19.97,57.0,2.59,4.07,6.54,145.0,6.59,10.36,16.64,105.0,4.77,7.5,12.05,91.0,4.14,6.5,10.45,207.0,9.41,14.79,23.76,87.0,3.95,6.21,9.99,210.0,9.55,15.0,24.1,95.0,4.32,6.79,10.9,140.0,6.36,10.0,16.07,49.0,2.23,3.5,5.62,23.0,1.05,1.64,2.64,126.0,5.73,9.0,14.46,144.0,6.55,10.29,16.53,45.36,43.0,2.36,107.13,33.0,1.5,2.36,313.64,14.26,0.51,0.54,0.51,0.33,0.72,0.14,0.59,0.3,0.7,0.5,3.5,1.64,0.09,10.29,0.28
2,桃園台啤永豐雲豹,62|68,王皓吉/克羅馬,27,1555,1852.0,24889.74,414.83,414:50,921.84,15.36,15:22,863.0,31.96,46.6,74.89,860.0,31.85,46.44,74.63,697.0,25.81,37.63,60.49,319.0,11.81,17.22,27.68,411.0,15.22,22.19,35.67,216.0,8.0,11.66,18.75,286.0,10.59,15.44,24.82,103.0,3.81,5.56,8.94,156.0,5.78,8.42,13.54,122.0,4.52,6.59,10.59,104.0,3.85,5.62,9.03,289.0,10.7,15.6,25.08,135.0,5.0,7.29,11.72,275.0,10.19,14.85,23.87,119.0,4.41,6.43,10.33,188.0,6.96,10.15,16.32,69.0,2.56,3.73,5.99,28.0,1.04,1.51,2.43,159.0,5.89,8.59,13.8,148.0,5.48,7.99,12.84,46.6,46.44,0.16,107.15,3.0,0.11,0.16,414.83,15.36,0.53,0.56,0.53,0.36,0.78,0.13,0.59,0.27,0.68,0.49,3.73,1.51,0.09,7.99,0.22
2,桃園台啤永豐雲豹,62|10860,王皓吉/麥卡洛,21,589,702.0,9155.39,152.59,152:35,435.97,7.27,07:16,295.0,14.05,42.02,69.6,309.0,14.71,44.02,72.9,260.0,12.38,37.04,61.34,106.0,5.05,15.1,25.01,176.0,8.38,25.07,41.52,83.0,3.95,11.82,19.58,84.0,4.0,11.97,19.82,23.0,1.1,3.28,5.43,68.0,3.24,9.69,16.04,51.0,2.43,7.26,12.03,41.0,1.95,5.84,9.67,115.0,5.48,16.38,27.13,54.0,2.57,7.69,12.74,103.0,4.9,14.67,24.3,41.0,1.95,5.84,9.67,60.0,2.86,8.55,14.16,21.0,1.0,2.99,4.95,8.0,0.38,1.14,1.89,63.0,3.0,8.97,14.86,64.0,3.05,9.12,15.1,42.02,44.02,-1.99,110.41,-14.0,-0.67,-1.99,152.59,7.27,0.45,0.51,0.47,0.27,0.75,0.12,0.57,0.28,0.68,0.5,2.99,1.14,0.09,9.12,0.26
2,桃園台啤永豐雲豹,68|10860,克羅馬/麥卡洛,18,1098,1303.0,17496.32,291.61,291:36,972.02,16.2,16:12,579.0,32.17,44.44,71.48,580.0,32.22,44.51,71.6,496.0,27.56,38.07,61.23,219.0,12.17,16.81,27.04,342.0,19.0,26.25,42.22,169.0,9.39,12.97,20.86,154.0,8.56,11.82,19.01,50.0,2.78,3.84,6.17,123.0,6.83,9.44,15.18,89.0,4.94,6.83,10.99,81.0,4.5,6.22,10.0,209.0,11.61,16.04,25.8,82.0,4.56,6.29,10.12,191.0,10.61,14.66,23.58,84.0,4.67,6.45,10.37,124.0,6.89,9.52,15.31,47.0,2.61,3.61,5.8,17.0,0.94,1.3,2.1,109.0,6.06,8.37,13.46,139.0,7.72,10.67,17.16,44.44,44.51,-0.08,107.24,-1.0,-0.06,-0.08,291.61,16.2,0.49,0.53,0.49,0.32,0.72,0.13,0.57,0.3,0.72,0.52,3.61,1.3,0.08,10.67,0.25
2,桃園台啤永豐雲豹,16|54,米勒/高錦瑋,26,2217,2667.0,35674.86,594.58,594:35,1372.11,22.87,22:52,1191.0,45.81,44.66,72.11,1139.0,43.81,42.71,68.96,992.0,38.15,37.2,60.06,431.0,16.58,16.16,26.1,575.0,22.12,21.56,34.81,283.0,10.88,10.61,17.13,417.0,16.04,15.64,25.25,148.0,5.69,5.55,8.96,239.0,9.19,8.96,14.47,179.0,6.88,6.71,10.84,155.0,5.96,5.81,9.38,423.0,16.27,15.86,25.61,194.0,7.46,7.27,11.75,410.0,15.77,15.37,24.82,164.0,6.31,6.15,9.93,268.0,10.31,10.05,16.23,99.0,3.81,3.71,5.99,44.0,1.69,1.65,2.66,225.0,8.65,8.44,13.62,271.0,10.42,10.16,16.41,44.66,42.71,1.95,107.65,52.0,2.0,1.95,594.58,22.87,0.51,0.54,0.49,0.35,0.75,0.13,0.62,0.27,0.69,0.49,3.71,1.65,0.08,10.16,0.24
2,桃園台啤永豐雲豹,16|57,米勒/莊博元,26,1830,2198.0,29418.5,490.31,490:19,1131.48,18.86,18:51,995.0,38.27,45.27,73.06,920.0,35.38,41.86,67.55,813.0,31.27,36.99,59.69,361.0,13.88,16.42,26.51,473.0,18.19,21.52,34.73,242.0,9.31,11.01,17.77,340.0,13.08,15.47,24.96,119.0,4.58,5.41,8.74,205.0,7.88,9.33,15.05,151.0,5.81,6.87,11.09,124.0,4.77,5.64,9.1,345.0,13.27,15.7,25.33,157.0,6.04,7.14,11.53,352.0,13.54,16.01,25.84,133.0,5.12,6.05,9.77,222.0,8.54,10.1,16.3,80.0,3.08,3.64,5.87,41.0,1.58,1.87,3.01,187.0,7.19,8.51,13.73,192.0,7.38,8.74,14.1,45.27,41.86,3.41,107.59,75.0,2.88,3.41,490.31,18.86,0.52,0.55,0.51,0.35,0.74,0.13,0.61,0.26,0.69,0.48,3.64,1.87,0.09,8.74,0.25
2,桃園台啤永豐雲豹,16|58,米勒/林信寬,25,1916,2306.0,30523.71,508.73,508:44,1220.95,20.35,20:21,971.0,38.84,42.11,68.71,916.0,36.64,39.72,64.82,845.0,33.8,36.64,59.8,365.0,14.6,15.83,25.83,551.0,22.04,23.89,38.99,272.0,10.88,11.8,19.25,294.0,11.76,12.75,20.8,93.0,3.72,4.03,6.58,233.0,9.32,10.1,16.49,153.0,6.12,6.63,10.83,139.0,5.56,6.03,9.84,363.0,14.52,15.74,25.69,155.0,6.2,6.72,10.97,375.0,15.0,16.26,26.54,153.0,6.12,6.63,10.83,221.0,8.84,9.58,15.64,82.0,3.28,3.56,5.8,44.0,1.76,1.91,3.11,205.0,8.2,8.89,14.51,243.0,9.72,10.54,17.2,42.11,39.72,2.39,108.79,55.0,2.2,2.39,508.73,20.35,0.49,0.51,0.49,0.32,0.66,0.14,0.61,0.27,0.7,0.49,3.56,1.91,0.09,10.54,0.28
2,桃園台啤永豐雲豹,16|10860,米勒/麥卡洛,16,805,973.0,13002.75,216.71,216:43,812.67,13.54,13:33,415.0,25.94,42.65,68.94,377.0,23.56,38.75,62.63,359.0,22.44,36.9,59.64,157.0,9.81,16.14,26.08,233.0,14.56,23.95,38.71,119.0,7.44,12.23,19.77,126.0,7.88,12.95,20.93,38.0,2.38,3.91,6.31,91.0,5.69,9.35,15.12,58.0,3.62,5.96,9.63,62.0,3.88,6.37,10.3,146.0,9.12,15.01,24.25,70.0,4.38,7.19,11.63,162.0,10.12,16.65,26.91,66.0,4.12,6.78,10.96,99.0,6.19,10.17,16.45,38.0,2.38,3.91,6.31,18.0,1.12,1.85,2.99,78.0,4.88,8.02,12.96,93.0,5.81,9.56,15.45,42.65,38.75,3.91,107.76,38.0,2.38,3.91,216.71,13.54,0.49,0.52,0.51,0.3,0.64,0.14,0.63,0.28,0.68,0.47,3.91,1.85,0.08,9.56,0.25
2,桃園台啤永豐雲豹,54|58,高錦瑋/林信寬,31,2004,2428.0,31051.62,517.53,517:32,1001.67,16.69,16:42,1043.0,33.65,42.96,72.55,1020.0,32.9,42.01,70.95,925.0,29.84,38.1,64.34,384.0,12.39,15.82,26.71,588.0,18.97,24.22,40.9,283.0,9.13,11.66,19.69,337.0,10.87,13.88,23.44,101.0,3.26,4.16,7.03,250.0,8.06,10.3,17.39,177.0,5.71,7.29,12.31,167.0,5.39,6.88,11.62,396.0,12.77,16.31,27.55,154.0,4.97,6.34,10.71,366.0,11.81,15.07,25.46,141.0,4.55,5.81,9.81,231.0,7.45,9.51,16.07,75.0,2.42,3.09,5.22,34.0,1.1,1.4,2.37,218.0,7.03,8.98,15.16,269.0,8.68,11.08,18.71,42.96,42.01,0.95,112.6,23.0,0.74,0.95,517.53,16.69,0.47,0.5,0.48,0.3,0.71,0.12,0.6,0.31,0.72,0.52,3.09,1.4,0.09,11.08,0.27
2,桃園台啤永豐雲豹,57|58,莊博元/林信寬,31,1399,1672.0,21026.44,350.44,350:26,678.27,11.3,11:18,731.0,23.58,43.72,75.09,675.0,21.77,40.37,69.34,606.0,19.55,36.24,62.25,268.0,8.65,16.03,27.53,405.0,13.06,24.22,41.6,207.0,6.68,12.38,21.26,201.0,6.48,12.02,20.65,61.0,1.97,3.65,6.27,187.0,6.03,11.18,19.21,136.0,4.39,8.13,13.97,100.0,3.23,5.98,10.27,252.0,8.13,15.07,25.89,96.0,3.1,5.74,9.86,270.0,8.71,16.15,27.74,116.0,3.74,6.94,11.92,160.0,5.16,9.57,16.44,68.0,2.19,4.07,6.99,29.0,0.94,1.73,2.98,154.0,4.97,9.21,15.82,168.0,5.42,10.05,17.26,43.72,40.37,3.35,114.51,56.0,1.81,3.35,350.44,11.3,0.49,0.53,0.51,0.3,0.73,0.14,0.6,0.27,0.72,0.49,4.07,1.73,0.09,10.05,0.31
2,桃園台啤永豐雲豹,58|10860,林信寬/麥卡洛,22,1720,2101.0,27163.11,452.72,452:43,1234.69,20.58,20:35,868.0,39.45,41.31,69.02,845.0,38.41,40.22,67.19,764.0,34.73,36.36,60.75,325.0,14.77,15.47,25.84,520.0,23.64,24.75,41.35,255.0,11.59,12.14,20.28,244.0,11.09,11.61,19.4,70.0,3.18,3.33,5.57,219.0,9.95,10.42,17.41,145.0,6.59,6.9,11.53,140.0,6.36,6.66,11.13,318.0,14.45,15.14,25.29,151.0,6.86,7.19,12.01,313.0,14.23,14.9,24.89,153.0,6.95,7.28,12.17,194.0,8.82,9.23,15.43,82.0,3.73,3.9,6.52,31.0,1.41,1.48,2.47,182.0,8.27,8.66,14.47,203.0,9.23,9.66,16.14,41.31,40.22,1.09,111.38,23.0,1.05,1.09,452.72,20.58,0.47,0.5,0.49,0.29,0.66,0.15,0.6,0.31,0.68,0.5,3.9,1.48,0.09,9.66,0.29
2,桃園台啤永豐雲豹,16|62,米勒/王皓吉,24,1051,1246.0,16992.1,283.2,283:12,708.0,11.8,11:48,578.0,24.08,46.39,73.47,583.0,24.29,46.79,74.11,470.0,19.58,37.72,59.75,210.0,8.75,16.85,26.69,265.0,11.04,21.27,33.69,136.0,5.67,10.91,17.29,205.0,8.54,16.45,26.06,74.0,3.08,5.94,9.41,105.0,4.38,8.43,13.35,82.0,3.42,6.58,10.42,68.0,2.83,5.46,8.64,204.0,8.5,16.37,25.93,92.0,3.83,7.38,11.69,186.0,7.75,14.93,23.64,71.0,2.96,5.7,9.03,132.0,5.5,10.59,16.78,44.0,1.83,3.53,5.59,21.0,0.88,1.69,2.67,114.0,4.75,9.15,14.49,120.0,5.0,9.63,15.25,46.39,46.79,-0.4,105.59,-5.0,-0.21,-0.4,283.2,11.8,0.53,0.56,0.51,0.36,0.78,0.12,0.63,0.27,0.69,0.49,3.53,1.69,0.09,9.63,0.22
2,桃園台啤永豐雲豹,16|68,米勒/克羅馬,22,1727,2074.0,27628.25,460.47,460:28,1255.83,20.93,20:56,944.0,42.91,45.52,73.8,933.0,42.41,44.99,72.94,768.0,34.91,37.03,60.04,339.0,15.41,16.35,26.5,423.0,19.23,20.4,33.07,214.0,9.73,10.32,16.73,345.0,15.68,16.63,26.97,125.0,5.68,6.03,9.77,185.0,8.41,8.92,14.46,143.0,6.5,6.89,11.18,109.0,4.95,5.26,8.52,339.0,15.41,16.35,26.5,158.0,7.18,7.62,12.35,296.0,13.45,14.27,23.14,119.0,5.41,5.74,9.3,203.0,9.23,9.79,15.87,73.0,3.32,3.52,5.71,33.0,1.5,1.59,2.58,175.0,7.95,8.44,13.68,217.0,9.86,10.46,16.97,45.52,44.99,0.53,108.1,11.0,0.5,0.53,460.47,20.93,0.52,0.56,0.51,0.36,0.77,0.12,0.6,0.27,0.68,0.5,3.52,1.59,0.08,10.46,0.24
2,桃園台啤永豐雲豹,58|62,林信寬/王皓吉,24,655,789.0,9930.25,165.5,165:30,413.76,6.9,06:54,332.0,13.83,42.08,72.22,358.0,14.92,45.37,77.87,290.0,12.08,36.76,63.08,126.0,5.25,15.97,27.41,185.0,7.71,23.45,40.24,95.0,3.96,12.04,20.66,105.0,4.38,13.31,22.84,31.0,1.29,3.93,6.74,75.0,3.12,9.51,16.31,53.0,2.21,6.72,11.53,47.0,1.96,5.96,10.22,123.0,5.12,15.59,26.75,61.0,2.54,7.73,13.27,112.0,4.67,14.2,24.36,49.0,2.04,6.21,10.66,75.0,3.12,9.51,16.31,26.0,1.08,3.3,5.66,10.0,0.42,1.27,2.18,71.0,2.96,9.0,15.44,76.0,3.17,9.63,16.53,42.08,45.37,-3.3,114.41,-26.0,-1.08,-3.3,165.5,6.9,0.49,0.51,0.51,0.3,0.71,0.13,0.6,0.3,0.67,0.5,3.3,1.27,0.09,9.63,0.26
2,桃園台啤永豐雲豹,58|68,林信寬/克羅馬,27,1816,2185.0,27573.34,459.56,459:33,1021.23,17.02,17:01,968.0,35.85,44.3,75.83,949.0,35.15,43.43,74.34,813.0,30.11,37.21,63.69,356.0,13.19,16.29,27.89,525.0,19.44,24.03,41.13,262.0,9.7,11.99,20.52,288.0,10.67,13.18,22.56,94.0,3.48,4.3,7.36,236.0,8.74,10.8,18.49,168.0,6.22,7.69,13.16,137.0,5.07,6.27,10.73,345.0,12.78,15.79,27.03,147.0,5.44,6.73,11.52,302.0,11.19,13.82,23.66,135.0,5.0,6.18,10.58,210.0,7.78,9.61,16.45,80.0,2.96,3.66,6.27,28.0,1.04,1.28,2.19,191.0,7.07,8.74,14.96,239.0,8.85,10.94,18.72,44.3,43.43,0.87,114.11,19.0,0.7,0.87,459.56,17.02,0.5,0.53,0.5,0.33,0.71,0.13,0.59,0.31,0.7,0.52,3.66,1.28,0.09,10.94,0.29
2,桃園台啤永豐雲豹,12|16,曹薰襄/米勒,26,1353,1610.0,22435.1,373.92,373:55,862.89,14.38,14:23,673.0,25.88,41.8,64.79,640.0,24.62,39.75,61.62,581.0,22.35,36.09,55.94,254.0,9.77,15.78,24.45,377.0,14.5,23.42,36.3,192.0,7.38,11.93,18.49,204.0,7.85,12.67,19.64,62.0,2.38,3.85,5.97,158.0,6.08,9.81,15.21,105.0,4.04,6.52,10.11,94.0,3.62,5.84,9.05,249.0,9.58,15.47,23.97,114.0,4.38,7.08,10.98,269.0,10.35,16.71,25.9,119.0,4.58,7.39,11.46,151.0,5.81,9.38,14.54,64.0,2.46,3.98,6.16,28.0,1.08,1.74,2.7,139.0,5.35,8.63,13.38,166.0,6.38,10.31,15.98,41.8,39.75,2.05,103.34,33.0,1.27,2.05,373.92,14.38,0.49,0.52,0.51,0.3,0.66,0.15,0.59,0.26,0.69,0.47,3.98,1.74,0.09,10.31,0.27
2,桃園台啤永豐雲豹,12|58,曹薰襄/林信寬,31,1744,2102.0,27784.84,463.08,463:05,896.29,14.94,14:56,852.0,27.48,40.53,66.23,847.0,27.32,40.29,65.85,739.0,23.84,35.16,57.45,323.0,10.42,15.37,25.11,526.0,16.97,25.02,40.89,261.0,8.42,12.42,20.29,213.0,6.87,10.13,16.56,62.0,2.0,2.95,4.82,234.0,7.55,11.13,18.19,149.0,4.81,7.09,11.58,122.0,3.94,5.8,9.48,318.0,10.26,15.13,24.72,158.0,5.1,7.52,12.28,327.0,10.55,15.56,25.42,161.0,5.19,7.66,12.52,197.0,6.35,9.37,15.31,83.0,2.68,3.95,6.45,32.0,1.03,1.52,2.49,187.0,6.03,8.9,14.54,188.0,6.06,8.94,14.62,40.53,40.29,0.24,108.94,5.0,0.16,0.24,463.08,14.94,0.48,0.51,0.5,0.29,0.64,0.16,0.61,0.27,0.67,0.48,3.95,1.52,0.09,8.94,0.32
2,桃園台啤永豐雲豹,12|62,曹薰襄/王皓吉,26,560,654.0,8611.41,143.52,143:31,331.21,5.52,05:31,302.0,11.62,46.18,75.75,284.0,10.92,43.43,71.24,225.0,8.65,34.4,56.44,108.0,4.15,16.51,27.09,156.0,6.0,23.85,39.13,83.0,3.19,12.69,20.82,69.0,2.65,10.55,17.31,25.0,0.96,3.82,6.27,82.0,3.15,12.54,20.57,59.0,2.27,9.02,14.8,25.0,0.96,3.82,6.27,97.0,3.73,14.83,24.33,42.0,1.62,6.42,10.53,102.0,3.92,15.6,25.58,46.0,1.77,7.03,11.54,67.0,2.58,10.24,16.81,23.0,0.88,3.52,5.77,7.0,0.27,1.07,1.76,71.0,2.73,10.86,17.81,57.0,2.19,8.72,14.3,46.18,43.43,2.75,109.36,18.0,0.69,2.75,143.52,5.52,0.54,0.58,0.53,0.36,0.72,0.15,0.62,0.2,0.7,0.46,3.52,1.07,0.11,8.72,0.36
2,桃園台啤永豐雲豹,12|68,曹薰襄/克羅馬,28,1058,1235.0,16298.02,271.63,271:38,582.07,9.7,09:42,573.0,20.46,46.4,75.94,545.0,19.46,44.13,72.23,453.0,16.18,36.68,60.04,211.0,7.54,17.09,27.96,296.0,10.57,23.97,39.23,156.0,5.57,12.63,20.67,157.0,5.61,12.71,20.81,55.0,1.96,4.45,7.29,137.0,4.89,11.09,18.16,100.0,3.57,8.1,13.25,62.0,2.21,5.02,8.22,192.0,6.86,15.55,25.45,77.0,2.75,6.23,10.2,182.0,6.5,14.74,24.12,80.0,2.86,6.48,10.6,132.0,4.71,10.69,17.49,46.0,1.64,3.72,6.1,11.0,0.39,0.89,1.46,103.0,3.68,8.34,13.65,128.0,4.57,10.36,16.96,46.4,44.13,2.27,109.12,28.0,1.0,2.27,271.63,9.7,0.53,0.56,0.53,0.35,0.73,0.13,0.63,0.25,0.71,0.5,3.72,0.89,0.08,10.36,0.3
2,桃園台啤永豐雲豹,12|10860,曹薰襄/麥卡洛,22,1367,1653.0,21720.6,362.01,362:01,987.3,16.46,16:27,697.0,31.68,42.17,69.31,639.0,29.05,38.66,63.55,584.0,26.55,35.33,58.08,264.0,12.0,15.97,26.25,414.0,18.82,25.05,41.17,207.0,9.41,12.52,20.59,170.0,7.73,10.28,16.91,57.0,2.59,3.45,5.67,171.0,7.77,10.34,17.01,109.0,4.95,6.59,10.84,101.0,4.59,6.11,10.04,232.0,10.55,14.04,23.07,121.0,5.5,7.32,12.03,263.0,11.95,15.91,26.15,132.0,6.0,7.99,13.13,162.0,7.36,9.8,16.11,70.0,3.18,4.23,6.96,21.0,0.95,1.27,2.09,139.0,6.32,8.41,13.82,149.0,6.77,9.01,14.82,42.17,38.66,3.51,109.59,58.0,2.64,3.51,362.01,16.46,0.5,0.53,0.5,0.34,0.64,0.17,0.61,0.28,0.66,0.46,4.23,1.27,0.08,9.01,0.29
2,桃園台啤永豐雲豹,12|56,曹薰襄/丁冠皓,5,47,57.0,763.52,12.73,12:44,152.7,2.55,02:33,29.0,5.8,50.88,82.04,28.0,5.6,49.12,79.21,20.0,4.0,35.09,56.58,12.0,2.4,21.05,33.95,13.0,2.6,22.81,36.78,10.0,2.0,17.54,28.29,7.0,1.4,12.28,19.8,2.0,0.4,3.51,5.66,5.0,1.0,8.77,14.15,2.0,0.4,3.51,5.66,2.0,0.4,3.51,5.66,8.0,1.6,14.04,22.63,3.0,0.6,5.26,8.49,6.0,1.2,10.53,16.97,3.0,0.6,5.26,8.49,5.0,1.0,8.77,14.15,3.0,0.6,5.26,8.49,0.0,0.0,0.0,0.0,3.0,0.6,5.26,8.49,4.0,0.8,7.02,11.32,50.88,49.12,1.75,107.5,1.0,0.2,1.75,12.73,2.55,0.65,0.65,0.77,0.29,0.4,0.12,0.42,0.25,0.73,0.53,5.26,0.0,0.05,7.02,0.25
2,桃園台啤永豐雲豹,56|62,丁冠皓/王皓吉,1,10,11.0,138.0,2.3,02:18,138.0,2.3,02:18,5.0,5.0,45.45,78.26,7.0,7.0,63.64,109.57,4.0,4.0,36.36,62.61,2.0,2.0,18.18,31.3,3.0,3.0,27.27,46.96,2.0,2.0,18.18,31.3,1.0,1.0,9.09,15.65,0.0,0.0,0.0,0.0,0.0,0.0,0.0,0.0,0.0,0.0,0.0,0.0,0.0,0.0,0.0,0.0,2.0,2.0,18.18,31.3,1.0,1.0,9.09,15.65,2.0,2.0,18.18,31.3,1.0,1.0,9.09,15.65,0.0,0.0,0.0,0.0,1.0,1.0,9.09,15.65,0.0,0.0,0.0,0.0,0.0,0.0,0.0,0.0,2.0,2.0,18.18,31.3,45.45,63.64,-18.18,114.78,-2.0,-2.0,-18.18,2.3,2.3,0.5,0.62,0.67,0.0,,0.2,0.0,0.0,0.67,0.4,9.09,0.0,0.0,18.18,0.0
2,桃園台啤永豐雲豹,56|68,丁冠皓/克羅馬,3,22,23.0,300.0,5.0,05:00,100.0,1.67,01:40,11.0,3.67,47.83,79.2,14.0,4.67,60.87,100.8,9.0,3.0,39.13,64.8,5.0,1.67,21.74,36.0,8.0,2.67,34.78,57.6,5.0,1.67,21.74,36.0,1.0,0.33,4.35,7.2,0.0,0.0,0.0,0.0,0.0,0.0,0.0,0.0,0.0,0.0,0.0,0.0,0.0,0.0,0.0,0.0,4.0,1.33,17.39,28.8,1.0,0.33,4.35,7.2,4.0,1.33,17.39,28.8,2.0,0.67,8.7,14.4,2.0,0.67,8.7,14.4,2.0,0.67,8.7,14.4,1.0,0.33,4.35,7.2,0.0,0.0,0.0,0.0,2.0,0.67,8.7,14.4,47.83,60.87,-13.04,110.4,-3.0,-1.0,-13.04,5.0,1.67,0.56,0.61,0.62,0.0,,0.18,0.4,0.0,0.8,0.44,8.7,4.35,0.0,8.7,0.0
2,桃園台啤永豐雲豹,56|10860,丁冠皓/麥卡洛,4,36,42.0,559.12,9.32,09:19,139.78,2.33,02:20,21.0,5.25,50.0,81.13,25.0,6.25,59.52,96.58,15.0,3.75,35.71,57.95,9.0,2.25,21.43,34.77,11.0,2.75,26.19,42.5,8.0,2.0,19.05,30.91,4.0,1.0,9.52,15.45,1.0,0.25,2.38,3.86,3.0,0.75,7.14,11.59,1.0,0.25,2.38,3.86,1.0,0.25,2.38,3.86,6.0,1.5,14.29,23.18,2.0,0.5,4.76,7.73,6.0,1.5,14.29,23.18,3.0,0.75,7.14,11.59,3.0,0.75,7.14,11.59,3.0,0.75,7.14,11.59,1.0,0.25,2.38,3.86,2.0,0.5,4.76,7.73,2.0,0.5,4.76,7.73,50.0,59.52,-9.52,108.17,-4.0,-1.0,-9.52,9.32,2.33,0.63,0.64,0.73,0.25,0.33,0.16,0.33,0.14,0.75,0.47,7.14,2.38,0.05,4.76,0.2
2,桃園台啤永豐雲豹,12|57,曹薰襄/莊博元,27,662,786.0,10499.27,174.99,174:59,388.86,6.48,06:29,347.0,12.85,44.15,71.39,313.0,11.59,39.82,64.39,274.0,10.15,34.86,56.37,128.0,4.74,16.28,26.33,181.0,6.7,23.03,37.24,94.0,3.48,11.96,19.34,93.0,3.44,11.83,19.13,34.0,1.26,4.33,6.99,93.0,3.44,11.83,19.13,59.0,2.19,7.51,12.14,46.0,1.7,5.85,9.46,109.0,4.04,13.87,22.42,53.0,1.96,6.74,10.9,121.0,4.48,15.39,24.89,64.0,2.37,8.14,13.17,84.0,3.11,10.69,17.28,34.0,1.26,4.33,6.99,10.0,0.37,1.27,2.06,71.0,2.63,9.03,14.61,72.0,2.67,9.16,14.81,44.15,39.82,4.33,107.8,34.0,1.26,4.33,174.99,6.48,0.53,0.55,0.52,0.37,0.63,0.17,0.66,0.28,0.67,0.47,4.33,1.27,0.09,9.16,0.34
2,福爾摩沙夢想家,83|10889,吳家駿/恩尼斯,1,13,15.0,246.72,4.11,04:07,246.72,4.11,04:07,5.0,5.0,33.33,43.77,4.0,4.0,26.67,35.02,6.0,6.0,40.0,52.53,2.0,2.0,13.33,17.51,3.0,3.0,20.0,26.26,1.0,1.0,6.67,8.75,3.0,3.0,20.0,26.26,1.0,1.0,6.67,8.75,0.0,0.0,0.0,0.0,0.0,0.0,0.0,0.0,0.0,0.0,0.0,0.0,4.0,4.0,26.67,35.02,0.0,0.0,0.0,0.0,4.0,4.0,26.67,35.02,1.0,1.0,6.67,8.75,2.0,2.0,13.33,17.51,1.0,1.0,6.67,8.75,0.0,0.0,0.0,0.0,1.0,1.0,6.67,8.75,0.0,0.0,0.0,0.0,33.33,26.67,6.67,87.55,1.0,1.0,6.67,4.11,4.11,0.42,0.42,0.33,0.33,,0.14,1.0,0.0,1.0,0.5,6.67,0.0,0.07,0.0,0.0
2,福爾摩沙夢想家,91|10889,簡偉儒/恩尼斯,2,24,30.0,374.36,6.24,06:14,187.18,3.12,03:07,5.0,2.5,16.67,28.85,16.0,8.0,53.33,92.32,8.0,4.0,26.67,46.16,2.0,1.0,6.67,11.54,3.0,1.5,10.0,17.31,2.0,1.0,6.67,11.54,5.0,2.5,16.67,28.85,0.0,0.0,0.0,0.0,1.0,0.5,3.33,5.77,1.0,0.5,3.33,5.77,0.0,0.0,0.0,0.0,6.0,3.0,20.0,34.62,3.0,1.5,10.0,17.31,5.0,2.5,16.67,28.85,4.0,2.0,13.33,23.08,0.0,0.0,0.0,0.0,3.0,1.5,10.0,17.31,0.0,0.0,0.0,0.0,0.0,0.0,0.0,0.0,4.0,2.0,13.33,23.08,16.67,53.33,-36.67,115.4,-11.0,-5.5,-36.67,6.24,3.12,0.25,0.3,0.67,0.0,1.0,0.32,0.0,0.0,0.67,0.43,10.0,0.0,0.0,13.33,0.12
2,桃園台啤永豐雲豹,12|54,曹薰襄/高錦瑋,28,781,934.0,12586.41,209.77,209:46,449.51,7.49,07:30,404.0,14.43,43.25,69.33,375.0,13.39,40.15,64.36,356.0,12.71,38.12,61.09,149.0,5.32,15.95,25.57,231.0,8.25,24.73,39.64,106.0,3.79,11.35,18.19,125.0,4.46,13.38,21.45,43.0,1.54,4.6,7.38,87.0,3.11,9.31,14.93,62.0,2.21,6.64,10.64,63.0,2.25,6.75,10.81,150.0,5.36,16.06,25.74,62.0,2.21,6.64,10.64,150.0,5.36,16.06,25.74,60.0,2.14,6.42,10.3,98.0,3.5,10.49,16.82,30.0,1.07,3.21,5.15,7.0,0.25,0.75,1.2,80.0,2.86,8.57,13.73,92.0,3.29,9.85,15.79,43.25,40.15,3.1,106.86,29.0,1.04,3.1,209.77,7.49,0.48,0.51,0.46,0.34,0.71,0.13,0.66,0.3,0.71,0.5,3.21,0.75,0.09,9.85,0.24
2,福爾摩沙夢想家,83|95,吳家駿/李德威,8,42,56.0,737.22,12.29,12:17,92.15,1.54,01:32,22.0,2.75,39.29,64.46,23.0,2.88,41.07,67.39,14.0,1.75,25.0,41.02,5.0,0.62,8.93,14.65,6.0,0.75,10.71,17.58,2.0,0.25,3.57,5.86,8.0,1.0,14.29,23.44,3.0,0.38,5.36,8.79,15.0,1.88,26.79,43.95,9.0,1.12,16.07,26.37,1.0,0.12,1.79,2.93,7.0,0.88,12.5,20.51,5.0,0.62,8.93,14.65,9.0,1.12,16.07,26.37,6.0,0.75,10.71,17.58,6.0,0.75,10.71,17.58,2.0,0.25,3.57,5.86,2.0,0.25,3.57,5.86,8.0,1.0,14.29,23.44,4.0,0.5,7.14,11.72,39.29,41.07,-1.79,109.38,-1.0,-0.12,-1.79,12.29,1.54,0.46,0.53,0.33,0.38,0.6,0.23,1.2,0.1,0.58,0.36,3.57,3.57,0.14,7.14,1.07
2,福爾摩沙夢想家,83|101,吳家駿/周柏臣,9,61,80.0,997.61,16.63,16:38,110.85,1.85,01:51,32.0,3.56,40.0,69.29,33.0,3.67,41.25,71.45,22.0,2.44,27.5,47.63,9.0,1.0,11.25,19.49,10.0,1.11,12.5,21.65,5.0,0.56,6.25,10.83,12.0,1.33,15.0,25.98,4.0,0.44,5.0,8.66,16.0,1.78,20.0,34.64,10.0,1.11,12.5,21.65,2.0,0.22,2.5,4.33,10.0,1.11,12.5,21.65,10.0,1.11,12.5,21.65,11.0,1.22,13.75,23.82,7.0,0.78,8.75,15.16,9.0,1.0,11.25,19.49,2.0,0.22,2.5,4.33,2.0,0.22,2.5,4.33,9.0,1.0,11.25,19.49,8.0,0.89,10.0,17.32,40.0,41.25,-1.25,115.48,-1.0,-0.11,-1.25,16.63,1.85,0.5,0.55,0.5,0.33,0.62,0.19,1.0,0.15,0.5,0.36,2.5,2.5,0.11,10.0,0.73
2,福爾摩沙夢想家,91|95,簡偉儒/李德威,5,35,48.0,649.26,10.82,10:49,129.85,2.16,02:10,16.0,3.2,33.33,53.23,24.0,4.8,50.0,79.84,14.0,2.8,29.17,46.58,5.0,1.0,10.42,16.63,8.0,1.6,16.67,26.61,2.0,0.4,4.17,6.65,6.0,1.2,12.5,19.96,3.0,0.6,6.25,9.98,7.0,1.4,14.58,23.29,3.0,0.6,6.25,9.98,3.0,0.6,6.25,9.98,5.0,1.0,10.42,16.63,4.0,0.8,8.33,13.31,7.0,1.4,14.58,23.29,6.0,1.2,12.5,19.96,6.0,1.2,12.5,19.96,2.0,0.4,4.17,6.65,2.0,0.4,4.17,6.65,5.0,1.0,10.42,16.63,6.0,1.2,12.5,19.96,33.33,50.0,-16.67,106.46,-8.0,-1.6,-16.67,10.82,2.16,0.46,0.47,0.25,0.5,0.43,0.26,1.2,0.3,0.56,0.42,4.17,4.17,0.1,12.5,0.5
2,福爾摩沙夢想家,95|101,李德威/周柏臣,10,56,75.0,974.23,16.24,16:14,97.42,1.62,01:37,26.0,2.6,34.67,57.65,32.0,3.2,42.67,70.95,22.0,2.2,29.33,48.78,7.0,0.7,9.33,15.52,12.0,1.2,16.0,26.61,4.0,0.4,5.33,8.87,10.0,1.0,13.33,22.17,3.0,0.3,4.0,6.65,15.0,1.5,20.0,33.26,9.0,0.9,12.0,19.95,3.0,0.3,4.0,6.65,11.0,1.1,14.67,24.39,6.0,0.6,8.0,13.3,12.0,1.2,16.0,26.61,7.0,0.7,9.33,15.52,6.0,0.6,8.0,13.3,3.0,0.3,4.0,6.65,2.0,0.2,2.67,4.43,8.0,0.8,10.67,17.74,7.0,0.7,9.33,15.52,34.67,42.67,-8.0,110.86,-6.0,-0.6,-8.0,16.24,1.62,0.39,0.45,0.33,0.3,0.6,0.2,0.86,0.2,0.65,0.44,4.0,2.67,0.11,9.33,0.68
2,福爾摩沙夢想家,95|103,李德威/忻沃克,5,52,66.0,782.33,13.04,13:02,156.47,2.61,02:36,32.0,6.4,48.48,88.35,24.0,4.8,36.36,66.26,26.0,5.2,39.39,71.79,13.0,2.6,19.7,35.89,18.0,3.6,27.27,49.7,10.0,2.0,15.15,27.61,8.0,1.6,12.12,22.09,3.0,0.6,4.55,8.28,5.0,1.0,7.58,13.8,3.0,0.6,4.55,8.28,6.0,1.2,9.09,16.57,8.0,1.6,12.12,22.09,5.0,1.0,7.58,13.8,10.0,2.0,15.15,27.61,3.0,0.6,4.55,8.28,5.0,1.0,7.58,13.8,0.0,0.0,0.0,0.0,0.0,0.0,0.0,0.0,7.0,1.4,10.61,19.33,16.0,3.2,24.24,44.18,48.48,36.36,12.12,121.48,8.0,1.6,12.12,13.04,2.61,0.56,0.57,0.56,0.38,0.6,0.1,0.38,0.38,0.62,0.48,0.0,0.0,0.11,24.24,0.19
2,福爾摩沙夢想家,95|97,李德威/史承平,8,39,54.0,675.23,11.25,11:15,84.4,1.41,01:24,24.0,3.0,44.44,76.77,17.0,2.12,31.48,54.38,15.0,1.88,27.78,47.98,6.0,0.75,11.11,19.19,8.0,1.0,14.81,25.59,3.0,0.38,5.56,9.6,7.0,0.88,12.96,22.39,3.0,0.38,5.56,9.6,15.0,1.88,27.78,47.98,9.0,1.12,16.67,28.79,3.0,0.38,5.56,9.6,5.0,0.62,9.26,15.99,4.0,0.5,7.41,12.8,9.0,1.12,16.67,28.79,4.0,0.5,7.41,12.8,6.0,0.75,11.11,19.19,2.0,0.25,3.7,6.4,1.0,0.12,1.85,3.2,8.0,1.0,14.81,25.59,4.0,0.5,7.41,12.8,44.44,31.48,12.96,115.16,7.0,0.88,12.96,11.25,1.41,0.5,0.56,0.38,0.43,0.6,0.16,1.0,0.25,0.56,0.38,3.7,1.85,0.15,7.41,1.0
2,桃園台啤永豐雲豹,55|56,汪哲宇/丁冠皓,10,71,97.0,1182.48,19.71,19:42,118.25,1.97,01:58,36.0,3.6,37.11,65.76,33.0,3.3,34.02,60.28,29.0,2.9,29.9,52.97,12.0,1.2,12.37,21.92,14.0,1.4,14.43,25.57,7.0,0.7,7.22,12.79,15.0,1.5,15.46,27.4,5.0,0.5,5.15,9.13,11.0,1.1,11.34,20.09,7.0,0.7,7.22,12.79,9.0,0.9,9.28,16.44,9.0,0.9,9.28,16.44,12.0,1.2,12.37,21.92,13.0,1.3,13.4,23.75,8.0,0.8,8.25,14.61,9.0,0.9,9.28,16.44,5.0,0.5,5.15,9.13,2.0,0.2,2.06,3.65,10.0,1.0,10.31,18.27,17.0,1.7,17.53,31.05,37.11,34.02,3.09,118.12,3.0,0.3,3.09,19.71,1.97,0.5,0.53,0.5,0.33,0.64,0.19,0.75,0.41,0.43,0.42,5.15,2.06,0.1,17.53,0.38
2,桃園台啤永豐雲豹,55|64,汪哲宇/劉元凱,12,90,127.0,1486.51,24.78,24:47,123.88,2.06,02:04,36.0,3.0,28.35,52.31,38.0,3.17,29.92,55.22,32.0,2.67,25.2,46.5,10.0,0.83,7.87,14.53,14.0,1.17,11.02,20.34,5.0,0.42,3.94,7.27,18.0,1.5,14.17,26.16,5.0,0.42,3.94,7.27,17.0,1.42,13.39,24.7,11.0,0.92,8.66,15.98,9.0,0.75,7.09,13.08,15.0,1.25,11.81,21.8,20.0,1.67,15.75,29.06,17.0,1.42,13.39,24.7,15.0,1.25,11.81,21.8,7.0,0.58,5.51,10.17,7.0,0.58,5.51,10.17,1.0,0.08,0.79,1.45,16.0,1.33,12.6,23.25,21.0,1.75,16.54,30.51,28.35,29.92,-1.57,123.03,-2.0,-0.17,-1.57,24.78,2.06,0.39,0.46,0.36,0.28,0.65,0.28,0.7,0.35,0.43,0.39,5.51,0.79,0.13,16.54,0.53
2,桃園台啤永豐雲豹,55|3129,汪哲宇/董永全,5,26,34.0,424.16,7.07,07:04,84.83,1.41,01:25,11.0,2.2,32.35,56.02,12.0,2.4,35.29,61.11,7.0,1.4,20.59,35.65,2.0,0.4,5.88,10.18,6.0,1.2,17.65,30.55,2.0,0.4,5.88,10.18,1.0,0.2,2.94,5.09,0.0,0.0,0.0,0.0,9.0,1.8,26.47,45.83,6.0,1.2,17.65,30.55,1.0,0.2,2.94,5.09,6.0,1.2,17.65,30.55,6.0,1.2,17.65,30.55,6.0,1.2,17.65,30.55,2.0,0.4,5.88,10.18,1.0,0.2,2.94,5.09,0.0,0.0,0.0,0.0,0.0,0.0,0.0,0.0,5.0,1.0,14.71,25.46,4.0,0.8,11.76,20.37,32.35,35.29,-2.94,115.43,-1.0,-0.2,-2.94,7.07,1.41,0.29,0.5,0.33,0.0,0.67,0.15,0.5,0.14,0.5,0.37,0.0,0.0,0.15,11.76,1.29
2,桃園台啤永豐雲豹,55|10884,汪哲宇/徐宏瑋,12,102,143.0,1696.93,28.28,28:17,141.41,2.36,02:21,41.0,3.42,28.67,52.19,41.0,3.42,28.67,52.19,38.0,3.17,26.57,48.37,13.0,1.08,9.09,16.55,18.0,1.5,12.59,22.91,7.0,0.58,4.9,8.91,20.0,1.67,13.99,25.46,6.0,0.5,4.2,7.64,15.0,1.25,10.49,19.09,9.0,0.75,6.29,11.46,11.0,0.92,7.69,14.0,16.0,1.33,11.19,20.37,20.0,1.67,13.99,25.46,22.0,1.83,15.38,28.0,18.0,1.5,12.59,22.91,10.0,0.83,6.99,12.73,9.0,0.75,6.29,11.46,3.0,0.25,2.1,3.82,11.0,0.92,7.69,14.0,21.0,1.75,14.69,26.73,28.67,28.67,0.0,121.35,0.0,0.0,0.0,28.28,2.36,0.42,0.46,0.39,0.3,0.6,0.29,0.77,0.33,0.44,0.39,6.29,2.1,0.08,14.69,0.39
2,桃園台啤永豐雲豹,56|64,丁冠皓/劉元凱,10,67,92.0,1113.11,18.55,18:33,111.31,1.86,01:51,34.0,3.4,36.96,65.98,28.0,2.8,30.43,54.33,27.0,2.7,29.35,52.39,10.0,1.0,10.87,19.41,11.0,1.1,11.96,21.35,4.0,0.4,4.35,7.76,16.0,1.6,17.39,31.05,6.0,0.6,6.52,11.64,12.0,1.2,13.04,23.29,8.0,0.8,8.7,15.52,8.0,0.8,8.7,15.52,11.0,1.1,11.96,21.35,12.0,1.2,13.04,23.29,9.0,0.9,9.78,17.46,8.0,0.8,8.7,15.52,8.0,0.8,8.7,15.52,5.0,0.5,5.43,9.7,1.0,0.1,1.09,1.94,10.0,1.0,10.87,19.41,15.0,1.5,16.3,29.11,36.96,30.43,6.52,119.02,6.0,0.6,6.52,18.55,1.86,0.48,0.53,0.36,0.38,0.67,0.2,0.8,0.47,0.48,0.48,5.43,1.09,0.11,16.3,0.44
2,桃園台啤永豐雲豹,56|3129,丁冠皓/董永全,2,17,23.0,312.05,5.2,05:12,156.03,2.6,02:36,10.0,5.0,43.48,69.22,6.0,3.0,26.09,41.53,6.0,3.0,26.09,41.53,3.0,1.5,13.04,20.77,3.0,1.5,13.04,20.77,2.0,1.0,8.7,13.84,3.0,1.5,13.04,20.77,1.0,0.5,4.35,6.92,7.0,3.5,30.43,48.45,3.0,1.5,13.04,20.77,1.0,0.5,4.35,6.92,6.0,3.0,26.09,41.53,1.0,0.5,4.35,6.92,2.0,1.0,8.7,13.84,1.0,0.5,4.35,6.92,2.0,1.0,8.7,13.84,0.0,0.0,0.0,0.0,0.0,0.0,0.0,0.0,4.0,2.0,17.39,27.69,2.0,1.0,8.7,13.84,43.48,26.09,17.39,106.14,4.0,2.0,17.39,5.2,2.6,0.58,0.55,0.67,0.33,0.43,0.1,0.67,0.33,0.86,0.7,0.0,0.0,0.17,8.7,1.17
2,桃園台啤永豐雲豹,56|10884,丁冠皓/徐宏瑋,10,83,112.0,1382.13,23.04,23:02,138.21,2.3,02:18,45.0,4.5,40.18,70.33,36.0,3.6,32.14,56.26,35.0,3.5,31.25,54.7,15.0,1.5,13.39,23.44,17.0,1.7,15.18,26.57,9.0,0.9,8.04,14.07,18.0,1.8,16.07,28.13,6.0,0.6,5.36,9.38,16.0,1.6,14.29,25.0,9.0,0.9,8.04,14.07,10.0,1.0,8.93,15.63,14.0,1.4,12.5,21.88,11.0,1.1,9.82,17.19,14.0,1.4,12.5,21.88,8.0,0.8,7.14,12.5,11.0,1.1,9.82,17.19,5.0,0.5,4.46,7.81,2.0,0.2,1.79,3.13,13.0,1.3,11.61,20.32,15.0,1.5,13.39,23.44,40.18,32.14,8.04,116.69,9.0,0.9,8.04,23.04,2.3,0.51,0.54,0.53,0.33,0.56,0.16,0.73,0.42,0.56,0.49,4.46,1.79,0.12,13.39,0.46
2,桃園台啤永豐雲豹,64|3129,劉元凱/董永全,4,23,30.0,402.94,6.72,06:43,100.73,1.68,01:41,12.0,3.0,40.0,64.33,8.0,2.0,26.67,42.88,6.0,1.5,20.0,32.16,3.0,0.75,10.0,16.08,4.0,1.0,13.33,21.44,2.0,0.5,6.67,10.72,2.0,0.5,6.67,10.72,1.0,0.25,3.33,5.36,8.0,2.0,26.67,42.88,4.0,1.0,13.33,21.44,0.0,0.0,0.0,0.0,6.0,1.5,20.0,32.16,4.0,1.0,13.33,21.44,3.0,0.75,10.0,16.08,2.0,0.5,6.67,10.72,2.0,0.5,6.67,10.72,0.0,0.0,0.0,0.0,0.0,0.0,0.0,0.0,5.0,1.25,16.67,26.8,2.0,0.5,6.67,10.72,40.0,26.67,13.33,107.21,4.0,1.0,13.33,6.72,1.68,0.58,0.63,0.5,0.5,0.5,0.17,0.67,0.0,0.6,0.46,0.0,0.0,0.17,6.67,1.33
2,桃園台啤永豐雲豹,64|10884,劉元凱/徐宏瑋,11,100,138.0,1642.85,27.38,27:23,149.35,2.49,02:29,39.0,3.55,28.26,51.28,38.0,3.45,27.54,49.96,37.0,3.36,26.81,48.65,12.0,1.09,8.7,15.78,16.0,1.45,11.59,21.04,6.0,0.55,4.35,7.89,21.0,1.91,15.22,27.61,6.0,0.55,4.35,7.89,14.0,1.27,10.14,18.41,9.0,0.82,6.52,11.83,9.0,0.82,6.52,11.83,18.0,1.64,13.04,23.67,19.0,1.73,13.77,24.98,19.0,1.73,13.77,24.98,18.0,1.64,13.04,23.67,9.0,0.82,6.52,11.83,9.0,0.82,6.52,11.83,1.0,0.09,0.72,1.31,13.0,1.18,9.42,17.09,19.0,1.73,13.77,24.98,28.26,27.54,0.72,120.96,1.0,0.09,0.72,27.38,2.49,0.41,0.45,0.38,0.29,0.64,0.29,0.75,0.32,0.49,0.42,6.52,0.72,0.09,13.77,0.38
2,桃園台啤永豐雲豹,3129|10884,董永全/徐宏瑋,9,66,85.0,1116.31,18.61,18:36,124.03,2.07,02:04,36.0,4.0,42.35,69.66,28.0,3.11,32.94,54.18,24.0,2.67,28.24,46.44,14.0,1.56,16.47,27.09,16.0,1.78,18.82,30.96,11.0,1.22,12.94,21.28,8.0,0.89,9.41,15.48,3.0,0.33,3.53,5.8,9.0,1.0,10.59,17.41,5.0,0.56,5.88,9.67,2.0,0.22,2.35,3.87,12.0,1.33,14.12,23.22,10.0,1.11,11.76,19.35,16.0,1.78,18.82,30.96,7.0,0.78,8.24,13.54,9.0,1.0,10.59,17.41,3.0,0.33,3.53,5.8,1.0,0.11,1.18,1.93,8.0,0.89,9.41,15.48,14.0,1.56,16.47,27.09,42.35,32.94,9.41,109.65,8.0,0.89,9.41,18.61,2.07,0.65,0.64,0.69,0.38,0.56,0.2,0.64,0.11,0.55,0.35,3.53,1.18,0.09,16.47,0.38
2,臺北台新戰神,4|5,張兆辰/黃聰翰,11,281,336.0,4773.08,79.55,79:33,433.92,7.23,07:14,143.0,13.0,42.56,64.71,167.0,15.18,49.7,75.57,118.0,10.73,35.12,53.4,54.0,4.91,16.07,24.44,65.0,5.91,19.35,29.41,36.0,3.27,10.71,16.29,53.0,4.82,15.77,23.98,18.0,1.64,5.36,8.15,22.0,2.0,6.55,9.96,17.0,1.55,5.06,7.69,19.0,1.73,5.65,8.6,49.0,4.45,14.58,22.17,23.0,2.09,6.85,10.41,44.0,4.0,13.1,19.91,29.0,2.64,8.63,13.12,26.0,2.36,7.74,11.77,18.0,1.64,5.36,8.15,4.0,0.36,1.19,1.81,28.0,2.55,8.33,12.67,43.0,3.91,12.8,19.46,42.56,49.7,-7.14,101.37,-24.0,-2.18,-7.14,79.55,7.23,0.53,0.56,0.55,0.34,0.77,0.19,0.48,0.3,0.68,0.5,5.36,1.19,0.08,12.8,0.19
2,臺北台新戰神,4|10,張兆辰/雷蒙恩,12,494,604.0,8483.74,141.4,141:24,706.98,11.78,11:47,261.0,21.75,43.21,66.45,292.0,24.33,48.34,74.34,217.0,18.08,35.93,55.25,95.0,7.92,15.73,24.19,126.0,10.5,20.86,32.08,61.0,5.08,10.1,15.53,91.0,7.58,15.07,23.17,34.0,2.83,5.63,8.66,60.0,5.0,9.93,15.28,37.0,3.08,6.13,9.42,44.0,3.67,7.28,11.2,88.0,7.33,14.57,22.41,34.0,2.83,5.63,8.66,85.0,7.08,14.07,21.64,51.0,4.25,8.44,12.98,47.0,3.92,7.78,11.97,30.0,2.5,4.97,7.64,9.0,0.75,1.49,2.29,54.0,4.5,8.94,13.75,46.0,3.83,7.62,11.71,43.21,48.34,-5.13,102.52,-31.0,-2.58,-5.13,141.4,11.78,0.52,0.54,0.48,0.37,0.62,0.17,0.49,0.34,0.72,0.53,4.97,1.49,0.09,7.62,0.28
2,臺北台新戰神,4|10868,張兆辰/齊曼加,6,335,423.0,5727.61,95.46,95:28,954.6,15.91,15:55,180.0,30.0,42.55,67.88,196.0,32.67,46.34,73.92,154.0,25.67,36.41,58.08,68.0,11.33,16.08,25.64,94.0,15.67,22.22,35.45,45.0,7.5,10.64,16.97,60.0,10.0,14.18,22.63,23.0,3.83,5.44,8.67,37.0,6.17,8.75,13.95,23.0,3.83,5.44,8.67,34.0,5.67,8.04,12.82,58.0,9.67,13.71,21.87,29.0,4.83,6.86,10.94,59.0,9.83,13.95,22.25,40.0,6.67,9.46,15.08,30.0,5.0,7.09,11.31,23.0,3.83,5.44,8.67,7.0,1.17,1.65,2.64,34.0,5.67,8.04,12.82,41.0,6.83,9.69,15.46,42.55,46.34,-3.78,106.35,-16.0,-2.67,-3.78,95.46,15.91,0.52,0.53,0.48,0.38,0.62,0.19,0.44,0.37,0.67,0.51,5.44,1.65,0.08,9.69,0.24
2,臺北台新戰神,4|10870,張兆辰/洛夫頓,8,588,724.0,10134.78,168.91,168:55,1266.85,21.11,21:07,326.0,40.75,45.03,69.48,346.0,43.25,47.79,73.74,271.0,33.88,37.43,57.76,123.0,15.38,16.99,26.21,157.0,19.62,21.69,33.46,78.0,9.75,10.77,16.62,114.0,14.25,15.75,24.3,45.0,5.62,6.22,9.59,56.0,7.0,7.73,11.94,34.0,4.25,4.7,7.25,54.0,6.75,7.46,11.51,104.0,13.0,14.36,22.17,46.0,5.75,6.35,9.8,104.0,13.0,14.36,22.17,59.0,7.38,8.15,12.57,54.0,6.75,7.46,11.51,34.0,4.25,4.7,7.25,11.0,1.38,1.52,2.34,58.0,7.25,8.01,12.36,70.0,8.75,9.67,14.92,45.03,47.79,-2.76,102.87,-20.0,-2.5,-2.76,168.91,21.11,0.54,0.55,0.5,0.39,0.61,0.17,0.44,0.34,0.69,0.51,4.7,1.52,0.08,9.67,0.21
2,臺北台新戰神,5|10,黃聰翰/雷蒙恩,23,1116,1324.0,19054.42,317.57,317:34,828.45,13.81,13:48,581.0,25.26,43.88,65.86,625.0,27.17,47.21,70.85,439.0,19.09,33.16,49.76,194.0,8.43,14.65,21.99,244.0,10.61,18.43,27.66,128.0,5.57,9.67,14.51,195.0,8.48,14.73,22.11,66.0,2.87,4.98,7.48,172.0,7.48,12.99,19.5,129.0,5.61,9.74,14.62,63.0,2.74,4.76,7.14,193.0,8.39,14.58,21.88,81.0,3.52,6.12,9.18,197.0,8.57,14.88,22.33,112.0,4.87,8.46,12.7,114.0,4.96,8.61,12.92,63.0,2.74,4.76,7.14,15.0,0.65,1.13,1.7,135.0,5.87,10.2,15.3,149.0,6.48,11.25,16.89,43.88,47.21,-3.32,100.06,-44.0,-1.91,-3.32,317.57,13.81,0.52,0.56,0.52,0.34,0.75,0.18,0.59,0.24,0.7,0.48,4.76,1.13,0.1,11.25,0.39
2,臺北台新戰神,5|10868,黃聰翰/齊曼加,5,229,271.0,3972.11,66.2,66:12,794.42,13.24,13:14,128.0,25.6,47.23,69.61,123.0,24.6,45.39,66.89,95.0,19.0,35.06,51.66,47.0,9.4,17.34,25.56,48.0,9.6,17.71,26.1,28.0,5.6,10.33,15.23,47.0,9.4,17.34,25.56,19.0,3.8,7.01,10.33,27.0,5.4,9.96,14.68,16.0,3.2,5.9,8.7,18.0,3.6,6.64,9.79,34.0,6.8,12.55,18.49,17.0,3.4,6.27,9.24,35.0,7.0,12.92,19.03,27.0,5.4,9.96,14.68,29.0,5.8,10.7,15.77,16.0,3.2,5.9,8.7,3.0,0.6,1.11,1.63,26.0,5.2,9.59,14.14,32.0,6.4,11.81,17.4,47.23,45.39,1.85,98.24,5.0,1.0,1.85,66.2,13.24,0.59,0.6,0.58,0.4,0.59,0.2,0.62,0.34,0.67,0.5,5.9,1.11,0.1,11.81,0.28
2,臺北台新戰神,5|10870,黃聰翰/洛夫頓,6,255,311.0,4192.39,69.87,69:52,698.73,11.65,11:39,157.0,26.17,50.48,80.89,171.0,28.5,54.98,88.1,114.0,19.0,36.66,58.73,58.0,9.67,18.65,29.88,61.0,10.17,19.61,31.43,34.0,5.67,10.93,17.52,53.0,8.83,17.04,27.31,24.0,4.0,7.72,12.37,21.0,3.5,6.75,10.82,17.0,2.83,5.47,8.76,21.0,3.5,6.75,10.82,37.0,6.17,11.9,19.06,19.0,3.17,6.11,9.79,38.0,6.33,12.22,19.58,29.0,4.83,9.32,14.94,27.0,4.5,8.68,13.91,19.0,3.17,6.11,9.79,4.0,0.67,1.29,2.06,25.0,4.17,8.04,12.88,40.0,6.67,12.86,20.61,50.48,54.98,-4.5,106.82,-14.0,-2.33,-4.5,69.87,11.65,0.61,0.64,0.56,0.45,0.81,0.19,0.47,0.36,0.66,0.5,6.11,1.29,0.08,12.86,0.18
2,臺北台新戰神,10|10868,雷蒙恩/齊曼加,7,610,753.0,10288.38,171.47,171:28,1469.77,24.5,24:30,306.0,43.71,40.64,64.24,326.0,46.57,43.29,68.44,270.0,38.57,35.86,56.69,109.0,15.57,14.48,22.88,173.0,24.71,22.97,36.32,79.0,11.29,10.49,16.59,97.0,13.86,12.88,20.36,30.0,4.29,3.98,6.3,85.0,12.14,11.29,17.85,58.0,8.29,7.7,12.18,67.0,9.57,8.9,14.07,104.0,14.86,13.81,21.83,51.0,7.29,6.77,10.71,103.0,14.71,13.68,21.62,66.0,9.43,8.76,13.86,61.0,8.71,8.1,12.81,34.0,4.86,4.52,7.14,8.0,1.14,1.06,1.68,81.0,11.57,10.76,17.01,67.0,9.57,8.9,14.07,40.64,43.29,-2.66,105.39,-20.0,-2.86,-2.66,171.47,24.5,0.46,0.5,0.46,0.31,0.68,0.18,0.56,0.39,0.67,0.53,4.52,1.06,0.11,8.9,0.31
2,臺北台新戰神,10|10870,雷蒙恩/洛夫頓,7,703,857.0,11482.97,191.38,191:23,1640.42,27.34,27:20,397.0,56.71,46.32,74.68,424.0,60.57,49.47,79.76,322.0,46.0,37.57,60.57,145.0,20.71,16.92,27.28,175.0,25.0,20.42,32.92,94.0,13.43,10.97,17.68,147.0,21.0,17.15,27.65,51.0,7.29,5.95,9.59,76.0,10.86,8.87,14.3,52.0,7.43,6.07,9.78,63.0,9.0,7.35,11.85,123.0,17.57,14.35,23.14,48.0,6.86,5.6,9.03,116.0,16.57,13.54,21.82,64.0,9.14,7.47,12.04,62.0,8.86,7.23,11.66,33.0,4.71,3.85,6.21,10.0,1.43,1.17,1.88,81.0,11.57,9.45,15.24,85.0,12.14,9.92,15.99,46.32,49.47,-3.15,107.47,-27.0,-3.86,-3.15,191.38,27.34,0.53,0.56,0.54,0.35,0.68,0.15,0.43,0.35,0.72,0.53,3.85,1.17,0.09,9.92,0.24
2,臺北台新戰神,10868|10870,齊曼加/洛夫頓,6,425,530.0,7333.85,122.23,122:14,1222.31,20.37,20:22,231.0,38.5,43.58,68.04,246.0,41.0,46.42,72.45,198.0,33.0,37.36,58.32,87.0,14.5,16.42,25.62,113.0,18.83,21.32,33.28,55.0,9.17,10.38,16.2,85.0,14.17,16.04,25.03,32.0,5.33,6.04,9.42,40.0,6.67,7.55,11.78,26.0,4.33,4.91,7.66,45.0,7.5,8.49,13.25,73.0,12.17,13.77,21.5,34.0,5.67,6.42,10.01,75.0,12.5,14.15,22.09,48.0,8.0,9.06,14.14,38.0,6.33,7.17,11.19,27.0,4.5,5.09,7.95,9.0,1.5,1.7,2.65,48.0,8.0,9.06,14.14,52.0,8.67,9.81,15.32,43.58,46.42,-2.83,104.07,-15.0,-2.5,-2.83,122.23,20.37,0.52,0.54,0.49,0.38,0.65,0.18,0.44,0.38,0.68,0.52,5.09,1.7,0.09,9.81,0.2
2,臺北台新戰神,4|14,張兆辰/錢肯尼,13,408,510.0,7012.13,116.87,116:52,539.39,8.99,08:59,217.0,16.69,42.55,66.84,249.0,19.15,48.82,76.7,188.0,14.46,36.86,57.91,86.0,6.62,16.86,26.49,112.0,8.62,21.96,34.5,61.0,4.69,11.96,18.79,76.0,5.85,14.9,23.41,25.0,1.92,4.9,7.7,31.0,2.38,6.08,9.55,18.0,1.38,3.53,5.54,32.0,2.46,6.27,9.86,75.0,5.77,14.71,23.1,42.0,3.23,8.24,12.94,73.0,5.62,14.31,22.49,40.0,3.08,7.84,12.32,39.0,3.0,7.65,12.01,21.0,1.62,4.12,6.47,5.0,0.38,0.98,1.54,38.0,2.92,7.45,11.71,48.0,3.69,9.41,14.79,42.55,48.82,-6.27,104.73,-32.0,-2.46,-6.27,116.87,8.99,0.52,0.54,0.54,0.33,0.58,0.17,0.45,0.3,0.64,0.48,4.12,0.98,0.07,9.41,0.16
2,臺北台新戰神,5|14,黃聰翰/錢肯尼,22,867,1032.0,14310.7,238.51,238:31,650.49,10.84,10:50,502.0,22.82,48.64,75.77,473.0,21.5,45.83,71.39,376.0,17.09,36.43,56.75,173.0,7.86,16.76,26.11,214.0,9.73,20.74,32.3,109.0,4.95,10.56,16.45,162.0,7.36,15.7,24.45,64.0,2.91,6.2,9.66,119.0,5.41,11.53,17.96,91.0,4.14,8.82,13.74,62.0,2.82,6.01,9.36,150.0,6.82,14.53,22.64,61.0,2.77,5.91,9.21,161.0,7.32,15.6,24.3,68.0,3.09,6.59,10.26,93.0,4.23,9.01,14.04,41.0,1.86,3.97,6.19,18.0,0.82,1.74,2.72,92.0,4.18,8.91,13.89,81.0,3.68,7.85,12.23,48.64,45.83,2.81,103.84,29.0,1.32,2.81,238.51,10.84,0.55,0.59,0.51,0.4,0.76,0.14,0.54,0.28,0.71,0.49,3.97,1.74,0.09,7.85,0.32
2,臺北台新戰神,14|10868,錢肯尼/齊曼加,8,466,585.0,7918.53,131.98,131:59,989.82,16.5,16:30,255.0,31.88,43.59,69.56,263.0,32.88,44.96,71.74,211.0,26.38,36.07,57.56,98.0,12.25,16.75,26.73,140.0,17.5,23.93,38.19,73.0,9.12,12.48,19.91,71.0,8.88,12.14,19.37,25.0,3.12,4.27,6.82,55.0,6.88,9.4,15.0,39.0,4.88,6.67,10.64,50.0,6.25,8.55,13.64,67.0,8.38,11.45,18.28,46.0,5.75,7.86,12.55,81.0,10.12,13.85,22.1,53.0,6.62,9.06,14.46,45.0,5.62,7.69,12.28,30.0,3.75,5.13,8.18,7.0,0.88,1.2,1.91,56.0,7.0,9.57,15.28,58.0,7.25,9.91,15.82,43.59,44.96,-1.37,106.38,-8.0,-1.0,-1.37,131.98,16.5,0.52,0.54,0.52,0.35,0.71,0.18,0.46,0.38,0.59,0.48,5.13,1.2,0.1,9.91,0.26
2,臺北台新戰神,14|10870,錢肯尼/洛夫頓,8,753,922.0,12783.33,213.06,213:03,1597.92,26.63,26:38,399.0,49.88,43.28,67.42,440.0,55.0,47.72,74.35,345.0,43.12,37.42,58.29,149.0,18.62,16.16,25.18,200.0,25.0,21.69,33.79,103.0,12.88,11.17,17.4,145.0,18.12,15.73,24.5,46.0,5.75,4.99,7.77,80.0,10.0,8.68,13.52,56.0,7.0,6.07,9.46,58.0,7.25,6.29,9.8,144.0,18.0,15.62,24.33,63.0,7.88,6.83,10.65,120.0,15.0,13.02,20.28,66.0,8.25,7.16,11.15,60.0,7.5,6.51,10.14,39.0,4.88,4.23,6.59,16.0,2.0,1.74,2.7,76.0,9.5,8.24,12.84,97.0,12.12,10.52,16.39,43.28,47.72,-4.45,103.86,-41.0,-5.12,-4.45,213.06,26.63,0.5,0.52,0.52,0.32,0.7,0.15,0.4,0.33,0.7,0.52,4.23,1.74,0.08,10.52,0.23
2,新北國王,34|867,沃許本/桑尼,1,71,81.0,1117.14,18.62,18:37,1117.14,18.62,18:37,39.0,39.0,48.15,75.41,37.0,37.0,45.68,71.54,28.0,28.0,34.57,54.14,13.0,13.0,16.05,25.14,15.0,15.0,18.52,29.0,7.0,7.0,8.64,13.53,13.0,13.0,16.05,25.14,6.0,6.0,7.41,11.6,8.0,8.0,9.88,15.47,7.0,7.0,8.64,13.53,5.0,5.0,6.17,9.67,9.0,9.0,11.11,17.4,1.0,1.0,1.23,1.93,12.0,12.0,14.81,23.2,10.0,10.0,12.35,19.34,10.0,10.0,12.35,19.34,4.0,4.0,4.94,7.73,0.0,0.0,0.0,0.0,10.0,10.0,12.35,19.34,6.0,6.0,7.41,11.6,48.15,45.68,2.47,104.41,2.0,2.0,2.47,18.62,18.62,0.57,0.62,0.47,0.46,0.88,0.24,0.77,0.29,0.9,0.52,4.94,0.0,0.12,7.41,0.29
2,臺北台新戰神,10|13,雷蒙恩/陳冠全,12,274,325.0,4356.37,72.61,72:36,363.03,6.05,06:03,155.0,12.92,47.69,76.85,167.0,13.92,51.38,82.8,121.0,10.08,37.23,59.99,54.0,4.5,16.62,26.77,62.0,5.17,19.08,30.74,36.0,3.0,11.08,17.85,59.0,4.92,18.15,29.25,18.0,1.5,5.54,8.92,33.0,2.75,10.15,16.36,27.0,2.25,8.31,13.39,19.0,1.58,5.85,9.42,49.0,4.08,15.08,24.3,23.0,1.92,7.08,11.4,46.0,3.83,14.15,22.81,18.0,1.5,5.54,8.92,30.0,2.5,9.23,14.87,9.0,0.75,2.77,4.46,5.0,0.42,1.54,2.48,29.0,2.42,8.92,14.38,40.0,3.33,12.31,19.83,47.69,51.38,-3.69,107.43,-12.0,-1.0,-3.69,72.61,6.05,0.52,0.57,0.58,0.31,0.82,0.12,0.56,0.29,0.68,0.5,2.77,1.54,0.09,12.31,0.27
2,臺北台新戰神,10|14,雷蒙恩/錢肯尼,26,1729,2087.0,28920.71,482.01,482:01,1112.33,18.54,18:32,939.0,36.12,44.99,70.13,984.0,37.85,47.15,73.49,762.0,29.31,36.51,56.91,344.0,13.23,16.48,25.69,468.0,18.0,22.42,34.95,247.0,9.5,11.84,18.45,294.0,11.31,14.09,21.96,97.0,3.73,4.65,7.24,216.0,8.31,10.35,16.13,149.0,5.73,7.14,11.13,135.0,5.19,6.47,10.08,301.0,11.58,14.42,22.48,127.0,4.88,6.09,9.49,310.0,11.92,14.85,23.15,147.0,5.65,7.04,10.98,185.0,7.12,8.86,13.82,84.0,3.23,4.02,6.27,29.0,1.12,1.39,2.17,197.0,7.58,9.44,14.71,189.0,7.27,9.06,14.12,44.99,47.15,-2.16,103.91,-45.0,-1.73,-2.16,482.01,18.54,0.52,0.55,0.53,0.33,0.69,0.15,0.54,0.3,0.7,0.5,4.02,1.39,0.09,9.06,0.28
2,臺北台新戰神,10|10869,雷蒙恩/基德,16,1357,1649.0,22416.75,373.61,373:37,1401.05,23.35,23:21,768.0,48.0,46.57,74.0,772.0,48.25,46.82,74.39,594.0,37.12,36.02,57.24,266.0,16.62,16.13,25.63,324.0,20.25,19.65,31.22,171.0,10.69,10.37,16.48,270.0,16.88,16.37,26.02,95.0,5.94,5.76,9.15,200.0,12.5,12.13,19.27,139.0,8.69,8.43,13.39,99.0,6.19,6.0,9.54,242.0,15.12,14.68,23.32,113.0,7.06,6.85,10.89,223.0,13.94,13.52,21.49,110.0,6.88,6.67,10.6,160.0,10.0,9.7,15.42,58.0,3.62,3.52,5.59,22.0,1.38,1.33,2.12,171.0,10.69,10.37,16.48,192.0,12.0,11.64,18.5,46.57,46.82,-0.24,105.93,-4.0,-0.25,-0.24,373.61,23.35,0.53,0.56,0.53,0.35,0.7,0.14,0.6,0.31,0.68,0.5,3.52,1.33,0.1,11.64,0.34
2,臺北台新戰神,13|14,陳冠全/錢肯尼,12,206,237.0,3198.04,53.3,53:18,266.5,4.44,04:27,98.0,8.17,41.35,66.19,126.0,10.5,53.16,85.1,82.0,6.83,34.6,55.38,36.0,3.0,15.19,24.31,47.0,3.92,19.83,31.74,24.0,2.0,10.13,16.21,35.0,2.92,14.77,23.64,12.0,1.0,5.06,8.1,24.0,2.0,10.13,16.21,14.0,1.17,5.91,9.46,10.0,0.83,4.22,6.75,40.0,3.33,16.88,27.02,10.0,0.83,4.22,6.75,34.0,2.83,14.35,22.96,22.0,1.83,9.28,14.86,18.0,1.5,7.59,12.16,12.0,1.0,5.06,8.1,5.0,0.42,2.11,3.38,22.0,1.83,9.28,14.86,22.0,1.83,9.28,14.86,41.35,53.16,-11.81,106.72,-28.0,-2.33,-11.81,53.3,4.44,0.51,0.53,0.51,0.34,0.58,0.19,0.5,0.23,0.8,0.53,5.06,2.11,0.09,9.28,0.29
2,臺北台新戰神,13|10869,陳冠全/基德,4,131,156.0,2025.65,33.76,33:46,506.41,8.44,08:26,75.0,18.75,48.08,79.97,80.0,20.0,51.28,85.31,58.0,14.5,37.18,61.85,27.0,6.75,17.31,28.79,33.0,8.25,21.15,35.19,17.0,4.25,10.9,18.13,25.0,6.25,16.03,26.66,10.0,2.5,6.41,10.66,16.0,4.0,10.26,17.06,13.0,3.25,8.33,13.86,9.0,2.25,5.77,9.6,25.0,6.25,16.03,26.66,11.0,2.75,7.05,11.73,20.0,5.0,12.82,21.33,11.0,2.75,7.05,11.73,14.0,3.5,8.97,14.93,5.0,1.25,3.21,5.33,1.0,0.25,0.64,1.07,15.0,3.75,9.62,15.99,20.0,5.0,12.82,21.33,48.08,51.28,-3.21,110.9,-5.0,-1.25,-3.21,33.76,8.44,0.55,0.58,0.52,0.4,0.81,0.14,0.52,0.31,0.69,0.52,3.21,0.64,0.1,12.82,0.28
2,臺北台新戰神,13|10870,陳冠全/洛夫頓,5,159,190.0,2467.13,41.12,41:07,493.43,8.22,08:13,90.0,18.0,47.37,78.8,106.0,21.2,55.79,92.8,68.0,13.6,35.79,59.53,32.0,6.4,16.84,28.02,40.0,8.0,21.05,35.02,20.0,4.0,10.53,17.51,28.0,5.6,14.74,24.51,12.0,2.4,6.32,10.51,21.0,4.2,11.05,18.39,16.0,3.2,8.42,14.01,10.0,2.0,5.26,8.76,31.0,6.2,16.32,27.14,11.0,2.2,5.79,9.63,23.0,4.6,12.11,20.14,16.0,3.2,8.42,14.01,15.0,3.0,7.89,13.13,10.0,2.0,5.26,8.76,2.0,0.4,1.05,1.75,17.0,3.4,8.95,14.88,24.0,4.8,12.63,21.01,47.37,55.79,-8.42,110.9,-16.0,-3.2,-8.42,41.12,8.22,0.56,0.58,0.5,0.43,0.76,0.17,0.47,0.3,0.74,0.55,5.26,1.05,0.09,12.63,0.31
2,臺北台新戰神,14|10869,錢肯尼/基德,16,1237,1482.0,19872.02,331.2,331:12,1242.0,20.7,20:42,663.0,41.44,44.74,72.07,646.0,40.38,43.59,70.22,518.0,32.38,34.95,56.3,224.0,14.0,15.11,24.35,292.0,18.25,19.7,31.74,144.0,9.0,9.72,15.65,226.0,14.12,15.25,24.57,80.0,5.0,5.4,8.7,178.0,11.12,12.01,19.35,133.0,8.31,8.97,14.46,84.0,5.25,5.67,9.13,213.0,13.31,14.37,23.15,96.0,6.0,6.48,10.43,199.0,12.44,13.43,21.63,115.0,7.19,7.76,12.5,133.0,8.31,8.97,14.46,57.0,3.56,3.85,6.2,24.0,1.5,1.62,2.61,146.0,9.12,9.85,15.87,152.0,9.5,10.26,16.52,44.74,43.59,1.15,107.39,17.0,1.06,1.15,331.2,20.7,0.51,0.56,0.49,0.35,0.75,0.16,0.59,0.3,0.69,0.5,3.85,1.62,0.1,10.26,0.34
2,臺北台新戰神,10869|10870,基德/洛夫頓,6,423,511.0,6189.0,103.15,103:09,1031.5,17.19,17:12,218.0,36.33,42.66,76.08,247.0,41.17,48.34,86.2,189.0,31.5,36.99,65.96,76.0,12.67,14.87,26.52,91.0,15.17,17.81,31.76,46.0,7.67,9.0,16.05,98.0,16.33,19.18,34.2,30.0,5.0,5.87,10.47,50.0,8.33,9.78,17.45,36.0,6.0,7.05,12.56,27.0,4.5,5.28,9.42,88.0,14.67,17.22,30.71,35.0,5.83,6.85,12.22,64.0,10.67,12.52,22.34,32.0,5.33,6.26,11.17,32.0,5.33,6.26,11.17,14.0,2.33,2.74,4.89,7.0,1.17,1.37,2.44,49.0,8.17,9.59,17.1,69.0,11.5,13.5,24.08,42.66,48.34,-5.68,118.89,-29.0,-4.83,-5.68,103.15,17.19,0.48,0.52,0.51,0.31,0.72,0.13,0.42,0.3,0.72,0.54,2.74,1.37,0.1,13.5,0.26
2,臺北台新戰神,3|10,陳文宏/雷蒙恩,19,330,393.0,5138.27,85.64,85:38,270.44,4.51,04:30,163.0,8.58,41.48,68.52,188.0,9.89,47.84,79.03,133.0,7.0,33.84,55.91,56.0,2.95,14.25,23.54,70.0,3.68,17.81,29.43,40.0,2.11,10.18,16.82,63.0,3.32,16.03,26.48,16.0,0.84,4.07,6.73,55.0,2.89,13.99,23.12,38.0,2.0,9.67,15.97,22.0,1.16,5.6,9.25,64.0,3.37,16.28,26.9,28.0,1.47,7.12,11.77,58.0,3.05,14.76,24.38,25.0,1.32,6.36,10.51,26.0,1.37,6.62,10.93,17.0,0.89,4.33,7.15,6.0,0.32,1.53,2.52,39.0,2.05,9.92,16.39,52.0,2.74,13.23,21.86,41.48,47.84,-6.36,110.14,-25.0,-1.32,-6.36,85.64,4.51,0.48,0.52,0.57,0.25,0.69,0.14,0.46,0.28,0.7,0.5,4.33,1.53,0.1,13.23,0.41
2,臺北台新戰神,3|13,陳文宏/陳冠全,9,143,165.0,2235.61,37.26,37:16,248.4,4.14,04:08,67.0,7.44,40.61,64.73,84.0,9.33,50.91,81.16,67.0,7.44,40.61,64.73,23.0,2.56,13.94,22.22,34.0,3.78,20.61,32.85,13.0,1.44,7.88,12.56,33.0,3.67,20.0,31.88,10.0,1.11,6.06,9.66,14.0,1.56,8.48,13.53,11.0,1.22,6.67,10.63,15.0,1.67,9.09,14.49,26.0,2.89,15.76,25.12,7.0,0.78,4.24,6.76,22.0,2.44,13.33,21.26,14.0,1.56,8.48,13.53,14.0,1.56,8.48,13.53,8.0,0.89,4.85,7.73,4.0,0.44,2.42,3.86,10.0,1.11,6.06,9.66,17.0,1.89,10.3,16.43,40.61,50.91,-10.3,106.28,-17.0,-1.89,-10.3,37.26,4.14,0.42,0.46,0.38,0.3,0.79,0.16,0.61,0.41,0.79,0.59,4.85,2.42,0.06,10.3,0.21
2,臺北台新戰神,3|10869,陳文宏/基德,11,306,373.0,4777.79,79.63,79:38,434.34,7.24,07:14,139.0,12.64,37.27,62.84,181.0,16.45,48.53,81.83,135.0,12.27,36.19,61.03,47.0,4.27,12.6,21.25,77.0,7.0,20.64,34.81,30.0,2.73,8.04,13.56,58.0,5.27,15.55,26.22,17.0,1.55,4.56,7.69,39.0,3.55,10.46,17.63,30.0,2.73,8.04,13.56,24.0,2.18,6.43,10.85,68.0,6.18,18.23,30.74,31.0,2.82,8.31,14.01,43.0,3.91,11.53,19.44,23.0,2.09,6.17,10.4,22.0,2.0,5.9,9.95,15.0,1.36,4.02,6.78,6.0,0.55,1.61,2.71,36.0,3.27,9.65,16.28,51.0,4.64,13.67,23.06,37.27,48.53,-11.26,112.42,-42.0,-3.82,-11.26,79.63,7.24,0.41,0.46,0.39,0.29,0.77,0.13,0.47,0.36,0.69,0.55,4.02,1.61,0.1,13.67,0.29
2,臺北台新戰神,3|10870,陳文宏/洛夫頓,6,234,294.0,3680.18,61.34,61:20,613.36,10.22,10:13,118.0,19.67,40.14,69.26,140.0,23.33,47.62,82.17,121.0,20.17,41.16,71.02,44.0,7.33,14.97,25.82,60.0,10.0,20.41,35.22,26.0,4.33,8.84,15.26,61.0,10.17,20.75,35.8,18.0,3.0,6.12,10.56,19.0,3.17,6.46,11.15,12.0,2.0,4.08,7.04,31.0,5.17,10.54,18.19,51.0,8.5,17.35,29.93,16.0,2.67,5.44,9.39,34.0,5.67,11.56,19.96,20.0,3.33,6.8,11.74,16.0,2.67,5.44,9.39,13.0,2.17,4.42,7.63,5.0,0.83,1.7,2.93,22.0,3.67,7.48,12.91,42.0,7.0,14.29,24.65,40.14,47.62,-7.48,115.04,-22.0,-3.67,-7.48,61.34,10.22,0.44,0.46,0.43,0.3,0.63,0.13,0.36,0.48,0.76,0.62,4.42,1.7,0.07,14.29,0.16
2,臺北台新戰神,1|3,丁聖儒/陳文宏,19,561,660.0,9072.65,151.21,151:13,477.51,7.96,07:58,281.0,14.79,42.58,66.9,305.0,16.05,46.21,72.61,229.0,12.05,34.7,54.52,93.0,4.89,14.09,22.14,121.0,6.37,18.33,28.81,60.0,3.16,9.09,14.28,108.0,5.68,16.36,25.71,33.0,1.74,5.0,7.86,91.0,4.79,13.79,21.67,66.0,3.47,10.0,15.71,38.0,2.0,5.76,9.05,108.0,5.68,16.36,25.71,40.0,2.11,6.06,9.52,101.0,5.32,15.3,24.05,50.0,2.63,7.58,11.9,64.0,3.37,9.7,15.24,29.0,1.53,4.39,6.9,9.0,0.47,1.36,2.14,67.0,3.53,10.15,15.95,69.0,3.63,10.45,16.43,42.58,46.21,-3.64,104.75,-24.0,-1.26,-3.64,151.21,7.96,0.48,0.52,0.5,0.31,0.73,0.16,0.69,0.27,0.73,0.51,4.39,1.36,0.1,10.45,0.4
2,臺北台新戰神,1|14,丁聖儒/錢肯尼,25,2034,2406.0,34419.96,573.67,573:40,1376.8,22.95,22:57,1117.0,44.68,46.43,70.1,1143.0,45.72,47.51,71.73,876.0,35.04,36.41,54.97,403.0,16.12,16.75,25.29,508.0,20.32,21.11,31.88,265.0,10.6,11.01,16.63,368.0,14.72,15.3,23.09,138.0,5.52,5.74,8.66,247.0,9.88,10.27,15.5,173.0,6.92,7.19,10.86,142.0,5.68,5.9,8.91,355.0,14.2,14.75,22.28,134.0,5.36,5.57,8.41,358.0,14.32,14.88,22.47,192.0,7.68,7.98,12.05,251.0,10.04,10.43,15.75,113.0,4.52,4.7,7.09,32.0,1.28,1.33,2.01,236.0,9.44,9.81,14.81,192.0,7.68,7.98,12.05,46.43,47.51,-1.08,100.66,-26.0,-1.04,-1.08,573.67,22.95,0.54,0.57,0.52,0.38,0.7,0.16,0.62,0.28,0.73,0.5,4.7,1.33,0.1,7.98,0.28
2,臺北台新戰神,1|10868,丁聖儒/齊曼加,5,318,392.0,5325.14,88.75,88:45,1065.03,17.75,17:45,173.0,34.6,44.13,70.17,183.0,36.6,46.68,74.23,130.0,26.0,33.16,52.73,61.0,12.2,15.56,24.74,86.0,17.2,21.94,34.88,42.0,8.4,10.71,17.04,44.0,8.8,11.22,17.85,19.0,3.8,4.85,7.71,49.0,9.8,12.5,19.88,34.0,6.8,8.67,13.79,28.0,5.6,7.14,11.36,42.0,8.4,10.71,17.04,28.0,5.6,7.14,11.36,45.0,9.0,11.48,18.25,38.0,7.6,9.69,15.41,42.0,8.4,10.71,17.04,24.0,4.8,6.12,9.73,1.0,0.2,0.26,0.41,45.0,9.0,11.48,18.25,42.0,8.4,10.71,17.04,44.13,46.68,-2.55,106.0,-10.0,-2.0,-2.55,88.75,17.75,0.54,0.57,0.49,0.43,0.69,0.2,0.69,0.38,0.6,0.49,6.12,0.26,0.11,10.71,0.38
2,臺北台新戰神,1|10869,丁聖儒/基德,13,1295,1555.0,21511.74,358.53,358:32,1654.75,27.58,27:35,720.0,55.38,46.3,72.3,711.0,54.69,45.72,71.39,543.0,41.77,34.92,54.52,250.0,19.23,16.08,25.1,310.0,23.85,19.94,31.13,165.0,12.69,10.61,16.57,233.0,17.92,14.98,23.4,85.0,6.54,5.47,8.53,189.0,14.54,12.15,18.98,135.0,10.38,8.68,13.56,79.0,6.08,5.08,7.93,225.0,17.31,14.47,22.59,104.0,8.0,6.69,10.44,208.0,16.0,13.38,20.89,122.0,9.38,7.85,12.25,159.0,12.23,10.23,15.97,65.0,5.0,4.18,6.53,25.0,1.92,1.61,2.51,157.0,12.08,10.1,15.76,186.0,14.31,11.96,18.68,46.3,45.72,0.58,104.09,9.0,0.69,0.58,358.53,27.58,0.54,0.57,0.53,0.36,0.71,0.16,0.64,0.28,0.68,0.49,4.18,1.61,0.1,11.96,0.35
2,臺北台新戰神,3|14,陳文宏/錢肯尼,21,389,459.0,6119.23,101.99,101:59,291.39,4.86,04:51,163.0,7.76,35.51,57.54,238.0,11.33,51.85,84.01,153.0,7.29,33.33,54.01,54.0,2.57,11.76,19.06,81.0,3.86,17.65,28.59,31.0,1.48,6.75,10.94,72.0,3.43,15.69,25.41,23.0,1.1,5.01,8.12,49.0,2.33,10.68,17.3,36.0,1.71,7.84,12.71,24.0,1.14,5.23,8.47,81.0,3.86,17.65,28.59,30.0,1.43,6.54,10.59,55.0,2.62,11.98,19.41,42.0,2.0,9.15,14.83,42.0,2.0,9.15,14.83,29.0,1.38,6.32,10.24,5.0,0.24,1.09,1.76,45.0,2.14,9.8,15.88,40.0,1.9,8.71,14.12,35.51,51.85,-16.34,108.01,-75.0,-3.57,-16.34,101.99,4.86,0.43,0.47,0.38,0.32,0.73,0.19,0.78,0.3,0.73,0.55,6.32,1.09,0.1,8.71,0.32
2,臺北台新戰神,3|10868,陳文宏/齊曼加,5,91,114.0,1583.26,26.39,26:23,316.65,5.28,05:17,49.0,9.8,42.98,66.85,42.0,8.4,36.84,57.3,46.0,9.2,40.35,62.76,18.0,3.6,15.79,24.56,28.0,5.6,24.56,38.2,11.0,2.2,9.65,15.01,18.0,3.6,15.79,24.56,7.0,1.4,6.14,9.55,10.0,2.0,8.77,13.64,6.0,1.2,5.26,8.19,12.0,2.4,10.53,16.37,18.0,3.6,15.79,24.56,4.0,0.8,3.51,5.46,15.0,3.0,13.16,20.46,7.0,1.4,6.14,9.55,9.0,1.8,7.89,12.28,4.0,0.8,3.51,5.46,3.0,0.6,2.63,4.09,16.0,3.2,14.04,21.83,12.0,2.4,10.53,16.37,42.98,36.84,6.14,103.68,7.0,1.4,6.14,26.39,5.28,0.47,0.49,0.39,0.39,0.6,0.12,0.5,0.44,0.82,0.61,3.51,2.63,0.14,10.53,0.22
2,臺北台新戰神,10868|10869,齊曼加/基德,6,253,312.0,4186.88,69.78,69:47,697.81,11.63,11:38,125.0,20.83,40.06,64.49,135.0,22.5,43.27,69.65,106.0,17.67,33.97,54.69,43.0,7.17,13.78,22.18,72.0,12.0,23.08,37.14,33.0,5.5,10.58,17.02,34.0,5.67,10.9,17.54,10.0,1.67,3.21,5.16,47.0,7.83,15.06,24.25,31.0,5.17,9.94,15.99,27.0,4.5,8.65,13.93,40.0,6.67,12.82,20.64,24.0,4.0,7.69,12.38,36.0,6.0,11.54,18.57,23.0,3.83,7.37,11.87,31.0,5.17,9.94,15.99,14.0,2.33,4.49,7.22,2.0,0.33,0.64,1.03,37.0,6.17,11.86,19.09,41.0,6.83,13.14,21.15,40.06,43.27,-3.21,107.31,-10.0,-1.67,-3.21,69.78,11.63,0.45,0.49,0.46,0.29,0.66,0.15,0.72,0.43,0.62,0.53,4.49,0.64,0.12,13.14,0.44
2,臺北台新戰神,1|10,丁聖儒/雷蒙恩,23,2043,2437.0,33961.25,566.02,566:01,1476.58,24.61,24:37,1085.0,47.17,44.52,69.01,1192.0,51.83,48.91,75.81,861.0,37.43,35.33,54.76,378.0,16.43,15.51,24.04,507.0,22.04,20.8,32.25,264.0,11.48,10.83,16.79,354.0,15.39,14.53,22.52,114.0,4.96,4.68,7.25,302.0,13.13,12.39,19.21,213.0,9.26,8.74,13.55,132.0,5.74,5.42,8.4,380.0,16.52,15.59,24.17,156.0,6.78,6.4,9.92,345.0,15.0,14.16,21.94,180.0,7.83,7.39,11.45,231.0,10.04,9.48,14.69,105.0,4.57,4.31,6.68,25.0,1.09,1.03,1.59,254.0,11.04,10.42,16.15,261.0,11.35,10.71,16.6,44.52,48.91,-4.39,103.33,-107.0,-4.65,-4.39,566.02,24.61,0.51,0.55,0.52,0.32,0.71,0.15,0.61,0.28,0.71,0.51,4.31,1.03,0.1,10.71,0.35
2,臺北台新戰神,1|5,丁聖儒/黃聰翰,22,1478,1729.0,24319.72,405.33,405:20,1105.44,18.42,18:25,809.0,36.77,46.79,71.85,812.0,36.91,46.96,72.12,617.0,28.05,35.69,54.8,272.0,12.36,15.73,24.16,326.0,14.82,18.85,28.95,167.0,7.59,9.66,14.83,291.0,13.23,16.83,25.85,105.0,4.77,6.07,9.33,214.0,9.73,12.38,19.01,161.0,7.32,9.31,14.3,88.0,4.0,5.09,7.82,270.0,12.27,15.62,23.98,94.0,4.27,5.44,8.35,267.0,12.14,15.44,23.71,131.0,5.95,7.58,11.64,176.0,8.0,10.18,15.63,75.0,3.41,4.34,6.66,26.0,1.18,1.5,2.31,180.0,8.18,10.41,15.99,197.0,8.95,11.39,17.5,46.79,46.96,-0.17,102.38,-3.0,-0.14,-0.17,405.33,18.42,0.53,0.57,0.51,0.36,0.75,0.16,0.65,0.25,0.74,0.5,4.34,1.5,0.1,11.39,0.35
2,臺北台新戰神,5|10869,黃聰翰/基德,12,582,698.0,10235.01,170.58,170:35,852.92,14.22,14:13,307.0,25.58,43.98,64.79,325.0,27.08,46.56,68.59,250.0,20.83,35.82,52.76,103.0,8.58,14.76,21.74,127.0,10.58,18.19,26.8,62.0,5.17,8.88,13.08,123.0,10.25,17.62,25.96,41.0,3.42,5.87,8.65,81.0,6.75,11.6,17.09,62.0,5.17,8.88,13.08,36.0,3.0,5.16,7.6,111.0,9.25,15.9,23.43,53.0,4.42,7.59,11.19,99.0,8.25,14.18,20.89,51.0,4.25,7.31,10.76,61.0,5.08,8.74,12.87,34.0,2.83,4.87,7.18,14.0,1.17,2.01,2.95,66.0,5.5,9.46,13.93,97.0,8.08,13.9,20.47,43.98,46.56,-2.58,98.2,-18.0,-1.5,-2.58,170.58,14.22,0.49,0.54,0.49,0.33,0.77,0.15,0.59,0.27,0.68,0.49,4.87,2.01,0.09,13.9,0.32
2,新北國王,26|867,洪志善/桑尼,1,69,93.0,1113.78,18.56,18:34,1113.78,18.56,18:34,51.0,51.0,54.84,98.91,42.0,42.0,45.16,81.45,40.0,40.0,43.01,77.57,19.0,19.0,20.43,36.85,23.0,23.0,24.73,44.6,12.0,12.0,12.9,23.27,17.0,17.0,18.28,32.97,7.0,7.0,7.53,13.58,8.0,8.0,8.6,15.51,6.0,6.0,6.45,11.64,12.0,12.0,12.9,23.27,10.0,10.0,10.75,19.39,6.0,6.0,6.45,11.64,7.0,7.0,7.53,13.58,4.0,4.0,4.3,7.76,12.0,12.0,12.9,23.27,2.0,2.0,2.15,3.88,4.0,4.0,4.3,7.76,10.0,10.0,10.75,19.39,11.0,11.0,11.83,21.33,54.84,45.16,9.68,120.24,9.0,9.0,9.68,18.56,18.56,0.56,0.59,0.52,0.41,0.75,0.08,0.63,0.63,0.62,0.63,2.15,4.3,0.11,11.83,0.2
2,新北國王,26|10874,洪志善/熊祥泰,2,28,38.0,501.5,8.36,08:22,250.75,4.18,04:11,12.0,6.0,31.58,51.68,16.0,8.0,42.11,68.91,15.0,7.5,39.47,64.61,5.0,2.5,13.16,21.54,6.0,3.0,15.79,25.84,3.0,1.5,7.89,12.92,9.0,4.5,23.68,38.76,2.0,1.0,5.26,8.61,0.0,0.0,0.0,0.0,0.0,0.0,0.0,0.0,4.0,2.0,10.53,17.23,5.0,2.5,13.16,21.54,3.0,1.5,7.89,12.92,3.0,1.5,7.89,12.92,4.0,2.0,10.53,17.23,3.0,1.5,7.89,12.92,1.0,0.5,2.63,4.31,2.0,1.0,5.26,8.61,4.0,2.0,10.53,17.23,2.0,1.0,5.26,8.61,31.58,42.11,-10.53,109.11,-4.0,-2.0,-10.53,8.36,4.18,0.4,0.4,0.5,0.22,,0.21,0.6,0.57,0.62,0.6,2.63,5.26,0.11,5.26,0.0
2,臺北台新戰神,4|10869,張兆辰/基德,9,109,134.0,1754.47,29.24,29:14,194.94,3.25,03:15,48.0,5.33,35.82,59.09,61.0,6.78,45.52,75.1,50.0,5.56,37.31,61.56,19.0,2.11,14.18,23.39,25.0,2.78,18.66,30.78,12.0,1.33,8.96,14.77,25.0,2.78,18.66,30.78,7.0,0.78,5.22,8.62,7.0,0.78,5.22,8.62,4.0,0.44,2.99,4.92,9.0,1.0,6.72,11.08,23.0,2.56,17.16,28.32,9.0,1.0,6.72,11.08,15.0,1.67,11.19,18.47,10.0,1.11,7.46,12.31,7.0,0.78,5.22,8.62,7.0,0.78,5.22,8.62,1.0,0.11,0.75,1.23,13.0,1.44,9.7,16.0,14.0,1.56,10.45,17.24,35.82,45.52,-9.7,109.98,-13.0,-1.44,-9.7,29.24,3.25,0.45,0.45,0.48,0.28,0.57,0.16,0.37,0.38,0.72,0.57,5.22,0.75,0.1,10.45,0.14
2,臺北台新戰神,5|13,黃聰翰/陳冠全,10,249,291.0,4081.48,68.02,68:01,408.15,6.8,06:48,154.0,15.4,52.92,81.5,151.0,15.1,51.89,79.91,105.0,10.5,36.08,55.57,47.0,4.7,16.15,24.87,55.0,5.5,18.9,29.11,28.0,2.8,9.62,14.82,50.0,5.0,17.18,26.46,19.0,1.9,6.53,10.06,47.0,4.7,16.15,24.87,39.0,3.9,13.4,20.64,17.0,1.7,5.84,9.0,44.0,4.4,15.12,23.29,15.0,1.5,5.15,7.94,46.0,4.6,15.81,24.34,18.0,1.8,6.19,9.53,31.0,3.1,10.65,16.41,9.0,0.9,3.09,4.76,6.0,0.6,2.06,3.18,34.0,3.4,11.68,17.99,19.0,1.9,6.53,10.06,52.92,51.89,1.03,102.67,3.0,0.3,1.03,68.02,6.8,0.54,0.61,0.51,0.38,0.83,0.13,0.66,0.27,0.75,0.5,3.09,2.06,0.12,6.53,0.45
2,臺北台新戰神,5|7,黃聰翰/孫思堯,4,21,25.0,303.63,5.06,05:04,75.91,1.27,01:16,2.0,0.5,8.0,14.23,23.0,5.75,92.0,163.62,6.0,1.5,24.0,42.68,0.0,0.0,0.0,0.0,3.0,0.75,12.0,21.34,0.0,0.0,0.0,0.0,3.0,0.75,12.0,21.34,0.0,0.0,0.0,0.0,4.0,1.0,16.0,28.46,2.0,0.5,8.0,14.23,1.0,0.25,4.0,7.11,5.0,1.25,20.0,35.57,2.0,0.5,8.0,14.23,1.0,0.25,4.0,7.11,4.0,1.0,16.0,28.46,0.0,0.0,0.0,0.0,2.0,0.5,8.0,14.23,0.0,0.0,0.0,0.0,3.0,0.75,12.0,21.34,2.0,0.5,8.0,14.23,8.0,92.0,-84.0,118.56,-21.0,-5.25,-84.0,5.06,1.27,0.0,0.13,0.0,0.0,0.5,0.34,,0.5,0.71,0.67,8.0,0.0,0.12,8.0,0.67
2,臺北台新戰神,7|10,孫思堯/雷蒙恩,4,34,39.0,440.97,7.35,07:21,110.24,1.84,01:50,7.0,1.75,17.95,34.29,22.0,5.5,56.41,107.76,14.0,3.5,35.9,68.58,2.0,0.5,5.13,9.8,7.0,1.75,17.95,34.29,2.0,0.5,5.13,9.8,7.0,1.75,17.95,34.29,0.0,0.0,0.0,0.0,4.0,1.0,10.26,19.59,4.0,1.0,10.26,19.59,2.0,0.5,5.13,9.8,7.0,1.75,17.95,34.29,1.0,0.25,2.56,4.9,4.0,1.0,10.26,19.59,5.0,1.25,12.82,24.49,1.0,0.25,2.56,4.9,3.0,0.75,7.69,14.69,1.0,0.25,2.56,4.9,4.0,1.0,10.26,19.59,4.0,1.0,10.26,19.59,17.95,56.41,-38.46,127.36,-15.0,-3.75,-38.46,7.35,1.84,0.14,0.22,0.29,0.0,1.0,0.24,0.5,0.33,0.88,0.64,7.69,2.56,0.1,10.26,0.29
2,臺北台新戰神,7|10869,孫思堯/基德,5,61,73.0,808.95,13.48,13:29,161.79,2.7,02:42,14.0,2.8,19.18,37.38,29.0,5.8,39.73,77.43,21.0,4.2,28.77,56.07,4.0,0.8,5.48,10.68,9.0,1.8,12.33,24.03,3.0,0.6,4.11,8.01,12.0,2.4,16.44,32.04,1.0,0.2,1.37,2.67,6.0,1.2,8.22,16.02,6.0,1.2,8.22,16.02,1.0,0.2,1.37,2.67,13.0,2.6,17.81,34.71,7.0,1.4,9.59,18.69,11.0,2.2,15.07,29.37,10.0,2.0,13.7,26.7,2.0,0.4,2.74,5.34,4.0,0.8,5.48,10.68,2.0,0.4,2.74,5.34,10.0,2.0,13.7,26.7,10.0,2.0,13.7,26.7,19.18,39.73,-20.55,129.95,-15.0,-3.0,-20.55,13.48,2.7,0.21,0.3,0.33,0.08,1.0,0.3,0.5,0.08,0.65,0.44,5.48,2.74,0.14,13.7,0.29
2,臺北台新戰神,7|10870,孫思堯/洛夫頓,3,44,54.0,597.94,9.97,09:58,199.31,3.32,03:19,10.0,3.33,18.52,36.12,19.0,6.33,35.19,68.64,16.0,5.33,29.63,57.8,3.0,1.0,5.56,10.84,6.0,2.0,11.11,21.67,2.0,0.67,3.7,7.22,10.0,3.33,18.52,36.12,1.0,0.33,1.85,3.61,3.0,1.0,5.56,10.84,3.0,1.0,5.56,10.84,1.0,0.33,1.85,3.61,11.0,3.67,20.37,39.74,6.0,2.0,11.11,21.67,10.0,3.33,18.52,36.12,5.0,1.67,9.26,18.06,1.0,0.33,1.85,3.61,1.0,0.33,1.85,3.61,2.0,0.67,3.7,7.22,7.0,2.33,12.96,25.29,8.0,2.67,14.81,28.9,18.52,35.19,-16.67,130.05,-9.0,-3.0,-16.67,9.97,3.32,0.22,0.29,0.33,0.1,1.0,0.22,0.33,0.09,0.65,0.43,1.85,3.7,0.13,14.81,0.19
2,臺北台新戰神,1|4,丁聖儒/張兆辰,9,154,183.0,2500.34,41.67,41:40,277.82,4.63,04:38,86.0,9.56,46.99,74.29,93.0,10.33,50.82,80.34,62.0,6.89,33.88,53.56,34.0,3.78,18.58,29.37,35.0,3.89,19.13,30.24,26.0,2.89,14.21,22.46,27.0,3.0,14.75,23.32,8.0,0.89,4.37,6.91,13.0,1.44,7.1,11.23,9.0,1.0,4.92,7.77,6.0,0.67,3.28,5.18,26.0,2.89,14.21,22.46,14.0,1.56,7.65,12.09,23.0,2.56,12.57,19.87,17.0,1.89,9.29,14.69,16.0,1.78,8.74,13.82,11.0,1.22,6.01,9.5,0.0,0.0,0.0,0.0,15.0,1.67,8.2,12.96,22.0,2.44,12.02,19.01,46.99,50.82,-3.83,105.39,-7.0,-0.78,-3.83,41.67,4.63,0.61,0.63,0.74,0.3,0.69,0.2,0.47,0.21,0.65,0.46,6.01,0.0,0.08,12.02,0.21
2,臺北台新戰神,1|10870,丁聖儒/洛夫頓,4,177,219.0,3453.99,57.57,57:34,863.5,14.39,14:23,112.0,28.0,51.14,70.04,115.0,28.75,52.51,71.92,83.0,20.75,37.9,51.91,42.0,10.5,19.18,26.27,44.0,11.0,20.09,27.52,26.0,6.5,11.87,16.26,39.0,9.75,17.81,24.39,16.0,4.0,7.31,10.01,17.0,4.25,7.76,10.63,10.0,2.5,4.57,6.25,16.0,4.0,7.31,10.01,28.0,7.0,12.79,17.51,11.0,2.75,5.02,6.88,18.0,4.5,8.22,11.26,19.0,4.75,8.68,11.88,20.0,5.0,9.13,12.51,9.0,2.25,4.11,5.63,3.0,0.75,1.37,1.88,21.0,5.25,9.59,13.13,34.0,8.5,15.53,21.26,51.14,52.51,-1.37,91.3,-3.0,-0.75,-1.37,57.57,14.39,0.6,0.62,0.59,0.41,0.59,0.17,0.48,0.47,0.72,0.6,4.11,1.37,0.1,15.53,0.2
2,臺北台新戰神,1|13,丁聖儒/陳冠全,9,237,279.0,3892.94,64.88,64:53,432.55,7.21,07:13,143.0,15.89,51.25,79.34,144.0,16.0,51.61,79.9,103.0,11.44,36.92,57.15,48.0,5.33,17.2,26.63,53.0,5.89,19.0,29.41,30.0,3.33,10.75,16.65,50.0,5.56,17.92,27.74,18.0,2.0,6.45,9.99,35.0,3.89,12.54,19.42,27.0,3.0,9.68,14.98,17.0,1.89,6.09,9.43,40.0,4.44,14.34,22.19,16.0,1.78,5.73,8.88,37.0,4.11,13.26,20.53,20.0,2.22,7.17,11.1,33.0,3.67,11.83,18.31,7.0,0.78,2.51,3.88,6.0,0.67,2.15,3.33,33.0,3.67,11.83,18.31,17.0,1.89,6.09,9.43,51.25,51.61,-0.36,103.2,-1.0,-0.11,-0.36,64.88,7.21,0.55,0.6,0.57,0.36,0.77,0.14,0.69,0.31,0.71,0.52,2.51,2.15,0.12,6.09,0.34
2,臺北台新戰神,3|4,陳文宏/張兆辰,7,153,187.0,2464.92,41.08,41:05,352.13,5.87,05:52,64.0,9.14,34.22,56.08,95.0,13.57,50.8,83.25,65.0,9.29,34.76,56.96,23.0,3.29,12.3,20.15,29.0,4.14,15.51,25.41,12.0,1.71,6.42,10.52,36.0,5.14,19.25,31.55,11.0,1.57,5.88,9.64,13.0,1.86,6.95,11.39,7.0,1.0,3.74,6.13,11.0,1.57,5.88,9.64,34.0,4.86,18.18,29.79,17.0,2.43,9.09,14.9,22.0,3.14,11.76,19.28,17.0,2.43,9.09,14.9,12.0,1.71,6.42,10.52,10.0,1.43,5.35,8.76,3.0,0.43,1.6,2.63,11.0,1.57,5.88,9.64,36.0,5.14,19.25,31.55,34.22,50.8,-16.58,109.24,-31.0,-4.43,-16.58,41.08,5.87,0.44,0.45,0.41,0.31,0.54,0.19,0.52,0.33,0.67,0.54,5.35,1.6,0.06,19.25,0.2
2,高雄全家海神,45|10892,施晉堯/詹姆斯,3,93,111.0,1514.58,25.24,25:15,504.86,8.41,08:25,41.0,13.67,36.94,58.47,43.0,14.33,38.74,61.32,39.0,13.0,35.14,55.62,15.0,5.0,13.51,21.39,29.0,9.67,26.13,41.36,13.0,4.33,11.71,18.54,10.0,3.33,9.01,14.26,2.0,0.67,1.8,2.85,12.0,4.0,10.81,17.11,8.0,2.67,7.21,11.41,9.0,3.0,8.11,12.84,19.0,6.33,17.12,27.1,6.0,2.0,5.41,8.56,22.0,7.33,19.82,31.37,9.0,3.0,8.11,12.84,3.0,1.0,2.7,4.28,5.0,1.67,4.5,7.13,2.0,0.67,1.8,2.85,11.0,3.67,9.91,15.69,7.0,2.33,6.31,9.98,36.94,38.74,-1.8,105.53,-2.0,-0.67,-1.8,25.24,8.41,0.41,0.46,0.45,0.2,0.67,0.17,0.2,0.29,0.76,0.5,4.5,1.8,0.1,6.31,0.31
2,高雄全家海神,10892|10893,詹姆斯/崔維斯,1,48,63.0,837.74,13.96,13:58,837.74,13.96,13:58,30.0,30.0,47.62,77.35,24.0,24.0,38.1,61.88,24.0,24.0,38.1,61.88,10.0,10.0,15.87,25.78,14.0,14.0,22.22,36.1,7.0,7.0,11.11,18.05,10.0,10.0,15.87,25.78,3.0,3.0,4.76,7.74,9.0,9.0,14.29,23.21,7.0,7.0,11.11,18.05,6.0,6.0,9.52,15.47,9.0,9.0,14.29,23.21,5.0,5.0,7.94,12.89,8.0,8.0,12.7,20.63,2.0,2.0,3.17,5.16,2.0,2.0,3.17,5.16,1.0,1.0,1.59,2.58,0.0,0.0,0.0,0.0,7.0,7.0,11.11,18.05,12.0,12.0,19.05,30.94,47.62,38.1,9.52,108.29,6.0,6.0,9.52,13.96,13.96,0.48,0.54,0.5,0.3,0.78,0.07,0.2,0.43,0.64,0.54,1.59,0.0,0.11,19.05,0.38
2,新北國王,21|32,李愷諺/奧帝,8,518,611.0,8119.51,135.33,135:20,1014.94,16.92,16:55,245.0,30.62,40.1,65.18,266.0,33.25,43.54,70.76,229.0,28.62,37.48,60.92,88.0,11.0,14.4,23.41,133.0,16.62,21.77,35.38,61.0,7.62,9.98,16.23,96.0,12.0,15.71,25.54,27.0,3.38,4.42,7.18,58.0,7.25,9.49,15.43,41.0,5.12,6.71,10.91,32.0,4.0,5.24,8.51,108.0,13.5,17.68,28.73,37.0,4.62,6.06,9.84,97.0,12.12,15.88,25.8,39.0,4.88,6.38,10.38,55.0,6.88,9.0,14.63,30.0,3.75,4.91,7.98,13.0,1.62,2.13,3.46,55.0,6.88,9.0,14.63,80.0,10.0,13.09,21.28,40.1,43.54,-3.44,108.36,-21.0,-2.62,-3.44,135.33,16.92,0.44,0.48,0.46,0.28,0.71,0.13,0.62,0.25,0.74,0.51,4.91,2.13,0.09,13.09,0.25
2,新北國王,24|32,蘇士軒/奧帝,10,220,248.0,3788.35,63.14,63:08,378.84,6.31,06:19,103.0,10.3,41.53,58.73,140.0,14.0,56.45,79.82,98.0,9.8,39.52,55.88,39.0,3.9,15.73,22.24,54.0,5.4,21.77,30.79,24.0,2.4,9.68,13.68,44.0,4.4,17.74,25.09,15.0,1.5,6.05,8.55,9.0,0.9,3.63,5.13,7.0,0.7,2.82,3.99,14.0,1.4,5.65,7.98,46.0,4.6,18.55,26.23,10.0,1.0,4.03,5.7,41.0,4.1,16.53,23.38,16.0,1.6,6.45,9.12,21.0,2.1,8.47,11.97,10.0,1.0,4.03,5.7,4.0,0.4,1.61,2.28,16.0,1.6,6.45,9.12,45.0,4.5,18.15,25.66,41.53,56.45,-14.92,94.27,-37.0,-3.7,-14.92,63.14,6.31,0.47,0.51,0.44,0.34,0.78,0.14,0.54,0.25,0.82,0.54,4.03,1.61,0.06,18.15,0.09
2,新北國王,32|10872,奧帝/林彥廷,15,974,1135.0,15807.32,263.46,263:27,1053.82,17.56,17:34,513.0,34.2,45.2,70.1,538.0,35.87,47.4,73.52,431.0,28.73,37.97,58.89,186.0,12.4,16.39,25.42,225.0,15.0,19.82,30.75,110.0,7.33,9.69,15.03,206.0,13.73,18.15,28.15,76.0,5.07,6.7,10.39,96.0,6.4,8.46,13.12,68.0,4.53,5.99,9.29,59.0,3.93,5.2,8.06,190.0,12.67,16.74,25.96,68.0,4.53,5.99,9.29,186.0,12.4,16.39,25.42,70.0,4.67,6.17,9.57,116.0,7.73,10.22,15.85,37.0,2.47,3.26,5.06,18.0,1.2,1.59,2.46,103.0,6.87,9.07,14.07,160.0,10.67,14.1,21.86,45.2,47.4,-2.2,103.4,-25.0,-1.67,-2.2,263.46,17.56,0.52,0.54,0.49,0.37,0.71,0.13,0.62,0.24,0.74,0.5,3.26,1.59,0.09,14.1,0.22
2,新北國王,32|10875,奧帝/傑登,5,188,221.0,2867.27,47.79,47:47,573.45,9.56,09:33,83.0,16.6,37.56,62.53,115.0,23.0,52.04,86.63,86.0,17.2,38.91,64.79,33.0,6.6,14.93,24.86,50.0,10.0,22.62,37.67,23.0,4.6,10.41,17.33,36.0,7.2,16.29,27.12,10.0,2.0,4.52,7.53,12.0,2.4,5.43,9.04,7.0,1.4,3.17,5.27,18.0,3.6,8.14,13.56,39.0,7.8,17.65,29.38,10.0,2.0,4.52,7.53,31.0,6.2,14.03,23.35,17.0,3.4,7.69,12.81,17.0,3.4,7.69,12.81,14.0,2.8,6.33,10.55,1.0,0.2,0.45,0.75,13.0,2.6,5.88,9.79,45.0,9.0,20.36,33.9,37.56,52.04,-14.48,110.99,-32.0,-6.4,-14.48,47.79,9.56,0.44,0.45,0.46,0.28,0.58,0.16,0.52,0.37,0.8,0.58,6.33,0.45,0.06,20.36,0.14
2,新北國王,22|32,簡祐哲/奧帝,11,319,389.0,5356.52,89.28,89:17,486.96,8.12,08:07,153.0,13.91,39.33,61.7,189.0,17.18,48.59,76.21,140.0,12.73,35.99,56.45,57.0,5.18,14.65,22.99,83.0,7.55,21.34,33.47,39.0,3.55,10.03,15.73,57.0,5.18,14.65,22.99,18.0,1.64,4.63,7.26,34.0,3.09,8.74,13.71,21.0,1.91,5.4,8.47,26.0,2.36,6.68,10.48,59.0,5.36,15.17,23.79,34.0,3.09,8.74,13.71,57.0,5.18,14.65,22.99,25.0,2.27,6.43,10.08,28.0,2.55,7.2,11.29,17.0,1.55,4.37,6.86,7.0,0.64,1.8,2.82,32.0,2.91,8.23,12.9,61.0,5.55,15.68,24.6,39.33,48.59,-9.25,104.58,-36.0,-3.27,-9.25,89.28,8.12,0.47,0.49,0.47,0.32,0.62,0.14,0.49,0.31,0.63,0.48,4.37,1.8,0.08,15.68,0.24
2,新北國王,32|34,奧帝/沃許本,9,431,517.0,7297.29,121.62,121:37,810.81,13.51,13:31,199.0,22.11,38.49,58.9,216.0,24.0,41.78,63.94,190.0,21.11,36.75,56.24,74.0,8.22,14.31,21.9,102.0,11.33,19.73,30.19,52.0,5.78,10.06,15.39,88.0,9.78,17.02,26.05,22.0,2.44,4.26,6.51,43.0,4.78,8.32,12.73,31.0,3.44,6.0,9.18,27.0,3.0,5.22,7.99,93.0,10.33,17.99,27.53,46.0,5.11,8.9,13.62,85.0,9.44,16.44,25.16,36.0,4.0,6.96,10.66,46.0,5.11,8.9,13.62,22.0,2.44,4.26,6.51,7.0,0.78,1.35,2.07,54.0,6.0,10.44,15.98,56.0,6.22,10.83,16.58,38.49,41.78,-3.29,102.02,-17.0,-1.89,-3.29,121.62,13.51,0.45,0.48,0.51,0.25,0.72,0.15,0.62,0.24,0.67,0.48,4.26,1.35,0.1,10.83,0.23
2,新北國王,32|10874,奧帝/熊祥泰,14,567,657.0,9264.13,154.4,154:24,661.72,11.03,11:02,303.0,21.64,46.12,70.65,299.0,21.36,45.51,69.71,251.0,17.93,38.2,58.52,112.0,8.0,17.05,26.11,127.0,9.07,19.33,29.61,69.0,4.93,10.5,16.09,124.0,8.86,18.87,28.91,43.0,3.07,6.54,10.03,45.0,3.21,6.85,10.49,35.0,2.5,5.33,8.16,34.0,2.43,5.18,7.93,108.0,7.71,16.44,25.18,36.0,2.57,5.48,8.39,102.0,7.29,15.53,23.78,47.0,3.36,7.15,10.96,72.0,5.14,10.96,16.79,23.0,1.64,3.5,5.36,10.0,0.71,1.52,2.33,66.0,4.71,10.05,15.39,100.0,7.14,15.22,23.32,46.12,45.51,0.61,102.12,4.0,0.29,0.61,154.4,11.03,0.53,0.56,0.54,0.35,0.78,0.15,0.64,0.25,0.75,0.51,3.5,1.52,0.1,15.22,0.18
2,新北國王,26|32,洪志善/奧帝,1,50,60.0,806.53,13.44,13:27,806.53,13.44,13:27,23.0,23.0,38.33,61.6,28.0,28.0,46.67,74.99,19.0,19.0,31.67,50.88,9.0,9.0,15.0,24.1,15.0,15.0,25.0,40.17,8.0,8.0,13.33,21.43,4.0,4.0,6.67,10.71,1.0,1.0,1.67,2.68,7.0,7.0,11.67,18.75,4.0,4.0,6.67,10.71,3.0,3.0,5.0,8.03,9.0,9.0,15.0,24.1,3.0,3.0,5.0,8.03,8.0,8.0,13.33,21.43,4.0,4.0,6.67,10.71,2.0,2.0,3.33,5.36,3.0,3.0,5.0,8.03,2.0,2.0,3.33,5.36,6.0,6.0,10.0,16.07,16.0,16.0,26.67,42.85,38.33,46.67,-8.33,107.13,-5.0,-5.0,-8.33,13.44,13.44,0.5,0.52,0.53,0.25,0.57,0.15,0.22,0.27,0.75,0.52,5.0,3.33,0.1,26.67,0.37
2,新北國王,21|23,李愷諺/王柏智,6,26,27.0,386.61,6.44,06:27,64.43,1.07,01:04,9.0,1.5,33.33,50.28,16.0,2.67,59.26,89.39,9.0,1.5,33.33,50.28,3.0,0.5,11.11,16.76,3.0,0.5,11.11,16.76,2.0,0.33,7.41,11.17,6.0,1.0,22.22,33.52,1.0,0.17,3.7,5.59,4.0,0.67,14.81,22.35,4.0,0.67,14.81,22.35,1.0,0.17,3.7,5.59,5.0,0.83,18.52,27.94,0.0,0.0,0.0,0.0,1.0,0.17,3.7,5.59,4.0,0.67,14.81,22.35,3.0,0.5,11.11,16.76,4.0,0.67,14.81,22.35,1.0,0.17,3.7,5.59,3.0,0.5,11.11,16.76,3.0,0.5,11.11,16.76,33.33,59.26,-25.93,100.57,-7.0,-1.17,-25.93,6.44,1.07,0.39,0.42,0.67,0.17,1.0,0.27,1.0,0.5,1.0,0.86,14.81,3.7,0.11,11.11,0.44
2,新北國王,23|24,王柏智/蘇士軒,4,28,33.0,417.32,6.96,06:57,104.33,1.74,01:44,13.0,3.25,39.39,67.29,15.0,3.75,45.45,77.64,11.0,2.75,33.33,56.93,4.0,1.0,12.12,20.7,5.0,1.25,15.15,25.88,3.0,0.75,9.09,15.53,6.0,1.5,18.18,31.06,1.0,0.25,3.03,5.18,5.0,1.25,15.15,25.88,4.0,1.0,12.12,20.7,2.0,0.5,6.06,10.35,6.0,1.5,18.18,31.06,2.0,0.5,6.06,10.35,3.0,0.75,9.09,15.53,4.0,1.0,12.12,20.7,2.0,0.5,6.06,10.35,4.0,1.0,12.12,20.7,0.0,0.0,0.0,0.0,2.0,0.5,6.06,10.35,4.0,1.0,12.12,20.7,39.39,45.45,-6.06,113.87,-2.0,-0.5,-6.06,6.96,1.74,0.41,0.49,0.6,0.17,0.8,0.23,0.5,0.4,0.75,0.62,12.12,0.0,0.06,12.12,0.45
2,新北國王,23|26,王柏智/洪志善,1,1,1.0,11.0,0.18,00:11,11.0,0.18,00:11,2.0,2.0,200.0,392.73,0.0,0.0,0.0,0.0,0.0,0.0,0.0,0.0,0.0,0.0,0.0,0.0,0.0,0.0,0.0,0.0,0.0,0.0,0.0,0.0,0.0,0.0,0.0,0.0,0.0,0.0,0.0,0.0,2.0,2.0,200.0,392.73,2.0,2.0,200.0,392.73,0.0,0.0,0.0,0.0,0.0,0.0,0.0,0.0,0.0,0.0,0.0,0.0,0.0,0.0,0.0,0.0,0.0,0.0,0.0,0.0,0.0,0.0,0.0,0.0,0.0,0.0,0.0,0.0,0.0,0.0,0.0,0.0,1.0,1.0,100.0,196.36,0.0,0.0,0.0,0.0,200.0,0.0,200.0,130.91,2.0,2.0,200.0,0.18,0.18,,1.14,,,1.0,0.0,,,,,0.0,0.0,1.0,0.0,
2,新北國王,21|10871,李愷諺/鍾理翔,1,4,4.0,80.0,1.33,01:20,80.0,1.33,01:20,0.0,0.0,0.0,0.0,0.0,0.0,0.0,0.0,1.0,1.0,25.0,27.0,0.0,0.0,0.0,0.0,1.0,1.0,25.0,27.0,0.0,0.0,0.0,0.0,0.0,0.0,0.0,0.0,0.0,0.0,0.0,0.0,0.0,0.0,0.0,0.0,0.0,0.0,0.0,0.0,0.0,0.0,0.0,0.0,1.0,1.0,25.0,27.0,0.0,0.0,0.0,0.0,2.0,2.0,50.0,54.0,1.0,1.0,25.0,27.0,0.0,0.0,0.0,0.0,1.0,1.0,25.0,27.0,0.0,0.0,0.0,0.0,0.0,0.0,0.0,0.0,0.0,0.0,0.0,0.0,0.0,0.0,0.0,72.0,0.0,0.0,0.0,1.33,1.33,0.0,0.0,0.0,,,0.5,,0.0,1.0,0.33,25.0,0.0,0.0,0.0,0.0
2,新北國王,21|10873,李愷諺/喬納森,3,16,19.0,232.47,3.87,03:52,77.49,1.29,01:17,6.0,2.0,31.58,55.75,7.0,2.33,36.84,65.04,5.0,1.67,26.32,46.46,1.0,0.33,5.26,9.29,2.0,0.67,10.53,18.58,0.0,0.0,0.0,0.0,3.0,1.0,15.79,27.87,1.0,0.33,5.26,9.29,4.0,1.33,21.05,37.17,4.0,1.33,21.05,37.17,0.0,0.0,0.0,0.0,4.0,1.33,21.05,37.17,2.0,0.67,10.53,18.58,3.0,1.0,15.79,27.87,2.0,0.67,10.53,18.58,0.0,0.0,0.0,0.0,1.0,0.33,5.26,9.29,0.0,0.0,0.0,0.0,2.0,0.67,10.53,18.58,4.0,1.33,21.05,37.17,31.58,36.84,-5.26,117.69,-1.0,-0.33,-5.26,3.87,1.29,0.3,0.44,0.0,0.33,1.0,0.23,0.0,0.0,0.67,0.44,5.26,0.0,0.11,21.05,0.8
2,新北國王,26|10871,洪志善/鍾理翔,1,4,4.0,80.0,1.33,01:20,80.0,1.33,01:20,0.0,0.0,0.0,0.0,0.0,0.0,0.0,0.0,1.0,1.0,25.0,27.0,0.0,0.0,0.0,0.0,1.0,1.0,25.0,27.0,0.0,0.0,0.0,0.0,0.0,0.0,0.0,0.0,0.0,0.0,0.0,0.0,0.0,0.0,0.0,0.0,0.0,0.0,0.0,0.0,0.0,0.0,0.0,0.0,1.0,1.0,25.0,27.0,0.0,0.0,0.0,0.0,2.0,2.0,50.0,54.0,1.0,1.0,25.0,27.0,0.0,0.0,0.0,0.0,1.0,1.0,25.0,27.0,0.0,0.0,0.0,0.0,0.0,0.0,0.0,0.0,0.0,0.0,0.0,0.0,0.0,0.0,0.0,72.0,0.0,0.0,0.0,1.33,1.33,0.0,0.0,0.0,,,0.5,,0.0,1.0,0.33,25.0,0.0,0.0,0.0,0.0
2,新北國王,26|10873,洪志善/喬納森,1,4,4.0,80.23,1.34,01:20,80.23,1.34,01:20,0.0,0.0,0.0,0.0,0.0,0.0,0.0,0.0,1.0,1.0,25.0,26.92,0.0,0.0,0.0,0.0,1.0,1.0,25.0,26.92,0.0,0.0,0.0,0.0,0.0,0.0,0.0,0.0,0.0,0.0,0.0,0.0,0.0,0.0,0.0,0.0,0.0,0.0,0.0,0.0,0.0,0.0,0.0,0.0,1.0,1.0,25.0,26.92,0.0,0.0,0.0,0.0,2.0,2.0,50.0,53.84,1.0,1.0,25.0,26.92,0.0,0.0,0.0,0.0,1.0,1.0,25.0,26.92,0.0,0.0,0.0,0.0,0.0,0.0,0.0,0.0,2.0,2.0,50.0,53.84,0.0,0.0,0.0,71.79,0.0,0.0,0.0,1.34,1.34,0.0,0.0,0.0,,,0.5,,0.0,1.0,0.33,25.0,0.0,0.0,50.0,0.0
2,新北國王,34|10871,沃許本/鍾理翔,3,14,16.0,241.27,4.02,04:01,80.42,1.34,01:20,8.0,2.67,50.0,71.62,6.0,2.0,37.5,53.72,4.0,1.33,25.0,35.81,2.0,0.67,12.5,17.91,4.0,1.33,25.0,35.81,2.0,0.67,12.5,17.91,0.0,0.0,0.0,0.0,0.0,0.0,0.0,0.0,6.0,2.0,37.5,53.72,4.0,1.33,25.0,35.81,1.0,0.33,6.25,8.95,1.0,0.33,6.25,8.95,1.0,0.33,6.25,8.95,2.0,0.67,12.5,17.91,1.0,0.33,6.25,8.95,0.0,0.0,0.0,0.0,1.0,0.33,6.25,8.95,0.0,0.0,0.0,0.0,3.0,1.0,18.75,26.86,2.0,0.67,12.5,17.91,50.0,37.5,12.5,95.5,2.0,0.67,12.5,4.02,1.34,0.5,0.6,0.5,,0.67,0.13,0.0,0.33,0.5,0.4,6.25,0.0,0.19,12.5,1.5
2,新北國王,34|10873,沃許本/喬納森,8,116,134.0,1833.45,30.56,30:33,229.18,3.82,03:49,70.0,8.75,52.24,82.47,49.0,6.12,36.57,57.73,45.0,5.62,33.58,53.01,23.0,2.88,17.16,27.1,25.0,3.12,18.66,29.45,15.0,1.88,11.19,17.67,20.0,2.5,14.93,23.56,8.0,1.0,5.97,9.42,22.0,2.75,16.42,25.92,14.0,1.75,10.45,16.49,9.0,1.12,6.72,10.6,17.0,2.12,12.69,20.03,7.0,0.88,5.22,8.25,26.0,3.25,19.4,30.63,11.0,1.38,8.21,12.96,12.0,1.5,8.96,14.14,6.0,0.75,4.48,7.07,1.0,0.12,0.75,1.18,11.0,1.38,8.21,12.96,9.0,1.12,6.72,10.6,52.24,36.57,15.67,105.24,21.0,2.62,15.67,30.56,3.82,0.6,0.64,0.6,0.4,0.64,0.17,0.52,0.26,0.71,0.44,4.48,0.75,0.08,6.72,0.49
2,新北國王,10871|10873,鍾理翔/喬納森,8,71,92.0,1059.82,17.66,17:40,132.48,2.21,02:12,27.0,3.38,29.35,55.03,31.0,3.88,33.7,63.18,28.0,3.5,30.43,57.07,8.0,1.0,8.7,16.3,15.0,1.88,16.3,30.57,7.0,0.88,7.61,14.27,13.0,1.62,14.13,26.5,1.0,0.12,1.09,2.04,22.0,2.75,23.91,44.84,10.0,1.25,10.87,20.38,10.0,1.25,10.87,20.38,15.0,1.88,16.3,30.57,4.0,0.5,4.35,8.15,11.0,1.38,11.96,22.42,10.0,1.25,10.87,20.38,1.0,0.12,1.09,2.04,8.0,1.0,8.7,16.3,0.0,0.0,0.0,0.0,9.0,1.12,9.78,18.34,14.0,1.75,15.22,28.53,29.35,33.7,-4.35,125.0,-4.0,-0.5,-4.35,17.66,2.21,0.3,0.36,0.47,0.08,0.45,0.21,0.12,0.48,0.79,0.62,8.7,0.0,0.1,15.22,0.79
2,新北中信特攻,39|48,魏嘉豪/李沛澄,7,119,137.0,1765.37,29.42,29:25,252.2,4.2,04:12,60.0,8.57,43.8,73.41,49.0,7.0,35.77,59.95,50.0,7.14,36.5,61.18,22.0,3.14,16.06,26.92,25.0,3.57,18.25,30.59,12.0,1.71,8.76,14.68,25.0,3.57,18.25,30.59,10.0,1.43,7.3,12.24,13.0,1.86,9.49,15.91,7.0,1.0,5.11,8.56,7.0,1.0,5.11,8.56,20.0,2.86,14.6,24.47,5.0,0.71,3.65,6.12,19.0,2.71,13.87,23.25,13.0,1.86,9.49,15.91,13.0,1.86,9.49,15.91,10.0,1.43,7.3,12.24,2.0,0.29,1.46,2.45,6.0,0.86,4.38,7.34,26.0,3.71,18.98,31.81,43.8,35.77,8.03,111.75,11.0,1.57,8.03,29.42,4.2,0.54,0.54,0.48,0.4,0.54,0.19,0.59,0.27,0.8,0.53,7.3,1.46,0.04,18.98,0.26
2,新北中信特攻,39|8889,魏嘉豪/馬可,21,811,947.0,12975.35,216.26,216:15,617.87,10.3,10:18,366.0,17.43,38.65,60.93,419.0,19.95,44.24,69.75,369.0,17.57,38.97,61.43,145.0,6.9,15.31,24.14,238.0,11.33,25.13,39.62,117.0,5.57,12.35,19.48,131.0,6.24,13.83,21.81,28.0,1.33,2.96,4.66,71.0,3.38,7.5,11.82,48.0,2.29,5.07,7.99,64.0,3.05,6.76,10.65,173.0,8.24,18.27,28.8,55.0,2.62,5.81,9.16,155.0,7.38,16.37,25.8,66.0,3.14,6.97,10.99,90.0,4.29,9.5,14.98,41.0,1.95,4.33,6.83,17.0,0.81,1.8,2.83,85.0,4.05,8.98,14.15,81.0,3.86,8.55,13.48,38.65,44.24,-5.6,105.1,-53.0,-2.52,-5.6,216.26,10.3,0.43,0.46,0.49,0.21,0.68,0.14,0.62,0.29,0.76,0.53,4.33,1.8,0.09,8.55,0.19
2,新北中信特攻,48|8889,李沛澄/馬可,8,164,197.0,2642.81,44.05,44:03,330.35,5.51,05:30,114.0,14.25,57.87,93.17,85.0,10.62,43.15,69.47,82.0,10.25,41.62,67.02,40.0,5.0,20.3,32.69,46.0,5.75,23.35,37.6,27.0,3.38,13.71,22.07,36.0,4.5,18.27,29.42,13.0,1.62,6.6,10.63,32.0,4.0,16.24,26.15,22.0,2.75,11.17,17.98,18.0,2.25,9.14,14.71,26.0,3.25,13.2,21.25,6.0,0.75,3.05,4.9,28.0,3.5,14.21,22.88,9.0,1.12,4.57,7.36,22.0,2.75,11.17,17.98,8.0,1.0,4.06,6.54,3.0,0.38,1.52,2.45,21.0,2.62,10.66,17.16,33.0,4.12,16.75,26.97,57.87,43.15,14.72,107.34,29.0,3.62,14.72,44.05,5.51,0.57,0.59,0.59,0.36,0.69,0.09,0.55,0.39,0.81,0.56,4.06,1.52,0.11,16.75,0.39
2,新北中信特攻,8889|10877,馬可/阿巴西,24,2842,3394.0,45956.6,765.94,765:57,1914.86,31.91,31:55,1486.0,61.92,43.78,69.84,1431.0,59.62,42.16,67.26,1292.0,53.83,38.07,60.73,558.0,23.25,16.44,26.23,758.0,31.58,22.33,35.63,405.0,16.88,11.93,19.04,534.0,22.25,15.73,25.1,153.0,6.38,4.51,7.19,317.0,13.21,9.34,14.9,217.0,9.04,6.39,10.2,238.0,9.92,7.01,11.19,523.0,21.79,15.41,24.58,203.0,8.46,5.98,9.54,547.0,22.79,16.12,25.71,250.0,10.42,7.37,11.75,350.0,14.58,10.31,16.45,127.0,5.29,3.74,5.97,38.0,1.58,1.12,1.79,325.0,13.54,9.58,15.28,295.0,12.29,8.69,13.87,43.78,42.16,1.62,106.35,55.0,2.29,1.62,765.94,31.91,0.49,0.52,0.53,0.29,0.68,0.15,0.63,0.3,0.72,0.5,3.74,1.12,0.1,8.69,0.25
2,新北中信特攻,8889|10881,馬可/飛克,19,1310,1545.0,21221.91,353.7,353:42,1116.94,18.62,18:37,613.0,32.26,39.68,62.39,661.0,34.79,42.78,67.28,574.0,30.21,37.15,58.42,234.0,12.32,15.15,23.82,340.0,17.89,22.01,34.61,178.0,9.37,11.52,18.12,234.0,12.32,15.15,23.82,56.0,2.95,3.62,5.7,141.0,7.42,9.13,14.35,89.0,4.68,5.76,9.06,98.0,5.16,6.34,9.97,263.0,13.84,17.02,26.77,89.0,4.68,5.76,9.06,266.0,14.0,17.22,27.07,117.0,6.16,7.57,11.91,152.0,8.0,9.84,15.47,58.0,3.05,3.75,5.9,22.0,1.16,1.42,2.24,144.0,7.58,9.32,14.66,140.0,7.37,9.06,14.25,39.68,42.78,-3.11,104.84,-48.0,-2.53,-3.11,353.7,18.62,0.46,0.48,0.52,0.24,0.63,0.16,0.65,0.27,0.75,0.5,3.75,1.42,0.09,9.06,0.25
2,臺北台新戰神,13|10865,陳冠全/謝銘駿,9,117,130.0,1859.65,30.99,31:00,206.63,3.44,03:27,61.0,6.78,46.92,70.85,70.0,7.78,53.85,81.31,52.0,5.78,40.0,60.4,18.0,2.0,13.85,20.91,31.0,3.44,23.85,36.01,13.0,1.44,10.0,15.1,21.0,2.33,16.15,24.39,5.0,0.56,3.85,5.81,28.0,3.11,21.54,32.52,22.0,2.44,16.92,25.55,11.0,1.22,8.46,12.78,28.0,3.11,21.54,32.52,2.0,0.22,1.54,2.32,26.0,2.89,20.0,30.2,5.0,0.56,3.85,5.81,9.0,1.0,6.92,10.45,3.0,0.33,2.31,3.48,5.0,0.56,3.85,5.81,17.0,1.89,13.08,19.75,9.0,1.0,6.92,10.45,46.92,53.85,-6.92,100.66,-9.0,-1.0,-6.92,30.99,3.44,0.39,0.47,0.42,0.24,0.79,0.07,0.5,0.3,0.93,0.58,2.31,3.85,0.13,6.92,0.54
2,臺北台新戰神,14|10865,錢肯尼/謝銘駿,19,677,797.0,10931.83,182.2,182:12,575.36,9.59,09:35,351.0,18.47,44.04,69.35,328.0,17.26,41.15,64.81,274.0,14.42,34.38,54.14,120.0,6.32,15.06,23.71,163.0,8.58,20.45,32.21,79.0,4.16,9.91,15.61,111.0,5.84,13.93,21.93,41.0,2.16,5.14,8.1,103.0,5.42,12.92,20.35,74.0,3.89,9.28,14.62,40.0,2.11,5.02,7.9,121.0,6.37,15.18,23.91,51.0,2.68,6.4,10.08,114.0,6.0,14.3,22.53,57.0,3.0,7.15,11.26,62.0,3.26,7.78,12.25,33.0,1.74,4.14,6.52,12.0,0.63,1.51,2.37,73.0,3.84,9.16,14.42,77.0,4.05,9.66,15.21,44.04,41.15,2.89,104.99,23.0,1.21,2.89,182.2,9.59,0.51,0.55,0.48,0.37,0.72,0.15,0.52,0.26,0.7,0.49,4.14,1.51,0.09,9.66,0.38
2,臺北台新戰神,10865|10869,謝銘駿/基德,15,884,1072.0,14548.02,242.47,242:28,969.87,16.16,16:10,489.0,32.6,45.62,72.6,450.0,30.0,41.98,66.81,393.0,26.2,36.66,58.35,167.0,11.13,15.58,24.8,232.0,15.47,21.64,34.45,117.0,7.8,10.91,17.37,161.0,10.73,15.02,23.9,50.0,3.33,4.66,7.42,143.0,9.53,13.34,21.23,105.0,7.0,9.79,15.59,70.0,4.67,6.53,10.39,168.0,11.2,15.67,24.94,73.0,4.87,6.81,10.84,157.0,10.47,14.65,23.31,66.0,4.4,6.16,9.8,92.0,6.13,8.58,13.66,31.0,2.07,2.89,4.6,18.0,1.2,1.68,2.67,110.0,7.33,10.26,16.33,143.0,9.53,13.34,21.23,45.62,41.98,3.64,106.11,39.0,2.6,3.64,242.47,16.16,0.49,0.54,0.5,0.31,0.73,0.13,0.55,0.31,0.7,0.51,2.89,1.68,0.1,13.34,0.36
2,臺北台新戰神,10865|10870,謝銘駿/洛夫頓,7,460,551.0,7858.8,130.98,130:59,1122.69,18.71,18:43,240.0,34.29,43.56,65.96,246.0,35.14,44.65,67.61,204.0,29.14,37.02,56.07,81.0,11.57,14.7,22.26,116.0,16.57,21.05,31.88,50.0,7.14,9.07,13.74,88.0,12.57,15.97,24.19,31.0,4.43,5.63,8.52,73.0,10.43,13.25,20.06,46.0,6.57,8.35,12.64,38.0,5.43,6.9,10.44,94.0,13.43,17.06,25.84,28.0,4.0,5.08,7.7,82.0,11.71,14.88,22.54,32.0,4.57,5.81,8.8,28.0,4.0,5.08,7.7,18.0,2.57,3.27,4.95,10.0,1.43,1.81,2.75,61.0,8.71,11.07,16.77,53.0,7.57,9.62,14.57,43.56,44.65,-1.09,100.96,-6.0,-0.86,-1.09,130.98,18.71,0.47,0.51,0.43,0.35,0.63,0.12,0.35,0.32,0.77,0.55,3.27,1.81,0.11,9.62,0.36
2,新北中信特攻,8889|10879,馬可/簡廷兆,25,989,1226.0,16277.81,271.3,271:18,651.11,10.85,10:51,488.0,19.52,39.8,64.76,507.0,20.28,41.35,67.28,459.0,18.36,37.44,60.91,171.0,6.84,13.95,22.69,267.0,10.68,21.78,35.43,118.0,4.72,9.62,15.66,192.0,7.68,15.66,25.48,53.0,2.12,4.32,7.03,138.0,5.52,11.26,18.31,95.0,3.8,7.75,12.61,101.0,4.04,8.24,13.4,204.0,8.16,16.64,27.07,93.0,3.72,7.59,12.34,190.0,7.6,15.5,25.21,76.0,3.04,6.2,10.08,102.0,4.08,8.32,13.53,42.0,1.68,3.43,5.57,25.0,1.0,2.04,3.32,126.0,5.04,10.28,16.72,119.0,4.76,9.71,15.79,39.8,41.35,-1.55,108.46,-19.0,-0.76,-1.55,271.3,10.85,0.43,0.47,0.44,0.28,0.69,0.13,0.6,0.35,0.69,0.52,3.43,2.04,0.1,9.71,0.3
2,新北中信特攻,8889|10880,馬可/內馬,17,1150,1393.0,18642.01,310.7,310:42,1096.59,18.28,18:17,629.0,37.0,45.15,72.88,567.0,33.35,40.7,65.7,544.0,32.0,39.05,63.03,235.0,13.82,16.87,27.23,337.0,19.82,24.19,39.05,175.0,10.29,12.56,20.28,207.0,12.18,14.86,23.98,60.0,3.53,4.31,6.95,136.0,8.0,9.76,15.76,98.0,5.76,7.04,11.35,118.0,6.94,8.47,13.67,199.0,11.71,14.29,23.06,85.0,5.0,6.1,9.85,220.0,12.94,15.79,25.49,97.0,5.71,6.96,11.24,132.0,7.76,9.48,15.29,50.0,2.94,3.59,5.79,22.0,1.29,1.58,2.55,140.0,8.24,10.05,16.22,112.0,6.59,8.04,12.98,45.15,40.7,4.45,107.6,62.0,3.65,4.45,310.7,18.28,0.49,0.52,0.52,0.29,0.72,0.14,0.56,0.35,0.7,0.51,3.59,1.58,0.1,8.04,0.25
2,臺北台新戰神,4|10865,張兆辰/謝銘駿,14,390,478.0,6328.41,105.47,105:28,452.03,7.53,07:32,189.0,13.5,39.54,64.51,214.0,15.29,44.77,73.04,166.0,11.86,34.73,56.66,62.0,4.43,12.97,21.16,99.0,7.07,20.71,33.79,39.0,2.79,8.16,13.31,67.0,4.79,14.02,22.87,23.0,1.64,4.81,7.85,63.0,4.5,13.18,21.5,40.0,2.86,8.37,13.65,33.0,2.36,6.9,11.26,82.0,5.86,17.15,27.99,32.0,2.29,6.69,10.92,67.0,4.79,14.02,22.87,30.0,2.14,6.28,10.24,20.0,1.43,4.18,6.83,19.0,1.36,3.97,6.49,7.0,0.5,1.46,2.39,47.0,3.36,9.83,16.04,42.0,3.0,8.79,14.34,39.54,44.77,-5.23,108.77,-25.0,-1.79,-5.23,105.47,7.53,0.44,0.49,0.39,0.34,0.63,0.13,0.32,0.33,0.72,0.54,3.97,1.46,0.1,8.79,0.38
2,臺北台新戰神,10865|10868,謝銘駿/齊曼加,7,349,436.0,5805.67,96.76,96:46,829.38,13.82,13:49,174.0,24.86,39.91,64.74,187.0,26.71,42.89,69.57,165.0,23.57,37.84,61.39,61.0,8.71,13.99,22.7,99.0,14.14,22.71,36.83,40.0,5.71,9.17,14.88,66.0,9.43,15.14,24.56,21.0,3.0,4.82,7.81,46.0,6.57,10.55,17.11,31.0,4.43,7.11,11.53,41.0,5.86,9.4,15.25,68.0,9.71,15.6,25.3,30.0,4.29,6.88,11.16,60.0,8.57,13.76,22.32,26.0,3.71,5.96,9.67,31.0,4.43,7.11,11.53,14.0,2.0,3.21,5.21,6.0,0.86,1.38,2.23,45.0,6.43,10.32,16.74,50.0,7.14,11.47,18.6,39.91,42.89,-2.98,108.14,-13.0,-1.86,-2.98,96.76,13.82,0.43,0.47,0.4,0.32,0.67,0.12,0.51,0.41,0.69,0.55,3.21,1.38,0.1,11.47,0.28
2,新北中信特攻,40|48,謝亞軒/李沛澄,4,58,69.0,876.7,14.61,14:37,219.18,3.65,03:39,35.0,8.75,50.72,86.23,27.0,6.75,39.13,66.52,26.0,6.5,37.68,64.06,11.0,2.75,15.94,27.1,9.0,2.25,13.04,22.17,6.0,1.5,8.7,14.78,17.0,4.25,24.64,41.88,5.0,1.25,7.25,12.32,10.0,2.5,14.49,24.64,8.0,2.0,11.59,19.71,4.0,1.0,5.8,9.86,10.0,2.5,14.49,24.64,4.0,1.0,5.8,9.86,10.0,2.5,14.49,24.64,3.0,0.75,4.35,7.39,6.0,1.5,8.7,14.78,2.0,0.5,2.9,4.93,1.0,0.25,1.45,2.46,5.0,1.25,7.25,12.32,8.0,2.0,11.59,19.71,50.72,39.13,11.59,113.33,8.0,2.0,11.59,14.61,3.65,0.52,0.58,0.67,0.29,0.8,0.09,0.55,0.29,0.71,0.5,2.9,1.45,0.07,11.59,0.38
2,新北中信特攻,40|8889,謝亞軒/馬可,23,2205,2612.0,35374.49,589.57,589:34,1538.02,25.63,25:38,1145.0,49.78,43.84,69.91,1109.0,48.22,42.46,67.72,978.0,42.52,37.44,59.72,431.0,18.74,16.5,26.32,598.0,26.0,22.89,36.51,323.0,14.04,12.37,19.72,380.0,16.52,14.55,23.2,108.0,4.7,4.13,6.59,254.0,11.04,9.72,15.51,172.0,7.48,6.58,10.5,176.0,7.65,6.74,10.75,398.0,17.3,15.24,24.3,152.0,6.61,5.82,9.28,424.0,18.43,16.23,25.89,201.0,8.74,7.7,12.27,278.0,12.09,10.64,16.97,99.0,4.3,3.79,6.05,35.0,1.52,1.34,2.14,248.0,10.78,9.49,15.14,216.0,9.39,8.27,13.19,43.84,42.46,1.38,106.33,36.0,1.57,1.38,589.57,25.63,0.5,0.53,0.54,0.28,0.68,0.16,0.65,0.29,0.72,0.5,3.79,1.34,0.09,8.27,0.26
2,臺北台新戰神,10|10865,雷蒙恩/謝銘駿,24,907,1100.0,14709.24,245.15,245:09,612.89,10.21,10:13,458.0,19.08,41.64,67.26,508.0,21.17,46.18,74.6,393.0,16.38,35.73,57.71,152.0,6.33,13.82,22.32,234.0,9.75,21.27,34.36,104.0,4.33,9.45,15.27,159.0,6.62,14.45,23.35,48.0,2.0,4.36,7.05,153.0,6.38,13.91,22.47,101.0,4.21,9.18,14.83,80.0,3.33,7.27,11.75,176.0,7.33,16.0,25.84,66.0,2.75,6.0,9.69,159.0,6.62,14.45,23.35,67.0,2.79,6.09,9.84,78.0,3.25,7.09,11.45,34.0,1.42,3.09,4.99,15.0,0.62,1.36,2.2,123.0,5.12,11.18,18.06,131.0,5.46,11.91,19.24,41.64,46.18,-4.55,107.69,-50.0,-2.08,-4.55,245.15,10.21,0.45,0.5,0.44,0.3,0.66,0.13,0.51,0.33,0.73,0.53,3.09,1.36,0.11,11.91,0.39
2,新北中信特攻,44|8889,黃泓瀚/馬可,21,679,792.0,10913.56,181.89,181:54,519.69,8.66,08:40,357.0,17.0,45.08,70.66,339.0,16.14,42.8,67.09,298.0,14.19,37.63,58.98,133.0,6.33,16.79,26.32,172.0,8.19,21.72,34.04,92.0,4.38,11.62,18.21,126.0,6.0,15.91,24.94,41.0,1.95,5.18,8.11,77.0,3.67,9.72,15.24,52.0,2.48,6.57,10.29,54.0,2.57,6.82,10.69,118.0,5.62,14.9,23.35,40.0,1.9,5.05,7.92,146.0,6.95,18.43,28.9,57.0,2.71,7.2,11.28,80.0,3.81,10.1,15.83,30.0,1.43,3.79,5.94,13.0,0.62,1.64,2.57,73.0,3.48,9.22,14.45,75.0,3.57,9.47,14.84,45.08,42.8,2.27,104.5,18.0,0.86,2.27,181.89,8.66,0.52,0.54,0.53,0.33,0.68,0.15,0.6,0.27,0.75,0.48,3.79,1.64,0.09,9.47,0.26
2,臺北台新戰神,3|10865,陳文宏/謝銘駿,15,285,342.0,4544.16,75.74,75:44,302.94,5.05,05:03,140.0,9.33,40.94,66.55,190.0,12.67,55.56,90.31,116.0,7.73,33.92,55.14,46.0,3.07,13.45,21.87,69.0,4.6,20.18,32.8,34.0,2.27,9.94,16.16,47.0,3.13,13.74,22.34,12.0,0.8,3.51,5.7,55.0,3.67,16.08,26.14,38.0,2.53,11.11,18.06,24.0,1.6,7.02,11.41,59.0,3.93,17.25,28.04,21.0,1.4,6.14,9.98,47.0,3.13,13.74,22.34,22.0,1.47,6.43,10.46,16.0,1.07,4.68,7.61,10.0,0.67,2.92,4.75,5.0,0.33,1.46,2.38,39.0,2.6,11.4,18.54,43.0,2.87,12.57,20.44,40.94,55.56,-14.62,108.38,-50.0,-3.33,-14.62,75.74,5.05,0.45,0.5,0.49,0.26,0.69,0.14,0.35,0.34,0.74,0.55,2.92,1.46,0.11,12.57,0.47
2,臺北台新戰神,10|10863,雷蒙恩/魏芃禾,12,310,380.0,4690.64,78.18,78:11,390.89,6.51,06:31,157.0,13.08,41.32,72.3,175.0,14.58,46.05,80.59,143.0,11.92,37.63,65.85,55.0,4.58,14.47,25.33,75.0,6.25,19.74,34.54,38.0,3.17,10.0,17.5,68.0,5.67,17.89,31.31,17.0,1.42,4.47,7.83,50.0,4.17,13.16,23.02,32.0,2.67,8.42,14.74,30.0,2.5,7.89,13.81,61.0,5.08,16.05,28.09,25.0,2.08,6.58,11.51,54.0,4.5,14.21,24.87,22.0,1.83,5.79,10.13,34.0,2.83,8.95,15.66,16.0,1.33,4.21,7.37,9.0,0.75,2.37,4.14,36.0,3.0,9.47,16.58,58.0,4.83,15.26,26.71,41.32,46.05,-4.74,116.66,-18.0,-1.5,-4.74,78.18,6.51,0.44,0.48,0.51,0.25,0.64,0.12,0.62,0.36,0.71,0.54,4.21,2.37,0.09,15.26,0.35
2,臺北台新戰神,10863|10865,魏芃禾/謝銘駿,15,173,222.0,2762.76,46.05,46:03,184.18,3.07,03:04,72.0,4.8,32.43,56.29,92.0,6.13,41.44,71.93,80.0,5.33,36.04,62.55,21.0,1.4,9.46,16.42,43.0,2.87,19.37,33.62,16.0,1.07,7.21,12.51,37.0,2.47,16.67,28.93,5.0,0.33,2.25,3.91,37.0,2.47,16.67,28.93,25.0,1.67,11.26,19.55,19.0,1.27,8.56,14.85,45.0,3.0,20.27,35.18,16.0,1.07,7.21,12.51,32.0,2.13,14.41,25.02,15.0,1.0,6.76,11.73,8.0,0.53,3.6,6.25,11.0,0.73,4.95,8.6,3.0,0.2,1.35,2.35,21.0,1.4,9.46,16.42,21.0,1.4,9.46,16.42,32.43,41.44,-9.01,115.71,-20.0,-1.33,-9.01,46.05,3.07,0.29,0.37,0.37,0.14,0.68,0.13,0.38,0.37,0.74,0.57,4.95,1.35,0.09,9.46,0.46
2,臺北台新戰神,10863|10868,魏芃禾/齊曼加,5,85,110.0,1394.33,23.24,23:14,278.87,4.65,04:39,40.0,8.0,36.36,61.97,45.0,9.0,40.91,69.71,48.0,9.6,43.64,74.36,14.0,2.8,12.73,21.69,26.0,5.2,23.64,40.28,10.0,2.0,9.09,15.49,22.0,4.4,20.0,34.08,4.0,0.8,3.64,6.2,13.0,2.6,11.82,20.14,8.0,1.6,7.27,12.39,15.0,3.0,13.64,23.24,21.0,4.2,19.09,32.53,9.0,1.8,8.18,13.94,14.0,2.8,12.73,21.69,6.0,1.2,5.45,9.29,9.0,1.8,8.18,13.94,4.0,0.8,3.64,6.2,2.0,0.4,1.82,3.1,11.0,2.2,10.0,17.04,9.0,1.8,8.18,13.94,36.36,40.91,-4.55,113.6,-5.0,-1.0,-4.55,23.24,4.65,0.33,0.37,0.38,0.18,0.62,0.1,0.64,0.52,0.7,0.61,3.64,1.82,0.1,8.18,0.27
2,臺北台新戰神,10863|10869,魏芃禾/基德,11,175,225.0,3075.98,51.27,51:16,279.63,4.66,04:40,65.0,5.91,28.89,45.64,93.0,8.45,41.33,65.31,87.0,7.91,38.67,61.09,22.0,2.0,9.78,15.45,40.0,3.64,17.78,28.09,15.0,1.36,6.67,10.53,47.0,4.27,20.89,33.0,7.0,0.64,3.11,4.92,22.0,2.0,9.78,15.45,15.0,1.36,6.67,10.53,18.0,1.64,8.0,12.64,50.0,4.55,22.22,35.11,22.0,2.0,9.78,15.45,33.0,3.0,14.67,23.17,13.0,1.18,5.78,9.13,11.0,1.0,4.89,7.72,7.0,0.64,3.11,4.92,5.0,0.45,2.22,3.51,19.0,1.73,8.44,13.34,34.0,3.09,15.11,23.88,28.89,41.33,-12.44,105.33,-28.0,-2.55,-12.44,51.27,4.66,0.29,0.34,0.38,0.15,0.68,0.12,0.5,0.35,0.69,0.55,3.11,2.22,0.08,15.11,0.25
2,臺北台新戰神,14|10863,錢肯尼/魏芃禾,12,139,169.0,2130.1,35.5,35:30,177.51,2.96,02:58,59.0,4.92,34.91,59.83,79.0,6.58,46.75,80.11,67.0,5.58,39.64,67.94,20.0,1.67,11.83,20.28,40.0,3.33,23.67,40.56,15.0,1.25,8.88,15.21,27.0,2.25,15.98,27.38,5.0,0.42,2.96,5.07,13.0,1.08,7.69,13.18,10.0,0.83,5.92,10.14,16.0,1.33,9.47,16.22,31.0,2.58,18.34,31.44,10.0,0.83,5.92,10.14,20.0,1.67,11.83,20.28,12.0,1.0,7.1,12.17,14.0,1.17,8.28,14.2,7.0,0.58,4.14,7.1,4.0,0.33,2.37,4.06,11.0,0.92,6.51,11.15,18.0,1.5,10.65,18.25,34.91,46.75,-11.83,114.25,-20.0,-1.67,-11.83,35.5,2.96,0.34,0.41,0.38,0.19,0.77,0.14,0.7,0.44,0.76,0.61,4.14,2.37,0.07,10.65,0.19
2,臺北台新戰神,7|14,孫思堯/錢肯尼,3,45,56.0,597.06,9.95,09:57,199.02,3.32,03:19,12.0,4.0,21.43,43.41,17.0,5.67,30.36,61.5,14.0,4.67,25.0,50.65,3.0,1.0,5.36,10.85,5.0,1.67,8.93,18.09,2.0,0.67,3.57,7.24,9.0,3.0,16.07,32.56,1.0,0.33,1.79,3.62,5.0,1.67,8.93,18.09,5.0,1.67,8.93,18.09,1.0,0.33,1.79,3.62,9.0,3.0,16.07,32.56,7.0,2.33,12.5,25.32,10.0,3.33,17.86,36.18,7.0,2.33,12.5,25.32,1.0,0.33,1.79,3.62,2.0,0.67,3.57,7.24,2.0,0.67,3.57,7.24,7.0,2.33,12.5,25.32,8.0,2.67,14.29,28.94,21.43,30.36,-8.93,135.06,-5.0,-1.67,-8.93,9.95,3.32,0.25,0.37,0.4,0.11,1.0,0.3,0.33,0.09,0.56,0.37,3.57,3.57,0.12,14.29,0.36
2,臺北台新戰神,7|10865,孫思堯/謝銘駿,3,35,44.0,424.52,7.08,07:05,141.51,2.36,02:22,11.0,3.67,25.0,55.97,13.0,4.33,29.55,66.14,15.0,5.0,34.09,76.32,3.0,1.0,6.82,15.26,6.0,2.0,13.64,30.53,2.0,0.67,4.55,10.18,9.0,3.0,20.45,45.79,1.0,0.33,2.27,5.09,5.0,1.67,11.36,25.44,5.0,1.67,11.36,25.44,3.0,1.0,6.82,15.26,6.0,2.0,13.64,30.53,4.0,1.33,9.09,20.35,6.0,2.0,13.64,30.53,5.0,1.67,11.36,25.44,2.0,0.67,4.55,10.18,2.0,0.67,4.55,10.18,1.0,0.33,2.27,5.09,6.0,2.0,13.64,30.53,8.0,2.67,18.18,40.7,25.0,29.55,-4.55,149.25,-2.0,-0.67,-4.55,7.08,2.36,0.23,0.32,0.33,0.11,1.0,0.23,0.67,0.33,0.6,0.47,4.55,2.27,0.14,18.18,0.33
2,臺北台新戰神,2|10,江均/雷蒙恩,6,124,145.0,1908.92,31.82,31:49,318.15,5.3,05:18,76.0,12.67,52.41,86.0,79.0,13.17,54.48,89.39,53.0,8.83,36.55,59.97,29.0,4.83,20.0,32.81,34.0,5.67,23.45,38.47,23.0,3.83,15.86,26.03,19.0,3.17,13.1,21.5,6.0,1.0,4.14,6.79,19.0,3.17,13.1,21.5,11.0,1.83,7.59,12.45,11.0,1.83,7.59,12.45,17.0,2.83,11.72,19.24,6.0,1.0,4.14,6.79,20.0,3.33,13.79,22.63,10.0,1.67,6.9,11.32,14.0,2.33,9.66,15.84,7.0,1.17,4.83,7.92,2.0,0.33,1.38,2.26,12.0,2.0,8.28,13.58,26.0,4.33,17.93,29.42,52.41,54.48,-2.07,109.38,-3.0,-0.5,-2.07,31.82,5.3,0.6,0.62,0.68,0.32,0.58,0.14,0.48,0.35,0.74,0.52,4.83,1.38,0.08,17.93,0.36
2,臺北台新戰神,2|10865,江均/謝銘駿,10,146,181.0,2658.23,44.3,44:18,265.82,4.43,04:26,64.0,6.4,35.36,52.0,83.0,8.3,45.86,67.44,59.0,5.9,32.6,47.94,23.0,2.3,12.71,18.69,34.0,3.4,18.78,27.63,16.0,1.6,8.84,13.0,25.0,2.5,13.81,20.31,7.0,0.7,3.87,5.69,22.0,2.2,12.15,17.88,10.0,1.0,5.52,8.13,14.0,1.4,7.73,11.38,31.0,3.1,17.13,25.19,12.0,1.2,6.63,9.75,25.0,2.5,13.81,20.31,17.0,1.7,9.39,13.81,9.0,0.9,4.97,7.31,11.0,1.1,6.08,8.94,6.0,0.6,3.31,4.88,14.0,1.4,7.73,11.38,20.0,2.0,11.05,16.25,35.36,45.86,-10.5,98.05,-19.0,-1.9,-10.5,44.3,4.43,0.45,0.47,0.47,0.28,0.45,0.2,0.39,0.36,0.72,0.55,6.08,3.31,0.08,11.05,0.37
2,臺北台新戰神,2|10869,江均/基德,3,14,20.0,179.54,2.99,03:00,59.85,1.0,01:00,6.0,2.0,30.0,72.18,6.0,2.0,30.0,72.18,5.0,1.67,25.0,60.15,2.0,0.67,10.0,24.06,2.0,0.67,10.0,24.06,1.0,0.33,5.0,12.03,3.0,1.0,15.0,36.09,1.0,0.33,5.0,12.03,1.0,0.33,5.0,12.03,0.0,0.0,0.0,0.0,3.0,1.0,15.0,36.09,1.0,0.33,5.0,12.03,2.0,0.67,10.0,24.06,0.0,0.0,0.0,0.0,3.0,1.0,15.0,36.09,0.0,0.0,0.0,0.0,1.0,0.33,5.0,12.03,0.0,0.0,0.0,0.0,1.0,0.33,5.0,12.03,3.0,1.0,15.0,36.09,30.0,30.0,0.0,160.41,0.0,0.0,0.0,2.99,1.0,0.5,0.55,0.5,0.33,0.0,0.36,0.0,1.0,0.33,0.67,5.0,0.0,0.05,15.0,0.2
2,臺北台新戰神,2|10870,江均/洛夫頓,4,56,71.0,1061.59,17.69,17:42,265.4,4.42,04:25,23.0,5.75,32.39,46.8,28.0,7.0,39.44,56.97,23.0,5.75,32.39,46.8,8.0,2.0,11.27,16.28,14.0,3.5,19.72,28.49,5.0,1.25,7.04,10.17,9.0,2.25,12.68,18.31,3.0,0.75,4.23,6.1,8.0,2.0,11.27,16.28,3.0,0.75,4.23,6.1,7.0,1.75,9.86,14.24,11.0,2.75,15.49,22.38,6.0,1.5,8.45,12.21,7.0,1.75,9.86,14.24,8.0,2.0,11.27,16.28,0.0,0.0,0.0,0.0,5.0,1.25,7.04,10.17,4.0,1.0,5.63,8.14,5.0,1.25,7.04,10.17,8.0,2.0,11.27,16.28,32.39,39.44,-7.04,96.31,-5.0,-1.25,-7.04,17.69,4.42,0.41,0.43,0.36,0.33,0.38,0.23,0.0,0.5,0.65,0.58,7.04,5.63,0.07,11.27,0.35
2,新竹御嵿攻城獅,75|76,高國豪/曾柏喻,26,2407,2862.0,39759.95,662.67,662:40,1529.23,25.49,25:29,1329.0,51.12,46.44,72.2,1186.0,45.62,41.44,64.43,1069.0,41.12,37.35,58.07,488.0,18.77,17.05,26.51,676.0,26.0,23.62,36.72,353.0,13.58,12.33,19.18,393.0,15.12,13.73,21.35,135.0,5.19,4.72,7.33,301.0,11.58,10.52,16.35,214.0,8.23,7.48,11.63,173.0,6.65,6.04,9.4,449.0,17.27,15.69,24.39,184.0,7.08,6.43,10.0,458.0,17.62,16.0,24.88,183.0,7.04,6.39,9.94,305.0,11.73,10.66,16.57,103.0,3.96,3.6,5.6,42.0,1.62,1.47,2.28,279.0,10.73,9.75,15.16,213.0,8.19,7.44,11.57,46.44,41.44,5.0,103.65,143.0,5.5,5.0,662.67,25.49,0.52,0.55,0.52,0.34,0.71,0.13,0.62,0.27,0.71,0.49,3.6,1.47,0.1,7.44,0.28
2,新竹御嵿攻城獅,75|90,高國豪/李啓瑋,15,580,699.0,9531.04,158.85,158:51,635.4,10.59,10:35,338.0,22.53,48.35,76.6,317.0,21.13,45.35,71.84,259.0,17.27,37.05,58.7,127.0,8.47,18.17,28.78,160.0,10.67,22.89,36.26,89.0,5.93,12.73,20.17,99.0,6.6,14.16,22.44,38.0,2.53,5.44,8.61,57.0,3.8,8.15,12.92,46.0,3.07,6.58,10.42,40.0,2.67,5.72,9.07,95.0,6.33,13.59,21.53,56.0,3.73,8.01,12.69,104.0,6.93,14.88,23.57,45.0,3.0,6.44,10.2,68.0,4.53,9.73,15.41,24.0,1.6,3.43,5.44,12.0,0.8,1.72,2.72,65.0,4.33,9.3,14.73,49.0,3.27,7.01,11.1,48.35,45.35,3.0,105.61,21.0,1.4,3.0,158.85,10.59,0.56,0.59,0.56,0.38,0.81,0.14,0.54,0.28,0.63,0.46,3.43,1.72,0.09,7.01,0.22
2,新竹御嵿攻城獅,75|10887,高國豪/德魯,25,2568,3075.0,42546.21,709.1,709:06,1701.85,28.36,28:22,1435.0,57.4,46.67,72.85,1287.0,51.48,41.85,65.34,1143.0,45.72,37.17,58.03,514.0,20.56,16.72,26.09,710.0,28.4,23.09,36.05,362.0,14.48,11.77,18.38,433.0,17.32,14.08,21.98,152.0,6.08,4.94,7.72,352.0,14.08,11.45,17.87,258.0,10.32,8.39,13.1,196.0,7.84,6.37,9.95,474.0,18.96,15.41,24.06,197.0,7.88,6.41,10.0,498.0,19.92,16.2,25.28,186.0,7.44,6.05,9.44,332.0,13.28,10.8,16.86,102.0,4.08,3.32,5.18,46.0,1.84,1.5,2.34,317.0,12.68,10.31,16.09,254.0,10.16,8.26,12.9,46.67,41.85,4.81,104.08,148.0,5.92,4.81,709.1,28.36,0.52,0.55,0.51,0.35,0.73,0.13,0.65,0.28,0.71,0.49,3.32,1.5,0.1,8.26,0.31
2,新竹御嵿攻城獅,75|10888,高國豪/帕塞獅,18,1382,1643.0,23399.74,390.0,390:00,1299.99,21.67,21:40,751.0,41.72,45.71,69.32,659.0,36.61,40.11,60.83,632.0,35.11,38.47,58.34,286.0,15.89,17.41,26.4,405.0,22.5,24.65,37.39,211.0,11.72,12.84,19.48,227.0,12.61,13.82,20.95,75.0,4.17,4.56,6.92,153.0,8.5,9.31,14.12,102.0,5.67,6.21,9.42,104.0,5.78,6.33,9.6,265.0,14.72,16.13,24.46,96.0,5.33,5.84,8.86,276.0,15.33,16.8,25.48,99.0,5.5,6.03,9.14,174.0,9.67,10.59,16.06,50.0,2.78,3.04,4.62,22.0,1.22,1.34,2.03,149.0,8.28,9.07,13.75,121.0,6.72,7.36,11.17,45.71,40.11,5.6,101.11,92.0,5.11,5.6,390.0,21.67,0.51,0.54,0.52,0.33,0.67,0.12,0.61,0.27,0.73,0.5,3.04,1.34,0.09,7.36,0.24
2,新竹御嵿攻城獅,76|90,曾柏喻/李啓瑋,17,629,758.0,10867.76,181.13,181:08,639.28,10.65,10:39,356.0,20.94,46.97,70.76,332.0,19.53,43.8,65.99,278.0,16.35,36.68,55.25,134.0,7.88,17.68,26.63,176.0,10.35,23.22,34.98,98.0,5.76,12.93,19.48,102.0,6.0,13.46,20.27,36.0,2.12,4.75,7.16,63.0,3.71,8.31,12.52,52.0,3.06,6.86,10.34,42.0,2.47,5.54,8.35,104.0,6.12,13.72,20.67,57.0,3.35,7.52,11.33,122.0,7.18,16.09,24.25,55.0,3.24,7.26,10.93,75.0,4.41,9.89,14.91,30.0,1.76,3.96,5.96,11.0,0.65,1.45,2.19,72.0,4.24,9.5,14.31,60.0,3.53,7.92,11.93,46.97,43.8,3.17,100.44,24.0,1.41,3.17,181.13,10.65,0.55,0.58,0.56,0.35,0.83,0.15,0.56,0.26,0.65,0.45,3.96,1.45,0.09,7.92,0.23
2,新竹御嵿攻城獅,76|10887,曾柏喻/德魯,28,2717,3237.0,44882.51,748.04,748:03,1602.95,26.72,26:43,1482.0,52.93,45.78,71.32,1365.0,48.75,42.17,65.69,1160.0,41.43,35.84,55.83,530.0,18.93,16.37,25.51,724.0,25.86,22.37,34.84,378.0,13.5,11.68,18.19,436.0,15.57,13.47,20.98,152.0,5.43,4.7,7.32,371.0,13.25,11.46,17.85,270.0,9.64,8.34,12.99,182.0,6.5,5.62,8.76,493.0,17.61,15.23,23.73,218.0,7.79,6.73,10.49,541.0,19.32,16.71,26.04,220.0,7.86,6.8,10.59,351.0,12.54,10.84,16.89,121.0,4.32,3.74,5.82,48.0,1.71,1.48,2.31,341.0,12.18,10.53,16.41,260.0,9.29,8.03,12.51,45.78,42.17,3.61,103.86,117.0,4.18,3.61,748.04,26.72,0.52,0.56,0.52,0.35,0.73,0.14,0.66,0.25,0.69,0.47,3.74,1.48,0.11,8.03,0.32
2,新竹御嵿攻城獅,76|10888,曾柏喻/帕塞獅,19,1584,1915.0,26743.06,445.72,445:43,1407.53,23.46,23:28,856.0,45.05,44.7,69.14,782.0,41.16,40.84,63.16,708.0,37.26,36.97,57.18,323.0,17.0,16.87,26.09,445.0,23.42,23.24,35.94,237.0,12.47,12.38,19.14,263.0,13.84,13.73,21.24,86.0,4.53,4.49,6.95,185.0,9.74,9.66,14.94,122.0,6.42,6.37,9.85,124.0,6.53,6.48,10.02,291.0,15.32,15.2,23.5,124.0,6.53,6.48,10.02,319.0,16.79,16.66,25.77,137.0,7.21,7.15,11.07,195.0,10.26,10.18,15.75,70.0,3.68,3.66,5.65,23.0,1.21,1.2,1.86,201.0,10.58,10.5,16.23,137.0,7.21,7.15,11.07,44.7,40.84,3.86,103.11,74.0,3.89,3.86,445.72,23.46,0.52,0.54,0.53,0.33,0.66,0.15,0.6,0.28,0.7,0.48,3.66,1.2,0.1,7.15,0.26
2,新竹御嵿攻城獅,90|10887,李啓瑋/德魯,17,706,842.0,11004.59,183.41,183:25,647.33,10.79,10:47,412.0,24.24,48.93,80.87,371.0,21.82,44.06,72.82,302.0,17.76,35.87,59.28,148.0,8.71,17.58,29.05,179.0,10.53,21.26,35.13,103.0,6.06,12.23,20.22,123.0,7.24,14.61,24.14,45.0,2.65,5.34,8.83,89.0,5.24,10.57,17.47,72.0,4.24,8.55,14.13,46.0,2.71,5.46,9.03,110.0,6.47,13.06,21.59,57.0,3.35,6.77,11.19,137.0,8.06,16.27,26.89,61.0,3.59,7.24,11.97,88.0,5.18,10.45,17.27,32.0,1.88,3.8,6.28,10.0,0.59,1.19,1.96,91.0,5.35,10.81,17.86,62.0,3.65,7.36,12.17,48.93,44.06,4.87,110.18,41.0,2.41,4.87,183.41,10.79,0.56,0.6,0.58,0.37,0.81,0.15,0.59,0.25,0.66,0.45,3.8,1.19,0.11,7.36,0.29
2,新竹御嵿攻城獅,90|10888,李啓瑋/帕塞獅,10,407,484.0,6627.77,110.46,110:28,662.78,11.05,11:03,225.0,22.5,46.49,73.33,211.0,21.1,43.6,68.77,170.0,17.0,35.12,55.4,85.0,8.5,17.56,27.7,106.0,10.6,21.9,34.55,61.0,6.1,12.6,19.88,64.0,6.4,13.22,20.86,24.0,2.4,4.96,7.82,40.0,4.0,8.26,13.04,31.0,3.1,6.4,10.1,25.0,2.5,5.17,8.15,62.0,6.2,12.81,20.21,27.0,2.7,5.58,8.8,86.0,8.6,17.77,28.03,43.0,4.3,8.88,14.01,53.0,5.3,10.95,17.27,24.0,2.4,4.96,7.82,8.0,0.8,1.65,2.61,52.0,5.2,10.74,16.95,31.0,3.1,6.4,10.1,46.49,43.6,2.89,105.16,14.0,1.4,2.89,110.46,11.05,0.57,0.6,0.58,0.38,0.78,0.19,0.62,0.23,0.7,0.44,4.96,1.65,0.11,6.4,0.24
2,新竹御嵿攻城獅,10887|10888,德魯/帕塞獅,19,1336,1600.0,22004.36,366.74,366:44,1158.12,19.3,19:18,735.0,38.68,45.94,72.15,648.0,34.11,40.5,63.61,592.0,31.16,37.0,58.11,276.0,14.53,17.25,27.09,386.0,20.32,24.12,37.89,207.0,10.89,12.94,20.32,206.0,10.84,12.88,20.22,69.0,3.63,4.31,6.77,169.0,8.89,10.56,16.59,115.0,6.05,7.19,11.29,98.0,5.16,6.12,9.62,245.0,12.89,15.31,24.05,90.0,4.74,5.62,8.83,283.0,14.89,17.69,27.78,103.0,5.42,6.44,10.11,171.0,9.0,10.69,16.79,52.0,2.74,3.25,5.1,21.0,1.11,1.31,2.06,172.0,9.05,10.75,16.88,111.0,5.84,6.94,10.9,45.94,40.5,5.44,104.71,87.0,4.58,5.44,366.74,19.3,0.52,0.55,0.54,0.33,0.68,0.13,0.62,0.26,0.73,0.48,3.25,1.31,0.11,6.94,0.29
2,新竹御嵿攻城獅,75|10862,高國豪/提傑,23,1743,2078.0,28989.36,483.16,483:09,1260.41,21.01,21:00,923.0,40.13,44.42,68.77,863.0,37.52,41.53,64.3,751.0,32.65,36.14,55.96,320.0,13.91,15.4,23.84,433.0,18.83,20.84,32.26,210.0,9.13,10.11,15.65,318.0,13.83,15.3,23.69,110.0,4.78,5.29,8.2,226.0,9.83,10.88,16.84,168.0,7.3,8.08,12.52,127.0,5.52,6.11,9.46,322.0,14.0,15.5,23.99,158.0,6.87,7.6,11.77,311.0,13.52,14.97,23.17,143.0,6.22,6.88,10.65,215.0,9.35,10.35,16.02,83.0,3.61,3.99,6.18,29.0,1.26,1.4,2.16,194.0,8.43,9.34,14.45,180.0,7.83,8.66,13.41,44.42,41.53,2.89,103.22,60.0,2.61,2.89,483.16,21.01,0.5,0.54,0.48,0.35,0.74,0.14,0.67,0.29,0.67,0.49,3.99,1.4,0.09,8.66,0.3
2,新竹御嵿攻城獅,76|10862,曾柏喻/提傑,25,1589,1894.0,26901.69,448.36,448:22,1076.07,17.93,17:56,817.0,32.68,43.14,65.6,787.0,31.48,41.55,63.19,662.0,26.48,34.95,53.15,288.0,11.52,15.21,23.12,401.0,16.04,21.17,32.2,202.0,8.08,10.67,16.22,261.0,10.44,13.78,20.96,86.0,3.44,4.54,6.91,210.0,8.4,11.09,16.86,153.0,6.12,8.08,12.28,102.0,4.08,5.39,8.19,290.0,11.6,15.31,23.28,148.0,5.92,7.81,11.88,280.0,11.2,14.78,22.48,150.0,6.0,7.92,12.04,181.0,7.24,9.56,14.53,83.0,3.32,4.38,6.66,23.0,0.92,1.21,1.85,179.0,7.16,9.45,14.37,160.0,6.4,8.45,12.85,43.14,41.55,1.58,101.38,30.0,1.2,1.58,448.36,17.93,0.5,0.54,0.5,0.33,0.73,0.17,0.63,0.27,0.66,0.48,4.38,1.21,0.09,8.45,0.32
2,新竹御嵿攻城獅,90|10862,李啓瑋/提傑,15,553,669.0,9587.75,159.8,159:48,639.18,10.65,10:39,291.0,19.4,43.5,65.56,270.0,18.0,40.36,60.83,234.0,15.6,34.98,52.72,102.0,6.8,15.25,22.98,141.0,9.4,21.08,31.77,70.0,4.67,10.46,15.77,93.0,6.2,13.9,20.95,32.0,2.13,4.78,7.21,66.0,4.4,9.87,14.87,55.0,3.67,8.22,12.39,33.0,2.2,4.93,7.43,102.0,6.8,15.25,22.98,65.0,4.33,9.72,14.64,103.0,6.87,15.4,23.2,47.0,3.13,7.03,10.59,61.0,4.07,9.12,13.74,26.0,1.73,3.89,5.86,7.0,0.47,1.05,1.58,60.0,4.0,8.97,13.52,53.0,3.53,7.92,11.94,43.5,40.36,3.14,100.48,21.0,1.4,3.14,159.8,10.65,0.5,0.55,0.5,0.34,0.83,0.15,0.6,0.24,0.61,0.45,3.89,1.05,0.09,7.92,0.28
2,新竹御嵿攻城獅,10862|10887,提傑/德魯,24,1637,1968.0,26618.84,443.65,443:39,1109.12,18.49,18:29,872.0,36.33,44.31,70.76,809.0,33.71,41.11,65.65,682.0,28.42,34.65,55.34,286.0,11.92,14.53,23.21,395.0,16.46,20.07,32.05,186.0,7.75,9.45,15.09,287.0,11.96,14.58,23.29,100.0,4.17,5.08,8.11,261.0,10.88,13.26,21.18,200.0,8.33,10.16,16.23,112.0,4.67,5.69,9.09,304.0,12.67,15.45,24.67,157.0,6.54,7.98,12.74,304.0,12.67,15.45,24.67,136.0,5.67,6.91,11.04,206.0,8.58,10.47,16.72,75.0,3.12,3.81,6.09,27.0,1.12,1.37,2.19,207.0,8.62,10.52,16.8,170.0,7.08,8.64,13.79,44.31,41.11,3.2,106.46,63.0,2.62,3.2,443.65,18.49,0.49,0.55,0.47,0.35,0.77,0.15,0.72,0.27,0.66,0.47,3.81,1.37,0.11,8.64,0.38
2,高雄全家海神,118|12668,蘇文儒/歐提斯,9,501,605.0,8273.46,137.89,137:53,919.27,15.32,15:19,264.0,29.33,43.64,68.92,268.0,29.78,44.3,69.97,222.0,24.67,36.69,57.96,89.0,9.89,14.71,23.24,110.0,12.22,18.18,28.72,50.0,5.56,8.26,13.05,112.0,12.44,18.51,29.24,39.0,4.33,6.45,10.18,61.0,6.78,10.08,15.93,48.0,5.33,7.93,12.53,33.0,3.67,5.45,8.62,108.0,12.0,17.85,28.2,44.0,4.89,7.27,11.49,80.0,8.89,13.22,20.89,42.0,4.67,6.94,10.97,53.0,5.89,8.76,13.84,24.0,2.67,3.97,6.27,6.0,0.67,0.99,1.57,59.0,6.56,9.75,15.4,71.0,7.89,11.74,18.54,43.64,44.3,-0.66,105.3,-4.0,-0.44,-0.66,137.89,15.32,0.49,0.53,0.45,0.35,0.79,0.14,0.6,0.29,0.71,0.53,3.97,0.99,0.1,11.74,0.27
2,高雄全家海神,122|12668,陳懷安/歐提斯,10,456,540.0,7102.71,118.38,118:23,710.27,11.84,11:50,198.0,19.8,36.67,60.21,267.0,26.7,49.44,81.2,178.0,17.8,32.96,54.13,70.0,7.0,12.96,21.29,94.0,9.4,17.41,28.59,45.0,4.5,8.33,13.68,84.0,8.4,15.56,25.55,25.0,2.5,4.63,7.6,46.0,4.6,8.52,13.99,35.0,3.5,6.48,10.64,23.0,2.3,4.26,6.99,85.0,8.5,15.74,25.85,37.0,3.7,6.85,11.25,55.0,5.5,10.19,16.73,56.0,5.6,10.37,17.03,48.0,4.8,8.89,14.6,38.0,3.8,7.04,11.56,2.0,0.2,0.37,0.61,43.0,4.3,7.96,13.08,87.0,8.7,16.11,26.46,36.67,49.44,-12.78,109.48,-69.0,-6.9,-12.78,118.38,11.84,0.46,0.5,0.48,0.3,0.76,0.22,0.69,0.29,0.7,0.54,7.04,0.37,0.08,16.11,0.26
2,高雄全家海神,123|12668,勤明慶/歐提斯,8,314,379.0,4912.03,81.87,81:52,614.0,10.23,10:14,146.0,18.25,38.52,64.2,174.0,21.75,45.91,76.51,136.0,17.0,35.88,59.8,50.0,6.25,13.19,21.99,75.0,9.38,19.79,32.98,30.0,3.75,7.92,13.19,61.0,7.62,16.09,26.82,20.0,2.5,5.28,8.79,30.0,3.75,7.92,13.19,24.0,3.0,6.33,10.55,19.0,2.38,5.01,8.36,69.0,8.62,18.21,30.34,30.0,3.75,7.92,13.19,42.0,5.25,11.08,18.47,29.0,3.62,7.65,12.75,34.0,4.25,8.97,14.95,16.0,2.0,4.22,7.04,5.0,0.62,1.32,2.2,23.0,2.88,6.07,10.11,64.0,8.0,16.89,28.14,38.52,45.91,-7.39,111.11,-28.0,-3.5,-7.39,81.87,10.23,0.44,0.49,0.4,0.33,0.8,0.16,0.68,0.31,0.7,0.55,4.22,1.32,0.06,16.89,0.22
2,高雄全家海神,10892|12668,詹姆斯/歐提斯,2,102,118.0,1495.83,24.93,24:56,747.91,12.47,12:28,55.0,27.5,46.61,79.42,61.0,30.5,51.69,88.08,45.0,22.5,38.14,64.98,18.0,9.0,15.25,25.99,22.0,11.0,18.64,31.77,11.0,5.5,9.32,15.88,23.0,11.5,19.49,33.21,7.0,3.5,5.93,10.11,13.0,6.5,11.02,18.77,12.0,6.0,10.17,17.33,7.0,3.5,5.93,10.11,21.0,10.5,17.8,30.32,6.0,3.0,5.08,8.66,15.0,7.5,12.71,21.66,7.0,3.5,5.93,10.11,9.0,4.5,7.63,13.0,6.0,3.0,5.08,8.66,2.0,1.0,1.69,2.89,7.0,3.5,5.93,10.11,22.0,11.0,18.64,31.77,46.61,51.69,-5.08,113.6,-6.0,-3.0,-5.08,24.93,12.47,0.48,0.54,0.5,0.3,0.92,0.12,0.5,0.32,0.78,0.57,5.08,1.69,0.06,18.64,0.29
2,新竹御嵿攻城獅,75|82,高國豪/蕭順議,8,170,201.0,2603.27,43.39,43:23,325.41,5.42,05:25,88.0,11.0,43.78,73.02,68.0,8.5,33.83,56.42,81.0,10.12,40.3,67.21,34.0,4.25,16.92,28.21,51.0,6.38,25.37,42.32,29.0,3.62,14.43,24.06,30.0,3.75,14.93,24.89,5.0,0.62,2.49,4.15,19.0,2.38,9.45,15.76,15.0,1.88,7.46,12.45,14.0,1.75,6.97,11.62,32.0,4.0,15.92,26.55,9.0,1.12,4.48,7.47,35.0,4.38,17.41,29.04,10.0,1.25,4.98,8.3,21.0,2.62,10.45,17.42,7.0,0.88,3.48,5.81,0.0,0.0,0.0,0.0,16.0,2.0,7.96,13.28,25.0,3.12,12.44,20.74,43.78,33.83,9.95,111.18,20.0,2.5,9.95,43.39,5.42,0.45,0.49,0.57,0.17,0.79,0.1,0.62,0.29,0.78,0.51,3.48,0.0,0.08,12.44,0.23
2,新竹御嵿攻城獅,76|82,曾柏喻/蕭順議,11,327,403.0,5460.82,91.01,91:01,496.44,8.27,08:16,170.0,15.45,42.18,67.24,165.0,15.0,40.94,65.26,146.0,13.27,36.23,57.75,66.0,6.0,16.38,26.11,98.0,8.91,24.32,38.76,52.0,4.73,12.9,20.57,48.0,4.36,11.91,18.99,14.0,1.27,3.47,5.54,34.0,3.09,8.44,13.45,22.0,2.0,5.46,8.7,29.0,2.64,7.2,11.47,55.0,5.0,13.65,21.75,26.0,2.36,6.45,10.28,72.0,6.55,17.87,28.48,35.0,3.18,8.68,13.84,35.0,3.18,8.68,13.84,21.0,1.91,5.21,8.31,0.0,0.0,0.0,0.0,44.0,4.0,10.92,17.4,38.0,3.45,9.43,15.03,42.18,40.94,1.24,106.27,5.0,0.45,1.24,91.01,8.27,0.5,0.53,0.53,0.29,0.65,0.18,0.53,0.29,0.68,0.46,5.21,0.0,0.11,9.43,0.23
2,新竹御嵿攻城獅,82|10862,蕭順議/提傑,10,274,332.0,4432.35,73.87,73:52,443.23,7.39,07:23,145.0,14.5,43.67,70.66,151.0,15.1,45.48,73.59,119.0,11.9,35.84,57.99,55.0,5.5,16.57,26.8,75.0,7.5,22.59,36.55,43.0,4.3,12.95,20.96,44.0,4.4,13.25,21.44,12.0,1.2,3.61,5.85,38.0,3.8,11.45,18.52,23.0,2.3,6.93,11.21,24.0,2.4,7.23,11.7,46.0,4.6,13.86,22.42,16.0,1.6,4.82,7.8,48.0,4.8,14.46,23.39,28.0,2.8,8.43,13.65,28.0,2.8,8.43,13.65,15.0,1.5,4.52,7.31,3.0,0.3,0.9,1.46,32.0,3.2,9.64,15.59,30.0,3.0,9.04,14.62,43.67,45.48,-1.81,107.86,-6.0,-0.6,-1.81,73.87,7.39,0.51,0.53,0.57,0.27,0.61,0.17,0.51,0.33,0.74,0.52,4.52,0.9,0.1,9.04,0.32
2,新竹御嵿攻城獅,82|10887,蕭順議/德魯,10,412,498.0,7171.89,119.53,119:32,717.19,11.95,11:57,194.0,19.4,38.96,58.43,197.0,19.7,39.56,59.33,161.0,16.1,32.33,48.49,71.0,7.1,14.26,21.38,107.0,10.7,21.49,32.23,57.0,5.7,11.45,17.17,54.0,5.4,10.84,16.26,14.0,1.4,2.81,4.22,56.0,5.6,11.24,16.87,38.0,3.8,7.63,11.44,30.0,3.0,6.02,9.04,65.0,6.5,13.05,19.58,29.0,2.9,5.82,8.73,78.0,7.8,15.66,23.49,50.0,5.0,10.04,15.06,42.0,4.2,8.43,12.65,23.0,2.3,4.62,6.93,5.0,0.5,1.0,1.51,59.0,5.9,11.85,17.77,54.0,5.4,10.84,16.26,38.96,39.56,-0.6,99.99,-3.0,-0.3,-0.6,119.53,11.95,0.48,0.52,0.53,0.26,0.68,0.21,0.59,0.28,0.69,0.47,4.62,1.0,0.12,10.84,0.35
2,高雄全家海神,45|12668,施晉堯/歐提斯,10,432,512.0,6773.81,112.9,112:54,677.38,11.29,11:17,209.0,20.9,40.82,66.64,260.0,26.0,50.78,82.91,175.0,17.5,34.18,55.8,74.0,7.4,14.45,23.6,87.0,8.7,16.99,27.74,40.0,4.0,7.81,12.76,88.0,8.8,17.19,28.06,34.0,3.4,6.64,10.84,43.0,4.3,8.4,13.71,27.0,2.7,5.27,8.61,25.0,2.5,4.88,7.97,86.0,8.6,16.8,27.42,33.0,3.3,6.45,10.52,67.0,6.7,13.09,21.36,46.0,4.6,8.98,14.67,46.0,4.6,8.98,14.67,26.0,2.6,5.08,8.29,6.0,0.6,1.17,1.91,49.0,4.9,9.57,15.62,62.0,6.2,12.11,19.77,40.82,50.78,-9.96,108.84,-51.0,-5.1,-9.96,112.9,11.29,0.52,0.54,0.46,0.39,0.63,0.19,0.62,0.27,0.72,0.53,5.08,1.17,0.1,12.11,0.25
2,高雄全家海神,109|12668,于煥亞/歐提斯,8,468,572.0,7046.7,117.45,117:27,880.84,14.68,14:41,222.0,27.75,38.81,68.05,290.0,36.25,50.7,88.89,188.0,23.5,32.87,57.63,73.0,9.12,12.76,22.38,98.0,12.25,17.13,30.04,51.0,6.38,8.92,15.63,90.0,11.25,15.73,27.59,22.0,2.75,3.85,6.74,61.0,7.62,10.66,18.7,52.0,6.5,9.09,15.94,33.0,4.12,5.77,10.12,86.0,10.75,15.03,26.36,49.0,6.12,8.57,15.02,64.0,8.0,11.19,19.62,51.0,6.38,8.92,15.63,43.0,5.38,7.52,13.18,38.0,4.75,6.64,11.65,7.0,0.88,1.22,2.15,49.0,6.12,8.57,15.02,89.0,11.12,15.56,27.28,38.81,50.7,-11.89,116.89,-68.0,-8.5,-11.89,117.45,14.68,0.45,0.52,0.52,0.24,0.85,0.19,0.59,0.34,0.64,0.51,6.64,1.22,0.09,15.56,0.32
2,新竹御嵿攻城獅,71|82,李漢昇/蕭順議,4,99,118.0,1613.24,26.89,26:53,403.31,6.72,06:43,50.0,12.5,42.37,66.95,56.0,14.0,47.46,74.98,39.0,9.75,33.05,52.22,18.0,4.5,15.25,24.1,23.0,5.75,19.49,30.8,12.0,3.0,10.17,16.07,16.0,4.0,13.56,21.42,6.0,1.5,5.08,8.03,12.0,3.0,10.17,16.07,8.0,2.0,6.78,10.71,5.0,1.25,4.24,6.69,18.0,4.5,15.25,24.1,5.0,1.25,4.24,6.69,18.0,4.5,15.25,24.1,11.0,2.75,9.32,14.73,13.0,3.25,11.02,17.41,1.0,0.25,0.85,1.34,1.0,0.25,0.85,1.34,12.0,3.0,10.17,16.07,5.0,1.25,4.24,6.69,42.37,47.46,-5.08,105.33,-6.0,-1.5,-5.08,26.89,6.72,0.54,0.56,0.52,0.38,0.67,0.2,0.72,0.22,0.78,0.5,0.85,0.85,0.1,4.24,0.31
2,新竹御嵿攻城獅,71|88,李漢昇/盧冠軒,4,104,123.0,1756.92,29.28,29:17,439.23,7.32,07:19,50.0,12.5,40.65,61.47,71.0,17.75,57.72,87.29,45.0,11.25,36.59,55.32,19.0,4.75,15.45,23.36,29.0,7.25,23.58,35.65,13.0,3.25,10.57,15.98,16.0,4.0,13.01,19.67,6.0,1.5,4.88,7.38,10.0,2.5,8.13,12.29,6.0,1.5,4.88,7.38,7.0,1.75,5.69,8.61,22.0,5.5,17.89,27.05,4.0,1.0,3.25,4.92,21.0,5.25,17.07,25.82,11.0,2.75,8.94,13.52,13.0,3.25,10.57,15.98,8.0,2.0,6.5,9.84,0.0,0.0,0.0,0.0,10.0,2.5,8.13,12.29,14.0,3.5,11.38,17.21,40.65,57.72,-17.07,100.81,-21.0,-5.25,-17.07,29.28,7.32,0.49,0.51,0.45,0.38,0.6,0.18,0.68,0.25,0.85,0.54,6.5,0.0,0.08,11.38,0.22
2,新竹御嵿攻城獅,71|10862,李漢昇/提傑,6,167,212.0,2811.63,46.86,46:52,468.6,7.81,07:49,85.0,14.17,40.09,65.3,98.0,16.33,46.23,75.29,65.0,10.83,30.66,49.94,27.0,4.5,12.74,20.74,38.0,6.33,17.92,29.19,18.0,3.0,8.49,13.83,27.0,4.5,12.74,20.74,9.0,1.5,4.25,6.91,31.0,5.17,14.62,23.82,22.0,3.67,10.38,16.9,12.0,2.0,5.66,9.22,28.0,4.67,13.21,21.51,19.0,3.17,8.96,14.6,34.0,5.67,16.04,26.12,18.0,3.0,8.49,13.83,19.0,3.17,8.96,14.6,9.0,1.5,4.25,6.91,0.0,0.0,0.0,0.0,26.0,4.33,12.26,19.97,26.0,4.33,12.26,19.97,40.09,46.23,-6.13,108.58,-13.0,-2.17,-6.13,46.86,7.81,0.48,0.54,0.47,0.33,0.71,0.19,0.7,0.26,0.6,0.43,4.25,0.0,0.12,12.26,0.48
2,新竹御嵿攻城獅,71|10888,李漢昇/帕塞獅,3,73,89.0,1212.79,20.21,20:13,404.26,6.74,06:44,31.0,10.33,34.83,55.21,46.0,15.33,51.69,81.93,32.0,10.67,35.96,56.99,13.0,4.33,14.61,23.15,20.0,6.67,22.47,35.62,10.0,3.33,11.24,17.81,12.0,4.0,13.48,21.37,3.0,1.0,3.37,5.34,6.0,2.0,6.74,10.69,2.0,0.67,2.25,3.56,5.0,1.67,5.62,8.91,17.0,5.67,19.1,30.28,2.0,0.67,2.25,3.56,18.0,6.0,20.22,32.06,8.0,2.67,8.99,14.25,8.0,2.67,8.99,14.25,5.0,1.67,5.62,8.91,0.0,0.0,0.0,0.0,10.0,3.33,11.24,17.81,13.0,4.33,14.61,23.15,34.83,51.69,-16.85,105.67,-15.0,-5.0,-16.85,20.21,6.74,0.45,0.45,0.5,0.25,0.33,0.19,0.62,0.22,0.89,0.52,5.62,0.0,0.11,14.61,0.19
2,新竹御嵿攻城獅,82|88,蕭順議/盧冠軒,8,204,246.0,3929.56,65.49,65:30,491.2,8.19,08:11,115.0,14.38,46.75,63.21,126.0,15.75,51.22,69.26,77.0,9.62,31.3,42.33,39.0,4.88,15.85,21.44,49.0,6.12,19.92,26.93,29.0,3.62,11.79,15.94,28.0,3.5,11.38,15.39,10.0,1.25,4.07,5.5,41.0,5.12,16.67,22.54,27.0,3.38,10.98,14.84,16.0,2.0,6.5,8.79,26.0,3.25,10.57,14.29,12.0,1.5,4.88,6.6,29.0,3.62,11.79,15.94,24.0,3.0,9.76,13.19,24.0,3.0,9.76,13.19,14.0,1.75,5.69,7.7,2.0,0.25,0.81,1.1,33.0,4.12,13.41,18.14,27.0,3.38,10.98,14.84,46.75,51.22,-4.47,90.15,-11.0,-1.38,-4.47,65.49,8.19,0.57,0.61,0.59,0.36,0.66,0.2,0.62,0.36,0.68,0.51,5.69,0.81,0.13,10.98,0.53
2,新竹御嵿攻城獅,82|10888,蕭順議/帕塞獅,8,237,300.0,3981.58,66.36,66:22,497.7,8.29,08:18,127.0,15.88,42.33,68.9,121.0,15.12,40.33,65.64,106.0,13.25,35.33,57.5,49.0,6.12,16.33,26.58,71.0,8.88,23.67,38.52,38.0,4.75,12.67,20.61,35.0,4.38,11.67,18.99,11.0,1.38,3.67,5.97,33.0,4.12,11.0,17.9,18.0,2.25,6.0,9.76,25.0,3.12,8.33,13.56,39.0,4.88,13.0,21.16,22.0,2.75,7.33,11.93,48.0,6.0,16.0,26.04,22.0,2.75,7.33,11.93,29.0,3.62,9.67,15.73,9.0,1.12,3.0,4.88,0.0,0.0,0.0,0.0,30.0,3.75,10.0,16.27,24.0,3.0,8.0,13.02,42.33,40.33,2.0,108.5,6.0,0.75,2.0,66.36,8.29,0.51,0.53,0.54,0.31,0.55,0.15,0.59,0.34,0.64,0.48,3.0,0.0,0.1,8.0,0.31
2,新竹御嵿攻城獅,88|10862,盧冠軒/提傑,26,1498,1797.0,25504.81,425.08,425:05,980.95,16.35,16:21,743.0,28.58,41.35,62.92,750.0,28.85,41.74,63.52,642.0,24.69,35.73,54.37,256.0,9.85,14.25,21.68,362.0,13.92,20.14,30.66,171.0,6.58,9.52,14.48,280.0,10.77,15.58,23.71,85.0,3.27,4.73,7.2,201.0,7.73,11.19,17.02,149.0,5.73,8.29,12.62,108.0,4.15,6.01,9.15,294.0,11.31,16.36,24.9,139.0,5.35,7.74,11.77,273.0,10.5,15.19,23.12,126.0,4.85,7.01,10.67,184.0,7.08,10.24,15.58,72.0,2.77,4.01,6.1,28.0,1.08,1.56,2.37,176.0,6.77,9.79,14.91,155.0,5.96,8.63,13.13,41.35,41.74,-0.39,101.46,-7.0,-0.27,-0.39,425.08,16.35,0.46,0.51,0.47,0.3,0.74,0.15,0.72,0.28,0.68,0.49,4.01,1.56,0.1,8.63,0.31
2,新竹御嵿攻城獅,88|10888,盧冠軒/帕塞獅,19,709,842.0,11998.11,199.97,199:58,631.48,10.52,10:31,344.0,18.11,40.86,61.93,363.0,19.11,43.11,65.35,301.0,15.84,35.75,54.19,130.0,6.84,15.44,23.4,181.0,9.53,21.5,32.59,92.0,4.84,10.93,16.56,120.0,6.32,14.25,21.6,38.0,2.0,4.51,6.84,90.0,4.74,10.69,16.2,52.0,2.74,6.18,9.36,55.0,2.89,6.53,9.9,126.0,6.63,14.96,22.68,47.0,2.47,5.58,8.46,131.0,6.89,15.56,23.58,74.0,3.89,8.79,13.32,82.0,4.32,9.74,14.76,42.0,2.21,4.99,7.56,8.0,0.42,0.95,1.44,86.0,4.53,10.21,15.48,70.0,3.68,8.31,12.6,40.86,43.11,-2.26,101.06,-19.0,-1.0,-2.26,199.97,10.52,0.5,0.5,0.51,0.32,0.58,0.18,0.63,0.3,0.73,0.5,4.99,0.95,0.1,8.31,0.3
2,新竹御嵿攻城獅,10862|10888,提傑/帕塞獅,17,685,818.0,11792.17,196.54,196:32,693.66,11.56,11:34,334.0,19.65,40.83,61.18,335.0,19.71,40.95,61.36,300.0,17.65,36.67,54.95,129.0,7.59,15.77,23.63,177.0,10.41,21.64,32.42,90.0,5.29,11.0,16.49,123.0,7.24,15.04,22.53,39.0,2.29,4.77,7.14,69.0,4.06,8.44,12.64,39.0,2.29,4.77,7.14,55.0,3.24,6.72,10.07,124.0,7.29,15.16,22.71,50.0,2.94,6.11,9.16,122.0,7.18,14.91,22.35,74.0,4.35,9.05,13.55,82.0,4.82,10.02,15.02,38.0,2.24,4.65,6.96,10.0,0.59,1.22,1.83,75.0,4.41,9.17,13.74,75.0,4.41,9.17,13.74,40.83,40.95,-0.12,99.89,-1.0,-0.06,-0.12,196.54,11.56,0.5,0.51,0.51,0.32,0.57,0.18,0.64,0.31,0.71,0.51,4.65,1.22,0.09,9.17,0.23
2,高雄全家海神,110|12668,胡瓏貿/歐提斯,8,525,631.0,8381.08,139.68,139:41,1047.63,17.46,17:28,263.0,32.88,41.68,67.78,324.0,40.5,51.35,83.5,223.0,27.88,35.34,57.47,90.0,11.25,14.26,23.2,114.0,14.25,18.07,29.38,56.0,7.0,8.87,14.43,109.0,13.62,17.27,28.09,34.0,4.25,5.39,8.76,72.0,9.0,11.41,18.56,50.0,6.25,7.92,12.89,38.0,4.75,6.02,9.79,106.0,13.25,16.8,27.32,40.0,5.0,6.34,10.31,71.0,8.88,11.25,18.3,47.0,5.88,7.45,12.11,53.0,6.62,8.4,13.66,26.0,3.25,4.12,6.7,9.0,1.12,1.43,2.32,64.0,8.0,10.14,16.49,71.0,8.88,11.25,18.3,41.68,51.35,-9.67,108.42,-61.0,-7.62,-9.67,139.68,17.46,0.48,0.52,0.49,0.31,0.69,0.16,0.59,0.35,0.73,0.56,4.12,1.43,0.1,11.25,0.32
2,高雄全家海神,10894|12668,凱帝/歐提斯,6,332,406.0,5439.78,90.66,90:40,906.63,15.11,15:07,168.0,28.0,41.38,66.71,191.0,31.83,47.04,75.84,130.0,21.67,32.02,51.62,54.0,9.0,13.3,21.44,63.0,10.5,15.52,25.02,30.0,5.0,7.39,11.91,67.0,11.17,16.5,26.6,24.0,4.0,5.91,9.53,49.0,8.17,12.07,19.46,37.0,6.17,9.11,14.69,23.0,3.83,5.67,9.13,61.0,10.17,15.02,24.22,32.0,5.33,7.88,12.71,55.0,9.17,13.55,21.84,42.0,7.0,10.34,16.68,36.0,6.0,8.87,14.29,26.0,4.33,6.4,10.32,4.0,0.67,0.99,1.59,47.0,7.83,11.58,18.66,39.0,6.5,9.61,15.49,41.38,47.04,-5.67,107.47,-23.0,-3.83,-5.67,90.66,15.11,0.51,0.55,0.48,0.36,0.76,0.22,0.67,0.29,0.66,0.49,6.4,0.99,0.12,9.61,0.38
2,新竹御嵿攻城獅,71|10887,李漢昇/德魯,6,183,229.0,3226.64,53.78,53:47,537.77,8.96,08:58,95.0,15.83,41.48,63.6,108.0,18.0,47.16,72.3,79.0,13.17,34.5,52.88,32.0,5.33,13.97,21.42,42.0,7.0,18.34,28.12,21.0,3.5,9.17,14.06,37.0,6.17,16.16,24.77,11.0,1.83,4.8,7.36,28.0,4.67,12.23,18.74,21.0,3.5,9.17,14.06,13.0,2.17,5.68,8.7,33.0,5.5,14.41,22.09,19.0,3.17,8.3,12.72,33.0,5.5,14.41,22.09,15.0,2.5,6.55,10.04,18.0,3.0,7.86,12.05,5.0,0.83,2.18,3.35,1.0,0.17,0.44,0.67,30.0,5.0,13.1,20.08,20.0,3.33,8.73,13.39,41.48,47.16,-5.68,102.2,-13.0,-2.17,-5.68,53.78,8.96,0.47,0.52,0.5,0.3,0.75,0.14,0.56,0.28,0.63,0.47,2.18,0.44,0.13,8.73,0.35
2,新竹御嵿攻城獅,88|10887,盧冠軒/德魯,28,1093,1303.0,18768.66,312.81,312:49,670.31,11.17,11:10,559.0,19.96,42.9,64.33,582.0,20.79,44.67,66.98,447.0,15.96,34.31,51.44,183.0,6.54,14.04,21.06,254.0,9.07,19.49,29.23,117.0,4.18,8.98,13.46,193.0,6.89,14.81,22.21,66.0,2.36,5.07,7.6,171.0,6.11,13.12,19.68,126.0,4.5,9.67,14.5,75.0,2.68,5.76,8.63,203.0,7.25,15.58,23.36,93.0,3.32,7.14,10.7,187.0,6.68,14.35,21.52,93.0,3.32,7.14,10.7,128.0,4.57,9.82,14.73,53.0,1.89,4.07,6.1,20.0,0.71,1.53,2.3,144.0,5.14,11.05,16.57,139.0,4.96,10.67,16.0,42.9,44.67,-1.77,99.97,-23.0,-0.82,-1.77,312.81,11.17,0.48,0.54,0.46,0.34,0.74,0.15,0.7,0.29,0.69,0.5,4.07,1.53,0.11,10.67,0.38
2,新竹御嵿攻城獅,71|87,李漢昇/蔡宸綱,3,63,84.0,1064.36,17.74,17:44,354.79,5.91,05:55,30.0,10.0,35.71,60.88,40.0,13.33,47.62,81.18,28.0,9.33,33.33,56.82,8.0,2.67,9.52,16.24,13.0,4.33,15.48,26.38,5.0,1.67,5.95,10.15,15.0,5.0,17.86,30.44,3.0,1.0,3.57,6.09,18.0,6.0,21.43,36.53,11.0,3.67,13.1,22.32,7.0,2.33,8.33,14.21,13.0,4.33,15.48,26.38,7.0,2.33,8.33,14.21,14.0,4.67,16.67,28.41,4.0,1.33,4.76,8.12,6.0,2.0,7.14,12.18,3.0,1.0,3.57,6.09,0.0,0.0,0.0,0.0,13.0,4.33,15.48,26.38,17.0,5.67,20.24,34.5,35.71,47.62,-11.9,113.65,-10.0,-3.33,-11.9,17.74,5.91,0.34,0.42,0.38,0.2,0.61,0.1,0.75,0.33,0.65,0.49,3.57,0.0,0.15,20.24,0.64
2,新竹御嵿攻城獅,71|10885,李漢昇/劉丞勳,5,180,223.0,3096.34,51.61,51:36,619.27,10.32,10:19,81.0,16.2,36.32,56.51,96.0,19.2,43.05,66.97,73.0,14.6,32.74,50.92,27.0,5.4,12.11,18.84,41.0,8.2,18.39,28.6,19.0,3.8,8.52,13.25,32.0,6.4,14.35,22.32,8.0,1.6,3.59,5.58,26.0,5.2,11.66,18.14,20.0,4.0,8.97,13.95,11.0,2.2,4.93,7.67,35.0,7.0,15.7,24.42,18.0,3.6,8.07,12.56,36.0,7.2,16.14,25.11,17.0,3.4,7.62,11.86,14.0,2.8,6.28,9.77,5.0,1.0,2.24,3.49,1.0,0.2,0.45,0.7,28.0,5.6,12.56,19.53,23.0,4.6,10.31,16.04,36.32,43.05,-6.73,103.71,-15.0,-3.0,-6.73,51.61,10.32,0.42,0.48,0.46,0.25,0.77,0.17,0.52,0.23,0.66,0.46,2.24,0.45,0.13,10.31,0.36
2,新竹御嵿攻城獅,87|10862,蔡宸綱/提傑,23,1083,1288.0,18507.89,308.46,308:28,804.69,13.41,13:25,535.0,23.26,41.54,62.44,530.0,23.04,41.15,61.85,463.0,20.13,35.95,54.04,186.0,8.09,14.44,21.71,259.0,11.26,20.11,30.23,130.0,5.65,10.09,15.17,204.0,8.87,15.84,23.81,56.0,2.43,4.35,6.54,145.0,6.3,11.26,16.92,108.0,4.7,8.39,12.6,69.0,3.0,5.36,8.05,216.0,9.39,16.77,25.21,88.0,3.83,6.83,10.27,217.0,9.43,16.85,25.33,91.0,3.96,7.07,10.62,131.0,5.7,10.17,15.29,49.0,2.13,3.8,5.72,18.0,0.78,1.4,2.1,129.0,5.61,10.02,15.06,122.0,5.3,9.47,14.24,41.54,41.15,0.39,100.21,5.0,0.22,0.39,308.46,13.41,0.46,0.51,0.5,0.27,0.74,0.15,0.7,0.24,0.71,0.48,3.8,1.4,0.1,9.47,0.31
2,新竹御嵿攻城獅,87|10885,蔡宸綱/劉丞勳,21,525,653.0,8769.36,146.16,146:09,417.59,6.96,06:58,264.0,12.57,40.43,65.03,258.0,12.29,39.51,63.55,230.0,10.95,35.22,56.65,90.0,4.29,13.78,22.17,133.0,6.33,20.37,32.76,62.0,2.95,9.49,15.27,97.0,4.62,14.85,23.89,28.0,1.33,4.29,6.9,81.0,3.86,12.4,19.95,55.0,2.62,8.42,13.55,40.0,1.9,6.13,9.85,107.0,5.1,16.39,26.36,49.0,2.33,7.5,12.07,106.0,5.05,16.23,26.11,41.0,1.95,6.28,10.1,61.0,2.9,9.34,15.03,27.0,1.29,4.13,6.65,15.0,0.71,2.3,3.69,66.0,3.14,10.11,16.26,68.0,3.24,10.41,16.75,40.43,39.51,0.92,107.23,6.0,0.29,0.92,146.16,6.96,0.45,0.5,0.47,0.29,0.68,0.13,0.68,0.27,0.69,0.49,4.13,2.3,0.1,10.41,0.35
2,新竹御嵿攻城獅,87|10887,蔡宸綱/德魯,25,1069,1294.0,18609.31,310.16,310:09,744.37,12.41,12:24,594.0,23.76,45.9,68.95,554.0,22.16,42.81,64.3,459.0,18.36,35.47,53.28,197.0,7.88,15.22,22.87,254.0,10.16,19.63,29.48,132.0,5.28,10.2,15.32,205.0,8.2,15.84,23.79,65.0,2.6,5.02,7.54,176.0,7.04,13.6,20.43,132.0,5.28,10.2,15.32,75.0,3.0,5.8,8.71,199.0,7.96,15.38,23.1,92.0,3.68,7.11,10.68,216.0,8.64,16.69,25.07,72.0,2.88,5.56,8.36,133.0,5.32,10.28,15.44,37.0,1.48,2.86,4.29,18.0,0.72,1.39,2.09,138.0,5.52,10.66,16.02,128.0,5.12,9.89,14.86,45.9,42.81,3.09,100.13,40.0,1.6,3.09,310.16,12.41,0.5,0.55,0.52,0.32,0.75,0.12,0.68,0.26,0.68,0.47,2.86,1.39,0.11,9.89,0.38
2,新竹御嵿攻城獅,10862|10885,提傑/劉丞勳,26,1331,1593.0,21422.73,357.05,357:03,823.95,13.73,13:44,680.0,26.15,42.69,68.56,647.0,24.88,40.62,65.24,562.0,21.62,35.28,56.67,229.0,8.81,14.38,23.09,325.0,12.5,20.4,32.77,150.0,5.77,9.42,15.12,237.0,9.12,14.88,23.9,79.0,3.04,4.96,7.97,193.0,7.42,12.12,19.46,144.0,5.54,9.04,14.52,104.0,4.0,6.53,10.49,242.0,9.31,15.19,24.4,111.0,4.27,6.97,11.19,245.0,9.42,15.38,24.7,126.0,4.85,7.91,12.7,166.0,6.38,10.42,16.74,75.0,2.88,4.71,7.56,22.0,0.85,1.38,2.22,153.0,5.88,9.6,15.43,155.0,5.96,9.73,15.63,42.69,40.62,2.07,107.08,33.0,1.27,2.07,357.05,13.73,0.48,0.53,0.46,0.33,0.75,0.16,0.72,0.3,0.69,0.49,4.71,1.38,0.1,9.73,0.34
2,新竹御嵿攻城獅,10885|10887,劉丞勳/德魯,28,2304,2785.0,37996.33,633.27,633:16,1357.01,22.62,22:37,1219.0,43.54,43.77,69.3,1132.0,40.43,40.65,64.35,986.0,35.21,35.4,56.05,426.0,15.21,15.3,24.22,601.0,21.46,21.58,34.17,301.0,10.75,10.81,17.11,385.0,13.75,13.82,21.89,125.0,4.46,4.49,7.11,341.0,12.18,12.24,19.39,241.0,8.61,8.65,13.7,176.0,6.29,6.32,10.01,422.0,15.07,15.15,23.99,187.0,6.68,6.71,10.63,458.0,16.36,16.45,26.04,192.0,6.86,6.89,10.91,282.0,10.07,10.13,16.03,106.0,3.79,3.81,6.03,42.0,1.5,1.51,2.39,314.0,11.21,11.27,17.85,263.0,9.39,9.44,14.95,43.77,40.65,3.12,105.55,87.0,3.11,3.12,633.27,22.62,0.5,0.54,0.5,0.32,0.71,0.14,0.66,0.28,0.69,0.48,3.81,1.51,0.11,9.44,0.35
2,新竹御嵿攻城獅,76|87,曾柏喻/蔡宸綱,24,748,875.0,13404.17,223.4,223:24,558.51,9.31,09:19,409.0,17.04,46.74,65.91,371.0,15.46,42.4,59.78,310.0,12.92,35.43,49.95,142.0,5.92,16.23,22.88,179.0,7.46,20.46,28.84,99.0,4.12,11.31,15.95,131.0,5.46,14.97,21.11,43.0,1.79,4.91,6.93,106.0,4.42,12.11,17.08,79.0,3.29,9.03,12.73,41.0,1.71,4.69,6.61,138.0,5.75,15.77,22.24,62.0,2.58,7.09,9.99,150.0,6.25,17.14,24.17,59.0,2.46,6.74,9.51,95.0,3.96,10.86,15.31,28.0,1.17,3.2,4.51,11.0,0.46,1.26,1.77,87.0,3.62,9.94,14.02,90.0,3.75,10.29,14.5,46.74,42.4,4.34,94.0,38.0,1.58,4.34,223.4,9.31,0.53,0.57,0.55,0.33,0.75,0.14,0.67,0.21,0.69,0.46,3.2,1.26,0.1,10.29,0.34
2,新竹御嵿攻城獅,76|10885,曾柏喻/劉丞勳,29,2024,2420.0,32612.85,543.55,543:33,1124.58,18.74,18:45,1080.0,37.24,44.63,71.53,986.0,34.0,40.74,65.3,869.0,29.97,35.91,57.56,384.0,13.24,15.87,25.43,537.0,18.52,22.19,35.57,266.0,9.17,10.99,17.62,332.0,11.45,13.72,21.99,118.0,4.07,4.88,7.82,273.0,9.41,11.28,18.08,194.0,6.69,8.02,12.85,148.0,5.1,6.12,9.8,374.0,12.9,15.45,24.77,163.0,5.62,6.74,10.8,409.0,14.1,16.9,27.09,172.0,5.93,7.11,11.39,259.0,8.93,10.7,17.15,99.0,3.41,4.09,6.56,37.0,1.28,1.53,2.45,260.0,8.97,10.74,17.22,211.0,7.28,8.72,13.97,44.63,40.74,3.88,106.85,94.0,3.24,3.88,543.55,18.74,0.51,0.55,0.5,0.36,0.71,0.15,0.67,0.27,0.7,0.48,4.09,1.53,0.11,8.72,0.31
2,新竹御嵿攻城獅,75|87,高國豪/蔡宸綱,21,822,975.0,13971.65,232.86,232:52,665.32,11.09,11:05,466.0,22.19,47.79,72.04,414.0,19.71,42.46,64.0,355.0,16.9,36.41,54.88,160.0,7.62,16.41,24.74,196.0,9.33,20.1,30.3,107.0,5.1,10.97,16.54,159.0,7.57,16.31,24.58,53.0,2.52,5.44,8.19,122.0,5.81,12.51,18.86,94.0,4.48,9.64,14.53,56.0,2.67,5.74,8.66,147.0,7.0,15.08,22.73,66.0,3.14,6.77,10.2,165.0,7.86,16.92,25.51,56.0,2.67,5.74,8.66,106.0,5.05,10.87,16.39,27.0,1.29,2.77,4.17,9.0,0.43,0.92,1.39,100.0,4.76,10.26,15.46,99.0,4.71,10.15,15.31,47.79,42.46,5.33,100.49,52.0,2.48,5.33,232.86,11.09,0.53,0.57,0.55,0.33,0.77,0.12,0.66,0.25,0.69,0.47,2.77,0.92,0.1,10.15,0.34
2,新竹御嵿攻城獅,75|10885,高國豪/劉丞勳,27,1759,2089.0,28814.83,480.25,480:15,1067.22,17.79,17:47,948.0,35.11,45.38,71.06,859.0,31.81,41.12,64.39,775.0,28.7,37.1,58.1,341.0,12.63,16.32,25.56,474.0,17.56,22.69,35.53,237.0,8.78,11.35,17.77,301.0,11.15,14.41,22.56,104.0,3.85,4.98,7.8,225.0,8.33,10.77,16.87,160.0,5.93,7.66,11.99,135.0,5.0,6.46,10.12,327.0,12.11,15.65,24.51,123.0,4.56,5.89,9.22,350.0,12.96,16.75,26.24,138.0,5.11,6.61,10.34,222.0,8.22,10.63,16.64,82.0,3.04,3.93,6.15,28.0,1.04,1.34,2.1,208.0,7.7,9.96,15.59,190.0,7.04,9.1,14.24,45.38,41.12,4.26,104.4,89.0,3.3,4.26,480.25,17.79,0.51,0.54,0.5,0.35,0.71,0.14,0.65,0.28,0.73,0.49,3.93,1.34,0.1,9.1,0.29
2,新竹御嵿攻城獅,71|75,李漢昇/高國豪,3,29,42.0,613.7,10.23,10:14,204.57,3.41,03:25,23.0,7.67,54.76,80.95,22.0,7.33,52.38,77.43,17.0,5.67,40.48,59.83,9.0,3.0,21.43,31.68,10.0,3.33,23.81,35.2,7.0,2.33,16.67,24.64,7.0,2.33,16.67,24.64,2.0,0.67,4.76,7.04,2.0,0.67,4.76,7.04,2.0,0.67,4.76,7.04,5.0,1.67,11.9,17.6,3.0,1.0,7.14,10.56,7.0,2.33,16.67,24.64,4.0,1.33,9.52,14.08,0.0,0.0,0.0,0.0,3.0,1.0,7.14,10.56,0.0,0.0,0.0,0.0,0.0,0.0,0.0,0.0,6.0,2.0,14.29,21.12,6.0,2.0,14.29,21.12,54.76,52.38,2.38,98.55,1.0,0.33,2.38,10.23,3.41,0.59,0.64,0.7,0.29,1.0,0.0,0.33,0.56,0.3,0.42,0.0,0.0,0.14,14.29,0.12
2,新竹御嵿攻城獅,71|90,李漢昇/李啓瑋,4,42,55.0,744.5,12.41,12:24,186.12,3.1,03:06,23.0,5.75,41.82,66.73,28.0,7.0,50.91,81.24,14.0,3.5,25.45,40.62,7.0,1.75,12.73,20.31,7.0,1.75,12.73,20.31,4.0,1.0,7.27,11.61,7.0,1.75,12.73,20.31,3.0,0.75,5.45,8.7,6.0,1.5,10.91,17.41,5.0,1.25,9.09,14.51,2.0,0.5,3.64,5.8,4.0,1.0,7.27,11.61,8.0,2.0,14.55,23.21,8.0,2.0,14.55,23.21,7.0,1.75,12.73,20.31,5.0,1.25,9.09,14.51,5.0,1.25,9.09,14.51,0.0,0.0,0.0,0.0,7.0,1.75,12.73,20.31,6.0,1.5,10.91,17.41,41.82,50.91,-9.09,106.38,-5.0,-1.25,-9.09,12.41,3.1,0.61,0.69,0.57,0.43,0.83,0.3,0.71,0.2,0.33,0.27,9.09,0.0,0.13,10.91,0.43
2,新竹御嵿攻城獅,87|90,蔡宸綱/李啓瑋,7,146,186.0,2963.94,49.4,49:24,423.42,7.06,07:03,81.0,11.57,43.55,59.03,76.0,10.86,40.86,55.39,62.0,8.86,33.33,45.18,28.0,4.0,15.05,20.41,37.0,5.29,19.89,26.96,21.0,3.0,11.29,15.3,25.0,3.57,13.44,18.22,7.0,1.0,3.76,5.1,21.0,3.0,11.29,15.3,17.0,2.43,9.14,12.39,11.0,1.57,5.91,8.02,22.0,3.14,11.83,16.03,23.0,3.29,12.37,16.76,23.0,3.29,12.37,16.76,11.0,1.57,5.91,8.02,12.0,1.71,6.45,8.75,5.0,0.71,2.69,3.64,1.0,0.14,0.54,0.73,22.0,3.14,11.83,16.03,18.0,2.57,9.68,13.12,43.55,40.86,2.69,90.37,5.0,0.71,2.69,49.4,7.06,0.51,0.57,0.57,0.28,0.81,0.13,0.43,0.32,0.49,0.42,2.69,0.54,0.12,9.68,0.34
2,新北中信特攻,39|113,魏嘉豪/林任鴻,11,173,201.0,2696.35,44.94,44:56,245.12,4.09,04:05,79.0,7.18,39.3,63.29,82.0,7.45,40.8,65.69,72.0,6.55,35.82,57.68,28.0,2.55,13.93,22.43,37.0,3.36,18.41,29.64,17.0,1.55,8.46,13.62,35.0,3.18,17.41,28.04,11.0,1.0,5.47,8.81,19.0,1.73,9.45,15.22,12.0,1.09,5.97,9.61,13.0,1.18,6.47,10.41,31.0,2.82,15.42,24.83,11.0,1.0,5.47,8.81,34.0,3.09,16.92,27.24,16.0,1.45,7.96,12.82,18.0,1.64,8.96,14.42,11.0,1.0,5.47,8.81,2.0,0.18,1.0,1.6,18.0,1.64,8.96,14.42,33.0,3.0,16.42,26.44,39.3,40.8,-1.49,107.35,-3.0,-0.27,-1.49,44.94,4.09,0.47,0.49,0.46,0.31,0.63,0.17,0.64,0.28,0.74,0.49,5.47,1.0,0.09,16.42,0.26
2,新北中信特攻,43|44,林韋翰/黃泓瀚,20,458,541.0,7470.31,124.51,124:30,373.52,6.23,06:14,252.0,12.6,46.58,72.86,232.0,11.6,42.88,67.08,206.0,10.3,38.08,59.56,95.0,4.75,17.56,27.47,116.0,5.8,21.44,33.54,67.0,3.35,12.38,19.37,90.0,4.5,16.64,26.02,28.0,1.4,5.18,8.1,47.0,2.35,8.69,13.59,36.0,1.8,6.65,10.41,36.0,1.8,6.65,10.41,79.0,3.95,14.6,22.84,32.0,1.6,5.91,9.25,94.0,4.7,17.38,27.18,37.0,1.85,6.84,10.7,61.0,3.05,11.28,17.64,18.0,0.9,3.33,5.2,12.0,0.6,2.22,3.47,50.0,2.5,9.24,14.46,46.0,2.3,8.5,13.3,46.58,42.88,3.7,104.28,20.0,1.0,3.7,124.51,6.23,0.53,0.56,0.58,0.31,0.77,0.14,0.64,0.28,0.71,0.48,3.33,2.22,0.09,8.5,0.23
2,新北中信特攻,43|113,林韋翰/林任鴻,10,194,241.0,2954.92,49.25,49:15,295.49,4.92,04:55,74.0,7.4,30.71,54.09,116.0,11.6,48.13,84.79,81.0,8.1,33.61,59.21,27.0,2.7,11.2,19.74,40.0,4.0,16.6,29.24,18.0,1.8,7.47,13.16,41.0,4.1,17.01,29.97,9.0,0.9,3.73,6.58,24.0,2.4,9.96,17.54,11.0,1.1,4.56,8.04,16.0,1.6,6.64,11.7,43.0,4.3,17.84,31.43,17.0,1.7,7.05,12.43,26.0,2.6,10.79,19.01,22.0,2.2,9.13,16.08,20.0,2.0,8.3,14.62,11.0,1.1,4.56,8.04,3.0,0.3,1.24,2.19,20.0,2.0,8.3,14.62,30.0,3.0,12.45,21.93,30.71,48.13,-17.43,117.45,-42.0,-4.2,-17.43,49.25,4.92,0.39,0.4,0.45,0.22,0.46,0.19,0.74,0.38,0.72,0.58,4.56,1.24,0.08,12.45,0.3
2,新北中信特攻,43|10877,林韋翰/阿巴西,27,2247,2668.0,36044.65,600.74,600:45,1334.99,22.25,22:15,1277.0,47.3,47.86,76.53,1122.0,41.56,42.05,67.24,1001.0,37.07,37.52,59.99,471.0,17.44,17.65,28.22,550.0,20.37,20.61,32.96,323.0,11.96,12.11,19.36,451.0,16.7,16.9,27.03,148.0,5.48,5.55,8.87,259.0,9.59,9.71,15.52,184.0,6.81,6.9,11.03,174.0,6.44,6.52,10.43,372.0,13.78,13.94,22.29,145.0,5.37,5.43,8.69,404.0,14.96,15.14,24.21,203.0,7.52,7.61,12.16,313.0,11.59,11.73,18.76,93.0,3.44,3.49,5.57,24.0,0.89,0.9,1.44,262.0,9.7,9.82,15.7,273.0,10.11,10.23,16.36,47.86,42.05,5.81,106.59,155.0,5.74,5.81,600.74,22.25,0.54,0.57,0.59,0.33,0.71,0.15,0.66,0.3,0.72,0.5,3.49,0.9,0.1,10.23,0.26
2,新北中信特攻,43|10880,林韋翰/內馬,21,1491,1796.0,24148.42,402.47,402:28,1149.92,19.17,19:10,837.0,39.86,46.6,74.87,767.0,36.52,42.71,68.61,698.0,33.24,38.86,62.43,310.0,14.76,17.26,27.73,395.0,18.81,21.99,35.33,213.0,10.14,11.86,19.05,303.0,14.43,16.87,27.1,97.0,4.62,5.4,8.68,168.0,8.0,9.35,15.03,119.0,5.67,6.63,10.64,137.0,6.52,7.63,12.25,261.0,12.43,14.53,23.35,113.0,5.38,6.29,10.11,260.0,12.38,14.48,23.26,123.0,5.86,6.85,11.0,198.0,9.43,11.02,17.71,59.0,2.81,3.29,5.28,29.0,1.38,1.61,2.59,163.0,7.76,9.08,14.58,181.0,8.62,10.08,16.19,46.6,42.71,3.9,107.1,70.0,3.33,3.9,402.47,19.17,0.51,0.54,0.54,0.32,0.71,0.14,0.64,0.35,0.7,0.52,3.29,1.61,0.09,10.08,0.24
2,新北中信特攻,43|10882,林韋翰/霸夫,2,105,123.0,1811.1,30.19,30:11,905.55,15.09,15:06,44.0,22.0,35.77,52.48,49.0,24.5,39.84,58.44,42.0,21.0,34.15,50.09,17.0,8.5,13.82,20.27,18.0,9.0,14.63,21.47,11.0,5.5,8.94,13.12,24.0,12.0,19.51,28.62,6.0,3.0,4.88,7.16,8.0,4.0,6.5,9.54,4.0,2.0,3.25,4.77,5.0,2.5,4.07,5.96,22.0,11.0,17.89,26.24,12.0,6.0,9.76,14.31,17.0,8.5,13.82,20.27,12.0,6.0,9.76,14.31,11.0,5.5,8.94,13.12,7.0,3.5,5.69,8.35,2.0,1.0,1.63,2.39,10.0,5.0,8.13,11.93,21.0,10.5,17.07,25.05,35.77,39.84,-4.07,97.8,-5.0,-2.5,-4.07,30.19,15.09,0.48,0.48,0.61,0.25,0.5,0.21,0.65,0.23,0.65,0.48,5.69,1.63,0.08,17.07,0.19
2,新北中信特攻,43|47,林韋翰/曾文鼎,20,582,681.0,9481.94,158.03,158:02,474.1,7.9,07:54,297.0,14.85,43.61,67.66,296.0,14.8,43.47,67.43,258.0,12.9,37.89,58.77,112.0,5.6,16.45,25.51,135.0,6.75,19.82,30.75,78.0,3.9,11.45,17.77,123.0,6.15,18.06,28.02,34.0,1.7,4.99,7.75,53.0,2.65,7.78,12.07,37.0,1.85,5.43,8.43,41.0,2.05,6.02,9.34,108.0,5.4,15.86,24.6,39.0,1.95,5.73,8.88,95.0,4.75,13.95,21.64,49.0,2.45,7.2,11.16,76.0,3.8,11.16,17.31,20.0,1.0,2.94,4.56,5.0,0.25,0.73,1.14,50.0,2.5,7.34,11.39,71.0,3.55,10.43,16.17,43.61,43.47,0.15,103.42,1.0,0.05,0.15,158.03,7.9,0.5,0.53,0.58,0.28,0.7,0.15,0.68,0.3,0.73,0.53,2.94,0.73,0.07,10.43,0.21
2,新北中信特攻,47|113,曾文鼎/林任鴻,10,97,113.0,1387.39,23.12,23:07,138.74,2.31,02:19,47.0,4.7,41.59,73.17,55.0,5.5,48.67,85.63,43.0,4.3,38.05,66.95,16.0,1.6,14.16,24.91,24.0,2.4,21.24,37.37,9.0,0.9,7.96,14.01,19.0,1.9,16.81,29.58,7.0,0.7,6.19,10.9,10.0,1.0,8.85,15.57,8.0,0.8,7.08,12.46,7.0,0.7,6.19,10.9,20.0,2.0,17.7,31.14,6.0,0.6,5.31,9.34,16.0,1.6,14.16,24.91,7.0,0.7,6.19,10.9,10.0,1.0,8.85,15.57,5.0,0.5,4.42,7.78,1.0,0.1,0.88,1.56,8.0,0.8,7.08,12.46,11.0,1.1,9.73,17.13,41.59,48.67,-7.08,117.28,-8.0,-0.8,-7.08,23.12,2.31,0.45,0.5,0.38,0.37,0.8,0.13,0.62,0.3,0.77,0.55,4.42,0.88,0.07,9.73,0.23
2,新北中信特攻,40|43,謝亞軒/林韋翰,26,1678,1993.0,27132.63,452.21,452:13,1043.56,17.39,17:24,956.0,36.77,47.97,76.11,813.0,31.27,40.79,64.72,741.0,28.5,37.18,58.99,356.0,13.69,17.86,28.34,421.0,16.19,21.12,33.52,247.0,9.5,12.39,19.66,320.0,12.31,16.06,25.47,109.0,4.19,5.47,8.68,188.0,7.23,9.43,14.97,127.0,4.88,6.37,10.11,131.0,5.04,6.57,10.43,269.0,10.35,13.5,21.41,118.0,4.54,5.92,9.39,308.0,11.85,15.45,24.52,159.0,6.12,7.98,12.66,238.0,9.15,11.94,18.95,67.0,2.58,3.36,5.33,25.0,0.96,1.25,1.99,191.0,7.35,9.58,15.21,190.0,7.31,9.53,15.13,47.97,40.79,7.18,105.77,143.0,5.5,7.18,452.21,17.39,0.55,0.58,0.59,0.34,0.68,0.16,0.67,0.3,0.7,0.48,3.36,1.25,0.1,9.53,0.25
2,桃園台啤永豐雲豹,56|58,丁冠皓/林信寬,3,26,28.0,422.27,7.04,07:02,140.76,2.35,02:21,13.0,4.33,46.43,66.5,14.0,4.67,50.0,71.61,10.0,3.33,35.71,51.15,6.0,2.0,21.43,30.69,6.0,2.0,21.43,30.69,5.0,1.67,17.86,25.58,4.0,1.33,14.29,20.46,1.0,0.33,3.57,5.12,1.0,0.33,3.57,5.12,0.0,0.0,0.0,0.0,0.0,0.0,0.0,0.0,3.0,1.0,10.71,15.35,1.0,0.33,3.57,5.12,5.0,1.67,17.86,25.58,2.0,0.67,7.14,10.23,3.0,1.0,10.71,15.35,2.0,0.67,7.14,10.23,0.0,0.0,0.0,0.0,1.0,0.33,3.57,5.12,2.0,0.67,7.14,10.23,46.43,50.0,-3.57,95.48,-1.0,-0.33,-3.57,7.04,2.35,0.65,0.62,0.83,0.25,0.0,0.16,0.5,0.0,0.75,0.33,7.14,0.0,0.04,7.14,0.1
2,桃園台啤永豐雲豹,16|56,米勒/丁冠皓,1,10,12.0,168.0,2.8,02:48,168.0,2.8,02:48,7.0,7.0,58.33,90.0,8.0,8.0,66.67,102.86,4.0,4.0,33.33,51.43,3.0,3.0,25.0,38.57,2.0,2.0,16.67,25.71,2.0,2.0,16.67,25.71,2.0,2.0,16.67,25.71,1.0,1.0,8.33,12.86,0.0,0.0,0.0,0.0,0.0,0.0,0.0,0.0,0.0,0.0,0.0,0.0,0.0,0.0,0.0,0.0,1.0,1.0,8.33,12.86,1.0,1.0,8.33,12.86,1.0,1.0,8.33,12.86,1.0,1.0,8.33,12.86,1.0,1.0,8.33,12.86,0.0,0.0,0.0,0.0,0.0,0.0,0.0,0.0,0.0,0.0,0.0,0.0,58.33,66.67,-8.33,102.86,-1.0,-1.0,-8.33,2.8,2.8,0.88,0.88,1.0,0.5,,0.2,0.33,0.0,0.0,0.0,8.33,0.0,0.0,0.0,0.0
2,桃園台啤永豐雲豹,12|10884,曹薰襄/徐宏瑋,21,389,474.0,6924.08,115.4,115:24,329.72,5.5,05:30,205.0,9.76,43.25,63.95,196.0,9.33,41.35,61.14,154.0,7.33,32.49,48.04,80.0,3.81,16.88,24.96,108.0,5.14,22.78,33.69,64.0,3.05,13.5,19.97,46.0,2.19,9.7,14.35,16.0,0.76,3.38,4.99,48.0,2.29,10.13,14.97,30.0,1.43,6.33,9.36,23.0,1.1,4.85,7.17,58.0,2.76,12.24,18.09,40.0,1.9,8.44,12.48,71.0,3.38,14.98,22.15,45.0,2.14,9.49,14.04,49.0,2.33,10.34,15.29,26.0,1.24,5.49,8.11,6.0,0.29,1.27,1.87,39.0,1.86,8.23,12.17,53.0,2.52,11.18,16.53,43.25,41.35,1.9,98.58,9.0,0.43,1.9,115.4,5.5,0.57,0.59,0.59,0.35,0.62,0.2,0.61,0.24,0.59,0.42,5.49,1.27,0.08,11.18,0.31
2,桃園台啤永豐雲豹,16|10884,米勒/徐宏瑋,14,226,276.0,4408.35,73.47,73:28,314.88,5.25,05:15,110.0,7.86,39.86,53.9,117.0,8.36,42.39,57.33,93.0,6.64,33.7,45.57,45.0,3.21,16.3,22.05,59.0,4.21,21.38,28.91,33.0,2.36,11.96,16.17,34.0,2.43,12.32,16.66,12.0,0.86,4.35,5.88,17.0,1.21,6.16,8.33,8.0,0.57,2.9,3.92,15.0,1.07,5.43,7.35,35.0,2.5,12.68,17.15,24.0,1.71,8.7,11.76,43.0,3.07,15.58,21.07,25.0,1.79,9.06,12.25,27.0,1.93,9.78,13.23,19.0,1.36,6.88,9.31,4.0,0.29,1.45,1.96,22.0,1.57,7.97,10.78,31.0,2.21,11.23,15.19,39.86,42.39,-2.54,90.16,-7.0,-0.5,-2.54,73.47,5.25,0.55,0.55,0.56,0.35,0.47,0.2,0.6,0.26,0.59,0.43,6.88,1.45,0.08,11.23,0.18
2,桃園台啤永豐雲豹,58|10884,林信寬/徐宏瑋,18,342,422.0,6216.12,103.6,103:36,345.34,5.76,05:45,176.0,9.78,41.71,61.16,168.0,9.33,39.81,58.38,140.0,7.78,33.18,48.65,66.0,3.67,15.64,22.93,97.0,5.39,22.99,33.71,52.0,2.89,12.32,18.07,43.0,2.39,10.19,14.94,14.0,0.78,3.32,4.86,51.0,2.83,12.09,17.72,30.0,1.67,7.11,10.42,27.0,1.5,6.4,9.38,56.0,3.11,13.27,19.46,37.0,2.06,8.77,12.86,59.0,3.28,13.98,20.5,34.0,1.89,8.06,11.81,43.0,2.39,10.19,14.94,21.0,1.17,4.98,7.3,4.0,0.22,0.95,1.39,40.0,2.22,9.48,13.9,43.0,2.39,10.19,14.94,41.71,39.81,1.9,97.76,8.0,0.44,1.9,103.6,5.76,0.52,0.54,0.54,0.33,0.59,0.17,0.65,0.31,0.6,0.46,4.98,0.95,0.09,10.19,0.36
2,桃園台啤永豐雲豹,10860|10884,麥卡洛/徐宏瑋,16,299,363.0,4855.06,80.92,80:55,303.44,5.06,05:03,157.0,9.81,43.25,69.85,151.0,9.44,41.6,67.18,117.0,7.31,32.23,52.05,61.0,3.81,16.8,27.14,85.0,5.31,23.42,37.82,50.0,3.12,13.77,22.24,32.0,2.0,8.82,14.24,11.0,0.69,3.03,4.89,39.0,2.44,10.74,17.35,24.0,1.5,6.61,10.68,16.0,1.0,4.41,7.12,45.0,2.81,12.4,20.02,33.0,2.06,9.09,14.68,56.0,3.5,15.43,24.91,30.0,1.88,8.26,13.35,37.0,2.31,10.19,16.46,17.0,1.06,4.68,7.56,3.0,0.19,0.83,1.33,30.0,1.88,8.26,13.35,42.0,2.62,11.57,18.69,43.25,41.6,1.65,107.66,6.0,0.38,1.65,80.92,5.06,0.57,0.59,0.59,0.34,0.62,0.18,0.61,0.22,0.58,0.41,4.68,0.83,0.08,11.57,0.33
2,新北中信特攻,43|10881,林韋翰/飛克,22,1327,1585.0,21545.09,359.08,359:05,979.32,16.32,16:19,716.0,32.55,45.17,71.78,687.0,31.23,43.34,68.88,585.0,26.59,36.91,58.65,269.0,12.23,16.97,26.97,330.0,15.0,20.82,33.08,192.0,8.73,12.11,19.25,255.0,11.59,16.09,25.56,77.0,3.5,4.86,7.72,149.0,6.77,9.4,14.94,100.0,4.55,6.31,10.03,107.0,4.86,6.75,10.73,229.0,10.41,14.45,22.96,88.0,4.0,5.55,8.82,235.0,10.68,14.83,23.56,119.0,5.41,7.51,11.93,183.0,8.32,11.55,18.35,48.0,2.18,3.03,4.81,20.0,0.91,1.26,2.01,145.0,6.59,9.15,14.54,164.0,7.45,10.35,16.44,45.17,43.34,1.83,105.94,29.0,1.32,1.83,359.08,16.32,0.53,0.55,0.58,0.3,0.67,0.15,0.68,0.31,0.72,0.51,3.03,1.26,0.09,10.35,0.25
2,新北中信特攻,43|48,林韋翰/李沛澄,9,208,243.0,3225.19,53.75,53:45,358.35,5.97,05:58,137.0,15.22,56.38,91.75,106.0,11.78,43.62,70.99,94.0,10.44,38.68,62.95,45.0,5.0,18.52,30.14,52.0,5.78,21.4,34.83,29.0,3.22,11.93,19.42,42.0,4.67,17.28,28.13,16.0,1.78,6.58,10.72,39.0,4.33,16.05,26.12,31.0,3.44,12.76,20.76,15.0,1.67,6.17,10.05,37.0,4.11,15.23,24.78,14.0,1.56,5.76,9.38,32.0,3.56,13.17,21.43,10.0,1.11,4.12,6.7,29.0,3.22,11.93,19.42,7.0,0.78,2.88,4.69,6.0,0.67,2.47,4.02,27.0,3.0,11.11,18.08,34.0,3.78,13.99,22.77,56.38,43.62,12.76,108.5,31.0,3.44,12.76,53.75,5.97,0.56,0.62,0.56,0.38,0.79,0.08,0.64,0.32,0.73,0.53,2.88,2.47,0.11,13.99,0.41
2,新北中信特攻,35|43,李睿麒/林韋翰,3,39,48.0,781.0,13.02,13:01,260.33,4.34,04:20,21.0,7.0,43.75,58.08,14.0,4.67,29.17,38.72,17.0,5.67,35.42,47.02,4.0,1.33,8.33,11.06,8.0,2.67,16.67,22.13,3.0,1.0,6.25,8.3,9.0,3.0,18.75,24.89,1.0,0.33,2.08,2.77,14.0,4.67,29.17,38.72,12.0,4.0,25.0,33.19,5.0,1.67,10.42,13.83,9.0,3.0,18.75,24.89,4.0,1.33,8.33,11.06,6.0,2.0,12.5,16.59,0.0,0.0,0.0,0.0,4.0,1.33,8.33,11.06,0.0,0.0,0.0,0.0,1.0,0.33,2.08,2.77,7.0,2.33,14.58,19.36,8.0,2.67,16.67,22.13,43.75,29.17,14.58,88.5,7.0,2.33,14.58,13.02,4.34,0.26,0.45,0.38,0.11,0.86,0.0,1.0,0.45,0.69,0.58,0.0,2.08,0.15,16.67,0.82
2,新北中信特攻,35|44,李睿麒/黃泓瀚,3,20,23.0,320.09,5.33,05:20,106.7,1.78,01:47,13.0,4.33,56.52,87.72,11.0,3.67,47.83,74.23,9.0,3.0,39.13,60.73,4.0,1.33,17.39,26.99,4.0,1.33,17.39,26.99,3.0,1.0,13.04,20.24,5.0,1.67,21.74,33.74,1.0,0.33,4.35,6.75,4.0,1.33,17.39,26.99,4.0,1.33,17.39,26.99,2.0,0.67,8.7,13.5,3.0,1.0,13.04,20.24,1.0,0.33,4.35,6.75,3.0,1.0,13.04,20.24,1.0,0.33,4.35,6.75,2.0,0.67,8.7,13.5,0.0,0.0,0.0,0.0,2.0,0.67,8.7,13.5,2.0,0.67,8.7,13.5,2.0,0.67,8.7,13.5,56.52,47.83,8.7,103.47,2.0,0.67,8.7,5.33,1.78,0.5,0.6,0.75,0.2,1.0,0.09,0.5,0.4,0.75,0.56,0.0,8.7,0.09,8.7,0.44
2,新北中信特攻,35|48,李睿麒/李沛澄,2,23,28.0,357.09,5.95,05:57,178.55,2.98,02:59,15.0,7.5,53.57,90.73,12.0,6.0,42.86,72.59,9.0,4.5,32.14,54.44,4.0,2.0,14.29,24.2,5.0,2.5,17.86,30.24,3.0,1.5,10.71,18.15,4.0,2.0,14.29,24.2,1.0,0.5,3.57,6.05,6.0,3.0,21.43,36.29,6.0,3.0,21.43,36.29,1.0,0.5,3.57,6.05,4.0,2.0,14.29,24.2,2.0,1.0,7.14,12.1,4.0,2.0,14.29,24.2,1.0,0.5,3.57,6.05,0.0,0.0,0.0,0.0,1.0,0.5,3.57,6.05,1.0,0.5,3.57,6.05,2.0,1.0,7.14,12.1,5.0,2.5,17.86,30.24,53.57,42.86,10.71,112.91,3.0,1.5,10.71,5.95,2.98,0.5,0.64,0.6,0.25,1.0,0.08,0.0,0.2,0.67,0.45,3.57,3.57,0.07,17.86,0.67
2,新北中信特攻,35|10880,李睿麒/內馬,2,19,22.0,290.88,4.85,04:51,145.44,2.42,02:25,10.0,5.0,45.45,74.26,8.0,4.0,36.36,59.41,8.0,4.0,36.36,59.41,2.0,1.0,9.09,14.85,4.0,2.0,18.18,29.7,2.0,1.0,9.09,14.85,4.0,2.0,18.18,29.7,0.0,0.0,0.0,0.0,6.0,3.0,27.27,44.55,6.0,3.0,27.27,44.55,2.0,1.0,9.09,14.85,4.0,2.0,18.18,29.7,0.0,0.0,0.0,0.0,3.0,1.5,13.64,22.28,1.0,0.5,4.55,7.43,0.0,0.0,0.0,0.0,1.0,0.5,4.55,7.43,1.0,0.5,4.55,7.43,2.0,1.0,9.09,14.85,2.0,1.0,9.09,14.85,45.45,36.36,9.09,108.91,2.0,1.0,9.09,4.85,2.42,0.25,0.47,0.5,0.0,1.0,0.09,0.0,0.4,1.0,0.67,4.55,4.55,0.09,9.09,0.75
2,新北中信特攻,35|39,李睿麒/魏嘉豪,2,26,33.0,555.53,9.26,09:16,277.77,4.63,04:38,15.0,7.5,45.45,58.32,12.0,6.0,36.36,46.66,10.0,5.0,30.3,38.88,5.0,2.5,15.15,19.44,6.0,3.0,18.18,23.33,4.0,2.0,12.12,15.55,4.0,2.0,12.12,15.55,1.0,0.5,3.03,3.89,6.0,3.0,18.18,23.33,4.0,2.0,12.12,15.55,2.0,1.0,6.06,7.78,4.0,2.0,12.12,15.55,2.0,1.0,6.06,7.78,5.0,2.5,15.15,19.44,3.0,1.5,9.09,11.66,0.0,0.0,0.0,0.0,2.0,1.0,6.06,7.78,0.0,0.0,0.0,0.0,3.0,1.5,9.09,11.66,5.0,2.5,15.15,19.44,45.45,36.36,9.09,85.54,3.0,1.5,9.09,9.26,4.63,0.55,0.59,0.67,0.25,0.67,0.19,0.0,0.29,0.67,0.46,6.06,0.0,0.09,15.15,0.6
2,新北中信特攻,35|10882,李睿麒/霸夫,2,21,26.0,458.09,7.63,07:38,229.05,3.82,03:49,10.0,5.0,38.46,47.15,8.0,4.0,30.77,37.72,9.0,4.5,34.62,42.44,3.0,1.5,11.54,14.15,5.0,2.5,19.23,23.58,3.0,1.5,11.54,14.15,4.0,2.0,15.38,18.86,0.0,0.0,0.0,0.0,4.0,2.0,15.38,18.86,4.0,2.0,15.38,18.86,3.0,1.5,11.54,14.15,3.0,1.5,11.54,14.15,0.0,0.0,0.0,0.0,5.0,2.5,19.23,23.58,3.0,1.5,11.54,14.15,0.0,0.0,0.0,0.0,2.0,1.0,7.69,9.43,0.0,0.0,0.0,0.0,2.0,1.0,7.69,9.43,2.0,1.0,7.69,9.43,38.46,30.77,7.69,81.73,2.0,1.0,7.69,7.63,3.82,0.33,0.46,0.6,0.0,1.0,0.22,0.0,0.38,1.0,0.55,7.69,0.0,0.08,7.69,0.44
2,新北中信特攻,35|47,李睿麒/曾文鼎,2,18,24.0,435.53,7.26,07:16,217.77,3.63,03:38,9.0,4.5,37.5,44.63,9.0,4.5,37.5,44.63,7.0,3.5,29.17,34.72,3.0,1.5,12.5,14.88,2.0,1.0,8.33,9.92,2.0,1.0,8.33,9.92,5.0,2.5,20.83,24.8,1.0,0.5,4.17,4.96,4.0,2.0,16.67,19.84,2.0,1.0,8.33,9.92,2.0,1.0,8.33,9.92,3.0,1.5,12.5,14.88,2.0,1.0,8.33,9.92,3.0,1.5,12.5,14.88,2.0,1.0,8.33,9.92,0.0,0.0,0.0,0.0,1.0,0.5,4.17,4.96,0.0,0.0,0.0,0.0,2.0,1.0,8.33,9.92,3.0,1.5,12.5,14.88,37.5,37.5,0.0,79.35,0.0,0.0,0.0,7.26,3.63,0.5,0.51,1.0,0.2,0.5,0.19,0.0,0.4,0.6,0.5,4.17,0.0,0.08,12.5,0.57
2,新北中信特攻,35|10879,李睿麒/簡廷兆,4,35,45.0,705.82,11.76,11:46,176.45,2.94,02:56,21.0,5.25,46.67,64.27,13.0,3.25,28.89,39.78,19.0,4.75,42.22,58.15,8.0,2.0,17.78,24.48,8.0,2.0,17.78,24.48,5.0,1.25,11.11,15.3,11.0,2.75,24.44,33.66,3.0,0.75,6.67,9.18,4.0,1.0,8.89,12.24,2.0,0.5,4.44,6.12,5.0,1.25,11.11,15.3,7.0,1.75,15.56,21.42,5.0,1.25,11.11,15.3,6.0,1.5,13.33,18.36,2.0,0.5,4.44,6.12,4.0,1.0,8.89,12.24,0.0,0.0,0.0,0.0,1.0,0.25,2.22,3.06,4.0,1.0,8.89,12.24,8.0,2.0,17.78,24.48,46.67,28.89,17.78,91.81,8.0,2.0,17.78,11.76,2.94,0.5,0.51,0.62,0.27,0.5,0.09,0.5,0.45,0.58,0.52,0.0,2.22,0.09,17.78,0.21
2,桃園台啤永豐雲豹,16|64,米勒/劉元凱,1,3,4.0,132.09,2.2,02:12,132.09,2.2,02:12,0.0,0.0,0.0,0.0,2.0,2.0,50.0,32.7,0.0,0.0,0.0,0.0,0.0,0.0,0.0,0.0,0.0,0.0,0.0,0.0,0.0,0.0,0.0,0.0,0.0,0.0,0.0,0.0,0.0,0.0,0.0,0.0,0.0,0.0,0.0,0.0,0.0,0.0,0.0,0.0,0.0,0.0,0.0,0.0,0.0,0.0,0.0,0.0,1.0,1.0,25.0,16.35,0.0,0.0,0.0,0.0,2.0,2.0,50.0,32.7,0.0,0.0,0.0,0.0,1.0,1.0,25.0,16.35,0.0,0.0,0.0,0.0,0.0,0.0,0.0,0.0,0.0,0.0,0.0,0.0,0.0,50.0,-50.0,43.61,-2.0,-2.0,-50.0,2.2,2.2,,,,,,1.0,,,0.0,0.0,25.0,0.0,0.0,0.0,
2,桃園台啤永豐雲豹,54|64,高錦瑋/劉元凱,3,15,19.0,365.28,6.09,06:05,121.76,2.03,02:02,7.0,2.33,36.84,41.39,15.0,5.0,78.95,88.7,6.0,2.0,31.58,35.48,3.0,1.0,15.79,17.74,4.0,1.33,21.05,23.65,2.0,0.67,10.53,11.83,2.0,0.67,10.53,11.83,1.0,0.33,5.26,5.91,0.0,0.0,0.0,0.0,0.0,0.0,0.0,0.0,0.0,0.0,0.0,0.0,2.0,0.67,10.53,11.83,2.0,0.67,10.53,11.83,2.0,0.67,10.53,11.83,2.0,0.67,10.53,11.83,3.0,1.0,15.79,17.74,1.0,0.33,5.26,5.91,0.0,0.0,0.0,0.0,1.0,0.33,5.26,5.91,8.0,2.67,42.11,47.31,36.84,78.95,-42.11,74.9,-8.0,-2.67,-42.11,6.09,2.03,0.58,0.58,0.5,0.5,,0.25,1.0,0.0,0.5,0.33,5.26,0.0,0.05,42.11,0.0
2,桃園台啤永豐雲豹,58|64,林信寬/劉元凱,4,34,42.0,733.32,12.22,12:13,183.33,3.06,03:03,11.0,2.75,26.19,32.4,21.0,5.25,50.0,61.86,13.0,3.25,30.95,38.29,5.0,1.25,11.9,14.73,7.0,1.75,16.67,20.62,4.0,1.0,9.52,11.78,6.0,1.5,14.29,17.67,1.0,0.25,2.38,2.95,0.0,0.0,0.0,0.0,0.0,0.0,0.0,0.0,0.0,0.0,0.0,0.0,7.0,1.75,16.67,20.62,5.0,1.25,11.9,14.73,7.0,1.75,16.67,20.62,5.0,1.25,11.9,14.73,4.0,1.0,9.52,11.78,3.0,0.75,7.14,8.84,0.0,0.0,0.0,0.0,3.0,0.75,7.14,8.84,9.0,2.25,21.43,26.51,26.19,50.0,-23.81,82.47,-10.0,-2.5,-23.81,12.22,3.06,0.42,0.42,0.57,0.17,,0.28,0.8,0.0,0.58,0.37,7.14,0.0,0.07,21.43,0.0
2,桃園台啤永豐雲豹,64|68,劉元凱/克羅馬,4,17,22.0,395.6,6.59,06:36,98.9,1.65,01:39,9.0,2.25,40.91,49.14,14.0,3.5,63.64,76.44,7.0,1.75,31.82,38.22,4.0,1.0,18.18,21.84,5.0,1.25,22.73,27.3,3.0,0.75,13.64,16.38,2.0,0.5,9.09,10.92,1.0,0.25,4.55,5.46,1.0,0.25,4.55,5.46,1.0,0.25,4.55,5.46,0.0,0.0,0.0,0.0,2.0,0.5,9.09,10.92,2.0,0.5,9.09,10.92,2.0,0.5,9.09,10.92,3.0,0.75,13.64,16.38,4.0,1.0,18.18,21.84,1.0,0.25,4.55,5.46,0.0,0.0,0.0,0.0,3.0,0.75,13.64,16.38,6.0,1.5,27.27,32.76,40.91,63.64,-22.73,80.08,-5.0,-1.25,-22.73,6.59,1.65,0.64,0.6,0.6,0.5,1.0,0.29,1.0,0.0,0.5,0.33,4.55,0.0,0.14,27.27,0.14
2,新北中信特攻,35|10881,李睿麒/飛克,3,25,29.0,513.7,8.56,08:34,171.23,2.85,02:51,11.0,3.67,37.93,46.25,14.0,4.67,48.28,58.87,8.0,2.67,27.59,33.64,3.0,1.0,10.34,12.61,3.0,1.0,10.34,12.61,2.0,0.67,6.9,8.41,5.0,1.67,17.24,21.02,1.0,0.33,3.45,4.2,6.0,2.0,20.69,25.23,4.0,1.33,13.79,16.82,2.0,0.67,6.9,8.41,4.0,1.33,13.79,16.82,1.0,0.33,3.45,4.2,5.0,1.67,17.24,21.02,4.0,1.33,13.79,16.82,3.0,1.0,10.34,12.61,1.0,0.33,3.45,4.2,0.0,0.0,0.0,0.0,2.0,0.67,6.9,8.41,6.0,2.0,20.69,25.23,37.93,48.28,-10.34,81.29,-3.0,-1.0,-10.34,8.56,2.85,0.44,0.52,0.67,0.2,0.67,0.27,1.0,0.29,0.8,0.5,3.45,0.0,0.07,20.69,0.75
2,桃園台啤永豐雲豹,64|10860,劉元凱/麥卡洛,3,20,24.0,364.93,6.08,06:05,121.64,2.03,02:02,9.0,3.0,37.5,53.27,9.0,3.0,37.5,53.27,7.0,2.33,29.17,41.43,4.0,1.33,16.67,23.68,4.0,1.33,16.67,23.68,3.0,1.0,12.5,17.76,3.0,1.0,12.5,17.76,1.0,0.33,4.17,5.92,0.0,0.0,0.0,0.0,0.0,0.0,0.0,0.0,0.0,0.0,0.0,0.0,3.0,1.0,12.5,17.76,2.0,0.67,8.33,11.84,5.0,1.67,20.83,29.59,3.0,1.0,12.5,17.76,3.0,1.0,12.5,17.76,2.0,0.67,8.33,11.84,0.0,0.0,0.0,0.0,2.0,0.67,8.33,11.84,7.0,2.33,29.17,41.43,37.5,37.5,0.0,94.7,0.0,0.0,0.0,6.08,2.03,0.64,0.64,0.75,0.33,,0.3,0.75,0.0,0.6,0.3,8.33,0.0,0.08,29.17,0.0
2,新北中信特攻,35|10883,李睿麒/林安龍,3,17,21.0,259.0,4.32,04:19,86.33,1.44,01:26,8.0,2.67,38.1,66.72,9.0,3.0,42.86,75.06,8.0,2.67,38.1,66.72,3.0,1.0,14.29,25.02,2.0,0.67,9.52,16.68,2.0,0.67,9.52,16.68,6.0,2.0,28.57,50.04,1.0,0.33,4.76,8.34,1.0,0.33,4.76,8.34,1.0,0.33,4.76,8.34,1.0,0.33,4.76,8.34,3.0,1.0,14.29,25.02,2.0,0.67,9.52,16.68,2.0,0.67,9.52,16.68,1.0,0.33,4.76,8.34,0.0,0.0,0.0,0.0,0.0,0.0,0.0,0.0,0.0,0.0,0.0,0.0,1.0,0.33,4.76,8.34,3.0,1.0,14.29,25.02,38.1,42.86,-4.76,116.76,-1.0,-0.33,-4.76,4.32,1.44,0.44,0.47,1.0,0.17,1.0,0.11,0.0,0.33,0.6,0.5,0.0,0.0,0.05,14.29,0.12
2,新北中信特攻,47|10883,曾文鼎/林安龍,3,12,18.0,187.0,3.12,03:07,62.33,1.04,01:02,5.0,1.67,27.78,57.75,6.0,2.0,33.33,69.3,7.0,2.33,38.89,80.86,2.0,0.67,11.11,23.1,3.0,1.0,16.67,34.65,1.0,0.33,5.56,11.55,4.0,1.33,22.22,46.2,1.0,0.33,5.56,11.55,0.0,0.0,0.0,0.0,0.0,0.0,0.0,0.0,2.0,0.67,11.11,23.1,3.0,1.0,16.67,34.65,3.0,1.0,16.67,34.65,2.0,0.67,11.11,23.1,0.0,0.0,0.0,0.0,0.0,0.0,0.0,0.0,0.0,0.0,0.0,0.0,0.0,0.0,0.0,0.0,0.0,0.0,0.0,0.0,3.0,1.0,16.67,34.65,27.78,33.33,-5.56,138.61,-1.0,-0.33,-5.56,3.12,1.04,0.36,0.36,0.33,0.25,,0.0,0.0,0.5,0.5,0.5,0.0,0.0,0.0,16.67,0.0
2,新北中信特攻,10881|10883,飛克/林安龍,3,10,12.0,150.26,2.5,02:30,50.09,0.83,00:50,3.0,1.0,25.0,43.12,5.0,1.67,41.67,71.87,4.0,1.33,33.33,57.5,1.0,0.33,8.33,14.37,1.0,0.33,8.33,14.37,1.0,0.33,8.33,14.37,3.0,1.0,25.0,43.12,0.0,0.0,0.0,0.0,2.0,0.67,16.67,28.75,1.0,0.33,8.33,14.37,2.0,0.67,16.67,28.75,1.0,0.33,8.33,14.37,0.0,0.0,0.0,0.0,3.0,1.0,25.0,43.12,2.0,0.67,16.67,28.75,0.0,0.0,0.0,0.0,0.0,0.0,0.0,0.0,0.0,0.0,0.0,0.0,1.0,0.33,8.33,14.37,2.0,0.67,16.67,28.75,25.0,41.67,-16.67,115.0,-2.0,-0.67,-16.67,2.5,0.83,0.25,0.31,1.0,0.0,0.5,0.29,0.0,0.4,1.0,0.5,0.0,0.0,0.08,16.67,0.5
2,新北中信特攻,10882|10883,霸夫/林安龍,1,2,3.0,58.0,0.97,00:58,58.0,0.97,00:58,0.0,0.0,0.0,0.0,0.0,0.0,0.0,0.0,2.0,2.0,66.67,74.48,0.0,0.0,0.0,0.0,0.0,0.0,0.0,0.0,0.0,0.0,0.0,0.0,2.0,2.0,66.67,74.48,0.0,0.0,0.0,0.0,0.0,0.0,0.0,0.0,0.0,0.0,0.0,0.0,1.0,1.0,33.33,37.24,1.0,1.0,33.33,37.24,0.0,0.0,0.0,0.0,1.0,1.0,33.33,37.24,0.0,0.0,0.0,0.0,0.0,0.0,0.0,0.0,0.0,0.0,0.0,0.0,0.0,0.0,0.0,0.0,0.0,0.0,0.0,0.0,0.0,0.0,0.0,0.0,0.0,0.0,0.0,74.48,0.0,0.0,0.0,0.97,0.97,0.0,0.0,,0.0,,0.0,,0.5,1.0,0.67,0.0,0.0,0.0,0.0,0.0
2,桃園台啤永豐雲豹,55|58,汪哲宇/林信寬,11,252,303.0,3931.37,65.52,65:31,357.4,5.96,05:57,114.0,10.36,37.62,62.63,98.0,8.91,32.34,53.84,104.0,9.45,34.32,57.14,43.0,3.91,14.19,23.63,68.0,6.18,22.44,37.36,33.0,3.0,10.89,18.13,36.0,3.27,11.88,19.78,10.0,0.91,3.3,5.49,35.0,3.18,11.55,19.23,18.0,1.64,5.94,9.89,14.0,1.27,4.62,7.69,52.0,4.73,17.16,28.57,26.0,2.36,8.58,14.29,52.0,4.73,17.16,28.57,22.0,2.0,7.26,12.09,24.0,2.18,7.92,13.19,8.0,0.73,2.64,4.4,6.0,0.55,1.98,3.3,24.0,2.18,7.92,13.19,42.0,3.82,13.86,23.08,37.62,32.34,5.28,110.98,16.0,1.45,5.28,65.52,5.96,0.46,0.48,0.49,0.28,0.51,0.16,0.56,0.21,0.67,0.46,2.64,1.98,0.08,13.86,0.34
2,桃園台啤永豐雲豹,55|60,汪哲宇/黃鎮,9,56,80.0,942.55,15.71,15:43,104.73,1.75,01:45,28.0,3.11,35.0,64.17,28.0,3.11,35.0,64.17,23.0,2.56,28.75,52.71,8.0,0.89,10.0,18.33,10.0,1.11,12.5,22.92,3.0,0.33,3.75,6.87,13.0,1.44,16.25,29.79,5.0,0.56,6.25,11.46,10.0,1.11,12.5,22.92,7.0,0.78,8.75,16.04,8.0,0.89,10.0,18.33,8.0,0.89,10.0,18.33,13.0,1.44,16.25,29.79,8.0,0.89,10.0,18.33,7.0,0.78,8.75,16.04,6.0,0.67,7.5,13.75,5.0,0.56,6.25,11.46,1.0,0.11,1.25,2.29,9.0,1.0,11.25,20.62,13.0,1.44,16.25,29.79,35.0,35.0,0.0,122.22,0.0,0.0,0.0,15.71,1.75,0.46,0.51,0.3,0.38,0.7,0.2,0.75,0.5,0.38,0.43,6.25,1.25,0.11,16.25,0.43
2,桃園台啤永豐雲豹,58|60,林信寬/黃鎮,2,6,11.0,173.0,2.88,02:53,86.5,1.44,01:27,5.0,2.5,45.45,62.43,0.0,0.0,0.0,0.0,4.0,2.0,36.36,49.94,2.0,1.0,18.18,24.97,3.0,1.5,27.27,37.46,2.0,1.0,18.18,24.97,1.0,0.5,9.09,12.49,0.0,0.0,0.0,0.0,2.0,1.0,18.18,24.97,1.0,0.5,9.09,12.49,1.0,0.5,9.09,12.49,2.0,1.0,18.18,24.97,3.0,1.5,27.27,37.46,3.0,1.5,27.27,37.46,0.0,0.0,0.0,0.0,0.0,0.0,0.0,0.0,0.0,0.0,0.0,0.0,0.0,0.0,0.0,0.0,2.0,1.0,18.18,24.97,0.0,0.0,0.0,0.0,45.45,0.0,45.45,91.56,5.0,2.5,45.45,2.88,1.44,0.5,0.51,0.67,0.0,0.5,0.0,0.0,0.25,0.4,0.33,0.0,0.0,0.18,0.0,0.5
2,桃園台啤永豐雲豹,60|64,黃鎮/劉元凱,9,58,83.0,964.55,16.08,16:05,107.17,1.79,01:47,28.0,3.11,33.73,62.7,28.0,3.11,33.73,62.7,23.0,2.56,27.71,51.51,8.0,0.89,9.64,17.92,10.0,1.11,12.05,22.39,3.0,0.33,3.61,6.72,13.0,1.44,15.66,29.11,5.0,0.56,6.02,11.2,10.0,1.11,12.05,22.39,7.0,0.78,8.43,15.68,8.0,0.89,9.64,17.92,8.0,0.89,9.64,17.92,13.0,1.44,15.66,29.11,9.0,1.0,10.84,20.15,8.0,0.89,9.64,17.92,6.0,0.67,7.23,13.44,5.0,0.56,6.02,11.2,1.0,0.11,1.2,2.24,10.0,1.11,12.05,22.39,13.0,1.44,15.66,29.11,33.73,33.73,0.0,123.91,0.0,0.0,0.0,16.08,1.79,0.46,0.51,0.3,0.38,0.7,0.23,0.75,0.47,0.38,0.42,6.02,1.2,0.12,15.66,0.43
2,桃園台啤永豐雲豹,60|10884,黃鎮/徐宏瑋,9,74,98.0,1199.95,20.0,20:00,133.33,2.22,02:13,38.0,4.22,38.78,68.4,35.0,3.89,35.71,63.0,30.0,3.33,30.61,54.0,13.0,1.44,13.27,23.4,15.0,1.67,15.31,27.0,8.0,0.89,8.16,14.4,15.0,1.67,15.31,27.0,5.0,0.56,5.1,9.0,10.0,1.11,10.2,18.0,7.0,0.78,7.14,12.6,8.0,0.89,8.16,14.4,10.0,1.11,10.2,18.0,13.0,1.44,13.27,23.4,14.0,1.56,14.29,25.2,9.0,1.0,9.18,16.2,8.0,0.89,8.16,14.4,6.0,0.67,6.12,10.8,1.0,0.11,1.02,1.8,9.0,1.0,9.18,16.2,14.0,1.56,14.29,25.2,38.78,35.71,3.06,117.6,3.0,0.33,3.06,20.0,2.22,0.52,0.55,0.53,0.33,0.7,0.21,0.62,0.36,0.43,0.4,6.12,1.02,0.09,14.29,0.33
2,高雄全家海神,10893|12668,崔維斯/歐提斯,2,152,175.0,2346.95,39.12,39:07,1173.47,19.56,19:33,79.0,39.5,45.14,72.71,88.0,44.0,50.29,80.99,59.0,29.5,33.71,54.3,26.0,13.0,14.86,23.93,26.0,13.0,14.86,23.93,13.0,6.5,7.43,11.96,33.0,16.5,18.86,30.37,13.0,6.5,7.43,11.96,23.0,11.5,13.14,21.17,16.0,8.0,9.14,14.73,3.0,1.5,1.71,2.76,33.0,16.5,18.86,30.37,10.0,5.0,5.71,9.2,23.0,11.5,13.14,21.17,11.0,5.5,6.29,10.12,17.0,8.5,9.71,15.65,7.0,3.5,4.0,6.44,0.0,0.0,0.0,0.0,16.0,8.0,9.14,14.73,36.0,18.0,20.57,33.13,45.14,50.29,-5.14,107.37,-9.0,-4.5,-5.14,39.12,19.56,0.55,0.57,0.5,0.39,0.7,0.14,0.65,0.12,0.77,0.52,4.0,0.0,0.09,20.57,0.39
2,福爾摩沙夢想家,77|79,馬建豪/張宗憲,14,533,624.0,7993.14,133.22,133:13,570.94,9.52,09:31,293.0,20.93,46.96,79.18,269.0,19.21,43.11,72.69,205.0,14.64,32.85,55.4,102.0,7.29,16.35,27.56,127.0,9.07,20.35,34.32,72.0,5.14,11.54,19.46,78.0,5.57,12.5,21.08,30.0,2.14,4.81,8.11,92.0,6.57,14.74,24.86,65.0,4.64,10.42,17.57,30.0,2.14,4.81,8.11,82.0,5.86,13.14,22.16,36.0,2.57,5.77,9.73,114.0,8.14,18.27,30.81,48.0,3.43,7.69,12.97,62.0,4.43,9.94,16.75,28.0,2.0,4.49,7.57,8.0,0.57,1.28,2.16,69.0,4.93,11.06,18.65,63.0,4.5,10.1,17.02,46.96,43.11,3.85,112.42,24.0,1.71,3.85,133.22,9.52,0.57,0.6,0.57,0.38,0.71,0.16,0.61,0.21,0.69,0.43,4.49,1.28,0.11,10.1,0.45
2,福爾摩沙夢想家,77|89,馬建豪/蔣淯安,19,1338,1573.0,21136.33,352.27,352:16,1112.44,18.54,18:32,713.0,37.53,45.33,72.86,707.0,37.21,44.95,72.25,533.0,28.05,33.88,54.47,243.0,12.79,15.45,24.83,295.0,15.53,18.75,30.15,162.0,8.53,10.3,16.56,238.0,12.53,15.13,24.32,81.0,4.26,5.15,8.28,195.0,10.26,12.4,19.93,150.0,7.89,9.54,15.33,79.0,4.16,5.02,8.07,228.0,12.0,14.49,23.3,98.0,5.16,6.23,10.01,262.0,13.79,16.66,26.77,130.0,6.84,8.26,13.29,137.0,7.21,8.71,14.0,76.0,4.0,4.83,7.77,18.0,0.95,1.14,1.84,163.0,8.58,10.36,16.66,152.0,8.0,9.66,15.53,45.33,44.95,0.38,107.17,6.0,0.32,0.38,352.27,18.54,0.53,0.58,0.55,0.34,0.77,0.17,0.56,0.23,0.7,0.46,4.83,1.14,0.1,9.66,0.37
2,福爾摩沙夢想家,77|107,馬建豪/霍爾曼,12,920,1105.0,14924.6,248.74,248:45,1243.72,20.73,20:44,538.0,44.83,48.69,77.86,494.0,41.17,44.71,71.5,368.0,30.67,33.3,53.26,174.0,14.5,15.75,25.18,196.0,16.33,17.74,28.37,107.0,8.92,9.68,15.49,172.0,14.33,15.57,24.89,67.0,5.58,6.06,9.7,161.0,13.42,14.57,23.3,122.0,10.17,11.04,17.66,60.0,5.0,5.43,8.68,149.0,12.42,13.48,21.56,82.0,6.83,7.42,11.87,177.0,14.75,16.02,25.62,92.0,7.67,8.33,13.31,113.0,9.42,10.23,16.35,51.0,4.25,4.62,7.38,9.0,0.75,0.81,1.3,116.0,9.67,10.5,16.79,107.0,8.92,9.68,15.49,48.69,44.71,3.98,106.62,44.0,3.67,3.98,248.74,20.73,0.56,0.61,0.55,0.39,0.76,0.17,0.65,0.25,0.65,0.45,4.62,0.81,0.1,9.68,0.44
2,福爾摩沙夢想家,77|10889,馬建豪/恩尼斯,7,481,584.0,7501.83,125.03,125:02,1071.69,17.86,17:52,255.0,36.43,43.66,73.42,258.0,36.86,44.18,74.29,190.0,27.14,32.53,54.71,87.0,12.43,14.9,25.05,107.0,15.29,18.32,30.81,60.0,8.57,10.27,17.28,83.0,11.86,14.21,23.9,27.0,3.86,4.62,7.77,68.0,9.71,11.64,19.58,50.0,7.14,8.56,14.4,30.0,4.29,5.14,8.64,81.0,11.57,13.87,23.32,43.0,6.14,7.36,12.38,89.0,12.71,15.24,25.63,54.0,7.71,9.25,15.55,50.0,7.14,8.56,14.4,26.0,3.71,4.45,7.49,5.0,0.71,0.86,1.44,60.0,8.57,10.27,17.28,65.0,9.29,11.13,18.72,43.66,44.18,-0.51,112.1,-3.0,-0.43,-0.51,125.03,17.86,0.53,0.58,0.56,0.33,0.74,0.2,0.57,0.25,0.65,0.46,4.45,0.86,0.1,11.13,0.36
2,福爾摩沙夢想家,77|95,馬建豪/李德威,9,92,105.0,1341.73,22.36,22:22,149.08,2.48,02:29,33.0,3.67,31.43,53.13,54.0,6.0,51.43,86.93,31.0,3.44,29.52,49.91,11.0,1.22,10.48,17.71,18.0,2.0,17.14,28.98,10.0,1.11,9.52,16.1,13.0,1.44,12.38,20.93,1.0,0.11,0.95,1.61,17.0,1.89,16.19,27.37,10.0,1.11,9.52,16.1,3.0,0.33,2.86,4.83,20.0,2.22,19.05,32.2,5.0,0.56,4.76,8.05,16.0,1.78,15.24,25.76,10.0,1.11,9.52,16.1,5.0,0.56,4.76,8.05,4.0,0.44,3.81,6.44,0.0,0.0,0.0,0.0,9.0,1.0,8.57,14.49,14.0,1.56,13.33,22.54,31.43,51.43,-20.0,112.69,-21.0,-2.33,-20.0,22.36,2.48,0.37,0.43,0.56,0.08,0.59,0.21,0.45,0.16,0.8,0.52,3.81,0.0,0.09,13.33,0.55
2,福爾摩沙夢想家,77|86,馬建豪/林俊吉,14,798,980.0,12319.09,205.32,205:19,879.93,14.67,14:40,456.0,32.57,46.53,79.95,409.0,29.21,41.73,71.71,319.0,22.79,32.55,55.93,154.0,11.0,15.71,27.0,199.0,14.21,20.31,34.89,110.0,7.86,11.22,19.29,120.0,8.57,12.24,21.04,44.0,3.14,4.49,7.71,146.0,10.43,14.9,25.6,108.0,7.71,11.02,18.94,57.0,4.07,5.82,9.99,123.0,8.79,12.55,21.57,72.0,5.14,7.35,12.62,168.0,12.0,17.14,29.46,80.0,5.71,8.16,14.03,90.0,6.43,9.18,15.78,45.0,3.21,4.59,7.89,11.0,0.79,1.12,1.93,104.0,7.43,10.61,18.24,109.0,7.79,11.12,19.11,46.53,41.73,4.8,114.55,47.0,3.36,4.8,205.32,14.67,0.55,0.59,0.55,0.37,0.74,0.17,0.58,0.25,0.63,0.43,4.59,1.12,0.11,11.12,0.46
2,福爾摩沙夢想家,86|95,林俊吉/李德威,5,51,65.0,788.12,13.14,13:08,157.62,2.63,02:38,27.0,5.4,41.54,74.0,30.0,6.0,46.15,82.22,26.0,5.2,40.0,71.26,11.0,2.2,16.92,30.15,16.0,3.2,24.62,43.85,9.0,1.8,13.85,24.67,10.0,2.0,15.38,27.41,2.0,0.4,3.08,5.48,5.0,1.0,7.69,13.7,3.0,0.6,4.62,8.22,6.0,1.2,9.23,16.44,10.0,2.0,15.38,27.41,6.0,1.2,9.23,16.44,7.0,1.4,10.77,19.18,3.0,0.6,4.62,8.22,4.0,0.8,6.15,10.96,2.0,0.4,3.08,5.48,0.0,0.0,0.0,0.0,7.0,1.4,10.77,19.18,10.0,2.0,15.38,27.41,41.54,46.15,-4.62,118.76,-3.0,-0.6,-4.62,13.14,2.63,0.46,0.48,0.56,0.2,0.6,0.1,0.36,0.46,0.62,0.55,3.08,0.0,0.11,15.38,0.19
2,福爾摩沙夢想家,77|106,馬建豪/高柏鎧,14,930,1102.0,14074.73,234.58,234:35,1005.34,16.76,16:45,467.0,33.36,42.38,71.67,468.0,33.43,42.47,71.82,371.0,26.5,33.67,56.94,161.0,11.5,14.61,24.71,212.0,15.14,19.24,32.53,111.0,7.93,10.07,17.03,159.0,11.36,14.43,24.4,50.0,3.57,4.54,7.67,138.0,9.86,12.52,21.18,103.0,7.36,9.35,15.81,69.0,4.93,6.26,10.59,150.0,10.71,13.61,23.02,62.0,4.43,5.63,9.51,206.0,14.71,18.69,31.61,106.0,7.57,9.62,16.27,81.0,5.79,7.35,12.43,66.0,4.71,5.99,10.13,14.0,1.0,1.27,2.15,115.0,8.21,10.44,17.65,115.0,8.21,10.44,17.65,42.38,42.47,-0.09,112.75,-1.0,-0.07,-0.09,234.58,16.76,0.5,0.54,0.52,0.31,0.75,0.2,0.5,0.25,0.71,0.45,5.99,1.27,0.1,10.44,0.37
2,福爾摩沙夢想家,95|106,李德威/高柏鎧,1,5,7.0,98.0,1.63,01:38,98.0,1.63,01:38,0.0,0.0,0.0,0.0,5.0,5.0,71.43,110.2,1.0,1.0,14.29,22.04,0.0,0.0,0.0,0.0,0.0,0.0,0.0,0.0,0.0,0.0,0.0,0.0,1.0,1.0,14.29,22.04,0.0,0.0,0.0,0.0,0.0,0.0,0.0,0.0,0.0,0.0,0.0,0.0,1.0,1.0,14.29,22.04,0.0,0.0,0.0,0.0,0.0,0.0,0.0,0.0,0.0,0.0,0.0,0.0,2.0,2.0,28.57,44.08,0.0,0.0,0.0,0.0,1.0,1.0,14.29,22.04,0.0,0.0,0.0,0.0,3.0,3.0,42.86,66.12,0.0,0.0,0.0,0.0,0.0,71.43,-71.43,102.86,-5.0,-5.0,-71.43,1.63,1.63,0.0,0.0,,0.0,,0.67,,1.0,,1.0,14.29,0.0,0.43,0.0,0.0
2,福爾摩沙夢想家,77|103,馬建豪/忻沃克,15,594,717.0,9280.17,154.67,154:40,618.68,10.31,10:19,333.0,22.2,46.44,77.51,325.0,21.67,45.33,75.65,252.0,16.8,35.15,58.65,106.0,7.07,14.78,24.67,136.0,9.07,18.97,31.65,64.0,4.27,8.93,14.9,116.0,7.73,16.18,27.0,42.0,2.8,5.86,9.78,100.0,6.67,13.95,23.28,82.0,5.47,11.44,19.09,46.0,3.07,6.42,10.71,107.0,7.13,14.92,24.9,40.0,2.67,5.58,9.31,123.0,8.2,17.15,28.63,55.0,3.67,7.67,12.8,61.0,4.07,8.51,14.2,33.0,2.2,4.6,7.68,12.0,0.8,1.67,2.79,72.0,4.8,10.04,16.76,93.0,6.2,12.97,21.65,46.44,45.33,1.12,111.26,8.0,0.53,1.12,154.67,10.31,0.5,0.56,0.47,0.36,0.82,0.16,0.58,0.27,0.73,0.48,4.6,1.67,0.1,12.97,0.4
2,高雄全家海神,121|12668,吳曉謹/歐提斯,11,367,451.0,5618.68,93.64,93:39,510.79,8.51,08:31,178.0,16.18,39.47,68.43,233.0,21.18,51.66,89.57,147.0,13.36,32.59,56.51,58.0,5.27,12.86,22.3,84.0,7.64,18.63,32.29,38.0,3.45,8.43,14.61,63.0,5.73,13.97,24.22,20.0,1.82,4.43,7.69,54.0,4.91,11.97,20.76,41.0,3.73,9.09,15.76,31.0,2.82,6.87,11.92,61.0,5.55,13.53,23.45,36.0,3.27,7.98,13.84,47.0,4.27,10.42,18.07,46.0,4.18,10.2,17.68,35.0,3.18,7.76,13.46,35.0,3.18,7.76,13.46,5.0,0.45,1.11,1.92,41.0,3.73,9.09,15.76,65.0,5.91,14.41,24.99,39.47,51.66,-12.2,115.59,-55.0,-5.0,-12.2,93.64,8.51,0.46,0.52,0.45,0.32,0.76,0.21,0.6,0.4,0.63,0.53,7.76,1.11,0.09,14.41,0.37
2,高雄全家海神,119|12668,余純安/歐提斯,4,99,128.0,1593.4,26.56,26:33,398.35,6.64,06:38,47.0,11.75,36.72,63.71,52.0,13.0,40.62,70.49,37.0,9.25,28.91,50.16,15.0,3.75,11.72,20.33,18.0,4.5,14.06,24.4,9.0,2.25,7.03,12.2,19.0,4.75,14.84,25.76,6.0,1.5,4.69,8.13,18.0,4.5,14.06,24.4,11.0,2.75,8.59,14.91,5.0,1.25,3.91,6.78,19.0,4.75,14.84,25.76,13.0,3.25,10.16,17.62,16.0,4.0,12.5,21.69,16.0,4.0,12.5,21.69,10.0,2.5,7.81,13.56,7.0,1.75,5.47,9.49,0.0,0.0,0.0,0.0,16.0,4.0,12.5,21.69,21.0,5.25,16.41,28.47,36.72,40.62,-3.91,115.68,-5.0,-1.25,-3.91,26.56,6.64,0.49,0.52,0.5,0.32,0.61,0.26,0.67,0.24,0.59,0.45,5.47,0.0,0.12,16.41,0.49
2,福爾摩沙夢想家,77|101,馬建豪/周柏臣,10,115,140.0,1717.42,28.62,28:37,171.74,2.86,02:52,58.0,5.8,41.43,72.95,58.0,5.8,41.43,72.95,45.0,4.5,32.14,56.6,18.0,1.8,12.86,22.64,25.0,2.5,17.86,31.44,15.0,1.5,10.71,18.87,20.0,2.0,14.29,25.15,3.0,0.3,2.14,3.77,27.0,2.7,19.29,33.96,21.0,2.1,15.0,26.41,9.0,0.9,6.43,11.32,20.0,2.0,14.29,25.15,8.0,0.8,5.71,10.06,18.0,1.8,12.86,22.64,12.0,1.2,8.57,15.09,8.0,0.8,5.71,10.06,8.0,0.8,5.71,10.06,0.0,0.0,0.0,0.0,17.0,1.7,12.14,21.38,16.0,1.6,11.43,20.12,41.43,41.43,0.0,117.39,0.0,0.0,0.0,28.62,2.86,0.43,0.51,0.6,0.15,0.78,0.17,0.44,0.33,0.71,0.53,5.71,0.0,0.12,11.43,0.6
2,高雄全家海神,118|119,蘇文儒/余純安,4,103,124.0,1677.94,27.97,27:58,419.49,6.99,06:59,52.0,13.0,41.94,66.94,63.0,15.75,50.81,81.1,48.0,12.0,38.71,61.79,18.0,4.5,14.52,23.17,29.0,7.25,23.39,37.33,12.0,3.0,9.68,15.45,19.0,4.75,15.32,24.46,6.0,1.5,4.84,7.72,12.0,3.0,9.68,15.45,8.0,2.0,6.45,10.3,8.0,2.0,6.45,10.3,23.0,5.75,18.55,29.61,8.0,2.0,6.45,10.3,16.0,4.0,12.9,20.6,6.0,1.5,4.84,7.72,11.0,2.75,8.87,14.16,4.0,1.0,3.23,5.15,2.0,0.5,1.61,2.57,12.0,3.0,9.68,15.45,16.0,4.0,12.9,20.6,41.94,50.81,-8.87,106.42,-11.0,-2.75,-8.87,27.97,6.99,0.44,0.49,0.41,0.32,0.67,0.1,0.61,0.33,0.74,0.56,3.23,1.61,0.1,12.9,0.25
2,臺北台新戰神,5|10863,黃聰翰/魏芃禾,14,214,261.0,3540.14,59.0,59:00,252.87,4.21,04:13,93.0,6.64,35.63,56.74,133.0,9.5,50.96,81.15,94.0,6.71,36.02,57.35,32.0,2.29,12.26,19.52,42.0,3.0,16.09,25.63,20.0,1.43,7.66,12.2,52.0,3.71,19.92,31.73,12.0,0.86,4.6,7.32,27.0,1.93,10.34,16.47,18.0,1.29,6.9,10.98,17.0,1.21,6.51,10.37,48.0,3.43,18.39,29.29,22.0,1.57,8.43,13.42,38.0,2.71,14.56,23.19,16.0,1.14,6.13,9.76,16.0,1.14,6.13,9.76,11.0,0.79,4.21,6.71,3.0,0.21,1.15,1.83,22.0,1.57,8.43,13.42,38.0,2.71,14.56,23.19,35.63,50.96,-15.33,106.17,-40.0,-2.86,-15.33,59.0,4.21,0.4,0.44,0.48,0.23,0.67,0.13,0.5,0.31,0.69,0.52,4.21,1.15,0.08,14.56,0.29
2,臺北台新戰神,5|10865,黃聰翰/謝銘駿,17,425,510.0,7809.41,130.16,130:09,459.38,7.66,07:39,221.0,13.0,43.33,61.13,232.0,13.65,45.49,64.17,184.0,10.82,36.08,50.89,72.0,4.24,14.12,19.91,97.0,5.71,19.02,26.83,44.0,2.59,8.63,12.17,87.0,5.12,17.06,24.06,28.0,1.65,5.49,7.74,62.0,3.65,12.16,17.15,49.0,2.88,9.61,13.55,29.0,1.71,5.69,8.02,84.0,4.94,16.47,23.23,33.0,1.94,6.47,9.13,80.0,4.71,15.69,22.13,37.0,2.18,7.25,10.23,38.0,2.24,7.45,10.51,23.0,1.35,4.51,6.36,9.0,0.53,1.76,2.49,50.0,2.94,9.8,13.83,58.0,3.41,11.37,16.04,43.33,45.49,-2.16,94.04,-11.0,-0.65,-2.16,130.16,7.66,0.47,0.52,0.45,0.32,0.79,0.15,0.53,0.27,0.72,0.5,4.51,1.76,0.1,11.37,0.34
2,福爾摩沙夢想家,77|99,馬建豪/盧冠良,13,514,622.0,7981.62,133.03,133:02,613.97,10.23,10:14,293.0,22.54,47.11,79.29,281.0,21.62,45.18,76.04,205.0,15.77,32.96,55.48,101.0,7.77,16.24,27.33,113.0,8.69,18.17,30.58,64.0,4.92,10.29,17.32,92.0,7.08,14.79,24.9,37.0,2.85,5.95,10.01,74.0,5.69,11.9,20.03,52.0,4.0,8.36,14.07,36.0,2.77,5.79,9.74,74.0,5.69,11.9,20.03,45.0,3.46,7.23,12.18,103.0,7.92,16.56,27.87,58.0,4.46,9.32,15.7,57.0,4.38,9.16,15.43,31.0,2.38,4.98,8.39,5.0,0.38,0.8,1.35,68.0,5.23,10.93,18.4,59.0,4.54,9.49,15.97,47.11,45.18,1.93,112.22,12.0,0.92,1.93,133.03,10.23,0.58,0.62,0.57,0.4,0.7,0.2,0.56,0.26,0.62,0.43,4.98,0.8,0.11,9.49,0.36
2,新北中信特攻,44|47,黃泓瀚/曾文鼎,10,67,81.0,968.39,16.14,16:08,96.84,1.61,01:37,25.0,2.5,30.86,55.76,35.0,3.5,43.21,78.07,29.0,2.9,35.8,64.68,9.0,0.9,11.11,20.07,16.0,1.6,19.75,35.69,6.0,0.6,7.41,13.38,13.0,1.3,16.05,29.0,3.0,0.3,3.7,6.69,8.0,0.8,9.88,17.84,6.0,0.6,7.41,13.38,4.0,0.4,4.94,8.92,13.0,1.3,16.05,29.0,8.0,0.8,9.88,17.84,11.0,1.1,13.58,24.54,3.0,0.3,3.7,6.69,7.0,0.7,8.64,15.61,2.0,0.2,2.47,4.46,1.0,0.1,1.23,2.23,1.0,0.1,1.23,2.23,8.0,0.8,9.88,17.84,30.86,43.21,-12.35,120.45,-10.0,-1.0,-12.35,16.14,1.61,0.36,0.38,0.38,0.23,0.75,0.08,0.78,0.27,0.62,0.47,2.47,1.23,0.01,9.88,0.28
2,福爾摩沙夢想家,79|95,張宗憲/李德威,2,43,51.0,708.03,11.8,11:48,354.02,5.9,05:54,22.0,11.0,43.14,67.12,20.0,10.0,39.22,61.01,22.0,11.0,43.14,67.12,9.0,4.5,17.65,27.46,16.0,8.0,31.37,48.81,7.0,3.5,13.73,21.35,6.0,3.0,11.76,18.3,2.0,1.0,3.92,6.1,2.0,1.0,3.92,6.1,2.0,1.0,3.92,6.1,4.0,2.0,7.84,12.2,9.0,4.5,17.65,27.46,1.0,0.5,1.96,3.05,7.0,3.5,13.73,21.35,3.0,1.5,5.88,9.15,4.0,2.0,7.84,12.2,1.0,0.5,1.96,3.05,0.0,0.0,0.0,0.0,7.0,3.5,13.73,21.35,4.0,2.0,7.84,12.2,43.14,39.22,3.92,103.72,2.0,1.0,3.92,11.8,5.9,0.45,0.48,0.44,0.33,1.0,0.12,0.44,0.36,0.9,0.62,1.96,0.0,0.14,7.84,0.09
2,新北中信特攻,43|8889,林韋翰/馬可,23,1921,2296.0,31169.78,519.5,519:30,1355.21,22.59,22:35,1072.0,46.61,46.69,74.29,926.0,40.26,40.33,64.17,854.0,37.13,37.2,59.18,392.0,17.04,17.07,27.16,473.0,20.57,20.6,32.78,272.0,11.83,11.85,18.85,381.0,16.57,16.59,26.4,120.0,5.22,5.23,8.32,230.0,10.0,10.02,15.94,165.0,7.17,7.19,11.43,153.0,6.65,6.66,10.6,322.0,14.0,14.02,22.31,135.0,5.87,5.88,9.36,370.0,16.09,16.11,25.64,179.0,7.78,7.8,12.4,258.0,11.22,11.24,17.88,82.0,3.57,3.57,5.68,25.0,1.09,1.09,1.73,231.0,10.04,10.06,16.01,220.0,9.57,9.58,15.25,46.69,40.33,6.36,106.07,146.0,6.35,6.36,519.5,22.59,0.53,0.56,0.58,0.31,0.72,0.16,0.66,0.29,0.7,0.48,3.57,1.09,0.1,9.58,0.27
2,新北中信特攻,43|10879,林韋翰/簡廷兆,23,576,712.0,9261.56,154.36,154:22,402.68,6.71,06:43,280.0,12.17,39.33,65.3,300.0,13.04,42.13,69.97,264.0,11.48,37.08,61.57,98.0,4.26,13.76,22.86,132.0,5.74,18.54,30.79,64.0,2.78,8.99,14.93,132.0,5.74,18.54,30.79,34.0,1.48,4.78,7.93,69.0,3.0,9.69,16.09,50.0,2.17,7.02,11.66,54.0,2.35,7.58,12.59,114.0,4.96,16.01,26.59,52.0,2.26,7.3,12.13,99.0,4.3,13.9,23.09,50.0,2.17,7.02,11.66,67.0,2.91,9.41,15.63,26.0,1.13,3.65,6.06,12.0,0.52,1.69,2.8,59.0,2.57,8.29,13.76,85.0,3.7,11.94,19.82,39.33,42.13,-2.81,110.7,-20.0,-0.87,-2.81,154.36,6.71,0.44,0.48,0.48,0.26,0.72,0.15,0.68,0.35,0.69,0.53,3.65,1.69,0.08,11.94,0.26
2,新北中信特攻,113|8889,林任鴻/馬可,9,143,173.0,2327.64,38.79,38:48,258.63,4.31,04:19,58.0,6.44,33.53,53.82,65.0,7.22,37.57,60.32,51.0,5.67,29.48,47.33,19.0,2.11,10.98,17.63,24.0,2.67,13.87,22.27,13.0,1.44,7.51,12.06,27.0,3.0,15.61,25.06,6.0,0.67,3.47,5.57,24.0,2.67,13.87,22.27,14.0,1.56,8.09,12.99,9.0,1.0,5.2,8.35,28.0,3.11,16.18,25.98,13.0,1.44,7.51,12.06,29.0,3.22,16.76,26.91,17.0,1.89,9.83,15.78,15.0,1.67,8.67,13.92,6.0,0.67,3.47,5.57,4.0,0.44,2.31,3.71,21.0,2.33,12.14,19.49,20.0,2.22,11.56,18.56,33.53,37.57,-4.05,107.03,-7.0,-0.78,-4.05,38.79,4.31,0.43,0.47,0.54,0.22,0.58,0.22,0.79,0.24,0.68,0.47,3.47,2.31,0.12,11.56,0.47
2,新北中信特攻,47|8889,曾文鼎/馬可,12,197,239.0,3544.92,59.08,59:05,295.41,4.92,04:55,104.0,8.67,43.51,63.37,106.0,8.83,44.35,64.59,87.0,7.25,36.4,53.01,38.0,3.17,15.9,23.15,49.0,4.08,20.5,29.86,27.0,2.25,11.3,16.45,38.0,3.17,15.9,23.15,11.0,0.92,4.6,6.7,29.0,2.42,12.13,17.67,19.0,1.58,7.95,11.58,16.0,1.33,6.69,9.75,35.0,2.92,14.64,21.33,17.0,1.42,7.11,10.36,37.0,3.08,15.48,22.54,16.0,1.33,6.69,9.75,21.0,1.75,8.79,12.8,7.0,0.58,2.93,4.27,0.0,0.0,0.0,0.0,21.0,1.75,8.79,12.8,17.0,1.42,7.11,10.36,43.51,44.35,-0.84,97.09,-2.0,-0.17,-0.84,59.08,4.92,0.5,0.52,0.55,0.29,0.66,0.14,0.55,0.3,0.67,0.49,2.93,0.0,0.09,7.11,0.33
2,桃園台啤永豐雲豹,16|10861,米勒/迪亞洛,14,642,766.0,11200.8,186.68,186:41,800.06,13.33,13:20,304.0,21.71,39.69,58.62,277.0,19.79,36.16,53.42,271.0,19.36,35.38,52.26,117.0,8.36,15.27,22.56,193.0,13.79,25.2,37.22,95.0,6.79,12.4,18.32,78.0,5.57,10.18,15.04,22.0,1.57,2.87,4.24,82.0,5.86,10.7,15.81,51.0,3.64,6.66,9.84,49.0,3.5,6.4,9.45,113.0,8.07,14.75,21.79,48.0,3.43,6.27,9.26,150.0,10.71,19.58,28.93,65.0,4.64,8.49,12.53,70.0,5.0,9.14,13.5,31.0,2.21,4.05,5.98,16.0,1.14,2.09,3.09,74.0,5.29,9.66,14.27,73.0,5.21,9.53,14.08,39.69,36.16,3.52,98.48,27.0,1.93,3.52,186.68,13.33,0.47,0.49,0.49,0.28,0.62,0.17,0.6,0.25,0.7,0.45,4.05,2.09,0.1,9.53,0.3
2,桃園台啤永豐雲豹,54|10861,高錦瑋/迪亞洛,20,1365,1645.0,21547.91,359.13,359:08,1077.4,17.96,17:57,767.0,38.35,46.63,76.89,654.0,32.7,39.76,65.56,612.0,30.6,37.2,61.35,280.0,14.0,17.02,28.07,404.0,20.2,24.56,40.5,208.0,10.4,12.64,20.85,208.0,10.4,12.64,20.85,72.0,3.6,4.38,7.22,187.0,9.35,11.37,18.75,137.0,6.85,8.33,13.73,114.0,5.7,6.93,11.43,229.0,11.45,13.92,22.96,109.0,5.45,6.63,10.93,267.0,13.35,16.23,26.76,110.0,5.5,6.69,11.03,172.0,8.6,10.46,17.24,57.0,2.85,3.47,5.71,20.0,1.0,1.22,2.0,158.0,7.9,9.6,15.84,151.0,7.55,9.18,15.14,46.63,39.76,6.87,109.93,113.0,5.65,6.87,359.13,17.96,0.52,0.55,0.51,0.35,0.73,0.14,0.61,0.3,0.68,0.48,3.47,1.22,0.1,9.18,0.31
2,桃園台啤永豐雲豹,58|10861,林信寬/迪亞洛,19,1267,1530.0,20118.42,335.31,335:18,1058.86,17.65,17:39,617.0,32.47,40.33,66.24,599.0,31.53,39.15,64.31,529.0,27.84,34.58,56.8,229.0,12.05,14.97,24.59,375.0,19.74,24.51,40.26,190.0,10.0,12.42,20.4,154.0,8.11,10.07,16.53,39.0,2.05,2.55,4.19,189.0,9.95,12.35,20.29,126.0,6.63,8.24,13.53,94.0,4.95,6.14,10.09,225.0,11.84,14.71,24.16,104.0,5.47,6.8,11.17,261.0,13.74,17.06,28.02,118.0,6.21,7.71,12.67,142.0,7.47,9.28,15.25,57.0,3.0,3.73,6.12,21.0,1.11,1.37,2.25,149.0,7.84,9.74,16.0,133.0,7.0,8.69,14.28,40.33,39.15,1.18,109.51,18.0,0.95,1.18,335.31,17.65,0.47,0.5,0.51,0.25,0.67,0.16,0.62,0.26,0.68,0.47,3.73,1.37,0.1,8.69,0.36
2,桃園台啤永豐雲豹,62|10861,王皓吉/迪亞洛,18,764,917.0,12223.2,203.72,203:43,679.07,11.32,11:19,437.0,24.28,47.66,77.22,364.0,20.22,39.69,64.32,336.0,18.67,36.64,59.38,168.0,9.33,18.32,29.69,224.0,12.44,24.43,39.58,128.0,7.11,13.96,22.62,112.0,6.22,12.21,19.79,40.0,2.22,4.36,7.07,93.0,5.17,10.14,16.43,64.0,3.56,6.98,11.31,56.0,3.11,6.11,9.9,122.0,6.78,13.3,21.56,57.0,3.17,6.22,10.07,146.0,8.11,15.92,25.8,75.0,4.17,8.18,13.25,98.0,5.44,10.69,17.32,39.0,2.17,4.25,6.89,11.0,0.61,1.2,1.94,91.0,5.06,9.92,16.08,77.0,4.28,8.4,13.61,47.66,39.69,7.96,108.03,73.0,4.06,7.96,203.72,11.32,0.56,0.58,0.57,0.36,0.69,0.17,0.58,0.28,0.68,0.47,4.25,1.2,0.1,8.4,0.28
2,桃園台啤永豐雲豹,16|3129,米勒/董永全,22,679,830.0,11679.71,194.66,194:40,530.9,8.85,08:51,346.0,15.73,41.69,63.99,327.0,14.86,39.4,60.47,297.0,13.5,35.78,54.93,123.0,5.59,14.82,22.75,177.0,8.05,21.33,32.73,85.0,3.86,10.24,15.72,120.0,5.45,14.46,22.19,38.0,1.73,4.58,7.03,88.0,4.0,10.6,16.27,62.0,2.82,7.47,11.47,49.0,2.23,5.9,9.06,130.0,5.91,15.66,24.04,64.0,2.91,7.71,11.84,136.0,6.18,16.39,25.15,60.0,2.73,7.23,11.1,72.0,3.27,8.67,13.32,27.0,1.23,3.25,4.99,14.0,0.64,1.69,2.59,65.0,2.95,7.83,12.02,82.0,3.73,9.88,15.16,41.69,39.4,2.29,102.33,19.0,0.86,2.29,194.66,8.85,0.48,0.52,0.48,0.32,0.7,0.15,0.59,0.26,0.67,0.47,3.25,1.69,0.08,9.88,0.3
2,桃園台啤永豐雲豹,54|3129,高錦瑋/董永全,23,958,1154.0,15937.87,265.63,265:38,692.95,11.55,11:33,546.0,23.74,47.31,74.0,507.0,22.04,43.93,68.71,425.0,18.48,36.83,57.6,197.0,8.57,17.07,26.7,271.0,11.78,23.48,36.73,138.0,6.0,11.96,18.7,154.0,6.7,13.34,20.87,59.0,2.57,5.11,8.0,122.0,5.3,10.57,16.53,94.0,4.09,8.15,12.74,70.0,3.04,6.07,9.49,167.0,7.26,14.47,22.63,85.0,3.7,7.37,11.52,170.0,7.39,14.73,23.04,68.0,2.96,5.89,9.22,121.0,5.26,10.49,16.4,37.0,1.61,3.21,5.01,13.0,0.57,1.13,1.76,100.0,4.35,8.67,13.55,127.0,5.52,11.01,17.21,47.31,43.93,3.38,104.26,39.0,1.7,3.38,265.63,11.55,0.53,0.57,0.51,0.38,0.77,0.12,0.61,0.29,0.66,0.48,3.21,1.13,0.09,11.01,0.29
2,桃園台啤永豐雲豹,62|3129,王皓吉/董永全,7,77,90.0,1335.85,22.26,22:16,190.84,3.18,03:11,45.0,6.43,50.0,72.76,40.0,5.71,44.44,64.68,37.0,5.29,41.11,59.83,16.0,2.29,17.78,25.87,24.0,3.43,26.67,38.81,12.0,1.71,13.33,19.4,13.0,1.86,14.44,21.02,4.0,0.57,4.44,6.47,11.0,1.57,12.22,17.79,9.0,1.29,10.0,14.55,8.0,1.14,8.89,12.94,13.0,1.86,14.44,21.02,4.0,0.57,4.44,6.47,12.0,1.71,13.33,19.4,5.0,0.71,5.56,8.08,9.0,1.29,10.0,14.55,2.0,0.29,2.22,3.23,0.0,0.0,0.0,0.0,7.0,1.0,7.78,11.32,14.0,2.0,15.56,22.64,50.0,44.44,5.56,97.02,5.0,0.71,5.56,22.26,3.18,0.49,0.54,0.5,0.31,0.82,0.11,0.56,0.4,0.76,0.57,2.22,0.0,0.08,15.56,0.3
2,桃園台啤永豐雲豹,3129|10861,董永全/迪亞洛,17,566,680.0,9375.53,156.26,156:16,551.5,9.19,09:12,318.0,18.71,46.76,73.26,275.0,16.18,40.44,63.36,247.0,14.53,36.32,56.91,116.0,6.82,17.06,26.72,173.0,10.18,25.44,39.86,88.0,5.18,12.94,20.27,74.0,4.35,10.88,17.05,28.0,1.65,4.12,6.45,80.0,4.71,11.76,18.43,57.0,3.35,8.38,13.13,48.0,2.82,7.06,11.06,91.0,5.35,13.38,20.97,50.0,2.94,7.35,11.52,113.0,6.65,16.62,26.03,45.0,2.65,6.62,10.37,71.0,4.18,10.44,16.36,26.0,1.53,3.82,5.99,6.0,0.35,0.88,1.38,59.0,3.47,8.68,13.59,74.0,4.35,10.88,17.05,46.76,40.44,6.32,104.44,43.0,2.53,6.32,156.26,9.19,0.53,0.56,0.51,0.38,0.71,0.14,0.61,0.3,0.65,0.46,3.82,0.88,0.09,10.88,0.32
2,桃園台啤永豐雲豹,12|3129,曹薰襄/董永全,20,481,577.0,7825.64,130.43,130:26,391.28,6.52,06:31,239.0,11.95,41.42,65.97,184.0,9.2,31.89,50.79,198.0,9.9,34.32,54.65,87.0,4.35,15.08,24.01,132.0,6.6,22.88,36.43,67.0,3.35,11.61,18.49,66.0,3.3,11.44,18.22,20.0,1.0,3.47,5.52,68.0,3.4,11.79,18.77,44.0,2.2,7.63,12.14,36.0,1.8,6.24,9.94,85.0,4.25,14.73,23.46,39.0,1.95,6.76,10.76,116.0,5.8,20.1,32.02,52.0,2.6,9.01,14.35,48.0,2.4,8.32,13.25,28.0,1.4,4.85,7.73,9.0,0.45,1.56,2.48,48.0,2.4,8.32,13.25,46.0,2.3,7.97,12.7,41.42,31.89,9.53,106.17,55.0,2.75,9.53,130.43,6.52,0.49,0.52,0.51,0.3,0.65,0.19,0.55,0.24,0.69,0.44,4.85,1.56,0.08,7.97,0.34
2,桃園台啤永豐雲豹,12|10861,曹薰襄/迪亞洛,20,1085,1309.0,17645.14,294.09,294:05,882.26,14.7,14:42,547.0,27.35,41.79,66.96,498.0,24.9,38.04,60.96,446.0,22.3,34.07,54.6,207.0,10.35,15.81,25.34,330.0,16.5,25.21,40.4,171.0,8.55,13.06,20.93,116.0,5.8,8.86,14.2,36.0,1.8,2.75,4.41,159.0,7.95,12.15,19.46,99.0,4.95,7.56,12.12,76.0,3.8,5.81,9.3,181.0,9.05,13.83,22.16,95.0,4.75,7.26,11.63,222.0,11.1,16.96,27.18,110.0,5.5,8.4,13.47,126.0,6.3,9.63,15.42,52.0,2.6,3.97,6.37,18.0,0.9,1.38,2.2,126.0,6.3,9.63,15.42,107.0,5.35,8.17,13.1,41.79,38.04,3.74,106.83,49.0,2.45,3.74,294.09,14.7,0.5,0.53,0.52,0.31,0.62,0.18,0.61,0.26,0.66,0.45,3.97,1.38,0.1,8.17,0.36
2,桃園台啤永豐雲豹,3129|10860,董永全/麥卡洛,15,474,562.0,7626.49,127.11,127:06,508.43,8.47,08:28,237.0,15.8,42.17,67.12,228.0,15.2,40.57,64.57,201.0,13.4,35.77,56.93,90.0,6.0,16.01,25.49,139.0,9.27,24.73,39.37,72.0,4.8,12.81,20.39,62.0,4.13,11.03,17.56,18.0,1.2,3.2,5.1,56.0,3.73,9.96,15.86,40.0,2.67,7.12,11.33,36.0,2.4,6.41,10.2,83.0,5.53,14.77,23.51,32.0,2.13,5.69,9.06,96.0,6.4,17.08,27.19,49.0,3.27,8.72,13.88,50.0,3.33,8.9,14.16,27.0,1.8,4.8,7.65,11.0,0.73,1.96,3.12,46.0,3.07,8.19,13.03,54.0,3.6,9.61,15.29,42.17,40.57,1.6,106.11,9.0,0.6,1.6,127.11,8.47,0.49,0.53,0.52,0.29,0.71,0.18,0.56,0.27,0.72,0.48,4.8,1.96,0.08,9.61,0.28
2,桃園台啤永豐雲豹,10860|10861,麥卡洛/迪亞洛,10,479,596.0,7389.62,123.16,123:10,738.96,12.32,12:19,250.0,25.0,41.95,73.08,226.0,22.6,37.92,66.06,200.0,20.0,33.56,58.46,92.0,9.2,15.44,26.89,145.0,14.5,24.33,42.38,76.0,7.6,12.75,22.21,55.0,5.5,9.23,16.08,16.0,1.6,2.68,4.68,71.0,7.1,11.91,20.75,50.0,5.0,8.39,14.62,39.0,3.9,6.54,11.4,73.0,7.3,12.25,21.34,46.0,4.6,7.72,13.45,88.0,8.8,14.77,25.72,52.0,5.2,8.72,15.2,55.0,5.5,9.23,16.08,21.0,2.1,3.52,6.14,6.0,0.6,1.01,1.75,56.0,5.6,9.4,16.37,48.0,4.8,8.05,14.03,41.95,37.92,4.03,116.14,24.0,2.4,4.03,123.16,12.32,0.5,0.54,0.52,0.29,0.7,0.18,0.6,0.31,0.61,0.46,3.52,1.01,0.09,8.05,0.36
2,桃園台啤永豐雲豹,10861|10884,迪亞洛/徐宏瑋,13,215,266.0,4124.68,68.74,68:45,317.28,5.29,05:17,121.0,9.31,45.49,63.36,113.0,8.69,42.48,59.18,87.0,6.69,32.71,45.56,47.0,3.62,17.67,24.61,66.0,5.08,24.81,34.56,40.0,3.08,15.04,20.95,21.0,1.62,7.89,11.0,7.0,0.54,2.63,3.67,30.0,2.31,11.28,15.71,20.0,1.54,7.52,10.47,19.0,1.46,7.14,9.95,27.0,2.08,10.15,14.14,23.0,1.77,8.65,12.04,40.0,3.08,15.04,20.95,24.0,1.85,9.02,12.57,31.0,2.38,11.65,16.23,13.0,1.0,4.89,6.81,5.0,0.38,1.88,2.62,24.0,1.85,9.02,12.57,29.0,2.23,10.9,15.19,45.49,42.48,3.01,92.87,8.0,0.62,3.01,68.74,5.29,0.58,0.6,0.61,0.33,0.67,0.19,0.66,0.32,0.54,0.42,4.89,1.88,0.09,10.9,0.34
2,高雄全家海神,108|109,魏莨哲/于煥亞,1,20,25.0,339.22,5.65,05:39,339.22,5.65,05:39,6.0,6.0,24.0,38.21,10.0,10.0,40.0,63.68,11.0,11.0,44.0,70.04,1.0,1.0,4.0,6.37,9.0,9.0,36.0,57.31,0.0,0.0,0.0,0.0,2.0,2.0,8.0,12.74,1.0,1.0,4.0,6.37,4.0,4.0,16.0,25.47,3.0,3.0,12.0,19.1,3.0,3.0,12.0,19.1,8.0,8.0,32.0,50.94,0.0,0.0,0.0,0.0,3.0,3.0,12.0,19.1,1.0,1.0,4.0,6.37,1.0,1.0,4.0,6.37,1.0,1.0,4.0,6.37,1.0,1.0,4.0,6.37,3.0,3.0,12.0,19.1,1.0,1.0,4.0,6.37,24.0,40.0,-16.0,106.13,-4.0,-4.0,-16.0,5.65,5.65,0.14,0.24,0.0,0.5,0.75,0.07,1.0,0.5,1.0,0.79,4.0,4.0,0.12,4.0,0.36
2,高雄全家海神,108|121,魏莨哲/吳曉謹,9,228,261.0,3468.92,57.82,57:49,385.44,6.42,06:25,100.0,11.11,38.31,62.27,122.0,13.56,46.74,75.97,104.0,11.56,39.85,64.76,37.0,4.11,14.18,23.04,62.0,6.89,23.75,38.61,26.0,2.89,9.96,16.19,42.0,4.67,16.09,26.15,11.0,1.22,4.21,6.85,23.0,2.56,8.81,14.32,15.0,1.67,5.75,9.34,20.0,2.22,7.66,12.45,48.0,5.33,18.39,29.89,7.0,0.78,2.68,4.36,37.0,4.11,14.18,23.04,21.0,2.33,8.05,13.08,21.0,2.33,8.05,13.08,16.0,1.78,6.13,9.96,5.0,0.56,1.92,3.11,17.0,1.89,6.51,10.59,26.0,2.89,9.96,16.19,38.31,46.74,-8.43,108.35,-22.0,-2.44,-8.43,57.82,6.42,0.41,0.44,0.42,0.26,0.65,0.16,0.57,0.35,0.87,0.61,6.13,1.92,0.07,9.96,0.22
2,高雄全家海神,108|123,魏莨哲/勤明慶,6,122,152.0,2021.74,33.7,33:42,336.96,5.62,05:37,56.0,9.33,36.84,59.83,61.0,10.17,40.13,65.17,61.0,10.17,40.13,65.17,19.0,3.17,12.5,20.3,39.0,6.5,25.66,41.67,12.0,2.0,7.89,12.82,22.0,3.67,14.47,23.5,7.0,1.17,4.61,7.48,16.0,2.67,10.53,17.09,11.0,1.83,7.24,11.75,12.0,2.0,7.89,12.82,33.0,5.5,21.71,35.26,10.0,1.67,6.58,10.68,16.0,2.67,10.53,17.09,6.0,1.0,3.95,6.41,6.0,1.0,3.95,6.41,5.0,0.83,3.29,5.34,3.0,0.5,1.97,3.21,13.0,2.17,8.55,13.89,22.0,3.67,14.47,23.5,36.84,40.13,-3.29,108.26,-5.0,-0.83,-3.29,33.7,5.62,0.37,0.41,0.31,0.32,0.69,0.08,0.32,0.43,0.77,0.63,3.29,1.97,0.09,14.47,0.26
2,高雄全家海神,108|10894,魏莨哲/凱帝,1,38,43.0,607.82,10.13,10:08,607.82,10.13,10:08,20.0,20.0,46.51,71.07,16.0,16.0,37.21,56.86,19.0,19.0,44.19,67.52,5.0,5.0,11.63,17.77,11.0,11.0,25.58,39.09,0.0,0.0,0.0,0.0,8.0,8.0,18.6,28.43,5.0,5.0,11.63,17.77,6.0,6.0,13.95,21.32,5.0,5.0,11.63,17.77,3.0,3.0,6.98,10.66,12.0,12.0,27.91,42.64,0.0,0.0,0.0,0.0,5.0,5.0,11.63,17.77,1.0,1.0,2.33,3.55,4.0,4.0,9.3,14.21,1.0,1.0,2.33,3.55,1.0,1.0,2.33,3.55,4.0,4.0,9.3,14.21,5.0,5.0,11.63,17.77,46.51,37.21,9.3,101.87,4.0,4.0,9.3,10.13,10.13,0.39,0.46,0.0,0.62,0.83,0.04,0.8,0.38,1.0,0.75,2.33,2.33,0.09,11.63,0.32
2,桃園台啤永豐雲豹,57|10861,莊博元/迪亞洛,20,1132,1340.0,17444.07,290.73,290:44,872.2,14.54,14:32,647.0,32.35,48.28,80.11,528.0,26.4,39.4,65.38,493.0,24.65,36.79,61.05,241.0,12.05,17.99,29.84,327.0,16.35,24.4,40.49,180.0,9.0,13.43,22.29,166.0,8.3,12.39,20.55,61.0,3.05,4.55,7.55,145.0,7.25,10.82,17.95,107.0,5.35,7.99,13.25,79.0,3.95,5.9,9.78,183.0,9.15,13.66,22.66,80.0,4.0,5.97,9.91,229.0,11.45,17.09,28.36,96.0,4.8,7.16,11.89,144.0,7.2,10.75,17.83,50.0,2.5,3.73,6.19,21.0,1.05,1.57,2.6,118.0,5.9,8.81,14.61,108.0,5.4,8.06,13.37,48.28,39.4,8.88,110.62,119.0,5.95,8.88,290.73,14.54,0.55,0.58,0.55,0.37,0.74,0.15,0.6,0.26,0.7,0.46,3.73,1.57,0.09,8.06,0.29
2,桃園台啤永豐雲豹,57|3129,莊博元/董永全,21,723,862.0,12062.7,201.05,201:03,574.41,9.57,09:34,420.0,20.0,48.72,75.21,386.0,18.38,44.78,69.12,318.0,15.14,36.89,56.94,151.0,7.19,17.52,27.04,199.0,9.48,23.09,35.63,104.0,4.95,12.06,18.62,119.0,5.67,13.81,21.31,47.0,2.24,5.45,8.42,96.0,4.57,11.14,17.19,71.0,3.38,8.24,12.71,45.0,2.14,5.22,8.06,133.0,6.33,15.43,23.82,67.0,3.19,7.77,12.0,123.0,5.86,14.27,22.02,42.0,2.0,4.87,7.52,88.0,4.19,10.21,15.76,21.0,1.0,2.44,3.76,12.0,0.57,1.39,2.15,75.0,3.57,8.7,13.43,92.0,4.38,10.67,16.47,48.72,44.78,3.94,102.9,34.0,1.62,3.94,201.05,9.57,0.55,0.58,0.52,0.39,0.74,0.1,0.58,0.27,0.66,0.48,2.44,1.39,0.09,10.67,0.3
2,高雄全家海神,119|10891,余純安/廖偉皓,5,73,88.0,1147.11,19.12,19:07,229.42,3.82,03:49,39.0,7.8,44.32,73.44,37.0,7.4,42.05,69.67,37.0,7.4,42.05,69.67,12.0,2.4,13.64,22.6,17.0,3.4,19.32,32.01,7.0,1.4,7.95,13.18,20.0,4.0,22.73,37.66,5.0,1.0,5.68,9.41,16.0,3.2,18.18,30.13,10.0,2.0,11.36,18.83,9.0,1.8,10.23,16.95,19.0,3.8,21.59,35.78,2.0,0.4,2.27,3.77,11.0,2.2,12.5,20.71,2.0,0.4,2.27,3.77,9.0,1.8,10.23,16.95,0.0,0.0,0.0,0.0,0.0,0.0,0.0,0.0,10.0,2.0,11.36,18.83,7.0,1.4,7.95,13.18,44.32,42.05,2.27,110.47,2.0,0.4,2.27,19.12,3.82,0.39,0.44,0.41,0.25,0.62,0.04,0.75,0.45,0.9,0.68,0.0,0.0,0.11,7.95,0.43
2,高雄全家海神,121|10891,吳曉謹/廖偉皓,13,185,212.0,2707.29,45.12,45:07,208.25,3.47,03:28,88.0,6.77,41.51,70.21,122.0,9.38,57.55,97.34,71.0,5.46,33.49,56.65,29.0,2.23,13.68,23.14,41.0,3.15,19.34,32.71,21.0,1.62,9.91,16.75,30.0,2.31,14.15,23.94,8.0,0.62,3.77,6.38,30.0,2.31,14.15,23.94,22.0,1.69,10.38,17.55,10.0,0.77,4.72,7.98,37.0,2.85,17.45,29.52,10.0,0.77,4.72,7.98,27.0,2.08,12.74,21.54,18.0,1.38,8.49,14.36,15.0,1.15,7.08,11.97,14.0,1.08,6.6,11.17,1.0,0.08,0.47,0.8,20.0,1.54,9.43,15.96,33.0,2.54,15.57,26.33,41.51,57.55,-16.04,112.76,-34.0,-2.62,-16.04,45.12,3.47,0.46,0.52,0.51,0.27,0.73,0.18,0.52,0.27,0.79,0.56,6.6,0.47,0.09,15.57,0.42
2,高雄全家海神,123|10891,勤明慶/廖偉皓,7,104,126.0,1696.36,28.27,28:16,242.34,4.04,04:02,53.0,7.57,42.06,67.49,59.0,8.43,46.83,75.13,41.0,5.86,32.54,52.21,12.0,1.71,9.52,15.28,23.0,3.29,18.25,29.29,4.0,0.57,3.17,5.09,18.0,2.57,14.29,22.92,8.0,1.14,6.35,10.19,29.0,4.14,23.02,36.93,21.0,3.0,16.67,26.74,8.0,1.14,6.35,10.19,21.0,3.0,16.67,26.74,7.0,1.0,5.56,8.91,16.0,2.29,12.7,20.37,9.0,1.29,7.14,11.46,8.0,1.14,6.35,10.19,6.0,0.86,4.76,7.64,2.0,0.29,1.59,2.55,15.0,2.14,11.9,19.1,19.0,2.71,15.08,24.19,42.06,46.83,-4.76,106.96,-6.0,-0.86,-4.76,28.27,4.04,0.39,0.49,0.17,0.44,0.72,0.14,0.67,0.33,0.75,0.56,4.76,1.59,0.12,15.08,0.71
2,高雄全家海神,10891|12668,廖偉皓/歐提斯,5,60,75.0,1047.42,17.46,17:27,209.48,3.49,03:29,25.0,5.0,33.33,51.56,34.0,6.8,45.33,70.12,24.0,4.8,32.0,49.49,7.0,1.4,9.33,14.44,16.0,3.2,21.33,33.0,3.0,0.6,4.0,6.19,8.0,1.6,10.67,16.5,4.0,0.8,5.33,8.25,13.0,2.6,17.33,26.81,9.0,1.8,12.0,18.56,4.0,0.8,5.33,8.25,13.0,2.6,17.33,26.81,5.0,1.0,6.67,10.31,15.0,3.0,20.0,30.93,8.0,1.6,10.67,16.5,7.0,1.4,9.33,14.44,4.0,0.8,5.33,8.25,1.0,0.2,1.33,2.06,6.0,1.2,8.0,12.37,10.0,2.0,13.33,20.62,33.33,45.33,-12.0,103.11,-9.0,-1.8,-12.0,17.46,3.49,0.38,0.42,0.19,0.5,0.69,0.21,1.0,0.21,0.72,0.46,5.33,1.33,0.08,13.33,0.54
2,桃園台啤永豐雲豹,12|60,曹薰襄/黃鎮,2,26,33.0,464.4,7.74,07:44,232.2,3.87,03:52,15.0,7.5,45.45,69.77,11.0,5.5,33.33,51.16,10.0,5.0,30.3,46.51,7.0,3.5,21.21,32.56,8.0,4.0,24.24,37.21,7.0,3.5,21.21,32.56,2.0,1.0,6.06,9.3,0.0,0.0,0.0,0.0,2.0,1.0,6.06,9.3,1.0,0.5,3.03,4.65,1.0,0.5,3.03,4.65,3.0,1.5,9.09,13.95,4.0,2.0,12.12,18.6,9.0,4.5,27.27,41.86,3.0,1.5,9.09,13.95,2.0,1.0,6.06,9.3,1.0,0.5,3.03,4.65,0.0,0.0,0.0,0.0,2.0,1.0,6.06,9.3,5.0,2.5,15.15,23.26,45.45,33.33,12.12,102.33,4.0,2.0,12.12,7.74,3.87,0.7,0.69,0.88,0.0,0.5,0.22,0.29,0.1,0.43,0.24,3.03,0.0,0.06,15.15,0.2
2,桃園台啤永豐雲豹,16|60,米勒/黃鎮,1,23,28.0,403.4,6.72,06:43,403.4,6.72,06:43,15.0,15.0,53.57,80.32,9.0,9.0,32.14,48.19,10.0,10.0,35.71,53.54,7.0,7.0,25.0,37.48,8.0,8.0,28.57,42.84,7.0,7.0,25.0,37.48,2.0,2.0,7.14,10.71,0.0,0.0,0.0,0.0,2.0,2.0,7.14,10.71,1.0,1.0,3.57,5.35,1.0,1.0,3.57,5.35,3.0,3.0,10.71,16.06,3.0,3.0,10.71,16.06,8.0,8.0,28.57,42.84,2.0,2.0,7.14,10.71,2.0,2.0,7.14,10.71,1.0,1.0,3.57,5.35,0.0,0.0,0.0,0.0,1.0,1.0,3.57,5.35,3.0,3.0,10.71,16.06,53.57,32.14,21.43,99.95,6.0,6.0,21.43,6.72,6.72,0.7,0.69,0.88,0.0,0.5,0.16,0.29,0.11,0.5,0.27,3.57,0.0,0.04,10.71,0.2
2,桃園台啤永豐雲豹,60|10860,黃鎮/麥卡洛,1,23,28.0,403.4,6.72,06:43,403.4,6.72,06:43,15.0,15.0,53.57,80.32,9.0,9.0,32.14,48.19,10.0,10.0,35.71,53.54,7.0,7.0,25.0,37.48,8.0,8.0,28.57,42.84,7.0,7.0,25.0,37.48,2.0,2.0,7.14,10.71,0.0,0.0,0.0,0.0,2.0,2.0,7.14,10.71,1.0,1.0,3.57,5.35,1.0,1.0,3.57,5.35,3.0,3.0,10.71,16.06,3.0,3.0,10.71,16.06,8.0,8.0,28.57,42.84,2.0,2.0,7.14,10.71,2.0,2.0,7.14,10.71,1.0,1.0,3.57,5.35,0.0,0.0,0.0,0.0,1.0,1.0,3.57,5.35,3.0,3.0,10.71,16.06,53.57,32.14,21.43,99.95,6.0,6.0,21.43,6.72,6.72,0.7,0.69,0.88,0.0,0.5,0.16,0.29,0.11,0.5,0.27,3.57,0.0,0.04,10.71,0.2
2,高雄全家海神,108|110,魏莨哲/胡瓏貿,6,119,147.0,1846.15,30.77,30:46,307.69,5.13,05:08,66.0,11.0,44.9,77.22,66.0,11.0,44.9,77.22,58.0,9.67,39.46,67.86,22.0,3.67,14.97,25.74,32.0,5.33,21.77,37.44,14.0,2.33,9.52,16.38,26.0,4.33,17.69,30.42,8.0,1.33,5.44,9.36,18.0,3.0,12.24,21.06,14.0,2.33,9.52,16.38,20.0,3.33,13.61,23.4,16.0,2.67,10.88,18.72,6.0,1.0,4.08,7.02,21.0,3.5,14.29,24.57,12.0,2.0,8.16,14.04,15.0,2.5,10.2,17.55,9.0,1.5,6.12,10.53,4.0,0.67,2.72,4.68,9.0,1.5,6.12,10.53,21.0,3.5,14.29,24.57,44.9,44.9,0.0,114.66,0.0,0.0,0.0,30.77,5.13,0.45,0.5,0.44,0.31,0.78,0.15,0.68,0.49,0.73,0.57,6.12,2.72,0.06,14.29,0.31
2,高雄全家海神,108|118,魏莨哲/蘇文儒,5,208,256.0,3324.27,55.4,55:24,664.85,11.08,11:05,107.0,21.4,41.8,69.53,121.0,24.2,47.27,78.62,90.0,18.0,35.16,58.48,37.0,7.4,14.45,24.04,43.0,8.6,16.8,27.94,20.0,4.0,7.81,13.0,47.0,9.4,18.36,30.54,17.0,3.4,6.64,11.05,27.0,5.4,10.55,17.54,17.0,3.4,6.64,11.05,20.0,4.0,7.81,13.0,38.0,7.6,14.84,24.69,15.0,3.0,5.86,9.75,31.0,6.2,12.11,20.14,21.0,4.2,8.2,13.65,20.0,4.0,7.81,13.0,15.0,3.0,5.86,9.75,3.0,0.6,1.17,1.95,24.0,4.8,9.38,15.59,35.0,7.0,13.67,22.74,41.8,47.27,-5.47,110.89,-14.0,-2.8,-5.47,55.4,11.08,0.51,0.53,0.47,0.36,0.63,0.17,0.54,0.39,0.72,0.56,5.86,1.17,0.09,13.67,0.3
2,桃園台啤永豐雲豹,12|55,曹薰襄/汪哲宇,15,331,407.0,5193.05,86.55,86:33,346.2,5.77,05:46,156.0,10.4,38.33,64.89,152.0,10.13,37.35,63.22,137.0,9.13,33.66,56.98,60.0,4.0,14.74,24.96,91.0,6.07,22.36,37.85,49.0,3.27,12.04,20.38,46.0,3.07,11.3,19.13,11.0,0.73,2.7,4.58,41.0,2.73,10.07,17.05,25.0,1.67,6.14,10.4,24.0,1.6,5.9,9.98,57.0,3.8,14.0,23.71,35.0,2.33,8.6,14.56,66.0,4.4,16.22,27.45,34.0,2.27,8.35,14.14,31.0,2.07,7.62,12.89,12.0,0.8,2.95,4.99,7.0,0.47,1.72,2.91,34.0,2.27,8.35,14.14,62.0,4.13,15.23,25.79,38.33,37.35,0.98,112.86,4.0,0.27,0.98,86.55,5.77,0.48,0.5,0.54,0.24,0.61,0.18,0.52,0.27,0.62,0.45,2.95,1.72,0.08,15.23,0.3
2,桃園台啤永豐雲豹,55|10860,汪哲宇/麥卡洛,9,155,180.0,2284.38,38.07,38:04,253.82,4.23,04:14,84.0,9.33,46.67,79.43,64.0,7.11,35.56,60.52,66.0,7.33,36.67,62.41,34.0,3.78,18.89,32.15,49.0,5.44,27.22,46.33,29.0,3.22,16.11,27.42,17.0,1.89,9.44,16.07,5.0,0.56,2.78,4.73,17.0,1.89,9.44,16.07,11.0,1.22,6.11,10.4,8.0,0.89,4.44,7.56,24.0,2.67,13.33,22.69,11.0,1.22,6.11,10.4,30.0,3.33,16.67,28.37,12.0,1.33,6.67,11.35,20.0,2.22,11.11,18.91,6.0,0.67,3.33,5.67,3.0,0.33,1.67,2.84,10.0,1.11,5.56,9.46,19.0,2.11,10.56,17.97,46.67,35.56,11.11,113.47,20.0,2.22,11.11,38.07,4.23,0.55,0.57,0.59,0.29,0.65,0.14,0.59,0.21,0.69,0.44,3.33,1.67,0.06,10.56,0.26
2,桃園台啤永豐雲豹,55|10861,汪哲宇/迪亞洛,10,231,281.0,3652.11,60.87,60:52,365.21,6.09,06:05,112.0,11.2,39.86,66.24,110.0,11.0,39.15,65.06,91.0,9.1,32.38,53.82,41.0,4.1,14.59,24.25,63.0,6.3,22.42,37.26,30.0,3.0,10.68,17.74,28.0,2.8,9.96,16.56,11.0,1.1,3.91,6.51,33.0,3.3,11.74,19.52,19.0,1.9,6.76,11.24,15.0,1.5,5.34,8.87,41.0,4.1,14.59,24.25,25.0,2.5,8.9,14.79,46.0,4.6,16.37,27.21,23.0,2.3,8.19,13.6,26.0,2.6,9.25,15.38,9.0,0.9,3.2,5.32,6.0,0.6,2.14,3.55,24.0,2.4,8.54,14.19,40.0,4.0,14.23,23.66,39.86,39.15,0.71,110.8,2.0,0.2,0.71,60.87,6.09,0.51,0.53,0.48,0.39,0.58,0.18,0.63,0.25,0.62,0.44,3.2,2.14,0.09,14.23,0.36
2,桃園台啤永豐雲豹,16|55,米勒/汪哲宇,12,222,270.0,3703.58,61.73,61:44,308.63,5.14,05:09,103.0,8.58,38.15,60.07,108.0,9.0,40.0,62.99,93.0,7.75,34.44,54.24,40.0,3.33,14.81,23.33,60.0,5.0,22.22,34.99,32.0,2.67,11.85,18.66,33.0,2.75,12.22,19.25,8.0,0.67,2.96,4.67,27.0,2.25,10.0,15.75,15.0,1.25,5.56,8.75,15.0,1.25,5.56,8.75,42.0,3.5,15.56,24.5,23.0,1.92,8.52,13.41,44.0,3.67,16.3,25.66,20.0,1.67,7.41,11.66,20.0,1.67,7.41,11.66,8.0,0.67,2.96,4.67,5.0,0.42,1.85,2.92,23.0,1.92,8.52,13.41,41.0,3.42,15.19,23.91,38.15,40.0,-1.85,104.98,-5.0,-0.42,-1.85,61.73,5.14,0.47,0.49,0.53,0.24,0.56,0.16,0.5,0.25,0.65,0.46,2.96,1.85,0.09,15.19,0.29
2,高雄全家海神,108|10891,魏莨哲/廖偉皓,9,200,238.0,3181.07,53.02,53:01,353.45,5.89,05:53,87.0,9.67,36.55,59.07,104.0,11.56,43.7,70.62,86.0,9.56,36.13,58.4,28.0,3.11,11.76,19.01,57.0,6.33,23.95,38.7,19.0,2.11,7.98,12.9,29.0,3.22,12.18,19.69,9.0,1.0,3.78,6.11,33.0,3.67,13.87,22.41,22.0,2.44,9.24,14.94,21.0,2.33,8.82,14.26,40.0,4.44,16.81,27.16,10.0,1.11,4.2,6.79,38.0,4.22,15.97,25.8,19.0,2.11,7.98,12.9,13.0,1.44,5.46,8.83,10.0,1.11,4.2,6.79,3.0,0.33,1.26,2.04,21.0,2.33,8.82,14.26,42.0,4.67,17.65,28.52,36.55,43.7,-7.14,107.74,-17.0,-1.89,-7.14,53.02,5.89,0.38,0.43,0.33,0.31,0.67,0.16,0.46,0.36,0.8,0.56,4.2,1.26,0.09,17.65,0.38
2,高雄全家海神,118|10891,蘇文儒/廖偉皓,9,220,248.0,4505.07,75.08,75:05,500.56,8.34,08:21,115.0,12.78,46.37,55.14,140.0,15.56,56.45,67.12,103.0,11.44,41.53,49.38,45.0,5.0,18.15,21.58,58.0,6.44,23.39,27.81,32.0,3.56,12.9,15.34,45.0,5.0,18.15,21.58,13.0,1.44,5.24,6.23,15.0,1.67,6.05,7.19,12.0,1.33,4.84,5.75,7.0,0.78,2.82,3.36,51.0,5.67,20.56,24.45,10.0,1.11,4.03,4.79,36.0,4.0,14.52,17.26,10.0,1.11,4.03,4.79,22.0,2.44,8.87,10.55,7.0,0.78,2.82,3.36,4.0,0.44,1.61,1.92,20.0,2.22,8.06,9.59,31.0,3.44,12.5,14.86,46.37,56.45,-10.08,79.27,-25.0,-2.78,-10.08,75.08,8.34,0.5,0.52,0.55,0.29,0.8,0.08,0.49,0.16,0.84,0.56,2.82,1.61,0.08,12.5,0.15
2,高雄全家海神,10891|10894,廖偉皓/凱帝,4,48,54.0,703.77,11.73,11:44,175.94,2.93,02:56,29.0,7.25,53.7,89.01,35.0,8.75,64.81,107.42,19.0,4.75,35.19,58.31,7.0,1.75,12.96,21.48,11.0,2.75,20.37,33.76,4.0,1.0,7.41,12.28,8.0,2.0,14.81,24.55,3.0,0.75,5.56,9.21,13.0,3.25,24.07,39.9,12.0,3.0,22.22,36.83,2.0,0.5,3.7,6.14,11.0,2.75,20.37,33.76,2.0,0.5,3.7,6.14,4.0,1.0,7.41,12.28,1.0,0.25,1.85,3.07,5.0,1.25,9.26,15.35,1.0,0.25,1.85,3.07,1.0,0.25,1.85,3.07,8.0,2.0,14.81,24.55,10.0,2.5,18.52,30.69,53.7,64.81,-11.11,110.49,-6.0,-1.5,-11.11,11.73,2.93,0.45,0.59,0.36,0.38,0.92,0.04,0.71,0.33,0.85,0.68,1.85,1.85,0.15,18.52,0.68
2,高雄全家海神,109|10891,于煥亞/廖偉皓,3,22,30.0,422.74,7.05,07:03,140.91,2.35,02:21,5.0,1.67,16.67,25.55,14.0,4.67,46.67,71.53,12.0,4.0,40.0,61.31,1.0,0.33,3.33,5.11,7.0,2.33,23.33,35.77,1.0,0.33,3.33,5.11,5.0,1.67,16.67,25.55,0.0,0.0,0.0,0.0,4.0,1.33,13.33,20.44,3.0,1.0,10.0,15.33,4.0,1.33,13.33,20.44,9.0,3.0,30.0,45.99,2.0,0.67,6.67,10.22,4.0,1.33,13.33,20.44,1.0,0.33,3.33,5.11,1.0,0.33,3.33,5.11,1.0,0.33,3.33,5.11,1.0,0.33,3.33,5.11,4.0,1.33,13.33,20.44,3.0,1.0,10.0,15.33,16.67,46.67,-30.0,102.19,-9.0,-3.0,-30.0,7.05,2.35,0.08,0.18,0.14,0.0,0.75,0.07,1.0,0.5,0.82,0.68,3.33,3.33,0.13,10.0,0.33
2,桃園台啤永豐雲豹,56|10861,丁冠皓/迪亞洛,2,9,11.0,150.91,2.52,02:31,75.45,1.26,01:15,6.0,3.0,54.55,85.88,4.0,2.0,36.36,57.25,4.0,2.0,36.36,57.25,3.0,1.5,27.27,42.94,3.0,1.5,27.27,42.94,3.0,1.5,27.27,42.94,1.0,0.5,9.09,14.31,0.0,0.0,0.0,0.0,1.0,0.5,9.09,14.31,0.0,0.0,0.0,0.0,1.0,0.5,9.09,14.31,0.0,0.0,0.0,0.0,0.0,0.0,0.0,0.0,3.0,1.5,27.27,42.94,0.0,0.0,0.0,0.0,2.0,1.0,18.18,28.63,0.0,0.0,0.0,0.0,0.0,0.0,0.0,0.0,1.0,0.5,9.09,14.31,2.0,1.0,18.18,28.63,54.55,36.36,18.18,104.96,2.0,1.0,18.18,2.52,1.26,0.75,0.68,1.0,0.0,0.0,0.0,0.67,0.25,,0.25,0.0,0.0,0.09,18.18,0.25
2,新竹御嵿攻城獅,90|10885,李啓瑋/劉丞勳,10,229,276.0,3374.15,56.24,56:14,337.41,5.62,05:37,132.0,13.2,47.83,84.5,103.0,10.3,37.32,65.94,90.0,9.0,32.61,57.61,43.0,4.3,15.58,27.53,44.0,4.4,15.94,28.17,27.0,2.7,9.78,17.28,46.0,4.6,16.67,29.45,16.0,1.6,5.8,10.24,35.0,3.5,12.68,22.41,30.0,3.0,10.87,19.2,15.0,1.5,5.43,9.6,32.0,3.2,11.59,20.49,19.0,1.9,6.88,12.16,46.0,4.6,16.67,29.45,25.0,2.5,9.06,16.0,33.0,3.3,11.96,21.13,14.0,1.4,5.07,8.96,0.0,0.0,0.0,0.0,33.0,3.3,11.96,21.13,24.0,2.4,8.7,15.36,47.83,37.32,10.51,117.79,29.0,2.9,10.51,56.24,5.62,0.57,0.63,0.61,0.35,0.86,0.19,0.77,0.25,0.63,0.42,5.07,0.0,0.12,8.7,0.39
2,新竹御嵿攻城獅,10885|10888,劉丞勳/帕塞獅,19,1209,1447.0,19815.64,330.26,330:16,1042.93,17.38,17:23,621.0,32.68,42.92,67.69,562.0,29.58,38.84,61.26,528.0,27.79,36.49,57.55,232.0,12.21,16.03,25.29,341.0,17.95,23.57,37.17,169.0,8.89,11.68,18.42,187.0,9.84,12.92,20.38,63.0,3.32,4.35,6.87,152.0,8.0,10.5,16.57,98.0,5.16,6.77,10.68,86.0,4.53,5.94,9.37,240.0,12.63,16.59,26.16,85.0,4.47,5.87,9.27,247.0,13.0,17.07,26.92,100.0,5.26,6.91,10.9,148.0,7.79,10.23,16.13,49.0,2.58,3.39,5.34,20.0,1.05,1.38,2.18,149.0,7.84,10.3,16.24,114.0,6.0,7.88,12.43,42.92,38.84,4.08,105.15,59.0,3.11,4.08,330.26,17.38,0.5,0.52,0.5,0.34,0.64,0.14,0.64,0.26,0.74,0.5,3.39,1.38,0.1,7.88,0.29
2,新竹御嵿攻城獅,82|10885,蕭順議/劉丞勳,9,430,513.0,7480.29,124.67,124:40,831.14,13.85,13:51,204.0,22.67,39.77,58.91,218.0,24.22,42.5,62.95,174.0,19.33,33.92,50.24,73.0,8.11,14.23,21.08,108.0,12.0,21.05,31.19,55.0,6.11,10.72,15.88,66.0,7.33,12.87,19.06,18.0,2.0,3.51,5.2,56.0,6.22,10.92,16.17,40.0,4.44,7.8,11.55,32.0,3.56,6.24,9.24,75.0,8.33,14.62,21.66,28.0,3.11,5.46,8.09,75.0,8.33,14.62,21.66,48.0,5.33,9.36,13.86,47.0,5.22,9.16,13.57,24.0,2.67,4.68,6.93,4.0,0.44,0.78,1.16,58.0,6.44,11.31,16.75,58.0,6.44,11.31,16.75,39.77,42.5,-2.73,98.76,-14.0,-1.56,-2.73,124.67,13.85,0.47,0.51,0.51,0.27,0.71,0.19,0.64,0.3,0.73,0.51,4.68,0.78,0.11,11.31,0.32
2,新竹御嵿攻城獅,82|87,蕭順議/蔡宸綱,7,38,43.0,613.29,10.22,10:13,87.61,1.46,01:28,17.0,2.43,39.53,59.87,18.0,2.57,41.86,63.4,10.0,1.43,23.26,35.22,6.0,0.86,13.95,21.13,4.0,0.57,9.3,14.09,4.0,0.57,9.3,14.09,6.0,0.86,13.95,21.13,2.0,0.29,4.65,7.04,7.0,1.0,16.28,24.65,5.0,0.71,11.63,17.61,1.0,0.14,2.33,3.52,3.0,0.43,6.98,10.57,3.0,0.43,6.98,10.57,10.0,1.43,23.26,35.22,5.0,0.71,11.63,17.61,2.0,0.29,4.65,7.04,2.0,0.29,4.65,7.04,0.0,0.0,0.0,0.0,3.0,0.43,6.98,10.57,9.0,1.29,20.93,31.7,39.53,41.86,-2.33,100.96,-1.0,-0.14,-2.33,10.22,1.46,0.7,0.65,1.0,0.33,0.71,0.28,0.33,0.09,0.5,0.24,4.65,0.0,0.07,20.93,0.7
2,新竹御嵿攻城獅,87|10888,蔡宸綱/帕塞獅,17,503,588.0,8111.33,135.19,135:11,477.14,7.95,07:57,281.0,16.53,47.79,74.83,258.0,15.18,43.88,68.7,212.0,12.47,36.05,56.45,103.0,6.06,17.52,27.43,123.0,7.24,20.92,32.75,73.0,4.29,12.41,19.44,89.0,5.24,15.14,23.7,30.0,1.76,5.1,7.99,68.0,4.0,11.56,18.11,48.0,2.82,8.16,12.78,32.0,1.88,5.44,8.52,84.0,4.94,14.29,22.37,31.0,1.82,5.27,8.26,100.0,5.88,17.01,26.63,43.0,2.53,7.31,11.45,71.0,4.18,12.07,18.91,22.0,1.29,3.74,5.86,7.0,0.41,1.19,1.86,60.0,3.53,10.2,15.98,63.0,3.71,10.71,16.78,47.79,43.88,3.91,104.39,23.0,1.35,3.91,135.19,7.95,0.56,0.58,0.59,0.34,0.71,0.15,0.69,0.24,0.73,0.47,3.74,1.19,0.1,10.71,0.32
2,新竹御嵿攻城獅,88|10885,盧冠軒/劉丞勳,24,648,770.0,11268.54,187.81,187:49,469.52,7.83,07:50,289.0,12.04,37.53,55.4,329.0,13.71,42.73,63.06,268.0,11.17,34.81,51.37,97.0,4.04,12.6,18.59,150.0,6.25,19.48,28.75,65.0,2.71,8.44,12.46,118.0,4.92,15.32,22.62,32.0,1.33,4.16,6.13,98.0,4.08,12.73,18.79,67.0,2.79,8.7,12.84,51.0,2.12,6.62,9.78,128.0,5.33,16.62,24.54,47.0,1.96,6.1,9.01,108.0,4.5,14.03,20.7,61.0,2.54,7.92,11.69,71.0,2.96,9.22,13.61,38.0,1.58,4.94,7.28,12.0,0.5,1.56,2.3,81.0,3.38,10.52,15.53,68.0,2.83,8.83,13.03,37.53,42.73,-5.19,98.4,-40.0,-1.67,-5.19,187.81,7.83,0.42,0.46,0.43,0.27,0.68,0.16,0.73,0.32,0.73,0.54,4.94,1.56,0.11,8.83,0.37
2,新竹御嵿攻城獅,75|88,高國豪/盧冠軒,24,817,981.0,13540.78,225.68,225:41,564.2,9.4,09:24,415.0,17.29,42.3,66.2,390.0,16.25,39.76,62.21,351.0,14.62,35.78,55.99,141.0,5.88,14.37,22.49,200.0,8.33,20.39,31.9,90.0,3.75,9.17,14.36,151.0,6.29,15.39,24.09,51.0,2.12,5.2,8.14,115.0,4.79,11.72,18.34,82.0,3.42,8.36,13.08,61.0,2.54,6.22,9.73,158.0,6.58,16.11,25.2,85.0,3.54,8.66,13.56,154.0,6.42,15.7,24.57,62.0,2.58,6.32,9.89,103.0,4.29,10.5,16.43,36.0,1.5,3.67,5.74,16.0,0.67,1.63,2.55,97.0,4.04,9.89,15.47,98.0,4.08,9.99,15.63,42.3,39.76,2.55,104.32,25.0,1.04,2.55,225.68,9.4,0.47,0.52,0.45,0.34,0.71,0.13,0.73,0.28,0.65,0.48,3.67,1.63,0.1,9.99,0.33
2,新竹御嵿攻城獅,76|88,曾柏喻/盧冠軒,22,639,765.0,11946.82,199.11,199:07,543.04,9.05,09:03,318.0,14.45,41.57,57.49,366.0,16.64,47.84,66.17,260.0,11.82,33.99,47.01,110.0,5.0,14.38,19.89,145.0,6.59,18.95,26.22,73.0,3.32,9.54,13.2,115.0,5.23,15.03,20.79,37.0,1.68,4.84,6.69,89.0,4.05,11.63,16.09,64.0,2.91,8.37,11.57,41.0,1.86,5.36,7.41,115.0,5.23,15.03,20.79,64.0,2.91,8.37,11.57,99.0,4.5,12.94,17.9,62.0,2.82,8.1,11.21,74.0,3.36,9.67,13.38,34.0,1.55,4.44,6.15,9.0,0.41,1.18,1.63,84.0,3.82,10.98,15.19,78.0,3.55,10.2,14.1,41.57,47.84,-6.27,92.21,-48.0,-2.18,-6.27,199.11,9.05,0.49,0.53,0.5,0.32,0.72,0.17,0.67,0.29,0.64,0.49,4.44,1.18,0.11,10.2,0.34
2,福爾摩沙夢想家,79|10890,張宗憲/湯普金斯,14,1085,1271.0,18300.84,305.01,305:01,1307.2,21.79,21:47,580.0,41.43,45.63,68.46,544.0,38.86,42.8,64.21,476.0,34.0,37.45,56.18,208.0,14.86,16.37,24.55,288.0,20.57,22.66,33.99,141.0,10.07,11.09,16.64,188.0,13.43,14.79,22.19,67.0,4.79,5.27,7.91,125.0,8.93,9.83,14.75,92.0,6.57,7.24,10.86,79.0,5.64,6.22,9.32,201.0,14.36,15.81,23.72,70.0,5.0,5.51,8.26,220.0,15.71,17.31,25.97,88.0,6.29,6.92,10.39,135.0,9.64,10.62,15.93,54.0,3.86,4.25,6.37,16.0,1.14,1.26,1.89,122.0,8.71,9.6,14.4,123.0,8.79,9.68,14.52,45.63,42.8,2.83,100.01,36.0,2.57,2.83,305.01,21.79,0.51,0.55,0.49,0.36,0.74,0.14,0.65,0.26,0.74,0.49,4.25,1.26,0.1,9.68,0.26
2,福爾摩沙夢想家,89|10890,蔣淯安/湯普金斯,18,1433,1660.0,24429.27,407.15,407:09,1357.18,22.62,22:37,781.0,43.39,47.05,69.05,725.0,40.28,43.67,64.1,620.0,34.44,37.35,54.82,287.0,15.94,17.29,25.38,357.0,19.83,21.51,31.57,195.0,10.83,11.75,17.24,263.0,14.61,15.84,23.25,92.0,5.11,5.54,8.13,156.0,8.67,9.4,13.79,114.0,6.33,6.87,10.08,84.0,4.67,5.06,7.43,265.0,14.72,15.96,23.43,85.0,4.72,5.12,7.52,282.0,15.67,16.99,24.93,121.0,6.72,7.29,10.7,178.0,9.89,10.72,15.74,71.0,3.94,4.28,6.28,21.0,1.17,1.27,1.86,153.0,8.5,9.22,13.53,163.0,9.06,9.82,14.41,47.05,43.67,3.37,97.85,56.0,3.11,3.37,407.15,22.62,0.54,0.57,0.55,0.35,0.73,0.15,0.62,0.23,0.76,0.49,4.28,1.27,0.09,9.82,0.25
2,福爾摩沙夢想家,95|10890,李德威/湯普金斯,2,64,72.0,1011.9,16.86,16:52,505.95,8.43,08:26,26.0,13.0,36.11,55.5,31.0,15.5,43.06,66.17,27.0,13.5,37.5,57.63,12.0,6.0,16.67,25.62,18.0,9.0,25.0,38.42,10.0,5.0,13.89,21.35,9.0,4.5,12.5,19.21,2.0,1.0,2.78,4.27,2.0,1.0,2.78,4.27,0.0,0.0,0.0,0.0,4.0,2.0,5.56,8.54,12.0,6.0,16.67,25.62,3.0,1.5,4.17,6.4,13.0,6.5,18.06,27.75,7.0,3.5,9.72,14.94,4.0,2.0,5.56,8.54,3.0,1.5,4.17,6.4,0.0,0.0,0.0,0.0,9.0,4.5,12.5,19.21,8.0,4.0,11.11,17.08,36.11,43.06,-6.94,102.46,-5.0,-2.5,-6.94,16.86,8.43,0.48,0.47,0.56,0.22,0.0,0.2,0.33,0.24,0.8,0.5,4.17,0.0,0.12,11.11,0.07
2,福爾摩沙夢想家,10889|10890,恩尼斯/湯普金斯,5,302,361.0,4720.25,78.67,78:40,944.05,15.73,15:44,164.0,32.8,45.43,75.05,145.0,29.0,40.17,66.35,130.0,26.0,36.01,59.49,62.0,12.4,17.17,28.37,76.0,15.2,21.05,34.78,43.0,8.6,11.91,19.68,54.0,10.8,14.96,24.71,19.0,3.8,5.26,8.69,33.0,6.6,9.14,15.1,21.0,4.2,5.82,9.61,17.0,3.4,4.71,7.78,57.0,11.4,15.79,26.08,23.0,4.6,6.37,10.52,60.0,12.0,16.62,27.46,28.0,5.6,7.76,12.81,32.0,6.4,8.86,14.64,19.0,3.8,5.26,8.69,4.0,0.8,1.11,1.83,39.0,7.8,10.8,17.85,41.0,8.2,11.36,18.76,45.43,40.17,5.26,110.13,19.0,3.8,5.26,78.67,15.73,0.55,0.57,0.57,0.35,0.64,0.16,0.52,0.22,0.71,0.47,5.26,1.11,0.11,11.36,0.25
2,福爾摩沙夢想家,103|10890,忻沃克/湯普金斯,17,1237,1450.0,20556.3,342.6,342:36,1209.19,20.15,20:09,694.0,40.82,47.86,72.92,615.0,36.18,42.41,64.62,553.0,32.53,38.14,58.11,242.0,14.24,16.69,25.43,295.0,17.35,20.34,31.0,150.0,8.82,10.34,15.76,258.0,15.18,17.79,27.11,92.0,5.41,6.34,9.67,152.0,8.94,10.48,15.97,120.0,7.06,8.28,12.61,93.0,5.47,6.41,9.77,226.0,13.29,15.59,23.75,69.0,4.06,4.76,7.25,251.0,14.76,17.31,26.37,99.0,5.82,6.83,10.4,156.0,9.18,10.76,16.39,63.0,3.71,4.34,6.62,14.0,0.82,0.97,1.47,144.0,8.47,9.93,15.13,140.0,8.24,9.66,14.71,47.86,42.41,5.45,101.57,79.0,4.65,5.45,342.6,20.15,0.52,0.56,0.51,0.36,0.79,0.14,0.64,0.27,0.77,0.5,4.34,0.97,0.1,9.66,0.27
2,福爾摩沙夢想家,107|10890,霍爾曼/湯普金斯,16,997,1183.0,17070.04,284.5,284:30,1066.88,17.78,17:47,588.0,36.75,49.7,74.4,547.0,34.19,46.24,69.22,454.0,28.38,38.38,57.45,200.0,12.5,16.91,25.31,230.0,14.38,19.44,29.1,116.0,7.25,9.81,14.68,224.0,14.0,18.93,28.34,84.0,5.25,7.1,10.63,132.0,8.25,11.16,16.7,101.0,6.31,8.54,12.78,81.0,5.06,6.85,10.25,183.0,11.44,15.47,23.16,67.0,4.19,5.66,8.48,184.0,11.5,15.55,23.28,73.0,4.56,6.17,9.24,134.0,8.38,11.33,16.96,40.0,2.5,3.38,5.06,14.0,0.88,1.18,1.77,111.0,6.94,9.38,14.05,134.0,8.38,11.33,16.96,49.7,46.24,3.47,99.8,41.0,2.56,3.47,284.5,17.78,0.53,0.57,0.5,0.38,0.77,0.12,0.67,0.31,0.73,0.51,3.38,1.18,0.09,11.33,0.29
2,新竹御嵿攻城獅,88|90,盧冠軒/李啓瑋,9,227,280.0,4419.54,73.66,73:40,491.06,8.18,08:11,113.0,12.56,40.36,55.23,126.0,14.0,45.0,61.58,93.0,10.33,33.21,45.45,42.0,4.67,15.0,20.53,50.0,5.56,17.86,24.44,25.0,2.78,8.93,12.22,43.0,4.78,15.36,21.02,17.0,1.89,6.07,8.31,14.0,1.56,5.0,6.84,13.0,1.44,4.64,6.35,10.0,1.11,3.57,4.89,42.0,4.67,15.0,20.53,35.0,3.89,12.5,17.11,41.0,4.56,14.64,20.04,24.0,2.67,8.57,11.73,26.0,2.89,9.29,12.71,14.0,1.56,5.0,6.84,4.0,0.44,1.43,1.95,27.0,3.0,9.64,13.2,34.0,3.78,12.14,16.62,40.36,45.0,-4.64,91.23,-13.0,-1.44,-4.64,73.66,8.18,0.54,0.57,0.5,0.4,0.93,0.19,0.62,0.2,0.55,0.41,5.0,1.43,0.1,12.14,0.15
2,福爾摩沙夢想家,77|10890,馬建豪/湯普金斯,8,637,772.0,10800.52,180.01,180:01,1350.06,22.5,22:30,389.0,48.62,50.39,77.8,338.0,42.25,43.78,67.6,255.0,31.88,33.03,51.0,134.0,16.75,17.36,26.8,148.0,18.5,19.17,29.6,90.0,11.25,11.66,18.0,107.0,13.38,13.86,21.4,44.0,5.5,5.7,8.8,106.0,13.25,13.73,21.2,77.0,9.62,9.97,15.4,38.0,4.75,4.92,7.6,99.0,12.38,12.82,19.8,60.0,7.5,7.77,12.0,125.0,15.62,16.19,25.0,60.0,7.5,7.77,12.0,77.0,9.62,9.97,15.4,35.0,4.38,4.53,7.0,6.0,0.75,0.78,1.2,81.0,10.12,10.49,16.2,74.0,9.25,9.59,14.8,50.39,43.78,6.61,102.93,51.0,6.38,6.61,180.01,22.5,0.61,0.64,0.61,0.41,0.73,0.17,0.57,0.23,0.62,0.43,4.53,0.78,0.1,9.59,0.42
2,福爾摩沙夢想家,86|10890,林俊吉/湯普金斯,16,996,1194.0,16382.45,273.04,273:02,1023.9,17.07,17:04,601.0,37.56,50.34,79.24,498.0,31.12,41.71,65.66,428.0,26.75,35.85,56.43,199.0,12.44,16.67,26.24,207.0,12.94,17.34,27.29,116.0,7.25,9.72,15.29,221.0,13.81,18.51,29.14,83.0,5.19,6.95,10.94,160.0,10.0,13.4,21.1,121.0,7.56,10.13,15.95,73.0,4.56,6.11,9.62,168.0,10.5,14.07,22.15,68.0,4.25,5.7,8.97,204.0,12.75,17.09,26.9,84.0,5.25,7.04,11.08,128.0,8.0,10.72,16.88,46.0,2.88,3.85,6.07,7.0,0.44,0.59,0.92,123.0,7.69,10.3,16.22,140.0,8.75,11.73,18.46,50.34,41.71,8.63,104.95,103.0,6.44,8.63,273.04,17.07,0.56,0.6,0.56,0.38,0.76,0.14,0.64,0.26,0.71,0.47,3.85,0.59,0.1,11.73,0.37
2,新竹御嵿攻城獅,76|78,曾柏喻/朱雲豪,9,186,227.0,3487.92,58.13,58:08,387.55,6.46,06:28,72.0,8.0,31.72,44.59,108.0,12.0,47.58,66.88,68.0,7.56,29.96,42.11,23.0,2.56,10.13,14.24,38.0,4.22,16.74,23.53,15.0,1.67,6.61,9.29,30.0,3.33,13.22,18.58,8.0,0.89,3.52,4.95,26.0,2.89,11.45,16.1,18.0,2.0,7.93,11.15,10.0,1.11,4.41,6.19,39.0,4.33,17.18,24.15,22.0,2.44,9.69,13.62,33.0,3.67,14.54,20.44,22.0,2.44,9.69,13.62,16.0,1.78,7.05,9.91,14.0,1.56,6.17,8.67,4.0,0.44,1.76,2.48,26.0,2.89,11.45,16.1,21.0,2.33,9.25,13.0,31.72,47.58,-15.86,93.72,-36.0,-4.0,-15.86,58.13,6.46,0.4,0.45,0.39,0.27,0.69,0.22,0.7,0.23,0.64,0.47,6.17,1.76,0.11,9.25,0.38
2,新竹御嵿攻城獅,78|10885,朱雲豪/劉丞勳,5,74,91.0,1146.21,19.1,19:06,229.24,3.82,03:49,32.0,6.4,35.16,60.3,46.0,9.2,50.55,86.69,25.0,5.0,27.47,47.11,8.0,1.6,8.79,15.08,16.0,3.2,17.58,30.15,6.0,1.2,6.59,11.31,9.0,1.8,9.89,16.96,2.0,0.4,2.2,3.77,17.0,3.4,18.68,32.04,14.0,2.8,15.38,26.38,4.0,0.8,4.4,7.54,14.0,2.8,15.38,26.38,10.0,2.0,10.99,18.84,14.0,2.8,15.38,26.38,7.0,1.4,7.69,13.19,8.0,1.6,8.79,15.08,4.0,0.8,4.4,7.54,3.0,0.6,3.3,5.65,11.0,2.2,12.09,20.73,17.0,3.4,18.68,32.04,35.16,50.55,-15.38,114.32,-14.0,-2.8,-15.38,19.1,3.82,0.36,0.49,0.38,0.22,0.82,0.18,1.0,0.22,0.58,0.43,4.4,3.3,0.12,18.68,0.68
2,新竹御嵿攻城獅,78|10887,朱雲豪/德魯,8,197,234.0,3551.54,59.19,59:12,443.94,7.4,07:24,90.0,11.25,38.46,54.74,110.0,13.75,47.01,66.9,68.0,8.5,29.06,41.36,26.0,3.25,11.11,15.81,40.0,5.0,17.09,24.33,16.0,2.0,6.84,9.73,28.0,3.5,11.97,17.03,10.0,1.25,4.27,6.08,39.0,4.88,16.67,23.72,28.0,3.5,11.97,17.03,9.0,1.12,3.85,5.47,41.0,5.12,17.52,24.94,20.0,2.5,8.55,12.16,34.0,4.25,14.53,20.68,19.0,2.38,8.12,11.56,22.0,2.75,9.4,13.38,11.0,1.38,4.7,6.69,4.0,0.5,1.71,2.43,27.0,3.38,11.54,16.42,30.0,3.75,12.82,18.25,38.46,47.01,-8.55,94.88,-20.0,-2.5,-8.55,59.19,7.4,0.46,0.53,0.4,0.36,0.72,0.18,0.85,0.21,0.67,0.48,4.7,1.71,0.12,12.82,0.57
2,新竹御嵿攻城獅,78|10888,朱雲豪/帕塞獅,9,186,225.0,3180.92,53.02,53:01,353.44,5.89,05:53,76.0,8.44,33.78,51.61,91.0,10.11,40.44,61.79,83.0,9.22,36.89,56.36,26.0,2.89,11.56,17.66,47.0,5.22,20.89,31.92,19.0,2.11,8.44,12.9,36.0,4.0,16.0,24.45,7.0,0.78,3.11,4.75,22.0,2.44,9.78,14.94,17.0,1.89,7.56,11.54,17.0,1.89,7.56,11.54,40.0,4.44,17.78,27.16,17.0,1.89,7.56,11.54,33.0,3.67,14.67,22.41,15.0,1.67,6.67,10.19,16.0,1.78,7.11,10.86,10.0,1.11,4.44,6.79,3.0,0.33,1.33,2.04,29.0,3.22,12.89,19.69,17.0,1.89,7.56,11.54,33.78,40.44,-6.67,101.86,-15.0,-1.67,-6.67,53.02,5.89,0.36,0.41,0.4,0.19,0.77,0.14,0.62,0.34,0.7,0.53,4.44,1.33,0.13,7.56,0.27
2,新竹御嵿攻城獅,78|10862,朱雲豪/提傑,12,373,446.0,6546.18,109.1,109:06,545.52,9.09,09:06,163.0,13.58,36.55,53.78,199.0,16.58,44.62,65.66,158.0,13.17,35.43,52.13,57.0,4.75,12.78,18.81,89.0,7.42,19.96,29.37,41.0,3.42,9.19,13.53,69.0,5.75,15.47,22.77,16.0,1.33,3.59,5.28,48.0,4.0,10.76,15.84,33.0,2.75,7.4,10.89,25.0,2.08,5.61,8.25,83.0,6.92,18.61,27.39,34.0,2.83,7.62,11.22,69.0,5.75,15.47,22.77,31.0,2.58,6.95,10.23,35.0,2.92,7.85,11.55,19.0,1.58,4.26,6.27,6.0,0.5,1.35,1.98,45.0,3.75,10.09,14.85,44.0,3.67,9.87,14.52,36.55,44.62,-8.07,98.11,-36.0,-3.0,-8.07,109.1,9.09,0.41,0.46,0.46,0.23,0.69,0.15,0.61,0.27,0.71,0.51,4.26,1.35,0.1,9.87,0.3
2,新竹御嵿攻城獅,75|78,高國豪/朱雲豪,9,171,202.0,3407.9,56.8,56:48,378.66,6.31,06:19,65.0,7.22,32.18,41.2,87.0,9.67,43.07,55.14,73.0,8.11,36.14,46.27,22.0,2.44,10.89,13.94,42.0,4.67,20.79,26.62,15.0,1.67,7.43,9.51,31.0,3.44,15.35,19.65,7.0,0.78,3.47,4.44,23.0,2.56,11.39,14.58,14.0,1.56,6.93,8.87,12.0,1.33,5.94,7.61,43.0,4.78,21.29,27.25,11.0,1.22,5.45,6.97,31.0,3.44,15.35,19.65,13.0,1.44,6.44,8.24,16.0,1.78,7.92,10.14,9.0,1.0,4.46,5.7,3.0,0.33,1.49,1.9,22.0,2.44,10.89,13.94,14.0,1.56,6.93,8.87,32.18,43.07,-10.89,85.35,-22.0,-2.44,-10.89,56.8,6.31,0.35,0.39,0.36,0.23,0.61,0.14,0.73,0.28,0.8,0.57,4.46,1.49,0.11,6.93,0.32
2,新竹御嵿攻城獅,78|88,朱雲豪/盧冠軒,11,250,303.0,4147.52,69.13,69:08,377.05,6.28,06:17,113.0,10.27,37.29,58.85,134.0,12.18,44.22,69.79,109.0,9.91,35.97,56.77,37.0,3.36,12.21,19.27,63.0,5.73,20.79,32.81,27.0,2.45,8.91,14.06,46.0,4.18,15.18,23.96,10.0,0.91,3.3,5.21,39.0,3.55,12.87,20.31,29.0,2.64,9.57,15.1,22.0,2.0,7.26,11.46,53.0,4.82,17.49,27.6,25.0,2.27,8.25,13.02,43.0,3.91,14.19,22.39,19.0,1.73,6.27,9.9,21.0,1.91,6.93,10.94,11.0,1.0,3.63,5.73,2.0,0.18,0.66,1.04,37.0,3.36,12.21,19.27,29.0,2.64,9.57,15.1,37.29,44.22,-6.93,105.2,-21.0,-1.91,-6.93,69.13,6.28,0.39,0.45,0.43,0.22,0.74,0.13,0.57,0.34,0.68,0.52,3.63,0.66,0.12,9.57,0.36
2,新竹御嵿攻城獅,87|88,蔡宸綱/盧冠軒,23,902,1077.0,16383.36,273.06,273:03,712.32,11.87,11:52,443.0,19.26,41.13,58.41,466.0,20.26,43.27,61.44,390.0,16.96,36.21,51.42,157.0,6.83,14.58,20.7,214.0,9.3,19.87,28.21,108.0,4.7,10.03,14.24,176.0,7.65,16.34,23.2,49.0,2.13,4.55,6.46,107.0,4.65,9.94,14.11,79.0,3.43,7.34,10.42,59.0,2.57,5.48,7.78,179.0,7.78,16.62,23.6,81.0,3.52,7.52,10.68,179.0,7.78,16.62,23.6,70.0,3.04,6.5,9.23,109.0,4.74,10.12,14.37,43.0,1.87,3.99,5.67,18.0,0.78,1.67,2.37,102.0,4.43,9.47,13.45,100.0,4.35,9.29,13.18,41.13,43.27,-2.14,94.66,-23.0,-1.0,-2.14,273.06,11.87,0.47,0.51,0.5,0.28,0.74,0.14,0.69,0.25,0.69,0.48,3.99,1.67,0.09,9.29,0.27
2,福爾摩沙夢想家,106|10890,高柏鎧/湯普金斯,7,424,499.0,6603.06,110.05,110:03,943.29,15.72,15:43,213.0,30.43,42.69,69.68,189.0,27.0,37.88,61.83,167.0,23.86,33.47,54.63,79.0,11.29,15.83,25.84,99.0,14.14,19.84,32.38,58.0,8.29,11.62,18.97,68.0,9.71,13.63,22.24,21.0,3.0,4.21,6.87,49.0,7.0,9.82,16.03,39.0,5.57,7.82,12.76,19.0,2.71,3.81,6.22,73.0,10.43,14.63,23.88,34.0,4.86,6.81,11.12,103.0,14.71,20.64,33.69,45.0,6.43,9.02,14.72,42.0,6.0,8.42,13.74,26.0,3.71,5.21,8.51,7.0,1.0,1.4,2.29,43.0,6.14,8.62,14.07,44.0,6.29,8.82,14.39,42.69,37.88,4.81,108.82,24.0,3.43,4.81,110.05,15.72,0.54,0.56,0.59,0.31,0.8,0.19,0.53,0.16,0.68,0.4,5.21,1.4,0.09,8.82,0.29
2,福爾摩沙夢想家,99|10890,盧冠良/湯普金斯,15,776,916.0,12721.25,212.02,212:01,848.08,14.13,14:08,449.0,29.93,49.02,76.24,394.0,26.27,43.01,66.9,327.0,21.8,35.7,55.52,159.0,10.6,17.36,27.0,166.0,11.07,18.12,28.19,90.0,6.0,9.83,15.28,161.0,10.73,17.58,27.34,69.0,4.6,7.53,11.72,87.0,5.8,9.5,14.77,62.0,4.13,6.77,10.53,39.0,2.6,4.26,6.62,141.0,9.4,15.39,23.94,58.0,3.87,6.33,9.85,161.0,10.73,17.58,27.34,66.0,4.4,7.21,11.21,95.0,6.33,10.37,16.13,38.0,2.53,4.15,6.45,10.0,0.67,1.09,1.7,80.0,5.33,8.73,13.58,95.0,6.33,10.37,16.13,49.02,43.01,6.0,103.69,55.0,3.67,6.0,212.02,14.13,0.59,0.61,0.54,0.43,0.71,0.15,0.6,0.2,0.71,0.45,4.15,1.09,0.09,10.37,0.27
2,福爾摩沙夢想家,77|83,馬建豪/吳家駿,8,173,216.0,2596.54,43.28,43:17,324.57,5.41,05:25,90.0,11.25,41.67,74.87,99.0,12.38,45.83,82.36,81.0,10.12,37.5,67.38,31.0,3.88,14.35,25.79,48.0,6.0,22.22,39.93,19.0,2.38,8.8,15.81,33.0,4.12,15.28,27.45,12.0,1.5,5.56,9.98,25.0,3.12,11.57,20.8,19.0,2.38,8.8,15.81,18.0,2.25,8.33,14.97,30.0,3.75,13.89,24.96,17.0,2.12,7.87,14.14,27.0,3.38,12.5,22.46,18.0,2.25,8.33,14.97,17.0,2.12,7.87,14.14,7.0,0.88,3.24,5.82,2.0,0.25,0.93,1.66,17.0,2.12,7.87,14.14,18.0,2.25,8.33,14.97,41.67,45.83,-4.17,119.79,-9.0,-1.12,-4.17,43.28,5.41,0.46,0.49,0.4,0.36,0.76,0.16,0.55,0.4,0.64,0.52,3.24,0.93,0.08,8.33,0.31
2,福爾摩沙夢想家,83|10890,吳家駿/湯普金斯,5,121,155.0,1926.15,32.1,32:06,385.23,6.42,06:25,69.0,13.8,44.52,77.38,74.0,14.8,47.74,82.98,65.0,13.0,41.94,72.89,30.0,6.0,19.35,33.64,43.0,8.6,27.74,48.22,23.0,4.6,14.84,25.79,22.0,4.4,14.19,24.67,7.0,1.4,4.52,7.85,6.0,1.2,3.87,6.73,4.0,0.8,2.58,4.49,15.0,3.0,9.68,16.82,21.0,4.2,13.55,23.55,11.0,2.2,7.1,12.34,27.0,5.4,17.42,30.28,7.0,1.4,4.52,7.85,14.0,2.8,9.03,15.7,4.0,0.8,2.58,4.49,2.0,0.4,1.29,2.24,10.0,2.0,6.45,11.21,18.0,3.6,11.61,20.19,44.52,47.74,-3.23,115.88,-5.0,-1.0,-3.23,32.1,6.42,0.52,0.51,0.53,0.32,0.67,0.09,0.47,0.36,0.66,0.49,2.58,1.29,0.06,11.61,0.09
2,新竹御嵿攻城獅,75|5948,高國豪/克雷格,4,190,216.0,2808.98,46.82,46:49,702.25,11.7,11:42,123.0,30.75,56.94,94.58,97.0,24.25,44.91,74.59,88.0,22.0,40.74,67.67,49.0,12.25,22.69,37.68,52.0,13.0,24.07,39.99,36.0,9.0,16.67,27.68,36.0,9.0,16.67,27.68,13.0,3.25,6.02,10.0,16.0,4.0,7.41,12.3,12.0,3.0,5.56,9.23,11.0,2.75,5.09,8.46,27.0,6.75,12.5,20.76,7.0,1.75,3.24,5.38,28.0,7.0,12.96,21.53,13.0,3.25,6.02,10.0,24.0,6.0,11.11,18.46,7.0,1.75,3.24,5.38,2.0,0.5,0.93,1.54,14.0,3.5,6.48,10.77,37.0,9.25,17.13,28.45,56.94,44.91,12.04,110.73,26.0,6.5,12.04,46.82,11.7,0.63,0.65,0.69,0.36,0.75,0.12,0.49,0.28,0.79,0.52,3.24,0.93,0.06,17.13,0.18
2,新竹御嵿攻城獅,87|5948,蔡宸綱/克雷格,4,186,220.0,2936.99,48.95,48:57,734.25,12.24,12:14,84.0,21.0,38.18,61.78,98.0,24.5,44.55,72.07,84.0,21.0,38.18,61.78,31.0,7.75,14.09,22.8,44.0,11.0,20.0,32.36,21.0,5.25,9.55,15.44,40.0,10.0,18.18,29.42,10.0,2.5,4.55,7.35,17.0,4.25,7.73,12.5,12.0,3.0,5.45,8.83,15.0,3.75,6.82,11.03,40.0,10.0,18.18,29.42,10.0,2.5,4.55,7.35,31.0,7.75,14.09,22.8,16.0,4.0,7.27,11.77,14.0,3.5,6.36,10.3,8.0,2.0,3.64,5.88,1.0,0.25,0.45,0.74,17.0,4.25,7.73,12.5,26.0,6.5,11.82,19.12,38.18,44.55,-6.36,107.87,-14.0,-3.5,-6.36,48.95,12.24,0.43,0.46,0.48,0.25,0.71,0.15,0.45,0.33,0.8,0.57,3.64,0.45,0.08,11.82,0.2
2,新竹御嵿攻城獅,90|5948,李啓瑋/克雷格,5,95,117.0,1361.95,22.7,22:42,272.39,4.54,04:32,58.0,11.6,49.57,91.99,56.0,11.2,47.86,88.81,45.0,9.0,38.46,71.37,23.0,4.6,19.66,36.48,29.0,5.8,24.79,45.99,18.0,3.6,15.38,28.55,16.0,3.2,13.68,25.38,5.0,1.0,4.27,7.93,8.0,1.6,6.84,12.69,7.0,1.4,5.98,11.1,8.0,1.6,6.84,12.69,13.0,2.6,11.11,20.62,7.0,1.4,5.98,11.1,11.0,2.2,9.4,17.45,8.0,1.6,6.84,12.69,7.0,1.4,5.98,11.1,4.0,0.8,3.42,6.34,2.0,0.4,1.71,3.17,10.0,2.0,8.55,15.86,17.0,3.4,14.53,26.96,49.57,47.86,1.71,123.7,2.0,0.4,1.71,22.7,4.54,0.57,0.6,0.62,0.31,0.88,0.14,0.3,0.42,0.65,0.54,3.42,1.71,0.09,14.53,0.18
2,新竹御嵿攻城獅,5948|10862,克雷格/提傑,4,178,209.0,2742.27,45.7,45:42,685.57,11.43,11:26,85.0,21.25,40.67,66.95,87.0,21.75,41.63,68.53,80.0,20.0,38.28,63.01,31.0,7.75,14.83,24.42,48.0,12.0,22.97,37.81,23.0,5.75,11.0,18.12,32.0,8.0,15.31,25.21,8.0,2.0,3.83,6.3,18.0,4.5,8.61,14.18,15.0,3.75,7.18,11.82,14.0,3.5,6.7,11.03,35.0,8.75,16.75,27.57,9.0,2.25,4.31,7.09,29.0,7.25,13.88,22.84,18.0,4.5,8.61,14.18,15.0,3.75,7.18,11.82,10.0,2.5,4.78,7.88,2.0,0.5,0.96,1.58,17.0,4.25,8.13,13.39,25.0,6.25,11.96,19.69,40.67,41.63,-0.96,109.75,-2.0,-0.5,-0.96,45.7,11.43,0.44,0.48,0.48,0.25,0.83,0.17,0.48,0.33,0.8,0.56,4.78,0.96,0.08,11.96,0.22
2,新北國王,28|34,呂政儒/沃許本,15,667,788.0,10697.2,178.29,178:17,713.15,11.89,11:53,336.0,22.4,42.64,67.85,346.0,23.07,43.91,69.87,294.0,19.6,37.31,59.37,128.0,8.53,16.24,25.85,187.0,12.47,23.73,37.76,90.0,6.0,11.42,18.17,107.0,7.13,13.58,21.61,38.0,2.53,4.82,7.67,55.0,3.67,6.98,11.11,45.0,3.0,5.71,9.09,42.0,2.8,5.33,8.48,125.0,8.33,15.86,25.24,56.0,3.73,7.11,11.31,125.0,8.33,15.86,25.24,59.0,3.93,7.49,11.91,88.0,5.87,11.17,17.77,41.0,2.73,5.2,8.28,10.0,0.67,1.27,2.02,63.0,4.2,7.99,12.72,68.0,4.53,8.63,13.73,42.64,43.91,-1.27,106.08,-10.0,-0.67,-1.27,178.29,11.89,0.5,0.53,0.48,0.36,0.82,0.16,0.69,0.25,0.69,0.48,5.2,1.27,0.08,8.63,0.19
2,新北國王,21|28,李愷諺/呂政儒,12,324,378.0,5020.33,83.67,83:40,418.36,6.97,06:58,144.0,12.0,38.1,61.96,163.0,13.58,43.12,70.13,137.0,11.42,36.24,58.94,52.0,4.33,13.76,22.37,83.0,6.92,21.96,35.71,34.0,2.83,8.99,14.63,54.0,4.5,14.29,23.23,18.0,1.5,4.76,7.74,34.0,2.83,8.99,14.63,25.0,2.08,6.61,10.76,16.0,1.33,4.23,6.88,70.0,5.83,18.52,30.12,27.0,2.25,7.14,11.62,69.0,5.75,18.25,29.69,26.0,2.17,6.88,11.19,37.0,3.08,9.79,15.92,17.0,1.42,4.5,7.31,6.0,0.5,1.59,2.58,32.0,2.67,8.47,13.77,36.0,3.0,9.52,15.49,38.1,43.12,-5.03,108.42,-19.0,-1.58,-5.03,83.67,6.97,0.45,0.47,0.41,0.33,0.74,0.15,0.71,0.19,0.72,0.47,4.5,1.59,0.08,9.52,0.25
2,新竹御嵿攻城獅,5948|10887,克雷格/德魯,5,290,345.0,5214.15,86.9,86:54,1042.83,17.38,17:23,155.0,31.0,44.93,64.21,164.0,32.8,47.54,67.94,122.0,24.4,35.36,50.54,58.0,11.6,16.81,24.03,71.0,14.2,20.58,29.41,43.0,8.6,12.46,17.81,51.0,10.2,14.78,21.13,15.0,3.0,4.35,6.21,33.0,6.6,9.57,13.67,24.0,4.8,6.96,9.94,17.0,3.4,4.93,7.04,48.0,9.6,13.91,19.88,22.0,4.4,6.38,9.11,41.0,8.2,11.88,16.98,25.0,5.0,7.25,10.36,30.0,6.0,8.7,12.43,13.0,2.6,3.77,5.39,3.0,0.6,0.87,1.24,34.0,6.8,9.86,14.08,49.0,9.8,14.2,20.3,44.93,47.54,-2.61,95.28,-9.0,-1.8,-2.61,86.9,17.38,0.54,0.57,0.61,0.29,0.73,0.15,0.52,0.29,0.69,0.51,3.77,0.87,0.1,14.2,0.27
2,新竹御嵿攻城獅,5948|10885,克雷格/劉丞勳,5,315,383.0,5745.23,95.75,95:45,1149.05,19.15,19:09,150.0,30.0,39.16,56.39,167.0,33.4,43.6,62.79,133.0,26.6,34.73,50.0,54.0,10.8,14.1,20.3,75.0,15.0,19.58,28.2,40.0,8.0,10.44,15.04,58.0,11.6,15.14,21.81,14.0,2.8,3.66,5.26,36.0,7.2,9.4,13.53,28.0,5.6,7.31,10.53,23.0,4.6,6.01,8.65,56.0,11.2,14.62,21.05,27.0,5.4,7.05,10.15,50.0,10.0,13.05,18.8,32.0,6.4,8.36,12.03,28.0,5.6,7.31,10.53,16.0,3.2,4.18,6.02,3.0,0.6,0.78,1.13,39.0,7.8,10.18,14.66,44.0,8.8,11.49,16.54,39.16,43.6,-4.44,96.0,-17.0,-3.4,-4.44,95.75,19.15,0.46,0.5,0.53,0.24,0.78,0.18,0.52,0.32,0.67,0.51,4.18,0.78,0.1,11.49,0.27
2,新北國王,24|25,蘇士軒/林金榜,6,33,44.0,497.78,8.3,08:18,82.96,1.38,01:23,6.0,1.0,13.64,26.04,19.0,3.17,43.18,82.45,10.0,1.67,22.73,43.39,1.0,0.17,2.27,4.34,5.0,0.83,11.36,21.7,0.0,0.0,0.0,0.0,5.0,0.83,11.36,21.7,1.0,0.17,2.27,4.34,4.0,0.67,9.09,17.36,3.0,0.5,6.82,13.02,4.0,0.67,9.09,17.36,6.0,1.0,13.64,26.04,4.0,0.67,9.09,17.36,7.0,1.17,15.91,30.37,6.0,1.0,13.64,26.04,1.0,0.17,2.27,4.34,3.0,0.5,6.82,13.02,0.0,0.0,0.0,0.0,4.0,0.67,9.09,17.36,2.0,0.33,4.55,8.68,13.64,43.18,-29.55,127.28,-13.0,-2.17,-29.55,8.3,1.38,0.15,0.26,0.0,0.2,0.75,0.34,1.0,0.36,0.6,0.48,6.82,0.0,0.09,4.55,0.4
2,新竹御嵿攻城獅,82|5948,蕭順議/克雷格,4,228,274.0,4331.02,72.18,72:11,1082.76,18.05,18:03,119.0,29.75,43.43,59.35,114.0,28.5,41.61,56.85,97.0,24.25,35.4,48.38,43.0,10.75,15.69,21.45,56.0,14.0,20.44,27.93,32.0,8.0,11.68,15.96,41.0,10.25,14.96,20.45,11.0,2.75,4.01,5.49,29.0,7.25,10.58,14.46,22.0,5.5,8.03,10.97,14.0,3.5,5.11,6.98,40.0,10.0,14.6,19.95,18.0,4.5,6.57,8.98,36.0,9.0,13.14,17.95,20.0,5.0,7.3,9.97,27.0,6.75,9.85,13.47,7.0,1.75,2.55,3.49,2.0,0.5,0.73,1.0,29.0,7.25,10.58,14.46,28.0,7.0,10.22,13.96,43.43,41.61,1.82,91.1,5.0,1.25,1.82,72.18,18.05,0.5,0.54,0.57,0.27,0.76,0.15,0.63,0.28,0.69,0.5,2.55,0.73,0.11,10.22,0.3
2,新竹御嵿攻城獅,76|5948,曾柏喻/克雷格,5,168,202.0,2526.14,42.1,42:06,505.23,8.42,08:25,88.0,17.6,43.56,75.25,87.0,17.4,43.07,74.39,79.0,15.8,39.11,67.55,33.0,6.6,16.34,28.22,52.0,10.4,25.74,44.46,24.0,4.8,11.88,20.52,27.0,5.4,13.37,23.09,9.0,1.8,4.46,7.7,19.0,3.8,9.41,16.25,13.0,2.6,6.44,11.12,15.0,3.0,7.43,12.83,35.0,7.0,17.33,29.93,13.0,2.6,6.44,11.12,28.0,5.6,13.86,23.94,12.0,2.4,5.94,10.26,17.0,3.4,8.42,14.54,7.0,1.4,3.47,5.99,3.0,0.6,1.49,2.57,19.0,3.8,9.41,16.25,38.0,7.6,18.81,32.49,43.56,43.07,0.5,115.15,1.0,0.2,0.5,42.1,8.42,0.47,0.5,0.46,0.33,0.68,0.12,0.52,0.35,0.73,0.55,3.47,1.49,0.09,18.81,0.24
2,新竹御嵿攻城獅,75|84,高國豪/李家瑞,5,21,23.0,290.62,4.84,04:51,58.12,0.97,00:58,11.0,2.2,47.83,81.76,11.0,2.2,47.83,81.76,9.0,1.8,39.13,66.89,4.0,0.8,17.39,29.73,4.0,0.8,17.39,29.73,2.0,0.4,8.7,14.86,5.0,1.0,21.74,37.16,2.0,0.4,8.7,14.86,0.0,0.0,0.0,0.0,0.0,0.0,0.0,0.0,2.0,0.4,8.7,14.86,3.0,0.6,13.04,22.3,0.0,0.0,0.0,0.0,3.0,0.6,13.04,22.3,2.0,0.4,8.7,14.86,3.0,0.6,13.04,22.3,2.0,0.4,8.7,14.86,0.0,0.0,0.0,0.0,1.0,0.2,4.35,7.43,8.0,1.6,34.78,59.46,47.83,47.83,0.0,113.96,0.0,0.0,0.0,4.84,0.97,0.56,0.61,0.5,0.4,,0.18,0.75,0.4,1.0,0.62,8.7,0.0,0.04,34.78,0.0
2,新竹御嵿攻城獅,84|5948,李家瑞/克雷格,1,9,9.0,147.0,2.45,02:27,147.0,2.45,02:27,5.0,5.0,55.56,73.47,7.0,7.0,77.78,102.86,2.0,2.0,22.22,29.39,2.0,2.0,22.22,29.39,1.0,1.0,11.11,14.69,1.0,1.0,11.11,14.69,1.0,1.0,11.11,14.69,1.0,1.0,11.11,14.69,0.0,0.0,0.0,0.0,0.0,0.0,0.0,0.0,0.0,0.0,0.0,0.0,0.0,0.0,0.0,0.0,0.0,0.0,0.0,0.0,2.0,2.0,22.22,29.39,2.0,2.0,22.22,29.39,1.0,1.0,11.11,14.69,2.0,2.0,22.22,29.39,0.0,0.0,0.0,0.0,0.0,0.0,0.0,0.0,0.0,0.0,0.0,0.0,55.56,77.78,-22.22,88.16,-2.0,-2.0,-22.22,2.45,2.45,1.25,1.25,1.0,1.0,,0.5,0.5,0.0,,0.0,22.22,0.0,0.0,0.0,0.0
2,新竹御嵿攻城獅,84|10862,李家瑞/提傑,5,29,32.0,453.02,7.55,07:33,90.6,1.51,01:31,8.0,1.6,25.0,38.14,12.0,2.4,37.5,57.22,12.0,2.4,37.5,57.22,3.0,0.6,9.38,14.3,6.0,1.2,18.75,28.61,2.0,0.4,6.25,9.54,6.0,1.2,18.75,28.61,1.0,0.2,3.12,4.77,2.0,0.4,6.25,9.54,1.0,0.2,3.12,4.77,2.0,0.4,6.25,9.54,7.0,1.4,21.88,33.38,0.0,0.0,0.0,0.0,6.0,1.2,18.75,28.61,3.0,0.6,9.38,14.3,1.0,0.2,3.12,4.77,3.0,0.6,9.38,14.3,0.0,0.0,0.0,0.0,1.0,0.2,3.12,4.77,6.0,1.2,18.75,28.61,25.0,37.5,-12.5,101.72,-4.0,-0.8,-12.5,7.55,1.51,0.29,0.31,0.33,0.17,0.5,0.19,0.33,0.25,1.0,0.6,9.38,0.0,0.03,18.75,0.17
2,新竹御嵿攻城獅,84|10885,李家瑞/劉丞勳,2,12,15.0,205.2,3.42,03:25,102.6,1.71,01:43,7.0,3.5,46.67,73.68,12.0,6.0,80.0,126.32,4.0,2.0,26.67,42.11,3.0,1.5,20.0,31.58,2.0,1.0,13.33,21.05,2.0,1.0,13.33,21.05,2.0,1.0,13.33,21.05,1.0,0.5,6.67,10.53,0.0,0.0,0.0,0.0,0.0,0.0,0.0,0.0,1.0,0.5,6.67,10.53,0.0,0.0,0.0,0.0,2.0,1.0,13.33,21.05,2.0,1.0,13.33,21.05,2.0,1.0,13.33,21.05,1.0,0.5,6.67,10.53,2.0,1.0,13.33,21.05,0.0,0.0,0.0,0.0,0.0,0.0,0.0,0.0,2.0,1.0,13.33,21.05,46.67,80.0,-33.33,105.26,-5.0,-2.5,-33.33,3.42,1.71,0.88,0.88,1.0,0.5,,0.33,0.33,0.33,0.0,0.2,13.33,0.0,0.0,13.33,0.0
2,新竹御嵿攻城獅,71|5948,李漢昇/克雷格,3,92,109.0,1584.96,26.42,26:25,528.32,8.81,08:48,44.0,14.67,40.37,59.96,53.0,17.67,48.62,72.23,39.0,13.0,35.78,53.15,16.0,5.33,14.68,21.8,24.0,8.0,22.02,32.71,11.0,3.67,10.09,14.99,15.0,5.0,13.76,20.44,5.0,1.67,4.59,6.81,9.0,3.0,8.26,12.27,7.0,2.33,6.42,9.54,5.0,1.67,4.59,6.81,18.0,6.0,16.51,24.53,7.0,2.33,6.42,9.54,17.0,5.67,15.6,23.17,9.0,3.0,8.26,12.27,9.0,3.0,8.26,12.27,3.0,1.0,2.75,4.09,1.0,0.33,0.92,1.36,9.0,3.0,8.26,12.27,11.0,3.67,10.09,14.99,40.37,48.62,-8.26,99.03,-9.0,-3.0,-8.26,26.42,8.81,0.47,0.51,0.46,0.33,0.78,0.17,0.56,0.23,0.72,0.49,2.75,0.92,0.08,10.09,0.23
2,新北國王,28|10874,呂政儒/熊祥泰,12,87,107.0,1430.98,23.85,23:51,119.25,1.99,01:59,51.0,4.25,47.66,76.98,54.0,4.5,50.47,81.51,44.0,3.67,41.12,66.42,20.0,1.67,18.69,30.19,26.0,2.17,24.3,39.25,13.0,1.08,12.15,19.62,18.0,1.5,16.82,27.17,7.0,0.58,6.54,10.57,6.0,0.5,5.61,9.06,4.0,0.33,3.74,6.04,8.0,0.67,7.48,12.08,16.0,1.33,14.95,24.15,5.0,0.42,4.67,7.55,15.0,1.25,14.02,22.64,7.0,0.58,6.54,10.57,14.0,1.17,13.08,21.13,4.0,0.33,3.74,6.04,1.0,0.08,0.93,1.51,6.0,0.5,5.61,9.06,17.0,1.42,15.89,25.66,47.66,50.47,-2.8,107.67,-3.0,-0.25,-2.8,23.85,1.99,0.53,0.55,0.5,0.39,0.67,0.13,0.7,0.35,0.76,0.55,3.74,0.93,0.06,15.89,0.14
2,新北國王,25|28,林金榜/呂政儒,7,67,78.0,997.6,16.63,16:38,142.51,2.38,02:23,24.0,3.43,30.77,51.96,38.0,5.43,48.72,82.28,21.0,3.0,26.92,45.47,8.0,1.14,10.26,17.32,14.0,2.0,17.95,30.31,6.0,0.86,7.69,12.99,7.0,1.0,8.97,15.16,2.0,0.29,2.56,4.33,9.0,1.29,11.54,19.49,6.0,0.86,7.69,12.99,2.0,0.29,2.56,4.33,13.0,1.86,16.67,28.15,4.0,0.57,5.13,8.66,12.0,1.71,15.38,25.98,11.0,1.57,14.1,23.82,5.0,0.71,6.41,10.83,6.0,0.86,7.69,12.99,0.0,0.0,0.0,0.0,8.0,1.14,10.26,17.32,5.0,0.71,6.41,10.83,30.77,48.72,-17.95,112.59,-14.0,-2.0,-17.95,16.63,2.38,0.43,0.48,0.43,0.29,0.67,0.31,0.62,0.14,0.76,0.48,7.69,0.0,0.1,6.41,0.43
2,新竹御嵿攻城獅,82|10886,蕭順議/梁瀚,1,5,5.0,68.62,1.14,01:09,68.62,1.14,01:09,2.0,2.0,40.0,62.96,5.0,5.0,100.0,157.4,0.0,0.0,0.0,0.0,0.0,0.0,0.0,0.0,0.0,0.0,0.0,0.0,0.0,0.0,0.0,0.0,0.0,0.0,0.0,0.0,0.0,0.0,0.0,0.0,2.0,2.0,40.0,62.96,2.0,2.0,40.0,62.96,0.0,0.0,0.0,0.0,0.0,0.0,0.0,0.0,0.0,0.0,0.0,0.0,0.0,0.0,0.0,0.0,1.0,1.0,20.0,31.48,0.0,0.0,0.0,0.0,1.0,1.0,20.0,31.48,0.0,0.0,0.0,0.0,2.0,2.0,40.0,62.96,4.0,4.0,80.0,125.92,40.0,100.0,-60.0,104.93,-3.0,-3.0,-60.0,1.14,1.14,,1.14,,,1.0,0.53,,,,,20.0,0.0,0.4,80.0,
2,新竹御嵿攻城獅,10862|10886,提傑/梁瀚,2,9,9.0,125.68,2.09,02:06,62.84,1.05,01:03,2.0,1.0,22.22,34.37,5.0,2.5,55.56,85.93,2.0,1.0,22.22,34.37,0.0,0.0,0.0,0.0,1.0,0.5,11.11,17.19,0.0,0.0,0.0,0.0,1.0,0.5,11.11,17.19,0.0,0.0,0.0,0.0,2.0,1.0,22.22,34.37,2.0,1.0,22.22,34.37,0.0,0.0,0.0,0.0,2.0,1.0,22.22,34.37,0.0,0.0,0.0,0.0,1.0,0.5,11.11,17.19,1.0,0.5,11.11,17.19,0.0,0.0,0.0,0.0,1.0,0.5,11.11,17.19,0.0,0.0,0.0,0.0,2.0,1.0,22.22,34.37,8.0,4.0,88.89,137.5,22.22,55.56,-33.33,103.12,-3.0,-1.5,-33.33,2.09,1.05,0.0,0.35,0.0,0.0,1.0,0.26,,0.0,1.0,0.67,11.11,0.0,0.22,88.89,1.0
2,新竹御嵿攻城獅,10885|10886,劉丞勳/梁瀚,1,5,5.0,68.62,1.14,01:09,68.62,1.14,01:09,2.0,2.0,40.0,62.96,5.0,5.0,100.0,157.4,0.0,0.0,0.0,0.0,0.0,0.0,0.0,0.0,0.0,0.0,0.0,0.0,0.0,0.0,0.0,0.0,0.0,0.0,0.0,0.0,0.0,0.0,0.0,0.0,2.0,2.0,40.0,62.96,2.0,2.0,40.0,62.96,0.0,0.0,0.0,0.0,0.0,0.0,0.0,0.0,0.0,0.0,0.0,0.0,0.0,0.0,0.0,0.0,1.0,1.0,20.0,31.48,0.0,0.0,0.0,0.0,1.0,1.0,20.0,31.48,0.0,0.0,0.0,0.0,2.0,2.0,40.0,62.96,4.0,4.0,80.0,125.92,40.0,100.0,-60.0,104.93,-3.0,-3.0,-60.0,1.14,1.14,,1.14,,,1.0,0.53,,,,,20.0,0.0,0.4,80.0,
2,新竹御嵿攻城獅,10886|10887,梁瀚/德魯,2,3,3.0,75.62,1.26,01:16,37.81,0.63,00:38,3.0,1.5,100.0,85.7,5.0,2.5,166.67,142.83,1.0,0.5,33.33,28.57,1.0,0.5,33.33,28.57,0.0,0.0,0.0,0.0,0.0,0.0,0.0,0.0,1.0,0.5,33.33,28.57,1.0,0.5,33.33,28.57,0.0,0.0,0.0,0.0,0.0,0.0,0.0,0.0,0.0,0.0,0.0,0.0,0.0,0.0,0.0,0.0,0.0,0.0,0.0,0.0,1.0,0.5,33.33,28.57,0.0,0.0,0.0,0.0,1.0,0.5,33.33,28.57,0.0,0.0,0.0,0.0,0.0,0.0,0.0,0.0,1.0,0.5,33.33,28.57,2.0,1.0,66.67,57.13,100.0,166.67,-66.67,57.13,-2.0,-1.0,-66.67,1.26,0.63,1.5,1.5,,1.0,,0.0,1.0,0.0,,0.0,0.0,0.0,0.33,66.67,0.0
2,新竹御嵿攻城獅,80|82,田浩/蕭順議,4,53,63.0,861.03,14.35,14:21,215.26,3.59,03:35,22.0,5.5,34.92,55.19,30.0,7.5,47.62,75.26,25.0,6.25,39.68,62.72,7.0,1.75,11.11,17.56,17.0,4.25,26.98,42.65,6.0,1.5,9.52,15.05,8.0,2.0,12.7,20.07,1.0,0.25,1.59,2.51,8.0,2.0,12.7,20.07,7.0,1.75,11.11,17.56,6.0,1.5,9.52,15.05,12.0,3.0,19.05,30.1,4.0,1.0,6.35,10.03,6.0,1.5,9.52,15.05,5.0,1.25,7.94,12.54,5.0,1.25,7.94,12.54,3.0,0.75,4.76,7.53,3.0,0.75,4.76,7.53,7.0,1.75,11.11,17.56,8.0,2.0,12.7,20.07,34.92,47.62,-12.7,105.36,-8.0,-2.0,-12.7,14.35,3.59,0.3,0.39,0.35,0.12,0.88,0.15,0.71,0.5,0.75,0.64,4.76,4.76,0.11,12.7,0.32
2,新竹御嵿攻城獅,80|10862,田浩/提傑,11,205,236.0,3261.74,54.36,54:22,296.52,4.94,04:57,89.0,8.09,37.71,58.94,105.0,9.55,44.49,69.53,92.0,8.36,38.98,60.92,32.0,2.91,13.56,21.19,48.0,4.36,20.34,31.79,22.0,2.0,9.32,14.57,44.0,4.0,18.64,29.14,10.0,0.91,4.24,6.62,21.0,1.91,8.9,13.91,16.0,1.45,6.78,10.6,15.0,1.36,6.36,9.93,48.0,4.36,20.34,31.79,13.0,1.18,5.51,8.61,34.0,3.09,14.41,22.52,16.0,1.45,6.78,10.6,21.0,1.91,8.9,13.91,8.0,0.73,3.39,5.3,4.0,0.36,1.69,2.65,22.0,2.0,9.32,14.57,27.0,2.45,11.44,17.88,37.71,44.49,-6.78,104.19,-16.0,-1.45,-6.78,54.36,4.94,0.4,0.44,0.46,0.23,0.76,0.14,0.66,0.31,0.79,0.57,3.39,1.69,0.09,11.44,0.23
2,新竹御嵿攻城獅,80|10885,田浩/劉丞勳,6,103,120.0,1519.94,25.33,25:20,253.32,4.22,04:13,54.0,9.0,45.0,76.74,54.0,9.0,45.0,76.74,47.0,7.83,39.17,66.79,18.0,3.0,15.0,25.58,31.0,5.17,25.83,44.05,15.0,2.5,12.5,21.32,16.0,2.67,13.33,22.74,3.0,0.5,2.5,4.26,21.0,3.5,17.5,29.84,15.0,2.5,12.5,21.32,11.0,1.83,9.17,15.63,20.0,3.33,16.67,28.42,4.0,0.67,3.33,5.68,16.0,2.67,13.33,22.74,6.0,1.0,5.0,8.53,13.0,2.17,10.83,18.47,4.0,0.67,3.33,5.68,3.0,0.5,2.5,4.26,14.0,2.33,11.67,19.9,16.0,2.67,13.33,22.74,45.0,45.0,0.0,113.69,0.0,0.0,0.0,25.33,4.22,0.41,0.48,0.48,0.19,0.71,0.1,0.72,0.41,0.83,0.61,3.33,2.5,0.12,13.33,0.45
2,新竹御嵿攻城獅,80|10886,田浩/梁瀚,3,10,10.0,168.06,2.8,02:48,56.02,0.93,00:56,5.0,1.67,50.0,64.26,6.0,2.0,60.0,77.12,3.0,1.0,30.0,38.56,1.0,0.33,10.0,12.85,1.0,0.33,10.0,12.85,0.0,0.0,0.0,0.0,2.0,0.67,20.0,25.71,1.0,0.33,10.0,12.85,2.0,0.67,20.0,25.71,2.0,0.67,20.0,25.71,0.0,0.0,0.0,0.0,2.0,0.67,20.0,25.71,0.0,0.0,0.0,0.0,2.0,0.67,20.0,25.71,1.0,0.33,10.0,12.85,1.0,0.33,10.0,12.85,1.0,0.33,10.0,12.85,0.0,0.0,0.0,0.0,1.0,0.33,10.0,12.85,6.0,2.0,60.0,77.12,50.0,60.0,-10.0,85.68,-1.0,-0.33,-10.0,2.8,0.93,0.5,0.64,0.0,0.5,1.0,0.2,1.0,0.0,1.0,0.5,10.0,0.0,0.1,60.0,0.67
2,臺北台新戰神,4|10867,張兆辰/威力斯,4,216,257.0,3758.45,62.64,62:38,939.61,15.66,15:40,125.0,31.25,48.64,71.84,122.0,30.5,47.47,70.11,97.0,24.25,37.74,55.75,47.0,11.75,18.29,27.01,60.0,15.0,23.35,34.48,32.0,8.0,12.45,18.39,37.0,9.25,14.4,21.26,15.0,3.75,5.84,8.62,22.0,5.5,8.56,12.64,13.0,3.25,5.06,7.47,17.0,4.25,6.61,9.77,38.0,9.5,14.79,21.84,15.0,3.75,5.84,8.62,39.0,9.75,15.18,22.41,16.0,4.0,6.23,9.2,19.0,4.75,7.39,10.92,9.0,2.25,3.5,5.17,3.0,0.75,1.17,1.72,23.0,5.75,8.95,13.22,24.0,6.0,9.34,13.79,48.64,47.47,1.17,98.47,3.0,0.75,1.17,62.64,15.66,0.56,0.59,0.53,0.41,0.59,0.13,0.4,0.3,0.72,0.5,3.5,1.17,0.09,9.34,0.23
2,臺北台新戰神,10|10867,雷蒙恩/威力斯,15,1215,1434.0,19761.14,329.35,329:21,1317.41,21.96,21:57,656.0,43.73,45.75,71.7,685.0,45.67,47.77,74.87,532.0,35.47,37.1,58.15,242.0,16.13,16.88,26.45,346.0,23.07,24.13,37.82,183.0,12.2,12.76,20.0,186.0,12.4,12.97,20.33,59.0,3.93,4.11,6.45,166.0,11.07,11.58,18.14,113.0,7.53,7.88,12.35,93.0,6.2,6.49,10.17,216.0,14.4,15.06,23.61,72.0,4.8,5.02,7.87,224.0,14.93,15.62,24.48,103.0,6.87,7.18,11.26,140.0,9.33,9.76,15.3,63.0,4.2,4.39,6.89,19.0,1.27,1.32,2.08,137.0,9.13,9.55,14.97,162.0,10.8,11.3,17.71,45.75,47.77,-2.02,104.5,-29.0,-1.93,-2.02,329.35,21.96,0.51,0.54,0.53,0.32,0.68,0.15,0.58,0.29,0.75,0.51,4.39,1.32,0.1,11.3,0.31
2,臺北台新戰神,14|10867,錢肯尼/威力斯,17,1449,1736.0,24256.35,404.27,404:16,1426.84,23.78,23:47,771.0,45.35,44.41,68.66,818.0,48.12,47.12,72.84,628.0,36.94,36.18,55.92,279.0,16.41,16.07,24.84,397.0,23.35,22.87,35.35,199.0,11.71,11.46,17.72,231.0,13.59,13.31,20.57,80.0,4.71,4.61,7.12,186.0,10.94,10.71,16.56,129.0,7.59,7.43,11.49,118.0,6.94,6.8,10.51,255.0,15.0,14.69,22.71,93.0,5.47,5.36,8.28,265.0,15.59,15.26,23.6,142.0,8.35,8.18,12.64,163.0,9.59,9.39,14.51,93.0,5.47,5.36,8.28,27.0,1.59,1.56,2.4,165.0,9.71,9.5,14.69,164.0,9.65,9.45,14.6,44.41,47.12,-2.71,103.06,-47.0,-2.76,-2.71,404.27,23.78,0.51,0.54,0.5,0.35,0.69,0.17,0.58,0.31,0.73,0.51,5.36,1.56,0.1,9.45,0.3
2,臺北台新戰神,10867|10870,威力斯/洛夫頓,4,309,372.0,5913.22,98.55,98:33,1478.31,24.64,24:38,179.0,44.75,48.12,65.39,190.0,47.5,51.08,69.4,141.0,35.25,37.9,51.5,67.0,16.75,18.01,24.47,90.0,22.5,24.19,32.88,47.0,11.75,12.63,17.17,51.0,12.75,13.71,18.63,20.0,5.0,5.38,7.31,36.0,9.0,9.68,13.15,22.0,5.5,5.91,8.04,28.0,7.0,7.53,10.23,54.0,13.5,14.52,19.73,17.0,4.25,4.57,6.21,48.0,12.0,12.9,17.53,27.0,6.75,7.26,9.86,24.0,6.0,6.45,8.77,19.0,4.75,5.11,6.94,7.0,1.75,1.88,2.56,29.0,7.25,7.8,10.59,34.0,8.5,9.14,12.42,48.12,51.08,-2.96,90.59,-11.0,-2.75,-2.96,98.55,24.64,0.55,0.57,0.52,0.39,0.61,0.15,0.36,0.37,0.76,0.56,5.11,1.88,0.08,9.14,0.26
2,臺北台新戰神,2|14,江均/錢肯尼,4,58,72.0,780.9,13.01,13:01,195.22,3.25,03:15,30.0,7.5,41.67,82.98,33.0,8.25,45.83,91.28,20.0,5.0,27.78,55.32,10.0,2.5,13.89,27.66,13.0,3.25,18.06,35.96,6.0,1.5,8.33,16.6,7.0,1.75,9.72,19.36,4.0,1.0,5.56,11.06,11.0,2.75,15.28,30.43,6.0,1.5,8.33,16.6,4.0,1.0,5.56,11.06,8.0,2.0,11.11,22.13,4.0,1.0,5.56,11.06,7.0,1.75,9.72,19.36,9.0,2.25,12.5,24.89,5.0,1.25,6.94,13.83,7.0,1.75,9.72,19.36,2.0,0.5,2.78,5.53,7.0,1.75,9.72,19.36,14.0,3.5,19.44,38.72,41.67,45.83,-4.17,132.77,-3.0,-0.75,-4.17,13.01,3.25,0.6,0.6,0.46,0.57,0.55,0.27,0.5,0.36,0.67,0.52,9.72,2.78,0.1,19.44,0.55
2,臺北台新戰神,2|10867,江均/威力斯,6,97,117.0,1776.61,29.61,29:37,296.1,4.94,04:56,55.0,9.17,47.01,66.87,60.0,10.0,51.28,72.95,41.0,6.83,35.04,49.85,20.0,3.33,17.09,24.32,25.0,4.17,21.37,30.4,12.0,2.0,10.26,14.59,16.0,2.67,13.68,19.45,8.0,1.33,6.84,9.73,14.0,2.33,11.97,17.02,7.0,1.17,5.98,8.51,8.0,1.33,6.84,9.73,16.0,2.67,13.68,19.45,5.0,0.83,4.27,6.08,16.0,2.67,13.68,19.45,11.0,1.83,9.4,13.37,9.0,1.5,7.69,10.94,8.0,1.33,6.84,9.73,3.0,0.5,2.56,3.65,11.0,1.83,9.4,13.37,18.0,3.0,15.38,21.88,47.01,51.28,-4.27,94.83,-5.0,-0.83,-4.27,29.61,4.94,0.59,0.58,0.48,0.5,0.5,0.19,0.45,0.33,0.76,0.53,6.84,2.56,0.09,15.38,0.34
2,桃園台啤永豐雲豹,68|10861,克羅馬/迪亞洛,16,1069,1271.0,16515.11,275.25,275:15,1032.19,17.2,17:12,626.0,39.12,49.25,81.87,532.0,33.25,41.86,69.58,472.0,29.5,37.14,61.73,231.0,14.44,18.17,30.21,313.0,19.56,24.63,40.94,171.0,10.69,13.45,22.36,159.0,9.94,12.51,20.8,60.0,3.75,4.72,7.85,146.0,9.12,11.49,19.1,106.0,6.62,8.34,13.86,78.0,4.88,6.14,10.2,179.0,11.19,14.08,23.41,83.0,5.19,6.53,10.86,199.0,12.44,15.66,26.03,82.0,5.12,6.45,10.72,143.0,8.94,11.25,18.7,49.0,3.06,3.86,6.41,14.0,0.88,1.1,1.83,116.0,7.25,9.13,15.17,114.0,7.12,8.97,14.91,49.25,41.86,7.4,110.82,94.0,5.88,7.4,275.25,17.2,0.55,0.58,0.55,0.38,0.73,0.13,0.62,0.28,0.68,0.48,3.86,1.1,0.09,8.97,0.31
2,桃園台啤永豐雲豹,54|10884,高錦瑋/徐宏瑋,7,79,103.0,1299.88,21.66,21:40,185.7,3.09,03:06,37.0,5.29,35.92,61.48,42.0,6.0,40.78,69.79,36.0,5.14,34.95,59.82,13.0,1.86,12.62,21.6,19.0,2.71,18.45,31.57,9.0,1.29,8.74,14.96,17.0,2.43,16.5,28.25,4.0,0.57,3.88,6.65,11.0,1.57,10.68,18.28,6.0,0.86,5.83,9.97,11.0,1.57,10.68,18.28,16.0,2.29,15.53,26.59,10.0,1.43,9.71,16.62,13.0,1.86,12.62,21.6,6.0,0.86,5.83,9.97,11.0,1.57,10.68,18.28,5.0,0.71,4.85,8.31,2.0,0.29,1.94,3.32,11.0,1.57,10.68,18.28,10.0,1.43,9.71,16.62,35.92,40.78,-4.85,114.1,-5.0,-0.71,-4.85,21.66,3.09,0.42,0.45,0.47,0.24,0.55,0.13,0.85,0.46,0.62,0.54,4.85,1.94,0.11,9.71,0.31
2,桃園台啤永豐雲豹,68|10884,克羅馬/徐宏瑋,14,135,165.0,2078.41,34.64,34:38,148.46,2.47,02:28,80.0,5.71,48.48,83.14,77.0,5.5,46.67,80.02,57.0,4.07,34.55,59.24,27.0,1.93,16.36,28.06,33.0,2.36,20.0,34.3,17.0,1.21,10.3,17.67,24.0,1.71,14.55,24.94,10.0,0.71,6.06,10.39,24.0,1.71,14.55,24.94,16.0,1.14,9.7,16.63,11.0,0.79,6.67,11.43,25.0,1.79,15.15,25.98,14.0,1.0,8.48,14.55,19.0,1.36,11.52,19.75,8.0,0.57,4.85,8.31,22.0,1.57,13.33,22.86,7.0,0.5,4.24,7.27,4.0,0.29,2.42,4.16,15.0,1.07,9.09,15.59,23.0,1.64,13.94,23.9,48.48,46.67,1.82,114.32,3.0,0.21,1.82,34.64,2.47,0.56,0.59,0.52,0.42,0.67,0.11,0.81,0.37,0.64,0.52,4.24,2.42,0.09,13.94,0.42
2,臺北台新戰神,2|7,江均/孫思堯,2,3,7.0,55.98,0.93,00:56,27.99,0.47,00:28,0.0,0.0,0.0,0.0,3.0,1.5,42.86,115.75,1.0,0.5,14.29,38.58,0.0,0.0,0.0,0.0,0.0,0.0,0.0,0.0,0.0,0.0,0.0,0.0,1.0,0.5,14.29,38.58,0.0,0.0,0.0,0.0,2.0,1.0,28.57,77.17,0.0,0.0,0.0,0.0,1.0,0.5,14.29,38.58,1.0,0.5,14.29,38.58,3.0,1.5,42.86,115.75,0.0,0.0,0.0,0.0,0.0,0.0,0.0,0.0,0.0,0.0,0.0,0.0,0.0,0.0,0.0,0.0,0.0,0.0,0.0,0.0,1.0,0.5,14.29,38.58,0.0,0.0,0.0,0.0,0.0,42.86,-42.86,180.05,-3.0,-1.5,-42.86,0.93,0.47,0.0,0.0,,0.0,0.0,0.0,,1.0,0.25,0.4,0.0,0.0,0.14,0.0,2.0
2,桃園台啤永豐雲豹,58|3129,林信寬/董永全,19,367,457.0,6104.98,101.75,101:45,321.31,5.36,05:21,171.0,9.0,37.42,60.5,174.0,9.16,38.07,61.56,162.0,8.53,35.45,57.32,62.0,3.26,13.57,21.94,108.0,5.68,23.63,38.21,47.0,2.47,10.28,16.63,54.0,2.84,11.82,19.11,15.0,0.79,3.28,5.31,52.0,2.74,11.38,18.4,32.0,1.68,7.0,11.32,36.0,1.89,7.88,12.74,68.0,3.58,14.88,24.06,34.0,1.79,7.44,12.03,76.0,4.0,16.63,26.89,39.0,2.05,8.53,13.8,36.0,1.89,7.88,12.74,21.0,1.11,4.6,7.43,9.0,0.47,1.97,3.18,41.0,2.16,8.97,14.51,45.0,2.37,9.85,15.92,37.42,38.07,-0.66,107.79,-3.0,-0.16,-0.66,101.75,5.36,0.43,0.46,0.44,0.28,0.62,0.17,0.58,0.32,0.67,0.49,4.6,1.97,0.09,9.85,0.32
2,臺北台新戰神,10863|10867,魏芃禾/威力斯,9,192,232.0,3019.28,50.32,50:19,335.48,5.59,05:35,94.0,10.44,40.52,67.25,105.0,11.67,45.26,75.12,97.0,10.78,41.81,69.39,34.0,3.78,14.66,24.32,60.0,6.67,25.86,42.92,24.0,2.67,10.34,17.17,37.0,4.11,15.95,26.47,10.0,1.11,4.31,7.15,24.0,2.67,10.34,17.17,16.0,1.78,6.9,11.45,21.0,2.33,9.05,15.02,45.0,5.0,19.4,32.19,18.0,2.0,7.76,12.88,38.0,4.22,16.38,27.19,7.0,0.78,3.02,5.01,22.0,2.44,9.48,15.74,5.0,0.56,2.16,3.58,6.0,0.67,2.59,4.29,19.0,2.11,8.19,13.59,29.0,3.22,12.5,20.75,40.52,45.26,-4.74,110.65,-11.0,-1.22,-4.74,50.32,5.59,0.4,0.44,0.4,0.27,0.67,0.06,0.65,0.36,0.71,0.54,2.16,2.59,0.08,12.5,0.25
2,臺北台新戰神,10865|10867,謝銘駿/威力斯,11,511,614.0,8844.46,147.41,147:24,804.04,13.4,13:24,284.0,25.82,46.25,69.36,251.0,22.82,40.88,61.3,214.0,19.45,34.85,52.26,93.0,8.45,15.15,22.71,133.0,12.09,21.66,32.48,62.0,5.64,10.1,15.14,81.0,7.36,13.19,19.78,31.0,2.82,5.05,7.57,89.0,8.09,14.5,21.74,64.0,5.82,10.42,15.63,37.0,3.36,6.03,9.04,94.0,8.55,15.31,22.96,36.0,3.27,5.86,8.79,97.0,8.82,15.8,23.69,40.0,3.64,6.51,9.77,53.0,4.82,8.63,12.94,23.0,2.09,3.75,5.62,10.0,0.91,1.63,2.44,60.0,5.45,9.77,14.65,71.0,6.45,11.56,17.34,46.25,40.88,5.37,99.97,33.0,3.0,5.37,147.41,13.4,0.51,0.56,0.47,0.38,0.72,0.14,0.57,0.28,0.72,0.5,3.75,1.63,0.1,11.56,0.42
2,臺北台新戰神,10867|10869,威力斯/基德,7,529,643.0,8361.2,139.35,139:21,1194.46,19.91,19:54,286.0,40.86,44.48,73.88,262.0,37.43,40.75,67.68,221.0,31.57,34.37,57.09,94.0,13.43,14.62,24.28,141.0,20.14,21.93,36.43,67.0,9.57,10.42,17.31,80.0,11.43,12.44,20.67,27.0,3.86,4.2,6.98,94.0,13.43,14.62,24.28,70.0,10.0,10.89,18.08,42.0,6.0,6.53,10.85,91.0,13.0,14.15,23.51,37.0,5.29,5.75,9.56,98.0,14.0,15.24,25.32,51.0,7.29,7.93,13.18,57.0,8.14,8.86,14.73,26.0,3.71,4.04,6.72,10.0,1.43,1.56,2.58,66.0,9.43,10.26,17.05,96.0,13.71,14.93,24.8,44.48,40.75,3.73,110.74,24.0,3.43,3.73,139.35,19.91,0.49,0.55,0.48,0.34,0.74,0.16,0.61,0.3,0.71,0.5,4.04,1.56,0.1,14.93,0.43
2,臺北台新戰神,3|10863,陳文宏/魏芃禾,12,175,218.0,3013.58,50.23,50:14,251.13,4.19,04:11,74.0,6.17,33.94,53.04,106.0,8.83,48.62,75.98,80.0,6.67,36.7,57.34,25.0,2.08,11.47,17.92,44.0,3.67,20.18,31.54,17.0,1.42,7.8,12.18,36.0,3.0,16.51,25.8,8.0,0.67,3.67,5.73,21.0,1.75,9.63,15.05,15.0,1.25,6.88,10.75,15.0,1.25,6.88,10.75,41.0,3.42,18.81,29.39,23.0,1.92,10.55,16.49,30.0,2.5,13.76,21.5,13.0,1.08,5.96,9.32,15.0,1.25,6.88,10.75,10.0,0.83,4.59,7.17,6.0,0.5,2.75,4.3,16.0,1.33,7.34,11.47,38.0,3.17,17.43,27.24,33.94,48.62,-14.68,104.17,-32.0,-2.67,-14.68,50.23,4.19,0.36,0.41,0.39,0.22,0.71,0.13,0.6,0.33,0.64,0.51,4.59,2.75,0.07,17.43,0.26
2,臺北台新戰神,3|10867,陳文宏/威力斯,13,315,369.0,5114.05,85.23,85:14,393.39,6.56,06:33,147.0,11.31,39.84,62.09,190.0,14.62,51.49,80.25,134.0,10.31,36.31,56.6,51.0,3.92,13.82,21.54,79.0,6.08,21.41,33.37,37.0,2.85,10.03,15.63,55.0,4.23,14.91,23.23,14.0,1.08,3.79,5.91,45.0,3.46,12.2,19.01,32.0,2.46,8.67,13.52,26.0,2.0,7.05,10.98,65.0,5.0,17.62,27.45,23.0,1.77,6.23,9.71,51.0,3.92,13.82,21.54,25.0,1.92,6.78,10.56,29.0,2.23,7.86,12.25,18.0,1.38,4.88,7.6,2.0,0.15,0.54,0.84,29.0,2.23,7.86,12.25,50.0,3.85,13.55,21.12,39.84,51.49,-11.65,103.9,-43.0,-3.31,-11.65,85.23,6.56,0.43,0.48,0.47,0.25,0.71,0.14,0.57,0.34,0.74,0.55,4.88,0.54,0.08,13.55,0.34
2,臺北台新戰神,5|10867,黃聰翰/威力斯,13,598,711.0,9997.41,166.62,166:37,769.03,12.82,12:49,309.0,23.77,43.46,66.76,329.0,25.31,46.27,71.08,244.0,18.77,34.32,52.72,107.0,8.23,15.05,23.12,150.0,11.54,21.1,32.41,73.0,5.62,10.27,15.77,94.0,7.23,13.22,20.31,34.0,2.62,4.78,7.35,84.0,6.46,11.81,18.15,61.0,4.69,8.58,13.18,35.0,2.69,4.92,7.56,112.0,8.62,15.75,24.2,39.0,3.0,5.49,8.43,123.0,9.46,17.3,26.57,53.0,4.08,7.45,11.45,63.0,4.85,8.86,13.61,32.0,2.46,4.5,6.91,6.0,0.46,0.84,1.3,73.0,5.62,10.27,15.77,76.0,5.85,10.69,16.42,43.46,46.27,-2.81,102.41,-20.0,-1.54,-2.81,166.62,12.82,0.51,0.55,0.49,0.36,0.73,0.16,0.59,0.22,0.74,0.48,4.5,0.84,0.1,10.69,0.34
2,臺北台新戰神,2|3,江均/陳文宏,7,122,148.0,1874.25,31.24,31:14,267.75,4.46,04:28,45.0,6.43,30.41,51.86,77.0,11.0,52.03,88.74,50.0,7.14,33.78,57.62,18.0,2.57,12.16,20.74,28.0,4.0,18.92,32.27,14.0,2.0,9.46,16.13,22.0,3.14,14.86,25.35,4.0,0.57,2.7,4.61,14.0,2.0,9.46,16.13,5.0,0.71,3.38,5.76,9.0,1.29,6.08,10.37,26.0,3.71,17.57,29.96,12.0,1.71,8.11,13.83,22.0,3.14,14.86,25.35,12.0,1.71,8.11,13.83,6.0,0.86,4.05,6.91,8.0,1.14,5.41,9.22,3.0,0.43,2.03,3.46,10.0,1.43,6.76,11.52,30.0,4.29,20.27,34.57,30.41,52.03,-21.62,113.71,-32.0,-4.57,-21.62,31.24,4.46,0.4,0.4,0.5,0.18,0.36,0.18,0.33,0.29,0.68,0.51,5.41,2.03,0.07,20.27,0.28
2,臺北台新戰神,13|10867,陳冠全/威力斯,3,38,47.0,602.77,10.05,10:03,200.92,3.35,03:21,19.0,6.33,40.43,68.09,33.0,11.0,70.21,118.25,15.0,5.0,31.91,53.75,7.0,2.33,14.89,25.08,10.0,3.33,21.28,35.83,5.0,1.67,10.64,17.92,5.0,1.67,10.64,17.92,2.0,0.67,4.26,7.17,5.0,1.67,10.64,17.92,3.0,1.0,6.38,10.75,3.0,1.0,6.38,10.75,7.0,2.33,14.89,25.08,0.0,0.0,0.0,0.0,4.0,1.33,8.51,14.33,8.0,2.67,17.02,28.67,2.0,0.67,4.26,7.17,6.0,2.0,12.77,21.5,3.0,1.0,6.38,10.75,3.0,1.0,6.38,10.75,4.0,1.33,8.51,14.33,40.43,70.21,-29.79,112.28,-14.0,-4.67,-29.79,10.05,3.35,0.53,0.55,0.5,0.4,0.6,0.32,0.29,0.43,1.0,0.71,12.77,6.38,0.06,8.51,0.33
2,臺北台新戰神,3|7,陳文宏/孫思堯,1,7,8.0,85.29,1.42,01:25,85.29,1.42,01:25,0.0,0.0,0.0,0.0,4.0,4.0,50.0,101.3,2.0,2.0,25.0,50.65,0.0,0.0,0.0,0.0,1.0,1.0,12.5,25.33,0.0,0.0,0.0,0.0,1.0,1.0,12.5,25.33,0.0,0.0,0.0,0.0,0.0,0.0,0.0,0.0,0.0,0.0,0.0,0.0,0.0,0.0,0.0,0.0,2.0,2.0,25.0,50.65,1.0,1.0,12.5,25.33,1.0,1.0,12.5,25.33,1.0,1.0,12.5,25.33,0.0,0.0,0.0,0.0,1.0,1.0,12.5,25.33,0.0,0.0,0.0,0.0,1.0,1.0,12.5,25.33,2.0,2.0,25.0,50.65,0.0,50.0,-50.0,135.07,-4.0,-4.0,-50.0,1.42,1.42,0.0,0.0,0.0,0.0,,0.33,,0.0,0.67,0.5,12.5,0.0,0.12,25.0,0.0
2,臺北台新戰神,3|5,陳文宏/黃聰翰,12,355,412.0,5556.92,92.62,92:37,463.08,7.72,07:43,173.0,14.42,41.99,67.25,187.0,15.58,45.39,72.69,150.0,12.5,36.41,58.31,55.0,4.58,13.35,21.38,80.0,6.67,19.42,31.1,36.0,3.0,8.74,13.99,70.0,5.83,16.99,27.21,19.0,1.58,4.61,7.39,59.0,4.92,14.32,22.93,44.0,3.67,10.68,17.1,28.0,2.33,6.8,10.88,72.0,6.0,17.48,27.99,23.0,1.92,5.58,8.94,61.0,5.08,14.81,23.71,27.0,2.25,6.55,10.5,29.0,2.42,7.04,11.27,15.0,1.25,3.64,5.83,9.0,0.75,2.18,3.5,42.0,3.5,10.19,16.33,55.0,4.58,13.35,21.38,41.99,45.39,-3.4,106.76,-14.0,-1.17,-3.4,92.62,7.72,0.43,0.49,0.45,0.27,0.75,0.13,0.53,0.31,0.76,0.54,3.64,2.18,0.1,13.35,0.39
2,桃園台啤永豐雲豹,12|64,曹薰襄/劉元凱,6,52,69.0,819.36,13.66,13:39,136.56,2.28,02:17,17.0,2.83,24.64,44.82,20.0,3.33,28.99,52.72,15.0,2.5,21.74,39.54,6.0,1.0,8.7,15.82,9.0,1.5,13.04,23.73,5.0,0.83,7.25,13.18,6.0,1.0,8.7,15.82,1.0,0.17,1.45,2.64,7.0,1.17,10.14,18.45,4.0,0.67,5.8,10.54,1.0,0.17,1.45,2.64,9.0,1.5,13.04,23.73,9.0,1.5,13.04,23.73,12.0,2.0,17.39,31.63,11.0,1.83,15.94,29.0,4.0,0.67,5.8,10.54,4.0,0.67,5.8,10.54,0.0,0.0,0.0,0.0,10.0,1.67,14.49,26.36,11.0,1.83,15.94,29.0,24.64,28.99,-4.35,121.27,-3.0,-0.5,-4.35,13.66,2.28,0.43,0.47,0.56,0.17,0.57,0.38,0.67,0.08,0.5,0.32,5.8,0.0,0.14,15.94,0.47
2,桃園台啤永豐雲豹,57|60,莊博元/黃鎮,2,6,8.0,97.61,1.63,01:38,48.81,0.81,00:49,1.0,0.5,12.5,22.13,3.0,1.5,37.5,66.39,1.0,0.5,12.5,22.13,0.0,0.0,0.0,0.0,1.0,0.5,12.5,22.13,0.0,0.0,0.0,0.0,0.0,0.0,0.0,0.0,0.0,0.0,0.0,0.0,2.0,1.0,25.0,44.26,1.0,0.5,12.5,22.13,0.0,0.0,0.0,0.0,2.0,1.0,25.0,44.26,1.0,0.5,12.5,22.13,1.0,0.5,12.5,22.13,1.0,0.5,12.5,22.13,0.0,0.0,0.0,0.0,0.0,0.0,0.0,0.0,0.0,0.0,0.0,0.0,1.0,0.5,12.5,22.13,0.0,0.0,0.0,0.0,12.5,37.5,-25.0,118.02,-2.0,-1.0,-25.0,1.63,0.81,0.0,0.27,0.0,,0.5,0.35,,0.0,0.67,0.5,0.0,0.0,0.12,0.0,2.0
2,桃園台啤永豐雲豹,57|64,莊博元/劉元凱,5,36,49.0,539.0,8.98,08:59,107.8,1.8,01:48,10.0,2.0,20.41,40.07,22.0,4.4,44.9,88.16,11.0,2.2,22.45,44.08,3.0,0.6,6.12,12.02,8.0,1.6,16.33,32.06,3.0,0.6,6.12,12.02,3.0,0.6,6.12,12.02,0.0,0.0,0.0,0.0,7.0,1.4,14.29,28.05,4.0,0.8,8.16,16.03,1.0,0.2,2.04,4.01,7.0,1.4,14.29,28.05,7.0,1.4,14.29,28.05,7.0,1.4,14.29,28.05,7.0,1.4,14.29,28.05,2.0,0.4,4.08,8.01,2.0,0.4,4.08,8.01,0.0,0.0,0.0,0.0,7.0,1.4,14.29,28.05,8.0,1.6,16.33,32.06,20.41,44.9,-24.49,130.91,-12.0,-2.4,-24.49,8.98,1.8,0.27,0.36,0.38,0.0,0.57,0.33,0.67,0.12,0.5,0.36,4.08,0.0,0.14,16.33,0.64
2,桃園台啤永豐雲豹,60|68,黃鎮/克羅馬,1,2,3.0,22.0,0.37,00:22,22.0,0.37,00:22,0.0,0.0,0.0,0.0,0.0,0.0,0.0,0.0,0.0,0.0,0.0,0.0,0.0,0.0,0.0,0.0,0.0,0.0,0.0,0.0,0.0,0.0,0.0,0.0,0.0,0.0,0.0,0.0,0.0,0.0,0.0,0.0,0.0,0.0,0.0,0.0,0.0,0.0,0.0,0.0,0.0,0.0,0.0,0.0,0.0,0.0,0.0,0.0,0.0,0.0,0.0,0.0,1.0,1.0,33.33,98.18,1.0,1.0,33.33,98.18,0.0,0.0,0.0,0.0,0.0,0.0,0.0,0.0,0.0,0.0,0.0,0.0,1.0,1.0,33.33,98.18,0.0,0.0,0.0,0.0,0.0,0.0,0.0,196.36,0.0,0.0,0.0,0.37,0.37,,,,,,1.0,,0.0,,0.0,0.0,0.0,0.33,0.0,
2,臺北台新戰神,2|4,江均/張兆辰,9,119,146.0,2351.09,39.18,39:11,261.23,4.35,04:21,57.0,6.33,39.04,52.37,62.0,6.89,42.47,56.96,54.0,6.0,36.99,49.61,22.0,2.44,15.07,20.21,29.0,3.22,19.86,26.64,15.0,1.67,10.27,13.78,25.0,2.78,17.12,22.97,7.0,0.78,4.79,6.43,11.0,1.22,7.53,10.11,6.0,0.67,4.11,5.51,10.0,1.11,6.85,9.19,26.0,2.89,17.81,23.89,8.0,0.89,5.48,7.35,24.0,2.67,16.44,22.05,12.0,1.33,8.22,11.02,10.0,1.11,6.85,9.19,7.0,0.78,4.79,6.43,4.0,0.44,2.74,3.67,9.0,1.0,6.16,8.27,9.0,1.0,6.16,8.27,39.04,42.47,-3.42,89.42,-5.0,-0.56,-3.42,39.18,4.35,0.47,0.48,0.52,0.28,0.55,0.17,0.45,0.29,0.76,0.53,4.79,2.74,0.06,6.16,0.2
2,臺北台新戰神,2|10863,江均/魏芃禾,10,126,159.0,2005.59,33.43,33:26,200.56,3.34,03:21,66.0,6.6,41.51,71.08,64.0,6.4,40.25,68.93,60.0,6.0,37.74,64.62,24.0,2.4,15.09,25.85,35.0,3.5,22.01,37.69,17.0,1.7,10.69,18.31,25.0,2.5,15.72,26.92,7.0,0.7,4.4,7.54,21.0,2.1,13.21,22.62,11.0,1.1,6.92,11.85,16.0,1.6,10.06,17.23,22.0,2.2,13.84,23.69,11.0,1.1,6.92,11.85,25.0,2.5,15.72,26.92,12.0,1.2,7.55,12.92,13.0,1.3,8.18,14.0,8.0,0.8,5.03,8.62,3.0,0.3,1.89,3.23,13.0,1.3,8.18,14.0,26.0,2.6,16.35,28.0,41.51,40.25,1.26,114.16,2.0,0.2,1.26,33.43,3.34,0.46,0.48,0.49,0.28,0.52,0.15,0.54,0.39,0.67,0.51,5.03,1.89,0.08,16.35,0.35
2,臺北台新戰神,4|10863,張兆辰/魏芃禾,8,114,142.0,1852.28,30.87,30:52,231.54,3.86,03:52,50.0,6.25,35.21,58.31,64.0,8.0,45.07,74.63,50.0,6.25,35.21,58.31,16.0,2.0,11.27,18.66,24.0,3.0,16.9,27.99,10.0,1.25,7.04,11.66,26.0,3.25,18.31,30.32,6.0,0.75,4.23,7.0,17.0,2.12,11.97,19.82,12.0,1.5,8.45,13.99,10.0,1.25,7.04,11.66,23.0,2.88,16.2,26.82,9.0,1.12,6.34,10.5,21.0,2.62,14.79,24.49,10.0,1.25,7.04,11.66,9.0,1.12,6.34,10.5,7.0,0.88,4.93,8.16,2.0,0.25,1.41,2.33,12.0,1.5,8.45,13.99,18.0,2.25,12.68,20.99,35.21,45.07,-9.86,110.39,-14.0,-1.75,-9.86,30.87,3.86,0.38,0.43,0.42,0.23,0.71,0.15,0.56,0.32,0.72,0.52,4.93,1.41,0.08,12.68,0.34
2,桃園台啤永豐雲豹,56|60,丁冠皓/黃鎮,8,50,72.0,800.94,13.35,13:21,100.12,1.67,01:40,27.0,3.38,37.5,72.81,25.0,3.12,34.72,67.42,21.0,2.62,29.17,56.63,8.0,1.0,11.11,21.57,9.0,1.12,12.5,24.27,3.0,0.38,4.17,8.09,12.0,1.5,16.67,32.36,5.0,0.62,6.94,13.48,8.0,1.0,11.11,21.57,6.0,0.75,8.33,16.18,8.0,1.0,11.11,21.57,5.0,0.62,6.94,13.48,11.0,1.38,15.28,29.67,7.0,0.88,9.72,18.88,7.0,0.88,9.72,18.88,6.0,0.75,8.33,16.18,5.0,0.62,6.94,13.48,1.0,0.12,1.39,2.7,8.0,1.0,11.11,21.57,13.0,1.62,18.06,35.06,37.5,34.72,2.78,129.45,2.0,0.25,2.78,13.35,1.67,0.5,0.55,0.33,0.42,0.75,0.22,0.75,0.53,0.31,0.42,6.94,1.39,0.11,18.06,0.38
2,臺北台新戰神,2|10864,江均/劉彥廷,9,161,199.0,2630.57,43.84,43:51,292.29,4.87,04:52,85.0,9.44,42.71,69.79,103.0,11.44,51.76,84.57,66.0,7.33,33.17,54.19,29.0,3.22,14.57,23.81,39.0,4.33,19.6,32.02,21.0,2.33,10.55,17.24,27.0,3.0,13.57,22.17,8.0,0.89,4.02,6.57,31.0,3.44,15.58,25.45,19.0,2.11,9.55,15.6,16.0,1.78,8.04,13.14,26.0,2.89,13.07,21.35,14.0,1.56,7.04,11.5,30.0,3.33,15.08,24.63,16.0,1.78,8.04,13.14,19.0,2.11,9.55,15.6,11.0,1.22,5.53,9.03,4.0,0.44,2.01,3.28,19.0,2.11,9.55,15.6,32.0,3.56,16.08,26.28,42.71,51.76,-9.05,108.93,-18.0,-2.0,-9.05,43.84,4.87,0.5,0.53,0.54,0.3,0.61,0.17,0.66,0.35,0.65,0.49,5.53,2.01,0.1,16.08,0.47
2,臺北台新戰神,4|10864,張兆辰/劉彥廷,5,116,145.0,1991.09,33.18,33:11,398.22,6.64,06:38,51.0,10.2,35.17,55.33,75.0,15.0,51.72,81.36,48.0,9.6,33.1,52.07,17.0,3.4,11.72,18.44,28.0,5.6,19.31,30.38,11.0,2.2,7.59,11.93,20.0,4.0,13.79,21.7,6.0,1.2,4.14,6.51,16.0,3.2,11.03,17.36,11.0,2.2,7.59,11.93,10.0,2.0,6.9,10.85,26.0,5.2,17.93,28.21,12.0,2.4,8.28,13.02,15.0,3.0,10.34,16.27,12.0,2.4,8.28,13.02,8.0,1.6,5.52,8.68,9.0,1.8,6.21,9.76,4.0,0.8,2.76,4.34,11.0,2.2,7.59,11.93,14.0,2.8,9.66,15.19,35.17,51.72,-16.55,104.87,-24.0,-4.8,-16.55,33.18,6.64,0.42,0.46,0.39,0.3,0.69,0.18,0.47,0.4,0.68,0.57,6.21,2.76,0.08,9.66,0.33
2,臺北台新戰神,10863|10864,魏芃禾/劉彥廷,9,143,178.0,2259.69,37.66,37:40,251.08,4.18,04:11,88.0,9.78,49.44,84.12,84.0,9.33,47.19,80.29,66.0,7.33,37.08,63.09,30.0,3.33,16.85,28.68,43.0,4.78,24.16,41.1,22.0,2.44,12.36,21.03,23.0,2.56,12.92,21.99,8.0,0.89,4.49,7.65,33.0,3.67,18.54,31.54,20.0,2.22,11.24,19.12,17.0,1.89,9.55,16.25,23.0,2.56,12.92,21.99,9.0,1.0,5.06,8.6,26.0,2.89,14.61,24.85,12.0,1.33,6.74,11.47,16.0,1.78,8.99,15.29,9.0,1.0,5.06,8.6,5.0,0.56,2.81,4.78,20.0,2.22,11.24,19.12,30.0,3.33,16.85,28.68,49.44,47.19,2.25,113.43,4.0,0.44,2.25,37.66,4.18,0.52,0.55,0.51,0.35,0.61,0.13,0.53,0.4,0.72,0.53,5.06,2.81,0.11,16.85,0.5
2,臺北台新戰神,10864|10865,劉彥廷/謝銘駿,7,178,217.0,2982.71,49.71,49:43,426.1,7.1,07:06,72.0,10.29,33.18,52.14,115.0,16.43,53.0,83.28,59.0,8.43,27.19,42.73,18.0,2.57,8.29,13.04,34.0,4.86,15.67,24.62,11.0,1.57,5.07,7.97,25.0,3.57,11.52,18.1,7.0,1.0,3.23,5.07,43.0,6.14,19.82,31.14,29.0,4.14,13.36,21.0,10.0,1.43,4.61,7.24,39.0,5.57,17.97,28.24,17.0,2.43,7.83,12.31,31.0,4.43,14.29,22.45,23.0,3.29,10.6,16.66,13.0,1.86,5.99,9.41,13.0,1.86,5.99,9.41,5.0,0.71,2.3,3.62,28.0,4.0,12.9,20.28,18.0,2.57,8.29,13.04,33.18,53.0,-19.82,104.76,-43.0,-6.14,-19.82,49.71,7.1,0.36,0.46,0.32,0.28,0.67,0.23,0.72,0.24,0.7,0.51,5.99,2.3,0.13,8.29,0.73
2,高雄全家海神,116|12668,呂威霆/歐提斯,5,128,168.0,2039.65,33.99,34:00,407.93,6.8,06:48,63.0,12.6,37.5,66.72,67.0,13.4,39.88,70.95,57.0,11.4,33.93,60.36,22.0,4.4,13.1,23.3,32.0,6.4,19.05,33.89,17.0,3.4,10.12,18.0,25.0,5.0,14.88,26.48,5.0,1.0,2.98,5.3,17.0,3.4,10.12,18.0,14.0,2.8,8.33,14.83,16.0,3.2,9.52,16.94,18.0,3.6,10.71,19.06,12.0,2.4,7.14,12.71,28.0,5.6,16.67,29.65,18.0,3.6,10.71,19.06,9.0,1.8,5.36,9.53,12.0,2.4,7.14,12.71,2.0,0.4,1.19,2.12,15.0,3.0,8.93,15.89,22.0,4.4,13.1,23.3,37.5,39.88,-2.38,118.61,-4.0,-0.8,-2.38,33.99,6.8,0.43,0.49,0.53,0.2,0.82,0.22,0.41,0.36,0.6,0.46,7.14,1.19,0.09,13.1,0.3
2,高雄全家海神,110|10891,胡瓏貿/廖偉皓,11,367,416.0,5743.61,95.73,95:44,522.15,8.7,08:42,206.0,18.73,49.52,77.47,221.0,20.09,53.12,83.11,147.0,13.36,35.34,55.28,69.0,6.27,16.59,25.95,78.0,7.09,18.75,29.33,40.0,3.64,9.62,15.04,69.0,6.27,16.59,25.95,29.0,2.64,6.97,10.91,52.0,4.73,12.5,19.56,41.0,3.73,9.86,15.42,19.0,1.73,4.57,7.15,61.0,5.55,14.66,22.94,15.0,1.36,3.61,5.64,67.0,6.09,16.11,25.2,32.0,2.91,7.69,12.03,41.0,3.73,9.86,15.42,19.0,1.73,4.57,7.15,4.0,0.36,0.96,1.5,42.0,3.82,10.1,15.79,55.0,5.0,13.22,20.68,49.52,53.12,-3.61,104.3,-15.0,-1.36,-3.61,95.73,8.7,0.57,0.61,0.51,0.42,0.79,0.16,0.59,0.22,0.8,0.49,4.57,0.96,0.1,13.22,0.35
2,高雄全家海神,122|10891,陳懷安/廖偉皓,6,128,147.0,1929.71,32.16,32:10,321.62,5.36,05:22,60.0,10.0,40.82,67.16,72.0,12.0,48.98,80.59,52.0,8.67,35.37,58.21,21.0,3.5,14.29,23.51,24.0,4.0,16.33,26.86,11.0,1.83,7.48,12.31,28.0,4.67,19.05,31.34,10.0,1.67,6.8,11.19,13.0,2.17,8.84,14.55,8.0,1.33,5.44,8.95,8.0,1.33,5.44,8.95,23.0,3.83,15.65,25.74,6.0,1.0,4.08,6.72,18.0,3.0,12.24,20.15,13.0,2.17,8.84,14.55,11.0,1.83,7.48,12.31,8.0,1.33,5.44,8.95,0.0,0.0,0.0,0.0,11.0,1.83,7.48,12.31,19.0,3.17,12.93,21.27,40.82,48.98,-8.16,109.7,-12.0,-2.0,-8.16,32.16,5.36,0.5,0.52,0.46,0.36,0.62,0.18,0.52,0.31,0.79,0.56,5.44,0.0,0.07,12.93,0.25
2,福爾摩沙夢想家,101|10890,周柏臣/湯普金斯,2,48,58.0,725.52,12.09,12:06,362.76,6.05,06:03,23.0,11.5,39.66,68.48,14.0,7.0,24.14,41.68,20.0,10.0,34.48,59.54,9.0,4.5,15.52,26.79,15.0,7.5,25.86,44.66,9.0,4.5,15.52,26.79,5.0,2.5,8.62,14.89,0.0,0.0,0.0,0.0,7.0,3.5,12.07,20.84,5.0,2.5,8.62,14.89,4.0,2.0,6.9,11.91,8.0,4.0,13.79,23.82,4.0,2.0,6.9,11.91,9.0,4.5,15.52,26.79,6.0,3.0,10.34,17.86,1.0,0.5,1.72,2.98,3.0,1.5,5.17,8.93,1.0,0.5,1.72,2.98,6.0,3.0,10.34,17.86,4.0,2.0,6.9,11.91,39.66,24.14,15.52,115.12,9.0,4.5,15.52,12.09,6.05,0.45,0.5,0.6,0.0,0.71,0.21,0.11,0.31,0.67,0.48,5.17,1.72,0.1,6.9,0.35
2,新北國王,23|867,王柏智/桑尼,1,13,18.0,177.0,2.95,02:57,177.0,2.95,02:57,2.0,2.0,11.11,24.41,2.0,2.0,11.11,24.41,5.0,5.0,27.78,61.02,1.0,1.0,5.56,12.2,1.0,1.0,5.56,12.2,1.0,1.0,5.56,12.2,4.0,4.0,22.22,48.81,0.0,0.0,0.0,0.0,0.0,0.0,0.0,0.0,0.0,0.0,0.0,0.0,1.0,1.0,5.56,12.2,3.0,3.0,16.67,36.61,3.0,3.0,16.67,36.61,1.0,1.0,5.56,12.2,2.0,2.0,11.11,24.41,1.0,1.0,5.56,12.2,2.0,2.0,11.11,24.41,1.0,1.0,5.56,12.2,0.0,0.0,0.0,0.0,0.0,0.0,0.0,0.0,11.11,11.11,0.0,146.44,0.0,0.0,0.0,2.95,2.95,0.2,0.2,1.0,0.0,,0.29,1.0,0.5,0.5,0.5,11.11,5.56,0.0,0.0,0.0
2,新竹御嵿攻城獅,88|5948,盧冠軒/克雷格,4,190,222.0,3660.69,61.01,61:01,915.17,15.25,15:15,82.0,20.5,36.94,48.38,116.0,29.0,52.25,68.45,75.0,18.75,33.78,44.25,28.0,7.0,12.61,16.52,42.0,10.5,18.92,24.78,21.0,5.25,9.46,12.39,33.0,8.25,14.86,19.47,7.0,1.75,3.15,4.13,25.0,6.25,11.26,14.75,19.0,4.75,8.56,11.21,11.0,2.75,4.95,6.49,38.0,9.5,17.12,22.42,13.0,3.25,5.86,7.67,25.0,6.25,11.26,14.75,20.0,5.0,9.01,11.8,14.0,3.5,6.31,8.26,15.0,3.75,6.76,8.85,1.0,0.25,0.45,0.59,22.0,5.5,9.91,12.98,24.0,6.0,10.81,14.16,36.94,52.25,-15.32,87.33,-34.0,-8.5,-15.32,61.01,15.25,0.42,0.48,0.5,0.21,0.76,0.19,0.5,0.31,0.75,0.56,6.76,0.45,0.1,10.81,0.33
2,新竹御嵿攻城獅,76|80,曾柏喻/田浩,2,4,4.0,111.0,1.85,01:51,55.5,0.92,00:56,3.0,1.5,75.0,58.38,3.0,1.5,75.0,58.38,2.0,1.0,50.0,38.92,1.0,0.5,25.0,19.46,0.0,0.0,0.0,0.0,0.0,0.0,0.0,0.0,2.0,1.0,50.0,38.92,1.0,0.5,25.0,19.46,0.0,0.0,0.0,0.0,0.0,0.0,0.0,0.0,0.0,0.0,0.0,0.0,1.0,0.5,25.0,19.46,0.0,0.0,0.0,0.0,1.0,0.5,25.0,19.46,0.0,0.0,0.0,0.0,1.0,0.5,25.0,19.46,0.0,0.0,0.0,0.0,0.0,0.0,0.0,0.0,0.0,0.0,0.0,0.0,0.0,0.0,0.0,0.0,75.0,75.0,0.0,51.89,0.0,0.0,0.0,1.85,0.92,0.75,0.75,,0.5,,0.0,1.0,0.0,1.0,0.5,0.0,0.0,0.0,0.0,0.0
2,新竹御嵿攻城獅,76|10886,曾柏喻/梁瀚,1,2,2.0,59.0,0.98,00:59,59.0,0.98,00:59,3.0,3.0,150.0,109.83,3.0,3.0,150.0,109.83,1.0,1.0,50.0,36.61,1.0,1.0,50.0,36.61,0.0,0.0,0.0,0.0,0.0,0.0,0.0,0.0,1.0,1.0,50.0,36.61,1.0,1.0,50.0,36.61,0.0,0.0,0.0,0.0,0.0,0.0,0.0,0.0,0.0,0.0,0.0,0.0,0.0,0.0,0.0,0.0,0.0,0.0,0.0,0.0,1.0,1.0,50.0,36.61,0.0,0.0,0.0,0.0,1.0,1.0,50.0,36.61,0.0,0.0,0.0,0.0,0.0,0.0,0.0,0.0,0.0,0.0,0.0,0.0,0.0,0.0,0.0,0.0,150.0,150.0,0.0,48.81,0.0,0.0,0.0,0.98,0.98,1.5,1.5,,1.0,,0.0,1.0,0.0,,0.0,0.0,0.0,0.0,0.0,0.0
2,新竹御嵿攻城獅,80|87,田浩/蔡宸綱,9,148,176.0,2357.33,39.29,39:17,261.93,4.37,04:22,67.0,7.44,38.07,61.39,96.0,10.67,54.55,87.96,69.0,7.67,39.2,63.22,24.0,2.67,13.64,21.99,36.0,4.0,20.45,32.99,15.0,1.67,8.52,13.74,33.0,3.67,18.75,30.24,9.0,1.0,5.11,8.25,16.0,1.78,9.09,14.66,10.0,1.11,5.68,9.16,15.0,1.67,8.52,13.74,33.0,3.67,18.75,30.24,8.0,0.89,4.55,7.33,23.0,2.56,13.07,21.07,11.0,1.22,6.25,10.08,14.0,1.56,7.95,12.83,6.0,0.67,3.41,5.5,2.0,0.22,1.14,1.83,18.0,2.0,10.23,16.49,13.0,1.44,7.39,11.91,38.07,54.55,-16.48,107.51,-29.0,-3.22,-16.48,39.29,4.37,0.41,0.44,0.42,0.27,0.62,0.13,0.58,0.39,0.8,0.61,3.41,1.14,0.1,7.39,0.23
2,新竹御嵿攻城獅,80|10887,田浩/德魯,10,185,217.0,2875.75,47.93,47:56,287.58,4.79,04:48,90.0,9.0,41.47,67.6,87.0,8.7,40.09,65.35,86.0,8.6,39.63,64.6,31.0,3.1,14.29,23.28,44.0,4.4,20.28,33.05,20.0,2.0,9.22,15.02,42.0,4.2,19.35,31.55,11.0,1.1,5.07,8.26,24.0,2.4,11.06,18.03,17.0,1.7,7.83,12.77,19.0,1.9,8.76,14.27,40.0,4.0,18.43,30.04,9.0,0.9,4.15,6.76,34.0,3.4,15.67,25.54,15.0,1.5,6.91,11.27,23.0,2.3,10.6,17.28,7.0,0.7,3.23,5.26,4.0,0.4,1.84,3.0,21.0,2.1,9.68,15.77,16.0,1.6,7.37,12.02,41.47,40.09,1.38,108.66,3.0,0.3,1.38,47.93,4.79,0.42,0.47,0.45,0.26,0.71,0.13,0.74,0.36,0.82,0.58,3.23,1.84,0.1,7.37,0.28
2,新竹御嵿攻城獅,87|10886,蔡宸綱/梁瀚,1,2,2.0,59.0,0.98,00:59,59.0,0.98,00:59,3.0,3.0,150.0,109.83,3.0,3.0,150.0,109.83,1.0,1.0,50.0,36.61,1.0,1.0,50.0,36.61,0.0,0.0,0.0,0.0,0.0,0.0,0.0,0.0,1.0,1.0,50.0,36.61,1.0,1.0,50.0,36.61,0.0,0.0,0.0,0.0,0.0,0.0,0.0,0.0,0.0,0.0,0.0,0.0,0.0,0.0,0.0,0.0,0.0,0.0,0.0,0.0,1.0,1.0,50.0,36.61,0.0,0.0,0.0,0.0,1.0,1.0,50.0,36.61,0.0,0.0,0.0,0.0,0.0,0.0,0.0,0.0,0.0,0.0,0.0,0.0,0.0,0.0,0.0,0.0,150.0,150.0,0.0,48.81,0.0,0.0,0.0,0.98,0.98,1.5,1.5,,1.0,,0.0,1.0,0.0,,0.0,0.0,0.0,0.0,0.0,0.0
2,新北國王,25|32,林金榜/奧帝,8,135,164.0,2309.73,38.5,38:30,288.72,4.81,04:49,62.0,7.75,37.8,57.98,60.0,7.5,36.59,56.11,52.0,6.5,31.71,48.63,21.0,2.62,12.8,19.64,22.0,2.75,13.41,20.57,11.0,1.38,6.71,10.29,30.0,3.75,18.29,28.06,10.0,1.25,6.1,9.35,14.0,1.75,8.54,13.09,11.0,1.38,6.71,10.29,6.0,0.75,3.66,5.61,26.0,3.25,15.85,24.31,18.0,2.25,10.98,16.83,33.0,4.12,20.12,30.86,13.0,1.62,7.93,12.16,12.0,1.5,7.32,11.22,10.0,1.25,6.1,9.35,2.0,0.25,1.22,1.87,7.0,0.88,4.27,6.55,18.0,2.25,10.98,16.83,37.8,36.59,1.22,102.25,2.0,0.25,1.22,38.5,4.81,0.5,0.53,0.5,0.33,0.79,0.18,0.57,0.15,0.59,0.39,6.1,1.22,0.04,10.98,0.27
2,新北國王,29|32,林書緯/奧帝,13,854,993.0,13686.41,228.11,228:06,1052.8,17.55,17:33,436.0,33.54,43.91,68.81,432.0,33.23,43.5,68.18,374.0,28.77,37.66,59.02,163.0,12.54,16.41,25.72,186.0,14.31,18.73,29.35,93.0,7.15,9.37,14.68,188.0,14.46,18.93,29.67,70.0,5.38,7.05,11.05,55.0,4.23,5.54,8.68,42.0,3.23,4.23,6.63,54.0,4.15,5.44,8.52,162.0,12.46,16.31,25.57,65.0,5.0,6.55,10.26,166.0,12.77,16.72,26.2,80.0,6.15,8.06,12.63,104.0,8.0,10.47,16.41,48.0,3.69,4.83,7.58,7.0,0.54,0.7,1.1,74.0,5.69,7.45,11.68,148.0,11.38,14.9,23.36,43.91,43.5,0.4,104.48,4.0,0.31,0.4,228.11,17.55,0.53,0.55,0.5,0.37,0.76,0.17,0.64,0.25,0.71,0.48,4.83,0.7,0.07,14.9,0.15
2,臺北台新戰神,10867|10868,威力斯/齊曼加,4,171,206.0,2803.44,46.72,46:43,700.86,11.68,11:41,90.0,22.5,43.69,69.34,90.0,22.5,43.69,69.34,75.0,18.75,36.41,57.79,33.0,8.25,16.02,25.43,50.0,12.5,24.27,38.52,24.0,6.0,11.65,18.49,25.0,6.25,12.14,19.26,9.0,2.25,4.37,6.93,21.0,5.25,10.19,16.18,15.0,3.75,7.28,11.56,18.0,4.5,8.74,13.87,26.0,6.5,12.62,20.03,13.0,3.25,6.31,10.02,29.0,7.25,14.08,22.34,20.0,5.0,9.71,15.41,18.0,4.5,8.74,13.87,13.0,3.25,6.31,10.02,2.0,0.5,0.97,1.54,20.0,5.0,9.71,15.41,10.0,2.5,4.85,7.7,43.69,43.69,0.0,105.81,0.0,0.0,0.0,46.72,11.68,0.5,0.53,0.48,0.36,0.71,0.19,0.55,0.38,0.67,0.51,6.31,0.97,0.1,4.85,0.28
2,新北國王,32|10876,奧帝/尚迪,1,49,57.0,1090.83,18.18,18:11,1090.83,18.18,18:11,23.0,23.0,40.35,45.54,27.0,27.0,47.37,53.46,23.0,23.0,40.35,45.54,9.0,9.0,15.79,17.82,13.0,13.0,22.81,25.74,5.0,5.0,8.77,9.9,10.0,10.0,17.54,19.8,4.0,4.0,7.02,7.92,0.0,0.0,0.0,0.0,0.0,0.0,0.0,0.0,3.0,3.0,5.26,5.94,11.0,11.0,19.3,21.78,5.0,5.0,8.77,9.9,9.0,9.0,15.79,17.82,3.0,3.0,5.26,5.94,5.0,5.0,8.77,9.9,2.0,2.0,3.51,3.96,2.0,2.0,3.51,3.96,4.0,4.0,7.02,7.92,10.0,10.0,17.54,19.8,40.35,47.37,-7.02,75.25,-4.0,-4.0,-7.02,18.18,18.18,0.48,0.5,0.38,0.4,,0.12,0.56,0.25,0.69,0.5,3.51,3.51,0.07,17.54,0.0
2,臺北台新戰神,2|10868,江均/齊曼加,2,35,40.0,533.23,8.89,08:53,266.62,4.44,04:27,17.0,8.5,42.5,68.86,26.0,13.0,65.0,105.32,13.0,6.5,32.5,52.66,6.0,3.0,15.0,24.3,8.0,4.0,20.0,32.41,4.0,2.0,10.0,16.2,5.0,2.5,12.5,20.25,2.0,1.0,5.0,8.1,4.0,2.0,10.0,16.2,2.0,1.0,5.0,8.1,3.0,1.5,7.5,12.15,4.0,2.0,10.0,16.2,2.0,1.0,5.0,8.1,6.0,3.0,15.0,24.3,5.0,2.5,12.5,20.25,3.0,1.5,7.5,12.15,5.0,2.5,12.5,20.25,1.0,0.5,2.5,4.05,3.0,1.5,7.5,12.15,8.0,4.0,20.0,32.41,42.5,65.0,-22.5,108.02,-9.0,-4.5,-22.5,8.89,4.44,0.54,0.58,0.5,0.4,0.5,0.25,0.5,0.33,0.67,0.47,12.5,2.5,0.08,20.0,0.31
2,新北國王,23|32,王柏智/奧帝,8,93,115.0,1380.69,23.01,23:01,172.59,2.88,02:53,39.0,4.88,33.91,61.01,52.0,6.5,45.22,81.35,42.0,5.25,36.52,65.71,15.0,1.88,13.04,23.47,26.0,3.25,22.61,40.68,12.0,1.5,10.43,18.77,16.0,2.0,13.91,25.03,3.0,0.38,2.61,4.69,13.0,1.62,11.3,20.34,8.0,1.0,6.96,12.52,10.0,1.25,8.7,15.64,19.0,2.38,16.52,29.72,10.0,1.25,8.7,15.64,14.0,1.75,12.17,21.9,7.0,0.88,6.09,10.95,12.0,1.5,10.43,18.77,5.0,0.62,4.35,7.82,2.0,0.25,1.74,3.13,10.0,1.25,8.7,15.64,21.0,2.62,18.26,32.85,33.91,45.22,-11.3,119.94,-13.0,-1.62,-11.3,23.01,2.88,0.39,0.41,0.46,0.19,0.62,0.13,0.8,0.42,0.66,0.55,4.35,1.74,0.09,18.26,0.31
2,臺北台新戰神,2|5,江均/黃聰翰,5,49,55.0,776.83,12.95,12:57,155.37,2.59,02:35,26.0,5.2,47.27,72.29,24.0,4.8,43.64,66.73,16.0,3.2,29.09,44.49,9.0,1.8,16.36,25.02,7.0,1.4,12.73,19.46,5.0,1.0,9.09,13.9,9.0,1.8,16.36,25.02,4.0,0.8,7.27,11.12,8.0,1.6,14.55,22.24,4.0,0.8,7.27,11.12,3.0,0.6,5.45,8.34,6.0,1.2,10.91,16.68,2.0,0.4,3.64,5.56,10.0,2.0,18.18,27.81,6.0,1.2,10.91,16.68,6.0,1.2,10.91,16.68,4.0,0.8,7.27,11.12,0.0,0.0,0.0,0.0,7.0,1.4,12.73,19.46,6.0,1.2,10.91,16.68,47.27,43.64,3.64,101.95,2.0,0.4,3.64,12.95,2.59,0.69,0.67,0.71,0.44,0.5,0.24,0.67,0.23,0.75,0.43,7.27,0.0,0.13,10.91,0.5
2,臺北台新戰神,5|10864,黃聰翰/劉彥廷,10,217,265.0,3611.8,60.2,60:12,361.18,6.02,06:01,115.0,11.5,43.4,68.77,126.0,12.6,47.55,75.35,92.0,9.2,34.72,55.02,36.0,3.6,13.58,21.53,38.0,3.8,14.34,22.73,14.0,1.4,5.28,8.37,54.0,5.4,20.38,32.29,22.0,2.2,8.3,13.16,31.0,3.1,11.7,18.54,23.0,2.3,8.68,13.75,15.0,1.5,5.66,8.97,44.0,4.4,16.6,26.31,20.0,2.0,7.55,11.96,39.0,3.9,14.72,23.32,22.0,2.2,8.3,13.16,21.0,2.1,7.92,12.56,12.0,1.2,4.53,7.18,5.0,0.5,1.89,2.99,30.0,3.0,11.32,17.94,30.0,3.0,11.32,17.94,43.4,47.55,-4.15,105.65,-11.0,-1.1,-4.15,60.2,6.02,0.51,0.54,0.37,0.41,0.74,0.17,0.58,0.28,0.69,0.5,4.53,1.89,0.11,11.32,0.34
2,臺北台新戰神,10864|10867,劉彥廷/威力斯,7,115,143.0,1784.23,29.74,29:44,254.89,4.25,04:15,69.0,9.86,48.25,83.53,65.0,9.29,45.45,78.69,63.0,9.0,44.06,76.27,25.0,3.57,17.48,30.27,41.0,5.86,28.67,49.63,15.0,2.14,10.49,18.16,22.0,3.14,15.38,26.63,10.0,1.43,6.99,12.11,13.0,1.86,9.09,15.74,9.0,1.29,6.29,10.9,20.0,2.86,13.99,24.21,20.0,2.86,13.99,24.21,7.0,1.0,4.9,8.47,24.0,3.43,16.78,29.05,7.0,1.0,4.9,8.47,21.0,3.0,14.69,25.42,6.0,0.86,4.2,7.26,4.0,0.57,2.8,4.84,14.0,2.0,9.79,16.95,15.0,2.14,10.49,18.16,48.25,45.45,2.8,115.41,4.0,0.57,2.8,29.74,4.25,0.48,0.5,0.37,0.45,0.69,0.09,0.84,0.45,0.74,0.56,4.2,2.8,0.1,10.49,0.21
2,臺北台新戰神,7|10863,孫思堯/魏芃禾,2,16,22.0,229.78,3.83,03:50,114.89,1.91,01:55,2.0,1.0,9.09,18.8,13.0,6.5,59.09,122.21,7.0,3.5,31.82,65.8,0.0,0.0,0.0,0.0,3.0,1.5,13.64,28.2,0.0,0.0,0.0,0.0,4.0,2.0,18.18,37.6,0.0,0.0,0.0,0.0,4.0,2.0,18.18,37.6,2.0,1.0,9.09,18.8,3.0,1.5,13.64,28.2,4.0,2.0,18.18,37.6,2.0,1.0,9.09,18.8,1.0,0.5,4.55,9.4,2.0,1.0,9.09,18.8,0.0,0.0,0.0,0.0,1.0,0.5,4.55,9.4,0.0,0.0,0.0,0.0,2.0,1.0,9.09,18.8,2.0,1.0,9.09,18.8,9.09,59.09,-50.0,137.87,-11.0,-5.5,-50.0,3.83,1.91,0.0,0.11,0.0,0.0,0.5,0.19,,0.75,0.67,0.7,4.55,0.0,0.09,9.09,0.57
2,臺北台新戰神,7|10864,孫思堯/劉彥廷,1,2,4.0,45.7,0.76,00:46,45.7,0.76,00:46,0.0,0.0,0.0,0.0,3.0,3.0,75.0,141.79,1.0,1.0,25.0,47.26,0.0,0.0,0.0,0.0,0.0,0.0,0.0,0.0,0.0,0.0,0.0,0.0,1.0,1.0,25.0,47.26,0.0,0.0,0.0,0.0,2.0,2.0,50.0,94.53,0.0,0.0,0.0,0.0,1.0,1.0,25.0,47.26,1.0,1.0,25.0,47.26,1.0,1.0,25.0,47.26,0.0,0.0,0.0,0.0,0.0,0.0,0.0,0.0,0.0,0.0,0.0,0.0,0.0,0.0,0.0,0.0,0.0,0.0,0.0,0.0,1.0,1.0,25.0,47.26,0.0,0.0,0.0,0.0,0.0,75.0,-75.0,126.04,-3.0,-3.0,-75.0,0.76,0.76,0.0,0.0,,0.0,0.0,0.0,,1.0,0.5,0.67,0.0,0.0,0.25,0.0,2.0
2,新竹御嵿攻城獅,5948|10888,克雷格/帕塞獅,1,23,30.0,411.23,6.85,06:51,411.23,6.85,06:51,11.0,11.0,36.67,57.78,14.0,14.0,46.67,73.53,12.0,12.0,40.0,63.03,4.0,4.0,13.33,21.01,6.0,6.0,20.0,31.51,2.0,2.0,6.67,10.5,6.0,6.0,20.0,31.51,2.0,2.0,6.67,10.5,2.0,2.0,6.67,10.5,1.0,1.0,3.33,5.25,3.0,3.0,10.0,15.76,6.0,6.0,20.0,31.51,3.0,3.0,10.0,15.76,6.0,6.0,20.0,31.51,1.0,1.0,3.33,5.25,2.0,2.0,6.67,10.5,0.0,0.0,0.0,0.0,0.0,0.0,0.0,0.0,2.0,2.0,6.67,10.5,1.0,1.0,3.33,5.25,36.67,46.67,-10.0,105.05,-3.0,-3.0,-10.0,6.85,6.85,0.42,0.43,0.33,0.33,0.5,0.07,0.5,0.33,0.67,0.5,0.0,0.0,0.07,3.33,0.17
2,高雄全家海神,45|12908,施晉堯/布里茲克,9,692,816.0,11246.62,187.44,187:27,1249.62,20.83,20:50,366.0,40.67,44.85,70.29,346.0,38.44,42.4,66.45,318.0,35.33,38.97,61.07,136.0,15.11,16.67,26.12,191.0,21.22,23.41,36.68,95.0,10.56,11.64,18.25,127.0,14.11,15.56,24.39,41.0,4.56,5.02,7.87,72.0,8.0,8.82,13.83,51.0,5.67,6.25,9.79,53.0,5.89,6.5,10.18,130.0,14.44,15.93,24.97,41.0,4.56,5.02,7.87,111.0,12.33,13.6,21.32,56.0,6.22,6.86,10.76,84.0,9.33,10.29,16.13,27.0,3.0,3.31,5.19,17.0,1.89,2.08,3.26,68.0,7.56,8.33,13.06,92.0,10.22,11.27,17.67,44.85,42.4,2.45,104.48,20.0,2.22,2.45,187.44,20.83,0.49,0.52,0.5,0.32,0.71,0.14,0.62,0.32,0.76,0.55,3.31,2.08,0.08,11.27,0.23
2,高雄全家海神,118|12908,蘇文儒/布里茲克,6,684,813.0,11414.82,190.25,190:15,1902.47,31.71,31:42,352.0,58.67,43.3,66.61,344.0,57.33,42.31,65.09,306.0,51.0,37.64,57.9,135.0,22.5,16.61,25.55,183.0,30.5,22.51,34.63,96.0,16.0,11.81,18.17,123.0,20.5,15.13,23.28,39.0,6.5,4.8,7.38,55.0,9.17,6.77,10.41,41.0,6.83,5.04,7.76,48.0,8.0,5.9,9.08,128.0,21.33,15.74,24.22,41.0,6.83,5.04,7.76,123.0,20.5,15.13,23.28,67.0,11.17,8.24,12.68,80.0,13.33,9.84,15.14,35.0,5.83,4.31,6.62,19.0,3.17,2.34,3.6,59.0,9.83,7.26,11.16,77.0,12.83,9.47,14.57,43.3,42.31,0.98,102.56,8.0,1.33,0.98,190.25,31.71,0.5,0.53,0.52,0.32,0.75,0.17,0.59,0.28,0.76,0.52,4.31,2.34,0.07,9.47,0.18
2,高雄全家海神,119|12908,余純安/布里茲克,5,108,130.0,1655.94,27.6,27:36,331.19,5.52,05:31,58.0,11.6,44.62,75.65,48.0,9.6,36.92,62.61,51.0,10.2,39.23,66.52,22.0,4.4,16.92,28.7,29.0,5.8,22.31,37.83,13.0,2.6,10.0,16.96,22.0,4.4,16.92,28.7,9.0,1.8,6.92,11.74,10.0,2.0,7.69,13.04,5.0,1.0,3.85,6.52,7.0,1.4,5.38,9.13,22.0,4.4,16.92,28.7,11.0,2.2,8.46,14.35,18.0,3.6,13.85,23.48,8.0,1.6,6.15,10.44,15.0,3.0,11.54,19.57,4.0,0.8,3.08,5.22,2.0,0.4,1.54,2.61,16.0,3.2,12.31,20.87,10.0,2.0,7.69,13.04,44.62,36.92,7.69,113.05,10.0,2.0,7.69,27.6,5.52,0.52,0.52,0.45,0.41,0.5,0.13,0.68,0.28,0.67,0.5,3.08,1.54,0.12,7.69,0.2
2,高雄全家海神,10893|12908,崔維斯/布里茲克,1,76,91.0,1926.12,32.1,32:06,1926.12,32.1,32:06,29.0,29.0,31.87,32.52,39.0,39.0,42.86,43.74,38.0,38.0,41.76,42.61,13.0,13.0,14.29,14.58,27.0,27.0,29.67,30.28,10.0,10.0,10.99,11.21,11.0,11.0,12.09,12.34,3.0,3.0,3.3,3.36,1.0,1.0,1.1,1.12,0.0,0.0,0.0,0.0,7.0,7.0,7.69,7.85,16.0,16.0,17.58,17.94,1.0,1.0,1.1,1.12,13.0,13.0,14.29,14.58,9.0,9.0,9.89,10.09,8.0,8.0,8.79,8.97,4.0,4.0,4.4,4.49,3.0,3.0,3.3,3.36,7.0,7.0,7.69,7.85,13.0,13.0,14.29,14.58,31.87,42.86,-10.99,68.03,-10.0,-10.0,-10.99,32.1,32.1,0.38,0.38,0.37,0.27,0.0,0.19,0.62,0.35,0.94,0.62,4.4,3.3,0.08,14.29,0.03
2,高雄全家海神,122|12908,陳懷安/布里茲克,7,214,261.0,4153.59,69.23,69:14,593.37,9.89,09:53,100.0,14.29,38.31,52.0,106.0,15.14,40.61,55.12,92.0,13.14,35.25,47.84,38.0,5.43,14.56,19.76,54.0,7.71,20.69,28.08,27.0,3.86,10.34,14.04,38.0,5.43,14.56,19.76,11.0,1.57,4.21,5.72,18.0,2.57,6.9,9.36,13.0,1.86,4.98,6.76,14.0,2.0,5.36,7.28,39.0,5.57,14.94,20.28,15.0,2.14,5.75,7.8,33.0,4.71,12.64,17.16,27.0,3.86,10.34,14.04,20.0,2.86,7.66,10.4,13.0,1.86,4.98,6.76,4.0,0.57,1.53,2.08,20.0,2.86,7.66,10.4,47.0,6.71,18.01,24.44,38.31,40.61,-2.3,90.49,-6.0,-0.86,-2.3,69.23,9.89,0.47,0.5,0.5,0.29,0.72,0.21,0.53,0.3,0.72,0.52,4.98,1.53,0.08,18.01,0.2
2,高雄全家海神,123|12908,勤明慶/布里茲克,7,221,270.0,4290.62,71.51,71:31,612.95,10.22,10:13,120.0,17.14,44.44,60.41,120.0,17.14,44.44,60.41,96.0,13.71,35.56,48.33,43.0,6.14,15.93,21.65,56.0,8.0,20.74,28.19,28.0,4.0,10.37,14.1,40.0,5.71,14.81,20.14,15.0,2.14,5.56,7.55,23.0,3.29,8.52,11.58,17.0,2.43,6.3,8.56,13.0,1.86,4.81,6.54,40.0,5.71,14.81,20.14,18.0,2.57,6.67,9.06,31.0,4.43,11.48,15.61,24.0,3.43,8.89,12.08,26.0,3.71,9.63,13.09,13.0,1.86,4.81,6.54,3.0,0.43,1.11,1.51,21.0,3.0,7.78,10.57,41.0,5.86,15.19,20.64,44.44,44.44,0.0,90.62,0.0,0.0,0.0,71.51,10.22,0.53,0.57,0.5,0.38,0.74,0.18,0.6,0.3,0.69,0.52,4.81,1.11,0.08,15.19,0.24
2,高雄全家海神,12668|12908,歐提斯/布里茲克,6,254,319.0,4166.05,69.43,69:26,694.34,11.57,11:34,129.0,21.5,40.44,66.88,131.0,21.83,41.07,67.92,119.0,19.83,37.3,61.7,48.0,8.0,15.05,24.89,66.0,11.0,20.69,34.22,31.0,5.17,9.72,16.07,53.0,8.83,16.61,27.48,17.0,2.83,5.33,8.81,21.0,3.5,6.58,10.89,14.0,2.33,4.39,7.26,19.0,3.17,5.96,9.85,57.0,9.5,17.87,29.55,31.0,5.17,9.72,16.07,38.0,6.33,11.91,19.7,23.0,3.83,7.21,11.92,30.0,5.0,9.4,15.55,11.0,1.83,3.45,5.7,3.0,0.5,0.94,1.56,23.0,3.83,7.21,11.92,41.0,6.83,12.85,21.26,40.44,41.07,-0.63,110.26,-2.0,-0.33,-0.63,69.43,11.57,0.47,0.5,0.47,0.32,0.67,0.15,0.62,0.33,0.65,0.52,3.45,0.94,0.07,12.85,0.18
2,高雄全家海神,121|12908,吳曉謹/布里茲克,10,444,535.0,7896.68,131.61,131:37,789.67,13.16,13:10,219.0,21.9,40.93,59.9,251.0,25.1,46.92,68.66,209.0,20.9,39.07,57.17,84.0,8.4,15.7,22.98,118.0,11.8,22.06,32.28,63.0,6.3,11.78,17.23,91.0,9.1,17.01,24.89,21.0,2.1,3.93,5.74,38.0,3.8,7.1,10.39,28.0,2.8,5.23,7.66,37.0,3.7,6.92,10.12,88.0,8.8,16.45,24.07,29.0,2.9,5.42,7.93,71.0,7.1,13.27,19.42,40.0,4.0,7.48,10.94,42.0,4.2,7.85,11.49,18.0,1.8,3.36,4.92,9.0,0.9,1.68,2.46,49.0,4.9,9.16,13.4,57.0,5.7,10.65,15.59,40.93,46.92,-5.98,97.56,-32.0,-3.2,-5.98,131.61,13.16,0.45,0.49,0.53,0.23,0.74,0.15,0.5,0.34,0.75,0.56,3.36,1.68,0.09,10.65,0.18
2,高雄全家海神,45|10891,施晉堯/廖偉皓,9,317,356.0,5356.06,89.27,89:16,595.12,9.92,09:55,181.0,20.11,50.84,72.99,201.0,22.33,56.46,81.06,134.0,14.89,37.64,54.04,62.0,6.89,17.42,25.0,68.0,7.56,19.1,27.42,36.0,4.0,10.11,14.52,66.0,7.33,18.54,26.62,26.0,2.89,7.3,10.49,35.0,3.89,9.83,14.11,31.0,3.44,8.71,12.5,15.0,1.67,4.21,6.05,60.0,6.67,16.85,24.2,12.0,1.33,3.37,4.84,56.0,6.22,15.73,22.58,23.0,2.56,6.46,9.28,44.0,4.89,12.36,17.74,13.0,1.44,3.65,5.24,5.0,0.56,1.4,2.02,34.0,3.78,9.55,13.71,53.0,5.89,14.89,21.37,50.84,56.46,-5.62,95.71,-20.0,-2.22,-5.62,89.27,9.92,0.56,0.61,0.53,0.39,0.89,0.13,0.71,0.21,0.83,0.52,3.65,1.4,0.1,14.89,0.26
2,高雄全家海神,10891|12908,廖偉皓/布里茲克,2,64,72.0,974.23,16.24,16:14,487.12,8.12,08:07,40.0,20.0,55.56,88.69,40.0,20.0,55.56,88.69,27.0,13.5,37.5,59.86,12.0,6.0,16.67,26.61,17.0,8.5,23.61,37.69,7.0,3.5,9.72,15.52,10.0,5.0,13.89,22.17,5.0,2.5,6.94,11.09,13.0,6.5,18.06,28.82,11.0,5.5,15.28,24.39,2.0,1.0,2.78,4.43,16.0,8.0,22.22,35.47,2.0,1.0,2.78,4.43,10.0,5.0,13.89,22.17,2.0,1.0,2.78,4.43,9.0,4.5,12.5,19.95,0.0,0.0,0.0,0.0,1.0,0.5,1.39,2.22,10.0,5.0,13.89,22.17,14.0,7.0,19.44,31.04,55.56,55.56,0.0,106.42,0.0,0.0,0.0,16.24,8.12,0.54,0.61,0.41,0.5,0.85,0.06,0.75,0.17,0.89,0.6,0.0,1.39,0.14,19.44,0.48
2,新竹御嵿攻城獅,82|90,蕭順議/李啓瑋,2,33,41.0,524.41,8.74,08:44,262.2,4.37,04:22,15.0,7.5,36.59,61.78,15.0,7.5,36.59,61.78,14.0,7.0,34.15,57.67,5.0,2.5,12.2,20.59,10.0,5.0,24.39,41.19,4.0,2.0,9.76,16.48,4.0,2.0,9.76,16.48,1.0,0.5,2.44,4.12,6.0,3.0,14.63,24.71,4.0,2.0,9.76,16.48,2.0,1.0,4.88,8.24,8.0,4.0,19.51,32.95,4.0,2.0,9.76,16.48,8.0,4.0,19.51,32.95,1.0,0.5,2.44,4.12,3.0,1.5,7.32,12.36,1.0,0.5,2.44,4.12,0.0,0.0,0.0,0.0,4.0,2.0,9.76,16.48,1.0,0.5,2.44,4.12,36.59,36.59,0.0,112.58,0.0,0.0,0.0,8.74,4.37,0.39,0.45,0.4,0.25,0.67,0.06,0.6,0.2,0.67,0.45,2.44,0.0,0.1,2.44,0.43
2,高雄全家海神,10891|10893,廖偉皓/崔維斯,1,4,6.0,66.5,1.11,01:06,66.5,1.11,01:06,3.0,3.0,50.0,97.45,3.0,3.0,50.0,97.45,1.0,1.0,16.67,32.48,1.0,1.0,16.67,32.48,0.0,0.0,0.0,0.0,0.0,0.0,0.0,0.0,1.0,1.0,16.67,32.48,1.0,1.0,16.67,32.48,0.0,0.0,0.0,0.0,0.0,0.0,0.0,0.0,0.0,0.0,0.0,0.0,0.0,0.0,0.0,0.0,2.0,2.0,33.33,64.96,1.0,1.0,16.67,32.48,1.0,1.0,16.67,32.48,0.0,0.0,0.0,0.0,1.0,1.0,16.67,32.48,0.0,0.0,0.0,0.0,0.0,0.0,0.0,0.0,2.0,2.0,33.33,64.96,50.0,50.0,0.0,129.93,0.0,0.0,0.0,1.11,1.11,1.5,1.5,,1.0,,0.5,0.0,0.0,0.0,0.0,16.67,0.0,0.0,33.33,0.0
2,臺北台新戰神,1|10865,丁聖儒/謝銘駿,18,715,876.0,12699.25,211.65,211:39,705.51,11.76,11:46,412.0,22.89,47.03,70.08,377.0,20.94,43.04,64.12,317.0,17.61,36.19,53.92,137.0,7.61,15.64,23.3,178.0,9.89,20.32,30.28,94.0,5.22,10.73,15.99,139.0,7.72,15.87,23.64,43.0,2.39,4.91,7.31,125.0,6.94,14.27,21.26,93.0,5.17,10.62,15.82,53.0,2.94,6.05,9.01,142.0,7.89,16.21,24.15,70.0,3.89,7.99,11.91,127.0,7.06,14.5,21.6,50.0,2.78,5.71,8.5,84.0,4.67,9.59,14.29,24.0,1.33,2.74,4.08,13.0,0.72,1.48,2.21,87.0,4.83,9.93,14.8,115.0,6.39,13.13,19.56,47.03,43.04,4.0,99.33,35.0,1.94,4.0,211.65,11.76,0.5,0.55,0.53,0.31,0.74,0.12,0.61,0.29,0.67,0.5,2.74,1.48,0.1,13.13,0.39
2,桃園台啤永豐雲豹,57|10884,莊博元/徐宏瑋,5,30,42.0,445.56,7.43,07:26,89.11,1.49,01:29,9.0,1.8,21.43,43.63,15.0,3.0,35.71,72.72,10.0,2.0,23.81,48.48,2.0,0.4,4.76,9.7,4.0,0.8,9.52,19.39,0.0,0.0,0.0,0.0,6.0,1.2,14.29,29.09,2.0,0.4,4.76,9.7,4.0,0.8,9.52,19.39,3.0,0.6,7.14,14.54,2.0,0.4,4.76,9.7,6.0,1.2,14.29,29.09,5.0,1.0,11.9,24.24,5.0,1.0,11.9,24.24,7.0,1.4,16.67,33.93,2.0,0.4,4.76,9.7,3.0,0.6,7.14,14.54,0.0,0.0,0.0,0.0,1.0,0.2,2.38,4.85,12.0,2.4,28.57,58.17,21.43,35.71,-14.29,135.74,-6.0,-1.2,-14.29,7.43,1.49,0.3,0.38,0.0,0.33,0.75,0.37,1.0,0.29,0.55,0.44,7.14,0.0,0.02,28.57,0.4
2,桃園台啤永豐雲豹,62|10884,王皓吉/徐宏瑋,2,16,17.0,261.86,4.36,04:22,130.93,2.18,02:11,10.0,5.0,58.82,82.49,15.0,7.5,88.24,123.73,6.0,3.0,35.29,49.49,4.0,2.0,23.53,33.0,3.0,1.5,17.65,24.75,2.0,1.0,11.76,16.5,3.0,1.5,17.65,24.75,2.0,1.0,11.76,16.5,0.0,0.0,0.0,0.0,0.0,0.0,0.0,0.0,0.0,0.0,0.0,0.0,2.0,1.0,11.76,16.5,1.0,0.5,5.88,8.25,1.0,0.5,5.88,8.25,1.0,0.5,5.88,8.25,3.0,1.5,17.65,24.75,1.0,0.5,5.88,8.25,0.0,0.0,0.0,0.0,0.0,0.0,0.0,0.0,2.0,1.0,11.76,16.5,58.82,88.24,-29.41,93.49,-5.0,-2.5,-29.41,4.36,2.18,0.83,0.83,0.67,0.67,,0.14,0.75,0.0,0.67,0.5,5.88,0.0,0.0,11.76,0.0
2,桃園台啤永豐雲豹,68|3129,克羅馬/董永全,18,911,1096.0,14988.76,249.81,249:49,832.71,13.88,13:53,533.0,29.61,48.63,76.81,473.0,26.28,43.16,68.16,408.0,22.67,37.23,58.8,192.0,10.67,17.52,27.67,256.0,14.22,23.36,36.89,130.0,7.22,11.86,18.73,152.0,8.44,13.87,21.9,62.0,3.44,5.66,8.93,118.0,6.56,10.77,17.0,89.0,4.94,8.12,12.83,64.0,3.56,5.84,9.22,164.0,9.11,14.96,23.63,84.0,4.67,7.66,12.11,163.0,9.06,14.87,23.49,56.0,3.11,5.11,8.07,115.0,6.39,10.49,16.57,32.0,1.78,2.92,4.61,13.0,0.72,1.19,1.87,97.0,5.39,8.85,13.98,128.0,7.11,11.68,18.45,48.63,43.16,5.47,105.29,60.0,3.33,5.47,249.81,13.88,0.55,0.58,0.51,0.41,0.75,0.11,0.6,0.28,0.66,0.48,2.92,1.19,0.09,11.68,0.29
2,臺北台新戰神,5|11,黃聰翰/蘇奕晉,9,246,290.0,3951.17,65.85,65:51,439.02,7.32,07:19,133.0,14.78,45.86,72.71,128.0,14.22,44.14,69.97,101.0,11.22,34.83,55.21,41.0,4.56,14.14,22.41,45.0,5.0,15.52,24.6,19.0,2.11,6.55,10.39,56.0,6.22,19.31,30.61,22.0,2.44,7.59,12.03,40.0,4.44,13.79,21.87,31.0,3.44,10.69,16.95,18.0,2.0,6.21,9.84,42.0,4.67,14.48,22.96,18.0,2.0,6.21,9.84,42.0,4.67,14.48,22.96,24.0,2.67,8.28,13.12,31.0,3.44,10.69,16.95,11.0,1.22,3.79,6.01,4.0,0.44,1.38,2.19,29.0,3.22,10.0,15.85,24.0,2.67,8.28,13.12,45.86,44.14,1.72,105.69,5.0,0.56,1.72,65.85,7.32,0.51,0.56,0.42,0.39,0.78,0.17,0.76,0.3,0.7,0.5,3.79,1.38,0.1,8.28,0.4
2,臺北台新戰神,11|14,蘇奕晉/錢肯尼,11,215,247.0,3486.08,58.1,58:06,316.92,5.28,05:17,101.0,9.18,40.89,62.58,115.0,10.45,46.56,71.25,82.0,7.45,33.2,50.81,35.0,3.18,14.17,21.69,44.0,4.0,17.81,27.26,23.0,2.09,9.31,14.25,38.0,3.45,15.38,23.55,12.0,1.09,4.86,7.44,36.0,3.27,14.57,22.31,21.0,1.91,8.5,13.01,10.0,0.91,4.05,6.2,43.0,3.91,17.41,26.64,10.0,0.91,4.05,6.2,38.0,3.45,15.38,23.55,20.0,1.82,8.1,12.39,23.0,2.09,9.31,14.25,12.0,1.09,4.86,7.44,2.0,0.18,0.81,1.24,29.0,2.64,11.74,17.97,12.0,1.09,4.86,7.44,40.89,46.56,-5.67,102.03,-14.0,-1.27,-5.67,58.1,5.28,0.5,0.52,0.52,0.32,0.58,0.17,0.66,0.21,0.81,0.52,4.86,0.81,0.12,4.86,0.44
2,臺北台新戰神,11|10869,蘇奕晉/基德,6,161,181.0,2432.38,40.54,40:32,405.4,6.76,06:45,84.0,14.0,46.41,74.59,68.0,11.33,37.57,60.39,59.0,9.83,32.6,52.39,30.0,5.0,16.57,26.64,36.0,6.0,19.89,31.97,21.0,3.5,11.6,18.65,23.0,3.83,12.71,20.42,9.0,1.5,4.97,7.99,23.0,3.83,12.71,20.42,15.0,2.5,8.29,13.32,8.0,1.33,4.42,7.1,23.0,3.83,12.71,20.42,8.0,1.33,4.42,7.1,37.0,6.17,20.44,32.86,19.0,3.17,10.5,16.87,15.0,2.5,8.29,13.32,11.0,1.83,6.08,9.77,5.0,0.83,2.76,4.44,15.0,2.5,8.29,13.32,20.0,3.33,11.05,17.76,46.41,37.57,8.84,107.15,16.0,2.67,8.84,40.54,6.76,0.58,0.61,0.58,0.39,0.65,0.22,0.5,0.18,0.74,0.41,6.08,2.76,0.08,11.05,0.39
2,臺北台新戰神,11|10870,蘇奕晉/洛夫頓,3,54,66.0,849.57,14.16,14:10,283.19,4.72,04:43,36.0,12.0,54.55,91.53,14.0,4.67,21.21,35.59,29.0,9.67,43.94,73.73,13.0,4.33,19.7,33.05,13.0,4.33,19.7,33.05,6.0,2.0,9.09,15.25,16.0,5.33,24.24,40.68,7.0,2.33,10.61,17.8,4.0,1.33,6.06,10.17,3.0,1.0,4.55,7.63,5.0,1.67,7.58,12.71,11.0,3.67,16.67,27.97,4.0,1.33,6.06,10.17,13.0,4.33,19.7,33.05,3.0,1.0,4.55,7.63,3.0,1.0,4.55,7.63,3.0,1.0,4.55,7.63,2.0,0.67,3.03,5.08,5.0,1.67,7.58,12.71,4.0,1.33,6.06,10.17,54.55,21.21,33.33,111.87,22.0,7.33,33.33,14.16,4.72,0.57,0.59,0.46,0.44,0.75,0.09,0.23,0.28,0.73,0.48,4.55,3.03,0.08,6.06,0.14
2,臺北台新戰神,11|10865,蘇奕晉/謝銘駿,12,179,217.0,3000.25,50.0,50:00,250.02,4.17,04:10,102.0,8.5,47.0,73.43,85.0,7.08,39.17,61.19,80.0,6.67,36.87,57.6,35.0,2.92,16.13,25.2,46.0,3.83,21.2,33.12,21.0,1.75,9.68,15.12,34.0,2.83,15.67,24.48,14.0,1.17,6.45,10.08,33.0,2.75,15.21,23.76,20.0,1.67,9.22,14.4,16.0,1.33,7.37,11.52,34.0,2.83,15.67,24.48,14.0,1.17,6.45,10.08,33.0,2.75,15.21,23.76,11.0,0.92,5.07,7.92,18.0,1.5,8.29,12.96,3.0,0.25,1.38,2.16,5.0,0.42,2.3,3.6,26.0,2.17,11.98,18.72,21.0,1.75,9.68,15.12,47.0,39.17,7.83,104.15,17.0,1.42,7.83,50.0,4.17,0.52,0.54,0.46,0.41,0.61,0.1,0.51,0.33,0.71,0.52,1.38,2.3,0.12,9.68,0.41
2,臺北台新戰神,10|11,雷蒙恩/蘇奕晉,11,313,371.0,5112.37,85.21,85:12,464.76,7.75,07:45,170.0,15.45,45.82,71.83,163.0,14.82,43.94,68.87,126.0,11.45,33.96,53.24,54.0,4.91,14.56,22.82,60.0,5.45,16.17,25.35,31.0,2.82,8.36,13.1,66.0,6.0,17.79,27.89,23.0,2.09,6.2,9.72,52.0,4.73,14.02,21.97,39.0,3.55,10.51,16.48,21.0,1.91,5.66,8.87,53.0,4.82,14.29,22.39,21.0,1.91,5.66,8.87,57.0,5.18,15.36,24.08,30.0,2.73,8.09,12.68,34.0,3.09,9.16,14.37,15.0,1.36,4.04,6.34,3.0,0.27,0.81,1.27,40.0,3.64,10.78,16.9,33.0,3.0,8.89,13.94,45.82,43.94,1.89,104.5,7.0,0.64,1.89,85.21,7.75,0.52,0.57,0.52,0.35,0.75,0.17,0.63,0.27,0.72,0.49,4.04,0.81,0.11,8.89,0.41
2,臺北台新戰神,11|10868,蘇奕晉/齊曼加,3,37,44.0,563.52,9.39,09:24,187.84,3.13,03:08,20.0,6.67,45.45,76.66,18.0,6.0,40.91,69.0,13.0,4.33,29.55,49.83,7.0,2.33,15.91,26.83,7.0,2.33,15.91,26.83,4.0,1.33,9.09,15.33,6.0,2.0,13.64,23.0,3.0,1.0,6.82,11.5,6.0,2.0,13.64,23.0,3.0,1.0,6.82,11.5,2.0,0.67,4.55,7.67,5.0,1.67,11.36,19.17,1.0,0.33,2.27,3.83,6.0,2.0,13.64,23.0,5.0,1.67,11.36,19.17,2.0,0.67,4.55,7.67,4.0,1.33,9.09,15.33,1.0,0.33,2.27,3.83,6.0,2.0,13.64,23.0,2.0,0.67,4.55,7.67,45.45,40.91,4.55,112.44,2.0,0.67,4.55,9.39,3.13,0.65,0.64,0.57,0.5,0.5,0.24,0.29,0.25,0.83,0.5,9.09,2.27,0.14,4.55,0.46
2,高雄全家海神,110|12908,胡瓏貿/布里茲克,10,953,1129.0,15727.54,262.13,262:08,1572.75,26.21,26:13,484.0,48.4,42.87,66.47,493.0,49.3,43.67,67.71,437.0,43.7,38.71,60.02,187.0,18.7,16.56,25.68,255.0,25.5,22.59,35.02,140.0,14.0,12.4,19.23,182.0,18.2,16.12,25.0,47.0,4.7,4.16,6.45,85.0,8.5,7.53,11.67,63.0,6.3,5.58,8.65,72.0,7.2,6.38,9.89,182.0,18.2,16.12,25.0,65.0,6.5,5.76,8.93,158.0,15.8,13.99,21.7,83.0,8.3,7.35,11.4,97.0,9.7,8.59,13.32,45.0,4.5,3.99,6.18,25.0,2.5,2.21,3.43,95.0,9.5,8.41,13.05,94.0,9.4,8.33,12.91,42.87,43.67,-0.8,103.37,-9.0,-0.9,-0.8,262.13,26.21,0.48,0.51,0.55,0.26,0.74,0.15,0.52,0.31,0.74,0.53,3.99,2.21,0.08,8.33,0.19
2,高雄全家海神,10894|12908,凱帝/布里茲克,4,263,304.0,4362.78,72.71,72:43,1090.7,18.18,18:11,134.0,33.5,44.08,66.34,141.0,35.25,46.38,69.81,112.0,28.0,36.84,55.45,50.0,12.5,16.45,24.75,65.0,16.25,21.38,32.18,37.0,9.25,12.17,18.32,47.0,11.75,15.46,23.27,13.0,3.25,4.28,6.44,27.0,6.75,8.88,13.37,21.0,5.25,6.91,10.4,18.0,4.5,5.92,8.91,47.0,11.75,15.46,23.27,17.0,4.25,5.59,8.42,48.0,12.0,15.79,23.76,24.0,6.0,7.89,11.88,32.0,8.0,10.53,15.84,11.0,2.75,3.62,5.45,4.0,1.0,1.32,1.98,28.0,7.0,9.21,13.86,22.0,5.5,7.24,10.89,44.08,46.38,-2.3,100.34,-7.0,-1.75,-2.3,72.71,18.18,0.5,0.54,0.57,0.28,0.78,0.16,0.64,0.27,0.73,0.5,3.62,1.32,0.09,7.24,0.24
2,高雄全家海神,108|12668,魏莨哲/歐提斯,4,114,140.0,1926.89,32.11,32:07,481.72,8.03,08:02,50.0,12.5,35.71,56.05,64.0,16.0,45.71,71.74,51.0,12.75,36.43,57.17,21.0,5.25,15.0,23.54,37.0,9.25,26.43,41.48,18.0,4.5,12.86,20.18,14.0,3.5,10.0,15.69,3.0,0.75,2.14,3.36,6.0,1.5,4.29,6.73,5.0,1.25,3.57,5.6,8.0,2.0,5.71,8.97,23.0,5.75,16.43,25.78,11.0,2.75,7.86,12.33,24.0,6.0,17.14,26.9,9.0,2.25,6.43,10.09,9.0,2.25,6.43,10.09,5.0,1.25,3.57,5.6,2.0,0.5,1.43,2.24,7.0,1.75,5.0,7.85,15.0,3.75,10.71,16.81,35.71,45.71,-10.0,104.62,-14.0,-3.5,-10.0,32.11,8.03,0.44,0.47,0.49,0.21,0.83,0.14,0.43,0.25,0.68,0.47,3.57,1.43,0.05,10.71,0.12
2,高雄全家海神,108|12908,魏莨哲/布里茲克,3,49,61.0,829.27,13.82,13:49,276.42,4.61,04:36,22.0,7.33,36.07,57.3,29.0,9.67,47.54,75.54,23.0,7.67,37.7,59.91,9.0,3.0,14.75,23.44,15.0,5.0,24.59,39.07,7.0,2.33,11.48,18.23,8.0,2.67,13.11,20.84,2.0,0.67,3.28,5.21,3.0,1.0,4.92,7.81,2.0,0.67,3.28,5.21,2.0,0.67,3.28,5.21,13.0,4.33,21.31,33.86,6.0,2.0,9.84,15.63,7.0,2.33,11.48,18.23,1.0,0.33,1.64,2.6,4.0,1.33,6.56,10.42,1.0,0.33,1.64,2.6,0.0,0.0,0.0,0.0,4.0,1.33,6.56,10.42,10.0,3.33,16.39,26.05,36.07,47.54,-11.48,105.92,-7.0,-2.33,-11.48,13.82,4.61,0.43,0.45,0.47,0.25,0.67,0.04,0.44,0.22,0.68,0.54,1.64,0.0,0.07,16.39,0.13
2,高雄全家海神,108|116,魏莨哲/呂威霆,9,277,338.0,4474.67,74.58,74:35,497.19,8.29,08:17,120.0,13.33,35.5,57.93,163.0,18.11,48.22,78.68,117.0,13.0,34.62,56.48,41.0,4.56,12.13,19.79,65.0,7.22,19.23,31.38,26.0,2.89,7.69,12.55,52.0,5.78,15.38,25.1,15.0,1.67,4.44,7.24,44.0,4.89,13.02,21.24,23.0,2.56,6.8,11.1,26.0,2.89,7.69,12.55,56.0,6.22,16.57,27.03,19.0,2.11,5.62,9.17,49.0,5.44,14.5,23.65,29.0,3.22,8.58,14.0,20.0,2.22,5.92,9.65,16.0,1.78,4.73,7.72,3.0,0.33,0.89,1.45,35.0,3.89,10.36,16.9,48.0,5.33,14.2,23.17,35.5,48.22,-12.72,108.77,-43.0,-4.78,-12.72,74.58,8.29,0.41,0.44,0.4,0.29,0.52,0.18,0.49,0.35,0.75,0.55,4.73,0.89,0.1,14.2,0.38
2,高雄全家海神,116|12908,呂威霆/布里茲克,9,380,452.0,6062.81,101.05,101:03,673.65,11.23,11:14,208.0,23.11,46.02,74.1,213.0,23.67,47.12,75.89,170.0,18.89,37.61,60.57,72.0,8.0,15.93,25.65,96.0,10.67,21.24,34.2,46.0,5.11,10.18,16.39,74.0,8.22,16.37,26.36,26.0,2.89,5.75,9.26,46.0,5.11,10.18,16.39,38.0,4.22,8.41,13.54,27.0,3.0,5.97,9.62,73.0,8.11,16.15,26.01,27.0,3.0,5.97,9.62,66.0,7.33,14.6,23.51,28.0,3.11,6.19,9.98,41.0,4.56,9.07,14.61,12.0,1.33,2.65,4.28,9.0,1.0,1.99,3.21,46.0,5.11,10.18,16.39,58.0,6.44,12.83,20.66,46.02,47.12,-1.11,107.36,-5.0,-0.56,-1.11,101.05,11.23,0.5,0.55,0.48,0.35,0.83,0.13,0.57,0.29,0.73,0.52,2.65,1.99,0.1,12.83,0.27
2,高雄全家海神,116|10891,呂威霆/廖偉皓,12,364,432.0,6709.47,111.82,111:49,559.12,9.32,09:19,157.0,13.08,36.34,50.54,207.0,17.25,47.92,66.64,153.0,12.75,35.42,49.26,53.0,4.42,12.27,17.06,94.0,7.83,21.76,30.26,34.0,2.83,7.87,10.95,59.0,4.92,13.66,18.99,19.0,1.58,4.4,6.12,49.0,4.08,11.34,15.77,34.0,2.83,7.87,10.95,26.0,2.17,6.02,8.37,83.0,6.92,19.21,26.72,25.0,2.08,5.79,8.05,66.0,5.5,15.28,21.25,34.0,2.83,7.87,10.95,33.0,2.75,7.64,10.62,21.0,1.75,4.86,6.76,5.0,0.42,1.16,1.61,42.0,3.5,9.72,13.52,53.0,4.42,12.27,17.06,36.34,47.92,-11.57,92.72,-50.0,-4.17,-11.57,111.82,9.32,0.41,0.45,0.36,0.32,0.69,0.16,0.62,0.28,0.77,0.55,4.86,1.16,0.1,12.27,0.32
2,高雄全家海神,108|122,魏莨哲/陳懷安,4,30,37.0,486.6,8.11,08:07,121.65,2.03,02:02,11.0,2.75,29.73,48.83,17.0,4.25,45.95,75.46,11.0,2.75,29.73,48.83,4.0,1.0,10.81,17.76,8.0,2.0,21.62,35.51,4.0,1.0,10.81,17.76,3.0,0.75,8.11,13.32,0.0,0.0,0.0,0.0,2.0,0.5,5.41,8.88,2.0,0.5,5.41,8.88,3.0,0.75,8.11,13.32,4.0,1.0,10.81,17.76,2.0,0.5,5.41,8.88,6.0,1.5,16.22,26.63,5.0,1.25,13.51,22.19,3.0,0.75,8.11,13.32,2.0,0.5,5.41,8.88,0.0,0.0,0.0,0.0,0.0,0.0,0.0,0.0,5.0,1.25,13.51,22.19,29.73,45.95,-16.22,109.49,-6.0,-1.5,-16.22,8.11,2.03,0.36,0.46,0.5,0.0,1.0,0.3,0.75,0.33,0.67,0.47,5.41,0.0,0.0,13.51,0.18
2,福爾摩沙夢想家,73|77,陳振傑/馬建豪,6,172,201.0,3379.14,56.32,56:19,563.19,9.39,09:23,90.0,15.0,44.78,57.53,95.0,15.83,47.26,60.73,61.0,10.17,30.35,38.99,28.0,4.67,13.93,17.9,28.0,4.67,13.93,17.9,17.0,2.83,8.46,10.87,33.0,5.5,16.42,21.09,11.0,1.83,5.47,7.03,34.0,5.67,16.92,21.73,23.0,3.83,11.44,14.7,7.0,1.17,3.48,4.47,33.0,5.5,16.42,21.09,17.0,2.83,8.46,10.87,30.0,5.0,14.93,19.18,16.0,2.67,7.96,10.23,23.0,3.83,11.44,14.7,7.0,1.17,3.48,4.47,1.0,0.17,0.5,0.64,22.0,3.67,10.95,14.06,16.0,2.67,7.96,10.23,44.78,47.26,-2.49,85.66,-5.0,-0.83,-2.49,56.32,9.39,0.55,0.59,0.61,0.33,0.68,0.17,0.82,0.19,0.66,0.46,3.48,0.5,0.11,7.96,0.56
2,福爾摩沙夢想家,73|86,陳振傑/林俊吉,4,176,211.0,2802.42,46.71,46:42,700.6,11.68,11:41,103.0,25.75,48.82,79.39,105.0,26.25,49.76,80.93,74.0,18.5,35.07,57.04,32.0,8.0,15.17,24.66,31.0,7.75,14.69,23.89,19.0,4.75,9.0,14.64,43.0,10.75,20.38,33.14,13.0,3.25,6.16,10.02,35.0,8.75,16.59,26.98,28.0,7.0,13.27,21.58,14.0,3.5,6.64,10.79,31.0,7.75,14.69,23.89,12.0,3.0,5.69,9.25,33.0,8.25,15.64,25.44,15.0,3.75,7.11,11.56,21.0,5.25,9.95,16.19,7.0,1.75,3.32,5.4,3.0,0.75,1.42,2.31,23.0,5.75,10.9,17.73,25.0,6.25,11.85,19.27,48.82,49.76,-0.95,108.42,-2.0,-0.5,-0.95,46.71,11.68,0.52,0.58,0.61,0.3,0.8,0.14,0.66,0.3,0.72,0.5,3.32,1.42,0.11,11.85,0.47
2,福爾摩沙夢想家,73|107,陳振傑/霍爾曼,6,257,319.0,4803.3,80.06,80:03,800.55,13.34,13:21,148.0,24.67,46.39,66.55,143.0,23.83,44.83,64.31,112.0,18.67,35.11,50.37,45.0,7.5,14.11,20.24,49.0,8.17,15.36,22.03,26.0,4.33,8.15,11.69,63.0,10.5,19.75,28.33,19.0,3.17,5.96,8.54,52.0,8.67,16.3,23.38,41.0,6.83,12.85,18.44,29.0,4.83,9.09,13.04,41.0,6.83,12.85,18.44,23.0,3.83,7.21,10.34,48.0,8.0,15.05,21.59,22.0,3.67,6.9,9.89,30.0,5.0,9.4,13.49,11.0,1.83,3.45,4.95,6.0,1.0,1.88,2.7,36.0,6.0,11.29,16.19,40.0,6.67,12.54,17.99,46.39,44.83,1.57,95.63,5.0,0.83,1.57,80.06,13.34,0.49,0.55,0.53,0.3,0.79,0.14,0.67,0.38,0.64,0.5,3.45,1.88,0.11,12.54,0.46
2,福爾摩沙夢想家,73|10890,陳振傑/湯普金斯,4,185,221.0,3596.97,59.95,59:57,899.24,14.99,14:59,103.0,25.75,46.61,61.85,106.0,26.5,47.96,63.65,83.0,20.75,37.56,49.84,35.0,8.75,15.84,21.02,39.0,9.75,17.65,23.42,22.0,5.5,9.95,13.21,44.0,11.0,19.91,26.42,13.0,3.25,5.88,7.81,30.0,7.5,13.57,18.02,22.0,5.5,9.95,13.21,16.0,4.0,7.24,9.61,34.0,8.5,15.38,20.42,11.0,2.75,4.98,6.61,32.0,8.0,14.48,19.22,14.0,3.5,6.33,8.41,23.0,5.75,10.41,13.81,9.0,2.25,4.07,5.4,6.0,1.5,2.71,3.6,23.0,5.75,10.41,13.81,30.0,7.5,13.57,18.02,46.61,47.96,-1.36,88.47,-3.0,-0.75,-1.36,59.95,14.99,0.5,0.54,0.56,0.3,0.73,0.13,0.66,0.33,0.76,0.54,4.07,2.71,0.1,13.57,0.36
2,福爾摩沙夢想家,73|103,陳振傑/忻沃克,4,116,148.0,1703.25,28.39,28:23,425.81,7.1,07:06,67.0,16.75,45.27,84.97,62.0,15.5,41.89,78.63,61.0,15.25,41.22,77.36,22.0,5.5,14.86,27.9,26.0,6.5,17.57,32.97,15.0,3.75,10.14,19.02,35.0,8.75,23.65,44.39,7.0,1.75,4.73,8.88,21.0,5.25,14.19,26.63,18.0,4.5,12.16,22.83,18.0,4.5,12.16,22.83,20.0,5.0,13.51,25.36,5.0,1.25,3.38,6.34,21.0,5.25,14.19,26.63,8.0,2.0,5.41,10.15,10.0,2.5,6.76,12.68,6.0,1.5,4.05,7.61,5.0,1.25,3.38,6.34,13.0,3.25,8.78,16.49,30.0,7.5,20.27,38.05,45.27,41.89,3.38,125.13,5.0,1.25,3.38,28.39,7.1,0.42,0.48,0.58,0.2,0.86,0.1,0.45,0.46,0.8,0.59,4.05,3.38,0.09,20.27,0.34
2,福爾摩沙夢想家,73|89,陳振傑/蔣淯安,6,123,148.0,2445.6,40.76,40:46,407.6,6.79,06:48,56.0,9.33,37.84,49.46,55.0,9.17,37.16,48.58,48.0,8.0,32.43,42.39,17.0,2.83,11.49,15.01,23.0,3.83,15.54,20.31,11.0,1.83,7.43,9.72,25.0,4.17,16.89,22.08,6.0,1.0,4.05,5.3,24.0,4.0,16.22,21.2,16.0,2.67,10.81,14.13,9.0,1.5,6.08,7.95,25.0,4.17,16.89,22.08,11.0,1.83,7.43,9.72,23.0,3.83,15.54,20.31,11.0,1.83,7.43,9.72,14.0,2.33,9.46,12.37,7.0,1.17,4.73,6.18,4.0,0.67,2.7,3.53,14.0,2.33,9.46,12.37,18.0,3.0,12.16,15.9,37.84,37.16,0.68,87.14,1.0,0.17,0.68,40.76,6.79,0.42,0.48,0.48,0.24,0.67,0.16,0.82,0.28,0.69,0.5,4.73,2.7,0.09,12.16,0.5
2,福爾摩沙夢想家,73|10889,陳振傑/恩尼斯,3,115,143.0,1719.72,28.66,28:40,573.24,9.55,09:33,59.0,19.67,41.26,74.1,52.0,17.33,36.36,65.31,48.0,16.0,33.57,60.29,18.0,6.0,12.59,22.61,23.0,7.67,16.08,28.89,13.0,4.33,9.09,16.33,25.0,8.33,17.48,31.4,5.0,1.67,3.5,6.28,25.0,8.33,17.48,31.4,18.0,6.0,12.59,22.61,9.0,3.0,6.29,11.3,27.0,9.0,18.88,33.91,10.0,3.33,6.99,12.56,26.0,8.67,18.18,32.66,9.0,3.0,6.29,11.3,15.0,5.0,10.49,18.84,3.0,1.0,2.1,3.77,3.0,1.0,2.1,3.77,14.0,4.67,9.79,17.58,11.0,3.67,7.69,13.82,41.26,36.36,4.9,119.74,7.0,2.33,4.9,28.66,9.55,0.43,0.5,0.57,0.2,0.72,0.13,0.83,0.26,0.73,0.5,2.1,2.1,0.1,7.69,0.52
2,新竹御嵿攻城獅,71|76,李漢昇/曾柏喻,1,4,4.0,42.0,0.7,00:42,42.0,0.7,00:42,0.0,0.0,0.0,0.0,2.0,2.0,50.0,102.86,1.0,1.0,25.0,51.43,0.0,0.0,0.0,0.0,1.0,1.0,25.0,51.43,0.0,0.0,0.0,0.0,0.0,0.0,0.0,0.0,0.0,0.0,0.0,0.0,0.0,0.0,0.0,0.0,0.0,0.0,0.0,0.0,0.0,0.0,0.0,0.0,1.0,1.0,25.0,51.43,0.0,0.0,0.0,0.0,1.0,1.0,25.0,51.43,0.0,0.0,0.0,0.0,0.0,0.0,0.0,0.0,0.0,0.0,0.0,0.0,0.0,0.0,0.0,0.0,1.0,1.0,25.0,51.43,3.0,3.0,75.0,154.29,0.0,50.0,-50.0,137.14,-2.0,-2.0,-50.0,0.7,0.7,0.0,0.0,0.0,,,0.0,,0.0,1.0,0.5,0.0,0.0,0.25,75.0,0.0
2,新北國王,32|867,奧帝/桑尼,1,90,104.0,1358.1,22.63,22:38,1358.1,22.63,22:38,54.0,54.0,51.92,85.88,41.0,41.0,39.42,65.21,40.0,40.0,38.46,63.62,20.0,20.0,19.23,31.81,23.0,23.0,22.12,36.58,12.0,12.0,11.54,19.09,17.0,17.0,16.35,27.04,8.0,8.0,7.69,12.72,10.0,10.0,9.62,15.9,6.0,6.0,5.77,9.54,3.0,3.0,2.88,4.77,14.0,14.0,13.46,22.27,7.0,7.0,6.73,11.13,17.0,17.0,16.35,27.04,5.0,5.0,4.81,7.95,13.0,13.0,12.5,20.68,3.0,3.0,2.88,4.77,2.0,2.0,1.92,3.18,7.0,7.0,6.73,11.13,12.0,12.0,11.54,19.09,51.92,39.42,12.5,110.27,13.0,13.0,12.5,22.63,22.63,0.6,0.61,0.52,0.47,0.6,0.1,0.65,0.15,0.67,0.41,2.88,1.92,0.07,11.54,0.25
2,新北國王,19|32,蘇培凱/奧帝,4,29,38.0,422.22,7.04,07:02,105.55,1.76,01:46,16.0,4.0,42.11,81.85,7.0,1.75,18.42,35.81,15.0,3.75,39.47,76.74,6.0,1.5,15.79,30.7,11.0,2.75,28.95,56.27,6.0,1.5,15.79,30.7,4.0,1.0,10.53,20.46,0.0,0.0,0.0,0.0,7.0,1.75,18.42,35.81,4.0,1.0,10.53,20.46,6.0,1.5,15.79,30.7,5.0,1.25,13.16,25.58,4.0,1.0,10.53,20.46,7.0,1.75,18.42,35.81,1.0,0.25,2.63,5.12,4.0,1.0,10.53,20.46,0.0,0.0,0.0,0.0,0.0,0.0,0.0,0.0,3.0,0.75,7.89,15.35,5.0,1.25,13.16,25.58,42.11,18.42,23.68,129.6,9.0,2.25,23.68,7.04,1.76,0.4,0.44,0.55,0.0,0.57,0.05,0.67,0.46,0.56,0.5,0.0,0.0,0.08,13.16,0.47
2,新北國王,19|10874,蘇培凱/熊祥泰,4,21,28.0,346.15,5.77,05:46,86.54,1.44,01:27,9.0,2.25,32.14,56.16,4.0,1.0,14.29,24.96,7.0,1.75,25.0,43.68,3.0,0.75,10.71,18.72,2.0,0.5,7.14,12.48,2.0,0.5,7.14,12.48,5.0,1.25,17.86,31.2,1.0,0.25,3.57,6.24,2.0,0.5,7.14,12.48,2.0,0.5,7.14,12.48,2.0,0.5,7.14,12.48,2.0,0.5,7.14,12.48,4.0,1.0,14.29,24.96,8.0,2.0,28.57,49.92,5.0,1.25,17.86,31.2,1.0,0.25,3.57,6.24,3.0,0.75,10.71,18.72,0.0,0.0,0.0,0.0,4.0,1.0,14.29,24.96,4.0,1.0,14.29,24.96,32.14,14.29,17.86,116.48,5.0,1.25,17.86,5.77,1.44,0.5,0.57,1.0,0.2,1.0,0.39,0.33,0.2,0.33,0.25,10.71,0.0,0.14,14.29,0.29
2,新北國王,28|32,呂政儒/奧帝,11,277,317.0,4294.95,71.58,71:35,390.45,6.51,06:30,130.0,11.82,41.01,65.38,135.0,12.27,42.59,67.89,126.0,11.45,39.75,63.37,50.0,4.55,15.77,25.15,73.0,6.64,23.03,36.71,33.0,3.0,10.41,16.6,53.0,4.82,16.72,26.65,17.0,1.55,5.36,8.55,23.0,2.09,7.26,11.57,16.0,1.45,5.05,8.05,17.0,1.55,5.36,8.55,58.0,5.27,18.3,29.17,19.0,1.73,5.99,9.56,56.0,5.09,17.67,28.16,20.0,1.82,6.31,10.06,36.0,3.27,11.36,18.11,11.0,1.0,3.47,5.53,4.0,0.36,1.26,2.01,33.0,3.0,10.41,16.6,41.0,3.73,12.93,20.62,41.01,42.59,-1.58,106.28,-5.0,-0.45,-1.58,71.58,6.51,0.46,0.48,0.45,0.32,0.7,0.13,0.72,0.23,0.75,0.5,3.47,1.26,0.1,12.93,0.18
2,臺北台新戰神,1|2,丁聖儒/江均,6,95,107.0,1483.84,24.73,24:44,247.31,4.12,04:07,54.0,9.0,50.47,78.61,58.0,9.67,54.21,84.43,34.0,5.67,31.78,49.49,18.0,3.0,16.82,26.2,19.0,3.17,17.76,27.66,12.0,2.0,11.21,17.47,15.0,2.5,14.02,21.84,6.0,1.0,5.61,8.73,18.0,3.0,16.82,26.2,12.0,2.0,11.21,17.47,4.0,0.67,3.74,5.82,14.0,2.33,13.08,20.38,4.0,0.67,3.74,5.82,18.0,3.0,16.82,26.2,11.0,1.83,10.28,16.01,13.0,2.17,12.15,18.92,8.0,1.33,7.48,11.65,1.0,0.17,0.93,1.46,13.0,2.17,12.15,18.92,17.0,2.83,15.89,24.75,50.47,54.21,-3.74,103.84,-4.0,-0.67,-3.74,24.73,4.12,0.62,0.64,0.63,0.4,0.67,0.21,0.72,0.18,0.78,0.45,7.48,0.93,0.12,15.89,0.53
2,臺北台新戰神,1|10867,丁聖儒/威力斯,15,1483,1754.0,24647.54,410.79,410:48,1643.17,27.39,27:23,806.0,53.73,45.95,70.63,818.0,54.53,46.64,71.69,628.0,41.87,35.8,55.04,286.0,19.07,16.31,25.06,386.0,25.73,22.01,33.83,204.0,13.6,11.63,17.88,242.0,16.13,13.8,21.21,82.0,5.47,4.68,7.19,211.0,14.07,12.03,18.49,152.0,10.13,8.67,13.32,109.0,7.27,6.21,9.55,254.0,16.93,14.48,22.26,86.0,5.73,4.9,7.54,276.0,18.4,15.74,24.19,142.0,9.47,8.1,12.44,180.0,12.0,10.26,15.77,85.0,5.67,4.85,7.45,21.0,1.4,1.2,1.84,179.0,11.93,10.21,15.69,191.0,12.73,10.89,16.74,45.95,46.64,-0.68,102.48,-12.0,-0.8,-0.68,410.79,27.39,0.52,0.56,0.53,0.34,0.72,0.16,0.63,0.28,0.75,0.5,4.85,1.2,0.1,10.89,0.34
2,福爾摩沙夢想家,73|95,陳振傑/李德威,2,12,14.0,203.24,3.39,03:23,101.62,1.69,01:42,0.0,0.0,0.0,0.0,11.0,5.5,78.57,116.91,4.0,2.0,28.57,42.51,0.0,0.0,0.0,0.0,3.0,1.5,21.43,31.88,0.0,0.0,0.0,0.0,1.0,0.5,7.14,10.63,0.0,0.0,0.0,0.0,2.0,1.0,14.29,21.26,0.0,0.0,0.0,0.0,0.0,0.0,0.0,0.0,5.0,2.5,35.71,53.14,2.0,1.0,14.29,21.26,2.0,1.0,14.29,21.26,1.0,0.5,7.14,10.63,0.0,0.0,0.0,0.0,0.0,0.0,0.0,0.0,1.0,0.5,7.14,10.63,0.0,0.0,0.0,0.0,1.0,0.5,7.14,10.63,0.0,78.57,-78.57,99.19,-11.0,-5.5,-78.57,3.39,1.69,0.0,0.0,0.0,0.0,0.0,0.17,,0.0,0.71,0.56,0.0,7.14,0.0,7.14,0.5
2,福爾摩沙夢想家,97|10889,史承平/恩尼斯,1,12,16.0,180.72,3.01,03:01,180.72,3.01,03:01,1.0,1.0,6.25,11.95,9.0,9.0,56.25,107.57,2.0,2.0,12.5,23.9,0.0,0.0,0.0,0.0,0.0,0.0,0.0,0.0,0.0,0.0,0.0,0.0,2.0,2.0,12.5,23.9,0.0,0.0,0.0,0.0,1.0,1.0,6.25,11.95,1.0,1.0,6.25,11.95,0.0,0.0,0.0,0.0,2.0,2.0,12.5,23.9,1.0,1.0,6.25,11.95,2.0,2.0,12.5,23.9,4.0,4.0,25.0,47.81,0.0,0.0,0.0,0.0,3.0,3.0,18.75,35.86,0.0,0.0,0.0,0.0,0.0,0.0,0.0,0.0,2.0,2.0,12.5,23.9,6.25,56.25,-50.0,127.49,-8.0,-8.0,-50.0,3.01,3.01,0.0,0.2,,0.0,1.0,0.62,,0.0,0.67,0.4,18.75,0.0,0.0,12.5,0.5
2,臺北台新戰神,3|11,陳文宏/蘇奕晉,5,97,123.0,1623.58,27.06,27:04,324.72,5.41,05:25,55.0,11.0,44.72,73.17,48.0,9.6,39.02,63.86,46.0,9.2,37.4,61.2,16.0,3.2,13.01,21.29,21.0,4.2,17.07,27.94,8.0,1.6,6.5,10.64,25.0,5.0,20.33,33.26,8.0,1.6,6.5,10.64,20.0,4.0,16.26,26.61,15.0,3.0,12.2,19.96,9.0,1.8,7.32,11.97,24.0,4.8,19.51,31.93,11.0,2.2,8.94,14.63,16.0,3.2,13.01,21.29,3.0,0.6,2.44,3.99,8.0,1.6,6.5,10.64,3.0,0.6,2.44,3.99,2.0,0.4,1.63,2.66,15.0,3.0,12.2,19.96,13.0,2.6,10.57,17.3,44.72,39.02,5.69,109.09,7.0,1.4,5.69,27.06,5.41,0.43,0.5,0.38,0.32,0.75,0.05,0.5,0.36,0.69,0.55,2.44,1.63,0.12,10.57,0.43
2,臺北台新戰神,11|10863,蘇奕晉/魏芃禾,5,69,84.0,1100.15,18.34,18:20,220.03,3.67,03:40,41.0,8.2,48.81,80.5,40.0,8.0,47.62,78.53,26.0,5.2,30.95,51.05,12.0,2.4,14.29,23.56,10.0,2.0,11.9,19.63,5.0,1.0,5.95,9.82,16.0,3.2,19.05,31.41,7.0,1.4,8.33,13.74,17.0,3.4,20.24,33.38,10.0,2.0,11.9,19.63,4.0,0.8,4.76,7.85,12.0,2.4,14.29,23.56,8.0,1.6,9.52,15.71,10.0,2.0,11.9,19.63,5.0,1.0,5.95,9.82,8.0,1.6,9.52,15.71,4.0,0.8,4.76,7.85,0.0,0.0,0.0,0.0,9.0,1.8,10.71,17.67,15.0,3.0,17.86,29.45,48.81,47.62,1.19,109.95,1.0,0.2,1.19,18.34,3.67,0.6,0.61,0.5,0.44,0.59,0.13,0.67,0.29,0.6,0.47,4.76,0.0,0.11,17.86,0.65
2,新北中信特攻,38|40,余維豪/謝亞軒,3,69,85.0,1091.34,18.19,18:11,363.78,6.06,06:04,31.0,10.33,36.47,61.36,37.0,12.33,43.53,73.23,31.0,10.33,36.47,61.36,11.0,3.67,12.94,21.77,15.0,5.0,17.65,29.69,10.0,3.33,11.76,19.79,16.0,5.33,18.82,31.67,1.0,0.33,1.18,1.98,9.0,3.0,10.59,17.81,8.0,2.67,9.41,15.83,8.0,2.67,9.41,15.83,12.0,4.0,14.12,23.75,7.0,2.33,8.24,13.85,9.0,3.0,10.59,17.81,7.0,2.33,8.24,13.85,4.0,1.33,4.71,7.92,4.0,1.33,4.71,7.92,0.0,0.0,0.0,0.0,9.0,3.0,10.59,17.81,6.0,2.0,7.06,11.88,36.47,43.53,-7.06,112.16,-6.0,-2.0,-7.06,18.19,6.06,0.37,0.44,0.67,0.06,0.89,0.17,0.36,0.47,0.63,0.56,4.71,0.0,0.11,7.06,0.29
2,新北中信特攻,38|43,余維豪/林韋翰,2,39,50.0,641.03,10.68,10:41,320.52,5.34,05:21,19.0,9.5,38.0,64.02,17.0,8.5,34.0,57.28,18.0,9.0,36.0,60.65,9.0,4.5,18.0,30.33,10.0,5.0,20.0,33.7,8.0,4.0,16.0,26.96,8.0,4.0,16.0,26.96,1.0,0.5,2.0,3.37,0.0,0.0,0.0,0.0,0.0,0.0,0.0,0.0,6.0,3.0,12.0,20.22,3.0,1.5,6.0,10.11,4.0,2.0,8.0,13.48,10.0,5.0,20.0,33.7,8.0,4.0,16.0,26.96,4.0,2.0,8.0,13.48,3.0,1.5,6.0,10.11,0.0,0.0,0.0,0.0,4.0,2.0,8.0,13.48,6.0,3.0,12.0,20.22,38.0,34.0,4.0,112.32,2.0,1.0,4.0,10.68,5.34,0.53,0.53,0.8,0.12,,0.31,0.44,0.38,0.43,0.39,6.0,0.0,0.08,12.0,0.0
2,新北中信特攻,38|10880,余維豪/內馬,3,78,95.0,1241.06,20.68,20:41,413.69,6.89,06:54,45.0,15.0,47.37,78.32,31.0,10.33,32.63,53.95,35.0,11.67,36.84,60.92,15.0,5.0,15.79,26.11,23.0,7.67,24.21,40.03,12.0,4.0,12.63,20.89,12.0,4.0,12.63,20.89,3.0,1.0,3.16,5.22,12.0,4.0,12.63,20.89,12.0,4.0,12.63,20.89,7.0,2.33,7.37,12.18,11.0,3.67,11.58,19.14,9.0,3.0,9.47,15.66,12.0,4.0,12.63,20.89,6.0,2.0,6.32,10.44,8.0,2.67,8.42,13.92,4.0,1.33,4.21,6.96,0.0,0.0,0.0,0.0,12.0,4.0,12.63,20.89,8.0,2.67,8.42,13.92,47.37,32.63,14.74,110.23,14.0,4.67,14.74,20.68,6.89,0.47,0.56,0.52,0.25,1.0,0.13,0.53,0.37,0.55,0.46,4.21,0.0,0.13,8.42,0.34
2,新北中信特攻,38|10881,余維豪/飛克,4,85,99.0,1390.03,23.17,23:10,347.51,5.79,05:48,44.0,11.0,44.44,68.37,60.0,15.0,60.61,93.24,34.0,8.5,34.34,52.83,18.0,4.5,18.18,27.97,17.0,4.25,17.17,26.42,13.0,3.25,13.13,20.2,17.0,4.25,17.17,26.42,5.0,1.25,5.05,7.77,4.0,1.0,4.04,6.22,3.0,0.75,3.03,4.66,6.0,1.5,6.06,9.32,11.0,2.75,11.11,17.09,8.0,2.0,8.08,12.43,14.0,3.5,14.14,21.75,12.0,3.0,12.12,18.65,10.0,2.5,10.1,15.54,8.0,2.0,8.08,12.43,0.0,0.0,0.0,0.0,8.0,2.0,8.08,12.43,10.0,2.5,10.1,15.54,44.44,60.61,-16.16,102.56,-16.0,-4.0,-16.16,23.17,5.79,0.6,0.62,0.76,0.29,0.75,0.25,0.56,0.3,0.58,0.44,8.08,0.0,0.08,10.1,0.12
2,新北中信特攻,40|10878,謝亞軒/曾信武,1,9,12.0,218.0,3.63,03:38,218.0,3.63,03:38,5.0,5.0,41.67,49.54,3.0,3.0,25.0,29.73,2.0,2.0,16.67,19.82,2.0,2.0,16.67,19.82,1.0,1.0,8.33,9.91,1.0,1.0,8.33,9.91,1.0,1.0,8.33,9.91,1.0,1.0,8.33,9.91,0.0,0.0,0.0,0.0,0.0,0.0,0.0,0.0,0.0,0.0,0.0,0.0,0.0,0.0,0.0,0.0,4.0,4.0,33.33,39.63,3.0,3.0,25.0,29.73,2.0,2.0,16.67,19.82,0.0,0.0,0.0,0.0,2.0,2.0,16.67,19.82,0.0,0.0,0.0,0.0,1.0,1.0,8.33,9.91,8.0,8.0,66.67,79.27,41.67,25.0,16.67,79.27,2.0,2.0,16.67,3.63,3.63,1.25,1.25,1.0,1.0,,0.5,0.0,0.0,0.0,0.0,16.67,0.0,0.08,66.67,0.0
2,新北中信特攻,43|10878,林韋翰/曾信武,1,7,10.0,185.0,3.08,03:05,185.0,3.08,03:05,5.0,5.0,50.0,58.38,1.0,1.0,10.0,11.68,2.0,2.0,20.0,23.35,2.0,2.0,20.0,23.35,1.0,1.0,10.0,11.68,1.0,1.0,10.0,11.68,1.0,1.0,10.0,11.68,1.0,1.0,10.0,11.68,0.0,0.0,0.0,0.0,0.0,0.0,0.0,0.0,0.0,0.0,0.0,0.0,0.0,0.0,0.0,0.0,4.0,4.0,40.0,46.7,3.0,3.0,30.0,35.03,0.0,0.0,0.0,0.0,0.0,0.0,0.0,0.0,0.0,0.0,0.0,0.0,0.0,0.0,0.0,0.0,1.0,1.0,10.0,11.68,6.0,6.0,60.0,70.06,50.0,10.0,40.0,77.84,4.0,4.0,40.0,3.08,3.08,1.25,1.25,1.0,1.0,,0.0,0.0,0.0,0.0,0.0,0.0,0.0,0.1,60.0,0.0
2,新北中信特攻,10878|10881,曾信武/飛克,1,1,1.0,97.0,1.62,01:37,97.0,1.62,01:37,0.0,0.0,0.0,0.0,1.0,1.0,100.0,22.27,0.0,0.0,0.0,0.0,0.0,0.0,0.0,0.0,0.0,0.0,0.0,0.0,0.0,0.0,0.0,0.0,0.0,0.0,0.0,0.0,0.0,0.0,0.0,0.0,0.0,0.0,0.0,0.0,0.0,0.0,0.0,0.0,0.0,0.0,0.0,0.0,0.0,0.0,0.0,0.0,0.0,0.0,0.0,0.0,0.0,0.0,0.0,0.0,0.0,0.0,0.0,0.0,0.0,0.0,0.0,0.0,0.0,0.0,0.0,0.0,0.0,0.0,0.0,0.0,0.0,0.0,0.0,0.0,2.0,2.0,200.0,44.54,0.0,100.0,-100.0,14.85,-1.0,-1.0,-100.0,1.62,1.62,,,,,,,,,,,0.0,0.0,0.0,200.0,
2,新北中信特攻,10878|10882,曾信武/霸夫,1,9,12.0,218.0,3.63,03:38,218.0,3.63,03:38,5.0,5.0,41.67,49.54,3.0,3.0,25.0,29.73,2.0,2.0,16.67,19.82,2.0,2.0,16.67,19.82,1.0,1.0,8.33,9.91,1.0,1.0,8.33,9.91,1.0,1.0,8.33,9.91,1.0,1.0,8.33,9.91,0.0,0.0,0.0,0.0,0.0,0.0,0.0,0.0,0.0,0.0,0.0,0.0,0.0,0.0,0.0,0.0,4.0,4.0,33.33,39.63,3.0,3.0,25.0,29.73,2.0,2.0,16.67,19.82,0.0,0.0,0.0,0.0,2.0,2.0,16.67,19.82,0.0,0.0,0.0,0.0,1.0,1.0,8.33,9.91,8.0,8.0,66.67,79.27,41.67,25.0,16.67,79.27,2.0,2.0,16.67,3.63,3.63,1.25,1.25,1.0,1.0,,0.5,0.0,0.0,0.0,0.0,16.67,0.0,0.08,66.67,0.0
2,新北中信特攻,35|113,李睿麒/林任鴻,2,29,34.0,476.79,7.95,07:57,238.4,3.97,03:58,14.0,7.0,41.18,63.42,15.0,7.5,44.12,67.95,15.0,7.5,44.12,67.95,6.0,3.0,17.65,27.18,7.0,3.5,20.59,31.71,5.0,2.5,14.71,22.65,8.0,4.0,23.53,36.24,1.0,0.5,2.94,4.53,1.0,0.5,2.94,4.53,1.0,0.5,2.94,4.53,3.0,1.5,8.82,13.59,5.0,2.5,14.71,22.65,2.0,1.0,5.88,9.06,3.0,1.5,8.82,13.59,2.0,1.0,5.88,9.06,3.0,1.5,8.82,13.59,0.0,0.0,0.0,0.0,1.0,0.5,2.94,4.53,2.0,1.0,5.88,9.06,4.0,2.0,11.76,18.12,41.18,44.12,-2.94,102.69,-1.0,-0.5,-2.94,7.95,3.97,0.43,0.45,0.71,0.12,1.0,0.11,0.5,0.5,0.71,0.62,0.0,2.94,0.06,11.76,0.07
2,新北中信特攻,39|43,魏嘉豪/林韋翰,2,25,29.0,436.58,7.28,07:17,218.29,3.64,03:38,7.0,3.5,24.14,34.63,14.0,7.0,48.28,69.27,9.0,4.5,31.03,44.53,3.0,1.5,10.34,14.84,5.0,2.5,17.24,24.74,2.0,1.0,6.9,9.9,4.0,2.0,13.79,19.79,1.0,0.5,3.45,4.95,0.0,0.0,0.0,0.0,0.0,0.0,0.0,0.0,0.0,0.0,0.0,0.0,6.0,3.0,20.69,29.69,4.0,2.0,13.79,19.79,5.0,2.5,17.24,24.74,4.0,2.0,13.79,19.79,3.0,1.5,10.34,14.84,2.0,1.0,6.9,9.9,1.0,0.5,3.45,4.95,0.0,0.0,0.0,0.0,0.0,0.0,0.0,0.0,24.14,48.28,-24.14,95.65,-7.0,-3.5,-24.14,7.28,3.64,0.39,0.39,0.4,0.25,,0.31,1.0,0.0,0.6,0.4,6.9,3.45,0.0,0.0,0.0
2,新北中信特攻,39|10878,魏嘉豪/曾信武,2,28,31.0,392.55,6.54,06:33,196.27,3.27,03:16,11.0,5.5,35.48,60.53,17.0,8.5,54.84,93.54,9.0,4.5,29.03,49.52,3.0,1.5,9.68,16.51,3.0,1.5,9.68,16.51,0.0,0.0,0.0,0.0,6.0,3.0,19.35,33.01,3.0,1.5,9.68,16.51,3.0,1.5,9.68,16.51,2.0,1.0,6.45,11.0,0.0,0.0,0.0,0.0,5.0,2.5,16.13,27.51,1.0,0.5,3.23,5.5,6.0,3.0,19.35,33.01,5.0,2.5,16.13,27.51,2.0,1.0,6.45,11.0,4.0,2.0,12.9,22.01,1.0,0.5,3.23,5.5,3.0,1.5,9.68,16.51,11.0,5.5,35.48,60.53,35.48,54.84,-19.35,113.72,-6.0,-3.0,-19.35,6.54,3.27,0.5,0.53,0.0,0.5,0.67,0.33,0.67,0.0,0.83,0.42,12.9,3.23,0.1,35.48,0.33
2,新北中信特攻,10878|10880,曾信武/內馬,1,8,11.0,120.99,2.02,02:01,120.99,2.02,02:01,5.0,5.0,45.45,89.26,2.0,2.0,18.18,35.7,2.0,2.0,18.18,35.7,2.0,2.0,18.18,35.7,1.0,1.0,9.09,17.85,1.0,1.0,9.09,17.85,1.0,1.0,9.09,17.85,1.0,1.0,9.09,17.85,0.0,0.0,0.0,0.0,0.0,0.0,0.0,0.0,0.0,0.0,0.0,0.0,0.0,0.0,0.0,0.0,4.0,4.0,36.36,71.41,3.0,3.0,27.27,53.56,2.0,2.0,18.18,35.7,0.0,0.0,0.0,0.0,2.0,2.0,18.18,35.7,0.0,0.0,0.0,0.0,1.0,1.0,9.09,17.85,6.0,6.0,54.55,107.11,45.45,18.18,27.27,130.91,3.0,3.0,27.27,2.02,2.02,1.25,1.25,1.0,1.0,,0.5,0.0,0.0,0.0,0.0,18.18,0.0,0.09,54.55,0.0
2,新北中信特攻,35|38,李睿麒/余維豪,2,25,29.0,412.0,6.87,06:52,206.0,3.43,03:26,14.0,7.0,48.28,73.4,15.0,7.5,51.72,78.64,13.0,6.5,44.83,68.16,6.0,3.0,20.69,31.46,7.0,3.5,24.14,36.7,5.0,2.5,17.24,26.21,6.0,3.0,20.69,31.46,1.0,0.5,3.45,5.24,1.0,0.5,3.45,5.24,1.0,0.5,3.45,5.24,2.0,1.0,6.9,10.49,4.0,2.0,13.79,20.97,2.0,1.0,6.9,10.49,3.0,1.5,10.34,15.73,2.0,1.0,6.9,10.49,3.0,1.5,10.34,15.73,0.0,0.0,0.0,0.0,1.0,0.5,3.45,5.24,2.0,1.0,6.9,10.49,4.0,2.0,13.79,20.97,48.28,51.72,-3.45,101.36,-1.0,-0.5,-3.45,6.87,3.43,0.5,0.52,0.71,0.17,1.0,0.13,0.5,0.4,0.67,0.55,0.0,3.45,0.07,13.79,0.08
2,新北中信特攻,38|113,余維豪/林任鴻,4,53,65.0,798.62,13.31,13:19,199.66,3.33,03:20,20.0,5.0,30.77,54.09,29.0,7.25,44.62,78.44,26.0,6.5,40.0,70.32,9.0,2.25,13.85,24.34,18.0,4.5,27.69,48.68,8.0,2.0,12.31,21.64,8.0,2.0,12.31,21.64,1.0,0.25,1.54,2.7,1.0,0.25,1.54,2.7,1.0,0.25,1.54,2.7,6.0,1.5,9.23,16.23,10.0,2.5,15.38,27.05,5.0,1.25,7.69,13.52,10.0,2.5,15.38,27.05,7.0,1.75,10.77,18.93,4.0,1.0,6.15,10.82,4.0,1.0,6.15,10.82,1.0,0.25,1.54,2.7,3.0,0.75,4.62,8.11,6.0,1.5,9.23,16.23,30.77,44.62,-13.85,117.2,-9.0,-2.25,-13.85,13.31,3.33,0.37,0.38,0.44,0.12,1.0,0.21,0.44,0.38,0.67,0.52,6.15,1.54,0.05,9.23,0.04
2,新北中信特攻,38|10879,余維豪/簡廷兆,4,55,63.0,874.22,14.57,14:34,218.55,3.64,03:39,26.0,6.5,41.27,64.24,23.0,5.75,36.51,56.83,23.0,5.75,36.51,56.83,10.0,2.5,15.87,24.71,15.0,3.75,23.81,37.06,8.0,2.0,12.7,19.77,8.0,2.0,12.7,19.77,2.0,0.5,3.17,4.94,4.0,1.0,6.35,9.88,4.0,1.0,6.35,9.88,3.0,0.75,4.76,7.41,9.0,2.25,14.29,22.24,5.0,1.25,7.94,12.35,12.0,3.0,19.05,29.65,5.0,1.25,7.94,12.35,7.0,1.75,11.11,17.3,3.0,0.75,4.76,7.41,1.0,0.25,1.59,2.47,5.0,1.25,7.94,12.35,8.0,2.0,12.7,19.77,41.27,36.51,4.76,103.77,3.0,0.75,4.76,14.57,3.64,0.48,0.53,0.53,0.25,1.0,0.17,0.7,0.2,0.64,0.41,4.76,1.59,0.08,12.7,0.17
2,新北中信特攻,38|10883,余維豪/林安龍,2,11,13.0,138.0,2.3,02:18,69.0,1.15,01:09,3.0,1.5,23.08,46.96,7.0,3.5,53.85,109.57,5.0,2.5,38.46,78.26,1.0,0.5,7.69,15.65,3.0,1.5,23.08,46.96,1.0,0.5,7.69,15.65,2.0,1.0,15.38,31.3,0.0,0.0,0.0,0.0,1.0,0.5,7.69,15.65,1.0,0.5,7.69,15.65,1.0,0.5,7.69,15.65,2.0,1.0,15.38,31.3,1.0,0.5,7.69,15.65,0.0,0.0,0.0,0.0,1.0,0.5,7.69,15.65,0.0,0.0,0.0,0.0,0.0,0.0,0.0,0.0,0.0,0.0,0.0,0.0,1.0,0.5,7.69,15.65,0.0,0.0,0.0,0.0,23.08,53.85,-30.77,135.65,-4.0,-2.0,-30.77,2.3,1.15,0.2,0.28,0.33,0.0,1.0,0.16,0.0,1.0,0.67,0.75,0.0,0.0,0.08,0.0,0.2
2,新北中信特攻,113|10883,林任鴻/林安龍,2,11,13.0,138.0,2.3,02:18,69.0,1.15,01:09,3.0,1.5,23.08,46.96,7.0,3.5,53.85,109.57,5.0,2.5,38.46,78.26,1.0,0.5,7.69,15.65,3.0,1.5,23.08,46.96,1.0,0.5,7.69,15.65,2.0,1.0,15.38,31.3,0.0,0.0,0.0,0.0,1.0,0.5,7.69,15.65,1.0,0.5,7.69,15.65,1.0,0.5,7.69,15.65,2.0,1.0,15.38,31.3,1.0,0.5,7.69,15.65,0.0,0.0,0.0,0.0,1.0,0.5,7.69,15.65,0.0,0.0,0.0,0.0,0.0,0.0,0.0,0.0,0.0,0.0,0.0,0.0,1.0,0.5,7.69,15.65,0.0,0.0,0.0,0.0,23.08,53.85,-30.77,135.65,-4.0,-2.0,-30.77,2.3,1.15,0.2,0.28,0.33,0.0,1.0,0.16,0.0,1.0,0.67,0.75,0.0,0.0,0.08,0.0,0.2
2,新北中信特攻,35|10878,李睿麒/曾信武,1,6,6.0,88.0,1.47,01:28,88.0,1.47,01:28,3.0,3.0,50.0,73.64,2.0,2.0,33.33,49.09,3.0,3.0,50.0,73.64,1.0,1.0,16.67,24.55,1.0,1.0,16.67,24.55,1.0,1.0,16.67,24.55,2.0,2.0,33.33,49.09,0.0,0.0,0.0,0.0,1.0,1.0,16.67,24.55,1.0,1.0,16.67,24.55,0.0,0.0,0.0,0.0,1.0,1.0,16.67,24.55,0.0,0.0,0.0,0.0,0.0,0.0,0.0,0.0,0.0,0.0,0.0,0.0,0.0,0.0,0.0,0.0,0.0,0.0,0.0,0.0,0.0,0.0,0.0,0.0,1.0,1.0,16.67,24.55,0.0,0.0,0.0,0.0,50.0,33.33,16.67,98.18,1.0,1.0,16.67,1.47,1.47,0.33,0.44,1.0,0.0,1.0,0.0,0.0,,1.0,1.0,0.0,0.0,0.17,0.0,0.33
2,新北中信特攻,38|10878,余維豪/曾信武,2,26,31.0,369.62,6.16,06:10,184.81,3.08,03:05,7.0,3.5,22.58,40.91,12.0,6.0,38.71,70.13,13.0,6.5,41.94,75.97,3.0,1.5,9.68,17.53,9.0,4.5,29.03,52.59,3.0,1.5,9.68,17.53,4.0,2.0,12.9,23.38,0.0,0.0,0.0,0.0,1.0,0.5,3.23,5.84,1.0,0.5,3.23,5.84,3.0,1.5,9.68,17.53,6.0,3.0,19.35,35.06,1.0,0.5,3.23,5.84,6.0,3.0,19.35,35.06,4.0,2.0,12.9,23.38,1.0,0.5,3.23,5.84,3.0,1.5,9.68,17.53,0.0,0.0,0.0,0.0,1.0,0.5,3.23,5.84,2.0,1.0,6.45,11.69,22.58,38.71,-16.13,120.77,-5.0,-2.5,-16.13,6.16,3.08,0.23,0.26,0.33,0.0,1.0,0.23,0.33,0.33,0.86,0.56,9.68,0.0,0.03,6.45,0.08
2,新北中信特攻,113|10878,林任鴻/曾信武,3,52,60.0,729.17,12.15,12:09,243.06,4.05,04:03,18.0,6.0,30.0,53.32,27.0,9.0,45.0,79.98,22.0,7.33,36.67,65.17,6.0,2.0,10.0,17.77,12.0,4.0,20.0,35.55,3.0,1.0,5.0,8.89,10.0,3.33,16.67,29.62,3.0,1.0,5.0,8.89,4.0,1.33,6.67,11.85,3.0,1.0,5.0,8.89,3.0,1.0,5.0,8.89,11.0,3.67,18.33,32.58,2.0,0.67,3.33,5.92,12.0,4.0,20.0,35.55,7.0,2.33,11.67,20.74,3.0,1.0,5.0,8.89,5.0,1.67,8.33,14.81,1.0,0.33,1.67,2.96,4.0,1.33,6.67,11.85,11.0,3.67,18.33,32.58,30.0,45.0,-15.0,118.49,-9.0,-3.0,-15.0,12.15,4.05,0.34,0.38,0.25,0.3,0.75,0.23,0.5,0.2,0.85,0.5,8.33,1.67,0.07,18.33,0.18
2,新北中信特攻,10878|10883,曾信武/林安龍,1,6,6.0,88.0,1.47,01:28,88.0,1.47,01:28,3.0,3.0,50.0,73.64,2.0,2.0,33.33,49.09,3.0,3.0,50.0,73.64,1.0,1.0,16.67,24.55,1.0,1.0,16.67,24.55,1.0,1.0,16.67,24.55,2.0,2.0,33.33,49.09,0.0,0.0,0.0,0.0,1.0,1.0,16.67,24.55,1.0,1.0,16.67,24.55,0.0,0.0,0.0,0.0,1.0,1.0,16.67,24.55,0.0,0.0,0.0,0.0,0.0,0.0,0.0,0.0,0.0,0.0,0.0,0.0,0.0,0.0,0.0,0.0,0.0,0.0,0.0,0.0,0.0,0.0,0.0,0.0,1.0,1.0,16.67,24.55,0.0,0.0,0.0,0.0,50.0,33.33,16.67,98.18,1.0,1.0,16.67,1.47,1.47,0.33,0.44,1.0,0.0,1.0,0.0,0.0,,1.0,1.0,0.0,0.0,0.17,0.0,0.33
2,新竹御嵿攻城獅,80|90,田浩/李啓瑋,5,97,106.0,1335.35,22.26,22:15,267.07,4.45,04:27,50.0,10.0,47.17,80.88,43.0,8.6,40.57,69.55,36.0,7.2,33.96,58.23,15.0,3.0,14.15,24.26,19.0,3.8,17.92,30.73,10.0,2.0,9.43,16.18,17.0,3.4,16.04,27.5,5.0,1.0,4.72,8.09,19.0,3.8,17.92,30.73,15.0,3.0,14.15,24.26,5.0,1.0,4.72,8.09,18.0,3.6,16.98,29.12,3.0,0.6,2.83,4.85,17.0,3.4,16.04,27.5,8.0,1.6,7.55,12.94,12.0,2.4,11.32,19.41,3.0,0.6,2.83,4.85,1.0,0.2,0.94,1.62,14.0,2.8,13.21,22.65,10.0,2.0,9.43,16.18,47.17,40.57,6.6,114.31,7.0,1.4,6.6,22.26,4.45,0.49,0.56,0.53,0.29,0.79,0.15,0.8,0.23,0.86,0.53,2.83,0.94,0.13,9.43,0.53
2,臺北台新戰神,11|10867,蘇奕晉/威力斯,6,127,143.0,1867.98,31.13,31:08,311.33,5.19,05:11,72.0,12.0,50.35,83.26,54.0,9.0,37.76,62.44,47.0,7.83,32.87,54.35,26.0,4.33,18.18,30.06,30.0,5.0,20.98,34.69,21.0,3.5,14.69,24.28,17.0,2.83,11.89,19.66,5.0,0.83,3.5,5.78,20.0,3.33,13.99,23.13,15.0,2.5,10.49,17.34,8.0,1.33,5.59,9.25,14.0,2.33,9.79,16.19,4.0,0.67,2.8,4.63,22.0,3.67,15.38,25.44,15.0,2.5,10.49,17.34,16.0,2.67,11.19,18.5,8.0,1.33,5.59,9.25,4.0,0.67,2.8,4.63,13.0,2.17,9.09,15.03,17.0,2.83,11.89,19.66,50.35,37.76,12.59,110.24,18.0,3.0,12.59,31.13,5.19,0.61,0.65,0.7,0.29,0.75,0.21,0.62,0.27,0.78,0.46,5.59,2.8,0.09,11.89,0.43
2,臺北台新戰神,1|11,丁聖儒/蘇奕晉,10,406,480.0,6513.04,108.55,108:33,651.3,10.86,10:51,222.0,22.2,46.25,73.62,209.0,20.9,43.54,69.31,169.0,16.9,35.21,56.05,73.0,7.3,15.21,24.21,90.0,9.0,18.75,29.85,48.0,4.8,10.0,15.92,79.0,7.9,16.46,26.2,25.0,2.5,5.21,8.29,70.0,7.0,14.58,23.21,51.0,5.1,10.62,16.91,31.0,3.1,6.46,10.28,68.0,6.8,14.17,22.55,25.0,2.5,5.21,8.29,72.0,7.2,15.0,23.88,35.0,3.5,7.29,11.61,50.0,5.0,10.42,16.58,18.0,1.8,3.75,5.97,8.0,0.8,1.67,2.65,51.0,5.1,10.62,16.91,43.0,4.3,8.96,14.26,46.25,43.54,2.71,106.13,13.0,1.3,2.71,108.55,10.86,0.51,0.56,0.53,0.32,0.73,0.15,0.68,0.3,0.73,0.51,3.75,1.67,0.11,8.96,0.41
2,新竹御嵿攻城獅,80|10888,田浩/帕塞獅,8,120,132.0,1756.78,29.28,29:17,219.6,3.66,03:40,74.0,9.25,56.06,90.98,60.0,7.5,45.45,73.77,51.0,6.38,38.64,62.71,25.0,3.12,18.94,30.74,30.0,3.75,22.73,36.89,16.0,2.0,12.12,19.67,21.0,2.62,15.91,25.82,9.0,1.12,6.82,11.07,19.0,2.38,14.39,23.36,15.0,1.88,11.36,18.44,7.0,0.88,5.3,8.61,20.0,2.5,15.15,24.59,2.0,0.25,1.52,2.46,19.0,2.38,14.39,23.36,7.0,0.88,5.3,8.61,13.0,1.62,9.85,15.98,3.0,0.38,2.27,3.69,1.0,0.12,0.76,1.23,22.0,2.75,16.67,27.05,14.0,1.75,10.61,17.21,56.06,45.45,10.61,108.2,14.0,1.75,10.61,29.28,3.66,0.58,0.62,0.53,0.43,0.79,0.11,0.52,0.27,0.91,0.56,2.27,0.76,0.17,10.61,0.37
2,新竹御嵿攻城獅,80|88,田浩/盧冠軒,8,126,144.0,2012.43,33.54,33:32,251.55,4.19,04:12,57.0,7.12,39.58,61.18,68.0,8.5,47.22,72.99,54.0,6.75,37.5,57.96,20.0,2.5,13.89,21.47,24.0,3.0,16.67,25.76,12.0,1.5,8.33,12.88,30.0,3.75,20.83,32.2,8.0,1.0,5.56,8.59,13.0,1.62,9.03,13.95,10.0,1.25,6.94,10.73,7.0,0.88,4.86,7.51,29.0,3.62,20.14,31.13,8.0,1.0,5.56,8.59,21.0,2.62,14.58,22.54,10.0,1.25,6.94,10.73,12.0,1.5,8.33,12.88,7.0,0.88,4.86,7.51,2.0,0.25,1.39,2.15,16.0,2.0,11.11,17.17,10.0,1.25,6.94,10.73,39.58,47.22,-7.64,103.04,-11.0,-1.38,-7.64,33.54,4.19,0.44,0.48,0.5,0.27,0.77,0.14,0.6,0.25,0.78,0.55,4.86,1.39,0.11,6.94,0.24
2,新北中信特攻,43|10883,林韋翰/林安龍,1,6,7.0,75.26,1.25,01:15,75.26,1.25,01:15,3.0,3.0,42.86,86.1,2.0,2.0,28.57,57.4,2.0,2.0,28.57,57.4,1.0,1.0,14.29,28.7,1.0,1.0,14.29,28.7,1.0,1.0,14.29,28.7,1.0,1.0,14.29,28.7,0.0,0.0,0.0,0.0,2.0,2.0,28.57,57.4,1.0,1.0,14.29,28.7,1.0,1.0,14.29,28.7,0.0,0.0,0.0,0.0,0.0,0.0,0.0,0.0,2.0,2.0,28.57,57.4,1.0,1.0,14.29,28.7,0.0,0.0,0.0,0.0,0.0,0.0,0.0,0.0,0.0,0.0,0.0,0.0,1.0,1.0,14.29,28.7,2.0,2.0,28.57,57.4,42.86,28.57,14.29,133.93,1.0,1.0,14.29,1.25,1.25,0.5,0.52,1.0,0.0,0.5,0.26,0.0,0.33,,0.33,0.0,0.0,0.14,28.57,1.0
2,新北中信特攻,44|10883,黃泓瀚/林安龍,2,9,12.0,108.26,1.8,01:48,54.13,0.9,00:54,3.0,1.5,25.0,59.85,4.0,2.0,33.33,79.81,4.0,2.0,33.33,79.81,1.0,0.5,8.33,19.95,3.0,1.5,25.0,59.85,1.0,0.5,8.33,19.95,1.0,0.5,8.33,19.95,0.0,0.0,0.0,0.0,2.0,1.0,16.67,39.9,1.0,0.5,8.33,19.95,2.0,1.0,16.67,39.9,1.0,0.5,8.33,19.95,1.0,0.5,8.33,19.95,2.0,1.0,16.67,39.9,1.0,0.5,8.33,19.95,0.0,0.0,0.0,0.0,0.0,0.0,0.0,0.0,0.0,0.0,0.0,0.0,1.0,0.5,8.33,19.95,2.0,1.0,16.67,39.9,25.0,33.33,-8.33,159.61,-1.0,-0.5,-8.33,1.8,0.9,0.25,0.31,0.33,0.0,0.5,0.17,0.0,0.5,0.5,0.5,0.0,0.0,0.08,16.67,0.5
2,新北中信特攻,8889|10883,馬可/林安龍,1,6,7.0,75.26,1.25,01:15,75.26,1.25,01:15,3.0,3.0,42.86,86.1,2.0,2.0,28.57,57.4,2.0,2.0,28.57,57.4,1.0,1.0,14.29,28.7,1.0,1.0,14.29,28.7,1.0,1.0,14.29,28.7,1.0,1.0,14.29,28.7,0.0,0.0,0.0,0.0,2.0,2.0,28.57,57.4,1.0,1.0,14.29,28.7,1.0,1.0,14.29,28.7,0.0,0.0,0.0,0.0,0.0,0.0,0.0,0.0,2.0,2.0,28.57,57.4,1.0,1.0,14.29,28.7,0.0,0.0,0.0,0.0,0.0,0.0,0.0,0.0,0.0,0.0,0.0,0.0,1.0,1.0,14.29,28.7,2.0,2.0,28.57,57.4,42.86,28.57,14.29,133.93,1.0,1.0,14.29,1.25,1.25,0.5,0.52,1.0,0.0,0.5,0.26,0.0,0.33,,0.33,0.0,0.0,0.14,28.57,1.0
2,福爾摩沙夢想家,73|83,陳振傑/吳家駿,4,22,34.0,451.91,7.53,07:32,112.98,1.88,01:53,11.0,2.75,32.35,52.58,15.0,3.75,44.12,71.7,14.0,3.5,41.18,66.92,4.0,1.0,11.76,19.12,8.0,2.0,23.53,38.24,3.0,0.75,8.82,14.34,6.0,1.5,17.65,28.68,1.0,0.25,2.94,4.78,2.0,0.5,5.88,9.56,2.0,0.5,5.88,9.56,7.0,1.75,20.59,33.46,3.0,0.75,8.82,14.34,5.0,1.25,14.71,23.9,6.0,1.5,17.65,28.68,2.0,0.5,5.88,9.56,2.0,0.5,5.88,9.56,1.0,0.25,2.94,4.78,1.0,0.25,2.94,4.78,3.0,0.75,8.82,14.34,7.0,1.75,20.59,33.46,32.35,44.12,-11.76,108.34,-4.0,-1.0,-11.76,7.53,1.88,0.32,0.37,0.38,0.17,1.0,0.12,0.5,0.54,0.38,0.48,2.94,2.94,0.09,20.59,0.14
2,高雄全家海神,45|51,施晉堯/克力斯,13,629,738.0,10461.38,174.36,174:21,804.72,13.41,13:25,346.0,26.62,46.88,71.44,389.0,29.92,52.71,80.32,272.0,20.92,36.86,56.16,124.0,9.54,16.8,25.6,147.0,11.31,19.92,30.35,77.0,5.92,10.43,15.9,125.0,9.62,16.94,25.81,47.0,3.62,6.37,9.7,65.0,5.0,8.81,13.42,51.0,3.92,6.91,10.53,38.0,2.92,5.15,7.85,114.0,8.77,15.45,23.54,39.0,3.0,5.28,8.05,99.0,7.62,13.41,20.44,58.0,4.46,7.86,11.98,76.0,5.85,10.3,15.69,34.0,2.62,4.61,7.02,15.0,1.15,2.03,3.1,52.0,4.0,7.05,10.74,80.0,6.15,10.84,16.52,46.88,52.71,-5.83,101.59,-43.0,-3.31,-5.83,174.36,13.41,0.54,0.58,0.52,0.38,0.78,0.16,0.61,0.28,0.75,0.52,4.61,2.03,0.07,10.84,0.24
2,高雄全家海神,51|110,克力斯/胡瓏貿,19,1123,1339.0,18758.73,312.65,312:39,987.3,16.46,16:27,593.0,31.21,44.29,68.28,612.0,32.21,45.71,70.47,514.0,27.05,38.39,59.19,222.0,11.68,16.58,25.56,284.0,14.95,21.21,32.7,147.0,7.74,10.98,16.93,230.0,12.11,17.18,26.48,75.0,3.95,5.6,8.64,93.0,4.89,6.95,10.71,72.0,3.79,5.38,8.29,88.0,4.63,6.57,10.13,207.0,10.89,15.46,23.84,75.0,3.95,5.6,8.64,191.0,10.05,14.26,21.99,100.0,5.26,7.47,11.51,120.0,6.32,8.96,13.82,58.0,3.05,4.33,6.68,33.0,1.74,2.46,3.8,116.0,6.11,8.66,13.36,122.0,6.42,9.11,14.05,44.29,45.71,-1.42,102.79,-19.0,-1.0,-1.42,312.65,16.46,0.5,0.53,0.52,0.33,0.77,0.15,0.54,0.32,0.73,0.53,4.33,2.46,0.09,9.11,0.18
2,高雄全家海神,51|121,克力斯/吳曉謹,17,887,1073.0,14532.3,242.21,242:12,854.84,14.25,14:15,464.0,27.29,43.24,68.97,522.0,30.71,48.65,77.59,412.0,24.24,38.4,61.24,168.0,9.88,15.66,24.97,224.0,13.18,20.88,33.29,117.0,6.88,10.9,17.39,188.0,11.06,17.52,27.94,51.0,3.0,4.75,7.58,97.0,5.71,9.04,14.42,76.0,4.47,7.08,11.3,86.0,5.06,8.01,12.78,161.0,9.47,15.0,23.93,62.0,3.65,5.78,9.22,149.0,8.76,13.89,22.15,89.0,5.24,8.29,13.23,94.0,5.53,8.76,13.97,58.0,3.41,5.41,8.62,21.0,1.24,1.96,3.12,96.0,5.65,8.95,14.27,112.0,6.59,10.44,16.65,43.24,48.65,-5.41,106.32,-58.0,-3.41,-5.41,242.21,14.25,0.47,0.51,0.52,0.27,0.78,0.16,0.56,0.37,0.72,0.54,5.41,1.96,0.09,10.44,0.24
2,高雄全家海神,51|12908,克力斯/布里茲克,8,759,905.0,12534.68,208.91,208:55,1566.84,26.11,26:07,393.0,49.12,43.43,67.72,396.0,49.5,43.76,68.24,348.0,43.5,38.45,59.97,149.0,18.62,16.46,25.68,198.0,24.75,21.88,34.12,106.0,13.25,11.71,18.27,150.0,18.75,16.57,25.85,43.0,5.38,4.75,7.41,63.0,7.88,6.96,10.86,50.0,6.25,5.52,8.62,53.0,6.62,5.86,9.13,147.0,18.38,16.24,25.33,54.0,6.75,5.97,9.31,126.0,15.75,13.92,21.71,63.0,7.88,6.96,10.86,77.0,9.62,8.51,13.27,34.0,4.25,3.76,5.86,21.0,2.62,2.32,3.62,76.0,9.5,8.4,13.1,89.0,11.12,9.83,15.34,43.43,43.76,-0.33,103.97,-3.0,-0.38,-0.33,208.91,26.11,0.49,0.52,0.54,0.29,0.79,0.14,0.52,0.3,0.73,0.53,3.76,2.32,0.08,9.83,0.18
2,高雄全家海神,51|122,克力斯/陳懷安,11,419,502.0,6789.95,113.17,113:10,617.27,10.29,10:17,212.0,19.27,42.23,67.44,222.0,20.18,44.22,70.62,187.0,17.0,37.25,59.49,76.0,6.91,15.14,24.18,101.0,9.18,20.12,32.13,52.0,4.73,10.36,16.54,86.0,7.82,17.13,27.36,24.0,2.18,4.78,7.63,41.0,3.73,8.17,13.04,34.0,3.09,6.77,10.82,40.0,3.64,7.97,12.72,69.0,6.27,13.75,21.95,23.0,2.09,4.58,7.32,59.0,5.36,11.75,18.77,46.0,4.18,9.16,14.63,35.0,3.18,6.97,11.13,33.0,3.0,6.57,10.5,5.0,0.45,1.0,1.59,45.0,4.09,8.96,14.32,59.0,5.36,11.75,18.77,42.23,44.22,-1.99,106.46,-10.0,-0.91,-1.99,113.17,10.29,0.47,0.52,0.51,0.28,0.83,0.18,0.46,0.4,0.75,0.57,6.57,1.0,0.09,11.75,0.22
2,高雄全家海神,51|116,克力斯/呂威霆,18,640,775.0,11897.28,198.29,198:17,660.96,11.02,11:01,327.0,18.17,42.19,59.37,380.0,21.11,49.03,68.99,292.0,16.22,37.68,53.01,114.0,6.33,14.71,20.7,165.0,9.17,21.29,29.96,72.0,4.0,9.29,13.07,127.0,7.06,16.39,23.06,42.0,2.33,5.42,7.63,75.0,4.17,9.68,13.62,57.0,3.17,7.35,10.35,64.0,3.56,8.26,11.62,120.0,6.67,15.48,21.79,44.0,2.44,5.68,7.99,114.0,6.33,14.71,20.7,56.0,3.11,7.23,10.17,70.0,3.89,9.03,12.71,41.0,2.28,5.29,7.44,13.0,0.72,1.68,2.36,64.0,3.56,8.26,11.62,81.0,4.5,10.45,14.71,42.19,49.03,-6.84,93.8,-53.0,-2.94,-6.84,198.29,11.02,0.46,0.5,0.44,0.33,0.76,0.15,0.61,0.36,0.73,0.54,5.29,1.68,0.08,10.45,0.26
2,高雄全家海神,51|118,克力斯/蘇文儒,11,836,1001.0,15655.72,260.93,260:56,1423.25,23.72,23:43,419.0,38.09,41.86,57.81,479.0,43.55,47.85,66.09,377.0,34.27,37.66,52.01,156.0,14.18,15.58,21.52,224.0,20.36,22.38,30.91,106.0,9.64,10.59,14.62,153.0,13.91,15.28,21.11,50.0,4.55,5.0,6.9,77.0,7.0,7.69,10.62,57.0,5.18,5.69,7.86,69.0,6.27,6.89,9.52,158.0,14.36,15.78,21.8,52.0,4.73,5.19,7.17,155.0,14.09,15.48,21.39,81.0,7.36,8.09,11.18,87.0,7.91,8.69,12.0,50.0,4.55,5.0,6.9,23.0,2.09,2.3,3.17,86.0,7.82,8.59,11.87,91.0,8.27,9.09,12.56,41.86,47.85,-5.99,92.07,-60.0,-5.45,-5.99,260.93,23.72,0.48,0.51,0.47,0.33,0.74,0.16,0.56,0.31,0.75,0.52,5.0,2.3,0.09,9.09,0.2
2,高雄全家海神,51|10891,克力斯/廖偉皓,10,339,403.0,6505.5,108.42,108:25,650.55,10.84,10:51,188.0,18.8,46.65,62.42,215.0,21.5,53.35,71.39,159.0,15.9,39.45,52.79,70.0,7.0,17.37,23.24,82.0,8.2,20.35,27.23,42.0,4.2,10.42,13.95,77.0,7.7,19.11,25.57,28.0,2.8,6.95,9.3,27.0,2.7,6.7,8.96,20.0,2.0,4.96,6.64,29.0,2.9,7.2,9.63,67.0,6.7,16.63,22.25,19.0,1.9,4.71,6.31,61.0,6.1,15.14,20.25,28.0,2.8,6.95,9.3,46.0,4.6,11.41,15.27,22.0,2.2,5.46,7.3,4.0,0.4,0.99,1.33,28.0,2.8,6.95,9.3,41.0,4.1,10.17,13.61,46.65,53.35,-6.7,89.2,-27.0,-2.7,-6.7,108.42,10.84,0.53,0.55,0.51,0.36,0.74,0.14,0.66,0.32,0.78,0.55,5.46,0.99,0.07,10.17,0.17
2,高雄全家海神,51|10894,克力斯/凱帝,1,9,13.0,187.69,3.13,03:08,187.69,3.13,03:08,7.0,7.0,53.85,80.56,9.0,9.0,69.23,103.57,6.0,6.0,46.15,69.05,2.0,2.0,15.38,23.02,2.0,2.0,15.38,23.02,1.0,1.0,7.69,11.51,4.0,4.0,30.77,46.03,1.0,1.0,7.69,11.51,2.0,2.0,15.38,23.02,2.0,2.0,15.38,23.02,2.0,2.0,15.38,23.02,2.0,2.0,15.38,23.02,1.0,1.0,7.69,11.51,0.0,0.0,0.0,0.0,0.0,0.0,0.0,0.0,3.0,3.0,23.08,34.52,0.0,0.0,0.0,0.0,0.0,0.0,0.0,0.0,1.0,1.0,7.69,11.51,2.0,2.0,15.38,23.02,53.85,69.23,-15.38,99.74,-2.0,-2.0,-15.38,3.13,3.13,0.42,0.51,0.5,0.25,1.0,0.0,1.5,1.0,0.67,0.8,0.0,0.0,0.08,15.38,0.33
2,高雄全家海神,51|123,克力斯/勤明慶,2,5,7.0,82.93,1.38,01:23,41.46,0.69,00:41,0.0,0.0,0.0,0.0,1.0,0.5,14.29,26.05,2.0,1.0,28.57,52.09,0.0,0.0,0.0,0.0,1.0,0.5,14.29,26.05,0.0,0.0,0.0,0.0,1.0,0.5,14.29,26.05,0.0,0.0,0.0,0.0,2.0,1.0,28.57,52.09,0.0,0.0,0.0,0.0,1.0,0.5,14.29,26.05,2.0,1.0,28.57,52.09,0.0,0.0,0.0,0.0,3.0,1.5,42.86,78.14,1.0,0.5,14.29,26.05,0.0,0.0,0.0,0.0,0.0,0.0,0.0,0.0,0.0,0.0,0.0,0.0,1.0,0.5,14.29,26.05,2.0,1.0,28.57,52.09,0.0,14.29,-14.29,121.55,-1.0,-0.5,-14.29,1.38,0.69,0.0,0.0,0.0,0.0,0.0,0.26,,0.25,1.0,0.5,0.0,0.0,0.14,28.57,1.0
2,高雄全家海神,51|13275,克力斯/吳彥侖,10,558,669.0,9187.69,153.13,153:08,918.77,15.31,15:19,304.0,30.4,45.44,71.47,316.0,31.6,47.23,74.29,261.0,26.1,39.01,61.36,115.0,11.5,17.19,27.04,149.0,14.9,22.27,35.03,76.0,7.6,11.36,17.87,112.0,11.2,16.74,26.33,39.0,3.9,5.83,9.17,44.0,4.4,6.58,10.34,34.0,3.4,5.08,7.99,47.0,4.7,7.03,11.05,106.0,10.6,15.84,24.92,36.0,3.6,5.38,8.46,97.0,9.7,14.5,22.8,45.0,4.5,6.73,10.58,70.0,7.0,10.46,16.46,29.0,2.9,4.33,6.82,16.0,1.6,2.39,3.76,60.0,6.0,8.97,14.11,49.0,4.9,7.32,11.52,45.44,47.23,-1.79,104.85,-12.0,-1.2,-1.79,153.13,15.31,0.52,0.54,0.51,0.35,0.77,0.14,0.61,0.33,0.75,0.53,4.33,2.39,0.09,7.32,0.17
2,高雄全家海神,110|13275,胡瓏貿/吳彥侖,13,577,686.0,9584.79,159.75,159:45,737.29,12.29,12:17,300.0,23.08,43.73,67.61,330.0,25.38,48.1,74.37,275.0,21.15,40.09,61.97,117.0,9.0,17.06,26.37,155.0,11.92,22.59,34.93,81.0,6.23,11.81,18.25,120.0,9.23,17.49,27.04,36.0,2.77,5.25,8.11,36.0,2.77,5.25,8.11,29.0,2.23,4.23,6.54,48.0,3.69,7.0,10.82,109.0,8.38,15.89,24.56,37.0,2.85,5.39,8.34,99.0,7.62,14.43,22.31,48.0,3.69,7.0,10.82,57.0,4.38,8.31,12.85,27.0,2.08,3.94,6.08,20.0,1.54,2.92,4.51,54.0,4.15,7.87,12.17,53.0,4.08,7.73,11.94,43.73,48.1,-4.37,103.06,-30.0,-2.31,-4.37,159.75,12.29,0.49,0.52,0.52,0.3,0.81,0.14,0.49,0.33,0.75,0.54,3.94,2.92,0.08,7.73,0.13
2,高雄全家海神,118|13275,蘇文儒/吳彥侖,4,394,468.0,6659.87,111.0,111:00,1664.97,27.75,27:45,193.0,48.25,41.24,62.6,219.0,54.75,46.79,71.03,180.0,45.0,38.46,58.38,73.0,18.25,15.6,23.68,105.0,26.25,22.44,34.05,53.0,13.25,11.32,17.19,75.0,18.75,16.03,24.32,20.0,5.0,4.27,6.49,32.0,8.0,6.84,10.38,27.0,6.75,5.77,8.76,29.0,7.25,6.2,9.41,80.0,20.0,17.09,25.95,23.0,5.75,4.91,7.46,73.0,18.25,15.6,23.68,35.0,8.75,7.48,11.35,39.0,9.75,8.33,12.65,20.0,5.0,4.27,6.49,13.0,3.25,2.78,4.22,42.0,10.5,8.97,13.62,40.0,10.0,8.55,12.97,41.24,46.79,-5.56,101.19,-26.0,-6.5,-5.56,111.0,27.75,0.46,0.5,0.5,0.27,0.84,0.15,0.53,0.28,0.78,0.53,4.27,2.78,0.09,8.55,0.18
2,高雄全家海神,12908|13275,布里茲克/吳彥侖,8,556,662.0,9205.68,153.43,153:26,1150.71,19.18,19:11,277.0,34.62,41.84,64.99,298.0,37.25,45.02,69.92,258.0,32.25,38.97,60.54,103.0,12.88,15.56,24.17,143.0,17.88,21.6,33.55,72.0,9.0,10.88,16.89,115.0,14.38,17.37,26.98,31.0,3.88,4.68,7.27,47.0,5.88,7.1,11.03,38.0,4.75,5.74,8.92,45.0,5.62,6.8,10.56,112.0,14.0,16.92,26.28,36.0,4.5,5.44,8.45,96.0,12.0,14.5,22.53,48.0,6.0,7.25,11.26,53.0,6.62,8.01,12.44,24.0,3.0,3.63,5.63,18.0,2.25,2.72,4.22,64.0,8.0,9.67,15.02,50.0,6.25,7.55,11.73,41.84,45.02,-3.17,103.55,-21.0,-2.62,-3.17,153.43,19.18,0.46,0.5,0.5,0.27,0.81,0.15,0.51,0.32,0.76,0.54,3.63,2.72,0.1,7.55,0.18
2,高雄全家海神,123|13275,勤明慶/吳彥侖,5,70,87.0,1108.68,18.48,18:29,221.74,3.7,03:42,37.0,7.4,42.53,72.09,30.0,6.0,34.48,58.45,27.0,5.4,31.03,52.6,11.0,2.2,12.64,21.43,15.0,3.0,17.24,29.22,7.0,1.4,8.05,13.64,12.0,2.4,13.79,23.38,4.0,0.8,4.6,7.79,15.0,3.0,17.24,29.22,11.0,2.2,12.64,21.43,3.0,0.6,3.45,5.84,13.0,2.6,14.94,25.33,5.0,1.0,5.75,9.74,13.0,2.6,14.94,25.33,10.0,2.0,11.49,19.48,3.0,0.6,3.45,5.84,5.0,1.0,5.75,9.74,2.0,0.4,2.3,3.9,10.0,2.0,11.49,19.48,15.0,3.0,17.24,29.22,42.53,34.48,8.05,113.0,7.0,1.4,8.05,18.48,3.7,0.48,0.55,0.47,0.33,0.73,0.23,0.27,0.19,0.72,0.47,5.75,2.3,0.11,17.24,0.56
2,高雄全家海神,12668|13275,歐提斯/吳彥侖,5,128,164.0,1920.48,32.01,32:00,384.1,6.4,06:24,68.0,13.6,41.46,76.48,68.0,13.6,41.46,76.48,46.0,9.2,28.05,51.74,22.0,4.4,13.41,24.74,26.0,5.2,15.85,29.24,14.0,2.8,8.54,15.75,20.0,4.0,12.2,22.49,8.0,1.6,4.88,9.0,18.0,3.6,10.98,20.24,13.0,2.6,7.93,14.62,10.0,2.0,6.1,11.25,17.0,3.4,10.37,19.12,17.0,3.4,10.37,19.12,13.0,2.6,7.93,14.62,20.0,4.0,12.2,22.49,13.0,2.6,7.93,14.62,11.0,2.2,6.71,12.37,4.0,0.8,2.44,4.5,15.0,3.0,9.15,16.87,11.0,2.2,6.71,12.37,41.46,41.46,0.0,122.97,0.0,0.0,0.0,32.01,6.4,0.57,0.63,0.54,0.4,0.72,0.27,0.59,0.43,0.5,0.47,6.71,2.44,0.09,6.71,0.39
2,高雄全家海神,51|108,克力斯/魏莨哲,8,221,258.0,3478.56,57.98,57:59,434.82,7.25,07:15,97.0,12.12,37.6,60.23,130.0,16.25,50.39,80.72,95.0,11.88,36.82,58.99,33.0,4.12,12.79,20.49,54.0,6.75,20.93,33.53,21.0,2.62,8.14,13.04,41.0,5.12,15.89,25.46,12.0,1.5,4.65,7.45,25.0,3.12,9.69,15.52,19.0,2.38,7.36,11.8,23.0,2.88,8.91,14.28,41.0,5.12,15.89,25.46,8.0,1.0,3.1,4.97,43.0,5.38,16.67,26.7,27.0,3.38,10.47,16.77,22.0,2.75,8.53,13.66,17.0,2.12,6.59,10.56,6.0,0.75,2.33,3.73,18.0,2.25,6.98,11.18,26.0,3.25,10.08,16.14,37.6,50.39,-12.79,106.8,-33.0,-4.12,-12.79,57.98,7.25,0.41,0.46,0.39,0.29,0.76,0.2,0.67,0.35,0.84,0.56,6.59,2.33,0.07,10.08,0.26
2,高雄全家海神,51|12668,克力斯/歐提斯,5,202,250.0,3170.13,52.84,52:50,634.03,10.57,10:34,99.0,19.8,39.6,67.45,123.0,24.6,49.2,83.81,86.0,17.2,34.4,58.6,37.0,7.4,14.8,25.21,55.0,11.0,22.0,37.47,30.0,6.0,12.0,20.44,31.0,6.2,12.4,21.12,7.0,1.4,2.8,4.77,22.0,4.4,8.8,14.99,18.0,3.6,7.2,12.26,18.0,3.6,7.2,12.26,30.0,6.0,12.0,20.44,18.0,3.6,7.2,12.26,31.0,6.2,12.4,21.12,22.0,4.4,8.8,14.99,18.0,3.6,7.2,12.26,18.0,3.6,7.2,12.26,4.0,0.8,1.6,2.73,21.0,4.2,8.4,14.31,29.0,5.8,11.6,19.76,39.6,49.2,-9.6,113.56,-24.0,-4.8,-9.6,52.84,10.57,0.47,0.52,0.55,0.23,0.82,0.19,0.49,0.37,0.62,0.49,7.2,1.6,0.08,11.6,0.26
2,高雄全家海神,121|13275,吳曉謹/吳彥侖,9,207,251.0,3152.71,52.55,52:33,350.3,5.84,05:50,106.0,11.78,42.23,72.62,127.0,14.11,50.6,87.01,94.0,10.44,37.45,64.4,39.0,4.33,15.54,26.72,49.0,5.44,19.52,33.57,29.0,3.22,11.55,19.87,45.0,5.0,17.93,30.83,10.0,1.11,3.98,6.85,21.0,2.33,8.37,14.39,16.0,1.78,6.37,10.96,22.0,2.44,8.76,15.07,35.0,3.89,13.94,23.98,13.0,1.44,5.18,8.91,34.0,3.78,13.55,23.29,22.0,2.44,8.76,15.07,21.0,2.33,8.37,14.39,16.0,1.78,6.37,10.96,6.0,0.67,2.39,4.11,19.0,2.11,7.57,13.02,18.0,2.0,7.17,12.33,42.23,50.6,-8.37,114.64,-21.0,-2.33,-8.37,52.55,5.84,0.47,0.51,0.59,0.22,0.76,0.18,0.54,0.39,0.73,0.55,6.37,2.39,0.08,7.17,0.22
2,高雄全家海神,122|13275,陳懷安/吳彥侖,1,19,23.0,293.69,4.89,04:54,293.69,4.89,04:54,9.0,9.0,39.13,66.19,11.0,11.0,47.83,80.9,7.0,7.0,30.43,51.48,4.0,4.0,17.39,29.42,5.0,5.0,21.74,36.77,3.0,3.0,13.04,22.06,2.0,2.0,8.7,14.71,1.0,1.0,4.35,7.35,0.0,0.0,0.0,0.0,0.0,0.0,0.0,0.0,2.0,2.0,8.7,14.71,1.0,1.0,4.35,7.35,3.0,3.0,13.04,22.06,1.0,1.0,4.35,7.35,3.0,3.0,13.04,22.06,1.0,1.0,4.35,7.35,3.0,3.0,13.04,22.06,0.0,0.0,0.0,0.0,3.0,3.0,13.04,22.06,4.0,4.0,17.39,29.42,39.13,47.83,-8.7,112.77,-2.0,-2.0,-8.7,4.89,4.89,0.64,0.64,0.6,0.5,,0.3,0.25,0.67,0.25,0.43,13.04,0.0,0.13,17.39,0.0
2,福爾摩沙夢想家,91|10890,簡偉儒/湯普金斯,7,236,284.0,3740.75,62.35,62:21,534.39,8.91,08:54,137.0,19.57,48.24,79.11,136.0,19.43,47.89,78.53,116.0,16.57,40.85,66.98,50.0,7.14,17.61,28.87,63.0,9.0,22.18,36.38,33.0,4.71,11.62,19.06,53.0,7.57,18.66,30.6,17.0,2.43,5.99,9.82,34.0,4.86,11.97,19.63,25.0,3.57,8.8,14.44,26.0,3.71,9.15,15.01,44.0,6.29,15.49,25.41,13.0,1.86,4.58,7.51,45.0,6.43,15.85,25.98,12.0,1.71,4.23,6.93,32.0,4.57,11.27,18.48,4.0,0.57,1.41,2.31,6.0,0.86,2.11,3.46,24.0,3.43,8.45,13.86,21.0,3.0,7.39,12.13,48.24,47.89,0.35,109.33,1.0,0.14,0.35,62.35,8.91,0.5,0.52,0.52,0.32,0.74,0.08,0.64,0.37,0.77,0.55,1.41,2.11,0.08,7.39,0.29
2,高雄全家海神,111|122,唐維傑/陳懷安,3,91,106.0,1436.23,23.94,23:56,478.74,7.98,07:59,46.0,15.33,43.4,69.18,43.0,14.33,40.57,64.67,41.0,13.67,38.68,61.66,19.0,6.33,17.92,28.57,29.0,9.67,27.36,43.61,14.0,4.67,13.21,21.06,12.0,4.0,11.32,18.05,5.0,1.67,4.72,7.52,10.0,3.33,9.43,15.04,7.0,2.33,6.6,10.53,9.0,3.0,8.49,13.54,13.0,4.33,12.26,19.55,5.0,1.67,4.72,7.52,16.0,5.33,15.09,24.06,9.0,3.0,8.49,13.54,13.0,4.33,12.26,19.55,8.0,2.67,7.55,12.03,0.0,0.0,0.0,0.0,13.0,4.33,12.26,19.55,5.0,1.67,4.72,7.52,43.4,40.57,2.83,106.28,3.0,1.0,2.83,23.94,7.98,0.52,0.51,0.48,0.42,0.7,0.17,0.68,0.36,0.72,0.51,7.55,0.0,0.12,4.72,0.24
2,高雄全家海神,111|123,唐維傑/勤明慶,4,25,34.0,402.04,6.7,06:42,100.51,1.68,01:41,8.0,2.0,23.53,42.98,17.0,4.25,50.0,91.34,11.0,2.75,32.35,59.1,1.0,0.25,2.94,5.37,8.0,2.0,23.53,42.98,1.0,0.25,2.94,5.37,3.0,0.75,8.82,16.12,0.0,0.0,0.0,0.0,9.0,2.25,26.47,48.35,6.0,1.5,17.65,32.24,4.0,1.0,11.76,21.49,6.0,1.5,17.65,32.24,3.0,0.75,8.82,16.12,4.0,1.0,11.76,21.49,3.0,0.75,8.82,16.12,0.0,0.0,0.0,0.0,3.0,0.75,8.82,16.12,1.0,0.25,2.94,5.37,2.0,0.5,5.88,10.75,1.0,0.25,2.94,5.37,23.53,50.0,-26.47,121.78,-9.0,-2.25,-26.47,6.7,1.68,0.09,0.27,0.12,0.0,0.67,0.17,0.0,0.5,0.67,0.59,8.82,2.94,0.06,2.94,0.82
2,高雄全家海神,111|10891,唐維傑/廖偉皓,5,106,126.0,1637.94,27.3,27:18,327.59,5.46,05:28,44.0,8.8,34.92,58.02,54.0,10.8,42.86,71.21,53.0,10.6,42.06,69.89,14.0,2.8,11.11,18.46,38.0,7.6,30.16,50.11,9.0,1.8,7.14,11.87,15.0,3.0,11.9,19.78,5.0,1.0,3.97,6.59,18.0,3.6,14.29,23.74,13.0,2.6,10.32,17.14,11.0,2.2,8.73,14.51,27.0,5.4,21.43,35.61,4.0,0.8,3.17,5.27,23.0,4.6,18.25,30.33,5.0,1.0,3.97,6.59,9.0,1.8,7.14,11.87,4.0,0.8,3.17,5.27,4.0,0.8,3.17,5.27,12.0,2.4,9.52,15.82,16.0,3.2,12.7,21.1,34.92,42.86,-7.94,110.77,-10.0,-2.0,-7.94,27.3,5.46,0.31,0.36,0.24,0.33,0.72,0.08,0.64,0.32,0.87,0.58,3.17,3.17,0.1,12.7,0.34
2,高雄全家海神,111|12668,唐維傑/歐提斯,4,159,188.0,2436.24,40.6,40:36,609.06,10.15,10:09,84.0,21.0,44.68,74.48,100.0,25.0,53.19,88.66,63.0,15.75,33.51,55.86,33.0,8.25,17.55,29.26,44.0,11.0,23.4,39.01,27.0,6.75,14.36,23.94,19.0,4.75,10.11,16.85,6.0,1.5,3.19,5.32,26.0,6.5,13.83,23.05,17.0,4.25,9.04,15.07,11.0,2.75,5.85,9.75,20.0,5.0,10.64,17.73,10.0,2.5,5.32,8.87,26.0,6.5,13.83,23.05,20.0,5.0,10.64,17.73,16.0,4.0,8.51,14.19,15.0,3.75,7.98,13.3,2.0,0.5,1.06,1.77,14.0,3.5,7.45,12.41,15.0,3.75,7.98,13.3,44.68,53.19,-8.51,111.12,-16.0,-4.0,-8.51,40.6,10.15,0.57,0.56,0.61,0.32,0.65,0.21,0.48,0.3,0.67,0.46,7.98,1.06,0.07,7.98,0.41
2,高雄全家海神,51|111,克力斯/唐維傑,9,307,369.0,4908.78,81.81,81:49,545.42,9.09,09:05,138.0,15.33,37.4,60.72,175.0,19.44,47.43,77.0,137.0,15.22,37.13,60.28,57.0,6.33,15.45,25.08,90.0,10.0,24.39,39.6,45.0,5.0,12.2,19.8,47.0,5.22,12.74,20.68,12.0,1.33,3.25,5.28,25.0,2.78,6.78,11.0,16.0,1.78,4.34,7.04,26.0,2.89,7.05,11.44,57.0,6.33,15.45,25.08,25.0,2.78,6.78,11.0,52.0,5.78,14.09,22.88,31.0,3.44,8.4,13.64,32.0,3.56,8.67,14.08,20.0,2.22,5.42,8.8,9.0,1.0,2.44,3.96,30.0,3.33,8.13,13.2,35.0,3.89,9.49,15.4,37.4,47.43,-10.03,108.25,-37.0,-4.11,-10.03,81.81,9.09,0.46,0.47,0.5,0.26,0.64,0.17,0.56,0.33,0.7,0.52,5.42,2.44,0.08,9.49,0.18
2,高雄全家海神,108|111,魏莨哲/唐維傑,4,87,103.0,1357.22,22.62,22:37,339.31,5.66,05:39,31.0,7.75,30.1,49.34,47.0,11.75,45.63,74.8,40.0,10.0,38.83,63.66,11.0,2.75,10.68,17.51,31.0,7.75,30.1,49.34,7.0,1.75,6.8,11.14,9.0,2.25,8.74,14.32,4.0,1.0,3.88,6.37,6.0,1.5,5.83,9.55,5.0,1.25,4.85,7.96,8.0,2.0,7.77,12.73,19.0,4.75,18.45,30.24,6.0,1.5,5.83,9.55,18.0,4.5,17.48,28.65,9.0,2.25,8.74,14.32,4.0,1.0,3.88,6.37,6.0,1.5,5.83,9.55,3.0,0.75,2.91,4.77,6.0,1.5,5.83,9.55,8.0,2.0,7.77,12.73,30.1,45.63,-15.53,109.28,-16.0,-4.0,-15.53,22.62,5.66,0.32,0.36,0.23,0.44,0.83,0.17,0.36,0.31,0.76,0.53,5.83,2.91,0.06,7.77,0.15
2,高雄全家海神,111|121,唐維傑/吳曉謹,10,231,283.0,3748.98,62.48,62:29,374.9,6.25,06:15,118.0,11.8,41.7,67.99,116.0,11.6,40.99,66.83,110.0,11.0,38.87,63.38,42.0,4.2,14.84,24.2,64.0,6.4,22.61,36.87,28.0,2.8,9.89,16.13,46.0,4.6,16.25,26.5,14.0,1.4,4.95,8.07,28.0,2.8,9.89,16.13,21.0,2.1,7.42,12.1,28.0,2.8,9.89,16.13,43.0,4.3,15.19,24.77,16.0,1.6,5.65,9.22,42.0,4.2,14.84,24.2,23.0,2.3,8.13,13.25,26.0,2.6,9.19,14.98,15.0,1.5,5.3,8.64,5.0,0.5,1.77,2.88,28.0,2.8,9.89,16.13,28.0,2.8,9.89,16.13,41.7,40.99,0.71,108.7,2.0,0.2,0.71,62.48,6.25,0.45,0.48,0.44,0.3,0.75,0.16,0.62,0.4,0.73,0.55,5.3,1.77,0.1,9.89,0.25
2,高雄全家海神,111|13275,唐維傑/吳彥侖,4,61,71.0,848.57,14.14,14:09,212.14,3.54,03:32,31.0,7.75,43.66,78.91,41.0,10.25,57.75,104.36,23.0,5.75,32.39,58.55,10.0,2.5,14.08,25.45,17.0,4.25,23.94,43.27,7.0,1.75,9.86,17.82,6.0,1.5,8.45,15.27,3.0,0.75,4.23,7.64,12.0,3.0,16.9,30.55,8.0,2.0,11.27,20.36,4.0,1.0,5.63,10.18,11.0,2.75,15.49,28.0,4.0,1.0,5.63,10.18,10.0,2.5,14.08,25.45,6.0,1.5,8.45,15.27,10.0,2.5,14.08,25.45,3.0,0.75,4.23,7.64,3.0,0.75,4.23,7.64,6.0,1.5,8.45,15.27,9.0,2.25,12.68,22.91,43.66,57.75,-14.08,120.49,-10.0,-2.5,-14.08,14.14,3.54,0.5,0.55,0.41,0.5,0.67,0.18,1.0,0.29,0.73,0.52,4.23,4.23,0.08,12.68,0.52
2,高雄全家海神,111|116,唐維傑/呂威霆,9,296,360.0,4626.77,77.11,77:07,514.09,8.57,08:34,127.0,14.11,35.28,59.29,165.0,18.33,45.83,77.03,140.0,15.56,38.89,65.36,47.0,5.22,13.06,21.94,94.0,10.44,26.11,43.88,40.0,4.44,11.11,18.67,46.0,5.11,12.78,21.48,7.0,0.78,1.94,3.27,39.0,4.33,10.83,18.21,30.0,3.33,8.33,14.01,30.0,3.33,8.33,14.01,63.0,7.0,17.5,29.41,23.0,2.56,6.39,10.74,51.0,5.67,14.17,23.81,20.0,2.22,5.56,9.34,27.0,3.0,7.5,12.6,15.0,1.67,4.17,7.0,7.0,0.78,1.94,3.27,34.0,3.78,9.44,15.87,46.0,5.11,12.78,21.48,35.28,45.83,-10.56,112.04,-38.0,-4.22,-10.56,77.11,8.57,0.36,0.4,0.43,0.15,0.77,0.11,0.57,0.37,0.73,0.56,4.17,1.94,0.09,12.78,0.28
2,新北國王,24|13029,蘇士軒/杰倫,13,1152,1315.0,19085.98,318.1,318:06,1468.15,24.47,24:28,648.0,49.85,49.28,73.34,678.0,52.15,51.56,76.73,513.0,39.46,39.01,58.06,251.0,19.31,19.09,28.41,303.0,23.31,23.04,34.29,172.0,13.23,13.08,19.47,210.0,16.15,15.97,23.77,79.0,6.08,6.01,8.94,93.0,7.15,7.07,10.53,64.0,4.92,4.87,7.24,69.0,5.31,5.25,7.81,202.0,15.54,15.36,22.86,65.0,5.0,4.94,7.36,193.0,14.85,14.68,21.84,83.0,6.38,6.31,9.39,132.0,10.15,10.04,14.94,50.0,3.85,3.8,5.66,16.0,1.23,1.22,1.81,96.0,7.38,7.3,10.86,105.0,8.08,7.98,11.88,49.28,51.56,-2.28,99.21,-30.0,-2.31,-2.28,318.1,24.47,0.57,0.58,0.57,0.38,0.69,0.13,0.53,0.26,0.76,0.51,3.8,1.22,0.07,7.98,0.18
2,新北國王,29|13029,林書緯/杰倫,13,1261,1461.0,20858.69,347.64,347:39,1604.51,26.74,26:45,717.0,55.15,49.08,74.25,727.0,55.92,49.76,75.28,579.0,44.54,39.63,59.96,270.0,20.77,18.48,27.96,325.0,25.0,22.25,33.66,183.0,14.08,12.53,18.95,254.0,19.54,17.39,26.3,87.0,6.69,5.95,9.01,110.0,8.46,7.53,11.39,83.0,6.38,5.68,8.59,88.0,6.77,6.02,9.11,227.0,17.46,15.54,23.51,76.0,5.85,5.2,7.87,211.0,16.23,14.44,21.85,92.0,7.08,6.3,9.53,146.0,11.23,9.99,15.12,57.0,4.38,3.9,5.9,16.0,1.23,1.1,1.66,102.0,7.85,6.98,10.56,123.0,9.46,8.42,12.74,49.08,49.76,-0.68,100.86,-10.0,-0.77,-0.68,347.64,26.74,0.54,0.57,0.56,0.34,0.75,0.13,0.54,0.29,0.75,0.52,3.9,1.1,0.07,8.42,0.19
2,新北國王,34|13029,沃許本/杰倫,12,1001,1173.0,17041.76,284.03,284:02,1420.15,23.67,23:40,584.0,48.67,49.79,74.02,556.0,46.33,47.4,70.47,463.0,38.58,39.47,58.68,221.0,18.42,18.84,28.01,269.0,22.42,22.93,34.1,151.0,12.58,12.87,19.14,194.0,16.17,16.54,24.59,70.0,5.83,5.97,8.87,88.0,7.33,7.5,11.15,67.0,5.58,5.71,8.49,69.0,5.75,5.88,8.75,176.0,14.67,15.0,22.31,67.0,5.58,5.71,8.49,175.0,14.58,14.92,22.18,74.0,6.17,6.31,9.38,113.0,9.42,9.63,14.32,44.0,3.67,3.75,5.58,12.0,1.0,1.02,1.52,87.0,7.25,7.42,11.03,69.0,5.75,5.88,8.75,49.79,47.4,2.39,99.12,28.0,2.33,2.39,284.03,23.67,0.55,0.58,0.56,0.36,0.76,0.13,0.51,0.28,0.72,0.5,3.75,1.02,0.07,5.88,0.19
2,新北國王,10874|13029,熊祥泰/杰倫,12,488,575.0,7839.79,130.66,130:40,653.32,10.89,10:53,280.0,23.33,48.7,77.14,265.0,22.08,46.09,73.01,236.0,19.67,41.04,65.02,103.0,8.58,17.91,28.38,119.0,9.92,20.7,32.79,60.0,5.0,10.43,16.53,117.0,9.75,20.35,32.24,43.0,3.58,7.48,11.85,41.0,3.42,7.13,11.3,31.0,2.58,5.39,8.54,45.0,3.75,7.83,12.4,87.0,7.25,15.13,23.97,27.0,2.25,4.7,7.44,81.0,6.75,14.09,22.32,35.0,2.92,6.09,9.64,60.0,5.0,10.43,16.53,21.0,1.75,3.65,5.79,4.0,0.33,0.7,1.1,38.0,3.17,6.61,10.47,59.0,4.92,10.26,16.26,48.7,46.09,2.61,105.62,15.0,1.25,2.61,130.66,10.89,0.53,0.55,0.5,0.37,0.76,0.12,0.58,0.36,0.76,0.55,3.65,0.7,0.07,10.26,0.17
2,新北國王,10872|13029,林彥廷/杰倫,13,816,944.0,13713.5,228.56,228:34,1054.88,17.58,17:35,465.0,35.77,49.26,73.24,460.0,35.38,48.73,72.45,368.0,28.31,38.98,57.96,178.0,13.69,18.86,28.04,216.0,16.62,22.88,34.02,119.0,9.15,12.61,18.74,152.0,11.69,16.1,23.94,59.0,4.54,6.25,9.29,75.0,5.77,7.94,11.81,48.0,3.69,5.08,7.56,54.0,4.15,5.72,8.51,144.0,11.08,15.25,22.68,50.0,3.85,5.3,7.88,147.0,11.31,15.57,23.15,57.0,4.38,6.04,8.98,101.0,7.77,10.7,15.91,32.0,2.46,3.39,5.04,8.0,0.62,0.85,1.26,78.0,6.0,8.26,12.29,87.0,6.69,9.22,13.7,49.26,48.73,0.53,99.13,5.0,0.38,0.53,228.56,17.58,0.56,0.58,0.55,0.39,0.64,0.12,0.57,0.27,0.74,0.5,3.39,0.85,0.08,9.22,0.2
2,新北國王,10875|13029,傑登/杰倫,6,296,346.0,4612.49,76.87,76:52,768.75,12.81,12:49,179.0,29.83,51.73,83.82,175.0,29.17,50.58,81.95,141.0,23.5,40.75,66.03,68.0,11.33,19.65,31.84,79.0,13.17,22.83,37.0,45.0,7.5,13.01,21.07,62.0,10.33,17.92,29.03,23.0,3.83,6.65,10.77,31.0,5.17,8.96,14.52,19.0,3.17,5.49,8.9,28.0,4.67,8.09,13.11,52.0,8.67,15.03,24.35,21.0,3.5,6.07,9.83,47.0,7.83,13.58,22.01,18.0,3.0,5.2,8.43,39.0,6.5,11.27,18.26,11.0,1.83,3.18,5.15,3.0,0.5,0.87,1.4,29.0,4.83,8.38,13.58,39.0,6.5,11.27,18.26,51.73,50.58,1.16,108.02,4.0,0.67,1.16,76.87,12.81,0.56,0.58,0.57,0.37,0.61,0.1,0.57,0.37,0.71,0.54,3.18,0.87,0.08,11.27,0.22
2,新北國王,23|10874,王柏智/熊祥泰,7,76,91.0,1225.02,20.42,20:25,175.0,2.92,02:55,43.0,6.14,47.25,75.82,53.0,7.57,58.24,93.45,38.0,5.43,41.76,67.0,17.0,2.43,18.68,29.98,18.0,2.57,19.78,31.74,11.0,1.57,12.09,19.4,20.0,2.86,21.98,35.26,6.0,0.86,6.59,10.58,3.0,0.43,3.3,5.29,3.0,0.43,3.3,5.29,5.0,0.71,5.49,8.82,16.0,2.29,17.58,28.21,8.0,1.14,8.79,14.11,10.0,1.43,10.99,17.63,4.0,0.57,4.4,7.05,9.0,1.29,9.89,15.87,3.0,0.43,3.3,5.29,0.0,0.0,0.0,0.0,7.0,1.0,7.69,12.34,12.0,1.71,13.19,21.16,47.25,58.24,-10.99,106.97,-10.0,-1.43,-10.99,20.42,2.92,0.53,0.55,0.61,0.3,1.0,0.09,0.53,0.33,0.67,0.54,3.3,0.0,0.08,13.19,0.08
2,新北國王,23|13029,王柏智/杰倫,9,131,152.0,2086.46,34.77,34:46,231.83,3.86,03:52,78.0,8.67,51.32,80.75,83.0,9.22,54.61,85.93,61.0,6.78,40.13,63.15,29.0,3.22,19.08,30.02,28.0,3.11,18.42,28.99,18.0,2.0,11.84,18.63,33.0,3.67,21.71,34.16,11.0,1.22,7.24,11.39,11.0,1.22,7.24,11.39,8.0,0.89,5.26,8.28,8.0,0.89,5.26,8.28,26.0,2.89,17.11,26.92,10.0,1.11,6.58,10.35,19.0,2.11,12.5,19.67,7.0,0.78,4.61,7.25,12.0,1.33,7.89,12.42,4.0,0.44,2.63,4.14,2.0,0.22,1.32,2.07,13.0,1.44,8.55,13.46,25.0,2.78,16.45,25.88,51.32,54.61,-3.29,104.91,-5.0,-0.56,-3.29,34.77,3.86,0.57,0.59,0.64,0.33,0.73,0.1,0.41,0.3,0.72,0.54,2.63,1.32,0.09,16.45,0.18
2,新北國王,28|13029,呂政儒/杰倫,11,329,381.0,5110.98,85.18,85:11,464.63,7.74,07:45,186.0,16.91,48.82,78.61,194.0,17.64,50.92,81.99,141.0,12.82,37.01,59.59,70.0,6.36,18.37,29.58,78.0,7.09,20.47,32.96,44.0,4.0,11.55,18.6,63.0,5.73,16.54,26.63,26.0,2.36,6.82,10.99,27.0,2.45,7.09,11.41,19.0,1.73,4.99,8.03,16.0,1.45,4.2,6.76,59.0,5.36,15.49,24.93,24.0,2.18,6.3,10.14,61.0,5.55,16.01,25.78,25.0,2.27,6.56,10.57,41.0,3.73,10.76,17.33,15.0,1.36,3.94,6.34,3.0,0.27,0.79,1.27,31.0,2.82,8.14,13.1,41.0,3.73,10.76,17.33,48.82,50.92,-2.1,107.35,-8.0,-0.73,-2.1,85.18,7.74,0.59,0.61,0.56,0.41,0.7,0.14,0.59,0.21,0.71,0.47,3.94,0.79,0.08,10.76,0.19
2,新北國王,21|13029,李愷諺/杰倫,10,651,752.0,10511.89,175.2,175:12,1051.19,17.52,17:31,349.0,34.9,46.41,71.71,386.0,38.6,51.33,79.32,300.0,30.0,39.89,61.64,133.0,13.3,17.69,27.33,182.0,18.2,24.2,37.4,101.0,10.1,13.43,20.75,118.0,11.8,15.69,24.25,32.0,3.2,4.26,6.58,66.0,6.6,8.78,13.56,49.0,4.9,6.52,10.07,49.0,4.9,6.52,10.07,121.0,12.1,16.09,24.86,39.0,3.9,5.19,8.01,107.0,10.7,14.23,21.99,41.0,4.1,5.45,8.42,67.0,6.7,8.91,13.77,27.0,2.7,3.59,5.55,10.0,1.0,1.33,2.05,56.0,5.6,7.45,11.51,49.0,4.9,6.52,10.07,46.41,51.33,-4.92,103.01,-37.0,-3.7,-4.92,175.2,17.52,0.5,0.53,0.55,0.27,0.74,0.11,0.5,0.31,0.76,0.54,3.59,1.33,0.07,6.52,0.22
2,新北國王,25|13029,林金榜/杰倫,4,40,47.0,682.15,11.37,11:22,170.54,2.84,02:51,23.0,5.75,48.94,72.83,21.0,5.25,44.68,66.5,15.0,3.75,31.91,47.5,7.0,1.75,14.89,22.17,7.0,1.75,14.89,22.17,3.0,0.75,6.38,9.5,8.0,2.0,17.02,25.33,4.0,1.0,8.51,12.67,8.0,2.0,17.02,25.33,5.0,1.25,10.64,15.83,3.0,0.75,6.38,9.5,6.0,1.5,12.77,19.0,4.0,1.0,8.51,12.67,11.0,2.75,23.4,34.83,4.0,1.0,8.51,12.67,4.0,1.0,8.51,12.67,2.0,0.5,4.26,6.33,0.0,0.0,0.0,0.0,3.0,0.75,6.38,9.5,4.0,1.0,8.51,12.67,48.94,44.68,4.26,99.22,2.0,0.5,4.26,11.37,2.84,0.6,0.62,0.43,0.5,0.62,0.18,0.57,0.21,0.6,0.38,4.26,0.0,0.06,8.51,0.53
2,新北國王,19|13029,蘇培凱/杰倫,2,21,27.0,300.6,5.01,05:01,150.3,2.5,02:30,10.0,5.0,37.04,71.86,7.0,3.5,25.93,50.3,9.0,4.5,33.33,64.67,3.0,1.5,11.11,21.56,4.0,2.0,14.81,28.74,3.0,1.5,11.11,21.56,5.0,2.5,18.52,35.93,0.0,0.0,0.0,0.0,7.0,3.5,25.93,50.3,4.0,2.0,14.81,28.74,2.0,1.0,7.41,14.37,6.0,3.0,22.22,43.11,3.0,1.5,11.11,21.56,6.0,3.0,22.22,43.11,1.0,0.5,3.7,7.19,1.0,0.5,3.7,7.19,1.0,0.5,3.7,7.19,0.0,0.0,0.0,0.0,4.0,2.0,14.81,28.74,1.0,0.5,3.7,7.19,37.04,25.93,11.11,129.34,3.0,1.5,11.11,5.01,2.5,0.33,0.41,0.75,0.0,0.57,0.08,0.33,0.25,0.67,0.47,3.7,0.0,0.15,3.7,0.78
2,桃園台啤永豐雲豹,55|57,汪哲宇/莊博元,7,55,72.0,884.14,14.74,14:44,126.31,2.11,02:06,23.0,3.29,31.94,56.19,28.0,4.0,38.89,68.41,20.0,2.86,27.78,48.86,8.0,1.14,11.11,19.54,10.0,1.43,13.89,24.43,7.0,1.0,9.72,17.1,10.0,1.43,13.89,24.43,1.0,0.14,1.39,2.44,10.0,1.43,13.89,24.43,6.0,0.86,8.33,14.66,5.0,0.71,6.94,12.22,8.0,1.14,11.11,19.54,9.0,1.29,12.5,21.99,12.0,1.71,16.67,29.32,8.0,1.14,11.11,19.54,2.0,0.29,2.78,4.89,3.0,0.43,4.17,7.33,0.0,0.0,0.0,0.0,9.0,1.29,12.5,21.99,10.0,1.43,13.89,24.43,31.94,38.89,-6.94,117.27,-5.0,-0.71,-6.94,14.74,2.11,0.42,0.47,0.7,0.1,0.6,0.25,0.25,0.29,0.47,0.38,4.17,0.0,0.12,13.89,0.5
2,桃園台啤永豐雲豹,55|68,汪哲宇/克羅馬,9,105,123.0,1517.22,25.29,25:17,168.58,2.81,02:49,65.0,7.22,52.85,92.54,52.0,5.78,42.28,74.03,49.0,5.44,39.84,69.76,25.0,2.78,20.33,35.59,26.0,2.89,21.14,37.02,15.0,1.67,12.2,21.35,23.0,2.56,18.7,32.74,10.0,1.11,8.13,14.24,10.0,1.11,8.13,14.24,6.0,0.67,4.88,8.54,7.0,0.78,5.69,9.97,16.0,1.78,13.01,22.78,7.0,0.78,5.69,9.97,20.0,2.22,16.26,28.47,7.0,0.78,5.69,9.97,13.0,1.44,10.57,18.51,3.0,0.33,2.44,4.27,2.0,0.22,1.63,2.85,7.0,0.78,5.69,9.97,24.0,2.67,19.51,34.17,52.85,42.28,10.57,116.74,13.0,1.44,10.57,25.29,2.81,0.61,0.61,0.58,0.43,0.6,0.12,0.52,0.26,0.7,0.46,2.44,1.63,0.06,19.51,0.2
2,新北國王,19|10871,蘇培凱/鍾理翔,5,52,69.0,728.05,12.13,12:08,145.61,2.43,02:26,17.0,3.4,24.64,50.44,25.0,5.0,36.23,74.17,22.0,4.4,31.88,65.27,6.0,1.2,8.7,17.8,10.0,2.0,14.49,29.67,5.0,1.0,7.25,14.83,12.0,2.4,17.39,35.6,1.0,0.2,1.45,2.97,14.0,2.8,20.29,41.54,4.0,0.8,5.8,11.87,9.0,1.8,13.04,26.7,12.0,2.4,17.39,35.6,3.0,0.6,4.35,8.9,7.0,1.4,10.14,20.77,9.0,1.8,13.04,26.7,1.0,0.2,1.45,2.97,7.0,1.4,10.14,20.77,0.0,0.0,0.0,0.0,5.0,1.0,7.25,14.83,12.0,2.4,17.39,35.6,24.64,36.23,-11.59,136.47,-8.0,-1.6,-11.59,12.13,2.43,0.3,0.3,0.5,0.08,0.29,0.24,0.17,0.56,0.8,0.68,10.14,0.0,0.07,17.39,0.64
2,新竹御嵿攻城獅,78|87,朱雲豪/蔡宸綱,3,64,76.0,990.43,16.51,16:30,330.14,5.5,05:30,25.0,8.33,32.89,54.52,37.0,12.33,48.68,80.69,31.0,10.33,40.79,67.61,11.0,3.67,14.47,23.99,17.0,5.67,22.37,37.07,10.0,3.33,13.16,21.81,14.0,4.67,18.42,30.53,1.0,0.33,1.32,2.18,4.0,1.33,5.26,8.72,2.0,0.67,2.63,4.36,3.0,1.0,3.95,6.54,18.0,6.0,23.68,39.26,7.0,2.33,9.21,15.27,12.0,4.0,15.79,26.17,2.0,0.67,2.63,4.36,5.0,1.67,6.58,10.9,2.0,0.67,2.63,4.36,1.0,0.33,1.32,2.18,8.0,2.67,10.53,17.45,9.0,3.0,11.84,19.63,32.89,48.68,-15.79,110.5,-12.0,-4.0,-15.79,16.51,5.5,0.37,0.38,0.59,0.07,0.5,0.06,0.45,0.2,0.72,0.52,2.63,1.32,0.11,11.84,0.13
2,新竹御嵿攻城獅,76|84,曾柏喻/李家瑞,2,8,8.0,113.0,1.88,01:53,56.5,0.94,00:56,5.0,2.5,62.5,95.58,3.0,1.5,37.5,57.35,4.0,2.0,50.0,76.46,2.0,1.0,25.0,38.23,1.0,0.5,12.5,19.12,1.0,0.5,12.5,19.12,3.0,1.5,37.5,57.35,1.0,0.5,12.5,19.12,0.0,0.0,0.0,0.0,0.0,0.0,0.0,0.0,0.0,0.0,0.0,0.0,2.0,1.0,25.0,38.23,0.0,0.0,0.0,0.0,0.0,0.0,0.0,0.0,0.0,0.0,0.0,0.0,2.0,1.0,25.0,38.23,0.0,0.0,0.0,0.0,0.0,0.0,0.0,0.0,0.0,0.0,0.0,0.0,2.0,1.0,25.0,38.23,62.5,37.5,25.0,101.95,2.0,1.0,25.0,1.88,0.94,0.62,0.62,1.0,0.33,,0.0,1.0,,1.0,1.0,0.0,0.0,0.0,25.0,0.0
2,新竹御嵿攻城獅,84|88,李家瑞/盧冠軒,2,9,11.0,156.96,2.62,02:37,78.48,1.31,01:18,1.0,0.5,9.09,13.76,5.0,2.5,45.45,68.81,5.0,2.5,45.45,68.81,0.0,0.0,0.0,0.0,2.0,1.0,18.18,27.52,0.0,0.0,0.0,0.0,3.0,1.5,27.27,41.28,0.0,0.0,0.0,0.0,2.0,1.0,18.18,27.52,1.0,0.5,9.09,13.76,2.0,1.0,18.18,27.52,3.0,1.5,27.27,41.28,0.0,0.0,0.0,0.0,0.0,0.0,0.0,0.0,0.0,0.0,0.0,0.0,0.0,0.0,0.0,0.0,0.0,0.0,0.0,0.0,0.0,0.0,0.0,0.0,1.0,0.5,9.09,13.76,2.0,1.0,18.18,27.52,9.09,45.45,-36.36,100.92,-4.0,-2.0,-36.36,2.62,1.31,0.0,0.09,0.0,0.0,0.5,0.0,,1.0,1.0,1.0,0.0,0.0,0.09,18.18,0.4
2,桃園台啤永豐雲豹,54|55,高錦瑋/汪哲宇,5,47,53.0,673.64,11.23,11:14,134.73,2.25,02:15,32.0,6.4,60.38,102.61,24.0,4.8,45.28,76.96,17.0,3.4,32.08,54.51,11.0,2.2,20.75,35.27,9.0,1.8,16.98,28.86,5.0,1.0,9.43,16.03,8.0,1.6,15.09,25.65,6.0,1.2,11.32,19.24,8.0,1.6,15.09,25.65,4.0,0.8,7.55,12.83,0.0,0.0,0.0,0.0,7.0,1.4,13.21,22.45,5.0,1.0,9.43,16.03,9.0,1.8,16.98,28.86,3.0,0.6,5.66,9.62,8.0,1.6,15.09,25.65,3.0,0.6,5.66,9.62,0.0,0.0,0.0,0.0,4.0,0.8,7.55,12.83,9.0,1.8,16.98,28.86,60.38,45.28,15.09,113.3,8.0,1.6,15.09,11.23,2.25,0.82,0.78,0.56,0.75,0.5,0.13,0.73,0.0,0.58,0.33,5.66,0.0,0.08,16.98,0.47
2,新竹御嵿攻城獅,80|84,田浩/李家瑞,4,10,10.0,172.96,2.88,02:53,43.24,0.72,00:43,2.0,0.5,20.0,24.98,2.0,0.5,20.0,24.98,4.0,1.0,40.0,49.95,0.0,0.0,0.0,0.0,2.0,0.5,20.0,24.98,0.0,0.0,0.0,0.0,2.0,0.5,20.0,24.98,0.0,0.0,0.0,0.0,4.0,1.0,40.0,49.95,3.0,0.75,30.0,37.46,0.0,0.0,0.0,0.0,4.0,1.0,40.0,49.95,0.0,0.0,0.0,0.0,1.0,0.25,10.0,12.49,0.0,0.0,0.0,0.0,0.0,0.0,0.0,0.0,0.0,0.0,0.0,0.0,0.0,0.0,0.0,0.0,1.0,0.25,10.0,12.49,4.0,1.0,40.0,49.95,20.0,20.0,0.0,83.26,0.0,0.0,0.0,2.88,0.72,0.0,0.17,0.0,0.0,0.75,0.0,,0.0,1.0,0.8,0.0,0.0,0.1,40.0,1.0
2,臺北台新戰神,1|13400,丁聖儒/史東,8,596,707.0,10133.45,168.89,168:53,1266.68,21.11,21:07,317.0,39.62,44.84,67.57,357.0,44.62,50.5,76.1,259.0,32.38,36.63,55.21,113.0,14.12,15.98,24.09,153.0,19.12,21.64,32.61,78.0,9.75,11.03,16.63,106.0,13.25,14.99,22.59,35.0,4.38,4.95,7.46,74.0,9.25,10.47,15.77,54.0,6.75,7.64,11.51,40.0,5.0,5.66,8.53,116.0,14.5,16.41,24.73,48.0,6.0,6.79,10.23,82.0,10.25,11.6,17.48,50.0,6.25,7.07,10.66,64.0,8.0,9.05,13.64,31.0,3.88,4.38,6.61,20.0,2.5,2.83,4.26,62.0,7.75,8.77,13.22,82.0,10.25,11.6,17.48,44.84,50.5,-5.66,100.47,-40.0,-5.0,-5.66,168.89,21.11,0.5,0.54,0.51,0.33,0.73,0.15,0.57,0.33,0.71,0.55,4.38,2.83,0.09,11.6,0.29
2,臺北台新戰神,10|13400,雷蒙恩/史東,8,508,610.0,8756.36,145.94,145:56,1094.54,18.24,18:15,271.0,33.88,44.43,66.85,315.0,39.38,51.64,77.7,217.0,27.12,35.57,53.53,95.0,11.88,15.57,23.43,125.0,15.62,20.49,30.83,65.0,8.12,10.66,16.03,92.0,11.5,15.08,22.69,30.0,3.75,4.92,7.4,68.0,8.5,11.15,16.77,48.0,6.0,7.87,11.84,32.0,4.0,5.25,7.89,98.0,12.25,16.07,24.17,41.0,5.12,6.72,10.11,80.0,10.0,13.11,19.73,38.0,4.75,6.23,9.37,57.0,7.12,9.34,14.06,27.0,3.38,4.43,6.66,14.0,1.75,2.3,3.45,63.0,7.88,10.33,15.54,68.0,8.5,11.15,16.77,44.43,51.64,-7.21,100.32,-44.0,-5.5,-7.21,145.94,18.24,0.51,0.55,0.52,0.33,0.71,0.13,0.6,0.29,0.71,0.52,4.43,2.3,0.1,11.15,0.31
2,臺北台新戰神,14|13400,錢肯尼/史東,8,496,592.0,8414.61,140.24,140:15,1051.83,17.53,17:32,265.0,33.12,44.76,68.02,269.0,33.62,45.44,69.05,214.0,26.75,36.15,54.93,92.0,11.5,15.54,23.62,121.0,15.12,20.44,31.06,56.0,7.0,9.46,14.38,93.0,11.62,15.71,23.87,36.0,4.5,6.08,9.24,59.0,7.38,9.97,15.15,45.0,5.62,7.6,11.55,34.0,4.25,5.74,8.73,92.0,11.5,15.54,23.62,41.0,5.12,6.93,10.52,81.0,10.12,13.68,20.79,43.0,5.38,7.26,11.04,57.0,7.12,9.63,14.63,27.0,3.38,4.56,6.93,15.0,1.88,2.53,3.85,55.0,6.88,9.29,14.12,48.0,6.0,8.11,12.32,44.76,45.44,-0.68,101.31,-4.0,-0.5,-0.68,140.24,17.53,0.51,0.55,0.46,0.39,0.76,0.15,0.62,0.3,0.69,0.51,4.56,2.53,0.09,8.11,0.28
2,臺北台新戰神,10867|13400,威力斯/史東,2,153,179.0,2495.22,41.59,41:35,1247.61,20.79,20:48,76.0,38.0,42.46,65.79,95.0,47.5,53.07,82.24,60.0,30.0,33.52,51.94,26.0,13.0,14.53,22.51,38.0,19.0,21.23,32.89,16.0,8.0,8.94,13.85,22.0,11.0,12.29,19.04,10.0,5.0,5.59,8.66,22.0,11.0,12.29,19.04,15.0,7.5,8.38,12.98,9.0,4.5,5.03,7.79,28.0,14.0,15.64,24.24,11.0,5.5,6.15,9.52,26.0,13.0,14.53,22.51,16.0,8.0,8.94,13.85,18.0,9.0,10.06,15.58,14.0,7.0,7.82,12.12,6.0,3.0,3.35,5.19,21.0,10.5,11.73,18.18,21.0,10.5,11.73,18.18,42.46,53.07,-10.61,103.3,-19.0,-9.5,-10.61,41.59,20.79,0.52,0.55,0.42,0.45,0.68,0.19,0.69,0.26,0.72,0.5,7.82,3.35,0.12,11.73,0.37
2,福爾摩沙夢想家,79|13777,張宗憲/布依德,8,425,506.0,6759.63,112.66,112:40,844.95,14.08,14:05,246.0,30.75,48.62,78.61,237.0,29.62,46.84,75.73,182.0,22.75,35.97,58.16,88.0,11.0,17.39,28.12,111.0,13.88,21.94,35.47,60.0,7.5,11.86,19.17,71.0,8.88,14.03,22.69,28.0,3.5,5.53,8.95,67.0,8.38,13.24,21.41,42.0,5.25,8.3,13.42,33.0,4.12,6.52,10.54,71.0,8.88,14.03,22.69,34.0,4.25,6.72,10.86,87.0,10.88,17.19,27.8,31.0,3.88,6.13,9.91,53.0,6.62,10.47,16.94,21.0,2.62,4.15,6.71,3.0,0.38,0.59,0.96,52.0,6.5,10.28,16.62,32.0,4.0,6.32,10.23,48.62,46.84,1.78,107.79,9.0,1.12,1.78,112.66,14.08,0.56,0.58,0.54,0.39,0.63,0.13,0.6,0.28,0.68,0.46,4.15,0.59,0.1,6.32,0.37
2,福爾摩沙夢想家,89|13777,蔣淯安/布依德,9,649,752.0,10222.79,170.38,170:23,1135.87,18.93,18:56,364.0,40.44,48.4,76.91,363.0,40.33,48.27,76.7,270.0,30.0,35.9,57.05,127.0,14.11,16.89,26.83,164.0,18.22,21.81,34.65,88.0,9.78,11.7,18.59,106.0,11.78,14.1,22.4,39.0,4.33,5.19,8.24,95.0,10.56,12.63,20.07,71.0,7.89,9.44,15.0,43.0,4.78,5.72,9.09,110.0,12.22,14.63,23.24,45.0,5.0,5.98,9.51,124.0,13.78,16.49,26.2,50.0,5.56,6.65,10.56,71.0,7.89,9.44,15.0,33.0,3.67,4.39,6.97,8.0,0.89,1.06,1.69,78.0,8.67,10.37,16.48,57.0,6.33,7.58,12.04,48.4,48.27,0.13,105.93,1.0,0.11,0.13,170.38,18.93,0.54,0.58,0.54,0.37,0.75,0.14,0.56,0.26,0.71,0.48,4.39,1.06,0.1,7.58,0.35
2,福爾摩沙夢想家,103|13777,忻沃克/布依德,9,518,618.0,8159.19,135.99,135:59,906.58,15.11,15:07,279.0,31.0,45.15,73.86,312.0,34.67,50.49,82.6,220.0,24.44,35.6,58.24,94.0,10.44,15.21,24.88,127.0,14.11,20.55,33.62,61.0,6.78,9.87,16.15,93.0,10.33,15.05,24.62,33.0,3.67,5.34,8.74,78.0,8.67,12.62,20.65,51.0,5.67,8.25,13.5,40.0,4.44,6.47,10.59,97.0,10.78,15.7,25.68,40.0,4.44,6.47,10.59,89.0,9.89,14.4,23.56,45.0,5.0,7.28,11.91,58.0,6.44,9.39,15.35,26.0,2.89,4.21,6.88,9.0,1.0,1.46,2.38,62.0,6.89,10.03,16.41,79.0,8.78,12.78,20.91,45.15,50.49,-5.34,109.07,-33.0,-3.67,-5.34,135.99,15.11,0.5,0.55,0.48,0.35,0.65,0.15,0.62,0.31,0.71,0.52,4.21,1.46,0.1,12.78,0.35
2,福爾摩沙夢想家,107|13777,霍爾曼/布依德,3,140,168.0,2168.35,36.14,36:08,722.78,12.05,12:03,100.0,33.33,59.52,99.61,72.0,24.0,42.86,71.72,59.0,19.67,35.12,58.77,32.0,10.67,19.05,31.88,38.0,12.67,22.62,37.85,21.0,7.0,12.5,20.92,21.0,7.0,12.5,20.92,11.0,3.67,6.55,10.96,31.0,10.33,18.45,30.88,21.0,7.0,12.5,20.92,11.0,3.67,6.55,10.96,20.0,6.67,11.9,19.92,12.0,4.0,7.14,11.95,24.0,8.0,14.29,23.91,8.0,2.67,4.76,7.97,22.0,7.33,13.1,21.92,6.0,2.0,3.57,5.98,1.0,0.33,0.6,1.0,23.0,7.67,13.69,22.91,14.0,4.67,8.33,13.95,59.52,42.86,16.67,111.57,28.0,9.33,16.67,36.14,12.05,0.64,0.69,0.55,0.52,0.68,0.1,0.69,0.31,0.62,0.46,3.57,0.6,0.14,8.33,0.53
2,福爾摩沙夢想家,77|13777,馬建豪/布依德,9,677,812.0,10439.9,174.0,174:00,1159.99,19.33,19:20,355.0,39.44,43.72,73.45,381.0,42.33,46.92,78.83,283.0,31.44,34.85,58.55,125.0,13.89,15.39,25.86,179.0,19.89,22.04,37.03,89.0,9.89,10.96,18.41,104.0,11.56,12.81,21.52,36.0,4.0,4.43,7.45,99.0,11.0,12.19,20.48,77.0,8.56,9.48,15.93,52.0,5.78,6.4,10.76,111.0,12.33,13.67,22.97,53.0,5.89,6.53,10.97,135.0,15.0,16.63,27.93,61.0,6.78,7.51,12.62,75.0,8.33,9.24,15.52,34.0,3.78,4.19,7.03,13.0,1.44,1.6,2.69,81.0,9.0,9.98,16.76,91.0,10.11,11.21,18.83,43.72,46.92,-3.2,112.0,-26.0,-2.89,-3.2,174.0,19.33,0.51,0.54,0.5,0.35,0.78,0.16,0.6,0.28,0.68,0.46,4.19,1.6,0.1,11.21,0.35
2,福爾摩沙夢想家,99|13777,盧冠良/布依德,7,157,184.0,2268.92,37.82,37:49,324.13,5.4,05:24,73.0,10.43,39.67,69.5,82.0,11.71,44.57,78.06,60.0,8.57,32.61,57.12,25.0,3.57,13.59,23.8,38.0,5.43,20.65,36.18,18.0,2.57,9.78,17.14,22.0,3.14,11.96,20.94,7.0,1.0,3.8,6.66,24.0,3.43,13.04,22.85,15.0,2.14,8.15,14.28,12.0,1.71,6.52,11.42,24.0,3.43,13.04,22.85,7.0,1.0,3.8,6.66,29.0,4.14,15.76,27.61,16.0,2.29,8.7,15.23,15.0,2.14,8.15,14.28,6.0,0.86,3.26,5.71,2.0,0.29,1.09,1.9,26.0,3.71,14.13,24.75,18.0,2.57,9.78,17.14,39.67,44.57,-4.89,116.78,-9.0,-1.29,-4.89,37.82,5.4,0.48,0.52,0.47,0.32,0.62,0.18,0.6,0.29,0.77,0.5,3.26,1.09,0.14,9.78,0.4
2,福爾摩沙夢想家,106|13777,高柏鎧/布依德,8,362,423.0,5480.33,91.34,91:20,685.04,11.42,11:25,167.0,20.88,39.48,65.82,211.0,26.38,49.88,83.16,154.0,19.25,36.41,60.7,60.0,7.5,14.18,23.65,98.0,12.25,23.17,38.63,41.0,5.12,9.69,16.16,56.0,7.0,13.24,22.07,19.0,2.38,4.49,7.49,48.0,6.0,11.35,18.92,32.0,4.0,7.57,12.61,30.0,3.75,7.09,11.82,68.0,8.5,16.08,26.8,21.0,2.62,4.96,8.28,77.0,9.62,18.2,30.35,37.0,4.62,8.75,14.58,34.0,4.25,8.04,13.4,25.0,3.12,5.91,9.85,7.0,0.88,1.65,2.76,41.0,5.12,9.69,16.16,46.0,5.75,10.87,18.13,39.48,49.88,-10.4,111.15,-44.0,-5.5,-10.4,91.34,11.42,0.45,0.48,0.42,0.34,0.67,0.17,0.57,0.28,0.76,0.5,5.91,1.65,0.1,10.87,0.31
2,福爾摩沙夢想家,73|99,陳振傑/盧冠良,1,9,16.0,211.91,3.53,03:32,211.91,3.53,03:32,7.0,7.0,43.75,71.35,2.0,2.0,12.5,20.39,6.0,6.0,37.5,61.16,2.0,2.0,12.5,20.39,3.0,3.0,18.75,30.58,1.0,1.0,6.25,10.19,3.0,3.0,18.75,30.58,1.0,1.0,6.25,10.19,2.0,2.0,12.5,20.39,2.0,2.0,12.5,20.39,4.0,4.0,25.0,40.77,0.0,0.0,0.0,0.0,3.0,3.0,18.75,30.58,4.0,4.0,25.0,40.77,1.0,1.0,6.25,10.19,2.0,2.0,12.5,20.39,1.0,1.0,6.25,10.19,0.0,0.0,0.0,0.0,3.0,3.0,18.75,30.58,2.0,2.0,12.5,20.39,43.75,12.5,31.25,108.73,5.0,5.0,31.25,3.53,3.53,0.42,0.51,0.33,0.33,1.0,0.13,1.0,0.5,0.0,0.36,6.25,0.0,0.19,12.5,0.33
2,福爾摩沙夢想家,73|106,陳振傑/高柏鎧,3,62,75.0,905.57,15.09,15:06,301.86,5.03,05:02,29.0,9.67,38.67,69.17,27.0,9.0,36.0,64.4,23.0,7.67,30.67,54.86,8.0,2.67,10.67,19.08,9.0,3.0,12.0,21.47,5.0,1.67,6.67,11.93,14.0,4.67,18.67,33.39,3.0,1.0,4.0,7.16,11.0,3.67,14.67,26.24,10.0,3.33,13.33,23.85,5.0,1.67,6.67,11.93,10.0,3.33,13.33,23.85,8.0,2.67,10.67,19.08,13.0,4.33,17.33,31.01,8.0,2.67,10.67,19.08,6.0,2.0,8.0,14.31,6.0,2.0,8.0,14.31,0.0,0.0,0.0,0.0,6.0,2.0,8.0,14.31,13.0,4.33,17.33,31.01,38.67,36.0,2.67,119.26,2.0,0.67,2.67,15.09,5.03,0.41,0.52,0.56,0.21,0.91,0.22,0.75,0.28,0.56,0.42,8.0,0.0,0.08,17.33,0.48
2,臺北台新戰神,3|13400,陳文宏/史東,5,103,121.0,1718.62,28.64,28:39,343.72,5.73,05:44,54.0,10.8,44.63,67.87,71.0,14.2,58.68,89.23,43.0,8.6,35.54,54.04,19.0,3.8,15.7,23.88,24.0,4.8,19.83,30.16,13.0,2.6,10.74,16.34,19.0,3.8,15.7,23.88,6.0,1.2,4.96,7.54,13.0,2.6,10.74,16.34,11.0,2.2,9.09,13.83,4.0,0.8,3.31,5.03,21.0,4.2,17.36,26.39,11.0,2.2,9.09,13.83,14.0,2.8,11.57,17.6,7.0,1.4,5.79,8.8,10.0,2.0,8.26,12.57,3.0,0.6,2.48,3.77,5.0,1.0,4.13,6.28,10.0,2.0,8.26,12.57,30.0,6.0,24.79,37.7,44.63,58.68,-14.05,101.38,-17.0,-3.4,-14.05,28.64,5.73,0.51,0.55,0.54,0.32,0.85,0.13,0.53,0.22,0.66,0.5,2.48,4.13,0.08,24.79,0.3
2,臺北台新戰神,10863|13400,魏芃禾/史東,6,84,101.0,1331.49,22.19,22:11,221.91,3.7,03:42,32.0,5.33,31.68,51.91,58.0,9.67,57.43,94.09,36.0,6.0,35.64,58.4,10.0,1.67,9.9,16.22,12.0,2.0,11.88,19.47,4.0,0.67,3.96,6.49,24.0,4.0,23.76,38.93,6.0,1.0,5.94,9.73,6.0,1.0,5.94,9.73,4.0,0.67,3.96,6.49,5.0,0.83,4.95,8.11,20.0,3.33,19.8,32.44,7.0,1.17,6.93,11.36,12.0,2.0,11.88,19.47,8.0,1.33,7.92,12.98,8.0,1.33,7.92,12.98,6.0,1.0,5.94,9.73,3.0,0.5,2.97,4.87,5.0,0.83,4.95,8.11,19.0,3.17,18.81,30.82,31.68,57.43,-25.74,109.23,-26.0,-4.33,-25.74,22.19,3.7,0.36,0.41,0.33,0.25,0.67,0.17,0.8,0.29,0.74,0.57,5.94,2.97,0.05,18.81,0.17
2,臺北台新戰神,10865|13400,謝銘駿/史東,8,277,340.0,4341.7,72.36,72:22,542.71,9.05,09:03,132.0,16.5,38.82,65.67,163.0,20.38,47.94,81.09,120.0,15.0,35.29,59.7,51.0,6.38,15.0,25.37,72.0,9.0,21.18,35.82,40.0,5.0,11.76,19.9,48.0,6.0,14.12,23.88,11.0,1.38,3.24,5.47,30.0,3.75,8.82,14.93,18.0,2.25,5.29,8.96,20.0,2.5,5.88,9.95,52.0,6.5,15.29,25.87,27.0,3.38,7.94,13.43,38.0,4.75,11.18,18.91,26.0,3.25,7.65,12.94,19.0,2.38,5.59,9.45,14.0,1.75,4.12,6.97,8.0,1.0,2.35,3.98,23.0,2.88,6.76,11.44,37.0,4.62,10.88,18.41,38.82,47.94,-9.12,112.77,-31.0,-3.88,-9.12,72.36,9.05,0.47,0.5,0.56,0.23,0.6,0.16,0.37,0.34,0.66,0.53,4.12,2.35,0.07,10.88,0.25
2,臺北台新戰神,10869|13400,基德/史東,8,436,527.0,7577.85,126.3,126:18,947.23,15.79,15:47,237.0,29.62,44.97,67.55,268.0,33.5,50.85,76.39,202.0,25.25,38.33,57.58,88.0,11.0,16.7,25.08,109.0,13.62,20.68,31.07,58.0,7.25,11.01,16.53,93.0,11.62,17.65,26.51,30.0,3.75,5.69,8.55,42.0,5.25,7.97,11.97,30.0,3.75,5.69,8.55,31.0,3.88,5.88,8.84,86.0,10.75,16.32,24.51,43.0,5.38,8.16,12.26,57.0,7.12,10.82,16.25,32.0,4.0,6.07,9.12,50.0,6.25,9.49,14.25,18.0,2.25,3.42,5.13,17.0,2.12,3.23,4.85,38.0,4.75,7.21,10.83,52.0,6.5,9.87,14.82,44.97,50.85,-5.88,100.14,-31.0,-3.88,-5.88,126.3,15.79,0.51,0.54,0.53,0.32,0.71,0.13,0.57,0.35,0.67,0.54,3.42,3.23,0.07,9.87,0.21
2,福爾摩沙夢想家,83|13777,吳家駿/布依德,6,138,182.0,2093.8,34.9,34:54,348.97,5.82,05:49,63.0,10.5,34.62,64.99,91.0,15.17,50.0,93.88,65.0,10.83,35.71,67.05,21.0,3.5,11.54,21.66,40.0,6.67,21.98,41.26,13.0,2.17,7.14,13.41,25.0,4.17,13.74,25.79,8.0,1.33,4.4,8.25,24.0,4.0,13.19,24.76,13.0,2.17,7.14,13.41,21.0,3.5,11.54,21.66,27.0,4.5,14.84,27.85,15.0,2.5,8.24,15.47,20.0,3.33,10.99,20.63,15.0,2.5,8.24,15.47,17.0,2.83,9.34,17.54,5.0,0.83,2.75,5.16,2.0,0.33,1.1,2.06,20.0,3.33,10.99,20.63,21.0,3.5,11.54,21.66,34.62,50.0,-15.38,125.17,-28.0,-4.67,-15.38,34.9,5.82,0.38,0.42,0.32,0.32,0.54,0.17,0.81,0.51,0.64,0.58,2.75,1.1,0.11,11.54,0.37
2,福爾摩沙夢想家,73|79,陳振傑/張宗憲,2,13,14.0,199.93,3.33,03:20,99.96,1.67,01:40,6.0,3.0,42.86,64.82,8.0,4.0,57.14,86.43,3.0,1.5,21.43,32.41,1.0,0.5,7.14,10.8,2.0,1.0,14.29,21.61,0.0,0.0,0.0,0.0,1.0,0.5,7.14,10.8,1.0,0.5,7.14,10.8,4.0,2.0,28.57,43.22,3.0,1.5,21.43,32.41,1.0,0.5,7.14,10.8,1.0,0.5,7.14,10.8,0.0,0.0,0.0,0.0,3.0,1.5,21.43,32.41,2.0,1.0,14.29,21.61,2.0,1.0,14.29,21.61,1.0,0.5,7.14,10.8,0.0,0.0,0.0,0.0,2.0,1.0,14.29,21.61,2.0,1.0,14.29,21.61,42.86,57.14,-14.29,100.84,-2.0,-1.0,-14.29,3.33,1.67,0.5,0.63,0.0,1.0,0.75,0.3,2.0,0.25,1.0,0.4,7.14,0.0,0.14,14.29,1.33
2,福爾摩沙夢想家,73|13777,陳振傑/布依德,2,10,12.0,118.77,1.98,01:59,59.38,0.99,00:59,1.0,0.5,8.33,18.19,7.0,3.5,58.33,127.31,3.0,1.5,25.0,54.56,0.0,0.0,0.0,0.0,2.0,1.0,16.67,36.37,0.0,0.0,0.0,0.0,1.0,0.5,8.33,18.19,0.0,0.0,0.0,0.0,2.0,1.0,16.67,36.37,1.0,0.5,8.33,18.19,1.0,0.5,8.33,18.19,2.0,1.0,16.67,36.37,1.0,0.5,8.33,18.19,3.0,1.5,25.0,54.56,1.0,0.5,8.33,18.19,0.0,0.0,0.0,0.0,1.0,0.5,8.33,18.19,0.0,0.0,0.0,0.0,1.0,0.5,8.33,18.19,5.0,2.5,41.67,90.94,8.33,58.33,-50.0,145.5,-6.0,-3.0,-50.0,1.98,0.99,0.0,0.13,0.0,0.0,0.5,0.2,,0.25,0.67,0.43,8.33,0.0,0.08,41.67,0.67
2,福爾摩沙夢想家,77|97,馬建豪/史承平,4,10,14.0,129.83,2.16,02:10,32.46,0.54,00:32,9.0,2.25,64.29,149.74,0.0,0.0,0.0,0.0,4.0,1.0,28.57,66.55,2.0,0.5,14.29,33.28,2.0,0.5,14.29,33.28,2.0,0.5,14.29,33.28,2.0,0.5,14.29,33.28,0.0,0.0,0.0,0.0,6.0,1.5,42.86,99.83,5.0,1.25,35.71,83.19,1.0,0.25,7.14,16.64,1.0,0.25,7.14,16.64,2.0,0.5,14.29,33.28,3.0,0.75,21.43,49.91,0.0,0.0,0.0,0.0,1.0,0.25,7.14,16.64,0.0,0.0,0.0,0.0,0.0,0.0,0.0,0.0,2.0,0.5,14.29,33.28,0.0,0.0,0.0,0.0,64.29,0.0,64.29,155.29,9.0,2.25,64.29,2.16,0.54,0.5,0.68,1.0,0.0,0.83,0.0,0.5,0.25,0.33,0.29,0.0,0.0,0.14,0.0,1.5
2,臺北台新戰神,2|13,江均/陳冠全,6,62,75.0,1022.67,17.04,17:03,170.45,2.84,02:50,33.0,5.5,44.0,69.7,30.0,5.0,40.0,63.36,31.0,5.17,41.33,65.48,13.0,2.17,17.33,27.46,18.0,3.0,24.0,38.02,9.0,1.5,12.0,19.01,13.0,2.17,17.33,27.46,4.0,0.67,5.33,8.45,6.0,1.0,8.0,12.67,3.0,0.5,4.0,6.34,7.0,1.17,9.33,14.78,10.0,1.67,13.33,21.12,4.0,0.67,5.33,8.45,11.0,1.83,14.67,23.23,6.0,1.0,8.0,12.67,7.0,1.17,9.33,14.78,2.0,0.33,2.67,4.22,2.0,0.33,2.67,4.22,5.0,0.83,6.67,10.56,15.0,2.5,20.0,31.68,44.0,40.0,4.0,105.61,3.0,0.5,4.0,17.04,2.84,0.48,0.49,0.5,0.31,0.5,0.15,0.54,0.39,0.71,0.53,2.67,2.67,0.07,20.0,0.19
2,臺北台新戰神,4|13,張兆辰/陳冠全,4,35,41.0,648.84,10.81,10:49,162.21,2.7,02:42,22.0,5.5,53.66,73.24,21.0,5.25,51.22,69.91,16.0,4.0,39.02,53.26,7.0,1.75,17.07,23.3,6.0,1.5,14.63,19.97,4.0,1.0,9.76,13.32,10.0,2.5,24.39,33.29,3.0,0.75,7.32,9.99,6.0,1.5,14.63,19.97,5.0,1.25,12.2,16.64,2.0,0.5,4.88,6.66,6.0,1.5,14.63,19.97,3.0,0.75,7.32,9.99,7.0,1.75,17.07,23.3,1.0,0.25,2.44,3.33,4.0,1.0,9.76,13.32,0.0,0.0,0.0,0.0,0.0,0.0,0.0,0.0,5.0,1.25,12.2,16.64,2.0,0.5,4.88,6.66,53.66,51.22,2.44,90.99,1.0,0.25,2.44,10.81,2.7,0.53,0.59,0.67,0.3,0.83,0.05,0.57,0.22,0.67,0.44,0.0,0.0,0.12,4.88,0.38
2,臺北台新戰神,13|10863,陳冠全/魏芃禾,5,85,107.0,1399.34,23.32,23:19,279.87,4.66,04:40,45.0,9.0,42.06,69.46,37.0,7.4,34.58,57.11,42.0,8.4,39.25,64.83,17.0,3.4,15.89,26.24,22.0,4.4,20.56,33.96,12.0,2.4,11.21,18.52,20.0,4.0,18.69,30.87,5.0,1.0,4.67,7.72,9.0,1.8,8.41,13.89,6.0,1.2,5.61,9.26,10.0,2.0,9.35,15.44,14.0,2.8,13.08,21.61,8.0,1.6,7.48,12.35,17.0,3.4,15.89,26.24,8.0,1.6,7.48,12.35,8.0,1.6,7.48,12.35,4.0,0.8,3.74,6.17,1.0,0.2,0.93,1.54,6.0,1.2,5.61,9.26,15.0,3.0,14.02,23.15,42.06,34.58,7.48,110.11,8.0,1.6,7.48,23.32,4.66,0.46,0.49,0.55,0.25,0.67,0.15,0.47,0.37,0.64,0.49,3.74,0.93,0.06,14.02,0.21
2,新北國王,22|13029,簡祐哲/杰倫,6,110,135.0,1869.7,31.16,31:10,311.62,5.19,05:12,62.0,10.33,45.93,71.63,60.0,10.0,44.44,69.32,55.0,9.17,40.74,63.54,21.0,3.5,15.56,24.26,23.0,3.83,17.04,26.57,13.0,2.17,9.63,15.02,32.0,5.33,23.7,36.97,8.0,1.33,5.93,9.24,20.0,3.33,14.81,23.11,12.0,2.0,8.89,13.86,15.0,2.5,11.11,17.33,24.0,4.0,17.78,27.73,6.0,1.0,4.44,6.93,20.0,3.33,14.81,23.11,9.0,1.5,6.67,10.4,10.0,1.67,7.41,11.55,6.0,1.0,4.44,6.93,4.0,0.67,2.96,4.62,17.0,2.83,12.59,19.64,14.0,2.33,10.37,16.17,45.93,44.44,1.48,103.97,2.0,0.33,1.48,31.16,5.19,0.45,0.49,0.57,0.25,0.6,0.12,0.48,0.43,0.8,0.6,4.44,2.96,0.13,10.37,0.36
2,新北中信特攻,40|104,謝亞軒/貝奇,13,834,992.0,13093.14,218.22,218:13,1007.16,16.79,16:47,486.0,37.38,48.99,80.18,396.0,30.46,39.92,65.33,359.0,27.62,36.19,59.22,175.0,13.46,17.64,28.87,194.0,14.92,19.56,32.0,114.0,8.77,11.49,18.81,165.0,12.69,16.63,27.22,61.0,4.69,6.15,10.06,102.0,7.85,10.28,16.83,71.0,5.46,7.16,11.71,58.0,4.46,5.85,9.57,135.0,10.38,13.61,22.27,56.0,4.31,5.65,9.24,162.0,12.46,16.33,26.73,78.0,6.0,7.86,12.87,126.0,9.69,12.7,20.79,38.0,2.92,3.83,6.27,8.0,0.62,0.81,1.32,92.0,7.08,9.27,15.18,96.0,7.38,9.68,15.84,48.99,39.92,9.07,109.1,90.0,6.92,9.07,218.22,16.79,0.57,0.6,0.59,0.37,0.7,0.16,0.72,0.26,0.71,0.47,3.83,0.81,0.09,9.68,0.28
2,新北中信特攻,43|104,林韋翰/貝奇,16,928,1099.0,14856.31,247.61,247:36,928.52,15.48,15:29,529.0,33.06,48.13,76.91,439.0,27.44,39.95,63.83,395.0,24.69,35.94,57.43,191.0,11.94,17.38,27.77,193.0,12.06,17.56,28.06,124.0,7.75,11.28,18.03,202.0,12.62,18.38,29.37,67.0,4.19,6.1,9.74,105.0,6.56,9.55,15.27,72.0,4.5,6.55,10.47,57.0,3.56,5.19,8.29,155.0,9.69,14.1,22.54,68.0,4.25,6.19,9.89,170.0,10.62,15.47,24.72,87.0,5.44,7.92,12.65,140.0,8.75,12.74,20.35,40.0,2.5,3.64,5.82,7.0,0.44,0.64,1.02,98.0,6.12,8.92,14.25,120.0,7.5,10.92,17.45,48.13,39.95,8.19,106.52,90.0,5.62,8.19,247.61,15.48,0.57,0.6,0.64,0.33,0.69,0.16,0.73,0.25,0.7,0.47,3.64,0.64,0.09,10.92,0.27
2,新北中信特攻,104|8889,貝奇/馬可,12,773,931.0,12709.28,211.82,211:49,1059.11,17.65,17:39,460.0,38.33,49.41,78.18,381.0,31.75,40.92,64.75,341.0,28.42,36.63,57.95,163.0,13.58,17.51,27.7,177.0,14.75,19.01,30.08,105.0,8.75,11.28,17.85,164.0,13.67,17.62,27.87,58.0,4.83,6.23,9.86,105.0,8.75,11.28,17.85,76.0,6.33,8.16,12.92,56.0,4.67,6.02,9.52,127.0,10.58,13.64,21.58,61.0,5.08,6.55,10.37,144.0,12.0,15.47,24.47,70.0,5.83,7.52,11.9,116.0,9.67,12.46,19.71,35.0,2.92,3.76,5.95,6.0,0.5,0.64,1.02,90.0,7.5,9.67,15.3,95.0,7.92,10.2,16.15,49.41,40.92,8.49,105.49,79.0,6.58,8.49,211.82,17.65,0.56,0.59,0.59,0.35,0.72,0.15,0.71,0.28,0.68,0.47,3.76,0.64,0.1,10.2,0.31
2,新北中信特攻,104|10877,貝奇/阿巴西,16,1078,1283.0,17167.63,286.13,286:08,1072.98,17.88,17:53,635.0,39.69,49.49,79.89,543.0,33.94,42.32,68.32,476.0,29.75,37.1,59.89,231.0,14.44,18.0,29.06,250.0,15.62,19.49,31.45,150.0,9.38,11.69,18.87,226.0,14.12,17.61,28.43,81.0,5.06,6.31,10.19,123.0,7.69,9.59,15.48,88.0,5.5,6.86,11.07,80.0,5.0,6.24,10.07,178.0,11.12,13.87,22.4,76.0,4.75,5.92,9.56,199.0,12.44,15.51,25.04,95.0,5.94,7.4,11.95,163.0,10.19,12.7,20.51,48.0,3.0,3.74,6.04,10.0,0.62,0.78,1.26,111.0,6.94,8.65,13.97,139.0,8.69,10.83,17.49,49.49,42.32,7.17,107.62,92.0,5.75,7.17,286.13,17.88,0.57,0.6,0.6,0.36,0.72,0.15,0.71,0.29,0.7,0.48,3.74,0.78,0.09,10.83,0.26
2,福爾摩沙夢想家,77|91,馬建豪/簡偉儒,5,100,131.0,1630.85,27.18,27:11,326.17,5.44,05:26,37.0,7.4,28.24,49.01,50.0,10.0,38.17,66.22,53.0,10.6,40.46,70.2,17.0,3.4,12.98,22.52,35.0,7.0,26.72,46.36,17.0,3.4,12.98,22.52,18.0,3.6,13.74,23.84,0.0,0.0,0.0,0.0,5.0,1.0,3.82,6.62,3.0,0.6,2.29,3.97,12.0,2.4,9.16,15.89,23.0,4.6,17.56,30.46,17.0,3.4,12.98,22.52,18.0,3.6,13.74,23.84,8.0,1.6,6.11,10.6,10.0,2.0,7.63,13.24,3.0,0.6,2.29,3.97,1.0,0.2,0.76,1.32,4.0,0.8,3.05,5.3,16.0,3.2,12.21,21.19,28.24,38.17,-9.92,115.67,-13.0,-2.6,-9.92,27.18,5.44,0.32,0.34,0.49,0.0,0.6,0.13,0.59,0.4,0.57,0.5,2.29,0.76,0.03,12.21,0.09
2,福爾摩沙夢想家,91|13777,簡偉儒/布依德,4,70,91.0,1143.39,19.06,19:03,285.85,4.76,04:46,32.0,8.0,35.16,60.45,35.0,8.75,38.46,66.12,36.0,9.0,39.56,68.01,12.0,3.0,13.19,22.67,28.0,7.0,30.77,52.9,12.0,3.0,13.19,22.67,8.0,2.0,8.79,15.11,0.0,0.0,0.0,0.0,11.0,2.75,12.09,20.78,8.0,2.0,8.79,15.11,11.0,2.75,12.09,20.78,14.0,3.5,15.38,26.45,9.0,2.25,9.89,17.0,11.0,2.75,12.09,20.78,6.0,1.5,6.59,11.33,6.0,1.5,6.59,11.33,1.0,0.25,1.1,1.89,0.0,0.0,0.0,0.0,8.0,2.0,8.79,15.11,10.0,2.5,10.99,18.89,35.16,38.46,-3.3,114.61,-3.0,-0.75,-3.3,19.06,4.76,0.33,0.39,0.43,0.0,0.73,0.13,0.5,0.5,0.61,0.56,1.1,0.0,0.09,10.99,0.31
2,新北中信特攻,47|104,曾文鼎/貝奇,16,668,785.0,10988.97,183.15,183:09,686.81,11.45,11:27,347.0,21.69,44.2,68.21,318.0,19.88,40.51,62.51,281.0,17.56,35.8,55.23,123.0,7.69,15.67,24.18,130.0,8.12,16.56,25.55,70.0,4.38,8.92,13.76,151.0,9.44,19.24,29.68,53.0,3.31,6.75,10.42,70.0,4.38,8.92,13.76,49.0,3.06,6.24,9.63,37.0,2.31,4.71,7.27,127.0,7.94,16.18,24.96,43.0,2.69,5.48,8.45,138.0,8.62,17.58,27.13,64.0,4.0,8.15,12.58,93.0,5.81,11.85,18.28,31.0,1.94,3.95,6.09,5.0,0.31,0.64,0.98,65.0,4.06,8.28,12.78,73.0,4.56,9.3,14.35,44.2,40.51,3.69,102.87,29.0,1.81,3.69,183.15,11.45,0.53,0.56,0.54,0.35,0.7,0.17,0.76,0.21,0.75,0.48,3.95,0.64,0.08,9.3,0.25
2,新北中信特攻,104|10881,貝奇/飛克,12,498,585.0,7785.23,129.75,129:45,648.77,10.81,10:49,268.0,22.33,45.81,74.36,266.0,22.17,45.47,73.8,202.0,16.83,34.53,56.04,97.0,8.08,16.58,26.91,99.0,8.25,16.92,27.47,57.0,4.75,9.74,15.81,103.0,8.58,17.61,28.58,40.0,3.33,6.84,11.1,45.0,3.75,7.69,12.49,34.0,2.83,5.81,9.43,28.0,2.33,4.79,7.77,83.0,6.92,14.19,23.03,33.0,2.75,5.64,9.16,92.0,7.67,15.73,25.53,50.0,4.17,8.55,13.87,71.0,5.92,12.14,19.7,26.0,2.17,4.44,7.21,6.0,0.5,1.03,1.66,42.0,3.5,7.18,11.65,80.0,6.67,13.68,22.2,45.81,45.47,0.34,108.2,2.0,0.17,0.34,129.75,10.81,0.58,0.6,0.58,0.39,0.76,0.18,0.73,0.23,0.72,0.47,4.44,1.03,0.07,13.68,0.22
2,新北中信特攻,104|10879,貝奇/簡廷兆,15,678,827.0,10991.33,183.19,183:11,732.76,12.21,12:13,357.0,23.8,43.17,70.16,320.0,21.33,38.69,62.89,285.0,19.0,34.46,56.01,120.0,8.0,14.51,23.58,138.0,9.2,16.69,27.12,63.0,4.2,7.62,12.38,147.0,9.8,17.78,28.89,57.0,3.8,6.89,11.2,93.0,6.2,11.25,18.28,67.0,4.47,8.1,13.17,51.0,3.4,6.17,10.02,122.0,8.13,14.75,23.98,63.0,4.2,7.62,12.38,141.0,9.4,17.05,27.71,74.0,4.93,8.95,14.54,87.0,5.8,10.52,17.1,42.0,2.8,5.08,8.25,7.0,0.47,0.85,1.38,74.0,4.93,8.95,14.54,100.0,6.67,12.09,19.65,43.17,38.69,4.47,108.35,37.0,2.47,4.47,183.19,12.21,0.52,0.55,0.46,0.39,0.72,0.19,0.72,0.27,0.66,0.46,5.08,0.85,0.09,12.09,0.33
2,新北中信特攻,44|104,黃泓瀚/貝奇,11,182,214.0,2908.6,48.48,48:29,264.42,4.41,04:24,96.0,8.73,44.86,71.29,107.0,9.73,50.0,79.46,83.0,7.55,38.79,61.64,36.0,3.27,16.82,26.73,43.0,3.91,20.09,31.93,22.0,2.0,10.28,16.34,40.0,3.64,18.69,29.7,14.0,1.27,6.54,10.4,19.0,1.73,8.88,14.11,12.0,1.09,5.61,8.91,8.0,0.73,3.74,5.94,39.0,3.55,18.22,28.96,12.0,1.09,5.61,8.91,31.0,2.82,14.49,23.02,11.0,1.0,5.14,8.17,23.0,2.09,10.75,17.08,6.0,0.55,2.8,4.46,3.0,0.27,1.4,2.23,19.0,1.73,8.88,14.11,25.0,2.27,11.68,18.57,44.86,50.0,-5.14,105.95,-11.0,-1.0,-5.14,48.48,4.41,0.52,0.53,0.51,0.35,0.63,0.11,0.64,0.21,0.76,0.52,2.8,1.4,0.09,11.68,0.23
2,高雄全家海神,116|13275,呂威霆/吳彥侖,12,229,292.0,3754.51,62.58,62:35,312.88,5.21,05:13,114.0,9.5,39.04,65.59,132.0,11.0,45.21,75.94,112.0,9.33,38.36,64.43,38.0,3.17,13.01,21.86,60.0,5.0,20.55,34.52,23.0,1.92,7.88,13.23,52.0,4.33,17.81,29.92,15.0,1.25,5.14,8.63,29.0,2.42,9.93,16.68,23.0,1.92,7.88,13.23,32.0,2.67,10.96,18.41,42.0,3.5,14.38,24.16,21.0,1.75,7.19,12.08,38.0,3.17,13.01,21.86,23.0,1.92,7.88,13.23,22.0,1.83,7.53,12.66,10.0,0.83,3.42,5.75,6.0,0.5,2.05,3.45,38.0,3.17,13.01,21.86,38.0,3.17,13.01,21.86,39.04,45.21,-6.16,111.99,-18.0,-1.5,-6.16,62.58,5.21,0.41,0.46,0.38,0.29,0.79,0.16,0.58,0.46,0.67,0.56,3.42,2.05,0.13,13.01,0.26
2,高雄全家海神,10894|13275,凱帝/吳彥侖,2,82,96.0,1375.36,22.92,22:55,687.68,11.46,11:28,37.0,18.5,38.54,58.11,53.0,26.5,55.21,83.24,39.0,19.5,40.62,61.25,12.0,6.0,12.5,18.85,19.0,9.5,19.79,29.84,8.0,4.0,8.33,12.56,20.0,10.0,20.83,31.41,4.0,2.0,4.17,6.28,10.0,5.0,10.42,15.71,9.0,4.5,9.38,14.13,8.0,4.0,8.33,12.56,18.0,9.0,18.75,28.27,6.0,3.0,6.25,9.42,17.0,8.5,17.71,26.7,5.0,2.5,5.21,7.85,6.0,3.0,6.25,9.42,1.0,0.5,1.04,1.57,3.0,1.5,3.12,4.71,9.0,4.5,9.38,14.13,5.0,2.5,5.21,7.85,38.54,55.21,-16.67,100.51,-16.0,-8.0,-16.67,22.92,11.46,0.36,0.43,0.42,0.2,0.9,0.1,0.5,0.32,0.75,0.53,1.04,3.12,0.09,5.21,0.26
2,新北國王,32|13029,奧帝/杰倫,5,225,258.0,3421.1,57.02,57:01,684.22,11.4,11:24,100.0,20.0,38.76,63.14,138.0,27.6,53.49,87.13,97.0,19.4,37.6,61.24,37.0,7.4,14.34,23.36,51.0,10.2,19.77,32.2,23.0,4.6,8.91,14.52,46.0,9.2,17.83,29.04,14.0,2.8,5.43,8.84,19.0,3.8,7.36,12.0,12.0,2.4,4.65,7.58,16.0,3.2,6.2,10.1,46.0,9.2,17.83,29.04,11.0,2.2,4.26,6.95,39.0,7.8,15.12,24.62,18.0,3.6,6.98,11.36,24.0,4.8,9.3,15.15,12.0,2.4,4.65,7.58,5.0,1.0,1.94,3.16,17.0,3.4,6.59,10.73,41.0,8.2,15.89,25.89,38.76,53.49,-14.73,108.6,-38.0,-7.6,-14.73,57.02,11.4,0.45,0.47,0.45,0.3,0.63,0.15,0.65,0.29,0.81,0.55,4.65,1.94,0.07,15.89,0.2
2,高雄全家海神,45|116,施晉堯/呂威霆,13,413,472.0,6564.84,109.41,109:25,504.99,8.42,08:25,197.0,15.15,41.74,64.82,241.0,18.54,51.06,79.3,167.0,12.85,35.38,54.95,67.0,5.15,14.19,22.04,92.0,7.08,19.49,30.27,40.0,3.08,8.47,13.16,75.0,5.77,15.89,24.68,27.0,2.08,5.72,8.88,55.0,4.23,11.65,18.1,38.0,2.92,8.05,12.5,20.0,1.54,4.24,6.58,86.0,6.62,18.22,28.3,27.0,2.08,5.72,8.88,75.0,5.77,15.89,24.68,34.0,2.62,7.2,11.19,45.0,3.46,9.53,14.81,23.0,1.77,4.87,7.57,15.0,1.15,3.18,4.94,37.0,2.85,7.84,12.17,68.0,5.23,14.41,22.37,41.74,51.06,-9.32,103.53,-44.0,-3.38,-9.32,109.41,8.42,0.48,0.52,0.43,0.36,0.69,0.15,0.67,0.21,0.76,0.51,4.87,3.18,0.08,14.41,0.33
2,高雄全家海神,45|13275,施晉堯/吳彥侖,6,153,174.0,2550.72,42.51,42:31,425.12,7.09,07:05,82.0,13.67,47.13,69.44,99.0,16.5,56.9,83.84,73.0,12.17,41.95,61.82,32.0,5.33,18.39,27.1,36.0,6.0,20.69,30.49,20.0,3.33,11.49,16.94,37.0,6.17,21.26,31.33,12.0,2.0,6.9,10.16,9.0,1.5,5.17,7.62,8.0,1.33,4.6,6.77,8.0,1.33,4.6,6.77,31.0,5.17,17.82,26.25,7.0,1.17,4.02,5.93,27.0,4.5,15.52,22.86,10.0,1.67,5.75,8.47,19.0,3.17,10.92,16.09,4.0,0.67,2.3,3.39,1.0,0.17,0.57,0.85,14.0,2.33,8.05,11.86,29.0,4.83,16.67,24.56,47.13,56.9,-9.77,98.23,-17.0,-2.83,-9.77,42.51,7.09,0.52,0.53,0.56,0.32,0.89,0.11,0.59,0.23,0.82,0.53,2.3,0.57,0.08,16.67,0.12
2,高雄全家海神,116|119,呂威霆/余純安,9,189,224.0,2892.01,48.2,48:12,321.33,5.36,05:21,86.0,9.56,38.39,64.23,101.0,11.22,45.09,75.44,85.0,9.44,37.95,63.49,29.0,3.22,12.95,21.66,38.0,4.22,16.96,28.38,16.0,1.78,7.14,11.95,47.0,5.22,20.98,35.1,13.0,1.44,5.8,9.71,22.0,2.44,9.82,16.43,15.0,1.67,6.7,11.2,12.0,1.33,5.36,8.96,42.0,4.67,18.75,31.37,14.0,1.56,6.25,10.46,30.0,3.33,13.39,22.41,15.0,1.67,6.7,11.2,22.0,2.44,9.82,16.43,10.0,1.11,4.46,7.47,2.0,0.22,0.89,1.49,23.0,2.56,10.27,17.18,19.0,2.11,8.48,14.19,38.39,45.09,-6.7,111.54,-15.0,-1.67,-6.7,48.2,5.36,0.42,0.45,0.42,0.28,0.68,0.14,0.76,0.29,0.75,0.55,4.46,0.89,0.1,8.48,0.26
2,高雄全家海神,119|13275,余純安/吳彥侖,2,52,59.0,746.27,12.44,12:26,373.13,6.22,06:13,33.0,16.5,55.93,95.52,28.0,14.0,47.46,81.04,25.0,12.5,42.37,72.36,12.0,6.0,20.34,34.73,14.0,7.0,23.73,40.52,6.0,3.0,10.17,17.37,11.0,5.5,18.64,31.84,6.0,3.0,10.17,17.37,7.0,3.5,11.86,20.26,5.0,2.5,8.47,14.47,2.0,1.0,3.39,5.79,10.0,5.0,16.95,28.94,2.0,1.0,3.39,5.79,10.0,5.0,16.95,28.94,1.0,0.5,1.69,2.89,10.0,5.0,16.95,28.94,1.0,0.5,1.69,2.89,0.0,0.0,0.0,0.0,10.0,5.0,16.95,28.94,8.0,4.0,13.56,23.16,55.93,47.46,8.47,113.85,5.0,2.5,8.47,12.44,6.22,0.6,0.59,0.43,0.55,0.71,0.03,0.83,0.17,0.83,0.5,1.69,0.0,0.17,13.56,0.28
2,新北中信特攻,39|104,魏嘉豪/貝奇,12,263,299.0,4179.39,69.66,69:39,348.28,5.8,05:48,132.0,11.0,44.15,68.22,127.0,10.58,42.47,65.64,124.0,10.33,41.47,64.09,52.0,4.33,17.39,26.87,66.0,5.5,22.07,34.11,31.0,2.58,10.37,16.02,58.0,4.83,19.4,29.98,21.0,1.75,7.02,10.85,15.0,1.25,5.02,7.75,7.0,0.58,2.34,3.62,16.0,1.33,5.35,8.27,60.0,5.0,20.07,31.01,13.0,1.08,4.35,6.72,47.0,3.92,15.72,24.29,17.0,1.42,5.69,8.79,45.0,3.75,15.05,23.26,10.0,0.83,3.34,5.17,4.0,0.33,1.34,2.07,11.0,0.92,3.68,5.69,39.0,3.25,13.04,20.16,44.15,42.47,1.67,103.02,5.0,0.42,1.67,69.66,5.8,0.5,0.51,0.47,0.36,0.47,0.12,0.87,0.25,0.82,0.56,3.34,1.34,0.04,13.04,0.12
2,新北中信特攻,38|44,余維豪/黃泓瀚,5,77,92.0,1142.58,19.04,19:03,228.52,3.81,03:49,38.0,7.6,41.3,71.84,33.0,6.6,35.87,62.39,35.0,7.0,38.04,66.17,15.0,3.0,16.3,28.36,24.0,4.8,26.09,45.37,12.0,2.4,13.04,22.69,11.0,2.2,11.96,20.8,3.0,0.6,3.26,5.67,7.0,1.4,7.61,13.23,7.0,1.4,7.61,13.23,7.0,1.4,7.61,13.23,12.0,2.4,13.04,22.69,6.0,1.2,6.52,11.34,17.0,3.4,18.48,32.14,8.0,1.6,8.7,15.12,9.0,1.8,9.78,17.01,5.0,1.0,5.43,9.45,1.0,0.2,1.09,1.89,7.0,1.4,7.61,13.23,8.0,1.6,8.7,15.12,41.3,35.87,5.43,115.95,5.0,1.0,5.43,19.04,3.81,0.47,0.5,0.5,0.27,1.0,0.17,0.6,0.29,0.67,0.45,5.43,1.09,0.08,8.7,0.2
2,新北中信特攻,38|47,余維豪/曾文鼎,4,49,58.0,713.72,11.9,11:54,178.43,2.97,02:58,22.0,5.5,37.93,66.58,26.0,6.5,44.83,78.69,20.0,5.0,34.48,60.53,7.0,1.75,12.07,21.18,13.0,3.25,22.41,39.34,5.0,1.25,8.62,15.13,7.0,1.75,12.07,21.18,2.0,0.5,3.45,6.05,6.0,1.5,10.34,18.16,6.0,1.5,10.34,18.16,5.0,1.25,8.62,15.13,7.0,1.75,12.07,21.18,3.0,0.75,5.17,9.08,8.0,2.0,13.79,24.21,5.0,1.25,8.62,15.13,6.0,1.5,10.34,18.16,3.0,0.75,5.17,9.08,0.0,0.0,0.0,0.0,6.0,1.5,10.34,18.16,2.0,0.5,3.45,6.05,37.93,44.83,-6.9,117.02,-4.0,-1.0,-6.9,11.9,2.97,0.4,0.49,0.38,0.29,1.0,0.18,0.86,0.38,0.7,0.52,5.17,0.0,0.1,3.45,0.3
2,高雄全家海神,51|109,克力斯/于煥亞,10,688,826.0,11998.91,199.98,199:59,1199.89,20.0,20:00,379.0,37.9,45.88,68.23,404.0,40.4,48.91,72.73,318.0,31.8,38.5,57.25,140.0,14.0,16.95,25.2,183.0,18.3,22.15,32.94,93.0,9.3,11.26,16.74,135.0,13.5,16.34,24.3,47.0,4.7,5.69,8.46,59.0,5.9,7.14,10.62,50.0,5.0,6.05,9.0,60.0,6.0,7.26,10.8,117.0,11.7,14.16,21.06,52.0,5.2,6.3,9.36,100.0,10.0,12.11,18.0,60.0,6.0,7.26,10.8,79.0,7.9,9.56,14.22,38.0,3.8,4.6,6.84,13.0,1.3,1.57,2.34,67.0,6.7,8.11,12.06,82.0,8.2,9.93,14.76,45.88,48.91,-3.03,99.13,-25.0,-2.5,-3.03,199.98,20.0,0.51,0.55,0.51,0.35,0.85,0.15,0.56,0.38,0.69,0.54,4.6,1.57,0.08,9.93,0.19
2,高雄全家海神,109|12908,于煥亞/布里茲克,5,412,488.0,6609.83,110.16,110:10,1321.97,22.03,22:02,231.0,46.2,47.34,75.49,213.0,42.6,43.65,69.61,206.0,41.2,42.21,67.32,85.0,17.0,17.42,27.78,120.0,24.0,24.59,39.21,59.0,11.8,12.09,19.28,86.0,17.2,17.62,28.1,26.0,5.2,5.33,8.5,42.0,8.4,8.61,13.73,34.0,6.8,6.97,11.11,37.0,7.4,7.58,12.09,81.0,16.2,16.6,26.47,31.0,6.2,6.35,10.13,60.0,12.0,12.3,19.61,27.0,5.4,5.53,8.82,43.0,8.6,8.81,14.05,15.0,3.0,3.07,4.9,9.0,1.8,1.84,2.94,42.0,8.4,8.61,13.73,52.0,10.4,10.66,16.99,47.34,43.65,3.69,106.31,18.0,3.6,3.69,110.16,22.03,0.48,0.51,0.49,0.3,0.81,0.11,0.51,0.38,0.72,0.56,3.07,1.84,0.09,10.66,0.2
2,高雄全家海神,45|13399,施晉堯/賽克維奇,6,205,238.0,3059.3,50.99,50:59,509.88,8.5,08:30,109.0,18.17,45.8,76.96,105.0,17.5,44.12,74.13,94.0,15.67,39.5,66.37,37.0,6.17,15.55,26.12,56.0,9.33,23.53,39.54,25.0,4.17,10.5,17.65,38.0,6.33,15.97,26.83,12.0,2.0,5.04,8.47,29.0,4.83,12.18,20.48,23.0,3.83,9.66,16.24,23.0,3.83,9.66,16.24,32.0,5.33,13.45,22.59,8.0,1.33,3.36,5.65,34.0,5.67,14.29,24.01,17.0,2.83,7.14,12.0,18.0,3.0,7.56,12.71,9.0,1.5,3.78,6.35,7.0,1.17,2.94,4.94,22.0,3.67,9.24,15.53,32.0,5.33,13.45,22.59,45.8,44.12,1.68,112.03,4.0,0.67,1.68,50.99,8.5,0.46,0.51,0.45,0.32,0.79,0.14,0.49,0.4,0.8,0.57,3.78,2.94,0.09,13.45,0.31
2,高雄全家海神,109|13399,于煥亞/賽克維奇,5,287,344.0,4737.77,78.96,78:58,947.55,15.79,15:48,158.0,31.6,45.93,72.03,153.0,30.6,44.48,69.75,144.0,28.8,41.86,65.65,60.0,12.0,17.44,27.35,88.0,17.6,25.58,40.12,42.0,8.4,12.21,19.15,56.0,11.2,16.28,25.53,18.0,3.6,5.23,8.21,27.0,5.4,7.85,12.31,20.0,4.0,5.81,9.12,31.0,6.2,9.01,14.13,52.0,10.4,15.12,23.71,16.0,3.2,4.65,7.29,44.0,8.8,12.79,20.06,20.0,4.0,5.81,9.12,25.0,5.0,7.27,11.4,11.0,2.2,3.2,5.02,9.0,1.8,2.62,4.1,24.0,4.8,6.98,10.94,30.0,6.0,8.72,13.68,45.93,44.48,1.45,104.56,5.0,1.0,1.45,78.96,15.79,0.48,0.51,0.48,0.32,0.74,0.11,0.42,0.41,0.76,0.58,3.2,2.62,0.07,8.72,0.19
2,高雄全家海神,110|13399,胡瓏貿/賽克維奇,7,277,331.0,4571.21,76.19,76:11,653.03,10.88,10:53,157.0,22.43,47.43,74.19,152.0,21.71,45.92,71.82,128.0,18.29,38.67,60.48,57.0,8.14,17.22,26.93,69.0,9.86,20.85,32.6,36.0,5.14,10.88,17.01,59.0,8.43,17.82,27.88,21.0,3.0,6.34,9.92,31.0,4.43,9.37,14.65,20.0,2.86,6.04,9.45,26.0,3.71,7.85,12.29,47.0,6.71,14.2,22.21,17.0,2.43,5.14,8.03,46.0,6.57,13.9,21.74,23.0,3.29,6.95,10.87,30.0,4.29,9.06,14.18,13.0,1.86,3.93,6.14,6.0,0.86,1.81,2.84,30.0,4.29,9.06,14.18,40.0,5.71,12.08,18.9,47.43,45.92,1.51,104.27,5.0,0.71,1.51,76.19,10.88,0.53,0.55,0.52,0.36,0.65,0.14,0.53,0.36,0.73,0.54,3.93,1.81,0.09,12.08,0.24
2,高雄全家海神,12908|13399,布里茲克/賽克維奇,2,125,147.0,1998.09,33.3,33:18,999.05,16.65,16:39,68.0,34.0,46.26,73.51,59.0,29.5,40.14,63.78,67.0,33.5,45.58,72.43,26.0,13.0,17.69,28.11,41.0,20.5,27.89,44.32,19.0,9.5,12.93,20.54,26.0,13.0,17.69,28.11,7.0,3.5,4.76,7.57,14.0,7.0,9.52,15.13,9.0,4.5,6.12,9.73,17.0,8.5,11.56,18.38,24.0,12.0,16.33,25.94,2.0,1.0,1.36,2.16,18.0,9.0,12.24,19.46,9.0,4.5,6.12,9.73,13.0,6.5,8.84,14.05,3.0,1.5,2.04,3.24,5.0,2.5,3.4,5.41,14.0,7.0,9.52,15.13,15.0,7.5,10.2,16.22,46.26,40.14,6.12,105.94,9.0,4.5,6.12,33.3,16.65,0.44,0.46,0.46,0.27,0.64,0.11,0.5,0.49,0.92,0.67,2.04,3.4,0.1,10.2,0.21
2,高雄全家海神,123|13399,勤明慶/賽克維奇,1,4,4.0,61.89,1.03,01:02,61.89,1.03,01:02,2.0,2.0,50.0,69.81,3.0,3.0,75.0,104.71,1.0,1.0,25.0,34.9,0.0,0.0,0.0,0.0,0.0,0.0,0.0,0.0,0.0,0.0,0.0,0.0,1.0,1.0,25.0,34.9,0.0,0.0,0.0,0.0,2.0,2.0,50.0,69.81,2.0,2.0,50.0,69.81,0.0,0.0,0.0,0.0,0.0,0.0,0.0,0.0,0.0,0.0,0.0,0.0,1.0,1.0,25.0,34.9,0.0,0.0,0.0,0.0,1.0,1.0,25.0,34.9,0.0,0.0,0.0,0.0,0.0,0.0,0.0,0.0,1.0,1.0,25.0,34.9,0.0,0.0,0.0,0.0,50.0,75.0,-25.0,93.07,-1.0,-1.0,-25.0,1.03,1.03,0.0,0.53,,0.0,1.0,0.0,,0.0,,0.0,0.0,0.0,0.25,0.0,2.0
2,桃園台啤永豐雲豹,55|62,汪哲宇/王皓吉,2,65,74.0,1026.4,17.11,17:06,513.2,8.55,08:33,43.0,21.5,58.11,90.49,40.0,20.0,54.05,84.18,26.0,13.0,35.14,54.72,17.0,8.5,22.97,35.78,18.0,9.0,24.32,37.88,12.0,6.0,16.22,25.25,8.0,4.0,10.81,16.84,5.0,2.5,6.76,10.52,5.0,2.5,6.76,10.52,4.0,2.0,5.41,8.42,2.0,1.0,2.7,4.21,7.0,3.5,9.46,14.73,4.0,2.0,5.41,8.42,11.0,5.5,14.86,23.15,5.0,2.5,6.76,10.52,11.0,5.5,14.86,23.15,2.0,1.0,2.7,4.21,0.0,0.0,0.0,0.0,6.0,3.0,8.11,12.63,13.0,6.5,17.57,27.36,58.11,54.05,4.05,103.82,3.0,1.5,4.05,17.11,8.55,0.75,0.76,0.67,0.62,0.8,0.15,0.65,0.15,0.64,0.38,2.7,0.0,0.08,17.57,0.19
2,高雄全家海神,51|13399,克力斯/賽克維奇,5,280,320.0,4427.42,73.79,73:47,885.48,14.76,14:45,162.0,32.4,50.62,79.03,167.0,33.4,52.19,81.47,113.0,22.6,35.31,55.13,57.0,11.4,17.81,27.81,58.0,11.6,18.12,28.3,33.0,6.6,10.31,16.1,55.0,11.0,17.19,26.83,24.0,4.8,7.5,11.71,26.0,5.2,8.12,12.68,24.0,4.8,7.5,11.71,18.0,3.6,5.62,8.78,38.0,7.6,11.88,18.54,9.0,1.8,2.81,4.39,45.0,9.0,14.06,21.95,34.0,6.8,10.62,16.59,33.0,6.6,10.31,16.1,19.0,3.8,5.94,9.27,6.0,1.2,1.88,2.93,29.0,5.8,9.06,14.15,42.0,8.4,13.12,20.49,50.62,52.19,-1.56,104.08,-5.0,-1.0,-1.56,73.79,14.76,0.61,0.65,0.57,0.44,0.92,0.21,0.58,0.29,0.81,0.51,5.94,1.88,0.09,13.12,0.23
2,高雄全家海神,116|13399,呂威霆/賽克維奇,5,207,244.0,3314.64,55.24,55:15,662.93,11.05,11:03,110.0,22.0,45.08,71.68,116.0,23.2,47.54,75.59,90.0,18.0,36.89,58.65,39.0,7.8,15.98,25.41,50.0,10.0,20.49,32.58,23.0,4.6,9.43,14.99,40.0,8.0,16.39,26.07,16.0,3.2,6.56,10.43,24.0,4.8,9.84,15.64,18.0,3.6,7.38,11.73,17.0,3.4,6.97,11.08,37.0,7.4,15.16,24.11,12.0,2.4,4.92,7.82,29.0,5.8,11.89,18.9,20.0,4.0,8.2,13.03,22.0,4.4,9.02,14.34,12.0,2.4,4.92,7.82,6.0,1.2,2.46,3.91,21.0,4.2,8.61,13.68,32.0,6.4,13.11,20.85,45.08,47.54,-2.46,106.0,-6.0,-1.2,-2.46,55.24,11.05,0.52,0.55,0.46,0.4,0.75,0.17,0.56,0.37,0.76,0.57,4.92,2.46,0.09,13.11,0.27
2,高雄全家海神,51|119,克力斯/余純安,9,337,397.0,5165.15,86.09,86:05,573.91,9.57,09:34,171.0,19.0,43.07,71.51,197.0,21.89,49.62,82.38,156.0,17.33,39.29,65.24,63.0,7.0,15.87,26.35,79.0,8.78,19.9,33.04,39.0,4.33,9.82,16.31,77.0,8.56,19.4,32.2,24.0,2.67,6.05,10.04,31.0,3.44,7.81,12.96,21.0,2.33,5.29,8.78,28.0,3.11,7.05,11.71,68.0,7.56,17.13,28.44,18.0,2.0,4.53,7.53,49.0,5.44,12.34,20.49,29.0,3.22,7.3,12.13,39.0,4.33,9.82,16.31,17.0,1.89,4.28,7.11,7.0,0.78,1.76,2.93,34.0,3.78,8.56,14.22,40.0,4.44,10.08,16.73,43.07,49.62,-6.55,110.68,-26.0,-2.89,-6.55,86.09,9.57,0.48,0.5,0.49,0.31,0.68,0.15,0.62,0.36,0.79,0.59,4.28,1.76,0.09,10.08,0.2
2,高雄全家海神,109|13275,于煥亞/吳彥侖,6,159,183.0,2580.44,43.01,43:00,430.07,7.17,07:10,87.0,14.5,47.54,72.82,81.0,13.5,44.26,67.8,73.0,12.17,39.89,61.11,32.0,5.33,17.49,26.79,41.0,6.83,22.4,34.32,21.0,3.5,11.48,17.58,32.0,5.33,17.49,26.79,11.0,1.83,6.01,9.21,14.0,2.33,7.65,11.72,11.0,1.83,6.01,9.21,11.0,1.83,6.01,9.21,29.0,4.83,15.85,24.27,10.0,1.67,5.46,8.37,20.0,3.33,10.93,16.74,15.0,2.5,8.2,12.56,14.0,2.33,7.65,11.72,6.0,1.0,3.28,5.02,4.0,0.67,2.19,3.35,19.0,3.17,10.38,15.9,16.0,2.67,8.74,13.39,47.54,44.26,3.28,102.12,6.0,1.0,3.28,43.01,7.17,0.51,0.55,0.51,0.34,0.79,0.16,0.44,0.35,0.74,0.57,3.28,2.19,0.1,8.74,0.19
2,高雄全家海神,13275|13399,吳彥侖/賽克維奇,3,59,69.0,949.41,15.82,15:49,316.47,5.27,05:16,29.0,9.67,42.03,65.98,30.0,10.0,43.48,68.25,31.0,10.33,44.93,70.53,12.0,4.0,17.39,27.3,19.0,6.33,27.54,43.23,8.0,2.67,11.59,18.2,12.0,4.0,17.39,27.3,4.0,1.33,5.8,9.1,3.0,1.0,4.35,6.83,1.0,0.33,1.45,2.28,7.0,2.33,10.14,15.93,12.0,4.0,17.39,27.3,2.0,0.67,2.9,4.55,9.0,3.0,13.04,20.48,5.0,1.67,7.25,11.38,5.0,1.67,7.25,11.38,1.0,0.33,1.45,2.28,1.0,0.33,1.45,2.28,8.0,2.67,11.59,18.2,6.0,2.0,8.7,13.65,42.03,43.48,-1.45,104.65,-1.0,-0.33,-1.45,15.82,5.27,0.45,0.45,0.42,0.33,0.33,0.13,0.42,0.44,0.86,0.63,1.45,1.45,0.12,8.7,0.1
2,高雄全家海神,121|13399,吳曉謹/賽克維奇,7,239,276.0,3972.6,66.21,66:13,567.51,9.46,09:28,125.0,17.86,45.29,67.97,140.0,20.0,50.72,76.12,109.0,15.57,39.49,59.27,46.0,6.57,16.67,25.01,57.0,8.14,20.65,30.99,31.0,4.43,11.23,16.86,52.0,7.43,18.84,28.27,15.0,2.14,5.43,8.16,22.0,3.14,7.97,11.96,18.0,2.57,6.52,9.79,20.0,2.86,7.25,10.87,41.0,5.86,14.86,22.29,10.0,1.43,3.62,5.44,37.0,5.29,13.41,20.12,22.0,3.14,7.97,11.96,26.0,3.71,9.42,14.14,12.0,1.71,4.35,6.52,7.0,1.0,2.54,3.81,24.0,3.43,8.7,13.05,34.0,4.86,12.32,18.49,45.29,50.72,-5.43,100.05,-15.0,-2.14,-5.43,66.21,9.46,0.49,0.53,0.54,0.29,0.82,0.16,0.57,0.35,0.8,0.56,4.35,2.54,0.09,12.32,0.2
2,高雄全家海神,122|13399,陳懷安/賽克維奇,3,120,139.0,1967.02,32.78,32:47,655.67,10.93,10:56,76.0,25.33,54.68,83.46,68.0,22.67,48.92,74.67,54.0,18.0,38.85,59.3,28.0,9.33,20.14,30.75,29.0,9.67,20.86,31.85,18.0,6.0,12.95,19.77,25.0,8.33,17.99,27.45,10.0,3.33,7.19,10.98,11.0,3.67,7.91,12.08,10.0,3.33,7.19,10.98,9.0,3.0,6.47,9.88,15.0,5.0,10.79,16.47,4.0,1.33,2.88,4.39,15.0,5.0,10.79,16.47,11.0,3.67,7.91,12.08,14.0,4.67,10.07,15.37,8.0,2.67,5.76,8.78,1.0,0.33,0.72,1.1,12.0,4.0,8.63,13.18,24.0,8.0,17.27,26.35,54.68,48.92,5.76,101.76,8.0,2.67,5.76,32.78,10.93,0.61,0.65,0.62,0.4,0.91,0.16,0.5,0.38,0.79,0.56,5.76,0.72,0.09,17.27,0.2
2,高雄全家海神,111|119,唐維傑/余純安,6,98,117.0,1414.62,23.58,23:35,235.77,3.93,03:56,39.0,6.5,33.33,59.55,48.0,8.0,41.03,73.29,41.0,6.83,35.04,62.6,16.0,2.67,13.68,24.43,25.0,4.17,21.37,38.17,14.0,2.33,11.97,21.38,16.0,2.67,13.68,24.43,2.0,0.33,1.71,3.05,13.0,2.17,11.11,19.85,9.0,1.5,7.69,13.74,3.0,0.5,2.56,4.58,23.0,3.83,19.66,35.12,10.0,1.67,8.55,15.27,17.0,2.83,14.53,25.96,7.0,1.17,5.98,10.69,15.0,2.5,12.82,22.9,4.0,0.67,3.42,6.11,1.0,0.17,0.85,1.53,11.0,1.83,9.4,16.8,10.0,1.67,8.55,15.27,33.33,41.03,-7.69,119.1,-9.0,-1.5,-7.69,23.58,3.93,0.41,0.42,0.56,0.12,0.69,0.13,0.94,0.15,0.7,0.49,3.42,0.85,0.09,8.55,0.32
2,新北中信特攻,48|104,李沛澄/貝奇,9,169,197.0,2620.21,43.67,43:40,291.13,4.85,04:51,114.0,12.67,57.87,93.98,96.0,10.67,48.73,79.14,79.0,8.78,40.1,65.12,40.0,4.44,20.3,32.97,36.0,4.0,18.27,29.68,19.0,2.11,9.64,15.66,43.0,4.78,21.83,35.45,21.0,2.33,10.66,17.31,18.0,2.0,9.14,14.84,13.0,1.44,6.6,10.72,10.0,1.11,5.08,8.24,30.0,3.33,15.23,24.73,7.0,0.78,3.55,5.77,23.0,2.56,11.68,18.96,11.0,1.22,5.58,9.07,30.0,3.33,15.23,24.73,8.0,0.89,4.06,6.59,3.0,0.33,1.52,2.47,15.0,1.67,7.61,12.37,31.0,3.44,15.74,25.56,57.87,48.73,9.14,108.27,18.0,2.0,9.14,43.67,4.85,0.64,0.66,0.53,0.49,0.72,0.11,0.75,0.3,0.81,0.57,4.06,1.52,0.08,15.74,0.23
2,新北中信特攻,38|8889,余維豪/馬可,3,98,119.0,1518.09,25.3,25:18,506.03,8.43,08:26,47.0,15.67,39.5,66.87,41.0,13.67,34.45,58.34,44.0,14.67,36.97,62.6,18.0,6.0,15.13,25.61,22.0,7.33,18.49,31.3,15.0,5.0,12.61,21.34,22.0,7.33,18.49,31.3,3.0,1.0,2.52,4.27,9.0,3.0,7.56,12.81,8.0,2.67,6.72,11.38,12.0,4.0,10.08,17.07,14.0,4.67,11.76,19.92,8.0,2.67,6.72,11.38,20.0,6.67,16.81,28.46,13.0,4.33,10.92,18.5,8.0,2.67,6.72,11.38,8.0,2.67,6.72,11.38,0.0,0.0,0.0,0.0,14.0,4.67,11.76,19.92,10.0,3.33,8.4,14.23,39.5,34.45,5.04,112.88,6.0,2.0,5.04,25.3,8.43,0.44,0.49,0.68,0.14,0.89,0.21,0.44,0.38,0.64,0.48,6.72,0.0,0.12,8.4,0.2
2,新北中信特攻,38|10877,余維豪/阿巴西,4,106,130.0,1671.74,27.86,27:52,417.93,6.97,06:58,57.0,14.25,43.85,73.65,56.0,14.0,43.08,72.36,50.0,12.5,38.46,64.6,22.0,5.5,16.92,28.43,26.0,6.5,20.0,33.59,17.0,4.25,13.08,21.97,24.0,6.0,18.46,31.01,5.0,1.25,3.85,6.46,7.0,1.75,5.38,9.04,6.0,1.5,4.62,7.75,14.0,3.5,10.77,18.09,14.0,3.5,10.77,18.09,9.0,2.25,6.92,11.63,19.0,4.75,14.62,24.55,14.0,3.5,10.77,18.09,10.0,2.5,7.69,12.92,9.0,2.25,6.92,11.63,0.0,0.0,0.0,0.0,14.0,3.5,10.77,18.09,8.0,2.0,6.15,10.34,43.85,43.08,0.77,111.98,1.0,0.25,0.77,27.86,6.97,0.49,0.54,0.65,0.21,0.86,0.21,0.45,0.42,0.61,0.5,6.92,0.0,0.11,6.15,0.14
2,新北中信特攻,38|104,余維豪/貝奇,3,60,73.0,902.39,15.04,15:02,300.8,5.01,05:01,38.0,12.67,52.05,90.96,23.0,7.67,31.51,55.05,27.0,9.0,36.99,64.63,12.0,4.0,16.44,28.72,16.0,5.33,21.92,38.3,9.0,3.0,12.33,21.54,11.0,3.67,15.07,26.33,3.0,1.0,4.11,7.18,11.0,3.67,15.07,26.33,11.0,3.67,15.07,26.33,8.0,2.67,10.96,19.15,7.0,2.33,9.59,16.76,1.0,0.33,1.37,2.39,12.0,4.0,16.44,28.72,7.0,2.33,9.59,16.76,7.0,2.33,9.59,16.76,2.0,0.67,2.74,4.79,0.0,0.0,0.0,0.0,11.0,3.67,15.07,26.33,0.0,0.0,0.0,0.0,52.05,31.51,20.55,116.49,15.0,5.0,20.55,15.04,5.01,0.5,0.6,0.56,0.27,1.0,0.18,0.58,0.4,0.88,0.54,2.74,0.0,0.15,0.0,0.41
2,新北中信特攻,104|113,貝奇/林任鴻,5,93,102.0,1367.2,22.79,22:47,273.44,4.56,04:33,49.0,9.8,48.04,77.41,55.0,11.0,53.92,86.89,35.0,7.0,34.31,55.3,16.0,3.2,15.69,25.28,17.0,3.4,16.67,26.86,7.0,1.4,6.86,11.06,18.0,3.6,17.65,28.44,9.0,1.8,8.82,14.22,11.0,2.2,10.78,17.38,8.0,1.6,7.84,12.64,2.0,0.4,1.96,3.16,19.0,3.8,18.63,30.02,4.0,0.8,3.92,6.32,11.0,2.2,10.78,17.38,10.0,2.0,9.8,15.8,13.0,2.6,12.75,20.54,7.0,1.4,6.86,11.06,2.0,0.4,1.96,3.16,8.0,1.6,7.84,12.64,22.0,4.4,21.57,34.76,48.04,53.92,-5.88,107.43,-6.0,-1.2,-5.88,22.79,4.56,0.59,0.61,0.41,0.5,0.73,0.2,0.81,0.15,0.83,0.58,6.86,1.96,0.08,21.57,0.31
2,高雄全家海神,10891|13399,廖偉皓/賽克維奇,2,56,62.0,777.31,12.96,12:57,388.65,6.48,06:29,29.0,14.5,46.77,80.59,28.0,14.0,45.16,77.81,24.0,12.0,38.71,66.69,11.0,5.5,17.74,30.57,14.0,7.0,22.58,38.9,6.0,3.0,9.68,16.67,10.0,5.0,16.13,27.79,5.0,2.5,8.06,13.89,2.0,1.0,3.23,5.56,2.0,1.0,3.23,5.56,4.0,2.0,6.45,11.12,9.0,4.5,14.52,25.01,1.0,0.5,1.61,2.78,8.0,4.0,12.9,22.23,6.0,3.0,9.68,16.67,7.0,3.5,11.29,19.45,4.0,2.0,6.45,11.12,0.0,0.0,0.0,0.0,4.0,2.0,6.45,11.12,14.0,7.0,22.58,38.9,46.77,45.16,1.61,114.86,1.0,0.5,1.61,12.96,6.48,0.56,0.58,0.43,0.5,1.0,0.19,0.64,0.33,0.9,0.59,6.45,0.0,0.06,22.58,0.08
2,高雄全家海神,10894|13399,凱帝/賽克維奇,1,16,16.0,188.88,3.15,03:09,188.88,3.15,03:09,11.0,11.0,68.75,125.79,7.0,7.0,43.75,80.05,6.0,6.0,37.5,68.61,4.0,4.0,25.0,45.74,3.0,3.0,18.75,34.31,2.0,2.0,12.5,22.87,3.0,3.0,18.75,34.31,2.0,2.0,12.5,22.87,1.0,1.0,6.25,11.44,1.0,1.0,6.25,11.44,0.0,0.0,0.0,0.0,1.0,1.0,6.25,11.44,0.0,0.0,0.0,0.0,3.0,3.0,18.75,34.31,1.0,1.0,6.25,11.44,3.0,3.0,18.75,34.31,1.0,1.0,6.25,11.44,0.0,0.0,0.0,0.0,2.0,2.0,12.5,22.87,3.0,3.0,18.75,34.31,68.75,43.75,25.0,121.98,4.0,4.0,25.0,3.15,3.15,0.83,0.85,0.67,0.67,1.0,0.13,0.75,0.0,1.0,0.25,6.25,0.0,0.12,18.75,0.17
2,高雄全家海神,10891|13275,廖偉皓/吳彥侖,7,222,266.0,3721.96,62.03,62:02,531.71,8.86,08:52,117.0,16.71,43.98,67.9,143.0,20.43,53.76,82.99,108.0,15.43,40.6,62.68,42.0,6.0,15.79,24.37,62.0,8.86,23.31,35.98,29.0,4.14,10.9,16.83,46.0,6.57,17.29,26.7,13.0,1.86,4.89,7.54,25.0,3.57,9.4,14.51,20.0,2.86,7.52,11.61,22.0,3.14,8.27,12.77,46.0,6.57,17.29,26.7,14.0,2.0,5.26,8.12,38.0,5.43,14.29,22.05,17.0,2.43,6.39,9.87,22.0,3.14,8.27,12.77,9.0,1.29,3.38,5.22,1.0,0.14,0.38,0.58,25.0,3.57,9.4,14.51,34.0,4.86,12.78,19.73,43.98,53.76,-9.77,102.91,-26.0,-3.71,-9.77,62.03,8.86,0.45,0.49,0.47,0.28,0.8,0.12,0.52,0.37,0.77,0.57,3.38,0.38,0.09,12.78,0.23
2,高雄全家海神,110|116,胡瓏貿/呂威霆,8,75,99.0,1235.51,20.59,20:36,154.44,2.57,02:34,28.0,3.5,28.28,48.95,39.0,4.88,39.39,68.18,35.0,4.38,35.35,61.19,9.0,1.12,9.09,15.73,15.0,1.88,15.15,26.22,5.0,0.62,5.05,8.74,20.0,2.5,20.2,34.97,4.0,0.5,4.04,6.99,12.0,1.5,12.12,20.98,8.0,1.0,8.08,13.99,12.0,1.5,12.12,20.98,15.0,1.88,15.15,26.22,9.0,1.12,9.09,15.73,18.0,2.25,18.18,31.47,9.0,1.12,9.09,15.73,6.0,0.75,6.06,10.49,3.0,0.38,3.03,5.24,5.0,0.62,5.05,8.74,7.0,0.88,7.07,12.24,11.0,1.38,11.11,19.23,28.28,39.39,-11.11,115.39,-11.0,-1.38,-11.11,20.59,2.57,0.31,0.35,0.33,0.2,0.67,0.18,0.67,0.4,0.62,0.5,3.03,5.05,0.07,11.11,0.34
2,高雄全家海神,45|111,施晉堯/唐維傑,5,96,114.0,1516.61,25.28,25:17,303.32,5.06,05:03,41.0,8.2,35.96,58.39,71.0,14.2,62.28,101.12,39.0,7.8,34.21,55.55,14.0,2.8,12.28,19.94,24.0,4.8,21.05,34.18,10.0,2.0,8.77,14.24,15.0,3.0,13.16,21.36,4.0,0.8,3.51,5.7,11.0,2.2,9.65,15.67,7.0,1.4,6.14,9.97,6.0,1.2,5.26,8.55,21.0,4.2,18.42,29.91,10.0,2.0,8.77,14.24,12.0,2.4,10.53,17.09,8.0,1.6,7.02,11.39,8.0,1.6,7.02,11.39,6.0,1.2,5.26,8.55,4.0,0.8,3.51,5.7,9.0,1.8,7.89,12.82,19.0,3.8,16.67,27.06,35.96,62.28,-26.32,108.24,-30.0,-6.0,-26.32,25.28,5.06,0.41,0.47,0.42,0.27,0.64,0.15,0.57,0.33,0.68,0.55,5.26,3.51,0.08,16.67,0.28
2,高雄全家海神,111|12908,唐維傑/布里茲克,4,126,153.0,2004.29,33.4,33:24,501.07,8.35,08:21,58.0,14.5,37.91,62.51,77.0,19.25,50.33,82.98,55.0,13.75,35.95,59.27,20.0,5.0,13.07,21.55,38.0,9.5,24.84,40.95,16.0,4.0,10.46,17.24,17.0,4.25,11.11,18.32,4.0,1.0,2.61,4.31,18.0,4.5,11.76,19.4,13.0,3.25,8.5,14.01,9.0,2.25,5.88,9.7,29.0,7.25,18.95,31.25,13.0,3.25,8.5,14.01,21.0,5.25,13.73,22.63,9.0,2.25,5.88,9.7,10.0,2.5,6.54,10.78,6.0,1.5,3.92,6.47,4.0,1.0,2.61,4.31,14.0,3.5,9.15,15.09,26.0,6.5,16.99,28.02,37.91,50.33,-12.42,109.92,-19.0,-4.75,-12.42,33.4,8.35,0.4,0.46,0.42,0.24,0.72,0.13,0.5,0.3,0.69,0.53,3.92,2.61,0.09,16.99,0.33
2,高雄全家海神,110|111,胡瓏貿/唐維傑,8,150,177.0,2459.89,41.0,41:00,307.49,5.12,05:07,79.0,9.88,44.63,69.37,93.0,11.62,52.54,81.66,62.0,7.75,35.03,54.44,28.0,3.5,15.82,24.59,34.0,4.25,19.21,29.85,17.0,2.12,9.6,14.93,28.0,3.5,15.82,24.59,11.0,1.38,6.21,9.66,23.0,2.88,12.99,20.2,15.0,1.88,8.47,13.17,12.0,1.5,6.78,10.54,24.0,3.0,13.56,21.07,12.0,1.5,6.78,10.54,23.0,2.88,12.99,20.2,17.0,2.12,9.6,14.93,17.0,2.12,9.6,14.93,8.0,1.0,4.52,7.02,5.0,0.62,2.82,4.39,17.0,2.12,9.6,14.93,21.0,2.62,11.86,18.44,44.63,52.54,-7.91,103.61,-14.0,-1.75,-7.91,41.0,5.12,0.54,0.55,0.5,0.39,0.65,0.19,0.61,0.34,0.67,0.51,4.52,2.82,0.1,11.86,0.37
2,高雄全家海神,111|10894,唐維傑/凱帝,1,6,6.0,77.16,1.29,01:17,77.16,1.29,01:17,2.0,2.0,33.33,55.99,4.0,4.0,66.67,111.98,2.0,2.0,33.33,55.99,0.0,0.0,0.0,0.0,1.0,1.0,16.67,27.99,0.0,0.0,0.0,0.0,1.0,1.0,16.67,27.99,0.0,0.0,0.0,0.0,2.0,2.0,33.33,55.99,2.0,2.0,33.33,55.99,0.0,0.0,0.0,0.0,2.0,2.0,33.33,55.99,0.0,0.0,0.0,0.0,1.0,1.0,16.67,27.99,0.0,0.0,0.0,0.0,0.0,0.0,0.0,0.0,0.0,0.0,0.0,0.0,0.0,0.0,0.0,0.0,1.0,1.0,16.67,27.99,0.0,0.0,0.0,0.0,33.33,66.67,-33.33,111.98,-2.0,-2.0,-33.33,1.29,1.29,0.0,0.35,0.0,0.0,1.0,0.0,,0.0,1.0,0.67,0.0,0.0,0.17,0.0,1.0
2,新北中信特攻,104|10880,貝奇/內馬,8,326,382.0,5183.66,86.39,86:24,647.96,10.8,10:48,173.0,21.62,45.29,72.09,135.0,16.88,35.34,56.25,145.0,18.12,37.96,60.42,63.0,7.88,16.49,26.25,73.0,9.12,19.11,30.42,38.0,4.75,9.95,15.83,72.0,9.0,18.85,30.0,25.0,3.12,6.54,10.42,37.0,4.62,9.69,15.42,20.0,2.5,5.24,8.33,24.0,3.0,6.28,10.0,67.0,8.38,17.54,27.92,19.0,2.38,4.97,7.92,66.0,8.25,17.28,27.5,29.0,3.62,7.59,12.08,49.0,6.12,12.83,20.42,15.0,1.88,3.93,6.25,3.0,0.38,0.79,1.25,33.0,4.12,8.64,13.75,38.0,4.75,9.95,15.83,45.29,35.34,9.95,106.12,38.0,4.75,9.95,86.39,10.8,0.52,0.54,0.52,0.35,0.54,0.15,0.78,0.27,0.78,0.52,3.93,0.79,0.09,9.95,0.26
2,新北中信特攻,38|48,余維豪/李沛澄,2,37,46.0,564.53,9.41,09:25,282.26,4.7,04:42,21.0,10.5,45.65,80.35,18.0,9.0,39.13,68.87,18.0,9.0,39.13,68.87,8.0,4.0,17.39,30.61,14.0,7.0,30.43,53.57,6.0,3.0,13.04,22.96,4.0,2.0,8.7,15.3,2.0,1.0,4.35,7.65,3.0,1.5,6.52,11.48,3.0,1.5,6.52,11.48,4.0,2.0,8.7,15.3,6.0,3.0,13.04,22.96,3.0,1.5,6.52,11.48,8.0,4.0,17.39,30.61,5.0,2.5,10.87,19.13,3.0,1.5,6.52,11.48,4.0,2.0,8.7,15.3,0.0,0.0,0.0,0.0,3.0,1.5,6.52,11.48,2.0,1.0,4.35,7.65,45.65,39.13,6.52,117.34,3.0,1.5,6.52,9.41,4.7,0.5,0.54,0.43,0.5,1.0,0.21,0.38,0.33,0.67,0.48,8.7,0.0,0.07,4.35,0.17
2,高雄全家海神,109|111,于煥亞/唐維傑,6,259,321.0,4117.36,68.62,68:37,686.23,11.44,11:26,144.0,24.0,44.86,75.54,147.0,24.5,45.79,77.12,126.0,21.0,39.25,66.1,53.0,8.83,16.51,27.8,76.0,12.67,23.68,39.87,39.0,6.5,12.15,20.46,50.0,8.33,15.58,26.23,14.0,2.33,4.36,7.34,30.0,5.0,9.35,15.74,22.0,3.67,6.85,11.54,32.0,5.33,9.97,16.79,41.0,6.83,12.77,21.51,19.0,3.17,5.92,9.97,35.0,5.83,10.9,18.36,23.0,3.83,7.17,12.07,29.0,4.83,9.03,15.21,15.0,2.5,4.67,7.87,6.0,1.0,1.87,3.15,30.0,5.0,9.35,15.74,34.0,5.67,10.59,17.84,44.86,45.79,-0.93,112.27,-3.0,-0.5,-0.93,68.62,11.44,0.48,0.52,0.51,0.28,0.73,0.14,0.55,0.48,0.68,0.57,4.67,1.87,0.09,10.59,0.24
2,臺北台新戰神,2|13400,江均/史東,1,10,11.0,160.66,2.68,02:41,160.66,2.68,02:41,11.0,11.0,100.0,147.89,6.0,6.0,54.55,80.67,4.0,4.0,36.36,53.78,4.0,4.0,36.36,53.78,2.0,2.0,18.18,26.89,2.0,2.0,18.18,26.89,2.0,2.0,18.18,26.89,2.0,2.0,18.18,26.89,4.0,4.0,36.36,53.78,2.0,2.0,18.18,26.89,0.0,0.0,0.0,0.0,1.0,1.0,9.09,13.44,0.0,0.0,0.0,0.0,1.0,1.0,9.09,13.44,1.0,1.0,9.09,13.44,3.0,3.0,27.27,40.33,1.0,1.0,9.09,13.44,0.0,0.0,0.0,0.0,3.0,3.0,27.27,40.33,2.0,2.0,18.18,26.89,100.0,54.55,45.45,98.59,5.0,5.0,45.45,2.68,2.68,1.25,0.95,1.0,1.0,0.5,0.15,0.75,0.0,1.0,0.5,9.09,0.0,0.27,18.18,1.0
2,桃園台啤永豐雲豹,62|64,王皓吉/劉元凱,1,1,1.0,1.0,0.02,00:01,1.0,0.02,00:01,0.0,0.0,0.0,0.0,1.0,1.0,100.0,2166.5,0.0,0.0,0.0,0.0,0.0,0.0,0.0,0.0,0.0,0.0,0.0,0.0,0.0,0.0,0.0,0.0,0.0,0.0,0.0,0.0,0.0,0.0,0.0,0.0,0.0,0.0,0.0,0.0,0.0,0.0,0.0,0.0,0.0,0.0,0.0,0.0,0.0,0.0,0.0,0.0,0.0,0.0,0.0,0.0,0.0,0.0,0.0,0.0,0.0,0.0,0.0,0.0,0.0,0.0,0.0,0.0,0.0,0.0,0.0,0.0,0.0,0.0,0.0,0.0,0.0,0.0,0.0,0.0,1.0,1.0,100.0,2166.5,0.0,100.0,-100.0,1444.33,-1.0,-1.0,-100.0,0.02,0.02,,,,,,,,,,,0.0,0.0,0.0,100.0,
2,新北國王,10873|13029,喬納森/杰倫,4,72,86.0,1128.09,18.8,18:48,282.02,4.7,04:42,43.0,10.75,50.0,82.33,37.0,9.25,43.02,70.85,33.0,8.25,38.37,63.19,14.0,3.5,16.28,26.81,10.0,2.5,11.63,19.15,6.0,1.5,6.98,11.49,23.0,5.75,26.74,44.04,8.0,2.0,9.3,15.32,9.0,2.25,10.47,17.23,5.0,1.25,5.81,9.57,6.0,1.5,6.98,11.49,17.0,4.25,19.77,32.55,7.0,1.75,8.14,13.4,15.0,3.75,17.44,28.72,3.0,0.75,3.49,5.74,6.0,1.5,6.98,11.49,1.0,0.25,1.16,1.91,0.0,0.0,0.0,0.0,7.0,1.75,8.14,13.4,8.0,2.0,9.3,15.32,50.0,43.02,6.98,109.78,6.0,1.5,6.98,18.8,4.7,0.55,0.58,0.6,0.35,0.56,0.08,0.43,0.29,0.71,0.51,1.16,0.0,0.08,9.3,0.27
2,新北國王,22|10873,簡祐哲/喬納森,7,68,82.0,1028.94,17.15,17:09,146.99,2.45,02:27,44.0,6.29,53.66,92.37,29.0,4.14,35.37,60.88,33.0,4.71,40.24,69.28,14.0,2.0,17.07,29.39,9.0,1.29,10.98,18.89,6.0,0.86,7.32,12.6,24.0,3.43,29.27,50.38,8.0,1.14,9.76,16.79,9.0,1.29,10.98,18.89,6.0,0.86,7.32,12.6,6.0,0.86,7.32,12.6,15.0,2.14,18.29,31.49,6.0,0.86,7.32,12.6,16.0,2.29,19.51,33.59,2.0,0.29,2.44,4.2,6.0,0.86,7.32,12.6,1.0,0.14,1.22,2.1,0.0,0.0,0.0,0.0,5.0,0.71,6.1,10.5,8.0,1.14,9.76,16.79,53.66,35.37,18.29,114.76,15.0,2.14,18.29,17.15,2.45,0.55,0.6,0.67,0.33,0.67,0.05,0.43,0.27,0.71,0.49,1.22,0.0,0.06,9.76,0.27
2,新北國王,29|10873,林書緯/喬納森,11,191,222.0,2992.85,49.88,49:53,272.08,4.53,04:32,110.0,10.0,49.55,79.39,107.0,9.73,48.2,77.22,77.0,7.0,34.68,55.57,40.0,3.64,18.02,28.87,37.0,3.36,16.67,26.7,21.0,1.91,9.46,15.16,40.0,3.64,18.02,28.87,19.0,1.73,8.56,13.71,17.0,1.55,7.66,12.27,11.0,1.0,4.95,7.94,10.0,0.91,4.5,7.22,30.0,2.73,13.51,21.65,15.0,1.36,6.76,10.83,34.0,3.09,15.32,24.54,20.0,1.82,9.01,14.43,29.0,2.64,13.06,20.93,14.0,1.27,6.31,10.1,1.0,0.09,0.45,0.72,15.0,1.36,6.76,10.83,25.0,2.27,11.26,18.04,49.55,48.2,1.35,106.81,3.0,0.27,1.35,49.88,4.53,0.64,0.65,0.57,0.48,0.65,0.19,0.72,0.23,0.67,0.45,6.31,0.45,0.07,11.26,0.22
2,福爾摩沙夢想家,10890|13777,湯普金斯/布依德,1,73,90.0,1277.1,21.29,21:17,1277.1,21.29,21:17,41.0,41.0,45.56,69.34,45.0,45.0,50.0,76.11,26.0,26.0,28.89,43.97,14.0,14.0,15.56,23.68,18.0,18.0,20.0,30.44,13.0,13.0,14.44,21.99,8.0,8.0,8.89,13.53,1.0,1.0,1.11,1.69,16.0,16.0,17.78,27.06,12.0,12.0,13.33,20.3,5.0,5.0,5.56,8.46,8.0,8.0,8.89,13.53,4.0,4.0,4.44,6.77,18.0,18.0,20.0,30.44,8.0,8.0,8.89,13.53,7.0,7.0,7.78,11.84,3.0,3.0,3.33,5.07,0.0,0.0,0.0,0.0,12.0,12.0,13.33,20.3,9.0,9.0,10.0,15.22,45.56,50.0,-4.44,101.48,-4.0,-4.0,-4.44,21.29,21.29,0.56,0.62,0.72,0.12,0.75,0.19,0.5,0.22,0.67,0.37,3.33,0.0,0.13,10.0,0.62
2,福爾摩沙夢想家,86|13777,林俊吉/布依德,5,297,371.0,4515.62,75.26,75:16,903.12,15.05,15:03,150.0,30.0,40.43,71.75,157.0,31.4,42.32,75.1,122.0,24.4,32.88,58.36,53.0,10.6,14.29,25.35,80.0,16.0,21.56,38.27,40.0,8.0,10.78,19.13,42.0,8.4,11.32,20.09,13.0,2.6,3.5,6.22,47.0,9.4,12.67,22.48,31.0,6.2,8.36,14.83,27.0,5.4,7.28,12.92,45.0,9.0,12.13,21.53,29.0,5.8,7.82,13.87,60.0,12.0,16.17,28.7,30.0,6.0,8.09,14.35,31.0,6.2,8.36,14.83,14.0,2.8,3.77,6.7,5.0,1.0,1.35,2.39,38.0,7.6,10.24,18.18,53.0,10.6,14.29,25.35,40.43,42.32,-1.89,118.31,-7.0,-1.4,-1.89,75.26,15.05,0.49,0.53,0.5,0.31,0.66,0.17,0.58,0.31,0.61,0.45,3.77,1.35,0.1,14.29,0.39
2,臺北台新戰神,5|13400,黃聰翰/史東,6,245,296.0,3732.88,62.21,62:13,622.15,10.37,10:22,111.0,18.5,37.5,64.23,150.0,25.0,50.68,86.8,102.0,17.0,34.46,59.02,40.0,6.67,13.51,23.15,59.0,9.83,19.93,34.14,31.0,5.17,10.47,17.94,43.0,7.17,14.53,24.88,9.0,1.5,3.04,5.21,28.0,4.67,9.46,16.2,22.0,3.67,7.43,12.73,13.0,2.17,4.39,7.52,50.0,8.33,16.89,28.93,26.0,4.33,8.78,15.04,37.0,6.17,12.5,21.41,23.0,3.83,7.77,13.31,21.0,3.5,7.09,12.15,15.0,2.5,5.07,8.68,8.0,1.33,2.7,4.63,24.0,4.0,8.11,13.89,48.0,8.0,16.22,27.77,37.5,50.68,-13.18,114.19,-39.0,-6.5,-13.18,62.21,10.37,0.44,0.49,0.53,0.21,0.79,0.17,0.52,0.26,0.66,0.5,5.07,2.7,0.08,16.22,0.27
2,臺北台新戰神,4|13400,張兆辰/史東,2,51,59.0,738.5,12.31,12:19,369.25,6.15,06:09,22.0,11.0,37.29,64.35,19.0,9.5,32.2,55.57,15.0,7.5,25.42,43.87,7.0,3.5,11.86,20.47,9.0,4.5,15.25,26.32,5.0,2.5,8.47,14.62,6.0,3.0,10.17,17.55,2.0,1.0,3.39,5.85,7.0,3.5,11.86,20.47,4.0,2.0,6.78,11.7,2.0,1.0,3.39,5.85,7.0,3.5,11.86,20.47,3.0,1.5,5.08,8.77,12.0,6.0,20.34,35.1,8.0,4.0,13.56,23.4,4.0,2.0,6.78,11.7,4.0,2.0,6.78,11.7,0.0,0.0,0.0,0.0,6.0,3.0,10.17,17.55,13.0,6.5,22.03,38.02,37.29,32.2,5.08,115.04,3.0,1.5,5.08,12.31,6.15,0.53,0.61,0.56,0.33,0.57,0.31,0.57,0.14,0.7,0.38,6.78,0.0,0.1,22.03,0.47
2,臺北台新戰神,4|7,張兆辰/孫思堯,1,9,12.0,90.08,1.5,01:30,90.08,1.5,01:30,2.0,2.0,16.67,47.96,6.0,6.0,50.0,143.88,5.0,5.0,41.67,119.9,0.0,0.0,0.0,0.0,2.0,2.0,16.67,47.96,0.0,0.0,0.0,0.0,3.0,3.0,25.0,71.94,0.0,0.0,0.0,0.0,2.0,2.0,16.67,47.96,2.0,2.0,16.67,47.96,2.0,2.0,16.67,47.96,1.0,1.0,8.33,23.98,1.0,1.0,8.33,23.98,0.0,0.0,0.0,0.0,1.0,1.0,8.33,23.98,0.0,0.0,0.0,0.0,1.0,1.0,8.33,23.98,0.0,0.0,0.0,0.0,0.0,0.0,0.0,0.0,2.0,2.0,16.67,47.96,16.67,50.0,-33.33,191.84,-4.0,-4.0,-33.33,1.5,1.5,0.0,0.17,0.0,0.0,1.0,0.15,,1.0,0.5,0.75,8.33,0.0,0.0,16.67,0.4
2,臺北台新戰神,1|7,丁聖儒/孫思堯,2,11,12.0,119.02,1.98,01:59,59.51,0.99,01:00,4.0,2.0,33.33,72.59,8.0,4.0,66.67,145.19,2.0,1.0,16.67,36.3,1.0,0.5,8.33,18.15,2.0,1.0,16.67,36.3,1.0,0.5,8.33,18.15,0.0,0.0,0.0,0.0,0.0,0.0,0.0,0.0,3.0,1.5,25.0,54.45,3.0,1.5,25.0,54.45,0.0,0.0,0.0,0.0,0.0,0.0,0.0,0.0,1.0,0.5,8.33,18.15,0.0,0.0,0.0,0.0,4.0,2.0,33.33,72.59,1.0,0.5,8.33,18.15,3.0,1.5,25.0,54.45,0.0,0.0,0.0,0.0,2.0,1.0,16.67,36.3,2.0,1.0,16.67,36.3,33.33,66.67,-33.33,145.19,-4.0,-2.0,-33.33,1.98,0.99,0.5,0.6,0.5,,1.0,0.55,1.0,,0.0,0.0,25.0,0.0,0.17,16.67,1.5
2,新竹御嵿攻城獅,75|80,高國豪/田浩,6,61,72.0,905.89,15.1,15:06,150.98,2.52,02:31,29.0,4.83,40.28,69.15,26.0,4.33,36.11,61.99,32.0,5.33,44.44,76.3,10.0,1.67,13.89,23.84,19.0,3.17,26.39,45.3,7.0,1.17,9.72,16.69,13.0,2.17,18.06,31.0,3.0,0.5,4.17,7.15,9.0,1.5,12.5,21.46,6.0,1.0,8.33,14.31,10.0,1.67,13.89,23.84,13.0,2.17,18.06,31.0,0.0,0.0,0.0,0.0,10.0,1.67,13.89,23.84,4.0,0.67,5.56,9.54,4.0,0.67,5.56,9.54,1.0,0.17,1.39,2.38,1.0,0.17,1.39,2.38,8.0,1.33,11.11,19.08,7.0,1.17,9.72,16.69,40.28,36.11,4.17,114.45,3.0,0.5,4.17,15.1,2.52,0.36,0.4,0.37,0.23,0.67,0.1,0.4,0.5,1.0,0.7,1.39,1.39,0.11,9.72,0.28
2,新竹御嵿攻城獅,75|10886,高國豪/梁瀚,1,4,4.0,57.06,0.95,00:57,57.06,0.95,00:57,0.0,0.0,0.0,0.0,0.0,0.0,0.0,0.0,2.0,2.0,50.0,75.71,0.0,0.0,0.0,0.0,1.0,1.0,25.0,37.85,0.0,0.0,0.0,0.0,1.0,1.0,25.0,37.85,0.0,0.0,0.0,0.0,0.0,0.0,0.0,0.0,0.0,0.0,0.0,0.0,0.0,0.0,0.0,0.0,2.0,2.0,50.0,75.71,0.0,0.0,0.0,0.0,1.0,1.0,25.0,37.85,0.0,0.0,0.0,0.0,0.0,0.0,0.0,0.0,0.0,0.0,0.0,0.0,0.0,0.0,0.0,0.0,0.0,0.0,0.0,0.0,4.0,4.0,100.0,151.42,0.0,0.0,0.0,100.95,0.0,0.0,0.0,0.95,0.95,0.0,0.0,0.0,0.0,,0.0,,0.0,1.0,0.67,0.0,0.0,0.0,100.0,0.0
2,新竹御嵿攻城獅,84|10886,李家瑞/梁瀚,1,4,4.0,57.06,0.95,00:57,57.06,0.95,00:57,0.0,0.0,0.0,0.0,0.0,0.0,0.0,0.0,2.0,2.0,50.0,75.71,0.0,0.0,0.0,0.0,1.0,1.0,25.0,37.85,0.0,0.0,0.0,0.0,1.0,1.0,25.0,37.85,0.0,0.0,0.0,0.0,0.0,0.0,0.0,0.0,0.0,0.0,0.0,0.0,0.0,0.0,0.0,0.0,2.0,2.0,50.0,75.71,0.0,0.0,0.0,0.0,1.0,1.0,25.0,37.85,0.0,0.0,0.0,0.0,0.0,0.0,0.0,0.0,0.0,0.0,0.0,0.0,0.0,0.0,0.0,0.0,0.0,0.0,0.0,0.0,4.0,4.0,100.0,151.42,0.0,0.0,0.0,100.95,0.0,0.0,0.0,0.95,0.95,0.0,0.0,0.0,0.0,,0.0,,0.0,1.0,0.67,0.0,0.0,0.0,100.0,0.0
2,臺北台新戰神,11|13400,蘇奕晉/史東,1,3,6.0,74.0,1.23,01:14,74.0,1.23,01:14,0.0,0.0,0.0,0.0,4.0,4.0,66.67,116.76,1.0,1.0,16.67,29.19,1.0,1.0,16.67,29.19,1.0,1.0,16.67,29.19,1.0,1.0,16.67,29.19,0.0,0.0,0.0,0.0,0.0,0.0,0.0,0.0,0.0,0.0,0.0,0.0,0.0,0.0,0.0,0.0,0.0,0.0,0.0,0.0,0.0,0.0,0.0,0.0,3.0,3.0,50.0,87.57,0.0,0.0,0.0,0.0,1.0,1.0,16.67,29.19,0.0,0.0,0.0,0.0,1.0,1.0,16.67,29.19,0.0,0.0,0.0,0.0,0.0,0.0,0.0,0.0,0.0,0.0,0.0,0.0,0.0,66.67,-66.67,116.76,-4.0,-4.0,-66.67,1.23,1.23,1.0,0.0,1.0,,,0.5,0.0,,0.0,0.0,16.67,0.0,0.0,0.0,0.0
2,福爾摩沙夢想家,79|13906,張宗憲/班提爾,13,1114,1304.0,18783.28,313.05,313:03,1444.87,24.08,24:05,637.0,49.0,48.85,73.25,555.0,42.69,42.56,63.82,498.0,38.31,38.19,57.27,235.0,18.08,18.02,27.02,314.0,24.15,24.08,36.11,154.0,11.85,11.81,17.71,184.0,14.15,14.11,21.16,81.0,6.23,6.21,9.31,131.0,10.08,10.05,15.06,86.0,6.62,6.6,9.89,94.0,7.23,7.21,10.81,189.0,14.54,14.49,21.73,66.0,5.08,5.06,7.59,225.0,17.31,17.25,25.87,84.0,6.46,6.44,9.66,151.0,11.62,11.58,17.36,48.0,3.69,3.68,5.52,14.0,1.08,1.07,1.61,114.0,8.77,8.74,13.11,104.0,8.0,7.98,11.96,48.85,42.56,6.29,99.97,82.0,6.31,6.29,313.05,24.08,0.55,0.57,0.49,0.44,0.66,0.13,0.64,0.29,0.74,0.49,3.68,1.07,0.09,7.98,0.26
2,福爾摩沙夢想家,89|13906,蔣淯安/班提爾,14,1374,1627.0,23420.28,390.34,390:20,1672.88,27.88,27:53,749.0,53.5,46.04,69.08,696.0,49.71,42.78,64.19,605.0,43.21,37.19,55.8,267.0,19.07,16.41,24.62,357.0,25.5,21.94,32.93,180.0,12.86,11.06,16.6,248.0,17.71,15.24,22.87,87.0,6.21,5.35,8.02,180.0,12.86,11.06,16.6,130.0,9.29,7.99,11.99,112.0,8.0,6.88,10.33,244.0,17.43,15.0,22.5,99.0,7.07,6.08,9.13,275.0,19.64,16.9,25.36,113.0,8.07,6.95,10.42,163.0,11.64,10.02,15.03,62.0,4.43,3.81,5.72,18.0,1.29,1.11,1.66,147.0,10.5,9.04,13.56,125.0,8.93,7.68,11.53,46.04,42.78,3.26,100.04,53.0,3.79,3.26,390.34,27.88,0.51,0.55,0.5,0.35,0.72,0.14,0.61,0.29,0.71,0.49,3.81,1.11,0.09,7.68,0.3
2,福爾摩沙夢想家,103|13906,忻沃克/班提爾,14,1248,1508.0,21529.29,358.82,358:49,1537.81,25.63,25:38,697.0,49.79,46.22,69.93,626.0,44.71,41.51,62.81,564.0,40.29,37.4,56.59,239.0,17.07,15.85,23.98,313.0,22.36,20.76,31.4,150.0,10.71,9.95,15.05,251.0,17.93,16.64,25.18,89.0,6.36,5.9,8.93,172.0,12.29,11.41,17.26,128.0,9.14,8.49,12.84,117.0,8.36,7.76,11.74,224.0,16.0,14.85,22.47,97.0,6.93,6.43,9.73,251.0,17.93,16.64,25.18,103.0,7.36,6.83,10.33,150.0,10.71,9.95,15.05,56.0,4.0,3.71,5.62,14.0,1.0,0.93,1.4,157.0,11.21,10.41,15.75,127.0,9.07,8.42,12.74,46.22,41.51,4.71,100.86,71.0,5.07,4.71,358.82,25.63,0.5,0.54,0.48,0.35,0.74,0.14,0.63,0.32,0.7,0.49,3.71,0.93,0.1,8.42,0.3
2,福爾摩沙夢想家,106|13906,高柏鎧/班提爾,6,465,562.0,7978.44,132.97,132:58,1329.74,22.16,22:10,245.0,40.83,43.59,66.33,223.0,37.17,39.68,60.37,214.0,35.67,38.08,57.94,88.0,14.67,15.66,23.82,129.0,21.5,22.95,34.92,61.0,10.17,10.85,16.51,85.0,14.17,15.12,23.01,27.0,4.5,4.8,7.31,54.0,9.0,9.61,14.62,42.0,7.0,7.47,11.37,48.0,8.0,8.54,13.0,84.0,14.0,14.95,22.74,32.0,5.33,5.69,8.66,103.0,17.17,18.33,27.89,40.0,6.67,7.12,10.83,45.0,7.5,8.01,12.18,22.0,3.67,3.91,5.96,5.0,0.83,0.89,1.35,52.0,8.67,9.25,14.08,35.0,5.83,6.23,9.48,43.59,39.68,3.91,101.43,22.0,3.67,3.91,132.97,22.16,0.47,0.52,0.47,0.32,0.78,0.14,0.51,0.32,0.72,0.49,3.91,0.89,0.09,6.23,0.25
2,福爾摩沙夢想家,77|13906,馬建豪/班提爾,7,596,722.0,9093.71,151.56,151:34,1299.1,21.65,21:39,311.0,44.43,43.07,73.87,294.0,42.0,40.72,69.83,260.0,37.14,36.01,61.76,106.0,15.14,14.68,25.18,148.0,21.14,20.5,35.15,71.0,10.14,9.83,16.86,112.0,16.0,15.51,26.6,35.0,5.0,4.85,8.31,91.0,13.0,12.6,21.61,69.0,9.86,9.56,16.39,49.0,7.0,6.79,11.64,109.0,15.57,15.1,25.89,47.0,6.71,6.51,11.16,118.0,16.86,16.34,28.03,48.0,6.86,6.65,11.4,61.0,8.71,8.45,14.49,22.0,3.14,3.05,5.23,11.0,1.57,1.52,2.61,72.0,10.29,9.97,17.1,68.0,9.71,9.42,16.15,43.07,40.72,2.35,114.33,17.0,2.43,2.35,151.56,21.65,0.48,0.52,0.48,0.31,0.76,0.14,0.58,0.29,0.7,0.49,3.05,1.52,0.1,9.42,0.35
2,福爾摩沙夢想家,13777|13906,布依德/班提爾,6,408,503.0,6388.12,106.47,106:28,1064.69,17.74,17:45,217.0,36.17,43.14,73.37,231.0,38.5,45.92,78.11,180.0,30.0,35.79,60.86,77.0,12.83,15.31,26.04,105.0,17.5,20.87,35.5,52.0,8.67,10.34,17.58,75.0,12.5,14.91,25.36,25.0,4.17,4.97,8.45,54.0,9.0,10.74,18.26,38.0,6.33,7.55,12.85,38.0,6.33,7.55,12.85,71.0,11.83,14.12,24.01,42.0,7.0,8.35,14.2,67.0,11.17,13.32,22.65,32.0,5.33,6.36,10.82,47.0,7.83,9.34,15.89,13.0,2.17,2.58,4.4,6.0,1.0,1.19,2.03,46.0,7.67,9.15,15.55,53.0,8.83,10.54,17.92,43.14,45.92,-2.78,113.39,-14.0,-2.33,-2.78,106.47,17.74,0.5,0.53,0.5,0.33,0.7,0.14,0.61,0.36,0.63,0.5,2.58,1.19,0.09,10.54,0.3
2,福爾摩沙夢想家,86|13906,林俊吉/班提爾,11,595,726.0,9769.53,162.83,162:50,888.14,14.8,14:48,357.0,32.45,49.17,78.93,302.0,27.45,41.6,66.77,262.0,23.82,36.09,57.93,119.0,10.82,16.39,26.31,147.0,13.36,20.25,32.5,76.0,6.91,10.47,16.8,115.0,10.45,15.84,25.43,43.0,3.91,5.92,9.51,94.0,8.55,12.95,20.78,76.0,6.91,10.47,16.8,53.0,4.82,7.3,11.72,100.0,9.09,13.77,22.11,40.0,3.64,5.51,8.84,114.0,10.36,15.7,25.2,49.0,4.45,6.75,10.83,76.0,6.91,10.47,16.8,27.0,2.45,3.72,5.97,5.0,0.45,0.69,1.11,85.0,7.73,11.71,18.79,85.0,7.73,11.71,18.79,49.17,41.6,7.58,107.01,55.0,5.0,7.58,162.83,14.8,0.54,0.59,0.52,0.37,0.81,0.14,0.64,0.32,0.71,0.5,3.72,0.69,0.12,11.71,0.36
2,福爾摩沙夢想家,99|13906,盧冠良/班提爾,11,325,385.0,5351.78,89.2,89:12,486.53,8.11,08:07,192.0,17.45,49.87,77.49,169.0,15.36,43.9,68.21,138.0,12.55,35.84,55.7,64.0,5.82,16.62,25.83,79.0,7.18,20.52,31.88,39.0,3.55,10.13,15.74,59.0,5.36,15.32,23.81,25.0,2.27,6.49,10.09,49.0,4.45,12.73,19.78,41.0,3.73,10.65,16.55,26.0,2.36,6.75,10.49,51.0,4.64,13.25,20.58,22.0,2.0,5.71,8.88,62.0,5.64,16.1,25.02,28.0,2.55,7.27,11.3,37.0,3.36,9.61,14.93,14.0,1.27,3.64,5.65,1.0,0.09,0.26,0.4,40.0,3.64,10.39,16.14,34.0,3.09,8.83,13.72,49.87,43.9,5.97,103.59,23.0,2.09,5.97,89.2,8.11,0.55,0.6,0.49,0.42,0.84,0.15,0.58,0.3,0.7,0.48,3.64,0.26,0.1,8.83,0.36
2,新北國王,32|10873,奧帝/喬納森,8,132,155.0,1995.54,33.26,33:16,249.44,4.16,04:09,90.0,11.25,58.06,97.42,70.0,8.75,45.16,75.77,54.0,6.75,34.84,58.45,29.0,3.62,18.71,31.39,26.0,3.25,16.77,28.14,14.0,1.75,9.03,15.15,28.0,3.5,18.06,30.31,15.0,1.88,9.68,16.24,26.0,3.25,16.77,28.14,18.0,2.25,11.61,19.48,8.0,1.0,5.16,8.66,21.0,2.62,13.55,22.73,13.0,1.62,8.39,14.07,22.0,2.75,14.19,23.81,7.0,0.88,4.52,7.58,25.0,3.12,16.13,27.06,5.0,0.62,3.23,5.41,0.0,0.0,0.0,0.0,19.0,2.38,12.26,20.57,21.0,2.62,13.55,22.73,58.06,45.16,12.9,111.85,20.0,2.5,12.9,33.26,4.16,0.68,0.69,0.54,0.54,0.69,0.1,0.86,0.27,0.62,0.45,3.23,0.0,0.12,13.55,0.48
2,福爾摩沙夢想家,95|13906,李德威/班提爾,1,2,2.0,22.41,0.37,00:22,22.41,0.37,00:22,2.0,2.0,100.0,192.75,2.0,2.0,100.0,192.75,1.0,1.0,50.0,96.38,1.0,1.0,50.0,96.38,1.0,1.0,50.0,96.38,1.0,1.0,50.0,96.38,0.0,0.0,0.0,0.0,0.0,0.0,0.0,0.0,0.0,0.0,0.0,0.0,0.0,0.0,0.0,0.0,0.0,0.0,0.0,0.0,0.0,0.0,0.0,0.0,0.0,0.0,0.0,0.0,0.0,0.0,0.0,0.0,0.0,0.0,0.0,0.0,1.0,1.0,50.0,96.38,0.0,0.0,0.0,0.0,0.0,0.0,0.0,0.0,0.0,0.0,0.0,0.0,0.0,0.0,0.0,0.0,100.0,100.0,0.0,128.5,0.0,0.0,0.0,0.37,0.37,1.0,1.0,1.0,,,0.0,1.0,,,,0.0,0.0,0.0,0.0,0.0
2,新北國王,10871|10874,鍾理翔/熊祥泰,1,4,6.0,89.0,1.48,01:29,89.0,1.48,01:29,0.0,0.0,0.0,0.0,0.0,0.0,0.0,0.0,2.0,2.0,33.33,48.54,0.0,0.0,0.0,0.0,1.0,1.0,16.67,24.27,0.0,0.0,0.0,0.0,1.0,1.0,16.67,24.27,0.0,0.0,0.0,0.0,0.0,0.0,0.0,0.0,0.0,0.0,0.0,0.0,0.0,0.0,0.0,0.0,2.0,2.0,33.33,48.54,0.0,0.0,0.0,0.0,2.0,2.0,33.33,48.54,0.0,0.0,0.0,0.0,0.0,0.0,0.0,0.0,0.0,0.0,0.0,0.0,0.0,0.0,0.0,0.0,1.0,1.0,16.67,24.27,0.0,0.0,0.0,0.0,0.0,0.0,0.0,97.08,0.0,0.0,0.0,1.48,1.48,0.0,0.0,0.0,0.0,,0.0,,0.0,1.0,0.5,0.0,0.0,0.17,0.0,0.0
2,臺北台新戰神,10|10864,雷蒙恩/劉彥廷,9,260,320.0,4145.31,69.09,69:05,460.59,7.68,07:41,137.0,15.22,42.81,71.39,156.0,17.33,48.75,81.29,98.0,10.89,30.63,51.06,46.0,5.11,14.37,23.97,64.0,7.11,20.0,33.35,33.0,3.67,10.31,17.2,34.0,3.78,10.62,17.72,13.0,1.44,4.06,6.77,56.0,6.22,17.5,29.18,34.0,3.78,10.62,17.72,15.0,1.67,4.69,7.82,47.0,5.22,14.69,24.49,23.0,2.56,7.19,11.98,46.0,5.11,14.37,23.97,25.0,2.78,7.81,13.03,24.0,2.67,7.5,12.51,17.0,1.89,5.31,8.86,6.0,0.67,1.88,3.13,39.0,4.33,12.19,20.32,42.0,4.67,13.12,21.88,42.81,48.75,-5.94,111.16,-19.0,-2.11,-5.94,69.09,7.68,0.54,0.56,0.52,0.38,0.61,0.17,0.52,0.25,0.67,0.47,5.31,1.88,0.12,13.12,0.57
2,臺北台新戰神,10864|10869,劉彥廷/基德,1,15,22.0,283.5,4.73,04:44,283.5,4.73,04:44,12.0,12.0,54.55,91.43,9.0,9.0,40.91,68.57,5.0,5.0,22.73,38.09,3.0,3.0,13.64,22.86,2.0,2.0,9.09,15.24,2.0,2.0,9.09,15.24,3.0,3.0,13.64,22.86,1.0,1.0,4.55,7.62,7.0,7.0,31.82,53.33,5.0,5.0,22.73,38.09,0.0,0.0,0.0,0.0,3.0,3.0,13.64,22.86,3.0,3.0,13.64,22.86,4.0,4.0,18.18,30.48,2.0,2.0,9.09,15.24,0.0,0.0,0.0,0.0,2.0,2.0,9.09,15.24,0.0,0.0,0.0,0.0,4.0,4.0,18.18,30.48,2.0,2.0,9.09,15.24,54.55,40.91,13.64,111.74,3.0,3.0,13.64,4.73,4.73,0.7,0.74,1.0,0.33,0.71,0.2,0.0,0.0,0.5,0.3,9.09,0.0,0.18,9.09,1.4
2,臺北台新戰神,1|10864,丁聖儒/劉彥廷,9,278,344.0,4513.15,75.22,75:13,501.46,8.36,08:21,166.0,18.44,48.26,79.45,147.0,16.33,42.73,70.35,125.0,13.89,36.34,59.83,53.0,5.89,15.41,25.37,63.0,7.0,18.31,30.15,27.0,3.0,7.85,12.92,62.0,6.89,18.02,29.67,26.0,2.89,7.56,12.44,44.0,4.89,12.79,21.06,34.0,3.78,9.88,16.27,24.0,2.67,6.98,11.49,56.0,6.22,16.28,26.8,30.0,3.33,8.72,14.36,57.0,6.33,16.57,27.28,22.0,2.44,6.4,10.53,36.0,4.0,10.47,17.23,16.0,1.78,4.65,7.66,7.0,0.78,2.03,3.35,35.0,3.89,10.17,16.75,32.0,3.56,9.3,15.32,48.26,42.73,5.52,109.76,19.0,2.11,5.52,75.22,8.36,0.53,0.57,0.43,0.42,0.77,0.13,0.68,0.3,0.65,0.48,4.65,2.03,0.1,9.3,0.35
2,臺北台新戰神,14|10864,錢肯尼/劉彥廷,8,140,167.0,2308.76,38.48,38:29,288.6,4.81,04:49,79.0,9.88,47.31,73.91,88.0,11.0,52.69,82.33,70.0,8.75,41.92,65.49,29.0,3.62,17.37,27.13,43.0,5.38,25.75,40.23,17.0,2.12,10.18,15.9,27.0,3.38,16.17,25.26,12.0,1.5,7.19,11.23,22.0,2.75,13.17,20.58,13.0,1.62,7.78,12.16,15.0,1.88,8.98,14.03,28.0,3.5,16.77,26.2,7.0,0.88,4.19,6.55,23.0,2.88,13.77,21.52,9.0,1.12,5.39,8.42,20.0,2.5,11.98,18.71,6.0,0.75,3.59,5.61,6.0,0.75,3.59,5.61,20.0,2.5,11.98,18.71,13.0,1.62,7.78,12.16,47.31,52.69,-5.39,104.16,-9.0,-1.12,-5.39,38.48,4.81,0.5,0.5,0.4,0.44,0.59,0.1,0.69,0.39,0.8,0.59,3.59,3.59,0.12,7.78,0.31
2,臺北台新戰神,1|13907,丁聖儒/梅克,11,1319,1569.0,22143.57,369.06,369:04,2013.05,33.55,33:33,716.0,65.09,45.63,69.84,780.0,70.91,49.71,76.09,567.0,51.55,36.14,55.31,238.0,21.64,15.17,23.22,298.0,27.09,18.99,29.07,150.0,13.64,9.56,14.63,269.0,24.45,17.14,26.24,88.0,8.0,5.61,8.58,206.0,18.73,13.13,20.09,153.0,13.91,9.75,14.92,96.0,8.73,6.12,9.36,249.0,22.64,15.87,24.29,92.0,8.36,5.86,8.97,250.0,22.73,15.93,24.39,107.0,9.73,6.82,10.44,158.0,14.36,10.07,15.41,63.0,5.73,4.02,6.15,21.0,1.91,1.34,2.05,168.0,15.27,10.71,16.39,154.0,14.0,9.82,15.02,45.63,49.71,-4.08,102.03,-64.0,-5.82,-4.08,369.06,33.55,0.5,0.54,0.5,0.33,0.74,0.14,0.66,0.28,0.73,0.5,4.02,1.34,0.11,9.82,0.36
2,臺北台新戰神,10|13907,雷蒙恩/梅克,10,900,1076.0,15847.97,264.13,264:08,1584.8,26.41,26:25,480.0,48.0,44.61,65.42,529.0,52.9,49.16,72.1,385.0,38.5,35.78,52.47,168.0,16.8,15.61,22.9,215.0,21.5,19.98,29.3,114.0,11.4,10.59,15.54,170.0,17.0,15.8,23.17,54.0,5.4,5.02,7.36,123.0,12.3,11.43,16.76,88.0,8.8,8.18,11.99,52.0,5.2,4.83,7.09,176.0,17.6,16.36,23.99,68.0,6.8,6.32,9.27,171.0,17.1,15.89,23.31,66.0,6.6,6.13,9.0,101.0,10.1,9.39,13.77,37.0,3.7,3.44,5.04,10.0,1.0,0.93,1.36,99.0,9.9,9.2,13.49,106.0,10.6,9.85,14.45,44.61,49.16,-4.55,97.77,-49.0,-4.9,-4.55,264.13,26.41,0.51,0.55,0.53,0.32,0.72,0.13,0.6,0.23,0.72,0.49,3.44,0.93,0.09,9.85,0.32
2,臺北台新戰神,14|13907,錢肯尼/梅克,10,838,992.0,13675.64,227.93,227:56,1367.56,22.79,22:48,447.0,44.7,45.06,70.6,471.0,47.1,47.48,74.39,348.0,34.8,35.08,54.96,155.0,15.5,15.62,24.48,192.0,19.2,19.35,30.33,103.0,10.3,10.38,16.27,156.0,15.6,15.73,24.64,52.0,5.2,5.24,8.21,116.0,11.6,11.69,18.32,85.0,8.5,8.57,13.43,53.0,5.3,5.34,8.37,154.0,15.4,15.52,24.32,62.0,6.2,6.25,9.79,162.0,16.2,16.33,25.59,73.0,7.3,7.36,11.53,99.0,9.9,9.98,15.64,47.0,4.7,4.74,7.42,12.0,1.2,1.21,1.9,102.0,10.2,10.28,16.11,76.0,7.6,7.66,12.0,45.06,47.48,-2.42,104.45,-24.0,-2.4,-2.42,227.93,22.79,0.52,0.56,0.54,0.33,0.73,0.15,0.64,0.25,0.71,0.48,4.74,1.21,0.1,7.66,0.33
2,臺北台新戰神,10869|13907,基德/梅克,3,292,343.0,5453.71,90.9,90:54,1817.9,30.3,30:18,176.0,58.67,51.31,69.71,157.0,52.33,45.77,62.18,116.0,38.67,33.82,45.94,59.0,19.67,17.2,23.37,54.0,18.0,15.74,21.39,32.0,10.67,9.33,12.67,62.0,20.67,18.08,24.56,27.0,9.0,7.87,10.69,43.0,14.33,12.54,17.03,31.0,10.33,9.04,12.28,13.0,4.33,3.79,5.15,46.0,15.33,13.41,18.22,25.0,8.33,7.29,9.9,60.0,20.0,17.49,23.76,27.0,9.0,7.87,10.69,42.0,14.0,12.24,16.63,15.0,5.0,4.37,5.94,5.0,1.67,1.46,1.98,39.0,13.0,11.37,15.45,30.0,10.0,8.75,11.88,51.31,45.77,5.54,90.57,19.0,6.33,5.54,90.9,30.3,0.62,0.65,0.59,0.44,0.72,0.17,0.71,0.18,0.65,0.41,4.37,1.46,0.11,8.75,0.37
2,臺北台新戰神,5|13907,黃聰翰/梅克,11,888,1042.0,15036.62,250.61,250:37,1366.97,22.78,22:47,486.0,44.18,46.64,69.81,493.0,44.82,47.31,70.82,369.0,33.55,35.41,53.01,158.0,14.36,15.16,22.7,191.0,17.36,18.33,27.44,98.0,8.91,9.4,14.08,178.0,16.18,17.08,25.57,60.0,5.45,5.76,8.62,142.0,12.91,13.63,20.4,110.0,10.0,10.56,15.8,58.0,5.27,5.57,8.33,159.0,14.45,15.26,22.84,55.0,5.0,5.28,7.9,168.0,15.27,16.12,24.13,74.0,6.73,7.1,10.63,96.0,8.73,9.21,13.79,42.0,3.82,4.03,6.03,16.0,1.45,1.54,2.3,109.0,9.91,10.46,15.66,117.0,10.64,11.23,16.81,46.64,47.31,-0.67,99.79,-7.0,-0.64,-0.67,250.61,22.78,0.51,0.56,0.51,0.34,0.77,0.15,0.61,0.26,0.74,0.49,4.03,1.54,0.1,11.23,0.38
2,臺北台新戰神,10865|13907,謝銘駿/梅克,7,258,310.0,4909.09,81.82,81:49,701.3,11.69,11:41,155.0,22.14,50.0,68.2,148.0,21.14,47.74,65.12,107.0,15.29,34.52,47.08,49.0,7.0,15.81,21.56,53.0,7.57,17.1,23.32,30.0,4.29,9.68,13.2,54.0,7.71,17.42,23.76,19.0,2.71,6.13,8.36,54.0,7.71,17.42,23.76,38.0,5.43,12.26,16.72,16.0,2.29,5.16,7.04,50.0,7.14,16.13,22.0,23.0,3.29,7.42,10.12,51.0,7.29,16.45,22.44,15.0,2.14,4.84,6.6,22.0,3.14,7.1,9.68,9.0,1.29,2.9,3.96,4.0,0.57,1.29,1.76,41.0,5.86,13.23,18.04,39.0,5.57,12.58,17.16,50.0,47.74,2.26,90.93,7.0,1.0,2.26,81.82,11.69,0.55,0.59,0.57,0.35,0.7,0.1,0.45,0.24,0.68,0.47,2.9,1.29,0.13,12.58,0.5
2,臺北台新戰神,3|13907,陳文宏/梅克,10,400,465.0,6514.95,108.58,108:35,651.49,10.86,10:51,198.0,19.8,42.58,65.65,227.0,22.7,48.82,75.26,156.0,15.6,33.55,51.72,62.0,6.2,13.33,20.56,76.0,7.6,16.34,25.2,40.0,4.0,8.6,13.26,80.0,8.0,17.2,26.52,22.0,2.2,4.73,7.29,72.0,7.2,15.48,23.87,56.0,5.6,12.04,18.57,29.0,2.9,6.24,9.61,71.0,7.1,15.27,23.54,22.0,2.2,4.73,7.29,66.0,6.6,14.19,21.88,37.0,3.7,7.96,12.27,41.0,4.1,8.82,13.59,24.0,2.4,5.16,7.96,6.0,0.6,1.29,1.99,56.0,5.6,12.04,18.57,43.0,4.3,9.25,14.26,42.58,48.82,-6.24,102.78,-29.0,-2.9,-6.24,108.58,10.86,0.47,0.53,0.53,0.28,0.78,0.16,0.66,0.31,0.76,0.53,5.16,1.29,0.12,9.25,0.46
2,臺北台新戰神,10863|13907,魏芃禾/梅克,6,59,71.0,1031.99,17.2,17:12,172.0,2.87,02:52,28.0,4.67,39.44,58.61,39.0,6.5,54.93,81.63,25.0,4.17,35.21,52.33,9.0,1.5,12.68,18.84,13.0,2.17,18.31,27.21,6.0,1.0,8.45,12.56,12.0,2.0,16.9,25.12,3.0,0.5,4.23,6.28,6.0,1.0,8.45,12.56,6.0,1.0,8.45,12.56,4.0,0.67,5.63,8.37,11.0,1.83,15.49,23.02,6.0,1.0,8.45,12.56,9.0,1.5,12.68,18.84,5.0,0.83,7.04,10.47,5.0,0.83,7.04,10.47,4.0,0.67,5.63,8.37,1.0,0.17,1.41,2.09,6.0,1.0,8.45,12.56,7.0,1.17,9.86,14.65,39.44,54.93,-15.49,99.07,-11.0,-1.83,-15.49,17.2,2.87,0.42,0.51,0.46,0.25,1.0,0.15,0.56,0.31,0.65,0.5,5.63,1.41,0.08,9.86,0.24
2,臺北台新戰神,13400|13907,史東/梅克,3,82,99.0,1336.13,22.27,22:16,445.38,7.42,07:25,44.0,14.67,44.44,71.13,41.0,13.67,41.41,66.28,35.0,11.67,35.35,56.58,14.0,4.67,14.14,22.63,19.0,6.33,19.19,30.72,11.0,3.67,11.11,17.78,16.0,5.33,16.16,25.87,3.0,1.0,3.03,4.85,15.0,5.0,15.15,24.25,11.0,3.67,11.11,17.78,6.0,2.0,6.06,9.7,17.0,5.67,17.17,27.48,3.0,1.0,3.03,4.85,16.0,5.33,16.16,25.87,7.0,2.33,7.07,11.32,5.0,1.67,5.05,8.08,3.0,1.0,3.03,4.85,0.0,0.0,0.0,0.0,14.0,4.67,14.14,22.63,20.0,6.67,20.2,32.33,44.44,41.41,3.03,106.7,3.0,1.0,3.03,22.27,7.42,0.44,0.53,0.58,0.19,0.73,0.14,0.36,0.27,0.85,0.55,3.03,0.0,0.14,20.2,0.43
2,高雄全家海神,51|14037,克力斯/奧迪傑,3,82,97.0,1308.13,21.8,21:48,436.04,7.27,07:16,45.0,15.0,46.39,74.3,49.0,16.33,50.52,80.91,35.0,11.67,36.08,57.79,19.0,6.33,19.59,31.37,22.0,7.33,22.68,36.33,13.0,4.33,13.4,21.47,13.0,4.33,13.4,21.47,6.0,2.0,6.19,9.91,2.0,0.67,2.06,3.3,1.0,0.33,1.03,1.65,5.0,1.67,5.15,8.26,11.0,3.67,11.34,18.16,5.0,1.67,5.15,8.26,13.0,4.33,13.4,21.47,11.0,3.67,11.34,18.16,11.0,3.67,11.34,18.16,8.0,2.67,8.25,13.21,1.0,0.33,1.03,1.65,7.0,2.33,7.22,11.56,6.0,2.0,6.19,9.91,46.39,50.52,-4.12,106.78,-4.0,-1.33,-4.12,21.8,7.27,0.63,0.63,0.59,0.46,0.5,0.23,0.58,0.28,0.69,0.47,8.25,1.03,0.07,6.19,0.06
2,高雄全家海神,109|14037,于煥亞/奧迪傑,3,201,246.0,3036.59,50.61,50:37,1012.2,16.87,16:52,107.0,35.67,43.5,76.11,106.0,35.33,43.09,75.4,86.0,28.67,34.96,61.17,39.0,13.0,15.85,27.74,50.0,16.67,20.33,35.57,25.0,8.33,10.16,17.78,36.0,12.0,14.63,25.61,14.0,4.67,5.69,9.96,16.0,5.33,6.5,11.38,13.0,4.33,5.28,9.25,18.0,6.0,7.32,12.8,28.0,9.33,11.38,19.92,19.0,6.33,7.72,13.52,31.0,10.33,12.6,22.05,27.0,9.0,10.98,19.21,23.0,7.67,9.35,16.36,18.0,6.0,7.32,12.8,2.0,0.67,0.81,1.42,21.0,7.0,8.54,14.94,16.0,5.33,6.5,11.38,43.5,43.09,0.41,116.66,1.0,0.33,0.41,50.61,16.87,0.53,0.58,0.5,0.39,0.81,0.22,0.59,0.37,0.6,0.48,7.32,0.81,0.09,6.5,0.19
2,高雄全家海神,111|14037,唐維傑/奧迪傑,4,214,255.0,3344.78,55.75,55:45,836.2,13.94,13:56,109.0,27.25,42.75,70.39,113.0,28.25,44.31,72.97,97.0,24.25,38.04,62.64,40.0,10.0,15.69,25.83,60.0,15.0,23.53,38.75,28.0,7.0,10.98,18.08,37.0,9.25,14.51,23.89,12.0,3.0,4.71,7.75,20.0,5.0,7.84,12.92,15.0,3.75,5.88,9.69,20.0,5.0,7.84,12.92,35.0,8.75,13.73,22.6,14.0,3.5,5.49,9.04,35.0,8.75,13.73,22.6,22.0,5.5,8.63,14.21,24.0,6.0,9.41,15.5,14.0,3.5,5.49,9.04,2.0,0.5,0.78,1.29,25.0,6.25,9.8,16.14,19.0,4.75,7.45,12.27,42.75,44.31,-1.57,109.78,-4.0,-1.0,-1.57,55.75,13.94,0.47,0.52,0.47,0.32,0.75,0.17,0.6,0.36,0.71,0.53,5.49,0.78,0.1,7.45,0.21
2,高雄全家海神,122|14037,陳懷安/奧迪傑,3,146,166.0,2173.63,36.23,36:14,724.54,12.08,12:05,82.0,27.33,49.4,81.49,79.0,26.33,47.59,78.5,56.0,18.67,33.73,55.65,30.0,10.0,18.07,29.81,35.0,11.67,21.08,34.78,20.0,6.67,12.05,19.87,21.0,7.0,12.65,20.87,10.0,3.33,6.02,9.94,18.0,6.0,10.84,17.89,12.0,4.0,7.23,11.92,7.0,2.33,4.22,6.96,21.0,7.0,12.65,20.87,7.0,2.33,4.22,6.96,24.0,8.0,14.46,23.85,16.0,5.33,9.64,15.9,19.0,6.33,11.45,18.88,12.0,4.0,7.23,11.92,0.0,0.0,0.0,0.0,19.0,6.33,11.45,18.88,16.0,5.33,9.64,15.9,49.4,47.59,1.81,109.97,3.0,1.0,1.81,36.23,12.08,0.62,0.64,0.57,0.48,0.67,0.2,0.63,0.23,0.75,0.47,7.23,0.0,0.11,9.64,0.32
2,高雄全家海神,45|14037,施晉堯/奧迪傑,3,105,127.0,1539.22,25.65,25:39,513.07,8.55,08:33,37.0,12.33,29.13,51.92,70.0,23.33,55.12,98.23,41.0,13.67,32.28,57.54,12.0,4.0,9.45,16.84,22.0,7.33,17.32,30.87,10.0,3.33,7.87,14.03,19.0,6.33,14.96,26.66,2.0,0.67,1.57,2.81,17.0,5.67,13.39,23.86,11.0,3.67,8.66,15.44,10.0,3.33,7.87,14.03,21.0,7.0,16.54,29.47,8.0,2.67,6.3,11.23,12.0,4.0,9.45,16.84,12.0,4.0,9.45,16.84,9.0,3.0,7.09,12.63,8.0,2.67,6.3,11.23,2.0,0.67,1.57,2.81,12.0,4.0,9.45,16.84,22.0,7.33,17.32,30.87,29.13,55.12,-25.98,118.81,-33.0,-11.0,-25.98,25.65,8.55,0.32,0.38,0.45,0.11,0.65,0.2,0.75,0.45,0.72,0.61,6.3,1.57,0.09,17.32,0.41
2,高雄全家海神,121|14037,吳曉謹/奧迪傑,5,199,234.0,3029.6,50.49,50:30,605.92,10.1,10:06,94.0,18.8,40.17,67.02,118.0,23.6,50.43,84.13,83.0,16.6,35.47,59.18,35.0,7.0,14.96,24.95,43.0,8.6,18.38,30.66,22.0,4.4,9.4,15.69,40.0,8.0,17.09,28.52,13.0,2.6,5.56,9.27,12.0,2.4,5.13,8.56,11.0,2.2,4.7,7.84,18.0,3.6,7.69,12.83,27.0,5.4,11.54,19.25,15.0,3.0,6.41,10.69,32.0,6.4,13.68,22.81,29.0,5.8,12.39,20.68,20.0,4.0,8.55,14.26,21.0,4.2,8.97,14.97,3.0,0.6,1.28,2.14,18.0,3.6,7.69,12.83,24.0,4.8,10.26,17.11,40.17,50.43,-10.26,111.22,-24.0,-4.8,-10.26,50.49,10.1,0.5,0.53,0.51,0.32,0.92,0.25,0.57,0.36,0.64,0.49,8.97,1.28,0.08,10.26,0.14
2,高雄全家海神,12668|14037,歐提斯/奧迪傑,1,67,75.0,916.43,15.27,15:16,916.43,15.27,15:16,33.0,33.0,44.0,77.78,49.0,49.0,65.33,115.49,22.0,22.0,29.33,51.85,13.0,13.0,17.33,30.64,17.0,17.0,22.67,40.07,11.0,11.0,14.67,25.93,5.0,5.0,6.67,11.78,2.0,2.0,2.67,4.71,7.0,7.0,9.33,16.5,5.0,5.0,6.67,11.78,2.0,2.0,2.67,4.71,7.0,7.0,9.33,16.5,2.0,2.0,2.67,4.71,6.0,6.0,8.0,14.14,11.0,11.0,14.67,25.93,6.0,6.0,8.0,14.14,7.0,7.0,9.33,16.5,0.0,0.0,0.0,0.0,9.0,9.0,12.0,21.21,2.0,2.0,2.67,4.71,44.0,65.33,-21.33,117.85,-16.0,-16.0,-21.33,15.27,15.27,0.64,0.66,0.65,0.4,0.71,0.3,0.46,0.25,0.78,0.53,9.33,0.0,0.12,2.67,0.32
2,高雄全家海神,13275|14037,吳彥侖/奧迪傑,5,61,74.0,960.69,16.01,16:01,192.14,3.2,03:12,21.0,4.2,28.38,47.22,44.0,8.8,59.46,98.93,29.0,5.8,39.19,65.2,9.0,1.8,12.16,20.24,18.0,3.6,24.32,40.47,8.0,1.6,10.81,17.99,11.0,2.2,14.86,24.73,1.0,0.2,1.35,2.25,4.0,0.8,5.41,8.99,4.0,0.8,5.41,8.99,8.0,1.6,10.81,17.99,12.0,2.4,16.22,26.98,6.0,1.2,8.11,13.49,6.0,1.2,8.11,13.49,8.0,1.6,10.81,17.99,4.0,0.8,5.41,8.99,6.0,1.2,8.11,13.49,1.0,0.2,1.35,2.25,6.0,1.2,8.11,13.49,9.0,1.8,12.16,20.24,28.38,59.46,-31.08,110.92,-23.0,-4.6,-31.08,16.01,3.2,0.33,0.34,0.44,0.09,1.0,0.21,0.44,0.57,0.67,0.62,8.11,1.35,0.08,12.16,0.14
2,高雄全家海神,110|14037,胡瓏貿/奧迪傑,5,201,236.0,2920.85,48.68,48:41,584.17,9.74,09:44,107.0,21.4,45.34,79.13,130.0,26.0,55.08,96.14,82.0,16.4,34.75,60.64,37.0,7.4,15.68,27.36,43.0,8.6,18.22,31.8,22.0,4.4,9.32,16.27,39.0,7.8,16.53,28.84,15.0,3.0,6.36,11.09,24.0,4.8,10.17,17.75,18.0,3.6,7.63,13.31,17.0,3.4,7.2,12.57,29.0,5.8,12.29,21.45,13.0,2.6,5.51,9.61,29.0,5.8,12.29,21.45,22.0,4.4,9.32,16.27,21.0,4.2,8.9,15.53,17.0,3.4,7.2,12.57,4.0,0.8,1.69,2.96,21.0,4.2,8.9,15.53,27.0,5.4,11.44,19.97,45.34,55.08,-9.75,116.35,-23.0,-4.6,-9.75,48.68,9.74,0.54,0.58,0.51,0.38,0.75,0.19,0.57,0.37,0.69,0.52,7.2,1.69,0.09,11.44,0.29
2,高雄全家海神,108|13275,魏莨哲/吳彥侖,2,48,58.0,834.61,13.91,13:55,417.31,6.96,06:57,22.0,11.0,37.93,56.94,27.0,13.5,46.55,69.88,20.0,10.0,34.48,51.76,7.0,3.5,12.07,18.12,14.0,7.0,24.14,36.23,5.0,2.5,8.62,12.94,6.0,3.0,10.34,15.53,2.0,1.0,3.45,5.18,8.0,4.0,13.79,20.7,6.0,3.0,10.34,15.53,4.0,2.0,6.9,10.35,10.0,5.0,17.24,25.88,5.0,2.5,8.62,12.94,10.0,5.0,17.24,25.88,4.0,2.0,6.9,10.35,2.0,1.0,3.45,5.18,2.0,1.0,3.45,5.18,1.0,0.5,1.72,2.59,6.0,3.0,10.34,15.53,8.0,4.0,13.79,20.7,37.93,46.55,-8.62,100.07,-5.0,-2.5,-8.62,13.91,6.96,0.4,0.47,0.36,0.33,0.75,0.15,0.29,0.29,0.67,0.48,3.45,1.72,0.1,13.79,0.4
2,高雄全家海神,108|14037,魏莨哲/奧迪傑,4,123,149.0,1869.91,31.17,31:10,467.48,7.79,07:47,44.0,11.0,29.53,50.83,71.0,17.75,47.65,82.01,59.0,14.75,39.6,68.15,15.0,3.75,10.07,17.33,44.0,11.0,29.53,50.83,13.0,3.25,8.72,15.02,15.0,3.75,10.07,17.33,2.0,0.5,1.34,2.31,16.0,4.0,10.74,18.48,12.0,3.0,8.05,13.86,17.0,4.25,11.41,19.64,25.0,6.25,16.78,28.88,7.0,1.75,4.7,8.09,20.0,5.0,13.42,23.1,9.0,2.25,6.04,10.4,9.0,2.25,6.04,10.4,6.0,1.5,4.03,6.93,3.0,0.75,2.01,3.47,11.0,2.75,7.38,12.71,20.0,5.0,13.42,23.1,29.53,47.65,-18.12,114.74,-27.0,-6.75,-18.12,31.17,7.79,0.27,0.33,0.3,0.13,0.75,0.12,0.6,0.46,0.78,0.61,4.03,2.01,0.07,13.42,0.27
2,高雄全家海神,116|14037,呂威霆/奧迪傑,5,170,205.0,2655.09,44.25,44:15,531.02,8.85,08:51,55.0,11.0,26.83,44.74,96.0,19.2,46.83,78.1,73.0,14.6,35.61,59.39,22.0,4.4,10.73,17.9,44.0,8.8,21.46,35.8,20.0,4.0,9.76,16.27,29.0,5.8,14.15,23.59,2.0,0.4,0.98,1.63,14.0,2.8,6.83,11.39,11.0,2.2,5.37,8.95,14.0,2.8,6.83,11.39,36.0,7.2,17.56,29.29,16.0,3.2,7.8,13.02,28.0,5.6,13.66,22.78,20.0,4.0,9.76,16.27,15.0,3.0,7.32,12.2,12.0,2.4,5.85,9.76,1.0,0.2,0.49,0.81,20.0,4.0,9.76,16.27,34.0,6.8,16.59,27.66,26.83,46.83,-20.0,111.18,-41.0,-8.2,-20.0,44.25,8.85,0.32,0.35,0.45,0.07,0.79,0.2,0.68,0.33,0.69,0.53,5.85,0.49,0.1,16.59,0.19
2,高雄全家海神,10891|14037,廖偉皓/奧迪傑,4,140,166.0,2075.2,34.59,34:35,518.8,8.65,08:39,56.0,14.0,33.73,58.29,82.0,20.5,49.4,85.35,64.0,16.0,38.55,66.62,19.0,4.75,11.45,19.78,41.0,10.25,24.7,42.68,14.0,3.5,8.43,14.57,23.0,5.75,13.86,23.94,5.0,1.25,3.01,5.2,17.0,4.25,10.24,17.69,13.0,3.25,7.83,13.53,17.0,4.25,10.24,17.69,29.0,7.25,17.47,30.19,6.0,1.5,3.61,6.25,23.0,5.75,13.86,23.94,12.0,3.0,7.23,12.49,9.0,2.25,5.42,9.37,8.0,2.0,4.82,8.33,1.0,0.25,0.6,1.04,15.0,3.75,9.04,15.61,31.0,7.75,18.67,32.27,33.73,49.4,-15.66,115.19,-26.0,-6.5,-15.66,34.59,8.65,0.34,0.39,0.34,0.22,0.76,0.14,0.47,0.42,0.83,0.61,4.82,0.6,0.09,18.67,0.27
2,福爾摩沙夢想家,83|13906,吳家駿/班提爾,5,148,188.0,2262.53,37.71,37:43,452.51,7.54,07:33,75.0,15.0,39.89,71.6,81.0,16.2,43.09,77.33,74.0,14.8,39.36,70.65,30.0,6.0,15.96,28.64,43.0,8.6,22.87,41.05,22.0,4.4,11.7,21.0,31.0,6.2,16.49,29.6,8.0,1.6,4.26,7.64,11.0,2.2,5.85,10.5,7.0,1.4,3.72,6.68,17.0,3.4,9.04,16.23,28.0,5.6,14.89,26.73,16.0,3.2,8.51,15.27,23.0,4.6,12.23,21.96,12.0,2.4,6.38,11.46,18.0,3.6,9.57,17.18,4.0,0.8,2.13,3.82,2.0,0.4,1.06,1.91,11.0,2.2,5.85,10.5,27.0,5.4,14.36,25.78,39.89,43.09,-3.19,119.65,-6.0,-1.2,-3.19,37.71,7.54,0.46,0.48,0.51,0.26,0.64,0.13,0.6,0.42,0.64,0.54,2.13,1.06,0.06,14.36,0.15
2,新北國王,22|14038,簡祐哲/飛米,7,299,352.0,5681.46,94.69,94:41,811.64,13.53,13:32,140.0,20.0,39.77,53.23,150.0,21.43,42.61,57.03,133.0,19.0,37.78,50.56,54.0,7.71,15.34,20.53,84.0,12.0,23.86,31.94,37.0,5.29,10.51,14.07,49.0,7.0,13.92,18.63,17.0,2.43,4.83,6.46,20.0,2.86,5.68,7.6,15.0,2.14,4.26,5.7,17.0,2.43,4.83,6.46,65.0,9.29,18.47,24.71,26.0,3.71,7.39,9.88,64.0,9.14,18.18,24.33,24.0,3.43,6.82,9.12,30.0,4.29,8.52,11.41,15.0,2.14,4.26,5.7,3.0,0.43,0.85,1.14,28.0,4.0,7.95,10.65,28.0,4.0,7.95,10.65,39.77,42.61,-2.84,89.22,-10.0,-1.43,-2.84,94.69,13.53,0.47,0.49,0.44,0.35,0.75,0.14,0.56,0.21,0.71,0.48,4.26,0.85,0.08,7.95,0.15
2,新北國王,28|14038,呂政儒/飛米,10,412,489.0,7333.69,122.23,122:14,733.37,12.22,12:13,212.0,21.2,43.35,62.44,220.0,22.0,44.99,64.8,181.0,18.1,37.01,53.31,81.0,8.1,16.56,23.86,113.0,11.3,23.11,33.28,61.0,6.1,12.47,17.97,68.0,6.8,13.91,20.03,20.0,2.0,4.09,5.89,39.0,3.9,7.98,11.49,30.0,3.0,6.13,8.84,25.0,2.5,5.11,7.36,80.0,8.0,16.36,23.56,33.0,3.3,6.75,9.72,76.0,7.6,15.54,22.38,33.0,3.3,6.75,9.72,52.0,5.2,10.63,15.32,19.0,1.9,3.89,5.6,6.0,0.6,1.23,1.77,40.0,4.0,8.18,11.78,40.0,4.0,8.18,11.78,43.35,44.99,-1.64,96.02,-8.0,-0.8,-1.64,122.23,12.22,0.5,0.53,0.54,0.29,0.77,0.14,0.64,0.25,0.71,0.49,3.89,1.23,0.08,8.18,0.22
2,新北國王,29|14038,林書緯/飛米,11,1102,1280.0,18332.7,305.54,305:33,1666.61,27.78,27:47,589.0,53.55,46.02,69.4,598.0,54.36,46.72,70.46,469.0,42.64,36.64,55.26,213.0,19.36,16.64,25.1,277.0,25.18,21.64,32.64,139.0,12.64,10.86,16.38,192.0,17.45,15.0,22.62,74.0,6.73,5.78,8.72,111.0,10.09,8.67,13.08,89.0,8.09,6.95,10.49,57.0,5.18,4.45,6.72,203.0,18.45,15.86,23.92,76.0,6.91,5.94,8.95,204.0,18.55,15.94,24.04,91.0,8.27,7.11,10.72,139.0,12.64,10.86,16.38,52.0,4.73,4.06,6.13,11.0,1.0,0.86,1.3,119.0,10.82,9.3,14.02,144.0,13.09,11.25,16.97,46.02,46.72,-0.7,100.54,-9.0,-0.82,-0.7,305.54,27.78,0.53,0.57,0.5,0.39,0.8,0.15,0.65,0.22,0.73,0.48,4.06,0.86,0.09,11.25,0.24
2,新北國王,10875|14038,傑登/飛米,2,111,139.0,1793.15,29.89,29:53,896.57,14.94,14:57,55.0,27.5,39.57,66.25,66.0,33.0,47.48,79.5,56.0,28.0,40.29,67.46,21.0,10.5,15.11,25.3,34.0,17.0,24.46,40.96,15.0,7.5,10.79,18.07,22.0,11.0,15.83,26.5,6.0,3.0,4.32,7.23,11.0,5.5,7.91,13.25,9.0,4.5,6.47,10.84,10.0,5.0,7.19,12.05,26.0,13.0,18.71,31.32,11.0,5.5,7.91,13.25,17.0,8.5,12.23,20.48,8.0,4.0,5.76,9.64,10.0,5.0,7.19,12.05,4.0,2.0,2.88,4.82,1.0,0.5,0.72,1.2,11.0,5.5,7.91,13.25,13.0,6.5,9.35,15.66,39.57,47.48,-7.91,111.62,-11.0,-5.5,-7.91,29.89,14.94,0.43,0.45,0.44,0.27,0.82,0.12,0.48,0.37,0.7,0.56,2.88,0.72,0.08,9.35,0.2
2,新北國王,32|14038,奧帝/飛米,6,274,311.0,4217.7,70.29,70:18,702.95,11.72,11:43,162.0,27.0,52.09,82.96,125.0,20.83,40.19,64.02,112.0,18.67,36.01,57.36,55.0,9.17,17.68,28.17,53.0,8.83,17.04,27.14,26.0,4.33,8.36,13.32,59.0,9.83,18.97,30.22,29.0,4.83,9.32,14.85,29.0,4.83,9.32,14.85,23.0,3.83,7.4,11.78,14.0,2.33,4.5,7.17,44.0,7.33,14.15,22.53,12.0,2.0,3.86,6.15,61.0,10.17,19.61,31.24,26.0,4.33,8.36,13.32,37.0,6.17,11.9,18.95,11.0,1.83,3.54,5.63,5.0,0.83,1.61,2.56,32.0,5.33,10.29,16.39,55.0,9.17,17.68,28.17,52.09,40.19,11.9,106.18,37.0,6.17,11.9,70.29,11.72,0.62,0.65,0.49,0.49,0.79,0.17,0.67,0.19,0.79,0.44,3.54,1.61,0.1,17.68,0.26
2,新北國王,10872|14038,林彥廷/飛米,11,885,1013.0,13989.06,233.15,233:09,1271.73,21.2,21:12,505.0,45.91,49.85,77.98,443.0,40.27,43.73,68.4,371.0,33.73,36.62,57.28,180.0,16.36,17.77,27.79,209.0,19.0,20.63,32.27,113.0,10.27,11.15,17.45,162.0,14.73,15.99,25.01,67.0,6.09,6.61,10.35,92.0,8.36,9.08,14.21,78.0,7.09,7.7,12.04,42.0,3.82,4.15,6.49,152.0,13.82,15.0,23.47,53.0,4.82,5.23,8.18,168.0,15.27,16.58,25.94,70.0,6.36,6.91,10.81,120.0,10.91,11.85,18.53,38.0,3.45,3.75,5.87,9.0,0.82,0.89,1.39,94.0,8.55,9.28,14.51,111.0,10.09,10.96,17.14,49.85,43.73,6.12,104.28,62.0,5.64,6.12,233.15,21.2,0.58,0.61,0.54,0.41,0.85,0.15,0.67,0.2,0.74,0.47,3.75,0.89,0.09,10.96,0.25
2,新北國王,10874|14038,熊祥泰/飛米,11,707,822.0,11381.24,189.69,189:41,1034.66,17.24,17:15,400.0,36.36,48.66,75.91,362.0,32.91,44.04,68.7,300.0,27.27,36.5,56.94,140.0,12.73,17.03,26.57,167.0,15.18,20.32,31.69,85.0,7.73,10.34,16.13,133.0,12.09,16.18,25.24,55.0,5.0,6.69,10.44,78.0,7.09,9.49,14.8,65.0,5.91,7.91,12.34,38.0,3.45,4.62,7.21,123.0,11.18,14.96,23.34,44.0,4.0,5.35,8.35,136.0,12.36,16.55,25.81,59.0,5.36,7.18,11.2,92.0,8.36,11.19,17.46,31.0,2.82,3.77,5.88,9.0,0.82,1.09,1.71,77.0,7.0,9.37,14.61,109.0,9.91,13.26,20.69,48.66,44.04,4.62,104.0,38.0,3.45,4.62,189.69,17.24,0.56,0.6,0.51,0.41,0.83,0.15,0.66,0.22,0.74,0.47,3.77,1.09,0.09,13.26,0.26
2,新北國王,22|14303,簡祐哲/喬丹,3,172,212.0,3563.99,59.4,59:24,1188.0,19.8,19:48,85.0,28.33,40.09,51.52,91.0,30.33,42.92,55.15,78.0,26.0,36.79,47.27,32.0,10.67,15.09,19.39,43.0,14.33,20.28,26.06,21.0,7.0,9.91,12.73,35.0,11.67,16.51,21.21,11.0,3.67,5.19,6.67,13.0,4.33,6.13,7.88,10.0,3.33,4.72,6.06,9.0,3.0,4.25,5.45,38.0,12.67,17.92,23.03,24.0,8.0,11.32,14.55,31.0,10.33,14.62,18.79,10.0,3.33,4.72,6.06,20.0,6.67,9.43,12.12,4.0,1.33,1.89,2.42,1.0,0.33,0.47,0.61,15.0,5.0,7.08,9.09,27.0,9.0,12.74,16.36,40.09,42.92,-2.83,85.66,-6.0,-2.0,-2.83,59.4,19.8,0.48,0.51,0.49,0.31,0.77,0.11,0.62,0.22,0.61,0.46,1.89,0.47,0.07,12.74,0.17
2,新北國王,28|14303,呂政儒/喬丹,5,235,286.0,4577.27,76.29,76:17,915.45,15.26,15:15,123.0,24.6,43.01,58.04,141.0,28.2,49.3,66.54,109.0,21.8,38.11,51.44,49.0,9.8,17.13,23.12,71.0,14.2,24.83,33.5,37.0,7.4,12.94,17.46,38.0,7.6,13.29,17.93,12.0,2.4,4.2,5.66,19.0,3.8,6.64,8.97,13.0,2.6,4.55,6.13,18.0,3.6,6.29,8.49,45.0,9.0,15.73,21.24,24.0,4.8,8.39,11.33,33.0,6.6,11.54,15.57,17.0,3.4,5.94,8.02,34.0,6.8,11.89,16.04,14.0,2.8,4.9,6.61,4.0,0.8,1.4,1.89,21.0,4.2,7.34,9.91,22.0,4.4,7.69,10.38,43.01,49.3,-6.29,89.98,-18.0,-3.6,-6.29,76.29,15.26,0.5,0.52,0.52,0.32,0.68,0.13,0.69,0.35,0.65,0.52,4.9,1.4,0.07,7.69,0.17
2,新北國王,29|14303,林書緯/喬丹,5,529,624.0,9297.62,154.96,154:58,1859.52,30.99,31:00,298.0,59.6,47.76,69.23,292.0,58.4,46.79,67.84,235.0,47.0,37.66,54.59,112.0,22.4,17.95,26.02,135.0,27.0,21.63,31.36,70.0,14.0,11.22,16.26,100.0,20.0,16.03,23.23,42.0,8.4,6.73,9.76,45.0,9.0,7.21,10.45,32.0,6.4,5.13,7.43,31.0,6.2,4.97,7.2,96.0,19.2,15.38,22.3,49.0,9.8,7.85,11.38,93.0,18.6,14.9,21.61,38.0,7.6,6.09,8.83,74.0,14.8,11.86,17.19,27.0,5.4,4.33,6.27,7.0,1.4,1.12,1.63,53.0,10.6,8.49,12.31,78.0,15.6,12.5,18.12,47.76,46.79,0.96,96.64,6.0,1.2,0.96,154.96,30.99,0.57,0.58,0.52,0.42,0.71,0.13,0.66,0.25,0.66,0.47,4.33,1.12,0.08,12.5,0.19
2,新北國王,14038|14303,飛米/喬丹,5,393,465.0,7091.0,118.18,118:11,1418.2,23.64,23:38,210.0,42.0,45.16,63.97,208.0,41.6,44.73,63.36,172.0,34.4,36.99,52.39,77.0,15.4,16.56,23.46,95.0,19.0,20.43,28.94,47.0,9.4,10.11,14.32,77.0,15.4,16.56,23.46,30.0,6.0,6.45,9.14,32.0,6.4,6.88,9.75,24.0,4.8,5.16,7.31,23.0,4.6,4.95,7.01,73.0,14.6,15.7,22.24,35.0,7.0,7.53,10.66,71.0,14.2,15.27,21.63,30.0,6.0,6.45,9.14,52.0,10.4,11.18,15.84,21.0,4.2,4.52,6.4,3.0,0.6,0.65,0.91,36.0,7.2,7.74,10.97,57.0,11.4,12.26,17.36,45.16,44.73,0.43,94.43,2.0,0.4,0.43,118.18,23.64,0.53,0.56,0.49,0.39,0.75,0.14,0.68,0.24,0.68,0.48,4.52,0.65,0.08,12.26,0.19
2,新北國王,10872|14303,林彥廷/喬丹,5,401,465.0,6514.89,108.58,108:35,1302.98,21.72,21:43,257.0,51.4,55.27,85.21,213.0,42.6,45.81,70.62,181.0,36.2,38.92,60.01,94.0,18.8,20.22,31.17,101.0,20.2,21.72,33.49,56.0,11.2,12.04,18.57,80.0,16.0,17.2,26.52,38.0,7.6,8.17,12.6,38.0,7.6,8.17,12.6,29.0,5.8,6.24,9.61,28.0,5.6,6.02,9.28,62.0,12.4,13.33,20.56,29.0,5.8,6.24,9.61,70.0,14.0,15.05,23.21,24.0,4.8,5.16,7.96,60.0,12.0,12.9,19.89,14.0,2.8,3.01,4.64,7.0,1.4,1.51,2.32,40.0,8.0,8.6,13.26,58.0,11.6,12.47,19.23,55.27,45.81,9.46,102.78,44.0,8.8,9.46,108.58,21.72,0.62,0.65,0.55,0.48,0.76,0.11,0.64,0.29,0.68,0.48,3.01,1.51,0.09,12.47,0.21
2,新北國王,10874|14303,熊祥泰/喬丹,5,309,361.0,4901.85,81.7,81:42,980.37,16.34,16:20,167.0,33.4,46.26,73.59,153.0,30.6,42.38,67.42,129.0,25.8,35.73,56.84,59.0,11.8,16.34,26.0,73.0,14.6,20.22,32.17,34.0,6.8,9.42,14.98,56.0,11.2,15.51,24.68,25.0,5.0,6.93,11.02,28.0,5.6,7.76,12.34,22.0,4.4,6.09,9.69,20.0,4.0,5.54,8.81,51.0,10.2,14.13,22.47,19.0,3.8,5.26,8.37,61.0,12.2,16.9,26.88,30.0,6.0,8.31,13.22,42.0,8.4,11.63,18.51,18.0,3.6,4.99,7.93,3.0,0.6,0.83,1.32,33.0,6.6,9.14,14.54,66.0,13.2,18.28,29.08,46.26,42.38,3.88,106.05,14.0,2.8,3.88,81.7,16.34,0.55,0.59,0.47,0.45,0.79,0.18,0.71,0.25,0.73,0.47,4.99,0.83,0.09,18.28,0.22
2,新北國王,32|14303,奧帝/喬丹,3,83,94.0,1383.35,23.06,23:03,461.12,7.69,07:41,58.0,19.33,61.7,90.56,50.0,16.67,53.19,78.07,37.0,12.33,39.36,57.77,21.0,7.0,22.34,32.79,19.0,6.33,20.21,29.67,11.0,3.67,11.7,17.18,18.0,6.0,19.15,28.11,10.0,3.33,10.64,15.61,8.0,2.67,8.51,12.49,6.0,2.0,6.38,9.37,2.0,0.67,2.13,3.12,14.0,4.67,14.89,21.86,8.0,2.67,8.51,12.49,13.0,4.33,13.83,20.3,2.0,0.67,2.13,3.12,15.0,5.0,15.96,23.42,1.0,0.33,1.06,1.56,1.0,0.33,1.06,1.56,9.0,3.0,9.57,14.05,13.0,4.33,13.83,20.3,61.7,53.19,8.51,97.85,8.0,2.67,8.51,23.06,7.69,0.7,0.72,0.58,0.56,0.75,0.05,0.71,0.13,0.64,0.43,1.06,1.06,0.1,13.83,0.22
2,新北國王,10873|14038,喬納森/飛米,9,225,261.0,3526.63,58.78,58:47,391.85,6.53,06:32,132.0,14.67,50.57,80.85,115.0,12.78,44.06,70.44,96.0,10.67,36.78,58.8,46.0,5.11,17.62,28.17,47.0,5.22,18.01,28.79,25.0,2.78,9.58,15.31,49.0,5.44,18.77,30.01,21.0,2.33,8.05,12.86,23.0,2.56,8.81,14.09,19.0,2.11,7.28,11.64,15.0,1.67,5.75,9.19,34.0,3.78,13.03,20.82,14.0,1.56,5.36,8.57,43.0,4.78,16.48,26.34,17.0,1.89,6.51,10.41,34.0,3.78,13.03,20.82,9.0,1.0,3.45,5.51,0.0,0.0,0.0,0.0,22.0,2.44,8.43,13.47,33.0,3.67,12.64,20.21,50.57,44.06,6.51,106.57,17.0,1.89,6.51,58.78,6.53,0.59,0.62,0.53,0.43,0.83,0.14,0.74,0.26,0.71,0.46,3.45,0.0,0.08,12.64,0.24
2,新北國王,10873|14303,喬納森/喬丹,5,208,250.0,3192.47,53.21,53:12,638.49,10.64,10:38,123.0,24.6,49.2,83.22,118.0,23.6,47.2,79.84,92.0,18.4,36.8,62.25,44.0,8.8,17.6,29.77,52.0,10.4,20.8,35.18,26.0,5.2,10.4,17.59,40.0,8.0,16.0,27.06,18.0,3.6,7.2,12.18,23.0,4.6,9.2,15.56,15.0,3.0,6.0,10.15,19.0,3.8,7.6,12.86,32.0,6.4,12.8,21.65,14.0,2.8,5.6,9.47,31.0,6.2,12.4,20.97,16.0,3.2,6.4,10.83,28.0,5.6,11.2,18.94,12.0,2.4,4.8,8.12,3.0,0.6,1.2,2.03,19.0,3.8,7.6,12.86,36.0,7.2,14.4,24.36,49.2,47.2,2.0,112.77,5.0,1.0,2.0,53.21,10.64,0.58,0.6,0.5,0.45,0.65,0.14,0.64,0.38,0.7,0.53,4.8,1.2,0.08,14.4,0.25
2,新北國王,28|10873,呂政儒/喬納森,5,57,71.0,895.72,14.93,14:56,179.14,2.99,02:59,33.0,6.6,46.48,79.58,36.0,7.2,50.7,86.81,26.0,5.2,36.62,62.7,12.0,2.4,16.9,28.94,15.0,3.0,21.13,36.17,8.0,1.6,11.27,19.29,11.0,2.2,15.49,26.53,4.0,0.8,5.63,9.65,6.0,1.2,8.45,14.47,5.0,1.0,7.04,12.06,6.0,1.2,8.45,14.47,9.0,1.8,12.68,21.7,6.0,1.2,8.45,14.47,8.0,1.6,11.27,19.29,6.0,1.2,8.45,14.47,8.0,1.6,11.27,19.29,5.0,1.0,7.04,12.06,2.0,0.4,2.82,4.82,4.0,0.8,5.63,9.65,9.0,1.8,12.68,21.7,46.48,50.7,-4.23,114.14,-3.0,-0.6,-4.23,14.93,2.99,0.54,0.58,0.53,0.36,0.83,0.17,0.67,0.43,0.6,0.52,7.04,2.82,0.06,12.68,0.23
2,高雄全家海神,119|14037,余純安/奧迪傑,4,180,215.0,2558.7,42.64,42:39,639.67,10.66,10:40,77.0,19.25,35.81,65.0,87.0,21.75,40.47,73.44,73.0,18.25,33.95,61.63,28.0,7.0,13.02,23.64,45.0,11.25,20.93,37.99,20.0,5.0,9.3,16.88,28.0,7.0,13.02,23.64,8.0,2.0,3.72,6.75,19.0,4.75,8.84,16.04,13.0,3.25,6.05,10.97,9.0,2.25,4.19,7.6,36.0,9.0,16.74,30.39,18.0,4.5,8.37,15.2,35.0,8.75,16.28,29.55,19.0,4.75,8.84,16.04,21.0,5.25,9.77,17.73,14.0,3.5,6.51,11.82,3.0,0.75,1.4,2.53,17.0,4.25,7.91,14.35,22.0,5.5,10.23,18.57,35.81,40.47,-4.65,121.0,-10.0,-2.5,-4.65,42.64,10.66,0.44,0.47,0.44,0.29,0.68,0.19,0.75,0.2,0.67,0.46,6.51,1.4,0.08,10.23,0.26
2,福爾摩沙夢想家,91|13906,簡偉儒/班提爾,7,184,233.0,3199.8,53.33,53:20,457.11,7.62,07:37,93.0,13.29,39.91,62.78,109.0,15.57,46.78,73.58,97.0,13.86,41.63,65.48,34.0,4.86,14.59,22.95,49.0,7.0,21.03,33.08,25.0,3.57,10.73,16.88,48.0,6.86,20.6,32.4,9.0,1.29,3.86,6.08,22.0,3.14,9.44,14.85,15.0,2.14,6.44,10.13,24.0,3.43,10.3,16.2,42.0,6.0,18.03,28.35,20.0,2.86,8.58,13.5,30.0,4.29,12.88,20.25,10.0,1.43,4.29,6.75,21.0,3.0,9.01,14.18,4.0,0.57,1.72,2.7,4.0,0.57,1.72,2.7,19.0,2.71,8.15,12.83,27.0,3.86,11.59,18.23,39.91,46.78,-6.87,104.86,-16.0,-2.29,-6.87,53.33,7.62,0.4,0.44,0.51,0.19,0.68,0.09,0.62,0.44,0.68,0.57,1.72,1.72,0.08,11.59,0.23
2,高雄全家海神,111|13399,唐維傑/賽克維奇,1,28,33.0,459.83,7.66,07:40,459.83,7.66,07:40,9.0,9.0,27.27,42.28,13.0,13.0,39.39,61.07,12.0,12.0,36.36,56.37,3.0,3.0,9.09,14.09,7.0,7.0,21.21,32.88,2.0,2.0,6.06,9.39,5.0,5.0,15.15,23.49,1.0,1.0,3.03,4.7,2.0,2.0,6.06,9.39,2.0,2.0,6.06,9.39,3.0,3.0,9.09,14.09,6.0,6.0,18.18,28.18,2.0,2.0,6.06,9.39,6.0,6.0,18.18,28.18,4.0,4.0,12.12,18.79,0.0,0.0,0.0,0.0,2.0,2.0,6.06,9.39,0.0,0.0,0.0,0.0,4.0,4.0,12.12,18.79,0.0,0.0,0.0,0.0,27.27,39.39,-12.12,103.34,-4.0,-4.0,-12.12,7.66,7.66,0.29,0.35,0.29,0.2,1.0,0.24,0.0,0.33,0.75,0.53,6.06,0.0,0.12,0.0,0.17
2,高雄全家海神,13399|14037,賽克維奇/奧迪傑,2,31,39.0,432.13,7.2,07:12,216.06,3.6,03:36,9.0,4.5,23.08,44.99,10.0,5.0,25.64,49.99,16.0,8.0,41.03,79.98,2.0,1.0,5.13,10.0,12.0,6.0,30.77,59.98,2.0,1.0,5.13,10.0,4.0,2.0,10.26,19.99,0.0,0.0,0.0,0.0,6.0,3.0,15.38,29.99,5.0,2.5,12.82,24.99,6.0,3.0,15.38,29.99,7.0,3.5,17.95,34.99,4.0,2.0,10.26,19.99,6.0,3.0,15.38,29.99,2.0,1.0,5.13,10.0,1.0,0.5,2.56,5.0,1.0,0.5,2.56,5.0,1.0,0.5,2.56,5.0,3.0,1.5,7.69,15.0,4.0,2.0,10.26,19.99,23.08,25.64,-2.56,129.96,-1.0,-0.5,-2.56,7.2,3.6,0.12,0.24,0.17,0.0,0.83,0.1,0.5,0.5,0.64,0.57,2.56,2.56,0.08,10.26,0.38
2,高雄全家海神,119|13399,余純安/賽克維奇,4,120,138.0,1879.06,31.32,31:19,469.77,7.83,07:50,61.0,15.25,44.2,70.12,68.0,17.0,49.28,78.17,53.0,13.25,38.41,60.92,22.0,5.5,15.94,25.29,30.0,7.5,21.74,34.49,16.0,4.0,11.59,18.39,23.0,5.75,16.67,26.44,6.0,1.5,4.35,6.9,14.0,3.5,10.14,16.09,11.0,2.75,7.97,12.64,10.0,2.5,7.25,11.5,19.0,4.75,13.77,21.84,6.0,1.5,4.35,6.9,19.0,4.75,13.77,21.84,14.0,3.5,10.14,16.09,13.0,3.25,9.42,14.94,6.0,1.5,4.35,6.9,4.0,1.0,2.9,4.6,12.0,3.0,8.7,13.79,27.0,6.75,19.57,31.04,44.2,49.28,-5.07,105.75,-7.0,-1.75,-5.07,31.32,7.83,0.47,0.52,0.53,0.26,0.79,0.19,0.59,0.34,0.76,0.54,4.35,2.9,0.09,19.57,0.26
2,高雄全家海神,108|119,魏莨哲/余純安,3,67,75.0,1016.29,16.94,16:56,338.76,5.65,05:39,26.0,8.67,34.67,55.26,38.0,12.67,50.67,80.76,34.0,11.33,45.33,72.26,10.0,3.33,13.33,21.25,21.0,7.0,28.0,44.63,8.0,2.67,10.67,17.0,13.0,4.33,17.33,27.63,2.0,0.67,2.67,4.25,6.0,2.0,8.0,12.75,4.0,1.33,5.33,8.5,6.0,2.0,8.0,12.75,17.0,5.67,22.67,36.13,1.0,0.33,1.33,2.13,10.0,3.33,13.33,21.25,3.0,1.0,4.0,6.38,8.0,2.67,10.67,17.0,1.0,0.33,1.33,2.13,3.0,1.0,4.0,6.38,4.0,1.33,5.33,8.5,5.0,1.67,6.67,10.63,34.67,50.67,-16.0,106.27,-12.0,-4.0,-16.0,16.94,5.65,0.32,0.35,0.38,0.15,0.67,0.08,0.8,0.38,0.94,0.68,1.33,4.0,0.05,6.67,0.18
2,高雄全家海神,108|13399,魏莨哲/賽克維奇,3,150,176.0,2233.33,37.22,37:13,744.44,12.41,12:24,73.0,24.33,41.48,70.6,88.0,29.33,50.0,85.11,59.0,19.67,33.52,57.06,25.0,8.33,14.2,24.18,31.0,10.33,17.61,29.98,14.0,4.67,7.95,13.54,28.0,9.33,15.91,27.08,11.0,3.67,6.25,10.64,18.0,6.0,10.23,17.41,12.0,4.0,6.82,11.61,10.0,3.33,5.68,9.67,25.0,8.33,14.2,24.18,8.0,2.67,4.55,7.74,23.0,7.67,13.07,22.24,20.0,6.67,11.36,19.34,18.0,6.0,10.23,17.41,10.0,3.33,5.68,9.67,3.0,1.0,1.7,2.9,18.0,6.0,10.23,17.41,19.0,6.33,10.8,18.38,41.48,50.0,-8.52,113.48,-15.0,-5.0,-8.52,37.22,12.41,0.52,0.55,0.45,0.39,0.67,0.23,0.72,0.3,0.76,0.53,5.68,1.7,0.1,10.8,0.31
2,臺北台新戰神,11|13907,蘇奕晉/梅克,2,144,176.0,2563.07,42.72,42:43,1281.53,21.36,21:22,80.0,40.0,45.45,67.42,84.0,42.0,47.73,70.79,65.0,32.5,36.93,54.78,25.0,12.5,14.2,21.07,33.0,16.5,18.75,27.81,14.0,7.0,7.95,11.8,32.0,16.0,18.18,26.97,11.0,5.5,6.25,9.27,28.0,14.0,15.91,23.6,19.0,9.5,10.8,16.01,10.0,5.0,5.68,8.43,33.0,16.5,18.75,27.81,12.0,6.0,6.82,10.11,25.0,12.5,14.2,21.07,5.0,2.5,2.84,4.21,16.0,8.0,9.09,13.48,3.0,1.5,1.7,2.53,1.0,0.5,0.57,0.84,21.0,10.5,11.93,17.7,19.0,9.5,10.8,16.01,45.45,47.73,-2.27,98.88,-4.0,-2.0,-2.27,42.72,21.36,0.47,0.52,0.42,0.34,0.68,0.06,0.64,0.29,0.73,0.54,1.7,0.57,0.12,10.8,0.43
2,新北國王,25|14038,林金榜/飛米,5,104,132.0,1684.76,28.08,28:05,336.95,5.62,05:37,60.0,12.0,45.45,76.92,50.0,10.0,37.88,64.1,46.0,9.2,34.85,58.98,19.0,3.8,14.39,24.36,32.0,6.4,24.24,41.03,14.0,2.8,10.61,17.95,14.0,2.8,10.61,17.95,5.0,1.0,3.79,6.41,19.0,3.8,14.39,24.36,17.0,3.4,12.88,21.8,11.0,2.2,8.33,14.1,16.0,3.2,12.12,20.51,13.0,2.6,9.85,16.67,17.0,3.4,12.88,21.8,7.0,1.4,5.3,8.97,11.0,2.2,8.33,14.1,5.0,1.0,3.79,6.41,1.0,0.2,0.76,1.28,18.0,3.6,13.64,23.08,16.0,3.2,12.12,20.51,45.45,37.88,7.58,112.82,10.0,2.0,7.58,28.08,5.62,0.47,0.55,0.44,0.36,0.89,0.11,0.58,0.39,0.55,0.47,3.79,0.76,0.14,12.12,0.41
2,新北國王,25|14303,林金榜/喬丹,3,49,61.0,737.6,12.29,12:18,245.87,4.1,04:06,23.0,7.67,37.7,67.35,27.0,9.0,44.26,79.07,20.0,6.67,32.79,58.57,8.0,2.67,13.11,23.43,13.0,4.33,21.31,38.07,5.0,1.67,8.2,14.64,7.0,2.33,11.48,20.5,3.0,1.0,4.92,8.79,7.0,2.33,11.48,20.5,4.0,1.33,6.56,11.71,3.0,1.0,4.92,8.79,9.0,3.0,14.75,26.36,8.0,2.67,13.11,23.43,6.0,2.0,9.84,17.57,3.0,1.0,4.92,8.79,4.0,1.33,6.56,11.71,2.0,0.67,3.28,5.86,1.0,0.33,1.64,2.93,5.0,1.67,8.2,14.64,13.0,4.33,21.31,38.07,37.7,44.26,-6.56,119.09,-4.0,-1.33,-6.56,12.29,4.1,0.48,0.5,0.38,0.43,0.57,0.12,0.5,0.33,0.53,0.46,3.28,1.64,0.08,21.31,0.35
2,新北國王,24|14038,蘇士軒/飛米,5,109,118.0,1750.57,29.18,29:11,350.11,5.84,05:50,57.0,11.4,48.31,70.33,77.0,15.4,65.25,95.01,42.0,8.4,35.59,51.82,22.0,4.4,18.64,27.15,27.0,5.4,22.88,33.31,17.0,3.4,14.41,20.98,15.0,3.0,12.71,18.51,5.0,1.0,4.24,6.17,11.0,2.2,9.32,13.57,8.0,1.6,6.78,9.87,2.0,0.4,1.69,2.47,19.0,3.8,16.1,23.44,2.0,0.4,1.69,2.47,18.0,3.6,15.25,22.21,5.0,1.0,4.24,6.17,11.0,2.2,9.32,13.57,3.0,0.6,2.54,3.7,1.0,0.2,0.85,1.23,10.0,2.0,8.47,12.34,22.0,4.4,18.64,27.15,48.31,65.25,-16.95,97.07,-20.0,-4.0,-16.95,29.18,5.84,0.58,0.61,0.63,0.33,0.73,0.1,0.5,0.1,0.9,0.51,2.54,0.85,0.08,18.64,0.26
2,臺北台新戰神,13|13907,陳冠全/梅克,5,129,154.0,2110.89,35.18,35:11,422.18,7.04,07:02,72.0,14.4,46.75,73.68,84.0,16.8,54.55,85.95,60.0,12.0,38.96,61.4,22.0,4.4,14.29,22.51,28.0,5.6,18.18,28.65,14.0,2.8,9.09,14.33,32.0,6.4,20.78,32.74,8.0,1.6,5.19,8.19,19.0,3.8,12.34,19.44,18.0,3.6,11.69,18.42,14.0,2.8,9.09,14.33,24.0,4.8,15.58,24.56,8.0,1.6,5.19,8.19,23.0,4.6,14.94,23.54,10.0,2.0,6.49,10.23,15.0,3.0,9.74,15.35,6.0,1.2,3.9,6.14,6.0,1.2,3.9,6.14,17.0,3.4,11.04,17.4,11.0,2.2,7.14,11.26,46.75,54.55,-7.79,105.06,-12.0,-2.4,-7.79,35.18,7.04,0.43,0.53,0.5,0.25,0.95,0.13,0.68,0.38,0.75,0.55,3.9,3.9,0.11,7.14,0.32
2,新北中信特攻,47|10878,曾文鼎/曾信武,1,12,14.0,195.0,3.25,03:15,195.0,3.25,03:15,5.0,5.0,35.71,55.38,9.0,9.0,64.29,99.69,5.0,5.0,35.71,55.38,1.0,1.0,7.14,11.08,2.0,2.0,14.29,22.15,0.0,0.0,0.0,0.0,3.0,3.0,21.43,33.23,1.0,1.0,7.14,11.08,2.0,2.0,14.29,22.15,2.0,2.0,14.29,22.15,0.0,0.0,0.0,0.0,4.0,4.0,28.57,44.31,1.0,1.0,7.14,11.08,4.0,4.0,28.57,44.31,0.0,0.0,0.0,0.0,1.0,1.0,7.14,11.08,0.0,0.0,0.0,0.0,0.0,0.0,0.0,0.0,2.0,2.0,14.29,22.15,3.0,3.0,21.43,33.23,35.71,64.29,-28.57,103.38,-4.0,-4.0,-28.57,3.25,3.25,0.3,0.43,0.0,0.33,1.0,0.0,1.0,0.0,0.8,0.44,0.0,0.0,0.14,21.43,0.4
2,新北中信特攻,10878|10879,曾信武/簡廷兆,1,26,29.0,359.55,5.99,06:00,359.55,5.99,06:00,11.0,11.0,37.93,66.08,15.0,15.0,51.72,90.11,9.0,9.0,31.03,54.07,3.0,3.0,10.34,18.02,3.0,3.0,10.34,18.02,0.0,0.0,0.0,0.0,6.0,6.0,20.69,36.05,3.0,3.0,10.34,18.02,3.0,3.0,10.34,18.02,2.0,2.0,6.9,12.02,0.0,0.0,0.0,0.0,5.0,5.0,17.24,30.04,1.0,1.0,3.45,6.01,6.0,6.0,20.69,36.05,3.0,3.0,10.34,18.02,2.0,2.0,6.9,12.02,2.0,2.0,6.9,12.02,1.0,1.0,3.45,6.01,3.0,3.0,10.34,18.02,9.0,9.0,31.03,54.07,37.93,51.72,-13.79,116.15,-4.0,-4.0,-13.79,5.99,5.99,0.5,0.53,0.0,0.5,0.67,0.23,0.67,0.0,0.83,0.42,6.9,3.45,0.1,31.03,0.33
2,新北中信特攻,48|10878,李沛澄/曾信武,2,34,40.0,446.17,7.44,07:26,223.09,3.72,03:43,10.0,5.0,25.0,48.41,16.0,8.0,40.0,77.46,14.0,7.0,35.0,67.78,4.0,2.0,10.0,19.36,9.0,4.5,22.5,43.57,2.0,1.0,5.0,9.68,5.0,2.5,12.5,24.21,2.0,1.0,5.0,9.68,1.0,0.5,2.5,4.84,0.0,0.0,0.0,0.0,3.0,1.5,7.5,14.52,6.0,3.0,15.0,29.05,1.0,0.5,2.5,4.84,8.0,4.0,20.0,38.73,7.0,3.5,17.5,33.89,2.0,1.0,5.0,9.68,5.0,2.5,12.5,24.21,1.0,0.5,2.5,4.84,1.0,0.5,2.5,4.84,8.0,4.0,20.0,38.73,25.0,40.0,-15.0,129.1,-6.0,-3.0,-15.0,7.44,3.72,0.36,0.35,0.22,0.4,0.0,0.33,0.5,0.27,0.86,0.5,12.5,2.5,0.02,20.0,0.07
2,福爾摩沙夢想家,107|13906,霍爾曼/班提爾,9,506,612.0,8319.49,138.66,138:39,924.39,15.41,15:24,298.0,33.11,48.69,77.37,254.0,28.22,41.5,65.95,224.0,24.89,36.6,58.16,99.0,11.0,16.18,25.7,124.0,13.78,20.26,32.19,62.0,6.89,10.13,16.1,100.0,11.11,16.34,25.96,37.0,4.11,6.05,9.61,85.0,9.44,13.89,22.07,65.0,7.22,10.62,16.88,46.0,5.11,7.52,11.94,85.0,9.44,13.89,22.07,39.0,4.33,6.37,10.13,101.0,11.22,16.5,26.22,43.0,4.78,7.03,11.16,67.0,7.44,10.95,17.4,22.0,2.44,3.59,5.71,6.0,0.67,0.98,1.56,64.0,7.11,10.46,16.62,66.0,7.33,10.78,17.14,48.69,41.5,7.19,105.93,44.0,4.89,7.19,138.66,15.41,0.52,0.57,0.5,0.37,0.76,0.14,0.68,0.31,0.69,0.48,3.59,0.98,0.1,10.78,0.38
2,臺北台新戰神,10864|13907,劉彥廷/梅克,5,122,151.0,1872.39,31.21,31:12,374.48,6.24,06:14,72.0,14.4,47.68,83.06,66.0,13.2,43.71,76.14,58.0,11.6,38.41,66.91,24.0,4.8,15.89,27.69,28.0,5.6,18.54,32.3,10.0,2.0,6.62,11.54,30.0,6.0,19.87,34.61,14.0,2.8,9.27,16.15,14.0,2.8,9.27,16.15,12.0,2.4,7.95,13.84,12.0,2.4,7.95,13.84,22.0,4.4,14.57,25.38,13.0,2.6,8.61,15.0,25.0,5.0,16.56,28.84,8.0,1.6,5.3,9.23,15.0,3.0,9.93,17.3,5.0,1.0,3.31,5.77,4.0,0.8,2.65,4.61,9.0,1.8,5.96,10.38,19.0,3.8,12.58,21.92,47.68,43.71,3.97,116.13,6.0,1.2,3.97,31.21,6.24,0.53,0.56,0.36,0.47,0.86,0.11,0.62,0.32,0.63,0.47,3.31,2.65,0.06,12.58,0.24
2,臺北台新戰神,3|10864,陳文宏/劉彥廷,7,176,211.0,2619.41,43.66,43:39,374.2,6.24,06:14,77.0,11.0,36.49,63.5,101.0,14.43,47.87,83.29,67.0,9.57,31.75,55.25,22.0,3.14,10.43,18.14,31.0,4.43,14.69,25.56,10.0,1.43,4.74,8.25,36.0,5.14,17.06,29.69,12.0,1.71,5.69,9.9,32.0,4.57,15.17,26.39,21.0,3.0,9.95,17.32,13.0,1.86,6.16,10.72,38.0,5.43,18.01,31.34,17.0,2.43,8.06,14.02,36.0,5.14,17.06,29.69,20.0,2.86,9.48,16.49,15.0,2.14,7.11,12.37,11.0,1.57,5.21,9.07,7.0,1.0,3.32,5.77,15.0,2.14,7.11,12.37,31.0,4.43,14.69,25.56,36.49,47.87,-11.37,116.0,-24.0,-3.43,-11.37,43.66,6.24,0.42,0.47,0.32,0.33,0.66,0.2,0.68,0.27,0.69,0.49,5.21,3.32,0.07,14.69,0.48
2,臺北台新戰神,13|10864,陳冠全/劉彥廷,4,33,39.0,587.42,9.79,09:47,146.85,2.45,02:27,20.0,5.0,51.28,73.54,23.0,5.75,58.97,84.57,17.0,4.25,43.59,62.51,7.0,1.75,17.95,25.74,10.0,2.5,25.64,36.77,5.0,1.25,12.82,18.39,7.0,1.75,17.95,25.74,2.0,0.5,5.13,7.35,7.0,1.75,17.95,25.74,4.0,1.0,10.26,14.71,3.0,0.75,7.69,11.03,7.0,1.75,17.95,25.74,1.0,0.25,2.56,3.68,5.0,1.25,12.82,18.39,2.0,0.5,5.13,7.35,5.0,1.25,12.82,18.39,0.0,0.0,0.0,0.0,2.0,0.5,5.13,7.35,4.0,1.0,10.26,14.71,9.0,2.25,23.08,33.09,51.28,58.97,-7.69,95.61,-3.0,-0.75,-7.69,9.79,2.45,0.47,0.5,0.5,0.29,0.57,0.09,0.71,0.38,0.88,0.62,0.0,5.13,0.1,23.08,0.41
2,臺北台新戰神,11|10864,蘇奕晉/劉彥廷,3,62,78.0,1023.96,17.07,17:04,341.32,5.69,05:41,38.0,12.67,48.72,80.16,29.0,9.67,37.18,61.17,21.0,7.0,26.92,44.3,10.0,3.33,12.82,21.09,10.0,3.33,12.82,21.09,5.0,1.67,6.41,10.55,11.0,3.67,14.1,23.2,5.0,1.67,6.41,10.55,16.0,5.33,20.51,33.75,13.0,4.33,16.67,27.42,5.0,1.67,6.41,10.55,6.0,2.0,7.69,12.66,5.0,1.67,6.41,10.55,11.0,3.67,14.1,23.2,8.0,2.67,10.26,16.88,10.0,3.33,12.82,21.09,2.0,0.67,2.56,4.22,1.0,0.33,1.28,2.11,13.0,4.33,16.67,27.42,5.0,1.67,6.41,10.55,48.72,37.18,11.54,109.69,9.0,3.0,11.54,17.07,5.69,0.6,0.68,0.5,0.45,0.81,0.22,1.0,0.31,0.55,0.41,2.56,1.28,0.17,6.41,0.76
2,臺北台新戰神,11|13,蘇奕晉/陳冠全,3,87,100.0,1384.43,23.07,23:04,461.48,7.69,07:41,45.0,15.0,45.0,70.21,46.0,15.33,46.0,71.77,35.0,11.67,35.0,54.61,14.0,4.67,14.0,21.84,19.0,6.33,19.0,29.64,9.0,3.0,9.0,14.04,16.0,5.33,16.0,24.96,5.0,1.67,5.0,7.8,18.0,6.0,18.0,28.08,12.0,4.0,12.0,18.72,5.0,1.67,5.0,7.8,17.0,5.67,17.0,26.52,6.0,2.0,6.0,9.36,15.0,5.0,15.0,23.4,5.0,1.67,5.0,7.8,9.0,3.0,9.0,14.04,3.0,1.0,3.0,4.68,1.0,0.33,1.0,1.56,13.0,4.33,13.0,20.28,4.0,1.33,4.0,6.24,45.0,46.0,-1.0,104.01,-1.0,-0.33,-1.0,23.07,7.69,0.47,0.52,0.47,0.31,0.67,0.1,0.64,0.25,0.74,0.51,3.0,1.0,0.13,4.0,0.51
2,高雄全家海神,45|108,施晉堯/魏莨哲,3,54,69.0,810.15,13.5,13:30,270.05,4.5,04:30,23.0,7.67,33.33,61.32,27.0,9.0,39.13,71.99,23.0,7.67,33.33,61.32,5.0,1.67,7.25,13.33,13.0,4.33,18.84,34.66,4.0,1.33,5.8,10.66,10.0,3.33,14.49,26.66,1.0,0.33,1.45,2.67,18.0,6.0,26.09,47.99,12.0,4.0,17.39,31.99,12.0,4.0,17.39,31.99,8.0,2.67,11.59,21.33,2.0,0.67,2.9,5.33,10.0,3.33,14.49,26.66,7.0,2.33,10.14,18.66,4.0,1.33,5.8,10.66,4.0,1.33,5.8,10.66,1.0,0.33,1.45,2.67,9.0,3.0,13.04,24.0,13.0,4.33,18.84,34.66,33.33,39.13,-5.8,122.64,-4.0,-1.33,-5.8,13.5,4.5,0.24,0.37,0.31,0.1,0.67,0.18,0.8,0.55,0.8,0.62,5.8,1.45,0.13,18.84,0.78
2,臺北台新戰神,2|11,江均/蘇奕晉,3,29,37.0,483.9,8.07,08:04,161.3,2.69,02:41,15.0,5.0,40.54,66.96,9.0,3.0,24.32,40.17,9.0,3.0,24.32,40.17,4.0,1.33,10.81,17.85,4.0,1.33,10.81,17.85,2.0,0.67,5.41,8.93,5.0,1.67,13.51,22.32,2.0,0.67,5.41,8.93,9.0,3.0,24.32,40.17,5.0,1.67,13.51,22.32,3.0,1.0,8.11,13.39,3.0,1.0,8.11,13.39,4.0,1.33,10.81,17.85,5.0,1.67,13.51,22.32,3.0,1.0,8.11,13.39,4.0,1.33,10.81,17.85,2.0,0.67,5.41,8.93,1.0,0.33,2.7,4.46,6.0,2.0,16.22,26.78,4.0,1.33,10.81,17.85,40.54,24.32,16.22,110.1,6.0,2.0,16.22,8.07,2.69,0.56,0.58,0.5,0.4,0.56,0.19,1.0,0.38,0.43,0.4,5.41,2.7,0.16,10.81,1.0
2,臺北台新戰神,4|11,張兆辰/蘇奕晉,1,11,13.0,194.53,3.24,03:15,194.53,3.24,03:15,5.0,5.0,38.46,55.52,13.0,13.0,100.0,144.35,3.0,3.0,23.08,33.31,1.0,1.0,7.69,11.1,0.0,0.0,0.0,0.0,0.0,0.0,0.0,0.0,3.0,3.0,23.08,33.31,1.0,1.0,7.69,11.1,2.0,2.0,15.38,22.21,2.0,2.0,15.38,22.21,0.0,0.0,0.0,0.0,3.0,3.0,23.08,33.31,3.0,3.0,23.08,33.31,0.0,0.0,0.0,0.0,1.0,1.0,7.69,11.1,1.0,1.0,7.69,11.1,1.0,1.0,7.69,11.1,0.0,0.0,0.0,0.0,1.0,1.0,7.69,11.1,4.0,4.0,30.77,44.42,38.46,100.0,-61.54,96.23,-8.0,-8.0,-61.54,3.24,3.24,0.5,0.64,,0.33,1.0,0.2,1.0,,0.5,0.5,7.69,0.0,0.08,30.77,0.67
2,臺北台新戰神,1|10863,丁聖儒/魏芃禾,1,1,2.0,22.87,0.38,00:23,22.87,0.38,00:23,2.0,2.0,100.0,188.92,0.0,0.0,0.0,0.0,2.0,2.0,100.0,188.92,1.0,1.0,50.0,94.46,2.0,2.0,100.0,188.92,1.0,1.0,50.0,94.46,0.0,0.0,0.0,0.0,0.0,0.0,0.0,0.0,0.0,0.0,0.0,0.0,0.0,0.0,0.0,0.0,1.0,1.0,50.0,94.46,0.0,0.0,0.0,0.0,0.0,0.0,0.0,0.0,0.0,0.0,0.0,0.0,0.0,0.0,0.0,0.0,0.0,0.0,0.0,0.0,0.0,0.0,0.0,0.0,0.0,0.0,0.0,0.0,0.0,0.0,0.0,0.0,0.0,0.0,0.0,0.0,100.0,0.0,100.0,125.95,2.0,2.0,100.0,0.38,0.38,0.5,0.5,0.5,,,0.0,0.0,1.0,,1.0,0.0,0.0,0.0,0.0,0.0
2,新北國王,24|10873,蘇士軒/喬納森,5,85,102.0,1355.71,22.6,22:36,271.14,4.52,04:31,54.0,10.8,52.94,86.04,49.0,9.8,48.04,78.07,37.0,7.4,36.27,58.95,21.0,4.2,20.59,33.46,21.0,4.2,20.59,33.46,14.0,2.8,13.73,22.31,16.0,3.2,15.69,25.49,7.0,1.4,6.86,11.15,9.0,1.8,8.82,14.34,5.0,1.0,4.9,7.97,7.0,1.4,6.86,11.15,12.0,2.4,11.76,19.12,5.0,1.0,4.9,7.97,17.0,3.4,16.67,27.09,8.0,1.6,7.84,12.75,9.0,1.8,8.82,14.34,6.0,1.2,5.88,9.56,1.0,0.2,0.98,1.59,6.0,1.2,5.88,9.56,18.0,3.6,17.65,28.68,52.94,48.04,4.9,108.34,5.0,1.0,4.9,22.6,4.52,0.66,0.66,0.67,0.44,0.56,0.16,0.43,0.29,0.71,0.46,5.88,0.98,0.06,17.65,0.24
2,新北國王,24|14303,蘇士軒/喬丹,2,61,70.0,973.34,16.22,16:13,486.67,8.11,08:07,46.0,23.0,65.71,102.08,32.0,16.0,45.71,71.01,24.0,12.0,34.29,53.26,16.0,8.0,22.86,35.51,11.0,5.5,15.71,24.41,8.0,4.0,11.43,17.75,13.0,6.5,18.57,28.85,8.0,4.0,11.43,17.75,10.0,5.0,14.29,22.19,6.0,3.0,8.57,13.31,4.0,2.0,5.71,8.88,7.0,3.5,10.0,15.53,3.0,1.5,4.29,6.66,12.0,6.0,17.14,26.63,6.0,3.0,8.57,13.31,11.0,5.5,15.71,24.41,2.0,1.0,2.86,4.44,1.0,0.5,1.43,2.22,8.0,4.0,11.43,17.75,18.0,9.0,25.71,39.94,65.71,45.71,20.0,103.56,14.0,7.0,20.0,16.22,8.11,0.83,0.81,0.73,0.62,0.6,0.17,0.69,0.25,0.7,0.42,2.86,1.43,0.11,25.71,0.42
2,新北國王,19|14303,蘇培凱/喬丹,1,30,36.0,505.13,8.42,08:25,505.13,8.42,08:25,14.0,14.0,38.89,59.87,10.0,10.0,27.78,42.76,10.0,10.0,27.78,42.76,5.0,5.0,13.89,21.38,6.0,6.0,16.67,25.66,4.0,4.0,11.11,17.1,4.0,4.0,11.11,17.1,1.0,1.0,2.78,4.28,7.0,7.0,19.44,29.93,3.0,3.0,8.33,12.83,2.0,2.0,5.56,8.55,5.0,5.0,13.89,21.38,1.0,1.0,2.78,4.28,8.0,8.0,22.22,34.21,5.0,5.0,13.89,21.38,5.0,5.0,13.89,21.38,2.0,2.0,5.56,8.55,1.0,1.0,2.78,4.28,6.0,6.0,16.67,25.66,2.0,2.0,5.56,8.55,38.89,27.78,11.11,102.63,4.0,4.0,11.11,8.42,8.42,0.55,0.54,0.67,0.25,0.43,0.28,1.0,0.2,0.83,0.44,5.56,2.78,0.17,5.56,0.7
2,新北國王,19|14038,蘇培凱/飛米,3,36,44.0,646.11,10.77,10:46,215.37,3.59,03:35,15.0,5.0,34.09,50.15,21.0,7.0,47.73,70.21,17.0,5.67,38.64,56.83,6.0,2.0,13.64,20.06,10.0,3.33,22.73,33.43,5.0,1.67,11.36,16.72,7.0,2.33,15.91,23.4,1.0,0.33,2.27,3.34,4.0,1.33,9.09,13.37,2.0,0.67,4.55,6.69,3.0,1.0,6.82,10.03,9.0,3.0,20.45,30.09,3.0,1.0,6.82,10.03,6.0,2.0,13.64,20.06,2.0,0.67,4.55,6.69,5.0,1.67,11.36,16.72,1.0,0.33,2.27,3.34,2.0,0.67,4.55,6.69,3.0,1.0,6.82,10.03,3.0,1.0,6.82,10.03,34.09,47.73,-13.64,98.06,-6.0,-2.0,-13.64,10.77,3.59,0.38,0.4,0.5,0.14,0.5,0.1,0.83,0.33,0.75,0.57,2.27,4.55,0.07,6.82,0.24
2,新北國王,19|28,蘇培凱/呂政儒,2,37,45.0,649.38,10.82,10:49,324.69,5.41,05:25,22.0,11.0,48.89,73.18,16.0,8.0,35.56,53.22,22.0,11.0,48.89,73.18,9.0,4.5,20.0,29.94,10.0,5.0,22.22,33.26,6.0,3.0,13.33,19.96,12.0,6.0,26.67,39.92,3.0,1.5,6.67,9.98,3.0,1.5,6.67,9.98,1.0,0.5,2.22,3.33,5.0,2.5,11.11,16.63,10.0,5.0,22.22,33.26,1.0,0.5,2.22,3.33,8.0,4.0,17.78,26.61,1.0,0.5,2.22,3.33,7.0,3.5,15.56,23.28,1.0,0.5,2.22,3.33,2.0,1.0,4.44,6.65,2.0,1.0,4.44,6.65,2.0,1.0,4.44,6.65,48.89,35.56,13.33,99.79,6.0,3.0,13.33,10.82,5.41,0.48,0.47,0.6,0.25,0.33,0.04,0.78,0.38,0.91,0.62,2.22,4.44,0.04,4.44,0.14
2,新北國王,23|14038,王柏智/飛米,4,29,36.0,510.35,8.51,08:30,127.59,2.13,02:08,15.0,3.75,41.67,63.49,17.0,4.25,47.22,71.95,15.0,3.75,41.67,63.49,5.0,1.25,13.89,21.16,6.0,1.5,16.67,25.39,2.0,0.5,5.56,8.46,9.0,2.25,25.0,38.09,3.0,0.75,8.33,12.7,3.0,0.75,8.33,12.7,2.0,0.5,5.56,8.46,4.0,1.0,11.11,16.93,7.0,1.75,19.44,29.63,3.0,0.75,8.33,12.7,4.0,1.0,11.11,16.93,2.0,0.5,5.56,8.46,4.0,1.0,11.11,16.93,1.0,0.25,2.78,4.23,2.0,0.5,5.56,8.46,1.0,0.25,2.78,4.23,3.0,0.75,8.33,12.7,41.67,47.22,-5.56,101.58,-2.0,-0.5,-5.56,8.51,2.13,0.43,0.46,0.33,0.33,0.67,0.11,0.8,0.5,0.7,0.61,2.78,5.56,0.03,8.33,0.2
2,新北國王,24|10871,蘇士軒/鍾理翔,3,37,45.0,498.16,8.3,08:18,166.05,2.77,02:46,17.0,5.67,37.78,73.71,18.0,6.0,40.0,78.05,17.0,5.67,37.78,73.71,5.0,1.67,11.11,21.68,10.0,3.33,22.22,43.36,4.0,1.33,8.89,17.34,7.0,2.33,15.56,30.35,1.0,0.33,2.22,4.34,9.0,3.0,20.0,39.02,6.0,2.0,13.33,26.02,6.0,2.0,13.33,26.02,8.0,2.67,17.78,34.69,1.0,0.33,2.22,4.34,5.0,1.67,11.11,21.68,4.0,1.33,8.89,17.34,2.0,0.67,4.44,8.67,4.0,1.33,8.89,17.34,0.0,0.0,0.0,0.0,3.0,1.0,6.67,13.01,9.0,3.0,20.0,39.02,37.78,40.0,-2.22,130.08,-1.0,-0.33,-2.22,8.3,2.77,0.32,0.41,0.4,0.14,0.67,0.16,0.4,0.55,0.89,0.7,8.89,0.0,0.07,20.0,0.53
2,新北國王,29|10871,林書緯/鍾理翔,2,12,14.0,156.88,2.61,02:37,78.44,1.31,01:18,8.0,4.0,57.14,110.15,4.0,2.0,28.57,55.07,6.0,3.0,42.86,82.61,2.0,1.0,14.29,27.54,3.0,1.5,21.43,41.31,1.0,0.5,7.14,13.77,3.0,1.5,21.43,41.31,1.0,0.5,7.14,13.77,4.0,2.0,28.57,55.07,3.0,1.5,21.43,41.31,2.0,1.0,14.29,27.54,3.0,1.5,21.43,41.31,0.0,0.0,0.0,0.0,2.0,1.0,14.29,27.54,0.0,0.0,0.0,0.0,1.0,0.5,7.14,13.77,0.0,0.0,0.0,0.0,0.0,0.0,0.0,0.0,2.0,1.0,14.29,27.54,4.0,2.0,28.57,55.07,57.14,28.57,28.57,128.51,4.0,2.0,28.57,2.61,1.31,0.42,0.52,0.33,0.33,0.75,0.0,0.5,0.5,1.0,0.71,0.0,0.0,0.14,28.57,0.67
2,新北國王,10871|14303,鍾理翔/喬丹,1,13,15.0,157.83,2.63,02:38,157.83,2.63,02:38,9.0,9.0,60.0,123.17,4.0,4.0,26.67,54.74,6.0,6.0,40.0,82.11,2.0,2.0,13.33,27.37,3.0,3.0,20.0,41.06,1.0,1.0,6.67,13.69,3.0,3.0,20.0,41.06,1.0,1.0,6.67,13.69,6.0,6.0,40.0,82.11,4.0,4.0,26.67,54.74,2.0,2.0,13.33,27.37,3.0,3.0,20.0,41.06,0.0,0.0,0.0,0.0,2.0,2.0,13.33,27.37,0.0,0.0,0.0,0.0,1.0,1.0,6.67,13.69,0.0,0.0,0.0,0.0,0.0,0.0,0.0,0.0,2.0,2.0,13.33,27.37,4.0,4.0,26.67,54.74,60.0,26.67,33.33,136.86,5.0,5.0,33.33,2.63,2.63,0.42,0.52,0.33,0.33,0.67,0.0,0.5,0.5,1.0,0.71,0.0,0.0,0.13,26.67,1.0
2,新北國王,34|14038,沃許本/飛米,6,394,463.0,6374.36,106.24,106:14,1062.39,17.71,17:42,204.0,34.0,44.06,69.13,194.0,32.33,41.9,65.74,163.0,27.17,35.21,55.23,74.0,12.33,15.98,25.08,118.0,19.67,25.49,39.99,62.0,10.33,13.39,21.01,45.0,7.5,9.72,15.25,12.0,2.0,2.59,4.07,49.0,8.17,10.58,16.6,44.0,7.33,9.5,14.91,22.0,3.67,4.75,7.45,68.0,11.33,14.69,23.04,30.0,5.0,6.48,10.17,77.0,12.83,16.63,26.09,33.0,5.5,7.13,11.18,50.0,8.33,10.8,16.94,17.0,2.83,3.67,5.76,4.0,0.67,0.86,1.36,49.0,8.17,10.58,16.6,25.0,4.17,5.4,8.47,44.06,41.9,2.16,104.59,10.0,1.67,2.16,106.24,17.71,0.49,0.55,0.53,0.27,0.9,0.15,0.68,0.22,0.69,0.46,3.67,0.86,0.11,5.4,0.3
2,新竹御嵿攻城獅,78|80,朱雲豪/田浩,1,58,67.0,891.47,14.86,14:51,891.47,14.86,14:51,31.0,31.0,46.27,75.11,28.0,28.0,41.79,67.84,27.0,27.0,40.3,65.42,12.0,12.0,17.91,29.08,14.0,14.0,20.9,33.92,8.0,8.0,11.94,19.38,13.0,13.0,19.4,31.5,4.0,4.0,5.97,9.69,5.0,5.0,7.46,12.11,3.0,3.0,4.48,7.27,4.0,4.0,5.97,9.69,13.0,13.0,19.4,31.5,5.0,5.0,7.46,12.11,11.0,11.0,16.42,26.65,3.0,3.0,4.48,7.27,7.0,7.0,10.45,16.96,2.0,2.0,2.99,4.85,0.0,0.0,0.0,0.0,8.0,8.0,11.94,19.38,8.0,8.0,11.94,19.38,46.27,41.79,4.48,108.23,3.0,3.0,4.48,14.86,14.86,0.52,0.53,0.57,0.31,0.6,0.09,0.58,0.27,0.72,0.52,2.99,0.0,0.12,11.94,0.19
2,新北中信特攻,39|14707,魏嘉豪/金恩,2,48,54.0,1460.49,24.34,24:20,730.25,12.17,12:10,13.0,6.5,24.07,19.23,20.0,10.0,37.04,29.58,18.0,9.0,33.33,26.62,5.0,2.5,9.26,7.39,10.0,5.0,18.52,14.79,4.0,2.0,7.41,5.92,8.0,4.0,14.81,11.83,1.0,0.5,1.85,1.48,6.0,3.0,11.11,8.87,2.0,1.0,3.7,2.96,4.0,2.0,7.41,5.92,11.0,5.5,20.37,16.27,1.0,0.5,1.85,1.48,11.0,5.5,20.37,16.27,6.0,3.0,11.11,8.87,2.0,1.0,3.7,2.96,3.0,1.5,5.56,4.44,1.0,0.5,1.85,1.48,7.0,3.5,12.96,10.35,6.0,3.0,11.11,8.87,24.07,37.04,-12.96,53.24,-7.0,-3.5,-12.96,24.34,12.17,0.31,0.31,0.4,0.12,0.33,0.23,0.4,0.27,0.92,0.56,5.56,1.85,0.13,11.11,0.33
2,新北中信特攻,40|14707,謝亞軒/金恩,2,121,142.0,1860.22,31.0,31:00,930.11,15.5,15:30,53.0,26.5,37.32,61.54,71.0,35.5,50.0,82.44,55.0,27.5,38.73,63.86,18.0,9.0,12.68,20.9,31.0,15.5,21.83,36.0,10.0,5.0,7.04,11.61,24.0,12.0,16.9,27.87,8.0,4.0,5.63,9.29,11.0,5.5,7.75,12.77,9.0,4.5,6.34,10.45,13.0,6.5,9.15,15.09,26.0,13.0,18.31,30.19,7.0,3.5,4.93,8.13,14.0,7.0,9.86,16.26,11.0,5.5,7.75,12.77,14.0,7.0,9.86,16.26,9.0,4.5,6.34,10.45,3.0,1.5,2.11,3.48,13.0,6.5,9.15,15.09,18.0,9.0,12.68,20.9,37.32,50.0,-12.68,109.92,-18.0,-9.0,-12.68,31.0,15.5,0.4,0.44,0.32,0.33,0.82,0.16,0.78,0.48,0.79,0.65,6.34,2.11,0.09,12.68,0.2
2,新北中信特攻,44|14707,黃泓瀚/金恩,1,29,34.0,388.72,6.48,06:29,388.72,6.48,06:29,2.0,2.0,5.88,11.11,13.0,13.0,38.24,72.24,9.0,9.0,26.47,50.01,0.0,0.0,0.0,0.0,4.0,4.0,11.76,22.23,0.0,0.0,0.0,0.0,5.0,5.0,14.71,27.78,0.0,0.0,0.0,0.0,4.0,4.0,11.76,22.23,2.0,2.0,5.88,11.11,2.0,2.0,5.88,11.11,8.0,8.0,23.53,44.45,3.0,3.0,8.82,16.67,6.0,6.0,17.65,33.34,4.0,4.0,11.76,22.23,1.0,1.0,2.94,5.56,3.0,3.0,8.82,16.67,1.0,1.0,2.94,5.56,4.0,4.0,11.76,22.23,4.0,4.0,11.76,22.23,5.88,38.24,-32.35,125.95,-11.0,-11.0,-32.35,6.48,6.48,0.0,0.09,0.0,0.0,0.5,0.27,,0.25,0.73,0.53,8.82,2.94,0.12,11.76,0.44
2,新北中信特攻,8889|14707,馬可/金恩,2,114,131.0,1689.54,28.16,28:10,844.77,14.08,14:05,45.0,22.5,34.35,57.53,61.0,30.5,46.56,77.99,45.0,22.5,34.35,57.53,15.0,7.5,11.45,19.18,27.0,13.5,20.61,34.52,10.0,5.0,7.63,12.78,18.0,9.0,13.74,23.01,5.0,2.5,3.82,6.39,15.0,7.5,11.45,19.18,10.0,5.0,7.63,12.78,10.0,5.0,7.63,12.78,24.0,12.0,18.32,30.68,7.0,3.5,5.34,8.95,17.0,8.5,12.98,21.73,11.0,5.5,8.4,14.06,9.0,4.5,6.87,11.51,7.0,3.5,5.34,8.95,2.0,1.0,1.53,2.56,13.0,6.5,9.92,16.62,15.0,7.5,11.45,19.18,34.35,46.56,-12.21,111.65,-16.0,-8.0,-12.21,28.16,14.08,0.39,0.44,0.37,0.28,0.67,0.18,0.6,0.37,0.77,0.59,5.34,1.53,0.1,11.45,0.33
2,新北中信特攻,43|14707,林韋翰/金恩,2,109,126.0,1667.65,27.79,27:48,833.82,13.9,13:54,54.0,27.0,42.86,69.94,71.0,35.5,56.35,91.96,45.0,22.5,35.71,58.29,18.0,9.0,14.29,23.31,28.0,14.0,22.22,36.27,11.0,5.5,8.73,14.25,17.0,8.5,13.49,22.02,7.0,3.5,5.56,9.07,13.0,6.5,10.32,16.84,11.0,5.5,8.73,14.25,10.0,5.0,7.94,12.95,19.0,9.5,15.08,24.61,7.0,3.5,5.56,9.07,12.0,6.0,9.52,15.54,9.0,4.5,7.14,11.66,11.0,5.5,8.73,14.25,5.0,2.5,3.97,6.48,0.0,0.0,0.0,0.0,9.0,4.5,7.14,11.66,19.0,9.5,15.08,24.61,42.86,56.35,-13.49,108.8,-17.0,-8.5,-13.49,27.79,13.9,0.48,0.53,0.39,0.41,0.85,0.15,0.61,0.45,0.73,0.6,3.97,0.0,0.07,15.08,0.29
2,新北中信特攻,47|14707,曾文鼎/金恩,2,133,157.0,2885.02,48.08,48:05,1442.51,24.04,24:03,72.0,36.0,45.86,53.91,87.0,43.5,55.41,65.14,62.0,31.0,39.49,46.42,26.0,13.0,16.56,19.47,39.0,19.5,24.84,29.2,16.0,8.0,10.19,11.98,23.0,11.5,14.65,17.22,10.0,5.0,6.37,7.49,14.0,7.0,8.92,10.48,10.0,5.0,6.37,7.49,16.0,8.0,10.19,11.98,23.0,11.5,14.65,17.22,6.0,3.0,3.82,4.49,17.0,8.5,10.83,12.73,12.0,6.0,7.64,8.98,16.0,8.0,10.19,11.98,7.0,3.5,4.46,5.24,1.0,0.5,0.64,0.75,13.0,6.5,8.28,9.73,20.0,10.0,12.74,14.97,45.86,55.41,-9.55,78.36,-15.0,-7.5,-9.55,48.08,24.04,0.5,0.53,0.41,0.43,0.71,0.15,0.62,0.48,0.79,0.63,4.46,0.64,0.08,12.74,0.23
2,新北中信特攻,48|14707,李沛澄/金恩,1,17,22.0,293.43,4.89,04:53,293.43,4.89,04:53,10.0,10.0,45.45,73.61,6.0,6.0,27.27,44.17,10.0,10.0,45.45,73.61,3.0,3.0,13.64,22.08,7.0,7.0,31.82,51.53,2.0,2.0,9.09,14.72,3.0,3.0,13.64,22.08,1.0,1.0,4.55,7.36,5.0,5.0,22.73,36.81,3.0,3.0,13.64,22.08,4.0,4.0,18.18,29.44,4.0,4.0,18.18,29.44,1.0,1.0,4.55,7.36,4.0,4.0,18.18,29.44,0.0,0.0,0.0,0.0,2.0,2.0,9.09,14.72,0.0,0.0,0.0,0.0,0.0,0.0,0.0,0.0,3.0,3.0,13.64,22.08,2.0,2.0,9.09,14.72,45.45,27.27,18.18,107.96,4.0,4.0,18.18,4.89,4.89,0.35,0.41,0.29,0.33,0.6,0.0,0.67,0.5,0.8,0.62,0.0,0.0,0.14,9.09,0.5
2,新北中信特攻,10880|14707,內馬/金恩,2,72,88.0,1933.6,32.23,32:14,966.8,16.11,16:07,36.0,18.0,40.91,40.22,46.0,23.0,52.27,51.39,34.0,17.0,38.64,37.98,13.0,6.5,14.77,14.52,20.0,10.0,22.73,22.34,8.0,4.0,9.09,8.94,14.0,7.0,15.91,15.64,5.0,2.5,5.68,5.59,6.0,3.0,6.82,6.7,5.0,2.5,5.68,5.59,9.0,4.5,10.23,10.05,12.0,6.0,13.64,13.41,5.0,2.5,5.68,5.59,9.0,4.5,10.23,10.05,7.0,3.5,7.95,7.82,9.0,4.5,10.23,10.05,4.0,2.0,4.55,4.47,1.0,0.5,1.14,1.12,7.0,3.5,7.95,7.82,13.0,6.5,14.77,14.52,40.91,52.27,-11.36,65.54,-10.0,-5.0,-11.36,32.23,16.11,0.46,0.49,0.4,0.36,0.83,0.16,0.69,0.5,0.71,0.6,4.55,1.14,0.08,14.77,0.18
2,新北中信特攻,10879|14707,簡廷兆/金恩,2,70,87.0,1865.27,31.09,31:05,932.64,15.54,15:33,28.0,14.0,32.18,32.42,37.0,18.5,42.53,42.85,28.0,14.0,32.18,32.42,11.0,5.5,12.64,12.74,16.0,8.0,18.39,18.53,8.0,4.0,9.2,9.26,12.0,6.0,13.79,13.9,3.0,1.5,3.45,3.47,5.0,2.5,5.75,5.79,3.0,1.5,3.45,3.47,7.0,3.5,8.05,8.11,11.0,5.5,12.64,12.74,8.0,4.0,9.2,9.26,11.0,5.5,12.64,12.74,10.0,5.0,11.49,11.58,6.0,3.0,6.9,6.95,5.0,2.5,5.75,5.79,2.0,1.0,2.3,2.32,7.0,3.5,8.05,8.11,9.0,4.5,10.34,10.42,32.18,42.53,-10.34,67.16,-9.0,-4.5,-10.34,31.09,15.54,0.45,0.46,0.5,0.25,0.6,0.25,0.55,0.39,0.58,0.49,5.75,2.3,0.08,10.34,0.18
2,新北國王,10875|14303,傑登/喬丹,1,75,94.0,1148.51,19.14,19:09,1148.51,19.14,19:09,38.0,38.0,40.43,71.47,48.0,48.0,51.06,90.27,38.0,38.0,40.43,71.47,15.0,15.0,15.96,28.21,24.0,24.0,25.53,45.14,11.0,11.0,11.7,20.69,14.0,14.0,14.89,26.33,4.0,4.0,4.26,7.52,6.0,6.0,6.38,11.28,4.0,4.0,4.26,7.52,10.0,10.0,10.64,18.81,14.0,14.0,14.89,26.33,5.0,5.0,5.32,9.4,9.0,9.0,9.57,16.93,7.0,7.0,7.45,13.16,9.0,9.0,9.57,16.93,4.0,4.0,4.26,7.52,3.0,3.0,3.19,5.64,7.0,7.0,7.45,13.16,9.0,9.0,9.57,16.93,40.43,51.06,-10.64,117.86,-10.0,-10.0,-10.64,19.14,19.14,0.45,0.47,0.46,0.29,0.67,0.15,0.6,0.53,0.74,0.63,4.26,3.19,0.07,9.57,0.16
2,臺北台新戰神,1|14437,丁聖儒/弗利沙,2,130,159.0,2086.06,34.77,34:46,1043.03,17.38,17:23,79.0,39.5,49.69,81.8,69.0,34.5,43.4,71.45,65.0,32.5,40.88,67.3,29.0,14.5,18.24,30.03,40.0,20.0,25.16,41.42,21.0,10.5,13.21,21.74,25.0,12.5,15.72,25.89,8.0,4.0,5.03,8.28,17.0,8.5,10.69,17.6,13.0,6.5,8.18,13.46,19.0,9.5,11.95,19.67,18.0,9.0,11.32,18.64,5.0,2.5,3.14,5.18,18.0,9.0,11.32,18.64,14.0,7.0,8.81,14.5,25.0,12.5,15.72,25.89,8.0,4.0,5.03,8.28,5.0,2.5,3.14,5.18,17.0,8.5,10.69,17.6,15.0,7.5,9.43,15.53,49.69,43.4,6.29,109.76,10.0,5.0,6.29,34.77,17.38,0.51,0.54,0.52,0.32,0.76,0.16,0.86,0.51,0.78,0.62,5.03,3.14,0.11,9.43,0.26
2,臺北台新戰神,14|14437,錢肯尼/弗利沙,2,110,136.0,1750.38,29.17,29:10,875.19,14.59,14:35,53.0,26.5,38.97,65.4,56.0,28.0,41.18,69.11,58.0,29.0,42.65,71.57,20.0,10.0,14.71,24.68,42.0,21.0,30.88,51.83,17.0,8.5,12.5,20.98,16.0,8.0,11.76,19.74,3.0,1.5,2.21,3.7,17.0,8.5,12.5,20.98,10.0,5.0,7.35,12.34,19.0,9.5,13.97,23.45,22.0,11.0,16.18,27.15,3.0,1.5,2.21,3.7,20.0,10.0,14.71,24.68,7.0,3.5,5.15,8.64,15.0,7.5,11.03,18.51,4.0,2.0,2.94,4.94,5.0,2.5,3.68,6.17,12.0,6.0,8.82,14.81,10.0,5.0,7.35,12.34,38.97,41.18,-2.21,111.88,-3.0,-1.5,-2.21,29.17,14.59,0.37,0.4,0.4,0.19,0.59,0.1,0.75,0.49,0.88,0.64,2.94,3.68,0.09,7.35,0.29
2,臺北台新戰神,10864|14437,劉彥廷/弗利沙,2,50,62.0,830.27,13.84,13:50,415.14,6.92,06:55,24.0,12.0,38.71,62.44,30.0,15.0,48.39,78.05,30.0,15.0,48.39,78.05,10.0,5.0,16.13,26.02,22.0,11.0,35.48,57.23,7.0,3.5,11.29,18.21,8.0,4.0,12.9,20.81,3.0,1.5,4.84,7.8,8.0,4.0,12.9,20.81,3.0,1.5,4.84,7.8,10.0,5.0,16.13,26.02,12.0,6.0,19.35,31.22,1.0,0.5,1.61,2.6,8.0,4.0,12.9,20.81,2.0,1.0,3.23,5.2,9.0,4.5,14.52,23.41,2.0,1.0,3.23,5.2,4.0,2.0,6.45,10.41,7.0,3.5,11.29,18.21,6.0,3.0,9.68,15.61,38.71,48.39,-9.68,107.53,-6.0,-3.0,-9.68,13.84,6.92,0.38,0.36,0.32,0.38,0.38,0.06,0.9,0.56,0.92,0.71,3.23,6.45,0.11,9.68,0.27
2,臺北台新戰神,10867|14437,威力斯/弗利沙,2,88,103.0,1360.13,22.67,22:40,680.07,11.33,11:20,54.0,27.0,52.43,85.76,48.0,24.0,46.6,76.23,41.0,20.5,39.81,65.11,20.0,10.0,19.42,31.76,27.0,13.5,26.21,42.88,15.0,7.5,14.56,23.82,14.0,7.0,13.59,22.23,5.0,2.5,4.85,7.94,13.0,6.5,12.62,20.65,9.0,4.5,8.74,14.29,11.0,5.5,10.68,17.47,12.0,6.0,11.65,19.06,1.0,0.5,0.97,1.59,11.0,5.5,10.68,17.47,9.0,4.5,8.74,14.29,18.0,9.0,17.48,28.59,6.0,3.0,5.83,9.53,2.0,1.0,1.94,3.18,9.0,4.5,8.74,14.29,6.0,3.0,5.83,9.53,52.43,46.6,5.83,109.05,6.0,3.0,5.83,22.67,11.33,0.55,0.58,0.56,0.36,0.69,0.16,0.9,0.5,0.92,0.66,5.83,1.94,0.09,5.83,0.32
2,臺北台新戰神,11|14437,蘇奕晉/弗利沙,2,78,94.0,1214.69,20.24,20:15,607.34,10.12,10:07,41.0,20.5,43.62,72.91,38.0,19.0,40.43,67.57,33.0,16.5,35.11,58.68,14.0,7.0,14.89,24.9,15.0,7.5,15.96,26.67,9.0,4.5,9.57,16.0,18.0,9.0,19.15,32.01,5.0,2.5,5.32,8.89,9.0,4.5,9.57,16.0,8.0,4.0,8.51,14.23,9.0,4.5,9.57,16.0,10.0,5.0,10.64,17.78,4.0,2.0,4.26,7.11,9.0,4.5,9.57,16.0,13.0,6.5,13.83,23.12,13.0,6.5,13.83,23.12,5.0,2.5,5.32,8.89,2.0,1.0,2.13,3.56,7.0,3.5,7.45,12.45,6.0,3.0,6.38,10.67,43.62,40.43,3.19,111.44,3.0,1.5,3.19,20.24,10.12,0.5,0.55,0.6,0.28,0.89,0.26,0.93,0.5,0.71,0.59,5.32,2.13,0.07,6.38,0.27
2,臺北台新戰神,10|14437,雷蒙恩/弗利沙,2,92,111.0,1541.74,25.7,25:42,770.87,12.85,12:51,49.0,24.5,44.14,68.65,40.0,20.0,36.04,56.04,36.0,18.0,32.43,50.44,16.0,8.0,14.41,22.42,23.0,11.5,20.72,32.22,11.0,5.5,9.91,15.41,13.0,6.5,11.71,18.21,5.0,2.5,4.5,7.01,19.0,9.5,17.12,26.62,12.0,6.0,10.81,16.81,12.0,6.0,10.81,16.81,10.0,5.0,9.01,14.01,6.0,3.0,5.41,8.41,18.0,9.0,16.22,25.22,14.0,7.0,12.61,19.61,12.0,6.0,10.81,16.81,7.0,3.5,6.31,9.81,3.0,1.5,2.7,4.2,12.0,6.0,10.81,16.81,9.0,4.5,8.11,12.61,44.14,36.04,8.11,103.68,9.0,4.5,8.11,25.7,12.85,0.51,0.55,0.48,0.38,0.63,0.24,0.75,0.4,0.62,0.48,6.31,2.7,0.11,8.11,0.53
2,新北國王,34|14303,沃許本/喬丹,1,50,59.0,786.74,13.11,13:07,786.74,13.11,13:07,25.0,25.0,42.37,68.64,21.0,21.0,35.59,57.66,21.0,21.0,35.59,57.66,10.0,10.0,16.95,27.45,18.0,18.0,30.51,49.42,9.0,9.0,15.25,24.71,3.0,3.0,5.08,8.24,1.0,1.0,1.69,2.75,6.0,6.0,10.17,16.47,4.0,4.0,6.78,10.98,5.0,5.0,8.47,13.73,7.0,7.0,11.86,19.22,5.0,5.0,8.47,13.73,8.0,8.0,13.56,21.96,4.0,4.0,6.78,10.98,5.0,5.0,8.47,13.73,3.0,3.0,5.08,8.24,1.0,1.0,1.69,2.75,6.0,6.0,10.17,16.47,5.0,5.0,8.47,13.73,42.37,35.59,6.78,107.99,4.0,4.0,6.78,13.11,13.11,0.5,0.53,0.5,0.33,0.67,0.14,0.5,0.38,0.58,0.48,5.08,1.69,0.1,8.47,0.29
2,臺北台新戰神,1|14845,丁聖儒/恩多,9,785,918.0,12825.81,213.76,213:46,1425.09,23.75,23:45,412.0,45.78,44.88,69.39,431.0,47.89,46.95,72.58,348.0,38.67,37.91,58.61,154.0,17.11,16.78,25.94,203.0,22.56,22.11,34.19,107.0,11.89,11.66,18.02,145.0,16.11,15.8,24.42,47.0,5.22,5.12,7.92,87.0,9.67,9.48,14.65,55.0,6.11,5.99,9.26,61.0,6.78,6.64,10.27,149.0,16.56,16.23,25.09,46.0,5.11,5.01,7.75,158.0,17.56,17.21,26.61,68.0,7.56,7.41,11.45,97.0,10.78,10.57,16.34,34.0,3.78,3.7,5.73,13.0,1.44,1.42,2.19,86.0,9.56,9.37,14.48,77.0,8.56,8.39,12.97,44.88,46.95,-2.07,103.07,-19.0,-2.11,-2.07,213.76,23.75,0.51,0.53,0.53,0.32,0.63,0.15,0.63,0.28,0.76,0.51,3.7,1.42,0.09,8.39,0.25
2,臺北台新戰神,10|14845,雷蒙恩/恩多,7,457,537.0,7493.44,124.89,124:53,1070.49,17.84,17:50,208.0,29.71,38.73,59.96,250.0,35.71,46.55,72.06,184.0,26.29,34.26,53.04,76.0,10.86,14.15,21.91,112.0,16.0,20.86,32.28,56.0,8.0,10.43,16.14,72.0,10.29,13.41,20.75,20.0,2.86,3.72,5.77,59.0,8.43,10.99,17.01,36.0,5.14,6.7,10.38,32.0,4.57,5.96,9.22,83.0,11.86,15.46,23.92,30.0,4.29,5.59,8.65,96.0,13.71,17.88,27.67,47.0,6.71,8.75,13.55,45.0,6.43,8.38,12.97,25.0,3.57,4.66,7.21,9.0,1.29,1.68,2.59,50.0,7.14,9.31,14.41,60.0,8.57,11.17,17.3,38.73,46.55,-7.82,103.19,-42.0,-6.0,-7.82,124.89,17.84,0.47,0.5,0.5,0.28,0.61,0.18,0.59,0.25,0.73,0.48,4.66,1.68,0.09,11.17,0.32
2,臺北台新戰神,14|14845,錢肯尼/恩多,9,564,660.0,9491.11,158.19,158:11,1054.57,17.58,17:35,295.0,32.78,44.7,67.14,312.0,34.67,47.27,71.01,250.0,27.78,37.88,56.9,114.0,12.67,17.27,25.94,146.0,16.22,22.12,33.23,78.0,8.67,11.82,17.75,104.0,11.56,15.76,23.67,36.0,4.0,5.45,8.19,57.0,6.33,8.64,12.97,33.0,3.67,5.0,7.51,45.0,5.0,6.82,10.24,103.0,11.44,15.61,23.44,31.0,3.44,4.7,7.06,117.0,13.0,17.73,26.63,48.0,5.33,7.27,10.92,67.0,7.44,10.15,15.25,28.0,3.11,4.24,6.37,12.0,1.33,1.82,2.73,55.0,6.11,8.33,12.52,45.0,5.0,6.82,10.24,44.7,47.27,-2.58,100.14,-17.0,-1.89,-2.58,158.19,17.58,0.53,0.54,0.53,0.35,0.58,0.15,0.59,0.28,0.77,0.5,4.24,1.82,0.08,6.82,0.23
2,臺北台新戰神,10867|14845,威力斯/恩多,8,355,410.0,5874.45,97.91,97:54,734.31,12.24,12:14,173.0,21.62,42.2,63.61,193.0,24.12,47.07,70.96,150.0,18.75,36.59,55.15,67.0,8.38,16.34,24.64,90.0,11.25,21.95,33.09,48.0,6.0,11.71,17.65,60.0,7.5,14.63,22.06,19.0,2.38,4.63,6.99,35.0,4.38,8.54,12.87,20.0,2.5,4.88,7.35,20.0,2.5,4.88,7.35,70.0,8.75,17.07,25.74,20.0,2.5,4.88,7.35,77.0,9.62,18.78,28.31,29.0,3.62,7.07,10.66,39.0,4.88,9.51,14.34,16.0,2.0,3.9,5.88,3.0,0.38,0.73,1.1,35.0,4.38,8.54,12.87,42.0,5.25,10.24,15.44,42.2,47.07,-4.88,100.5,-20.0,-2.5,-4.88,97.91,12.24,0.51,0.52,0.53,0.32,0.57,0.15,0.58,0.21,0.78,0.48,3.9,0.73,0.09,10.24,0.23
2,臺北台新戰神,10865|14845,謝銘駿/恩多,5,114,127.0,1839.53,30.66,30:40,367.91,6.13,06:08,64.0,12.8,50.39,75.15,59.0,11.8,46.46,69.28,44.0,8.8,34.65,51.67,23.0,4.6,18.11,27.01,27.0,5.4,21.26,31.7,16.0,3.2,12.6,18.79,17.0,3.4,13.39,19.96,7.0,1.4,5.51,8.22,18.0,3.6,14.17,21.14,11.0,2.2,8.66,12.92,2.0,0.4,1.57,2.35,21.0,4.2,16.54,24.66,5.0,1.0,3.94,5.87,22.0,4.4,17.32,25.83,9.0,1.8,7.09,10.57,14.0,2.8,11.02,16.44,3.0,0.6,2.36,3.52,1.0,0.2,0.79,1.17,12.0,2.4,9.45,14.09,8.0,1.6,6.3,9.39,50.39,46.46,3.94,99.42,5.0,1.0,3.94,30.66,6.13,0.6,0.62,0.59,0.41,0.61,0.15,0.61,0.08,0.81,0.46,2.36,0.79,0.09,6.3,0.41
2,臺北台新戰神,13|14437,陳冠全/弗利沙,1,7,10.0,87.12,1.45,01:27,87.12,1.45,01:27,4.0,4.0,40.0,99.17,4.0,4.0,40.0,99.17,2.0,2.0,20.0,49.59,1.0,1.0,10.0,24.79,2.0,2.0,20.0,49.59,1.0,1.0,10.0,24.79,0.0,0.0,0.0,0.0,0.0,0.0,0.0,0.0,0.0,0.0,0.0,0.0,0.0,0.0,0.0,0.0,1.0,1.0,10.0,24.79,0.0,0.0,0.0,0.0,2.0,2.0,20.0,49.59,1.0,1.0,10.0,24.79,1.0,1.0,10.0,24.79,0.0,0.0,0.0,0.0,0.0,0.0,0.0,0.0,0.0,0.0,0.0,0.0,0.0,0.0,0.0,0.0,2.0,2.0,20.0,49.59,40.0,40.0,0.0,165.29,0.0,0.0,0.0,1.45,1.45,0.5,1.0,0.5,,,0.33,0.0,0.5,0.0,0.25,0.0,0.0,0.0,20.0,0.0
2,臺北台新戰神,13|14845,陳冠全/恩多,3,52,66.0,852.38,14.21,14:12,284.13,4.74,04:44,33.0,11.0,50.0,83.63,30.0,10.0,45.45,76.02,26.0,8.67,39.39,65.89,11.0,3.67,16.67,27.88,14.0,4.67,21.21,35.48,8.0,2.67,12.12,20.27,12.0,4.0,18.18,30.41,3.0,1.0,4.55,7.6,4.0,1.33,6.06,10.14,4.0,1.33,6.06,10.14,7.0,2.33,10.61,17.74,8.0,2.67,12.12,20.27,5.0,1.67,7.58,12.67,11.0,3.67,16.67,27.88,3.0,1.0,4.55,7.6,6.0,2.0,9.09,15.2,0.0,0.0,0.0,0.0,3.0,1.0,4.55,7.6,6.0,2.0,9.09,15.2,6.0,2.0,9.09,15.2,50.0,45.45,4.55,111.5,3.0,1.0,4.55,14.21,4.74,0.48,0.59,0.57,0.25,1.0,0.1,0.55,0.39,0.62,0.48,0.0,4.55,0.09,9.09,0.15
2,臺北台新戰神,14437|14845,弗利沙/恩多,2,101,127.0,1698.28,28.3,28:18,849.14,14.15,14:09,44.0,22.0,34.65,55.96,46.0,23.0,36.22,58.51,47.0,23.5,37.01,59.78,15.0,7.5,11.81,19.08,28.0,14.0,22.05,35.61,10.0,5.0,7.87,12.72,19.0,9.5,14.96,24.17,5.0,2.5,3.94,6.36,14.0,7.0,11.02,17.81,9.0,4.5,7.09,11.45,16.0,8.0,12.6,20.35,16.0,8.0,12.6,20.35,7.0,3.5,5.51,8.9,20.0,10.0,15.75,25.44,14.0,7.0,11.02,17.81,10.0,5.0,7.87,12.72,6.0,3.0,4.72,7.63,6.0,3.0,4.72,7.63,13.0,6.5,10.24,16.53,13.0,6.5,10.24,16.53,34.65,36.22,-1.57,107.69,-2.0,-1.0,-1.57,28.3,14.15,0.37,0.41,0.36,0.26,0.64,0.21,0.67,0.44,0.7,0.54,4.72,4.72,0.1,10.24,0.3
2,臺北台新戰神,10864|14845,劉彥廷/恩多,5,92,107.0,1524.7,25.41,25:25,304.94,5.08,05:05,55.0,11.0,51.4,77.92,52.0,10.4,48.6,73.67,38.0,7.6,35.51,53.83,17.0,3.4,15.89,24.08,24.0,4.8,22.43,34.0,10.0,2.0,9.35,14.17,14.0,2.8,13.08,19.83,7.0,1.4,6.54,9.92,25.0,5.0,23.36,35.42,18.0,3.6,16.82,25.5,6.0,1.2,5.61,8.5,18.0,3.6,16.82,25.5,4.0,0.8,3.74,5.67,20.0,4.0,18.69,28.33,6.0,1.2,5.61,8.5,12.0,2.4,11.21,17.0,3.0,0.6,2.8,4.25,4.0,0.8,3.74,5.67,15.0,3.0,14.02,21.25,10.0,2.0,9.35,14.17,51.4,48.6,2.8,101.06,3.0,0.6,2.8,25.41,5.08,0.54,0.56,0.42,0.5,0.72,0.11,0.71,0.23,0.82,0.5,2.8,3.74,0.14,9.35,0.66
2,臺北台新戰神,5|14845,黃聰翰/恩多,9,621,735.0,10763.83,179.4,179:24,1195.98,19.93,19:56,339.0,37.67,46.12,68.03,328.0,36.44,44.63,65.82,286.0,31.78,38.91,57.39,127.0,14.11,17.28,25.49,169.0,18.78,22.99,33.91,87.0,9.67,11.84,17.46,117.0,13.0,15.92,23.48,40.0,4.44,5.44,8.03,71.0,7.89,9.66,14.25,45.0,5.0,6.12,9.03,52.0,5.78,7.07,10.43,116.0,12.89,15.78,23.28,34.0,3.78,4.63,6.82,129.0,14.33,17.55,25.89,50.0,5.56,6.8,10.03,72.0,8.0,9.8,14.45,22.0,2.44,2.99,4.41,14.0,1.56,1.9,2.81,67.0,7.44,9.12,13.45,59.0,6.56,8.03,11.84,46.12,44.63,1.5,98.33,11.0,1.22,1.5,179.4,19.93,0.51,0.53,0.51,0.34,0.63,0.14,0.57,0.29,0.77,0.51,2.99,1.9,0.09,8.03,0.25
2,臺北台新戰神,5|14437,黃聰翰/弗利沙,2,88,106.0,1484.98,24.75,24:45,742.49,12.37,12:22,43.0,21.5,40.57,62.55,40.0,20.0,37.74,58.18,38.0,19.0,35.85,55.27,15.0,7.5,14.15,21.82,19.0,9.5,17.92,27.64,9.0,4.5,8.49,13.09,19.0,9.5,17.92,27.64,6.0,3.0,5.66,8.73,9.0,4.5,8.49,13.09,7.0,3.5,6.6,10.18,11.0,5.5,10.38,16.0,10.0,5.0,9.43,14.55,3.0,1.5,2.83,4.36,17.0,8.5,16.04,24.73,15.0,7.5,14.15,21.82,10.0,5.0,9.43,14.55,8.0,4.0,7.55,11.64,4.0,2.0,3.77,5.82,10.0,5.0,9.43,14.55,9.0,4.5,8.49,13.09,40.57,37.74,2.83,102.79,3.0,1.5,2.83,24.75,12.37,0.47,0.51,0.47,0.32,0.78,0.26,0.67,0.39,0.77,0.51,7.55,3.77,0.09,8.49,0.24
2,臺北台新戰神,11|14845,蘇奕晉/恩多,2,74,86.0,1170.82,19.51,19:31,585.41,9.76,09:45,36.0,18.0,41.86,66.41,35.0,17.5,40.7,64.57,35.0,17.5,40.7,64.57,13.0,6.5,15.12,23.98,12.0,6.0,13.95,22.14,5.0,2.5,5.81,9.22,23.0,11.5,26.74,42.43,8.0,4.0,9.3,14.76,5.0,2.5,5.81,9.22,2.0,1.0,2.33,3.69,8.0,4.0,9.3,14.76,15.0,7.5,17.44,27.67,3.0,1.5,3.49,5.53,13.0,6.5,15.12,23.98,10.0,5.0,11.63,18.45,11.0,5.5,12.79,20.29,3.0,1.5,3.49,5.53,2.0,1.0,2.33,3.69,5.0,2.5,5.81,9.22,6.0,3.0,6.98,11.07,41.86,40.7,1.16,105.77,1.0,0.5,1.16,19.51,9.76,0.49,0.48,0.42,0.35,0.4,0.21,0.85,0.38,0.83,0.59,3.49,2.33,0.06,6.98,0.14
2,高雄全家海神,51|14844,克力斯/杭特,5,239,288.0,4756.66,79.28,79:17,951.33,15.86,15:51,132.0,26.4,45.83,59.94,142.0,28.4,49.31,64.48,105.0,21.0,36.46,47.68,46.0,9.2,15.97,20.89,62.0,12.4,21.53,28.15,29.0,5.8,10.07,13.17,43.0,8.6,14.93,19.53,17.0,3.4,5.9,7.72,30.0,6.0,10.42,13.62,21.0,4.2,7.29,9.54,19.0,3.8,6.6,8.63,44.0,8.8,15.28,19.98,19.0,3.8,6.6,8.63,44.0,8.8,15.28,19.98,19.0,3.8,6.6,8.63,24.0,4.8,8.33,10.9,11.0,2.2,3.82,5.0,4.0,0.8,1.39,1.82,36.0,7.2,12.5,16.35,33.0,6.6,11.46,14.99,45.83,49.31,-3.47,87.19,-10.0,-2.0,-3.47,79.28,15.86,0.52,0.56,0.47,0.4,0.7,0.14,0.52,0.3,0.7,0.5,3.82,1.39,0.12,11.46,0.29
2,高雄全家海神,109|14844,于煥亞/杭特,4,268,319.0,4644.58,77.41,77:25,1161.14,19.35,19:21,131.0,32.75,41.07,60.92,137.0,34.25,42.95,63.71,121.0,30.25,37.93,56.27,45.0,11.25,14.11,20.93,69.0,17.25,21.63,32.09,27.0,6.75,8.46,12.56,52.0,13.0,16.3,24.18,18.0,4.5,5.64,8.37,34.0,8.5,10.66,15.81,23.0,5.75,7.21,10.7,18.0,4.5,5.64,8.37,59.0,14.75,18.5,27.44,22.0,5.5,6.9,10.23,51.0,12.75,15.99,23.72,17.0,4.25,5.33,7.91,23.0,5.75,7.21,10.7,9.0,2.25,2.82,4.19,5.0,1.25,1.57,2.33,36.0,9.0,11.29,16.74,44.0,11.0,13.79,20.46,41.07,42.95,-1.88,98.9,-6.0,-1.5,-1.88,77.41,19.35,0.45,0.48,0.39,0.35,0.68,0.11,0.51,0.26,0.73,0.51,2.82,1.57,0.11,13.79,0.28
2,高雄全家海神,110|14844,胡瓏貿/杭特,6,529,626.0,9796.16,163.27,163:16,1632.69,27.21,27:13,308.0,51.33,49.2,67.91,278.0,46.33,44.41,61.3,231.0,38.5,36.9,50.93,103.0,17.17,16.45,22.71,128.0,21.33,20.45,28.22,59.0,9.83,9.42,13.01,103.0,17.17,16.45,22.71,44.0,7.33,7.03,9.7,80.0,13.33,12.78,17.64,56.0,9.33,8.95,12.35,31.0,5.17,4.95,6.84,101.0,16.83,16.13,22.27,44.0,7.33,7.03,9.7,94.0,15.67,15.02,20.73,35.0,5.83,5.59,7.72,60.0,10.0,9.58,13.23,22.0,3.67,3.51,4.85,10.0,1.67,1.6,2.2,79.0,13.17,12.62,17.42,61.0,10.17,9.74,13.45,49.2,44.41,4.79,92.02,30.0,5.0,4.79,163.27,27.21,0.54,0.58,0.46,0.43,0.7,0.12,0.58,0.25,0.7,0.49,3.51,1.6,0.13,9.74,0.35
2,高雄全家海神,118|14844,蘇文儒/杭特,7,730,877.0,13903.72,231.73,231:44,1986.25,33.1,33:06,418.0,59.71,47.66,64.94,411.0,58.71,46.86,63.85,322.0,46.0,36.72,50.02,146.0,20.86,16.65,22.68,190.0,27.14,21.66,29.52,95.0,13.57,10.83,14.76,132.0,18.86,15.05,20.51,51.0,7.29,5.82,7.92,108.0,15.43,12.31,16.78,78.0,11.14,8.89,12.12,47.0,6.71,5.36,7.3,135.0,19.29,15.39,20.97,57.0,8.14,6.5,8.86,135.0,19.29,15.39,20.97,50.0,7.14,5.7,7.77,83.0,11.86,9.46,12.89,29.0,4.14,3.31,4.51,19.0,2.71,2.17,2.95,105.0,15.0,11.97,16.31,118.0,16.86,13.45,18.33,47.66,46.86,0.8,90.83,7.0,1.0,0.8,231.73,33.1,0.53,0.57,0.5,0.39,0.72,0.12,0.57,0.26,0.7,0.49,3.31,2.17,0.12,13.45,0.34
2,福爾摩沙夢想家,10890|13906,湯普金斯/班提爾,7,478,554.0,8439.96,140.67,140:40,1205.71,20.1,20:06,274.0,39.14,49.46,70.12,235.0,33.57,42.42,60.14,217.0,31.0,39.17,55.54,100.0,14.29,18.05,25.59,126.0,18.0,22.74,32.25,63.0,9.0,11.37,16.12,91.0,13.0,16.43,23.29,37.0,5.29,6.68,9.47,53.0,7.57,9.57,13.56,37.0,5.29,6.68,9.47,35.0,5.0,6.32,8.96,88.0,12.57,15.88,22.52,24.0,3.43,4.33,6.14,94.0,13.43,16.97,24.06,34.0,4.86,6.14,8.7,66.0,9.43,11.91,16.89,22.0,3.14,3.97,5.63,6.0,0.86,1.08,1.54,52.0,7.43,9.39,13.31,44.0,6.29,7.94,11.26,49.46,42.42,7.04,94.52,39.0,5.57,7.04,140.67,20.1,0.55,0.57,0.5,0.41,0.7,0.12,0.66,0.27,0.79,0.51,3.97,1.08,0.09,7.94,0.24
2,高雄全家海神,118|13399,蘇文儒/賽克維奇,3,191,232.0,3258.98,54.32,54:19,1086.33,18.11,18:06,97.0,32.33,41.81,64.29,124.0,41.33,53.45,82.19,77.0,25.67,33.19,51.03,34.0,11.33,14.66,22.53,45.0,15.0,19.4,29.83,21.0,7.0,9.05,13.92,32.0,10.67,13.79,21.21,13.0,4.33,5.6,8.62,26.0,8.67,11.21,17.23,16.0,5.33,6.9,10.6,12.0,4.0,5.17,7.95,35.0,11.67,15.09,23.2,19.0,6.33,8.19,12.59,26.0,8.67,11.21,17.23,20.0,6.67,8.62,13.26,16.0,5.33,6.9,10.6,12.0,4.0,5.17,7.95,1.0,0.33,0.43,0.66,20.0,6.67,8.62,13.26,35.0,11.67,15.09,23.2,41.81,53.45,-11.64,102.51,-27.0,-9.0,-11.64,54.32,18.11,0.53,0.55,0.47,0.41,0.62,0.18,0.47,0.32,0.65,0.51,5.17,0.43,0.09,15.09,0.34
2,高雄全家海神,13399|14844,賽克維奇/杭特,2,84,103.0,1566.51,26.11,26:07,783.26,13.05,13:03,39.0,19.5,37.86,53.78,50.0,25.0,48.54,68.94,42.0,21.0,40.78,57.91,15.0,7.5,14.56,20.68,27.0,13.5,26.21,37.23,10.0,5.0,9.71,13.79,15.0,7.5,14.56,20.68,5.0,2.5,4.85,6.89,6.0,3.0,5.83,8.27,4.0,2.0,3.88,5.52,7.0,3.5,6.8,9.65,21.0,10.5,20.39,28.96,10.0,5.0,9.71,13.79,10.0,5.0,9.71,13.79,5.0,2.5,4.85,6.89,7.0,3.5,6.8,9.65,3.0,1.5,2.91,4.14,3.0,1.5,2.91,4.14,4.0,2.0,3.88,5.52,17.0,8.5,16.5,23.44,37.86,48.54,-10.68,94.68,-11.0,-5.5,-10.68,26.11,13.05,0.42,0.44,0.37,0.33,0.67,0.1,0.47,0.41,0.68,0.58,2.91,2.91,0.04,16.5,0.14
2,高雄全家海神,116|14844,呂威霆/杭特,6,232,285.0,4514.03,75.23,75:14,752.34,12.54,12:32,124.0,20.67,43.51,59.34,139.0,23.17,48.77,66.51,107.0,17.83,37.54,51.2,44.0,7.33,15.44,21.05,61.0,10.17,21.4,29.19,31.0,5.17,10.88,14.83,46.0,7.67,16.14,22.01,13.0,2.17,4.56,6.22,33.0,5.5,11.58,15.79,23.0,3.83,8.07,11.01,18.0,3.0,6.32,8.61,49.0,8.17,17.19,23.45,15.0,2.5,5.26,7.18,43.0,7.17,15.09,20.58,16.0,2.67,5.61,7.66,29.0,4.83,10.18,13.88,13.0,2.17,4.56,6.22,11.0,1.83,3.86,5.26,30.0,5.0,10.53,14.36,47.0,7.83,16.49,22.49,43.51,48.77,-5.26,90.92,-15.0,-2.5,-5.26,75.23,12.54,0.47,0.51,0.51,0.28,0.7,0.12,0.66,0.3,0.77,0.54,4.56,3.86,0.11,16.49,0.31
2,高雄全家海神,121|14844,吳曉謹/杭特,6,470,566.0,8585.08,143.08,143:05,1430.85,23.85,23:51,285.0,47.5,50.35,71.71,285.0,47.5,50.35,71.71,211.0,35.17,37.28,53.09,103.0,17.17,18.2,25.91,128.0,21.33,22.61,32.2,72.0,12.0,12.72,18.12,83.0,13.83,14.66,20.88,31.0,5.17,5.48,7.8,72.0,12.0,12.72,18.12,52.0,8.67,9.19,13.08,35.0,5.83,6.18,8.81,82.0,13.67,14.49,20.63,35.0,5.83,6.18,8.81,81.0,13.5,14.31,20.38,34.0,5.67,6.01,8.55,63.0,10.5,11.13,15.85,20.0,3.33,3.53,5.03,15.0,2.5,2.65,3.77,59.0,9.83,10.42,14.84,73.0,12.17,12.9,18.37,50.35,50.35,0.0,94.94,0.0,0.0,0.0,143.08,23.85,0.56,0.59,0.56,0.37,0.72,0.12,0.61,0.3,0.7,0.5,3.53,2.65,0.1,12.9,0.34
2,高雄全家海神,122|14844,陳懷安/杭特,2,15,20.0,236.29,3.94,03:56,118.15,1.97,01:58,7.0,3.5,35.0,63.99,14.0,7.0,70.0,127.98,5.0,2.5,25.0,45.71,1.0,0.5,5.0,9.14,3.0,1.5,15.0,27.42,1.0,0.5,5.0,9.14,2.0,1.0,10.0,18.28,0.0,0.0,0.0,0.0,5.0,2.5,25.0,45.71,4.0,2.0,20.0,36.56,2.0,1.0,10.0,18.28,2.0,1.0,10.0,18.28,1.0,0.5,5.0,9.14,1.0,0.5,5.0,9.14,3.0,1.5,15.0,27.42,0.0,0.0,0.0,0.0,1.0,0.5,5.0,9.14,0.0,0.0,0.0,0.0,4.0,2.0,20.0,36.56,6.0,3.0,30.0,54.85,35.0,70.0,-35.0,121.88,-7.0,-3.5,-35.0,3.94,1.97,0.2,0.49,0.33,0.0,0.8,0.29,0.0,0.67,0.67,0.67,5.0,0.0,0.2,30.0,1.0
2,高雄全家海神,119|14844,余純安/杭特,4,121,145.0,1880.53,31.34,31:21,470.13,7.84,07:50,61.0,15.25,42.07,70.07,61.0,15.25,42.07,70.07,55.0,13.75,37.93,63.17,18.0,4.5,12.41,20.68,31.0,7.75,21.38,35.61,12.0,3.0,8.28,13.78,24.0,6.0,16.55,27.57,6.0,1.5,4.14,6.89,24.0,6.0,16.55,27.57,15.0,3.75,10.34,17.23,14.0,3.5,9.66,16.08,28.0,7.0,19.31,32.16,7.0,1.75,4.83,8.04,21.0,5.25,14.48,24.12,7.0,1.75,4.83,8.04,10.0,2.5,6.9,11.49,6.0,1.5,4.14,6.89,1.0,0.25,0.69,1.15,17.0,4.25,11.72,19.53,21.0,5.25,14.48,24.12,42.07,42.07,0.0,111.03,0.0,0.0,0.0,31.34,7.84,0.38,0.47,0.39,0.25,0.62,0.1,0.56,0.4,0.8,0.6,4.14,0.69,0.12,14.48,0.44
2,新竹御嵿攻城獅,75|13778,高國豪/辛巴,1,95,113.0,1449.02,24.15,24:09,1449.02,24.15,24:09,48.0,48.0,42.48,71.55,49.0,49.0,43.36,73.04,37.0,37.0,32.74,55.15,17.0,17.0,15.04,25.34,27.0,27.0,23.89,40.25,12.0,12.0,10.62,17.89,10.0,10.0,8.85,14.91,5.0,5.0,4.42,7.45,16.0,16.0,14.16,23.85,9.0,9.0,7.96,13.42,7.0,7.0,6.19,10.43,16.0,16.0,14.16,23.85,5.0,5.0,4.42,7.45,18.0,18.0,15.93,26.83,10.0,10.0,8.85,14.91,8.0,8.0,7.08,11.93,6.0,6.0,5.31,8.94,0.0,0.0,0.0,0.0,12.0,12.0,10.62,17.89,7.0,7.0,6.19,10.43,42.48,43.36,-0.88,112.3,-1.0,-1.0,-0.88,24.15,24.15,0.53,0.54,0.44,0.5,0.56,0.19,0.47,0.28,0.76,0.5,5.31,0.0,0.11,6.19,0.43
2,新竹御嵿攻城獅,76|13778,曾柏喻/辛巴,1,58,70.0,898.68,14.98,14:59,898.68,14.98,14:59,32.0,32.0,45.71,76.91,40.0,40.0,57.14,96.14,24.0,24.0,34.29,57.68,11.0,11.0,15.71,26.44,18.0,18.0,25.71,43.26,8.0,8.0,11.43,19.23,6.0,6.0,8.57,14.42,3.0,3.0,4.29,7.21,11.0,11.0,15.71,26.44,7.0,7.0,10.0,16.82,6.0,6.0,8.57,14.42,9.0,9.0,12.86,21.63,2.0,2.0,2.86,4.81,6.0,6.0,8.57,14.42,6.0,6.0,8.57,14.42,5.0,5.0,7.14,12.02,5.0,5.0,7.14,12.02,0.0,0.0,0.0,0.0,8.0,8.0,11.43,19.23,4.0,4.0,5.71,9.61,45.71,57.14,-11.43,112.16,-8.0,-8.0,-11.43,14.98,14.98,0.52,0.55,0.44,0.5,0.64,0.17,0.45,0.5,0.82,0.65,7.14,0.0,0.11,5.71,0.46
2,新竹御嵿攻城獅,10885|13778,劉丞勳/辛巴,1,71,88.0,1119.51,18.66,18:40,1119.51,18.66,18:40,38.0,38.0,43.18,73.32,42.0,42.0,47.73,81.04,31.0,31.0,35.23,59.81,14.0,14.0,15.91,27.01,23.0,23.0,26.14,44.38,11.0,11.0,12.5,21.22,8.0,8.0,9.09,15.44,3.0,3.0,3.41,5.79,14.0,14.0,15.91,27.01,7.0,7.0,7.95,13.51,8.0,8.0,9.09,15.44,12.0,12.0,13.64,23.15,4.0,4.0,4.55,7.72,10.0,10.0,11.36,19.29,7.0,7.0,7.95,13.51,8.0,8.0,9.09,15.44,6.0,6.0,6.82,11.58,1.0,1.0,1.14,1.93,10.0,10.0,11.36,19.29,6.0,6.0,6.82,11.58,43.18,47.73,-4.55,113.19,-4.0,-4.0,-4.55,18.66,18.66,0.5,0.51,0.48,0.38,0.5,0.16,0.57,0.44,0.75,0.59,6.82,1.14,0.11,6.82,0.45
2,新竹御嵿攻城獅,10887|13778,德魯/辛巴,1,67,81.0,1028.68,17.14,17:09,1028.68,17.14,17:09,34.0,34.0,41.98,71.39,45.0,45.0,55.56,94.49,30.0,30.0,37.04,62.99,12.0,12.0,14.81,25.2,23.0,23.0,28.4,48.29,9.0,9.0,11.11,18.9,7.0,7.0,8.64,14.7,3.0,3.0,3.7,6.3,11.0,11.0,13.58,23.1,7.0,7.0,8.64,14.7,7.0,7.0,8.64,14.7,13.0,13.0,16.05,27.3,2.0,2.0,2.47,4.2,8.0,8.0,9.88,16.8,6.0,6.0,7.41,12.6,6.0,6.0,7.41,12.6,5.0,5.0,6.17,10.5,0.0,0.0,0.0,0.0,9.0,9.0,11.11,18.9,7.0,7.0,8.64,14.7,41.98,55.56,-13.58,113.39,-11.0,-11.0,-13.58,17.14,17.14,0.45,0.49,0.39,0.43,0.64,0.15,0.5,0.47,0.87,0.67,6.17,0.0,0.11,8.64,0.37
2,新竹御嵿攻城獅,75|14843,高國豪/馬力,9,705,837.0,11760.7,196.01,196:01,1306.74,21.78,21:47,359.0,39.89,42.89,65.93,350.0,38.89,41.82,64.28,307.0,34.11,36.68,56.38,124.0,13.78,14.81,22.77,169.0,18.78,20.19,31.04,84.0,9.33,10.04,15.43,138.0,15.33,16.49,25.35,40.0,4.44,4.78,7.35,98.0,10.89,11.71,18.0,71.0,7.89,8.48,13.04,55.0,6.11,6.57,10.1,140.0,15.56,16.73,25.71,51.0,5.67,6.09,9.37,154.0,17.11,18.4,28.28,55.0,6.11,6.57,10.1,84.0,9.33,10.04,15.43,34.0,3.78,4.06,6.24,15.0,1.67,1.79,2.75,97.0,10.78,11.59,17.82,87.0,9.67,10.39,15.98,42.89,41.82,1.08,102.48,9.0,1.0,1.08,196.01,21.78,0.47,0.51,0.5,0.29,0.72,0.14,0.68,0.26,0.73,0.49,4.06,1.79,0.12,10.39,0.32
2,新竹御嵿攻城獅,76|14843,曾柏喻/馬力,8,506,602.0,8742.88,145.71,145:43,1092.86,18.21,18:13,276.0,34.5,45.85,68.19,266.0,33.25,44.19,65.72,219.0,27.38,36.38,54.11,96.0,12.0,15.95,23.72,129.0,16.12,21.43,31.87,66.0,8.25,10.96,16.31,90.0,11.25,14.95,22.24,30.0,3.75,4.98,7.41,68.0,8.5,11.3,16.8,52.0,6.5,8.64,12.85,39.0,4.88,6.48,9.64,92.0,11.5,15.28,22.73,41.0,5.12,6.81,10.13,108.0,13.5,17.94,26.68,39.0,4.88,6.48,9.64,68.0,8.5,11.3,16.8,21.0,2.62,3.49,5.19,13.0,1.62,2.16,3.21,67.0,8.38,11.13,16.55,65.0,8.12,10.8,16.06,45.85,44.19,1.66,99.15,10.0,1.25,1.66,145.71,18.21,0.51,0.55,0.51,0.33,0.76,0.14,0.71,0.27,0.69,0.47,3.49,2.16,0.11,10.8,0.31
2,新竹御嵿攻城獅,90|14843,李啓瑋/馬力,3,45,58.0,738.32,12.31,12:18,246.11,4.1,04:06,22.0,7.33,37.93,64.36,32.0,10.67,55.17,93.62,22.0,7.33,37.93,64.36,9.0,3.0,15.52,26.33,12.0,4.0,20.69,35.11,6.0,2.0,10.34,17.55,10.0,3.33,17.24,29.26,3.0,1.0,5.17,8.78,2.0,0.67,3.45,5.85,1.0,0.33,1.72,2.93,3.0,1.0,5.17,8.78,11.0,3.67,18.97,32.18,9.0,3.0,15.52,26.33,6.0,2.0,10.34,17.55,3.0,1.0,5.17,8.78,5.0,1.67,8.62,14.63,0.0,0.0,0.0,0.0,0.0,0.0,0.0,0.0,4.0,1.33,6.9,11.7,7.0,2.33,12.07,20.48,37.93,55.17,-17.24,113.12,-10.0,-3.33,-17.24,12.31,4.1,0.48,0.48,0.5,0.3,0.5,0.12,0.56,0.33,0.55,0.48,0.0,0.0,0.07,12.07,0.09
2,新竹御嵿攻城獅,10887|14843,德魯/馬力,7,459,556.0,8294.39,138.24,138:14,1184.91,19.75,19:45,257.0,36.71,46.22,66.93,250.0,35.71,44.96,65.1,203.0,29.0,36.51,52.86,88.0,12.57,15.83,22.92,118.0,16.86,21.22,30.73,61.0,8.71,10.97,15.89,85.0,12.14,15.29,22.14,27.0,3.86,4.86,7.03,73.0,10.43,13.13,19.01,53.0,7.57,9.53,13.8,42.0,6.0,7.55,10.94,82.0,11.71,14.75,21.35,34.0,4.86,6.12,8.85,96.0,13.71,17.27,25.0,35.0,5.0,6.29,9.11,58.0,8.29,10.43,15.1,18.0,2.57,3.24,4.69,14.0,2.0,2.52,3.65,64.0,9.14,11.51,16.67,66.0,9.43,11.87,17.19,46.22,44.96,1.26,96.53,7.0,1.0,1.26,138.24,19.75,0.5,0.55,0.52,0.32,0.73,0.13,0.66,0.3,0.71,0.49,3.24,2.52,0.12,11.87,0.36
2,新竹御嵿攻城獅,80|13778,田浩/辛巴,1,21,26.0,333.7,5.56,05:34,333.7,5.56,05:34,7.0,7.0,26.92,45.31,9.0,9.0,34.62,58.26,9.0,9.0,34.62,58.26,3.0,3.0,11.54,19.42,6.0,6.0,23.08,38.84,3.0,3.0,11.54,19.42,3.0,3.0,11.54,19.42,0.0,0.0,0.0,0.0,4.0,4.0,15.38,25.89,1.0,1.0,3.85,6.47,2.0,2.0,7.69,12.95,5.0,5.0,19.23,32.36,2.0,2.0,7.69,12.95,5.0,5.0,19.23,32.36,2.0,2.0,7.69,12.95,3.0,3.0,11.54,19.42,1.0,1.0,3.85,6.47,1.0,1.0,3.85,6.47,2.0,2.0,7.69,12.95,2.0,2.0,7.69,12.95,26.92,34.62,-7.69,112.2,-2.0,-2.0,-7.69,5.56,5.56,0.33,0.33,0.5,0.0,0.25,0.16,1.0,0.29,0.71,0.5,3.85,3.85,0.08,7.69,0.44
2,新竹御嵿攻城獅,80|14843,田浩/馬力,4,76,90.0,1150.27,19.17,19:10,287.57,4.79,04:48,36.0,9.0,40.0,67.6,45.0,11.25,50.0,84.5,38.0,9.5,42.22,71.36,13.0,3.25,14.44,24.41,24.0,6.0,26.67,45.07,10.0,2.5,11.11,18.78,14.0,3.5,15.56,26.29,3.0,0.75,3.33,5.63,13.0,3.25,14.44,24.41,7.0,1.75,7.78,13.14,11.0,2.75,12.22,20.66,17.0,4.25,18.89,31.92,2.0,0.5,2.22,3.76,12.0,3.0,13.33,22.53,4.0,1.0,4.44,7.51,7.0,1.75,7.78,13.14,2.0,0.5,2.22,3.76,2.0,0.5,2.22,3.76,10.0,2.5,11.11,18.78,7.0,1.75,7.78,13.14,40.0,50.0,-10.0,112.67,-9.0,-2.25,-10.0,19.17,4.79,0.38,0.41,0.42,0.21,0.54,0.08,0.54,0.48,0.89,0.67,2.22,2.22,0.11,7.78,0.34
2,新竹御嵿攻城獅,90|13778,李啓瑋/辛巴,1,2,2.0,44.0,0.73,00:44,44.0,0.73,00:44,0.0,0.0,0.0,0.0,2.0,2.0,100.0,98.18,1.0,1.0,50.0,49.09,0.0,0.0,0.0,0.0,0.0,0.0,0.0,0.0,0.0,0.0,0.0,0.0,1.0,1.0,50.0,49.09,0.0,0.0,0.0,0.0,0.0,0.0,0.0,0.0,0.0,0.0,0.0,0.0,0.0,0.0,0.0,0.0,1.0,1.0,50.0,49.09,0.0,0.0,0.0,0.0,0.0,0.0,0.0,0.0,0.0,0.0,0.0,0.0,0.0,0.0,0.0,0.0,0.0,0.0,0.0,0.0,0.0,0.0,0.0,0.0,0.0,0.0,0.0,0.0,0.0,0.0,0.0,0.0,0.0,100.0,-100.0,65.45,-2.0,-2.0,-100.0,0.73,0.73,0.0,0.0,,0.0,,0.0,,,1.0,1.0,0.0,0.0,0.0,0.0,0.0
2,新竹御嵿攻城獅,13778|14843,辛巴/馬力,1,37,45.0,559.9,9.33,09:20,559.9,9.33,09:20,16.0,16.0,35.56,61.72,9.0,9.0,20.0,34.72,13.0,13.0,28.89,50.15,6.0,6.0,13.33,23.15,9.0,9.0,20.0,34.72,5.0,5.0,11.11,19.29,4.0,4.0,8.89,15.43,1.0,1.0,2.22,3.86,8.0,8.0,17.78,30.86,3.0,3.0,6.67,11.57,2.0,2.0,4.44,7.72,6.0,6.0,13.33,23.15,4.0,4.0,8.89,15.43,11.0,11.0,24.44,42.44,4.0,4.0,8.89,15.43,4.0,4.0,8.89,15.43,2.0,2.0,4.44,7.72,1.0,1.0,2.22,3.86,4.0,4.0,8.89,15.43,2.0,2.0,4.44,7.72,35.56,20.0,15.56,115.73,7.0,7.0,15.56,9.33,9.33,0.5,0.48,0.56,0.25,0.38,0.19,0.67,0.15,0.6,0.35,4.44,2.22,0.09,4.44,0.62
2,新竹御嵿攻城獅,87|13778,蔡宸綱/辛巴,1,47,56.0,678.91,11.32,11:19,678.91,11.32,11:19,22.0,22.0,39.29,69.99,14.0,14.0,25.0,44.54,15.0,15.0,26.79,47.72,8.0,8.0,14.29,25.45,11.0,11.0,19.64,35.0,6.0,6.0,10.71,19.09,4.0,4.0,7.14,12.73,2.0,2.0,3.57,6.36,10.0,10.0,17.86,31.82,4.0,4.0,7.14,12.73,2.0,2.0,3.57,6.36,7.0,7.0,12.5,22.27,5.0,5.0,8.93,15.91,14.0,14.0,25.0,44.54,5.0,5.0,8.93,15.91,5.0,5.0,8.93,15.91,2.0,2.0,3.57,6.36,1.0,1.0,1.79,3.18,5.0,5.0,8.93,15.91,2.0,2.0,3.57,6.36,39.29,25.0,14.29,118.78,8.0,8.0,14.29,11.32,11.32,0.6,0.57,0.55,0.5,0.4,0.2,0.62,0.12,0.58,0.32,3.57,1.79,0.09,3.57,0.67
2,新竹御嵿攻城獅,87|14843,蔡宸綱/馬力,8,484,576.0,8846.02,147.43,147:26,1105.75,18.43,18:26,242.0,30.25,42.01,59.09,248.0,31.0,43.06,60.56,215.0,26.88,37.33,52.5,87.0,10.88,15.1,21.24,130.0,16.25,22.57,31.74,65.0,8.12,11.28,15.87,85.0,10.62,14.76,20.76,22.0,2.75,3.82,5.37,65.0,8.12,11.28,15.87,44.0,5.5,7.64,10.74,31.0,3.88,5.38,7.57,105.0,13.12,18.23,25.64,38.0,4.75,6.6,9.28,103.0,12.88,17.88,25.15,31.0,3.88,5.38,7.57,55.0,6.88,9.55,13.43,19.0,2.38,3.3,4.64,13.0,1.62,2.26,3.17,55.0,6.88,9.55,13.43,61.0,7.62,10.59,14.89,42.01,43.06,-1.04,93.76,-6.0,-0.75,-1.04,147.43,18.43,0.46,0.5,0.5,0.26,0.68,0.11,0.63,0.23,0.73,0.49,3.3,2.26,0.1,10.59,0.3
2,新竹御嵿攻城獅,10885|14843,劉丞勳/馬力,9,502,600.0,8282.06,138.03,138:02,920.23,15.34,15:20,244.0,27.11,40.67,63.64,260.0,28.89,43.33,67.81,214.0,23.78,35.67,55.81,83.0,9.22,13.83,21.65,126.0,14.0,21.0,32.86,58.0,6.44,9.67,15.13,88.0,9.78,14.67,22.95,25.0,2.78,4.17,6.52,68.0,7.56,11.33,17.73,51.0,5.67,8.5,13.3,41.0,4.56,6.83,10.69,97.0,10.78,16.17,25.3,38.0,4.22,6.33,9.91,114.0,12.67,19.0,29.73,43.0,4.78,7.17,11.21,64.0,7.11,10.67,16.69,29.0,3.22,4.83,7.56,13.0,1.44,2.17,3.39,69.0,7.67,11.5,18.0,76.0,8.44,12.67,19.82,40.67,43.33,-2.67,104.32,-16.0,-1.78,-2.67,138.03,15.34,0.45,0.5,0.46,0.28,0.75,0.15,0.77,0.26,0.72,0.48,4.83,2.17,0.12,12.67,0.32
2,新竹御嵿攻城獅,75|14982,高國豪/徐小龍,6,192,216.0,2884.33,48.07,48:04,480.72,8.01,08:01,109.0,18.17,50.46,81.63,95.0,15.83,43.98,71.14,75.0,12.5,34.72,56.17,38.0,6.33,17.59,28.46,43.0,7.17,19.91,32.2,21.0,3.5,9.72,15.73,32.0,5.33,14.81,23.96,17.0,2.83,7.87,12.73,22.0,3.67,10.19,16.48,15.0,2.5,6.94,11.23,8.0,1.33,3.7,5.99,32.0,5.33,14.81,23.96,9.0,1.5,4.17,6.74,40.0,6.67,18.52,29.95,17.0,2.83,7.87,12.73,24.0,4.0,11.11,17.97,11.0,1.83,5.09,8.24,3.0,0.5,1.39,2.25,23.0,3.83,10.65,17.22,33.0,5.5,15.28,24.71,50.46,43.98,6.48,107.84,14.0,2.33,6.48,48.07,8.01,0.62,0.64,0.49,0.53,0.68,0.17,0.63,0.17,0.78,0.45,5.09,1.39,0.11,15.28,0.29
2,新竹御嵿攻城獅,87|14982,蔡宸綱/徐小龍,7,254,287.0,3820.62,63.68,63:41,545.8,9.1,09:06,129.0,18.43,44.95,72.93,123.0,17.57,42.86,69.54,102.0,14.57,35.54,57.67,49.0,7.0,17.07,27.7,66.0,9.43,23.0,37.31,38.0,5.43,13.24,21.48,36.0,5.14,12.54,20.35,11.0,1.57,3.83,6.22,29.0,4.14,10.1,16.4,20.0,2.86,6.97,11.31,7.0,1.0,2.44,3.96,49.0,7.0,17.07,27.7,14.0,2.0,4.88,7.91,56.0,8.0,19.51,31.66,19.0,2.71,6.62,10.74,32.0,4.57,11.15,18.09,12.0,1.71,4.18,6.78,5.0,0.71,1.74,2.83,25.0,3.57,8.71,14.13,27.0,3.86,9.41,15.26,44.95,42.86,2.09,108.17,6.0,0.86,2.09,63.68,9.1,0.53,0.56,0.58,0.31,0.69,0.14,0.65,0.11,0.78,0.44,4.18,1.74,0.09,9.41,0.28
2,新竹御嵿攻城獅,10887|14982,德魯/徐小龍,8,131,151.0,1944.58,32.41,32:25,243.07,4.05,04:03,75.0,9.38,49.67,83.31,76.0,9.5,50.33,84.42,55.0,6.88,36.42,61.09,26.0,3.25,17.22,28.88,34.0,4.25,22.52,37.77,17.0,2.12,11.26,18.88,21.0,2.62,13.91,23.33,9.0,1.12,5.96,10.0,18.0,2.25,11.92,19.99,14.0,1.75,9.27,15.55,6.0,0.75,3.97,6.66,24.0,3.0,15.89,26.66,8.0,1.0,5.3,8.89,23.0,2.88,15.23,25.55,8.0,1.0,5.3,8.89,15.0,1.88,9.93,16.66,4.0,0.5,2.65,4.44,1.0,0.12,0.66,1.11,15.0,1.88,9.93,16.66,17.0,2.12,11.26,18.88,49.67,50.33,-0.66,111.82,-1.0,-0.12,-0.66,32.41,4.05,0.55,0.6,0.5,0.43,0.78,0.11,0.58,0.21,0.75,0.49,2.65,0.66,0.1,11.26,0.33
2,新竹御嵿攻城獅,14843|14982,馬力/徐小龍,8,330,378.0,4962.96,82.72,82:43,620.37,10.34,10:20,170.0,21.25,44.97,73.99,161.0,20.12,42.59,70.07,130.0,16.25,34.39,56.58,62.0,7.75,16.4,26.98,85.0,10.62,22.49,36.99,46.0,5.75,12.17,20.02,45.0,5.62,11.9,19.59,16.0,2.0,4.23,6.96,38.0,4.75,10.05,16.54,30.0,3.75,7.94,13.06,12.0,1.5,3.17,5.22,59.0,7.38,15.61,25.68,22.0,2.75,5.82,9.57,70.0,8.75,18.52,30.47,29.0,3.62,7.67,12.62,39.0,4.88,10.32,16.97,22.0,2.75,5.82,9.57,5.0,0.62,1.32,2.18,33.0,4.12,8.73,14.36,47.0,5.88,12.43,20.46,44.97,42.59,2.38,109.68,9.0,1.12,2.38,82.72,10.34,0.54,0.58,0.54,0.36,0.79,0.17,0.63,0.15,0.73,0.44,5.82,1.32,0.09,12.43,0.29
2,新竹御嵿攻城獅,88|14843,盧冠軒/馬力,9,356,422.0,6645.97,110.77,110:46,738.44,12.31,12:18,160.0,17.78,37.91,52.0,180.0,20.0,42.65,58.5,154.0,17.11,36.49,50.05,57.0,6.33,13.51,18.53,86.0,9.56,20.38,27.95,40.0,4.44,9.48,13.0,68.0,7.56,16.11,22.1,17.0,1.89,4.03,5.53,36.0,4.0,8.53,11.7,29.0,3.22,6.87,9.43,24.0,2.67,5.69,7.8,75.0,8.33,17.77,24.38,33.0,3.67,7.82,10.73,76.0,8.44,18.01,24.7,28.0,3.11,6.64,9.1,42.0,4.67,9.95,13.65,20.0,2.22,4.74,6.5,7.0,0.78,1.66,2.28,34.0,3.78,8.06,11.05,39.0,4.33,9.24,12.68,37.91,42.65,-4.74,91.44,-20.0,-2.22,-4.74,110.77,12.31,0.43,0.47,0.47,0.25,0.81,0.14,0.74,0.24,0.69,0.48,4.74,1.66,0.08,9.24,0.23
2,新竹御嵿攻城獅,88|14982,盧冠軒/徐小龍,6,247,286.0,3770.76,62.85,62:51,628.46,10.47,10:28,131.0,21.83,45.8,75.04,113.0,18.83,39.51,64.73,105.0,17.5,36.71,60.15,49.0,8.17,17.13,28.07,71.0,11.83,24.83,40.67,35.0,5.83,12.24,20.05,34.0,5.67,11.89,19.48,14.0,2.33,4.9,8.02,24.0,4.0,8.39,13.75,19.0,3.17,6.64,10.88,14.0,2.33,4.9,8.02,44.0,7.33,15.38,25.2,17.0,2.83,5.94,9.74,48.0,8.0,16.78,27.5,19.0,3.17,6.64,10.88,31.0,5.17,10.84,17.76,13.0,2.17,4.55,7.45,3.0,0.5,1.05,1.72,20.0,3.33,6.99,11.46,26.0,4.33,9.09,14.89,45.8,39.51,6.29,109.22,18.0,3.0,6.29,62.85,10.47,0.53,0.57,0.49,0.41,0.79,0.14,0.63,0.23,0.72,0.47,4.55,1.05,0.07,9.09,0.23
2,新竹御嵿攻城獅,88|13778,盧冠軒/辛巴,1,17,20.0,252.13,4.2,04:12,252.13,4.2,04:12,7.0,7.0,35.0,59.97,7.0,7.0,35.0,59.97,8.0,8.0,40.0,68.53,3.0,3.0,15.0,25.7,6.0,6.0,30.0,51.4,2.0,2.0,10.0,17.13,2.0,2.0,10.0,17.13,1.0,1.0,5.0,8.57,1.0,1.0,5.0,8.57,0.0,0.0,0.0,0.0,1.0,1.0,5.0,8.57,5.0,5.0,25.0,42.83,1.0,1.0,5.0,8.57,5.0,5.0,25.0,42.83,1.0,1.0,5.0,8.57,2.0,2.0,10.0,17.13,0.0,0.0,0.0,0.0,0.0,0.0,0.0,0.0,2.0,2.0,10.0,17.13,3.0,3.0,15.0,25.7,35.0,35.0,0.0,114.22,0.0,0.0,0.0,4.2,4.2,0.44,0.41,0.33,0.5,0.0,0.11,0.67,0.17,0.83,0.5,0.0,0.0,0.1,15.0,0.12
2,新竹御嵿攻城獅,13778|14982,辛巴/徐小龍,1,33,39.0,478.34,7.97,07:58,478.34,7.97,07:58,16.0,16.0,41.03,72.25,7.0,7.0,17.95,31.61,12.0,12.0,30.77,54.19,6.0,6.0,15.38,27.09,9.0,9.0,23.08,40.64,4.0,4.0,10.26,18.06,3.0,3.0,7.69,13.55,2.0,2.0,5.13,9.03,5.0,5.0,12.82,22.58,2.0,2.0,5.13,9.03,1.0,1.0,2.56,4.52,6.0,6.0,15.38,27.09,3.0,3.0,7.69,13.55,11.0,11.0,28.21,49.67,3.0,3.0,7.69,13.55,3.0,3.0,7.69,13.55,1.0,1.0,2.56,4.52,0.0,0.0,0.0,0.0,4.0,4.0,10.26,18.06,3.0,3.0,7.69,13.55,41.03,17.95,23.08,117.41,9.0,9.0,23.08,7.97,7.97,0.58,0.56,0.44,0.67,0.4,0.17,0.5,0.08,0.67,0.33,2.56,0.0,0.1,7.69,0.42
2,高雄全家海神,116|4181,呂威霆/艾德,6,315,387.0,5928.89,98.81,98:49,988.15,16.47,16:28,175.0,29.17,45.22,63.76,207.0,34.5,53.49,75.41,139.0,23.17,35.92,50.64,61.0,10.17,15.76,22.22,75.0,12.5,19.38,27.32,37.0,6.17,9.56,13.48,64.0,10.67,16.54,23.32,24.0,4.0,6.2,8.74,44.0,7.33,11.37,16.03,29.0,4.83,7.49,10.57,28.0,4.67,7.24,10.2,58.0,9.67,14.99,21.13,21.0,3.5,5.43,7.65,56.0,9.33,14.47,20.4,27.0,4.5,6.98,9.84,42.0,7.0,10.85,15.3,21.0,3.5,5.43,7.65,8.0,1.33,2.07,2.91,38.0,6.33,9.82,13.84,51.0,8.5,13.18,18.58,45.22,53.49,-8.27,93.99,-32.0,-5.33,-8.27,98.81,16.47,0.53,0.55,0.49,0.38,0.66,0.15,0.69,0.33,0.73,0.53,5.43,2.07,0.1,13.18,0.32
2,高雄全家海神,118|4181,蘇文儒/艾德,7,670,809.0,12746.17,212.44,212:26,1820.88,30.35,30:21,377.0,53.86,46.6,63.89,394.0,56.29,48.7,66.77,300.0,42.86,37.08,50.84,131.0,18.71,16.19,22.2,164.0,23.43,20.27,27.79,83.0,11.86,10.26,14.07,136.0,19.43,16.81,23.05,48.0,6.86,5.93,8.13,104.0,14.86,12.86,17.62,71.0,10.14,8.78,12.03,55.0,7.86,6.8,9.32,120.0,17.14,14.83,20.34,49.0,7.0,6.06,8.3,120.0,17.14,14.83,20.34,54.0,7.71,6.67,9.15,84.0,12.0,10.38,14.23,33.0,4.71,4.08,5.59,18.0,2.57,2.22,3.05,92.0,13.14,11.37,15.59,103.0,14.71,12.73,17.45,46.6,48.7,-2.1,91.4,-17.0,-2.43,-2.1,212.44,30.35,0.52,0.55,0.51,0.35,0.68,0.14,0.64,0.31,0.71,0.51,4.08,2.22,0.11,12.73,0.35
2,高雄全家海神,121|4181,吳曉謹/艾德,6,462,555.0,8425.29,140.42,140:25,1404.22,23.4,23:24,265.0,44.17,47.75,67.94,288.0,48.0,51.89,73.83,202.0,33.67,36.4,51.79,96.0,16.0,17.3,24.61,114.0,19.0,20.54,29.23,66.0,11.0,11.89,16.92,88.0,14.67,15.86,22.56,30.0,5.0,5.41,7.69,70.0,11.67,12.61,17.95,47.0,7.83,8.47,12.05,37.0,6.17,6.67,9.49,80.0,13.33,14.41,20.51,28.0,4.67,5.05,7.18,79.0,13.17,14.23,20.25,37.0,6.17,6.67,9.49,66.0,11.0,11.89,16.92,21.0,3.5,3.78,5.38,11.0,1.83,1.98,2.82,59.0,9.83,10.63,15.13,71.0,11.83,12.79,18.2,47.75,51.89,-4.14,94.86,-23.0,-3.83,-4.14,140.42,23.4,0.55,0.57,0.58,0.34,0.67,0.14,0.69,0.32,0.74,0.52,3.78,1.98,0.11,12.79,0.35
2,高雄全家海神,4181|14844,艾德/杭特,6,502,593.0,8963.31,149.39,149:23,1493.89,24.9,24:54,290.0,48.33,48.9,69.88,270.0,45.0,45.53,65.07,220.0,36.67,37.1,53.02,98.0,16.33,16.53,23.62,122.0,20.33,20.57,29.4,64.0,10.67,10.79,15.42,98.0,16.33,16.53,23.62,34.0,5.67,5.73,8.19,84.0,14.0,14.17,20.24,62.0,10.33,10.46,14.94,31.0,5.17,5.23,7.47,95.0,15.83,16.02,22.89,32.0,5.33,5.4,7.71,96.0,16.0,16.19,23.13,31.0,5.17,5.23,7.47,63.0,10.5,10.62,15.18,20.0,3.33,3.37,4.82,13.0,2.17,2.19,3.13,75.0,12.5,12.65,18.07,87.0,14.5,14.67,20.97,48.9,45.53,3.37,95.27,20.0,3.33,3.37,149.39,24.9,0.52,0.56,0.52,0.35,0.74,0.11,0.64,0.24,0.75,0.5,3.37,2.19,0.13,14.67,0.38
2,新北中信特攻,10877|14707,阿巴西/金恩,1,31,35.0,448.6,7.48,07:29,448.6,7.48,07:29,11.0,11.0,31.43,52.96,16.0,16.0,45.71,77.04,10.0,10.0,28.57,48.15,3.0,3.0,8.57,14.44,6.0,6.0,17.14,28.89,3.0,3.0,8.57,14.44,4.0,4.0,11.43,19.26,0.0,0.0,0.0,0.0,5.0,5.0,14.29,24.07,5.0,5.0,14.29,24.07,1.0,1.0,2.86,4.81,6.0,6.0,17.14,28.89,3.0,3.0,8.57,14.44,3.0,3.0,8.57,14.44,2.0,2.0,5.71,9.63,2.0,2.0,5.71,9.63,1.0,1.0,2.86,4.81,1.0,1.0,2.86,4.81,4.0,4.0,11.43,19.26,6.0,6.0,17.14,28.89,31.43,45.71,-14.29,112.35,-5.0,-5.0,-14.29,7.48,7.48,0.3,0.45,0.5,0.0,1.0,0.14,0.67,0.25,0.67,0.54,2.86,2.86,0.11,17.14,0.5
2,高雄全家海神,109|4181,于煥亞/艾德,3,210,253.0,4207.39,70.12,70:07,1402.46,23.37,23:22,105.0,35.0,41.5,53.91,113.0,37.67,44.66,58.01,103.0,34.33,40.71,52.88,38.0,12.67,15.02,19.51,58.0,19.33,22.92,29.78,27.0,9.0,10.67,13.86,45.0,15.0,17.79,23.1,11.0,3.67,4.35,5.65,28.0,9.33,11.07,14.37,18.0,6.0,7.11,9.24,22.0,7.33,8.7,11.29,43.0,14.33,17.0,22.08,16.0,5.33,6.32,8.21,39.0,13.0,15.42,20.02,15.0,5.0,5.93,7.7,24.0,8.0,9.49,12.32,9.0,3.0,3.56,4.62,1.0,0.33,0.4,0.51,26.0,8.67,10.28,13.35,32.0,10.67,12.65,16.43,41.5,44.66,-3.16,86.59,-8.0,-2.67,-3.16,70.12,23.37,0.42,0.46,0.47,0.24,0.64,0.12,0.63,0.36,0.73,0.54,3.56,0.4,0.1,12.65,0.27
2,高雄全家海神,110|4181,胡瓏貿/艾德,6,446,526.0,8216.79,136.95,136:57,1369.47,22.82,22:49,250.0,41.67,47.53,65.72,233.0,38.83,44.3,61.25,192.0,32.0,36.5,50.47,85.0,14.17,16.16,22.34,100.0,16.67,19.01,26.29,52.0,8.67,9.89,13.67,92.0,15.33,17.49,24.18,33.0,5.5,6.27,8.67,69.0,11.5,13.12,18.14,47.0,7.83,8.94,12.36,31.0,5.17,5.89,8.15,80.0,13.33,15.21,21.03,33.0,5.5,6.27,8.67,87.0,14.5,16.54,22.87,35.0,5.83,6.65,9.2,56.0,9.33,10.65,14.72,20.0,3.33,3.8,5.26,8.0,1.33,1.52,2.1,66.0,11.0,12.55,17.35,57.0,9.5,10.84,14.98,47.53,44.3,3.23,92.18,17.0,2.83,3.23,136.95,22.82,0.53,0.56,0.52,0.36,0.68,0.14,0.66,0.26,0.71,0.48,3.8,1.52,0.13,10.84,0.36
2,高雄全家海神,51|4181,克力斯/艾德,5,192,238.0,4027.42,67.12,67:07,805.48,13.42,13:25,100.0,20.0,42.02,53.63,136.0,27.2,57.14,72.94,89.0,17.8,37.39,47.73,36.0,7.2,15.13,19.31,52.0,10.4,21.85,27.89,21.0,4.2,8.82,11.26,37.0,7.4,15.55,19.84,15.0,3.0,6.3,8.04,22.0,4.4,9.24,11.8,13.0,2.6,5.46,6.97,26.0,5.2,10.92,13.94,33.0,6.6,13.87,17.7,13.0,2.6,5.46,6.97,33.0,6.6,13.87,17.7,24.0,4.8,10.08,12.87,28.0,5.6,11.76,15.02,17.0,3.4,7.14,9.12,3.0,0.6,1.26,1.61,17.0,3.4,7.14,9.12,19.0,3.8,7.98,10.19,42.02,57.14,-15.13,85.1,-36.0,-7.2,-15.13,67.12,13.42,0.49,0.51,0.4,0.41,0.59,0.2,0.78,0.44,0.72,0.56,7.14,1.26,0.07,7.98,0.25
2,高雄全家海神,122|4181,陳懷安/艾德,2,13,14.0,191.47,3.19,03:11,95.73,1.6,01:36,5.0,2.5,35.71,56.41,4.0,2.0,28.57,45.12,7.0,3.5,50.0,78.97,2.0,1.0,14.29,22.56,3.0,1.5,21.43,33.84,1.0,0.5,7.14,11.28,4.0,2.0,28.57,45.12,1.0,0.5,7.14,11.28,0.0,0.0,0.0,0.0,0.0,0.0,0.0,0.0,1.0,0.5,7.14,11.28,4.0,2.0,28.57,45.12,0.0,0.0,0.0,0.0,2.0,1.0,14.29,22.56,1.0,0.5,7.14,11.28,0.0,0.0,0.0,0.0,1.0,0.5,7.14,11.28,0.0,0.0,0.0,0.0,0.0,0.0,0.0,0.0,2.0,1.0,14.29,22.56,35.71,28.57,7.14,105.29,1.0,0.5,7.14,3.19,1.6,0.36,0.36,0.33,0.25,,0.12,0.0,0.33,1.0,0.71,7.14,0.0,0.0,14.29,0.0
2,新北國王,13029|14038,杰倫/飛米,3,151,160.0,2413.08,40.22,40:13,804.36,13.41,13:24,84.0,28.0,52.5,75.19,101.0,33.67,63.12,90.41,61.0,20.33,38.12,54.6,31.0,10.33,19.38,27.75,30.0,10.0,18.75,26.85,19.0,6.33,11.88,17.01,31.0,10.33,19.38,27.75,12.0,4.0,7.5,10.74,15.0,5.0,9.38,13.43,10.0,3.33,6.25,8.95,4.0,1.33,2.5,3.58,27.0,9.0,16.88,24.17,2.0,0.67,1.25,1.79,24.0,8.0,15.0,21.48,9.0,3.0,5.62,8.06,16.0,5.33,10.0,14.32,5.0,1.67,3.12,4.48,1.0,0.33,0.62,0.9,14.0,4.67,8.75,12.53,23.0,7.67,14.37,20.59,52.5,63.12,-10.62,95.48,-17.0,-5.67,-10.62,40.22,13.41,0.61,0.62,0.63,0.39,0.67,0.12,0.52,0.14,0.93,0.54,3.12,0.62,0.09,14.37,0.25
2,新北國王,25|10871,林金榜/鍾理翔,1,1,1.0,5.0,0.08,00:05,5.0,0.08,00:05,0.0,0.0,0.0,0.0,0.0,0.0,0.0,0.0,0.0,0.0,0.0,0.0,0.0,0.0,0.0,0.0,0.0,0.0,0.0,0.0,0.0,0.0,0.0,0.0,0.0,0.0,0.0,0.0,0.0,0.0,0.0,0.0,0.0,0.0,0.0,0.0,0.0,0.0,0.0,0.0,0.0,0.0,0.0,0.0,0.0,0.0,0.0,0.0,0.0,0.0,0.0,0.0,0.0,0.0,0.0,0.0,0.0,0.0,0.0,0.0,0.0,0.0,0.0,0.0,0.0,0.0,0.0,0.0,0.0,0.0,0.0,0.0,0.0,0.0,0.0,0.0,0.0,0.0,0.0,0.0,0.0,0.0,0.0,288.0,0.0,0.0,0.0,0.08,0.08,,,,,,,,,,,0.0,0.0,0.0,0.0,
2,新北國王,10871|14038,鍾理翔/飛米,1,1,1.0,5.0,0.08,00:05,5.0,0.08,00:05,0.0,0.0,0.0,0.0,0.0,0.0,0.0,0.0,0.0,0.0,0.0,0.0,0.0,0.0,0.0,0.0,0.0,0.0,0.0,0.0,0.0,0.0,0.0,0.0,0.0,0.0,0.0,0.0,0.0,0.0,0.0,0.0,0.0,0.0,0.0,0.0,0.0,0.0,0.0,0.0,0.0,0.0,0.0,0.0,0.0,0.0,0.0,0.0,0.0,0.0,0.0,0.0,0.0,0.0,0.0,0.0,0.0,0.0,0.0,0.0,0.0,0.0,0.0,0.0,0.0,0.0,0.0,0.0,0.0,0.0,0.0,0.0,0.0,0.0,0.0,0.0,0.0,0.0,0.0,0.0,0.0,0.0,0.0,288.0,0.0,0.0,0.0,0.08,0.08,,,,,,,,,,,0.0,0.0,0.0,0.0,
2,新竹御嵿攻城獅,10862|14982,提傑/徐小龍,6,285,321.0,4307.69,71.79,71:48,717.95,11.97,11:58,139.0,23.17,43.3,69.7,141.0,23.5,43.93,70.7,116.0,19.33,36.14,58.17,52.0,8.67,16.2,26.07,73.0,12.17,22.74,36.6,36.0,6.0,11.21,18.05,43.0,7.17,13.4,21.56,16.0,2.67,4.98,8.02,24.0,4.0,7.48,12.03,19.0,3.17,5.92,9.53,11.0,1.83,3.43,5.52,55.0,9.17,17.13,27.58,14.0,2.33,4.36,7.02,57.0,9.5,17.76,28.58,24.0,4.0,7.48,12.03,35.0,5.83,10.9,17.55,16.0,2.67,4.98,8.02,5.0,0.83,1.56,2.51,22.0,3.67,6.85,11.03,33.0,5.5,10.28,16.55,43.3,43.93,-0.62,107.31,-2.0,-0.33,-0.62,71.79,11.97,0.52,0.55,0.49,0.37,0.79,0.16,0.67,0.16,0.8,0.48,4.98,1.56,0.07,10.28,0.21
2,新竹御嵿攻城獅,10862|14843,提傑/馬力,6,349,406.0,5765.72,96.1,96:06,960.95,16.02,16:01,149.0,24.83,36.7,55.82,171.0,28.5,42.12,64.06,148.0,24.67,36.45,55.44,55.0,9.17,13.55,20.6,85.0,14.17,20.94,31.84,42.0,7.0,10.34,15.73,63.0,10.5,15.52,23.6,13.0,2.17,3.2,4.87,33.0,5.5,8.13,12.36,25.0,4.17,6.16,9.37,19.0,3.17,4.68,7.12,78.0,13.0,19.21,29.22,27.0,4.5,6.65,10.11,79.0,13.17,19.46,29.6,28.0,4.67,6.9,10.49,40.0,6.67,9.85,14.99,18.0,3.0,4.43,6.74,8.0,1.33,1.97,3.0,32.0,5.33,7.88,11.99,31.0,5.17,7.64,11.61,36.7,42.12,-5.42,101.4,-22.0,-3.67,-5.42,96.1,16.02,0.42,0.46,0.49,0.21,0.76,0.15,0.73,0.19,0.74,0.48,4.43,1.97,0.08,7.64,0.22
2,臺北台新戰神,10865|14437,謝銘駿/弗利沙,1,12,12.0,180.0,3.0,03:00,180.0,3.0,03:00,1.0,1.0,8.33,12.0,5.0,5.0,41.67,60.0,2.0,2.0,16.67,24.0,0.0,0.0,0.0,0.0,2.0,2.0,16.67,24.0,0.0,0.0,0.0,0.0,0.0,0.0,0.0,0.0,0.0,0.0,0.0,0.0,2.0,2.0,16.67,24.0,1.0,1.0,8.33,12.0,0.0,0.0,0.0,0.0,2.0,2.0,16.67,24.0,0.0,0.0,0.0,0.0,2.0,2.0,16.67,24.0,3.0,3.0,25.0,36.0,0.0,0.0,0.0,0.0,2.0,2.0,16.67,24.0,1.0,1.0,8.33,12.0,1.0,1.0,8.33,12.0,0.0,0.0,0.0,0.0,8.33,41.67,-33.33,96.0,-4.0,-4.0,-33.33,3.0,3.0,0.0,0.17,0.0,,0.5,0.51,,0.0,1.0,0.5,16.67,8.33,0.08,0.0,1.0
2,臺北台新戰神,3|14845,陳文宏/恩多,7,210,246.0,3378.57,56.31,56:19,482.65,8.04,08:03,89.0,12.71,36.18,56.9,106.0,15.14,43.09,67.77,83.0,11.86,33.74,53.06,32.0,4.57,13.01,20.46,47.0,6.71,19.11,30.05,24.0,3.43,9.76,15.34,36.0,5.14,14.63,23.02,8.0,1.14,3.25,5.11,31.0,4.43,12.6,19.82,17.0,2.43,6.91,10.87,14.0,2.0,5.69,8.95,43.0,6.14,17.48,27.49,15.0,2.14,6.1,9.59,50.0,7.14,20.33,31.97,19.0,2.71,7.72,12.15,26.0,3.71,10.57,16.62,12.0,1.71,4.88,7.67,2.0,0.29,0.81,1.28,25.0,3.57,10.16,15.98,18.0,2.57,7.32,11.51,36.18,43.09,-6.91,104.85,-17.0,-2.43,-6.91,56.31,8.04,0.43,0.46,0.51,0.22,0.55,0.16,0.81,0.22,0.74,0.47,4.88,0.81,0.1,7.32,0.37
2,新竹御嵿攻城獅,10888|14843,帕塞獅/馬力,3,104,119.0,1558.01,25.97,25:58,519.34,8.66,08:39,55.0,18.33,46.22,76.25,59.0,19.67,49.58,81.8,42.0,14.0,35.29,58.23,18.0,6.0,15.13,24.95,23.0,7.67,19.33,31.89,11.0,3.67,9.24,15.25,19.0,6.33,15.97,26.34,7.0,2.33,5.88,9.7,14.0,4.67,11.76,19.41,12.0,4.0,10.08,16.64,4.0,1.33,3.36,5.55,21.0,7.0,17.65,29.11,8.0,2.67,6.72,11.09,17.0,5.67,14.29,23.57,6.0,2.0,5.04,8.32,11.0,3.67,9.24,15.25,6.0,2.0,5.04,8.32,0.0,0.0,0.0,0.0,14.0,4.67,11.76,19.41,19.0,6.33,15.97,26.34,46.22,49.58,-3.36,109.99,-4.0,-1.33,-3.36,25.97,8.66,0.51,0.57,0.48,0.37,0.86,0.11,0.61,0.19,0.72,0.5,5.04,0.0,0.12,15.97,0.33
2,高雄全家海神,123|4181,勤明慶/艾德,2,80,93.0,1287.49,21.46,21:27,643.75,10.73,10:44,55.0,27.5,59.14,92.27,42.0,21.0,45.16,70.46,29.0,14.5,31.18,48.65,18.0,9.0,19.35,30.2,16.0,8.0,17.2,26.84,10.0,5.0,10.75,16.78,13.0,6.5,13.98,21.81,8.0,4.0,8.6,13.42,15.0,7.5,16.13,25.17,11.0,5.5,11.83,18.45,3.0,1.5,3.23,5.03,9.0,4.5,9.68,15.1,5.0,2.5,5.38,8.39,12.0,6.0,12.9,20.13,6.0,3.0,6.45,10.07,9.0,4.5,9.68,15.1,3.0,1.5,3.23,5.03,3.0,1.5,3.23,5.03,10.0,5.0,10.75,16.78,16.0,8.0,17.2,26.84,59.14,45.16,13.98,104.02,13.0,6.5,13.98,21.46,10.73,0.76,0.77,0.62,0.62,0.73,0.14,0.5,0.2,0.64,0.41,3.23,3.23,0.11,17.2,0.52
2,高雄全家海神,123|14844,勤明慶/杭特,1,31,34.0,520.8,8.68,08:41,520.8,8.68,08:41,24.0,24.0,70.59,99.54,17.0,17.0,50.0,70.51,12.0,12.0,35.29,49.77,9.0,9.0,26.47,37.33,10.0,10.0,29.41,41.47,7.0,7.0,20.59,29.03,2.0,2.0,5.88,8.29,2.0,2.0,5.88,8.29,6.0,6.0,17.65,24.88,4.0,4.0,11.76,16.59,0.0,0.0,0.0,0.0,3.0,3.0,8.82,12.44,1.0,1.0,2.94,4.15,5.0,5.0,14.71,20.74,1.0,1.0,2.94,4.15,2.0,2.0,5.88,8.29,0.0,0.0,0.0,0.0,1.0,1.0,2.94,4.15,4.0,4.0,11.76,16.59,8.0,8.0,23.53,33.18,70.59,50.0,20.59,94.01,7.0,7.0,20.59,8.68,8.68,0.83,0.82,0.7,1.0,0.67,0.06,0.22,0.0,0.75,0.33,0.0,2.94,0.12,23.53,0.5
2,高雄全家海神,10891|14844,廖偉皓/杭特,3,90,101.0,2152.26,35.87,35:52,717.42,11.96,11:57,48.0,16.0,47.52,48.17,50.0,16.67,49.5,50.18,37.0,12.33,36.63,37.13,16.0,5.33,15.84,16.06,19.0,6.33,18.81,19.07,10.0,3.33,9.9,10.04,18.0,6.0,17.82,18.06,6.0,2.0,5.94,6.02,15.0,5.0,14.85,15.05,10.0,3.33,9.9,10.04,4.0,1.33,3.96,4.01,21.0,7.0,20.79,21.08,4.0,1.33,3.96,4.01,14.0,4.67,13.86,14.05,5.0,1.67,4.95,5.02,9.0,3.0,8.91,9.03,5.0,1.67,4.95,5.02,2.0,0.67,1.98,2.01,16.0,5.33,15.84,16.06,15.0,5.0,14.85,15.05,47.52,49.5,-1.98,67.58,-2.0,-0.67,-1.98,35.87,11.96,0.51,0.55,0.53,0.33,0.67,0.1,0.56,0.22,0.84,0.58,4.95,1.98,0.16,14.85,0.41
2,新竹御嵿攻城獅,84|10887,李家瑞/德魯,1,7,10.0,92.2,1.54,01:32,92.2,1.54,01:32,7.0,7.0,70.0,163.99,6.0,6.0,60.0,140.56,4.0,4.0,40.0,93.71,3.0,3.0,30.0,70.28,2.0,2.0,20.0,46.85,2.0,2.0,20.0,46.85,2.0,2.0,20.0,46.85,1.0,1.0,10.0,23.43,0.0,0.0,0.0,0.0,0.0,0.0,0.0,0.0,1.0,1.0,10.0,23.43,0.0,0.0,0.0,0.0,2.0,2.0,20.0,46.85,0.0,0.0,0.0,0.0,0.0,0.0,0.0,0.0,2.0,2.0,20.0,46.85,0.0,0.0,0.0,0.0,0.0,0.0,0.0,0.0,0.0,0.0,0.0,0.0,4.0,4.0,40.0,93.71,70.0,60.0,10.0,156.18,1.0,1.0,10.0,1.54,1.54,0.88,0.88,1.0,0.5,,0.0,0.67,1.0,0.0,0.33,0.0,0.0,0.0,40.0,0.0
2,新竹御嵿攻城獅,84|10888,李家瑞/帕塞獅,2,12,14.0,159.51,2.66,02:40,79.75,1.33,01:20,10.0,5.0,71.43,135.42,6.0,3.0,42.86,81.25,5.0,2.5,35.71,67.71,3.0,1.5,21.43,40.63,4.0,2.0,28.57,54.17,2.0,1.0,14.29,27.08,1.0,0.5,7.14,13.54,1.0,0.5,7.14,13.54,4.0,2.0,28.57,54.17,3.0,1.5,21.43,40.63,1.0,0.5,7.14,13.54,2.0,1.0,14.29,27.08,1.0,0.5,7.14,13.54,1.0,0.5,7.14,13.54,0.0,0.0,0.0,0.0,2.0,1.0,14.29,27.08,0.0,0.0,0.0,0.0,0.0,0.0,0.0,0.0,2.0,1.0,14.29,27.08,2.0,1.0,14.29,27.08,71.43,42.86,28.57,126.39,4.0,2.0,28.57,2.66,1.33,0.7,0.74,0.5,1.0,0.75,0.0,0.67,0.5,0.67,0.6,0.0,0.0,0.14,14.29,0.8
2,新竹御嵿攻城獅,84|14843,李家瑞/馬力,1,3,6.0,58.2,0.97,00:58,58.2,0.97,00:58,2.0,2.0,33.33,74.23,5.0,5.0,83.33,185.57,2.0,2.0,33.33,74.23,1.0,1.0,16.67,37.11,1.0,1.0,16.67,37.11,1.0,1.0,16.67,37.11,1.0,1.0,16.67,37.11,0.0,0.0,0.0,0.0,0.0,0.0,0.0,0.0,0.0,0.0,0.0,0.0,1.0,1.0,16.67,37.11,0.0,0.0,0.0,0.0,2.0,2.0,33.33,74.23,0.0,0.0,0.0,0.0,0.0,0.0,0.0,0.0,0.0,0.0,0.0,0.0,0.0,0.0,0.0,0.0,0.0,0.0,0.0,0.0,0.0,0.0,0.0,0.0,2.0,2.0,33.33,74.23,33.33,83.33,-50.0,148.45,-3.0,-3.0,-50.0,0.97,0.97,0.5,0.5,1.0,0.0,,0.0,0.0,1.0,0.0,0.33,0.0,0.0,0.0,33.33,0.0
2,新竹御嵿攻城獅,84|14982,李家瑞/徐小龍,3,22,30.0,342.16,5.7,05:42,114.05,1.9,01:54,8.0,2.67,26.67,50.5,13.0,4.33,43.33,82.07,11.0,3.67,36.67,69.44,3.0,1.0,10.0,18.94,8.0,2.67,26.67,50.5,3.0,1.0,10.0,18.94,3.0,1.0,10.0,18.94,0.0,0.0,0.0,0.0,4.0,1.33,13.33,25.25,2.0,0.67,6.67,12.63,4.0,1.33,13.33,25.25,5.0,1.67,16.67,31.56,3.0,1.0,10.0,18.94,4.0,1.33,13.33,25.25,1.0,0.33,3.33,6.31,0.0,0.0,0.0,0.0,1.0,0.33,3.33,6.31,0.0,0.0,0.0,0.0,2.0,0.67,6.67,12.63,4.0,1.33,13.33,25.25,26.67,43.33,-16.67,126.26,-5.0,-1.67,-16.67,5.7,1.9,0.27,0.31,0.38,0.0,0.5,0.07,0.0,0.5,0.62,0.56,3.33,0.0,0.07,13.33,0.36
2,新竹御嵿攻城獅,10885|14982,劉丞勳/徐小龍,4,79,89.0,1153.26,19.22,19:13,288.31,4.81,04:48,31.0,7.75,34.83,58.06,44.0,11.0,49.44,82.41,27.0,6.75,30.34,50.57,10.0,2.5,11.24,18.73,17.0,4.25,19.1,31.84,5.0,1.25,5.62,9.36,10.0,2.5,11.24,18.73,5.0,1.25,5.62,9.36,6.0,1.5,6.74,11.24,6.0,1.5,6.74,11.24,2.0,0.5,2.25,3.75,15.0,3.75,16.85,28.09,5.0,1.25,5.62,9.36,18.0,4.5,20.22,33.71,10.0,2.5,11.24,18.73,7.0,1.75,7.87,13.11,7.0,1.75,7.87,13.11,0.0,0.0,0.0,0.0,9.0,2.25,10.11,16.86,21.0,5.25,23.6,39.33,34.83,49.44,-14.61,111.13,-13.0,-3.25,-14.61,19.22,4.81,0.46,0.52,0.29,0.5,1.0,0.25,0.7,0.1,0.75,0.42,7.87,0.0,0.1,23.6,0.22
2,新北國王,21|14038,李愷諺/飛米,3,140,162.0,2336.01,38.93,38:56,778.67,12.98,12:59,64.0,21.33,39.51,59.18,89.0,29.67,54.94,82.29,58.0,19.33,35.8,53.63,24.0,8.0,14.81,22.19,38.0,12.67,23.46,35.14,21.0,7.0,12.96,19.42,20.0,6.67,12.35,18.49,3.0,1.0,1.85,2.77,16.0,5.33,9.88,14.79,13.0,4.33,8.02,12.02,9.0,3.0,5.56,8.32,26.0,8.67,16.05,24.04,7.0,2.33,4.32,6.47,26.0,8.67,16.05,24.04,12.0,4.0,7.41,11.1,9.0,3.0,5.56,8.32,4.0,1.33,2.47,3.7,6.0,2.0,3.7,5.55,18.0,6.0,11.11,16.64,14.0,4.67,8.64,12.95,39.51,54.94,-15.43,99.86,-25.0,-8.33,-15.43,38.93,12.98,0.44,0.49,0.55,0.15,0.81,0.16,0.38,0.26,0.79,0.51,2.47,3.7,0.11,8.64,0.28
2,新竹御嵿攻城獅,78|14982,朱雲豪/徐小龍,2,62,72.0,882.36,14.71,14:42,441.18,7.35,07:21,33.0,16.5,45.83,80.78,34.0,17.0,47.22,83.23,24.0,12.0,33.33,58.75,11.0,5.5,15.28,26.93,16.0,8.0,22.22,39.17,9.0,4.5,12.5,22.03,8.0,4.0,11.11,19.58,2.0,1.0,2.78,4.9,10.0,5.0,13.89,24.48,9.0,4.5,12.5,22.03,2.0,1.0,2.78,4.9,12.0,6.0,16.67,29.38,4.0,2.0,5.56,9.79,11.0,5.5,15.28,26.93,4.0,2.0,5.56,9.79,7.0,3.5,9.72,17.14,3.0,1.5,4.17,7.34,1.0,0.5,1.39,2.45,6.0,3.0,8.33,14.69,5.0,2.5,6.94,12.24,45.83,47.22,-1.39,117.5,-1.0,-0.5,-1.39,14.71,7.35,0.5,0.58,0.56,0.25,0.9,0.12,0.64,0.15,0.75,0.48,4.17,1.39,0.08,6.94,0.42
2,新竹御嵿攻城獅,78|14843,朱雲豪/馬力,3,71,89.0,1076.5,17.94,17:56,358.83,5.98,05:59,32.0,10.67,35.96,64.21,34.0,11.33,38.2,68.22,30.0,10.0,33.71,60.2,11.0,3.67,12.36,22.07,18.0,6.0,20.22,36.12,10.0,3.33,11.24,20.07,12.0,4.0,13.48,24.08,1.0,0.33,1.12,2.01,11.0,3.67,12.36,22.07,9.0,3.0,10.11,18.06,4.0,1.33,4.49,8.03,16.0,5.33,17.98,32.1,9.0,3.0,10.11,18.06,17.0,5.67,19.1,34.11,5.0,1.67,5.62,10.03,7.0,2.33,7.87,14.05,3.0,1.0,3.37,6.02,1.0,0.33,1.12,2.01,9.0,3.0,10.11,18.06,6.0,2.0,6.74,12.04,35.96,38.2,-2.25,119.05,-2.0,-0.67,-2.25,17.94,5.98,0.38,0.46,0.56,0.08,0.82,0.13,0.64,0.19,0.64,0.43,3.37,1.12,0.1,6.74,0.37
2,新竹御嵿攻城獅,80|14982,田浩/徐小龍,1,3,3.0,52.4,0.87,00:52,52.4,0.87,00:52,0.0,0.0,0.0,0.0,2.0,2.0,66.67,82.45,1.0,1.0,33.33,41.22,0.0,0.0,0.0,0.0,1.0,1.0,33.33,41.22,0.0,0.0,0.0,0.0,0.0,0.0,0.0,0.0,0.0,0.0,0.0,0.0,2.0,2.0,66.67,82.45,1.0,1.0,33.33,41.22,0.0,0.0,0.0,0.0,1.0,1.0,33.33,41.22,0.0,0.0,0.0,0.0,0.0,0.0,0.0,0.0,0.0,0.0,0.0,0.0,0.0,0.0,0.0,0.0,0.0,0.0,0.0,0.0,0.0,0.0,0.0,0.0,0.0,0.0,0.0,0.0,0.0,0.0,0.0,0.0,0.0,66.67,-66.67,82.45,-2.0,-2.0,-66.67,0.87,0.87,0.0,0.0,0.0,,0.5,0.0,,,1.0,1.0,0.0,0.0,0.0,0.0,2.0
2,高雄全家海神,108|4181,魏莨哲/艾德,3,95,119.0,1602.21,26.7,26:42,534.07,8.9,08:54,48.0,16.0,40.34,64.71,63.0,21.0,52.94,84.93,38.0,12.67,31.93,51.23,17.0,5.67,14.29,22.92,17.0,5.67,14.29,22.92,9.0,3.0,7.56,12.13,21.0,7.0,17.65,28.31,8.0,2.67,6.72,10.79,14.0,4.67,11.76,18.87,6.0,2.0,5.04,8.09,10.0,3.33,8.4,13.48,15.0,5.0,12.61,20.22,8.0,2.67,6.72,10.79,13.0,4.33,10.92,17.53,11.0,3.67,9.24,14.83,9.0,3.0,7.56,12.13,8.0,2.67,6.72,10.79,3.0,1.0,2.52,4.04,14.0,4.67,11.76,18.87,19.0,6.33,15.97,25.61,40.34,52.94,-12.61,106.95,-15.0,-5.0,-12.61,26.7,8.9,0.55,0.54,0.53,0.38,0.43,0.2,0.53,0.43,0.65,0.54,6.72,2.52,0.12,15.97,0.37
2,高雄全家海神,4181|13399,艾德/賽克維奇,2,89,113.0,1490.29,24.84,24:50,745.15,12.42,12:25,48.0,24.0,42.48,69.57,59.0,29.5,52.21,85.51,40.0,20.0,35.4,57.98,18.0,9.0,15.93,26.09,20.0,10.0,17.7,28.99,12.0,6.0,10.62,17.39,20.0,10.0,17.7,28.99,6.0,3.0,5.31,8.7,12.0,6.0,10.62,17.39,6.0,3.0,5.31,8.7,8.0,4.0,7.08,11.6,15.0,7.5,13.27,21.74,10.0,5.0,8.85,14.49,13.0,6.5,11.5,18.84,7.0,3.5,6.19,10.15,8.0,4.0,7.08,11.6,5.0,2.5,4.42,7.25,0.0,0.0,0.0,0.0,12.0,6.0,10.62,17.39,14.0,7.0,12.39,20.29,42.48,52.21,-9.73,109.19,-11.0,-5.5,-9.73,24.84,12.42,0.52,0.53,0.6,0.3,0.5,0.13,0.44,0.38,0.6,0.5,4.42,0.0,0.11,12.39,0.3
2,高雄全家海神,45|4181,施晉堯/艾德,5,190,214.0,3161.86,52.7,52:42,632.37,10.54,10:32,106.0,21.2,49.53,72.41,117.0,23.4,54.67,79.93,77.0,15.4,35.98,52.6,36.0,7.2,16.82,24.59,38.0,7.6,17.76,25.96,18.0,3.6,8.41,12.3,39.0,7.8,18.22,26.64,18.0,3.6,8.41,12.3,24.0,4.8,11.21,16.4,16.0,3.2,7.48,10.93,10.0,2.0,4.67,6.83,34.0,6.8,15.89,23.23,9.0,1.8,4.21,6.15,36.0,7.2,16.82,24.59,15.0,3.0,7.01,10.25,28.0,5.6,13.08,19.13,13.0,2.6,6.07,8.88,4.0,0.8,1.87,2.73,18.0,3.6,8.41,12.3,25.0,5.0,11.68,17.08,49.53,54.67,-5.14,97.46,-11.0,-2.2,-5.14,52.7,10.54,0.58,0.61,0.47,0.46,0.67,0.15,0.78,0.22,0.79,0.49,6.07,1.87,0.08,11.68,0.31
2,高雄全家海神,4181|10891,艾德/廖偉皓,4,155,180.0,2466.79,41.11,41:07,616.7,10.28,10:17,86.0,21.5,47.78,75.3,99.0,24.75,55.0,86.69,60.0,15.0,33.33,52.54,29.0,7.25,16.11,25.39,37.0,9.25,20.56,32.4,19.0,4.75,10.56,16.64,23.0,5.75,12.78,20.14,10.0,2.5,5.56,8.76,25.0,6.25,13.89,21.89,18.0,4.5,10.0,15.76,10.0,2.5,5.56,8.76,25.0,6.25,13.89,21.89,10.0,2.5,5.56,8.76,28.0,7.0,15.56,24.52,14.0,3.5,7.78,12.26,20.0,5.0,11.11,17.51,11.0,2.75,6.11,9.63,0.0,0.0,0.0,0.0,21.0,5.25,11.67,18.39,18.0,4.5,10.0,15.76,47.78,55.0,-7.22,105.08,-13.0,-3.25,-7.22,41.11,10.28,0.57,0.61,0.51,0.43,0.72,0.16,0.69,0.26,0.71,0.48,6.11,0.0,0.12,10.0,0.42
2,新北中信特攻,39|10883,魏嘉豪/林安龍,1,7,10.0,96.0,1.6,01:36,96.0,1.6,01:36,5.0,5.0,50.0,112.5,4.0,4.0,40.0,90.0,3.0,3.0,30.0,67.5,2.0,2.0,20.0,45.0,1.0,1.0,10.0,22.5,1.0,1.0,10.0,22.5,2.0,2.0,20.0,45.0,1.0,1.0,10.0,22.5,0.0,0.0,0.0,0.0,0.0,0.0,0.0,0.0,0.0,0.0,0.0,0.0,1.0,1.0,10.0,22.5,2.0,2.0,20.0,45.0,1.0,1.0,10.0,22.5,0.0,0.0,0.0,0.0,0.0,0.0,0.0,0.0,0.0,0.0,0.0,0.0,0.0,0.0,0.0,0.0,0.0,0.0,0.0,0.0,3.0,3.0,30.0,67.5,50.0,40.0,10.0,150.0,1.0,1.0,10.0,1.6,1.6,0.83,0.83,1.0,0.5,,0.0,0.0,0.0,0.33,0.25,0.0,0.0,0.0,30.0,0.0
2,新北中信特攻,48|10883,李沛澄/林安龍,1,7,10.0,96.0,1.6,01:36,96.0,1.6,01:36,5.0,5.0,50.0,112.5,4.0,4.0,40.0,90.0,3.0,3.0,30.0,67.5,2.0,2.0,20.0,45.0,1.0,1.0,10.0,22.5,1.0,1.0,10.0,22.5,2.0,2.0,20.0,45.0,1.0,1.0,10.0,22.5,0.0,0.0,0.0,0.0,0.0,0.0,0.0,0.0,0.0,0.0,0.0,0.0,1.0,1.0,10.0,22.5,2.0,2.0,20.0,45.0,1.0,1.0,10.0,22.5,0.0,0.0,0.0,0.0,0.0,0.0,0.0,0.0,0.0,0.0,0.0,0.0,0.0,0.0,0.0,0.0,0.0,0.0,0.0,0.0,3.0,3.0,30.0,67.5,50.0,40.0,10.0,150.0,1.0,1.0,10.0,1.6,1.6,0.83,0.83,1.0,0.5,,0.0,0.0,0.0,0.33,0.25,0.0,0.0,0.0,30.0,0.0
2,臺北台新戰神,10867|13907,威力斯/梅克,6,483,570.0,7936.3,132.27,132:16,1322.72,22.05,22:03,259.0,43.17,45.44,70.49,284.0,47.33,49.82,77.3,208.0,34.67,36.49,56.61,92.0,15.33,16.14,25.04,123.0,20.5,21.58,33.48,68.0,11.33,11.93,18.51,85.0,14.17,14.91,23.13,24.0,4.0,4.21,6.53,68.0,11.33,11.93,18.51,51.0,8.5,8.95,13.88,33.0,5.5,5.79,8.98,91.0,15.17,15.96,24.77,31.0,5.17,5.44,8.44,96.0,16.0,16.84,26.13,39.0,6.5,6.84,10.61,61.0,10.17,10.7,16.6,26.0,4.33,4.56,7.08,6.0,1.0,1.05,1.63,58.0,9.67,10.18,15.79,58.0,9.67,10.18,15.79,45.44,49.82,-4.39,103.42,-25.0,-4.17,-4.39,132.27,22.05,0.5,0.54,0.55,0.28,0.75,0.14,0.66,0.26,0.75,0.49,4.56,1.05,0.1,10.18,0.33
2,臺北台新戰神,13907|14845,梅克/恩多,6,337,405.0,5643.01,94.05,94:03,940.5,15.68,15:41,171.0,28.5,42.22,65.45,200.0,33.33,49.38,76.55,149.0,24.83,36.79,57.03,61.0,10.17,15.06,23.35,87.0,14.5,21.48,33.3,42.0,7.0,10.37,16.08,62.0,10.33,15.31,23.73,19.0,3.17,4.69,7.27,46.0,7.67,11.36,17.61,30.0,5.0,7.41,11.48,32.0,5.33,7.9,12.25,61.0,10.17,15.06,23.35,24.0,4.0,5.93,9.19,61.0,10.17,15.06,23.35,31.0,5.17,7.65,11.87,36.0,6.0,8.89,13.78,16.0,2.67,3.95,6.12,8.0,1.33,1.98,3.06,40.0,6.67,9.88,15.31,32.0,5.33,7.9,12.25,42.22,49.38,-7.16,103.35,-29.0,-4.83,-7.16,94.05,15.68,0.47,0.51,0.48,0.31,0.65,0.15,0.59,0.34,0.72,0.52,3.95,1.98,0.1,7.9,0.31
2,臺北台新戰神,10863|14845,魏芃禾/恩多,3,48,57.0,765.9,12.77,12:46,255.3,4.26,04:15,16.0,5.33,28.07,45.12,37.0,12.33,64.91,104.35,22.0,7.33,38.6,62.04,6.0,2.0,10.53,16.92,14.0,4.67,24.56,39.48,4.0,1.33,7.02,11.28,8.0,2.67,14.04,22.56,2.0,0.67,3.51,5.64,4.0,1.33,7.02,11.28,2.0,0.67,3.51,5.64,3.0,1.0,5.26,8.46,13.0,4.33,22.81,36.66,3.0,1.0,5.26,8.46,8.0,2.67,14.04,22.56,2.0,0.67,3.51,5.64,4.0,1.33,7.02,11.28,2.0,0.67,3.51,5.64,3.0,1.0,5.26,8.46,4.0,1.33,7.02,11.28,3.0,1.0,5.26,8.46,28.07,64.91,-36.84,107.17,-21.0,-7.0,-36.84,12.77,4.26,0.32,0.34,0.29,0.25,0.5,0.08,0.67,0.27,0.81,0.59,3.51,5.26,0.07,5.26,0.18
2,新竹御嵿攻城獅,10888|14982,帕塞獅/徐小龍,3,54,62.0,812.13,13.54,13:32,270.71,4.51,04:31,29.0,9.67,46.77,77.13,29.0,9.67,46.77,77.13,22.0,7.33,35.48,58.51,10.0,3.33,16.13,26.6,15.0,5.0,24.19,39.9,6.0,2.0,9.68,15.96,7.0,2.33,11.29,18.62,4.0,1.33,6.45,10.64,6.0,2.0,9.68,15.96,5.0,1.67,8.06,13.3,3.0,1.0,4.84,7.98,10.0,3.33,16.13,26.6,3.0,1.0,4.84,7.98,10.0,3.33,16.13,26.6,4.0,1.33,6.45,10.64,7.0,2.33,11.29,18.62,4.0,1.33,6.45,10.64,1.0,0.33,1.61,2.66,7.0,2.33,11.29,18.62,12.0,4.0,19.35,31.92,46.77,46.77,0.0,109.93,0.0,0.0,0.0,13.54,4.51,0.55,0.59,0.4,0.57,0.83,0.14,0.7,0.23,0.77,0.5,6.45,1.61,0.11,19.35,0.27
2,新竹御嵿攻城獅,82|84,蕭順議/李家瑞,1,15,18.0,217.51,3.63,03:38,217.51,3.63,03:38,7.0,7.0,38.89,69.52,5.0,5.0,27.78,49.65,6.0,6.0,33.33,59.58,2.0,2.0,11.11,19.86,5.0,5.0,27.78,49.65,2.0,2.0,11.11,19.86,1.0,1.0,5.56,9.93,0.0,0.0,0.0,0.0,4.0,4.0,22.22,39.72,3.0,3.0,16.67,29.79,1.0,1.0,5.56,9.93,4.0,4.0,22.22,39.72,1.0,1.0,5.56,9.93,4.0,4.0,22.22,39.72,1.0,1.0,5.56,9.93,0.0,0.0,0.0,0.0,1.0,1.0,5.56,9.93,0.0,0.0,0.0,0.0,2.0,2.0,11.11,19.86,0.0,0.0,0.0,0.0,38.89,27.78,11.11,119.17,2.0,2.0,11.11,3.63,3.63,0.33,0.45,0.4,0.0,0.75,0.11,0.0,0.2,0.8,0.5,5.56,0.0,0.11,0.0,0.67
2,新竹御嵿攻城獅,84|90,李家瑞/李啓瑋,1,15,18.0,217.51,3.63,03:38,217.51,3.63,03:38,7.0,7.0,38.89,69.52,5.0,5.0,27.78,49.65,6.0,6.0,33.33,59.58,2.0,2.0,11.11,19.86,5.0,5.0,27.78,49.65,2.0,2.0,11.11,19.86,1.0,1.0,5.56,9.93,0.0,0.0,0.0,0.0,4.0,4.0,22.22,39.72,3.0,3.0,16.67,29.79,1.0,1.0,5.56,9.93,4.0,4.0,22.22,39.72,1.0,1.0,5.56,9.93,4.0,4.0,22.22,39.72,1.0,1.0,5.56,9.93,0.0,0.0,0.0,0.0,1.0,1.0,5.56,9.93,0.0,0.0,0.0,0.0,2.0,2.0,11.11,19.86,0.0,0.0,0.0,0.0,38.89,27.78,11.11,119.17,2.0,2.0,11.11,3.63,3.63,0.33,0.45,0.4,0.0,0.75,0.11,0.0,0.2,0.8,0.5,5.56,0.0,0.11,0.0,0.67
2,新竹御嵿攻城獅,82|14982,蕭順議/徐小龍,1,14,17.0,206.0,3.43,03:26,206.0,3.43,03:26,5.0,5.0,29.41,52.43,5.0,5.0,29.41,52.43,6.0,6.0,35.29,62.91,2.0,2.0,11.76,20.97,5.0,5.0,29.41,52.43,2.0,2.0,11.76,20.97,1.0,1.0,5.88,10.49,0.0,0.0,0.0,0.0,2.0,2.0,11.76,20.97,1.0,1.0,5.88,10.49,1.0,1.0,5.88,10.49,4.0,4.0,23.53,41.94,1.0,1.0,5.88,10.49,4.0,4.0,23.53,41.94,1.0,1.0,5.88,10.49,0.0,0.0,0.0,0.0,1.0,1.0,5.88,10.49,0.0,0.0,0.0,0.0,1.0,1.0,5.88,10.49,0.0,0.0,0.0,0.0,29.41,29.41,0.0,118.83,0.0,0.0,0.0,3.43,3.43,0.33,0.36,0.4,0.0,0.5,0.13,0.0,0.2,0.8,0.5,5.88,0.0,0.06,0.0,0.33
2,新竹御嵿攻城獅,90|14982,李啓瑋/徐小龍,1,14,17.0,206.0,3.43,03:26,206.0,3.43,03:26,5.0,5.0,29.41,52.43,5.0,5.0,29.41,52.43,6.0,6.0,35.29,62.91,2.0,2.0,11.76,20.97,5.0,5.0,29.41,52.43,2.0,2.0,11.76,20.97,1.0,1.0,5.88,10.49,0.0,0.0,0.0,0.0,2.0,2.0,11.76,20.97,1.0,1.0,5.88,10.49,1.0,1.0,5.88,10.49,4.0,4.0,23.53,41.94,1.0,1.0,5.88,10.49,4.0,4.0,23.53,41.94,1.0,1.0,5.88,10.49,0.0,0.0,0.0,0.0,1.0,1.0,5.88,10.49,0.0,0.0,0.0,0.0,1.0,1.0,5.88,10.49,0.0,0.0,0.0,0.0,29.41,29.41,0.0,118.83,0.0,0.0,0.0,3.43,3.43,0.33,0.36,0.4,0.0,0.5,0.13,0.0,0.2,0.8,0.5,5.88,0.0,0.06,0.0,0.33
2,臺北台新戰神,2|13907,江均/梅克,2,9,9.0,138.11,2.3,02:18,69.05,1.15,01:09,0.0,0.0,0.0,0.0,9.0,4.5,100.0,140.76,4.0,2.0,44.44,62.56,0.0,0.0,0.0,0.0,2.0,1.0,22.22,31.28,0.0,0.0,0.0,0.0,2.0,1.0,22.22,31.28,0.0,0.0,0.0,0.0,0.0,0.0,0.0,0.0,0.0,0.0,0.0,0.0,0.0,0.0,0.0,0.0,4.0,2.0,44.44,62.56,0.0,0.0,0.0,0.0,1.0,0.5,11.11,15.64,0.0,0.0,0.0,0.0,0.0,0.0,0.0,0.0,0.0,0.0,0.0,0.0,0.0,0.0,0.0,0.0,1.0,0.5,11.11,15.64,1.0,0.5,11.11,15.64,0.0,100.0,-100.0,93.84,-9.0,-4.5,-100.0,2.3,1.15,0.0,0.0,0.0,0.0,,0.0,,0.0,1.0,0.8,0.0,0.0,0.11,11.11,0.0
2,福爾摩沙夢想家,101|13906,周柏臣/班提爾,1,5,6.0,61.56,1.03,01:02,61.56,1.03,01:02,5.0,5.0,83.33,175.44,3.0,3.0,50.0,105.27,2.0,2.0,33.33,70.18,1.0,1.0,16.67,35.09,1.0,1.0,16.67,35.09,0.0,0.0,0.0,0.0,1.0,1.0,16.67,35.09,1.0,1.0,16.67,35.09,4.0,4.0,66.67,140.36,2.0,2.0,33.33,70.18,1.0,1.0,16.67,35.09,1.0,1.0,16.67,35.09,0.0,0.0,0.0,0.0,1.0,1.0,16.67,35.09,0.0,0.0,0.0,0.0,1.0,1.0,16.67,35.09,0.0,0.0,0.0,0.0,0.0,0.0,0.0,0.0,1.0,1.0,16.67,35.09,1.0,1.0,16.67,35.09,83.33,50.0,33.33,140.36,2.0,2.0,33.33,1.03,1.03,0.75,0.66,0.0,1.0,0.5,0.0,1.0,0.5,1.0,0.67,0.0,0.0,0.17,16.67,2.0
2,高雄全家海神,45|14844,施晉堯/杭特,3,63,72.0,1042.65,17.38,17:23,347.55,5.79,05:48,30.0,10.0,41.67,62.15,34.0,11.33,47.22,70.44,23.0,7.67,31.94,47.65,7.0,2.33,9.72,14.5,9.0,3.0,12.5,18.64,2.0,0.67,2.78,4.14,14.0,4.67,19.44,29.0,5.0,1.67,6.94,10.36,16.0,5.33,22.22,33.15,11.0,3.67,15.28,22.79,2.0,0.67,2.78,4.14,15.0,5.0,20.83,31.07,4.0,1.33,5.56,8.29,9.0,3.0,12.5,18.64,4.0,1.33,5.56,8.29,7.0,2.33,9.72,14.5,4.0,1.33,5.56,8.29,4.0,1.33,5.56,8.29,10.0,3.33,13.89,20.72,18.0,6.0,25.0,37.29,41.67,47.22,-5.56,99.44,-4.0,-1.33,-5.56,17.38,5.79,0.41,0.5,0.22,0.36,0.69,0.12,1.0,0.18,0.79,0.57,5.56,5.56,0.14,25.0,0.7
2,高雄全家海神,119|4181,余純安/艾德,2,44,54.0,692.85,11.55,11:33,346.43,5.77,05:46,33.0,16.5,61.11,102.88,24.0,12.0,44.44,74.82,17.0,8.5,31.48,53.0,9.0,4.5,16.67,28.06,7.0,3.5,12.96,21.82,3.0,1.5,5.56,9.35,10.0,5.0,18.52,31.18,6.0,3.0,11.11,18.71,11.0,5.5,20.37,34.29,7.0,3.5,12.96,21.82,4.0,2.0,7.41,12.47,7.0,3.5,12.96,21.82,1.0,0.5,1.85,3.12,9.0,4.5,16.67,28.06,4.0,2.0,7.41,12.47,6.0,3.0,11.11,18.71,4.0,2.0,7.41,12.47,0.0,0.0,0.0,0.0,8.0,4.0,14.81,24.94,8.0,4.0,14.81,24.94,61.11,44.44,16.67,112.23,9.0,4.5,16.67,11.55,5.77,0.71,0.76,0.43,0.6,0.64,0.15,0.67,0.31,0.88,0.52,7.41,0.0,0.15,14.81,0.65
2,福爾摩沙夢想家,73|91,陳振傑/簡偉儒,1,6,8.0,129.0,2.15,02:09,129.0,2.15,02:09,0.0,0.0,0.0,0.0,6.0,6.0,75.0,100.47,2.0,2.0,25.0,33.49,0.0,0.0,0.0,0.0,1.0,1.0,12.5,16.74,0.0,0.0,0.0,0.0,1.0,1.0,12.5,16.74,0.0,0.0,0.0,0.0,0.0,0.0,0.0,0.0,0.0,0.0,0.0,0.0,0.0,0.0,0.0,0.0,2.0,2.0,25.0,33.49,2.0,2.0,25.0,33.49,2.0,2.0,25.0,33.49,1.0,1.0,12.5,16.74,0.0,0.0,0.0,0.0,0.0,0.0,0.0,0.0,1.0,1.0,12.5,16.74,0.0,0.0,0.0,0.0,0.0,0.0,0.0,0.0,0.0,75.0,-75.0,89.3,-6.0,-6.0,-75.0,2.15,2.15,0.0,0.0,0.0,0.0,,0.33,,0.0,0.5,0.33,0.0,12.5,0.0,0.0,0.0
2,福爾摩沙夢想家,73|101,陳振傑/周柏臣,1,6,8.0,129.0,2.15,02:09,129.0,2.15,02:09,0.0,0.0,0.0,0.0,6.0,6.0,75.0,100.47,2.0,2.0,25.0,33.49,0.0,0.0,0.0,0.0,1.0,1.0,12.5,16.74,0.0,0.0,0.0,0.0,1.0,1.0,12.5,16.74,0.0,0.0,0.0,0.0,0.0,0.0,0.0,0.0,0.0,0.0,0.0,0.0,0.0,0.0,0.0,0.0,2.0,2.0,25.0,33.49,2.0,2.0,25.0,33.49,2.0,2.0,25.0,33.49,1.0,1.0,12.5,16.74,0.0,0.0,0.0,0.0,0.0,0.0,0.0,0.0,1.0,1.0,12.5,16.74,0.0,0.0,0.0,0.0,0.0,0.0,0.0,0.0,0.0,75.0,-75.0,89.3,-6.0,-6.0,-75.0,2.15,2.15,0.0,0.0,0.0,0.0,,0.33,,0.0,0.5,0.33,0.0,12.5,0.0,0.0,0.0
2,新北中信特攻,35|104,李睿麒/貝奇,1,34,43.0,699.21,11.65,11:39,699.21,11.65,11:39,20.0,20.0,46.51,61.78,10.0,10.0,23.26,30.89,16.0,16.0,37.21,49.43,5.0,5.0,11.63,15.45,8.0,8.0,18.6,24.71,3.0,3.0,6.98,9.27,8.0,8.0,18.6,24.71,2.0,2.0,4.65,6.18,10.0,10.0,23.26,30.89,8.0,8.0,18.6,24.71,5.0,5.0,11.63,15.45,7.0,7.0,16.28,21.62,4.0,4.0,9.3,12.36,8.0,8.0,18.6,24.71,1.0,1.0,2.33,3.09,5.0,5.0,11.63,15.45,0.0,0.0,0.0,0.0,0.0,0.0,0.0,0.0,7.0,7.0,16.28,21.62,10.0,10.0,23.26,30.89,46.51,23.26,23.26,88.56,10.0,10.0,23.26,11.65,11.65,0.38,0.49,0.38,0.25,0.8,0.05,1.0,0.38,0.64,0.5,0.0,0.0,0.16,23.26,0.62
2,新北中信特攻,35|8889,李睿麒/馬可,1,26,34.0,602.12,10.04,10:02,602.12,10.04,10:02,17.0,17.0,50.0,60.98,8.0,8.0,23.53,28.7,12.0,12.0,35.29,43.05,3.0,3.0,8.82,10.76,7.0,7.0,20.59,25.11,2.0,2.0,5.88,7.17,5.0,5.0,14.71,17.94,1.0,1.0,2.94,3.59,12.0,12.0,35.29,43.05,10.0,10.0,29.41,35.87,4.0,4.0,11.76,14.35,6.0,6.0,17.65,21.52,4.0,4.0,11.76,14.35,5.0,5.0,14.71,17.94,0.0,0.0,0.0,0.0,3.0,3.0,8.82,10.76,0.0,0.0,0.0,0.0,0.0,0.0,0.0,0.0,7.0,7.0,20.59,25.11,6.0,6.0,17.65,21.52,50.0,23.53,26.47,81.31,9.0,9.0,26.47,10.04,10.04,0.29,0.49,0.29,0.2,0.83,0.0,1.0,0.44,0.6,0.53,0.0,0.0,0.21,17.65,1.0
2,新北中信特攻,35|10877,李睿麒/阿巴西,1,29,35.0,573.97,9.57,09:34,573.97,9.57,09:34,19.0,19.0,54.29,71.5,8.0,8.0,22.86,30.11,13.0,13.0,37.14,48.92,4.0,4.0,11.43,15.05,7.0,7.0,20.0,26.34,3.0,3.0,8.57,11.29,6.0,6.0,17.14,22.58,1.0,1.0,2.86,3.76,12.0,12.0,34.29,45.16,10.0,10.0,28.57,37.63,5.0,5.0,14.29,18.82,5.0,5.0,14.29,18.82,1.0,1.0,2.86,3.76,7.0,7.0,20.0,26.34,1.0,1.0,2.86,3.76,5.0,5.0,14.29,18.82,0.0,0.0,0.0,0.0,0.0,0.0,0.0,0.0,6.0,6.0,17.14,22.58,8.0,8.0,22.86,30.11,54.29,22.86,31.43,87.81,11.0,11.0,31.43,9.57,9.57,0.35,0.52,0.43,0.17,0.83,0.05,1.25,0.42,0.83,0.56,0.0,0.0,0.17,22.86,0.92
2,高雄全家海神,108|14844,魏莨哲/杭特,1,6,7.0,53.33,0.89,00:53,53.33,0.89,00:53,3.0,3.0,42.86,121.5,0.0,0.0,0.0,0.0,1.0,1.0,14.29,40.5,1.0,1.0,14.29,40.5,1.0,1.0,14.29,40.5,1.0,1.0,14.29,40.5,0.0,0.0,0.0,0.0,0.0,0.0,0.0,0.0,3.0,3.0,42.86,121.5,1.0,1.0,14.29,40.5,0.0,0.0,0.0,0.0,1.0,1.0,14.29,40.5,1.0,1.0,14.29,40.5,0.0,0.0,0.0,0.0,1.0,1.0,14.29,40.5,0.0,0.0,0.0,0.0,1.0,1.0,14.29,40.5,0.0,0.0,0.0,0.0,1.0,1.0,14.29,40.5,0.0,0.0,0.0,0.0,42.86,0.0,42.86,189.0,3.0,3.0,42.86,0.89,0.89,1.0,0.65,1.0,,0.33,0.3,0.0,,0.5,0.5,14.29,0.0,0.14,0.0,3.0
2,臺北台新戰神,2|14845,江均/恩多,2,41,45.0,645.41,10.76,10:45,322.7,5.38,05:23,21.0,10.5,46.67,70.28,20.0,10.0,44.44,66.93,17.0,8.5,37.78,56.89,9.0,4.5,20.0,30.12,11.0,5.5,24.44,36.81,8.0,4.0,17.78,26.77,6.0,3.0,13.33,20.08,1.0,0.5,2.22,3.35,5.0,2.5,11.11,16.73,2.0,1.0,4.44,6.69,1.0,0.5,2.22,3.35,9.0,4.5,20.0,30.12,1.0,0.5,2.22,3.35,8.0,4.0,17.78,26.77,2.0,1.0,4.44,6.69,3.0,1.5,6.67,10.04,1.0,0.5,2.22,3.35,0.0,0.0,0.0,0.0,4.0,2.0,8.89,13.39,5.0,2.5,11.11,16.73,46.67,44.44,2.22,100.4,1.0,0.5,2.22,10.76,5.38,0.56,0.55,0.73,0.17,0.4,0.09,0.33,0.11,0.9,0.53,2.22,0.0,0.09,11.11,0.29
2,高雄全家海神,4181|13275,艾德/吳彥侖,1,13,28.0,250.86,4.18,04:11,250.86,4.18,04:11,5.0,5.0,17.86,43.05,11.0,11.0,39.29,94.71,11.0,11.0,39.29,94.71,2.0,2.0,7.14,17.22,9.0,9.0,32.14,77.49,2.0,2.0,7.14,17.22,2.0,2.0,7.14,17.22,0.0,0.0,0.0,0.0,2.0,2.0,7.14,17.22,1.0,1.0,3.57,8.61,8.0,8.0,28.57,68.88,2.0,2.0,7.14,17.22,5.0,5.0,17.86,43.05,1.0,1.0,3.57,8.61,3.0,3.0,10.71,25.83,1.0,1.0,3.57,8.61,2.0,2.0,7.14,17.22,0.0,0.0,0.0,0.0,4.0,4.0,14.29,34.44,2.0,2.0,7.14,17.22,17.86,39.29,-21.43,160.72,-6.0,-6.0,-21.43,4.18,4.18,0.18,0.21,0.22,0.0,0.5,0.2,0.5,0.89,0.29,0.62,7.14,0.0,0.14,7.14,0.18
2,新北中信特攻,44|10878,黃泓瀚/曾信武,1,20,25.0,281.62,4.69,04:42,281.62,4.69,04:42,4.0,4.0,16.0,30.68,10.0,10.0,40.0,76.7,10.0,10.0,40.0,76.7,2.0,2.0,8.0,15.34,8.0,8.0,32.0,61.36,2.0,2.0,8.0,15.34,2.0,2.0,8.0,15.34,0.0,0.0,0.0,0.0,0.0,0.0,0.0,0.0,0.0,0.0,0.0,0.0,3.0,3.0,12.0,23.01,5.0,5.0,20.0,38.35,1.0,1.0,4.0,7.67,6.0,6.0,24.0,46.02,4.0,4.0,16.0,30.68,1.0,1.0,4.0,7.67,3.0,3.0,12.0,23.01,0.0,0.0,0.0,0.0,0.0,0.0,0.0,0.0,2.0,2.0,8.0,15.34,16.0,40.0,-24.0,127.83,-6.0,-6.0,-24.0,4.69,4.69,0.2,0.2,0.25,0.0,,0.29,0.5,0.33,0.83,0.53,12.0,0.0,0.0,8.0,0.0
2,臺北台新戰神,4|14845,張兆辰/恩多,1,45,54.0,782.39,13.04,13:02,782.39,13.04,13:02,24.0,24.0,44.44,66.26,29.0,29.0,53.7,80.06,21.0,21.0,38.89,57.98,11.0,11.0,20.37,30.37,12.0,12.0,22.22,33.13,9.0,9.0,16.67,24.85,9.0,9.0,16.67,24.85,2.0,2.0,3.7,5.52,3.0,3.0,5.56,8.28,0.0,0.0,0.0,0.0,1.0,1.0,1.85,2.76,11.0,11.0,20.37,30.37,4.0,4.0,7.41,11.04,10.0,10.0,18.52,27.61,2.0,2.0,3.7,5.52,6.0,6.0,11.11,16.56,1.0,1.0,1.85,2.76,0.0,0.0,0.0,0.0,3.0,3.0,5.56,8.28,0.0,0.0,0.0,0.0,44.44,53.7,-9.26,99.39,-5.0,-5.0,-9.26,13.04,13.04,0.57,0.54,0.75,0.22,0.0,0.08,0.55,0.09,0.73,0.46,1.85,0.0,0.06,0.0,0.14
2,新竹御嵿攻城獅,82|14843,蕭順議/馬力,1,61,68.0,990.03,16.5,16:30,990.03,16.5,16:30,28.0,28.0,41.18,61.09,34.0,34.0,50.0,74.18,27.0,27.0,39.71,58.91,10.0,10.0,14.71,21.82,17.0,17.0,25.0,37.09,7.0,7.0,10.29,15.27,10.0,10.0,14.71,21.82,3.0,3.0,4.41,6.55,5.0,5.0,7.35,10.91,5.0,5.0,7.35,10.91,4.0,4.0,5.88,8.73,13.0,13.0,19.12,28.36,2.0,2.0,2.94,4.36,13.0,13.0,19.12,28.36,6.0,6.0,8.82,13.09,8.0,8.0,11.76,17.45,6.0,6.0,8.82,13.09,0.0,0.0,0.0,0.0,8.0,8.0,11.76,17.45,9.0,9.0,13.24,19.64,41.18,50.0,-8.82,98.91,-6.0,-6.0,-8.82,16.5,16.5,0.43,0.48,0.41,0.3,1.0,0.17,0.8,0.24,0.87,0.53,8.82,0.0,0.12,13.24,0.19
