lineup_size,team_name,lineup_player_ids,lineup_player_names,games_used,stint_count,possessions,sec_played,min_played,min_played_str,sec_per_game,min_per_game,min_per_game_str,PTS,PTS_per_game,PTS_per100,PTS_per36,PTS_allowed,PTS_allowed_per_game,PTS_allowed_per100,PTS_allowed_per36,FGA,FGA_per_game,FGA_per100,FGA_per36,FGM,FGM_per_game,FGM_per100,FGM_per36,2PA,2PA_per_game,2PA_per100,2PA_per36,2PM,2PM_per_game,2PM_per100,2PM_per36,3PA,3PA_per_game,3PA_per100,3PA_per36,3PM,3PM_per_game,3PM_per100,3PM_per36,FTA,FTA_per_game,FTA_per100,FTA_per36,FTM,FTM_per_game,FTM_per100,FTM_per36,ORB,ORB_per_game,ORB_per100,ORB_per36,DRB,DRB_per_game,DRB_per100,DRB_per36,ORB_allowed,ORB_allowed_per_game,ORB_allowed_per100,ORB_allowed_per36,DRB_allowed,DRB_allowed_per_game,DRB_allowed_per100,DRB_allowed_per36,TOV,TOV_per_game,TOV_per100,TOV_per36,AST,AST_per_game,AST_per100,AST_per36,STL,STL_per_game,STL_per100,STL_per36,BLK,BLK_per_game,BLK_per100,BLK_per36,Fouls,Fouls_per_game,Fouls_per100,Fouls_per36,FT_allowed,FT_allowed_per_game,FT_allowed_per100,FT_allowed_per36,ORtg,DRtg,NetRtg,PACE,PM_total,PM_per_game,PM_per100,MIN_total,MIN_per_game,eFG,TS,FG2_pct,FG3_pct,FT_pct,TOV_pct,AST_ratio,ORB_pct,DRB_pct,TRB_pct,STL_pct,BLK_pct,Foul_per_poss,FT_allowed_rate_per100,FT_rate
3,新北中信特攻,40|43|10877,謝亞軒/林韋翰/阿巴西,1,64,81.0,1106.54,18.44,18:27,1106.54,18.44,18:27,42.0,42.0,51.85,81.99,21.0,21.0,25.93,40.99,35.0,35.0,43.21,68.32,18.0,18.0,22.22,35.14,24.0,24.0,29.63,46.85,14.0,14.0,17.28,27.33,11.0,11.0,13.58,21.47,4.0,4.0,4.94,7.81,3.0,3.0,3.7,5.86,2.0,2.0,2.47,3.9,9.0,9.0,11.11,17.57,9.0,9.0,11.11,17.57,7.0,7.0,8.64,13.66,13.0,13.0,16.05,25.38,4.0,4.0,4.94,7.81,10.0,10.0,12.35,19.52,1.0,1.0,1.23,1.95,2.0,2.0,2.47,3.9,7.0,7.0,8.64,13.66,2.0,2.0,2.47,3.9,51.85,25.93,25.93,105.41,21.0,21.0,25.93,18.44,18.44,0.57,0.58,0.58,0.36,0.67,0.1,0.56,0.41,0.56,0.47,1.23,2.47,0.09,2.47,0.09
3,新北中信特攻,40|43|10880,謝亞軒/林韋翰/內馬,1,47,59.0,808.25,13.47,13:28,808.25,13.47,13:28,33.0,33.0,55.93,88.19,14.0,14.0,23.73,37.41,27.0,27.0,45.76,72.16,15.0,15.0,25.42,40.09,20.0,20.0,33.9,53.45,13.0,13.0,22.03,34.74,7.0,7.0,11.86,18.71,2.0,2.0,3.39,5.34,1.0,1.0,1.69,2.67,1.0,1.0,1.69,2.67,6.0,6.0,10.17,16.03,5.0,5.0,8.47,13.36,5.0,5.0,8.47,13.36,11.0,11.0,18.64,29.4,3.0,3.0,5.08,8.02,8.0,8.0,13.56,21.38,1.0,1.0,1.69,2.67,2.0,2.0,3.39,5.34,5.0,5.0,8.47,13.36,1.0,1.0,1.69,2.67,55.93,23.73,32.2,105.12,19.0,19.0,32.2,13.47,13.47,0.59,0.6,0.65,0.29,1.0,0.1,0.53,0.35,0.5,0.41,1.69,3.39,0.08,1.69,0.04
3,新北中信特攻,40|43|10881,謝亞軒/林韋翰/飛克,1,64,81.0,1106.54,18.44,18:27,1106.54,18.44,18:27,42.0,42.0,51.85,81.99,21.0,21.0,25.93,40.99,35.0,35.0,43.21,68.32,18.0,18.0,22.22,35.14,24.0,24.0,29.63,46.85,14.0,14.0,17.28,27.33,11.0,11.0,13.58,21.47,4.0,4.0,4.94,7.81,3.0,3.0,3.7,5.86,2.0,2.0,2.47,3.9,9.0,9.0,11.11,17.57,9.0,9.0,11.11,17.57,7.0,7.0,8.64,13.66,13.0,13.0,16.05,25.38,4.0,4.0,4.94,7.81,10.0,10.0,12.35,19.52,1.0,1.0,1.23,1.95,2.0,2.0,2.47,3.9,7.0,7.0,8.64,13.66,2.0,2.0,2.47,3.9,51.85,25.93,25.93,105.41,21.0,21.0,25.93,18.44,18.44,0.57,0.58,0.58,0.36,0.67,0.1,0.56,0.41,0.56,0.47,1.23,2.47,0.09,2.47,0.09
3,新北中信特攻,40|10877|10880,謝亞軒/阿巴西/內馬,1,65,81.0,1093.61,18.23,18:14,1093.61,18.23,18:14,45.0,45.0,55.56,88.88,21.0,21.0,25.93,41.48,37.0,37.0,45.68,73.08,21.0,21.0,25.93,41.48,28.0,28.0,34.57,55.3,19.0,19.0,23.46,37.53,9.0,9.0,11.11,17.78,2.0,2.0,2.47,3.95,1.0,1.0,1.23,1.98,1.0,1.0,1.23,1.98,8.0,8.0,9.88,15.8,7.0,7.0,8.64,13.83,7.0,7.0,8.64,13.83,15.0,15.0,18.52,29.63,3.0,3.0,3.7,5.93,11.0,11.0,13.58,21.73,1.0,1.0,1.23,1.98,2.0,2.0,2.47,3.95,6.0,6.0,7.41,11.85,3.0,3.0,3.7,5.93,55.56,25.93,29.63,106.66,24.0,24.0,29.63,18.23,18.23,0.59,0.6,0.68,0.22,1.0,0.07,0.52,0.35,0.5,0.41,1.23,2.47,0.07,3.7,0.03
3,新北中信特攻,40|10877|10881,謝亞軒/阿巴西/飛克,1,104,126.0,1804.61,30.08,30:05,1804.61,30.08,30:05,67.0,67.0,53.17,80.19,27.0,27.0,21.43,32.32,52.0,52.0,41.27,62.24,28.0,28.0,22.22,33.51,36.0,36.0,28.57,43.09,23.0,23.0,18.25,27.53,16.0,16.0,12.7,19.15,5.0,5.0,3.97,5.98,9.0,9.0,7.14,10.77,6.0,6.0,4.76,7.18,12.0,12.0,9.52,14.36,14.0,14.0,11.11,16.76,10.0,10.0,7.94,11.97,26.0,26.0,20.63,31.12,7.0,7.0,5.56,8.38,17.0,17.0,13.49,20.35,2.0,2.0,1.59,2.39,3.0,3.0,2.38,3.59,11.0,11.0,8.73,13.17,4.0,4.0,3.17,4.79,53.17,21.43,31.75,100.54,40.0,40.0,31.75,30.08,30.08,0.59,0.6,0.64,0.31,0.67,0.11,0.61,0.32,0.58,0.42,1.59,2.38,0.09,3.17,0.17
3,新北中信特攻,40|10880|10881,謝亞軒/內馬/飛克,1,55,67.0,944.35,15.74,15:44,944.35,15.74,15:44,39.0,39.0,58.21,89.2,16.0,16.0,23.88,36.6,31.0,31.0,46.27,70.91,18.0,18.0,26.87,41.17,23.0,23.0,34.33,52.61,16.0,16.0,23.88,36.6,8.0,8.0,11.94,18.3,2.0,2.0,2.99,4.57,1.0,1.0,1.49,2.29,1.0,1.0,1.49,2.29,6.0,6.0,8.96,13.72,6.0,6.0,8.96,13.72,5.0,5.0,7.46,11.44,13.0,13.0,19.4,29.73,3.0,3.0,4.48,6.86,9.0,9.0,13.43,20.59,1.0,1.0,1.49,2.29,2.0,2.0,2.99,4.57,6.0,6.0,8.96,13.72,1.0,1.0,1.49,2.29,58.21,23.88,34.33,102.17,23.0,23.0,34.33,15.74,15.74,0.61,0.62,0.7,0.25,1.0,0.09,0.5,0.32,0.55,0.4,1.49,2.99,0.09,1.49,0.03
3,新北中信特攻,43|10877|10880,林韋翰/阿巴西/內馬,1,47,59.0,808.25,13.47,13:28,808.25,13.47,13:28,33.0,33.0,55.93,88.19,14.0,14.0,23.73,37.41,27.0,27.0,45.76,72.16,15.0,15.0,25.42,40.09,20.0,20.0,33.9,53.45,13.0,13.0,22.03,34.74,7.0,7.0,11.86,18.71,2.0,2.0,3.39,5.34,1.0,1.0,1.69,2.67,1.0,1.0,1.69,2.67,6.0,6.0,10.17,16.03,5.0,5.0,8.47,13.36,5.0,5.0,8.47,13.36,11.0,11.0,18.64,29.4,3.0,3.0,5.08,8.02,8.0,8.0,13.56,21.38,1.0,1.0,1.69,2.67,2.0,2.0,3.39,5.34,5.0,5.0,8.47,13.36,1.0,1.0,1.69,2.67,55.93,23.73,32.2,105.12,19.0,19.0,32.2,13.47,13.47,0.59,0.6,0.65,0.29,1.0,0.1,0.53,0.35,0.5,0.41,1.69,3.39,0.08,1.69,0.04
3,新北中信特攻,43|10877|10881,林韋翰/阿巴西/飛克,1,64,81.0,1106.54,18.44,18:27,1106.54,18.44,18:27,42.0,42.0,51.85,81.99,21.0,21.0,25.93,40.99,35.0,35.0,43.21,68.32,18.0,18.0,22.22,35.14,24.0,24.0,29.63,46.85,14.0,14.0,17.28,27.33,11.0,11.0,13.58,21.47,4.0,4.0,4.94,7.81,3.0,3.0,3.7,5.86,2.0,2.0,2.47,3.9,9.0,9.0,11.11,17.57,9.0,9.0,11.11,17.57,7.0,7.0,8.64,13.66,13.0,13.0,16.05,25.38,4.0,4.0,4.94,7.81,10.0,10.0,12.35,19.52,1.0,1.0,1.23,1.95,2.0,2.0,2.47,3.9,7.0,7.0,8.64,13.66,2.0,2.0,2.47,3.9,51.85,25.93,25.93,105.41,21.0,21.0,25.93,18.44,18.44,0.57,0.58,0.58,0.36,0.67,0.1,0.56,0.41,0.56,0.47,1.23,2.47,0.09,2.47,0.09
3,新北中信特攻,43|10880|10881,林韋翰/內馬/飛克,1,47,59.0,808.25,13.47,13:28,808.25,13.47,13:28,33.0,33.0,55.93,88.19,14.0,14.0,23.73,37.41,27.0,27.0,45.76,72.16,15.0,15.0,25.42,40.09,20.0,20.0,33.9,53.45,13.0,13.0,22.03,34.74,7.0,7.0,11.86,18.71,2.0,2.0,3.39,5.34,1.0,1.0,1.69,2.67,1.0,1.0,1.69,2.67,6.0,6.0,10.17,16.03,5.0,5.0,8.47,13.36,5.0,5.0,8.47,13.36,11.0,11.0,18.64,29.4,3.0,3.0,5.08,8.02,8.0,8.0,13.56,21.38,1.0,1.0,1.69,2.67,2.0,2.0,3.39,5.34,5.0,5.0,8.47,13.36,1.0,1.0,1.69,2.67,55.93,23.73,32.2,105.12,19.0,19.0,32.2,13.47,13.47,0.59,0.6,0.65,0.29,1.0,0.1,0.53,0.35,0.5,0.41,1.69,3.39,0.08,1.69,0.04
3,新北中信特攻,10877|10880|10881,阿巴西/內馬/飛克,1,55,67.0,944.35,15.74,15:44,944.35,15.74,15:44,39.0,39.0,58.21,89.2,16.0,16.0,23.88,36.6,31.0,31.0,46.27,70.91,18.0,18.0,26.87,41.17,23.0,23.0,34.33,52.61,16.0,16.0,23.88,36.6,8.0,8.0,11.94,18.3,2.0,2.0,2.99,4.57,1.0,1.0,1.49,2.29,1.0,1.0,1.49,2.29,6.0,6.0,8.96,13.72,6.0,6.0,8.96,13.72,5.0,5.0,7.46,11.44,13.0,13.0,19.4,29.73,3.0,3.0,4.48,6.86,9.0,9.0,13.43,20.59,1.0,1.0,1.49,2.29,2.0,2.0,2.99,4.57,6.0,6.0,8.96,13.72,1.0,1.0,1.49,2.29,58.21,23.88,34.33,102.17,23.0,23.0,34.33,15.74,15.74,0.61,0.62,0.7,0.25,1.0,0.09,0.5,0.32,0.55,0.4,1.49,2.99,0.09,1.49,0.03
3,新北國王,24|28|29,蘇士軒/呂政儒/林書緯,1,9,13.0,147.0,2.45,02:27,147.0,2.45,02:27,3.0,3.0,23.08,44.08,9.0,9.0,69.23,132.24,3.0,3.0,23.08,44.08,1.0,1.0,7.69,14.69,1.0,1.0,7.69,14.69,0.0,0.0,0.0,0.0,2.0,2.0,15.38,29.39,1.0,1.0,7.69,14.69,0.0,0.0,0.0,0.0,0.0,0.0,0.0,0.0,1.0,1.0,7.69,14.69,1.0,1.0,7.69,14.69,2.0,2.0,15.38,29.39,1.0,1.0,7.69,14.69,3.0,3.0,23.08,44.08,1.0,1.0,7.69,14.69,3.0,3.0,23.08,44.08,0.0,0.0,0.0,0.0,1.0,1.0,7.69,14.69,0.0,0.0,0.0,0.0,23.08,69.23,-46.15,127.35,-6.0,-6.0,-46.15,2.45,2.45,0.5,0.5,0.0,0.5,,0.5,1.0,0.5,0.33,0.4,23.08,0.0,0.08,0.0,0.0
3,新北國王,24|28|34,蘇士軒/呂政儒/沃許本,1,9,13.0,147.0,2.45,02:27,147.0,2.45,02:27,3.0,3.0,23.08,44.08,9.0,9.0,69.23,132.24,3.0,3.0,23.08,44.08,1.0,1.0,7.69,14.69,1.0,1.0,7.69,14.69,0.0,0.0,0.0,0.0,2.0,2.0,15.38,29.39,1.0,1.0,7.69,14.69,0.0,0.0,0.0,0.0,0.0,0.0,0.0,0.0,1.0,1.0,7.69,14.69,1.0,1.0,7.69,14.69,2.0,2.0,15.38,29.39,1.0,1.0,7.69,14.69,3.0,3.0,23.08,44.08,1.0,1.0,7.69,14.69,3.0,3.0,23.08,44.08,0.0,0.0,0.0,0.0,1.0,1.0,7.69,14.69,0.0,0.0,0.0,0.0,23.08,69.23,-46.15,127.35,-6.0,-6.0,-46.15,2.45,2.45,0.5,0.5,0.0,0.5,,0.5,1.0,0.5,0.33,0.4,23.08,0.0,0.08,0.0,0.0
3,新北國王,24|28|13029,蘇士軒/呂政儒/杰倫,1,9,13.0,147.0,2.45,02:27,147.0,2.45,02:27,3.0,3.0,23.08,44.08,9.0,9.0,69.23,132.24,3.0,3.0,23.08,44.08,1.0,1.0,7.69,14.69,1.0,1.0,7.69,14.69,0.0,0.0,0.0,0.0,2.0,2.0,15.38,29.39,1.0,1.0,7.69,14.69,0.0,0.0,0.0,0.0,0.0,0.0,0.0,0.0,1.0,1.0,7.69,14.69,1.0,1.0,7.69,14.69,2.0,2.0,15.38,29.39,1.0,1.0,7.69,14.69,3.0,3.0,23.08,44.08,1.0,1.0,7.69,14.69,3.0,3.0,23.08,44.08,0.0,0.0,0.0,0.0,1.0,1.0,7.69,14.69,0.0,0.0,0.0,0.0,23.08,69.23,-46.15,127.35,-6.0,-6.0,-46.15,2.45,2.45,0.5,0.5,0.0,0.5,,0.5,1.0,0.5,0.33,0.4,23.08,0.0,0.08,0.0,0.0
3,新北國王,24|29|34,蘇士軒/林書緯/沃許本,1,29,36.0,483.38,8.06,08:03,483.38,8.06,08:03,11.0,11.0,30.56,49.15,18.0,18.0,50.0,80.43,13.0,13.0,36.11,58.09,5.0,5.0,13.89,22.34,9.0,9.0,25.0,40.22,4.0,4.0,11.11,17.87,4.0,4.0,11.11,17.87,1.0,1.0,2.78,4.47,0.0,0.0,0.0,0.0,0.0,0.0,0.0,0.0,3.0,3.0,8.33,13.41,5.0,5.0,13.89,22.34,3.0,3.0,8.33,13.41,5.0,5.0,13.89,22.34,5.0,5.0,13.89,22.34,1.0,1.0,2.78,4.47,5.0,5.0,13.89,22.34,0.0,0.0,0.0,0.0,4.0,4.0,11.11,17.87,1.0,1.0,2.78,4.47,30.56,50.0,-19.44,107.24,-7.0,-7.0,-19.44,8.06,8.06,0.42,0.42,0.44,0.25,,0.28,0.2,0.38,0.62,0.5,13.89,0.0,0.11,2.78,0.0
3,新北國王,24|29|13029,蘇士軒/林書緯/杰倫,1,32,39.0,512.38,8.54,08:32,512.38,8.54,08:32,14.0,14.0,35.9,59.02,18.0,18.0,46.15,75.88,14.0,14.0,35.9,59.02,6.0,6.0,15.38,25.29,9.0,9.0,23.08,37.94,4.0,4.0,10.26,16.86,5.0,5.0,12.82,21.08,2.0,2.0,5.13,8.43,0.0,0.0,0.0,0.0,0.0,0.0,0.0,0.0,3.0,3.0,7.69,12.65,5.0,5.0,12.82,21.08,3.0,3.0,7.69,12.65,6.0,6.0,15.38,25.29,5.0,5.0,12.82,21.08,2.0,2.0,5.13,8.43,5.0,5.0,12.82,21.08,0.0,0.0,0.0,0.0,4.0,4.0,10.26,16.86,1.0,1.0,2.56,4.22,35.9,46.15,-10.26,109.61,-4.0,-4.0,-10.26,8.54,8.54,0.5,0.5,0.44,0.4,,0.26,0.33,0.33,0.62,0.47,12.82,0.0,0.1,2.56,0.0
3,新北國王,24|34|13029,蘇士軒/沃許本/杰倫,1,53,68.0,926.83,15.45,15:27,926.83,15.45,15:27,22.0,22.0,32.35,51.27,36.0,36.0,52.94,83.9,24.0,24.0,35.29,55.93,10.0,10.0,14.71,23.31,14.0,14.0,20.59,32.63,8.0,8.0,11.76,18.64,10.0,10.0,14.71,23.31,2.0,2.0,2.94,4.66,4.0,4.0,5.88,9.32,2.0,2.0,2.94,4.66,5.0,5.0,7.35,11.65,10.0,10.0,14.71,23.31,8.0,8.0,11.76,18.64,10.0,10.0,14.71,23.31,6.0,6.0,8.82,13.98,1.0,1.0,1.47,2.33,5.0,5.0,7.35,11.65,0.0,0.0,0.0,0.0,8.0,8.0,11.76,18.64,2.0,2.0,2.94,4.66,32.35,52.94,-20.59,105.65,-14.0,-14.0,-20.59,15.45,15.45,0.46,0.43,0.57,0.2,0.5,0.19,0.1,0.33,0.56,0.45,7.35,0.0,0.12,2.94,0.17
3,新北國王,28|29|34,呂政儒/林書緯/沃許本,1,26,32.0,398.57,6.64,06:39,398.57,6.64,06:39,10.0,10.0,31.25,54.19,15.0,15.0,46.88,81.29,11.0,11.0,34.38,59.61,3.0,3.0,9.38,16.26,6.0,6.0,18.75,32.52,2.0,2.0,6.25,10.84,5.0,5.0,15.62,27.1,1.0,1.0,3.12,5.42,3.0,3.0,9.38,16.26,3.0,3.0,9.38,16.26,3.0,3.0,9.38,16.26,5.0,5.0,15.62,27.1,3.0,3.0,9.38,16.26,4.0,4.0,12.5,21.68,4.0,4.0,12.5,21.68,2.0,2.0,6.25,10.84,4.0,4.0,12.5,21.68,0.0,0.0,0.0,0.0,2.0,2.0,6.25,10.84,0.0,0.0,0.0,0.0,31.25,46.88,-15.62,115.61,-5.0,-5.0,-15.62,6.64,6.64,0.32,0.41,0.33,0.2,1.0,0.25,0.67,0.43,0.62,0.53,12.5,0.0,0.06,0.0,0.27
3,新北國王,28|29|13029,呂政儒/林書緯/杰倫,1,24,30.0,383.88,6.4,06:24,383.88,6.4,06:24,7.0,7.0,23.33,39.39,16.0,16.0,53.33,90.03,9.0,9.0,30.0,50.64,2.0,2.0,6.67,11.25,3.0,3.0,10.0,16.88,1.0,1.0,3.33,5.63,6.0,6.0,20.0,33.76,1.0,1.0,3.33,5.63,2.0,2.0,6.67,11.25,2.0,2.0,6.67,11.25,2.0,2.0,6.67,11.25,5.0,5.0,16.67,28.13,3.0,3.0,10.0,16.88,5.0,5.0,16.67,28.13,4.0,4.0,13.33,22.51,2.0,2.0,6.67,11.25,4.0,4.0,13.33,22.51,0.0,0.0,0.0,0.0,2.0,2.0,6.67,11.25,2.0,2.0,6.67,11.25,23.33,53.33,-30.0,112.54,-9.0,-9.0,-30.0,6.4,6.4,0.28,0.35,0.33,0.17,1.0,0.29,1.0,0.29,0.62,0.47,13.33,0.0,0.07,6.67,0.22
3,新北國王,28|34|13029,呂政儒/沃許本/杰倫,1,15,20.0,239.0,3.98,03:59,239.0,3.98,03:59,5.0,5.0,25.0,45.19,12.0,12.0,60.0,108.45,5.0,5.0,25.0,45.19,1.0,1.0,5.0,9.04,2.0,2.0,10.0,18.08,0.0,0.0,0.0,0.0,3.0,3.0,15.0,27.11,1.0,1.0,5.0,9.04,2.0,2.0,10.0,18.08,2.0,2.0,10.0,18.08,2.0,2.0,10.0,18.08,2.0,2.0,10.0,18.08,2.0,2.0,10.0,18.08,3.0,3.0,15.0,27.11,4.0,4.0,20.0,36.15,1.0,1.0,5.0,9.04,4.0,4.0,20.0,36.15,0.0,0.0,0.0,0.0,2.0,2.0,10.0,18.08,0.0,0.0,0.0,0.0,25.0,60.0,-35.0,120.5,-7.0,-7.0,-35.0,3.98,3.98,0.3,0.43,0.0,0.33,1.0,0.4,1.0,0.4,0.5,0.44,20.0,0.0,0.1,0.0,0.4
3,新北國王,29|34|13029,林書緯/沃許本/杰倫,1,45,54.0,720.38,12.01,12:00,720.38,12.01,12:00,17.0,17.0,31.48,50.97,24.0,24.0,44.44,71.96,21.0,21.0,38.89,62.97,7.0,7.0,12.96,20.99,13.0,13.0,24.07,38.98,6.0,6.0,11.11,17.99,8.0,8.0,14.81,23.99,1.0,1.0,1.85,3.0,2.0,2.0,3.7,6.0,2.0,2.0,3.7,6.0,6.0,6.0,11.11,17.99,8.0,8.0,14.81,23.99,3.0,3.0,5.56,9.0,8.0,8.0,14.81,23.99,6.0,6.0,11.11,17.99,2.0,2.0,3.7,6.0,6.0,6.0,11.11,17.99,0.0,0.0,0.0,0.0,5.0,5.0,9.26,14.99,1.0,1.0,1.85,3.0,31.48,44.44,-12.96,107.94,-7.0,-7.0,-12.96,12.01,12.01,0.36,0.39,0.46,0.12,1.0,0.22,0.29,0.43,0.73,0.56,11.11,0.0,0.09,1.85,0.1
3,新北國王,21|29|32,李愷諺/林書緯/奧帝,1,27,36.0,435.49,7.26,07:15,435.49,7.26,07:15,10.0,10.0,27.78,49.6,20.0,20.0,55.56,99.2,11.0,11.0,30.56,54.56,3.0,3.0,8.33,14.88,5.0,5.0,13.89,24.8,2.0,2.0,5.56,9.92,6.0,6.0,16.67,29.76,1.0,1.0,2.78,4.96,6.0,6.0,16.67,29.76,3.0,3.0,8.33,14.88,5.0,5.0,13.89,24.8,5.0,5.0,13.89,24.8,2.0,2.0,5.56,9.92,3.0,3.0,8.33,14.88,5.0,5.0,13.89,24.8,2.0,2.0,5.56,9.92,5.0,5.0,13.89,24.8,1.0,1.0,2.78,4.96,4.0,4.0,11.11,19.84,1.0,1.0,2.78,4.96,27.78,55.56,-27.78,119.04,-10.0,-10.0,-27.78,7.26,7.26,0.32,0.37,0.4,0.17,0.5,0.27,0.67,0.62,0.71,0.67,13.89,2.78,0.11,2.78,0.55
3,新北國王,21|29|34,李愷諺/林書緯/沃許本,1,26,30.0,420.3,7.01,07:00,420.3,7.01,07:00,11.0,11.0,36.67,56.53,12.0,12.0,40.0,61.67,12.0,12.0,40.0,61.67,4.0,4.0,13.33,20.56,6.0,6.0,20.0,30.83,3.0,3.0,10.0,15.42,6.0,6.0,20.0,30.83,1.0,1.0,3.33,5.14,2.0,2.0,6.67,10.28,2.0,2.0,6.67,10.28,3.0,3.0,10.0,15.42,5.0,5.0,16.67,25.7,1.0,1.0,3.33,5.14,6.0,6.0,20.0,30.83,2.0,2.0,6.67,10.28,2.0,2.0,6.67,10.28,2.0,2.0,6.67,10.28,0.0,0.0,0.0,0.0,3.0,3.0,10.0,15.42,0.0,0.0,0.0,0.0,36.67,40.0,-3.33,102.78,-1.0,-1.0,-3.33,7.01,7.01,0.38,0.43,0.5,0.17,1.0,0.13,0.5,0.33,0.83,0.53,6.67,0.0,0.1,0.0,0.17
3,新北國王,21|29|10874,李愷諺/林書緯/熊祥泰,1,20,23.0,349.39,5.82,05:49,349.39,5.82,05:49,12.0,12.0,52.17,74.19,7.0,7.0,30.43,43.28,9.0,9.0,39.13,55.64,4.0,4.0,17.39,24.73,4.0,4.0,17.39,24.73,3.0,3.0,13.04,18.55,5.0,5.0,21.74,30.91,1.0,1.0,4.35,6.18,4.0,4.0,17.39,24.73,3.0,3.0,13.04,18.55,2.0,2.0,8.7,12.36,3.0,3.0,13.04,18.55,1.0,1.0,4.35,6.18,4.0,4.0,17.39,24.73,1.0,1.0,4.35,6.18,3.0,3.0,13.04,18.55,1.0,1.0,4.35,6.18,0.0,0.0,0.0,0.0,3.0,3.0,13.04,18.55,0.0,0.0,0.0,0.0,52.17,30.43,21.74,94.79,5.0,5.0,21.74,5.82,5.82,0.5,0.56,0.75,0.2,0.75,0.09,0.75,0.33,0.75,0.5,4.35,0.0,0.13,0.0,0.44
3,新北國王,21|32|34,李愷諺/奧帝/沃許本,1,21,26.0,378.4,6.31,06:18,378.4,6.31,06:18,7.0,7.0,26.92,39.96,12.0,12.0,46.15,68.5,10.0,10.0,38.46,57.08,3.0,3.0,11.54,17.12,4.0,4.0,15.38,22.83,2.0,2.0,7.69,11.42,6.0,6.0,23.08,34.25,1.0,1.0,3.85,5.71,0.0,0.0,0.0,0.0,0.0,0.0,0.0,0.0,1.0,1.0,3.85,5.71,6.0,6.0,23.08,34.25,1.0,1.0,3.85,5.71,4.0,4.0,15.38,22.83,2.0,2.0,7.69,11.42,2.0,2.0,7.69,11.42,1.0,1.0,3.85,5.71,0.0,0.0,0.0,0.0,3.0,3.0,11.54,17.12,0.0,0.0,0.0,0.0,26.92,46.15,-19.23,98.94,-5.0,-5.0,-19.23,6.31,6.31,0.35,0.35,0.5,0.17,,0.17,0.67,0.2,0.86,0.58,3.85,0.0,0.12,0.0,0.0
3,新北國王,21|32|10874,李愷諺/奧帝/熊祥泰,1,32,39.0,546.73,9.11,09:07,546.73,9.11,09:07,14.0,14.0,35.9,55.31,19.0,19.0,48.72,75.06,14.0,14.0,35.9,55.31,5.0,5.0,12.82,19.75,6.0,6.0,15.38,23.7,4.0,4.0,10.26,15.8,8.0,8.0,20.51,31.61,1.0,1.0,2.56,3.95,4.0,4.0,10.26,15.8,3.0,3.0,7.69,11.85,3.0,3.0,7.69,11.85,7.0,7.0,17.95,27.66,1.0,1.0,2.56,3.95,5.0,5.0,12.82,19.75,3.0,3.0,7.69,11.85,4.0,4.0,10.26,15.8,1.0,1.0,2.56,3.95,0.0,0.0,0.0,0.0,5.0,5.0,12.82,19.75,2.0,2.0,5.13,7.9,35.9,48.72,-12.82,102.72,-5.0,-5.0,-12.82,9.11,9.11,0.39,0.44,0.67,0.12,0.75,0.16,0.8,0.38,0.88,0.62,2.56,0.0,0.13,5.13,0.29
3,新北國王,21|34|10874,李愷諺/沃許本/熊祥泰,1,34,41.0,695.72,11.6,11:36,695.72,11.6,11:36,11.0,11.0,26.83,34.15,21.0,21.0,51.22,65.2,18.0,18.0,43.9,55.88,5.0,5.0,12.2,15.52,7.0,7.0,17.07,21.73,4.0,4.0,9.76,12.42,11.0,11.0,26.83,34.15,1.0,1.0,2.44,3.1,0.0,0.0,0.0,0.0,0.0,0.0,0.0,0.0,2.0,2.0,4.88,6.21,9.0,9.0,21.95,27.94,3.0,3.0,7.32,9.31,5.0,5.0,12.2,15.52,1.0,1.0,2.44,3.1,3.0,3.0,7.32,9.31,0.0,0.0,0.0,0.0,0.0,0.0,0.0,0.0,3.0,3.0,7.32,9.31,0.0,0.0,0.0,0.0,26.83,51.22,-24.39,84.86,-10.0,-10.0,-24.39,11.6,11.6,0.31,0.31,0.57,0.09,,0.05,0.6,0.29,0.75,0.58,0.0,0.0,0.07,0.0,0.0
3,新北國王,29|32|34,林書緯/奧帝/沃許本,1,26,32.0,446.07,7.43,07:26,446.07,7.43,07:26,12.0,12.0,37.5,58.11,13.0,13.0,40.62,62.95,14.0,14.0,43.75,67.79,5.0,5.0,15.62,24.21,7.0,7.0,21.88,33.9,4.0,4.0,12.5,19.37,7.0,7.0,21.88,33.9,1.0,1.0,3.12,4.84,1.0,1.0,3.12,4.84,1.0,1.0,3.12,4.84,3.0,3.0,9.38,14.53,6.0,6.0,18.75,29.05,3.0,3.0,9.38,14.53,4.0,4.0,12.5,19.37,2.0,2.0,6.25,9.68,2.0,2.0,6.25,9.68,1.0,1.0,3.12,4.84,0.0,0.0,0.0,0.0,3.0,3.0,9.38,14.53,2.0,2.0,6.25,9.68,37.5,40.62,-3.12,103.3,-1.0,-1.0,-3.12,7.43,7.43,0.39,0.42,0.57,0.14,1.0,0.12,0.4,0.43,0.67,0.56,3.12,0.0,0.09,6.25,0.07
3,新北國王,29|32|10874,林書緯/奧帝/熊祥泰,1,25,31.0,432.56,7.21,07:13,432.56,7.21,07:13,15.0,15.0,48.39,74.9,11.0,11.0,35.48,54.93,13.0,13.0,41.94,64.92,5.0,5.0,16.13,24.97,4.0,4.0,12.9,19.97,3.0,3.0,9.68,14.98,9.0,9.0,29.03,44.94,2.0,2.0,6.45,9.99,4.0,4.0,12.9,19.97,3.0,3.0,9.68,14.98,4.0,4.0,12.9,19.97,5.0,5.0,16.13,24.97,2.0,2.0,6.45,9.99,4.0,4.0,12.9,19.97,2.0,2.0,6.45,9.99,3.0,3.0,9.68,14.98,1.0,1.0,3.23,4.99,0.0,0.0,0.0,0.0,4.0,4.0,12.9,19.97,2.0,2.0,6.45,9.99,48.39,35.48,12.9,103.2,4.0,4.0,12.9,7.21,7.21,0.46,0.51,0.75,0.22,0.75,0.12,0.6,0.5,0.71,0.6,3.23,0.0,0.13,6.45,0.31
3,新北國王,29|34|10874,林書緯/沃許本/熊祥泰,1,29,35.0,492.32,8.21,08:12,492.32,8.21,08:12,11.0,11.0,31.43,48.26,15.0,15.0,42.86,65.81,15.0,15.0,42.86,65.81,5.0,5.0,14.29,21.94,7.0,7.0,20.0,30.71,4.0,4.0,11.43,17.55,8.0,8.0,22.86,35.1,1.0,1.0,2.86,4.39,0.0,0.0,0.0,0.0,0.0,0.0,0.0,0.0,3.0,3.0,8.57,13.16,6.0,6.0,17.14,26.32,3.0,3.0,8.57,13.16,5.0,5.0,14.29,21.94,3.0,3.0,8.57,13.16,2.0,2.0,5.71,8.77,2.0,2.0,5.71,8.77,0.0,0.0,0.0,0.0,4.0,4.0,11.43,17.55,3.0,3.0,8.57,13.16,31.43,42.86,-11.43,102.37,-4.0,-4.0,-11.43,8.21,8.21,0.37,0.37,0.57,0.12,,0.17,0.4,0.38,0.67,0.53,5.71,0.0,0.11,8.57,0.0
3,新北國王,32|34|10874,奧帝/沃許本/熊祥泰,1,26,33.0,483.56,8.06,08:04,483.56,8.06,08:04,9.0,9.0,27.27,40.2,14.0,14.0,42.42,62.54,15.0,15.0,45.45,67.0,4.0,4.0,12.12,17.87,5.0,5.0,15.15,22.33,3.0,3.0,9.09,13.4,10.0,10.0,30.3,44.67,1.0,1.0,3.03,4.47,0.0,0.0,0.0,0.0,0.0,0.0,0.0,0.0,3.0,3.0,9.09,13.4,8.0,8.0,24.24,35.73,2.0,2.0,6.06,8.93,4.0,4.0,12.12,17.87,2.0,2.0,6.06,8.93,2.0,2.0,6.06,8.93,0.0,0.0,0.0,0.0,0.0,0.0,0.0,0.0,4.0,4.0,12.12,17.87,2.0,2.0,6.06,8.93,27.27,42.42,-15.15,98.27,-5.0,-5.0,-15.15,8.06,8.06,0.3,0.3,0.6,0.1,,0.12,0.5,0.43,0.8,0.65,0.0,0.0,0.12,6.06,0.0
3,新北中信特攻,40|10877|10879,謝亞軒/阿巴西/簡廷兆,1,40,48.0,683.77,11.4,11:24,683.77,11.4,11:24,27.0,27.0,56.25,85.29,10.0,10.0,20.83,31.59,19.0,19.0,39.58,60.02,11.0,11.0,22.92,34.75,14.0,14.0,29.17,44.23,10.0,10.0,20.83,31.59,5.0,5.0,10.42,15.79,1.0,1.0,2.08,3.16,4.0,4.0,8.33,12.64,4.0,4.0,8.33,12.64,4.0,4.0,8.33,12.64,4.0,4.0,8.33,12.64,5.0,5.0,10.42,15.79,10.0,10.0,20.83,31.59,3.0,3.0,6.25,9.48,7.0,7.0,14.58,22.11,1.0,1.0,2.08,3.16,1.0,1.0,2.08,3.16,3.0,3.0,6.25,9.48,2.0,2.0,4.17,6.32,56.25,20.83,35.42,101.09,17.0,17.0,35.42,11.4,11.4,0.61,0.65,0.71,0.2,1.0,0.13,0.64,0.29,0.44,0.35,2.08,2.08,0.06,4.17,0.21
3,新北中信特攻,40|10879|10880,謝亞軒/簡廷兆/內馬,1,18,22.0,323.87,5.4,05:24,323.87,5.4,05:24,15.0,15.0,68.18,100.04,6.0,6.0,27.27,40.02,10.0,10.0,45.45,66.69,7.0,7.0,31.82,46.69,7.0,7.0,31.82,46.69,6.0,6.0,27.27,40.02,3.0,3.0,13.64,20.01,1.0,1.0,4.55,6.67,1.0,1.0,4.55,6.67,0.0,0.0,0.0,0.0,1.0,1.0,4.55,6.67,3.0,3.0,13.64,20.01,2.0,2.0,9.09,13.34,4.0,4.0,18.18,26.68,0.0,0.0,0.0,0.0,3.0,3.0,13.64,20.01,0.0,0.0,0.0,0.0,0.0,0.0,0.0,0.0,2.0,2.0,9.09,13.34,1.0,1.0,4.55,6.67,68.18,27.27,40.91,97.82,9.0,9.0,40.91,5.4,5.4,0.75,0.72,0.86,0.33,0.0,0.0,0.43,0.2,0.6,0.4,0.0,0.0,0.09,4.55,0.1
3,新北中信特攻,40|10879|10881,謝亞軒/簡廷兆/飛克,1,40,49.0,673.07,11.22,11:13,673.07,11.22,11:13,26.0,26.0,53.06,83.44,11.0,11.0,22.45,35.3,17.0,17.0,34.69,54.56,10.0,10.0,20.41,32.09,11.0,11.0,22.45,35.3,8.0,8.0,16.33,25.67,6.0,6.0,12.24,19.26,2.0,2.0,4.08,6.42,4.0,4.0,8.16,12.84,4.0,4.0,8.16,12.84,3.0,3.0,6.12,9.63,3.0,3.0,6.12,9.63,5.0,5.0,10.2,16.05,11.0,11.0,22.45,35.3,5.0,5.0,10.2,16.05,6.0,6.0,12.24,19.26,2.0,2.0,4.08,6.42,1.0,1.0,2.04,3.21,4.0,4.0,8.16,12.84,2.0,2.0,4.08,6.42,53.06,22.45,30.61,104.83,15.0,15.0,30.61,11.22,11.22,0.65,0.69,0.73,0.33,1.0,0.21,0.6,0.21,0.38,0.27,4.08,2.04,0.08,4.08,0.24
3,新北中信特攻,10877|10879|10880,阿巴西/簡廷兆/內馬,1,16,19.0,273.79,4.56,04:34,273.79,4.56,04:34,12.0,12.0,63.16,94.67,6.0,6.0,31.58,47.33,9.0,9.0,47.37,71.0,6.0,6.0,31.58,47.33,7.0,7.0,36.84,55.22,6.0,6.0,31.58,47.33,2.0,2.0,10.53,15.78,0.0,0.0,0.0,0.0,0.0,0.0,0.0,0.0,0.0,0.0,0.0,0.0,1.0,1.0,5.26,7.89,2.0,2.0,10.53,15.78,2.0,2.0,10.53,15.78,3.0,3.0,15.79,23.67,0.0,0.0,0.0,0.0,3.0,3.0,15.79,23.67,0.0,0.0,0.0,0.0,0.0,0.0,0.0,0.0,1.0,1.0,5.26,7.89,0.0,0.0,0.0,0.0,63.16,31.58,31.58,99.93,6.0,6.0,31.58,4.56,4.56,0.67,0.67,0.86,0.0,,0.0,0.5,0.25,0.5,0.38,0.0,0.0,0.05,0.0,0.0
3,新北中信特攻,10877|10879|10881,阿巴西/簡廷兆/飛克,1,42,50.0,691.23,11.52,11:31,691.23,11.52,11:31,28.0,28.0,56.0,87.5,15.0,15.0,30.0,46.87,19.0,19.0,38.0,59.37,11.0,11.0,22.0,34.37,14.0,14.0,28.0,43.75,10.0,10.0,20.0,31.25,5.0,5.0,10.0,15.62,1.0,1.0,2.0,3.12,5.0,5.0,10.0,15.62,5.0,5.0,10.0,15.62,3.0,3.0,6.0,9.37,5.0,5.0,10.0,15.62,4.0,4.0,8.0,12.5,10.0,10.0,20.0,31.25,3.0,3.0,6.0,9.37,6.0,6.0,12.0,18.75,1.0,1.0,2.0,3.12,1.0,1.0,2.0,3.12,4.0,4.0,8.0,12.5,2.0,2.0,4.0,6.25,56.0,30.0,26.0,104.16,13.0,13.0,26.0,11.52,11.52,0.61,0.66,0.71,0.2,1.0,0.12,0.55,0.23,0.56,0.36,2.0,2.0,0.08,4.0,0.26
3,新北中信特攻,10879|10880|10881,簡廷兆/內馬/飛克,1,8,8.0,136.09,2.27,02:16,136.09,2.27,02:16,6.0,6.0,75.0,95.23,2.0,2.0,25.0,31.74,4.0,4.0,50.0,63.49,3.0,3.0,37.5,47.61,3.0,3.0,37.5,47.61,3.0,3.0,37.5,47.61,1.0,1.0,12.5,15.87,0.0,0.0,0.0,0.0,0.0,0.0,0.0,0.0,0.0,0.0,0.0,0.0,0.0,0.0,0.0,0.0,1.0,1.0,12.5,15.87,0.0,0.0,0.0,0.0,2.0,2.0,25.0,31.74,0.0,0.0,0.0,0.0,1.0,1.0,12.5,15.87,0.0,0.0,0.0,0.0,0.0,0.0,0.0,0.0,1.0,1.0,12.5,15.87,0.0,0.0,0.0,0.0,75.0,25.0,50.0,84.65,4.0,4.0,50.0,2.27,2.27,0.75,0.75,1.0,0.0,,0.0,0.33,0.0,1.0,0.33,0.0,0.0,0.12,0.0,0.0
3,新北國王,21|32|10872,李愷諺/奧帝/林彥廷,1,22,29.0,340.43,5.67,05:40,340.43,5.67,05:40,4.0,4.0,13.79,25.38,18.0,18.0,62.07,114.21,9.0,9.0,31.03,57.1,2.0,2.0,6.9,12.69,3.0,3.0,10.34,19.03,2.0,2.0,6.9,12.69,6.0,6.0,20.69,38.07,0.0,0.0,0.0,0.0,2.0,2.0,6.9,12.69,0.0,0.0,0.0,0.0,3.0,3.0,10.34,19.03,5.0,5.0,17.24,31.72,1.0,1.0,3.45,6.34,2.0,2.0,6.9,12.69,4.0,4.0,13.79,25.38,2.0,2.0,6.9,12.69,2.0,2.0,6.9,12.69,0.0,0.0,0.0,0.0,3.0,3.0,10.34,19.03,2.0,2.0,6.9,12.69,13.79,62.07,-48.28,122.67,-14.0,-14.0,-48.28,5.67,5.67,0.22,0.2,0.67,0.0,0.0,0.29,1.0,0.6,0.83,0.73,6.9,0.0,0.1,6.9,0.22
3,新北國王,21|34|10872,李愷諺/沃許本/林彥廷,1,19,24.0,369.09,6.15,06:09,369.09,6.15,06:09,4.0,4.0,16.67,23.41,11.0,11.0,45.83,64.37,11.0,11.0,45.83,64.37,2.0,2.0,8.33,11.7,4.0,4.0,16.67,23.41,2.0,2.0,8.33,11.7,7.0,7.0,29.17,40.97,0.0,0.0,0.0,0.0,0.0,0.0,0.0,0.0,0.0,0.0,0.0,0.0,3.0,3.0,12.5,17.56,6.0,6.0,25.0,35.11,0.0,0.0,0.0,0.0,1.0,1.0,4.17,5.85,2.0,2.0,8.33,11.7,1.0,1.0,4.17,5.85,1.0,1.0,4.17,5.85,0.0,0.0,0.0,0.0,1.0,1.0,4.17,5.85,0.0,0.0,0.0,0.0,16.67,45.83,-29.17,93.64,-7.0,-7.0,-29.17,6.15,6.15,0.18,0.18,0.5,0.0,,0.15,0.5,0.75,1.0,0.9,4.17,0.0,0.04,0.0,0.0
3,新北國王,21|10872|10874,李愷諺/林彥廷/熊祥泰,1,17,21.0,342.34,5.71,05:42,342.34,5.71,05:42,4.0,4.0,19.05,25.24,12.0,12.0,57.14,75.71,8.0,8.0,38.1,50.48,2.0,2.0,9.52,12.62,3.0,3.0,14.29,18.93,2.0,2.0,9.52,12.62,5.0,5.0,23.81,31.55,0.0,0.0,0.0,0.0,0.0,0.0,0.0,0.0,0.0,0.0,0.0,0.0,1.0,1.0,4.76,6.31,4.0,4.0,19.05,25.24,0.0,0.0,0.0,0.0,2.0,2.0,9.52,12.62,2.0,2.0,9.52,12.62,2.0,2.0,9.52,12.62,0.0,0.0,0.0,0.0,0.0,0.0,0.0,0.0,2.0,2.0,9.52,12.62,2.0,2.0,9.52,12.62,19.05,57.14,-38.1,88.33,-8.0,-8.0,-38.1,5.71,5.71,0.25,0.25,0.67,0.0,,0.2,1.0,0.33,1.0,0.71,0.0,0.0,0.1,9.52,0.0
3,新北國王,32|34|10872,奧帝/沃許本/林彥廷,1,27,35.0,455.89,7.6,07:36,455.89,7.6,07:36,9.0,9.0,25.71,42.64,15.0,15.0,42.86,71.07,15.0,15.0,42.86,71.07,4.0,4.0,11.43,18.95,7.0,7.0,20.0,33.17,4.0,4.0,11.43,18.95,8.0,8.0,22.86,37.9,0.0,0.0,0.0,0.0,1.0,1.0,2.86,4.74,1.0,1.0,2.86,4.74,4.0,4.0,11.43,18.95,7.0,7.0,20.0,33.17,2.0,2.0,5.71,9.48,2.0,2.0,5.71,9.48,3.0,3.0,8.57,14.21,2.0,2.0,5.71,9.48,1.0,1.0,2.86,4.74,0.0,0.0,0.0,0.0,2.0,2.0,5.71,9.48,2.0,2.0,5.71,9.48,25.71,42.86,-17.14,110.55,-6.0,-6.0,-17.14,7.6,7.6,0.27,0.29,0.57,0.0,1.0,0.16,0.5,0.67,0.78,0.73,2.86,0.0,0.06,5.71,0.07
3,新北國王,32|10872|10874,奧帝/林彥廷/熊祥泰,1,21,28.0,365.53,6.09,06:06,365.53,6.09,06:06,6.0,6.0,21.43,35.46,16.0,16.0,57.14,94.55,11.0,11.0,39.29,65.0,3.0,3.0,10.71,17.73,4.0,4.0,14.29,23.64,3.0,3.0,10.71,17.73,7.0,7.0,25.0,41.36,0.0,0.0,0.0,0.0,0.0,0.0,0.0,0.0,0.0,0.0,0.0,0.0,3.0,3.0,10.71,17.73,5.0,5.0,17.86,29.55,1.0,1.0,3.57,5.91,2.0,2.0,7.14,11.82,3.0,3.0,10.71,17.73,2.0,2.0,7.14,11.82,0.0,0.0,0.0,0.0,0.0,0.0,0.0,0.0,3.0,3.0,10.71,17.73,4.0,4.0,14.29,23.64,21.43,57.14,-35.71,110.31,-10.0,-10.0,-35.71,6.09,6.09,0.27,0.27,0.75,0.0,,0.21,0.67,0.6,0.83,0.73,0.0,0.0,0.11,14.29,0.0
3,新北國王,34|10872|10874,沃許本/林彥廷/熊祥泰,1,20,28.0,430.33,7.17,07:10,430.33,7.17,07:10,5.0,5.0,17.86,25.1,10.0,10.0,35.71,50.19,12.0,12.0,42.86,60.23,2.0,2.0,7.14,10.04,3.0,3.0,10.71,15.06,2.0,2.0,7.14,10.04,9.0,9.0,32.14,45.17,0.0,0.0,0.0,0.0,1.0,1.0,3.57,5.02,1.0,1.0,3.57,5.02,3.0,3.0,10.71,15.06,6.0,6.0,21.43,30.12,3.0,3.0,10.71,15.06,2.0,2.0,7.14,10.04,2.0,2.0,7.14,10.04,1.0,1.0,3.57,5.02,0.0,0.0,0.0,0.0,0.0,0.0,0.0,0.0,2.0,2.0,7.14,10.04,2.0,2.0,7.14,10.04,17.86,35.71,-17.86,93.7,-5.0,-5.0,-17.86,7.17,7.17,0.17,0.2,0.67,0.0,1.0,0.14,0.5,0.6,0.67,0.64,0.0,0.0,0.07,7.14,0.08
3,新北中信特攻,40|47|104,謝亞軒/曾文鼎/貝奇,1,5,8.0,70.0,1.17,01:10,70.0,1.17,01:10,2.0,2.0,25.0,61.71,3.0,3.0,37.5,92.57,1.0,1.0,12.5,30.86,1.0,1.0,12.5,30.86,1.0,1.0,12.5,30.86,1.0,1.0,12.5,30.86,0.0,0.0,0.0,0.0,0.0,0.0,0.0,0.0,0.0,0.0,0.0,0.0,0.0,0.0,0.0,0.0,0.0,0.0,0.0,0.0,0.0,0.0,0.0,0.0,1.0,1.0,12.5,30.86,2.0,2.0,25.0,61.71,2.0,2.0,25.0,61.71,0.0,0.0,0.0,0.0,1.0,1.0,12.5,30.86,0.0,0.0,0.0,0.0,1.0,1.0,12.5,30.86,0.0,0.0,0.0,0.0,25.0,37.5,-12.5,164.57,-1.0,-1.0,-12.5,1.17,1.17,1.0,1.0,1.0,,,0.67,0.0,0.0,0.0,0.0,12.5,0.0,0.12,0.0,0.0
3,新北中信特攻,40|47|10879,謝亞軒/曾文鼎/簡廷兆,1,5,8.0,70.0,1.17,01:10,70.0,1.17,01:10,2.0,2.0,25.0,61.71,3.0,3.0,37.5,92.57,1.0,1.0,12.5,30.86,1.0,1.0,12.5,30.86,1.0,1.0,12.5,30.86,1.0,1.0,12.5,30.86,0.0,0.0,0.0,0.0,0.0,0.0,0.0,0.0,0.0,0.0,0.0,0.0,0.0,0.0,0.0,0.0,0.0,0.0,0.0,0.0,0.0,0.0,0.0,0.0,1.0,1.0,12.5,30.86,2.0,2.0,25.0,61.71,2.0,2.0,25.0,61.71,0.0,0.0,0.0,0.0,1.0,1.0,12.5,30.86,0.0,0.0,0.0,0.0,1.0,1.0,12.5,30.86,0.0,0.0,0.0,0.0,25.0,37.5,-12.5,164.57,-1.0,-1.0,-12.5,1.17,1.17,1.0,1.0,1.0,,,0.67,0.0,0.0,0.0,0.0,12.5,0.0,0.12,0.0,0.0
3,新北中信特攻,40|47|10881,謝亞軒/曾文鼎/飛克,1,5,8.0,70.0,1.17,01:10,70.0,1.17,01:10,2.0,2.0,25.0,61.71,3.0,3.0,37.5,92.57,1.0,1.0,12.5,30.86,1.0,1.0,12.5,30.86,1.0,1.0,12.5,30.86,1.0,1.0,12.5,30.86,0.0,0.0,0.0,0.0,0.0,0.0,0.0,0.0,0.0,0.0,0.0,0.0,0.0,0.0,0.0,0.0,0.0,0.0,0.0,0.0,0.0,0.0,0.0,0.0,1.0,1.0,12.5,30.86,2.0,2.0,25.0,61.71,2.0,2.0,25.0,61.71,0.0,0.0,0.0,0.0,1.0,1.0,12.5,30.86,0.0,0.0,0.0,0.0,1.0,1.0,12.5,30.86,0.0,0.0,0.0,0.0,25.0,37.5,-12.5,164.57,-1.0,-1.0,-12.5,1.17,1.17,1.0,1.0,1.0,,,0.67,0.0,0.0,0.0,0.0,12.5,0.0,0.12,0.0,0.0
3,新北中信特攻,40|104|10879,謝亞軒/貝奇/簡廷兆,1,42,55.0,724.75,12.08,12:05,724.75,12.08,12:05,29.0,29.0,52.73,86.43,13.0,13.0,23.64,38.74,19.0,19.0,34.55,56.63,11.0,11.0,20.0,32.78,12.0,12.0,21.82,35.76,8.0,8.0,14.55,23.84,7.0,7.0,12.73,20.86,3.0,3.0,5.45,8.94,5.0,5.0,9.09,14.9,4.0,4.0,7.27,11.92,4.0,4.0,7.27,11.92,4.0,4.0,7.27,11.92,7.0,7.0,12.73,20.86,11.0,11.0,20.0,32.78,5.0,5.0,9.09,14.9,7.0,7.0,12.73,20.86,2.0,2.0,3.64,5.96,1.0,1.0,1.82,2.98,4.0,4.0,7.27,11.92,3.0,3.0,5.45,8.94,52.73,23.64,29.09,109.28,16.0,16.0,29.09,12.08,12.08,0.66,0.68,0.67,0.43,0.8,0.19,0.64,0.27,0.36,0.31,3.64,1.82,0.07,5.45,0.26
3,新北中信特攻,40|104|10881,謝亞軒/貝奇/飛克,1,57,71.0,987.26,16.45,16:27,987.26,16.45,16:27,33.0,33.0,46.48,72.2,16.0,16.0,22.54,35.01,24.0,24.0,33.8,52.51,12.0,12.0,16.9,26.25,14.0,14.0,19.72,30.63,8.0,8.0,11.27,17.5,10.0,10.0,14.08,21.88,4.0,4.0,5.63,8.75,8.0,8.0,11.27,17.5,5.0,5.0,7.04,10.94,6.0,6.0,8.45,13.13,8.0,8.0,11.27,17.5,7.0,7.0,9.86,15.32,15.0,15.0,21.13,32.82,6.0,6.0,8.45,13.13,9.0,9.0,12.68,19.69,2.0,2.0,2.82,4.38,1.0,1.0,1.41,2.19,6.0,6.0,8.45,13.13,3.0,3.0,4.23,6.56,46.48,22.54,23.94,103.56,17.0,17.0,23.94,16.45,16.45,0.58,0.6,0.57,0.4,0.62,0.18,0.75,0.29,0.53,0.39,2.82,1.41,0.08,4.23,0.33
3,新北中信特攻,47|104|10879,曾文鼎/貝奇/簡廷兆,1,12,16.0,162.57,2.71,02:43,162.57,2.71,02:43,5.0,5.0,31.25,66.43,7.0,7.0,43.75,93.0,4.0,4.0,25.0,53.15,2.0,2.0,12.5,26.57,2.0,2.0,12.5,26.57,1.0,1.0,6.25,13.29,2.0,2.0,12.5,26.57,1.0,1.0,6.25,13.29,0.0,0.0,0.0,0.0,0.0,0.0,0.0,0.0,0.0,0.0,0.0,0.0,2.0,2.0,12.5,26.57,2.0,2.0,12.5,26.57,3.0,3.0,18.75,39.86,2.0,2.0,12.5,26.57,1.0,1.0,6.25,13.29,1.0,1.0,6.25,13.29,0.0,0.0,0.0,0.0,2.0,2.0,12.5,26.57,4.0,4.0,25.0,53.15,31.25,43.75,-12.5,141.72,-2.0,-2.0,-12.5,2.71,2.71,0.62,0.62,0.5,0.5,,0.33,0.5,0.0,0.5,0.29,6.25,0.0,0.12,25.0,0.0
3,新北中信特攻,47|104|10881,曾文鼎/貝奇/飛克,1,13,17.0,212.1,3.53,03:32,212.1,3.53,03:32,2.0,2.0,11.76,20.37,11.0,11.0,64.71,112.02,4.0,4.0,23.53,40.74,1.0,1.0,5.88,10.18,1.0,1.0,5.88,10.18,1.0,1.0,5.88,10.18,3.0,3.0,17.65,30.55,0.0,0.0,0.0,0.0,0.0,0.0,0.0,0.0,0.0,0.0,0.0,0.0,0.0,0.0,0.0,0.0,3.0,3.0,17.65,30.55,2.0,2.0,11.76,20.37,3.0,3.0,17.65,30.55,2.0,2.0,11.76,20.37,0.0,0.0,0.0,0.0,1.0,1.0,5.88,10.18,0.0,0.0,0.0,0.0,1.0,1.0,5.88,10.18,2.0,2.0,11.76,20.37,11.76,64.71,-52.94,115.42,-9.0,-9.0,-52.94,3.53,3.53,0.25,0.25,1.0,0.0,,0.33,0.0,0.0,0.6,0.38,5.88,0.0,0.06,11.76,0.0
3,新北中信特攻,47|10879|10881,曾文鼎/簡廷兆/飛克,1,6,9.0,70.57,1.18,01:11,70.57,1.18,01:11,2.0,2.0,22.22,61.21,5.0,5.0,55.56,153.04,1.0,1.0,11.11,30.61,1.0,1.0,11.11,30.61,1.0,1.0,11.11,30.61,1.0,1.0,11.11,30.61,0.0,0.0,0.0,0.0,0.0,0.0,0.0,0.0,0.0,0.0,0.0,0.0,0.0,0.0,0.0,0.0,0.0,0.0,0.0,0.0,0.0,0.0,0.0,0.0,1.0,1.0,11.11,30.61,2.0,2.0,22.22,61.21,2.0,2.0,22.22,61.21,0.0,0.0,0.0,0.0,1.0,1.0,11.11,30.61,0.0,0.0,0.0,0.0,1.0,1.0,11.11,30.61,2.0,2.0,22.22,61.21,22.22,55.56,-33.33,183.64,-3.0,-3.0,-33.33,1.18,1.18,1.0,1.0,1.0,,,0.67,0.0,0.0,0.0,0.0,11.11,0.0,0.11,22.22,0.0
3,新北中信特攻,104|10879|10881,貝奇/簡廷兆/飛克,1,52,66.0,826.23,13.77,13:46,826.23,13.77,13:46,30.0,30.0,45.45,78.43,26.0,26.0,39.39,67.97,20.0,20.0,30.3,52.29,11.0,11.0,16.67,28.76,12.0,12.0,18.18,31.37,8.0,8.0,12.12,20.91,8.0,8.0,12.12,20.91,3.0,3.0,4.55,7.84,5.0,5.0,7.58,13.07,5.0,5.0,7.58,13.07,3.0,3.0,4.55,7.84,5.0,5.0,7.58,13.07,8.0,8.0,12.12,20.91,11.0,11.0,16.67,28.76,8.0,8.0,12.12,20.91,7.0,7.0,10.61,18.3,3.0,3.0,4.55,7.84,1.0,1.0,1.52,2.61,4.0,4.0,6.06,10.46,6.0,6.0,9.09,15.69,45.45,39.39,6.06,115.03,4.0,4.0,6.06,13.77,13.77,0.62,0.68,0.67,0.38,1.0,0.26,0.64,0.21,0.38,0.3,4.55,1.52,0.06,9.09,0.25
3,新北中信特攻,39|47|104,魏嘉豪/曾文鼎/貝奇,1,14,16.0,234.1,3.9,03:54,234.1,3.9,03:54,3.0,3.0,18.75,27.68,10.0,10.0,62.5,92.27,6.0,6.0,37.5,55.36,1.0,1.0,6.25,9.23,1.0,1.0,6.25,9.23,0.0,0.0,0.0,0.0,5.0,5.0,31.25,46.13,1.0,1.0,6.25,9.23,0.0,0.0,0.0,0.0,0.0,0.0,0.0,0.0,0.0,0.0,0.0,0.0,5.0,5.0,31.25,46.13,2.0,2.0,12.5,18.45,2.0,2.0,12.5,18.45,0.0,0.0,0.0,0.0,1.0,1.0,6.25,9.23,0.0,0.0,0.0,0.0,0.0,0.0,0.0,0.0,1.0,1.0,6.25,9.23,4.0,4.0,25.0,36.91,18.75,62.5,-43.75,98.42,-7.0,-7.0,-43.75,3.9,3.9,0.25,0.25,0.0,0.2,,0.0,1.0,0.0,0.71,0.56,0.0,0.0,0.06,25.0,0.0
3,新北中信特攻,39|47|10879,魏嘉豪/曾文鼎/簡廷兆,1,7,8.0,92.57,1.54,01:33,92.57,1.54,01:33,3.0,3.0,37.5,70.0,4.0,4.0,50.0,93.33,3.0,3.0,37.5,70.0,1.0,1.0,12.5,23.33,1.0,1.0,12.5,23.33,0.0,0.0,0.0,0.0,2.0,2.0,25.0,46.67,1.0,1.0,12.5,23.33,0.0,0.0,0.0,0.0,0.0,0.0,0.0,0.0,0.0,0.0,0.0,0.0,2.0,2.0,25.0,46.67,1.0,1.0,12.5,23.33,1.0,1.0,12.5,23.33,0.0,0.0,0.0,0.0,1.0,1.0,12.5,23.33,0.0,0.0,0.0,0.0,0.0,0.0,0.0,0.0,1.0,1.0,12.5,23.33,4.0,4.0,50.0,93.33,37.5,50.0,-12.5,124.44,-1.0,-1.0,-12.5,1.54,1.54,0.5,0.5,0.0,0.5,,0.0,1.0,0.0,0.67,0.5,0.0,0.0,0.12,50.0,0.0
3,新北中信特攻,39|47|10881,魏嘉豪/曾文鼎/飛克,1,8,9.0,142.1,2.37,02:22,142.1,2.37,02:22,0.0,0.0,0.0,0.0,8.0,8.0,88.89,121.61,3.0,3.0,33.33,45.6,0.0,0.0,0.0,0.0,0.0,0.0,0.0,0.0,0.0,0.0,0.0,0.0,3.0,3.0,33.33,45.6,0.0,0.0,0.0,0.0,0.0,0.0,0.0,0.0,0.0,0.0,0.0,0.0,0.0,0.0,0.0,0.0,3.0,3.0,33.33,45.6,1.0,1.0,11.11,15.2,1.0,1.0,11.11,15.2,0.0,0.0,0.0,0.0,0.0,0.0,0.0,0.0,0.0,0.0,0.0,0.0,0.0,0.0,0.0,0.0,0.0,0.0,0.0,0.0,2.0,2.0,22.22,30.4,0.0,88.89,-88.89,91.2,-8.0,-8.0,-88.89,2.37,2.37,0.0,0.0,,0.0,,0.0,,0.0,0.75,0.6,0.0,0.0,0.0,22.22,0.0
3,新北中信特攻,39|104|10879,魏嘉豪/貝奇/簡廷兆,1,19,23.0,293.09,4.88,04:53,293.09,4.88,04:53,9.0,9.0,39.13,66.33,12.0,12.0,52.17,88.44,7.0,7.0,30.43,51.59,3.0,3.0,13.04,22.11,1.0,1.0,4.35,7.37,0.0,0.0,0.0,0.0,6.0,6.0,26.09,44.22,3.0,3.0,13.04,22.11,0.0,0.0,0.0,0.0,0.0,0.0,0.0,0.0,0.0,0.0,0.0,0.0,3.0,3.0,13.04,22.11,4.0,4.0,17.39,29.48,2.0,2.0,8.7,14.74,3.0,3.0,13.04,22.11,3.0,3.0,13.04,22.11,1.0,1.0,4.35,7.37,0.0,0.0,0.0,0.0,1.0,1.0,4.35,7.37,6.0,6.0,26.09,44.22,39.13,52.17,-13.04,113.0,-3.0,-3.0,-13.04,4.88,4.88,0.64,0.64,0.0,0.5,,0.3,1.0,0.0,0.43,0.33,4.35,0.0,0.04,26.09,0.0
3,新北中信特攻,39|104|10881,魏嘉豪/貝奇/飛克,1,28,32.0,494.61,8.24,08:15,494.61,8.24,08:15,10.0,10.0,31.25,43.67,16.0,16.0,50.0,69.87,10.0,10.0,31.25,43.67,4.0,4.0,12.5,17.47,2.0,2.0,6.25,8.73,2.0,2.0,6.25,8.73,8.0,8.0,25.0,34.94,2.0,2.0,6.25,8.73,2.0,2.0,6.25,8.73,0.0,0.0,0.0,0.0,0.0,0.0,0.0,0.0,6.0,6.0,18.75,26.2,4.0,4.0,12.5,17.47,6.0,6.0,18.75,26.2,3.0,3.0,9.38,13.1,4.0,4.0,12.5,17.47,1.0,1.0,3.12,4.37,0.0,0.0,0.0,0.0,1.0,1.0,3.12,4.37,4.0,4.0,12.5,17.47,31.25,50.0,-18.75,93.16,-6.0,-6.0,-18.75,8.24,8.24,0.5,0.46,1.0,0.25,0.0,0.22,1.0,0.0,0.6,0.38,3.12,0.0,0.03,12.5,0.2
3,新北中信特攻,39|10879|10881,魏嘉豪/簡廷兆/飛克,1,13,16.0,201.09,3.35,03:21,201.09,3.35,03:21,6.0,6.0,37.5,64.45,10.0,10.0,62.5,107.42,4.0,4.0,25.0,42.97,2.0,2.0,12.5,21.48,0.0,0.0,0.0,0.0,0.0,0.0,0.0,0.0,4.0,4.0,25.0,42.97,2.0,2.0,12.5,21.48,0.0,0.0,0.0,0.0,0.0,0.0,0.0,0.0,0.0,0.0,0.0,0.0,1.0,1.0,6.25,10.74,3.0,3.0,18.75,32.22,1.0,1.0,6.25,10.74,3.0,3.0,18.75,32.22,2.0,2.0,12.5,21.48,1.0,1.0,6.25,10.74,0.0,0.0,0.0,0.0,0.0,0.0,0.0,0.0,4.0,4.0,25.0,42.97,37.5,62.5,-25.0,114.58,-4.0,-4.0,-25.0,3.35,3.35,0.75,0.75,,0.5,,0.43,1.0,0.0,0.25,0.2,6.25,0.0,0.0,25.0,0.0
3,新北國王,21|29|13029,李愷諺/林書緯/杰倫,1,33,42.0,489.18,8.15,08:09,489.18,8.15,08:09,11.0,11.0,26.19,48.57,20.0,20.0,47.62,88.31,15.0,15.0,35.71,66.23,3.0,3.0,7.14,13.25,7.0,7.0,16.67,30.91,3.0,3.0,7.14,13.25,8.0,8.0,19.05,35.32,0.0,0.0,0.0,0.0,8.0,8.0,19.05,35.32,5.0,5.0,11.9,22.08,8.0,8.0,19.05,35.32,6.0,6.0,14.29,26.49,1.0,1.0,2.38,4.42,3.0,3.0,7.14,13.25,5.0,5.0,11.9,22.08,2.0,2.0,4.76,8.83,5.0,5.0,11.9,22.08,1.0,1.0,2.38,4.42,3.0,3.0,7.14,13.25,1.0,1.0,2.38,4.42,26.19,47.62,-21.43,123.63,-9.0,-9.0,-21.43,8.15,8.15,0.2,0.3,0.43,0.0,0.62,0.21,0.67,0.73,0.86,0.78,11.9,2.38,0.07,2.38,0.53
3,新北國王,21|32|13029,李愷諺/奧帝/杰倫,1,22,30.0,319.43,5.32,05:19,319.43,5.32,05:19,7.0,7.0,23.33,47.33,20.0,20.0,66.67,135.24,8.0,8.0,26.67,54.1,2.0,2.0,6.67,13.52,4.0,4.0,13.33,27.05,2.0,2.0,6.67,13.52,4.0,4.0,13.33,27.05,0.0,0.0,0.0,0.0,6.0,6.0,20.0,40.57,3.0,3.0,10.0,20.29,5.0,5.0,16.67,33.81,3.0,3.0,10.0,20.29,1.0,1.0,3.33,6.76,1.0,1.0,3.33,6.76,5.0,5.0,16.67,33.81,2.0,2.0,6.67,13.52,4.0,4.0,13.33,27.05,1.0,1.0,3.33,6.76,3.0,3.0,10.0,20.29,3.0,3.0,10.0,20.29,23.33,66.67,-43.33,135.24,-13.0,-13.0,-43.33,5.32,5.32,0.25,0.33,0.5,0.0,0.5,0.32,1.0,0.83,0.75,0.8,13.33,3.33,0.1,10.0,0.75
3,新北國王,21|10874|13029,李愷諺/熊祥泰/杰倫,1,26,32.0,513.66,8.56,08:34,513.66,8.56,08:34,11.0,11.0,34.38,46.26,20.0,20.0,62.5,84.1,12.0,12.0,37.5,50.46,4.0,4.0,12.5,16.82,5.0,5.0,15.62,21.03,4.0,4.0,12.5,16.82,7.0,7.0,21.88,29.44,0.0,0.0,0.0,0.0,4.0,4.0,12.5,16.82,3.0,3.0,9.38,12.62,3.0,3.0,9.38,12.62,4.0,4.0,12.5,16.82,2.0,2.0,6.25,8.41,2.0,2.0,6.25,8.41,2.0,2.0,6.25,8.41,3.0,3.0,9.38,12.62,1.0,1.0,3.12,4.21,0.0,0.0,0.0,0.0,2.0,2.0,6.25,8.41,2.0,2.0,6.25,8.41,34.38,62.5,-28.12,89.71,-9.0,-9.0,-28.12,8.56,8.56,0.33,0.4,0.8,0.0,0.75,0.13,0.75,0.6,0.67,0.64,3.12,0.0,0.06,6.25,0.33
3,新北國王,29|32|13029,林書緯/奧帝/杰倫,1,29,37.0,426.06,7.1,07:06,426.06,7.1,07:06,10.0,10.0,27.03,50.7,18.0,18.0,48.65,91.25,12.0,12.0,32.43,60.84,3.0,3.0,8.11,15.21,4.0,4.0,10.81,20.28,2.0,2.0,5.41,10.14,8.0,8.0,21.62,40.56,1.0,1.0,2.7,5.07,6.0,6.0,16.22,30.42,3.0,3.0,8.11,15.21,5.0,5.0,13.51,25.35,6.0,6.0,16.22,30.42,2.0,2.0,5.41,10.14,3.0,3.0,8.11,15.21,4.0,4.0,10.81,20.28,3.0,3.0,8.11,15.21,4.0,4.0,10.81,20.28,1.0,1.0,2.7,5.07,2.0,2.0,5.41,10.14,3.0,3.0,8.11,15.21,27.03,48.65,-21.62,125.05,-8.0,-8.0,-21.62,7.1,7.1,0.29,0.34,0.5,0.12,0.5,0.21,1.0,0.62,0.75,0.69,10.81,2.7,0.05,8.11,0.5
3,新北國王,29|10874|13029,林書緯/熊祥泰/杰倫,1,24,28.0,347.94,5.8,05:48,347.94,5.8,05:48,12.0,12.0,42.86,74.49,10.0,10.0,35.71,62.08,10.0,10.0,35.71,62.08,4.0,4.0,14.29,24.83,5.0,5.0,17.86,31.04,3.0,3.0,10.71,18.62,5.0,5.0,17.86,31.04,1.0,1.0,3.57,6.21,4.0,4.0,14.29,24.83,3.0,3.0,10.71,18.62,3.0,3.0,10.71,18.62,3.0,3.0,10.71,18.62,1.0,1.0,3.57,6.21,3.0,3.0,10.71,18.62,3.0,3.0,10.71,18.62,3.0,3.0,10.71,18.62,3.0,3.0,10.71,18.62,0.0,0.0,0.0,0.0,2.0,2.0,7.14,12.42,1.0,1.0,3.57,6.21,42.86,35.71,7.14,115.88,2.0,2.0,7.14,5.8,5.8,0.45,0.51,0.6,0.2,0.75,0.2,0.75,0.5,0.75,0.6,10.71,0.0,0.07,3.57,0.4
3,新北國王,32|10874|13029,奧帝/熊祥泰/杰倫,1,15,18.0,211.33,3.52,03:31,211.33,3.52,03:31,10.0,10.0,55.56,102.21,9.0,9.0,50.0,91.99,5.0,5.0,27.78,51.1,3.0,3.0,16.67,30.66,2.0,2.0,11.11,20.44,2.0,2.0,11.11,20.44,3.0,3.0,16.67,30.66,1.0,1.0,5.56,10.22,4.0,4.0,22.22,40.88,3.0,3.0,16.67,30.66,2.0,2.0,11.11,20.44,1.0,1.0,5.56,10.22,0.0,0.0,0.0,0.0,2.0,2.0,11.11,20.44,2.0,2.0,11.11,20.44,3.0,3.0,16.67,30.66,1.0,1.0,5.56,10.22,0.0,0.0,0.0,0.0,2.0,2.0,11.11,20.44,2.0,2.0,11.11,20.44,55.56,50.0,5.56,122.65,1.0,1.0,5.56,3.52,3.52,0.7,0.74,1.0,0.33,0.75,0.23,1.0,0.5,1.0,0.6,5.56,0.0,0.11,11.11,0.8
3,新北中信特攻,39|104|113,魏嘉豪/貝奇/林任鴻,1,15,18.0,235.52,3.93,03:56,235.52,3.93,03:56,6.0,6.0,33.33,55.03,8.0,8.0,44.44,73.37,5.0,5.0,27.78,45.86,2.0,2.0,11.11,18.34,1.0,1.0,5.56,9.17,0.0,0.0,0.0,0.0,4.0,4.0,22.22,36.69,2.0,2.0,11.11,18.34,0.0,0.0,0.0,0.0,0.0,0.0,0.0,0.0,0.0,0.0,0.0,0.0,3.0,3.0,16.67,27.51,3.0,3.0,16.67,27.51,2.0,2.0,11.11,18.34,3.0,3.0,16.67,27.51,2.0,2.0,11.11,18.34,1.0,1.0,5.56,9.17,0.0,0.0,0.0,0.0,1.0,1.0,5.56,9.17,4.0,4.0,22.22,36.69,33.33,44.44,-11.11,110.06,-2.0,-2.0,-11.11,3.93,3.93,0.6,0.6,0.0,0.5,,0.38,1.0,0.0,0.5,0.38,5.56,0.0,0.06,22.22,0.0
3,新北中信特攻,39|113|10879,魏嘉豪/林任鴻/簡廷兆,1,15,18.0,235.52,3.93,03:56,235.52,3.93,03:56,6.0,6.0,33.33,55.03,8.0,8.0,44.44,73.37,5.0,5.0,27.78,45.86,2.0,2.0,11.11,18.34,1.0,1.0,5.56,9.17,0.0,0.0,0.0,0.0,4.0,4.0,22.22,36.69,2.0,2.0,11.11,18.34,0.0,0.0,0.0,0.0,0.0,0.0,0.0,0.0,0.0,0.0,0.0,0.0,3.0,3.0,16.67,27.51,3.0,3.0,16.67,27.51,2.0,2.0,11.11,18.34,3.0,3.0,16.67,27.51,2.0,2.0,11.11,18.34,1.0,1.0,5.56,9.17,0.0,0.0,0.0,0.0,1.0,1.0,5.56,9.17,4.0,4.0,22.22,36.69,33.33,44.44,-11.11,110.06,-2.0,-2.0,-11.11,3.93,3.93,0.6,0.6,0.0,0.5,,0.38,1.0,0.0,0.5,0.38,5.56,0.0,0.06,22.22,0.0
3,新北中信特攻,39|113|10881,魏嘉豪/林任鴻/飛克,1,9,11.0,143.52,2.39,02:24,143.52,2.39,02:24,3.0,3.0,27.27,45.15,6.0,6.0,54.55,90.3,2.0,2.0,18.18,30.1,1.0,1.0,9.09,15.05,0.0,0.0,0.0,0.0,0.0,0.0,0.0,0.0,2.0,2.0,18.18,30.1,1.0,1.0,9.09,15.05,0.0,0.0,0.0,0.0,0.0,0.0,0.0,0.0,0.0,0.0,0.0,0.0,1.0,1.0,9.09,15.05,2.0,2.0,18.18,30.1,1.0,1.0,9.09,15.05,3.0,3.0,27.27,45.15,1.0,1.0,9.09,15.05,1.0,1.0,9.09,15.05,0.0,0.0,0.0,0.0,0.0,0.0,0.0,0.0,2.0,2.0,18.18,30.1,27.27,54.55,-27.27,110.37,-3.0,-3.0,-27.27,2.39,2.39,0.75,0.75,,0.5,,0.6,1.0,0.0,0.33,0.25,9.09,0.0,0.0,18.18,0.0
3,新北中信特攻,104|113|10879,貝奇/林任鴻/簡廷兆,1,18,22.0,289.59,4.83,04:50,289.59,4.83,04:50,9.0,9.0,40.91,67.13,9.0,9.0,40.91,67.13,6.0,6.0,27.27,44.75,3.0,3.0,13.64,22.38,1.0,1.0,4.55,7.46,0.0,0.0,0.0,0.0,5.0,5.0,22.73,37.29,3.0,3.0,13.64,22.38,1.0,1.0,4.55,7.46,0.0,0.0,0.0,0.0,0.0,0.0,0.0,0.0,4.0,4.0,18.18,29.84,3.0,3.0,13.64,22.38,3.0,3.0,13.64,22.38,3.0,3.0,13.64,22.38,2.0,2.0,9.09,14.92,1.0,1.0,4.55,7.46,0.0,0.0,0.0,0.0,2.0,2.0,9.09,14.92,7.0,7.0,31.82,52.21,40.91,40.91,0.0,109.4,0.0,0.0,0.0,4.83,4.83,0.75,0.7,0.0,0.6,0.0,0.32,0.67,0.0,0.57,0.4,4.55,0.0,0.09,31.82,0.17
3,新北中信特攻,104|113|10881,貝奇/林任鴻/飛克,1,9,11.0,143.52,2.39,02:24,143.52,2.39,02:24,3.0,3.0,27.27,45.15,6.0,6.0,54.55,90.3,2.0,2.0,18.18,30.1,1.0,1.0,9.09,15.05,0.0,0.0,0.0,0.0,0.0,0.0,0.0,0.0,2.0,2.0,18.18,30.1,1.0,1.0,9.09,15.05,0.0,0.0,0.0,0.0,0.0,0.0,0.0,0.0,0.0,0.0,0.0,0.0,1.0,1.0,9.09,15.05,2.0,2.0,18.18,30.1,1.0,1.0,9.09,15.05,3.0,3.0,27.27,45.15,1.0,1.0,9.09,15.05,1.0,1.0,9.09,15.05,0.0,0.0,0.0,0.0,0.0,0.0,0.0,0.0,2.0,2.0,18.18,30.1,27.27,54.55,-27.27,110.37,-3.0,-3.0,-27.27,2.39,2.39,0.75,0.75,,0.5,,0.6,1.0,0.0,0.33,0.25,9.09,0.0,0.0,18.18,0.0
3,新北中信特攻,113|10879|10881,林任鴻/簡廷兆/飛克,1,9,11.0,143.52,2.39,02:24,143.52,2.39,02:24,3.0,3.0,27.27,45.15,6.0,6.0,54.55,90.3,2.0,2.0,18.18,30.1,1.0,1.0,9.09,15.05,0.0,0.0,0.0,0.0,0.0,0.0,0.0,0.0,2.0,2.0,18.18,30.1,1.0,1.0,9.09,15.05,0.0,0.0,0.0,0.0,0.0,0.0,0.0,0.0,0.0,0.0,0.0,0.0,1.0,1.0,9.09,15.05,2.0,2.0,18.18,30.1,1.0,1.0,9.09,15.05,3.0,3.0,27.27,45.15,1.0,1.0,9.09,15.05,1.0,1.0,9.09,15.05,0.0,0.0,0.0,0.0,0.0,0.0,0.0,0.0,2.0,2.0,18.18,30.1,27.27,54.55,-27.27,110.37,-3.0,-3.0,-27.27,2.39,2.39,0.75,0.75,,0.5,,0.6,1.0,0.0,0.33,0.25,9.09,0.0,0.0,18.18,0.0
3,新北國王,24|29|32,蘇士軒/林書緯/奧帝,1,3,3.0,29.0,0.48,00:29,29.0,0.48,00:29,3.0,3.0,100.0,223.45,0.0,0.0,0.0,0.0,1.0,1.0,33.33,74.48,1.0,1.0,33.33,74.48,0.0,0.0,0.0,0.0,0.0,0.0,0.0,0.0,1.0,1.0,33.33,74.48,1.0,1.0,33.33,74.48,0.0,0.0,0.0,0.0,0.0,0.0,0.0,0.0,0.0,0.0,0.0,0.0,0.0,0.0,0.0,0.0,0.0,0.0,0.0,0.0,1.0,1.0,33.33,74.48,0.0,0.0,0.0,0.0,1.0,1.0,33.33,74.48,0.0,0.0,0.0,0.0,0.0,0.0,0.0,0.0,0.0,0.0,0.0,0.0,0.0,0.0,0.0,0.0,100.0,0.0,100.0,148.97,3.0,3.0,100.0,0.48,0.48,1.5,1.5,,1.0,,0.0,1.0,0.0,,0.0,0.0,0.0,0.0,0.0,0.0
3,新北國王,24|29|10874,蘇士軒/林書緯/熊祥泰,1,13,15.0,167.86,2.8,02:48,167.86,2.8,02:48,5.0,5.0,33.33,64.34,7.0,7.0,46.67,90.08,5.0,5.0,33.33,64.34,2.0,2.0,13.33,25.74,3.0,3.0,20.0,38.6,1.0,1.0,6.67,12.87,2.0,2.0,13.33,25.74,1.0,1.0,6.67,12.87,0.0,0.0,0.0,0.0,0.0,0.0,0.0,0.0,1.0,1.0,6.67,12.87,2.0,2.0,13.33,25.74,1.0,1.0,6.67,12.87,2.0,2.0,13.33,25.74,2.0,2.0,13.33,25.74,1.0,1.0,6.67,12.87,2.0,2.0,13.33,25.74,0.0,0.0,0.0,0.0,1.0,1.0,6.67,12.87,1.0,1.0,6.67,12.87,33.33,46.67,-13.33,128.68,-2.0,-2.0,-13.33,2.8,2.8,0.5,0.5,0.33,0.5,,0.29,0.5,0.33,0.67,0.5,13.33,0.0,0.07,6.67,0.0
3,新北國王,24|32|10874,蘇士軒/奧帝/熊祥泰,1,3,3.0,29.0,0.48,00:29,29.0,0.48,00:29,3.0,3.0,100.0,223.45,0.0,0.0,0.0,0.0,1.0,1.0,33.33,74.48,1.0,1.0,33.33,74.48,0.0,0.0,0.0,0.0,0.0,0.0,0.0,0.0,1.0,1.0,33.33,74.48,1.0,1.0,33.33,74.48,0.0,0.0,0.0,0.0,0.0,0.0,0.0,0.0,0.0,0.0,0.0,0.0,0.0,0.0,0.0,0.0,0.0,0.0,0.0,0.0,1.0,1.0,33.33,74.48,0.0,0.0,0.0,0.0,1.0,1.0,33.33,74.48,0.0,0.0,0.0,0.0,0.0,0.0,0.0,0.0,0.0,0.0,0.0,0.0,0.0,0.0,0.0,0.0,100.0,0.0,100.0,148.97,3.0,3.0,100.0,0.48,0.48,1.5,1.5,,1.0,,0.0,1.0,0.0,,0.0,0.0,0.0,0.0,0.0,0.0
3,新北國王,24|32|13029,蘇士軒/奧帝/杰倫,1,3,3.0,29.0,0.48,00:29,29.0,0.48,00:29,3.0,3.0,100.0,223.45,0.0,0.0,0.0,0.0,1.0,1.0,33.33,74.48,1.0,1.0,33.33,74.48,0.0,0.0,0.0,0.0,0.0,0.0,0.0,0.0,1.0,1.0,33.33,74.48,1.0,1.0,33.33,74.48,0.0,0.0,0.0,0.0,0.0,0.0,0.0,0.0,0.0,0.0,0.0,0.0,0.0,0.0,0.0,0.0,0.0,0.0,0.0,0.0,1.0,1.0,33.33,74.48,0.0,0.0,0.0,0.0,1.0,1.0,33.33,74.48,0.0,0.0,0.0,0.0,0.0,0.0,0.0,0.0,0.0,0.0,0.0,0.0,0.0,0.0,0.0,0.0,100.0,0.0,100.0,148.97,3.0,3.0,100.0,0.48,0.48,1.5,1.5,,1.0,,0.0,1.0,0.0,,0.0,0.0,0.0,0.0,0.0,0.0
3,新北國王,24|10874|13029,蘇士軒/熊祥泰/杰倫,1,25,32.0,406.23,6.77,06:46,406.23,6.77,06:46,8.0,8.0,25.0,42.54,18.0,18.0,56.25,95.71,11.0,11.0,34.38,58.49,3.0,3.0,9.38,15.95,5.0,5.0,15.62,26.59,2.0,2.0,6.25,10.63,6.0,6.0,18.75,31.9,1.0,1.0,3.12,5.32,1.0,1.0,3.12,5.32,1.0,1.0,3.12,5.32,2.0,2.0,6.25,10.63,6.0,6.0,18.75,31.9,5.0,5.0,15.62,26.59,3.0,3.0,9.38,15.95,2.0,2.0,6.25,10.63,1.0,1.0,3.12,5.32,2.0,2.0,6.25,10.63,0.0,0.0,0.0,0.0,1.0,1.0,3.12,5.32,1.0,1.0,3.12,5.32,25.0,56.25,-31.25,113.43,-10.0,-10.0,-31.25,6.77,6.77,0.32,0.35,0.4,0.17,1.0,0.15,0.33,0.4,0.55,0.5,6.25,0.0,0.03,3.12,0.09
3,新北中信特攻,39|47|113,魏嘉豪/曾文鼎/林任鴻,1,6,7.0,92.0,1.53,01:32,92.0,1.53,01:32,3.0,3.0,42.86,70.43,2.0,2.0,28.57,46.96,3.0,3.0,42.86,70.43,1.0,1.0,14.29,23.48,1.0,1.0,14.29,23.48,0.0,0.0,0.0,0.0,2.0,2.0,28.57,46.96,1.0,1.0,14.29,23.48,0.0,0.0,0.0,0.0,0.0,0.0,0.0,0.0,0.0,0.0,0.0,0.0,2.0,2.0,28.57,46.96,1.0,1.0,14.29,23.48,1.0,1.0,14.29,23.48,0.0,0.0,0.0,0.0,1.0,1.0,14.29,23.48,0.0,0.0,0.0,0.0,0.0,0.0,0.0,0.0,1.0,1.0,14.29,23.48,2.0,2.0,28.57,46.96,42.86,28.57,14.29,109.57,1.0,1.0,14.29,1.53,1.53,0.5,0.5,0.0,0.5,,0.0,1.0,0.0,0.67,0.5,0.0,0.0,0.14,28.57,0.0
3,新北中信特攻,47|104|113,曾文鼎/貝奇/林任鴻,1,6,7.0,92.0,1.53,01:32,92.0,1.53,01:32,3.0,3.0,42.86,70.43,2.0,2.0,28.57,46.96,3.0,3.0,42.86,70.43,1.0,1.0,14.29,23.48,1.0,1.0,14.29,23.48,0.0,0.0,0.0,0.0,2.0,2.0,28.57,46.96,1.0,1.0,14.29,23.48,0.0,0.0,0.0,0.0,0.0,0.0,0.0,0.0,0.0,0.0,0.0,0.0,2.0,2.0,28.57,46.96,1.0,1.0,14.29,23.48,1.0,1.0,14.29,23.48,0.0,0.0,0.0,0.0,1.0,1.0,14.29,23.48,0.0,0.0,0.0,0.0,0.0,0.0,0.0,0.0,1.0,1.0,14.29,23.48,2.0,2.0,28.57,46.96,42.86,28.57,14.29,109.57,1.0,1.0,14.29,1.53,1.53,0.5,0.5,0.0,0.5,,0.0,1.0,0.0,0.67,0.5,0.0,0.0,0.14,28.57,0.0
3,新北中信特攻,47|113|10879,曾文鼎/林任鴻/簡廷兆,1,6,7.0,92.0,1.53,01:32,92.0,1.53,01:32,3.0,3.0,42.86,70.43,2.0,2.0,28.57,46.96,3.0,3.0,42.86,70.43,1.0,1.0,14.29,23.48,1.0,1.0,14.29,23.48,0.0,0.0,0.0,0.0,2.0,2.0,28.57,46.96,1.0,1.0,14.29,23.48,0.0,0.0,0.0,0.0,0.0,0.0,0.0,0.0,0.0,0.0,0.0,0.0,2.0,2.0,28.57,46.96,1.0,1.0,14.29,23.48,1.0,1.0,14.29,23.48,0.0,0.0,0.0,0.0,1.0,1.0,14.29,23.48,0.0,0.0,0.0,0.0,0.0,0.0,0.0,0.0,1.0,1.0,14.29,23.48,2.0,2.0,28.57,46.96,42.86,28.57,14.29,109.57,1.0,1.0,14.29,1.53,1.53,0.5,0.5,0.0,0.5,,0.0,1.0,0.0,0.67,0.5,0.0,0.0,0.14,28.57,0.0
3,新北國王,21|28|29,李愷諺/呂政儒/林書緯,1,6,7.0,92.0,1.53,01:32,92.0,1.53,01:32,2.0,2.0,28.57,46.96,3.0,3.0,42.86,70.43,2.0,2.0,28.57,46.96,0.0,0.0,0.0,0.0,1.0,1.0,14.29,23.48,0.0,0.0,0.0,0.0,1.0,1.0,14.29,23.48,0.0,0.0,0.0,0.0,2.0,2.0,28.57,46.96,2.0,2.0,28.57,46.96,1.0,1.0,14.29,23.48,1.0,1.0,14.29,23.48,0.0,0.0,0.0,0.0,2.0,2.0,28.57,46.96,1.0,1.0,14.29,23.48,0.0,0.0,0.0,0.0,1.0,1.0,14.29,23.48,0.0,0.0,0.0,0.0,1.0,1.0,14.29,23.48,0.0,0.0,0.0,0.0,28.57,42.86,-14.29,109.57,-1.0,-1.0,-14.29,1.53,1.53,0.0,0.35,0.0,0.0,1.0,0.26,,0.33,1.0,0.5,14.29,0.0,0.14,0.0,1.0
3,新北國王,21|28|34,李愷諺/呂政儒/沃許本,1,6,7.0,92.0,1.53,01:32,92.0,1.53,01:32,2.0,2.0,28.57,46.96,3.0,3.0,42.86,70.43,2.0,2.0,28.57,46.96,0.0,0.0,0.0,0.0,1.0,1.0,14.29,23.48,0.0,0.0,0.0,0.0,1.0,1.0,14.29,23.48,0.0,0.0,0.0,0.0,2.0,2.0,28.57,46.96,2.0,2.0,28.57,46.96,1.0,1.0,14.29,23.48,1.0,1.0,14.29,23.48,0.0,0.0,0.0,0.0,2.0,2.0,28.57,46.96,1.0,1.0,14.29,23.48,0.0,0.0,0.0,0.0,1.0,1.0,14.29,23.48,0.0,0.0,0.0,0.0,1.0,1.0,14.29,23.48,0.0,0.0,0.0,0.0,28.57,42.86,-14.29,109.57,-1.0,-1.0,-14.29,1.53,1.53,0.0,0.35,0.0,0.0,1.0,0.26,,0.33,1.0,0.5,14.29,0.0,0.14,0.0,1.0
3,新北國王,21|28|13029,李愷諺/呂政儒/杰倫,1,6,7.0,92.0,1.53,01:32,92.0,1.53,01:32,2.0,2.0,28.57,46.96,3.0,3.0,42.86,70.43,2.0,2.0,28.57,46.96,0.0,0.0,0.0,0.0,1.0,1.0,14.29,23.48,0.0,0.0,0.0,0.0,1.0,1.0,14.29,23.48,0.0,0.0,0.0,0.0,2.0,2.0,28.57,46.96,2.0,2.0,28.57,46.96,1.0,1.0,14.29,23.48,1.0,1.0,14.29,23.48,0.0,0.0,0.0,0.0,2.0,2.0,28.57,46.96,1.0,1.0,14.29,23.48,0.0,0.0,0.0,0.0,1.0,1.0,14.29,23.48,0.0,0.0,0.0,0.0,1.0,1.0,14.29,23.48,0.0,0.0,0.0,0.0,28.57,42.86,-14.29,109.57,-1.0,-1.0,-14.29,1.53,1.53,0.0,0.35,0.0,0.0,1.0,0.26,,0.33,1.0,0.5,14.29,0.0,0.14,0.0,1.0
3,新北國王,21|34|13029,李愷諺/沃許本/杰倫,1,26,31.0,503.33,8.39,08:23,503.33,8.39,08:23,8.0,8.0,25.81,34.33,17.0,17.0,54.84,72.95,14.0,14.0,45.16,60.08,3.0,3.0,9.68,12.87,6.0,6.0,19.35,25.75,3.0,3.0,9.68,12.87,8.0,8.0,25.81,34.33,0.0,0.0,0.0,0.0,2.0,2.0,6.45,8.58,2.0,2.0,6.45,8.58,4.0,4.0,12.9,17.17,6.0,6.0,19.35,25.75,2.0,2.0,6.45,8.58,3.0,3.0,9.68,12.87,1.0,1.0,3.23,4.29,1.0,1.0,3.23,4.29,1.0,1.0,3.23,4.29,0.0,0.0,0.0,0.0,1.0,1.0,3.23,4.29,0.0,0.0,0.0,0.0,25.81,54.84,-29.03,88.69,-9.0,-9.0,-29.03,8.39,8.39,0.21,0.27,0.5,0.0,1.0,0.06,0.33,0.57,0.75,0.67,3.23,0.0,0.03,0.0,0.14
3,新北中信特攻,39|47|10877,魏嘉豪/曾文鼎/阿巴西,1,7,8.0,141.53,2.36,02:22,141.53,2.36,02:22,0.0,0.0,0.0,0.0,6.0,6.0,75.0,91.57,3.0,3.0,37.5,45.79,0.0,0.0,0.0,0.0,0.0,0.0,0.0,0.0,0.0,0.0,0.0,0.0,3.0,3.0,37.5,45.79,0.0,0.0,0.0,0.0,0.0,0.0,0.0,0.0,0.0,0.0,0.0,0.0,0.0,0.0,0.0,0.0,3.0,3.0,37.5,45.79,1.0,1.0,12.5,15.26,1.0,1.0,12.5,15.26,0.0,0.0,0.0,0.0,0.0,0.0,0.0,0.0,0.0,0.0,0.0,0.0,0.0,0.0,0.0,0.0,0.0,0.0,0.0,0.0,0.0,0.0,0.0,0.0,0.0,75.0,-75.0,81.4,-6.0,-6.0,-75.0,2.36,2.36,0.0,0.0,,0.0,,0.0,,0.0,0.75,0.6,0.0,0.0,0.0,0.0,0.0
3,新北中信特攻,39|104|10877,魏嘉豪/貝奇/阿巴西,1,17,19.0,305.08,5.08,05:05,305.08,5.08,05:05,4.0,4.0,21.05,28.32,7.0,7.0,36.84,49.56,7.0,7.0,36.84,49.56,2.0,2.0,10.53,14.16,3.0,3.0,15.79,21.24,2.0,2.0,10.53,14.16,4.0,4.0,21.05,28.32,0.0,0.0,0.0,0.0,2.0,2.0,10.53,14.16,0.0,0.0,0.0,0.0,1.0,1.0,5.26,7.08,5.0,5.0,26.32,35.4,1.0,1.0,5.26,7.08,6.0,6.0,31.58,42.48,0.0,0.0,0.0,0.0,2.0,2.0,10.53,14.16,0.0,0.0,0.0,0.0,0.0,0.0,0.0,0.0,1.0,1.0,5.26,7.08,2.0,2.0,10.53,14.16,21.05,36.84,-15.79,89.68,-3.0,-3.0,-15.79,5.08,5.08,0.29,0.25,0.67,0.0,0.0,0.0,1.0,0.14,0.83,0.46,0.0,0.0,0.05,10.53,0.29
3,新北中信特攻,39|10877|10881,魏嘉豪/阿巴西/飛克,1,15,16.0,293.53,4.89,04:54,293.53,4.89,04:54,4.0,4.0,25.0,29.44,6.0,6.0,37.5,44.15,6.0,6.0,37.5,44.15,2.0,2.0,12.5,14.72,2.0,2.0,12.5,14.72,2.0,2.0,12.5,14.72,4.0,4.0,25.0,29.44,0.0,0.0,0.0,0.0,2.0,2.0,12.5,14.72,0.0,0.0,0.0,0.0,0.0,0.0,0.0,0.0,5.0,5.0,31.25,36.79,1.0,1.0,6.25,7.36,5.0,5.0,31.25,36.79,0.0,0.0,0.0,0.0,2.0,2.0,12.5,14.72,0.0,0.0,0.0,0.0,0.0,0.0,0.0,0.0,1.0,1.0,6.25,7.36,0.0,0.0,0.0,0.0,25.0,37.5,-12.5,78.49,-2.0,-2.0,-12.5,4.89,4.89,0.33,0.29,1.0,0.0,0.0,0.0,1.0,0.0,0.83,0.45,0.0,0.0,0.06,0.0,0.33
3,新北中信特攻,47|104|10877,曾文鼎/貝奇/阿巴西,1,7,8.0,141.53,2.36,02:22,141.53,2.36,02:22,0.0,0.0,0.0,0.0,6.0,6.0,75.0,91.57,3.0,3.0,37.5,45.79,0.0,0.0,0.0,0.0,0.0,0.0,0.0,0.0,0.0,0.0,0.0,0.0,3.0,3.0,37.5,45.79,0.0,0.0,0.0,0.0,0.0,0.0,0.0,0.0,0.0,0.0,0.0,0.0,0.0,0.0,0.0,0.0,3.0,3.0,37.5,45.79,1.0,1.0,12.5,15.26,1.0,1.0,12.5,15.26,0.0,0.0,0.0,0.0,0.0,0.0,0.0,0.0,0.0,0.0,0.0,0.0,0.0,0.0,0.0,0.0,0.0,0.0,0.0,0.0,0.0,0.0,0.0,0.0,0.0,75.0,-75.0,81.4,-6.0,-6.0,-75.0,2.36,2.36,0.0,0.0,,0.0,,0.0,,0.0,0.75,0.6,0.0,0.0,0.0,0.0,0.0
3,新北中信特攻,47|10877|10881,曾文鼎/阿巴西/飛克,1,7,8.0,141.53,2.36,02:22,141.53,2.36,02:22,0.0,0.0,0.0,0.0,6.0,6.0,75.0,91.57,3.0,3.0,37.5,45.79,0.0,0.0,0.0,0.0,0.0,0.0,0.0,0.0,0.0,0.0,0.0,0.0,3.0,3.0,37.5,45.79,0.0,0.0,0.0,0.0,0.0,0.0,0.0,0.0,0.0,0.0,0.0,0.0,0.0,0.0,0.0,0.0,3.0,3.0,37.5,45.79,1.0,1.0,12.5,15.26,1.0,1.0,12.5,15.26,0.0,0.0,0.0,0.0,0.0,0.0,0.0,0.0,0.0,0.0,0.0,0.0,0.0,0.0,0.0,0.0,0.0,0.0,0.0,0.0,0.0,0.0,0.0,0.0,0.0,75.0,-75.0,81.4,-6.0,-6.0,-75.0,2.36,2.36,0.0,0.0,,0.0,,0.0,,0.0,0.75,0.6,0.0,0.0,0.0,0.0,0.0
3,新北中信特攻,104|10877|10881,貝奇/阿巴西/飛克,1,66,80.0,1146.95,19.12,19:07,1146.95,19.12,19:07,35.0,35.0,43.75,65.91,26.0,26.0,32.5,48.96,29.0,29.0,36.25,54.61,13.0,13.0,16.25,24.48,17.0,17.0,21.25,32.02,10.0,10.0,12.5,18.83,12.0,12.0,15.0,22.6,3.0,3.0,3.75,5.65,9.0,9.0,11.25,16.95,6.0,6.0,7.5,11.3,6.0,6.0,7.5,11.3,13.0,13.0,16.25,24.48,7.0,7.0,8.75,13.18,15.0,15.0,18.75,28.25,4.0,4.0,5.0,7.53,9.0,9.0,11.25,16.95,1.0,1.0,1.25,1.88,1.0,1.0,1.25,1.88,6.0,6.0,7.5,11.3,3.0,3.0,3.75,5.65,43.75,32.5,11.25,100.44,9.0,9.0,11.25,19.12,19.12,0.5,0.53,0.59,0.25,0.67,0.11,0.69,0.29,0.65,0.46,1.25,1.25,0.08,3.75,0.31
3,新北國王,24|29|10872,蘇士軒/林書緯/林彥廷,1,10,11.0,197.53,3.29,03:18,197.53,3.29,03:18,6.0,6.0,54.55,65.61,2.0,2.0,18.18,21.87,6.0,6.0,54.55,65.61,3.0,3.0,27.27,32.81,5.0,5.0,45.45,54.68,3.0,3.0,27.27,32.81,1.0,1.0,9.09,10.94,0.0,0.0,0.0,0.0,0.0,0.0,0.0,0.0,0.0,0.0,0.0,0.0,1.0,1.0,9.09,10.94,2.0,2.0,18.18,21.87,0.0,0.0,0.0,0.0,3.0,3.0,27.27,32.81,0.0,0.0,0.0,0.0,0.0,0.0,0.0,0.0,0.0,0.0,0.0,0.0,0.0,0.0,0.0,0.0,2.0,2.0,18.18,21.87,0.0,0.0,0.0,0.0,54.55,18.18,36.36,80.19,4.0,4.0,36.36,3.29,3.29,0.5,0.5,0.6,0.0,,0.0,0.0,0.25,1.0,0.5,0.0,0.0,0.18,0.0,0.0
3,新北國王,24|34|10872,蘇士軒/沃許本/林彥廷,1,13,16.0,249.57,4.16,04:10,249.57,4.16,04:10,7.0,7.0,43.75,60.58,2.0,2.0,12.5,17.31,7.0,7.0,43.75,60.58,3.0,3.0,18.75,25.96,5.0,5.0,31.25,43.27,3.0,3.0,18.75,25.96,2.0,2.0,12.5,17.31,0.0,0.0,0.0,0.0,1.0,1.0,6.25,8.65,1.0,1.0,6.25,8.65,1.0,1.0,6.25,8.65,3.0,3.0,18.75,25.96,2.0,2.0,12.5,17.31,4.0,4.0,25.0,34.62,0.0,0.0,0.0,0.0,0.0,0.0,0.0,0.0,0.0,0.0,0.0,0.0,0.0,0.0,0.0,0.0,2.0,2.0,12.5,17.31,0.0,0.0,0.0,0.0,43.75,12.5,31.25,92.32,5.0,5.0,31.25,4.16,4.16,0.43,0.47,0.6,0.0,1.0,0.0,0.0,0.2,0.6,0.4,0.0,0.0,0.12,0.0,0.14
3,新北國王,24|10872|13029,蘇士軒/林彥廷/杰倫,1,13,16.0,249.57,4.16,04:10,249.57,4.16,04:10,7.0,7.0,43.75,60.58,2.0,2.0,12.5,17.31,7.0,7.0,43.75,60.58,3.0,3.0,18.75,25.96,5.0,5.0,31.25,43.27,3.0,3.0,18.75,25.96,2.0,2.0,12.5,17.31,0.0,0.0,0.0,0.0,1.0,1.0,6.25,8.65,1.0,1.0,6.25,8.65,1.0,1.0,6.25,8.65,3.0,3.0,18.75,25.96,2.0,2.0,12.5,17.31,4.0,4.0,25.0,34.62,0.0,0.0,0.0,0.0,0.0,0.0,0.0,0.0,0.0,0.0,0.0,0.0,0.0,0.0,0.0,0.0,2.0,2.0,12.5,17.31,0.0,0.0,0.0,0.0,43.75,12.5,31.25,92.32,5.0,5.0,31.25,4.16,4.16,0.43,0.47,0.6,0.0,1.0,0.0,0.0,0.2,0.6,0.4,0.0,0.0,0.12,0.0,0.14
3,新北國王,29|34|10872,林書緯/沃許本/林彥廷,1,32,39.0,538.32,8.97,08:58,538.32,8.97,08:58,15.0,15.0,38.46,60.19,14.0,14.0,35.9,56.17,19.0,19.0,48.72,76.24,7.0,7.0,17.95,28.09,12.0,12.0,30.77,48.15,7.0,7.0,17.95,28.09,7.0,7.0,17.95,28.09,0.0,0.0,0.0,0.0,1.0,1.0,2.56,4.01,1.0,1.0,2.56,4.01,6.0,6.0,15.38,24.07,7.0,7.0,17.95,28.09,2.0,2.0,5.13,8.02,4.0,4.0,10.26,16.05,2.0,2.0,5.13,8.02,1.0,1.0,2.56,4.01,1.0,1.0,2.56,4.01,0.0,0.0,0.0,0.0,3.0,3.0,7.69,12.04,2.0,2.0,5.13,8.02,38.46,35.9,2.56,104.32,1.0,1.0,2.56,8.97,8.97,0.37,0.39,0.58,0.0,1.0,0.09,0.14,0.6,0.78,0.68,2.56,0.0,0.08,5.13,0.05
3,新北國王,29|10872|13029,林書緯/林彥廷/杰倫,1,30,35.0,486.5,8.11,08:07,486.5,8.11,08:07,10.0,10.0,28.57,44.4,13.0,13.0,37.14,57.72,16.0,16.0,45.71,71.04,5.0,5.0,14.29,22.2,8.0,8.0,22.86,35.52,5.0,5.0,14.29,22.2,8.0,8.0,22.86,35.52,0.0,0.0,0.0,0.0,2.0,2.0,5.71,8.88,0.0,0.0,0.0,0.0,5.0,5.0,14.29,22.2,8.0,8.0,22.86,35.52,2.0,2.0,5.71,8.88,5.0,5.0,14.29,22.2,1.0,1.0,2.86,4.44,1.0,1.0,2.86,4.44,1.0,1.0,2.86,4.44,0.0,0.0,0.0,0.0,3.0,3.0,8.57,13.32,2.0,2.0,5.71,8.88,28.57,37.14,-8.57,103.6,-3.0,-3.0,-8.57,8.11,8.11,0.31,0.3,0.62,0.0,0.0,0.06,0.2,0.5,0.8,0.65,2.86,0.0,0.09,5.71,0.12
3,新北國王,34|10872|13029,沃許本/林彥廷/杰倫,1,20,24.0,409.57,6.83,06:50,409.57,6.83,06:50,9.0,9.0,37.5,47.46,5.0,5.0,20.83,26.37,12.0,12.0,50.0,63.29,4.0,4.0,16.67,21.1,7.0,7.0,29.17,36.92,4.0,4.0,16.67,21.1,5.0,5.0,20.83,26.37,0.0,0.0,0.0,0.0,1.0,1.0,4.17,5.27,1.0,1.0,4.17,5.27,3.0,3.0,12.5,15.82,5.0,5.0,20.83,26.37,2.0,2.0,8.33,10.55,4.0,4.0,16.67,21.1,0.0,0.0,0.0,0.0,0.0,0.0,0.0,0.0,0.0,0.0,0.0,0.0,0.0,0.0,0.0,0.0,2.0,2.0,8.33,10.55,0.0,0.0,0.0,0.0,37.5,20.83,16.67,84.38,4.0,4.0,16.67,6.83,6.83,0.33,0.36,0.57,0.0,1.0,0.0,0.0,0.43,0.71,0.57,0.0,0.0,0.08,0.0,0.08
3,新北國王,24|34|10874,蘇士軒/沃許本/熊祥泰,1,22,29.0,377.23,6.29,06:17,377.23,6.29,06:17,5.0,5.0,17.24,28.63,18.0,18.0,62.07,103.07,10.0,10.0,34.48,57.26,2.0,2.0,6.9,11.45,5.0,5.0,17.24,28.63,2.0,2.0,6.9,11.45,5.0,5.0,17.24,28.63,0.0,0.0,0.0,0.0,1.0,1.0,3.45,5.73,1.0,1.0,3.45,5.73,2.0,2.0,6.9,11.45,6.0,6.0,20.69,34.36,5.0,5.0,17.24,28.63,2.0,2.0,6.9,11.45,2.0,2.0,6.9,11.45,0.0,0.0,0.0,0.0,2.0,2.0,6.9,11.45,0.0,0.0,0.0,0.0,1.0,1.0,3.45,5.73,1.0,1.0,3.45,5.73,17.24,62.07,-44.83,110.7,-13.0,-13.0,-44.83,6.29,6.29,0.2,0.24,0.4,0.0,1.0,0.16,0.0,0.5,0.55,0.53,6.9,0.0,0.03,3.45,0.1
3,新北國王,34|10874|13029,沃許本/熊祥泰/杰倫,1,42,50.0,774.39,12.91,12:54,774.39,12.91,12:54,18.0,18.0,36.0,50.21,25.0,25.0,50.0,69.73,22.0,22.0,44.0,61.36,7.0,7.0,14.0,19.52,8.0,8.0,16.0,22.31,4.0,4.0,8.0,11.16,14.0,14.0,28.0,39.05,3.0,3.0,6.0,8.37,1.0,1.0,2.0,2.79,1.0,1.0,2.0,2.79,3.0,3.0,6.0,8.37,10.0,10.0,20.0,27.89,5.0,5.0,10.0,13.95,6.0,6.0,12.0,16.74,2.0,2.0,4.0,5.58,3.0,3.0,6.0,8.37,2.0,2.0,4.0,5.58,0.0,0.0,0.0,0.0,1.0,1.0,2.0,2.79,1.0,1.0,2.0,2.79,36.0,50.0,-14.0,92.98,-7.0,-7.0,-14.0,12.91,12.91,0.39,0.4,0.5,0.21,1.0,0.08,0.43,0.33,0.67,0.54,4.0,0.0,0.02,2.0,0.05
3,新北中信特攻,40|43|104,謝亞軒/林韋翰/貝奇,1,17,22.0,298.29,4.97,04:58,298.29,4.97,04:58,9.0,9.0,40.91,65.17,7.0,7.0,31.82,50.69,8.0,8.0,36.36,57.93,3.0,3.0,13.64,21.72,4.0,4.0,18.18,28.97,1.0,1.0,4.55,7.24,4.0,4.0,18.18,28.97,2.0,2.0,9.09,14.48,2.0,2.0,9.09,14.48,1.0,1.0,4.55,7.24,3.0,3.0,13.64,21.72,4.0,4.0,18.18,28.97,2.0,2.0,9.09,14.48,2.0,2.0,9.09,14.48,1.0,1.0,4.55,7.24,2.0,2.0,9.09,14.48,0.0,0.0,0.0,0.0,0.0,0.0,0.0,0.0,2.0,2.0,9.09,14.48,1.0,1.0,4.55,7.24,40.91,31.82,9.09,106.21,2.0,2.0,9.09,4.97,4.97,0.5,0.51,0.25,0.5,0.5,0.1,0.67,0.6,0.67,0.64,0.0,0.0,0.09,4.55,0.25
3,新北中信特攻,40|104|10877,謝亞軒/貝奇/阿巴西,1,59,73.0,1009.52,16.83,16:50,1009.52,16.83,16:50,34.0,34.0,46.58,72.75,16.0,16.0,21.92,34.23,27.0,27.0,36.99,57.77,13.0,13.0,17.81,27.82,18.0,18.0,24.66,38.51,10.0,10.0,13.7,21.4,9.0,9.0,12.33,19.26,3.0,3.0,4.11,6.42,8.0,8.0,10.96,17.12,5.0,5.0,6.85,10.7,8.0,8.0,10.96,17.12,9.0,9.0,12.33,19.26,7.0,7.0,9.59,14.98,15.0,15.0,20.55,32.09,4.0,4.0,5.48,8.56,10.0,10.0,13.7,21.4,1.0,1.0,1.37,2.14,1.0,1.0,1.37,2.14,5.0,5.0,6.85,10.7,5.0,5.0,6.85,10.7,46.58,21.92,24.66,104.13,18.0,18.0,24.66,16.83,16.83,0.54,0.56,0.56,0.33,0.62,0.12,0.77,0.35,0.56,0.44,1.37,1.37,0.07,6.85,0.3
3,新北中信特攻,43|104|10877,林韋翰/貝奇/阿巴西,1,17,22.0,298.29,4.97,04:58,298.29,4.97,04:58,9.0,9.0,40.91,65.17,7.0,7.0,31.82,50.69,8.0,8.0,36.36,57.93,3.0,3.0,13.64,21.72,4.0,4.0,18.18,28.97,1.0,1.0,4.55,7.24,4.0,4.0,18.18,28.97,2.0,2.0,9.09,14.48,2.0,2.0,9.09,14.48,1.0,1.0,4.55,7.24,3.0,3.0,13.64,21.72,4.0,4.0,18.18,28.97,2.0,2.0,9.09,14.48,2.0,2.0,9.09,14.48,1.0,1.0,4.55,7.24,2.0,2.0,9.09,14.48,0.0,0.0,0.0,0.0,0.0,0.0,0.0,0.0,2.0,2.0,9.09,14.48,1.0,1.0,4.55,7.24,40.91,31.82,9.09,106.21,2.0,2.0,9.09,4.97,4.97,0.5,0.51,0.25,0.5,0.5,0.1,0.67,0.6,0.67,0.64,0.0,0.0,0.09,4.55,0.25
3,新北中信特攻,43|104|10881,林韋翰/貝奇/飛克,1,17,22.0,298.29,4.97,04:58,298.29,4.97,04:58,9.0,9.0,40.91,65.17,7.0,7.0,31.82,50.69,8.0,8.0,36.36,57.93,3.0,3.0,13.64,21.72,4.0,4.0,18.18,28.97,1.0,1.0,4.55,7.24,4.0,4.0,18.18,28.97,2.0,2.0,9.09,14.48,2.0,2.0,9.09,14.48,1.0,1.0,4.55,7.24,3.0,3.0,13.64,21.72,4.0,4.0,18.18,28.97,2.0,2.0,9.09,14.48,2.0,2.0,9.09,14.48,1.0,1.0,4.55,7.24,2.0,2.0,9.09,14.48,0.0,0.0,0.0,0.0,0.0,0.0,0.0,0.0,2.0,2.0,9.09,14.48,1.0,1.0,4.55,7.24,40.91,31.82,9.09,106.21,2.0,2.0,9.09,4.97,4.97,0.5,0.51,0.25,0.5,0.5,0.1,0.67,0.6,0.67,0.64,0.0,0.0,0.09,4.55,0.25
3,新北國王,24|10872|10874,蘇士軒/林彥廷/熊祥泰,1,3,5.0,52.04,0.87,00:52,52.04,0.87,00:52,1.0,1.0,20.0,41.5,0.0,0.0,0.0,0.0,1.0,1.0,20.0,41.5,0.0,0.0,0.0,0.0,0.0,0.0,0.0,0.0,0.0,0.0,0.0,0.0,1.0,1.0,20.0,41.5,0.0,0.0,0.0,0.0,1.0,1.0,20.0,41.5,1.0,1.0,20.0,41.5,0.0,0.0,0.0,0.0,1.0,1.0,20.0,41.5,2.0,2.0,40.0,83.01,1.0,1.0,20.0,41.5,0.0,0.0,0.0,0.0,0.0,0.0,0.0,0.0,0.0,0.0,0.0,0.0,0.0,0.0,0.0,0.0,0.0,0.0,0.0,0.0,0.0,0.0,0.0,0.0,20.0,0.0,20.0,138.34,1.0,1.0,20.0,0.87,0.87,0.0,0.35,,0.0,1.0,0.0,,0.0,0.33,0.25,0.0,0.0,0.0,0.0,1.0
3,新北國王,10872|10874|13029,林彥廷/熊祥泰/杰倫,1,9,12.0,199.29,3.32,03:19,199.29,3.32,03:19,3.0,3.0,25.0,32.52,6.0,6.0,50.0,65.03,3.0,3.0,25.0,32.52,1.0,1.0,8.33,10.84,1.0,1.0,8.33,10.84,1.0,1.0,8.33,10.84,2.0,2.0,16.67,21.68,0.0,0.0,0.0,0.0,1.0,1.0,8.33,10.84,1.0,1.0,8.33,10.84,0.0,0.0,0.0,0.0,1.0,1.0,8.33,10.84,2.0,2.0,16.67,21.68,2.0,2.0,16.67,21.68,1.0,1.0,8.33,10.84,1.0,1.0,8.33,10.84,0.0,0.0,0.0,0.0,0.0,0.0,0.0,0.0,1.0,1.0,8.33,10.84,2.0,2.0,16.67,21.68,25.0,50.0,-25.0,86.71,-3.0,-3.0,-25.0,3.32,3.32,0.33,0.44,1.0,0.0,1.0,0.23,1.0,0.0,0.33,0.2,0.0,0.0,0.08,16.67,0.33
3,新北國王,21|10872|13029,李愷諺/林彥廷/杰倫,1,17,21.0,291.34,4.86,04:51,291.34,4.86,04:51,4.0,4.0,19.05,29.66,13.0,13.0,61.9,96.38,8.0,8.0,38.1,59.31,2.0,2.0,9.52,14.83,3.0,3.0,14.29,22.24,2.0,2.0,9.52,14.83,5.0,5.0,23.81,37.07,0.0,0.0,0.0,0.0,2.0,2.0,9.52,14.83,0.0,0.0,0.0,0.0,4.0,4.0,19.05,29.66,3.0,3.0,14.29,22.24,1.0,1.0,4.76,7.41,1.0,1.0,4.76,7.41,2.0,2.0,9.52,14.83,1.0,1.0,4.76,7.41,1.0,1.0,4.76,7.41,0.0,0.0,0.0,0.0,2.0,2.0,9.52,14.83,2.0,2.0,9.52,14.83,19.05,61.9,-42.86,103.8,-9.0,-9.0,-42.86,4.86,4.86,0.25,0.23,0.67,0.0,0.0,0.18,0.5,0.8,0.75,0.78,4.76,0.0,0.1,9.52,0.25
3,新北國王,32|10872|13029,奧帝/林彥廷/杰倫,1,19,23.0,276.22,4.6,04:36,276.22,4.6,04:36,4.0,4.0,17.39,31.28,14.0,14.0,60.87,109.48,7.0,7.0,30.43,54.74,2.0,2.0,8.7,15.64,2.0,2.0,8.7,15.64,2.0,2.0,8.7,15.64,5.0,5.0,21.74,39.1,0.0,0.0,0.0,0.0,2.0,2.0,8.7,15.64,0.0,0.0,0.0,0.0,2.0,2.0,8.7,15.64,4.0,4.0,17.39,31.28,2.0,2.0,8.7,15.64,3.0,3.0,13.04,23.46,2.0,2.0,8.7,15.64,2.0,2.0,8.7,15.64,1.0,1.0,4.35,7.82,0.0,0.0,0.0,0.0,2.0,2.0,8.7,15.64,4.0,4.0,17.39,31.28,17.39,60.87,-43.48,119.9,-10.0,-10.0,-43.48,4.6,4.6,0.29,0.25,1.0,0.0,0.0,0.2,1.0,0.4,0.67,0.55,4.35,0.0,0.09,17.39,0.29
3,新北國王,21|29|10872,李愷諺/林書緯/林彥廷,1,12,16.0,158.1,2.63,02:38,158.1,2.63,02:38,2.0,2.0,12.5,27.33,9.0,9.0,56.25,122.96,6.0,6.0,37.5,81.98,1.0,1.0,6.25,13.66,2.0,2.0,12.5,27.33,1.0,1.0,6.25,13.66,4.0,4.0,25.0,54.65,0.0,0.0,0.0,0.0,2.0,2.0,12.5,27.33,0.0,0.0,0.0,0.0,4.0,4.0,25.0,54.65,3.0,3.0,18.75,40.99,1.0,1.0,6.25,13.66,0.0,0.0,0.0,0.0,2.0,2.0,12.5,27.33,0.0,0.0,0.0,0.0,2.0,2.0,12.5,27.33,0.0,0.0,0.0,0.0,1.0,1.0,6.25,13.66,0.0,0.0,0.0,0.0,12.5,56.25,-43.75,145.74,-7.0,-7.0,-43.75,2.63,2.63,0.17,0.15,0.5,0.0,0.0,0.23,0.0,1.0,0.75,0.88,12.5,0.0,0.06,0.0,0.33
3,新北國王,29|32|10872,林書緯/奧帝/林彥廷,1,30,38.0,469.77,7.83,07:50,469.77,7.83,07:50,9.0,9.0,23.68,41.38,17.0,17.0,44.74,78.17,15.0,15.0,39.47,68.97,4.0,4.0,10.53,18.39,6.0,6.0,15.79,27.59,4.0,4.0,10.53,18.39,9.0,9.0,23.68,41.38,0.0,0.0,0.0,0.0,3.0,3.0,7.89,13.79,1.0,1.0,2.63,4.6,5.0,5.0,13.16,22.99,7.0,7.0,18.42,32.19,4.0,4.0,10.53,18.39,3.0,3.0,7.89,13.79,3.0,3.0,7.89,13.79,2.0,2.0,5.26,9.2,2.0,2.0,5.26,9.2,0.0,0.0,0.0,0.0,2.0,2.0,5.26,9.2,4.0,4.0,10.53,18.39,23.68,44.74,-21.05,116.48,-8.0,-8.0,-21.05,7.83,7.83,0.27,0.28,0.67,0.0,0.33,0.16,0.5,0.62,0.64,0.63,5.26,0.0,0.05,10.53,0.2
3,新北中信特攻,104|10877|10879,貝奇/阿巴西/簡廷兆,1,42,53.0,692.84,11.55,11:33,692.84,11.55,11:33,28.0,28.0,52.83,87.29,17.0,17.0,32.08,53.0,20.0,20.0,37.74,62.35,11.0,11.0,20.75,34.29,15.0,15.0,28.3,46.76,10.0,10.0,18.87,31.18,5.0,5.0,9.43,15.59,1.0,1.0,1.89,3.12,5.0,5.0,9.43,15.59,5.0,5.0,9.43,15.59,4.0,4.0,7.55,12.47,5.0,5.0,9.43,15.59,6.0,6.0,11.32,18.71,9.0,9.0,16.98,28.06,3.0,3.0,5.66,9.35,7.0,7.0,13.21,21.82,1.0,1.0,1.89,3.12,1.0,1.0,1.89,3.12,3.0,3.0,5.66,9.35,2.0,2.0,3.77,6.24,52.83,32.08,20.75,110.15,11.0,11.0,20.75,11.55,11.55,0.57,0.63,0.67,0.2,1.0,0.12,0.64,0.31,0.45,0.38,1.89,1.89,0.06,3.77,0.25
3,新北國王,29|10872|10874,林書緯/林彥廷/熊祥泰,1,5,8.0,103.19,1.72,01:43,103.19,1.72,01:43,2.0,2.0,25.0,41.86,4.0,4.0,50.0,83.73,4.0,4.0,50.0,83.73,1.0,1.0,12.5,20.93,1.0,1.0,12.5,20.93,1.0,1.0,12.5,20.93,3.0,3.0,37.5,62.79,0.0,0.0,0.0,0.0,0.0,0.0,0.0,0.0,0.0,0.0,0.0,0.0,2.0,2.0,25.0,41.86,1.0,1.0,12.5,20.93,1.0,1.0,12.5,20.93,0.0,0.0,0.0,0.0,1.0,1.0,12.5,20.93,0.0,0.0,0.0,0.0,0.0,0.0,0.0,0.0,0.0,0.0,0.0,0.0,1.0,1.0,12.5,20.93,2.0,2.0,25.0,41.86,25.0,50.0,-25.0,111.64,-2.0,-2.0,-25.0,1.72,1.72,0.25,0.25,1.0,0.0,,0.2,0.0,1.0,0.5,0.75,0.0,0.0,0.12,25.0,0.0
3,新北國王,21|24|34,李愷諺/蘇士軒/沃許本,1,9,12.0,186.33,3.11,03:06,186.33,3.11,03:06,2.0,2.0,16.67,23.18,11.0,11.0,91.67,127.52,5.0,5.0,41.67,57.96,1.0,1.0,8.33,11.59,2.0,2.0,16.67,23.18,1.0,1.0,8.33,11.59,3.0,3.0,25.0,34.78,0.0,0.0,0.0,0.0,0.0,0.0,0.0,0.0,0.0,0.0,0.0,0.0,1.0,1.0,8.33,11.59,3.0,3.0,25.0,34.78,2.0,2.0,16.67,23.18,0.0,0.0,0.0,0.0,0.0,0.0,0.0,0.0,0.0,0.0,0.0,0.0,0.0,0.0,0.0,0.0,0.0,0.0,0.0,0.0,0.0,0.0,0.0,0.0,0.0,0.0,0.0,0.0,16.67,91.67,-75.0,92.74,-9.0,-9.0,-75.0,3.11,3.11,0.2,0.2,0.5,0.0,,0.0,0.0,1.0,0.6,0.67,0.0,0.0,0.0,0.0,0.0
3,新北國王,21|24|10874,李愷諺/蘇士軒/熊祥泰,1,9,12.0,186.33,3.11,03:06,186.33,3.11,03:06,2.0,2.0,16.67,23.18,11.0,11.0,91.67,127.52,5.0,5.0,41.67,57.96,1.0,1.0,8.33,11.59,2.0,2.0,16.67,23.18,1.0,1.0,8.33,11.59,3.0,3.0,25.0,34.78,0.0,0.0,0.0,0.0,0.0,0.0,0.0,0.0,0.0,0.0,0.0,0.0,1.0,1.0,8.33,11.59,3.0,3.0,25.0,34.78,2.0,2.0,16.67,23.18,0.0,0.0,0.0,0.0,0.0,0.0,0.0,0.0,0.0,0.0,0.0,0.0,0.0,0.0,0.0,0.0,0.0,0.0,0.0,0.0,0.0,0.0,0.0,0.0,0.0,0.0,0.0,0.0,16.67,91.67,-75.0,92.74,-9.0,-9.0,-75.0,3.11,3.11,0.2,0.2,0.5,0.0,,0.0,0.0,1.0,0.6,0.67,0.0,0.0,0.0,0.0,0.0
3,新北國王,21|24|13029,李愷諺/蘇士軒/杰倫,1,9,12.0,186.33,3.11,03:06,186.33,3.11,03:06,2.0,2.0,16.67,23.18,11.0,11.0,91.67,127.52,5.0,5.0,41.67,57.96,1.0,1.0,8.33,11.59,2.0,2.0,16.67,23.18,1.0,1.0,8.33,11.59,3.0,3.0,25.0,34.78,0.0,0.0,0.0,0.0,0.0,0.0,0.0,0.0,0.0,0.0,0.0,0.0,1.0,1.0,8.33,11.59,3.0,3.0,25.0,34.78,2.0,2.0,16.67,23.18,0.0,0.0,0.0,0.0,0.0,0.0,0.0,0.0,0.0,0.0,0.0,0.0,0.0,0.0,0.0,0.0,0.0,0.0,0.0,0.0,0.0,0.0,0.0,0.0,0.0,0.0,0.0,0.0,16.67,91.67,-75.0,92.74,-9.0,-9.0,-75.0,3.11,3.11,0.2,0.2,0.5,0.0,,0.0,0.0,1.0,0.6,0.67,0.0,0.0,0.0,0.0,0.0
3,新北國王,28|29|32,呂政儒/林書緯/奧帝,1,20,22.0,304.45,5.07,05:04,304.45,5.07,05:04,7.0,7.0,31.82,49.66,7.0,7.0,31.82,49.66,10.0,10.0,45.45,70.95,3.0,3.0,13.64,21.28,5.0,5.0,22.73,35.47,3.0,3.0,13.64,21.28,5.0,5.0,22.73,35.47,0.0,0.0,0.0,0.0,1.0,1.0,4.55,7.09,1.0,1.0,4.55,7.09,1.0,1.0,4.55,7.09,6.0,6.0,27.27,42.57,2.0,2.0,9.09,14.19,3.0,3.0,13.64,21.28,0.0,0.0,0.0,0.0,2.0,2.0,9.09,14.19,0.0,0.0,0.0,0.0,0.0,0.0,0.0,0.0,0.0,0.0,0.0,0.0,2.0,2.0,9.09,14.19,31.82,31.82,0.0,104.06,0.0,0.0,0.0,5.07,5.07,0.3,0.34,0.6,0.0,1.0,0.0,0.67,0.25,0.75,0.58,0.0,0.0,0.0,9.09,0.1
3,新北國王,28|29|10874,呂政儒/林書緯/熊祥泰,1,1,1.0,15.97,0.27,00:16,15.97,0.27,00:16,0.0,0.0,0.0,0.0,0.0,0.0,0.0,0.0,1.0,1.0,100.0,135.24,0.0,0.0,0.0,0.0,0.0,0.0,0.0,0.0,0.0,0.0,0.0,0.0,1.0,1.0,100.0,135.24,0.0,0.0,0.0,0.0,0.0,0.0,0.0,0.0,0.0,0.0,0.0,0.0,0.0,0.0,0.0,0.0,1.0,1.0,100.0,135.24,0.0,0.0,0.0,0.0,0.0,0.0,0.0,0.0,0.0,0.0,0.0,0.0,0.0,0.0,0.0,0.0,0.0,0.0,0.0,0.0,0.0,0.0,0.0,0.0,0.0,0.0,0.0,0.0,0.0,0.0,0.0,0.0,0.0,0.0,0.0,90.16,0.0,0.0,0.0,0.27,0.27,0.0,0.0,,0.0,,0.0,,,1.0,1.0,0.0,0.0,0.0,0.0,0.0
3,新北國王,28|32|34,呂政儒/奧帝/沃許本,1,11,12.0,159.57,2.66,02:40,159.57,2.66,02:40,5.0,5.0,41.67,67.68,3.0,3.0,25.0,40.61,6.0,6.0,50.0,81.22,2.0,2.0,16.67,27.07,4.0,4.0,33.33,54.14,2.0,2.0,16.67,27.07,2.0,2.0,16.67,27.07,0.0,0.0,0.0,0.0,1.0,1.0,8.33,13.54,1.0,1.0,8.33,13.54,1.0,1.0,8.33,13.54,3.0,3.0,25.0,40.61,1.0,1.0,8.33,13.54,1.0,1.0,8.33,13.54,0.0,0.0,0.0,0.0,1.0,1.0,8.33,13.54,0.0,0.0,0.0,0.0,0.0,0.0,0.0,0.0,0.0,0.0,0.0,0.0,0.0,0.0,0.0,0.0,41.67,25.0,16.67,108.29,2.0,2.0,16.67,2.66,2.66,0.33,0.39,0.5,0.0,1.0,0.0,0.5,0.5,0.75,0.67,0.0,0.0,0.0,0.0,0.17
3,新北國王,28|32|10874,呂政儒/奧帝/熊祥泰,1,1,1.0,15.97,0.27,00:16,15.97,0.27,00:16,0.0,0.0,0.0,0.0,0.0,0.0,0.0,0.0,1.0,1.0,100.0,135.24,0.0,0.0,0.0,0.0,0.0,0.0,0.0,0.0,0.0,0.0,0.0,0.0,1.0,1.0,100.0,135.24,0.0,0.0,0.0,0.0,0.0,0.0,0.0,0.0,0.0,0.0,0.0,0.0,0.0,0.0,0.0,0.0,1.0,1.0,100.0,135.24,0.0,0.0,0.0,0.0,0.0,0.0,0.0,0.0,0.0,0.0,0.0,0.0,0.0,0.0,0.0,0.0,0.0,0.0,0.0,0.0,0.0,0.0,0.0,0.0,0.0,0.0,0.0,0.0,0.0,0.0,0.0,0.0,0.0,0.0,0.0,90.16,0.0,0.0,0.0,0.27,0.27,0.0,0.0,,0.0,,0.0,,,1.0,1.0,0.0,0.0,0.0,0.0,0.0
3,新北國王,28|34|10874,呂政儒/沃許本/熊祥泰,1,1,1.0,15.97,0.27,00:16,15.97,0.27,00:16,0.0,0.0,0.0,0.0,0.0,0.0,0.0,0.0,1.0,1.0,100.0,135.24,0.0,0.0,0.0,0.0,0.0,0.0,0.0,0.0,0.0,0.0,0.0,0.0,1.0,1.0,100.0,135.24,0.0,0.0,0.0,0.0,0.0,0.0,0.0,0.0,0.0,0.0,0.0,0.0,0.0,0.0,0.0,0.0,1.0,1.0,100.0,135.24,0.0,0.0,0.0,0.0,0.0,0.0,0.0,0.0,0.0,0.0,0.0,0.0,0.0,0.0,0.0,0.0,0.0,0.0,0.0,0.0,0.0,0.0,0.0,0.0,0.0,0.0,0.0,0.0,0.0,0.0,0.0,0.0,0.0,0.0,0.0,90.16,0.0,0.0,0.0,0.27,0.27,0.0,0.0,,0.0,,0.0,,,1.0,1.0,0.0,0.0,0.0,0.0,0.0
3,新北國王,28|29|10872,呂政儒/林書緯/林彥廷,1,19,21.0,288.48,4.81,04:48,288.48,4.81,04:48,7.0,7.0,33.33,52.41,7.0,7.0,33.33,52.41,9.0,9.0,42.86,67.39,3.0,3.0,14.29,22.46,5.0,5.0,23.81,37.44,3.0,3.0,14.29,22.46,4.0,4.0,19.05,29.95,0.0,0.0,0.0,0.0,1.0,1.0,4.76,7.49,1.0,1.0,4.76,7.49,1.0,1.0,4.76,7.49,5.0,5.0,23.81,37.44,2.0,2.0,9.52,14.97,3.0,3.0,14.29,22.46,0.0,0.0,0.0,0.0,2.0,2.0,9.52,14.97,0.0,0.0,0.0,0.0,0.0,0.0,0.0,0.0,0.0,0.0,0.0,0.0,2.0,2.0,9.52,14.97,33.33,33.33,0.0,104.82,0.0,0.0,0.0,4.81,4.81,0.33,0.37,0.6,0.0,1.0,0.0,0.67,0.25,0.71,0.55,0.0,0.0,0.0,9.52,0.11
3,新北國王,28|32|10872,呂政儒/奧帝/林彥廷,1,19,21.0,288.48,4.81,04:48,288.48,4.81,04:48,7.0,7.0,33.33,52.41,7.0,7.0,33.33,52.41,9.0,9.0,42.86,67.39,3.0,3.0,14.29,22.46,5.0,5.0,23.81,37.44,3.0,3.0,14.29,22.46,4.0,4.0,19.05,29.95,0.0,0.0,0.0,0.0,1.0,1.0,4.76,7.49,1.0,1.0,4.76,7.49,1.0,1.0,4.76,7.49,5.0,5.0,23.81,37.44,2.0,2.0,9.52,14.97,3.0,3.0,14.29,22.46,0.0,0.0,0.0,0.0,2.0,2.0,9.52,14.97,0.0,0.0,0.0,0.0,0.0,0.0,0.0,0.0,0.0,0.0,0.0,0.0,2.0,2.0,9.52,14.97,33.33,33.33,0.0,104.82,0.0,0.0,0.0,4.81,4.81,0.33,0.37,0.6,0.0,1.0,0.0,0.67,0.25,0.71,0.55,0.0,0.0,0.0,9.52,0.11
3,新北國王,28|34|10872,呂政儒/沃許本/林彥廷,1,10,11.0,143.6,2.39,02:24,143.6,2.39,02:24,5.0,5.0,45.45,75.21,3.0,3.0,27.27,45.12,5.0,5.0,45.45,75.21,2.0,2.0,18.18,30.08,4.0,4.0,36.36,60.17,2.0,2.0,18.18,30.08,1.0,1.0,9.09,15.04,0.0,0.0,0.0,0.0,1.0,1.0,9.09,15.04,1.0,1.0,9.09,15.04,1.0,1.0,9.09,15.04,2.0,2.0,18.18,30.08,1.0,1.0,9.09,15.04,1.0,1.0,9.09,15.04,0.0,0.0,0.0,0.0,1.0,1.0,9.09,15.04,0.0,0.0,0.0,0.0,0.0,0.0,0.0,0.0,0.0,0.0,0.0,0.0,0.0,0.0,0.0,0.0,45.45,27.27,18.18,110.3,2.0,2.0,18.18,2.39,2.39,0.4,0.46,0.5,0.0,1.0,0.0,0.5,0.5,0.67,0.6,0.0,0.0,0.0,0.0,0.2
3,新北國王,28|32|13029,呂政儒/奧帝/杰倫,1,9,10.0,144.88,2.41,02:25,144.88,2.41,02:25,2.0,2.0,20.0,29.82,4.0,4.0,40.0,59.64,4.0,4.0,40.0,59.64,1.0,1.0,10.0,14.91,1.0,1.0,10.0,14.91,1.0,1.0,10.0,14.91,3.0,3.0,30.0,44.73,0.0,0.0,0.0,0.0,0.0,0.0,0.0,0.0,0.0,0.0,0.0,0.0,0.0,0.0,0.0,0.0,3.0,3.0,30.0,44.73,1.0,1.0,10.0,14.91,2.0,2.0,20.0,29.82,0.0,0.0,0.0,0.0,1.0,1.0,10.0,14.91,0.0,0.0,0.0,0.0,0.0,0.0,0.0,0.0,0.0,0.0,0.0,0.0,2.0,2.0,20.0,29.82,20.0,40.0,-20.0,99.39,-2.0,-2.0,-20.0,2.41,2.41,0.25,0.25,1.0,0.0,,0.0,1.0,0.0,0.75,0.5,0.0,0.0,0.0,20.0,0.0
3,新北國王,28|10872|13029,呂政儒/林彥廷/杰倫,1,9,10.0,144.88,2.41,02:25,144.88,2.41,02:25,2.0,2.0,20.0,29.82,4.0,4.0,40.0,59.64,4.0,4.0,40.0,59.64,1.0,1.0,10.0,14.91,1.0,1.0,10.0,14.91,1.0,1.0,10.0,14.91,3.0,3.0,30.0,44.73,0.0,0.0,0.0,0.0,0.0,0.0,0.0,0.0,0.0,0.0,0.0,0.0,0.0,0.0,0.0,0.0,3.0,3.0,30.0,44.73,1.0,1.0,10.0,14.91,2.0,2.0,20.0,29.82,0.0,0.0,0.0,0.0,1.0,1.0,10.0,14.91,0.0,0.0,0.0,0.0,0.0,0.0,0.0,0.0,0.0,0.0,0.0,0.0,2.0,2.0,20.0,29.82,20.0,40.0,-20.0,99.39,-2.0,-2.0,-20.0,2.41,2.41,0.25,0.25,1.0,0.0,,0.0,1.0,0.0,0.75,0.5,0.0,0.0,0.0,20.0,0.0
3,新北中信特攻,44|104|10877,黃泓瀚/貝奇/阿巴西,1,10,13.0,145.16,2.42,02:25,145.16,2.42,02:25,7.0,7.0,53.85,104.16,9.0,9.0,69.23,133.92,5.0,5.0,38.46,74.4,3.0,3.0,23.08,44.64,4.0,4.0,30.77,59.52,3.0,3.0,23.08,44.64,1.0,1.0,7.69,14.88,0.0,0.0,0.0,0.0,1.0,1.0,7.69,14.88,1.0,1.0,7.69,14.88,0.0,0.0,0.0,0.0,2.0,2.0,15.38,29.76,1.0,1.0,7.69,14.88,1.0,1.0,7.69,14.88,0.0,0.0,0.0,0.0,1.0,1.0,7.69,14.88,0.0,0.0,0.0,0.0,0.0,0.0,0.0,0.0,1.0,1.0,7.69,14.88,0.0,0.0,0.0,0.0,53.85,69.23,-15.38,128.96,-2.0,-2.0,-15.38,2.42,2.42,0.6,0.64,0.75,0.0,1.0,0.0,0.33,0.0,0.67,0.5,0.0,0.0,0.08,0.0,0.2
3,新北中信特攻,44|104|10879,黃泓瀚/貝奇/簡廷兆,1,10,13.0,145.16,2.42,02:25,145.16,2.42,02:25,7.0,7.0,53.85,104.16,9.0,9.0,69.23,133.92,5.0,5.0,38.46,74.4,3.0,3.0,23.08,44.64,4.0,4.0,30.77,59.52,3.0,3.0,23.08,44.64,1.0,1.0,7.69,14.88,0.0,0.0,0.0,0.0,1.0,1.0,7.69,14.88,1.0,1.0,7.69,14.88,0.0,0.0,0.0,0.0,2.0,2.0,15.38,29.76,1.0,1.0,7.69,14.88,1.0,1.0,7.69,14.88,0.0,0.0,0.0,0.0,1.0,1.0,7.69,14.88,0.0,0.0,0.0,0.0,0.0,0.0,0.0,0.0,1.0,1.0,7.69,14.88,0.0,0.0,0.0,0.0,53.85,69.23,-15.38,128.96,-2.0,-2.0,-15.38,2.42,2.42,0.6,0.64,0.75,0.0,1.0,0.0,0.33,0.0,0.67,0.5,0.0,0.0,0.08,0.0,0.2
3,新北中信特攻,44|104|10881,黃泓瀚/貝奇/飛克,1,10,13.0,145.16,2.42,02:25,145.16,2.42,02:25,7.0,7.0,53.85,104.16,9.0,9.0,69.23,133.92,5.0,5.0,38.46,74.4,3.0,3.0,23.08,44.64,4.0,4.0,30.77,59.52,3.0,3.0,23.08,44.64,1.0,1.0,7.69,14.88,0.0,0.0,0.0,0.0,1.0,1.0,7.69,14.88,1.0,1.0,7.69,14.88,0.0,0.0,0.0,0.0,2.0,2.0,15.38,29.76,1.0,1.0,7.69,14.88,1.0,1.0,7.69,14.88,0.0,0.0,0.0,0.0,1.0,1.0,7.69,14.88,0.0,0.0,0.0,0.0,0.0,0.0,0.0,0.0,1.0,1.0,7.69,14.88,0.0,0.0,0.0,0.0,53.85,69.23,-15.38,128.96,-2.0,-2.0,-15.38,2.42,2.42,0.6,0.64,0.75,0.0,1.0,0.0,0.33,0.0,0.67,0.5,0.0,0.0,0.08,0.0,0.2
3,新北中信特攻,44|10877|10879,黃泓瀚/阿巴西/簡廷兆,1,10,13.0,145.16,2.42,02:25,145.16,2.42,02:25,7.0,7.0,53.85,104.16,9.0,9.0,69.23,133.92,5.0,5.0,38.46,74.4,3.0,3.0,23.08,44.64,4.0,4.0,30.77,59.52,3.0,3.0,23.08,44.64,1.0,1.0,7.69,14.88,0.0,0.0,0.0,0.0,1.0,1.0,7.69,14.88,1.0,1.0,7.69,14.88,0.0,0.0,0.0,0.0,2.0,2.0,15.38,29.76,1.0,1.0,7.69,14.88,1.0,1.0,7.69,14.88,0.0,0.0,0.0,0.0,1.0,1.0,7.69,14.88,0.0,0.0,0.0,0.0,0.0,0.0,0.0,0.0,1.0,1.0,7.69,14.88,0.0,0.0,0.0,0.0,53.85,69.23,-15.38,128.96,-2.0,-2.0,-15.38,2.42,2.42,0.6,0.64,0.75,0.0,1.0,0.0,0.33,0.0,0.67,0.5,0.0,0.0,0.08,0.0,0.2
3,新北中信特攻,44|10877|10881,黃泓瀚/阿巴西/飛克,1,10,13.0,145.16,2.42,02:25,145.16,2.42,02:25,7.0,7.0,53.85,104.16,9.0,9.0,69.23,133.92,5.0,5.0,38.46,74.4,3.0,3.0,23.08,44.64,4.0,4.0,30.77,59.52,3.0,3.0,23.08,44.64,1.0,1.0,7.69,14.88,0.0,0.0,0.0,0.0,1.0,1.0,7.69,14.88,1.0,1.0,7.69,14.88,0.0,0.0,0.0,0.0,2.0,2.0,15.38,29.76,1.0,1.0,7.69,14.88,1.0,1.0,7.69,14.88,0.0,0.0,0.0,0.0,1.0,1.0,7.69,14.88,0.0,0.0,0.0,0.0,0.0,0.0,0.0,0.0,1.0,1.0,7.69,14.88,0.0,0.0,0.0,0.0,53.85,69.23,-15.38,128.96,-2.0,-2.0,-15.38,2.42,2.42,0.6,0.64,0.75,0.0,1.0,0.0,0.33,0.0,0.67,0.5,0.0,0.0,0.08,0.0,0.2
3,新北中信特攻,44|10879|10881,黃泓瀚/簡廷兆/飛克,1,10,13.0,145.16,2.42,02:25,145.16,2.42,02:25,7.0,7.0,53.85,104.16,9.0,9.0,69.23,133.92,5.0,5.0,38.46,74.4,3.0,3.0,23.08,44.64,4.0,4.0,30.77,59.52,3.0,3.0,23.08,44.64,1.0,1.0,7.69,14.88,0.0,0.0,0.0,0.0,1.0,1.0,7.69,14.88,1.0,1.0,7.69,14.88,0.0,0.0,0.0,0.0,2.0,2.0,15.38,29.76,1.0,1.0,7.69,14.88,1.0,1.0,7.69,14.88,0.0,0.0,0.0,0.0,1.0,1.0,7.69,14.88,0.0,0.0,0.0,0.0,0.0,0.0,0.0,0.0,1.0,1.0,7.69,14.88,0.0,0.0,0.0,0.0,53.85,69.23,-15.38,128.96,-2.0,-2.0,-15.38,2.42,2.42,0.6,0.64,0.75,0.0,1.0,0.0,0.33,0.0,0.67,0.5,0.0,0.0,0.08,0.0,0.2
3,新北國王,21|22|29,李愷諺/簡祐哲/林書緯,1,5,8.0,73.0,1.22,01:13,73.0,1.22,01:13,0.0,0.0,0.0,0.0,7.0,7.0,87.5,207.12,2.0,2.0,25.0,59.18,0.0,0.0,0.0,0.0,2.0,2.0,25.0,59.18,0.0,0.0,0.0,0.0,0.0,0.0,0.0,0.0,0.0,0.0,0.0,0.0,0.0,0.0,0.0,0.0,0.0,0.0,0.0,0.0,1.0,1.0,12.5,29.59,1.0,1.0,12.5,29.59,0.0,0.0,0.0,0.0,0.0,0.0,0.0,0.0,2.0,2.0,25.0,59.18,0.0,0.0,0.0,0.0,2.0,2.0,25.0,59.18,1.0,1.0,12.5,29.59,0.0,0.0,0.0,0.0,1.0,1.0,12.5,29.59,0.0,87.5,-87.5,157.81,-7.0,-7.0,-87.5,1.22,1.22,0.0,0.0,0.0,,,0.5,,1.0,1.0,1.0,25.0,12.5,0.0,12.5,0.0
3,新北國王,21|22|32,李愷諺/簡祐哲/奧帝,1,5,8.0,73.0,1.22,01:13,73.0,1.22,01:13,0.0,0.0,0.0,0.0,7.0,7.0,87.5,207.12,2.0,2.0,25.0,59.18,0.0,0.0,0.0,0.0,2.0,2.0,25.0,59.18,0.0,0.0,0.0,0.0,0.0,0.0,0.0,0.0,0.0,0.0,0.0,0.0,0.0,0.0,0.0,0.0,0.0,0.0,0.0,0.0,1.0,1.0,12.5,29.59,1.0,1.0,12.5,29.59,0.0,0.0,0.0,0.0,0.0,0.0,0.0,0.0,2.0,2.0,25.0,59.18,0.0,0.0,0.0,0.0,2.0,2.0,25.0,59.18,1.0,1.0,12.5,29.59,0.0,0.0,0.0,0.0,1.0,1.0,12.5,29.59,0.0,87.5,-87.5,157.81,-7.0,-7.0,-87.5,1.22,1.22,0.0,0.0,0.0,,,0.5,,1.0,1.0,1.0,25.0,12.5,0.0,12.5,0.0
3,新北國王,21|22|13029,李愷諺/簡祐哲/杰倫,1,5,8.0,73.0,1.22,01:13,73.0,1.22,01:13,0.0,0.0,0.0,0.0,7.0,7.0,87.5,207.12,2.0,2.0,25.0,59.18,0.0,0.0,0.0,0.0,2.0,2.0,25.0,59.18,0.0,0.0,0.0,0.0,0.0,0.0,0.0,0.0,0.0,0.0,0.0,0.0,0.0,0.0,0.0,0.0,0.0,0.0,0.0,0.0,1.0,1.0,12.5,29.59,1.0,1.0,12.5,29.59,0.0,0.0,0.0,0.0,0.0,0.0,0.0,0.0,2.0,2.0,25.0,59.18,0.0,0.0,0.0,0.0,2.0,2.0,25.0,59.18,1.0,1.0,12.5,29.59,0.0,0.0,0.0,0.0,1.0,1.0,12.5,29.59,0.0,87.5,-87.5,157.81,-7.0,-7.0,-87.5,1.22,1.22,0.0,0.0,0.0,,,0.5,,1.0,1.0,1.0,25.0,12.5,0.0,12.5,0.0
3,新北國王,22|29|32,簡祐哲/林書緯/奧帝,1,5,8.0,73.0,1.22,01:13,73.0,1.22,01:13,0.0,0.0,0.0,0.0,7.0,7.0,87.5,207.12,2.0,2.0,25.0,59.18,0.0,0.0,0.0,0.0,2.0,2.0,25.0,59.18,0.0,0.0,0.0,0.0,0.0,0.0,0.0,0.0,0.0,0.0,0.0,0.0,0.0,0.0,0.0,0.0,0.0,0.0,0.0,0.0,1.0,1.0,12.5,29.59,1.0,1.0,12.5,29.59,0.0,0.0,0.0,0.0,0.0,0.0,0.0,0.0,2.0,2.0,25.0,59.18,0.0,0.0,0.0,0.0,2.0,2.0,25.0,59.18,1.0,1.0,12.5,29.59,0.0,0.0,0.0,0.0,1.0,1.0,12.5,29.59,0.0,87.5,-87.5,157.81,-7.0,-7.0,-87.5,1.22,1.22,0.0,0.0,0.0,,,0.5,,1.0,1.0,1.0,25.0,12.5,0.0,12.5,0.0
3,新北國王,22|29|13029,簡祐哲/林書緯/杰倫,1,5,8.0,73.0,1.22,01:13,73.0,1.22,01:13,0.0,0.0,0.0,0.0,7.0,7.0,87.5,207.12,2.0,2.0,25.0,59.18,0.0,0.0,0.0,0.0,2.0,2.0,25.0,59.18,0.0,0.0,0.0,0.0,0.0,0.0,0.0,0.0,0.0,0.0,0.0,0.0,0.0,0.0,0.0,0.0,0.0,0.0,0.0,0.0,1.0,1.0,12.5,29.59,1.0,1.0,12.5,29.59,0.0,0.0,0.0,0.0,0.0,0.0,0.0,0.0,2.0,2.0,25.0,59.18,0.0,0.0,0.0,0.0,2.0,2.0,25.0,59.18,1.0,1.0,12.5,29.59,0.0,0.0,0.0,0.0,1.0,1.0,12.5,29.59,0.0,87.5,-87.5,157.81,-7.0,-7.0,-87.5,1.22,1.22,0.0,0.0,0.0,,,0.5,,1.0,1.0,1.0,25.0,12.5,0.0,12.5,0.0
3,新北國王,22|32|13029,簡祐哲/奧帝/杰倫,1,8,12.0,113.56,1.89,01:54,113.56,1.89,01:54,1.0,1.0,8.33,19.02,7.0,7.0,58.33,133.15,2.0,2.0,16.67,38.04,0.0,0.0,0.0,0.0,2.0,2.0,16.67,38.04,0.0,0.0,0.0,0.0,0.0,0.0,0.0,0.0,0.0,0.0,0.0,0.0,2.0,2.0,16.67,38.04,1.0,1.0,8.33,19.02,1.0,1.0,8.33,19.02,2.0,2.0,16.67,38.04,1.0,1.0,8.33,19.02,1.0,1.0,8.33,19.02,2.0,2.0,16.67,38.04,0.0,0.0,0.0,0.0,2.0,2.0,16.67,38.04,1.0,1.0,8.33,19.02,1.0,1.0,8.33,19.02,3.0,3.0,25.0,57.06,8.33,58.33,-50.0,152.17,-6.0,-6.0,-50.0,1.89,1.89,0.0,0.17,0.0,,0.5,0.41,,0.5,0.67,0.6,16.67,8.33,0.08,25.0,1.0
3,新北國王,22|34|10873,簡祐哲/沃許本/喬納森,1,28,33.0,468.87,7.81,07:49,468.87,7.81,07:49,20.0,20.0,60.61,92.14,13.0,13.0,39.39,59.89,15.0,15.0,45.45,69.1,7.0,7.0,21.21,32.25,5.0,5.0,15.15,23.03,3.0,3.0,9.09,13.82,10.0,10.0,30.3,46.07,4.0,4.0,12.12,18.43,0.0,0.0,0.0,0.0,0.0,0.0,0.0,0.0,3.0,3.0,9.09,13.82,5.0,5.0,15.15,23.03,2.0,2.0,6.06,9.21,7.0,7.0,21.21,32.25,2.0,2.0,6.06,9.21,2.0,2.0,6.06,9.21,1.0,1.0,3.03,4.61,0.0,0.0,0.0,0.0,1.0,1.0,3.03,4.61,0.0,0.0,0.0,0.0,60.61,39.39,21.21,101.35,7.0,7.0,21.21,7.81,7.81,0.6,0.67,0.6,0.4,,0.12,0.29,0.3,0.71,0.47,3.03,0.0,0.03,0.0,0.0
3,新北國王,22|34|10874,簡祐哲/沃許本/熊祥泰,1,15,16.0,252.16,4.2,04:12,252.16,4.2,04:12,11.0,11.0,68.75,94.22,7.0,7.0,43.75,59.96,9.0,9.0,56.25,77.09,4.0,4.0,25.0,34.26,2.0,2.0,12.5,17.13,1.0,1.0,6.25,8.57,7.0,7.0,43.75,59.96,3.0,3.0,18.75,25.7,0.0,0.0,0.0,0.0,0.0,0.0,0.0,0.0,1.0,1.0,6.25,8.57,4.0,4.0,25.0,34.26,0.0,0.0,0.0,0.0,3.0,3.0,18.75,25.7,0.0,0.0,0.0,0.0,2.0,2.0,12.5,17.13,0.0,0.0,0.0,0.0,0.0,0.0,0.0,0.0,0.0,0.0,0.0,0.0,0.0,0.0,0.0,0.0,68.75,43.75,25.0,91.37,4.0,4.0,25.0,4.2,4.2,0.61,0.61,0.5,0.43,,0.0,0.5,0.25,1.0,0.62,0.0,0.0,0.0,0.0,0.0
3,新北國王,22|34|13029,簡祐哲/沃許本/杰倫,1,29,34.0,486.87,8.11,08:07,486.87,8.11,08:07,21.0,21.0,61.76,93.17,13.0,13.0,38.24,57.67,16.0,16.0,47.06,70.98,8.0,8.0,23.53,35.49,6.0,6.0,17.65,26.62,4.0,4.0,11.76,17.75,10.0,10.0,29.41,44.37,4.0,4.0,11.76,17.75,2.0,2.0,5.88,8.87,1.0,1.0,2.94,4.44,3.0,3.0,8.82,13.31,5.0,5.0,14.71,22.18,2.0,2.0,5.88,8.87,7.0,7.0,20.59,31.06,2.0,2.0,5.88,8.87,2.0,2.0,5.88,8.87,1.0,1.0,2.94,4.44,0.0,0.0,0.0,0.0,3.0,3.0,8.82,13.31,0.0,0.0,0.0,0.0,61.76,38.24,23.53,100.56,8.0,8.0,23.53,8.11,8.11,0.62,0.62,0.67,0.4,0.5,0.11,0.25,0.3,0.71,0.47,2.94,0.0,0.09,0.0,0.12
3,新北國王,22|10873|10874,簡祐哲/喬納森/熊祥泰,1,15,16.0,252.16,4.2,04:12,252.16,4.2,04:12,11.0,11.0,68.75,94.22,7.0,7.0,43.75,59.96,9.0,9.0,56.25,77.09,4.0,4.0,25.0,34.26,2.0,2.0,12.5,17.13,1.0,1.0,6.25,8.57,7.0,7.0,43.75,59.96,3.0,3.0,18.75,25.7,0.0,0.0,0.0,0.0,0.0,0.0,0.0,0.0,1.0,1.0,6.25,8.57,4.0,4.0,25.0,34.26,0.0,0.0,0.0,0.0,3.0,3.0,18.75,25.7,0.0,0.0,0.0,0.0,2.0,2.0,12.5,17.13,0.0,0.0,0.0,0.0,0.0,0.0,0.0,0.0,0.0,0.0,0.0,0.0,0.0,0.0,0.0,0.0,68.75,43.75,25.0,91.37,4.0,4.0,25.0,4.2,4.2,0.61,0.61,0.5,0.43,,0.0,0.5,0.25,1.0,0.62,0.0,0.0,0.0,0.0,0.0
3,新北國王,22|10873|13029,簡祐哲/喬納森/杰倫,1,44,53.0,682.05,11.37,11:22,682.05,11.37,11:22,26.0,26.0,49.06,82.34,15.0,15.0,28.3,47.5,21.0,21.0,39.62,66.51,9.0,9.0,16.98,28.5,7.0,7.0,13.21,22.17,5.0,5.0,9.43,15.83,14.0,14.0,26.42,44.34,4.0,4.0,7.55,12.67,4.0,4.0,7.55,12.67,2.0,2.0,3.77,6.33,4.0,4.0,7.55,12.67,10.0,10.0,18.87,31.67,5.0,5.0,9.43,15.83,12.0,12.0,22.64,38.0,2.0,2.0,3.77,6.33,3.0,3.0,5.66,9.5,1.0,1.0,1.89,3.17,0.0,0.0,0.0,0.0,3.0,3.0,5.66,9.5,2.0,2.0,3.77,6.33,49.06,28.3,20.75,111.9,11.0,11.0,20.75,11.37,11.37,0.52,0.57,0.71,0.29,0.5,0.08,0.33,0.25,0.67,0.45,1.89,0.0,0.06,3.77,0.19
3,新北國王,22|10874|13029,簡祐哲/熊祥泰/杰倫,1,15,16.0,252.16,4.2,04:12,252.16,4.2,04:12,11.0,11.0,68.75,94.22,7.0,7.0,43.75,59.96,9.0,9.0,56.25,77.09,4.0,4.0,25.0,34.26,2.0,2.0,12.5,17.13,1.0,1.0,6.25,8.57,7.0,7.0,43.75,59.96,3.0,3.0,18.75,25.7,0.0,0.0,0.0,0.0,0.0,0.0,0.0,0.0,1.0,1.0,6.25,8.57,4.0,4.0,25.0,34.26,0.0,0.0,0.0,0.0,3.0,3.0,18.75,25.7,0.0,0.0,0.0,0.0,2.0,2.0,12.5,17.13,0.0,0.0,0.0,0.0,0.0,0.0,0.0,0.0,0.0,0.0,0.0,0.0,0.0,0.0,0.0,0.0,68.75,43.75,25.0,91.37,4.0,4.0,25.0,4.2,4.2,0.61,0.61,0.5,0.43,,0.0,0.5,0.25,1.0,0.62,0.0,0.0,0.0,0.0,0.0
3,新北國王,34|10873|10874,沃許本/喬納森/熊祥泰,1,15,16.0,252.16,4.2,04:12,252.16,4.2,04:12,11.0,11.0,68.75,94.22,7.0,7.0,43.75,59.96,9.0,9.0,56.25,77.09,4.0,4.0,25.0,34.26,2.0,2.0,12.5,17.13,1.0,1.0,6.25,8.57,7.0,7.0,43.75,59.96,3.0,3.0,18.75,25.7,0.0,0.0,0.0,0.0,0.0,0.0,0.0,0.0,1.0,1.0,6.25,8.57,4.0,4.0,25.0,34.26,0.0,0.0,0.0,0.0,3.0,3.0,18.75,25.7,0.0,0.0,0.0,0.0,2.0,2.0,12.5,17.13,0.0,0.0,0.0,0.0,0.0,0.0,0.0,0.0,0.0,0.0,0.0,0.0,0.0,0.0,0.0,0.0,68.75,43.75,25.0,91.37,4.0,4.0,25.0,4.2,4.2,0.61,0.61,0.5,0.43,,0.0,0.5,0.25,1.0,0.62,0.0,0.0,0.0,0.0,0.0
3,新北國王,34|10873|13029,沃許本/喬納森/杰倫,1,30,36.0,504.94,8.42,08:25,504.94,8.42,08:25,20.0,20.0,55.56,85.55,16.0,16.0,44.44,68.44,15.0,15.0,41.67,64.17,7.0,7.0,19.44,29.94,5.0,5.0,13.89,21.39,3.0,3.0,8.33,12.83,10.0,10.0,27.78,42.78,4.0,4.0,11.11,17.11,1.0,1.0,2.78,4.28,0.0,0.0,0.0,0.0,3.0,3.0,8.33,12.83,6.0,6.0,16.67,25.67,2.0,2.0,5.56,8.56,8.0,8.0,22.22,34.22,2.0,2.0,5.56,8.56,2.0,2.0,5.56,8.56,1.0,1.0,2.78,4.28,0.0,0.0,0.0,0.0,2.0,2.0,5.56,8.56,1.0,1.0,2.78,4.28,55.56,44.44,11.11,102.67,4.0,4.0,11.11,8.42,8.42,0.6,0.65,0.6,0.4,0.0,0.11,0.29,0.27,0.75,0.47,2.78,0.0,0.06,2.78,0.07
3,新北國王,10873|10874|13029,喬納森/熊祥泰/杰倫,1,15,16.0,252.16,4.2,04:12,252.16,4.2,04:12,11.0,11.0,68.75,94.22,7.0,7.0,43.75,59.96,9.0,9.0,56.25,77.09,4.0,4.0,25.0,34.26,2.0,2.0,12.5,17.13,1.0,1.0,6.25,8.57,7.0,7.0,43.75,59.96,3.0,3.0,18.75,25.7,0.0,0.0,0.0,0.0,0.0,0.0,0.0,0.0,1.0,1.0,6.25,8.57,4.0,4.0,25.0,34.26,0.0,0.0,0.0,0.0,3.0,3.0,18.75,25.7,0.0,0.0,0.0,0.0,2.0,2.0,12.5,17.13,0.0,0.0,0.0,0.0,0.0,0.0,0.0,0.0,0.0,0.0,0.0,0.0,0.0,0.0,0.0,0.0,68.75,43.75,25.0,91.37,4.0,4.0,25.0,4.2,4.2,0.61,0.61,0.5,0.43,,0.0,0.5,0.25,1.0,0.62,0.0,0.0,0.0,0.0,0.0
3,新北中信特攻,39|40|104,魏嘉豪/謝亞軒/貝奇,1,18,21.0,299.56,4.99,05:00,299.56,4.99,05:00,7.0,7.0,33.33,50.47,8.0,8.0,38.1,57.68,10.0,10.0,47.62,72.11,3.0,3.0,14.29,21.63,7.0,7.0,33.33,50.47,2.0,2.0,9.52,14.42,3.0,3.0,14.29,21.63,1.0,1.0,4.76,7.21,2.0,2.0,9.52,14.42,0.0,0.0,0.0,0.0,2.0,2.0,9.52,14.42,5.0,5.0,23.81,36.05,1.0,1.0,4.76,7.21,5.0,5.0,23.81,36.05,0.0,0.0,0.0,0.0,3.0,3.0,14.29,21.63,0.0,0.0,0.0,0.0,0.0,0.0,0.0,0.0,1.0,1.0,4.76,7.21,2.0,2.0,9.52,14.42,33.33,38.1,-4.76,100.95,-1.0,-1.0,-4.76,4.99,4.99,0.35,0.32,0.29,0.33,0.0,0.0,1.0,0.29,0.83,0.54,0.0,0.0,0.05,9.52,0.2
3,新北中信特攻,39|40|10879,魏嘉豪/謝亞軒/簡廷兆,1,3,4.0,57.0,0.95,00:57,57.0,0.95,00:57,3.0,3.0,75.0,113.68,2.0,2.0,50.0,75.79,2.0,2.0,50.0,75.79,1.0,1.0,25.0,37.89,0.0,0.0,0.0,0.0,0.0,0.0,0.0,0.0,2.0,2.0,50.0,75.79,1.0,1.0,25.0,37.89,0.0,0.0,0.0,0.0,0.0,0.0,0.0,0.0,0.0,0.0,0.0,0.0,0.0,0.0,0.0,0.0,1.0,1.0,25.0,37.89,0.0,0.0,0.0,0.0,0.0,0.0,0.0,0.0,1.0,1.0,25.0,37.89,0.0,0.0,0.0,0.0,0.0,0.0,0.0,0.0,0.0,0.0,0.0,0.0,0.0,0.0,0.0,0.0,75.0,50.0,25.0,101.05,1.0,1.0,25.0,0.95,0.95,0.75,0.75,,0.5,,0.0,1.0,,0.0,0.0,0.0,0.0,0.0,0.0,0.0
3,新北中信特攻,39|40|10881,魏嘉豪/謝亞軒/飛克,1,11,12.0,209.0,3.48,03:29,209.0,3.48,03:29,7.0,7.0,58.33,72.34,2.0,2.0,16.67,20.67,5.0,5.0,41.67,51.67,3.0,3.0,25.0,31.0,2.0,2.0,16.67,20.67,2.0,2.0,16.67,20.67,3.0,3.0,25.0,31.0,1.0,1.0,8.33,10.33,2.0,2.0,16.67,20.67,0.0,0.0,0.0,0.0,0.0,0.0,0.0,0.0,2.0,2.0,16.67,20.67,1.0,1.0,8.33,10.33,4.0,4.0,33.33,41.34,0.0,0.0,0.0,0.0,3.0,3.0,25.0,31.0,0.0,0.0,0.0,0.0,0.0,0.0,0.0,0.0,1.0,1.0,8.33,10.33,0.0,0.0,0.0,0.0,58.33,16.67,41.67,82.68,5.0,5.0,41.67,3.48,3.48,0.7,0.6,1.0,0.33,0.0,0.0,1.0,0.0,0.67,0.29,0.0,0.0,0.08,0.0,0.4
3,新北中信特攻,39|40|10877,魏嘉豪/謝亞軒/阿巴西,1,10,11.0,163.56,2.73,02:44,163.56,2.73,02:44,4.0,4.0,36.36,52.83,1.0,1.0,9.09,13.21,4.0,4.0,36.36,52.83,2.0,2.0,18.18,26.41,3.0,3.0,27.27,39.62,2.0,2.0,18.18,26.41,1.0,1.0,9.09,13.21,0.0,0.0,0.0,0.0,2.0,2.0,18.18,26.41,0.0,0.0,0.0,0.0,1.0,1.0,9.09,13.21,2.0,2.0,18.18,26.41,0.0,0.0,0.0,0.0,5.0,5.0,45.45,66.03,0.0,0.0,0.0,0.0,2.0,2.0,18.18,26.41,0.0,0.0,0.0,0.0,0.0,0.0,0.0,0.0,1.0,1.0,9.09,13.21,2.0,2.0,18.18,26.41,36.36,9.09,27.27,96.85,3.0,3.0,27.27,2.73,2.73,0.5,0.41,0.67,0.0,0.0,0.0,1.0,0.17,1.0,0.38,0.0,0.0,0.09,18.18,0.5
3,新北國王,22|23|32,簡祐哲/王柏智/奧帝,1,3,4.0,40.56,0.68,00:41,40.56,0.68,00:41,1.0,1.0,25.0,53.26,0.0,0.0,0.0,0.0,0.0,0.0,0.0,0.0,0.0,0.0,0.0,0.0,0.0,0.0,0.0,0.0,0.0,0.0,0.0,0.0,0.0,0.0,0.0,0.0,0.0,0.0,0.0,0.0,2.0,2.0,50.0,106.51,1.0,1.0,25.0,53.26,0.0,0.0,0.0,0.0,1.0,1.0,25.0,53.26,1.0,1.0,25.0,53.26,1.0,1.0,25.0,53.26,0.0,0.0,0.0,0.0,0.0,0.0,0.0,0.0,0.0,0.0,0.0,0.0,0.0,0.0,0.0,0.0,1.0,1.0,25.0,53.26,2.0,2.0,50.0,106.51,25.0,0.0,25.0,142.02,1.0,1.0,25.0,0.68,0.68,,0.57,,,0.5,0.0,,0.0,0.5,0.33,0.0,0.0,0.25,50.0,
3,新北國王,22|23|10873,簡祐哲/王柏智/喬納森,1,23,29.0,322.18,5.37,05:22,322.18,5.37,05:22,11.0,11.0,37.93,73.75,4.0,4.0,13.79,26.82,10.0,10.0,34.48,67.04,4.0,4.0,13.79,26.82,4.0,4.0,13.79,26.82,3.0,3.0,10.34,20.11,6.0,6.0,20.69,40.23,1.0,1.0,3.45,6.7,4.0,4.0,13.79,26.82,2.0,2.0,6.9,13.41,1.0,1.0,3.45,6.7,7.0,7.0,24.14,46.93,4.0,4.0,13.79,26.82,6.0,6.0,20.69,40.23,0.0,0.0,0.0,0.0,2.0,2.0,6.9,13.41,0.0,0.0,0.0,0.0,0.0,0.0,0.0,0.0,2.0,2.0,6.9,13.41,2.0,2.0,6.9,13.41,37.93,13.79,24.14,129.62,7.0,7.0,24.14,5.37,5.37,0.45,0.47,0.75,0.17,0.5,0.0,0.5,0.14,0.64,0.44,0.0,0.0,0.07,6.9,0.4
3,新北國王,22|23|13029,簡祐哲/王柏智/杰倫,1,16,20.0,221.18,3.69,03:41,221.18,3.69,03:41,6.0,6.0,30.0,58.59,2.0,2.0,10.0,19.53,6.0,6.0,30.0,58.59,2.0,2.0,10.0,19.53,2.0,2.0,10.0,19.53,2.0,2.0,10.0,19.53,4.0,4.0,20.0,39.06,0.0,0.0,0.0,0.0,4.0,4.0,20.0,39.06,2.0,2.0,10.0,19.53,1.0,1.0,5.0,9.77,5.0,5.0,25.0,48.83,3.0,3.0,15.0,29.3,5.0,5.0,25.0,48.83,0.0,0.0,0.0,0.0,1.0,1.0,5.0,9.77,0.0,0.0,0.0,0.0,0.0,0.0,0.0,0.0,2.0,2.0,10.0,19.53,2.0,2.0,10.0,19.53,30.0,10.0,20.0,130.21,4.0,4.0,20.0,3.69,3.69,0.33,0.39,1.0,0.0,0.5,0.0,0.5,0.17,0.62,0.43,0.0,0.0,0.1,10.0,0.67
3,新北國王,22|32|10873,簡祐哲/奧帝/喬納森,1,3,4.0,40.56,0.68,00:41,40.56,0.68,00:41,1.0,1.0,25.0,53.26,0.0,0.0,0.0,0.0,0.0,0.0,0.0,0.0,0.0,0.0,0.0,0.0,0.0,0.0,0.0,0.0,0.0,0.0,0.0,0.0,0.0,0.0,0.0,0.0,0.0,0.0,0.0,0.0,2.0,2.0,50.0,106.51,1.0,1.0,25.0,53.26,0.0,0.0,0.0,0.0,1.0,1.0,25.0,53.26,1.0,1.0,25.0,53.26,1.0,1.0,25.0,53.26,0.0,0.0,0.0,0.0,0.0,0.0,0.0,0.0,0.0,0.0,0.0,0.0,0.0,0.0,0.0,0.0,1.0,1.0,25.0,53.26,2.0,2.0,50.0,106.51,25.0,0.0,25.0,142.02,1.0,1.0,25.0,0.68,0.68,,0.57,,,0.5,0.0,,0.0,0.5,0.33,0.0,0.0,0.25,50.0,
3,新北國王,23|32|10873,王柏智/奧帝/喬納森,1,3,4.0,40.56,0.68,00:41,40.56,0.68,00:41,1.0,1.0,25.0,53.26,0.0,0.0,0.0,0.0,0.0,0.0,0.0,0.0,0.0,0.0,0.0,0.0,0.0,0.0,0.0,0.0,0.0,0.0,0.0,0.0,0.0,0.0,0.0,0.0,0.0,0.0,0.0,0.0,2.0,2.0,50.0,106.51,1.0,1.0,25.0,53.26,0.0,0.0,0.0,0.0,1.0,1.0,25.0,53.26,1.0,1.0,25.0,53.26,1.0,1.0,25.0,53.26,0.0,0.0,0.0,0.0,0.0,0.0,0.0,0.0,0.0,0.0,0.0,0.0,0.0,0.0,0.0,0.0,1.0,1.0,25.0,53.26,2.0,2.0,50.0,106.51,25.0,0.0,25.0,142.02,1.0,1.0,25.0,0.68,0.68,,0.57,,,0.5,0.0,,0.0,0.5,0.33,0.0,0.0,0.25,50.0,
3,新北國王,23|32|13029,王柏智/奧帝/杰倫,1,3,4.0,40.56,0.68,00:41,40.56,0.68,00:41,1.0,1.0,25.0,53.26,0.0,0.0,0.0,0.0,0.0,0.0,0.0,0.0,0.0,0.0,0.0,0.0,0.0,0.0,0.0,0.0,0.0,0.0,0.0,0.0,0.0,0.0,0.0,0.0,0.0,0.0,0.0,0.0,2.0,2.0,50.0,106.51,1.0,1.0,25.0,53.26,0.0,0.0,0.0,0.0,1.0,1.0,25.0,53.26,1.0,1.0,25.0,53.26,1.0,1.0,25.0,53.26,0.0,0.0,0.0,0.0,0.0,0.0,0.0,0.0,0.0,0.0,0.0,0.0,0.0,0.0,0.0,0.0,1.0,1.0,25.0,53.26,2.0,2.0,50.0,106.51,25.0,0.0,25.0,142.02,1.0,1.0,25.0,0.68,0.68,,0.57,,,0.5,0.0,,0.0,0.5,0.33,0.0,0.0,0.25,50.0,
3,新北國王,23|10873|13029,王柏智/喬納森/杰倫,1,16,20.0,213.18,3.55,03:33,213.18,3.55,03:33,6.0,6.0,30.0,60.79,2.0,2.0,10.0,20.26,6.0,6.0,30.0,60.79,2.0,2.0,10.0,20.26,2.0,2.0,10.0,20.26,2.0,2.0,10.0,20.26,4.0,4.0,20.0,40.53,0.0,0.0,0.0,0.0,4.0,4.0,20.0,40.53,2.0,2.0,10.0,20.26,1.0,1.0,5.0,10.13,5.0,5.0,25.0,50.66,3.0,3.0,15.0,30.4,5.0,5.0,25.0,50.66,0.0,0.0,0.0,0.0,1.0,1.0,5.0,10.13,0.0,0.0,0.0,0.0,0.0,0.0,0.0,0.0,2.0,2.0,10.0,20.26,2.0,2.0,10.0,20.26,30.0,10.0,20.0,135.1,4.0,4.0,20.0,3.55,3.55,0.33,0.39,1.0,0.0,0.5,0.0,0.5,0.17,0.62,0.43,0.0,0.0,0.1,10.0,0.67
3,新北國王,32|10873|13029,奧帝/喬納森/杰倫,1,3,4.0,40.56,0.68,00:41,40.56,0.68,00:41,1.0,1.0,25.0,53.26,0.0,0.0,0.0,0.0,0.0,0.0,0.0,0.0,0.0,0.0,0.0,0.0,0.0,0.0,0.0,0.0,0.0,0.0,0.0,0.0,0.0,0.0,0.0,0.0,0.0,0.0,0.0,0.0,2.0,2.0,50.0,106.51,1.0,1.0,25.0,53.26,0.0,0.0,0.0,0.0,1.0,1.0,25.0,53.26,1.0,1.0,25.0,53.26,1.0,1.0,25.0,53.26,0.0,0.0,0.0,0.0,0.0,0.0,0.0,0.0,0.0,0.0,0.0,0.0,0.0,0.0,0.0,0.0,1.0,1.0,25.0,53.26,2.0,2.0,50.0,106.51,25.0,0.0,25.0,142.02,1.0,1.0,25.0,0.68,0.68,,0.57,,,0.5,0.0,,0.0,0.5,0.33,0.0,0.0,0.25,50.0,
3,新北中信特攻,39|40|10880,魏嘉豪/謝亞軒/內馬,1,7,9.0,90.56,1.51,01:31,90.56,1.51,01:31,0.0,0.0,0.0,0.0,6.0,6.0,66.67,143.11,5.0,5.0,55.56,119.26,0.0,0.0,0.0,0.0,5.0,5.0,55.56,119.26,0.0,0.0,0.0,0.0,0.0,0.0,0.0,0.0,0.0,0.0,0.0,0.0,0.0,0.0,0.0,0.0,0.0,0.0,0.0,0.0,2.0,2.0,22.22,47.7,3.0,3.0,33.33,71.56,0.0,0.0,0.0,0.0,1.0,1.0,11.11,23.85,0.0,0.0,0.0,0.0,0.0,0.0,0.0,0.0,0.0,0.0,0.0,0.0,0.0,0.0,0.0,0.0,0.0,0.0,0.0,0.0,2.0,2.0,22.22,47.7,0.0,66.67,-66.67,143.11,-6.0,-6.0,-66.67,1.51,1.51,0.0,0.0,0.0,,,0.0,,0.67,1.0,0.83,0.0,0.0,0.0,22.22,0.0
3,新北中信特攻,39|104|10880,魏嘉豪/貝奇/內馬,1,7,9.0,90.56,1.51,01:31,90.56,1.51,01:31,0.0,0.0,0.0,0.0,6.0,6.0,66.67,143.11,5.0,5.0,55.56,119.26,0.0,0.0,0.0,0.0,5.0,5.0,55.56,119.26,0.0,0.0,0.0,0.0,0.0,0.0,0.0,0.0,0.0,0.0,0.0,0.0,0.0,0.0,0.0,0.0,0.0,0.0,0.0,0.0,2.0,2.0,22.22,47.7,3.0,3.0,33.33,71.56,0.0,0.0,0.0,0.0,1.0,1.0,11.11,23.85,0.0,0.0,0.0,0.0,0.0,0.0,0.0,0.0,0.0,0.0,0.0,0.0,0.0,0.0,0.0,0.0,0.0,0.0,0.0,0.0,2.0,2.0,22.22,47.7,0.0,66.67,-66.67,143.11,-6.0,-6.0,-66.67,1.51,1.51,0.0,0.0,0.0,,,0.0,,0.67,1.0,0.83,0.0,0.0,0.0,22.22,0.0
3,新北中信特攻,39|10877|10880,魏嘉豪/阿巴西/內馬,1,2,3.0,11.56,0.19,00:12,11.56,0.19,00:12,0.0,0.0,0.0,0.0,1.0,1.0,33.33,186.88,1.0,1.0,33.33,186.88,0.0,0.0,0.0,0.0,1.0,1.0,33.33,186.88,0.0,0.0,0.0,0.0,0.0,0.0,0.0,0.0,0.0,0.0,0.0,0.0,0.0,0.0,0.0,0.0,0.0,0.0,0.0,0.0,1.0,1.0,33.33,186.88,0.0,0.0,0.0,0.0,0.0,0.0,0.0,0.0,1.0,1.0,33.33,186.88,0.0,0.0,0.0,0.0,0.0,0.0,0.0,0.0,0.0,0.0,0.0,0.0,0.0,0.0,0.0,0.0,0.0,0.0,0.0,0.0,2.0,2.0,66.67,373.77,0.0,33.33,-33.33,373.77,-1.0,-1.0,-33.33,0.19,0.19,0.0,0.0,0.0,,,0.0,,0.5,,0.5,0.0,0.0,0.0,66.67,0.0
3,新北中信特攻,40|104|10880,謝亞軒/貝奇/內馬,1,17,23.0,278.34,4.64,04:38,278.34,4.64,04:38,9.0,9.0,39.13,69.84,10.0,10.0,43.48,77.6,11.0,11.0,47.83,85.36,4.0,4.0,17.39,31.04,9.0,9.0,39.13,69.84,3.0,3.0,13.04,23.28,2.0,2.0,8.7,15.52,1.0,1.0,4.35,7.76,1.0,1.0,4.35,7.76,0.0,0.0,0.0,0.0,3.0,3.0,13.04,23.28,5.0,5.0,21.74,38.8,2.0,2.0,8.7,15.52,3.0,3.0,13.04,23.28,0.0,0.0,0.0,0.0,2.0,2.0,8.7,15.52,0.0,0.0,0.0,0.0,0.0,0.0,0.0,0.0,1.0,1.0,4.35,7.76,3.0,3.0,13.04,23.28,39.13,43.48,-4.35,118.99,-1.0,-1.0,-4.35,4.64,4.64,0.41,0.39,0.33,0.5,0.0,0.0,0.5,0.5,0.71,0.62,0.0,0.0,0.04,13.04,0.09
3,新北中信特攻,104|10877|10880,貝奇/阿巴西/內馬,1,10,14.0,149.26,2.49,02:29,149.26,2.49,02:29,6.0,6.0,42.86,86.83,5.0,5.0,35.71,72.36,6.0,6.0,42.86,86.83,3.0,3.0,21.43,43.41,5.0,5.0,35.71,72.36,3.0,3.0,21.43,43.41,1.0,1.0,7.14,14.47,0.0,0.0,0.0,0.0,0.0,0.0,0.0,0.0,0.0,0.0,0.0,0.0,2.0,2.0,14.29,28.94,1.0,1.0,7.14,14.47,2.0,2.0,14.29,28.94,2.0,2.0,14.29,28.94,0.0,0.0,0.0,0.0,2.0,2.0,14.29,28.94,0.0,0.0,0.0,0.0,0.0,0.0,0.0,0.0,0.0,0.0,0.0,0.0,2.0,2.0,14.29,28.94,42.86,35.71,7.14,135.07,1.0,1.0,7.14,2.49,2.49,0.5,0.5,0.6,0.0,,0.0,0.67,0.5,0.33,0.43,0.0,0.0,0.0,14.29,0.0
3,新北中信特攻,39|40|44,魏嘉豪/謝亞軒/黃泓瀚,1,5,6.0,79.0,1.32,01:19,79.0,1.32,01:19,0.0,0.0,0.0,0.0,5.0,5.0,83.33,136.71,4.0,4.0,66.67,109.37,0.0,0.0,0.0,0.0,4.0,4.0,66.67,109.37,0.0,0.0,0.0,0.0,0.0,0.0,0.0,0.0,0.0,0.0,0.0,0.0,0.0,0.0,0.0,0.0,0.0,0.0,0.0,0.0,1.0,1.0,16.67,27.34,3.0,3.0,50.0,82.03,0.0,0.0,0.0,0.0,0.0,0.0,0.0,0.0,0.0,0.0,0.0,0.0,0.0,0.0,0.0,0.0,0.0,0.0,0.0,0.0,0.0,0.0,0.0,0.0,0.0,0.0,0.0,0.0,0.0,0.0,0.0,0.0,0.0,83.33,-83.33,109.37,-5.0,-5.0,-83.33,1.32,1.32,0.0,0.0,0.0,,,0.0,,1.0,1.0,1.0,0.0,0.0,0.0,0.0,0.0
3,新北中信特攻,39|44|104,魏嘉豪/黃泓瀚/貝奇,1,5,6.0,79.0,1.32,01:19,79.0,1.32,01:19,0.0,0.0,0.0,0.0,5.0,5.0,83.33,136.71,4.0,4.0,66.67,109.37,0.0,0.0,0.0,0.0,4.0,4.0,66.67,109.37,0.0,0.0,0.0,0.0,0.0,0.0,0.0,0.0,0.0,0.0,0.0,0.0,0.0,0.0,0.0,0.0,0.0,0.0,0.0,0.0,1.0,1.0,16.67,27.34,3.0,3.0,50.0,82.03,0.0,0.0,0.0,0.0,0.0,0.0,0.0,0.0,0.0,0.0,0.0,0.0,0.0,0.0,0.0,0.0,0.0,0.0,0.0,0.0,0.0,0.0,0.0,0.0,0.0,0.0,0.0,0.0,0.0,0.0,0.0,0.0,0.0,83.33,-83.33,109.37,-5.0,-5.0,-83.33,1.32,1.32,0.0,0.0,0.0,,,0.0,,1.0,1.0,1.0,0.0,0.0,0.0,0.0,0.0
3,新北中信特攻,39|44|10880,魏嘉豪/黃泓瀚/內馬,1,5,6.0,79.0,1.32,01:19,79.0,1.32,01:19,0.0,0.0,0.0,0.0,5.0,5.0,83.33,136.71,4.0,4.0,66.67,109.37,0.0,0.0,0.0,0.0,4.0,4.0,66.67,109.37,0.0,0.0,0.0,0.0,0.0,0.0,0.0,0.0,0.0,0.0,0.0,0.0,0.0,0.0,0.0,0.0,0.0,0.0,0.0,0.0,1.0,1.0,16.67,27.34,3.0,3.0,50.0,82.03,0.0,0.0,0.0,0.0,0.0,0.0,0.0,0.0,0.0,0.0,0.0,0.0,0.0,0.0,0.0,0.0,0.0,0.0,0.0,0.0,0.0,0.0,0.0,0.0,0.0,0.0,0.0,0.0,0.0,0.0,0.0,0.0,0.0,83.33,-83.33,109.37,-5.0,-5.0,-83.33,1.32,1.32,0.0,0.0,0.0,,,0.0,,1.0,1.0,1.0,0.0,0.0,0.0,0.0,0.0
3,新北中信特攻,40|44|104,謝亞軒/黃泓瀚/貝奇,1,5,6.0,79.0,1.32,01:19,79.0,1.32,01:19,0.0,0.0,0.0,0.0,5.0,5.0,83.33,136.71,4.0,4.0,66.67,109.37,0.0,0.0,0.0,0.0,4.0,4.0,66.67,109.37,0.0,0.0,0.0,0.0,0.0,0.0,0.0,0.0,0.0,0.0,0.0,0.0,0.0,0.0,0.0,0.0,0.0,0.0,0.0,0.0,1.0,1.0,16.67,27.34,3.0,3.0,50.0,82.03,0.0,0.0,0.0,0.0,0.0,0.0,0.0,0.0,0.0,0.0,0.0,0.0,0.0,0.0,0.0,0.0,0.0,0.0,0.0,0.0,0.0,0.0,0.0,0.0,0.0,0.0,0.0,0.0,0.0,0.0,0.0,0.0,0.0,83.33,-83.33,109.37,-5.0,-5.0,-83.33,1.32,1.32,0.0,0.0,0.0,,,0.0,,1.0,1.0,1.0,0.0,0.0,0.0,0.0,0.0
3,新北中信特攻,40|44|10880,謝亞軒/黃泓瀚/內馬,1,5,6.0,79.0,1.32,01:19,79.0,1.32,01:19,0.0,0.0,0.0,0.0,5.0,5.0,83.33,136.71,4.0,4.0,66.67,109.37,0.0,0.0,0.0,0.0,4.0,4.0,66.67,109.37,0.0,0.0,0.0,0.0,0.0,0.0,0.0,0.0,0.0,0.0,0.0,0.0,0.0,0.0,0.0,0.0,0.0,0.0,0.0,0.0,1.0,1.0,16.67,27.34,3.0,3.0,50.0,82.03,0.0,0.0,0.0,0.0,0.0,0.0,0.0,0.0,0.0,0.0,0.0,0.0,0.0,0.0,0.0,0.0,0.0,0.0,0.0,0.0,0.0,0.0,0.0,0.0,0.0,0.0,0.0,0.0,0.0,0.0,0.0,0.0,0.0,83.33,-83.33,109.37,-5.0,-5.0,-83.33,1.32,1.32,0.0,0.0,0.0,,,0.0,,1.0,1.0,1.0,0.0,0.0,0.0,0.0,0.0
3,新北中信特攻,44|104|10880,黃泓瀚/貝奇/內馬,1,5,6.0,79.0,1.32,01:19,79.0,1.32,01:19,0.0,0.0,0.0,0.0,5.0,5.0,83.33,136.71,4.0,4.0,66.67,109.37,0.0,0.0,0.0,0.0,4.0,4.0,66.67,109.37,0.0,0.0,0.0,0.0,0.0,0.0,0.0,0.0,0.0,0.0,0.0,0.0,0.0,0.0,0.0,0.0,0.0,0.0,0.0,0.0,1.0,1.0,16.67,27.34,3.0,3.0,50.0,82.03,0.0,0.0,0.0,0.0,0.0,0.0,0.0,0.0,0.0,0.0,0.0,0.0,0.0,0.0,0.0,0.0,0.0,0.0,0.0,0.0,0.0,0.0,0.0,0.0,0.0,0.0,0.0,0.0,0.0,0.0,0.0,0.0,0.0,83.33,-83.33,109.37,-5.0,-5.0,-83.33,1.32,1.32,0.0,0.0,0.0,,,0.0,,1.0,1.0,1.0,0.0,0.0,0.0,0.0,0.0
3,新北國王,22|24|34,簡祐哲/蘇士軒/沃許本,1,10,12.0,169.0,2.82,02:49,169.0,2.82,02:49,8.0,8.0,66.67,102.25,4.0,4.0,33.33,51.12,5.0,5.0,41.67,63.91,4.0,4.0,33.33,51.12,3.0,3.0,25.0,38.34,3.0,3.0,25.0,38.34,2.0,2.0,16.67,25.56,1.0,1.0,8.33,12.78,2.0,2.0,16.67,25.56,1.0,1.0,8.33,12.78,1.0,1.0,8.33,12.78,0.0,0.0,0.0,0.0,1.0,1.0,8.33,12.78,3.0,3.0,25.0,38.34,1.0,1.0,8.33,12.78,0.0,0.0,0.0,0.0,0.0,0.0,0.0,0.0,0.0,0.0,0.0,0.0,3.0,3.0,25.0,38.34,0.0,0.0,0.0,0.0,66.67,33.33,33.33,102.25,4.0,4.0,33.33,2.82,2.82,0.9,0.68,1.0,0.5,0.5,0.15,0.0,0.25,0.0,0.2,0.0,0.0,0.25,0.0,0.4
3,新北國王,22|24|10873,簡祐哲/蘇士軒/喬納森,1,16,20.0,260.0,4.33,04:20,260.0,4.33,04:20,12.0,12.0,60.0,99.69,6.0,6.0,30.0,49.85,8.0,8.0,40.0,66.46,5.0,5.0,25.0,41.54,4.0,4.0,20.0,33.23,3.0,3.0,15.0,24.92,4.0,4.0,20.0,33.23,2.0,2.0,10.0,16.62,0.0,0.0,0.0,0.0,0.0,0.0,0.0,0.0,1.0,1.0,5.0,8.31,2.0,2.0,10.0,16.62,2.0,2.0,10.0,16.62,4.0,4.0,20.0,33.23,1.0,1.0,5.0,8.31,1.0,1.0,5.0,8.31,0.0,0.0,0.0,0.0,0.0,0.0,0.0,0.0,1.0,1.0,5.0,8.31,0.0,0.0,0.0,0.0,60.0,30.0,30.0,110.77,6.0,6.0,30.0,4.33,4.33,0.75,0.75,0.75,0.5,,0.11,0.2,0.2,0.5,0.33,0.0,0.0,0.05,0.0,0.0
3,新北國王,22|24|13029,簡祐哲/蘇士軒/杰倫,1,10,12.0,177.0,2.95,02:57,177.0,2.95,02:57,8.0,8.0,66.67,97.63,4.0,4.0,33.33,48.81,5.0,5.0,41.67,61.02,4.0,4.0,33.33,48.81,3.0,3.0,25.0,36.61,3.0,3.0,25.0,36.61,2.0,2.0,16.67,24.41,1.0,1.0,8.33,12.2,2.0,2.0,16.67,24.41,1.0,1.0,8.33,12.2,1.0,1.0,8.33,12.2,0.0,0.0,0.0,0.0,1.0,1.0,8.33,12.2,3.0,3.0,25.0,36.61,1.0,1.0,8.33,12.2,0.0,0.0,0.0,0.0,0.0,0.0,0.0,0.0,0.0,0.0,0.0,0.0,3.0,3.0,25.0,36.61,0.0,0.0,0.0,0.0,66.67,33.33,33.33,97.63,4.0,4.0,33.33,2.95,2.95,0.9,0.68,1.0,0.5,0.5,0.15,0.0,0.25,0.0,0.2,0.0,0.0,0.25,0.0,0.4
3,新北國王,24|34|10873,蘇士軒/沃許本/喬納森,1,11,14.0,187.08,3.12,03:07,187.08,3.12,03:07,7.0,7.0,50.0,80.82,7.0,7.0,50.0,80.82,4.0,4.0,28.57,46.18,3.0,3.0,21.43,34.64,2.0,2.0,14.29,23.09,2.0,2.0,14.29,23.09,2.0,2.0,14.29,23.09,1.0,1.0,7.14,11.55,1.0,1.0,7.14,11.55,0.0,0.0,0.0,0.0,1.0,1.0,7.14,11.55,1.0,1.0,7.14,11.55,1.0,1.0,7.14,11.55,4.0,4.0,28.57,46.18,1.0,1.0,7.14,11.55,0.0,0.0,0.0,0.0,0.0,0.0,0.0,0.0,0.0,0.0,0.0,0.0,2.0,2.0,14.29,23.09,1.0,1.0,7.14,11.55,50.0,50.0,0.0,107.76,0.0,0.0,0.0,3.12,3.12,0.88,0.79,1.0,0.5,0.0,0.18,0.0,0.2,0.5,0.29,0.0,0.0,0.14,7.14,0.25
3,新北國王,24|10873|13029,蘇士軒/喬納森/杰倫,1,11,14.0,187.08,3.12,03:07,187.08,3.12,03:07,7.0,7.0,50.0,80.82,7.0,7.0,50.0,80.82,4.0,4.0,28.57,46.18,3.0,3.0,21.43,34.64,2.0,2.0,14.29,23.09,2.0,2.0,14.29,23.09,2.0,2.0,14.29,23.09,1.0,1.0,7.14,11.55,1.0,1.0,7.14,11.55,0.0,0.0,0.0,0.0,1.0,1.0,7.14,11.55,1.0,1.0,7.14,11.55,1.0,1.0,7.14,11.55,4.0,4.0,28.57,46.18,1.0,1.0,7.14,11.55,0.0,0.0,0.0,0.0,0.0,0.0,0.0,0.0,0.0,0.0,0.0,0.0,2.0,2.0,14.29,23.09,1.0,1.0,7.14,11.55,50.0,50.0,0.0,107.76,0.0,0.0,0.0,3.12,3.12,0.88,0.79,1.0,0.5,0.0,0.18,0.0,0.2,0.5,0.29,0.0,0.0,0.14,7.14,0.25
3,新北中信特攻,104|10879|10880,貝奇/簡廷兆/內馬,1,11,15.0,191.78,3.2,03:12,191.78,3.2,03:12,9.0,9.0,60.0,101.37,5.0,5.0,33.33,56.32,6.0,6.0,40.0,67.58,4.0,4.0,26.67,45.05,4.0,4.0,26.67,45.05,3.0,3.0,20.0,33.79,2.0,2.0,13.33,22.53,1.0,1.0,6.67,11.26,1.0,1.0,6.67,11.26,0.0,0.0,0.0,0.0,1.0,1.0,6.67,11.26,2.0,2.0,13.33,22.53,2.0,2.0,13.33,22.53,2.0,2.0,13.33,22.53,0.0,0.0,0.0,0.0,2.0,2.0,13.33,22.53,0.0,0.0,0.0,0.0,0.0,0.0,0.0,0.0,1.0,1.0,6.67,11.26,3.0,3.0,20.0,33.79,60.0,33.33,26.67,112.63,4.0,4.0,26.67,3.2,3.2,0.75,0.7,0.75,0.5,0.0,0.0,0.5,0.33,0.5,0.43,0.0,0.0,0.07,20.0,0.17
3,新北國王,19|22|34,蘇培凱/簡祐哲/沃許本,1,5,7.0,83.7,1.4,01:24,83.7,1.4,01:24,3.0,3.0,42.86,77.42,2.0,2.0,28.57,51.61,3.0,3.0,42.86,77.42,1.0,1.0,14.29,25.81,2.0,2.0,28.57,51.61,1.0,1.0,14.29,25.81,1.0,1.0,14.29,25.81,0.0,0.0,0.0,0.0,2.0,2.0,28.57,51.61,1.0,1.0,14.29,25.81,1.0,1.0,14.29,25.81,1.0,1.0,14.29,25.81,1.0,1.0,14.29,25.81,1.0,1.0,14.29,25.81,1.0,1.0,14.29,25.81,0.0,0.0,0.0,0.0,1.0,1.0,14.29,25.81,0.0,0.0,0.0,0.0,2.0,2.0,28.57,51.61,0.0,0.0,0.0,0.0,42.86,28.57,14.29,120.43,1.0,1.0,14.29,1.4,1.4,0.33,0.39,0.5,0.0,0.5,0.2,0.0,0.5,0.5,0.5,14.29,0.0,0.29,0.0,0.67
3,新北國王,19|22|10873,蘇培凱/簡祐哲/喬納森,1,24,31.0,347.33,5.79,05:47,347.33,5.79,05:47,12.0,12.0,38.71,74.63,6.0,6.0,19.35,37.31,12.0,12.0,38.71,74.63,4.0,4.0,12.9,24.88,5.0,5.0,16.13,31.09,3.0,3.0,9.68,18.66,7.0,7.0,22.58,43.53,1.0,1.0,3.23,6.22,2.0,2.0,6.45,12.44,1.0,1.0,3.23,6.22,2.0,2.0,6.45,12.44,7.0,7.0,22.58,43.53,4.0,4.0,12.9,24.88,6.0,6.0,19.35,37.31,1.0,1.0,3.23,6.22,2.0,2.0,6.45,12.44,1.0,1.0,3.23,6.22,0.0,0.0,0.0,0.0,1.0,1.0,3.23,6.22,0.0,0.0,0.0,0.0,38.71,19.35,19.35,128.53,6.0,6.0,19.35,5.79,5.79,0.38,0.47,0.6,0.14,0.5,0.07,0.5,0.25,0.64,0.47,3.23,0.0,0.03,0.0,0.17
3,新北國王,19|22|13029,蘇培凱/簡祐哲/杰倫,1,18,23.0,264.32,4.41,04:24,264.32,4.41,04:24,8.0,8.0,34.78,65.37,4.0,4.0,17.39,32.69,9.0,9.0,39.13,73.55,3.0,3.0,13.04,24.52,4.0,4.0,17.39,32.69,3.0,3.0,13.04,24.52,5.0,5.0,21.74,40.86,0.0,0.0,0.0,0.0,4.0,4.0,17.39,32.69,2.0,2.0,8.7,16.34,2.0,2.0,8.7,16.34,5.0,5.0,21.74,40.86,3.0,3.0,13.04,24.52,5.0,5.0,21.74,40.86,1.0,1.0,4.35,8.17,1.0,1.0,4.35,8.17,1.0,1.0,4.35,8.17,0.0,0.0,0.0,0.0,3.0,3.0,13.04,24.52,0.0,0.0,0.0,0.0,34.78,17.39,17.39,125.3,4.0,4.0,17.39,4.41,4.41,0.33,0.37,0.75,0.0,0.5,0.09,0.33,0.29,0.62,0.47,4.35,0.0,0.13,0.0,0.44
3,新北國王,19|34|10873,蘇培凱/沃許本/喬納森,1,6,9.0,101.78,1.7,01:42,101.78,1.7,01:42,2.0,2.0,22.22,42.45,5.0,5.0,55.56,106.11,2.0,2.0,22.22,42.45,0.0,0.0,0.0,0.0,1.0,1.0,11.11,21.22,0.0,0.0,0.0,0.0,1.0,1.0,11.11,21.22,0.0,0.0,0.0,0.0,1.0,1.0,11.11,21.22,0.0,0.0,0.0,0.0,1.0,1.0,11.11,21.22,2.0,2.0,22.22,42.45,1.0,1.0,11.11,21.22,2.0,2.0,22.22,42.45,1.0,1.0,11.11,21.22,0.0,0.0,0.0,0.0,1.0,1.0,11.11,21.22,0.0,0.0,0.0,0.0,1.0,1.0,11.11,21.22,1.0,1.0,11.11,21.22,22.22,55.56,-33.33,127.34,-3.0,-3.0,-33.33,1.7,1.7,0.0,0.41,0.0,0.0,0.0,0.29,,0.33,0.67,0.5,11.11,0.0,0.11,11.11,0.5
3,新北國王,19|34|13029,蘇培凱/沃許本/杰倫,1,7,10.0,119.78,2.0,02:00,119.78,2.0,02:00,3.0,3.0,30.0,54.1,5.0,5.0,50.0,90.17,3.0,3.0,30.0,54.1,1.0,1.0,10.0,18.03,2.0,2.0,20.0,36.07,1.0,1.0,10.0,18.03,1.0,1.0,10.0,18.03,0.0,0.0,0.0,0.0,3.0,3.0,30.0,54.1,1.0,1.0,10.0,18.03,1.0,1.0,10.0,18.03,2.0,2.0,20.0,36.07,1.0,1.0,10.0,18.03,2.0,2.0,20.0,36.07,1.0,1.0,10.0,18.03,0.0,0.0,0.0,0.0,1.0,1.0,10.0,18.03,0.0,0.0,0.0,0.0,3.0,3.0,30.0,54.1,1.0,1.0,10.0,18.03,30.0,50.0,-20.0,120.22,-2.0,-2.0,-20.0,2.0,2.0,0.33,0.35,0.5,0.0,0.33,0.19,0.0,0.33,0.67,0.5,10.0,0.0,0.3,10.0,1.0
3,新北國王,19|10873|13029,蘇培凱/喬納森/杰倫,1,19,25.0,274.4,4.57,04:34,274.4,4.57,04:34,7.0,7.0,28.0,55.1,7.0,7.0,28.0,55.1,8.0,8.0,32.0,62.97,2.0,2.0,8.0,15.74,3.0,3.0,12.0,23.62,2.0,2.0,8.0,15.74,5.0,5.0,20.0,39.36,0.0,0.0,0.0,0.0,3.0,3.0,12.0,23.62,1.0,1.0,4.0,7.87,2.0,2.0,8.0,15.74,6.0,6.0,24.0,47.23,3.0,3.0,12.0,23.62,6.0,6.0,24.0,47.23,1.0,1.0,4.0,7.87,1.0,1.0,4.0,7.87,1.0,1.0,4.0,7.87,0.0,0.0,0.0,0.0,2.0,2.0,8.0,15.74,1.0,1.0,4.0,7.87,28.0,28.0,0.0,131.2,0.0,0.0,0.0,4.57,4.57,0.25,0.38,0.67,0.0,0.33,0.1,0.5,0.25,0.67,0.47,4.0,0.0,0.08,4.0,0.38
3,新北中信特攻,40|104|113,謝亞軒/貝奇/林任鴻,1,2,3.0,50.08,0.83,00:50,50.08,0.83,00:50,3.0,3.0,100.0,129.41,0.0,0.0,0.0,0.0,1.0,1.0,33.33,43.14,1.0,1.0,33.33,43.14,0.0,0.0,0.0,0.0,0.0,0.0,0.0,0.0,1.0,1.0,33.33,43.14,1.0,1.0,33.33,43.14,1.0,1.0,33.33,43.14,0.0,0.0,0.0,0.0,0.0,0.0,0.0,0.0,1.0,1.0,33.33,43.14,0.0,0.0,0.0,0.0,1.0,1.0,33.33,43.14,0.0,0.0,0.0,0.0,0.0,0.0,0.0,0.0,0.0,0.0,0.0,0.0,0.0,0.0,0.0,0.0,1.0,1.0,33.33,43.14,1.0,1.0,33.33,43.14,100.0,0.0,100.0,86.27,3.0,3.0,100.0,0.83,0.83,1.5,1.04,,1.0,0.0,0.0,0.0,0.0,1.0,0.5,0.0,0.0,0.33,33.33,1.0
3,新北中信特攻,40|113|10879,謝亞軒/林任鴻/簡廷兆,1,2,3.0,50.08,0.83,00:50,50.08,0.83,00:50,3.0,3.0,100.0,129.41,0.0,0.0,0.0,0.0,1.0,1.0,33.33,43.14,1.0,1.0,33.33,43.14,0.0,0.0,0.0,0.0,0.0,0.0,0.0,0.0,1.0,1.0,33.33,43.14,1.0,1.0,33.33,43.14,1.0,1.0,33.33,43.14,0.0,0.0,0.0,0.0,0.0,0.0,0.0,0.0,1.0,1.0,33.33,43.14,0.0,0.0,0.0,0.0,1.0,1.0,33.33,43.14,0.0,0.0,0.0,0.0,0.0,0.0,0.0,0.0,0.0,0.0,0.0,0.0,0.0,0.0,0.0,0.0,1.0,1.0,33.33,43.14,1.0,1.0,33.33,43.14,100.0,0.0,100.0,86.27,3.0,3.0,100.0,0.83,0.83,1.5,1.04,,1.0,0.0,0.0,0.0,0.0,1.0,0.5,0.0,0.0,0.33,33.33,1.0
3,新北中信特攻,40|113|10880,謝亞軒/林任鴻/內馬,1,2,3.0,50.08,0.83,00:50,50.08,0.83,00:50,3.0,3.0,100.0,129.41,0.0,0.0,0.0,0.0,1.0,1.0,33.33,43.14,1.0,1.0,33.33,43.14,0.0,0.0,0.0,0.0,0.0,0.0,0.0,0.0,1.0,1.0,33.33,43.14,1.0,1.0,33.33,43.14,1.0,1.0,33.33,43.14,0.0,0.0,0.0,0.0,0.0,0.0,0.0,0.0,1.0,1.0,33.33,43.14,0.0,0.0,0.0,0.0,1.0,1.0,33.33,43.14,0.0,0.0,0.0,0.0,0.0,0.0,0.0,0.0,0.0,0.0,0.0,0.0,0.0,0.0,0.0,0.0,1.0,1.0,33.33,43.14,1.0,1.0,33.33,43.14,100.0,0.0,100.0,86.27,3.0,3.0,100.0,0.83,0.83,1.5,1.04,,1.0,0.0,0.0,0.0,0.0,1.0,0.5,0.0,0.0,0.33,33.33,1.0
3,新北中信特攻,104|113|10880,貝奇/林任鴻/內馬,1,3,4.0,62.08,1.03,01:02,62.08,1.03,01:02,3.0,3.0,75.0,104.39,1.0,1.0,25.0,34.8,1.0,1.0,25.0,34.8,1.0,1.0,25.0,34.8,0.0,0.0,0.0,0.0,0.0,0.0,0.0,0.0,1.0,1.0,25.0,34.8,1.0,1.0,25.0,34.8,1.0,1.0,25.0,34.8,0.0,0.0,0.0,0.0,0.0,0.0,0.0,0.0,1.0,1.0,25.0,34.8,0.0,0.0,0.0,0.0,1.0,1.0,25.0,34.8,0.0,0.0,0.0,0.0,0.0,0.0,0.0,0.0,0.0,0.0,0.0,0.0,0.0,0.0,0.0,0.0,2.0,2.0,50.0,69.59,3.0,3.0,75.0,104.39,75.0,25.0,50.0,92.79,2.0,2.0,50.0,1.03,1.03,1.5,1.04,,1.0,0.0,0.0,0.0,0.0,1.0,0.5,0.0,0.0,0.5,75.0,1.0
3,新北中信特攻,113|10879|10880,林任鴻/簡廷兆/內馬,1,3,4.0,54.08,0.9,00:54,54.08,0.9,00:54,3.0,3.0,75.0,119.83,1.0,1.0,25.0,39.94,1.0,1.0,25.0,39.94,1.0,1.0,25.0,39.94,0.0,0.0,0.0,0.0,0.0,0.0,0.0,0.0,1.0,1.0,25.0,39.94,1.0,1.0,25.0,39.94,1.0,1.0,25.0,39.94,0.0,0.0,0.0,0.0,0.0,0.0,0.0,0.0,1.0,1.0,25.0,39.94,0.0,0.0,0.0,0.0,1.0,1.0,25.0,39.94,0.0,0.0,0.0,0.0,0.0,0.0,0.0,0.0,0.0,0.0,0.0,0.0,0.0,0.0,0.0,0.0,1.0,1.0,25.0,39.94,3.0,3.0,75.0,119.83,75.0,25.0,50.0,106.52,2.0,2.0,50.0,0.9,0.9,1.5,1.04,,1.0,0.0,0.0,0.0,0.0,1.0,0.5,0.0,0.0,0.25,75.0,1.0
3,新北國王,19|24|34,蘇培凱/蘇士軒/沃許本,1,3,4.0,54.08,0.9,00:54,54.08,0.9,00:54,1.0,1.0,25.0,39.94,3.0,3.0,75.0,119.83,1.0,1.0,25.0,39.94,1.0,1.0,25.0,39.94,1.0,1.0,25.0,39.94,1.0,1.0,25.0,39.94,0.0,0.0,0.0,0.0,0.0,0.0,0.0,0.0,3.0,3.0,75.0,119.83,1.0,1.0,25.0,39.94,0.0,0.0,0.0,0.0,1.0,1.0,25.0,39.94,0.0,0.0,0.0,0.0,1.0,1.0,25.0,39.94,0.0,0.0,0.0,0.0,0.0,0.0,0.0,0.0,0.0,0.0,0.0,0.0,0.0,0.0,0.0,0.0,3.0,3.0,75.0,119.83,1.0,1.0,25.0,39.94,25.0,75.0,-50.0,106.52,-2.0,-2.0,-50.0,0.9,0.9,1.0,0.22,1.0,,0.33,0.0,0.0,0.0,1.0,0.5,0.0,0.0,0.75,25.0,3.0
3,新北國王,19|24|10873,蘇培凱/蘇士軒/喬納森,1,9,12.0,145.07,2.42,02:25,145.07,2.42,02:25,5.0,5.0,41.67,74.44,5.0,5.0,41.67,74.44,4.0,4.0,33.33,59.56,2.0,2.0,16.67,29.78,2.0,2.0,16.67,29.78,1.0,1.0,8.33,14.89,2.0,2.0,16.67,29.78,1.0,1.0,8.33,14.89,1.0,1.0,8.33,14.89,0.0,0.0,0.0,0.0,0.0,0.0,0.0,0.0,3.0,3.0,25.0,44.67,1.0,1.0,8.33,14.89,2.0,2.0,16.67,29.78,0.0,0.0,0.0,0.0,1.0,1.0,8.33,14.89,0.0,0.0,0.0,0.0,0.0,0.0,0.0,0.0,1.0,1.0,8.33,14.89,1.0,1.0,8.33,14.89,41.67,41.67,0.0,119.11,0.0,0.0,0.0,2.42,2.42,0.62,0.56,0.5,0.5,0.0,0.0,0.5,0.0,0.75,0.5,0.0,0.0,0.08,8.33,0.25
3,新北國王,19|24|13029,蘇培凱/蘇士軒/杰倫,1,3,4.0,62.08,1.03,01:02,62.08,1.03,01:02,1.0,1.0,25.0,34.8,3.0,3.0,75.0,104.39,1.0,1.0,25.0,34.8,1.0,1.0,25.0,34.8,1.0,1.0,25.0,34.8,1.0,1.0,25.0,34.8,0.0,0.0,0.0,0.0,0.0,0.0,0.0,0.0,3.0,3.0,75.0,104.39,1.0,1.0,25.0,34.8,0.0,0.0,0.0,0.0,1.0,1.0,25.0,34.8,0.0,0.0,0.0,0.0,1.0,1.0,25.0,34.8,0.0,0.0,0.0,0.0,0.0,0.0,0.0,0.0,0.0,0.0,0.0,0.0,0.0,0.0,0.0,0.0,3.0,3.0,75.0,104.39,1.0,1.0,25.0,34.8,25.0,75.0,-50.0,92.79,-2.0,-2.0,-50.0,1.03,1.03,1.0,0.22,1.0,,0.33,0.0,0.0,0.0,1.0,0.5,0.0,0.0,0.75,25.0,3.0
3,新北中信特攻,48|104|113,李沛澄/貝奇/林任鴻,1,1,1.0,12.0,0.2,00:12,12.0,0.2,00:12,0.0,0.0,0.0,0.0,1.0,1.0,100.0,180.0,0.0,0.0,0.0,0.0,0.0,0.0,0.0,0.0,0.0,0.0,0.0,0.0,0.0,0.0,0.0,0.0,0.0,0.0,0.0,0.0,0.0,0.0,0.0,0.0,0.0,0.0,0.0,0.0,0.0,0.0,0.0,0.0,0.0,0.0,0.0,0.0,0.0,0.0,0.0,0.0,0.0,0.0,0.0,0.0,0.0,0.0,0.0,0.0,0.0,0.0,0.0,0.0,0.0,0.0,0.0,0.0,0.0,0.0,0.0,0.0,0.0,0.0,0.0,0.0,1.0,1.0,100.0,180.0,2.0,2.0,200.0,360.0,0.0,100.0,-100.0,120.0,-1.0,-1.0,-100.0,0.2,0.2,,,,,,,,,,,0.0,0.0,1.0,200.0,
3,新北中信特攻,48|104|10879,李沛澄/貝奇/簡廷兆,1,1,1.0,4.0,0.07,00:04,4.0,0.07,00:04,0.0,0.0,0.0,0.0,1.0,1.0,100.0,540.0,0.0,0.0,0.0,0.0,0.0,0.0,0.0,0.0,0.0,0.0,0.0,0.0,0.0,0.0,0.0,0.0,0.0,0.0,0.0,0.0,0.0,0.0,0.0,0.0,0.0,0.0,0.0,0.0,0.0,0.0,0.0,0.0,0.0,0.0,0.0,0.0,0.0,0.0,0.0,0.0,0.0,0.0,0.0,0.0,0.0,0.0,0.0,0.0,0.0,0.0,0.0,0.0,0.0,0.0,0.0,0.0,0.0,0.0,0.0,0.0,0.0,0.0,0.0,0.0,0.0,0.0,0.0,0.0,2.0,2.0,200.0,1080.0,0.0,100.0,-100.0,360.0,-1.0,-1.0,-100.0,0.07,0.07,,,,,,,,,,,0.0,0.0,0.0,200.0,
3,新北中信特攻,48|104|10880,李沛澄/貝奇/內馬,1,1,1.0,12.0,0.2,00:12,12.0,0.2,00:12,0.0,0.0,0.0,0.0,1.0,1.0,100.0,180.0,0.0,0.0,0.0,0.0,0.0,0.0,0.0,0.0,0.0,0.0,0.0,0.0,0.0,0.0,0.0,0.0,0.0,0.0,0.0,0.0,0.0,0.0,0.0,0.0,0.0,0.0,0.0,0.0,0.0,0.0,0.0,0.0,0.0,0.0,0.0,0.0,0.0,0.0,0.0,0.0,0.0,0.0,0.0,0.0,0.0,0.0,0.0,0.0,0.0,0.0,0.0,0.0,0.0,0.0,0.0,0.0,0.0,0.0,0.0,0.0,0.0,0.0,0.0,0.0,1.0,1.0,100.0,180.0,2.0,2.0,200.0,360.0,0.0,100.0,-100.0,120.0,-1.0,-1.0,-100.0,0.2,0.2,,,,,,,,,,,0.0,0.0,1.0,200.0,
3,新北中信特攻,48|113|10879,李沛澄/林任鴻/簡廷兆,1,1,1.0,4.0,0.07,00:04,4.0,0.07,00:04,0.0,0.0,0.0,0.0,1.0,1.0,100.0,540.0,0.0,0.0,0.0,0.0,0.0,0.0,0.0,0.0,0.0,0.0,0.0,0.0,0.0,0.0,0.0,0.0,0.0,0.0,0.0,0.0,0.0,0.0,0.0,0.0,0.0,0.0,0.0,0.0,0.0,0.0,0.0,0.0,0.0,0.0,0.0,0.0,0.0,0.0,0.0,0.0,0.0,0.0,0.0,0.0,0.0,0.0,0.0,0.0,0.0,0.0,0.0,0.0,0.0,0.0,0.0,0.0,0.0,0.0,0.0,0.0,0.0,0.0,0.0,0.0,0.0,0.0,0.0,0.0,2.0,2.0,200.0,1080.0,0.0,100.0,-100.0,360.0,-1.0,-1.0,-100.0,0.07,0.07,,,,,,,,,,,0.0,0.0,0.0,200.0,
3,新北中信特攻,48|113|10880,李沛澄/林任鴻/內馬,1,1,1.0,12.0,0.2,00:12,12.0,0.2,00:12,0.0,0.0,0.0,0.0,1.0,1.0,100.0,180.0,0.0,0.0,0.0,0.0,0.0,0.0,0.0,0.0,0.0,0.0,0.0,0.0,0.0,0.0,0.0,0.0,0.0,0.0,0.0,0.0,0.0,0.0,0.0,0.0,0.0,0.0,0.0,0.0,0.0,0.0,0.0,0.0,0.0,0.0,0.0,0.0,0.0,0.0,0.0,0.0,0.0,0.0,0.0,0.0,0.0,0.0,0.0,0.0,0.0,0.0,0.0,0.0,0.0,0.0,0.0,0.0,0.0,0.0,0.0,0.0,0.0,0.0,0.0,0.0,1.0,1.0,100.0,180.0,2.0,2.0,200.0,360.0,0.0,100.0,-100.0,120.0,-1.0,-1.0,-100.0,0.2,0.2,,,,,,,,,,,0.0,0.0,1.0,200.0,
3,新北中信特攻,48|10879|10880,李沛澄/簡廷兆/內馬,1,1,1.0,4.0,0.07,00:04,4.0,0.07,00:04,0.0,0.0,0.0,0.0,1.0,1.0,100.0,540.0,0.0,0.0,0.0,0.0,0.0,0.0,0.0,0.0,0.0,0.0,0.0,0.0,0.0,0.0,0.0,0.0,0.0,0.0,0.0,0.0,0.0,0.0,0.0,0.0,0.0,0.0,0.0,0.0,0.0,0.0,0.0,0.0,0.0,0.0,0.0,0.0,0.0,0.0,0.0,0.0,0.0,0.0,0.0,0.0,0.0,0.0,0.0,0.0,0.0,0.0,0.0,0.0,0.0,0.0,0.0,0.0,0.0,0.0,0.0,0.0,0.0,0.0,0.0,0.0,0.0,0.0,0.0,0.0,2.0,2.0,200.0,1080.0,0.0,100.0,-100.0,360.0,-1.0,-1.0,-100.0,0.07,0.07,,,,,,,,,,,0.0,0.0,0.0,200.0,
3,新北國王,19|22|24,蘇培凱/簡祐哲/蘇士軒,1,8,10.0,135.0,2.25,02:15,135.0,2.25,02:15,6.0,6.0,60.0,96.0,2.0,2.0,20.0,32.0,5.0,5.0,50.0,80.0,3.0,3.0,30.0,48.0,3.0,3.0,30.0,48.0,2.0,2.0,20.0,32.0,2.0,2.0,20.0,32.0,1.0,1.0,10.0,16.0,2.0,2.0,20.0,32.0,1.0,1.0,10.0,16.0,0.0,0.0,0.0,0.0,2.0,2.0,20.0,32.0,1.0,1.0,10.0,16.0,1.0,1.0,10.0,16.0,0.0,0.0,0.0,0.0,1.0,1.0,10.0,16.0,0.0,0.0,0.0,0.0,0.0,0.0,0.0,0.0,2.0,2.0,20.0,32.0,0.0,0.0,0.0,0.0,60.0,20.0,40.0,106.67,4.0,4.0,40.0,2.25,2.25,0.7,0.51,0.67,0.5,0.5,0.0,0.33,0.0,0.67,0.5,0.0,0.0,0.2,0.0,0.4
3,新北中信特攻,38|44|48,余維豪/黃泓瀚/李沛澄,1,20,25.0,281.62,4.69,04:42,281.62,4.69,04:42,4.0,4.0,16.0,30.68,10.0,10.0,40.0,76.7,10.0,10.0,40.0,76.7,2.0,2.0,8.0,15.34,8.0,8.0,32.0,61.36,2.0,2.0,8.0,15.34,2.0,2.0,8.0,15.34,0.0,0.0,0.0,0.0,0.0,0.0,0.0,0.0,0.0,0.0,0.0,0.0,3.0,3.0,12.0,23.01,5.0,5.0,20.0,38.35,1.0,1.0,4.0,7.67,6.0,6.0,24.0,46.02,4.0,4.0,16.0,30.68,1.0,1.0,4.0,7.67,3.0,3.0,12.0,23.01,0.0,0.0,0.0,0.0,0.0,0.0,0.0,0.0,2.0,2.0,8.0,15.34,16.0,40.0,-24.0,127.83,-6.0,-6.0,-24.0,4.69,4.69,0.2,0.2,0.25,0.0,,0.29,0.5,0.33,0.83,0.53,12.0,0.0,0.0,8.0,0.0
3,新北中信特攻,38|44|113,余維豪/黃泓瀚/林任鴻,1,20,25.0,281.62,4.69,04:42,281.62,4.69,04:42,4.0,4.0,16.0,30.68,10.0,10.0,40.0,76.7,10.0,10.0,40.0,76.7,2.0,2.0,8.0,15.34,8.0,8.0,32.0,61.36,2.0,2.0,8.0,15.34,2.0,2.0,8.0,15.34,0.0,0.0,0.0,0.0,0.0,0.0,0.0,0.0,0.0,0.0,0.0,0.0,3.0,3.0,12.0,23.01,5.0,5.0,20.0,38.35,1.0,1.0,4.0,7.67,6.0,6.0,24.0,46.02,4.0,4.0,16.0,30.68,1.0,1.0,4.0,7.67,3.0,3.0,12.0,23.01,0.0,0.0,0.0,0.0,0.0,0.0,0.0,0.0,2.0,2.0,8.0,15.34,16.0,40.0,-24.0,127.83,-6.0,-6.0,-24.0,4.69,4.69,0.2,0.2,0.25,0.0,,0.29,0.5,0.33,0.83,0.53,12.0,0.0,0.0,8.0,0.0
3,新北中信特攻,38|44|10878,余維豪/黃泓瀚/曾信武,1,20,25.0,281.62,4.69,04:42,281.62,4.69,04:42,4.0,4.0,16.0,30.68,10.0,10.0,40.0,76.7,10.0,10.0,40.0,76.7,2.0,2.0,8.0,15.34,8.0,8.0,32.0,61.36,2.0,2.0,8.0,15.34,2.0,2.0,8.0,15.34,0.0,0.0,0.0,0.0,0.0,0.0,0.0,0.0,0.0,0.0,0.0,0.0,3.0,3.0,12.0,23.01,5.0,5.0,20.0,38.35,1.0,1.0,4.0,7.67,6.0,6.0,24.0,46.02,4.0,4.0,16.0,30.68,1.0,1.0,4.0,7.67,3.0,3.0,12.0,23.01,0.0,0.0,0.0,0.0,0.0,0.0,0.0,0.0,2.0,2.0,8.0,15.34,16.0,40.0,-24.0,127.83,-6.0,-6.0,-24.0,4.69,4.69,0.2,0.2,0.25,0.0,,0.29,0.5,0.33,0.83,0.53,12.0,0.0,0.0,8.0,0.0
3,新北中信特攻,38|48|113,余維豪/李沛澄/林任鴻,1,20,25.0,289.62,4.83,04:50,289.62,4.83,04:50,4.0,4.0,16.0,29.83,10.0,10.0,40.0,74.58,10.0,10.0,40.0,74.58,2.0,2.0,8.0,14.92,8.0,8.0,32.0,59.66,2.0,2.0,8.0,14.92,2.0,2.0,8.0,14.92,0.0,0.0,0.0,0.0,0.0,0.0,0.0,0.0,0.0,0.0,0.0,0.0,3.0,3.0,12.0,22.37,5.0,5.0,20.0,37.29,1.0,1.0,4.0,7.46,6.0,6.0,24.0,44.75,4.0,4.0,16.0,29.83,1.0,1.0,4.0,7.46,3.0,3.0,12.0,22.37,0.0,0.0,0.0,0.0,1.0,1.0,4.0,7.46,2.0,2.0,8.0,14.92,16.0,40.0,-24.0,124.3,-6.0,-6.0,-24.0,4.83,4.83,0.2,0.2,0.25,0.0,,0.29,0.5,0.33,0.83,0.53,12.0,0.0,0.04,8.0,0.0
3,新北中信特攻,38|48|10878,余維豪/李沛澄/曾信武,1,20,25.0,281.62,4.69,04:42,281.62,4.69,04:42,4.0,4.0,16.0,30.68,10.0,10.0,40.0,76.7,10.0,10.0,40.0,76.7,2.0,2.0,8.0,15.34,8.0,8.0,32.0,61.36,2.0,2.0,8.0,15.34,2.0,2.0,8.0,15.34,0.0,0.0,0.0,0.0,0.0,0.0,0.0,0.0,0.0,0.0,0.0,0.0,3.0,3.0,12.0,23.01,5.0,5.0,20.0,38.35,1.0,1.0,4.0,7.67,6.0,6.0,24.0,46.02,4.0,4.0,16.0,30.68,1.0,1.0,4.0,7.67,3.0,3.0,12.0,23.01,0.0,0.0,0.0,0.0,0.0,0.0,0.0,0.0,2.0,2.0,8.0,15.34,16.0,40.0,-24.0,127.83,-6.0,-6.0,-24.0,4.69,4.69,0.2,0.2,0.25,0.0,,0.29,0.5,0.33,0.83,0.53,12.0,0.0,0.0,8.0,0.0
3,新北中信特攻,38|113|10878,余維豪/林任鴻/曾信武,1,20,25.0,281.62,4.69,04:42,281.62,4.69,04:42,4.0,4.0,16.0,30.68,10.0,10.0,40.0,76.7,10.0,10.0,40.0,76.7,2.0,2.0,8.0,15.34,8.0,8.0,32.0,61.36,2.0,2.0,8.0,15.34,2.0,2.0,8.0,15.34,0.0,0.0,0.0,0.0,0.0,0.0,0.0,0.0,0.0,0.0,0.0,0.0,3.0,3.0,12.0,23.01,5.0,5.0,20.0,38.35,1.0,1.0,4.0,7.67,6.0,6.0,24.0,46.02,4.0,4.0,16.0,30.68,1.0,1.0,4.0,7.67,3.0,3.0,12.0,23.01,0.0,0.0,0.0,0.0,0.0,0.0,0.0,0.0,2.0,2.0,8.0,15.34,16.0,40.0,-24.0,127.83,-6.0,-6.0,-24.0,4.69,4.69,0.2,0.2,0.25,0.0,,0.29,0.5,0.33,0.83,0.53,12.0,0.0,0.0,8.0,0.0
3,新北中信特攻,44|48|113,黃泓瀚/李沛澄/林任鴻,1,20,25.0,281.62,4.69,04:42,281.62,4.69,04:42,4.0,4.0,16.0,30.68,10.0,10.0,40.0,76.7,10.0,10.0,40.0,76.7,2.0,2.0,8.0,15.34,8.0,8.0,32.0,61.36,2.0,2.0,8.0,15.34,2.0,2.0,8.0,15.34,0.0,0.0,0.0,0.0,0.0,0.0,0.0,0.0,0.0,0.0,0.0,0.0,3.0,3.0,12.0,23.01,5.0,5.0,20.0,38.35,1.0,1.0,4.0,7.67,6.0,6.0,24.0,46.02,4.0,4.0,16.0,30.68,1.0,1.0,4.0,7.67,3.0,3.0,12.0,23.01,0.0,0.0,0.0,0.0,0.0,0.0,0.0,0.0,2.0,2.0,8.0,15.34,16.0,40.0,-24.0,127.83,-6.0,-6.0,-24.0,4.69,4.69,0.2,0.2,0.25,0.0,,0.29,0.5,0.33,0.83,0.53,12.0,0.0,0.0,8.0,0.0
3,新北中信特攻,44|48|10878,黃泓瀚/李沛澄/曾信武,1,20,25.0,281.62,4.69,04:42,281.62,4.69,04:42,4.0,4.0,16.0,30.68,10.0,10.0,40.0,76.7,10.0,10.0,40.0,76.7,2.0,2.0,8.0,15.34,8.0,8.0,32.0,61.36,2.0,2.0,8.0,15.34,2.0,2.0,8.0,15.34,0.0,0.0,0.0,0.0,0.0,0.0,0.0,0.0,0.0,0.0,0.0,0.0,3.0,3.0,12.0,23.01,5.0,5.0,20.0,38.35,1.0,1.0,4.0,7.67,6.0,6.0,24.0,46.02,4.0,4.0,16.0,30.68,1.0,1.0,4.0,7.67,3.0,3.0,12.0,23.01,0.0,0.0,0.0,0.0,0.0,0.0,0.0,0.0,2.0,2.0,8.0,15.34,16.0,40.0,-24.0,127.83,-6.0,-6.0,-24.0,4.69,4.69,0.2,0.2,0.25,0.0,,0.29,0.5,0.33,0.83,0.53,12.0,0.0,0.0,8.0,0.0
3,新北中信特攻,44|113|10878,黃泓瀚/林任鴻/曾信武,1,20,25.0,281.62,4.69,04:42,281.62,4.69,04:42,4.0,4.0,16.0,30.68,10.0,10.0,40.0,76.7,10.0,10.0,40.0,76.7,2.0,2.0,8.0,15.34,8.0,8.0,32.0,61.36,2.0,2.0,8.0,15.34,2.0,2.0,8.0,15.34,0.0,0.0,0.0,0.0,0.0,0.0,0.0,0.0,0.0,0.0,0.0,0.0,3.0,3.0,12.0,23.01,5.0,5.0,20.0,38.35,1.0,1.0,4.0,7.67,6.0,6.0,24.0,46.02,4.0,4.0,16.0,30.68,1.0,1.0,4.0,7.67,3.0,3.0,12.0,23.01,0.0,0.0,0.0,0.0,0.0,0.0,0.0,0.0,2.0,2.0,8.0,15.34,16.0,40.0,-24.0,127.83,-6.0,-6.0,-24.0,4.69,4.69,0.2,0.2,0.25,0.0,,0.29,0.5,0.33,0.83,0.53,12.0,0.0,0.0,8.0,0.0
3,新北中信特攻,48|113|10878,李沛澄/林任鴻/曾信武,1,20,25.0,281.62,4.69,04:42,281.62,4.69,04:42,4.0,4.0,16.0,30.68,10.0,10.0,40.0,76.7,10.0,10.0,40.0,76.7,2.0,2.0,8.0,15.34,8.0,8.0,32.0,61.36,2.0,2.0,8.0,15.34,2.0,2.0,8.0,15.34,0.0,0.0,0.0,0.0,0.0,0.0,0.0,0.0,0.0,0.0,0.0,0.0,3.0,3.0,12.0,23.01,5.0,5.0,20.0,38.35,1.0,1.0,4.0,7.67,6.0,6.0,24.0,46.02,4.0,4.0,16.0,30.68,1.0,1.0,4.0,7.67,3.0,3.0,12.0,23.01,0.0,0.0,0.0,0.0,0.0,0.0,0.0,0.0,2.0,2.0,8.0,15.34,16.0,40.0,-24.0,127.83,-6.0,-6.0,-24.0,4.69,4.69,0.2,0.2,0.25,0.0,,0.29,0.5,0.33,0.83,0.53,12.0,0.0,0.0,8.0,0.0
3,新北國王,19|22|23,蘇培凱/簡祐哲/王柏智,1,20,25.0,289.62,4.83,04:50,289.62,4.83,04:50,10.0,10.0,40.0,74.58,4.0,4.0,16.0,29.83,10.0,10.0,40.0,74.58,4.0,4.0,16.0,29.83,4.0,4.0,16.0,29.83,3.0,3.0,12.0,22.37,6.0,6.0,24.0,44.75,1.0,1.0,4.0,7.46,2.0,2.0,8.0,14.92,1.0,1.0,4.0,7.46,1.0,1.0,4.0,7.46,6.0,6.0,24.0,44.75,3.0,3.0,12.0,22.37,5.0,5.0,20.0,37.29,0.0,0.0,0.0,0.0,2.0,2.0,8.0,14.92,0.0,0.0,0.0,0.0,0.0,0.0,0.0,0.0,1.0,1.0,4.0,7.46,0.0,0.0,0.0,0.0,40.0,16.0,24.0,124.3,6.0,6.0,24.0,4.83,4.83,0.45,0.46,0.75,0.17,0.5,0.0,0.5,0.17,0.67,0.47,0.0,0.0,0.04,0.0,0.2
3,新北國王,19|23|10873,蘇培凱/王柏智/喬納森,1,20,25.0,281.62,4.69,04:42,281.62,4.69,04:42,10.0,10.0,40.0,76.7,4.0,4.0,16.0,30.68,10.0,10.0,40.0,76.7,4.0,4.0,16.0,30.68,4.0,4.0,16.0,30.68,3.0,3.0,12.0,23.01,6.0,6.0,24.0,46.02,1.0,1.0,4.0,7.67,2.0,2.0,8.0,15.34,1.0,1.0,4.0,7.67,1.0,1.0,4.0,7.67,6.0,6.0,24.0,46.02,3.0,3.0,12.0,23.01,5.0,5.0,20.0,38.35,0.0,0.0,0.0,0.0,2.0,2.0,8.0,15.34,0.0,0.0,0.0,0.0,0.0,0.0,0.0,0.0,1.0,1.0,4.0,7.67,0.0,0.0,0.0,0.0,40.0,16.0,24.0,127.83,6.0,6.0,24.0,4.69,4.69,0.45,0.46,0.75,0.17,0.5,0.0,0.5,0.17,0.67,0.47,0.0,0.0,0.04,0.0,0.2
3,新北國王,19|23|13029,蘇培凱/王柏智/杰倫,1,13,16.0,180.62,3.01,03:01,180.62,3.01,03:01,5.0,5.0,31.25,59.79,2.0,2.0,12.5,23.92,6.0,6.0,37.5,71.75,2.0,2.0,12.5,23.92,2.0,2.0,12.5,23.92,2.0,2.0,12.5,23.92,4.0,4.0,25.0,47.83,0.0,0.0,0.0,0.0,2.0,2.0,12.5,23.92,1.0,1.0,6.25,11.96,1.0,1.0,6.25,11.96,4.0,4.0,25.0,47.83,2.0,2.0,12.5,23.92,4.0,4.0,25.0,47.83,0.0,0.0,0.0,0.0,1.0,1.0,6.25,11.96,0.0,0.0,0.0,0.0,0.0,0.0,0.0,0.0,1.0,1.0,6.25,11.96,0.0,0.0,0.0,0.0,31.25,12.5,18.75,127.56,3.0,3.0,18.75,3.01,3.01,0.33,0.36,1.0,0.0,0.5,0.0,0.5,0.2,0.67,0.45,0.0,0.0,0.06,0.0,0.33
3,新北國王,19|23|24,蘇培凱/王柏智/蘇士軒,1,7,9.0,117.0,1.95,01:57,117.0,1.95,01:57,5.0,5.0,55.56,92.31,2.0,2.0,22.22,36.92,4.0,4.0,44.44,73.85,2.0,2.0,22.22,36.92,2.0,2.0,22.22,36.92,1.0,1.0,11.11,18.46,2.0,2.0,22.22,36.92,1.0,1.0,11.11,18.46,0.0,0.0,0.0,0.0,0.0,0.0,0.0,0.0,0.0,0.0,0.0,0.0,2.0,2.0,22.22,36.92,1.0,1.0,11.11,18.46,1.0,1.0,11.11,18.46,0.0,0.0,0.0,0.0,1.0,1.0,11.11,18.46,0.0,0.0,0.0,0.0,0.0,0.0,0.0,0.0,0.0,0.0,0.0,0.0,0.0,0.0,0.0,0.0,55.56,22.22,33.33,110.77,3.0,3.0,33.33,1.95,1.95,0.62,0.62,0.5,0.5,,0.0,0.5,0.0,0.67,0.5,0.0,0.0,0.0,0.0,0.0
3,新北國王,22|23|24,簡祐哲/王柏智/蘇士軒,1,7,9.0,117.0,1.95,01:57,117.0,1.95,01:57,5.0,5.0,55.56,92.31,2.0,2.0,22.22,36.92,4.0,4.0,44.44,73.85,2.0,2.0,22.22,36.92,2.0,2.0,22.22,36.92,1.0,1.0,11.11,18.46,2.0,2.0,22.22,36.92,1.0,1.0,11.11,18.46,0.0,0.0,0.0,0.0,0.0,0.0,0.0,0.0,0.0,0.0,0.0,0.0,2.0,2.0,22.22,36.92,1.0,1.0,11.11,18.46,1.0,1.0,11.11,18.46,0.0,0.0,0.0,0.0,1.0,1.0,11.11,18.46,0.0,0.0,0.0,0.0,0.0,0.0,0.0,0.0,0.0,0.0,0.0,0.0,0.0,0.0,0.0,0.0,55.56,22.22,33.33,110.77,3.0,3.0,33.33,1.95,1.95,0.62,0.62,0.5,0.5,,0.0,0.5,0.0,0.67,0.5,0.0,0.0,0.0,0.0,0.0
3,新北國王,23|24|10873,王柏智/蘇士軒/喬納森,1,7,9.0,109.0,1.82,01:49,109.0,1.82,01:49,5.0,5.0,55.56,99.08,2.0,2.0,22.22,39.63,4.0,4.0,44.44,79.27,2.0,2.0,22.22,39.63,2.0,2.0,22.22,39.63,1.0,1.0,11.11,19.82,2.0,2.0,22.22,39.63,1.0,1.0,11.11,19.82,0.0,0.0,0.0,0.0,0.0,0.0,0.0,0.0,0.0,0.0,0.0,0.0,2.0,2.0,22.22,39.63,1.0,1.0,11.11,19.82,1.0,1.0,11.11,19.82,0.0,0.0,0.0,0.0,1.0,1.0,11.11,19.82,0.0,0.0,0.0,0.0,0.0,0.0,0.0,0.0,0.0,0.0,0.0,0.0,0.0,0.0,0.0,0.0,55.56,22.22,33.33,118.9,3.0,3.0,33.33,1.82,1.82,0.62,0.62,0.5,0.5,,0.0,0.5,0.0,0.67,0.5,0.0,0.0,0.0,0.0,0.0
3,桃園台啤永豐雲豹,16|54|57,米勒/高錦瑋/莊博元,1,92,110.0,1312.86,21.88,21:53,1312.86,21.88,21:53,52.0,52.0,47.27,85.55,51.0,51.0,46.36,83.91,43.0,43.0,39.09,70.75,20.0,20.0,18.18,32.91,24.0,24.0,21.82,39.49,14.0,14.0,12.73,23.03,19.0,19.0,17.27,31.26,6.0,6.0,5.45,9.87,7.0,7.0,6.36,11.52,6.0,6.0,5.45,9.87,6.0,6.0,5.45,9.87,18.0,18.0,16.36,29.61,9.0,9.0,8.18,14.81,18.0,18.0,16.36,29.61,5.0,5.0,4.55,8.23,11.0,11.0,10.0,18.1,2.0,2.0,1.82,3.29,1.0,1.0,0.91,1.65,6.0,6.0,5.45,9.87,12.0,12.0,10.91,19.74,47.27,46.36,0.91,120.65,1.0,1.0,0.91,21.88,21.88,0.53,0.56,0.58,0.32,0.86,0.1,0.55,0.25,0.67,0.47,1.82,0.91,0.05,10.91,0.16
3,桃園台啤永豐雲豹,16|54|62,米勒/高錦瑋/王皓吉,1,37,43.0,534.92,8.92,08:55,534.92,8.92,08:55,21.0,21.0,48.84,84.8,24.0,24.0,55.81,96.91,20.0,20.0,46.51,80.76,9.0,9.0,20.93,36.34,10.0,10.0,23.26,40.38,6.0,6.0,13.95,24.23,10.0,10.0,23.26,40.38,3.0,3.0,6.98,12.11,0.0,0.0,0.0,0.0,0.0,0.0,0.0,0.0,3.0,3.0,6.98,12.11,8.0,8.0,18.6,32.3,2.0,2.0,4.65,8.08,6.0,6.0,13.95,24.23,1.0,1.0,2.33,4.04,5.0,5.0,11.63,20.19,0.0,0.0,0.0,0.0,1.0,1.0,2.33,4.04,0.0,0.0,0.0,0.0,7.0,7.0,16.28,28.27,48.84,55.81,-6.98,115.76,-3.0,-3.0,-6.98,8.92,8.92,0.52,0.52,0.6,0.3,,0.05,0.56,0.33,0.8,0.58,0.0,2.33,0.0,16.28,0.0
3,桃園台啤永豐雲豹,16|54|68,米勒/高錦瑋/克羅馬,1,80,97.0,1085.71,18.1,18:06,1085.71,18.1,18:06,38.0,38.0,39.18,75.6,45.0,45.0,46.39,89.53,36.0,36.0,37.11,71.62,15.0,15.0,15.46,29.84,22.0,22.0,22.68,43.77,13.0,13.0,13.4,25.86,14.0,14.0,14.43,27.85,2.0,2.0,2.06,3.98,8.0,8.0,8.25,15.92,6.0,6.0,6.19,11.94,6.0,6.0,6.19,11.94,17.0,17.0,17.53,33.82,8.0,8.0,8.25,15.92,15.0,15.0,15.46,29.84,4.0,4.0,4.12,7.96,7.0,7.0,7.22,13.93,2.0,2.0,2.06,3.98,1.0,1.0,1.03,1.99,5.0,5.0,5.15,9.95,12.0,12.0,12.37,23.87,39.18,46.39,-7.22,128.65,-7.0,-7.0,-7.22,18.1,18.1,0.44,0.48,0.59,0.14,0.75,0.09,0.47,0.29,0.68,0.5,2.06,1.03,0.05,12.37,0.22
3,桃園台啤永豐雲豹,16|57|62,米勒/莊博元/王皓吉,1,39,46.0,597.92,9.97,09:58,597.92,9.97,09:58,23.0,23.0,50.0,83.09,26.0,26.0,56.52,93.93,21.0,21.0,45.65,75.86,9.0,9.0,19.57,32.51,10.0,10.0,21.74,36.13,6.0,6.0,13.04,21.68,11.0,11.0,23.91,39.74,3.0,3.0,6.52,10.84,0.0,0.0,0.0,0.0,0.0,0.0,0.0,0.0,4.0,4.0,8.7,14.45,8.0,8.0,17.39,28.9,2.0,2.0,4.35,7.23,6.0,6.0,13.04,21.68,1.0,1.0,2.17,3.61,5.0,5.0,10.87,18.06,0.0,0.0,0.0,0.0,1.0,1.0,2.17,3.61,1.0,1.0,2.17,3.61,7.0,7.0,15.22,25.29,50.0,56.52,-6.52,110.78,-3.0,-3.0,-6.52,9.97,9.97,0.5,0.55,0.6,0.27,,0.05,0.56,0.4,0.8,0.6,0.0,2.17,0.02,15.22,0.0
3,桃園台啤永豐雲豹,16|57|68,米勒/莊博元/克羅馬,1,76,93.0,1045.86,17.43,17:26,1045.86,17.43,17:26,38.0,38.0,40.86,78.48,41.0,41.0,44.09,84.68,36.0,36.0,38.71,74.35,15.0,15.0,16.13,30.98,22.0,22.0,23.66,45.44,13.0,13.0,13.98,26.85,14.0,14.0,15.05,28.91,2.0,2.0,2.15,4.13,7.0,7.0,7.53,14.46,6.0,6.0,6.45,12.39,6.0,6.0,6.45,12.39,16.0,16.0,17.2,33.04,8.0,8.0,8.6,16.52,15.0,15.0,16.13,30.98,3.0,3.0,3.23,6.2,7.0,7.0,7.53,14.46,1.0,1.0,1.08,2.07,1.0,1.0,1.08,2.07,5.0,5.0,5.38,10.33,12.0,12.0,12.9,24.78,40.86,44.09,-3.23,128.05,-3.0,-3.0,-3.23,17.43,17.43,0.44,0.49,0.59,0.14,0.86,0.07,0.47,0.29,0.67,0.49,1.08,1.08,0.05,12.9,0.19
3,桃園台啤永豐雲豹,16|62|68,米勒/王皓吉/克羅馬,1,32,38.0,449.92,7.5,07:30,449.92,7.5,07:30,13.0,13.0,34.21,62.41,24.0,24.0,63.16,115.22,17.0,17.0,44.74,81.61,6.0,6.0,15.79,28.81,9.0,9.0,23.68,43.21,5.0,5.0,13.16,24.0,8.0,8.0,21.05,38.41,1.0,1.0,2.63,4.8,0.0,0.0,0.0,0.0,0.0,0.0,0.0,0.0,3.0,3.0,7.89,14.4,8.0,8.0,21.05,38.41,2.0,2.0,5.26,9.6,4.0,4.0,10.53,19.2,1.0,1.0,2.63,4.8,3.0,3.0,7.89,14.4,0.0,0.0,0.0,0.0,1.0,1.0,2.63,4.8,0.0,0.0,0.0,0.0,7.0,7.0,18.42,33.61,34.21,63.16,-28.95,121.62,-11.0,-11.0,-28.95,7.5,7.5,0.38,0.38,0.56,0.12,,0.06,0.5,0.43,0.8,0.65,0.0,2.63,0.0,18.42,0.0
3,桃園台啤永豐雲豹,54|57|62,高錦瑋/莊博元/王皓吉,1,37,43.0,534.92,8.92,08:55,534.92,8.92,08:55,21.0,21.0,48.84,84.8,24.0,24.0,55.81,96.91,20.0,20.0,46.51,80.76,9.0,9.0,20.93,36.34,10.0,10.0,23.26,40.38,6.0,6.0,13.95,24.23,10.0,10.0,23.26,40.38,3.0,3.0,6.98,12.11,0.0,0.0,0.0,0.0,0.0,0.0,0.0,0.0,3.0,3.0,6.98,12.11,8.0,8.0,18.6,32.3,2.0,2.0,4.65,8.08,6.0,6.0,13.95,24.23,1.0,1.0,2.33,4.04,5.0,5.0,11.63,20.19,0.0,0.0,0.0,0.0,1.0,1.0,2.33,4.04,0.0,0.0,0.0,0.0,7.0,7.0,16.28,28.27,48.84,55.81,-6.98,115.76,-3.0,-3.0,-6.98,8.92,8.92,0.52,0.52,0.6,0.3,,0.05,0.56,0.33,0.8,0.58,0.0,2.33,0.0,16.28,0.0
3,桃園台啤永豐雲豹,54|57|68,高錦瑋/莊博元/克羅馬,1,97,118.0,1415.86,23.6,23:36,1415.86,23.6,23:36,49.0,49.0,41.53,74.75,52.0,52.0,44.07,79.33,48.0,48.0,40.68,73.23,20.0,20.0,16.95,30.51,33.0,33.0,27.97,50.34,18.0,18.0,15.25,27.46,15.0,15.0,12.71,22.88,2.0,2.0,1.69,3.05,9.0,9.0,7.63,13.73,7.0,7.0,5.93,10.68,9.0,9.0,7.63,13.73,21.0,21.0,17.8,32.04,9.0,9.0,7.63,13.73,16.0,16.0,13.56,24.41,3.0,3.0,2.54,4.58,8.0,8.0,6.78,12.2,1.0,1.0,0.85,1.53,2.0,2.0,1.69,3.05,7.0,7.0,5.93,10.68,16.0,16.0,13.56,24.41,41.53,44.07,-2.54,120.01,-3.0,-3.0,-2.54,23.6,23.6,0.44,0.47,0.55,0.13,0.78,0.05,0.4,0.36,0.7,0.55,0.85,1.69,0.06,13.56,0.19
3,桃園台啤永豐雲豹,54|62|68,高錦瑋/王皓吉/克羅馬,1,32,38.0,449.92,7.5,07:30,449.92,7.5,07:30,13.0,13.0,34.21,62.41,24.0,24.0,63.16,115.22,17.0,17.0,44.74,81.61,6.0,6.0,15.79,28.81,9.0,9.0,23.68,43.21,5.0,5.0,13.16,24.0,8.0,8.0,21.05,38.41,1.0,1.0,2.63,4.8,0.0,0.0,0.0,0.0,0.0,0.0,0.0,0.0,3.0,3.0,7.89,14.4,8.0,8.0,21.05,38.41,2.0,2.0,5.26,9.6,4.0,4.0,10.53,19.2,1.0,1.0,2.63,4.8,3.0,3.0,7.89,14.4,0.0,0.0,0.0,0.0,1.0,1.0,2.63,4.8,0.0,0.0,0.0,0.0,7.0,7.0,18.42,33.61,34.21,63.16,-28.95,121.62,-11.0,-11.0,-28.95,7.5,7.5,0.38,0.38,0.56,0.12,,0.06,0.5,0.43,0.8,0.65,0.0,2.63,0.0,18.42,0.0
3,桃園台啤永豐雲豹,57|62|68,莊博元/王皓吉/克羅馬,1,32,38.0,449.92,7.5,07:30,449.92,7.5,07:30,13.0,13.0,34.21,62.41,24.0,24.0,63.16,115.22,17.0,17.0,44.74,81.61,6.0,6.0,15.79,28.81,9.0,9.0,23.68,43.21,5.0,5.0,13.16,24.0,8.0,8.0,21.05,38.41,1.0,1.0,2.63,4.8,0.0,0.0,0.0,0.0,0.0,0.0,0.0,0.0,3.0,3.0,7.89,14.4,8.0,8.0,21.05,38.41,2.0,2.0,5.26,9.6,4.0,4.0,10.53,19.2,1.0,1.0,2.63,4.8,3.0,3.0,7.89,14.4,0.0,0.0,0.0,0.0,1.0,1.0,2.63,4.8,0.0,0.0,0.0,0.0,7.0,7.0,18.42,33.61,34.21,63.16,-28.95,121.62,-11.0,-11.0,-28.95,7.5,7.5,0.38,0.38,0.56,0.12,,0.06,0.5,0.43,0.8,0.65,0.0,2.63,0.0,18.42,0.0
3,臺北台新戰神,1|14|10864,丁聖儒/錢肯尼/劉彥廷,1,21,25.0,299.0,4.98,04:59,299.0,4.98,04:59,16.0,16.0,64.0,115.59,9.0,9.0,36.0,65.02,9.0,9.0,36.0,65.02,5.0,5.0,20.0,36.12,5.0,5.0,20.0,36.12,2.0,2.0,8.0,14.45,4.0,4.0,16.0,28.9,3.0,3.0,12.0,21.67,4.0,4.0,16.0,28.9,3.0,3.0,12.0,21.67,2.0,2.0,8.0,14.45,2.0,2.0,8.0,14.45,2.0,2.0,8.0,14.45,5.0,5.0,20.0,36.12,2.0,2.0,8.0,14.45,5.0,5.0,20.0,36.12,1.0,1.0,4.0,7.22,2.0,2.0,8.0,14.45,4.0,4.0,16.0,28.9,0.0,0.0,0.0,0.0,64.0,36.0,28.0,120.4,7.0,7.0,28.0,4.98,4.98,0.72,0.74,0.4,0.75,0.75,0.16,1.0,0.29,0.5,0.36,4.0,8.0,0.16,0.0,0.44
3,臺北台新戰神,1|14|10867,丁聖儒/錢肯尼/威力斯,1,31,37.0,481.89,8.03,08:02,481.89,8.03,08:02,20.0,20.0,54.05,89.65,16.0,16.0,43.24,71.72,12.0,12.0,32.43,53.79,6.0,6.0,16.22,26.89,7.0,7.0,18.92,31.38,2.0,2.0,5.41,8.96,5.0,5.0,13.51,22.41,4.0,4.0,10.81,17.93,5.0,5.0,13.51,22.41,4.0,4.0,10.81,17.93,2.0,2.0,5.41,8.96,4.0,4.0,10.81,17.93,3.0,3.0,8.11,13.45,6.0,6.0,16.22,26.89,3.0,3.0,8.11,13.45,6.0,6.0,16.22,26.89,2.0,2.0,5.41,8.96,2.0,2.0,5.41,8.96,4.0,4.0,10.81,17.93,1.0,1.0,2.7,4.48,54.05,43.24,10.81,110.57,4.0,4.0,10.81,8.03,8.03,0.67,0.7,0.29,0.8,0.8,0.17,1.0,0.25,0.57,0.4,5.41,5.41,0.11,2.7,0.42
3,臺北台新戰神,1|14|13907,丁聖儒/錢肯尼/梅克,1,116,138.0,1834.81,30.58,30:35,1834.81,30.58,30:35,63.0,63.0,45.65,74.17,65.0,65.0,47.1,76.52,48.0,48.0,34.78,56.51,22.0,22.0,15.94,25.9,28.0,28.0,20.29,32.96,13.0,13.0,9.42,15.3,20.0,20.0,14.49,23.54,9.0,9.0,6.52,10.6,16.0,16.0,11.59,18.84,10.0,10.0,7.25,11.77,10.0,10.0,7.25,11.77,18.0,18.0,13.04,21.19,9.0,9.0,6.52,10.6,21.0,21.0,15.22,24.72,14.0,14.0,10.14,16.48,19.0,19.0,13.77,22.37,10.0,10.0,7.25,11.77,5.0,5.0,3.62,5.89,15.0,15.0,10.87,17.66,4.0,4.0,2.9,4.71,45.65,47.1,-1.45,108.31,-2.0,-2.0,-1.45,30.58,30.58,0.55,0.57,0.46,0.45,0.62,0.2,0.86,0.32,0.67,0.48,7.25,3.62,0.11,2.9,0.33
3,臺北台新戰神,1|10864|10867,丁聖儒/劉彥廷/威力斯,1,21,25.0,299.0,4.98,04:59,299.0,4.98,04:59,16.0,16.0,64.0,115.59,9.0,9.0,36.0,65.02,9.0,9.0,36.0,65.02,5.0,5.0,20.0,36.12,5.0,5.0,20.0,36.12,2.0,2.0,8.0,14.45,4.0,4.0,16.0,28.9,3.0,3.0,12.0,21.67,4.0,4.0,16.0,28.9,3.0,3.0,12.0,21.67,2.0,2.0,8.0,14.45,2.0,2.0,8.0,14.45,2.0,2.0,8.0,14.45,5.0,5.0,20.0,36.12,2.0,2.0,8.0,14.45,5.0,5.0,20.0,36.12,1.0,1.0,4.0,7.22,2.0,2.0,8.0,14.45,4.0,4.0,16.0,28.9,0.0,0.0,0.0,0.0,64.0,36.0,28.0,120.4,7.0,7.0,28.0,4.98,4.98,0.72,0.74,0.4,0.75,0.75,0.16,1.0,0.29,0.5,0.36,4.0,8.0,0.16,0.0,0.44
3,臺北台新戰神,1|10864|13907,丁聖儒/劉彥廷/梅克,1,24,28.0,327.3,5.45,05:27,327.3,5.45,05:27,16.0,16.0,57.14,105.59,13.0,13.0,46.43,85.79,10.0,10.0,35.71,65.99,5.0,5.0,17.86,33.0,6.0,6.0,21.43,39.6,2.0,2.0,7.14,13.2,4.0,4.0,14.29,26.4,3.0,3.0,10.71,19.8,4.0,4.0,14.29,26.4,3.0,3.0,10.71,19.8,2.0,2.0,7.14,13.2,3.0,3.0,10.71,19.8,2.0,2.0,7.14,13.2,5.0,5.0,17.86,33.0,2.0,2.0,7.14,13.2,5.0,5.0,17.86,33.0,1.0,1.0,3.57,6.6,2.0,2.0,7.14,13.2,4.0,4.0,14.29,26.4,2.0,2.0,7.14,13.2,57.14,46.43,10.71,123.19,3.0,3.0,10.71,5.45,5.45,0.65,0.68,0.33,0.75,0.75,0.15,1.0,0.29,0.6,0.42,3.57,7.14,0.14,7.14,0.4
3,臺北台新戰神,1|10867|13907,丁聖儒/威力斯/梅克,1,36,42.0,522.21,8.7,08:42,522.21,8.7,08:42,26.0,26.0,61.9,107.54,16.0,16.0,38.1,66.18,14.0,14.0,33.33,57.91,8.0,8.0,19.05,33.09,9.0,9.0,21.43,37.23,4.0,4.0,9.52,16.54,5.0,5.0,11.9,20.68,4.0,4.0,9.52,16.54,7.0,7.0,16.67,28.95,6.0,6.0,14.29,24.82,2.0,2.0,4.76,8.27,4.0,4.0,9.52,16.54,3.0,3.0,7.14,12.41,7.0,7.0,16.67,28.95,3.0,3.0,7.14,12.41,8.0,8.0,19.05,33.09,2.0,2.0,4.76,8.27,2.0,2.0,4.76,8.27,5.0,5.0,11.9,20.68,2.0,2.0,4.76,8.27,61.9,38.1,23.81,115.81,10.0,10.0,23.81,8.7,8.7,0.71,0.76,0.44,0.8,0.86,0.15,1.0,0.22,0.57,0.38,4.76,4.76,0.12,4.76,0.5
3,臺北台新戰神,14|10864|10867,錢肯尼/劉彥廷/威力斯,1,21,25.0,299.0,4.98,04:59,299.0,4.98,04:59,16.0,16.0,64.0,115.59,9.0,9.0,36.0,65.02,9.0,9.0,36.0,65.02,5.0,5.0,20.0,36.12,5.0,5.0,20.0,36.12,2.0,2.0,8.0,14.45,4.0,4.0,16.0,28.9,3.0,3.0,12.0,21.67,4.0,4.0,16.0,28.9,3.0,3.0,12.0,21.67,2.0,2.0,8.0,14.45,2.0,2.0,8.0,14.45,2.0,2.0,8.0,14.45,5.0,5.0,20.0,36.12,2.0,2.0,8.0,14.45,5.0,5.0,20.0,36.12,1.0,1.0,4.0,7.22,2.0,2.0,8.0,14.45,4.0,4.0,16.0,28.9,0.0,0.0,0.0,0.0,64.0,36.0,28.0,120.4,7.0,7.0,28.0,4.98,4.98,0.72,0.74,0.4,0.75,0.75,0.16,1.0,0.29,0.5,0.36,4.0,8.0,0.16,0.0,0.44
3,臺北台新戰神,14|10864|13907,錢肯尼/劉彥廷/梅克,1,21,25.0,299.0,4.98,04:59,299.0,4.98,04:59,16.0,16.0,64.0,115.59,9.0,9.0,36.0,65.02,9.0,9.0,36.0,65.02,5.0,5.0,20.0,36.12,5.0,5.0,20.0,36.12,2.0,2.0,8.0,14.45,4.0,4.0,16.0,28.9,3.0,3.0,12.0,21.67,4.0,4.0,16.0,28.9,3.0,3.0,12.0,21.67,2.0,2.0,8.0,14.45,2.0,2.0,8.0,14.45,2.0,2.0,8.0,14.45,5.0,5.0,20.0,36.12,2.0,2.0,8.0,14.45,5.0,5.0,20.0,36.12,1.0,1.0,4.0,7.22,2.0,2.0,8.0,14.45,4.0,4.0,16.0,28.9,0.0,0.0,0.0,0.0,64.0,36.0,28.0,120.4,7.0,7.0,28.0,4.98,4.98,0.72,0.74,0.4,0.75,0.75,0.16,1.0,0.29,0.5,0.36,4.0,8.0,0.16,0.0,0.44
3,臺北台新戰神,14|10867|13907,錢肯尼/威力斯/梅克,1,32,38.0,487.89,8.13,08:08,487.89,8.13,08:08,20.0,20.0,52.63,88.54,16.0,16.0,42.11,70.84,12.0,12.0,31.58,53.13,6.0,6.0,15.79,26.56,7.0,7.0,18.42,30.99,2.0,2.0,5.26,8.85,5.0,5.0,13.16,22.14,4.0,4.0,10.53,17.71,5.0,5.0,13.16,22.14,4.0,4.0,10.53,17.71,2.0,2.0,5.26,8.85,4.0,4.0,10.53,17.71,3.0,3.0,7.89,13.28,6.0,6.0,15.79,26.56,3.0,3.0,7.89,13.28,6.0,6.0,15.79,26.56,2.0,2.0,5.26,8.85,2.0,2.0,5.26,8.85,4.0,4.0,10.53,17.71,1.0,1.0,2.63,4.43,52.63,42.11,10.53,112.16,4.0,4.0,10.53,8.13,8.13,0.67,0.7,0.29,0.8,0.8,0.17,1.0,0.25,0.57,0.4,5.26,5.26,0.11,2.63,0.42
3,臺北台新戰神,10864|10867|13907,劉彥廷/威力斯/梅克,1,21,25.0,299.0,4.98,04:59,299.0,4.98,04:59,16.0,16.0,64.0,115.59,9.0,9.0,36.0,65.02,9.0,9.0,36.0,65.02,5.0,5.0,20.0,36.12,5.0,5.0,20.0,36.12,2.0,2.0,8.0,14.45,4.0,4.0,16.0,28.9,3.0,3.0,12.0,21.67,4.0,4.0,16.0,28.9,3.0,3.0,12.0,21.67,2.0,2.0,8.0,14.45,2.0,2.0,8.0,14.45,2.0,2.0,8.0,14.45,5.0,5.0,20.0,36.12,2.0,2.0,8.0,14.45,5.0,5.0,20.0,36.12,1.0,1.0,4.0,7.22,2.0,2.0,8.0,14.45,4.0,4.0,16.0,28.9,0.0,0.0,0.0,0.0,64.0,36.0,28.0,120.4,7.0,7.0,28.0,4.98,4.98,0.72,0.74,0.4,0.75,0.75,0.16,1.0,0.29,0.5,0.36,4.0,8.0,0.16,0.0,0.44
3,桃園台啤永豐雲豹,16|54|58,米勒/高錦瑋/林信寬,1,14,16.0,130.74,2.18,02:11,130.74,2.18,02:11,7.0,7.0,43.75,115.65,8.0,8.0,50.0,132.17,5.0,5.0,31.25,82.6,3.0,3.0,18.75,49.56,4.0,4.0,25.0,66.08,3.0,3.0,18.75,49.56,1.0,1.0,6.25,16.52,0.0,0.0,0.0,0.0,2.0,2.0,12.5,33.04,1.0,1.0,6.25,16.52,1.0,1.0,6.25,16.52,2.0,2.0,12.5,33.04,0.0,0.0,0.0,0.0,2.0,2.0,12.5,33.04,2.0,2.0,12.5,33.04,0.0,0.0,0.0,0.0,2.0,2.0,12.5,33.04,0.0,0.0,0.0,0.0,2.0,2.0,12.5,33.04,1.0,1.0,6.25,16.52,43.75,50.0,-6.25,176.22,-1.0,-1.0,-6.25,2.18,2.18,0.6,0.6,0.75,0.0,0.5,0.25,0.0,0.33,1.0,0.6,12.5,0.0,0.12,6.25,0.4
3,桃園台啤永豐雲豹,16|57|58,米勒/莊博元/林信寬,1,26,33.0,367.35,6.12,06:07,367.35,6.12,06:07,18.0,18.0,54.55,105.84,12.0,12.0,36.36,70.56,12.0,12.0,36.36,70.56,9.0,9.0,27.27,52.92,11.0,11.0,33.33,64.68,9.0,9.0,27.27,52.92,1.0,1.0,3.03,5.88,0.0,0.0,0.0,0.0,2.0,2.0,6.06,11.76,2.0,2.0,6.06,11.76,1.0,1.0,3.03,5.88,2.0,2.0,6.06,11.76,4.0,4.0,12.12,23.52,5.0,5.0,15.15,29.4,2.0,2.0,6.06,11.76,4.0,4.0,12.12,23.52,1.0,1.0,3.03,5.88,0.0,0.0,0.0,0.0,5.0,5.0,15.15,29.4,3.0,3.0,9.09,17.64,54.55,36.36,18.18,129.36,6.0,6.0,18.18,6.12,6.12,0.75,0.7,0.82,0.0,1.0,0.13,0.44,0.17,0.33,0.25,3.03,0.0,0.15,9.09,0.17
3,桃園台啤永豐雲豹,16|58|68,米勒/林信寬/克羅馬,1,14,16.0,130.74,2.18,02:11,130.74,2.18,02:11,7.0,7.0,43.75,115.65,8.0,8.0,50.0,132.17,5.0,5.0,31.25,82.6,3.0,3.0,18.75,49.56,4.0,4.0,25.0,66.08,3.0,3.0,18.75,49.56,1.0,1.0,6.25,16.52,0.0,0.0,0.0,0.0,2.0,2.0,12.5,33.04,1.0,1.0,6.25,16.52,1.0,1.0,6.25,16.52,2.0,2.0,12.5,33.04,0.0,0.0,0.0,0.0,2.0,2.0,12.5,33.04,2.0,2.0,12.5,33.04,0.0,0.0,0.0,0.0,2.0,2.0,12.5,33.04,0.0,0.0,0.0,0.0,2.0,2.0,12.5,33.04,1.0,1.0,6.25,16.52,43.75,50.0,-6.25,176.22,-1.0,-1.0,-6.25,2.18,2.18,0.6,0.6,0.75,0.0,0.5,0.25,0.0,0.33,1.0,0.6,12.5,0.0,0.12,6.25,0.4
3,桃園台啤永豐雲豹,54|57|58,高錦瑋/莊博元/林信寬,1,24,29.0,311.89,5.2,05:12,311.89,5.2,05:12,17.0,17.0,58.62,117.73,9.0,9.0,31.03,62.33,14.0,14.0,48.28,96.96,8.0,8.0,27.59,55.4,12.0,12.0,41.38,83.11,8.0,8.0,27.59,55.4,2.0,2.0,6.9,13.85,0.0,0.0,0.0,0.0,1.0,1.0,3.45,6.93,1.0,1.0,3.45,6.93,3.0,3.0,10.34,20.78,3.0,3.0,10.34,20.78,1.0,1.0,3.45,6.93,3.0,3.0,10.34,20.78,1.0,1.0,3.45,6.93,1.0,1.0,3.45,6.93,1.0,1.0,3.45,6.93,0.0,0.0,0.0,0.0,3.0,3.0,10.34,20.78,3.0,3.0,10.34,20.78,58.62,31.03,27.59,133.89,8.0,8.0,27.59,5.2,5.2,0.57,0.59,0.67,0.0,1.0,0.06,0.12,0.5,0.75,0.6,3.45,0.0,0.1,10.34,0.07
3,桃園台啤永豐雲豹,54|58|68,高錦瑋/林信寬/克羅馬,1,35,40.0,459.6,7.66,07:40,459.6,7.66,07:40,21.0,21.0,52.5,98.69,16.0,16.0,40.0,75.2,16.0,16.0,40.0,75.2,9.0,9.0,22.5,42.3,13.0,13.0,32.5,61.1,9.0,9.0,22.5,42.3,3.0,3.0,7.5,14.1,0.0,0.0,0.0,0.0,5.0,5.0,12.5,23.5,3.0,3.0,7.5,14.1,3.0,3.0,7.5,14.1,6.0,6.0,15.0,28.2,1.0,1.0,2.5,4.7,3.0,3.0,7.5,14.1,2.0,2.0,5.0,9.4,2.0,2.0,5.0,9.4,2.0,2.0,5.0,9.4,0.0,0.0,0.0,0.0,5.0,5.0,12.5,23.5,4.0,4.0,10.0,18.8,52.5,40.0,12.5,125.33,5.0,5.0,12.5,7.66,7.66,0.56,0.58,0.69,0.0,0.6,0.1,0.22,0.5,0.86,0.69,5.0,0.0,0.12,10.0,0.31
3,桃園台啤永豐雲豹,57|58|68,莊博元/林信寬/克羅馬,1,41,46.0,643.89,10.73,10:44,643.89,10.73,10:44,27.0,27.0,58.7,90.57,16.0,16.0,34.78,53.67,21.0,21.0,45.65,70.45,12.0,12.0,26.09,40.26,16.0,16.0,34.78,53.67,10.0,10.0,21.74,33.55,5.0,5.0,10.87,16.77,2.0,2.0,4.35,6.71,1.0,1.0,2.17,3.35,1.0,1.0,2.17,3.35,3.0,3.0,6.52,10.06,5.0,5.0,10.87,16.77,1.0,1.0,2.17,3.35,5.0,5.0,10.87,16.77,3.0,3.0,6.52,10.06,4.0,4.0,8.7,13.42,2.0,2.0,4.35,6.71,0.0,0.0,0.0,0.0,3.0,3.0,6.52,10.06,5.0,5.0,10.87,16.77,58.7,34.78,23.91,102.88,11.0,11.0,23.91,10.73,10.73,0.62,0.63,0.62,0.4,1.0,0.12,0.33,0.38,0.83,0.57,4.35,0.0,0.07,10.87,0.05
3,臺北台新戰神,1|5|14,丁聖儒/黃聰翰/錢肯尼,1,53,64.0,803.81,13.4,13:24,803.81,13.4,13:24,33.0,33.0,51.56,88.68,25.0,25.0,39.06,67.18,25.0,25.0,39.06,67.18,12.0,12.0,18.75,32.25,15.0,15.0,23.44,40.31,7.0,7.0,10.94,18.81,10.0,10.0,15.62,26.87,5.0,5.0,7.81,13.44,8.0,8.0,12.5,21.5,4.0,4.0,6.25,10.75,5.0,5.0,7.81,13.44,10.0,10.0,15.62,26.87,4.0,4.0,6.25,10.75,12.0,12.0,18.75,32.25,4.0,4.0,6.25,10.75,7.0,7.0,10.94,18.81,2.0,2.0,3.12,5.37,3.0,3.0,4.69,8.06,5.0,5.0,7.81,13.44,3.0,3.0,4.69,8.06,51.56,39.06,12.5,114.65,8.0,8.0,12.5,13.4,13.4,0.58,0.58,0.47,0.5,0.5,0.12,0.58,0.29,0.71,0.48,3.12,4.69,0.08,4.69,0.32
3,臺北台新戰神,1|5|10867,丁聖儒/黃聰翰/威力斯,1,23,25.0,240.04,4.0,04:00,240.04,4.0,04:00,15.0,15.0,60.0,134.98,11.0,11.0,44.0,98.98,6.0,6.0,24.0,53.99,4.0,4.0,16.0,35.99,5.0,5.0,20.0,44.99,3.0,3.0,12.0,27.0,1.0,1.0,4.0,9.0,1.0,1.0,4.0,9.0,6.0,6.0,24.0,53.99,6.0,6.0,24.0,53.99,0.0,0.0,0.0,0.0,2.0,2.0,8.0,18.0,1.0,1.0,4.0,9.0,4.0,4.0,16.0,35.99,2.0,2.0,8.0,18.0,3.0,3.0,12.0,27.0,1.0,1.0,4.0,9.0,0.0,0.0,0.0,0.0,2.0,2.0,8.0,18.0,5.0,5.0,20.0,44.99,60.0,44.0,16.0,149.97,4.0,4.0,16.0,4.0,4.0,0.75,0.87,0.6,1.0,1.0,0.19,0.75,0.0,0.67,0.29,4.0,0.0,0.08,20.0,1.0
3,臺北台新戰神,1|5|13907,丁聖儒/黃聰翰/梅克,1,97,119.0,1624.89,27.08,27:05,1624.89,27.08,27:05,50.0,50.0,42.02,66.47,55.0,55.0,46.22,73.11,47.0,47.0,39.5,62.48,18.0,18.0,15.13,23.93,34.0,34.0,28.57,45.2,13.0,13.0,10.92,17.28,13.0,13.0,10.92,17.28,5.0,5.0,4.2,6.65,14.0,14.0,11.76,18.61,9.0,9.0,7.56,11.96,11.0,11.0,9.24,14.62,19.0,19.0,15.97,25.26,7.0,7.0,5.88,9.31,19.0,19.0,15.97,25.26,8.0,8.0,6.72,10.63,11.0,11.0,9.24,14.62,2.0,2.0,1.68,2.66,4.0,4.0,3.36,5.32,11.0,11.0,9.24,14.62,8.0,8.0,6.72,10.63,42.02,46.22,-4.2,105.46,-5.0,-5.0,-4.2,27.08,27.08,0.44,0.47,0.38,0.38,0.64,0.13,0.61,0.37,0.73,0.54,1.68,3.36,0.09,6.72,0.3
3,臺北台新戰神,5|14|10867,黃聰翰/錢肯尼/威力斯,1,11,13.0,96.89,1.61,01:37,96.89,1.61,01:37,4.0,4.0,30.77,89.18,7.0,7.0,53.85,156.06,3.0,3.0,23.08,66.88,1.0,1.0,7.69,22.29,2.0,2.0,15.38,44.59,0.0,0.0,0.0,0.0,1.0,1.0,7.69,22.29,1.0,1.0,7.69,22.29,1.0,1.0,7.69,22.29,1.0,1.0,7.69,22.29,0.0,0.0,0.0,0.0,2.0,2.0,15.38,44.59,1.0,1.0,7.69,22.29,1.0,1.0,7.69,22.29,1.0,1.0,7.69,22.29,1.0,1.0,7.69,22.29,1.0,1.0,7.69,22.29,0.0,0.0,0.0,0.0,0.0,0.0,0.0,0.0,1.0,1.0,7.69,22.29,30.77,53.85,-23.08,193.21,-3.0,-3.0,-23.08,1.61,1.61,0.5,0.58,0.0,1.0,1.0,0.23,1.0,0.0,0.67,0.5,7.69,0.0,0.0,7.69,0.33
3,臺北台新戰神,5|14|13907,黃聰翰/錢肯尼/梅克,1,64,78.0,928.56,15.48,15:29,928.56,15.48,15:29,38.0,38.0,48.72,88.39,29.0,29.0,37.18,67.46,29.0,29.0,37.18,67.46,14.0,14.0,17.95,32.57,17.0,17.0,21.79,39.55,9.0,9.0,11.54,20.94,12.0,12.0,15.38,27.91,5.0,5.0,6.41,11.63,10.0,10.0,12.82,23.26,5.0,5.0,6.41,11.63,7.0,7.0,8.97,16.28,11.0,11.0,14.1,25.59,4.0,4.0,5.13,9.3,14.0,14.0,17.95,32.57,6.0,6.0,7.69,13.96,8.0,8.0,10.26,18.61,3.0,3.0,3.85,6.98,3.0,3.0,3.85,6.98,6.0,6.0,7.69,13.96,5.0,5.0,6.41,11.63,48.72,37.18,11.54,120.96,9.0,9.0,11.54,15.48,15.48,0.57,0.57,0.53,0.42,0.5,0.15,0.57,0.33,0.73,0.5,3.85,3.85,0.08,6.41,0.34
3,臺北台新戰神,5|10867|13907,黃聰翰/威力斯/梅克,1,16,18.0,137.21,2.29,02:17,137.21,2.29,02:17,10.0,10.0,55.56,157.42,7.0,7.0,38.89,110.19,5.0,5.0,27.78,78.71,3.0,3.0,16.67,47.23,4.0,4.0,22.22,62.97,2.0,2.0,11.11,31.48,1.0,1.0,5.56,15.74,1.0,1.0,5.56,15.74,3.0,3.0,16.67,47.23,3.0,3.0,16.67,47.23,0.0,0.0,0.0,0.0,2.0,2.0,11.11,31.48,1.0,1.0,5.56,15.74,2.0,2.0,11.11,31.48,1.0,1.0,5.56,15.74,3.0,3.0,16.67,47.23,1.0,1.0,5.56,15.74,0.0,0.0,0.0,0.0,1.0,1.0,5.56,15.74,2.0,2.0,11.11,31.48,55.56,38.89,16.67,188.9,3.0,3.0,16.67,2.29,2.29,0.7,0.79,0.5,1.0,1.0,0.14,1.0,0.0,0.67,0.4,5.56,0.0,0.06,11.11,0.6
3,桃園台啤永豐雲豹,16|54|10884,米勒/高錦瑋/徐宏瑋,1,4,4.0,39.86,0.66,00:40,39.86,0.66,00:40,0.0,0.0,0.0,0.0,4.0,4.0,100.0,216.79,0.0,0.0,0.0,0.0,0.0,0.0,0.0,0.0,0.0,0.0,0.0,0.0,0.0,0.0,0.0,0.0,0.0,0.0,0.0,0.0,0.0,0.0,0.0,0.0,1.0,1.0,25.0,54.2,0.0,0.0,0.0,0.0,0.0,0.0,0.0,0.0,1.0,1.0,25.0,54.2,0.0,0.0,0.0,0.0,0.0,0.0,0.0,0.0,1.0,1.0,25.0,54.2,0.0,0.0,0.0,0.0,1.0,1.0,25.0,54.2,0.0,0.0,0.0,0.0,0.0,0.0,0.0,0.0,0.0,0.0,0.0,0.0,0.0,100.0,-100.0,144.52,-4.0,-4.0,-100.0,0.66,0.66,,0.0,,,0.0,0.69,,,1.0,1.0,25.0,0.0,0.0,0.0,
3,桃園台啤永豐雲豹,16|58|10884,米勒/林信寬/徐宏瑋,1,4,4.0,39.86,0.66,00:40,39.86,0.66,00:40,0.0,0.0,0.0,0.0,4.0,4.0,100.0,216.79,0.0,0.0,0.0,0.0,0.0,0.0,0.0,0.0,0.0,0.0,0.0,0.0,0.0,0.0,0.0,0.0,0.0,0.0,0.0,0.0,0.0,0.0,0.0,0.0,1.0,1.0,25.0,54.2,0.0,0.0,0.0,0.0,0.0,0.0,0.0,0.0,1.0,1.0,25.0,54.2,0.0,0.0,0.0,0.0,0.0,0.0,0.0,0.0,1.0,1.0,25.0,54.2,0.0,0.0,0.0,0.0,1.0,1.0,25.0,54.2,0.0,0.0,0.0,0.0,0.0,0.0,0.0,0.0,0.0,0.0,0.0,0.0,0.0,100.0,-100.0,144.52,-4.0,-4.0,-100.0,0.66,0.66,,0.0,,,0.0,0.69,,,1.0,1.0,25.0,0.0,0.0,0.0,
3,桃園台啤永豐雲豹,16|68|10884,米勒/克羅馬/徐宏瑋,1,4,4.0,39.86,0.66,00:40,39.86,0.66,00:40,0.0,0.0,0.0,0.0,4.0,4.0,100.0,216.79,0.0,0.0,0.0,0.0,0.0,0.0,0.0,0.0,0.0,0.0,0.0,0.0,0.0,0.0,0.0,0.0,0.0,0.0,0.0,0.0,0.0,0.0,0.0,0.0,1.0,1.0,25.0,54.2,0.0,0.0,0.0,0.0,0.0,0.0,0.0,0.0,1.0,1.0,25.0,54.2,0.0,0.0,0.0,0.0,0.0,0.0,0.0,0.0,1.0,1.0,25.0,54.2,0.0,0.0,0.0,0.0,1.0,1.0,25.0,54.2,0.0,0.0,0.0,0.0,0.0,0.0,0.0,0.0,0.0,0.0,0.0,0.0,0.0,100.0,-100.0,144.52,-4.0,-4.0,-100.0,0.66,0.66,,0.0,,,0.0,0.69,,,1.0,1.0,25.0,0.0,0.0,0.0,
3,桃園台啤永豐雲豹,54|58|10884,高錦瑋/林信寬/徐宏瑋,1,11,11.0,147.72,2.46,02:28,147.72,2.46,02:28,4.0,4.0,36.36,58.49,7.0,7.0,63.64,102.36,2.0,2.0,18.18,29.25,1.0,1.0,9.09,14.62,1.0,1.0,9.09,14.62,1.0,1.0,9.09,14.62,1.0,1.0,9.09,14.62,0.0,0.0,0.0,0.0,4.0,4.0,36.36,58.49,2.0,2.0,18.18,29.25,0.0,0.0,0.0,0.0,3.0,3.0,27.27,43.87,0.0,0.0,0.0,0.0,0.0,0.0,0.0,0.0,1.0,1.0,9.09,14.62,1.0,1.0,9.09,14.62,1.0,1.0,9.09,14.62,0.0,0.0,0.0,0.0,2.0,2.0,18.18,29.25,1.0,1.0,9.09,14.62,36.36,63.64,-27.27,107.23,-3.0,-3.0,-27.27,2.46,2.46,0.5,0.53,1.0,0.0,0.5,0.21,1.0,,1.0,1.0,9.09,0.0,0.18,9.09,2.0
3,桃園台啤永豐雲豹,54|68|10884,高錦瑋/克羅馬/徐宏瑋,1,11,11.0,147.72,2.46,02:28,147.72,2.46,02:28,4.0,4.0,36.36,58.49,7.0,7.0,63.64,102.36,2.0,2.0,18.18,29.25,1.0,1.0,9.09,14.62,1.0,1.0,9.09,14.62,1.0,1.0,9.09,14.62,1.0,1.0,9.09,14.62,0.0,0.0,0.0,0.0,4.0,4.0,36.36,58.49,2.0,2.0,18.18,29.25,0.0,0.0,0.0,0.0,3.0,3.0,27.27,43.87,0.0,0.0,0.0,0.0,0.0,0.0,0.0,0.0,1.0,1.0,9.09,14.62,1.0,1.0,9.09,14.62,1.0,1.0,9.09,14.62,0.0,0.0,0.0,0.0,2.0,2.0,18.18,29.25,1.0,1.0,9.09,14.62,36.36,63.64,-27.27,107.23,-3.0,-3.0,-27.27,2.46,2.46,0.5,0.53,1.0,0.0,0.5,0.21,1.0,,1.0,1.0,9.09,0.0,0.18,9.09,2.0
3,桃園台啤永豐雲豹,58|68|10884,林信寬/克羅馬/徐宏瑋,1,11,11.0,147.72,2.46,02:28,147.72,2.46,02:28,4.0,4.0,36.36,58.49,7.0,7.0,63.64,102.36,2.0,2.0,18.18,29.25,1.0,1.0,9.09,14.62,1.0,1.0,9.09,14.62,1.0,1.0,9.09,14.62,1.0,1.0,9.09,14.62,0.0,0.0,0.0,0.0,4.0,4.0,36.36,58.49,2.0,2.0,18.18,29.25,0.0,0.0,0.0,0.0,3.0,3.0,27.27,43.87,0.0,0.0,0.0,0.0,0.0,0.0,0.0,0.0,1.0,1.0,9.09,14.62,1.0,1.0,9.09,14.62,1.0,1.0,9.09,14.62,0.0,0.0,0.0,0.0,2.0,2.0,18.18,29.25,1.0,1.0,9.09,14.62,36.36,63.64,-27.27,107.23,-3.0,-3.0,-27.27,2.46,2.46,0.5,0.53,1.0,0.0,0.5,0.21,1.0,,1.0,1.0,9.09,0.0,0.18,9.09,2.0
3,臺北台新戰神,1|5|10,丁聖儒/黃聰翰/雷蒙恩,1,52,63.0,929.91,15.5,15:30,929.91,15.5,15:30,22.0,22.0,34.92,51.1,34.0,34.0,53.97,78.98,23.0,23.0,36.51,53.42,7.0,7.0,11.11,16.26,20.0,20.0,31.75,46.46,7.0,7.0,11.11,16.26,3.0,3.0,4.76,6.97,0.0,0.0,0.0,0.0,9.0,9.0,14.29,20.91,8.0,8.0,12.7,18.58,6.0,6.0,9.52,13.94,9.0,9.0,14.29,20.91,3.0,3.0,4.76,6.97,9.0,9.0,14.29,20.91,5.0,5.0,7.94,11.61,4.0,4.0,6.35,9.29,0.0,0.0,0.0,0.0,1.0,1.0,1.59,2.32,7.0,7.0,11.11,16.26,8.0,8.0,12.7,18.58,34.92,53.97,-19.05,97.56,-12.0,-12.0,-19.05,15.5,15.5,0.3,0.41,0.35,0.0,0.89,0.16,0.57,0.4,0.75,0.56,0.0,1.59,0.11,12.7,0.39
3,臺北台新戰神,1|10|10867,丁聖儒/雷蒙恩/威力斯,1,13,13.0,149.15,2.49,02:29,149.15,2.49,02:29,11.0,11.0,84.62,159.3,4.0,4.0,30.77,57.93,3.0,3.0,23.08,43.45,3.0,3.0,23.08,43.45,3.0,3.0,23.08,43.45,3.0,3.0,23.08,43.45,0.0,0.0,0.0,0.0,0.0,0.0,0.0,0.0,5.0,5.0,38.46,72.41,5.0,5.0,38.46,72.41,0.0,0.0,0.0,0.0,0.0,0.0,0.0,0.0,0.0,0.0,0.0,0.0,3.0,3.0,23.08,43.45,1.0,1.0,7.69,14.48,2.0,2.0,15.38,28.96,0.0,0.0,0.0,0.0,0.0,0.0,0.0,0.0,2.0,2.0,15.38,28.96,4.0,4.0,30.77,57.93,84.62,30.77,53.85,125.51,7.0,7.0,53.85,2.49,2.49,1.0,1.06,1.0,,1.0,0.16,0.67,0.0,,0.0,0.0,0.0,0.15,30.77,1.67
3,臺北台新戰神,1|10|13907,丁聖儒/雷蒙恩/梅克,1,45,56.0,830.08,13.83,13:50,830.08,13.83,13:50,17.0,17.0,30.36,44.24,32.0,32.0,57.14,83.27,22.0,22.0,39.29,57.25,6.0,6.0,10.71,15.61,19.0,19.0,33.93,49.44,6.0,6.0,10.71,15.61,3.0,3.0,5.36,7.81,0.0,0.0,0.0,0.0,6.0,6.0,10.71,15.61,5.0,5.0,8.93,13.01,6.0,6.0,10.71,15.61,9.0,9.0,16.07,23.42,3.0,3.0,5.36,7.81,7.0,7.0,12.5,18.22,4.0,4.0,7.14,10.41,4.0,4.0,7.14,10.41,0.0,0.0,0.0,0.0,1.0,1.0,1.79,2.6,6.0,6.0,10.71,15.61,5.0,5.0,8.93,13.01,30.36,57.14,-26.79,97.15,-15.0,-15.0,-26.79,13.83,13.83,0.27,0.34,0.32,0.0,0.83,0.14,0.67,0.46,0.75,0.6,0.0,1.79,0.11,8.93,0.27
3,臺北台新戰神,5|10|10867,黃聰翰/雷蒙恩/威力斯,1,14,14.0,155.15,2.59,02:35,155.15,2.59,02:35,11.0,11.0,78.57,153.14,4.0,4.0,28.57,55.69,3.0,3.0,21.43,41.76,3.0,3.0,21.43,41.76,3.0,3.0,21.43,41.76,3.0,3.0,21.43,41.76,0.0,0.0,0.0,0.0,0.0,0.0,0.0,0.0,5.0,5.0,35.71,69.61,5.0,5.0,35.71,69.61,0.0,0.0,0.0,0.0,0.0,0.0,0.0,0.0,0.0,0.0,0.0,0.0,3.0,3.0,21.43,41.76,1.0,1.0,7.14,13.92,2.0,2.0,14.29,27.84,0.0,0.0,0.0,0.0,0.0,0.0,0.0,0.0,2.0,2.0,14.29,27.84,4.0,4.0,28.57,55.69,78.57,28.57,50.0,129.94,7.0,7.0,50.0,2.59,2.59,1.0,1.06,1.0,,1.0,0.16,0.67,0.0,,0.0,0.0,0.0,0.14,28.57,1.67
3,臺北台新戰神,5|10|13907,黃聰翰/雷蒙恩/梅克,1,55,69.0,945.84,15.76,15:46,945.84,15.76,15:46,22.0,22.0,31.88,50.24,34.0,34.0,49.28,77.65,26.0,26.0,37.68,59.38,8.0,8.0,11.59,18.27,21.0,21.0,30.43,47.96,8.0,8.0,11.59,18.27,5.0,5.0,7.25,11.42,0.0,0.0,0.0,0.0,8.0,8.0,11.59,18.27,6.0,6.0,8.7,13.7,8.0,8.0,11.59,18.27,10.0,10.0,14.49,22.84,3.0,3.0,4.35,6.85,9.0,9.0,13.04,20.55,6.0,6.0,8.7,13.7,5.0,5.0,7.25,11.42,1.0,1.0,1.45,2.28,1.0,1.0,1.45,2.28,7.0,7.0,10.14,15.99,7.0,7.0,10.14,15.99,31.88,49.28,-17.39,105.05,-12.0,-12.0,-17.39,15.76,15.76,0.31,0.37,0.38,0.0,0.75,0.17,0.62,0.47,0.77,0.6,1.45,1.45,0.1,10.14,0.31
3,臺北台新戰神,10|10867|13907,雷蒙恩/威力斯/梅克,1,6,6.0,46.33,0.77,00:46,46.33,0.77,00:46,6.0,6.0,100.0,279.76,0.0,0.0,0.0,0.0,2.0,2.0,33.33,93.25,2.0,2.0,33.33,93.25,2.0,2.0,33.33,93.25,2.0,2.0,33.33,93.25,0.0,0.0,0.0,0.0,0.0,0.0,0.0,0.0,2.0,2.0,33.33,93.25,2.0,2.0,33.33,93.25,0.0,0.0,0.0,0.0,0.0,0.0,0.0,0.0,0.0,0.0,0.0,0.0,1.0,1.0,16.67,46.63,0.0,0.0,0.0,0.0,2.0,2.0,33.33,93.25,0.0,0.0,0.0,0.0,0.0,0.0,0.0,0.0,1.0,1.0,16.67,46.63,1.0,1.0,16.67,46.63,100.0,0.0,100.0,186.5,6.0,6.0,100.0,0.77,0.77,1.0,1.04,1.0,,1.0,0.0,1.0,0.0,,0.0,0.0,0.0,0.17,16.67,1.0
3,桃園台啤永豐雲豹,54|58|10860,高錦瑋/林信寬/麥卡洛,1,21,24.0,328.86,5.48,05:29,328.86,5.48,05:29,14.0,14.0,58.33,91.95,8.0,8.0,33.33,52.54,11.0,11.0,45.83,72.25,6.0,6.0,25.0,39.41,9.0,9.0,37.5,59.11,6.0,6.0,25.0,39.41,2.0,2.0,8.33,13.14,0.0,0.0,0.0,0.0,3.0,3.0,12.5,19.7,2.0,2.0,8.33,13.14,2.0,2.0,8.33,13.14,4.0,4.0,16.67,26.27,1.0,1.0,4.17,6.57,1.0,1.0,4.17,6.57,0.0,0.0,0.0,0.0,2.0,2.0,8.33,13.14,0.0,0.0,0.0,0.0,0.0,0.0,0.0,0.0,3.0,3.0,12.5,19.7,3.0,3.0,12.5,19.7,58.33,33.33,25.0,105.09,6.0,6.0,25.0,5.48,5.48,0.55,0.57,0.67,0.0,0.67,0.0,0.33,0.67,0.8,0.75,0.0,0.0,0.12,12.5,0.27
3,桃園台啤永豐雲豹,54|68|10860,高錦瑋/克羅馬/麥卡洛,1,28,32.0,477.86,7.96,07:58,477.86,7.96,07:58,15.0,15.0,46.88,67.8,14.0,14.0,43.75,63.28,14.0,14.0,43.75,63.28,6.0,6.0,18.75,27.12,12.0,12.0,37.5,54.24,6.0,6.0,18.75,27.12,2.0,2.0,6.25,9.04,0.0,0.0,0.0,0.0,5.0,5.0,15.62,22.6,3.0,3.0,9.38,13.56,3.0,3.0,9.38,13.56,7.0,7.0,21.88,31.64,1.0,1.0,3.12,4.52,1.0,1.0,3.12,4.52,0.0,0.0,0.0,0.0,2.0,2.0,6.25,9.04,0.0,0.0,0.0,0.0,1.0,1.0,3.12,4.52,4.0,4.0,12.5,18.08,5.0,5.0,15.62,22.6,46.88,43.75,3.12,96.43,1.0,1.0,3.12,7.96,7.96,0.43,0.46,0.5,0.0,0.6,0.0,0.33,0.75,0.88,0.83,0.0,3.12,0.12,15.62,0.36
3,桃園台啤永豐雲豹,54|10860|10884,高錦瑋/麥卡洛/徐宏瑋,1,7,7.0,107.86,1.8,01:48,107.86,1.8,01:48,4.0,4.0,57.14,80.1,3.0,3.0,42.86,60.08,2.0,2.0,28.57,40.05,1.0,1.0,14.29,20.03,1.0,1.0,14.29,20.03,1.0,1.0,14.29,20.03,1.0,1.0,14.29,20.03,0.0,0.0,0.0,0.0,3.0,3.0,42.86,60.08,2.0,2.0,28.57,40.05,0.0,0.0,0.0,0.0,2.0,2.0,28.57,40.05,0.0,0.0,0.0,0.0,0.0,0.0,0.0,0.0,0.0,0.0,0.0,0.0,1.0,1.0,14.29,20.03,0.0,0.0,0.0,0.0,0.0,0.0,0.0,0.0,2.0,2.0,28.57,40.05,1.0,1.0,14.29,20.03,57.14,42.86,14.29,93.45,1.0,1.0,14.29,1.8,1.8,0.5,0.6,1.0,0.0,0.67,0.0,1.0,,1.0,1.0,0.0,0.0,0.29,14.29,1.5
3,桃園台啤永豐雲豹,58|68|10860,林信寬/克羅馬/麥卡洛,1,61,68.0,994.64,16.58,16:35,994.64,16.58,16:35,39.0,39.0,57.35,84.69,25.0,25.0,36.76,54.29,31.0,31.0,45.59,67.32,17.0,17.0,25.0,36.92,22.0,22.0,32.35,47.78,14.0,14.0,20.59,30.4,9.0,9.0,13.24,19.54,3.0,3.0,4.41,6.51,3.0,3.0,4.41,6.51,2.0,2.0,2.94,4.34,5.0,5.0,7.35,10.86,8.0,8.0,11.76,17.37,2.0,2.0,2.94,4.34,8.0,8.0,11.76,17.37,4.0,4.0,5.88,8.69,8.0,8.0,11.76,17.37,2.0,2.0,2.94,4.34,0.0,0.0,0.0,0.0,3.0,3.0,4.41,6.51,11.0,11.0,16.18,23.89,57.35,36.76,20.59,98.45,14.0,14.0,20.59,16.58,16.58,0.6,0.6,0.64,0.33,0.67,0.11,0.47,0.38,0.8,0.57,2.94,0.0,0.04,16.18,0.1
3,桃園台啤永豐雲豹,58|10860|10884,林信寬/麥卡洛/徐宏瑋,1,7,7.0,107.86,1.8,01:48,107.86,1.8,01:48,4.0,4.0,57.14,80.1,3.0,3.0,42.86,60.08,2.0,2.0,28.57,40.05,1.0,1.0,14.29,20.03,1.0,1.0,14.29,20.03,1.0,1.0,14.29,20.03,1.0,1.0,14.29,20.03,0.0,0.0,0.0,0.0,3.0,3.0,42.86,60.08,2.0,2.0,28.57,40.05,0.0,0.0,0.0,0.0,2.0,2.0,28.57,40.05,0.0,0.0,0.0,0.0,0.0,0.0,0.0,0.0,0.0,0.0,0.0,0.0,1.0,1.0,14.29,20.03,0.0,0.0,0.0,0.0,0.0,0.0,0.0,0.0,2.0,2.0,28.57,40.05,1.0,1.0,14.29,20.03,57.14,42.86,14.29,93.45,1.0,1.0,14.29,1.8,1.8,0.5,0.6,1.0,0.0,0.67,0.0,1.0,,1.0,1.0,0.0,0.0,0.29,14.29,1.5
3,桃園台啤永豐雲豹,68|10860|10884,克羅馬/麥卡洛/徐宏瑋,1,7,7.0,107.86,1.8,01:48,107.86,1.8,01:48,4.0,4.0,57.14,80.1,3.0,3.0,42.86,60.08,2.0,2.0,28.57,40.05,1.0,1.0,14.29,20.03,1.0,1.0,14.29,20.03,1.0,1.0,14.29,20.03,1.0,1.0,14.29,20.03,0.0,0.0,0.0,0.0,3.0,3.0,42.86,60.08,2.0,2.0,28.57,40.05,0.0,0.0,0.0,0.0,2.0,2.0,28.57,40.05,0.0,0.0,0.0,0.0,0.0,0.0,0.0,0.0,0.0,0.0,0.0,0.0,1.0,1.0,14.29,20.03,0.0,0.0,0.0,0.0,0.0,0.0,0.0,0.0,2.0,2.0,28.57,40.05,1.0,1.0,14.29,20.03,57.14,42.86,14.29,93.45,1.0,1.0,14.29,1.8,1.8,0.5,0.6,1.0,0.0,0.67,0.0,1.0,,1.0,1.0,0.0,0.0,0.29,14.29,1.5
3,臺北台新戰神,1|5|14845,丁聖儒/黃聰翰/恩多,1,78,96.0,1404.2,23.4,23:24,1404.2,23.4,23:24,43.0,43.0,44.79,66.14,43.0,43.0,44.79,66.14,37.0,37.0,38.54,56.91,15.0,15.0,15.62,23.07,26.0,26.0,27.08,39.99,11.0,11.0,11.46,16.92,11.0,11.0,11.46,16.92,4.0,4.0,4.17,6.15,14.0,14.0,14.58,21.54,9.0,9.0,9.38,13.84,10.0,10.0,10.42,15.38,13.0,13.0,13.54,20.0,5.0,5.0,5.21,7.69,17.0,17.0,17.71,26.15,7.0,7.0,7.29,10.77,7.0,7.0,7.29,10.77,1.0,1.0,1.04,1.54,4.0,4.0,4.17,6.15,11.0,11.0,11.46,16.92,5.0,5.0,5.21,7.69,44.79,44.79,0.0,98.45,0.0,0.0,0.0,23.4,23.4,0.46,0.5,0.42,0.36,0.64,0.14,0.47,0.37,0.72,0.51,1.04,4.17,0.11,5.21,0.38
3,臺北台新戰神,1|10|14845,丁聖儒/雷蒙恩/恩多,1,36,45.0,700.29,11.67,11:40,700.29,11.67,11:40,14.0,14.0,31.11,43.18,27.0,27.0,60.0,83.28,15.0,15.0,33.33,46.27,4.0,4.0,8.89,12.34,13.0,13.0,28.89,40.1,4.0,4.0,8.89,12.34,2.0,2.0,4.44,6.17,0.0,0.0,0.0,0.0,7.0,7.0,15.56,21.59,6.0,6.0,13.33,18.51,5.0,5.0,11.11,15.42,5.0,5.0,11.11,15.42,2.0,2.0,4.44,6.17,6.0,6.0,13.33,18.51,4.0,4.0,8.89,12.34,1.0,1.0,2.22,3.08,0.0,0.0,0.0,0.0,1.0,1.0,2.22,3.08,6.0,6.0,13.33,18.51,3.0,3.0,6.67,9.25,31.11,60.0,-28.89,92.53,-13.0,-13.0,-28.89,11.67,11.67,0.27,0.39,0.31,0.0,0.86,0.18,0.25,0.45,0.71,0.56,0.0,2.22,0.13,6.67,0.47
3,臺北台新戰神,1|10867|14845,丁聖儒/威力斯/恩多,1,8,8.0,108.83,1.81,01:49,108.83,1.81,01:49,5.0,5.0,62.5,99.24,4.0,4.0,50.0,79.39,1.0,1.0,12.5,19.85,1.0,1.0,12.5,19.85,1.0,1.0,12.5,19.85,1.0,1.0,12.5,19.85,0.0,0.0,0.0,0.0,0.0,0.0,0.0,0.0,3.0,3.0,37.5,59.54,3.0,3.0,37.5,59.54,0.0,0.0,0.0,0.0,0.0,0.0,0.0,0.0,0.0,0.0,0.0,0.0,2.0,2.0,25.0,39.7,1.0,1.0,12.5,19.85,0.0,0.0,0.0,0.0,0.0,0.0,0.0,0.0,0.0,0.0,0.0,0.0,1.0,1.0,12.5,19.85,3.0,3.0,37.5,59.54,62.5,50.0,12.5,105.86,1.0,1.0,12.5,1.81,1.81,1.0,1.08,1.0,,1.0,0.3,0.0,0.0,,0.0,0.0,0.0,0.12,37.5,3.0
3,臺北台新戰神,5|10|14845,黃聰翰/雷蒙恩/恩多,1,44,56.0,806.04,13.43,13:26,806.04,13.43,13:26,19.0,19.0,33.93,50.92,29.0,29.0,51.79,77.71,19.0,19.0,33.93,50.92,6.0,6.0,10.71,16.08,15.0,15.0,26.79,40.2,6.0,6.0,10.71,16.08,4.0,4.0,7.14,10.72,0.0,0.0,0.0,0.0,9.0,9.0,16.07,24.12,7.0,7.0,12.5,18.76,7.0,7.0,12.5,18.76,6.0,6.0,10.71,16.08,2.0,2.0,3.57,5.36,8.0,8.0,14.29,21.44,6.0,6.0,10.71,16.08,2.0,2.0,3.57,5.36,1.0,1.0,1.79,2.68,1.0,1.0,1.79,2.68,7.0,7.0,12.5,18.76,5.0,5.0,8.93,13.4,33.93,51.79,-17.86,100.04,-10.0,-10.0,-17.86,13.43,13.43,0.32,0.41,0.4,0.0,0.78,0.21,0.33,0.47,0.75,0.57,1.79,1.79,0.12,8.93,0.47
3,臺北台新戰神,5|10867|14845,黃聰翰/威力斯/恩多,1,8,8.0,108.83,1.81,01:49,108.83,1.81,01:49,5.0,5.0,62.5,99.24,4.0,4.0,50.0,79.39,1.0,1.0,12.5,19.85,1.0,1.0,12.5,19.85,1.0,1.0,12.5,19.85,1.0,1.0,12.5,19.85,0.0,0.0,0.0,0.0,0.0,0.0,0.0,0.0,3.0,3.0,37.5,59.54,3.0,3.0,37.5,59.54,0.0,0.0,0.0,0.0,0.0,0.0,0.0,0.0,0.0,0.0,0.0,0.0,2.0,2.0,25.0,39.7,1.0,1.0,12.5,19.85,0.0,0.0,0.0,0.0,0.0,0.0,0.0,0.0,0.0,0.0,0.0,0.0,1.0,1.0,12.5,19.85,3.0,3.0,37.5,59.54,62.5,50.0,12.5,105.86,1.0,1.0,12.5,1.81,1.81,1.0,1.08,1.0,,1.0,0.3,0.0,0.0,,0.0,0.0,0.0,0.12,37.5,3.0
3,臺北台新戰神,10|10867|14845,雷蒙恩/威力斯/恩多,1,8,8.0,108.83,1.81,01:49,108.83,1.81,01:49,5.0,5.0,62.5,99.24,4.0,4.0,50.0,79.39,1.0,1.0,12.5,19.85,1.0,1.0,12.5,19.85,1.0,1.0,12.5,19.85,1.0,1.0,12.5,19.85,0.0,0.0,0.0,0.0,0.0,0.0,0.0,0.0,3.0,3.0,37.5,59.54,3.0,3.0,37.5,59.54,0.0,0.0,0.0,0.0,0.0,0.0,0.0,0.0,0.0,0.0,0.0,0.0,2.0,2.0,25.0,39.7,1.0,1.0,12.5,19.85,0.0,0.0,0.0,0.0,0.0,0.0,0.0,0.0,0.0,0.0,0.0,0.0,1.0,1.0,12.5,19.85,3.0,3.0,37.5,59.54,62.5,50.0,12.5,105.86,1.0,1.0,12.5,1.81,1.81,1.0,1.08,1.0,,1.0,0.3,0.0,0.0,,0.0,0.0,0.0,0.12,37.5,3.0
3,桃園台啤永豐雲豹,12|55|58,曹薰襄/汪哲宇/林信寬,1,30,39.0,512.78,8.55,08:33,512.78,8.55,08:33,17.0,17.0,43.59,71.61,10.0,10.0,25.64,42.12,17.0,17.0,43.59,71.61,8.0,8.0,20.51,33.7,12.0,12.0,30.77,50.55,7.0,7.0,17.95,29.49,5.0,5.0,12.82,21.06,1.0,1.0,2.56,4.21,0.0,0.0,0.0,0.0,0.0,0.0,0.0,0.0,3.0,3.0,7.69,12.64,5.0,5.0,12.82,21.06,4.0,4.0,10.26,16.85,5.0,5.0,12.82,21.06,2.0,2.0,5.13,8.42,3.0,3.0,7.69,12.64,1.0,1.0,2.56,4.21,0.0,0.0,0.0,0.0,0.0,0.0,0.0,0.0,6.0,6.0,15.38,25.27,43.59,25.64,17.95,109.52,7.0,7.0,17.95,8.55,8.55,0.5,0.5,0.58,0.2,,0.11,0.38,0.38,0.56,0.47,2.56,0.0,0.0,15.38,0.0
3,桃園台啤永豐雲豹,12|55|68,曹薰襄/汪哲宇/克羅馬,1,23,27.0,333.78,5.56,05:34,333.78,5.56,05:34,15.0,15.0,55.56,97.07,10.0,10.0,37.04,64.71,13.0,13.0,48.15,84.13,7.0,7.0,25.93,45.3,9.0,9.0,33.33,58.24,6.0,6.0,22.22,38.83,4.0,4.0,14.81,25.89,1.0,1.0,3.7,6.47,0.0,0.0,0.0,0.0,0.0,0.0,0.0,0.0,3.0,3.0,11.11,19.41,2.0,2.0,7.41,12.94,1.0,1.0,3.7,6.47,5.0,5.0,18.52,32.36,2.0,2.0,7.41,12.94,3.0,3.0,11.11,19.41,1.0,1.0,3.7,6.47,0.0,0.0,0.0,0.0,0.0,0.0,0.0,0.0,6.0,6.0,22.22,38.83,55.56,37.04,18.52,116.48,5.0,5.0,18.52,5.56,5.56,0.58,0.58,0.67,0.25,,0.13,0.43,0.38,0.67,0.45,3.7,0.0,0.0,22.22,0.0
3,桃園台啤永豐雲豹,12|55|10860,曹薰襄/汪哲宇/麥卡洛,1,30,39.0,512.78,8.55,08:33,512.78,8.55,08:33,17.0,17.0,43.59,71.61,10.0,10.0,25.64,42.12,17.0,17.0,43.59,71.61,8.0,8.0,20.51,33.7,12.0,12.0,30.77,50.55,7.0,7.0,17.95,29.49,5.0,5.0,12.82,21.06,1.0,1.0,2.56,4.21,0.0,0.0,0.0,0.0,0.0,0.0,0.0,0.0,3.0,3.0,7.69,12.64,5.0,5.0,12.82,21.06,4.0,4.0,10.26,16.85,5.0,5.0,12.82,21.06,2.0,2.0,5.13,8.42,3.0,3.0,7.69,12.64,1.0,1.0,2.56,4.21,0.0,0.0,0.0,0.0,0.0,0.0,0.0,0.0,6.0,6.0,15.38,25.27,43.59,25.64,17.95,109.52,7.0,7.0,17.95,8.55,8.55,0.5,0.5,0.58,0.2,,0.11,0.38,0.38,0.56,0.47,2.56,0.0,0.0,15.38,0.0
3,桃園台啤永豐雲豹,12|58|68,曹薰襄/林信寬/克羅馬,1,40,44.0,665.78,11.1,11:06,665.78,11.1,11:06,25.0,25.0,56.82,81.11,17.0,17.0,38.64,55.15,20.0,20.0,45.45,64.89,11.0,11.0,25.0,35.69,13.0,13.0,29.55,42.18,8.0,8.0,18.18,25.95,7.0,7.0,15.91,22.71,3.0,3.0,6.82,9.73,0.0,0.0,0.0,0.0,0.0,0.0,0.0,0.0,3.0,3.0,6.82,9.73,4.0,4.0,9.09,12.98,1.0,1.0,2.27,3.24,7.0,7.0,15.91,22.71,4.0,4.0,9.09,12.98,6.0,6.0,13.64,19.47,2.0,2.0,4.55,6.49,0.0,0.0,0.0,0.0,0.0,0.0,0.0,0.0,8.0,8.0,18.18,25.95,56.82,38.64,18.18,95.17,8.0,8.0,18.18,11.1,11.1,0.62,0.62,0.62,0.43,,0.17,0.55,0.3,0.8,0.47,4.55,0.0,0.0,18.18,0.0
3,桃園台啤永豐雲豹,12|58|10860,曹薰襄/林信寬/麥卡洛,1,63,77.0,1121.24,18.69,18:41,1121.24,18.69,18:41,38.0,38.0,49.35,73.2,25.0,25.0,32.47,48.16,31.0,31.0,40.26,59.72,18.0,18.0,23.38,34.68,23.0,23.0,29.87,44.31,15.0,15.0,19.48,28.9,8.0,8.0,10.39,15.41,3.0,3.0,3.9,5.78,1.0,1.0,1.3,1.93,1.0,1.0,1.3,1.93,3.0,3.0,3.9,5.78,8.0,8.0,10.39,15.41,8.0,8.0,10.39,15.41,10.0,10.0,12.99,19.26,5.0,5.0,6.49,9.63,10.0,10.0,12.99,19.26,2.0,2.0,2.6,3.85,0.0,0.0,0.0,0.0,3.0,3.0,3.9,5.78,10.0,10.0,12.99,19.26,49.35,32.47,16.88,98.89,13.0,13.0,16.88,18.69,18.69,0.63,0.6,0.65,0.38,1.0,0.14,0.56,0.23,0.5,0.38,2.6,0.0,0.04,12.99,0.03
3,桃園台啤永豐雲豹,12|68|10860,曹薰襄/克羅馬/麥卡洛,1,40,44.0,665.78,11.1,11:06,665.78,11.1,11:06,25.0,25.0,56.82,81.11,17.0,17.0,38.64,55.15,20.0,20.0,45.45,64.89,11.0,11.0,25.0,35.69,13.0,13.0,29.55,42.18,8.0,8.0,18.18,25.95,7.0,7.0,15.91,22.71,3.0,3.0,6.82,9.73,0.0,0.0,0.0,0.0,0.0,0.0,0.0,0.0,3.0,3.0,6.82,9.73,4.0,4.0,9.09,12.98,1.0,1.0,2.27,3.24,7.0,7.0,15.91,22.71,4.0,4.0,9.09,12.98,6.0,6.0,13.64,19.47,2.0,2.0,4.55,6.49,0.0,0.0,0.0,0.0,0.0,0.0,0.0,0.0,8.0,8.0,18.18,25.95,56.82,38.64,18.18,95.17,8.0,8.0,18.18,11.1,11.1,0.62,0.62,0.62,0.43,,0.17,0.55,0.3,0.8,0.47,4.55,0.0,0.0,18.18,0.0
3,桃園台啤永豐雲豹,55|58|68,汪哲宇/林信寬/克羅馬,1,23,27.0,333.78,5.56,05:34,333.78,5.56,05:34,15.0,15.0,55.56,97.07,10.0,10.0,37.04,64.71,13.0,13.0,48.15,84.13,7.0,7.0,25.93,45.3,9.0,9.0,33.33,58.24,6.0,6.0,22.22,38.83,4.0,4.0,14.81,25.89,1.0,1.0,3.7,6.47,0.0,0.0,0.0,0.0,0.0,0.0,0.0,0.0,3.0,3.0,11.11,19.41,2.0,2.0,7.41,12.94,1.0,1.0,3.7,6.47,5.0,5.0,18.52,32.36,2.0,2.0,7.41,12.94,3.0,3.0,11.11,19.41,1.0,1.0,3.7,6.47,0.0,0.0,0.0,0.0,0.0,0.0,0.0,0.0,6.0,6.0,22.22,38.83,55.56,37.04,18.52,116.48,5.0,5.0,18.52,5.56,5.56,0.58,0.58,0.67,0.25,,0.13,0.43,0.38,0.67,0.45,3.7,0.0,0.0,22.22,0.0
3,桃園台啤永豐雲豹,55|58|10860,汪哲宇/林信寬/麥卡洛,1,30,39.0,512.78,8.55,08:33,512.78,8.55,08:33,17.0,17.0,43.59,71.61,10.0,10.0,25.64,42.12,17.0,17.0,43.59,71.61,8.0,8.0,20.51,33.7,12.0,12.0,30.77,50.55,7.0,7.0,17.95,29.49,5.0,5.0,12.82,21.06,1.0,1.0,2.56,4.21,0.0,0.0,0.0,0.0,0.0,0.0,0.0,0.0,3.0,3.0,7.69,12.64,5.0,5.0,12.82,21.06,4.0,4.0,10.26,16.85,5.0,5.0,12.82,21.06,2.0,2.0,5.13,8.42,3.0,3.0,7.69,12.64,1.0,1.0,2.56,4.21,0.0,0.0,0.0,0.0,0.0,0.0,0.0,0.0,6.0,6.0,15.38,25.27,43.59,25.64,17.95,109.52,7.0,7.0,17.95,8.55,8.55,0.5,0.5,0.58,0.2,,0.11,0.38,0.38,0.56,0.47,2.56,0.0,0.0,15.38,0.0
3,桃園台啤永豐雲豹,55|68|10860,汪哲宇/克羅馬/麥卡洛,1,23,27.0,333.78,5.56,05:34,333.78,5.56,05:34,15.0,15.0,55.56,97.07,10.0,10.0,37.04,64.71,13.0,13.0,48.15,84.13,7.0,7.0,25.93,45.3,9.0,9.0,33.33,58.24,6.0,6.0,22.22,38.83,4.0,4.0,14.81,25.89,1.0,1.0,3.7,6.47,0.0,0.0,0.0,0.0,0.0,0.0,0.0,0.0,3.0,3.0,11.11,19.41,2.0,2.0,7.41,12.94,1.0,1.0,3.7,6.47,5.0,5.0,18.52,32.36,2.0,2.0,7.41,12.94,3.0,3.0,11.11,19.41,1.0,1.0,3.7,6.47,0.0,0.0,0.0,0.0,0.0,0.0,0.0,0.0,6.0,6.0,22.22,38.83,55.56,37.04,18.52,116.48,5.0,5.0,18.52,5.56,5.56,0.58,0.58,0.67,0.25,,0.13,0.43,0.38,0.67,0.45,3.7,0.0,0.0,22.22,0.0
3,臺北台新戰神,1|13907|14845,丁聖儒/梅克/恩多,1,110,134.0,1892.38,31.54,31:32,1892.38,31.54,31:32,52.0,52.0,38.81,59.35,68.0,68.0,50.75,77.62,49.0,49.0,36.57,55.93,19.0,19.0,14.18,21.69,33.0,33.0,24.63,37.67,14.0,14.0,10.45,15.98,16.0,16.0,11.94,18.26,5.0,5.0,3.73,5.71,15.0,15.0,11.19,17.12,9.0,9.0,6.72,10.27,13.0,13.0,9.7,14.84,18.0,18.0,13.43,20.55,7.0,7.0,5.22,7.99,19.0,19.0,14.18,21.69,14.0,14.0,10.45,15.98,14.0,14.0,10.45,15.98,8.0,8.0,5.97,9.13,4.0,4.0,2.99,4.57,16.0,16.0,11.94,18.26,3.0,3.0,2.24,3.42,38.81,50.75,-11.94,101.97,-16.0,-16.0,-11.94,31.54,31.54,0.44,0.47,0.42,0.31,0.6,0.2,0.74,0.41,0.72,0.54,5.97,2.99,0.12,2.24,0.31
3,臺北台新戰神,5|13907|14845,黃聰翰/梅克/恩多,1,79,100.0,1410.13,23.5,23:30,1410.13,23.5,23:30,43.0,43.0,43.0,65.87,43.0,43.0,43.0,65.87,40.0,40.0,40.0,61.27,16.0,16.0,16.0,24.51,27.0,27.0,27.0,41.36,12.0,12.0,12.0,18.38,13.0,13.0,13.0,19.91,4.0,4.0,4.0,6.13,13.0,13.0,13.0,19.91,7.0,7.0,7.0,10.72,12.0,12.0,12.0,18.38,14.0,14.0,14.0,21.44,5.0,5.0,5.0,7.66,17.0,17.0,17.0,26.04,8.0,8.0,8.0,12.25,8.0,8.0,8.0,12.25,2.0,2.0,2.0,3.06,4.0,4.0,4.0,6.13,11.0,11.0,11.0,16.85,4.0,4.0,4.0,6.13,43.0,43.0,0.0,102.12,0.0,0.0,0.0,23.5,23.5,0.45,0.47,0.44,0.31,0.54,0.15,0.5,0.41,0.74,0.54,2.0,4.0,0.11,4.0,0.32
3,臺北台新戰神,10|13907|14845,雷蒙恩/梅克/恩多,1,40,52.0,759.21,12.65,12:39,759.21,12.65,12:39,17.0,17.0,32.69,48.37,27.0,27.0,51.92,76.82,19.0,19.0,36.54,54.06,6.0,6.0,11.54,17.07,14.0,14.0,26.92,39.83,5.0,5.0,9.62,14.23,5.0,5.0,9.62,14.23,1.0,1.0,1.92,2.85,6.0,6.0,11.54,17.07,4.0,4.0,7.69,11.38,7.0,7.0,13.46,19.92,6.0,6.0,11.54,17.07,2.0,2.0,3.85,5.69,7.0,7.0,13.46,19.92,5.0,5.0,9.62,14.23,3.0,3.0,5.77,8.54,1.0,1.0,1.92,2.85,1.0,1.0,1.92,2.85,7.0,7.0,13.46,19.92,2.0,2.0,3.85,5.69,32.69,51.92,-19.23,98.63,-10.0,-10.0,-19.23,12.65,12.65,0.34,0.39,0.36,0.2,0.67,0.19,0.5,0.5,0.75,0.59,1.92,1.92,0.13,3.85,0.32
3,臺北台新戰神,5|10|14,黃聰翰/雷蒙恩/錢肯尼,1,11,14.0,124.76,2.08,02:05,124.76,2.08,02:05,5.0,5.0,35.71,86.57,4.0,4.0,28.57,69.26,4.0,4.0,28.57,69.26,2.0,2.0,14.29,34.63,2.0,2.0,14.29,34.63,2.0,2.0,14.29,34.63,2.0,2.0,14.29,34.63,0.0,0.0,0.0,0.0,2.0,2.0,14.29,34.63,1.0,1.0,7.14,17.31,2.0,2.0,14.29,34.63,1.0,1.0,7.14,17.31,0.0,0.0,0.0,0.0,2.0,2.0,14.29,34.63,2.0,2.0,14.29,34.63,1.0,1.0,7.14,17.31,1.0,1.0,7.14,17.31,0.0,0.0,0.0,0.0,1.0,1.0,7.14,17.31,2.0,2.0,14.29,34.63,35.71,28.57,7.14,161.6,1.0,1.0,7.14,2.08,2.08,0.5,0.51,1.0,0.0,0.5,0.29,0.5,0.5,1.0,0.6,7.14,0.0,0.07,14.29,0.5
3,臺北台新戰神,10|14|10867,雷蒙恩/錢肯尼/威力斯,1,1,1.0,6.0,0.1,00:06,6.0,0.1,00:06,0.0,0.0,0.0,0.0,0.0,0.0,0.0,0.0,0.0,0.0,0.0,0.0,0.0,0.0,0.0,0.0,0.0,0.0,0.0,0.0,0.0,0.0,0.0,0.0,0.0,0.0,0.0,0.0,0.0,0.0,0.0,0.0,0.0,0.0,0.0,0.0,0.0,0.0,0.0,0.0,0.0,0.0,0.0,0.0,0.0,0.0,0.0,0.0,0.0,0.0,0.0,0.0,0.0,0.0,0.0,0.0,0.0,0.0,0.0,0.0,0.0,0.0,0.0,0.0,0.0,0.0,0.0,0.0,0.0,0.0,0.0,0.0,0.0,0.0,0.0,0.0,0.0,0.0,0.0,0.0,0.0,0.0,0.0,240.0,0.0,0.0,0.0,0.1,0.1,,,,,,,,,,,0.0,0.0,0.0,0.0,
3,臺北台新戰神,10|14|13907,雷蒙恩/錢肯尼/梅克,1,22,26.0,259.1,4.32,04:19,259.1,4.32,04:19,11.0,11.0,42.31,91.7,10.0,10.0,38.46,83.37,7.0,7.0,26.92,58.36,4.0,4.0,15.38,33.35,3.0,3.0,11.54,25.01,2.0,2.0,7.69,16.67,4.0,4.0,15.38,33.35,2.0,2.0,7.69,16.67,2.0,2.0,7.69,16.67,1.0,1.0,3.85,8.34,2.0,2.0,7.69,16.67,2.0,2.0,7.69,16.67,1.0,1.0,3.85,8.34,4.0,4.0,15.38,33.35,3.0,3.0,11.54,25.01,3.0,3.0,11.54,25.01,2.0,2.0,7.69,16.67,0.0,0.0,0.0,0.0,2.0,2.0,7.69,16.67,2.0,2.0,7.69,16.67,42.31,38.46,3.85,144.5,1.0,1.0,3.85,4.32,4.32,0.71,0.7,0.67,0.5,0.5,0.28,0.75,0.33,0.67,0.44,7.69,0.0,0.08,7.69,0.29
3,桃園台啤永豐雲豹,12|16|55,曹薰襄/米勒/汪哲宇,1,7,12.0,179.0,2.98,02:59,179.0,2.98,02:59,2.0,2.0,16.67,24.13,0.0,0.0,0.0,0.0,4.0,4.0,33.33,48.27,1.0,1.0,8.33,12.07,3.0,3.0,25.0,36.2,1.0,1.0,8.33,12.07,1.0,1.0,8.33,12.07,0.0,0.0,0.0,0.0,0.0,0.0,0.0,0.0,0.0,0.0,0.0,0.0,0.0,0.0,0.0,0.0,3.0,3.0,25.0,36.2,3.0,3.0,25.0,36.2,0.0,0.0,0.0,0.0,0.0,0.0,0.0,0.0,0.0,0.0,0.0,0.0,0.0,0.0,0.0,0.0,0.0,0.0,0.0,0.0,0.0,0.0,0.0,0.0,0.0,0.0,0.0,0.0,16.67,0.0,16.67,96.54,2.0,2.0,16.67,2.98,2.98,0.25,0.25,0.33,0.0,,0.0,0.0,,0.5,0.5,0.0,0.0,0.0,0.0,0.0
3,桃園台啤永豐雲豹,12|16|58,曹薰襄/米勒/林信寬,1,23,33.0,455.46,7.59,07:35,455.46,7.59,07:35,13.0,13.0,39.39,61.65,8.0,8.0,24.24,37.94,11.0,11.0,33.33,52.17,7.0,7.0,21.21,33.2,10.0,10.0,30.3,47.42,7.0,7.0,21.21,33.2,1.0,1.0,3.03,4.74,0.0,0.0,0.0,0.0,1.0,1.0,3.03,4.74,1.0,1.0,3.03,4.74,0.0,0.0,0.0,0.0,4.0,4.0,12.12,18.97,7.0,7.0,21.21,33.2,3.0,3.0,9.09,14.23,1.0,1.0,3.03,4.74,4.0,4.0,12.12,18.97,0.0,0.0,0.0,0.0,0.0,0.0,0.0,0.0,3.0,3.0,9.09,14.23,2.0,2.0,6.06,9.48,39.39,24.24,15.15,104.33,5.0,5.0,15.15,7.59,7.59,0.64,0.57,0.7,0.0,1.0,0.08,0.57,0.0,0.36,0.29,0.0,0.0,0.09,6.06,0.09
3,桃園台啤永豐雲豹,12|16|10860,曹薰襄/米勒/麥卡洛,1,28,39.0,571.46,9.52,09:31,571.46,9.52,09:31,15.0,15.0,38.46,56.7,13.0,13.0,33.33,49.14,13.0,13.0,33.33,49.14,7.0,7.0,17.95,26.46,11.0,11.0,28.21,41.58,7.0,7.0,17.95,26.46,2.0,2.0,5.13,7.56,0.0,0.0,0.0,0.0,1.0,1.0,2.56,3.78,1.0,1.0,2.56,3.78,1.0,1.0,2.56,3.78,5.0,5.0,12.82,18.9,7.0,7.0,17.95,26.46,3.0,3.0,7.69,11.34,2.0,2.0,5.13,7.56,4.0,4.0,10.26,15.12,1.0,1.0,2.56,3.78,0.0,0.0,0.0,0.0,5.0,5.0,12.82,18.9,2.0,2.0,5.13,7.56,38.46,33.33,5.13,98.27,2.0,2.0,5.13,9.52,9.52,0.54,0.56,0.64,0.0,1.0,0.13,0.57,0.25,0.42,0.38,2.56,0.0,0.13,5.13,0.08
3,桃園台啤永豐雲豹,16|55|58,米勒/汪哲宇/林信寬,1,7,12.0,179.0,2.98,02:59,179.0,2.98,02:59,2.0,2.0,16.67,24.13,0.0,0.0,0.0,0.0,4.0,4.0,33.33,48.27,1.0,1.0,8.33,12.07,3.0,3.0,25.0,36.2,1.0,1.0,8.33,12.07,1.0,1.0,8.33,12.07,0.0,0.0,0.0,0.0,0.0,0.0,0.0,0.0,0.0,0.0,0.0,0.0,0.0,0.0,0.0,0.0,3.0,3.0,25.0,36.2,3.0,3.0,25.0,36.2,0.0,0.0,0.0,0.0,0.0,0.0,0.0,0.0,0.0,0.0,0.0,0.0,0.0,0.0,0.0,0.0,0.0,0.0,0.0,0.0,0.0,0.0,0.0,0.0,0.0,0.0,0.0,0.0,16.67,0.0,16.67,96.54,2.0,2.0,16.67,2.98,2.98,0.25,0.25,0.33,0.0,,0.0,0.0,,0.5,0.5,0.0,0.0,0.0,0.0,0.0
3,桃園台啤永豐雲豹,16|55|10860,米勒/汪哲宇/麥卡洛,1,7,12.0,179.0,2.98,02:59,179.0,2.98,02:59,2.0,2.0,16.67,24.13,0.0,0.0,0.0,0.0,4.0,4.0,33.33,48.27,1.0,1.0,8.33,12.07,3.0,3.0,25.0,36.2,1.0,1.0,8.33,12.07,1.0,1.0,8.33,12.07,0.0,0.0,0.0,0.0,0.0,0.0,0.0,0.0,0.0,0.0,0.0,0.0,0.0,0.0,0.0,0.0,3.0,3.0,25.0,36.2,3.0,3.0,25.0,36.2,0.0,0.0,0.0,0.0,0.0,0.0,0.0,0.0,0.0,0.0,0.0,0.0,0.0,0.0,0.0,0.0,0.0,0.0,0.0,0.0,0.0,0.0,0.0,0.0,0.0,0.0,0.0,0.0,16.67,0.0,16.67,96.54,2.0,2.0,16.67,2.98,2.98,0.25,0.25,0.33,0.0,,0.0,0.0,,0.5,0.5,0.0,0.0,0.0,0.0,0.0
3,桃園台啤永豐雲豹,16|58|10860,米勒/林信寬/麥卡洛,1,23,33.0,455.46,7.59,07:35,455.46,7.59,07:35,13.0,13.0,39.39,61.65,8.0,8.0,24.24,37.94,11.0,11.0,33.33,52.17,7.0,7.0,21.21,33.2,10.0,10.0,30.3,47.42,7.0,7.0,21.21,33.2,1.0,1.0,3.03,4.74,0.0,0.0,0.0,0.0,1.0,1.0,3.03,4.74,1.0,1.0,3.03,4.74,0.0,0.0,0.0,0.0,4.0,4.0,12.12,18.97,7.0,7.0,21.21,33.2,3.0,3.0,9.09,14.23,1.0,1.0,3.03,4.74,4.0,4.0,12.12,18.97,0.0,0.0,0.0,0.0,0.0,0.0,0.0,0.0,3.0,3.0,9.09,14.23,2.0,2.0,6.06,9.48,39.39,24.24,15.15,104.33,5.0,5.0,15.15,7.59,7.59,0.64,0.57,0.7,0.0,1.0,0.08,0.57,0.0,0.36,0.29,0.0,0.0,0.09,6.06,0.09
3,桃園台啤永豐雲豹,12|16|57,曹薰襄/米勒/莊博元,1,21,27.0,392.46,6.54,06:32,392.46,6.54,06:32,13.0,13.0,48.15,71.55,13.0,13.0,48.15,71.55,9.0,9.0,33.33,49.53,6.0,6.0,22.22,33.02,8.0,8.0,29.63,44.03,6.0,6.0,22.22,33.02,1.0,1.0,3.7,5.5,0.0,0.0,0.0,0.0,1.0,1.0,3.7,5.5,1.0,1.0,3.7,5.5,1.0,1.0,3.7,5.5,2.0,2.0,7.41,11.01,4.0,4.0,14.81,22.02,3.0,3.0,11.11,16.51,2.0,2.0,7.41,11.01,4.0,4.0,14.81,22.02,1.0,1.0,3.7,5.5,0.0,0.0,0.0,0.0,5.0,5.0,18.52,27.52,2.0,2.0,7.41,11.01,48.15,48.15,0.0,99.07,0.0,0.0,0.0,6.54,6.54,0.67,0.69,0.75,0.0,1.0,0.17,0.67,0.25,0.33,0.3,3.7,0.0,0.19,7.41,0.11
3,桃園台啤永豐雲豹,12|57|58,曹薰襄/莊博元/林信寬,1,33,38.0,608.46,10.14,10:08,608.46,10.14,10:08,21.0,21.0,55.26,74.55,15.0,15.0,39.47,53.25,14.0,14.0,36.84,49.7,10.0,10.0,26.32,35.5,11.0,11.0,28.95,39.05,8.0,8.0,21.05,28.4,3.0,3.0,7.89,10.65,2.0,2.0,5.26,7.1,1.0,1.0,2.63,3.55,1.0,1.0,2.63,3.55,0.0,0.0,0.0,0.0,3.0,3.0,7.89,10.65,4.0,4.0,10.53,14.2,5.0,5.0,13.16,17.75,3.0,3.0,7.89,10.65,7.0,7.0,18.42,24.85,1.0,1.0,2.63,3.55,0.0,0.0,0.0,0.0,3.0,3.0,7.89,10.65,4.0,4.0,10.53,14.2,55.26,39.47,15.79,89.93,6.0,6.0,15.79,10.14,10.14,0.79,0.73,0.73,0.67,1.0,0.17,0.7,0.0,0.43,0.25,2.63,0.0,0.08,10.53,0.07
3,桃園台啤永豐雲豹,12|57|10860,曹薰襄/莊博元/麥卡洛,1,38,44.0,724.46,12.07,12:04,724.46,12.07,12:04,23.0,23.0,52.27,68.58,20.0,20.0,45.45,59.63,16.0,16.0,36.36,47.7,10.0,10.0,22.73,29.82,12.0,12.0,27.27,35.78,8.0,8.0,18.18,23.85,4.0,4.0,9.09,11.93,2.0,2.0,4.55,5.96,1.0,1.0,2.27,2.98,1.0,1.0,2.27,2.98,1.0,1.0,2.27,2.98,4.0,4.0,9.09,11.93,4.0,4.0,9.09,11.93,5.0,5.0,11.36,14.91,4.0,4.0,9.09,11.93,7.0,7.0,15.91,20.87,2.0,2.0,4.55,5.96,0.0,0.0,0.0,0.0,5.0,5.0,11.36,14.91,4.0,4.0,9.09,11.93,52.27,45.45,6.82,87.46,3.0,3.0,6.82,12.07,12.07,0.69,0.7,0.67,0.5,1.0,0.2,0.7,0.17,0.5,0.36,4.55,0.0,0.11,9.09,0.06
3,桃園台啤永豐雲豹,16|57|10860,米勒/莊博元/麥卡洛,1,34,41.0,606.46,10.11,10:06,606.46,10.11,10:06,27.0,27.0,65.85,96.16,20.0,20.0,48.78,71.23,15.0,15.0,36.59,53.42,11.0,11.0,26.83,39.18,9.0,9.0,21.95,32.05,7.0,7.0,17.07,24.93,6.0,6.0,14.63,21.37,4.0,4.0,9.76,14.25,1.0,1.0,2.44,3.56,1.0,1.0,2.44,3.56,1.0,1.0,2.44,3.56,3.0,3.0,7.32,10.68,5.0,5.0,12.2,17.81,6.0,6.0,14.63,21.37,3.0,3.0,7.32,10.68,8.0,8.0,19.51,28.49,1.0,1.0,2.44,3.56,0.0,0.0,0.0,0.0,5.0,5.0,12.2,17.81,2.0,2.0,4.88,7.12,65.85,48.78,17.07,97.35,7.0,7.0,17.07,10.11,10.11,0.87,0.87,0.78,0.67,1.0,0.16,0.73,0.14,0.38,0.27,2.44,0.0,0.12,4.88,0.07
3,桃園台啤永豐雲豹,57|58|10860,莊博元/林信寬/麥卡洛,1,47,55.0,829.46,13.82,13:49,829.46,13.82,13:49,31.0,31.0,56.36,80.73,20.0,20.0,36.36,52.08,23.0,23.0,41.82,59.89,15.0,15.0,27.27,39.06,19.0,19.0,34.55,49.48,13.0,13.0,23.64,33.85,4.0,4.0,7.27,10.42,2.0,2.0,3.64,5.21,1.0,1.0,1.82,2.6,1.0,1.0,1.82,2.6,2.0,2.0,3.64,5.21,5.0,5.0,9.09,13.02,5.0,5.0,9.09,13.02,6.0,6.0,10.91,15.62,3.0,3.0,5.45,7.81,8.0,8.0,14.55,20.83,1.0,1.0,1.82,2.6,0.0,0.0,0.0,0.0,4.0,4.0,7.27,10.42,6.0,6.0,10.91,15.62,56.36,36.36,20.0,95.48,11.0,11.0,20.0,13.82,13.82,0.7,0.66,0.68,0.5,1.0,0.11,0.53,0.25,0.5,0.39,1.82,0.0,0.07,10.91,0.04
3,臺北台新戰神,1|10|14,丁聖儒/雷蒙恩/錢肯尼,1,1,1.0,9.0,0.15,00:09,9.0,0.15,00:09,0.0,0.0,0.0,0.0,2.0,2.0,200.0,480.0,0.0,0.0,0.0,0.0,0.0,0.0,0.0,0.0,0.0,0.0,0.0,0.0,0.0,0.0,0.0,0.0,0.0,0.0,0.0,0.0,0.0,0.0,0.0,0.0,0.0,0.0,0.0,0.0,0.0,0.0,0.0,0.0,0.0,0.0,0.0,0.0,0.0,0.0,0.0,0.0,0.0,0.0,0.0,0.0,0.0,0.0,0.0,0.0,0.0,0.0,0.0,0.0,0.0,0.0,0.0,0.0,0.0,0.0,0.0,0.0,0.0,0.0,0.0,0.0,0.0,0.0,0.0,0.0,0.0,0.0,0.0,0.0,0.0,200.0,-200.0,160.0,-2.0,-2.0,-200.0,0.15,0.15,,,,,,,,,,,0.0,0.0,0.0,0.0,
3,臺北台新戰神,1|14|14845,丁聖儒/錢肯尼/恩多,1,83,98.0,1309.92,21.83,21:50,1309.92,21.83,21:50,43.0,43.0,43.88,70.91,47.0,47.0,47.96,77.5,35.0,35.0,35.71,57.71,16.0,16.0,16.33,26.38,21.0,21.0,21.43,34.63,11.0,11.0,11.22,18.14,14.0,14.0,14.29,23.09,5.0,5.0,5.1,8.24,11.0,11.0,11.22,18.14,6.0,6.0,6.12,9.89,8.0,8.0,8.16,13.19,13.0,13.0,13.27,21.44,5.0,5.0,5.1,8.24,15.0,15.0,15.31,24.73,11.0,11.0,11.22,18.14,13.0,13.0,13.27,21.44,8.0,8.0,8.16,13.19,3.0,3.0,3.06,4.95,11.0,11.0,11.22,18.14,3.0,3.0,3.06,4.95,43.88,47.96,-4.08,107.73,-4.0,-4.0,-4.08,21.83,21.83,0.53,0.54,0.52,0.36,0.55,0.22,0.81,0.35,0.72,0.51,8.16,3.06,0.11,3.06,0.31
3,臺北台新戰神,10|14|14845,雷蒙恩/錢肯尼/恩多,1,13,16.0,176.76,2.95,02:57,176.76,2.95,02:57,8.0,8.0,50.0,97.76,6.0,6.0,37.5,73.32,5.0,5.0,31.25,61.1,3.0,3.0,18.75,36.66,2.0,2.0,12.5,24.44,2.0,2.0,12.5,24.44,3.0,3.0,18.75,36.66,1.0,1.0,6.25,12.22,2.0,2.0,12.5,24.44,1.0,1.0,6.25,12.22,2.0,2.0,12.5,24.44,1.0,1.0,6.25,12.22,0.0,0.0,0.0,0.0,3.0,3.0,18.75,36.66,2.0,2.0,12.5,24.44,2.0,2.0,12.5,24.44,1.0,1.0,6.25,12.22,0.0,0.0,0.0,0.0,2.0,2.0,12.5,24.44,2.0,2.0,12.5,24.44,50.0,37.5,12.5,130.35,2.0,2.0,12.5,2.95,2.95,0.7,0.68,1.0,0.33,0.5,0.25,0.67,0.4,1.0,0.5,6.25,0.0,0.12,12.5,0.4
3,臺北台新戰神,14|13907|14845,錢肯尼/梅克/恩多,1,95,113.0,1477.67,24.63,24:38,1477.67,24.63,24:38,51.0,51.0,45.13,74.55,51.0,51.0,45.13,74.55,40.0,40.0,35.4,58.47,19.0,19.0,16.81,27.77,23.0,23.0,20.35,33.62,13.0,13.0,11.5,19.0,17.0,17.0,15.04,24.85,6.0,6.0,5.31,8.77,13.0,13.0,11.5,19.0,7.0,7.0,6.19,10.23,10.0,10.0,8.85,14.62,14.0,14.0,12.39,20.46,5.0,5.0,4.42,7.31,18.0,18.0,15.93,26.31,13.0,13.0,11.5,19.0,15.0,15.0,13.27,21.93,9.0,9.0,7.96,13.16,3.0,3.0,2.65,4.39,13.0,13.0,11.5,19.0,5.0,5.0,4.42,7.31,45.13,45.13,0.0,110.12,0.0,0.0,0.0,24.63,24.63,0.55,0.56,0.57,0.35,0.54,0.22,0.79,0.36,0.74,0.51,7.96,2.65,0.12,4.42,0.32
3,臺北台新戰神,1|3|14,丁聖儒/陳文宏/錢肯尼,1,41,48.0,723.0,12.05,12:03,723.0,12.05,12:03,14.0,14.0,29.17,41.83,29.0,29.0,60.42,86.64,14.0,14.0,29.17,41.83,5.0,5.0,10.42,14.94,8.0,8.0,16.67,23.9,4.0,4.0,8.33,11.95,6.0,6.0,12.5,17.93,1.0,1.0,2.08,2.99,4.0,4.0,8.33,11.95,3.0,3.0,6.25,8.96,3.0,3.0,6.25,8.96,6.0,6.0,12.5,17.93,3.0,3.0,6.25,8.96,4.0,4.0,8.33,11.95,8.0,8.0,16.67,23.9,7.0,7.0,14.58,20.91,7.0,7.0,14.58,20.91,0.0,0.0,0.0,0.0,6.0,6.0,12.5,17.93,1.0,1.0,2.08,2.99,29.17,60.42,-31.25,95.6,-15.0,-15.0,-31.25,12.05,12.05,0.39,0.44,0.5,0.17,0.75,0.34,1.4,0.43,0.67,0.56,14.58,0.0,0.12,2.08,0.29
3,臺北台新戰神,1|3|13907,丁聖儒/陳文宏/梅克,1,41,48.0,723.0,12.05,12:03,723.0,12.05,12:03,14.0,14.0,29.17,41.83,29.0,29.0,60.42,86.64,14.0,14.0,29.17,41.83,5.0,5.0,10.42,14.94,8.0,8.0,16.67,23.9,4.0,4.0,8.33,11.95,6.0,6.0,12.5,17.93,1.0,1.0,2.08,2.99,4.0,4.0,8.33,11.95,3.0,3.0,6.25,8.96,3.0,3.0,6.25,8.96,6.0,6.0,12.5,17.93,3.0,3.0,6.25,8.96,4.0,4.0,8.33,11.95,8.0,8.0,16.67,23.9,7.0,7.0,14.58,20.91,7.0,7.0,14.58,20.91,0.0,0.0,0.0,0.0,6.0,6.0,12.5,17.93,1.0,1.0,2.08,2.99,29.17,60.42,-31.25,95.6,-15.0,-15.0,-31.25,12.05,12.05,0.39,0.44,0.5,0.17,0.75,0.34,1.4,0.43,0.67,0.56,14.58,0.0,0.12,2.08,0.29
3,臺北台新戰神,1|3|14845,丁聖儒/陳文宏/恩多,1,39,45.0,588.0,9.8,09:48,588.0,9.8,09:48,14.0,14.0,31.11,51.43,27.0,27.0,60.0,99.18,13.0,13.0,28.89,47.76,5.0,5.0,11.11,18.37,8.0,8.0,17.78,29.39,4.0,4.0,8.89,14.69,5.0,5.0,11.11,18.37,1.0,1.0,2.22,3.67,4.0,4.0,8.89,14.69,3.0,3.0,6.67,11.02,3.0,3.0,6.67,11.02,5.0,5.0,11.11,18.37,2.0,2.0,4.44,7.35,4.0,4.0,8.89,14.69,8.0,8.0,17.78,29.39,7.0,7.0,15.56,25.71,7.0,7.0,15.56,25.71,0.0,0.0,0.0,0.0,6.0,6.0,13.33,22.04,1.0,1.0,2.22,3.67,31.11,60.0,-28.89,110.2,-13.0,-13.0,-28.89,9.8,9.8,0.42,0.47,0.5,0.2,0.75,0.35,1.4,0.43,0.71,0.57,15.56,0.0,0.13,2.22,0.31
3,臺北台新戰神,3|14|13907,陳文宏/錢肯尼/梅克,1,51,59.0,848.34,14.14,14:08,848.34,14.14,14:08,20.0,20.0,33.9,50.92,33.0,33.0,55.93,84.02,17.0,17.0,28.81,43.28,7.0,7.0,11.86,17.82,9.0,9.0,15.25,22.92,4.0,4.0,6.78,10.18,8.0,8.0,13.56,20.37,3.0,3.0,5.08,7.64,4.0,4.0,6.78,10.18,3.0,3.0,5.08,7.64,3.0,3.0,5.08,7.64,7.0,7.0,11.86,17.82,4.0,4.0,6.78,10.18,6.0,6.0,10.17,15.28,9.0,9.0,15.25,22.92,9.0,9.0,15.25,22.92,8.0,8.0,13.56,20.37,0.0,0.0,0.0,0.0,7.0,7.0,11.86,17.82,1.0,1.0,1.69,2.55,33.9,55.93,-22.03,100.15,-13.0,-13.0,-22.03,14.14,14.14,0.5,0.53,0.44,0.38,0.75,0.32,1.29,0.33,0.64,0.5,13.56,0.0,0.12,1.69,0.24
3,臺北台新戰神,3|14|14845,陳文宏/錢肯尼/恩多,1,42,48.0,641.0,10.68,10:41,641.0,10.68,10:41,17.0,17.0,35.42,57.29,27.0,27.0,56.25,90.98,14.0,14.0,29.17,47.18,6.0,6.0,12.5,20.22,8.0,8.0,16.67,26.96,4.0,4.0,8.33,13.48,6.0,6.0,12.5,20.22,2.0,2.0,4.17,6.74,4.0,4.0,8.33,13.48,3.0,3.0,6.25,10.11,3.0,3.0,6.25,10.11,5.0,5.0,10.42,16.85,2.0,2.0,4.17,6.74,5.0,5.0,10.42,16.85,8.0,8.0,16.67,26.96,8.0,8.0,16.67,26.96,7.0,7.0,14.58,23.59,0.0,0.0,0.0,0.0,7.0,7.0,14.58,23.59,1.0,1.0,2.08,3.37,35.42,56.25,-20.83,107.83,-10.0,-10.0,-20.83,10.68,10.68,0.5,0.54,0.5,0.33,0.75,0.34,1.33,0.38,0.71,0.53,14.58,0.0,0.15,2.08,0.29
3,臺北台新戰神,3|13907|14845,陳文宏/梅克/恩多,1,42,48.0,641.0,10.68,10:41,641.0,10.68,10:41,17.0,17.0,35.42,57.29,27.0,27.0,56.25,90.98,14.0,14.0,29.17,47.18,6.0,6.0,12.5,20.22,8.0,8.0,16.67,26.96,4.0,4.0,8.33,13.48,6.0,6.0,12.5,20.22,2.0,2.0,4.17,6.74,4.0,4.0,8.33,13.48,3.0,3.0,6.25,10.11,3.0,3.0,6.25,10.11,5.0,5.0,10.42,16.85,2.0,2.0,4.17,6.74,5.0,5.0,10.42,16.85,8.0,8.0,16.67,26.96,8.0,8.0,16.67,26.96,7.0,7.0,14.58,23.59,0.0,0.0,0.0,0.0,7.0,7.0,14.58,23.59,1.0,1.0,2.08,3.37,35.42,56.25,-20.83,107.83,-10.0,-10.0,-20.83,10.68,10.68,0.5,0.54,0.5,0.33,0.75,0.34,1.33,0.38,0.71,0.53,14.58,0.0,0.15,2.08,0.29
3,桃園台啤永豐雲豹,12|57|68,曹薰襄/莊博元/克羅馬,1,17,17.0,332.0,5.53,05:32,332.0,5.53,05:32,10.0,10.0,58.82,65.06,7.0,7.0,41.18,45.54,7.0,7.0,41.18,45.54,4.0,4.0,23.53,26.02,4.0,4.0,23.53,26.02,2.0,2.0,11.76,13.01,3.0,3.0,17.65,19.52,2.0,2.0,11.76,13.01,0.0,0.0,0.0,0.0,0.0,0.0,0.0,0.0,0.0,0.0,0.0,0.0,2.0,2.0,11.76,13.01,0.0,0.0,0.0,0.0,2.0,2.0,11.76,13.01,2.0,2.0,11.76,13.01,3.0,3.0,17.65,19.52,1.0,1.0,5.88,6.51,0.0,0.0,0.0,0.0,0.0,0.0,0.0,0.0,2.0,2.0,11.76,13.01,58.82,41.18,17.65,73.73,3.0,3.0,17.65,5.53,5.53,0.71,0.71,0.5,0.67,,0.22,0.75,0.0,1.0,0.5,5.88,0.0,0.0,11.76,0.0
3,桃園台啤永豐雲豹,57|68|10860,莊博元/克羅馬/麥卡洛,1,38,42.0,702.0,11.7,11:42,702.0,11.7,11:42,21.0,21.0,50.0,64.62,18.0,18.0,42.86,55.38,19.0,19.0,45.24,58.46,9.0,9.0,21.43,27.69,15.0,15.0,35.71,46.15,7.0,7.0,16.67,21.54,4.0,4.0,9.52,12.31,2.0,2.0,4.76,6.15,2.0,2.0,4.76,6.15,1.0,1.0,2.38,3.08,3.0,3.0,7.14,9.23,7.0,7.0,16.67,21.54,1.0,1.0,2.38,3.08,3.0,3.0,7.14,9.23,2.0,2.0,4.76,6.15,4.0,4.0,9.52,12.31,1.0,1.0,2.38,3.08,1.0,1.0,2.38,3.08,2.0,2.0,4.76,6.15,6.0,6.0,14.29,18.46,50.0,42.86,7.14,86.15,3.0,3.0,7.14,11.7,11.7,0.53,0.53,0.47,0.5,0.5,0.09,0.44,0.5,0.88,0.71,2.38,2.38,0.05,14.29,0.11
3,桃園台啤永豐雲豹,12|16|54,曹薰襄/米勒/高錦瑋,1,3,3.0,53.0,0.88,00:53,53.0,0.88,00:53,0.0,0.0,0.0,0.0,3.0,3.0,100.0,122.26,1.0,1.0,33.33,40.75,0.0,0.0,0.0,0.0,1.0,1.0,33.33,40.75,0.0,0.0,0.0,0.0,0.0,0.0,0.0,0.0,0.0,0.0,0.0,0.0,0.0,0.0,0.0,0.0,0.0,0.0,0.0,0.0,0.0,0.0,0.0,0.0,1.0,1.0,33.33,40.75,0.0,0.0,0.0,0.0,0.0,0.0,0.0,0.0,1.0,1.0,33.33,40.75,0.0,0.0,0.0,0.0,1.0,1.0,33.33,40.75,0.0,0.0,0.0,0.0,1.0,1.0,33.33,40.75,0.0,0.0,0.0,0.0,0.0,100.0,-100.0,81.51,-3.0,-3.0,-100.0,0.88,0.88,0.0,0.0,0.0,,,0.5,,,1.0,1.0,33.33,0.0,0.33,0.0,0.0
3,桃園台啤永豐雲豹,12|54|57,曹薰襄/高錦瑋/莊博元,1,3,3.0,53.0,0.88,00:53,53.0,0.88,00:53,0.0,0.0,0.0,0.0,3.0,3.0,100.0,122.26,1.0,1.0,33.33,40.75,0.0,0.0,0.0,0.0,1.0,1.0,33.33,40.75,0.0,0.0,0.0,0.0,0.0,0.0,0.0,0.0,0.0,0.0,0.0,0.0,0.0,0.0,0.0,0.0,0.0,0.0,0.0,0.0,0.0,0.0,0.0,0.0,1.0,1.0,33.33,40.75,0.0,0.0,0.0,0.0,0.0,0.0,0.0,0.0,1.0,1.0,33.33,40.75,0.0,0.0,0.0,0.0,1.0,1.0,33.33,40.75,0.0,0.0,0.0,0.0,1.0,1.0,33.33,40.75,0.0,0.0,0.0,0.0,0.0,100.0,-100.0,81.51,-3.0,-3.0,-100.0,0.88,0.88,0.0,0.0,0.0,,,0.5,,,1.0,1.0,33.33,0.0,0.33,0.0,0.0
3,桃園台啤永豐雲豹,12|54|10860,曹薰襄/高錦瑋/麥卡洛,1,3,3.0,53.0,0.88,00:53,53.0,0.88,00:53,0.0,0.0,0.0,0.0,3.0,3.0,100.0,122.26,1.0,1.0,33.33,40.75,0.0,0.0,0.0,0.0,1.0,1.0,33.33,40.75,0.0,0.0,0.0,0.0,0.0,0.0,0.0,0.0,0.0,0.0,0.0,0.0,0.0,0.0,0.0,0.0,0.0,0.0,0.0,0.0,0.0,0.0,0.0,0.0,1.0,1.0,33.33,40.75,0.0,0.0,0.0,0.0,0.0,0.0,0.0,0.0,1.0,1.0,33.33,40.75,0.0,0.0,0.0,0.0,1.0,1.0,33.33,40.75,0.0,0.0,0.0,0.0,1.0,1.0,33.33,40.75,0.0,0.0,0.0,0.0,0.0,100.0,-100.0,81.51,-3.0,-3.0,-100.0,0.88,0.88,0.0,0.0,0.0,,,0.5,,,1.0,1.0,33.33,0.0,0.33,0.0,0.0
3,桃園台啤永豐雲豹,16|54|10860,米勒/高錦瑋/麥卡洛,1,16,17.0,267.0,4.45,04:27,267.0,4.45,04:27,14.0,14.0,82.35,113.26,10.0,10.0,58.82,80.9,7.0,7.0,41.18,56.63,5.0,5.0,29.41,40.45,2.0,2.0,11.76,16.18,1.0,1.0,5.88,8.09,5.0,5.0,29.41,40.45,4.0,4.0,23.53,32.36,0.0,0.0,0.0,0.0,0.0,0.0,0.0,0.0,0.0,0.0,0.0,0.0,2.0,2.0,11.76,16.18,1.0,1.0,5.88,8.09,3.0,3.0,17.65,24.27,2.0,2.0,11.76,16.18,4.0,4.0,23.53,32.36,1.0,1.0,5.88,8.09,0.0,0.0,0.0,0.0,1.0,1.0,5.88,8.09,0.0,0.0,0.0,0.0,82.35,58.82,23.53,91.69,4.0,4.0,23.53,4.45,4.45,1.0,1.0,0.5,0.8,,0.22,0.8,0.0,0.67,0.33,5.88,0.0,0.06,0.0,0.0
3,桃園台啤永豐雲豹,54|57|10860,高錦瑋/莊博元/麥卡洛,1,37,42.0,637.0,10.62,10:37,637.0,10.62,10:37,25.0,25.0,59.52,84.77,21.0,21.0,50.0,71.21,19.0,19.0,45.24,64.43,10.0,10.0,23.81,33.91,13.0,13.0,30.95,44.08,6.0,6.0,14.29,20.35,6.0,6.0,14.29,20.35,4.0,4.0,9.52,13.56,2.0,2.0,4.76,6.78,1.0,1.0,2.38,3.39,3.0,3.0,7.14,10.17,7.0,7.0,16.67,23.74,2.0,2.0,4.76,6.78,4.0,4.0,9.52,13.56,2.0,2.0,4.76,6.78,5.0,5.0,11.9,16.95,1.0,1.0,2.38,3.39,1.0,1.0,2.38,3.39,3.0,3.0,7.14,10.17,4.0,4.0,9.52,13.56,59.52,50.0,9.52,94.95,4.0,4.0,9.52,10.62,10.62,0.63,0.63,0.46,0.67,0.5,0.09,0.5,0.43,0.78,0.62,2.38,2.38,0.07,9.52,0.11
3,臺北台新戰神,3|10|14,陳文宏/雷蒙恩/錢肯尼,1,10,11.0,125.34,2.09,02:05,125.34,2.09,02:05,6.0,6.0,54.55,103.4,4.0,4.0,36.36,68.93,3.0,3.0,27.27,51.7,2.0,2.0,18.18,34.47,1.0,1.0,9.09,17.23,0.0,0.0,0.0,0.0,2.0,2.0,18.18,34.47,2.0,2.0,18.18,34.47,0.0,0.0,0.0,0.0,0.0,0.0,0.0,0.0,0.0,0.0,0.0,0.0,1.0,1.0,9.09,17.23,1.0,1.0,9.09,17.23,2.0,2.0,18.18,34.47,1.0,1.0,9.09,17.23,2.0,2.0,18.18,34.47,1.0,1.0,9.09,17.23,0.0,0.0,0.0,0.0,1.0,1.0,9.09,17.23,0.0,0.0,0.0,0.0,54.55,36.36,18.18,126.37,2.0,2.0,18.18,2.09,2.09,1.0,1.0,0.0,1.0,,0.25,1.0,0.0,0.5,0.25,9.09,0.0,0.09,0.0,0.0
3,臺北台新戰神,3|10|13907,陳文宏/雷蒙恩/梅克,1,10,11.0,125.34,2.09,02:05,125.34,2.09,02:05,6.0,6.0,54.55,103.4,4.0,4.0,36.36,68.93,3.0,3.0,27.27,51.7,2.0,2.0,18.18,34.47,1.0,1.0,9.09,17.23,0.0,0.0,0.0,0.0,2.0,2.0,18.18,34.47,2.0,2.0,18.18,34.47,0.0,0.0,0.0,0.0,0.0,0.0,0.0,0.0,0.0,0.0,0.0,0.0,1.0,1.0,9.09,17.23,1.0,1.0,9.09,17.23,2.0,2.0,18.18,34.47,1.0,1.0,9.09,17.23,2.0,2.0,18.18,34.47,1.0,1.0,9.09,17.23,0.0,0.0,0.0,0.0,1.0,1.0,9.09,17.23,0.0,0.0,0.0,0.0,54.55,36.36,18.18,126.37,2.0,2.0,18.18,2.09,2.09,1.0,1.0,0.0,1.0,,0.25,1.0,0.0,0.5,0.25,9.09,0.0,0.09,0.0,0.0
3,臺北台新戰神,3|10|14845,陳文宏/雷蒙恩/恩多,1,3,3.0,53.0,0.88,00:53,53.0,0.88,00:53,3.0,3.0,100.0,122.26,0.0,0.0,0.0,0.0,1.0,1.0,33.33,40.75,1.0,1.0,33.33,40.75,0.0,0.0,0.0,0.0,0.0,0.0,0.0,0.0,1.0,1.0,33.33,40.75,1.0,1.0,33.33,40.75,0.0,0.0,0.0,0.0,0.0,0.0,0.0,0.0,0.0,0.0,0.0,0.0,0.0,0.0,0.0,0.0,0.0,0.0,0.0,0.0,1.0,1.0,33.33,40.75,0.0,0.0,0.0,0.0,1.0,1.0,33.33,40.75,0.0,0.0,0.0,0.0,0.0,0.0,0.0,0.0,1.0,1.0,33.33,40.75,0.0,0.0,0.0,0.0,100.0,0.0,100.0,81.51,3.0,3.0,100.0,0.88,0.88,1.5,1.5,,1.0,,0.0,1.0,0.0,,0.0,0.0,0.0,0.33,0.0,0.0
3,桃園台啤永豐雲豹,16|54|3129,米勒/高錦瑋/董永全,1,42,52.0,634.05,10.57,10:34,634.05,10.57,10:34,24.0,24.0,46.15,81.76,20.0,20.0,38.46,68.13,17.0,17.0,32.69,57.91,8.0,8.0,15.38,27.25,9.0,9.0,17.31,30.66,5.0,5.0,9.62,17.03,8.0,8.0,15.38,27.25,3.0,3.0,5.77,10.22,6.0,6.0,11.54,20.44,5.0,5.0,9.62,17.03,2.0,2.0,3.85,6.81,8.0,8.0,15.38,27.25,7.0,7.0,13.46,23.85,10.0,10.0,19.23,34.07,2.0,2.0,3.85,6.81,6.0,6.0,11.54,20.44,0.0,0.0,0.0,0.0,0.0,0.0,0.0,0.0,3.0,3.0,5.77,10.22,4.0,4.0,7.69,13.63,46.15,38.46,7.69,118.1,4.0,4.0,7.69,10.57,10.57,0.56,0.61,0.56,0.38,0.83,0.09,0.75,0.17,0.53,0.37,0.0,0.0,0.06,7.69,0.35
3,桃園台啤永豐雲豹,16|57|3129,米勒/莊博元/董永全,1,42,52.0,634.05,10.57,10:34,634.05,10.57,10:34,24.0,24.0,46.15,81.76,20.0,20.0,38.46,68.13,17.0,17.0,32.69,57.91,8.0,8.0,15.38,27.25,9.0,9.0,17.31,30.66,5.0,5.0,9.62,17.03,8.0,8.0,15.38,27.25,3.0,3.0,5.77,10.22,6.0,6.0,11.54,20.44,5.0,5.0,9.62,17.03,2.0,2.0,3.85,6.81,8.0,8.0,15.38,27.25,7.0,7.0,13.46,23.85,10.0,10.0,19.23,34.07,2.0,2.0,3.85,6.81,6.0,6.0,11.54,20.44,0.0,0.0,0.0,0.0,0.0,0.0,0.0,0.0,3.0,3.0,5.77,10.22,4.0,4.0,7.69,13.63,46.15,38.46,7.69,118.1,4.0,4.0,7.69,10.57,10.57,0.56,0.61,0.56,0.38,0.83,0.09,0.75,0.17,0.53,0.37,0.0,0.0,0.06,7.69,0.35
3,桃園台啤永豐雲豹,16|68|3129,米勒/克羅馬/董永全,1,34,43.0,505.05,8.42,08:25,505.05,8.42,08:25,18.0,18.0,41.86,76.98,13.0,13.0,30.23,55.6,14.0,14.0,32.56,59.87,6.0,6.0,13.95,25.66,9.0,9.0,20.93,38.49,5.0,5.0,11.63,21.38,5.0,5.0,11.63,21.38,1.0,1.0,2.33,4.28,6.0,6.0,13.95,25.66,5.0,5.0,11.63,21.38,2.0,2.0,4.65,8.55,7.0,7.0,16.28,29.94,6.0,6.0,13.95,25.66,9.0,9.0,20.93,38.49,1.0,1.0,2.33,4.28,4.0,4.0,9.3,17.11,0.0,0.0,0.0,0.0,0.0,0.0,0.0,0.0,3.0,3.0,6.98,12.83,4.0,4.0,9.3,17.11,41.86,30.23,11.63,122.6,5.0,5.0,11.63,8.42,8.42,0.46,0.54,0.56,0.2,0.83,0.06,0.67,0.18,0.54,0.38,0.0,0.0,0.07,9.3,0.43
3,桃園台啤永豐雲豹,54|57|3129,高錦瑋/莊博元/董永全,1,49,60.0,783.05,13.05,13:03,783.05,13.05,13:03,25.0,25.0,41.67,68.96,26.0,26.0,43.33,71.72,20.0,20.0,33.33,55.17,8.0,8.0,13.33,22.07,12.0,12.0,20.0,33.1,5.0,5.0,8.33,13.79,8.0,8.0,13.33,22.07,3.0,3.0,5.0,8.28,8.0,8.0,13.33,22.07,6.0,6.0,10.0,16.55,3.0,3.0,5.0,8.28,11.0,11.0,18.33,30.34,7.0,7.0,11.67,19.31,10.0,10.0,16.67,27.58,2.0,2.0,3.33,5.52,6.0,6.0,10.0,16.55,0.0,0.0,0.0,0.0,1.0,1.0,1.67,2.76,4.0,4.0,6.67,11.03,6.0,6.0,10.0,16.55,41.67,43.33,-1.67,110.34,-1.0,-1.0,-1.67,13.05,13.05,0.48,0.53,0.42,0.38,0.75,0.08,0.75,0.23,0.61,0.45,0.0,1.67,0.07,10.0,0.4
3,桃園台啤永豐雲豹,54|68|3129,高錦瑋/克羅馬/董永全,1,41,51.0,654.05,10.9,10:54,654.05,10.9,10:54,19.0,19.0,37.25,62.75,19.0,19.0,37.25,62.75,17.0,17.0,33.33,56.14,6.0,6.0,11.76,19.81,12.0,12.0,23.53,39.63,5.0,5.0,9.8,16.51,5.0,5.0,9.8,16.51,1.0,1.0,1.96,3.3,8.0,8.0,15.69,26.42,6.0,6.0,11.76,19.81,3.0,3.0,5.88,9.91,10.0,10.0,19.61,33.02,6.0,6.0,11.76,19.81,9.0,9.0,17.65,29.72,1.0,1.0,1.96,3.3,4.0,4.0,7.84,13.21,0.0,0.0,0.0,0.0,1.0,1.0,1.96,3.3,4.0,4.0,7.84,13.21,6.0,6.0,11.76,19.81,37.25,37.25,0.0,112.28,0.0,0.0,0.0,10.9,10.9,0.38,0.46,0.42,0.2,0.75,0.05,0.67,0.25,0.62,0.46,0.0,1.96,0.08,11.76,0.47
3,桃園台啤永豐雲豹,57|68|3129,莊博元/克羅馬/董永全,1,41,51.0,654.05,10.9,10:54,654.05,10.9,10:54,19.0,19.0,37.25,62.75,19.0,19.0,37.25,62.75,17.0,17.0,33.33,56.14,6.0,6.0,11.76,19.81,12.0,12.0,23.53,39.63,5.0,5.0,9.8,16.51,5.0,5.0,9.8,16.51,1.0,1.0,1.96,3.3,8.0,8.0,15.69,26.42,6.0,6.0,11.76,19.81,3.0,3.0,5.88,9.91,10.0,10.0,19.61,33.02,6.0,6.0,11.76,19.81,9.0,9.0,17.65,29.72,1.0,1.0,1.96,3.3,4.0,4.0,7.84,13.21,0.0,0.0,0.0,0.0,1.0,1.0,1.96,3.3,4.0,4.0,7.84,13.21,6.0,6.0,11.76,19.81,37.25,37.25,0.0,112.28,0.0,0.0,0.0,10.9,10.9,0.38,0.46,0.42,0.2,0.75,0.05,0.67,0.25,0.62,0.46,0.0,1.96,0.08,11.76,0.47
3,臺北台新戰神,5|14|14845,黃聰翰/錢肯尼/恩多,1,52,64.0,827.67,13.79,13:48,827.67,13.79,13:48,34.0,34.0,53.12,88.73,22.0,22.0,34.38,57.41,26.0,26.0,40.62,67.85,13.0,13.0,20.31,33.93,15.0,15.0,23.44,39.15,9.0,9.0,14.06,23.49,11.0,11.0,17.19,28.71,4.0,4.0,6.25,10.44,9.0,9.0,14.06,23.49,4.0,4.0,6.25,10.44,7.0,7.0,10.94,18.27,9.0,9.0,14.06,23.49,3.0,3.0,4.69,7.83,13.0,13.0,20.31,33.93,5.0,5.0,7.81,13.05,7.0,7.0,10.94,18.27,2.0,2.0,3.12,5.22,3.0,3.0,4.69,7.83,6.0,6.0,9.38,15.66,4.0,4.0,6.25,10.44,53.12,34.38,18.75,111.35,12.0,12.0,18.75,13.79,13.79,0.58,0.57,0.6,0.36,0.44,0.14,0.54,0.35,0.75,0.5,3.12,4.69,0.09,6.25,0.35
3,臺北台新戰神,1|5|10864,丁聖儒/黃聰翰/劉彥廷,1,3,3.0,28.3,0.47,00:28,28.3,0.47,00:28,0.0,0.0,0.0,0.0,4.0,4.0,133.33,305.32,1.0,1.0,33.33,76.33,0.0,0.0,0.0,0.0,1.0,1.0,33.33,76.33,0.0,0.0,0.0,0.0,0.0,0.0,0.0,0.0,0.0,0.0,0.0,0.0,0.0,0.0,0.0,0.0,0.0,0.0,0.0,0.0,0.0,0.0,0.0,0.0,1.0,1.0,33.33,76.33,0.0,0.0,0.0,0.0,0.0,0.0,0.0,0.0,0.0,0.0,0.0,0.0,0.0,0.0,0.0,0.0,0.0,0.0,0.0,0.0,0.0,0.0,0.0,0.0,0.0,0.0,0.0,0.0,2.0,2.0,66.67,152.66,0.0,133.33,-133.33,152.66,-4.0,-4.0,-133.33,0.47,0.47,0.0,0.0,0.0,,,0.0,,,1.0,1.0,0.0,0.0,0.0,66.67,0.0
3,臺北台新戰神,1|10|10864,丁聖儒/雷蒙恩/劉彥廷,1,3,3.0,28.3,0.47,00:28,28.3,0.47,00:28,0.0,0.0,0.0,0.0,4.0,4.0,133.33,305.32,1.0,1.0,33.33,76.33,0.0,0.0,0.0,0.0,1.0,1.0,33.33,76.33,0.0,0.0,0.0,0.0,0.0,0.0,0.0,0.0,0.0,0.0,0.0,0.0,0.0,0.0,0.0,0.0,0.0,0.0,0.0,0.0,0.0,0.0,0.0,0.0,1.0,1.0,33.33,76.33,0.0,0.0,0.0,0.0,0.0,0.0,0.0,0.0,0.0,0.0,0.0,0.0,0.0,0.0,0.0,0.0,0.0,0.0,0.0,0.0,0.0,0.0,0.0,0.0,0.0,0.0,0.0,0.0,2.0,2.0,66.67,152.66,0.0,133.33,-133.33,152.66,-4.0,-4.0,-133.33,0.47,0.47,0.0,0.0,0.0,,,0.0,,,1.0,1.0,0.0,0.0,0.0,66.67,0.0
3,臺北台新戰神,5|10|10864,黃聰翰/雷蒙恩/劉彥廷,1,3,3.0,28.3,0.47,00:28,28.3,0.47,00:28,0.0,0.0,0.0,0.0,4.0,4.0,133.33,305.32,1.0,1.0,33.33,76.33,0.0,0.0,0.0,0.0,1.0,1.0,33.33,76.33,0.0,0.0,0.0,0.0,0.0,0.0,0.0,0.0,0.0,0.0,0.0,0.0,0.0,0.0,0.0,0.0,0.0,0.0,0.0,0.0,0.0,0.0,0.0,0.0,1.0,1.0,33.33,76.33,0.0,0.0,0.0,0.0,0.0,0.0,0.0,0.0,0.0,0.0,0.0,0.0,0.0,0.0,0.0,0.0,0.0,0.0,0.0,0.0,0.0,0.0,0.0,0.0,0.0,0.0,0.0,0.0,2.0,2.0,66.67,152.66,0.0,133.33,-133.33,152.66,-4.0,-4.0,-133.33,0.47,0.47,0.0,0.0,0.0,,,0.0,,,1.0,1.0,0.0,0.0,0.0,66.67,0.0
3,臺北台新戰神,5|10864|13907,黃聰翰/劉彥廷/梅克,1,3,3.0,28.3,0.47,00:28,28.3,0.47,00:28,0.0,0.0,0.0,0.0,4.0,4.0,133.33,305.32,1.0,1.0,33.33,76.33,0.0,0.0,0.0,0.0,1.0,1.0,33.33,76.33,0.0,0.0,0.0,0.0,0.0,0.0,0.0,0.0,0.0,0.0,0.0,0.0,0.0,0.0,0.0,0.0,0.0,0.0,0.0,0.0,0.0,0.0,0.0,0.0,1.0,1.0,33.33,76.33,0.0,0.0,0.0,0.0,0.0,0.0,0.0,0.0,0.0,0.0,0.0,0.0,0.0,0.0,0.0,0.0,0.0,0.0,0.0,0.0,0.0,0.0,0.0,0.0,0.0,0.0,0.0,0.0,2.0,2.0,66.67,152.66,0.0,133.33,-133.33,152.66,-4.0,-4.0,-133.33,0.47,0.47,0.0,0.0,0.0,,,0.0,,,1.0,1.0,0.0,0.0,0.0,66.67,0.0
3,臺北台新戰神,10|10864|13907,雷蒙恩/劉彥廷/梅克,1,3,3.0,28.3,0.47,00:28,28.3,0.47,00:28,0.0,0.0,0.0,0.0,4.0,4.0,133.33,305.32,1.0,1.0,33.33,76.33,0.0,0.0,0.0,0.0,1.0,1.0,33.33,76.33,0.0,0.0,0.0,0.0,0.0,0.0,0.0,0.0,0.0,0.0,0.0,0.0,0.0,0.0,0.0,0.0,0.0,0.0,0.0,0.0,0.0,0.0,0.0,0.0,1.0,1.0,33.33,76.33,0.0,0.0,0.0,0.0,0.0,0.0,0.0,0.0,0.0,0.0,0.0,0.0,0.0,0.0,0.0,0.0,0.0,0.0,0.0,0.0,0.0,0.0,0.0,0.0,0.0,0.0,0.0,0.0,2.0,2.0,66.67,152.66,0.0,133.33,-133.33,152.66,-4.0,-4.0,-133.33,0.47,0.47,0.0,0.0,0.0,,,0.0,,,1.0,1.0,0.0,0.0,0.0,66.67,0.0
3,臺北台新戰神,1|5|13,丁聖儒/黃聰翰/陳冠全,1,9,11.0,170.0,2.83,02:50,170.0,2.83,02:50,2.0,2.0,18.18,25.41,5.0,5.0,45.45,63.53,5.0,5.0,45.45,63.53,1.0,1.0,9.09,12.71,4.0,4.0,36.36,50.82,1.0,1.0,9.09,12.71,1.0,1.0,9.09,12.71,0.0,0.0,0.0,0.0,0.0,0.0,0.0,0.0,0.0,0.0,0.0,0.0,1.0,1.0,9.09,12.71,3.0,3.0,27.27,38.12,1.0,1.0,9.09,12.71,2.0,2.0,18.18,25.41,1.0,1.0,9.09,12.71,1.0,1.0,9.09,12.71,0.0,0.0,0.0,0.0,0.0,0.0,0.0,0.0,0.0,0.0,0.0,0.0,2.0,2.0,18.18,25.41,18.18,45.45,-27.27,93.18,-3.0,-3.0,-27.27,2.83,2.83,0.2,0.2,0.25,0.0,,0.17,1.0,0.33,0.75,0.57,0.0,0.0,0.0,18.18,0.0
3,臺北台新戰神,1|10|13,丁聖儒/雷蒙恩/陳冠全,1,9,11.0,170.0,2.83,02:50,170.0,2.83,02:50,2.0,2.0,18.18,25.41,5.0,5.0,45.45,63.53,5.0,5.0,45.45,63.53,1.0,1.0,9.09,12.71,4.0,4.0,36.36,50.82,1.0,1.0,9.09,12.71,1.0,1.0,9.09,12.71,0.0,0.0,0.0,0.0,0.0,0.0,0.0,0.0,0.0,0.0,0.0,0.0,1.0,1.0,9.09,12.71,3.0,3.0,27.27,38.12,1.0,1.0,9.09,12.71,2.0,2.0,18.18,25.41,1.0,1.0,9.09,12.71,1.0,1.0,9.09,12.71,0.0,0.0,0.0,0.0,0.0,0.0,0.0,0.0,0.0,0.0,0.0,0.0,2.0,2.0,18.18,25.41,18.18,45.45,-27.27,93.18,-3.0,-3.0,-27.27,2.83,2.83,0.2,0.2,0.25,0.0,,0.17,1.0,0.33,0.75,0.57,0.0,0.0,0.0,18.18,0.0
3,臺北台新戰神,1|13|13907,丁聖儒/陳冠全/梅克,1,11,14.0,213.0,3.55,03:33,213.0,3.55,03:33,2.0,2.0,14.29,20.28,7.0,7.0,50.0,70.99,6.0,6.0,42.86,60.85,1.0,1.0,7.14,10.14,4.0,4.0,28.57,40.56,1.0,1.0,7.14,10.14,2.0,2.0,14.29,20.28,0.0,0.0,0.0,0.0,0.0,0.0,0.0,0.0,0.0,0.0,0.0,0.0,1.0,1.0,7.14,10.14,4.0,4.0,28.57,40.56,2.0,2.0,14.29,20.28,2.0,2.0,14.29,20.28,1.0,1.0,7.14,10.14,1.0,1.0,7.14,10.14,0.0,0.0,0.0,0.0,0.0,0.0,0.0,0.0,0.0,0.0,0.0,0.0,2.0,2.0,14.29,20.28,14.29,50.0,-35.71,94.65,-5.0,-5.0,-35.71,3.55,3.55,0.17,0.17,0.25,0.0,,0.14,1.0,0.33,0.67,0.56,0.0,0.0,0.0,14.29,0.0
3,臺北台新戰神,5|10|13,黃聰翰/雷蒙恩/陳冠全,1,10,12.0,174.0,2.9,02:54,174.0,2.9,02:54,2.0,2.0,16.67,24.83,5.0,5.0,41.67,62.07,5.0,5.0,41.67,62.07,1.0,1.0,8.33,12.41,4.0,4.0,33.33,49.66,1.0,1.0,8.33,12.41,1.0,1.0,8.33,12.41,0.0,0.0,0.0,0.0,0.0,0.0,0.0,0.0,0.0,0.0,0.0,0.0,1.0,1.0,8.33,12.41,3.0,3.0,25.0,37.24,1.0,1.0,8.33,12.41,2.0,2.0,16.67,24.83,1.0,1.0,8.33,12.41,1.0,1.0,8.33,12.41,0.0,0.0,0.0,0.0,0.0,0.0,0.0,0.0,0.0,0.0,0.0,0.0,2.0,2.0,16.67,24.83,16.67,41.67,-25.0,99.31,-3.0,-3.0,-25.0,2.9,2.9,0.2,0.2,0.25,0.0,,0.17,1.0,0.33,0.75,0.57,0.0,0.0,0.0,16.67,0.0
3,臺北台新戰神,5|13|13907,黃聰翰/陳冠全/梅克,1,10,12.0,174.0,2.9,02:54,174.0,2.9,02:54,2.0,2.0,16.67,24.83,5.0,5.0,41.67,62.07,5.0,5.0,41.67,62.07,1.0,1.0,8.33,12.41,4.0,4.0,33.33,49.66,1.0,1.0,8.33,12.41,1.0,1.0,8.33,12.41,0.0,0.0,0.0,0.0,0.0,0.0,0.0,0.0,0.0,0.0,0.0,0.0,1.0,1.0,8.33,12.41,3.0,3.0,25.0,37.24,1.0,1.0,8.33,12.41,2.0,2.0,16.67,24.83,1.0,1.0,8.33,12.41,1.0,1.0,8.33,12.41,0.0,0.0,0.0,0.0,0.0,0.0,0.0,0.0,0.0,0.0,0.0,0.0,2.0,2.0,16.67,24.83,16.67,41.67,-25.0,99.31,-3.0,-3.0,-25.0,2.9,2.9,0.2,0.2,0.25,0.0,,0.17,1.0,0.33,0.75,0.57,0.0,0.0,0.0,16.67,0.0
3,臺北台新戰神,10|13|13907,雷蒙恩/陳冠全/梅克,1,17,20.0,246.34,4.11,04:06,246.34,4.11,04:06,5.0,5.0,25.0,43.84,9.0,9.0,45.0,78.91,7.0,7.0,35.0,61.38,2.0,2.0,10.0,17.54,5.0,5.0,25.0,43.84,1.0,1.0,5.0,8.77,2.0,2.0,10.0,17.54,1.0,1.0,5.0,8.77,0.0,0.0,0.0,0.0,0.0,0.0,0.0,0.0,1.0,1.0,5.0,8.77,4.0,4.0,20.0,35.07,2.0,2.0,10.0,17.54,3.0,3.0,15.0,26.3,2.0,2.0,10.0,17.54,2.0,2.0,10.0,17.54,1.0,1.0,5.0,8.77,0.0,0.0,0.0,0.0,0.0,0.0,0.0,0.0,2.0,2.0,10.0,17.54,25.0,45.0,-20.0,116.91,-4.0,-4.0,-20.0,4.11,4.11,0.36,0.36,0.2,0.5,,0.22,1.0,0.25,0.67,0.5,5.0,0.0,0.0,10.0,0.0
3,桃園台啤永豐雲豹,16|62|10860,米勒/王皓吉/麥卡洛,1,7,8.0,148.0,2.47,02:28,148.0,2.47,02:28,10.0,10.0,125.0,145.95,2.0,2.0,25.0,29.19,4.0,4.0,50.0,58.38,3.0,3.0,37.5,43.78,1.0,1.0,12.5,14.59,1.0,1.0,12.5,14.59,3.0,3.0,37.5,43.78,2.0,2.0,25.0,29.19,0.0,0.0,0.0,0.0,0.0,0.0,0.0,0.0,1.0,1.0,12.5,14.59,0.0,0.0,0.0,0.0,0.0,0.0,0.0,0.0,2.0,2.0,25.0,29.19,0.0,0.0,0.0,0.0,2.0,2.0,25.0,29.19,0.0,0.0,0.0,0.0,0.0,0.0,0.0,0.0,1.0,1.0,12.5,14.59,0.0,0.0,0.0,0.0,125.0,25.0,100.0,77.84,8.0,8.0,100.0,2.47,2.47,1.0,1.25,1.0,0.67,,0.0,0.67,0.33,,0.33,0.0,0.0,0.12,0.0,0.0
3,桃園台啤永豐雲豹,54|62|10860,高錦瑋/王皓吉/麥卡洛,1,5,5.0,85.0,1.42,01:25,85.0,1.42,01:25,8.0,8.0,160.0,203.29,0.0,0.0,0.0,0.0,3.0,3.0,60.0,76.24,3.0,3.0,60.0,76.24,1.0,1.0,20.0,25.41,1.0,1.0,20.0,25.41,2.0,2.0,40.0,50.82,2.0,2.0,40.0,50.82,0.0,0.0,0.0,0.0,0.0,0.0,0.0,0.0,0.0,0.0,0.0,0.0,0.0,0.0,0.0,0.0,0.0,0.0,0.0,0.0,2.0,2.0,40.0,50.82,0.0,0.0,0.0,0.0,2.0,2.0,40.0,50.82,0.0,0.0,0.0,0.0,0.0,0.0,0.0,0.0,0.0,0.0,0.0,0.0,0.0,0.0,0.0,0.0,160.0,0.0,160.0,84.71,8.0,8.0,160.0,1.42,1.42,1.33,1.33,1.0,1.0,,0.0,0.67,0.0,,0.0,0.0,0.0,0.0,0.0,0.0
3,桃園台啤永豐雲豹,57|62|10860,莊博元/王皓吉/麥卡洛,1,7,8.0,148.0,2.47,02:28,148.0,2.47,02:28,10.0,10.0,125.0,145.95,2.0,2.0,25.0,29.19,4.0,4.0,50.0,58.38,3.0,3.0,37.5,43.78,1.0,1.0,12.5,14.59,1.0,1.0,12.5,14.59,3.0,3.0,37.5,43.78,2.0,2.0,25.0,29.19,0.0,0.0,0.0,0.0,0.0,0.0,0.0,0.0,1.0,1.0,12.5,14.59,0.0,0.0,0.0,0.0,0.0,0.0,0.0,0.0,2.0,2.0,25.0,29.19,0.0,0.0,0.0,0.0,2.0,2.0,25.0,29.19,0.0,0.0,0.0,0.0,0.0,0.0,0.0,0.0,1.0,1.0,12.5,14.59,0.0,0.0,0.0,0.0,125.0,25.0,100.0,77.84,8.0,8.0,100.0,2.47,2.47,1.0,1.25,1.0,0.67,,0.0,0.67,0.33,,0.33,0.0,0.0,0.12,0.0,0.0
3,桃園台啤永豐雲豹,12|16|62,曹薰襄/米勒/王皓吉,1,2,3.0,63.0,1.05,01:03,63.0,1.05,01:03,2.0,2.0,66.67,68.57,2.0,2.0,66.67,68.57,1.0,1.0,33.33,34.29,0.0,0.0,0.0,0.0,0.0,0.0,0.0,0.0,0.0,0.0,0.0,0.0,1.0,1.0,33.33,34.29,0.0,0.0,0.0,0.0,0.0,0.0,0.0,0.0,0.0,0.0,0.0,0.0,1.0,1.0,33.33,34.29,0.0,0.0,0.0,0.0,0.0,0.0,0.0,0.0,0.0,0.0,0.0,0.0,0.0,0.0,0.0,0.0,0.0,0.0,0.0,0.0,0.0,0.0,0.0,0.0,0.0,0.0,0.0,0.0,1.0,1.0,33.33,34.29,0.0,0.0,0.0,0.0,66.67,66.67,0.0,68.57,0.0,0.0,0.0,1.05,1.05,0.0,1.0,,0.0,,0.0,,1.0,,1.0,0.0,0.0,0.33,0.0,0.0
3,桃園台啤永豐雲豹,12|57|62,曹薰襄/莊博元/王皓吉,1,2,3.0,63.0,1.05,01:03,63.0,1.05,01:03,2.0,2.0,66.67,68.57,2.0,2.0,66.67,68.57,1.0,1.0,33.33,34.29,0.0,0.0,0.0,0.0,0.0,0.0,0.0,0.0,0.0,0.0,0.0,0.0,1.0,1.0,33.33,34.29,0.0,0.0,0.0,0.0,0.0,0.0,0.0,0.0,0.0,0.0,0.0,0.0,1.0,1.0,33.33,34.29,0.0,0.0,0.0,0.0,0.0,0.0,0.0,0.0,0.0,0.0,0.0,0.0,0.0,0.0,0.0,0.0,0.0,0.0,0.0,0.0,0.0,0.0,0.0,0.0,0.0,0.0,0.0,0.0,1.0,1.0,33.33,34.29,0.0,0.0,0.0,0.0,66.67,66.67,0.0,68.57,0.0,0.0,0.0,1.05,1.05,0.0,1.0,,0.0,,0.0,,1.0,,1.0,0.0,0.0,0.33,0.0,0.0
3,桃園台啤永豐雲豹,12|62|10860,曹薰襄/王皓吉/麥卡洛,1,2,3.0,63.0,1.05,01:03,63.0,1.05,01:03,2.0,2.0,66.67,68.57,2.0,2.0,66.67,68.57,1.0,1.0,33.33,34.29,0.0,0.0,0.0,0.0,0.0,0.0,0.0,0.0,0.0,0.0,0.0,0.0,1.0,1.0,33.33,34.29,0.0,0.0,0.0,0.0,0.0,0.0,0.0,0.0,0.0,0.0,0.0,0.0,1.0,1.0,33.33,34.29,0.0,0.0,0.0,0.0,0.0,0.0,0.0,0.0,0.0,0.0,0.0,0.0,0.0,0.0,0.0,0.0,0.0,0.0,0.0,0.0,0.0,0.0,0.0,0.0,0.0,0.0,0.0,0.0,1.0,1.0,33.33,34.29,0.0,0.0,0.0,0.0,66.67,66.67,0.0,68.57,0.0,0.0,0.0,1.05,1.05,0.0,1.0,,0.0,,0.0,,1.0,,1.0,0.0,0.0,0.33,0.0,0.0
3,臺北台新戰神,5|13|14,黃聰翰/陳冠全/錢肯尼,1,1,1.0,4.0,0.07,00:04,4.0,0.07,00:04,0.0,0.0,0.0,0.0,0.0,0.0,0.0,0.0,0.0,0.0,0.0,0.0,0.0,0.0,0.0,0.0,0.0,0.0,0.0,0.0,0.0,0.0,0.0,0.0,0.0,0.0,0.0,0.0,0.0,0.0,0.0,0.0,0.0,0.0,0.0,0.0,0.0,0.0,0.0,0.0,0.0,0.0,0.0,0.0,0.0,0.0,0.0,0.0,0.0,0.0,0.0,0.0,0.0,0.0,0.0,0.0,0.0,0.0,0.0,0.0,0.0,0.0,0.0,0.0,0.0,0.0,0.0,0.0,0.0,0.0,0.0,0.0,0.0,0.0,0.0,0.0,0.0,0.0,0.0,0.0,0.0,0.0,0.0,360.0,0.0,0.0,0.0,0.07,0.07,,,,,,,,,,,0.0,0.0,0.0,0.0,
3,臺北台新戰神,10|13|14,雷蒙恩/陳冠全/錢肯尼,1,8,9.0,76.34,1.27,01:16,76.34,1.27,01:16,3.0,3.0,33.33,84.88,4.0,4.0,44.44,113.17,2.0,2.0,22.22,56.59,1.0,1.0,11.11,28.29,1.0,1.0,11.11,28.29,0.0,0.0,0.0,0.0,1.0,1.0,11.11,28.29,1.0,1.0,11.11,28.29,0.0,0.0,0.0,0.0,0.0,0.0,0.0,0.0,0.0,0.0,0.0,0.0,1.0,1.0,11.11,28.29,1.0,1.0,11.11,28.29,1.0,1.0,11.11,28.29,1.0,1.0,11.11,28.29,1.0,1.0,11.11,28.29,1.0,1.0,11.11,28.29,0.0,0.0,0.0,0.0,0.0,0.0,0.0,0.0,0.0,0.0,0.0,0.0,33.33,44.44,-11.11,169.76,-1.0,-1.0,-11.11,1.27,1.27,0.75,0.75,0.0,1.0,,0.33,1.0,0.0,0.5,0.33,11.11,0.0,0.0,0.0,0.0
3,臺北台新戰神,13|14|13907,陳冠全/錢肯尼/梅克,1,10,12.0,119.34,1.99,01:59,119.34,1.99,01:59,3.0,3.0,25.0,54.3,6.0,6.0,50.0,108.59,3.0,3.0,25.0,54.3,1.0,1.0,8.33,18.1,1.0,1.0,8.33,18.1,0.0,0.0,0.0,0.0,2.0,2.0,16.67,36.2,1.0,1.0,8.33,18.1,0.0,0.0,0.0,0.0,0.0,0.0,0.0,0.0,0.0,0.0,0.0,0.0,2.0,2.0,16.67,36.2,2.0,2.0,16.67,36.2,1.0,1.0,8.33,18.1,1.0,1.0,8.33,18.1,1.0,1.0,8.33,18.1,1.0,1.0,8.33,18.1,0.0,0.0,0.0,0.0,0.0,0.0,0.0,0.0,0.0,0.0,0.0,0.0,25.0,50.0,-25.0,144.79,-3.0,-3.0,-25.0,1.99,1.99,0.5,0.5,0.0,0.5,,0.25,1.0,0.0,0.5,0.4,8.33,0.0,0.0,0.0,0.0
3,臺北台新戰神,3|10|13,陳文宏/雷蒙恩/陳冠全,1,7,8.0,72.34,1.21,01:12,72.34,1.21,01:12,3.0,3.0,37.5,89.57,4.0,4.0,50.0,119.43,2.0,2.0,25.0,59.72,1.0,1.0,12.5,29.86,1.0,1.0,12.5,29.86,0.0,0.0,0.0,0.0,1.0,1.0,12.5,29.86,1.0,1.0,12.5,29.86,0.0,0.0,0.0,0.0,0.0,0.0,0.0,0.0,0.0,0.0,0.0,0.0,1.0,1.0,12.5,29.86,1.0,1.0,12.5,29.86,1.0,1.0,12.5,29.86,1.0,1.0,12.5,29.86,1.0,1.0,12.5,29.86,1.0,1.0,12.5,29.86,0.0,0.0,0.0,0.0,0.0,0.0,0.0,0.0,0.0,0.0,0.0,0.0,37.5,50.0,-12.5,159.24,-1.0,-1.0,-12.5,1.21,1.21,0.75,0.75,0.0,1.0,,0.33,1.0,0.0,0.5,0.33,12.5,0.0,0.0,0.0,0.0
3,臺北台新戰神,3|13|14,陳文宏/陳冠全/錢肯尼,1,9,11.0,115.34,1.92,01:55,115.34,1.92,01:55,3.0,3.0,27.27,56.18,6.0,6.0,54.55,112.36,3.0,3.0,27.27,56.18,1.0,1.0,9.09,18.73,1.0,1.0,9.09,18.73,0.0,0.0,0.0,0.0,2.0,2.0,18.18,37.45,1.0,1.0,9.09,18.73,0.0,0.0,0.0,0.0,0.0,0.0,0.0,0.0,0.0,0.0,0.0,0.0,2.0,2.0,18.18,37.45,2.0,2.0,18.18,37.45,1.0,1.0,9.09,18.73,1.0,1.0,9.09,18.73,1.0,1.0,9.09,18.73,1.0,1.0,9.09,18.73,0.0,0.0,0.0,0.0,0.0,0.0,0.0,0.0,0.0,0.0,0.0,0.0,27.27,54.55,-27.27,137.33,-3.0,-3.0,-27.27,1.92,1.92,0.5,0.5,0.0,0.5,,0.25,1.0,0.0,0.5,0.4,9.09,0.0,0.0,0.0,0.0
3,臺北台新戰神,3|13|13907,陳文宏/陳冠全/梅克,1,9,11.0,115.34,1.92,01:55,115.34,1.92,01:55,3.0,3.0,27.27,56.18,6.0,6.0,54.55,112.36,3.0,3.0,27.27,56.18,1.0,1.0,9.09,18.73,1.0,1.0,9.09,18.73,0.0,0.0,0.0,0.0,2.0,2.0,18.18,37.45,1.0,1.0,9.09,18.73,0.0,0.0,0.0,0.0,0.0,0.0,0.0,0.0,0.0,0.0,0.0,0.0,2.0,2.0,18.18,37.45,2.0,2.0,18.18,37.45,1.0,1.0,9.09,18.73,1.0,1.0,9.09,18.73,1.0,1.0,9.09,18.73,1.0,1.0,9.09,18.73,0.0,0.0,0.0,0.0,0.0,0.0,0.0,0.0,0.0,0.0,0.0,0.0,27.27,54.55,-27.27,137.33,-3.0,-3.0,-27.27,1.92,1.92,0.5,0.5,0.0,0.5,,0.25,1.0,0.0,0.5,0.4,9.09,0.0,0.0,0.0,0.0
3,臺北台新戰神,1|3|13,丁聖儒/陳文宏/陳冠全,1,2,3.0,43.0,0.72,00:43,43.0,0.72,00:43,0.0,0.0,0.0,0.0,2.0,2.0,66.67,100.47,1.0,1.0,33.33,50.23,0.0,0.0,0.0,0.0,0.0,0.0,0.0,0.0,0.0,0.0,0.0,0.0,1.0,1.0,33.33,50.23,0.0,0.0,0.0,0.0,0.0,0.0,0.0,0.0,0.0,0.0,0.0,0.0,0.0,0.0,0.0,0.0,1.0,1.0,33.33,50.23,1.0,1.0,33.33,50.23,0.0,0.0,0.0,0.0,0.0,0.0,0.0,0.0,0.0,0.0,0.0,0.0,0.0,0.0,0.0,0.0,0.0,0.0,0.0,0.0,0.0,0.0,0.0,0.0,0.0,0.0,0.0,0.0,0.0,66.67,-66.67,100.47,-2.0,-2.0,-66.67,0.72,0.72,0.0,0.0,,0.0,,0.0,,,0.5,0.5,0.0,0.0,0.0,0.0,0.0
3,臺北台新戰神,1|13|14,丁聖儒/陳冠全/錢肯尼,1,2,3.0,43.0,0.72,00:43,43.0,0.72,00:43,0.0,0.0,0.0,0.0,2.0,2.0,66.67,100.47,1.0,1.0,33.33,50.23,0.0,0.0,0.0,0.0,0.0,0.0,0.0,0.0,0.0,0.0,0.0,0.0,1.0,1.0,33.33,50.23,0.0,0.0,0.0,0.0,0.0,0.0,0.0,0.0,0.0,0.0,0.0,0.0,0.0,0.0,0.0,0.0,1.0,1.0,33.33,50.23,1.0,1.0,33.33,50.23,0.0,0.0,0.0,0.0,0.0,0.0,0.0,0.0,0.0,0.0,0.0,0.0,0.0,0.0,0.0,0.0,0.0,0.0,0.0,0.0,0.0,0.0,0.0,0.0,0.0,0.0,0.0,0.0,0.0,66.67,-66.67,100.47,-2.0,-2.0,-66.67,0.72,0.72,0.0,0.0,,0.0,,0.0,,,0.5,0.5,0.0,0.0,0.0,0.0,0.0
3,桃園台啤永豐雲豹,54|3129|10860,高錦瑋/董永全/麥卡洛,1,15,17.0,278.0,4.63,04:38,278.0,4.63,04:38,7.0,7.0,41.18,54.39,13.0,13.0,76.47,101.01,6.0,6.0,35.29,46.62,2.0,2.0,11.76,15.54,3.0,3.0,17.65,23.31,0.0,0.0,0.0,0.0,3.0,3.0,17.65,23.31,2.0,2.0,11.76,15.54,2.0,2.0,11.76,15.54,1.0,1.0,5.88,7.77,1.0,1.0,5.88,7.77,4.0,4.0,23.53,31.08,1.0,1.0,5.88,7.77,1.0,1.0,5.88,7.77,1.0,1.0,5.88,7.77,2.0,2.0,11.76,15.54,0.0,0.0,0.0,0.0,1.0,1.0,5.88,7.77,1.0,1.0,5.88,7.77,2.0,2.0,11.76,15.54,41.18,76.47,-35.29,88.06,-6.0,-6.0,-35.29,4.63,4.63,0.5,0.51,0.0,0.67,0.5,0.13,1.0,0.5,0.8,0.71,0.0,5.88,0.06,11.76,0.33
3,桃園台啤永豐雲豹,57|3129|10860,莊博元/董永全/麥卡洛,1,15,17.0,278.0,4.63,04:38,278.0,4.63,04:38,7.0,7.0,41.18,54.39,13.0,13.0,76.47,101.01,6.0,6.0,35.29,46.62,2.0,2.0,11.76,15.54,3.0,3.0,17.65,23.31,0.0,0.0,0.0,0.0,3.0,3.0,17.65,23.31,2.0,2.0,11.76,15.54,2.0,2.0,11.76,15.54,1.0,1.0,5.88,7.77,1.0,1.0,5.88,7.77,4.0,4.0,23.53,31.08,1.0,1.0,5.88,7.77,1.0,1.0,5.88,7.77,1.0,1.0,5.88,7.77,2.0,2.0,11.76,15.54,0.0,0.0,0.0,0.0,1.0,1.0,5.88,7.77,1.0,1.0,5.88,7.77,2.0,2.0,11.76,15.54,41.18,76.47,-35.29,88.06,-6.0,-6.0,-35.29,4.63,4.63,0.5,0.51,0.0,0.67,0.5,0.13,1.0,0.5,0.8,0.71,0.0,5.88,0.06,11.76,0.33
3,桃園台啤永豐雲豹,68|3129|10860,克羅馬/董永全/麥卡洛,1,7,8.0,149.0,2.48,02:29,149.0,2.48,02:29,1.0,1.0,12.5,14.5,6.0,6.0,75.0,86.98,3.0,3.0,37.5,43.49,0.0,0.0,0.0,0.0,3.0,3.0,37.5,43.49,0.0,0.0,0.0,0.0,0.0,0.0,0.0,0.0,0.0,0.0,0.0,0.0,2.0,2.0,25.0,28.99,1.0,1.0,12.5,14.5,1.0,1.0,12.5,14.5,3.0,3.0,37.5,43.49,0.0,0.0,0.0,0.0,0.0,0.0,0.0,0.0,0.0,0.0,0.0,0.0,0.0,0.0,0.0,0.0,0.0,0.0,0.0,0.0,1.0,1.0,12.5,14.5,1.0,1.0,12.5,14.5,2.0,2.0,25.0,28.99,12.5,75.0,-62.5,77.32,-5.0,-5.0,-62.5,2.48,2.48,0.0,0.13,0.0,,0.5,0.0,,1.0,1.0,1.0,0.0,12.5,0.12,25.0,0.67
3,桃園台啤永豐雲豹,16|3129|10860,米勒/董永全/麥卡洛,1,8,9.0,129.0,2.15,02:09,129.0,2.15,02:09,6.0,6.0,66.67,100.47,7.0,7.0,77.78,117.21,3.0,3.0,33.33,50.23,2.0,2.0,22.22,33.49,0.0,0.0,0.0,0.0,0.0,0.0,0.0,0.0,3.0,3.0,33.33,50.23,2.0,2.0,22.22,33.49,0.0,0.0,0.0,0.0,0.0,0.0,0.0,0.0,0.0,0.0,0.0,0.0,1.0,1.0,11.11,16.74,1.0,1.0,11.11,16.74,1.0,1.0,11.11,16.74,1.0,1.0,11.11,16.74,2.0,2.0,22.22,33.49,0.0,0.0,0.0,0.0,0.0,0.0,0.0,0.0,0.0,0.0,0.0,0.0,0.0,0.0,0.0,0.0,66.67,77.78,-11.11,100.47,-1.0,-1.0,-11.11,2.15,2.15,1.0,1.0,,0.67,,0.25,1.0,0.0,0.5,0.33,0.0,0.0,0.0,0.0,0.0
