lineup_size,team_name,lineup_player_ids,lineup_player_names,games_used,stint_count,possessions,sec_played,min_played,min_played_str,sec_per_game,min_per_game,min_per_game_str,PTS,PTS_per_game,PTS_per100,PTS_per36,PTS_allowed,PTS_allowed_per_game,PTS_allowed_per100,PTS_allowed_per36,FGA,FGA_per_game,FGA_per100,FGA_per36,FGM,FGM_per_game,FGM_per100,FGM_per36,2PA,2PA_per_game,2PA_per100,2PA_per36,2PM,2PM_per_game,2PM_per100,2PM_per36,3PA,3PA_per_game,3PA_per100,3PA_per36,3PM,3PM_per_game,3PM_per100,3PM_per36,FTA,FTA_per_game,FTA_per100,FTA_per36,FTM,FTM_per_game,FTM_per100,FTM_per36,ORB,ORB_per_game,ORB_per100,ORB_per36,DRB,DRB_per_game,DRB_per100,DRB_per36,ORB_allowed,ORB_allowed_per_game,ORB_allowed_per100,ORB_allowed_per36,DRB_allowed,DRB_allowed_per_game,DRB_allowed_per100,DRB_allowed_per36,TOV,TOV_per_game,TOV_per100,TOV_per36,AST,AST_per_game,AST_per100,AST_per36,STL,STL_per_game,STL_per100,STL_per36,BLK,BLK_per_game,BLK_per100,BLK_per36,Fouls,Fouls_per_game,Fouls_per100,Fouls_per36,FT_allowed,FT_allowed_per_game,FT_allowed_per100,FT_allowed_per36,ORtg,DRtg,NetRtg,PACE,PM_total,PM_per_game,PM_per100,MIN_total,MIN_per_game,eFG,TS,FG2_pct,FG3_pct,FT_pct,TOV_pct,AST_ratio,ORB_pct,DRB_pct,TRB_pct,STL_pct,BLK_pct,Foul_per_poss,FT_allowed_rate_per100,FT_rate
5,新北國王,21|24|29|34|13029,李愷諺/蘇士軒/林書緯/沃許本/杰倫,2,73,81.0,1252.02,20.87,20:52,626.01,10.43,10:26,35.0,17.5,43.21,60.38,45.0,22.5,55.56,77.63,36.0,18.0,44.44,62.11,15.0,7.5,18.52,25.88,24.0,12.0,29.63,41.41,12.0,6.0,14.81,20.7,12.0,6.0,14.81,20.7,3.0,1.5,3.7,5.18,2.0,1.0,2.47,3.45,0.0,0.0,0.0,0.0,5.0,2.5,6.17,8.63,17.0,8.5,20.99,29.33,3.0,1.5,3.7,5.18,16.0,8.0,19.75,27.6,4.0,2.0,4.94,6.9,6.0,3.0,7.41,10.35,2.0,1.0,2.47,3.45,2.0,1.0,2.47,3.45,3.0,1.5,3.7,5.18,1.0,0.5,1.23,1.73,43.21,55.56,-12.35,93.16,-10.0,-5.0,-12.35,20.87,10.43,0.46,0.47,0.5,0.25,0.0,0.1,0.4,0.24,0.85,0.54,2.47,2.47,0.04,1.23,0.06
5,新北中信特攻,40|43|10877|10880|10881,謝亞軒/林韋翰/阿巴西/內馬/飛克,2,77,83.0,1336.78,22.28,22:17,668.39,11.14,11:08,43.0,21.5,51.81,69.48,45.0,22.5,54.22,72.71,33.0,16.5,39.76,53.32,18.0,9.0,21.69,29.08,16.0,8.0,19.28,25.85,11.0,5.5,13.25,17.77,17.0,8.5,20.48,27.47,7.0,3.5,8.43,11.31,3.0,1.5,3.61,4.85,1.0,0.5,1.2,1.62,2.0,1.0,2.41,3.23,16.0,8.0,19.28,25.85,1.0,0.5,1.2,1.62,16.0,8.0,19.28,25.85,7.0,3.5,8.43,11.31,15.0,7.5,18.07,24.24,5.0,2.5,6.02,8.08,1.0,0.5,1.2,1.62,8.0,4.0,9.64,12.93,2.0,1.0,2.41,3.23,51.81,54.22,-2.41,89.41,-2.0,-1.0,-2.41,22.28,11.14,0.65,0.63,0.69,0.41,0.33,0.17,0.83,0.11,0.94,0.51,6.02,1.2,0.1,2.41,0.09
5,新北中信特攻,40|43|8889|10877|10880,謝亞軒/林韋翰/馬可/阿巴西/內馬,2,78,95.0,1233.44,20.56,20:33,616.72,10.28,10:17,35.0,17.5,36.84,61.29,45.0,22.5,47.37,78.8,40.0,20.0,42.11,70.05,14.0,7.0,14.74,24.52,22.0,11.0,23.16,38.53,11.0,5.5,11.58,19.26,18.0,9.0,18.95,31.52,3.0,1.5,3.16,5.25,5.0,2.5,5.26,8.76,4.0,2.0,4.21,7.0,9.0,4.5,9.47,15.76,17.0,8.5,17.89,29.77,5.0,2.5,5.26,8.76,15.0,7.5,15.79,26.27,5.0,2.5,5.26,8.76,6.0,3.0,6.32,10.51,1.0,0.5,1.05,1.75,1.0,0.5,1.05,1.75,10.0,5.0,10.53,17.51,4.0,2.0,4.21,7.0,36.84,47.37,-10.53,110.91,-10.0,-5.0,-10.53,20.56,10.28,0.39,0.41,0.5,0.17,0.8,0.11,0.43,0.38,0.77,0.57,1.05,1.05,0.11,4.21,0.12
5,新北國王,21|24|34|10874|13029,李愷諺/蘇士軒/沃許本/熊祥泰/杰倫,1,12,12.0,215.0,3.58,03:35,215.0,3.58,03:35,7.0,7.0,58.33,70.33,7.0,7.0,58.33,70.33,4.0,4.0,33.33,40.19,4.0,4.0,33.33,40.19,3.0,3.0,25.0,30.14,3.0,3.0,25.0,30.14,1.0,1.0,8.33,10.05,1.0,1.0,8.33,10.05,0.0,0.0,0.0,0.0,0.0,0.0,0.0,0.0,0.0,0.0,0.0,0.0,0.0,0.0,0.0,0.0,0.0,0.0,0.0,0.0,0.0,0.0,0.0,0.0,3.0,3.0,25.0,30.14,1.0,1.0,8.33,10.05,1.0,1.0,8.33,10.05,0.0,0.0,0.0,0.0,1.0,1.0,8.33,10.05,0.0,0.0,0.0,0.0,58.33,58.33,0.0,80.37,0.0,0.0,0.0,3.58,3.58,1.12,0.88,1.0,1.0,,0.43,0.25,,,,8.33,0.0,0.08,0.0,0.0
5,新北中信特攻,40|43|8889|10877|10881,謝亞軒/林韋翰/馬可/阿巴西/飛克,2,31,38.0,496.16,8.27,08:16,248.08,4.13,04:08,15.0,7.5,39.47,65.3,14.0,7.0,36.84,60.95,16.0,8.0,42.11,69.66,5.0,2.5,13.16,21.77,6.0,3.0,15.79,26.12,4.0,2.0,10.53,17.41,10.0,5.0,26.32,43.53,1.0,0.5,2.63,4.35,2.0,1.0,5.26,8.71,2.0,1.0,5.26,8.71,5.0,2.5,13.16,21.77,6.0,3.0,15.79,26.12,1.0,0.5,2.63,4.35,4.0,2.0,10.53,17.41,4.0,2.0,10.53,17.41,4.0,2.0,10.53,17.41,2.0,1.0,5.26,8.71,0.0,0.0,0.0,0.0,5.0,2.5,13.16,21.77,4.0,2.0,10.53,17.41,39.47,36.84,2.63,110.29,1.0,0.5,2.63,8.27,4.13,0.34,0.44,0.67,0.1,1.0,0.19,0.8,0.56,0.86,0.69,5.26,0.0,0.13,10.53,0.12
5,新北國王,24|34|10872|10874|13029,蘇士軒/沃許本/林彥廷/熊祥泰/杰倫,1,4,5.0,72.0,1.2,01:12,72.0,1.2,01:12,3.0,3.0,60.0,90.0,1.0,1.0,20.0,30.0,2.0,2.0,40.0,60.0,1.0,1.0,20.0,30.0,1.0,1.0,20.0,30.0,0.0,0.0,0.0,0.0,1.0,1.0,20.0,30.0,1.0,1.0,20.0,30.0,0.0,0.0,0.0,0.0,0.0,0.0,0.0,0.0,0.0,0.0,0.0,0.0,1.0,1.0,20.0,30.0,1.0,1.0,20.0,30.0,1.0,1.0,20.0,30.0,0.0,0.0,0.0,0.0,0.0,0.0,0.0,0.0,0.0,0.0,0.0,0.0,0.0,0.0,0.0,0.0,0.0,0.0,0.0,0.0,2.0,2.0,40.0,60.0,60.0,20.0,40.0,100.0,2.0,2.0,40.0,1.2,1.2,0.75,0.75,0.0,1.0,,0.0,0.0,0.0,0.5,0.33,0.0,0.0,0.0,40.0,0.0
5,新北中信特攻,39|40|8889|10877|10881,魏嘉豪/謝亞軒/馬可/阿巴西/飛克,1,2,3.0,36.0,0.6,00:36,36.0,0.6,00:36,1.0,1.0,33.33,60.0,3.0,3.0,100.0,180.0,1.0,1.0,33.33,60.0,0.0,0.0,0.0,0.0,0.0,0.0,0.0,0.0,0.0,0.0,0.0,0.0,1.0,1.0,33.33,60.0,0.0,0.0,0.0,0.0,2.0,2.0,66.67,120.0,1.0,1.0,33.33,60.0,1.0,1.0,33.33,60.0,1.0,1.0,33.33,60.0,0.0,0.0,0.0,0.0,0.0,0.0,0.0,0.0,0.0,0.0,0.0,0.0,0.0,0.0,0.0,0.0,0.0,0.0,0.0,0.0,0.0,0.0,0.0,0.0,1.0,1.0,33.33,60.0,0.0,0.0,0.0,0.0,33.33,100.0,-66.67,120.0,-2.0,-2.0,-66.67,0.6,0.6,0.0,0.27,,0.0,0.5,0.0,,1.0,1.0,1.0,0.0,0.0,0.33,0.0,2.0
5,新北中信特攻,39|8889|10877|10879|10881,魏嘉豪/馬可/阿巴西/簡廷兆/飛克,1,8,9.0,131.0,2.18,02:11,131.0,2.18,02:11,2.0,2.0,22.22,32.98,5.0,5.0,55.56,82.44,3.0,3.0,33.33,49.47,1.0,1.0,11.11,16.49,3.0,3.0,33.33,49.47,1.0,1.0,11.11,16.49,0.0,0.0,0.0,0.0,0.0,0.0,0.0,0.0,0.0,0.0,0.0,0.0,0.0,0.0,0.0,0.0,0.0,0.0,0.0,0.0,2.0,2.0,22.22,32.98,0.0,0.0,0.0,0.0,3.0,3.0,33.33,49.47,1.0,1.0,11.11,16.49,0.0,0.0,0.0,0.0,0.0,0.0,0.0,0.0,0.0,0.0,0.0,0.0,0.0,0.0,0.0,0.0,1.0,1.0,11.11,16.49,22.22,55.56,-33.33,98.93,-3.0,-3.0,-33.33,2.18,2.18,0.33,0.33,0.33,,,0.25,0.0,0.0,1.0,0.4,0.0,0.0,0.0,11.11,0.0
5,新北國王,32|34|10872|10874|13029,奧帝/沃許本/林彥廷/熊祥泰/杰倫,1,6,7.0,95.0,1.58,01:35,95.0,1.58,01:35,5.0,5.0,71.43,113.68,2.0,2.0,28.57,45.47,3.0,3.0,42.86,68.21,2.0,2.0,28.57,45.47,1.0,1.0,14.29,22.74,1.0,1.0,14.29,22.74,2.0,2.0,28.57,45.47,1.0,1.0,14.29,22.74,1.0,1.0,14.29,22.74,0.0,0.0,0.0,0.0,0.0,0.0,0.0,0.0,2.0,2.0,28.57,45.47,0.0,0.0,0.0,0.0,2.0,2.0,28.57,45.47,0.0,0.0,0.0,0.0,1.0,1.0,14.29,22.74,0.0,0.0,0.0,0.0,0.0,0.0,0.0,0.0,2.0,2.0,28.57,45.47,0.0,0.0,0.0,0.0,71.43,28.57,42.86,106.11,3.0,3.0,42.86,1.58,1.58,0.83,0.73,1.0,0.5,0.0,0.0,0.5,0.0,1.0,0.5,0.0,0.0,0.29,0.0,0.33
5,新北國王,29|32|34|10872|10874,林書緯/奧帝/沃許本/林彥廷/熊祥泰,2,35,38.0,525.57,8.76,08:46,262.79,4.38,04:23,16.0,8.0,42.11,65.76,17.0,8.5,44.74,69.87,14.0,7.0,36.84,57.54,7.0,3.5,18.42,28.77,8.0,4.0,21.05,32.88,5.0,2.5,13.16,20.55,6.0,3.0,15.79,24.66,2.0,1.0,5.26,8.22,0.0,0.0,0.0,0.0,0.0,0.0,0.0,0.0,0.0,0.0,0.0,0.0,6.0,3.0,15.79,24.66,2.0,1.0,5.26,8.22,9.0,4.5,23.68,36.99,3.0,1.5,7.89,12.33,3.0,1.5,7.89,12.33,2.0,1.0,5.26,8.22,0.0,0.0,0.0,0.0,2.0,1.0,5.26,8.22,4.0,2.0,10.53,16.44,42.11,44.74,-2.63,104.12,-1.0,-0.5,-2.63,8.76,4.38,0.57,0.57,0.62,0.33,,0.18,0.43,0.0,0.75,0.35,5.26,0.0,0.05,10.53,0.0
5,新北中信特攻,39|43|8889|10879|10881,魏嘉豪/林韋翰/馬可/簡廷兆/飛克,1,3,4.0,76.0,1.27,01:16,76.0,1.27,01:16,0.0,0.0,0.0,0.0,5.0,5.0,125.0,142.11,2.0,2.0,50.0,56.84,0.0,0.0,0.0,0.0,1.0,1.0,25.0,28.42,0.0,0.0,0.0,0.0,1.0,1.0,25.0,28.42,0.0,0.0,0.0,0.0,0.0,0.0,0.0,0.0,0.0,0.0,0.0,0.0,1.0,1.0,25.0,28.42,1.0,1.0,25.0,28.42,0.0,0.0,0.0,0.0,0.0,0.0,0.0,0.0,0.0,0.0,0.0,0.0,0.0,0.0,0.0,0.0,0.0,0.0,0.0,0.0,0.0,0.0,0.0,0.0,1.0,1.0,25.0,28.42,0.0,0.0,0.0,0.0,0.0,125.0,-125.0,75.79,-5.0,-5.0,-125.0,1.27,1.27,0.0,0.0,0.0,0.0,,0.0,,1.0,1.0,1.0,0.0,0.0,0.25,0.0,0.0
5,新北中信特攻,39|44|113|8889|10881,魏嘉豪/黃泓瀚/林任鴻/馬可/飛克,1,1,1.0,0.17,0.0,00:00,0.17,0.0,00:00,2.0,2.0,200.0,26024.1,0.0,0.0,0.0,0.0,0.0,0.0,0.0,0.0,0.0,0.0,0.0,0.0,0.0,0.0,0.0,0.0,0.0,0.0,0.0,0.0,0.0,0.0,0.0,0.0,0.0,0.0,0.0,0.0,2.0,2.0,200.0,26024.1,2.0,2.0,200.0,26024.1,0.0,0.0,0.0,0.0,0.0,0.0,0.0,0.0,0.0,0.0,0.0,0.0,0.0,0.0,0.0,0.0,0.0,0.0,0.0,0.0,0.0,0.0,0.0,0.0,0.0,0.0,0.0,0.0,0.0,0.0,0.0,0.0,0.0,0.0,0.0,0.0,0.0,0.0,0.0,0.0,200.0,0.0,200.0,8674.7,2.0,2.0,200.0,0.0,0.0,,1.14,,,1.0,0.0,,,,,0.0,0.0,0.0,0.0,
5,新北國王,29|32|10872|10874|13029,林書緯/奧帝/林彥廷/熊祥泰/杰倫,4,9,12.0,170.63,2.84,02:51,42.66,0.71,00:43,3.0,0.75,25.0,37.98,3.0,0.75,25.0,37.98,7.0,1.75,58.33,88.61,2.0,0.5,16.67,25.32,4.0,1.0,33.33,50.64,1.0,0.25,8.33,12.66,3.0,0.75,25.0,37.98,1.0,0.25,8.33,12.66,0.0,0.0,0.0,0.0,0.0,0.0,0.0,0.0,1.0,0.25,8.33,12.66,2.0,0.5,16.67,25.32,1.0,0.25,8.33,12.66,1.0,0.25,8.33,12.66,0.0,0.0,0.0,0.0,2.0,0.5,16.67,25.32,0.0,0.0,0.0,0.0,0.0,0.0,0.0,0.0,2.0,0.5,16.67,25.32,6.0,1.5,50.0,75.96,25.0,25.0,0.0,101.27,0.0,0.0,0.0,2.84,0.71,0.36,0.21,0.25,0.33,,0.0,1.0,0.5,0.67,0.6,0.0,0.0,0.17,50.0,0.0
5,新北中信特攻,39|44|47|113|10881,魏嘉豪/黃泓瀚/曾文鼎/林任鴻/飛克,1,1,2.0,23.0,0.38,00:23,23.0,0.38,00:23,0.0,0.0,0.0,0.0,0.0,0.0,0.0,0.0,1.0,1.0,50.0,93.91,0.0,0.0,0.0,0.0,0.0,0.0,0.0,0.0,0.0,0.0,0.0,0.0,1.0,1.0,50.0,93.91,0.0,0.0,0.0,0.0,0.0,0.0,0.0,0.0,0.0,0.0,0.0,0.0,0.0,0.0,0.0,0.0,0.0,0.0,0.0,0.0,0.0,0.0,0.0,0.0,1.0,1.0,50.0,93.91,0.0,0.0,0.0,0.0,0.0,0.0,0.0,0.0,0.0,0.0,0.0,0.0,0.0,0.0,0.0,0.0,0.0,0.0,0.0,0.0,0.0,0.0,0.0,0.0,0.0,0.0,0.0,125.22,0.0,0.0,0.0,0.38,0.38,0.0,0.0,,0.0,,0.0,,0.0,,0.0,0.0,0.0,0.0,0.0,0.0
5,新北國王,24|29|34|10872|13029,蘇士軒/林書緯/沃許本/林彥廷/杰倫,3,34,40.0,600.95,10.02,10:01,200.32,3.34,03:20,16.0,5.33,40.0,57.51,17.0,5.67,42.5,61.1,14.0,4.67,35.0,50.32,6.0,2.0,15.0,21.57,8.0,2.67,20.0,28.75,3.0,1.0,7.5,10.78,6.0,2.0,15.0,21.57,3.0,1.0,7.5,10.78,2.0,0.67,5.0,7.19,1.0,0.33,2.5,3.59,2.0,0.67,5.0,7.19,7.0,2.33,17.5,25.16,3.0,1.0,7.5,10.78,10.0,3.33,25.0,35.94,4.0,1.33,10.0,14.38,4.0,1.33,10.0,14.38,3.0,1.0,7.5,10.78,0.0,0.0,0.0,0.0,3.0,1.0,7.5,10.78,9.0,3.0,22.5,32.35,40.0,42.5,-2.5,95.85,-1.0,-0.33,-2.5,10.02,3.34,0.54,0.54,0.38,0.5,0.5,0.21,0.67,0.17,0.7,0.41,7.5,0.0,0.08,22.5,0.14
5,新北國王,21|24|29|32|13029,李愷諺/蘇士軒/林書緯/奧帝/杰倫,3,94,117.0,1594.97,26.58,26:35,531.66,8.86,08:52,47.0,15.67,40.17,63.65,45.0,15.0,38.46,60.94,42.0,14.0,35.9,56.88,18.0,6.0,15.38,24.38,20.0,6.67,17.09,27.09,10.0,3.33,8.55,13.54,22.0,7.33,18.8,29.79,8.0,2.67,6.84,10.83,5.0,1.67,4.27,6.77,3.0,1.0,2.56,4.06,4.0,1.33,3.42,5.42,21.0,7.0,17.95,28.44,13.0,4.33,11.11,17.61,21.0,7.0,17.95,28.44,6.0,2.0,5.13,8.13,12.0,4.0,10.26,16.25,3.0,1.0,2.56,4.06,0.0,0.0,0.0,0.0,14.0,4.67,11.97,18.96,18.0,6.0,15.38,24.38,40.17,38.46,1.71,105.63,2.0,0.67,1.71,26.58,8.86,0.52,0.53,0.5,0.36,0.6,0.12,0.67,0.16,0.62,0.42,2.56,0.0,0.12,15.38,0.12
5,新北中信特攻,40|10877|10879|10880|10881,謝亞軒/阿巴西/簡廷兆/內馬/飛克,2,13,17.0,250.13,4.17,04:10,125.07,2.08,02:05,7.0,3.5,41.18,60.45,10.0,5.0,58.82,86.35,5.0,2.5,29.41,43.18,3.0,1.5,17.65,25.91,4.0,2.0,23.53,34.54,3.0,1.5,17.65,25.91,1.0,0.5,5.88,8.64,0.0,0.0,0.0,0.0,1.0,0.5,5.88,8.64,1.0,0.5,5.88,8.64,0.0,0.0,0.0,0.0,2.0,1.0,11.76,17.27,3.0,1.5,17.65,25.91,4.0,2.0,23.53,34.54,0.0,0.0,0.0,0.0,1.0,0.5,5.88,8.64,0.0,0.0,0.0,0.0,0.0,0.0,0.0,0.0,3.0,1.5,17.65,25.91,0.0,0.0,0.0,0.0,41.18,58.82,-17.65,97.87,-3.0,-1.5,-17.65,4.17,2.08,0.6,0.64,0.75,0.0,1.0,0.0,0.33,0.0,0.4,0.22,0.0,0.0,0.18,0.0,0.2
5,新北國王,21|32|34|10872|10874,李愷諺/奧帝/沃許本/林彥廷/熊祥泰,1,9,10.0,139.0,2.32,02:19,139.0,2.32,02:19,2.0,2.0,20.0,31.08,7.0,7.0,70.0,108.78,3.0,3.0,30.0,46.62,1.0,1.0,10.0,15.54,2.0,2.0,20.0,31.08,1.0,1.0,10.0,15.54,1.0,1.0,10.0,15.54,0.0,0.0,0.0,0.0,0.0,0.0,0.0,0.0,0.0,0.0,0.0,0.0,0.0,0.0,0.0,0.0,2.0,2.0,20.0,31.08,0.0,0.0,0.0,0.0,1.0,1.0,10.0,15.54,1.0,1.0,10.0,15.54,1.0,1.0,10.0,15.54,1.0,1.0,10.0,15.54,0.0,0.0,0.0,0.0,2.0,2.0,20.0,31.08,0.0,0.0,0.0,0.0,20.0,70.0,-50.0,103.6,-5.0,-5.0,-50.0,2.32,2.32,0.33,0.33,0.5,0.0,,0.25,1.0,0.0,1.0,0.67,10.0,0.0,0.2,0.0,0.0
5,新北中信特攻,40|8889|10877|10879|10881,謝亞軒/馬可/阿巴西/簡廷兆/飛克,1,5,8.0,73.0,1.22,01:13,73.0,1.22,01:13,3.0,3.0,37.5,88.77,3.0,3.0,37.5,88.77,2.0,2.0,25.0,59.18,1.0,1.0,12.5,29.59,1.0,1.0,12.5,29.59,0.0,0.0,0.0,0.0,1.0,1.0,12.5,29.59,1.0,1.0,12.5,29.59,0.0,0.0,0.0,0.0,0.0,0.0,0.0,0.0,0.0,0.0,0.0,0.0,1.0,1.0,12.5,29.59,2.0,2.0,25.0,59.18,1.0,1.0,12.5,29.59,1.0,1.0,12.5,29.59,1.0,1.0,12.5,29.59,0.0,0.0,0.0,0.0,0.0,0.0,0.0,0.0,1.0,1.0,12.5,29.59,0.0,0.0,0.0,0.0,37.5,37.5,0.0,157.81,0.0,0.0,0.0,1.22,1.22,0.75,0.75,0.0,1.0,,0.33,1.0,0.0,0.33,0.25,0.0,0.0,0.12,0.0,0.0
5,新北中信特攻,40|8889|10877|10879|10880,謝亞軒/馬可/阿巴西/簡廷兆/內馬,1,3,3.0,27.0,0.45,00:27,27.0,0.45,00:27,0.0,0.0,0.0,0.0,5.0,5.0,166.67,400.0,0.0,0.0,0.0,0.0,0.0,0.0,0.0,0.0,0.0,0.0,0.0,0.0,0.0,0.0,0.0,0.0,0.0,0.0,0.0,0.0,0.0,0.0,0.0,0.0,0.0,0.0,0.0,0.0,0.0,0.0,0.0,0.0,0.0,0.0,0.0,0.0,0.0,0.0,0.0,0.0,0.0,0.0,0.0,0.0,0.0,0.0,0.0,0.0,1.0,1.0,33.33,80.0,0.0,0.0,0.0,0.0,1.0,1.0,33.33,80.0,0.0,0.0,0.0,0.0,0.0,0.0,0.0,0.0,0.0,0.0,0.0,0.0,0.0,166.67,-166.67,160.0,-5.0,-5.0,-166.67,0.45,0.45,,,,,,1.0,,,,,33.33,0.0,0.0,0.0,
5,新北中信特攻,40|113|8889|10879|10880,謝亞軒/林任鴻/馬可/簡廷兆/內馬,1,4,4.0,96.43,1.61,01:36,96.43,1.61,01:36,6.0,6.0,150.0,134.4,0.0,0.0,0.0,0.0,1.0,1.0,25.0,22.4,1.0,1.0,25.0,22.4,0.0,0.0,0.0,0.0,0.0,0.0,0.0,0.0,1.0,1.0,25.0,22.4,1.0,1.0,25.0,22.4,3.0,3.0,75.0,67.2,3.0,3.0,75.0,67.2,0.0,0.0,0.0,0.0,0.0,0.0,0.0,0.0,0.0,0.0,0.0,0.0,1.0,1.0,25.0,22.4,0.0,0.0,0.0,0.0,2.0,2.0,50.0,44.8,0.0,0.0,0.0,0.0,0.0,0.0,0.0,0.0,3.0,3.0,75.0,67.2,0.0,0.0,0.0,0.0,150.0,0.0,150.0,59.74,6.0,6.0,150.0,1.61,1.61,1.5,1.29,,1.0,1.0,0.0,2.0,0.0,,0.0,0.0,0.0,0.75,0.0,3.0
5,新北中信特攻,39|113|8889|10877|10880,魏嘉豪/林任鴻/馬可/阿巴西/內馬,1,1,1.0,14.77,0.25,00:15,14.77,0.25,00:15,1.0,1.0,100.0,146.22,0.0,0.0,0.0,0.0,0.0,0.0,0.0,0.0,0.0,0.0,0.0,0.0,0.0,0.0,0.0,0.0,0.0,0.0,0.0,0.0,0.0,0.0,0.0,0.0,0.0,0.0,0.0,0.0,2.0,2.0,200.0,292.45,1.0,1.0,100.0,146.22,0.0,0.0,0.0,0.0,1.0,1.0,100.0,146.22,0.0,0.0,0.0,0.0,0.0,0.0,0.0,0.0,0.0,0.0,0.0,0.0,0.0,0.0,0.0,0.0,0.0,0.0,0.0,0.0,0.0,0.0,0.0,0.0,0.0,0.0,0.0,0.0,0.0,0.0,0.0,0.0,100.0,0.0,100.0,97.48,1.0,1.0,100.0,0.25,0.25,,0.57,,,0.5,0.0,,,1.0,1.0,0.0,0.0,0.0,0.0,
5,新北中信特攻,39|47|113|10877|10880,魏嘉豪/曾文鼎/林任鴻/阿巴西/內馬,1,1,1.0,3.0,0.05,00:03,3.0,0.05,00:03,0.0,0.0,0.0,0.0,0.0,0.0,0.0,0.0,0.0,0.0,0.0,0.0,0.0,0.0,0.0,0.0,0.0,0.0,0.0,0.0,0.0,0.0,0.0,0.0,0.0,0.0,0.0,0.0,0.0,0.0,0.0,0.0,0.0,0.0,0.0,0.0,0.0,0.0,0.0,0.0,0.0,0.0,0.0,0.0,0.0,0.0,0.0,0.0,0.0,0.0,0.0,0.0,0.0,0.0,0.0,0.0,0.0,0.0,0.0,0.0,0.0,0.0,0.0,0.0,0.0,0.0,0.0,0.0,0.0,0.0,0.0,0.0,0.0,0.0,0.0,0.0,0.0,0.0,0.0,0.0,0.0,0.0,0.0,480.0,0.0,0.0,0.0,0.05,0.05,,,,,,,,,,,0.0,0.0,0.0,0.0,
5,新北國王,24|29|34|10874|13029,蘇士軒/林書緯/沃許本/熊祥泰/杰倫,1,11,12.0,182.27,3.04,03:02,182.27,3.04,03:02,9.0,9.0,75.0,106.65,7.0,7.0,58.33,82.95,5.0,5.0,41.67,59.25,3.0,3.0,25.0,35.55,5.0,5.0,41.67,59.25,3.0,3.0,25.0,35.55,0.0,0.0,0.0,0.0,0.0,0.0,0.0,0.0,0.0,0.0,0.0,0.0,0.0,0.0,0.0,0.0,1.0,1.0,8.33,11.85,1.0,1.0,8.33,11.85,0.0,0.0,0.0,0.0,3.0,3.0,25.0,35.55,0.0,0.0,0.0,0.0,2.0,2.0,16.67,23.7,0.0,0.0,0.0,0.0,0.0,0.0,0.0,0.0,1.0,1.0,8.33,11.85,4.0,4.0,33.33,47.4,75.0,58.33,16.67,94.8,2.0,2.0,16.67,3.04,3.04,0.6,0.9,0.6,,,0.0,0.67,0.25,1.0,0.4,0.0,0.0,0.08,33.33,0.0
5,新北國王,24|29|32|10872|13029,蘇士軒/林書緯/奧帝/林彥廷/杰倫,3,31,37.0,426.54,7.11,07:07,142.18,2.37,02:22,21.0,7.0,56.76,106.34,14.0,4.67,37.84,70.9,14.0,4.67,37.84,70.9,8.0,2.67,21.62,40.51,11.0,3.67,29.73,55.7,7.0,2.33,18.92,35.45,3.0,1.0,8.11,15.19,1.0,0.33,2.7,5.06,5.0,1.67,13.51,25.32,4.0,1.33,10.81,20.26,2.0,0.67,5.41,10.13,5.0,1.67,13.51,25.32,4.0,1.33,10.81,20.26,7.0,2.33,18.92,35.45,0.0,0.0,0.0,0.0,5.0,1.67,13.51,25.32,0.0,0.0,0.0,0.0,1.0,0.33,2.7,5.06,4.0,1.33,10.81,20.26,3.0,1.0,8.11,15.19,56.76,37.84,18.92,124.91,7.0,2.33,18.92,7.11,2.37,0.61,0.65,0.64,0.33,0.8,0.0,0.62,0.22,0.56,0.39,0.0,2.7,0.11,8.11,0.36
5,新北中信特攻,40|113|10879|10880|10881,謝亞軒/林任鴻/簡廷兆/內馬/飛克,2,16,17.0,267.77,4.46,04:28,133.89,2.23,02:14,13.0,6.5,76.47,104.86,2.0,1.0,11.76,16.13,6.0,3.0,35.29,48.4,4.0,2.0,23.53,32.27,3.0,1.5,17.65,24.2,3.0,1.5,17.65,24.2,3.0,1.5,17.65,24.2,1.0,0.5,5.88,8.07,4.0,2.0,23.53,32.27,4.0,2.0,23.53,32.27,1.0,0.5,5.88,8.07,1.0,0.5,5.88,8.07,0.0,0.0,0.0,0.0,5.0,2.5,29.41,40.33,1.0,0.5,5.88,8.07,3.0,1.5,17.65,24.2,0.0,0.0,0.0,0.0,0.0,0.0,0.0,0.0,2.0,1.0,11.76,16.13,0.0,0.0,0.0,0.0,76.47,11.76,64.71,91.42,11.0,5.5,64.71,4.46,2.23,0.75,0.84,1.0,0.33,1.0,0.11,0.75,0.17,1.0,0.29,0.0,0.0,0.12,0.0,0.67
5,新北中信特攻,43|113|8889|10879|10881,林韋翰/林任鴻/馬可/簡廷兆/飛克,1,2,2.0,47.0,0.78,00:47,47.0,0.78,00:47,2.0,2.0,100.0,91.91,2.0,2.0,100.0,91.91,1.0,1.0,50.0,45.96,1.0,1.0,50.0,45.96,1.0,1.0,50.0,45.96,1.0,1.0,50.0,45.96,0.0,0.0,0.0,0.0,0.0,0.0,0.0,0.0,0.0,0.0,0.0,0.0,0.0,0.0,0.0,0.0,0.0,0.0,0.0,0.0,0.0,0.0,0.0,0.0,0.0,0.0,0.0,0.0,0.0,0.0,0.0,0.0,0.0,0.0,0.0,0.0,0.0,0.0,0.0,0.0,0.0,0.0,0.0,0.0,0.0,0.0,0.0,0.0,0.0,0.0,0.0,0.0,0.0,0.0,0.0,0.0,100.0,100.0,0.0,61.28,0.0,0.0,0.0,0.78,0.78,1.0,1.0,1.0,,,0.0,0.0,,,,0.0,0.0,0.0,0.0,0.0
5,新北國王,21|32|10872|10874|13029,李愷諺/奧帝/林彥廷/熊祥泰/杰倫,2,4,4.0,46.0,0.77,00:46,23.0,0.38,00:23,0.0,0.0,0.0,0.0,4.0,2.0,100.0,187.83,0.0,0.0,0.0,0.0,0.0,0.0,0.0,0.0,0.0,0.0,0.0,0.0,0.0,0.0,0.0,0.0,0.0,0.0,0.0,0.0,0.0,0.0,0.0,0.0,0.0,0.0,0.0,0.0,0.0,0.0,0.0,0.0,0.0,0.0,0.0,0.0,0.0,0.0,0.0,0.0,0.0,0.0,0.0,0.0,0.0,0.0,0.0,0.0,2.0,1.0,50.0,93.91,0.0,0.0,0.0,0.0,1.0,0.5,25.0,46.96,0.0,0.0,0.0,0.0,0.0,0.0,0.0,0.0,0.0,0.0,0.0,0.0,0.0,100.0,-100.0,125.22,-4.0,-2.0,-100.0,0.77,0.38,,,,,,1.0,,,,,25.0,0.0,0.0,0.0,
5,新北中信特攻,113|8889|10877|10879|10881,林任鴻/馬可/阿巴西/簡廷兆/飛克,1,8,10.0,100.0,1.67,01:40,100.0,1.67,01:40,4.0,4.0,40.0,86.4,6.0,6.0,60.0,129.6,3.0,3.0,30.0,64.8,1.0,1.0,10.0,21.6,3.0,3.0,30.0,64.8,1.0,1.0,10.0,21.6,0.0,0.0,0.0,0.0,0.0,0.0,0.0,0.0,2.0,2.0,20.0,43.2,2.0,2.0,20.0,43.2,0.0,0.0,0.0,0.0,2.0,2.0,20.0,43.2,1.0,1.0,10.0,21.6,0.0,0.0,0.0,0.0,0.0,0.0,0.0,0.0,0.0,0.0,0.0,0.0,0.0,0.0,0.0,0.0,1.0,1.0,10.0,21.6,1.0,1.0,10.0,21.6,0.0,0.0,0.0,0.0,40.0,60.0,-20.0,144.0,-2.0,-2.0,-20.0,1.67,1.67,0.33,0.52,0.33,,1.0,0.0,0.0,,0.67,0.67,0.0,10.0,0.1,0.0,0.67
5,新北國王,24|29|32|10874|13029,蘇士軒/林書緯/奧帝/熊祥泰/杰倫,2,27,36.0,481.16,8.02,08:01,240.58,4.01,04:01,22.0,11.0,61.11,98.76,9.0,4.5,25.0,40.4,16.0,8.0,44.44,71.83,8.0,4.0,22.22,35.91,6.0,3.0,16.67,26.93,1.0,0.5,2.78,4.49,10.0,5.0,27.78,44.89,7.0,3.5,19.44,31.42,2.0,1.0,5.56,8.98,2.0,1.0,5.56,8.98,3.0,1.5,8.33,13.47,4.0,2.0,11.11,17.96,4.0,2.0,11.11,17.96,9.0,4.5,25.0,40.4,2.0,1.0,5.56,8.98,6.0,3.0,16.67,26.93,1.0,0.5,2.78,4.49,0.0,0.0,0.0,0.0,3.0,1.5,8.33,13.47,2.0,1.0,5.56,8.98,61.11,25.0,36.11,107.74,13.0,6.5,36.11,8.02,4.01,0.72,0.65,0.17,0.7,1.0,0.11,0.75,0.25,0.5,0.35,2.78,0.0,0.08,5.56,0.12
5,新北國王,21|29|32|10872|13029,李愷諺/林書緯/奧帝/林彥廷/杰倫,3,27,32.0,395.86,6.6,06:36,131.95,2.2,02:12,17.0,5.67,53.12,92.76,16.0,5.33,50.0,87.3,11.0,3.67,34.38,60.02,5.0,1.67,15.62,27.28,7.0,2.33,21.88,38.2,4.0,1.33,12.5,21.83,4.0,1.33,12.5,21.83,1.0,0.33,3.12,5.46,8.0,2.67,25.0,43.65,6.0,2.0,18.75,32.74,4.0,1.33,12.5,21.83,4.0,1.33,12.5,21.83,1.0,0.33,3.12,5.46,4.0,1.33,12.5,21.83,2.0,0.67,6.25,10.91,5.0,1.67,15.62,27.28,2.0,0.67,6.25,10.91,0.0,0.0,0.0,0.0,6.0,2.0,18.75,32.74,5.0,1.67,15.62,27.28,53.12,50.0,3.12,116.4,1.0,0.33,3.12,6.6,2.2,0.5,0.59,0.57,0.25,0.75,0.12,1.0,0.5,0.8,0.62,6.25,0.0,0.19,15.62,0.73
5,新北中信特攻,39|44|113|10880|10881,魏嘉豪/黃泓瀚/林任鴻/內馬/飛克,1,2,2.0,14.0,0.23,00:14,14.0,0.23,00:14,0.0,0.0,0.0,0.0,0.0,0.0,0.0,0.0,1.0,1.0,50.0,154.29,0.0,0.0,0.0,0.0,1.0,1.0,50.0,154.29,0.0,0.0,0.0,0.0,0.0,0.0,0.0,0.0,0.0,0.0,0.0,0.0,0.0,0.0,0.0,0.0,0.0,0.0,0.0,0.0,0.0,0.0,0.0,0.0,1.0,1.0,50.0,154.29,0.0,0.0,0.0,0.0,0.0,0.0,0.0,0.0,0.0,0.0,0.0,0.0,0.0,0.0,0.0,0.0,0.0,0.0,0.0,0.0,0.0,0.0,0.0,0.0,0.0,0.0,0.0,0.0,0.0,0.0,0.0,0.0,0.0,0.0,0.0,205.71,0.0,0.0,0.0,0.23,0.23,0.0,0.0,0.0,,,0.0,,,1.0,1.0,0.0,0.0,0.0,0.0,0.0
5,新北國王,21|24|32|10872|13029,李愷諺/蘇士軒/奧帝/林彥廷/杰倫,2,12,14.0,138.87,2.31,02:19,69.44,1.16,01:09,7.0,3.5,50.0,108.88,4.0,2.0,28.57,62.22,2.0,1.0,14.29,31.11,1.0,0.5,7.14,15.55,1.0,0.5,7.14,15.55,0.0,0.0,0.0,0.0,1.0,0.5,7.14,15.55,1.0,0.5,7.14,15.55,4.0,2.0,28.57,62.22,4.0,2.0,28.57,62.22,0.0,0.0,0.0,0.0,1.0,0.5,7.14,15.55,2.0,1.0,14.29,31.11,2.0,1.0,14.29,31.11,2.0,1.0,14.29,31.11,1.0,0.5,7.14,15.55,2.0,1.0,14.29,31.11,0.0,0.0,0.0,0.0,0.0,0.0,0.0,0.0,0.0,0.0,0.0,0.0,50.0,28.57,21.43,145.17,3.0,1.5,21.43,2.31,1.16,0.75,0.93,0.0,1.0,1.0,0.35,1.0,0.0,0.33,0.2,14.29,0.0,0.0,0.0,2.0
5,新北中信特攻,39|44|10879|10880|10881,魏嘉豪/黃泓瀚/簡廷兆/內馬/飛克,1,1,1.0,0.21,0.0,00:00,0.21,0.0,00:00,0.0,0.0,0.0,0.0,2.0,2.0,200.0,20869.57,0.0,0.0,0.0,0.0,0.0,0.0,0.0,0.0,0.0,0.0,0.0,0.0,0.0,0.0,0.0,0.0,0.0,0.0,0.0,0.0,0.0,0.0,0.0,0.0,0.0,0.0,0.0,0.0,0.0,0.0,0.0,0.0,0.0,0.0,0.0,0.0,0.0,0.0,0.0,0.0,0.0,0.0,0.0,0.0,0.0,0.0,0.0,0.0,0.0,0.0,0.0,0.0,0.0,0.0,0.0,0.0,0.0,0.0,0.0,0.0,0.0,0.0,0.0,0.0,0.0,0.0,0.0,0.0,2.0,2.0,200.0,20869.57,0.0,200.0,-200.0,6956.52,-2.0,-2.0,-200.0,0.0,0.0,,,,,,,,,,,0.0,0.0,0.0,200.0,
5,新北國王,21|22|32|10872|13029,李愷諺/簡祐哲/奧帝/林彥廷/杰倫,1,3,3.0,52.0,0.87,00:52,52.0,0.87,00:52,3.0,3.0,100.0,124.62,0.0,0.0,0.0,0.0,1.0,1.0,33.33,41.54,1.0,1.0,33.33,41.54,0.0,0.0,0.0,0.0,0.0,0.0,0.0,0.0,1.0,1.0,33.33,41.54,1.0,1.0,33.33,41.54,0.0,0.0,0.0,0.0,0.0,0.0,0.0,0.0,0.0,0.0,0.0,0.0,0.0,0.0,0.0,0.0,0.0,0.0,0.0,0.0,2.0,2.0,66.67,83.08,0.0,0.0,0.0,0.0,1.0,1.0,33.33,41.54,0.0,0.0,0.0,0.0,0.0,0.0,0.0,0.0,0.0,0.0,0.0,0.0,0.0,0.0,0.0,0.0,100.0,0.0,100.0,83.08,3.0,3.0,100.0,0.87,0.87,1.5,1.5,,1.0,,0.0,1.0,0.0,,0.0,0.0,0.0,0.0,0.0,0.0
5,新北中信特攻,39|48|10879|10880|10881,魏嘉豪/李沛澄/簡廷兆/內馬/飛克,1,3,3.0,52.0,0.87,00:52,52.0,0.87,00:52,0.0,0.0,0.0,0.0,3.0,3.0,100.0,124.62,2.0,2.0,66.67,83.08,0.0,0.0,0.0,0.0,0.0,0.0,0.0,0.0,0.0,0.0,0.0,0.0,2.0,2.0,66.67,83.08,0.0,0.0,0.0,0.0,0.0,0.0,0.0,0.0,0.0,0.0,0.0,0.0,0.0,0.0,0.0,0.0,2.0,2.0,66.67,83.08,0.0,0.0,0.0,0.0,0.0,0.0,0.0,0.0,0.0,0.0,0.0,0.0,0.0,0.0,0.0,0.0,0.0,0.0,0.0,0.0,0.0,0.0,0.0,0.0,0.0,0.0,0.0,0.0,0.0,0.0,0.0,0.0,0.0,100.0,-100.0,83.08,-3.0,-3.0,-100.0,0.87,0.87,0.0,0.0,,0.0,,0.0,,,1.0,1.0,0.0,0.0,0.0,0.0,0.0
5,新北中信特攻,40|113|8889|10877|10881,謝亞軒/林任鴻/馬可/阿巴西/飛克,1,19,22.0,306.29,5.1,05:06,306.29,5.1,05:06,12.0,12.0,54.55,84.62,7.0,7.0,31.82,49.36,8.0,8.0,36.36,56.42,3.0,3.0,13.64,21.16,5.0,5.0,22.73,35.26,1.0,1.0,4.55,7.05,3.0,3.0,13.64,21.16,2.0,2.0,9.09,14.1,6.0,6.0,27.27,42.31,4.0,4.0,18.18,28.21,2.0,2.0,9.09,14.1,4.0,4.0,18.18,28.21,1.0,1.0,4.55,7.05,4.0,4.0,18.18,28.21,1.0,1.0,4.55,7.05,5.0,5.0,22.73,35.26,1.0,1.0,4.55,7.05,0.0,0.0,0.0,0.0,4.0,4.0,18.18,28.21,2.0,2.0,9.09,14.1,54.55,31.82,22.73,103.43,5.0,5.0,22.73,5.1,5.1,0.5,0.56,0.2,0.67,0.67,0.09,1.67,0.33,0.8,0.55,4.55,0.0,0.18,9.09,0.75
5,新北國王,21|29|32|10874|13029,李愷諺/林書緯/奧帝/熊祥泰/杰倫,1,4,5.0,61.3,1.02,01:01,61.3,1.02,01:01,0.0,0.0,0.0,0.0,2.0,2.0,40.0,70.48,2.0,2.0,40.0,70.48,0.0,0.0,0.0,0.0,0.0,0.0,0.0,0.0,0.0,0.0,0.0,0.0,2.0,2.0,40.0,70.48,0.0,0.0,0.0,0.0,0.0,0.0,0.0,0.0,0.0,0.0,0.0,0.0,1.0,1.0,20.0,35.24,1.0,1.0,20.0,35.24,0.0,0.0,0.0,0.0,1.0,1.0,20.0,35.24,1.0,1.0,20.0,35.24,0.0,0.0,0.0,0.0,0.0,0.0,0.0,0.0,0.0,0.0,0.0,0.0,0.0,0.0,0.0,0.0,0.0,0.0,0.0,0.0,0.0,40.0,-40.0,117.46,-2.0,-2.0,-40.0,1.02,1.02,0.0,0.0,,0.0,,0.33,,0.5,1.0,0.67,0.0,0.0,0.0,0.0,0.0
5,新北國王,21|23|29|13029|14038,李愷諺/王柏智/林書緯/杰倫/飛米,1,15,17.0,205.0,3.42,03:25,205.0,3.42,03:25,5.0,5.0,29.41,52.68,4.0,4.0,23.53,42.15,6.0,6.0,35.29,63.22,2.0,2.0,11.76,21.07,3.0,3.0,17.65,31.61,1.0,1.0,5.88,10.54,3.0,3.0,17.65,31.61,1.0,1.0,5.88,10.54,0.0,0.0,0.0,0.0,0.0,0.0,0.0,0.0,0.0,0.0,0.0,0.0,4.0,4.0,23.53,42.15,1.0,1.0,5.88,10.54,4.0,4.0,23.53,42.15,1.0,1.0,5.88,10.54,2.0,2.0,11.76,21.07,0.0,0.0,0.0,0.0,0.0,0.0,0.0,0.0,2.0,2.0,11.76,21.07,2.0,2.0,11.76,21.07,29.41,23.53,5.88,119.41,1.0,1.0,5.88,3.42,3.42,0.42,0.42,0.33,0.33,,0.14,1.0,0.0,0.8,0.44,0.0,0.0,0.12,11.76,0.0
5,新北中信特攻,43|10877|10879|10880|10881,林韋翰/阿巴西/簡廷兆/內馬/飛克,1,28,33.0,417.54,6.96,06:58,417.54,6.96,06:58,13.0,13.0,39.39,67.25,13.0,13.0,39.39,67.25,16.0,16.0,48.48,82.77,3.0,3.0,9.09,15.52,7.0,7.0,21.21,36.21,2.0,2.0,6.06,10.35,9.0,9.0,27.27,46.56,1.0,1.0,3.03,5.17,3.0,3.0,9.09,15.52,2.0,2.0,6.06,10.35,4.0,4.0,12.12,20.69,10.0,10.0,30.3,51.73,1.0,1.0,3.03,5.17,5.0,5.0,15.15,25.87,0.0,0.0,0.0,0.0,1.0,1.0,3.03,5.17,0.0,0.0,0.0,0.0,2.0,2.0,6.06,10.35,2.0,2.0,6.06,10.35,6.0,6.0,18.18,31.04,39.39,39.39,0.0,113.81,0.0,0.0,0.0,6.96,6.96,0.22,0.38,0.29,0.11,0.67,0.0,0.33,0.44,0.91,0.7,0.0,6.06,0.06,18.18,0.19
5,新北國王,29|32|10872|10874|14038,林書緯/奧帝/林彥廷/熊祥泰/飛米,2,59,70.0,853.08,14.22,14:13,426.54,7.11,07:07,42.0,21.0,60.0,106.34,28.0,14.0,40.0,70.9,25.0,12.5,35.71,63.3,13.0,6.5,18.57,32.92,8.0,4.0,11.43,20.26,3.0,1.5,4.29,7.6,17.0,8.5,24.29,43.04,10.0,5.0,14.29,25.32,7.0,3.5,10.0,17.72,4.0,2.0,5.71,10.13,5.0,2.5,7.14,12.66,8.0,4.0,11.43,20.26,3.0,1.5,4.29,7.6,15.0,7.5,21.43,37.98,5.0,2.5,7.14,12.66,9.0,4.5,12.86,22.79,5.0,2.5,7.14,12.66,0.0,0.0,0.0,0.0,6.0,3.0,8.57,15.19,9.0,4.5,12.86,22.79,60.0,40.0,20.0,118.16,14.0,7.0,20.0,14.22,7.11,0.72,0.75,0.38,0.59,0.57,0.15,0.69,0.25,0.73,0.42,7.14,0.0,0.09,12.86,0.28
5,新北中信特攻,43|113|8889|10879|10880,林韋翰/林任鴻/馬可/簡廷兆/內馬,1,5,5.0,91.0,1.52,01:31,91.0,1.52,01:31,0.0,0.0,0.0,0.0,3.0,3.0,60.0,71.21,0.0,0.0,0.0,0.0,0.0,0.0,0.0,0.0,0.0,0.0,0.0,0.0,0.0,0.0,0.0,0.0,0.0,0.0,0.0,0.0,0.0,0.0,0.0,0.0,0.0,0.0,0.0,0.0,0.0,0.0,0.0,0.0,0.0,0.0,0.0,0.0,0.0,0.0,0.0,0.0,0.0,0.0,0.0,0.0,2.0,2.0,40.0,47.47,2.0,2.0,40.0,47.47,0.0,0.0,0.0,0.0,0.0,0.0,0.0,0.0,0.0,0.0,0.0,0.0,1.0,1.0,20.0,23.74,3.0,3.0,60.0,71.21,0.0,60.0,-60.0,79.12,-3.0,-3.0,-60.0,1.52,1.52,,,,,,1.0,,0.0,,0.0,0.0,0.0,0.2,60.0,
5,新北國王,24|32|10872|10874|13029,蘇士軒/奧帝/林彥廷/熊祥泰/杰倫,2,14,17.0,249.88,4.16,04:10,124.94,2.08,02:05,8.0,4.0,47.06,69.15,13.0,6.5,76.47,112.37,5.0,2.5,29.41,43.22,3.0,1.5,17.65,25.93,3.0,1.5,17.65,25.93,2.0,1.0,11.76,17.29,2.0,1.0,11.76,17.29,1.0,0.5,5.88,8.64,3.0,1.5,17.65,25.93,1.0,0.5,5.88,8.64,0.0,0.0,0.0,0.0,3.0,1.5,17.65,25.93,2.0,1.0,11.76,17.29,0.0,0.0,0.0,0.0,1.0,0.5,5.88,8.64,2.0,1.0,11.76,17.29,0.0,0.0,0.0,0.0,0.0,0.0,0.0,0.0,3.0,1.5,17.65,25.93,5.0,2.5,29.41,43.22,47.06,76.47,-29.41,97.97,-5.0,-2.5,-29.41,4.16,2.08,0.7,0.63,0.67,0.5,0.33,0.14,0.67,,0.6,0.6,0.0,0.0,0.18,29.41,0.6
5,新北中信特攻,39|44|113|8889|10880,魏嘉豪/黃泓瀚/林任鴻/馬可/內馬,1,1,1.0,17.9,0.3,00:18,17.9,0.3,00:18,1.0,1.0,100.0,120.7,0.0,0.0,0.0,0.0,0.0,0.0,0.0,0.0,0.0,0.0,0.0,0.0,0.0,0.0,0.0,0.0,0.0,0.0,0.0,0.0,0.0,0.0,0.0,0.0,0.0,0.0,0.0,0.0,2.0,2.0,200.0,241.39,1.0,1.0,100.0,120.7,0.0,0.0,0.0,0.0,0.0,0.0,0.0,0.0,0.0,0.0,0.0,0.0,0.0,0.0,0.0,0.0,0.0,0.0,0.0,0.0,0.0,0.0,0.0,0.0,0.0,0.0,0.0,0.0,0.0,0.0,0.0,0.0,0.0,0.0,0.0,0.0,0.0,0.0,0.0,0.0,100.0,0.0,100.0,80.46,1.0,1.0,100.0,0.3,0.3,,0.57,,,0.5,0.0,,,,,0.0,0.0,0.0,0.0,
5,新北國王,21|29|32|10872|14038,李愷諺/林書緯/奧帝/林彥廷/飛米,2,12,15.0,174.21,2.9,02:54,87.1,1.45,01:27,7.0,3.5,46.67,86.79,5.0,2.5,33.33,62.0,5.0,2.5,33.33,62.0,1.0,0.5,6.67,12.4,2.0,1.0,13.33,24.8,0.0,0.0,0.0,0.0,3.0,1.5,20.0,37.2,1.0,0.5,6.67,12.4,4.0,2.0,26.67,49.6,4.0,2.0,26.67,49.6,2.0,1.0,13.33,24.8,2.0,1.0,13.33,24.8,1.0,0.5,6.67,12.4,2.0,1.0,13.33,24.8,2.0,1.0,13.33,24.8,1.0,0.5,6.67,12.4,1.0,0.5,6.67,12.4,0.0,0.0,0.0,0.0,2.0,1.0,13.33,24.8,0.0,0.0,0.0,0.0,46.67,33.33,13.33,123.99,2.0,1.0,13.33,2.9,1.45,0.3,0.52,0.0,0.33,1.0,0.23,1.0,0.5,0.67,0.57,6.67,0.0,0.13,0.0,0.8
5,新北國王,21|32|10872|10873|14038,李愷諺/奧帝/林彥廷/喬納森/飛米,1,1,1.0,7.0,0.12,00:07,7.0,0.12,00:07,0.0,0.0,0.0,0.0,0.0,0.0,0.0,0.0,0.0,0.0,0.0,0.0,0.0,0.0,0.0,0.0,0.0,0.0,0.0,0.0,0.0,0.0,0.0,0.0,0.0,0.0,0.0,0.0,0.0,0.0,0.0,0.0,0.0,0.0,0.0,0.0,0.0,0.0,0.0,0.0,0.0,0.0,0.0,0.0,0.0,0.0,0.0,0.0,0.0,0.0,0.0,0.0,0.0,0.0,0.0,0.0,0.0,0.0,0.0,0.0,0.0,0.0,0.0,0.0,0.0,0.0,0.0,0.0,0.0,0.0,0.0,0.0,0.0,0.0,0.0,0.0,0.0,0.0,0.0,0.0,0.0,0.0,0.0,205.71,0.0,0.0,0.0,0.12,0.12,,,,,,,,,,,0.0,0.0,0.0,0.0,
5,新北國王,21|32|10872|10874|14038,李愷諺/奧帝/林彥廷/熊祥泰/飛米,2,10,11.0,186.86,3.11,03:07,93.43,1.56,01:33,11.0,5.5,100.0,127.15,4.0,2.0,36.36,46.24,6.0,3.0,54.55,69.36,4.0,2.0,36.36,46.24,4.0,2.0,36.36,46.24,2.0,1.0,18.18,23.12,2.0,1.0,18.18,23.12,2.0,1.0,18.18,23.12,2.0,1.0,18.18,23.12,1.0,0.5,9.09,11.56,1.0,0.5,9.09,11.56,1.0,0.5,9.09,11.56,0.0,0.0,0.0,0.0,2.0,1.0,18.18,23.12,0.0,0.0,0.0,0.0,4.0,2.0,36.36,46.24,0.0,0.0,0.0,0.0,0.0,0.0,0.0,0.0,1.0,0.5,9.09,11.56,0.0,0.0,0.0,0.0,100.0,36.36,63.64,84.77,7.0,3.5,63.64,3.11,1.56,0.83,0.8,0.5,1.0,0.5,0.0,1.0,0.33,1.0,0.5,0.0,0.0,0.09,0.0,0.33
5,新北國王,21|23|10872|13029|14038,李愷諺/王柏智/林彥廷/杰倫/飛米,2,4,6.0,69.48,1.16,01:09,34.74,0.58,00:35,4.0,2.0,66.67,124.35,3.0,1.5,50.0,93.26,3.0,1.5,50.0,93.26,1.0,0.5,16.67,31.09,2.0,1.0,33.33,62.17,1.0,0.5,16.67,31.09,1.0,0.5,16.67,31.09,0.0,0.0,0.0,0.0,2.0,1.0,33.33,62.17,2.0,1.0,33.33,62.17,2.0,1.0,33.33,62.17,0.0,0.0,0.0,0.0,0.0,0.0,0.0,0.0,1.0,0.5,16.67,31.09,0.0,0.0,0.0,0.0,0.0,0.0,0.0,0.0,0.0,0.0,0.0,0.0,0.0,0.0,0.0,0.0,3.0,1.5,50.0,93.26,0.0,0.0,0.0,0.0,66.67,50.0,16.67,124.35,1.0,0.5,16.67,1.16,0.58,0.33,0.52,0.5,0.0,1.0,0.0,0.0,0.67,,0.67,0.0,0.0,0.5,0.0,0.67
5,新北國王,21|29|10872|13029|14038,李愷諺/林書緯/林彥廷/杰倫/飛米,3,13,13.0,201.83,3.36,03:22,67.28,1.12,01:07,8.0,2.67,61.54,85.62,8.0,2.67,61.54,85.62,5.0,1.67,38.46,53.51,3.0,1.0,23.08,32.11,4.0,1.33,30.77,42.81,2.0,0.67,15.38,21.4,1.0,0.33,7.69,10.7,1.0,0.33,7.69,10.7,2.0,0.67,15.38,21.4,2.0,0.67,15.38,21.4,0.0,0.0,0.0,0.0,2.0,0.67,15.38,21.4,0.0,0.0,0.0,0.0,1.0,0.33,7.69,10.7,0.0,0.0,0.0,0.0,1.0,0.33,7.69,10.7,0.0,0.0,0.0,0.0,0.0,0.0,0.0,0.0,3.0,1.0,23.08,32.11,1.0,0.33,7.69,10.7,61.54,61.54,0.0,92.75,0.0,0.0,0.0,3.36,1.12,0.7,0.68,0.5,1.0,1.0,0.0,0.33,0.0,1.0,0.67,0.0,0.0,0.23,7.69,0.4
5,新北國王,29|10872|10874|13029|14038,林書緯/林彥廷/熊祥泰/杰倫/飛米,2,37,45.0,635.18,10.59,10:35,317.59,5.29,05:18,18.0,9.0,40.0,61.21,21.0,10.5,46.67,71.41,19.0,9.5,42.22,64.61,8.0,4.0,17.78,27.2,10.0,5.0,22.22,34.01,6.0,3.0,13.33,20.4,9.0,4.5,20.0,30.61,2.0,1.0,4.44,6.8,0.0,0.0,0.0,0.0,0.0,0.0,0.0,0.0,3.0,1.5,6.67,10.2,8.0,4.0,17.78,27.2,4.0,2.0,8.89,13.6,8.0,4.0,17.78,27.2,2.0,1.0,4.44,6.8,3.0,1.5,6.67,10.2,0.0,0.0,0.0,0.0,1.0,0.5,2.22,3.4,2.0,1.0,4.44,6.8,8.0,4.0,17.78,27.2,40.0,46.67,-6.67,102.02,-3.0,-1.5,-6.67,10.59,5.29,0.47,0.47,0.6,0.22,,0.1,0.38,0.27,0.67,0.48,0.0,2.22,0.04,17.78,0.0
5,新北國王,21|29|10874|13029|14038,李愷諺/林書緯/熊祥泰/杰倫/飛米,3,13,15.0,151.36,2.52,02:31,50.45,0.84,00:50,2.0,0.67,13.33,28.54,11.0,3.67,73.33,156.98,4.0,1.33,26.67,57.08,0.0,0.0,0.0,0.0,2.0,0.67,13.33,28.54,0.0,0.0,0.0,0.0,2.0,0.67,13.33,28.54,0.0,0.0,0.0,0.0,4.0,1.33,26.67,57.08,2.0,0.67,13.33,28.54,2.0,0.67,13.33,28.54,2.0,0.67,13.33,28.54,0.0,0.0,0.0,0.0,1.0,0.33,6.67,14.27,2.0,0.67,13.33,28.54,0.0,0.0,0.0,0.0,2.0,0.67,13.33,28.54,0.0,0.0,0.0,0.0,1.0,0.33,6.67,14.27,6.0,2.0,40.0,85.62,13.33,73.33,-60.0,142.71,-9.0,-3.0,-60.0,2.52,0.84,0.0,0.17,0.0,0.0,0.5,0.26,,0.67,1.0,0.8,13.33,0.0,0.07,40.0,1.0
5,新北國王,21|24|29|13029|14038,李愷諺/蘇士軒/林書緯/杰倫/飛米,3,40,44.0,659.94,11.0,11:00,219.98,3.67,03:40,17.0,5.67,38.64,55.64,27.0,9.0,61.36,88.37,16.0,5.33,36.36,52.37,7.0,2.33,15.91,22.91,7.0,2.33,15.91,22.91,4.0,1.33,9.09,13.09,9.0,3.0,20.45,29.46,3.0,1.0,6.82,9.82,0.0,0.0,0.0,0.0,0.0,0.0,0.0,0.0,0.0,0.0,0.0,0.0,9.0,3.0,20.45,29.46,3.0,1.0,6.82,9.82,3.0,1.0,6.82,9.82,4.0,1.33,9.09,13.09,3.0,1.0,6.82,9.82,3.0,1.0,6.82,9.82,1.0,0.33,2.27,3.27,3.0,1.0,6.82,9.82,4.0,1.33,9.09,13.09,38.64,61.36,-22.73,96.01,-10.0,-3.33,-22.73,11.0,3.67,0.53,0.53,0.57,0.33,,0.2,0.43,0.0,0.75,0.6,6.82,2.27,0.07,9.09,0.0
5,新北國王,21|29|32|10874|14038,李愷諺/林書緯/奧帝/熊祥泰/飛米,1,4,4.0,60.77,1.01,01:01,60.77,1.01,01:01,2.0,2.0,50.0,71.08,4.0,4.0,100.0,142.16,1.0,1.0,25.0,35.54,1.0,1.0,25.0,35.54,1.0,1.0,25.0,35.54,1.0,1.0,25.0,35.54,0.0,0.0,0.0,0.0,0.0,0.0,0.0,0.0,0.0,0.0,0.0,0.0,0.0,0.0,0.0,0.0,0.0,0.0,0.0,0.0,0.0,0.0,0.0,0.0,0.0,0.0,0.0,0.0,0.0,0.0,0.0,0.0,1.0,1.0,25.0,35.54,1.0,1.0,25.0,35.54,0.0,0.0,0.0,0.0,0.0,0.0,0.0,0.0,0.0,0.0,0.0,0.0,2.0,2.0,50.0,71.08,50.0,100.0,-50.0,94.78,-2.0,-2.0,-50.0,1.01,1.01,1.0,1.0,1.0,,,0.5,1.0,,,,0.0,0.0,0.0,50.0,0.0
5,新北中信特攻,40|43|10877|10879|10880,謝亞軒/林韋翰/阿巴西/簡廷兆/內馬,1,3,3.0,20.3,0.34,00:20,20.3,0.34,00:20,0.0,0.0,0.0,0.0,2.0,2.0,66.67,212.81,2.0,2.0,66.67,212.81,0.0,0.0,0.0,0.0,1.0,1.0,33.33,106.4,0.0,0.0,0.0,0.0,1.0,1.0,33.33,106.4,0.0,0.0,0.0,0.0,0.0,0.0,0.0,0.0,0.0,0.0,0.0,0.0,0.0,0.0,0.0,0.0,1.0,1.0,33.33,106.4,0.0,0.0,0.0,0.0,0.0,0.0,0.0,0.0,0.0,0.0,0.0,0.0,0.0,0.0,0.0,0.0,0.0,0.0,0.0,0.0,0.0,0.0,0.0,0.0,0.0,0.0,0.0,0.0,2.0,2.0,66.67,212.81,0.0,66.67,-66.67,212.81,-2.0,-2.0,-66.67,0.34,0.34,0.0,0.0,0.0,0.0,,0.0,,,1.0,1.0,0.0,0.0,0.0,66.67,0.0
5,新北國王,21|10872|10873|13029|14038,李愷諺/林彥廷/喬納森/杰倫/飛米,1,1,1.0,3.0,0.05,00:03,3.0,0.05,00:03,0.0,0.0,0.0,0.0,0.0,0.0,0.0,0.0,0.0,0.0,0.0,0.0,0.0,0.0,0.0,0.0,0.0,0.0,0.0,0.0,0.0,0.0,0.0,0.0,0.0,0.0,0.0,0.0,0.0,0.0,0.0,0.0,0.0,0.0,0.0,0.0,0.0,0.0,0.0,0.0,0.0,0.0,0.0,0.0,0.0,0.0,0.0,0.0,0.0,0.0,0.0,0.0,0.0,0.0,0.0,0.0,0.0,0.0,0.0,0.0,0.0,0.0,0.0,0.0,0.0,0.0,0.0,0.0,0.0,0.0,0.0,0.0,0.0,0.0,0.0,0.0,0.0,0.0,0.0,0.0,0.0,0.0,0.0,480.0,0.0,0.0,0.0,0.05,0.05,,,,,,,,,,,0.0,0.0,0.0,0.0,
5,新北中信特攻,40|43|47|10880|10881,謝亞軒/林韋翰/曾文鼎/內馬/飛克,1,2,2.0,26.31,0.44,00:26,26.31,0.44,00:26,0.0,0.0,0.0,0.0,0.0,0.0,0.0,0.0,1.0,1.0,50.0,82.09,0.0,0.0,0.0,0.0,1.0,1.0,50.0,82.09,0.0,0.0,0.0,0.0,0.0,0.0,0.0,0.0,0.0,0.0,0.0,0.0,2.0,2.0,100.0,164.19,1.0,1.0,50.0,82.09,0.0,0.0,0.0,0.0,2.0,2.0,100.0,164.19,0.0,0.0,0.0,0.0,1.0,1.0,50.0,82.09,0.0,0.0,0.0,0.0,0.0,0.0,0.0,0.0,0.0,0.0,0.0,0.0,0.0,0.0,0.0,0.0,0.0,0.0,0.0,0.0,0.0,0.0,0.0,0.0,0.0,0.0,0.0,109.46,0.0,0.0,0.0,0.44,0.44,0.0,0.0,0.0,,0.5,0.0,,0.0,1.0,0.67,0.0,0.0,0.0,0.0,2.0
5,新北中信特攻,40|47|10879|10880|10881,謝亞軒/曾文鼎/簡廷兆/內馬/飛克,1,4,5.0,49.0,0.82,00:49,49.0,0.82,00:49,0.0,0.0,0.0,0.0,0.0,0.0,0.0,0.0,1.0,1.0,20.0,44.08,0.0,0.0,0.0,0.0,1.0,1.0,20.0,44.08,0.0,0.0,0.0,0.0,0.0,0.0,0.0,0.0,0.0,0.0,0.0,0.0,0.0,0.0,0.0,0.0,0.0,0.0,0.0,0.0,0.0,0.0,0.0,0.0,1.0,1.0,20.0,44.08,0.0,0.0,0.0,0.0,1.0,1.0,20.0,44.08,1.0,1.0,20.0,44.08,0.0,0.0,0.0,0.0,0.0,0.0,0.0,0.0,0.0,0.0,0.0,0.0,0.0,0.0,0.0,0.0,0.0,0.0,0.0,0.0,0.0,0.0,0.0,146.94,0.0,0.0,0.0,0.82,0.82,0.0,0.0,0.0,,,0.5,,0.0,1.0,0.5,0.0,0.0,0.0,0.0,0.0
5,新北中信特攻,40|47|10877|10879|10881,謝亞軒/曾文鼎/阿巴西/簡廷兆/飛克,1,6,7.0,65.69,1.09,01:06,65.69,1.09,01:06,3.0,3.0,42.86,98.64,7.0,7.0,100.0,230.16,4.0,4.0,57.14,131.52,1.0,1.0,14.29,32.88,0.0,0.0,0.0,0.0,0.0,0.0,0.0,0.0,4.0,4.0,57.14,131.52,1.0,1.0,14.29,32.88,0.0,0.0,0.0,0.0,0.0,0.0,0.0,0.0,1.0,1.0,14.29,32.88,2.0,2.0,28.57,65.76,0.0,0.0,0.0,0.0,0.0,0.0,0.0,0.0,0.0,0.0,0.0,0.0,1.0,1.0,14.29,32.88,0.0,0.0,0.0,0.0,0.0,0.0,0.0,0.0,0.0,0.0,0.0,0.0,2.0,2.0,28.57,65.76,42.86,100.0,-57.14,153.44,-4.0,-4.0,-57.14,1.09,1.09,0.38,0.38,,0.25,,0.0,1.0,1.0,1.0,1.0,0.0,0.0,0.0,28.57,0.0
5,新北中信特攻,43|47|10877|10879|10881,林韋翰/曾文鼎/阿巴西/簡廷兆/飛克,1,10,14.0,140.1,2.33,02:20,140.1,2.33,02:20,6.0,6.0,42.86,92.51,8.0,8.0,57.14,123.34,8.0,8.0,57.14,123.34,2.0,2.0,14.29,30.84,2.0,2.0,14.29,30.84,0.0,0.0,0.0,0.0,6.0,6.0,42.86,92.51,2.0,2.0,14.29,30.84,0.0,0.0,0.0,0.0,0.0,0.0,0.0,0.0,3.0,3.0,21.43,46.25,3.0,3.0,21.43,46.25,1.0,1.0,7.14,15.42,2.0,2.0,14.29,30.84,0.0,0.0,0.0,0.0,2.0,2.0,14.29,30.84,0.0,0.0,0.0,0.0,0.0,0.0,0.0,0.0,0.0,0.0,0.0,0.0,2.0,2.0,14.29,30.84,42.86,57.14,-14.29,143.9,-2.0,-2.0,-14.29,2.33,2.33,0.38,0.38,0.0,0.33,,0.0,1.0,0.6,0.75,0.67,0.0,0.0,0.0,14.29,0.0
5,新北中信特攻,43|47|10877|10879|10880,林韋翰/曾文鼎/阿巴西/簡廷兆/內馬,1,8,10.0,173.0,2.88,02:53,173.0,2.88,02:53,4.0,4.0,40.0,49.94,2.0,2.0,20.0,24.97,5.0,5.0,50.0,62.43,2.0,2.0,20.0,24.97,3.0,3.0,30.0,37.46,2.0,2.0,20.0,24.97,2.0,2.0,20.0,24.97,0.0,0.0,0.0,0.0,0.0,0.0,0.0,0.0,0.0,0.0,0.0,0.0,1.0,1.0,10.0,12.49,2.0,2.0,20.0,24.97,1.0,1.0,10.0,12.49,2.0,2.0,20.0,24.97,0.0,0.0,0.0,0.0,1.0,1.0,10.0,12.49,0.0,0.0,0.0,0.0,0.0,0.0,0.0,0.0,0.0,0.0,0.0,0.0,0.0,0.0,0.0,0.0,40.0,20.0,20.0,83.24,2.0,2.0,20.0,2.88,2.88,0.4,0.4,0.67,0.0,,0.0,0.5,0.33,0.67,0.5,0.0,0.0,0.0,0.0,0.0
5,新北國王,24|29|10872|13029|14038,蘇士軒/林書緯/林彥廷/杰倫/飛米,2,16,18.0,303.26,5.05,05:03,151.63,2.53,02:32,11.0,5.5,61.11,78.35,7.0,3.5,38.89,49.86,5.0,2.5,27.78,35.61,3.0,1.5,16.67,21.37,1.0,0.5,5.56,7.12,1.0,0.5,5.56,7.12,4.0,2.0,22.22,28.49,2.0,1.0,11.11,14.25,3.0,1.5,16.67,21.37,3.0,1.5,16.67,21.37,0.0,0.0,0.0,0.0,2.0,1.0,11.11,14.25,1.0,0.5,5.56,7.12,4.0,2.0,22.22,28.49,2.0,1.0,11.11,14.25,3.0,1.5,16.67,21.37,2.0,1.0,11.11,14.25,0.0,0.0,0.0,0.0,0.0,0.0,0.0,0.0,1.0,0.5,5.56,7.12,61.11,38.89,22.22,85.47,4.0,2.0,22.22,5.05,2.53,0.8,0.87,1.0,0.5,1.0,0.24,1.0,0.0,0.67,0.29,11.11,0.0,0.0,5.56,0.6
5,新北中信特攻,40|113|10877|10879|10881,謝亞軒/林任鴻/阿巴西/簡廷兆/飛克,1,2,2.0,47.15,0.79,00:47,47.15,0.79,00:47,0.0,0.0,0.0,0.0,0.0,0.0,0.0,0.0,0.0,0.0,0.0,0.0,0.0,0.0,0.0,0.0,0.0,0.0,0.0,0.0,0.0,0.0,0.0,0.0,0.0,0.0,0.0,0.0,0.0,0.0,0.0,0.0,2.0,2.0,100.0,91.62,2.0,2.0,100.0,91.62,0.0,0.0,0.0,0.0,0.0,0.0,0.0,0.0,0.0,0.0,0.0,0.0,0.0,0.0,0.0,0.0,1.0,1.0,50.0,45.81,0.0,0.0,0.0,0.0,0.0,0.0,0.0,0.0,0.0,0.0,0.0,0.0,0.0,0.0,0.0,0.0,0.0,0.0,0.0,0.0,0.0,0.0,0.0,61.08,0.0,0.0,0.0,0.79,0.79,,0.0,,,1.0,0.53,,,,,0.0,0.0,0.0,0.0,
5,新北中信特攻,40|43|113|10877|10881,謝亞軒/林韋翰/林任鴻/阿巴西/飛克,1,6,6.0,81.7,1.36,01:22,81.7,1.36,01:22,2.0,2.0,33.33,52.87,4.0,4.0,66.67,105.75,3.0,3.0,50.0,79.31,1.0,1.0,16.67,26.44,1.0,1.0,16.67,26.44,1.0,1.0,16.67,26.44,2.0,2.0,33.33,52.87,0.0,0.0,0.0,0.0,0.0,0.0,0.0,0.0,0.0,0.0,0.0,0.0,0.0,0.0,0.0,0.0,2.0,2.0,33.33,52.87,0.0,0.0,0.0,0.0,1.0,1.0,16.67,26.44,0.0,0.0,0.0,0.0,0.0,0.0,0.0,0.0,0.0,0.0,0.0,0.0,0.0,0.0,0.0,0.0,1.0,1.0,16.67,26.44,2.0,2.0,33.33,52.87,33.33,66.67,-33.33,105.75,-2.0,-2.0,-33.33,1.36,1.36,0.33,0.33,1.0,0.0,,0.0,0.0,0.0,1.0,0.67,0.0,0.0,0.17,33.33,0.0
5,新北中信特攻,40|43|10877|10879|10881,謝亞軒/林韋翰/阿巴西/簡廷兆/飛克,1,4,5.0,64.45,1.07,01:04,64.45,1.07,01:04,1.0,1.0,20.0,33.51,2.0,2.0,40.0,67.02,1.0,1.0,20.0,33.51,0.0,0.0,0.0,0.0,1.0,1.0,20.0,33.51,0.0,0.0,0.0,0.0,0.0,0.0,0.0,0.0,0.0,0.0,0.0,0.0,1.0,1.0,20.0,33.51,1.0,1.0,20.0,33.51,0.0,0.0,0.0,0.0,1.0,1.0,20.0,33.51,1.0,1.0,20.0,33.51,1.0,1.0,20.0,33.51,0.0,0.0,0.0,0.0,0.0,0.0,0.0,0.0,0.0,0.0,0.0,0.0,0.0,0.0,0.0,0.0,0.0,0.0,0.0,0.0,2.0,2.0,40.0,67.02,20.0,40.0,-20.0,111.71,-1.0,-1.0,-20.0,1.07,1.07,0.0,0.35,0.0,,1.0,0.0,,0.0,0.5,0.33,0.0,0.0,0.0,40.0,1.0
5,福爾摩沙夢想家,79|89|103|106|13906,張宗憲/蔣淯安/忻沃克/高柏鎧/班提爾,2,65,77.0,1076.34,17.94,17:56,538.17,8.97,08:58,37.0,18.5,48.05,74.25,31.0,15.5,40.26,62.21,35.0,17.5,45.45,70.24,14.0,7.0,18.18,28.1,20.0,10.0,25.97,40.14,8.0,4.0,10.39,16.05,15.0,7.5,19.48,30.1,6.0,3.0,7.79,12.04,6.0,3.0,7.79,12.04,3.0,1.5,3.9,6.02,4.0,2.0,5.19,8.03,17.0,8.5,22.08,34.12,1.0,0.5,1.3,2.01,14.0,7.0,18.18,28.1,2.0,1.0,2.6,4.01,10.0,5.0,12.99,20.07,2.0,1.0,2.6,4.01,0.0,0.0,0.0,0.0,6.0,3.0,7.79,12.04,3.0,1.5,3.9,6.02,48.05,40.26,7.79,103.02,6.0,3.0,7.79,17.94,8.97,0.49,0.49,0.4,0.4,0.5,0.05,0.71,0.22,0.94,0.58,2.6,0.0,0.08,3.9,0.17
5,新竹御嵿攻城獅,75|76|10885|10887|10888,高國豪/曾柏喻/劉丞勳/德魯/帕塞獅,2,72,85.0,1216.93,20.28,20:17,608.47,10.14,10:08,37.0,18.5,43.53,65.67,40.0,20.0,47.06,71.0,33.0,16.5,38.82,58.57,13.0,6.5,15.29,23.07,23.0,11.5,27.06,40.82,10.0,5.0,11.76,17.75,10.0,5.0,11.76,17.75,3.0,1.5,3.53,5.32,9.0,4.5,10.59,15.97,8.0,4.0,9.41,14.2,6.0,3.0,7.06,10.65,15.0,7.5,17.65,26.62,3.0,1.5,3.53,5.32,14.0,7.0,16.47,24.85,5.0,2.5,5.88,8.87,6.0,3.0,7.06,10.65,3.0,1.5,3.53,5.32,2.0,1.0,2.35,3.55,9.0,4.5,10.59,15.97,7.0,3.5,8.24,12.42,43.53,47.06,-3.53,100.58,-3.0,-1.5,-3.53,20.28,10.14,0.44,0.5,0.43,0.3,0.89,0.12,0.46,0.3,0.83,0.55,3.53,2.35,0.11,8.24,0.27
5,福爾摩沙夢想家,79|89|103|107|13906,張宗憲/蔣淯安/忻沃克/霍爾曼/班提爾,4,52,58.0,787.29,13.12,13:07,196.82,3.28,03:17,22.0,5.5,37.93,60.36,26.0,6.5,44.83,71.33,22.0,5.5,37.93,60.36,7.0,1.75,12.07,19.21,10.0,2.5,17.24,27.44,3.0,0.75,5.17,8.23,12.0,3.0,20.69,32.92,4.0,1.0,6.9,10.97,6.0,1.5,10.34,16.46,4.0,1.0,6.9,10.97,4.0,1.0,6.9,10.97,11.0,2.75,18.97,30.18,2.0,0.5,3.45,5.49,9.0,2.25,15.52,24.69,3.0,0.75,5.17,8.23,6.0,1.5,10.34,16.46,1.0,0.25,1.72,2.74,1.0,0.25,1.72,2.74,3.0,0.75,5.17,8.23,8.0,2.0,13.79,21.95,37.93,44.83,-6.9,106.08,-4.0,-1.0,-6.9,13.12,3.28,0.41,0.45,0.3,0.33,0.67,0.11,0.86,0.31,0.85,0.58,1.72,1.72,0.05,13.79,0.27
5,新竹御嵿攻城獅,75|76|10885|10887|14843,高國豪/曾柏喻/劉丞勳/德魯/馬力,3,92,105.0,1466.63,24.44,24:27,488.88,8.15,08:09,47.0,15.67,44.76,69.22,56.0,18.67,53.33,82.47,35.0,11.67,33.33,51.55,15.0,5.0,14.29,22.09,18.0,6.0,17.14,26.51,8.0,2.67,7.62,11.78,17.0,5.67,16.19,25.04,7.0,2.33,6.67,10.31,14.0,4.67,13.33,20.62,10.0,3.33,9.52,14.73,5.0,1.67,4.76,7.36,18.0,6.0,17.14,26.51,4.0,1.33,3.81,5.89,16.0,5.33,15.24,23.56,10.0,3.33,9.52,14.73,13.0,4.33,12.38,19.15,6.0,2.0,5.71,8.84,0.0,0.0,0.0,0.0,14.0,4.67,13.33,20.62,11.0,3.67,10.48,16.2,44.76,53.33,-8.57,103.09,-9.0,-3.0,-8.57,24.44,8.15,0.53,0.57,0.44,0.41,0.71,0.2,0.87,0.24,0.82,0.53,5.71,0.0,0.13,10.48,0.4
5,福爾摩沙夢想家,79|89|99|107|13906,張宗憲/蔣淯安/盧冠良/霍爾曼/班提爾,2,13,14.0,201.25,3.35,03:21,100.63,1.68,01:41,12.0,6.0,85.71,128.79,4.0,2.0,28.57,42.93,6.0,3.0,42.86,64.4,4.0,2.0,28.57,42.93,4.0,2.0,28.57,42.93,2.0,1.0,14.29,21.47,2.0,1.0,14.29,21.47,2.0,1.0,14.29,21.47,2.0,1.0,14.29,21.47,2.0,1.0,14.29,21.47,1.0,0.5,7.14,10.73,1.0,0.5,7.14,10.73,0.0,0.0,0.0,0.0,4.0,2.0,28.57,42.93,0.0,0.0,0.0,0.0,4.0,2.0,28.57,42.93,0.0,0.0,0.0,0.0,1.0,0.5,7.14,10.73,1.0,0.5,7.14,10.73,4.0,2.0,28.57,42.93,85.71,28.57,57.14,100.17,8.0,4.0,57.14,3.35,1.68,0.83,0.87,0.5,1.0,1.0,0.0,1.0,0.2,1.0,0.33,0.0,7.14,0.07,28.57,0.33
5,福爾摩沙夢想家,73|86|99|106|107,陳振傑/林俊吉/盧冠良/高柏鎧/霍爾曼,1,12,13.0,220.9,3.68,03:41,220.9,3.68,03:41,8.0,8.0,61.54,78.23,7.0,7.0,53.85,68.45,6.0,6.0,46.15,58.67,3.0,3.0,23.08,29.33,3.0,3.0,23.08,29.33,2.0,2.0,15.38,19.56,3.0,3.0,23.08,29.33,1.0,1.0,7.69,9.78,1.0,1.0,7.69,9.78,1.0,1.0,7.69,9.78,1.0,1.0,7.69,9.78,2.0,2.0,15.38,19.56,0.0,0.0,0.0,0.0,3.0,3.0,23.08,29.33,1.0,1.0,7.69,9.78,1.0,1.0,7.69,9.78,0.0,0.0,0.0,0.0,0.0,0.0,0.0,0.0,1.0,1.0,7.69,9.78,0.0,0.0,0.0,0.0,61.54,53.85,7.69,84.74,1.0,1.0,7.69,3.68,3.68,0.58,0.62,0.67,0.33,1.0,0.13,0.33,0.25,1.0,0.5,0.0,0.0,0.08,0.0,0.17
5,新竹御嵿攻城獅,76|87|88|10887|14843,曾柏喻/蔡宸綱/盧冠軒/德魯/馬力,2,27,31.0,403.03,6.72,06:43,201.52,3.36,03:22,14.0,7.0,45.16,75.03,17.0,8.5,54.84,91.11,11.0,5.5,35.48,58.95,6.0,3.0,19.35,32.16,6.0,3.0,19.35,32.16,4.0,2.0,12.9,21.44,5.0,2.5,16.13,26.8,2.0,1.0,6.45,10.72,0.0,0.0,0.0,0.0,0.0,0.0,0.0,0.0,0.0,0.0,0.0,0.0,4.0,2.0,12.9,21.44,2.0,1.0,6.45,10.72,5.0,2.5,16.13,26.8,3.0,1.5,9.68,16.08,5.0,2.5,16.13,26.8,1.0,0.5,3.23,5.36,1.0,0.5,3.23,5.36,3.0,1.5,9.68,16.08,4.0,2.0,12.9,21.44,45.16,54.84,-9.68,110.76,-3.0,-1.5,-9.68,6.72,3.36,0.64,0.64,0.67,0.4,,0.21,0.83,0.0,0.67,0.36,3.23,3.23,0.1,12.9,0.0
5,新竹御嵿攻城獅,75|87|88|10887|14843,高國豪/蔡宸綱/盧冠軒/德魯/馬力,2,40,48.0,662.46,11.04,11:02,331.23,5.52,05:31,17.0,8.5,35.42,55.43,21.0,10.5,43.75,68.47,16.0,8.0,33.33,52.17,5.0,2.5,10.42,16.3,11.0,5.5,22.92,35.87,5.0,2.5,10.42,16.3,5.0,2.5,10.42,16.3,0.0,0.0,0.0,0.0,11.0,5.5,22.92,35.87,7.0,3.5,14.58,22.82,3.0,1.5,6.25,9.78,8.0,4.0,16.67,26.08,2.0,1.0,4.17,6.52,8.0,4.0,16.67,26.08,4.0,2.0,8.33,13.04,5.0,2.5,10.42,16.3,4.0,2.0,8.33,13.04,1.0,0.5,2.08,3.26,10.0,5.0,20.83,32.61,3.0,1.5,6.25,9.78,35.42,43.75,-8.33,104.34,-4.0,-2.0,-8.33,11.04,5.52,0.31,0.41,0.45,0.0,0.64,0.16,1.0,0.27,0.8,0.52,8.33,2.08,0.21,6.25,0.69
5,福爾摩沙夢想家,86|99|103|106|107,林俊吉/盧冠良/忻沃克/高柏鎧/霍爾曼,1,2,2.0,34.36,0.57,00:34,34.36,0.57,00:34,3.0,3.0,150.0,188.56,1.0,1.0,50.0,62.85,1.0,1.0,50.0,62.85,1.0,1.0,50.0,62.85,0.0,0.0,0.0,0.0,0.0,0.0,0.0,0.0,1.0,1.0,50.0,62.85,1.0,1.0,50.0,62.85,0.0,0.0,0.0,0.0,0.0,0.0,0.0,0.0,0.0,0.0,0.0,0.0,0.0,0.0,0.0,0.0,0.0,0.0,0.0,0.0,0.0,0.0,0.0,0.0,0.0,0.0,0.0,0.0,1.0,1.0,50.0,62.85,0.0,0.0,0.0,0.0,0.0,0.0,0.0,0.0,0.0,0.0,0.0,0.0,2.0,2.0,100.0,125.71,150.0,50.0,100.0,83.81,2.0,2.0,100.0,0.57,0.57,1.5,1.5,,1.0,,0.0,1.0,,,,0.0,0.0,0.0,100.0,0.0
5,福爾摩沙夢想家,79|86|103|106|13906,張宗憲/林俊吉/忻沃克/高柏鎧/班提爾,1,1,1.0,0.43,0.01,00:00,0.43,0.01,00:00,0.0,0.0,0.0,0.0,0.0,0.0,0.0,0.0,0.0,0.0,0.0,0.0,0.0,0.0,0.0,0.0,0.0,0.0,0.0,0.0,0.0,0.0,0.0,0.0,0.0,0.0,0.0,0.0,0.0,0.0,0.0,0.0,0.0,0.0,0.0,0.0,0.0,0.0,0.0,0.0,0.0,0.0,0.0,0.0,0.0,0.0,0.0,0.0,0.0,0.0,0.0,0.0,0.0,0.0,0.0,0.0,0.0,0.0,0.0,0.0,0.0,0.0,0.0,0.0,0.0,0.0,0.0,0.0,0.0,0.0,0.0,0.0,0.0,0.0,0.0,0.0,2.0,2.0,200.0,10069.93,0.0,0.0,0.0,3356.64,0.0,0.0,0.0,0.01,0.01,,,,,,,,,,,0.0,0.0,0.0,200.0,
5,福爾摩沙夢想家,79|86|95|103|13906,張宗憲/林俊吉/李德威/忻沃克/班提爾,1,1,1.0,13.43,0.22,00:13,13.43,0.22,00:13,0.0,0.0,0.0,0.0,2.0,2.0,200.0,321.69,0.0,0.0,0.0,0.0,0.0,0.0,0.0,0.0,0.0,0.0,0.0,0.0,0.0,0.0,0.0,0.0,0.0,0.0,0.0,0.0,0.0,0.0,0.0,0.0,0.0,0.0,0.0,0.0,0.0,0.0,0.0,0.0,0.0,0.0,0.0,0.0,0.0,0.0,0.0,0.0,0.0,0.0,0.0,0.0,0.0,0.0,0.0,0.0,0.0,0.0,0.0,0.0,0.0,0.0,0.0,0.0,0.0,0.0,0.0,0.0,0.0,0.0,0.0,0.0,1.0,1.0,100.0,160.85,2.0,2.0,200.0,321.69,0.0,200.0,-200.0,107.23,-2.0,-2.0,-200.0,0.22,0.22,,,,,,,,,,,0.0,0.0,1.0,200.0,
5,福爾摩沙夢想家,79|86|103|107|13906,張宗憲/林俊吉/忻沃克/霍爾曼/班提爾,1,29,34.0,499.12,8.32,08:19,499.12,8.32,08:19,17.0,17.0,50.0,73.57,22.0,22.0,64.71,95.21,15.0,15.0,44.12,64.91,7.0,7.0,20.59,30.29,8.0,8.0,23.53,34.62,5.0,5.0,14.71,21.64,7.0,7.0,20.59,30.29,2.0,2.0,5.88,8.66,2.0,2.0,5.88,8.66,1.0,1.0,2.94,4.33,1.0,1.0,2.94,4.33,7.0,7.0,20.59,30.29,1.0,1.0,2.94,4.33,3.0,3.0,8.82,12.98,1.0,1.0,2.94,4.33,1.0,1.0,2.94,4.33,1.0,1.0,2.94,4.33,0.0,0.0,0.0,0.0,2.0,2.0,5.88,8.66,4.0,4.0,11.76,17.31,50.0,64.71,-14.71,98.09,-5.0,-5.0,-14.71,8.32,8.32,0.53,0.54,0.62,0.29,0.5,0.06,0.14,0.25,0.88,0.67,2.94,0.0,0.06,11.76,0.13
5,福爾摩沙夢想家,77|89|103|107|13906,馬建豪/蔣淯安/忻沃克/霍爾曼/班提爾,4,38,45.0,670.85,11.18,11:11,167.71,2.8,02:48,18.0,4.5,40.0,57.96,11.0,2.75,24.44,35.42,17.0,4.25,37.78,54.74,6.0,1.5,13.33,19.32,10.0,2.5,22.22,32.2,6.0,1.5,13.33,19.32,7.0,1.75,15.56,22.54,0.0,0.0,0.0,0.0,8.0,2.0,17.78,25.76,6.0,1.5,13.33,19.32,4.0,1.0,8.89,12.88,8.0,2.0,17.78,25.76,2.0,0.5,4.44,6.44,9.0,2.25,20.0,28.98,4.0,1.0,8.89,12.88,4.0,1.0,8.89,12.88,2.0,0.5,4.44,6.44,0.0,0.0,0.0,0.0,5.0,1.25,11.11,16.1,5.0,1.25,11.11,16.1,40.0,24.44,15.56,96.59,7.0,1.75,15.56,11.18,2.8,0.35,0.44,0.6,0.0,0.75,0.16,0.67,0.31,0.8,0.52,4.44,0.0,0.11,11.11,0.47
5,新竹御嵿攻城獅,75|87|88|10888|14843,高國豪/蔡宸綱/盧冠軒/帕塞獅/馬力,1,28,34.0,545.32,9.09,09:05,545.32,9.09,09:05,21.0,21.0,61.76,83.18,16.0,16.0,47.06,63.38,15.0,15.0,44.12,59.41,9.0,9.0,26.47,35.65,8.0,8.0,23.53,31.69,7.0,7.0,20.59,27.73,7.0,7.0,20.59,27.73,2.0,2.0,5.88,7.92,2.0,2.0,5.88,7.92,1.0,1.0,2.94,3.96,4.0,4.0,11.76,15.84,2.0,2.0,5.88,7.92,2.0,2.0,5.88,7.92,4.0,4.0,11.76,15.84,1.0,1.0,2.94,3.96,6.0,6.0,17.65,23.77,1.0,1.0,2.94,3.96,0.0,0.0,0.0,0.0,1.0,1.0,2.94,3.96,2.0,2.0,5.88,7.92,61.76,47.06,14.71,89.78,5.0,5.0,14.71,9.09,9.09,0.67,0.66,0.88,0.29,0.5,0.06,0.67,0.5,0.5,0.5,2.94,0.0,0.03,5.88,0.13
5,福爾摩沙夢想家,77|89|103|106|107,馬建豪/蔣淯安/忻沃克/高柏鎧/霍爾曼,1,8,9.0,127.86,2.13,02:08,127.86,2.13,02:08,4.0,4.0,44.44,67.57,8.0,8.0,88.89,135.14,3.0,3.0,33.33,50.68,2.0,2.0,22.22,33.79,2.0,2.0,22.22,33.79,2.0,2.0,22.22,33.79,1.0,1.0,11.11,16.89,0.0,0.0,0.0,0.0,0.0,0.0,0.0,0.0,0.0,0.0,0.0,0.0,0.0,0.0,0.0,0.0,1.0,1.0,11.11,16.89,0.0,0.0,0.0,0.0,0.0,0.0,0.0,0.0,1.0,1.0,11.11,16.89,1.0,1.0,11.11,16.89,0.0,0.0,0.0,0.0,0.0,0.0,0.0,0.0,0.0,0.0,0.0,0.0,2.0,2.0,22.22,33.79,44.44,88.89,-44.44,101.36,-4.0,-4.0,-44.44,2.13,2.13,0.67,0.67,1.0,0.0,,0.25,0.5,,1.0,1.0,0.0,0.0,0.0,22.22,0.0
5,福爾摩沙夢想家,77|79|89|106|13906,馬建豪/張宗憲/蔣淯安/高柏鎧/班提爾,2,17,22.0,257.16,4.29,04:17,128.58,2.14,02:09,8.0,4.0,36.36,67.2,4.0,2.0,18.18,33.6,8.0,4.0,36.36,67.2,3.0,1.5,13.64,25.2,6.0,3.0,27.27,50.4,1.0,0.5,4.55,8.4,2.0,1.0,9.09,16.8,2.0,1.0,9.09,16.8,2.0,1.0,9.09,16.8,0.0,0.0,0.0,0.0,2.0,1.0,9.09,16.8,4.0,2.0,18.18,33.6,2.0,1.0,9.09,16.8,3.0,1.5,13.64,25.2,1.0,0.5,4.55,8.4,2.0,1.0,9.09,16.8,0.0,0.0,0.0,0.0,2.0,1.0,9.09,16.8,3.0,1.5,13.64,25.2,2.0,1.0,9.09,16.8,36.36,18.18,18.18,123.19,4.0,2.0,18.18,4.29,2.14,0.5,0.45,0.17,1.0,0.0,0.1,0.67,0.4,0.67,0.55,0.0,9.09,0.14,9.09,0.25
5,新竹御嵿攻城獅,76|87|88|10888|14843,曾柏喻/蔡宸綱/盧冠軒/帕塞獅/馬力,2,27,32.0,397.29,6.62,06:37,198.64,3.31,03:19,13.0,6.5,40.62,70.68,9.0,4.5,28.12,48.93,11.0,5.5,34.38,59.81,5.0,2.5,15.62,27.18,9.0,4.5,28.12,48.93,4.0,2.0,12.5,21.75,2.0,1.0,6.25,10.87,1.0,0.5,3.12,5.44,2.0,1.0,6.25,10.87,2.0,1.0,6.25,10.87,2.0,1.0,6.25,10.87,4.0,2.0,12.5,21.75,0.0,0.0,0.0,0.0,5.0,2.5,15.62,27.18,4.0,2.0,12.5,21.75,3.0,1.5,9.38,16.31,2.0,1.0,6.25,10.87,1.0,0.5,3.12,5.44,3.0,1.5,9.38,16.31,2.0,1.0,6.25,10.87,40.62,28.12,12.5,115.99,4.0,2.0,12.5,6.62,3.31,0.5,0.55,0.44,0.5,1.0,0.25,0.6,0.29,1.0,0.55,6.25,3.12,0.09,6.25,0.18
5,福爾摩沙夢想家,77|79|89|107|13906,馬建豪/張宗憲/蔣淯安/霍爾曼/班提爾,3,32,40.0,552.33,9.21,09:12,184.11,3.07,03:04,24.0,8.0,60.0,93.86,20.0,6.67,50.0,78.21,13.0,4.33,32.5,50.84,7.0,2.33,17.5,27.37,10.0,3.33,25.0,39.11,6.0,2.0,15.0,23.46,3.0,1.0,7.5,11.73,1.0,0.33,2.5,3.91,10.0,3.33,25.0,39.11,9.0,3.0,22.5,35.2,5.0,1.67,12.5,19.55,2.0,0.67,5.0,7.82,2.0,0.67,5.0,7.82,4.0,1.33,10.0,15.64,2.0,0.67,5.0,7.82,4.0,1.33,10.0,15.64,1.0,0.33,2.5,3.91,1.0,0.33,2.5,3.91,8.0,2.67,20.0,31.29,2.0,0.67,5.0,7.82,60.0,50.0,10.0,104.28,4.0,1.33,10.0,9.21,3.07,0.58,0.69,0.6,0.33,0.9,0.1,0.57,0.56,0.5,0.54,2.5,2.5,0.2,5.0,0.77
5,福爾摩沙夢想家,79|86|89|107|13906,張宗憲/林俊吉/蔣淯安/霍爾曼/班提爾,1,11,13.0,145.0,2.42,02:25,145.0,2.42,02:25,3.0,3.0,23.08,44.69,5.0,5.0,38.46,74.48,5.0,5.0,38.46,74.48,1.0,1.0,7.69,14.9,3.0,3.0,23.08,44.69,1.0,1.0,7.69,14.9,2.0,2.0,15.38,29.79,0.0,0.0,0.0,0.0,2.0,2.0,15.38,29.79,1.0,1.0,7.69,14.9,0.0,0.0,0.0,0.0,3.0,3.0,23.08,44.69,0.0,0.0,0.0,0.0,1.0,1.0,7.69,14.9,1.0,1.0,7.69,14.9,2.0,2.0,15.38,29.79,0.0,0.0,0.0,0.0,1.0,1.0,7.69,14.9,1.0,1.0,7.69,14.9,0.0,0.0,0.0,0.0,23.08,38.46,-15.38,129.1,-2.0,-2.0,-15.38,2.42,2.42,0.2,0.26,0.33,0.0,0.5,0.15,2.0,0.0,1.0,0.75,0.0,7.69,0.08,0.0,0.4
5,新竹御嵿攻城獅,76|88|10885|10888|14843,曾柏喻/盧冠軒/劉丞勳/帕塞獅/馬力,2,16,16.0,183.37,3.06,03:03,91.69,1.53,01:32,6.0,3.0,37.5,70.68,7.0,3.5,43.75,82.46,7.0,3.5,43.75,82.46,2.0,1.0,12.5,23.56,6.0,3.0,37.5,70.68,2.0,1.0,12.5,23.56,1.0,0.5,6.25,11.78,0.0,0.0,0.0,0.0,2.0,1.0,12.5,23.56,2.0,1.0,12.5,23.56,1.0,0.5,6.25,11.78,4.0,2.0,25.0,47.12,0.0,0.0,0.0,0.0,5.0,2.5,31.25,58.9,0.0,0.0,0.0,0.0,1.0,0.5,6.25,11.78,0.0,0.0,0.0,0.0,0.0,0.0,0.0,0.0,2.0,1.0,12.5,23.56,2.0,1.0,12.5,23.56,37.5,43.75,-6.25,125.65,-1.0,-0.5,-6.25,3.06,1.53,0.29,0.38,0.33,0.0,1.0,0.0,0.5,0.17,1.0,0.5,0.0,0.0,0.12,12.5,0.29
5,新竹御嵿攻城獅,75|87|10885|10887|14843,高國豪/蔡宸綱/劉丞勳/德魯/馬力,2,20,27.0,379.0,6.32,06:19,189.5,3.16,03:09,3.0,1.5,11.11,17.1,6.0,3.0,22.22,34.2,8.0,4.0,29.63,45.59,1.0,0.5,3.7,5.7,3.0,1.5,11.11,17.1,0.0,0.0,0.0,0.0,5.0,2.5,18.52,28.5,1.0,0.5,3.7,5.7,0.0,0.0,0.0,0.0,0.0,0.0,0.0,0.0,3.0,1.5,11.11,17.1,5.0,2.5,18.52,28.5,5.0,2.5,18.52,28.5,4.0,2.0,14.81,22.8,4.0,2.0,14.81,22.8,0.0,0.0,0.0,0.0,1.0,0.5,3.7,5.7,1.0,0.5,3.7,5.7,1.0,0.5,3.7,5.7,2.0,1.0,7.41,11.4,11.11,22.22,-11.11,102.59,-3.0,-1.5,-11.11,6.32,3.16,0.19,0.19,0.0,0.2,,0.33,0.0,0.43,0.5,0.47,3.7,3.7,0.04,7.41,0.0
5,福爾摩沙夢想家,89|99|103|107|13906,蔣淯安/盧冠良/忻沃克/霍爾曼/班提爾,3,34,41.0,602.3,10.04,10:02,200.77,3.35,03:21,25.0,8.33,60.98,89.66,18.0,6.0,43.9,64.55,17.0,5.67,41.46,60.97,10.0,3.33,24.39,35.86,10.0,3.33,24.39,35.86,7.0,2.33,17.07,25.1,7.0,2.33,17.07,25.1,3.0,1.0,7.32,10.76,2.0,0.67,4.88,7.17,2.0,0.67,4.88,7.17,1.0,0.33,2.44,3.59,6.0,2.0,14.63,21.52,3.0,1.0,7.32,10.76,9.0,3.0,21.95,32.28,2.0,0.67,4.88,7.17,6.0,2.0,14.63,21.52,1.0,0.33,2.44,3.59,1.0,0.33,2.44,3.59,1.0,0.33,2.44,3.59,3.0,1.0,7.32,10.76,60.98,43.9,17.07,98.02,7.0,2.33,17.07,10.04,3.35,0.68,0.7,0.7,0.43,1.0,0.1,0.6,0.1,0.67,0.37,2.44,2.44,0.02,7.32,0.12
5,福爾摩沙夢想家,77|89|99|107|13906,馬建豪/蔣淯安/盧冠良/霍爾曼/班提爾,4,54,63.0,859.73,14.33,14:20,214.93,3.58,03:35,28.0,7.0,44.44,70.35,18.0,4.5,28.57,45.22,23.0,5.75,36.51,57.79,10.0,2.5,15.87,25.12,14.0,3.5,22.22,35.17,6.0,1.5,9.52,15.07,9.0,2.25,14.29,22.61,4.0,1.0,6.35,10.05,6.0,1.5,9.52,15.07,4.0,1.0,6.35,10.05,3.0,0.75,4.76,7.54,10.0,2.5,15.87,25.12,3.0,0.75,4.76,7.54,12.0,3.0,19.05,30.15,4.0,1.0,6.35,10.05,8.0,2.0,12.7,20.1,1.0,0.25,1.59,2.51,1.0,0.25,1.59,2.51,7.0,1.75,11.11,17.59,6.0,1.5,9.52,15.07,44.44,28.57,15.87,105.52,10.0,2.5,15.87,14.33,3.58,0.52,0.55,0.43,0.44,0.67,0.13,0.8,0.2,0.77,0.46,1.59,1.59,0.11,9.52,0.26
5,福爾摩沙夢想家,77|86|99|106|107,馬建豪/林俊吉/盧冠良/高柏鎧/霍爾曼,1,6,6.0,115.0,1.92,01:55,115.0,1.92,01:55,2.0,2.0,33.33,37.57,5.0,5.0,83.33,93.91,3.0,3.0,50.0,56.35,1.0,1.0,16.67,18.78,2.0,2.0,33.33,37.57,1.0,1.0,16.67,18.78,1.0,1.0,16.67,18.78,0.0,0.0,0.0,0.0,0.0,0.0,0.0,0.0,0.0,0.0,0.0,0.0,0.0,0.0,0.0,0.0,2.0,2.0,33.33,37.57,0.0,0.0,0.0,0.0,1.0,1.0,16.67,18.78,0.0,0.0,0.0,0.0,1.0,1.0,16.67,18.78,0.0,0.0,0.0,0.0,0.0,0.0,0.0,0.0,0.0,0.0,0.0,0.0,0.0,0.0,0.0,0.0,33.33,83.33,-50.0,75.13,-3.0,-3.0,-50.0,1.92,1.92,0.33,0.33,0.5,0.0,,0.0,1.0,0.0,1.0,0.67,0.0,0.0,0.0,0.0,0.0
5,福爾摩沙夢想家,79|86|99|106|107,張宗憲/林俊吉/盧冠良/高柏鎧/霍爾曼,1,6,7.0,85.76,1.43,01:26,85.76,1.43,01:26,2.0,2.0,28.57,50.37,1.0,1.0,14.29,25.19,3.0,3.0,42.86,75.56,0.0,0.0,0.0,0.0,1.0,1.0,14.29,25.19,0.0,0.0,0.0,0.0,2.0,2.0,28.57,50.37,0.0,0.0,0.0,0.0,2.0,2.0,28.57,50.37,2.0,2.0,28.57,50.37,1.0,1.0,14.29,25.19,2.0,2.0,28.57,50.37,0.0,0.0,0.0,0.0,2.0,2.0,28.57,50.37,0.0,0.0,0.0,0.0,0.0,0.0,0.0,0.0,0.0,0.0,0.0,0.0,0.0,0.0,0.0,0.0,1.0,1.0,14.29,25.19,2.0,2.0,28.57,50.37,28.57,14.29,14.29,117.53,1.0,1.0,14.29,1.43,1.43,0.0,0.26,0.0,0.0,1.0,0.0,,0.33,1.0,0.6,0.0,0.0,0.14,28.57,0.67
5,新竹御嵿攻城獅,76|88|10885|10887|14843,曾柏喻/盧冠軒/劉丞勳/德魯/馬力,1,11,13.0,190.73,3.18,03:11,190.73,3.18,03:11,5.0,5.0,38.46,56.62,5.0,5.0,38.46,56.62,3.0,3.0,23.08,33.97,1.0,1.0,7.69,11.32,1.0,1.0,7.69,11.32,0.0,0.0,0.0,0.0,2.0,2.0,15.38,22.65,1.0,1.0,7.69,11.32,4.0,4.0,30.77,45.3,2.0,2.0,15.38,22.65,0.0,0.0,0.0,0.0,3.0,3.0,23.08,33.97,2.0,2.0,15.38,22.65,3.0,3.0,23.08,33.97,1.0,1.0,7.69,11.32,2.0,2.0,15.38,22.65,0.0,0.0,0.0,0.0,0.0,0.0,0.0,0.0,1.0,1.0,7.69,11.32,2.0,2.0,15.38,22.65,38.46,38.46,0.0,98.15,0.0,0.0,0.0,3.18,3.18,0.5,0.53,0.0,0.5,0.5,0.17,2.0,0.0,0.6,0.38,0.0,0.0,0.08,15.38,1.33
5,福爾摩沙夢想家,79|86|99|107|13906,張宗憲/林俊吉/盧冠良/霍爾曼/班提爾,1,10,12.0,138.0,2.3,02:18,138.0,2.3,02:18,7.0,7.0,58.33,109.57,6.0,6.0,50.0,93.91,4.0,4.0,33.33,62.61,1.0,1.0,8.33,15.65,2.0,2.0,16.67,31.3,0.0,0.0,0.0,0.0,2.0,2.0,16.67,31.3,1.0,1.0,8.33,15.65,4.0,4.0,33.33,62.61,4.0,4.0,33.33,62.61,1.0,1.0,8.33,15.65,2.0,2.0,16.67,31.3,0.0,0.0,0.0,0.0,1.0,1.0,8.33,15.65,0.0,0.0,0.0,0.0,1.0,1.0,8.33,15.65,0.0,0.0,0.0,0.0,0.0,0.0,0.0,0.0,2.0,2.0,16.67,31.3,2.0,2.0,16.67,31.3,58.33,50.0,8.33,125.22,1.0,1.0,8.33,2.3,2.3,0.38,0.61,0.0,0.5,1.0,0.0,1.0,0.5,1.0,0.75,0.0,0.0,0.17,16.67,1.0
5,福爾摩沙夢想家,79|89|103|106|107,張宗憲/蔣淯安/忻沃克/高柏鎧/霍爾曼,2,19,22.0,364.28,6.07,06:04,182.14,3.04,03:02,10.0,5.0,45.45,59.29,6.0,3.0,27.27,35.58,6.0,3.0,27.27,35.58,4.0,2.0,18.18,23.72,3.0,1.5,13.64,17.79,3.0,1.5,13.64,17.79,3.0,1.5,13.64,17.79,1.0,0.5,4.55,5.93,2.0,1.0,9.09,11.86,1.0,0.5,4.55,5.93,0.0,0.0,0.0,0.0,2.0,1.0,9.09,11.86,2.0,1.0,9.09,11.86,5.0,2.5,22.73,29.65,3.0,1.5,13.64,17.79,2.0,1.0,9.09,11.86,1.0,0.5,4.55,5.93,0.0,0.0,0.0,0.0,3.0,1.5,13.64,17.79,2.0,1.0,9.09,11.86,45.45,27.27,18.18,86.97,4.0,2.0,18.18,6.07,3.04,0.75,0.73,1.0,0.33,0.5,0.3,0.5,0.0,0.5,0.22,4.55,0.0,0.14,9.09,0.33
5,福爾摩沙夢想家,89|99|103|106|107,蔣淯安/盧冠良/忻沃克/高柏鎧/霍爾曼,1,5,8.0,116.5,1.94,01:57,116.5,1.94,01:57,2.0,2.0,25.0,37.08,4.0,4.0,50.0,74.16,4.0,4.0,50.0,74.16,1.0,1.0,12.5,18.54,3.0,3.0,37.5,55.62,1.0,1.0,12.5,18.54,1.0,1.0,12.5,18.54,0.0,0.0,0.0,0.0,0.0,0.0,0.0,0.0,0.0,0.0,0.0,0.0,2.0,2.0,25.0,37.08,1.0,1.0,12.5,18.54,2.0,2.0,25.0,37.08,0.0,0.0,0.0,0.0,0.0,0.0,0.0,0.0,0.0,0.0,0.0,0.0,0.0,0.0,0.0,0.0,0.0,0.0,0.0,0.0,0.0,0.0,0.0,0.0,0.0,0.0,0.0,0.0,25.0,50.0,-25.0,98.88,-2.0,-2.0,-25.0,1.94,1.94,0.25,0.25,0.33,0.0,,0.0,0.0,1.0,0.33,0.6,0.0,0.0,0.0,0.0,0.0
5,福爾摩沙夢想家,86|89|103|106|13906,林俊吉/蔣淯安/忻沃克/高柏鎧/班提爾,1,11,11.0,150.0,2.5,02:30,150.0,2.5,02:30,6.0,6.0,54.55,86.4,2.0,2.0,18.18,28.8,5.0,5.0,45.45,72.0,3.0,3.0,27.27,43.2,5.0,5.0,45.45,72.0,3.0,3.0,27.27,43.2,0.0,0.0,0.0,0.0,0.0,0.0,0.0,0.0,1.0,1.0,9.09,14.4,0.0,0.0,0.0,0.0,0.0,0.0,0.0,0.0,3.0,3.0,27.27,43.2,1.0,1.0,9.09,14.4,2.0,2.0,18.18,28.8,0.0,0.0,0.0,0.0,2.0,2.0,18.18,28.8,0.0,0.0,0.0,0.0,1.0,1.0,9.09,14.4,2.0,2.0,18.18,28.8,0.0,0.0,0.0,0.0,54.55,18.18,36.36,105.6,4.0,4.0,36.36,2.5,2.5,0.6,0.55,0.6,,0.0,0.0,0.67,0.0,0.75,0.5,0.0,9.09,0.18,0.0,0.2
5,新竹御嵿攻城獅,75|88|10885|10888|14843,高國豪/盧冠軒/劉丞勳/帕塞獅/馬力,3,19,22.0,317.61,5.29,05:18,105.87,1.76,01:46,3.0,1.0,13.64,20.4,9.0,3.0,40.91,61.21,6.0,2.0,27.27,40.8,2.0,0.67,9.09,13.6,2.0,0.67,9.09,13.6,2.0,0.67,9.09,13.6,4.0,1.33,18.18,27.2,0.0,0.0,0.0,0.0,1.0,0.33,4.55,6.8,1.0,0.33,4.55,6.8,0.0,0.0,0.0,0.0,4.0,1.33,18.18,27.2,3.0,1.0,13.64,20.4,5.0,1.67,22.73,34.0,2.0,0.67,9.09,13.6,1.0,0.33,4.55,6.8,0.0,0.0,0.0,0.0,0.0,0.0,0.0,0.0,1.0,0.33,4.55,6.8,2.0,0.67,9.09,13.6,13.64,40.91,-27.27,99.75,-6.0,-2.0,-27.27,5.29,1.76,0.33,0.23,1.0,0.0,1.0,0.24,0.5,0.0,0.57,0.33,0.0,0.0,0.05,9.09,0.17
5,新竹御嵿攻城獅,75|76|87|10888|14843,高國豪/曾柏喻/蔡宸綱/帕塞獅/馬力,1,2,2.0,34.0,0.57,00:34,34.0,0.57,00:34,0.0,0.0,0.0,0.0,0.0,0.0,0.0,0.0,1.0,1.0,50.0,63.53,0.0,0.0,0.0,0.0,1.0,1.0,50.0,63.53,0.0,0.0,0.0,0.0,0.0,0.0,0.0,0.0,0.0,0.0,0.0,0.0,0.0,0.0,0.0,0.0,0.0,0.0,0.0,0.0,0.0,0.0,0.0,0.0,1.0,1.0,50.0,63.53,0.0,0.0,0.0,0.0,1.0,1.0,50.0,63.53,0.0,0.0,0.0,0.0,0.0,0.0,0.0,0.0,0.0,0.0,0.0,0.0,1.0,1.0,50.0,63.53,0.0,0.0,0.0,0.0,0.0,0.0,0.0,0.0,0.0,0.0,0.0,84.71,0.0,0.0,0.0,0.57,0.57,0.0,0.0,0.0,,,0.0,,0.0,1.0,0.5,0.0,50.0,0.0,0.0,0.0
5,福爾摩沙夢想家,86|89|103|107|13906,林俊吉/蔣淯安/忻沃克/霍爾曼/班提爾,1,1,1.0,8.14,0.14,00:08,8.14,0.14,00:08,0.0,0.0,0.0,0.0,0.0,0.0,0.0,0.0,1.0,1.0,100.0,265.42,0.0,0.0,0.0,0.0,0.0,0.0,0.0,0.0,0.0,0.0,0.0,0.0,1.0,1.0,100.0,265.42,0.0,0.0,0.0,0.0,0.0,0.0,0.0,0.0,0.0,0.0,0.0,0.0,0.0,0.0,0.0,0.0,1.0,1.0,100.0,265.42,0.0,0.0,0.0,0.0,0.0,0.0,0.0,0.0,0.0,0.0,0.0,0.0,0.0,0.0,0.0,0.0,0.0,0.0,0.0,0.0,0.0,0.0,0.0,0.0,0.0,0.0,0.0,0.0,0.0,0.0,0.0,0.0,0.0,0.0,0.0,176.95,0.0,0.0,0.0,0.14,0.14,0.0,0.0,,0.0,,0.0,,,1.0,1.0,0.0,0.0,0.0,0.0,0.0
5,新竹御嵿攻城獅,82|87|10885|10887|14843,蕭順議/蔡宸綱/劉丞勳/德魯/馬力,1,1,1.0,8.14,0.14,00:08,8.14,0.14,00:08,0.0,0.0,0.0,0.0,0.0,0.0,0.0,0.0,0.0,0.0,0.0,0.0,0.0,0.0,0.0,0.0,0.0,0.0,0.0,0.0,0.0,0.0,0.0,0.0,0.0,0.0,0.0,0.0,0.0,0.0,0.0,0.0,0.0,0.0,0.0,0.0,0.0,0.0,0.0,0.0,0.0,0.0,0.0,0.0,0.0,0.0,0.0,0.0,0.0,0.0,0.0,0.0,1.0,1.0,100.0,265.42,0.0,0.0,0.0,0.0,0.0,0.0,0.0,0.0,0.0,0.0,0.0,0.0,0.0,0.0,0.0,0.0,0.0,0.0,0.0,0.0,0.0,0.0,0.0,0.0,0.0,0.0,0.0,176.95,0.0,0.0,0.0,0.14,0.14,,,,,,,,0.0,,0.0,0.0,0.0,0.0,0.0,
5,福爾摩沙夢想家,79|89|103|10890|13906,張宗憲/蔣淯安/忻沃克/湯普金斯/班提爾,2,47,56.0,804.43,13.41,13:24,402.22,6.7,06:42,30.0,15.0,53.57,80.55,22.0,11.0,39.29,59.07,19.0,9.5,33.93,51.02,11.0,5.5,19.64,29.54,13.0,6.5,23.21,34.91,8.0,4.0,14.29,21.48,6.0,3.0,10.71,16.11,3.0,1.5,5.36,8.06,7.0,3.5,12.5,18.8,5.0,2.5,8.93,13.43,2.0,1.0,3.57,5.37,5.0,2.5,8.93,13.43,5.0,2.5,8.93,13.43,7.0,3.5,12.5,18.8,3.0,1.5,5.36,8.06,7.0,3.5,12.5,18.8,1.0,0.5,1.79,2.69,0.0,0.0,0.0,0.0,7.0,3.5,12.5,18.8,4.0,2.0,7.14,10.74,53.57,39.29,14.29,100.24,8.0,4.0,14.29,13.41,6.7,0.66,0.68,0.62,0.5,0.71,0.12,0.64,0.22,0.5,0.37,1.79,0.0,0.12,7.14,0.37
5,福爾摩沙夢想家,77|86|99|107|10890,馬建豪/林俊吉/盧冠良/霍爾曼/湯普金斯,1,9,10.0,134.0,2.23,02:14,134.0,2.23,02:14,2.0,2.0,20.0,32.24,7.0,7.0,70.0,112.84,4.0,4.0,40.0,64.48,1.0,1.0,10.0,16.12,2.0,2.0,20.0,32.24,1.0,1.0,10.0,16.12,2.0,2.0,20.0,32.24,0.0,0.0,0.0,0.0,0.0,0.0,0.0,0.0,0.0,0.0,0.0,0.0,1.0,1.0,10.0,16.12,2.0,2.0,20.0,32.24,0.0,0.0,0.0,0.0,1.0,1.0,10.0,16.12,2.0,2.0,20.0,32.24,0.0,0.0,0.0,0.0,2.0,2.0,20.0,32.24,0.0,0.0,0.0,0.0,0.0,0.0,0.0,0.0,0.0,0.0,0.0,0.0,20.0,70.0,-50.0,107.46,-5.0,-5.0,-50.0,2.23,2.23,0.25,0.25,0.5,0.0,,0.33,0.0,0.5,1.0,0.75,20.0,0.0,0.0,0.0,0.0
5,福爾摩沙夢想家,77|86|107|10890|13906,馬建豪/林俊吉/霍爾曼/湯普金斯/班提爾,1,4,5.0,40.29,0.67,00:40,40.29,0.67,00:40,0.0,0.0,0.0,0.0,0.0,0.0,0.0,0.0,2.0,2.0,40.0,107.23,0.0,0.0,0.0,0.0,1.0,1.0,20.0,53.61,0.0,0.0,0.0,0.0,1.0,1.0,20.0,53.61,0.0,0.0,0.0,0.0,0.0,0.0,0.0,0.0,0.0,0.0,0.0,0.0,0.0,0.0,0.0,0.0,2.0,2.0,40.0,107.23,0.0,0.0,0.0,0.0,2.0,2.0,40.0,107.23,0.0,0.0,0.0,0.0,0.0,0.0,0.0,0.0,0.0,0.0,0.0,0.0,0.0,0.0,0.0,0.0,0.0,0.0,0.0,0.0,0.0,0.0,0.0,0.0,0.0,0.0,0.0,178.71,0.0,0.0,0.0,0.67,0.67,0.0,0.0,0.0,0.0,,0.0,,0.0,1.0,0.5,0.0,0.0,0.0,0.0,0.0
5,福爾摩沙夢想家,77|79|89|10890|13906,馬建豪/張宗憲/蔣淯安/湯普金斯/班提爾,2,23,28.0,372.0,6.2,06:12,186.0,3.1,03:06,13.0,6.5,46.43,75.48,8.0,4.0,28.57,46.45,11.0,5.5,39.29,63.87,5.0,2.5,17.86,29.03,6.0,3.0,21.43,34.84,3.0,1.5,10.71,17.42,5.0,2.5,17.86,29.03,2.0,1.0,7.14,11.61,1.0,0.5,3.57,5.81,1.0,0.5,3.57,5.81,1.0,0.5,3.57,5.81,5.0,2.5,17.86,29.03,3.0,1.5,10.71,17.42,4.0,2.0,14.29,23.23,0.0,0.0,0.0,0.0,3.0,1.5,10.71,17.42,0.0,0.0,0.0,0.0,2.0,1.0,7.14,11.61,1.0,0.5,3.57,5.81,3.0,1.5,10.71,17.42,46.43,28.57,17.86,108.39,5.0,2.5,17.86,6.2,3.1,0.55,0.57,0.5,0.4,1.0,0.0,0.6,0.2,0.62,0.46,0.0,7.14,0.04,10.71,0.09
5,福爾摩沙夢想家,79|89|103|107|10890,張宗憲/蔣淯安/忻沃克/霍爾曼/湯普金斯,2,27,31.0,412.0,6.87,06:52,206.0,3.43,03:26,15.0,7.5,48.39,78.64,12.0,6.0,38.71,62.91,10.0,5.0,32.26,52.43,6.0,3.0,19.35,31.46,5.0,2.5,16.13,26.21,4.0,2.0,12.9,20.97,5.0,2.5,16.13,26.21,2.0,1.0,6.45,10.49,2.0,1.0,6.45,10.49,1.0,0.5,3.23,5.24,2.0,1.0,6.45,10.49,2.0,1.0,6.45,10.49,3.0,1.5,9.68,15.73,5.0,2.5,16.13,26.21,4.0,2.0,12.9,20.97,4.0,2.0,12.9,20.97,1.0,0.5,3.23,5.24,0.0,0.0,0.0,0.0,1.0,0.5,3.23,5.24,1.0,0.5,3.23,5.24,48.39,38.71,9.68,108.35,3.0,1.5,9.68,6.87,3.43,0.7,0.69,0.8,0.4,0.5,0.27,0.67,0.29,0.4,0.33,3.23,0.0,0.03,3.23,0.2
5,福爾摩沙夢想家,77|79|86|10890|13906,馬建豪/張宗憲/林俊吉/湯普金斯/班提爾,1,17,21.0,345.29,5.75,05:45,345.29,5.75,05:45,13.0,13.0,61.9,81.32,7.0,7.0,33.33,43.79,8.0,8.0,38.1,50.05,5.0,5.0,23.81,31.28,7.0,7.0,33.33,43.79,5.0,5.0,23.81,31.28,1.0,1.0,4.76,6.26,0.0,0.0,0.0,0.0,4.0,4.0,19.05,25.02,3.0,3.0,14.29,18.77,1.0,1.0,4.76,6.26,2.0,2.0,9.52,12.51,3.0,3.0,14.29,18.77,4.0,4.0,19.05,25.02,0.0,0.0,0.0,0.0,3.0,3.0,14.29,18.77,0.0,0.0,0.0,0.0,0.0,0.0,0.0,0.0,4.0,4.0,19.05,25.02,2.0,2.0,9.52,12.51,61.9,33.33,28.57,87.58,6.0,6.0,28.57,5.75,5.75,0.62,0.67,0.71,0.0,0.75,0.0,0.6,0.2,0.4,0.3,0.0,0.0,0.19,9.52,0.5
5,福爾摩沙夢想家,77|86|99|10890|13906,馬建豪/林俊吉/盧冠良/湯普金斯/班提爾,1,5,5.0,64.25,1.07,01:04,64.25,1.07,01:04,3.0,3.0,60.0,100.86,0.0,0.0,0.0,0.0,2.0,2.0,40.0,67.24,1.0,1.0,20.0,33.62,2.0,2.0,40.0,67.24,1.0,1.0,20.0,33.62,0.0,0.0,0.0,0.0,0.0,0.0,0.0,0.0,1.0,1.0,20.0,33.62,1.0,1.0,20.0,33.62,0.0,0.0,0.0,0.0,1.0,1.0,20.0,33.62,0.0,0.0,0.0,0.0,2.0,2.0,40.0,67.24,0.0,0.0,0.0,0.0,1.0,1.0,20.0,33.62,0.0,0.0,0.0,0.0,0.0,0.0,0.0,0.0,1.0,1.0,20.0,33.62,0.0,0.0,0.0,0.0,60.0,0.0,60.0,112.06,3.0,3.0,60.0,1.07,1.07,0.5,0.61,0.5,,1.0,0.0,1.0,0.0,1.0,0.33,0.0,0.0,0.2,0.0,0.5
5,福爾摩沙夢想家,77|86|99|107|13906,馬建豪/林俊吉/盧冠良/霍爾曼/班提爾,1,6,8.0,112.42,1.87,01:52,112.42,1.87,01:52,1.0,1.0,12.5,19.21,4.0,4.0,50.0,76.85,2.0,2.0,25.0,38.43,0.0,0.0,0.0,0.0,1.0,1.0,12.5,19.21,0.0,0.0,0.0,0.0,1.0,1.0,12.5,19.21,0.0,0.0,0.0,0.0,1.0,1.0,12.5,19.21,1.0,1.0,12.5,19.21,1.0,1.0,12.5,19.21,1.0,1.0,12.5,19.21,1.0,1.0,12.5,19.21,0.0,0.0,0.0,0.0,1.0,1.0,12.5,19.21,0.0,0.0,0.0,0.0,1.0,1.0,12.5,19.21,0.0,0.0,0.0,0.0,1.0,1.0,12.5,19.21,2.0,2.0,25.0,38.43,12.5,50.0,-37.5,102.47,-3.0,-3.0,-37.5,1.87,1.87,0.0,0.2,0.0,0.0,1.0,0.29,,1.0,0.5,0.67,12.5,0.0,0.12,25.0,0.5
5,福爾摩沙夢想家,86|99|103|107|10890,林俊吉/盧冠良/忻沃克/霍爾曼/湯普金斯,1,3,4.0,65.0,1.08,01:05,65.0,1.08,01:05,2.0,2.0,50.0,66.46,0.0,0.0,0.0,0.0,3.0,3.0,75.0,99.69,1.0,1.0,25.0,33.23,3.0,3.0,75.0,99.69,1.0,1.0,25.0,33.23,0.0,0.0,0.0,0.0,0.0,0.0,0.0,0.0,0.0,0.0,0.0,0.0,0.0,0.0,0.0,0.0,2.0,2.0,50.0,66.46,1.0,1.0,25.0,33.23,0.0,0.0,0.0,0.0,1.0,1.0,25.0,33.23,0.0,0.0,0.0,0.0,0.0,0.0,0.0,0.0,0.0,0.0,0.0,0.0,0.0,0.0,0.0,0.0,0.0,0.0,0.0,0.0,0.0,0.0,0.0,0.0,50.0,0.0,50.0,88.62,2.0,2.0,50.0,1.08,1.08,0.33,0.33,0.33,,,0.0,0.0,0.67,1.0,0.75,0.0,0.0,0.0,0.0,0.0
5,福爾摩沙夢想家,89|99|103|107|10890,蔣淯安/盧冠良/忻沃克/霍爾曼/湯普金斯,1,10,13.0,198.14,3.3,03:18,198.14,3.3,03:18,7.0,7.0,53.85,76.31,11.0,11.0,84.62,119.92,4.0,4.0,30.77,43.61,3.0,3.0,23.08,32.7,2.0,2.0,15.38,21.8,2.0,2.0,15.38,21.8,2.0,2.0,15.38,21.8,1.0,1.0,7.69,10.9,0.0,0.0,0.0,0.0,0.0,0.0,0.0,0.0,0.0,0.0,0.0,0.0,1.0,1.0,7.69,10.9,2.0,2.0,15.38,21.8,0.0,0.0,0.0,0.0,1.0,1.0,7.69,10.9,2.0,2.0,15.38,21.8,1.0,1.0,7.69,10.9,0.0,0.0,0.0,0.0,1.0,1.0,7.69,10.9,4.0,4.0,30.77,43.61,53.85,84.62,-30.77,94.48,-4.0,-4.0,-30.77,3.3,3.3,0.88,0.88,1.0,0.5,,0.2,0.67,,0.33,0.33,7.69,0.0,0.08,30.77,0.0
5,新竹御嵿攻城獅,76|87|88|10887|10888,曾柏喻/蔡宸綱/盧冠軒/德魯/帕塞獅,1,3,3.0,54.0,0.9,00:54,54.0,0.9,00:54,0.0,0.0,0.0,0.0,2.0,2.0,66.67,80.0,1.0,1.0,33.33,40.0,0.0,0.0,0.0,0.0,0.0,0.0,0.0,0.0,0.0,0.0,0.0,0.0,1.0,1.0,33.33,40.0,0.0,0.0,0.0,0.0,0.0,0.0,0.0,0.0,0.0,0.0,0.0,0.0,0.0,0.0,0.0,0.0,0.0,0.0,0.0,0.0,0.0,0.0,0.0,0.0,0.0,0.0,0.0,0.0,1.0,1.0,33.33,40.0,0.0,0.0,0.0,0.0,0.0,0.0,0.0,0.0,0.0,0.0,0.0,0.0,0.0,0.0,0.0,0.0,2.0,2.0,66.67,80.0,0.0,66.67,-66.67,80.0,-2.0,-2.0,-66.67,0.9,0.9,0.0,0.0,,0.0,,0.5,,,,,0.0,0.0,0.0,66.67,0.0
5,新竹御嵿攻城獅,76|88|90|10887|10888,曾柏喻/盧冠軒/李啓瑋/德魯/帕塞獅,1,24,27.0,415.0,6.92,06:55,415.0,6.92,06:55,15.0,15.0,55.56,78.07,16.0,16.0,59.26,83.28,9.0,9.0,33.33,46.84,3.0,3.0,11.11,15.61,2.0,2.0,7.41,10.41,0.0,0.0,0.0,0.0,7.0,7.0,25.93,36.43,3.0,3.0,11.11,15.61,4.0,4.0,14.81,20.82,4.0,4.0,14.81,20.82,2.0,2.0,7.41,10.41,4.0,4.0,14.81,20.82,1.0,1.0,3.7,5.2,3.0,3.0,11.11,15.61,2.0,2.0,7.41,10.41,3.0,3.0,11.11,15.61,1.0,1.0,3.7,5.2,1.0,1.0,3.7,5.2,5.0,5.0,18.52,26.02,4.0,4.0,14.81,20.82,55.56,59.26,-3.7,93.69,-1.0,-1.0,-3.7,6.92,6.92,0.5,0.7,0.0,0.43,1.0,0.16,1.0,0.4,0.8,0.6,3.7,3.7,0.19,14.81,0.44
5,福爾摩沙夢想家,79|86|99|10890|13906,張宗憲/林俊吉/盧冠良/湯普金斯/班提爾,1,4,4.0,74.0,1.23,01:14,74.0,1.23,01:14,0.0,0.0,0.0,0.0,3.0,3.0,75.0,87.57,2.0,2.0,50.0,58.38,0.0,0.0,0.0,0.0,0.0,0.0,0.0,0.0,0.0,0.0,0.0,0.0,2.0,2.0,50.0,58.38,0.0,0.0,0.0,0.0,0.0,0.0,0.0,0.0,0.0,0.0,0.0,0.0,0.0,0.0,0.0,0.0,2.0,2.0,50.0,58.38,0.0,0.0,0.0,0.0,1.0,1.0,25.0,29.19,0.0,0.0,0.0,0.0,0.0,0.0,0.0,0.0,0.0,0.0,0.0,0.0,0.0,0.0,0.0,0.0,0.0,0.0,0.0,0.0,0.0,0.0,0.0,0.0,0.0,75.0,-75.0,77.84,-3.0,-3.0,-75.0,1.23,1.23,0.0,0.0,,0.0,,0.0,,0.0,1.0,0.67,0.0,0.0,0.0,0.0,0.0
5,福爾摩沙夢想家,77|79|103|10890|13906,馬建豪/張宗憲/忻沃克/湯普金斯/班提爾,1,2,2.0,12.0,0.2,00:12,12.0,0.2,00:12,0.0,0.0,0.0,0.0,0.0,0.0,0.0,0.0,1.0,1.0,50.0,180.0,0.0,0.0,0.0,0.0,0.0,0.0,0.0,0.0,0.0,0.0,0.0,0.0,1.0,1.0,50.0,180.0,0.0,0.0,0.0,0.0,0.0,0.0,0.0,0.0,0.0,0.0,0.0,0.0,0.0,0.0,0.0,0.0,0.0,0.0,0.0,0.0,0.0,0.0,0.0,0.0,1.0,1.0,50.0,180.0,0.0,0.0,0.0,0.0,0.0,0.0,0.0,0.0,0.0,0.0,0.0,0.0,0.0,0.0,0.0,0.0,0.0,0.0,0.0,0.0,0.0,0.0,0.0,0.0,0.0,0.0,0.0,240.0,0.0,0.0,0.0,0.2,0.2,0.0,0.0,,0.0,,0.0,,0.0,,0.0,0.0,0.0,0.0,0.0,0.0
5,福爾摩沙夢想家,79|86|103|10890|13906,張宗憲/林俊吉/忻沃克/湯普金斯/班提爾,1,1,1.0,40.61,0.68,00:41,40.61,0.68,00:41,0.0,0.0,0.0,0.0,0.0,0.0,0.0,0.0,1.0,1.0,100.0,53.19,0.0,0.0,0.0,0.0,1.0,1.0,100.0,53.19,0.0,0.0,0.0,0.0,0.0,0.0,0.0,0.0,0.0,0.0,0.0,0.0,0.0,0.0,0.0,0.0,0.0,0.0,0.0,0.0,0.0,0.0,0.0,0.0,1.0,1.0,100.0,53.19,0.0,0.0,0.0,0.0,0.0,0.0,0.0,0.0,0.0,0.0,0.0,0.0,0.0,0.0,0.0,0.0,0.0,0.0,0.0,0.0,0.0,0.0,0.0,0.0,0.0,0.0,0.0,0.0,0.0,0.0,0.0,0.0,0.0,0.0,0.0,35.46,0.0,0.0,0.0,0.68,0.68,0.0,0.0,0.0,,,0.0,,,1.0,1.0,0.0,0.0,0.0,0.0,0.0
5,福爾摩沙夢想家,77|79|89|107|10890,馬建豪/張宗憲/蔣淯安/霍爾曼/湯普金斯,1,8,12.0,204.06,3.4,03:24,204.06,3.4,03:24,6.0,6.0,50.0,63.51,2.0,2.0,16.67,21.17,5.0,5.0,41.67,52.93,2.0,2.0,16.67,21.17,1.0,1.0,8.33,10.59,0.0,0.0,0.0,0.0,4.0,4.0,33.33,42.34,2.0,2.0,16.67,21.17,0.0,0.0,0.0,0.0,0.0,0.0,0.0,0.0,3.0,3.0,25.0,31.76,1.0,1.0,8.33,10.59,2.0,2.0,16.67,21.17,2.0,2.0,16.67,21.17,2.0,2.0,16.67,21.17,2.0,2.0,16.67,21.17,2.0,2.0,16.67,21.17,0.0,0.0,0.0,0.0,0.0,0.0,0.0,0.0,0.0,0.0,0.0,0.0,50.0,16.67,33.33,84.68,4.0,4.0,33.33,3.4,3.4,0.6,0.6,0.0,0.5,,0.29,1.0,0.6,0.33,0.5,16.67,0.0,0.0,0.0,0.0
5,新竹御嵿攻城獅,75|82|88|10887|14843,高國豪/蕭順議/盧冠軒/德魯/馬力,1,4,6.0,77.06,1.28,01:17,77.06,1.28,01:17,0.0,0.0,0.0,0.0,6.0,6.0,100.0,168.18,1.0,1.0,16.67,28.03,0.0,0.0,0.0,0.0,1.0,1.0,16.67,28.03,0.0,0.0,0.0,0.0,0.0,0.0,0.0,0.0,0.0,0.0,0.0,0.0,0.0,0.0,0.0,0.0,0.0,0.0,0.0,0.0,0.0,0.0,0.0,0.0,1.0,1.0,16.67,28.03,3.0,3.0,50.0,84.09,0.0,0.0,0.0,0.0,1.0,1.0,16.67,28.03,0.0,0.0,0.0,0.0,1.0,1.0,16.67,28.03,0.0,0.0,0.0,0.0,0.0,0.0,0.0,0.0,0.0,0.0,0.0,0.0,0.0,100.0,-100.0,112.12,-6.0,-6.0,-100.0,1.28,1.28,0.0,0.0,0.0,,,0.5,,,0.25,0.25,16.67,0.0,0.0,0.0,0.0
5,新竹御嵿攻城獅,82|88|10887|14843|14982,蕭順議/盧冠軒/德魯/馬力/徐小龍,1,4,6.0,127.0,2.12,02:07,127.0,2.12,02:07,2.0,2.0,33.33,34.02,0.0,0.0,0.0,0.0,4.0,4.0,66.67,68.03,1.0,1.0,16.67,17.01,2.0,2.0,33.33,34.02,1.0,1.0,16.67,17.01,2.0,2.0,33.33,34.02,0.0,0.0,0.0,0.0,0.0,0.0,0.0,0.0,0.0,0.0,0.0,0.0,2.0,2.0,33.33,34.02,1.0,1.0,16.67,17.01,0.0,0.0,0.0,0.0,1.0,1.0,16.67,17.01,0.0,0.0,0.0,0.0,0.0,0.0,0.0,0.0,0.0,0.0,0.0,0.0,0.0,0.0,0.0,0.0,2.0,2.0,33.33,34.02,0.0,0.0,0.0,0.0,33.33,0.0,33.33,68.03,2.0,2.0,33.33,2.12,2.12,0.25,0.25,0.5,0.0,,0.0,0.0,0.67,1.0,0.75,0.0,0.0,0.33,0.0,0.0
5,福爾摩沙夢想家,77|89|99|107|10890,馬建豪/蔣淯安/盧冠良/霍爾曼/湯普金斯,2,10,12.0,99.86,1.66,01:40,49.93,0.83,00:50,5.0,2.5,41.67,108.15,4.0,2.0,33.33,86.52,3.0,1.5,25.0,64.89,2.0,1.0,16.67,43.26,2.0,1.0,16.67,43.26,2.0,1.0,16.67,43.26,1.0,0.5,8.33,21.63,0.0,0.0,0.0,0.0,1.0,0.5,8.33,21.63,1.0,0.5,8.33,21.63,0.0,0.0,0.0,0.0,1.0,0.5,8.33,21.63,1.0,0.5,8.33,21.63,3.0,1.5,25.0,64.89,1.0,0.5,8.33,21.63,2.0,1.0,16.67,43.26,1.0,0.5,8.33,21.63,0.0,0.0,0.0,0.0,1.0,0.5,8.33,21.63,8.0,4.0,66.67,173.04,41.67,33.33,8.33,173.04,1.0,0.5,8.33,1.66,0.83,0.67,0.73,1.0,0.0,1.0,0.23,1.0,0.0,0.5,0.2,8.33,0.0,0.08,66.67,0.33
5,新竹御嵿攻城獅,78|82|10887|14843|14982,朱雲豪/蕭順議/德魯/馬力/徐小龍,1,6,8.0,104.04,1.73,01:44,104.04,1.73,01:44,3.0,3.0,37.5,62.28,2.0,2.0,25.0,41.52,2.0,2.0,25.0,41.52,0.0,0.0,0.0,0.0,1.0,1.0,12.5,20.76,0.0,0.0,0.0,0.0,1.0,1.0,12.5,20.76,0.0,0.0,0.0,0.0,7.0,7.0,87.5,145.32,3.0,3.0,37.5,62.28,1.0,1.0,12.5,20.76,3.0,3.0,37.5,62.28,0.0,0.0,0.0,0.0,1.0,1.0,12.5,20.76,0.0,0.0,0.0,0.0,0.0,0.0,0.0,0.0,0.0,0.0,0.0,0.0,0.0,0.0,0.0,0.0,3.0,3.0,37.5,62.28,0.0,0.0,0.0,0.0,37.5,25.0,12.5,110.72,1.0,1.0,12.5,1.73,1.73,0.0,0.3,0.0,0.0,0.43,0.0,,0.5,1.0,0.8,0.0,0.0,0.38,0.0,3.5
5,福爾摩沙夢想家,77|83|99|107|10890,馬建豪/吳家駿/盧冠良/霍爾曼/湯普金斯,1,3,4.0,95.99,1.6,01:36,95.99,1.6,01:36,2.0,2.0,50.0,45.01,1.0,1.0,25.0,22.5,2.0,2.0,50.0,45.01,1.0,1.0,25.0,22.5,2.0,2.0,50.0,45.01,1.0,1.0,25.0,22.5,0.0,0.0,0.0,0.0,0.0,0.0,0.0,0.0,0.0,0.0,0.0,0.0,0.0,0.0,0.0,0.0,0.0,0.0,0.0,0.0,1.0,1.0,25.0,22.5,0.0,0.0,0.0,0.0,3.0,3.0,75.0,67.51,0.0,0.0,0.0,0.0,0.0,0.0,0.0,0.0,0.0,0.0,0.0,0.0,0.0,0.0,0.0,0.0,1.0,1.0,25.0,22.5,5.0,5.0,125.0,112.52,50.0,25.0,25.0,60.01,1.0,1.0,25.0,1.6,1.6,0.5,0.5,0.5,,,0.0,0.0,0.0,1.0,0.25,0.0,0.0,0.25,125.0,0.0
5,福爾摩沙夢想家,73|83|91|95|101,陳振傑/吳家駿/簡偉儒/李德威/周柏臣,1,9,13.0,129.62,2.16,02:10,129.62,2.16,02:10,2.0,2.0,15.38,33.33,2.0,2.0,15.38,33.33,3.0,3.0,23.08,49.99,0.0,0.0,0.0,0.0,1.0,1.0,7.69,16.66,0.0,0.0,0.0,0.0,2.0,2.0,15.38,33.33,0.0,0.0,0.0,0.0,2.0,2.0,15.38,33.33,2.0,2.0,15.38,33.33,1.0,1.0,7.69,16.66,2.0,2.0,15.38,33.33,2.0,2.0,15.38,33.33,3.0,3.0,23.08,49.99,2.0,2.0,15.38,33.33,0.0,0.0,0.0,0.0,1.0,1.0,7.69,16.66,0.0,0.0,0.0,0.0,0.0,0.0,0.0,0.0,2.0,2.0,15.38,33.33,15.38,15.38,0.0,144.42,0.0,0.0,0.0,2.16,2.16,0.0,0.26,0.0,0.0,1.0,0.34,,0.25,0.5,0.38,7.69,0.0,0.0,15.38,0.67
5,新竹御嵿攻城獅,78|82|87|14843|14982,朱雲豪/蕭順議/蔡宸綱/馬力/徐小龍,1,7,10.0,123.0,2.05,02:03,123.0,2.05,02:03,2.0,2.0,20.0,35.12,2.0,2.0,20.0,35.12,5.0,5.0,50.0,87.8,1.0,1.0,10.0,17.56,4.0,4.0,40.0,70.24,1.0,1.0,10.0,17.56,1.0,1.0,10.0,17.56,0.0,0.0,0.0,0.0,0.0,0.0,0.0,0.0,0.0,0.0,0.0,0.0,2.0,2.0,20.0,35.12,2.0,2.0,20.0,35.12,1.0,1.0,10.0,17.56,2.0,2.0,20.0,35.12,0.0,0.0,0.0,0.0,0.0,0.0,0.0,0.0,0.0,0.0,0.0,0.0,0.0,0.0,0.0,0.0,1.0,1.0,10.0,17.56,2.0,2.0,20.0,35.12,20.0,20.0,0.0,117.07,0.0,0.0,0.0,2.05,2.05,0.2,0.2,0.25,0.0,,0.0,0.0,0.5,0.67,0.57,0.0,0.0,0.1,20.0,0.0
5,新竹御嵿攻城獅,78|82|84|87|14982,朱雲豪/蕭順議/李家瑞/蔡宸綱/徐小龍,1,2,3.0,26.62,0.44,00:27,26.62,0.44,00:27,0.0,0.0,0.0,0.0,0.0,0.0,0.0,0.0,1.0,1.0,33.33,81.14,0.0,0.0,0.0,0.0,0.0,0.0,0.0,0.0,0.0,0.0,0.0,0.0,1.0,1.0,33.33,81.14,0.0,0.0,0.0,0.0,2.0,2.0,66.67,162.28,0.0,0.0,0.0,0.0,0.0,0.0,0.0,0.0,1.0,1.0,33.33,81.14,0.0,0.0,0.0,0.0,0.0,0.0,0.0,0.0,0.0,0.0,0.0,0.0,0.0,0.0,0.0,0.0,0.0,0.0,0.0,0.0,0.0,0.0,0.0,0.0,0.0,0.0,0.0,0.0,0.0,0.0,0.0,0.0,0.0,0.0,0.0,162.28,0.0,0.0,0.0,0.44,0.44,0.0,0.0,,0.0,0.0,0.0,,,1.0,1.0,0.0,0.0,0.0,0.0,2.0
5,新竹御嵿攻城獅,75|76|10862|10885|10887,高國豪/曾柏喻/提傑/劉丞勳/德魯,1,4,4.0,55.0,0.92,00:55,55.0,0.92,00:55,2.0,2.0,50.0,78.55,5.0,5.0,125.0,196.36,2.0,2.0,50.0,78.55,1.0,1.0,25.0,39.27,1.0,1.0,25.0,39.27,1.0,1.0,25.0,39.27,1.0,1.0,25.0,39.27,0.0,0.0,0.0,0.0,0.0,0.0,0.0,0.0,0.0,0.0,0.0,0.0,0.0,0.0,0.0,0.0,1.0,1.0,25.0,39.27,0.0,0.0,0.0,0.0,0.0,0.0,0.0,0.0,0.0,0.0,0.0,0.0,1.0,1.0,25.0,39.27,0.0,0.0,0.0,0.0,0.0,0.0,0.0,0.0,1.0,1.0,25.0,39.27,0.0,0.0,0.0,0.0,50.0,125.0,-75.0,104.73,-3.0,-3.0,-75.0,0.92,0.92,0.5,0.5,1.0,0.0,,0.0,1.0,,1.0,1.0,0.0,0.0,0.25,0.0,0.0
5,新竹御嵿攻城獅,75|76|87|10862|10887,高國豪/曾柏喻/蔡宸綱/提傑/德魯,1,1,1.0,19.12,0.32,00:19,19.12,0.32,00:19,1.0,1.0,100.0,112.95,0.0,0.0,0.0,0.0,0.0,0.0,0.0,0.0,0.0,0.0,0.0,0.0,0.0,0.0,0.0,0.0,0.0,0.0,0.0,0.0,0.0,0.0,0.0,0.0,0.0,0.0,0.0,0.0,1.0,1.0,100.0,112.95,1.0,1.0,100.0,112.95,0.0,0.0,0.0,0.0,0.0,0.0,0.0,0.0,0.0,0.0,0.0,0.0,0.0,0.0,0.0,0.0,0.0,0.0,0.0,0.0,0.0,0.0,0.0,0.0,0.0,0.0,0.0,0.0,0.0,0.0,0.0,0.0,0.0,0.0,0.0,0.0,0.0,0.0,0.0,0.0,100.0,0.0,100.0,75.3,1.0,1.0,100.0,0.32,0.32,,1.14,,,1.0,0.0,,,,,0.0,0.0,0.0,0.0,
5,新竹御嵿攻城獅,76|87|88|10862|10887,曾柏喻/蔡宸綱/盧冠軒/提傑/德魯,1,7,7.0,99.07,1.65,01:39,99.07,1.65,01:39,0.0,0.0,0.0,0.0,3.0,3.0,42.86,65.41,1.0,1.0,14.29,21.8,0.0,0.0,0.0,0.0,0.0,0.0,0.0,0.0,0.0,0.0,0.0,0.0,1.0,1.0,14.29,21.8,0.0,0.0,0.0,0.0,0.0,0.0,0.0,0.0,0.0,0.0,0.0,0.0,0.0,0.0,0.0,0.0,1.0,1.0,14.29,21.8,0.0,0.0,0.0,0.0,3.0,3.0,42.86,65.41,2.0,2.0,28.57,43.61,0.0,0.0,0.0,0.0,1.0,1.0,14.29,21.8,0.0,0.0,0.0,0.0,1.0,1.0,14.29,21.8,2.0,2.0,28.57,43.61,0.0,42.86,-42.86,101.75,-3.0,-3.0,-42.86,1.65,1.65,0.0,0.0,,0.0,,0.67,,0.0,1.0,0.25,14.29,0.0,0.14,28.57,0.0
5,新竹御嵿攻城獅,76|87|88|10862|14843,曾柏喻/蔡宸綱/盧冠軒/提傑/馬力,1,1,1.0,0.09,0.0,00:00,0.09,0.0,00:00,2.0,2.0,200.0,48000.0,0.0,0.0,0.0,0.0,0.0,0.0,0.0,0.0,0.0,0.0,0.0,0.0,0.0,0.0,0.0,0.0,0.0,0.0,0.0,0.0,0.0,0.0,0.0,0.0,0.0,0.0,0.0,0.0,2.0,2.0,200.0,48000.0,2.0,2.0,200.0,48000.0,0.0,0.0,0.0,0.0,0.0,0.0,0.0,0.0,0.0,0.0,0.0,0.0,0.0,0.0,0.0,0.0,0.0,0.0,0.0,0.0,0.0,0.0,0.0,0.0,0.0,0.0,0.0,0.0,0.0,0.0,0.0,0.0,0.0,0.0,0.0,0.0,0.0,0.0,0.0,0.0,200.0,0.0,200.0,16000.0,2.0,2.0,200.0,0.0,0.0,,1.14,,,1.0,0.0,,,,,0.0,0.0,0.0,0.0,
5,福爾摩沙夢想家,77|83|99|107|13906,馬建豪/吳家駿/盧冠良/霍爾曼/班提爾,2,18,19.0,284.09,4.73,04:44,142.04,2.37,02:22,10.0,5.0,52.63,76.03,12.0,6.0,63.16,91.24,7.0,3.5,36.84,53.22,4.0,2.0,21.05,30.41,2.0,1.0,10.53,15.21,2.0,1.0,10.53,15.21,5.0,2.5,26.32,38.02,2.0,1.0,10.53,15.21,0.0,0.0,0.0,0.0,0.0,0.0,0.0,0.0,0.0,0.0,0.0,0.0,3.0,1.5,15.79,22.81,1.0,0.5,5.26,7.6,3.0,1.5,15.79,22.81,2.0,1.0,10.53,15.21,2.0,1.0,10.53,15.21,1.0,0.5,5.26,7.6,0.0,0.0,0.0,0.0,0.0,0.0,0.0,0.0,3.0,1.5,15.79,22.81,52.63,63.16,-10.53,96.31,-2.0,-1.0,-10.53,4.73,2.37,0.71,0.71,1.0,0.4,,0.22,0.5,0.0,0.75,0.43,5.26,0.0,0.0,15.79,0.0
5,新竹御嵿攻城獅,87|88|10862|14843|14982,蔡宸綱/盧冠軒/提傑/馬力/徐小龍,2,42,52.0,1330.9,22.18,22:11,665.45,11.09,11:05,19.0,9.5,36.54,30.84,18.0,9.0,34.62,29.21,17.0,8.5,32.69,27.59,6.0,3.0,11.54,9.74,10.0,5.0,19.23,16.23,4.0,2.0,7.69,6.49,7.0,3.5,13.46,11.36,2.0,1.0,3.85,3.25,7.0,3.5,13.46,11.36,5.0,2.5,9.62,8.11,5.0,2.5,9.62,8.11,7.0,3.5,13.46,11.36,3.0,1.5,5.77,4.87,8.0,4.0,15.38,12.98,4.0,2.0,7.69,6.49,5.0,2.5,9.62,8.11,4.0,2.0,7.69,6.49,0.0,0.0,0.0,0.0,9.0,4.5,17.31,14.61,6.0,3.0,11.54,9.74,36.54,34.62,1.92,56.26,1.0,0.5,1.92,22.18,11.09,0.41,0.47,0.4,0.29,0.71,0.17,0.83,0.38,0.7,0.52,7.69,0.0,0.17,11.54,0.41
5,福爾摩沙夢想家,77|89|95|99|13906,馬建豪/蔣淯安/李德威/盧冠良/班提爾,1,6,8.0,783.74,13.06,13:04,783.74,13.06,13:04,3.0,3.0,37.5,8.27,4.0,4.0,50.0,11.02,2.0,2.0,25.0,5.51,1.0,1.0,12.5,2.76,1.0,1.0,12.5,2.76,1.0,1.0,12.5,2.76,1.0,1.0,12.5,2.76,0.0,0.0,0.0,0.0,1.0,1.0,12.5,2.76,1.0,1.0,12.5,2.76,0.0,0.0,0.0,0.0,0.0,0.0,0.0,0.0,1.0,1.0,12.5,2.76,0.0,0.0,0.0,0.0,1.0,1.0,12.5,2.76,0.0,0.0,0.0,0.0,1.0,1.0,12.5,2.76,0.0,0.0,0.0,0.0,1.0,1.0,12.5,2.76,4.0,4.0,50.0,11.02,37.5,50.0,-12.5,14.7,-1.0,-1.0,-12.5,13.06,13.06,0.5,0.61,1.0,0.0,1.0,0.29,0.0,,0.0,0.0,12.5,0.0,0.12,50.0,0.5
5,新竹御嵿攻城獅,88|10862|10885|14843|14982,盧冠軒/提傑/劉丞勳/馬力/徐小龍,1,3,3.0,30.0,0.5,00:30,30.0,0.5,00:30,0.0,0.0,0.0,0.0,2.0,2.0,66.67,144.0,0.0,0.0,0.0,0.0,0.0,0.0,0.0,0.0,0.0,0.0,0.0,0.0,0.0,0.0,0.0,0.0,0.0,0.0,0.0,0.0,0.0,0.0,0.0,0.0,0.0,0.0,0.0,0.0,0.0,0.0,0.0,0.0,0.0,0.0,0.0,0.0,0.0,0.0,0.0,0.0,0.0,0.0,0.0,0.0,0.0,0.0,0.0,0.0,2.0,2.0,66.67,144.0,0.0,0.0,0.0,0.0,1.0,1.0,33.33,72.0,0.0,0.0,0.0,0.0,0.0,0.0,0.0,0.0,0.0,0.0,0.0,0.0,0.0,66.67,-66.67,144.0,-2.0,-2.0,-66.67,0.5,0.5,,,,,,1.0,,,,,33.33,0.0,0.0,0.0,
5,新竹御嵿攻城獅,75|76|10862|10885|14843,高國豪/曾柏喻/提傑/劉丞勳/馬力,2,18,21.0,283.99,4.73,04:44,142.0,2.37,02:22,6.0,3.0,28.57,45.64,12.0,6.0,57.14,91.27,5.0,2.5,23.81,38.03,2.0,1.0,9.52,15.21,2.0,1.0,9.52,15.21,1.0,0.5,4.76,7.61,3.0,1.5,14.29,22.82,1.0,0.5,4.76,7.61,2.0,1.0,9.52,15.21,1.0,0.5,4.76,7.61,2.0,1.0,9.52,15.21,1.0,0.5,4.76,7.61,1.0,0.5,4.76,7.61,5.0,2.5,23.81,38.03,4.0,2.0,19.05,30.42,2.0,1.0,9.52,15.21,4.0,2.0,19.05,30.42,1.0,0.5,4.76,7.61,4.0,2.0,19.05,30.42,0.0,0.0,0.0,0.0,28.57,57.14,-28.57,106.48,-6.0,-3.0,-28.57,4.73,2.37,0.5,0.51,0.5,0.33,0.5,0.4,1.0,0.29,0.5,0.33,19.05,4.76,0.19,0.0,0.4
5,新竹御嵿攻城獅,75|76|88|10887|14843,高國豪/曾柏喻/盧冠軒/德魯/馬力,1,2,2.0,44.0,0.73,00:44,44.0,0.73,00:44,1.0,1.0,50.0,49.09,2.0,2.0,100.0,98.18,0.0,0.0,0.0,0.0,0.0,0.0,0.0,0.0,0.0,0.0,0.0,0.0,0.0,0.0,0.0,0.0,0.0,0.0,0.0,0.0,0.0,0.0,0.0,0.0,2.0,2.0,100.0,98.18,1.0,1.0,50.0,49.09,0.0,0.0,0.0,0.0,0.0,0.0,0.0,0.0,0.0,0.0,0.0,0.0,0.0,0.0,0.0,0.0,0.0,0.0,0.0,0.0,0.0,0.0,0.0,0.0,0.0,0.0,0.0,0.0,0.0,0.0,0.0,0.0,2.0,2.0,100.0,98.18,0.0,0.0,0.0,0.0,50.0,100.0,-50.0,65.45,-1.0,-1.0,-50.0,0.73,0.73,,0.57,,,0.5,0.0,,,,,0.0,0.0,1.0,0.0,
5,新竹御嵿攻城獅,75|76|87|10887|14843,高國豪/曾柏喻/蔡宸綱/德魯/馬力,1,9,12.0,115.48,1.92,01:55,115.48,1.92,01:55,5.0,5.0,41.67,93.52,10.0,10.0,83.33,187.04,4.0,4.0,33.33,74.81,1.0,1.0,8.33,18.7,1.0,1.0,8.33,18.7,0.0,0.0,0.0,0.0,3.0,3.0,25.0,56.11,1.0,1.0,8.33,18.7,2.0,2.0,16.67,37.41,2.0,2.0,16.67,37.41,1.0,1.0,8.33,18.7,2.0,2.0,16.67,37.41,0.0,0.0,0.0,0.0,1.0,1.0,8.33,18.7,1.0,1.0,8.33,18.7,1.0,1.0,8.33,18.7,0.0,0.0,0.0,0.0,1.0,1.0,8.33,18.7,1.0,1.0,8.33,18.7,2.0,2.0,16.67,37.41,41.67,83.33,-41.67,149.63,-5.0,-5.0,-41.67,1.92,1.92,0.38,0.51,0.0,0.33,1.0,0.17,1.0,0.5,1.0,0.75,0.0,8.33,0.08,16.67,0.5
5,新竹御嵿攻城獅,75|88|10862|10885|14843,高國豪/盧冠軒/提傑/劉丞勳/馬力,1,4,4.0,56.15,0.94,00:56,56.15,0.94,00:56,2.0,2.0,50.0,76.93,5.0,5.0,125.0,192.34,1.0,1.0,25.0,38.47,0.0,0.0,0.0,0.0,0.0,0.0,0.0,0.0,0.0,0.0,0.0,0.0,1.0,1.0,25.0,38.47,0.0,0.0,0.0,0.0,2.0,2.0,50.0,76.93,2.0,2.0,50.0,76.93,0.0,0.0,0.0,0.0,1.0,1.0,25.0,38.47,0.0,0.0,0.0,0.0,0.0,0.0,0.0,0.0,0.0,0.0,0.0,0.0,0.0,0.0,0.0,0.0,0.0,0.0,0.0,0.0,0.0,0.0,0.0,0.0,1.0,1.0,25.0,38.47,2.0,2.0,50.0,76.93,50.0,125.0,-75.0,102.58,-3.0,-3.0,-75.0,0.94,0.94,0.0,0.53,,0.0,1.0,0.0,,,1.0,1.0,0.0,0.0,0.25,50.0,2.0
5,新竹御嵿攻城獅,75|87|88|10862|14843,高國豪/蔡宸綱/盧冠軒/提傑/馬力,2,36,43.0,551.31,9.19,09:11,275.66,4.59,04:36,28.0,14.0,65.12,109.7,23.0,11.5,53.49,90.11,16.0,8.0,37.21,62.69,9.0,4.5,20.93,35.26,8.0,4.0,18.6,31.34,5.0,2.5,11.63,19.59,8.0,4.0,18.6,31.34,4.0,2.0,9.3,15.67,8.0,4.0,18.6,31.34,7.0,3.5,16.28,27.43,2.0,1.0,4.65,7.84,6.0,3.0,13.95,23.51,4.0,2.0,9.3,15.67,3.0,1.5,6.98,11.75,2.0,1.0,4.65,7.84,6.0,3.0,13.95,23.51,2.0,1.0,4.65,7.84,0.0,0.0,0.0,0.0,4.0,2.0,9.3,15.67,8.0,4.0,18.6,31.34,65.12,53.49,11.63,112.31,5.0,2.5,11.63,9.19,4.59,0.69,0.72,0.62,0.5,0.88,0.09,0.67,0.4,0.6,0.53,4.65,0.0,0.09,18.6,0.5
5,新竹御嵿攻城獅,87|88|10862|10887|14982,蔡宸綱/盧冠軒/提傑/德魯/徐小龍,1,48,56.0,865.92,14.43,14:26,865.92,14.43,14:26,36.0,36.0,64.29,89.8,22.0,22.0,39.29,54.88,23.0,23.0,41.07,57.37,14.0,14.0,25.0,34.92,12.0,12.0,21.43,29.93,9.0,9.0,16.07,22.45,11.0,11.0,19.64,27.44,5.0,5.0,8.93,12.47,3.0,3.0,5.36,7.48,3.0,3.0,5.36,7.48,1.0,1.0,1.79,2.49,8.0,8.0,14.29,19.96,4.0,4.0,7.14,9.98,7.0,7.0,12.5,17.46,0.0,0.0,0.0,0.0,9.0,9.0,16.07,22.45,0.0,0.0,0.0,0.0,1.0,1.0,1.79,2.49,3.0,3.0,5.36,7.48,9.0,9.0,16.07,22.45,64.29,39.29,25.0,93.13,14.0,14.0,25.0,14.43,14.43,0.72,0.74,0.75,0.45,1.0,0.0,0.64,0.12,0.67,0.45,0.0,1.79,0.05,16.07,0.13
5,福爾摩沙夢想家,89|95|99|103|10890,蔣淯安/李德威/盧冠良/忻沃克/湯普金斯,1,8,9.0,157.2,2.62,02:37,157.2,2.62,02:37,4.0,4.0,44.44,54.96,10.0,10.0,111.11,137.4,4.0,4.0,44.44,54.96,1.0,1.0,11.11,13.74,2.0,2.0,22.22,27.48,1.0,1.0,11.11,13.74,2.0,2.0,22.22,27.48,0.0,0.0,0.0,0.0,2.0,2.0,22.22,27.48,2.0,2.0,22.22,27.48,1.0,1.0,11.11,13.74,2.0,2.0,22.22,27.48,0.0,0.0,0.0,0.0,0.0,0.0,0.0,0.0,0.0,0.0,0.0,0.0,0.0,0.0,0.0,0.0,0.0,0.0,0.0,0.0,0.0,0.0,0.0,0.0,3.0,3.0,33.33,41.22,0.0,0.0,0.0,0.0,44.44,111.11,-66.67,82.44,-6.0,-6.0,-66.67,2.62,2.62,0.25,0.41,0.5,0.0,1.0,0.0,0.0,1.0,1.0,1.0,0.0,0.0,0.33,0.0,0.5
5,福爾摩沙夢想家,83|95|99|103|10890,吳家駿/李德威/盧冠良/忻沃克/湯普金斯,1,2,2.0,9.3,0.16,00:09,9.3,0.16,00:09,0.0,0.0,0.0,0.0,2.0,2.0,100.0,464.52,1.0,1.0,50.0,232.26,0.0,0.0,0.0,0.0,0.0,0.0,0.0,0.0,0.0,0.0,0.0,0.0,1.0,1.0,50.0,232.26,0.0,0.0,0.0,0.0,0.0,0.0,0.0,0.0,0.0,0.0,0.0,0.0,0.0,0.0,0.0,0.0,0.0,0.0,0.0,0.0,0.0,0.0,0.0,0.0,0.0,0.0,0.0,0.0,0.0,0.0,0.0,0.0,0.0,0.0,0.0,0.0,0.0,0.0,0.0,0.0,0.0,0.0,0.0,0.0,0.0,0.0,0.0,0.0,2.0,2.0,100.0,464.52,0.0,100.0,-100.0,309.68,-2.0,-2.0,-100.0,0.16,0.16,0.0,0.0,,0.0,,0.0,,,,,0.0,0.0,0.0,100.0,0.0
5,福爾摩沙夢想家,77|83|103|107|13906,馬建豪/吳家駿/忻沃克/霍爾曼/班提爾,2,10,12.0,128.0,2.13,02:08,64.0,1.07,01:04,6.0,3.0,50.0,101.25,4.0,2.0,33.33,67.5,4.0,2.0,33.33,67.5,3.0,1.5,25.0,50.62,3.0,1.5,25.0,50.62,3.0,1.5,25.0,50.62,1.0,0.5,8.33,16.88,0.0,0.0,0.0,0.0,0.0,0.0,0.0,0.0,0.0,0.0,0.0,0.0,1.0,0.5,8.33,16.88,0.0,0.0,0.0,0.0,0.0,0.0,0.0,0.0,2.0,1.0,16.67,33.75,2.0,1.0,16.67,33.75,1.0,0.5,8.33,16.88,1.0,0.5,8.33,16.88,0.0,0.0,0.0,0.0,1.0,0.5,8.33,16.88,2.0,1.0,16.67,33.75,50.0,33.33,16.67,135.0,2.0,1.0,16.67,2.13,1.07,0.75,0.75,1.0,0.0,,0.33,0.33,0.33,,0.33,8.33,0.0,0.08,16.67,0.0
5,福爾摩沙夢想家,77|83|103|10890|13906,馬建豪/吳家駿/忻沃克/湯普金斯/班提爾,1,9,10.0,165.03,2.75,02:45,165.03,2.75,02:45,0.0,0.0,0.0,0.0,7.0,7.0,70.0,91.62,3.0,3.0,30.0,39.27,0.0,0.0,0.0,0.0,0.0,0.0,0.0,0.0,0.0,0.0,0.0,0.0,3.0,3.0,30.0,39.27,0.0,0.0,0.0,0.0,0.0,0.0,0.0,0.0,0.0,0.0,0.0,0.0,0.0,0.0,0.0,0.0,3.0,3.0,30.0,39.27,1.0,1.0,10.0,13.09,2.0,2.0,20.0,26.18,1.0,1.0,10.0,13.09,0.0,0.0,0.0,0.0,0.0,0.0,0.0,0.0,0.0,0.0,0.0,0.0,0.0,0.0,0.0,0.0,0.0,0.0,0.0,0.0,0.0,70.0,-70.0,87.26,-7.0,-7.0,-70.0,2.75,2.75,0.0,0.0,,0.0,,0.25,,0.0,0.75,0.5,0.0,0.0,0.0,0.0,0.0
5,新竹御嵿攻城獅,75|88|10862|10887|14982,高國豪/盧冠軒/提傑/德魯/徐小龍,1,4,6.0,34.29,0.57,00:34,34.29,0.57,00:34,0.0,0.0,0.0,0.0,4.0,4.0,66.67,251.98,3.0,3.0,50.0,188.99,0.0,0.0,0.0,0.0,0.0,0.0,0.0,0.0,0.0,0.0,0.0,0.0,3.0,3.0,50.0,188.99,0.0,0.0,0.0,0.0,0.0,0.0,0.0,0.0,0.0,0.0,0.0,0.0,2.0,2.0,33.33,125.99,1.0,1.0,16.67,63.0,0.0,0.0,0.0,0.0,0.0,0.0,0.0,0.0,0.0,0.0,0.0,0.0,0.0,0.0,0.0,0.0,0.0,0.0,0.0,0.0,0.0,0.0,0.0,0.0,1.0,1.0,16.67,63.0,4.0,4.0,66.67,251.98,0.0,66.67,-66.67,251.98,-4.0,-4.0,-66.67,0.57,0.57,0.0,0.0,,0.0,,0.0,,1.0,1.0,1.0,0.0,0.0,0.17,66.67,0.0
5,新竹御嵿攻城獅,75|76|10885|10888|14843,高國豪/曾柏喻/劉丞勳/帕塞獅/馬力,1,42,50.0,727.89,12.13,12:08,727.89,12.13,12:08,16.0,16.0,32.0,47.48,25.0,25.0,50.0,74.19,19.0,19.0,38.0,56.38,6.0,6.0,12.0,17.8,9.0,9.0,18.0,26.71,4.0,4.0,8.0,11.87,10.0,10.0,20.0,29.67,2.0,2.0,4.0,5.93,2.0,2.0,4.0,5.93,2.0,2.0,4.0,5.93,2.0,2.0,4.0,5.93,11.0,11.0,22.0,32.64,4.0,4.0,8.0,11.87,10.0,10.0,20.0,29.67,3.0,3.0,6.0,8.9,5.0,5.0,10.0,14.84,1.0,1.0,2.0,2.97,1.0,1.0,2.0,2.97,5.0,5.0,10.0,14.84,2.0,2.0,4.0,5.93,32.0,50.0,-18.0,98.92,-9.0,-9.0,-18.0,12.13,12.13,0.37,0.4,0.44,0.2,1.0,0.13,0.83,0.17,0.73,0.48,2.0,2.0,0.1,4.0,0.11
5,福爾摩沙夢想家,77|89|99|106|107,馬建豪/蔣淯安/盧冠良/高柏鎧/霍爾曼,1,2,3.0,34.0,0.57,00:34,34.0,0.57,00:34,3.0,3.0,100.0,190.59,0.0,0.0,0.0,0.0,1.0,1.0,33.33,63.53,1.0,1.0,33.33,63.53,0.0,0.0,0.0,0.0,0.0,0.0,0.0,0.0,1.0,1.0,33.33,63.53,1.0,1.0,33.33,63.53,0.0,0.0,0.0,0.0,0.0,0.0,0.0,0.0,0.0,0.0,0.0,0.0,0.0,0.0,0.0,0.0,1.0,1.0,33.33,63.53,0.0,0.0,0.0,0.0,0.0,0.0,0.0,0.0,1.0,1.0,33.33,63.53,0.0,0.0,0.0,0.0,0.0,0.0,0.0,0.0,0.0,0.0,0.0,0.0,0.0,0.0,0.0,0.0,100.0,0.0,100.0,127.06,3.0,3.0,100.0,0.57,0.57,1.5,1.5,,1.0,,0.0,1.0,,0.0,0.0,0.0,0.0,0.0,0.0,0.0
5,新竹御嵿攻城獅,76|87|10862|10885|14843,曾柏喻/蔡宸綱/提傑/劉丞勳/馬力,1,11,13.0,163.12,2.72,02:43,163.12,2.72,02:43,6.0,6.0,46.15,79.45,6.0,6.0,46.15,79.45,2.0,2.0,15.38,26.48,1.0,1.0,7.69,13.24,2.0,2.0,15.38,26.48,1.0,1.0,7.69,13.24,0.0,0.0,0.0,0.0,0.0,0.0,0.0,0.0,3.0,3.0,23.08,39.72,2.0,2.0,15.38,26.48,1.0,1.0,7.69,13.24,0.0,0.0,0.0,0.0,0.0,0.0,0.0,0.0,2.0,2.0,15.38,26.48,1.0,1.0,7.69,13.24,0.0,0.0,0.0,0.0,0.0,0.0,0.0,0.0,1.0,1.0,7.69,13.24,5.0,5.0,38.46,66.21,3.0,3.0,23.08,39.72,46.15,46.15,0.0,114.76,0.0,0.0,0.0,2.72,2.72,0.5,0.9,0.5,,0.67,0.23,0.0,0.33,,0.33,0.0,7.69,0.38,23.08,1.5
5,福爾摩沙夢想家,77|83|99|106|107,馬建豪/吳家駿/盧冠良/高柏鎧/霍爾曼,1,8,9.0,137.39,2.29,02:17,137.39,2.29,02:17,5.0,5.0,55.56,78.61,7.0,7.0,77.78,110.05,2.0,2.0,22.22,31.44,1.0,1.0,11.11,15.72,0.0,0.0,0.0,0.0,0.0,0.0,0.0,0.0,2.0,2.0,22.22,31.44,1.0,1.0,11.11,15.72,2.0,2.0,22.22,31.44,2.0,2.0,22.22,31.44,0.0,0.0,0.0,0.0,1.0,1.0,11.11,15.72,1.0,1.0,11.11,15.72,1.0,1.0,11.11,15.72,1.0,1.0,11.11,15.72,1.0,1.0,11.11,15.72,0.0,0.0,0.0,0.0,0.0,0.0,0.0,0.0,2.0,2.0,22.22,31.44,2.0,2.0,22.22,31.44,55.56,77.78,-22.22,94.33,-2.0,-2.0,-22.22,2.29,2.29,0.75,0.87,,0.5,1.0,0.26,1.0,0.0,0.5,0.33,0.0,0.0,0.22,22.22,1.0
5,新竹御嵿攻城獅,87|88|10862|10885|10888,蔡宸綱/盧冠軒/提傑/劉丞勳/帕塞獅,1,27,31.0,457.38,7.62,07:37,457.38,7.62,07:37,22.0,22.0,70.97,103.9,14.0,14.0,45.16,66.12,14.0,14.0,45.16,66.12,7.0,7.0,22.58,33.06,7.0,7.0,22.58,33.06,2.0,2.0,6.45,9.45,7.0,7.0,22.58,33.06,5.0,5.0,16.13,23.61,3.0,3.0,9.68,14.17,3.0,3.0,9.68,14.17,1.0,1.0,3.23,4.72,5.0,5.0,16.13,23.61,1.0,1.0,3.23,4.72,5.0,5.0,16.13,23.61,1.0,1.0,3.23,4.72,8.0,8.0,25.81,37.78,0.0,0.0,0.0,0.0,0.0,0.0,0.0,0.0,2.0,2.0,6.45,9.45,4.0,4.0,12.9,18.89,70.97,45.16,25.81,97.6,8.0,8.0,25.81,7.62,7.62,0.68,0.72,0.29,0.71,1.0,0.06,1.14,0.17,0.83,0.5,0.0,0.0,0.06,12.9,0.21
5,新竹御嵿攻城獅,87|88|10862|10888|14982,蔡宸綱/盧冠軒/提傑/帕塞獅/徐小龍,1,6,7.0,76.4,1.27,01:16,76.4,1.27,01:16,2.0,2.0,28.57,56.54,2.0,2.0,28.57,56.54,1.0,1.0,14.29,28.27,0.0,0.0,0.0,0.0,1.0,1.0,14.29,28.27,0.0,0.0,0.0,0.0,0.0,0.0,0.0,0.0,0.0,0.0,0.0,0.0,2.0,2.0,28.57,56.54,2.0,2.0,28.57,56.54,0.0,0.0,0.0,0.0,1.0,1.0,14.29,28.27,0.0,0.0,0.0,0.0,2.0,2.0,28.57,56.54,1.0,1.0,14.29,28.27,0.0,0.0,0.0,0.0,1.0,1.0,14.29,28.27,1.0,1.0,14.29,28.27,1.0,1.0,14.29,28.27,4.0,4.0,57.14,113.09,28.57,28.57,0.0,131.94,0.0,0.0,0.0,1.27,1.27,0.0,0.53,0.0,,1.0,0.35,,0.0,1.0,0.33,14.29,14.29,0.14,57.14,2.0
5,新竹御嵿攻城獅,75|88|10862|10885|10888,高國豪/盧冠軒/提傑/劉丞勳/帕塞獅,1,11,14.0,247.87,4.13,04:08,247.87,4.13,04:08,2.0,2.0,14.29,17.43,5.0,5.0,35.71,43.57,8.0,8.0,57.14,69.71,1.0,1.0,7.14,8.71,3.0,3.0,21.43,26.14,1.0,1.0,7.14,8.71,5.0,5.0,35.71,43.57,0.0,0.0,0.0,0.0,0.0,0.0,0.0,0.0,0.0,0.0,0.0,0.0,2.0,2.0,14.29,17.43,5.0,5.0,35.71,43.57,0.0,0.0,0.0,0.0,1.0,1.0,7.14,8.71,0.0,0.0,0.0,0.0,0.0,0.0,0.0,0.0,0.0,0.0,0.0,0.0,0.0,0.0,0.0,0.0,0.0,0.0,0.0,0.0,0.0,0.0,0.0,0.0,14.29,35.71,-21.43,81.33,-3.0,-3.0,-21.43,4.13,4.13,0.12,0.12,0.33,0.0,,0.0,0.0,0.67,1.0,0.88,0.0,0.0,0.0,0.0,0.0
5,新竹御嵿攻城獅,76|87|10885|10888|14843,曾柏喻/蔡宸綱/劉丞勳/帕塞獅/馬力,1,5,6.0,89.01,1.48,01:29,89.01,1.48,01:29,2.0,2.0,33.33,48.53,3.0,3.0,50.0,72.8,1.0,1.0,16.67,24.27,0.0,0.0,0.0,0.0,1.0,1.0,16.67,24.27,0.0,0.0,0.0,0.0,0.0,0.0,0.0,0.0,0.0,0.0,0.0,0.0,3.0,3.0,50.0,72.8,2.0,2.0,33.33,48.53,0.0,0.0,0.0,0.0,2.0,2.0,33.33,48.53,1.0,1.0,16.67,24.27,1.0,1.0,16.67,24.27,0.0,0.0,0.0,0.0,0.0,0.0,0.0,0.0,0.0,0.0,0.0,0.0,0.0,0.0,0.0,0.0,1.0,1.0,16.67,24.27,0.0,0.0,0.0,0.0,33.33,50.0,-16.67,97.07,-1.0,-1.0,-16.67,1.48,1.48,0.0,0.43,0.0,,0.67,0.0,,0.0,0.67,0.5,0.0,0.0,0.17,0.0,3.0
5,福爾摩沙夢想家,77|89|99|106|13906,馬建豪/蔣淯安/盧冠良/高柏鎧/班提爾,1,12,14.0,191.81,3.2,03:12,191.81,3.2,03:12,6.0,6.0,42.86,67.57,7.0,7.0,50.0,78.83,7.0,7.0,50.0,78.83,2.0,2.0,14.29,22.52,3.0,3.0,21.43,33.78,0.0,0.0,0.0,0.0,4.0,4.0,28.57,45.04,2.0,2.0,14.29,22.52,0.0,0.0,0.0,0.0,0.0,0.0,0.0,0.0,2.0,2.0,14.29,22.52,3.0,3.0,21.43,33.78,0.0,0.0,0.0,0.0,4.0,4.0,28.57,45.04,0.0,0.0,0.0,0.0,0.0,0.0,0.0,0.0,0.0,0.0,0.0,0.0,0.0,0.0,0.0,0.0,2.0,2.0,14.29,22.52,5.0,5.0,35.71,56.3,42.86,50.0,-7.14,105.1,-1.0,-1.0,-7.14,3.2,3.2,0.43,0.43,0.0,0.5,,0.0,0.0,0.33,1.0,0.56,0.0,0.0,0.14,35.71,0.0
5,新竹御嵿攻城獅,75|76|10862|10885|10888,高國豪/曾柏喻/提傑/劉丞勳/帕塞獅,1,3,4.0,52.0,0.87,00:52,52.0,0.87,00:52,0.0,0.0,0.0,0.0,2.0,2.0,50.0,83.08,1.0,1.0,25.0,41.54,0.0,0.0,0.0,0.0,1.0,1.0,25.0,41.54,0.0,0.0,0.0,0.0,0.0,0.0,0.0,0.0,0.0,0.0,0.0,0.0,0.0,0.0,0.0,0.0,0.0,0.0,0.0,0.0,0.0,0.0,0.0,0.0,1.0,1.0,25.0,41.54,1.0,1.0,25.0,41.54,0.0,0.0,0.0,0.0,0.0,0.0,0.0,0.0,0.0,0.0,0.0,0.0,0.0,0.0,0.0,0.0,0.0,0.0,0.0,0.0,0.0,0.0,0.0,0.0,0.0,0.0,0.0,0.0,0.0,50.0,-50.0,110.77,-2.0,-2.0,-50.0,0.87,0.87,0.0,0.0,0.0,,,0.0,,,0.5,0.5,0.0,0.0,0.0,0.0,0.0
5,新竹御嵿攻城獅,87|88|10862|10885|14843,蔡宸綱/盧冠軒/提傑/劉丞勳/馬力,1,20,22.0,306.4,5.11,05:06,306.4,5.11,05:06,13.0,13.0,59.09,91.64,18.0,18.0,81.82,126.89,7.0,7.0,31.82,49.35,4.0,4.0,18.18,28.2,4.0,4.0,18.18,28.2,3.0,3.0,13.64,21.15,3.0,3.0,13.64,21.15,1.0,1.0,4.55,7.05,4.0,4.0,18.18,28.2,3.0,3.0,13.64,21.15,1.0,1.0,4.55,7.05,3.0,3.0,13.64,21.15,1.0,1.0,4.55,7.05,0.0,0.0,0.0,0.0,1.0,1.0,4.55,7.05,4.0,4.0,18.18,28.2,1.0,1.0,4.55,7.05,0.0,0.0,0.0,0.0,5.0,5.0,22.73,35.25,2.0,2.0,9.09,14.1,59.09,81.82,-22.73,103.39,-5.0,-5.0,-22.73,5.11,5.11,0.64,0.74,0.75,0.33,0.75,0.1,1.0,1.0,0.75,0.8,4.55,0.0,0.23,9.09,0.57
5,福爾摩沙夢想家,77|89|103|106|13906,馬建豪/蔣淯安/忻沃克/高柏鎧/班提爾,1,17,20.0,228.4,3.81,03:48,228.4,3.81,03:48,12.0,12.0,60.0,113.49,7.0,7.0,35.0,66.2,6.0,6.0,30.0,56.74,3.0,3.0,15.0,28.37,4.0,4.0,20.0,37.83,2.0,2.0,10.0,18.91,2.0,2.0,10.0,18.91,1.0,1.0,5.0,9.46,5.0,5.0,25.0,47.29,5.0,5.0,25.0,47.29,1.0,1.0,5.0,9.46,1.0,1.0,5.0,9.46,2.0,2.0,10.0,18.91,3.0,3.0,15.0,28.37,1.0,1.0,5.0,9.46,1.0,1.0,5.0,9.46,0.0,0.0,0.0,0.0,0.0,0.0,0.0,0.0,3.0,3.0,15.0,28.37,6.0,6.0,30.0,56.74,60.0,35.0,25.0,126.09,5.0,5.0,25.0,3.81,3.81,0.58,0.73,0.5,0.5,1.0,0.11,0.33,0.25,0.33,0.29,0.0,0.0,0.15,30.0,0.83
5,新竹御嵿攻城獅,76|87|10862|10885|10888,曾柏喻/蔡宸綱/提傑/劉丞勳/帕塞獅,1,6,7.0,118.08,1.97,01:58,118.08,1.97,01:58,2.0,2.0,28.57,36.59,0.0,0.0,0.0,0.0,3.0,3.0,42.86,54.88,1.0,1.0,14.29,18.29,2.0,2.0,28.57,36.59,1.0,1.0,14.29,18.29,1.0,1.0,14.29,18.29,0.0,0.0,0.0,0.0,2.0,2.0,28.57,36.59,2.0,2.0,28.57,36.59,0.0,0.0,0.0,0.0,2.0,2.0,28.57,36.59,1.0,1.0,14.29,18.29,3.0,3.0,42.86,54.88,0.0,0.0,0.0,0.0,0.0,0.0,0.0,0.0,0.0,0.0,0.0,0.0,1.0,1.0,14.29,18.29,0.0,0.0,0.0,0.0,0.0,0.0,0.0,0.0,28.57,0.0,28.57,85.37,2.0,2.0,28.57,1.97,1.97,0.33,0.26,0.5,0.0,1.0,0.0,0.0,0.0,0.67,0.33,0.0,14.29,0.0,0.0,0.67
5,福爾摩沙夢想家,73|83|95|103|107,陳振傑/吳家駿/李德威/忻沃克/霍爾曼,1,8,10.0,67.2,1.12,01:07,67.2,1.12,01:07,7.0,7.0,70.0,225.0,11.0,11.0,110.0,353.57,0.0,0.0,0.0,0.0,0.0,0.0,0.0,0.0,0.0,0.0,0.0,0.0,0.0,0.0,0.0,0.0,0.0,0.0,0.0,0.0,0.0,0.0,0.0,0.0,8.0,8.0,80.0,257.14,7.0,7.0,70.0,225.0,0.0,0.0,0.0,0.0,1.0,1.0,10.0,32.14,1.0,1.0,10.0,32.14,1.0,1.0,10.0,32.14,0.0,0.0,0.0,0.0,0.0,0.0,0.0,0.0,0.0,0.0,0.0,0.0,0.0,0.0,0.0,0.0,4.0,4.0,40.0,128.57,0.0,0.0,0.0,0.0,70.0,110.0,-40.0,214.29,-4.0,-4.0,-40.0,1.12,1.12,,0.99,,,0.88,0.0,,0.0,0.5,0.33,0.0,0.0,0.4,0.0,
5,桃園台啤永豐雲豹,16|54|57|62|68,米勒/高錦瑋/莊博元/王皓吉/克羅馬,3,34,39.0,602.37,10.04,10:02,200.79,3.35,03:21,21.0,7.0,53.85,75.3,26.0,8.67,66.67,93.23,14.0,4.67,35.9,50.2,7.0,2.33,17.95,25.1,8.0,2.67,20.51,28.69,5.0,1.67,12.82,17.93,6.0,2.0,15.38,21.52,2.0,0.67,5.13,7.17,7.0,2.33,17.95,25.1,5.0,1.67,12.82,17.93,2.0,0.67,5.13,7.17,6.0,2.0,15.38,21.52,2.0,0.67,5.13,7.17,6.0,2.0,15.38,21.52,3.0,1.0,7.69,10.76,7.0,2.33,17.95,25.1,2.0,0.67,5.13,7.17,0.0,0.0,0.0,0.0,5.0,1.67,12.82,17.93,2.0,0.67,5.13,7.17,53.85,66.67,-12.82,93.23,-5.0,-1.67,-12.82,10.04,3.35,0.57,0.61,0.62,0.33,0.71,0.15,1.0,0.25,0.75,0.5,5.13,0.0,0.13,5.13,0.5
5,桃園台啤永豐雲豹,16|54|57|68|3129,米勒/高錦瑋/莊博元/克羅馬/董永全,2,36,44.0,509.91,8.5,08:30,254.96,4.25,04:15,17.0,8.5,38.64,72.01,15.0,7.5,34.09,63.54,15.0,7.5,34.09,63.54,8.0,4.0,18.18,33.89,13.0,6.5,29.55,55.07,8.0,4.0,18.18,33.89,2.0,1.0,4.55,8.47,0.0,0.0,0.0,0.0,5.0,2.5,11.36,21.18,3.0,1.5,6.82,12.71,2.0,1.0,4.55,8.47,6.0,3.0,13.64,25.42,2.0,1.0,4.55,8.47,8.0,4.0,18.18,33.89,4.0,2.0,9.09,16.94,4.0,2.0,9.09,16.94,2.0,1.0,4.55,8.47,0.0,0.0,0.0,0.0,4.0,2.0,9.09,16.94,4.0,2.0,9.09,16.94,38.64,34.09,4.55,124.26,2.0,1.0,4.55,8.5,4.25,0.53,0.49,0.62,0.0,0.6,0.19,0.5,0.2,0.75,0.44,4.55,0.0,0.09,9.09,0.33
5,桃園台啤永豐雲豹,16|54|58|68|3129,米勒/高錦瑋/林信寬/克羅馬/董永全,3,141,167.0,2278.92,37.98,37:59,759.64,12.66,12:40,70.0,23.33,41.92,66.35,63.0,21.0,37.72,59.71,63.0,21.0,37.72,59.71,22.0,7.33,13.17,20.85,36.0,12.0,21.56,34.12,13.0,4.33,7.78,12.32,27.0,9.0,16.17,25.59,9.0,3.0,5.39,8.53,20.0,6.67,11.98,18.96,13.0,4.33,7.78,12.32,13.0,4.33,7.78,12.32,31.0,10.33,18.56,29.38,13.0,4.33,7.78,12.32,18.0,6.0,10.78,17.06,9.0,3.0,5.39,8.53,13.0,4.33,7.78,12.32,5.0,1.67,2.99,4.74,4.0,1.33,2.4,3.79,24.0,8.0,14.37,22.75,14.0,4.67,8.38,13.27,41.92,37.72,4.19,105.52,7.0,2.33,4.19,37.98,12.66,0.42,0.49,0.36,0.33,0.65,0.11,0.59,0.42,0.7,0.59,2.99,2.4,0.14,8.38,0.32
5,桃園台啤永豐雲豹,54|58|68|3129|10861,高錦瑋/林信寬/克羅馬/董永全/迪亞洛,1,12,14.0,188.98,3.15,03:09,188.98,3.15,03:09,7.0,7.0,50.0,80.01,7.0,7.0,50.0,80.01,4.0,4.0,28.57,45.72,3.0,3.0,21.43,34.29,3.0,3.0,21.43,34.29,3.0,3.0,21.43,34.29,1.0,1.0,7.14,11.43,0.0,0.0,0.0,0.0,3.0,3.0,21.43,34.29,1.0,1.0,7.14,11.43,1.0,1.0,7.14,11.43,1.0,1.0,7.14,11.43,1.0,1.0,7.14,11.43,2.0,2.0,14.29,22.86,1.0,1.0,7.14,11.43,2.0,2.0,14.29,22.86,0.0,0.0,0.0,0.0,0.0,0.0,0.0,0.0,3.0,3.0,21.43,34.29,2.0,2.0,14.29,22.86,50.0,50.0,0.0,106.68,0.0,0.0,0.0,3.15,3.15,0.75,0.66,1.0,0.0,0.33,0.16,0.67,0.33,0.5,0.4,0.0,0.0,0.21,14.29,0.75
5,新北國王,21|24|10872|13029|14038,李愷諺/蘇士軒/林彥廷/杰倫/飛米,2,16,21.0,272.26,4.54,04:32,136.13,2.27,02:16,7.0,3.5,33.33,55.53,14.0,7.0,66.67,111.07,7.0,3.5,33.33,55.53,2.0,1.0,9.52,15.87,1.0,0.5,4.76,7.93,0.0,0.0,0.0,0.0,6.0,3.0,28.57,47.6,2.0,1.0,9.52,15.87,4.0,2.0,19.05,31.73,1.0,0.5,4.76,7.93,2.0,1.0,9.52,15.87,4.0,2.0,19.05,31.73,3.0,1.5,14.29,23.8,1.0,0.5,4.76,7.93,1.0,0.5,4.76,7.93,2.0,1.0,9.52,15.87,0.0,0.0,0.0,0.0,0.0,0.0,0.0,0.0,1.0,0.5,4.76,7.93,1.0,0.5,4.76,7.93,33.33,66.67,-33.33,111.07,-7.0,-3.5,-33.33,4.54,2.27,0.43,0.4,0.0,0.33,0.25,0.1,1.0,0.67,0.57,0.6,0.0,0.0,0.05,4.76,0.57
5,新北國王,21|10872|10874|13029|14038,李愷諺/林彥廷/熊祥泰/杰倫/飛米,1,16,21.0,235.55,3.93,03:56,235.55,3.93,03:56,10.0,10.0,47.62,91.7,12.0,12.0,57.14,110.04,5.0,5.0,23.81,45.85,2.0,2.0,9.52,18.34,4.0,4.0,19.05,36.68,2.0,2.0,9.52,18.34,1.0,1.0,4.76,9.17,0.0,0.0,0.0,0.0,5.0,5.0,23.81,45.85,5.0,5.0,23.81,45.85,1.0,1.0,4.76,9.17,2.0,2.0,9.52,18.34,3.0,3.0,14.29,27.51,2.0,2.0,9.52,18.34,2.0,2.0,9.52,18.34,1.0,1.0,4.76,9.17,1.0,1.0,4.76,9.17,0.0,0.0,0.0,0.0,2.0,2.0,9.52,18.34,3.0,3.0,14.29,27.51,47.62,57.14,-9.52,128.38,-2.0,-2.0,-9.52,3.93,3.93,0.4,0.69,0.5,0.0,1.0,0.22,0.5,0.33,0.4,0.38,4.76,0.0,0.1,14.29,1.0
5,桃園台啤永豐雲豹,12|58|68|3129|10861,曹薰襄/林信寬/克羅馬/董永全/迪亞洛,1,14,16.0,185.66,3.09,03:06,185.66,3.09,03:06,5.0,5.0,31.25,58.17,8.0,8.0,50.0,93.07,6.0,6.0,37.5,69.81,2.0,2.0,12.5,23.27,4.0,4.0,25.0,46.54,2.0,2.0,12.5,23.27,2.0,2.0,12.5,23.27,0.0,0.0,0.0,0.0,2.0,2.0,12.5,23.27,1.0,1.0,6.25,11.63,1.0,1.0,6.25,11.63,4.0,4.0,25.0,46.54,0.0,0.0,0.0,0.0,3.0,3.0,18.75,34.9,1.0,1.0,6.25,11.63,1.0,1.0,6.25,11.63,1.0,1.0,6.25,11.63,1.0,1.0,6.25,11.63,2.0,2.0,12.5,23.27,0.0,0.0,0.0,0.0,31.25,50.0,-18.75,124.1,-3.0,-3.0,-18.75,3.09,3.09,0.33,0.36,0.5,0.0,0.5,0.13,0.5,0.25,1.0,0.62,6.25,6.25,0.12,0.0,0.33
5,新北國王,25|29|32|10872|14038,林金榜/林書緯/奧帝/林彥廷/飛米,1,2,3.0,27.0,0.45,00:27,27.0,0.45,00:27,0.0,0.0,0.0,0.0,0.0,0.0,0.0,0.0,1.0,1.0,33.33,80.0,0.0,0.0,0.0,0.0,1.0,1.0,33.33,80.0,0.0,0.0,0.0,0.0,0.0,0.0,0.0,0.0,0.0,0.0,0.0,0.0,0.0,0.0,0.0,0.0,0.0,0.0,0.0,0.0,0.0,0.0,0.0,0.0,1.0,1.0,33.33,80.0,0.0,0.0,0.0,0.0,1.0,1.0,33.33,80.0,1.0,1.0,33.33,80.0,0.0,0.0,0.0,0.0,0.0,0.0,0.0,0.0,1.0,1.0,33.33,80.0,0.0,0.0,0.0,0.0,0.0,0.0,0.0,0.0,0.0,0.0,0.0,160.0,0.0,0.0,0.0,0.45,0.45,0.0,0.0,0.0,,,0.5,,0.0,1.0,0.5,0.0,33.33,0.0,0.0,0.0
5,桃園台啤永豐雲豹,12|16|57|58|68,曹薰襄/米勒/莊博元/林信寬/克羅馬,1,2,2.0,10.16,0.17,00:10,10.16,0.17,00:10,0.0,0.0,0.0,0.0,3.0,3.0,150.0,637.92,0.0,0.0,0.0,0.0,0.0,0.0,0.0,0.0,0.0,0.0,0.0,0.0,0.0,0.0,0.0,0.0,0.0,0.0,0.0,0.0,0.0,0.0,0.0,0.0,2.0,2.0,100.0,425.28,0.0,0.0,0.0,0.0,0.0,0.0,0.0,0.0,1.0,1.0,50.0,212.64,0.0,0.0,0.0,0.0,0.0,0.0,0.0,0.0,0.0,0.0,0.0,0.0,0.0,0.0,0.0,0.0,0.0,0.0,0.0,0.0,0.0,0.0,0.0,0.0,0.0,0.0,0.0,0.0,0.0,0.0,0.0,0.0,0.0,150.0,-150.0,283.52,-3.0,-3.0,-150.0,0.17,0.17,,0.0,,,0.0,0.0,,,1.0,1.0,0.0,0.0,0.0,0.0,
5,桃園台啤永豐雲豹,12|16|57|58|10861,曹薰襄/米勒/莊博元/林信寬/迪亞洛,1,11,14.0,180.0,3.0,03:00,180.0,3.0,03:00,6.0,6.0,42.86,72.0,7.0,7.0,50.0,84.0,4.0,4.0,28.57,48.0,2.0,2.0,14.29,24.0,4.0,4.0,28.57,48.0,2.0,2.0,14.29,24.0,0.0,0.0,0.0,0.0,0.0,0.0,0.0,0.0,3.0,3.0,21.43,36.0,2.0,2.0,14.29,24.0,0.0,0.0,0.0,0.0,2.0,2.0,14.29,24.0,2.0,2.0,14.29,24.0,1.0,1.0,7.14,12.0,0.0,0.0,0.0,0.0,2.0,2.0,14.29,24.0,0.0,0.0,0.0,0.0,2.0,2.0,14.29,24.0,3.0,3.0,21.43,36.0,0.0,0.0,0.0,0.0,42.86,50.0,-7.14,112.0,-1.0,-1.0,-7.14,3.0,3.0,0.5,0.56,0.5,,0.67,0.0,1.0,0.0,0.5,0.4,0.0,14.29,0.21,0.0,0.75
5,桃園台啤永豐雲豹,16|54|57|58|10861,米勒/高錦瑋/莊博元/林信寬/迪亞洛,1,7,7.0,101.0,1.68,01:41,101.0,1.68,01:41,7.0,7.0,100.0,149.7,2.0,2.0,28.57,42.77,3.0,3.0,42.86,64.16,3.0,3.0,42.86,64.16,2.0,2.0,28.57,42.77,2.0,2.0,28.57,42.77,1.0,1.0,14.29,21.39,1.0,1.0,14.29,21.39,0.0,0.0,0.0,0.0,0.0,0.0,0.0,0.0,0.0,0.0,0.0,0.0,0.0,0.0,0.0,0.0,0.0,0.0,0.0,0.0,1.0,1.0,14.29,21.39,1.0,1.0,14.29,21.39,1.0,1.0,14.29,21.39,1.0,1.0,14.29,21.39,0.0,0.0,0.0,0.0,1.0,1.0,14.29,21.39,0.0,0.0,0.0,0.0,100.0,28.57,71.43,99.8,5.0,5.0,71.43,1.68,1.68,1.17,1.17,1.0,1.0,,0.25,0.33,0.0,,0.0,14.29,0.0,0.14,0.0,0.0
5,桃園台啤永豐雲豹,16|54|57|58|68,米勒/高錦瑋/莊博元/林信寬/克羅馬,3,41,51.0,678.7,11.31,11:19,226.23,3.77,03:46,31.0,10.33,60.78,98.66,25.0,8.33,49.02,79.56,24.0,8.0,47.06,76.38,12.0,4.0,23.53,38.19,16.0,5.33,31.37,50.92,11.0,3.67,21.57,35.01,8.0,2.67,15.69,25.46,1.0,0.33,1.96,3.18,10.0,3.33,19.61,31.83,8.0,2.67,15.69,25.46,6.0,2.0,11.76,19.1,8.0,2.67,15.69,25.46,3.0,1.0,5.88,9.55,7.0,2.33,13.73,22.28,0.0,0.0,0.0,0.0,5.0,1.67,9.8,15.91,0.0,0.0,0.0,0.0,0.0,0.0,0.0,0.0,4.0,1.33,7.84,12.73,5.0,1.67,9.8,15.91,60.78,49.02,11.76,108.21,6.0,2.0,11.76,11.31,3.77,0.52,0.55,0.69,0.12,0.8,0.0,0.42,0.46,0.73,0.58,0.0,0.0,0.08,9.8,0.42
5,桃園台啤永豐雲豹,16|54|58|3129|10861,米勒/高錦瑋/林信寬/董永全/迪亞洛,1,11,14.0,167.0,2.78,02:47,167.0,2.78,02:47,9.0,9.0,64.29,116.41,7.0,7.0,50.0,90.54,4.0,4.0,28.57,51.74,3.0,3.0,21.43,38.8,3.0,3.0,21.43,38.8,3.0,3.0,21.43,38.8,1.0,1.0,7.14,12.93,0.0,0.0,0.0,0.0,3.0,3.0,21.43,38.8,3.0,3.0,21.43,38.8,0.0,0.0,0.0,0.0,1.0,1.0,7.14,12.93,1.0,1.0,7.14,12.93,3.0,3.0,21.43,38.8,1.0,1.0,7.14,12.93,0.0,0.0,0.0,0.0,0.0,0.0,0.0,0.0,0.0,0.0,0.0,0.0,2.0,2.0,14.29,25.87,1.0,1.0,7.14,12.93,64.29,50.0,14.29,120.72,2.0,2.0,14.29,2.78,2.78,0.75,0.85,1.0,0.0,1.0,0.16,0.0,0.0,0.5,0.2,0.0,0.0,0.14,7.14,0.75
5,桃園台啤永豐雲豹,54|57|58|68|10861,高錦瑋/莊博元/林信寬/克羅馬/迪亞洛,1,24,29.0,355.01,5.92,05:55,355.01,5.92,05:55,18.0,18.0,62.07,109.52,13.0,13.0,44.83,79.1,8.0,8.0,27.59,48.67,6.0,6.0,20.69,36.51,6.0,6.0,20.69,36.51,5.0,5.0,17.24,30.42,2.0,2.0,6.9,12.17,1.0,1.0,3.45,6.08,5.0,5.0,17.24,30.42,5.0,5.0,17.24,30.42,1.0,1.0,3.45,6.08,1.0,1.0,3.45,6.08,4.0,4.0,13.79,24.34,4.0,4.0,13.79,24.34,3.0,3.0,10.34,18.25,4.0,4.0,13.79,24.34,3.0,3.0,10.34,18.25,0.0,0.0,0.0,0.0,2.0,2.0,6.9,12.17,7.0,7.0,24.14,42.59,62.07,44.83,17.24,117.63,5.0,5.0,17.24,5.92,5.92,0.81,0.88,0.83,0.5,1.0,0.23,0.67,0.2,0.2,0.2,10.34,0.0,0.07,24.14,0.62
5,桃園台啤永豐雲豹,12|58|62|68|10861,曹薰襄/林信寬/王皓吉/克羅馬/迪亞洛,1,14,16.0,171.85,2.86,02:52,171.85,2.86,02:52,2.0,2.0,12.5,25.14,8.0,8.0,50.0,100.55,7.0,7.0,43.75,87.98,1.0,1.0,6.25,12.57,6.0,6.0,37.5,75.42,1.0,1.0,6.25,12.57,1.0,1.0,6.25,12.57,0.0,0.0,0.0,0.0,0.0,0.0,0.0,0.0,0.0,0.0,0.0,0.0,2.0,2.0,12.5,25.14,3.0,3.0,18.75,37.71,0.0,0.0,0.0,0.0,3.0,3.0,18.75,37.71,1.0,1.0,6.25,12.57,1.0,1.0,6.25,12.57,0.0,0.0,0.0,0.0,2.0,2.0,12.5,25.14,1.0,1.0,6.25,12.57,6.0,6.0,37.5,75.42,12.5,50.0,-37.5,134.07,-6.0,-6.0,-37.5,2.86,2.86,0.14,0.14,0.17,0.0,,0.12,1.0,0.4,1.0,0.62,0.0,12.5,0.06,37.5,0.0
5,新北國王,21|23|25|10872|14038,李愷諺/王柏智/林金榜/林彥廷/飛米,1,3,3.0,20.37,0.34,00:20,20.37,0.34,00:20,3.0,3.0,100.0,318.18,0.0,0.0,0.0,0.0,0.0,0.0,0.0,0.0,0.0,0.0,0.0,0.0,0.0,0.0,0.0,0.0,0.0,0.0,0.0,0.0,0.0,0.0,0.0,0.0,0.0,0.0,0.0,0.0,4.0,4.0,133.33,424.24,3.0,3.0,100.0,318.18,0.0,0.0,0.0,0.0,1.0,1.0,33.33,106.06,0.0,0.0,0.0,0.0,1.0,1.0,33.33,106.06,0.0,0.0,0.0,0.0,0.0,0.0,0.0,0.0,0.0,0.0,0.0,0.0,0.0,0.0,0.0,0.0,1.0,1.0,33.33,106.06,0.0,0.0,0.0,0.0,100.0,0.0,100.0,212.12,3.0,3.0,100.0,0.34,0.34,,0.85,,,0.75,0.0,,0.0,1.0,0.5,0.0,0.0,0.33,0.0,
5,新北國王,21|25|32|10872|14038,李愷諺/林金榜/奧帝/林彥廷/飛米,1,1,1.0,2.0,0.03,00:02,2.0,0.03,00:02,0.0,0.0,0.0,0.0,0.0,0.0,0.0,0.0,0.0,0.0,0.0,0.0,0.0,0.0,0.0,0.0,0.0,0.0,0.0,0.0,0.0,0.0,0.0,0.0,0.0,0.0,0.0,0.0,0.0,0.0,0.0,0.0,0.0,0.0,0.0,0.0,0.0,0.0,0.0,0.0,0.0,0.0,0.0,0.0,0.0,0.0,0.0,0.0,0.0,0.0,0.0,0.0,0.0,0.0,0.0,0.0,0.0,0.0,0.0,0.0,0.0,0.0,0.0,0.0,0.0,0.0,0.0,0.0,0.0,0.0,0.0,0.0,0.0,0.0,0.0,0.0,0.0,0.0,0.0,0.0,0.0,0.0,0.0,720.0,0.0,0.0,0.0,0.03,0.03,,,,,,,,,,,0.0,0.0,0.0,0.0,
5,桃園台啤永豐雲豹,16|54|58|62|68,米勒/高錦瑋/林信寬/王皓吉/克羅馬,1,5,6.0,102.0,1.7,01:42,102.0,1.7,01:42,2.0,2.0,33.33,42.35,6.0,6.0,100.0,127.06,3.0,3.0,50.0,63.53,1.0,1.0,16.67,21.18,2.0,2.0,33.33,42.35,1.0,1.0,16.67,21.18,1.0,1.0,16.67,21.18,0.0,0.0,0.0,0.0,0.0,0.0,0.0,0.0,0.0,0.0,0.0,0.0,1.0,1.0,16.67,21.18,1.0,1.0,16.67,21.18,0.0,0.0,0.0,0.0,1.0,1.0,16.67,21.18,1.0,1.0,16.67,21.18,1.0,1.0,16.67,21.18,1.0,1.0,16.67,21.18,0.0,0.0,0.0,0.0,0.0,0.0,0.0,0.0,0.0,0.0,0.0,0.0,33.33,100.0,-66.67,84.71,-4.0,-4.0,-66.67,1.7,1.7,0.33,0.33,0.5,0.0,,0.25,1.0,0.5,1.0,0.67,16.67,0.0,0.0,0.0,0.0
5,桃園台啤永豐雲豹,54|57|68|3129|10861,高錦瑋/莊博元/克羅馬/董永全/迪亞洛,1,2,2.0,36.0,0.6,00:36,36.0,0.6,00:36,2.0,2.0,100.0,120.0,0.0,0.0,0.0,0.0,1.0,1.0,50.0,60.0,1.0,1.0,50.0,60.0,1.0,1.0,50.0,60.0,1.0,1.0,50.0,60.0,0.0,0.0,0.0,0.0,0.0,0.0,0.0,0.0,0.0,0.0,0.0,0.0,0.0,0.0,0.0,0.0,0.0,0.0,0.0,0.0,0.0,0.0,0.0,0.0,0.0,0.0,0.0,0.0,1.0,1.0,50.0,60.0,0.0,0.0,0.0,0.0,1.0,1.0,50.0,60.0,0.0,0.0,0.0,0.0,0.0,0.0,0.0,0.0,1.0,1.0,50.0,60.0,0.0,0.0,0.0,0.0,100.0,0.0,100.0,80.0,2.0,2.0,100.0,0.6,0.6,1.0,1.0,1.0,,,0.0,1.0,0.0,,0.0,0.0,0.0,0.5,0.0,0.0
5,新北國王,21|29|34|10872|14038,李愷諺/林書緯/沃許本/林彥廷/飛米,1,10,13.0,102.57,1.71,01:43,102.57,1.71,01:43,4.0,4.0,30.77,84.23,9.0,9.0,69.23,189.53,4.0,4.0,30.77,84.23,2.0,2.0,15.38,42.12,3.0,3.0,23.08,63.18,2.0,2.0,15.38,42.12,1.0,1.0,7.69,21.06,0.0,0.0,0.0,0.0,0.0,0.0,0.0,0.0,0.0,0.0,0.0,0.0,1.0,1.0,7.69,21.06,1.0,1.0,7.69,21.06,2.0,2.0,15.38,42.12,0.0,0.0,0.0,0.0,2.0,2.0,15.38,42.12,0.0,0.0,0.0,0.0,2.0,2.0,15.38,42.12,0.0,0.0,0.0,0.0,1.0,1.0,7.69,21.06,3.0,3.0,23.08,63.18,30.77,69.23,-38.46,182.51,-5.0,-5.0,-38.46,1.71,1.71,0.5,0.5,0.67,0.0,,0.33,0.0,1.0,0.33,0.5,15.38,0.0,0.08,23.08,0.0
5,桃園台啤永豐雲豹,12|57|58|68|10860,曹薰襄/莊博元/林信寬/克羅馬/麥卡洛,1,2,2.0,33.02,0.55,00:33,33.02,0.55,00:33,0.0,0.0,0.0,0.0,0.0,0.0,0.0,0.0,1.0,1.0,50.0,65.42,0.0,0.0,0.0,0.0,1.0,1.0,50.0,65.42,0.0,0.0,0.0,0.0,0.0,0.0,0.0,0.0,0.0,0.0,0.0,0.0,0.0,0.0,0.0,0.0,0.0,0.0,0.0,0.0,0.0,0.0,0.0,0.0,1.0,1.0,50.0,65.42,0.0,0.0,0.0,0.0,1.0,1.0,50.0,65.42,0.0,0.0,0.0,0.0,0.0,0.0,0.0,0.0,0.0,0.0,0.0,0.0,0.0,0.0,0.0,0.0,0.0,0.0,0.0,0.0,1.0,1.0,50.0,65.42,0.0,0.0,0.0,87.23,0.0,0.0,0.0,0.55,0.55,0.0,0.0,0.0,,,0.0,,0.0,1.0,0.5,0.0,0.0,0.0,50.0,0.0
5,新北國王,21|28|34|10872|13029,李愷諺/呂政儒/沃許本/林彥廷/杰倫,1,6,7.0,82.38,1.37,01:22,82.38,1.37,01:22,4.0,4.0,57.14,104.88,2.0,2.0,28.57,52.44,0.0,0.0,0.0,0.0,0.0,0.0,0.0,0.0,0.0,0.0,0.0,0.0,0.0,0.0,0.0,0.0,0.0,0.0,0.0,0.0,0.0,0.0,0.0,0.0,5.0,5.0,71.43,131.1,4.0,4.0,57.14,104.88,0.0,0.0,0.0,0.0,1.0,1.0,14.29,26.22,1.0,1.0,14.29,26.22,2.0,2.0,28.57,52.44,0.0,0.0,0.0,0.0,0.0,0.0,0.0,0.0,0.0,0.0,0.0,0.0,0.0,0.0,0.0,0.0,2.0,2.0,28.57,52.44,0.0,0.0,0.0,0.0,57.14,28.57,28.57,122.36,2.0,2.0,28.57,1.37,1.37,,0.91,,,0.8,0.0,,0.0,0.5,0.25,0.0,0.0,0.29,0.0,
5,桃園台啤永豐雲豹,12|57|62|68|10860,曹薰襄/莊博元/王皓吉/克羅馬/麥卡洛,2,41,46.0,582.0,9.7,09:42,291.0,4.85,04:51,22.0,11.0,47.83,81.65,25.0,12.5,54.35,92.78,15.0,7.5,32.61,55.67,8.0,4.0,17.39,29.69,8.0,4.0,17.39,29.69,6.0,3.0,13.04,22.27,7.0,3.5,15.22,25.98,2.0,1.0,4.35,7.42,8.0,4.0,17.39,29.69,4.0,2.0,8.7,14.85,1.0,0.5,2.17,3.71,6.0,3.0,13.04,22.27,1.0,0.5,2.17,3.71,7.0,3.5,15.22,25.98,4.0,2.0,8.7,14.85,6.0,3.0,13.04,22.27,3.0,1.5,6.52,11.13,0.0,0.0,0.0,0.0,5.0,2.5,10.87,18.56,12.0,6.0,26.09,44.54,47.83,54.35,-6.52,113.82,-3.0,-1.5,-6.52,9.7,4.85,0.6,0.59,0.75,0.29,0.5,0.18,0.75,0.12,0.86,0.47,6.52,0.0,0.11,26.09,0.53
5,新北國王,28|29|34|10872|13029,呂政儒/林書緯/沃許本/林彥廷/杰倫,2,17,19.0,265.68,4.43,04:26,132.84,2.21,02:13,10.0,5.0,52.63,81.3,7.0,3.5,36.84,56.91,7.0,3.5,36.84,56.91,3.0,1.5,15.79,24.39,3.0,1.5,15.79,24.39,2.0,1.0,10.53,16.26,4.0,2.0,21.05,32.52,1.0,0.5,5.26,8.13,4.0,2.0,21.05,32.52,3.0,1.5,15.79,24.39,2.0,1.0,10.53,16.26,3.0,1.5,15.79,24.39,0.0,0.0,0.0,0.0,2.0,1.0,10.53,16.26,2.0,1.0,10.53,16.26,3.0,1.5,15.79,24.39,2.0,1.0,10.53,16.26,0.0,0.0,0.0,0.0,3.0,1.5,15.79,24.39,2.0,1.0,10.53,16.26,52.63,36.84,15.79,102.98,3.0,1.5,15.79,4.43,2.21,0.5,0.57,0.67,0.25,0.75,0.19,1.0,0.5,1.0,0.71,10.53,0.0,0.16,10.53,0.57
5,桃園台啤永豐雲豹,12|16|57|62|10860,曹薰襄/米勒/莊博元/王皓吉/麥卡洛,2,22,25.0,314.79,5.25,05:15,157.4,2.62,02:37,13.0,6.5,52.0,89.2,9.0,4.5,36.0,61.76,10.0,5.0,40.0,68.62,5.0,2.5,20.0,34.31,7.0,3.5,28.0,48.03,4.0,2.0,16.0,27.45,3.0,1.5,12.0,20.59,1.0,0.5,4.0,6.86,2.0,1.0,8.0,13.72,2.0,1.0,8.0,13.72,2.0,1.0,8.0,13.72,3.0,1.5,12.0,20.59,2.0,1.0,8.0,13.72,3.0,1.5,12.0,20.59,2.0,1.0,8.0,13.72,3.0,1.5,12.0,20.59,2.0,1.0,8.0,13.72,0.0,0.0,0.0,0.0,0.0,0.0,0.0,0.0,6.0,3.0,24.0,41.17,52.0,36.0,16.0,114.36,4.0,2.0,16.0,5.25,2.62,0.55,0.6,0.57,0.33,1.0,0.16,0.6,0.4,0.6,0.5,8.0,0.0,0.0,24.0,0.2
5,新北國王,21|22|34|10872|14038,李愷諺/簡祐哲/沃許本/林彥廷/飛米,1,2,2.0,5.64,0.09,00:06,5.64,0.09,00:06,0.0,0.0,0.0,0.0,2.0,2.0,100.0,765.96,0.0,0.0,0.0,0.0,0.0,0.0,0.0,0.0,0.0,0.0,0.0,0.0,0.0,0.0,0.0,0.0,0.0,0.0,0.0,0.0,0.0,0.0,0.0,0.0,0.0,0.0,0.0,0.0,0.0,0.0,0.0,0.0,0.0,0.0,0.0,0.0,0.0,0.0,0.0,0.0,0.0,0.0,0.0,0.0,1.0,1.0,50.0,382.98,0.0,0.0,0.0,0.0,0.0,0.0,0.0,0.0,0.0,0.0,0.0,0.0,0.0,0.0,0.0,0.0,0.0,0.0,0.0,0.0,2.0,2.0,100.0,765.96,0.0,100.0,-100.0,510.64,-2.0,-2.0,-100.0,0.09,0.09,,,,,,,,0.0,,0.0,0.0,0.0,0.0,100.0,
5,新北國王,22|29|34|10872|14038,簡祐哲/林書緯/沃許本/林彥廷/飛米,1,10,12.0,208.06,3.47,03:28,208.06,3.47,03:28,8.0,8.0,66.67,83.05,8.0,8.0,66.67,83.05,5.0,5.0,41.67,51.91,3.0,3.0,25.0,31.14,3.0,3.0,25.0,31.14,2.0,2.0,16.67,20.76,2.0,2.0,16.67,20.76,1.0,1.0,8.33,10.38,2.0,2.0,16.67,20.76,1.0,1.0,8.33,10.38,1.0,1.0,8.33,10.38,1.0,1.0,8.33,10.38,1.0,1.0,8.33,10.38,2.0,2.0,16.67,20.76,0.0,0.0,0.0,0.0,2.0,2.0,16.67,20.76,0.0,0.0,0.0,0.0,0.0,0.0,0.0,0.0,2.0,2.0,16.67,20.76,0.0,0.0,0.0,0.0,66.67,66.67,0.0,83.05,0.0,0.0,0.0,3.47,3.47,0.7,0.68,0.67,0.5,0.5,0.0,0.67,0.33,0.5,0.4,0.0,0.0,0.17,0.0,0.4
5,新北國王,22|24|29|34|13029,簡祐哲/蘇士軒/林書緯/沃許本/杰倫,2,16,18.0,231.0,3.85,03:51,115.5,1.92,01:56,7.0,3.5,38.89,65.45,10.0,5.0,55.56,93.51,5.0,2.5,27.78,46.75,2.0,1.0,11.11,18.7,3.0,1.5,16.67,28.05,2.0,1.0,11.11,18.7,2.0,1.0,11.11,18.7,0.0,0.0,0.0,0.0,0.0,0.0,0.0,0.0,0.0,0.0,0.0,0.0,1.0,0.5,5.56,9.35,2.0,1.0,11.11,18.7,1.0,0.5,5.56,9.35,3.0,1.5,16.67,28.05,3.0,1.5,16.67,28.05,2.0,1.0,11.11,18.7,3.0,1.5,16.67,28.05,0.0,0.0,0.0,0.0,1.0,0.5,5.56,9.35,2.0,1.0,11.11,18.7,38.89,55.56,-16.67,112.21,-3.0,-1.5,-16.67,3.85,1.92,0.4,0.7,0.67,0.0,,0.38,1.0,0.25,0.67,0.43,16.67,0.0,0.06,11.11,0.0
5,桃園台啤永豐雲豹,12|16|58|62|10860,曹薰襄/米勒/林信寬/王皓吉/麥卡洛,1,7,8.0,115.33,1.92,01:55,115.33,1.92,01:55,3.0,3.0,37.5,56.19,8.0,8.0,100.0,149.83,3.0,3.0,37.5,56.19,1.0,1.0,12.5,18.73,1.0,1.0,12.5,18.73,0.0,0.0,0.0,0.0,2.0,2.0,25.0,37.46,1.0,1.0,12.5,18.73,0.0,0.0,0.0,0.0,0.0,0.0,0.0,0.0,0.0,0.0,0.0,0.0,2.0,2.0,25.0,37.46,1.0,1.0,12.5,18.73,1.0,1.0,12.5,18.73,0.0,0.0,0.0,0.0,1.0,1.0,12.5,18.73,0.0,0.0,0.0,0.0,1.0,1.0,12.5,18.73,0.0,0.0,0.0,0.0,0.0,0.0,0.0,0.0,37.5,100.0,-62.5,99.89,-5.0,-5.0,-62.5,1.92,1.92,0.5,0.5,0.0,0.5,,0.0,1.0,0.0,0.67,0.5,0.0,12.5,0.0,0.0,0.0
5,桃園台啤永豐雲豹,54|58|68|3129|10860,高錦瑋/林信寬/克羅馬/董永全/麥卡洛,2,23,27.0,360.74,6.01,06:01,180.37,3.01,03:00,21.0,10.5,77.78,125.74,13.0,6.5,48.15,77.84,10.0,5.0,37.04,59.88,6.0,3.0,22.22,35.93,5.0,2.5,18.52,29.94,2.0,1.0,7.41,11.98,5.0,2.5,18.52,29.94,4.0,2.0,14.81,23.95,6.0,3.0,22.22,35.93,5.0,2.5,18.52,29.94,3.0,1.5,11.11,17.96,1.0,0.5,3.7,5.99,0.0,0.0,0.0,0.0,3.0,1.5,11.11,17.96,3.0,1.5,11.11,17.96,4.0,2.0,14.81,23.95,0.0,0.0,0.0,0.0,1.0,0.5,3.7,5.99,5.0,2.5,18.52,29.94,0.0,0.0,0.0,0.0,77.78,48.15,29.63,107.78,8.0,4.0,29.63,6.01,3.01,0.8,0.83,0.4,0.8,0.83,0.19,0.67,0.5,1.0,0.57,0.0,3.7,0.19,0.0,0.6
5,新北國王,21|29|34|10872|13029,李愷諺/林書緯/沃許本/林彥廷/杰倫,1,5,5.0,70.14,1.17,01:10,70.14,1.17,01:10,1.0,1.0,20.0,30.79,3.0,3.0,60.0,92.38,1.0,1.0,20.0,30.79,0.0,0.0,0.0,0.0,1.0,1.0,20.0,30.79,0.0,0.0,0.0,0.0,0.0,0.0,0.0,0.0,0.0,0.0,0.0,0.0,2.0,2.0,40.0,61.59,1.0,1.0,20.0,30.79,0.0,0.0,0.0,0.0,1.0,1.0,20.0,30.79,0.0,0.0,0.0,0.0,1.0,1.0,20.0,30.79,1.0,1.0,20.0,30.79,1.0,1.0,20.0,30.79,0.0,0.0,0.0,0.0,0.0,0.0,0.0,0.0,1.0,1.0,20.0,30.79,0.0,0.0,0.0,0.0,20.0,60.0,-40.0,102.65,-2.0,-2.0,-40.0,1.17,1.17,0.0,0.27,0.0,,0.5,0.35,,0.0,1.0,0.5,0.0,0.0,0.2,0.0,2.0
5,桃園台啤永豐雲豹,16|54|58|3129|10860,米勒/高錦瑋/林信寬/董永全/麥卡洛,1,1,1.0,0.12,0.0,00:00,0.12,0.0,00:00,0.0,0.0,0.0,0.0,1.0,1.0,100.0,17851.24,0.0,0.0,0.0,0.0,0.0,0.0,0.0,0.0,0.0,0.0,0.0,0.0,0.0,0.0,0.0,0.0,0.0,0.0,0.0,0.0,0.0,0.0,0.0,0.0,0.0,0.0,0.0,0.0,0.0,0.0,0.0,0.0,0.0,0.0,0.0,0.0,0.0,0.0,0.0,0.0,0.0,0.0,0.0,0.0,0.0,0.0,0.0,0.0,0.0,0.0,0.0,0.0,0.0,0.0,0.0,0.0,0.0,0.0,0.0,0.0,0.0,0.0,0.0,0.0,0.0,0.0,0.0,0.0,2.0,2.0,200.0,35702.48,0.0,100.0,-100.0,11900.83,-1.0,-1.0,-100.0,0.0,0.0,,,,,,,,,,,0.0,0.0,0.0,200.0,
5,桃園台啤永豐雲豹,16|54|57|3129|10860,米勒/高錦瑋/莊博元/董永全/麥卡洛,1,12,20.0,270.91,4.52,04:31,270.91,4.52,04:31,8.0,8.0,40.0,63.78,11.0,11.0,55.0,87.7,10.0,10.0,50.0,79.73,3.0,3.0,15.0,23.92,7.0,7.0,35.0,55.81,1.0,1.0,5.0,7.97,3.0,3.0,15.0,23.92,2.0,2.0,10.0,15.95,0.0,0.0,0.0,0.0,0.0,0.0,0.0,0.0,4.0,4.0,20.0,31.89,3.0,3.0,15.0,23.92,4.0,4.0,20.0,31.89,1.0,1.0,5.0,7.97,0.0,0.0,0.0,0.0,2.0,2.0,10.0,15.95,0.0,0.0,0.0,0.0,1.0,1.0,5.0,7.97,2.0,2.0,10.0,15.95,2.0,2.0,10.0,15.95,40.0,55.0,-15.0,106.31,-3.0,-3.0,-15.0,4.52,4.52,0.4,0.4,0.14,0.67,,0.0,0.67,0.8,0.43,0.58,0.0,5.0,0.1,10.0,0.0
5,新北國王,21|24|34|10872|13029,李愷諺/蘇士軒/沃許本/林彥廷/杰倫,1,4,8.0,83.0,1.38,01:23,83.0,1.38,01:23,4.0,4.0,50.0,104.1,3.0,3.0,37.5,78.07,5.0,5.0,62.5,130.12,2.0,2.0,25.0,52.05,4.0,4.0,50.0,104.1,2.0,2.0,25.0,52.05,1.0,1.0,12.5,26.02,0.0,0.0,0.0,0.0,0.0,0.0,0.0,0.0,0.0,0.0,0.0,0.0,3.0,3.0,37.5,78.07,0.0,0.0,0.0,0.0,1.0,1.0,12.5,26.02,1.0,1.0,12.5,26.02,0.0,0.0,0.0,0.0,1.0,1.0,12.5,26.02,0.0,0.0,0.0,0.0,0.0,0.0,0.0,0.0,0.0,0.0,0.0,0.0,0.0,0.0,0.0,0.0,50.0,37.5,12.5,138.8,1.0,1.0,12.5,1.38,1.38,0.4,0.4,0.5,0.0,,0.0,0.5,0.75,0.0,0.6,0.0,0.0,0.0,0.0,0.0
5,新北國王,21|25|10872|13029|14038,李愷諺/林金榜/林彥廷/杰倫/飛米,1,1,3.0,33.0,0.55,00:33,33.0,0.55,00:33,0.0,0.0,0.0,0.0,0.0,0.0,0.0,0.0,0.0,0.0,0.0,0.0,0.0,0.0,0.0,0.0,0.0,0.0,0.0,0.0,0.0,0.0,0.0,0.0,0.0,0.0,0.0,0.0,0.0,0.0,0.0,0.0,0.0,0.0,0.0,0.0,0.0,0.0,0.0,0.0,0.0,0.0,0.0,0.0,0.0,0.0,0.0,0.0,2.0,2.0,66.67,130.91,1.0,1.0,33.33,65.45,0.0,0.0,0.0,0.0,0.0,0.0,0.0,0.0,0.0,0.0,0.0,0.0,0.0,0.0,0.0,0.0,0.0,0.0,0.0,0.0,0.0,0.0,0.0,0.0,0.0,0.0,0.0,130.91,0.0,0.0,0.0,0.55,0.55,,,,,,,,0.0,0.0,0.0,0.0,0.0,0.0,0.0,
5,新北國王,29|34|10872|10874|13029,林書緯/沃許本/林彥廷/熊祥泰/杰倫,2,43,51.0,677.59,11.29,11:18,338.8,5.65,05:39,27.0,13.5,52.94,86.07,22.0,11.0,43.14,70.13,17.0,8.5,33.33,54.19,10.0,5.0,19.61,31.88,9.0,4.5,17.65,28.69,6.0,3.0,11.76,19.13,8.0,4.0,15.69,25.5,4.0,2.0,7.84,12.75,4.0,2.0,7.84,12.75,3.0,1.5,5.88,9.56,3.0,1.5,5.88,9.56,5.0,2.5,9.8,15.94,4.0,2.0,7.84,12.75,8.0,4.0,15.69,25.5,4.0,2.0,7.84,12.75,6.0,3.0,11.76,19.13,1.0,0.5,1.96,3.19,0.0,0.0,0.0,0.0,5.0,2.5,9.8,15.94,5.0,2.5,9.8,15.94,52.94,43.14,9.8,108.38,5.0,2.5,9.8,11.29,5.65,0.71,0.72,0.67,0.5,0.75,0.18,0.6,0.27,0.56,0.4,1.96,0.0,0.1,9.8,0.24
5,新北國王,21|34|10872|10874|13029,李愷諺/沃許本/林彥廷/熊祥泰/杰倫,1,1,1.0,0.26,0.0,00:00,0.26,0.0,00:00,2.0,2.0,200.0,16941.18,0.0,0.0,0.0,0.0,0.0,0.0,0.0,0.0,0.0,0.0,0.0,0.0,0.0,0.0,0.0,0.0,0.0,0.0,0.0,0.0,0.0,0.0,0.0,0.0,0.0,0.0,0.0,0.0,2.0,2.0,200.0,16941.18,2.0,2.0,200.0,16941.18,0.0,0.0,0.0,0.0,0.0,0.0,0.0,0.0,0.0,0.0,0.0,0.0,0.0,0.0,0.0,0.0,0.0,0.0,0.0,0.0,0.0,0.0,0.0,0.0,0.0,0.0,0.0,0.0,0.0,0.0,0.0,0.0,0.0,0.0,0.0,0.0,0.0,0.0,0.0,0.0,200.0,0.0,200.0,5647.06,2.0,2.0,200.0,0.0,0.0,,1.14,,,1.0,0.0,,,,,0.0,0.0,0.0,0.0,
5,新北國王,21|25|34|10872|14038,李愷諺/林金榜/沃許本/林彥廷/飛米,1,4,5.0,62.0,1.03,01:02,62.0,1.03,01:02,2.0,2.0,40.0,69.68,4.0,4.0,80.0,139.35,1.0,1.0,20.0,34.84,1.0,1.0,20.0,34.84,1.0,1.0,20.0,34.84,1.0,1.0,20.0,34.84,0.0,0.0,0.0,0.0,0.0,0.0,0.0,0.0,0.0,0.0,0.0,0.0,0.0,0.0,0.0,0.0,0.0,0.0,0.0,0.0,0.0,0.0,0.0,0.0,0.0,0.0,0.0,0.0,1.0,1.0,20.0,34.84,1.0,1.0,20.0,34.84,2.0,2.0,40.0,69.68,1.0,1.0,20.0,34.84,0.0,0.0,0.0,0.0,1.0,1.0,20.0,34.84,0.0,0.0,0.0,0.0,40.0,80.0,-40.0,116.13,-2.0,-2.0,-40.0,1.03,1.03,1.0,1.0,1.0,,,0.5,2.0,0.0,,0.0,20.0,0.0,0.2,0.0,0.0
5,桃園台啤永豐雲豹,16|54|57|62|10860,米勒/高錦瑋/莊博元/王皓吉/麥卡洛,1,5,8.0,97.0,1.62,01:37,97.0,1.62,01:37,8.0,8.0,100.0,178.14,0.0,0.0,0.0,0.0,5.0,5.0,62.5,111.34,3.0,3.0,37.5,66.8,2.0,2.0,25.0,44.54,1.0,1.0,12.5,22.27,3.0,3.0,37.5,66.8,2.0,2.0,25.0,44.54,0.0,0.0,0.0,0.0,0.0,0.0,0.0,0.0,2.0,2.0,25.0,44.54,0.0,0.0,0.0,0.0,1.0,1.0,12.5,22.27,2.0,2.0,25.0,44.54,0.0,0.0,0.0,0.0,2.0,2.0,25.0,44.54,0.0,0.0,0.0,0.0,0.0,0.0,0.0,0.0,0.0,0.0,0.0,0.0,0.0,0.0,0.0,0.0,100.0,0.0,100.0,118.76,8.0,8.0,100.0,1.62,1.62,0.8,0.8,0.5,0.67,,0.0,0.67,0.5,0.0,0.4,0.0,0.0,0.0,0.0,0.0
5,新北國王,25|10872|10874|13029|14038,林金榜/林彥廷/熊祥泰/杰倫/飛米,1,6,8.0,102.0,1.7,01:42,102.0,1.7,01:42,6.0,6.0,75.0,127.06,6.0,6.0,75.0,127.06,2.0,2.0,25.0,42.35,2.0,2.0,25.0,42.35,1.0,1.0,12.5,21.18,1.0,1.0,12.5,21.18,1.0,1.0,12.5,21.18,1.0,1.0,12.5,21.18,2.0,2.0,25.0,42.35,1.0,1.0,12.5,21.18,0.0,0.0,0.0,0.0,0.0,0.0,0.0,0.0,0.0,0.0,0.0,0.0,0.0,0.0,0.0,0.0,0.0,0.0,0.0,0.0,2.0,2.0,25.0,42.35,0.0,0.0,0.0,0.0,0.0,0.0,0.0,0.0,1.0,1.0,12.5,21.18,1.0,1.0,12.5,21.18,75.0,75.0,0.0,112.94,0.0,0.0,0.0,1.7,1.7,1.25,1.04,1.0,1.0,0.5,0.0,1.0,,,,0.0,0.0,0.12,12.5,1.0
5,桃園台啤永豐雲豹,54|62|68|3129|10860,高錦瑋/王皓吉/克羅馬/董永全/麥卡洛,1,4,4.0,74.0,1.23,01:14,74.0,1.23,01:14,6.0,6.0,150.0,175.14,2.0,2.0,50.0,58.38,2.0,2.0,50.0,58.38,2.0,2.0,50.0,58.38,0.0,0.0,0.0,0.0,0.0,0.0,0.0,0.0,2.0,2.0,50.0,58.38,2.0,2.0,50.0,58.38,0.0,0.0,0.0,0.0,0.0,0.0,0.0,0.0,0.0,0.0,0.0,0.0,0.0,0.0,0.0,0.0,0.0,0.0,0.0,0.0,1.0,1.0,25.0,29.19,0.0,0.0,0.0,0.0,2.0,2.0,50.0,58.38,0.0,0.0,0.0,0.0,0.0,0.0,0.0,0.0,0.0,0.0,0.0,0.0,0.0,0.0,0.0,0.0,150.0,50.0,100.0,77.84,4.0,4.0,100.0,1.23,1.23,1.5,1.5,,1.0,,0.0,1.0,0.0,,0.0,0.0,0.0,0.0,0.0,0.0
5,新北國王,25|29|10872|13029|14038,林金榜/林書緯/林彥廷/杰倫/飛米,1,4,5.0,60.0,1.0,01:00,60.0,1.0,01:00,3.0,3.0,60.0,108.0,2.0,2.0,40.0,72.0,2.0,2.0,40.0,72.0,1.0,1.0,20.0,36.0,1.0,1.0,20.0,36.0,0.0,0.0,0.0,0.0,1.0,1.0,20.0,36.0,1.0,1.0,20.0,36.0,0.0,0.0,0.0,0.0,0.0,0.0,0.0,0.0,0.0,0.0,0.0,0.0,1.0,1.0,20.0,36.0,1.0,1.0,20.0,36.0,0.0,0.0,0.0,0.0,0.0,0.0,0.0,0.0,1.0,1.0,20.0,36.0,0.0,0.0,0.0,0.0,0.0,0.0,0.0,0.0,0.0,0.0,0.0,0.0,0.0,0.0,0.0,0.0,60.0,40.0,20.0,120.0,1.0,1.0,20.0,1.0,1.0,0.75,0.75,0.0,1.0,,0.0,1.0,,0.5,0.5,0.0,0.0,0.0,0.0,0.0
5,新北國王,29|10872|10873|13029|14038,林書緯/林彥廷/喬納森/杰倫/飛米,1,2,2.0,43.0,0.72,00:43,43.0,0.72,00:43,2.0,2.0,100.0,100.47,0.0,0.0,0.0,0.0,0.0,0.0,0.0,0.0,0.0,0.0,0.0,0.0,0.0,0.0,0.0,0.0,0.0,0.0,0.0,0.0,0.0,0.0,0.0,0.0,0.0,0.0,0.0,0.0,2.0,2.0,100.0,100.47,2.0,2.0,100.0,100.47,0.0,0.0,0.0,0.0,0.0,0.0,0.0,0.0,0.0,0.0,0.0,0.0,1.0,1.0,50.0,50.23,0.0,0.0,0.0,0.0,0.0,0.0,0.0,0.0,0.0,0.0,0.0,0.0,0.0,0.0,0.0,0.0,1.0,1.0,50.0,50.23,0.0,0.0,0.0,0.0,100.0,0.0,100.0,66.98,2.0,2.0,100.0,0.72,0.72,,1.14,,,1.0,0.0,,0.0,,0.0,0.0,0.0,0.5,0.0,
5,新北國王,21|22|10872|13029|14038,李愷諺/簡祐哲/林彥廷/杰倫/飛米,1,4,5.0,90.0,1.5,01:30,90.0,1.5,01:30,0.0,0.0,0.0,0.0,3.0,3.0,60.0,72.0,1.0,1.0,20.0,24.0,0.0,0.0,0.0,0.0,1.0,1.0,20.0,24.0,0.0,0.0,0.0,0.0,0.0,0.0,0.0,0.0,0.0,0.0,0.0,0.0,0.0,0.0,0.0,0.0,0.0,0.0,0.0,0.0,0.0,0.0,0.0,0.0,1.0,1.0,20.0,24.0,1.0,1.0,20.0,24.0,1.0,1.0,20.0,24.0,1.0,1.0,20.0,24.0,0.0,0.0,0.0,0.0,1.0,1.0,20.0,24.0,0.0,0.0,0.0,0.0,0.0,0.0,0.0,0.0,0.0,0.0,0.0,0.0,0.0,60.0,-60.0,80.0,-3.0,-3.0,-60.0,1.5,1.5,0.0,0.0,0.0,,,0.5,,0.0,0.5,0.33,20.0,0.0,0.0,0.0,0.0
5,桃園台啤永豐雲豹,12|16|62|10860|10884,曹薰襄/米勒/王皓吉/麥卡洛/徐宏瑋,1,2,2.0,22.4,0.37,00:22,22.4,0.37,00:22,2.0,2.0,100.0,192.83,2.0,2.0,100.0,192.83,0.0,0.0,0.0,0.0,0.0,0.0,0.0,0.0,0.0,0.0,0.0,0.0,0.0,0.0,0.0,0.0,0.0,0.0,0.0,0.0,0.0,0.0,0.0,0.0,2.0,2.0,100.0,192.83,2.0,2.0,100.0,192.83,0.0,0.0,0.0,0.0,0.0,0.0,0.0,0.0,0.0,0.0,0.0,0.0,0.0,0.0,0.0,0.0,0.0,0.0,0.0,0.0,0.0,0.0,0.0,0.0,0.0,0.0,0.0,0.0,0.0,0.0,0.0,0.0,1.0,1.0,50.0,96.42,0.0,0.0,0.0,0.0,100.0,100.0,0.0,128.55,0.0,0.0,0.0,0.37,0.37,,1.14,,,1.0,0.0,,,,,0.0,0.0,0.5,0.0,
5,新北國王,22|24|29|10874|14038,簡祐哲/蘇士軒/林書緯/熊祥泰/飛米,1,1,1.0,22.0,0.37,00:22,22.0,0.37,00:22,2.0,2.0,200.0,196.36,0.0,0.0,0.0,0.0,1.0,1.0,100.0,98.18,1.0,1.0,100.0,98.18,1.0,1.0,100.0,98.18,1.0,1.0,100.0,98.18,0.0,0.0,0.0,0.0,0.0,0.0,0.0,0.0,0.0,0.0,0.0,0.0,0.0,0.0,0.0,0.0,0.0,0.0,0.0,0.0,0.0,0.0,0.0,0.0,0.0,0.0,0.0,0.0,0.0,0.0,0.0,0.0,0.0,0.0,0.0,0.0,0.0,0.0,0.0,0.0,0.0,0.0,0.0,0.0,0.0,0.0,0.0,0.0,0.0,0.0,0.0,0.0,0.0,0.0,0.0,0.0,200.0,0.0,200.0,65.45,2.0,2.0,200.0,0.37,0.37,1.0,1.0,1.0,,,0.0,0.0,,,,0.0,0.0,0.0,0.0,0.0
5,新北國王,19|22|24|10874|14038,蘇培凱/簡祐哲/蘇士軒/熊祥泰/飛米,1,1,1.0,0.4,0.01,00:00,0.4,0.01,00:00,0.0,0.0,0.0,0.0,2.0,2.0,200.0,10719.6,0.0,0.0,0.0,0.0,0.0,0.0,0.0,0.0,0.0,0.0,0.0,0.0,0.0,0.0,0.0,0.0,0.0,0.0,0.0,0.0,0.0,0.0,0.0,0.0,0.0,0.0,0.0,0.0,0.0,0.0,0.0,0.0,0.0,0.0,0.0,0.0,0.0,0.0,0.0,0.0,0.0,0.0,0.0,0.0,0.0,0.0,0.0,0.0,0.0,0.0,0.0,0.0,0.0,0.0,0.0,0.0,0.0,0.0,0.0,0.0,0.0,0.0,0.0,0.0,0.0,0.0,0.0,0.0,2.0,2.0,200.0,10719.6,0.0,200.0,-200.0,3573.2,-2.0,-2.0,-200.0,0.01,0.01,,,,,,,,,,,0.0,0.0,0.0,200.0,
5,桃園台啤永豐雲豹,12|60|62|10860|10884,曹薰襄/黃鎮/王皓吉/麥卡洛/徐宏瑋,1,4,5.0,71.0,1.18,01:11,71.0,1.18,01:11,0.0,0.0,0.0,0.0,0.0,0.0,0.0,0.0,3.0,3.0,60.0,91.27,0.0,0.0,0.0,0.0,1.0,1.0,20.0,30.42,0.0,0.0,0.0,0.0,2.0,2.0,40.0,60.85,0.0,0.0,0.0,0.0,0.0,0.0,0.0,0.0,0.0,0.0,0.0,0.0,1.0,1.0,20.0,30.42,2.0,2.0,40.0,60.85,0.0,0.0,0.0,0.0,1.0,1.0,20.0,30.42,0.0,0.0,0.0,0.0,0.0,0.0,0.0,0.0,0.0,0.0,0.0,0.0,0.0,0.0,0.0,0.0,0.0,0.0,0.0,0.0,0.0,0.0,0.0,0.0,0.0,0.0,0.0,101.41,0.0,0.0,0.0,1.18,1.18,0.0,0.0,0.0,0.0,,0.0,,0.5,1.0,0.75,0.0,0.0,0.0,0.0,0.0
5,新北國王,19|22|10873|10874|14038,蘇培凱/簡祐哲/喬納森/熊祥泰/飛米,1,4,5.0,71.0,1.18,01:11,71.0,1.18,01:11,0.0,0.0,0.0,0.0,0.0,0.0,0.0,0.0,1.0,1.0,20.0,30.42,0.0,0.0,0.0,0.0,0.0,0.0,0.0,0.0,0.0,0.0,0.0,0.0,1.0,1.0,20.0,30.42,0.0,0.0,0.0,0.0,0.0,0.0,0.0,0.0,0.0,0.0,0.0,0.0,0.0,0.0,0.0,0.0,1.0,1.0,20.0,30.42,1.0,1.0,20.0,30.42,2.0,2.0,40.0,60.85,1.0,1.0,20.0,30.42,0.0,0.0,0.0,0.0,1.0,1.0,20.0,30.42,0.0,0.0,0.0,0.0,1.0,1.0,20.0,30.42,0.0,0.0,0.0,0.0,0.0,0.0,0.0,101.41,0.0,0.0,0.0,1.18,1.18,0.0,0.0,,0.0,,0.5,,0.0,0.5,0.25,20.0,0.0,0.2,0.0,0.0
5,桃園台啤永豐雲豹,12|60|62|64|10884,曹薰襄/黃鎮/王皓吉/劉元凱/徐宏瑋,1,6,7.0,90.0,1.5,01:30,90.0,1.5,01:30,0.0,0.0,0.0,0.0,1.0,1.0,14.29,24.0,3.0,3.0,42.86,72.0,0.0,0.0,0.0,0.0,3.0,3.0,42.86,72.0,0.0,0.0,0.0,0.0,0.0,0.0,0.0,0.0,0.0,0.0,0.0,0.0,0.0,0.0,0.0,0.0,0.0,0.0,0.0,0.0,0.0,0.0,0.0,0.0,3.0,3.0,42.86,72.0,0.0,0.0,0.0,0.0,2.0,2.0,28.57,48.0,0.0,0.0,0.0,0.0,0.0,0.0,0.0,0.0,0.0,0.0,0.0,0.0,1.0,1.0,14.29,24.0,0.0,0.0,0.0,0.0,2.0,2.0,28.57,48.0,0.0,14.29,-14.29,112.0,-1.0,-1.0,-14.29,1.5,1.5,0.0,0.0,0.0,,,0.0,,0.0,1.0,0.6,0.0,14.29,0.0,28.57,0.0
5,新北國王,19|22|23|28|10873,蘇培凱/簡祐哲/王柏智/呂政儒/喬納森,1,6,7.0,90.0,1.5,01:30,90.0,1.5,01:30,1.0,1.0,14.29,24.0,0.0,0.0,0.0,0.0,2.0,2.0,28.57,48.0,0.0,0.0,0.0,0.0,1.0,1.0,14.29,24.0,0.0,0.0,0.0,0.0,1.0,1.0,14.29,24.0,0.0,0.0,0.0,0.0,2.0,2.0,28.57,48.0,1.0,1.0,14.29,24.0,0.0,0.0,0.0,0.0,2.0,2.0,28.57,48.0,0.0,0.0,0.0,0.0,3.0,3.0,42.86,72.0,1.0,1.0,14.29,24.0,0.0,0.0,0.0,0.0,0.0,0.0,0.0,0.0,1.0,1.0,14.29,24.0,1.0,1.0,14.29,24.0,0.0,0.0,0.0,0.0,14.29,0.0,14.29,112.0,1.0,1.0,14.29,1.5,1.5,0.0,0.17,0.0,0.0,0.5,0.26,,0.0,1.0,0.4,0.0,14.29,0.14,0.0,1.0
5,新北國王,22|25|29|34|13029,簡祐哲/林金榜/林書緯/沃許本/杰倫,1,20,28.0,323.4,5.39,05:23,323.4,5.39,05:23,10.0,10.0,35.71,66.79,7.0,7.0,25.0,46.75,11.0,11.0,39.29,73.47,4.0,4.0,14.29,26.72,10.0,10.0,35.71,66.79,4.0,4.0,14.29,26.72,1.0,1.0,3.57,6.68,0.0,0.0,0.0,0.0,4.0,4.0,14.29,26.72,2.0,2.0,7.14,13.36,4.0,4.0,14.29,26.72,4.0,4.0,14.29,26.72,3.0,3.0,10.71,20.04,5.0,5.0,17.86,33.39,2.0,2.0,7.14,13.36,3.0,3.0,10.71,20.04,2.0,2.0,7.14,13.36,0.0,0.0,0.0,0.0,2.0,2.0,7.14,13.36,1.0,1.0,3.57,6.68,35.71,25.0,10.71,124.67,3.0,3.0,10.71,5.39,5.39,0.36,0.39,0.4,0.0,0.5,0.14,0.75,0.44,0.57,0.5,7.14,0.0,0.07,3.57,0.36
5,新北國王,22|24|29|32|13029,簡祐哲/蘇士軒/林書緯/奧帝/杰倫,1,8,10.0,176.0,2.93,02:56,176.0,2.93,02:56,4.0,4.0,40.0,49.09,7.0,7.0,70.0,85.91,6.0,6.0,60.0,73.64,3.0,3.0,30.0,36.82,4.0,4.0,40.0,49.09,2.0,2.0,20.0,24.55,2.0,2.0,20.0,24.55,1.0,1.0,10.0,12.27,0.0,0.0,0.0,0.0,0.0,0.0,0.0,0.0,2.0,2.0,20.0,24.55,1.0,1.0,10.0,12.27,0.0,0.0,0.0,0.0,1.0,1.0,10.0,12.27,1.0,1.0,10.0,12.27,0.0,0.0,0.0,0.0,1.0,1.0,10.0,12.27,0.0,0.0,0.0,0.0,1.0,1.0,10.0,12.27,3.0,3.0,30.0,36.82,40.0,70.0,-30.0,81.82,-3.0,-3.0,-30.0,2.93,2.93,0.58,0.33,0.5,0.5,,0.14,0.0,0.67,1.0,0.75,10.0,0.0,0.1,30.0,0.0
5,新北國王,22|24|32|10872|13029,簡祐哲/蘇士軒/奧帝/林彥廷/杰倫,1,12,12.0,167.46,2.79,02:47,167.46,2.79,02:47,4.0,4.0,33.33,51.59,7.0,7.0,58.33,90.29,5.0,5.0,41.67,64.49,2.0,2.0,16.67,25.8,4.0,4.0,33.33,51.59,2.0,2.0,16.67,25.8,1.0,1.0,8.33,12.9,0.0,0.0,0.0,0.0,0.0,0.0,0.0,0.0,0.0,0.0,0.0,0.0,0.0,0.0,0.0,0.0,3.0,3.0,25.0,38.7,0.0,0.0,0.0,0.0,3.0,3.0,25.0,38.7,1.0,1.0,8.33,12.9,1.0,1.0,8.33,12.9,0.0,0.0,0.0,0.0,0.0,0.0,0.0,0.0,0.0,0.0,0.0,0.0,6.0,6.0,50.0,77.39,33.33,58.33,-25.0,103.19,-3.0,-3.0,-25.0,2.79,2.79,0.4,0.4,0.5,0.0,,0.17,0.5,0.0,1.0,0.5,0.0,0.0,0.0,50.0,0.0
5,桃園台啤永豐雲豹,54|57|58|68|10860,高錦瑋/莊博元/林信寬/克羅馬/麥卡洛,1,11,14.0,168.42,2.81,02:48,168.42,2.81,02:48,8.0,8.0,57.14,102.6,5.0,5.0,35.71,64.13,5.0,5.0,35.71,64.13,3.0,3.0,21.43,38.48,2.0,2.0,14.29,25.65,1.0,1.0,7.14,12.83,3.0,3.0,21.43,38.48,2.0,2.0,14.29,25.65,3.0,3.0,21.43,38.48,3.0,3.0,21.43,38.48,2.0,2.0,14.29,25.65,0.0,0.0,0.0,0.0,0.0,0.0,0.0,0.0,2.0,2.0,14.29,25.65,1.0,1.0,7.14,12.83,0.0,0.0,0.0,0.0,1.0,1.0,7.14,12.83,0.0,0.0,0.0,0.0,2.0,2.0,14.29,25.65,0.0,0.0,0.0,0.0,57.14,35.71,21.43,119.7,3.0,3.0,21.43,2.81,2.81,0.8,0.63,0.5,0.67,1.0,0.14,0.0,0.5,,0.5,7.14,0.0,0.14,0.0,0.6
5,桃園台啤永豐雲豹,54|57|62|68|10860,高錦瑋/莊博元/王皓吉/克羅馬/麥卡洛,1,4,4.0,52.0,0.87,00:52,52.0,0.87,00:52,0.0,0.0,0.0,0.0,0.0,0.0,0.0,0.0,1.0,1.0,25.0,41.54,0.0,0.0,0.0,0.0,1.0,1.0,25.0,41.54,0.0,0.0,0.0,0.0,0.0,0.0,0.0,0.0,0.0,0.0,0.0,0.0,0.0,0.0,0.0,0.0,0.0,0.0,0.0,0.0,0.0,0.0,0.0,0.0,1.0,1.0,25.0,41.54,0.0,0.0,0.0,0.0,2.0,2.0,50.0,83.08,1.0,1.0,25.0,41.54,0.0,0.0,0.0,0.0,1.0,1.0,25.0,41.54,0.0,0.0,0.0,0.0,1.0,1.0,25.0,41.54,0.0,0.0,0.0,0.0,0.0,0.0,0.0,110.77,0.0,0.0,0.0,0.87,0.87,0.0,0.0,0.0,,,0.5,,0.0,1.0,0.33,25.0,0.0,0.25,0.0,0.0
5,桃園台啤永豐雲豹,12|57|68|3129|10860,曹薰襄/莊博元/克羅馬/董永全/麥卡洛,1,4,4.0,87.0,1.45,01:27,87.0,1.45,01:27,0.0,0.0,0.0,0.0,2.0,2.0,50.0,49.66,2.0,2.0,50.0,49.66,0.0,0.0,0.0,0.0,1.0,1.0,25.0,24.83,0.0,0.0,0.0,0.0,1.0,1.0,25.0,24.83,0.0,0.0,0.0,0.0,0.0,0.0,0.0,0.0,0.0,0.0,0.0,0.0,0.0,0.0,0.0,0.0,2.0,2.0,50.0,49.66,0.0,0.0,0.0,0.0,1.0,1.0,25.0,24.83,0.0,0.0,0.0,0.0,0.0,0.0,0.0,0.0,0.0,0.0,0.0,0.0,1.0,1.0,25.0,24.83,1.0,1.0,25.0,24.83,0.0,0.0,0.0,0.0,0.0,50.0,-50.0,66.21,-2.0,-2.0,-50.0,1.45,1.45,0.0,0.0,0.0,0.0,,0.0,,0.0,1.0,0.67,0.0,25.0,0.25,0.0,0.0
5,新北國王,22|29|32|34|10874,簡祐哲/林書緯/奧帝/沃許本/熊祥泰,1,3,3.0,44.0,0.73,00:44,44.0,0.73,00:44,2.0,2.0,66.67,98.18,2.0,2.0,66.67,98.18,1.0,1.0,33.33,49.09,1.0,1.0,33.33,49.09,1.0,1.0,33.33,49.09,1.0,1.0,33.33,49.09,0.0,0.0,0.0,0.0,0.0,0.0,0.0,0.0,0.0,0.0,0.0,0.0,0.0,0.0,0.0,0.0,0.0,0.0,0.0,0.0,0.0,0.0,0.0,0.0,0.0,0.0,0.0,0.0,0.0,0.0,0.0,0.0,1.0,1.0,33.33,49.09,1.0,1.0,33.33,49.09,1.0,1.0,33.33,49.09,0.0,0.0,0.0,0.0,0.0,0.0,0.0,0.0,0.0,0.0,0.0,0.0,66.67,66.67,0.0,98.18,0.0,0.0,0.0,0.73,0.73,1.0,1.0,1.0,,,0.5,1.0,,,,33.33,0.0,0.0,0.0,0.0
5,新北國王,22|29|34|10872|13029,簡祐哲/林書緯/沃許本/林彥廷/杰倫,1,1,1.0,21.0,0.35,00:21,21.0,0.35,00:21,3.0,3.0,300.0,308.57,0.0,0.0,0.0,0.0,1.0,1.0,100.0,102.86,1.0,1.0,100.0,102.86,0.0,0.0,0.0,0.0,0.0,0.0,0.0,0.0,1.0,1.0,100.0,102.86,1.0,1.0,100.0,102.86,0.0,0.0,0.0,0.0,0.0,0.0,0.0,0.0,0.0,0.0,0.0,0.0,0.0,0.0,0.0,0.0,0.0,0.0,0.0,0.0,0.0,0.0,0.0,0.0,0.0,0.0,0.0,0.0,1.0,1.0,100.0,102.86,0.0,0.0,0.0,0.0,0.0,0.0,0.0,0.0,0.0,0.0,0.0,0.0,0.0,0.0,0.0,0.0,300.0,0.0,300.0,68.57,3.0,3.0,300.0,0.35,0.35,1.5,1.5,,1.0,,0.0,1.0,,,,0.0,0.0,0.0,0.0,0.0
5,新北國王,22|28|34|10872|13029,簡祐哲/呂政儒/沃許本/林彥廷/杰倫,1,1,2.0,10.0,0.17,00:10,10.0,0.17,00:10,0.0,0.0,0.0,0.0,2.0,2.0,100.0,432.0,0.0,0.0,0.0,0.0,0.0,0.0,0.0,0.0,0.0,0.0,0.0,0.0,0.0,0.0,0.0,0.0,0.0,0.0,0.0,0.0,0.0,0.0,0.0,0.0,0.0,0.0,0.0,0.0,0.0,0.0,0.0,0.0,0.0,0.0,0.0,0.0,0.0,0.0,0.0,0.0,1.0,1.0,50.0,216.0,0.0,0.0,0.0,0.0,0.0,0.0,0.0,0.0,0.0,0.0,0.0,0.0,0.0,0.0,0.0,0.0,0.0,0.0,0.0,0.0,0.0,0.0,0.0,0.0,0.0,0.0,0.0,0.0,0.0,100.0,-100.0,288.0,-2.0,-2.0,-100.0,0.17,0.17,,,,,,,,,0.0,0.0,0.0,0.0,0.0,0.0,
5,新北國王,22|28|32|10872|13029,簡祐哲/呂政儒/奧帝/林彥廷/杰倫,1,5,5.0,89.91,1.5,01:30,89.91,1.5,01:30,4.0,4.0,80.0,96.1,3.0,3.0,60.0,72.07,3.0,3.0,60.0,72.07,2.0,2.0,40.0,48.05,3.0,3.0,60.0,72.07,2.0,2.0,40.0,48.05,0.0,0.0,0.0,0.0,0.0,0.0,0.0,0.0,0.0,0.0,0.0,0.0,0.0,0.0,0.0,0.0,0.0,0.0,0.0,0.0,1.0,1.0,20.0,24.02,0.0,0.0,0.0,0.0,0.0,0.0,0.0,0.0,0.0,0.0,0.0,0.0,1.0,1.0,20.0,24.02,0.0,0.0,0.0,0.0,0.0,0.0,0.0,0.0,0.0,0.0,0.0,0.0,2.0,2.0,40.0,48.05,80.0,60.0,20.0,80.08,1.0,1.0,20.0,1.5,1.5,0.67,0.67,0.67,,,0.0,0.5,,1.0,1.0,0.0,0.0,0.0,40.0,0.0
5,桃園台啤永豐雲豹,54|57|68|3129|10860,高錦瑋/莊博元/克羅馬/董永全/麥卡洛,1,14,17.0,182.03,3.03,03:02,182.03,3.03,03:02,6.0,6.0,35.29,71.2,14.0,14.0,82.35,166.13,2.0,2.0,11.76,23.73,1.0,1.0,5.88,11.87,1.0,1.0,5.88,11.87,1.0,1.0,5.88,11.87,1.0,1.0,5.88,11.87,0.0,0.0,0.0,0.0,6.0,6.0,35.29,71.2,4.0,4.0,23.53,47.47,0.0,0.0,0.0,0.0,3.0,3.0,17.65,35.6,2.0,2.0,11.76,23.73,1.0,1.0,5.88,11.87,2.0,2.0,11.76,23.73,0.0,0.0,0.0,0.0,2.0,2.0,11.76,23.73,0.0,0.0,0.0,0.0,2.0,2.0,11.76,23.73,1.0,1.0,5.88,11.87,35.29,82.35,-47.06,134.49,-8.0,-8.0,-47.06,3.03,3.03,0.5,0.65,1.0,0.0,0.67,0.3,0.0,0.0,0.6,0.5,11.76,0.0,0.12,5.88,3.0
5,新北國王,25|28|29|32|13029,林金榜/呂政儒/林書緯/奧帝/杰倫,1,8,10.0,86.66,1.44,01:27,86.66,1.44,01:27,8.0,8.0,80.0,199.41,3.0,3.0,30.0,74.78,4.0,4.0,40.0,99.7,3.0,3.0,30.0,74.78,1.0,1.0,10.0,24.93,1.0,1.0,10.0,24.93,3.0,3.0,30.0,74.78,2.0,2.0,20.0,49.85,1.0,1.0,10.0,24.93,0.0,0.0,0.0,0.0,1.0,1.0,10.0,24.93,1.0,1.0,10.0,24.93,0.0,0.0,0.0,0.0,1.0,1.0,10.0,24.93,1.0,1.0,10.0,24.93,1.0,1.0,10.0,24.93,1.0,1.0,10.0,24.93,0.0,0.0,0.0,0.0,1.0,1.0,10.0,24.93,4.0,4.0,40.0,99.7,80.0,30.0,50.0,166.17,5.0,5.0,50.0,1.44,1.44,1.0,0.9,1.0,0.67,0.0,0.18,0.33,0.5,1.0,0.67,10.0,0.0,0.1,40.0,0.25
5,桃園台啤永豐雲豹,16|54|57|58|10860,米勒/高錦瑋/莊博元/林信寬/麥卡洛,1,23,30.0,404.73,6.75,06:45,404.73,6.75,06:45,15.0,15.0,50.0,80.05,14.0,14.0,46.67,74.72,11.0,11.0,36.67,58.71,4.0,4.0,13.33,21.35,7.0,7.0,23.33,37.36,2.0,2.0,6.67,10.67,4.0,4.0,13.33,21.35,2.0,2.0,6.67,10.67,2.0,2.0,6.67,10.67,2.0,2.0,6.67,10.67,3.0,3.0,10.0,16.01,4.0,4.0,13.33,21.35,3.0,3.0,10.0,16.01,3.0,3.0,10.0,16.01,2.0,2.0,6.67,10.67,3.0,3.0,10.0,16.01,1.0,1.0,3.33,5.34,0.0,0.0,0.0,0.0,3.0,3.0,10.0,16.01,2.0,2.0,6.67,10.67,50.0,46.67,3.33,106.74,1.0,1.0,3.33,6.75,6.75,0.45,0.63,0.29,0.5,1.0,0.14,0.75,0.5,0.57,0.54,3.33,0.0,0.1,6.67,0.18
5,新北國王,25|29|34|10872|13029,林金榜/林書緯/沃許本/林彥廷/杰倫,1,3,3.0,57.0,0.95,00:57,57.0,0.95,00:57,0.0,0.0,0.0,0.0,2.0,2.0,66.67,75.79,1.0,1.0,33.33,37.89,0.0,0.0,0.0,0.0,1.0,1.0,33.33,37.89,0.0,0.0,0.0,0.0,0.0,0.0,0.0,0.0,0.0,0.0,0.0,0.0,0.0,0.0,0.0,0.0,0.0,0.0,0.0,0.0,0.0,0.0,0.0,0.0,1.0,1.0,33.33,37.89,0.0,0.0,0.0,0.0,0.0,0.0,0.0,0.0,0.0,0.0,0.0,0.0,0.0,0.0,0.0,0.0,0.0,0.0,0.0,0.0,0.0,0.0,0.0,0.0,0.0,0.0,0.0,0.0,0.0,0.0,0.0,0.0,0.0,66.67,-66.67,75.79,-2.0,-2.0,-66.67,0.95,0.95,0.0,0.0,0.0,,,0.0,,,1.0,1.0,0.0,0.0,0.0,0.0,0.0
5,新北國王,22|25|29|32|13029,簡祐哲/林金榜/林書緯/奧帝/杰倫,1,5,6.0,102.0,1.7,01:42,102.0,1.7,01:42,5.0,5.0,83.33,105.88,4.0,4.0,66.67,84.71,2.0,2.0,33.33,42.35,2.0,2.0,33.33,42.35,1.0,1.0,16.67,21.18,1.0,1.0,16.67,21.18,1.0,1.0,16.67,21.18,1.0,1.0,16.67,21.18,0.0,0.0,0.0,0.0,0.0,0.0,0.0,0.0,0.0,0.0,0.0,0.0,0.0,0.0,0.0,0.0,1.0,1.0,16.67,21.18,1.0,1.0,16.67,21.18,0.0,0.0,0.0,0.0,1.0,1.0,16.67,21.18,0.0,0.0,0.0,0.0,0.0,0.0,0.0,0.0,0.0,0.0,0.0,0.0,0.0,0.0,0.0,0.0,83.33,66.67,16.67,84.71,1.0,1.0,16.67,1.7,1.7,1.25,1.25,1.0,1.0,,0.0,0.5,0.0,0.0,0.0,0.0,0.0,0.0,0.0,0.0
5,新北國王,22|28|29|32|13029,簡祐哲/呂政儒/林書緯/奧帝/杰倫,1,5,6.0,55.0,0.92,00:55,55.0,0.92,00:55,0.0,0.0,0.0,0.0,0.0,0.0,0.0,0.0,3.0,3.0,50.0,117.82,0.0,0.0,0.0,0.0,1.0,1.0,16.67,39.27,0.0,0.0,0.0,0.0,2.0,2.0,33.33,78.55,0.0,0.0,0.0,0.0,0.0,0.0,0.0,0.0,0.0,0.0,0.0,0.0,0.0,0.0,0.0,0.0,3.0,3.0,50.0,117.82,0.0,0.0,0.0,0.0,1.0,1.0,16.67,39.27,0.0,0.0,0.0,0.0,0.0,0.0,0.0,0.0,0.0,0.0,0.0,0.0,0.0,0.0,0.0,0.0,0.0,0.0,0.0,0.0,0.0,0.0,0.0,0.0,0.0,0.0,0.0,157.09,0.0,0.0,0.0,0.92,0.92,0.0,0.0,0.0,0.0,,0.0,,0.0,1.0,0.75,0.0,0.0,0.0,0.0,0.0
5,新北國王,23|29|32|10872|13029,王柏智/林書緯/奧帝/林彥廷/杰倫,1,11,14.0,155.4,2.59,02:35,155.4,2.59,02:35,7.0,7.0,50.0,97.3,8.0,8.0,57.14,111.2,5.0,5.0,35.71,69.5,2.0,2.0,14.29,27.8,3.0,3.0,21.43,41.7,1.0,1.0,7.14,13.9,2.0,2.0,14.29,27.8,1.0,1.0,7.14,13.9,2.0,2.0,14.29,27.8,2.0,2.0,14.29,27.8,0.0,0.0,0.0,0.0,3.0,3.0,21.43,41.7,2.0,2.0,14.29,27.8,2.0,2.0,14.29,27.8,0.0,0.0,0.0,0.0,2.0,2.0,14.29,27.8,0.0,0.0,0.0,0.0,1.0,1.0,7.14,13.9,0.0,0.0,0.0,0.0,0.0,0.0,0.0,0.0,50.0,57.14,-7.14,129.73,-1.0,-1.0,-7.14,2.59,2.59,0.5,0.6,0.33,0.5,1.0,0.0,1.0,0.0,0.6,0.43,0.0,7.14,0.0,0.0,0.4
5,新北國王,28|32|10872|10874|13029,呂政儒/奧帝/林彥廷/熊祥泰/杰倫,1,1,1.0,5.0,0.08,00:05,5.0,0.08,00:05,0.0,0.0,0.0,0.0,0.0,0.0,0.0,0.0,1.0,1.0,100.0,432.0,0.0,0.0,0.0,0.0,0.0,0.0,0.0,0.0,0.0,0.0,0.0,0.0,1.0,1.0,100.0,432.0,0.0,0.0,0.0,0.0,0.0,0.0,0.0,0.0,0.0,0.0,0.0,0.0,0.0,0.0,0.0,0.0,0.0,0.0,0.0,0.0,0.0,0.0,0.0,0.0,0.0,0.0,0.0,0.0,0.0,0.0,0.0,0.0,0.0,0.0,0.0,0.0,0.0,0.0,0.0,0.0,0.0,0.0,0.0,0.0,0.0,0.0,0.0,0.0,0.0,0.0,0.0,0.0,0.0,0.0,0.0,288.0,0.0,0.0,0.0,0.08,0.08,0.0,0.0,,0.0,,0.0,,,,,0.0,0.0,0.0,0.0,0.0
5,桃園台啤永豐雲豹,12|54|68|3129|10860,曹薰襄/高錦瑋/克羅馬/董永全/麥卡洛,1,1,1.0,5.0,0.08,00:05,5.0,0.08,00:05,0.0,0.0,0.0,0.0,0.0,0.0,0.0,0.0,0.0,0.0,0.0,0.0,0.0,0.0,0.0,0.0,0.0,0.0,0.0,0.0,0.0,0.0,0.0,0.0,0.0,0.0,0.0,0.0,0.0,0.0,0.0,0.0,0.0,0.0,0.0,0.0,0.0,0.0,0.0,0.0,0.0,0.0,0.0,0.0,0.0,0.0,0.0,0.0,0.0,0.0,0.0,0.0,0.0,0.0,0.0,0.0,0.0,0.0,0.0,0.0,0.0,0.0,0.0,0.0,0.0,0.0,0.0,0.0,0.0,0.0,0.0,0.0,0.0,0.0,0.0,0.0,0.0,0.0,0.0,0.0,0.0,0.0,0.0,288.0,0.0,0.0,0.0,0.08,0.08,,,,,,,,,,,0.0,0.0,0.0,0.0,
5,桃園台啤永豐雲豹,12|58|68|3129|10860,曹薰襄/林信寬/克羅馬/董永全/麥卡洛,1,15,16.0,250.68,4.18,04:11,250.68,4.18,04:11,12.0,12.0,75.0,103.4,10.0,10.0,62.5,86.17,9.0,9.0,56.25,77.55,5.0,5.0,31.25,43.08,5.0,5.0,31.25,43.08,3.0,3.0,18.75,25.85,4.0,4.0,25.0,34.47,2.0,2.0,12.5,17.23,0.0,0.0,0.0,0.0,0.0,0.0,0.0,0.0,1.0,1.0,6.25,8.62,3.0,3.0,18.75,25.85,0.0,0.0,0.0,0.0,2.0,2.0,12.5,17.23,0.0,0.0,0.0,0.0,5.0,5.0,31.25,43.08,0.0,0.0,0.0,0.0,0.0,0.0,0.0,0.0,0.0,0.0,0.0,0.0,0.0,0.0,0.0,0.0,75.0,62.5,12.5,91.91,2.0,2.0,12.5,4.18,4.18,0.67,0.67,0.6,0.5,,0.0,1.0,0.33,1.0,0.67,0.0,0.0,0.0,0.0,0.0
5,新北國王,25|29|32|10872|13029,林金榜/林書緯/奧帝/林彥廷/杰倫,1,11,11.0,162.91,2.72,02:43,162.91,2.72,02:43,7.0,7.0,63.64,92.81,8.0,8.0,72.73,106.07,3.0,3.0,27.27,39.78,2.0,2.0,18.18,26.52,1.0,1.0,9.09,13.26,1.0,1.0,9.09,13.26,2.0,2.0,18.18,26.52,1.0,1.0,9.09,13.26,2.0,2.0,18.18,26.52,2.0,2.0,18.18,26.52,1.0,1.0,9.09,13.26,1.0,1.0,9.09,13.26,1.0,1.0,9.09,13.26,2.0,2.0,18.18,26.52,1.0,1.0,9.09,13.26,1.0,1.0,9.09,13.26,1.0,1.0,9.09,13.26,0.0,0.0,0.0,0.0,3.0,3.0,27.27,39.78,2.0,2.0,18.18,26.52,63.64,72.73,-9.09,97.23,-1.0,-1.0,-9.09,2.72,2.72,0.83,0.9,1.0,0.5,1.0,0.2,0.5,0.33,0.5,0.4,9.09,0.0,0.27,18.18,0.67
