lineup_size,team_name,lineup_player_ids,lineup_player_names,games_used,stint_count,possessions,sec_played,min_played,min_played_str,sec_per_game,min_per_game,min_per_game_str,PTS,PTS_per_game,PTS_per100,PTS_per36,PTS_allowed,PTS_allowed_per_game,PTS_allowed_per100,PTS_allowed_per36,FGA,FGA_per_game,FGA_per100,FGA_per36,FGM,FGM_per_game,FGM_per100,FGM_per36,2PA,2PA_per_game,2PA_per100,2PA_per36,2PM,2PM_per_game,2PM_per100,2PM_per36,3PA,3PA_per_game,3PA_per100,3PA_per36,3PM,3PM_per_game,3PM_per100,3PM_per36,FTA,FTA_per_game,FTA_per100,FTA_per36,FTM,FTM_per_game,FTM_per100,FTM_per36,ORB,ORB_per_game,ORB_per100,ORB_per36,DRB,DRB_per_game,DRB_per100,DRB_per36,ORB_allowed,ORB_allowed_per_game,ORB_allowed_per100,ORB_allowed_per36,DRB_allowed,DRB_allowed_per_game,DRB_allowed_per100,DRB_allowed_per36,TOV,TOV_per_game,TOV_per100,TOV_per36,AST,AST_per_game,AST_per100,AST_per36,STL,STL_per_game,STL_per100,STL_per36,BLK,BLK_per_game,BLK_per100,BLK_per36,Fouls,Fouls_per_game,Fouls_per100,Fouls_per36,FT_allowed,FT_allowed_per_game,FT_allowed_per100,FT_allowed_per36,ORtg,DRtg,NetRtg,PACE,PM_total,PM_per_game,PM_per100,MIN_total,MIN_per_game,eFG,TS,FG2_pct,FG3_pct,FT_pct,TOV_pct,AST_ratio,ORB_pct,DRB_pct,TRB_pct,STL_pct,BLK_pct,Foul_per_poss,FT_allowed_rate_per100,FT_rate
3,福爾摩沙夢想家,79|89|103,張宗憲/蔣淯安/忻沃克,1,69,85.0,1865.53,31.09,31:06,1865.53,31.09,31:06,38.0,38.0,44.71,44.0,40.0,40.0,47.06,46.31,39.0,39.0,45.88,45.16,16.0,16.0,18.82,18.53,28.0,28.0,32.94,32.42,12.0,12.0,14.12,13.89,11.0,11.0,12.94,12.74,4.0,4.0,4.71,4.63,4.0,4.0,4.71,4.63,2.0,2.0,2.35,2.32,10.0,10.0,11.76,11.58,14.0,14.0,16.47,16.21,4.0,4.0,4.71,4.63,14.0,14.0,16.47,16.21,4.0,4.0,4.71,4.63,9.0,9.0,10.59,10.42,3.0,3.0,3.53,3.47,1.0,1.0,1.18,1.16,4.0,4.0,4.71,4.63,2.0,2.0,2.35,2.32,44.71,47.06,-2.35,65.61,-2.0,-2.0,-2.35,31.09,31.09,0.46,0.47,0.43,0.36,0.5,0.09,0.56,0.42,0.78,0.57,3.53,1.18,0.05,2.35,0.1
3,福爾摩沙夢想家,79|89|106,張宗憲/蔣淯安/高柏鎧,1,62,77.0,1722.9,28.72,28:43,1722.9,28.72,28:43,36.0,36.0,46.75,45.13,34.0,34.0,44.16,42.63,33.0,33.0,42.86,41.37,14.0,14.0,18.18,17.55,25.0,25.0,32.47,31.34,10.0,10.0,12.99,12.54,8.0,8.0,10.39,10.03,4.0,4.0,5.19,5.01,6.0,6.0,7.79,7.52,4.0,4.0,5.19,5.01,9.0,9.0,11.69,11.28,11.0,11.0,14.29,13.79,4.0,4.0,5.19,5.01,12.0,12.0,15.58,15.04,5.0,5.0,6.49,6.27,7.0,7.0,9.09,8.78,3.0,3.0,3.9,3.76,1.0,1.0,1.3,1.25,5.0,5.0,6.49,6.27,0.0,0.0,0.0,0.0,46.75,44.16,2.6,64.36,2.0,2.0,2.6,28.72,28.72,0.48,0.51,0.4,0.5,0.67,0.12,0.5,0.43,0.73,0.56,3.9,1.3,0.06,0.0,0.18
3,福爾摩沙夢想家,79|89|13906,張宗憲/蔣淯安/班提爾,1,79,92.0,2000.53,33.34,33:21,2000.53,33.34,33:21,39.0,39.0,42.39,42.11,42.0,42.0,45.65,45.35,41.0,41.0,44.57,44.27,16.0,16.0,17.39,17.28,29.0,29.0,31.52,31.31,12.0,12.0,13.04,12.96,12.0,12.0,13.04,12.96,4.0,4.0,4.35,4.32,4.0,4.0,4.35,4.32,3.0,3.0,3.26,3.24,9.0,9.0,9.78,9.72,17.0,17.0,18.48,18.36,2.0,2.0,2.17,2.16,17.0,17.0,18.48,18.36,6.0,6.0,6.52,6.48,8.0,8.0,8.7,8.64,4.0,4.0,4.35,4.32,1.0,1.0,1.09,1.08,3.0,3.0,3.26,3.24,2.0,2.0,2.17,2.16,42.39,45.65,-3.26,66.22,-3.0,-3.0,-3.26,33.34,33.34,0.44,0.46,0.41,0.33,0.75,0.12,0.5,0.35,0.89,0.58,4.35,1.09,0.03,2.17,0.1
3,福爾摩沙夢想家,79|103|106,張宗憲/忻沃克/高柏鎧,1,58,73.0,1678.58,27.98,27:59,1678.58,27.98,27:59,36.0,36.0,49.32,46.32,38.0,38.0,52.05,48.9,33.0,33.0,45.21,42.46,15.0,15.0,20.55,19.3,26.0,26.0,35.62,33.46,11.0,11.0,15.07,14.15,7.0,7.0,9.59,9.01,4.0,4.0,5.48,5.15,6.0,6.0,8.22,7.72,2.0,2.0,2.74,2.57,9.0,9.0,12.33,11.58,11.0,11.0,15.07,14.15,4.0,4.0,5.48,5.15,10.0,10.0,13.7,12.87,3.0,3.0,4.11,3.86,9.0,9.0,12.33,11.58,2.0,2.0,2.74,2.57,1.0,1.0,1.37,1.29,5.0,5.0,6.85,6.43,0.0,0.0,0.0,0.0,49.32,52.05,-2.74,62.62,-2.0,-2.0,-2.74,27.98,27.98,0.52,0.51,0.42,0.57,0.33,0.08,0.6,0.47,0.73,0.59,2.74,1.37,0.07,0.0,0.18
3,福爾摩沙夢想家,79|103|13906,張宗憲/忻沃克/班提爾,1,71,84.0,1858.86,30.98,30:59,1858.86,30.98,30:59,32.0,32.0,38.1,37.18,38.0,38.0,45.24,44.16,38.0,38.0,45.24,44.16,14.0,14.0,16.67,16.27,28.0,28.0,33.33,32.54,11.0,11.0,13.1,12.78,10.0,10.0,11.9,11.62,3.0,3.0,3.57,3.49,2.0,2.0,2.38,2.32,1.0,1.0,1.19,1.16,9.0,9.0,10.71,10.46,16.0,16.0,19.05,18.59,2.0,2.0,2.38,2.32,15.0,15.0,17.86,17.43,5.0,5.0,5.95,5.81,8.0,8.0,9.52,9.3,4.0,4.0,4.76,4.65,1.0,1.0,1.19,1.16,3.0,3.0,3.57,3.49,4.0,4.0,4.76,4.65,38.1,45.24,-7.14,65.07,-6.0,-6.0,-7.14,30.98,30.98,0.41,0.41,0.39,0.3,0.5,0.11,0.57,0.38,0.89,0.6,4.76,1.19,0.04,4.76,0.05
3,福爾摩沙夢想家,79|106|13906,張宗憲/高柏鎧/班提爾,1,57,69.0,1616.9,26.95,26:57,1616.9,26.95,26:57,30.0,30.0,43.48,40.08,29.0,29.0,42.03,38.74,30.0,30.0,43.48,40.08,12.0,12.0,17.39,16.03,24.0,24.0,34.78,32.06,9.0,9.0,13.04,12.02,6.0,6.0,8.7,8.02,3.0,3.0,4.35,4.01,4.0,4.0,5.8,5.34,3.0,3.0,4.35,4.01,8.0,8.0,11.59,10.69,11.0,11.0,15.94,14.69,2.0,2.0,2.9,2.67,12.0,12.0,17.39,16.03,5.0,5.0,7.25,6.68,6.0,6.0,8.7,8.02,3.0,3.0,4.35,4.01,1.0,1.0,1.45,1.34,3.0,3.0,4.35,4.01,0.0,0.0,0.0,0.0,43.48,42.03,1.45,61.45,1.0,1.0,1.45,26.95,26.95,0.45,0.47,0.38,0.5,0.75,0.14,0.5,0.4,0.85,0.58,4.35,1.45,0.04,0.0,0.13
3,福爾摩沙夢想家,89|103|106,蔣淯安/忻沃克/高柏鎧,1,69,85.0,1856.9,30.95,30:57,1856.9,30.95,30:57,39.0,39.0,45.88,45.37,42.0,42.0,49.41,48.86,37.0,37.0,43.53,43.04,16.0,16.0,18.82,18.61,28.0,28.0,32.94,32.57,11.0,11.0,12.94,12.8,9.0,9.0,10.59,10.47,5.0,5.0,5.88,5.82,4.0,4.0,4.71,4.65,2.0,2.0,2.35,2.33,10.0,10.0,11.76,11.63,12.0,12.0,14.12,13.96,4.0,4.0,4.71,4.65,14.0,14.0,16.47,16.29,6.0,6.0,7.06,6.98,9.0,9.0,10.59,10.47,4.0,4.0,4.71,4.65,2.0,2.0,2.35,2.33,6.0,6.0,7.06,6.98,0.0,0.0,0.0,0.0,45.88,49.41,-3.53,65.92,-3.0,-3.0,-3.53,30.95,30.95,0.5,0.5,0.39,0.56,0.5,0.13,0.56,0.42,0.75,0.55,4.71,2.35,0.07,0.0,0.11
3,福爾摩沙夢想家,89|103|13906,蔣淯安/忻沃克/班提爾,1,87,104.0,2117.23,35.29,35:17,2117.23,35.29,35:17,44.0,44.0,42.31,44.89,48.0,48.0,46.15,48.97,49.0,49.0,47.12,49.99,18.0,18.0,17.31,18.36,36.0,36.0,34.62,36.73,14.0,14.0,13.46,14.28,13.0,13.0,12.5,13.26,4.0,4.0,3.85,4.08,5.0,5.0,4.81,5.1,4.0,4.0,3.85,4.08,13.0,13.0,12.5,13.26,19.0,19.0,18.27,19.38,2.0,2.0,1.92,2.04,18.0,18.0,17.31,18.36,5.0,5.0,4.81,5.1,9.0,9.0,8.65,9.18,3.0,3.0,2.88,3.06,4.0,4.0,3.85,4.08,6.0,6.0,5.77,6.12,2.0,2.0,1.92,2.04,42.31,46.15,-3.85,70.73,-4.0,-4.0,-3.85,35.29,35.29,0.41,0.43,0.39,0.31,0.8,0.09,0.5,0.42,0.9,0.62,2.88,3.85,0.06,1.92,0.1
3,福爾摩沙夢想家,89|106|13906,蔣淯安/高柏鎧/班提爾,1,76,89.0,1867.9,31.13,31:08,1867.9,31.13,31:08,36.0,36.0,40.45,41.63,43.0,43.0,48.31,49.72,38.0,38.0,42.7,43.94,14.0,14.0,15.73,16.19,27.0,27.0,30.34,31.22,9.0,9.0,10.11,10.41,11.0,11.0,12.36,12.72,5.0,5.0,5.62,5.78,4.0,4.0,4.49,4.63,3.0,3.0,3.37,3.47,9.0,9.0,10.11,10.41,16.0,16.0,17.98,18.5,2.0,2.0,2.25,2.31,16.0,16.0,17.98,18.5,7.0,7.0,7.87,8.09,7.0,7.0,7.87,8.09,4.0,4.0,4.49,4.63,2.0,2.0,2.25,2.31,5.0,5.0,5.62,5.78,2.0,2.0,2.25,2.31,40.45,48.31,-7.87,68.61,-7.0,-7.0,-7.87,31.13,31.13,0.43,0.45,0.33,0.45,0.75,0.15,0.5,0.36,0.89,0.58,4.49,2.25,0.06,2.25,0.11
3,福爾摩沙夢想家,103|106|13906,忻沃克/高柏鎧/班提爾,1,54,67.0,1583.9,26.4,26:24,1583.9,26.4,26:24,28.0,28.0,41.79,38.18,28.0,28.0,41.79,38.18,31.0,31.0,46.27,42.28,12.0,12.0,17.91,16.36,25.0,25.0,37.31,34.09,9.0,9.0,13.43,12.27,6.0,6.0,8.96,8.18,3.0,3.0,4.48,4.09,2.0,2.0,2.99,2.73,1.0,1.0,1.49,1.36,9.0,9.0,13.43,12.27,11.0,11.0,16.42,15.0,2.0,2.0,2.99,2.73,12.0,12.0,17.91,16.36,4.0,4.0,5.97,5.45,7.0,7.0,10.45,9.55,2.0,2.0,2.99,2.73,2.0,2.0,2.99,2.73,3.0,3.0,4.48,4.09,0.0,0.0,0.0,0.0,41.79,41.79,0.0,60.91,0.0,0.0,0.0,26.4,26.4,0.44,0.44,0.36,0.5,0.5,0.11,0.58,0.43,0.85,0.59,2.99,2.99,0.04,0.0,0.06
3,新北國王,22|28|29,簡祐哲/呂政儒/林書緯,1,29,39.0,1234.9,20.58,20:35,1234.9,20.58,20:35,17.0,17.0,43.59,29.74,21.0,21.0,53.85,36.73,15.0,15.0,38.46,26.24,7.0,7.0,17.95,12.24,8.0,8.0,20.51,13.99,4.0,4.0,10.26,7.0,7.0,7.0,17.95,12.24,3.0,3.0,7.69,5.25,0.0,0.0,0.0,0.0,0.0,0.0,0.0,0.0,2.0,2.0,5.13,3.5,6.0,6.0,15.38,10.49,7.0,7.0,17.95,12.24,4.0,4.0,10.26,7.0,0.0,0.0,0.0,0.0,3.0,3.0,7.69,5.25,0.0,0.0,0.0,0.0,0.0,0.0,0.0,0.0,0.0,0.0,0.0,0.0,0.0,0.0,0.0,0.0,43.59,53.85,-10.26,45.48,-4.0,-4.0,-10.26,20.58,20.58,0.57,0.57,0.5,0.43,,0.0,0.43,0.33,0.46,0.42,0.0,0.0,0.0,0.0,0.0
3,新北國王,22|28|14038,簡祐哲/呂政儒/飛米,1,29,39.0,1234.9,20.58,20:35,1234.9,20.58,20:35,17.0,17.0,43.59,29.74,21.0,21.0,53.85,36.73,15.0,15.0,38.46,26.24,7.0,7.0,17.95,12.24,8.0,8.0,20.51,13.99,4.0,4.0,10.26,7.0,7.0,7.0,17.95,12.24,3.0,3.0,7.69,5.25,0.0,0.0,0.0,0.0,0.0,0.0,0.0,0.0,2.0,2.0,5.13,3.5,6.0,6.0,15.38,10.49,7.0,7.0,17.95,12.24,4.0,4.0,10.26,7.0,0.0,0.0,0.0,0.0,3.0,3.0,7.69,5.25,0.0,0.0,0.0,0.0,0.0,0.0,0.0,0.0,0.0,0.0,0.0,0.0,0.0,0.0,0.0,0.0,43.59,53.85,-10.26,45.48,-4.0,-4.0,-10.26,20.58,20.58,0.57,0.57,0.5,0.43,,0.0,0.43,0.33,0.46,0.42,0.0,0.0,0.0,0.0,0.0
3,新北國王,22|28|14303,簡祐哲/呂政儒/喬丹,1,30,41.0,1252.01,20.87,20:52,1252.01,20.87,20:52,17.0,17.0,41.46,29.33,24.0,24.0,58.54,41.41,15.0,15.0,36.59,25.88,7.0,7.0,17.07,12.08,8.0,8.0,19.51,13.8,4.0,4.0,9.76,6.9,7.0,7.0,17.07,12.08,3.0,3.0,7.32,5.18,0.0,0.0,0.0,0.0,0.0,0.0,0.0,0.0,2.0,2.0,4.88,3.45,6.0,6.0,14.63,10.35,7.0,7.0,17.07,12.08,4.0,4.0,9.76,6.9,0.0,0.0,0.0,0.0,3.0,3.0,7.32,5.18,0.0,0.0,0.0,0.0,0.0,0.0,0.0,0.0,0.0,0.0,0.0,0.0,4.0,4.0,9.76,6.9,41.46,58.54,-17.07,47.16,-7.0,-7.0,-17.07,20.87,20.87,0.57,0.57,0.5,0.43,,0.0,0.43,0.33,0.46,0.42,0.0,0.0,0.0,9.76,0.0
3,新北國王,22|29|14038,簡祐哲/林書緯/飛米,1,52,65.0,1577.44,26.29,26:17,1577.44,26.29,26:17,26.0,26.0,40.0,35.6,26.0,26.0,40.0,35.6,25.0,25.0,38.46,34.23,10.0,10.0,15.38,13.69,14.0,14.0,21.54,19.17,6.0,6.0,9.23,8.22,11.0,11.0,16.92,15.06,4.0,4.0,6.15,5.48,2.0,2.0,3.08,2.74,2.0,2.0,3.08,2.74,2.0,2.0,3.08,2.74,13.0,13.0,20.0,17.8,10.0,10.0,15.38,13.69,12.0,12.0,18.46,16.43,1.0,1.0,1.54,1.37,6.0,6.0,9.23,8.22,0.0,0.0,0.0,0.0,0.0,0.0,0.0,0.0,3.0,3.0,4.62,4.11,2.0,2.0,3.08,2.74,40.0,40.0,0.0,59.34,0.0,0.0,0.0,26.29,26.29,0.48,0.5,0.43,0.36,1.0,0.04,0.6,0.14,0.57,0.41,0.0,0.0,0.05,3.08,0.08
3,新北國王,22|29|14303,簡祐哲/林書緯/喬丹,1,68,84.0,1858.18,30.97,30:58,1858.18,30.97,30:58,40.0,40.0,47.62,46.5,35.0,35.0,41.67,40.68,33.0,33.0,39.29,38.36,15.0,15.0,17.86,17.44,16.0,16.0,19.05,18.6,7.0,7.0,8.33,8.14,17.0,17.0,20.24,19.76,8.0,8.0,9.52,9.3,2.0,2.0,2.38,2.32,2.0,2.0,2.38,2.32,2.0,2.0,2.38,2.32,16.0,16.0,19.05,18.6,13.0,13.0,15.48,15.11,14.0,14.0,16.67,16.27,1.0,1.0,1.19,1.16,9.0,9.0,10.71,10.46,0.0,0.0,0.0,0.0,1.0,1.0,1.19,1.16,3.0,3.0,3.57,3.49,4.0,4.0,4.76,4.65,47.62,41.67,5.95,65.1,5.0,5.0,5.95,30.97,30.97,0.58,0.59,0.44,0.47,1.0,0.03,0.6,0.12,0.55,0.4,0.0,1.19,0.04,4.76,0.06
3,新北國王,22|14038|14303,簡祐哲/飛米/喬丹,1,60,74.0,1685.67,28.09,28:06,1685.67,28.09,28:06,26.0,26.0,35.14,33.32,27.0,27.0,36.49,34.6,27.0,27.0,36.49,34.6,10.0,10.0,13.51,12.81,14.0,14.0,18.92,17.94,6.0,6.0,8.11,7.69,13.0,13.0,17.57,16.66,4.0,4.0,5.41,5.13,2.0,2.0,2.7,2.56,2.0,2.0,2.7,2.56,2.0,2.0,2.7,2.56,15.0,15.0,20.27,19.22,10.0,10.0,13.51,12.81,14.0,14.0,18.92,17.94,3.0,3.0,4.05,3.84,6.0,6.0,8.11,7.69,1.0,1.0,1.35,1.28,0.0,0.0,0.0,0.0,3.0,3.0,4.05,3.84,4.0,4.0,5.41,5.13,35.14,36.49,-1.35,63.22,-1.0,-1.0,-1.35,28.09,28.09,0.44,0.47,0.43,0.31,1.0,0.1,0.6,0.12,0.6,0.41,1.35,0.0,0.04,5.41,0.07
3,新北國王,28|29|14038,呂政儒/林書緯/飛米,1,49,60.0,1577.12,26.29,26:17,1577.12,26.29,26:17,31.0,31.0,51.67,42.46,34.0,34.0,56.67,46.57,24.0,24.0,40.0,32.87,13.0,13.0,21.67,17.8,14.0,14.0,23.33,19.17,8.0,8.0,13.33,10.96,10.0,10.0,16.67,13.7,5.0,5.0,8.33,6.85,0.0,0.0,0.0,0.0,0.0,0.0,0.0,0.0,2.0,2.0,3.33,2.74,9.0,9.0,15.0,12.33,7.0,7.0,11.67,9.59,8.0,8.0,13.33,10.96,2.0,2.0,3.33,2.74,7.0,7.0,11.67,9.59,2.0,2.0,3.33,2.74,0.0,0.0,0.0,0.0,1.0,1.0,1.67,1.37,0.0,0.0,0.0,0.0,51.67,56.67,-5.0,54.78,-3.0,-3.0,-5.0,26.29,26.29,0.65,0.65,0.57,0.5,,0.08,0.54,0.2,0.56,0.42,3.33,0.0,0.02,0.0,0.0
3,新北國王,28|29|14303,呂政儒/林書緯/喬丹,1,49,60.0,1577.12,26.29,26:17,1577.12,26.29,26:17,31.0,31.0,51.67,42.46,34.0,34.0,56.67,46.57,24.0,24.0,40.0,32.87,13.0,13.0,21.67,17.8,14.0,14.0,23.33,19.17,8.0,8.0,13.33,10.96,10.0,10.0,16.67,13.7,5.0,5.0,8.33,6.85,0.0,0.0,0.0,0.0,0.0,0.0,0.0,0.0,2.0,2.0,3.33,2.74,9.0,9.0,15.0,12.33,7.0,7.0,11.67,9.59,8.0,8.0,13.33,10.96,2.0,2.0,3.33,2.74,7.0,7.0,11.67,9.59,2.0,2.0,3.33,2.74,0.0,0.0,0.0,0.0,1.0,1.0,1.67,1.37,0.0,0.0,0.0,0.0,51.67,56.67,-5.0,54.78,-3.0,-3.0,-5.0,26.29,26.29,0.65,0.65,0.57,0.5,,0.08,0.54,0.2,0.56,0.42,3.33,0.0,0.02,0.0,0.0
3,新北國王,28|14038|14303,呂政儒/飛米/喬丹,1,49,60.0,1577.12,26.29,26:17,1577.12,26.29,26:17,31.0,31.0,51.67,42.46,34.0,34.0,56.67,46.57,24.0,24.0,40.0,32.87,13.0,13.0,21.67,17.8,14.0,14.0,23.33,19.17,8.0,8.0,13.33,10.96,10.0,10.0,16.67,13.7,5.0,5.0,8.33,6.85,0.0,0.0,0.0,0.0,0.0,0.0,0.0,0.0,2.0,2.0,3.33,2.74,9.0,9.0,15.0,12.33,7.0,7.0,11.67,9.59,8.0,8.0,13.33,10.96,2.0,2.0,3.33,2.74,7.0,7.0,11.67,9.59,2.0,2.0,3.33,2.74,0.0,0.0,0.0,0.0,1.0,1.0,1.67,1.37,0.0,0.0,0.0,0.0,51.67,56.67,-5.0,54.78,-3.0,-3.0,-5.0,26.29,26.29,0.65,0.65,0.57,0.5,,0.08,0.54,0.2,0.56,0.42,3.33,0.0,0.02,0.0,0.0
3,新北國王,29|14038|14303,林書緯/飛米/喬丹,1,113,127.0,2474.09,41.23,41:14,2474.09,41.23,41:14,68.0,68.0,53.54,59.37,52.0,52.0,40.94,45.4,50.0,50.0,39.37,43.65,25.0,25.0,19.69,21.83,26.0,26.0,20.47,22.7,13.0,13.0,10.24,11.35,24.0,24.0,18.9,20.95,12.0,12.0,9.45,10.48,7.0,7.0,5.51,6.11,6.0,6.0,4.72,5.24,2.0,2.0,1.57,1.75,22.0,22.0,17.32,19.21,10.0,10.0,7.87,8.73,27.0,27.0,21.26,23.57,5.0,5.0,3.94,4.37,14.0,14.0,11.02,12.22,2.0,2.0,1.57,1.75,1.0,1.0,0.79,0.87,6.0,6.0,4.72,5.24,6.0,6.0,4.72,5.24,53.54,40.94,12.6,73.92,16.0,16.0,12.6,41.23,41.23,0.62,0.64,0.5,0.5,0.86,0.09,0.56,0.07,0.69,0.39,1.57,0.79,0.05,4.72,0.14
3,新北國王,28|29|10872,呂政儒/林書緯/林彥廷,1,20,21.0,342.22,5.7,05:42,342.22,5.7,05:42,14.0,14.0,66.67,88.36,13.0,13.0,61.9,82.05,9.0,9.0,42.86,56.81,6.0,6.0,28.57,37.87,6.0,6.0,28.57,37.87,4.0,4.0,19.05,25.25,3.0,3.0,14.29,18.94,2.0,2.0,9.52,12.62,0.0,0.0,0.0,0.0,0.0,0.0,0.0,0.0,0.0,0.0,0.0,0.0,3.0,3.0,14.29,18.94,0.0,0.0,0.0,0.0,4.0,4.0,19.05,25.25,2.0,2.0,9.52,12.62,4.0,4.0,19.05,25.25,2.0,2.0,9.52,12.62,0.0,0.0,0.0,0.0,1.0,1.0,4.76,6.31,0.0,0.0,0.0,0.0,66.67,61.9,4.76,88.36,1.0,1.0,4.76,5.7,5.7,0.78,0.78,0.67,0.67,,0.18,0.67,0.0,1.0,0.43,9.52,0.0,0.05,0.0,0.0
3,新北國王,28|10872|14038,呂政儒/林彥廷/飛米,1,20,21.0,342.22,5.7,05:42,342.22,5.7,05:42,14.0,14.0,66.67,88.36,13.0,13.0,61.9,82.05,9.0,9.0,42.86,56.81,6.0,6.0,28.57,37.87,6.0,6.0,28.57,37.87,4.0,4.0,19.05,25.25,3.0,3.0,14.29,18.94,2.0,2.0,9.52,12.62,0.0,0.0,0.0,0.0,0.0,0.0,0.0,0.0,0.0,0.0,0.0,0.0,3.0,3.0,14.29,18.94,0.0,0.0,0.0,0.0,4.0,4.0,19.05,25.25,2.0,2.0,9.52,12.62,4.0,4.0,19.05,25.25,2.0,2.0,9.52,12.62,0.0,0.0,0.0,0.0,1.0,1.0,4.76,6.31,0.0,0.0,0.0,0.0,66.67,61.9,4.76,88.36,1.0,1.0,4.76,5.7,5.7,0.78,0.78,0.67,0.67,,0.18,0.67,0.0,1.0,0.43,9.52,0.0,0.05,0.0,0.0
3,新北國王,28|10872|14303,呂政儒/林彥廷/喬丹,1,20,21.0,342.22,5.7,05:42,342.22,5.7,05:42,14.0,14.0,66.67,88.36,13.0,13.0,61.9,82.05,9.0,9.0,42.86,56.81,6.0,6.0,28.57,37.87,6.0,6.0,28.57,37.87,4.0,4.0,19.05,25.25,3.0,3.0,14.29,18.94,2.0,2.0,9.52,12.62,0.0,0.0,0.0,0.0,0.0,0.0,0.0,0.0,0.0,0.0,0.0,0.0,3.0,3.0,14.29,18.94,0.0,0.0,0.0,0.0,4.0,4.0,19.05,25.25,2.0,2.0,9.52,12.62,4.0,4.0,19.05,25.25,2.0,2.0,9.52,12.62,0.0,0.0,0.0,0.0,1.0,1.0,4.76,6.31,0.0,0.0,0.0,0.0,66.67,61.9,4.76,88.36,1.0,1.0,4.76,5.7,5.7,0.78,0.78,0.67,0.67,,0.18,0.67,0.0,1.0,0.43,9.52,0.0,0.05,0.0,0.0
3,新北國王,29|10872|14038,林書緯/林彥廷/飛米,1,76,80.0,1106.65,18.44,18:27,1106.65,18.44,18:27,53.0,53.0,66.25,103.45,35.0,35.0,43.75,68.31,28.0,28.0,35.0,54.65,18.0,18.0,22.5,35.13,12.0,12.0,15.0,23.42,7.0,7.0,8.75,13.66,16.0,16.0,20.0,31.23,11.0,11.0,13.75,21.47,7.0,7.0,8.75,13.66,6.0,6.0,7.5,11.71,0.0,0.0,0.0,0.0,9.0,9.0,11.25,17.57,3.0,3.0,3.75,5.86,17.0,17.0,21.25,33.18,7.0,7.0,8.75,13.66,10.0,10.0,12.5,19.52,4.0,4.0,5.0,7.81,1.0,1.0,1.25,1.95,4.0,4.0,5.0,7.81,6.0,6.0,7.5,11.71,66.25,43.75,22.5,104.1,18.0,18.0,22.5,18.44,18.44,0.84,0.85,0.58,0.69,0.86,0.18,0.56,0.0,0.75,0.31,5.0,1.25,0.05,7.5,0.25
3,新北國王,29|10872|14303,林書緯/林彥廷/喬丹,1,94,98.0,1456.57,24.28,24:17,1456.57,24.28,24:17,66.0,66.0,67.35,97.87,49.0,49.0,50.0,72.66,41.0,41.0,41.84,60.8,24.0,24.0,24.49,35.59,18.0,18.0,18.37,26.69,10.0,10.0,10.2,14.83,23.0,23.0,23.47,34.11,14.0,14.0,14.29,20.76,5.0,5.0,5.1,7.41,4.0,4.0,4.08,5.93,0.0,0.0,0.0,0.0,16.0,16.0,16.33,23.73,3.0,3.0,3.06,4.45,20.0,20.0,20.41,29.66,4.0,4.0,4.08,5.93,14.0,14.0,14.29,20.76,2.0,2.0,2.04,2.97,2.0,2.0,2.04,2.97,6.0,6.0,6.12,8.9,10.0,10.0,10.2,14.83,67.35,50.0,17.35,96.88,17.0,17.0,17.35,24.28,24.28,0.76,0.76,0.56,0.61,0.8,0.08,0.58,0.0,0.84,0.41,2.04,2.04,0.06,10.2,0.12
3,新北國王,10872|14038|14303,林彥廷/飛米/喬丹,1,78,87.0,1197.88,19.96,19:58,1197.88,19.96,19:58,49.0,49.0,56.32,88.36,35.0,35.0,40.23,63.11,34.0,34.0,39.08,61.31,18.0,18.0,20.69,32.46,16.0,16.0,18.39,28.85,9.0,9.0,10.34,16.23,18.0,18.0,20.69,32.46,9.0,9.0,10.34,16.23,5.0,5.0,5.75,9.02,4.0,4.0,4.6,7.21,3.0,3.0,3.45,5.41,12.0,12.0,13.79,21.64,3.0,3.0,3.45,5.41,17.0,17.0,19.54,30.65,6.0,6.0,6.9,10.82,10.0,10.0,11.49,18.03,3.0,3.0,3.45,5.41,1.0,1.0,1.15,1.8,4.0,4.0,4.6,7.21,8.0,8.0,9.2,14.43,56.32,40.23,16.09,104.58,14.0,14.0,16.09,19.96,19.96,0.66,0.68,0.56,0.5,0.8,0.14,0.56,0.15,0.8,0.43,3.45,1.15,0.05,9.2,0.15
3,福爾摩沙夢想家,79|89|13777,張宗憲/蔣淯安/布依德,1,27,31.0,489.62,8.16,08:10,489.62,8.16,08:10,15.0,15.0,48.39,66.17,18.0,18.0,58.06,79.41,14.0,14.0,45.16,61.76,6.0,6.0,19.35,26.47,6.0,6.0,19.35,26.47,4.0,4.0,12.9,17.65,8.0,8.0,25.81,35.29,2.0,2.0,6.45,8.82,2.0,2.0,6.45,8.82,1.0,1.0,3.23,4.41,2.0,2.0,6.45,8.82,6.0,6.0,19.35,26.47,2.0,2.0,6.45,8.82,5.0,5.0,16.13,22.06,1.0,1.0,3.23,4.41,3.0,3.0,9.68,13.23,1.0,1.0,3.23,4.41,0.0,0.0,0.0,0.0,2.0,2.0,6.45,8.82,2.0,2.0,6.45,8.82,48.39,58.06,-9.68,91.17,-3.0,-3.0,-9.68,8.16,8.16,0.5,0.5,0.67,0.25,0.5,0.06,0.5,0.29,0.75,0.53,3.23,0.0,0.06,6.45,0.14
3,福爾摩沙夢想家,79|103|13777,張宗憲/忻沃克/布依德,1,37,41.0,623.62,10.39,10:24,623.62,10.39,10:24,18.0,18.0,43.9,62.35,28.0,28.0,68.29,96.98,17.0,17.0,41.46,58.88,7.0,7.0,17.07,24.25,8.0,8.0,19.51,27.71,4.0,4.0,9.76,13.85,9.0,9.0,21.95,31.17,3.0,3.0,7.32,10.39,4.0,4.0,9.76,13.85,1.0,1.0,2.44,3.46,2.0,2.0,4.88,6.93,9.0,9.0,21.95,31.17,2.0,2.0,4.88,6.93,5.0,5.0,12.2,17.32,2.0,2.0,4.88,6.93,5.0,5.0,12.2,17.32,2.0,2.0,4.88,6.93,0.0,0.0,0.0,0.0,4.0,4.0,9.76,13.85,4.0,4.0,9.76,13.85,43.9,68.29,-24.39,94.67,-10.0,-10.0,-24.39,10.39,10.39,0.5,0.48,0.5,0.33,0.25,0.1,0.71,0.29,0.82,0.61,4.88,0.0,0.1,9.76,0.24
3,福爾摩沙夢想家,79|13777|13906,張宗憲/布依德/班提爾,1,29,30.0,482.95,8.05,08:03,482.95,8.05,08:03,9.0,9.0,30.0,40.25,16.0,16.0,53.33,71.56,13.0,13.0,43.33,58.14,4.0,4.0,13.33,17.89,6.0,6.0,20.0,26.83,3.0,3.0,10.0,13.42,7.0,7.0,23.33,31.31,1.0,1.0,3.33,4.47,0.0,0.0,0.0,0.0,0.0,0.0,0.0,0.0,1.0,1.0,3.33,4.47,8.0,8.0,26.67,35.78,0.0,0.0,0.0,0.0,6.0,6.0,20.0,26.83,2.0,2.0,6.67,8.94,2.0,2.0,6.67,8.94,2.0,2.0,6.67,8.94,0.0,0.0,0.0,0.0,1.0,1.0,3.33,4.47,4.0,4.0,13.33,17.89,30.0,53.33,-23.33,89.45,-7.0,-7.0,-23.33,8.05,8.05,0.35,0.35,0.5,0.14,,0.13,0.5,0.14,1.0,0.6,6.67,0.0,0.03,13.33,0.0
3,福爾摩沙夢想家,89|103|13777,蔣淯安/忻沃克/布依德,1,48,55.0,806.33,13.44,13:26,806.33,13.44,13:26,27.0,27.0,49.09,72.33,34.0,34.0,61.82,91.08,24.0,24.0,43.64,64.29,10.0,10.0,18.18,26.79,14.0,14.0,25.45,37.5,7.0,7.0,12.73,18.75,10.0,10.0,18.18,26.79,3.0,3.0,5.45,8.04,5.0,5.0,9.09,13.39,4.0,4.0,7.27,10.72,5.0,5.0,9.09,13.39,9.0,9.0,16.36,24.11,2.0,2.0,3.64,5.36,8.0,8.0,14.55,21.43,3.0,3.0,5.45,8.04,4.0,4.0,7.27,10.72,3.0,3.0,5.45,8.04,2.0,2.0,3.64,5.36,6.0,6.0,10.91,16.07,2.0,2.0,3.64,5.36,49.09,61.82,-12.73,98.22,-7.0,-7.0,-12.73,13.44,13.44,0.48,0.52,0.5,0.3,0.8,0.1,0.4,0.38,0.82,0.58,5.45,3.64,0.11,3.64,0.21
3,福爾摩沙夢想家,89|13777|13906,蔣淯安/布依德/班提爾,1,40,44.0,640.76,10.68,10:41,640.76,10.68,10:41,18.0,18.0,40.91,60.68,23.0,23.0,52.27,77.53,21.0,21.0,47.73,70.79,7.0,7.0,15.91,23.6,13.0,13.0,29.55,43.82,6.0,6.0,13.64,20.23,8.0,8.0,18.18,26.97,1.0,1.0,2.27,3.37,3.0,3.0,6.82,10.11,3.0,3.0,6.82,10.11,4.0,4.0,9.09,13.48,10.0,10.0,22.73,33.71,0.0,0.0,0.0,0.0,7.0,7.0,15.91,23.6,1.0,1.0,2.27,3.37,2.0,2.0,4.55,6.74,1.0,1.0,2.27,3.37,2.0,2.0,4.55,6.74,3.0,3.0,6.82,10.11,3.0,3.0,6.82,10.11,40.91,52.27,-11.36,98.88,-5.0,-5.0,-11.36,10.68,10.68,0.36,0.4,0.46,0.12,1.0,0.04,0.29,0.36,1.0,0.67,2.27,4.55,0.07,6.82,0.14
3,福爾摩沙夢想家,103|13777|13906,忻沃克/布依德/班提爾,1,50,60.0,816.66,13.61,13:37,816.66,13.61,13:37,25.0,25.0,41.67,66.12,30.0,30.0,50.0,79.35,29.0,29.0,48.33,76.7,10.0,10.0,16.67,26.45,18.0,18.0,30.0,47.61,8.0,8.0,13.33,21.16,11.0,11.0,18.33,29.09,2.0,2.0,3.33,5.29,3.0,3.0,5.0,7.93,3.0,3.0,5.0,7.93,8.0,8.0,13.33,21.16,10.0,10.0,16.67,26.45,1.0,1.0,1.67,2.64,8.0,8.0,13.33,21.16,3.0,3.0,5.0,7.93,4.0,4.0,6.67,10.58,2.0,2.0,3.33,5.29,3.0,3.0,5.0,7.93,5.0,5.0,8.33,13.22,4.0,4.0,6.67,10.58,41.67,50.0,-8.33,105.8,-5.0,-5.0,-8.33,13.61,13.61,0.38,0.41,0.44,0.18,1.0,0.09,0.4,0.5,0.91,0.67,3.33,5.0,0.08,6.67,0.1
3,福爾摩沙夢想家,77|79|89,馬建豪/張宗憲/蔣淯安,1,15,15.0,241.0,4.02,04:01,241.0,4.02,04:01,7.0,7.0,46.67,62.74,7.0,7.0,46.67,62.74,5.0,5.0,33.33,44.81,2.0,2.0,13.33,17.93,2.0,2.0,13.33,17.93,1.0,1.0,6.67,8.96,3.0,3.0,20.0,26.89,1.0,1.0,6.67,8.96,2.0,2.0,13.33,17.93,2.0,2.0,13.33,17.93,0.0,0.0,0.0,0.0,3.0,3.0,20.0,26.89,0.0,0.0,0.0,0.0,3.0,3.0,20.0,26.89,2.0,2.0,13.33,17.93,0.0,0.0,0.0,0.0,1.0,1.0,6.67,8.96,0.0,0.0,0.0,0.0,1.0,1.0,6.67,8.96,0.0,0.0,0.0,0.0,46.67,46.67,0.0,89.63,0.0,0.0,0.0,4.02,4.02,0.5,0.6,0.5,0.33,1.0,0.25,0.0,0.0,1.0,0.5,6.67,0.0,0.07,0.0,0.4
3,福爾摩沙夢想家,77|79|13777,馬建豪/張宗憲/布依德,1,4,4.0,81.0,1.35,01:21,81.0,1.35,01:21,2.0,2.0,50.0,53.33,2.0,2.0,50.0,53.33,2.0,2.0,50.0,53.33,1.0,1.0,25.0,26.67,1.0,1.0,25.0,26.67,1.0,1.0,25.0,26.67,1.0,1.0,25.0,26.67,0.0,0.0,0.0,0.0,0.0,0.0,0.0,0.0,0.0,0.0,0.0,0.0,0.0,0.0,0.0,0.0,1.0,1.0,25.0,26.67,0.0,0.0,0.0,0.0,1.0,1.0,25.0,26.67,0.0,0.0,0.0,0.0,0.0,0.0,0.0,0.0,0.0,0.0,0.0,0.0,0.0,0.0,0.0,0.0,0.0,0.0,0.0,0.0,0.0,0.0,0.0,0.0,50.0,50.0,0.0,71.11,0.0,0.0,0.0,1.35,1.35,0.5,0.5,1.0,0.0,,0.0,0.0,0.0,1.0,0.5,0.0,0.0,0.0,0.0,0.0
3,福爾摩沙夢想家,77|79|13906,馬建豪/張宗憲/班提爾,1,15,15.0,241.0,4.02,04:01,241.0,4.02,04:01,7.0,7.0,46.67,62.74,7.0,7.0,46.67,62.74,5.0,5.0,33.33,44.81,2.0,2.0,13.33,17.93,2.0,2.0,13.33,17.93,1.0,1.0,6.67,8.96,3.0,3.0,20.0,26.89,1.0,1.0,6.67,8.96,2.0,2.0,13.33,17.93,2.0,2.0,13.33,17.93,0.0,0.0,0.0,0.0,3.0,3.0,20.0,26.89,0.0,0.0,0.0,0.0,3.0,3.0,20.0,26.89,2.0,2.0,13.33,17.93,0.0,0.0,0.0,0.0,1.0,1.0,6.67,8.96,0.0,0.0,0.0,0.0,1.0,1.0,6.67,8.96,0.0,0.0,0.0,0.0,46.67,46.67,0.0,89.63,0.0,0.0,0.0,4.02,4.02,0.5,0.6,0.5,0.33,1.0,0.25,0.0,0.0,1.0,0.5,6.67,0.0,0.07,0.0,0.4
3,福爾摩沙夢想家,77|89|13777,馬建豪/蔣淯安/布依德,1,41,44.0,694.74,11.58,11:35,694.74,11.58,11:35,28.0,28.0,63.64,87.05,24.0,24.0,54.55,74.62,19.0,19.0,43.18,59.07,9.0,9.0,20.45,27.98,11.0,11.0,25.0,34.2,5.0,5.0,11.36,15.55,8.0,8.0,18.18,24.87,4.0,4.0,9.09,12.44,6.0,6.0,13.64,18.65,6.0,6.0,13.64,18.65,3.0,3.0,6.82,9.33,7.0,7.0,15.91,21.76,0.0,0.0,0.0,0.0,8.0,8.0,18.18,24.87,2.0,2.0,4.55,6.22,4.0,4.0,9.09,12.44,2.0,2.0,4.55,6.22,2.0,2.0,4.55,6.22,6.0,6.0,13.64,18.65,1.0,1.0,2.27,3.11,63.64,54.55,9.09,91.2,4.0,4.0,9.09,11.58,11.58,0.58,0.65,0.45,0.5,1.0,0.08,0.44,0.27,1.0,0.56,4.55,4.55,0.14,2.27,0.32
3,福爾摩沙夢想家,77|89|13906,馬建豪/蔣淯安/班提爾,1,52,56.0,749.14,12.49,12:29,749.14,12.49,12:29,22.0,22.0,39.29,63.43,31.0,31.0,55.36,89.38,23.0,23.0,41.07,66.32,7.0,7.0,12.5,20.18,13.0,13.0,23.21,37.48,4.0,4.0,7.14,11.53,10.0,10.0,17.86,28.83,3.0,3.0,5.36,8.65,5.0,5.0,8.93,14.42,5.0,5.0,8.93,14.42,4.0,4.0,7.14,11.53,12.0,12.0,21.43,34.6,0.0,0.0,0.0,0.0,9.0,9.0,16.07,25.95,4.0,4.0,7.14,11.53,1.0,1.0,1.79,2.88,2.0,2.0,3.57,5.77,3.0,3.0,5.36,8.65,6.0,6.0,10.71,17.3,3.0,3.0,5.36,8.65,39.29,55.36,-16.07,107.64,-9.0,-9.0,-16.07,12.49,12.49,0.37,0.44,0.31,0.3,1.0,0.14,0.14,0.31,1.0,0.64,3.57,5.36,0.11,5.36,0.22
3,福爾摩沙夢想家,77|13777|13906,馬建豪/布依德/班提爾,1,36,46.0,588.37,9.81,09:48,588.37,9.81,09:48,22.0,22.0,47.83,80.77,21.0,21.0,45.65,77.09,22.0,22.0,47.83,80.77,8.0,8.0,17.39,29.37,15.0,15.0,32.61,55.07,7.0,7.0,15.22,25.7,7.0,7.0,15.22,25.7,1.0,1.0,2.17,3.67,7.0,7.0,15.22,25.7,5.0,5.0,10.87,18.36,7.0,7.0,15.22,25.7,6.0,6.0,13.04,22.03,1.0,1.0,2.17,3.67,5.0,5.0,10.87,18.36,1.0,1.0,2.17,3.67,2.0,2.0,4.35,7.34,0.0,0.0,0.0,0.0,3.0,3.0,6.52,11.01,5.0,5.0,10.87,18.36,1.0,1.0,2.17,3.67,47.83,45.65,2.17,112.58,1.0,1.0,2.17,9.81,9.81,0.39,0.44,0.47,0.14,0.71,0.04,0.25,0.58,0.86,0.68,0.0,6.52,0.11,2.17,0.32
3,福爾摩沙夢想家,77|89|99,馬建豪/蔣淯安/盧冠良,1,4,4.0,62.68,1.04,01:03,62.68,1.04,01:03,3.0,3.0,75.0,103.37,1.0,1.0,25.0,34.46,2.0,2.0,50.0,68.92,1.0,1.0,25.0,34.46,1.0,1.0,25.0,34.46,0.0,0.0,0.0,0.0,1.0,1.0,25.0,34.46,1.0,1.0,25.0,34.46,0.0,0.0,0.0,0.0,0.0,0.0,0.0,0.0,0.0,0.0,0.0,0.0,1.0,1.0,25.0,34.46,0.0,0.0,0.0,0.0,0.0,0.0,0.0,0.0,0.0,0.0,0.0,0.0,1.0,1.0,25.0,34.46,0.0,0.0,0.0,0.0,0.0,0.0,0.0,0.0,0.0,0.0,0.0,0.0,1.0,1.0,25.0,34.46,75.0,25.0,50.0,91.89,2.0,2.0,50.0,1.04,1.04,0.75,0.75,0.0,1.0,,0.0,1.0,,1.0,1.0,0.0,0.0,0.0,25.0,0.0
3,福爾摩沙夢想家,77|99|13777,馬建豪/盧冠良/布依德,1,21,24.0,315.66,5.26,05:16,315.66,5.26,05:16,6.0,6.0,25.0,41.06,13.0,13.0,54.17,88.96,9.0,9.0,37.5,61.58,1.0,1.0,4.17,6.84,5.0,5.0,20.83,34.21,0.0,0.0,0.0,0.0,4.0,4.0,16.67,27.37,1.0,1.0,4.17,6.84,6.0,6.0,25.0,41.06,3.0,3.0,12.5,20.53,2.0,2.0,8.33,13.69,6.0,6.0,25.0,41.06,0.0,0.0,0.0,0.0,2.0,2.0,8.33,13.69,1.0,1.0,4.17,6.84,1.0,1.0,4.17,6.84,0.0,0.0,0.0,0.0,0.0,0.0,0.0,0.0,5.0,5.0,20.83,34.21,3.0,3.0,12.5,20.53,25.0,54.17,-29.17,109.48,-7.0,-7.0,-29.17,5.26,5.26,0.17,0.26,0.0,0.25,0.5,0.08,1.0,0.5,1.0,0.8,0.0,0.0,0.21,12.5,0.67
3,福爾摩沙夢想家,77|99|13906,馬建豪/盧冠良/班提爾,1,7,8.0,92.66,1.54,01:33,92.66,1.54,01:33,2.0,2.0,25.0,46.62,3.0,3.0,37.5,69.93,2.0,2.0,25.0,46.62,0.0,0.0,0.0,0.0,1.0,1.0,12.5,23.31,0.0,0.0,0.0,0.0,1.0,1.0,12.5,23.31,0.0,0.0,0.0,0.0,4.0,4.0,50.0,93.24,2.0,2.0,25.0,46.62,0.0,0.0,0.0,0.0,2.0,2.0,25.0,46.62,0.0,0.0,0.0,0.0,1.0,1.0,12.5,23.31,0.0,0.0,0.0,0.0,0.0,0.0,0.0,0.0,0.0,0.0,0.0,0.0,0.0,0.0,0.0,0.0,1.0,1.0,12.5,23.31,1.0,1.0,12.5,23.31,25.0,37.5,-12.5,124.32,-1.0,-1.0,-12.5,1.54,1.54,0.0,0.27,0.0,0.0,0.5,0.0,,0.0,1.0,0.67,0.0,0.0,0.12,12.5,2.0
3,福爾摩沙夢想家,89|99|13777,蔣淯安/盧冠良/布依德,1,4,4.0,62.68,1.04,01:03,62.68,1.04,01:03,3.0,3.0,75.0,103.37,1.0,1.0,25.0,34.46,2.0,2.0,50.0,68.92,1.0,1.0,25.0,34.46,1.0,1.0,25.0,34.46,0.0,0.0,0.0,0.0,1.0,1.0,25.0,34.46,1.0,1.0,25.0,34.46,0.0,0.0,0.0,0.0,0.0,0.0,0.0,0.0,0.0,0.0,0.0,0.0,1.0,1.0,25.0,34.46,0.0,0.0,0.0,0.0,0.0,0.0,0.0,0.0,0.0,0.0,0.0,0.0,1.0,1.0,25.0,34.46,0.0,0.0,0.0,0.0,0.0,0.0,0.0,0.0,0.0,0.0,0.0,0.0,1.0,1.0,25.0,34.46,75.0,25.0,50.0,91.89,2.0,2.0,50.0,1.04,1.04,0.75,0.75,0.0,1.0,,0.0,1.0,,1.0,1.0,0.0,0.0,0.0,25.0,0.0
3,福爾摩沙夢想家,89|99|13906,蔣淯安/盧冠良/班提爾,1,3,3.0,26.43,0.44,00:26,26.43,0.44,00:26,0.0,0.0,0.0,0.0,1.0,1.0,33.33,81.73,1.0,1.0,33.33,81.73,0.0,0.0,0.0,0.0,1.0,1.0,33.33,81.73,0.0,0.0,0.0,0.0,0.0,0.0,0.0,0.0,0.0,0.0,0.0,0.0,0.0,0.0,0.0,0.0,0.0,0.0,0.0,0.0,0.0,0.0,0.0,0.0,1.0,1.0,33.33,81.73,0.0,0.0,0.0,0.0,0.0,0.0,0.0,0.0,0.0,0.0,0.0,0.0,0.0,0.0,0.0,0.0,0.0,0.0,0.0,0.0,0.0,0.0,0.0,0.0,0.0,0.0,0.0,0.0,1.0,1.0,33.33,81.73,0.0,33.33,-33.33,163.45,-1.0,-1.0,-33.33,0.44,0.44,0.0,0.0,0.0,,,0.0,,,1.0,1.0,0.0,0.0,0.0,33.33,0.0
3,福爾摩沙夢想家,99|13777|13906,盧冠良/布依德/班提爾,1,7,8.0,92.66,1.54,01:33,92.66,1.54,01:33,2.0,2.0,25.0,46.62,3.0,3.0,37.5,69.93,2.0,2.0,25.0,46.62,0.0,0.0,0.0,0.0,1.0,1.0,12.5,23.31,0.0,0.0,0.0,0.0,1.0,1.0,12.5,23.31,0.0,0.0,0.0,0.0,4.0,4.0,50.0,93.24,2.0,2.0,25.0,46.62,0.0,0.0,0.0,0.0,2.0,2.0,25.0,46.62,0.0,0.0,0.0,0.0,1.0,1.0,12.5,23.31,0.0,0.0,0.0,0.0,0.0,0.0,0.0,0.0,0.0,0.0,0.0,0.0,0.0,0.0,0.0,0.0,1.0,1.0,12.5,23.31,1.0,1.0,12.5,23.31,25.0,37.5,-12.5,124.32,-1.0,-1.0,-12.5,1.54,1.54,0.0,0.27,0.0,0.0,0.5,0.0,,0.0,1.0,0.67,0.0,0.0,0.12,12.5,2.0
3,新北國王,29|10872|10874,林書緯/林彥廷/熊祥泰,1,50,53.0,678.74,11.31,11:19,678.74,11.31,11:19,32.0,32.0,60.38,101.84,26.0,26.0,49.06,82.74,16.0,16.0,30.19,50.92,10.0,10.0,18.87,31.82,6.0,6.0,11.32,19.09,3.0,3.0,5.66,9.55,10.0,10.0,18.87,31.82,7.0,7.0,13.21,22.28,5.0,5.0,9.43,15.91,5.0,5.0,9.43,15.91,0.0,0.0,0.0,0.0,6.0,6.0,11.32,19.09,3.0,3.0,5.66,9.55,10.0,10.0,18.87,31.82,5.0,5.0,9.43,15.91,5.0,5.0,9.43,15.91,2.0,2.0,3.77,6.36,1.0,1.0,1.89,3.18,5.0,5.0,9.43,15.91,8.0,8.0,15.09,25.46,60.38,49.06,11.32,112.44,6.0,6.0,11.32,11.31,11.31,0.84,0.88,0.5,0.7,1.0,0.22,0.5,0.0,0.67,0.32,3.77,1.89,0.09,15.09,0.31
3,新北國王,29|10874|14038,林書緯/熊祥泰/飛米,1,65,71.0,892.97,14.88,14:53,892.97,14.88,14:53,36.0,36.0,50.7,87.08,22.0,22.0,30.99,53.22,23.0,23.0,32.39,55.63,11.0,11.0,15.49,26.61,11.0,11.0,15.49,26.61,4.0,4.0,5.63,9.68,12.0,12.0,16.9,29.03,7.0,7.0,9.86,16.93,7.0,7.0,9.86,16.93,7.0,7.0,9.86,16.93,0.0,0.0,0.0,0.0,12.0,12.0,16.9,29.03,6.0,6.0,8.45,14.51,17.0,17.0,23.94,41.12,6.0,6.0,8.45,14.51,6.0,6.0,8.45,14.51,2.0,2.0,2.82,4.84,1.0,1.0,1.41,2.42,5.0,5.0,7.04,12.09,6.0,6.0,8.45,14.51,50.7,30.99,19.72,114.49,14.0,14.0,19.72,14.88,14.88,0.63,0.69,0.36,0.58,1.0,0.19,0.55,0.0,0.67,0.34,2.82,1.41,0.07,8.45,0.3
3,新北國王,29|10874|14303,林書緯/熊祥泰/喬丹,1,58,61.0,811.28,13.52,13:31,811.28,13.52,13:31,30.0,30.0,49.18,79.87,22.0,22.0,36.07,58.57,23.0,23.0,37.7,61.24,10.0,10.0,16.39,26.62,12.0,12.0,19.67,31.95,5.0,5.0,8.2,13.31,11.0,11.0,18.03,29.29,5.0,5.0,8.2,13.31,5.0,5.0,8.2,13.31,5.0,5.0,8.2,13.31,0.0,0.0,0.0,0.0,13.0,13.0,21.31,34.61,3.0,3.0,4.92,7.99,16.0,16.0,26.23,42.6,3.0,3.0,4.92,7.99,6.0,6.0,9.84,15.97,0.0,0.0,0.0,0.0,1.0,1.0,1.64,2.66,7.0,7.0,11.48,18.64,8.0,8.0,13.11,21.3,49.18,36.07,13.11,108.27,8.0,8.0,13.11,13.52,13.52,0.54,0.6,0.42,0.45,1.0,0.11,0.6,0.0,0.81,0.41,0.0,1.64,0.11,13.11,0.22
3,新北國王,10872|10874|14038,林彥廷/熊祥泰/飛米,1,59,70.0,851.66,14.19,14:12,851.66,14.19,14:12,34.0,34.0,48.57,86.23,26.0,26.0,37.14,65.94,22.0,22.0,31.43,55.8,11.0,11.0,15.71,27.9,9.0,9.0,12.86,22.83,4.0,4.0,5.71,10.14,13.0,13.0,18.57,32.97,7.0,7.0,10.0,17.75,5.0,5.0,7.14,12.68,5.0,5.0,7.14,12.68,3.0,3.0,4.29,7.61,8.0,8.0,11.43,20.29,6.0,6.0,8.57,15.22,11.0,11.0,15.71,27.9,7.0,7.0,10.0,17.75,5.0,5.0,7.14,12.68,3.0,3.0,4.29,7.61,1.0,1.0,1.43,2.54,3.0,3.0,4.29,7.61,8.0,8.0,11.43,20.29,48.57,37.14,11.43,118.36,8.0,8.0,11.43,14.19,14.19,0.66,0.7,0.44,0.54,1.0,0.22,0.45,0.21,0.57,0.39,4.29,1.43,0.04,11.43,0.23
3,新北國王,10872|10874|14303,林彥廷/熊祥泰/喬丹,1,57,66.0,876.98,14.62,14:37,876.98,14.62,14:37,32.0,32.0,48.48,78.82,27.0,27.0,40.91,66.5,25.0,25.0,37.88,61.58,12.0,12.0,18.18,29.56,12.0,12.0,18.18,29.56,7.0,7.0,10.61,17.24,13.0,13.0,19.7,32.02,5.0,5.0,7.58,12.32,3.0,3.0,4.55,7.39,3.0,3.0,4.55,7.39,3.0,3.0,4.55,7.39,10.0,10.0,15.15,24.63,4.0,4.0,6.06,9.85,12.0,12.0,18.18,29.56,4.0,4.0,6.06,9.85,6.0,6.0,9.09,14.78,1.0,1.0,1.52,2.46,1.0,1.0,1.52,2.46,5.0,5.0,7.58,12.32,12.0,12.0,18.18,29.56,48.48,40.91,7.58,108.37,5.0,5.0,7.58,14.62,14.62,0.58,0.61,0.58,0.38,1.0,0.13,0.5,0.2,0.71,0.45,1.52,1.52,0.08,18.18,0.12
3,新北國王,10874|14038|14303,熊祥泰/飛米/喬丹,1,67,78.0,984.2,16.4,16:24,984.2,16.4,16:24,32.0,32.0,41.03,70.23,22.0,22.0,28.21,48.28,29.0,29.0,37.18,63.65,11.0,11.0,14.1,24.14,15.0,15.0,19.23,32.92,6.0,6.0,7.69,13.17,14.0,14.0,17.95,30.73,5.0,5.0,6.41,10.97,5.0,5.0,6.41,10.97,5.0,5.0,6.41,10.97,3.0,3.0,3.85,6.58,15.0,15.0,19.23,32.92,6.0,6.0,7.69,13.17,17.0,17.0,21.79,37.31,5.0,5.0,6.41,10.97,6.0,6.0,7.69,13.17,1.0,1.0,1.28,2.19,1.0,1.0,1.28,2.19,5.0,5.0,6.41,10.97,8.0,8.0,10.26,17.56,41.03,28.21,12.82,114.12,10.0,10.0,12.82,16.4,16.4,0.47,0.51,0.4,0.36,1.0,0.14,0.55,0.15,0.71,0.44,1.28,1.28,0.06,10.26,0.17
3,福爾摩沙夢想家,77|89|106,馬建豪/蔣淯安/高柏鎧,1,49,50.0,767.6,12.79,12:48,767.6,12.79,12:48,28.0,28.0,56.0,78.79,31.0,31.0,62.0,87.23,18.0,18.0,36.0,50.65,8.0,8.0,16.0,22.51,6.0,6.0,12.0,16.88,1.0,1.0,2.0,2.81,12.0,12.0,24.0,33.77,7.0,7.0,14.0,19.7,5.0,5.0,10.0,14.07,5.0,5.0,10.0,14.07,1.0,1.0,2.0,2.81,9.0,9.0,18.0,25.33,0.0,0.0,0.0,0.0,11.0,11.0,22.0,30.95,6.0,6.0,12.0,16.88,5.0,5.0,10.0,14.07,4.0,4.0,8.0,11.26,1.0,1.0,2.0,2.81,6.0,6.0,12.0,16.88,2.0,2.0,4.0,5.63,56.0,62.0,-6.0,93.8,-3.0,-3.0,-6.0,12.79,12.79,0.64,0.69,0.17,0.58,1.0,0.23,0.62,0.08,1.0,0.48,8.0,2.0,0.12,4.0,0.28
3,福爾摩沙夢想家,77|99|106,馬建豪/盧冠良/高柏鎧,1,14,16.0,223.0,3.72,03:43,223.0,3.72,03:43,4.0,4.0,25.0,38.74,10.0,10.0,62.5,96.86,7.0,7.0,43.75,67.8,1.0,1.0,6.25,9.69,4.0,4.0,25.0,38.74,0.0,0.0,0.0,0.0,3.0,3.0,18.75,29.06,1.0,1.0,6.25,9.69,2.0,2.0,12.5,19.37,1.0,1.0,6.25,9.69,2.0,2.0,12.5,19.37,4.0,4.0,25.0,38.74,0.0,0.0,0.0,0.0,1.0,1.0,6.25,9.69,1.0,1.0,6.25,9.69,1.0,1.0,6.25,9.69,0.0,0.0,0.0,0.0,0.0,0.0,0.0,0.0,4.0,4.0,25.0,38.74,2.0,2.0,12.5,19.37,25.0,62.5,-37.5,103.32,-6.0,-6.0,-37.5,3.72,3.72,0.21,0.25,0.0,0.33,0.5,0.11,1.0,0.67,1.0,0.86,0.0,0.0,0.25,12.5,0.29
3,福爾摩沙夢想家,77|106|13777,馬建豪/高柏鎧/布依德,1,32,34.0,543.35,9.06,09:03,543.35,9.06,09:03,18.0,18.0,52.94,71.56,22.0,22.0,64.71,87.46,13.0,13.0,38.24,51.68,5.0,5.0,14.71,19.88,6.0,6.0,17.65,23.85,1.0,1.0,2.94,3.98,7.0,7.0,20.59,27.83,4.0,4.0,11.76,15.9,5.0,5.0,14.71,19.88,4.0,4.0,11.76,15.9,2.0,2.0,5.88,7.95,6.0,6.0,17.65,23.85,0.0,0.0,0.0,0.0,6.0,6.0,17.65,23.85,3.0,3.0,8.82,11.93,4.0,4.0,11.76,15.9,2.0,2.0,5.88,7.95,0.0,0.0,0.0,0.0,7.0,7.0,20.59,27.83,2.0,2.0,5.88,7.95,52.94,64.71,-11.76,90.11,-4.0,-4.0,-11.76,9.06,9.06,0.54,0.59,0.17,0.57,0.8,0.16,0.8,0.25,1.0,0.57,5.88,0.0,0.21,5.88,0.38
3,福爾摩沙夢想家,89|99|106,蔣淯安/盧冠良/高柏鎧,1,1,1.0,36.26,0.6,00:36,36.26,0.6,00:36,3.0,3.0,300.0,178.73,0.0,0.0,0.0,0.0,1.0,1.0,100.0,59.58,1.0,1.0,100.0,59.58,0.0,0.0,0.0,0.0,0.0,0.0,0.0,0.0,1.0,1.0,100.0,59.58,1.0,1.0,100.0,59.58,0.0,0.0,0.0,0.0,0.0,0.0,0.0,0.0,0.0,0.0,0.0,0.0,0.0,0.0,0.0,0.0,0.0,0.0,0.0,0.0,0.0,0.0,0.0,0.0,0.0,0.0,0.0,0.0,1.0,1.0,100.0,59.58,0.0,0.0,0.0,0.0,0.0,0.0,0.0,0.0,0.0,0.0,0.0,0.0,0.0,0.0,0.0,0.0,300.0,0.0,300.0,39.72,3.0,3.0,300.0,0.6,0.6,1.5,1.5,,1.0,,0.0,1.0,,,,0.0,0.0,0.0,0.0,0.0
3,福爾摩沙夢想家,89|106|13777,蔣淯安/高柏鎧/布依德,1,24,27.0,462.6,7.71,07:43,462.6,7.71,07:43,23.0,23.0,85.19,107.39,17.0,17.0,62.96,79.38,10.0,10.0,37.04,46.69,7.0,7.0,25.93,32.68,3.0,3.0,11.11,14.01,2.0,2.0,7.41,9.34,7.0,7.0,25.93,32.68,5.0,5.0,18.52,23.35,5.0,5.0,18.52,23.35,4.0,4.0,14.81,18.68,1.0,1.0,3.7,4.67,2.0,2.0,7.41,9.34,2.0,2.0,7.41,9.34,5.0,5.0,18.52,23.35,2.0,2.0,7.41,9.34,5.0,5.0,18.52,23.35,2.0,2.0,7.41,9.34,0.0,0.0,0.0,0.0,5.0,5.0,18.52,23.35,0.0,0.0,0.0,0.0,85.19,62.96,22.22,84.05,6.0,6.0,22.22,7.71,7.71,0.95,0.94,0.67,0.71,0.8,0.14,0.71,0.17,0.5,0.3,7.41,0.0,0.19,0.0,0.5
3,福爾摩沙夢想家,99|106|13777,盧冠良/高柏鎧/布依德,1,14,16.0,223.0,3.72,03:43,223.0,3.72,03:43,4.0,4.0,25.0,38.74,10.0,10.0,62.5,96.86,7.0,7.0,43.75,67.8,1.0,1.0,6.25,9.69,4.0,4.0,25.0,38.74,0.0,0.0,0.0,0.0,3.0,3.0,18.75,29.06,1.0,1.0,6.25,9.69,2.0,2.0,12.5,19.37,1.0,1.0,6.25,9.69,2.0,2.0,12.5,19.37,4.0,4.0,25.0,38.74,0.0,0.0,0.0,0.0,1.0,1.0,6.25,9.69,1.0,1.0,6.25,9.69,1.0,1.0,6.25,9.69,0.0,0.0,0.0,0.0,0.0,0.0,0.0,0.0,4.0,4.0,25.0,38.74,2.0,2.0,12.5,19.37,25.0,62.5,-37.5,103.32,-6.0,-6.0,-37.5,3.72,3.72,0.21,0.25,0.0,0.33,0.5,0.11,1.0,0.67,1.0,0.86,0.0,0.0,0.25,12.5,0.29
3,新北國王,29|32|10872,林書緯/奧帝/林彥廷,1,48,54.0,769.92,12.83,12:50,769.92,12.83,12:50,35.0,35.0,64.81,98.19,32.0,32.0,59.26,89.77,19.0,19.0,35.19,53.3,12.0,12.0,22.22,33.67,6.0,6.0,11.11,16.83,3.0,3.0,5.56,8.42,13.0,13.0,24.07,36.47,9.0,9.0,16.67,25.25,2.0,2.0,3.7,5.61,2.0,2.0,3.7,5.61,0.0,0.0,0.0,0.0,7.0,7.0,12.96,19.64,6.0,6.0,11.11,16.83,7.0,7.0,12.96,19.64,3.0,3.0,5.56,8.42,8.0,8.0,14.81,22.44,2.0,2.0,3.7,5.61,1.0,1.0,1.85,2.81,4.0,4.0,7.41,11.22,8.0,8.0,14.81,22.44,64.81,59.26,5.56,101.0,3.0,3.0,5.56,12.83,12.83,0.87,0.88,0.5,0.69,1.0,0.13,0.67,0.0,0.54,0.35,3.7,1.85,0.07,14.81,0.11
3,新北國王,29|32|10874,林書緯/奧帝/熊祥泰,1,23,26.0,338.31,5.64,05:38,338.31,5.64,05:38,16.0,16.0,61.54,102.15,18.0,18.0,69.23,114.92,6.0,6.0,23.08,38.31,5.0,5.0,19.23,31.92,1.0,1.0,3.85,6.38,1.0,1.0,3.85,6.38,5.0,5.0,19.23,31.92,4.0,4.0,15.38,25.54,2.0,2.0,7.69,12.77,2.0,2.0,7.69,12.77,0.0,0.0,0.0,0.0,1.0,1.0,3.85,6.38,3.0,3.0,11.54,19.15,3.0,3.0,11.54,19.15,3.0,3.0,11.54,19.15,4.0,4.0,15.38,25.54,2.0,2.0,7.69,12.77,0.0,0.0,0.0,0.0,4.0,4.0,15.38,25.54,6.0,6.0,23.08,38.31,61.54,69.23,-7.69,110.67,-2.0,-2.0,-7.69,5.64,5.64,1.17,1.16,1.0,0.8,1.0,0.3,0.8,0.0,0.25,0.14,7.69,0.0,0.15,23.08,0.33
3,新北國王,29|32|14038,林書緯/奧帝/飛米,1,15,18.0,210.0,3.5,03:30,210.0,3.5,03:30,11.0,11.0,61.11,113.14,9.0,9.0,50.0,92.57,3.0,3.0,16.67,30.86,3.0,3.0,16.67,30.86,0.0,0.0,0.0,0.0,0.0,0.0,0.0,0.0,3.0,3.0,16.67,30.86,3.0,3.0,16.67,30.86,2.0,2.0,11.11,20.57,2.0,2.0,11.11,20.57,0.0,0.0,0.0,0.0,0.0,0.0,0.0,0.0,3.0,3.0,16.67,30.86,2.0,2.0,11.11,20.57,3.0,3.0,16.67,30.86,2.0,2.0,11.11,20.57,2.0,2.0,11.11,20.57,0.0,0.0,0.0,0.0,1.0,1.0,5.56,10.29,2.0,2.0,11.11,20.57,61.11,50.0,11.11,123.43,2.0,2.0,11.11,3.5,3.5,1.5,1.42,,1.0,1.0,0.44,0.67,0.0,0.0,0.0,11.11,0.0,0.06,11.11,0.67
3,新北國王,32|10872|10874,奧帝/林彥廷/熊祥泰,1,28,32.0,445.31,7.42,07:25,445.31,7.42,07:25,20.0,20.0,62.5,97.01,19.0,19.0,59.38,92.16,9.0,9.0,28.12,43.65,7.0,7.0,21.88,33.95,3.0,3.0,9.38,14.55,3.0,3.0,9.38,14.55,6.0,6.0,18.75,29.1,4.0,4.0,12.5,19.4,2.0,2.0,6.25,9.7,2.0,2.0,6.25,9.7,0.0,0.0,0.0,0.0,2.0,2.0,6.25,9.7,4.0,4.0,12.5,19.4,5.0,5.0,15.62,24.25,3.0,3.0,9.38,14.55,5.0,5.0,15.62,24.25,2.0,2.0,6.25,9.7,0.0,0.0,0.0,0.0,4.0,4.0,12.5,19.4,8.0,8.0,25.0,38.8,62.5,59.38,3.12,103.48,1.0,1.0,3.12,7.42,7.42,1.0,1.01,1.0,0.67,1.0,0.23,0.71,0.0,0.33,0.18,6.25,0.0,0.12,25.0,0.22
3,新北國王,32|10872|14038,奧帝/林彥廷/飛米,1,15,18.0,210.0,3.5,03:30,210.0,3.5,03:30,11.0,11.0,61.11,113.14,9.0,9.0,50.0,92.57,3.0,3.0,16.67,30.86,3.0,3.0,16.67,30.86,0.0,0.0,0.0,0.0,0.0,0.0,0.0,0.0,3.0,3.0,16.67,30.86,3.0,3.0,16.67,30.86,2.0,2.0,11.11,20.57,2.0,2.0,11.11,20.57,0.0,0.0,0.0,0.0,0.0,0.0,0.0,0.0,3.0,3.0,16.67,30.86,2.0,2.0,11.11,20.57,3.0,3.0,16.67,30.86,2.0,2.0,11.11,20.57,2.0,2.0,11.11,20.57,0.0,0.0,0.0,0.0,1.0,1.0,5.56,10.29,2.0,2.0,11.11,20.57,61.11,50.0,11.11,123.43,2.0,2.0,11.11,3.5,3.5,1.5,1.42,,1.0,1.0,0.44,0.67,0.0,0.0,0.0,11.11,0.0,0.06,11.11,0.67
3,新北國王,32|10874|14038,奧帝/熊祥泰/飛米,1,15,18.0,210.0,3.5,03:30,210.0,3.5,03:30,11.0,11.0,61.11,113.14,9.0,9.0,50.0,92.57,3.0,3.0,16.67,30.86,3.0,3.0,16.67,30.86,0.0,0.0,0.0,0.0,0.0,0.0,0.0,0.0,3.0,3.0,16.67,30.86,3.0,3.0,16.67,30.86,2.0,2.0,11.11,20.57,2.0,2.0,11.11,20.57,0.0,0.0,0.0,0.0,0.0,0.0,0.0,0.0,3.0,3.0,16.67,30.86,2.0,2.0,11.11,20.57,3.0,3.0,16.67,30.86,2.0,2.0,11.11,20.57,2.0,2.0,11.11,20.57,0.0,0.0,0.0,0.0,1.0,1.0,5.56,10.29,2.0,2.0,11.11,20.57,61.11,50.0,11.11,123.43,2.0,2.0,11.11,3.5,3.5,1.5,1.42,,1.0,1.0,0.44,0.67,0.0,0.0,0.0,11.11,0.0,0.06,11.11,0.67
3,福爾摩沙夢想家,77|83|99,馬建豪/吳家駿/盧冠良,1,17,20.0,252.98,4.22,04:13,252.98,4.22,04:13,3.0,3.0,15.0,25.61,12.0,12.0,60.0,102.46,7.0,7.0,35.0,59.77,0.0,0.0,0.0,0.0,4.0,4.0,20.0,34.15,0.0,0.0,0.0,0.0,3.0,3.0,15.0,25.61,0.0,0.0,0.0,0.0,6.0,6.0,30.0,51.23,3.0,3.0,15.0,25.61,2.0,2.0,10.0,17.08,5.0,5.0,25.0,42.69,0.0,0.0,0.0,0.0,2.0,2.0,10.0,17.08,1.0,1.0,5.0,8.54,0.0,0.0,0.0,0.0,0.0,0.0,0.0,0.0,0.0,0.0,0.0,0.0,5.0,5.0,25.0,42.69,2.0,2.0,10.0,17.08,15.0,60.0,-45.0,113.84,-9.0,-9.0,-45.0,4.22,4.22,0.0,0.16,0.0,0.0,0.5,0.09,,0.5,1.0,0.78,0.0,0.0,0.25,10.0,0.86
3,福爾摩沙夢想家,77|83|106,馬建豪/吳家駿/高柏鎧,1,32,34.0,464.09,7.73,07:44,464.09,7.73,07:44,13.0,13.0,38.24,60.5,23.0,23.0,67.65,107.05,13.0,13.0,38.24,60.5,3.0,3.0,8.82,13.96,5.0,5.0,14.71,23.27,0.0,0.0,0.0,0.0,8.0,8.0,23.53,37.23,3.0,3.0,8.82,13.96,5.0,5.0,14.71,23.27,4.0,4.0,11.76,18.62,2.0,2.0,5.88,9.31,8.0,8.0,23.53,37.23,0.0,0.0,0.0,0.0,6.0,6.0,17.65,27.93,2.0,2.0,5.88,9.31,2.0,2.0,5.88,9.31,1.0,1.0,2.94,4.65,0.0,0.0,0.0,0.0,7.0,7.0,20.59,32.58,4.0,4.0,11.76,18.62,38.24,67.65,-29.41,105.5,-10.0,-10.0,-29.41,7.73,7.73,0.35,0.43,0.0,0.38,0.8,0.12,0.67,0.25,1.0,0.62,2.94,0.0,0.21,11.76,0.38
3,福爾摩沙夢想家,77|83|13777,馬建豪/吳家駿/布依德,1,35,44.0,590.33,9.84,09:50,590.33,9.84,09:50,21.0,21.0,47.73,76.84,22.0,22.0,50.0,80.5,19.0,19.0,43.18,69.52,6.0,6.0,13.64,21.95,10.0,10.0,22.73,36.59,3.0,3.0,6.82,10.98,9.0,9.0,20.45,32.93,3.0,3.0,6.82,10.98,9.0,9.0,20.45,32.93,6.0,6.0,13.64,21.95,6.0,6.0,13.64,21.95,6.0,6.0,13.64,21.95,1.0,1.0,2.27,3.66,6.0,6.0,13.64,21.95,2.0,2.0,4.55,7.32,4.0,4.0,9.09,14.64,0.0,0.0,0.0,0.0,1.0,1.0,2.27,3.66,8.0,8.0,18.18,29.27,2.0,2.0,4.55,7.32,47.73,50.0,-2.27,107.33,-1.0,-1.0,-2.27,9.84,9.84,0.39,0.46,0.3,0.33,0.67,0.08,0.67,0.5,0.86,0.63,0.0,2.27,0.18,4.55,0.47
3,福爾摩沙夢想家,83|99|106,吳家駿/盧冠良/高柏鎧,1,13,15.0,186.74,3.11,03:07,186.74,3.11,03:07,1.0,1.0,6.67,11.57,10.0,10.0,66.67,115.67,6.0,6.0,40.0,69.4,0.0,0.0,0.0,0.0,4.0,4.0,26.67,46.27,0.0,0.0,0.0,0.0,2.0,2.0,13.33,23.13,0.0,0.0,0.0,0.0,2.0,2.0,13.33,23.13,1.0,1.0,6.67,11.57,2.0,2.0,13.33,23.13,4.0,4.0,26.67,46.27,0.0,0.0,0.0,0.0,1.0,1.0,6.67,11.57,1.0,1.0,6.67,11.57,0.0,0.0,0.0,0.0,0.0,0.0,0.0,0.0,0.0,0.0,0.0,0.0,4.0,4.0,26.67,46.27,2.0,2.0,13.33,23.13,6.67,66.67,-60.0,115.67,-9.0,-9.0,-60.0,3.11,3.11,0.0,0.07,0.0,0.0,0.5,0.13,,0.67,1.0,0.86,0.0,0.0,0.27,13.33,0.33
3,福爾摩沙夢想家,83|99|13777,吳家駿/盧冠良/布依德,1,17,20.0,252.98,4.22,04:13,252.98,4.22,04:13,3.0,3.0,15.0,25.61,12.0,12.0,60.0,102.46,7.0,7.0,35.0,59.77,0.0,0.0,0.0,0.0,4.0,4.0,20.0,34.15,0.0,0.0,0.0,0.0,3.0,3.0,15.0,25.61,0.0,0.0,0.0,0.0,6.0,6.0,30.0,51.23,3.0,3.0,15.0,25.61,2.0,2.0,10.0,17.08,5.0,5.0,25.0,42.69,0.0,0.0,0.0,0.0,2.0,2.0,10.0,17.08,1.0,1.0,5.0,8.54,0.0,0.0,0.0,0.0,0.0,0.0,0.0,0.0,0.0,0.0,0.0,0.0,5.0,5.0,25.0,42.69,2.0,2.0,10.0,17.08,15.0,60.0,-45.0,113.84,-9.0,-9.0,-45.0,4.22,4.22,0.0,0.16,0.0,0.0,0.5,0.09,,0.5,1.0,0.78,0.0,0.0,0.25,10.0,0.86
3,福爾摩沙夢想家,83|106|13777,吳家駿/高柏鎧/布依德,1,28,30.0,455.77,7.6,07:36,455.77,7.6,07:36,15.0,15.0,50.0,71.09,22.0,22.0,73.33,104.26,12.0,12.0,40.0,56.87,4.0,4.0,13.33,18.96,6.0,6.0,20.0,28.44,1.0,1.0,3.33,4.74,6.0,6.0,20.0,28.44,3.0,3.0,10.0,14.22,7.0,7.0,23.33,33.17,4.0,4.0,13.33,18.96,2.0,2.0,6.67,9.48,7.0,7.0,23.33,33.17,0.0,0.0,0.0,0.0,4.0,4.0,13.33,18.96,1.0,1.0,3.33,4.74,4.0,4.0,13.33,18.96,0.0,0.0,0.0,0.0,0.0,0.0,0.0,0.0,7.0,7.0,23.33,33.17,2.0,2.0,6.67,9.48,50.0,73.33,-23.33,94.79,-7.0,-7.0,-23.33,7.6,7.6,0.46,0.5,0.17,0.5,0.57,0.06,1.0,0.33,1.0,0.69,0.0,0.0,0.23,6.67,0.58
3,新北國王,22|32|10872,簡祐哲/奧帝/林彥廷,1,21,25.0,387.74,6.46,06:28,387.74,6.46,06:28,18.0,18.0,72.0,100.27,10.0,10.0,40.0,55.71,11.0,11.0,44.0,61.28,7.0,7.0,28.0,38.99,4.0,4.0,16.0,22.28,3.0,3.0,12.0,16.71,7.0,7.0,28.0,38.99,4.0,4.0,16.0,22.28,0.0,0.0,0.0,0.0,0.0,0.0,0.0,0.0,0.0,0.0,0.0,0.0,4.0,4.0,16.0,22.28,4.0,4.0,16.0,22.28,4.0,4.0,16.0,22.28,0.0,0.0,0.0,0.0,4.0,4.0,16.0,22.28,0.0,0.0,0.0,0.0,1.0,1.0,4.0,5.57,0.0,0.0,0.0,0.0,4.0,4.0,16.0,22.28,72.0,40.0,32.0,92.85,8.0,8.0,32.0,6.46,6.46,0.82,0.82,0.75,0.57,,0.0,0.57,0.0,0.5,0.33,0.0,4.0,0.0,16.0,0.0
3,新北國王,22|32|10874,簡祐哲/奧帝/熊祥泰,1,5,6.0,107.0,1.78,01:47,107.0,1.78,01:47,4.0,4.0,66.67,80.75,1.0,1.0,16.67,20.19,3.0,3.0,50.0,60.56,2.0,2.0,33.33,40.37,2.0,2.0,33.33,40.37,2.0,2.0,33.33,40.37,1.0,1.0,16.67,20.19,0.0,0.0,0.0,0.0,0.0,0.0,0.0,0.0,0.0,0.0,0.0,0.0,0.0,0.0,0.0,0.0,1.0,1.0,16.67,20.19,1.0,1.0,16.67,20.19,2.0,2.0,33.33,40.37,0.0,0.0,0.0,0.0,1.0,1.0,16.67,20.19,0.0,0.0,0.0,0.0,0.0,0.0,0.0,0.0,0.0,0.0,0.0,0.0,2.0,2.0,33.33,40.37,66.67,16.67,50.0,80.75,3.0,3.0,50.0,1.78,1.78,0.67,0.67,1.0,0.0,,0.0,0.5,0.0,0.5,0.25,0.0,0.0,0.0,33.33,0.0
3,新北國王,22|32|14303,簡祐哲/奧帝/喬丹,1,21,25.0,387.74,6.46,06:28,387.74,6.46,06:28,18.0,18.0,72.0,100.27,10.0,10.0,40.0,55.71,11.0,11.0,44.0,61.28,7.0,7.0,28.0,38.99,4.0,4.0,16.0,22.28,3.0,3.0,12.0,16.71,7.0,7.0,28.0,38.99,4.0,4.0,16.0,22.28,0.0,0.0,0.0,0.0,0.0,0.0,0.0,0.0,0.0,0.0,0.0,0.0,4.0,4.0,16.0,22.28,4.0,4.0,16.0,22.28,4.0,4.0,16.0,22.28,0.0,0.0,0.0,0.0,4.0,4.0,16.0,22.28,0.0,0.0,0.0,0.0,1.0,1.0,4.0,5.57,0.0,0.0,0.0,0.0,4.0,4.0,16.0,22.28,72.0,40.0,32.0,92.85,8.0,8.0,32.0,6.46,6.46,0.82,0.82,0.75,0.57,,0.0,0.57,0.0,0.5,0.33,0.0,4.0,0.0,16.0,0.0
3,新北國王,22|10872|10874,簡祐哲/林彥廷/熊祥泰,1,13,15.0,215.23,3.59,03:35,215.23,3.59,03:35,4.0,4.0,26.67,40.14,2.0,2.0,13.33,20.07,5.0,5.0,33.33,50.18,2.0,2.0,13.33,20.07,2.0,2.0,13.33,20.07,2.0,2.0,13.33,20.07,3.0,3.0,20.0,30.11,0.0,0.0,0.0,0.0,0.0,0.0,0.0,0.0,0.0,0.0,0.0,0.0,0.0,0.0,0.0,0.0,3.0,3.0,20.0,30.11,1.0,1.0,6.67,10.04,4.0,4.0,26.67,40.14,2.0,2.0,13.33,20.07,1.0,1.0,6.67,10.04,1.0,1.0,6.67,10.04,0.0,0.0,0.0,0.0,0.0,0.0,0.0,0.0,4.0,4.0,26.67,40.14,26.67,13.33,13.33,100.36,2.0,2.0,13.33,3.59,3.59,0.4,0.4,1.0,0.0,,0.29,0.5,0.0,0.75,0.38,6.67,0.0,0.0,26.67,0.0
3,新北國王,22|10872|14303,簡祐哲/林彥廷/喬丹,1,29,34.0,495.98,8.27,08:16,495.98,8.27,08:16,18.0,18.0,52.94,78.39,11.0,11.0,32.35,47.91,13.0,13.0,38.24,56.62,7.0,7.0,20.59,30.49,4.0,4.0,11.76,17.42,3.0,3.0,8.82,13.07,9.0,9.0,26.47,39.2,4.0,4.0,11.76,17.42,0.0,0.0,0.0,0.0,0.0,0.0,0.0,0.0,0.0,0.0,0.0,0.0,6.0,6.0,17.65,26.13,4.0,4.0,11.76,17.42,6.0,6.0,17.65,26.13,2.0,2.0,5.88,8.71,4.0,4.0,11.76,17.42,1.0,1.0,2.94,4.36,1.0,1.0,2.94,4.36,0.0,0.0,0.0,0.0,6.0,6.0,17.65,26.13,52.94,32.35,20.59,98.71,7.0,7.0,20.59,8.27,8.27,0.69,0.69,0.75,0.44,,0.13,0.57,0.0,0.6,0.38,2.94,2.94,0.0,17.65,0.0
3,新北國王,22|10874|14303,簡祐哲/熊祥泰/喬丹,1,37,43.0,574.87,9.58,09:35,574.87,9.58,09:35,13.0,13.0,30.23,48.85,10.0,10.0,23.26,37.57,15.0,15.0,34.88,56.36,5.0,5.0,11.63,18.79,8.0,8.0,18.6,30.06,4.0,4.0,9.3,15.03,7.0,7.0,16.28,26.3,1.0,1.0,2.33,3.76,2.0,2.0,4.65,7.51,2.0,2.0,4.65,7.51,0.0,0.0,0.0,0.0,10.0,10.0,23.26,37.57,4.0,4.0,9.3,15.03,12.0,12.0,27.91,45.09,3.0,3.0,6.98,11.27,4.0,4.0,9.3,15.03,1.0,1.0,2.33,3.76,0.0,0.0,0.0,0.0,3.0,3.0,6.98,11.27,10.0,10.0,23.26,37.57,30.23,23.26,6.98,107.71,3.0,3.0,6.98,9.58,9.58,0.37,0.41,0.5,0.14,1.0,0.16,0.8,0.0,0.71,0.38,2.33,0.0,0.07,23.26,0.13
3,新北國王,32|10872|14303,奧帝/林彥廷/喬丹,1,38,42.0,666.92,11.12,11:07,666.92,11.12,11:07,28.0,28.0,66.67,90.68,24.0,24.0,57.14,77.73,19.0,19.0,45.24,61.54,11.0,11.0,26.19,35.63,8.0,8.0,19.05,25.91,5.0,5.0,11.9,16.19,11.0,11.0,26.19,35.63,6.0,6.0,14.29,19.43,0.0,0.0,0.0,0.0,0.0,0.0,0.0,0.0,0.0,0.0,0.0,0.0,8.0,8.0,19.05,25.91,4.0,4.0,9.52,12.95,7.0,7.0,16.67,22.67,0.0,0.0,0.0,0.0,7.0,7.0,16.67,22.67,0.0,0.0,0.0,0.0,1.0,1.0,2.38,3.24,3.0,3.0,7.14,9.72,8.0,8.0,19.05,25.91,66.67,57.14,9.52,90.68,4.0,4.0,9.52,11.12,11.12,0.74,0.74,0.62,0.55,,0.0,0.64,0.0,0.67,0.42,0.0,2.38,0.07,19.05,0.0
3,新北國王,32|10874|14303,奧帝/熊祥泰/喬丹,1,13,14.0,235.31,3.92,03:55,235.31,3.92,03:55,9.0,9.0,64.29,82.61,10.0,10.0,71.43,91.79,6.0,6.0,42.86,55.08,4.0,4.0,28.57,36.72,3.0,3.0,21.43,27.54,3.0,3.0,21.43,27.54,3.0,3.0,21.43,27.54,1.0,1.0,7.14,9.18,0.0,0.0,0.0,0.0,0.0,0.0,0.0,0.0,0.0,0.0,0.0,0.0,2.0,2.0,14.29,18.36,1.0,1.0,7.14,9.18,3.0,3.0,21.43,27.54,0.0,0.0,0.0,0.0,3.0,3.0,21.43,27.54,0.0,0.0,0.0,0.0,0.0,0.0,0.0,0.0,3.0,3.0,21.43,27.54,6.0,6.0,42.86,55.08,64.29,71.43,-7.14,85.67,-1.0,-1.0,-7.14,3.92,3.92,0.75,0.75,1.0,0.33,,0.0,0.75,0.0,0.67,0.33,0.0,0.0,0.21,42.86,0.0
3,福爾摩沙夢想家,77|83|13906,馬建豪/吳家駿/班提爾,1,25,32.0,374.23,6.24,06:14,374.23,6.24,06:14,14.0,14.0,43.75,80.81,19.0,19.0,59.38,109.66,14.0,14.0,43.75,80.81,5.0,5.0,15.62,28.86,7.0,7.0,21.88,40.4,3.0,3.0,9.38,17.32,7.0,7.0,21.88,40.4,2.0,2.0,6.25,11.54,4.0,4.0,12.5,23.09,2.0,2.0,6.25,11.54,4.0,4.0,12.5,23.09,4.0,4.0,12.5,23.09,1.0,1.0,3.12,5.77,4.0,4.0,12.5,23.09,2.0,2.0,6.25,11.54,2.0,2.0,6.25,11.54,1.0,1.0,3.12,5.77,1.0,1.0,3.12,5.77,3.0,3.0,9.38,17.32,2.0,2.0,6.25,11.54,43.75,59.38,-15.62,123.13,-5.0,-5.0,-15.62,6.24,6.24,0.43,0.44,0.43,0.29,0.5,0.11,0.4,0.5,0.8,0.62,3.12,3.12,0.09,6.25,0.29
3,福爾摩沙夢想家,83|99|13906,吳家駿/盧冠良/班提爾,1,4,5.0,66.23,1.1,01:06,66.23,1.1,01:06,2.0,2.0,40.0,65.22,2.0,2.0,40.0,65.22,1.0,1.0,20.0,32.61,0.0,0.0,0.0,0.0,0.0,0.0,0.0,0.0,0.0,0.0,0.0,0.0,1.0,1.0,20.0,32.61,0.0,0.0,0.0,0.0,4.0,4.0,80.0,130.45,2.0,2.0,40.0,65.22,0.0,0.0,0.0,0.0,1.0,1.0,20.0,32.61,0.0,0.0,0.0,0.0,1.0,1.0,20.0,32.61,0.0,0.0,0.0,0.0,0.0,0.0,0.0,0.0,0.0,0.0,0.0,0.0,0.0,0.0,0.0,0.0,1.0,1.0,20.0,32.61,0.0,0.0,0.0,0.0,40.0,40.0,0.0,108.71,0.0,0.0,0.0,1.1,1.1,0.0,0.36,,0.0,0.5,0.0,,0.0,1.0,0.5,0.0,0.0,0.2,0.0,4.0
3,福爾摩沙夢想家,83|13777|13906,吳家駿/布依德/班提爾,1,21,28.0,349.56,5.83,05:50,349.56,5.83,05:50,11.0,11.0,39.29,67.97,12.0,12.0,42.86,74.15,12.0,12.0,42.86,74.15,4.0,4.0,14.29,24.72,7.0,7.0,25.0,43.25,3.0,3.0,10.71,18.54,5.0,5.0,17.86,30.9,1.0,1.0,3.57,6.18,4.0,4.0,14.29,24.72,2.0,2.0,7.14,12.36,4.0,4.0,14.29,24.72,3.0,3.0,10.71,18.54,1.0,1.0,3.57,6.18,3.0,3.0,10.71,18.54,2.0,2.0,7.14,12.36,2.0,2.0,7.14,12.36,1.0,1.0,3.57,6.18,1.0,1.0,3.57,6.18,3.0,3.0,10.71,18.54,2.0,2.0,7.14,12.36,39.29,42.86,-3.57,115.34,-1.0,-1.0,-3.57,5.83,5.83,0.38,0.4,0.43,0.2,0.5,0.13,0.5,0.57,0.75,0.64,3.57,3.57,0.11,7.14,0.33
3,新北國王,22|10872|14038,簡祐哲/林彥廷/飛米,1,8,9.0,108.23,1.8,01:48,108.23,1.8,01:48,0.0,0.0,0.0,0.0,1.0,1.0,11.11,19.96,2.0,2.0,22.22,39.91,0.0,0.0,0.0,0.0,0.0,0.0,0.0,0.0,0.0,0.0,0.0,0.0,2.0,2.0,22.22,39.91,0.0,0.0,0.0,0.0,0.0,0.0,0.0,0.0,0.0,0.0,0.0,0.0,0.0,0.0,0.0,0.0,2.0,2.0,22.22,39.91,0.0,0.0,0.0,0.0,2.0,2.0,22.22,39.91,2.0,2.0,22.22,39.91,0.0,0.0,0.0,0.0,1.0,1.0,11.11,19.96,0.0,0.0,0.0,0.0,0.0,0.0,0.0,0.0,2.0,2.0,22.22,39.91,0.0,11.11,-11.11,119.74,-1.0,-1.0,-11.11,1.8,1.8,0.0,0.0,,0.0,,0.5,,0.0,1.0,0.5,11.11,0.0,0.0,22.22,0.0
3,新北國王,22|10874|14038,簡祐哲/熊祥泰/飛米,1,31,35.0,450.77,7.51,07:31,450.77,7.51,07:31,9.0,9.0,25.71,43.13,6.0,6.0,17.14,28.75,12.0,12.0,34.29,57.5,3.0,3.0,8.57,14.38,6.0,6.0,17.14,28.75,2.0,2.0,5.71,9.58,6.0,6.0,17.14,28.75,1.0,1.0,2.86,4.79,2.0,2.0,5.71,9.58,2.0,2.0,5.71,9.58,0.0,0.0,0.0,0.0,9.0,9.0,25.71,43.13,3.0,3.0,8.57,14.38,10.0,10.0,28.57,47.92,3.0,3.0,8.57,14.38,3.0,3.0,8.57,14.38,1.0,1.0,2.86,4.79,0.0,0.0,0.0,0.0,3.0,3.0,8.57,14.38,4.0,4.0,11.43,19.17,25.71,17.14,8.57,111.81,3.0,3.0,8.57,7.51,7.51,0.29,0.35,0.33,0.17,1.0,0.19,1.0,0.0,0.75,0.41,2.86,0.0,0.09,11.43,0.17
3,新北國王,22|29|10874,簡祐哲/林書緯/熊祥泰,1,23,26.0,342.54,5.71,05:43,342.54,5.71,05:43,9.0,9.0,34.62,56.75,5.0,5.0,19.23,31.53,10.0,10.0,38.46,63.06,3.0,3.0,11.54,18.92,6.0,6.0,23.08,37.84,2.0,2.0,7.69,12.61,4.0,4.0,15.38,25.22,1.0,1.0,3.85,6.31,2.0,2.0,7.69,12.61,2.0,2.0,7.69,12.61,0.0,0.0,0.0,0.0,7.0,7.0,26.92,44.14,3.0,3.0,11.54,18.92,8.0,8.0,30.77,50.45,1.0,1.0,3.85,6.31,3.0,3.0,11.54,18.92,0.0,0.0,0.0,0.0,0.0,0.0,0.0,0.0,3.0,3.0,11.54,18.92,2.0,2.0,7.69,12.61,34.62,19.23,15.38,109.3,4.0,4.0,15.38,5.71,5.71,0.35,0.41,0.33,0.25,1.0,0.08,1.0,0.0,0.7,0.39,0.0,0.0,0.12,7.69,0.2
3,福爾摩沙夢想家,77|89|103,馬建豪/蔣淯安/忻沃克,1,33,37.0,524.71,8.75,08:45,524.71,8.75,08:45,17.0,17.0,45.95,69.98,22.0,22.0,59.46,90.57,16.0,16.0,43.24,65.87,6.0,6.0,16.22,24.7,11.0,11.0,29.73,45.28,4.0,4.0,10.81,16.47,5.0,5.0,13.51,20.58,2.0,2.0,5.41,8.23,3.0,3.0,8.11,12.35,3.0,3.0,8.11,12.35,4.0,4.0,10.81,16.47,6.0,6.0,16.22,24.7,0.0,0.0,0.0,0.0,6.0,6.0,16.22,24.7,3.0,3.0,8.11,12.35,2.0,2.0,5.41,8.23,2.0,2.0,5.41,8.23,3.0,3.0,8.11,12.35,5.0,5.0,13.51,20.58,0.0,0.0,0.0,0.0,45.95,59.46,-13.51,101.54,-5.0,-5.0,-13.51,8.75,8.75,0.44,0.49,0.36,0.4,1.0,0.15,0.33,0.4,1.0,0.62,5.41,8.11,0.14,0.0,0.19
3,福爾摩沙夢想家,77|103|13777,馬建豪/忻沃克/布依德,1,35,44.0,581.71,9.7,09:42,581.71,9.7,09:42,23.0,23.0,52.27,85.4,25.0,25.0,56.82,92.83,21.0,21.0,47.73,77.98,9.0,9.0,20.45,33.42,15.0,15.0,34.09,55.7,7.0,7.0,15.91,25.99,6.0,6.0,13.64,22.28,2.0,2.0,4.55,7.43,3.0,3.0,6.82,11.14,3.0,3.0,6.82,11.14,7.0,7.0,15.91,25.99,4.0,4.0,9.09,14.85,1.0,1.0,2.27,3.71,5.0,5.0,11.36,18.57,3.0,3.0,6.82,11.14,3.0,3.0,6.82,11.14,2.0,2.0,4.55,7.43,3.0,3.0,6.82,11.14,5.0,5.0,11.36,18.57,0.0,0.0,0.0,0.0,52.27,56.82,-4.55,108.92,-2.0,-2.0,-4.55,9.7,9.7,0.48,0.52,0.47,0.33,1.0,0.12,0.33,0.58,0.8,0.65,4.55,6.82,0.11,0.0,0.14
3,福爾摩沙夢想家,77|103|13906,馬建豪/忻沃克/班提爾,1,33,43.0,541.71,9.03,09:02,541.71,9.03,09:02,21.0,21.0,48.84,83.74,20.0,20.0,46.51,79.75,22.0,22.0,51.16,87.72,8.0,8.0,18.6,31.9,15.0,15.0,34.88,59.81,6.0,6.0,13.95,23.92,7.0,7.0,16.28,27.91,2.0,2.0,4.65,7.97,3.0,3.0,6.98,11.96,3.0,3.0,6.98,11.96,8.0,8.0,18.6,31.9,5.0,5.0,11.63,19.94,1.0,1.0,2.33,3.99,5.0,5.0,11.63,19.94,2.0,2.0,4.65,7.97,3.0,3.0,6.98,11.96,0.0,0.0,0.0,0.0,4.0,4.0,9.3,15.95,5.0,5.0,11.63,19.94,0.0,0.0,0.0,0.0,48.84,46.51,2.33,114.31,1.0,1.0,2.33,9.03,9.03,0.41,0.45,0.4,0.29,1.0,0.08,0.38,0.62,0.83,0.68,0.0,9.3,0.12,0.0,0.14
3,新北國王,22|29|32,簡祐哲/林書緯/奧帝,1,16,19.0,280.74,4.68,04:41,280.74,4.68,04:41,14.0,14.0,73.68,107.71,9.0,9.0,47.37,69.24,8.0,8.0,42.11,61.55,5.0,5.0,26.32,38.47,2.0,2.0,10.53,15.39,1.0,1.0,5.26,7.69,6.0,6.0,31.58,46.16,4.0,4.0,21.05,30.78,0.0,0.0,0.0,0.0,0.0,0.0,0.0,0.0,0.0,0.0,0.0,0.0,3.0,3.0,15.79,23.08,3.0,3.0,15.79,23.08,2.0,2.0,10.53,15.39,0.0,0.0,0.0,0.0,3.0,3.0,15.79,23.08,0.0,0.0,0.0,0.0,1.0,1.0,5.26,7.69,0.0,0.0,0.0,0.0,2.0,2.0,10.53,15.39,73.68,47.37,26.32,97.46,5.0,5.0,26.32,4.68,4.68,0.88,0.88,0.5,0.67,,0.0,0.6,0.0,0.5,0.38,0.0,5.26,0.0,10.53,0.0
3,新北國王,22|29|10872,簡祐哲/林書緯/林彥廷,1,16,19.0,280.74,4.68,04:41,280.74,4.68,04:41,14.0,14.0,73.68,107.71,9.0,9.0,47.37,69.24,8.0,8.0,42.11,61.55,5.0,5.0,26.32,38.47,2.0,2.0,10.53,15.39,1.0,1.0,5.26,7.69,6.0,6.0,31.58,46.16,4.0,4.0,21.05,30.78,0.0,0.0,0.0,0.0,0.0,0.0,0.0,0.0,0.0,0.0,0.0,0.0,3.0,3.0,15.79,23.08,3.0,3.0,15.79,23.08,2.0,2.0,10.53,15.39,0.0,0.0,0.0,0.0,3.0,3.0,15.79,23.08,0.0,0.0,0.0,0.0,1.0,1.0,5.26,7.69,0.0,0.0,0.0,0.0,2.0,2.0,10.53,15.39,73.68,47.37,26.32,97.46,5.0,5.0,26.32,4.68,4.68,0.88,0.88,0.5,0.67,,0.0,0.6,0.0,0.5,0.38,0.0,5.26,0.0,10.53,0.0
3,新北國王,29|32|14303,林書緯/奧帝/喬丹,1,33,36.0,559.92,9.33,09:20,559.92,9.33,09:20,24.0,24.0,66.67,92.58,23.0,23.0,63.89,88.73,16.0,16.0,44.44,61.72,9.0,9.0,25.0,34.72,6.0,6.0,16.67,23.15,3.0,3.0,8.33,11.57,10.0,10.0,27.78,38.58,6.0,6.0,16.67,23.15,0.0,0.0,0.0,0.0,0.0,0.0,0.0,0.0,0.0,0.0,0.0,0.0,7.0,7.0,19.44,27.0,3.0,3.0,8.33,11.57,5.0,5.0,13.89,19.29,0.0,0.0,0.0,0.0,6.0,6.0,16.67,23.15,0.0,0.0,0.0,0.0,1.0,1.0,2.78,3.86,3.0,3.0,8.33,11.57,6.0,6.0,16.67,23.15,66.67,63.89,2.78,92.58,1.0,1.0,2.78,9.33,9.33,0.75,0.75,0.5,0.6,,0.0,0.67,0.0,0.7,0.47,0.0,2.78,0.08,16.67,0.0
3,福爾摩沙夢想家,77|103|106,馬建豪/忻沃克/高柏鎧,1,18,19.0,294.0,4.9,04:54,294.0,4.9,04:54,8.0,8.0,42.11,58.78,13.0,13.0,68.42,95.51,7.0,7.0,36.84,51.43,3.0,3.0,15.79,22.04,4.0,4.0,21.05,29.39,1.0,1.0,5.26,7.35,3.0,3.0,15.79,22.04,2.0,2.0,10.53,14.69,0.0,0.0,0.0,0.0,0.0,0.0,0.0,0.0,1.0,1.0,5.26,7.35,3.0,3.0,15.79,22.04,0.0,0.0,0.0,0.0,4.0,4.0,21.05,29.39,3.0,3.0,15.79,22.04,2.0,2.0,10.53,14.69,2.0,2.0,10.53,14.69,1.0,1.0,5.26,7.35,2.0,2.0,10.53,14.69,0.0,0.0,0.0,0.0,42.11,68.42,-26.32,93.06,-5.0,-5.0,-26.32,4.9,4.9,0.57,0.57,0.25,0.67,,0.3,0.67,0.2,1.0,0.5,10.53,5.26,0.11,0.0,0.0
3,福爾摩沙夢想家,103|106|13777,忻沃克/高柏鎧/布依德,1,22,25.0,388.67,6.48,06:29,388.67,6.48,06:29,16.0,16.0,64.0,88.92,23.0,23.0,92.0,127.82,9.0,9.0,36.0,50.02,6.0,6.0,24.0,33.34,5.0,5.0,20.0,27.79,3.0,3.0,12.0,16.67,4.0,4.0,16.0,22.23,3.0,3.0,12.0,16.67,4.0,4.0,16.0,22.23,1.0,1.0,4.0,5.56,1.0,1.0,4.0,5.56,3.0,3.0,12.0,16.67,2.0,2.0,8.0,11.11,2.0,2.0,8.0,11.11,2.0,2.0,8.0,11.11,4.0,4.0,16.0,22.23,2.0,2.0,8.0,11.11,0.0,0.0,0.0,0.0,4.0,4.0,16.0,22.23,0.0,0.0,0.0,0.0,64.0,92.0,-28.0,92.62,-7.0,-7.0,-28.0,6.48,6.48,0.83,0.74,0.6,0.75,0.25,0.16,0.67,0.33,0.6,0.5,8.0,0.0,0.16,0.0,0.44
3,福爾摩沙夢想家,79|83|103,張宗憲/吳家駿/忻沃克,1,14,14.0,215.0,3.58,03:35,215.0,3.58,03:35,5.0,5.0,35.71,50.23,12.0,12.0,85.71,120.56,5.0,5.0,35.71,50.23,2.0,2.0,14.29,20.09,3.0,3.0,21.43,30.14,1.0,1.0,7.14,10.05,2.0,2.0,14.29,20.09,1.0,1.0,7.14,10.05,2.0,2.0,14.29,20.09,0.0,0.0,0.0,0.0,0.0,0.0,0.0,0.0,4.0,4.0,28.57,40.19,0.0,0.0,0.0,0.0,1.0,1.0,7.14,10.05,1.0,1.0,7.14,10.05,2.0,2.0,14.29,20.09,1.0,1.0,7.14,10.05,0.0,0.0,0.0,0.0,2.0,2.0,14.29,20.09,2.0,2.0,14.29,20.09,35.71,85.71,-50.0,93.77,-7.0,-7.0,-50.0,3.58,3.58,0.5,0.43,0.33,0.5,0.0,0.15,1.0,0.0,1.0,0.8,7.14,0.0,0.14,14.29,0.4
3,福爾摩沙夢想家,79|83|106,張宗憲/吳家駿/高柏鎧,1,7,7.0,115.67,1.93,01:56,115.67,1.93,01:56,5.0,5.0,71.43,93.37,9.0,9.0,128.57,168.06,3.0,3.0,42.86,56.02,2.0,2.0,28.57,37.35,2.0,2.0,28.57,37.35,1.0,1.0,14.29,18.67,1.0,1.0,14.29,18.67,1.0,1.0,14.29,18.67,2.0,2.0,28.57,37.35,0.0,0.0,0.0,0.0,0.0,0.0,0.0,0.0,2.0,2.0,28.57,37.35,0.0,0.0,0.0,0.0,0.0,0.0,0.0,0.0,0.0,0.0,0.0,0.0,2.0,2.0,28.57,37.35,0.0,0.0,0.0,0.0,0.0,0.0,0.0,0.0,1.0,1.0,14.29,18.67,0.0,0.0,0.0,0.0,71.43,128.57,-57.14,87.14,-4.0,-4.0,-57.14,1.93,1.93,0.83,0.64,0.5,1.0,0.0,0.0,1.0,,1.0,1.0,0.0,0.0,0.14,0.0,0.67
3,福爾摩沙夢想家,79|83|13777,張宗憲/吳家駿/布依德,1,14,14.0,215.0,3.58,03:35,215.0,3.58,03:35,5.0,5.0,35.71,50.23,12.0,12.0,85.71,120.56,5.0,5.0,35.71,50.23,2.0,2.0,14.29,20.09,3.0,3.0,21.43,30.14,1.0,1.0,7.14,10.05,2.0,2.0,14.29,20.09,1.0,1.0,7.14,10.05,2.0,2.0,14.29,20.09,0.0,0.0,0.0,0.0,0.0,0.0,0.0,0.0,4.0,4.0,28.57,40.19,0.0,0.0,0.0,0.0,1.0,1.0,7.14,10.05,1.0,1.0,7.14,10.05,2.0,2.0,14.29,20.09,1.0,1.0,7.14,10.05,0.0,0.0,0.0,0.0,2.0,2.0,14.29,20.09,2.0,2.0,14.29,20.09,35.71,85.71,-50.0,93.77,-7.0,-7.0,-50.0,3.58,3.58,0.5,0.43,0.33,0.5,0.0,0.15,1.0,0.0,1.0,0.8,7.14,0.0,0.14,14.29,0.4
3,福爾摩沙夢想家,79|106|13777,張宗憲/高柏鎧/布依德,1,12,15.0,221.67,3.69,03:42,221.67,3.69,03:42,11.0,11.0,73.33,107.18,14.0,14.0,93.33,136.42,6.0,6.0,40.0,58.46,4.0,4.0,26.67,38.98,3.0,3.0,20.0,29.23,2.0,2.0,13.33,19.49,3.0,3.0,20.0,29.23,2.0,2.0,13.33,19.49,4.0,4.0,26.67,38.98,1.0,1.0,6.67,9.74,1.0,1.0,6.67,9.74,2.0,2.0,13.33,19.49,2.0,2.0,13.33,19.49,0.0,0.0,0.0,0.0,0.0,0.0,0.0,0.0,3.0,3.0,20.0,29.23,0.0,0.0,0.0,0.0,0.0,0.0,0.0,0.0,3.0,3.0,20.0,29.23,0.0,0.0,0.0,0.0,73.33,93.33,-20.0,97.44,-3.0,-3.0,-20.0,3.69,3.69,0.83,0.71,0.67,0.67,0.25,0.0,0.75,1.0,0.5,0.6,0.0,0.0,0.2,0.0,0.67
3,福爾摩沙夢想家,83|103|106,吳家駿/忻沃克/高柏鎧,1,7,7.0,115.67,1.93,01:56,115.67,1.93,01:56,5.0,5.0,71.43,93.37,9.0,9.0,128.57,168.06,3.0,3.0,42.86,56.02,2.0,2.0,28.57,37.35,2.0,2.0,28.57,37.35,1.0,1.0,14.29,18.67,1.0,1.0,14.29,18.67,1.0,1.0,14.29,18.67,2.0,2.0,28.57,37.35,0.0,0.0,0.0,0.0,0.0,0.0,0.0,0.0,2.0,2.0,28.57,37.35,0.0,0.0,0.0,0.0,0.0,0.0,0.0,0.0,0.0,0.0,0.0,0.0,2.0,2.0,28.57,37.35,0.0,0.0,0.0,0.0,0.0,0.0,0.0,0.0,1.0,1.0,14.29,18.67,0.0,0.0,0.0,0.0,71.43,128.57,-57.14,87.14,-4.0,-4.0,-57.14,1.93,1.93,0.83,0.64,0.5,1.0,0.0,0.0,1.0,,1.0,1.0,0.0,0.0,0.14,0.0,0.67
3,福爾摩沙夢想家,83|103|13777,吳家駿/忻沃克/布依德,1,24,30.0,399.0,6.65,06:39,399.0,6.65,06:39,14.0,14.0,46.67,75.79,19.0,19.0,63.33,102.86,14.0,14.0,46.67,75.79,6.0,6.0,20.0,32.48,9.0,9.0,30.0,48.72,4.0,4.0,13.33,21.65,5.0,5.0,16.67,27.07,2.0,2.0,6.67,10.83,2.0,2.0,6.67,10.83,0.0,0.0,0.0,0.0,4.0,4.0,13.33,21.65,4.0,4.0,13.33,21.65,1.0,1.0,3.33,5.41,2.0,2.0,6.67,10.83,2.0,2.0,6.67,10.83,4.0,4.0,13.33,21.65,1.0,1.0,3.33,5.41,1.0,1.0,3.33,5.41,3.0,3.0,10.0,16.24,2.0,2.0,6.67,10.83,46.67,63.33,-16.67,108.27,-5.0,-5.0,-16.67,6.65,6.65,0.5,0.47,0.44,0.4,0.0,0.12,0.67,0.67,0.8,0.73,3.33,3.33,0.1,6.67,0.14
3,新北國王,29|10872|10873,林書緯/林彥廷/喬納森,1,23,23.0,364.87,6.08,06:05,364.87,6.08,06:05,17.0,17.0,73.91,100.64,10.0,10.0,43.48,59.2,11.0,11.0,47.83,65.12,6.0,6.0,26.09,35.52,4.0,4.0,17.39,23.68,2.0,2.0,8.7,11.84,7.0,7.0,30.43,41.44,4.0,4.0,17.39,23.68,2.0,2.0,8.7,11.84,1.0,1.0,4.35,5.92,0.0,0.0,0.0,0.0,4.0,4.0,17.39,23.68,0.0,0.0,0.0,0.0,6.0,6.0,26.09,35.52,0.0,0.0,0.0,0.0,4.0,4.0,17.39,23.68,0.0,0.0,0.0,0.0,0.0,0.0,0.0,0.0,1.0,1.0,4.35,5.92,2.0,2.0,8.7,11.84,73.91,43.48,30.43,90.77,7.0,7.0,30.43,6.08,6.08,0.73,0.72,0.5,0.57,0.5,0.0,0.67,0.0,1.0,0.4,0.0,0.0,0.04,8.7,0.18
3,新北國王,29|10873|14038,林書緯/喬納森/飛米,1,14,14.0,214.0,3.57,03:34,214.0,3.57,03:34,12.0,12.0,85.71,121.12,5.0,5.0,35.71,50.47,6.0,6.0,42.86,60.56,4.0,4.0,28.57,40.37,1.0,1.0,7.14,10.09,1.0,1.0,7.14,10.09,5.0,5.0,35.71,50.47,3.0,3.0,21.43,30.28,2.0,2.0,14.29,20.19,1.0,1.0,7.14,10.09,0.0,0.0,0.0,0.0,1.0,1.0,7.14,10.09,0.0,0.0,0.0,0.0,4.0,4.0,28.57,40.37,0.0,0.0,0.0,0.0,3.0,3.0,21.43,30.28,0.0,0.0,0.0,0.0,0.0,0.0,0.0,0.0,1.0,1.0,7.14,10.09,2.0,2.0,14.29,20.19,85.71,35.71,50.0,94.21,7.0,7.0,50.0,3.57,3.57,0.92,0.87,1.0,0.6,0.5,0.0,0.75,0.0,1.0,0.2,0.0,0.0,0.07,14.29,0.33
3,新北國王,29|10873|14303,林書緯/喬納森/喬丹,1,23,23.0,364.87,6.08,06:05,364.87,6.08,06:05,17.0,17.0,73.91,100.64,10.0,10.0,43.48,59.2,11.0,11.0,47.83,65.12,6.0,6.0,26.09,35.52,4.0,4.0,17.39,23.68,2.0,2.0,8.7,11.84,7.0,7.0,30.43,41.44,4.0,4.0,17.39,23.68,2.0,2.0,8.7,11.84,1.0,1.0,4.35,5.92,0.0,0.0,0.0,0.0,4.0,4.0,17.39,23.68,0.0,0.0,0.0,0.0,6.0,6.0,26.09,35.52,0.0,0.0,0.0,0.0,4.0,4.0,17.39,23.68,0.0,0.0,0.0,0.0,0.0,0.0,0.0,0.0,1.0,1.0,4.35,5.92,2.0,2.0,8.7,11.84,73.91,43.48,30.43,90.77,7.0,7.0,30.43,6.08,6.08,0.73,0.72,0.5,0.57,0.5,0.0,0.67,0.0,1.0,0.4,0.0,0.0,0.04,8.7,0.18
3,新北國王,10872|10873|14038,林彥廷/喬納森/飛米,1,23,30.0,407.0,6.78,06:47,407.0,6.78,06:47,19.0,19.0,63.33,100.84,13.0,13.0,43.33,68.99,13.0,13.0,43.33,68.99,7.0,7.0,23.33,37.15,5.0,5.0,16.67,26.54,3.0,3.0,10.0,15.92,8.0,8.0,26.67,42.46,4.0,4.0,13.33,21.23,2.0,2.0,6.67,10.61,1.0,1.0,3.33,5.31,3.0,3.0,10.0,15.92,2.0,2.0,6.67,10.61,3.0,3.0,10.0,15.92,4.0,4.0,13.33,21.23,0.0,0.0,0.0,0.0,5.0,5.0,16.67,26.54,0.0,0.0,0.0,0.0,0.0,0.0,0.0,0.0,2.0,2.0,6.67,10.61,4.0,4.0,13.33,21.23,63.33,43.33,20.0,106.14,6.0,6.0,20.0,6.78,6.78,0.69,0.68,0.6,0.5,0.5,0.0,0.71,0.43,0.4,0.42,0.0,0.0,0.07,13.33,0.15
3,新北國王,10872|10873|14303,林彥廷/喬納森/喬丹,1,32,39.0,557.87,9.3,09:18,557.87,9.3,09:18,24.0,24.0,61.54,92.92,18.0,18.0,46.15,69.69,18.0,18.0,46.15,69.69,9.0,9.0,23.08,34.85,8.0,8.0,20.51,30.97,4.0,4.0,10.26,15.49,10.0,10.0,25.64,38.72,5.0,5.0,12.82,19.36,2.0,2.0,5.13,7.74,1.0,1.0,2.56,3.87,3.0,3.0,7.69,11.62,5.0,5.0,12.82,19.36,3.0,3.0,7.69,11.62,6.0,6.0,15.38,23.23,0.0,0.0,0.0,0.0,6.0,6.0,15.38,23.23,0.0,0.0,0.0,0.0,0.0,0.0,0.0,0.0,2.0,2.0,5.13,7.74,4.0,4.0,10.26,15.49,61.54,46.15,15.38,100.67,6.0,6.0,15.38,9.3,9.3,0.64,0.64,0.5,0.5,0.5,0.0,0.67,0.33,0.62,0.47,0.0,0.0,0.05,10.26,0.11
3,新北國王,10873|14038|14303,喬納森/飛米/喬丹,1,23,30.0,407.0,6.78,06:47,407.0,6.78,06:47,19.0,19.0,63.33,100.84,13.0,13.0,43.33,68.99,13.0,13.0,43.33,68.99,7.0,7.0,23.33,37.15,5.0,5.0,16.67,26.54,3.0,3.0,10.0,15.92,8.0,8.0,26.67,42.46,4.0,4.0,13.33,21.23,2.0,2.0,6.67,10.61,1.0,1.0,3.33,5.31,3.0,3.0,10.0,15.92,2.0,2.0,6.67,10.61,3.0,3.0,10.0,15.92,4.0,4.0,13.33,21.23,0.0,0.0,0.0,0.0,5.0,5.0,16.67,26.54,0.0,0.0,0.0,0.0,0.0,0.0,0.0,0.0,2.0,2.0,6.67,10.61,4.0,4.0,13.33,21.23,63.33,43.33,20.0,106.14,6.0,6.0,20.0,6.78,6.78,0.69,0.68,0.6,0.5,0.5,0.0,0.71,0.43,0.4,0.42,0.0,0.0,0.07,13.33,0.15
3,福爾摩沙夢想家,79|83|13906,張宗憲/吳家駿/班提爾,1,7,7.0,99.33,1.66,01:39,99.33,1.66,01:39,0.0,0.0,0.0,0.0,3.0,3.0,42.86,65.24,2.0,2.0,28.57,43.49,0.0,0.0,0.0,0.0,1.0,1.0,14.29,21.75,0.0,0.0,0.0,0.0,1.0,1.0,14.29,21.75,0.0,0.0,0.0,0.0,0.0,0.0,0.0,0.0,0.0,0.0,0.0,0.0,0.0,0.0,0.0,0.0,2.0,2.0,28.57,43.49,0.0,0.0,0.0,0.0,1.0,1.0,14.29,21.75,1.0,1.0,14.29,21.75,0.0,0.0,0.0,0.0,1.0,1.0,14.29,21.75,0.0,0.0,0.0,0.0,1.0,1.0,14.29,21.75,2.0,2.0,28.57,43.49,0.0,42.86,-42.86,101.48,-3.0,-3.0,-42.86,1.66,1.66,0.0,0.0,0.0,0.0,,0.33,,0.0,1.0,0.67,14.29,0.0,0.14,28.57,0.0
3,福爾摩沙夢想家,83|103|13906,吳家駿/忻沃克/班提爾,1,17,23.0,283.33,4.72,04:43,283.33,4.72,04:43,9.0,9.0,39.13,68.61,10.0,10.0,43.48,76.24,11.0,11.0,47.83,83.86,4.0,4.0,17.39,30.49,7.0,7.0,30.43,53.37,3.0,3.0,13.04,22.87,4.0,4.0,17.39,30.49,1.0,1.0,4.35,7.62,0.0,0.0,0.0,0.0,0.0,0.0,0.0,0.0,4.0,4.0,17.39,30.49,2.0,2.0,8.7,15.25,1.0,1.0,4.35,7.62,2.0,2.0,8.7,15.25,2.0,2.0,8.7,15.25,2.0,2.0,8.7,15.25,1.0,1.0,4.35,7.62,1.0,1.0,4.35,7.62,2.0,2.0,8.7,15.25,2.0,2.0,8.7,15.25,39.13,43.48,-4.35,116.9,-1.0,-1.0,-4.35,4.72,4.72,0.41,0.41,0.43,0.25,,0.15,0.5,0.67,0.67,0.67,4.35,4.35,0.09,8.7,0.0
3,福爾摩沙夢想家,77|106|13906,馬建豪/高柏鎧/班提爾,1,30,31.0,411.0,6.85,06:51,411.0,6.85,06:51,11.0,11.0,35.48,57.81,19.0,19.0,61.29,99.85,11.0,11.0,35.48,57.81,3.0,3.0,9.68,15.77,4.0,4.0,12.9,21.02,0.0,0.0,0.0,0.0,7.0,7.0,22.58,36.79,3.0,3.0,9.68,15.77,2.0,2.0,6.45,10.51,2.0,2.0,6.45,10.51,1.0,1.0,3.23,5.26,7.0,7.0,22.58,36.79,0.0,0.0,0.0,0.0,6.0,6.0,19.35,31.53,4.0,4.0,12.9,21.02,1.0,1.0,3.23,5.26,2.0,2.0,6.45,10.51,1.0,1.0,3.23,5.26,3.0,3.0,9.68,15.77,2.0,2.0,6.45,10.51,35.48,61.29,-25.81,108.61,-8.0,-8.0,-25.81,6.85,6.85,0.41,0.46,0.0,0.43,1.0,0.25,0.33,0.14,1.0,0.57,6.45,3.23,0.1,6.45,0.18
3,福爾摩沙夢想家,77|83|103,馬建豪/吳家駿/忻沃克,1,10,16.0,184.0,3.07,03:04,184.0,3.07,03:04,9.0,9.0,56.25,105.65,7.0,7.0,43.75,82.17,9.0,9.0,56.25,105.65,4.0,4.0,25.0,46.96,6.0,6.0,37.5,70.43,3.0,3.0,18.75,35.22,3.0,3.0,18.75,35.22,1.0,1.0,6.25,11.74,0.0,0.0,0.0,0.0,0.0,0.0,0.0,0.0,4.0,4.0,25.0,46.96,0.0,0.0,0.0,0.0,1.0,1.0,6.25,11.74,1.0,1.0,6.25,11.74,1.0,1.0,6.25,11.74,2.0,2.0,12.5,23.48,0.0,0.0,0.0,0.0,1.0,1.0,6.25,11.74,1.0,1.0,6.25,11.74,0.0,0.0,0.0,0.0,56.25,43.75,12.5,125.22,2.0,2.0,12.5,3.07,3.07,0.5,0.5,0.5,0.33,,0.1,0.5,0.8,0.0,0.67,0.0,6.25,0.06,0.0,0.0
3,新北國王,10872|10873|10874,林彥廷/喬納森/熊祥泰,1,9,16.0,193.0,3.22,03:13,193.0,3.22,03:13,7.0,7.0,43.75,78.34,8.0,8.0,50.0,89.53,7.0,7.0,43.75,78.34,3.0,3.0,18.75,33.58,4.0,4.0,25.0,44.77,2.0,2.0,12.5,22.38,3.0,3.0,18.75,33.58,1.0,1.0,6.25,11.19,0.0,0.0,0.0,0.0,0.0,0.0,0.0,0.0,3.0,3.0,18.75,33.58,1.0,1.0,6.25,11.19,3.0,3.0,18.75,33.58,0.0,0.0,0.0,0.0,0.0,0.0,0.0,0.0,2.0,2.0,12.5,22.38,0.0,0.0,0.0,0.0,0.0,0.0,0.0,0.0,1.0,1.0,6.25,11.19,2.0,2.0,12.5,22.38,43.75,50.0,-6.25,119.38,-1.0,-1.0,-6.25,3.22,3.22,0.5,0.5,0.5,0.33,,0.0,0.67,1.0,0.25,0.57,0.0,0.0,0.06,12.5,0.0
3,新北國王,10873|10874|14038,喬納森/熊祥泰/飛米,1,9,16.0,193.0,3.22,03:13,193.0,3.22,03:13,7.0,7.0,43.75,78.34,8.0,8.0,50.0,89.53,7.0,7.0,43.75,78.34,3.0,3.0,18.75,33.58,4.0,4.0,25.0,44.77,2.0,2.0,12.5,22.38,3.0,3.0,18.75,33.58,1.0,1.0,6.25,11.19,0.0,0.0,0.0,0.0,0.0,0.0,0.0,0.0,3.0,3.0,18.75,33.58,1.0,1.0,6.25,11.19,3.0,3.0,18.75,33.58,0.0,0.0,0.0,0.0,0.0,0.0,0.0,0.0,2.0,2.0,12.5,22.38,0.0,0.0,0.0,0.0,0.0,0.0,0.0,0.0,1.0,1.0,6.25,11.19,2.0,2.0,12.5,22.38,43.75,50.0,-6.25,119.38,-1.0,-1.0,-6.25,3.22,3.22,0.5,0.5,0.5,0.33,,0.0,0.67,1.0,0.25,0.57,0.0,0.0,0.06,12.5,0.0
3,新北國王,10873|10874|14303,喬納森/熊祥泰/喬丹,1,10,18.0,210.1,3.5,03:30,210.1,3.5,03:30,7.0,7.0,38.89,71.96,11.0,11.0,61.11,113.09,7.0,7.0,38.89,71.96,3.0,3.0,16.67,30.84,4.0,4.0,22.22,41.12,2.0,2.0,11.11,20.56,3.0,3.0,16.67,30.84,1.0,1.0,5.56,10.28,0.0,0.0,0.0,0.0,0.0,0.0,0.0,0.0,3.0,3.0,16.67,30.84,1.0,1.0,5.56,10.28,3.0,3.0,16.67,30.84,0.0,0.0,0.0,0.0,0.0,0.0,0.0,0.0,2.0,2.0,11.11,20.56,0.0,0.0,0.0,0.0,0.0,0.0,0.0,0.0,1.0,1.0,5.56,10.28,6.0,6.0,33.33,61.68,38.89,61.11,-22.22,123.37,-4.0,-4.0,-22.22,3.5,3.5,0.5,0.5,0.5,0.33,,0.0,0.67,1.0,0.25,0.57,0.0,0.0,0.06,33.33,0.0
3,福爾摩沙夢想家,77|79|106,馬建豪/張宗憲/高柏鎧,1,11,11.0,160.0,2.67,02:40,160.0,2.67,02:40,5.0,5.0,45.45,67.5,5.0,5.0,45.45,67.5,3.0,3.0,27.27,40.5,1.0,1.0,9.09,13.5,1.0,1.0,9.09,13.5,0.0,0.0,0.0,0.0,2.0,2.0,18.18,27.0,1.0,1.0,9.09,13.5,2.0,2.0,18.18,27.0,2.0,2.0,18.18,27.0,0.0,0.0,0.0,0.0,2.0,2.0,18.18,27.0,0.0,0.0,0.0,0.0,2.0,2.0,18.18,27.0,2.0,2.0,18.18,27.0,0.0,0.0,0.0,0.0,1.0,1.0,9.09,13.5,0.0,0.0,0.0,0.0,1.0,1.0,9.09,13.5,0.0,0.0,0.0,0.0,45.45,45.45,0.0,99.0,0.0,0.0,0.0,2.67,2.67,0.5,0.64,0.0,0.5,1.0,0.34,0.0,0.0,1.0,0.5,9.09,0.0,0.09,0.0,0.67
3,新北國王,29|32|10873,林書緯/奧帝/喬納森,1,9,9.0,150.87,2.51,02:31,150.87,2.51,02:31,5.0,5.0,55.56,71.58,5.0,5.0,55.56,71.58,5.0,5.0,55.56,71.58,2.0,2.0,22.22,28.63,3.0,3.0,33.33,42.95,1.0,1.0,11.11,14.32,2.0,2.0,22.22,28.63,1.0,1.0,11.11,14.32,0.0,0.0,0.0,0.0,0.0,0.0,0.0,0.0,0.0,0.0,0.0,0.0,3.0,3.0,33.33,42.95,0.0,0.0,0.0,0.0,2.0,2.0,22.22,28.63,0.0,0.0,0.0,0.0,1.0,1.0,11.11,14.32,0.0,0.0,0.0,0.0,0.0,0.0,0.0,0.0,0.0,0.0,0.0,0.0,0.0,0.0,0.0,0.0,55.56,55.56,0.0,85.9,0.0,0.0,0.0,2.51,2.51,0.5,0.5,0.33,0.5,,0.0,0.5,0.0,1.0,0.6,0.0,0.0,0.0,0.0,0.0
3,新北國王,32|10872|10873,奧帝/林彥廷/喬納森,1,9,9.0,150.87,2.51,02:31,150.87,2.51,02:31,5.0,5.0,55.56,71.58,5.0,5.0,55.56,71.58,5.0,5.0,55.56,71.58,2.0,2.0,22.22,28.63,3.0,3.0,33.33,42.95,1.0,1.0,11.11,14.32,2.0,2.0,22.22,28.63,1.0,1.0,11.11,14.32,0.0,0.0,0.0,0.0,0.0,0.0,0.0,0.0,0.0,0.0,0.0,0.0,3.0,3.0,33.33,42.95,0.0,0.0,0.0,0.0,2.0,2.0,22.22,28.63,0.0,0.0,0.0,0.0,1.0,1.0,11.11,14.32,0.0,0.0,0.0,0.0,0.0,0.0,0.0,0.0,0.0,0.0,0.0,0.0,0.0,0.0,0.0,0.0,55.56,55.56,0.0,85.9,0.0,0.0,0.0,2.51,2.51,0.5,0.5,0.33,0.5,,0.0,0.5,0.0,1.0,0.6,0.0,0.0,0.0,0.0,0.0
3,新北國王,32|10873|14303,奧帝/喬納森/喬丹,1,9,9.0,150.87,2.51,02:31,150.87,2.51,02:31,5.0,5.0,55.56,71.58,5.0,5.0,55.56,71.58,5.0,5.0,55.56,71.58,2.0,2.0,22.22,28.63,3.0,3.0,33.33,42.95,1.0,1.0,11.11,14.32,2.0,2.0,22.22,28.63,1.0,1.0,11.11,14.32,0.0,0.0,0.0,0.0,0.0,0.0,0.0,0.0,0.0,0.0,0.0,0.0,3.0,3.0,33.33,42.95,0.0,0.0,0.0,0.0,2.0,2.0,22.22,28.63,0.0,0.0,0.0,0.0,1.0,1.0,11.11,14.32,0.0,0.0,0.0,0.0,0.0,0.0,0.0,0.0,0.0,0.0,0.0,0.0,0.0,0.0,0.0,0.0,55.56,55.56,0.0,85.9,0.0,0.0,0.0,2.51,2.51,0.5,0.5,0.33,0.5,,0.0,0.5,0.0,1.0,0.6,0.0,0.0,0.0,0.0,0.0
3,福爾摩沙夢想家,77|83|89,馬建豪/吳家駿/蔣淯安,1,19,19.0,277.35,4.62,04:37,277.35,4.62,04:37,12.0,12.0,63.16,93.46,13.0,13.0,68.42,101.24,7.0,7.0,36.84,54.52,3.0,3.0,15.79,23.36,1.0,1.0,5.26,7.79,0.0,0.0,0.0,0.0,6.0,6.0,31.58,46.73,3.0,3.0,15.79,23.36,3.0,3.0,15.79,23.36,3.0,3.0,15.79,23.36,0.0,0.0,0.0,0.0,4.0,4.0,21.05,31.15,0.0,0.0,0.0,0.0,5.0,5.0,26.32,38.94,1.0,1.0,5.26,7.79,2.0,2.0,10.53,15.58,1.0,1.0,5.26,7.79,0.0,0.0,0.0,0.0,3.0,3.0,15.79,23.36,2.0,2.0,10.53,15.58,63.16,68.42,-5.26,98.65,-1.0,-1.0,-5.26,4.62,4.62,0.64,0.72,0.0,0.5,1.0,0.11,0.67,0.0,1.0,0.44,5.26,0.0,0.16,10.53,0.43
3,福爾摩沙夢想家,83|89|106,吳家駿/蔣淯安/高柏鎧,1,19,19.0,277.35,4.62,04:37,277.35,4.62,04:37,12.0,12.0,63.16,93.46,13.0,13.0,68.42,101.24,7.0,7.0,36.84,54.52,3.0,3.0,15.79,23.36,1.0,1.0,5.26,7.79,0.0,0.0,0.0,0.0,6.0,6.0,31.58,46.73,3.0,3.0,15.79,23.36,3.0,3.0,15.79,23.36,3.0,3.0,15.79,23.36,0.0,0.0,0.0,0.0,4.0,4.0,21.05,31.15,0.0,0.0,0.0,0.0,5.0,5.0,26.32,38.94,1.0,1.0,5.26,7.79,2.0,2.0,10.53,15.58,1.0,1.0,5.26,7.79,0.0,0.0,0.0,0.0,3.0,3.0,15.79,23.36,2.0,2.0,10.53,15.58,63.16,68.42,-5.26,98.65,-1.0,-1.0,-5.26,4.62,4.62,0.64,0.72,0.0,0.5,1.0,0.11,0.67,0.0,1.0,0.44,5.26,0.0,0.16,10.53,0.43
3,福爾摩沙夢想家,83|89|13777,吳家駿/蔣淯安/布依德,1,8,8.0,153.35,2.56,02:33,153.35,2.56,02:33,9.0,9.0,112.5,126.77,3.0,3.0,37.5,42.26,3.0,3.0,37.5,42.26,2.0,2.0,25.0,28.17,0.0,0.0,0.0,0.0,0.0,0.0,0.0,0.0,3.0,3.0,37.5,42.26,2.0,2.0,25.0,28.17,3.0,3.0,37.5,42.26,3.0,3.0,37.5,42.26,0.0,0.0,0.0,0.0,1.0,1.0,12.5,14.09,0.0,0.0,0.0,0.0,3.0,3.0,37.5,42.26,0.0,0.0,0.0,0.0,2.0,2.0,25.0,28.17,0.0,0.0,0.0,0.0,0.0,0.0,0.0,0.0,2.0,2.0,25.0,28.17,0.0,0.0,0.0,0.0,112.5,37.5,75.0,75.12,6.0,6.0,75.0,2.56,2.56,1.0,1.04,,0.67,1.0,0.0,1.0,0.0,1.0,0.25,0.0,0.0,0.25,0.0,1.0
3,福爾摩沙夢想家,83|89|13906,吳家駿/蔣淯安/班提爾,1,11,11.0,124.0,2.07,02:04,124.0,2.07,02:04,3.0,3.0,27.27,52.26,10.0,10.0,90.91,174.19,4.0,4.0,36.36,69.68,1.0,1.0,9.09,17.42,1.0,1.0,9.09,17.42,0.0,0.0,0.0,0.0,3.0,3.0,27.27,52.26,1.0,1.0,9.09,17.42,0.0,0.0,0.0,0.0,0.0,0.0,0.0,0.0,0.0,0.0,0.0,0.0,3.0,3.0,27.27,52.26,0.0,0.0,0.0,0.0,2.0,2.0,18.18,34.84,1.0,1.0,9.09,17.42,0.0,0.0,0.0,0.0,1.0,1.0,9.09,17.42,0.0,0.0,0.0,0.0,1.0,1.0,9.09,17.42,2.0,2.0,18.18,34.84,27.27,90.91,-63.64,127.74,-7.0,-7.0,-63.64,2.07,2.07,0.38,0.38,0.0,0.33,,0.2,0.0,0.0,1.0,0.6,9.09,0.0,0.09,18.18,0.0
3,福爾摩沙夢想家,83|106|13906,吳家駿/高柏鎧/班提爾,1,11,11.0,124.0,2.07,02:04,124.0,2.07,02:04,3.0,3.0,27.27,52.26,10.0,10.0,90.91,174.19,4.0,4.0,36.36,69.68,1.0,1.0,9.09,17.42,1.0,1.0,9.09,17.42,0.0,0.0,0.0,0.0,3.0,3.0,27.27,52.26,1.0,1.0,9.09,17.42,0.0,0.0,0.0,0.0,0.0,0.0,0.0,0.0,0.0,0.0,0.0,0.0,3.0,3.0,27.27,52.26,0.0,0.0,0.0,0.0,2.0,2.0,18.18,34.84,1.0,1.0,9.09,17.42,0.0,0.0,0.0,0.0,1.0,1.0,9.09,17.42,0.0,0.0,0.0,0.0,1.0,1.0,9.09,17.42,2.0,2.0,18.18,34.84,27.27,90.91,-63.64,127.74,-7.0,-7.0,-63.64,2.07,2.07,0.38,0.38,0.0,0.33,,0.2,0.0,0.0,1.0,0.6,9.09,0.0,0.09,18.18,0.0
3,福爾摩沙夢想家,77|83|95,馬建豪/吳家駿/李德威,1,3,4.0,46.1,0.77,00:46,46.1,0.77,00:46,3.0,3.0,75.0,140.55,0.0,0.0,0.0,0.0,1.0,1.0,25.0,46.85,0.0,0.0,0.0,0.0,0.0,0.0,0.0,0.0,0.0,0.0,0.0,0.0,1.0,1.0,25.0,46.85,0.0,0.0,0.0,0.0,4.0,4.0,100.0,187.4,3.0,3.0,75.0,140.55,0.0,0.0,0.0,0.0,1.0,1.0,25.0,46.85,0.0,0.0,0.0,0.0,1.0,1.0,25.0,46.85,0.0,0.0,0.0,0.0,0.0,0.0,0.0,0.0,0.0,0.0,0.0,0.0,0.0,0.0,0.0,0.0,2.0,2.0,50.0,93.7,0.0,0.0,0.0,0.0,75.0,0.0,75.0,124.93,3.0,3.0,75.0,0.77,0.77,0.0,0.54,,0.0,0.75,0.0,,0.0,1.0,0.5,0.0,0.0,0.5,0.0,4.0
3,福爾摩沙夢想家,77|83|97,馬建豪/吳家駿/史承平,1,3,4.0,46.1,0.77,00:46,46.1,0.77,00:46,3.0,3.0,75.0,140.55,0.0,0.0,0.0,0.0,1.0,1.0,25.0,46.85,0.0,0.0,0.0,0.0,0.0,0.0,0.0,0.0,0.0,0.0,0.0,0.0,1.0,1.0,25.0,46.85,0.0,0.0,0.0,0.0,4.0,4.0,100.0,187.4,3.0,3.0,75.0,140.55,0.0,0.0,0.0,0.0,1.0,1.0,25.0,46.85,0.0,0.0,0.0,0.0,1.0,1.0,25.0,46.85,0.0,0.0,0.0,0.0,0.0,0.0,0.0,0.0,0.0,0.0,0.0,0.0,0.0,0.0,0.0,0.0,2.0,2.0,50.0,93.7,0.0,0.0,0.0,0.0,75.0,0.0,75.0,124.93,3.0,3.0,75.0,0.77,0.77,0.0,0.54,,0.0,0.75,0.0,,0.0,1.0,0.5,0.0,0.0,0.5,0.0,4.0
3,福爾摩沙夢想家,77|83|101,馬建豪/吳家駿/周柏臣,1,3,4.0,46.1,0.77,00:46,46.1,0.77,00:46,3.0,3.0,75.0,140.55,0.0,0.0,0.0,0.0,1.0,1.0,25.0,46.85,0.0,0.0,0.0,0.0,0.0,0.0,0.0,0.0,0.0,0.0,0.0,0.0,1.0,1.0,25.0,46.85,0.0,0.0,0.0,0.0,4.0,4.0,100.0,187.4,3.0,3.0,75.0,140.55,0.0,0.0,0.0,0.0,1.0,1.0,25.0,46.85,0.0,0.0,0.0,0.0,1.0,1.0,25.0,46.85,0.0,0.0,0.0,0.0,0.0,0.0,0.0,0.0,0.0,0.0,0.0,0.0,0.0,0.0,0.0,0.0,2.0,2.0,50.0,93.7,0.0,0.0,0.0,0.0,75.0,0.0,75.0,124.93,3.0,3.0,75.0,0.77,0.77,0.0,0.54,,0.0,0.75,0.0,,0.0,1.0,0.5,0.0,0.0,0.5,0.0,4.0
3,福爾摩沙夢想家,77|95|97,馬建豪/李德威/史承平,1,3,4.0,46.1,0.77,00:46,46.1,0.77,00:46,3.0,3.0,75.0,140.55,0.0,0.0,0.0,0.0,1.0,1.0,25.0,46.85,0.0,0.0,0.0,0.0,0.0,0.0,0.0,0.0,0.0,0.0,0.0,0.0,1.0,1.0,25.0,46.85,0.0,0.0,0.0,0.0,4.0,4.0,100.0,187.4,3.0,3.0,75.0,140.55,0.0,0.0,0.0,0.0,1.0,1.0,25.0,46.85,0.0,0.0,0.0,0.0,1.0,1.0,25.0,46.85,0.0,0.0,0.0,0.0,0.0,0.0,0.0,0.0,0.0,0.0,0.0,0.0,0.0,0.0,0.0,0.0,2.0,2.0,50.0,93.7,0.0,0.0,0.0,0.0,75.0,0.0,75.0,124.93,3.0,3.0,75.0,0.77,0.77,0.0,0.54,,0.0,0.75,0.0,,0.0,1.0,0.5,0.0,0.0,0.5,0.0,4.0
3,福爾摩沙夢想家,77|95|101,馬建豪/李德威/周柏臣,1,3,4.0,46.1,0.77,00:46,46.1,0.77,00:46,3.0,3.0,75.0,140.55,0.0,0.0,0.0,0.0,1.0,1.0,25.0,46.85,0.0,0.0,0.0,0.0,0.0,0.0,0.0,0.0,0.0,0.0,0.0,0.0,1.0,1.0,25.0,46.85,0.0,0.0,0.0,0.0,4.0,4.0,100.0,187.4,3.0,3.0,75.0,140.55,0.0,0.0,0.0,0.0,1.0,1.0,25.0,46.85,0.0,0.0,0.0,0.0,1.0,1.0,25.0,46.85,0.0,0.0,0.0,0.0,0.0,0.0,0.0,0.0,0.0,0.0,0.0,0.0,0.0,0.0,0.0,0.0,2.0,2.0,50.0,93.7,0.0,0.0,0.0,0.0,75.0,0.0,75.0,124.93,3.0,3.0,75.0,0.77,0.77,0.0,0.54,,0.0,0.75,0.0,,0.0,1.0,0.5,0.0,0.0,0.5,0.0,4.0
3,福爾摩沙夢想家,77|97|101,馬建豪/史承平/周柏臣,1,3,4.0,46.1,0.77,00:46,46.1,0.77,00:46,3.0,3.0,75.0,140.55,0.0,0.0,0.0,0.0,1.0,1.0,25.0,46.85,0.0,0.0,0.0,0.0,0.0,0.0,0.0,0.0,0.0,0.0,0.0,0.0,1.0,1.0,25.0,46.85,0.0,0.0,0.0,0.0,4.0,4.0,100.0,187.4,3.0,3.0,75.0,140.55,0.0,0.0,0.0,0.0,1.0,1.0,25.0,46.85,0.0,0.0,0.0,0.0,1.0,1.0,25.0,46.85,0.0,0.0,0.0,0.0,0.0,0.0,0.0,0.0,0.0,0.0,0.0,0.0,0.0,0.0,0.0,0.0,2.0,2.0,50.0,93.7,0.0,0.0,0.0,0.0,75.0,0.0,75.0,124.93,3.0,3.0,75.0,0.77,0.77,0.0,0.54,,0.0,0.75,0.0,,0.0,1.0,0.5,0.0,0.0,0.5,0.0,4.0
3,福爾摩沙夢想家,83|95|97,吳家駿/李德威/史承平,1,3,4.0,46.1,0.77,00:46,46.1,0.77,00:46,3.0,3.0,75.0,140.55,0.0,0.0,0.0,0.0,1.0,1.0,25.0,46.85,0.0,0.0,0.0,0.0,0.0,0.0,0.0,0.0,0.0,0.0,0.0,0.0,1.0,1.0,25.0,46.85,0.0,0.0,0.0,0.0,4.0,4.0,100.0,187.4,3.0,3.0,75.0,140.55,0.0,0.0,0.0,0.0,1.0,1.0,25.0,46.85,0.0,0.0,0.0,0.0,1.0,1.0,25.0,46.85,0.0,0.0,0.0,0.0,0.0,0.0,0.0,0.0,0.0,0.0,0.0,0.0,0.0,0.0,0.0,0.0,2.0,2.0,50.0,93.7,0.0,0.0,0.0,0.0,75.0,0.0,75.0,124.93,3.0,3.0,75.0,0.77,0.77,0.0,0.54,,0.0,0.75,0.0,,0.0,1.0,0.5,0.0,0.0,0.5,0.0,4.0
3,福爾摩沙夢想家,83|95|101,吳家駿/李德威/周柏臣,1,3,4.0,46.1,0.77,00:46,46.1,0.77,00:46,3.0,3.0,75.0,140.55,0.0,0.0,0.0,0.0,1.0,1.0,25.0,46.85,0.0,0.0,0.0,0.0,0.0,0.0,0.0,0.0,0.0,0.0,0.0,0.0,1.0,1.0,25.0,46.85,0.0,0.0,0.0,0.0,4.0,4.0,100.0,187.4,3.0,3.0,75.0,140.55,0.0,0.0,0.0,0.0,1.0,1.0,25.0,46.85,0.0,0.0,0.0,0.0,1.0,1.0,25.0,46.85,0.0,0.0,0.0,0.0,0.0,0.0,0.0,0.0,0.0,0.0,0.0,0.0,0.0,0.0,0.0,0.0,2.0,2.0,50.0,93.7,0.0,0.0,0.0,0.0,75.0,0.0,75.0,124.93,3.0,3.0,75.0,0.77,0.77,0.0,0.54,,0.0,0.75,0.0,,0.0,1.0,0.5,0.0,0.0,0.5,0.0,4.0
3,福爾摩沙夢想家,83|97|101,吳家駿/史承平/周柏臣,1,3,4.0,46.1,0.77,00:46,46.1,0.77,00:46,3.0,3.0,75.0,140.55,0.0,0.0,0.0,0.0,1.0,1.0,25.0,46.85,0.0,0.0,0.0,0.0,0.0,0.0,0.0,0.0,0.0,0.0,0.0,0.0,1.0,1.0,25.0,46.85,0.0,0.0,0.0,0.0,4.0,4.0,100.0,187.4,3.0,3.0,75.0,140.55,0.0,0.0,0.0,0.0,1.0,1.0,25.0,46.85,0.0,0.0,0.0,0.0,1.0,1.0,25.0,46.85,0.0,0.0,0.0,0.0,0.0,0.0,0.0,0.0,0.0,0.0,0.0,0.0,0.0,0.0,0.0,0.0,2.0,2.0,50.0,93.7,0.0,0.0,0.0,0.0,75.0,0.0,75.0,124.93,3.0,3.0,75.0,0.77,0.77,0.0,0.54,,0.0,0.75,0.0,,0.0,1.0,0.5,0.0,0.0,0.5,0.0,4.0
3,福爾摩沙夢想家,95|97|101,李德威/史承平/周柏臣,1,3,4.0,46.1,0.77,00:46,46.1,0.77,00:46,3.0,3.0,75.0,140.55,0.0,0.0,0.0,0.0,1.0,1.0,25.0,46.85,0.0,0.0,0.0,0.0,0.0,0.0,0.0,0.0,0.0,0.0,0.0,0.0,1.0,1.0,25.0,46.85,0.0,0.0,0.0,0.0,4.0,4.0,100.0,187.4,3.0,3.0,75.0,140.55,0.0,0.0,0.0,0.0,1.0,1.0,25.0,46.85,0.0,0.0,0.0,0.0,1.0,1.0,25.0,46.85,0.0,0.0,0.0,0.0,0.0,0.0,0.0,0.0,0.0,0.0,0.0,0.0,0.0,0.0,0.0,0.0,2.0,2.0,50.0,93.7,0.0,0.0,0.0,0.0,75.0,0.0,75.0,124.93,3.0,3.0,75.0,0.77,0.77,0.0,0.54,,0.0,0.75,0.0,,0.0,1.0,0.5,0.0,0.0,0.5,0.0,4.0
3,新北國王,22|28|10873,簡祐哲/呂政儒/喬納森,1,1,2.0,17.1,0.29,00:17,17.1,0.29,00:17,0.0,0.0,0.0,0.0,3.0,3.0,150.0,378.86,0.0,0.0,0.0,0.0,0.0,0.0,0.0,0.0,0.0,0.0,0.0,0.0,0.0,0.0,0.0,0.0,0.0,0.0,0.0,0.0,0.0,0.0,0.0,0.0,0.0,0.0,0.0,0.0,0.0,0.0,0.0,0.0,0.0,0.0,0.0,0.0,0.0,0.0,0.0,0.0,0.0,0.0,0.0,0.0,0.0,0.0,0.0,0.0,0.0,0.0,0.0,0.0,0.0,0.0,0.0,0.0,0.0,0.0,0.0,0.0,0.0,0.0,0.0,0.0,0.0,0.0,0.0,0.0,4.0,4.0,200.0,505.14,0.0,150.0,-150.0,168.38,-3.0,-3.0,-150.0,0.29,0.29,,,,,,,,,,,0.0,0.0,0.0,200.0,
3,新北國王,22|28|10874,簡祐哲/呂政儒/熊祥泰,1,1,2.0,17.1,0.29,00:17,17.1,0.29,00:17,0.0,0.0,0.0,0.0,3.0,3.0,150.0,378.86,0.0,0.0,0.0,0.0,0.0,0.0,0.0,0.0,0.0,0.0,0.0,0.0,0.0,0.0,0.0,0.0,0.0,0.0,0.0,0.0,0.0,0.0,0.0,0.0,0.0,0.0,0.0,0.0,0.0,0.0,0.0,0.0,0.0,0.0,0.0,0.0,0.0,0.0,0.0,0.0,0.0,0.0,0.0,0.0,0.0,0.0,0.0,0.0,0.0,0.0,0.0,0.0,0.0,0.0,0.0,0.0,0.0,0.0,0.0,0.0,0.0,0.0,0.0,0.0,0.0,0.0,0.0,0.0,4.0,4.0,200.0,505.14,0.0,150.0,-150.0,168.38,-3.0,-3.0,-150.0,0.29,0.29,,,,,,,,,,,0.0,0.0,0.0,200.0,
3,新北國王,22|10873|10874,簡祐哲/喬納森/熊祥泰,1,1,2.0,17.1,0.29,00:17,17.1,0.29,00:17,0.0,0.0,0.0,0.0,3.0,3.0,150.0,378.86,0.0,0.0,0.0,0.0,0.0,0.0,0.0,0.0,0.0,0.0,0.0,0.0,0.0,0.0,0.0,0.0,0.0,0.0,0.0,0.0,0.0,0.0,0.0,0.0,0.0,0.0,0.0,0.0,0.0,0.0,0.0,0.0,0.0,0.0,0.0,0.0,0.0,0.0,0.0,0.0,0.0,0.0,0.0,0.0,0.0,0.0,0.0,0.0,0.0,0.0,0.0,0.0,0.0,0.0,0.0,0.0,0.0,0.0,0.0,0.0,0.0,0.0,0.0,0.0,0.0,0.0,0.0,0.0,4.0,4.0,200.0,505.14,0.0,150.0,-150.0,168.38,-3.0,-3.0,-150.0,0.29,0.29,,,,,,,,,,,0.0,0.0,0.0,200.0,
3,新北國王,22|10873|14303,簡祐哲/喬納森/喬丹,1,1,2.0,17.1,0.29,00:17,17.1,0.29,00:17,0.0,0.0,0.0,0.0,3.0,3.0,150.0,378.86,0.0,0.0,0.0,0.0,0.0,0.0,0.0,0.0,0.0,0.0,0.0,0.0,0.0,0.0,0.0,0.0,0.0,0.0,0.0,0.0,0.0,0.0,0.0,0.0,0.0,0.0,0.0,0.0,0.0,0.0,0.0,0.0,0.0,0.0,0.0,0.0,0.0,0.0,0.0,0.0,0.0,0.0,0.0,0.0,0.0,0.0,0.0,0.0,0.0,0.0,0.0,0.0,0.0,0.0,0.0,0.0,0.0,0.0,0.0,0.0,0.0,0.0,0.0,0.0,0.0,0.0,0.0,0.0,4.0,4.0,200.0,505.14,0.0,150.0,-150.0,168.38,-3.0,-3.0,-150.0,0.29,0.29,,,,,,,,,,,0.0,0.0,0.0,200.0,
3,新北國王,28|10873|10874,呂政儒/喬納森/熊祥泰,1,1,2.0,17.1,0.29,00:17,17.1,0.29,00:17,0.0,0.0,0.0,0.0,3.0,3.0,150.0,378.86,0.0,0.0,0.0,0.0,0.0,0.0,0.0,0.0,0.0,0.0,0.0,0.0,0.0,0.0,0.0,0.0,0.0,0.0,0.0,0.0,0.0,0.0,0.0,0.0,0.0,0.0,0.0,0.0,0.0,0.0,0.0,0.0,0.0,0.0,0.0,0.0,0.0,0.0,0.0,0.0,0.0,0.0,0.0,0.0,0.0,0.0,0.0,0.0,0.0,0.0,0.0,0.0,0.0,0.0,0.0,0.0,0.0,0.0,0.0,0.0,0.0,0.0,0.0,0.0,0.0,0.0,0.0,0.0,4.0,4.0,200.0,505.14,0.0,150.0,-150.0,168.38,-3.0,-3.0,-150.0,0.29,0.29,,,,,,,,,,,0.0,0.0,0.0,200.0,
3,新北國王,28|10873|14303,呂政儒/喬納森/喬丹,1,1,2.0,17.1,0.29,00:17,17.1,0.29,00:17,0.0,0.0,0.0,0.0,3.0,3.0,150.0,378.86,0.0,0.0,0.0,0.0,0.0,0.0,0.0,0.0,0.0,0.0,0.0,0.0,0.0,0.0,0.0,0.0,0.0,0.0,0.0,0.0,0.0,0.0,0.0,0.0,0.0,0.0,0.0,0.0,0.0,0.0,0.0,0.0,0.0,0.0,0.0,0.0,0.0,0.0,0.0,0.0,0.0,0.0,0.0,0.0,0.0,0.0,0.0,0.0,0.0,0.0,0.0,0.0,0.0,0.0,0.0,0.0,0.0,0.0,0.0,0.0,0.0,0.0,0.0,0.0,0.0,0.0,0.0,0.0,4.0,4.0,200.0,505.14,0.0,150.0,-150.0,168.38,-3.0,-3.0,-150.0,0.29,0.29,,,,,,,,,,,0.0,0.0,0.0,200.0,
3,新北國王,28|10874|14303,呂政儒/熊祥泰/喬丹,1,1,2.0,17.1,0.29,00:17,17.1,0.29,00:17,0.0,0.0,0.0,0.0,3.0,3.0,150.0,378.86,0.0,0.0,0.0,0.0,0.0,0.0,0.0,0.0,0.0,0.0,0.0,0.0,0.0,0.0,0.0,0.0,0.0,0.0,0.0,0.0,0.0,0.0,0.0,0.0,0.0,0.0,0.0,0.0,0.0,0.0,0.0,0.0,0.0,0.0,0.0,0.0,0.0,0.0,0.0,0.0,0.0,0.0,0.0,0.0,0.0,0.0,0.0,0.0,0.0,0.0,0.0,0.0,0.0,0.0,0.0,0.0,0.0,0.0,0.0,0.0,0.0,0.0,0.0,0.0,0.0,0.0,0.0,0.0,4.0,4.0,200.0,505.14,0.0,150.0,-150.0,168.38,-3.0,-3.0,-150.0,0.29,0.29,,,,,,,,,,,0.0,0.0,0.0,200.0,
3,桃園台啤永豐雲豹,16|54|57,米勒/高錦瑋/莊博元,1,80,96.0,1330.32,22.17,22:10,1330.32,22.17,22:10,39.0,39.0,40.62,63.32,41.0,41.0,42.71,66.57,37.0,37.0,38.54,60.08,17.0,17.0,17.71,27.6,30.0,30.0,31.25,48.71,14.0,14.0,14.58,22.73,7.0,7.0,7.29,11.37,3.0,3.0,3.12,4.87,7.0,7.0,7.29,11.37,2.0,2.0,2.08,3.25,5.0,5.0,5.21,8.12,18.0,18.0,18.75,29.23,7.0,7.0,7.29,11.37,12.0,12.0,12.5,19.48,5.0,5.0,5.21,8.12,7.0,7.0,7.29,11.37,2.0,2.0,2.08,3.25,5.0,5.0,5.21,8.12,6.0,6.0,6.25,9.74,7.0,7.0,7.29,11.37,40.62,42.71,-2.08,103.91,-2.0,-2.0,-2.08,22.17,22.17,0.5,0.49,0.47,0.43,0.29,0.11,0.41,0.29,0.72,0.55,2.08,5.21,0.06,7.29,0.19
3,桃園台啤永豐雲豹,16|54|68,米勒/高錦瑋/克羅馬,1,74,89.0,1232.87,20.55,20:33,1232.87,20.55,20:33,35.0,35.0,39.33,61.32,39.0,39.0,43.82,68.33,34.0,34.0,38.2,59.57,15.0,15.0,16.85,26.28,28.0,28.0,31.46,49.06,12.0,12.0,13.48,21.02,6.0,6.0,6.74,10.51,3.0,3.0,3.37,5.26,7.0,7.0,7.87,12.26,2.0,2.0,2.25,3.5,4.0,4.0,4.49,7.01,18.0,18.0,20.22,31.54,7.0,7.0,7.87,12.26,12.0,12.0,13.48,21.02,4.0,4.0,4.49,7.01,6.0,6.0,6.74,10.51,1.0,1.0,1.12,1.75,5.0,5.0,5.62,8.76,6.0,6.0,6.74,10.51,7.0,7.0,7.87,12.26,39.33,43.82,-4.49,103.95,-4.0,-4.0,-4.49,20.55,20.55,0.49,0.47,0.43,0.5,0.29,0.1,0.4,0.25,0.72,0.54,1.12,5.62,0.07,7.87,0.21
3,桃園台啤永豐雲豹,16|54|3129,米勒/高錦瑋/董永全,1,34,39.0,582.0,9.7,09:42,582.0,9.7,09:42,11.0,11.0,28.21,40.82,19.0,19.0,48.72,70.52,15.0,15.0,38.46,55.67,5.0,5.0,12.82,18.56,11.0,11.0,28.21,40.82,4.0,4.0,10.26,14.85,4.0,4.0,10.26,14.85,1.0,1.0,2.56,3.71,2.0,2.0,5.13,7.42,0.0,0.0,0.0,0.0,1.0,1.0,2.56,3.71,10.0,10.0,25.64,37.11,3.0,3.0,7.69,11.13,6.0,6.0,15.38,22.27,2.0,2.0,5.13,7.42,3.0,3.0,7.69,11.13,0.0,0.0,0.0,0.0,2.0,2.0,5.13,7.42,1.0,1.0,2.56,3.71,0.0,0.0,0.0,0.0,28.21,48.72,-20.51,96.49,-8.0,-8.0,-20.51,9.7,9.7,0.37,0.35,0.36,0.25,0.0,0.11,0.6,0.14,0.77,0.55,0.0,5.13,0.03,0.0,0.13
3,桃園台啤永豐雲豹,16|57|68,米勒/莊博元/克羅馬,1,82,97.0,1324.64,22.08,22:05,1324.64,22.08,22:05,37.0,37.0,38.14,60.33,43.0,43.0,44.33,70.12,37.0,37.0,38.14,60.33,16.0,16.0,16.49,26.09,29.0,29.0,29.9,47.29,13.0,13.0,13.4,21.2,8.0,8.0,8.25,13.05,3.0,3.0,3.09,4.89,7.0,7.0,7.22,11.41,2.0,2.0,2.06,3.26,4.0,4.0,4.12,6.52,20.0,20.0,20.62,32.61,7.0,7.0,7.22,11.41,13.0,13.0,13.4,21.2,5.0,5.0,5.15,8.15,7.0,7.0,7.22,11.41,2.0,2.0,2.06,3.26,5.0,5.0,5.15,8.15,6.0,6.0,6.19,9.78,9.0,9.0,9.28,14.68,38.14,44.33,-6.19,105.45,-6.0,-6.0,-6.19,22.08,22.08,0.47,0.46,0.45,0.38,0.29,0.11,0.44,0.24,0.74,0.55,2.06,5.15,0.06,9.28,0.19
3,桃園台啤永豐雲豹,16|57|3129,米勒/莊博元/董永全,1,34,39.0,582.0,9.7,09:42,582.0,9.7,09:42,11.0,11.0,28.21,40.82,19.0,19.0,48.72,70.52,15.0,15.0,38.46,55.67,5.0,5.0,12.82,18.56,11.0,11.0,28.21,40.82,4.0,4.0,10.26,14.85,4.0,4.0,10.26,14.85,1.0,1.0,2.56,3.71,2.0,2.0,5.13,7.42,0.0,0.0,0.0,0.0,1.0,1.0,2.56,3.71,10.0,10.0,25.64,37.11,3.0,3.0,7.69,11.13,6.0,6.0,15.38,22.27,2.0,2.0,5.13,7.42,3.0,3.0,7.69,11.13,0.0,0.0,0.0,0.0,2.0,2.0,5.13,7.42,1.0,1.0,2.56,3.71,0.0,0.0,0.0,0.0,28.21,48.72,-20.51,96.49,-8.0,-8.0,-20.51,9.7,9.7,0.37,0.35,0.36,0.25,0.0,0.11,0.6,0.14,0.77,0.55,0.0,5.13,0.03,0.0,0.13
3,桃園台啤永豐雲豹,16|68|3129,米勒/克羅馬/董永全,1,34,39.0,582.0,9.7,09:42,582.0,9.7,09:42,11.0,11.0,28.21,40.82,19.0,19.0,48.72,70.52,15.0,15.0,38.46,55.67,5.0,5.0,12.82,18.56,11.0,11.0,28.21,40.82,4.0,4.0,10.26,14.85,4.0,4.0,10.26,14.85,1.0,1.0,2.56,3.71,2.0,2.0,5.13,7.42,0.0,0.0,0.0,0.0,1.0,1.0,2.56,3.71,10.0,10.0,25.64,37.11,3.0,3.0,7.69,11.13,6.0,6.0,15.38,22.27,2.0,2.0,5.13,7.42,3.0,3.0,7.69,11.13,0.0,0.0,0.0,0.0,2.0,2.0,5.13,7.42,1.0,1.0,2.56,3.71,0.0,0.0,0.0,0.0,28.21,48.72,-20.51,96.49,-8.0,-8.0,-20.51,9.7,9.7,0.37,0.35,0.36,0.25,0.0,0.11,0.6,0.14,0.77,0.55,0.0,5.13,0.03,0.0,0.13
3,桃園台啤永豐雲豹,54|57|68,高錦瑋/莊博元/克羅馬,1,108,129.0,1693.39,28.22,28:13,1693.39,28.22,28:13,55.0,55.0,42.64,70.16,49.0,49.0,37.98,62.5,52.0,52.0,40.31,66.33,23.0,23.0,17.83,29.34,40.0,40.0,31.01,51.02,18.0,18.0,13.95,22.96,12.0,12.0,9.3,15.31,5.0,5.0,3.88,6.38,9.0,9.0,6.98,11.48,4.0,4.0,3.1,5.1,9.0,9.0,6.98,11.48,23.0,23.0,17.83,29.34,8.0,8.0,6.2,10.2,20.0,20.0,15.5,25.51,7.0,7.0,5.43,8.93,12.0,12.0,9.3,15.31,3.0,3.0,2.33,3.83,5.0,5.0,3.88,6.38,8.0,8.0,6.2,10.2,12.0,12.0,9.3,15.31,42.64,37.98,4.65,109.7,6.0,6.0,4.65,28.22,28.22,0.49,0.49,0.45,0.42,0.44,0.11,0.52,0.31,0.74,0.53,2.33,3.88,0.06,9.3,0.17
3,桃園台啤永豐雲豹,54|57|3129,高錦瑋/莊博元/董永全,1,37,46.0,653.0,10.88,10:53,653.0,10.88,10:53,13.0,13.0,28.26,43.0,19.0,19.0,41.3,62.85,21.0,21.0,45.65,69.46,6.0,6.0,13.04,19.85,14.0,14.0,30.43,46.31,5.0,5.0,10.87,16.54,7.0,7.0,15.22,23.15,1.0,1.0,2.17,3.31,2.0,2.0,4.35,6.62,0.0,0.0,0.0,0.0,5.0,5.0,10.87,16.54,11.0,11.0,23.91,36.39,3.0,3.0,6.52,9.92,7.0,7.0,15.22,23.15,2.0,2.0,4.35,6.62,3.0,3.0,6.52,9.92,0.0,0.0,0.0,0.0,2.0,2.0,4.35,6.62,1.0,1.0,2.17,3.31,0.0,0.0,0.0,0.0,28.26,41.3,-13.04,101.44,-6.0,-6.0,-13.04,10.88,10.88,0.31,0.3,0.36,0.14,0.0,0.08,0.5,0.42,0.79,0.62,0.0,4.35,0.02,0.0,0.1
3,桃園台啤永豐雲豹,54|68|3129,高錦瑋/克羅馬/董永全,1,37,46.0,653.0,10.88,10:53,653.0,10.88,10:53,13.0,13.0,28.26,43.0,19.0,19.0,41.3,62.85,21.0,21.0,45.65,69.46,6.0,6.0,13.04,19.85,14.0,14.0,30.43,46.31,5.0,5.0,10.87,16.54,7.0,7.0,15.22,23.15,1.0,1.0,2.17,3.31,2.0,2.0,4.35,6.62,0.0,0.0,0.0,0.0,5.0,5.0,10.87,16.54,11.0,11.0,23.91,36.39,3.0,3.0,6.52,9.92,7.0,7.0,15.22,23.15,2.0,2.0,4.35,6.62,3.0,3.0,6.52,9.92,0.0,0.0,0.0,0.0,2.0,2.0,4.35,6.62,1.0,1.0,2.17,3.31,0.0,0.0,0.0,0.0,28.26,41.3,-13.04,101.44,-6.0,-6.0,-13.04,10.88,10.88,0.31,0.3,0.36,0.14,0.0,0.08,0.5,0.42,0.79,0.62,0.0,4.35,0.02,0.0,0.1
3,桃園台啤永豐雲豹,57|68|3129,莊博元/克羅馬/董永全,1,37,46.0,653.0,10.88,10:53,653.0,10.88,10:53,13.0,13.0,28.26,43.0,19.0,19.0,41.3,62.85,21.0,21.0,45.65,69.46,6.0,6.0,13.04,19.85,14.0,14.0,30.43,46.31,5.0,5.0,10.87,16.54,7.0,7.0,15.22,23.15,1.0,1.0,2.17,3.31,2.0,2.0,4.35,6.62,0.0,0.0,0.0,0.0,5.0,5.0,10.87,16.54,11.0,11.0,23.91,36.39,3.0,3.0,6.52,9.92,7.0,7.0,15.22,23.15,2.0,2.0,4.35,6.62,3.0,3.0,6.52,9.92,0.0,0.0,0.0,0.0,2.0,2.0,4.35,6.62,1.0,1.0,2.17,3.31,0.0,0.0,0.0,0.0,28.26,41.3,-13.04,101.44,-6.0,-6.0,-13.04,10.88,10.88,0.31,0.3,0.36,0.14,0.0,0.08,0.5,0.42,0.79,0.62,0.0,4.35,0.02,0.0,0.1
3,新竹御嵿攻城獅,75|76|10885,高國豪/曾柏喻/劉丞勳,1,74,94.0,1300.83,21.68,21:41,1300.83,21.68,21:41,37.0,37.0,39.36,61.44,34.0,34.0,36.17,56.46,35.0,35.0,37.23,58.12,13.0,13.0,13.83,21.59,25.0,25.0,26.6,41.51,9.0,9.0,9.57,14.94,10.0,10.0,10.64,16.6,4.0,4.0,4.26,6.64,7.0,7.0,7.45,11.62,7.0,7.0,7.45,11.62,7.0,7.0,7.45,11.62,15.0,15.0,15.96,24.91,10.0,10.0,10.64,16.6,18.0,18.0,19.15,29.89,8.0,8.0,8.51,13.28,10.0,10.0,10.64,16.6,5.0,5.0,5.32,8.3,3.0,3.0,3.19,4.98,5.0,5.0,5.32,8.3,7.0,7.0,7.45,11.62,39.36,36.17,3.19,104.06,3.0,3.0,3.19,21.68,21.68,0.43,0.49,0.36,0.4,1.0,0.17,0.77,0.28,0.6,0.44,5.32,3.19,0.05,7.45,0.2
3,新竹御嵿攻城獅,75|76|10887,高國豪/曾柏喻/德魯,1,88,108.0,1516.83,25.28,25:17,1516.83,25.28,25:17,44.0,44.0,40.74,62.66,43.0,43.0,39.81,61.23,40.0,40.0,37.04,56.96,16.0,16.0,14.81,22.78,27.0,27.0,25.0,38.45,11.0,11.0,10.19,15.66,13.0,13.0,12.04,18.51,5.0,5.0,4.63,7.12,7.0,7.0,6.48,9.97,7.0,7.0,6.48,9.97,7.0,7.0,6.48,9.97,17.0,17.0,15.74,24.21,10.0,10.0,9.26,14.24,19.0,19.0,17.59,27.06,10.0,10.0,9.26,14.24,13.0,13.0,12.04,18.51,7.0,7.0,6.48,9.97,3.0,3.0,2.78,4.27,6.0,6.0,5.56,8.54,7.0,7.0,6.48,9.97,40.74,39.81,0.93,102.53,1.0,1.0,0.93,25.28,25.28,0.46,0.51,0.41,0.38,1.0,0.19,0.81,0.27,0.63,0.45,6.48,2.78,0.06,6.48,0.18
3,新竹御嵿攻城獅,75|76|10888,高國豪/曾柏喻/帕塞獅,1,29,35.0,529.0,8.82,08:49,529.0,8.82,08:49,14.0,14.0,40.0,57.16,10.0,10.0,28.57,40.83,14.0,14.0,40.0,57.16,6.0,6.0,17.14,24.5,10.0,10.0,28.57,40.83,4.0,4.0,11.43,16.33,4.0,4.0,11.43,16.33,2.0,2.0,5.71,8.17,0.0,0.0,0.0,0.0,0.0,0.0,0.0,0.0,1.0,1.0,2.86,4.08,7.0,7.0,20.0,28.58,4.0,4.0,11.43,16.33,8.0,8.0,22.86,32.67,3.0,3.0,8.57,12.25,4.0,4.0,11.43,16.33,1.0,1.0,2.86,4.08,0.0,0.0,0.0,0.0,0.0,0.0,0.0,0.0,3.0,3.0,8.57,12.25,40.0,28.57,11.43,95.27,4.0,4.0,11.43,8.82,8.82,0.5,0.5,0.4,0.5,,0.18,0.67,0.11,0.64,0.4,2.86,0.0,0.0,8.57,0.0
3,新竹御嵿攻城獅,75|10885|10887,高國豪/劉丞勳/德魯,1,79,101.0,1353.83,22.56,22:34,1353.83,22.56,22:34,38.0,38.0,37.62,60.63,36.0,36.0,35.64,57.44,37.0,37.0,36.63,59.03,13.0,13.0,12.87,20.74,25.0,25.0,24.75,39.89,9.0,9.0,8.91,14.36,12.0,12.0,11.88,19.15,4.0,4.0,3.96,6.38,7.0,7.0,6.93,11.17,7.0,7.0,6.93,11.17,8.0,8.0,7.92,12.76,16.0,16.0,15.84,25.53,10.0,10.0,9.9,15.95,18.0,18.0,17.82,28.72,9.0,9.0,8.91,14.36,10.0,10.0,9.9,15.95,6.0,6.0,5.94,9.57,3.0,3.0,2.97,4.79,5.0,5.0,4.95,7.98,9.0,9.0,8.91,14.36,37.62,35.64,1.98,107.43,2.0,2.0,1.98,22.56,22.56,0.41,0.47,0.36,0.33,1.0,0.18,0.77,0.31,0.62,0.46,5.94,2.97,0.05,8.91,0.19
3,新竹御嵿攻城獅,75|10885|10888,高國豪/劉丞勳/帕塞獅,1,29,35.0,529.0,8.82,08:49,529.0,8.82,08:49,14.0,14.0,40.0,57.16,10.0,10.0,28.57,40.83,14.0,14.0,40.0,57.16,6.0,6.0,17.14,24.5,10.0,10.0,28.57,40.83,4.0,4.0,11.43,16.33,4.0,4.0,11.43,16.33,2.0,2.0,5.71,8.17,0.0,0.0,0.0,0.0,0.0,0.0,0.0,0.0,1.0,1.0,2.86,4.08,7.0,7.0,20.0,28.58,4.0,4.0,11.43,16.33,8.0,8.0,22.86,32.67,3.0,3.0,8.57,12.25,4.0,4.0,11.43,16.33,1.0,1.0,2.86,4.08,0.0,0.0,0.0,0.0,0.0,0.0,0.0,0.0,3.0,3.0,8.57,12.25,40.0,28.57,11.43,95.27,4.0,4.0,11.43,8.82,8.82,0.5,0.5,0.4,0.5,,0.18,0.67,0.11,0.64,0.4,2.86,0.0,0.0,8.57,0.0
3,新竹御嵿攻城獅,75|10887|10888,高國豪/德魯/帕塞獅,1,29,35.0,529.0,8.82,08:49,529.0,8.82,08:49,14.0,14.0,40.0,57.16,10.0,10.0,28.57,40.83,14.0,14.0,40.0,57.16,6.0,6.0,17.14,24.5,10.0,10.0,28.57,40.83,4.0,4.0,11.43,16.33,4.0,4.0,11.43,16.33,2.0,2.0,5.71,8.17,0.0,0.0,0.0,0.0,0.0,0.0,0.0,0.0,1.0,1.0,2.86,4.08,7.0,7.0,20.0,28.58,4.0,4.0,11.43,16.33,8.0,8.0,22.86,32.67,3.0,3.0,8.57,12.25,4.0,4.0,11.43,16.33,1.0,1.0,2.86,4.08,0.0,0.0,0.0,0.0,0.0,0.0,0.0,0.0,3.0,3.0,8.57,12.25,40.0,28.57,11.43,95.27,4.0,4.0,11.43,8.82,8.82,0.5,0.5,0.4,0.5,,0.18,0.67,0.11,0.64,0.4,2.86,0.0,0.0,8.57,0.0
3,新竹御嵿攻城獅,76|10885|10887,曾柏喻/劉丞勳/德魯,1,97,119.0,1603.22,26.72,26:43,1603.22,26.72,26:43,45.0,45.0,37.82,60.63,47.0,47.0,39.5,63.32,42.0,42.0,35.29,56.59,16.0,16.0,13.45,21.56,29.0,29.0,24.37,39.07,11.0,11.0,9.24,14.82,13.0,13.0,10.92,17.51,5.0,5.0,4.2,6.74,9.0,9.0,7.56,12.13,8.0,8.0,6.72,10.78,8.0,8.0,6.72,10.78,18.0,18.0,15.13,24.25,10.0,10.0,8.4,13.47,23.0,23.0,19.33,30.99,12.0,12.0,10.08,16.17,13.0,13.0,10.92,17.51,6.0,6.0,5.04,8.08,3.0,3.0,2.52,4.04,7.0,7.0,5.88,9.43,9.0,9.0,7.56,12.13,37.82,39.5,-1.68,106.88,-2.0,-2.0,-1.68,26.72,26.72,0.44,0.49,0.38,0.38,0.89,0.21,0.81,0.26,0.64,0.44,5.04,2.52,0.06,7.56,0.21
3,新竹御嵿攻城獅,76|10885|10888,曾柏喻/劉丞勳/帕塞獅,1,46,54.0,769.98,12.83,12:50,769.98,12.83,12:50,22.0,22.0,40.74,61.72,18.0,18.0,33.33,50.49,20.0,20.0,37.04,56.11,9.0,9.0,16.67,25.25,13.0,13.0,24.07,36.47,6.0,6.0,11.11,16.83,7.0,7.0,12.96,19.64,3.0,3.0,5.56,8.42,2.0,2.0,3.7,5.61,1.0,1.0,1.85,2.81,2.0,2.0,3.7,5.61,9.0,9.0,16.67,25.25,4.0,4.0,7.41,11.22,13.0,13.0,24.07,36.47,5.0,5.0,9.26,14.03,7.0,7.0,12.96,19.64,2.0,2.0,3.7,5.61,0.0,0.0,0.0,0.0,2.0,2.0,3.7,5.61,4.0,4.0,7.41,11.22,40.74,33.33,7.41,100.99,4.0,4.0,7.41,12.83,12.83,0.52,0.53,0.46,0.43,0.5,0.19,0.78,0.13,0.69,0.39,3.7,0.0,0.04,7.41,0.1
3,新竹御嵿攻城獅,76|10887|10888,曾柏喻/德魯/帕塞獅,1,46,54.0,769.98,12.83,12:50,769.98,12.83,12:50,22.0,22.0,40.74,61.72,18.0,18.0,33.33,50.49,20.0,20.0,37.04,56.11,9.0,9.0,16.67,25.25,13.0,13.0,24.07,36.47,6.0,6.0,11.11,16.83,7.0,7.0,12.96,19.64,3.0,3.0,5.56,8.42,2.0,2.0,3.7,5.61,1.0,1.0,1.85,2.81,2.0,2.0,3.7,5.61,9.0,9.0,16.67,25.25,4.0,4.0,7.41,11.22,13.0,13.0,24.07,36.47,5.0,5.0,9.26,14.03,7.0,7.0,12.96,19.64,2.0,2.0,3.7,5.61,0.0,0.0,0.0,0.0,2.0,2.0,3.7,5.61,4.0,4.0,7.41,11.22,40.74,33.33,7.41,100.99,4.0,4.0,7.41,12.83,12.83,0.52,0.53,0.46,0.43,0.5,0.19,0.78,0.13,0.69,0.39,3.7,0.0,0.04,7.41,0.1
3,新竹御嵿攻城獅,10885|10887|10888,劉丞勳/德魯/帕塞獅,1,67,76.0,998.06,16.63,16:38,998.06,16.63,16:38,34.0,34.0,44.74,73.58,28.0,28.0,36.84,60.6,26.0,26.0,34.21,56.27,13.0,13.0,17.11,28.13,17.0,17.0,22.37,36.79,9.0,9.0,11.84,19.48,9.0,9.0,11.84,19.48,4.0,4.0,5.26,8.66,7.0,7.0,9.21,15.15,4.0,4.0,5.26,8.66,3.0,3.0,3.95,6.49,11.0,11.0,14.47,23.81,4.0,4.0,5.26,8.66,17.0,17.0,22.37,36.79,7.0,7.0,9.21,15.15,10.0,10.0,13.16,21.64,2.0,2.0,2.63,4.33,0.0,0.0,0.0,0.0,5.0,5.0,6.58,10.82,5.0,5.0,6.58,10.82,44.74,36.84,7.89,109.65,6.0,6.0,7.89,16.63,16.63,0.58,0.58,0.53,0.44,0.57,0.19,0.77,0.15,0.73,0.4,2.63,0.0,0.07,6.58,0.27
3,新竹御嵿攻城獅,75|76|10862,高國豪/曾柏喻/提傑,1,59,73.0,982.38,16.37,16:22,982.38,16.37,16:22,30.0,30.0,41.1,65.96,33.0,33.0,45.21,72.56,26.0,26.0,35.62,57.17,10.0,10.0,13.7,21.99,17.0,17.0,23.29,37.38,7.0,7.0,9.59,15.39,9.0,9.0,12.33,19.79,3.0,3.0,4.11,6.6,7.0,7.0,9.59,15.39,7.0,7.0,9.59,15.39,6.0,6.0,8.22,13.19,10.0,10.0,13.7,21.99,6.0,6.0,8.22,13.19,11.0,11.0,15.07,24.19,7.0,7.0,9.59,15.39,9.0,9.0,12.33,19.79,6.0,6.0,8.22,13.19,3.0,3.0,4.11,6.6,5.0,5.0,6.85,10.99,4.0,4.0,5.48,8.79,41.1,45.21,-4.11,107.01,-3.0,-3.0,-4.11,16.37,16.37,0.44,0.52,0.41,0.33,1.0,0.19,0.9,0.35,0.62,0.48,8.22,4.11,0.07,5.48,0.27
3,新竹御嵿攻城獅,75|10862|10885,高國豪/提傑/劉丞勳,1,50,66.0,819.38,13.66,13:39,819.38,13.66,13:39,24.0,24.0,36.36,63.27,26.0,26.0,39.39,68.54,23.0,23.0,34.85,60.63,7.0,7.0,10.61,18.45,15.0,15.0,22.73,39.54,5.0,5.0,7.58,13.18,8.0,8.0,12.12,21.09,2.0,2.0,3.03,5.27,7.0,7.0,10.61,18.45,7.0,7.0,10.61,18.45,7.0,7.0,10.61,18.45,9.0,9.0,13.64,23.73,6.0,6.0,9.09,15.82,10.0,10.0,15.15,26.36,6.0,6.0,9.09,15.82,6.0,6.0,9.09,15.82,5.0,5.0,7.58,13.18,3.0,3.0,4.55,7.91,4.0,4.0,6.06,10.54,6.0,6.0,9.09,15.82,36.36,39.39,-3.03,115.99,-2.0,-2.0,-3.03,13.66,13.66,0.35,0.46,0.33,0.25,1.0,0.19,0.86,0.41,0.6,0.5,7.58,4.55,0.06,9.09,0.3
3,新竹御嵿攻城獅,75|10862|10887,高國豪/提傑/德魯,1,67,84.0,1078.21,17.97,17:58,1078.21,17.97,17:58,31.0,31.0,36.9,62.1,36.0,36.0,42.86,72.12,29.0,29.0,34.52,58.1,10.0,10.0,11.9,20.03,18.0,18.0,21.43,36.06,7.0,7.0,8.33,14.02,11.0,11.0,13.1,22.04,3.0,3.0,3.57,6.01,9.0,9.0,10.71,18.03,8.0,8.0,9.52,16.03,7.0,7.0,8.33,14.02,13.0,13.0,15.48,26.04,7.0,7.0,8.33,14.02,12.0,12.0,14.29,24.04,8.0,8.0,9.52,16.03,9.0,9.0,10.71,18.03,7.0,7.0,8.33,14.02,3.0,3.0,3.57,6.01,6.0,6.0,7.14,12.02,6.0,6.0,7.14,12.02,36.9,42.86,-5.95,112.19,-5.0,-5.0,-5.95,17.97,17.97,0.4,0.47,0.39,0.27,0.89,0.2,0.9,0.37,0.65,0.51,8.33,3.57,0.07,7.14,0.31
3,新竹御嵿攻城獅,76|10862|10885,曾柏喻/提傑/劉丞勳,1,51,65.0,827.8,13.8,13:48,827.8,13.8,13:48,23.0,23.0,35.38,60.01,29.0,29.0,44.62,75.67,22.0,22.0,33.85,57.41,7.0,7.0,10.77,18.27,16.0,16.0,24.62,41.75,5.0,5.0,7.69,13.05,6.0,6.0,9.23,15.66,2.0,2.0,3.08,5.22,7.0,7.0,10.77,18.27,7.0,7.0,10.77,18.27,6.0,6.0,9.23,15.66,9.0,9.0,13.85,23.48,6.0,6.0,9.23,15.66,10.0,10.0,15.38,26.09,7.0,7.0,10.77,18.27,6.0,6.0,9.23,15.66,4.0,4.0,6.15,10.44,3.0,3.0,4.62,7.83,4.0,4.0,6.15,10.44,5.0,5.0,7.69,13.05,35.38,44.62,-9.23,113.07,-6.0,-6.0,-9.23,13.8,13.8,0.36,0.46,0.31,0.33,1.0,0.22,0.86,0.38,0.6,0.48,6.15,4.62,0.06,7.69,0.32
3,新竹御嵿攻城獅,76|10862|10887,曾柏喻/提傑/德魯,1,65,79.0,1043.8,17.4,17:24,1043.8,17.4,17:24,30.0,30.0,37.97,62.08,38.0,38.0,48.1,78.64,27.0,27.0,34.18,55.87,10.0,10.0,12.66,20.69,18.0,18.0,22.78,37.25,7.0,7.0,8.86,14.49,9.0,9.0,11.39,18.62,3.0,3.0,3.8,6.21,7.0,7.0,8.86,14.49,7.0,7.0,8.86,14.49,6.0,6.0,7.59,12.42,11.0,11.0,13.92,22.76,6.0,6.0,7.59,12.42,11.0,11.0,13.92,22.76,9.0,9.0,11.39,18.62,9.0,9.0,11.39,18.62,6.0,6.0,7.59,12.42,3.0,3.0,3.8,6.21,5.0,5.0,6.33,10.35,5.0,5.0,6.33,10.35,37.97,48.1,-10.13,108.99,-8.0,-8.0,-10.13,17.4,17.4,0.43,0.5,0.39,0.33,1.0,0.23,0.9,0.35,0.65,0.5,7.59,3.8,0.06,6.33,0.26
3,新竹御嵿攻城獅,10862|10885|10887,提傑/劉丞勳/德魯,1,56,72.0,880.8,14.68,14:41,880.8,14.68,14:41,24.0,24.0,33.33,58.86,31.0,31.0,43.06,76.02,24.0,24.0,33.33,58.86,7.0,7.0,9.72,17.17,16.0,16.0,22.22,39.24,5.0,5.0,6.94,12.26,8.0,8.0,11.11,19.62,2.0,2.0,2.78,4.9,7.0,7.0,9.72,17.17,7.0,7.0,9.72,17.17,7.0,7.0,9.72,17.17,10.0,10.0,13.89,24.52,6.0,6.0,8.33,14.71,10.0,10.0,13.89,24.52,8.0,8.0,11.11,19.62,6.0,6.0,8.33,14.71,5.0,5.0,6.94,12.26,3.0,3.0,4.17,7.36,4.0,4.0,5.56,9.81,7.0,7.0,9.72,17.17,33.33,43.06,-9.72,117.71,-7.0,-7.0,-9.72,14.68,14.68,0.33,0.44,0.31,0.25,1.0,0.23,0.86,0.41,0.62,0.52,6.94,4.17,0.06,9.72,0.29
3,新竹御嵿攻城獅,75|76|87,高國豪/曾柏喻/蔡宸綱,1,14,14.0,221.45,3.69,03:41,221.45,3.69,03:41,7.0,7.0,50.0,68.28,9.0,9.0,64.29,87.79,5.0,5.0,35.71,48.77,3.0,3.0,21.43,29.26,2.0,2.0,14.29,19.51,2.0,2.0,14.29,19.51,3.0,3.0,21.43,29.26,1.0,1.0,7.14,9.75,0.0,0.0,0.0,0.0,0.0,0.0,0.0,0.0,0.0,0.0,0.0,0.0,2.0,2.0,14.29,19.51,0.0,0.0,0.0,0.0,1.0,1.0,7.14,9.75,2.0,2.0,14.29,19.51,3.0,3.0,21.43,29.26,2.0,2.0,14.29,19.51,0.0,0.0,0.0,0.0,2.0,2.0,14.29,19.51,0.0,0.0,0.0,0.0,50.0,64.29,-14.29,91.04,-2.0,-2.0,-14.29,3.69,3.69,0.7,0.7,1.0,0.33,,0.29,1.0,0.0,1.0,0.67,14.29,0.0,0.14,0.0,0.0
3,新竹御嵿攻城獅,75|87|10862,高國豪/蔡宸綱/提傑,1,28,30.0,481.39,8.02,08:01,481.39,8.02,08:01,17.0,17.0,56.67,76.28,18.0,18.0,60.0,80.77,11.0,11.0,36.67,49.36,7.0,7.0,23.33,31.41,4.0,4.0,13.33,17.95,4.0,4.0,13.33,17.95,7.0,7.0,23.33,31.41,3.0,3.0,10.0,13.46,0.0,0.0,0.0,0.0,0.0,0.0,0.0,0.0,0.0,0.0,0.0,0.0,3.0,3.0,10.0,13.46,1.0,1.0,3.33,4.49,4.0,4.0,13.33,17.95,3.0,3.0,10.0,13.46,6.0,6.0,20.0,26.92,3.0,3.0,10.0,13.46,0.0,0.0,0.0,0.0,2.0,2.0,6.67,8.97,3.0,3.0,10.0,13.46,56.67,60.0,-3.33,89.74,-1.0,-1.0,-3.33,8.02,8.02,0.77,0.77,1.0,0.43,,0.21,0.86,0.0,0.75,0.38,10.0,0.0,0.07,10.0,0.0
3,新竹御嵿攻城獅,75|87|10887,高國豪/蔡宸綱/德魯,1,14,14.0,221.45,3.69,03:41,221.45,3.69,03:41,7.0,7.0,50.0,68.28,9.0,9.0,64.29,87.79,5.0,5.0,35.71,48.77,3.0,3.0,21.43,29.26,2.0,2.0,14.29,19.51,2.0,2.0,14.29,19.51,3.0,3.0,21.43,29.26,1.0,1.0,7.14,9.75,0.0,0.0,0.0,0.0,0.0,0.0,0.0,0.0,0.0,0.0,0.0,0.0,2.0,2.0,14.29,19.51,0.0,0.0,0.0,0.0,1.0,1.0,7.14,9.75,2.0,2.0,14.29,19.51,3.0,3.0,21.43,29.26,2.0,2.0,14.29,19.51,0.0,0.0,0.0,0.0,2.0,2.0,14.29,19.51,0.0,0.0,0.0,0.0,50.0,64.29,-14.29,91.04,-2.0,-2.0,-14.29,3.69,3.69,0.7,0.7,1.0,0.33,,0.29,1.0,0.0,1.0,0.67,14.29,0.0,0.14,0.0,0.0
3,新竹御嵿攻城獅,76|87|10862,曾柏喻/蔡宸綱/提傑,1,14,14.0,216.0,3.6,03:36,216.0,3.6,03:36,7.0,7.0,50.0,70.0,9.0,9.0,64.29,90.0,5.0,5.0,35.71,50.0,3.0,3.0,21.43,30.0,2.0,2.0,14.29,20.0,2.0,2.0,14.29,20.0,3.0,3.0,21.43,30.0,1.0,1.0,7.14,10.0,0.0,0.0,0.0,0.0,0.0,0.0,0.0,0.0,0.0,0.0,0.0,0.0,2.0,2.0,14.29,20.0,0.0,0.0,0.0,0.0,1.0,1.0,7.14,10.0,2.0,2.0,14.29,20.0,3.0,3.0,21.43,30.0,2.0,2.0,14.29,20.0,0.0,0.0,0.0,0.0,1.0,1.0,7.14,10.0,0.0,0.0,0.0,0.0,50.0,64.29,-14.29,93.33,-2.0,-2.0,-14.29,3.6,3.6,0.7,0.7,1.0,0.33,,0.29,1.0,0.0,1.0,0.67,14.29,0.0,0.07,0.0,0.0
3,新竹御嵿攻城獅,76|87|10887,曾柏喻/蔡宸綱/德魯,1,14,14.0,221.45,3.69,03:41,221.45,3.69,03:41,7.0,7.0,50.0,68.28,9.0,9.0,64.29,87.79,5.0,5.0,35.71,48.77,3.0,3.0,21.43,29.26,2.0,2.0,14.29,19.51,2.0,2.0,14.29,19.51,3.0,3.0,21.43,29.26,1.0,1.0,7.14,9.75,0.0,0.0,0.0,0.0,0.0,0.0,0.0,0.0,0.0,0.0,0.0,0.0,2.0,2.0,14.29,19.51,0.0,0.0,0.0,0.0,1.0,1.0,7.14,9.75,2.0,2.0,14.29,19.51,3.0,3.0,21.43,29.26,2.0,2.0,14.29,19.51,0.0,0.0,0.0,0.0,2.0,2.0,14.29,19.51,0.0,0.0,0.0,0.0,50.0,64.29,-14.29,91.04,-2.0,-2.0,-14.29,3.69,3.69,0.7,0.7,1.0,0.33,,0.29,1.0,0.0,1.0,0.67,14.29,0.0,0.14,0.0,0.0
3,新竹御嵿攻城獅,87|10862|10887,蔡宸綱/提傑/德魯,1,14,14.0,216.0,3.6,03:36,216.0,3.6,03:36,7.0,7.0,50.0,70.0,9.0,9.0,64.29,90.0,5.0,5.0,35.71,50.0,3.0,3.0,21.43,30.0,2.0,2.0,14.29,20.0,2.0,2.0,14.29,20.0,3.0,3.0,21.43,30.0,1.0,1.0,7.14,10.0,0.0,0.0,0.0,0.0,0.0,0.0,0.0,0.0,0.0,0.0,0.0,0.0,2.0,2.0,14.29,20.0,0.0,0.0,0.0,0.0,1.0,1.0,7.14,10.0,2.0,2.0,14.29,20.0,3.0,3.0,21.43,30.0,2.0,2.0,14.29,20.0,0.0,0.0,0.0,0.0,1.0,1.0,7.14,10.0,0.0,0.0,0.0,0.0,50.0,64.29,-14.29,93.33,-2.0,-2.0,-14.29,3.6,3.6,0.7,0.7,1.0,0.33,,0.29,1.0,0.0,1.0,0.67,14.29,0.0,0.07,0.0,0.0
3,桃園台啤永豐雲豹,54|57|58,高錦瑋/莊博元/林信寬,1,49,57.0,731.97,12.2,12:12,731.97,12.2,12:12,26.0,26.0,45.61,76.72,24.0,24.0,42.11,70.82,20.0,20.0,35.09,59.02,11.0,11.0,19.3,32.46,16.0,16.0,28.07,47.22,8.0,8.0,14.04,23.61,4.0,4.0,7.02,11.8,3.0,3.0,5.26,8.85,3.0,3.0,5.26,8.85,1.0,1.0,1.75,2.95,0.0,0.0,0.0,0.0,10.0,10.0,17.54,29.51,5.0,5.0,8.77,14.75,8.0,8.0,14.04,23.61,3.0,3.0,5.26,8.85,6.0,6.0,10.53,17.71,3.0,3.0,5.26,8.85,1.0,1.0,1.75,2.95,3.0,3.0,5.26,8.85,10.0,10.0,17.54,29.51,45.61,42.11,3.51,112.14,2.0,2.0,3.51,12.2,12.2,0.62,0.61,0.5,0.75,0.33,0.12,0.55,0.0,0.67,0.43,5.26,1.75,0.05,17.54,0.15
3,桃園台啤永豐雲豹,54|57|10861,高錦瑋/莊博元/迪亞洛,1,40,47.0,557.96,9.3,09:18,557.96,9.3,09:18,24.0,24.0,51.06,92.91,12.0,12.0,25.53,46.45,21.0,21.0,44.68,81.3,10.0,10.0,21.28,38.71,14.0,14.0,29.79,54.2,8.0,8.0,17.02,30.97,7.0,7.0,14.89,27.1,2.0,2.0,4.26,7.74,2.0,2.0,4.26,7.74,2.0,2.0,4.26,7.74,6.0,6.0,12.77,23.23,5.0,5.0,10.64,19.36,1.0,1.0,2.13,3.87,8.0,8.0,17.02,30.97,4.0,4.0,8.51,15.48,7.0,7.0,14.89,27.1,3.0,3.0,6.38,11.61,0.0,0.0,0.0,0.0,2.0,2.0,4.26,7.74,5.0,5.0,10.64,19.36,51.06,25.53,25.53,121.3,12.0,12.0,25.53,9.3,9.3,0.52,0.55,0.57,0.29,1.0,0.15,0.7,0.43,0.83,0.55,6.38,0.0,0.04,10.64,0.1
3,桃園台啤永豐雲豹,54|58|68,高錦瑋/林信寬/克羅馬,1,49,57.0,731.97,12.2,12:12,731.97,12.2,12:12,26.0,26.0,45.61,76.72,24.0,24.0,42.11,70.82,20.0,20.0,35.09,59.02,11.0,11.0,19.3,32.46,16.0,16.0,28.07,47.22,8.0,8.0,14.04,23.61,4.0,4.0,7.02,11.8,3.0,3.0,5.26,8.85,3.0,3.0,5.26,8.85,1.0,1.0,1.75,2.95,0.0,0.0,0.0,0.0,10.0,10.0,17.54,29.51,5.0,5.0,8.77,14.75,8.0,8.0,14.04,23.61,3.0,3.0,5.26,8.85,6.0,6.0,10.53,17.71,3.0,3.0,5.26,8.85,1.0,1.0,1.75,2.95,3.0,3.0,5.26,8.85,10.0,10.0,17.54,29.51,45.61,42.11,3.51,112.14,2.0,2.0,3.51,12.2,12.2,0.62,0.61,0.5,0.75,0.33,0.12,0.55,0.0,0.67,0.43,5.26,1.75,0.05,17.54,0.15
3,桃園台啤永豐雲豹,54|58|10861,高錦瑋/林信寬/迪亞洛,1,25,27.0,379.1,6.32,06:19,379.1,6.32,06:19,10.0,10.0,37.04,56.98,16.0,16.0,59.26,91.16,9.0,9.0,33.33,51.28,4.0,4.0,14.81,22.79,7.0,7.0,25.93,39.88,3.0,3.0,11.11,17.09,2.0,2.0,7.41,11.4,1.0,1.0,3.7,5.7,1.0,1.0,3.7,5.7,1.0,1.0,3.7,5.7,0.0,0.0,0.0,0.0,5.0,5.0,18.52,28.49,2.0,2.0,7.41,11.4,5.0,5.0,18.52,28.49,3.0,3.0,11.11,17.09,4.0,4.0,14.81,22.79,3.0,3.0,11.11,17.09,0.0,0.0,0.0,0.0,1.0,1.0,3.7,5.7,5.0,5.0,18.52,28.49,37.04,59.26,-22.22,102.56,-6.0,-6.0,-22.22,6.32,6.32,0.5,0.53,0.43,0.5,1.0,0.24,1.0,0.0,0.71,0.42,11.11,0.0,0.04,18.52,0.11
3,桃園台啤永豐雲豹,54|68|10861,高錦瑋/克羅馬/迪亞洛,1,34,40.0,460.52,7.68,07:41,460.52,7.68,07:41,20.0,20.0,50.0,93.81,10.0,10.0,25.0,46.9,18.0,18.0,45.0,84.43,8.0,8.0,20.0,37.52,12.0,12.0,30.0,56.28,6.0,6.0,15.0,28.14,6.0,6.0,15.0,28.14,2.0,2.0,5.0,9.38,2.0,2.0,5.0,9.38,2.0,2.0,5.0,9.38,5.0,5.0,12.5,23.45,5.0,5.0,12.5,23.45,1.0,1.0,2.5,4.69,8.0,8.0,20.0,37.52,3.0,3.0,7.5,14.07,6.0,6.0,15.0,28.14,2.0,2.0,5.0,9.38,0.0,0.0,0.0,0.0,2.0,2.0,5.0,9.38,5.0,5.0,12.5,23.45,50.0,25.0,25.0,125.08,10.0,10.0,25.0,7.68,7.68,0.5,0.53,0.5,0.33,1.0,0.14,0.75,0.38,0.83,0.53,5.0,0.0,0.05,12.5,0.11
3,桃園台啤永豐雲豹,57|58|68,莊博元/林信寬/克羅馬,1,88,102.0,1250.31,20.84,20:50,1250.31,20.84,20:50,43.0,43.0,42.16,74.29,38.0,38.0,37.25,65.65,34.0,34.0,33.33,58.74,17.0,17.0,16.67,29.37,26.0,26.0,25.49,44.92,13.0,13.0,12.75,22.46,8.0,8.0,7.84,13.82,4.0,4.0,3.92,6.91,10.0,10.0,9.8,17.28,5.0,5.0,4.9,8.64,2.0,2.0,1.96,3.46,17.0,17.0,16.67,29.37,7.0,7.0,6.86,12.09,16.0,16.0,15.69,27.64,9.0,9.0,8.82,15.55,13.0,13.0,12.75,22.46,8.0,8.0,7.84,13.82,2.0,2.0,1.96,3.46,8.0,8.0,7.84,13.82,14.0,14.0,13.73,24.19,42.16,37.25,4.9,117.47,5.0,5.0,4.9,20.84,20.84,0.56,0.56,0.5,0.5,0.5,0.19,0.76,0.11,0.71,0.45,7.84,1.96,0.08,13.73,0.29
3,桃園台啤永豐雲豹,57|58|10861,莊博元/林信寬/迪亞洛,1,57,65.0,758.67,12.64,12:39,758.67,12.64,12:39,25.0,25.0,38.46,71.18,18.0,18.0,27.69,51.25,21.0,21.0,32.31,59.79,9.0,9.0,13.85,25.62,17.0,17.0,26.15,48.4,7.0,7.0,10.77,19.93,4.0,4.0,6.15,11.39,2.0,2.0,3.08,5.69,8.0,8.0,12.31,22.78,5.0,5.0,7.69,14.24,3.0,3.0,4.62,8.54,10.0,10.0,15.38,28.47,3.0,3.0,4.62,8.54,13.0,13.0,20.0,37.01,8.0,8.0,12.31,22.78,9.0,9.0,13.85,25.62,6.0,6.0,9.23,17.08,1.0,1.0,1.54,2.85,5.0,5.0,7.69,14.24,5.0,5.0,7.69,14.24,38.46,27.69,10.77,123.37,7.0,7.0,10.77,12.64,12.64,0.48,0.51,0.41,0.5,0.62,0.25,1.0,0.19,0.77,0.45,9.23,1.54,0.08,7.69,0.38
3,桃園台啤永豐雲豹,57|68|10861,莊博元/克羅馬/迪亞洛,1,65,77.0,887.09,14.78,14:47,887.09,14.78,14:47,35.0,35.0,45.45,85.22,20.0,20.0,25.97,48.7,29.0,29.0,37.66,70.61,13.0,13.0,16.88,31.65,21.0,21.0,27.27,51.13,10.0,10.0,12.99,24.35,8.0,8.0,10.39,19.48,3.0,3.0,3.9,7.3,9.0,9.0,11.69,21.91,6.0,6.0,7.79,14.61,7.0,7.0,9.09,17.04,10.0,10.0,12.99,24.35,3.0,3.0,3.9,7.3,15.0,15.0,19.48,36.52,8.0,8.0,10.39,19.48,12.0,12.0,15.58,29.22,6.0,6.0,7.79,14.61,1.0,1.0,1.3,2.43,7.0,7.0,9.09,17.04,7.0,7.0,9.09,17.04,45.45,25.97,19.48,124.99,15.0,15.0,19.48,14.78,14.78,0.5,0.53,0.48,0.38,0.67,0.2,0.92,0.32,0.77,0.49,7.79,1.3,0.09,9.09,0.31
3,桃園台啤永豐雲豹,58|68|10861,林信寬/克羅馬/迪亞洛,1,54,62.0,739.06,12.32,12:19,739.06,12.32,12:19,29.0,29.0,46.77,84.76,23.0,23.0,37.1,67.22,19.0,19.0,30.65,55.53,10.0,10.0,16.13,29.23,14.0,14.0,22.58,40.92,7.0,7.0,11.29,20.46,5.0,5.0,8.06,14.61,3.0,3.0,4.84,8.77,9.0,9.0,14.52,26.3,6.0,6.0,9.68,17.54,2.0,2.0,3.23,5.85,8.0,8.0,12.9,23.38,3.0,3.0,4.84,8.77,11.0,11.0,17.74,32.15,7.0,7.0,11.29,20.46,10.0,10.0,16.13,29.23,6.0,6.0,9.68,17.54,1.0,1.0,1.61,2.92,7.0,7.0,11.29,20.46,5.0,5.0,8.06,14.61,46.77,37.1,9.68,120.8,6.0,6.0,9.68,12.32,12.32,0.61,0.63,0.5,0.6,0.67,0.23,1.0,0.15,0.73,0.42,9.68,1.61,0.11,8.06,0.47
3,桃園台啤永豐雲豹,12|58|62,曹薰襄/林信寬/王皓吉,1,19,22.0,334.0,5.57,05:34,334.0,5.57,05:34,12.0,12.0,54.55,77.6,15.0,15.0,68.18,97.0,8.0,8.0,36.36,51.74,4.0,4.0,18.18,25.87,5.0,5.0,22.73,32.33,2.0,2.0,9.09,12.93,3.0,3.0,13.64,19.4,2.0,2.0,9.09,12.93,3.0,3.0,13.64,19.4,2.0,2.0,9.09,12.93,1.0,1.0,4.55,6.47,4.0,4.0,18.18,25.87,0.0,0.0,0.0,0.0,2.0,2.0,9.09,12.93,2.0,2.0,9.09,12.93,3.0,3.0,13.64,19.4,2.0,2.0,9.09,12.93,0.0,0.0,0.0,0.0,3.0,3.0,13.64,19.4,2.0,2.0,9.09,12.93,54.55,68.18,-13.64,94.85,-3.0,-3.0,-13.64,5.57,5.57,0.62,0.64,0.4,0.67,0.67,0.18,0.75,0.33,1.0,0.71,9.09,0.0,0.14,9.09,0.38
3,桃園台啤永豐雲豹,12|58|68,曹薰襄/林信寬/克羅馬,1,44,51.0,602.73,10.05,10:03,602.73,10.05,10:03,23.0,23.0,45.1,82.43,19.0,19.0,37.25,68.09,16.0,16.0,31.37,57.34,8.0,8.0,15.69,28.67,11.0,11.0,21.57,39.42,6.0,6.0,11.76,21.5,5.0,5.0,9.8,17.92,2.0,2.0,3.92,7.17,8.0,8.0,15.69,28.67,5.0,5.0,9.8,17.92,2.0,2.0,3.92,7.17,7.0,7.0,13.73,25.09,2.0,2.0,3.92,7.17,8.0,8.0,15.69,28.67,6.0,6.0,11.76,21.5,8.0,8.0,15.69,28.67,5.0,5.0,9.8,17.92,1.0,1.0,1.96,3.58,7.0,7.0,13.73,25.09,4.0,4.0,7.84,14.33,45.1,37.25,7.84,121.85,4.0,4.0,7.84,10.05,10.05,0.56,0.59,0.55,0.4,0.62,0.24,1.0,0.2,0.78,0.47,9.8,1.96,0.14,7.84,0.5
3,桃園台啤永豐雲豹,12|58|10861,曹薰襄/林信寬/迪亞洛,1,58,68.0,864.58,14.41,14:25,864.58,14.41,14:25,29.0,29.0,42.65,72.45,25.0,25.0,36.76,62.46,23.0,23.0,33.82,57.46,10.0,10.0,14.71,24.98,18.0,18.0,26.47,44.97,7.0,7.0,10.29,17.49,5.0,5.0,7.35,12.49,3.0,3.0,4.41,7.49,10.0,10.0,14.71,24.98,6.0,6.0,8.82,14.99,4.0,4.0,5.88,9.99,11.0,11.0,16.18,27.48,2.0,2.0,2.94,5.0,11.0,11.0,16.18,27.48,8.0,8.0,11.76,19.99,9.0,9.0,13.24,22.48,6.0,6.0,8.82,14.99,1.0,1.0,1.47,2.5,8.0,8.0,11.76,19.99,4.0,4.0,5.88,9.99,42.65,36.76,5.88,113.26,4.0,4.0,5.88,14.41,14.41,0.5,0.53,0.39,0.6,0.6,0.23,0.9,0.27,0.85,0.54,8.82,1.47,0.12,5.88,0.43
3,桃園台啤永豐雲豹,12|62|68,曹薰襄/王皓吉/克羅馬,1,5,6.0,84.39,1.41,01:24,84.39,1.41,01:24,6.0,6.0,100.0,153.58,5.0,5.0,83.33,127.98,2.0,2.0,33.33,51.19,2.0,2.0,33.33,51.19,1.0,1.0,16.67,25.6,1.0,1.0,16.67,25.6,1.0,1.0,16.67,25.6,1.0,1.0,16.67,25.6,1.0,1.0,16.67,25.6,1.0,1.0,16.67,25.6,0.0,0.0,0.0,0.0,0.0,0.0,0.0,0.0,0.0,0.0,0.0,0.0,0.0,0.0,0.0,0.0,0.0,0.0,0.0,0.0,1.0,1.0,16.67,25.6,0.0,0.0,0.0,0.0,0.0,0.0,0.0,0.0,2.0,2.0,33.33,51.19,0.0,0.0,0.0,0.0,100.0,83.33,16.67,102.39,1.0,1.0,16.67,1.41,1.41,1.25,1.23,1.0,1.0,1.0,0.0,0.5,,,,0.0,0.0,0.33,0.0,0.5
3,桃園台啤永豐雲豹,12|62|10861,曹薰襄/王皓吉/迪亞洛,1,19,22.0,334.0,5.57,05:34,334.0,5.57,05:34,12.0,12.0,54.55,77.6,15.0,15.0,68.18,97.0,8.0,8.0,36.36,51.74,4.0,4.0,18.18,25.87,5.0,5.0,22.73,32.33,2.0,2.0,9.09,12.93,3.0,3.0,13.64,19.4,2.0,2.0,9.09,12.93,3.0,3.0,13.64,19.4,2.0,2.0,9.09,12.93,1.0,1.0,4.55,6.47,4.0,4.0,18.18,25.87,0.0,0.0,0.0,0.0,2.0,2.0,9.09,12.93,2.0,2.0,9.09,12.93,3.0,3.0,13.64,19.4,2.0,2.0,9.09,12.93,0.0,0.0,0.0,0.0,3.0,3.0,13.64,19.4,2.0,2.0,9.09,12.93,54.55,68.18,-13.64,94.85,-3.0,-3.0,-13.64,5.57,5.57,0.62,0.64,0.4,0.67,0.67,0.18,0.75,0.33,1.0,0.71,9.09,0.0,0.14,9.09,0.38
3,桃園台啤永豐雲豹,12|68|10861,曹薰襄/克羅馬/迪亞洛,1,36,43.0,510.96,8.52,08:31,510.96,8.52,08:31,21.0,21.0,48.84,88.77,15.0,15.0,34.88,63.41,13.0,13.0,30.23,54.96,7.0,7.0,16.28,29.59,10.0,10.0,23.26,42.27,5.0,5.0,11.63,21.14,3.0,3.0,6.98,12.68,2.0,2.0,4.65,8.45,8.0,8.0,18.6,33.82,5.0,5.0,11.63,21.14,2.0,2.0,4.65,8.45,5.0,5.0,11.63,21.14,2.0,2.0,4.65,8.45,7.0,7.0,16.28,29.59,5.0,5.0,11.63,21.14,7.0,7.0,16.28,29.59,4.0,4.0,9.3,16.91,1.0,1.0,2.33,4.23,7.0,7.0,16.28,29.59,2.0,2.0,4.65,8.45,48.84,34.88,13.95,121.18,6.0,6.0,13.95,8.52,8.52,0.62,0.64,0.5,0.67,0.62,0.23,1.0,0.22,0.71,0.44,9.3,2.33,0.16,4.65,0.62
3,桃園台啤永豐雲豹,58|62|68,林信寬/王皓吉/克羅馬,1,5,6.0,84.39,1.41,01:24,84.39,1.41,01:24,6.0,6.0,100.0,153.58,5.0,5.0,83.33,127.98,2.0,2.0,33.33,51.19,2.0,2.0,33.33,51.19,1.0,1.0,16.67,25.6,1.0,1.0,16.67,25.6,1.0,1.0,16.67,25.6,1.0,1.0,16.67,25.6,1.0,1.0,16.67,25.6,1.0,1.0,16.67,25.6,0.0,0.0,0.0,0.0,0.0,0.0,0.0,0.0,0.0,0.0,0.0,0.0,0.0,0.0,0.0,0.0,0.0,0.0,0.0,0.0,1.0,1.0,16.67,25.6,0.0,0.0,0.0,0.0,0.0,0.0,0.0,0.0,2.0,2.0,33.33,51.19,0.0,0.0,0.0,0.0,100.0,83.33,16.67,102.39,1.0,1.0,16.67,1.41,1.41,1.25,1.23,1.0,1.0,1.0,0.0,0.5,,,,0.0,0.0,0.33,0.0,0.5
3,桃園台啤永豐雲豹,58|62|10861,林信寬/王皓吉/迪亞洛,1,26,30.0,485.0,8.08,08:05,485.0,8.08,08:05,14.0,14.0,46.67,62.35,23.0,23.0,76.67,102.43,11.0,11.0,36.67,48.99,5.0,5.0,16.67,22.27,8.0,8.0,26.67,35.63,3.0,3.0,10.0,13.36,3.0,3.0,10.0,13.36,2.0,2.0,6.67,8.91,3.0,3.0,10.0,13.36,2.0,2.0,6.67,8.91,1.0,1.0,3.33,4.45,6.0,6.0,20.0,26.72,1.0,1.0,3.33,4.45,3.0,3.0,10.0,13.36,3.0,3.0,10.0,13.36,4.0,4.0,13.33,17.81,3.0,3.0,10.0,13.36,0.0,0.0,0.0,0.0,4.0,4.0,13.33,17.81,4.0,4.0,13.33,17.81,46.67,76.67,-30.0,89.07,-9.0,-9.0,-30.0,8.08,8.08,0.55,0.57,0.38,0.67,0.67,0.2,0.8,0.25,0.86,0.64,10.0,0.0,0.13,13.33,0.27
3,桃園台啤永豐雲豹,62|68|10861,王皓吉/克羅馬/迪亞洛,1,18,20.0,245.8,4.1,04:06,245.8,4.1,04:06,16.0,16.0,80.0,140.6,7.0,7.0,35.0,61.51,8.0,8.0,40.0,70.3,6.0,6.0,30.0,52.72,6.0,6.0,30.0,52.72,4.0,4.0,20.0,35.15,2.0,2.0,10.0,17.57,2.0,2.0,10.0,17.57,2.0,2.0,10.0,17.57,2.0,2.0,10.0,17.57,1.0,1.0,5.0,8.79,1.0,1.0,5.0,8.79,0.0,0.0,0.0,0.0,3.0,3.0,15.0,26.36,1.0,1.0,5.0,8.79,4.0,4.0,20.0,35.15,0.0,0.0,0.0,0.0,0.0,0.0,0.0,0.0,4.0,4.0,20.0,35.15,2.0,2.0,10.0,17.57,80.0,35.0,45.0,117.17,9.0,9.0,45.0,4.1,4.1,0.88,0.9,0.67,1.0,1.0,0.1,0.67,0.25,1.0,0.4,0.0,0.0,0.2,10.0,0.25
3,新竹御嵿攻城獅,75|87|88,高國豪/蔡宸綱/盧冠軒,1,14,16.0,265.39,4.42,04:25,265.39,4.42,04:25,10.0,10.0,62.5,81.39,9.0,9.0,56.25,73.25,6.0,6.0,37.5,48.83,4.0,4.0,25.0,32.56,2.0,2.0,12.5,16.28,2.0,2.0,12.5,16.28,4.0,4.0,25.0,32.56,2.0,2.0,12.5,16.28,0.0,0.0,0.0,0.0,0.0,0.0,0.0,0.0,0.0,0.0,0.0,0.0,1.0,1.0,6.25,8.14,1.0,1.0,6.25,8.14,3.0,3.0,18.75,24.42,1.0,1.0,6.25,8.14,3.0,3.0,18.75,24.42,1.0,1.0,6.25,8.14,0.0,0.0,0.0,0.0,1.0,1.0,6.25,8.14,3.0,3.0,18.75,24.42,62.5,56.25,6.25,86.82,1.0,1.0,6.25,4.42,4.42,0.83,0.83,1.0,0.5,,0.14,0.75,0.0,0.5,0.2,6.25,0.0,0.06,18.75,0.0
3,新竹御嵿攻城獅,75|87|10888,高國豪/蔡宸綱/帕塞獅,1,14,16.0,265.39,4.42,04:25,265.39,4.42,04:25,10.0,10.0,62.5,81.39,9.0,9.0,56.25,73.25,6.0,6.0,37.5,48.83,4.0,4.0,25.0,32.56,2.0,2.0,12.5,16.28,2.0,2.0,12.5,16.28,4.0,4.0,25.0,32.56,2.0,2.0,12.5,16.28,0.0,0.0,0.0,0.0,0.0,0.0,0.0,0.0,0.0,0.0,0.0,0.0,1.0,1.0,6.25,8.14,1.0,1.0,6.25,8.14,3.0,3.0,18.75,24.42,1.0,1.0,6.25,8.14,3.0,3.0,18.75,24.42,1.0,1.0,6.25,8.14,0.0,0.0,0.0,0.0,1.0,1.0,6.25,8.14,3.0,3.0,18.75,24.42,62.5,56.25,6.25,86.82,1.0,1.0,6.25,4.42,4.42,0.83,0.83,1.0,0.5,,0.14,0.75,0.0,0.5,0.2,6.25,0.0,0.06,18.75,0.0
3,新竹御嵿攻城獅,75|88|10862,高國豪/盧冠軒/提傑,1,46,56.0,746.1,12.44,12:26,746.1,12.44,12:26,22.0,22.0,39.29,63.69,24.0,24.0,42.86,69.48,19.0,19.0,33.93,55.01,8.0,8.0,14.29,23.16,9.0,9.0,16.07,26.06,5.0,5.0,8.93,14.48,10.0,10.0,17.86,28.95,3.0,3.0,5.36,8.69,4.0,4.0,7.14,11.58,3.0,3.0,5.36,8.69,2.0,2.0,3.57,5.79,9.0,9.0,16.07,26.06,4.0,4.0,7.14,11.58,8.0,8.0,14.29,23.16,5.0,5.0,8.93,14.48,6.0,6.0,10.71,17.37,3.0,3.0,5.36,8.69,0.0,0.0,0.0,0.0,3.0,3.0,5.36,8.69,9.0,9.0,16.07,26.06,39.29,42.86,-3.57,108.08,-2.0,-2.0,-3.57,12.44,12.44,0.5,0.53,0.56,0.3,0.75,0.19,0.75,0.2,0.69,0.48,5.36,0.0,0.05,16.07,0.21
3,新竹御嵿攻城獅,75|88|10888,高國豪/盧冠軒/帕塞獅,1,38,45.0,650.27,10.84,10:50,650.27,10.84,10:50,21.0,21.0,46.67,69.76,21.0,21.0,46.67,69.76,16.0,16.0,35.56,53.15,8.0,8.0,17.78,26.57,8.0,8.0,17.78,26.57,5.0,5.0,11.11,16.61,8.0,8.0,17.78,26.57,3.0,3.0,6.67,9.97,2.0,2.0,4.44,6.64,2.0,2.0,4.44,6.64,1.0,1.0,2.22,3.32,6.0,6.0,13.33,19.93,3.0,3.0,6.67,9.97,7.0,7.0,15.56,23.25,4.0,4.0,8.89,13.29,6.0,6.0,13.33,19.93,2.0,2.0,4.44,6.64,0.0,0.0,0.0,0.0,2.0,2.0,4.44,6.64,7.0,7.0,15.56,23.25,46.67,46.67,0.0,99.65,0.0,0.0,0.0,10.84,10.84,0.59,0.62,0.62,0.38,1.0,0.19,0.75,0.12,0.67,0.41,4.44,0.0,0.04,15.56,0.12
3,新竹御嵿攻城獅,75|10862|10888,高國豪/提傑/帕塞獅,1,38,45.0,650.27,10.84,10:50,650.27,10.84,10:50,21.0,21.0,46.67,69.76,21.0,21.0,46.67,69.76,16.0,16.0,35.56,53.15,8.0,8.0,17.78,26.57,8.0,8.0,17.78,26.57,5.0,5.0,11.11,16.61,8.0,8.0,17.78,26.57,3.0,3.0,6.67,9.97,2.0,2.0,4.44,6.64,2.0,2.0,4.44,6.64,1.0,1.0,2.22,3.32,6.0,6.0,13.33,19.93,3.0,3.0,6.67,9.97,7.0,7.0,15.56,23.25,4.0,4.0,8.89,13.29,6.0,6.0,13.33,19.93,2.0,2.0,4.44,6.64,0.0,0.0,0.0,0.0,2.0,2.0,4.44,6.64,7.0,7.0,15.56,23.25,46.67,46.67,0.0,99.65,0.0,0.0,0.0,10.84,10.84,0.59,0.62,0.62,0.38,1.0,0.19,0.75,0.12,0.67,0.41,4.44,0.0,0.04,15.56,0.12
3,新竹御嵿攻城獅,87|88|10862,蔡宸綱/盧冠軒/提傑,1,14,16.0,265.39,4.42,04:25,265.39,4.42,04:25,10.0,10.0,62.5,81.39,9.0,9.0,56.25,73.25,6.0,6.0,37.5,48.83,4.0,4.0,25.0,32.56,2.0,2.0,12.5,16.28,2.0,2.0,12.5,16.28,4.0,4.0,25.0,32.56,2.0,2.0,12.5,16.28,0.0,0.0,0.0,0.0,0.0,0.0,0.0,0.0,0.0,0.0,0.0,0.0,1.0,1.0,6.25,8.14,1.0,1.0,6.25,8.14,3.0,3.0,18.75,24.42,1.0,1.0,6.25,8.14,3.0,3.0,18.75,24.42,1.0,1.0,6.25,8.14,0.0,0.0,0.0,0.0,1.0,1.0,6.25,8.14,3.0,3.0,18.75,24.42,62.5,56.25,6.25,86.82,1.0,1.0,6.25,4.42,4.42,0.83,0.83,1.0,0.5,,0.14,0.75,0.0,0.5,0.2,6.25,0.0,0.06,18.75,0.0
3,新竹御嵿攻城獅,87|88|10888,蔡宸綱/盧冠軒/帕塞獅,1,14,16.0,265.39,4.42,04:25,265.39,4.42,04:25,10.0,10.0,62.5,81.39,9.0,9.0,56.25,73.25,6.0,6.0,37.5,48.83,4.0,4.0,25.0,32.56,2.0,2.0,12.5,16.28,2.0,2.0,12.5,16.28,4.0,4.0,25.0,32.56,2.0,2.0,12.5,16.28,0.0,0.0,0.0,0.0,0.0,0.0,0.0,0.0,0.0,0.0,0.0,0.0,1.0,1.0,6.25,8.14,1.0,1.0,6.25,8.14,3.0,3.0,18.75,24.42,1.0,1.0,6.25,8.14,3.0,3.0,18.75,24.42,1.0,1.0,6.25,8.14,0.0,0.0,0.0,0.0,1.0,1.0,6.25,8.14,3.0,3.0,18.75,24.42,62.5,56.25,6.25,86.82,1.0,1.0,6.25,4.42,4.42,0.83,0.83,1.0,0.5,,0.14,0.75,0.0,0.5,0.2,6.25,0.0,0.06,18.75,0.0
3,新竹御嵿攻城獅,87|10862|10888,蔡宸綱/提傑/帕塞獅,1,14,16.0,265.39,4.42,04:25,265.39,4.42,04:25,10.0,10.0,62.5,81.39,9.0,9.0,56.25,73.25,6.0,6.0,37.5,48.83,4.0,4.0,25.0,32.56,2.0,2.0,12.5,16.28,2.0,2.0,12.5,16.28,4.0,4.0,25.0,32.56,2.0,2.0,12.5,16.28,0.0,0.0,0.0,0.0,0.0,0.0,0.0,0.0,0.0,0.0,0.0,0.0,1.0,1.0,6.25,8.14,1.0,1.0,6.25,8.14,3.0,3.0,18.75,24.42,1.0,1.0,6.25,8.14,3.0,3.0,18.75,24.42,1.0,1.0,6.25,8.14,0.0,0.0,0.0,0.0,1.0,1.0,6.25,8.14,3.0,3.0,18.75,24.42,62.5,56.25,6.25,86.82,1.0,1.0,6.25,4.42,4.42,0.83,0.83,1.0,0.5,,0.14,0.75,0.0,0.5,0.2,6.25,0.0,0.06,18.75,0.0
3,新竹御嵿攻城獅,88|10862|10888,盧冠軒/提傑/帕塞獅,1,42,49.0,691.27,11.52,11:31,691.27,11.52,11:31,21.0,21.0,42.86,65.62,21.0,21.0,42.86,65.62,17.0,17.0,34.69,53.12,8.0,8.0,16.33,25.0,9.0,9.0,18.37,28.12,5.0,5.0,10.2,15.62,8.0,8.0,16.33,25.0,3.0,3.0,6.12,9.37,2.0,2.0,4.08,6.25,2.0,2.0,4.08,6.25,1.0,1.0,2.04,3.12,7.0,7.0,14.29,21.87,3.0,3.0,6.12,9.37,8.0,8.0,16.33,25.0,5.0,5.0,10.2,15.62,6.0,6.0,12.24,18.75,2.0,2.0,4.08,6.25,1.0,1.0,2.04,3.12,2.0,2.0,4.08,6.25,7.0,7.0,14.29,21.87,42.86,42.86,0.0,102.07,0.0,0.0,0.0,11.52,11.52,0.56,0.59,0.56,0.38,1.0,0.22,0.75,0.11,0.7,0.42,4.08,2.04,0.04,14.29,0.12
3,桃園台啤永豐雲豹,12|16|58,曹薰襄/米勒/林信寬,1,30,33.0,445.39,7.42,07:25,445.39,7.42,07:25,10.0,10.0,30.3,48.5,14.0,14.0,42.42,67.9,13.0,13.0,39.39,63.05,4.0,4.0,12.12,19.4,9.0,9.0,27.27,43.65,3.0,3.0,9.09,14.55,4.0,4.0,12.12,19.4,1.0,1.0,3.03,4.85,2.0,2.0,6.06,9.7,1.0,1.0,3.03,4.85,2.0,2.0,6.06,9.7,8.0,8.0,24.24,38.8,0.0,0.0,0.0,0.0,5.0,5.0,15.15,24.25,4.0,4.0,12.12,19.4,3.0,3.0,9.09,14.55,3.0,3.0,9.09,14.55,0.0,0.0,0.0,0.0,1.0,1.0,3.03,4.85,4.0,4.0,12.12,19.4,30.3,42.42,-12.12,106.69,-4.0,-4.0,-12.12,7.42,7.42,0.35,0.36,0.33,0.25,0.5,0.22,0.75,0.29,1.0,0.67,9.09,0.0,0.03,12.12,0.15
3,桃園台啤永豐雲豹,12|16|62,曹薰襄/米勒/王皓吉,1,14,16.0,249.62,4.16,04:10,249.62,4.16,04:10,6.0,6.0,37.5,51.92,10.0,10.0,62.5,86.53,6.0,6.0,37.5,51.92,2.0,2.0,12.5,17.31,4.0,4.0,25.0,34.61,1.0,1.0,6.25,8.65,2.0,2.0,12.5,17.31,1.0,1.0,6.25,8.65,2.0,2.0,12.5,17.31,1.0,1.0,6.25,8.65,1.0,1.0,6.25,8.65,4.0,4.0,25.0,34.61,0.0,0.0,0.0,0.0,2.0,2.0,12.5,17.31,2.0,2.0,12.5,17.31,2.0,2.0,12.5,17.31,2.0,2.0,12.5,17.31,0.0,0.0,0.0,0.0,1.0,1.0,6.25,8.65,2.0,2.0,12.5,17.31,37.5,62.5,-25.0,92.3,-4.0,-4.0,-25.0,4.16,4.16,0.42,0.44,0.25,0.5,0.5,0.23,1.0,0.33,1.0,0.71,12.5,0.0,0.06,12.5,0.33
3,桃園台啤永豐雲豹,12|16|10861,曹薰襄/米勒/迪亞洛,1,22,25.0,353.62,5.89,05:54,353.62,5.89,05:54,8.0,8.0,32.0,48.87,10.0,10.0,40.0,61.08,10.0,10.0,40.0,61.08,3.0,3.0,12.0,18.32,8.0,8.0,32.0,48.87,2.0,2.0,8.0,12.22,2.0,2.0,8.0,12.22,1.0,1.0,4.0,6.11,2.0,2.0,8.0,12.22,1.0,1.0,4.0,6.11,2.0,2.0,8.0,12.22,6.0,6.0,24.0,36.65,0.0,0.0,0.0,0.0,4.0,4.0,16.0,24.43,3.0,3.0,12.0,18.32,2.0,2.0,8.0,12.22,2.0,2.0,8.0,12.22,0.0,0.0,0.0,0.0,1.0,1.0,4.0,6.11,2.0,2.0,8.0,12.22,32.0,40.0,-8.0,101.81,-2.0,-2.0,-8.0,5.89,5.89,0.35,0.37,0.25,0.5,0.5,0.22,0.67,0.33,1.0,0.67,8.0,0.0,0.04,8.0,0.2
3,桃園台啤永豐雲豹,16|58|62,米勒/林信寬/王皓吉,1,21,24.0,400.62,6.68,06:41,400.62,6.68,06:41,8.0,8.0,33.33,43.13,18.0,18.0,75.0,97.05,9.0,9.0,37.5,48.53,3.0,3.0,12.5,16.18,7.0,7.0,29.17,37.74,2.0,2.0,8.33,10.78,2.0,2.0,8.33,10.78,1.0,1.0,4.17,5.39,2.0,2.0,8.33,10.78,1.0,1.0,4.17,5.39,1.0,1.0,4.17,5.39,6.0,6.0,25.0,32.35,1.0,1.0,4.17,5.39,3.0,3.0,12.5,16.18,3.0,3.0,12.5,16.18,3.0,3.0,12.5,16.18,3.0,3.0,12.5,16.18,0.0,0.0,0.0,0.0,2.0,2.0,8.33,10.78,4.0,4.0,16.67,21.57,33.33,75.0,-41.67,86.27,-10.0,-10.0,-41.67,6.68,6.68,0.39,0.4,0.29,0.5,0.5,0.23,1.0,0.25,0.86,0.64,12.5,0.0,0.08,16.67,0.22
3,桃園台啤永豐雲豹,16|58|10861,米勒/林信寬/迪亞洛,1,29,33.0,504.62,8.41,08:25,504.62,8.41,08:25,10.0,10.0,30.3,42.8,18.0,18.0,54.55,77.05,13.0,13.0,39.39,55.65,4.0,4.0,12.12,17.12,11.0,11.0,33.33,47.09,3.0,3.0,9.09,12.84,2.0,2.0,6.06,8.56,1.0,1.0,3.03,4.28,2.0,2.0,6.06,8.56,1.0,1.0,3.03,4.28,2.0,2.0,6.06,8.56,8.0,8.0,24.24,34.24,1.0,1.0,3.03,4.28,5.0,5.0,15.15,21.4,4.0,4.0,12.12,17.12,3.0,3.0,9.09,12.84,3.0,3.0,9.09,12.84,0.0,0.0,0.0,0.0,2.0,2.0,6.06,8.56,4.0,4.0,12.12,17.12,30.3,54.55,-24.24,94.17,-8.0,-8.0,-24.24,8.41,8.41,0.35,0.36,0.27,0.5,0.5,0.22,0.75,0.29,0.89,0.62,9.09,0.0,0.06,12.12,0.15
3,桃園台啤永豐雲豹,16|62|10861,米勒/王皓吉/迪亞洛,1,27,31.0,498.07,8.3,08:18,498.07,8.3,08:18,12.0,12.0,38.71,52.04,20.0,20.0,64.52,86.74,12.0,12.0,38.71,52.04,5.0,5.0,16.13,21.68,9.0,9.0,29.03,39.03,4.0,4.0,12.9,17.35,3.0,3.0,9.68,13.01,1.0,1.0,3.23,4.34,2.0,2.0,6.45,8.67,1.0,1.0,3.23,4.34,2.0,2.0,6.45,8.67,6.0,6.0,19.35,26.02,1.0,1.0,3.23,4.34,3.0,3.0,9.68,13.01,4.0,4.0,12.9,17.35,4.0,4.0,12.9,17.35,4.0,4.0,12.9,17.35,0.0,0.0,0.0,0.0,2.0,2.0,6.45,8.67,4.0,4.0,12.9,17.35,38.71,64.52,-25.81,89.63,-8.0,-8.0,-25.81,8.3,8.3,0.46,0.47,0.44,0.33,0.5,0.24,0.8,0.4,0.86,0.67,12.9,0.0,0.06,12.9,0.17
3,新竹御嵿攻城獅,75|88|90,高國豪/盧冠軒/李啓瑋,1,27,33.0,427.72,7.13,07:08,427.72,7.13,07:08,11.0,11.0,33.33,55.55,13.0,13.0,39.39,65.65,11.0,11.0,33.33,55.55,4.0,4.0,12.12,20.2,7.0,7.0,21.21,35.35,3.0,3.0,9.09,15.15,4.0,4.0,12.12,20.2,1.0,1.0,3.03,5.05,4.0,4.0,12.12,20.2,3.0,3.0,9.09,15.15,1.0,1.0,3.03,5.05,7.0,7.0,21.21,35.35,3.0,3.0,9.09,15.15,5.0,5.0,15.15,25.25,3.0,3.0,9.09,15.15,3.0,3.0,9.09,15.15,1.0,1.0,3.03,5.05,0.0,0.0,0.0,0.0,2.0,2.0,6.06,10.1,4.0,4.0,12.12,20.2,33.33,39.39,-6.06,111.1,-2.0,-2.0,-6.06,7.13,7.13,0.41,0.43,0.43,0.25,0.75,0.19,0.75,0.17,0.7,0.5,3.03,0.0,0.06,12.12,0.36
3,新竹御嵿攻城獅,75|90|10862,高國豪/李啓瑋/提傑,1,27,33.0,427.72,7.13,07:08,427.72,7.13,07:08,11.0,11.0,33.33,55.55,13.0,13.0,39.39,65.65,11.0,11.0,33.33,55.55,4.0,4.0,12.12,20.2,7.0,7.0,21.21,35.35,3.0,3.0,9.09,15.15,4.0,4.0,12.12,20.2,1.0,1.0,3.03,5.05,4.0,4.0,12.12,20.2,3.0,3.0,9.09,15.15,1.0,1.0,3.03,5.05,7.0,7.0,21.21,35.35,3.0,3.0,9.09,15.15,5.0,5.0,15.15,25.25,3.0,3.0,9.09,15.15,3.0,3.0,9.09,15.15,1.0,1.0,3.03,5.05,0.0,0.0,0.0,0.0,2.0,2.0,6.06,10.1,4.0,4.0,12.12,20.2,33.33,39.39,-6.06,111.1,-2.0,-2.0,-6.06,7.13,7.13,0.41,0.43,0.43,0.25,0.75,0.19,0.75,0.17,0.7,0.5,3.03,0.0,0.06,12.12,0.36
3,新竹御嵿攻城獅,75|90|10888,高國豪/李啓瑋/帕塞獅,1,24,29.0,384.88,6.41,06:25,384.88,6.41,06:25,11.0,11.0,37.93,61.73,12.0,12.0,41.38,67.34,10.0,10.0,34.48,56.12,4.0,4.0,13.79,22.45,6.0,6.0,20.69,33.67,3.0,3.0,10.34,16.84,4.0,4.0,13.79,22.45,1.0,1.0,3.45,5.61,2.0,2.0,6.9,11.22,2.0,2.0,6.9,11.22,1.0,1.0,3.45,5.61,5.0,5.0,17.24,28.06,2.0,2.0,6.9,11.22,4.0,4.0,13.79,22.45,3.0,3.0,10.34,16.84,3.0,3.0,10.34,16.84,1.0,1.0,3.45,5.61,0.0,0.0,0.0,0.0,1.0,1.0,3.45,5.61,4.0,4.0,13.79,22.45,37.93,41.38,-3.45,108.5,-1.0,-1.0,-3.45,6.41,6.41,0.45,0.51,0.5,0.25,1.0,0.22,0.75,0.2,0.71,0.5,3.45,0.0,0.03,13.79,0.2
3,新竹御嵿攻城獅,88|90|10862,盧冠軒/李啓瑋/提傑,1,31,37.0,468.72,7.81,07:49,468.72,7.81,07:49,11.0,11.0,29.73,50.69,13.0,13.0,35.14,59.91,12.0,12.0,32.43,55.3,4.0,4.0,10.81,18.43,8.0,8.0,21.62,36.87,3.0,3.0,8.11,13.82,4.0,4.0,10.81,18.43,1.0,1.0,2.7,4.61,4.0,4.0,10.81,18.43,3.0,3.0,8.11,13.82,1.0,1.0,2.7,4.61,8.0,8.0,21.62,36.87,3.0,3.0,8.11,13.82,6.0,6.0,16.22,27.65,4.0,4.0,10.81,18.43,3.0,3.0,8.11,13.82,1.0,1.0,2.7,4.61,1.0,1.0,2.7,4.61,2.0,2.0,5.41,9.22,4.0,4.0,10.81,18.43,29.73,35.14,-5.41,113.67,-2.0,-2.0,-5.41,7.81,7.81,0.38,0.4,0.38,0.25,0.75,0.23,0.75,0.14,0.73,0.5,2.7,2.7,0.05,10.81,0.33
3,新竹御嵿攻城獅,88|90|10888,盧冠軒/李啓瑋/帕塞獅,1,36,41.0,519.15,8.65,08:39,519.15,8.65,08:39,13.0,13.0,31.71,54.09,19.0,19.0,46.34,79.05,12.0,12.0,29.27,49.93,4.0,4.0,9.76,16.64,7.0,7.0,17.07,29.12,3.0,3.0,7.32,12.48,5.0,5.0,12.2,20.8,1.0,1.0,2.44,4.16,4.0,4.0,9.76,16.64,4.0,4.0,9.76,16.64,1.0,1.0,2.44,4.16,7.0,7.0,17.07,29.12,2.0,2.0,4.88,8.32,6.0,6.0,14.63,24.96,6.0,6.0,14.63,24.96,3.0,3.0,7.32,12.48,2.0,2.0,4.88,8.32,1.0,1.0,2.44,4.16,4.0,4.0,9.76,16.64,4.0,4.0,9.76,16.64,31.71,46.34,-14.63,113.72,-6.0,-6.0,-14.63,8.65,8.65,0.38,0.47,0.43,0.2,1.0,0.3,0.75,0.14,0.78,0.5,4.88,2.44,0.1,9.76,0.33
3,新竹御嵿攻城獅,90|10862|10888,李啓瑋/提傑/帕塞獅,1,28,33.0,425.88,7.1,07:06,425.88,7.1,07:06,11.0,11.0,33.33,55.79,12.0,12.0,36.36,60.86,11.0,11.0,33.33,55.79,4.0,4.0,12.12,20.29,7.0,7.0,21.21,35.5,3.0,3.0,9.09,15.22,4.0,4.0,12.12,20.29,1.0,1.0,3.03,5.07,2.0,2.0,6.06,10.14,2.0,2.0,6.06,10.14,1.0,1.0,3.03,5.07,6.0,6.0,18.18,30.43,2.0,2.0,6.06,10.14,5.0,5.0,15.15,25.36,4.0,4.0,12.12,20.29,3.0,3.0,9.09,15.22,1.0,1.0,3.03,5.07,1.0,1.0,3.03,5.07,1.0,1.0,3.03,5.07,4.0,4.0,12.12,20.29,33.33,36.36,-3.03,111.58,-1.0,-1.0,-3.03,7.1,7.1,0.41,0.46,0.43,0.25,1.0,0.25,0.75,0.17,0.75,0.5,3.03,3.03,0.03,12.12,0.18
3,桃園台啤永豐雲豹,12|16|57,曹薰襄/米勒/莊博元,1,16,17.0,195.77,3.26,03:16,195.77,3.26,03:16,4.0,4.0,23.53,44.13,4.0,4.0,23.53,44.13,7.0,7.0,41.18,77.23,2.0,2.0,11.76,22.07,5.0,5.0,29.41,55.17,2.0,2.0,11.76,22.07,2.0,2.0,11.76,22.07,0.0,0.0,0.0,0.0,0.0,0.0,0.0,0.0,0.0,0.0,0.0,0.0,1.0,1.0,5.88,11.03,4.0,4.0,23.53,44.13,0.0,0.0,0.0,0.0,3.0,3.0,17.65,33.1,2.0,2.0,11.76,22.07,1.0,1.0,5.88,11.03,1.0,1.0,5.88,11.03,0.0,0.0,0.0,0.0,0.0,0.0,0.0,0.0,2.0,2.0,11.76,22.07,23.53,23.53,0.0,125.05,0.0,0.0,0.0,3.26,3.26,0.29,0.29,0.4,0.0,,0.22,0.5,0.25,1.0,0.62,5.88,0.0,0.0,11.76,0.0
3,桃園台啤永豐雲豹,12|57|58,曹薰襄/莊博元/林信寬,1,47,54.0,622.34,10.37,10:22,622.34,10.37,10:22,19.0,19.0,35.19,65.94,14.0,14.0,25.93,48.59,18.0,18.0,33.33,62.47,7.0,7.0,12.96,24.3,14.0,14.0,25.93,48.59,6.0,6.0,11.11,20.82,4.0,4.0,7.41,13.88,1.0,1.0,1.85,3.47,7.0,7.0,12.96,24.3,4.0,4.0,7.41,13.88,3.0,3.0,5.56,10.41,9.0,9.0,16.67,31.24,2.0,2.0,3.7,6.94,10.0,10.0,18.52,34.71,7.0,7.0,12.96,24.3,7.0,7.0,12.96,24.3,5.0,5.0,9.26,17.35,1.0,1.0,1.85,3.47,5.0,5.0,9.26,17.35,4.0,4.0,7.41,13.88,35.19,25.93,9.26,124.95,5.0,5.0,9.26,10.37,10.37,0.42,0.45,0.43,0.25,0.57,0.25,1.0,0.23,0.82,0.5,9.26,1.85,0.09,7.41,0.39
3,桃園台啤永豐雲豹,12|57|10861,曹薰襄/莊博元/迪亞洛,1,39,46.0,530.57,8.84,08:51,530.57,8.84,08:51,17.0,17.0,36.96,69.21,10.0,10.0,21.74,40.71,15.0,15.0,32.61,61.07,6.0,6.0,13.04,24.43,13.0,13.0,28.26,52.92,5.0,5.0,10.87,20.36,2.0,2.0,4.35,8.14,1.0,1.0,2.17,4.07,7.0,7.0,15.22,28.5,4.0,4.0,8.7,16.28,3.0,3.0,6.52,12.21,7.0,7.0,15.22,28.5,2.0,2.0,4.35,8.14,9.0,9.0,19.57,36.64,6.0,6.0,13.04,24.43,6.0,6.0,13.04,24.43,4.0,4.0,8.7,16.28,1.0,1.0,2.17,4.07,5.0,5.0,10.87,20.36,2.0,2.0,4.35,8.14,36.96,21.74,15.22,124.85,7.0,7.0,15.22,8.84,8.84,0.43,0.47,0.38,0.5,0.57,0.25,1.0,0.25,0.78,0.48,8.7,2.17,0.11,4.35,0.47
3,桃園台啤永豐雲豹,16|57|58,米勒/莊博元/林信寬,1,47,55.0,699.64,11.66,11:40,699.64,11.66,11:40,22.0,22.0,40.0,67.92,20.0,20.0,36.36,61.75,21.0,21.0,38.18,64.83,10.0,10.0,18.18,30.87,17.0,17.0,30.91,52.48,8.0,8.0,14.55,24.7,4.0,4.0,7.27,12.35,2.0,2.0,3.64,6.17,2.0,2.0,3.64,6.17,0.0,0.0,0.0,0.0,1.0,1.0,1.82,3.09,11.0,11.0,20.0,33.96,4.0,4.0,7.27,12.35,7.0,7.0,12.73,21.61,3.0,3.0,5.45,9.26,4.0,4.0,7.27,12.35,2.0,2.0,3.64,6.17,1.0,1.0,1.82,3.09,3.0,3.0,5.45,9.26,9.0,9.0,16.36,27.79,40.0,36.36,3.64,113.2,2.0,2.0,3.64,11.66,11.66,0.52,0.5,0.47,0.5,0.0,0.12,0.4,0.12,0.73,0.52,3.64,1.82,0.05,16.36,0.1
3,桃園台啤永豐雲豹,16|57|10861,米勒/莊博元/迪亞洛,1,14,16.0,201.45,3.36,03:21,201.45,3.36,03:21,6.0,6.0,37.5,64.33,2.0,2.0,12.5,21.44,7.0,7.0,43.75,75.06,3.0,3.0,18.75,32.17,6.0,6.0,37.5,64.33,3.0,3.0,18.75,32.17,1.0,1.0,6.25,10.72,0.0,0.0,0.0,0.0,0.0,0.0,0.0,0.0,0.0,0.0,0.0,0.0,2.0,2.0,12.5,21.44,2.0,2.0,12.5,21.44,0.0,0.0,0.0,0.0,2.0,2.0,12.5,21.44,2.0,2.0,12.5,21.44,1.0,1.0,6.25,10.72,1.0,1.0,6.25,10.72,0.0,0.0,0.0,0.0,0.0,0.0,0.0,0.0,0.0,0.0,0.0,0.0,37.5,12.5,25.0,114.37,4.0,4.0,25.0,3.36,3.36,0.43,0.43,0.5,0.0,,0.22,0.33,0.5,1.0,0.67,6.25,0.0,0.0,0.0,0.0
3,新竹御嵿攻城獅,80|88|90,田浩/盧冠軒/李啓瑋,1,9,9.0,104.77,1.75,01:45,104.77,1.75,01:45,2.0,2.0,22.22,41.23,2.0,2.0,22.22,41.23,2.0,2.0,22.22,41.23,0.0,0.0,0.0,0.0,1.0,1.0,11.11,20.62,0.0,0.0,0.0,0.0,1.0,1.0,11.11,20.62,0.0,0.0,0.0,0.0,2.0,2.0,22.22,41.23,2.0,2.0,22.22,41.23,0.0,0.0,0.0,0.0,2.0,2.0,22.22,41.23,0.0,0.0,0.0,0.0,2.0,2.0,22.22,41.23,2.0,2.0,22.22,41.23,0.0,0.0,0.0,0.0,1.0,1.0,11.11,20.62,1.0,1.0,11.11,20.62,3.0,3.0,33.33,61.85,0.0,0.0,0.0,0.0,22.22,22.22,0.0,123.7,0.0,0.0,0.0,1.75,1.75,0.0,0.35,0.0,0.0,1.0,0.41,,0.0,1.0,0.5,11.11,11.11,0.33,0.0,1.0
3,新竹御嵿攻城獅,80|88|10862,田浩/盧冠軒/提傑,1,4,4.0,41.0,0.68,00:41,41.0,0.68,00:41,0.0,0.0,0.0,0.0,0.0,0.0,0.0,0.0,1.0,1.0,25.0,52.68,0.0,0.0,0.0,0.0,1.0,1.0,25.0,52.68,0.0,0.0,0.0,0.0,0.0,0.0,0.0,0.0,0.0,0.0,0.0,0.0,0.0,0.0,0.0,0.0,0.0,0.0,0.0,0.0,0.0,0.0,0.0,0.0,1.0,1.0,25.0,52.68,0.0,0.0,0.0,0.0,1.0,1.0,25.0,52.68,1.0,1.0,25.0,52.68,0.0,0.0,0.0,0.0,0.0,0.0,0.0,0.0,1.0,1.0,25.0,52.68,0.0,0.0,0.0,0.0,0.0,0.0,0.0,0.0,0.0,0.0,0.0,140.49,0.0,0.0,0.0,0.68,0.68,0.0,0.0,0.0,,,0.5,,0.0,1.0,0.5,0.0,25.0,0.0,0.0,0.0
3,新竹御嵿攻城獅,80|88|10888,田浩/盧冠軒/帕塞獅,1,9,9.0,104.77,1.75,01:45,104.77,1.75,01:45,2.0,2.0,22.22,41.23,2.0,2.0,22.22,41.23,2.0,2.0,22.22,41.23,0.0,0.0,0.0,0.0,1.0,1.0,11.11,20.62,0.0,0.0,0.0,0.0,1.0,1.0,11.11,20.62,0.0,0.0,0.0,0.0,2.0,2.0,22.22,41.23,2.0,2.0,22.22,41.23,0.0,0.0,0.0,0.0,2.0,2.0,22.22,41.23,0.0,0.0,0.0,0.0,2.0,2.0,22.22,41.23,2.0,2.0,22.22,41.23,0.0,0.0,0.0,0.0,1.0,1.0,11.11,20.62,1.0,1.0,11.11,20.62,3.0,3.0,33.33,61.85,0.0,0.0,0.0,0.0,22.22,22.22,0.0,123.7,0.0,0.0,0.0,1.75,1.75,0.0,0.35,0.0,0.0,1.0,0.41,,0.0,1.0,0.5,11.11,11.11,0.33,0.0,1.0
3,新竹御嵿攻城獅,80|90|10862,田浩/李啓瑋/提傑,1,4,4.0,41.0,0.68,00:41,41.0,0.68,00:41,0.0,0.0,0.0,0.0,0.0,0.0,0.0,0.0,1.0,1.0,25.0,52.68,0.0,0.0,0.0,0.0,1.0,1.0,25.0,52.68,0.0,0.0,0.0,0.0,0.0,0.0,0.0,0.0,0.0,0.0,0.0,0.0,0.0,0.0,0.0,0.0,0.0,0.0,0.0,0.0,0.0,0.0,0.0,0.0,1.0,1.0,25.0,52.68,0.0,0.0,0.0,0.0,1.0,1.0,25.0,52.68,1.0,1.0,25.0,52.68,0.0,0.0,0.0,0.0,0.0,0.0,0.0,0.0,1.0,1.0,25.0,52.68,0.0,0.0,0.0,0.0,0.0,0.0,0.0,0.0,0.0,0.0,0.0,140.49,0.0,0.0,0.0,0.68,0.68,0.0,0.0,0.0,,,0.5,,0.0,1.0,0.5,0.0,25.0,0.0,0.0,0.0
3,新竹御嵿攻城獅,80|90|10888,田浩/李啓瑋/帕塞獅,1,27,28.0,303.36,5.06,05:03,303.36,5.06,05:03,14.0,14.0,50.0,99.68,7.0,7.0,25.0,49.84,8.0,8.0,28.57,56.96,4.0,4.0,14.29,28.48,5.0,5.0,17.86,35.6,3.0,3.0,10.71,21.36,3.0,3.0,10.71,21.36,1.0,1.0,3.57,7.12,7.0,7.0,25.0,49.84,5.0,5.0,17.86,35.6,1.0,1.0,3.57,7.12,4.0,4.0,14.29,28.48,0.0,0.0,0.0,0.0,6.0,6.0,21.43,42.72,3.0,3.0,10.71,21.36,3.0,3.0,10.71,21.36,1.0,1.0,3.57,7.12,1.0,1.0,3.57,7.12,6.0,6.0,21.43,42.72,1.0,1.0,3.57,7.12,50.0,25.0,25.0,132.91,7.0,7.0,25.0,5.06,5.06,0.56,0.63,0.6,0.33,0.71,0.21,0.75,0.14,1.0,0.45,3.57,3.57,0.21,3.57,0.88
3,新竹御嵿攻城獅,80|10862|10888,田浩/提傑/帕塞獅,1,4,4.0,41.0,0.68,00:41,41.0,0.68,00:41,0.0,0.0,0.0,0.0,0.0,0.0,0.0,0.0,1.0,1.0,25.0,52.68,0.0,0.0,0.0,0.0,1.0,1.0,25.0,52.68,0.0,0.0,0.0,0.0,0.0,0.0,0.0,0.0,0.0,0.0,0.0,0.0,0.0,0.0,0.0,0.0,0.0,0.0,0.0,0.0,0.0,0.0,0.0,0.0,1.0,1.0,25.0,52.68,0.0,0.0,0.0,0.0,1.0,1.0,25.0,52.68,1.0,1.0,25.0,52.68,0.0,0.0,0.0,0.0,0.0,0.0,0.0,0.0,1.0,1.0,25.0,52.68,0.0,0.0,0.0,0.0,0.0,0.0,0.0,0.0,0.0,0.0,0.0,140.49,0.0,0.0,0.0,0.68,0.68,0.0,0.0,0.0,,,0.5,,0.0,1.0,0.5,0.0,25.0,0.0,0.0,0.0
3,桃園台啤永豐雲豹,12|16|68,曹薰襄/米勒/克羅馬,1,8,8.0,91.77,1.53,01:32,91.77,1.53,01:32,2.0,2.0,25.0,47.07,4.0,4.0,50.0,94.15,3.0,3.0,37.5,70.61,1.0,1.0,12.5,23.54,1.0,1.0,12.5,23.54,1.0,1.0,12.5,23.54,2.0,2.0,25.0,47.07,0.0,0.0,0.0,0.0,0.0,0.0,0.0,0.0,0.0,0.0,0.0,0.0,0.0,0.0,0.0,0.0,2.0,2.0,25.0,47.07,0.0,0.0,0.0,0.0,1.0,1.0,12.5,23.54,1.0,1.0,12.5,23.54,1.0,1.0,12.5,23.54,1.0,1.0,12.5,23.54,0.0,0.0,0.0,0.0,0.0,0.0,0.0,0.0,2.0,2.0,25.0,47.07,25.0,50.0,-25.0,125.53,-2.0,-2.0,-25.0,1.53,1.53,0.33,0.33,1.0,0.0,,0.25,1.0,0.0,1.0,0.67,12.5,0.0,0.0,25.0,0.0
3,桃園台啤永豐雲豹,12|57|68,曹薰襄/莊博元/克羅馬,1,39,45.0,518.34,8.64,08:38,518.34,8.64,08:38,17.0,17.0,37.78,70.84,14.0,14.0,31.11,58.34,14.0,14.0,31.11,58.34,6.0,6.0,13.33,25.0,10.0,10.0,22.22,41.67,5.0,5.0,11.11,20.84,4.0,4.0,8.89,16.67,1.0,1.0,2.22,4.17,7.0,7.0,15.56,29.17,4.0,4.0,8.89,16.67,2.0,2.0,4.44,8.33,7.0,7.0,15.56,29.17,2.0,2.0,4.44,8.33,8.0,8.0,17.78,33.34,6.0,6.0,13.33,25.0,7.0,7.0,15.56,29.17,5.0,5.0,11.11,20.84,1.0,1.0,2.22,4.17,5.0,5.0,11.11,20.84,4.0,4.0,8.89,16.67,37.78,31.11,6.67,125.01,3.0,3.0,6.67,8.64,8.64,0.46,0.5,0.5,0.25,0.57,0.26,1.17,0.2,0.78,0.47,11.11,2.22,0.11,8.89,0.5
3,桃園台啤永豐雲豹,16|58|68,米勒/林信寬/克羅馬,1,39,46.0,595.64,9.93,09:56,595.64,9.93,09:56,20.0,20.0,43.48,72.53,20.0,20.0,43.48,72.53,17.0,17.0,36.96,61.65,9.0,9.0,19.57,32.64,13.0,13.0,28.26,47.14,7.0,7.0,15.22,25.38,4.0,4.0,8.7,14.51,2.0,2.0,4.35,7.25,2.0,2.0,4.35,7.25,0.0,0.0,0.0,0.0,0.0,0.0,0.0,0.0,9.0,9.0,19.57,32.64,4.0,4.0,8.7,14.51,5.0,5.0,10.87,18.13,2.0,2.0,4.35,7.25,4.0,4.0,8.7,14.51,2.0,2.0,4.35,7.25,1.0,1.0,2.17,3.63,3.0,3.0,6.52,10.88,9.0,9.0,19.57,32.64,43.48,43.48,0.0,111.21,0.0,0.0,0.0,9.93,9.93,0.59,0.56,0.54,0.5,0.0,0.1,0.44,0.0,0.69,0.5,4.35,2.17,0.07,19.57,0.12
3,新竹御嵿攻城獅,80|88|10887,田浩/盧冠軒/德魯,1,5,5.0,63.77,1.06,01:04,63.77,1.06,01:04,2.0,2.0,40.0,67.74,2.0,2.0,40.0,67.74,1.0,1.0,20.0,33.87,0.0,0.0,0.0,0.0,0.0,0.0,0.0,0.0,0.0,0.0,0.0,0.0,1.0,1.0,20.0,33.87,0.0,0.0,0.0,0.0,2.0,2.0,40.0,67.74,2.0,2.0,40.0,67.74,0.0,0.0,0.0,0.0,1.0,1.0,20.0,33.87,0.0,0.0,0.0,0.0,1.0,1.0,20.0,33.87,1.0,1.0,20.0,33.87,0.0,0.0,0.0,0.0,1.0,1.0,20.0,33.87,0.0,0.0,0.0,0.0,3.0,3.0,60.0,101.62,0.0,0.0,0.0,0.0,40.0,40.0,0.0,112.91,0.0,0.0,0.0,1.06,1.06,0.0,0.53,,0.0,1.0,0.35,,0.0,1.0,0.5,20.0,0.0,0.6,0.0,2.0
3,新竹御嵿攻城獅,80|90|10887,田浩/李啓瑋/德魯,1,23,24.0,262.36,4.37,04:22,262.36,4.37,04:22,14.0,14.0,58.33,115.26,7.0,7.0,29.17,57.63,7.0,7.0,29.17,57.63,4.0,4.0,16.67,32.93,4.0,4.0,16.67,32.93,3.0,3.0,12.5,24.7,3.0,3.0,12.5,24.7,1.0,1.0,4.17,8.23,7.0,7.0,29.17,57.63,5.0,5.0,20.83,41.16,1.0,1.0,4.17,8.23,3.0,3.0,12.5,24.7,0.0,0.0,0.0,0.0,5.0,5.0,20.83,41.16,2.0,2.0,8.33,16.47,3.0,3.0,12.5,24.7,1.0,1.0,4.17,8.23,0.0,0.0,0.0,0.0,6.0,6.0,25.0,49.4,1.0,1.0,4.17,8.23,58.33,29.17,29.17,131.73,7.0,7.0,29.17,4.37,4.37,0.64,0.69,0.75,0.33,0.71,0.17,0.75,0.17,1.0,0.44,4.17,0.0,0.25,4.17,1.0
3,新竹御嵿攻城獅,80|10887|10888,田浩/德魯/帕塞獅,1,23,24.0,262.36,4.37,04:22,262.36,4.37,04:22,14.0,14.0,58.33,115.26,7.0,7.0,29.17,57.63,7.0,7.0,29.17,57.63,4.0,4.0,16.67,32.93,4.0,4.0,16.67,32.93,3.0,3.0,12.5,24.7,3.0,3.0,12.5,24.7,1.0,1.0,4.17,8.23,7.0,7.0,29.17,57.63,5.0,5.0,20.83,41.16,1.0,1.0,4.17,8.23,3.0,3.0,12.5,24.7,0.0,0.0,0.0,0.0,5.0,5.0,20.83,41.16,2.0,2.0,8.33,16.47,3.0,3.0,12.5,24.7,1.0,1.0,4.17,8.23,0.0,0.0,0.0,0.0,6.0,6.0,25.0,49.4,1.0,1.0,4.17,8.23,58.33,29.17,29.17,131.73,7.0,7.0,29.17,4.37,4.37,0.64,0.69,0.75,0.33,0.71,0.17,0.75,0.17,1.0,0.44,4.17,0.0,0.25,4.17,1.0
3,新竹御嵿攻城獅,88|90|10887,盧冠軒/李啓瑋/德魯,1,11,12.0,136.1,2.27,02:16,136.1,2.27,02:16,2.0,2.0,16.67,31.74,8.0,8.0,66.67,126.97,2.0,2.0,16.67,31.74,0.0,0.0,0.0,0.0,1.0,1.0,8.33,15.87,0.0,0.0,0.0,0.0,1.0,1.0,8.33,15.87,0.0,0.0,0.0,0.0,4.0,4.0,33.33,63.49,3.0,3.0,25.0,47.61,0.0,0.0,0.0,0.0,3.0,3.0,25.0,47.61,1.0,1.0,8.33,15.87,2.0,2.0,16.67,31.74,2.0,2.0,16.67,31.74,0.0,0.0,0.0,0.0,1.0,1.0,8.33,15.87,0.0,0.0,0.0,0.0,4.0,4.0,33.33,63.49,0.0,0.0,0.0,0.0,16.67,66.67,-50.0,126.97,-6.0,-6.0,-50.0,2.27,2.27,0.0,0.27,0.0,0.0,0.75,0.35,,0.0,0.75,0.5,8.33,0.0,0.33,0.0,2.0
3,新竹御嵿攻城獅,88|10887|10888,盧冠軒/德魯/帕塞獅,1,8,8.0,93.26,1.55,01:33,93.26,1.55,01:33,2.0,2.0,25.0,46.32,7.0,7.0,87.5,162.12,1.0,1.0,12.5,23.16,0.0,0.0,0.0,0.0,0.0,0.0,0.0,0.0,0.0,0.0,0.0,0.0,1.0,1.0,12.5,23.16,0.0,0.0,0.0,0.0,2.0,2.0,25.0,46.32,2.0,2.0,25.0,46.32,0.0,0.0,0.0,0.0,1.0,1.0,12.5,23.16,0.0,0.0,0.0,0.0,1.0,1.0,12.5,23.16,2.0,2.0,25.0,46.32,0.0,0.0,0.0,0.0,1.0,1.0,12.5,23.16,0.0,0.0,0.0,0.0,3.0,3.0,37.5,69.48,0.0,0.0,0.0,0.0,25.0,87.5,-62.5,123.52,-5.0,-5.0,-62.5,1.55,1.55,0.0,0.53,,0.0,1.0,0.52,,0.0,1.0,0.5,12.5,0.0,0.38,0.0,2.0
3,新竹御嵿攻城獅,90|10887|10888,李啓瑋/德魯/帕塞獅,1,43,46.0,532.83,8.88,08:53,532.83,8.88,08:53,22.0,22.0,47.83,89.18,20.0,20.0,43.48,81.08,13.0,13.0,28.26,52.7,7.0,7.0,15.22,28.38,7.0,7.0,15.22,28.38,5.0,5.0,10.87,20.27,6.0,6.0,13.04,24.32,2.0,2.0,4.35,8.11,9.0,9.0,19.57,36.48,6.0,6.0,13.04,24.32,2.0,2.0,4.35,8.11,5.0,5.0,10.87,20.27,0.0,0.0,0.0,0.0,10.0,10.0,21.74,40.54,5.0,5.0,10.87,20.27,6.0,6.0,13.04,24.32,2.0,2.0,4.35,8.11,0.0,0.0,0.0,0.0,8.0,8.0,17.39,32.43,2.0,2.0,4.35,8.11,47.83,43.48,4.35,124.32,2.0,2.0,4.35,8.88,8.88,0.62,0.65,0.71,0.33,0.67,0.23,0.86,0.17,1.0,0.41,4.35,0.0,0.17,4.35,0.69
3,新竹御嵿攻城獅,80|90|10885,田浩/李啓瑋/劉丞勳,1,18,19.0,198.59,3.31,03:19,198.59,3.31,03:19,12.0,12.0,63.16,130.52,5.0,5.0,26.32,54.38,6.0,6.0,31.58,65.26,4.0,4.0,21.05,43.51,4.0,4.0,21.05,43.51,3.0,3.0,15.79,32.63,2.0,2.0,10.53,21.75,1.0,1.0,5.26,10.88,5.0,5.0,26.32,54.38,3.0,3.0,15.79,32.63,1.0,1.0,5.26,10.88,2.0,2.0,10.53,21.75,0.0,0.0,0.0,0.0,4.0,4.0,21.05,43.51,1.0,1.0,5.26,10.88,3.0,3.0,15.79,32.63,0.0,0.0,0.0,0.0,0.0,0.0,0.0,0.0,3.0,3.0,15.79,32.63,1.0,1.0,5.26,10.88,63.16,26.32,36.84,137.77,7.0,7.0,36.84,3.31,3.31,0.75,0.73,0.75,0.5,0.6,0.11,0.75,0.2,1.0,0.43,0.0,0.0,0.16,5.26,0.83
3,新竹御嵿攻城獅,80|10885|10887,田浩/劉丞勳/德魯,1,18,19.0,198.59,3.31,03:19,198.59,3.31,03:19,12.0,12.0,63.16,130.52,5.0,5.0,26.32,54.38,6.0,6.0,31.58,65.26,4.0,4.0,21.05,43.51,4.0,4.0,21.05,43.51,3.0,3.0,15.79,32.63,2.0,2.0,10.53,21.75,1.0,1.0,5.26,10.88,5.0,5.0,26.32,54.38,3.0,3.0,15.79,32.63,1.0,1.0,5.26,10.88,2.0,2.0,10.53,21.75,0.0,0.0,0.0,0.0,4.0,4.0,21.05,43.51,1.0,1.0,5.26,10.88,3.0,3.0,15.79,32.63,0.0,0.0,0.0,0.0,0.0,0.0,0.0,0.0,3.0,3.0,15.79,32.63,1.0,1.0,5.26,10.88,63.16,26.32,36.84,137.77,7.0,7.0,36.84,3.31,3.31,0.75,0.73,0.75,0.5,0.6,0.11,0.75,0.2,1.0,0.43,0.0,0.0,0.16,5.26,0.83
3,新竹御嵿攻城獅,80|10885|10888,田浩/劉丞勳/帕塞獅,1,18,19.0,198.59,3.31,03:19,198.59,3.31,03:19,12.0,12.0,63.16,130.52,5.0,5.0,26.32,54.38,6.0,6.0,31.58,65.26,4.0,4.0,21.05,43.51,4.0,4.0,21.05,43.51,3.0,3.0,15.79,32.63,2.0,2.0,10.53,21.75,1.0,1.0,5.26,10.88,5.0,5.0,26.32,54.38,3.0,3.0,15.79,32.63,1.0,1.0,5.26,10.88,2.0,2.0,10.53,21.75,0.0,0.0,0.0,0.0,4.0,4.0,21.05,43.51,1.0,1.0,5.26,10.88,3.0,3.0,15.79,32.63,0.0,0.0,0.0,0.0,0.0,0.0,0.0,0.0,3.0,3.0,15.79,32.63,1.0,1.0,5.26,10.88,63.16,26.32,36.84,137.77,7.0,7.0,36.84,3.31,3.31,0.75,0.73,0.75,0.5,0.6,0.11,0.75,0.2,1.0,0.43,0.0,0.0,0.16,5.26,0.83
3,新竹御嵿攻城獅,90|10885|10887,李啓瑋/劉丞勳/德魯,1,44,47.0,530.48,8.84,08:50,530.48,8.84,08:50,20.0,20.0,42.55,81.44,23.0,23.0,48.94,93.65,13.0,13.0,27.66,52.93,7.0,7.0,14.89,28.5,8.0,8.0,17.02,32.57,5.0,5.0,10.64,20.36,5.0,5.0,10.64,20.36,2.0,2.0,4.26,8.14,7.0,7.0,14.89,28.5,4.0,4.0,8.51,16.29,2.0,2.0,4.26,8.14,5.0,5.0,10.64,20.36,0.0,0.0,0.0,0.0,9.0,9.0,19.15,36.65,6.0,6.0,12.77,24.43,6.0,6.0,12.77,24.43,1.0,1.0,2.13,4.07,0.0,0.0,0.0,0.0,5.0,5.0,10.64,20.36,3.0,3.0,6.38,12.22,42.55,48.94,-6.38,127.58,-3.0,-3.0,-6.38,8.84,8.84,0.62,0.62,0.62,0.4,0.57,0.27,0.86,0.18,1.0,0.44,2.13,0.0,0.11,6.38,0.54
3,新竹御嵿攻城獅,90|10885|10888,李啓瑋/劉丞勳/帕塞獅,1,38,41.0,469.07,7.82,07:49,469.07,7.82,07:49,20.0,20.0,48.78,92.1,18.0,18.0,43.9,82.89,12.0,12.0,29.27,55.26,7.0,7.0,17.07,32.23,7.0,7.0,17.07,32.23,5.0,5.0,12.2,23.02,5.0,5.0,12.2,23.02,2.0,2.0,4.88,9.21,7.0,7.0,17.07,32.23,4.0,4.0,9.76,18.42,2.0,2.0,4.88,9.21,4.0,4.0,9.76,18.42,0.0,0.0,0.0,0.0,9.0,9.0,21.95,41.44,4.0,4.0,9.76,18.42,6.0,6.0,14.63,27.63,1.0,1.0,2.44,4.6,0.0,0.0,0.0,0.0,5.0,5.0,12.2,23.02,2.0,2.0,4.88,9.21,48.78,43.9,4.88,125.87,2.0,2.0,4.88,7.82,7.82,0.67,0.66,0.71,0.4,0.57,0.21,0.86,0.18,1.0,0.4,2.44,0.0,0.12,4.88,0.58
3,桃園台啤永豐雲豹,16|54|58,米勒/高錦瑋/林信寬,1,38,46.0,654.87,10.91,10:55,654.87,10.91,10:55,20.0,20.0,43.48,65.97,24.0,24.0,52.17,79.16,17.0,17.0,36.96,56.07,9.0,9.0,19.57,29.69,15.0,15.0,32.61,49.48,7.0,7.0,15.22,23.09,2.0,2.0,4.35,6.6,2.0,2.0,4.35,6.6,2.0,2.0,4.35,6.6,0.0,0.0,0.0,0.0,0.0,0.0,0.0,0.0,9.0,9.0,19.57,29.69,5.0,5.0,10.87,16.49,5.0,5.0,10.87,16.49,2.0,2.0,4.35,6.6,4.0,4.0,8.7,13.19,2.0,2.0,4.35,6.6,1.0,1.0,2.17,3.3,4.0,4.0,8.7,13.19,9.0,9.0,19.57,29.69,43.48,52.17,-8.7,101.15,-4.0,-4.0,-8.7,10.91,10.91,0.59,0.56,0.47,1.0,0.0,0.1,0.44,0.0,0.64,0.47,4.35,2.17,0.09,19.57,0.12
3,桃園台啤永豐雲豹,54|57|62,高錦瑋/莊博元/王皓吉,1,28,33.0,405.87,6.76,06:46,405.87,6.76,06:46,20.0,20.0,60.61,106.44,8.0,8.0,24.24,42.58,14.0,14.0,42.42,74.51,8.0,8.0,24.24,42.58,12.0,12.0,36.36,63.86,7.0,7.0,21.21,37.25,2.0,2.0,6.06,10.64,1.0,1.0,3.03,5.32,4.0,4.0,12.12,21.29,3.0,3.0,9.09,15.97,5.0,5.0,15.15,26.61,2.0,2.0,6.06,10.64,0.0,0.0,0.0,0.0,5.0,5.0,15.15,26.61,3.0,3.0,9.09,15.97,4.0,4.0,12.12,21.29,1.0,1.0,3.03,5.32,2.0,2.0,6.06,10.64,4.0,4.0,12.12,21.29,2.0,2.0,6.06,10.64,60.61,24.24,36.36,117.08,12.0,12.0,36.36,6.76,6.76,0.61,0.63,0.58,0.5,0.75,0.16,0.5,0.5,1.0,0.58,3.03,6.06,0.12,6.06,0.29
3,桃園台啤永豐雲豹,54|62|68,高錦瑋/王皓吉/克羅馬,1,22,26.0,308.42,5.14,05:08,308.42,5.14,05:08,16.0,16.0,61.54,112.06,6.0,6.0,23.08,42.02,11.0,11.0,42.31,77.04,6.0,6.0,23.08,42.02,10.0,10.0,38.46,70.03,5.0,5.0,19.23,35.02,1.0,1.0,3.85,7.0,1.0,1.0,3.85,7.0,4.0,4.0,15.38,28.01,3.0,3.0,11.54,21.01,4.0,4.0,15.38,28.01,2.0,2.0,7.69,14.01,0.0,0.0,0.0,0.0,5.0,5.0,19.23,35.02,2.0,2.0,7.69,14.01,3.0,3.0,11.54,21.01,0.0,0.0,0.0,0.0,2.0,2.0,7.69,14.01,4.0,4.0,15.38,28.01,2.0,2.0,7.69,14.01,61.54,23.08,38.46,121.39,10.0,10.0,38.46,5.14,5.14,0.59,0.63,0.5,1.0,0.75,0.14,0.5,0.44,1.0,0.55,0.0,7.69,0.15,7.69,0.36
3,桃園台啤永豐雲豹,54|62|10861,高錦瑋/王皓吉/迪亞洛,1,26,29.0,409.87,6.83,06:50,409.87,6.83,06:50,16.0,16.0,55.17,84.32,12.0,12.0,41.38,63.24,12.0,12.0,41.38,63.24,7.0,7.0,24.14,36.89,10.0,10.0,34.48,52.7,6.0,6.0,20.69,31.62,2.0,2.0,6.9,10.54,1.0,1.0,3.45,5.27,1.0,1.0,3.45,5.27,1.0,1.0,3.45,5.27,2.0,2.0,6.9,10.54,3.0,3.0,10.34,15.81,1.0,1.0,3.45,5.27,4.0,4.0,13.79,21.08,3.0,3.0,10.34,15.81,5.0,5.0,17.24,26.35,2.0,2.0,6.9,10.54,0.0,0.0,0.0,0.0,3.0,3.0,10.34,15.81,4.0,4.0,13.79,21.08,55.17,41.38,13.79,101.89,4.0,4.0,13.79,6.83,6.83,0.62,0.64,0.6,0.5,1.0,0.19,0.71,0.33,0.75,0.5,6.9,0.0,0.1,13.79,0.08
3,桃園台啤永豐雲豹,57|62|68,莊博元/王皓吉/克羅馬,1,22,26.0,308.42,5.14,05:08,308.42,5.14,05:08,16.0,16.0,61.54,112.06,6.0,6.0,23.08,42.02,11.0,11.0,42.31,77.04,6.0,6.0,23.08,42.02,10.0,10.0,38.46,70.03,5.0,5.0,19.23,35.02,1.0,1.0,3.85,7.0,1.0,1.0,3.85,7.0,4.0,4.0,15.38,28.01,3.0,3.0,11.54,21.01,4.0,4.0,15.38,28.01,2.0,2.0,7.69,14.01,0.0,0.0,0.0,0.0,5.0,5.0,19.23,35.02,2.0,2.0,7.69,14.01,3.0,3.0,11.54,21.01,0.0,0.0,0.0,0.0,2.0,2.0,7.69,14.01,4.0,4.0,15.38,28.01,2.0,2.0,7.69,14.01,61.54,23.08,38.46,121.39,10.0,10.0,38.46,5.14,5.14,0.59,0.63,0.5,1.0,0.75,0.14,0.5,0.44,1.0,0.55,0.0,7.69,0.15,7.69,0.36
3,桃園台啤永豐雲豹,57|62|10861,莊博元/王皓吉/迪亞洛,1,19,21.0,258.87,4.31,04:19,258.87,4.31,04:19,14.0,14.0,66.67,116.82,4.0,4.0,19.05,33.38,9.0,9.0,42.86,75.1,6.0,6.0,28.57,50.06,7.0,7.0,33.33,58.41,5.0,5.0,23.81,41.72,2.0,2.0,9.52,16.69,1.0,1.0,4.76,8.34,1.0,1.0,4.76,8.34,1.0,1.0,4.76,8.34,2.0,2.0,9.52,16.69,1.0,1.0,4.76,8.34,0.0,0.0,0.0,0.0,3.0,3.0,14.29,25.03,2.0,2.0,9.52,16.69,4.0,4.0,19.05,33.38,1.0,1.0,4.76,8.34,0.0,0.0,0.0,0.0,2.0,2.0,9.52,16.69,2.0,2.0,9.52,16.69,66.67,19.05,47.62,116.82,10.0,10.0,47.62,4.31,4.31,0.72,0.74,0.71,0.5,1.0,0.17,0.67,0.4,1.0,0.5,4.76,0.0,0.1,9.52,0.11
3,新竹御嵿攻城獅,76|90|10885,曾柏喻/李啓瑋/劉丞勳,1,23,25.0,302.4,5.04,05:02,302.4,5.04,05:02,8.0,8.0,32.0,57.14,13.0,13.0,52.0,92.86,7.0,7.0,28.0,50.0,3.0,3.0,12.0,21.43,4.0,4.0,16.0,28.57,2.0,2.0,8.0,14.29,3.0,3.0,12.0,21.43,1.0,1.0,4.0,7.14,2.0,2.0,8.0,14.29,1.0,1.0,4.0,7.14,1.0,1.0,4.0,7.14,3.0,3.0,12.0,21.43,0.0,0.0,0.0,0.0,5.0,5.0,20.0,35.71,4.0,4.0,16.0,28.57,3.0,3.0,12.0,21.43,1.0,1.0,4.0,7.14,0.0,0.0,0.0,0.0,2.0,2.0,8.0,14.29,2.0,2.0,8.0,14.29,32.0,52.0,-20.0,119.05,-5.0,-5.0,-20.0,5.04,5.04,0.5,0.51,0.5,0.33,0.5,0.34,1.0,0.17,1.0,0.44,4.0,0.0,0.08,8.0,0.29
3,新竹御嵿攻城獅,76|90|10887,曾柏喻/李啓瑋/德魯,1,23,25.0,302.4,5.04,05:02,302.4,5.04,05:02,8.0,8.0,32.0,57.14,13.0,13.0,52.0,92.86,7.0,7.0,28.0,50.0,3.0,3.0,12.0,21.43,4.0,4.0,16.0,28.57,2.0,2.0,8.0,14.29,3.0,3.0,12.0,21.43,1.0,1.0,4.0,7.14,2.0,2.0,8.0,14.29,1.0,1.0,4.0,7.14,1.0,1.0,4.0,7.14,3.0,3.0,12.0,21.43,0.0,0.0,0.0,0.0,5.0,5.0,20.0,35.71,4.0,4.0,16.0,28.57,3.0,3.0,12.0,21.43,1.0,1.0,4.0,7.14,0.0,0.0,0.0,0.0,2.0,2.0,8.0,14.29,2.0,2.0,8.0,14.29,32.0,52.0,-20.0,119.05,-5.0,-5.0,-20.0,5.04,5.04,0.5,0.51,0.5,0.33,0.5,0.34,1.0,0.17,1.0,0.44,4.0,0.0,0.08,8.0,0.29
3,新竹御嵿攻城獅,76|90|10888,曾柏喻/李啓瑋/帕塞獅,1,17,19.0,240.98,4.02,04:01,240.98,4.02,04:01,8.0,8.0,42.11,71.71,8.0,8.0,42.11,71.71,6.0,6.0,31.58,53.78,3.0,3.0,15.79,26.89,3.0,3.0,15.79,26.89,2.0,2.0,10.53,17.93,3.0,3.0,15.79,26.89,1.0,1.0,5.26,8.96,2.0,2.0,10.53,17.93,1.0,1.0,5.26,8.96,1.0,1.0,5.26,8.96,2.0,2.0,10.53,17.93,0.0,0.0,0.0,0.0,5.0,5.0,26.32,44.82,2.0,2.0,10.53,17.93,3.0,3.0,15.79,26.89,1.0,1.0,5.26,8.96,0.0,0.0,0.0,0.0,2.0,2.0,10.53,17.93,1.0,1.0,5.26,8.96,42.11,42.11,0.0,113.54,0.0,0.0,0.0,4.02,4.02,0.58,0.58,0.67,0.33,0.5,0.23,1.0,0.17,1.0,0.38,5.26,0.0,0.11,5.26,0.33
3,新竹御嵿攻城獅,76|90|10862,曾柏喻/李啓瑋/提傑,1,6,6.0,61.42,1.02,01:01,61.42,1.02,01:01,0.0,0.0,0.0,0.0,5.0,5.0,83.33,175.84,1.0,1.0,16.67,35.17,0.0,0.0,0.0,0.0,1.0,1.0,16.67,35.17,0.0,0.0,0.0,0.0,0.0,0.0,0.0,0.0,0.0,0.0,0.0,0.0,0.0,0.0,0.0,0.0,0.0,0.0,0.0,0.0,0.0,0.0,0.0,0.0,1.0,1.0,16.67,35.17,0.0,0.0,0.0,0.0,0.0,0.0,0.0,0.0,2.0,2.0,33.33,70.34,0.0,0.0,0.0,0.0,0.0,0.0,0.0,0.0,0.0,0.0,0.0,0.0,0.0,0.0,0.0,0.0,1.0,1.0,16.67,35.17,0.0,83.33,-83.33,140.68,-5.0,-5.0,-83.33,1.02,1.02,0.0,0.0,0.0,,,0.67,,,1.0,1.0,0.0,0.0,0.0,16.67,0.0
3,新竹御嵿攻城獅,90|10862|10885,李啓瑋/提傑/劉丞勳,1,6,6.0,61.42,1.02,01:01,61.42,1.02,01:01,0.0,0.0,0.0,0.0,5.0,5.0,83.33,175.84,1.0,1.0,16.67,35.17,0.0,0.0,0.0,0.0,1.0,1.0,16.67,35.17,0.0,0.0,0.0,0.0,0.0,0.0,0.0,0.0,0.0,0.0,0.0,0.0,0.0,0.0,0.0,0.0,0.0,0.0,0.0,0.0,0.0,0.0,0.0,0.0,1.0,1.0,16.67,35.17,0.0,0.0,0.0,0.0,0.0,0.0,0.0,0.0,2.0,2.0,33.33,70.34,0.0,0.0,0.0,0.0,0.0,0.0,0.0,0.0,0.0,0.0,0.0,0.0,0.0,0.0,0.0,0.0,1.0,1.0,16.67,35.17,0.0,83.33,-83.33,140.68,-5.0,-5.0,-83.33,1.02,1.02,0.0,0.0,0.0,,,0.67,,,1.0,1.0,0.0,0.0,0.0,16.67,0.0
3,新竹御嵿攻城獅,90|10862|10887,李啓瑋/提傑/德魯,1,9,10.0,104.25,1.74,01:44,104.25,1.74,01:44,0.0,0.0,0.0,0.0,6.0,6.0,60.0,124.32,2.0,2.0,20.0,41.44,0.0,0.0,0.0,0.0,2.0,2.0,20.0,41.44,0.0,0.0,0.0,0.0,0.0,0.0,0.0,0.0,0.0,0.0,0.0,0.0,2.0,2.0,20.0,41.44,1.0,1.0,10.0,20.72,0.0,0.0,0.0,0.0,3.0,3.0,30.0,62.16,1.0,1.0,10.0,20.72,1.0,1.0,10.0,20.72,2.0,2.0,20.0,41.44,0.0,0.0,0.0,0.0,0.0,0.0,0.0,0.0,0.0,0.0,0.0,0.0,1.0,1.0,10.0,20.72,1.0,1.0,10.0,20.72,0.0,60.0,-60.0,138.13,-6.0,-6.0,-60.0,1.74,1.74,0.0,0.0,0.0,,0.5,0.41,,0.0,0.75,0.6,0.0,0.0,0.1,10.0,1.0
3,桃園台啤永豐雲豹,54|3129|10861,高錦瑋/董永全/迪亞洛,1,3,7.0,71.0,1.18,01:11,71.0,1.18,01:11,2.0,2.0,28.57,60.85,0.0,0.0,0.0,0.0,6.0,6.0,85.71,182.54,1.0,1.0,14.29,30.42,3.0,3.0,42.86,91.27,1.0,1.0,14.29,30.42,3.0,3.0,42.86,91.27,0.0,0.0,0.0,0.0,0.0,0.0,0.0,0.0,0.0,0.0,0.0,0.0,4.0,4.0,57.14,121.69,1.0,1.0,14.29,30.42,0.0,0.0,0.0,0.0,1.0,1.0,14.29,30.42,0.0,0.0,0.0,0.0,0.0,0.0,0.0,0.0,0.0,0.0,0.0,0.0,0.0,0.0,0.0,0.0,0.0,0.0,0.0,0.0,0.0,0.0,0.0,0.0,28.57,0.0,28.57,141.97,2.0,2.0,28.57,1.18,1.18,0.17,0.17,0.33,0.0,,0.0,0.0,0.8,1.0,0.83,0.0,0.0,0.0,0.0,0.0
3,桃園台啤永豐雲豹,57|3129|10861,莊博元/董永全/迪亞洛,1,3,7.0,71.0,1.18,01:11,71.0,1.18,01:11,2.0,2.0,28.57,60.85,0.0,0.0,0.0,0.0,6.0,6.0,85.71,182.54,1.0,1.0,14.29,30.42,3.0,3.0,42.86,91.27,1.0,1.0,14.29,30.42,3.0,3.0,42.86,91.27,0.0,0.0,0.0,0.0,0.0,0.0,0.0,0.0,0.0,0.0,0.0,0.0,4.0,4.0,57.14,121.69,1.0,1.0,14.29,30.42,0.0,0.0,0.0,0.0,1.0,1.0,14.29,30.42,0.0,0.0,0.0,0.0,0.0,0.0,0.0,0.0,0.0,0.0,0.0,0.0,0.0,0.0,0.0,0.0,0.0,0.0,0.0,0.0,0.0,0.0,0.0,0.0,28.57,0.0,28.57,141.97,2.0,2.0,28.57,1.18,1.18,0.17,0.17,0.33,0.0,,0.0,0.0,0.8,1.0,0.83,0.0,0.0,0.0,0.0,0.0
3,桃園台啤永豐雲豹,68|3129|10861,克羅馬/董永全/迪亞洛,1,3,7.0,71.0,1.18,01:11,71.0,1.18,01:11,2.0,2.0,28.57,60.85,0.0,0.0,0.0,0.0,6.0,6.0,85.71,182.54,1.0,1.0,14.29,30.42,3.0,3.0,42.86,91.27,1.0,1.0,14.29,30.42,3.0,3.0,42.86,91.27,0.0,0.0,0.0,0.0,0.0,0.0,0.0,0.0,0.0,0.0,0.0,0.0,4.0,4.0,57.14,121.69,1.0,1.0,14.29,30.42,0.0,0.0,0.0,0.0,1.0,1.0,14.29,30.42,0.0,0.0,0.0,0.0,0.0,0.0,0.0,0.0,0.0,0.0,0.0,0.0,0.0,0.0,0.0,0.0,0.0,0.0,0.0,0.0,0.0,0.0,0.0,0.0,28.57,0.0,28.57,141.97,2.0,2.0,28.57,1.18,1.18,0.17,0.17,0.33,0.0,,0.0,0.0,0.8,1.0,0.83,0.0,0.0,0.0,0.0,0.0
3,桃園台啤永豐雲豹,16|54|62,米勒/高錦瑋/王皓吉,1,22,27.0,395.45,6.59,06:35,395.45,6.59,06:35,12.0,12.0,44.44,65.55,14.0,14.0,51.85,76.47,11.0,11.0,40.74,60.08,5.0,5.0,18.52,27.31,10.0,10.0,37.04,54.62,5.0,5.0,18.52,27.31,1.0,1.0,3.7,5.46,0.0,0.0,0.0,0.0,3.0,3.0,11.11,16.39,2.0,2.0,7.41,10.92,4.0,4.0,14.81,21.85,3.0,3.0,11.11,16.39,1.0,1.0,3.7,5.46,3.0,3.0,11.11,16.39,3.0,3.0,11.11,16.39,2.0,2.0,7.41,10.92,2.0,2.0,7.41,10.92,2.0,2.0,7.41,10.92,3.0,3.0,11.11,16.39,2.0,2.0,7.41,10.92,44.44,51.85,-7.41,98.32,-2.0,-2.0,-7.41,6.59,6.59,0.45,0.49,0.5,0.0,0.67,0.2,0.4,0.57,0.75,0.64,7.41,7.41,0.11,7.41,0.27
3,桃園台啤永豐雲豹,16|57|62,米勒/莊博元/王皓吉,1,15,19.0,244.45,4.07,04:04,244.45,4.07,04:04,10.0,10.0,52.63,88.36,6.0,6.0,31.58,53.02,8.0,8.0,42.11,70.69,4.0,4.0,21.05,35.34,7.0,7.0,36.84,61.85,4.0,4.0,21.05,35.34,1.0,1.0,5.26,8.84,0.0,0.0,0.0,0.0,3.0,3.0,15.79,26.51,2.0,2.0,10.53,17.67,4.0,4.0,21.05,35.34,1.0,1.0,5.26,8.84,0.0,0.0,0.0,0.0,2.0,2.0,10.53,17.67,2.0,2.0,10.53,17.67,1.0,1.0,5.26,8.84,1.0,1.0,5.26,8.84,2.0,2.0,10.53,17.67,2.0,2.0,10.53,17.67,0.0,0.0,0.0,0.0,52.63,31.58,21.05,111.93,4.0,4.0,21.05,4.07,4.07,0.5,0.54,0.57,0.0,0.67,0.18,0.25,0.67,1.0,0.71,5.26,10.53,0.11,0.0,0.38
3,桃園台啤永豐雲豹,16|62|68,米勒/王皓吉/克羅馬,1,9,12.0,147.0,2.45,02:27,147.0,2.45,02:27,6.0,6.0,50.0,88.16,4.0,4.0,33.33,58.78,5.0,5.0,41.67,73.47,2.0,2.0,16.67,29.39,5.0,5.0,41.67,73.47,2.0,2.0,16.67,29.39,0.0,0.0,0.0,0.0,0.0,0.0,0.0,0.0,3.0,3.0,25.0,44.08,2.0,2.0,16.67,29.39,3.0,3.0,25.0,44.08,1.0,1.0,8.33,14.69,0.0,0.0,0.0,0.0,2.0,2.0,16.67,29.39,1.0,1.0,8.33,14.69,0.0,0.0,0.0,0.0,0.0,0.0,0.0,0.0,2.0,2.0,16.67,29.39,2.0,2.0,16.67,29.39,0.0,0.0,0.0,0.0,50.0,33.33,16.67,117.55,2.0,2.0,16.67,2.45,2.45,0.4,0.47,0.4,,0.67,0.14,0.0,0.6,1.0,0.67,0.0,16.67,0.17,0.0,0.6
3,桃園台啤永豐雲豹,16|54|10861,米勒/高錦瑋/迪亞洛,1,13,15.0,248.45,4.14,04:08,248.45,4.14,04:08,6.0,6.0,40.0,52.16,10.0,10.0,66.67,86.94,6.0,6.0,40.0,52.16,3.0,3.0,20.0,26.08,5.0,5.0,33.33,43.47,3.0,3.0,20.0,26.08,1.0,1.0,6.67,8.69,0.0,0.0,0.0,0.0,0.0,0.0,0.0,0.0,0.0,0.0,0.0,0.0,1.0,1.0,6.67,8.69,2.0,2.0,13.33,17.39,1.0,1.0,6.67,8.69,1.0,1.0,6.67,8.69,2.0,2.0,13.33,17.39,2.0,2.0,13.33,17.39,2.0,2.0,13.33,17.39,0.0,0.0,0.0,0.0,1.0,1.0,6.67,8.69,2.0,2.0,13.33,17.39,40.0,66.67,-26.67,86.94,-4.0,-4.0,-26.67,4.14,4.14,0.5,0.5,0.6,0.0,,0.25,0.67,0.5,0.67,0.6,13.33,0.0,0.07,13.33,0.0
3,桃園台啤永豐雲豹,54|58|62,高錦瑋/林信寬/王皓吉,1,7,8.0,151.0,2.52,02:31,151.0,2.52,02:31,2.0,2.0,25.0,28.61,8.0,8.0,100.0,114.44,3.0,3.0,37.5,42.91,1.0,1.0,12.5,14.3,3.0,3.0,37.5,42.91,1.0,1.0,12.5,14.3,0.0,0.0,0.0,0.0,0.0,0.0,0.0,0.0,0.0,0.0,0.0,0.0,0.0,0.0,0.0,0.0,0.0,0.0,0.0,0.0,2.0,2.0,25.0,28.61,1.0,1.0,12.5,14.3,1.0,1.0,12.5,14.3,1.0,1.0,12.5,14.3,1.0,1.0,12.5,14.3,1.0,1.0,12.5,14.3,0.0,0.0,0.0,0.0,1.0,1.0,12.5,14.3,2.0,2.0,25.0,28.61,25.0,100.0,-75.0,76.29,-6.0,-6.0,-75.0,2.52,2.52,0.33,0.33,0.33,,,0.25,1.0,0.0,0.67,0.5,12.5,0.0,0.12,25.0,0.0
3,新竹御嵿攻城獅,75|88|10885,高國豪/盧冠軒/劉丞勳,1,5,7.0,53.0,0.88,00:53,53.0,0.88,00:53,1.0,1.0,14.29,40.75,2.0,2.0,28.57,81.51,2.0,2.0,28.57,81.51,0.0,0.0,0.0,0.0,0.0,0.0,0.0,0.0,0.0,0.0,0.0,0.0,2.0,2.0,28.57,81.51,0.0,0.0,0.0,0.0,0.0,0.0,0.0,0.0,0.0,0.0,0.0,0.0,1.0,1.0,14.29,40.75,1.0,1.0,14.29,40.75,0.0,0.0,0.0,0.0,0.0,0.0,0.0,0.0,1.0,1.0,14.29,40.75,0.0,0.0,0.0,0.0,1.0,1.0,14.29,40.75,0.0,0.0,0.0,0.0,0.0,0.0,0.0,0.0,2.0,2.0,28.57,81.51,14.29,28.57,-14.29,190.19,-1.0,-1.0,-14.29,0.88,0.88,0.0,0.25,,0.0,,0.33,,1.0,1.0,1.0,14.29,0.0,0.0,28.57,0.0
3,新竹御嵿攻城獅,75|88|10887,高國豪/盧冠軒/德魯,1,8,11.0,95.83,1.6,01:36,95.83,1.6,01:36,1.0,1.0,9.09,22.54,3.0,3.0,27.27,67.62,3.0,3.0,27.27,67.62,0.0,0.0,0.0,0.0,1.0,1.0,9.09,22.54,0.0,0.0,0.0,0.0,2.0,2.0,18.18,45.08,0.0,0.0,0.0,0.0,2.0,2.0,18.18,45.08,1.0,1.0,9.09,22.54,1.0,1.0,9.09,22.54,3.0,3.0,27.27,67.62,1.0,1.0,9.09,22.54,1.0,1.0,9.09,22.54,1.0,1.0,9.09,22.54,0.0,0.0,0.0,0.0,1.0,1.0,9.09,22.54,0.0,0.0,0.0,0.0,1.0,1.0,9.09,22.54,2.0,2.0,18.18,45.08,9.09,27.27,-18.18,165.29,-2.0,-2.0,-18.18,1.6,1.6,0.0,0.13,0.0,0.0,0.5,0.2,,0.5,0.75,0.67,9.09,0.0,0.09,18.18,0.67
3,新竹御嵿攻城獅,88|10862|10885,盧冠軒/提傑/劉丞勳,1,5,7.0,53.0,0.88,00:53,53.0,0.88,00:53,1.0,1.0,14.29,40.75,2.0,2.0,28.57,81.51,2.0,2.0,28.57,81.51,0.0,0.0,0.0,0.0,0.0,0.0,0.0,0.0,0.0,0.0,0.0,0.0,2.0,2.0,28.57,81.51,0.0,0.0,0.0,0.0,0.0,0.0,0.0,0.0,0.0,0.0,0.0,0.0,1.0,1.0,14.29,40.75,1.0,1.0,14.29,40.75,0.0,0.0,0.0,0.0,0.0,0.0,0.0,0.0,1.0,1.0,14.29,40.75,0.0,0.0,0.0,0.0,1.0,1.0,14.29,40.75,0.0,0.0,0.0,0.0,0.0,0.0,0.0,0.0,2.0,2.0,28.57,81.51,14.29,28.57,-14.29,190.19,-1.0,-1.0,-14.29,0.88,0.88,0.0,0.25,,0.0,,0.33,,1.0,1.0,1.0,14.29,0.0,0.0,28.57,0.0
3,新竹御嵿攻城獅,88|10862|10887,盧冠軒/提傑/德魯,1,8,11.0,95.83,1.6,01:36,95.83,1.6,01:36,1.0,1.0,9.09,22.54,3.0,3.0,27.27,67.62,3.0,3.0,27.27,67.62,0.0,0.0,0.0,0.0,1.0,1.0,9.09,22.54,0.0,0.0,0.0,0.0,2.0,2.0,18.18,45.08,0.0,0.0,0.0,0.0,2.0,2.0,18.18,45.08,1.0,1.0,9.09,22.54,1.0,1.0,9.09,22.54,3.0,3.0,27.27,67.62,1.0,1.0,9.09,22.54,1.0,1.0,9.09,22.54,1.0,1.0,9.09,22.54,0.0,0.0,0.0,0.0,1.0,1.0,9.09,22.54,0.0,0.0,0.0,0.0,1.0,1.0,9.09,22.54,2.0,2.0,18.18,45.08,9.09,27.27,-18.18,165.29,-2.0,-2.0,-18.18,1.6,1.6,0.0,0.13,0.0,0.0,0.5,0.2,,0.5,0.75,0.67,9.09,0.0,0.09,18.18,0.67
3,新竹御嵿攻城獅,88|10885|10887,盧冠軒/劉丞勳/德魯,1,8,10.0,82.49,1.37,01:22,82.49,1.37,01:22,1.0,1.0,10.0,26.18,7.0,7.0,70.0,183.29,2.0,2.0,20.0,52.37,0.0,0.0,0.0,0.0,0.0,0.0,0.0,0.0,0.0,0.0,0.0,0.0,2.0,2.0,20.0,52.37,0.0,0.0,0.0,0.0,0.0,0.0,0.0,0.0,0.0,0.0,0.0,0.0,1.0,1.0,10.0,26.18,1.0,1.0,10.0,26.18,0.0,0.0,0.0,0.0,0.0,0.0,0.0,0.0,2.0,2.0,20.0,52.37,0.0,0.0,0.0,0.0,1.0,1.0,10.0,26.18,0.0,0.0,0.0,0.0,0.0,0.0,0.0,0.0,2.0,2.0,20.0,52.37,10.0,70.0,-60.0,174.56,-6.0,-6.0,-60.0,1.37,1.37,0.0,0.25,,0.0,,0.5,,1.0,1.0,1.0,10.0,0.0,0.0,20.0,0.0
3,新竹御嵿攻城獅,75|90|10887,高國豪/李啓瑋/德魯,1,3,4.0,42.83,0.71,00:43,42.83,0.71,00:43,0.0,0.0,0.0,0.0,1.0,1.0,25.0,50.43,1.0,1.0,25.0,50.43,0.0,0.0,0.0,0.0,1.0,1.0,25.0,50.43,0.0,0.0,0.0,0.0,0.0,0.0,0.0,0.0,0.0,0.0,0.0,0.0,2.0,2.0,50.0,100.86,1.0,1.0,25.0,50.43,0.0,0.0,0.0,0.0,2.0,2.0,50.0,100.86,1.0,1.0,25.0,50.43,1.0,1.0,25.0,50.43,0.0,0.0,0.0,0.0,0.0,0.0,0.0,0.0,0.0,0.0,0.0,0.0,0.0,0.0,0.0,0.0,1.0,1.0,25.0,50.43,0.0,0.0,0.0,0.0,0.0,25.0,-25.0,134.48,-1.0,-1.0,-25.0,0.71,0.71,0.0,0.0,0.0,,0.5,0.0,,0.0,0.67,0.5,0.0,0.0,0.25,0.0,2.0
3,新竹御嵿攻城獅,88|90|10885,盧冠軒/李啓瑋/劉丞勳,1,3,3.0,29.49,0.49,00:29,29.49,0.49,00:29,0.0,0.0,0.0,0.0,5.0,5.0,166.67,366.18,0.0,0.0,0.0,0.0,0.0,0.0,0.0,0.0,0.0,0.0,0.0,0.0,0.0,0.0,0.0,0.0,0.0,0.0,0.0,0.0,0.0,0.0,0.0,0.0,0.0,0.0,0.0,0.0,0.0,0.0,0.0,0.0,0.0,0.0,0.0,0.0,0.0,0.0,0.0,0.0,0.0,0.0,0.0,0.0,0.0,0.0,0.0,0.0,1.0,1.0,33.33,73.24,0.0,0.0,0.0,0.0,0.0,0.0,0.0,0.0,0.0,0.0,0.0,0.0,0.0,0.0,0.0,0.0,0.0,0.0,0.0,0.0,0.0,166.67,-166.67,146.47,-5.0,-5.0,-166.67,0.49,0.49,,,,,,1.0,,,,,0.0,0.0,0.0,0.0,
3,新竹御嵿攻城獅,88|10885|10888,盧冠軒/劉丞勳/帕塞獅,1,3,3.0,29.49,0.49,00:29,29.49,0.49,00:29,0.0,0.0,0.0,0.0,5.0,5.0,166.67,366.18,0.0,0.0,0.0,0.0,0.0,0.0,0.0,0.0,0.0,0.0,0.0,0.0,0.0,0.0,0.0,0.0,0.0,0.0,0.0,0.0,0.0,0.0,0.0,0.0,0.0,0.0,0.0,0.0,0.0,0.0,0.0,0.0,0.0,0.0,0.0,0.0,0.0,0.0,0.0,0.0,0.0,0.0,0.0,0.0,0.0,0.0,0.0,0.0,1.0,1.0,33.33,73.24,0.0,0.0,0.0,0.0,0.0,0.0,0.0,0.0,0.0,0.0,0.0,0.0,0.0,0.0,0.0,0.0,0.0,0.0,0.0,0.0,0.0,166.67,-166.67,146.47,-5.0,-5.0,-166.67,0.49,0.49,,,,,,1.0,,,,,0.0,0.0,0.0,0.0,
