lineup_size,team_name,lineup_player_ids,lineup_player_names,games_used,stint_count,possessions,sec_played,min_played,min_played_str,sec_per_game,min_per_game,min_per_game_str,PTS,PTS_per_game,PTS_per100,PTS_per36,PTS_allowed,PTS_allowed_per_game,PTS_allowed_per100,PTS_allowed_per36,FGA,FGA_per_game,FGA_per100,FGA_per36,FGM,FGM_per_game,FGM_per100,FGM_per36,2PA,2PA_per_game,2PA_per100,2PA_per36,2PM,2PM_per_game,2PM_per100,2PM_per36,3PA,3PA_per_game,3PA_per100,3PA_per36,3PM,3PM_per_game,3PM_per100,3PM_per36,FTA,FTA_per_game,FTA_per100,FTA_per36,FTM,FTM_per_game,FTM_per100,FTM_per36,ORB,ORB_per_game,ORB_per100,ORB_per36,DRB,DRB_per_game,DRB_per100,DRB_per36,ORB_allowed,ORB_allowed_per_game,ORB_allowed_per100,ORB_allowed_per36,DRB_allowed,DRB_allowed_per_game,DRB_allowed_per100,DRB_allowed_per36,TOV,TOV_per_game,TOV_per100,TOV_per36,AST,AST_per_game,AST_per100,AST_per36,STL,STL_per_game,STL_per100,STL_per36,BLK,BLK_per_game,BLK_per100,BLK_per36,Fouls,Fouls_per_game,Fouls_per100,Fouls_per36,FT_allowed,FT_allowed_per_game,FT_allowed_per100,FT_allowed_per36,ORtg,DRtg,NetRtg,PACE,PM_total,PM_per_game,PM_per100,MIN_total,MIN_per_game,eFG,TS,FG2_pct,FG3_pct,FT_pct,TOV_pct,AST_ratio,ORB_pct,DRB_pct,TRB_pct,STL_pct,BLK_pct,Foul_per_poss,FT_allowed_rate_per100,FT_rate
3,新北國王,21|24|29,李愷諺/蘇士軒/林書緯,4,207,242.0,3506.92,58.45,58:27,876.73,14.61,14:37,99.0,24.75,40.91,60.98,117.0,29.25,48.35,72.06,94.0,23.5,38.84,57.9,40.0,10.0,16.53,24.64,51.0,12.75,21.07,31.41,26.0,6.5,10.74,16.01,43.0,10.75,17.77,26.48,14.0,3.5,5.79,8.62,7.0,1.75,2.89,4.31,3.0,0.75,1.24,1.85,9.0,2.25,3.72,5.54,47.0,11.75,19.42,28.95,19.0,4.75,7.85,11.7,40.0,10.0,16.53,24.64,14.0,3.5,5.79,8.62,21.0,5.25,8.68,12.93,8.0,2.0,3.31,4.93,3.0,0.75,1.24,1.85,20.0,5.0,8.26,12.32,23.0,5.75,9.5,14.17,40.91,48.35,-7.44,99.37,-18.0,-4.5,-7.44,58.45,14.61,0.5,0.51,0.51,0.33,0.43,0.13,0.52,0.18,0.71,0.49,3.31,1.24,0.08,9.5,0.07
3,新北國王,21|24|34,李愷諺/蘇士軒/沃許本,2,89,101.0,1550.02,25.83,25:50,775.01,12.92,12:55,46.0,23.0,45.54,64.1,55.0,27.5,54.46,76.64,45.0,22.5,44.55,62.71,21.0,10.5,20.79,29.26,31.0,15.5,30.69,43.2,17.0,8.5,16.83,23.69,14.0,7.0,13.86,19.51,4.0,2.0,3.96,5.57,2.0,1.0,1.98,2.79,0.0,0.0,0.0,0.0,8.0,4.0,7.92,11.15,17.0,8.5,16.83,23.69,4.0,2.0,3.96,5.57,17.0,8.5,16.83,23.69,7.0,3.5,6.93,9.75,8.0,4.0,7.92,11.15,3.0,1.5,2.97,4.18,2.0,1.0,1.98,2.79,4.0,2.0,3.96,5.57,1.0,0.5,0.99,1.39,45.54,54.46,-8.91,93.83,-9.0,-4.5,-8.91,25.83,12.92,0.51,0.5,0.55,0.29,0.0,0.13,0.38,0.32,0.81,0.54,2.97,1.98,0.04,0.99,0.04
3,新北國王,21|24|13029,李愷諺/蘇士軒/杰倫,4,251,297.0,4216.06,70.27,70:16,1054.01,17.57,17:34,124.0,31.0,41.75,63.53,145.0,36.25,48.82,74.29,112.0,28.0,37.71,57.38,49.0,12.25,16.5,25.1,60.0,15.0,20.2,30.74,31.0,7.75,10.44,15.88,52.0,13.0,17.51,26.64,18.0,4.5,6.06,9.22,15.0,3.75,5.05,7.68,8.0,2.0,2.69,4.1,14.0,3.5,4.71,7.17,52.0,13.0,17.51,26.64,25.0,6.25,8.42,12.81,44.0,11.0,14.81,22.54,20.0,5.0,6.73,10.25,26.0,6.5,8.75,13.32,11.0,2.75,3.7,5.64,3.0,0.75,1.01,1.54,22.0,5.5,7.41,11.27,24.0,6.0,8.08,12.3,41.75,48.82,-7.07,101.44,-21.0,-5.25,-7.07,70.27,17.57,0.52,0.52,0.52,0.35,0.53,0.14,0.53,0.24,0.68,0.49,3.7,1.01,0.07,8.08,0.13
3,新北國王,21|29|34,李愷諺/林書緯/沃許本,2,88,99.0,1430.73,23.85,23:51,715.37,11.92,11:55,40.0,20.0,40.4,60.39,57.0,28.5,57.58,86.05,41.0,20.5,41.41,61.9,17.0,8.5,17.17,25.67,28.0,14.0,28.28,42.27,14.0,7.0,14.14,21.14,13.0,6.5,13.13,19.63,3.0,1.5,3.03,4.53,4.0,2.0,4.04,6.04,1.0,0.5,1.01,1.51,6.0,3.0,6.06,9.06,19.0,9.5,19.19,28.68,5.0,2.5,5.05,7.55,17.0,8.5,17.17,25.67,7.0,3.5,7.07,10.57,7.0,3.5,7.07,10.57,4.0,2.0,4.04,6.04,2.0,1.0,2.02,3.02,5.0,2.5,5.05,7.55,4.0,2.0,4.04,6.04,40.4,57.58,-17.17,99.64,-17.0,-8.5,-17.17,23.85,11.92,0.45,0.47,0.5,0.23,0.25,0.14,0.41,0.26,0.79,0.53,4.04,2.02,0.05,4.04,0.1
3,新北國王,21|29|13029,李愷諺/林書緯/杰倫,4,284,329.0,4592.41,76.54,76:32,1148.1,19.14,19:08,132.0,33.0,40.12,62.09,161.0,40.25,48.94,75.72,123.0,30.75,37.39,57.85,50.0,12.5,15.2,23.52,68.0,17.0,20.67,31.98,33.0,8.25,10.03,15.52,55.0,13.75,16.72,25.87,17.0,4.25,5.17,8.0,23.0,5.75,6.99,10.82,14.0,3.5,4.26,6.58,16.0,4.0,4.86,7.53,61.0,15.25,18.54,28.69,21.0,5.25,6.38,9.88,52.0,13.0,15.81,24.46,21.0,5.25,6.38,9.88,30.0,7.5,9.12,14.11,12.0,3.0,3.65,5.64,3.0,0.75,0.91,1.41,33.0,8.25,10.03,15.52,37.0,9.25,11.25,17.4,40.12,48.94,-8.81,103.16,-29.0,-7.25,-8.81,76.54,19.14,0.48,0.5,0.49,0.31,0.61,0.14,0.6,0.24,0.74,0.51,3.65,0.91,0.1,11.25,0.19
3,新北國王,21|34|13029,李愷諺/沃許本/杰倫,2,101,114.0,1702.8,28.38,28:23,851.4,14.19,14:11,53.0,26.5,46.49,67.23,60.0,30.0,52.63,76.11,46.0,23.0,40.35,58.35,21.0,10.5,18.42,26.64,32.0,16.0,28.07,40.59,17.0,8.5,14.91,21.56,14.0,7.0,12.28,17.76,4.0,2.0,3.51,5.07,11.0,5.5,9.65,13.95,7.0,3.5,6.14,8.88,8.0,4.0,7.02,10.15,19.0,9.5,16.67,24.1,5.0,2.5,4.39,6.34,20.0,10.0,17.54,25.37,8.0,4.0,7.02,10.15,9.0,4.5,7.89,11.42,3.0,1.5,2.63,3.81,2.0,1.0,1.75,2.54,7.0,3.5,6.14,8.88,1.0,0.5,0.88,1.27,46.49,52.63,-6.14,96.41,-7.0,-3.5,-6.14,28.38,14.19,0.5,0.52,0.53,0.29,0.64,0.14,0.43,0.29,0.79,0.52,2.63,1.75,0.06,0.88,0.24
3,新北國王,24|29|34,蘇士軒/林書緯/沃許本,2,107,119.0,1791.89,29.86,29:52,895.95,14.93,14:56,53.0,26.5,44.54,63.89,66.0,33.0,55.46,79.56,49.0,24.5,41.18,59.07,21.0,10.5,17.65,25.31,34.0,17.0,28.57,40.98,16.0,8.0,13.45,19.29,15.0,7.5,12.61,18.08,5.0,2.5,4.2,6.03,4.0,2.0,3.36,4.82,1.0,0.5,0.84,1.21,6.0,3.0,5.04,7.23,24.0,12.0,20.17,28.93,5.0,2.5,4.2,6.03,25.0,12.5,21.01,30.14,7.0,3.5,5.88,8.44,10.0,5.0,8.4,12.05,5.0,2.5,4.2,6.03,2.0,1.0,1.68,2.41,7.0,3.5,5.88,8.44,10.0,5.0,8.4,12.05,44.54,55.46,-10.92,95.63,-13.0,-6.5,-10.92,29.86,14.93,0.48,0.52,0.47,0.33,0.25,0.12,0.48,0.19,0.83,0.5,4.2,1.68,0.06,8.4,0.08
3,新北國王,24|29|13029,蘇士軒/林書緯/杰倫,4,305,358.0,5106.2,85.1,85:06,1276.55,21.28,21:17,163.0,40.75,45.53,68.95,164.0,41.0,45.81,69.37,137.0,34.25,38.27,57.95,62.0,15.5,17.32,26.23,76.0,19.0,21.23,32.15,37.0,9.25,10.34,15.65,61.0,15.25,17.04,25.8,25.0,6.25,6.98,10.58,17.0,4.25,4.75,7.19,12.0,3.0,3.35,5.08,14.0,3.5,3.91,5.92,63.0,15.75,17.6,26.65,27.0,6.75,7.54,11.42,68.0,17.0,18.99,28.77,21.0,5.25,5.87,8.88,36.0,9.0,10.06,15.23,14.0,3.5,3.91,5.92,4.0,1.0,1.12,1.69,29.0,7.25,8.1,12.27,36.0,9.0,10.06,15.23,45.53,45.81,-0.28,100.96,-1.0,-0.25,-0.28,85.1,21.28,0.54,0.56,0.49,0.41,0.71,0.13,0.58,0.17,0.7,0.45,3.91,1.12,0.08,10.06,0.12
3,新北國王,24|34|13029,蘇士軒/沃許本/杰倫,2,127,144.0,2161.89,36.03,36:02,1080.95,18.02,18:01,67.0,33.5,46.53,66.94,77.0,38.5,53.47,76.93,60.0,30.0,41.67,59.95,28.0,14.0,19.44,27.98,42.0,21.0,29.17,41.96,21.0,10.5,14.58,20.98,18.0,9.0,12.5,17.98,7.0,3.5,4.86,6.99,4.0,2.0,2.78,4.0,1.0,0.5,0.69,1.0,9.0,4.5,6.25,8.99,25.0,12.5,17.36,24.98,7.0,3.5,4.86,6.99,27.0,13.5,18.75,26.98,10.0,5.0,6.94,9.99,12.0,6.0,8.33,11.99,6.0,3.0,4.17,5.99,2.0,1.0,1.39,2.0,8.0,4.0,5.56,7.99,12.0,6.0,8.33,11.99,46.53,53.47,-6.94,95.92,-10.0,-5.0,-6.94,36.03,18.02,0.52,0.54,0.5,0.39,0.25,0.14,0.43,0.25,0.78,0.5,4.17,1.39,0.06,8.33,0.07
3,新北國王,29|34|13029,林書緯/沃許本/杰倫,2,148,165.0,2450.87,40.85,40:51,1225.44,20.42,20:25,76.0,38.0,46.06,66.98,87.0,43.5,52.73,76.67,65.0,32.5,39.39,57.29,29.0,14.5,17.58,25.56,42.0,21.0,25.45,37.02,21.0,10.5,12.73,18.51,23.0,11.5,13.94,20.27,8.0,4.0,4.85,7.05,10.0,5.0,6.06,8.81,5.0,2.5,3.03,4.41,8.0,4.0,4.85,7.05,31.0,15.5,18.79,27.32,7.0,3.5,4.24,6.17,34.0,17.0,20.61,29.96,12.0,6.0,7.27,10.58,16.0,8.0,9.7,14.1,7.0,3.5,4.24,6.17,2.0,1.0,1.21,1.76,12.0,6.0,7.27,10.58,15.0,7.5,9.09,13.22,46.06,52.73,-6.67,96.95,-11.0,-5.5,-6.67,40.85,20.42,0.51,0.55,0.5,0.35,0.5,0.15,0.55,0.19,0.82,0.49,4.24,1.21,0.07,9.09,0.15
3,新北中信特攻,40|43|10877,謝亞軒/林韋翰/阿巴西,2,199,230.0,3232.83,53.88,53:53,1616.42,26.94,26:56,96.0,48.0,41.74,64.14,112.0,56.0,48.7,74.83,95.0,47.5,41.3,63.47,38.0,19.0,16.52,25.39,47.0,23.5,20.43,31.4,27.0,13.5,11.74,18.04,48.0,24.0,20.87,32.07,11.0,5.5,4.78,7.35,11.0,5.5,4.78,7.35,8.0,4.0,3.48,5.35,16.0,8.0,6.96,10.69,43.0,21.5,18.7,28.73,8.0,4.0,3.48,5.35,37.0,18.5,16.09,24.72,16.0,8.0,6.96,10.69,25.0,12.5,10.87,16.7,8.0,4.0,3.48,5.35,2.0,1.0,0.87,1.34,24.0,12.0,10.43,16.04,16.0,8.0,6.96,10.69,41.74,48.7,-6.96,102.45,-16.0,-8.0,-6.96,53.88,26.94,0.46,0.48,0.57,0.23,0.73,0.14,0.66,0.3,0.84,0.57,3.48,0.87,0.1,6.96,0.12
3,新北中信特攻,40|43|10880,謝亞軒/林韋翰/內馬,2,160,183.0,2637.81,43.96,43:58,1318.9,21.98,21:59,78.0,39.0,42.62,63.87,92.0,46.0,50.27,75.34,77.0,38.5,42.08,63.05,33.0,16.5,18.03,27.02,41.0,20.5,22.4,33.57,23.0,11.5,12.57,18.83,36.0,18.0,19.67,29.48,10.0,5.0,5.46,8.19,10.0,5.0,5.46,8.19,6.0,3.0,3.28,4.91,11.0,5.5,6.01,9.01,36.0,18.0,19.67,29.48,6.0,3.0,3.28,4.91,32.0,16.0,17.49,26.2,12.0,6.0,6.56,9.83,21.0,10.5,11.48,17.2,6.0,3.0,3.28,4.91,2.0,1.0,1.09,1.64,18.0,9.0,9.84,14.74,8.0,4.0,4.37,6.55,42.62,50.27,-7.65,99.9,-14.0,-7.0,-7.65,43.96,21.98,0.49,0.48,0.56,0.28,0.6,0.13,0.64,0.26,0.86,0.55,3.28,1.09,0.1,4.37,0.13
3,新北中信特攻,40|43|10881,謝亞軒/林韋翰/飛克,2,120,134.0,2005.41,33.42,33:25,1002.7,16.71,16:43,61.0,30.5,45.52,65.7,65.0,32.5,48.51,70.01,54.0,27.0,40.3,58.16,24.0,12.0,17.91,25.85,25.0,12.5,18.66,26.93,16.0,8.0,11.94,17.23,29.0,14.5,21.64,31.24,8.0,4.0,5.97,8.62,8.0,4.0,5.97,8.62,5.0,2.5,3.73,5.39,7.0,3.5,5.22,7.54,27.0,13.5,20.15,29.08,3.0,1.5,2.24,3.23,23.0,11.5,17.16,24.77,11.0,5.5,8.21,11.85,19.0,9.5,14.18,20.46,7.0,3.5,5.22,7.54,1.0,0.5,0.75,1.08,14.0,7.0,10.45,15.08,10.0,5.0,7.46,10.77,45.52,48.51,-2.99,96.22,-4.0,-2.0,-2.99,33.42,16.71,0.52,0.53,0.64,0.28,0.62,0.16,0.79,0.23,0.9,0.57,5.22,0.75,0.1,7.46,0.15
3,新北中信特攻,40|10877|10880,謝亞軒/阿巴西/內馬,2,174,201.0,2867.65,47.79,47:48,1433.82,23.9,23:54,85.0,42.5,42.29,64.02,107.0,53.5,53.23,80.6,80.0,40.0,39.8,60.26,35.0,17.5,17.41,26.36,43.0,21.5,21.39,32.39,25.0,12.5,12.44,18.83,37.0,18.5,18.41,27.87,10.0,5.0,4.98,7.53,9.0,4.5,4.48,6.78,6.0,3.0,2.99,4.52,11.0,5.5,5.47,8.29,36.0,18.0,17.91,27.12,9.0,4.5,4.48,6.78,35.0,17.5,17.41,26.36,13.0,6.5,6.47,9.79,22.0,11.0,10.95,16.57,7.0,3.5,3.48,5.27,2.0,1.0,1.0,1.51,21.0,10.5,10.45,15.82,8.0,4.0,3.98,6.03,42.29,53.23,-10.95,100.93,-22.0,-11.0,-10.95,47.79,23.9,0.5,0.51,0.58,0.27,0.67,0.13,0.63,0.24,0.8,0.52,3.48,1.0,0.1,3.98,0.11
3,新北中信特攻,40|10877|10881,謝亞軒/阿巴西/飛克,2,165,191.0,2757.37,45.96,45:57,1378.68,22.98,22:59,87.0,43.5,45.55,68.15,95.0,47.5,49.74,74.42,73.0,36.5,38.22,57.19,32.0,16.0,16.75,25.07,34.0,17.0,17.8,26.63,20.0,10.0,10.47,15.67,39.0,19.5,20.42,30.55,12.0,6.0,6.28,9.4,17.0,8.5,8.9,13.32,12.0,6.0,6.28,9.4,11.0,5.5,5.76,8.62,35.0,17.5,18.32,27.42,9.0,4.5,4.71,7.05,31.0,15.5,16.23,24.28,14.0,7.0,7.33,10.97,27.0,13.5,14.14,21.15,8.0,4.0,4.19,6.27,1.0,0.5,0.52,0.78,23.0,11.5,12.04,18.02,14.0,7.0,7.33,10.97,45.55,49.74,-4.19,99.75,-8.0,-4.0,-4.19,45.96,22.98,0.52,0.54,0.59,0.31,0.71,0.15,0.84,0.26,0.8,0.53,4.19,0.52,0.12,7.33,0.23
3,新北中信特攻,40|10880|10881,謝亞軒/內馬/飛克,2,112,124.0,1930.0,32.17,32:10,965.0,16.08,16:05,63.0,31.5,50.81,70.51,57.0,28.5,45.97,63.79,46.0,23.0,37.1,51.48,25.0,12.5,20.16,27.98,25.0,12.5,20.16,27.98,17.0,8.5,13.71,19.03,21.0,10.5,16.94,23.5,8.0,4.0,6.45,8.95,10.0,5.0,8.06,11.19,7.0,3.5,5.65,7.83,3.0,1.5,2.42,3.36,22.0,11.0,17.74,24.62,4.0,2.0,3.23,4.48,27.0,13.5,21.77,30.22,9.0,4.5,7.26,10.07,19.0,9.5,15.32,21.26,5.0,2.5,4.03,5.6,1.0,0.5,0.81,1.12,13.0,6.5,10.48,14.55,2.0,1.0,1.61,2.24,50.81,45.97,4.84,92.52,6.0,3.0,4.84,32.17,16.08,0.63,0.62,0.68,0.38,0.7,0.15,0.76,0.1,0.85,0.45,4.03,0.81,0.1,1.61,0.22
3,新北中信特攻,43|10877|10880,林韋翰/阿巴西/內馬,2,194,224.0,3189.7,53.16,53:10,1594.85,26.58,26:35,95.0,47.5,42.41,64.33,107.0,53.5,47.77,72.46,96.0,48.0,42.86,65.01,37.0,18.5,16.52,25.06,49.0,24.5,21.88,33.18,26.0,13.0,11.61,17.61,47.0,23.5,20.98,31.83,11.0,5.5,4.91,7.45,11.0,5.5,4.91,7.45,7.0,3.5,3.12,4.74,16.0,8.0,7.14,10.83,46.0,23.0,20.54,31.15,8.0,4.0,3.57,5.42,38.0,19.0,16.96,25.73,12.0,6.0,5.36,8.13,23.0,11.5,10.27,15.58,6.0,3.0,2.68,4.06,4.0,2.0,1.79,2.71,21.0,10.5,9.38,14.22,14.0,7.0,6.25,9.48,42.41,47.77,-5.36,101.13,-12.0,-6.0,-5.36,53.16,26.58,0.44,0.47,0.53,0.23,0.64,0.11,0.62,0.3,0.85,0.57,2.68,1.79,0.09,6.25,0.11
3,新北中信特攻,43|10877|10881,林韋翰/阿巴西/飛克,2,156,179.0,2536.73,42.28,42:17,1268.36,21.14,21:08,80.0,40.0,44.69,68.12,86.0,43.0,48.04,73.23,77.0,38.5,43.02,65.56,29.0,14.5,16.2,24.69,33.0,16.5,18.44,28.1,18.0,9.0,10.06,15.33,44.0,22.0,24.58,37.47,11.0,5.5,6.15,9.37,9.0,4.5,5.03,7.66,6.0,3.0,3.35,5.11,14.0,7.0,7.82,11.92,38.0,19.0,21.23,32.36,5.0,2.5,2.79,4.26,29.0,14.5,16.2,24.69,11.0,5.5,6.15,9.37,22.0,11.0,12.29,18.73,7.0,3.5,3.91,5.96,3.0,1.5,1.68,2.55,16.0,8.0,8.94,13.62,18.0,9.0,10.06,15.33,44.69,48.04,-3.35,101.61,-6.0,-3.0,-3.35,42.28,21.14,0.45,0.49,0.55,0.25,0.67,0.12,0.76,0.33,0.88,0.6,3.91,1.68,0.09,10.06,0.12
3,新北中信特攻,43|10880|10881,林韋翰/內馬/飛克,2,107,118.0,1780.62,29.68,29:41,890.31,14.84,14:50,56.0,28.0,47.46,67.93,58.0,29.0,49.15,70.36,50.0,25.0,42.37,60.65,21.0,10.5,17.8,25.47,24.0,12.0,20.34,29.11,13.0,6.5,11.02,15.77,26.0,13.0,22.03,31.54,8.0,4.0,6.78,9.7,8.0,4.0,6.78,9.7,4.0,2.0,3.39,4.85,6.0,3.0,5.08,7.28,28.0,14.0,23.73,33.97,2.0,1.0,1.69,2.43,22.0,11.0,18.64,26.69,7.0,3.5,5.93,8.49,16.0,8.0,13.56,19.41,5.0,2.5,4.24,6.07,3.0,1.5,2.54,3.64,10.0,5.0,8.47,12.13,8.0,4.0,6.78,9.7,47.46,49.15,-1.69,95.43,-2.0,-1.0,-1.69,29.68,14.84,0.5,0.52,0.54,0.31,0.5,0.12,0.76,0.21,0.93,0.59,4.24,2.54,0.08,6.78,0.16
3,新北中信特攻,10877|10880|10881,阿巴西/內馬/飛克,2,118,133.0,2004.45,33.41,33:24,1002.22,16.7,16:42,63.0,31.5,47.37,67.89,68.0,34.0,51.13,73.28,54.0,27.0,40.6,58.19,24.0,12.0,18.05,25.86,27.0,13.5,20.3,29.1,16.0,8.0,12.03,17.24,27.0,13.5,20.3,29.1,8.0,4.0,6.02,8.62,7.0,3.5,5.26,7.54,4.0,2.0,3.01,4.31,6.0,3.0,4.51,6.47,28.0,14.0,21.05,30.17,5.0,2.5,3.76,5.39,25.0,12.5,18.8,26.94,7.0,3.5,5.26,7.54,17.0,8.5,12.78,18.32,5.0,2.5,3.76,5.39,3.0,1.5,2.26,3.23,13.0,6.5,9.77,14.01,8.0,4.0,6.02,8.62,47.37,51.13,-3.76,95.55,-5.0,-2.5,-3.76,33.41,16.7,0.52,0.55,0.59,0.3,0.57,0.11,0.71,0.19,0.85,0.53,3.76,2.26,0.1,6.02,0.13
3,新北中信特攻,40|43|8889,謝亞軒/林韋翰/馬可,2,109,133.0,1750.58,29.18,29:11,875.29,14.59,14:35,50.0,25.0,37.59,61.69,59.0,29.5,44.36,72.8,57.0,28.5,42.86,70.33,20.0,10.0,15.04,24.68,29.0,14.5,21.8,35.78,16.0,8.0,12.03,19.74,28.0,14.0,21.05,34.55,4.0,2.0,3.01,4.94,7.0,3.5,5.26,8.64,6.0,3.0,4.51,7.4,14.0,7.0,10.53,17.27,23.0,11.5,17.29,28.38,6.0,3.0,4.51,7.4,19.0,9.5,14.29,23.44,9.0,4.5,6.77,11.1,10.0,5.0,7.52,12.34,3.0,1.5,2.26,3.7,1.0,0.5,0.75,1.23,15.0,7.5,11.28,18.51,8.0,4.0,6.02,9.87,37.59,44.36,-6.77,109.4,-9.0,-4.5,-6.77,29.18,14.59,0.39,0.42,0.55,0.14,0.86,0.13,0.5,0.42,0.79,0.6,2.26,0.75,0.11,6.02,0.12
3,新北中信特攻,40|8889|10877,謝亞軒/馬可/阿巴西,2,138,169.0,2171.89,36.2,36:12,1085.95,18.1,18:06,66.0,33.0,39.05,65.64,77.0,38.5,45.56,76.58,67.0,33.5,39.64,66.63,23.0,11.5,13.61,22.87,34.0,17.0,20.12,33.81,16.0,8.0,9.47,15.91,33.0,16.5,19.53,32.82,7.0,3.5,4.14,6.96,15.0,7.5,8.88,14.92,11.0,5.5,6.51,10.94,17.0,8.5,10.06,16.91,29.0,14.5,17.16,28.84,9.0,4.5,5.33,8.95,24.0,12.0,14.2,23.87,12.0,6.0,7.1,11.93,16.0,8.0,9.47,15.91,5.0,2.5,2.96,4.97,1.0,0.5,0.59,0.99,21.0,10.5,12.43,20.89,10.0,5.0,5.92,9.95,39.05,45.56,-6.51,112.05,-11.0,-5.5,-6.51,36.2,18.1,0.4,0.45,0.47,0.21,0.73,0.14,0.7,0.41,0.76,0.58,2.96,0.59,0.12,5.92,0.22
3,新北中信特攻,40|8889|10880,謝亞軒/馬可/內馬,2,85,102.0,1377.85,22.96,22:58,688.92,11.48,11:29,41.0,20.5,40.2,64.27,50.0,25.0,49.02,78.38,42.0,21.0,41.18,65.84,16.0,8.0,15.69,25.08,23.0,11.5,22.55,36.06,12.0,6.0,11.76,18.81,19.0,9.5,18.63,29.79,4.0,2.0,3.92,6.27,8.0,4.0,7.84,12.54,7.0,3.5,6.86,10.97,9.0,4.5,8.82,14.11,17.0,8.5,16.67,26.65,5.0,2.5,4.9,7.84,16.0,8.0,15.69,25.08,6.0,3.0,5.88,9.41,8.0,4.0,7.84,12.54,2.0,1.0,1.96,3.14,1.0,0.5,0.98,1.57,13.0,6.5,12.75,20.38,4.0,2.0,3.92,6.27,40.2,49.02,-8.82,106.6,-9.0,-4.5,-8.82,22.96,11.48,0.43,0.45,0.52,0.21,0.88,0.12,0.5,0.36,0.77,0.55,1.96,0.98,0.13,3.92,0.19
3,新北中信特攻,43|8889|10877,林韋翰/馬可/阿巴西,2,109,133.0,1738.25,28.97,28:58,869.12,14.49,14:29,50.0,25.0,37.59,62.13,59.0,29.5,44.36,73.32,56.0,28.0,42.11,69.59,19.0,9.5,14.29,23.61,28.0,14.0,21.05,34.79,15.0,7.5,11.28,18.64,28.0,14.0,21.05,34.79,4.0,2.0,3.01,4.97,7.0,3.5,5.26,8.7,6.0,3.0,4.51,7.46,14.0,7.0,10.53,17.4,23.0,11.5,17.29,28.58,6.0,3.0,4.51,7.46,19.0,9.5,14.29,23.61,9.0,4.5,6.77,11.18,10.0,5.0,7.52,12.43,3.0,1.5,2.26,3.73,1.0,0.5,0.75,1.24,16.0,8.0,12.03,19.88,8.0,4.0,6.02,9.94,37.59,44.36,-6.77,110.18,-9.0,-4.5,-6.77,28.97,14.49,0.38,0.42,0.54,0.14,0.86,0.13,0.53,0.42,0.79,0.6,2.26,0.75,0.12,6.02,0.12
3,新北中信特攻,43|8889|10880,林韋翰/馬可/內馬,2,83,100.0,1354.07,22.57,22:34,677.04,11.28,11:17,35.0,17.5,35.0,55.83,48.0,24.0,48.0,76.57,41.0,20.5,41.0,65.4,15.0,7.5,15.0,23.93,23.0,11.5,23.0,36.69,12.0,6.0,12.0,19.14,18.0,9.0,18.0,28.71,3.0,1.5,3.0,4.79,5.0,2.5,5.0,7.98,4.0,2.0,4.0,6.38,9.0,4.5,9.0,14.36,17.0,8.5,17.0,27.12,5.0,2.5,5.0,7.98,17.0,8.5,17.0,27.12,7.0,3.5,7.0,11.17,6.0,3.0,6.0,9.57,1.0,0.5,1.0,1.6,1.0,0.5,1.0,1.6,12.0,6.0,12.0,19.14,7.0,3.5,7.0,11.17,35.0,48.0,-13.0,106.35,-13.0,-6.5,-13.0,22.57,11.28,0.4,0.41,0.52,0.17,0.8,0.14,0.4,0.35,0.77,0.54,1.0,1.0,0.12,7.0,0.12
3,新北中信特攻,8889|10877|10880,馬可/阿巴西/內馬,2,82,99.0,1283.86,21.4,21:24,641.93,10.7,10:42,36.0,18.0,36.36,60.57,50.0,25.0,50.51,84.12,40.0,20.0,40.4,67.3,14.0,7.0,14.14,23.55,22.0,11.0,22.22,37.01,11.0,5.5,11.11,18.51,18.0,9.0,18.18,30.28,3.0,1.5,3.03,5.05,7.0,3.5,7.07,11.78,5.0,2.5,5.05,8.41,9.0,4.5,9.09,15.14,18.0,9.0,18.18,30.28,5.0,2.5,5.05,8.41,15.0,7.5,15.15,25.24,6.0,3.0,6.06,10.09,6.0,3.0,6.06,10.09,2.0,1.0,2.02,3.36,1.0,0.5,1.01,1.68,11.0,5.5,11.11,18.51,4.0,2.0,4.04,6.73,36.36,50.51,-14.14,111.04,-14.0,-7.0,-14.14,21.4,10.7,0.39,0.42,0.5,0.17,0.71,0.12,0.43,0.38,0.78,0.57,2.02,1.01,0.11,4.04,0.18
3,新北國王,21|24|10874,李愷諺/蘇士軒/熊祥泰,1,12,12.0,215.0,3.58,03:35,215.0,3.58,03:35,7.0,7.0,58.33,70.33,7.0,7.0,58.33,70.33,4.0,4.0,33.33,40.19,4.0,4.0,33.33,40.19,3.0,3.0,25.0,30.14,3.0,3.0,25.0,30.14,1.0,1.0,8.33,10.05,1.0,1.0,8.33,10.05,0.0,0.0,0.0,0.0,0.0,0.0,0.0,0.0,0.0,0.0,0.0,0.0,0.0,0.0,0.0,0.0,0.0,0.0,0.0,0.0,0.0,0.0,0.0,0.0,3.0,3.0,25.0,30.14,1.0,1.0,8.33,10.05,1.0,1.0,8.33,10.05,0.0,0.0,0.0,0.0,1.0,1.0,8.33,10.05,0.0,0.0,0.0,0.0,58.33,58.33,0.0,80.37,0.0,0.0,0.0,3.58,3.58,1.12,0.88,1.0,1.0,,0.43,0.25,,,,8.33,0.0,0.08,0.0,0.0
3,新北國王,21|34|10874,李愷諺/沃許本/熊祥泰,2,22,23.0,365.26,6.09,06:05,182.63,3.04,03:03,11.0,5.5,47.83,65.05,14.0,7.0,60.87,82.79,7.0,3.5,30.43,41.4,5.0,2.5,21.74,29.57,5.0,2.5,21.74,29.57,4.0,2.0,17.39,23.65,2.0,1.0,8.7,11.83,1.0,0.5,4.35,5.91,2.0,1.0,8.7,11.83,2.0,1.0,8.7,11.83,0.0,0.0,0.0,0.0,2.0,1.0,8.7,11.83,0.0,0.0,0.0,0.0,1.0,0.5,4.35,5.91,4.0,2.0,17.39,23.65,2.0,1.0,8.7,11.83,2.0,1.0,8.7,11.83,0.0,0.0,0.0,0.0,3.0,1.5,13.04,17.74,0.0,0.0,0.0,0.0,47.83,60.87,-13.04,90.68,-3.0,-1.5,-13.04,6.09,3.04,0.79,0.7,0.8,0.5,1.0,0.34,0.4,0.0,1.0,0.67,8.7,0.0,0.13,0.0,0.29
3,新北國王,21|10874|13029,李愷諺/熊祥泰/杰倫,4,50,58.0,709.46,11.82,11:49,177.36,2.96,02:57,21.0,5.25,36.21,63.94,36.0,9.0,62.07,109.6,15.0,3.75,25.86,45.67,6.0,1.5,10.34,18.27,9.0,2.25,15.52,27.4,5.0,1.25,8.62,15.22,6.0,1.5,10.34,18.27,1.0,0.25,1.72,3.04,11.0,2.75,18.97,33.49,9.0,2.25,15.52,27.4,4.0,1.0,6.9,12.18,5.0,1.25,8.62,15.22,3.0,0.75,5.17,9.13,4.0,1.0,6.9,12.18,10.0,2.5,17.24,30.45,2.0,0.5,3.45,6.09,5.0,1.25,8.62,15.22,0.0,0.0,0.0,0.0,4.0,1.0,6.9,12.18,9.0,2.25,15.52,27.4,36.21,62.07,-25.86,117.72,-15.0,-3.75,-25.86,11.82,2.96,0.43,0.53,0.56,0.17,0.82,0.34,0.33,0.5,0.62,0.56,8.62,0.0,0.07,15.52,0.73
3,新北國王,24|34|10874,蘇士軒/沃許本/熊祥泰,1,27,29.0,469.27,7.82,07:49,469.27,7.82,07:49,19.0,19.0,65.52,87.45,15.0,15.0,51.72,69.04,11.0,11.0,37.93,50.63,8.0,8.0,27.59,36.82,9.0,9.0,31.03,41.43,6.0,6.0,20.69,27.62,2.0,2.0,6.9,9.21,2.0,2.0,6.9,9.21,0.0,0.0,0.0,0.0,0.0,0.0,0.0,0.0,1.0,1.0,3.45,4.6,2.0,2.0,6.9,9.21,1.0,1.0,3.45,4.6,4.0,4.0,13.79,18.41,3.0,3.0,10.34,13.81,3.0,3.0,10.34,13.81,1.0,1.0,3.45,4.6,0.0,0.0,0.0,0.0,2.0,2.0,6.9,9.21,6.0,6.0,20.69,27.62,65.52,51.72,13.79,88.99,4.0,4.0,13.79,7.82,7.82,0.82,0.86,0.67,1.0,,0.21,0.38,0.2,0.67,0.38,3.45,0.0,0.07,20.69,0.0
3,新北國王,24|10874|13029,蘇士軒/熊祥泰/杰倫,2,60,71.0,1063.31,17.72,17:43,531.66,8.86,08:52,44.0,22.0,61.97,89.38,25.0,12.5,35.21,50.78,29.0,14.5,40.85,58.91,17.0,8.5,23.94,34.53,17.0,8.5,23.94,34.53,8.0,4.0,11.27,16.25,12.0,6.0,16.9,24.38,9.0,4.5,12.68,18.28,5.0,2.5,7.04,10.16,3.0,1.5,4.23,6.09,4.0,2.0,5.63,8.13,8.0,4.0,11.27,16.25,5.0,2.5,7.04,10.16,13.0,6.5,18.31,26.41,5.0,2.5,7.04,10.16,10.0,5.0,14.08,20.31,2.0,1.0,2.82,4.06,0.0,0.0,0.0,0.0,8.0,4.0,11.27,16.25,10.0,5.0,14.08,20.31,61.97,35.21,26.76,96.15,19.0,9.5,26.76,17.72,8.86,0.74,0.71,0.47,0.75,0.6,0.14,0.59,0.24,0.62,0.4,2.82,0.0,0.11,14.08,0.17
3,新北國王,34|10874|13029,沃許本/熊祥泰/杰倫,2,59,66.0,1001.39,16.69,16:41,500.7,8.34,08:21,44.0,22.0,66.67,94.91,31.0,15.5,46.97,66.87,25.0,12.5,37.88,53.92,17.0,8.5,25.76,36.67,15.0,7.5,22.73,32.35,11.0,5.5,16.67,23.73,10.0,5.0,15.15,21.57,6.0,3.0,9.09,12.94,5.0,2.5,7.58,10.78,3.0,1.5,4.55,6.47,2.0,1.0,3.03,4.31,8.0,4.0,12.12,17.26,3.0,1.5,4.55,6.47,13.0,6.5,19.7,28.04,5.0,2.5,7.58,10.78,8.0,4.0,12.12,17.26,1.0,0.5,1.52,2.16,0.0,0.0,0.0,0.0,7.0,3.5,10.61,15.1,9.0,4.5,13.64,19.41,66.67,46.97,19.7,94.91,13.0,6.5,19.7,16.69,8.34,0.8,0.81,0.73,0.6,0.6,0.16,0.47,0.13,0.73,0.38,1.52,0.0,0.11,13.64,0.2
3,新北中信特攻,40|8889|10881,謝亞軒/馬可/飛克,2,57,71.0,911.45,15.19,15:11,455.73,7.6,07:36,31.0,15.5,43.66,73.47,27.0,13.5,38.03,63.99,27.0,13.5,38.03,63.99,9.0,4.5,12.68,21.33,12.0,6.0,16.9,28.44,5.0,2.5,7.04,11.85,15.0,7.5,21.13,35.55,4.0,2.0,5.63,9.48,10.0,5.0,14.08,23.7,7.0,3.5,9.86,16.59,8.0,4.0,11.27,18.96,12.0,6.0,16.9,28.44,4.0,2.0,5.63,9.48,9.0,4.5,12.68,21.33,6.0,3.0,8.45,14.22,10.0,5.0,14.08,23.7,3.0,1.5,4.23,7.11,0.0,0.0,0.0,0.0,11.0,5.5,15.49,26.07,6.0,3.0,8.45,14.22,43.66,38.03,5.63,112.17,4.0,2.0,5.63,15.19,7.6,0.41,0.49,0.42,0.27,0.7,0.16,1.11,0.47,0.75,0.61,4.23,0.0,0.15,8.45,0.37
3,新北中信特攻,43|8889|10881,林韋翰/馬可/飛克,2,36,44.0,619.16,10.32,10:19,309.58,5.16,05:10,17.0,8.5,38.64,59.31,21.0,10.5,47.73,73.26,19.0,9.5,43.18,66.28,6.0,3.0,13.64,20.93,8.0,4.0,18.18,27.91,5.0,2.5,11.36,17.44,11.0,5.5,25.0,38.37,1.0,0.5,2.27,3.49,2.0,1.0,4.55,6.98,2.0,1.0,4.55,6.98,6.0,3.0,13.64,20.93,7.0,3.5,15.91,24.42,1.0,0.5,2.27,3.49,4.0,2.0,9.09,13.95,4.0,2.0,9.09,13.95,4.0,2.0,9.09,13.95,2.0,1.0,4.55,6.98,0.0,0.0,0.0,0.0,6.0,3.0,13.64,20.93,4.0,2.0,9.09,13.95,38.64,47.73,-9.09,102.33,-4.0,-2.0,-9.09,10.32,5.16,0.34,0.43,0.62,0.09,1.0,0.17,0.67,0.6,0.88,0.72,4.55,0.0,0.14,9.09,0.11
3,新北中信特攻,8889|10877|10881,馬可/阿巴西/飛克,2,73,90.0,1142.45,19.04,19:02,571.23,9.52,09:31,37.0,18.5,41.11,69.95,38.0,19.0,42.22,71.85,33.0,16.5,36.67,62.39,11.0,5.5,12.22,20.8,18.0,9.0,20.0,34.03,7.0,3.5,7.78,13.23,15.0,7.5,16.67,28.36,4.0,2.0,4.44,7.56,12.0,6.0,13.33,22.69,9.0,4.5,10.0,17.02,8.0,4.0,8.89,15.13,16.0,8.0,17.78,30.25,5.0,2.5,5.56,9.45,12.0,6.0,13.33,22.69,7.0,3.5,7.78,13.23,10.0,5.0,11.11,18.91,3.0,1.5,3.33,5.67,1.0,0.5,1.11,1.89,12.0,6.0,13.33,22.69,7.0,3.5,7.78,13.23,41.11,42.22,-1.11,113.44,-1.0,-0.5,-1.11,19.04,9.52,0.39,0.48,0.39,0.27,0.75,0.15,0.91,0.4,0.76,0.59,3.33,1.11,0.13,7.78,0.36
3,新北國王,24|34|10872,蘇士軒/沃許本/林彥廷,2,27,35.0,457.6,7.63,07:38,228.8,3.81,03:49,16.0,8.0,45.71,75.52,16.0,8.0,45.71,75.52,14.0,7.0,40.0,66.08,6.0,3.0,17.14,28.32,9.0,4.5,25.71,42.48,3.0,1.5,8.57,14.16,5.0,2.5,14.29,23.6,3.0,1.5,8.57,14.16,2.0,1.0,5.71,9.44,1.0,0.5,2.86,4.72,3.0,1.5,8.57,14.16,6.0,3.0,17.14,28.32,4.0,2.0,11.43,18.88,7.0,3.5,20.0,33.04,2.0,1.0,5.71,9.44,3.0,1.5,8.57,14.16,2.0,1.0,5.71,9.44,0.0,0.0,0.0,0.0,3.0,1.5,8.57,14.16,7.0,3.5,20.0,33.04,45.71,45.71,0.0,110.14,0.0,0.0,0.0,7.63,3.81,0.54,0.54,0.33,0.6,0.5,0.12,0.5,0.3,0.6,0.45,5.71,0.0,0.09,20.0,0.14
3,新北國王,24|10872|10874,蘇士軒/林彥廷/熊祥泰,2,10,11.0,184.88,3.08,03:05,92.44,1.54,01:32,6.0,3.0,54.55,70.1,2.0,1.0,18.18,23.37,4.0,2.0,36.36,46.73,2.0,1.0,18.18,23.37,3.0,1.5,27.27,35.05,1.0,0.5,9.09,11.68,1.0,0.5,9.09,11.68,1.0,0.5,9.09,11.68,3.0,1.5,27.27,35.05,1.0,0.5,9.09,11.68,0.0,0.0,0.0,0.0,3.0,1.5,27.27,35.05,1.0,0.5,9.09,11.68,1.0,0.5,9.09,11.68,0.0,0.0,0.0,0.0,1.0,0.5,9.09,11.68,0.0,0.0,0.0,0.0,0.0,0.0,0.0,0.0,3.0,1.5,27.27,35.05,4.0,2.0,36.36,46.73,54.55,18.18,36.36,85.68,4.0,2.0,36.36,3.08,1.54,0.62,0.56,0.33,1.0,0.33,0.0,0.5,0.0,0.75,0.6,0.0,0.0,0.27,36.36,0.75
3,新北國王,24|10872|13029,蘇士軒/林彥廷/杰倫,4,98,118.0,1559.86,26.0,26:00,389.96,6.5,06:30,57.0,14.25,48.31,78.93,52.0,13.0,44.07,72.01,39.0,9.75,33.05,54.0,18.0,4.5,15.25,24.93,22.0,5.5,18.64,30.46,10.0,2.5,8.47,13.85,17.0,4.25,14.41,23.54,8.0,2.0,6.78,11.08,19.0,4.75,16.1,26.31,13.0,3.25,11.02,18.0,6.0,1.5,5.08,8.31,18.0,4.5,15.25,24.93,11.0,2.75,9.32,15.23,20.0,5.0,16.95,27.69,7.0,1.75,5.93,9.69,12.0,3.0,10.17,16.62,6.0,1.5,5.08,8.31,1.0,0.25,0.85,1.38,9.0,2.25,7.63,12.46,12.0,3.0,10.17,16.62,48.31,44.07,4.24,108.93,5.0,1.25,4.24,26.0,6.5,0.56,0.6,0.45,0.47,0.68,0.13,0.67,0.23,0.62,0.44,5.08,0.85,0.08,10.17,0.49
3,新北國王,34|10872|10874,沃許本/林彥廷/熊祥泰,2,61,71.0,996.29,16.6,16:36,498.14,8.3,08:18,41.0,20.5,57.75,88.89,32.0,16.0,45.07,69.38,26.0,13.0,36.62,56.37,16.0,8.0,22.54,34.69,14.0,7.0,19.72,30.35,10.0,5.0,14.08,21.68,12.0,6.0,16.9,26.02,6.0,3.0,8.45,13.01,5.0,2.5,7.04,10.84,3.0,1.5,4.23,6.5,1.0,0.5,1.41,2.17,10.0,5.0,14.08,21.68,5.0,2.5,7.04,10.84,15.0,7.5,21.13,32.52,4.0,2.0,5.63,8.67,7.0,3.5,9.86,15.18,1.0,0.5,1.41,2.17,0.0,0.0,0.0,0.0,7.0,3.5,9.86,15.18,7.0,3.5,9.86,15.18,57.75,45.07,12.68,102.62,9.0,4.5,12.68,16.6,8.3,0.73,0.73,0.71,0.5,0.6,0.12,0.44,0.06,0.67,0.35,1.41,0.0,0.1,9.86,0.19
3,新北國王,34|10872|13029,沃許本/林彥廷/杰倫,2,81,96.0,1294.22,21.57,21:34,647.11,10.79,10:47,50.0,25.0,52.08,83.45,41.0,20.5,42.71,68.43,33.0,16.5,34.38,55.08,16.0,8.0,16.67,26.7,18.0,9.0,18.75,30.04,9.0,4.5,9.38,15.02,15.0,7.5,15.62,25.03,7.0,3.5,7.29,11.68,16.0,8.0,16.67,26.7,11.0,5.5,11.46,18.36,5.0,2.5,5.21,8.34,16.0,8.0,16.67,26.7,7.0,3.5,7.29,11.68,20.0,10.0,20.83,33.38,7.0,3.5,7.29,11.68,10.0,5.0,10.42,16.69,4.0,2.0,4.17,6.68,0.0,0.0,0.0,0.0,12.0,6.0,12.5,20.03,12.0,6.0,12.5,20.03,52.08,42.71,9.38,106.81,9.0,4.5,9.38,21.57,10.79,0.59,0.62,0.5,0.47,0.69,0.15,0.62,0.2,0.7,0.44,4.17,0.0,0.12,12.5,0.48
3,新北國王,10872|10874|13029,林彥廷/熊祥泰/杰倫,4,110,132.0,1847.0,30.78,30:47,461.75,7.7,07:42,65.0,16.25,49.24,76.02,64.0,16.0,48.48,74.85,48.0,12.0,36.36,56.13,24.0,6.0,18.18,28.07,26.0,6.5,19.7,30.41,16.0,4.0,12.12,18.71,22.0,5.5,16.67,25.73,8.0,2.0,6.06,9.36,15.0,3.75,11.36,17.54,10.0,2.5,7.58,11.69,5.0,1.25,3.79,5.85,21.0,5.25,15.91,24.56,10.0,2.5,7.58,11.69,21.0,5.25,15.91,24.56,8.0,2.0,6.06,9.36,13.0,3.25,9.85,15.2,2.0,0.5,1.52,2.34,1.0,0.25,0.76,1.17,15.0,3.75,11.36,17.54,21.0,5.25,15.91,24.56,49.24,48.48,0.76,102.91,1.0,0.25,0.76,30.78,7.7,0.58,0.6,0.62,0.36,0.67,0.13,0.54,0.19,0.68,0.46,1.52,0.76,0.11,15.91,0.31
3,新北中信特攻,39|40|8889,魏嘉豪/謝亞軒/馬可,1,2,3.0,36.0,0.6,00:36,36.0,0.6,00:36,1.0,1.0,33.33,60.0,3.0,3.0,100.0,180.0,1.0,1.0,33.33,60.0,0.0,0.0,0.0,0.0,0.0,0.0,0.0,0.0,0.0,0.0,0.0,0.0,1.0,1.0,33.33,60.0,0.0,0.0,0.0,0.0,2.0,2.0,66.67,120.0,1.0,1.0,33.33,60.0,1.0,1.0,33.33,60.0,1.0,1.0,33.33,60.0,0.0,0.0,0.0,0.0,0.0,0.0,0.0,0.0,0.0,0.0,0.0,0.0,0.0,0.0,0.0,0.0,0.0,0.0,0.0,0.0,0.0,0.0,0.0,0.0,1.0,1.0,33.33,60.0,0.0,0.0,0.0,0.0,33.33,100.0,-66.67,120.0,-2.0,-2.0,-66.67,0.6,0.6,0.0,0.27,,0.0,0.5,0.0,,1.0,1.0,1.0,0.0,0.0,0.33,0.0,2.0
3,新北中信特攻,39|40|10877,魏嘉豪/謝亞軒/阿巴西,1,2,3.0,36.0,0.6,00:36,36.0,0.6,00:36,1.0,1.0,33.33,60.0,3.0,3.0,100.0,180.0,1.0,1.0,33.33,60.0,0.0,0.0,0.0,0.0,0.0,0.0,0.0,0.0,0.0,0.0,0.0,0.0,1.0,1.0,33.33,60.0,0.0,0.0,0.0,0.0,2.0,2.0,66.67,120.0,1.0,1.0,33.33,60.0,1.0,1.0,33.33,60.0,1.0,1.0,33.33,60.0,0.0,0.0,0.0,0.0,0.0,0.0,0.0,0.0,0.0,0.0,0.0,0.0,0.0,0.0,0.0,0.0,0.0,0.0,0.0,0.0,0.0,0.0,0.0,0.0,1.0,1.0,33.33,60.0,0.0,0.0,0.0,0.0,33.33,100.0,-66.67,120.0,-2.0,-2.0,-66.67,0.6,0.6,0.0,0.27,,0.0,0.5,0.0,,1.0,1.0,1.0,0.0,0.0,0.33,0.0,2.0
3,新北中信特攻,39|40|10881,魏嘉豪/謝亞軒/飛克,1,2,3.0,36.0,0.6,00:36,36.0,0.6,00:36,1.0,1.0,33.33,60.0,3.0,3.0,100.0,180.0,1.0,1.0,33.33,60.0,0.0,0.0,0.0,0.0,0.0,0.0,0.0,0.0,0.0,0.0,0.0,0.0,1.0,1.0,33.33,60.0,0.0,0.0,0.0,0.0,2.0,2.0,66.67,120.0,1.0,1.0,33.33,60.0,1.0,1.0,33.33,60.0,1.0,1.0,33.33,60.0,0.0,0.0,0.0,0.0,0.0,0.0,0.0,0.0,0.0,0.0,0.0,0.0,0.0,0.0,0.0,0.0,0.0,0.0,0.0,0.0,0.0,0.0,0.0,0.0,1.0,1.0,33.33,60.0,0.0,0.0,0.0,0.0,33.33,100.0,-66.67,120.0,-2.0,-2.0,-66.67,0.6,0.6,0.0,0.27,,0.0,0.5,0.0,,1.0,1.0,1.0,0.0,0.0,0.33,0.0,2.0
3,新北中信特攻,39|8889|10877,魏嘉豪/馬可/阿巴西,1,11,13.0,181.77,3.03,03:02,181.77,3.03,03:02,4.0,4.0,30.77,47.53,8.0,8.0,61.54,95.06,4.0,4.0,30.77,47.53,1.0,1.0,7.69,11.88,3.0,3.0,23.08,35.65,1.0,1.0,7.69,11.88,1.0,1.0,7.69,11.88,0.0,0.0,0.0,0.0,4.0,4.0,30.77,47.53,2.0,2.0,15.38,23.77,1.0,1.0,7.69,11.88,4.0,4.0,30.77,47.53,0.0,0.0,0.0,0.0,3.0,3.0,23.08,35.65,1.0,1.0,7.69,11.88,0.0,0.0,0.0,0.0,0.0,0.0,0.0,0.0,0.0,0.0,0.0,0.0,1.0,1.0,7.69,11.88,1.0,1.0,7.69,11.88,30.77,61.54,-30.77,102.99,-4.0,-4.0,-30.77,3.03,3.03,0.25,0.35,0.33,0.0,0.5,0.15,0.0,0.25,1.0,0.62,0.0,0.0,0.08,7.69,1.0
3,新北中信特攻,39|8889|10881,魏嘉豪/馬可/飛克,1,14,17.0,243.17,4.05,04:03,243.17,4.05,04:03,5.0,5.0,29.41,44.41,13.0,13.0,76.47,115.48,6.0,6.0,35.29,53.3,1.0,1.0,5.88,8.88,4.0,4.0,23.53,35.53,1.0,1.0,5.88,8.88,2.0,2.0,11.76,17.77,0.0,0.0,0.0,0.0,4.0,4.0,23.53,35.53,3.0,3.0,17.65,26.65,2.0,2.0,11.76,17.77,4.0,4.0,23.53,35.53,0.0,0.0,0.0,0.0,3.0,3.0,17.65,26.65,1.0,1.0,5.88,8.88,0.0,0.0,0.0,0.0,0.0,0.0,0.0,0.0,0.0,0.0,0.0,0.0,2.0,2.0,11.76,17.77,1.0,1.0,5.88,8.88,29.41,76.47,-47.06,100.67,-8.0,-8.0,-47.06,4.05,4.05,0.17,0.32,0.25,0.0,0.75,0.11,0.0,0.4,1.0,0.67,0.0,0.0,0.12,5.88,0.67
3,新北中信特攻,39|10877|10881,魏嘉豪/阿巴西/飛克,1,10,12.0,167.0,2.78,02:47,167.0,2.78,02:47,3.0,3.0,25.0,38.8,8.0,8.0,66.67,103.47,4.0,4.0,33.33,51.74,1.0,1.0,8.33,12.93,3.0,3.0,25.0,38.8,1.0,1.0,8.33,12.93,1.0,1.0,8.33,12.93,0.0,0.0,0.0,0.0,2.0,2.0,16.67,25.87,1.0,1.0,8.33,12.93,1.0,1.0,8.33,12.93,3.0,3.0,25.0,38.8,0.0,0.0,0.0,0.0,3.0,3.0,25.0,38.8,1.0,1.0,8.33,12.93,0.0,0.0,0.0,0.0,0.0,0.0,0.0,0.0,0.0,0.0,0.0,0.0,1.0,1.0,8.33,12.93,1.0,1.0,8.33,12.93,25.0,66.67,-41.67,103.47,-5.0,-5.0,-41.67,2.78,2.78,0.25,0.31,0.33,0.0,0.5,0.17,0.0,0.25,1.0,0.57,0.0,0.0,0.08,8.33,0.5
3,新北中信特攻,39|8889|10879,魏嘉豪/馬可/簡廷兆,1,11,13.0,207.0,3.45,03:27,207.0,3.45,03:27,2.0,2.0,15.38,20.87,10.0,10.0,76.92,104.35,5.0,5.0,38.46,52.17,1.0,1.0,7.69,10.43,4.0,4.0,30.77,41.74,1.0,1.0,7.69,10.43,1.0,1.0,7.69,10.43,0.0,0.0,0.0,0.0,0.0,0.0,0.0,0.0,0.0,0.0,0.0,0.0,1.0,1.0,7.69,10.43,3.0,3.0,23.08,31.3,0.0,0.0,0.0,0.0,3.0,3.0,23.08,31.3,1.0,1.0,7.69,10.43,0.0,0.0,0.0,0.0,0.0,0.0,0.0,0.0,0.0,0.0,0.0,0.0,1.0,1.0,7.69,10.43,1.0,1.0,7.69,10.43,15.38,76.92,-61.54,90.43,-8.0,-8.0,-61.54,3.45,3.45,0.2,0.2,0.25,0.0,,0.17,0.0,0.25,1.0,0.57,0.0,0.0,0.08,7.69,0.0
3,新北中信特攻,39|10877|10879,魏嘉豪/阿巴西/簡廷兆,1,8,9.0,131.0,2.18,02:11,131.0,2.18,02:11,2.0,2.0,22.22,32.98,5.0,5.0,55.56,82.44,3.0,3.0,33.33,49.47,1.0,1.0,11.11,16.49,3.0,3.0,33.33,49.47,1.0,1.0,11.11,16.49,0.0,0.0,0.0,0.0,0.0,0.0,0.0,0.0,0.0,0.0,0.0,0.0,0.0,0.0,0.0,0.0,0.0,0.0,0.0,0.0,2.0,2.0,22.22,32.98,0.0,0.0,0.0,0.0,3.0,3.0,33.33,49.47,1.0,1.0,11.11,16.49,0.0,0.0,0.0,0.0,0.0,0.0,0.0,0.0,0.0,0.0,0.0,0.0,0.0,0.0,0.0,0.0,1.0,1.0,11.11,16.49,22.22,55.56,-33.33,98.93,-3.0,-3.0,-33.33,2.18,2.18,0.33,0.33,0.33,,,0.25,0.0,0.0,1.0,0.4,0.0,0.0,0.0,11.11,0.0
3,新北中信特攻,39|10879|10881,魏嘉豪/簡廷兆/飛克,1,15,17.0,259.21,4.32,04:19,259.21,4.32,04:19,2.0,2.0,11.76,16.67,15.0,15.0,88.24,125.0,7.0,7.0,41.18,58.33,1.0,1.0,5.88,8.33,4.0,4.0,23.53,33.33,1.0,1.0,5.88,8.33,3.0,3.0,17.65,25.0,0.0,0.0,0.0,0.0,0.0,0.0,0.0,0.0,0.0,0.0,0.0,0.0,1.0,1.0,5.88,8.33,5.0,5.0,29.41,41.67,0.0,0.0,0.0,0.0,3.0,3.0,17.65,25.0,1.0,1.0,5.88,8.33,0.0,0.0,0.0,0.0,0.0,0.0,0.0,0.0,0.0,0.0,0.0,0.0,1.0,1.0,5.88,8.33,3.0,3.0,17.65,25.0,11.76,88.24,-76.47,94.44,-13.0,-13.0,-76.47,4.32,4.32,0.14,0.14,0.25,0.0,,0.12,0.0,0.25,1.0,0.67,0.0,0.0,0.06,17.65,0.0
3,新北中信特攻,8889|10877|10879,馬可/阿巴西/簡廷兆,1,24,30.0,339.65,5.66,05:40,339.65,5.66,05:40,9.0,9.0,30.0,57.24,19.0,19.0,63.33,120.83,8.0,8.0,26.67,50.88,3.0,3.0,10.0,19.08,7.0,7.0,23.33,44.52,2.0,2.0,6.67,12.72,1.0,1.0,3.33,6.36,1.0,1.0,3.33,6.36,2.0,2.0,6.67,12.72,2.0,2.0,6.67,12.72,0.0,0.0,0.0,0.0,5.0,5.0,16.67,31.8,3.0,3.0,10.0,19.08,4.0,4.0,13.33,25.44,3.0,3.0,10.0,19.08,1.0,1.0,3.33,6.36,1.0,1.0,3.33,6.36,1.0,1.0,3.33,6.36,3.0,3.0,10.0,19.08,1.0,1.0,3.33,6.36,30.0,63.33,-33.33,127.19,-10.0,-10.0,-33.33,5.66,5.66,0.44,0.51,0.29,1.0,1.0,0.25,0.33,0.0,0.62,0.42,3.33,3.33,0.1,3.33,0.25
3,新北中信特攻,8889|10879|10881,馬可/簡廷兆/飛克,1,26,33.0,427.0,7.12,07:07,427.0,7.12,07:07,11.0,11.0,33.33,55.64,21.0,21.0,63.64,106.23,11.0,11.0,33.33,55.64,4.0,4.0,12.12,20.23,9.0,9.0,27.27,45.53,3.0,3.0,9.09,15.18,2.0,2.0,6.06,10.12,1.0,1.0,3.03,5.06,2.0,2.0,6.06,10.12,2.0,2.0,6.06,10.12,1.0,1.0,3.03,5.06,6.0,6.0,18.18,30.35,3.0,3.0,9.09,15.18,4.0,4.0,12.12,20.23,2.0,2.0,6.06,10.12,1.0,1.0,3.03,5.06,0.0,0.0,0.0,0.0,1.0,1.0,3.03,5.06,3.0,3.0,9.09,15.18,1.0,1.0,3.03,5.06,33.33,63.64,-30.3,111.29,-10.0,-10.0,-30.3,7.12,7.12,0.41,0.46,0.33,0.5,1.0,0.14,0.25,0.2,0.67,0.5,0.0,3.03,0.09,3.03,0.18
3,新北中信特攻,10877|10879|10881,阿巴西/簡廷兆/飛克,2,84,105.0,1289.06,21.48,21:29,644.53,10.74,10:45,39.0,19.5,37.14,65.35,54.0,27.0,51.43,90.48,42.0,21.0,40.0,70.38,12.0,6.0,11.43,20.11,21.0,10.5,20.0,35.19,7.0,3.5,6.67,11.73,21.0,10.5,20.0,35.19,5.0,2.5,4.76,8.38,9.0,4.5,8.57,15.08,8.0,4.0,7.62,13.41,8.0,4.0,7.62,13.41,23.0,11.5,21.9,38.54,9.0,4.5,8.57,15.08,16.0,8.0,15.24,26.81,3.0,1.5,2.86,5.03,6.0,3.0,5.71,10.05,0.0,0.0,0.0,0.0,3.0,1.5,2.86,5.03,7.0,3.5,6.67,11.73,13.0,6.5,12.38,21.78,37.14,51.43,-14.29,117.29,-15.0,-7.5,-14.29,21.48,10.74,0.35,0.42,0.33,0.24,0.89,0.06,0.5,0.33,0.72,0.55,0.0,2.86,0.07,12.38,0.21
3,新北國王,32|34|10872,奧帝/沃許本/林彥廷,1,31,36.0,482.17,8.04,08:02,482.17,8.04,08:02,18.0,18.0,50.0,80.64,17.0,17.0,47.22,76.16,13.0,13.0,36.11,58.24,8.0,8.0,22.22,35.84,8.0,8.0,22.22,35.84,6.0,6.0,16.67,26.88,5.0,5.0,13.89,22.4,2.0,2.0,5.56,8.96,1.0,1.0,2.78,4.48,0.0,0.0,0.0,0.0,0.0,0.0,0.0,0.0,5.0,5.0,13.89,22.4,2.0,2.0,5.56,8.96,7.0,7.0,19.44,31.36,2.0,2.0,5.56,8.96,3.0,3.0,8.33,13.44,1.0,1.0,2.78,4.48,0.0,0.0,0.0,0.0,4.0,4.0,11.11,17.92,2.0,2.0,5.56,8.96,50.0,47.22,2.78,107.51,1.0,1.0,2.78,8.04,8.04,0.69,0.67,0.75,0.4,0.0,0.13,0.38,0.0,0.71,0.36,2.78,0.0,0.11,5.56,0.08
3,新北國王,32|34|10874,奧帝/沃許本/熊祥泰,1,31,36.0,476.17,7.94,07:56,476.17,7.94,07:56,18.0,18.0,50.0,81.65,17.0,17.0,47.22,77.12,13.0,13.0,36.11,58.97,8.0,8.0,22.22,36.29,8.0,8.0,22.22,36.29,6.0,6.0,16.67,27.22,5.0,5.0,13.89,22.68,2.0,2.0,5.56,9.07,1.0,1.0,2.78,4.54,0.0,0.0,0.0,0.0,0.0,0.0,0.0,0.0,5.0,5.0,13.89,22.68,2.0,2.0,5.56,9.07,7.0,7.0,19.44,31.75,2.0,2.0,5.56,9.07,3.0,3.0,8.33,13.61,1.0,1.0,2.78,4.54,0.0,0.0,0.0,0.0,4.0,4.0,11.11,18.14,2.0,2.0,5.56,9.07,50.0,47.22,2.78,108.87,1.0,1.0,2.78,7.94,7.94,0.69,0.67,0.75,0.4,0.0,0.13,0.38,0.0,0.71,0.36,2.78,0.0,0.11,5.56,0.08
3,新北國王,32|34|13029,奧帝/沃許本/杰倫,1,6,7.0,95.0,1.58,01:35,95.0,1.58,01:35,5.0,5.0,71.43,113.68,2.0,2.0,28.57,45.47,3.0,3.0,42.86,68.21,2.0,2.0,28.57,45.47,1.0,1.0,14.29,22.74,1.0,1.0,14.29,22.74,2.0,2.0,28.57,45.47,1.0,1.0,14.29,22.74,1.0,1.0,14.29,22.74,0.0,0.0,0.0,0.0,0.0,0.0,0.0,0.0,2.0,2.0,28.57,45.47,0.0,0.0,0.0,0.0,2.0,2.0,28.57,45.47,0.0,0.0,0.0,0.0,1.0,1.0,14.29,22.74,0.0,0.0,0.0,0.0,0.0,0.0,0.0,0.0,2.0,2.0,28.57,45.47,0.0,0.0,0.0,0.0,71.43,28.57,42.86,106.11,3.0,3.0,42.86,1.58,1.58,0.83,0.73,1.0,0.5,0.0,0.0,0.5,0.0,1.0,0.5,0.0,0.0,0.29,0.0,0.33
3,新北國王,32|10872|10874,奧帝/林彥廷/熊祥泰,3,115,133.0,1786.26,29.77,29:46,595.42,9.92,09:55,74.0,24.67,55.64,89.48,57.0,19.0,42.86,68.93,50.0,16.67,37.59,60.46,27.0,9.0,20.3,32.65,24.0,8.0,18.05,29.02,13.0,4.33,9.77,15.72,26.0,8.67,19.55,31.44,14.0,4.67,10.53,16.93,13.0,4.33,9.77,15.72,6.0,2.0,4.51,7.26,6.0,2.0,4.51,7.26,18.0,6.0,13.53,21.77,5.0,1.67,3.76,6.05,25.0,8.33,18.8,30.23,9.0,3.0,6.77,10.88,18.0,6.0,13.53,21.77,7.0,2.33,5.26,8.46,0.0,0.0,0.0,0.0,16.0,5.33,12.03,19.35,15.0,5.0,11.28,18.14,55.64,42.86,12.78,107.22,17.0,5.67,12.78,29.77,9.92,0.68,0.66,0.54,0.54,0.46,0.14,0.67,0.19,0.78,0.44,5.26,0.0,0.12,11.28,0.26
3,新北國王,32|10872|13029,奧帝/林彥廷/杰倫,3,84,96.0,1226.86,20.45,20:27,408.95,6.82,06:49,48.0,16.0,50.0,84.51,40.0,13.33,41.67,70.42,32.0,10.67,33.33,56.34,16.0,5.33,16.67,28.17,21.0,7.0,21.88,36.97,12.0,4.0,12.5,21.13,11.0,3.67,11.46,19.37,4.0,1.33,4.17,7.04,19.0,6.33,19.79,33.45,14.0,4.67,14.58,24.65,5.0,1.67,5.21,8.8,14.0,4.67,14.58,24.65,4.0,1.33,4.17,7.04,17.0,5.67,17.71,29.93,6.0,2.0,6.25,10.56,12.0,4.0,12.5,21.13,5.0,1.67,5.21,8.8,1.0,0.33,1.04,1.76,15.0,5.0,15.62,26.41,10.0,3.33,10.42,17.61,50.0,41.67,8.33,112.68,8.0,2.67,8.33,20.45,6.82,0.56,0.59,0.57,0.36,0.74,0.13,0.75,0.23,0.78,0.48,5.21,1.04,0.16,10.42,0.59
3,新北國王,32|10874|13029,奧帝/熊祥泰/杰倫,3,52,64.0,907.6,15.13,15:08,302.53,5.04,05:03,30.0,10.0,46.88,71.4,21.0,7.0,32.81,49.98,27.0,9.0,42.19,64.26,12.0,4.0,18.75,28.56,11.0,3.67,17.19,26.18,4.0,1.33,6.25,9.52,16.0,5.33,25.0,38.08,8.0,2.67,12.5,19.04,6.0,2.0,9.38,14.28,3.0,1.0,4.69,7.14,4.0,1.33,6.25,9.52,11.0,3.67,17.19,26.18,4.0,1.33,6.25,9.52,13.0,4.33,20.31,30.94,5.0,1.67,7.81,11.9,9.0,3.0,14.06,21.42,2.0,0.67,3.12,4.76,0.0,0.0,0.0,0.0,10.0,3.33,15.62,23.8,6.0,2.0,9.38,14.28,46.88,32.81,14.06,101.54,9.0,3.0,14.06,15.13,5.04,0.59,0.51,0.36,0.5,0.5,0.14,0.75,0.24,0.73,0.47,3.12,0.0,0.16,9.38,0.22
3,新北國王,29|32|34,林書緯/奧帝/沃許本,1,16,19.0,248.17,4.14,04:08,248.17,4.14,04:08,11.0,11.0,57.89,95.74,8.0,8.0,42.11,69.63,7.0,7.0,36.84,60.93,5.0,5.0,26.32,43.52,5.0,5.0,26.32,43.52,4.0,4.0,21.05,34.82,2.0,2.0,10.53,17.41,1.0,1.0,5.26,8.7,0.0,0.0,0.0,0.0,0.0,0.0,0.0,0.0,0.0,0.0,0.0,0.0,1.0,1.0,5.26,8.7,2.0,2.0,10.53,17.41,4.0,4.0,21.05,34.82,1.0,1.0,5.26,8.7,1.0,1.0,5.26,8.7,0.0,0.0,0.0,0.0,0.0,0.0,0.0,0.0,0.0,0.0,0.0,0.0,2.0,2.0,10.53,17.41,57.89,42.11,15.79,110.25,3.0,3.0,15.79,4.14,4.14,0.79,0.79,0.8,0.5,,0.12,0.2,0.0,0.33,0.14,0.0,0.0,0.0,10.53,0.0
3,新北國王,29|32|10872,林書緯/奧帝/林彥廷,3,142,169.0,2084.56,34.74,34:45,694.85,11.58,11:35,90.0,30.0,53.25,93.26,70.0,23.33,41.42,72.53,62.0,20.67,36.69,64.24,30.0,10.0,17.75,31.09,33.0,11.0,19.53,34.19,17.0,5.67,10.06,17.62,29.0,9.67,17.16,30.05,13.0,4.33,7.69,13.47,22.0,7.33,13.02,22.8,17.0,5.67,10.06,17.62,12.0,4.0,7.1,12.43,21.0,7.0,12.43,21.76,8.0,2.67,4.73,8.29,33.0,11.0,19.53,34.19,11.0,3.67,6.51,11.4,19.0,6.33,11.24,19.69,8.0,2.67,4.73,8.29,2.0,0.67,1.18,2.07,18.0,6.0,10.65,18.65,19.0,6.33,11.24,19.69,53.25,41.42,11.83,116.74,20.0,6.67,11.83,34.74,11.58,0.59,0.63,0.52,0.45,0.77,0.13,0.63,0.27,0.72,0.45,4.73,1.18,0.11,11.24,0.35
3,新北國王,29|32|10874,林書緯/奧帝/熊祥泰,3,115,140.0,1809.74,30.16,30:10,603.25,10.05,10:03,77.0,25.67,55.0,91.9,54.0,18.0,38.57,64.45,55.0,18.33,39.29,65.64,28.0,9.33,20.0,33.42,22.0,7.33,15.71,26.26,10.0,3.33,7.14,11.94,33.0,11.0,23.57,39.39,18.0,6.0,12.86,21.48,9.0,3.0,6.43,10.74,6.0,2.0,4.29,7.16,9.0,3.0,6.43,10.74,16.0,5.33,11.43,19.1,9.0,3.0,6.43,10.74,30.0,10.0,21.43,35.81,10.0,3.33,7.14,11.94,18.0,6.0,12.86,21.48,6.0,2.0,4.29,7.16,0.0,0.0,0.0,0.0,11.0,3.67,7.86,13.13,17.0,5.67,12.14,20.29,55.0,38.57,16.43,111.4,23.0,7.67,16.43,30.16,10.05,0.67,0.65,0.45,0.55,0.67,0.15,0.64,0.23,0.64,0.39,4.29,0.0,0.08,12.14,0.16
3,新北國王,29|34|10872,林書緯/沃許本/林彥廷,2,96,112.0,1520.38,25.34,25:20,760.19,12.67,12:40,55.0,27.5,49.11,78.14,58.0,29.0,51.79,82.4,39.0,19.5,34.82,55.41,21.0,10.5,18.75,29.83,23.0,11.5,20.54,32.68,14.0,7.0,12.5,19.89,16.0,8.0,14.29,22.73,7.0,3.5,6.25,9.94,10.0,5.0,8.93,14.21,6.0,3.0,5.36,8.52,4.0,2.0,3.57,5.68,15.0,7.5,13.39,21.31,9.0,4.5,8.04,12.79,20.0,10.0,17.86,28.41,10.0,5.0,8.93,14.21,11.0,5.5,9.82,15.63,6.0,3.0,5.36,8.52,0.0,0.0,0.0,0.0,11.0,5.5,9.82,15.63,15.0,7.5,13.39,21.31,49.11,51.79,-2.68,106.08,-3.0,-1.5,-2.68,25.34,12.67,0.63,0.63,0.61,0.44,0.6,0.19,0.52,0.17,0.62,0.4,5.36,0.0,0.1,13.39,0.26
3,新北國王,29|34|10874,林書緯/沃許本/熊祥泰,2,52,60.0,861.31,14.36,14:21,430.65,7.18,07:11,38.0,19.0,63.33,95.3,29.0,14.5,48.33,72.73,23.0,11.5,38.33,57.68,15.0,7.5,25.0,37.62,15.0,7.5,25.0,37.62,11.0,5.5,18.33,27.59,8.0,4.0,13.33,20.06,4.0,2.0,6.67,10.03,2.0,1.0,3.33,5.02,1.0,0.5,1.67,2.51,2.0,1.0,3.33,5.02,6.0,3.0,10.0,15.05,4.0,2.0,6.67,10.03,14.0,7.0,23.33,35.11,3.0,1.5,5.0,7.52,7.0,3.5,11.67,17.55,0.0,0.0,0.0,0.0,0.0,0.0,0.0,0.0,4.0,2.0,6.67,10.03,9.0,4.5,15.0,22.57,63.33,48.33,15.0,100.31,9.0,4.5,15.0,14.36,7.18,0.74,0.8,0.73,0.5,0.5,0.11,0.47,0.12,0.6,0.31,0.0,0.0,0.07,15.0,0.09
3,新北國王,29|10872|10874,林書緯/林彥廷/熊祥泰,4,142,169.0,2278.56,37.98,37:59,569.64,9.49,09:30,89.0,22.25,52.66,84.37,74.0,18.5,43.79,70.15,66.0,16.5,39.05,62.57,34.0,8.5,20.12,32.23,30.0,7.5,17.75,28.44,18.0,4.5,10.65,17.06,36.0,9.0,21.3,34.13,16.0,4.0,9.47,15.17,9.0,2.25,5.33,8.53,5.0,1.25,2.96,4.74,9.0,2.25,5.33,8.53,23.0,5.75,13.61,21.8,11.0,2.75,6.51,10.43,35.0,8.75,20.71,33.18,10.0,2.5,5.92,9.48,18.0,4.5,10.65,17.06,5.0,1.25,2.96,4.74,1.0,0.25,0.59,0.95,13.0,3.25,7.69,12.32,24.0,6.0,14.2,22.75,52.66,43.79,8.88,106.8,15.0,3.75,8.88,37.98,9.49,0.64,0.64,0.6,0.44,0.56,0.13,0.53,0.2,0.68,0.41,2.96,0.59,0.08,14.2,0.14
3,新北中信特攻,39|43|8889,魏嘉豪/林韋翰/馬可,1,3,4.0,76.0,1.27,01:16,76.0,1.27,01:16,0.0,0.0,0.0,0.0,5.0,5.0,125.0,142.11,2.0,2.0,50.0,56.84,0.0,0.0,0.0,0.0,1.0,1.0,25.0,28.42,0.0,0.0,0.0,0.0,1.0,1.0,25.0,28.42,0.0,0.0,0.0,0.0,0.0,0.0,0.0,0.0,0.0,0.0,0.0,0.0,1.0,1.0,25.0,28.42,1.0,1.0,25.0,28.42,0.0,0.0,0.0,0.0,0.0,0.0,0.0,0.0,0.0,0.0,0.0,0.0,0.0,0.0,0.0,0.0,0.0,0.0,0.0,0.0,0.0,0.0,0.0,0.0,1.0,1.0,25.0,28.42,0.0,0.0,0.0,0.0,0.0,125.0,-125.0,75.79,-5.0,-5.0,-125.0,1.27,1.27,0.0,0.0,0.0,0.0,,0.0,,1.0,1.0,1.0,0.0,0.0,0.25,0.0,0.0
3,新北中信特攻,39|43|10879,魏嘉豪/林韋翰/簡廷兆,1,3,4.0,76.0,1.27,01:16,76.0,1.27,01:16,0.0,0.0,0.0,0.0,5.0,5.0,125.0,142.11,2.0,2.0,50.0,56.84,0.0,0.0,0.0,0.0,1.0,1.0,25.0,28.42,0.0,0.0,0.0,0.0,1.0,1.0,25.0,28.42,0.0,0.0,0.0,0.0,0.0,0.0,0.0,0.0,0.0,0.0,0.0,0.0,1.0,1.0,25.0,28.42,1.0,1.0,25.0,28.42,0.0,0.0,0.0,0.0,0.0,0.0,0.0,0.0,0.0,0.0,0.0,0.0,0.0,0.0,0.0,0.0,0.0,0.0,0.0,0.0,0.0,0.0,0.0,0.0,1.0,1.0,25.0,28.42,0.0,0.0,0.0,0.0,0.0,125.0,-125.0,75.79,-5.0,-5.0,-125.0,1.27,1.27,0.0,0.0,0.0,0.0,,0.0,,1.0,1.0,1.0,0.0,0.0,0.25,0.0,0.0
3,新北中信特攻,39|43|10881,魏嘉豪/林韋翰/飛克,1,3,4.0,76.0,1.27,01:16,76.0,1.27,01:16,0.0,0.0,0.0,0.0,5.0,5.0,125.0,142.11,2.0,2.0,50.0,56.84,0.0,0.0,0.0,0.0,1.0,1.0,25.0,28.42,0.0,0.0,0.0,0.0,1.0,1.0,25.0,28.42,0.0,0.0,0.0,0.0,0.0,0.0,0.0,0.0,0.0,0.0,0.0,0.0,1.0,1.0,25.0,28.42,1.0,1.0,25.0,28.42,0.0,0.0,0.0,0.0,0.0,0.0,0.0,0.0,0.0,0.0,0.0,0.0,0.0,0.0,0.0,0.0,0.0,0.0,0.0,0.0,0.0,0.0,0.0,0.0,1.0,1.0,25.0,28.42,0.0,0.0,0.0,0.0,0.0,125.0,-125.0,75.79,-5.0,-5.0,-125.0,1.27,1.27,0.0,0.0,0.0,0.0,,0.0,,1.0,1.0,1.0,0.0,0.0,0.25,0.0,0.0
3,新北中信特攻,43|8889|10879,林韋翰/馬可/簡廷兆,2,10,11.0,222.65,3.71,03:43,111.33,1.86,01:51,2.0,1.0,18.18,19.4,10.0,5.0,90.91,97.01,3.0,1.5,27.27,29.1,1.0,0.5,9.09,9.7,2.0,1.0,18.18,19.4,1.0,0.5,9.09,9.7,1.0,0.5,9.09,9.7,0.0,0.0,0.0,0.0,0.0,0.0,0.0,0.0,0.0,0.0,0.0,0.0,1.0,0.5,9.09,9.7,1.0,0.5,9.09,9.7,0.0,0.0,0.0,0.0,2.0,1.0,18.18,19.4,2.0,1.0,18.18,19.4,0.0,0.0,0.0,0.0,0.0,0.0,0.0,0.0,0.0,0.0,0.0,0.0,3.0,1.5,27.27,29.1,3.0,1.5,27.27,29.1,18.18,90.91,-72.73,71.14,-8.0,-4.0,-72.73,3.71,1.86,0.33,0.33,0.5,0.0,,0.4,0.0,0.33,1.0,0.5,0.0,0.0,0.27,27.27,0.0
3,新北中信特攻,43|10879|10881,林韋翰/簡廷兆/飛克,2,47,58.0,745.09,12.42,12:25,372.54,6.21,06:13,22.0,11.0,37.93,63.78,30.0,15.0,51.72,86.97,28.0,14.0,48.28,81.17,6.0,3.0,10.34,17.39,12.0,6.0,20.69,34.79,3.0,1.5,5.17,8.7,16.0,8.0,27.59,46.38,3.0,1.5,5.17,8.7,4.0,2.0,6.9,11.6,3.0,1.5,5.17,8.7,8.0,4.0,13.79,23.19,15.0,7.5,25.86,43.48,3.0,1.5,5.17,8.7,8.0,4.0,13.79,23.19,0.0,0.0,0.0,0.0,3.0,1.5,5.17,8.7,0.0,0.0,0.0,0.0,2.0,1.0,3.45,5.8,3.0,1.5,5.17,8.7,10.0,5.0,17.24,28.99,37.93,51.72,-13.79,112.09,-8.0,-4.0,-13.79,12.42,6.21,0.27,0.37,0.25,0.19,0.75,0.0,0.5,0.5,0.83,0.68,0.0,3.45,0.05,17.24,0.14
3,新北中信特攻,39|44|113,魏嘉豪/黃泓瀚/林任鴻,2,5,6.0,55.06,0.92,00:55,27.53,0.46,00:28,3.0,1.5,50.0,117.69,0.0,0.0,0.0,0.0,2.0,1.0,33.33,78.46,0.0,0.0,0.0,0.0,1.0,0.5,16.67,39.23,0.0,0.0,0.0,0.0,1.0,0.5,16.67,39.23,0.0,0.0,0.0,0.0,4.0,2.0,66.67,156.91,3.0,1.5,50.0,117.69,0.0,0.0,0.0,0.0,1.0,0.5,16.67,39.23,0.0,0.0,0.0,0.0,1.0,0.5,16.67,39.23,0.0,0.0,0.0,0.0,0.0,0.0,0.0,0.0,0.0,0.0,0.0,0.0,0.0,0.0,0.0,0.0,0.0,0.0,0.0,0.0,0.0,0.0,0.0,0.0,50.0,0.0,50.0,156.91,3.0,1.5,50.0,0.92,0.46,0.0,0.4,0.0,0.0,0.75,0.0,,0.0,1.0,0.5,0.0,0.0,0.0,0.0,2.0
3,新北中信特攻,39|44|8889,魏嘉豪/黃泓瀚/馬可,2,2,2.0,18.06,0.3,00:18,9.03,0.15,00:09,3.0,1.5,150.0,358.76,0.0,0.0,0.0,0.0,0.0,0.0,0.0,0.0,0.0,0.0,0.0,0.0,0.0,0.0,0.0,0.0,0.0,0.0,0.0,0.0,0.0,0.0,0.0,0.0,0.0,0.0,0.0,0.0,4.0,2.0,200.0,478.35,3.0,1.5,150.0,358.76,0.0,0.0,0.0,0.0,0.0,0.0,0.0,0.0,0.0,0.0,0.0,0.0,0.0,0.0,0.0,0.0,0.0,0.0,0.0,0.0,0.0,0.0,0.0,0.0,0.0,0.0,0.0,0.0,0.0,0.0,0.0,0.0,0.0,0.0,0.0,0.0,0.0,0.0,0.0,0.0,150.0,0.0,150.0,159.45,3.0,1.5,150.0,0.3,0.15,,0.85,,,0.75,0.0,,,,,0.0,0.0,0.0,0.0,
3,新北中信特攻,39|44|10881,魏嘉豪/黃泓瀚/飛克,1,5,6.0,37.37,0.62,00:37,37.37,0.62,00:37,2.0,2.0,33.33,115.59,2.0,2.0,33.33,115.59,2.0,2.0,33.33,115.59,0.0,0.0,0.0,0.0,1.0,1.0,16.67,57.8,0.0,0.0,0.0,0.0,1.0,1.0,16.67,57.8,0.0,0.0,0.0,0.0,2.0,2.0,33.33,115.59,2.0,2.0,33.33,115.59,0.0,0.0,0.0,0.0,1.0,1.0,16.67,57.8,0.0,0.0,0.0,0.0,1.0,1.0,16.67,57.8,0.0,0.0,0.0,0.0,0.0,0.0,0.0,0.0,0.0,0.0,0.0,0.0,0.0,0.0,0.0,0.0,0.0,0.0,0.0,0.0,2.0,2.0,33.33,115.59,33.33,33.33,0.0,231.18,0.0,0.0,0.0,0.62,0.62,0.0,0.35,0.0,0.0,1.0,0.0,,0.0,1.0,0.5,0.0,0.0,0.0,33.33,1.0
3,新北中信特攻,39|113|8889,魏嘉豪/林任鴻/馬可,2,3,3.0,32.83,0.55,00:33,16.42,0.27,00:16,4.0,2.0,133.33,263.14,0.0,0.0,0.0,0.0,0.0,0.0,0.0,0.0,0.0,0.0,0.0,0.0,0.0,0.0,0.0,0.0,0.0,0.0,0.0,0.0,0.0,0.0,0.0,0.0,0.0,0.0,0.0,0.0,6.0,3.0,200.0,394.71,4.0,2.0,133.33,263.14,0.0,0.0,0.0,0.0,1.0,0.5,33.33,65.79,0.0,0.0,0.0,0.0,0.0,0.0,0.0,0.0,0.0,0.0,0.0,0.0,0.0,0.0,0.0,0.0,0.0,0.0,0.0,0.0,0.0,0.0,0.0,0.0,0.0,0.0,0.0,0.0,0.0,0.0,0.0,0.0,133.33,0.0,133.33,131.57,4.0,2.0,133.33,0.55,0.27,,0.76,,,0.67,0.0,,,1.0,1.0,0.0,0.0,0.0,0.0,
3,新北中信特攻,39|113|10881,魏嘉豪/林任鴻/飛克,1,4,5.0,37.17,0.62,00:37,37.17,0.62,00:37,2.0,2.0,40.0,116.24,0.0,0.0,0.0,0.0,2.0,2.0,40.0,116.24,0.0,0.0,0.0,0.0,1.0,1.0,20.0,58.12,0.0,0.0,0.0,0.0,1.0,1.0,20.0,58.12,0.0,0.0,0.0,0.0,2.0,2.0,40.0,116.24,2.0,2.0,40.0,116.24,0.0,0.0,0.0,0.0,1.0,1.0,20.0,58.12,0.0,0.0,0.0,0.0,1.0,1.0,20.0,58.12,0.0,0.0,0.0,0.0,0.0,0.0,0.0,0.0,0.0,0.0,0.0,0.0,0.0,0.0,0.0,0.0,0.0,0.0,0.0,0.0,0.0,0.0,0.0,0.0,40.0,0.0,40.0,193.73,2.0,2.0,40.0,0.62,0.62,0.0,0.35,0.0,0.0,1.0,0.0,,0.0,1.0,0.5,0.0,0.0,0.0,0.0,1.0
3,新北中信特攻,44|113|8889,黃泓瀚/林任鴻/馬可,2,2,2.0,18.06,0.3,00:18,9.03,0.15,00:09,3.0,1.5,150.0,358.76,0.0,0.0,0.0,0.0,0.0,0.0,0.0,0.0,0.0,0.0,0.0,0.0,0.0,0.0,0.0,0.0,0.0,0.0,0.0,0.0,0.0,0.0,0.0,0.0,0.0,0.0,0.0,0.0,4.0,2.0,200.0,478.35,3.0,1.5,150.0,358.76,0.0,0.0,0.0,0.0,0.0,0.0,0.0,0.0,0.0,0.0,0.0,0.0,0.0,0.0,0.0,0.0,0.0,0.0,0.0,0.0,0.0,0.0,0.0,0.0,0.0,0.0,0.0,0.0,0.0,0.0,0.0,0.0,0.0,0.0,0.0,0.0,0.0,0.0,0.0,0.0,150.0,0.0,150.0,159.45,3.0,1.5,150.0,0.3,0.15,,0.85,,,0.75,0.0,,,,,0.0,0.0,0.0,0.0,
3,新北中信特攻,44|113|10881,黃泓瀚/林任鴻/飛克,1,4,5.0,37.17,0.62,00:37,37.17,0.62,00:37,2.0,2.0,40.0,116.24,0.0,0.0,0.0,0.0,2.0,2.0,40.0,116.24,0.0,0.0,0.0,0.0,1.0,1.0,20.0,58.12,0.0,0.0,0.0,0.0,1.0,1.0,20.0,58.12,0.0,0.0,0.0,0.0,2.0,2.0,40.0,116.24,2.0,2.0,40.0,116.24,0.0,0.0,0.0,0.0,1.0,1.0,20.0,58.12,0.0,0.0,0.0,0.0,1.0,1.0,20.0,58.12,0.0,0.0,0.0,0.0,0.0,0.0,0.0,0.0,0.0,0.0,0.0,0.0,0.0,0.0,0.0,0.0,0.0,0.0,0.0,0.0,0.0,0.0,0.0,0.0,40.0,0.0,40.0,193.73,2.0,2.0,40.0,0.62,0.62,0.0,0.35,0.0,0.0,1.0,0.0,,0.0,1.0,0.5,0.0,0.0,0.0,0.0,1.0
3,新北中信特攻,44|8889|10881,黃泓瀚/馬可/飛克,1,1,1.0,0.17,0.0,00:00,0.17,0.0,00:00,2.0,2.0,200.0,26024.1,0.0,0.0,0.0,0.0,0.0,0.0,0.0,0.0,0.0,0.0,0.0,0.0,0.0,0.0,0.0,0.0,0.0,0.0,0.0,0.0,0.0,0.0,0.0,0.0,0.0,0.0,0.0,0.0,2.0,2.0,200.0,26024.1,2.0,2.0,200.0,26024.1,0.0,0.0,0.0,0.0,0.0,0.0,0.0,0.0,0.0,0.0,0.0,0.0,0.0,0.0,0.0,0.0,0.0,0.0,0.0,0.0,0.0,0.0,0.0,0.0,0.0,0.0,0.0,0.0,0.0,0.0,0.0,0.0,0.0,0.0,0.0,0.0,0.0,0.0,0.0,0.0,200.0,0.0,200.0,8674.7,2.0,2.0,200.0,0.0,0.0,,1.14,,,1.0,0.0,,,,,0.0,0.0,0.0,0.0,
3,新北中信特攻,113|8889|10881,林任鴻/馬可/飛克,2,30,35.0,453.46,7.56,07:33,226.73,3.78,03:47,20.0,10.0,57.14,95.27,15.0,7.5,42.86,71.45,12.0,6.0,34.29,57.16,5.0,2.5,14.29,23.82,9.0,4.5,25.71,42.87,3.0,1.5,8.57,14.29,3.0,1.5,8.57,14.29,2.0,1.0,5.71,9.53,10.0,5.0,28.57,47.63,8.0,4.0,22.86,38.11,2.0,1.0,5.71,9.53,6.0,3.0,17.14,28.58,2.0,1.0,5.71,9.53,4.0,2.0,11.43,19.05,1.0,0.5,2.86,4.76,5.0,2.5,14.29,23.82,1.0,0.5,2.86,4.76,1.0,0.5,2.86,4.76,5.0,2.5,14.29,23.82,2.0,1.0,5.71,9.53,57.14,42.86,14.29,111.15,5.0,2.5,14.29,7.56,3.78,0.5,0.61,0.33,0.67,0.8,0.06,1.0,0.33,0.75,0.57,2.86,2.86,0.14,5.71,0.83
3,新北國王,29|32|13029,林書緯/奧帝/杰倫,3,178,220.0,2919.53,48.66,48:40,973.18,16.22,16:13,99.0,33.0,45.0,73.24,85.0,28.33,38.64,62.89,84.0,28.0,38.18,62.15,37.0,12.33,16.82,27.37,43.0,14.33,19.55,31.81,21.0,7.0,9.55,15.54,41.0,13.67,18.64,30.33,16.0,5.33,7.27,11.84,18.0,6.0,8.18,13.32,14.0,4.67,6.36,10.36,13.0,4.33,5.91,9.62,35.0,11.67,15.91,25.89,19.0,6.33,8.64,14.06,42.0,14.0,19.09,31.07,11.0,3.67,5.0,8.14,26.0,8.67,11.82,19.24,6.0,2.0,2.73,4.44,1.0,0.33,0.45,0.74,27.0,9.0,12.27,19.98,28.0,9.33,12.73,20.72,45.0,38.64,6.36,108.51,14.0,4.67,6.36,48.66,16.22,0.54,0.54,0.49,0.39,0.78,0.11,0.7,0.24,0.65,0.44,2.73,0.45,0.12,12.73,0.21
3,新北國王,29|10872|13029,林書緯/林彥廷/杰倫,4,185,213.0,2986.96,49.78,49:47,746.74,12.45,12:27,104.0,26.0,48.83,75.21,100.0,25.0,46.95,72.31,78.0,19.5,36.62,56.41,37.0,9.25,17.37,26.76,45.0,11.25,21.13,32.54,25.0,6.25,11.74,18.08,33.0,8.25,15.49,23.86,12.0,3.0,5.63,8.68,26.0,6.5,12.21,18.8,21.0,5.25,9.86,15.19,10.0,2.5,4.69,7.23,34.0,8.5,15.96,24.59,12.0,3.0,5.63,8.68,39.0,9.75,18.31,28.2,13.0,3.25,6.1,9.4,24.0,6.0,11.27,17.36,8.0,2.0,3.76,5.79,2.0,0.5,0.94,1.45,24.0,6.0,11.27,17.36,28.0,7.0,13.15,20.25,48.83,46.95,1.88,102.69,4.0,1.0,1.88,49.78,12.45,0.55,0.58,0.56,0.36,0.81,0.13,0.65,0.2,0.74,0.46,3.76,0.94,0.11,13.15,0.33
3,新北國王,29|10874|13029,林書緯/熊祥泰/杰倫,4,122,148.0,2059.4,34.32,34:19,514.85,8.58,08:35,69.0,17.25,46.62,72.37,67.0,16.75,45.27,70.27,61.0,15.25,41.22,63.98,27.0,6.75,18.24,28.32,30.0,7.5,20.27,31.47,15.0,3.75,10.14,15.73,31.0,7.75,20.95,32.51,12.0,3.0,8.11,12.59,8.0,2.0,5.41,8.39,5.0,1.25,3.38,5.24,11.0,2.75,7.43,11.54,22.0,5.5,14.86,23.07,10.0,2.5,6.76,10.49,30.0,7.5,20.27,31.47,9.0,2.25,6.08,9.44,16.0,4.0,10.81,16.78,3.0,0.75,2.03,3.15,1.0,0.25,0.68,1.05,12.0,3.0,8.11,12.59,25.0,6.25,16.89,26.22,46.62,45.27,1.35,103.49,2.0,0.5,1.35,34.32,8.58,0.54,0.53,0.5,0.39,0.62,0.12,0.59,0.27,0.69,0.45,2.03,0.68,0.08,16.89,0.13
3,新北中信特攻,39|44|47,魏嘉豪/黃泓瀚/曾文鼎,1,1,2.0,23.0,0.38,00:23,23.0,0.38,00:23,0.0,0.0,0.0,0.0,0.0,0.0,0.0,0.0,1.0,1.0,50.0,93.91,0.0,0.0,0.0,0.0,0.0,0.0,0.0,0.0,0.0,0.0,0.0,0.0,1.0,1.0,50.0,93.91,0.0,0.0,0.0,0.0,0.0,0.0,0.0,0.0,0.0,0.0,0.0,0.0,0.0,0.0,0.0,0.0,0.0,0.0,0.0,0.0,0.0,0.0,0.0,0.0,1.0,1.0,50.0,93.91,0.0,0.0,0.0,0.0,0.0,0.0,0.0,0.0,0.0,0.0,0.0,0.0,0.0,0.0,0.0,0.0,0.0,0.0,0.0,0.0,0.0,0.0,0.0,0.0,0.0,0.0,0.0,125.22,0.0,0.0,0.0,0.38,0.38,0.0,0.0,,0.0,,0.0,,0.0,,0.0,0.0,0.0,0.0,0.0,0.0
3,新北中信特攻,39|47|113,魏嘉豪/曾文鼎/林任鴻,1,2,3.0,26.0,0.43,00:26,26.0,0.43,00:26,0.0,0.0,0.0,0.0,0.0,0.0,0.0,0.0,1.0,1.0,33.33,83.08,0.0,0.0,0.0,0.0,0.0,0.0,0.0,0.0,0.0,0.0,0.0,0.0,1.0,1.0,33.33,83.08,0.0,0.0,0.0,0.0,0.0,0.0,0.0,0.0,0.0,0.0,0.0,0.0,0.0,0.0,0.0,0.0,0.0,0.0,0.0,0.0,0.0,0.0,0.0,0.0,1.0,1.0,33.33,83.08,0.0,0.0,0.0,0.0,0.0,0.0,0.0,0.0,0.0,0.0,0.0,0.0,0.0,0.0,0.0,0.0,0.0,0.0,0.0,0.0,0.0,0.0,0.0,0.0,0.0,0.0,0.0,166.15,0.0,0.0,0.0,0.43,0.43,0.0,0.0,,0.0,,0.0,,0.0,,0.0,0.0,0.0,0.0,0.0,0.0
3,新北中信特攻,39|47|10881,魏嘉豪/曾文鼎/飛克,1,1,2.0,23.0,0.38,00:23,23.0,0.38,00:23,0.0,0.0,0.0,0.0,0.0,0.0,0.0,0.0,1.0,1.0,50.0,93.91,0.0,0.0,0.0,0.0,0.0,0.0,0.0,0.0,0.0,0.0,0.0,0.0,1.0,1.0,50.0,93.91,0.0,0.0,0.0,0.0,0.0,0.0,0.0,0.0,0.0,0.0,0.0,0.0,0.0,0.0,0.0,0.0,0.0,0.0,0.0,0.0,0.0,0.0,0.0,0.0,1.0,1.0,50.0,93.91,0.0,0.0,0.0,0.0,0.0,0.0,0.0,0.0,0.0,0.0,0.0,0.0,0.0,0.0,0.0,0.0,0.0,0.0,0.0,0.0,0.0,0.0,0.0,0.0,0.0,0.0,0.0,125.22,0.0,0.0,0.0,0.38,0.38,0.0,0.0,,0.0,,0.0,,0.0,,0.0,0.0,0.0,0.0,0.0,0.0
3,新北中信特攻,44|47|113,黃泓瀚/曾文鼎/林任鴻,1,1,2.0,23.0,0.38,00:23,23.0,0.38,00:23,0.0,0.0,0.0,0.0,0.0,0.0,0.0,0.0,1.0,1.0,50.0,93.91,0.0,0.0,0.0,0.0,0.0,0.0,0.0,0.0,0.0,0.0,0.0,0.0,1.0,1.0,50.0,93.91,0.0,0.0,0.0,0.0,0.0,0.0,0.0,0.0,0.0,0.0,0.0,0.0,0.0,0.0,0.0,0.0,0.0,0.0,0.0,0.0,0.0,0.0,0.0,0.0,1.0,1.0,50.0,93.91,0.0,0.0,0.0,0.0,0.0,0.0,0.0,0.0,0.0,0.0,0.0,0.0,0.0,0.0,0.0,0.0,0.0,0.0,0.0,0.0,0.0,0.0,0.0,0.0,0.0,0.0,0.0,125.22,0.0,0.0,0.0,0.38,0.38,0.0,0.0,,0.0,,0.0,,0.0,,0.0,0.0,0.0,0.0,0.0,0.0
3,新北中信特攻,44|47|10881,黃泓瀚/曾文鼎/飛克,1,1,2.0,23.0,0.38,00:23,23.0,0.38,00:23,0.0,0.0,0.0,0.0,0.0,0.0,0.0,0.0,1.0,1.0,50.0,93.91,0.0,0.0,0.0,0.0,0.0,0.0,0.0,0.0,0.0,0.0,0.0,0.0,1.0,1.0,50.0,93.91,0.0,0.0,0.0,0.0,0.0,0.0,0.0,0.0,0.0,0.0,0.0,0.0,0.0,0.0,0.0,0.0,0.0,0.0,0.0,0.0,0.0,0.0,0.0,0.0,1.0,1.0,50.0,93.91,0.0,0.0,0.0,0.0,0.0,0.0,0.0,0.0,0.0,0.0,0.0,0.0,0.0,0.0,0.0,0.0,0.0,0.0,0.0,0.0,0.0,0.0,0.0,0.0,0.0,0.0,0.0,125.22,0.0,0.0,0.0,0.38,0.38,0.0,0.0,,0.0,,0.0,,0.0,,0.0,0.0,0.0,0.0,0.0,0.0
3,新北中信特攻,47|113|10881,曾文鼎/林任鴻/飛克,1,1,2.0,23.0,0.38,00:23,23.0,0.38,00:23,0.0,0.0,0.0,0.0,0.0,0.0,0.0,0.0,1.0,1.0,50.0,93.91,0.0,0.0,0.0,0.0,0.0,0.0,0.0,0.0,0.0,0.0,0.0,0.0,1.0,1.0,50.0,93.91,0.0,0.0,0.0,0.0,0.0,0.0,0.0,0.0,0.0,0.0,0.0,0.0,0.0,0.0,0.0,0.0,0.0,0.0,0.0,0.0,0.0,0.0,0.0,0.0,1.0,1.0,50.0,93.91,0.0,0.0,0.0,0.0,0.0,0.0,0.0,0.0,0.0,0.0,0.0,0.0,0.0,0.0,0.0,0.0,0.0,0.0,0.0,0.0,0.0,0.0,0.0,0.0,0.0,0.0,0.0,125.22,0.0,0.0,0.0,0.38,0.38,0.0,0.0,,0.0,,0.0,,0.0,,0.0,0.0,0.0,0.0,0.0,0.0
3,新北國王,24|29|10872,蘇士軒/林書緯/林彥廷,4,56,64.0,880.84,14.68,14:41,220.21,3.67,03:40,33.0,8.25,51.56,80.92,29.0,7.25,45.31,71.11,21.0,5.25,32.81,51.5,11.0,2.75,17.19,26.97,13.0,3.25,20.31,31.88,7.0,1.75,10.94,17.17,8.0,2.0,12.5,19.62,4.0,1.0,6.25,9.81,8.0,2.0,12.5,19.62,7.0,1.75,10.94,17.17,1.0,0.25,1.56,2.45,10.0,2.5,15.62,24.52,4.0,1.0,6.25,9.81,15.0,3.75,23.44,36.78,4.0,1.0,6.25,9.81,7.0,1.75,10.94,17.17,4.0,1.0,6.25,9.81,1.0,0.25,1.56,2.45,5.0,1.25,7.81,12.26,7.0,1.75,10.94,17.17,51.56,45.31,6.25,104.63,4.0,1.0,6.25,14.68,3.67,0.62,0.67,0.54,0.5,0.88,0.14,0.64,0.06,0.71,0.37,6.25,1.56,0.08,10.94,0.38
3,新北國王,21|24|32,李愷諺/蘇士軒/奧帝,3,106,131.0,1733.84,28.9,28:54,577.95,9.63,09:38,54.0,18.0,41.22,67.27,49.0,16.33,37.4,61.04,44.0,14.67,33.59,54.81,19.0,6.33,14.5,23.67,21.0,7.0,16.03,26.16,10.0,3.33,7.63,12.46,23.0,7.67,17.56,28.65,9.0,3.0,6.87,11.21,9.0,3.0,6.87,11.21,7.0,2.33,5.34,8.72,4.0,1.33,3.05,4.98,22.0,7.33,16.79,27.41,15.0,5.0,11.45,18.69,23.0,7.67,17.56,28.65,8.0,2.67,6.11,9.97,13.0,4.33,9.92,16.2,5.0,1.67,3.82,6.23,0.0,0.0,0.0,0.0,14.0,4.67,10.69,17.44,18.0,6.0,13.74,22.42,41.22,37.4,3.82,108.8,5.0,1.67,3.82,28.9,9.63,0.53,0.56,0.48,0.39,0.78,0.14,0.68,0.15,0.59,0.41,3.82,0.0,0.11,13.74,0.2
3,新北國王,21|29|32,李愷諺/林書緯/奧帝,3,141,173.0,2293.1,38.22,38:13,764.37,12.74,12:44,73.0,24.33,42.2,68.76,72.0,24.0,41.62,67.82,61.0,20.33,35.26,57.46,25.0,8.33,14.45,23.55,30.0,10.0,17.34,28.26,15.0,5.0,8.67,14.13,31.0,10.33,17.92,29.2,10.0,3.33,5.78,9.42,17.0,5.67,9.83,16.01,13.0,4.33,7.51,12.25,11.0,3.67,6.36,10.36,28.0,9.33,16.18,26.37,15.0,5.0,8.67,14.13,28.0,9.33,16.18,26.37,12.0,4.0,6.94,11.3,19.0,6.33,10.98,17.9,6.0,2.0,3.47,5.65,0.0,0.0,0.0,0.0,22.0,7.33,12.72,20.72,25.0,8.33,14.45,23.55,42.2,41.62,0.58,108.64,1.0,0.33,0.58,38.22,12.74,0.49,0.53,0.5,0.32,0.76,0.15,0.76,0.28,0.65,0.48,3.47,0.0,0.13,14.45,0.28
3,新北國王,21|32|13029,李愷諺/奧帝/杰倫,3,144,175.0,2288.99,38.15,38:09,763.0,12.72,12:43,74.0,24.67,42.29,69.83,71.0,23.67,40.57,67.0,58.0,19.33,33.14,54.73,25.0,8.33,14.29,23.59,28.0,9.33,16.0,26.42,14.0,4.67,8.0,13.21,30.0,10.0,17.14,28.31,11.0,3.67,6.29,10.38,17.0,5.67,9.71,16.04,13.0,4.33,7.43,12.27,9.0,3.0,5.14,8.49,27.0,9.0,15.43,25.48,16.0,5.33,9.14,15.1,30.0,10.0,17.14,28.31,13.0,4.33,7.43,12.27,19.0,6.33,10.86,17.93,8.0,2.67,4.57,7.55,0.0,0.0,0.0,0.0,20.0,6.67,11.43,18.87,23.0,7.67,13.14,21.7,42.29,40.57,1.71,110.09,3.0,1.0,1.71,38.15,12.72,0.53,0.57,0.5,0.37,0.76,0.17,0.76,0.23,0.63,0.44,4.57,0.0,0.11,13.14,0.29
3,新北國王,24|29|32,蘇士軒/林書緯/奧帝,3,142,177.0,2351.11,39.19,39:11,783.7,13.06,13:04,82.0,27.33,46.33,75.33,64.0,21.33,36.16,58.8,67.0,22.33,37.85,61.55,31.0,10.33,17.51,28.48,34.0,11.33,19.21,31.24,16.0,5.33,9.04,14.7,33.0,11.0,18.64,30.32,15.0,5.0,8.47,13.78,10.0,3.33,5.65,9.19,8.0,2.67,4.52,7.35,8.0,2.67,4.52,7.35,28.0,9.33,15.82,25.72,18.0,6.0,10.17,16.54,36.0,12.0,20.34,33.07,8.0,2.67,4.52,7.35,20.0,6.67,11.3,18.37,4.0,1.33,2.26,3.67,1.0,0.33,0.56,0.92,19.0,6.33,10.73,17.46,21.0,7.0,11.86,19.29,46.33,36.16,10.17,108.41,18.0,6.0,10.17,39.19,13.06,0.57,0.57,0.47,0.45,0.8,0.1,0.65,0.18,0.61,0.4,2.26,0.56,0.11,11.86,0.15
3,新北國王,24|32|13029,蘇士軒/奧帝/杰倫,3,160,197.0,2602.86,43.38,43:23,867.62,14.46,14:28,92.0,30.67,46.7,76.35,69.0,23.0,35.03,57.26,71.0,23.67,36.04,58.92,33.0,11.0,16.75,27.39,37.0,12.33,18.78,30.7,17.0,5.67,8.63,14.11,34.0,11.33,17.26,28.22,16.0,5.33,8.12,13.28,17.0,5.67,8.63,14.11,13.0,4.33,6.6,10.79,8.0,2.67,4.06,6.64,31.0,10.33,15.74,25.73,20.0,6.67,10.15,16.6,38.0,12.67,19.29,31.53,10.0,3.33,5.08,8.3,22.0,7.33,11.17,18.26,6.0,2.0,3.05,4.98,1.0,0.33,0.51,0.83,22.0,7.33,11.17,18.26,23.0,7.67,11.68,19.09,46.7,35.03,11.68,108.99,23.0,7.67,11.68,43.38,14.46,0.58,0.59,0.46,0.47,0.76,0.11,0.67,0.17,0.61,0.4,3.05,0.51,0.11,11.68,0.24
3,新北中信特攻,40|10877|10879,謝亞軒/阿巴西/簡廷兆,2,36,45.0,547.73,9.13,09:08,273.86,4.56,04:34,14.0,7.0,31.11,55.21,29.0,14.5,64.44,114.36,14.0,7.0,31.11,55.21,5.0,2.5,11.11,19.72,7.0,3.5,15.56,27.6,3.0,1.5,6.67,11.83,7.0,3.5,15.56,27.6,2.0,1.0,4.44,7.89,4.0,2.0,8.89,15.77,4.0,2.0,8.89,15.77,1.0,0.5,2.22,3.94,7.0,3.5,15.56,27.6,6.0,3.0,13.33,23.66,6.0,3.0,13.33,23.66,3.0,1.5,6.67,11.83,3.0,1.5,6.67,11.83,1.0,0.5,2.22,3.94,0.0,0.0,0.0,0.0,4.0,2.0,8.89,15.77,6.0,3.0,13.33,23.66,31.11,64.44,-33.33,118.31,-15.0,-7.5,-33.33,9.13,4.56,0.43,0.44,0.43,0.29,1.0,0.16,0.6,0.14,0.54,0.4,2.22,0.0,0.09,13.33,0.29
3,新北中信特攻,40|10879|10880,謝亞軒/簡廷兆/內馬,2,43,49.0,710.63,11.84,11:51,355.32,5.92,05:55,26.0,13.0,53.06,79.03,19.0,9.5,38.78,57.75,15.0,7.5,30.61,45.59,8.0,4.0,16.33,24.32,9.0,4.5,18.37,27.36,6.0,3.0,12.24,18.24,6.0,3.0,12.24,18.24,2.0,1.0,4.08,6.08,8.0,4.0,16.33,24.32,8.0,4.0,16.33,24.32,1.0,0.5,2.04,3.04,5.0,2.5,10.2,15.2,3.0,1.5,6.12,9.12,11.0,5.5,22.45,33.43,3.0,1.5,6.12,9.12,6.0,3.0,12.24,18.24,1.0,0.5,2.04,3.04,0.0,0.0,0.0,0.0,8.0,4.0,16.33,24.32,2.0,1.0,4.08,6.08,53.06,38.78,14.29,99.29,7.0,3.5,14.29,11.84,5.92,0.6,0.7,0.67,0.33,1.0,0.14,0.75,0.08,0.62,0.3,2.04,0.0,0.16,4.08,0.53
3,新北中信特攻,40|10879|10881,謝亞軒/簡廷兆/飛克,2,50,61.0,817.2,13.62,13:37,408.6,6.81,06:49,27.0,13.5,44.26,71.37,24.0,12.0,39.34,63.44,19.0,9.5,31.15,50.22,9.0,4.5,14.75,23.79,10.0,5.0,16.39,26.43,6.0,3.0,9.84,15.86,9.0,4.5,14.75,23.79,3.0,1.5,4.92,7.93,8.0,4.0,13.11,21.15,8.0,4.0,13.11,21.15,2.0,1.0,3.28,5.29,8.0,4.0,13.11,21.15,6.0,3.0,9.84,15.86,12.0,6.0,19.67,31.72,4.0,2.0,6.56,10.57,6.0,3.0,9.84,15.86,0.0,0.0,0.0,0.0,0.0,0.0,0.0,0.0,6.0,3.0,9.84,15.86,4.0,2.0,6.56,10.57,44.26,39.34,4.92,107.49,3.0,1.5,4.92,13.62,6.81,0.55,0.6,0.6,0.33,1.0,0.15,0.67,0.14,0.57,0.36,0.0,0.0,0.1,6.56,0.42
3,新北中信特攻,10877|10879|10880,阿巴西/簡廷兆/內馬,2,55,66.0,896.62,14.94,14:57,448.31,7.47,07:28,24.0,12.0,36.36,57.82,32.0,16.0,48.48,77.09,28.0,14.0,42.42,67.45,8.0,4.0,12.12,19.27,15.0,7.5,22.73,36.14,7.0,3.5,10.61,16.86,13.0,6.5,19.7,31.32,1.0,0.5,1.52,2.41,4.0,2.0,6.06,9.64,3.0,1.5,4.55,7.23,5.0,2.5,7.58,12.05,15.0,7.5,22.73,36.14,5.0,2.5,7.58,12.05,11.0,5.5,16.67,26.5,1.0,0.5,1.52,2.41,3.0,1.5,4.55,7.23,1.0,0.5,1.52,2.41,2.0,1.0,3.03,4.82,6.0,3.0,9.09,14.45,8.0,4.0,12.12,19.27,36.36,48.48,-12.12,106.0,-8.0,-4.0,-12.12,14.94,7.47,0.3,0.4,0.47,0.08,0.75,0.03,0.38,0.31,0.75,0.56,1.52,3.03,0.09,12.12,0.14
3,新北中信特攻,10879|10880|10881,簡廷兆/內馬/飛克,2,65,76.0,1036.65,17.28,17:17,518.33,8.64,08:38,33.0,16.5,43.42,68.76,30.0,15.0,39.47,62.51,30.0,15.0,39.47,62.51,10.0,5.0,13.16,20.84,15.0,7.5,19.74,31.25,8.0,4.0,10.53,16.67,15.0,7.5,19.74,31.25,2.0,1.0,2.63,4.17,8.0,4.0,10.53,16.67,7.0,3.5,9.21,14.59,5.0,2.5,6.58,10.42,16.0,8.0,21.05,33.34,4.0,2.0,5.26,8.33,15.0,7.5,19.74,31.25,2.0,1.0,2.63,4.17,5.0,2.5,6.58,10.42,0.0,0.0,0.0,0.0,2.0,1.0,2.63,4.17,7.0,3.5,9.21,14.59,8.0,4.0,10.53,16.67,43.42,39.47,3.95,105.57,3.0,1.5,3.95,17.28,8.64,0.37,0.49,0.53,0.13,0.88,0.06,0.5,0.25,0.8,0.52,0.0,2.63,0.09,10.53,0.27
3,新北國王,21|32|34,李愷諺/奧帝/沃許本,1,9,10.0,145.0,2.42,02:25,145.0,2.42,02:25,2.0,2.0,20.0,29.79,7.0,7.0,70.0,104.28,3.0,3.0,30.0,44.69,1.0,1.0,10.0,14.9,2.0,2.0,20.0,29.79,1.0,1.0,10.0,14.9,1.0,1.0,10.0,14.9,0.0,0.0,0.0,0.0,0.0,0.0,0.0,0.0,0.0,0.0,0.0,0.0,0.0,0.0,0.0,0.0,2.0,2.0,20.0,29.79,0.0,0.0,0.0,0.0,1.0,1.0,10.0,14.9,1.0,1.0,10.0,14.9,1.0,1.0,10.0,14.9,1.0,1.0,10.0,14.9,0.0,0.0,0.0,0.0,2.0,2.0,20.0,29.79,0.0,0.0,0.0,0.0,20.0,70.0,-50.0,99.31,-5.0,-5.0,-50.0,2.42,2.42,0.33,0.33,0.5,0.0,,0.25,1.0,0.0,1.0,0.67,10.0,0.0,0.2,0.0,0.0
3,新北國王,21|32|10872,李愷諺/奧帝/林彥廷,3,79,91.0,1147.8,19.13,19:08,382.6,6.38,06:23,47.0,15.67,51.65,88.45,40.0,13.33,43.96,75.27,28.0,9.33,30.77,52.69,13.0,4.33,14.29,24.46,16.0,5.33,17.58,30.11,7.0,2.33,7.69,13.17,12.0,4.0,13.19,22.58,6.0,2.0,6.59,11.29,18.0,6.0,19.78,33.87,15.0,5.0,16.48,28.23,7.0,2.33,7.69,13.17,10.0,3.33,10.99,18.82,4.0,1.33,4.4,7.53,13.0,4.33,14.29,24.46,9.0,3.0,9.89,16.94,13.0,4.33,14.29,24.46,7.0,2.33,7.69,13.17,0.0,0.0,0.0,0.0,11.0,3.67,12.09,20.7,5.0,1.67,5.49,9.41,51.65,43.96,7.69,114.17,7.0,2.33,7.69,19.13,6.38,0.57,0.65,0.44,0.5,0.83,0.2,1.0,0.35,0.71,0.5,7.69,0.0,0.12,5.49,0.64
3,新北國王,21|32|10874,李愷諺/奧帝/熊祥泰,3,31,34.0,493.93,8.23,08:14,164.64,2.74,02:45,15.0,5.0,44.12,65.6,21.0,7.0,61.76,91.83,12.0,4.0,35.29,52.48,6.0,2.0,17.65,26.24,7.0,2.33,20.59,30.61,4.0,1.33,11.76,17.49,5.0,1.67,14.71,21.87,2.0,0.67,5.88,8.75,2.0,0.67,5.88,8.75,1.0,0.33,2.94,4.37,2.0,0.67,5.88,8.75,4.0,1.33,11.76,17.49,0.0,0.0,0.0,0.0,4.0,1.33,11.76,17.49,5.0,1.67,14.71,21.87,6.0,2.0,17.65,26.24,2.0,0.67,5.88,8.75,0.0,0.0,0.0,0.0,3.0,1.0,8.82,13.12,2.0,0.67,5.88,8.75,44.12,61.76,-17.65,99.12,-6.0,-2.0,-17.65,8.23,2.74,0.58,0.58,0.57,0.4,0.5,0.28,1.0,0.33,1.0,0.6,5.88,0.0,0.09,5.88,0.17
3,新北國王,21|34|10872,李愷諺/沃許本/林彥廷,2,41,51.0,561.99,9.37,09:22,280.99,4.68,04:41,19.0,9.5,37.25,73.03,30.0,15.0,58.82,115.31,14.0,7.0,27.45,53.81,6.0,3.0,11.76,23.06,11.0,5.5,21.57,42.28,6.0,3.0,11.76,23.06,3.0,1.5,5.88,11.53,0.0,0.0,0.0,0.0,9.0,4.5,17.65,34.59,7.0,3.5,13.73,26.9,4.0,2.0,7.84,15.37,5.0,2.5,9.8,19.22,4.0,2.0,7.84,15.37,7.0,3.5,13.73,26.9,5.0,2.5,9.8,19.22,5.0,2.5,9.8,19.22,4.0,2.0,7.84,15.37,0.0,0.0,0.0,0.0,7.0,3.5,13.73,26.9,5.0,2.5,9.8,19.22,37.25,58.82,-21.57,130.68,-11.0,-5.5,-21.57,9.37,4.68,0.43,0.53,0.55,0.0,0.78,0.22,0.83,0.36,0.56,0.45,7.84,0.0,0.14,9.8,0.64
3,新北國王,21|10872|10874,李愷諺/林彥廷/熊祥泰,4,40,47.0,618.67,10.31,10:19,154.67,2.58,02:35,25.0,6.25,53.19,87.28,27.0,6.75,57.45,94.27,14.0,3.5,29.79,48.88,7.0,1.75,14.89,24.44,10.0,2.5,21.28,34.91,5.0,1.25,10.64,17.46,4.0,1.0,8.51,13.97,2.0,0.5,4.26,6.98,9.0,2.25,19.15,31.42,8.0,2.0,17.02,27.93,2.0,0.5,4.26,6.98,5.0,1.25,10.64,17.46,3.0,0.75,6.38,10.47,5.0,1.25,10.64,17.46,5.0,1.25,10.64,17.46,6.0,1.5,12.77,20.95,3.0,0.75,6.38,10.47,0.0,0.0,0.0,0.0,5.0,1.25,10.64,17.46,3.0,0.75,6.38,10.47,53.19,57.45,-4.26,109.4,-2.0,-0.5,-4.26,10.31,2.58,0.57,0.7,0.5,0.5,0.89,0.22,0.86,0.29,0.62,0.47,6.38,0.0,0.11,6.38,0.64
3,新北中信特攻,40|8889|10879,謝亞軒/馬可/簡廷兆,1,12,15.0,196.42,3.27,03:16,196.42,3.27,03:16,9.0,9.0,60.0,98.97,8.0,8.0,53.33,87.97,3.0,3.0,20.0,32.99,2.0,2.0,13.33,21.99,1.0,1.0,6.67,11.0,0.0,0.0,0.0,0.0,2.0,2.0,13.33,21.99,2.0,2.0,13.33,21.99,3.0,3.0,20.0,32.99,3.0,3.0,20.0,32.99,0.0,0.0,0.0,0.0,1.0,1.0,6.67,11.0,2.0,2.0,13.33,21.99,2.0,2.0,13.33,21.99,2.0,2.0,13.33,21.99,3.0,3.0,20.0,32.99,1.0,1.0,6.67,11.0,0.0,0.0,0.0,0.0,4.0,4.0,26.67,43.99,0.0,0.0,0.0,0.0,60.0,53.33,6.67,109.97,1.0,1.0,6.67,3.27,3.27,1.0,1.04,0.0,1.0,1.0,0.32,1.5,0.0,0.33,0.2,6.67,0.0,0.27,0.0,1.0
3,新北中信特攻,8889|10879|10880,馬可/簡廷兆/內馬,2,12,12.0,223.08,3.72,03:43,111.54,1.86,01:52,6.0,3.0,50.0,58.1,8.0,4.0,66.67,77.46,1.0,0.5,8.33,9.68,1.0,0.5,8.33,9.68,0.0,0.0,0.0,0.0,0.0,0.0,0.0,0.0,1.0,0.5,8.33,9.68,1.0,0.5,8.33,9.68,3.0,1.5,25.0,29.05,3.0,1.5,25.0,29.05,0.0,0.0,0.0,0.0,0.0,0.0,0.0,0.0,0.0,0.0,0.0,0.0,3.0,1.5,25.0,29.05,3.0,1.5,25.0,29.05,2.0,1.0,16.67,19.37,1.0,0.5,8.33,9.68,0.0,0.0,0.0,0.0,5.0,2.5,41.67,48.41,3.0,1.5,25.0,29.05,50.0,66.67,-16.67,77.46,-2.0,-1.0,-16.67,3.72,1.86,1.5,1.29,,1.0,1.0,0.56,2.0,0.0,,0.0,8.33,0.0,0.42,25.0,3.0
3,新北中信特攻,40|113|8889,謝亞軒/林任鴻/馬可,2,23,26.0,423.71,7.06,07:04,211.85,3.53,03:32,18.0,9.0,69.23,91.76,7.0,3.5,26.92,35.69,10.0,5.0,38.46,50.98,5.0,2.5,19.23,25.49,6.0,3.0,23.08,30.59,2.0,1.0,7.69,10.2,4.0,2.0,15.38,20.39,3.0,1.5,11.54,15.29,9.0,4.5,34.62,45.88,7.0,3.5,26.92,35.69,2.0,1.0,7.69,10.2,4.0,2.0,15.38,20.39,1.0,0.5,3.85,5.1,5.0,2.5,19.23,25.49,1.0,0.5,3.85,5.1,7.0,3.5,26.92,35.69,1.0,0.5,3.85,5.1,0.0,0.0,0.0,0.0,7.0,3.5,26.92,35.69,2.0,1.0,7.69,10.2,69.23,26.92,42.31,88.36,11.0,5.5,42.31,7.06,3.53,0.65,0.64,0.33,0.75,0.78,0.07,1.4,0.29,0.8,0.5,3.85,0.0,0.27,7.69,0.9
3,新北中信特攻,40|113|10879,謝亞軒/林任鴻/簡廷兆,2,22,23.0,411.35,6.86,06:51,205.67,3.43,03:26,19.0,9.5,82.61,99.77,2.0,1.0,8.7,10.5,7.0,3.5,30.43,36.76,5.0,2.5,21.74,26.26,3.0,1.5,13.04,15.75,3.0,1.5,13.04,15.75,4.0,2.0,17.39,21.0,2.0,1.0,8.7,10.5,9.0,4.5,39.13,47.26,9.0,4.5,39.13,47.26,1.0,0.5,4.35,5.25,1.0,0.5,4.35,5.25,0.0,0.0,0.0,0.0,6.0,3.0,26.09,31.51,2.0,1.0,8.7,10.5,5.0,2.5,21.74,26.26,0.0,0.0,0.0,0.0,0.0,0.0,0.0,0.0,5.0,2.5,21.74,26.26,0.0,0.0,0.0,0.0,82.61,8.7,73.91,80.52,17.0,8.5,73.91,6.86,3.43,0.86,0.87,1.0,0.5,1.0,0.15,1.0,0.14,1.0,0.25,0.0,0.0,0.22,0.0,1.29
3,新北中信特攻,40|113|10880,謝亞軒/林任鴻/內馬,2,20,21.0,385.18,6.42,06:25,192.59,3.21,03:13,19.0,9.5,90.48,106.55,2.0,1.0,9.52,11.22,8.0,4.0,38.1,44.86,6.0,3.0,28.57,33.65,4.0,2.0,19.05,22.43,4.0,2.0,19.05,22.43,4.0,2.0,19.05,22.43,2.0,1.0,9.52,11.22,7.0,3.5,33.33,39.25,7.0,3.5,33.33,39.25,1.0,0.5,4.76,5.61,1.0,0.5,4.76,5.61,0.0,0.0,0.0,0.0,6.0,3.0,28.57,33.65,1.0,0.5,4.76,5.61,5.0,2.5,23.81,28.04,0.0,0.0,0.0,0.0,0.0,0.0,0.0,0.0,5.0,2.5,23.81,28.04,0.0,0.0,0.0,0.0,90.48,9.52,80.95,78.51,17.0,8.5,80.95,6.42,3.21,0.88,0.86,1.0,0.5,1.0,0.08,0.83,0.14,1.0,0.25,0.0,0.0,0.24,0.0,0.88
3,新北中信特攻,113|8889|10879,林任鴻/馬可/簡廷兆,2,19,21.0,334.43,5.57,05:34,167.21,2.79,02:47,12.0,6.0,57.14,77.51,11.0,5.5,52.38,71.05,5.0,2.5,23.81,32.29,3.0,1.5,14.29,19.38,4.0,2.0,19.05,25.84,2.0,1.0,9.52,12.92,1.0,0.5,4.76,6.46,1.0,0.5,4.76,6.46,5.0,2.5,23.81,32.29,5.0,2.5,23.81,32.29,0.0,0.0,0.0,0.0,2.0,1.0,9.52,12.92,1.0,0.5,4.76,6.46,3.0,1.5,14.29,19.38,2.0,1.0,9.52,12.92,2.0,1.0,9.52,12.92,0.0,0.0,0.0,0.0,1.0,0.5,4.76,6.46,5.0,2.5,23.81,32.29,3.0,1.5,14.29,19.38,57.14,52.38,4.76,90.42,1.0,0.5,4.76,5.57,2.79,0.7,0.83,0.5,1.0,1.0,0.22,0.67,0.0,0.67,0.33,0.0,4.76,0.24,14.29,1.0
3,新北中信特攻,113|8889|10880,林任鴻/馬可/內馬,2,11,11.0,241.08,4.02,04:01,120.54,2.01,02:01,8.0,4.0,72.73,71.68,3.0,1.5,27.27,26.88,2.0,1.0,18.18,17.92,2.0,1.0,18.18,17.92,1.0,0.5,9.09,8.96,1.0,0.5,9.09,8.96,1.0,0.5,9.09,8.96,1.0,0.5,9.09,8.96,7.0,3.5,63.64,62.72,5.0,2.5,45.45,44.8,0.0,0.0,0.0,0.0,1.0,0.5,9.09,8.96,0.0,0.0,0.0,0.0,3.0,1.5,27.27,26.88,2.0,1.0,18.18,17.92,2.0,1.0,18.18,17.92,0.0,0.0,0.0,0.0,0.0,0.0,0.0,0.0,4.0,2.0,36.36,35.84,3.0,1.5,27.27,26.88,72.73,27.27,45.45,65.7,5.0,2.5,45.45,4.02,2.01,1.25,0.79,1.0,1.0,0.71,0.28,1.0,0.0,1.0,0.25,0.0,0.0,0.36,27.27,3.5
3,新北中信特攻,113|10879|10880,林任鴻/簡廷兆/內馬,2,25,26.0,455.2,7.59,07:35,227.6,3.79,03:48,19.0,9.5,73.08,90.16,5.0,2.5,19.23,23.73,7.0,3.5,26.92,33.22,5.0,2.5,19.23,23.73,3.0,1.5,11.54,14.24,3.0,1.5,11.54,14.24,4.0,2.0,15.38,18.98,2.0,1.0,7.69,9.49,7.0,3.5,26.92,33.22,7.0,3.5,26.92,33.22,1.0,0.5,3.85,4.75,1.0,0.5,3.85,4.75,0.0,0.0,0.0,0.0,8.0,4.0,30.77,37.96,3.0,1.5,11.54,14.24,5.0,2.5,19.23,23.73,0.0,0.0,0.0,0.0,0.0,0.0,0.0,0.0,6.0,3.0,23.08,28.47,3.0,1.5,11.54,14.24,73.08,19.23,53.85,82.25,14.0,7.0,53.85,7.59,3.79,0.86,0.94,1.0,0.5,1.0,0.23,1.0,0.11,1.0,0.2,0.0,0.0,0.23,11.54,1.0
3,新北中信特攻,39|113|10877,魏嘉豪/林任鴻/阿巴西,1,2,2.0,17.77,0.3,00:18,17.77,0.3,00:18,1.0,1.0,50.0,121.54,0.0,0.0,0.0,0.0,0.0,0.0,0.0,0.0,0.0,0.0,0.0,0.0,0.0,0.0,0.0,0.0,0.0,0.0,0.0,0.0,0.0,0.0,0.0,0.0,0.0,0.0,0.0,0.0,2.0,2.0,100.0,243.08,1.0,1.0,50.0,121.54,0.0,0.0,0.0,0.0,1.0,1.0,50.0,121.54,0.0,0.0,0.0,0.0,0.0,0.0,0.0,0.0,0.0,0.0,0.0,0.0,0.0,0.0,0.0,0.0,0.0,0.0,0.0,0.0,0.0,0.0,0.0,0.0,0.0,0.0,0.0,0.0,0.0,0.0,0.0,0.0,50.0,0.0,50.0,162.05,1.0,1.0,50.0,0.3,0.3,,0.57,,,0.5,0.0,,,1.0,1.0,0.0,0.0,0.0,0.0,
3,新北中信特攻,39|113|10880,魏嘉豪/林任鴻/內馬,2,5,5.0,49.67,0.83,00:50,24.83,0.41,00:25,2.0,1.0,40.0,86.98,0.0,0.0,0.0,0.0,1.0,0.5,20.0,43.49,0.0,0.0,0.0,0.0,1.0,0.5,20.0,43.49,0.0,0.0,0.0,0.0,0.0,0.0,0.0,0.0,0.0,0.0,0.0,0.0,4.0,2.0,80.0,173.96,2.0,1.0,40.0,86.98,0.0,0.0,0.0,0.0,2.0,1.0,40.0,86.98,0.0,0.0,0.0,0.0,0.0,0.0,0.0,0.0,0.0,0.0,0.0,0.0,0.0,0.0,0.0,0.0,0.0,0.0,0.0,0.0,0.0,0.0,0.0,0.0,0.0,0.0,0.0,0.0,0.0,0.0,0.0,0.0,40.0,0.0,40.0,144.96,2.0,1.0,40.0,0.83,0.41,0.0,0.36,0.0,,0.5,0.0,,,1.0,1.0,0.0,0.0,0.0,0.0,4.0
3,新北中信特攻,39|8889|10880,魏嘉豪/馬可/內馬,2,2,2.0,32.67,0.54,00:33,16.33,0.27,00:16,2.0,1.0,100.0,132.24,0.0,0.0,0.0,0.0,0.0,0.0,0.0,0.0,0.0,0.0,0.0,0.0,0.0,0.0,0.0,0.0,0.0,0.0,0.0,0.0,0.0,0.0,0.0,0.0,0.0,0.0,0.0,0.0,4.0,2.0,200.0,264.48,2.0,1.0,100.0,132.24,0.0,0.0,0.0,0.0,1.0,0.5,50.0,66.12,0.0,0.0,0.0,0.0,0.0,0.0,0.0,0.0,0.0,0.0,0.0,0.0,0.0,0.0,0.0,0.0,0.0,0.0,0.0,0.0,0.0,0.0,0.0,0.0,0.0,0.0,0.0,0.0,0.0,0.0,0.0,0.0,100.0,0.0,100.0,88.16,2.0,1.0,100.0,0.54,0.27,,0.57,,,0.5,0.0,,,1.0,1.0,0.0,0.0,0.0,0.0,
3,新北中信特攻,39|10877|10880,魏嘉豪/阿巴西/內馬,1,2,2.0,17.77,0.3,00:18,17.77,0.3,00:18,1.0,1.0,50.0,121.54,0.0,0.0,0.0,0.0,0.0,0.0,0.0,0.0,0.0,0.0,0.0,0.0,0.0,0.0,0.0,0.0,0.0,0.0,0.0,0.0,0.0,0.0,0.0,0.0,0.0,0.0,0.0,0.0,2.0,2.0,100.0,243.08,1.0,1.0,50.0,121.54,0.0,0.0,0.0,0.0,1.0,1.0,50.0,121.54,0.0,0.0,0.0,0.0,0.0,0.0,0.0,0.0,0.0,0.0,0.0,0.0,0.0,0.0,0.0,0.0,0.0,0.0,0.0,0.0,0.0,0.0,0.0,0.0,0.0,0.0,0.0,0.0,0.0,0.0,0.0,0.0,50.0,0.0,50.0,162.05,1.0,1.0,50.0,0.3,0.3,,0.57,,,0.5,0.0,,,1.0,1.0,0.0,0.0,0.0,0.0,
3,新北中信特攻,113|8889|10877,林任鴻/馬可/阿巴西,2,28,33.0,421.07,7.02,07:01,210.53,3.51,03:31,17.0,8.5,51.52,87.21,13.0,6.5,39.39,66.69,11.0,5.5,33.33,56.43,4.0,2.0,12.12,20.52,8.0,4.0,24.24,41.04,2.0,1.0,6.06,10.26,3.0,1.5,9.09,15.39,2.0,1.0,6.06,10.26,10.0,5.0,30.3,51.3,7.0,3.5,21.21,35.91,2.0,1.0,6.06,10.26,7.0,3.5,21.21,35.91,2.0,1.0,6.06,10.26,4.0,2.0,12.12,20.52,1.0,0.5,3.03,5.13,5.0,2.5,15.15,25.65,1.0,0.5,3.03,5.13,1.0,0.5,3.03,5.13,5.0,2.5,15.15,25.65,2.0,1.0,6.06,10.26,51.52,39.39,12.12,112.86,4.0,2.0,12.12,7.02,3.51,0.45,0.55,0.25,0.67,0.7,0.06,1.25,0.33,0.78,0.6,3.03,3.03,0.15,6.06,0.91
3,新北中信特攻,113|10877|10880,林任鴻/阿巴西/內馬,1,2,2.0,17.77,0.3,00:18,17.77,0.3,00:18,1.0,1.0,50.0,121.54,0.0,0.0,0.0,0.0,0.0,0.0,0.0,0.0,0.0,0.0,0.0,0.0,0.0,0.0,0.0,0.0,0.0,0.0,0.0,0.0,0.0,0.0,0.0,0.0,0.0,0.0,0.0,0.0,2.0,2.0,100.0,243.08,1.0,1.0,50.0,121.54,0.0,0.0,0.0,0.0,1.0,1.0,50.0,121.54,0.0,0.0,0.0,0.0,0.0,0.0,0.0,0.0,0.0,0.0,0.0,0.0,0.0,0.0,0.0,0.0,0.0,0.0,0.0,0.0,0.0,0.0,0.0,0.0,0.0,0.0,0.0,0.0,0.0,0.0,0.0,0.0,50.0,0.0,50.0,162.05,1.0,1.0,50.0,0.3,0.3,,0.57,,,0.5,0.0,,,1.0,1.0,0.0,0.0,0.0,0.0,
3,新北中信特攻,39|47|10877,魏嘉豪/曾文鼎/阿巴西,1,1,1.0,3.0,0.05,00:03,3.0,0.05,00:03,0.0,0.0,0.0,0.0,0.0,0.0,0.0,0.0,0.0,0.0,0.0,0.0,0.0,0.0,0.0,0.0,0.0,0.0,0.0,0.0,0.0,0.0,0.0,0.0,0.0,0.0,0.0,0.0,0.0,0.0,0.0,0.0,0.0,0.0,0.0,0.0,0.0,0.0,0.0,0.0,0.0,0.0,0.0,0.0,0.0,0.0,0.0,0.0,0.0,0.0,0.0,0.0,0.0,0.0,0.0,0.0,0.0,0.0,0.0,0.0,0.0,0.0,0.0,0.0,0.0,0.0,0.0,0.0,0.0,0.0,0.0,0.0,0.0,0.0,0.0,0.0,0.0,0.0,0.0,0.0,0.0,0.0,0.0,480.0,0.0,0.0,0.0,0.05,0.05,,,,,,,,,,,0.0,0.0,0.0,0.0,
3,新北中信特攻,39|47|10880,魏嘉豪/曾文鼎/內馬,1,1,1.0,3.0,0.05,00:03,3.0,0.05,00:03,0.0,0.0,0.0,0.0,0.0,0.0,0.0,0.0,0.0,0.0,0.0,0.0,0.0,0.0,0.0,0.0,0.0,0.0,0.0,0.0,0.0,0.0,0.0,0.0,0.0,0.0,0.0,0.0,0.0,0.0,0.0,0.0,0.0,0.0,0.0,0.0,0.0,0.0,0.0,0.0,0.0,0.0,0.0,0.0,0.0,0.0,0.0,0.0,0.0,0.0,0.0,0.0,0.0,0.0,0.0,0.0,0.0,0.0,0.0,0.0,0.0,0.0,0.0,0.0,0.0,0.0,0.0,0.0,0.0,0.0,0.0,0.0,0.0,0.0,0.0,0.0,0.0,0.0,0.0,0.0,0.0,0.0,0.0,480.0,0.0,0.0,0.0,0.05,0.05,,,,,,,,,,,0.0,0.0,0.0,0.0,
3,新北中信特攻,47|113|10877,曾文鼎/林任鴻/阿巴西,1,1,1.0,3.0,0.05,00:03,3.0,0.05,00:03,0.0,0.0,0.0,0.0,0.0,0.0,0.0,0.0,0.0,0.0,0.0,0.0,0.0,0.0,0.0,0.0,0.0,0.0,0.0,0.0,0.0,0.0,0.0,0.0,0.0,0.0,0.0,0.0,0.0,0.0,0.0,0.0,0.0,0.0,0.0,0.0,0.0,0.0,0.0,0.0,0.0,0.0,0.0,0.0,0.0,0.0,0.0,0.0,0.0,0.0,0.0,0.0,0.0,0.0,0.0,0.0,0.0,0.0,0.0,0.0,0.0,0.0,0.0,0.0,0.0,0.0,0.0,0.0,0.0,0.0,0.0,0.0,0.0,0.0,0.0,0.0,0.0,0.0,0.0,0.0,0.0,0.0,0.0,480.0,0.0,0.0,0.0,0.05,0.05,,,,,,,,,,,0.0,0.0,0.0,0.0,
3,新北中信特攻,47|113|10880,曾文鼎/林任鴻/內馬,1,1,1.0,3.0,0.05,00:03,3.0,0.05,00:03,0.0,0.0,0.0,0.0,0.0,0.0,0.0,0.0,0.0,0.0,0.0,0.0,0.0,0.0,0.0,0.0,0.0,0.0,0.0,0.0,0.0,0.0,0.0,0.0,0.0,0.0,0.0,0.0,0.0,0.0,0.0,0.0,0.0,0.0,0.0,0.0,0.0,0.0,0.0,0.0,0.0,0.0,0.0,0.0,0.0,0.0,0.0,0.0,0.0,0.0,0.0,0.0,0.0,0.0,0.0,0.0,0.0,0.0,0.0,0.0,0.0,0.0,0.0,0.0,0.0,0.0,0.0,0.0,0.0,0.0,0.0,0.0,0.0,0.0,0.0,0.0,0.0,0.0,0.0,0.0,0.0,0.0,0.0,480.0,0.0,0.0,0.0,0.05,0.05,,,,,,,,,,,0.0,0.0,0.0,0.0,
3,新北中信特攻,47|10877|10880,曾文鼎/阿巴西/內馬,2,9,11.0,176.0,2.93,02:56,88.0,1.47,01:28,4.0,2.0,36.36,49.09,2.0,1.0,18.18,24.55,5.0,2.5,45.45,61.36,2.0,1.0,18.18,24.55,3.0,1.5,27.27,36.82,2.0,1.0,18.18,24.55,2.0,1.0,18.18,24.55,0.0,0.0,0.0,0.0,0.0,0.0,0.0,0.0,0.0,0.0,0.0,0.0,1.0,0.5,9.09,12.27,2.0,1.0,18.18,24.55,1.0,0.5,9.09,12.27,2.0,1.0,18.18,24.55,0.0,0.0,0.0,0.0,1.0,0.5,9.09,12.27,0.0,0.0,0.0,0.0,0.0,0.0,0.0,0.0,0.0,0.0,0.0,0.0,0.0,0.0,0.0,0.0,36.36,18.18,18.18,90.0,2.0,1.0,18.18,2.93,1.47,0.4,0.4,0.67,0.0,,0.0,0.5,0.33,0.67,0.5,0.0,0.0,0.0,0.0,0.0
3,新北國王,24|29|10874,蘇士軒/林書緯/熊祥泰,3,39,49.0,685.43,11.42,11:25,228.48,3.81,03:48,33.0,11.0,67.35,103.99,16.0,5.33,32.65,50.42,22.0,7.33,44.9,69.33,12.0,4.0,24.49,37.82,12.0,4.0,24.49,37.82,5.0,1.67,10.2,15.76,10.0,3.33,20.41,31.51,7.0,2.33,14.29,22.06,2.0,0.67,4.08,6.3,2.0,0.67,4.08,6.3,4.0,1.33,8.16,12.61,5.0,1.67,10.2,15.76,4.0,1.33,8.16,12.61,12.0,4.0,24.49,37.82,2.0,0.67,4.08,6.3,8.0,2.67,16.33,25.21,1.0,0.33,2.04,3.15,0.0,0.0,0.0,0.0,4.0,1.33,8.16,12.61,6.0,2.0,12.24,18.91,67.35,32.65,34.69,102.94,17.0,5.67,34.69,11.42,3.81,0.7,0.72,0.42,0.7,1.0,0.08,0.67,0.25,0.56,0.36,2.04,0.0,0.08,12.24,0.09
3,新北國王,24|32|10872,蘇士軒/奧帝/林彥廷,3,39,44.0,526.74,8.78,08:47,175.58,2.93,02:56,23.0,7.67,52.27,94.32,15.0,5.0,34.09,61.51,13.0,4.33,29.55,53.31,7.0,2.33,15.91,28.71,11.0,3.67,25.0,45.11,6.0,2.0,13.64,24.6,2.0,0.67,4.55,8.2,1.0,0.33,2.27,4.1,10.0,3.33,22.73,41.01,8.0,2.67,18.18,32.81,1.0,0.33,2.27,4.1,6.0,2.0,13.64,24.6,3.0,1.0,6.82,12.3,8.0,2.67,18.18,32.81,2.0,0.67,4.55,8.2,4.0,1.33,9.09,16.4,2.0,0.67,4.55,8.2,1.0,0.33,2.27,4.1,5.0,1.67,11.36,20.5,3.0,1.0,6.82,12.3,52.27,34.09,18.18,120.29,8.0,2.67,18.18,8.78,2.93,0.58,0.66,0.55,0.5,0.8,0.1,0.57,0.11,0.67,0.39,4.55,2.27,0.11,6.82,0.77
3,新北中信特攻,40|113|10881,謝亞軒/林任鴻/飛克,2,43,47.0,702.92,11.72,11:43,351.46,5.86,05:51,27.0,13.5,57.45,82.97,13.0,6.5,27.66,39.95,17.0,8.5,36.17,52.24,8.0,4.0,17.02,24.58,9.0,4.5,19.15,27.66,5.0,2.5,10.64,15.36,8.0,4.0,17.02,24.58,3.0,1.5,6.38,9.22,12.0,6.0,25.53,36.87,10.0,5.0,21.28,30.73,3.0,1.5,6.38,9.22,7.0,3.5,14.89,21.51,1.0,0.5,2.13,3.07,10.0,5.0,21.28,30.73,3.0,1.5,6.38,9.22,8.0,4.0,17.02,24.58,1.0,0.5,2.13,3.07,0.0,0.0,0.0,0.0,7.0,3.5,14.89,21.51,4.0,2.0,8.51,12.29,57.45,27.66,29.79,96.28,14.0,7.0,29.79,11.72,5.86,0.56,0.61,0.56,0.38,0.83,0.12,1.0,0.23,0.88,0.48,2.13,0.0,0.15,8.51,0.71
3,新北中信特攻,113|10879|10881,林任鴻/簡廷兆/飛克,2,28,31.0,461.92,7.7,07:42,230.96,3.85,03:51,19.0,9.5,61.29,88.85,10.0,5.0,32.26,46.76,10.0,5.0,32.26,46.76,6.0,3.0,19.35,28.06,7.0,3.5,22.58,32.73,5.0,2.5,16.13,23.38,3.0,1.5,9.68,14.03,1.0,0.5,3.23,4.68,8.0,4.0,25.81,37.41,8.0,4.0,25.81,37.41,1.0,0.5,3.23,4.68,3.0,1.5,9.68,14.03,1.0,0.5,3.23,4.68,5.0,2.5,16.13,23.38,2.0,1.0,6.45,9.35,3.0,1.5,9.68,14.03,0.0,0.0,0.0,0.0,1.0,0.5,3.23,4.68,3.0,1.5,9.68,14.03,0.0,0.0,0.0,0.0,61.29,32.26,29.03,96.64,9.0,4.5,29.03,7.7,3.85,0.65,0.7,0.71,0.33,1.0,0.13,0.5,0.17,0.75,0.4,0.0,3.23,0.1,0.0,0.8
3,新北中信特攻,113|10880|10881,林任鴻/內馬/飛克,2,18,19.0,281.77,4.7,04:42,140.89,2.35,02:21,13.0,6.5,68.42,99.65,2.0,1.0,10.53,15.33,7.0,3.5,36.84,53.66,4.0,2.0,21.05,30.66,4.0,2.0,21.05,30.66,3.0,1.5,15.79,23.0,3.0,1.5,15.79,23.0,1.0,0.5,5.26,7.67,4.0,2.0,21.05,30.66,4.0,2.0,21.05,30.66,1.0,0.5,5.26,7.67,2.0,1.0,10.53,15.33,0.0,0.0,0.0,0.0,5.0,2.5,26.32,38.33,1.0,0.5,5.26,7.67,3.0,1.5,15.79,23.0,0.0,0.0,0.0,0.0,0.0,0.0,0.0,0.0,2.0,1.0,10.53,15.33,0.0,0.0,0.0,0.0,68.42,10.53,57.89,97.1,11.0,5.5,57.89,4.7,2.35,0.64,0.74,0.75,0.33,1.0,0.1,0.75,0.17,1.0,0.38,0.0,0.0,0.11,0.0,0.57
3,新北中信特攻,43|113|8889,林韋翰/林任鴻/馬可,2,7,7.0,158.98,2.65,02:39,79.49,1.32,01:19,2.0,1.0,28.57,27.17,5.0,2.5,71.43,67.93,2.0,1.0,28.57,27.17,2.0,1.0,28.57,27.17,2.0,1.0,28.57,27.17,2.0,1.0,28.57,27.17,0.0,0.0,0.0,0.0,0.0,0.0,0.0,0.0,0.0,0.0,0.0,0.0,0.0,0.0,0.0,0.0,0.0,0.0,0.0,0.0,0.0,0.0,0.0,0.0,0.0,0.0,0.0,0.0,2.0,1.0,28.57,27.17,2.0,1.0,28.57,27.17,0.0,0.0,0.0,0.0,0.0,0.0,0.0,0.0,0.0,0.0,0.0,0.0,1.0,0.5,14.29,13.59,3.0,1.5,42.86,40.76,28.57,71.43,-42.86,63.4,-3.0,-1.5,-42.86,2.65,1.32,1.0,0.5,1.0,,,0.5,0.0,0.0,,0.0,0.0,0.0,0.14,42.86,0.0
3,新北中信特攻,43|113|10879,林韋翰/林任鴻/簡廷兆,2,7,7.0,138.0,2.3,02:18,69.0,1.15,01:09,2.0,1.0,28.57,31.3,5.0,2.5,71.43,78.26,1.0,0.5,14.29,15.65,1.0,0.5,14.29,15.65,1.0,0.5,14.29,15.65,1.0,0.5,14.29,15.65,0.0,0.0,0.0,0.0,0.0,0.0,0.0,0.0,0.0,0.0,0.0,0.0,0.0,0.0,0.0,0.0,0.0,0.0,0.0,0.0,0.0,0.0,0.0,0.0,0.0,0.0,0.0,0.0,2.0,1.0,28.57,31.3,2.0,1.0,28.57,31.3,0.0,0.0,0.0,0.0,0.0,0.0,0.0,0.0,0.0,0.0,0.0,0.0,1.0,0.5,14.29,15.65,3.0,1.5,42.86,46.96,28.57,71.43,-42.86,73.04,-3.0,-1.5,-42.86,2.3,1.15,1.0,1.0,1.0,,,0.67,0.0,0.0,,0.0,0.0,0.0,0.14,42.86,0.0
3,新北中信特攻,43|113|10881,林韋翰/林任鴻/飛克,2,8,8.0,128.7,2.15,02:09,64.35,1.07,01:04,4.0,2.0,50.0,67.13,6.0,3.0,75.0,100.7,4.0,2.0,50.0,67.13,2.0,1.0,25.0,33.57,2.0,1.0,25.0,33.57,2.0,1.0,25.0,33.57,2.0,1.0,25.0,33.57,0.0,0.0,0.0,0.0,0.0,0.0,0.0,0.0,0.0,0.0,0.0,0.0,0.0,0.0,0.0,0.0,2.0,1.0,25.0,33.57,0.0,0.0,0.0,0.0,1.0,0.5,12.5,16.78,0.0,0.0,0.0,0.0,0.0,0.0,0.0,0.0,0.0,0.0,0.0,0.0,0.0,0.0,0.0,0.0,1.0,0.5,12.5,16.78,2.0,1.0,25.0,33.57,50.0,75.0,-25.0,89.51,-2.0,-1.0,-25.0,2.15,1.07,0.5,0.5,1.0,0.0,,0.0,0.0,0.0,1.0,0.67,0.0,0.0,0.12,25.0,0.0
3,新北國王,21|10872|13029,李愷諺/林彥廷/杰倫,4,117,144.0,1773.63,29.56,29:34,443.41,7.39,07:23,67.0,16.75,46.53,81.6,72.0,18.0,50.0,87.68,41.0,10.25,28.47,49.93,17.0,4.25,11.81,20.7,25.0,6.25,17.36,30.45,11.0,2.75,7.64,13.4,16.0,4.0,11.11,19.49,6.0,1.5,4.17,7.31,34.0,8.5,23.61,41.41,27.0,6.75,18.75,32.88,12.0,3.0,8.33,14.61,16.0,4.0,11.11,19.49,14.0,3.5,9.72,17.05,19.0,4.75,13.19,23.14,11.0,2.75,7.64,13.4,13.0,3.25,9.03,15.83,7.0,1.75,4.86,8.52,0.0,0.0,0.0,0.0,18.0,4.5,12.5,21.92,10.0,2.5,6.94,12.18,46.53,50.0,-3.47,116.91,-5.0,-1.25,-3.47,29.56,7.39,0.49,0.6,0.44,0.38,0.79,0.16,0.76,0.39,0.53,0.46,4.86,0.0,0.12,6.94,0.83
3,新北中信特攻,113|10877|10879,林任鴻/阿巴西/簡廷兆,2,10,12.0,147.15,2.45,02:27,73.57,1.23,01:14,4.0,2.0,33.33,58.72,6.0,3.0,50.0,88.07,3.0,1.5,25.0,44.04,1.0,0.5,8.33,14.68,3.0,1.5,25.0,44.04,1.0,0.5,8.33,14.68,0.0,0.0,0.0,0.0,0.0,0.0,0.0,0.0,4.0,2.0,33.33,58.72,4.0,2.0,33.33,58.72,0.0,0.0,0.0,0.0,2.0,1.0,16.67,29.36,1.0,0.5,8.33,14.68,0.0,0.0,0.0,0.0,1.0,0.5,8.33,14.68,0.0,0.0,0.0,0.0,0.0,0.0,0.0,0.0,1.0,0.5,8.33,14.68,1.0,0.5,8.33,14.68,0.0,0.0,0.0,0.0,33.33,50.0,-16.67,117.43,-2.0,-1.0,-16.67,2.45,1.23,0.33,0.42,0.33,,1.0,0.17,0.0,,0.67,0.67,0.0,8.33,0.08,0.0,1.33
3,新北中信特攻,113|10877|10881,林任鴻/阿巴西/飛克,2,35,40.0,535.15,8.92,08:55,267.57,4.46,04:28,18.0,9.0,45.0,72.65,17.0,8.5,42.5,68.62,14.0,7.0,35.0,56.51,5.0,2.5,12.5,20.18,9.0,4.5,22.5,36.33,3.0,1.5,7.5,12.11,5.0,2.5,12.5,20.18,2.0,1.0,5.0,8.07,10.0,5.0,25.0,40.36,8.0,4.0,20.0,32.29,2.0,1.0,5.0,8.07,8.0,4.0,20.0,32.29,2.0,1.0,5.0,8.07,5.0,2.5,12.5,20.18,2.0,1.0,5.0,8.07,5.0,2.5,12.5,20.18,1.0,0.5,2.5,4.04,1.0,0.5,2.5,4.04,6.0,3.0,15.0,24.22,4.0,2.0,10.0,16.15,45.0,42.5,2.5,107.63,1.0,0.5,2.5,8.92,4.46,0.43,0.49,0.33,0.4,0.8,0.1,1.0,0.29,0.8,0.59,2.5,2.5,0.15,10.0,0.71
3,新北國王,24|32|10874,蘇士軒/奧帝/熊祥泰,2,33,42.0,594.04,9.9,09:54,297.02,4.95,04:57,25.0,12.5,59.52,90.9,10.0,5.0,23.81,36.36,18.0,9.0,42.86,65.45,9.0,4.5,21.43,32.73,8.0,4.0,19.05,29.09,2.0,1.0,4.76,7.27,10.0,5.0,23.81,36.36,7.0,3.5,16.67,25.45,5.0,2.5,11.9,18.18,3.0,1.5,7.14,10.91,3.0,1.5,7.14,10.91,6.0,3.0,14.29,21.82,4.0,2.0,9.52,14.54,9.0,4.5,21.43,32.73,2.0,1.0,4.76,7.27,7.0,3.5,16.67,25.45,1.0,0.5,2.38,3.64,0.0,0.0,0.0,0.0,6.0,3.0,14.29,21.82,4.0,2.0,9.52,14.54,59.52,23.81,35.71,101.81,15.0,7.5,35.71,9.9,4.95,0.69,0.62,0.25,0.7,0.6,0.09,0.78,0.25,0.6,0.41,2.38,0.0,0.14,9.52,0.28
3,新北國王,21|29|10872,李愷諺/林書緯/林彥廷,4,67,78.0,950.61,15.84,15:51,237.65,3.96,03:58,37.0,9.25,47.44,84.07,41.0,10.25,52.56,93.16,26.0,6.5,33.33,59.08,11.0,2.75,14.1,24.99,17.0,4.25,21.79,38.63,8.0,2.0,10.26,18.18,9.0,2.25,11.54,20.45,3.0,0.75,3.85,6.82,16.0,4.0,20.51,36.36,13.0,3.25,16.67,29.54,7.0,1.75,8.97,15.91,10.0,2.5,12.82,22.72,4.0,1.0,5.13,9.09,8.0,2.0,10.26,18.18,7.0,1.75,8.97,15.91,8.0,2.0,10.26,18.18,5.0,1.25,6.41,11.36,0.0,0.0,0.0,0.0,13.0,3.25,16.67,29.54,9.0,2.25,11.54,20.45,47.44,52.56,-5.13,118.16,-4.0,-1.0,-5.13,15.84,3.96,0.48,0.56,0.47,0.33,0.81,0.17,0.73,0.47,0.71,0.59,6.41,0.0,0.17,11.54,0.62
3,新北中信特攻,39|44|10880,魏嘉豪/黃泓瀚/內馬,2,4,4.0,32.1,0.54,00:32,16.05,0.27,00:16,1.0,0.5,25.0,67.28,2.0,1.0,50.0,134.57,1.0,0.5,25.0,67.28,0.0,0.0,0.0,0.0,1.0,0.5,25.0,67.28,0.0,0.0,0.0,0.0,0.0,0.0,0.0,0.0,0.0,0.0,0.0,0.0,2.0,1.0,50.0,134.57,1.0,0.5,25.0,67.28,0.0,0.0,0.0,0.0,1.0,0.5,25.0,67.28,0.0,0.0,0.0,0.0,0.0,0.0,0.0,0.0,0.0,0.0,0.0,0.0,0.0,0.0,0.0,0.0,0.0,0.0,0.0,0.0,0.0,0.0,0.0,0.0,0.0,0.0,0.0,0.0,2.0,1.0,50.0,134.57,25.0,50.0,-25.0,179.42,-1.0,-0.5,-25.0,0.54,0.27,0.0,0.27,0.0,,0.5,0.0,,,1.0,1.0,0.0,0.0,0.0,50.0,2.0
3,新北中信特攻,39|10880|10881,魏嘉豪/內馬/飛克,1,6,6.0,66.21,1.1,01:06,66.21,1.1,01:06,0.0,0.0,0.0,0.0,5.0,5.0,83.33,163.12,3.0,3.0,50.0,97.87,0.0,0.0,0.0,0.0,1.0,1.0,16.67,32.62,0.0,0.0,0.0,0.0,2.0,2.0,33.33,65.25,0.0,0.0,0.0,0.0,0.0,0.0,0.0,0.0,0.0,0.0,0.0,0.0,0.0,0.0,0.0,0.0,3.0,3.0,50.0,97.87,0.0,0.0,0.0,0.0,0.0,0.0,0.0,0.0,0.0,0.0,0.0,0.0,0.0,0.0,0.0,0.0,0.0,0.0,0.0,0.0,0.0,0.0,0.0,0.0,0.0,0.0,0.0,0.0,2.0,2.0,33.33,65.25,0.0,83.33,-83.33,130.5,-5.0,-5.0,-83.33,1.1,1.1,0.0,0.0,0.0,0.0,,0.0,,,1.0,1.0,0.0,0.0,0.0,33.33,0.0
3,新北中信特攻,44|113|10880,黃泓瀚/林任鴻/內馬,2,3,3.0,31.9,0.53,00:32,15.95,0.27,00:16,1.0,0.5,33.33,67.72,0.0,0.0,0.0,0.0,1.0,0.5,33.33,67.72,0.0,0.0,0.0,0.0,1.0,0.5,33.33,67.72,0.0,0.0,0.0,0.0,0.0,0.0,0.0,0.0,0.0,0.0,0.0,0.0,2.0,1.0,66.67,135.44,1.0,0.5,33.33,67.72,0.0,0.0,0.0,0.0,1.0,0.5,33.33,67.72,0.0,0.0,0.0,0.0,0.0,0.0,0.0,0.0,0.0,0.0,0.0,0.0,0.0,0.0,0.0,0.0,0.0,0.0,0.0,0.0,0.0,0.0,0.0,0.0,0.0,0.0,0.0,0.0,0.0,0.0,0.0,0.0,33.33,0.0,33.33,135.44,1.0,0.5,33.33,0.53,0.27,0.0,0.27,0.0,,0.5,0.0,,,1.0,1.0,0.0,0.0,0.0,0.0,2.0
3,新北中信特攻,44|10880|10881,黃泓瀚/內馬/飛克,1,3,3.0,14.21,0.24,00:14,14.21,0.24,00:14,0.0,0.0,0.0,0.0,2.0,2.0,66.67,304.08,1.0,1.0,33.33,152.04,0.0,0.0,0.0,0.0,1.0,1.0,33.33,152.04,0.0,0.0,0.0,0.0,0.0,0.0,0.0,0.0,0.0,0.0,0.0,0.0,0.0,0.0,0.0,0.0,0.0,0.0,0.0,0.0,0.0,0.0,0.0,0.0,1.0,1.0,33.33,152.04,0.0,0.0,0.0,0.0,0.0,0.0,0.0,0.0,0.0,0.0,0.0,0.0,0.0,0.0,0.0,0.0,0.0,0.0,0.0,0.0,0.0,0.0,0.0,0.0,0.0,0.0,0.0,0.0,2.0,2.0,66.67,304.08,0.0,66.67,-66.67,304.08,-2.0,-2.0,-66.67,0.24,0.24,0.0,0.0,0.0,,,0.0,,,1.0,1.0,0.0,0.0,0.0,66.67,0.0
3,新北國王,21|24|10872,李愷諺/蘇士軒/林彥廷,3,32,43.0,494.13,8.24,08:14,164.71,2.75,02:45,18.0,6.0,41.86,78.68,21.0,7.0,48.84,91.8,14.0,4.67,32.56,61.2,5.0,1.67,11.63,21.86,6.0,2.0,13.95,26.23,2.0,0.67,4.65,8.74,8.0,2.67,18.6,34.97,3.0,1.0,6.98,13.11,8.0,2.67,18.6,34.97,5.0,1.67,11.63,21.86,5.0,1.67,11.63,21.86,5.0,1.67,11.63,21.86,6.0,2.0,13.95,26.23,4.0,1.33,9.3,17.49,3.0,1.0,6.98,13.11,4.0,1.33,9.3,17.49,2.0,0.67,4.65,8.74,0.0,0.0,0.0,0.0,1.0,0.33,2.33,4.37,1.0,0.33,2.33,4.37,41.86,48.84,-6.98,125.31,-3.0,-1.0,-6.98,8.24,2.75,0.46,0.51,0.33,0.38,0.62,0.15,0.8,0.56,0.45,0.5,4.65,0.0,0.02,2.33,0.57
3,新北中信特攻,39|44|10879,魏嘉豪/黃泓瀚/簡廷兆,1,1,1.0,0.21,0.0,00:00,0.21,0.0,00:00,0.0,0.0,0.0,0.0,2.0,2.0,200.0,20869.57,0.0,0.0,0.0,0.0,0.0,0.0,0.0,0.0,0.0,0.0,0.0,0.0,0.0,0.0,0.0,0.0,0.0,0.0,0.0,0.0,0.0,0.0,0.0,0.0,0.0,0.0,0.0,0.0,0.0,0.0,0.0,0.0,0.0,0.0,0.0,0.0,0.0,0.0,0.0,0.0,0.0,0.0,0.0,0.0,0.0,0.0,0.0,0.0,0.0,0.0,0.0,0.0,0.0,0.0,0.0,0.0,0.0,0.0,0.0,0.0,0.0,0.0,0.0,0.0,0.0,0.0,0.0,0.0,2.0,2.0,200.0,20869.57,0.0,200.0,-200.0,6956.52,-2.0,-2.0,-200.0,0.0,0.0,,,,,,,,,,,0.0,0.0,0.0,200.0,
3,新北中信特攻,39|10879|10880,魏嘉豪/簡廷兆/內馬,1,4,4.0,52.21,0.87,00:52,52.21,0.87,00:52,0.0,0.0,0.0,0.0,5.0,5.0,125.0,206.87,2.0,2.0,50.0,82.75,0.0,0.0,0.0,0.0,0.0,0.0,0.0,0.0,0.0,0.0,0.0,0.0,2.0,2.0,50.0,82.75,0.0,0.0,0.0,0.0,0.0,0.0,0.0,0.0,0.0,0.0,0.0,0.0,0.0,0.0,0.0,0.0,2.0,2.0,50.0,82.75,0.0,0.0,0.0,0.0,0.0,0.0,0.0,0.0,0.0,0.0,0.0,0.0,0.0,0.0,0.0,0.0,0.0,0.0,0.0,0.0,0.0,0.0,0.0,0.0,0.0,0.0,0.0,0.0,2.0,2.0,50.0,82.75,0.0,125.0,-125.0,110.33,-5.0,-5.0,-125.0,0.87,0.87,0.0,0.0,,0.0,,0.0,,,1.0,1.0,0.0,0.0,0.0,50.0,0.0
3,新北中信特攻,44|10879|10880,黃泓瀚/簡廷兆/內馬,1,1,1.0,0.21,0.0,00:00,0.21,0.0,00:00,0.0,0.0,0.0,0.0,2.0,2.0,200.0,20869.57,0.0,0.0,0.0,0.0,0.0,0.0,0.0,0.0,0.0,0.0,0.0,0.0,0.0,0.0,0.0,0.0,0.0,0.0,0.0,0.0,0.0,0.0,0.0,0.0,0.0,0.0,0.0,0.0,0.0,0.0,0.0,0.0,0.0,0.0,0.0,0.0,0.0,0.0,0.0,0.0,0.0,0.0,0.0,0.0,0.0,0.0,0.0,0.0,0.0,0.0,0.0,0.0,0.0,0.0,0.0,0.0,0.0,0.0,0.0,0.0,0.0,0.0,0.0,0.0,0.0,0.0,0.0,0.0,2.0,2.0,200.0,20869.57,0.0,200.0,-200.0,6956.52,-2.0,-2.0,-200.0,0.0,0.0,,,,,,,,,,,0.0,0.0,0.0,200.0,
3,新北中信特攻,44|10879|10881,黃泓瀚/簡廷兆/飛克,1,1,1.0,0.21,0.0,00:00,0.21,0.0,00:00,0.0,0.0,0.0,0.0,2.0,2.0,200.0,20869.57,0.0,0.0,0.0,0.0,0.0,0.0,0.0,0.0,0.0,0.0,0.0,0.0,0.0,0.0,0.0,0.0,0.0,0.0,0.0,0.0,0.0,0.0,0.0,0.0,0.0,0.0,0.0,0.0,0.0,0.0,0.0,0.0,0.0,0.0,0.0,0.0,0.0,0.0,0.0,0.0,0.0,0.0,0.0,0.0,0.0,0.0,0.0,0.0,0.0,0.0,0.0,0.0,0.0,0.0,0.0,0.0,0.0,0.0,0.0,0.0,0.0,0.0,0.0,0.0,0.0,0.0,0.0,0.0,2.0,2.0,200.0,20869.57,0.0,200.0,-200.0,6956.52,-2.0,-2.0,-200.0,0.0,0.0,,,,,,,,,,,0.0,0.0,0.0,200.0,
3,新北國王,21|22|32,李愷諺/簡祐哲/奧帝,1,3,3.0,52.0,0.87,00:52,52.0,0.87,00:52,3.0,3.0,100.0,124.62,0.0,0.0,0.0,0.0,1.0,1.0,33.33,41.54,1.0,1.0,33.33,41.54,0.0,0.0,0.0,0.0,0.0,0.0,0.0,0.0,1.0,1.0,33.33,41.54,1.0,1.0,33.33,41.54,0.0,0.0,0.0,0.0,0.0,0.0,0.0,0.0,0.0,0.0,0.0,0.0,0.0,0.0,0.0,0.0,0.0,0.0,0.0,0.0,2.0,2.0,66.67,83.08,0.0,0.0,0.0,0.0,1.0,1.0,33.33,41.54,0.0,0.0,0.0,0.0,0.0,0.0,0.0,0.0,0.0,0.0,0.0,0.0,0.0,0.0,0.0,0.0,100.0,0.0,100.0,83.08,3.0,3.0,100.0,0.87,0.87,1.5,1.5,,1.0,,0.0,1.0,0.0,,0.0,0.0,0.0,0.0,0.0,0.0
3,新北國王,21|22|10872,李愷諺/簡祐哲/林彥廷,2,9,10.0,147.64,2.46,02:28,73.82,1.23,01:14,3.0,1.5,30.0,43.89,5.0,2.5,50.0,73.15,2.0,1.0,20.0,29.26,1.0,0.5,10.0,14.63,1.0,0.5,10.0,14.63,0.0,0.0,0.0,0.0,1.0,0.5,10.0,14.63,1.0,0.5,10.0,14.63,0.0,0.0,0.0,0.0,0.0,0.0,0.0,0.0,0.0,0.0,0.0,0.0,1.0,0.5,10.0,14.63,1.0,0.5,10.0,14.63,4.0,2.0,40.0,58.52,1.0,0.5,10.0,14.63,1.0,0.5,10.0,14.63,1.0,0.5,10.0,14.63,0.0,0.0,0.0,0.0,0.0,0.0,0.0,0.0,2.0,1.0,20.0,29.26,30.0,50.0,-20.0,97.53,-2.0,-1.0,-20.0,2.46,1.23,0.75,0.75,0.0,1.0,,0.33,1.0,0.0,0.5,0.17,10.0,0.0,0.0,20.0,0.0
3,新北國王,21|22|13029,李愷諺/簡祐哲/杰倫,2,7,8.0,142.0,2.37,02:22,71.0,1.18,01:11,3.0,1.5,37.5,45.63,3.0,1.5,37.5,45.63,2.0,1.0,25.0,30.42,1.0,0.5,12.5,15.21,1.0,0.5,12.5,15.21,0.0,0.0,0.0,0.0,1.0,0.5,12.5,15.21,1.0,0.5,12.5,15.21,0.0,0.0,0.0,0.0,0.0,0.0,0.0,0.0,0.0,0.0,0.0,0.0,1.0,0.5,12.5,15.21,1.0,0.5,12.5,15.21,3.0,1.5,37.5,45.63,1.0,0.5,12.5,15.21,1.0,0.5,12.5,15.21,1.0,0.5,12.5,15.21,0.0,0.0,0.0,0.0,0.0,0.0,0.0,0.0,0.0,0.0,0.0,0.0,37.5,37.5,0.0,81.13,0.0,0.0,0.0,2.37,1.18,0.75,0.75,0.0,1.0,,0.33,1.0,0.0,0.5,0.2,12.5,0.0,0.0,0.0,0.0
3,新北國王,22|32|10872,簡祐哲/奧帝/林彥廷,1,3,3.0,52.0,0.87,00:52,52.0,0.87,00:52,3.0,3.0,100.0,124.62,0.0,0.0,0.0,0.0,1.0,1.0,33.33,41.54,1.0,1.0,33.33,41.54,0.0,0.0,0.0,0.0,0.0,0.0,0.0,0.0,1.0,1.0,33.33,41.54,1.0,1.0,33.33,41.54,0.0,0.0,0.0,0.0,0.0,0.0,0.0,0.0,0.0,0.0,0.0,0.0,0.0,0.0,0.0,0.0,0.0,0.0,0.0,0.0,2.0,2.0,66.67,83.08,0.0,0.0,0.0,0.0,1.0,1.0,33.33,41.54,0.0,0.0,0.0,0.0,0.0,0.0,0.0,0.0,0.0,0.0,0.0,0.0,0.0,0.0,0.0,0.0,100.0,0.0,100.0,83.08,3.0,3.0,100.0,0.87,0.87,1.5,1.5,,1.0,,0.0,1.0,0.0,,0.0,0.0,0.0,0.0,0.0,0.0
3,新北國王,22|32|13029,簡祐哲/奧帝/杰倫,1,3,3.0,52.0,0.87,00:52,52.0,0.87,00:52,3.0,3.0,100.0,124.62,0.0,0.0,0.0,0.0,1.0,1.0,33.33,41.54,1.0,1.0,33.33,41.54,0.0,0.0,0.0,0.0,0.0,0.0,0.0,0.0,1.0,1.0,33.33,41.54,1.0,1.0,33.33,41.54,0.0,0.0,0.0,0.0,0.0,0.0,0.0,0.0,0.0,0.0,0.0,0.0,0.0,0.0,0.0,0.0,0.0,0.0,0.0,0.0,2.0,2.0,66.67,83.08,0.0,0.0,0.0,0.0,1.0,1.0,33.33,41.54,0.0,0.0,0.0,0.0,0.0,0.0,0.0,0.0,0.0,0.0,0.0,0.0,0.0,0.0,0.0,0.0,100.0,0.0,100.0,83.08,3.0,3.0,100.0,0.87,0.87,1.5,1.5,,1.0,,0.0,1.0,0.0,,0.0,0.0,0.0,0.0,0.0,0.0
3,新北國王,22|10872|13029,簡祐哲/林彥廷/杰倫,2,7,8.0,142.0,2.37,02:22,71.0,1.18,01:11,3.0,1.5,37.5,45.63,3.0,1.5,37.5,45.63,2.0,1.0,25.0,30.42,1.0,0.5,12.5,15.21,1.0,0.5,12.5,15.21,0.0,0.0,0.0,0.0,1.0,0.5,12.5,15.21,1.0,0.5,12.5,15.21,0.0,0.0,0.0,0.0,0.0,0.0,0.0,0.0,0.0,0.0,0.0,0.0,1.0,0.5,12.5,15.21,1.0,0.5,12.5,15.21,3.0,1.5,37.5,45.63,1.0,0.5,12.5,15.21,1.0,0.5,12.5,15.21,1.0,0.5,12.5,15.21,0.0,0.0,0.0,0.0,0.0,0.0,0.0,0.0,0.0,0.0,0.0,0.0,37.5,37.5,0.0,81.13,0.0,0.0,0.0,2.37,1.18,0.75,0.75,0.0,1.0,,0.33,1.0,0.0,0.5,0.2,12.5,0.0,0.0,0.0,0.0
3,新北中信特攻,39|48|10879,魏嘉豪/李沛澄/簡廷兆,1,3,3.0,52.0,0.87,00:52,52.0,0.87,00:52,0.0,0.0,0.0,0.0,3.0,3.0,100.0,124.62,2.0,2.0,66.67,83.08,0.0,0.0,0.0,0.0,0.0,0.0,0.0,0.0,0.0,0.0,0.0,0.0,2.0,2.0,66.67,83.08,0.0,0.0,0.0,0.0,0.0,0.0,0.0,0.0,0.0,0.0,0.0,0.0,0.0,0.0,0.0,0.0,2.0,2.0,66.67,83.08,0.0,0.0,0.0,0.0,0.0,0.0,0.0,0.0,0.0,0.0,0.0,0.0,0.0,0.0,0.0,0.0,0.0,0.0,0.0,0.0,0.0,0.0,0.0,0.0,0.0,0.0,0.0,0.0,0.0,0.0,0.0,0.0,0.0,100.0,-100.0,83.08,-3.0,-3.0,-100.0,0.87,0.87,0.0,0.0,,0.0,,0.0,,,1.0,1.0,0.0,0.0,0.0,0.0,0.0
3,新北中信特攻,39|48|10880,魏嘉豪/李沛澄/內馬,1,3,3.0,52.0,0.87,00:52,52.0,0.87,00:52,0.0,0.0,0.0,0.0,3.0,3.0,100.0,124.62,2.0,2.0,66.67,83.08,0.0,0.0,0.0,0.0,0.0,0.0,0.0,0.0,0.0,0.0,0.0,0.0,2.0,2.0,66.67,83.08,0.0,0.0,0.0,0.0,0.0,0.0,0.0,0.0,0.0,0.0,0.0,0.0,0.0,0.0,0.0,0.0,2.0,2.0,66.67,83.08,0.0,0.0,0.0,0.0,0.0,0.0,0.0,0.0,0.0,0.0,0.0,0.0,0.0,0.0,0.0,0.0,0.0,0.0,0.0,0.0,0.0,0.0,0.0,0.0,0.0,0.0,0.0,0.0,0.0,0.0,0.0,0.0,0.0,100.0,-100.0,83.08,-3.0,-3.0,-100.0,0.87,0.87,0.0,0.0,,0.0,,0.0,,,1.0,1.0,0.0,0.0,0.0,0.0,0.0
3,新北中信特攻,39|48|10881,魏嘉豪/李沛澄/飛克,1,3,3.0,52.0,0.87,00:52,52.0,0.87,00:52,0.0,0.0,0.0,0.0,3.0,3.0,100.0,124.62,2.0,2.0,66.67,83.08,0.0,0.0,0.0,0.0,0.0,0.0,0.0,0.0,0.0,0.0,0.0,0.0,2.0,2.0,66.67,83.08,0.0,0.0,0.0,0.0,0.0,0.0,0.0,0.0,0.0,0.0,0.0,0.0,0.0,0.0,0.0,0.0,2.0,2.0,66.67,83.08,0.0,0.0,0.0,0.0,0.0,0.0,0.0,0.0,0.0,0.0,0.0,0.0,0.0,0.0,0.0,0.0,0.0,0.0,0.0,0.0,0.0,0.0,0.0,0.0,0.0,0.0,0.0,0.0,0.0,0.0,0.0,0.0,0.0,100.0,-100.0,83.08,-3.0,-3.0,-100.0,0.87,0.87,0.0,0.0,,0.0,,0.0,,,1.0,1.0,0.0,0.0,0.0,0.0,0.0
3,新北中信特攻,48|10879|10880,李沛澄/簡廷兆/內馬,1,3,3.0,52.0,0.87,00:52,52.0,0.87,00:52,0.0,0.0,0.0,0.0,3.0,3.0,100.0,124.62,2.0,2.0,66.67,83.08,0.0,0.0,0.0,0.0,0.0,0.0,0.0,0.0,0.0,0.0,0.0,0.0,2.0,2.0,66.67,83.08,0.0,0.0,0.0,0.0,0.0,0.0,0.0,0.0,0.0,0.0,0.0,0.0,0.0,0.0,0.0,0.0,2.0,2.0,66.67,83.08,0.0,0.0,0.0,0.0,0.0,0.0,0.0,0.0,0.0,0.0,0.0,0.0,0.0,0.0,0.0,0.0,0.0,0.0,0.0,0.0,0.0,0.0,0.0,0.0,0.0,0.0,0.0,0.0,0.0,0.0,0.0,0.0,0.0,100.0,-100.0,83.08,-3.0,-3.0,-100.0,0.87,0.87,0.0,0.0,,0.0,,0.0,,,1.0,1.0,0.0,0.0,0.0,0.0,0.0
3,新北中信特攻,48|10879|10881,李沛澄/簡廷兆/飛克,1,3,3.0,52.0,0.87,00:52,52.0,0.87,00:52,0.0,0.0,0.0,0.0,3.0,3.0,100.0,124.62,2.0,2.0,66.67,83.08,0.0,0.0,0.0,0.0,0.0,0.0,0.0,0.0,0.0,0.0,0.0,0.0,2.0,2.0,66.67,83.08,0.0,0.0,0.0,0.0,0.0,0.0,0.0,0.0,0.0,0.0,0.0,0.0,0.0,0.0,0.0,0.0,2.0,2.0,66.67,83.08,0.0,0.0,0.0,0.0,0.0,0.0,0.0,0.0,0.0,0.0,0.0,0.0,0.0,0.0,0.0,0.0,0.0,0.0,0.0,0.0,0.0,0.0,0.0,0.0,0.0,0.0,0.0,0.0,0.0,0.0,0.0,0.0,0.0,100.0,-100.0,83.08,-3.0,-3.0,-100.0,0.87,0.87,0.0,0.0,,0.0,,0.0,,,1.0,1.0,0.0,0.0,0.0,0.0,0.0
3,新北中信特攻,48|10880|10881,李沛澄/內馬/飛克,1,3,3.0,52.0,0.87,00:52,52.0,0.87,00:52,0.0,0.0,0.0,0.0,3.0,3.0,100.0,124.62,2.0,2.0,66.67,83.08,0.0,0.0,0.0,0.0,0.0,0.0,0.0,0.0,0.0,0.0,0.0,0.0,2.0,2.0,66.67,83.08,0.0,0.0,0.0,0.0,0.0,0.0,0.0,0.0,0.0,0.0,0.0,0.0,0.0,0.0,0.0,0.0,2.0,2.0,66.67,83.08,0.0,0.0,0.0,0.0,0.0,0.0,0.0,0.0,0.0,0.0,0.0,0.0,0.0,0.0,0.0,0.0,0.0,0.0,0.0,0.0,0.0,0.0,0.0,0.0,0.0,0.0,0.0,0.0,0.0,0.0,0.0,0.0,0.0,100.0,-100.0,83.08,-3.0,-3.0,-100.0,0.87,0.87,0.0,0.0,,0.0,,0.0,,,1.0,1.0,0.0,0.0,0.0,0.0,0.0
3,新北中信特攻,40|113|10877,謝亞軒/林任鴻/阿巴西,1,27,30.0,435.15,7.25,07:15,435.15,7.25,07:15,14.0,14.0,46.67,69.49,11.0,11.0,36.67,54.6,11.0,11.0,36.67,54.6,4.0,4.0,13.33,19.86,6.0,6.0,20.0,29.78,2.0,2.0,6.67,9.93,5.0,5.0,16.67,24.82,2.0,2.0,6.67,9.93,8.0,8.0,26.67,39.71,6.0,6.0,20.0,29.78,2.0,2.0,6.67,9.93,6.0,6.0,20.0,29.78,1.0,1.0,3.33,4.96,5.0,5.0,16.67,24.82,2.0,2.0,6.67,9.93,5.0,5.0,16.67,24.82,1.0,1.0,3.33,4.96,0.0,0.0,0.0,0.0,5.0,5.0,16.67,24.82,4.0,4.0,13.33,19.86,46.67,36.67,10.0,99.28,3.0,3.0,10.0,7.25,7.25,0.45,0.48,0.33,0.4,0.75,0.12,1.25,0.29,0.86,0.57,3.33,0.0,0.17,13.33,0.73
3,新北國王,21|29|10874,李愷諺/林書緯/熊祥泰,3,21,24.0,273.43,4.56,04:33,91.14,1.52,01:31,4.0,1.33,16.67,31.6,17.0,5.67,70.83,134.29,7.0,2.33,29.17,55.3,1.0,0.33,4.17,7.9,3.0,1.0,12.5,23.7,1.0,0.33,4.17,7.9,4.0,1.33,16.67,31.6,0.0,0.0,0.0,0.0,4.0,1.33,16.67,31.6,2.0,0.67,8.33,15.8,3.0,1.0,12.5,23.7,3.0,1.0,12.5,23.7,0.0,0.0,0.0,0.0,2.0,0.67,8.33,15.8,4.0,1.33,16.67,31.6,1.0,0.33,4.17,7.9,2.0,0.67,8.33,15.8,0.0,0.0,0.0,0.0,1.0,0.33,4.17,7.9,8.0,2.67,33.33,63.2,16.67,70.83,-54.17,126.39,-13.0,-4.33,-54.17,4.56,1.52,0.14,0.23,0.33,0.0,0.5,0.31,1.0,0.6,1.0,0.75,8.33,0.0,0.04,33.33,0.57
3,新北國王,21|23|29,李愷諺/王柏智/林書緯,1,15,17.0,205.0,3.42,03:25,205.0,3.42,03:25,5.0,5.0,29.41,52.68,4.0,4.0,23.53,42.15,6.0,6.0,35.29,63.22,2.0,2.0,11.76,21.07,3.0,3.0,17.65,31.61,1.0,1.0,5.88,10.54,3.0,3.0,17.65,31.61,1.0,1.0,5.88,10.54,0.0,0.0,0.0,0.0,0.0,0.0,0.0,0.0,0.0,0.0,0.0,0.0,4.0,4.0,23.53,42.15,1.0,1.0,5.88,10.54,4.0,4.0,23.53,42.15,1.0,1.0,5.88,10.54,2.0,2.0,11.76,21.07,0.0,0.0,0.0,0.0,0.0,0.0,0.0,0.0,2.0,2.0,11.76,21.07,2.0,2.0,11.76,21.07,29.41,23.53,5.88,119.41,1.0,1.0,5.88,3.42,3.42,0.42,0.42,0.33,0.33,,0.14,1.0,0.0,0.8,0.44,0.0,0.0,0.12,11.76,0.0
3,新北國王,21|23|13029,李愷諺/王柏智/杰倫,2,19,23.0,274.48,4.57,04:34,137.24,2.29,02:17,9.0,4.5,39.13,70.82,7.0,3.5,30.43,55.09,9.0,4.5,39.13,70.82,3.0,1.5,13.04,23.61,5.0,2.5,21.74,39.35,2.0,1.0,8.7,15.74,4.0,2.0,17.39,31.48,1.0,0.5,4.35,7.87,2.0,1.0,8.7,15.74,2.0,1.0,8.7,15.74,2.0,1.0,8.7,15.74,4.0,2.0,17.39,31.48,1.0,0.5,4.35,7.87,5.0,2.5,21.74,39.35,1.0,0.5,4.35,7.87,2.0,1.0,8.7,15.74,0.0,0.0,0.0,0.0,0.0,0.0,0.0,0.0,5.0,2.5,21.74,39.35,2.0,1.0,8.7,15.74,39.13,30.43,8.7,120.66,2.0,1.0,8.7,4.57,2.29,0.39,0.46,0.4,0.25,1.0,0.09,0.67,0.29,0.8,0.5,0.0,0.0,0.22,8.7,0.22
3,新北國王,21|23|14038,李愷諺/王柏智/飛米,2,22,26.0,294.85,4.91,04:55,147.42,2.46,02:27,12.0,6.0,46.15,87.91,7.0,3.5,26.92,51.28,9.0,4.5,34.62,65.93,3.0,1.5,11.54,21.98,5.0,2.5,19.23,36.63,2.0,1.0,7.69,14.65,4.0,2.0,15.38,29.3,1.0,0.5,3.85,7.33,6.0,3.0,23.08,43.95,5.0,2.5,19.23,36.63,2.0,1.0,7.69,14.65,5.0,2.5,19.23,36.63,1.0,0.5,3.85,7.33,6.0,3.0,23.08,43.95,1.0,0.5,3.85,7.33,2.0,1.0,7.69,14.65,0.0,0.0,0.0,0.0,0.0,0.0,0.0,0.0,6.0,3.0,23.08,43.95,2.0,1.0,7.69,14.65,46.15,26.92,19.23,126.98,5.0,2.5,19.23,4.91,2.46,0.39,0.52,0.4,0.25,0.83,0.08,0.67,0.25,0.83,0.5,0.0,0.0,0.23,7.69,0.67
3,新北國王,21|29|14038,李愷諺/林書緯/飛米,3,107,121.0,1555.68,25.93,25:56,518.56,8.64,08:39,45.0,15.0,37.19,62.48,68.0,22.67,56.2,94.42,41.0,13.67,33.88,56.93,16.0,5.33,13.22,22.22,22.0,7.33,18.18,30.55,10.0,3.33,8.26,13.88,19.0,6.33,15.7,26.38,6.0,2.0,4.96,8.33,10.0,3.33,8.26,13.88,8.0,2.67,6.61,11.11,5.0,1.67,4.13,6.94,20.0,6.67,16.53,27.77,7.0,2.33,5.79,9.72,11.0,3.67,9.09,15.27,12.0,4.0,9.92,16.66,8.0,2.67,6.61,11.11,8.0,2.67,6.61,11.11,1.0,0.33,0.83,1.39,12.0,4.0,9.92,16.66,18.0,6.0,14.88,24.99,37.19,56.2,-19.01,112.0,-23.0,-7.67,-19.01,25.93,8.64,0.46,0.5,0.45,0.32,0.8,0.21,0.5,0.31,0.74,0.58,6.61,0.83,0.1,14.88,0.24
3,新北國王,21|13029|14038,李愷諺/杰倫/飛米,3,123,146.0,1921.42,32.02,32:01,640.47,10.67,10:40,53.0,17.67,36.3,59.58,82.0,27.33,56.16,92.18,47.0,15.67,32.19,52.84,17.0,5.67,11.64,19.11,24.0,8.0,16.44,26.98,10.0,3.33,6.85,11.24,23.0,7.67,15.75,25.86,7.0,2.33,4.79,7.87,17.0,5.67,11.64,19.11,12.0,4.0,8.22,13.49,7.0,2.33,4.79,7.87,24.0,8.0,16.44,26.98,13.0,4.33,8.9,14.61,15.0,5.0,10.27,16.86,11.0,3.67,7.53,12.37,9.0,3.0,6.16,10.12,7.0,2.33,4.79,7.87,1.0,0.33,0.68,1.12,15.0,5.0,10.27,16.86,17.0,5.67,11.64,19.11,36.3,56.16,-19.86,109.42,-29.0,-9.67,-19.86,32.02,10.67,0.44,0.49,0.42,0.3,0.71,0.17,0.53,0.32,0.65,0.53,4.79,0.68,0.1,11.64,0.36
3,新北國王,23|29|13029,王柏智/林書緯/杰倫,1,15,17.0,205.0,3.42,03:25,205.0,3.42,03:25,5.0,5.0,29.41,52.68,4.0,4.0,23.53,42.15,6.0,6.0,35.29,63.22,2.0,2.0,11.76,21.07,3.0,3.0,17.65,31.61,1.0,1.0,5.88,10.54,3.0,3.0,17.65,31.61,1.0,1.0,5.88,10.54,0.0,0.0,0.0,0.0,0.0,0.0,0.0,0.0,0.0,0.0,0.0,0.0,4.0,4.0,23.53,42.15,1.0,1.0,5.88,10.54,4.0,4.0,23.53,42.15,1.0,1.0,5.88,10.54,2.0,2.0,11.76,21.07,0.0,0.0,0.0,0.0,0.0,0.0,0.0,0.0,2.0,2.0,11.76,21.07,2.0,2.0,11.76,21.07,29.41,23.53,5.88,119.41,1.0,1.0,5.88,3.42,3.42,0.42,0.42,0.33,0.33,,0.14,1.0,0.0,0.8,0.44,0.0,0.0,0.12,11.76,0.0
3,新北國王,23|29|14038,王柏智/林書緯/飛米,1,15,17.0,205.0,3.42,03:25,205.0,3.42,03:25,5.0,5.0,29.41,52.68,4.0,4.0,23.53,42.15,6.0,6.0,35.29,63.22,2.0,2.0,11.76,21.07,3.0,3.0,17.65,31.61,1.0,1.0,5.88,10.54,3.0,3.0,17.65,31.61,1.0,1.0,5.88,10.54,0.0,0.0,0.0,0.0,0.0,0.0,0.0,0.0,0.0,0.0,0.0,0.0,4.0,4.0,23.53,42.15,1.0,1.0,5.88,10.54,4.0,4.0,23.53,42.15,1.0,1.0,5.88,10.54,2.0,2.0,11.76,21.07,0.0,0.0,0.0,0.0,0.0,0.0,0.0,0.0,2.0,2.0,11.76,21.07,2.0,2.0,11.76,21.07,29.41,23.53,5.88,119.41,1.0,1.0,5.88,3.42,3.42,0.42,0.42,0.33,0.33,,0.14,1.0,0.0,0.8,0.44,0.0,0.0,0.12,11.76,0.0
3,新北國王,23|13029|14038,王柏智/杰倫/飛米,2,19,23.0,274.48,4.57,04:34,137.24,2.29,02:17,9.0,4.5,39.13,70.82,7.0,3.5,30.43,55.09,9.0,4.5,39.13,70.82,3.0,1.5,13.04,23.61,5.0,2.5,21.74,39.35,2.0,1.0,8.7,15.74,4.0,2.0,17.39,31.48,1.0,0.5,4.35,7.87,2.0,1.0,8.7,15.74,2.0,1.0,8.7,15.74,2.0,1.0,8.7,15.74,4.0,2.0,17.39,31.48,1.0,0.5,4.35,7.87,5.0,2.5,21.74,39.35,1.0,0.5,4.35,7.87,2.0,1.0,8.7,15.74,0.0,0.0,0.0,0.0,0.0,0.0,0.0,0.0,5.0,2.5,21.74,39.35,2.0,1.0,8.7,15.74,39.13,30.43,8.7,120.66,2.0,1.0,8.7,4.57,2.29,0.39,0.46,0.4,0.25,1.0,0.09,0.67,0.29,0.8,0.5,0.0,0.0,0.22,8.7,0.22
3,新北國王,29|13029|14038,林書緯/杰倫/飛米,3,140,159.0,2259.57,37.66,37:40,753.19,12.55,12:33,66.0,22.0,41.51,63.09,80.0,26.67,50.31,76.47,57.0,19.0,35.85,54.49,24.0,8.0,15.09,22.94,28.0,9.33,17.61,26.77,14.0,4.67,8.81,13.38,29.0,9.67,18.24,27.72,10.0,3.33,6.29,9.56,11.0,3.67,6.92,10.52,9.0,3.0,5.66,8.6,5.0,1.67,3.14,4.78,28.0,9.33,17.61,26.77,10.0,3.33,6.29,9.56,22.0,7.33,13.84,21.03,11.0,3.67,6.92,10.52,13.0,4.33,8.18,12.43,7.0,2.33,4.4,6.69,2.0,0.67,1.26,1.91,12.0,4.0,7.55,11.47,22.0,7.33,13.84,21.03,41.51,50.31,-8.81,101.33,-14.0,-4.67,-8.81,37.66,12.55,0.51,0.53,0.5,0.34,0.82,0.15,0.54,0.19,0.74,0.51,4.4,1.26,0.08,13.84,0.19
3,新北中信特攻,43|10877|10879,林韋翰/阿巴西/簡廷兆,1,53,65.0,824.04,13.73,13:44,824.04,13.73,13:44,24.0,24.0,36.92,62.91,27.0,27.0,41.54,70.77,32.0,32.0,49.23,83.88,7.0,7.0,10.77,18.35,14.0,14.0,21.54,36.7,4.0,4.0,6.15,10.48,18.0,18.0,27.69,47.18,3.0,3.0,4.62,7.86,4.0,4.0,6.15,10.48,3.0,3.0,4.62,7.86,8.0,8.0,12.31,20.97,17.0,17.0,26.15,44.56,4.0,4.0,6.15,10.48,10.0,10.0,15.38,26.21,0.0,0.0,0.0,0.0,4.0,4.0,6.15,10.48,0.0,0.0,0.0,0.0,2.0,2.0,3.08,5.24,3.0,3.0,4.62,7.86,12.0,12.0,18.46,31.45,36.92,41.54,-4.62,113.59,-3.0,-3.0,-4.62,13.73,13.73,0.27,0.36,0.29,0.17,0.75,0.0,0.57,0.44,0.81,0.64,0.0,3.08,0.05,18.46,0.12
3,新北中信特攻,43|10879|10880,林韋翰/簡廷兆/內馬,1,44,51.0,710.49,11.84,11:50,710.49,11.84,11:50,17.0,17.0,33.33,51.68,20.0,20.0,39.22,60.8,23.0,23.0,45.1,69.92,5.0,5.0,9.8,15.2,11.0,11.0,21.57,33.44,4.0,4.0,7.84,12.16,12.0,12.0,23.53,36.48,1.0,1.0,1.96,3.04,3.0,3.0,5.88,9.12,2.0,2.0,3.92,6.08,5.0,5.0,9.8,15.2,13.0,13.0,25.49,39.52,2.0,2.0,3.92,6.08,9.0,9.0,17.65,27.36,2.0,2.0,3.92,6.08,2.0,2.0,3.92,6.08,0.0,0.0,0.0,0.0,2.0,2.0,3.92,6.08,4.0,4.0,7.84,12.16,11.0,11.0,21.57,33.44,33.33,39.22,-5.88,103.37,-3.0,-3.0,-5.88,11.84,11.84,0.24,0.35,0.36,0.08,0.67,0.08,0.4,0.36,0.87,0.62,0.0,3.92,0.08,21.57,0.13
3,新北國王,29|32|14038,林書緯/奧帝/飛米,2,77,92.0,1115.06,18.58,18:35,557.53,9.29,09:18,51.0,25.5,55.43,98.79,37.0,18.5,40.22,71.67,32.0,16.0,34.78,61.99,15.0,7.5,16.3,29.06,12.0,6.0,13.04,23.25,4.0,2.0,4.35,7.75,20.0,10.0,21.74,38.74,11.0,5.5,11.96,21.31,11.0,5.5,11.96,21.31,8.0,4.0,8.7,15.5,7.0,3.5,7.61,13.56,11.0,5.5,11.96,21.31,4.0,2.0,4.35,7.75,18.0,9.0,19.57,34.87,9.0,4.5,9.78,17.43,11.0,5.5,11.96,21.31,6.0,3.0,6.52,11.62,1.0,0.5,1.09,1.94,8.0,4.0,8.7,15.5,11.0,5.5,11.96,21.31,55.43,40.22,15.22,118.81,14.0,7.0,15.22,18.58,9.29,0.64,0.69,0.33,0.55,0.73,0.2,0.73,0.28,0.73,0.45,6.52,1.09,0.09,11.96,0.34
3,新北國王,29|10872|14038,林書緯/林彥廷/飛米,3,165,196.0,2608.19,43.47,43:28,869.4,14.49,14:29,103.0,34.33,52.55,85.3,88.0,29.33,44.9,72.88,71.0,23.67,36.22,58.8,34.0,11.33,17.35,28.16,33.0,11.0,16.84,27.33,16.0,5.33,8.16,13.25,38.0,12.67,19.39,31.47,18.0,6.0,9.18,14.91,20.0,6.67,10.2,16.56,16.0,5.33,8.16,13.25,12.0,4.0,6.12,9.94,26.0,8.67,13.27,21.53,13.0,4.33,6.63,10.77,34.0,11.33,17.35,28.16,14.0,4.67,7.14,11.59,20.0,6.67,10.2,16.56,10.0,3.33,5.1,8.28,2.0,0.67,1.02,1.66,17.0,5.67,8.67,14.08,22.0,7.33,11.22,18.22,52.55,44.9,7.65,108.21,15.0,5.0,7.65,43.47,14.49,0.61,0.65,0.48,0.47,0.8,0.15,0.59,0.26,0.67,0.45,5.1,1.02,0.09,11.22,0.28
3,新北國王,29|10874|14038,林書緯/熊祥泰/飛米,3,114,135.0,1722.4,28.71,28:42,574.13,9.57,09:34,66.0,22.0,48.89,82.77,64.0,21.33,47.41,80.26,50.0,16.67,37.04,62.7,23.0,7.67,17.04,28.84,22.0,7.33,16.3,27.59,11.0,3.67,8.15,13.79,28.0,9.33,20.74,35.11,12.0,4.0,8.89,15.05,11.0,3.67,8.15,13.79,6.0,2.0,4.44,7.52,10.0,3.33,7.41,12.54,18.0,6.0,13.33,22.57,7.0,2.33,5.19,8.78,24.0,8.0,17.78,30.1,10.0,3.33,7.41,12.54,13.0,4.33,9.63,16.3,7.0,2.33,5.19,8.78,1.0,0.33,0.74,1.25,9.0,3.0,6.67,11.29,25.0,8.33,18.52,31.35,48.89,47.41,1.48,112.87,2.0,0.67,1.48,28.71,9.57,0.58,0.6,0.5,0.43,0.55,0.15,0.57,0.29,0.72,0.47,5.19,0.74,0.07,18.52,0.22
3,新北國王,32|10872|14038,奧帝/林彥廷/飛米,2,85,101.0,1250.15,20.84,20:50,625.07,10.42,10:25,60.0,30.0,59.41,103.67,37.0,18.5,36.63,63.93,37.0,18.5,36.63,63.93,18.0,9.0,17.82,31.1,15.0,7.5,14.85,25.92,5.0,2.5,4.95,8.64,22.0,11.0,21.78,38.01,13.0,6.5,12.87,22.46,13.0,6.5,12.87,22.46,9.0,4.5,8.91,15.55,8.0,4.0,7.92,13.82,12.0,6.0,11.88,20.73,4.0,2.0,3.96,6.91,20.0,10.0,19.8,34.56,8.0,4.0,7.92,13.82,14.0,7.0,13.86,24.19,6.0,3.0,5.94,10.37,1.0,0.5,0.99,1.73,9.0,4.5,8.91,15.55,9.0,4.5,8.91,15.55,59.41,36.63,22.77,116.34,23.0,11.5,22.77,20.84,10.42,0.66,0.7,0.33,0.59,0.69,0.16,0.78,0.29,0.75,0.45,5.94,0.99,0.09,8.91,0.35
3,新北國王,32|10874|14038,奧帝/熊祥泰/飛米,2,73,85.0,1100.72,18.35,18:21,550.36,9.17,09:10,55.0,27.5,64.71,107.93,36.0,18.0,42.35,70.64,32.0,16.0,37.65,62.8,18.0,9.0,21.18,35.32,13.0,6.5,15.29,25.51,6.0,3.0,7.06,11.77,19.0,9.5,22.35,37.28,12.0,6.0,14.12,23.55,9.0,4.5,10.59,17.66,5.0,2.5,5.88,9.81,6.0,3.0,7.06,11.77,9.0,4.5,10.59,17.66,3.0,1.5,3.53,5.89,17.0,8.5,20.0,33.36,6.0,3.0,7.06,11.77,14.0,7.0,16.47,27.47,5.0,2.5,5.88,9.81,0.0,0.0,0.0,0.0,7.0,3.5,8.24,13.74,11.0,5.5,12.94,21.59,64.71,42.35,22.35,111.2,19.0,9.5,22.35,18.35,9.17,0.75,0.76,0.46,0.63,0.56,0.14,0.78,0.26,0.75,0.43,5.88,0.0,0.08,12.94,0.28
3,新北國王,10872|10874|14038,林彥廷/熊祥泰/飛米,3,128,155.0,2023.68,33.73,33:44,674.56,11.24,11:15,87.0,29.0,56.13,92.86,71.0,23.67,45.81,75.78,57.0,19.0,36.77,60.84,29.0,9.67,18.71,30.95,27.0,9.0,17.42,28.82,14.0,4.67,9.03,14.94,30.0,10.0,19.35,32.02,15.0,5.0,9.68,16.01,16.0,5.33,10.32,17.08,11.0,3.67,7.1,11.74,10.0,3.33,6.45,10.67,19.0,6.33,12.26,20.28,10.0,3.33,6.45,10.67,27.0,9.0,17.42,28.82,9.0,3.0,5.81,9.61,19.0,6.33,12.26,20.28,6.0,2.0,3.87,6.4,1.0,0.33,0.65,1.07,12.0,4.0,7.74,12.81,21.0,7.0,13.55,22.41,56.13,45.81,10.32,110.29,16.0,5.33,10.32,33.73,11.24,0.64,0.68,0.52,0.5,0.69,0.12,0.66,0.27,0.66,0.44,3.87,0.65,0.08,13.55,0.28
3,新北中信特攻,43|113|10880,林韋翰/林任鴻/內馬,1,5,5.0,111.98,1.87,01:52,111.98,1.87,01:52,0.0,0.0,0.0,0.0,3.0,3.0,60.0,57.86,1.0,1.0,20.0,19.29,1.0,1.0,20.0,19.29,1.0,1.0,20.0,19.29,1.0,1.0,20.0,19.29,0.0,0.0,0.0,0.0,0.0,0.0,0.0,0.0,0.0,0.0,0.0,0.0,0.0,0.0,0.0,0.0,0.0,0.0,0.0,0.0,0.0,0.0,0.0,0.0,0.0,0.0,0.0,0.0,2.0,2.0,40.0,38.58,2.0,2.0,40.0,38.58,0.0,0.0,0.0,0.0,0.0,0.0,0.0,0.0,0.0,0.0,0.0,0.0,1.0,1.0,20.0,19.29,3.0,3.0,60.0,57.86,0.0,60.0,-60.0,64.29,-3.0,-3.0,-60.0,1.87,1.87,1.0,0.0,1.0,,,0.67,0.0,0.0,,0.0,0.0,0.0,0.2,60.0,0.0
3,新北中信特攻,44|8889|10880,黃泓瀚/馬可/內馬,1,1,1.0,17.9,0.3,00:18,17.9,0.3,00:18,1.0,1.0,100.0,120.7,0.0,0.0,0.0,0.0,0.0,0.0,0.0,0.0,0.0,0.0,0.0,0.0,0.0,0.0,0.0,0.0,0.0,0.0,0.0,0.0,0.0,0.0,0.0,0.0,0.0,0.0,0.0,0.0,2.0,2.0,200.0,241.39,1.0,1.0,100.0,120.7,0.0,0.0,0.0,0.0,0.0,0.0,0.0,0.0,0.0,0.0,0.0,0.0,0.0,0.0,0.0,0.0,0.0,0.0,0.0,0.0,0.0,0.0,0.0,0.0,0.0,0.0,0.0,0.0,0.0,0.0,0.0,0.0,0.0,0.0,0.0,0.0,0.0,0.0,0.0,0.0,100.0,0.0,100.0,80.46,1.0,1.0,100.0,0.3,0.3,,0.57,,,0.5,0.0,,,,,0.0,0.0,0.0,0.0,
3,新北國王,21|32|14038,李愷諺/奧帝/飛米,2,28,32.0,430.84,7.18,07:11,215.42,3.59,03:35,20.0,10.0,62.5,100.27,13.0,6.5,40.62,65.17,12.0,6.0,37.5,60.16,6.0,3.0,18.75,30.08,7.0,3.5,21.88,35.09,3.0,1.5,9.38,15.04,5.0,2.5,15.62,25.07,3.0,1.5,9.38,15.04,6.0,3.0,18.75,30.08,5.0,2.5,15.62,25.07,3.0,1.5,9.38,15.04,3.0,1.5,9.38,15.04,1.0,0.5,3.12,5.01,4.0,2.0,12.5,20.05,3.0,1.5,9.38,15.04,6.0,3.0,18.75,30.08,1.0,0.5,3.12,5.01,0.0,0.0,0.0,0.0,3.0,1.5,9.38,15.04,2.0,1.0,6.25,10.03,62.5,40.62,21.88,106.95,7.0,3.5,21.88,7.18,3.59,0.62,0.68,0.43,0.6,0.83,0.17,1.0,0.43,0.75,0.55,3.12,0.0,0.09,6.25,0.5
3,新北國王,21|10872|14038,李愷諺/林彥廷/飛米,3,98,121.0,1476.77,24.61,24:37,492.26,8.2,08:12,56.0,18.67,46.28,81.91,64.0,21.33,52.89,93.61,37.0,12.33,30.58,54.12,16.0,5.33,13.22,23.4,22.0,7.33,18.18,32.18,10.0,3.33,8.26,14.63,15.0,5.0,12.4,21.94,6.0,2.0,4.96,8.78,23.0,7.67,19.01,33.64,18.0,6.0,14.88,26.33,9.0,3.0,7.44,13.16,14.0,4.67,11.57,20.48,12.0,4.0,9.92,17.55,14.0,4.67,11.57,20.48,9.0,3.0,7.44,13.16,11.0,3.67,9.09,16.09,6.0,2.0,4.96,8.78,0.0,0.0,0.0,0.0,15.0,5.0,12.4,21.94,10.0,3.33,8.26,14.63,46.28,52.89,-6.61,117.99,-8.0,-2.67,-6.61,24.61,8.2,0.51,0.59,0.45,0.4,0.78,0.16,0.69,0.39,0.54,0.47,4.96,0.0,0.12,8.26,0.62
3,新北國王,21|32|10873,李愷諺/奧帝/喬納森,1,1,1.0,7.0,0.12,00:07,7.0,0.12,00:07,0.0,0.0,0.0,0.0,0.0,0.0,0.0,0.0,0.0,0.0,0.0,0.0,0.0,0.0,0.0,0.0,0.0,0.0,0.0,0.0,0.0,0.0,0.0,0.0,0.0,0.0,0.0,0.0,0.0,0.0,0.0,0.0,0.0,0.0,0.0,0.0,0.0,0.0,0.0,0.0,0.0,0.0,0.0,0.0,0.0,0.0,0.0,0.0,0.0,0.0,0.0,0.0,0.0,0.0,0.0,0.0,0.0,0.0,0.0,0.0,0.0,0.0,0.0,0.0,0.0,0.0,0.0,0.0,0.0,0.0,0.0,0.0,0.0,0.0,0.0,0.0,0.0,0.0,0.0,0.0,0.0,0.0,0.0,205.71,0.0,0.0,0.0,0.12,0.12,,,,,,,,,,,0.0,0.0,0.0,0.0,
3,新北國王,21|10872|10873,李愷諺/林彥廷/喬納森,1,2,2.0,10.0,0.17,00:10,10.0,0.17,00:10,0.0,0.0,0.0,0.0,0.0,0.0,0.0,0.0,0.0,0.0,0.0,0.0,0.0,0.0,0.0,0.0,0.0,0.0,0.0,0.0,0.0,0.0,0.0,0.0,0.0,0.0,0.0,0.0,0.0,0.0,0.0,0.0,0.0,0.0,0.0,0.0,0.0,0.0,0.0,0.0,0.0,0.0,0.0,0.0,0.0,0.0,0.0,0.0,0.0,0.0,0.0,0.0,0.0,0.0,0.0,0.0,0.0,0.0,0.0,0.0,0.0,0.0,0.0,0.0,0.0,0.0,0.0,0.0,0.0,0.0,0.0,0.0,0.0,0.0,0.0,0.0,0.0,0.0,0.0,0.0,0.0,0.0,0.0,288.0,0.0,0.0,0.0,0.17,0.17,,,,,,,,,,,0.0,0.0,0.0,0.0,
3,新北國王,21|10873|14038,李愷諺/喬納森/飛米,1,2,2.0,10.0,0.17,00:10,10.0,0.17,00:10,0.0,0.0,0.0,0.0,0.0,0.0,0.0,0.0,0.0,0.0,0.0,0.0,0.0,0.0,0.0,0.0,0.0,0.0,0.0,0.0,0.0,0.0,0.0,0.0,0.0,0.0,0.0,0.0,0.0,0.0,0.0,0.0,0.0,0.0,0.0,0.0,0.0,0.0,0.0,0.0,0.0,0.0,0.0,0.0,0.0,0.0,0.0,0.0,0.0,0.0,0.0,0.0,0.0,0.0,0.0,0.0,0.0,0.0,0.0,0.0,0.0,0.0,0.0,0.0,0.0,0.0,0.0,0.0,0.0,0.0,0.0,0.0,0.0,0.0,0.0,0.0,0.0,0.0,0.0,0.0,0.0,0.0,0.0,288.0,0.0,0.0,0.0,0.17,0.17,,,,,,,,,,,0.0,0.0,0.0,0.0,
3,新北國王,32|10872|10873,奧帝/林彥廷/喬納森,1,1,1.0,7.0,0.12,00:07,7.0,0.12,00:07,0.0,0.0,0.0,0.0,0.0,0.0,0.0,0.0,0.0,0.0,0.0,0.0,0.0,0.0,0.0,0.0,0.0,0.0,0.0,0.0,0.0,0.0,0.0,0.0,0.0,0.0,0.0,0.0,0.0,0.0,0.0,0.0,0.0,0.0,0.0,0.0,0.0,0.0,0.0,0.0,0.0,0.0,0.0,0.0,0.0,0.0,0.0,0.0,0.0,0.0,0.0,0.0,0.0,0.0,0.0,0.0,0.0,0.0,0.0,0.0,0.0,0.0,0.0,0.0,0.0,0.0,0.0,0.0,0.0,0.0,0.0,0.0,0.0,0.0,0.0,0.0,0.0,0.0,0.0,0.0,0.0,0.0,0.0,205.71,0.0,0.0,0.0,0.12,0.12,,,,,,,,,,,0.0,0.0,0.0,0.0,
3,新北國王,32|10873|14038,奧帝/喬納森/飛米,1,1,1.0,7.0,0.12,00:07,7.0,0.12,00:07,0.0,0.0,0.0,0.0,0.0,0.0,0.0,0.0,0.0,0.0,0.0,0.0,0.0,0.0,0.0,0.0,0.0,0.0,0.0,0.0,0.0,0.0,0.0,0.0,0.0,0.0,0.0,0.0,0.0,0.0,0.0,0.0,0.0,0.0,0.0,0.0,0.0,0.0,0.0,0.0,0.0,0.0,0.0,0.0,0.0,0.0,0.0,0.0,0.0,0.0,0.0,0.0,0.0,0.0,0.0,0.0,0.0,0.0,0.0,0.0,0.0,0.0,0.0,0.0,0.0,0.0,0.0,0.0,0.0,0.0,0.0,0.0,0.0,0.0,0.0,0.0,0.0,0.0,0.0,0.0,0.0,0.0,0.0,205.71,0.0,0.0,0.0,0.12,0.12,,,,,,,,,,,0.0,0.0,0.0,0.0,
3,新北國王,10872|10873|14038,林彥廷/喬納森/飛米,2,4,4.0,53.0,0.88,00:53,26.5,0.44,00:26,2.0,1.0,50.0,81.51,0.0,0.0,0.0,0.0,0.0,0.0,0.0,0.0,0.0,0.0,0.0,0.0,0.0,0.0,0.0,0.0,0.0,0.0,0.0,0.0,0.0,0.0,0.0,0.0,0.0,0.0,0.0,0.0,2.0,1.0,50.0,81.51,2.0,1.0,50.0,81.51,0.0,0.0,0.0,0.0,0.0,0.0,0.0,0.0,0.0,0.0,0.0,0.0,1.0,0.5,25.0,40.75,0.0,0.0,0.0,0.0,0.0,0.0,0.0,0.0,0.0,0.0,0.0,0.0,0.0,0.0,0.0,0.0,1.0,0.5,25.0,40.75,0.0,0.0,0.0,0.0,50.0,0.0,50.0,108.68,2.0,1.0,50.0,0.88,0.44,,1.14,,,1.0,0.0,,0.0,,0.0,0.0,0.0,0.25,0.0,
3,新北國王,21|10874|14038,李愷諺/熊祥泰/飛米,3,43,51.0,645.55,10.76,10:46,215.18,3.59,03:35,25.0,8.33,49.02,83.65,31.0,10.33,60.78,103.73,16.0,5.33,31.37,53.54,7.0,2.33,13.73,23.42,11.0,3.67,21.57,36.81,5.0,1.67,9.8,16.73,5.0,1.67,9.8,16.73,2.0,0.67,3.92,6.69,11.0,3.67,21.57,36.81,8.0,2.67,15.69,26.77,4.0,1.33,7.84,13.38,5.0,1.67,9.8,16.73,3.0,1.0,5.88,10.04,5.0,1.67,9.8,16.73,5.0,1.67,9.8,16.73,6.0,2.0,11.76,20.08,3.0,1.0,5.88,10.04,0.0,0.0,0.0,0.0,4.0,1.33,7.84,13.38,11.0,3.67,21.57,36.81,49.02,60.78,-11.76,113.76,-6.0,-2.0,-11.76,10.76,3.59,0.5,0.6,0.45,0.4,0.73,0.19,0.86,0.44,0.62,0.53,5.88,0.0,0.08,21.57,0.69
3,新北國王,21|23|10872,李愷諺/王柏智/林彥廷,2,7,9.0,89.85,1.5,01:30,44.92,0.75,00:45,7.0,3.5,77.78,168.28,3.0,1.5,33.33,72.12,3.0,1.5,33.33,72.12,1.0,0.5,11.11,24.04,2.0,1.0,22.22,48.08,1.0,0.5,11.11,24.04,1.0,0.5,11.11,24.04,0.0,0.0,0.0,0.0,6.0,3.0,66.67,144.24,5.0,2.5,55.56,120.2,2.0,1.0,22.22,48.08,1.0,0.5,11.11,24.04,0.0,0.0,0.0,0.0,2.0,1.0,22.22,48.08,0.0,0.0,0.0,0.0,0.0,0.0,0.0,0.0,0.0,0.0,0.0,0.0,0.0,0.0,0.0,0.0,4.0,2.0,44.44,96.16,0.0,0.0,0.0,0.0,77.78,33.33,44.44,144.24,4.0,2.0,44.44,1.5,0.75,0.33,0.62,0.5,0.0,0.83,0.0,0.0,0.5,1.0,0.6,0.0,0.0,0.44,0.0,2.0
3,新北國王,23|10872|13029,王柏智/林彥廷/杰倫,2,4,6.0,69.48,1.16,01:09,34.74,0.58,00:35,4.0,2.0,66.67,124.35,3.0,1.5,50.0,93.26,3.0,1.5,50.0,93.26,1.0,0.5,16.67,31.09,2.0,1.0,33.33,62.17,1.0,0.5,16.67,31.09,1.0,0.5,16.67,31.09,0.0,0.0,0.0,0.0,2.0,1.0,33.33,62.17,2.0,1.0,33.33,62.17,2.0,1.0,33.33,62.17,0.0,0.0,0.0,0.0,0.0,0.0,0.0,0.0,1.0,0.5,16.67,31.09,0.0,0.0,0.0,0.0,0.0,0.0,0.0,0.0,0.0,0.0,0.0,0.0,0.0,0.0,0.0,0.0,3.0,1.5,50.0,93.26,0.0,0.0,0.0,0.0,66.67,50.0,16.67,124.35,1.0,0.5,16.67,1.16,0.58,0.33,0.52,0.5,0.0,1.0,0.0,0.0,0.67,,0.67,0.0,0.0,0.5,0.0,0.67
3,新北國王,23|10872|14038,王柏智/林彥廷/飛米,2,7,9.0,89.85,1.5,01:30,44.92,0.75,00:45,7.0,3.5,77.78,168.28,3.0,1.5,33.33,72.12,3.0,1.5,33.33,72.12,1.0,0.5,11.11,24.04,2.0,1.0,22.22,48.08,1.0,0.5,11.11,24.04,1.0,0.5,11.11,24.04,0.0,0.0,0.0,0.0,6.0,3.0,66.67,144.24,5.0,2.5,55.56,120.2,2.0,1.0,22.22,48.08,1.0,0.5,11.11,24.04,0.0,0.0,0.0,0.0,2.0,1.0,22.22,48.08,0.0,0.0,0.0,0.0,0.0,0.0,0.0,0.0,0.0,0.0,0.0,0.0,0.0,0.0,0.0,0.0,4.0,2.0,44.44,96.16,0.0,0.0,0.0,0.0,77.78,33.33,44.44,144.24,4.0,2.0,44.44,1.5,0.75,0.33,0.62,0.5,0.0,0.83,0.0,0.0,0.5,1.0,0.6,0.0,0.0,0.44,0.0,2.0
3,新北國王,10872|13029|14038,林彥廷/杰倫/飛米,3,120,148.0,2048.57,34.14,34:09,682.86,11.38,11:23,69.0,23.0,46.62,72.75,76.0,25.33,51.35,80.13,49.0,16.33,33.11,51.67,22.0,7.33,14.86,23.2,25.0,8.33,16.89,26.36,13.0,4.33,8.78,13.71,24.0,8.0,16.22,25.31,9.0,3.0,6.08,9.49,20.0,6.67,13.51,21.09,16.0,5.33,10.81,16.87,8.0,2.67,5.41,8.44,20.0,6.67,13.51,21.09,15.0,5.0,10.14,15.82,20.0,6.67,13.51,21.09,8.0,2.67,5.41,8.44,13.0,4.33,8.78,13.71,4.0,1.33,2.7,4.22,1.0,0.33,0.68,1.05,13.0,4.33,8.78,13.71,15.0,5.0,10.14,15.82,46.62,51.35,-4.73,104.03,-7.0,-2.33,-4.73,34.14,11.38,0.54,0.6,0.52,0.38,0.8,0.12,0.59,0.29,0.57,0.44,2.7,0.68,0.09,10.14,0.41
3,新北國王,10874|13029|14038,熊祥泰/杰倫/飛米,3,72,89.0,1124.09,18.73,18:44,374.7,6.24,06:15,36.0,12.0,40.45,69.18,50.0,16.67,56.18,96.08,30.0,10.0,33.71,57.65,12.0,4.0,13.48,23.06,17.0,5.67,19.1,32.67,9.0,3.0,10.11,17.29,13.0,4.33,14.61,24.98,3.0,1.0,3.37,5.76,11.0,3.67,12.36,21.14,8.0,2.67,8.99,15.37,6.0,2.0,6.74,11.53,12.0,4.0,13.48,23.06,7.0,2.33,7.87,13.45,11.0,3.67,12.36,21.14,6.0,2.0,6.74,11.53,6.0,2.0,6.74,11.53,3.0,1.0,3.37,5.76,1.0,0.33,1.12,1.92,6.0,2.0,6.74,11.53,18.0,6.0,20.22,34.59,40.45,56.18,-15.73,114.01,-14.0,-4.67,-15.73,18.73,6.24,0.45,0.52,0.53,0.23,0.73,0.15,0.5,0.35,0.63,0.5,3.37,1.12,0.07,20.22,0.37
3,新北國王,21|24|14038,李愷諺/蘇士軒/飛米,3,56,65.0,932.2,15.54,15:32,310.73,5.18,05:11,24.0,8.0,36.92,55.61,41.0,13.67,63.08,95.0,23.0,7.67,35.38,53.29,9.0,3.0,13.85,20.85,8.0,2.67,12.31,18.54,4.0,1.33,6.15,9.27,15.0,5.0,23.08,34.76,5.0,1.67,7.69,11.59,4.0,1.33,6.15,9.27,1.0,0.33,1.54,2.32,2.0,0.67,3.08,4.63,13.0,4.33,20.0,30.12,6.0,2.0,9.23,13.9,4.0,1.33,6.15,9.27,5.0,1.67,7.69,11.59,5.0,1.67,7.69,11.59,3.0,1.0,4.62,6.95,1.0,0.33,1.54,2.32,4.0,1.33,6.15,9.27,5.0,1.67,7.69,11.59,36.92,63.08,-26.15,100.41,-17.0,-5.67,-26.15,15.54,5.18,0.5,0.48,0.5,0.33,0.25,0.17,0.56,0.33,0.68,0.6,4.62,1.54,0.06,7.69,0.17
3,新北國王,24|29|14038,蘇士軒/林書緯/飛米,3,57,63.0,985.2,16.42,16:25,328.4,5.47,05:28,30.0,10.0,47.62,65.77,34.0,11.33,53.97,74.54,22.0,7.33,34.92,48.23,11.0,3.67,17.46,24.12,9.0,3.0,14.29,19.73,6.0,2.0,9.52,13.15,13.0,4.33,20.63,28.5,5.0,1.67,7.94,10.96,3.0,1.0,4.76,6.58,3.0,1.0,4.76,6.58,0.0,0.0,0.0,0.0,11.0,3.67,17.46,24.12,4.0,1.33,6.35,8.77,7.0,2.33,11.11,15.35,6.0,2.0,9.52,13.15,6.0,2.0,9.52,13.15,5.0,1.67,7.94,10.96,1.0,0.33,1.59,2.19,3.0,1.0,4.76,6.58,5.0,1.67,7.94,10.96,47.62,53.97,-6.35,92.08,-4.0,-1.33,-6.35,16.42,5.47,0.61,0.64,0.67,0.38,1.0,0.2,0.55,0.0,0.73,0.5,7.94,1.59,0.05,7.94,0.14
3,新北國王,24|13029|14038,蘇士軒/杰倫/飛米,3,72,83.0,1235.46,20.59,20:35,411.82,6.86,06:52,35.0,11.67,42.17,61.19,48.0,16.0,57.83,83.92,28.0,9.33,33.73,48.95,12.0,4.0,14.46,20.98,9.0,3.0,10.84,15.74,5.0,1.67,6.02,8.74,19.0,6.33,22.89,33.22,7.0,2.33,8.43,12.24,7.0,2.33,8.43,12.24,4.0,1.33,4.82,6.99,2.0,0.67,2.41,3.5,15.0,5.0,18.07,26.23,7.0,2.33,8.43,12.24,8.0,2.67,9.64,13.99,7.0,2.33,8.43,12.24,8.0,2.67,9.64,13.99,5.0,1.67,6.02,8.74,1.0,0.33,1.2,1.75,4.0,1.33,4.82,6.99,6.0,2.0,7.23,10.49,42.17,57.83,-15.66,96.74,-13.0,-4.33,-15.66,20.59,6.86,0.55,0.56,0.56,0.37,0.57,0.18,0.67,0.2,0.68,0.53,6.02,1.2,0.05,7.23,0.25
3,新北中信特攻,40|43|10879,謝亞軒/林韋翰/簡廷兆,1,7,8.0,84.75,1.41,01:25,84.75,1.41,01:25,1.0,1.0,12.5,25.49,4.0,4.0,50.0,101.94,3.0,3.0,37.5,76.46,0.0,0.0,0.0,0.0,2.0,2.0,25.0,50.97,0.0,0.0,0.0,0.0,1.0,1.0,12.5,25.49,0.0,0.0,0.0,0.0,1.0,1.0,12.5,25.49,1.0,1.0,12.5,25.49,0.0,0.0,0.0,0.0,2.0,2.0,25.0,50.97,1.0,1.0,12.5,25.49,1.0,1.0,12.5,25.49,0.0,0.0,0.0,0.0,0.0,0.0,0.0,0.0,0.0,0.0,0.0,0.0,0.0,0.0,0.0,0.0,0.0,0.0,0.0,0.0,4.0,4.0,50.0,101.94,12.5,50.0,-37.5,135.92,-3.0,-3.0,-37.5,1.41,1.41,0.0,0.15,0.0,0.0,1.0,0.0,,0.0,0.67,0.5,0.0,0.0,0.0,50.0,0.33
3,新北國王,21|10873|13029,李愷諺/喬納森/杰倫,1,1,1.0,3.0,0.05,00:03,3.0,0.05,00:03,0.0,0.0,0.0,0.0,0.0,0.0,0.0,0.0,0.0,0.0,0.0,0.0,0.0,0.0,0.0,0.0,0.0,0.0,0.0,0.0,0.0,0.0,0.0,0.0,0.0,0.0,0.0,0.0,0.0,0.0,0.0,0.0,0.0,0.0,0.0,0.0,0.0,0.0,0.0,0.0,0.0,0.0,0.0,0.0,0.0,0.0,0.0,0.0,0.0,0.0,0.0,0.0,0.0,0.0,0.0,0.0,0.0,0.0,0.0,0.0,0.0,0.0,0.0,0.0,0.0,0.0,0.0,0.0,0.0,0.0,0.0,0.0,0.0,0.0,0.0,0.0,0.0,0.0,0.0,0.0,0.0,0.0,0.0,480.0,0.0,0.0,0.0,0.05,0.05,,,,,,,,,,,0.0,0.0,0.0,0.0,
3,新北國王,10872|10873|13029,林彥廷/喬納森/杰倫,2,3,3.0,46.0,0.77,00:46,23.0,0.38,00:23,2.0,1.0,66.67,93.91,0.0,0.0,0.0,0.0,0.0,0.0,0.0,0.0,0.0,0.0,0.0,0.0,0.0,0.0,0.0,0.0,0.0,0.0,0.0,0.0,0.0,0.0,0.0,0.0,0.0,0.0,0.0,0.0,2.0,1.0,66.67,93.91,2.0,1.0,66.67,93.91,0.0,0.0,0.0,0.0,0.0,0.0,0.0,0.0,0.0,0.0,0.0,0.0,1.0,0.5,33.33,46.96,0.0,0.0,0.0,0.0,0.0,0.0,0.0,0.0,0.0,0.0,0.0,0.0,0.0,0.0,0.0,0.0,1.0,0.5,33.33,46.96,0.0,0.0,0.0,0.0,66.67,0.0,66.67,93.91,2.0,1.0,66.67,0.77,0.38,,1.14,,,1.0,0.0,,0.0,,0.0,0.0,0.0,0.33,0.0,
3,新北國王,10873|13029|14038,喬納森/杰倫/飛米,2,3,3.0,46.0,0.77,00:46,23.0,0.38,00:23,2.0,1.0,66.67,93.91,0.0,0.0,0.0,0.0,0.0,0.0,0.0,0.0,0.0,0.0,0.0,0.0,0.0,0.0,0.0,0.0,0.0,0.0,0.0,0.0,0.0,0.0,0.0,0.0,0.0,0.0,0.0,0.0,2.0,1.0,66.67,93.91,2.0,1.0,66.67,93.91,0.0,0.0,0.0,0.0,0.0,0.0,0.0,0.0,0.0,0.0,0.0,0.0,1.0,0.5,33.33,46.96,0.0,0.0,0.0,0.0,0.0,0.0,0.0,0.0,0.0,0.0,0.0,0.0,0.0,0.0,0.0,0.0,1.0,0.5,33.33,46.96,0.0,0.0,0.0,0.0,66.67,0.0,66.67,93.91,2.0,1.0,66.67,0.77,0.38,,1.14,,,1.0,0.0,,0.0,,0.0,0.0,0.0,0.33,0.0,
3,新北中信特攻,40|43|47,謝亞軒/林韋翰/曾文鼎,1,2,2.0,26.31,0.44,00:26,26.31,0.44,00:26,0.0,0.0,0.0,0.0,0.0,0.0,0.0,0.0,1.0,1.0,50.0,82.09,0.0,0.0,0.0,0.0,1.0,1.0,50.0,82.09,0.0,0.0,0.0,0.0,0.0,0.0,0.0,0.0,0.0,0.0,0.0,0.0,2.0,2.0,100.0,164.19,1.0,1.0,50.0,82.09,0.0,0.0,0.0,0.0,2.0,2.0,100.0,164.19,0.0,0.0,0.0,0.0,1.0,1.0,50.0,82.09,0.0,0.0,0.0,0.0,0.0,0.0,0.0,0.0,0.0,0.0,0.0,0.0,0.0,0.0,0.0,0.0,0.0,0.0,0.0,0.0,0.0,0.0,0.0,0.0,0.0,0.0,0.0,109.46,0.0,0.0,0.0,0.44,0.44,0.0,0.0,0.0,,0.5,0.0,,0.0,1.0,0.67,0.0,0.0,0.0,0.0,2.0
3,新北中信特攻,40|47|10880,謝亞軒/曾文鼎/內馬,1,6,7.0,75.31,1.26,01:15,75.31,1.26,01:15,0.0,0.0,0.0,0.0,0.0,0.0,0.0,0.0,2.0,2.0,28.57,57.36,0.0,0.0,0.0,0.0,2.0,2.0,28.57,57.36,0.0,0.0,0.0,0.0,0.0,0.0,0.0,0.0,0.0,0.0,0.0,0.0,2.0,2.0,28.57,57.36,1.0,1.0,14.29,28.68,0.0,0.0,0.0,0.0,3.0,3.0,42.86,86.04,0.0,0.0,0.0,0.0,2.0,2.0,28.57,57.36,1.0,1.0,14.29,28.68,0.0,0.0,0.0,0.0,0.0,0.0,0.0,0.0,0.0,0.0,0.0,0.0,0.0,0.0,0.0,0.0,0.0,0.0,0.0,0.0,0.0,0.0,0.0,133.84,0.0,0.0,0.0,1.26,1.26,0.0,0.0,0.0,,0.5,0.26,,0.0,1.0,0.6,0.0,0.0,0.0,0.0,1.0
3,新北中信特攻,40|47|10881,謝亞軒/曾文鼎/飛克,1,12,14.0,141.0,2.35,02:21,141.0,2.35,02:21,3.0,3.0,21.43,45.96,7.0,7.0,50.0,107.23,6.0,6.0,42.86,91.91,1.0,1.0,7.14,15.32,2.0,2.0,14.29,30.64,0.0,0.0,0.0,0.0,4.0,4.0,28.57,61.27,1.0,1.0,7.14,15.32,2.0,2.0,14.29,30.64,1.0,1.0,7.14,15.32,1.0,1.0,7.14,15.32,5.0,5.0,35.71,76.59,0.0,0.0,0.0,0.0,2.0,2.0,14.29,30.64,1.0,1.0,7.14,15.32,1.0,1.0,7.14,15.32,0.0,0.0,0.0,0.0,0.0,0.0,0.0,0.0,0.0,0.0,0.0,0.0,2.0,2.0,14.29,30.64,21.43,50.0,-28.57,142.97,-4.0,-4.0,-28.57,2.35,2.35,0.25,0.22,0.0,0.25,0.5,0.13,1.0,0.33,1.0,0.75,0.0,0.0,0.0,14.29,0.33
3,新北中信特攻,43|47|10880,林韋翰/曾文鼎/內馬,1,10,12.0,199.31,3.32,03:19,199.31,3.32,03:19,4.0,4.0,33.33,43.35,2.0,2.0,16.67,21.67,6.0,6.0,50.0,65.02,2.0,2.0,16.67,21.67,4.0,4.0,33.33,43.35,2.0,2.0,16.67,21.67,2.0,2.0,16.67,21.67,0.0,0.0,0.0,0.0,2.0,2.0,16.67,21.67,1.0,1.0,8.33,10.84,1.0,1.0,8.33,10.84,4.0,4.0,33.33,43.35,1.0,1.0,8.33,10.84,3.0,3.0,25.0,32.51,0.0,0.0,0.0,0.0,1.0,1.0,8.33,10.84,0.0,0.0,0.0,0.0,0.0,0.0,0.0,0.0,0.0,0.0,0.0,0.0,0.0,0.0,0.0,0.0,33.33,16.67,16.67,86.7,2.0,2.0,16.67,3.32,3.32,0.33,0.29,0.5,0.0,0.5,0.0,0.5,0.25,0.8,0.56,0.0,0.0,0.0,0.0,0.33
3,新北中信特攻,43|47|10881,林韋翰/曾文鼎/飛克,1,12,16.0,166.41,2.77,02:46,166.41,2.77,02:46,6.0,6.0,37.5,77.88,8.0,8.0,50.0,103.84,9.0,9.0,56.25,116.82,2.0,2.0,12.5,25.96,3.0,3.0,18.75,38.94,0.0,0.0,0.0,0.0,6.0,6.0,37.5,77.88,2.0,2.0,12.5,25.96,2.0,2.0,12.5,25.96,1.0,1.0,6.25,12.98,3.0,3.0,18.75,38.94,5.0,5.0,31.25,64.9,1.0,1.0,6.25,12.98,3.0,3.0,18.75,38.94,0.0,0.0,0.0,0.0,2.0,2.0,12.5,25.96,0.0,0.0,0.0,0.0,0.0,0.0,0.0,0.0,0.0,0.0,0.0,0.0,2.0,2.0,12.5,25.96,37.5,50.0,-12.5,138.45,-2.0,-2.0,-12.5,2.77,2.77,0.33,0.3,0.0,0.33,0.5,0.0,1.0,0.5,0.83,0.67,0.0,0.0,0.0,12.5,0.22
3,新北中信特攻,47|10880|10881,曾文鼎/內馬/飛克,1,6,7.0,75.31,1.26,01:15,75.31,1.26,01:15,0.0,0.0,0.0,0.0,0.0,0.0,0.0,0.0,2.0,2.0,28.57,57.36,0.0,0.0,0.0,0.0,2.0,2.0,28.57,57.36,0.0,0.0,0.0,0.0,0.0,0.0,0.0,0.0,0.0,0.0,0.0,0.0,2.0,2.0,28.57,57.36,1.0,1.0,14.29,28.68,0.0,0.0,0.0,0.0,3.0,3.0,42.86,86.04,0.0,0.0,0.0,0.0,2.0,2.0,28.57,57.36,1.0,1.0,14.29,28.68,0.0,0.0,0.0,0.0,0.0,0.0,0.0,0.0,0.0,0.0,0.0,0.0,0.0,0.0,0.0,0.0,0.0,0.0,0.0,0.0,0.0,0.0,0.0,133.84,0.0,0.0,0.0,1.26,1.26,0.0,0.0,0.0,,0.5,0.26,,0.0,1.0,0.6,0.0,0.0,0.0,0.0,1.0
3,新北中信特攻,40|47|10879,謝亞軒/曾文鼎/簡廷兆,1,10,12.0,114.69,1.91,01:55,114.69,1.91,01:55,3.0,3.0,25.0,56.5,7.0,7.0,58.33,131.83,5.0,5.0,41.67,94.16,1.0,1.0,8.33,18.83,1.0,1.0,8.33,18.83,0.0,0.0,0.0,0.0,4.0,4.0,33.33,75.33,1.0,1.0,8.33,18.83,0.0,0.0,0.0,0.0,0.0,0.0,0.0,0.0,1.0,1.0,8.33,18.83,3.0,3.0,25.0,56.5,0.0,0.0,0.0,0.0,1.0,1.0,8.33,18.83,1.0,1.0,8.33,18.83,1.0,1.0,8.33,18.83,0.0,0.0,0.0,0.0,0.0,0.0,0.0,0.0,0.0,0.0,0.0,0.0,2.0,2.0,16.67,37.67,25.0,58.33,-33.33,150.66,-4.0,-4.0,-33.33,1.91,1.91,0.3,0.3,0.0,0.25,,0.17,1.0,0.5,1.0,0.8,0.0,0.0,0.0,16.67,0.0
3,新北中信特攻,47|10879|10880,曾文鼎/簡廷兆/內馬,1,12,15.0,222.0,3.7,03:42,222.0,3.7,03:42,4.0,4.0,26.67,38.92,2.0,2.0,13.33,19.46,6.0,6.0,40.0,58.38,2.0,2.0,13.33,19.46,4.0,4.0,26.67,38.92,2.0,2.0,13.33,19.46,2.0,2.0,13.33,19.46,0.0,0.0,0.0,0.0,0.0,0.0,0.0,0.0,0.0,0.0,0.0,0.0,1.0,1.0,6.67,9.73,3.0,3.0,20.0,29.19,1.0,1.0,6.67,9.73,3.0,3.0,20.0,29.19,1.0,1.0,6.67,9.73,1.0,1.0,6.67,9.73,0.0,0.0,0.0,0.0,0.0,0.0,0.0,0.0,0.0,0.0,0.0,0.0,0.0,0.0,0.0,0.0,26.67,13.33,13.33,97.3,2.0,2.0,13.33,3.7,3.7,0.33,0.33,0.5,0.0,,0.14,0.5,0.25,0.75,0.5,0.0,0.0,0.0,0.0,0.0
3,新北中信特攻,47|10879|10881,曾文鼎/簡廷兆/飛克,1,20,26.0,254.79,4.25,04:15,254.79,4.25,04:15,9.0,9.0,34.62,76.3,15.0,15.0,57.69,127.16,13.0,13.0,50.0,110.21,3.0,3.0,11.54,25.43,3.0,3.0,11.54,25.43,0.0,0.0,0.0,0.0,10.0,10.0,38.46,84.78,3.0,3.0,11.54,25.43,0.0,0.0,0.0,0.0,0.0,0.0,0.0,0.0,4.0,4.0,15.38,33.91,6.0,6.0,23.08,50.87,1.0,1.0,3.85,8.48,3.0,3.0,11.54,25.43,1.0,1.0,3.85,8.48,3.0,3.0,11.54,25.43,0.0,0.0,0.0,0.0,0.0,0.0,0.0,0.0,0.0,0.0,0.0,0.0,4.0,4.0,15.38,33.91,34.62,57.69,-23.08,146.94,-6.0,-6.0,-23.08,4.25,4.25,0.35,0.35,0.0,0.3,,0.07,1.0,0.57,0.86,0.71,0.0,0.0,0.0,15.38,0.0
3,新北中信特攻,40|47|10877,謝亞軒/曾文鼎/阿巴西,1,6,7.0,65.69,1.09,01:06,65.69,1.09,01:06,3.0,3.0,42.86,98.64,7.0,7.0,100.0,230.16,4.0,4.0,57.14,131.52,1.0,1.0,14.29,32.88,0.0,0.0,0.0,0.0,0.0,0.0,0.0,0.0,4.0,4.0,57.14,131.52,1.0,1.0,14.29,32.88,0.0,0.0,0.0,0.0,0.0,0.0,0.0,0.0,1.0,1.0,14.29,32.88,2.0,2.0,28.57,65.76,0.0,0.0,0.0,0.0,0.0,0.0,0.0,0.0,0.0,0.0,0.0,0.0,1.0,1.0,14.29,32.88,0.0,0.0,0.0,0.0,0.0,0.0,0.0,0.0,0.0,0.0,0.0,0.0,2.0,2.0,28.57,65.76,42.86,100.0,-57.14,153.44,-4.0,-4.0,-57.14,1.09,1.09,0.38,0.38,,0.25,,0.0,1.0,1.0,1.0,1.0,0.0,0.0,0.0,28.57,0.0
3,新北中信特攻,47|10877|10879,曾文鼎/阿巴西/簡廷兆,1,24,31.0,378.79,6.31,06:19,378.79,6.31,06:19,13.0,13.0,41.94,74.13,17.0,17.0,54.84,96.94,17.0,17.0,54.84,96.94,5.0,5.0,16.13,28.51,5.0,5.0,16.13,28.51,2.0,2.0,6.45,11.4,12.0,12.0,38.71,68.43,3.0,3.0,9.68,17.11,0.0,0.0,0.0,0.0,0.0,0.0,0.0,0.0,5.0,5.0,16.13,28.51,7.0,7.0,22.58,39.92,2.0,2.0,6.45,11.4,4.0,4.0,12.9,22.81,0.0,0.0,0.0,0.0,4.0,4.0,12.9,22.81,0.0,0.0,0.0,0.0,0.0,0.0,0.0,0.0,0.0,0.0,0.0,0.0,4.0,4.0,12.9,22.81,41.94,54.84,-12.9,117.85,-4.0,-4.0,-12.9,6.31,6.31,0.38,0.38,0.4,0.25,,0.0,0.8,0.56,0.78,0.67,0.0,0.0,0.0,12.9,0.0
3,新北中信特攻,47|10877|10881,曾文鼎/阿巴西/飛克,1,16,21.0,205.79,3.43,03:26,205.79,3.43,03:26,9.0,9.0,42.86,94.46,15.0,15.0,71.43,157.44,12.0,12.0,57.14,125.95,3.0,3.0,14.29,31.49,2.0,2.0,9.52,20.99,0.0,0.0,0.0,0.0,10.0,10.0,47.62,104.96,3.0,3.0,14.29,31.49,0.0,0.0,0.0,0.0,0.0,0.0,0.0,0.0,4.0,4.0,19.05,41.98,5.0,5.0,23.81,52.48,1.0,1.0,4.76,10.5,2.0,2.0,9.52,20.99,0.0,0.0,0.0,0.0,3.0,3.0,14.29,31.49,0.0,0.0,0.0,0.0,0.0,0.0,0.0,0.0,0.0,0.0,0.0,0.0,4.0,4.0,19.05,41.98,42.86,71.43,-28.57,146.95,-6.0,-6.0,-28.57,3.43,3.43,0.38,0.38,0.0,0.3,,0.0,1.0,0.67,0.83,0.75,0.0,0.0,0.0,19.05,0.0
3,新北中信特攻,43|47|10877,林韋翰/曾文鼎/阿巴西,1,18,24.0,313.1,5.22,05:13,313.1,5.22,05:13,10.0,10.0,41.67,68.99,10.0,10.0,41.67,68.99,13.0,13.0,54.17,89.68,4.0,4.0,16.67,27.6,5.0,5.0,20.83,34.49,2.0,2.0,8.33,13.8,8.0,8.0,33.33,55.19,2.0,2.0,8.33,13.8,0.0,0.0,0.0,0.0,0.0,0.0,0.0,0.0,4.0,4.0,16.67,27.6,5.0,5.0,20.83,34.49,2.0,2.0,8.33,13.8,4.0,4.0,16.67,27.6,0.0,0.0,0.0,0.0,3.0,3.0,12.5,20.7,0.0,0.0,0.0,0.0,0.0,0.0,0.0,0.0,0.0,0.0,0.0,0.0,2.0,2.0,8.33,13.8,41.67,41.67,0.0,110.38,0.0,0.0,0.0,5.22,5.22,0.38,0.38,0.4,0.25,,0.0,0.75,0.5,0.71,0.6,0.0,0.0,0.0,8.33,0.0
3,新北中信特攻,43|47|10879,林韋翰/曾文鼎/簡廷兆,1,18,24.0,313.1,5.22,05:13,313.1,5.22,05:13,10.0,10.0,41.67,68.99,10.0,10.0,41.67,68.99,13.0,13.0,54.17,89.68,4.0,4.0,16.67,27.6,5.0,5.0,20.83,34.49,2.0,2.0,8.33,13.8,8.0,8.0,33.33,55.19,2.0,2.0,8.33,13.8,0.0,0.0,0.0,0.0,0.0,0.0,0.0,0.0,4.0,4.0,16.67,27.6,5.0,5.0,20.83,34.49,2.0,2.0,8.33,13.8,4.0,4.0,16.67,27.6,0.0,0.0,0.0,0.0,3.0,3.0,12.5,20.7,0.0,0.0,0.0,0.0,0.0,0.0,0.0,0.0,0.0,0.0,0.0,0.0,2.0,2.0,8.33,13.8,41.67,41.67,0.0,110.38,0.0,0.0,0.0,5.22,5.22,0.38,0.38,0.4,0.25,,0.0,0.75,0.5,0.71,0.6,0.0,0.0,0.0,8.33,0.0
3,新北國王,24|10872|14038,蘇士軒/林彥廷/飛米,3,32,39.0,575.52,9.59,09:36,191.84,3.2,03:12,18.0,6.0,46.15,67.56,21.0,7.0,53.85,78.82,12.0,4.0,30.77,45.04,5.0,1.67,12.82,18.77,2.0,0.67,5.13,7.51,1.0,0.33,2.56,3.75,10.0,3.33,25.64,37.53,4.0,1.33,10.26,15.01,7.0,2.33,17.95,26.27,4.0,1.33,10.26,15.01,2.0,0.67,5.13,7.51,6.0,2.0,15.38,22.52,4.0,1.33,10.26,15.01,5.0,1.67,12.82,18.77,3.0,1.0,7.69,11.26,5.0,1.67,12.82,18.77,2.0,0.67,5.13,7.51,0.0,0.0,0.0,0.0,1.0,0.33,2.56,3.75,2.0,0.67,5.13,7.51,46.15,53.85,-7.69,97.58,-3.0,-1.0,-7.69,9.59,3.2,0.58,0.6,0.5,0.4,0.57,0.17,1.0,0.29,0.6,0.47,5.13,0.0,0.03,5.13,0.58
3,新北中信特攻,40|43|113,謝亞軒/林韋翰/林任鴻,1,6,6.0,102.69,1.71,01:43,102.69,1.71,01:43,2.0,2.0,33.33,42.07,4.0,4.0,66.67,84.14,4.0,4.0,66.67,84.14,2.0,2.0,33.33,42.07,2.0,2.0,33.33,42.07,2.0,2.0,33.33,42.07,2.0,2.0,33.33,42.07,0.0,0.0,0.0,0.0,0.0,0.0,0.0,0.0,0.0,0.0,0.0,0.0,0.0,0.0,0.0,0.0,2.0,2.0,33.33,42.07,0.0,0.0,0.0,0.0,1.0,1.0,16.67,21.03,0.0,0.0,0.0,0.0,0.0,0.0,0.0,0.0,0.0,0.0,0.0,0.0,0.0,0.0,0.0,0.0,1.0,1.0,16.67,21.03,2.0,2.0,33.33,42.07,33.33,66.67,-33.33,84.14,-2.0,-2.0,-33.33,1.71,1.71,0.5,0.25,1.0,0.0,,0.0,0.0,0.0,1.0,0.67,0.0,0.0,0.17,33.33,0.0
3,新北中信特攻,43|113|10877,林韋翰/林任鴻/阿巴西,1,6,6.0,81.7,1.36,01:22,81.7,1.36,01:22,2.0,2.0,33.33,52.87,4.0,4.0,66.67,105.75,3.0,3.0,50.0,79.31,1.0,1.0,16.67,26.44,1.0,1.0,16.67,26.44,1.0,1.0,16.67,26.44,2.0,2.0,33.33,52.87,0.0,0.0,0.0,0.0,0.0,0.0,0.0,0.0,0.0,0.0,0.0,0.0,0.0,0.0,0.0,0.0,2.0,2.0,33.33,52.87,0.0,0.0,0.0,0.0,1.0,1.0,16.67,26.44,0.0,0.0,0.0,0.0,0.0,0.0,0.0,0.0,0.0,0.0,0.0,0.0,0.0,0.0,0.0,0.0,1.0,1.0,16.67,26.44,2.0,2.0,33.33,52.87,33.33,66.67,-33.33,105.75,-2.0,-2.0,-33.33,1.36,1.36,0.33,0.33,1.0,0.0,,0.0,0.0,0.0,1.0,0.67,0.0,0.0,0.17,33.33,0.0
3,福爾摩沙夢想家,79|89|103,張宗憲/蔣淯安/忻沃克,2,94,107.0,1505.45,25.09,25:05,752.72,12.55,12:33,52.0,26.0,48.6,74.61,29.0,14.5,27.1,41.61,40.0,20.0,37.38,57.39,19.0,9.5,17.76,27.26,24.0,12.0,22.43,34.43,12.0,6.0,11.21,17.22,16.0,8.0,14.95,22.96,7.0,3.5,6.54,10.04,10.0,5.0,9.35,14.35,7.0,3.5,6.54,10.04,4.0,2.0,3.74,5.74,15.0,7.5,14.02,21.52,8.0,4.0,7.48,11.48,22.0,11.0,20.56,31.57,5.0,2.5,4.67,7.17,12.0,6.0,11.21,17.22,4.0,2.0,3.74,5.74,1.0,0.5,0.93,1.43,8.0,4.0,7.48,11.48,7.0,3.5,6.54,10.04,48.6,27.1,21.5,102.35,23.0,11.5,21.5,25.09,12.55,0.56,0.59,0.5,0.44,0.7,0.1,0.63,0.15,0.65,0.39,3.74,0.93,0.07,6.54,0.25
3,福爾摩沙夢想家,79|89|106,張宗憲/蔣淯安/高柏鎧,1,42,47.0,699.04,11.65,11:39,699.04,11.65,11:39,23.0,23.0,48.94,71.07,17.0,17.0,36.17,52.53,18.0,18.0,38.3,55.62,10.0,10.0,21.28,30.9,11.0,11.0,23.4,33.99,7.0,7.0,14.89,21.63,7.0,7.0,14.89,21.63,3.0,3.0,6.38,9.27,0.0,0.0,0.0,0.0,0.0,0.0,0.0,0.0,0.0,0.0,0.0,0.0,8.0,8.0,17.02,24.72,1.0,1.0,2.13,3.09,9.0,9.0,19.15,27.81,4.0,4.0,8.51,12.36,7.0,7.0,14.89,21.63,3.0,3.0,6.38,9.27,0.0,0.0,0.0,0.0,3.0,3.0,6.38,9.27,0.0,0.0,0.0,0.0,48.94,36.17,12.77,96.82,6.0,6.0,12.77,11.65,11.65,0.64,0.64,0.64,0.43,,0.18,0.7,0.0,0.89,0.44,6.38,0.0,0.06,0.0,0.0
3,福爾摩沙夢想家,79|89|13906,張宗憲/蔣淯安/班提爾,2,112,129.0,1788.37,29.81,29:48,894.19,14.9,14:54,59.0,29.5,45.74,71.26,36.0,18.0,27.91,43.48,50.0,25.0,38.76,60.39,21.0,10.5,16.28,25.36,29.0,14.5,22.48,35.03,12.0,6.0,9.3,14.49,21.0,10.5,16.28,25.36,9.0,4.5,6.98,10.87,12.0,6.0,9.3,14.49,8.0,4.0,6.2,9.66,5.0,2.5,3.88,6.04,21.0,10.5,16.28,25.36,7.0,3.5,5.43,8.45,26.0,13.0,20.16,31.4,5.0,2.5,3.88,6.04,18.0,9.0,13.95,21.74,2.0,1.0,1.55,2.42,5.0,2.5,3.88,6.04,12.0,6.0,9.3,14.49,9.0,4.5,6.98,10.87,45.74,27.91,17.83,103.87,23.0,11.5,17.83,29.81,14.9,0.51,0.53,0.41,0.43,0.67,0.08,0.86,0.16,0.75,0.44,1.55,3.88,0.09,6.98,0.24
3,福爾摩沙夢想家,79|103|106,張宗憲/忻沃克/高柏鎧,1,39,43.0,635.47,10.59,10:35,635.47,10.59,10:35,21.0,21.0,48.84,71.38,15.0,15.0,34.88,50.99,17.0,17.0,39.53,57.78,9.0,9.0,20.93,30.59,10.0,10.0,23.26,33.99,6.0,6.0,13.95,20.39,7.0,7.0,16.28,23.79,3.0,3.0,6.98,10.2,0.0,0.0,0.0,0.0,0.0,0.0,0.0,0.0,0.0,0.0,0.0,0.0,8.0,8.0,18.6,27.19,1.0,1.0,2.33,3.4,9.0,9.0,20.93,30.59,3.0,3.0,6.98,10.2,6.0,6.0,13.95,20.39,3.0,3.0,6.98,10.2,0.0,0.0,0.0,0.0,2.0,2.0,4.65,6.8,2.0,2.0,4.65,6.8,48.84,34.88,13.95,97.44,6.0,6.0,13.95,10.59,10.59,0.62,0.62,0.6,0.43,,0.15,0.67,0.0,0.89,0.44,6.98,0.0,0.05,4.65,0.0
3,福爾摩沙夢想家,79|103|13906,張宗憲/忻沃克/班提爾,2,108,123.0,1749.04,29.15,29:09,874.52,14.58,14:35,56.0,28.0,45.53,69.16,45.0,22.5,36.59,55.57,49.0,24.5,39.84,60.51,20.0,10.0,16.26,24.7,27.0,13.5,21.95,33.34,12.0,6.0,9.76,14.82,22.0,11.0,17.89,27.17,8.0,4.0,6.5,9.88,12.0,6.0,9.76,14.82,8.0,4.0,6.5,9.88,4.0,2.0,3.25,4.94,22.0,11.0,17.89,27.17,6.0,3.0,4.88,7.41,23.0,11.5,18.7,28.4,4.0,2.0,3.25,4.94,12.0,6.0,9.76,14.82,3.0,1.5,2.44,3.7,1.0,0.5,0.81,1.23,11.0,5.5,8.94,13.58,14.0,7.0,11.38,17.29,45.53,36.59,8.94,101.27,11.0,5.5,8.94,29.15,14.58,0.49,0.52,0.44,0.36,0.67,0.07,0.6,0.15,0.79,0.47,2.44,0.81,0.09,11.38,0.24
3,福爾摩沙夢想家,79|106|13906,張宗憲/高柏鎧/班提爾,1,36,40.0,569.47,9.49,09:29,569.47,9.49,09:29,19.0,19.0,47.5,72.07,13.0,13.0,32.5,49.31,16.0,16.0,40.0,60.69,8.0,8.0,20.0,30.34,9.0,9.0,22.5,34.14,5.0,5.0,12.5,18.96,7.0,7.0,17.5,26.55,3.0,3.0,7.5,11.38,0.0,0.0,0.0,0.0,0.0,0.0,0.0,0.0,0.0,0.0,0.0,0.0,8.0,8.0,20.0,30.34,0.0,0.0,0.0,0.0,8.0,8.0,20.0,30.34,3.0,3.0,7.5,11.38,7.0,7.0,17.5,26.55,2.0,2.0,5.0,7.59,0.0,0.0,0.0,0.0,3.0,3.0,7.5,11.38,2.0,2.0,5.0,7.59,47.5,32.5,15.0,101.15,6.0,6.0,15.0,9.49,9.49,0.59,0.59,0.56,0.43,,0.16,0.88,0.0,1.0,0.5,5.0,0.0,0.08,5.0,0.0
3,福爾摩沙夢想家,89|103|106,蔣淯安/忻沃克/高柏鎧,1,62,70.0,1047.97,17.47,17:28,1047.97,17.47,17:28,33.0,33.0,47.14,68.02,29.0,29.0,41.43,59.77,29.0,29.0,41.43,59.77,15.0,15.0,21.43,30.92,20.0,20.0,28.57,41.22,12.0,12.0,17.14,24.73,9.0,9.0,12.86,18.55,3.0,3.0,4.29,6.18,1.0,1.0,1.43,2.06,0.0,0.0,0.0,0.0,2.0,2.0,2.86,4.12,13.0,13.0,18.57,26.79,4.0,4.0,5.71,8.24,12.0,12.0,17.14,24.73,4.0,4.0,5.71,8.24,9.0,9.0,12.86,18.55,3.0,3.0,4.29,6.18,1.0,1.0,1.43,2.06,5.0,5.0,7.14,10.31,2.0,2.0,2.86,4.12,47.14,41.43,5.71,96.19,4.0,4.0,5.71,17.47,17.47,0.57,0.56,0.6,0.33,0.0,0.12,0.6,0.14,0.76,0.48,4.29,1.43,0.07,2.86,0.03
3,福爾摩沙夢想家,89|103|13906,蔣淯安/忻沃克/班提爾,2,107,124.0,1764.81,29.41,29:25,882.41,14.71,14:42,54.0,27.0,43.55,66.09,30.0,15.0,24.19,36.72,48.0,24.0,38.71,58.75,19.0,9.5,15.32,23.25,29.0,14.5,23.39,35.49,13.0,6.5,10.48,15.91,19.0,9.5,15.32,23.25,6.0,3.0,4.84,7.34,15.0,7.5,12.1,18.36,10.0,5.0,8.06,12.24,7.0,3.5,5.65,8.57,21.0,10.5,16.94,25.7,8.0,4.0,6.45,9.79,27.0,13.5,21.77,33.05,6.0,3.0,4.84,7.34,15.0,7.5,12.1,18.36,3.0,1.5,2.42,3.67,2.0,1.0,1.61,2.45,14.0,7.0,11.29,17.13,8.0,4.0,6.45,9.79,43.55,24.19,19.35,101.18,24.0,12.0,19.35,29.41,14.71,0.46,0.49,0.45,0.32,0.67,0.1,0.79,0.21,0.72,0.44,2.42,1.61,0.11,6.45,0.31
3,福爾摩沙夢想家,89|106|13906,蔣淯安/高柏鎧/班提爾,1,46,50.0,737.6,12.29,12:18,737.6,12.29,12:18,25.0,25.0,50.0,73.21,15.0,15.0,30.0,43.93,21.0,21.0,42.0,61.5,11.0,11.0,22.0,32.21,14.0,14.0,28.0,41.0,8.0,8.0,16.0,23.43,7.0,7.0,14.0,20.5,3.0,3.0,6.0,8.79,1.0,1.0,2.0,2.93,0.0,0.0,0.0,0.0,0.0,0.0,0.0,0.0,11.0,11.0,22.0,32.21,1.0,1.0,2.0,2.93,11.0,11.0,22.0,32.21,3.0,3.0,6.0,8.79,9.0,9.0,18.0,26.36,2.0,2.0,4.0,5.86,1.0,1.0,2.0,2.93,6.0,6.0,12.0,17.57,0.0,0.0,0.0,0.0,50.0,30.0,20.0,97.61,10.0,10.0,20.0,12.29,12.29,0.6,0.58,0.57,0.43,0.0,0.12,0.82,0.0,0.92,0.48,4.0,2.0,0.12,0.0,0.05
3,福爾摩沙夢想家,103|106|13906,忻沃克/高柏鎧/班提爾,1,43,46.0,674.03,11.23,11:14,674.03,11.23,11:14,23.0,23.0,50.0,73.71,13.0,13.0,28.26,41.66,20.0,20.0,43.48,64.09,10.0,10.0,21.74,32.05,13.0,13.0,28.26,41.66,7.0,7.0,15.22,22.43,7.0,7.0,15.22,22.43,3.0,3.0,6.52,9.61,1.0,1.0,2.17,3.2,0.0,0.0,0.0,0.0,0.0,0.0,0.0,0.0,11.0,11.0,23.91,35.25,1.0,1.0,2.17,3.2,11.0,11.0,23.91,35.25,2.0,2.0,4.35,6.41,8.0,8.0,17.39,25.64,2.0,2.0,4.35,6.41,1.0,1.0,2.17,3.2,5.0,5.0,10.87,16.02,2.0,2.0,4.35,6.41,50.0,28.26,21.74,98.27,10.0,10.0,21.74,11.23,11.23,0.57,0.56,0.54,0.43,0.0,0.09,0.8,0.0,0.92,0.48,4.35,2.17,0.11,4.35,0.05
3,新竹御嵿攻城獅,75|76|10885,高國豪/曾柏喻/劉丞勳,2,105,123.0,1820.53,30.34,30:21,910.27,15.17,15:10,53.0,26.5,43.09,62.88,59.0,29.5,47.97,70.0,50.0,25.0,40.65,59.32,18.0,9.0,14.63,21.36,30.0,15.0,24.39,35.59,11.0,5.5,8.94,13.05,20.0,10.0,16.26,23.73,7.0,3.5,5.69,8.31,11.0,5.5,8.94,13.05,10.0,5.0,8.13,11.86,9.0,4.5,7.32,10.68,24.0,12.0,19.51,28.48,5.0,2.5,4.07,5.93,21.0,10.5,17.07,24.92,7.0,3.5,5.69,8.31,10.0,5.0,8.13,11.86,4.0,2.0,3.25,4.75,2.0,1.0,1.63,2.37,13.0,6.5,10.57,15.42,9.0,4.5,7.32,10.68,43.09,47.97,-4.88,97.29,-6.0,-3.0,-4.88,30.34,15.17,0.43,0.48,0.37,0.35,0.91,0.11,0.56,0.3,0.83,0.56,3.25,1.63,0.11,7.32,0.22
3,新竹御嵿攻城獅,75|76|10887,高國豪/曾柏喻/德魯,2,105,123.0,1820.53,30.34,30:21,910.27,15.17,15:10,53.0,26.5,43.09,62.88,59.0,29.5,47.97,70.0,50.0,25.0,40.65,59.32,18.0,9.0,14.63,21.36,30.0,15.0,24.39,35.59,11.0,5.5,8.94,13.05,20.0,10.0,16.26,23.73,7.0,3.5,5.69,8.31,11.0,5.5,8.94,13.05,10.0,5.0,8.13,11.86,9.0,4.5,7.32,10.68,24.0,12.0,19.51,28.48,5.0,2.5,4.07,5.93,21.0,10.5,17.07,24.92,7.0,3.5,5.69,8.31,10.0,5.0,8.13,11.86,4.0,2.0,3.25,4.75,2.0,1.0,1.63,2.37,13.0,6.5,10.57,15.42,9.0,4.5,7.32,10.68,43.09,47.97,-4.88,97.29,-6.0,-3.0,-4.88,30.34,15.17,0.43,0.48,0.37,0.35,0.91,0.11,0.56,0.3,0.83,0.56,3.25,1.63,0.11,7.32,0.22
3,新竹御嵿攻城獅,75|76|10888,高國豪/曾柏喻/帕塞獅,2,74,87.0,1250.93,20.85,20:51,625.47,10.42,10:25,37.0,18.5,42.53,63.89,40.0,20.0,45.98,69.07,34.0,17.0,39.08,58.71,13.0,6.5,14.94,22.45,24.0,12.0,27.59,41.44,10.0,5.0,11.49,17.27,10.0,5.0,11.49,17.27,3.0,1.5,3.45,5.18,9.0,4.5,10.34,15.54,8.0,4.0,9.2,13.81,6.0,3.0,6.9,10.36,16.0,8.0,18.39,27.63,3.0,1.5,3.45,5.18,15.0,7.5,17.24,25.9,5.0,2.5,5.75,8.63,6.0,3.0,6.9,10.36,3.0,1.5,3.45,5.18,3.0,1.5,3.45,5.18,9.0,4.5,10.34,15.54,7.0,3.5,8.05,12.09,42.53,45.98,-3.45,100.15,-3.0,-1.5,-3.45,20.85,10.42,0.43,0.49,0.42,0.3,0.89,0.12,0.46,0.29,0.84,0.55,3.45,3.45,0.1,8.05,0.26
3,新竹御嵿攻城獅,75|10885|10887,高國豪/劉丞勳/德魯,2,125,150.0,2199.53,36.66,36:40,1099.77,18.33,18:20,56.0,28.0,37.33,54.99,65.0,32.5,43.33,63.83,58.0,29.0,38.67,56.96,19.0,9.5,12.67,18.66,33.0,16.5,22.0,32.41,11.0,5.5,7.33,10.8,25.0,12.5,16.67,24.55,8.0,4.0,5.33,7.86,11.0,5.5,7.33,10.8,10.0,5.0,6.67,9.82,12.0,6.0,8.0,11.78,29.0,14.5,19.33,28.48,10.0,5.0,6.67,9.82,25.0,12.5,16.67,24.55,11.0,5.5,7.33,10.8,10.0,5.0,6.67,9.82,5.0,2.5,3.33,4.91,3.0,1.5,2.0,2.95,14.0,7.0,9.33,13.75,11.0,5.5,7.33,10.8,37.33,43.33,-6.0,98.2,-9.0,-4.5,-6.0,36.66,18.33,0.4,0.45,0.33,0.32,0.91,0.15,0.53,0.32,0.74,0.54,3.33,2.0,0.09,7.33,0.19
3,新竹御嵿攻城獅,75|10885|10888,高國豪/劉丞勳/帕塞獅,2,89,104.0,1516.18,25.27,25:16,758.09,12.63,12:38,39.0,19.5,37.5,55.56,49.0,24.5,47.12,69.81,39.0,19.5,37.5,55.56,15.0,7.5,14.42,21.37,25.0,12.5,24.04,35.62,12.0,6.0,11.54,17.1,14.0,7.0,13.46,19.94,3.0,1.5,2.88,4.27,9.0,4.5,8.65,12.82,8.0,4.0,7.69,11.4,6.0,3.0,5.77,8.55,19.0,9.5,18.27,27.07,6.0,3.0,5.77,8.55,18.0,9.0,17.31,25.64,7.0,3.5,6.73,9.97,7.0,3.5,6.73,9.97,3.0,1.5,2.88,4.27,2.0,1.0,1.92,2.85,10.0,5.0,9.62,14.25,9.0,4.5,8.65,12.82,37.5,47.12,-9.62,98.77,-10.0,-5.0,-9.62,25.27,12.63,0.42,0.45,0.48,0.21,0.89,0.14,0.47,0.25,0.76,0.51,2.88,1.92,0.1,8.65,0.23
3,新竹御嵿攻城獅,75|10887|10888,高國豪/德魯/帕塞獅,2,72,85.0,1216.93,20.28,20:17,608.47,10.14,10:08,37.0,18.5,43.53,65.67,40.0,20.0,47.06,71.0,33.0,16.5,38.82,58.57,13.0,6.5,15.29,23.07,23.0,11.5,27.06,40.82,10.0,5.0,11.76,17.75,10.0,5.0,11.76,17.75,3.0,1.5,3.53,5.32,9.0,4.5,10.59,15.97,8.0,4.0,9.41,14.2,6.0,3.0,7.06,10.65,15.0,7.5,17.65,26.62,3.0,1.5,3.53,5.32,14.0,7.0,16.47,24.85,5.0,2.5,5.88,8.87,6.0,3.0,7.06,10.65,3.0,1.5,3.53,5.32,2.0,1.0,2.35,3.55,9.0,4.5,10.59,15.97,7.0,3.5,8.24,12.42,43.53,47.06,-3.53,100.58,-3.0,-1.5,-3.53,20.28,10.14,0.44,0.5,0.43,0.3,0.89,0.12,0.46,0.3,0.83,0.55,3.53,2.35,0.11,8.24,0.27
3,新竹御嵿攻城獅,76|10885|10887,曾柏喻/劉丞勳/德魯,2,116,136.0,2011.26,33.52,33:31,1005.63,16.76,16:46,58.0,29.0,42.65,62.29,64.0,32.0,47.06,68.73,53.0,26.5,38.97,56.92,19.0,9.5,13.97,20.41,31.0,15.5,22.79,33.29,11.0,5.5,8.09,11.81,22.0,11.0,16.18,23.63,8.0,4.0,5.88,8.59,15.0,7.5,11.03,16.11,12.0,6.0,8.82,12.89,9.0,4.5,6.62,9.67,27.0,13.5,19.85,29.0,7.0,3.5,5.15,7.52,24.0,12.0,17.65,25.77,8.0,4.0,5.88,8.59,12.0,6.0,8.82,12.89,4.0,2.0,2.94,4.3,2.0,1.0,1.47,2.15,14.0,7.0,10.29,15.04,11.0,5.5,8.09,11.81,42.65,47.06,-4.41,97.37,-6.0,-3.0,-4.41,33.52,16.76,0.43,0.49,0.35,0.36,0.8,0.12,0.63,0.27,0.79,0.54,2.94,1.47,0.1,8.09,0.28
3,新竹御嵿攻城獅,76|10885|10888,曾柏喻/劉丞勳/帕塞獅,2,88,101.0,1400.3,23.34,23:20,700.15,11.67,11:40,43.0,21.5,42.57,66.33,47.0,23.5,46.53,72.5,40.0,20.0,39.6,61.7,15.0,7.5,14.85,23.14,29.0,14.5,28.71,44.73,12.0,6.0,11.88,18.51,11.0,5.5,10.89,16.97,3.0,1.5,2.97,4.63,11.0,5.5,10.89,16.97,10.0,5.0,9.9,15.43,7.0,3.5,6.93,10.8,19.0,9.5,18.81,29.31,3.0,1.5,2.97,4.63,19.0,9.5,18.81,29.31,5.0,2.5,4.95,7.71,7.0,3.5,6.93,10.8,3.0,1.5,2.97,4.63,2.0,1.0,1.98,3.09,11.0,5.5,10.89,16.97,9.0,4.5,8.91,13.88,42.57,46.53,-3.96,103.86,-4.0,-2.0,-3.96,23.34,11.67,0.41,0.48,0.41,0.27,0.91,0.1,0.47,0.27,0.86,0.54,2.97,1.98,0.11,8.91,0.28
3,新竹御嵿攻城獅,76|10887|10888,曾柏喻/德魯/帕塞獅,2,99,115.0,1685.93,28.1,28:06,842.97,14.05,14:03,52.0,26.0,45.22,66.62,58.0,29.0,50.43,74.31,43.0,21.5,37.39,55.09,16.0,8.0,13.91,20.5,25.0,12.5,21.74,32.03,10.0,5.0,8.7,12.81,18.0,9.0,15.65,23.06,6.0,3.0,5.22,7.69,13.0,6.5,11.3,16.66,12.0,6.0,10.43,15.37,8.0,4.0,6.96,10.25,19.0,9.5,16.52,24.34,4.0,2.0,3.48,5.12,17.0,8.5,14.78,21.78,8.0,4.0,6.96,10.25,9.0,4.5,7.83,11.53,4.0,2.0,3.48,5.12,3.0,1.5,2.61,3.84,14.0,7.0,12.17,17.94,13.0,6.5,11.3,16.66,45.22,50.43,-5.22,98.22,-6.0,-3.0,-5.22,28.1,14.05,0.44,0.53,0.4,0.33,0.92,0.14,0.56,0.32,0.83,0.56,3.48,2.61,0.12,11.3,0.3
3,新竹御嵿攻城獅,10885|10887|10888,劉丞勳/德魯/帕塞獅,2,72,85.0,1216.93,20.28,20:17,608.47,10.14,10:08,37.0,18.5,43.53,65.67,40.0,20.0,47.06,71.0,33.0,16.5,38.82,58.57,13.0,6.5,15.29,23.07,23.0,11.5,27.06,40.82,10.0,5.0,11.76,17.75,10.0,5.0,11.76,17.75,3.0,1.5,3.53,5.32,9.0,4.5,10.59,15.97,8.0,4.0,9.41,14.2,6.0,3.0,7.06,10.65,15.0,7.5,17.65,26.62,3.0,1.5,3.53,5.32,14.0,7.0,16.47,24.85,5.0,2.5,5.88,8.87,6.0,3.0,7.06,10.65,3.0,1.5,3.53,5.32,2.0,1.0,2.35,3.55,9.0,4.5,10.59,15.97,7.0,3.5,8.24,12.42,43.53,47.06,-3.53,100.58,-3.0,-1.5,-3.53,20.28,10.14,0.44,0.5,0.43,0.3,0.89,0.12,0.46,0.3,0.83,0.55,3.53,2.35,0.11,8.24,0.27
3,福爾摩沙夢想家,79|89|107,張宗憲/蔣淯安/霍爾曼,2,62,74.0,1015.02,16.92,16:55,507.51,8.46,08:28,35.0,17.5,47.3,74.48,21.0,10.5,28.38,44.69,29.0,14.5,39.19,61.71,13.0,6.5,17.57,27.66,17.0,8.5,22.97,36.18,8.0,4.0,10.81,17.02,12.0,6.0,16.22,25.54,5.0,2.5,6.76,10.64,6.0,3.0,8.11,12.77,4.0,2.0,5.41,8.51,7.0,3.5,9.46,14.9,8.0,4.0,10.81,17.02,6.0,3.0,8.11,12.77,12.0,6.0,16.22,25.54,5.0,2.5,6.76,10.64,8.0,4.0,10.81,17.02,4.0,2.0,5.41,8.51,3.0,1.5,4.05,6.38,3.0,1.5,4.05,6.38,7.0,3.5,9.46,14.9,47.3,28.38,18.92,104.98,14.0,7.0,18.92,16.92,8.46,0.53,0.55,0.47,0.42,0.67,0.14,0.62,0.37,0.57,0.45,5.41,4.05,0.04,9.46,0.21
3,福爾摩沙夢想家,79|103|107,張宗憲/忻沃克/霍爾曼,2,65,75.0,1036.15,17.27,17:16,518.08,8.63,08:38,36.0,18.0,48.0,75.05,34.0,17.0,45.33,70.88,30.0,15.0,40.0,62.54,14.0,7.0,18.67,29.18,18.0,9.0,24.0,37.52,10.0,5.0,13.33,20.85,12.0,6.0,16.0,25.02,4.0,2.0,5.33,8.34,6.0,3.0,8.0,12.51,4.0,2.0,5.33,8.34,4.0,2.0,5.33,8.34,11.0,5.5,14.67,22.93,5.0,2.5,6.67,10.42,10.0,5.0,13.33,20.85,3.0,1.5,4.0,6.25,3.0,1.5,4.0,6.25,3.0,1.5,4.0,6.25,1.0,0.5,1.33,2.08,3.0,1.5,4.0,6.25,9.0,4.5,12.0,18.76,48.0,45.33,2.67,104.23,2.0,1.0,2.67,17.27,8.63,0.53,0.55,0.56,0.33,0.67,0.08,0.21,0.29,0.69,0.5,4.0,1.33,0.04,12.0,0.2
3,福爾摩沙夢想家,79|107|13906,張宗憲/霍爾曼/班提爾,2,73,85.0,1126.08,18.77,18:46,563.04,9.38,09:23,40.0,20.0,47.06,76.73,39.0,19.5,45.88,74.81,35.0,17.5,41.18,67.14,13.0,6.5,15.29,24.94,20.0,10.0,23.53,38.36,8.0,4.0,9.41,15.35,15.0,7.5,17.65,28.77,5.0,2.5,5.88,9.59,12.0,6.0,14.12,23.02,9.0,4.5,10.59,17.26,5.0,2.5,5.88,9.59,15.0,7.5,17.65,28.77,2.0,1.0,2.35,3.84,11.0,5.5,12.94,21.1,2.0,1.0,2.35,3.84,7.0,3.5,8.24,13.43,1.0,0.5,1.18,1.92,3.0,1.5,3.53,5.75,7.0,3.5,8.24,13.43,12.0,6.0,14.12,23.02,47.06,45.88,1.18,108.7,1.0,0.5,1.18,18.77,9.38,0.44,0.5,0.4,0.33,0.75,0.05,0.54,0.31,0.88,0.61,1.18,3.53,0.08,14.12,0.34
3,福爾摩沙夢想家,89|103|107,蔣淯安/忻沃克/霍爾曼,2,81,100.0,1392.35,23.21,23:12,696.17,11.6,11:36,41.0,20.5,41.0,63.6,42.0,21.0,42.0,65.16,37.0,18.5,37.0,57.4,16.0,8.0,16.0,24.82,23.0,11.5,23.0,35.68,13.0,6.5,13.0,20.17,14.0,7.0,14.0,21.72,3.0,1.5,3.0,4.65,8.0,4.0,8.0,12.41,6.0,3.0,6.0,9.31,9.0,4.5,9.0,13.96,11.0,5.5,11.0,17.06,10.0,5.0,10.0,15.51,12.0,6.0,12.0,18.62,7.0,3.5,7.0,10.86,7.0,3.5,7.0,10.86,4.0,2.0,4.0,6.21,1.0,0.5,1.0,1.55,5.0,2.5,5.0,7.76,13.0,6.5,13.0,20.17,41.0,42.0,-1.0,103.42,-1.0,-0.5,-1.0,23.21,11.6,0.47,0.51,0.57,0.21,0.75,0.15,0.44,0.43,0.52,0.48,4.0,1.0,0.05,13.0,0.22
3,福爾摩沙夢想家,89|107|13906,蔣淯安/霍爾曼/班提爾,2,71,86.0,1164.77,19.41,19:25,582.38,9.71,09:42,32.0,16.0,37.21,59.34,26.0,13.0,30.23,48.22,35.0,17.5,40.7,64.91,10.0,5.0,11.63,18.54,19.0,9.5,22.09,35.23,7.0,3.5,8.14,12.98,16.0,8.0,18.6,29.67,3.0,1.5,3.49,5.56,12.0,6.0,13.95,22.25,9.0,4.5,10.47,16.69,8.0,4.0,9.3,14.84,15.0,7.5,17.44,27.82,5.0,2.5,5.81,9.27,16.0,8.0,18.6,29.67,4.0,2.0,4.65,7.42,8.0,4.0,9.3,14.84,1.0,0.5,1.16,1.85,3.0,1.5,3.49,5.56,8.0,4.0,9.3,14.84,8.0,4.0,9.3,14.84,37.21,30.23,6.98,106.32,6.0,3.0,6.98,19.41,9.71,0.33,0.4,0.37,0.19,0.75,0.09,0.8,0.33,0.75,0.52,1.16,3.49,0.09,9.3,0.34
3,福爾摩沙夢想家,103|107|13906,忻沃克/霍爾曼/班提爾,2,67,81.0,1126.96,18.78,18:47,563.48,9.39,09:23,32.0,16.0,39.51,61.33,33.0,16.5,40.74,63.25,33.0,16.5,40.74,63.25,11.0,5.5,13.58,21.08,18.0,9.0,22.22,34.5,8.0,4.0,9.88,15.33,15.0,7.5,18.52,28.75,3.0,1.5,3.7,5.75,10.0,5.0,12.35,19.17,7.0,3.5,8.64,13.42,7.0,3.5,8.64,13.42,14.0,7.0,17.28,26.83,4.0,2.0,4.94,7.67,12.0,6.0,14.81,23.0,4.0,2.0,4.94,7.67,4.0,2.0,4.94,7.67,2.0,1.0,2.47,3.83,1.0,0.5,1.23,1.92,6.0,3.0,7.41,11.5,10.0,5.0,12.35,19.17,39.51,40.74,-1.23,103.5,-1.0,-0.5,-1.23,18.78,9.39,0.38,0.43,0.44,0.2,0.7,0.1,0.36,0.37,0.78,0.57,2.47,1.23,0.07,12.35,0.3
3,新竹御嵿攻城獅,75|76|14843,高國豪/曾柏喻/馬力,2,35,40.0,637.6,10.63,10:38,318.8,5.31,05:19,16.0,8.0,40.0,54.2,19.0,9.5,47.5,64.37,18.0,9.0,45.0,60.98,5.0,2.5,12.5,16.94,8.0,4.0,20.0,27.1,1.0,0.5,2.5,3.39,10.0,5.0,25.0,33.88,4.0,2.0,10.0,13.55,2.0,1.0,5.0,6.78,2.0,1.0,5.0,6.78,3.0,1.5,7.5,10.16,10.0,5.0,25.0,33.88,2.0,1.0,5.0,6.78,8.0,4.0,20.0,27.1,2.0,1.0,5.0,6.78,4.0,2.0,10.0,13.55,1.0,0.5,2.5,3.39,1.0,0.5,2.5,3.39,4.0,2.0,10.0,13.55,2.0,1.0,5.0,6.78,40.0,47.5,-7.5,90.34,-3.0,-1.5,-7.5,10.63,5.31,0.39,0.42,0.12,0.4,1.0,0.1,0.8,0.27,0.83,0.57,2.5,2.5,0.1,5.0,0.11
3,新竹御嵿攻城獅,75|10885|14843,高國豪/劉丞勳/馬力,2,70,84.0,1281.84,21.36,21:22,640.92,10.68,10:41,21.0,10.5,25.0,35.39,34.0,17.0,40.48,57.29,31.0,15.5,36.9,52.24,8.0,4.0,9.52,13.48,12.0,6.0,14.29,20.22,3.0,1.5,3.57,5.06,19.0,9.5,22.62,32.02,5.0,2.5,5.95,8.43,2.0,1.0,2.38,3.37,2.0,1.0,2.38,3.37,6.0,3.0,7.14,10.11,18.0,9.0,21.43,30.33,10.0,5.0,11.9,16.85,15.0,7.5,17.86,25.28,8.0,4.0,9.52,13.48,5.0,2.5,5.95,8.43,2.0,1.0,2.38,3.37,1.0,0.5,1.19,1.69,6.0,3.0,7.14,10.11,6.0,3.0,7.14,10.11,25.0,40.48,-15.48,94.36,-13.0,-6.5,-15.48,21.36,10.68,0.34,0.33,0.25,0.26,1.0,0.2,0.62,0.29,0.64,0.49,2.38,1.19,0.07,7.14,0.06
3,新竹御嵿攻城獅,75|10887|14843,高國豪/德魯/馬力,2,97,119.0,1722.12,28.7,28:42,861.06,14.35,14:21,36.0,18.0,30.25,45.15,52.0,26.0,43.7,65.22,42.0,21.0,35.29,52.68,11.0,5.5,9.24,13.8,22.0,11.0,18.49,27.59,6.0,3.0,5.04,7.53,20.0,10.0,16.81,25.09,5.0,2.5,4.2,6.27,13.0,6.5,10.92,16.31,9.0,4.5,7.56,11.29,9.0,4.5,7.56,11.29,23.0,11.5,19.33,28.85,12.0,6.0,10.08,15.05,19.0,9.5,15.97,23.83,11.0,5.5,9.24,13.8,9.0,4.5,7.56,11.29,7.0,3.5,5.88,8.78,2.0,1.0,1.68,2.51,15.0,7.5,12.61,18.81,7.0,3.5,5.88,8.78,30.25,43.7,-13.45,99.51,-16.0,-8.0,-13.45,28.7,14.35,0.32,0.38,0.27,0.25,0.69,0.19,0.82,0.32,0.66,0.51,5.88,1.68,0.13,5.88,0.31
3,新竹御嵿攻城獅,76|10885|14843,曾柏喻/劉丞勳/馬力,2,60,67.0,977.7,16.3,16:18,488.85,8.15,08:09,27.0,13.5,40.3,59.65,31.0,15.5,46.27,68.49,27.0,13.5,40.3,59.65,8.0,4.0,11.94,17.67,14.0,7.0,20.9,30.93,3.0,1.5,4.48,6.63,13.0,6.5,19.4,28.72,5.0,2.5,7.46,11.05,8.0,4.0,11.94,17.67,6.0,3.0,8.96,13.26,4.0,2.0,5.97,8.84,16.0,8.0,23.88,35.35,4.0,2.0,5.97,8.84,15.0,7.5,22.39,33.14,3.0,1.5,4.48,6.63,7.0,3.5,10.45,15.46,1.0,0.5,1.49,2.21,0.0,0.0,0.0,0.0,7.0,3.5,10.45,15.46,6.0,3.0,8.96,13.26,40.3,46.27,-5.97,98.68,-4.0,-2.0,-5.97,16.3,8.15,0.39,0.44,0.21,0.38,0.75,0.09,0.88,0.21,0.8,0.51,1.49,0.0,0.1,8.96,0.3
3,新竹御嵿攻城獅,76|10887|14843,曾柏喻/德魯/馬力,2,71,82.0,1197.36,19.96,19:57,598.68,9.98,09:59,35.0,17.5,42.68,63.14,41.0,20.5,50.0,73.96,31.0,15.5,37.8,55.92,12.0,6.0,14.63,21.65,14.0,7.0,17.07,25.26,5.0,2.5,6.1,9.02,17.0,8.5,20.73,30.67,7.0,3.5,8.54,12.63,6.0,3.0,7.32,10.82,4.0,2.0,4.88,7.22,3.0,1.5,3.66,5.41,16.0,8.0,19.51,28.86,6.0,3.0,7.32,10.82,15.0,7.5,18.29,27.06,6.0,3.0,7.32,10.82,11.0,5.5,13.41,19.84,2.0,1.0,2.44,3.61,1.0,0.5,1.22,1.8,8.0,4.0,9.76,14.43,8.0,4.0,9.76,14.43,42.68,50.0,-7.32,98.62,-6.0,-3.0,-7.32,19.96,9.98,0.5,0.52,0.36,0.41,0.67,0.15,0.92,0.17,0.73,0.48,2.44,1.22,0.1,9.76,0.19
3,新竹御嵿攻城獅,10885|10887|14843,劉丞勳/德魯/馬力,2,65,79.0,1181.47,19.69,19:41,590.73,9.85,09:51,24.0,12.0,30.38,43.88,30.0,15.0,37.97,54.85,28.0,14.0,35.44,51.19,7.0,3.5,8.86,12.8,11.0,5.5,13.92,20.11,1.0,0.5,1.27,1.83,17.0,8.5,21.52,31.08,6.0,3.0,7.59,10.97,6.0,3.0,7.59,10.97,4.0,2.0,5.06,7.31,6.0,3.0,7.59,10.97,17.0,8.5,21.52,31.08,9.0,4.5,11.39,16.45,15.0,7.5,18.99,27.42,7.0,3.5,8.86,12.8,6.0,3.0,7.59,10.97,2.0,1.0,2.53,3.66,1.0,0.5,1.27,1.83,6.0,3.0,7.59,10.97,6.0,3.0,7.59,10.97,30.38,37.97,-7.59,96.29,-6.0,-3.0,-7.59,19.69,9.85,0.36,0.39,0.09,0.35,0.67,0.19,0.86,0.29,0.65,0.49,2.53,1.27,0.08,7.59,0.21
3,福爾摩沙夢想家,79|89|99,張宗憲/蔣淯安/盧冠良,1,6,7.0,97.93,1.63,01:38,97.93,1.63,01:38,7.0,7.0,100.0,154.4,0.0,0.0,0.0,0.0,4.0,4.0,57.14,88.23,3.0,3.0,42.86,66.17,3.0,3.0,42.86,66.17,2.0,2.0,28.57,44.11,1.0,1.0,14.29,22.06,1.0,1.0,14.29,22.06,0.0,0.0,0.0,0.0,0.0,0.0,0.0,0.0,1.0,1.0,14.29,22.06,0.0,0.0,0.0,0.0,0.0,0.0,0.0,0.0,2.0,2.0,28.57,44.11,0.0,0.0,0.0,0.0,2.0,2.0,28.57,44.11,0.0,0.0,0.0,0.0,1.0,1.0,14.29,22.06,0.0,0.0,0.0,0.0,0.0,0.0,0.0,0.0,100.0,0.0,100.0,102.93,7.0,7.0,100.0,1.63,1.63,0.88,0.88,0.67,1.0,,0.0,0.67,0.33,,0.33,0.0,14.29,0.0,0.0,0.0
3,福爾摩沙夢想家,79|99|107,張宗憲/盧冠良/霍爾曼,1,22,26.0,321.69,5.36,05:22,321.69,5.36,05:22,16.0,16.0,61.54,107.43,7.0,7.0,26.92,47.0,11.0,11.0,42.31,73.86,4.0,4.0,15.38,26.86,6.0,6.0,23.08,40.29,2.0,2.0,7.69,13.43,5.0,5.0,19.23,33.57,2.0,2.0,7.69,13.43,6.0,6.0,23.08,40.29,6.0,6.0,23.08,40.29,3.0,3.0,11.54,20.14,4.0,4.0,15.38,26.86,0.0,0.0,0.0,0.0,5.0,5.0,19.23,33.57,0.0,0.0,0.0,0.0,3.0,3.0,11.54,20.14,0.0,0.0,0.0,0.0,1.0,1.0,3.85,6.71,3.0,3.0,11.54,20.14,4.0,4.0,15.38,26.86,61.54,26.92,34.62,116.38,9.0,9.0,34.62,5.36,5.36,0.45,0.59,0.33,0.4,1.0,0.0,0.75,0.38,1.0,0.58,0.0,3.85,0.12,15.38,0.55
3,福爾摩沙夢想家,79|99|13906,張宗憲/盧冠良/班提爾,2,20,23.0,309.93,5.17,05:10,154.96,2.58,02:35,14.0,7.0,60.87,97.57,9.0,4.5,39.13,62.72,10.0,5.0,43.48,69.69,4.0,2.0,17.39,27.88,5.0,2.5,21.74,34.85,2.0,1.0,8.7,13.94,5.0,2.5,21.74,34.85,2.0,1.0,8.7,13.94,4.0,2.0,17.39,27.88,4.0,2.0,17.39,27.88,2.0,1.0,8.7,13.94,4.0,2.0,17.39,27.88,0.0,0.0,0.0,0.0,4.0,2.0,17.39,27.88,0.0,0.0,0.0,0.0,3.0,1.5,13.04,20.91,0.0,0.0,0.0,0.0,1.0,0.5,4.35,6.97,2.0,1.0,8.7,13.94,2.0,1.0,8.7,13.94,60.87,39.13,21.74,106.86,5.0,2.5,21.74,5.17,2.58,0.5,0.6,0.4,0.4,1.0,0.0,0.75,0.33,1.0,0.6,0.0,4.35,0.09,8.7,0.4
3,福爾摩沙夢想家,89|99|107,蔣淯安/盧冠良/霍爾曼,2,41,53.0,720.63,12.01,12:01,360.31,6.01,06:00,25.0,12.5,47.17,74.93,28.0,14.0,52.83,83.93,21.0,10.5,39.62,62.95,10.0,5.0,18.87,29.97,12.0,6.0,22.64,35.97,7.0,3.5,13.21,20.98,9.0,4.5,16.98,26.98,3.0,1.5,5.66,8.99,2.0,1.0,3.77,5.99,2.0,1.0,3.77,5.99,4.0,2.0,7.55,11.99,7.0,3.5,13.21,20.98,7.0,3.5,13.21,20.98,7.0,3.5,13.21,20.98,2.0,1.0,3.77,5.99,5.0,2.5,9.43,14.99,2.0,1.0,3.77,5.99,1.0,0.5,1.89,3.0,3.0,1.5,5.66,8.99,7.0,3.5,13.21,20.98,47.17,52.83,-5.66,105.91,-3.0,-1.5,-5.66,12.01,6.01,0.55,0.57,0.58,0.33,1.0,0.08,0.5,0.36,0.5,0.44,3.77,1.89,0.06,13.21,0.1
3,福爾摩沙夢想家,89|99|13906,蔣淯安/盧冠良/班提爾,2,23,28.0,416.48,6.94,06:56,208.24,3.47,03:28,16.0,8.0,57.14,82.98,11.0,5.5,39.29,57.05,13.0,6.5,46.43,67.42,6.0,3.0,21.43,31.12,7.0,3.5,25.0,36.3,4.0,2.0,14.29,20.75,6.0,3.0,21.43,31.12,2.0,1.0,7.14,10.37,2.0,1.0,7.14,10.37,2.0,1.0,7.14,10.37,2.0,1.0,7.14,10.37,5.0,2.5,17.86,25.93,2.0,1.0,7.14,10.37,8.0,4.0,28.57,41.49,0.0,0.0,0.0,0.0,3.0,1.5,10.71,15.56,0.0,0.0,0.0,0.0,1.0,0.5,3.57,5.19,3.0,1.5,10.71,15.56,1.0,0.5,3.57,5.19,57.14,39.29,17.86,96.81,5.0,2.5,17.86,6.94,3.47,0.54,0.58,0.57,0.33,1.0,0.0,0.5,0.2,0.71,0.41,0.0,3.57,0.11,3.57,0.15
3,福爾摩沙夢想家,99|107|13906,盧冠良/霍爾曼/班提爾,2,39,48.0,648.35,10.81,10:48,324.17,5.4,05:24,24.0,12.0,50.0,79.96,21.0,10.5,43.75,69.96,19.0,9.5,39.58,63.3,7.0,3.5,14.58,23.32,10.0,5.0,20.83,33.32,4.0,2.0,8.33,13.33,9.0,4.5,18.75,29.98,3.0,1.5,6.25,9.99,7.0,3.5,14.58,23.32,7.0,3.5,14.58,23.32,4.0,2.0,8.33,13.33,8.0,4.0,16.67,26.65,3.0,1.5,6.25,9.99,8.0,4.0,16.67,26.65,1.0,0.5,2.08,3.33,4.0,2.0,8.33,13.33,1.0,0.5,2.08,3.33,1.0,0.5,2.08,3.33,5.0,2.5,10.42,16.66,5.0,2.5,10.42,16.66,50.0,43.75,6.25,106.61,3.0,1.5,6.25,10.81,5.4,0.45,0.54,0.4,0.33,1.0,0.04,0.57,0.33,0.73,0.52,2.08,2.08,0.1,10.42,0.37
3,福爾摩沙夢想家,73|86|99,陳振傑/林俊吉/盧冠良,1,12,13.0,220.9,3.68,03:41,220.9,3.68,03:41,8.0,8.0,61.54,78.23,7.0,7.0,53.85,68.45,6.0,6.0,46.15,58.67,3.0,3.0,23.08,29.33,3.0,3.0,23.08,29.33,2.0,2.0,15.38,19.56,3.0,3.0,23.08,29.33,1.0,1.0,7.69,9.78,1.0,1.0,7.69,9.78,1.0,1.0,7.69,9.78,1.0,1.0,7.69,9.78,2.0,2.0,15.38,19.56,0.0,0.0,0.0,0.0,3.0,3.0,23.08,29.33,1.0,1.0,7.69,9.78,1.0,1.0,7.69,9.78,0.0,0.0,0.0,0.0,0.0,0.0,0.0,0.0,1.0,1.0,7.69,9.78,0.0,0.0,0.0,0.0,61.54,53.85,7.69,84.74,1.0,1.0,7.69,3.68,3.68,0.58,0.62,0.67,0.33,1.0,0.13,0.33,0.25,1.0,0.5,0.0,0.0,0.08,0.0,0.17
3,福爾摩沙夢想家,73|86|106,陳振傑/林俊吉/高柏鎧,1,12,13.0,220.9,3.68,03:41,220.9,3.68,03:41,8.0,8.0,61.54,78.23,7.0,7.0,53.85,68.45,6.0,6.0,46.15,58.67,3.0,3.0,23.08,29.33,3.0,3.0,23.08,29.33,2.0,2.0,15.38,19.56,3.0,3.0,23.08,29.33,1.0,1.0,7.69,9.78,1.0,1.0,7.69,9.78,1.0,1.0,7.69,9.78,1.0,1.0,7.69,9.78,2.0,2.0,15.38,19.56,0.0,0.0,0.0,0.0,3.0,3.0,23.08,29.33,1.0,1.0,7.69,9.78,1.0,1.0,7.69,9.78,0.0,0.0,0.0,0.0,0.0,0.0,0.0,0.0,1.0,1.0,7.69,9.78,0.0,0.0,0.0,0.0,61.54,53.85,7.69,84.74,1.0,1.0,7.69,3.68,3.68,0.58,0.62,0.67,0.33,1.0,0.13,0.33,0.25,1.0,0.5,0.0,0.0,0.08,0.0,0.17
3,福爾摩沙夢想家,73|86|107,陳振傑/林俊吉/霍爾曼,1,12,13.0,220.9,3.68,03:41,220.9,3.68,03:41,8.0,8.0,61.54,78.23,7.0,7.0,53.85,68.45,6.0,6.0,46.15,58.67,3.0,3.0,23.08,29.33,3.0,3.0,23.08,29.33,2.0,2.0,15.38,19.56,3.0,3.0,23.08,29.33,1.0,1.0,7.69,9.78,1.0,1.0,7.69,9.78,1.0,1.0,7.69,9.78,1.0,1.0,7.69,9.78,2.0,2.0,15.38,19.56,0.0,0.0,0.0,0.0,3.0,3.0,23.08,29.33,1.0,1.0,7.69,9.78,1.0,1.0,7.69,9.78,0.0,0.0,0.0,0.0,0.0,0.0,0.0,0.0,1.0,1.0,7.69,9.78,0.0,0.0,0.0,0.0,61.54,53.85,7.69,84.74,1.0,1.0,7.69,3.68,3.68,0.58,0.62,0.67,0.33,1.0,0.13,0.33,0.25,1.0,0.5,0.0,0.0,0.08,0.0,0.17
3,福爾摩沙夢想家,73|99|106,陳振傑/盧冠良/高柏鎧,1,12,13.0,220.9,3.68,03:41,220.9,3.68,03:41,8.0,8.0,61.54,78.23,7.0,7.0,53.85,68.45,6.0,6.0,46.15,58.67,3.0,3.0,23.08,29.33,3.0,3.0,23.08,29.33,2.0,2.0,15.38,19.56,3.0,3.0,23.08,29.33,1.0,1.0,7.69,9.78,1.0,1.0,7.69,9.78,1.0,1.0,7.69,9.78,1.0,1.0,7.69,9.78,2.0,2.0,15.38,19.56,0.0,0.0,0.0,0.0,3.0,3.0,23.08,29.33,1.0,1.0,7.69,9.78,1.0,1.0,7.69,9.78,0.0,0.0,0.0,0.0,0.0,0.0,0.0,0.0,1.0,1.0,7.69,9.78,0.0,0.0,0.0,0.0,61.54,53.85,7.69,84.74,1.0,1.0,7.69,3.68,3.68,0.58,0.62,0.67,0.33,1.0,0.13,0.33,0.25,1.0,0.5,0.0,0.0,0.08,0.0,0.17
3,福爾摩沙夢想家,73|99|107,陳振傑/盧冠良/霍爾曼,1,12,13.0,220.9,3.68,03:41,220.9,3.68,03:41,8.0,8.0,61.54,78.23,7.0,7.0,53.85,68.45,6.0,6.0,46.15,58.67,3.0,3.0,23.08,29.33,3.0,3.0,23.08,29.33,2.0,2.0,15.38,19.56,3.0,3.0,23.08,29.33,1.0,1.0,7.69,9.78,1.0,1.0,7.69,9.78,1.0,1.0,7.69,9.78,1.0,1.0,7.69,9.78,2.0,2.0,15.38,19.56,0.0,0.0,0.0,0.0,3.0,3.0,23.08,29.33,1.0,1.0,7.69,9.78,1.0,1.0,7.69,9.78,0.0,0.0,0.0,0.0,0.0,0.0,0.0,0.0,1.0,1.0,7.69,9.78,0.0,0.0,0.0,0.0,61.54,53.85,7.69,84.74,1.0,1.0,7.69,3.68,3.68,0.58,0.62,0.67,0.33,1.0,0.13,0.33,0.25,1.0,0.5,0.0,0.0,0.08,0.0,0.17
3,福爾摩沙夢想家,73|106|107,陳振傑/高柏鎧/霍爾曼,1,12,13.0,220.9,3.68,03:41,220.9,3.68,03:41,8.0,8.0,61.54,78.23,7.0,7.0,53.85,68.45,6.0,6.0,46.15,58.67,3.0,3.0,23.08,29.33,3.0,3.0,23.08,29.33,2.0,2.0,15.38,19.56,3.0,3.0,23.08,29.33,1.0,1.0,7.69,9.78,1.0,1.0,7.69,9.78,1.0,1.0,7.69,9.78,1.0,1.0,7.69,9.78,2.0,2.0,15.38,19.56,0.0,0.0,0.0,0.0,3.0,3.0,23.08,29.33,1.0,1.0,7.69,9.78,1.0,1.0,7.69,9.78,0.0,0.0,0.0,0.0,0.0,0.0,0.0,0.0,1.0,1.0,7.69,9.78,0.0,0.0,0.0,0.0,61.54,53.85,7.69,84.74,1.0,1.0,7.69,3.68,3.68,0.58,0.62,0.67,0.33,1.0,0.13,0.33,0.25,1.0,0.5,0.0,0.0,0.08,0.0,0.17
3,福爾摩沙夢想家,86|99|106,林俊吉/盧冠良/高柏鎧,1,26,28.0,456.03,7.6,07:36,456.03,7.6,07:36,15.0,15.0,53.57,71.05,14.0,14.0,50.0,66.31,13.0,13.0,46.43,61.58,5.0,5.0,17.86,23.68,6.0,6.0,21.43,28.42,3.0,3.0,10.71,14.21,7.0,7.0,25.0,33.16,2.0,2.0,7.14,9.47,3.0,3.0,10.71,14.21,3.0,3.0,10.71,14.21,2.0,2.0,7.14,9.47,6.0,6.0,21.43,28.42,0.0,0.0,0.0,0.0,6.0,6.0,21.43,28.42,1.0,1.0,3.57,4.74,3.0,3.0,10.71,14.21,0.0,0.0,0.0,0.0,0.0,0.0,0.0,0.0,2.0,2.0,7.14,9.47,4.0,4.0,14.29,18.95,53.57,50.0,3.57,88.42,1.0,1.0,3.57,7.6,7.6,0.46,0.52,0.5,0.29,1.0,0.07,0.6,0.25,1.0,0.57,0.0,0.0,0.07,14.29,0.23
3,福爾摩沙夢想家,86|99|107,林俊吉/盧冠良/霍爾曼,2,54,62.0,905.45,15.09,15:05,452.73,7.55,07:33,27.0,13.5,43.55,64.41,31.0,15.5,50.0,73.95,26.0,13.0,41.94,62.02,8.0,4.0,12.9,19.08,14.0,7.0,22.58,33.4,5.0,2.5,8.06,11.93,12.0,6.0,19.35,28.63,3.0,1.5,4.84,7.16,8.0,4.0,12.9,19.08,8.0,4.0,12.9,19.08,7.0,3.5,11.29,16.7,12.0,6.0,19.35,28.63,1.0,0.5,1.61,2.39,9.0,4.5,14.52,21.47,4.0,2.0,6.45,9.54,4.0,2.0,6.45,9.54,3.0,1.5,4.84,7.16,0.0,0.0,0.0,0.0,5.0,2.5,8.06,11.93,8.0,4.0,12.9,19.08,43.55,50.0,-6.45,98.6,-4.0,-2.0,-6.45,15.09,7.55,0.37,0.46,0.36,0.25,1.0,0.12,0.5,0.44,0.92,0.66,4.84,0.0,0.08,12.9,0.31
3,福爾摩沙夢想家,86|106|107,林俊吉/高柏鎧/霍爾曼,1,26,28.0,456.03,7.6,07:36,456.03,7.6,07:36,15.0,15.0,53.57,71.05,14.0,14.0,50.0,66.31,13.0,13.0,46.43,61.58,5.0,5.0,17.86,23.68,6.0,6.0,21.43,28.42,3.0,3.0,10.71,14.21,7.0,7.0,25.0,33.16,2.0,2.0,7.14,9.47,3.0,3.0,10.71,14.21,3.0,3.0,10.71,14.21,2.0,2.0,7.14,9.47,6.0,6.0,21.43,28.42,0.0,0.0,0.0,0.0,6.0,6.0,21.43,28.42,1.0,1.0,3.57,4.74,3.0,3.0,10.71,14.21,0.0,0.0,0.0,0.0,0.0,0.0,0.0,0.0,2.0,2.0,7.14,9.47,4.0,4.0,14.29,18.95,53.57,50.0,3.57,88.42,1.0,1.0,3.57,7.6,7.6,0.46,0.52,0.5,0.29,1.0,0.07,0.6,0.25,1.0,0.57,0.0,0.0,0.07,14.29,0.23
3,福爾摩沙夢想家,99|106|107,盧冠良/高柏鎧/霍爾曼,1,31,36.0,572.53,9.54,09:33,572.53,9.54,09:33,17.0,17.0,47.22,64.14,18.0,18.0,50.0,67.91,17.0,17.0,47.22,64.14,6.0,6.0,16.67,22.64,9.0,9.0,25.0,33.95,4.0,4.0,11.11,15.09,8.0,8.0,22.22,30.18,2.0,2.0,5.56,7.55,3.0,3.0,8.33,11.32,3.0,3.0,8.33,11.32,4.0,4.0,11.11,15.09,7.0,7.0,19.44,26.41,2.0,2.0,5.56,7.55,6.0,6.0,16.67,22.64,1.0,1.0,2.78,3.77,3.0,3.0,8.33,11.32,0.0,0.0,0.0,0.0,0.0,0.0,0.0,0.0,2.0,2.0,5.56,7.55,4.0,4.0,11.11,15.09,47.22,50.0,-2.78,90.54,-1.0,-1.0,-2.78,9.54,9.54,0.41,0.46,0.44,0.25,1.0,0.05,0.5,0.4,0.78,0.58,0.0,0.0,0.06,11.11,0.18
3,新竹御嵿攻城獅,76|87|88,曾柏喻/蔡宸綱/盧冠軒,2,57,66.0,854.32,14.24,14:14,427.16,7.12,07:07,27.0,13.5,40.91,68.26,28.0,14.0,42.42,70.79,23.0,11.5,34.85,58.15,11.0,5.5,16.67,27.81,15.0,7.5,22.73,37.92,8.0,4.0,12.12,20.23,8.0,4.0,12.12,20.23,3.0,1.5,4.55,7.58,2.0,1.0,3.03,5.06,2.0,1.0,3.03,5.06,2.0,1.0,3.03,5.06,8.0,4.0,12.12,20.23,2.0,1.0,3.03,5.06,10.0,5.0,15.15,25.28,8.0,4.0,12.12,20.23,8.0,4.0,12.12,20.23,3.0,1.5,4.55,7.58,2.0,1.0,3.03,5.06,6.0,3.0,9.09,15.17,8.0,4.0,12.12,20.23,40.91,42.42,-1.52,111.25,-1.0,-0.5,-1.52,14.24,7.12,0.54,0.57,0.53,0.38,1.0,0.25,0.73,0.17,0.8,0.45,4.55,3.03,0.09,12.12,0.09
3,新竹御嵿攻城獅,76|87|10887,曾柏喻/蔡宸綱/德魯,2,30,34.0,457.03,7.62,07:37,228.52,3.81,03:49,14.0,7.0,41.18,66.17,19.0,9.5,55.88,89.8,12.0,6.0,35.29,56.71,6.0,3.0,17.65,28.36,6.0,3.0,17.65,28.36,4.0,2.0,11.76,18.9,6.0,3.0,17.65,28.36,2.0,1.0,5.88,9.45,0.0,0.0,0.0,0.0,0.0,0.0,0.0,0.0,0.0,0.0,0.0,0.0,4.0,2.0,11.76,18.9,2.0,1.0,5.88,9.45,5.0,2.5,14.71,23.63,4.0,2.0,11.76,18.9,5.0,2.5,14.71,23.63,1.0,0.5,2.94,4.73,1.0,0.5,2.94,4.73,3.0,1.5,8.82,14.18,6.0,3.0,17.65,28.36,41.18,55.88,-14.71,107.13,-5.0,-2.5,-14.71,7.62,3.81,0.58,0.58,0.67,0.33,,0.25,0.83,0.0,0.67,0.36,2.94,2.94,0.09,17.65,0.0
3,新竹御嵿攻城獅,76|87|14843,曾柏喻/蔡宸綱/馬力,2,56,65.0,834.32,13.91,13:54,417.16,6.95,06:57,27.0,13.5,41.54,69.9,26.0,13.0,40.0,67.31,23.0,11.5,35.38,59.55,11.0,5.5,16.92,28.48,16.0,8.0,24.62,41.42,8.0,4.0,12.31,20.71,7.0,3.5,10.77,18.12,3.0,1.5,4.62,7.77,2.0,1.0,3.08,5.18,2.0,1.0,3.08,5.18,2.0,1.0,3.08,5.18,9.0,4.5,13.85,23.3,2.0,1.0,3.08,5.18,11.0,5.5,16.92,28.48,7.0,3.5,10.77,18.12,8.0,4.0,12.31,20.71,3.0,1.5,4.62,7.77,3.0,1.5,4.62,7.77,6.0,3.0,9.23,15.53,6.0,3.0,9.23,15.53,41.54,40.0,1.54,112.19,1.0,0.5,1.54,13.91,6.95,0.54,0.57,0.5,0.43,1.0,0.23,0.73,0.15,0.82,0.46,4.62,4.62,0.09,9.23,0.09
3,新竹御嵿攻城獅,76|88|10887,曾柏喻/盧冠軒/德魯,2,65,74.0,1062.76,17.71,17:43,531.38,8.86,08:51,34.0,17.0,45.95,69.1,40.0,20.0,54.05,81.3,24.0,12.0,32.43,48.78,10.0,5.0,13.51,20.32,9.0,4.5,12.16,18.29,4.0,2.0,5.41,8.13,15.0,7.5,20.27,30.49,6.0,3.0,8.11,12.19,8.0,4.0,10.81,16.26,6.0,3.0,8.11,12.19,2.0,1.0,2.7,4.06,11.0,5.5,14.86,22.36,5.0,2.5,6.76,10.16,11.0,5.5,14.86,22.36,7.0,3.5,9.46,14.23,10.0,5.0,13.51,20.32,2.0,1.0,2.7,4.06,2.0,1.0,2.7,4.06,9.0,4.5,12.16,18.29,12.0,6.0,16.22,24.39,45.95,54.05,-8.11,100.27,-6.0,-3.0,-8.11,17.71,8.86,0.54,0.62,0.44,0.4,0.75,0.2,1.0,0.15,0.69,0.45,2.7,2.7,0.12,16.22,0.33
3,新竹御嵿攻城獅,76|88|14843,曾柏喻/盧冠軒/馬力,2,81,92.0,1174.42,19.57,19:34,587.21,9.79,09:47,38.0,19.0,41.3,69.89,38.0,19.0,41.3,69.89,32.0,16.0,34.78,58.85,14.0,7.0,15.22,25.75,22.0,11.0,23.91,40.46,10.0,5.0,10.87,18.39,10.0,5.0,10.87,18.39,4.0,2.0,4.35,7.36,8.0,4.0,8.7,14.71,6.0,3.0,6.52,11.04,3.0,1.5,3.26,5.52,15.0,7.5,16.3,27.59,4.0,2.0,4.35,7.36,18.0,9.0,19.57,33.11,8.0,4.0,8.7,14.71,11.0,5.5,11.96,20.23,3.0,1.5,3.26,5.52,2.0,1.0,2.17,3.68,9.0,4.5,9.78,16.55,10.0,5.0,10.87,18.39,41.3,41.3,0.0,112.8,0.0,0.0,0.0,19.57,9.79,0.5,0.53,0.45,0.4,0.75,0.18,0.79,0.14,0.79,0.45,3.26,2.17,0.1,10.87,0.25
3,新竹御嵿攻城獅,87|88|10887,蔡宸綱/盧冠軒/德魯,2,70,82.0,1119.49,18.66,18:39,559.74,9.33,09:20,31.0,15.5,37.8,59.81,40.0,20.0,48.78,77.18,28.0,14.0,34.15,54.02,11.0,5.5,13.41,21.22,17.0,8.5,20.73,32.8,9.0,4.5,10.98,17.37,11.0,5.5,13.41,21.22,2.0,1.0,2.44,3.86,11.0,5.5,13.41,21.22,7.0,3.5,8.54,13.51,3.0,1.5,3.66,5.79,12.0,6.0,14.63,23.15,4.0,2.0,4.88,7.72,13.0,6.5,15.85,25.08,8.0,4.0,9.76,15.44,10.0,5.0,12.2,19.29,5.0,2.5,6.1,9.65,2.0,1.0,2.44,3.86,13.0,6.5,15.85,25.08,9.0,4.5,10.98,17.37,37.8,48.78,-10.98,105.48,-9.0,-4.5,-10.98,18.66,9.33,0.43,0.47,0.53,0.18,0.64,0.2,0.91,0.19,0.75,0.47,6.1,2.44,0.16,10.98,0.39
3,新竹御嵿攻城獅,87|88|14843,蔡宸綱/盧冠軒/馬力,2,122,145.0,2008.1,33.47,33:28,1004.05,16.73,16:44,65.0,32.5,44.83,69.92,63.0,31.5,43.45,67.77,53.0,26.5,36.55,57.01,25.0,12.5,17.24,26.89,34.0,17.0,23.45,36.57,20.0,10.0,13.79,21.51,19.0,9.5,13.1,20.44,5.0,2.5,3.45,5.38,15.0,7.5,10.34,16.13,10.0,5.0,6.9,10.76,9.0,4.5,6.21,9.68,18.0,9.0,12.41,19.36,6.0,3.0,4.14,6.45,22.0,11.0,15.17,23.66,12.0,6.0,8.28,12.91,19.0,9.5,13.1,20.44,8.0,4.0,5.52,8.61,3.0,1.5,2.07,3.23,17.0,8.5,11.72,18.29,11.0,5.5,7.59,11.83,44.83,43.45,1.38,103.98,2.0,1.0,1.38,33.47,16.73,0.52,0.55,0.59,0.26,0.67,0.17,0.76,0.29,0.75,0.49,5.52,2.07,0.12,7.59,0.28
3,新竹御嵿攻城獅,87|10887|14843,蔡宸綱/德魯/馬力,2,88,107.0,1452.63,24.21,24:13,726.31,12.11,12:06,34.0,17.0,31.78,50.56,44.0,22.0,41.12,65.43,35.0,17.5,32.71,52.04,12.0,6.0,11.21,17.84,20.0,10.0,18.69,29.74,9.0,4.5,8.41,13.38,15.0,7.5,14.02,22.3,3.0,1.5,2.8,4.46,11.0,5.5,10.28,16.36,7.0,3.5,6.54,10.41,6.0,3.0,5.61,8.92,17.0,8.5,15.89,25.28,9.0,4.5,8.41,13.38,18.0,9.0,16.82,26.77,11.0,5.5,10.28,16.36,10.0,5.0,9.35,14.87,6.0,3.0,5.61,8.92,3.0,1.5,2.8,4.46,14.0,7.0,13.08,20.82,9.0,4.5,8.41,13.38,31.78,41.12,-9.35,106.07,-10.0,-5.0,-9.35,24.21,12.11,0.39,0.43,0.45,0.2,0.64,0.22,0.83,0.25,0.65,0.46,5.61,2.8,0.13,8.41,0.31
3,新竹御嵿攻城獅,88|10887|14843,盧冠軒/德魯/馬力,2,86,104.0,1460.28,24.34,24:20,730.14,12.17,12:10,38.0,19.0,36.54,56.21,49.0,24.5,47.12,72.48,35.0,17.5,33.65,51.77,13.0,6.5,12.5,19.23,21.0,10.5,20.19,31.06,10.0,5.0,9.62,14.79,14.0,7.0,13.46,20.71,3.0,1.5,2.88,4.44,15.0,7.5,14.42,22.19,9.0,4.5,8.65,13.31,5.0,2.5,4.81,7.4,17.0,8.5,16.35,25.15,9.0,4.5,8.65,13.31,17.0,8.5,16.35,25.15,9.0,4.5,8.65,13.31,12.0,6.0,11.54,17.75,6.0,3.0,5.77,8.88,2.0,1.0,1.92,2.96,16.0,8.0,15.38,23.67,9.0,4.5,8.65,13.31,36.54,47.12,-10.58,102.56,-11.0,-5.5,-10.58,24.34,12.17,0.41,0.46,0.48,0.21,0.6,0.18,0.92,0.23,0.65,0.46,5.77,1.92,0.15,8.65,0.43
3,新竹御嵿攻城獅,75|87|88,高國豪/蔡宸綱/盧冠軒,2,68,82.0,1207.78,20.13,20:08,603.89,10.06,10:04,38.0,19.0,46.34,67.96,37.0,18.5,45.12,66.17,31.0,15.5,37.8,55.44,14.0,7.0,17.07,25.04,19.0,9.5,23.17,33.98,12.0,6.0,14.63,21.46,12.0,6.0,14.63,21.46,2.0,1.0,2.44,3.58,13.0,6.5,15.85,23.25,8.0,4.0,9.76,14.31,7.0,3.5,8.54,12.52,10.0,5.0,12.2,17.88,4.0,2.0,4.88,7.15,12.0,6.0,14.63,21.46,5.0,2.5,6.1,8.94,11.0,5.5,13.41,19.67,5.0,2.5,6.1,8.94,1.0,0.5,1.22,1.79,11.0,5.5,13.41,19.67,5.0,2.5,6.1,8.94,46.34,45.12,1.22,97.77,1.0,0.5,1.22,20.13,10.06,0.48,0.52,0.63,0.17,0.62,0.12,0.79,0.37,0.71,0.52,6.1,1.22,0.13,6.1,0.42
3,新竹御嵿攻城獅,75|87|10887,高國豪/蔡宸綱/德魯,2,60,75.0,1041.46,17.36,17:21,520.73,8.68,08:41,20.0,10.0,26.67,41.48,27.0,13.5,36.0,56.0,24.0,12.0,32.0,49.78,6.0,3.0,8.0,12.44,14.0,7.0,18.67,29.04,5.0,2.5,6.67,10.37,10.0,5.0,13.33,20.74,1.0,0.5,1.33,2.07,11.0,5.5,14.67,22.81,7.0,3.5,9.33,14.52,6.0,3.0,8.0,12.44,13.0,6.5,17.33,26.96,7.0,3.5,9.33,14.52,12.0,6.0,16.0,24.89,8.0,4.0,10.67,16.59,5.0,2.5,6.67,10.37,5.0,2.5,6.67,10.37,2.0,1.0,2.67,4.15,11.0,5.5,14.67,22.81,5.0,2.5,6.67,10.37,26.67,36.0,-9.33,103.7,-7.0,-3.5,-9.33,17.36,8.68,0.27,0.35,0.36,0.1,0.64,0.22,0.83,0.33,0.65,0.5,6.67,2.67,0.15,6.67,0.46
3,新竹御嵿攻城獅,75|87|14843,高國豪/蔡宸綱/馬力,2,90,111.0,1620.78,27.01,27:01,810.39,13.51,13:30,41.0,20.5,36.94,54.64,43.0,21.5,38.74,57.31,40.0,20.0,36.04,53.31,15.0,7.5,13.51,19.99,23.0,11.5,20.72,30.65,12.0,6.0,10.81,15.99,17.0,8.5,15.32,22.66,3.0,1.5,2.7,4.0,13.0,6.5,11.71,17.33,8.0,4.0,7.21,10.66,10.0,5.0,9.01,13.33,16.0,8.0,14.41,21.32,9.0,4.5,8.11,11.99,17.0,8.5,15.32,22.66,9.0,4.5,8.11,11.99,11.0,5.5,9.91,14.66,6.0,3.0,5.41,8.0,3.0,1.5,2.7,4.0,12.0,6.0,10.81,15.99,7.0,3.5,6.31,9.33,36.94,38.74,-1.8,98.62,-2.0,-1.0,-1.8,27.01,13.51,0.41,0.45,0.52,0.18,0.62,0.16,0.73,0.37,0.64,0.5,5.41,2.7,0.11,6.31,0.32
3,新竹御嵿攻城獅,75|88|10887,高國豪/盧冠軒/德魯,2,44,54.0,739.52,12.33,12:20,369.76,6.16,06:10,17.0,8.5,31.48,49.65,27.0,13.5,50.0,78.86,17.0,8.5,31.48,49.65,5.0,2.5,9.26,14.6,12.0,6.0,22.22,35.05,5.0,2.5,9.26,14.6,5.0,2.5,9.26,14.6,0.0,0.0,0.0,0.0,11.0,5.5,20.37,32.13,7.0,3.5,12.96,20.45,3.0,1.5,5.56,8.76,9.0,4.5,16.67,26.29,5.0,2.5,9.26,14.6,8.0,4.0,14.81,23.37,5.0,2.5,9.26,14.6,5.0,2.5,9.26,14.6,5.0,2.5,9.26,14.6,1.0,0.5,1.85,2.92,10.0,5.0,18.52,29.21,3.0,1.5,5.56,8.76,31.48,50.0,-18.52,105.15,-10.0,-5.0,-18.52,12.33,6.16,0.29,0.39,0.42,0.0,0.64,0.19,1.0,0.27,0.64,0.48,9.26,1.85,0.19,5.56,0.65
3,新竹御嵿攻城獅,75|88|14843,高國豪/盧冠軒/馬力,2,89,107.0,1584.08,26.4,26:24,792.04,13.2,13:12,40.0,20.0,37.38,54.54,52.0,26.0,48.6,70.91,38.0,19.0,35.51,51.82,16.0,8.0,14.95,21.82,22.0,11.0,20.56,30.0,14.0,7.0,13.08,19.09,16.0,8.0,14.95,21.82,2.0,1.0,1.87,2.73,13.0,6.5,12.15,17.73,8.0,4.0,7.48,10.91,7.0,3.5,6.54,9.54,15.0,7.5,14.02,20.45,10.0,5.0,9.35,13.64,16.0,8.0,14.95,21.82,8.0,4.0,7.48,10.91,12.0,6.0,11.21,16.36,6.0,3.0,5.61,8.18,1.0,0.5,0.93,1.36,12.0,6.0,11.21,16.36,7.0,3.5,6.54,9.54,37.38,48.6,-11.21,97.27,-12.0,-6.0,-11.21,26.4,13.2,0.45,0.46,0.64,0.12,0.62,0.15,0.75,0.3,0.6,0.46,5.61,0.93,0.11,6.54,0.34
3,福爾摩沙夢想家,86|99|103,林俊吉/盧冠良/忻沃克,2,5,6.0,99.37,1.66,01:39,49.68,0.83,00:50,5.0,2.5,83.33,108.69,1.0,0.5,16.67,21.74,4.0,2.0,66.67,86.95,2.0,1.0,33.33,43.48,3.0,1.5,50.0,65.21,1.0,0.5,16.67,21.74,1.0,0.5,16.67,21.74,1.0,0.5,16.67,21.74,0.0,0.0,0.0,0.0,0.0,0.0,0.0,0.0,2.0,1.0,33.33,43.48,1.0,0.5,16.67,21.74,0.0,0.0,0.0,0.0,1.0,0.5,16.67,21.74,0.0,0.0,0.0,0.0,1.0,0.5,16.67,21.74,0.0,0.0,0.0,0.0,0.0,0.0,0.0,0.0,0.0,0.0,0.0,0.0,2.0,1.0,33.33,43.48,83.33,16.67,66.67,86.95,4.0,2.0,66.67,1.66,0.83,0.62,0.62,0.33,1.0,,0.0,0.5,0.67,1.0,0.75,0.0,0.0,0.0,33.33,0.0
3,福爾摩沙夢想家,86|103|106,林俊吉/忻沃克/高柏鎧,1,14,14.0,184.79,3.08,03:05,184.79,3.08,03:05,9.0,9.0,64.29,105.2,3.0,3.0,21.43,35.07,6.0,6.0,42.86,70.13,4.0,4.0,28.57,46.75,5.0,5.0,35.71,58.44,3.0,3.0,21.43,35.07,1.0,1.0,7.14,11.69,1.0,1.0,7.14,11.69,1.0,1.0,7.14,11.69,0.0,0.0,0.0,0.0,0.0,0.0,0.0,0.0,3.0,3.0,21.43,35.07,1.0,1.0,7.14,11.69,2.0,2.0,14.29,23.38,0.0,0.0,0.0,0.0,3.0,3.0,21.43,35.07,0.0,0.0,0.0,0.0,1.0,1.0,7.14,11.69,2.0,2.0,14.29,23.38,4.0,4.0,28.57,46.75,64.29,21.43,42.86,109.09,6.0,6.0,42.86,3.08,3.08,0.75,0.7,0.6,1.0,0.0,0.0,0.75,0.0,0.75,0.5,0.0,7.14,0.14,28.57,0.17
3,福爾摩沙夢想家,86|103|107,林俊吉/忻沃克/霍爾曼,2,35,41.0,606.63,10.11,10:07,303.31,5.06,05:03,22.0,11.0,53.66,78.33,23.0,11.5,56.1,81.9,20.0,10.0,48.78,71.21,9.0,4.5,21.95,32.05,11.0,5.5,26.83,39.17,6.0,3.0,14.63,21.36,9.0,4.5,21.95,32.05,3.0,1.5,7.32,10.68,2.0,1.0,4.88,7.12,1.0,0.5,2.44,3.56,3.0,1.5,7.32,10.68,9.0,4.5,21.95,32.05,1.0,0.5,2.44,3.56,4.0,2.0,9.76,14.24,1.0,0.5,2.44,3.56,2.0,1.0,4.88,7.12,1.0,0.5,2.44,3.56,0.0,0.0,0.0,0.0,2.0,1.0,4.88,7.12,6.0,3.0,14.63,21.36,53.66,56.1,-2.44,97.33,-1.0,-0.5,-2.44,10.11,5.06,0.52,0.53,0.55,0.33,0.5,0.05,0.22,0.43,0.9,0.71,2.44,0.0,0.05,14.63,0.1
3,福爾摩沙夢想家,99|103|106,盧冠良/忻沃克/高柏鎧,1,7,10.0,169.42,2.82,02:49,169.42,2.82,02:49,5.0,5.0,50.0,63.75,5.0,5.0,50.0,63.75,5.0,5.0,50.0,63.75,2.0,2.0,20.0,25.5,3.0,3.0,30.0,38.25,1.0,1.0,10.0,12.75,2.0,2.0,20.0,25.5,1.0,1.0,10.0,12.75,0.0,0.0,0.0,0.0,0.0,0.0,0.0,0.0,2.0,2.0,20.0,25.5,1.0,1.0,10.0,12.75,2.0,2.0,20.0,25.5,1.0,1.0,10.0,12.75,0.0,0.0,0.0,0.0,1.0,1.0,10.0,12.75,0.0,0.0,0.0,0.0,0.0,0.0,0.0,0.0,1.0,1.0,10.0,12.75,2.0,2.0,20.0,25.5,50.0,50.0,0.0,84.99,0.0,0.0,0.0,2.82,2.82,0.5,0.5,0.33,0.5,,0.0,0.5,0.67,0.33,0.5,0.0,0.0,0.1,20.0,0.0
3,福爾摩沙夢想家,99|103|107,盧冠良/忻沃克/霍爾曼,2,22,30.0,451.01,7.52,07:31,225.5,3.76,03:46,16.0,8.0,53.33,76.63,19.0,9.5,63.33,91.0,13.0,6.5,43.33,62.26,7.0,3.5,23.33,33.52,9.0,4.5,30.0,43.1,5.0,2.5,16.67,23.95,4.0,2.0,13.33,19.16,2.0,1.0,6.67,9.58,0.0,0.0,0.0,0.0,0.0,0.0,0.0,0.0,4.0,2.0,13.33,19.16,3.0,1.5,10.0,14.37,4.0,2.0,13.33,19.16,2.0,1.0,6.67,9.58,1.0,0.5,3.33,4.79,3.0,1.5,10.0,14.37,1.0,0.5,3.33,4.79,0.0,0.0,0.0,0.0,1.0,0.5,3.33,4.79,7.0,3.5,23.33,33.52,53.33,63.33,-10.0,95.79,-3.0,-1.5,-10.0,7.52,3.76,0.62,0.62,0.56,0.5,,0.07,0.43,0.67,0.43,0.54,3.33,0.0,0.03,23.33,0.0
3,福爾摩沙夢想家,103|106|107,忻沃克/高柏鎧/霍爾曼,1,22,27.0,408.73,6.81,06:49,408.73,6.81,06:49,13.0,13.0,48.15,68.7,17.0,17.0,62.96,89.84,10.0,10.0,37.04,52.85,6.0,6.0,22.22,31.71,7.0,7.0,25.93,36.99,5.0,5.0,18.52,26.42,3.0,3.0,11.11,15.85,1.0,1.0,3.7,5.28,0.0,0.0,0.0,0.0,0.0,0.0,0.0,0.0,2.0,2.0,7.41,10.57,2.0,2.0,7.41,10.57,3.0,3.0,11.11,15.85,1.0,1.0,3.7,5.28,2.0,2.0,7.41,10.57,2.0,2.0,7.41,10.57,1.0,1.0,3.7,5.28,0.0,0.0,0.0,0.0,0.0,0.0,0.0,0.0,4.0,4.0,14.81,21.14,48.15,62.96,-14.81,95.12,-4.0,-4.0,-14.81,6.81,6.81,0.65,0.65,0.71,0.33,,0.17,0.33,0.67,0.4,0.5,3.7,0.0,0.0,14.81,0.0
3,福爾摩沙夢想家,79|86|103,張宗憲/林俊吉/忻沃克,2,32,37.0,553.59,9.23,09:14,276.8,4.61,04:37,17.0,8.5,45.95,66.33,24.0,12.0,64.86,93.64,16.0,8.0,43.24,62.43,7.0,3.5,18.92,27.31,9.0,4.5,24.32,35.12,5.0,2.5,13.51,19.51,7.0,3.5,18.92,27.31,2.0,1.0,5.41,7.8,2.0,1.0,5.41,7.8,1.0,0.5,2.7,3.9,1.0,0.5,2.7,3.9,8.0,4.0,21.62,31.21,1.0,0.5,2.7,3.9,3.0,1.5,8.11,11.71,1.0,0.5,2.7,3.9,1.0,0.5,2.7,3.9,1.0,0.5,2.7,3.9,0.0,0.0,0.0,0.0,3.0,1.5,8.11,11.71,8.0,4.0,21.62,31.21,45.95,64.86,-18.92,96.24,-7.0,-3.5,-18.92,9.23,4.61,0.5,0.5,0.56,0.29,0.5,0.06,0.14,0.25,0.89,0.69,2.7,0.0,0.08,21.62,0.12
3,福爾摩沙夢想家,79|86|106,張宗憲/林俊吉/高柏鎧,1,7,8.0,86.19,1.44,01:26,86.19,1.44,01:26,2.0,2.0,25.0,50.12,1.0,1.0,12.5,25.06,3.0,3.0,37.5,75.18,0.0,0.0,0.0,0.0,1.0,1.0,12.5,25.06,0.0,0.0,0.0,0.0,2.0,2.0,25.0,50.12,0.0,0.0,0.0,0.0,2.0,2.0,25.0,50.12,2.0,2.0,25.0,50.12,1.0,1.0,12.5,25.06,2.0,2.0,25.0,50.12,0.0,0.0,0.0,0.0,2.0,2.0,25.0,50.12,0.0,0.0,0.0,0.0,0.0,0.0,0.0,0.0,0.0,0.0,0.0,0.0,0.0,0.0,0.0,0.0,1.0,1.0,12.5,25.06,4.0,4.0,50.0,100.24,25.0,12.5,12.5,133.65,1.0,1.0,12.5,1.44,1.44,0.0,0.26,0.0,0.0,1.0,0.0,,0.33,1.0,0.6,0.0,0.0,0.12,50.0,0.67
3,福爾摩沙夢想家,79|86|13906,張宗憲/林俊吉/班提爾,2,74,87.0,1255.88,20.93,20:56,627.94,10.47,10:28,40.0,20.0,45.98,68.8,45.0,22.5,51.72,77.4,35.0,17.5,40.23,60.2,14.0,7.0,16.09,24.08,21.0,10.5,24.14,36.12,11.0,5.5,12.64,18.92,14.0,7.0,16.09,24.08,3.0,1.5,3.45,5.16,12.0,6.0,13.79,20.64,9.0,4.5,10.34,15.48,3.0,1.5,3.45,5.16,17.0,8.5,19.54,29.24,4.0,2.0,4.6,6.88,10.0,5.0,11.49,17.2,2.0,1.0,2.3,3.44,7.0,3.5,8.05,12.04,1.0,0.5,1.15,1.72,1.0,0.5,1.15,1.72,10.0,5.0,11.49,17.2,12.0,6.0,13.79,20.64,45.98,51.72,-5.75,99.75,-5.0,-2.5,-5.75,20.93,10.47,0.44,0.5,0.52,0.21,0.75,0.05,0.5,0.23,0.81,0.59,1.15,1.15,0.11,13.79,0.34
3,福爾摩沙夢想家,86|103|13906,林俊吉/忻沃克/班提爾,2,44,49.0,711.73,11.86,11:52,355.86,5.93,05:56,23.0,11.5,46.94,69.8,26.0,13.0,53.06,78.91,22.0,11.0,44.9,66.77,10.0,5.0,20.41,30.35,14.0,7.0,28.57,42.49,8.0,4.0,16.33,24.28,8.0,4.0,16.33,24.28,2.0,1.0,4.08,6.07,3.0,1.5,6.12,9.1,1.0,0.5,2.04,3.03,1.0,0.5,2.04,3.03,12.0,6.0,24.49,36.42,2.0,1.0,4.08,6.07,5.0,2.5,10.2,15.17,1.0,0.5,2.04,3.03,3.0,1.5,6.12,9.1,1.0,0.5,2.04,3.03,1.0,0.5,2.04,3.03,5.0,2.5,10.2,15.17,8.0,4.0,16.33,24.28,46.94,53.06,-6.12,99.14,-3.0,-1.5,-6.12,11.86,5.93,0.5,0.49,0.57,0.25,0.33,0.04,0.3,0.17,0.86,0.65,2.04,2.04,0.1,16.33,0.14
3,福爾摩沙夢想家,86|106|13906,林俊吉/高柏鎧/班提爾,1,12,12.0,150.43,2.51,02:30,150.43,2.51,02:30,6.0,6.0,50.0,86.15,2.0,2.0,16.67,28.72,5.0,5.0,41.67,71.79,3.0,3.0,25.0,43.08,5.0,5.0,41.67,71.79,3.0,3.0,25.0,43.08,0.0,0.0,0.0,0.0,0.0,0.0,0.0,0.0,1.0,1.0,8.33,14.36,0.0,0.0,0.0,0.0,0.0,0.0,0.0,0.0,3.0,3.0,25.0,43.08,1.0,1.0,8.33,14.36,2.0,2.0,16.67,28.72,0.0,0.0,0.0,0.0,2.0,2.0,16.67,28.72,0.0,0.0,0.0,0.0,1.0,1.0,8.33,14.36,2.0,2.0,16.67,28.72,2.0,2.0,16.67,28.72,50.0,16.67,33.33,114.87,4.0,4.0,33.33,2.51,2.51,0.6,0.55,0.6,,0.0,0.0,0.67,0.0,0.75,0.5,0.0,8.33,0.17,16.67,0.2
3,福爾摩沙夢想家,79|86|95,張宗憲/林俊吉/李德威,1,1,1.0,13.43,0.22,00:13,13.43,0.22,00:13,0.0,0.0,0.0,0.0,2.0,2.0,200.0,321.69,0.0,0.0,0.0,0.0,0.0,0.0,0.0,0.0,0.0,0.0,0.0,0.0,0.0,0.0,0.0,0.0,0.0,0.0,0.0,0.0,0.0,0.0,0.0,0.0,0.0,0.0,0.0,0.0,0.0,0.0,0.0,0.0,0.0,0.0,0.0,0.0,0.0,0.0,0.0,0.0,0.0,0.0,0.0,0.0,0.0,0.0,0.0,0.0,0.0,0.0,0.0,0.0,0.0,0.0,0.0,0.0,0.0,0.0,0.0,0.0,0.0,0.0,0.0,0.0,1.0,1.0,100.0,160.85,2.0,2.0,200.0,321.69,0.0,200.0,-200.0,107.23,-2.0,-2.0,-200.0,0.22,0.22,,,,,,,,,,,0.0,0.0,1.0,200.0,
3,福爾摩沙夢想家,79|95|103,張宗憲/李德威/忻沃克,1,1,1.0,13.43,0.22,00:13,13.43,0.22,00:13,0.0,0.0,0.0,0.0,2.0,2.0,200.0,321.69,0.0,0.0,0.0,0.0,0.0,0.0,0.0,0.0,0.0,0.0,0.0,0.0,0.0,0.0,0.0,0.0,0.0,0.0,0.0,0.0,0.0,0.0,0.0,0.0,0.0,0.0,0.0,0.0,0.0,0.0,0.0,0.0,0.0,0.0,0.0,0.0,0.0,0.0,0.0,0.0,0.0,0.0,0.0,0.0,0.0,0.0,0.0,0.0,0.0,0.0,0.0,0.0,0.0,0.0,0.0,0.0,0.0,0.0,0.0,0.0,0.0,0.0,0.0,0.0,1.0,1.0,100.0,160.85,2.0,2.0,200.0,321.69,0.0,200.0,-200.0,107.23,-2.0,-2.0,-200.0,0.22,0.22,,,,,,,,,,,0.0,0.0,1.0,200.0,
3,福爾摩沙夢想家,79|95|13906,張宗憲/李德威/班提爾,1,1,1.0,13.43,0.22,00:13,13.43,0.22,00:13,0.0,0.0,0.0,0.0,2.0,2.0,200.0,321.69,0.0,0.0,0.0,0.0,0.0,0.0,0.0,0.0,0.0,0.0,0.0,0.0,0.0,0.0,0.0,0.0,0.0,0.0,0.0,0.0,0.0,0.0,0.0,0.0,0.0,0.0,0.0,0.0,0.0,0.0,0.0,0.0,0.0,0.0,0.0,0.0,0.0,0.0,0.0,0.0,0.0,0.0,0.0,0.0,0.0,0.0,0.0,0.0,0.0,0.0,0.0,0.0,0.0,0.0,0.0,0.0,0.0,0.0,0.0,0.0,0.0,0.0,0.0,0.0,1.0,1.0,100.0,160.85,2.0,2.0,200.0,321.69,0.0,200.0,-200.0,107.23,-2.0,-2.0,-200.0,0.22,0.22,,,,,,,,,,,0.0,0.0,1.0,200.0,
3,福爾摩沙夢想家,86|95|103,林俊吉/李德威/忻沃克,1,1,1.0,13.43,0.22,00:13,13.43,0.22,00:13,0.0,0.0,0.0,0.0,2.0,2.0,200.0,321.69,0.0,0.0,0.0,0.0,0.0,0.0,0.0,0.0,0.0,0.0,0.0,0.0,0.0,0.0,0.0,0.0,0.0,0.0,0.0,0.0,0.0,0.0,0.0,0.0,0.0,0.0,0.0,0.0,0.0,0.0,0.0,0.0,0.0,0.0,0.0,0.0,0.0,0.0,0.0,0.0,0.0,0.0,0.0,0.0,0.0,0.0,0.0,0.0,0.0,0.0,0.0,0.0,0.0,0.0,0.0,0.0,0.0,0.0,0.0,0.0,0.0,0.0,0.0,0.0,1.0,1.0,100.0,160.85,2.0,2.0,200.0,321.69,0.0,200.0,-200.0,107.23,-2.0,-2.0,-200.0,0.22,0.22,,,,,,,,,,,0.0,0.0,1.0,200.0,
3,福爾摩沙夢想家,86|95|13906,林俊吉/李德威/班提爾,1,1,1.0,13.43,0.22,00:13,13.43,0.22,00:13,0.0,0.0,0.0,0.0,2.0,2.0,200.0,321.69,0.0,0.0,0.0,0.0,0.0,0.0,0.0,0.0,0.0,0.0,0.0,0.0,0.0,0.0,0.0,0.0,0.0,0.0,0.0,0.0,0.0,0.0,0.0,0.0,0.0,0.0,0.0,0.0,0.0,0.0,0.0,0.0,0.0,0.0,0.0,0.0,0.0,0.0,0.0,0.0,0.0,0.0,0.0,0.0,0.0,0.0,0.0,0.0,0.0,0.0,0.0,0.0,0.0,0.0,0.0,0.0,0.0,0.0,0.0,0.0,0.0,0.0,0.0,0.0,1.0,1.0,100.0,160.85,2.0,2.0,200.0,321.69,0.0,200.0,-200.0,107.23,-2.0,-2.0,-200.0,0.22,0.22,,,,,,,,,,,0.0,0.0,1.0,200.0,
3,福爾摩沙夢想家,95|103|13906,李德威/忻沃克/班提爾,1,1,1.0,13.43,0.22,00:13,13.43,0.22,00:13,0.0,0.0,0.0,0.0,2.0,2.0,200.0,321.69,0.0,0.0,0.0,0.0,0.0,0.0,0.0,0.0,0.0,0.0,0.0,0.0,0.0,0.0,0.0,0.0,0.0,0.0,0.0,0.0,0.0,0.0,0.0,0.0,0.0,0.0,0.0,0.0,0.0,0.0,0.0,0.0,0.0,0.0,0.0,0.0,0.0,0.0,0.0,0.0,0.0,0.0,0.0,0.0,0.0,0.0,0.0,0.0,0.0,0.0,0.0,0.0,0.0,0.0,0.0,0.0,0.0,0.0,0.0,0.0,0.0,0.0,0.0,0.0,1.0,1.0,100.0,160.85,2.0,2.0,200.0,321.69,0.0,200.0,-200.0,107.23,-2.0,-2.0,-200.0,0.22,0.22,,,,,,,,,,,0.0,0.0,1.0,200.0,
3,福爾摩沙夢想家,79|86|107,張宗憲/林俊吉/霍爾曼,1,56,66.0,867.89,14.46,14:28,867.89,14.46,14:28,29.0,29.0,43.94,72.18,34.0,34.0,51.52,84.62,27.0,27.0,40.91,67.2,9.0,9.0,13.64,22.4,14.0,14.0,21.21,34.84,6.0,6.0,9.09,14.93,13.0,13.0,19.7,32.35,3.0,3.0,4.55,7.47,10.0,10.0,15.15,24.89,8.0,8.0,12.12,19.91,3.0,3.0,4.55,7.47,14.0,14.0,21.21,34.84,1.0,1.0,1.52,2.49,7.0,7.0,10.61,17.42,2.0,2.0,3.03,4.98,4.0,4.0,6.06,9.96,1.0,1.0,1.52,2.49,1.0,1.0,1.52,2.49,6.0,6.0,9.09,14.93,8.0,8.0,12.12,19.91,43.94,51.52,-7.58,109.51,-5.0,-5.0,-7.58,14.46,14.46,0.39,0.46,0.43,0.23,0.8,0.06,0.44,0.3,0.93,0.68,1.52,1.52,0.09,12.12,0.37
3,福爾摩沙夢想家,86|107|13906,林俊吉/霍爾曼/班提爾,2,61,73.0,942.97,15.72,15:43,471.49,7.86,07:51,28.0,14.0,38.36,64.14,37.0,18.5,50.68,84.75,29.0,14.5,39.73,66.43,9.0,4.5,12.33,20.62,15.0,7.5,20.55,34.36,6.0,3.0,8.22,13.74,14.0,7.0,19.18,32.07,3.0,1.5,4.11,6.87,9.0,4.5,12.33,20.62,7.0,3.5,9.59,16.03,3.0,1.5,4.11,6.87,16.0,8.0,21.92,36.65,2.0,1.0,2.74,4.58,7.0,3.5,9.59,16.03,3.0,1.5,4.11,6.87,4.0,2.0,5.48,9.16,2.0,1.0,2.74,4.58,1.0,0.5,1.37,2.29,6.0,3.0,8.22,13.74,8.0,4.0,10.96,18.33,38.36,50.68,-12.33,111.48,-9.0,-4.5,-12.33,15.72,7.86,0.36,0.42,0.4,0.21,0.78,0.08,0.44,0.3,0.89,0.68,2.74,1.37,0.08,10.96,0.31
3,福爾摩沙夢想家,77|89|103,馬建豪/蔣淯安/忻沃克,2,27,34.0,495.54,8.26,08:16,247.77,4.13,04:08,11.0,5.5,32.35,47.95,12.0,6.0,35.29,52.31,12.0,6.0,35.29,52.31,4.0,2.0,11.76,17.44,7.0,3.5,20.59,30.51,4.0,2.0,11.76,17.44,5.0,2.5,14.71,21.79,0.0,0.0,0.0,0.0,4.0,2.0,11.76,17.44,3.0,1.5,8.82,13.08,4.0,2.0,11.76,17.44,4.0,2.0,11.76,17.44,2.0,1.0,5.88,8.72,4.0,2.0,11.76,17.44,4.0,2.0,11.76,17.44,3.0,1.5,8.82,13.08,1.0,0.5,2.94,4.36,0.0,0.0,0.0,0.0,3.0,1.5,8.82,13.08,3.0,1.5,8.82,13.08,32.35,35.29,-2.94,98.8,-1.0,-0.5,-2.94,8.26,4.13,0.33,0.4,0.57,0.0,0.75,0.23,0.75,0.5,0.67,0.57,2.94,0.0,0.09,8.82,0.33
3,福爾摩沙夢想家,77|89|107,馬建豪/蔣淯安/霍爾曼,2,54,69.0,1001.66,16.69,16:42,500.83,8.35,08:21,24.0,12.0,34.78,51.75,26.0,13.0,37.68,56.07,25.0,12.5,36.23,53.91,8.0,4.0,11.59,17.25,11.0,5.5,15.94,23.72,5.0,2.5,7.25,10.78,14.0,7.0,20.29,30.19,3.0,1.5,4.35,6.47,6.0,3.0,8.7,12.94,5.0,2.5,7.25,10.78,8.0,4.0,11.59,17.25,10.0,5.0,14.49,21.56,7.0,3.5,10.14,15.1,10.0,5.0,14.49,21.56,7.0,3.5,10.14,15.1,6.0,3.0,8.7,12.94,4.0,2.0,5.8,8.63,0.0,0.0,0.0,0.0,6.0,3.0,8.7,12.94,7.0,3.5,10.14,15.1,34.78,37.68,-2.9,99.2,-2.0,-1.0,-2.9,16.69,8.35,0.38,0.43,0.45,0.21,0.83,0.2,0.75,0.44,0.59,0.51,5.8,0.0,0.09,10.14,0.24
3,福爾摩沙夢想家,77|89|13906,馬建豪/蔣淯安/班提爾,2,55,68.0,992.67,16.54,16:33,496.34,8.27,08:16,24.0,12.0,35.29,52.22,22.0,11.0,32.35,47.87,26.0,13.0,38.24,56.57,8.0,4.0,11.76,17.41,13.0,6.5,19.12,28.29,5.0,2.5,7.35,10.88,13.0,6.5,19.12,28.29,3.0,1.5,4.41,6.53,6.0,3.0,8.82,13.06,5.0,2.5,7.35,10.88,6.0,3.0,8.82,13.06,12.0,6.0,17.65,26.11,6.0,3.0,8.82,13.06,12.0,6.0,17.65,26.11,4.0,2.0,5.88,8.7,6.0,3.0,8.82,13.06,1.0,0.5,1.47,2.18,2.0,1.0,2.94,4.35,8.0,4.0,11.76,17.41,4.0,2.0,5.88,8.7,35.29,32.35,2.94,98.64,2.0,1.0,2.94,16.54,8.27,0.37,0.42,0.38,0.23,0.83,0.12,0.75,0.33,0.67,0.5,1.47,2.94,0.12,5.88,0.23
3,福爾摩沙夢想家,77|103|107,馬建豪/忻沃克/霍爾曼,2,27,34.0,495.54,8.26,08:16,247.77,4.13,04:08,11.0,5.5,32.35,47.95,12.0,6.0,35.29,52.31,12.0,6.0,35.29,52.31,4.0,2.0,11.76,17.44,7.0,3.5,20.59,30.51,4.0,2.0,11.76,17.44,5.0,2.5,14.71,21.79,0.0,0.0,0.0,0.0,4.0,2.0,11.76,17.44,3.0,1.5,8.82,13.08,4.0,2.0,11.76,17.44,4.0,2.0,11.76,17.44,2.0,1.0,5.88,8.72,4.0,2.0,11.76,17.44,4.0,2.0,11.76,17.44,3.0,1.5,8.82,13.08,1.0,0.5,2.94,4.36,0.0,0.0,0.0,0.0,3.0,1.5,8.82,13.08,3.0,1.5,8.82,13.08,32.35,35.29,-2.94,98.8,-1.0,-0.5,-2.94,8.26,4.13,0.33,0.4,0.57,0.0,0.75,0.23,0.75,0.5,0.67,0.57,2.94,0.0,0.09,8.82,0.33
3,福爾摩沙夢想家,77|103|13906,馬建豪/忻沃克/班提爾,2,21,27.0,379.67,6.33,06:20,189.84,3.16,03:10,7.0,3.5,25.93,39.82,4.0,2.0,14.81,22.76,10.0,5.0,37.04,56.89,2.0,1.0,7.41,11.38,5.0,2.5,18.52,28.45,2.0,1.0,7.41,11.38,5.0,2.5,18.52,28.45,0.0,0.0,0.0,0.0,4.0,2.0,14.81,22.76,3.0,1.5,11.11,17.07,4.0,2.0,14.81,22.76,3.0,1.5,11.11,17.07,2.0,1.0,7.41,11.38,5.0,2.5,18.52,28.45,3.0,1.5,11.11,17.07,2.0,1.0,7.41,11.38,1.0,0.5,3.7,5.69,0.0,0.0,0.0,0.0,3.0,1.5,11.11,17.07,1.0,0.5,3.7,5.69,25.93,14.81,11.11,102.4,3.0,1.5,11.11,6.33,3.16,0.2,0.3,0.4,0.0,0.75,0.2,1.0,0.44,0.6,0.5,3.7,0.0,0.11,3.7,0.4
3,福爾摩沙夢想家,77|107|13906,馬建豪/霍爾曼/班提爾,2,45,57.0,814.38,13.57,13:34,407.19,6.79,06:47,15.0,7.5,26.32,39.78,18.0,9.0,31.58,47.74,21.0,10.5,36.84,55.7,4.0,2.0,7.02,10.61,10.0,5.0,17.54,26.52,3.0,1.5,5.26,7.96,11.0,5.5,19.3,29.18,1.0,0.5,1.75,2.65,7.0,3.5,12.28,18.57,6.0,3.0,10.53,15.91,6.0,3.0,10.53,15.91,11.0,5.5,19.3,29.18,5.0,2.5,8.77,13.26,10.0,5.0,17.54,26.52,4.0,2.0,7.02,10.61,3.0,1.5,5.26,7.96,2.0,1.0,3.51,5.3,0.0,0.0,0.0,0.0,7.0,3.5,12.28,18.57,5.0,2.5,8.77,13.26,26.32,31.58,-5.26,100.79,-3.0,-1.5,-5.26,13.57,6.79,0.21,0.31,0.3,0.09,0.86,0.14,0.75,0.38,0.69,0.53,3.51,0.0,0.12,8.77,0.33
3,新竹御嵿攻城獅,75|87|10888,高國豪/蔡宸綱/帕塞獅,1,30,36.0,579.32,9.66,09:39,579.32,9.66,09:39,21.0,21.0,58.33,78.3,16.0,16.0,44.44,59.66,16.0,16.0,44.44,59.66,9.0,9.0,25.0,33.56,9.0,9.0,25.0,33.56,7.0,7.0,19.44,26.1,7.0,7.0,19.44,26.1,2.0,2.0,5.56,7.46,2.0,2.0,5.56,7.46,1.0,1.0,2.78,3.73,4.0,4.0,11.11,14.91,3.0,3.0,8.33,11.19,2.0,2.0,5.56,7.46,5.0,5.0,13.89,18.64,1.0,1.0,2.78,3.73,6.0,6.0,16.67,22.37,1.0,1.0,2.78,3.73,1.0,1.0,2.78,3.73,1.0,1.0,2.78,3.73,2.0,2.0,5.56,7.46,58.33,44.44,13.89,89.48,5.0,5.0,13.89,9.66,9.66,0.62,0.62,0.78,0.29,0.5,0.06,0.67,0.44,0.6,0.5,2.78,2.78,0.03,5.56,0.12
3,新竹御嵿攻城獅,75|88|10888,高國豪/盧冠軒/帕塞獅,2,45,53.0,844.57,14.08,14:05,422.28,7.04,07:02,23.0,11.5,43.4,58.82,25.0,12.5,47.17,63.94,21.0,10.5,39.62,53.71,11.0,5.5,20.75,28.13,10.0,5.0,18.87,25.58,9.0,4.5,16.98,23.02,11.0,5.5,20.75,28.13,2.0,1.0,3.77,5.12,2.0,1.0,3.77,5.12,1.0,0.5,1.89,2.56,4.0,2.0,7.55,10.23,6.0,3.0,11.32,15.35,5.0,2.5,9.43,12.79,8.0,4.0,15.09,20.46,3.0,1.5,5.66,7.67,7.0,3.5,13.21,17.9,1.0,0.5,1.89,2.56,0.0,0.0,0.0,0.0,2.0,1.0,3.77,5.12,4.0,2.0,7.55,10.23,43.4,47.17,-3.77,90.37,-2.0,-1.0,-3.77,14.08,7.04,0.57,0.53,0.9,0.18,0.5,0.12,0.64,0.33,0.55,0.43,1.89,0.0,0.04,7.55,0.1
3,新竹御嵿攻城獅,75|10888|14843,高國豪/帕塞獅/馬力,2,47,55.0,878.57,14.64,14:39,439.28,7.32,07:19,23.0,11.5,41.82,56.55,25.0,12.5,45.45,61.46,22.0,11.0,40.0,54.09,11.0,5.5,20.0,27.04,11.0,5.5,20.0,27.04,9.0,4.5,16.36,22.13,11.0,5.5,20.0,27.04,2.0,1.0,3.64,4.92,2.0,1.0,3.64,4.92,1.0,0.5,1.82,2.46,4.0,2.0,7.27,9.83,7.0,3.5,12.73,17.21,5.0,2.5,9.09,12.29,9.0,4.5,16.36,22.13,3.0,1.5,5.45,7.38,7.0,3.5,12.73,17.21,1.0,0.5,1.82,2.46,1.0,0.5,1.82,2.46,2.0,1.0,3.64,4.92,4.0,2.0,7.27,9.83,41.82,45.45,-3.64,90.15,-2.0,-1.0,-3.64,14.64,7.32,0.55,0.5,0.82,0.18,0.5,0.12,0.64,0.31,0.58,0.44,1.82,1.82,0.04,7.27,0.09
3,新竹御嵿攻城獅,87|88|10888,蔡宸綱/盧冠軒/帕塞獅,2,58,69.0,996.61,16.61,16:37,498.3,8.31,08:18,34.0,17.0,49.28,73.69,27.0,13.5,39.13,58.52,27.0,13.5,39.13,58.52,14.0,7.0,20.29,30.34,17.0,8.5,24.64,36.84,11.0,5.5,15.94,23.84,10.0,5.0,14.49,21.67,3.0,1.5,4.35,6.5,4.0,2.0,5.8,8.67,3.0,1.5,4.35,6.5,6.0,3.0,8.7,13.0,6.0,3.0,8.7,13.0,2.0,1.0,2.9,4.33,9.0,4.5,13.04,19.51,6.0,3.0,8.7,13.0,9.0,4.5,13.04,19.51,3.0,1.5,4.35,6.5,1.0,0.5,1.45,2.17,4.0,2.0,5.8,8.67,6.0,3.0,8.7,13.0,49.28,39.13,10.14,99.7,7.0,3.5,10.14,16.61,8.31,0.57,0.59,0.65,0.3,0.75,0.17,0.64,0.4,0.75,0.52,4.35,1.45,0.06,8.7,0.15
3,新竹御嵿攻城獅,87|10888|14843,蔡宸綱/帕塞獅/馬力,2,57,68.0,976.61,16.28,16:17,488.31,8.14,08:08,34.0,17.0,50.0,75.2,25.0,12.5,36.76,55.29,27.0,13.5,39.71,59.72,14.0,7.0,20.59,30.96,18.0,9.0,26.47,39.81,11.0,5.5,16.18,24.33,9.0,4.5,13.24,19.91,3.0,1.5,4.41,6.64,4.0,2.0,5.88,8.85,3.0,1.5,4.41,6.64,6.0,3.0,8.82,13.27,7.0,3.5,10.29,15.48,2.0,1.0,2.94,4.42,10.0,5.0,14.71,22.12,5.0,2.5,7.35,11.06,9.0,4.5,13.24,19.91,3.0,1.5,4.41,6.64,2.0,1.0,2.94,4.42,4.0,2.0,5.88,8.85,4.0,2.0,5.88,8.85,50.0,36.76,13.24,100.27,9.0,4.5,13.24,16.28,8.14,0.57,0.59,0.61,0.33,0.75,0.15,0.64,0.38,0.78,0.52,4.41,2.94,0.06,5.88,0.15
3,新竹御嵿攻城獅,88|10888|14843,盧冠軒/帕塞獅/馬力,2,88,101.0,1425.23,23.75,23:45,712.61,11.88,11:53,42.0,21.0,41.58,63.65,41.0,20.5,40.59,62.14,39.0,19.5,38.61,59.11,18.0,9.0,17.82,27.28,25.0,12.5,24.75,37.89,15.0,7.5,14.85,22.73,14.0,7.0,13.86,21.22,3.0,1.5,2.97,4.55,6.0,3.0,5.94,9.09,5.0,2.5,4.95,7.58,7.0,3.5,6.93,10.61,14.0,7.0,13.86,21.22,5.0,2.5,4.95,7.58,18.0,9.0,17.82,27.28,7.0,3.5,6.93,10.61,11.0,5.5,10.89,16.67,3.0,1.5,2.97,4.55,1.0,0.5,0.99,1.52,7.0,3.5,6.93,10.61,8.0,4.0,7.92,12.12,41.58,40.59,0.99,102.05,1.0,0.5,0.99,23.75,11.88,0.5,0.5,0.6,0.21,0.83,0.14,0.61,0.28,0.74,0.48,2.97,0.99,0.07,7.92,0.15
3,福爾摩沙夢想家,77|89|106,馬建豪/蔣淯安/高柏鎧,1,12,14.0,191.86,3.2,03:12,191.86,3.2,03:12,6.0,6.0,42.86,67.55,10.0,10.0,71.43,112.58,4.0,4.0,28.57,45.03,3.0,3.0,21.43,33.77,3.0,3.0,21.43,33.77,3.0,3.0,21.43,33.77,1.0,1.0,7.14,11.26,0.0,0.0,0.0,0.0,0.0,0.0,0.0,0.0,0.0,0.0,0.0,0.0,0.0,0.0,0.0,0.0,1.0,1.0,7.14,11.26,0.0,0.0,0.0,0.0,0.0,0.0,0.0,0.0,2.0,2.0,14.29,22.52,2.0,2.0,14.29,22.52,0.0,0.0,0.0,0.0,0.0,0.0,0.0,0.0,1.0,1.0,7.14,11.26,2.0,2.0,14.29,22.52,42.86,71.43,-28.57,105.07,-4.0,-4.0,-28.57,3.2,3.2,0.75,0.75,1.0,0.0,,0.33,0.67,,1.0,1.0,0.0,0.0,0.07,14.29,0.0
3,福爾摩沙夢想家,77|103|106,馬建豪/忻沃克/高柏鎧,1,8,9.0,127.86,2.13,02:08,127.86,2.13,02:08,4.0,4.0,44.44,67.57,8.0,8.0,88.89,135.14,3.0,3.0,33.33,50.68,2.0,2.0,22.22,33.79,2.0,2.0,22.22,33.79,2.0,2.0,22.22,33.79,1.0,1.0,11.11,16.89,0.0,0.0,0.0,0.0,0.0,0.0,0.0,0.0,0.0,0.0,0.0,0.0,0.0,0.0,0.0,0.0,1.0,1.0,11.11,16.89,0.0,0.0,0.0,0.0,0.0,0.0,0.0,0.0,1.0,1.0,11.11,16.89,1.0,1.0,11.11,16.89,0.0,0.0,0.0,0.0,0.0,0.0,0.0,0.0,0.0,0.0,0.0,0.0,2.0,2.0,22.22,33.79,44.44,88.89,-44.44,101.36,-4.0,-4.0,-44.44,2.13,2.13,0.67,0.67,1.0,0.0,,0.25,0.5,,1.0,1.0,0.0,0.0,0.0,22.22,0.0
3,福爾摩沙夢想家,77|106|107,馬建豪/高柏鎧/霍爾曼,1,14,15.0,242.86,4.05,04:03,242.86,4.05,04:03,6.0,6.0,40.0,53.36,13.0,13.0,86.67,115.62,6.0,6.0,40.0,53.36,3.0,3.0,20.0,26.68,4.0,4.0,26.67,35.58,3.0,3.0,20.0,26.68,2.0,2.0,13.33,17.79,0.0,0.0,0.0,0.0,0.0,0.0,0.0,0.0,0.0,0.0,0.0,0.0,0.0,0.0,0.0,0.0,3.0,3.0,20.0,26.68,0.0,0.0,0.0,0.0,1.0,1.0,6.67,8.89,1.0,1.0,6.67,8.89,2.0,2.0,13.33,17.79,0.0,0.0,0.0,0.0,0.0,0.0,0.0,0.0,0.0,0.0,0.0,0.0,2.0,2.0,13.33,17.79,40.0,86.67,-46.67,88.94,-7.0,-7.0,-46.67,4.05,4.05,0.5,0.5,0.75,0.0,,0.14,0.67,0.0,1.0,0.75,0.0,0.0,0.0,13.33,0.0
3,福爾摩沙夢想家,89|106|107,蔣淯安/高柏鎧/霍爾曼,1,20,25.0,374.37,6.24,06:14,374.37,6.24,06:14,10.0,10.0,40.0,57.7,16.0,16.0,64.0,92.32,9.0,9.0,36.0,51.93,5.0,5.0,20.0,28.85,7.0,7.0,28.0,40.39,5.0,5.0,20.0,28.85,2.0,2.0,8.0,11.54,0.0,0.0,0.0,0.0,0.0,0.0,0.0,0.0,0.0,0.0,0.0,0.0,2.0,2.0,8.0,11.54,2.0,2.0,8.0,11.54,3.0,3.0,12.0,17.31,1.0,1.0,4.0,5.77,2.0,2.0,8.0,11.54,1.0,1.0,4.0,5.77,1.0,1.0,4.0,5.77,0.0,0.0,0.0,0.0,0.0,0.0,0.0,0.0,2.0,2.0,8.0,11.54,40.0,64.0,-24.0,96.16,-6.0,-6.0,-24.0,6.24,6.24,0.56,0.56,0.71,0.0,,0.18,0.2,0.67,0.4,0.5,4.0,0.0,0.0,8.0,0.0
3,福爾摩沙夢想家,77|79|89,馬建豪/張宗憲/蔣淯安,2,29,37.0,566.06,9.43,09:26,283.03,4.72,04:43,16.0,8.0,43.24,61.05,12.0,6.0,32.43,45.79,14.0,7.0,37.84,53.42,6.0,3.0,16.22,22.9,6.0,3.0,16.22,22.9,2.0,1.0,5.41,7.63,8.0,4.0,21.62,30.53,4.0,2.0,10.81,15.26,0.0,0.0,0.0,0.0,0.0,0.0,0.0,0.0,4.0,2.0,10.81,15.26,5.0,2.5,13.51,19.08,4.0,2.0,10.81,15.26,6.0,3.0,16.22,22.9,3.0,1.5,8.11,11.45,5.0,2.5,13.51,19.08,2.0,1.0,5.41,7.63,2.0,1.0,5.41,7.63,3.0,1.5,8.11,11.45,3.0,1.5,8.11,11.45,43.24,32.43,10.81,94.12,4.0,2.0,10.81,9.43,4.72,0.57,0.57,0.33,0.5,,0.18,0.83,0.4,0.56,0.47,5.41,5.41,0.08,8.11,0.0
3,福爾摩沙夢想家,77|79|106,馬建豪/張宗憲/高柏鎧,1,4,5.0,64.0,1.07,01:04,64.0,1.07,01:04,2.0,2.0,40.0,67.5,2.0,2.0,40.0,67.5,1.0,1.0,20.0,33.75,1.0,1.0,20.0,33.75,1.0,1.0,20.0,33.75,1.0,1.0,20.0,33.75,0.0,0.0,0.0,0.0,0.0,0.0,0.0,0.0,0.0,0.0,0.0,0.0,0.0,0.0,0.0,0.0,0.0,0.0,0.0,0.0,0.0,0.0,0.0,0.0,0.0,0.0,0.0,0.0,0.0,0.0,0.0,0.0,1.0,1.0,20.0,33.75,1.0,1.0,20.0,33.75,0.0,0.0,0.0,0.0,0.0,0.0,0.0,0.0,1.0,1.0,20.0,33.75,0.0,0.0,0.0,0.0,40.0,40.0,0.0,112.5,0.0,0.0,0.0,1.07,1.07,1.0,1.0,1.0,,,0.5,1.0,,,,0.0,0.0,0.2,0.0,0.0
3,福爾摩沙夢想家,77|79|13906,馬建豪/張宗憲/班提爾,2,40,48.0,719.29,11.99,11:59,359.64,5.99,06:00,23.0,11.5,47.92,69.07,17.0,8.5,35.42,51.05,18.0,9.0,37.5,54.05,9.0,4.5,18.75,27.03,12.0,6.0,25.0,36.04,7.0,3.5,14.58,21.02,6.0,3.0,12.5,18.02,2.0,1.0,4.17,6.01,4.0,2.0,8.33,12.01,3.0,1.5,6.25,9.01,2.0,1.0,4.17,6.01,6.0,3.0,12.5,18.02,5.0,2.5,10.42,15.01,9.0,4.5,18.75,27.03,1.0,0.5,2.08,3.0,6.0,3.0,12.5,18.02,0.0,0.0,0.0,0.0,2.0,1.0,4.17,6.01,7.0,3.5,14.58,21.02,5.0,2.5,10.42,15.01,47.92,35.42,12.5,96.1,6.0,3.0,12.5,11.99,5.99,0.56,0.58,0.58,0.33,0.75,0.05,0.67,0.18,0.55,0.36,0.0,4.17,0.15,10.42,0.22
3,福爾摩沙夢想家,77|106|13906,馬建豪/高柏鎧/班提爾,1,4,5.0,64.0,1.07,01:04,64.0,1.07,01:04,2.0,2.0,40.0,67.5,2.0,2.0,40.0,67.5,1.0,1.0,20.0,33.75,1.0,1.0,20.0,33.75,1.0,1.0,20.0,33.75,1.0,1.0,20.0,33.75,0.0,0.0,0.0,0.0,0.0,0.0,0.0,0.0,0.0,0.0,0.0,0.0,0.0,0.0,0.0,0.0,0.0,0.0,0.0,0.0,0.0,0.0,0.0,0.0,0.0,0.0,0.0,0.0,0.0,0.0,0.0,0.0,1.0,1.0,20.0,33.75,1.0,1.0,20.0,33.75,0.0,0.0,0.0,0.0,0.0,0.0,0.0,0.0,1.0,1.0,20.0,33.75,0.0,0.0,0.0,0.0,40.0,40.0,0.0,112.5,0.0,0.0,0.0,1.07,1.07,1.0,1.0,1.0,,,0.5,1.0,,,,0.0,0.0,0.2,0.0,0.0
3,新竹御嵿攻城獅,76|87|10888,曾柏喻/蔡宸綱/帕塞獅,2,32,37.0,485.29,8.09,08:05,242.64,4.04,04:03,13.0,6.5,35.14,57.86,11.0,5.5,29.73,48.96,13.0,6.5,35.14,57.86,5.0,2.5,13.51,22.25,10.0,5.0,27.03,44.51,4.0,2.0,10.81,17.8,3.0,1.5,8.11,13.35,1.0,0.5,2.7,4.45,2.0,1.0,5.41,8.9,2.0,1.0,5.41,8.9,2.0,1.0,5.41,8.9,5.0,2.5,13.51,22.25,0.0,0.0,0.0,0.0,6.0,3.0,16.22,26.71,5.0,2.5,13.51,22.25,3.0,1.5,8.11,13.35,2.0,1.0,5.41,8.9,2.0,1.0,5.41,8.9,3.0,1.5,8.11,13.35,4.0,2.0,10.81,17.8,35.14,29.73,5.41,109.79,2.0,1.0,5.41,8.09,4.04,0.42,0.47,0.4,0.33,1.0,0.26,0.6,0.25,1.0,0.54,5.41,5.41,0.08,10.81,0.15
3,新竹御嵿攻城獅,76|88|10888,曾柏喻/盧冠軒/帕塞獅,2,70,78.0,1049.66,17.49,17:30,524.83,8.75,08:45,34.0,17.0,43.59,69.97,34.0,17.0,43.59,69.97,28.0,14.0,35.9,57.62,10.0,5.0,12.82,20.58,17.0,8.5,21.79,34.98,6.0,3.0,7.69,12.35,11.0,5.5,14.1,22.64,4.0,2.0,5.13,8.23,8.0,4.0,10.26,16.46,8.0,4.0,10.26,16.46,5.0,2.5,6.41,10.29,12.0,6.0,15.38,24.69,1.0,0.5,1.28,2.06,13.0,6.5,16.67,26.75,7.0,3.5,8.97,14.4,7.0,3.5,8.97,14.4,3.0,1.5,3.85,6.17,2.0,1.0,2.56,4.12,10.0,5.0,12.82,20.58,10.0,5.0,12.82,20.58,43.59,43.59,0.0,107.01,0.0,0.0,0.0,17.49,8.75,0.43,0.54,0.35,0.36,1.0,0.18,0.7,0.28,0.92,0.55,3.85,2.56,0.13,12.82,0.29
3,新竹御嵿攻城獅,76|10888|14843,曾柏喻/帕塞獅/馬力,2,45,50.0,614.66,10.24,10:15,307.33,5.12,05:07,19.0,9.5,38.0,66.77,16.0,8.0,32.0,56.23,19.0,9.5,38.0,66.77,7.0,3.5,14.0,24.6,16.0,8.0,32.0,56.23,6.0,3.0,12.0,21.08,3.0,1.5,6.0,10.54,1.0,0.5,2.0,3.51,4.0,2.0,8.0,14.06,4.0,2.0,8.0,14.06,3.0,1.5,6.0,10.54,9.0,4.5,18.0,31.63,0.0,0.0,0.0,0.0,11.0,5.5,22.0,38.66,4.0,2.0,8.0,14.06,4.0,2.0,8.0,14.06,2.0,1.0,4.0,7.03,2.0,1.0,4.0,7.03,5.0,2.5,10.0,17.57,4.0,2.0,8.0,14.06,38.0,32.0,6.0,117.14,3.0,1.5,6.0,10.24,5.12,0.39,0.46,0.38,0.33,1.0,0.16,0.57,0.21,1.0,0.52,4.0,4.0,0.1,8.0,0.21
3,福爾摩沙夢想家,77|79|107,馬建豪/張宗憲/霍爾曼,2,9,13.0,235.06,3.92,03:55,117.53,1.96,01:58,6.0,3.0,46.15,55.13,4.0,2.0,30.77,36.76,5.0,2.5,38.46,45.95,2.0,1.0,15.38,18.38,1.0,0.5,7.69,9.19,0.0,0.0,0.0,0.0,4.0,2.0,30.77,36.76,2.0,1.0,15.38,18.38,0.0,0.0,0.0,0.0,0.0,0.0,0.0,0.0,3.0,1.5,23.08,27.57,1.0,0.5,7.69,9.19,2.0,1.0,15.38,18.38,2.0,1.0,15.38,18.38,2.0,1.0,15.38,18.38,2.0,1.0,15.38,18.38,2.0,1.0,15.38,18.38,0.0,0.0,0.0,0.0,1.0,0.5,7.69,9.19,2.0,1.0,15.38,18.38,46.15,30.77,15.38,79.64,2.0,1.0,15.38,3.92,1.96,0.6,0.6,0.0,0.5,,0.29,1.0,0.6,0.33,0.5,15.38,0.0,0.08,15.38,0.0
3,福爾摩沙夢想家,79|86|89,張宗憲/林俊吉/蔣淯安,1,11,13.0,145.0,2.42,02:25,145.0,2.42,02:25,3.0,3.0,23.08,44.69,5.0,5.0,38.46,74.48,5.0,5.0,38.46,74.48,1.0,1.0,7.69,14.9,3.0,3.0,23.08,44.69,1.0,1.0,7.69,14.9,2.0,2.0,15.38,29.79,0.0,0.0,0.0,0.0,2.0,2.0,15.38,29.79,1.0,1.0,7.69,14.9,0.0,0.0,0.0,0.0,3.0,3.0,23.08,44.69,0.0,0.0,0.0,0.0,1.0,1.0,7.69,14.9,1.0,1.0,7.69,14.9,2.0,2.0,15.38,29.79,0.0,0.0,0.0,0.0,1.0,1.0,7.69,14.9,1.0,1.0,7.69,14.9,0.0,0.0,0.0,0.0,23.08,38.46,-15.38,129.1,-2.0,-2.0,-15.38,2.42,2.42,0.2,0.26,0.33,0.0,0.5,0.15,2.0,0.0,1.0,0.75,0.0,7.69,0.08,0.0,0.4
3,福爾摩沙夢想家,86|89|107,林俊吉/蔣淯安/霍爾曼,1,12,14.0,153.14,2.55,02:33,153.14,2.55,02:33,3.0,3.0,21.43,42.31,5.0,5.0,35.71,70.52,6.0,6.0,42.86,84.63,1.0,1.0,7.14,14.1,3.0,3.0,21.43,42.31,1.0,1.0,7.14,14.1,3.0,3.0,21.43,42.31,0.0,0.0,0.0,0.0,2.0,2.0,14.29,28.21,1.0,1.0,7.14,14.1,0.0,0.0,0.0,0.0,4.0,4.0,28.57,56.42,0.0,0.0,0.0,0.0,1.0,1.0,7.14,14.1,1.0,1.0,7.14,14.1,2.0,2.0,14.29,28.21,0.0,0.0,0.0,0.0,1.0,1.0,7.14,14.1,1.0,1.0,7.14,14.1,0.0,0.0,0.0,0.0,21.43,35.71,-14.29,131.65,-2.0,-2.0,-14.29,2.55,2.55,0.17,0.22,0.33,0.0,0.5,0.13,2.0,0.0,1.0,0.8,0.0,7.14,0.07,0.0,0.33
3,福爾摩沙夢想家,86|89|13906,林俊吉/蔣淯安/班提爾,1,23,25.0,303.14,5.05,05:03,303.14,5.05,05:03,9.0,9.0,36.0,64.13,7.0,7.0,28.0,49.88,11.0,11.0,44.0,78.38,4.0,4.0,16.0,28.5,8.0,8.0,32.0,57.0,4.0,4.0,16.0,28.5,3.0,3.0,12.0,21.38,0.0,0.0,0.0,0.0,3.0,3.0,12.0,21.38,1.0,1.0,4.0,7.13,0.0,0.0,0.0,0.0,7.0,7.0,28.0,49.88,1.0,1.0,4.0,7.13,3.0,3.0,12.0,21.38,1.0,1.0,4.0,7.13,4.0,4.0,16.0,28.5,0.0,0.0,0.0,0.0,2.0,2.0,8.0,14.25,3.0,3.0,12.0,21.38,0.0,0.0,0.0,0.0,36.0,28.0,8.0,118.76,2.0,2.0,8.0,5.05,5.05,0.36,0.37,0.5,0.0,0.33,0.08,1.0,0.0,0.88,0.64,0.0,8.0,0.12,0.0,0.27
3,新竹御嵿攻城獅,76|88|10885,曾柏喻/盧冠軒/劉丞勳,2,27,29.0,374.1,6.24,06:14,187.05,3.12,03:07,11.0,5.5,37.93,63.51,12.0,6.0,41.38,69.29,10.0,5.0,34.48,57.74,3.0,1.5,10.34,17.32,7.0,3.5,24.14,40.42,2.0,1.0,6.9,11.55,3.0,1.5,10.34,17.32,1.0,0.5,3.45,5.77,6.0,3.0,20.69,34.64,4.0,2.0,13.79,23.1,1.0,0.5,3.45,5.77,7.0,3.5,24.14,40.42,2.0,1.0,6.9,11.55,8.0,4.0,27.59,46.19,1.0,0.5,3.45,5.77,3.0,1.5,10.34,17.32,0.0,0.0,0.0,0.0,0.0,0.0,0.0,0.0,3.0,1.5,10.34,17.32,4.0,2.0,13.79,23.1,37.93,41.38,-3.45,111.63,-1.0,-0.5,-3.45,6.24,3.12,0.35,0.44,0.29,0.33,0.67,0.07,1.0,0.11,0.78,0.44,0.0,0.0,0.1,13.79,0.6
3,新竹御嵿攻城獅,88|10885|10888,盧冠軒/劉丞勳/帕塞獅,2,33,35.0,482.61,8.04,08:03,241.31,4.02,04:01,8.0,4.0,22.86,35.8,16.0,8.0,45.71,71.61,13.0,6.5,37.14,58.18,4.0,2.0,11.43,17.9,8.0,4.0,22.86,35.8,4.0,2.0,11.43,17.9,5.0,2.5,14.29,22.38,0.0,0.0,0.0,0.0,2.0,1.0,5.71,8.95,2.0,1.0,5.71,8.95,1.0,0.5,2.86,4.48,8.0,4.0,22.86,35.8,3.0,1.5,8.57,13.43,9.0,4.5,25.71,40.28,2.0,1.0,5.71,8.95,2.0,1.0,5.71,8.95,0.0,0.0,0.0,0.0,0.0,0.0,0.0,0.0,3.0,1.5,8.57,13.43,4.0,2.0,11.43,17.9,22.86,45.71,-22.86,104.43,-8.0,-4.0,-22.86,8.04,4.02,0.31,0.29,0.5,0.0,1.0,0.13,0.5,0.1,0.73,0.43,0.0,0.0,0.09,11.43,0.15
3,新竹御嵿攻城獅,88|10885|14843,盧冠軒/劉丞勳/馬力,2,44,48.0,673.35,11.22,11:13,336.67,5.61,05:37,13.0,6.5,27.08,41.7,21.0,10.5,43.75,67.36,16.0,8.0,33.33,51.33,5.0,2.5,10.42,16.04,9.0,4.5,18.75,28.87,4.0,2.0,8.33,12.83,7.0,3.5,14.58,22.45,1.0,0.5,2.08,3.21,6.0,3.0,12.5,19.25,4.0,2.0,8.33,12.83,1.0,0.5,2.08,3.21,11.0,5.5,22.92,35.29,5.0,2.5,10.42,16.04,12.0,6.0,25.0,38.49,3.0,1.5,6.25,9.62,4.0,2.0,8.33,12.83,0.0,0.0,0.0,0.0,0.0,0.0,0.0,0.0,4.0,2.0,8.33,12.83,6.0,3.0,12.5,19.25,27.08,43.75,-16.67,102.65,-8.0,-4.0,-16.67,11.22,5.61,0.34,0.35,0.44,0.14,0.67,0.14,0.8,0.08,0.69,0.41,0.0,0.0,0.08,12.5,0.38
3,新竹御嵿攻城獅,10885|10888|14843,劉丞勳/帕塞獅/馬力,2,33,35.0,482.61,8.04,08:03,241.31,4.02,04:01,8.0,4.0,22.86,35.8,16.0,8.0,45.71,71.61,13.0,6.5,37.14,58.18,4.0,2.0,11.43,17.9,8.0,4.0,22.86,35.8,4.0,2.0,11.43,17.9,5.0,2.5,14.29,22.38,0.0,0.0,0.0,0.0,2.0,1.0,5.71,8.95,2.0,1.0,5.71,8.95,1.0,0.5,2.86,4.48,8.0,4.0,22.86,35.8,3.0,1.5,8.57,13.43,9.0,4.5,25.71,40.28,2.0,1.0,5.71,8.95,2.0,1.0,5.71,8.95,0.0,0.0,0.0,0.0,0.0,0.0,0.0,0.0,3.0,1.5,8.57,13.43,4.0,2.0,11.43,17.9,22.86,45.71,-22.86,104.43,-8.0,-4.0,-22.86,8.04,4.02,0.31,0.29,0.5,0.0,1.0,0.13,0.5,0.1,0.73,0.43,0.0,0.0,0.09,11.43,0.15
3,新竹御嵿攻城獅,75|87|10885,高國豪/蔡宸綱/劉丞勳,2,20,27.0,379.0,6.32,06:19,189.5,3.16,03:09,3.0,1.5,11.11,17.1,6.0,3.0,22.22,34.2,8.0,4.0,29.63,45.59,1.0,0.5,3.7,5.7,3.0,1.5,11.11,17.1,0.0,0.0,0.0,0.0,5.0,2.5,18.52,28.5,1.0,0.5,3.7,5.7,0.0,0.0,0.0,0.0,0.0,0.0,0.0,0.0,3.0,1.5,11.11,17.1,5.0,2.5,18.52,28.5,5.0,2.5,18.52,28.5,4.0,2.0,14.81,22.8,4.0,2.0,14.81,22.8,0.0,0.0,0.0,0.0,1.0,0.5,3.7,5.7,1.0,0.5,3.7,5.7,1.0,0.5,3.7,5.7,2.0,1.0,7.41,11.4,11.11,22.22,-11.11,102.59,-3.0,-1.5,-11.11,6.32,3.16,0.19,0.19,0.0,0.2,,0.33,0.0,0.43,0.5,0.47,3.7,3.7,0.04,7.41,0.0
3,新竹御嵿攻城獅,87|10885|10887,蔡宸綱/劉丞勳/德魯,2,21,28.0,387.14,6.45,06:27,193.57,3.23,03:14,3.0,1.5,10.71,16.74,6.0,3.0,21.43,33.48,8.0,4.0,28.57,44.64,1.0,0.5,3.57,5.58,3.0,1.5,10.71,16.74,0.0,0.0,0.0,0.0,5.0,2.5,17.86,27.9,1.0,0.5,3.57,5.58,0.0,0.0,0.0,0.0,0.0,0.0,0.0,0.0,3.0,1.5,10.71,16.74,5.0,2.5,17.86,27.9,5.0,2.5,17.86,27.9,5.0,2.5,17.86,27.9,4.0,2.0,14.29,22.32,0.0,0.0,0.0,0.0,1.0,0.5,3.57,5.58,1.0,0.5,3.57,5.58,1.0,0.5,3.57,5.58,2.0,1.0,7.14,11.16,10.71,21.43,-10.71,104.15,-3.0,-1.5,-10.71,6.45,3.23,0.19,0.19,0.0,0.2,,0.33,0.0,0.38,0.5,0.44,3.57,3.57,0.04,7.14,0.0
3,新竹御嵿攻城獅,87|10885|14843,蔡宸綱/劉丞勳/馬力,2,21,28.0,387.14,6.45,06:27,193.57,3.23,03:14,3.0,1.5,10.71,16.74,6.0,3.0,21.43,33.48,8.0,4.0,28.57,44.64,1.0,0.5,3.57,5.58,3.0,1.5,10.71,16.74,0.0,0.0,0.0,0.0,5.0,2.5,17.86,27.9,1.0,0.5,3.57,5.58,0.0,0.0,0.0,0.0,0.0,0.0,0.0,0.0,3.0,1.5,10.71,16.74,5.0,2.5,17.86,27.9,5.0,2.5,17.86,27.9,5.0,2.5,17.86,27.9,4.0,2.0,14.29,22.32,0.0,0.0,0.0,0.0,1.0,0.5,3.57,5.58,1.0,0.5,3.57,5.58,1.0,0.5,3.57,5.58,2.0,1.0,7.14,11.16,10.71,21.43,-10.71,104.15,-3.0,-1.5,-10.71,6.45,3.23,0.19,0.19,0.0,0.2,,0.33,0.0,0.38,0.5,0.44,3.57,3.57,0.04,7.14,0.0
3,福爾摩沙夢想家,89|99|103,蔣淯安/盧冠良/忻沃克,2,17,24.0,370.2,6.17,06:10,185.1,3.08,03:05,11.0,5.5,45.83,64.18,18.0,9.0,75.0,105.02,9.0,4.5,37.5,52.51,5.0,2.5,20.83,29.17,6.0,3.0,25.0,35.01,4.0,2.0,16.67,23.34,3.0,1.5,12.5,17.5,1.0,0.5,4.17,5.83,0.0,0.0,0.0,0.0,0.0,0.0,0.0,0.0,2.0,1.0,8.33,11.67,2.0,1.0,8.33,11.67,4.0,2.0,16.67,23.34,2.0,1.0,8.33,11.67,1.0,0.5,4.17,5.83,2.0,1.0,8.33,11.67,1.0,0.5,4.17,5.83,0.0,0.0,0.0,0.0,2.0,1.0,8.33,11.67,5.0,2.5,20.83,29.17,45.83,75.0,-29.17,93.36,-7.0,-3.5,-29.17,6.17,3.08,0.61,0.61,0.67,0.33,,0.1,0.4,0.5,0.33,0.4,4.17,0.0,0.08,20.83,0.0
3,福爾摩沙夢想家,99|103|13906,盧冠良/忻沃克/班提爾,1,2,3.0,55.55,0.93,00:56,55.55,0.93,00:56,2.0,2.0,66.67,77.76,3.0,3.0,100.0,116.64,1.0,1.0,33.33,38.88,1.0,1.0,33.33,38.88,1.0,1.0,33.33,38.88,1.0,1.0,33.33,38.88,0.0,0.0,0.0,0.0,0.0,0.0,0.0,0.0,0.0,0.0,0.0,0.0,0.0,0.0,0.0,0.0,0.0,0.0,0.0,0.0,0.0,0.0,0.0,0.0,0.0,0.0,0.0,0.0,2.0,2.0,66.67,77.76,0.0,0.0,0.0,0.0,0.0,0.0,0.0,0.0,0.0,0.0,0.0,0.0,0.0,0.0,0.0,0.0,1.0,1.0,33.33,38.88,1.0,1.0,33.33,38.88,66.67,100.0,-33.33,77.76,-1.0,-1.0,-33.33,0.93,0.93,1.0,1.0,1.0,,,0.0,0.0,0.0,,0.0,0.0,0.0,0.33,33.33,0.0
3,福爾摩沙夢想家,77|89|99,馬建豪/蔣淯安/盧冠良,2,18,22.0,271.06,4.52,04:31,135.53,2.26,02:16,7.0,3.5,31.82,55.78,10.0,5.0,45.45,79.69,8.0,4.0,36.36,63.75,2.0,1.0,9.09,15.94,3.0,1.5,13.64,23.91,1.0,0.5,4.55,7.97,5.0,2.5,22.73,39.84,1.0,0.5,4.55,7.97,2.0,1.0,9.09,15.94,2.0,1.0,9.09,15.94,1.0,0.5,4.55,7.97,5.0,2.5,22.73,39.84,3.0,1.5,13.64,23.91,4.0,2.0,18.18,31.88,1.0,0.5,4.55,7.97,1.0,0.5,4.55,7.97,1.0,0.5,4.55,7.97,0.0,0.0,0.0,0.0,2.0,1.0,9.09,15.94,2.0,1.0,9.09,15.94,31.82,45.45,-13.64,116.88,-3.0,-1.5,-13.64,4.52,2.26,0.31,0.39,0.33,0.2,1.0,0.1,0.5,0.2,0.62,0.46,4.55,0.0,0.09,9.09,0.25
3,福爾摩沙夢想家,77|99|107,馬建豪/盧冠良/霍爾曼,2,42,50.0,728.47,12.14,12:08,364.23,6.07,06:04,14.0,7.0,28.0,41.51,27.0,13.5,54.0,80.06,19.0,9.5,38.0,56.34,5.0,2.5,10.0,14.83,10.0,5.0,20.0,29.65,4.0,2.0,8.0,11.86,9.0,4.5,18.0,26.69,1.0,0.5,2.0,2.97,3.0,1.5,6.0,8.9,3.0,1.5,6.0,8.9,3.0,1.5,6.0,8.9,11.0,5.5,22.0,32.62,4.0,2.0,8.0,11.86,9.0,4.5,18.0,26.69,4.0,2.0,8.0,11.86,2.0,1.0,4.0,5.93,4.0,2.0,8.0,11.86,0.0,0.0,0.0,0.0,4.0,2.0,8.0,11.86,9.0,4.5,18.0,26.69,28.0,54.0,-26.0,98.84,-13.0,-6.5,-26.0,12.14,6.07,0.29,0.34,0.4,0.11,1.0,0.16,0.4,0.25,0.73,0.52,8.0,0.0,0.08,18.0,0.16
3,福爾摩沙夢想家,77|99|13906,馬建豪/盧冠良/班提爾,2,26,31.0,439.67,7.33,07:20,219.84,3.66,03:40,11.0,5.5,35.48,54.04,12.0,6.0,38.71,58.95,12.0,6.0,38.71,58.95,3.0,1.5,9.68,14.74,6.0,3.0,19.35,29.48,2.0,1.0,6.45,9.83,6.0,3.0,19.35,29.48,1.0,0.5,3.23,4.91,4.0,2.0,12.9,19.65,4.0,2.0,12.9,19.65,2.0,1.0,6.45,9.83,7.0,3.5,22.58,34.39,3.0,1.5,9.68,14.74,6.0,3.0,19.35,29.48,1.0,0.5,3.23,4.91,2.0,1.0,6.45,9.83,1.0,0.5,3.23,4.91,0.0,0.0,0.0,0.0,4.0,2.0,12.9,19.65,2.0,1.0,6.45,9.83,35.48,38.71,-3.23,101.53,-1.0,-0.5,-3.23,7.33,3.66,0.29,0.4,0.33,0.17,1.0,0.07,0.67,0.25,0.7,0.5,3.23,0.0,0.13,6.45,0.33
3,福爾摩沙夢想家,77|86|99,馬建豪/林俊吉/盧冠良,2,26,29.0,425.67,7.09,07:06,212.84,3.55,03:33,8.0,4.0,27.59,40.59,16.0,8.0,55.17,81.19,11.0,5.5,37.93,55.82,3.0,1.5,10.34,15.22,7.0,3.5,24.14,35.52,3.0,1.5,10.34,15.22,4.0,2.0,13.79,20.3,0.0,0.0,0.0,0.0,2.0,1.0,6.9,10.15,2.0,1.0,6.9,10.15,2.0,1.0,6.9,10.15,6.0,3.0,20.69,30.45,1.0,0.5,3.45,5.07,4.0,2.0,13.79,20.3,3.0,1.5,10.34,15.22,2.0,1.0,6.9,10.15,3.0,1.5,10.34,15.22,0.0,0.0,0.0,0.0,2.0,1.0,6.9,10.15,2.0,1.0,6.9,10.15,27.59,55.17,-27.59,98.1,-8.0,-4.0,-27.59,7.09,3.55,0.27,0.34,0.43,0.0,1.0,0.2,0.67,0.33,0.86,0.62,10.34,0.0,0.07,6.9,0.18
3,福爾摩沙夢想家,77|86|106,馬建豪/林俊吉/高柏鎧,1,6,6.0,115.0,1.92,01:55,115.0,1.92,01:55,2.0,2.0,33.33,37.57,5.0,5.0,83.33,93.91,3.0,3.0,50.0,56.35,1.0,1.0,16.67,18.78,2.0,2.0,33.33,37.57,1.0,1.0,16.67,18.78,1.0,1.0,16.67,18.78,0.0,0.0,0.0,0.0,0.0,0.0,0.0,0.0,0.0,0.0,0.0,0.0,0.0,0.0,0.0,0.0,2.0,2.0,33.33,37.57,0.0,0.0,0.0,0.0,1.0,1.0,16.67,18.78,0.0,0.0,0.0,0.0,1.0,1.0,16.67,18.78,0.0,0.0,0.0,0.0,0.0,0.0,0.0,0.0,0.0,0.0,0.0,0.0,0.0,0.0,0.0,0.0,33.33,83.33,-50.0,75.13,-3.0,-3.0,-50.0,1.92,1.92,0.33,0.33,0.5,0.0,,0.0,1.0,0.0,1.0,0.67,0.0,0.0,0.0,0.0,0.0
3,福爾摩沙夢想家,77|86|107,馬建豪/林俊吉/霍爾曼,2,25,29.0,401.71,6.7,06:42,200.86,3.35,03:21,5.0,2.5,17.24,26.88,16.0,8.0,55.17,86.03,11.0,5.5,37.93,59.15,2.0,1.0,6.9,10.75,6.0,3.0,20.69,32.26,2.0,1.0,6.9,10.75,5.0,2.5,17.24,26.88,0.0,0.0,0.0,0.0,1.0,0.5,3.45,5.38,1.0,0.5,3.45,5.38,2.0,1.0,6.9,10.75,7.0,3.5,24.14,37.64,1.0,0.5,3.45,5.38,4.0,2.0,13.79,21.51,3.0,1.5,10.34,16.13,1.0,0.5,3.45,5.38,3.0,1.5,10.34,16.13,0.0,0.0,0.0,0.0,1.0,0.5,3.45,5.38,2.0,1.0,6.9,10.75,17.24,55.17,-37.93,103.96,-11.0,-5.5,-37.93,6.7,3.35,0.18,0.22,0.33,0.0,1.0,0.21,0.5,0.33,0.88,0.64,10.34,0.0,0.03,6.9,0.09
3,福爾摩沙夢想家,77|99|106,馬建豪/盧冠良/高柏鎧,1,6,6.0,115.0,1.92,01:55,115.0,1.92,01:55,2.0,2.0,33.33,37.57,5.0,5.0,83.33,93.91,3.0,3.0,50.0,56.35,1.0,1.0,16.67,18.78,2.0,2.0,33.33,37.57,1.0,1.0,16.67,18.78,1.0,1.0,16.67,18.78,0.0,0.0,0.0,0.0,0.0,0.0,0.0,0.0,0.0,0.0,0.0,0.0,0.0,0.0,0.0,0.0,2.0,2.0,33.33,37.57,0.0,0.0,0.0,0.0,1.0,1.0,16.67,18.78,0.0,0.0,0.0,0.0,1.0,1.0,16.67,18.78,0.0,0.0,0.0,0.0,0.0,0.0,0.0,0.0,0.0,0.0,0.0,0.0,0.0,0.0,0.0,0.0,33.33,83.33,-50.0,75.13,-3.0,-3.0,-50.0,1.92,1.92,0.33,0.33,0.5,0.0,,0.0,1.0,0.0,1.0,0.67,0.0,0.0,0.0,0.0,0.0
3,福爾摩沙夢想家,79|86|99,張宗憲/林俊吉/盧冠良,2,20,23.0,297.76,4.96,04:58,148.88,2.48,02:29,9.0,4.5,39.13,65.29,10.0,5.0,43.48,72.54,9.0,4.5,39.13,65.29,1.0,0.5,4.35,7.25,3.0,1.5,13.04,21.76,0.0,0.0,0.0,0.0,6.0,3.0,26.09,43.52,1.0,0.5,4.35,7.25,6.0,3.0,26.09,43.52,6.0,3.0,26.09,43.52,2.0,1.0,8.7,14.51,6.0,3.0,26.09,43.52,0.0,0.0,0.0,0.0,4.0,2.0,17.39,29.02,0.0,0.0,0.0,0.0,1.0,0.5,4.35,7.25,0.0,0.0,0.0,0.0,0.0,0.0,0.0,0.0,3.0,1.5,13.04,21.76,4.0,2.0,17.39,29.02,39.13,43.48,-4.35,111.23,-1.0,-0.5,-4.35,4.96,2.48,0.17,0.39,0.0,0.17,1.0,0.0,1.0,0.33,1.0,0.67,0.0,0.0,0.13,17.39,0.67
3,福爾摩沙夢想家,79|99|106,張宗憲/盧冠良/高柏鎧,1,6,7.0,85.76,1.43,01:26,85.76,1.43,01:26,2.0,2.0,28.57,50.37,1.0,1.0,14.29,25.19,3.0,3.0,42.86,75.56,0.0,0.0,0.0,0.0,1.0,1.0,14.29,25.19,0.0,0.0,0.0,0.0,2.0,2.0,28.57,50.37,0.0,0.0,0.0,0.0,2.0,2.0,28.57,50.37,2.0,2.0,28.57,50.37,1.0,1.0,14.29,25.19,2.0,2.0,28.57,50.37,0.0,0.0,0.0,0.0,2.0,2.0,28.57,50.37,0.0,0.0,0.0,0.0,0.0,0.0,0.0,0.0,0.0,0.0,0.0,0.0,0.0,0.0,0.0,0.0,1.0,1.0,14.29,25.19,2.0,2.0,28.57,50.37,28.57,14.29,14.29,117.53,1.0,1.0,14.29,1.43,1.43,0.0,0.26,0.0,0.0,1.0,0.0,,0.33,1.0,0.6,0.0,0.0,0.14,28.57,0.67
3,福爾摩沙夢想家,79|106|107,張宗憲/高柏鎧/霍爾曼,1,13,15.0,215.76,3.6,03:36,215.76,3.6,03:36,6.0,6.0,40.0,60.07,5.0,5.0,33.33,50.05,5.0,5.0,33.33,50.05,2.0,2.0,13.33,20.02,3.0,3.0,20.0,30.03,2.0,2.0,13.33,20.02,2.0,2.0,13.33,20.02,0.0,0.0,0.0,0.0,2.0,2.0,13.33,20.02,2.0,2.0,13.33,20.02,1.0,1.0,6.67,10.01,2.0,2.0,13.33,20.02,1.0,1.0,6.67,10.01,3.0,3.0,20.0,30.03,1.0,1.0,6.67,10.01,0.0,0.0,0.0,0.0,1.0,1.0,6.67,10.01,0.0,0.0,0.0,0.0,1.0,1.0,6.67,10.01,2.0,2.0,13.33,20.02,40.0,33.33,6.67,100.11,1.0,1.0,6.67,3.6,3.6,0.4,0.51,0.67,0.0,1.0,0.15,0.0,0.25,0.67,0.43,6.67,0.0,0.07,13.33,0.4
3,新竹御嵿攻城獅,88|10885|10887,盧冠軒/劉丞勳/德魯,1,11,13.0,190.73,3.18,03:11,190.73,3.18,03:11,5.0,5.0,38.46,56.62,5.0,5.0,38.46,56.62,3.0,3.0,23.08,33.97,1.0,1.0,7.69,11.32,1.0,1.0,7.69,11.32,0.0,0.0,0.0,0.0,2.0,2.0,15.38,22.65,1.0,1.0,7.69,11.32,4.0,4.0,30.77,45.3,2.0,2.0,15.38,22.65,0.0,0.0,0.0,0.0,3.0,3.0,23.08,33.97,2.0,2.0,15.38,22.65,3.0,3.0,23.08,33.97,1.0,1.0,7.69,11.32,2.0,2.0,15.38,22.65,0.0,0.0,0.0,0.0,0.0,0.0,0.0,0.0,1.0,1.0,7.69,11.32,2.0,2.0,15.38,22.65,38.46,38.46,0.0,98.15,0.0,0.0,0.0,3.18,3.18,0.5,0.53,0.0,0.5,0.5,0.17,2.0,0.0,0.6,0.38,0.0,0.0,0.08,15.38,1.33
3,福爾摩沙夢想家,86|99|13906,林俊吉/盧冠良/班提爾,2,25,29.0,388.67,6.48,06:29,194.34,3.24,03:14,11.0,5.5,37.93,61.13,13.0,6.5,44.83,72.25,10.0,5.0,34.48,55.57,2.0,1.0,6.9,11.11,5.0,2.5,17.24,27.79,1.0,0.5,3.45,5.56,5.0,2.5,17.24,27.79,1.0,0.5,3.45,5.56,6.0,3.0,20.69,33.34,6.0,3.0,20.69,33.34,2.0,1.0,6.9,11.11,6.0,3.0,20.69,33.34,1.0,0.5,3.45,5.56,4.0,2.0,13.79,22.23,1.0,0.5,3.45,5.56,2.0,1.0,6.9,11.11,1.0,0.5,3.45,5.56,0.0,0.0,0.0,0.0,4.0,2.0,13.79,22.23,4.0,2.0,13.79,22.23,37.93,44.83,-6.9,107.44,-2.0,-1.0,-6.9,6.48,3.24,0.25,0.44,0.2,0.2,1.0,0.07,1.0,0.33,0.86,0.62,3.45,0.0,0.14,13.79,0.6
3,福爾摩沙夢想家,89|99|106,蔣淯安/盧冠良/高柏鎧,1,5,8.0,135.06,2.25,02:15,135.06,2.25,02:15,2.0,2.0,25.0,31.99,4.0,4.0,50.0,63.97,4.0,4.0,50.0,63.97,1.0,1.0,12.5,15.99,3.0,3.0,37.5,47.98,1.0,1.0,12.5,15.99,1.0,1.0,12.5,15.99,0.0,0.0,0.0,0.0,0.0,0.0,0.0,0.0,0.0,0.0,0.0,0.0,2.0,2.0,25.0,31.99,1.0,1.0,12.5,15.99,2.0,2.0,25.0,31.99,1.0,1.0,12.5,15.99,0.0,0.0,0.0,0.0,0.0,0.0,0.0,0.0,0.0,0.0,0.0,0.0,0.0,0.0,0.0,0.0,1.0,1.0,12.5,15.99,0.0,0.0,0.0,0.0,25.0,50.0,-25.0,85.3,-2.0,-2.0,-25.0,2.25,2.25,0.25,0.25,0.33,0.0,,0.0,0.0,0.67,0.33,0.5,0.0,0.0,0.12,0.0,0.0
3,福爾摩沙夢想家,86|89|103,林俊吉/蔣淯安/忻沃克,1,12,12.0,158.14,2.64,02:38,158.14,2.64,02:38,6.0,6.0,50.0,81.95,2.0,2.0,16.67,27.32,6.0,6.0,50.0,81.95,3.0,3.0,25.0,40.98,5.0,5.0,41.67,68.29,3.0,3.0,25.0,40.98,1.0,1.0,8.33,13.66,0.0,0.0,0.0,0.0,1.0,1.0,8.33,13.66,0.0,0.0,0.0,0.0,0.0,0.0,0.0,0.0,4.0,4.0,33.33,54.64,1.0,1.0,8.33,13.66,2.0,2.0,16.67,27.32,0.0,0.0,0.0,0.0,2.0,2.0,16.67,27.32,0.0,0.0,0.0,0.0,1.0,1.0,8.33,13.66,2.0,2.0,16.67,27.32,0.0,0.0,0.0,0.0,50.0,16.67,33.33,109.27,4.0,4.0,33.33,2.64,2.64,0.5,0.47,0.6,0.0,0.0,0.0,0.67,0.0,0.8,0.57,0.0,8.33,0.17,0.0,0.17
3,福爾摩沙夢想家,86|89|106,林俊吉/蔣淯安/高柏鎧,1,11,11.0,150.0,2.5,02:30,150.0,2.5,02:30,6.0,6.0,54.55,86.4,2.0,2.0,18.18,28.8,5.0,5.0,45.45,72.0,3.0,3.0,27.27,43.2,5.0,5.0,45.45,72.0,3.0,3.0,27.27,43.2,0.0,0.0,0.0,0.0,0.0,0.0,0.0,0.0,1.0,1.0,9.09,14.4,0.0,0.0,0.0,0.0,0.0,0.0,0.0,0.0,3.0,3.0,27.27,43.2,1.0,1.0,9.09,14.4,2.0,2.0,18.18,28.8,0.0,0.0,0.0,0.0,2.0,2.0,18.18,28.8,0.0,0.0,0.0,0.0,1.0,1.0,9.09,14.4,2.0,2.0,18.18,28.8,0.0,0.0,0.0,0.0,54.55,18.18,36.36,105.6,4.0,4.0,36.36,2.5,2.5,0.6,0.55,0.6,,0.0,0.0,0.67,0.0,0.75,0.5,0.0,9.09,0.18,0.0,0.2
3,新竹御嵿攻城獅,75|88|10885,高國豪/盧冠軒/劉丞勳,2,17,19.0,299.24,4.99,04:59,149.62,2.49,02:30,2.0,1.0,10.53,14.44,9.0,4.5,47.37,64.96,6.0,3.0,31.58,43.31,2.0,1.0,10.53,14.44,2.0,1.0,10.53,14.44,2.0,1.0,10.53,14.44,4.0,2.0,21.05,28.87,0.0,0.0,0.0,0.0,0.0,0.0,0.0,0.0,0.0,0.0,0.0,0.0,0.0,0.0,0.0,0.0,4.0,2.0,21.05,28.87,3.0,1.5,15.79,21.65,4.0,2.0,21.05,28.87,2.0,1.0,10.53,14.44,1.0,0.5,5.26,7.22,0.0,0.0,0.0,0.0,0.0,0.0,0.0,0.0,1.0,0.5,5.26,7.22,2.0,1.0,10.53,14.44,10.53,47.37,-36.84,91.43,-7.0,-3.5,-36.84,4.99,2.49,0.33,0.17,1.0,0.0,,0.25,0.5,0.0,0.57,0.36,0.0,0.0,0.05,10.53,0.0
3,新竹御嵿攻城獅,75|76|87,高國豪/曾柏喻/蔡宸綱,1,2,2.0,34.0,0.57,00:34,34.0,0.57,00:34,0.0,0.0,0.0,0.0,0.0,0.0,0.0,0.0,1.0,1.0,50.0,63.53,0.0,0.0,0.0,0.0,1.0,1.0,50.0,63.53,0.0,0.0,0.0,0.0,0.0,0.0,0.0,0.0,0.0,0.0,0.0,0.0,0.0,0.0,0.0,0.0,0.0,0.0,0.0,0.0,0.0,0.0,0.0,0.0,1.0,1.0,50.0,63.53,0.0,0.0,0.0,0.0,1.0,1.0,50.0,63.53,0.0,0.0,0.0,0.0,0.0,0.0,0.0,0.0,0.0,0.0,0.0,0.0,1.0,1.0,50.0,63.53,0.0,0.0,0.0,0.0,0.0,0.0,0.0,0.0,0.0,0.0,0.0,84.71,0.0,0.0,0.0,0.57,0.57,0.0,0.0,0.0,,,0.0,,0.0,1.0,0.5,0.0,50.0,0.0,0.0,0.0
3,新竹御嵿攻城獅,82|87|10885,蕭順議/蔡宸綱/劉丞勳,1,1,1.0,8.14,0.14,00:08,8.14,0.14,00:08,0.0,0.0,0.0,0.0,0.0,0.0,0.0,0.0,0.0,0.0,0.0,0.0,0.0,0.0,0.0,0.0,0.0,0.0,0.0,0.0,0.0,0.0,0.0,0.0,0.0,0.0,0.0,0.0,0.0,0.0,0.0,0.0,0.0,0.0,0.0,0.0,0.0,0.0,0.0,0.0,0.0,0.0,0.0,0.0,0.0,0.0,0.0,0.0,0.0,0.0,0.0,0.0,1.0,1.0,100.0,265.42,0.0,0.0,0.0,0.0,0.0,0.0,0.0,0.0,0.0,0.0,0.0,0.0,0.0,0.0,0.0,0.0,0.0,0.0,0.0,0.0,0.0,0.0,0.0,0.0,0.0,0.0,0.0,176.95,0.0,0.0,0.0,0.14,0.14,,,,,,,,0.0,,0.0,0.0,0.0,0.0,0.0,
3,新竹御嵿攻城獅,82|87|10887,蕭順議/蔡宸綱/德魯,1,1,1.0,8.14,0.14,00:08,8.14,0.14,00:08,0.0,0.0,0.0,0.0,0.0,0.0,0.0,0.0,0.0,0.0,0.0,0.0,0.0,0.0,0.0,0.0,0.0,0.0,0.0,0.0,0.0,0.0,0.0,0.0,0.0,0.0,0.0,0.0,0.0,0.0,0.0,0.0,0.0,0.0,0.0,0.0,0.0,0.0,0.0,0.0,0.0,0.0,0.0,0.0,0.0,0.0,0.0,0.0,0.0,0.0,0.0,0.0,1.0,1.0,100.0,265.42,0.0,0.0,0.0,0.0,0.0,0.0,0.0,0.0,0.0,0.0,0.0,0.0,0.0,0.0,0.0,0.0,0.0,0.0,0.0,0.0,0.0,0.0,0.0,0.0,0.0,0.0,0.0,176.95,0.0,0.0,0.0,0.14,0.14,,,,,,,,0.0,,0.0,0.0,0.0,0.0,0.0,
3,新竹御嵿攻城獅,82|87|14843,蕭順議/蔡宸綱/馬力,2,8,11.0,131.14,2.19,02:11,65.57,1.09,01:06,2.0,1.0,18.18,32.94,2.0,1.0,18.18,32.94,5.0,2.5,45.45,82.36,1.0,0.5,9.09,16.47,4.0,2.0,36.36,65.88,1.0,0.5,9.09,16.47,1.0,0.5,9.09,16.47,0.0,0.0,0.0,0.0,0.0,0.0,0.0,0.0,0.0,0.0,0.0,0.0,2.0,1.0,18.18,32.94,2.0,1.0,18.18,32.94,1.0,0.5,9.09,16.47,3.0,1.5,27.27,49.41,0.0,0.0,0.0,0.0,0.0,0.0,0.0,0.0,0.0,0.0,0.0,0.0,0.0,0.0,0.0,0.0,1.0,0.5,9.09,16.47,2.0,1.0,18.18,32.94,18.18,18.18,0.0,120.79,0.0,0.0,0.0,2.19,1.09,0.2,0.2,0.25,0.0,,0.0,0.0,0.4,0.67,0.5,0.0,0.0,0.09,18.18,0.0
3,新竹御嵿攻城獅,82|10885|10887,蕭順議/劉丞勳/德魯,1,1,1.0,8.14,0.14,00:08,8.14,0.14,00:08,0.0,0.0,0.0,0.0,0.0,0.0,0.0,0.0,0.0,0.0,0.0,0.0,0.0,0.0,0.0,0.0,0.0,0.0,0.0,0.0,0.0,0.0,0.0,0.0,0.0,0.0,0.0,0.0,0.0,0.0,0.0,0.0,0.0,0.0,0.0,0.0,0.0,0.0,0.0,0.0,0.0,0.0,0.0,0.0,0.0,0.0,0.0,0.0,0.0,0.0,0.0,0.0,1.0,1.0,100.0,265.42,0.0,0.0,0.0,0.0,0.0,0.0,0.0,0.0,0.0,0.0,0.0,0.0,0.0,0.0,0.0,0.0,0.0,0.0,0.0,0.0,0.0,0.0,0.0,0.0,0.0,0.0,0.0,176.95,0.0,0.0,0.0,0.14,0.14,,,,,,,,0.0,,0.0,0.0,0.0,0.0,0.0,
3,新竹御嵿攻城獅,82|10885|14843,蕭順議/劉丞勳/馬力,1,1,1.0,8.14,0.14,00:08,8.14,0.14,00:08,0.0,0.0,0.0,0.0,0.0,0.0,0.0,0.0,0.0,0.0,0.0,0.0,0.0,0.0,0.0,0.0,0.0,0.0,0.0,0.0,0.0,0.0,0.0,0.0,0.0,0.0,0.0,0.0,0.0,0.0,0.0,0.0,0.0,0.0,0.0,0.0,0.0,0.0,0.0,0.0,0.0,0.0,0.0,0.0,0.0,0.0,0.0,0.0,0.0,0.0,0.0,0.0,1.0,1.0,100.0,265.42,0.0,0.0,0.0,0.0,0.0,0.0,0.0,0.0,0.0,0.0,0.0,0.0,0.0,0.0,0.0,0.0,0.0,0.0,0.0,0.0,0.0,0.0,0.0,0.0,0.0,0.0,0.0,176.95,0.0,0.0,0.0,0.14,0.14,,,,,,,,0.0,,0.0,0.0,0.0,0.0,0.0,
3,新竹御嵿攻城獅,82|10887|14843,蕭順議/德魯/馬力,2,15,21.0,316.24,5.27,05:16,158.12,2.64,02:38,5.0,2.5,23.81,34.15,8.0,4.0,38.1,54.64,7.0,3.5,33.33,47.81,1.0,0.5,4.76,6.83,4.0,2.0,19.05,27.32,1.0,0.5,4.76,6.83,3.0,1.5,14.29,20.49,0.0,0.0,0.0,0.0,7.0,3.5,33.33,47.81,3.0,1.5,14.29,20.49,3.0,1.5,14.29,20.49,5.0,2.5,23.81,34.15,3.0,1.5,14.29,20.49,3.0,1.5,14.29,20.49,1.0,0.5,4.76,6.83,0.0,0.0,0.0,0.0,1.0,0.5,4.76,6.83,0.0,0.0,0.0,0.0,5.0,2.5,23.81,34.15,0.0,0.0,0.0,0.0,23.81,38.1,-14.29,95.62,-3.0,-1.5,-14.29,5.27,2.64,0.14,0.25,0.25,0.0,0.43,0.09,0.0,0.5,0.62,0.57,4.76,0.0,0.24,0.0,1.0
3,福爾摩沙夢想家,79|89|10890,張宗憲/蔣淯安/湯普金斯,1,64,78.0,1126.43,18.77,18:46,1126.43,18.77,18:46,39.0,39.0,50.0,74.78,18.0,18.0,23.08,34.52,29.0,29.0,37.18,55.61,14.0,14.0,17.95,26.85,15.0,15.0,19.23,28.76,7.0,7.0,8.97,13.42,14.0,14.0,17.95,26.85,7.0,7.0,8.97,13.42,6.0,6.0,7.69,11.51,4.0,4.0,5.13,7.67,6.0,6.0,7.69,11.51,9.0,9.0,11.54,17.26,10.0,10.0,12.82,19.18,15.0,15.0,19.23,28.76,4.0,4.0,5.13,7.67,9.0,9.0,11.54,17.26,3.0,3.0,3.85,5.75,2.0,2.0,2.56,3.84,6.0,6.0,7.69,11.51,4.0,4.0,5.13,7.67,50.0,23.08,26.92,99.71,21.0,21.0,26.92,18.77,18.77,0.6,0.62,0.47,0.5,0.67,0.11,0.64,0.29,0.47,0.38,3.85,2.56,0.08,5.13,0.21
3,福爾摩沙夢想家,79|103|10890,張宗憲/忻沃克/湯普金斯,1,43,50.0,707.98,11.8,11:48,707.98,11.8,11:48,25.0,25.0,50.0,76.27,10.0,10.0,20.0,30.51,18.0,18.0,36.0,54.92,9.0,9.0,18.0,27.46,11.0,11.0,22.0,33.56,6.0,6.0,12.0,18.31,7.0,7.0,14.0,21.36,3.0,3.0,6.0,9.15,6.0,6.0,12.0,18.31,4.0,4.0,8.0,12.2,2.0,2.0,4.0,6.1,5.0,5.0,10.0,15.25,6.0,6.0,12.0,18.31,10.0,10.0,20.0,30.51,2.0,2.0,4.0,6.1,5.0,5.0,10.0,15.25,1.0,1.0,2.0,3.05,0.0,0.0,0.0,0.0,5.0,5.0,10.0,15.25,3.0,3.0,6.0,9.15,50.0,20.0,30.0,101.7,15.0,15.0,30.0,11.8,11.8,0.58,0.61,0.55,0.43,0.67,0.09,0.56,0.17,0.45,0.3,2.0,0.0,0.1,6.0,0.33
3,福爾摩沙夢想家,79|10890|13906,張宗憲/湯普金斯/班提爾,1,67,79.0,1202.27,20.04,20:02,1202.27,20.04,20:02,37.0,37.0,46.84,66.47,22.0,22.0,27.85,39.53,30.0,30.0,37.97,53.9,13.0,13.0,16.46,23.36,18.0,18.0,22.78,32.34,9.0,9.0,11.39,16.17,12.0,12.0,15.19,21.56,4.0,4.0,5.06,7.19,10.0,10.0,12.66,17.97,7.0,7.0,8.86,12.58,3.0,3.0,3.8,5.39,12.0,12.0,15.19,21.56,9.0,9.0,11.39,16.17,17.0,17.0,21.52,30.54,1.0,1.0,1.27,1.8,9.0,9.0,11.39,16.17,0.0,0.0,0.0,0.0,2.0,2.0,2.53,3.59,10.0,10.0,12.66,17.97,5.0,5.0,6.33,8.98,46.84,27.85,18.99,94.62,15.0,15.0,18.99,20.04,20.04,0.5,0.54,0.5,0.33,0.7,0.03,0.69,0.15,0.57,0.37,0.0,2.53,0.13,6.33,0.33
3,福爾摩沙夢想家,89|103|10890,蔣淯安/忻沃克/湯普金斯,1,50,60.0,853.51,14.23,14:14,853.51,14.23,14:14,32.0,32.0,53.33,80.98,21.0,21.0,35.0,53.15,20.0,20.0,33.33,50.61,12.0,12.0,20.0,30.37,12.0,12.0,20.0,30.37,8.0,8.0,13.33,20.25,8.0,8.0,13.33,20.25,4.0,4.0,6.67,10.12,6.0,6.0,10.0,15.18,4.0,4.0,6.67,10.12,2.0,2.0,3.33,5.06,5.0,5.0,8.33,12.65,8.0,8.0,13.33,20.25,9.0,9.0,15.0,22.78,3.0,3.0,5.0,7.59,7.0,7.0,11.67,17.72,2.0,2.0,3.33,5.06,0.0,0.0,0.0,0.0,6.0,6.0,10.0,15.18,7.0,7.0,11.67,17.72,53.33,35.0,18.33,101.23,11.0,11.0,18.33,14.23,14.23,0.7,0.71,0.67,0.5,0.67,0.12,0.58,0.18,0.38,0.29,3.33,0.0,0.1,11.67,0.3
3,福爾摩沙夢想家,89|10890|13906,蔣淯安/湯普金斯/班提爾,1,43,51.0,730.37,12.17,12:10,730.37,12.17,12:10,24.0,24.0,47.06,70.98,12.0,12.0,23.53,35.49,18.0,18.0,35.29,53.23,8.0,8.0,15.69,23.66,10.0,10.0,19.61,29.57,4.0,4.0,7.84,11.83,8.0,8.0,15.69,23.66,4.0,4.0,7.84,11.83,6.0,6.0,11.76,17.74,4.0,4.0,7.84,11.83,2.0,2.0,3.92,5.91,7.0,7.0,13.73,20.7,6.0,6.0,11.76,17.74,11.0,11.0,21.57,32.53,1.0,1.0,1.96,2.96,6.0,6.0,11.76,17.74,0.0,0.0,0.0,0.0,2.0,2.0,3.92,5.91,6.0,6.0,11.76,17.74,3.0,3.0,5.88,8.87,47.06,23.53,23.53,100.55,12.0,12.0,23.53,12.17,12.17,0.56,0.58,0.4,0.5,0.67,0.05,0.75,0.15,0.54,0.35,0.0,3.92,0.12,5.88,0.33
3,福爾摩沙夢想家,103|10890|13906,忻沃克/湯普金斯/班提爾,1,30,35.0,515.98,8.6,08:36,515.98,8.6,08:36,16.0,16.0,45.71,66.98,6.0,6.0,17.14,25.12,12.0,12.0,34.29,50.23,5.0,5.0,14.29,20.93,7.0,7.0,20.0,29.3,3.0,3.0,8.57,12.56,5.0,5.0,14.29,20.93,2.0,2.0,5.71,8.37,6.0,6.0,17.14,25.12,4.0,4.0,11.43,16.74,1.0,1.0,2.86,4.19,4.0,4.0,11.43,16.74,4.0,4.0,11.43,16.74,8.0,8.0,22.86,33.49,1.0,1.0,2.86,4.19,4.0,4.0,11.43,16.74,0.0,0.0,0.0,0.0,0.0,0.0,0.0,0.0,5.0,5.0,14.29,20.93,2.0,2.0,5.71,8.37,45.71,17.14,28.57,97.68,10.0,10.0,28.57,8.6,8.6,0.5,0.55,0.43,0.4,0.67,0.06,0.8,0.11,0.5,0.29,0.0,0.0,0.14,5.71,0.5
3,福爾摩沙夢想家,77|86|10890,馬建豪/林俊吉/湯普金斯,1,35,41.0,583.83,9.73,09:44,583.83,9.73,09:44,18.0,18.0,43.9,66.6,14.0,14.0,34.15,51.8,16.0,16.0,39.02,59.2,7.0,7.0,17.07,25.9,12.0,12.0,29.27,44.4,7.0,7.0,17.07,25.9,4.0,4.0,9.76,14.8,0.0,0.0,0.0,0.0,5.0,5.0,12.2,18.5,4.0,4.0,9.76,14.8,2.0,2.0,4.88,7.4,7.0,7.0,17.07,25.9,3.0,3.0,7.32,11.1,9.0,9.0,21.95,33.3,2.0,2.0,4.88,7.4,4.0,4.0,9.76,14.8,2.0,2.0,4.88,7.4,0.0,0.0,0.0,0.0,5.0,5.0,12.2,18.5,2.0,2.0,4.88,7.4,43.9,34.15,9.76,101.13,4.0,4.0,9.76,9.73,9.73,0.44,0.49,0.58,0.0,0.8,0.1,0.57,0.18,0.7,0.43,4.88,0.0,0.12,4.88,0.31
3,福爾摩沙夢想家,77|99|10890,馬建豪/盧冠良/湯普金斯,1,20,23.0,322.29,5.37,05:22,322.29,5.37,05:22,7.0,7.0,30.43,46.91,10.0,10.0,43.48,67.02,8.0,8.0,34.78,53.62,3.0,3.0,13.04,20.11,6.0,6.0,26.09,40.21,3.0,3.0,13.04,20.11,2.0,2.0,8.7,13.4,0.0,0.0,0.0,0.0,1.0,1.0,4.35,6.7,1.0,1.0,4.35,6.7,1.0,1.0,4.35,6.7,4.0,4.0,17.39,26.81,1.0,1.0,4.35,6.7,6.0,6.0,26.09,40.21,3.0,3.0,13.04,20.11,1.0,1.0,4.35,6.7,3.0,3.0,13.04,20.11,0.0,0.0,0.0,0.0,3.0,3.0,13.04,20.11,7.0,7.0,30.43,46.91,30.43,43.48,-13.04,102.76,-3.0,-3.0,-13.04,5.37,5.37,0.38,0.41,0.5,0.0,1.0,0.26,0.33,0.14,0.8,0.42,13.04,0.0,0.13,30.43,0.12
3,福爾摩沙夢想家,77|107|10890,馬建豪/霍爾曼/湯普金斯,1,27,35.0,482.4,8.04,08:02,482.4,8.04,08:02,10.0,10.0,28.57,44.78,12.0,12.0,34.29,53.73,13.0,13.0,37.14,58.21,4.0,4.0,11.43,17.91,6.0,6.0,17.14,26.87,2.0,2.0,5.71,8.96,7.0,7.0,20.0,31.34,2.0,2.0,5.71,8.96,0.0,0.0,0.0,0.0,0.0,0.0,0.0,0.0,4.0,4.0,11.43,17.91,6.0,6.0,17.14,26.87,3.0,3.0,8.57,13.43,8.0,8.0,22.86,35.82,5.0,5.0,14.29,22.39,2.0,2.0,5.71,8.96,5.0,5.0,14.29,22.39,0.0,0.0,0.0,0.0,1.0,1.0,2.86,4.48,7.0,7.0,20.0,31.34,28.57,34.29,-5.71,104.48,-2.0,-2.0,-5.71,8.04,8.04,0.38,0.38,0.33,0.29,,0.28,0.5,0.33,0.67,0.48,14.29,0.0,0.03,20.0,0.0
3,福爾摩沙夢想家,86|99|10890,林俊吉/盧冠良/湯普金斯,1,21,23.0,337.25,5.62,05:37,337.25,5.62,05:37,7.0,7.0,30.43,44.83,10.0,10.0,43.48,64.05,11.0,11.0,47.83,70.45,3.0,3.0,13.04,19.21,7.0,7.0,30.43,44.83,3.0,3.0,13.04,19.21,4.0,4.0,17.39,25.62,0.0,0.0,0.0,0.0,1.0,1.0,4.35,6.4,1.0,1.0,4.35,6.4,3.0,3.0,13.04,19.21,6.0,6.0,26.09,38.43,0.0,0.0,0.0,0.0,5.0,5.0,21.74,32.02,2.0,2.0,8.7,12.81,1.0,1.0,4.35,6.4,2.0,2.0,8.7,12.81,0.0,0.0,0.0,0.0,1.0,1.0,4.35,6.4,0.0,0.0,0.0,0.0,30.43,43.48,-13.04,98.21,-3.0,-3.0,-13.04,5.62,5.62,0.27,0.31,0.43,0.0,1.0,0.15,0.33,0.38,1.0,0.64,8.7,0.0,0.04,0.0,0.09
3,福爾摩沙夢想家,86|107|10890,林俊吉/霍爾曼/湯普金斯,1,16,19.0,239.29,3.99,03:59,239.29,3.99,03:59,4.0,4.0,21.05,36.11,7.0,7.0,36.84,63.19,9.0,9.0,47.37,81.24,2.0,2.0,10.53,18.05,6.0,6.0,31.58,54.16,2.0,2.0,10.53,18.05,3.0,3.0,15.79,27.08,0.0,0.0,0.0,0.0,0.0,0.0,0.0,0.0,0.0,0.0,0.0,0.0,3.0,3.0,15.79,27.08,5.0,5.0,26.32,45.13,0.0,0.0,0.0,0.0,4.0,4.0,21.05,36.11,2.0,2.0,10.53,18.05,0.0,0.0,0.0,0.0,2.0,2.0,10.53,18.05,0.0,0.0,0.0,0.0,0.0,0.0,0.0,0.0,0.0,0.0,0.0,0.0,21.05,36.84,-15.79,114.34,-3.0,-3.0,-15.79,3.99,3.99,0.22,0.22,0.33,0.0,,0.18,0.0,0.43,1.0,0.67,10.53,0.0,0.0,0.0,0.0
3,福爾摩沙夢想家,99|107|10890,盧冠良/霍爾曼/湯普金斯,1,28,35.0,501.18,8.35,08:21,501.18,8.35,08:21,13.0,13.0,37.14,56.03,21.0,21.0,60.0,90.51,13.0,13.0,37.14,56.03,6.0,6.0,17.14,25.86,9.0,9.0,25.71,38.79,5.0,5.0,14.29,21.55,4.0,4.0,11.43,17.24,1.0,1.0,2.86,4.31,0.0,0.0,0.0,0.0,0.0,0.0,0.0,0.0,3.0,3.0,8.57,12.93,5.0,5.0,14.29,21.55,3.0,3.0,8.57,12.93,5.0,5.0,14.29,21.55,4.0,4.0,11.43,17.24,2.0,2.0,5.71,8.62,4.0,4.0,11.43,17.24,0.0,0.0,0.0,0.0,2.0,2.0,5.71,8.62,11.0,11.0,31.43,47.41,37.14,60.0,-22.86,100.56,-8.0,-8.0,-22.86,8.35,8.35,0.5,0.5,0.56,0.25,,0.24,0.33,0.38,0.62,0.5,11.43,0.0,0.06,31.43,0.0
3,福爾摩沙夢想家,77|86|13906,馬建豪/林俊吉/班提爾,1,32,39.0,562.25,9.37,09:22,562.25,9.37,09:22,17.0,17.0,43.59,65.31,11.0,11.0,28.21,42.26,14.0,14.0,35.9,53.78,6.0,6.0,15.38,23.05,11.0,11.0,28.21,42.26,6.0,6.0,15.38,23.05,3.0,3.0,7.69,11.53,0.0,0.0,0.0,0.0,6.0,6.0,15.38,23.05,5.0,5.0,12.82,19.21,2.0,2.0,5.13,7.68,6.0,6.0,15.38,23.05,4.0,4.0,10.26,15.37,8.0,8.0,20.51,30.73,1.0,1.0,2.56,3.84,4.0,4.0,10.26,15.37,1.0,1.0,2.56,3.84,0.0,0.0,0.0,0.0,6.0,6.0,15.38,23.05,4.0,4.0,10.26,15.37,43.59,28.21,15.38,99.88,6.0,6.0,15.38,9.37,9.37,0.43,0.51,0.55,0.0,0.83,0.06,0.67,0.2,0.6,0.4,2.56,0.0,0.15,10.26,0.43
3,福爾摩沙夢想家,77|10890|13906,馬建豪/湯普金斯/班提爾,1,44,52.0,728.83,12.15,12:09,728.83,12.15,12:09,24.0,24.0,46.15,71.13,13.0,13.0,25.0,38.53,21.0,21.0,40.38,62.24,9.0,9.0,17.31,26.67,14.0,14.0,26.92,41.49,7.0,7.0,13.46,20.75,7.0,7.0,13.46,20.75,2.0,2.0,3.85,5.93,5.0,5.0,9.62,14.82,4.0,4.0,7.69,11.85,2.0,2.0,3.85,5.93,9.0,9.0,17.31,26.67,5.0,5.0,9.62,14.82,13.0,13.0,25.0,38.53,0.0,0.0,0.0,0.0,6.0,6.0,11.54,17.78,0.0,0.0,0.0,0.0,2.0,2.0,3.85,5.93,6.0,6.0,11.54,17.78,3.0,3.0,5.77,8.89,46.15,25.0,21.15,102.74,11.0,11.0,21.15,12.15,12.15,0.48,0.52,0.5,0.29,0.8,0.0,0.67,0.13,0.64,0.38,0.0,3.85,0.12,5.77,0.24
3,福爾摩沙夢想家,86|10890|13906,林俊吉/湯普金斯/班提爾,1,31,36.0,564.44,9.41,09:24,564.44,9.41,09:24,16.0,16.0,44.44,61.23,10.0,10.0,27.78,38.27,15.0,15.0,41.67,57.4,6.0,6.0,16.67,22.96,11.0,11.0,30.56,42.1,6.0,6.0,16.67,22.96,4.0,4.0,11.11,15.31,0.0,0.0,0.0,0.0,5.0,5.0,13.89,19.13,4.0,4.0,11.11,15.31,1.0,1.0,2.78,3.83,8.0,8.0,22.22,30.61,3.0,3.0,8.33,11.48,9.0,9.0,25.0,34.44,0.0,0.0,0.0,0.0,4.0,4.0,11.11,15.31,0.0,0.0,0.0,0.0,0.0,0.0,0.0,0.0,5.0,5.0,13.89,19.13,2.0,2.0,5.56,7.65,44.44,27.78,16.67,91.84,6.0,6.0,16.67,9.41,9.41,0.4,0.47,0.55,0.0,0.8,0.0,0.67,0.1,0.73,0.43,0.0,0.0,0.14,5.56,0.33
3,福爾摩沙夢想家,107|10890|13906,霍爾曼/湯普金斯/班提爾,1,4,5.0,40.29,0.67,00:40,40.29,0.67,00:40,0.0,0.0,0.0,0.0,0.0,0.0,0.0,0.0,2.0,2.0,40.0,107.23,0.0,0.0,0.0,0.0,1.0,1.0,20.0,53.61,0.0,0.0,0.0,0.0,1.0,1.0,20.0,53.61,0.0,0.0,0.0,0.0,0.0,0.0,0.0,0.0,0.0,0.0,0.0,0.0,0.0,0.0,0.0,0.0,2.0,2.0,40.0,107.23,0.0,0.0,0.0,0.0,2.0,2.0,40.0,107.23,0.0,0.0,0.0,0.0,0.0,0.0,0.0,0.0,0.0,0.0,0.0,0.0,0.0,0.0,0.0,0.0,0.0,0.0,0.0,0.0,0.0,0.0,0.0,0.0,0.0,0.0,0.0,178.71,0.0,0.0,0.0,0.67,0.67,0.0,0.0,0.0,0.0,,0.0,,0.0,1.0,0.5,0.0,0.0,0.0,0.0,0.0
3,福爾摩沙夢想家,77|79|10890,馬建豪/張宗憲/湯普金斯,1,43,54.0,828.35,13.81,13:48,828.35,13.81,13:48,27.0,27.0,50.0,70.41,15.0,15.0,27.78,39.11,22.0,22.0,40.74,57.37,10.0,10.0,18.52,26.08,12.0,12.0,22.22,31.29,6.0,6.0,11.11,15.65,10.0,10.0,18.52,26.08,4.0,4.0,7.41,10.43,4.0,4.0,7.41,10.43,3.0,3.0,5.56,7.82,5.0,5.0,9.26,13.04,7.0,7.0,12.96,18.25,7.0,7.0,12.96,18.25,11.0,11.0,20.37,28.68,2.0,2.0,3.7,5.22,7.0,7.0,12.96,18.25,2.0,2.0,3.7,5.22,2.0,2.0,3.7,5.22,5.0,5.0,9.26,13.04,3.0,3.0,5.56,7.82,50.0,27.78,22.22,93.87,12.0,12.0,22.22,13.81,13.81,0.55,0.57,0.5,0.4,0.75,0.08,0.7,0.31,0.5,0.4,3.7,3.7,0.09,5.56,0.18
3,福爾摩沙夢想家,77|89|10890,馬建豪/蔣淯安/湯普金斯,1,27,35.0,479.12,7.99,07:59,479.12,7.99,07:59,14.0,14.0,40.0,63.12,10.0,10.0,28.57,45.08,13.0,13.0,37.14,58.61,5.0,5.0,14.29,22.54,5.0,5.0,14.29,22.54,1.0,1.0,2.86,4.51,8.0,8.0,22.86,36.07,4.0,4.0,11.43,18.03,0.0,0.0,0.0,0.0,0.0,0.0,0.0,0.0,4.0,4.0,11.43,18.03,5.0,5.0,14.29,22.54,5.0,5.0,14.29,22.54,6.0,6.0,17.14,27.05,3.0,3.0,8.57,13.52,4.0,4.0,11.43,18.03,3.0,3.0,8.57,13.52,2.0,2.0,5.71,9.02,1.0,1.0,2.86,4.51,3.0,3.0,8.57,13.52,40.0,28.57,11.43,105.19,4.0,4.0,11.43,7.99,7.99,0.54,0.54,0.2,0.5,,0.19,0.8,0.4,0.5,0.45,8.57,5.71,0.03,8.57,0.0
3,福爾摩沙夢想家,79|107|10890,張宗憲/霍爾曼/湯普金斯,1,21,27.0,396.06,6.6,06:36,396.06,6.6,06:36,15.0,15.0,55.56,81.81,6.0,6.0,22.22,32.72,11.0,11.0,40.74,59.99,6.0,6.0,22.22,32.72,5.0,5.0,18.52,27.27,3.0,3.0,11.11,16.36,6.0,6.0,22.22,32.72,3.0,3.0,11.11,16.36,0.0,0.0,0.0,0.0,0.0,0.0,0.0,0.0,4.0,4.0,14.81,21.81,2.0,2.0,7.41,10.91,4.0,4.0,14.81,21.81,4.0,4.0,14.81,21.81,3.0,3.0,11.11,16.36,3.0,3.0,11.11,16.36,3.0,3.0,11.11,16.36,0.0,0.0,0.0,0.0,0.0,0.0,0.0,0.0,1.0,1.0,3.7,5.45,55.56,22.22,33.33,98.17,9.0,9.0,33.33,6.6,6.6,0.68,0.68,0.6,0.5,,0.21,0.5,0.5,0.33,0.43,11.11,0.0,0.0,3.7,0.0
3,福爾摩沙夢想家,89|107|10890,蔣淯安/霍爾曼/湯普金斯,1,34,44.0,602.26,10.04,10:02,602.26,10.04,10:02,22.0,22.0,50.0,78.9,19.0,19.0,43.18,68.14,15.0,15.0,34.09,53.8,9.0,9.0,20.45,32.28,7.0,7.0,15.91,25.11,5.0,5.0,11.36,17.93,8.0,8.0,18.18,28.69,4.0,4.0,9.09,14.35,0.0,0.0,0.0,0.0,0.0,0.0,0.0,0.0,4.0,4.0,9.09,14.35,3.0,3.0,6.82,10.76,7.0,7.0,15.91,25.11,4.0,4.0,9.09,14.35,5.0,5.0,11.36,17.93,5.0,5.0,11.36,17.93,5.0,5.0,11.36,17.93,0.0,0.0,0.0,0.0,1.0,1.0,2.27,3.59,7.0,7.0,15.91,25.11,50.0,43.18,6.82,105.2,3.0,3.0,6.82,10.04,10.04,0.73,0.73,0.71,0.5,,0.25,0.56,0.5,0.3,0.39,11.36,0.0,0.02,15.91,0.0
3,福爾摩沙夢想家,103|107|10890,忻沃克/霍爾曼/湯普金斯,1,26,32.0,455.14,7.59,07:35,455.14,7.59,07:35,18.0,18.0,56.25,85.42,15.0,15.0,46.88,71.19,13.0,13.0,40.62,61.7,8.0,8.0,25.0,37.97,9.0,9.0,28.12,42.71,6.0,6.0,18.75,28.47,4.0,4.0,12.5,18.98,2.0,2.0,6.25,9.49,0.0,0.0,0.0,0.0,0.0,0.0,0.0,0.0,3.0,3.0,9.38,14.24,3.0,3.0,9.38,14.24,4.0,4.0,12.5,18.98,3.0,3.0,9.38,14.24,2.0,2.0,6.25,9.49,3.0,3.0,9.38,14.24,2.0,2.0,6.25,9.49,0.0,0.0,0.0,0.0,1.0,1.0,3.12,4.75,5.0,5.0,15.62,23.73,56.25,46.88,9.38,101.24,3.0,3.0,9.38,7.59,7.59,0.69,0.69,0.67,0.5,,0.13,0.38,0.5,0.43,0.46,6.25,0.0,0.03,15.62,0.0
3,福爾摩沙夢想家,77|79|86,馬建豪/張宗憲/林俊吉,1,17,21.0,345.29,5.75,05:45,345.29,5.75,05:45,13.0,13.0,61.9,81.32,7.0,7.0,33.33,43.79,8.0,8.0,38.1,50.05,5.0,5.0,23.81,31.28,7.0,7.0,33.33,43.79,5.0,5.0,23.81,31.28,1.0,1.0,4.76,6.26,0.0,0.0,0.0,0.0,4.0,4.0,19.05,25.02,3.0,3.0,14.29,18.77,1.0,1.0,4.76,6.26,2.0,2.0,9.52,12.51,3.0,3.0,14.29,18.77,4.0,4.0,19.05,25.02,0.0,0.0,0.0,0.0,3.0,3.0,14.29,18.77,0.0,0.0,0.0,0.0,0.0,0.0,0.0,0.0,4.0,4.0,19.05,25.02,2.0,2.0,9.52,12.51,61.9,33.33,28.57,87.58,6.0,6.0,28.57,5.75,5.75,0.62,0.67,0.71,0.0,0.75,0.0,0.6,0.2,0.4,0.3,0.0,0.0,0.19,9.52,0.5
3,福爾摩沙夢想家,79|86|10890,張宗憲/林俊吉/湯普金斯,1,22,26.0,459.9,7.66,07:40,459.9,7.66,07:40,13.0,13.0,50.0,61.06,10.0,10.0,38.46,46.97,11.0,11.0,42.31,51.66,5.0,5.0,19.23,23.48,8.0,8.0,30.77,37.57,5.0,5.0,19.23,23.48,3.0,3.0,11.54,14.09,0.0,0.0,0.0,0.0,4.0,4.0,15.38,18.79,3.0,3.0,11.54,14.09,1.0,1.0,3.85,4.7,5.0,5.0,19.23,23.48,3.0,3.0,11.54,14.09,5.0,5.0,19.23,23.48,0.0,0.0,0.0,0.0,3.0,3.0,11.54,14.09,0.0,0.0,0.0,0.0,0.0,0.0,0.0,0.0,4.0,4.0,15.38,18.79,2.0,2.0,7.69,9.39,50.0,38.46,11.54,81.41,3.0,3.0,11.54,7.66,7.66,0.45,0.51,0.62,0.0,0.75,0.0,0.6,0.17,0.62,0.43,0.0,0.0,0.15,7.69,0.36
3,福爾摩沙夢想家,99|10890|13906,盧冠良/湯普金斯/班提爾,1,9,9.0,138.25,2.3,02:18,138.25,2.3,02:18,3.0,3.0,33.33,46.87,3.0,3.0,33.33,46.87,4.0,4.0,44.44,62.5,1.0,1.0,11.11,15.62,2.0,2.0,22.22,31.25,1.0,1.0,11.11,15.62,2.0,2.0,22.22,31.25,0.0,0.0,0.0,0.0,1.0,1.0,11.11,15.62,1.0,1.0,11.11,15.62,0.0,0.0,0.0,0.0,3.0,3.0,33.33,46.87,0.0,0.0,0.0,0.0,3.0,3.0,33.33,46.87,0.0,0.0,0.0,0.0,1.0,1.0,11.11,15.62,0.0,0.0,0.0,0.0,0.0,0.0,0.0,0.0,1.0,1.0,11.11,15.62,0.0,0.0,0.0,0.0,33.33,33.33,0.0,93.74,0.0,0.0,0.0,2.3,2.3,0.25,0.34,0.5,0.0,1.0,0.0,1.0,0.0,1.0,0.5,0.0,0.0,0.11,0.0,0.25
3,福爾摩沙夢想家,86|103|10890,林俊吉/忻沃克/湯普金斯,1,4,5.0,105.61,1.76,01:46,105.61,1.76,01:46,2.0,2.0,40.0,40.9,0.0,0.0,0.0,0.0,4.0,4.0,80.0,81.81,1.0,1.0,20.0,20.45,4.0,4.0,80.0,81.81,1.0,1.0,20.0,20.45,0.0,0.0,0.0,0.0,0.0,0.0,0.0,0.0,0.0,0.0,0.0,0.0,0.0,0.0,0.0,0.0,2.0,2.0,40.0,40.9,2.0,2.0,40.0,40.9,0.0,0.0,0.0,0.0,1.0,1.0,20.0,20.45,0.0,0.0,0.0,0.0,0.0,0.0,0.0,0.0,0.0,0.0,0.0,0.0,0.0,0.0,0.0,0.0,0.0,0.0,0.0,0.0,0.0,0.0,0.0,0.0,40.0,0.0,40.0,68.17,2.0,2.0,40.0,1.76,1.76,0.25,0.25,0.25,,,0.0,0.0,0.67,1.0,0.8,0.0,0.0,0.0,0.0,0.0
3,福爾摩沙夢想家,99|103|10890,盧冠良/忻沃克/湯普金斯,1,13,17.0,263.14,4.39,04:23,263.14,4.39,04:23,9.0,9.0,52.94,73.88,11.0,11.0,64.71,90.29,7.0,7.0,41.18,57.46,4.0,4.0,23.53,32.83,5.0,5.0,29.41,41.04,3.0,3.0,17.65,24.63,2.0,2.0,11.76,16.42,1.0,1.0,5.88,8.21,0.0,0.0,0.0,0.0,0.0,0.0,0.0,0.0,2.0,2.0,11.76,16.42,2.0,2.0,11.76,16.42,2.0,2.0,11.76,16.42,1.0,1.0,5.88,8.21,1.0,1.0,5.88,8.21,2.0,2.0,11.76,16.42,1.0,1.0,5.88,8.21,0.0,0.0,0.0,0.0,1.0,1.0,5.88,8.21,4.0,4.0,23.53,32.83,52.94,64.71,-11.76,93.03,-2.0,-2.0,-11.76,4.39,4.39,0.64,0.64,0.6,0.5,,0.12,0.5,0.67,0.5,0.57,5.88,0.0,0.06,23.53,0.0
3,福爾摩沙夢想家,89|99|10890,蔣淯安/盧冠良/湯普金斯,1,13,17.0,206.2,3.44,03:26,206.2,3.44,03:26,7.0,7.0,41.18,73.33,13.0,13.0,76.47,136.18,4.0,4.0,23.53,41.9,3.0,3.0,17.65,31.43,2.0,2.0,11.76,20.95,2.0,2.0,11.76,20.95,2.0,2.0,11.76,20.95,1.0,1.0,5.88,10.48,0.0,0.0,0.0,0.0,0.0,0.0,0.0,0.0,0.0,0.0,0.0,0.0,1.0,1.0,5.88,10.48,3.0,3.0,17.65,31.43,0.0,0.0,0.0,0.0,2.0,2.0,11.76,20.95,2.0,2.0,11.76,20.95,2.0,2.0,11.76,20.95,0.0,0.0,0.0,0.0,1.0,1.0,5.88,10.48,6.0,6.0,35.29,62.85,41.18,76.47,-35.29,118.72,-6.0,-6.0,-35.29,3.44,3.44,0.88,0.88,1.0,0.5,,0.33,0.67,,0.25,0.25,11.76,0.0,0.06,35.29,0.0
3,新竹御嵿攻城獅,87|10887|10888,蔡宸綱/德魯/帕塞獅,1,3,3.0,54.0,0.9,00:54,54.0,0.9,00:54,0.0,0.0,0.0,0.0,2.0,2.0,66.67,80.0,1.0,1.0,33.33,40.0,0.0,0.0,0.0,0.0,0.0,0.0,0.0,0.0,0.0,0.0,0.0,0.0,1.0,1.0,33.33,40.0,0.0,0.0,0.0,0.0,0.0,0.0,0.0,0.0,0.0,0.0,0.0,0.0,0.0,0.0,0.0,0.0,0.0,0.0,0.0,0.0,0.0,0.0,0.0,0.0,0.0,0.0,0.0,0.0,1.0,1.0,33.33,40.0,0.0,0.0,0.0,0.0,0.0,0.0,0.0,0.0,0.0,0.0,0.0,0.0,0.0,0.0,0.0,0.0,2.0,2.0,66.67,80.0,0.0,66.67,-66.67,80.0,-2.0,-2.0,-66.67,0.9,0.9,0.0,0.0,,0.0,,0.5,,,,,0.0,0.0,0.0,66.67,0.0
3,新竹御嵿攻城獅,88|10887|10888,盧冠軒/德魯/帕塞獅,1,27,30.0,469.0,7.82,07:49,469.0,7.82,07:49,15.0,15.0,50.0,69.08,18.0,18.0,60.0,82.9,10.0,10.0,33.33,46.06,3.0,3.0,10.0,13.82,2.0,2.0,6.67,9.21,0.0,0.0,0.0,0.0,8.0,8.0,26.67,36.84,3.0,3.0,10.0,13.82,4.0,4.0,13.33,18.42,4.0,4.0,13.33,18.42,2.0,2.0,6.67,9.21,4.0,4.0,13.33,18.42,1.0,1.0,3.33,4.61,3.0,3.0,10.0,13.82,3.0,3.0,10.0,13.82,3.0,3.0,10.0,13.82,1.0,1.0,3.33,4.61,1.0,1.0,3.33,4.61,5.0,5.0,16.67,23.03,6.0,6.0,20.0,27.63,50.0,60.0,-10.0,92.11,-3.0,-3.0,-10.0,7.82,7.82,0.45,0.64,0.0,0.38,1.0,0.2,1.0,0.4,0.8,0.6,3.33,3.33,0.17,20.0,0.4
3,新竹御嵿攻城獅,76|88|90,曾柏喻/盧冠軒/李啓瑋,1,24,27.0,415.0,6.92,06:55,415.0,6.92,06:55,15.0,15.0,55.56,78.07,16.0,16.0,59.26,83.28,9.0,9.0,33.33,46.84,3.0,3.0,11.11,15.61,2.0,2.0,7.41,10.41,0.0,0.0,0.0,0.0,7.0,7.0,25.93,36.43,3.0,3.0,11.11,15.61,4.0,4.0,14.81,20.82,4.0,4.0,14.81,20.82,2.0,2.0,7.41,10.41,4.0,4.0,14.81,20.82,1.0,1.0,3.7,5.2,3.0,3.0,11.11,15.61,2.0,2.0,7.41,10.41,3.0,3.0,11.11,15.61,1.0,1.0,3.7,5.2,1.0,1.0,3.7,5.2,5.0,5.0,18.52,26.02,4.0,4.0,14.81,20.82,55.56,59.26,-3.7,93.69,-1.0,-1.0,-3.7,6.92,6.92,0.5,0.7,0.0,0.43,1.0,0.16,1.0,0.4,0.8,0.6,3.7,3.7,0.19,14.81,0.44
3,新竹御嵿攻城獅,76|90|10887,曾柏喻/李啓瑋/德魯,1,24,27.0,415.0,6.92,06:55,415.0,6.92,06:55,15.0,15.0,55.56,78.07,16.0,16.0,59.26,83.28,9.0,9.0,33.33,46.84,3.0,3.0,11.11,15.61,2.0,2.0,7.41,10.41,0.0,0.0,0.0,0.0,7.0,7.0,25.93,36.43,3.0,3.0,11.11,15.61,4.0,4.0,14.81,20.82,4.0,4.0,14.81,20.82,2.0,2.0,7.41,10.41,4.0,4.0,14.81,20.82,1.0,1.0,3.7,5.2,3.0,3.0,11.11,15.61,2.0,2.0,7.41,10.41,3.0,3.0,11.11,15.61,1.0,1.0,3.7,5.2,1.0,1.0,3.7,5.2,5.0,5.0,18.52,26.02,4.0,4.0,14.81,20.82,55.56,59.26,-3.7,93.69,-1.0,-1.0,-3.7,6.92,6.92,0.5,0.7,0.0,0.43,1.0,0.16,1.0,0.4,0.8,0.6,3.7,3.7,0.19,14.81,0.44
3,新竹御嵿攻城獅,76|90|10888,曾柏喻/李啓瑋/帕塞獅,1,24,27.0,415.0,6.92,06:55,415.0,6.92,06:55,15.0,15.0,55.56,78.07,16.0,16.0,59.26,83.28,9.0,9.0,33.33,46.84,3.0,3.0,11.11,15.61,2.0,2.0,7.41,10.41,0.0,0.0,0.0,0.0,7.0,7.0,25.93,36.43,3.0,3.0,11.11,15.61,4.0,4.0,14.81,20.82,4.0,4.0,14.81,20.82,2.0,2.0,7.41,10.41,4.0,4.0,14.81,20.82,1.0,1.0,3.7,5.2,3.0,3.0,11.11,15.61,2.0,2.0,7.41,10.41,3.0,3.0,11.11,15.61,1.0,1.0,3.7,5.2,1.0,1.0,3.7,5.2,5.0,5.0,18.52,26.02,4.0,4.0,14.81,20.82,55.56,59.26,-3.7,93.69,-1.0,-1.0,-3.7,6.92,6.92,0.5,0.7,0.0,0.43,1.0,0.16,1.0,0.4,0.8,0.6,3.7,3.7,0.19,14.81,0.44
3,新竹御嵿攻城獅,88|90|10887,盧冠軒/李啓瑋/德魯,1,24,27.0,415.0,6.92,06:55,415.0,6.92,06:55,15.0,15.0,55.56,78.07,16.0,16.0,59.26,83.28,9.0,9.0,33.33,46.84,3.0,3.0,11.11,15.61,2.0,2.0,7.41,10.41,0.0,0.0,0.0,0.0,7.0,7.0,25.93,36.43,3.0,3.0,11.11,15.61,4.0,4.0,14.81,20.82,4.0,4.0,14.81,20.82,2.0,2.0,7.41,10.41,4.0,4.0,14.81,20.82,1.0,1.0,3.7,5.2,3.0,3.0,11.11,15.61,2.0,2.0,7.41,10.41,3.0,3.0,11.11,15.61,1.0,1.0,3.7,5.2,1.0,1.0,3.7,5.2,5.0,5.0,18.52,26.02,4.0,4.0,14.81,20.82,55.56,59.26,-3.7,93.69,-1.0,-1.0,-3.7,6.92,6.92,0.5,0.7,0.0,0.43,1.0,0.16,1.0,0.4,0.8,0.6,3.7,3.7,0.19,14.81,0.44
3,新竹御嵿攻城獅,88|90|10888,盧冠軒/李啓瑋/帕塞獅,1,24,27.0,415.0,6.92,06:55,415.0,6.92,06:55,15.0,15.0,55.56,78.07,16.0,16.0,59.26,83.28,9.0,9.0,33.33,46.84,3.0,3.0,11.11,15.61,2.0,2.0,7.41,10.41,0.0,0.0,0.0,0.0,7.0,7.0,25.93,36.43,3.0,3.0,11.11,15.61,4.0,4.0,14.81,20.82,4.0,4.0,14.81,20.82,2.0,2.0,7.41,10.41,4.0,4.0,14.81,20.82,1.0,1.0,3.7,5.2,3.0,3.0,11.11,15.61,2.0,2.0,7.41,10.41,3.0,3.0,11.11,15.61,1.0,1.0,3.7,5.2,1.0,1.0,3.7,5.2,5.0,5.0,18.52,26.02,4.0,4.0,14.81,20.82,55.56,59.26,-3.7,93.69,-1.0,-1.0,-3.7,6.92,6.92,0.5,0.7,0.0,0.43,1.0,0.16,1.0,0.4,0.8,0.6,3.7,3.7,0.19,14.81,0.44
3,新竹御嵿攻城獅,90|10887|10888,李啓瑋/德魯/帕塞獅,1,24,27.0,415.0,6.92,06:55,415.0,6.92,06:55,15.0,15.0,55.56,78.07,16.0,16.0,59.26,83.28,9.0,9.0,33.33,46.84,3.0,3.0,11.11,15.61,2.0,2.0,7.41,10.41,0.0,0.0,0.0,0.0,7.0,7.0,25.93,36.43,3.0,3.0,11.11,15.61,4.0,4.0,14.81,20.82,4.0,4.0,14.81,20.82,2.0,2.0,7.41,10.41,4.0,4.0,14.81,20.82,1.0,1.0,3.7,5.2,3.0,3.0,11.11,15.61,2.0,2.0,7.41,10.41,3.0,3.0,11.11,15.61,1.0,1.0,3.7,5.2,1.0,1.0,3.7,5.2,5.0,5.0,18.52,26.02,4.0,4.0,14.81,20.82,55.56,59.26,-3.7,93.69,-1.0,-1.0,-3.7,6.92,6.92,0.5,0.7,0.0,0.43,1.0,0.16,1.0,0.4,0.8,0.6,3.7,3.7,0.19,14.81,0.44
3,福爾摩沙夢想家,79|99|10890,張宗憲/盧冠良/湯普金斯,1,4,4.0,74.0,1.23,01:14,74.0,1.23,01:14,0.0,0.0,0.0,0.0,3.0,3.0,75.0,87.57,2.0,2.0,50.0,58.38,0.0,0.0,0.0,0.0,0.0,0.0,0.0,0.0,0.0,0.0,0.0,0.0,2.0,2.0,50.0,58.38,0.0,0.0,0.0,0.0,0.0,0.0,0.0,0.0,0.0,0.0,0.0,0.0,0.0,0.0,0.0,0.0,2.0,2.0,50.0,58.38,0.0,0.0,0.0,0.0,1.0,1.0,25.0,29.19,0.0,0.0,0.0,0.0,0.0,0.0,0.0,0.0,0.0,0.0,0.0,0.0,0.0,0.0,0.0,0.0,0.0,0.0,0.0,0.0,0.0,0.0,0.0,0.0,0.0,75.0,-75.0,77.84,-3.0,-3.0,-75.0,1.23,1.23,0.0,0.0,,0.0,,0.0,,0.0,1.0,0.67,0.0,0.0,0.0,0.0,0.0
3,福爾摩沙夢想家,77|79|103,馬建豪/張宗憲/忻沃克,1,2,2.0,12.0,0.2,00:12,12.0,0.2,00:12,0.0,0.0,0.0,0.0,0.0,0.0,0.0,0.0,1.0,1.0,50.0,180.0,0.0,0.0,0.0,0.0,0.0,0.0,0.0,0.0,0.0,0.0,0.0,0.0,1.0,1.0,50.0,180.0,0.0,0.0,0.0,0.0,0.0,0.0,0.0,0.0,0.0,0.0,0.0,0.0,0.0,0.0,0.0,0.0,0.0,0.0,0.0,0.0,0.0,0.0,0.0,0.0,1.0,1.0,50.0,180.0,0.0,0.0,0.0,0.0,0.0,0.0,0.0,0.0,0.0,0.0,0.0,0.0,0.0,0.0,0.0,0.0,0.0,0.0,0.0,0.0,0.0,0.0,0.0,0.0,0.0,0.0,0.0,240.0,0.0,0.0,0.0,0.2,0.2,0.0,0.0,,0.0,,0.0,,0.0,,0.0,0.0,0.0,0.0,0.0,0.0
3,福爾摩沙夢想家,77|103|10890,馬建豪/忻沃克/湯普金斯,1,2,2.0,12.0,0.2,00:12,12.0,0.2,00:12,0.0,0.0,0.0,0.0,0.0,0.0,0.0,0.0,1.0,1.0,50.0,180.0,0.0,0.0,0.0,0.0,0.0,0.0,0.0,0.0,0.0,0.0,0.0,0.0,1.0,1.0,50.0,180.0,0.0,0.0,0.0,0.0,0.0,0.0,0.0,0.0,0.0,0.0,0.0,0.0,0.0,0.0,0.0,0.0,0.0,0.0,0.0,0.0,0.0,0.0,0.0,0.0,1.0,1.0,50.0,180.0,0.0,0.0,0.0,0.0,0.0,0.0,0.0,0.0,0.0,0.0,0.0,0.0,0.0,0.0,0.0,0.0,0.0,0.0,0.0,0.0,0.0,0.0,0.0,0.0,0.0,0.0,0.0,240.0,0.0,0.0,0.0,0.2,0.2,0.0,0.0,,0.0,,0.0,,0.0,,0.0,0.0,0.0,0.0,0.0,0.0
3,新竹御嵿攻城獅,75|82|88,高國豪/蕭順議/盧冠軒,1,4,6.0,77.06,1.28,01:17,77.06,1.28,01:17,0.0,0.0,0.0,0.0,6.0,6.0,100.0,168.18,1.0,1.0,16.67,28.03,0.0,0.0,0.0,0.0,1.0,1.0,16.67,28.03,0.0,0.0,0.0,0.0,0.0,0.0,0.0,0.0,0.0,0.0,0.0,0.0,0.0,0.0,0.0,0.0,0.0,0.0,0.0,0.0,0.0,0.0,0.0,0.0,1.0,1.0,16.67,28.03,3.0,3.0,50.0,84.09,0.0,0.0,0.0,0.0,1.0,1.0,16.67,28.03,0.0,0.0,0.0,0.0,1.0,1.0,16.67,28.03,0.0,0.0,0.0,0.0,0.0,0.0,0.0,0.0,0.0,0.0,0.0,0.0,0.0,100.0,-100.0,112.12,-6.0,-6.0,-100.0,1.28,1.28,0.0,0.0,0.0,,,0.5,,,0.25,0.25,16.67,0.0,0.0,0.0,0.0
3,新竹御嵿攻城獅,75|82|10887,高國豪/蕭順議/德魯,1,4,6.0,77.06,1.28,01:17,77.06,1.28,01:17,0.0,0.0,0.0,0.0,6.0,6.0,100.0,168.18,1.0,1.0,16.67,28.03,0.0,0.0,0.0,0.0,1.0,1.0,16.67,28.03,0.0,0.0,0.0,0.0,0.0,0.0,0.0,0.0,0.0,0.0,0.0,0.0,0.0,0.0,0.0,0.0,0.0,0.0,0.0,0.0,0.0,0.0,0.0,0.0,1.0,1.0,16.67,28.03,3.0,3.0,50.0,84.09,0.0,0.0,0.0,0.0,1.0,1.0,16.67,28.03,0.0,0.0,0.0,0.0,1.0,1.0,16.67,28.03,0.0,0.0,0.0,0.0,0.0,0.0,0.0,0.0,0.0,0.0,0.0,0.0,0.0,100.0,-100.0,112.12,-6.0,-6.0,-100.0,1.28,1.28,0.0,0.0,0.0,,,0.5,,,0.25,0.25,16.67,0.0,0.0,0.0,0.0
3,新竹御嵿攻城獅,75|82|14843,高國豪/蕭順議/馬力,1,4,6.0,77.06,1.28,01:17,77.06,1.28,01:17,0.0,0.0,0.0,0.0,6.0,6.0,100.0,168.18,1.0,1.0,16.67,28.03,0.0,0.0,0.0,0.0,1.0,1.0,16.67,28.03,0.0,0.0,0.0,0.0,0.0,0.0,0.0,0.0,0.0,0.0,0.0,0.0,0.0,0.0,0.0,0.0,0.0,0.0,0.0,0.0,0.0,0.0,0.0,0.0,1.0,1.0,16.67,28.03,3.0,3.0,50.0,84.09,0.0,0.0,0.0,0.0,1.0,1.0,16.67,28.03,0.0,0.0,0.0,0.0,1.0,1.0,16.67,28.03,0.0,0.0,0.0,0.0,0.0,0.0,0.0,0.0,0.0,0.0,0.0,0.0,0.0,100.0,-100.0,112.12,-6.0,-6.0,-100.0,1.28,1.28,0.0,0.0,0.0,,,0.5,,,0.25,0.25,16.67,0.0,0.0,0.0,0.0
3,新竹御嵿攻城獅,82|88|10887,蕭順議/盧冠軒/德魯,1,8,12.0,204.06,3.4,03:24,204.06,3.4,03:24,2.0,2.0,16.67,21.17,6.0,6.0,50.0,63.51,5.0,5.0,41.67,52.93,1.0,1.0,8.33,10.59,3.0,3.0,25.0,31.76,1.0,1.0,8.33,10.59,2.0,2.0,16.67,21.17,0.0,0.0,0.0,0.0,0.0,0.0,0.0,0.0,0.0,0.0,0.0,0.0,2.0,2.0,16.67,21.17,2.0,2.0,16.67,21.17,3.0,3.0,25.0,31.76,1.0,1.0,8.33,10.59,1.0,1.0,8.33,10.59,0.0,0.0,0.0,0.0,1.0,1.0,8.33,10.59,0.0,0.0,0.0,0.0,2.0,2.0,16.67,21.17,0.0,0.0,0.0,0.0,16.67,50.0,-33.33,84.68,-4.0,-4.0,-33.33,3.4,3.4,0.2,0.2,0.33,0.0,,0.17,0.0,0.67,0.4,0.5,8.33,0.0,0.17,0.0,0.0
3,新竹御嵿攻城獅,82|88|14843,蕭順議/盧冠軒/馬力,1,8,12.0,204.06,3.4,03:24,204.06,3.4,03:24,2.0,2.0,16.67,21.17,6.0,6.0,50.0,63.51,5.0,5.0,41.67,52.93,1.0,1.0,8.33,10.59,3.0,3.0,25.0,31.76,1.0,1.0,8.33,10.59,2.0,2.0,16.67,21.17,0.0,0.0,0.0,0.0,0.0,0.0,0.0,0.0,0.0,0.0,0.0,0.0,2.0,2.0,16.67,21.17,2.0,2.0,16.67,21.17,3.0,3.0,25.0,31.76,1.0,1.0,8.33,10.59,1.0,1.0,8.33,10.59,0.0,0.0,0.0,0.0,1.0,1.0,8.33,10.59,0.0,0.0,0.0,0.0,2.0,2.0,16.67,21.17,0.0,0.0,0.0,0.0,16.67,50.0,-33.33,84.68,-4.0,-4.0,-33.33,3.4,3.4,0.2,0.2,0.33,0.0,,0.17,0.0,0.67,0.4,0.5,8.33,0.0,0.17,0.0,0.0
3,新竹御嵿攻城獅,82|88|14982,蕭順議/盧冠軒/徐小龍,1,4,6.0,127.0,2.12,02:07,127.0,2.12,02:07,2.0,2.0,33.33,34.02,0.0,0.0,0.0,0.0,4.0,4.0,66.67,68.03,1.0,1.0,16.67,17.01,2.0,2.0,33.33,34.02,1.0,1.0,16.67,17.01,2.0,2.0,33.33,34.02,0.0,0.0,0.0,0.0,0.0,0.0,0.0,0.0,0.0,0.0,0.0,0.0,2.0,2.0,33.33,34.02,1.0,1.0,16.67,17.01,0.0,0.0,0.0,0.0,1.0,1.0,16.67,17.01,0.0,0.0,0.0,0.0,0.0,0.0,0.0,0.0,0.0,0.0,0.0,0.0,0.0,0.0,0.0,0.0,2.0,2.0,33.33,34.02,0.0,0.0,0.0,0.0,33.33,0.0,33.33,68.03,2.0,2.0,33.33,2.12,2.12,0.25,0.25,0.5,0.0,,0.0,0.0,0.67,1.0,0.75,0.0,0.0,0.33,0.0,0.0
3,新竹御嵿攻城獅,82|10887|14982,蕭順議/德魯/徐小龍,1,10,14.0,231.04,3.85,03:51,231.04,3.85,03:51,5.0,5.0,35.71,46.74,2.0,2.0,14.29,18.7,6.0,6.0,42.86,56.09,1.0,1.0,7.14,9.35,3.0,3.0,21.43,28.05,1.0,1.0,7.14,9.35,3.0,3.0,21.43,28.05,0.0,0.0,0.0,0.0,7.0,7.0,50.0,65.44,3.0,3.0,21.43,28.05,3.0,3.0,21.43,28.05,4.0,4.0,28.57,37.4,0.0,0.0,0.0,0.0,2.0,2.0,14.29,18.7,0.0,0.0,0.0,0.0,0.0,0.0,0.0,0.0,0.0,0.0,0.0,0.0,0.0,0.0,0.0,0.0,5.0,5.0,35.71,46.74,0.0,0.0,0.0,0.0,35.71,14.29,21.43,87.26,3.0,3.0,21.43,3.85,3.85,0.17,0.28,0.33,0.0,0.43,0.0,0.0,0.6,1.0,0.78,0.0,0.0,0.36,0.0,1.17
3,新竹御嵿攻城獅,82|14843|14982,蕭順議/馬力/徐小龍,1,17,24.0,354.04,5.9,05:54,354.04,5.9,05:54,7.0,7.0,29.17,42.71,4.0,4.0,16.67,24.4,11.0,11.0,45.83,67.11,2.0,2.0,8.33,12.2,7.0,7.0,29.17,42.71,2.0,2.0,8.33,12.2,4.0,4.0,16.67,24.4,0.0,0.0,0.0,0.0,7.0,7.0,29.17,42.71,3.0,3.0,12.5,18.3,5.0,5.0,20.83,30.5,6.0,6.0,25.0,36.61,1.0,1.0,4.17,6.1,4.0,4.0,16.67,24.4,0.0,0.0,0.0,0.0,0.0,0.0,0.0,0.0,0.0,0.0,0.0,0.0,0.0,0.0,0.0,0.0,6.0,6.0,25.0,36.61,2.0,2.0,8.33,12.2,29.17,16.67,12.5,97.61,3.0,3.0,12.5,5.9,5.9,0.18,0.25,0.29,0.0,0.43,0.0,0.0,0.56,0.86,0.69,0.0,0.0,0.25,8.33,0.64
3,新竹御嵿攻城獅,88|10887|14982,盧冠軒/德魯/徐小龍,1,4,6.0,127.0,2.12,02:07,127.0,2.12,02:07,2.0,2.0,33.33,34.02,0.0,0.0,0.0,0.0,4.0,4.0,66.67,68.03,1.0,1.0,16.67,17.01,2.0,2.0,33.33,34.02,1.0,1.0,16.67,17.01,2.0,2.0,33.33,34.02,0.0,0.0,0.0,0.0,0.0,0.0,0.0,0.0,0.0,0.0,0.0,0.0,2.0,2.0,33.33,34.02,1.0,1.0,16.67,17.01,0.0,0.0,0.0,0.0,1.0,1.0,16.67,17.01,0.0,0.0,0.0,0.0,0.0,0.0,0.0,0.0,0.0,0.0,0.0,0.0,0.0,0.0,0.0,0.0,2.0,2.0,33.33,34.02,0.0,0.0,0.0,0.0,33.33,0.0,33.33,68.03,2.0,2.0,33.33,2.12,2.12,0.25,0.25,0.5,0.0,,0.0,0.0,0.67,1.0,0.75,0.0,0.0,0.33,0.0,0.0
3,新竹御嵿攻城獅,88|14843|14982,盧冠軒/馬力/徐小龍,1,4,6.0,127.0,2.12,02:07,127.0,2.12,02:07,2.0,2.0,33.33,34.02,0.0,0.0,0.0,0.0,4.0,4.0,66.67,68.03,1.0,1.0,16.67,17.01,2.0,2.0,33.33,34.02,1.0,1.0,16.67,17.01,2.0,2.0,33.33,34.02,0.0,0.0,0.0,0.0,0.0,0.0,0.0,0.0,0.0,0.0,0.0,0.0,2.0,2.0,33.33,34.02,1.0,1.0,16.67,17.01,0.0,0.0,0.0,0.0,1.0,1.0,16.67,17.01,0.0,0.0,0.0,0.0,0.0,0.0,0.0,0.0,0.0,0.0,0.0,0.0,0.0,0.0,0.0,0.0,2.0,2.0,33.33,34.02,0.0,0.0,0.0,0.0,33.33,0.0,33.33,68.03,2.0,2.0,33.33,2.12,2.12,0.25,0.25,0.5,0.0,,0.0,0.0,0.67,1.0,0.75,0.0,0.0,0.33,0.0,0.0
3,新竹御嵿攻城獅,10887|14843|14982,德魯/馬力/徐小龍,1,10,14.0,231.04,3.85,03:51,231.04,3.85,03:51,5.0,5.0,35.71,46.74,2.0,2.0,14.29,18.7,6.0,6.0,42.86,56.09,1.0,1.0,7.14,9.35,3.0,3.0,21.43,28.05,1.0,1.0,7.14,9.35,3.0,3.0,21.43,28.05,0.0,0.0,0.0,0.0,7.0,7.0,50.0,65.44,3.0,3.0,21.43,28.05,3.0,3.0,21.43,28.05,4.0,4.0,28.57,37.4,0.0,0.0,0.0,0.0,2.0,2.0,14.29,18.7,0.0,0.0,0.0,0.0,0.0,0.0,0.0,0.0,0.0,0.0,0.0,0.0,0.0,0.0,0.0,0.0,5.0,5.0,35.71,46.74,0.0,0.0,0.0,0.0,35.71,14.29,21.43,87.26,3.0,3.0,21.43,3.85,3.85,0.17,0.28,0.33,0.0,0.43,0.0,0.0,0.6,1.0,0.78,0.0,0.0,0.36,0.0,1.17
3,新竹御嵿攻城獅,78|82|10887,朱雲豪/蕭順議/德魯,1,6,8.0,104.04,1.73,01:44,104.04,1.73,01:44,3.0,3.0,37.5,62.28,2.0,2.0,25.0,41.52,2.0,2.0,25.0,41.52,0.0,0.0,0.0,0.0,1.0,1.0,12.5,20.76,0.0,0.0,0.0,0.0,1.0,1.0,12.5,20.76,0.0,0.0,0.0,0.0,7.0,7.0,87.5,145.32,3.0,3.0,37.5,62.28,1.0,1.0,12.5,20.76,3.0,3.0,37.5,62.28,0.0,0.0,0.0,0.0,1.0,1.0,12.5,20.76,0.0,0.0,0.0,0.0,0.0,0.0,0.0,0.0,0.0,0.0,0.0,0.0,0.0,0.0,0.0,0.0,3.0,3.0,37.5,62.28,0.0,0.0,0.0,0.0,37.5,25.0,12.5,110.72,1.0,1.0,12.5,1.73,1.73,0.0,0.3,0.0,0.0,0.43,0.0,,0.5,1.0,0.8,0.0,0.0,0.38,0.0,3.5
3,新竹御嵿攻城獅,78|82|14843,朱雲豪/蕭順議/馬力,1,13,18.0,227.04,3.78,03:47,227.04,3.78,03:47,5.0,5.0,27.78,47.57,4.0,4.0,22.22,38.05,7.0,7.0,38.89,66.59,1.0,1.0,5.56,9.51,5.0,5.0,27.78,47.57,1.0,1.0,5.56,9.51,2.0,2.0,11.11,19.03,0.0,0.0,0.0,0.0,7.0,7.0,38.89,66.59,3.0,3.0,16.67,28.54,3.0,3.0,16.67,28.54,5.0,5.0,27.78,47.57,1.0,1.0,5.56,9.51,3.0,3.0,16.67,28.54,0.0,0.0,0.0,0.0,0.0,0.0,0.0,0.0,0.0,0.0,0.0,0.0,0.0,0.0,0.0,0.0,4.0,4.0,22.22,38.05,2.0,2.0,11.11,19.03,27.78,22.22,5.56,114.16,1.0,1.0,5.56,3.78,3.78,0.14,0.25,0.2,0.0,0.43,0.0,0.0,0.5,0.83,0.67,0.0,0.0,0.22,11.11,1.0
3,新竹御嵿攻城獅,78|82|14982,朱雲豪/蕭順議/徐小龍,1,15,21.0,253.66,4.23,04:14,253.66,4.23,04:14,5.0,5.0,23.81,42.58,4.0,4.0,19.05,34.06,8.0,8.0,38.1,68.12,1.0,1.0,4.76,8.52,5.0,5.0,23.81,42.58,1.0,1.0,4.76,8.52,3.0,3.0,14.29,25.55,0.0,0.0,0.0,0.0,9.0,9.0,42.86,76.64,3.0,3.0,14.29,25.55,3.0,3.0,14.29,25.55,6.0,6.0,28.57,51.09,1.0,1.0,4.76,8.52,3.0,3.0,14.29,25.55,0.0,0.0,0.0,0.0,0.0,0.0,0.0,0.0,0.0,0.0,0.0,0.0,0.0,0.0,0.0,0.0,4.0,4.0,19.05,34.06,2.0,2.0,9.52,17.03,23.81,19.05,4.76,119.21,1.0,1.0,4.76,4.23,4.23,0.12,0.21,0.2,0.0,0.33,0.0,0.0,0.5,0.86,0.69,0.0,0.0,0.19,9.52,1.12
3,新竹御嵿攻城獅,78|10887|14843,朱雲豪/德魯/馬力,1,6,8.0,104.04,1.73,01:44,104.04,1.73,01:44,3.0,3.0,37.5,62.28,2.0,2.0,25.0,41.52,2.0,2.0,25.0,41.52,0.0,0.0,0.0,0.0,1.0,1.0,12.5,20.76,0.0,0.0,0.0,0.0,1.0,1.0,12.5,20.76,0.0,0.0,0.0,0.0,7.0,7.0,87.5,145.32,3.0,3.0,37.5,62.28,1.0,1.0,12.5,20.76,3.0,3.0,37.5,62.28,0.0,0.0,0.0,0.0,1.0,1.0,12.5,20.76,0.0,0.0,0.0,0.0,0.0,0.0,0.0,0.0,0.0,0.0,0.0,0.0,0.0,0.0,0.0,0.0,3.0,3.0,37.5,62.28,0.0,0.0,0.0,0.0,37.5,25.0,12.5,110.72,1.0,1.0,12.5,1.73,1.73,0.0,0.3,0.0,0.0,0.43,0.0,,0.5,1.0,0.8,0.0,0.0,0.38,0.0,3.5
3,新竹御嵿攻城獅,78|10887|14982,朱雲豪/德魯/徐小龍,1,6,8.0,104.04,1.73,01:44,104.04,1.73,01:44,3.0,3.0,37.5,62.28,2.0,2.0,25.0,41.52,2.0,2.0,25.0,41.52,0.0,0.0,0.0,0.0,1.0,1.0,12.5,20.76,0.0,0.0,0.0,0.0,1.0,1.0,12.5,20.76,0.0,0.0,0.0,0.0,7.0,7.0,87.5,145.32,3.0,3.0,37.5,62.28,1.0,1.0,12.5,20.76,3.0,3.0,37.5,62.28,0.0,0.0,0.0,0.0,1.0,1.0,12.5,20.76,0.0,0.0,0.0,0.0,0.0,0.0,0.0,0.0,0.0,0.0,0.0,0.0,0.0,0.0,0.0,0.0,3.0,3.0,37.5,62.28,0.0,0.0,0.0,0.0,37.5,25.0,12.5,110.72,1.0,1.0,12.5,1.73,1.73,0.0,0.3,0.0,0.0,0.43,0.0,,0.5,1.0,0.8,0.0,0.0,0.38,0.0,3.5
3,新竹御嵿攻城獅,78|14843|14982,朱雲豪/馬力/徐小龍,1,13,18.0,227.04,3.78,03:47,227.04,3.78,03:47,5.0,5.0,27.78,47.57,4.0,4.0,22.22,38.05,7.0,7.0,38.89,66.59,1.0,1.0,5.56,9.51,5.0,5.0,27.78,47.57,1.0,1.0,5.56,9.51,2.0,2.0,11.11,19.03,0.0,0.0,0.0,0.0,7.0,7.0,38.89,66.59,3.0,3.0,16.67,28.54,3.0,3.0,16.67,28.54,5.0,5.0,27.78,47.57,1.0,1.0,5.56,9.51,3.0,3.0,16.67,28.54,0.0,0.0,0.0,0.0,0.0,0.0,0.0,0.0,0.0,0.0,0.0,0.0,0.0,0.0,0.0,0.0,4.0,4.0,22.22,38.05,2.0,2.0,11.11,19.03,27.78,22.22,5.56,114.16,1.0,1.0,5.56,3.78,3.78,0.14,0.25,0.2,0.0,0.43,0.0,0.0,0.5,0.83,0.67,0.0,0.0,0.22,11.11,1.0
3,福爾摩沙夢想家,77|83|99,馬建豪/吳家駿/盧冠良,1,3,4.0,115.99,1.93,01:56,115.99,1.93,01:56,2.0,2.0,50.0,37.25,1.0,1.0,25.0,18.62,2.0,2.0,50.0,37.25,1.0,1.0,25.0,18.62,2.0,2.0,50.0,37.25,1.0,1.0,25.0,18.62,0.0,0.0,0.0,0.0,0.0,0.0,0.0,0.0,0.0,0.0,0.0,0.0,0.0,0.0,0.0,0.0,0.0,0.0,0.0,0.0,1.0,1.0,25.0,18.62,0.0,0.0,0.0,0.0,3.0,3.0,75.0,55.87,0.0,0.0,0.0,0.0,0.0,0.0,0.0,0.0,0.0,0.0,0.0,0.0,0.0,0.0,0.0,0.0,2.0,2.0,50.0,37.25,5.0,5.0,125.0,93.11,50.0,25.0,25.0,49.66,1.0,1.0,25.0,1.93,1.93,0.5,0.5,0.5,,,0.0,0.0,0.0,1.0,0.25,0.0,0.0,0.5,125.0,0.0
3,福爾摩沙夢想家,77|83|107,馬建豪/吳家駿/霍爾曼,1,3,4.0,95.99,1.6,01:36,95.99,1.6,01:36,2.0,2.0,50.0,45.01,1.0,1.0,25.0,22.5,2.0,2.0,50.0,45.01,1.0,1.0,25.0,22.5,2.0,2.0,50.0,45.01,1.0,1.0,25.0,22.5,0.0,0.0,0.0,0.0,0.0,0.0,0.0,0.0,0.0,0.0,0.0,0.0,0.0,0.0,0.0,0.0,0.0,0.0,0.0,0.0,1.0,1.0,25.0,22.5,0.0,0.0,0.0,0.0,3.0,3.0,75.0,67.51,0.0,0.0,0.0,0.0,0.0,0.0,0.0,0.0,0.0,0.0,0.0,0.0,0.0,0.0,0.0,0.0,1.0,1.0,25.0,22.5,5.0,5.0,125.0,112.52,50.0,25.0,25.0,60.01,1.0,1.0,25.0,1.6,1.6,0.5,0.5,0.5,,,0.0,0.0,0.0,1.0,0.25,0.0,0.0,0.25,125.0,0.0
3,福爾摩沙夢想家,77|83|10890,馬建豪/吳家駿/湯普金斯,1,3,4.0,115.99,1.93,01:56,115.99,1.93,01:56,2.0,2.0,50.0,37.25,1.0,1.0,25.0,18.62,2.0,2.0,50.0,37.25,1.0,1.0,25.0,18.62,2.0,2.0,50.0,37.25,1.0,1.0,25.0,18.62,0.0,0.0,0.0,0.0,0.0,0.0,0.0,0.0,0.0,0.0,0.0,0.0,0.0,0.0,0.0,0.0,0.0,0.0,0.0,0.0,1.0,1.0,25.0,18.62,0.0,0.0,0.0,0.0,3.0,3.0,75.0,55.87,0.0,0.0,0.0,0.0,0.0,0.0,0.0,0.0,0.0,0.0,0.0,0.0,0.0,0.0,0.0,0.0,2.0,2.0,50.0,37.25,5.0,5.0,125.0,93.11,50.0,25.0,25.0,49.66,1.0,1.0,25.0,1.93,1.93,0.5,0.5,0.5,,,0.0,0.0,0.0,1.0,0.25,0.0,0.0,0.5,125.0,0.0
3,福爾摩沙夢想家,83|99|107,吳家駿/盧冠良/霍爾曼,1,3,4.0,95.99,1.6,01:36,95.99,1.6,01:36,2.0,2.0,50.0,45.01,1.0,1.0,25.0,22.5,2.0,2.0,50.0,45.01,1.0,1.0,25.0,22.5,2.0,2.0,50.0,45.01,1.0,1.0,25.0,22.5,0.0,0.0,0.0,0.0,0.0,0.0,0.0,0.0,0.0,0.0,0.0,0.0,0.0,0.0,0.0,0.0,0.0,0.0,0.0,0.0,1.0,1.0,25.0,22.5,0.0,0.0,0.0,0.0,3.0,3.0,75.0,67.51,0.0,0.0,0.0,0.0,0.0,0.0,0.0,0.0,0.0,0.0,0.0,0.0,0.0,0.0,0.0,0.0,1.0,1.0,25.0,22.5,5.0,5.0,125.0,112.52,50.0,25.0,25.0,60.01,1.0,1.0,25.0,1.6,1.6,0.5,0.5,0.5,,,0.0,0.0,0.0,1.0,0.25,0.0,0.0,0.25,125.0,0.0
3,福爾摩沙夢想家,83|99|10890,吳家駿/盧冠良/湯普金斯,1,3,4.0,115.99,1.93,01:56,115.99,1.93,01:56,2.0,2.0,50.0,37.25,1.0,1.0,25.0,18.62,2.0,2.0,50.0,37.25,1.0,1.0,25.0,18.62,2.0,2.0,50.0,37.25,1.0,1.0,25.0,18.62,0.0,0.0,0.0,0.0,0.0,0.0,0.0,0.0,0.0,0.0,0.0,0.0,0.0,0.0,0.0,0.0,0.0,0.0,0.0,0.0,1.0,1.0,25.0,18.62,0.0,0.0,0.0,0.0,3.0,3.0,75.0,55.87,0.0,0.0,0.0,0.0,0.0,0.0,0.0,0.0,0.0,0.0,0.0,0.0,0.0,0.0,0.0,0.0,2.0,2.0,50.0,37.25,5.0,5.0,125.0,93.11,50.0,25.0,25.0,49.66,1.0,1.0,25.0,1.93,1.93,0.5,0.5,0.5,,,0.0,0.0,0.0,1.0,0.25,0.0,0.0,0.5,125.0,0.0
3,福爾摩沙夢想家,83|107|10890,吳家駿/霍爾曼/湯普金斯,1,3,4.0,95.99,1.6,01:36,95.99,1.6,01:36,2.0,2.0,50.0,45.01,1.0,1.0,25.0,22.5,2.0,2.0,50.0,45.01,1.0,1.0,25.0,22.5,2.0,2.0,50.0,45.01,1.0,1.0,25.0,22.5,0.0,0.0,0.0,0.0,0.0,0.0,0.0,0.0,0.0,0.0,0.0,0.0,0.0,0.0,0.0,0.0,0.0,0.0,0.0,0.0,1.0,1.0,25.0,22.5,0.0,0.0,0.0,0.0,3.0,3.0,75.0,67.51,0.0,0.0,0.0,0.0,0.0,0.0,0.0,0.0,0.0,0.0,0.0,0.0,0.0,0.0,0.0,0.0,1.0,1.0,25.0,22.5,5.0,5.0,125.0,112.52,50.0,25.0,25.0,60.01,1.0,1.0,25.0,1.6,1.6,0.5,0.5,0.5,,,0.0,0.0,0.0,1.0,0.25,0.0,0.0,0.25,125.0,0.0
3,福爾摩沙夢想家,73|83|91,陳振傑/吳家駿/簡偉儒,1,9,13.0,129.62,2.16,02:10,129.62,2.16,02:10,2.0,2.0,15.38,33.33,2.0,2.0,15.38,33.33,3.0,3.0,23.08,49.99,0.0,0.0,0.0,0.0,1.0,1.0,7.69,16.66,0.0,0.0,0.0,0.0,2.0,2.0,15.38,33.33,0.0,0.0,0.0,0.0,2.0,2.0,15.38,33.33,2.0,2.0,15.38,33.33,1.0,1.0,7.69,16.66,2.0,2.0,15.38,33.33,2.0,2.0,15.38,33.33,3.0,3.0,23.08,49.99,2.0,2.0,15.38,33.33,0.0,0.0,0.0,0.0,1.0,1.0,7.69,16.66,0.0,0.0,0.0,0.0,0.0,0.0,0.0,0.0,2.0,2.0,15.38,33.33,15.38,15.38,0.0,144.42,0.0,0.0,0.0,2.16,2.16,0.0,0.26,0.0,0.0,1.0,0.34,,0.25,0.5,0.38,7.69,0.0,0.0,15.38,0.67
3,福爾摩沙夢想家,73|83|95,陳振傑/吳家駿/李德威,1,9,13.0,129.62,2.16,02:10,129.62,2.16,02:10,2.0,2.0,15.38,33.33,2.0,2.0,15.38,33.33,3.0,3.0,23.08,49.99,0.0,0.0,0.0,0.0,1.0,1.0,7.69,16.66,0.0,0.0,0.0,0.0,2.0,2.0,15.38,33.33,0.0,0.0,0.0,0.0,2.0,2.0,15.38,33.33,2.0,2.0,15.38,33.33,1.0,1.0,7.69,16.66,2.0,2.0,15.38,33.33,2.0,2.0,15.38,33.33,3.0,3.0,23.08,49.99,2.0,2.0,15.38,33.33,0.0,0.0,0.0,0.0,1.0,1.0,7.69,16.66,0.0,0.0,0.0,0.0,0.0,0.0,0.0,0.0,2.0,2.0,15.38,33.33,15.38,15.38,0.0,144.42,0.0,0.0,0.0,2.16,2.16,0.0,0.26,0.0,0.0,1.0,0.34,,0.25,0.5,0.38,7.69,0.0,0.0,15.38,0.67
3,福爾摩沙夢想家,73|83|101,陳振傑/吳家駿/周柏臣,1,9,13.0,129.62,2.16,02:10,129.62,2.16,02:10,2.0,2.0,15.38,33.33,2.0,2.0,15.38,33.33,3.0,3.0,23.08,49.99,0.0,0.0,0.0,0.0,1.0,1.0,7.69,16.66,0.0,0.0,0.0,0.0,2.0,2.0,15.38,33.33,0.0,0.0,0.0,0.0,2.0,2.0,15.38,33.33,2.0,2.0,15.38,33.33,1.0,1.0,7.69,16.66,2.0,2.0,15.38,33.33,2.0,2.0,15.38,33.33,3.0,3.0,23.08,49.99,2.0,2.0,15.38,33.33,0.0,0.0,0.0,0.0,1.0,1.0,7.69,16.66,0.0,0.0,0.0,0.0,0.0,0.0,0.0,0.0,2.0,2.0,15.38,33.33,15.38,15.38,0.0,144.42,0.0,0.0,0.0,2.16,2.16,0.0,0.26,0.0,0.0,1.0,0.34,,0.25,0.5,0.38,7.69,0.0,0.0,15.38,0.67
3,福爾摩沙夢想家,73|91|95,陳振傑/簡偉儒/李德威,1,9,13.0,129.62,2.16,02:10,129.62,2.16,02:10,2.0,2.0,15.38,33.33,2.0,2.0,15.38,33.33,3.0,3.0,23.08,49.99,0.0,0.0,0.0,0.0,1.0,1.0,7.69,16.66,0.0,0.0,0.0,0.0,2.0,2.0,15.38,33.33,0.0,0.0,0.0,0.0,2.0,2.0,15.38,33.33,2.0,2.0,15.38,33.33,1.0,1.0,7.69,16.66,2.0,2.0,15.38,33.33,2.0,2.0,15.38,33.33,3.0,3.0,23.08,49.99,2.0,2.0,15.38,33.33,0.0,0.0,0.0,0.0,1.0,1.0,7.69,16.66,0.0,0.0,0.0,0.0,0.0,0.0,0.0,0.0,2.0,2.0,15.38,33.33,15.38,15.38,0.0,144.42,0.0,0.0,0.0,2.16,2.16,0.0,0.26,0.0,0.0,1.0,0.34,,0.25,0.5,0.38,7.69,0.0,0.0,15.38,0.67
3,福爾摩沙夢想家,73|91|101,陳振傑/簡偉儒/周柏臣,1,9,13.0,129.62,2.16,02:10,129.62,2.16,02:10,2.0,2.0,15.38,33.33,2.0,2.0,15.38,33.33,3.0,3.0,23.08,49.99,0.0,0.0,0.0,0.0,1.0,1.0,7.69,16.66,0.0,0.0,0.0,0.0,2.0,2.0,15.38,33.33,0.0,0.0,0.0,0.0,2.0,2.0,15.38,33.33,2.0,2.0,15.38,33.33,1.0,1.0,7.69,16.66,2.0,2.0,15.38,33.33,2.0,2.0,15.38,33.33,3.0,3.0,23.08,49.99,2.0,2.0,15.38,33.33,0.0,0.0,0.0,0.0,1.0,1.0,7.69,16.66,0.0,0.0,0.0,0.0,0.0,0.0,0.0,0.0,2.0,2.0,15.38,33.33,15.38,15.38,0.0,144.42,0.0,0.0,0.0,2.16,2.16,0.0,0.26,0.0,0.0,1.0,0.34,,0.25,0.5,0.38,7.69,0.0,0.0,15.38,0.67
3,福爾摩沙夢想家,73|95|101,陳振傑/李德威/周柏臣,1,9,13.0,129.62,2.16,02:10,129.62,2.16,02:10,2.0,2.0,15.38,33.33,2.0,2.0,15.38,33.33,3.0,3.0,23.08,49.99,0.0,0.0,0.0,0.0,1.0,1.0,7.69,16.66,0.0,0.0,0.0,0.0,2.0,2.0,15.38,33.33,0.0,0.0,0.0,0.0,2.0,2.0,15.38,33.33,2.0,2.0,15.38,33.33,1.0,1.0,7.69,16.66,2.0,2.0,15.38,33.33,2.0,2.0,15.38,33.33,3.0,3.0,23.08,49.99,2.0,2.0,15.38,33.33,0.0,0.0,0.0,0.0,1.0,1.0,7.69,16.66,0.0,0.0,0.0,0.0,0.0,0.0,0.0,0.0,2.0,2.0,15.38,33.33,15.38,15.38,0.0,144.42,0.0,0.0,0.0,2.16,2.16,0.0,0.26,0.0,0.0,1.0,0.34,,0.25,0.5,0.38,7.69,0.0,0.0,15.38,0.67
3,福爾摩沙夢想家,83|91|95,吳家駿/簡偉儒/李德威,1,9,13.0,129.62,2.16,02:10,129.62,2.16,02:10,2.0,2.0,15.38,33.33,2.0,2.0,15.38,33.33,3.0,3.0,23.08,49.99,0.0,0.0,0.0,0.0,1.0,1.0,7.69,16.66,0.0,0.0,0.0,0.0,2.0,2.0,15.38,33.33,0.0,0.0,0.0,0.0,2.0,2.0,15.38,33.33,2.0,2.0,15.38,33.33,1.0,1.0,7.69,16.66,2.0,2.0,15.38,33.33,2.0,2.0,15.38,33.33,3.0,3.0,23.08,49.99,2.0,2.0,15.38,33.33,0.0,0.0,0.0,0.0,1.0,1.0,7.69,16.66,0.0,0.0,0.0,0.0,0.0,0.0,0.0,0.0,2.0,2.0,15.38,33.33,15.38,15.38,0.0,144.42,0.0,0.0,0.0,2.16,2.16,0.0,0.26,0.0,0.0,1.0,0.34,,0.25,0.5,0.38,7.69,0.0,0.0,15.38,0.67
3,福爾摩沙夢想家,83|91|101,吳家駿/簡偉儒/周柏臣,1,9,13.0,129.62,2.16,02:10,129.62,2.16,02:10,2.0,2.0,15.38,33.33,2.0,2.0,15.38,33.33,3.0,3.0,23.08,49.99,0.0,0.0,0.0,0.0,1.0,1.0,7.69,16.66,0.0,0.0,0.0,0.0,2.0,2.0,15.38,33.33,0.0,0.0,0.0,0.0,2.0,2.0,15.38,33.33,2.0,2.0,15.38,33.33,1.0,1.0,7.69,16.66,2.0,2.0,15.38,33.33,2.0,2.0,15.38,33.33,3.0,3.0,23.08,49.99,2.0,2.0,15.38,33.33,0.0,0.0,0.0,0.0,1.0,1.0,7.69,16.66,0.0,0.0,0.0,0.0,0.0,0.0,0.0,0.0,2.0,2.0,15.38,33.33,15.38,15.38,0.0,144.42,0.0,0.0,0.0,2.16,2.16,0.0,0.26,0.0,0.0,1.0,0.34,,0.25,0.5,0.38,7.69,0.0,0.0,15.38,0.67
3,福爾摩沙夢想家,83|95|101,吳家駿/李德威/周柏臣,1,9,13.0,129.62,2.16,02:10,129.62,2.16,02:10,2.0,2.0,15.38,33.33,2.0,2.0,15.38,33.33,3.0,3.0,23.08,49.99,0.0,0.0,0.0,0.0,1.0,1.0,7.69,16.66,0.0,0.0,0.0,0.0,2.0,2.0,15.38,33.33,0.0,0.0,0.0,0.0,2.0,2.0,15.38,33.33,2.0,2.0,15.38,33.33,1.0,1.0,7.69,16.66,2.0,2.0,15.38,33.33,2.0,2.0,15.38,33.33,3.0,3.0,23.08,49.99,2.0,2.0,15.38,33.33,0.0,0.0,0.0,0.0,1.0,1.0,7.69,16.66,0.0,0.0,0.0,0.0,0.0,0.0,0.0,0.0,2.0,2.0,15.38,33.33,15.38,15.38,0.0,144.42,0.0,0.0,0.0,2.16,2.16,0.0,0.26,0.0,0.0,1.0,0.34,,0.25,0.5,0.38,7.69,0.0,0.0,15.38,0.67
3,福爾摩沙夢想家,91|95|101,簡偉儒/李德威/周柏臣,1,9,13.0,129.62,2.16,02:10,129.62,2.16,02:10,2.0,2.0,15.38,33.33,2.0,2.0,15.38,33.33,3.0,3.0,23.08,49.99,0.0,0.0,0.0,0.0,1.0,1.0,7.69,16.66,0.0,0.0,0.0,0.0,2.0,2.0,15.38,33.33,0.0,0.0,0.0,0.0,2.0,2.0,15.38,33.33,2.0,2.0,15.38,33.33,1.0,1.0,7.69,16.66,2.0,2.0,15.38,33.33,2.0,2.0,15.38,33.33,3.0,3.0,23.08,49.99,2.0,2.0,15.38,33.33,0.0,0.0,0.0,0.0,1.0,1.0,7.69,16.66,0.0,0.0,0.0,0.0,0.0,0.0,0.0,0.0,2.0,2.0,15.38,33.33,15.38,15.38,0.0,144.42,0.0,0.0,0.0,2.16,2.16,0.0,0.26,0.0,0.0,1.0,0.34,,0.25,0.5,0.38,7.69,0.0,0.0,15.38,0.67
3,新竹御嵿攻城獅,78|82|87,朱雲豪/蕭順議/蔡宸綱,1,9,13.0,149.62,2.49,02:30,149.62,2.49,02:30,2.0,2.0,15.38,28.87,2.0,2.0,15.38,28.87,6.0,6.0,46.15,86.62,1.0,1.0,7.69,14.44,4.0,4.0,30.77,57.75,1.0,1.0,7.69,14.44,2.0,2.0,15.38,28.87,0.0,0.0,0.0,0.0,2.0,2.0,15.38,28.87,0.0,0.0,0.0,0.0,2.0,2.0,15.38,28.87,3.0,3.0,23.08,43.31,1.0,1.0,7.69,14.44,2.0,2.0,15.38,28.87,0.0,0.0,0.0,0.0,0.0,0.0,0.0,0.0,0.0,0.0,0.0,0.0,0.0,0.0,0.0,0.0,1.0,1.0,7.69,14.44,2.0,2.0,15.38,28.87,15.38,15.38,0.0,125.12,0.0,0.0,0.0,2.49,2.49,0.17,0.15,0.25,0.0,0.0,0.0,0.0,0.5,0.75,0.62,0.0,0.0,0.08,15.38,0.33
3,新竹御嵿攻城獅,78|87|14843,朱雲豪/蔡宸綱/馬力,1,7,10.0,123.0,2.05,02:03,123.0,2.05,02:03,2.0,2.0,20.0,35.12,2.0,2.0,20.0,35.12,5.0,5.0,50.0,87.8,1.0,1.0,10.0,17.56,4.0,4.0,40.0,70.24,1.0,1.0,10.0,17.56,1.0,1.0,10.0,17.56,0.0,0.0,0.0,0.0,0.0,0.0,0.0,0.0,0.0,0.0,0.0,0.0,2.0,2.0,20.0,35.12,2.0,2.0,20.0,35.12,1.0,1.0,10.0,17.56,2.0,2.0,20.0,35.12,0.0,0.0,0.0,0.0,0.0,0.0,0.0,0.0,0.0,0.0,0.0,0.0,0.0,0.0,0.0,0.0,1.0,1.0,10.0,17.56,2.0,2.0,20.0,35.12,20.0,20.0,0.0,117.07,0.0,0.0,0.0,2.05,2.05,0.2,0.2,0.25,0.0,,0.0,0.0,0.5,0.67,0.57,0.0,0.0,0.1,20.0,0.0
3,新竹御嵿攻城獅,78|87|14982,朱雲豪/蔡宸綱/徐小龍,1,9,13.0,149.62,2.49,02:30,149.62,2.49,02:30,2.0,2.0,15.38,28.87,2.0,2.0,15.38,28.87,6.0,6.0,46.15,86.62,1.0,1.0,7.69,14.44,4.0,4.0,30.77,57.75,1.0,1.0,7.69,14.44,2.0,2.0,15.38,28.87,0.0,0.0,0.0,0.0,2.0,2.0,15.38,28.87,0.0,0.0,0.0,0.0,2.0,2.0,15.38,28.87,3.0,3.0,23.08,43.31,1.0,1.0,7.69,14.44,2.0,2.0,15.38,28.87,0.0,0.0,0.0,0.0,0.0,0.0,0.0,0.0,0.0,0.0,0.0,0.0,0.0,0.0,0.0,0.0,1.0,1.0,7.69,14.44,2.0,2.0,15.38,28.87,15.38,15.38,0.0,125.12,0.0,0.0,0.0,2.49,2.49,0.17,0.15,0.25,0.0,0.0,0.0,0.0,0.5,0.75,0.62,0.0,0.0,0.08,15.38,0.33
3,新竹御嵿攻城獅,82|87|14982,蕭順議/蔡宸綱/徐小龍,1,9,13.0,149.62,2.49,02:30,149.62,2.49,02:30,2.0,2.0,15.38,28.87,2.0,2.0,15.38,28.87,6.0,6.0,46.15,86.62,1.0,1.0,7.69,14.44,4.0,4.0,30.77,57.75,1.0,1.0,7.69,14.44,2.0,2.0,15.38,28.87,0.0,0.0,0.0,0.0,2.0,2.0,15.38,28.87,0.0,0.0,0.0,0.0,2.0,2.0,15.38,28.87,3.0,3.0,23.08,43.31,1.0,1.0,7.69,14.44,2.0,2.0,15.38,28.87,0.0,0.0,0.0,0.0,0.0,0.0,0.0,0.0,0.0,0.0,0.0,0.0,0.0,0.0,0.0,0.0,1.0,1.0,7.69,14.44,2.0,2.0,15.38,28.87,15.38,15.38,0.0,125.12,0.0,0.0,0.0,2.49,2.49,0.17,0.15,0.25,0.0,0.0,0.0,0.0,0.5,0.75,0.62,0.0,0.0,0.08,15.38,0.33
3,新竹御嵿攻城獅,87|14843|14982,蔡宸綱/馬力/徐小龍,1,7,10.0,123.0,2.05,02:03,123.0,2.05,02:03,2.0,2.0,20.0,35.12,2.0,2.0,20.0,35.12,5.0,5.0,50.0,87.8,1.0,1.0,10.0,17.56,4.0,4.0,40.0,70.24,1.0,1.0,10.0,17.56,1.0,1.0,10.0,17.56,0.0,0.0,0.0,0.0,0.0,0.0,0.0,0.0,0.0,0.0,0.0,0.0,2.0,2.0,20.0,35.12,2.0,2.0,20.0,35.12,1.0,1.0,10.0,17.56,2.0,2.0,20.0,35.12,0.0,0.0,0.0,0.0,0.0,0.0,0.0,0.0,0.0,0.0,0.0,0.0,0.0,0.0,0.0,0.0,1.0,1.0,10.0,17.56,2.0,2.0,20.0,35.12,20.0,20.0,0.0,117.07,0.0,0.0,0.0,2.05,2.05,0.2,0.2,0.25,0.0,,0.0,0.0,0.5,0.67,0.57,0.0,0.0,0.1,20.0,0.0
3,新竹御嵿攻城獅,78|82|84,朱雲豪/蕭順議/李家瑞,1,2,3.0,26.62,0.44,00:27,26.62,0.44,00:27,0.0,0.0,0.0,0.0,0.0,0.0,0.0,0.0,1.0,1.0,33.33,81.14,0.0,0.0,0.0,0.0,0.0,0.0,0.0,0.0,0.0,0.0,0.0,0.0,1.0,1.0,33.33,81.14,0.0,0.0,0.0,0.0,2.0,2.0,66.67,162.28,0.0,0.0,0.0,0.0,0.0,0.0,0.0,0.0,1.0,1.0,33.33,81.14,0.0,0.0,0.0,0.0,0.0,0.0,0.0,0.0,0.0,0.0,0.0,0.0,0.0,0.0,0.0,0.0,0.0,0.0,0.0,0.0,0.0,0.0,0.0,0.0,0.0,0.0,0.0,0.0,0.0,0.0,0.0,0.0,0.0,0.0,0.0,162.28,0.0,0.0,0.0,0.44,0.44,0.0,0.0,,0.0,0.0,0.0,,,1.0,1.0,0.0,0.0,0.0,0.0,2.0
3,新竹御嵿攻城獅,78|84|87,朱雲豪/李家瑞/蔡宸綱,1,2,3.0,26.62,0.44,00:27,26.62,0.44,00:27,0.0,0.0,0.0,0.0,0.0,0.0,0.0,0.0,1.0,1.0,33.33,81.14,0.0,0.0,0.0,0.0,0.0,0.0,0.0,0.0,0.0,0.0,0.0,0.0,1.0,1.0,33.33,81.14,0.0,0.0,0.0,0.0,2.0,2.0,66.67,162.28,0.0,0.0,0.0,0.0,0.0,0.0,0.0,0.0,1.0,1.0,33.33,81.14,0.0,0.0,0.0,0.0,0.0,0.0,0.0,0.0,0.0,0.0,0.0,0.0,0.0,0.0,0.0,0.0,0.0,0.0,0.0,0.0,0.0,0.0,0.0,0.0,0.0,0.0,0.0,0.0,0.0,0.0,0.0,0.0,0.0,0.0,0.0,162.28,0.0,0.0,0.0,0.44,0.44,0.0,0.0,,0.0,0.0,0.0,,,1.0,1.0,0.0,0.0,0.0,0.0,2.0
3,新竹御嵿攻城獅,78|84|14982,朱雲豪/李家瑞/徐小龍,1,2,3.0,26.62,0.44,00:27,26.62,0.44,00:27,0.0,0.0,0.0,0.0,0.0,0.0,0.0,0.0,1.0,1.0,33.33,81.14,0.0,0.0,0.0,0.0,0.0,0.0,0.0,0.0,0.0,0.0,0.0,0.0,1.0,1.0,33.33,81.14,0.0,0.0,0.0,0.0,2.0,2.0,66.67,162.28,0.0,0.0,0.0,0.0,0.0,0.0,0.0,0.0,1.0,1.0,33.33,81.14,0.0,0.0,0.0,0.0,0.0,0.0,0.0,0.0,0.0,0.0,0.0,0.0,0.0,0.0,0.0,0.0,0.0,0.0,0.0,0.0,0.0,0.0,0.0,0.0,0.0,0.0,0.0,0.0,0.0,0.0,0.0,0.0,0.0,0.0,0.0,162.28,0.0,0.0,0.0,0.44,0.44,0.0,0.0,,0.0,0.0,0.0,,,1.0,1.0,0.0,0.0,0.0,0.0,2.0
3,新竹御嵿攻城獅,82|84|87,蕭順議/李家瑞/蔡宸綱,1,2,3.0,26.62,0.44,00:27,26.62,0.44,00:27,0.0,0.0,0.0,0.0,0.0,0.0,0.0,0.0,1.0,1.0,33.33,81.14,0.0,0.0,0.0,0.0,0.0,0.0,0.0,0.0,0.0,0.0,0.0,0.0,1.0,1.0,33.33,81.14,0.0,0.0,0.0,0.0,2.0,2.0,66.67,162.28,0.0,0.0,0.0,0.0,0.0,0.0,0.0,0.0,1.0,1.0,33.33,81.14,0.0,0.0,0.0,0.0,0.0,0.0,0.0,0.0,0.0,0.0,0.0,0.0,0.0,0.0,0.0,0.0,0.0,0.0,0.0,0.0,0.0,0.0,0.0,0.0,0.0,0.0,0.0,0.0,0.0,0.0,0.0,0.0,0.0,0.0,0.0,162.28,0.0,0.0,0.0,0.44,0.44,0.0,0.0,,0.0,0.0,0.0,,,1.0,1.0,0.0,0.0,0.0,0.0,2.0
3,新竹御嵿攻城獅,82|84|14982,蕭順議/李家瑞/徐小龍,1,2,3.0,26.62,0.44,00:27,26.62,0.44,00:27,0.0,0.0,0.0,0.0,0.0,0.0,0.0,0.0,1.0,1.0,33.33,81.14,0.0,0.0,0.0,0.0,0.0,0.0,0.0,0.0,0.0,0.0,0.0,0.0,1.0,1.0,33.33,81.14,0.0,0.0,0.0,0.0,2.0,2.0,66.67,162.28,0.0,0.0,0.0,0.0,0.0,0.0,0.0,0.0,1.0,1.0,33.33,81.14,0.0,0.0,0.0,0.0,0.0,0.0,0.0,0.0,0.0,0.0,0.0,0.0,0.0,0.0,0.0,0.0,0.0,0.0,0.0,0.0,0.0,0.0,0.0,0.0,0.0,0.0,0.0,0.0,0.0,0.0,0.0,0.0,0.0,0.0,0.0,162.28,0.0,0.0,0.0,0.44,0.44,0.0,0.0,,0.0,0.0,0.0,,,1.0,1.0,0.0,0.0,0.0,0.0,2.0
3,新竹御嵿攻城獅,84|87|14982,李家瑞/蔡宸綱/徐小龍,1,2,3.0,26.62,0.44,00:27,26.62,0.44,00:27,0.0,0.0,0.0,0.0,0.0,0.0,0.0,0.0,1.0,1.0,33.33,81.14,0.0,0.0,0.0,0.0,0.0,0.0,0.0,0.0,0.0,0.0,0.0,0.0,1.0,1.0,33.33,81.14,0.0,0.0,0.0,0.0,2.0,2.0,66.67,162.28,0.0,0.0,0.0,0.0,0.0,0.0,0.0,0.0,1.0,1.0,33.33,81.14,0.0,0.0,0.0,0.0,0.0,0.0,0.0,0.0,0.0,0.0,0.0,0.0,0.0,0.0,0.0,0.0,0.0,0.0,0.0,0.0,0.0,0.0,0.0,0.0,0.0,0.0,0.0,0.0,0.0,0.0,0.0,0.0,0.0,0.0,0.0,162.28,0.0,0.0,0.0,0.44,0.44,0.0,0.0,,0.0,0.0,0.0,,,1.0,1.0,0.0,0.0,0.0,0.0,2.0
3,桃園台啤永豐雲豹,16|54|57,米勒/高錦瑋/莊博元,2,109,140.0,1845.82,30.76,30:46,922.91,15.38,15:23,75.0,37.5,53.57,87.77,70.0,35.0,50.0,81.91,58.0,29.0,41.43,67.87,30.0,15.0,21.43,35.11,41.0,20.5,29.29,47.98,23.0,11.5,16.43,26.91,17.0,8.5,12.14,19.89,7.0,3.5,5.0,8.19,17.0,8.5,12.14,19.89,12.0,6.0,8.57,14.04,14.0,7.0,10.0,16.38,18.0,9.0,12.86,21.06,12.0,6.0,8.57,14.04,16.0,8.0,11.43,18.72,6.0,3.0,4.29,7.02,16.0,8.0,11.43,18.72,4.0,2.0,2.86,4.68,1.0,0.5,0.71,1.17,12.0,6.0,8.57,14.04,11.0,5.5,7.86,12.87,53.57,50.0,3.57,109.22,5.0,2.5,3.57,30.76,15.38,0.58,0.57,0.56,0.41,0.71,0.08,0.53,0.47,0.6,0.53,2.86,0.71,0.09,7.86,0.29
3,桃園台啤永豐雲豹,16|54|62,米勒/高錦瑋/王皓吉,2,29,36.0,570.66,9.51,09:31,285.33,4.76,04:45,22.0,11.0,61.11,83.27,25.0,12.5,69.44,94.63,16.0,8.0,44.44,60.56,8.0,4.0,22.22,30.28,9.0,4.5,25.0,34.07,5.0,2.5,13.89,18.93,7.0,3.5,19.44,26.5,3.0,1.5,8.33,11.36,4.0,2.0,11.11,15.14,3.0,1.5,8.33,11.36,4.0,2.0,11.11,15.14,5.0,2.5,13.89,18.93,3.0,1.5,8.33,11.36,4.0,2.0,11.11,15.14,2.0,1.0,5.56,7.57,7.0,3.5,19.44,26.5,2.0,1.0,5.56,7.57,0.0,0.0,0.0,0.0,2.0,1.0,5.56,7.57,0.0,0.0,0.0,0.0,61.11,69.44,-8.33,90.84,-3.0,-1.5,-8.33,9.51,4.76,0.59,0.62,0.56,0.43,0.75,0.1,0.88,0.5,0.62,0.56,5.56,0.0,0.06,0.0,0.25
3,桃園台啤永豐雲豹,16|54|68,米勒/高錦瑋/克羅馬,2,179,213.0,2910.16,48.5,48:30,1455.08,24.25,24:15,105.0,52.5,49.3,77.93,97.0,48.5,45.54,72.0,85.0,42.5,39.91,63.09,39.0,19.5,18.31,28.95,57.0,28.5,26.76,42.31,30.0,15.0,14.08,22.27,28.0,14.0,13.15,20.78,9.0,4.5,4.23,6.68,28.0,14.0,13.15,20.78,18.0,9.0,8.45,13.36,17.0,8.5,7.98,12.62,36.0,18.0,16.9,26.72,11.0,5.5,5.16,8.16,26.0,13.0,12.21,19.3,11.0,5.5,5.16,8.16,20.0,10.0,9.39,14.84,7.0,3.5,3.29,5.2,1.0,0.5,0.47,0.74,24.0,12.0,11.27,17.81,17.0,8.5,7.98,12.62,49.3,45.54,3.76,105.4,8.0,4.0,3.76,48.5,24.25,0.51,0.54,0.53,0.32,0.64,0.1,0.51,0.4,0.77,0.59,3.29,0.47,0.11,7.98,0.33
3,桃園台啤永豐雲豹,16|57|62,米勒/莊博元/王皓吉,2,35,41.0,642.72,10.71,10:43,321.36,5.36,05:21,27.0,13.5,65.85,90.74,21.0,10.5,51.22,70.57,19.0,9.5,46.34,63.85,10.0,5.0,24.39,33.61,11.0,5.5,26.83,36.97,6.0,3.0,14.63,20.16,8.0,4.0,19.51,26.89,4.0,2.0,9.76,13.44,4.0,2.0,9.76,13.44,3.0,1.5,7.32,10.08,3.0,1.5,7.32,10.08,7.0,3.5,17.07,23.52,3.0,1.5,7.32,10.08,5.0,2.5,12.2,16.8,1.0,0.5,2.44,3.36,9.0,4.5,21.95,30.25,1.0,0.5,2.44,3.36,0.0,0.0,0.0,0.0,2.0,1.0,4.88,6.72,4.0,2.0,9.76,13.44,65.85,51.22,14.63,91.86,6.0,3.0,14.63,10.71,5.36,0.63,0.65,0.55,0.5,0.75,0.05,0.9,0.38,0.7,0.56,2.44,0.0,0.05,9.76,0.21
3,桃園台啤永豐雲豹,16|57|68,米勒/莊博元/克羅馬,2,87,107.0,1387.07,23.12,23:07,693.54,11.56,11:34,52.0,26.0,48.6,80.98,60.0,30.0,56.07,93.43,40.0,20.0,37.38,62.29,21.0,10.5,19.63,32.7,30.0,15.0,28.04,46.72,19.0,9.5,17.76,29.59,10.0,5.0,9.35,15.57,2.0,1.0,1.87,3.11,19.0,9.5,17.76,29.59,12.0,6.0,11.21,18.69,8.0,4.0,7.48,12.46,16.0,8.0,14.95,24.92,7.0,3.5,6.54,10.9,12.0,6.0,11.21,18.69,5.0,2.5,4.67,7.79,11.0,5.5,10.28,17.13,3.0,1.5,2.8,4.67,0.0,0.0,0.0,0.0,9.0,4.5,8.41,14.02,9.0,4.5,8.41,14.02,48.6,56.07,-7.48,111.08,-8.0,-4.0,-7.48,23.12,11.56,0.55,0.54,0.63,0.2,0.63,0.09,0.52,0.4,0.7,0.56,2.8,0.0,0.08,8.41,0.48
3,桃園台啤永豐雲豹,16|62|68,米勒/王皓吉/克羅馬,2,24,28.0,473.66,7.89,07:54,236.83,3.95,03:57,14.0,7.0,50.0,63.84,25.0,12.5,89.29,114.01,11.0,5.5,39.29,50.16,5.0,2.5,17.86,22.8,7.0,3.5,25.0,31.92,4.0,2.0,14.29,18.24,4.0,2.0,14.29,18.24,1.0,0.5,3.57,4.56,4.0,2.0,14.29,18.24,3.0,1.5,10.71,13.68,2.0,1.0,7.14,9.12,5.0,2.5,17.86,22.8,2.0,1.0,7.14,9.12,2.0,1.0,7.14,9.12,2.0,1.0,7.14,9.12,5.0,2.5,17.86,22.8,2.0,1.0,7.14,9.12,0.0,0.0,0.0,0.0,2.0,1.0,7.14,9.12,0.0,0.0,0.0,0.0,50.0,89.29,-39.29,85.12,-11.0,-5.5,-39.29,7.89,3.95,0.5,0.55,0.57,0.25,0.75,0.14,1.0,0.5,0.71,0.64,7.14,0.0,0.07,0.0,0.36
3,桃園台啤永豐雲豹,54|57|62,高錦瑋/莊博元/王皓吉,2,24,30.0,468.66,7.81,07:49,234.33,3.91,03:54,20.0,10.0,66.67,92.18,19.0,9.5,63.33,87.57,13.0,6.5,43.33,59.92,7.0,3.5,23.33,32.26,7.0,3.5,23.33,32.26,4.0,2.0,13.33,18.44,6.0,3.0,20.0,27.65,3.0,1.5,10.0,13.83,4.0,2.0,13.33,18.44,3.0,1.5,10.0,13.83,3.0,1.5,10.0,13.83,4.0,2.0,13.33,18.44,3.0,1.5,10.0,13.83,3.0,1.5,10.0,13.83,1.0,0.5,3.33,4.61,6.0,3.0,20.0,27.65,1.0,0.5,3.33,4.61,0.0,0.0,0.0,0.0,2.0,1.0,6.67,9.22,0.0,0.0,0.0,0.0,66.67,63.33,3.33,92.18,1.0,0.5,3.33,7.81,3.91,0.65,0.68,0.57,0.5,0.75,0.06,0.86,0.5,0.57,0.54,3.33,0.0,0.07,0.0,0.31
3,桃園台啤永豐雲豹,54|57|68,高錦瑋/莊博元/克羅馬,2,111,136.0,1767.92,29.47,29:28,883.96,14.73,14:44,72.0,36.0,52.94,87.97,70.0,35.0,51.47,85.52,49.0,24.5,36.03,59.87,28.0,14.0,20.59,34.21,37.0,18.5,27.21,45.21,25.0,12.5,18.38,30.54,12.0,6.0,8.82,14.66,3.0,1.5,2.21,3.67,22.0,11.0,16.18,26.88,17.0,8.5,12.5,20.77,9.0,4.5,6.62,11.0,16.0,8.0,11.76,19.55,11.0,5.5,8.09,13.44,17.0,8.5,12.5,20.77,8.0,4.0,5.88,9.77,16.0,8.0,11.76,19.55,6.0,3.0,4.41,7.33,0.0,0.0,0.0,0.0,12.0,6.0,8.82,14.66,16.0,8.0,11.76,19.55,52.94,51.47,1.47,110.77,2.0,1.0,1.47,29.47,14.73,0.6,0.61,0.68,0.25,0.77,0.12,0.57,0.35,0.59,0.47,4.41,0.0,0.09,11.76,0.45
3,桃園台啤永豐雲豹,54|62|68,高錦瑋/王皓吉/克羅馬,2,28,32.0,547.66,9.13,09:08,273.83,4.56,04:34,20.0,10.0,62.5,78.88,27.0,13.5,84.38,106.49,13.0,6.5,40.62,51.27,7.0,3.5,21.88,27.61,7.0,3.5,21.88,27.61,4.0,2.0,12.5,15.78,6.0,3.0,18.75,23.66,3.0,1.5,9.38,11.83,4.0,2.0,12.5,15.78,3.0,1.5,9.38,11.83,2.0,1.0,6.25,7.89,5.0,2.5,15.62,19.72,2.0,1.0,6.25,7.89,3.0,1.5,9.38,11.83,2.0,1.0,6.25,7.89,7.0,3.5,21.88,27.61,2.0,1.0,6.25,7.89,0.0,0.0,0.0,0.0,2.0,1.0,6.25,7.89,0.0,0.0,0.0,0.0,62.5,84.38,-21.88,84.14,-7.0,-3.5,-21.88,9.13,4.56,0.65,0.68,0.57,0.5,0.75,0.12,1.0,0.4,0.71,0.58,6.25,0.0,0.06,0.0,0.31
3,桃園台啤永豐雲豹,57|62|68,莊博元/王皓吉/克羅馬,2,51,59.0,832.37,13.87,13:52,416.19,6.94,06:56,31.0,15.5,52.54,80.44,41.0,20.5,69.49,106.39,20.0,10.0,33.9,51.9,11.0,5.5,18.64,28.54,12.0,6.0,20.34,31.14,8.0,4.0,13.56,20.76,8.0,4.0,13.56,20.76,3.0,1.5,5.08,7.78,8.0,4.0,13.56,20.76,6.0,3.0,10.17,15.57,2.0,1.0,3.39,5.19,8.0,4.0,13.56,20.76,3.0,1.5,5.08,7.78,5.0,2.5,8.47,12.97,5.0,2.5,8.47,12.97,9.0,4.5,15.25,23.35,4.0,2.0,6.78,10.38,0.0,0.0,0.0,0.0,5.0,2.5,8.47,12.97,10.0,5.0,16.95,25.95,52.54,69.49,-16.95,102.07,-10.0,-5.0,-16.95,13.87,6.94,0.62,0.66,0.67,0.38,0.75,0.18,0.82,0.29,0.73,0.56,6.78,0.0,0.08,16.95,0.4
3,桃園台啤永豐雲豹,16|54|3129,米勒/高錦瑋/董永全,2,149,181.0,2379.19,39.65,39:39,1189.6,19.83,19:50,85.0,42.5,46.96,77.17,68.0,34.0,37.57,61.74,71.0,35.5,39.23,64.46,31.0,15.5,17.13,28.14,48.0,24.0,26.52,43.58,22.0,11.0,12.15,19.97,23.0,11.5,12.71,20.88,9.0,4.5,4.97,8.17,19.0,9.5,10.5,17.25,12.0,6.0,6.63,10.89,14.0,7.0,7.73,12.71,30.0,15.0,16.57,27.24,11.0,5.5,6.08,9.99,25.0,12.5,13.81,22.7,10.0,5.0,5.52,9.08,14.0,7.0,7.73,12.71,5.0,2.5,2.76,4.54,2.0,1.0,1.1,1.82,23.0,11.5,12.71,20.88,17.0,8.5,9.39,15.43,46.96,37.57,9.39,109.55,17.0,8.5,9.39,39.65,19.83,0.5,0.54,0.46,0.39,0.63,0.11,0.45,0.36,0.73,0.55,2.76,1.1,0.13,9.39,0.27
3,桃園台啤永豐雲豹,16|57|3129,米勒/莊博元/董永全,2,48,64.0,780.83,13.01,13:01,390.41,6.51,06:30,25.0,12.5,39.06,69.16,26.0,13.0,40.62,71.92,25.0,12.5,39.06,69.16,11.0,5.5,17.19,30.43,20.0,10.0,31.25,55.33,9.0,4.5,14.06,24.9,5.0,2.5,7.81,13.83,2.0,1.0,3.12,5.53,5.0,2.5,7.81,13.83,3.0,1.5,4.69,8.3,6.0,3.0,9.38,16.6,9.0,4.5,14.06,24.9,6.0,3.0,9.38,16.6,9.0,4.5,14.06,24.9,4.0,2.0,6.25,11.07,6.0,3.0,9.38,16.6,2.0,1.0,3.12,5.53,1.0,0.5,1.56,2.77,6.0,3.0,9.38,16.6,6.0,3.0,9.38,16.6,39.06,40.62,-1.56,118.03,-1.0,-0.5,-1.56,13.01,6.51,0.48,0.46,0.45,0.4,0.6,0.13,0.55,0.4,0.6,0.5,3.12,1.56,0.09,9.38,0.2
3,桃園台啤永豐雲豹,16|68|3129,米勒/克羅馬/董永全,2,125,146.0,1941.16,32.35,32:21,970.58,16.18,16:11,68.0,34.0,46.58,75.67,49.0,24.5,33.56,54.52,57.0,28.5,39.04,63.43,25.0,12.5,17.12,27.82,38.0,19.0,26.03,42.28,18.0,9.0,12.33,20.03,19.0,9.5,13.01,21.14,7.0,3.5,4.79,7.79,16.0,8.0,10.96,17.8,9.0,4.5,6.16,10.01,10.0,5.0,6.85,11.13,26.0,13.0,17.81,28.93,6.0,3.0,4.11,6.68,21.0,10.5,14.38,23.37,9.0,4.5,6.16,10.01,12.0,6.0,8.22,13.35,5.0,2.5,3.42,5.56,1.0,0.5,0.68,1.11,19.0,9.5,13.01,21.14,12.0,6.0,8.22,13.35,46.58,33.56,13.01,108.31,19.0,9.5,13.01,32.35,16.18,0.5,0.53,0.47,0.37,0.56,0.12,0.48,0.32,0.81,0.57,3.42,0.68,0.13,8.22,0.28
3,桃園台啤永豐雲豹,54|57|3129,高錦瑋/莊博元/董永全,2,50,66.0,816.83,13.61,13:37,408.41,6.81,06:48,27.0,13.5,40.91,71.4,26.0,13.0,39.39,68.75,26.0,13.0,39.39,68.75,12.0,6.0,18.18,31.73,21.0,10.5,31.82,55.53,10.0,5.0,15.15,26.44,5.0,2.5,7.58,13.22,2.0,1.0,3.03,5.29,5.0,2.5,7.58,13.22,3.0,1.5,4.55,7.93,6.0,3.0,9.09,15.87,9.0,4.5,13.64,23.8,6.0,3.0,9.09,15.87,10.0,5.0,15.15,26.44,4.0,2.0,6.06,10.58,7.0,3.5,10.61,18.51,2.0,1.0,3.03,5.29,1.0,0.5,1.52,2.64,7.0,3.5,10.61,18.51,6.0,3.0,9.09,15.87,40.91,39.39,1.52,116.35,1.0,0.5,1.52,13.61,6.81,0.5,0.48,0.48,0.4,0.6,0.12,0.58,0.38,0.6,0.48,3.03,1.52,0.11,9.09,0.19
3,桃園台啤永豐雲豹,54|68|3129,高錦瑋/克羅馬/董永全,2,150,174.0,2341.64,39.03,39:02,1170.82,19.51,19:31,88.0,44.0,50.57,81.17,60.0,30.0,34.48,55.35,67.0,33.5,38.51,61.8,33.0,16.5,18.97,30.44,43.0,21.5,24.71,39.66,23.0,11.5,13.22,21.22,24.0,12.0,13.79,22.14,10.0,5.0,5.75,9.22,19.0,9.5,10.92,17.53,10.0,5.0,5.75,9.22,11.0,5.5,6.32,10.15,28.0,14.0,16.09,25.83,7.0,3.5,4.02,6.46,26.0,13.0,14.94,23.98,11.0,5.5,6.32,10.15,18.0,9.0,10.34,16.6,5.0,2.5,2.87,4.61,1.0,0.5,0.57,0.92,24.0,12.0,13.79,22.14,14.0,7.0,8.05,12.91,50.57,34.48,16.09,107.0,28.0,14.0,16.09,39.03,19.51,0.57,0.58,0.53,0.42,0.53,0.13,0.55,0.3,0.8,0.54,2.87,0.57,0.14,8.05,0.28
3,桃園台啤永豐雲豹,57|68|3129,莊博元/克羅馬/董永全,2,38,46.0,545.91,9.1,09:06,272.96,4.55,04:33,19.0,9.5,41.3,75.18,15.0,7.5,32.61,59.35,16.0,8.0,34.78,63.31,9.0,4.5,19.57,35.61,14.0,7.0,30.43,55.39,9.0,4.5,19.57,35.61,2.0,1.0,4.35,7.91,0.0,0.0,0.0,0.0,5.0,2.5,10.87,19.78,3.0,1.5,6.52,11.87,2.0,1.0,4.35,7.91,6.0,3.0,13.04,23.74,2.0,1.0,4.35,7.91,9.0,4.5,19.57,35.61,4.0,2.0,8.7,15.83,5.0,2.5,10.87,19.78,2.0,1.0,4.35,7.91,0.0,0.0,0.0,0.0,5.0,2.5,10.87,19.78,4.0,2.0,8.7,15.83,41.3,32.61,8.7,121.34,4.0,2.0,8.7,9.1,4.55,0.56,0.52,0.64,0.0,0.6,0.18,0.56,0.18,0.75,0.42,4.35,0.0,0.11,8.7,0.31
3,桃園台啤永豐雲豹,16|54|58,米勒/高錦瑋/林信寬,2,143,169.0,2296.7,38.28,38:17,1148.35,19.14,19:08,92.0,46.0,54.44,86.52,73.0,36.5,43.2,68.65,69.0,34.5,40.83,64.89,33.0,16.5,19.53,31.04,44.0,22.0,26.04,41.38,24.0,12.0,14.2,22.57,25.0,12.5,14.79,23.51,9.0,4.5,5.33,8.46,22.0,11.0,13.02,20.69,15.0,7.5,8.88,14.11,14.0,7.0,8.28,13.17,27.0,13.5,15.98,25.39,8.0,4.0,4.73,7.52,21.0,10.5,12.43,19.75,8.0,4.0,4.73,7.52,13.0,6.5,7.69,12.23,5.0,2.5,2.96,4.7,1.0,0.5,0.59,0.94,21.0,10.5,12.43,19.75,16.0,8.0,9.47,15.05,54.44,43.2,11.24,105.96,19.0,9.5,11.24,38.28,19.14,0.54,0.58,0.55,0.36,0.68,0.09,0.39,0.4,0.77,0.59,2.96,0.59,0.12,9.47,0.32
3,桃園台啤永豐雲豹,16|58|68,米勒/林信寬/克羅馬,2,126,149.0,2038.74,33.98,33:59,1019.37,16.99,16:59,76.0,38.0,51.01,80.52,66.0,33.0,44.3,69.93,62.0,31.0,41.61,65.69,27.0,13.5,18.12,28.61,39.0,19.5,26.17,41.32,19.0,9.5,12.75,20.13,23.0,11.5,15.44,24.37,8.0,4.0,5.37,8.48,21.0,10.5,14.09,22.25,12.0,6.0,8.05,12.71,14.0,7.0,9.4,14.83,27.0,13.5,18.12,28.61,7.0,3.5,4.7,7.42,17.0,8.5,11.41,18.01,6.0,3.0,4.03,6.36,12.0,6.0,8.05,12.71,4.0,2.0,2.68,4.24,1.0,0.5,0.67,1.06,18.0,9.0,12.08,19.07,13.0,6.5,8.72,13.77,51.01,44.3,6.71,105.24,10.0,5.0,6.71,33.98,16.99,0.5,0.53,0.49,0.35,0.57,0.08,0.44,0.45,0.79,0.63,2.68,0.67,0.12,8.72,0.34
3,桃園台啤永豐雲豹,16|58|3129,米勒/林信寬/董永全,2,101,117.0,1598.36,26.64,26:38,799.18,13.32,13:19,60.0,30.0,51.28,81.08,42.0,21.0,35.9,56.76,46.0,23.0,39.32,62.16,20.0,10.0,17.09,27.03,28.0,14.0,23.93,37.84,13.0,6.5,11.11,17.57,18.0,9.0,15.38,24.32,7.0,3.5,5.98,9.46,14.0,7.0,11.97,18.92,9.0,4.5,7.69,12.16,8.0,4.0,6.84,10.81,21.0,10.5,17.95,28.38,5.0,2.5,4.27,6.76,16.0,8.0,13.68,21.62,6.0,3.0,5.13,8.11,8.0,4.0,6.84,10.81,3.0,1.5,2.56,4.05,1.0,0.5,0.85,1.35,17.0,8.5,14.53,22.97,11.0,5.5,9.4,14.87,51.28,35.9,15.38,105.41,18.0,9.0,15.38,26.64,13.32,0.51,0.58,0.46,0.39,0.64,0.1,0.4,0.33,0.81,0.58,2.56,0.85,0.15,9.4,0.3
3,桃園台啤永豐雲豹,54|58|68,高錦瑋/林信寬/克羅馬,2,167,198.0,2674.07,44.57,44:34,1337.04,22.28,22:17,106.0,53.0,53.54,85.62,85.0,42.5,42.93,68.66,77.0,38.5,38.89,62.2,38.0,19.0,19.19,30.69,49.0,24.5,24.75,39.58,28.0,14.0,14.14,22.62,28.0,14.0,14.14,22.62,10.0,5.0,5.05,8.08,27.0,13.5,13.64,21.81,18.0,9.0,9.09,14.54,16.0,8.0,8.08,12.92,29.0,14.5,14.65,23.42,12.0,6.0,6.06,9.69,24.0,12.0,12.12,19.39,11.0,5.5,5.56,8.89,19.0,9.5,9.6,15.35,7.0,3.5,3.54,5.65,1.0,0.5,0.51,0.81,24.0,12.0,12.12,19.39,22.0,11.0,11.11,17.77,53.54,42.93,10.61,106.62,21.0,10.5,10.61,44.57,22.28,0.56,0.6,0.57,0.36,0.67,0.11,0.5,0.4,0.71,0.56,3.54,0.51,0.12,11.11,0.35
3,桃園台啤永豐雲豹,54|58|3129,高錦瑋/林信寬/董永全,2,120,139.0,1888.85,31.48,31:29,944.42,15.74,15:44,72.0,36.0,51.8,82.34,51.0,25.5,36.69,58.32,53.0,26.5,38.13,60.61,25.0,12.5,17.99,28.59,32.0,16.0,23.02,36.59,17.0,8.5,12.23,19.44,21.0,10.5,15.11,24.01,8.0,4.0,5.76,9.15,17.0,8.5,12.23,19.44,10.0,5.0,7.19,11.44,9.0,4.5,6.47,10.29,23.0,11.5,16.55,26.3,6.0,3.0,4.32,6.86,19.0,9.5,13.67,21.73,8.0,4.0,5.76,9.15,11.0,5.5,7.91,12.58,3.0,1.5,2.16,3.43,1.0,0.5,0.72,1.14,21.0,10.5,15.11,24.01,13.0,6.5,9.35,14.87,51.8,36.69,15.11,105.97,21.0,10.5,15.11,31.48,15.74,0.55,0.6,0.53,0.38,0.59,0.12,0.44,0.32,0.79,0.56,2.16,0.72,0.15,9.35,0.32
3,桃園台啤永豐雲豹,58|68|3129,林信寬/克羅馬/董永全,2,122,140.0,1907.39,31.79,31:47,953.69,15.89,15:54,68.0,34.0,48.57,77.01,51.0,25.5,36.43,57.75,55.0,27.5,39.29,62.28,24.0,12.0,17.14,27.18,33.0,16.5,23.57,37.37,16.0,8.0,11.43,18.12,22.0,11.0,15.71,24.91,8.0,4.0,5.71,9.06,16.0,8.0,11.43,18.12,8.0,4.0,5.71,9.06,10.0,5.0,7.14,11.32,26.0,13.0,18.57,29.44,5.0,2.5,3.57,5.66,19.0,9.5,13.57,21.52,8.0,4.0,5.71,9.06,12.0,6.0,8.57,13.59,4.0,2.0,2.86,4.53,2.0,1.0,1.43,2.26,21.0,10.5,15.0,23.78,10.0,5.0,7.14,11.32,48.57,36.43,12.14,105.69,17.0,8.5,12.14,31.79,15.89,0.51,0.55,0.48,0.36,0.5,0.11,0.5,0.34,0.84,0.6,2.86,1.43,0.15,7.14,0.29
3,桃園台啤永豐雲豹,54|58|10861,高錦瑋/林信寬/迪亞洛,1,54,64.0,811.98,13.53,13:32,811.98,13.53,13:32,41.0,41.0,64.06,109.07,29.0,29.0,45.31,77.14,19.0,19.0,29.69,50.54,15.0,15.0,23.44,39.9,14.0,14.0,21.88,37.24,13.0,13.0,20.31,34.58,5.0,5.0,7.81,13.3,2.0,2.0,3.12,5.32,11.0,11.0,17.19,29.26,9.0,9.0,14.06,23.94,2.0,2.0,3.12,5.32,3.0,3.0,4.69,7.98,6.0,6.0,9.38,15.96,10.0,10.0,15.62,26.6,6.0,6.0,9.38,15.96,7.0,7.0,10.94,18.62,4.0,4.0,6.25,10.64,0.0,0.0,0.0,0.0,8.0,8.0,12.5,21.28,10.0,10.0,15.62,26.6,64.06,45.31,18.75,113.5,12.0,12.0,18.75,13.53,13.53,0.84,0.86,0.93,0.4,0.82,0.2,0.47,0.17,0.33,0.24,6.25,0.0,0.12,15.62,0.58
3,桃園台啤永豐雲豹,54|68|10861,高錦瑋/克羅馬/迪亞洛,1,38,45.0,579.98,9.67,09:40,579.98,9.67,09:40,27.0,27.0,60.0,100.55,20.0,20.0,44.44,74.48,13.0,13.0,28.89,48.42,10.0,10.0,22.22,37.24,10.0,10.0,22.22,37.24,9.0,9.0,20.0,33.52,3.0,3.0,6.67,11.17,1.0,1.0,2.22,3.72,8.0,8.0,17.78,29.79,6.0,6.0,13.33,22.35,2.0,2.0,4.44,7.45,2.0,2.0,4.44,7.45,5.0,5.0,11.11,18.62,7.0,7.0,15.56,26.07,4.0,4.0,8.89,14.9,7.0,7.0,15.56,26.07,3.0,3.0,6.67,11.17,0.0,0.0,0.0,0.0,6.0,6.0,13.33,22.35,9.0,9.0,20.0,33.52,60.0,44.44,15.56,111.73,7.0,7.0,15.56,9.67,9.67,0.81,0.82,0.9,0.33,0.75,0.19,0.7,0.22,0.29,0.25,6.67,0.0,0.13,20.0,0.62
3,桃園台啤永豐雲豹,54|3129|10861,高錦瑋/董永全/迪亞洛,1,25,30.0,391.98,6.53,06:32,391.98,6.53,06:32,18.0,18.0,60.0,99.19,14.0,14.0,46.67,77.15,9.0,9.0,30.0,49.59,7.0,7.0,23.33,38.57,7.0,7.0,23.33,38.57,7.0,7.0,23.33,38.57,2.0,2.0,6.67,11.02,0.0,0.0,0.0,0.0,6.0,6.0,20.0,33.06,4.0,4.0,13.33,22.04,1.0,1.0,3.33,5.51,2.0,2.0,6.67,11.02,2.0,2.0,6.67,11.02,6.0,6.0,20.0,33.06,2.0,2.0,6.67,11.02,3.0,3.0,10.0,16.53,0.0,0.0,0.0,0.0,0.0,0.0,0.0,0.0,6.0,6.0,20.0,33.06,3.0,3.0,10.0,16.53,60.0,46.67,13.33,110.21,4.0,4.0,13.33,6.53,6.53,0.78,0.77,1.0,0.0,0.67,0.15,0.43,0.14,0.5,0.27,0.0,0.0,0.2,10.0,0.67
3,桃園台啤永豐雲豹,58|68|10861,林信寬/克羅馬/迪亞洛,1,64,75.0,901.49,15.02,15:01,901.49,15.02,15:01,32.0,32.0,42.67,76.67,36.0,36.0,48.0,86.26,25.0,25.0,33.33,59.9,12.0,12.0,16.0,28.75,19.0,19.0,25.33,45.52,11.0,11.0,14.67,26.36,6.0,6.0,8.0,14.38,1.0,1.0,1.33,2.4,10.0,10.0,13.33,23.96,7.0,7.0,9.33,16.77,5.0,5.0,6.67,11.98,9.0,9.0,12.0,21.56,5.0,5.0,6.67,11.98,12.0,12.0,16.0,28.75,6.0,6.0,8.0,14.38,8.0,8.0,10.67,19.17,4.0,4.0,5.33,9.58,3.0,3.0,4.0,7.19,8.0,8.0,10.67,19.17,15.0,15.0,20.0,35.94,42.67,48.0,-5.33,119.8,-4.0,-4.0,-5.33,15.02,15.02,0.5,0.54,0.58,0.17,0.7,0.17,0.67,0.29,0.64,0.45,5.33,4.0,0.11,20.0,0.4
3,桃園台啤永豐雲豹,58|3129|10861,林信寬/董永全/迪亞洛,1,37,44.0,541.64,9.03,09:02,541.64,9.03,09:02,21.0,21.0,47.73,83.75,22.0,22.0,50.0,87.73,14.0,14.0,31.82,55.83,8.0,8.0,18.18,31.9,10.0,10.0,22.73,39.88,8.0,8.0,18.18,31.9,4.0,4.0,9.09,15.95,0.0,0.0,0.0,0.0,8.0,8.0,18.18,31.9,5.0,5.0,11.36,19.94,2.0,2.0,4.55,7.98,6.0,6.0,13.64,23.93,2.0,2.0,4.55,7.98,8.0,8.0,18.18,31.9,3.0,3.0,6.82,11.96,3.0,3.0,6.82,11.96,1.0,1.0,2.27,3.99,1.0,1.0,2.27,3.99,7.0,7.0,15.91,27.92,3.0,3.0,6.82,11.96,47.73,50.0,-2.27,116.98,-1.0,-1.0,-2.27,9.03,9.03,0.57,0.6,0.8,0.0,0.62,0.15,0.38,0.2,0.75,0.44,2.27,2.27,0.16,6.82,0.57
3,桃園台啤永豐雲豹,68|3129|10861,克羅馬/董永全/迪亞洛,1,28,32.0,410.64,6.84,06:51,410.64,6.84,06:51,14.0,14.0,43.75,73.64,15.0,15.0,46.88,78.9,11.0,11.0,34.38,57.86,6.0,6.0,18.75,31.56,8.0,8.0,25.0,42.08,6.0,6.0,18.75,31.56,3.0,3.0,9.38,15.78,0.0,0.0,0.0,0.0,5.0,5.0,15.62,26.3,2.0,2.0,6.25,10.52,2.0,2.0,6.25,10.52,5.0,5.0,15.62,26.3,1.0,1.0,3.12,5.26,6.0,6.0,18.75,31.56,2.0,2.0,6.25,10.52,4.0,4.0,12.5,21.04,1.0,1.0,3.12,5.26,1.0,1.0,3.12,5.26,6.0,6.0,18.75,31.56,2.0,2.0,6.25,10.52,43.75,46.88,-3.12,112.22,-1.0,-1.0,-3.12,6.84,6.84,0.55,0.53,0.75,0.0,0.4,0.13,0.67,0.25,0.83,0.5,3.12,3.12,0.19,6.25,0.45
3,桃園台啤永豐雲豹,12|58|68,曹薰襄/林信寬/克羅馬,2,32,36.0,400.68,6.68,06:41,200.34,3.34,03:20,7.0,3.5,19.44,37.74,19.0,9.5,52.78,102.43,14.0,7.0,38.89,75.47,3.0,1.5,8.33,16.17,11.0,5.5,30.56,59.3,3.0,1.5,8.33,16.17,3.0,1.5,8.33,16.17,0.0,0.0,0.0,0.0,4.0,2.0,11.11,21.56,1.0,0.5,2.78,5.39,3.0,1.5,8.33,16.17,9.0,4.5,25.0,48.52,0.0,0.0,0.0,0.0,7.0,3.5,19.44,37.74,2.0,1.0,5.56,10.78,2.0,1.0,5.56,10.78,1.0,0.5,2.78,5.39,3.0,1.5,8.33,16.17,3.0,1.5,8.33,16.17,7.0,3.5,19.44,37.74,19.44,52.78,-33.33,129.38,-12.0,-6.0,-33.33,6.68,3.34,0.21,0.22,0.27,0.0,0.25,0.11,0.67,0.3,1.0,0.63,2.78,8.33,0.08,19.44,0.29
3,桃園台啤永豐雲豹,12|58|3129,曹薰襄/林信寬/董永全,1,14,16.0,185.66,3.09,03:06,185.66,3.09,03:06,5.0,5.0,31.25,58.17,8.0,8.0,50.0,93.07,6.0,6.0,37.5,69.81,2.0,2.0,12.5,23.27,4.0,4.0,25.0,46.54,2.0,2.0,12.5,23.27,2.0,2.0,12.5,23.27,0.0,0.0,0.0,0.0,2.0,2.0,12.5,23.27,1.0,1.0,6.25,11.63,1.0,1.0,6.25,11.63,4.0,4.0,25.0,46.54,0.0,0.0,0.0,0.0,3.0,3.0,18.75,34.9,1.0,1.0,6.25,11.63,1.0,1.0,6.25,11.63,1.0,1.0,6.25,11.63,1.0,1.0,6.25,11.63,2.0,2.0,12.5,23.27,0.0,0.0,0.0,0.0,31.25,50.0,-18.75,124.1,-3.0,-3.0,-18.75,3.09,3.09,0.33,0.36,0.5,0.0,0.5,0.13,0.5,0.25,1.0,0.62,6.25,6.25,0.12,0.0,0.33
3,桃園台啤永豐雲豹,12|58|10861,曹薰襄/林信寬/迪亞洛,1,39,46.0,537.51,8.96,08:58,537.51,8.96,08:58,13.0,13.0,28.26,52.24,23.0,23.0,50.0,92.43,17.0,17.0,36.96,68.32,5.0,5.0,10.87,20.09,14.0,14.0,30.43,56.26,5.0,5.0,10.87,20.09,3.0,3.0,6.52,12.06,0.0,0.0,0.0,0.0,5.0,5.0,10.87,20.09,3.0,3.0,6.52,12.06,3.0,3.0,6.52,12.06,9.0,9.0,19.57,36.17,2.0,2.0,4.35,8.04,7.0,7.0,15.22,28.13,2.0,2.0,4.35,8.04,4.0,4.0,8.7,16.07,1.0,1.0,2.17,4.02,5.0,5.0,10.87,20.09,6.0,6.0,13.04,24.11,6.0,6.0,13.04,24.11,28.26,50.0,-21.74,123.24,-10.0,-10.0,-21.74,8.96,8.96,0.29,0.34,0.36,0.0,0.6,0.09,0.8,0.3,0.82,0.57,2.17,10.87,0.13,13.04,0.29
3,桃園台啤永豐雲豹,12|68|3129,曹薰襄/克羅馬/董永全,1,14,16.0,185.66,3.09,03:06,185.66,3.09,03:06,5.0,5.0,31.25,58.17,8.0,8.0,50.0,93.07,6.0,6.0,37.5,69.81,2.0,2.0,12.5,23.27,4.0,4.0,25.0,46.54,2.0,2.0,12.5,23.27,2.0,2.0,12.5,23.27,0.0,0.0,0.0,0.0,2.0,2.0,12.5,23.27,1.0,1.0,6.25,11.63,1.0,1.0,6.25,11.63,4.0,4.0,25.0,46.54,0.0,0.0,0.0,0.0,3.0,3.0,18.75,34.9,1.0,1.0,6.25,11.63,1.0,1.0,6.25,11.63,1.0,1.0,6.25,11.63,1.0,1.0,6.25,11.63,2.0,2.0,12.5,23.27,0.0,0.0,0.0,0.0,31.25,50.0,-18.75,124.1,-3.0,-3.0,-18.75,3.09,3.09,0.33,0.36,0.5,0.0,0.5,0.13,0.5,0.25,1.0,0.62,6.25,6.25,0.12,0.0,0.33
3,桃園台啤永豐雲豹,12|68|10861,曹薰襄/克羅馬/迪亞洛,1,28,32.0,357.51,5.96,05:58,357.51,5.96,05:58,7.0,7.0,21.88,42.29,16.0,16.0,50.0,96.67,13.0,13.0,40.62,78.54,3.0,3.0,9.38,18.13,10.0,10.0,31.25,60.42,3.0,3.0,9.38,18.13,3.0,3.0,9.38,18.13,0.0,0.0,0.0,0.0,2.0,2.0,6.25,12.08,1.0,1.0,3.12,6.04,3.0,3.0,9.38,18.13,7.0,7.0,21.88,42.29,0.0,0.0,0.0,0.0,6.0,6.0,18.75,36.25,2.0,2.0,6.25,12.08,2.0,2.0,6.25,12.08,1.0,1.0,3.12,6.04,3.0,3.0,9.38,18.13,3.0,3.0,9.38,18.13,6.0,6.0,18.75,36.25,21.88,50.0,-28.12,128.89,-9.0,-9.0,-28.12,5.96,5.96,0.23,0.25,0.3,0.0,0.5,0.13,0.67,0.33,1.0,0.62,3.12,9.38,0.09,18.75,0.15
3,桃園台啤永豐雲豹,12|3129|10861,曹薰襄/董永全/迪亞洛,1,14,16.0,185.66,3.09,03:06,185.66,3.09,03:06,5.0,5.0,31.25,58.17,8.0,8.0,50.0,93.07,6.0,6.0,37.5,69.81,2.0,2.0,12.5,23.27,4.0,4.0,25.0,46.54,2.0,2.0,12.5,23.27,2.0,2.0,12.5,23.27,0.0,0.0,0.0,0.0,2.0,2.0,12.5,23.27,1.0,1.0,6.25,11.63,1.0,1.0,6.25,11.63,4.0,4.0,25.0,46.54,0.0,0.0,0.0,0.0,3.0,3.0,18.75,34.9,1.0,1.0,6.25,11.63,1.0,1.0,6.25,11.63,1.0,1.0,6.25,11.63,1.0,1.0,6.25,11.63,2.0,2.0,12.5,23.27,0.0,0.0,0.0,0.0,31.25,50.0,-18.75,124.1,-3.0,-3.0,-18.75,3.09,3.09,0.33,0.36,0.5,0.0,0.5,0.13,0.5,0.25,1.0,0.62,6.25,6.25,0.12,0.0,0.33
3,新北國王,25|29|32,林金榜/林書緯/奧帝,1,2,3.0,27.0,0.45,00:27,27.0,0.45,00:27,0.0,0.0,0.0,0.0,0.0,0.0,0.0,0.0,1.0,1.0,33.33,80.0,0.0,0.0,0.0,0.0,1.0,1.0,33.33,80.0,0.0,0.0,0.0,0.0,0.0,0.0,0.0,0.0,0.0,0.0,0.0,0.0,0.0,0.0,0.0,0.0,0.0,0.0,0.0,0.0,0.0,0.0,0.0,0.0,1.0,1.0,33.33,80.0,0.0,0.0,0.0,0.0,1.0,1.0,33.33,80.0,1.0,1.0,33.33,80.0,0.0,0.0,0.0,0.0,0.0,0.0,0.0,0.0,1.0,1.0,33.33,80.0,0.0,0.0,0.0,0.0,0.0,0.0,0.0,0.0,0.0,0.0,0.0,160.0,0.0,0.0,0.0,0.45,0.45,0.0,0.0,0.0,,,0.5,,0.0,1.0,0.5,0.0,33.33,0.0,0.0,0.0
3,新北國王,25|29|10872,林金榜/林書緯/林彥廷,2,6,8.0,87.0,1.45,01:27,43.5,0.72,00:44,3.0,1.5,37.5,74.48,2.0,1.0,25.0,49.66,3.0,1.5,37.5,74.48,1.0,0.5,12.5,24.83,2.0,1.0,25.0,49.66,0.0,0.0,0.0,0.0,1.0,0.5,12.5,24.83,1.0,0.5,12.5,24.83,0.0,0.0,0.0,0.0,0.0,0.0,0.0,0.0,0.0,0.0,0.0,0.0,2.0,1.0,25.0,49.66,1.0,0.5,12.5,24.83,1.0,0.5,12.5,24.83,1.0,0.5,12.5,24.83,1.0,0.5,12.5,24.83,0.0,0.0,0.0,0.0,1.0,0.5,12.5,24.83,0.0,0.0,0.0,0.0,0.0,0.0,0.0,0.0,37.5,25.0,12.5,132.41,1.0,0.5,12.5,1.45,0.72,0.5,0.5,0.0,1.0,,0.25,1.0,0.0,0.67,0.5,0.0,12.5,0.0,0.0,0.0
3,新北國王,25|29|14038,林金榜/林書緯/飛米,2,6,8.0,87.0,1.45,01:27,43.5,0.72,00:44,3.0,1.5,37.5,74.48,2.0,1.0,25.0,49.66,3.0,1.5,37.5,74.48,1.0,0.5,12.5,24.83,2.0,1.0,25.0,49.66,0.0,0.0,0.0,0.0,1.0,0.5,12.5,24.83,1.0,0.5,12.5,24.83,0.0,0.0,0.0,0.0,0.0,0.0,0.0,0.0,0.0,0.0,0.0,0.0,2.0,1.0,25.0,49.66,1.0,0.5,12.5,24.83,1.0,0.5,12.5,24.83,1.0,0.5,12.5,24.83,1.0,0.5,12.5,24.83,0.0,0.0,0.0,0.0,1.0,0.5,12.5,24.83,0.0,0.0,0.0,0.0,0.0,0.0,0.0,0.0,37.5,25.0,12.5,132.41,1.0,0.5,12.5,1.45,0.72,0.5,0.5,0.0,1.0,,0.25,1.0,0.0,0.67,0.5,0.0,12.5,0.0,0.0,0.0
3,新北國王,25|32|10872,林金榜/奧帝/林彥廷,1,3,4.0,29.0,0.48,00:29,29.0,0.48,00:29,0.0,0.0,0.0,0.0,0.0,0.0,0.0,0.0,1.0,1.0,25.0,74.48,0.0,0.0,0.0,0.0,1.0,1.0,25.0,74.48,0.0,0.0,0.0,0.0,0.0,0.0,0.0,0.0,0.0,0.0,0.0,0.0,0.0,0.0,0.0,0.0,0.0,0.0,0.0,0.0,0.0,0.0,0.0,0.0,1.0,1.0,25.0,74.48,0.0,0.0,0.0,0.0,1.0,1.0,25.0,74.48,1.0,1.0,25.0,74.48,0.0,0.0,0.0,0.0,0.0,0.0,0.0,0.0,1.0,1.0,25.0,74.48,0.0,0.0,0.0,0.0,0.0,0.0,0.0,0.0,0.0,0.0,0.0,198.62,0.0,0.0,0.0,0.48,0.48,0.0,0.0,0.0,,,0.5,,0.0,1.0,0.5,0.0,25.0,0.0,0.0,0.0
3,新北國王,25|32|14038,林金榜/奧帝/飛米,1,3,4.0,29.0,0.48,00:29,29.0,0.48,00:29,0.0,0.0,0.0,0.0,0.0,0.0,0.0,0.0,1.0,1.0,25.0,74.48,0.0,0.0,0.0,0.0,1.0,1.0,25.0,74.48,0.0,0.0,0.0,0.0,0.0,0.0,0.0,0.0,0.0,0.0,0.0,0.0,0.0,0.0,0.0,0.0,0.0,0.0,0.0,0.0,0.0,0.0,0.0,0.0,1.0,1.0,25.0,74.48,0.0,0.0,0.0,0.0,1.0,1.0,25.0,74.48,1.0,1.0,25.0,74.48,0.0,0.0,0.0,0.0,0.0,0.0,0.0,0.0,1.0,1.0,25.0,74.48,0.0,0.0,0.0,0.0,0.0,0.0,0.0,0.0,0.0,0.0,0.0,198.62,0.0,0.0,0.0,0.48,0.48,0.0,0.0,0.0,,,0.5,,0.0,1.0,0.5,0.0,25.0,0.0,0.0,0.0
3,新北國王,25|10872|14038,林金榜/林彥廷/飛米,2,21,28.0,306.37,5.11,05:06,153.18,2.55,02:33,14.0,7.0,50.0,98.71,12.0,6.0,42.86,84.6,6.0,3.0,21.43,42.3,4.0,2.0,14.29,28.2,4.0,2.0,14.29,28.2,2.0,1.0,7.14,14.1,2.0,1.0,7.14,14.1,2.0,1.0,7.14,14.1,6.0,3.0,21.43,42.3,4.0,2.0,14.29,28.2,0.0,0.0,0.0,0.0,3.0,1.5,10.71,21.15,3.0,1.5,10.71,21.15,4.0,2.0,14.29,28.2,2.0,1.0,7.14,14.1,5.0,2.5,17.86,35.25,1.0,0.5,3.57,7.05,1.0,0.5,3.57,7.05,3.0,1.5,10.71,21.15,1.0,0.5,3.57,7.05,50.0,42.86,7.14,131.61,2.0,1.0,7.14,5.11,2.55,0.83,0.81,0.5,1.0,0.67,0.19,1.25,0.0,0.5,0.3,3.57,3.57,0.11,3.57,1.0
3,桃園台啤永豐雲豹,12|16|57,曹薰襄/米勒/莊博元,2,24,27.0,364.22,6.07,06:04,182.11,3.04,03:02,13.0,6.5,48.15,77.1,12.0,6.0,44.44,71.17,10.0,5.0,37.04,59.3,5.0,2.5,18.52,29.65,8.0,4.0,29.63,47.44,4.0,2.0,14.81,23.72,2.0,1.0,7.41,11.86,1.0,0.5,3.7,5.93,5.0,2.5,18.52,29.65,2.0,1.0,7.41,11.86,0.0,0.0,0.0,0.0,6.0,3.0,22.22,35.58,2.0,1.0,7.41,11.86,3.0,1.5,11.11,17.79,0.0,0.0,0.0,0.0,5.0,2.5,18.52,29.65,0.0,0.0,0.0,0.0,2.0,1.0,7.41,11.86,3.0,1.5,11.11,17.79,4.0,2.0,14.81,23.72,48.15,44.44,3.7,106.75,1.0,0.5,3.7,6.07,3.04,0.55,0.53,0.5,0.5,0.4,0.0,1.0,0.0,0.75,0.55,0.0,7.41,0.11,14.81,0.5
3,桃園台啤永豐雲豹,12|16|58,曹薰襄/米勒/林信寬,2,20,24.0,305.49,5.09,05:05,152.74,2.55,02:33,9.0,4.5,37.5,63.64,18.0,9.0,75.0,127.27,7.0,3.5,29.17,49.49,3.0,1.5,12.5,21.21,5.0,2.5,20.83,35.35,2.0,1.0,8.33,14.14,2.0,1.0,8.33,14.14,1.0,0.5,4.17,7.07,5.0,2.5,20.83,35.35,2.0,1.0,8.33,14.14,0.0,0.0,0.0,0.0,5.0,2.5,20.83,35.35,3.0,1.5,12.5,21.21,2.0,1.0,8.33,14.14,0.0,0.0,0.0,0.0,3.0,1.5,12.5,21.21,0.0,0.0,0.0,0.0,3.0,1.5,12.5,21.21,3.0,1.5,12.5,21.21,0.0,0.0,0.0,0.0,37.5,75.0,-37.5,113.13,-9.0,-4.5,-37.5,5.09,2.55,0.5,0.49,0.4,0.5,0.4,0.0,1.0,0.0,0.62,0.5,0.0,12.5,0.12,0.0,0.71
3,桃園台啤永豐雲豹,12|16|68,曹薰襄/米勒/克羅馬,1,2,2.0,10.16,0.17,00:10,10.16,0.17,00:10,0.0,0.0,0.0,0.0,3.0,3.0,150.0,637.92,0.0,0.0,0.0,0.0,0.0,0.0,0.0,0.0,0.0,0.0,0.0,0.0,0.0,0.0,0.0,0.0,0.0,0.0,0.0,0.0,0.0,0.0,0.0,0.0,2.0,2.0,100.0,425.28,0.0,0.0,0.0,0.0,0.0,0.0,0.0,0.0,1.0,1.0,50.0,212.64,0.0,0.0,0.0,0.0,0.0,0.0,0.0,0.0,0.0,0.0,0.0,0.0,0.0,0.0,0.0,0.0,0.0,0.0,0.0,0.0,0.0,0.0,0.0,0.0,0.0,0.0,0.0,0.0,0.0,0.0,0.0,0.0,0.0,150.0,-150.0,283.52,-3.0,-3.0,-150.0,0.17,0.17,,0.0,,,0.0,0.0,,,1.0,1.0,0.0,0.0,0.0,0.0,
3,桃園台啤永豐雲豹,12|57|58,曹薰襄/莊博元/林信寬,2,15,18.0,223.17,3.72,03:43,111.59,1.86,01:52,6.0,3.0,33.33,58.07,10.0,5.0,55.56,96.79,5.0,2.5,27.78,48.39,2.0,1.0,11.11,19.36,5.0,2.5,27.78,48.39,2.0,1.0,11.11,19.36,0.0,0.0,0.0,0.0,0.0,0.0,0.0,0.0,5.0,2.5,27.78,48.39,2.0,1.0,11.11,19.36,0.0,0.0,0.0,0.0,4.0,2.0,22.22,38.71,2.0,1.0,11.11,19.36,2.0,1.0,11.11,19.36,0.0,0.0,0.0,0.0,2.0,1.0,11.11,19.36,0.0,0.0,0.0,0.0,2.0,1.0,11.11,19.36,3.0,1.5,16.67,29.04,1.0,0.5,5.56,9.68,33.33,55.56,-22.22,116.14,-4.0,-2.0,-22.22,3.72,1.86,0.4,0.42,0.4,,0.4,0.0,1.0,0.0,0.67,0.5,0.0,11.11,0.17,5.56,1.0
3,桃園台啤永豐雲豹,12|57|68,曹薰襄/莊博元/克羅馬,2,36,41.0,503.88,8.4,08:24,251.94,4.2,04:12,19.0,9.5,46.34,81.45,25.0,12.5,60.98,107.17,13.0,6.5,31.71,55.73,7.0,3.5,17.07,30.01,8.0,4.0,19.51,34.29,5.0,2.5,12.2,21.43,5.0,2.5,12.2,21.43,2.0,1.0,4.88,8.57,6.0,3.0,14.63,25.72,3.0,1.5,7.32,12.86,1.0,0.5,2.44,4.29,6.0,3.0,14.63,25.72,1.0,0.5,2.44,4.29,5.0,2.5,12.2,21.43,4.0,2.0,9.76,17.15,5.0,2.5,12.2,21.43,3.0,1.5,7.32,12.86,0.0,0.0,0.0,0.0,3.0,1.5,7.32,12.86,11.0,5.5,26.83,47.15,46.34,60.98,-14.63,117.17,-6.0,-3.0,-14.63,8.4,4.2,0.62,0.61,0.62,0.4,0.5,0.2,0.71,0.17,0.86,0.54,7.32,0.0,0.07,26.83,0.46
3,桃園台啤永豐雲豹,16|57|58,米勒/莊博元/林信寬,2,50,62.0,786.49,13.11,13:06,393.25,6.55,06:33,36.0,18.0,58.06,98.87,35.0,17.5,56.45,96.12,24.0,12.0,38.71,65.91,14.0,7.0,22.58,38.45,18.0,9.0,29.03,49.43,12.0,6.0,19.35,32.96,6.0,3.0,9.68,16.48,2.0,1.0,3.23,5.49,13.0,6.5,20.97,35.7,8.0,4.0,12.9,21.97,5.0,2.5,8.06,13.73,8.0,4.0,12.9,21.97,5.0,2.5,8.06,13.73,5.0,2.5,8.06,13.73,1.0,0.5,1.61,2.75,6.0,3.0,9.68,16.48,1.0,0.5,1.61,2.75,2.0,1.0,3.23,5.49,7.0,3.5,11.29,19.22,5.0,2.5,8.06,13.73,58.06,56.45,1.61,113.52,1.0,0.5,1.61,13.11,6.55,0.62,0.61,0.67,0.33,0.62,0.03,0.43,0.5,0.62,0.57,1.61,3.23,0.11,8.06,0.54
3,桃園台啤永豐雲豹,57|58|68,莊博元/林信寬/克羅馬,2,58,72.0,893.52,14.89,14:54,446.76,7.45,07:27,41.0,20.5,56.94,99.11,39.0,19.5,54.17,94.28,26.0,13.0,36.11,62.85,15.0,7.5,20.83,36.26,19.0,9.5,26.39,45.93,13.0,6.5,18.06,31.43,7.0,3.5,9.72,16.92,2.0,1.0,2.78,4.83,15.0,7.5,20.83,36.26,11.0,5.5,15.28,26.59,6.0,3.0,8.33,14.5,8.0,4.0,11.11,19.34,7.0,3.5,9.72,16.92,8.0,4.0,11.11,19.34,3.0,1.5,4.17,7.25,7.0,3.5,9.72,16.92,3.0,1.5,4.17,7.25,0.0,0.0,0.0,0.0,5.0,2.5,6.94,12.09,13.0,6.5,18.06,31.43,56.94,54.17,2.78,116.04,2.0,1.0,2.78,14.89,7.45,0.62,0.63,0.68,0.29,0.73,0.08,0.47,0.43,0.53,0.48,4.17,0.0,0.07,18.06,0.58
3,桃園台啤永豐雲豹,12|16|10861,曹薰襄/米勒/迪亞洛,1,11,14.0,180.0,3.0,03:00,180.0,3.0,03:00,6.0,6.0,42.86,72.0,7.0,7.0,50.0,84.0,4.0,4.0,28.57,48.0,2.0,2.0,14.29,24.0,4.0,4.0,28.57,48.0,2.0,2.0,14.29,24.0,0.0,0.0,0.0,0.0,0.0,0.0,0.0,0.0,3.0,3.0,21.43,36.0,2.0,2.0,14.29,24.0,0.0,0.0,0.0,0.0,2.0,2.0,14.29,24.0,2.0,2.0,14.29,24.0,1.0,1.0,7.14,12.0,0.0,0.0,0.0,0.0,2.0,2.0,14.29,24.0,0.0,0.0,0.0,0.0,2.0,2.0,14.29,24.0,3.0,3.0,21.43,36.0,0.0,0.0,0.0,0.0,42.86,50.0,-7.14,112.0,-1.0,-1.0,-7.14,3.0,3.0,0.5,0.56,0.5,,0.67,0.0,1.0,0.0,0.5,0.4,0.0,14.29,0.21,0.0,0.75
3,桃園台啤永豐雲豹,12|57|10861,曹薰襄/莊博元/迪亞洛,1,11,14.0,180.0,3.0,03:00,180.0,3.0,03:00,6.0,6.0,42.86,72.0,7.0,7.0,50.0,84.0,4.0,4.0,28.57,48.0,2.0,2.0,14.29,24.0,4.0,4.0,28.57,48.0,2.0,2.0,14.29,24.0,0.0,0.0,0.0,0.0,0.0,0.0,0.0,0.0,3.0,3.0,21.43,36.0,2.0,2.0,14.29,24.0,0.0,0.0,0.0,0.0,2.0,2.0,14.29,24.0,2.0,2.0,14.29,24.0,1.0,1.0,7.14,12.0,0.0,0.0,0.0,0.0,2.0,2.0,14.29,24.0,0.0,0.0,0.0,0.0,2.0,2.0,14.29,24.0,3.0,3.0,21.43,36.0,0.0,0.0,0.0,0.0,42.86,50.0,-7.14,112.0,-1.0,-1.0,-7.14,3.0,3.0,0.5,0.56,0.5,,0.67,0.0,1.0,0.0,0.5,0.4,0.0,14.29,0.21,0.0,0.75
3,桃園台啤永豐雲豹,16|57|10861,米勒/莊博元/迪亞洛,1,18,21.0,281.0,4.68,04:41,281.0,4.68,04:41,13.0,13.0,61.9,99.93,9.0,9.0,42.86,69.18,7.0,7.0,33.33,53.81,5.0,5.0,23.81,38.43,6.0,6.0,28.57,46.12,4.0,4.0,19.05,30.75,1.0,1.0,4.76,7.69,1.0,1.0,4.76,7.69,3.0,3.0,14.29,23.06,2.0,2.0,9.52,15.37,0.0,0.0,0.0,0.0,2.0,2.0,9.52,15.37,2.0,2.0,9.52,15.37,2.0,2.0,9.52,15.37,1.0,1.0,4.76,7.69,3.0,3.0,14.29,23.06,1.0,1.0,4.76,7.69,2.0,2.0,9.52,15.37,4.0,4.0,19.05,30.75,0.0,0.0,0.0,0.0,61.9,42.86,19.05,107.62,4.0,4.0,19.05,4.68,4.68,0.79,0.78,0.67,1.0,0.67,0.11,0.6,0.0,0.5,0.33,4.76,9.52,0.19,0.0,0.43
3,桃園台啤永豐雲豹,16|58|10861,米勒/林信寬/迪亞洛,1,29,35.0,448.0,7.47,07:28,448.0,7.47,07:28,22.0,22.0,62.86,106.07,16.0,16.0,45.71,77.14,11.0,11.0,31.43,53.04,8.0,8.0,22.86,38.57,9.0,9.0,25.71,43.39,7.0,7.0,20.0,33.75,2.0,2.0,5.71,9.64,1.0,1.0,2.86,4.82,6.0,6.0,17.14,28.93,5.0,5.0,14.29,24.11,0.0,0.0,0.0,0.0,3.0,3.0,8.57,14.46,3.0,3.0,8.57,14.46,5.0,5.0,14.29,24.11,2.0,2.0,5.71,9.64,3.0,3.0,8.57,14.46,1.0,1.0,2.86,4.82,2.0,2.0,5.71,9.64,6.0,6.0,17.14,28.93,1.0,1.0,2.86,4.82,62.86,45.71,17.14,112.5,6.0,6.0,17.14,7.47,7.47,0.77,0.81,0.78,0.5,0.83,0.13,0.38,0.0,0.5,0.27,2.86,5.71,0.17,2.86,0.55
3,桃園台啤永豐雲豹,57|58|10861,莊博元/林信寬/迪亞洛,1,42,50.0,636.01,10.6,10:36,636.01,10.6,10:36,31.0,31.0,62.0,105.28,22.0,22.0,44.0,74.72,15.0,15.0,30.0,50.94,11.0,11.0,22.0,37.36,12.0,12.0,24.0,40.75,9.0,9.0,18.0,30.57,3.0,3.0,6.0,10.19,2.0,2.0,4.0,6.79,8.0,8.0,16.0,27.17,7.0,7.0,14.0,23.77,1.0,1.0,2.0,3.4,3.0,3.0,6.0,10.19,6.0,6.0,12.0,20.38,6.0,6.0,12.0,20.38,4.0,4.0,8.0,13.58,7.0,7.0,14.0,23.77,4.0,4.0,8.0,13.58,2.0,2.0,4.0,6.79,6.0,6.0,12.0,20.38,7.0,7.0,14.0,23.77,62.0,44.0,18.0,113.21,9.0,9.0,18.0,10.6,10.6,0.8,0.84,0.75,0.67,0.88,0.18,0.64,0.14,0.33,0.25,8.0,4.0,0.12,14.0,0.53
3,桃園台啤永豐雲豹,16|54|10861,米勒/高錦瑋/迪亞洛,1,18,21.0,268.0,4.47,04:28,268.0,4.47,04:28,16.0,16.0,76.19,128.96,9.0,9.0,42.86,72.54,7.0,7.0,33.33,56.42,6.0,6.0,28.57,48.36,5.0,5.0,23.81,40.3,5.0,5.0,23.81,40.3,2.0,2.0,9.52,16.12,1.0,1.0,4.76,8.06,3.0,3.0,14.29,24.18,3.0,3.0,14.29,24.18,0.0,0.0,0.0,0.0,1.0,1.0,4.76,8.06,1.0,1.0,4.76,8.06,4.0,4.0,19.05,32.24,2.0,2.0,9.52,16.12,1.0,1.0,4.76,8.06,1.0,1.0,4.76,8.06,0.0,0.0,0.0,0.0,3.0,3.0,14.29,24.18,1.0,1.0,4.76,8.06,76.19,42.86,33.33,112.84,7.0,7.0,33.33,4.47,4.47,0.93,0.96,1.0,0.5,1.0,0.19,0.17,0.0,0.5,0.17,4.76,0.0,0.14,4.76,0.43
3,桃園台啤永豐雲豹,54|57|58,高錦瑋/莊博元/林信寬,2,61,75.0,951.34,15.86,15:51,475.67,7.93,07:56,48.0,24.0,64.0,108.98,38.0,19.0,50.67,86.28,28.0,14.0,37.33,63.57,18.0,9.0,24.0,40.87,20.0,10.0,26.67,45.41,15.0,7.5,20.0,34.06,8.0,4.0,10.67,18.16,3.0,1.5,4.0,6.81,13.0,6.5,17.33,29.52,11.0,5.5,14.67,24.98,6.0,3.0,8.0,13.62,6.0,3.0,8.0,13.62,7.0,3.5,9.33,15.89,8.0,4.0,10.67,18.16,4.0,2.0,5.33,9.08,8.0,4.0,10.67,18.16,4.0,2.0,5.33,9.08,0.0,0.0,0.0,0.0,6.0,3.0,8.0,13.62,12.0,6.0,16.0,27.25,64.0,50.67,13.33,113.52,10.0,5.0,13.33,15.86,7.93,0.7,0.71,0.75,0.38,0.85,0.11,0.44,0.43,0.46,0.44,5.33,0.0,0.08,16.0,0.46
3,桃園台啤永豐雲豹,54|57|10861,高錦瑋/莊博元/迪亞洛,1,33,38.0,492.01,8.2,08:12,492.01,8.2,08:12,27.0,27.0,71.05,118.53,15.0,15.0,39.47,65.85,12.0,12.0,31.58,52.68,10.0,10.0,26.32,43.9,9.0,9.0,23.68,39.51,8.0,8.0,21.05,35.12,3.0,3.0,7.89,13.17,2.0,2.0,5.26,8.78,5.0,5.0,13.16,21.95,5.0,5.0,13.16,21.95,1.0,1.0,2.63,4.39,1.0,1.0,2.63,4.39,4.0,4.0,10.53,17.56,6.0,6.0,15.79,26.34,4.0,4.0,10.53,17.56,6.0,6.0,15.79,26.34,4.0,4.0,10.53,17.56,0.0,0.0,0.0,0.0,4.0,4.0,10.53,17.56,7.0,7.0,18.42,30.73,71.05,39.47,31.58,111.22,12.0,12.0,31.58,8.2,8.2,0.92,0.95,0.89,0.67,1.0,0.22,0.6,0.14,0.2,0.17,10.53,0.0,0.11,18.42,0.42
3,桃園台啤永豐雲豹,16|3129|10861,米勒/董永全/迪亞洛,1,11,14.0,167.0,2.78,02:47,167.0,2.78,02:47,9.0,9.0,64.29,116.41,7.0,7.0,50.0,90.54,4.0,4.0,28.57,51.74,3.0,3.0,21.43,38.8,3.0,3.0,21.43,38.8,3.0,3.0,21.43,38.8,1.0,1.0,7.14,12.93,0.0,0.0,0.0,0.0,3.0,3.0,21.43,38.8,3.0,3.0,21.43,38.8,0.0,0.0,0.0,0.0,1.0,1.0,7.14,12.93,1.0,1.0,7.14,12.93,3.0,3.0,21.43,38.8,1.0,1.0,7.14,12.93,0.0,0.0,0.0,0.0,0.0,0.0,0.0,0.0,0.0,0.0,0.0,0.0,2.0,2.0,14.29,25.87,1.0,1.0,7.14,12.93,64.29,50.0,14.29,120.72,2.0,2.0,14.29,2.78,2.78,0.75,0.85,1.0,0.0,1.0,0.16,0.0,0.0,0.5,0.2,0.0,0.0,0.14,7.14,0.75
3,桃園台啤永豐雲豹,57|68|10861,莊博元/克羅馬/迪亞洛,1,26,31.0,391.01,6.52,06:31,391.01,6.52,06:31,20.0,20.0,64.52,110.48,13.0,13.0,41.94,71.81,9.0,9.0,29.03,49.72,7.0,7.0,22.58,38.67,7.0,7.0,22.58,38.67,6.0,6.0,19.35,33.15,2.0,2.0,6.45,11.05,1.0,1.0,3.23,5.52,5.0,5.0,16.13,27.62,5.0,5.0,16.13,27.62,1.0,1.0,3.23,5.52,1.0,1.0,3.23,5.52,4.0,4.0,12.9,22.1,5.0,5.0,16.13,27.62,3.0,3.0,9.68,16.57,5.0,5.0,16.13,27.62,3.0,3.0,9.68,16.57,0.0,0.0,0.0,0.0,3.0,3.0,9.68,16.57,7.0,7.0,22.58,38.67,64.52,41.94,22.58,114.17,7.0,7.0,22.58,6.52,6.52,0.83,0.89,0.86,0.5,1.0,0.21,0.71,0.17,0.2,0.18,9.68,0.0,0.1,22.58,0.56
3,桃園台啤永豐雲豹,12|58|62,曹薰襄/林信寬/王皓吉,2,21,24.0,287.18,4.79,04:47,143.59,2.39,02:24,5.0,2.5,20.83,37.61,16.0,8.0,66.67,120.34,10.0,5.0,41.67,75.21,2.0,1.0,8.33,15.04,7.0,3.5,29.17,52.65,1.0,0.5,4.17,7.52,3.0,1.5,12.5,22.56,1.0,0.5,4.17,7.52,0.0,0.0,0.0,0.0,0.0,0.0,0.0,0.0,2.0,1.0,8.33,15.04,5.0,2.5,20.83,37.61,1.0,0.5,4.17,7.52,4.0,2.0,16.67,30.09,1.0,0.5,4.17,7.52,2.0,1.0,8.33,15.04,0.0,0.0,0.0,0.0,3.0,1.5,12.5,22.56,1.0,0.5,4.17,7.52,6.0,3.0,25.0,45.13,20.83,66.67,-45.83,120.34,-11.0,-5.5,-45.83,4.79,2.39,0.25,0.25,0.14,0.33,,0.09,1.0,0.33,0.83,0.58,0.0,12.5,0.04,25.0,0.0
3,桃園台啤永豐雲豹,12|62|68,曹薰襄/王皓吉/克羅馬,2,46,53.0,632.56,10.54,10:33,316.28,5.27,05:16,21.0,10.5,39.62,71.71,30.0,15.0,56.6,102.44,19.0,9.5,35.85,64.88,8.0,4.0,15.09,27.32,13.0,6.5,24.53,44.39,6.0,3.0,11.32,20.49,6.0,3.0,11.32,20.49,2.0,1.0,3.77,6.83,4.0,2.0,7.55,13.66,3.0,1.5,5.66,10.24,3.0,1.5,5.66,10.24,7.0,3.5,13.21,23.9,1.0,0.5,1.89,3.41,7.0,3.5,13.21,23.9,5.0,2.5,9.43,17.07,6.0,3.0,11.32,20.49,3.0,1.5,5.66,10.24,2.0,1.0,3.77,6.83,4.0,2.0,7.55,13.66,16.0,8.0,30.19,54.64,39.62,56.6,-16.98,120.65,-9.0,-4.5,-16.98,10.54,5.27,0.47,0.51,0.46,0.33,0.75,0.19,0.75,0.3,0.88,0.56,5.66,3.77,0.08,30.19,0.21
3,桃園台啤永豐雲豹,12|62|10861,曹薰襄/王皓吉/迪亞洛,1,14,16.0,171.85,2.86,02:52,171.85,2.86,02:52,2.0,2.0,12.5,25.14,8.0,8.0,50.0,100.55,7.0,7.0,43.75,87.98,1.0,1.0,6.25,12.57,6.0,6.0,37.5,75.42,1.0,1.0,6.25,12.57,1.0,1.0,6.25,12.57,0.0,0.0,0.0,0.0,0.0,0.0,0.0,0.0,0.0,0.0,0.0,0.0,2.0,2.0,12.5,25.14,3.0,3.0,18.75,37.71,0.0,0.0,0.0,0.0,3.0,3.0,18.75,37.71,1.0,1.0,6.25,12.57,1.0,1.0,6.25,12.57,0.0,0.0,0.0,0.0,2.0,2.0,12.5,25.14,1.0,1.0,6.25,12.57,6.0,6.0,37.5,75.42,12.5,50.0,-37.5,134.07,-6.0,-6.0,-37.5,2.86,2.86,0.14,0.14,0.17,0.0,,0.12,1.0,0.4,1.0,0.62,0.0,12.5,0.06,37.5,0.0
3,桃園台啤永豐雲豹,58|62|68,林信寬/王皓吉/克羅馬,1,19,22.0,273.85,4.56,04:34,273.85,4.56,04:34,4.0,4.0,18.18,31.55,14.0,14.0,63.64,110.43,10.0,10.0,45.45,78.88,2.0,2.0,9.09,15.78,8.0,8.0,36.36,63.1,2.0,2.0,9.09,15.78,2.0,2.0,9.09,15.78,0.0,0.0,0.0,0.0,0.0,0.0,0.0,0.0,0.0,0.0,0.0,0.0,3.0,3.0,13.64,23.66,4.0,4.0,18.18,31.55,0.0,0.0,0.0,0.0,4.0,4.0,18.18,31.55,2.0,2.0,9.09,15.78,2.0,2.0,9.09,15.78,1.0,1.0,4.55,7.89,2.0,2.0,9.09,15.78,1.0,1.0,4.55,7.89,6.0,6.0,27.27,47.33,18.18,63.64,-45.45,115.68,-10.0,-10.0,-45.45,4.56,4.56,0.2,0.2,0.25,0.0,,0.17,1.0,0.43,1.0,0.64,4.55,9.09,0.05,27.27,0.0
3,桃園台啤永豐雲豹,58|62|10861,林信寬/王皓吉/迪亞洛,1,14,16.0,171.85,2.86,02:52,171.85,2.86,02:52,2.0,2.0,12.5,25.14,8.0,8.0,50.0,100.55,7.0,7.0,43.75,87.98,1.0,1.0,6.25,12.57,6.0,6.0,37.5,75.42,1.0,1.0,6.25,12.57,1.0,1.0,6.25,12.57,0.0,0.0,0.0,0.0,0.0,0.0,0.0,0.0,0.0,0.0,0.0,0.0,2.0,2.0,12.5,25.14,3.0,3.0,18.75,37.71,0.0,0.0,0.0,0.0,3.0,3.0,18.75,37.71,1.0,1.0,6.25,12.57,1.0,1.0,6.25,12.57,0.0,0.0,0.0,0.0,2.0,2.0,12.5,25.14,1.0,1.0,6.25,12.57,6.0,6.0,37.5,75.42,12.5,50.0,-37.5,134.07,-6.0,-6.0,-37.5,2.86,2.86,0.14,0.14,0.17,0.0,,0.12,1.0,0.4,1.0,0.62,0.0,12.5,0.06,37.5,0.0
3,桃園台啤永豐雲豹,62|68|10861,王皓吉/克羅馬/迪亞洛,1,14,16.0,171.85,2.86,02:52,171.85,2.86,02:52,2.0,2.0,12.5,25.14,8.0,8.0,50.0,100.55,7.0,7.0,43.75,87.98,1.0,1.0,6.25,12.57,6.0,6.0,37.5,75.42,1.0,1.0,6.25,12.57,1.0,1.0,6.25,12.57,0.0,0.0,0.0,0.0,0.0,0.0,0.0,0.0,0.0,0.0,0.0,0.0,2.0,2.0,12.5,25.14,3.0,3.0,18.75,37.71,0.0,0.0,0.0,0.0,3.0,3.0,18.75,37.71,1.0,1.0,6.25,12.57,1.0,1.0,6.25,12.57,0.0,0.0,0.0,0.0,2.0,2.0,12.5,25.14,1.0,1.0,6.25,12.57,6.0,6.0,37.5,75.42,12.5,50.0,-37.5,134.07,-6.0,-6.0,-37.5,2.86,2.86,0.14,0.14,0.17,0.0,,0.12,1.0,0.4,1.0,0.62,0.0,12.5,0.06,37.5,0.0
3,新北國王,21|23|25,李愷諺/王柏智/林金榜,1,3,3.0,20.37,0.34,00:20,20.37,0.34,00:20,3.0,3.0,100.0,318.18,0.0,0.0,0.0,0.0,0.0,0.0,0.0,0.0,0.0,0.0,0.0,0.0,0.0,0.0,0.0,0.0,0.0,0.0,0.0,0.0,0.0,0.0,0.0,0.0,0.0,0.0,0.0,0.0,4.0,4.0,133.33,424.24,3.0,3.0,100.0,318.18,0.0,0.0,0.0,0.0,1.0,1.0,33.33,106.06,0.0,0.0,0.0,0.0,1.0,1.0,33.33,106.06,0.0,0.0,0.0,0.0,0.0,0.0,0.0,0.0,0.0,0.0,0.0,0.0,0.0,0.0,0.0,0.0,1.0,1.0,33.33,106.06,0.0,0.0,0.0,0.0,100.0,0.0,100.0,212.12,3.0,3.0,100.0,0.34,0.34,,0.85,,,0.75,0.0,,0.0,1.0,0.5,0.0,0.0,0.33,0.0,
3,新北國王,21|25|10872,李愷諺/林金榜/林彥廷,2,9,12.0,117.37,1.96,01:57,58.68,0.98,00:59,5.0,2.5,41.67,92.02,4.0,2.0,33.33,73.62,1.0,0.5,8.33,18.4,1.0,0.5,8.33,18.4,1.0,0.5,8.33,18.4,1.0,0.5,8.33,18.4,0.0,0.0,0.0,0.0,0.0,0.0,0.0,0.0,4.0,2.0,33.33,73.62,3.0,1.5,25.0,55.21,0.0,0.0,0.0,0.0,1.0,0.5,8.33,18.4,2.0,1.0,16.67,36.81,3.0,1.5,25.0,55.21,1.0,0.5,8.33,18.4,2.0,1.0,16.67,36.81,1.0,0.5,8.33,18.4,0.0,0.0,0.0,0.0,2.0,1.0,16.67,36.81,0.0,0.0,0.0,0.0,41.67,33.33,8.33,147.23,1.0,0.5,8.33,1.96,0.98,1.0,0.91,1.0,,0.75,0.27,2.0,0.0,0.33,0.17,8.33,0.0,0.17,0.0,4.0
3,新北國王,21|25|14038,李愷諺/林金榜/飛米,2,9,12.0,117.37,1.96,01:57,58.68,0.98,00:59,5.0,2.5,41.67,92.02,4.0,2.0,33.33,73.62,1.0,0.5,8.33,18.4,1.0,0.5,8.33,18.4,1.0,0.5,8.33,18.4,1.0,0.5,8.33,18.4,0.0,0.0,0.0,0.0,0.0,0.0,0.0,0.0,4.0,2.0,33.33,73.62,3.0,1.5,25.0,55.21,0.0,0.0,0.0,0.0,1.0,0.5,8.33,18.4,2.0,1.0,16.67,36.81,3.0,1.5,25.0,55.21,1.0,0.5,8.33,18.4,2.0,1.0,16.67,36.81,1.0,0.5,8.33,18.4,0.0,0.0,0.0,0.0,2.0,1.0,16.67,36.81,0.0,0.0,0.0,0.0,41.67,33.33,8.33,147.23,1.0,0.5,8.33,1.96,0.98,1.0,0.91,1.0,,0.75,0.27,2.0,0.0,0.33,0.17,8.33,0.0,0.17,0.0,4.0
3,新北國王,23|25|10872,王柏智/林金榜/林彥廷,1,3,3.0,20.37,0.34,00:20,20.37,0.34,00:20,3.0,3.0,100.0,318.18,0.0,0.0,0.0,0.0,0.0,0.0,0.0,0.0,0.0,0.0,0.0,0.0,0.0,0.0,0.0,0.0,0.0,0.0,0.0,0.0,0.0,0.0,0.0,0.0,0.0,0.0,0.0,0.0,4.0,4.0,133.33,424.24,3.0,3.0,100.0,318.18,0.0,0.0,0.0,0.0,1.0,1.0,33.33,106.06,0.0,0.0,0.0,0.0,1.0,1.0,33.33,106.06,0.0,0.0,0.0,0.0,0.0,0.0,0.0,0.0,0.0,0.0,0.0,0.0,0.0,0.0,0.0,0.0,1.0,1.0,33.33,106.06,0.0,0.0,0.0,0.0,100.0,0.0,100.0,212.12,3.0,3.0,100.0,0.34,0.34,,0.85,,,0.75,0.0,,0.0,1.0,0.5,0.0,0.0,0.33,0.0,
3,新北國王,23|25|14038,王柏智/林金榜/飛米,1,3,3.0,20.37,0.34,00:20,20.37,0.34,00:20,3.0,3.0,100.0,318.18,0.0,0.0,0.0,0.0,0.0,0.0,0.0,0.0,0.0,0.0,0.0,0.0,0.0,0.0,0.0,0.0,0.0,0.0,0.0,0.0,0.0,0.0,0.0,0.0,0.0,0.0,0.0,0.0,4.0,4.0,133.33,424.24,3.0,3.0,100.0,318.18,0.0,0.0,0.0,0.0,1.0,1.0,33.33,106.06,0.0,0.0,0.0,0.0,1.0,1.0,33.33,106.06,0.0,0.0,0.0,0.0,0.0,0.0,0.0,0.0,0.0,0.0,0.0,0.0,0.0,0.0,0.0,0.0,1.0,1.0,33.33,106.06,0.0,0.0,0.0,0.0,100.0,0.0,100.0,212.12,3.0,3.0,100.0,0.34,0.34,,0.85,,,0.75,0.0,,0.0,1.0,0.5,0.0,0.0,0.33,0.0,
3,新北國王,21|25|32,李愷諺/林金榜/奧帝,1,1,1.0,2.0,0.03,00:02,2.0,0.03,00:02,0.0,0.0,0.0,0.0,0.0,0.0,0.0,0.0,0.0,0.0,0.0,0.0,0.0,0.0,0.0,0.0,0.0,0.0,0.0,0.0,0.0,0.0,0.0,0.0,0.0,0.0,0.0,0.0,0.0,0.0,0.0,0.0,0.0,0.0,0.0,0.0,0.0,0.0,0.0,0.0,0.0,0.0,0.0,0.0,0.0,0.0,0.0,0.0,0.0,0.0,0.0,0.0,0.0,0.0,0.0,0.0,0.0,0.0,0.0,0.0,0.0,0.0,0.0,0.0,0.0,0.0,0.0,0.0,0.0,0.0,0.0,0.0,0.0,0.0,0.0,0.0,0.0,0.0,0.0,0.0,0.0,0.0,0.0,720.0,0.0,0.0,0.0,0.03,0.03,,,,,,,,,,,0.0,0.0,0.0,0.0,
3,桃園台啤永豐雲豹,16|58|62,米勒/林信寬/王皓吉,2,12,14.0,217.33,3.62,03:37,108.66,1.81,01:49,5.0,2.5,35.71,49.69,14.0,7.0,100.0,139.14,6.0,3.0,42.86,59.63,2.0,1.0,14.29,19.88,3.0,1.5,21.43,29.82,1.0,0.5,7.14,9.94,3.0,1.5,21.43,29.82,1.0,0.5,7.14,9.94,0.0,0.0,0.0,0.0,0.0,0.0,0.0,0.0,1.0,0.5,7.14,9.94,3.0,1.5,21.43,29.82,1.0,0.5,7.14,9.94,2.0,1.0,14.29,19.88,1.0,0.5,7.14,9.94,2.0,1.0,14.29,19.88,1.0,0.5,7.14,9.94,1.0,0.5,7.14,9.94,0.0,0.0,0.0,0.0,0.0,0.0,0.0,0.0,35.71,100.0,-64.29,92.76,-9.0,-4.5,-64.29,3.62,1.81,0.42,0.42,0.33,0.33,,0.14,1.0,0.33,0.75,0.57,7.14,7.14,0.0,0.0,0.0
3,桃園台啤永豐雲豹,54|58|62,高錦瑋/林信寬/王皓吉,1,5,6.0,102.0,1.7,01:42,102.0,1.7,01:42,2.0,2.0,33.33,42.35,6.0,6.0,100.0,127.06,3.0,3.0,50.0,63.53,1.0,1.0,16.67,21.18,2.0,2.0,33.33,42.35,1.0,1.0,16.67,21.18,1.0,1.0,16.67,21.18,0.0,0.0,0.0,0.0,0.0,0.0,0.0,0.0,0.0,0.0,0.0,0.0,1.0,1.0,16.67,21.18,1.0,1.0,16.67,21.18,0.0,0.0,0.0,0.0,1.0,1.0,16.67,21.18,1.0,1.0,16.67,21.18,1.0,1.0,16.67,21.18,1.0,1.0,16.67,21.18,0.0,0.0,0.0,0.0,0.0,0.0,0.0,0.0,0.0,0.0,0.0,0.0,33.33,100.0,-66.67,84.71,-4.0,-4.0,-66.67,1.7,1.7,0.33,0.33,0.5,0.0,,0.25,1.0,0.5,1.0,0.67,16.67,0.0,0.0,0.0,0.0
3,桃園台啤永豐雲豹,57|3129|10861,莊博元/董永全/迪亞洛,1,2,2.0,36.0,0.6,00:36,36.0,0.6,00:36,2.0,2.0,100.0,120.0,0.0,0.0,0.0,0.0,1.0,1.0,50.0,60.0,1.0,1.0,50.0,60.0,1.0,1.0,50.0,60.0,1.0,1.0,50.0,60.0,0.0,0.0,0.0,0.0,0.0,0.0,0.0,0.0,0.0,0.0,0.0,0.0,0.0,0.0,0.0,0.0,0.0,0.0,0.0,0.0,0.0,0.0,0.0,0.0,0.0,0.0,0.0,0.0,1.0,1.0,50.0,60.0,0.0,0.0,0.0,0.0,1.0,1.0,50.0,60.0,0.0,0.0,0.0,0.0,0.0,0.0,0.0,0.0,1.0,1.0,50.0,60.0,0.0,0.0,0.0,0.0,100.0,0.0,100.0,80.0,2.0,2.0,100.0,0.6,0.6,1.0,1.0,1.0,,,0.0,1.0,0.0,,0.0,0.0,0.0,0.5,0.0,0.0
3,新北國王,21|34|14038,李愷諺/沃許本/飛米,1,16,20.0,181.21,3.02,03:01,181.21,3.02,03:01,6.0,6.0,30.0,71.52,15.0,15.0,75.0,178.8,5.0,5.0,25.0,59.6,3.0,3.0,15.0,35.76,4.0,4.0,20.0,47.68,3.0,3.0,15.0,35.76,1.0,1.0,5.0,11.92,0.0,0.0,0.0,0.0,0.0,0.0,0.0,0.0,0.0,0.0,0.0,0.0,1.0,1.0,5.0,11.92,1.0,1.0,5.0,11.92,2.0,2.0,10.0,23.84,2.0,2.0,10.0,23.84,3.0,3.0,15.0,35.76,2.0,2.0,10.0,23.84,3.0,3.0,15.0,35.76,0.0,0.0,0.0,0.0,2.0,2.0,10.0,23.84,5.0,5.0,25.0,59.6,30.0,75.0,-45.0,158.93,-9.0,-9.0,-45.0,3.02,3.02,0.6,0.6,0.75,0.0,,0.38,0.67,0.33,0.33,0.33,15.0,0.0,0.1,25.0,0.0
3,新北國王,29|34|14038,林書緯/沃許本/飛米,1,20,25.0,310.63,5.18,05:11,310.63,5.18,05:11,12.0,12.0,48.0,83.44,17.0,17.0,68.0,118.21,9.0,9.0,36.0,62.58,5.0,5.0,20.0,34.77,6.0,6.0,24.0,41.72,4.0,4.0,16.0,27.81,3.0,3.0,12.0,20.86,1.0,1.0,4.0,6.95,2.0,2.0,8.0,13.91,1.0,1.0,4.0,6.95,2.0,2.0,8.0,13.91,2.0,2.0,8.0,13.91,3.0,3.0,12.0,20.86,2.0,2.0,8.0,13.91,2.0,2.0,8.0,13.91,2.0,2.0,8.0,13.91,2.0,2.0,8.0,13.91,0.0,0.0,0.0,0.0,3.0,3.0,12.0,20.86,3.0,3.0,12.0,20.86,48.0,68.0,-20.0,115.89,-5.0,-5.0,-20.0,5.18,5.18,0.61,0.61,0.67,0.33,0.5,0.17,0.4,0.5,0.4,0.44,8.0,0.0,0.12,12.0,0.22
3,新北國王,34|10872|14038,沃許本/林彥廷/飛米,1,26,32.0,389.27,6.49,06:29,389.27,6.49,06:29,14.0,14.0,43.75,77.68,23.0,23.0,71.88,127.62,10.0,10.0,31.25,55.49,6.0,6.0,18.75,33.29,7.0,7.0,21.88,38.84,5.0,5.0,15.62,27.74,3.0,3.0,9.38,16.65,1.0,1.0,3.12,5.55,2.0,2.0,6.25,11.1,1.0,1.0,3.12,5.55,2.0,2.0,6.25,11.1,2.0,2.0,6.25,11.1,3.0,3.0,9.38,16.65,4.0,4.0,12.5,22.2,3.0,3.0,9.38,16.65,4.0,4.0,12.5,22.2,3.0,3.0,9.38,16.65,0.0,0.0,0.0,0.0,4.0,4.0,12.5,22.2,5.0,5.0,15.62,27.74,43.75,71.88,-28.12,118.37,-9.0,-9.0,-28.12,6.49,6.49,0.65,0.64,0.71,0.33,0.5,0.22,0.67,0.33,0.4,0.36,9.38,0.0,0.12,15.62,0.2
3,桃園台啤永豐雲豹,12|57|10860,曹薰襄/莊博元/麥卡洛,1,45,50.0,667.79,11.13,11:08,667.79,11.13,11:08,26.0,26.0,52.0,84.1,24.0,24.0,48.0,77.63,19.0,19.0,38.0,61.46,10.0,10.0,20.0,32.35,12.0,12.0,24.0,38.81,7.0,7.0,14.0,22.64,7.0,7.0,14.0,22.64,3.0,3.0,6.0,9.7,4.0,4.0,8.0,12.94,3.0,3.0,6.0,9.7,1.0,1.0,2.0,3.23,8.0,8.0,16.0,25.88,1.0,1.0,2.0,3.23,7.0,7.0,14.0,22.64,4.0,4.0,8.0,12.94,8.0,8.0,16.0,25.88,3.0,3.0,6.0,9.7,0.0,0.0,0.0,0.0,3.0,3.0,6.0,9.7,15.0,15.0,30.0,48.52,52.0,48.0,4.0,107.82,2.0,2.0,4.0,11.13,11.13,0.61,0.63,0.58,0.43,0.75,0.16,0.8,0.12,0.89,0.53,6.0,0.0,0.06,30.0,0.21
3,桃園台啤永豐雲豹,12|58|10860,曹薰襄/林信寬/麥卡洛,1,9,10.0,148.34,2.47,02:28,148.34,2.47,02:28,3.0,3.0,30.0,43.68,8.0,8.0,80.0,116.49,4.0,4.0,40.0,58.24,1.0,1.0,10.0,14.56,2.0,2.0,20.0,29.12,0.0,0.0,0.0,0.0,2.0,2.0,20.0,29.12,1.0,1.0,10.0,14.56,0.0,0.0,0.0,0.0,0.0,0.0,0.0,0.0,0.0,0.0,0.0,0.0,3.0,3.0,30.0,43.68,1.0,1.0,10.0,14.56,2.0,2.0,20.0,29.12,0.0,0.0,0.0,0.0,1.0,1.0,10.0,14.56,0.0,0.0,0.0,0.0,1.0,1.0,10.0,14.56,0.0,0.0,0.0,0.0,1.0,1.0,10.0,14.56,30.0,80.0,-50.0,97.07,-5.0,-5.0,-50.0,2.47,2.47,0.38,0.38,0.0,0.5,,0.0,1.0,0.0,0.75,0.5,0.0,10.0,0.0,10.0,0.0
3,桃園台啤永豐雲豹,12|68|10860,曹薰襄/克羅馬/麥卡洛,1,34,39.0,493.72,8.23,08:14,493.72,8.23,08:14,19.0,19.0,48.72,83.12,22.0,22.0,56.41,96.25,13.0,13.0,33.33,56.87,7.0,7.0,17.95,30.62,8.0,8.0,20.51,35.0,5.0,5.0,12.82,21.87,5.0,5.0,12.82,21.87,2.0,2.0,5.13,8.75,4.0,4.0,10.26,17.5,3.0,3.0,7.69,13.12,1.0,1.0,2.56,4.37,5.0,5.0,12.82,21.87,1.0,1.0,2.56,4.37,5.0,5.0,12.82,21.87,4.0,4.0,10.26,17.5,5.0,5.0,12.82,21.87,3.0,3.0,7.69,13.12,0.0,0.0,0.0,0.0,3.0,3.0,7.69,13.12,11.0,11.0,28.21,48.12,48.72,56.41,-7.69,113.75,-3.0,-3.0,-7.69,8.23,8.23,0.62,0.64,0.62,0.4,0.75,0.21,0.71,0.17,0.83,0.5,7.69,0.0,0.08,28.21,0.31
3,桃園台啤永豐雲豹,57|58|10860,莊博元/林信寬/麥卡洛,1,2,2.0,33.02,0.55,00:33,33.02,0.55,00:33,0.0,0.0,0.0,0.0,0.0,0.0,0.0,0.0,1.0,1.0,50.0,65.42,0.0,0.0,0.0,0.0,1.0,1.0,50.0,65.42,0.0,0.0,0.0,0.0,0.0,0.0,0.0,0.0,0.0,0.0,0.0,0.0,0.0,0.0,0.0,0.0,0.0,0.0,0.0,0.0,0.0,0.0,0.0,0.0,1.0,1.0,50.0,65.42,0.0,0.0,0.0,0.0,1.0,1.0,50.0,65.42,0.0,0.0,0.0,0.0,0.0,0.0,0.0,0.0,0.0,0.0,0.0,0.0,0.0,0.0,0.0,0.0,0.0,0.0,0.0,0.0,1.0,1.0,50.0,65.42,0.0,0.0,0.0,87.23,0.0,0.0,0.0,0.55,0.55,0.0,0.0,0.0,,,0.0,,0.0,1.0,0.5,0.0,0.0,0.0,50.0,0.0
3,桃園台啤永豐雲豹,57|68|10860,莊博元/克羅馬/麥卡洛,1,34,39.0,493.72,8.23,08:14,493.72,8.23,08:14,19.0,19.0,48.72,83.12,22.0,22.0,56.41,96.25,13.0,13.0,33.33,56.87,7.0,7.0,17.95,30.62,8.0,8.0,20.51,35.0,5.0,5.0,12.82,21.87,5.0,5.0,12.82,21.87,2.0,2.0,5.13,8.75,4.0,4.0,10.26,17.5,3.0,3.0,7.69,13.12,1.0,1.0,2.56,4.37,5.0,5.0,12.82,21.87,1.0,1.0,2.56,4.37,5.0,5.0,12.82,21.87,4.0,4.0,10.26,17.5,5.0,5.0,12.82,21.87,3.0,3.0,7.69,13.12,0.0,0.0,0.0,0.0,3.0,3.0,7.69,13.12,11.0,11.0,28.21,48.12,48.72,56.41,-7.69,113.75,-3.0,-3.0,-7.69,8.23,8.23,0.62,0.64,0.62,0.4,0.75,0.21,0.71,0.17,0.83,0.5,7.69,0.0,0.08,28.21,0.31
3,桃園台啤永豐雲豹,58|68|10860,林信寬/克羅馬/麥卡洛,1,9,10.0,134.52,2.24,02:15,134.52,2.24,02:15,5.0,5.0,50.0,80.28,2.0,2.0,20.0,32.11,4.0,4.0,40.0,64.23,2.0,2.0,20.0,32.11,2.0,2.0,20.0,32.11,1.0,1.0,10.0,16.06,2.0,2.0,20.0,32.11,1.0,1.0,10.0,16.06,0.0,0.0,0.0,0.0,0.0,0.0,0.0,0.0,0.0,0.0,0.0,0.0,2.0,2.0,20.0,32.11,0.0,0.0,0.0,0.0,2.0,2.0,20.0,32.11,1.0,1.0,10.0,16.06,1.0,1.0,10.0,16.06,0.0,0.0,0.0,0.0,0.0,0.0,0.0,0.0,1.0,1.0,10.0,16.06,1.0,1.0,10.0,16.06,50.0,20.0,30.0,107.05,3.0,3.0,30.0,2.24,2.24,0.62,0.62,0.5,0.5,,0.2,0.5,0.0,1.0,0.5,0.0,0.0,0.1,10.0,0.0
3,新北國王,21|28|34,李愷諺/呂政儒/沃許本,1,6,7.0,82.38,1.37,01:22,82.38,1.37,01:22,4.0,4.0,57.14,104.88,2.0,2.0,28.57,52.44,0.0,0.0,0.0,0.0,0.0,0.0,0.0,0.0,0.0,0.0,0.0,0.0,0.0,0.0,0.0,0.0,0.0,0.0,0.0,0.0,0.0,0.0,0.0,0.0,5.0,5.0,71.43,131.1,4.0,4.0,57.14,104.88,0.0,0.0,0.0,0.0,1.0,1.0,14.29,26.22,1.0,1.0,14.29,26.22,2.0,2.0,28.57,52.44,0.0,0.0,0.0,0.0,0.0,0.0,0.0,0.0,0.0,0.0,0.0,0.0,0.0,0.0,0.0,0.0,2.0,2.0,28.57,52.44,0.0,0.0,0.0,0.0,57.14,28.57,28.57,122.36,2.0,2.0,28.57,1.37,1.37,,0.91,,,0.8,0.0,,0.0,0.5,0.25,0.0,0.0,0.29,0.0,
3,新北國王,21|28|10872,李愷諺/呂政儒/林彥廷,1,6,7.0,82.38,1.37,01:22,82.38,1.37,01:22,4.0,4.0,57.14,104.88,2.0,2.0,28.57,52.44,0.0,0.0,0.0,0.0,0.0,0.0,0.0,0.0,0.0,0.0,0.0,0.0,0.0,0.0,0.0,0.0,0.0,0.0,0.0,0.0,0.0,0.0,0.0,0.0,5.0,5.0,71.43,131.1,4.0,4.0,57.14,104.88,0.0,0.0,0.0,0.0,1.0,1.0,14.29,26.22,1.0,1.0,14.29,26.22,2.0,2.0,28.57,52.44,0.0,0.0,0.0,0.0,0.0,0.0,0.0,0.0,0.0,0.0,0.0,0.0,0.0,0.0,0.0,0.0,2.0,2.0,28.57,52.44,0.0,0.0,0.0,0.0,57.14,28.57,28.57,122.36,2.0,2.0,28.57,1.37,1.37,,0.91,,,0.8,0.0,,0.0,0.5,0.25,0.0,0.0,0.29,0.0,
3,新北國王,21|28|13029,李愷諺/呂政儒/杰倫,1,6,7.0,82.38,1.37,01:22,82.38,1.37,01:22,4.0,4.0,57.14,104.88,2.0,2.0,28.57,52.44,0.0,0.0,0.0,0.0,0.0,0.0,0.0,0.0,0.0,0.0,0.0,0.0,0.0,0.0,0.0,0.0,0.0,0.0,0.0,0.0,0.0,0.0,0.0,0.0,5.0,5.0,71.43,131.1,4.0,4.0,57.14,104.88,0.0,0.0,0.0,0.0,1.0,1.0,14.29,26.22,1.0,1.0,14.29,26.22,2.0,2.0,28.57,52.44,0.0,0.0,0.0,0.0,0.0,0.0,0.0,0.0,0.0,0.0,0.0,0.0,0.0,0.0,0.0,0.0,2.0,2.0,28.57,52.44,0.0,0.0,0.0,0.0,57.14,28.57,28.57,122.36,2.0,2.0,28.57,1.37,1.37,,0.91,,,0.8,0.0,,0.0,0.5,0.25,0.0,0.0,0.29,0.0,
3,新北國王,28|34|10872,呂政儒/沃許本/林彥廷,1,17,19.0,234.35,3.91,03:54,234.35,3.91,03:54,8.0,8.0,42.11,73.74,6.0,6.0,31.58,55.3,4.0,4.0,21.05,36.87,1.0,1.0,5.26,9.22,2.0,2.0,10.53,18.43,1.0,1.0,5.26,9.22,2.0,2.0,10.53,18.43,0.0,0.0,0.0,0.0,7.0,7.0,36.84,64.52,6.0,6.0,31.58,55.3,1.0,1.0,5.26,9.22,3.0,3.0,15.79,27.65,1.0,1.0,5.26,9.22,3.0,3.0,15.79,27.65,2.0,2.0,10.53,18.43,1.0,1.0,5.26,9.22,2.0,2.0,10.53,18.43,0.0,0.0,0.0,0.0,3.0,3.0,15.79,27.65,2.0,2.0,10.53,18.43,42.11,31.58,10.53,116.75,2.0,2.0,10.53,3.91,3.91,0.25,0.56,0.5,0.0,0.86,0.22,1.0,0.25,0.75,0.5,10.53,0.0,0.16,10.53,1.75
3,新北國王,28|34|13029,呂政儒/沃許本/杰倫,1,17,19.0,234.35,3.91,03:54,234.35,3.91,03:54,8.0,8.0,42.11,73.74,6.0,6.0,31.58,55.3,4.0,4.0,21.05,36.87,1.0,1.0,5.26,9.22,2.0,2.0,10.53,18.43,1.0,1.0,5.26,9.22,2.0,2.0,10.53,18.43,0.0,0.0,0.0,0.0,7.0,7.0,36.84,64.52,6.0,6.0,31.58,55.3,1.0,1.0,5.26,9.22,3.0,3.0,15.79,27.65,1.0,1.0,5.26,9.22,3.0,3.0,15.79,27.65,2.0,2.0,10.53,18.43,1.0,1.0,5.26,9.22,2.0,2.0,10.53,18.43,0.0,0.0,0.0,0.0,3.0,3.0,15.79,27.65,2.0,2.0,10.53,18.43,42.11,31.58,10.53,116.75,2.0,2.0,10.53,3.91,3.91,0.25,0.56,0.5,0.0,0.86,0.22,1.0,0.25,0.75,0.5,10.53,0.0,0.16,10.53,1.75
3,新北國王,28|10872|13029,呂政儒/林彥廷/杰倫,1,17,19.0,234.35,3.91,03:54,234.35,3.91,03:54,8.0,8.0,42.11,73.74,6.0,6.0,31.58,55.3,4.0,4.0,21.05,36.87,1.0,1.0,5.26,9.22,2.0,2.0,10.53,18.43,1.0,1.0,5.26,9.22,2.0,2.0,10.53,18.43,0.0,0.0,0.0,0.0,7.0,7.0,36.84,64.52,6.0,6.0,31.58,55.3,1.0,1.0,5.26,9.22,3.0,3.0,15.79,27.65,1.0,1.0,5.26,9.22,3.0,3.0,15.79,27.65,2.0,2.0,10.53,18.43,1.0,1.0,5.26,9.22,2.0,2.0,10.53,18.43,0.0,0.0,0.0,0.0,3.0,3.0,15.79,27.65,2.0,2.0,10.53,18.43,42.11,31.58,10.53,116.75,2.0,2.0,10.53,3.91,3.91,0.25,0.56,0.5,0.0,0.86,0.22,1.0,0.25,0.75,0.5,10.53,0.0,0.16,10.53,1.75
3,桃園台啤永豐雲豹,12|57|62,曹薰襄/莊博元/王皓吉,1,43,48.0,634.77,10.58,10:35,634.77,10.58,10:35,26.0,26.0,54.17,88.47,24.0,24.0,50.0,81.67,18.0,18.0,37.5,61.25,10.0,10.0,20.83,34.03,11.0,11.0,22.92,37.43,7.0,7.0,14.58,23.82,7.0,7.0,14.58,23.82,3.0,3.0,6.25,10.21,4.0,4.0,8.33,13.61,3.0,3.0,6.25,10.21,1.0,1.0,2.08,3.4,7.0,7.0,14.58,23.82,1.0,1.0,2.08,3.4,6.0,6.0,12.5,20.42,4.0,4.0,8.33,13.61,8.0,8.0,16.67,27.22,3.0,3.0,6.25,10.21,0.0,0.0,0.0,0.0,3.0,3.0,6.25,10.21,14.0,14.0,29.17,47.64,54.17,50.0,4.17,108.89,2.0,2.0,4.17,10.58,10.58,0.64,0.66,0.64,0.43,0.75,0.17,0.8,0.14,0.88,0.53,6.25,0.0,0.06,29.17,0.22
3,桃園台啤永豐雲豹,12|62|10860,曹薰襄/王皓吉/麥卡洛,1,56,63.0,843.5,14.06,14:04,843.5,14.06,14:04,31.0,31.0,49.21,79.38,34.0,34.0,53.97,87.07,24.0,24.0,38.1,61.46,11.0,11.0,17.46,28.17,13.0,13.0,20.63,33.29,7.0,7.0,11.11,17.93,11.0,11.0,17.46,28.17,4.0,4.0,6.35,10.24,6.0,6.0,9.52,15.36,5.0,5.0,7.94,12.8,2.0,2.0,3.17,5.12,11.0,11.0,17.46,28.17,2.0,2.0,3.17,5.12,8.0,8.0,12.7,20.49,4.0,4.0,6.35,10.24,9.0,9.0,14.29,23.05,3.0,3.0,4.76,7.68,1.0,1.0,1.59,2.56,4.0,4.0,6.35,10.24,14.0,14.0,22.22,35.85,49.21,53.97,-4.76,107.55,-3.0,-3.0,-4.76,14.06,14.06,0.54,0.58,0.54,0.36,0.83,0.13,0.82,0.2,0.85,0.57,4.76,1.59,0.06,22.22,0.25
3,桃園台啤永豐雲豹,57|62|10860,莊博元/王皓吉/麥卡洛,1,48,56.0,731.77,12.2,12:12,731.77,12.2,12:12,34.0,34.0,60.71,100.36,24.0,24.0,42.86,70.84,23.0,23.0,41.07,67.89,13.0,13.0,23.21,38.37,13.0,13.0,23.21,38.37,8.0,8.0,14.29,23.61,10.0,10.0,17.86,29.52,5.0,5.0,8.93,14.76,4.0,4.0,7.14,11.81,3.0,3.0,5.36,8.86,3.0,3.0,5.36,8.86,7.0,7.0,12.5,20.66,2.0,2.0,3.57,5.9,8.0,8.0,14.29,23.61,4.0,4.0,7.14,11.81,10.0,10.0,17.86,29.52,3.0,3.0,5.36,8.86,0.0,0.0,0.0,0.0,3.0,3.0,5.36,8.86,14.0,14.0,25.0,41.32,60.71,42.86,17.86,110.2,10.0,10.0,17.86,12.2,12.2,0.67,0.69,0.62,0.5,0.75,0.14,0.77,0.27,0.78,0.5,5.36,0.0,0.05,25.0,0.17
3,桃園台啤永豐雲豹,62|68|10860,王皓吉/克羅馬/麥卡洛,1,36,41.0,534.71,8.91,08:55,534.71,8.91,08:55,25.0,25.0,60.98,100.99,24.0,24.0,58.54,96.95,14.0,14.0,34.15,56.55,9.0,9.0,21.95,36.36,7.0,7.0,17.07,28.28,5.0,5.0,12.2,20.2,7.0,7.0,17.07,28.28,4.0,4.0,9.76,16.16,4.0,4.0,9.76,16.16,3.0,3.0,7.32,12.12,1.0,1.0,2.44,4.04,4.0,4.0,9.76,16.16,1.0,1.0,2.44,4.04,5.0,5.0,12.2,20.2,4.0,4.0,9.76,16.16,7.0,7.0,17.07,28.28,3.0,3.0,7.32,12.12,0.0,0.0,0.0,0.0,3.0,3.0,7.32,12.12,10.0,10.0,24.39,40.4,60.98,58.54,2.44,110.42,1.0,1.0,2.44,8.91,8.91,0.79,0.79,0.71,0.57,0.75,0.2,0.78,0.17,0.8,0.45,7.32,0.0,0.07,24.39,0.29
3,新北國王,28|29|34,呂政儒/林書緯/沃許本,1,11,12.0,151.97,2.53,02:32,151.97,2.53,02:32,4.0,4.0,33.33,56.85,4.0,4.0,33.33,56.85,4.0,4.0,33.33,56.85,1.0,1.0,8.33,14.21,2.0,2.0,16.67,28.43,1.0,1.0,8.33,14.21,2.0,2.0,16.67,28.43,0.0,0.0,0.0,0.0,2.0,2.0,16.67,28.43,2.0,2.0,16.67,28.43,1.0,1.0,8.33,14.21,2.0,2.0,16.67,28.43,0.0,0.0,0.0,0.0,1.0,1.0,8.33,14.21,2.0,2.0,16.67,28.43,1.0,1.0,8.33,14.21,2.0,2.0,16.67,28.43,0.0,0.0,0.0,0.0,1.0,1.0,8.33,14.21,2.0,2.0,16.67,28.43,33.33,33.33,0.0,113.7,0.0,0.0,0.0,2.53,2.53,0.25,0.41,0.5,0.0,1.0,0.29,1.0,0.5,1.0,0.75,16.67,0.0,0.08,16.67,0.5
3,新北國王,28|29|10872,呂政儒/林書緯/林彥廷,1,11,12.0,151.97,2.53,02:32,151.97,2.53,02:32,4.0,4.0,33.33,56.85,4.0,4.0,33.33,56.85,4.0,4.0,33.33,56.85,1.0,1.0,8.33,14.21,2.0,2.0,16.67,28.43,1.0,1.0,8.33,14.21,2.0,2.0,16.67,28.43,0.0,0.0,0.0,0.0,2.0,2.0,16.67,28.43,2.0,2.0,16.67,28.43,1.0,1.0,8.33,14.21,2.0,2.0,16.67,28.43,0.0,0.0,0.0,0.0,1.0,1.0,8.33,14.21,2.0,2.0,16.67,28.43,1.0,1.0,8.33,14.21,2.0,2.0,16.67,28.43,0.0,0.0,0.0,0.0,1.0,1.0,8.33,14.21,2.0,2.0,16.67,28.43,33.33,33.33,0.0,113.7,0.0,0.0,0.0,2.53,2.53,0.25,0.41,0.5,0.0,1.0,0.29,1.0,0.5,1.0,0.75,16.67,0.0,0.08,16.67,0.5
3,新北國王,28|29|13029,呂政儒/林書緯/杰倫,1,11,12.0,151.97,2.53,02:32,151.97,2.53,02:32,4.0,4.0,33.33,56.85,4.0,4.0,33.33,56.85,4.0,4.0,33.33,56.85,1.0,1.0,8.33,14.21,2.0,2.0,16.67,28.43,1.0,1.0,8.33,14.21,2.0,2.0,16.67,28.43,0.0,0.0,0.0,0.0,2.0,2.0,16.67,28.43,2.0,2.0,16.67,28.43,1.0,1.0,8.33,14.21,2.0,2.0,16.67,28.43,0.0,0.0,0.0,0.0,1.0,1.0,8.33,14.21,2.0,2.0,16.67,28.43,1.0,1.0,8.33,14.21,2.0,2.0,16.67,28.43,0.0,0.0,0.0,0.0,1.0,1.0,8.33,14.21,2.0,2.0,16.67,28.43,33.33,33.33,0.0,113.7,0.0,0.0,0.0,2.53,2.53,0.25,0.41,0.5,0.0,1.0,0.29,1.0,0.5,1.0,0.75,16.67,0.0,0.08,16.67,0.5
3,桃園台啤永豐雲豹,12|16|62,曹薰襄/米勒/王皓吉,1,20,21.0,311.8,5.2,05:12,311.8,5.2,05:12,12.0,12.0,57.14,83.13,12.0,12.0,57.14,83.13,9.0,9.0,42.86,62.35,4.0,4.0,19.05,27.71,5.0,5.0,23.81,34.64,2.0,2.0,9.52,13.86,4.0,4.0,19.05,27.71,2.0,2.0,9.52,13.86,2.0,2.0,9.52,13.86,2.0,2.0,9.52,13.86,0.0,0.0,0.0,0.0,5.0,5.0,23.81,34.64,1.0,1.0,4.76,6.93,3.0,3.0,14.29,20.78,0.0,0.0,0.0,0.0,4.0,4.0,19.05,27.71,0.0,0.0,0.0,0.0,1.0,1.0,4.76,6.93,1.0,1.0,4.76,6.93,4.0,4.0,19.05,27.71,57.14,57.14,0.0,96.99,0.0,0.0,0.0,5.2,5.2,0.56,0.61,0.4,0.5,1.0,0.0,1.0,0.0,0.83,0.56,0.0,4.76,0.05,19.05,0.22
3,桃園台啤永豐雲豹,12|16|10860,曹薰襄/米勒/麥卡洛,1,20,21.0,311.8,5.2,05:12,311.8,5.2,05:12,12.0,12.0,57.14,83.13,12.0,12.0,57.14,83.13,9.0,9.0,42.86,62.35,4.0,4.0,19.05,27.71,5.0,5.0,23.81,34.64,2.0,2.0,9.52,13.86,4.0,4.0,19.05,27.71,2.0,2.0,9.52,13.86,2.0,2.0,9.52,13.86,2.0,2.0,9.52,13.86,0.0,0.0,0.0,0.0,5.0,5.0,23.81,34.64,1.0,1.0,4.76,6.93,3.0,3.0,14.29,20.78,0.0,0.0,0.0,0.0,4.0,4.0,19.05,27.71,0.0,0.0,0.0,0.0,1.0,1.0,4.76,6.93,1.0,1.0,4.76,6.93,4.0,4.0,19.05,27.71,57.14,57.14,0.0,96.99,0.0,0.0,0.0,5.2,5.2,0.56,0.61,0.4,0.5,1.0,0.0,1.0,0.0,0.83,0.56,0.0,4.76,0.05,19.05,0.22
3,桃園台啤永豐雲豹,16|57|10860,米勒/莊博元/麥卡洛,1,28,39.0,541.97,9.03,09:02,541.97,9.03,09:02,23.0,23.0,58.97,91.66,13.0,13.0,33.33,51.81,21.0,21.0,53.85,83.69,9.0,9.0,23.08,35.87,13.0,13.0,33.33,51.81,4.0,4.0,10.26,15.94,8.0,8.0,20.51,31.88,5.0,5.0,12.82,19.93,0.0,0.0,0.0,0.0,0.0,0.0,0.0,0.0,6.0,6.0,15.38,23.91,6.0,6.0,15.38,23.91,5.0,5.0,12.82,19.93,5.0,5.0,12.82,19.93,0.0,0.0,0.0,0.0,7.0,7.0,17.95,27.9,0.0,0.0,0.0,0.0,1.0,1.0,2.56,3.99,2.0,2.0,5.13,7.97,6.0,6.0,15.38,23.91,58.97,33.33,25.64,103.62,10.0,10.0,25.64,9.03,9.03,0.55,0.55,0.31,0.62,,0.0,0.78,0.55,0.55,0.55,0.0,2.56,0.05,15.38,0.0
3,桃園台啤永豐雲豹,16|62|10860,米勒/王皓吉/麥卡洛,1,25,29.0,408.8,6.81,06:49,408.8,6.81,06:49,20.0,20.0,68.97,105.68,12.0,12.0,41.38,63.41,14.0,14.0,48.28,73.97,7.0,7.0,24.14,36.99,7.0,7.0,24.14,36.99,3.0,3.0,10.34,15.85,7.0,7.0,24.14,36.99,4.0,4.0,13.79,21.14,2.0,2.0,6.9,10.57,2.0,2.0,6.9,10.57,2.0,2.0,6.9,10.57,5.0,5.0,17.24,26.42,2.0,2.0,6.9,10.57,5.0,5.0,17.24,26.42,0.0,0.0,0.0,0.0,6.0,6.0,20.69,31.7,0.0,0.0,0.0,0.0,1.0,1.0,3.45,5.28,1.0,1.0,3.45,5.28,4.0,4.0,13.79,21.14,68.97,41.38,27.59,102.15,8.0,8.0,27.59,6.81,6.81,0.64,0.67,0.43,0.57,1.0,0.0,0.86,0.29,0.71,0.5,0.0,3.45,0.03,13.79,0.14
3,新北國王,21|22|34,李愷諺/簡祐哲/沃許本,1,2,2.0,5.64,0.09,00:06,5.64,0.09,00:06,0.0,0.0,0.0,0.0,2.0,2.0,100.0,765.96,0.0,0.0,0.0,0.0,0.0,0.0,0.0,0.0,0.0,0.0,0.0,0.0,0.0,0.0,0.0,0.0,0.0,0.0,0.0,0.0,0.0,0.0,0.0,0.0,0.0,0.0,0.0,0.0,0.0,0.0,0.0,0.0,0.0,0.0,0.0,0.0,0.0,0.0,0.0,0.0,0.0,0.0,0.0,0.0,1.0,1.0,50.0,382.98,0.0,0.0,0.0,0.0,0.0,0.0,0.0,0.0,0.0,0.0,0.0,0.0,0.0,0.0,0.0,0.0,0.0,0.0,0.0,0.0,2.0,2.0,100.0,765.96,0.0,100.0,-100.0,510.64,-2.0,-2.0,-100.0,0.09,0.09,,,,,,,,0.0,,0.0,0.0,0.0,0.0,100.0,
3,新北國王,21|22|14038,李愷諺/簡祐哲/飛米,1,6,7.0,95.64,1.59,01:36,95.64,1.59,01:36,0.0,0.0,0.0,0.0,5.0,5.0,71.43,112.92,1.0,1.0,14.29,22.58,0.0,0.0,0.0,0.0,1.0,1.0,14.29,22.58,0.0,0.0,0.0,0.0,0.0,0.0,0.0,0.0,0.0,0.0,0.0,0.0,0.0,0.0,0.0,0.0,0.0,0.0,0.0,0.0,0.0,0.0,0.0,0.0,1.0,1.0,14.29,22.58,1.0,1.0,14.29,22.58,2.0,2.0,28.57,45.17,1.0,1.0,14.29,22.58,0.0,0.0,0.0,0.0,1.0,1.0,14.29,22.58,0.0,0.0,0.0,0.0,0.0,0.0,0.0,0.0,2.0,2.0,28.57,45.17,0.0,71.43,-71.43,105.4,-5.0,-5.0,-71.43,1.59,1.59,0.0,0.0,0.0,,,0.5,,0.0,0.5,0.25,14.29,0.0,0.0,28.57,0.0
3,新北國王,22|34|10872,簡祐哲/沃許本/林彥廷,1,12,14.0,213.7,3.56,03:34,213.7,3.56,03:34,8.0,8.0,57.14,80.86,10.0,10.0,71.43,101.07,5.0,5.0,35.71,50.54,3.0,3.0,21.43,30.32,3.0,3.0,21.43,30.32,2.0,2.0,14.29,20.21,2.0,2.0,14.29,20.21,1.0,1.0,7.14,10.11,2.0,2.0,14.29,20.21,1.0,1.0,7.14,10.11,1.0,1.0,7.14,10.11,1.0,1.0,7.14,10.11,1.0,1.0,7.14,10.11,3.0,3.0,21.43,30.32,0.0,0.0,0.0,0.0,2.0,2.0,14.29,20.21,0.0,0.0,0.0,0.0,0.0,0.0,0.0,0.0,2.0,2.0,14.29,20.21,2.0,2.0,14.29,20.21,57.14,71.43,-14.29,94.34,-2.0,-2.0,-14.29,3.56,3.56,0.7,0.68,0.67,0.5,0.5,0.0,0.67,0.25,0.5,0.33,0.0,0.0,0.14,14.29,0.4
3,新北國王,22|34|14038,簡祐哲/沃許本/飛米,1,12,14.0,213.7,3.56,03:34,213.7,3.56,03:34,8.0,8.0,57.14,80.86,10.0,10.0,71.43,101.07,5.0,5.0,35.71,50.54,3.0,3.0,21.43,30.32,3.0,3.0,21.43,30.32,2.0,2.0,14.29,20.21,2.0,2.0,14.29,20.21,1.0,1.0,7.14,10.11,2.0,2.0,14.29,20.21,1.0,1.0,7.14,10.11,1.0,1.0,7.14,10.11,1.0,1.0,7.14,10.11,1.0,1.0,7.14,10.11,3.0,3.0,21.43,30.32,0.0,0.0,0.0,0.0,2.0,2.0,14.29,20.21,0.0,0.0,0.0,0.0,0.0,0.0,0.0,0.0,2.0,2.0,14.29,20.21,2.0,2.0,14.29,20.21,57.14,71.43,-14.29,94.34,-2.0,-2.0,-14.29,3.56,3.56,0.7,0.68,0.67,0.5,0.5,0.0,0.67,0.25,0.5,0.33,0.0,0.0,0.14,14.29,0.4
3,新北國王,22|10872|14038,簡祐哲/林彥廷/飛米,1,16,19.0,303.7,5.06,05:04,303.7,5.06,05:04,8.0,8.0,42.11,56.9,13.0,13.0,68.42,92.46,6.0,6.0,31.58,42.67,3.0,3.0,15.79,21.34,4.0,4.0,21.05,28.45,2.0,2.0,10.53,14.22,2.0,2.0,10.53,14.22,1.0,1.0,5.26,7.11,2.0,2.0,10.53,14.22,1.0,1.0,5.26,7.11,1.0,1.0,5.26,7.11,2.0,2.0,10.53,14.22,2.0,2.0,10.53,14.22,4.0,4.0,21.05,28.45,1.0,1.0,5.26,7.11,2.0,2.0,10.53,14.22,1.0,1.0,5.26,7.11,0.0,0.0,0.0,0.0,2.0,2.0,10.53,14.22,2.0,2.0,10.53,14.22,42.11,68.42,-26.32,90.09,-5.0,-5.0,-26.32,5.06,5.06,0.58,0.58,0.5,0.5,0.5,0.13,0.67,0.2,0.5,0.33,5.26,0.0,0.11,10.53,0.33
3,新北國王,22|29|34,簡祐哲/林書緯/沃許本,1,14,16.0,263.06,4.38,04:23,263.06,4.38,04:23,8.0,8.0,50.0,65.69,10.0,10.0,62.5,82.11,6.0,6.0,37.5,49.27,3.0,3.0,18.75,24.63,4.0,4.0,25.0,32.84,2.0,2.0,12.5,16.42,2.0,2.0,12.5,16.42,1.0,1.0,6.25,8.21,2.0,2.0,12.5,16.42,1.0,1.0,6.25,8.21,1.0,1.0,6.25,8.21,2.0,2.0,12.5,16.42,1.0,1.0,6.25,8.21,3.0,3.0,18.75,24.63,1.0,1.0,6.25,8.21,2.0,2.0,12.5,16.42,1.0,1.0,6.25,8.21,0.0,0.0,0.0,0.0,2.0,2.0,12.5,16.42,0.0,0.0,0.0,0.0,50.0,62.5,-12.5,87.58,-2.0,-2.0,-12.5,4.38,4.38,0.58,0.58,0.5,0.5,0.5,0.13,0.67,0.25,0.67,0.43,6.25,0.0,0.12,0.0,0.33
3,新北國王,22|29|10872,簡祐哲/林書緯/林彥廷,1,10,12.0,208.06,3.47,03:28,208.06,3.47,03:28,8.0,8.0,66.67,83.05,8.0,8.0,66.67,83.05,5.0,5.0,41.67,51.91,3.0,3.0,25.0,31.14,3.0,3.0,25.0,31.14,2.0,2.0,16.67,20.76,2.0,2.0,16.67,20.76,1.0,1.0,8.33,10.38,2.0,2.0,16.67,20.76,1.0,1.0,8.33,10.38,1.0,1.0,8.33,10.38,1.0,1.0,8.33,10.38,1.0,1.0,8.33,10.38,2.0,2.0,16.67,20.76,0.0,0.0,0.0,0.0,2.0,2.0,16.67,20.76,0.0,0.0,0.0,0.0,0.0,0.0,0.0,0.0,2.0,2.0,16.67,20.76,0.0,0.0,0.0,0.0,66.67,66.67,0.0,83.05,0.0,0.0,0.0,3.47,3.47,0.7,0.68,0.67,0.5,0.5,0.0,0.67,0.33,0.5,0.4,0.0,0.0,0.17,0.0,0.4
3,新北國王,22|29|14038,簡祐哲/林書緯/飛米,1,11,13.0,230.06,3.83,03:50,230.06,3.83,03:50,10.0,10.0,76.92,93.89,8.0,8.0,61.54,75.11,6.0,6.0,46.15,56.33,4.0,4.0,30.77,37.55,4.0,4.0,30.77,37.55,3.0,3.0,23.08,28.17,2.0,2.0,15.38,18.78,1.0,1.0,7.69,9.39,2.0,2.0,15.38,18.78,1.0,1.0,7.69,9.39,1.0,1.0,7.69,9.39,1.0,1.0,7.69,9.39,1.0,1.0,7.69,9.39,2.0,2.0,15.38,18.78,0.0,0.0,0.0,0.0,2.0,2.0,15.38,18.78,0.0,0.0,0.0,0.0,0.0,0.0,0.0,0.0,2.0,2.0,15.38,18.78,0.0,0.0,0.0,0.0,76.92,61.54,15.38,81.37,2.0,2.0,15.38,3.83,3.83,0.75,0.73,0.75,0.5,0.5,0.0,0.5,0.33,0.5,0.4,0.0,0.0,0.15,0.0,0.33
3,新北國王,22|24|29,簡祐哲/蘇士軒/林書緯,1,5,5.0,77.0,1.28,01:17,77.0,1.28,01:17,2.0,2.0,40.0,56.1,2.0,2.0,40.0,56.1,2.0,2.0,40.0,56.1,1.0,1.0,20.0,28.05,2.0,2.0,40.0,56.1,1.0,1.0,20.0,28.05,0.0,0.0,0.0,0.0,0.0,0.0,0.0,0.0,0.0,0.0,0.0,0.0,0.0,0.0,0.0,0.0,0.0,0.0,0.0,0.0,1.0,1.0,20.0,28.05,0.0,0.0,0.0,0.0,1.0,1.0,20.0,28.05,1.0,1.0,20.0,28.05,0.0,0.0,0.0,0.0,1.0,1.0,20.0,28.05,0.0,0.0,0.0,0.0,0.0,0.0,0.0,0.0,0.0,0.0,0.0,0.0,40.0,40.0,0.0,93.51,0.0,0.0,0.0,1.28,1.28,0.5,0.5,0.5,,,0.33,0.0,0.0,1.0,0.5,20.0,0.0,0.0,0.0,0.0
3,新北國王,22|24|34,簡祐哲/蘇士軒/沃許本,1,4,4.0,55.0,0.92,00:55,55.0,0.92,00:55,0.0,0.0,0.0,0.0,2.0,2.0,50.0,78.55,1.0,1.0,25.0,39.27,0.0,0.0,0.0,0.0,1.0,1.0,25.0,39.27,0.0,0.0,0.0,0.0,0.0,0.0,0.0,0.0,0.0,0.0,0.0,0.0,0.0,0.0,0.0,0.0,0.0,0.0,0.0,0.0,0.0,0.0,0.0,0.0,1.0,1.0,25.0,39.27,0.0,0.0,0.0,0.0,1.0,1.0,25.0,39.27,1.0,1.0,25.0,39.27,0.0,0.0,0.0,0.0,1.0,1.0,25.0,39.27,0.0,0.0,0.0,0.0,0.0,0.0,0.0,0.0,0.0,0.0,0.0,0.0,0.0,50.0,-50.0,104.73,-2.0,-2.0,-50.0,0.92,0.92,0.0,0.0,0.0,,,0.5,,0.0,1.0,0.5,25.0,0.0,0.0,0.0,0.0
3,新北國王,22|24|13029,簡祐哲/蘇士軒/杰倫,1,4,4.0,55.0,0.92,00:55,55.0,0.92,00:55,0.0,0.0,0.0,0.0,2.0,2.0,50.0,78.55,1.0,1.0,25.0,39.27,0.0,0.0,0.0,0.0,1.0,1.0,25.0,39.27,0.0,0.0,0.0,0.0,0.0,0.0,0.0,0.0,0.0,0.0,0.0,0.0,0.0,0.0,0.0,0.0,0.0,0.0,0.0,0.0,0.0,0.0,0.0,0.0,1.0,1.0,25.0,39.27,0.0,0.0,0.0,0.0,1.0,1.0,25.0,39.27,1.0,1.0,25.0,39.27,0.0,0.0,0.0,0.0,1.0,1.0,25.0,39.27,0.0,0.0,0.0,0.0,0.0,0.0,0.0,0.0,0.0,0.0,0.0,0.0,0.0,50.0,-50.0,104.73,-2.0,-2.0,-50.0,0.92,0.92,0.0,0.0,0.0,,,0.5,,0.0,1.0,0.5,25.0,0.0,0.0,0.0,0.0
3,新北國王,22|29|13029,簡祐哲/林書緯/杰倫,1,4,4.0,55.0,0.92,00:55,55.0,0.92,00:55,0.0,0.0,0.0,0.0,2.0,2.0,50.0,78.55,1.0,1.0,25.0,39.27,0.0,0.0,0.0,0.0,1.0,1.0,25.0,39.27,0.0,0.0,0.0,0.0,0.0,0.0,0.0,0.0,0.0,0.0,0.0,0.0,0.0,0.0,0.0,0.0,0.0,0.0,0.0,0.0,0.0,0.0,0.0,0.0,1.0,1.0,25.0,39.27,0.0,0.0,0.0,0.0,1.0,1.0,25.0,39.27,1.0,1.0,25.0,39.27,0.0,0.0,0.0,0.0,1.0,1.0,25.0,39.27,0.0,0.0,0.0,0.0,0.0,0.0,0.0,0.0,0.0,0.0,0.0,0.0,0.0,50.0,-50.0,104.73,-2.0,-2.0,-50.0,0.92,0.92,0.0,0.0,0.0,,,0.5,,0.0,1.0,0.5,25.0,0.0,0.0,0.0,0.0
3,新北國王,22|34|13029,簡祐哲/沃許本/杰倫,1,4,4.0,55.0,0.92,00:55,55.0,0.92,00:55,0.0,0.0,0.0,0.0,2.0,2.0,50.0,78.55,1.0,1.0,25.0,39.27,0.0,0.0,0.0,0.0,1.0,1.0,25.0,39.27,0.0,0.0,0.0,0.0,0.0,0.0,0.0,0.0,0.0,0.0,0.0,0.0,0.0,0.0,0.0,0.0,0.0,0.0,0.0,0.0,0.0,0.0,0.0,0.0,1.0,1.0,25.0,39.27,0.0,0.0,0.0,0.0,1.0,1.0,25.0,39.27,1.0,1.0,25.0,39.27,0.0,0.0,0.0,0.0,1.0,1.0,25.0,39.27,0.0,0.0,0.0,0.0,0.0,0.0,0.0,0.0,0.0,0.0,0.0,0.0,0.0,50.0,-50.0,104.73,-2.0,-2.0,-50.0,0.92,0.92,0.0,0.0,0.0,,,0.5,,0.0,1.0,0.5,25.0,0.0,0.0,0.0,0.0
3,桃園台啤永豐雲豹,16|58|10860,米勒/林信寬/麥卡洛,1,8,9.0,115.45,1.92,01:55,115.45,1.92,01:55,3.0,3.0,33.33,56.13,9.0,9.0,100.0,168.38,3.0,3.0,33.33,56.13,1.0,1.0,11.11,18.71,1.0,1.0,11.11,18.71,0.0,0.0,0.0,0.0,2.0,2.0,22.22,37.42,1.0,1.0,11.11,18.71,0.0,0.0,0.0,0.0,0.0,0.0,0.0,0.0,0.0,0.0,0.0,0.0,2.0,2.0,22.22,37.42,1.0,1.0,11.11,18.71,1.0,1.0,11.11,18.71,0.0,0.0,0.0,0.0,1.0,1.0,11.11,18.71,0.0,0.0,0.0,0.0,1.0,1.0,11.11,18.71,0.0,0.0,0.0,0.0,2.0,2.0,22.22,37.42,33.33,100.0,-66.67,112.26,-6.0,-6.0,-66.67,1.92,1.92,0.5,0.5,0.0,0.5,,0.0,1.0,0.0,0.67,0.5,0.0,11.11,0.0,22.22,0.0
3,桃園台啤永豐雲豹,58|62|10860,林信寬/王皓吉/麥卡洛,1,7,8.0,115.33,1.92,01:55,115.33,1.92,01:55,3.0,3.0,37.5,56.19,8.0,8.0,100.0,149.83,3.0,3.0,37.5,56.19,1.0,1.0,12.5,18.73,1.0,1.0,12.5,18.73,0.0,0.0,0.0,0.0,2.0,2.0,25.0,37.46,1.0,1.0,12.5,18.73,0.0,0.0,0.0,0.0,0.0,0.0,0.0,0.0,0.0,0.0,0.0,0.0,2.0,2.0,25.0,37.46,1.0,1.0,12.5,18.73,1.0,1.0,12.5,18.73,0.0,0.0,0.0,0.0,1.0,1.0,12.5,18.73,0.0,0.0,0.0,0.0,1.0,1.0,12.5,18.73,0.0,0.0,0.0,0.0,0.0,0.0,0.0,0.0,37.5,100.0,-62.5,99.89,-5.0,-5.0,-62.5,1.92,1.92,0.5,0.5,0.0,0.5,,0.0,1.0,0.0,0.67,0.5,0.0,12.5,0.0,0.0,0.0
3,桃園台啤永豐雲豹,54|58|10860,高錦瑋/林信寬/麥卡洛,1,8,9.0,101.63,1.69,01:42,101.63,1.69,01:42,5.0,5.0,55.56,106.27,3.0,3.0,33.33,63.76,3.0,3.0,33.33,63.76,2.0,2.0,22.22,42.51,1.0,1.0,11.11,21.25,1.0,1.0,11.11,21.25,2.0,2.0,22.22,42.51,1.0,1.0,11.11,21.25,0.0,0.0,0.0,0.0,0.0,0.0,0.0,0.0,0.0,0.0,0.0,0.0,1.0,1.0,11.11,21.25,0.0,0.0,0.0,0.0,1.0,1.0,11.11,21.25,1.0,1.0,11.11,21.25,1.0,1.0,11.11,21.25,0.0,0.0,0.0,0.0,0.0,0.0,0.0,0.0,1.0,1.0,11.11,21.25,2.0,2.0,22.22,42.51,55.56,33.33,22.22,127.53,2.0,2.0,22.22,1.69,1.69,0.83,0.83,1.0,0.5,,0.25,0.5,0.0,1.0,0.5,0.0,0.0,0.11,22.22,0.0
3,桃園台啤永豐雲豹,54|68|10860,高錦瑋/克羅馬/麥卡洛,1,11,12.0,175.51,2.93,02:56,175.51,2.93,02:56,11.0,11.0,91.67,135.38,4.0,4.0,33.33,49.23,5.0,5.0,41.67,61.54,4.0,4.0,33.33,49.23,1.0,1.0,8.33,12.31,1.0,1.0,8.33,12.31,4.0,4.0,33.33,49.23,3.0,3.0,25.0,36.92,0.0,0.0,0.0,0.0,0.0,0.0,0.0,0.0,0.0,0.0,0.0,0.0,1.0,1.0,8.33,12.31,0.0,0.0,0.0,0.0,2.0,2.0,16.67,24.61,1.0,1.0,8.33,12.31,3.0,3.0,25.0,36.92,0.0,0.0,0.0,0.0,0.0,0.0,0.0,0.0,1.0,1.0,8.33,12.31,0.0,0.0,0.0,0.0,91.67,33.33,58.33,98.46,7.0,7.0,58.33,2.93,2.93,1.1,1.1,1.0,0.75,,0.17,0.75,0.0,1.0,0.33,0.0,0.0,0.08,0.0,0.0
3,桃園台啤永豐雲豹,54|3129|10860,高錦瑋/董永全/麥卡洛,1,24,33.0,446.54,7.44,07:27,446.54,7.44,07:27,19.0,19.0,57.58,91.91,16.0,16.0,48.48,77.4,15.0,15.0,45.45,72.56,7.0,7.0,21.21,33.86,8.0,8.0,24.24,38.7,2.0,2.0,6.06,9.67,7.0,7.0,21.21,33.86,5.0,5.0,15.15,24.19,0.0,0.0,0.0,0.0,0.0,0.0,0.0,0.0,4.0,4.0,12.12,19.35,4.0,4.0,12.12,19.35,4.0,4.0,12.12,19.35,3.0,3.0,9.09,14.51,1.0,1.0,3.03,4.84,5.0,5.0,15.15,24.19,0.0,0.0,0.0,0.0,1.0,1.0,3.03,4.84,3.0,3.0,9.09,14.51,4.0,4.0,12.12,19.35,57.58,48.48,9.09,106.42,3.0,3.0,9.09,7.44,7.44,0.63,0.63,0.25,0.71,,0.06,0.71,0.57,0.5,0.53,0.0,3.03,0.09,12.12,0.0
3,桃園台啤永豐雲豹,58|3129|10860,林信寬/董永全/麥卡洛,1,8,9.0,101.63,1.69,01:42,101.63,1.69,01:42,5.0,5.0,55.56,106.27,3.0,3.0,33.33,63.76,3.0,3.0,33.33,63.76,2.0,2.0,22.22,42.51,1.0,1.0,11.11,21.25,1.0,1.0,11.11,21.25,2.0,2.0,22.22,42.51,1.0,1.0,11.11,21.25,0.0,0.0,0.0,0.0,0.0,0.0,0.0,0.0,0.0,0.0,0.0,0.0,1.0,1.0,11.11,21.25,0.0,0.0,0.0,0.0,1.0,1.0,11.11,21.25,1.0,1.0,11.11,21.25,1.0,1.0,11.11,21.25,0.0,0.0,0.0,0.0,0.0,0.0,0.0,0.0,1.0,1.0,11.11,21.25,2.0,2.0,22.22,42.51,55.56,33.33,22.22,127.53,2.0,2.0,22.22,1.69,1.69,0.83,0.83,1.0,0.5,,0.25,0.5,0.0,1.0,0.5,0.0,0.0,0.11,22.22,0.0
3,桃園台啤永豐雲豹,68|3129|10860,克羅馬/董永全/麥卡洛,1,11,12.0,175.51,2.93,02:56,175.51,2.93,02:56,11.0,11.0,91.67,135.38,4.0,4.0,33.33,49.23,5.0,5.0,41.67,61.54,4.0,4.0,33.33,49.23,1.0,1.0,8.33,12.31,1.0,1.0,8.33,12.31,4.0,4.0,33.33,49.23,3.0,3.0,25.0,36.92,0.0,0.0,0.0,0.0,0.0,0.0,0.0,0.0,0.0,0.0,0.0,0.0,1.0,1.0,8.33,12.31,0.0,0.0,0.0,0.0,2.0,2.0,16.67,24.61,1.0,1.0,8.33,12.31,3.0,3.0,25.0,36.92,0.0,0.0,0.0,0.0,0.0,0.0,0.0,0.0,1.0,1.0,8.33,12.31,0.0,0.0,0.0,0.0,91.67,33.33,58.33,98.46,7.0,7.0,58.33,2.93,2.93,1.1,1.1,1.0,0.75,,0.17,0.75,0.0,1.0,0.33,0.0,0.0,0.08,0.0,0.0
3,桃園台啤永豐雲豹,16|54|10860,米勒/高錦瑋/麥卡洛,1,18,29.0,368.03,6.13,06:08,368.03,6.13,06:08,16.0,16.0,55.17,93.9,12.0,12.0,41.38,70.43,15.0,15.0,51.72,88.04,6.0,6.0,20.69,35.21,9.0,9.0,31.03,52.82,2.0,2.0,6.9,11.74,6.0,6.0,20.69,35.21,4.0,4.0,13.79,23.48,0.0,0.0,0.0,0.0,0.0,0.0,0.0,0.0,6.0,6.0,20.69,35.21,3.0,3.0,10.34,17.61,5.0,5.0,17.24,29.35,3.0,3.0,10.34,17.61,0.0,0.0,0.0,0.0,4.0,4.0,13.79,23.48,0.0,0.0,0.0,0.0,1.0,1.0,3.45,5.87,2.0,2.0,6.9,11.74,4.0,4.0,13.79,23.48,55.17,41.38,13.79,113.47,4.0,4.0,13.79,6.13,6.13,0.53,0.53,0.22,0.67,,0.0,0.67,0.67,0.38,0.53,0.0,3.45,0.07,13.79,0.0
3,桃園台啤永豐雲豹,16|3129|10860,米勒/董永全/麥卡洛,1,13,21.0,271.03,4.52,04:31,271.03,4.52,04:31,8.0,8.0,38.1,63.76,12.0,12.0,57.14,95.63,10.0,10.0,47.62,79.7,3.0,3.0,14.29,23.91,7.0,7.0,33.33,55.79,1.0,1.0,4.76,7.97,3.0,3.0,14.29,23.91,2.0,2.0,9.52,15.94,0.0,0.0,0.0,0.0,0.0,0.0,0.0,0.0,4.0,4.0,19.05,31.88,3.0,3.0,14.29,23.91,4.0,4.0,19.05,31.88,1.0,1.0,4.76,7.97,0.0,0.0,0.0,0.0,2.0,2.0,9.52,15.94,0.0,0.0,0.0,0.0,1.0,1.0,4.76,7.97,2.0,2.0,9.52,15.94,4.0,4.0,19.05,31.88,38.1,57.14,-19.05,111.57,-4.0,-4.0,-19.05,4.52,4.52,0.4,0.4,0.14,0.67,,0.0,0.67,0.8,0.43,0.58,0.0,4.76,0.1,19.05,0.0
3,桃園台啤永豐雲豹,54|57|10860,高錦瑋/莊博元/麥卡洛,1,17,28.0,367.91,6.13,06:08,367.91,6.13,06:08,16.0,16.0,57.14,93.94,11.0,11.0,39.29,64.58,15.0,15.0,53.57,88.06,6.0,6.0,21.43,35.23,9.0,9.0,32.14,52.84,2.0,2.0,7.14,11.74,6.0,6.0,21.43,35.23,4.0,4.0,14.29,23.48,0.0,0.0,0.0,0.0,0.0,0.0,0.0,0.0,6.0,6.0,21.43,35.23,3.0,3.0,10.71,17.61,5.0,5.0,17.86,29.35,3.0,3.0,10.71,17.61,0.0,0.0,0.0,0.0,4.0,4.0,14.29,23.48,0.0,0.0,0.0,0.0,1.0,1.0,3.57,5.87,2.0,2.0,7.14,11.74,2.0,2.0,7.14,11.74,57.14,39.29,17.86,109.59,5.0,5.0,17.86,6.13,6.13,0.53,0.53,0.22,0.67,,0.0,0.67,0.67,0.38,0.53,0.0,3.57,0.07,7.14,0.0
3,桃園台啤永豐雲豹,57|3129|10860,莊博元/董永全/麥卡洛,1,12,20.0,270.91,4.52,04:31,270.91,4.52,04:31,8.0,8.0,40.0,63.78,11.0,11.0,55.0,87.7,10.0,10.0,50.0,79.73,3.0,3.0,15.0,23.92,7.0,7.0,35.0,55.81,1.0,1.0,5.0,7.97,3.0,3.0,15.0,23.92,2.0,2.0,10.0,15.95,0.0,0.0,0.0,0.0,0.0,0.0,0.0,0.0,4.0,4.0,20.0,31.89,3.0,3.0,15.0,23.92,4.0,4.0,20.0,31.89,1.0,1.0,5.0,7.97,0.0,0.0,0.0,0.0,2.0,2.0,10.0,15.95,0.0,0.0,0.0,0.0,1.0,1.0,5.0,7.97,2.0,2.0,10.0,15.95,2.0,2.0,10.0,15.95,40.0,55.0,-15.0,106.31,-3.0,-3.0,-15.0,4.52,4.52,0.4,0.4,0.14,0.67,,0.0,0.67,0.8,0.43,0.58,0.0,5.0,0.1,10.0,0.0
3,新北國王,21|25|13029,李愷諺/林金榜/杰倫,1,1,3.0,33.0,0.55,00:33,33.0,0.55,00:33,0.0,0.0,0.0,0.0,0.0,0.0,0.0,0.0,0.0,0.0,0.0,0.0,0.0,0.0,0.0,0.0,0.0,0.0,0.0,0.0,0.0,0.0,0.0,0.0,0.0,0.0,0.0,0.0,0.0,0.0,0.0,0.0,0.0,0.0,0.0,0.0,0.0,0.0,0.0,0.0,0.0,0.0,0.0,0.0,0.0,0.0,0.0,0.0,2.0,2.0,66.67,130.91,1.0,1.0,33.33,65.45,0.0,0.0,0.0,0.0,0.0,0.0,0.0,0.0,0.0,0.0,0.0,0.0,0.0,0.0,0.0,0.0,0.0,0.0,0.0,0.0,0.0,0.0,0.0,0.0,0.0,0.0,0.0,130.91,0.0,0.0,0.0,0.55,0.55,,,,,,,,0.0,0.0,0.0,0.0,0.0,0.0,0.0,
3,新北國王,25|10872|13029,林金榜/林彥廷/杰倫,1,11,16.0,195.0,3.25,03:15,195.0,3.25,03:15,9.0,9.0,56.25,99.69,8.0,8.0,50.0,88.62,4.0,4.0,25.0,44.31,3.0,3.0,18.75,33.23,2.0,2.0,12.5,22.15,1.0,1.0,6.25,11.08,2.0,2.0,12.5,22.15,2.0,2.0,12.5,22.15,2.0,2.0,12.5,22.15,1.0,1.0,6.25,11.08,0.0,0.0,0.0,0.0,1.0,1.0,6.25,11.08,3.0,3.0,18.75,33.23,1.0,1.0,6.25,11.08,0.0,0.0,0.0,0.0,3.0,3.0,18.75,33.23,0.0,0.0,0.0,0.0,0.0,0.0,0.0,0.0,1.0,1.0,6.25,11.08,1.0,1.0,6.25,11.08,56.25,50.0,6.25,118.15,1.0,1.0,6.25,3.25,3.25,1.0,0.92,0.5,1.0,0.5,0.0,1.0,0.0,0.25,0.2,0.0,0.0,0.06,6.25,0.5
3,新北國王,25|13029|14038,林金榜/杰倫/飛米,1,11,16.0,195.0,3.25,03:15,195.0,3.25,03:15,9.0,9.0,56.25,99.69,8.0,8.0,50.0,88.62,4.0,4.0,25.0,44.31,3.0,3.0,18.75,33.23,2.0,2.0,12.5,22.15,1.0,1.0,6.25,11.08,2.0,2.0,12.5,22.15,2.0,2.0,12.5,22.15,2.0,2.0,12.5,22.15,1.0,1.0,6.25,11.08,0.0,0.0,0.0,0.0,1.0,1.0,6.25,11.08,3.0,3.0,18.75,33.23,1.0,1.0,6.25,11.08,0.0,0.0,0.0,0.0,3.0,3.0,18.75,33.23,0.0,0.0,0.0,0.0,0.0,0.0,0.0,0.0,1.0,1.0,6.25,11.08,1.0,1.0,6.25,11.08,56.25,50.0,6.25,118.15,1.0,1.0,6.25,3.25,3.25,1.0,0.92,0.5,1.0,0.5,0.0,1.0,0.0,0.25,0.2,0.0,0.0,0.06,6.25,0.5
3,新北國王,21|25|34,李愷諺/林金榜/沃許本,1,4,5.0,62.0,1.03,01:02,62.0,1.03,01:02,2.0,2.0,40.0,69.68,4.0,4.0,80.0,139.35,1.0,1.0,20.0,34.84,1.0,1.0,20.0,34.84,1.0,1.0,20.0,34.84,1.0,1.0,20.0,34.84,0.0,0.0,0.0,0.0,0.0,0.0,0.0,0.0,0.0,0.0,0.0,0.0,0.0,0.0,0.0,0.0,0.0,0.0,0.0,0.0,0.0,0.0,0.0,0.0,0.0,0.0,0.0,0.0,1.0,1.0,20.0,34.84,1.0,1.0,20.0,34.84,2.0,2.0,40.0,69.68,1.0,1.0,20.0,34.84,0.0,0.0,0.0,0.0,1.0,1.0,20.0,34.84,0.0,0.0,0.0,0.0,40.0,80.0,-40.0,116.13,-2.0,-2.0,-40.0,1.03,1.03,1.0,1.0,1.0,,,0.5,2.0,0.0,,0.0,20.0,0.0,0.2,0.0,0.0
3,新北國王,25|34|10872,林金榜/沃許本/林彥廷,1,4,5.0,62.0,1.03,01:02,62.0,1.03,01:02,2.0,2.0,40.0,69.68,4.0,4.0,80.0,139.35,1.0,1.0,20.0,34.84,1.0,1.0,20.0,34.84,1.0,1.0,20.0,34.84,1.0,1.0,20.0,34.84,0.0,0.0,0.0,0.0,0.0,0.0,0.0,0.0,0.0,0.0,0.0,0.0,0.0,0.0,0.0,0.0,0.0,0.0,0.0,0.0,0.0,0.0,0.0,0.0,0.0,0.0,0.0,0.0,1.0,1.0,20.0,34.84,1.0,1.0,20.0,34.84,2.0,2.0,40.0,69.68,1.0,1.0,20.0,34.84,0.0,0.0,0.0,0.0,1.0,1.0,20.0,34.84,0.0,0.0,0.0,0.0,40.0,80.0,-40.0,116.13,-2.0,-2.0,-40.0,1.03,1.03,1.0,1.0,1.0,,,0.5,2.0,0.0,,0.0,20.0,0.0,0.2,0.0,0.0
3,新北國王,25|34|14038,林金榜/沃許本/飛米,1,4,5.0,62.0,1.03,01:02,62.0,1.03,01:02,2.0,2.0,40.0,69.68,4.0,4.0,80.0,139.35,1.0,1.0,20.0,34.84,1.0,1.0,20.0,34.84,1.0,1.0,20.0,34.84,1.0,1.0,20.0,34.84,0.0,0.0,0.0,0.0,0.0,0.0,0.0,0.0,0.0,0.0,0.0,0.0,0.0,0.0,0.0,0.0,0.0,0.0,0.0,0.0,0.0,0.0,0.0,0.0,0.0,0.0,0.0,0.0,1.0,1.0,20.0,34.84,1.0,1.0,20.0,34.84,2.0,2.0,40.0,69.68,1.0,1.0,20.0,34.84,0.0,0.0,0.0,0.0,1.0,1.0,20.0,34.84,0.0,0.0,0.0,0.0,40.0,80.0,-40.0,116.13,-2.0,-2.0,-40.0,1.03,1.03,1.0,1.0,1.0,,,0.5,2.0,0.0,,0.0,20.0,0.0,0.2,0.0,0.0
3,桃園台啤永豐雲豹,54|62|10860,高錦瑋/王皓吉/麥卡洛,1,9,12.0,171.0,2.85,02:51,171.0,2.85,02:51,14.0,14.0,116.67,176.84,2.0,2.0,16.67,25.26,7.0,7.0,58.33,88.42,5.0,5.0,41.67,63.16,2.0,2.0,16.67,25.26,1.0,1.0,8.33,12.63,5.0,5.0,41.67,63.16,4.0,4.0,33.33,50.53,0.0,0.0,0.0,0.0,0.0,0.0,0.0,0.0,2.0,2.0,16.67,25.26,0.0,0.0,0.0,0.0,1.0,1.0,8.33,12.63,3.0,3.0,25.0,37.89,0.0,0.0,0.0,0.0,4.0,4.0,33.33,50.53,0.0,0.0,0.0,0.0,0.0,0.0,0.0,0.0,0.0,0.0,0.0,0.0,0.0,0.0,0.0,0.0,116.67,16.67,100.0,101.05,12.0,12.0,100.0,2.85,2.85,1.0,1.0,0.5,0.8,,0.0,0.8,0.4,0.0,0.33,0.0,0.0,0.0,0.0,0.0
3,新北國王,25|10872|10874,林金榜/林彥廷/熊祥泰,1,6,8.0,102.0,1.7,01:42,102.0,1.7,01:42,6.0,6.0,75.0,127.06,6.0,6.0,75.0,127.06,2.0,2.0,25.0,42.35,2.0,2.0,25.0,42.35,1.0,1.0,12.5,21.18,1.0,1.0,12.5,21.18,1.0,1.0,12.5,21.18,1.0,1.0,12.5,21.18,2.0,2.0,25.0,42.35,1.0,1.0,12.5,21.18,0.0,0.0,0.0,0.0,0.0,0.0,0.0,0.0,0.0,0.0,0.0,0.0,0.0,0.0,0.0,0.0,0.0,0.0,0.0,0.0,2.0,2.0,25.0,42.35,0.0,0.0,0.0,0.0,0.0,0.0,0.0,0.0,1.0,1.0,12.5,21.18,1.0,1.0,12.5,21.18,75.0,75.0,0.0,112.94,0.0,0.0,0.0,1.7,1.7,1.25,1.04,1.0,1.0,0.5,0.0,1.0,,,,0.0,0.0,0.12,12.5,1.0
3,新北國王,25|10874|13029,林金榜/熊祥泰/杰倫,1,6,8.0,102.0,1.7,01:42,102.0,1.7,01:42,6.0,6.0,75.0,127.06,6.0,6.0,75.0,127.06,2.0,2.0,25.0,42.35,2.0,2.0,25.0,42.35,1.0,1.0,12.5,21.18,1.0,1.0,12.5,21.18,1.0,1.0,12.5,21.18,1.0,1.0,12.5,21.18,2.0,2.0,25.0,42.35,1.0,1.0,12.5,21.18,0.0,0.0,0.0,0.0,0.0,0.0,0.0,0.0,0.0,0.0,0.0,0.0,0.0,0.0,0.0,0.0,0.0,0.0,0.0,0.0,2.0,2.0,25.0,42.35,0.0,0.0,0.0,0.0,0.0,0.0,0.0,0.0,1.0,1.0,12.5,21.18,1.0,1.0,12.5,21.18,75.0,75.0,0.0,112.94,0.0,0.0,0.0,1.7,1.7,1.25,1.04,1.0,1.0,0.5,0.0,1.0,,,,0.0,0.0,0.12,12.5,1.0
3,新北國王,25|10874|14038,林金榜/熊祥泰/飛米,1,6,8.0,102.0,1.7,01:42,102.0,1.7,01:42,6.0,6.0,75.0,127.06,6.0,6.0,75.0,127.06,2.0,2.0,25.0,42.35,2.0,2.0,25.0,42.35,1.0,1.0,12.5,21.18,1.0,1.0,12.5,21.18,1.0,1.0,12.5,21.18,1.0,1.0,12.5,21.18,2.0,2.0,25.0,42.35,1.0,1.0,12.5,21.18,0.0,0.0,0.0,0.0,0.0,0.0,0.0,0.0,0.0,0.0,0.0,0.0,0.0,0.0,0.0,0.0,0.0,0.0,0.0,0.0,2.0,2.0,25.0,42.35,0.0,0.0,0.0,0.0,0.0,0.0,0.0,0.0,1.0,1.0,12.5,21.18,1.0,1.0,12.5,21.18,75.0,75.0,0.0,112.94,0.0,0.0,0.0,1.7,1.7,1.25,1.04,1.0,1.0,0.5,0.0,1.0,,,,0.0,0.0,0.12,12.5,1.0
3,桃園台啤永豐雲豹,54|62|3129,高錦瑋/王皓吉/董永全,1,4,4.0,74.0,1.23,01:14,74.0,1.23,01:14,6.0,6.0,150.0,175.14,2.0,2.0,50.0,58.38,2.0,2.0,50.0,58.38,2.0,2.0,50.0,58.38,0.0,0.0,0.0,0.0,0.0,0.0,0.0,0.0,2.0,2.0,50.0,58.38,2.0,2.0,50.0,58.38,0.0,0.0,0.0,0.0,0.0,0.0,0.0,0.0,0.0,0.0,0.0,0.0,0.0,0.0,0.0,0.0,0.0,0.0,0.0,0.0,1.0,1.0,25.0,29.19,0.0,0.0,0.0,0.0,2.0,2.0,50.0,58.38,0.0,0.0,0.0,0.0,0.0,0.0,0.0,0.0,0.0,0.0,0.0,0.0,0.0,0.0,0.0,0.0,150.0,50.0,100.0,77.84,4.0,4.0,100.0,1.23,1.23,1.5,1.5,,1.0,,0.0,1.0,0.0,,0.0,0.0,0.0,0.0,0.0,0.0
3,桃園台啤永豐雲豹,62|68|3129,王皓吉/克羅馬/董永全,1,4,4.0,74.0,1.23,01:14,74.0,1.23,01:14,6.0,6.0,150.0,175.14,2.0,2.0,50.0,58.38,2.0,2.0,50.0,58.38,2.0,2.0,50.0,58.38,0.0,0.0,0.0,0.0,0.0,0.0,0.0,0.0,2.0,2.0,50.0,58.38,2.0,2.0,50.0,58.38,0.0,0.0,0.0,0.0,0.0,0.0,0.0,0.0,0.0,0.0,0.0,0.0,0.0,0.0,0.0,0.0,0.0,0.0,0.0,0.0,1.0,1.0,25.0,29.19,0.0,0.0,0.0,0.0,2.0,2.0,50.0,58.38,0.0,0.0,0.0,0.0,0.0,0.0,0.0,0.0,0.0,0.0,0.0,0.0,0.0,0.0,0.0,0.0,150.0,50.0,100.0,77.84,4.0,4.0,100.0,1.23,1.23,1.5,1.5,,1.0,,0.0,1.0,0.0,,0.0,0.0,0.0,0.0,0.0,0.0
3,桃園台啤永豐雲豹,62|3129|10860,王皓吉/董永全/麥卡洛,1,4,4.0,74.0,1.23,01:14,74.0,1.23,01:14,6.0,6.0,150.0,175.14,2.0,2.0,50.0,58.38,2.0,2.0,50.0,58.38,2.0,2.0,50.0,58.38,0.0,0.0,0.0,0.0,0.0,0.0,0.0,0.0,2.0,2.0,50.0,58.38,2.0,2.0,50.0,58.38,0.0,0.0,0.0,0.0,0.0,0.0,0.0,0.0,0.0,0.0,0.0,0.0,0.0,0.0,0.0,0.0,0.0,0.0,0.0,0.0,1.0,1.0,25.0,29.19,0.0,0.0,0.0,0.0,2.0,2.0,50.0,58.38,0.0,0.0,0.0,0.0,0.0,0.0,0.0,0.0,0.0,0.0,0.0,0.0,0.0,0.0,0.0,0.0,150.0,50.0,100.0,77.84,4.0,4.0,100.0,1.23,1.23,1.5,1.5,,1.0,,0.0,1.0,0.0,,0.0,0.0,0.0,0.0,0.0,0.0
3,新北國王,25|29|13029,林金榜/林書緯/杰倫,1,4,5.0,60.0,1.0,01:00,60.0,1.0,01:00,3.0,3.0,60.0,108.0,2.0,2.0,40.0,72.0,2.0,2.0,40.0,72.0,1.0,1.0,20.0,36.0,1.0,1.0,20.0,36.0,0.0,0.0,0.0,0.0,1.0,1.0,20.0,36.0,1.0,1.0,20.0,36.0,0.0,0.0,0.0,0.0,0.0,0.0,0.0,0.0,0.0,0.0,0.0,0.0,1.0,1.0,20.0,36.0,1.0,1.0,20.0,36.0,0.0,0.0,0.0,0.0,0.0,0.0,0.0,0.0,1.0,1.0,20.0,36.0,0.0,0.0,0.0,0.0,0.0,0.0,0.0,0.0,0.0,0.0,0.0,0.0,0.0,0.0,0.0,0.0,60.0,40.0,20.0,120.0,1.0,1.0,20.0,1.0,1.0,0.75,0.75,0.0,1.0,,0.0,1.0,,0.5,0.5,0.0,0.0,0.0,0.0,0.0
3,新北國王,29|10872|10873,林書緯/林彥廷/喬納森,1,2,2.0,43.0,0.72,00:43,43.0,0.72,00:43,2.0,2.0,100.0,100.47,0.0,0.0,0.0,0.0,0.0,0.0,0.0,0.0,0.0,0.0,0.0,0.0,0.0,0.0,0.0,0.0,0.0,0.0,0.0,0.0,0.0,0.0,0.0,0.0,0.0,0.0,0.0,0.0,2.0,2.0,100.0,100.47,2.0,2.0,100.0,100.47,0.0,0.0,0.0,0.0,0.0,0.0,0.0,0.0,0.0,0.0,0.0,0.0,1.0,1.0,50.0,50.23,0.0,0.0,0.0,0.0,0.0,0.0,0.0,0.0,0.0,0.0,0.0,0.0,0.0,0.0,0.0,0.0,1.0,1.0,50.0,50.23,0.0,0.0,0.0,0.0,100.0,0.0,100.0,66.98,2.0,2.0,100.0,0.72,0.72,,1.14,,,1.0,0.0,,0.0,,0.0,0.0,0.0,0.5,0.0,
3,新北國王,29|10873|13029,林書緯/喬納森/杰倫,1,2,2.0,43.0,0.72,00:43,43.0,0.72,00:43,2.0,2.0,100.0,100.47,0.0,0.0,0.0,0.0,0.0,0.0,0.0,0.0,0.0,0.0,0.0,0.0,0.0,0.0,0.0,0.0,0.0,0.0,0.0,0.0,0.0,0.0,0.0,0.0,0.0,0.0,0.0,0.0,2.0,2.0,100.0,100.47,2.0,2.0,100.0,100.47,0.0,0.0,0.0,0.0,0.0,0.0,0.0,0.0,0.0,0.0,0.0,0.0,1.0,1.0,50.0,50.23,0.0,0.0,0.0,0.0,0.0,0.0,0.0,0.0,0.0,0.0,0.0,0.0,0.0,0.0,0.0,0.0,1.0,1.0,50.0,50.23,0.0,0.0,0.0,0.0,100.0,0.0,100.0,66.98,2.0,2.0,100.0,0.72,0.72,,1.14,,,1.0,0.0,,0.0,,0.0,0.0,0.0,0.5,0.0,
3,新北國王,29|10873|14038,林書緯/喬納森/飛米,1,2,2.0,43.0,0.72,00:43,43.0,0.72,00:43,2.0,2.0,100.0,100.47,0.0,0.0,0.0,0.0,0.0,0.0,0.0,0.0,0.0,0.0,0.0,0.0,0.0,0.0,0.0,0.0,0.0,0.0,0.0,0.0,0.0,0.0,0.0,0.0,0.0,0.0,0.0,0.0,2.0,2.0,100.0,100.47,2.0,2.0,100.0,100.47,0.0,0.0,0.0,0.0,0.0,0.0,0.0,0.0,0.0,0.0,0.0,0.0,1.0,1.0,50.0,50.23,0.0,0.0,0.0,0.0,0.0,0.0,0.0,0.0,0.0,0.0,0.0,0.0,0.0,0.0,0.0,0.0,1.0,1.0,50.0,50.23,0.0,0.0,0.0,0.0,100.0,0.0,100.0,66.98,2.0,2.0,100.0,0.72,0.72,,1.14,,,1.0,0.0,,0.0,,0.0,0.0,0.0,0.5,0.0,
3,新北國王,22|13029|14038,簡祐哲/杰倫/飛米,1,4,5.0,90.0,1.5,01:30,90.0,1.5,01:30,0.0,0.0,0.0,0.0,3.0,3.0,60.0,72.0,1.0,1.0,20.0,24.0,0.0,0.0,0.0,0.0,1.0,1.0,20.0,24.0,0.0,0.0,0.0,0.0,0.0,0.0,0.0,0.0,0.0,0.0,0.0,0.0,0.0,0.0,0.0,0.0,0.0,0.0,0.0,0.0,0.0,0.0,0.0,0.0,1.0,1.0,20.0,24.0,1.0,1.0,20.0,24.0,1.0,1.0,20.0,24.0,1.0,1.0,20.0,24.0,0.0,0.0,0.0,0.0,1.0,1.0,20.0,24.0,0.0,0.0,0.0,0.0,0.0,0.0,0.0,0.0,0.0,0.0,0.0,0.0,0.0,60.0,-60.0,80.0,-3.0,-3.0,-60.0,1.5,1.5,0.0,0.0,0.0,,,0.5,,0.0,0.5,0.33,20.0,0.0,0.0,0.0,0.0
3,桃園台啤永豐雲豹,12|16|10884,曹薰襄/米勒/徐宏瑋,1,2,2.0,22.4,0.37,00:22,22.4,0.37,00:22,2.0,2.0,100.0,192.83,2.0,2.0,100.0,192.83,0.0,0.0,0.0,0.0,0.0,0.0,0.0,0.0,0.0,0.0,0.0,0.0,0.0,0.0,0.0,0.0,0.0,0.0,0.0,0.0,0.0,0.0,0.0,0.0,2.0,2.0,100.0,192.83,2.0,2.0,100.0,192.83,0.0,0.0,0.0,0.0,0.0,0.0,0.0,0.0,0.0,0.0,0.0,0.0,0.0,0.0,0.0,0.0,0.0,0.0,0.0,0.0,0.0,0.0,0.0,0.0,0.0,0.0,0.0,0.0,0.0,0.0,0.0,0.0,1.0,1.0,50.0,96.42,0.0,0.0,0.0,0.0,100.0,100.0,0.0,128.55,0.0,0.0,0.0,0.37,0.37,,1.14,,,1.0,0.0,,,,,0.0,0.0,0.5,0.0,
3,桃園台啤永豐雲豹,12|62|10884,曹薰襄/王皓吉/徐宏瑋,1,12,14.0,183.4,3.06,03:03,183.4,3.06,03:03,2.0,2.0,14.29,23.55,3.0,3.0,21.43,35.33,6.0,6.0,42.86,70.66,0.0,0.0,0.0,0.0,4.0,4.0,28.57,47.11,0.0,0.0,0.0,0.0,2.0,2.0,14.29,23.55,0.0,0.0,0.0,0.0,2.0,2.0,14.29,23.55,2.0,2.0,14.29,23.55,1.0,1.0,7.14,11.78,5.0,5.0,35.71,58.89,0.0,0.0,0.0,0.0,3.0,3.0,21.43,35.33,0.0,0.0,0.0,0.0,0.0,0.0,0.0,0.0,0.0,0.0,0.0,0.0,1.0,1.0,7.14,11.78,1.0,1.0,7.14,11.78,2.0,2.0,14.29,23.55,14.29,21.43,-7.14,109.92,-1.0,-1.0,-7.14,3.06,3.06,0.0,0.15,0.0,0.0,1.0,0.0,,0.25,1.0,0.67,0.0,7.14,0.07,14.29,0.33
3,桃園台啤永豐雲豹,12|10860|10884,曹薰襄/麥卡洛/徐宏瑋,1,6,7.0,93.4,1.56,01:33,93.4,1.56,01:33,2.0,2.0,28.57,46.25,2.0,2.0,28.57,46.25,3.0,3.0,42.86,69.38,0.0,0.0,0.0,0.0,1.0,1.0,14.29,23.13,0.0,0.0,0.0,0.0,2.0,2.0,28.57,46.25,0.0,0.0,0.0,0.0,2.0,2.0,28.57,46.25,2.0,2.0,28.57,46.25,1.0,1.0,14.29,23.13,2.0,2.0,28.57,46.25,0.0,0.0,0.0,0.0,1.0,1.0,14.29,23.13,0.0,0.0,0.0,0.0,0.0,0.0,0.0,0.0,0.0,0.0,0.0,0.0,0.0,0.0,0.0,0.0,1.0,1.0,14.29,23.13,0.0,0.0,0.0,0.0,28.57,28.57,0.0,107.92,0.0,0.0,0.0,1.56,1.56,0.0,0.26,0.0,0.0,1.0,0.0,,0.5,1.0,0.75,0.0,0.0,0.14,0.0,0.67
3,桃園台啤永豐雲豹,16|62|10884,米勒/王皓吉/徐宏瑋,1,2,2.0,22.4,0.37,00:22,22.4,0.37,00:22,2.0,2.0,100.0,192.83,2.0,2.0,100.0,192.83,0.0,0.0,0.0,0.0,0.0,0.0,0.0,0.0,0.0,0.0,0.0,0.0,0.0,0.0,0.0,0.0,0.0,0.0,0.0,0.0,0.0,0.0,0.0,0.0,2.0,2.0,100.0,192.83,2.0,2.0,100.0,192.83,0.0,0.0,0.0,0.0,0.0,0.0,0.0,0.0,0.0,0.0,0.0,0.0,0.0,0.0,0.0,0.0,0.0,0.0,0.0,0.0,0.0,0.0,0.0,0.0,0.0,0.0,0.0,0.0,0.0,0.0,0.0,0.0,1.0,1.0,50.0,96.42,0.0,0.0,0.0,0.0,100.0,100.0,0.0,128.55,0.0,0.0,0.0,0.37,0.37,,1.14,,,1.0,0.0,,,,,0.0,0.0,0.5,0.0,
3,桃園台啤永豐雲豹,16|10860|10884,米勒/麥卡洛/徐宏瑋,1,2,2.0,22.4,0.37,00:22,22.4,0.37,00:22,2.0,2.0,100.0,192.83,2.0,2.0,100.0,192.83,0.0,0.0,0.0,0.0,0.0,0.0,0.0,0.0,0.0,0.0,0.0,0.0,0.0,0.0,0.0,0.0,0.0,0.0,0.0,0.0,0.0,0.0,0.0,0.0,2.0,2.0,100.0,192.83,2.0,2.0,100.0,192.83,0.0,0.0,0.0,0.0,0.0,0.0,0.0,0.0,0.0,0.0,0.0,0.0,0.0,0.0,0.0,0.0,0.0,0.0,0.0,0.0,0.0,0.0,0.0,0.0,0.0,0.0,0.0,0.0,0.0,0.0,0.0,0.0,1.0,1.0,50.0,96.42,0.0,0.0,0.0,0.0,100.0,100.0,0.0,128.55,0.0,0.0,0.0,0.37,0.37,,1.14,,,1.0,0.0,,,,,0.0,0.0,0.5,0.0,
3,桃園台啤永豐雲豹,62|10860|10884,王皓吉/麥卡洛/徐宏瑋,1,6,7.0,93.4,1.56,01:33,93.4,1.56,01:33,2.0,2.0,28.57,46.25,2.0,2.0,28.57,46.25,3.0,3.0,42.86,69.38,0.0,0.0,0.0,0.0,1.0,1.0,14.29,23.13,0.0,0.0,0.0,0.0,2.0,2.0,28.57,46.25,0.0,0.0,0.0,0.0,2.0,2.0,28.57,46.25,2.0,2.0,28.57,46.25,1.0,1.0,14.29,23.13,2.0,2.0,28.57,46.25,0.0,0.0,0.0,0.0,1.0,1.0,14.29,23.13,0.0,0.0,0.0,0.0,0.0,0.0,0.0,0.0,0.0,0.0,0.0,0.0,0.0,0.0,0.0,0.0,1.0,1.0,14.29,23.13,0.0,0.0,0.0,0.0,28.57,28.57,0.0,107.92,0.0,0.0,0.0,1.56,1.56,0.0,0.26,0.0,0.0,1.0,0.0,,0.5,1.0,0.75,0.0,0.0,0.14,0.0,0.67
3,新北國王,22|24|10874,簡祐哲/蘇士軒/熊祥泰,1,2,2.0,22.4,0.37,00:22,22.4,0.37,00:22,2.0,2.0,100.0,192.83,2.0,2.0,100.0,192.83,1.0,1.0,50.0,96.42,1.0,1.0,50.0,96.42,1.0,1.0,50.0,96.42,1.0,1.0,50.0,96.42,0.0,0.0,0.0,0.0,0.0,0.0,0.0,0.0,0.0,0.0,0.0,0.0,0.0,0.0,0.0,0.0,0.0,0.0,0.0,0.0,0.0,0.0,0.0,0.0,0.0,0.0,0.0,0.0,0.0,0.0,0.0,0.0,0.0,0.0,0.0,0.0,0.0,0.0,0.0,0.0,0.0,0.0,0.0,0.0,0.0,0.0,0.0,0.0,0.0,0.0,0.0,0.0,2.0,2.0,100.0,192.83,100.0,100.0,0.0,128.55,0.0,0.0,0.0,0.37,0.37,1.0,1.0,1.0,,,0.0,0.0,,,,0.0,0.0,0.0,100.0,0.0
3,新北國王,22|24|14038,簡祐哲/蘇士軒/飛米,1,2,2.0,22.4,0.37,00:22,22.4,0.37,00:22,2.0,2.0,100.0,192.83,2.0,2.0,100.0,192.83,1.0,1.0,50.0,96.42,1.0,1.0,50.0,96.42,1.0,1.0,50.0,96.42,1.0,1.0,50.0,96.42,0.0,0.0,0.0,0.0,0.0,0.0,0.0,0.0,0.0,0.0,0.0,0.0,0.0,0.0,0.0,0.0,0.0,0.0,0.0,0.0,0.0,0.0,0.0,0.0,0.0,0.0,0.0,0.0,0.0,0.0,0.0,0.0,0.0,0.0,0.0,0.0,0.0,0.0,0.0,0.0,0.0,0.0,0.0,0.0,0.0,0.0,0.0,0.0,0.0,0.0,0.0,0.0,2.0,2.0,100.0,192.83,100.0,100.0,0.0,128.55,0.0,0.0,0.0,0.37,0.37,1.0,1.0,1.0,,,0.0,0.0,,,,0.0,0.0,0.0,100.0,0.0
3,新北國王,22|29|10874,簡祐哲/林書緯/熊祥泰,1,1,1.0,22.0,0.37,00:22,22.0,0.37,00:22,2.0,2.0,200.0,196.36,0.0,0.0,0.0,0.0,1.0,1.0,100.0,98.18,1.0,1.0,100.0,98.18,1.0,1.0,100.0,98.18,1.0,1.0,100.0,98.18,0.0,0.0,0.0,0.0,0.0,0.0,0.0,0.0,0.0,0.0,0.0,0.0,0.0,0.0,0.0,0.0,0.0,0.0,0.0,0.0,0.0,0.0,0.0,0.0,0.0,0.0,0.0,0.0,0.0,0.0,0.0,0.0,0.0,0.0,0.0,0.0,0.0,0.0,0.0,0.0,0.0,0.0,0.0,0.0,0.0,0.0,0.0,0.0,0.0,0.0,0.0,0.0,0.0,0.0,0.0,0.0,200.0,0.0,200.0,65.45,2.0,2.0,200.0,0.37,0.37,1.0,1.0,1.0,,,0.0,0.0,,,,0.0,0.0,0.0,0.0,0.0
3,新北國王,22|10874|14038,簡祐哲/熊祥泰/飛米,1,6,7.0,93.4,1.56,01:33,93.4,1.56,01:33,2.0,2.0,28.57,46.25,2.0,2.0,28.57,46.25,2.0,2.0,28.57,46.25,1.0,1.0,14.29,23.13,1.0,1.0,14.29,23.13,1.0,1.0,14.29,23.13,1.0,1.0,14.29,23.13,0.0,0.0,0.0,0.0,0.0,0.0,0.0,0.0,0.0,0.0,0.0,0.0,0.0,0.0,0.0,0.0,1.0,1.0,14.29,23.13,1.0,1.0,14.29,23.13,2.0,2.0,28.57,46.25,1.0,1.0,14.29,23.13,0.0,0.0,0.0,0.0,1.0,1.0,14.29,23.13,0.0,0.0,0.0,0.0,1.0,1.0,14.29,23.13,2.0,2.0,28.57,46.25,28.57,28.57,0.0,107.92,0.0,0.0,0.0,1.56,1.56,0.5,0.5,1.0,0.0,,0.33,0.0,0.0,0.5,0.25,14.29,0.0,0.14,28.57,0.0
3,新北國王,24|10874|14038,蘇士軒/熊祥泰/飛米,1,2,2.0,22.4,0.37,00:22,22.4,0.37,00:22,2.0,2.0,100.0,192.83,2.0,2.0,100.0,192.83,1.0,1.0,50.0,96.42,1.0,1.0,50.0,96.42,1.0,1.0,50.0,96.42,1.0,1.0,50.0,96.42,0.0,0.0,0.0,0.0,0.0,0.0,0.0,0.0,0.0,0.0,0.0,0.0,0.0,0.0,0.0,0.0,0.0,0.0,0.0,0.0,0.0,0.0,0.0,0.0,0.0,0.0,0.0,0.0,0.0,0.0,0.0,0.0,0.0,0.0,0.0,0.0,0.0,0.0,0.0,0.0,0.0,0.0,0.0,0.0,0.0,0.0,0.0,0.0,0.0,0.0,0.0,0.0,2.0,2.0,100.0,192.83,100.0,100.0,0.0,128.55,0.0,0.0,0.0,0.37,0.37,1.0,1.0,1.0,,,0.0,0.0,,,,0.0,0.0,0.0,100.0,0.0
3,新北國王,19|22|24,蘇培凱/簡祐哲/蘇士軒,1,1,1.0,0.4,0.01,00:00,0.4,0.01,00:00,0.0,0.0,0.0,0.0,2.0,2.0,200.0,10719.6,0.0,0.0,0.0,0.0,0.0,0.0,0.0,0.0,0.0,0.0,0.0,0.0,0.0,0.0,0.0,0.0,0.0,0.0,0.0,0.0,0.0,0.0,0.0,0.0,0.0,0.0,0.0,0.0,0.0,0.0,0.0,0.0,0.0,0.0,0.0,0.0,0.0,0.0,0.0,0.0,0.0,0.0,0.0,0.0,0.0,0.0,0.0,0.0,0.0,0.0,0.0,0.0,0.0,0.0,0.0,0.0,0.0,0.0,0.0,0.0,0.0,0.0,0.0,0.0,0.0,0.0,0.0,0.0,2.0,2.0,200.0,10719.6,0.0,200.0,-200.0,3573.2,-2.0,-2.0,-200.0,0.01,0.01,,,,,,,,,,,0.0,0.0,0.0,200.0,
3,新北國王,19|22|10874,蘇培凱/簡祐哲/熊祥泰,1,5,6.0,71.4,1.19,01:11,71.4,1.19,01:11,0.0,0.0,0.0,0.0,2.0,2.0,33.33,60.5,1.0,1.0,16.67,30.25,0.0,0.0,0.0,0.0,0.0,0.0,0.0,0.0,0.0,0.0,0.0,0.0,1.0,1.0,16.67,30.25,0.0,0.0,0.0,0.0,0.0,0.0,0.0,0.0,0.0,0.0,0.0,0.0,0.0,0.0,0.0,0.0,1.0,1.0,16.67,30.25,1.0,1.0,16.67,30.25,2.0,2.0,33.33,60.5,1.0,1.0,16.67,30.25,0.0,0.0,0.0,0.0,1.0,1.0,16.67,30.25,0.0,0.0,0.0,0.0,1.0,1.0,16.67,30.25,2.0,2.0,33.33,60.5,0.0,33.33,-33.33,121.0,-2.0,-2.0,-33.33,1.19,1.19,0.0,0.0,,0.0,,0.5,,0.0,0.5,0.25,16.67,0.0,0.17,33.33,0.0
3,新北國王,19|22|14038,蘇培凱/簡祐哲/飛米,1,5,6.0,71.4,1.19,01:11,71.4,1.19,01:11,0.0,0.0,0.0,0.0,2.0,2.0,33.33,60.5,1.0,1.0,16.67,30.25,0.0,0.0,0.0,0.0,0.0,0.0,0.0,0.0,0.0,0.0,0.0,0.0,1.0,1.0,16.67,30.25,0.0,0.0,0.0,0.0,0.0,0.0,0.0,0.0,0.0,0.0,0.0,0.0,0.0,0.0,0.0,0.0,1.0,1.0,16.67,30.25,1.0,1.0,16.67,30.25,2.0,2.0,33.33,60.5,1.0,1.0,16.67,30.25,0.0,0.0,0.0,0.0,1.0,1.0,16.67,30.25,0.0,0.0,0.0,0.0,1.0,1.0,16.67,30.25,2.0,2.0,33.33,60.5,0.0,33.33,-33.33,121.0,-2.0,-2.0,-33.33,1.19,1.19,0.0,0.0,,0.0,,0.5,,0.0,0.5,0.25,16.67,0.0,0.17,33.33,0.0
3,新北國王,19|24|10874,蘇培凱/蘇士軒/熊祥泰,1,1,1.0,0.4,0.01,00:00,0.4,0.01,00:00,0.0,0.0,0.0,0.0,2.0,2.0,200.0,10719.6,0.0,0.0,0.0,0.0,0.0,0.0,0.0,0.0,0.0,0.0,0.0,0.0,0.0,0.0,0.0,0.0,0.0,0.0,0.0,0.0,0.0,0.0,0.0,0.0,0.0,0.0,0.0,0.0,0.0,0.0,0.0,0.0,0.0,0.0,0.0,0.0,0.0,0.0,0.0,0.0,0.0,0.0,0.0,0.0,0.0,0.0,0.0,0.0,0.0,0.0,0.0,0.0,0.0,0.0,0.0,0.0,0.0,0.0,0.0,0.0,0.0,0.0,0.0,0.0,0.0,0.0,0.0,0.0,2.0,2.0,200.0,10719.6,0.0,200.0,-200.0,3573.2,-2.0,-2.0,-200.0,0.01,0.01,,,,,,,,,,,0.0,0.0,0.0,200.0,
3,新北國王,19|24|14038,蘇培凱/蘇士軒/飛米,1,1,1.0,0.4,0.01,00:00,0.4,0.01,00:00,0.0,0.0,0.0,0.0,2.0,2.0,200.0,10719.6,0.0,0.0,0.0,0.0,0.0,0.0,0.0,0.0,0.0,0.0,0.0,0.0,0.0,0.0,0.0,0.0,0.0,0.0,0.0,0.0,0.0,0.0,0.0,0.0,0.0,0.0,0.0,0.0,0.0,0.0,0.0,0.0,0.0,0.0,0.0,0.0,0.0,0.0,0.0,0.0,0.0,0.0,0.0,0.0,0.0,0.0,0.0,0.0,0.0,0.0,0.0,0.0,0.0,0.0,0.0,0.0,0.0,0.0,0.0,0.0,0.0,0.0,0.0,0.0,0.0,0.0,0.0,0.0,2.0,2.0,200.0,10719.6,0.0,200.0,-200.0,3573.2,-2.0,-2.0,-200.0,0.01,0.01,,,,,,,,,,,0.0,0.0,0.0,200.0,
3,新北國王,19|10874|14038,蘇培凱/熊祥泰/飛米,1,5,6.0,71.4,1.19,01:11,71.4,1.19,01:11,0.0,0.0,0.0,0.0,2.0,2.0,33.33,60.5,1.0,1.0,16.67,30.25,0.0,0.0,0.0,0.0,0.0,0.0,0.0,0.0,0.0,0.0,0.0,0.0,1.0,1.0,16.67,30.25,0.0,0.0,0.0,0.0,0.0,0.0,0.0,0.0,0.0,0.0,0.0,0.0,0.0,0.0,0.0,0.0,1.0,1.0,16.67,30.25,1.0,1.0,16.67,30.25,2.0,2.0,33.33,60.5,1.0,1.0,16.67,30.25,0.0,0.0,0.0,0.0,1.0,1.0,16.67,30.25,0.0,0.0,0.0,0.0,1.0,1.0,16.67,30.25,2.0,2.0,33.33,60.5,0.0,33.33,-33.33,121.0,-2.0,-2.0,-33.33,1.19,1.19,0.0,0.0,,0.0,,0.5,,0.0,0.5,0.25,16.67,0.0,0.17,33.33,0.0
3,桃園台啤永豐雲豹,12|60|62,曹薰襄/黃鎮/王皓吉,1,10,12.0,161.0,2.68,02:41,161.0,2.68,02:41,0.0,0.0,0.0,0.0,1.0,1.0,8.33,13.42,6.0,6.0,50.0,80.5,0.0,0.0,0.0,0.0,4.0,4.0,33.33,53.66,0.0,0.0,0.0,0.0,2.0,2.0,16.67,26.83,0.0,0.0,0.0,0.0,0.0,0.0,0.0,0.0,0.0,0.0,0.0,0.0,1.0,1.0,8.33,13.42,5.0,5.0,41.67,67.08,0.0,0.0,0.0,0.0,3.0,3.0,25.0,40.25,0.0,0.0,0.0,0.0,0.0,0.0,0.0,0.0,0.0,0.0,0.0,0.0,1.0,1.0,8.33,13.42,0.0,0.0,0.0,0.0,2.0,2.0,16.67,26.83,0.0,8.33,-8.33,107.33,-1.0,-1.0,-8.33,2.68,2.68,0.0,0.0,0.0,0.0,,0.0,,0.25,1.0,0.67,0.0,8.33,0.0,16.67,0.0
3,桃園台啤永豐雲豹,12|60|10860,曹薰襄/黃鎮/麥卡洛,1,4,5.0,71.0,1.18,01:11,71.0,1.18,01:11,0.0,0.0,0.0,0.0,0.0,0.0,0.0,0.0,3.0,3.0,60.0,91.27,0.0,0.0,0.0,0.0,1.0,1.0,20.0,30.42,0.0,0.0,0.0,0.0,2.0,2.0,40.0,60.85,0.0,0.0,0.0,0.0,0.0,0.0,0.0,0.0,0.0,0.0,0.0,0.0,1.0,1.0,20.0,30.42,2.0,2.0,40.0,60.85,0.0,0.0,0.0,0.0,1.0,1.0,20.0,30.42,0.0,0.0,0.0,0.0,0.0,0.0,0.0,0.0,0.0,0.0,0.0,0.0,0.0,0.0,0.0,0.0,0.0,0.0,0.0,0.0,0.0,0.0,0.0,0.0,0.0,0.0,0.0,101.41,0.0,0.0,0.0,1.18,1.18,0.0,0.0,0.0,0.0,,0.0,,0.5,1.0,0.75,0.0,0.0,0.0,0.0,0.0
3,桃園台啤永豐雲豹,12|60|10884,曹薰襄/黃鎮/徐宏瑋,1,10,12.0,161.0,2.68,02:41,161.0,2.68,02:41,0.0,0.0,0.0,0.0,1.0,1.0,8.33,13.42,6.0,6.0,50.0,80.5,0.0,0.0,0.0,0.0,4.0,4.0,33.33,53.66,0.0,0.0,0.0,0.0,2.0,2.0,16.67,26.83,0.0,0.0,0.0,0.0,0.0,0.0,0.0,0.0,0.0,0.0,0.0,0.0,1.0,1.0,8.33,13.42,5.0,5.0,41.67,67.08,0.0,0.0,0.0,0.0,3.0,3.0,25.0,40.25,0.0,0.0,0.0,0.0,0.0,0.0,0.0,0.0,0.0,0.0,0.0,0.0,1.0,1.0,8.33,13.42,0.0,0.0,0.0,0.0,2.0,2.0,16.67,26.83,0.0,8.33,-8.33,107.33,-1.0,-1.0,-8.33,2.68,2.68,0.0,0.0,0.0,0.0,,0.0,,0.25,1.0,0.67,0.0,8.33,0.0,16.67,0.0
3,桃園台啤永豐雲豹,60|62|10860,黃鎮/王皓吉/麥卡洛,1,4,5.0,71.0,1.18,01:11,71.0,1.18,01:11,0.0,0.0,0.0,0.0,0.0,0.0,0.0,0.0,3.0,3.0,60.0,91.27,0.0,0.0,0.0,0.0,1.0,1.0,20.0,30.42,0.0,0.0,0.0,0.0,2.0,2.0,40.0,60.85,0.0,0.0,0.0,0.0,0.0,0.0,0.0,0.0,0.0,0.0,0.0,0.0,1.0,1.0,20.0,30.42,2.0,2.0,40.0,60.85,0.0,0.0,0.0,0.0,1.0,1.0,20.0,30.42,0.0,0.0,0.0,0.0,0.0,0.0,0.0,0.0,0.0,0.0,0.0,0.0,0.0,0.0,0.0,0.0,0.0,0.0,0.0,0.0,0.0,0.0,0.0,0.0,0.0,0.0,0.0,101.41,0.0,0.0,0.0,1.18,1.18,0.0,0.0,0.0,0.0,,0.0,,0.5,1.0,0.75,0.0,0.0,0.0,0.0,0.0
3,桃園台啤永豐雲豹,60|62|10884,黃鎮/王皓吉/徐宏瑋,1,10,12.0,161.0,2.68,02:41,161.0,2.68,02:41,0.0,0.0,0.0,0.0,1.0,1.0,8.33,13.42,6.0,6.0,50.0,80.5,0.0,0.0,0.0,0.0,4.0,4.0,33.33,53.66,0.0,0.0,0.0,0.0,2.0,2.0,16.67,26.83,0.0,0.0,0.0,0.0,0.0,0.0,0.0,0.0,0.0,0.0,0.0,0.0,1.0,1.0,8.33,13.42,5.0,5.0,41.67,67.08,0.0,0.0,0.0,0.0,3.0,3.0,25.0,40.25,0.0,0.0,0.0,0.0,0.0,0.0,0.0,0.0,0.0,0.0,0.0,0.0,1.0,1.0,8.33,13.42,0.0,0.0,0.0,0.0,2.0,2.0,16.67,26.83,0.0,8.33,-8.33,107.33,-1.0,-1.0,-8.33,2.68,2.68,0.0,0.0,0.0,0.0,,0.0,,0.25,1.0,0.67,0.0,8.33,0.0,16.67,0.0
3,桃園台啤永豐雲豹,60|10860|10884,黃鎮/麥卡洛/徐宏瑋,1,4,5.0,71.0,1.18,01:11,71.0,1.18,01:11,0.0,0.0,0.0,0.0,0.0,0.0,0.0,0.0,3.0,3.0,60.0,91.27,0.0,0.0,0.0,0.0,1.0,1.0,20.0,30.42,0.0,0.0,0.0,0.0,2.0,2.0,40.0,60.85,0.0,0.0,0.0,0.0,0.0,0.0,0.0,0.0,0.0,0.0,0.0,0.0,1.0,1.0,20.0,30.42,2.0,2.0,40.0,60.85,0.0,0.0,0.0,0.0,1.0,1.0,20.0,30.42,0.0,0.0,0.0,0.0,0.0,0.0,0.0,0.0,0.0,0.0,0.0,0.0,0.0,0.0,0.0,0.0,0.0,0.0,0.0,0.0,0.0,0.0,0.0,0.0,0.0,0.0,0.0,101.41,0.0,0.0,0.0,1.18,1.18,0.0,0.0,0.0,0.0,,0.0,,0.5,1.0,0.75,0.0,0.0,0.0,0.0,0.0
3,新北國王,19|22|10873,蘇培凱/簡祐哲/喬納森,1,10,12.0,161.0,2.68,02:41,161.0,2.68,02:41,1.0,1.0,8.33,13.42,0.0,0.0,0.0,0.0,3.0,3.0,25.0,40.25,0.0,0.0,0.0,0.0,1.0,1.0,8.33,13.42,0.0,0.0,0.0,0.0,2.0,2.0,16.67,26.83,0.0,0.0,0.0,0.0,2.0,2.0,16.67,26.83,1.0,1.0,8.33,13.42,0.0,0.0,0.0,0.0,3.0,3.0,25.0,40.25,1.0,1.0,8.33,13.42,5.0,5.0,41.67,67.08,2.0,2.0,16.67,26.83,0.0,0.0,0.0,0.0,1.0,1.0,8.33,13.42,1.0,1.0,8.33,13.42,2.0,2.0,16.67,26.83,0.0,0.0,0.0,0.0,8.33,0.0,8.33,107.33,1.0,1.0,8.33,2.68,2.68,0.0,0.13,0.0,0.0,0.5,0.34,,0.0,0.75,0.33,8.33,8.33,0.17,0.0,0.67
3,新北國王,19|10873|10874,蘇培凱/喬納森/熊祥泰,1,4,5.0,71.0,1.18,01:11,71.0,1.18,01:11,0.0,0.0,0.0,0.0,0.0,0.0,0.0,0.0,1.0,1.0,20.0,30.42,0.0,0.0,0.0,0.0,0.0,0.0,0.0,0.0,0.0,0.0,0.0,0.0,1.0,1.0,20.0,30.42,0.0,0.0,0.0,0.0,0.0,0.0,0.0,0.0,0.0,0.0,0.0,0.0,0.0,0.0,0.0,0.0,1.0,1.0,20.0,30.42,1.0,1.0,20.0,30.42,2.0,2.0,40.0,60.85,1.0,1.0,20.0,30.42,0.0,0.0,0.0,0.0,1.0,1.0,20.0,30.42,0.0,0.0,0.0,0.0,1.0,1.0,20.0,30.42,0.0,0.0,0.0,0.0,0.0,0.0,0.0,101.41,0.0,0.0,0.0,1.18,1.18,0.0,0.0,,0.0,,0.5,,0.0,0.5,0.25,20.0,0.0,0.2,0.0,0.0
3,新北國王,19|10873|14038,蘇培凱/喬納森/飛米,1,4,5.0,71.0,1.18,01:11,71.0,1.18,01:11,0.0,0.0,0.0,0.0,0.0,0.0,0.0,0.0,1.0,1.0,20.0,30.42,0.0,0.0,0.0,0.0,0.0,0.0,0.0,0.0,0.0,0.0,0.0,0.0,1.0,1.0,20.0,30.42,0.0,0.0,0.0,0.0,0.0,0.0,0.0,0.0,0.0,0.0,0.0,0.0,0.0,0.0,0.0,0.0,1.0,1.0,20.0,30.42,1.0,1.0,20.0,30.42,2.0,2.0,40.0,60.85,1.0,1.0,20.0,30.42,0.0,0.0,0.0,0.0,1.0,1.0,20.0,30.42,0.0,0.0,0.0,0.0,1.0,1.0,20.0,30.42,0.0,0.0,0.0,0.0,0.0,0.0,0.0,101.41,0.0,0.0,0.0,1.18,1.18,0.0,0.0,,0.0,,0.5,,0.0,0.5,0.25,20.0,0.0,0.2,0.0,0.0
3,新北國王,22|10873|10874,簡祐哲/喬納森/熊祥泰,1,4,5.0,71.0,1.18,01:11,71.0,1.18,01:11,0.0,0.0,0.0,0.0,0.0,0.0,0.0,0.0,1.0,1.0,20.0,30.42,0.0,0.0,0.0,0.0,0.0,0.0,0.0,0.0,0.0,0.0,0.0,0.0,1.0,1.0,20.0,30.42,0.0,0.0,0.0,0.0,0.0,0.0,0.0,0.0,0.0,0.0,0.0,0.0,0.0,0.0,0.0,0.0,1.0,1.0,20.0,30.42,1.0,1.0,20.0,30.42,2.0,2.0,40.0,60.85,1.0,1.0,20.0,30.42,0.0,0.0,0.0,0.0,1.0,1.0,20.0,30.42,0.0,0.0,0.0,0.0,1.0,1.0,20.0,30.42,0.0,0.0,0.0,0.0,0.0,0.0,0.0,101.41,0.0,0.0,0.0,1.18,1.18,0.0,0.0,,0.0,,0.5,,0.0,0.5,0.25,20.0,0.0,0.2,0.0,0.0
3,新北國王,22|10873|14038,簡祐哲/喬納森/飛米,1,4,5.0,71.0,1.18,01:11,71.0,1.18,01:11,0.0,0.0,0.0,0.0,0.0,0.0,0.0,0.0,1.0,1.0,20.0,30.42,0.0,0.0,0.0,0.0,0.0,0.0,0.0,0.0,0.0,0.0,0.0,0.0,1.0,1.0,20.0,30.42,0.0,0.0,0.0,0.0,0.0,0.0,0.0,0.0,0.0,0.0,0.0,0.0,0.0,0.0,0.0,0.0,1.0,1.0,20.0,30.42,1.0,1.0,20.0,30.42,2.0,2.0,40.0,60.85,1.0,1.0,20.0,30.42,0.0,0.0,0.0,0.0,1.0,1.0,20.0,30.42,0.0,0.0,0.0,0.0,1.0,1.0,20.0,30.42,0.0,0.0,0.0,0.0,0.0,0.0,0.0,101.41,0.0,0.0,0.0,1.18,1.18,0.0,0.0,,0.0,,0.5,,0.0,0.5,0.25,20.0,0.0,0.2,0.0,0.0
3,新北國王,10873|10874|14038,喬納森/熊祥泰/飛米,1,4,5.0,71.0,1.18,01:11,71.0,1.18,01:11,0.0,0.0,0.0,0.0,0.0,0.0,0.0,0.0,1.0,1.0,20.0,30.42,0.0,0.0,0.0,0.0,0.0,0.0,0.0,0.0,0.0,0.0,0.0,0.0,1.0,1.0,20.0,30.42,0.0,0.0,0.0,0.0,0.0,0.0,0.0,0.0,0.0,0.0,0.0,0.0,0.0,0.0,0.0,0.0,1.0,1.0,20.0,30.42,1.0,1.0,20.0,30.42,2.0,2.0,40.0,60.85,1.0,1.0,20.0,30.42,0.0,0.0,0.0,0.0,1.0,1.0,20.0,30.42,0.0,0.0,0.0,0.0,1.0,1.0,20.0,30.42,0.0,0.0,0.0,0.0,0.0,0.0,0.0,101.41,0.0,0.0,0.0,1.18,1.18,0.0,0.0,,0.0,,0.5,,0.0,0.5,0.25,20.0,0.0,0.2,0.0,0.0
3,桃園台啤永豐雲豹,12|60|64,曹薰襄/黃鎮/劉元凱,1,6,7.0,90.0,1.5,01:30,90.0,1.5,01:30,0.0,0.0,0.0,0.0,1.0,1.0,14.29,24.0,3.0,3.0,42.86,72.0,0.0,0.0,0.0,0.0,3.0,3.0,42.86,72.0,0.0,0.0,0.0,0.0,0.0,0.0,0.0,0.0,0.0,0.0,0.0,0.0,0.0,0.0,0.0,0.0,0.0,0.0,0.0,0.0,0.0,0.0,0.0,0.0,3.0,3.0,42.86,72.0,0.0,0.0,0.0,0.0,2.0,2.0,28.57,48.0,0.0,0.0,0.0,0.0,0.0,0.0,0.0,0.0,0.0,0.0,0.0,0.0,1.0,1.0,14.29,24.0,0.0,0.0,0.0,0.0,2.0,2.0,28.57,48.0,0.0,14.29,-14.29,112.0,-1.0,-1.0,-14.29,1.5,1.5,0.0,0.0,0.0,,,0.0,,0.0,1.0,0.6,0.0,14.29,0.0,28.57,0.0
3,桃園台啤永豐雲豹,12|62|64,曹薰襄/王皓吉/劉元凱,1,6,7.0,90.0,1.5,01:30,90.0,1.5,01:30,0.0,0.0,0.0,0.0,1.0,1.0,14.29,24.0,3.0,3.0,42.86,72.0,0.0,0.0,0.0,0.0,3.0,3.0,42.86,72.0,0.0,0.0,0.0,0.0,0.0,0.0,0.0,0.0,0.0,0.0,0.0,0.0,0.0,0.0,0.0,0.0,0.0,0.0,0.0,0.0,0.0,0.0,0.0,0.0,3.0,3.0,42.86,72.0,0.0,0.0,0.0,0.0,2.0,2.0,28.57,48.0,0.0,0.0,0.0,0.0,0.0,0.0,0.0,0.0,0.0,0.0,0.0,0.0,1.0,1.0,14.29,24.0,0.0,0.0,0.0,0.0,2.0,2.0,28.57,48.0,0.0,14.29,-14.29,112.0,-1.0,-1.0,-14.29,1.5,1.5,0.0,0.0,0.0,,,0.0,,0.0,1.0,0.6,0.0,14.29,0.0,28.57,0.0
3,桃園台啤永豐雲豹,12|64|10884,曹薰襄/劉元凱/徐宏瑋,1,6,7.0,90.0,1.5,01:30,90.0,1.5,01:30,0.0,0.0,0.0,0.0,1.0,1.0,14.29,24.0,3.0,3.0,42.86,72.0,0.0,0.0,0.0,0.0,3.0,3.0,42.86,72.0,0.0,0.0,0.0,0.0,0.0,0.0,0.0,0.0,0.0,0.0,0.0,0.0,0.0,0.0,0.0,0.0,0.0,0.0,0.0,0.0,0.0,0.0,0.0,0.0,3.0,3.0,42.86,72.0,0.0,0.0,0.0,0.0,2.0,2.0,28.57,48.0,0.0,0.0,0.0,0.0,0.0,0.0,0.0,0.0,0.0,0.0,0.0,0.0,1.0,1.0,14.29,24.0,0.0,0.0,0.0,0.0,2.0,2.0,28.57,48.0,0.0,14.29,-14.29,112.0,-1.0,-1.0,-14.29,1.5,1.5,0.0,0.0,0.0,,,0.0,,0.0,1.0,0.6,0.0,14.29,0.0,28.57,0.0
3,桃園台啤永豐雲豹,60|62|64,黃鎮/王皓吉/劉元凱,1,6,7.0,90.0,1.5,01:30,90.0,1.5,01:30,0.0,0.0,0.0,0.0,1.0,1.0,14.29,24.0,3.0,3.0,42.86,72.0,0.0,0.0,0.0,0.0,3.0,3.0,42.86,72.0,0.0,0.0,0.0,0.0,0.0,0.0,0.0,0.0,0.0,0.0,0.0,0.0,0.0,0.0,0.0,0.0,0.0,0.0,0.0,0.0,0.0,0.0,0.0,0.0,3.0,3.0,42.86,72.0,0.0,0.0,0.0,0.0,2.0,2.0,28.57,48.0,0.0,0.0,0.0,0.0,0.0,0.0,0.0,0.0,0.0,0.0,0.0,0.0,1.0,1.0,14.29,24.0,0.0,0.0,0.0,0.0,2.0,2.0,28.57,48.0,0.0,14.29,-14.29,112.0,-1.0,-1.0,-14.29,1.5,1.5,0.0,0.0,0.0,,,0.0,,0.0,1.0,0.6,0.0,14.29,0.0,28.57,0.0
3,桃園台啤永豐雲豹,60|64|10884,黃鎮/劉元凱/徐宏瑋,1,6,7.0,90.0,1.5,01:30,90.0,1.5,01:30,0.0,0.0,0.0,0.0,1.0,1.0,14.29,24.0,3.0,3.0,42.86,72.0,0.0,0.0,0.0,0.0,3.0,3.0,42.86,72.0,0.0,0.0,0.0,0.0,0.0,0.0,0.0,0.0,0.0,0.0,0.0,0.0,0.0,0.0,0.0,0.0,0.0,0.0,0.0,0.0,0.0,0.0,0.0,0.0,3.0,3.0,42.86,72.0,0.0,0.0,0.0,0.0,2.0,2.0,28.57,48.0,0.0,0.0,0.0,0.0,0.0,0.0,0.0,0.0,0.0,0.0,0.0,0.0,1.0,1.0,14.29,24.0,0.0,0.0,0.0,0.0,2.0,2.0,28.57,48.0,0.0,14.29,-14.29,112.0,-1.0,-1.0,-14.29,1.5,1.5,0.0,0.0,0.0,,,0.0,,0.0,1.0,0.6,0.0,14.29,0.0,28.57,0.0
3,桃園台啤永豐雲豹,62|64|10884,王皓吉/劉元凱/徐宏瑋,1,6,7.0,90.0,1.5,01:30,90.0,1.5,01:30,0.0,0.0,0.0,0.0,1.0,1.0,14.29,24.0,3.0,3.0,42.86,72.0,0.0,0.0,0.0,0.0,3.0,3.0,42.86,72.0,0.0,0.0,0.0,0.0,0.0,0.0,0.0,0.0,0.0,0.0,0.0,0.0,0.0,0.0,0.0,0.0,0.0,0.0,0.0,0.0,0.0,0.0,0.0,0.0,3.0,3.0,42.86,72.0,0.0,0.0,0.0,0.0,2.0,2.0,28.57,48.0,0.0,0.0,0.0,0.0,0.0,0.0,0.0,0.0,0.0,0.0,0.0,0.0,1.0,1.0,14.29,24.0,0.0,0.0,0.0,0.0,2.0,2.0,28.57,48.0,0.0,14.29,-14.29,112.0,-1.0,-1.0,-14.29,1.5,1.5,0.0,0.0,0.0,,,0.0,,0.0,1.0,0.6,0.0,14.29,0.0,28.57,0.0
3,新北國王,19|22|23,蘇培凱/簡祐哲/王柏智,1,6,7.0,90.0,1.5,01:30,90.0,1.5,01:30,1.0,1.0,14.29,24.0,0.0,0.0,0.0,0.0,2.0,2.0,28.57,48.0,0.0,0.0,0.0,0.0,1.0,1.0,14.29,24.0,0.0,0.0,0.0,0.0,1.0,1.0,14.29,24.0,0.0,0.0,0.0,0.0,2.0,2.0,28.57,48.0,1.0,1.0,14.29,24.0,0.0,0.0,0.0,0.0,2.0,2.0,28.57,48.0,0.0,0.0,0.0,0.0,3.0,3.0,42.86,72.0,1.0,1.0,14.29,24.0,0.0,0.0,0.0,0.0,0.0,0.0,0.0,0.0,1.0,1.0,14.29,24.0,1.0,1.0,14.29,24.0,0.0,0.0,0.0,0.0,14.29,0.0,14.29,112.0,1.0,1.0,14.29,1.5,1.5,0.0,0.17,0.0,0.0,0.5,0.26,,0.0,1.0,0.4,0.0,14.29,0.14,0.0,1.0
3,新北國王,19|22|28,蘇培凱/簡祐哲/呂政儒,1,6,7.0,90.0,1.5,01:30,90.0,1.5,01:30,1.0,1.0,14.29,24.0,0.0,0.0,0.0,0.0,2.0,2.0,28.57,48.0,0.0,0.0,0.0,0.0,1.0,1.0,14.29,24.0,0.0,0.0,0.0,0.0,1.0,1.0,14.29,24.0,0.0,0.0,0.0,0.0,2.0,2.0,28.57,48.0,1.0,1.0,14.29,24.0,0.0,0.0,0.0,0.0,2.0,2.0,28.57,48.0,0.0,0.0,0.0,0.0,3.0,3.0,42.86,72.0,1.0,1.0,14.29,24.0,0.0,0.0,0.0,0.0,0.0,0.0,0.0,0.0,1.0,1.0,14.29,24.0,1.0,1.0,14.29,24.0,0.0,0.0,0.0,0.0,14.29,0.0,14.29,112.0,1.0,1.0,14.29,1.5,1.5,0.0,0.17,0.0,0.0,0.5,0.26,,0.0,1.0,0.4,0.0,14.29,0.14,0.0,1.0
3,新北國王,19|23|28,蘇培凱/王柏智/呂政儒,1,6,7.0,90.0,1.5,01:30,90.0,1.5,01:30,1.0,1.0,14.29,24.0,0.0,0.0,0.0,0.0,2.0,2.0,28.57,48.0,0.0,0.0,0.0,0.0,1.0,1.0,14.29,24.0,0.0,0.0,0.0,0.0,1.0,1.0,14.29,24.0,0.0,0.0,0.0,0.0,2.0,2.0,28.57,48.0,1.0,1.0,14.29,24.0,0.0,0.0,0.0,0.0,2.0,2.0,28.57,48.0,0.0,0.0,0.0,0.0,3.0,3.0,42.86,72.0,1.0,1.0,14.29,24.0,0.0,0.0,0.0,0.0,0.0,0.0,0.0,0.0,1.0,1.0,14.29,24.0,1.0,1.0,14.29,24.0,0.0,0.0,0.0,0.0,14.29,0.0,14.29,112.0,1.0,1.0,14.29,1.5,1.5,0.0,0.17,0.0,0.0,0.5,0.26,,0.0,1.0,0.4,0.0,14.29,0.14,0.0,1.0
3,新北國王,19|23|10873,蘇培凱/王柏智/喬納森,1,6,7.0,90.0,1.5,01:30,90.0,1.5,01:30,1.0,1.0,14.29,24.0,0.0,0.0,0.0,0.0,2.0,2.0,28.57,48.0,0.0,0.0,0.0,0.0,1.0,1.0,14.29,24.0,0.0,0.0,0.0,0.0,1.0,1.0,14.29,24.0,0.0,0.0,0.0,0.0,2.0,2.0,28.57,48.0,1.0,1.0,14.29,24.0,0.0,0.0,0.0,0.0,2.0,2.0,28.57,48.0,0.0,0.0,0.0,0.0,3.0,3.0,42.86,72.0,1.0,1.0,14.29,24.0,0.0,0.0,0.0,0.0,0.0,0.0,0.0,0.0,1.0,1.0,14.29,24.0,1.0,1.0,14.29,24.0,0.0,0.0,0.0,0.0,14.29,0.0,14.29,112.0,1.0,1.0,14.29,1.5,1.5,0.0,0.17,0.0,0.0,0.5,0.26,,0.0,1.0,0.4,0.0,14.29,0.14,0.0,1.0
3,新北國王,19|28|10873,蘇培凱/呂政儒/喬納森,1,6,7.0,90.0,1.5,01:30,90.0,1.5,01:30,1.0,1.0,14.29,24.0,0.0,0.0,0.0,0.0,2.0,2.0,28.57,48.0,0.0,0.0,0.0,0.0,1.0,1.0,14.29,24.0,0.0,0.0,0.0,0.0,1.0,1.0,14.29,24.0,0.0,0.0,0.0,0.0,2.0,2.0,28.57,48.0,1.0,1.0,14.29,24.0,0.0,0.0,0.0,0.0,2.0,2.0,28.57,48.0,0.0,0.0,0.0,0.0,3.0,3.0,42.86,72.0,1.0,1.0,14.29,24.0,0.0,0.0,0.0,0.0,0.0,0.0,0.0,0.0,1.0,1.0,14.29,24.0,1.0,1.0,14.29,24.0,0.0,0.0,0.0,0.0,14.29,0.0,14.29,112.0,1.0,1.0,14.29,1.5,1.5,0.0,0.17,0.0,0.0,0.5,0.26,,0.0,1.0,0.4,0.0,14.29,0.14,0.0,1.0
3,新北國王,22|23|28,簡祐哲/王柏智/呂政儒,1,6,7.0,90.0,1.5,01:30,90.0,1.5,01:30,1.0,1.0,14.29,24.0,0.0,0.0,0.0,0.0,2.0,2.0,28.57,48.0,0.0,0.0,0.0,0.0,1.0,1.0,14.29,24.0,0.0,0.0,0.0,0.0,1.0,1.0,14.29,24.0,0.0,0.0,0.0,0.0,2.0,2.0,28.57,48.0,1.0,1.0,14.29,24.0,0.0,0.0,0.0,0.0,2.0,2.0,28.57,48.0,0.0,0.0,0.0,0.0,3.0,3.0,42.86,72.0,1.0,1.0,14.29,24.0,0.0,0.0,0.0,0.0,0.0,0.0,0.0,0.0,1.0,1.0,14.29,24.0,1.0,1.0,14.29,24.0,0.0,0.0,0.0,0.0,14.29,0.0,14.29,112.0,1.0,1.0,14.29,1.5,1.5,0.0,0.17,0.0,0.0,0.5,0.26,,0.0,1.0,0.4,0.0,14.29,0.14,0.0,1.0
3,新北國王,22|23|10873,簡祐哲/王柏智/喬納森,1,6,7.0,90.0,1.5,01:30,90.0,1.5,01:30,1.0,1.0,14.29,24.0,0.0,0.0,0.0,0.0,2.0,2.0,28.57,48.0,0.0,0.0,0.0,0.0,1.0,1.0,14.29,24.0,0.0,0.0,0.0,0.0,1.0,1.0,14.29,24.0,0.0,0.0,0.0,0.0,2.0,2.0,28.57,48.0,1.0,1.0,14.29,24.0,0.0,0.0,0.0,0.0,2.0,2.0,28.57,48.0,0.0,0.0,0.0,0.0,3.0,3.0,42.86,72.0,1.0,1.0,14.29,24.0,0.0,0.0,0.0,0.0,0.0,0.0,0.0,0.0,1.0,1.0,14.29,24.0,1.0,1.0,14.29,24.0,0.0,0.0,0.0,0.0,14.29,0.0,14.29,112.0,1.0,1.0,14.29,1.5,1.5,0.0,0.17,0.0,0.0,0.5,0.26,,0.0,1.0,0.4,0.0,14.29,0.14,0.0,1.0
3,新北國王,22|28|10873,簡祐哲/呂政儒/喬納森,1,6,7.0,90.0,1.5,01:30,90.0,1.5,01:30,1.0,1.0,14.29,24.0,0.0,0.0,0.0,0.0,2.0,2.0,28.57,48.0,0.0,0.0,0.0,0.0,1.0,1.0,14.29,24.0,0.0,0.0,0.0,0.0,1.0,1.0,14.29,24.0,0.0,0.0,0.0,0.0,2.0,2.0,28.57,48.0,1.0,1.0,14.29,24.0,0.0,0.0,0.0,0.0,2.0,2.0,28.57,48.0,0.0,0.0,0.0,0.0,3.0,3.0,42.86,72.0,1.0,1.0,14.29,24.0,0.0,0.0,0.0,0.0,0.0,0.0,0.0,0.0,1.0,1.0,14.29,24.0,1.0,1.0,14.29,24.0,0.0,0.0,0.0,0.0,14.29,0.0,14.29,112.0,1.0,1.0,14.29,1.5,1.5,0.0,0.17,0.0,0.0,0.5,0.26,,0.0,1.0,0.4,0.0,14.29,0.14,0.0,1.0
3,新北國王,23|28|10873,王柏智/呂政儒/喬納森,1,6,7.0,90.0,1.5,01:30,90.0,1.5,01:30,1.0,1.0,14.29,24.0,0.0,0.0,0.0,0.0,2.0,2.0,28.57,48.0,0.0,0.0,0.0,0.0,1.0,1.0,14.29,24.0,0.0,0.0,0.0,0.0,1.0,1.0,14.29,24.0,0.0,0.0,0.0,0.0,2.0,2.0,28.57,48.0,1.0,1.0,14.29,24.0,0.0,0.0,0.0,0.0,2.0,2.0,28.57,48.0,0.0,0.0,0.0,0.0,3.0,3.0,42.86,72.0,1.0,1.0,14.29,24.0,0.0,0.0,0.0,0.0,0.0,0.0,0.0,0.0,1.0,1.0,14.29,24.0,1.0,1.0,14.29,24.0,0.0,0.0,0.0,0.0,14.29,0.0,14.29,112.0,1.0,1.0,14.29,1.5,1.5,0.0,0.17,0.0,0.0,0.5,0.26,,0.0,1.0,0.4,0.0,14.29,0.14,0.0,1.0
