lineup_size,team_name,lineup_player_ids,lineup_player_names,games_used,stint_count,possessions,sec_played,min_played,min_played_str,sec_per_game,min_per_game,min_per_game_str,PTS,PTS_per_game,PTS_per100,PTS_per36,PTS_allowed,PTS_allowed_per_game,PTS_allowed_per100,PTS_allowed_per36,FGA,FGA_per_game,FGA_per100,FGA_per36,FGM,FGM_per_game,FGM_per100,FGM_per36,2PA,2PA_per_game,2PA_per100,2PA_per36,2PM,2PM_per_game,2PM_per100,2PM_per36,3PA,3PA_per_game,3PA_per100,3PA_per36,3PM,3PM_per_game,3PM_per100,3PM_per36,FTA,FTA_per_game,FTA_per100,FTA_per36,FTM,FTM_per_game,FTM_per100,FTM_per36,ORB,ORB_per_game,ORB_per100,ORB_per36,DRB,DRB_per_game,DRB_per100,DRB_per36,ORB_allowed,ORB_allowed_per_game,ORB_allowed_per100,ORB_allowed_per36,DRB_allowed,DRB_allowed_per_game,DRB_allowed_per100,DRB_allowed_per36,TOV,TOV_per_game,TOV_per100,TOV_per36,AST,AST_per_game,AST_per100,AST_per36,STL,STL_per_game,STL_per100,STL_per36,BLK,BLK_per_game,BLK_per100,BLK_per36,Fouls,Fouls_per_game,Fouls_per100,Fouls_per36,FT_allowed,FT_allowed_per_game,FT_allowed_per100,FT_allowed_per36,ORtg,DRtg,NetRtg,PACE,PM_total,PM_per_game,PM_per100,MIN_total,MIN_per_game,eFG,TS,FG2_pct,FG3_pct,FT_pct,TOV_pct,AST_ratio,ORB_pct,DRB_pct,TRB_pct,STL_pct,BLK_pct,Foul_per_poss,FT_allowed_rate_per100,FT_rate
4,新北中信特攻,40|43|10877|10880,謝亞軒/林韋翰/阿巴西/內馬,1,47,59.0,808.25,13.47,13:28,808.25,13.47,13:28,33.0,33.0,55.93,88.19,14.0,14.0,23.73,37.41,27.0,27.0,45.76,72.16,15.0,15.0,25.42,40.09,20.0,20.0,33.9,53.45,13.0,13.0,22.03,34.74,7.0,7.0,11.86,18.71,2.0,2.0,3.39,5.34,1.0,1.0,1.69,2.67,1.0,1.0,1.69,2.67,6.0,6.0,10.17,16.03,5.0,5.0,8.47,13.36,5.0,5.0,8.47,13.36,11.0,11.0,18.64,29.4,3.0,3.0,5.08,8.02,8.0,8.0,13.56,21.38,1.0,1.0,1.69,2.67,2.0,2.0,3.39,5.34,5.0,5.0,8.47,13.36,1.0,1.0,1.69,2.67,55.93,23.73,32.2,105.12,19.0,19.0,32.2,13.47,13.47,0.59,0.6,0.65,0.29,1.0,0.1,0.53,0.35,0.5,0.41,1.69,3.39,0.08,1.69,0.04
4,新北中信特攻,40|43|10877|10881,謝亞軒/林韋翰/阿巴西/飛克,1,64,81.0,1106.54,18.44,18:27,1106.54,18.44,18:27,42.0,42.0,51.85,81.99,21.0,21.0,25.93,40.99,35.0,35.0,43.21,68.32,18.0,18.0,22.22,35.14,24.0,24.0,29.63,46.85,14.0,14.0,17.28,27.33,11.0,11.0,13.58,21.47,4.0,4.0,4.94,7.81,3.0,3.0,3.7,5.86,2.0,2.0,2.47,3.9,9.0,9.0,11.11,17.57,9.0,9.0,11.11,17.57,7.0,7.0,8.64,13.66,13.0,13.0,16.05,25.38,4.0,4.0,4.94,7.81,10.0,10.0,12.35,19.52,1.0,1.0,1.23,1.95,2.0,2.0,2.47,3.9,7.0,7.0,8.64,13.66,2.0,2.0,2.47,3.9,51.85,25.93,25.93,105.41,21.0,21.0,25.93,18.44,18.44,0.57,0.58,0.58,0.36,0.67,0.1,0.56,0.41,0.56,0.47,1.23,2.47,0.09,2.47,0.09
4,新北中信特攻,40|43|10880|10881,謝亞軒/林韋翰/內馬/飛克,1,47,59.0,808.25,13.47,13:28,808.25,13.47,13:28,33.0,33.0,55.93,88.19,14.0,14.0,23.73,37.41,27.0,27.0,45.76,72.16,15.0,15.0,25.42,40.09,20.0,20.0,33.9,53.45,13.0,13.0,22.03,34.74,7.0,7.0,11.86,18.71,2.0,2.0,3.39,5.34,1.0,1.0,1.69,2.67,1.0,1.0,1.69,2.67,6.0,6.0,10.17,16.03,5.0,5.0,8.47,13.36,5.0,5.0,8.47,13.36,11.0,11.0,18.64,29.4,3.0,3.0,5.08,8.02,8.0,8.0,13.56,21.38,1.0,1.0,1.69,2.67,2.0,2.0,3.39,5.34,5.0,5.0,8.47,13.36,1.0,1.0,1.69,2.67,55.93,23.73,32.2,105.12,19.0,19.0,32.2,13.47,13.47,0.59,0.6,0.65,0.29,1.0,0.1,0.53,0.35,0.5,0.41,1.69,3.39,0.08,1.69,0.04
4,新北中信特攻,40|10877|10880|10881,謝亞軒/阿巴西/內馬/飛克,1,55,67.0,944.35,15.74,15:44,944.35,15.74,15:44,39.0,39.0,58.21,89.2,16.0,16.0,23.88,36.6,31.0,31.0,46.27,70.91,18.0,18.0,26.87,41.17,23.0,23.0,34.33,52.61,16.0,16.0,23.88,36.6,8.0,8.0,11.94,18.3,2.0,2.0,2.99,4.57,1.0,1.0,1.49,2.29,1.0,1.0,1.49,2.29,6.0,6.0,8.96,13.72,6.0,6.0,8.96,13.72,5.0,5.0,7.46,11.44,13.0,13.0,19.4,29.73,3.0,3.0,4.48,6.86,9.0,9.0,13.43,20.59,1.0,1.0,1.49,2.29,2.0,2.0,2.99,4.57,6.0,6.0,8.96,13.72,1.0,1.0,1.49,2.29,58.21,23.88,34.33,102.17,23.0,23.0,34.33,15.74,15.74,0.61,0.62,0.7,0.25,1.0,0.09,0.5,0.32,0.55,0.4,1.49,2.99,0.09,1.49,0.03
4,新北中信特攻,43|10877|10880|10881,林韋翰/阿巴西/內馬/飛克,1,47,59.0,808.25,13.47,13:28,808.25,13.47,13:28,33.0,33.0,55.93,88.19,14.0,14.0,23.73,37.41,27.0,27.0,45.76,72.16,15.0,15.0,25.42,40.09,20.0,20.0,33.9,53.45,13.0,13.0,22.03,34.74,7.0,7.0,11.86,18.71,2.0,2.0,3.39,5.34,1.0,1.0,1.69,2.67,1.0,1.0,1.69,2.67,6.0,6.0,10.17,16.03,5.0,5.0,8.47,13.36,5.0,5.0,8.47,13.36,11.0,11.0,18.64,29.4,3.0,3.0,5.08,8.02,8.0,8.0,13.56,21.38,1.0,1.0,1.69,2.67,2.0,2.0,3.39,5.34,5.0,5.0,8.47,13.36,1.0,1.0,1.69,2.67,55.93,23.73,32.2,105.12,19.0,19.0,32.2,13.47,13.47,0.59,0.6,0.65,0.29,1.0,0.1,0.53,0.35,0.5,0.41,1.69,3.39,0.08,1.69,0.04
4,新北國王,24|28|29|34,蘇士軒/呂政儒/林書緯/沃許本,1,9,13.0,147.0,2.45,02:27,147.0,2.45,02:27,3.0,3.0,23.08,44.08,9.0,9.0,69.23,132.24,3.0,3.0,23.08,44.08,1.0,1.0,7.69,14.69,1.0,1.0,7.69,14.69,0.0,0.0,0.0,0.0,2.0,2.0,15.38,29.39,1.0,1.0,7.69,14.69,0.0,0.0,0.0,0.0,0.0,0.0,0.0,0.0,1.0,1.0,7.69,14.69,1.0,1.0,7.69,14.69,2.0,2.0,15.38,29.39,1.0,1.0,7.69,14.69,3.0,3.0,23.08,44.08,1.0,1.0,7.69,14.69,3.0,3.0,23.08,44.08,0.0,0.0,0.0,0.0,1.0,1.0,7.69,14.69,0.0,0.0,0.0,0.0,23.08,69.23,-46.15,127.35,-6.0,-6.0,-46.15,2.45,2.45,0.5,0.5,0.0,0.5,,0.5,1.0,0.5,0.33,0.4,23.08,0.0,0.08,0.0,0.0
4,新北國王,24|28|29|13029,蘇士軒/呂政儒/林書緯/杰倫,1,9,13.0,147.0,2.45,02:27,147.0,2.45,02:27,3.0,3.0,23.08,44.08,9.0,9.0,69.23,132.24,3.0,3.0,23.08,44.08,1.0,1.0,7.69,14.69,1.0,1.0,7.69,14.69,0.0,0.0,0.0,0.0,2.0,2.0,15.38,29.39,1.0,1.0,7.69,14.69,0.0,0.0,0.0,0.0,0.0,0.0,0.0,0.0,1.0,1.0,7.69,14.69,1.0,1.0,7.69,14.69,2.0,2.0,15.38,29.39,1.0,1.0,7.69,14.69,3.0,3.0,23.08,44.08,1.0,1.0,7.69,14.69,3.0,3.0,23.08,44.08,0.0,0.0,0.0,0.0,1.0,1.0,7.69,14.69,0.0,0.0,0.0,0.0,23.08,69.23,-46.15,127.35,-6.0,-6.0,-46.15,2.45,2.45,0.5,0.5,0.0,0.5,,0.5,1.0,0.5,0.33,0.4,23.08,0.0,0.08,0.0,0.0
4,新北國王,24|28|34|13029,蘇士軒/呂政儒/沃許本/杰倫,1,9,13.0,147.0,2.45,02:27,147.0,2.45,02:27,3.0,3.0,23.08,44.08,9.0,9.0,69.23,132.24,3.0,3.0,23.08,44.08,1.0,1.0,7.69,14.69,1.0,1.0,7.69,14.69,0.0,0.0,0.0,0.0,2.0,2.0,15.38,29.39,1.0,1.0,7.69,14.69,0.0,0.0,0.0,0.0,0.0,0.0,0.0,0.0,1.0,1.0,7.69,14.69,1.0,1.0,7.69,14.69,2.0,2.0,15.38,29.39,1.0,1.0,7.69,14.69,3.0,3.0,23.08,44.08,1.0,1.0,7.69,14.69,3.0,3.0,23.08,44.08,0.0,0.0,0.0,0.0,1.0,1.0,7.69,14.69,0.0,0.0,0.0,0.0,23.08,69.23,-46.15,127.35,-6.0,-6.0,-46.15,2.45,2.45,0.5,0.5,0.0,0.5,,0.5,1.0,0.5,0.33,0.4,23.08,0.0,0.08,0.0,0.0
4,新北國王,24|29|34|13029,蘇士軒/林書緯/沃許本/杰倫,1,29,36.0,483.38,8.06,08:03,483.38,8.06,08:03,11.0,11.0,30.56,49.15,18.0,18.0,50.0,80.43,13.0,13.0,36.11,58.09,5.0,5.0,13.89,22.34,9.0,9.0,25.0,40.22,4.0,4.0,11.11,17.87,4.0,4.0,11.11,17.87,1.0,1.0,2.78,4.47,0.0,0.0,0.0,0.0,0.0,0.0,0.0,0.0,3.0,3.0,8.33,13.41,5.0,5.0,13.89,22.34,3.0,3.0,8.33,13.41,5.0,5.0,13.89,22.34,5.0,5.0,13.89,22.34,1.0,1.0,2.78,4.47,5.0,5.0,13.89,22.34,0.0,0.0,0.0,0.0,4.0,4.0,11.11,17.87,1.0,1.0,2.78,4.47,30.56,50.0,-19.44,107.24,-7.0,-7.0,-19.44,8.06,8.06,0.42,0.42,0.44,0.25,,0.28,0.2,0.38,0.62,0.5,13.89,0.0,0.11,2.78,0.0
4,新北國王,28|29|34|13029,呂政儒/林書緯/沃許本/杰倫,1,15,20.0,239.0,3.98,03:59,239.0,3.98,03:59,5.0,5.0,25.0,45.19,12.0,12.0,60.0,108.45,5.0,5.0,25.0,45.19,1.0,1.0,5.0,9.04,2.0,2.0,10.0,18.08,0.0,0.0,0.0,0.0,3.0,3.0,15.0,27.11,1.0,1.0,5.0,9.04,2.0,2.0,10.0,18.08,2.0,2.0,10.0,18.08,2.0,2.0,10.0,18.08,2.0,2.0,10.0,18.08,2.0,2.0,10.0,18.08,3.0,3.0,15.0,27.11,4.0,4.0,20.0,36.15,1.0,1.0,5.0,9.04,4.0,4.0,20.0,36.15,0.0,0.0,0.0,0.0,2.0,2.0,10.0,18.08,0.0,0.0,0.0,0.0,25.0,60.0,-35.0,120.5,-7.0,-7.0,-35.0,3.98,3.98,0.3,0.43,0.0,0.33,1.0,0.4,1.0,0.4,0.5,0.44,20.0,0.0,0.1,0.0,0.4
4,新北國王,21|29|32|34,李愷諺/林書緯/奧帝/沃許本,1,10,12.0,183.3,3.06,03:03,183.3,3.06,03:03,5.0,5.0,41.67,58.92,6.0,6.0,50.0,70.7,4.0,4.0,33.33,47.14,2.0,2.0,16.67,23.57,2.0,2.0,16.67,23.57,1.0,1.0,8.33,11.78,2.0,2.0,16.67,23.57,1.0,1.0,8.33,11.78,0.0,0.0,0.0,0.0,0.0,0.0,0.0,0.0,0.0,0.0,0.0,0.0,2.0,2.0,16.67,23.57,1.0,1.0,8.33,11.78,3.0,3.0,25.0,35.35,1.0,1.0,8.33,11.78,1.0,1.0,8.33,11.78,1.0,1.0,8.33,11.78,0.0,0.0,0.0,0.0,2.0,2.0,16.67,23.57,0.0,0.0,0.0,0.0,41.67,50.0,-8.33,94.27,-1.0,-1.0,-8.33,3.06,3.06,0.62,0.62,0.5,0.5,,0.2,0.5,0.0,0.67,0.33,8.33,0.0,0.17,0.0,0.0
4,新北國王,21|29|32|10874,李愷諺/林書緯/奧帝/熊祥泰,1,16,19.0,284.39,4.74,04:44,284.39,4.74,04:44,10.0,10.0,52.63,75.95,7.0,7.0,36.84,53.17,7.0,7.0,36.84,53.17,3.0,3.0,15.79,22.79,3.0,3.0,15.79,22.79,2.0,2.0,10.53,15.19,4.0,4.0,21.05,30.38,1.0,1.0,5.26,7.6,4.0,4.0,21.05,30.38,3.0,3.0,15.79,22.79,2.0,2.0,10.53,15.19,3.0,3.0,15.79,22.79,1.0,1.0,5.26,7.6,3.0,3.0,15.79,22.79,1.0,1.0,5.26,7.6,2.0,2.0,10.53,15.19,1.0,1.0,5.26,7.6,0.0,0.0,0.0,0.0,3.0,3.0,15.79,22.79,0.0,0.0,0.0,0.0,52.63,36.84,15.79,96.21,3.0,3.0,15.79,4.74,4.74,0.5,0.57,0.67,0.25,0.75,0.1,0.67,0.4,0.75,0.56,5.26,0.0,0.16,0.0,0.57
4,新北國王,21|29|34|10874,李愷諺/林書緯/沃許本/熊祥泰,1,13,14.0,234.3,3.91,03:54,234.3,3.91,03:54,7.0,7.0,50.0,64.53,4.0,4.0,28.57,36.88,6.0,6.0,42.86,55.31,3.0,3.0,21.43,27.66,3.0,3.0,21.43,27.66,2.0,2.0,14.29,18.44,3.0,3.0,21.43,27.66,1.0,1.0,7.14,9.22,0.0,0.0,0.0,0.0,0.0,0.0,0.0,0.0,0.0,0.0,0.0,0.0,2.0,2.0,14.29,18.44,1.0,1.0,7.14,9.22,4.0,4.0,28.57,36.88,0.0,0.0,0.0,0.0,2.0,2.0,14.29,18.44,0.0,0.0,0.0,0.0,0.0,0.0,0.0,0.0,2.0,2.0,14.29,18.44,0.0,0.0,0.0,0.0,50.0,28.57,21.43,86.04,3.0,3.0,21.43,3.91,3.91,0.58,0.58,0.67,0.33,,0.0,0.67,0.0,0.67,0.29,0.0,0.0,0.14,0.0,0.0
4,新北國王,21|32|34|10874,李愷諺/奧帝/沃許本/熊祥泰,1,20,24.0,364.4,6.07,06:04,364.4,6.07,06:04,7.0,7.0,29.17,41.49,10.0,10.0,41.67,59.28,10.0,10.0,41.67,59.28,3.0,3.0,12.5,17.78,4.0,4.0,16.67,23.71,2.0,2.0,8.33,11.86,6.0,6.0,25.0,35.57,1.0,1.0,4.17,5.93,0.0,0.0,0.0,0.0,0.0,0.0,0.0,0.0,1.0,1.0,4.17,5.93,6.0,6.0,25.0,35.57,1.0,1.0,4.17,5.93,4.0,4.0,16.67,23.71,1.0,1.0,4.17,5.93,2.0,2.0,8.33,11.86,0.0,0.0,0.0,0.0,0.0,0.0,0.0,0.0,3.0,3.0,12.5,17.78,0.0,0.0,0.0,0.0,29.17,41.67,-12.5,94.84,-3.0,-3.0,-12.5,6.07,6.07,0.35,0.35,0.5,0.17,,0.09,0.67,0.2,0.86,0.58,0.0,0.0,0.12,0.0,0.0
4,新北國王,29|32|34|10874,林書緯/奧帝/沃許本/熊祥泰,1,15,19.0,288.47,4.81,04:48,288.47,4.81,04:48,7.0,7.0,36.84,52.41,8.0,8.0,42.11,59.9,9.0,9.0,47.37,67.39,3.0,3.0,15.79,22.46,3.0,3.0,15.79,22.46,2.0,2.0,10.53,14.98,6.0,6.0,31.58,44.93,1.0,1.0,5.26,7.49,0.0,0.0,0.0,0.0,0.0,0.0,0.0,0.0,2.0,2.0,10.53,14.98,4.0,4.0,21.05,29.95,2.0,2.0,10.53,14.98,3.0,3.0,15.79,22.46,1.0,1.0,5.26,7.49,1.0,1.0,5.26,7.49,0.0,0.0,0.0,0.0,0.0,0.0,0.0,0.0,3.0,3.0,15.79,22.46,2.0,2.0,10.53,14.98,36.84,42.11,-5.26,94.85,-1.0,-1.0,-5.26,4.81,4.81,0.39,0.39,0.67,0.17,,0.1,0.33,0.4,0.67,0.55,0.0,0.0,0.16,10.53,0.0
4,新北中信特攻,40|10877|10879|10880,謝亞軒/阿巴西/簡廷兆/內馬,1,16,19.0,273.79,4.56,04:34,273.79,4.56,04:34,12.0,12.0,63.16,94.67,6.0,6.0,31.58,47.33,9.0,9.0,47.37,71.0,6.0,6.0,31.58,47.33,7.0,7.0,36.84,55.22,6.0,6.0,31.58,47.33,2.0,2.0,10.53,15.78,0.0,0.0,0.0,0.0,0.0,0.0,0.0,0.0,0.0,0.0,0.0,0.0,1.0,1.0,5.26,7.89,2.0,2.0,10.53,15.78,2.0,2.0,10.53,15.78,3.0,3.0,15.79,23.67,0.0,0.0,0.0,0.0,3.0,3.0,15.79,23.67,0.0,0.0,0.0,0.0,0.0,0.0,0.0,0.0,1.0,1.0,5.26,7.89,0.0,0.0,0.0,0.0,63.16,31.58,31.58,99.93,6.0,6.0,31.58,4.56,4.56,0.67,0.67,0.86,0.0,,0.0,0.5,0.25,0.5,0.38,0.0,0.0,0.05,0.0,0.0
4,新北中信特攻,40|10877|10879|10881,謝亞軒/阿巴西/簡廷兆/飛克,1,32,37.0,546.07,9.1,09:06,546.07,9.1,09:06,21.0,21.0,56.76,83.07,6.0,6.0,16.22,23.73,14.0,14.0,37.84,55.38,8.0,8.0,21.62,31.64,10.0,10.0,27.03,39.56,7.0,7.0,18.92,27.69,4.0,4.0,10.81,15.82,1.0,1.0,2.7,3.96,4.0,4.0,10.81,15.82,4.0,4.0,10.81,15.82,3.0,3.0,8.11,11.87,3.0,3.0,8.11,11.87,3.0,3.0,8.11,11.87,9.0,9.0,24.32,35.6,3.0,3.0,8.11,11.87,5.0,5.0,13.51,19.78,1.0,1.0,2.7,3.96,1.0,1.0,2.7,3.96,3.0,3.0,8.11,11.87,2.0,2.0,5.41,7.91,56.76,16.22,40.54,97.57,15.0,15.0,40.54,9.1,9.1,0.61,0.67,0.7,0.25,1.0,0.16,0.62,0.25,0.5,0.33,2.7,2.7,0.08,5.41,0.29
4,新北中信特攻,40|10879|10880|10881,謝亞軒/簡廷兆/內馬/飛克,1,8,8.0,136.09,2.27,02:16,136.09,2.27,02:16,6.0,6.0,75.0,95.23,2.0,2.0,25.0,31.74,4.0,4.0,50.0,63.49,3.0,3.0,37.5,47.61,3.0,3.0,37.5,47.61,3.0,3.0,37.5,47.61,1.0,1.0,12.5,15.87,0.0,0.0,0.0,0.0,0.0,0.0,0.0,0.0,0.0,0.0,0.0,0.0,0.0,0.0,0.0,0.0,1.0,1.0,12.5,15.87,0.0,0.0,0.0,0.0,2.0,2.0,25.0,31.74,0.0,0.0,0.0,0.0,1.0,1.0,12.5,15.87,0.0,0.0,0.0,0.0,0.0,0.0,0.0,0.0,1.0,1.0,12.5,15.87,0.0,0.0,0.0,0.0,75.0,25.0,50.0,84.65,4.0,4.0,50.0,2.27,2.27,0.75,0.75,1.0,0.0,,0.0,0.33,0.0,1.0,0.33,0.0,0.0,0.12,0.0,0.0
4,新北中信特攻,10877|10879|10880|10881,阿巴西/簡廷兆/內馬/飛克,1,8,8.0,136.09,2.27,02:16,136.09,2.27,02:16,6.0,6.0,75.0,95.23,2.0,2.0,25.0,31.74,4.0,4.0,50.0,63.49,3.0,3.0,37.5,47.61,3.0,3.0,37.5,47.61,3.0,3.0,37.5,47.61,1.0,1.0,12.5,15.87,0.0,0.0,0.0,0.0,0.0,0.0,0.0,0.0,0.0,0.0,0.0,0.0,0.0,0.0,0.0,0.0,1.0,1.0,12.5,15.87,0.0,0.0,0.0,0.0,2.0,2.0,25.0,31.74,0.0,0.0,0.0,0.0,1.0,1.0,12.5,15.87,0.0,0.0,0.0,0.0,0.0,0.0,0.0,0.0,1.0,1.0,12.5,15.87,0.0,0.0,0.0,0.0,75.0,25.0,50.0,84.65,4.0,4.0,50.0,2.27,2.27,0.75,0.75,1.0,0.0,,0.0,0.33,0.0,1.0,0.33,0.0,0.0,0.12,0.0,0.0
4,新北國王,21|32|34|10872,李愷諺/奧帝/沃許本/林彥廷,1,12,16.0,209.09,3.48,03:29,209.09,3.48,03:29,2.0,2.0,12.5,20.66,8.0,8.0,50.0,82.64,6.0,6.0,37.5,61.98,1.0,1.0,6.25,10.33,2.0,2.0,12.5,20.66,1.0,1.0,6.25,10.33,4.0,4.0,25.0,41.32,0.0,0.0,0.0,0.0,0.0,0.0,0.0,0.0,0.0,0.0,0.0,0.0,1.0,1.0,6.25,10.33,4.0,4.0,25.0,41.32,0.0,0.0,0.0,0.0,1.0,1.0,6.25,10.33,2.0,2.0,12.5,20.66,1.0,1.0,6.25,10.33,1.0,1.0,6.25,10.33,0.0,0.0,0.0,0.0,1.0,1.0,6.25,10.33,0.0,0.0,0.0,0.0,12.5,50.0,-37.5,110.19,-6.0,-6.0,-37.5,3.48,3.48,0.17,0.17,0.5,0.0,,0.25,1.0,0.5,1.0,0.83,6.25,0.0,0.06,0.0,0.0
4,新北國王,21|32|10872|10874,李愷諺/奧帝/林彥廷/熊祥泰,1,16,20.0,262.34,4.37,04:22,262.34,4.37,04:22,4.0,4.0,20.0,32.93,12.0,12.0,60.0,98.8,7.0,7.0,35.0,57.64,2.0,2.0,10.0,16.47,3.0,3.0,15.0,24.7,2.0,2.0,10.0,16.47,4.0,4.0,20.0,32.93,0.0,0.0,0.0,0.0,0.0,0.0,0.0,0.0,0.0,0.0,0.0,0.0,1.0,1.0,5.0,8.23,4.0,4.0,20.0,32.93,0.0,0.0,0.0,0.0,2.0,2.0,10.0,16.47,2.0,2.0,10.0,16.47,2.0,2.0,10.0,16.47,0.0,0.0,0.0,0.0,0.0,0.0,0.0,0.0,2.0,2.0,10.0,16.47,2.0,2.0,10.0,16.47,20.0,60.0,-40.0,109.78,-8.0,-8.0,-40.0,4.37,4.37,0.29,0.29,0.67,0.0,,0.22,1.0,0.33,1.0,0.71,0.0,0.0,0.1,10.0,0.0
4,新北國王,21|34|10872|10874,李愷諺/沃許本/林彥廷/熊祥泰,1,12,15.0,275.09,4.58,04:35,275.09,4.58,04:35,2.0,2.0,13.33,15.7,6.0,6.0,40.0,47.11,7.0,7.0,46.67,54.96,1.0,1.0,6.67,7.85,2.0,2.0,13.33,15.7,1.0,1.0,6.67,7.85,5.0,5.0,33.33,39.26,0.0,0.0,0.0,0.0,0.0,0.0,0.0,0.0,0.0,0.0,0.0,0.0,1.0,1.0,6.67,7.85,4.0,4.0,26.67,31.41,0.0,0.0,0.0,0.0,1.0,1.0,6.67,7.85,1.0,1.0,6.67,7.85,1.0,1.0,6.67,7.85,0.0,0.0,0.0,0.0,0.0,0.0,0.0,0.0,1.0,1.0,6.67,7.85,0.0,0.0,0.0,0.0,13.33,40.0,-26.67,78.52,-4.0,-4.0,-26.67,4.58,4.58,0.14,0.14,0.5,0.0,,0.12,1.0,0.5,1.0,0.83,0.0,0.0,0.07,0.0,0.0
4,新北國王,32|34|10872|10874,奧帝/沃許本/林彥廷/熊祥泰,1,16,22.0,298.28,4.97,04:58,298.28,4.97,04:58,4.0,4.0,18.18,28.97,10.0,10.0,45.45,72.41,10.0,10.0,45.45,72.41,2.0,2.0,9.09,14.48,3.0,3.0,13.64,21.72,2.0,2.0,9.09,14.48,7.0,7.0,31.82,50.69,0.0,0.0,0.0,0.0,0.0,0.0,0.0,0.0,0.0,0.0,0.0,0.0,3.0,3.0,13.64,21.72,5.0,5.0,22.73,36.21,1.0,1.0,4.55,7.24,1.0,1.0,4.55,7.24,2.0,2.0,9.09,14.48,1.0,1.0,4.55,7.24,0.0,0.0,0.0,0.0,0.0,0.0,0.0,0.0,2.0,2.0,9.09,14.48,2.0,2.0,9.09,14.48,18.18,45.45,-27.27,106.21,-6.0,-6.0,-27.27,4.97,4.97,0.2,0.2,0.67,0.0,,0.17,0.5,0.75,0.83,0.8,0.0,0.0,0.09,9.09,0.0
4,新北中信特攻,40|47|104|10879,謝亞軒/曾文鼎/貝奇/簡廷兆,1,5,8.0,70.0,1.17,01:10,70.0,1.17,01:10,2.0,2.0,25.0,61.71,3.0,3.0,37.5,92.57,1.0,1.0,12.5,30.86,1.0,1.0,12.5,30.86,1.0,1.0,12.5,30.86,1.0,1.0,12.5,30.86,0.0,0.0,0.0,0.0,0.0,0.0,0.0,0.0,0.0,0.0,0.0,0.0,0.0,0.0,0.0,0.0,0.0,0.0,0.0,0.0,0.0,0.0,0.0,0.0,1.0,1.0,12.5,30.86,2.0,2.0,25.0,61.71,2.0,2.0,25.0,61.71,0.0,0.0,0.0,0.0,1.0,1.0,12.5,30.86,0.0,0.0,0.0,0.0,1.0,1.0,12.5,30.86,0.0,0.0,0.0,0.0,25.0,37.5,-12.5,164.57,-1.0,-1.0,-12.5,1.17,1.17,1.0,1.0,1.0,,,0.67,0.0,0.0,0.0,0.0,12.5,0.0,0.12,0.0,0.0
4,新北中信特攻,40|47|104|10881,謝亞軒/曾文鼎/貝奇/飛克,1,5,8.0,70.0,1.17,01:10,70.0,1.17,01:10,2.0,2.0,25.0,61.71,3.0,3.0,37.5,92.57,1.0,1.0,12.5,30.86,1.0,1.0,12.5,30.86,1.0,1.0,12.5,30.86,1.0,1.0,12.5,30.86,0.0,0.0,0.0,0.0,0.0,0.0,0.0,0.0,0.0,0.0,0.0,0.0,0.0,0.0,0.0,0.0,0.0,0.0,0.0,0.0,0.0,0.0,0.0,0.0,1.0,1.0,12.5,30.86,2.0,2.0,25.0,61.71,2.0,2.0,25.0,61.71,0.0,0.0,0.0,0.0,1.0,1.0,12.5,30.86,0.0,0.0,0.0,0.0,1.0,1.0,12.5,30.86,0.0,0.0,0.0,0.0,25.0,37.5,-12.5,164.57,-1.0,-1.0,-12.5,1.17,1.17,1.0,1.0,1.0,,,0.67,0.0,0.0,0.0,0.0,12.5,0.0,0.12,0.0,0.0
4,新北中信特攻,40|47|10879|10881,謝亞軒/曾文鼎/簡廷兆/飛克,1,5,8.0,70.0,1.17,01:10,70.0,1.17,01:10,2.0,2.0,25.0,61.71,3.0,3.0,37.5,92.57,1.0,1.0,12.5,30.86,1.0,1.0,12.5,30.86,1.0,1.0,12.5,30.86,1.0,1.0,12.5,30.86,0.0,0.0,0.0,0.0,0.0,0.0,0.0,0.0,0.0,0.0,0.0,0.0,0.0,0.0,0.0,0.0,0.0,0.0,0.0,0.0,0.0,0.0,0.0,0.0,1.0,1.0,12.5,30.86,2.0,2.0,25.0,61.71,2.0,2.0,25.0,61.71,0.0,0.0,0.0,0.0,1.0,1.0,12.5,30.86,0.0,0.0,0.0,0.0,1.0,1.0,12.5,30.86,0.0,0.0,0.0,0.0,25.0,37.5,-12.5,164.57,-1.0,-1.0,-12.5,1.17,1.17,1.0,1.0,1.0,,,0.67,0.0,0.0,0.0,0.0,12.5,0.0,0.12,0.0,0.0
4,新北中信特攻,40|104|10879|10881,謝亞軒/貝奇/簡廷兆/飛克,1,32,41.0,536.97,8.95,08:57,536.97,8.95,08:57,20.0,20.0,48.78,80.45,9.0,9.0,21.95,36.2,13.0,13.0,31.71,52.29,7.0,7.0,17.07,28.16,8.0,8.0,19.51,32.18,5.0,5.0,12.2,20.11,5.0,5.0,12.2,20.11,2.0,2.0,4.88,8.05,4.0,4.0,9.76,16.09,4.0,4.0,9.76,16.09,3.0,3.0,7.32,12.07,2.0,2.0,4.88,8.05,5.0,5.0,12.2,20.11,9.0,9.0,21.95,36.2,5.0,5.0,12.2,20.11,5.0,5.0,12.2,20.11,2.0,2.0,4.88,8.05,1.0,1.0,2.44,4.02,3.0,3.0,7.32,12.07,2.0,2.0,4.88,8.05,48.78,21.95,26.83,109.95,11.0,11.0,26.83,8.95,8.95,0.62,0.68,0.62,0.4,1.0,0.25,0.71,0.25,0.29,0.26,4.88,2.44,0.07,4.88,0.31
4,新北中信特攻,47|104|10879|10881,曾文鼎/貝奇/簡廷兆/飛克,1,6,9.0,70.57,1.18,01:11,70.57,1.18,01:11,2.0,2.0,22.22,61.21,5.0,5.0,55.56,153.04,1.0,1.0,11.11,30.61,1.0,1.0,11.11,30.61,1.0,1.0,11.11,30.61,1.0,1.0,11.11,30.61,0.0,0.0,0.0,0.0,0.0,0.0,0.0,0.0,0.0,0.0,0.0,0.0,0.0,0.0,0.0,0.0,0.0,0.0,0.0,0.0,0.0,0.0,0.0,0.0,1.0,1.0,11.11,30.61,2.0,2.0,22.22,61.21,2.0,2.0,22.22,61.21,0.0,0.0,0.0,0.0,1.0,1.0,11.11,30.61,0.0,0.0,0.0,0.0,1.0,1.0,11.11,30.61,2.0,2.0,22.22,61.21,22.22,55.56,-33.33,183.64,-3.0,-3.0,-33.33,1.18,1.18,1.0,1.0,1.0,,,0.67,0.0,0.0,0.0,0.0,11.11,0.0,0.11,22.22,0.0
4,新北中信特攻,39|47|104|10879,魏嘉豪/曾文鼎/貝奇/簡廷兆,1,7,8.0,92.57,1.54,01:33,92.57,1.54,01:33,3.0,3.0,37.5,70.0,4.0,4.0,50.0,93.33,3.0,3.0,37.5,70.0,1.0,1.0,12.5,23.33,1.0,1.0,12.5,23.33,0.0,0.0,0.0,0.0,2.0,2.0,25.0,46.67,1.0,1.0,12.5,23.33,0.0,0.0,0.0,0.0,0.0,0.0,0.0,0.0,0.0,0.0,0.0,0.0,2.0,2.0,25.0,46.67,1.0,1.0,12.5,23.33,1.0,1.0,12.5,23.33,0.0,0.0,0.0,0.0,1.0,1.0,12.5,23.33,0.0,0.0,0.0,0.0,0.0,0.0,0.0,0.0,1.0,1.0,12.5,23.33,4.0,4.0,50.0,93.33,37.5,50.0,-12.5,124.44,-1.0,-1.0,-12.5,1.54,1.54,0.5,0.5,0.0,0.5,,0.0,1.0,0.0,0.67,0.5,0.0,0.0,0.12,50.0,0.0
4,新北中信特攻,39|47|104|10881,魏嘉豪/曾文鼎/貝奇/飛克,1,8,9.0,142.1,2.37,02:22,142.1,2.37,02:22,0.0,0.0,0.0,0.0,8.0,8.0,88.89,121.61,3.0,3.0,33.33,45.6,0.0,0.0,0.0,0.0,0.0,0.0,0.0,0.0,0.0,0.0,0.0,0.0,3.0,3.0,33.33,45.6,0.0,0.0,0.0,0.0,0.0,0.0,0.0,0.0,0.0,0.0,0.0,0.0,0.0,0.0,0.0,0.0,3.0,3.0,33.33,45.6,1.0,1.0,11.11,15.2,1.0,1.0,11.11,15.2,0.0,0.0,0.0,0.0,0.0,0.0,0.0,0.0,0.0,0.0,0.0,0.0,0.0,0.0,0.0,0.0,0.0,0.0,0.0,0.0,2.0,2.0,22.22,30.4,0.0,88.89,-88.89,91.2,-8.0,-8.0,-88.89,2.37,2.37,0.0,0.0,,0.0,,0.0,,0.0,0.75,0.6,0.0,0.0,0.0,22.22,0.0
4,新北中信特攻,39|47|10879|10881,魏嘉豪/曾文鼎/簡廷兆/飛克,1,1,1.0,0.57,0.01,00:01,0.57,0.01,00:01,0.0,0.0,0.0,0.0,2.0,2.0,200.0,7552.45,0.0,0.0,0.0,0.0,0.0,0.0,0.0,0.0,0.0,0.0,0.0,0.0,0.0,0.0,0.0,0.0,0.0,0.0,0.0,0.0,0.0,0.0,0.0,0.0,0.0,0.0,0.0,0.0,0.0,0.0,0.0,0.0,0.0,0.0,0.0,0.0,0.0,0.0,0.0,0.0,0.0,0.0,0.0,0.0,0.0,0.0,0.0,0.0,0.0,0.0,0.0,0.0,0.0,0.0,0.0,0.0,0.0,0.0,0.0,0.0,0.0,0.0,0.0,0.0,0.0,0.0,0.0,0.0,2.0,2.0,200.0,7552.45,0.0,200.0,-200.0,2517.48,-2.0,-2.0,-200.0,0.01,0.01,,,,,,,,,,,0.0,0.0,0.0,200.0,
4,新北中信特攻,39|104|10879|10881,魏嘉豪/貝奇/簡廷兆/飛克,1,13,16.0,201.09,3.35,03:21,201.09,3.35,03:21,6.0,6.0,37.5,64.45,10.0,10.0,62.5,107.42,4.0,4.0,25.0,42.97,2.0,2.0,12.5,21.48,0.0,0.0,0.0,0.0,0.0,0.0,0.0,0.0,4.0,4.0,25.0,42.97,2.0,2.0,12.5,21.48,0.0,0.0,0.0,0.0,0.0,0.0,0.0,0.0,0.0,0.0,0.0,0.0,1.0,1.0,6.25,10.74,3.0,3.0,18.75,32.22,1.0,1.0,6.25,10.74,3.0,3.0,18.75,32.22,2.0,2.0,12.5,21.48,1.0,1.0,6.25,10.74,0.0,0.0,0.0,0.0,0.0,0.0,0.0,0.0,4.0,4.0,25.0,42.97,37.5,62.5,-25.0,114.58,-4.0,-4.0,-25.0,3.35,3.35,0.75,0.75,,0.5,,0.43,1.0,0.0,0.25,0.2,6.25,0.0,0.0,25.0,0.0
4,新北國王,21|29|32|13029,李愷諺/林書緯/奧帝/杰倫,1,17,24.0,252.18,4.2,04:12,252.18,4.2,04:12,5.0,5.0,20.83,42.83,14.0,14.0,58.33,119.91,7.0,7.0,29.17,59.96,1.0,1.0,4.17,8.57,3.0,3.0,12.5,25.7,1.0,1.0,4.17,8.57,4.0,4.0,16.67,34.26,0.0,0.0,0.0,0.0,6.0,6.0,25.0,51.39,3.0,3.0,12.5,25.7,5.0,5.0,20.83,42.83,3.0,3.0,12.5,25.7,1.0,1.0,4.17,8.57,0.0,0.0,0.0,0.0,4.0,4.0,16.67,34.26,1.0,1.0,4.17,8.57,4.0,4.0,16.67,34.26,1.0,1.0,4.17,8.57,2.0,2.0,8.33,17.13,1.0,1.0,4.17,8.57,20.83,58.33,-37.5,137.04,-9.0,-9.0,-37.5,4.2,4.2,0.14,0.26,0.33,0.0,0.5,0.29,1.0,1.0,0.75,0.89,16.67,4.17,0.08,4.17,0.86
4,新北國王,21|29|10874|13029,李愷諺/林書緯/熊祥泰/杰倫,1,11,13.0,180.09,3.0,03:00,180.09,3.0,03:00,7.0,7.0,53.85,83.96,3.0,3.0,23.08,35.98,5.0,5.0,38.46,59.97,2.0,2.0,15.38,23.99,2.0,2.0,15.38,23.99,2.0,2.0,15.38,23.99,3.0,3.0,23.08,35.98,0.0,0.0,0.0,0.0,4.0,4.0,30.77,47.98,3.0,3.0,23.08,35.98,2.0,2.0,15.38,23.99,1.0,1.0,7.69,11.99,0.0,0.0,0.0,0.0,1.0,1.0,7.69,11.99,1.0,1.0,7.69,11.99,2.0,2.0,15.38,23.99,1.0,1.0,7.69,11.99,0.0,0.0,0.0,0.0,1.0,1.0,7.69,11.99,0.0,0.0,0.0,0.0,53.85,23.08,30.77,103.95,4.0,4.0,30.77,3.0,3.0,0.4,0.52,1.0,0.0,0.75,0.13,1.0,0.67,1.0,0.75,7.69,0.0,0.08,0.0,0.8
4,新北國王,21|32|10874|13029,李愷諺/奧帝/熊祥泰/杰倫,1,12,15.0,182.33,3.04,03:02,182.33,3.04,03:02,7.0,7.0,46.67,82.92,9.0,9.0,60.0,106.62,4.0,4.0,26.67,47.39,2.0,2.0,13.33,23.69,2.0,2.0,13.33,23.69,2.0,2.0,13.33,23.69,2.0,2.0,13.33,23.69,0.0,0.0,0.0,0.0,4.0,4.0,26.67,47.39,3.0,3.0,20.0,35.54,2.0,2.0,13.33,23.69,1.0,1.0,6.67,11.85,0.0,0.0,0.0,0.0,1.0,1.0,6.67,11.85,2.0,2.0,13.33,23.69,2.0,2.0,13.33,23.69,1.0,1.0,6.67,11.85,0.0,0.0,0.0,0.0,2.0,2.0,13.33,23.69,2.0,2.0,13.33,23.69,46.67,60.0,-13.33,118.46,-2.0,-2.0,-13.33,3.04,3.04,0.5,0.61,1.0,0.0,0.75,0.26,1.0,0.67,1.0,0.75,6.67,0.0,0.13,13.33,1.0
4,新北國王,29|32|10874|13029,林書緯/奧帝/熊祥泰/杰倫,1,10,12.0,144.09,2.4,02:24,144.09,2.4,02:24,8.0,8.0,66.67,119.93,3.0,3.0,25.0,44.97,4.0,4.0,33.33,59.96,2.0,2.0,16.67,29.98,1.0,1.0,8.33,14.99,1.0,1.0,8.33,14.99,3.0,3.0,25.0,44.97,1.0,1.0,8.33,14.99,4.0,4.0,33.33,59.96,3.0,3.0,25.0,44.97,2.0,2.0,16.67,29.98,1.0,1.0,8.33,14.99,0.0,0.0,0.0,0.0,1.0,1.0,8.33,14.99,1.0,1.0,8.33,14.99,2.0,2.0,16.67,29.98,1.0,1.0,8.33,14.99,0.0,0.0,0.0,0.0,1.0,1.0,8.33,14.99,0.0,0.0,0.0,0.0,66.67,25.0,41.67,119.93,5.0,5.0,41.67,2.4,2.4,0.62,0.69,1.0,0.33,0.75,0.15,1.0,0.67,1.0,0.75,8.33,0.0,0.08,0.0,1.0
4,新北中信特攻,39|104|113|10879,魏嘉豪/貝奇/林任鴻/簡廷兆,1,15,18.0,235.52,3.93,03:56,235.52,3.93,03:56,6.0,6.0,33.33,55.03,8.0,8.0,44.44,73.37,5.0,5.0,27.78,45.86,2.0,2.0,11.11,18.34,1.0,1.0,5.56,9.17,0.0,0.0,0.0,0.0,4.0,4.0,22.22,36.69,2.0,2.0,11.11,18.34,0.0,0.0,0.0,0.0,0.0,0.0,0.0,0.0,0.0,0.0,0.0,0.0,3.0,3.0,16.67,27.51,3.0,3.0,16.67,27.51,2.0,2.0,11.11,18.34,3.0,3.0,16.67,27.51,2.0,2.0,11.11,18.34,1.0,1.0,5.56,9.17,0.0,0.0,0.0,0.0,1.0,1.0,5.56,9.17,4.0,4.0,22.22,36.69,33.33,44.44,-11.11,110.06,-2.0,-2.0,-11.11,3.93,3.93,0.6,0.6,0.0,0.5,,0.38,1.0,0.0,0.5,0.38,5.56,0.0,0.06,22.22,0.0
4,新北中信特攻,39|104|113|10881,魏嘉豪/貝奇/林任鴻/飛克,1,9,11.0,143.52,2.39,02:24,143.52,2.39,02:24,3.0,3.0,27.27,45.15,6.0,6.0,54.55,90.3,2.0,2.0,18.18,30.1,1.0,1.0,9.09,15.05,0.0,0.0,0.0,0.0,0.0,0.0,0.0,0.0,2.0,2.0,18.18,30.1,1.0,1.0,9.09,15.05,0.0,0.0,0.0,0.0,0.0,0.0,0.0,0.0,0.0,0.0,0.0,0.0,1.0,1.0,9.09,15.05,2.0,2.0,18.18,30.1,1.0,1.0,9.09,15.05,3.0,3.0,27.27,45.15,1.0,1.0,9.09,15.05,1.0,1.0,9.09,15.05,0.0,0.0,0.0,0.0,0.0,0.0,0.0,0.0,2.0,2.0,18.18,30.1,27.27,54.55,-27.27,110.37,-3.0,-3.0,-27.27,2.39,2.39,0.75,0.75,,0.5,,0.6,1.0,0.0,0.33,0.25,9.09,0.0,0.0,18.18,0.0
4,新北中信特攻,39|113|10879|10881,魏嘉豪/林任鴻/簡廷兆/飛克,1,9,11.0,143.52,2.39,02:24,143.52,2.39,02:24,3.0,3.0,27.27,45.15,6.0,6.0,54.55,90.3,2.0,2.0,18.18,30.1,1.0,1.0,9.09,15.05,0.0,0.0,0.0,0.0,0.0,0.0,0.0,0.0,2.0,2.0,18.18,30.1,1.0,1.0,9.09,15.05,0.0,0.0,0.0,0.0,0.0,0.0,0.0,0.0,0.0,0.0,0.0,0.0,1.0,1.0,9.09,15.05,2.0,2.0,18.18,30.1,1.0,1.0,9.09,15.05,3.0,3.0,27.27,45.15,1.0,1.0,9.09,15.05,1.0,1.0,9.09,15.05,0.0,0.0,0.0,0.0,0.0,0.0,0.0,0.0,2.0,2.0,18.18,30.1,27.27,54.55,-27.27,110.37,-3.0,-3.0,-27.27,2.39,2.39,0.75,0.75,,0.5,,0.6,1.0,0.0,0.33,0.25,9.09,0.0,0.0,18.18,0.0
4,新北中信特攻,104|113|10879|10881,貝奇/林任鴻/簡廷兆/飛克,1,9,11.0,143.52,2.39,02:24,143.52,2.39,02:24,3.0,3.0,27.27,45.15,6.0,6.0,54.55,90.3,2.0,2.0,18.18,30.1,1.0,1.0,9.09,15.05,0.0,0.0,0.0,0.0,0.0,0.0,0.0,0.0,2.0,2.0,18.18,30.1,1.0,1.0,9.09,15.05,0.0,0.0,0.0,0.0,0.0,0.0,0.0,0.0,0.0,0.0,0.0,0.0,1.0,1.0,9.09,15.05,2.0,2.0,18.18,30.1,1.0,1.0,9.09,15.05,3.0,3.0,27.27,45.15,1.0,1.0,9.09,15.05,1.0,1.0,9.09,15.05,0.0,0.0,0.0,0.0,0.0,0.0,0.0,0.0,2.0,2.0,18.18,30.1,27.27,54.55,-27.27,110.37,-3.0,-3.0,-27.27,2.39,2.39,0.75,0.75,,0.5,,0.6,1.0,0.0,0.33,0.25,9.09,0.0,0.0,18.18,0.0
4,新北國王,24|29|32|10874,蘇士軒/林書緯/奧帝/熊祥泰,1,3,3.0,29.0,0.48,00:29,29.0,0.48,00:29,3.0,3.0,100.0,223.45,0.0,0.0,0.0,0.0,1.0,1.0,33.33,74.48,1.0,1.0,33.33,74.48,0.0,0.0,0.0,0.0,0.0,0.0,0.0,0.0,1.0,1.0,33.33,74.48,1.0,1.0,33.33,74.48,0.0,0.0,0.0,0.0,0.0,0.0,0.0,0.0,0.0,0.0,0.0,0.0,0.0,0.0,0.0,0.0,0.0,0.0,0.0,0.0,1.0,1.0,33.33,74.48,0.0,0.0,0.0,0.0,1.0,1.0,33.33,74.48,0.0,0.0,0.0,0.0,0.0,0.0,0.0,0.0,0.0,0.0,0.0,0.0,0.0,0.0,0.0,0.0,100.0,0.0,100.0,148.97,3.0,3.0,100.0,0.48,0.48,1.5,1.5,,1.0,,0.0,1.0,0.0,,0.0,0.0,0.0,0.0,0.0,0.0
4,新北國王,24|29|32|13029,蘇士軒/林書緯/奧帝/杰倫,1,3,3.0,29.0,0.48,00:29,29.0,0.48,00:29,3.0,3.0,100.0,223.45,0.0,0.0,0.0,0.0,1.0,1.0,33.33,74.48,1.0,1.0,33.33,74.48,0.0,0.0,0.0,0.0,0.0,0.0,0.0,0.0,1.0,1.0,33.33,74.48,1.0,1.0,33.33,74.48,0.0,0.0,0.0,0.0,0.0,0.0,0.0,0.0,0.0,0.0,0.0,0.0,0.0,0.0,0.0,0.0,0.0,0.0,0.0,0.0,1.0,1.0,33.33,74.48,0.0,0.0,0.0,0.0,1.0,1.0,33.33,74.48,0.0,0.0,0.0,0.0,0.0,0.0,0.0,0.0,0.0,0.0,0.0,0.0,0.0,0.0,0.0,0.0,100.0,0.0,100.0,148.97,3.0,3.0,100.0,0.48,0.48,1.5,1.5,,1.0,,0.0,1.0,0.0,,0.0,0.0,0.0,0.0,0.0,0.0
4,新北國王,24|29|10874|13029,蘇士軒/林書緯/熊祥泰/杰倫,1,13,15.0,167.86,2.8,02:48,167.86,2.8,02:48,5.0,5.0,33.33,64.34,7.0,7.0,46.67,90.08,5.0,5.0,33.33,64.34,2.0,2.0,13.33,25.74,3.0,3.0,20.0,38.6,1.0,1.0,6.67,12.87,2.0,2.0,13.33,25.74,1.0,1.0,6.67,12.87,0.0,0.0,0.0,0.0,0.0,0.0,0.0,0.0,1.0,1.0,6.67,12.87,2.0,2.0,13.33,25.74,1.0,1.0,6.67,12.87,2.0,2.0,13.33,25.74,2.0,2.0,13.33,25.74,1.0,1.0,6.67,12.87,2.0,2.0,13.33,25.74,0.0,0.0,0.0,0.0,1.0,1.0,6.67,12.87,1.0,1.0,6.67,12.87,33.33,46.67,-13.33,128.68,-2.0,-2.0,-13.33,2.8,2.8,0.5,0.5,0.33,0.5,,0.29,0.5,0.33,0.67,0.5,13.33,0.0,0.07,6.67,0.0
4,新北國王,24|32|10874|13029,蘇士軒/奧帝/熊祥泰/杰倫,1,3,3.0,29.0,0.48,00:29,29.0,0.48,00:29,3.0,3.0,100.0,223.45,0.0,0.0,0.0,0.0,1.0,1.0,33.33,74.48,1.0,1.0,33.33,74.48,0.0,0.0,0.0,0.0,0.0,0.0,0.0,0.0,1.0,1.0,33.33,74.48,1.0,1.0,33.33,74.48,0.0,0.0,0.0,0.0,0.0,0.0,0.0,0.0,0.0,0.0,0.0,0.0,0.0,0.0,0.0,0.0,0.0,0.0,0.0,0.0,1.0,1.0,33.33,74.48,0.0,0.0,0.0,0.0,1.0,1.0,33.33,74.48,0.0,0.0,0.0,0.0,0.0,0.0,0.0,0.0,0.0,0.0,0.0,0.0,0.0,0.0,0.0,0.0,100.0,0.0,100.0,148.97,3.0,3.0,100.0,0.48,0.48,1.5,1.5,,1.0,,0.0,1.0,0.0,,0.0,0.0,0.0,0.0,0.0,0.0
4,新北中信特攻,39|47|104|113,魏嘉豪/曾文鼎/貝奇/林任鴻,1,6,7.0,92.0,1.53,01:32,92.0,1.53,01:32,3.0,3.0,42.86,70.43,2.0,2.0,28.57,46.96,3.0,3.0,42.86,70.43,1.0,1.0,14.29,23.48,1.0,1.0,14.29,23.48,0.0,0.0,0.0,0.0,2.0,2.0,28.57,46.96,1.0,1.0,14.29,23.48,0.0,0.0,0.0,0.0,0.0,0.0,0.0,0.0,0.0,0.0,0.0,0.0,2.0,2.0,28.57,46.96,1.0,1.0,14.29,23.48,1.0,1.0,14.29,23.48,0.0,0.0,0.0,0.0,1.0,1.0,14.29,23.48,0.0,0.0,0.0,0.0,0.0,0.0,0.0,0.0,1.0,1.0,14.29,23.48,2.0,2.0,28.57,46.96,42.86,28.57,14.29,109.57,1.0,1.0,14.29,1.53,1.53,0.5,0.5,0.0,0.5,,0.0,1.0,0.0,0.67,0.5,0.0,0.0,0.14,28.57,0.0
4,新北中信特攻,39|47|113|10879,魏嘉豪/曾文鼎/林任鴻/簡廷兆,1,6,7.0,92.0,1.53,01:32,92.0,1.53,01:32,3.0,3.0,42.86,70.43,2.0,2.0,28.57,46.96,3.0,3.0,42.86,70.43,1.0,1.0,14.29,23.48,1.0,1.0,14.29,23.48,0.0,0.0,0.0,0.0,2.0,2.0,28.57,46.96,1.0,1.0,14.29,23.48,0.0,0.0,0.0,0.0,0.0,0.0,0.0,0.0,0.0,0.0,0.0,0.0,2.0,2.0,28.57,46.96,1.0,1.0,14.29,23.48,1.0,1.0,14.29,23.48,0.0,0.0,0.0,0.0,1.0,1.0,14.29,23.48,0.0,0.0,0.0,0.0,0.0,0.0,0.0,0.0,1.0,1.0,14.29,23.48,2.0,2.0,28.57,46.96,42.86,28.57,14.29,109.57,1.0,1.0,14.29,1.53,1.53,0.5,0.5,0.0,0.5,,0.0,1.0,0.0,0.67,0.5,0.0,0.0,0.14,28.57,0.0
4,新北中信特攻,47|104|113|10879,曾文鼎/貝奇/林任鴻/簡廷兆,1,6,7.0,92.0,1.53,01:32,92.0,1.53,01:32,3.0,3.0,42.86,70.43,2.0,2.0,28.57,46.96,3.0,3.0,42.86,70.43,1.0,1.0,14.29,23.48,1.0,1.0,14.29,23.48,0.0,0.0,0.0,0.0,2.0,2.0,28.57,46.96,1.0,1.0,14.29,23.48,0.0,0.0,0.0,0.0,0.0,0.0,0.0,0.0,0.0,0.0,0.0,0.0,2.0,2.0,28.57,46.96,1.0,1.0,14.29,23.48,1.0,1.0,14.29,23.48,0.0,0.0,0.0,0.0,1.0,1.0,14.29,23.48,0.0,0.0,0.0,0.0,0.0,0.0,0.0,0.0,1.0,1.0,14.29,23.48,2.0,2.0,28.57,46.96,42.86,28.57,14.29,109.57,1.0,1.0,14.29,1.53,1.53,0.5,0.5,0.0,0.5,,0.0,1.0,0.0,0.67,0.5,0.0,0.0,0.14,28.57,0.0
4,新北國王,21|28|29|34,李愷諺/呂政儒/林書緯/沃許本,1,6,7.0,92.0,1.53,01:32,92.0,1.53,01:32,2.0,2.0,28.57,46.96,3.0,3.0,42.86,70.43,2.0,2.0,28.57,46.96,0.0,0.0,0.0,0.0,1.0,1.0,14.29,23.48,0.0,0.0,0.0,0.0,1.0,1.0,14.29,23.48,0.0,0.0,0.0,0.0,2.0,2.0,28.57,46.96,2.0,2.0,28.57,46.96,1.0,1.0,14.29,23.48,1.0,1.0,14.29,23.48,0.0,0.0,0.0,0.0,2.0,2.0,28.57,46.96,1.0,1.0,14.29,23.48,0.0,0.0,0.0,0.0,1.0,1.0,14.29,23.48,0.0,0.0,0.0,0.0,1.0,1.0,14.29,23.48,0.0,0.0,0.0,0.0,28.57,42.86,-14.29,109.57,-1.0,-1.0,-14.29,1.53,1.53,0.0,0.35,0.0,0.0,1.0,0.26,,0.33,1.0,0.5,14.29,0.0,0.14,0.0,1.0
4,新北國王,21|28|29|13029,李愷諺/呂政儒/林書緯/杰倫,1,6,7.0,92.0,1.53,01:32,92.0,1.53,01:32,2.0,2.0,28.57,46.96,3.0,3.0,42.86,70.43,2.0,2.0,28.57,46.96,0.0,0.0,0.0,0.0,1.0,1.0,14.29,23.48,0.0,0.0,0.0,0.0,1.0,1.0,14.29,23.48,0.0,0.0,0.0,0.0,2.0,2.0,28.57,46.96,2.0,2.0,28.57,46.96,1.0,1.0,14.29,23.48,1.0,1.0,14.29,23.48,0.0,0.0,0.0,0.0,2.0,2.0,28.57,46.96,1.0,1.0,14.29,23.48,0.0,0.0,0.0,0.0,1.0,1.0,14.29,23.48,0.0,0.0,0.0,0.0,1.0,1.0,14.29,23.48,0.0,0.0,0.0,0.0,28.57,42.86,-14.29,109.57,-1.0,-1.0,-14.29,1.53,1.53,0.0,0.35,0.0,0.0,1.0,0.26,,0.33,1.0,0.5,14.29,0.0,0.14,0.0,1.0
4,新北國王,21|28|34|13029,李愷諺/呂政儒/沃許本/杰倫,1,6,7.0,92.0,1.53,01:32,92.0,1.53,01:32,2.0,2.0,28.57,46.96,3.0,3.0,42.86,70.43,2.0,2.0,28.57,46.96,0.0,0.0,0.0,0.0,1.0,1.0,14.29,23.48,0.0,0.0,0.0,0.0,1.0,1.0,14.29,23.48,0.0,0.0,0.0,0.0,2.0,2.0,28.57,46.96,2.0,2.0,28.57,46.96,1.0,1.0,14.29,23.48,1.0,1.0,14.29,23.48,0.0,0.0,0.0,0.0,2.0,2.0,28.57,46.96,1.0,1.0,14.29,23.48,0.0,0.0,0.0,0.0,1.0,1.0,14.29,23.48,0.0,0.0,0.0,0.0,1.0,1.0,14.29,23.48,0.0,0.0,0.0,0.0,28.57,42.86,-14.29,109.57,-1.0,-1.0,-14.29,1.53,1.53,0.0,0.35,0.0,0.0,1.0,0.26,,0.33,1.0,0.5,14.29,0.0,0.14,0.0,1.0
4,新北國王,21|29|34|13029,李愷諺/林書緯/沃許本/杰倫,1,16,18.0,237.0,3.95,03:57,237.0,3.95,03:57,6.0,6.0,33.33,54.68,6.0,6.0,33.33,54.68,8.0,8.0,44.44,72.91,2.0,2.0,11.11,18.23,4.0,4.0,22.22,36.46,2.0,2.0,11.11,18.23,4.0,4.0,22.22,36.46,0.0,0.0,0.0,0.0,2.0,2.0,11.11,18.23,2.0,2.0,11.11,18.23,3.0,3.0,16.67,27.34,3.0,3.0,16.67,27.34,0.0,0.0,0.0,0.0,3.0,3.0,16.67,27.34,1.0,1.0,5.56,9.11,1.0,1.0,5.56,9.11,1.0,1.0,5.56,9.11,0.0,0.0,0.0,0.0,1.0,1.0,5.56,9.11,0.0,0.0,0.0,0.0,33.33,33.33,0.0,109.37,0.0,0.0,0.0,3.95,3.95,0.25,0.34,0.5,0.0,1.0,0.1,0.5,0.5,1.0,0.67,5.56,0.0,0.06,0.0,0.25
4,新北中信特攻,39|47|104|10877,魏嘉豪/曾文鼎/貝奇/阿巴西,1,7,8.0,141.53,2.36,02:22,141.53,2.36,02:22,0.0,0.0,0.0,0.0,6.0,6.0,75.0,91.57,3.0,3.0,37.5,45.79,0.0,0.0,0.0,0.0,0.0,0.0,0.0,0.0,0.0,0.0,0.0,0.0,3.0,3.0,37.5,45.79,0.0,0.0,0.0,0.0,0.0,0.0,0.0,0.0,0.0,0.0,0.0,0.0,0.0,0.0,0.0,0.0,3.0,3.0,37.5,45.79,1.0,1.0,12.5,15.26,1.0,1.0,12.5,15.26,0.0,0.0,0.0,0.0,0.0,0.0,0.0,0.0,0.0,0.0,0.0,0.0,0.0,0.0,0.0,0.0,0.0,0.0,0.0,0.0,0.0,0.0,0.0,0.0,0.0,75.0,-75.0,81.4,-6.0,-6.0,-75.0,2.36,2.36,0.0,0.0,,0.0,,0.0,,0.0,0.75,0.6,0.0,0.0,0.0,0.0,0.0
4,新北中信特攻,39|47|10877|10881,魏嘉豪/曾文鼎/阿巴西/飛克,1,7,8.0,141.53,2.36,02:22,141.53,2.36,02:22,0.0,0.0,0.0,0.0,6.0,6.0,75.0,91.57,3.0,3.0,37.5,45.79,0.0,0.0,0.0,0.0,0.0,0.0,0.0,0.0,0.0,0.0,0.0,0.0,3.0,3.0,37.5,45.79,0.0,0.0,0.0,0.0,0.0,0.0,0.0,0.0,0.0,0.0,0.0,0.0,0.0,0.0,0.0,0.0,3.0,3.0,37.5,45.79,1.0,1.0,12.5,15.26,1.0,1.0,12.5,15.26,0.0,0.0,0.0,0.0,0.0,0.0,0.0,0.0,0.0,0.0,0.0,0.0,0.0,0.0,0.0,0.0,0.0,0.0,0.0,0.0,0.0,0.0,0.0,0.0,0.0,75.0,-75.0,81.4,-6.0,-6.0,-75.0,2.36,2.36,0.0,0.0,,0.0,,0.0,,0.0,0.75,0.6,0.0,0.0,0.0,0.0,0.0
4,新北中信特攻,39|104|10877|10881,魏嘉豪/貝奇/阿巴西/飛克,1,15,16.0,293.53,4.89,04:54,293.53,4.89,04:54,4.0,4.0,25.0,29.44,6.0,6.0,37.5,44.15,6.0,6.0,37.5,44.15,2.0,2.0,12.5,14.72,2.0,2.0,12.5,14.72,2.0,2.0,12.5,14.72,4.0,4.0,25.0,29.44,0.0,0.0,0.0,0.0,2.0,2.0,12.5,14.72,0.0,0.0,0.0,0.0,0.0,0.0,0.0,0.0,5.0,5.0,31.25,36.79,1.0,1.0,6.25,7.36,5.0,5.0,31.25,36.79,0.0,0.0,0.0,0.0,2.0,2.0,12.5,14.72,0.0,0.0,0.0,0.0,0.0,0.0,0.0,0.0,1.0,1.0,6.25,7.36,0.0,0.0,0.0,0.0,25.0,37.5,-12.5,78.49,-2.0,-2.0,-12.5,4.89,4.89,0.33,0.29,1.0,0.0,0.0,0.0,1.0,0.0,0.83,0.45,0.0,0.0,0.06,0.0,0.33
4,新北中信特攻,47|104|10877|10881,曾文鼎/貝奇/阿巴西/飛克,1,7,8.0,141.53,2.36,02:22,141.53,2.36,02:22,0.0,0.0,0.0,0.0,6.0,6.0,75.0,91.57,3.0,3.0,37.5,45.79,0.0,0.0,0.0,0.0,0.0,0.0,0.0,0.0,0.0,0.0,0.0,0.0,3.0,3.0,37.5,45.79,0.0,0.0,0.0,0.0,0.0,0.0,0.0,0.0,0.0,0.0,0.0,0.0,0.0,0.0,0.0,0.0,3.0,3.0,37.5,45.79,1.0,1.0,12.5,15.26,1.0,1.0,12.5,15.26,0.0,0.0,0.0,0.0,0.0,0.0,0.0,0.0,0.0,0.0,0.0,0.0,0.0,0.0,0.0,0.0,0.0,0.0,0.0,0.0,0.0,0.0,0.0,0.0,0.0,75.0,-75.0,81.4,-6.0,-6.0,-75.0,2.36,2.36,0.0,0.0,,0.0,,0.0,,0.0,0.75,0.6,0.0,0.0,0.0,0.0,0.0
4,新北國王,24|29|34|10872,蘇士軒/林書緯/沃許本/林彥廷,1,10,11.0,197.53,3.29,03:18,197.53,3.29,03:18,6.0,6.0,54.55,65.61,2.0,2.0,18.18,21.87,6.0,6.0,54.55,65.61,3.0,3.0,27.27,32.81,5.0,5.0,45.45,54.68,3.0,3.0,27.27,32.81,1.0,1.0,9.09,10.94,0.0,0.0,0.0,0.0,0.0,0.0,0.0,0.0,0.0,0.0,0.0,0.0,1.0,1.0,9.09,10.94,2.0,2.0,18.18,21.87,0.0,0.0,0.0,0.0,3.0,3.0,27.27,32.81,0.0,0.0,0.0,0.0,0.0,0.0,0.0,0.0,0.0,0.0,0.0,0.0,0.0,0.0,0.0,0.0,2.0,2.0,18.18,21.87,0.0,0.0,0.0,0.0,54.55,18.18,36.36,80.19,4.0,4.0,36.36,3.29,3.29,0.5,0.5,0.6,0.0,,0.0,0.0,0.25,1.0,0.5,0.0,0.0,0.18,0.0,0.0
4,新北國王,24|29|10872|13029,蘇士軒/林書緯/林彥廷/杰倫,1,10,11.0,197.53,3.29,03:18,197.53,3.29,03:18,6.0,6.0,54.55,65.61,2.0,2.0,18.18,21.87,6.0,6.0,54.55,65.61,3.0,3.0,27.27,32.81,5.0,5.0,45.45,54.68,3.0,3.0,27.27,32.81,1.0,1.0,9.09,10.94,0.0,0.0,0.0,0.0,0.0,0.0,0.0,0.0,0.0,0.0,0.0,0.0,1.0,1.0,9.09,10.94,2.0,2.0,18.18,21.87,0.0,0.0,0.0,0.0,3.0,3.0,27.27,32.81,0.0,0.0,0.0,0.0,0.0,0.0,0.0,0.0,0.0,0.0,0.0,0.0,0.0,0.0,0.0,0.0,2.0,2.0,18.18,21.87,0.0,0.0,0.0,0.0,54.55,18.18,36.36,80.19,4.0,4.0,36.36,3.29,3.29,0.5,0.5,0.6,0.0,,0.0,0.0,0.25,1.0,0.5,0.0,0.0,0.18,0.0,0.0
4,新北國王,24|34|10872|13029,蘇士軒/沃許本/林彥廷/杰倫,1,13,16.0,249.57,4.16,04:10,249.57,4.16,04:10,7.0,7.0,43.75,60.58,2.0,2.0,12.5,17.31,7.0,7.0,43.75,60.58,3.0,3.0,18.75,25.96,5.0,5.0,31.25,43.27,3.0,3.0,18.75,25.96,2.0,2.0,12.5,17.31,0.0,0.0,0.0,0.0,1.0,1.0,6.25,8.65,1.0,1.0,6.25,8.65,1.0,1.0,6.25,8.65,3.0,3.0,18.75,25.96,2.0,2.0,12.5,17.31,4.0,4.0,25.0,34.62,0.0,0.0,0.0,0.0,0.0,0.0,0.0,0.0,0.0,0.0,0.0,0.0,0.0,0.0,0.0,0.0,2.0,2.0,12.5,17.31,0.0,0.0,0.0,0.0,43.75,12.5,31.25,92.32,5.0,5.0,31.25,4.16,4.16,0.43,0.47,0.6,0.0,1.0,0.0,0.0,0.2,0.6,0.4,0.0,0.0,0.12,0.0,0.14
4,新北國王,29|34|10872|13029,林書緯/沃許本/林彥廷/杰倫,1,16,18.0,277.53,4.63,04:38,277.53,4.63,04:38,8.0,8.0,44.44,62.26,5.0,5.0,27.78,38.92,10.0,10.0,55.56,77.83,4.0,4.0,22.22,31.13,7.0,7.0,38.89,54.48,4.0,4.0,22.22,31.13,3.0,3.0,16.67,23.35,0.0,0.0,0.0,0.0,0.0,0.0,0.0,0.0,0.0,0.0,0.0,0.0,3.0,3.0,16.67,23.35,4.0,4.0,22.22,31.13,0.0,0.0,0.0,0.0,3.0,3.0,16.67,23.35,0.0,0.0,0.0,0.0,0.0,0.0,0.0,0.0,0.0,0.0,0.0,0.0,0.0,0.0,0.0,0.0,2.0,2.0,11.11,15.57,0.0,0.0,0.0,0.0,44.44,27.78,16.67,93.4,3.0,3.0,16.67,4.63,4.63,0.4,0.4,0.57,0.0,,0.0,0.0,0.5,1.0,0.7,0.0,0.0,0.11,0.0,0.0
4,新北國王,24|29|34|10874,蘇士軒/林書緯/沃許本/熊祥泰,1,10,12.0,138.85,2.31,02:19,138.85,2.31,02:19,2.0,2.0,16.67,31.11,7.0,7.0,58.33,108.89,4.0,4.0,33.33,62.22,1.0,1.0,8.33,15.56,3.0,3.0,25.0,46.67,1.0,1.0,8.33,15.56,1.0,1.0,8.33,15.56,0.0,0.0,0.0,0.0,0.0,0.0,0.0,0.0,0.0,0.0,0.0,0.0,1.0,1.0,8.33,15.56,2.0,2.0,16.67,31.11,1.0,1.0,8.33,15.56,1.0,1.0,8.33,15.56,2.0,2.0,16.67,31.11,0.0,0.0,0.0,0.0,2.0,2.0,16.67,31.11,0.0,0.0,0.0,0.0,1.0,1.0,8.33,15.56,1.0,1.0,8.33,15.56,16.67,58.33,-41.67,124.45,-5.0,-5.0,-41.67,2.31,2.31,0.25,0.25,0.33,0.0,,0.33,0.0,0.5,0.67,0.6,16.67,0.0,0.08,8.33,0.0
4,新北國王,24|34|10874|13029,蘇士軒/沃許本/熊祥泰/杰倫,1,22,29.0,377.23,6.29,06:17,377.23,6.29,06:17,5.0,5.0,17.24,28.63,18.0,18.0,62.07,103.07,10.0,10.0,34.48,57.26,2.0,2.0,6.9,11.45,5.0,5.0,17.24,28.63,2.0,2.0,6.9,11.45,5.0,5.0,17.24,28.63,0.0,0.0,0.0,0.0,1.0,1.0,3.45,5.73,1.0,1.0,3.45,5.73,2.0,2.0,6.9,11.45,6.0,6.0,20.69,34.36,5.0,5.0,17.24,28.63,2.0,2.0,6.9,11.45,2.0,2.0,6.9,11.45,0.0,0.0,0.0,0.0,2.0,2.0,6.9,11.45,0.0,0.0,0.0,0.0,1.0,1.0,3.45,5.73,1.0,1.0,3.45,5.73,17.24,62.07,-44.83,110.7,-13.0,-13.0,-44.83,6.29,6.29,0.2,0.24,0.4,0.0,1.0,0.16,0.0,0.5,0.55,0.53,6.9,0.0,0.03,3.45,0.1
4,新北國王,29|34|10874|13029,林書緯/沃許本/熊祥泰/杰倫,1,14,16.0,203.85,3.4,03:24,203.85,3.4,03:24,4.0,4.0,25.0,42.38,7.0,7.0,43.75,74.17,6.0,6.0,37.5,63.57,2.0,2.0,12.5,21.19,4.0,4.0,25.0,42.38,2.0,2.0,12.5,21.19,2.0,2.0,12.5,21.19,0.0,0.0,0.0,0.0,0.0,0.0,0.0,0.0,0.0,0.0,0.0,0.0,1.0,1.0,6.25,10.6,2.0,2.0,12.5,21.19,1.0,1.0,6.25,10.6,2.0,2.0,12.5,21.19,2.0,2.0,12.5,21.19,1.0,1.0,6.25,10.6,2.0,2.0,12.5,21.19,0.0,0.0,0.0,0.0,1.0,1.0,6.25,10.6,1.0,1.0,6.25,10.6,25.0,43.75,-18.75,113.02,-3.0,-3.0,-18.75,3.4,3.4,0.33,0.33,0.5,0.0,,0.25,0.5,0.33,0.67,0.5,12.5,0.0,0.06,6.25,0.0
4,新北中信特攻,40|43|104|10877,謝亞軒/林韋翰/貝奇/阿巴西,1,17,22.0,298.29,4.97,04:58,298.29,4.97,04:58,9.0,9.0,40.91,65.17,7.0,7.0,31.82,50.69,8.0,8.0,36.36,57.93,3.0,3.0,13.64,21.72,4.0,4.0,18.18,28.97,1.0,1.0,4.55,7.24,4.0,4.0,18.18,28.97,2.0,2.0,9.09,14.48,2.0,2.0,9.09,14.48,1.0,1.0,4.55,7.24,3.0,3.0,13.64,21.72,4.0,4.0,18.18,28.97,2.0,2.0,9.09,14.48,2.0,2.0,9.09,14.48,1.0,1.0,4.55,7.24,2.0,2.0,9.09,14.48,0.0,0.0,0.0,0.0,0.0,0.0,0.0,0.0,2.0,2.0,9.09,14.48,1.0,1.0,4.55,7.24,40.91,31.82,9.09,106.21,2.0,2.0,9.09,4.97,4.97,0.5,0.51,0.25,0.5,0.5,0.1,0.67,0.6,0.67,0.64,0.0,0.0,0.09,4.55,0.25
4,新北中信特攻,40|43|104|10881,謝亞軒/林韋翰/貝奇/飛克,1,17,22.0,298.29,4.97,04:58,298.29,4.97,04:58,9.0,9.0,40.91,65.17,7.0,7.0,31.82,50.69,8.0,8.0,36.36,57.93,3.0,3.0,13.64,21.72,4.0,4.0,18.18,28.97,1.0,1.0,4.55,7.24,4.0,4.0,18.18,28.97,2.0,2.0,9.09,14.48,2.0,2.0,9.09,14.48,1.0,1.0,4.55,7.24,3.0,3.0,13.64,21.72,4.0,4.0,18.18,28.97,2.0,2.0,9.09,14.48,2.0,2.0,9.09,14.48,1.0,1.0,4.55,7.24,2.0,2.0,9.09,14.48,0.0,0.0,0.0,0.0,0.0,0.0,0.0,0.0,2.0,2.0,9.09,14.48,1.0,1.0,4.55,7.24,40.91,31.82,9.09,106.21,2.0,2.0,9.09,4.97,4.97,0.5,0.51,0.25,0.5,0.5,0.1,0.67,0.6,0.67,0.64,0.0,0.0,0.09,4.55,0.25
4,新北中信特攻,40|104|10877|10881,謝亞軒/貝奇/阿巴西/飛克,1,49,59.0,860.26,14.34,14:20,860.26,14.34,14:20,28.0,28.0,47.46,70.3,11.0,11.0,18.64,27.62,21.0,21.0,35.59,52.73,10.0,10.0,16.95,25.11,13.0,13.0,22.03,32.64,7.0,7.0,11.86,17.58,8.0,8.0,13.56,20.09,3.0,3.0,5.08,7.53,8.0,8.0,13.56,20.09,5.0,5.0,8.47,12.55,6.0,6.0,10.17,15.07,8.0,8.0,13.56,20.09,5.0,5.0,8.47,12.55,13.0,13.0,22.03,32.64,4.0,4.0,6.78,10.04,8.0,8.0,13.56,20.09,1.0,1.0,1.69,2.51,1.0,1.0,1.69,2.51,5.0,5.0,8.47,12.55,3.0,3.0,5.08,7.53,47.46,18.64,28.81,98.76,17.0,17.0,28.81,14.34,14.34,0.55,0.57,0.54,0.38,0.62,0.14,0.8,0.32,0.62,0.44,1.69,1.69,0.08,5.08,0.38
4,新北中信特攻,43|104|10877|10881,林韋翰/貝奇/阿巴西/飛克,1,17,22.0,298.29,4.97,04:58,298.29,4.97,04:58,9.0,9.0,40.91,65.17,7.0,7.0,31.82,50.69,8.0,8.0,36.36,57.93,3.0,3.0,13.64,21.72,4.0,4.0,18.18,28.97,1.0,1.0,4.55,7.24,4.0,4.0,18.18,28.97,2.0,2.0,9.09,14.48,2.0,2.0,9.09,14.48,1.0,1.0,4.55,7.24,3.0,3.0,13.64,21.72,4.0,4.0,18.18,28.97,2.0,2.0,9.09,14.48,2.0,2.0,9.09,14.48,1.0,1.0,4.55,7.24,2.0,2.0,9.09,14.48,0.0,0.0,0.0,0.0,0.0,0.0,0.0,0.0,2.0,2.0,9.09,14.48,1.0,1.0,4.55,7.24,40.91,31.82,9.09,106.21,2.0,2.0,9.09,4.97,4.97,0.5,0.51,0.25,0.5,0.5,0.1,0.67,0.6,0.67,0.64,0.0,0.0,0.09,4.55,0.25
4,新北國王,24|34|10872|10874,蘇士軒/沃許本/林彥廷/熊祥泰,1,3,5.0,52.04,0.87,00:52,52.04,0.87,00:52,1.0,1.0,20.0,41.5,0.0,0.0,0.0,0.0,1.0,1.0,20.0,41.5,0.0,0.0,0.0,0.0,0.0,0.0,0.0,0.0,0.0,0.0,0.0,0.0,1.0,1.0,20.0,41.5,0.0,0.0,0.0,0.0,1.0,1.0,20.0,41.5,1.0,1.0,20.0,41.5,0.0,0.0,0.0,0.0,1.0,1.0,20.0,41.5,2.0,2.0,40.0,83.01,1.0,1.0,20.0,41.5,0.0,0.0,0.0,0.0,0.0,0.0,0.0,0.0,0.0,0.0,0.0,0.0,0.0,0.0,0.0,0.0,0.0,0.0,0.0,0.0,0.0,0.0,0.0,0.0,20.0,0.0,20.0,138.34,1.0,1.0,20.0,0.87,0.87,0.0,0.35,,0.0,1.0,0.0,,0.0,0.33,0.25,0.0,0.0,0.0,0.0,1.0
4,新北國王,24|10872|10874|13029,蘇士軒/林彥廷/熊祥泰/杰倫,1,3,5.0,52.04,0.87,00:52,52.04,0.87,00:52,1.0,1.0,20.0,41.5,0.0,0.0,0.0,0.0,1.0,1.0,20.0,41.5,0.0,0.0,0.0,0.0,0.0,0.0,0.0,0.0,0.0,0.0,0.0,0.0,1.0,1.0,20.0,41.5,0.0,0.0,0.0,0.0,1.0,1.0,20.0,41.5,1.0,1.0,20.0,41.5,0.0,0.0,0.0,0.0,1.0,1.0,20.0,41.5,2.0,2.0,40.0,83.01,1.0,1.0,20.0,41.5,0.0,0.0,0.0,0.0,0.0,0.0,0.0,0.0,0.0,0.0,0.0,0.0,0.0,0.0,0.0,0.0,0.0,0.0,0.0,0.0,0.0,0.0,0.0,0.0,20.0,0.0,20.0,138.34,1.0,1.0,20.0,0.87,0.87,0.0,0.35,,0.0,1.0,0.0,,0.0,0.33,0.25,0.0,0.0,0.0,0.0,1.0
4,新北國王,34|10872|10874|13029,沃許本/林彥廷/熊祥泰/杰倫,1,4,6.0,132.04,2.2,02:12,132.04,2.2,02:12,1.0,1.0,16.67,16.36,0.0,0.0,0.0,0.0,2.0,2.0,33.33,32.72,0.0,0.0,0.0,0.0,0.0,0.0,0.0,0.0,0.0,0.0,0.0,0.0,2.0,2.0,33.33,32.72,0.0,0.0,0.0,0.0,1.0,1.0,16.67,16.36,1.0,1.0,16.67,16.36,0.0,0.0,0.0,0.0,1.0,1.0,16.67,16.36,2.0,2.0,33.33,32.72,1.0,1.0,16.67,16.36,0.0,0.0,0.0,0.0,0.0,0.0,0.0,0.0,0.0,0.0,0.0,0.0,0.0,0.0,0.0,0.0,0.0,0.0,0.0,0.0,0.0,0.0,0.0,0.0,16.67,0.0,16.67,65.43,1.0,1.0,16.67,2.2,2.2,0.0,0.2,,0.0,1.0,0.0,,0.0,0.33,0.25,0.0,0.0,0.0,0.0,0.5
4,新北國王,21|32|10872|13029,李愷諺/奧帝/林彥廷/杰倫,1,10,13.0,131.34,2.19,02:11,131.34,2.19,02:11,2.0,2.0,15.38,32.89,10.0,10.0,76.92,164.46,3.0,3.0,23.08,49.34,1.0,1.0,7.69,16.45,1.0,1.0,7.69,16.45,1.0,1.0,7.69,16.45,2.0,2.0,15.38,32.89,0.0,0.0,0.0,0.0,2.0,2.0,15.38,32.89,0.0,0.0,0.0,0.0,2.0,2.0,15.38,32.89,1.0,1.0,7.69,16.45,1.0,1.0,7.69,16.45,1.0,1.0,7.69,16.45,2.0,2.0,15.38,32.89,1.0,1.0,7.69,16.45,1.0,1.0,7.69,16.45,0.0,0.0,0.0,0.0,2.0,2.0,15.38,32.89,2.0,2.0,15.38,32.89,15.38,76.92,-61.54,142.53,-8.0,-8.0,-61.54,2.19,2.19,0.33,0.26,1.0,0.0,0.0,0.34,1.0,0.67,0.5,0.6,7.69,0.0,0.15,15.38,0.67
4,新北國王,21|10872|10874|13029,李愷諺/林彥廷/熊祥泰/杰倫,1,6,7.0,147.24,2.45,02:27,147.24,2.45,02:27,2.0,2.0,28.57,29.34,6.0,6.0,85.71,88.02,2.0,2.0,28.57,29.34,1.0,1.0,14.29,14.67,1.0,1.0,14.29,14.67,1.0,1.0,14.29,14.67,1.0,1.0,14.29,14.67,0.0,0.0,0.0,0.0,0.0,0.0,0.0,0.0,0.0,0.0,0.0,0.0,0.0,0.0,0.0,0.0,0.0,0.0,0.0,0.0,0.0,0.0,0.0,0.0,1.0,1.0,14.29,14.67,1.0,1.0,14.29,14.67,1.0,1.0,14.29,14.67,0.0,0.0,0.0,0.0,0.0,0.0,0.0,0.0,1.0,1.0,14.29,14.67,2.0,2.0,28.57,29.34,28.57,85.71,-57.14,68.46,-4.0,-4.0,-57.14,2.45,2.45,0.5,0.5,1.0,0.0,,0.33,1.0,0.0,,0.0,0.0,0.0,0.14,28.57,0.0
4,新北國王,32|10872|10874|13029,奧帝/林彥廷/熊祥泰/杰倫,1,5,6.0,67.24,1.12,01:07,67.24,1.12,01:07,2.0,2.0,33.33,64.24,6.0,6.0,100.0,192.73,1.0,1.0,16.67,32.12,1.0,1.0,16.67,32.12,1.0,1.0,16.67,32.12,1.0,1.0,16.67,32.12,0.0,0.0,0.0,0.0,0.0,0.0,0.0,0.0,0.0,0.0,0.0,0.0,0.0,0.0,0.0,0.0,0.0,0.0,0.0,0.0,0.0,0.0,0.0,0.0,0.0,0.0,0.0,0.0,1.0,1.0,16.67,32.12,1.0,1.0,16.67,32.12,1.0,1.0,16.67,32.12,0.0,0.0,0.0,0.0,0.0,0.0,0.0,0.0,1.0,1.0,16.67,32.12,2.0,2.0,33.33,64.24,33.33,100.0,-66.67,128.49,-4.0,-4.0,-66.67,1.12,1.12,1.0,1.0,1.0,,,0.5,1.0,0.0,,0.0,0.0,0.0,0.17,33.33,0.0
4,新北國王,21|29|32|10872,李愷諺/林書緯/奧帝/林彥廷,1,6,9.0,78.1,1.3,01:18,78.1,1.3,01:18,0.0,0.0,0.0,0.0,6.0,6.0,66.67,165.95,2.0,2.0,22.22,55.32,0.0,0.0,0.0,0.0,0.0,0.0,0.0,0.0,0.0,0.0,0.0,0.0,2.0,2.0,22.22,55.32,0.0,0.0,0.0,0.0,2.0,2.0,22.22,55.32,0.0,0.0,0.0,0.0,2.0,2.0,22.22,55.32,1.0,1.0,11.11,27.66,1.0,1.0,11.11,27.66,0.0,0.0,0.0,0.0,2.0,2.0,22.22,55.32,0.0,0.0,0.0,0.0,2.0,2.0,22.22,55.32,0.0,0.0,0.0,0.0,1.0,1.0,11.11,27.66,0.0,0.0,0.0,0.0,0.0,66.67,-66.67,165.95,-6.0,-6.0,-66.67,1.3,1.3,0.0,0.0,,0.0,0.0,0.41,,1.0,0.5,0.75,22.22,0.0,0.11,0.0,1.0
4,新北國王,21|29|10872|13029,李愷諺/林書緯/林彥廷/杰倫,1,11,14.0,144.1,2.4,02:24,144.1,2.4,02:24,2.0,2.0,14.29,29.98,7.0,7.0,50.0,104.93,6.0,6.0,42.86,89.94,1.0,1.0,7.14,14.99,2.0,2.0,14.29,29.98,1.0,1.0,7.14,14.99,4.0,4.0,28.57,59.96,0.0,0.0,0.0,0.0,2.0,2.0,14.29,29.98,0.0,0.0,0.0,0.0,4.0,4.0,28.57,59.96,3.0,3.0,21.43,44.97,1.0,1.0,7.14,14.99,0.0,0.0,0.0,0.0,1.0,1.0,7.14,14.99,0.0,0.0,0.0,0.0,1.0,1.0,7.14,14.99,0.0,0.0,0.0,0.0,1.0,1.0,7.14,14.99,0.0,0.0,0.0,0.0,14.29,50.0,-35.71,139.91,-5.0,-5.0,-35.71,2.4,2.4,0.17,0.15,0.5,0.0,0.0,0.13,0.0,1.0,0.75,0.88,7.14,0.0,0.07,0.0,0.33
4,新北國王,29|32|10872|13029,林書緯/奧帝/林彥廷/杰倫,1,14,17.0,208.97,3.48,03:29,208.97,3.48,03:29,2.0,2.0,11.76,20.67,8.0,8.0,47.06,82.69,6.0,6.0,35.29,62.02,1.0,1.0,5.88,10.34,1.0,1.0,5.88,10.34,1.0,1.0,5.88,10.34,5.0,5.0,29.41,51.68,0.0,0.0,0.0,0.0,2.0,2.0,11.76,20.67,0.0,0.0,0.0,0.0,2.0,2.0,11.76,20.67,4.0,4.0,23.53,41.34,2.0,2.0,11.76,20.67,2.0,2.0,11.76,20.67,1.0,1.0,5.88,10.34,1.0,1.0,5.88,10.34,1.0,1.0,5.88,10.34,0.0,0.0,0.0,0.0,1.0,1.0,5.88,10.34,2.0,2.0,11.76,20.67,11.76,47.06,-35.29,117.14,-6.0,-6.0,-35.29,3.48,3.48,0.17,0.15,1.0,0.0,0.0,0.13,1.0,0.5,0.67,0.6,5.88,0.0,0.06,11.76,0.33
4,新北中信特攻,40|104|10877|10879,謝亞軒/貝奇/阿巴西/簡廷兆,1,32,40.0,547.68,9.13,09:08,547.68,9.13,09:08,21.0,21.0,52.5,82.82,8.0,8.0,20.0,31.55,15.0,15.0,37.5,59.16,8.0,8.0,20.0,31.55,11.0,11.0,27.5,43.38,7.0,7.0,17.5,27.61,4.0,4.0,10.0,15.78,1.0,1.0,2.5,3.94,4.0,4.0,10.0,15.78,4.0,4.0,10.0,15.78,4.0,4.0,10.0,15.78,3.0,3.0,7.5,11.83,5.0,5.0,12.5,19.72,8.0,8.0,20.0,31.55,3.0,3.0,7.5,11.83,6.0,6.0,15.0,23.66,1.0,1.0,2.5,3.94,1.0,1.0,2.5,3.94,2.0,2.0,5.0,7.89,2.0,2.0,5.0,7.89,52.5,20.0,32.5,105.17,13.0,13.0,32.5,9.13,9.13,0.57,0.63,0.64,0.25,1.0,0.15,0.75,0.33,0.38,0.35,2.5,2.5,0.05,5.0,0.27
4,新北中信特攻,104|10877|10879|10881,貝奇/阿巴西/簡廷兆/飛克,1,34,42.0,555.14,9.25,09:15,555.14,9.25,09:15,22.0,22.0,52.38,85.6,13.0,13.0,30.95,50.58,15.0,15.0,35.71,58.36,8.0,8.0,19.05,31.13,11.0,11.0,26.19,42.8,7.0,7.0,16.67,27.24,4.0,4.0,9.52,15.56,1.0,1.0,2.38,3.89,5.0,5.0,11.9,19.45,5.0,5.0,11.9,19.45,3.0,3.0,7.14,11.67,4.0,4.0,9.52,15.56,4.0,4.0,9.52,15.56,8.0,8.0,19.05,31.13,3.0,3.0,7.14,11.67,5.0,5.0,11.9,19.45,1.0,1.0,2.38,3.89,1.0,1.0,2.38,3.89,3.0,3.0,7.14,11.67,2.0,2.0,4.76,7.78,52.38,30.95,21.43,108.95,9.0,9.0,21.43,9.25,9.25,0.57,0.64,0.64,0.25,1.0,0.15,0.62,0.27,0.5,0.37,2.38,2.38,0.07,4.76,0.33
4,新北國王,21|29|34|10872,李愷諺/林書緯/沃許本/林彥廷,1,7,9.0,94.0,1.57,01:34,94.0,1.57,01:34,2.0,2.0,22.22,45.96,5.0,5.0,55.56,114.89,4.0,4.0,44.44,91.91,1.0,1.0,11.11,22.98,2.0,2.0,22.22,45.96,1.0,1.0,11.11,22.98,2.0,2.0,22.22,45.96,0.0,0.0,0.0,0.0,0.0,0.0,0.0,0.0,0.0,0.0,0.0,0.0,2.0,2.0,22.22,45.96,2.0,2.0,22.22,45.96,0.0,0.0,0.0,0.0,0.0,0.0,0.0,0.0,1.0,1.0,11.11,22.98,0.0,0.0,0.0,0.0,1.0,1.0,11.11,22.98,0.0,0.0,0.0,0.0,0.0,0.0,0.0,0.0,0.0,0.0,0.0,0.0,22.22,55.56,-33.33,137.87,-3.0,-3.0,-33.33,1.57,1.57,0.25,0.25,0.5,0.0,,0.2,0.0,1.0,1.0,1.0,11.11,0.0,0.0,0.0,0.0
4,新北國王,29|32|34|10872,林書緯/奧帝/沃許本/林彥廷,1,16,21.0,260.8,4.35,04:21,260.8,4.35,04:21,7.0,7.0,33.33,57.98,9.0,9.0,42.86,74.54,9.0,9.0,42.86,74.54,3.0,3.0,14.29,24.85,5.0,5.0,23.81,41.41,3.0,3.0,14.29,24.85,4.0,4.0,19.05,33.13,0.0,0.0,0.0,0.0,1.0,1.0,4.76,8.28,1.0,1.0,4.76,8.28,3.0,3.0,14.29,24.85,3.0,3.0,14.29,24.85,2.0,2.0,9.52,16.56,1.0,1.0,4.76,8.28,2.0,2.0,9.52,16.56,1.0,1.0,4.76,8.28,1.0,1.0,4.76,8.28,0.0,0.0,0.0,0.0,1.0,1.0,4.76,8.28,2.0,2.0,9.52,16.56,33.33,42.86,-9.52,115.95,-2.0,-2.0,-9.52,4.35,4.35,0.33,0.37,0.6,0.0,1.0,0.17,0.33,0.75,0.6,0.67,4.76,0.0,0.05,9.52,0.11
4,新北國王,29|32|10872|10874,林書緯/奧帝/林彥廷/熊祥泰,1,5,8.0,103.19,1.72,01:43,103.19,1.72,01:43,2.0,2.0,25.0,41.86,4.0,4.0,50.0,83.73,4.0,4.0,50.0,83.73,1.0,1.0,12.5,20.93,1.0,1.0,12.5,20.93,1.0,1.0,12.5,20.93,3.0,3.0,37.5,62.79,0.0,0.0,0.0,0.0,0.0,0.0,0.0,0.0,0.0,0.0,0.0,0.0,2.0,2.0,25.0,41.86,1.0,1.0,12.5,20.93,1.0,1.0,12.5,20.93,0.0,0.0,0.0,0.0,1.0,1.0,12.5,20.93,0.0,0.0,0.0,0.0,0.0,0.0,0.0,0.0,0.0,0.0,0.0,0.0,1.0,1.0,12.5,20.93,2.0,2.0,25.0,41.86,25.0,50.0,-25.0,111.64,-2.0,-2.0,-25.0,1.72,1.72,0.25,0.25,1.0,0.0,,0.2,0.0,1.0,0.5,0.75,0.0,0.0,0.12,25.0,0.0
4,新北國王,29|34|10872|10874,林書緯/沃許本/林彥廷/熊祥泰,1,5,8.0,103.19,1.72,01:43,103.19,1.72,01:43,2.0,2.0,25.0,41.86,4.0,4.0,50.0,83.73,4.0,4.0,50.0,83.73,1.0,1.0,12.5,20.93,1.0,1.0,12.5,20.93,1.0,1.0,12.5,20.93,3.0,3.0,37.5,62.79,0.0,0.0,0.0,0.0,0.0,0.0,0.0,0.0,0.0,0.0,0.0,0.0,2.0,2.0,25.0,41.86,1.0,1.0,12.5,20.93,1.0,1.0,12.5,20.93,0.0,0.0,0.0,0.0,1.0,1.0,12.5,20.93,0.0,0.0,0.0,0.0,0.0,0.0,0.0,0.0,0.0,0.0,0.0,0.0,1.0,1.0,12.5,20.93,2.0,2.0,25.0,41.86,25.0,50.0,-25.0,111.64,-2.0,-2.0,-25.0,1.72,1.72,0.25,0.25,1.0,0.0,,0.2,0.0,1.0,0.5,0.75,0.0,0.0,0.12,25.0,0.0
4,新北國王,21|34|10872|13029,李愷諺/沃許本/林彥廷/杰倫,1,7,8.0,160.0,2.67,02:40,160.0,2.67,02:40,2.0,2.0,25.0,27.0,3.0,3.0,37.5,40.5,5.0,5.0,62.5,67.5,1.0,1.0,12.5,13.5,2.0,2.0,25.0,27.0,1.0,1.0,12.5,13.5,3.0,3.0,37.5,40.5,0.0,0.0,0.0,0.0,0.0,0.0,0.0,0.0,0.0,0.0,0.0,0.0,2.0,2.0,25.0,27.0,2.0,2.0,25.0,27.0,0.0,0.0,0.0,0.0,0.0,0.0,0.0,0.0,0.0,0.0,0.0,0.0,0.0,0.0,0.0,0.0,0.0,0.0,0.0,0.0,0.0,0.0,0.0,0.0,0.0,0.0,0.0,0.0,0.0,0.0,0.0,0.0,25.0,37.5,-12.5,72.0,-1.0,-1.0,-12.5,2.67,2.67,0.2,0.2,0.5,0.0,,0.0,0.0,1.0,1.0,1.0,0.0,0.0,0.0,0.0,0.0
4,新北國王,21|34|10874|13029,李愷諺/沃許本/熊祥泰/杰倫,1,14,17.0,331.33,5.52,05:31,331.33,5.52,05:31,4.0,4.0,23.53,26.08,11.0,11.0,64.71,71.71,8.0,8.0,47.06,52.15,2.0,2.0,11.76,13.04,3.0,3.0,17.65,19.56,2.0,2.0,11.76,13.04,5.0,5.0,29.41,32.6,0.0,0.0,0.0,0.0,0.0,0.0,0.0,0.0,0.0,0.0,0.0,0.0,1.0,1.0,5.88,6.52,3.0,3.0,17.65,19.56,2.0,2.0,11.76,13.04,1.0,1.0,5.88,6.52,0.0,0.0,0.0,0.0,1.0,1.0,5.88,6.52,0.0,0.0,0.0,0.0,0.0,0.0,0.0,0.0,0.0,0.0,0.0,0.0,0.0,0.0,0.0,0.0,23.53,64.71,-41.18,73.88,-7.0,-7.0,-41.18,5.52,5.52,0.25,0.25,0.67,0.0,,0.0,0.5,0.5,0.6,0.57,0.0,0.0,0.0,0.0,0.0
4,新北國王,21|24|34|10874,李愷諺/蘇士軒/沃許本/熊祥泰,1,9,12.0,186.33,3.11,03:06,186.33,3.11,03:06,2.0,2.0,16.67,23.18,11.0,11.0,91.67,127.52,5.0,5.0,41.67,57.96,1.0,1.0,8.33,11.59,2.0,2.0,16.67,23.18,1.0,1.0,8.33,11.59,3.0,3.0,25.0,34.78,0.0,0.0,0.0,0.0,0.0,0.0,0.0,0.0,0.0,0.0,0.0,0.0,1.0,1.0,8.33,11.59,3.0,3.0,25.0,34.78,2.0,2.0,16.67,23.18,0.0,0.0,0.0,0.0,0.0,0.0,0.0,0.0,0.0,0.0,0.0,0.0,0.0,0.0,0.0,0.0,0.0,0.0,0.0,0.0,0.0,0.0,0.0,0.0,0.0,0.0,0.0,0.0,16.67,91.67,-75.0,92.74,-9.0,-9.0,-75.0,3.11,3.11,0.2,0.2,0.5,0.0,,0.0,0.0,1.0,0.6,0.67,0.0,0.0,0.0,0.0,0.0
4,新北國王,21|24|34|13029,李愷諺/蘇士軒/沃許本/杰倫,1,9,12.0,186.33,3.11,03:06,186.33,3.11,03:06,2.0,2.0,16.67,23.18,11.0,11.0,91.67,127.52,5.0,5.0,41.67,57.96,1.0,1.0,8.33,11.59,2.0,2.0,16.67,23.18,1.0,1.0,8.33,11.59,3.0,3.0,25.0,34.78,0.0,0.0,0.0,0.0,0.0,0.0,0.0,0.0,0.0,0.0,0.0,0.0,1.0,1.0,8.33,11.59,3.0,3.0,25.0,34.78,2.0,2.0,16.67,23.18,0.0,0.0,0.0,0.0,0.0,0.0,0.0,0.0,0.0,0.0,0.0,0.0,0.0,0.0,0.0,0.0,0.0,0.0,0.0,0.0,0.0,0.0,0.0,0.0,0.0,0.0,0.0,0.0,16.67,91.67,-75.0,92.74,-9.0,-9.0,-75.0,3.11,3.11,0.2,0.2,0.5,0.0,,0.0,0.0,1.0,0.6,0.67,0.0,0.0,0.0,0.0,0.0
4,新北國王,21|24|10874|13029,李愷諺/蘇士軒/熊祥泰/杰倫,1,9,12.0,186.33,3.11,03:06,186.33,3.11,03:06,2.0,2.0,16.67,23.18,11.0,11.0,91.67,127.52,5.0,5.0,41.67,57.96,1.0,1.0,8.33,11.59,2.0,2.0,16.67,23.18,1.0,1.0,8.33,11.59,3.0,3.0,25.0,34.78,0.0,0.0,0.0,0.0,0.0,0.0,0.0,0.0,0.0,0.0,0.0,0.0,1.0,1.0,8.33,11.59,3.0,3.0,25.0,34.78,2.0,2.0,16.67,23.18,0.0,0.0,0.0,0.0,0.0,0.0,0.0,0.0,0.0,0.0,0.0,0.0,0.0,0.0,0.0,0.0,0.0,0.0,0.0,0.0,0.0,0.0,0.0,0.0,0.0,0.0,0.0,0.0,16.67,91.67,-75.0,92.74,-9.0,-9.0,-75.0,3.11,3.11,0.2,0.2,0.5,0.0,,0.0,0.0,1.0,0.6,0.67,0.0,0.0,0.0,0.0,0.0
4,新北國王,28|29|32|34,呂政儒/林書緯/奧帝/沃許本,1,11,12.0,159.57,2.66,02:40,159.57,2.66,02:40,5.0,5.0,41.67,67.68,3.0,3.0,25.0,40.61,6.0,6.0,50.0,81.22,2.0,2.0,16.67,27.07,4.0,4.0,33.33,54.14,2.0,2.0,16.67,27.07,2.0,2.0,16.67,27.07,0.0,0.0,0.0,0.0,1.0,1.0,8.33,13.54,1.0,1.0,8.33,13.54,1.0,1.0,8.33,13.54,3.0,3.0,25.0,40.61,1.0,1.0,8.33,13.54,1.0,1.0,8.33,13.54,0.0,0.0,0.0,0.0,1.0,1.0,8.33,13.54,0.0,0.0,0.0,0.0,0.0,0.0,0.0,0.0,0.0,0.0,0.0,0.0,0.0,0.0,0.0,0.0,41.67,25.0,16.67,108.29,2.0,2.0,16.67,2.66,2.66,0.33,0.39,0.5,0.0,1.0,0.0,0.5,0.5,0.75,0.67,0.0,0.0,0.0,0.0,0.17
4,新北國王,28|29|32|10874,呂政儒/林書緯/奧帝/熊祥泰,1,1,1.0,15.97,0.27,00:16,15.97,0.27,00:16,0.0,0.0,0.0,0.0,0.0,0.0,0.0,0.0,1.0,1.0,100.0,135.24,0.0,0.0,0.0,0.0,0.0,0.0,0.0,0.0,0.0,0.0,0.0,0.0,1.0,1.0,100.0,135.24,0.0,0.0,0.0,0.0,0.0,0.0,0.0,0.0,0.0,0.0,0.0,0.0,0.0,0.0,0.0,0.0,1.0,1.0,100.0,135.24,0.0,0.0,0.0,0.0,0.0,0.0,0.0,0.0,0.0,0.0,0.0,0.0,0.0,0.0,0.0,0.0,0.0,0.0,0.0,0.0,0.0,0.0,0.0,0.0,0.0,0.0,0.0,0.0,0.0,0.0,0.0,0.0,0.0,0.0,0.0,90.16,0.0,0.0,0.0,0.27,0.27,0.0,0.0,,0.0,,0.0,,,1.0,1.0,0.0,0.0,0.0,0.0,0.0
4,新北國王,28|29|34|10874,呂政儒/林書緯/沃許本/熊祥泰,1,1,1.0,15.97,0.27,00:16,15.97,0.27,00:16,0.0,0.0,0.0,0.0,0.0,0.0,0.0,0.0,1.0,1.0,100.0,135.24,0.0,0.0,0.0,0.0,0.0,0.0,0.0,0.0,0.0,0.0,0.0,0.0,1.0,1.0,100.0,135.24,0.0,0.0,0.0,0.0,0.0,0.0,0.0,0.0,0.0,0.0,0.0,0.0,0.0,0.0,0.0,0.0,1.0,1.0,100.0,135.24,0.0,0.0,0.0,0.0,0.0,0.0,0.0,0.0,0.0,0.0,0.0,0.0,0.0,0.0,0.0,0.0,0.0,0.0,0.0,0.0,0.0,0.0,0.0,0.0,0.0,0.0,0.0,0.0,0.0,0.0,0.0,0.0,0.0,0.0,0.0,90.16,0.0,0.0,0.0,0.27,0.27,0.0,0.0,,0.0,,0.0,,,1.0,1.0,0.0,0.0,0.0,0.0,0.0
4,新北國王,28|32|34|10874,呂政儒/奧帝/沃許本/熊祥泰,1,1,1.0,15.97,0.27,00:16,15.97,0.27,00:16,0.0,0.0,0.0,0.0,0.0,0.0,0.0,0.0,1.0,1.0,100.0,135.24,0.0,0.0,0.0,0.0,0.0,0.0,0.0,0.0,0.0,0.0,0.0,0.0,1.0,1.0,100.0,135.24,0.0,0.0,0.0,0.0,0.0,0.0,0.0,0.0,0.0,0.0,0.0,0.0,0.0,0.0,0.0,0.0,1.0,1.0,100.0,135.24,0.0,0.0,0.0,0.0,0.0,0.0,0.0,0.0,0.0,0.0,0.0,0.0,0.0,0.0,0.0,0.0,0.0,0.0,0.0,0.0,0.0,0.0,0.0,0.0,0.0,0.0,0.0,0.0,0.0,0.0,0.0,0.0,0.0,0.0,0.0,90.16,0.0,0.0,0.0,0.27,0.27,0.0,0.0,,0.0,,0.0,,,1.0,1.0,0.0,0.0,0.0,0.0,0.0
4,新北國王,28|29|32|10872,呂政儒/林書緯/奧帝/林彥廷,1,19,21.0,288.48,4.81,04:48,288.48,4.81,04:48,7.0,7.0,33.33,52.41,7.0,7.0,33.33,52.41,9.0,9.0,42.86,67.39,3.0,3.0,14.29,22.46,5.0,5.0,23.81,37.44,3.0,3.0,14.29,22.46,4.0,4.0,19.05,29.95,0.0,0.0,0.0,0.0,1.0,1.0,4.76,7.49,1.0,1.0,4.76,7.49,1.0,1.0,4.76,7.49,5.0,5.0,23.81,37.44,2.0,2.0,9.52,14.97,3.0,3.0,14.29,22.46,0.0,0.0,0.0,0.0,2.0,2.0,9.52,14.97,0.0,0.0,0.0,0.0,0.0,0.0,0.0,0.0,0.0,0.0,0.0,0.0,2.0,2.0,9.52,14.97,33.33,33.33,0.0,104.82,0.0,0.0,0.0,4.81,4.81,0.33,0.37,0.6,0.0,1.0,0.0,0.67,0.25,0.71,0.55,0.0,0.0,0.0,9.52,0.11
4,新北國王,28|29|34|10872,呂政儒/林書緯/沃許本/林彥廷,1,10,11.0,143.6,2.39,02:24,143.6,2.39,02:24,5.0,5.0,45.45,75.21,3.0,3.0,27.27,45.12,5.0,5.0,45.45,75.21,2.0,2.0,18.18,30.08,4.0,4.0,36.36,60.17,2.0,2.0,18.18,30.08,1.0,1.0,9.09,15.04,0.0,0.0,0.0,0.0,1.0,1.0,9.09,15.04,1.0,1.0,9.09,15.04,1.0,1.0,9.09,15.04,2.0,2.0,18.18,30.08,1.0,1.0,9.09,15.04,1.0,1.0,9.09,15.04,0.0,0.0,0.0,0.0,1.0,1.0,9.09,15.04,0.0,0.0,0.0,0.0,0.0,0.0,0.0,0.0,0.0,0.0,0.0,0.0,0.0,0.0,0.0,0.0,45.45,27.27,18.18,110.3,2.0,2.0,18.18,2.39,2.39,0.4,0.46,0.5,0.0,1.0,0.0,0.5,0.5,0.67,0.6,0.0,0.0,0.0,0.0,0.2
4,新北國王,28|32|34|10872,呂政儒/奧帝/沃許本/林彥廷,1,10,11.0,143.6,2.39,02:24,143.6,2.39,02:24,5.0,5.0,45.45,75.21,3.0,3.0,27.27,45.12,5.0,5.0,45.45,75.21,2.0,2.0,18.18,30.08,4.0,4.0,36.36,60.17,2.0,2.0,18.18,30.08,1.0,1.0,9.09,15.04,0.0,0.0,0.0,0.0,1.0,1.0,9.09,15.04,1.0,1.0,9.09,15.04,1.0,1.0,9.09,15.04,2.0,2.0,18.18,30.08,1.0,1.0,9.09,15.04,1.0,1.0,9.09,15.04,0.0,0.0,0.0,0.0,1.0,1.0,9.09,15.04,0.0,0.0,0.0,0.0,0.0,0.0,0.0,0.0,0.0,0.0,0.0,0.0,0.0,0.0,0.0,0.0,45.45,27.27,18.18,110.3,2.0,2.0,18.18,2.39,2.39,0.4,0.46,0.5,0.0,1.0,0.0,0.5,0.5,0.67,0.6,0.0,0.0,0.0,0.0,0.2
4,新北國王,28|29|32|13029,呂政儒/林書緯/奧帝/杰倫,1,9,10.0,144.88,2.41,02:25,144.88,2.41,02:25,2.0,2.0,20.0,29.82,4.0,4.0,40.0,59.64,4.0,4.0,40.0,59.64,1.0,1.0,10.0,14.91,1.0,1.0,10.0,14.91,1.0,1.0,10.0,14.91,3.0,3.0,30.0,44.73,0.0,0.0,0.0,0.0,0.0,0.0,0.0,0.0,0.0,0.0,0.0,0.0,0.0,0.0,0.0,0.0,3.0,3.0,30.0,44.73,1.0,1.0,10.0,14.91,2.0,2.0,20.0,29.82,0.0,0.0,0.0,0.0,1.0,1.0,10.0,14.91,0.0,0.0,0.0,0.0,0.0,0.0,0.0,0.0,0.0,0.0,0.0,0.0,2.0,2.0,20.0,29.82,20.0,40.0,-20.0,99.39,-2.0,-2.0,-20.0,2.41,2.41,0.25,0.25,1.0,0.0,,0.0,1.0,0.0,0.75,0.5,0.0,0.0,0.0,20.0,0.0
4,新北國王,28|29|10872|13029,呂政儒/林書緯/林彥廷/杰倫,1,9,10.0,144.88,2.41,02:25,144.88,2.41,02:25,2.0,2.0,20.0,29.82,4.0,4.0,40.0,59.64,4.0,4.0,40.0,59.64,1.0,1.0,10.0,14.91,1.0,1.0,10.0,14.91,1.0,1.0,10.0,14.91,3.0,3.0,30.0,44.73,0.0,0.0,0.0,0.0,0.0,0.0,0.0,0.0,0.0,0.0,0.0,0.0,0.0,0.0,0.0,0.0,3.0,3.0,30.0,44.73,1.0,1.0,10.0,14.91,2.0,2.0,20.0,29.82,0.0,0.0,0.0,0.0,1.0,1.0,10.0,14.91,0.0,0.0,0.0,0.0,0.0,0.0,0.0,0.0,0.0,0.0,0.0,0.0,2.0,2.0,20.0,29.82,20.0,40.0,-20.0,99.39,-2.0,-2.0,-20.0,2.41,2.41,0.25,0.25,1.0,0.0,,0.0,1.0,0.0,0.75,0.5,0.0,0.0,0.0,20.0,0.0
4,新北國王,28|32|10872|13029,呂政儒/奧帝/林彥廷/杰倫,1,9,10.0,144.88,2.41,02:25,144.88,2.41,02:25,2.0,2.0,20.0,29.82,4.0,4.0,40.0,59.64,4.0,4.0,40.0,59.64,1.0,1.0,10.0,14.91,1.0,1.0,10.0,14.91,1.0,1.0,10.0,14.91,3.0,3.0,30.0,44.73,0.0,0.0,0.0,0.0,0.0,0.0,0.0,0.0,0.0,0.0,0.0,0.0,0.0,0.0,0.0,0.0,3.0,3.0,30.0,44.73,1.0,1.0,10.0,14.91,2.0,2.0,20.0,29.82,0.0,0.0,0.0,0.0,1.0,1.0,10.0,14.91,0.0,0.0,0.0,0.0,0.0,0.0,0.0,0.0,0.0,0.0,0.0,0.0,2.0,2.0,20.0,29.82,20.0,40.0,-20.0,99.39,-2.0,-2.0,-20.0,2.41,2.41,0.25,0.25,1.0,0.0,,0.0,1.0,0.0,0.75,0.5,0.0,0.0,0.0,20.0,0.0
4,新北中信特攻,44|104|10877|10879,黃泓瀚/貝奇/阿巴西/簡廷兆,1,10,13.0,145.16,2.42,02:25,145.16,2.42,02:25,7.0,7.0,53.85,104.16,9.0,9.0,69.23,133.92,5.0,5.0,38.46,74.4,3.0,3.0,23.08,44.64,4.0,4.0,30.77,59.52,3.0,3.0,23.08,44.64,1.0,1.0,7.69,14.88,0.0,0.0,0.0,0.0,1.0,1.0,7.69,14.88,1.0,1.0,7.69,14.88,0.0,0.0,0.0,0.0,2.0,2.0,15.38,29.76,1.0,1.0,7.69,14.88,1.0,1.0,7.69,14.88,0.0,0.0,0.0,0.0,1.0,1.0,7.69,14.88,0.0,0.0,0.0,0.0,0.0,0.0,0.0,0.0,1.0,1.0,7.69,14.88,0.0,0.0,0.0,0.0,53.85,69.23,-15.38,128.96,-2.0,-2.0,-15.38,2.42,2.42,0.6,0.64,0.75,0.0,1.0,0.0,0.33,0.0,0.67,0.5,0.0,0.0,0.08,0.0,0.2
4,新北中信特攻,44|104|10877|10881,黃泓瀚/貝奇/阿巴西/飛克,1,10,13.0,145.16,2.42,02:25,145.16,2.42,02:25,7.0,7.0,53.85,104.16,9.0,9.0,69.23,133.92,5.0,5.0,38.46,74.4,3.0,3.0,23.08,44.64,4.0,4.0,30.77,59.52,3.0,3.0,23.08,44.64,1.0,1.0,7.69,14.88,0.0,0.0,0.0,0.0,1.0,1.0,7.69,14.88,1.0,1.0,7.69,14.88,0.0,0.0,0.0,0.0,2.0,2.0,15.38,29.76,1.0,1.0,7.69,14.88,1.0,1.0,7.69,14.88,0.0,0.0,0.0,0.0,1.0,1.0,7.69,14.88,0.0,0.0,0.0,0.0,0.0,0.0,0.0,0.0,1.0,1.0,7.69,14.88,0.0,0.0,0.0,0.0,53.85,69.23,-15.38,128.96,-2.0,-2.0,-15.38,2.42,2.42,0.6,0.64,0.75,0.0,1.0,0.0,0.33,0.0,0.67,0.5,0.0,0.0,0.08,0.0,0.2
4,新北中信特攻,44|104|10879|10881,黃泓瀚/貝奇/簡廷兆/飛克,1,10,13.0,145.16,2.42,02:25,145.16,2.42,02:25,7.0,7.0,53.85,104.16,9.0,9.0,69.23,133.92,5.0,5.0,38.46,74.4,3.0,3.0,23.08,44.64,4.0,4.0,30.77,59.52,3.0,3.0,23.08,44.64,1.0,1.0,7.69,14.88,0.0,0.0,0.0,0.0,1.0,1.0,7.69,14.88,1.0,1.0,7.69,14.88,0.0,0.0,0.0,0.0,2.0,2.0,15.38,29.76,1.0,1.0,7.69,14.88,1.0,1.0,7.69,14.88,0.0,0.0,0.0,0.0,1.0,1.0,7.69,14.88,0.0,0.0,0.0,0.0,0.0,0.0,0.0,0.0,1.0,1.0,7.69,14.88,0.0,0.0,0.0,0.0,53.85,69.23,-15.38,128.96,-2.0,-2.0,-15.38,2.42,2.42,0.6,0.64,0.75,0.0,1.0,0.0,0.33,0.0,0.67,0.5,0.0,0.0,0.08,0.0,0.2
4,新北中信特攻,44|10877|10879|10881,黃泓瀚/阿巴西/簡廷兆/飛克,1,10,13.0,145.16,2.42,02:25,145.16,2.42,02:25,7.0,7.0,53.85,104.16,9.0,9.0,69.23,133.92,5.0,5.0,38.46,74.4,3.0,3.0,23.08,44.64,4.0,4.0,30.77,59.52,3.0,3.0,23.08,44.64,1.0,1.0,7.69,14.88,0.0,0.0,0.0,0.0,1.0,1.0,7.69,14.88,1.0,1.0,7.69,14.88,0.0,0.0,0.0,0.0,2.0,2.0,15.38,29.76,1.0,1.0,7.69,14.88,1.0,1.0,7.69,14.88,0.0,0.0,0.0,0.0,1.0,1.0,7.69,14.88,0.0,0.0,0.0,0.0,0.0,0.0,0.0,0.0,1.0,1.0,7.69,14.88,0.0,0.0,0.0,0.0,53.85,69.23,-15.38,128.96,-2.0,-2.0,-15.38,2.42,2.42,0.6,0.64,0.75,0.0,1.0,0.0,0.33,0.0,0.67,0.5,0.0,0.0,0.08,0.0,0.2
4,新北國王,21|22|29|32,李愷諺/簡祐哲/林書緯/奧帝,1,5,8.0,73.0,1.22,01:13,73.0,1.22,01:13,0.0,0.0,0.0,0.0,7.0,7.0,87.5,207.12,2.0,2.0,25.0,59.18,0.0,0.0,0.0,0.0,2.0,2.0,25.0,59.18,0.0,0.0,0.0,0.0,0.0,0.0,0.0,0.0,0.0,0.0,0.0,0.0,0.0,0.0,0.0,0.0,0.0,0.0,0.0,0.0,1.0,1.0,12.5,29.59,1.0,1.0,12.5,29.59,0.0,0.0,0.0,0.0,0.0,0.0,0.0,0.0,2.0,2.0,25.0,59.18,0.0,0.0,0.0,0.0,2.0,2.0,25.0,59.18,1.0,1.0,12.5,29.59,0.0,0.0,0.0,0.0,1.0,1.0,12.5,29.59,0.0,87.5,-87.5,157.81,-7.0,-7.0,-87.5,1.22,1.22,0.0,0.0,0.0,,,0.5,,1.0,1.0,1.0,25.0,12.5,0.0,12.5,0.0
4,新北國王,21|22|29|13029,李愷諺/簡祐哲/林書緯/杰倫,1,5,8.0,73.0,1.22,01:13,73.0,1.22,01:13,0.0,0.0,0.0,0.0,7.0,7.0,87.5,207.12,2.0,2.0,25.0,59.18,0.0,0.0,0.0,0.0,2.0,2.0,25.0,59.18,0.0,0.0,0.0,0.0,0.0,0.0,0.0,0.0,0.0,0.0,0.0,0.0,0.0,0.0,0.0,0.0,0.0,0.0,0.0,0.0,1.0,1.0,12.5,29.59,1.0,1.0,12.5,29.59,0.0,0.0,0.0,0.0,0.0,0.0,0.0,0.0,2.0,2.0,25.0,59.18,0.0,0.0,0.0,0.0,2.0,2.0,25.0,59.18,1.0,1.0,12.5,29.59,0.0,0.0,0.0,0.0,1.0,1.0,12.5,29.59,0.0,87.5,-87.5,157.81,-7.0,-7.0,-87.5,1.22,1.22,0.0,0.0,0.0,,,0.5,,1.0,1.0,1.0,25.0,12.5,0.0,12.5,0.0
4,新北國王,21|22|32|13029,李愷諺/簡祐哲/奧帝/杰倫,1,5,8.0,73.0,1.22,01:13,73.0,1.22,01:13,0.0,0.0,0.0,0.0,7.0,7.0,87.5,207.12,2.0,2.0,25.0,59.18,0.0,0.0,0.0,0.0,2.0,2.0,25.0,59.18,0.0,0.0,0.0,0.0,0.0,0.0,0.0,0.0,0.0,0.0,0.0,0.0,0.0,0.0,0.0,0.0,0.0,0.0,0.0,0.0,1.0,1.0,12.5,29.59,1.0,1.0,12.5,29.59,0.0,0.0,0.0,0.0,0.0,0.0,0.0,0.0,2.0,2.0,25.0,59.18,0.0,0.0,0.0,0.0,2.0,2.0,25.0,59.18,1.0,1.0,12.5,29.59,0.0,0.0,0.0,0.0,1.0,1.0,12.5,29.59,0.0,87.5,-87.5,157.81,-7.0,-7.0,-87.5,1.22,1.22,0.0,0.0,0.0,,,0.5,,1.0,1.0,1.0,25.0,12.5,0.0,12.5,0.0
4,新北國王,22|29|32|13029,簡祐哲/林書緯/奧帝/杰倫,1,5,8.0,73.0,1.22,01:13,73.0,1.22,01:13,0.0,0.0,0.0,0.0,7.0,7.0,87.5,207.12,2.0,2.0,25.0,59.18,0.0,0.0,0.0,0.0,2.0,2.0,25.0,59.18,0.0,0.0,0.0,0.0,0.0,0.0,0.0,0.0,0.0,0.0,0.0,0.0,0.0,0.0,0.0,0.0,0.0,0.0,0.0,0.0,1.0,1.0,12.5,29.59,1.0,1.0,12.5,29.59,0.0,0.0,0.0,0.0,0.0,0.0,0.0,0.0,2.0,2.0,25.0,59.18,0.0,0.0,0.0,0.0,2.0,2.0,25.0,59.18,1.0,1.0,12.5,29.59,0.0,0.0,0.0,0.0,1.0,1.0,12.5,29.59,0.0,87.5,-87.5,157.81,-7.0,-7.0,-87.5,1.22,1.22,0.0,0.0,0.0,,,0.5,,1.0,1.0,1.0,25.0,12.5,0.0,12.5,0.0
4,新北國王,22|34|10873|10874,簡祐哲/沃許本/喬納森/熊祥泰,1,15,16.0,252.16,4.2,04:12,252.16,4.2,04:12,11.0,11.0,68.75,94.22,7.0,7.0,43.75,59.96,9.0,9.0,56.25,77.09,4.0,4.0,25.0,34.26,2.0,2.0,12.5,17.13,1.0,1.0,6.25,8.57,7.0,7.0,43.75,59.96,3.0,3.0,18.75,25.7,0.0,0.0,0.0,0.0,0.0,0.0,0.0,0.0,1.0,1.0,6.25,8.57,4.0,4.0,25.0,34.26,0.0,0.0,0.0,0.0,3.0,3.0,18.75,25.7,0.0,0.0,0.0,0.0,2.0,2.0,12.5,17.13,0.0,0.0,0.0,0.0,0.0,0.0,0.0,0.0,0.0,0.0,0.0,0.0,0.0,0.0,0.0,0.0,68.75,43.75,25.0,91.37,4.0,4.0,25.0,4.2,4.2,0.61,0.61,0.5,0.43,,0.0,0.5,0.25,1.0,0.62,0.0,0.0,0.0,0.0,0.0
4,新北國王,22|34|10873|13029,簡祐哲/沃許本/喬納森/杰倫,1,28,33.0,468.87,7.81,07:49,468.87,7.81,07:49,20.0,20.0,60.61,92.14,13.0,13.0,39.39,59.89,15.0,15.0,45.45,69.1,7.0,7.0,21.21,32.25,5.0,5.0,15.15,23.03,3.0,3.0,9.09,13.82,10.0,10.0,30.3,46.07,4.0,4.0,12.12,18.43,0.0,0.0,0.0,0.0,0.0,0.0,0.0,0.0,3.0,3.0,9.09,13.82,5.0,5.0,15.15,23.03,2.0,2.0,6.06,9.21,7.0,7.0,21.21,32.25,2.0,2.0,6.06,9.21,2.0,2.0,6.06,9.21,1.0,1.0,3.03,4.61,0.0,0.0,0.0,0.0,1.0,1.0,3.03,4.61,0.0,0.0,0.0,0.0,60.61,39.39,21.21,101.35,7.0,7.0,21.21,7.81,7.81,0.6,0.67,0.6,0.4,,0.12,0.29,0.3,0.71,0.47,3.03,0.0,0.03,0.0,0.0
4,新北國王,22|34|10874|13029,簡祐哲/沃許本/熊祥泰/杰倫,1,15,16.0,252.16,4.2,04:12,252.16,4.2,04:12,11.0,11.0,68.75,94.22,7.0,7.0,43.75,59.96,9.0,9.0,56.25,77.09,4.0,4.0,25.0,34.26,2.0,2.0,12.5,17.13,1.0,1.0,6.25,8.57,7.0,7.0,43.75,59.96,3.0,3.0,18.75,25.7,0.0,0.0,0.0,0.0,0.0,0.0,0.0,0.0,1.0,1.0,6.25,8.57,4.0,4.0,25.0,34.26,0.0,0.0,0.0,0.0,3.0,3.0,18.75,25.7,0.0,0.0,0.0,0.0,2.0,2.0,12.5,17.13,0.0,0.0,0.0,0.0,0.0,0.0,0.0,0.0,0.0,0.0,0.0,0.0,0.0,0.0,0.0,0.0,68.75,43.75,25.0,91.37,4.0,4.0,25.0,4.2,4.2,0.61,0.61,0.5,0.43,,0.0,0.5,0.25,1.0,0.62,0.0,0.0,0.0,0.0,0.0
4,新北國王,22|10873|10874|13029,簡祐哲/喬納森/熊祥泰/杰倫,1,15,16.0,252.16,4.2,04:12,252.16,4.2,04:12,11.0,11.0,68.75,94.22,7.0,7.0,43.75,59.96,9.0,9.0,56.25,77.09,4.0,4.0,25.0,34.26,2.0,2.0,12.5,17.13,1.0,1.0,6.25,8.57,7.0,7.0,43.75,59.96,3.0,3.0,18.75,25.7,0.0,0.0,0.0,0.0,0.0,0.0,0.0,0.0,1.0,1.0,6.25,8.57,4.0,4.0,25.0,34.26,0.0,0.0,0.0,0.0,3.0,3.0,18.75,25.7,0.0,0.0,0.0,0.0,2.0,2.0,12.5,17.13,0.0,0.0,0.0,0.0,0.0,0.0,0.0,0.0,0.0,0.0,0.0,0.0,0.0,0.0,0.0,0.0,68.75,43.75,25.0,91.37,4.0,4.0,25.0,4.2,4.2,0.61,0.61,0.5,0.43,,0.0,0.5,0.25,1.0,0.62,0.0,0.0,0.0,0.0,0.0
4,新北國王,34|10873|10874|13029,沃許本/喬納森/熊祥泰/杰倫,1,15,16.0,252.16,4.2,04:12,252.16,4.2,04:12,11.0,11.0,68.75,94.22,7.0,7.0,43.75,59.96,9.0,9.0,56.25,77.09,4.0,4.0,25.0,34.26,2.0,2.0,12.5,17.13,1.0,1.0,6.25,8.57,7.0,7.0,43.75,59.96,3.0,3.0,18.75,25.7,0.0,0.0,0.0,0.0,0.0,0.0,0.0,0.0,1.0,1.0,6.25,8.57,4.0,4.0,25.0,34.26,0.0,0.0,0.0,0.0,3.0,3.0,18.75,25.7,0.0,0.0,0.0,0.0,2.0,2.0,12.5,17.13,0.0,0.0,0.0,0.0,0.0,0.0,0.0,0.0,0.0,0.0,0.0,0.0,0.0,0.0,0.0,0.0,68.75,43.75,25.0,91.37,4.0,4.0,25.0,4.2,4.2,0.61,0.61,0.5,0.43,,0.0,0.5,0.25,1.0,0.62,0.0,0.0,0.0,0.0,0.0
4,新北中信特攻,39|40|104|10879,魏嘉豪/謝亞軒/貝奇/簡廷兆,1,3,4.0,57.0,0.95,00:57,57.0,0.95,00:57,3.0,3.0,75.0,113.68,2.0,2.0,50.0,75.79,2.0,2.0,50.0,75.79,1.0,1.0,25.0,37.89,0.0,0.0,0.0,0.0,0.0,0.0,0.0,0.0,2.0,2.0,50.0,75.79,1.0,1.0,25.0,37.89,0.0,0.0,0.0,0.0,0.0,0.0,0.0,0.0,0.0,0.0,0.0,0.0,0.0,0.0,0.0,0.0,1.0,1.0,25.0,37.89,0.0,0.0,0.0,0.0,0.0,0.0,0.0,0.0,1.0,1.0,25.0,37.89,0.0,0.0,0.0,0.0,0.0,0.0,0.0,0.0,0.0,0.0,0.0,0.0,0.0,0.0,0.0,0.0,75.0,50.0,25.0,101.05,1.0,1.0,25.0,0.95,0.95,0.75,0.75,,0.5,,0.0,1.0,,0.0,0.0,0.0,0.0,0.0,0.0,0.0
4,新北中信特攻,39|40|104|10881,魏嘉豪/謝亞軒/貝奇/飛克,1,11,12.0,209.0,3.48,03:29,209.0,3.48,03:29,7.0,7.0,58.33,72.34,2.0,2.0,16.67,20.67,5.0,5.0,41.67,51.67,3.0,3.0,25.0,31.0,2.0,2.0,16.67,20.67,2.0,2.0,16.67,20.67,3.0,3.0,25.0,31.0,1.0,1.0,8.33,10.33,2.0,2.0,16.67,20.67,0.0,0.0,0.0,0.0,0.0,0.0,0.0,0.0,2.0,2.0,16.67,20.67,1.0,1.0,8.33,10.33,4.0,4.0,33.33,41.34,0.0,0.0,0.0,0.0,3.0,3.0,25.0,31.0,0.0,0.0,0.0,0.0,0.0,0.0,0.0,0.0,1.0,1.0,8.33,10.33,0.0,0.0,0.0,0.0,58.33,16.67,41.67,82.68,5.0,5.0,41.67,3.48,3.48,0.7,0.6,1.0,0.33,0.0,0.0,1.0,0.0,0.67,0.29,0.0,0.0,0.08,0.0,0.4
4,新北中信特攻,39|40|10879|10881,魏嘉豪/謝亞軒/簡廷兆/飛克,1,3,4.0,57.0,0.95,00:57,57.0,0.95,00:57,3.0,3.0,75.0,113.68,2.0,2.0,50.0,75.79,2.0,2.0,50.0,75.79,1.0,1.0,25.0,37.89,0.0,0.0,0.0,0.0,0.0,0.0,0.0,0.0,2.0,2.0,50.0,75.79,1.0,1.0,25.0,37.89,0.0,0.0,0.0,0.0,0.0,0.0,0.0,0.0,0.0,0.0,0.0,0.0,0.0,0.0,0.0,0.0,1.0,1.0,25.0,37.89,0.0,0.0,0.0,0.0,0.0,0.0,0.0,0.0,1.0,1.0,25.0,37.89,0.0,0.0,0.0,0.0,0.0,0.0,0.0,0.0,0.0,0.0,0.0,0.0,0.0,0.0,0.0,0.0,75.0,50.0,25.0,101.05,1.0,1.0,25.0,0.95,0.95,0.75,0.75,,0.5,,0.0,1.0,,0.0,0.0,0.0,0.0,0.0,0.0,0.0
4,新北中信特攻,39|40|104|10877,魏嘉豪/謝亞軒/貝奇/阿巴西,1,10,11.0,163.56,2.73,02:44,163.56,2.73,02:44,4.0,4.0,36.36,52.83,1.0,1.0,9.09,13.21,4.0,4.0,36.36,52.83,2.0,2.0,18.18,26.41,3.0,3.0,27.27,39.62,2.0,2.0,18.18,26.41,1.0,1.0,9.09,13.21,0.0,0.0,0.0,0.0,2.0,2.0,18.18,26.41,0.0,0.0,0.0,0.0,1.0,1.0,9.09,13.21,2.0,2.0,18.18,26.41,0.0,0.0,0.0,0.0,5.0,5.0,45.45,66.03,0.0,0.0,0.0,0.0,2.0,2.0,18.18,26.41,0.0,0.0,0.0,0.0,0.0,0.0,0.0,0.0,1.0,1.0,9.09,13.21,2.0,2.0,18.18,26.41,36.36,9.09,27.27,96.85,3.0,3.0,27.27,2.73,2.73,0.5,0.41,0.67,0.0,0.0,0.0,1.0,0.17,1.0,0.38,0.0,0.0,0.09,18.18,0.5
4,新北中信特攻,39|40|10877|10881,魏嘉豪/謝亞軒/阿巴西/飛克,1,8,8.0,152.0,2.53,02:32,152.0,2.53,02:32,4.0,4.0,50.0,56.84,0.0,0.0,0.0,0.0,3.0,3.0,37.5,42.63,2.0,2.0,25.0,28.42,2.0,2.0,25.0,28.42,2.0,2.0,25.0,28.42,1.0,1.0,12.5,14.21,0.0,0.0,0.0,0.0,2.0,2.0,25.0,28.42,0.0,0.0,0.0,0.0,0.0,0.0,0.0,0.0,2.0,2.0,25.0,28.42,0.0,0.0,0.0,0.0,4.0,4.0,50.0,56.84,0.0,0.0,0.0,0.0,2.0,2.0,25.0,28.42,0.0,0.0,0.0,0.0,0.0,0.0,0.0,0.0,1.0,1.0,12.5,14.21,0.0,0.0,0.0,0.0,50.0,0.0,50.0,75.79,4.0,4.0,50.0,2.53,2.53,0.67,0.52,1.0,0.0,0.0,0.0,1.0,0.0,1.0,0.33,0.0,0.0,0.12,0.0,0.67
4,新北國王,22|23|32|10873,簡祐哲/王柏智/奧帝/喬納森,1,3,4.0,40.56,0.68,00:41,40.56,0.68,00:41,1.0,1.0,25.0,53.26,0.0,0.0,0.0,0.0,0.0,0.0,0.0,0.0,0.0,0.0,0.0,0.0,0.0,0.0,0.0,0.0,0.0,0.0,0.0,0.0,0.0,0.0,0.0,0.0,0.0,0.0,0.0,0.0,2.0,2.0,50.0,106.51,1.0,1.0,25.0,53.26,0.0,0.0,0.0,0.0,1.0,1.0,25.0,53.26,1.0,1.0,25.0,53.26,1.0,1.0,25.0,53.26,0.0,0.0,0.0,0.0,0.0,0.0,0.0,0.0,0.0,0.0,0.0,0.0,0.0,0.0,0.0,0.0,1.0,1.0,25.0,53.26,2.0,2.0,50.0,106.51,25.0,0.0,25.0,142.02,1.0,1.0,25.0,0.68,0.68,,0.57,,,0.5,0.0,,0.0,0.5,0.33,0.0,0.0,0.25,50.0,
4,新北國王,22|23|32|13029,簡祐哲/王柏智/奧帝/杰倫,1,3,4.0,40.56,0.68,00:41,40.56,0.68,00:41,1.0,1.0,25.0,53.26,0.0,0.0,0.0,0.0,0.0,0.0,0.0,0.0,0.0,0.0,0.0,0.0,0.0,0.0,0.0,0.0,0.0,0.0,0.0,0.0,0.0,0.0,0.0,0.0,0.0,0.0,0.0,0.0,2.0,2.0,50.0,106.51,1.0,1.0,25.0,53.26,0.0,0.0,0.0,0.0,1.0,1.0,25.0,53.26,1.0,1.0,25.0,53.26,1.0,1.0,25.0,53.26,0.0,0.0,0.0,0.0,0.0,0.0,0.0,0.0,0.0,0.0,0.0,0.0,0.0,0.0,0.0,0.0,1.0,1.0,25.0,53.26,2.0,2.0,50.0,106.51,25.0,0.0,25.0,142.02,1.0,1.0,25.0,0.68,0.68,,0.57,,,0.5,0.0,,0.0,0.5,0.33,0.0,0.0,0.25,50.0,
4,新北國王,22|23|10873|13029,簡祐哲/王柏智/喬納森/杰倫,1,16,20.0,213.18,3.55,03:33,213.18,3.55,03:33,6.0,6.0,30.0,60.79,2.0,2.0,10.0,20.26,6.0,6.0,30.0,60.79,2.0,2.0,10.0,20.26,2.0,2.0,10.0,20.26,2.0,2.0,10.0,20.26,4.0,4.0,20.0,40.53,0.0,0.0,0.0,0.0,4.0,4.0,20.0,40.53,2.0,2.0,10.0,20.26,1.0,1.0,5.0,10.13,5.0,5.0,25.0,50.66,3.0,3.0,15.0,30.4,5.0,5.0,25.0,50.66,0.0,0.0,0.0,0.0,1.0,1.0,5.0,10.13,0.0,0.0,0.0,0.0,0.0,0.0,0.0,0.0,2.0,2.0,10.0,20.26,2.0,2.0,10.0,20.26,30.0,10.0,20.0,135.1,4.0,4.0,20.0,3.55,3.55,0.33,0.39,1.0,0.0,0.5,0.0,0.5,0.17,0.62,0.43,0.0,0.0,0.1,10.0,0.67
4,新北國王,22|32|10873|13029,簡祐哲/奧帝/喬納森/杰倫,1,3,4.0,40.56,0.68,00:41,40.56,0.68,00:41,1.0,1.0,25.0,53.26,0.0,0.0,0.0,0.0,0.0,0.0,0.0,0.0,0.0,0.0,0.0,0.0,0.0,0.0,0.0,0.0,0.0,0.0,0.0,0.0,0.0,0.0,0.0,0.0,0.0,0.0,0.0,0.0,2.0,2.0,50.0,106.51,1.0,1.0,25.0,53.26,0.0,0.0,0.0,0.0,1.0,1.0,25.0,53.26,1.0,1.0,25.0,53.26,1.0,1.0,25.0,53.26,0.0,0.0,0.0,0.0,0.0,0.0,0.0,0.0,0.0,0.0,0.0,0.0,0.0,0.0,0.0,0.0,1.0,1.0,25.0,53.26,2.0,2.0,50.0,106.51,25.0,0.0,25.0,142.02,1.0,1.0,25.0,0.68,0.68,,0.57,,,0.5,0.0,,0.0,0.5,0.33,0.0,0.0,0.25,50.0,
4,新北國王,23|32|10873|13029,王柏智/奧帝/喬納森/杰倫,1,3,4.0,40.56,0.68,00:41,40.56,0.68,00:41,1.0,1.0,25.0,53.26,0.0,0.0,0.0,0.0,0.0,0.0,0.0,0.0,0.0,0.0,0.0,0.0,0.0,0.0,0.0,0.0,0.0,0.0,0.0,0.0,0.0,0.0,0.0,0.0,0.0,0.0,0.0,0.0,2.0,2.0,50.0,106.51,1.0,1.0,25.0,53.26,0.0,0.0,0.0,0.0,1.0,1.0,25.0,53.26,1.0,1.0,25.0,53.26,1.0,1.0,25.0,53.26,0.0,0.0,0.0,0.0,0.0,0.0,0.0,0.0,0.0,0.0,0.0,0.0,0.0,0.0,0.0,0.0,1.0,1.0,25.0,53.26,2.0,2.0,50.0,106.51,25.0,0.0,25.0,142.02,1.0,1.0,25.0,0.68,0.68,,0.57,,,0.5,0.0,,0.0,0.5,0.33,0.0,0.0,0.25,50.0,
4,新北中信特攻,39|40|104|10880,魏嘉豪/謝亞軒/貝奇/內馬,1,7,9.0,90.56,1.51,01:31,90.56,1.51,01:31,0.0,0.0,0.0,0.0,6.0,6.0,66.67,143.11,5.0,5.0,55.56,119.26,0.0,0.0,0.0,0.0,5.0,5.0,55.56,119.26,0.0,0.0,0.0,0.0,0.0,0.0,0.0,0.0,0.0,0.0,0.0,0.0,0.0,0.0,0.0,0.0,0.0,0.0,0.0,0.0,2.0,2.0,22.22,47.7,3.0,3.0,33.33,71.56,0.0,0.0,0.0,0.0,1.0,1.0,11.11,23.85,0.0,0.0,0.0,0.0,0.0,0.0,0.0,0.0,0.0,0.0,0.0,0.0,0.0,0.0,0.0,0.0,0.0,0.0,0.0,0.0,2.0,2.0,22.22,47.7,0.0,66.67,-66.67,143.11,-6.0,-6.0,-66.67,1.51,1.51,0.0,0.0,0.0,,,0.0,,0.67,1.0,0.83,0.0,0.0,0.0,22.22,0.0
4,新北中信特攻,39|40|10877|10880,魏嘉豪/謝亞軒/阿巴西/內馬,1,2,3.0,11.56,0.19,00:12,11.56,0.19,00:12,0.0,0.0,0.0,0.0,1.0,1.0,33.33,186.88,1.0,1.0,33.33,186.88,0.0,0.0,0.0,0.0,1.0,1.0,33.33,186.88,0.0,0.0,0.0,0.0,0.0,0.0,0.0,0.0,0.0,0.0,0.0,0.0,0.0,0.0,0.0,0.0,0.0,0.0,0.0,0.0,1.0,1.0,33.33,186.88,0.0,0.0,0.0,0.0,0.0,0.0,0.0,0.0,1.0,1.0,33.33,186.88,0.0,0.0,0.0,0.0,0.0,0.0,0.0,0.0,0.0,0.0,0.0,0.0,0.0,0.0,0.0,0.0,0.0,0.0,0.0,0.0,2.0,2.0,66.67,373.77,0.0,33.33,-33.33,373.77,-1.0,-1.0,-33.33,0.19,0.19,0.0,0.0,0.0,,,0.0,,0.5,,0.5,0.0,0.0,0.0,66.67,0.0
4,新北中信特攻,39|104|10877|10880,魏嘉豪/貝奇/阿巴西/內馬,1,2,3.0,11.56,0.19,00:12,11.56,0.19,00:12,0.0,0.0,0.0,0.0,1.0,1.0,33.33,186.88,1.0,1.0,33.33,186.88,0.0,0.0,0.0,0.0,1.0,1.0,33.33,186.88,0.0,0.0,0.0,0.0,0.0,0.0,0.0,0.0,0.0,0.0,0.0,0.0,0.0,0.0,0.0,0.0,0.0,0.0,0.0,0.0,1.0,1.0,33.33,186.88,0.0,0.0,0.0,0.0,0.0,0.0,0.0,0.0,1.0,1.0,33.33,186.88,0.0,0.0,0.0,0.0,0.0,0.0,0.0,0.0,0.0,0.0,0.0,0.0,0.0,0.0,0.0,0.0,0.0,0.0,0.0,0.0,2.0,2.0,66.67,373.77,0.0,33.33,-33.33,373.77,-1.0,-1.0,-33.33,0.19,0.19,0.0,0.0,0.0,,,0.0,,0.5,,0.5,0.0,0.0,0.0,66.67,0.0
4,新北中信特攻,40|104|10877|10880,謝亞軒/貝奇/阿巴西/內馬,1,10,14.0,149.26,2.49,02:29,149.26,2.49,02:29,6.0,6.0,42.86,86.83,5.0,5.0,35.71,72.36,6.0,6.0,42.86,86.83,3.0,3.0,21.43,43.41,5.0,5.0,35.71,72.36,3.0,3.0,21.43,43.41,1.0,1.0,7.14,14.47,0.0,0.0,0.0,0.0,0.0,0.0,0.0,0.0,0.0,0.0,0.0,0.0,2.0,2.0,14.29,28.94,1.0,1.0,7.14,14.47,2.0,2.0,14.29,28.94,2.0,2.0,14.29,28.94,0.0,0.0,0.0,0.0,2.0,2.0,14.29,28.94,0.0,0.0,0.0,0.0,0.0,0.0,0.0,0.0,0.0,0.0,0.0,0.0,2.0,2.0,14.29,28.94,42.86,35.71,7.14,135.07,1.0,1.0,7.14,2.49,2.49,0.5,0.5,0.6,0.0,,0.0,0.67,0.5,0.33,0.43,0.0,0.0,0.0,14.29,0.0
4,新北中信特攻,39|40|44|104,魏嘉豪/謝亞軒/黃泓瀚/貝奇,1,5,6.0,79.0,1.32,01:19,79.0,1.32,01:19,0.0,0.0,0.0,0.0,5.0,5.0,83.33,136.71,4.0,4.0,66.67,109.37,0.0,0.0,0.0,0.0,4.0,4.0,66.67,109.37,0.0,0.0,0.0,0.0,0.0,0.0,0.0,0.0,0.0,0.0,0.0,0.0,0.0,0.0,0.0,0.0,0.0,0.0,0.0,0.0,1.0,1.0,16.67,27.34,3.0,3.0,50.0,82.03,0.0,0.0,0.0,0.0,0.0,0.0,0.0,0.0,0.0,0.0,0.0,0.0,0.0,0.0,0.0,0.0,0.0,0.0,0.0,0.0,0.0,0.0,0.0,0.0,0.0,0.0,0.0,0.0,0.0,0.0,0.0,0.0,0.0,83.33,-83.33,109.37,-5.0,-5.0,-83.33,1.32,1.32,0.0,0.0,0.0,,,0.0,,1.0,1.0,1.0,0.0,0.0,0.0,0.0,0.0
4,新北中信特攻,39|40|44|10880,魏嘉豪/謝亞軒/黃泓瀚/內馬,1,5,6.0,79.0,1.32,01:19,79.0,1.32,01:19,0.0,0.0,0.0,0.0,5.0,5.0,83.33,136.71,4.0,4.0,66.67,109.37,0.0,0.0,0.0,0.0,4.0,4.0,66.67,109.37,0.0,0.0,0.0,0.0,0.0,0.0,0.0,0.0,0.0,0.0,0.0,0.0,0.0,0.0,0.0,0.0,0.0,0.0,0.0,0.0,1.0,1.0,16.67,27.34,3.0,3.0,50.0,82.03,0.0,0.0,0.0,0.0,0.0,0.0,0.0,0.0,0.0,0.0,0.0,0.0,0.0,0.0,0.0,0.0,0.0,0.0,0.0,0.0,0.0,0.0,0.0,0.0,0.0,0.0,0.0,0.0,0.0,0.0,0.0,0.0,0.0,83.33,-83.33,109.37,-5.0,-5.0,-83.33,1.32,1.32,0.0,0.0,0.0,,,0.0,,1.0,1.0,1.0,0.0,0.0,0.0,0.0,0.0
4,新北中信特攻,39|44|104|10880,魏嘉豪/黃泓瀚/貝奇/內馬,1,5,6.0,79.0,1.32,01:19,79.0,1.32,01:19,0.0,0.0,0.0,0.0,5.0,5.0,83.33,136.71,4.0,4.0,66.67,109.37,0.0,0.0,0.0,0.0,4.0,4.0,66.67,109.37,0.0,0.0,0.0,0.0,0.0,0.0,0.0,0.0,0.0,0.0,0.0,0.0,0.0,0.0,0.0,0.0,0.0,0.0,0.0,0.0,1.0,1.0,16.67,27.34,3.0,3.0,50.0,82.03,0.0,0.0,0.0,0.0,0.0,0.0,0.0,0.0,0.0,0.0,0.0,0.0,0.0,0.0,0.0,0.0,0.0,0.0,0.0,0.0,0.0,0.0,0.0,0.0,0.0,0.0,0.0,0.0,0.0,0.0,0.0,0.0,0.0,83.33,-83.33,109.37,-5.0,-5.0,-83.33,1.32,1.32,0.0,0.0,0.0,,,0.0,,1.0,1.0,1.0,0.0,0.0,0.0,0.0,0.0
4,新北中信特攻,40|44|104|10880,謝亞軒/黃泓瀚/貝奇/內馬,1,5,6.0,79.0,1.32,01:19,79.0,1.32,01:19,0.0,0.0,0.0,0.0,5.0,5.0,83.33,136.71,4.0,4.0,66.67,109.37,0.0,0.0,0.0,0.0,4.0,4.0,66.67,109.37,0.0,0.0,0.0,0.0,0.0,0.0,0.0,0.0,0.0,0.0,0.0,0.0,0.0,0.0,0.0,0.0,0.0,0.0,0.0,0.0,1.0,1.0,16.67,27.34,3.0,3.0,50.0,82.03,0.0,0.0,0.0,0.0,0.0,0.0,0.0,0.0,0.0,0.0,0.0,0.0,0.0,0.0,0.0,0.0,0.0,0.0,0.0,0.0,0.0,0.0,0.0,0.0,0.0,0.0,0.0,0.0,0.0,0.0,0.0,0.0,0.0,83.33,-83.33,109.37,-5.0,-5.0,-83.33,1.32,1.32,0.0,0.0,0.0,,,0.0,,1.0,1.0,1.0,0.0,0.0,0.0,0.0,0.0
4,新北國王,22|24|34|10873,簡祐哲/蘇士軒/沃許本/喬納森,1,9,11.0,151.0,2.52,02:31,151.0,2.52,02:31,7.0,7.0,63.64,100.13,4.0,4.0,36.36,57.22,4.0,4.0,36.36,57.22,3.0,3.0,27.27,42.91,2.0,2.0,18.18,28.61,2.0,2.0,18.18,28.61,2.0,2.0,18.18,28.61,1.0,1.0,9.09,14.3,0.0,0.0,0.0,0.0,0.0,0.0,0.0,0.0,1.0,1.0,9.09,14.3,0.0,0.0,0.0,0.0,1.0,1.0,9.09,14.3,3.0,3.0,27.27,42.91,1.0,1.0,9.09,14.3,0.0,0.0,0.0,0.0,0.0,0.0,0.0,0.0,0.0,0.0,0.0,0.0,1.0,1.0,9.09,14.3,0.0,0.0,0.0,0.0,63.64,36.36,27.27,104.9,3.0,3.0,27.27,2.52,2.52,0.88,0.88,1.0,0.5,,0.2,0.0,0.25,0.0,0.2,0.0,0.0,0.09,0.0,0.0
4,新北國王,22|24|34|13029,簡祐哲/蘇士軒/沃許本/杰倫,1,10,12.0,169.0,2.82,02:49,169.0,2.82,02:49,8.0,8.0,66.67,102.25,4.0,4.0,33.33,51.12,5.0,5.0,41.67,63.91,4.0,4.0,33.33,51.12,3.0,3.0,25.0,38.34,3.0,3.0,25.0,38.34,2.0,2.0,16.67,25.56,1.0,1.0,8.33,12.78,2.0,2.0,16.67,25.56,1.0,1.0,8.33,12.78,1.0,1.0,8.33,12.78,0.0,0.0,0.0,0.0,1.0,1.0,8.33,12.78,3.0,3.0,25.0,38.34,1.0,1.0,8.33,12.78,0.0,0.0,0.0,0.0,0.0,0.0,0.0,0.0,0.0,0.0,0.0,0.0,3.0,3.0,25.0,38.34,0.0,0.0,0.0,0.0,66.67,33.33,33.33,102.25,4.0,4.0,33.33,2.82,2.82,0.9,0.68,1.0,0.5,0.5,0.15,0.0,0.25,0.0,0.2,0.0,0.0,0.25,0.0,0.4
4,新北國王,22|24|10873|13029,簡祐哲/蘇士軒/喬納森/杰倫,1,9,11.0,151.0,2.52,02:31,151.0,2.52,02:31,7.0,7.0,63.64,100.13,4.0,4.0,36.36,57.22,4.0,4.0,36.36,57.22,3.0,3.0,27.27,42.91,2.0,2.0,18.18,28.61,2.0,2.0,18.18,28.61,2.0,2.0,18.18,28.61,1.0,1.0,9.09,14.3,0.0,0.0,0.0,0.0,0.0,0.0,0.0,0.0,1.0,1.0,9.09,14.3,0.0,0.0,0.0,0.0,1.0,1.0,9.09,14.3,3.0,3.0,27.27,42.91,1.0,1.0,9.09,14.3,0.0,0.0,0.0,0.0,0.0,0.0,0.0,0.0,0.0,0.0,0.0,0.0,1.0,1.0,9.09,14.3,0.0,0.0,0.0,0.0,63.64,36.36,27.27,104.9,3.0,3.0,27.27,2.52,2.52,0.88,0.88,1.0,0.5,,0.2,0.0,0.25,0.0,0.2,0.0,0.0,0.09,0.0,0.0
4,新北國王,24|34|10873|13029,蘇士軒/沃許本/喬納森/杰倫,1,11,14.0,187.08,3.12,03:07,187.08,3.12,03:07,7.0,7.0,50.0,80.82,7.0,7.0,50.0,80.82,4.0,4.0,28.57,46.18,3.0,3.0,21.43,34.64,2.0,2.0,14.29,23.09,2.0,2.0,14.29,23.09,2.0,2.0,14.29,23.09,1.0,1.0,7.14,11.55,1.0,1.0,7.14,11.55,0.0,0.0,0.0,0.0,1.0,1.0,7.14,11.55,1.0,1.0,7.14,11.55,1.0,1.0,7.14,11.55,4.0,4.0,28.57,46.18,1.0,1.0,7.14,11.55,0.0,0.0,0.0,0.0,0.0,0.0,0.0,0.0,0.0,0.0,0.0,0.0,2.0,2.0,14.29,23.09,1.0,1.0,7.14,11.55,50.0,50.0,0.0,107.76,0.0,0.0,0.0,3.12,3.12,0.88,0.79,1.0,0.5,0.0,0.18,0.0,0.2,0.5,0.29,0.0,0.0,0.14,7.14,0.25
4,新北中信特攻,40|104|10879|10880,謝亞軒/貝奇/簡廷兆/內馬,1,10,14.0,187.78,3.13,03:08,187.78,3.13,03:08,9.0,9.0,64.29,103.53,4.0,4.0,28.57,46.01,6.0,6.0,42.86,69.02,4.0,4.0,28.57,46.01,4.0,4.0,28.57,46.01,3.0,3.0,21.43,34.51,2.0,2.0,14.29,23.01,1.0,1.0,7.14,11.5,1.0,1.0,7.14,11.5,0.0,0.0,0.0,0.0,1.0,1.0,7.14,11.5,2.0,2.0,14.29,23.01,2.0,2.0,14.29,23.01,2.0,2.0,14.29,23.01,0.0,0.0,0.0,0.0,2.0,2.0,14.29,23.01,0.0,0.0,0.0,0.0,0.0,0.0,0.0,0.0,1.0,1.0,7.14,11.5,1.0,1.0,7.14,11.5,64.29,28.57,35.71,107.36,5.0,5.0,35.71,3.13,3.13,0.75,0.7,0.75,0.5,0.0,0.0,0.5,0.33,0.5,0.43,0.0,0.0,0.07,7.14,0.17
4,新北中信特攻,104|10877|10879|10880,貝奇/阿巴西/簡廷兆/內馬,1,8,11.0,137.7,2.3,02:18,137.7,2.3,02:18,6.0,6.0,54.55,94.12,4.0,4.0,36.36,62.74,5.0,5.0,45.45,78.43,3.0,3.0,27.27,47.06,4.0,4.0,36.36,62.74,3.0,3.0,27.27,47.06,1.0,1.0,9.09,15.69,0.0,0.0,0.0,0.0,0.0,0.0,0.0,0.0,0.0,0.0,0.0,0.0,1.0,1.0,9.09,15.69,1.0,1.0,9.09,15.69,2.0,2.0,18.18,31.37,1.0,1.0,9.09,15.69,0.0,0.0,0.0,0.0,2.0,2.0,18.18,31.37,0.0,0.0,0.0,0.0,0.0,0.0,0.0,0.0,0.0,0.0,0.0,0.0,0.0,0.0,0.0,0.0,54.55,36.36,18.18,115.03,2.0,2.0,18.18,2.3,2.3,0.6,0.6,0.75,0.0,,0.0,0.67,0.5,0.33,0.4,0.0,0.0,0.0,0.0,0.0
4,新北國王,19|22|34|10873,蘇培凱/簡祐哲/沃許本/喬納森,1,4,6.0,65.7,1.1,01:06,65.7,1.1,01:06,2.0,2.0,33.33,65.75,2.0,2.0,33.33,65.75,2.0,2.0,33.33,65.75,0.0,0.0,0.0,0.0,1.0,1.0,16.67,32.88,0.0,0.0,0.0,0.0,1.0,1.0,16.67,32.88,0.0,0.0,0.0,0.0,0.0,0.0,0.0,0.0,0.0,0.0,0.0,0.0,1.0,1.0,16.67,32.88,1.0,1.0,16.67,32.88,1.0,1.0,16.67,32.88,1.0,1.0,16.67,32.88,1.0,1.0,16.67,32.88,0.0,0.0,0.0,0.0,1.0,1.0,16.67,32.88,0.0,0.0,0.0,0.0,0.0,0.0,0.0,0.0,0.0,0.0,0.0,0.0,33.33,33.33,0.0,131.5,0.0,0.0,0.0,1.1,1.1,0.0,0.5,0.0,0.0,,0.33,,0.5,0.5,0.5,16.67,0.0,0.0,0.0,0.0
4,新北國王,19|22|34|13029,蘇培凱/簡祐哲/沃許本/杰倫,1,5,7.0,83.7,1.4,01:24,83.7,1.4,01:24,3.0,3.0,42.86,77.42,2.0,2.0,28.57,51.61,3.0,3.0,42.86,77.42,1.0,1.0,14.29,25.81,2.0,2.0,28.57,51.61,1.0,1.0,14.29,25.81,1.0,1.0,14.29,25.81,0.0,0.0,0.0,0.0,2.0,2.0,28.57,51.61,1.0,1.0,14.29,25.81,1.0,1.0,14.29,25.81,1.0,1.0,14.29,25.81,1.0,1.0,14.29,25.81,1.0,1.0,14.29,25.81,1.0,1.0,14.29,25.81,0.0,0.0,0.0,0.0,1.0,1.0,14.29,25.81,0.0,0.0,0.0,0.0,2.0,2.0,28.57,51.61,0.0,0.0,0.0,0.0,42.86,28.57,14.29,120.43,1.0,1.0,14.29,1.4,1.4,0.33,0.39,0.5,0.0,0.5,0.2,0.0,0.5,0.5,0.5,14.29,0.0,0.29,0.0,0.67
4,新北國王,19|22|10873|13029,蘇培凱/簡祐哲/喬納森/杰倫,1,17,22.0,238.32,3.97,03:58,238.32,3.97,03:58,7.0,7.0,31.82,63.44,4.0,4.0,18.18,36.25,8.0,8.0,36.36,72.51,2.0,2.0,9.09,18.13,3.0,3.0,13.64,27.19,2.0,2.0,9.09,18.13,5.0,5.0,22.73,45.32,0.0,0.0,0.0,0.0,2.0,2.0,9.09,18.13,1.0,1.0,4.55,9.06,2.0,2.0,9.09,18.13,5.0,5.0,22.73,45.32,3.0,3.0,13.64,27.19,5.0,5.0,22.73,45.32,1.0,1.0,4.55,9.06,1.0,1.0,4.55,9.06,1.0,1.0,4.55,9.06,0.0,0.0,0.0,0.0,1.0,1.0,4.55,9.06,0.0,0.0,0.0,0.0,31.82,18.18,13.64,132.93,3.0,3.0,13.64,3.97,3.97,0.25,0.39,0.67,0.0,0.5,0.1,0.5,0.29,0.62,0.47,4.55,0.0,0.05,0.0,0.25
4,新北國王,19|34|10873|13029,蘇培凱/沃許本/喬納森/杰倫,1,6,9.0,101.78,1.7,01:42,101.78,1.7,01:42,2.0,2.0,22.22,42.45,5.0,5.0,55.56,106.11,2.0,2.0,22.22,42.45,0.0,0.0,0.0,0.0,1.0,1.0,11.11,21.22,0.0,0.0,0.0,0.0,1.0,1.0,11.11,21.22,0.0,0.0,0.0,0.0,1.0,1.0,11.11,21.22,0.0,0.0,0.0,0.0,1.0,1.0,11.11,21.22,2.0,2.0,22.22,42.45,1.0,1.0,11.11,21.22,2.0,2.0,22.22,42.45,1.0,1.0,11.11,21.22,0.0,0.0,0.0,0.0,1.0,1.0,11.11,21.22,0.0,0.0,0.0,0.0,1.0,1.0,11.11,21.22,1.0,1.0,11.11,21.22,22.22,55.56,-33.33,127.34,-3.0,-3.0,-33.33,1.7,1.7,0.0,0.41,0.0,0.0,0.0,0.29,,0.33,0.67,0.5,11.11,0.0,0.11,11.11,0.5
4,新北中信特攻,40|104|113|10879,謝亞軒/貝奇/林任鴻/簡廷兆,1,2,3.0,50.08,0.83,00:50,50.08,0.83,00:50,3.0,3.0,100.0,129.41,0.0,0.0,0.0,0.0,1.0,1.0,33.33,43.14,1.0,1.0,33.33,43.14,0.0,0.0,0.0,0.0,0.0,0.0,0.0,0.0,1.0,1.0,33.33,43.14,1.0,1.0,33.33,43.14,1.0,1.0,33.33,43.14,0.0,0.0,0.0,0.0,0.0,0.0,0.0,0.0,1.0,1.0,33.33,43.14,0.0,0.0,0.0,0.0,1.0,1.0,33.33,43.14,0.0,0.0,0.0,0.0,0.0,0.0,0.0,0.0,0.0,0.0,0.0,0.0,0.0,0.0,0.0,0.0,1.0,1.0,33.33,43.14,1.0,1.0,33.33,43.14,100.0,0.0,100.0,86.27,3.0,3.0,100.0,0.83,0.83,1.5,1.04,,1.0,0.0,0.0,0.0,0.0,1.0,0.5,0.0,0.0,0.33,33.33,1.0
4,新北中信特攻,40|104|113|10880,謝亞軒/貝奇/林任鴻/內馬,1,2,3.0,50.08,0.83,00:50,50.08,0.83,00:50,3.0,3.0,100.0,129.41,0.0,0.0,0.0,0.0,1.0,1.0,33.33,43.14,1.0,1.0,33.33,43.14,0.0,0.0,0.0,0.0,0.0,0.0,0.0,0.0,1.0,1.0,33.33,43.14,1.0,1.0,33.33,43.14,1.0,1.0,33.33,43.14,0.0,0.0,0.0,0.0,0.0,0.0,0.0,0.0,1.0,1.0,33.33,43.14,0.0,0.0,0.0,0.0,1.0,1.0,33.33,43.14,0.0,0.0,0.0,0.0,0.0,0.0,0.0,0.0,0.0,0.0,0.0,0.0,0.0,0.0,0.0,0.0,1.0,1.0,33.33,43.14,1.0,1.0,33.33,43.14,100.0,0.0,100.0,86.27,3.0,3.0,100.0,0.83,0.83,1.5,1.04,,1.0,0.0,0.0,0.0,0.0,1.0,0.5,0.0,0.0,0.33,33.33,1.0
4,新北中信特攻,40|113|10879|10880,謝亞軒/林任鴻/簡廷兆/內馬,1,2,3.0,50.08,0.83,00:50,50.08,0.83,00:50,3.0,3.0,100.0,129.41,0.0,0.0,0.0,0.0,1.0,1.0,33.33,43.14,1.0,1.0,33.33,43.14,0.0,0.0,0.0,0.0,0.0,0.0,0.0,0.0,1.0,1.0,33.33,43.14,1.0,1.0,33.33,43.14,1.0,1.0,33.33,43.14,0.0,0.0,0.0,0.0,0.0,0.0,0.0,0.0,1.0,1.0,33.33,43.14,0.0,0.0,0.0,0.0,1.0,1.0,33.33,43.14,0.0,0.0,0.0,0.0,0.0,0.0,0.0,0.0,0.0,0.0,0.0,0.0,0.0,0.0,0.0,0.0,1.0,1.0,33.33,43.14,1.0,1.0,33.33,43.14,100.0,0.0,100.0,86.27,3.0,3.0,100.0,0.83,0.83,1.5,1.04,,1.0,0.0,0.0,0.0,0.0,1.0,0.5,0.0,0.0,0.33,33.33,1.0
4,新北中信特攻,104|113|10879|10880,貝奇/林任鴻/簡廷兆/內馬,1,3,4.0,54.08,0.9,00:54,54.08,0.9,00:54,3.0,3.0,75.0,119.83,1.0,1.0,25.0,39.94,1.0,1.0,25.0,39.94,1.0,1.0,25.0,39.94,0.0,0.0,0.0,0.0,0.0,0.0,0.0,0.0,1.0,1.0,25.0,39.94,1.0,1.0,25.0,39.94,1.0,1.0,25.0,39.94,0.0,0.0,0.0,0.0,0.0,0.0,0.0,0.0,1.0,1.0,25.0,39.94,0.0,0.0,0.0,0.0,1.0,1.0,25.0,39.94,0.0,0.0,0.0,0.0,0.0,0.0,0.0,0.0,0.0,0.0,0.0,0.0,0.0,0.0,0.0,0.0,1.0,1.0,25.0,39.94,3.0,3.0,75.0,119.83,75.0,25.0,50.0,106.52,2.0,2.0,50.0,0.9,0.9,1.5,1.04,,1.0,0.0,0.0,0.0,0.0,1.0,0.5,0.0,0.0,0.25,75.0,1.0
4,新北國王,19|24|34|10873,蘇培凱/蘇士軒/沃許本/喬納森,1,2,3.0,36.07,0.6,00:36,36.07,0.6,00:36,0.0,0.0,0.0,0.0,3.0,3.0,100.0,179.63,0.0,0.0,0.0,0.0,0.0,0.0,0.0,0.0,0.0,0.0,0.0,0.0,0.0,0.0,0.0,0.0,0.0,0.0,0.0,0.0,0.0,0.0,0.0,0.0,1.0,1.0,33.33,59.88,0.0,0.0,0.0,0.0,0.0,0.0,0.0,0.0,1.0,1.0,33.33,59.88,0.0,0.0,0.0,0.0,1.0,1.0,33.33,59.88,0.0,0.0,0.0,0.0,0.0,0.0,0.0,0.0,0.0,0.0,0.0,0.0,0.0,0.0,0.0,0.0,1.0,1.0,33.33,59.88,1.0,1.0,33.33,59.88,0.0,100.0,-100.0,119.75,-3.0,-3.0,-100.0,0.6,0.6,,0.0,,,0.0,0.0,,0.0,1.0,0.5,0.0,0.0,0.33,33.33,
4,新北國王,19|24|34|13029,蘇培凱/蘇士軒/沃許本/杰倫,1,3,4.0,54.08,0.9,00:54,54.08,0.9,00:54,1.0,1.0,25.0,39.94,3.0,3.0,75.0,119.83,1.0,1.0,25.0,39.94,1.0,1.0,25.0,39.94,1.0,1.0,25.0,39.94,1.0,1.0,25.0,39.94,0.0,0.0,0.0,0.0,0.0,0.0,0.0,0.0,3.0,3.0,75.0,119.83,1.0,1.0,25.0,39.94,0.0,0.0,0.0,0.0,1.0,1.0,25.0,39.94,0.0,0.0,0.0,0.0,1.0,1.0,25.0,39.94,0.0,0.0,0.0,0.0,0.0,0.0,0.0,0.0,0.0,0.0,0.0,0.0,0.0,0.0,0.0,0.0,3.0,3.0,75.0,119.83,1.0,1.0,25.0,39.94,25.0,75.0,-50.0,106.52,-2.0,-2.0,-50.0,0.9,0.9,1.0,0.22,1.0,,0.33,0.0,0.0,0.0,1.0,0.5,0.0,0.0,0.75,25.0,3.0
4,新北國王,19|24|10873|13029,蘇培凱/蘇士軒/喬納森/杰倫,1,2,3.0,36.07,0.6,00:36,36.07,0.6,00:36,0.0,0.0,0.0,0.0,3.0,3.0,100.0,179.63,0.0,0.0,0.0,0.0,0.0,0.0,0.0,0.0,0.0,0.0,0.0,0.0,0.0,0.0,0.0,0.0,0.0,0.0,0.0,0.0,0.0,0.0,0.0,0.0,1.0,1.0,33.33,59.88,0.0,0.0,0.0,0.0,0.0,0.0,0.0,0.0,1.0,1.0,33.33,59.88,0.0,0.0,0.0,0.0,1.0,1.0,33.33,59.88,0.0,0.0,0.0,0.0,0.0,0.0,0.0,0.0,0.0,0.0,0.0,0.0,0.0,0.0,0.0,0.0,1.0,1.0,33.33,59.88,1.0,1.0,33.33,59.88,0.0,100.0,-100.0,119.75,-3.0,-3.0,-100.0,0.6,0.6,,0.0,,,0.0,0.0,,0.0,1.0,0.5,0.0,0.0,0.33,33.33,
4,新北中信特攻,48|104|113|10879,李沛澄/貝奇/林任鴻/簡廷兆,1,1,1.0,4.0,0.07,00:04,4.0,0.07,00:04,0.0,0.0,0.0,0.0,1.0,1.0,100.0,540.0,0.0,0.0,0.0,0.0,0.0,0.0,0.0,0.0,0.0,0.0,0.0,0.0,0.0,0.0,0.0,0.0,0.0,0.0,0.0,0.0,0.0,0.0,0.0,0.0,0.0,0.0,0.0,0.0,0.0,0.0,0.0,0.0,0.0,0.0,0.0,0.0,0.0,0.0,0.0,0.0,0.0,0.0,0.0,0.0,0.0,0.0,0.0,0.0,0.0,0.0,0.0,0.0,0.0,0.0,0.0,0.0,0.0,0.0,0.0,0.0,0.0,0.0,0.0,0.0,0.0,0.0,0.0,0.0,2.0,2.0,200.0,1080.0,0.0,100.0,-100.0,360.0,-1.0,-1.0,-100.0,0.07,0.07,,,,,,,,,,,0.0,0.0,0.0,200.0,
4,新北中信特攻,48|104|113|10880,李沛澄/貝奇/林任鴻/內馬,1,1,1.0,12.0,0.2,00:12,12.0,0.2,00:12,0.0,0.0,0.0,0.0,1.0,1.0,100.0,180.0,0.0,0.0,0.0,0.0,0.0,0.0,0.0,0.0,0.0,0.0,0.0,0.0,0.0,0.0,0.0,0.0,0.0,0.0,0.0,0.0,0.0,0.0,0.0,0.0,0.0,0.0,0.0,0.0,0.0,0.0,0.0,0.0,0.0,0.0,0.0,0.0,0.0,0.0,0.0,0.0,0.0,0.0,0.0,0.0,0.0,0.0,0.0,0.0,0.0,0.0,0.0,0.0,0.0,0.0,0.0,0.0,0.0,0.0,0.0,0.0,0.0,0.0,0.0,0.0,1.0,1.0,100.0,180.0,2.0,2.0,200.0,360.0,0.0,100.0,-100.0,120.0,-1.0,-1.0,-100.0,0.2,0.2,,,,,,,,,,,0.0,0.0,1.0,200.0,
4,新北中信特攻,48|104|10879|10880,李沛澄/貝奇/簡廷兆/內馬,1,1,1.0,4.0,0.07,00:04,4.0,0.07,00:04,0.0,0.0,0.0,0.0,1.0,1.0,100.0,540.0,0.0,0.0,0.0,0.0,0.0,0.0,0.0,0.0,0.0,0.0,0.0,0.0,0.0,0.0,0.0,0.0,0.0,0.0,0.0,0.0,0.0,0.0,0.0,0.0,0.0,0.0,0.0,0.0,0.0,0.0,0.0,0.0,0.0,0.0,0.0,0.0,0.0,0.0,0.0,0.0,0.0,0.0,0.0,0.0,0.0,0.0,0.0,0.0,0.0,0.0,0.0,0.0,0.0,0.0,0.0,0.0,0.0,0.0,0.0,0.0,0.0,0.0,0.0,0.0,0.0,0.0,0.0,0.0,2.0,2.0,200.0,1080.0,0.0,100.0,-100.0,360.0,-1.0,-1.0,-100.0,0.07,0.07,,,,,,,,,,,0.0,0.0,0.0,200.0,
4,新北中信特攻,48|113|10879|10880,李沛澄/林任鴻/簡廷兆/內馬,1,1,1.0,4.0,0.07,00:04,4.0,0.07,00:04,0.0,0.0,0.0,0.0,1.0,1.0,100.0,540.0,0.0,0.0,0.0,0.0,0.0,0.0,0.0,0.0,0.0,0.0,0.0,0.0,0.0,0.0,0.0,0.0,0.0,0.0,0.0,0.0,0.0,0.0,0.0,0.0,0.0,0.0,0.0,0.0,0.0,0.0,0.0,0.0,0.0,0.0,0.0,0.0,0.0,0.0,0.0,0.0,0.0,0.0,0.0,0.0,0.0,0.0,0.0,0.0,0.0,0.0,0.0,0.0,0.0,0.0,0.0,0.0,0.0,0.0,0.0,0.0,0.0,0.0,0.0,0.0,0.0,0.0,0.0,0.0,2.0,2.0,200.0,1080.0,0.0,100.0,-100.0,360.0,-1.0,-1.0,-100.0,0.07,0.07,,,,,,,,,,,0.0,0.0,0.0,200.0,
4,新北國王,19|22|24|34,蘇培凱/簡祐哲/蘇士軒/沃許本,1,1,1.0,18.0,0.3,00:18,18.0,0.3,00:18,1.0,1.0,100.0,120.0,0.0,0.0,0.0,0.0,1.0,1.0,100.0,120.0,1.0,1.0,100.0,120.0,1.0,1.0,100.0,120.0,1.0,1.0,100.0,120.0,0.0,0.0,0.0,0.0,0.0,0.0,0.0,0.0,2.0,2.0,200.0,240.0,1.0,1.0,100.0,120.0,0.0,0.0,0.0,0.0,0.0,0.0,0.0,0.0,0.0,0.0,0.0,0.0,0.0,0.0,0.0,0.0,0.0,0.0,0.0,0.0,0.0,0.0,0.0,0.0,0.0,0.0,0.0,0.0,0.0,0.0,0.0,0.0,2.0,2.0,200.0,240.0,0.0,0.0,0.0,0.0,100.0,0.0,100.0,80.0,1.0,1.0,100.0,0.3,0.3,1.0,0.27,1.0,,0.5,0.0,0.0,,,,0.0,0.0,2.0,0.0,2.0
4,新北國王,19|22|24|13029,蘇培凱/簡祐哲/蘇士軒/杰倫,1,1,1.0,26.0,0.43,00:26,26.0,0.43,00:26,1.0,1.0,100.0,83.08,0.0,0.0,0.0,0.0,1.0,1.0,100.0,83.08,1.0,1.0,100.0,83.08,1.0,1.0,100.0,83.08,1.0,1.0,100.0,83.08,0.0,0.0,0.0,0.0,0.0,0.0,0.0,0.0,2.0,2.0,200.0,166.15,1.0,1.0,100.0,83.08,0.0,0.0,0.0,0.0,0.0,0.0,0.0,0.0,0.0,0.0,0.0,0.0,0.0,0.0,0.0,0.0,0.0,0.0,0.0,0.0,0.0,0.0,0.0,0.0,0.0,0.0,0.0,0.0,0.0,0.0,0.0,0.0,2.0,2.0,200.0,166.15,0.0,0.0,0.0,0.0,100.0,0.0,100.0,55.38,1.0,1.0,100.0,0.43,0.43,1.0,0.27,1.0,,0.5,0.0,0.0,,,,0.0,0.0,2.0,0.0,2.0
4,新北中信特攻,38|44|48|113,余維豪/黃泓瀚/李沛澄/林任鴻,1,20,25.0,281.62,4.69,04:42,281.62,4.69,04:42,4.0,4.0,16.0,30.68,10.0,10.0,40.0,76.7,10.0,10.0,40.0,76.7,2.0,2.0,8.0,15.34,8.0,8.0,32.0,61.36,2.0,2.0,8.0,15.34,2.0,2.0,8.0,15.34,0.0,0.0,0.0,0.0,0.0,0.0,0.0,0.0,0.0,0.0,0.0,0.0,3.0,3.0,12.0,23.01,5.0,5.0,20.0,38.35,1.0,1.0,4.0,7.67,6.0,6.0,24.0,46.02,4.0,4.0,16.0,30.68,1.0,1.0,4.0,7.67,3.0,3.0,12.0,23.01,0.0,0.0,0.0,0.0,0.0,0.0,0.0,0.0,2.0,2.0,8.0,15.34,16.0,40.0,-24.0,127.83,-6.0,-6.0,-24.0,4.69,4.69,0.2,0.2,0.25,0.0,,0.29,0.5,0.33,0.83,0.53,12.0,0.0,0.0,8.0,0.0
4,新北中信特攻,38|44|48|10878,余維豪/黃泓瀚/李沛澄/曾信武,1,20,25.0,281.62,4.69,04:42,281.62,4.69,04:42,4.0,4.0,16.0,30.68,10.0,10.0,40.0,76.7,10.0,10.0,40.0,76.7,2.0,2.0,8.0,15.34,8.0,8.0,32.0,61.36,2.0,2.0,8.0,15.34,2.0,2.0,8.0,15.34,0.0,0.0,0.0,0.0,0.0,0.0,0.0,0.0,0.0,0.0,0.0,0.0,3.0,3.0,12.0,23.01,5.0,5.0,20.0,38.35,1.0,1.0,4.0,7.67,6.0,6.0,24.0,46.02,4.0,4.0,16.0,30.68,1.0,1.0,4.0,7.67,3.0,3.0,12.0,23.01,0.0,0.0,0.0,0.0,0.0,0.0,0.0,0.0,2.0,2.0,8.0,15.34,16.0,40.0,-24.0,127.83,-6.0,-6.0,-24.0,4.69,4.69,0.2,0.2,0.25,0.0,,0.29,0.5,0.33,0.83,0.53,12.0,0.0,0.0,8.0,0.0
4,新北中信特攻,38|44|113|10878,余維豪/黃泓瀚/林任鴻/曾信武,1,20,25.0,281.62,4.69,04:42,281.62,4.69,04:42,4.0,4.0,16.0,30.68,10.0,10.0,40.0,76.7,10.0,10.0,40.0,76.7,2.0,2.0,8.0,15.34,8.0,8.0,32.0,61.36,2.0,2.0,8.0,15.34,2.0,2.0,8.0,15.34,0.0,0.0,0.0,0.0,0.0,0.0,0.0,0.0,0.0,0.0,0.0,0.0,3.0,3.0,12.0,23.01,5.0,5.0,20.0,38.35,1.0,1.0,4.0,7.67,6.0,6.0,24.0,46.02,4.0,4.0,16.0,30.68,1.0,1.0,4.0,7.67,3.0,3.0,12.0,23.01,0.0,0.0,0.0,0.0,0.0,0.0,0.0,0.0,2.0,2.0,8.0,15.34,16.0,40.0,-24.0,127.83,-6.0,-6.0,-24.0,4.69,4.69,0.2,0.2,0.25,0.0,,0.29,0.5,0.33,0.83,0.53,12.0,0.0,0.0,8.0,0.0
4,新北中信特攻,38|48|113|10878,余維豪/李沛澄/林任鴻/曾信武,1,20,25.0,281.62,4.69,04:42,281.62,4.69,04:42,4.0,4.0,16.0,30.68,10.0,10.0,40.0,76.7,10.0,10.0,40.0,76.7,2.0,2.0,8.0,15.34,8.0,8.0,32.0,61.36,2.0,2.0,8.0,15.34,2.0,2.0,8.0,15.34,0.0,0.0,0.0,0.0,0.0,0.0,0.0,0.0,0.0,0.0,0.0,0.0,3.0,3.0,12.0,23.01,5.0,5.0,20.0,38.35,1.0,1.0,4.0,7.67,6.0,6.0,24.0,46.02,4.0,4.0,16.0,30.68,1.0,1.0,4.0,7.67,3.0,3.0,12.0,23.01,0.0,0.0,0.0,0.0,0.0,0.0,0.0,0.0,2.0,2.0,8.0,15.34,16.0,40.0,-24.0,127.83,-6.0,-6.0,-24.0,4.69,4.69,0.2,0.2,0.25,0.0,,0.29,0.5,0.33,0.83,0.53,12.0,0.0,0.0,8.0,0.0
4,新北中信特攻,44|48|113|10878,黃泓瀚/李沛澄/林任鴻/曾信武,1,20,25.0,281.62,4.69,04:42,281.62,4.69,04:42,4.0,4.0,16.0,30.68,10.0,10.0,40.0,76.7,10.0,10.0,40.0,76.7,2.0,2.0,8.0,15.34,8.0,8.0,32.0,61.36,2.0,2.0,8.0,15.34,2.0,2.0,8.0,15.34,0.0,0.0,0.0,0.0,0.0,0.0,0.0,0.0,0.0,0.0,0.0,0.0,3.0,3.0,12.0,23.01,5.0,5.0,20.0,38.35,1.0,1.0,4.0,7.67,6.0,6.0,24.0,46.02,4.0,4.0,16.0,30.68,1.0,1.0,4.0,7.67,3.0,3.0,12.0,23.01,0.0,0.0,0.0,0.0,0.0,0.0,0.0,0.0,2.0,2.0,8.0,15.34,16.0,40.0,-24.0,127.83,-6.0,-6.0,-24.0,4.69,4.69,0.2,0.2,0.25,0.0,,0.29,0.5,0.33,0.83,0.53,12.0,0.0,0.0,8.0,0.0
4,新北國王,19|22|23|10873,蘇培凱/簡祐哲/王柏智/喬納森,1,20,25.0,281.62,4.69,04:42,281.62,4.69,04:42,10.0,10.0,40.0,76.7,4.0,4.0,16.0,30.68,10.0,10.0,40.0,76.7,4.0,4.0,16.0,30.68,4.0,4.0,16.0,30.68,3.0,3.0,12.0,23.01,6.0,6.0,24.0,46.02,1.0,1.0,4.0,7.67,2.0,2.0,8.0,15.34,1.0,1.0,4.0,7.67,1.0,1.0,4.0,7.67,6.0,6.0,24.0,46.02,3.0,3.0,12.0,23.01,5.0,5.0,20.0,38.35,0.0,0.0,0.0,0.0,2.0,2.0,8.0,15.34,0.0,0.0,0.0,0.0,0.0,0.0,0.0,0.0,1.0,1.0,4.0,7.67,0.0,0.0,0.0,0.0,40.0,16.0,24.0,127.83,6.0,6.0,24.0,4.69,4.69,0.45,0.46,0.75,0.17,0.5,0.0,0.5,0.17,0.67,0.47,0.0,0.0,0.04,0.0,0.2
4,新北國王,19|22|23|13029,蘇培凱/簡祐哲/王柏智/杰倫,1,13,16.0,180.62,3.01,03:01,180.62,3.01,03:01,5.0,5.0,31.25,59.79,2.0,2.0,12.5,23.92,6.0,6.0,37.5,71.75,2.0,2.0,12.5,23.92,2.0,2.0,12.5,23.92,2.0,2.0,12.5,23.92,4.0,4.0,25.0,47.83,0.0,0.0,0.0,0.0,2.0,2.0,12.5,23.92,1.0,1.0,6.25,11.96,1.0,1.0,6.25,11.96,4.0,4.0,25.0,47.83,2.0,2.0,12.5,23.92,4.0,4.0,25.0,47.83,0.0,0.0,0.0,0.0,1.0,1.0,6.25,11.96,0.0,0.0,0.0,0.0,0.0,0.0,0.0,0.0,1.0,1.0,6.25,11.96,0.0,0.0,0.0,0.0,31.25,12.5,18.75,127.56,3.0,3.0,18.75,3.01,3.01,0.33,0.36,1.0,0.0,0.5,0.0,0.5,0.2,0.67,0.45,0.0,0.0,0.06,0.0,0.33
4,新北國王,19|23|10873|13029,蘇培凱/王柏智/喬納森/杰倫,1,13,16.0,172.62,2.88,02:53,172.62,2.88,02:53,5.0,5.0,31.25,62.56,2.0,2.0,12.5,25.03,6.0,6.0,37.5,75.08,2.0,2.0,12.5,25.03,2.0,2.0,12.5,25.03,2.0,2.0,12.5,25.03,4.0,4.0,25.0,50.05,0.0,0.0,0.0,0.0,2.0,2.0,12.5,25.03,1.0,1.0,6.25,12.51,1.0,1.0,6.25,12.51,4.0,4.0,25.0,50.05,2.0,2.0,12.5,25.03,4.0,4.0,25.0,50.05,0.0,0.0,0.0,0.0,1.0,1.0,6.25,12.51,0.0,0.0,0.0,0.0,0.0,0.0,0.0,0.0,1.0,1.0,6.25,12.51,0.0,0.0,0.0,0.0,31.25,12.5,18.75,133.47,3.0,3.0,18.75,2.88,2.88,0.33,0.36,1.0,0.0,0.5,0.0,0.5,0.2,0.67,0.45,0.0,0.0,0.06,0.0,0.33
4,新北國王,19|22|23|24,蘇培凱/簡祐哲/王柏智/蘇士軒,1,7,9.0,117.0,1.95,01:57,117.0,1.95,01:57,5.0,5.0,55.56,92.31,2.0,2.0,22.22,36.92,4.0,4.0,44.44,73.85,2.0,2.0,22.22,36.92,2.0,2.0,22.22,36.92,1.0,1.0,11.11,18.46,2.0,2.0,22.22,36.92,1.0,1.0,11.11,18.46,0.0,0.0,0.0,0.0,0.0,0.0,0.0,0.0,0.0,0.0,0.0,0.0,2.0,2.0,22.22,36.92,1.0,1.0,11.11,18.46,1.0,1.0,11.11,18.46,0.0,0.0,0.0,0.0,1.0,1.0,11.11,18.46,0.0,0.0,0.0,0.0,0.0,0.0,0.0,0.0,0.0,0.0,0.0,0.0,0.0,0.0,0.0,0.0,55.56,22.22,33.33,110.77,3.0,3.0,33.33,1.95,1.95,0.62,0.62,0.5,0.5,,0.0,0.5,0.0,0.67,0.5,0.0,0.0,0.0,0.0,0.0
4,新北國王,19|22|24|10873,蘇培凱/簡祐哲/蘇士軒/喬納森,1,7,9.0,109.0,1.82,01:49,109.0,1.82,01:49,5.0,5.0,55.56,99.08,2.0,2.0,22.22,39.63,4.0,4.0,44.44,79.27,2.0,2.0,22.22,39.63,2.0,2.0,22.22,39.63,1.0,1.0,11.11,19.82,2.0,2.0,22.22,39.63,1.0,1.0,11.11,19.82,0.0,0.0,0.0,0.0,0.0,0.0,0.0,0.0,0.0,0.0,0.0,0.0,2.0,2.0,22.22,39.63,1.0,1.0,11.11,19.82,1.0,1.0,11.11,19.82,0.0,0.0,0.0,0.0,1.0,1.0,11.11,19.82,0.0,0.0,0.0,0.0,0.0,0.0,0.0,0.0,0.0,0.0,0.0,0.0,0.0,0.0,0.0,0.0,55.56,22.22,33.33,118.9,3.0,3.0,33.33,1.82,1.82,0.62,0.62,0.5,0.5,,0.0,0.5,0.0,0.67,0.5,0.0,0.0,0.0,0.0,0.0
4,新北國王,19|23|24|10873,蘇培凱/王柏智/蘇士軒/喬納森,1,7,9.0,109.0,1.82,01:49,109.0,1.82,01:49,5.0,5.0,55.56,99.08,2.0,2.0,22.22,39.63,4.0,4.0,44.44,79.27,2.0,2.0,22.22,39.63,2.0,2.0,22.22,39.63,1.0,1.0,11.11,19.82,2.0,2.0,22.22,39.63,1.0,1.0,11.11,19.82,0.0,0.0,0.0,0.0,0.0,0.0,0.0,0.0,0.0,0.0,0.0,0.0,2.0,2.0,22.22,39.63,1.0,1.0,11.11,19.82,1.0,1.0,11.11,19.82,0.0,0.0,0.0,0.0,1.0,1.0,11.11,19.82,0.0,0.0,0.0,0.0,0.0,0.0,0.0,0.0,0.0,0.0,0.0,0.0,0.0,0.0,0.0,0.0,55.56,22.22,33.33,118.9,3.0,3.0,33.33,1.82,1.82,0.62,0.62,0.5,0.5,,0.0,0.5,0.0,0.67,0.5,0.0,0.0,0.0,0.0,0.0
4,新北國王,22|23|24|10873,簡祐哲/王柏智/蘇士軒/喬納森,1,7,9.0,109.0,1.82,01:49,109.0,1.82,01:49,5.0,5.0,55.56,99.08,2.0,2.0,22.22,39.63,4.0,4.0,44.44,79.27,2.0,2.0,22.22,39.63,2.0,2.0,22.22,39.63,1.0,1.0,11.11,19.82,2.0,2.0,22.22,39.63,1.0,1.0,11.11,19.82,0.0,0.0,0.0,0.0,0.0,0.0,0.0,0.0,0.0,0.0,0.0,0.0,2.0,2.0,22.22,39.63,1.0,1.0,11.11,19.82,1.0,1.0,11.11,19.82,0.0,0.0,0.0,0.0,1.0,1.0,11.11,19.82,0.0,0.0,0.0,0.0,0.0,0.0,0.0,0.0,0.0,0.0,0.0,0.0,0.0,0.0,0.0,0.0,55.56,22.22,33.33,118.9,3.0,3.0,33.33,1.82,1.82,0.62,0.62,0.5,0.5,,0.0,0.5,0.0,0.67,0.5,0.0,0.0,0.0,0.0,0.0
4,桃園台啤永豐雲豹,16|54|57|62,米勒/高錦瑋/莊博元/王皓吉,1,37,43.0,534.92,8.92,08:55,534.92,8.92,08:55,21.0,21.0,48.84,84.8,24.0,24.0,55.81,96.91,20.0,20.0,46.51,80.76,9.0,9.0,20.93,36.34,10.0,10.0,23.26,40.38,6.0,6.0,13.95,24.23,10.0,10.0,23.26,40.38,3.0,3.0,6.98,12.11,0.0,0.0,0.0,0.0,0.0,0.0,0.0,0.0,3.0,3.0,6.98,12.11,8.0,8.0,18.6,32.3,2.0,2.0,4.65,8.08,6.0,6.0,13.95,24.23,1.0,1.0,2.33,4.04,5.0,5.0,11.63,20.19,0.0,0.0,0.0,0.0,1.0,1.0,2.33,4.04,0.0,0.0,0.0,0.0,7.0,7.0,16.28,28.27,48.84,55.81,-6.98,115.76,-3.0,-3.0,-6.98,8.92,8.92,0.52,0.52,0.6,0.3,,0.05,0.56,0.33,0.8,0.58,0.0,2.33,0.0,16.28,0.0
4,桃園台啤永豐雲豹,16|54|57|68,米勒/高錦瑋/莊博元/克羅馬,1,76,93.0,1045.86,17.43,17:26,1045.86,17.43,17:26,38.0,38.0,40.86,78.48,41.0,41.0,44.09,84.68,36.0,36.0,38.71,74.35,15.0,15.0,16.13,30.98,22.0,22.0,23.66,45.44,13.0,13.0,13.98,26.85,14.0,14.0,15.05,28.91,2.0,2.0,2.15,4.13,7.0,7.0,7.53,14.46,6.0,6.0,6.45,12.39,6.0,6.0,6.45,12.39,16.0,16.0,17.2,33.04,8.0,8.0,8.6,16.52,15.0,15.0,16.13,30.98,3.0,3.0,3.23,6.2,7.0,7.0,7.53,14.46,1.0,1.0,1.08,2.07,1.0,1.0,1.08,2.07,5.0,5.0,5.38,10.33,12.0,12.0,12.9,24.78,40.86,44.09,-3.23,128.05,-3.0,-3.0,-3.23,17.43,17.43,0.44,0.49,0.59,0.14,0.86,0.07,0.47,0.29,0.67,0.49,1.08,1.08,0.05,12.9,0.19
4,桃園台啤永豐雲豹,16|54|62|68,米勒/高錦瑋/王皓吉/克羅馬,1,32,38.0,449.92,7.5,07:30,449.92,7.5,07:30,13.0,13.0,34.21,62.41,24.0,24.0,63.16,115.22,17.0,17.0,44.74,81.61,6.0,6.0,15.79,28.81,9.0,9.0,23.68,43.21,5.0,5.0,13.16,24.0,8.0,8.0,21.05,38.41,1.0,1.0,2.63,4.8,0.0,0.0,0.0,0.0,0.0,0.0,0.0,0.0,3.0,3.0,7.89,14.4,8.0,8.0,21.05,38.41,2.0,2.0,5.26,9.6,4.0,4.0,10.53,19.2,1.0,1.0,2.63,4.8,3.0,3.0,7.89,14.4,0.0,0.0,0.0,0.0,1.0,1.0,2.63,4.8,0.0,0.0,0.0,0.0,7.0,7.0,18.42,33.61,34.21,63.16,-28.95,121.62,-11.0,-11.0,-28.95,7.5,7.5,0.38,0.38,0.56,0.12,,0.06,0.5,0.43,0.8,0.65,0.0,2.63,0.0,18.42,0.0
4,桃園台啤永豐雲豹,16|57|62|68,米勒/莊博元/王皓吉/克羅馬,1,32,38.0,449.92,7.5,07:30,449.92,7.5,07:30,13.0,13.0,34.21,62.41,24.0,24.0,63.16,115.22,17.0,17.0,44.74,81.61,6.0,6.0,15.79,28.81,9.0,9.0,23.68,43.21,5.0,5.0,13.16,24.0,8.0,8.0,21.05,38.41,1.0,1.0,2.63,4.8,0.0,0.0,0.0,0.0,0.0,0.0,0.0,0.0,3.0,3.0,7.89,14.4,8.0,8.0,21.05,38.41,2.0,2.0,5.26,9.6,4.0,4.0,10.53,19.2,1.0,1.0,2.63,4.8,3.0,3.0,7.89,14.4,0.0,0.0,0.0,0.0,1.0,1.0,2.63,4.8,0.0,0.0,0.0,0.0,7.0,7.0,18.42,33.61,34.21,63.16,-28.95,121.62,-11.0,-11.0,-28.95,7.5,7.5,0.38,0.38,0.56,0.12,,0.06,0.5,0.43,0.8,0.65,0.0,2.63,0.0,18.42,0.0
4,桃園台啤永豐雲豹,54|57|62|68,高錦瑋/莊博元/王皓吉/克羅馬,1,32,38.0,449.92,7.5,07:30,449.92,7.5,07:30,13.0,13.0,34.21,62.41,24.0,24.0,63.16,115.22,17.0,17.0,44.74,81.61,6.0,6.0,15.79,28.81,9.0,9.0,23.68,43.21,5.0,5.0,13.16,24.0,8.0,8.0,21.05,38.41,1.0,1.0,2.63,4.8,0.0,0.0,0.0,0.0,0.0,0.0,0.0,0.0,3.0,3.0,7.89,14.4,8.0,8.0,21.05,38.41,2.0,2.0,5.26,9.6,4.0,4.0,10.53,19.2,1.0,1.0,2.63,4.8,3.0,3.0,7.89,14.4,0.0,0.0,0.0,0.0,1.0,1.0,2.63,4.8,0.0,0.0,0.0,0.0,7.0,7.0,18.42,33.61,34.21,63.16,-28.95,121.62,-11.0,-11.0,-28.95,7.5,7.5,0.38,0.38,0.56,0.12,,0.06,0.5,0.43,0.8,0.65,0.0,2.63,0.0,18.42,0.0
4,臺北台新戰神,1|14|10864|10867,丁聖儒/錢肯尼/劉彥廷/威力斯,1,21,25.0,299.0,4.98,04:59,299.0,4.98,04:59,16.0,16.0,64.0,115.59,9.0,9.0,36.0,65.02,9.0,9.0,36.0,65.02,5.0,5.0,20.0,36.12,5.0,5.0,20.0,36.12,2.0,2.0,8.0,14.45,4.0,4.0,16.0,28.9,3.0,3.0,12.0,21.67,4.0,4.0,16.0,28.9,3.0,3.0,12.0,21.67,2.0,2.0,8.0,14.45,2.0,2.0,8.0,14.45,2.0,2.0,8.0,14.45,5.0,5.0,20.0,36.12,2.0,2.0,8.0,14.45,5.0,5.0,20.0,36.12,1.0,1.0,4.0,7.22,2.0,2.0,8.0,14.45,4.0,4.0,16.0,28.9,0.0,0.0,0.0,0.0,64.0,36.0,28.0,120.4,7.0,7.0,28.0,4.98,4.98,0.72,0.74,0.4,0.75,0.75,0.16,1.0,0.29,0.5,0.36,4.0,8.0,0.16,0.0,0.44
4,臺北台新戰神,1|14|10864|13907,丁聖儒/錢肯尼/劉彥廷/梅克,1,21,25.0,299.0,4.98,04:59,299.0,4.98,04:59,16.0,16.0,64.0,115.59,9.0,9.0,36.0,65.02,9.0,9.0,36.0,65.02,5.0,5.0,20.0,36.12,5.0,5.0,20.0,36.12,2.0,2.0,8.0,14.45,4.0,4.0,16.0,28.9,3.0,3.0,12.0,21.67,4.0,4.0,16.0,28.9,3.0,3.0,12.0,21.67,2.0,2.0,8.0,14.45,2.0,2.0,8.0,14.45,2.0,2.0,8.0,14.45,5.0,5.0,20.0,36.12,2.0,2.0,8.0,14.45,5.0,5.0,20.0,36.12,1.0,1.0,4.0,7.22,2.0,2.0,8.0,14.45,4.0,4.0,16.0,28.9,0.0,0.0,0.0,0.0,64.0,36.0,28.0,120.4,7.0,7.0,28.0,4.98,4.98,0.72,0.74,0.4,0.75,0.75,0.16,1.0,0.29,0.5,0.36,4.0,8.0,0.16,0.0,0.44
4,臺北台新戰神,1|14|10867|13907,丁聖儒/錢肯尼/威力斯/梅克,1,31,37.0,481.89,8.03,08:02,481.89,8.03,08:02,20.0,20.0,54.05,89.65,16.0,16.0,43.24,71.72,12.0,12.0,32.43,53.79,6.0,6.0,16.22,26.89,7.0,7.0,18.92,31.38,2.0,2.0,5.41,8.96,5.0,5.0,13.51,22.41,4.0,4.0,10.81,17.93,5.0,5.0,13.51,22.41,4.0,4.0,10.81,17.93,2.0,2.0,5.41,8.96,4.0,4.0,10.81,17.93,3.0,3.0,8.11,13.45,6.0,6.0,16.22,26.89,3.0,3.0,8.11,13.45,6.0,6.0,16.22,26.89,2.0,2.0,5.41,8.96,2.0,2.0,5.41,8.96,4.0,4.0,10.81,17.93,1.0,1.0,2.7,4.48,54.05,43.24,10.81,110.57,4.0,4.0,10.81,8.03,8.03,0.67,0.7,0.29,0.8,0.8,0.17,1.0,0.25,0.57,0.4,5.41,5.41,0.11,2.7,0.42
4,臺北台新戰神,1|10864|10867|13907,丁聖儒/劉彥廷/威力斯/梅克,1,21,25.0,299.0,4.98,04:59,299.0,4.98,04:59,16.0,16.0,64.0,115.59,9.0,9.0,36.0,65.02,9.0,9.0,36.0,65.02,5.0,5.0,20.0,36.12,5.0,5.0,20.0,36.12,2.0,2.0,8.0,14.45,4.0,4.0,16.0,28.9,3.0,3.0,12.0,21.67,4.0,4.0,16.0,28.9,3.0,3.0,12.0,21.67,2.0,2.0,8.0,14.45,2.0,2.0,8.0,14.45,2.0,2.0,8.0,14.45,5.0,5.0,20.0,36.12,2.0,2.0,8.0,14.45,5.0,5.0,20.0,36.12,1.0,1.0,4.0,7.22,2.0,2.0,8.0,14.45,4.0,4.0,16.0,28.9,0.0,0.0,0.0,0.0,64.0,36.0,28.0,120.4,7.0,7.0,28.0,4.98,4.98,0.72,0.74,0.4,0.75,0.75,0.16,1.0,0.29,0.5,0.36,4.0,8.0,0.16,0.0,0.44
4,臺北台新戰神,14|10864|10867|13907,錢肯尼/劉彥廷/威力斯/梅克,1,21,25.0,299.0,4.98,04:59,299.0,4.98,04:59,16.0,16.0,64.0,115.59,9.0,9.0,36.0,65.02,9.0,9.0,36.0,65.02,5.0,5.0,20.0,36.12,5.0,5.0,20.0,36.12,2.0,2.0,8.0,14.45,4.0,4.0,16.0,28.9,3.0,3.0,12.0,21.67,4.0,4.0,16.0,28.9,3.0,3.0,12.0,21.67,2.0,2.0,8.0,14.45,2.0,2.0,8.0,14.45,2.0,2.0,8.0,14.45,5.0,5.0,20.0,36.12,2.0,2.0,8.0,14.45,5.0,5.0,20.0,36.12,1.0,1.0,4.0,7.22,2.0,2.0,8.0,14.45,4.0,4.0,16.0,28.9,0.0,0.0,0.0,0.0,64.0,36.0,28.0,120.4,7.0,7.0,28.0,4.98,4.98,0.72,0.74,0.4,0.75,0.75,0.16,1.0,0.29,0.5,0.36,4.0,8.0,0.16,0.0,0.44
4,桃園台啤永豐雲豹,16|54|57|58,米勒/高錦瑋/莊博元/林信寬,1,10,12.0,90.89,1.51,01:31,90.89,1.51,01:31,7.0,7.0,58.33,166.36,4.0,4.0,33.33,95.06,5.0,5.0,41.67,118.83,3.0,3.0,25.0,71.3,4.0,4.0,33.33,95.06,3.0,3.0,25.0,71.3,1.0,1.0,8.33,23.77,0.0,0.0,0.0,0.0,1.0,1.0,8.33,23.77,1.0,1.0,8.33,23.77,1.0,1.0,8.33,23.77,1.0,1.0,8.33,23.77,0.0,0.0,0.0,0.0,2.0,2.0,16.67,47.53,1.0,1.0,8.33,23.77,0.0,0.0,0.0,0.0,1.0,1.0,8.33,23.77,0.0,0.0,0.0,0.0,2.0,2.0,16.67,47.53,1.0,1.0,8.33,23.77,58.33,33.33,25.0,190.12,3.0,3.0,25.0,1.51,1.51,0.6,0.64,0.75,0.0,1.0,0.16,0.0,0.33,1.0,0.5,8.33,0.0,0.17,8.33,0.2
4,桃園台啤永豐雲豹,16|54|58|68,米勒/高錦瑋/林信寬/克羅馬,1,14,16.0,130.74,2.18,02:11,130.74,2.18,02:11,7.0,7.0,43.75,115.65,8.0,8.0,50.0,132.17,5.0,5.0,31.25,82.6,3.0,3.0,18.75,49.56,4.0,4.0,25.0,66.08,3.0,3.0,18.75,49.56,1.0,1.0,6.25,16.52,0.0,0.0,0.0,0.0,2.0,2.0,12.5,33.04,1.0,1.0,6.25,16.52,1.0,1.0,6.25,16.52,2.0,2.0,12.5,33.04,0.0,0.0,0.0,0.0,2.0,2.0,12.5,33.04,2.0,2.0,12.5,33.04,0.0,0.0,0.0,0.0,2.0,2.0,12.5,33.04,0.0,0.0,0.0,0.0,2.0,2.0,12.5,33.04,1.0,1.0,6.25,16.52,43.75,50.0,-6.25,176.22,-1.0,-1.0,-6.25,2.18,2.18,0.6,0.6,0.75,0.0,0.5,0.25,0.0,0.33,1.0,0.6,12.5,0.0,0.12,6.25,0.4
4,桃園台啤永豐雲豹,16|57|58|68,米勒/莊博元/林信寬/克羅馬,1,10,12.0,90.89,1.51,01:31,90.89,1.51,01:31,7.0,7.0,58.33,166.36,4.0,4.0,33.33,95.06,5.0,5.0,41.67,118.83,3.0,3.0,25.0,71.3,4.0,4.0,33.33,95.06,3.0,3.0,25.0,71.3,1.0,1.0,8.33,23.77,0.0,0.0,0.0,0.0,1.0,1.0,8.33,23.77,1.0,1.0,8.33,23.77,1.0,1.0,8.33,23.77,1.0,1.0,8.33,23.77,0.0,0.0,0.0,0.0,2.0,2.0,16.67,47.53,1.0,1.0,8.33,23.77,0.0,0.0,0.0,0.0,1.0,1.0,8.33,23.77,0.0,0.0,0.0,0.0,2.0,2.0,16.67,47.53,1.0,1.0,8.33,23.77,58.33,33.33,25.0,190.12,3.0,3.0,25.0,1.51,1.51,0.6,0.64,0.75,0.0,1.0,0.16,0.0,0.33,1.0,0.5,8.33,0.0,0.17,8.33,0.2
4,桃園台啤永豐雲豹,54|57|58|68,高錦瑋/莊博元/林信寬/克羅馬,1,24,29.0,311.89,5.2,05:12,311.89,5.2,05:12,17.0,17.0,58.62,117.73,9.0,9.0,31.03,62.33,14.0,14.0,48.28,96.96,8.0,8.0,27.59,55.4,12.0,12.0,41.38,83.11,8.0,8.0,27.59,55.4,2.0,2.0,6.9,13.85,0.0,0.0,0.0,0.0,1.0,1.0,3.45,6.93,1.0,1.0,3.45,6.93,3.0,3.0,10.34,20.78,3.0,3.0,10.34,20.78,1.0,1.0,3.45,6.93,3.0,3.0,10.34,20.78,1.0,1.0,3.45,6.93,1.0,1.0,3.45,6.93,1.0,1.0,3.45,6.93,0.0,0.0,0.0,0.0,3.0,3.0,10.34,20.78,3.0,3.0,10.34,20.78,58.62,31.03,27.59,133.89,8.0,8.0,27.59,5.2,5.2,0.57,0.59,0.67,0.0,1.0,0.06,0.12,0.5,0.75,0.6,3.45,0.0,0.1,10.34,0.07
4,臺北台新戰神,1|5|14|10867,丁聖儒/黃聰翰/錢肯尼/威力斯,1,10,12.0,90.89,1.51,01:31,90.89,1.51,01:31,4.0,4.0,33.33,95.06,7.0,7.0,58.33,166.36,3.0,3.0,25.0,71.3,1.0,1.0,8.33,23.77,2.0,2.0,16.67,47.53,0.0,0.0,0.0,0.0,1.0,1.0,8.33,23.77,1.0,1.0,8.33,23.77,1.0,1.0,8.33,23.77,1.0,1.0,8.33,23.77,0.0,0.0,0.0,0.0,2.0,2.0,16.67,47.53,1.0,1.0,8.33,23.77,1.0,1.0,8.33,23.77,1.0,1.0,8.33,23.77,1.0,1.0,8.33,23.77,1.0,1.0,8.33,23.77,0.0,0.0,0.0,0.0,0.0,0.0,0.0,0.0,1.0,1.0,8.33,23.77,33.33,58.33,-25.0,190.12,-3.0,-3.0,-25.0,1.51,1.51,0.5,0.58,0.0,1.0,1.0,0.23,1.0,0.0,0.67,0.5,8.33,0.0,0.0,8.33,0.33
4,臺北台新戰神,1|5|14|13907,丁聖儒/黃聰翰/錢肯尼/梅克,1,53,64.0,803.81,13.4,13:24,803.81,13.4,13:24,33.0,33.0,51.56,88.68,25.0,25.0,39.06,67.18,25.0,25.0,39.06,67.18,12.0,12.0,18.75,32.25,15.0,15.0,23.44,40.31,7.0,7.0,10.94,18.81,10.0,10.0,15.62,26.87,5.0,5.0,7.81,13.44,8.0,8.0,12.5,21.5,4.0,4.0,6.25,10.75,5.0,5.0,7.81,13.44,10.0,10.0,15.62,26.87,4.0,4.0,6.25,10.75,12.0,12.0,18.75,32.25,4.0,4.0,6.25,10.75,7.0,7.0,10.94,18.81,2.0,2.0,3.12,5.37,3.0,3.0,4.69,8.06,5.0,5.0,7.81,13.44,3.0,3.0,4.69,8.06,51.56,39.06,12.5,114.65,8.0,8.0,12.5,13.4,13.4,0.58,0.58,0.47,0.5,0.5,0.12,0.58,0.29,0.71,0.48,3.12,4.69,0.08,4.69,0.32
4,臺北台新戰神,1|5|10867|13907,丁聖儒/黃聰翰/威力斯/梅克,1,15,17.0,131.21,2.19,02:11,131.21,2.19,02:11,10.0,10.0,58.82,164.62,7.0,7.0,41.18,115.23,5.0,5.0,29.41,82.31,3.0,3.0,17.65,49.38,4.0,4.0,23.53,65.85,2.0,2.0,11.76,32.92,1.0,1.0,5.88,16.46,1.0,1.0,5.88,16.46,3.0,3.0,17.65,49.38,3.0,3.0,17.65,49.38,0.0,0.0,0.0,0.0,2.0,2.0,11.76,32.92,1.0,1.0,5.88,16.46,2.0,2.0,11.76,32.92,1.0,1.0,5.88,16.46,3.0,3.0,17.65,49.38,1.0,1.0,5.88,16.46,0.0,0.0,0.0,0.0,1.0,1.0,5.88,16.46,2.0,2.0,11.76,32.92,58.82,41.18,17.65,186.57,3.0,3.0,17.65,2.19,2.19,0.7,0.79,0.5,1.0,1.0,0.14,1.0,0.0,0.67,0.4,5.88,0.0,0.06,11.76,0.6
4,臺北台新戰神,5|14|10867|13907,黃聰翰/錢肯尼/威力斯/梅克,1,11,13.0,96.89,1.61,01:37,96.89,1.61,01:37,4.0,4.0,30.77,89.18,7.0,7.0,53.85,156.06,3.0,3.0,23.08,66.88,1.0,1.0,7.69,22.29,2.0,2.0,15.38,44.59,0.0,0.0,0.0,0.0,1.0,1.0,7.69,22.29,1.0,1.0,7.69,22.29,1.0,1.0,7.69,22.29,1.0,1.0,7.69,22.29,0.0,0.0,0.0,0.0,2.0,2.0,15.38,44.59,1.0,1.0,7.69,22.29,1.0,1.0,7.69,22.29,1.0,1.0,7.69,22.29,1.0,1.0,7.69,22.29,1.0,1.0,7.69,22.29,0.0,0.0,0.0,0.0,0.0,0.0,0.0,0.0,1.0,1.0,7.69,22.29,30.77,53.85,-23.08,193.21,-3.0,-3.0,-23.08,1.61,1.61,0.5,0.58,0.0,1.0,1.0,0.23,1.0,0.0,0.67,0.5,7.69,0.0,0.0,7.69,0.33
4,桃園台啤永豐雲豹,16|54|58|10884,米勒/高錦瑋/林信寬/徐宏瑋,1,4,4.0,39.86,0.66,00:40,39.86,0.66,00:40,0.0,0.0,0.0,0.0,4.0,4.0,100.0,216.79,0.0,0.0,0.0,0.0,0.0,0.0,0.0,0.0,0.0,0.0,0.0,0.0,0.0,0.0,0.0,0.0,0.0,0.0,0.0,0.0,0.0,0.0,0.0,0.0,1.0,1.0,25.0,54.2,0.0,0.0,0.0,0.0,0.0,0.0,0.0,0.0,1.0,1.0,25.0,54.2,0.0,0.0,0.0,0.0,0.0,0.0,0.0,0.0,1.0,1.0,25.0,54.2,0.0,0.0,0.0,0.0,1.0,1.0,25.0,54.2,0.0,0.0,0.0,0.0,0.0,0.0,0.0,0.0,0.0,0.0,0.0,0.0,0.0,100.0,-100.0,144.52,-4.0,-4.0,-100.0,0.66,0.66,,0.0,,,0.0,0.69,,,1.0,1.0,25.0,0.0,0.0,0.0,
4,桃園台啤永豐雲豹,16|54|68|10884,米勒/高錦瑋/克羅馬/徐宏瑋,1,4,4.0,39.86,0.66,00:40,39.86,0.66,00:40,0.0,0.0,0.0,0.0,4.0,4.0,100.0,216.79,0.0,0.0,0.0,0.0,0.0,0.0,0.0,0.0,0.0,0.0,0.0,0.0,0.0,0.0,0.0,0.0,0.0,0.0,0.0,0.0,0.0,0.0,0.0,0.0,1.0,1.0,25.0,54.2,0.0,0.0,0.0,0.0,0.0,0.0,0.0,0.0,1.0,1.0,25.0,54.2,0.0,0.0,0.0,0.0,0.0,0.0,0.0,0.0,1.0,1.0,25.0,54.2,0.0,0.0,0.0,0.0,1.0,1.0,25.0,54.2,0.0,0.0,0.0,0.0,0.0,0.0,0.0,0.0,0.0,0.0,0.0,0.0,0.0,100.0,-100.0,144.52,-4.0,-4.0,-100.0,0.66,0.66,,0.0,,,0.0,0.69,,,1.0,1.0,25.0,0.0,0.0,0.0,
4,桃園台啤永豐雲豹,16|58|68|10884,米勒/林信寬/克羅馬/徐宏瑋,1,4,4.0,39.86,0.66,00:40,39.86,0.66,00:40,0.0,0.0,0.0,0.0,4.0,4.0,100.0,216.79,0.0,0.0,0.0,0.0,0.0,0.0,0.0,0.0,0.0,0.0,0.0,0.0,0.0,0.0,0.0,0.0,0.0,0.0,0.0,0.0,0.0,0.0,0.0,0.0,1.0,1.0,25.0,54.2,0.0,0.0,0.0,0.0,0.0,0.0,0.0,0.0,1.0,1.0,25.0,54.2,0.0,0.0,0.0,0.0,0.0,0.0,0.0,0.0,1.0,1.0,25.0,54.2,0.0,0.0,0.0,0.0,1.0,1.0,25.0,54.2,0.0,0.0,0.0,0.0,0.0,0.0,0.0,0.0,0.0,0.0,0.0,0.0,0.0,100.0,-100.0,144.52,-4.0,-4.0,-100.0,0.66,0.66,,0.0,,,0.0,0.69,,,1.0,1.0,25.0,0.0,0.0,0.0,
4,桃園台啤永豐雲豹,54|58|68|10884,高錦瑋/林信寬/克羅馬/徐宏瑋,1,11,11.0,147.72,2.46,02:28,147.72,2.46,02:28,4.0,4.0,36.36,58.49,7.0,7.0,63.64,102.36,2.0,2.0,18.18,29.25,1.0,1.0,9.09,14.62,1.0,1.0,9.09,14.62,1.0,1.0,9.09,14.62,1.0,1.0,9.09,14.62,0.0,0.0,0.0,0.0,4.0,4.0,36.36,58.49,2.0,2.0,18.18,29.25,0.0,0.0,0.0,0.0,3.0,3.0,27.27,43.87,0.0,0.0,0.0,0.0,0.0,0.0,0.0,0.0,1.0,1.0,9.09,14.62,1.0,1.0,9.09,14.62,1.0,1.0,9.09,14.62,0.0,0.0,0.0,0.0,2.0,2.0,18.18,29.25,1.0,1.0,9.09,14.62,36.36,63.64,-27.27,107.23,-3.0,-3.0,-27.27,2.46,2.46,0.5,0.53,1.0,0.0,0.5,0.21,1.0,,1.0,1.0,9.09,0.0,0.18,9.09,2.0
4,臺北台新戰神,1|5|10|10867,丁聖儒/黃聰翰/雷蒙恩/威力斯,1,13,13.0,149.15,2.49,02:29,149.15,2.49,02:29,11.0,11.0,84.62,159.3,4.0,4.0,30.77,57.93,3.0,3.0,23.08,43.45,3.0,3.0,23.08,43.45,3.0,3.0,23.08,43.45,3.0,3.0,23.08,43.45,0.0,0.0,0.0,0.0,0.0,0.0,0.0,0.0,5.0,5.0,38.46,72.41,5.0,5.0,38.46,72.41,0.0,0.0,0.0,0.0,0.0,0.0,0.0,0.0,0.0,0.0,0.0,0.0,3.0,3.0,23.08,43.45,1.0,1.0,7.69,14.48,2.0,2.0,15.38,28.96,0.0,0.0,0.0,0.0,0.0,0.0,0.0,0.0,2.0,2.0,15.38,28.96,4.0,4.0,30.77,57.93,84.62,30.77,53.85,125.51,7.0,7.0,53.85,2.49,2.49,1.0,1.06,1.0,,1.0,0.16,0.67,0.0,,0.0,0.0,0.0,0.15,30.77,1.67
4,臺北台新戰神,1|5|10|13907,丁聖儒/黃聰翰/雷蒙恩/梅克,1,44,55.0,821.08,13.68,13:41,821.08,13.68,13:41,17.0,17.0,30.91,44.72,30.0,30.0,54.55,78.92,22.0,22.0,40.0,57.87,6.0,6.0,10.91,15.78,19.0,19.0,34.55,49.98,6.0,6.0,10.91,15.78,3.0,3.0,5.45,7.89,0.0,0.0,0.0,0.0,6.0,6.0,10.91,15.78,5.0,5.0,9.09,13.15,6.0,6.0,10.91,15.78,9.0,9.0,16.36,23.68,3.0,3.0,5.45,7.89,7.0,7.0,12.73,18.41,4.0,4.0,7.27,10.52,4.0,4.0,7.27,10.52,0.0,0.0,0.0,0.0,1.0,1.0,1.82,2.63,6.0,6.0,10.91,15.78,5.0,5.0,9.09,13.15,30.91,54.55,-23.64,96.46,-13.0,-13.0,-23.64,13.68,13.68,0.27,0.34,0.32,0.0,0.83,0.14,0.67,0.46,0.75,0.6,0.0,1.82,0.11,9.09,0.27
4,臺北台新戰神,1|10|10867|13907,丁聖儒/雷蒙恩/威力斯/梅克,1,5,5.0,40.33,0.67,00:40,40.33,0.67,00:40,6.0,6.0,120.0,321.38,0.0,0.0,0.0,0.0,2.0,2.0,40.0,107.13,2.0,2.0,40.0,107.13,2.0,2.0,40.0,107.13,2.0,2.0,40.0,107.13,0.0,0.0,0.0,0.0,0.0,0.0,0.0,0.0,2.0,2.0,40.0,107.13,2.0,2.0,40.0,107.13,0.0,0.0,0.0,0.0,0.0,0.0,0.0,0.0,0.0,0.0,0.0,0.0,1.0,1.0,20.0,53.56,0.0,0.0,0.0,0.0,2.0,2.0,40.0,107.13,0.0,0.0,0.0,0.0,0.0,0.0,0.0,0.0,1.0,1.0,20.0,53.56,1.0,1.0,20.0,53.56,120.0,0.0,120.0,178.54,6.0,6.0,120.0,0.67,0.67,1.0,1.04,1.0,,1.0,0.0,1.0,0.0,,0.0,0.0,0.0,0.2,20.0,1.0
4,臺北台新戰神,5|10|10867|13907,黃聰翰/雷蒙恩/威力斯/梅克,1,6,6.0,46.33,0.77,00:46,46.33,0.77,00:46,6.0,6.0,100.0,279.76,0.0,0.0,0.0,0.0,2.0,2.0,33.33,93.25,2.0,2.0,33.33,93.25,2.0,2.0,33.33,93.25,2.0,2.0,33.33,93.25,0.0,0.0,0.0,0.0,0.0,0.0,0.0,0.0,2.0,2.0,33.33,93.25,2.0,2.0,33.33,93.25,0.0,0.0,0.0,0.0,0.0,0.0,0.0,0.0,0.0,0.0,0.0,0.0,1.0,1.0,16.67,46.63,0.0,0.0,0.0,0.0,2.0,2.0,33.33,93.25,0.0,0.0,0.0,0.0,0.0,0.0,0.0,0.0,1.0,1.0,16.67,46.63,1.0,1.0,16.67,46.63,100.0,0.0,100.0,186.5,6.0,6.0,100.0,0.77,0.77,1.0,1.04,1.0,,1.0,0.0,1.0,0.0,,0.0,0.0,0.0,0.17,16.67,1.0
4,桃園台啤永豐雲豹,54|58|68|10860,高錦瑋/林信寬/克羅馬/麥卡洛,1,21,24.0,328.86,5.48,05:29,328.86,5.48,05:29,14.0,14.0,58.33,91.95,8.0,8.0,33.33,52.54,11.0,11.0,45.83,72.25,6.0,6.0,25.0,39.41,9.0,9.0,37.5,59.11,6.0,6.0,25.0,39.41,2.0,2.0,8.33,13.14,0.0,0.0,0.0,0.0,3.0,3.0,12.5,19.7,2.0,2.0,8.33,13.14,2.0,2.0,8.33,13.14,4.0,4.0,16.67,26.27,1.0,1.0,4.17,6.57,1.0,1.0,4.17,6.57,0.0,0.0,0.0,0.0,2.0,2.0,8.33,13.14,0.0,0.0,0.0,0.0,0.0,0.0,0.0,0.0,3.0,3.0,12.5,19.7,3.0,3.0,12.5,19.7,58.33,33.33,25.0,105.09,6.0,6.0,25.0,5.48,5.48,0.55,0.57,0.67,0.0,0.67,0.0,0.33,0.67,0.8,0.75,0.0,0.0,0.12,12.5,0.27
4,桃園台啤永豐雲豹,54|58|10860|10884,高錦瑋/林信寬/麥卡洛/徐宏瑋,1,7,7.0,107.86,1.8,01:48,107.86,1.8,01:48,4.0,4.0,57.14,80.1,3.0,3.0,42.86,60.08,2.0,2.0,28.57,40.05,1.0,1.0,14.29,20.03,1.0,1.0,14.29,20.03,1.0,1.0,14.29,20.03,1.0,1.0,14.29,20.03,0.0,0.0,0.0,0.0,3.0,3.0,42.86,60.08,2.0,2.0,28.57,40.05,0.0,0.0,0.0,0.0,2.0,2.0,28.57,40.05,0.0,0.0,0.0,0.0,0.0,0.0,0.0,0.0,0.0,0.0,0.0,0.0,1.0,1.0,14.29,20.03,0.0,0.0,0.0,0.0,0.0,0.0,0.0,0.0,2.0,2.0,28.57,40.05,1.0,1.0,14.29,20.03,57.14,42.86,14.29,93.45,1.0,1.0,14.29,1.8,1.8,0.5,0.6,1.0,0.0,0.67,0.0,1.0,,1.0,1.0,0.0,0.0,0.29,14.29,1.5
4,桃園台啤永豐雲豹,54|68|10860|10884,高錦瑋/克羅馬/麥卡洛/徐宏瑋,1,7,7.0,107.86,1.8,01:48,107.86,1.8,01:48,4.0,4.0,57.14,80.1,3.0,3.0,42.86,60.08,2.0,2.0,28.57,40.05,1.0,1.0,14.29,20.03,1.0,1.0,14.29,20.03,1.0,1.0,14.29,20.03,1.0,1.0,14.29,20.03,0.0,0.0,0.0,0.0,3.0,3.0,42.86,60.08,2.0,2.0,28.57,40.05,0.0,0.0,0.0,0.0,2.0,2.0,28.57,40.05,0.0,0.0,0.0,0.0,0.0,0.0,0.0,0.0,0.0,0.0,0.0,0.0,1.0,1.0,14.29,20.03,0.0,0.0,0.0,0.0,0.0,0.0,0.0,0.0,2.0,2.0,28.57,40.05,1.0,1.0,14.29,20.03,57.14,42.86,14.29,93.45,1.0,1.0,14.29,1.8,1.8,0.5,0.6,1.0,0.0,0.67,0.0,1.0,,1.0,1.0,0.0,0.0,0.29,14.29,1.5
4,桃園台啤永豐雲豹,58|68|10860|10884,林信寬/克羅馬/麥卡洛/徐宏瑋,1,7,7.0,107.86,1.8,01:48,107.86,1.8,01:48,4.0,4.0,57.14,80.1,3.0,3.0,42.86,60.08,2.0,2.0,28.57,40.05,1.0,1.0,14.29,20.03,1.0,1.0,14.29,20.03,1.0,1.0,14.29,20.03,1.0,1.0,14.29,20.03,0.0,0.0,0.0,0.0,3.0,3.0,42.86,60.08,2.0,2.0,28.57,40.05,0.0,0.0,0.0,0.0,2.0,2.0,28.57,40.05,0.0,0.0,0.0,0.0,0.0,0.0,0.0,0.0,0.0,0.0,0.0,0.0,1.0,1.0,14.29,20.03,0.0,0.0,0.0,0.0,0.0,0.0,0.0,0.0,2.0,2.0,28.57,40.05,1.0,1.0,14.29,20.03,57.14,42.86,14.29,93.45,1.0,1.0,14.29,1.8,1.8,0.5,0.6,1.0,0.0,0.67,0.0,1.0,,1.0,1.0,0.0,0.0,0.29,14.29,1.5
4,臺北台新戰神,1|5|10|14845,丁聖儒/黃聰翰/雷蒙恩/恩多,1,35,44.0,691.29,11.52,11:31,691.29,11.52,11:31,14.0,14.0,31.82,43.74,25.0,25.0,56.82,78.12,15.0,15.0,34.09,46.87,4.0,4.0,9.09,12.5,13.0,13.0,29.55,40.62,4.0,4.0,9.09,12.5,2.0,2.0,4.55,6.25,0.0,0.0,0.0,0.0,7.0,7.0,15.91,21.87,6.0,6.0,13.64,18.75,5.0,5.0,11.36,15.62,5.0,5.0,11.36,15.62,2.0,2.0,4.55,6.25,6.0,6.0,13.64,18.75,4.0,4.0,9.09,12.5,1.0,1.0,2.27,3.12,0.0,0.0,0.0,0.0,1.0,1.0,2.27,3.12,6.0,6.0,13.64,18.75,3.0,3.0,6.82,9.37,31.82,56.82,-25.0,91.66,-11.0,-11.0,-25.0,11.52,11.52,0.27,0.39,0.31,0.0,0.86,0.18,0.25,0.45,0.71,0.56,0.0,2.27,0.14,6.82,0.47
4,臺北台新戰神,1|5|10867|14845,丁聖儒/黃聰翰/威力斯/恩多,1,8,8.0,108.83,1.81,01:49,108.83,1.81,01:49,5.0,5.0,62.5,99.24,4.0,4.0,50.0,79.39,1.0,1.0,12.5,19.85,1.0,1.0,12.5,19.85,1.0,1.0,12.5,19.85,1.0,1.0,12.5,19.85,0.0,0.0,0.0,0.0,0.0,0.0,0.0,0.0,3.0,3.0,37.5,59.54,3.0,3.0,37.5,59.54,0.0,0.0,0.0,0.0,0.0,0.0,0.0,0.0,0.0,0.0,0.0,0.0,2.0,2.0,25.0,39.7,1.0,1.0,12.5,19.85,0.0,0.0,0.0,0.0,0.0,0.0,0.0,0.0,0.0,0.0,0.0,0.0,1.0,1.0,12.5,19.85,3.0,3.0,37.5,59.54,62.5,50.0,12.5,105.86,1.0,1.0,12.5,1.81,1.81,1.0,1.08,1.0,,1.0,0.3,0.0,0.0,,0.0,0.0,0.0,0.12,37.5,3.0
4,臺北台新戰神,1|10|10867|14845,丁聖儒/雷蒙恩/威力斯/恩多,1,8,8.0,108.83,1.81,01:49,108.83,1.81,01:49,5.0,5.0,62.5,99.24,4.0,4.0,50.0,79.39,1.0,1.0,12.5,19.85,1.0,1.0,12.5,19.85,1.0,1.0,12.5,19.85,1.0,1.0,12.5,19.85,0.0,0.0,0.0,0.0,0.0,0.0,0.0,0.0,3.0,3.0,37.5,59.54,3.0,3.0,37.5,59.54,0.0,0.0,0.0,0.0,0.0,0.0,0.0,0.0,0.0,0.0,0.0,0.0,2.0,2.0,25.0,39.7,1.0,1.0,12.5,19.85,0.0,0.0,0.0,0.0,0.0,0.0,0.0,0.0,0.0,0.0,0.0,0.0,1.0,1.0,12.5,19.85,3.0,3.0,37.5,59.54,62.5,50.0,12.5,105.86,1.0,1.0,12.5,1.81,1.81,1.0,1.08,1.0,,1.0,0.3,0.0,0.0,,0.0,0.0,0.0,0.12,37.5,3.0
4,臺北台新戰神,5|10|10867|14845,黃聰翰/雷蒙恩/威力斯/恩多,1,8,8.0,108.83,1.81,01:49,108.83,1.81,01:49,5.0,5.0,62.5,99.24,4.0,4.0,50.0,79.39,1.0,1.0,12.5,19.85,1.0,1.0,12.5,19.85,1.0,1.0,12.5,19.85,1.0,1.0,12.5,19.85,0.0,0.0,0.0,0.0,0.0,0.0,0.0,0.0,3.0,3.0,37.5,59.54,3.0,3.0,37.5,59.54,0.0,0.0,0.0,0.0,0.0,0.0,0.0,0.0,0.0,0.0,0.0,0.0,2.0,2.0,25.0,39.7,1.0,1.0,12.5,19.85,0.0,0.0,0.0,0.0,0.0,0.0,0.0,0.0,0.0,0.0,0.0,0.0,1.0,1.0,12.5,19.85,3.0,3.0,37.5,59.54,62.5,50.0,12.5,105.86,1.0,1.0,12.5,1.81,1.81,1.0,1.08,1.0,,1.0,0.3,0.0,0.0,,0.0,0.0,0.0,0.12,37.5,3.0
4,桃園台啤永豐雲豹,12|55|58|68,曹薰襄/汪哲宇/林信寬/克羅馬,1,23,27.0,333.78,5.56,05:34,333.78,5.56,05:34,15.0,15.0,55.56,97.07,10.0,10.0,37.04,64.71,13.0,13.0,48.15,84.13,7.0,7.0,25.93,45.3,9.0,9.0,33.33,58.24,6.0,6.0,22.22,38.83,4.0,4.0,14.81,25.89,1.0,1.0,3.7,6.47,0.0,0.0,0.0,0.0,0.0,0.0,0.0,0.0,3.0,3.0,11.11,19.41,2.0,2.0,7.41,12.94,1.0,1.0,3.7,6.47,5.0,5.0,18.52,32.36,2.0,2.0,7.41,12.94,3.0,3.0,11.11,19.41,1.0,1.0,3.7,6.47,0.0,0.0,0.0,0.0,0.0,0.0,0.0,0.0,6.0,6.0,22.22,38.83,55.56,37.04,18.52,116.48,5.0,5.0,18.52,5.56,5.56,0.58,0.58,0.67,0.25,,0.13,0.43,0.38,0.67,0.45,3.7,0.0,0.0,22.22,0.0
4,桃園台啤永豐雲豹,12|55|58|10860,曹薰襄/汪哲宇/林信寬/麥卡洛,1,30,39.0,512.78,8.55,08:33,512.78,8.55,08:33,17.0,17.0,43.59,71.61,10.0,10.0,25.64,42.12,17.0,17.0,43.59,71.61,8.0,8.0,20.51,33.7,12.0,12.0,30.77,50.55,7.0,7.0,17.95,29.49,5.0,5.0,12.82,21.06,1.0,1.0,2.56,4.21,0.0,0.0,0.0,0.0,0.0,0.0,0.0,0.0,3.0,3.0,7.69,12.64,5.0,5.0,12.82,21.06,4.0,4.0,10.26,16.85,5.0,5.0,12.82,21.06,2.0,2.0,5.13,8.42,3.0,3.0,7.69,12.64,1.0,1.0,2.56,4.21,0.0,0.0,0.0,0.0,0.0,0.0,0.0,0.0,6.0,6.0,15.38,25.27,43.59,25.64,17.95,109.52,7.0,7.0,17.95,8.55,8.55,0.5,0.5,0.58,0.2,,0.11,0.38,0.38,0.56,0.47,2.56,0.0,0.0,15.38,0.0
4,桃園台啤永豐雲豹,12|55|68|10860,曹薰襄/汪哲宇/克羅馬/麥卡洛,1,23,27.0,333.78,5.56,05:34,333.78,5.56,05:34,15.0,15.0,55.56,97.07,10.0,10.0,37.04,64.71,13.0,13.0,48.15,84.13,7.0,7.0,25.93,45.3,9.0,9.0,33.33,58.24,6.0,6.0,22.22,38.83,4.0,4.0,14.81,25.89,1.0,1.0,3.7,6.47,0.0,0.0,0.0,0.0,0.0,0.0,0.0,0.0,3.0,3.0,11.11,19.41,2.0,2.0,7.41,12.94,1.0,1.0,3.7,6.47,5.0,5.0,18.52,32.36,2.0,2.0,7.41,12.94,3.0,3.0,11.11,19.41,1.0,1.0,3.7,6.47,0.0,0.0,0.0,0.0,0.0,0.0,0.0,0.0,6.0,6.0,22.22,38.83,55.56,37.04,18.52,116.48,5.0,5.0,18.52,5.56,5.56,0.58,0.58,0.67,0.25,,0.13,0.43,0.38,0.67,0.45,3.7,0.0,0.0,22.22,0.0
4,桃園台啤永豐雲豹,12|58|68|10860,曹薰襄/林信寬/克羅馬/麥卡洛,1,40,44.0,665.78,11.1,11:06,665.78,11.1,11:06,25.0,25.0,56.82,81.11,17.0,17.0,38.64,55.15,20.0,20.0,45.45,64.89,11.0,11.0,25.0,35.69,13.0,13.0,29.55,42.18,8.0,8.0,18.18,25.95,7.0,7.0,15.91,22.71,3.0,3.0,6.82,9.73,0.0,0.0,0.0,0.0,0.0,0.0,0.0,0.0,3.0,3.0,6.82,9.73,4.0,4.0,9.09,12.98,1.0,1.0,2.27,3.24,7.0,7.0,15.91,22.71,4.0,4.0,9.09,12.98,6.0,6.0,13.64,19.47,2.0,2.0,4.55,6.49,0.0,0.0,0.0,0.0,0.0,0.0,0.0,0.0,8.0,8.0,18.18,25.95,56.82,38.64,18.18,95.17,8.0,8.0,18.18,11.1,11.1,0.62,0.62,0.62,0.43,,0.17,0.55,0.3,0.8,0.47,4.55,0.0,0.0,18.18,0.0
4,桃園台啤永豐雲豹,55|58|68|10860,汪哲宇/林信寬/克羅馬/麥卡洛,1,23,27.0,333.78,5.56,05:34,333.78,5.56,05:34,15.0,15.0,55.56,97.07,10.0,10.0,37.04,64.71,13.0,13.0,48.15,84.13,7.0,7.0,25.93,45.3,9.0,9.0,33.33,58.24,6.0,6.0,22.22,38.83,4.0,4.0,14.81,25.89,1.0,1.0,3.7,6.47,0.0,0.0,0.0,0.0,0.0,0.0,0.0,0.0,3.0,3.0,11.11,19.41,2.0,2.0,7.41,12.94,1.0,1.0,3.7,6.47,5.0,5.0,18.52,32.36,2.0,2.0,7.41,12.94,3.0,3.0,11.11,19.41,1.0,1.0,3.7,6.47,0.0,0.0,0.0,0.0,0.0,0.0,0.0,0.0,6.0,6.0,22.22,38.83,55.56,37.04,18.52,116.48,5.0,5.0,18.52,5.56,5.56,0.58,0.58,0.67,0.25,,0.13,0.43,0.38,0.67,0.45,3.7,0.0,0.0,22.22,0.0
4,臺北台新戰神,1|5|13907|14845,丁聖儒/黃聰翰/梅克/恩多,1,70,88.0,1295.38,21.59,21:35,1295.38,21.59,21:35,38.0,38.0,43.18,63.36,39.0,39.0,44.32,65.03,36.0,36.0,40.91,60.03,14.0,14.0,15.91,23.34,25.0,25.0,28.41,41.69,10.0,10.0,11.36,16.67,11.0,11.0,12.5,18.34,4.0,4.0,4.55,6.67,11.0,11.0,12.5,18.34,6.0,6.0,6.82,10.0,10.0,10.0,11.36,16.67,13.0,13.0,14.77,21.68,5.0,5.0,5.68,8.34,15.0,15.0,17.05,25.01,6.0,6.0,6.82,10.0,7.0,7.0,7.95,11.67,1.0,1.0,1.14,1.67,4.0,4.0,4.55,6.67,10.0,10.0,11.36,16.67,2.0,2.0,2.27,3.33,43.18,44.32,-1.14,97.82,-1.0,-1.0,-1.14,21.59,21.59,0.44,0.47,0.4,0.36,0.55,0.13,0.5,0.4,0.72,0.53,1.14,4.55,0.11,2.27,0.31
4,臺北台新戰神,1|10|13907|14845,丁聖儒/雷蒙恩/梅克/恩多,1,28,37.0,591.46,9.86,09:51,591.46,9.86,09:51,9.0,9.0,24.32,32.87,23.0,23.0,62.16,84.0,14.0,14.0,37.84,51.13,3.0,3.0,8.11,10.96,12.0,12.0,32.43,43.82,3.0,3.0,8.11,10.96,2.0,2.0,5.41,7.3,0.0,0.0,0.0,0.0,4.0,4.0,10.81,14.61,3.0,3.0,8.11,10.96,5.0,5.0,13.51,18.26,5.0,5.0,13.51,18.26,2.0,2.0,5.41,7.3,4.0,4.0,10.81,14.61,3.0,3.0,8.11,10.96,1.0,1.0,2.7,3.65,0.0,0.0,0.0,0.0,1.0,1.0,2.7,3.65,5.0,5.0,13.51,18.26,0.0,0.0,0.0,0.0,24.32,62.16,-37.84,90.08,-14.0,-14.0,-37.84,9.86,9.86,0.21,0.29,0.25,0.0,0.75,0.16,0.33,0.56,0.71,0.62,0.0,2.7,0.14,0.0,0.29
4,臺北台新戰神,5|10|13907|14845,黃聰翰/雷蒙恩/梅克/恩多,1,36,48.0,697.22,11.62,11:37,697.22,11.62,11:37,14.0,14.0,29.17,43.37,25.0,25.0,52.08,77.45,18.0,18.0,37.5,55.76,5.0,5.0,10.42,15.49,14.0,14.0,29.17,43.37,5.0,5.0,10.42,15.49,4.0,4.0,8.33,12.39,0.0,0.0,0.0,0.0,6.0,6.0,12.5,18.59,4.0,4.0,8.33,12.39,7.0,7.0,14.58,21.69,6.0,6.0,12.5,18.59,2.0,2.0,4.17,6.2,6.0,6.0,12.5,18.59,5.0,5.0,10.42,15.49,2.0,2.0,4.17,6.2,1.0,1.0,2.08,3.1,1.0,1.0,2.08,3.1,6.0,6.0,12.5,18.59,2.0,2.0,4.17,6.2,29.17,52.08,-22.92,99.14,-11.0,-11.0,-22.92,11.62,11.62,0.28,0.34,0.36,0.0,0.67,0.2,0.4,0.54,0.75,0.62,2.08,2.08,0.12,4.17,0.33
4,臺北台新戰神,5|10|14|10867,黃聰翰/雷蒙恩/錢肯尼/威力斯,1,1,1.0,6.0,0.1,00:06,6.0,0.1,00:06,0.0,0.0,0.0,0.0,0.0,0.0,0.0,0.0,0.0,0.0,0.0,0.0,0.0,0.0,0.0,0.0,0.0,0.0,0.0,0.0,0.0,0.0,0.0,0.0,0.0,0.0,0.0,0.0,0.0,0.0,0.0,0.0,0.0,0.0,0.0,0.0,0.0,0.0,0.0,0.0,0.0,0.0,0.0,0.0,0.0,0.0,0.0,0.0,0.0,0.0,0.0,0.0,0.0,0.0,0.0,0.0,0.0,0.0,0.0,0.0,0.0,0.0,0.0,0.0,0.0,0.0,0.0,0.0,0.0,0.0,0.0,0.0,0.0,0.0,0.0,0.0,0.0,0.0,0.0,0.0,0.0,0.0,0.0,240.0,0.0,0.0,0.0,0.1,0.1,,,,,,,,,,,0.0,0.0,0.0,0.0,
4,臺北台新戰神,5|10|14|13907,黃聰翰/雷蒙恩/錢肯尼/梅克,1,11,14.0,124.76,2.08,02:05,124.76,2.08,02:05,5.0,5.0,35.71,86.57,4.0,4.0,28.57,69.26,4.0,4.0,28.57,69.26,2.0,2.0,14.29,34.63,2.0,2.0,14.29,34.63,2.0,2.0,14.29,34.63,2.0,2.0,14.29,34.63,0.0,0.0,0.0,0.0,2.0,2.0,14.29,34.63,1.0,1.0,7.14,17.31,2.0,2.0,14.29,34.63,1.0,1.0,7.14,17.31,0.0,0.0,0.0,0.0,2.0,2.0,14.29,34.63,2.0,2.0,14.29,34.63,1.0,1.0,7.14,17.31,1.0,1.0,7.14,17.31,0.0,0.0,0.0,0.0,1.0,1.0,7.14,17.31,2.0,2.0,14.29,34.63,35.71,28.57,7.14,161.6,1.0,1.0,7.14,2.08,2.08,0.5,0.51,1.0,0.0,0.5,0.29,0.5,0.5,1.0,0.6,7.14,0.0,0.07,14.29,0.5
4,臺北台新戰神,10|14|10867|13907,雷蒙恩/錢肯尼/威力斯/梅克,1,1,1.0,6.0,0.1,00:06,6.0,0.1,00:06,0.0,0.0,0.0,0.0,0.0,0.0,0.0,0.0,0.0,0.0,0.0,0.0,0.0,0.0,0.0,0.0,0.0,0.0,0.0,0.0,0.0,0.0,0.0,0.0,0.0,0.0,0.0,0.0,0.0,0.0,0.0,0.0,0.0,0.0,0.0,0.0,0.0,0.0,0.0,0.0,0.0,0.0,0.0,0.0,0.0,0.0,0.0,0.0,0.0,0.0,0.0,0.0,0.0,0.0,0.0,0.0,0.0,0.0,0.0,0.0,0.0,0.0,0.0,0.0,0.0,0.0,0.0,0.0,0.0,0.0,0.0,0.0,0.0,0.0,0.0,0.0,0.0,0.0,0.0,0.0,0.0,0.0,0.0,240.0,0.0,0.0,0.0,0.1,0.1,,,,,,,,,,,0.0,0.0,0.0,0.0,
4,桃園台啤永豐雲豹,12|16|55|58,曹薰襄/米勒/汪哲宇/林信寬,1,7,12.0,179.0,2.98,02:59,179.0,2.98,02:59,2.0,2.0,16.67,24.13,0.0,0.0,0.0,0.0,4.0,4.0,33.33,48.27,1.0,1.0,8.33,12.07,3.0,3.0,25.0,36.2,1.0,1.0,8.33,12.07,1.0,1.0,8.33,12.07,0.0,0.0,0.0,0.0,0.0,0.0,0.0,0.0,0.0,0.0,0.0,0.0,0.0,0.0,0.0,0.0,3.0,3.0,25.0,36.2,3.0,3.0,25.0,36.2,0.0,0.0,0.0,0.0,0.0,0.0,0.0,0.0,0.0,0.0,0.0,0.0,0.0,0.0,0.0,0.0,0.0,0.0,0.0,0.0,0.0,0.0,0.0,0.0,0.0,0.0,0.0,0.0,16.67,0.0,16.67,96.54,2.0,2.0,16.67,2.98,2.98,0.25,0.25,0.33,0.0,,0.0,0.0,,0.5,0.5,0.0,0.0,0.0,0.0,0.0
4,桃園台啤永豐雲豹,12|16|55|10860,曹薰襄/米勒/汪哲宇/麥卡洛,1,7,12.0,179.0,2.98,02:59,179.0,2.98,02:59,2.0,2.0,16.67,24.13,0.0,0.0,0.0,0.0,4.0,4.0,33.33,48.27,1.0,1.0,8.33,12.07,3.0,3.0,25.0,36.2,1.0,1.0,8.33,12.07,1.0,1.0,8.33,12.07,0.0,0.0,0.0,0.0,0.0,0.0,0.0,0.0,0.0,0.0,0.0,0.0,0.0,0.0,0.0,0.0,3.0,3.0,25.0,36.2,3.0,3.0,25.0,36.2,0.0,0.0,0.0,0.0,0.0,0.0,0.0,0.0,0.0,0.0,0.0,0.0,0.0,0.0,0.0,0.0,0.0,0.0,0.0,0.0,0.0,0.0,0.0,0.0,0.0,0.0,0.0,0.0,16.67,0.0,16.67,96.54,2.0,2.0,16.67,2.98,2.98,0.25,0.25,0.33,0.0,,0.0,0.0,,0.5,0.5,0.0,0.0,0.0,0.0,0.0
4,桃園台啤永豐雲豹,12|16|58|10860,曹薰襄/米勒/林信寬/麥卡洛,1,23,33.0,455.46,7.59,07:35,455.46,7.59,07:35,13.0,13.0,39.39,61.65,8.0,8.0,24.24,37.94,11.0,11.0,33.33,52.17,7.0,7.0,21.21,33.2,10.0,10.0,30.3,47.42,7.0,7.0,21.21,33.2,1.0,1.0,3.03,4.74,0.0,0.0,0.0,0.0,1.0,1.0,3.03,4.74,1.0,1.0,3.03,4.74,0.0,0.0,0.0,0.0,4.0,4.0,12.12,18.97,7.0,7.0,21.21,33.2,3.0,3.0,9.09,14.23,1.0,1.0,3.03,4.74,4.0,4.0,12.12,18.97,0.0,0.0,0.0,0.0,0.0,0.0,0.0,0.0,3.0,3.0,9.09,14.23,2.0,2.0,6.06,9.48,39.39,24.24,15.15,104.33,5.0,5.0,15.15,7.59,7.59,0.64,0.57,0.7,0.0,1.0,0.08,0.57,0.0,0.36,0.29,0.0,0.0,0.09,6.06,0.09
4,桃園台啤永豐雲豹,16|55|58|10860,米勒/汪哲宇/林信寬/麥卡洛,1,7,12.0,179.0,2.98,02:59,179.0,2.98,02:59,2.0,2.0,16.67,24.13,0.0,0.0,0.0,0.0,4.0,4.0,33.33,48.27,1.0,1.0,8.33,12.07,3.0,3.0,25.0,36.2,1.0,1.0,8.33,12.07,1.0,1.0,8.33,12.07,0.0,0.0,0.0,0.0,0.0,0.0,0.0,0.0,0.0,0.0,0.0,0.0,0.0,0.0,0.0,0.0,3.0,3.0,25.0,36.2,3.0,3.0,25.0,36.2,0.0,0.0,0.0,0.0,0.0,0.0,0.0,0.0,0.0,0.0,0.0,0.0,0.0,0.0,0.0,0.0,0.0,0.0,0.0,0.0,0.0,0.0,0.0,0.0,0.0,0.0,0.0,0.0,16.67,0.0,16.67,96.54,2.0,2.0,16.67,2.98,2.98,0.25,0.25,0.33,0.0,,0.0,0.0,,0.5,0.5,0.0,0.0,0.0,0.0,0.0
4,桃園台啤永豐雲豹,12|16|57|58,曹薰襄/米勒/莊博元/林信寬,1,16,21.0,276.46,4.61,04:36,276.46,4.61,04:36,11.0,11.0,52.38,85.94,8.0,8.0,38.1,62.5,7.0,7.0,33.33,54.69,6.0,6.0,28.57,46.88,7.0,7.0,33.33,54.69,6.0,6.0,28.57,46.88,0.0,0.0,0.0,0.0,0.0,0.0,0.0,0.0,1.0,1.0,4.76,7.81,1.0,1.0,4.76,7.81,0.0,0.0,0.0,0.0,1.0,1.0,4.76,7.81,4.0,4.0,19.05,31.25,3.0,3.0,14.29,23.44,1.0,1.0,4.76,7.81,4.0,4.0,19.05,31.25,0.0,0.0,0.0,0.0,0.0,0.0,0.0,0.0,3.0,3.0,14.29,23.44,2.0,2.0,9.52,15.63,52.38,38.1,14.29,109.38,3.0,3.0,14.29,4.61,4.61,0.86,0.74,0.86,,1.0,0.12,0.67,0.0,0.2,0.12,0.0,0.0,0.14,9.52,0.14
4,桃園台啤永豐雲豹,12|16|57|10860,曹薰襄/米勒/莊博元/麥卡洛,1,21,27.0,392.46,6.54,06:32,392.46,6.54,06:32,13.0,13.0,48.15,71.55,13.0,13.0,48.15,71.55,9.0,9.0,33.33,49.53,6.0,6.0,22.22,33.02,8.0,8.0,29.63,44.03,6.0,6.0,22.22,33.02,1.0,1.0,3.7,5.5,0.0,0.0,0.0,0.0,1.0,1.0,3.7,5.5,1.0,1.0,3.7,5.5,1.0,1.0,3.7,5.5,2.0,2.0,7.41,11.01,4.0,4.0,14.81,22.02,3.0,3.0,11.11,16.51,2.0,2.0,7.41,11.01,4.0,4.0,14.81,22.02,1.0,1.0,3.7,5.5,0.0,0.0,0.0,0.0,5.0,5.0,18.52,27.52,2.0,2.0,7.41,11.01,48.15,48.15,0.0,99.07,0.0,0.0,0.0,6.54,6.54,0.67,0.69,0.75,0.0,1.0,0.17,0.67,0.25,0.33,0.3,3.7,0.0,0.19,7.41,0.11
4,桃園台啤永豐雲豹,12|57|58|10860,曹薰襄/莊博元/林信寬/麥卡洛,1,33,38.0,608.46,10.14,10:08,608.46,10.14,10:08,21.0,21.0,55.26,74.55,15.0,15.0,39.47,53.25,14.0,14.0,36.84,49.7,10.0,10.0,26.32,35.5,11.0,11.0,28.95,39.05,8.0,8.0,21.05,28.4,3.0,3.0,7.89,10.65,2.0,2.0,5.26,7.1,1.0,1.0,2.63,3.55,1.0,1.0,2.63,3.55,0.0,0.0,0.0,0.0,3.0,3.0,7.89,10.65,4.0,4.0,10.53,14.2,5.0,5.0,13.16,17.75,3.0,3.0,7.89,10.65,7.0,7.0,18.42,24.85,1.0,1.0,2.63,3.55,0.0,0.0,0.0,0.0,3.0,3.0,7.89,10.65,4.0,4.0,10.53,14.2,55.26,39.47,15.79,89.93,6.0,6.0,15.79,10.14,10.14,0.79,0.73,0.73,0.67,1.0,0.17,0.7,0.0,0.43,0.25,2.63,0.0,0.08,10.53,0.07
4,桃園台啤永豐雲豹,16|57|58|10860,米勒/莊博元/林信寬/麥卡洛,1,16,21.0,276.46,4.61,04:36,276.46,4.61,04:36,11.0,11.0,52.38,85.94,8.0,8.0,38.1,62.5,7.0,7.0,33.33,54.69,6.0,6.0,28.57,46.88,7.0,7.0,33.33,54.69,6.0,6.0,28.57,46.88,0.0,0.0,0.0,0.0,0.0,0.0,0.0,0.0,1.0,1.0,4.76,7.81,1.0,1.0,4.76,7.81,0.0,0.0,0.0,0.0,1.0,1.0,4.76,7.81,4.0,4.0,19.05,31.25,3.0,3.0,14.29,23.44,1.0,1.0,4.76,7.81,4.0,4.0,19.05,31.25,0.0,0.0,0.0,0.0,0.0,0.0,0.0,0.0,3.0,3.0,14.29,23.44,2.0,2.0,9.52,15.63,52.38,38.1,14.29,109.38,3.0,3.0,14.29,4.61,4.61,0.86,0.74,0.86,,1.0,0.12,0.67,0.0,0.2,0.12,0.0,0.0,0.14,9.52,0.14
4,臺北台新戰神,1|10|14|13907,丁聖儒/雷蒙恩/錢肯尼/梅克,1,1,1.0,9.0,0.15,00:09,9.0,0.15,00:09,0.0,0.0,0.0,0.0,2.0,2.0,200.0,480.0,0.0,0.0,0.0,0.0,0.0,0.0,0.0,0.0,0.0,0.0,0.0,0.0,0.0,0.0,0.0,0.0,0.0,0.0,0.0,0.0,0.0,0.0,0.0,0.0,0.0,0.0,0.0,0.0,0.0,0.0,0.0,0.0,0.0,0.0,0.0,0.0,0.0,0.0,0.0,0.0,0.0,0.0,0.0,0.0,0.0,0.0,0.0,0.0,0.0,0.0,0.0,0.0,0.0,0.0,0.0,0.0,0.0,0.0,0.0,0.0,0.0,0.0,0.0,0.0,0.0,0.0,0.0,0.0,0.0,0.0,0.0,0.0,0.0,200.0,-200.0,160.0,-2.0,-2.0,-200.0,0.15,0.15,,,,,,,,,,,0.0,0.0,0.0,0.0,
4,臺北台新戰神,1|10|14|14845,丁聖儒/雷蒙恩/錢肯尼/恩多,1,1,1.0,9.0,0.15,00:09,9.0,0.15,00:09,0.0,0.0,0.0,0.0,2.0,2.0,200.0,480.0,0.0,0.0,0.0,0.0,0.0,0.0,0.0,0.0,0.0,0.0,0.0,0.0,0.0,0.0,0.0,0.0,0.0,0.0,0.0,0.0,0.0,0.0,0.0,0.0,0.0,0.0,0.0,0.0,0.0,0.0,0.0,0.0,0.0,0.0,0.0,0.0,0.0,0.0,0.0,0.0,0.0,0.0,0.0,0.0,0.0,0.0,0.0,0.0,0.0,0.0,0.0,0.0,0.0,0.0,0.0,0.0,0.0,0.0,0.0,0.0,0.0,0.0,0.0,0.0,0.0,0.0,0.0,0.0,0.0,0.0,0.0,0.0,0.0,200.0,-200.0,160.0,-2.0,-2.0,-200.0,0.15,0.15,,,,,,,,,,,0.0,0.0,0.0,0.0,
4,臺北台新戰神,1|14|13907|14845,丁聖儒/錢肯尼/梅克/恩多,1,83,98.0,1309.92,21.83,21:50,1309.92,21.83,21:50,43.0,43.0,43.88,70.91,47.0,47.0,47.96,77.5,35.0,35.0,35.71,57.71,16.0,16.0,16.33,26.38,21.0,21.0,21.43,34.63,11.0,11.0,11.22,18.14,14.0,14.0,14.29,23.09,5.0,5.0,5.1,8.24,11.0,11.0,11.22,18.14,6.0,6.0,6.12,9.89,8.0,8.0,8.16,13.19,13.0,13.0,13.27,21.44,5.0,5.0,5.1,8.24,15.0,15.0,15.31,24.73,11.0,11.0,11.22,18.14,13.0,13.0,13.27,21.44,8.0,8.0,8.16,13.19,3.0,3.0,3.06,4.95,11.0,11.0,11.22,18.14,3.0,3.0,3.06,4.95,43.88,47.96,-4.08,107.73,-4.0,-4.0,-4.08,21.83,21.83,0.53,0.54,0.52,0.36,0.55,0.22,0.81,0.35,0.72,0.51,8.16,3.06,0.11,3.06,0.31
4,臺北台新戰神,10|14|13907|14845,雷蒙恩/錢肯尼/梅克/恩多,1,13,16.0,176.76,2.95,02:57,176.76,2.95,02:57,8.0,8.0,50.0,97.76,6.0,6.0,37.5,73.32,5.0,5.0,31.25,61.1,3.0,3.0,18.75,36.66,2.0,2.0,12.5,24.44,2.0,2.0,12.5,24.44,3.0,3.0,18.75,36.66,1.0,1.0,6.25,12.22,2.0,2.0,12.5,24.44,1.0,1.0,6.25,12.22,2.0,2.0,12.5,24.44,1.0,1.0,6.25,12.22,0.0,0.0,0.0,0.0,3.0,3.0,18.75,36.66,2.0,2.0,12.5,24.44,2.0,2.0,12.5,24.44,1.0,1.0,6.25,12.22,0.0,0.0,0.0,0.0,2.0,2.0,12.5,24.44,2.0,2.0,12.5,24.44,50.0,37.5,12.5,130.35,2.0,2.0,12.5,2.95,2.95,0.7,0.68,1.0,0.33,0.5,0.25,0.67,0.4,1.0,0.5,6.25,0.0,0.12,12.5,0.4
4,臺北台新戰神,1|3|14|13907,丁聖儒/陳文宏/錢肯尼/梅克,1,41,48.0,723.0,12.05,12:03,723.0,12.05,12:03,14.0,14.0,29.17,41.83,29.0,29.0,60.42,86.64,14.0,14.0,29.17,41.83,5.0,5.0,10.42,14.94,8.0,8.0,16.67,23.9,4.0,4.0,8.33,11.95,6.0,6.0,12.5,17.93,1.0,1.0,2.08,2.99,4.0,4.0,8.33,11.95,3.0,3.0,6.25,8.96,3.0,3.0,6.25,8.96,6.0,6.0,12.5,17.93,3.0,3.0,6.25,8.96,4.0,4.0,8.33,11.95,8.0,8.0,16.67,23.9,7.0,7.0,14.58,20.91,7.0,7.0,14.58,20.91,0.0,0.0,0.0,0.0,6.0,6.0,12.5,17.93,1.0,1.0,2.08,2.99,29.17,60.42,-31.25,95.6,-15.0,-15.0,-31.25,12.05,12.05,0.39,0.44,0.5,0.17,0.75,0.34,1.4,0.43,0.67,0.56,14.58,0.0,0.12,2.08,0.29
4,臺北台新戰神,1|3|14|14845,丁聖儒/陳文宏/錢肯尼/恩多,1,39,45.0,588.0,9.8,09:48,588.0,9.8,09:48,14.0,14.0,31.11,51.43,27.0,27.0,60.0,99.18,13.0,13.0,28.89,47.76,5.0,5.0,11.11,18.37,8.0,8.0,17.78,29.39,4.0,4.0,8.89,14.69,5.0,5.0,11.11,18.37,1.0,1.0,2.22,3.67,4.0,4.0,8.89,14.69,3.0,3.0,6.67,11.02,3.0,3.0,6.67,11.02,5.0,5.0,11.11,18.37,2.0,2.0,4.44,7.35,4.0,4.0,8.89,14.69,8.0,8.0,17.78,29.39,7.0,7.0,15.56,25.71,7.0,7.0,15.56,25.71,0.0,0.0,0.0,0.0,6.0,6.0,13.33,22.04,1.0,1.0,2.22,3.67,31.11,60.0,-28.89,110.2,-13.0,-13.0,-28.89,9.8,9.8,0.42,0.47,0.5,0.2,0.75,0.35,1.4,0.43,0.71,0.57,15.56,0.0,0.13,2.22,0.31
4,臺北台新戰神,1|3|13907|14845,丁聖儒/陳文宏/梅克/恩多,1,39,45.0,588.0,9.8,09:48,588.0,9.8,09:48,14.0,14.0,31.11,51.43,27.0,27.0,60.0,99.18,13.0,13.0,28.89,47.76,5.0,5.0,11.11,18.37,8.0,8.0,17.78,29.39,4.0,4.0,8.89,14.69,5.0,5.0,11.11,18.37,1.0,1.0,2.22,3.67,4.0,4.0,8.89,14.69,3.0,3.0,6.67,11.02,3.0,3.0,6.67,11.02,5.0,5.0,11.11,18.37,2.0,2.0,4.44,7.35,4.0,4.0,8.89,14.69,8.0,8.0,17.78,29.39,7.0,7.0,15.56,25.71,7.0,7.0,15.56,25.71,0.0,0.0,0.0,0.0,6.0,6.0,13.33,22.04,1.0,1.0,2.22,3.67,31.11,60.0,-28.89,110.2,-13.0,-13.0,-28.89,9.8,9.8,0.42,0.47,0.5,0.2,0.75,0.35,1.4,0.43,0.71,0.57,15.56,0.0,0.13,2.22,0.31
4,臺北台新戰神,3|14|13907|14845,陳文宏/錢肯尼/梅克/恩多,1,42,48.0,641.0,10.68,10:41,641.0,10.68,10:41,17.0,17.0,35.42,57.29,27.0,27.0,56.25,90.98,14.0,14.0,29.17,47.18,6.0,6.0,12.5,20.22,8.0,8.0,16.67,26.96,4.0,4.0,8.33,13.48,6.0,6.0,12.5,20.22,2.0,2.0,4.17,6.74,4.0,4.0,8.33,13.48,3.0,3.0,6.25,10.11,3.0,3.0,6.25,10.11,5.0,5.0,10.42,16.85,2.0,2.0,4.17,6.74,5.0,5.0,10.42,16.85,8.0,8.0,16.67,26.96,8.0,8.0,16.67,26.96,7.0,7.0,14.58,23.59,0.0,0.0,0.0,0.0,7.0,7.0,14.58,23.59,1.0,1.0,2.08,3.37,35.42,56.25,-20.83,107.83,-10.0,-10.0,-20.83,10.68,10.68,0.5,0.54,0.5,0.33,0.75,0.34,1.33,0.38,0.71,0.53,14.58,0.0,0.15,2.08,0.29
4,桃園台啤永豐雲豹,12|57|58|68,曹薰襄/莊博元/林信寬/克羅馬,1,17,17.0,332.0,5.53,05:32,332.0,5.53,05:32,10.0,10.0,58.82,65.06,7.0,7.0,41.18,45.54,7.0,7.0,41.18,45.54,4.0,4.0,23.53,26.02,4.0,4.0,23.53,26.02,2.0,2.0,11.76,13.01,3.0,3.0,17.65,19.52,2.0,2.0,11.76,13.01,0.0,0.0,0.0,0.0,0.0,0.0,0.0,0.0,0.0,0.0,0.0,0.0,2.0,2.0,11.76,13.01,0.0,0.0,0.0,0.0,2.0,2.0,11.76,13.01,2.0,2.0,11.76,13.01,3.0,3.0,17.65,19.52,1.0,1.0,5.88,6.51,0.0,0.0,0.0,0.0,0.0,0.0,0.0,0.0,2.0,2.0,11.76,13.01,58.82,41.18,17.65,73.73,3.0,3.0,17.65,5.53,5.53,0.71,0.71,0.5,0.67,,0.22,0.75,0.0,1.0,0.5,5.88,0.0,0.0,11.76,0.0
4,桃園台啤永豐雲豹,12|57|68|10860,曹薰襄/莊博元/克羅馬/麥卡洛,1,17,17.0,332.0,5.53,05:32,332.0,5.53,05:32,10.0,10.0,58.82,65.06,7.0,7.0,41.18,45.54,7.0,7.0,41.18,45.54,4.0,4.0,23.53,26.02,4.0,4.0,23.53,26.02,2.0,2.0,11.76,13.01,3.0,3.0,17.65,19.52,2.0,2.0,11.76,13.01,0.0,0.0,0.0,0.0,0.0,0.0,0.0,0.0,0.0,0.0,0.0,0.0,2.0,2.0,11.76,13.01,0.0,0.0,0.0,0.0,2.0,2.0,11.76,13.01,2.0,2.0,11.76,13.01,3.0,3.0,17.65,19.52,1.0,1.0,5.88,6.51,0.0,0.0,0.0,0.0,0.0,0.0,0.0,0.0,2.0,2.0,11.76,13.01,58.82,41.18,17.65,73.73,3.0,3.0,17.65,5.53,5.53,0.71,0.71,0.5,0.67,,0.22,0.75,0.0,1.0,0.5,5.88,0.0,0.0,11.76,0.0
4,桃園台啤永豐雲豹,57|58|68|10860,莊博元/林信寬/克羅馬/麥卡洛,1,31,34.0,553.0,9.22,09:13,553.0,9.22,09:13,20.0,20.0,58.82,78.12,12.0,12.0,35.29,46.87,16.0,16.0,47.06,62.5,9.0,9.0,26.47,35.15,12.0,12.0,35.29,46.87,7.0,7.0,20.59,27.34,4.0,4.0,11.76,15.62,2.0,2.0,5.88,7.81,0.0,0.0,0.0,0.0,0.0,0.0,0.0,0.0,2.0,2.0,5.88,7.81,4.0,4.0,11.76,15.62,1.0,1.0,2.94,3.91,3.0,3.0,8.82,11.72,2.0,2.0,5.88,7.81,4.0,4.0,11.76,15.62,1.0,1.0,2.94,3.91,0.0,0.0,0.0,0.0,1.0,1.0,2.94,3.91,4.0,4.0,11.76,15.62,58.82,35.29,23.53,88.54,8.0,8.0,23.53,9.22,9.22,0.62,0.62,0.58,0.5,,0.11,0.44,0.4,0.8,0.6,2.94,0.0,0.03,11.76,0.0
4,桃園台啤永豐雲豹,12|16|54|57,曹薰襄/米勒/高錦瑋/莊博元,1,3,3.0,53.0,0.88,00:53,53.0,0.88,00:53,0.0,0.0,0.0,0.0,3.0,3.0,100.0,122.26,1.0,1.0,33.33,40.75,0.0,0.0,0.0,0.0,1.0,1.0,33.33,40.75,0.0,0.0,0.0,0.0,0.0,0.0,0.0,0.0,0.0,0.0,0.0,0.0,0.0,0.0,0.0,0.0,0.0,0.0,0.0,0.0,0.0,0.0,0.0,0.0,1.0,1.0,33.33,40.75,0.0,0.0,0.0,0.0,0.0,0.0,0.0,0.0,1.0,1.0,33.33,40.75,0.0,0.0,0.0,0.0,1.0,1.0,33.33,40.75,0.0,0.0,0.0,0.0,1.0,1.0,33.33,40.75,0.0,0.0,0.0,0.0,0.0,100.0,-100.0,81.51,-3.0,-3.0,-100.0,0.88,0.88,0.0,0.0,0.0,,,0.5,,,1.0,1.0,33.33,0.0,0.33,0.0,0.0
4,桃園台啤永豐雲豹,12|16|54|10860,曹薰襄/米勒/高錦瑋/麥卡洛,1,3,3.0,53.0,0.88,00:53,53.0,0.88,00:53,0.0,0.0,0.0,0.0,3.0,3.0,100.0,122.26,1.0,1.0,33.33,40.75,0.0,0.0,0.0,0.0,1.0,1.0,33.33,40.75,0.0,0.0,0.0,0.0,0.0,0.0,0.0,0.0,0.0,0.0,0.0,0.0,0.0,0.0,0.0,0.0,0.0,0.0,0.0,0.0,0.0,0.0,0.0,0.0,1.0,1.0,33.33,40.75,0.0,0.0,0.0,0.0,0.0,0.0,0.0,0.0,1.0,1.0,33.33,40.75,0.0,0.0,0.0,0.0,1.0,1.0,33.33,40.75,0.0,0.0,0.0,0.0,1.0,1.0,33.33,40.75,0.0,0.0,0.0,0.0,0.0,100.0,-100.0,81.51,-3.0,-3.0,-100.0,0.88,0.88,0.0,0.0,0.0,,,0.5,,,1.0,1.0,33.33,0.0,0.33,0.0,0.0
4,桃園台啤永豐雲豹,12|54|57|10860,曹薰襄/高錦瑋/莊博元/麥卡洛,1,3,3.0,53.0,0.88,00:53,53.0,0.88,00:53,0.0,0.0,0.0,0.0,3.0,3.0,100.0,122.26,1.0,1.0,33.33,40.75,0.0,0.0,0.0,0.0,1.0,1.0,33.33,40.75,0.0,0.0,0.0,0.0,0.0,0.0,0.0,0.0,0.0,0.0,0.0,0.0,0.0,0.0,0.0,0.0,0.0,0.0,0.0,0.0,0.0,0.0,0.0,0.0,1.0,1.0,33.33,40.75,0.0,0.0,0.0,0.0,0.0,0.0,0.0,0.0,1.0,1.0,33.33,40.75,0.0,0.0,0.0,0.0,1.0,1.0,33.33,40.75,0.0,0.0,0.0,0.0,1.0,1.0,33.33,40.75,0.0,0.0,0.0,0.0,0.0,100.0,-100.0,81.51,-3.0,-3.0,-100.0,0.88,0.88,0.0,0.0,0.0,,,0.5,,,1.0,1.0,33.33,0.0,0.33,0.0,0.0
4,桃園台啤永豐雲豹,16|54|57|10860,米勒/高錦瑋/莊博元/麥卡洛,1,16,17.0,267.0,4.45,04:27,267.0,4.45,04:27,14.0,14.0,82.35,113.26,10.0,10.0,58.82,80.9,7.0,7.0,41.18,56.63,5.0,5.0,29.41,40.45,2.0,2.0,11.76,16.18,1.0,1.0,5.88,8.09,5.0,5.0,29.41,40.45,4.0,4.0,23.53,32.36,0.0,0.0,0.0,0.0,0.0,0.0,0.0,0.0,0.0,0.0,0.0,0.0,2.0,2.0,11.76,16.18,1.0,1.0,5.88,8.09,3.0,3.0,17.65,24.27,2.0,2.0,11.76,16.18,4.0,4.0,23.53,32.36,1.0,1.0,5.88,8.09,0.0,0.0,0.0,0.0,1.0,1.0,5.88,8.09,0.0,0.0,0.0,0.0,82.35,58.82,23.53,91.69,4.0,4.0,23.53,4.45,4.45,1.0,1.0,0.5,0.8,,0.22,0.8,0.0,0.67,0.33,5.88,0.0,0.06,0.0,0.0
4,臺北台新戰神,3|10|14|13907,陳文宏/雷蒙恩/錢肯尼/梅克,1,10,11.0,125.34,2.09,02:05,125.34,2.09,02:05,6.0,6.0,54.55,103.4,4.0,4.0,36.36,68.93,3.0,3.0,27.27,51.7,2.0,2.0,18.18,34.47,1.0,1.0,9.09,17.23,0.0,0.0,0.0,0.0,2.0,2.0,18.18,34.47,2.0,2.0,18.18,34.47,0.0,0.0,0.0,0.0,0.0,0.0,0.0,0.0,0.0,0.0,0.0,0.0,1.0,1.0,9.09,17.23,1.0,1.0,9.09,17.23,2.0,2.0,18.18,34.47,1.0,1.0,9.09,17.23,2.0,2.0,18.18,34.47,1.0,1.0,9.09,17.23,0.0,0.0,0.0,0.0,1.0,1.0,9.09,17.23,0.0,0.0,0.0,0.0,54.55,36.36,18.18,126.37,2.0,2.0,18.18,2.09,2.09,1.0,1.0,0.0,1.0,,0.25,1.0,0.0,0.5,0.25,9.09,0.0,0.09,0.0,0.0
4,臺北台新戰神,3|10|14|14845,陳文宏/雷蒙恩/錢肯尼/恩多,1,3,3.0,53.0,0.88,00:53,53.0,0.88,00:53,3.0,3.0,100.0,122.26,0.0,0.0,0.0,0.0,1.0,1.0,33.33,40.75,1.0,1.0,33.33,40.75,0.0,0.0,0.0,0.0,0.0,0.0,0.0,0.0,1.0,1.0,33.33,40.75,1.0,1.0,33.33,40.75,0.0,0.0,0.0,0.0,0.0,0.0,0.0,0.0,0.0,0.0,0.0,0.0,0.0,0.0,0.0,0.0,0.0,0.0,0.0,0.0,1.0,1.0,33.33,40.75,0.0,0.0,0.0,0.0,1.0,1.0,33.33,40.75,0.0,0.0,0.0,0.0,0.0,0.0,0.0,0.0,1.0,1.0,33.33,40.75,0.0,0.0,0.0,0.0,100.0,0.0,100.0,81.51,3.0,3.0,100.0,0.88,0.88,1.5,1.5,,1.0,,0.0,1.0,0.0,,0.0,0.0,0.0,0.33,0.0,0.0
4,臺北台新戰神,3|10|13907|14845,陳文宏/雷蒙恩/梅克/恩多,1,3,3.0,53.0,0.88,00:53,53.0,0.88,00:53,3.0,3.0,100.0,122.26,0.0,0.0,0.0,0.0,1.0,1.0,33.33,40.75,1.0,1.0,33.33,40.75,0.0,0.0,0.0,0.0,0.0,0.0,0.0,0.0,1.0,1.0,33.33,40.75,1.0,1.0,33.33,40.75,0.0,0.0,0.0,0.0,0.0,0.0,0.0,0.0,0.0,0.0,0.0,0.0,0.0,0.0,0.0,0.0,0.0,0.0,0.0,0.0,1.0,1.0,33.33,40.75,0.0,0.0,0.0,0.0,1.0,1.0,33.33,40.75,0.0,0.0,0.0,0.0,0.0,0.0,0.0,0.0,1.0,1.0,33.33,40.75,0.0,0.0,0.0,0.0,100.0,0.0,100.0,81.51,3.0,3.0,100.0,0.88,0.88,1.5,1.5,,1.0,,0.0,1.0,0.0,,0.0,0.0,0.0,0.33,0.0,0.0
4,桃園台啤永豐雲豹,16|54|57|3129,米勒/高錦瑋/莊博元/董永全,1,42,52.0,634.05,10.57,10:34,634.05,10.57,10:34,24.0,24.0,46.15,81.76,20.0,20.0,38.46,68.13,17.0,17.0,32.69,57.91,8.0,8.0,15.38,27.25,9.0,9.0,17.31,30.66,5.0,5.0,9.62,17.03,8.0,8.0,15.38,27.25,3.0,3.0,5.77,10.22,6.0,6.0,11.54,20.44,5.0,5.0,9.62,17.03,2.0,2.0,3.85,6.81,8.0,8.0,15.38,27.25,7.0,7.0,13.46,23.85,10.0,10.0,19.23,34.07,2.0,2.0,3.85,6.81,6.0,6.0,11.54,20.44,0.0,0.0,0.0,0.0,0.0,0.0,0.0,0.0,3.0,3.0,5.77,10.22,4.0,4.0,7.69,13.63,46.15,38.46,7.69,118.1,4.0,4.0,7.69,10.57,10.57,0.56,0.61,0.56,0.38,0.83,0.09,0.75,0.17,0.53,0.37,0.0,0.0,0.06,7.69,0.35
4,桃園台啤永豐雲豹,16|54|68|3129,米勒/高錦瑋/克羅馬/董永全,1,34,43.0,505.05,8.42,08:25,505.05,8.42,08:25,18.0,18.0,41.86,76.98,13.0,13.0,30.23,55.6,14.0,14.0,32.56,59.87,6.0,6.0,13.95,25.66,9.0,9.0,20.93,38.49,5.0,5.0,11.63,21.38,5.0,5.0,11.63,21.38,1.0,1.0,2.33,4.28,6.0,6.0,13.95,25.66,5.0,5.0,11.63,21.38,2.0,2.0,4.65,8.55,7.0,7.0,16.28,29.94,6.0,6.0,13.95,25.66,9.0,9.0,20.93,38.49,1.0,1.0,2.33,4.28,4.0,4.0,9.3,17.11,0.0,0.0,0.0,0.0,0.0,0.0,0.0,0.0,3.0,3.0,6.98,12.83,4.0,4.0,9.3,17.11,41.86,30.23,11.63,122.6,5.0,5.0,11.63,8.42,8.42,0.46,0.54,0.56,0.2,0.83,0.06,0.67,0.18,0.54,0.38,0.0,0.0,0.07,9.3,0.43
4,桃園台啤永豐雲豹,16|57|68|3129,米勒/莊博元/克羅馬/董永全,1,34,43.0,505.05,8.42,08:25,505.05,8.42,08:25,18.0,18.0,41.86,76.98,13.0,13.0,30.23,55.6,14.0,14.0,32.56,59.87,6.0,6.0,13.95,25.66,9.0,9.0,20.93,38.49,5.0,5.0,11.63,21.38,5.0,5.0,11.63,21.38,1.0,1.0,2.33,4.28,6.0,6.0,13.95,25.66,5.0,5.0,11.63,21.38,2.0,2.0,4.65,8.55,7.0,7.0,16.28,29.94,6.0,6.0,13.95,25.66,9.0,9.0,20.93,38.49,1.0,1.0,2.33,4.28,4.0,4.0,9.3,17.11,0.0,0.0,0.0,0.0,0.0,0.0,0.0,0.0,3.0,3.0,6.98,12.83,4.0,4.0,9.3,17.11,41.86,30.23,11.63,122.6,5.0,5.0,11.63,8.42,8.42,0.46,0.54,0.56,0.2,0.83,0.06,0.67,0.18,0.54,0.38,0.0,0.0,0.07,9.3,0.43
4,桃園台啤永豐雲豹,54|57|68|3129,高錦瑋/莊博元/克羅馬/董永全,1,41,51.0,654.05,10.9,10:54,654.05,10.9,10:54,19.0,19.0,37.25,62.75,19.0,19.0,37.25,62.75,17.0,17.0,33.33,56.14,6.0,6.0,11.76,19.81,12.0,12.0,23.53,39.63,5.0,5.0,9.8,16.51,5.0,5.0,9.8,16.51,1.0,1.0,1.96,3.3,8.0,8.0,15.69,26.42,6.0,6.0,11.76,19.81,3.0,3.0,5.88,9.91,10.0,10.0,19.61,33.02,6.0,6.0,11.76,19.81,9.0,9.0,17.65,29.72,1.0,1.0,1.96,3.3,4.0,4.0,7.84,13.21,0.0,0.0,0.0,0.0,1.0,1.0,1.96,3.3,4.0,4.0,7.84,13.21,6.0,6.0,11.76,19.81,37.25,37.25,0.0,112.28,0.0,0.0,0.0,10.9,10.9,0.38,0.46,0.42,0.2,0.75,0.05,0.67,0.25,0.62,0.46,0.0,1.96,0.08,11.76,0.47
4,臺北台新戰神,5|10|14|14845,黃聰翰/雷蒙恩/錢肯尼/恩多,1,9,12.0,114.76,1.91,01:55,114.76,1.91,01:55,5.0,5.0,41.67,94.11,4.0,4.0,33.33,75.29,4.0,4.0,33.33,75.29,2.0,2.0,16.67,37.65,2.0,2.0,16.67,37.65,2.0,2.0,16.67,37.65,2.0,2.0,16.67,37.65,0.0,0.0,0.0,0.0,2.0,2.0,16.67,37.65,1.0,1.0,8.33,18.82,2.0,2.0,16.67,37.65,1.0,1.0,8.33,18.82,0.0,0.0,0.0,0.0,2.0,2.0,16.67,37.65,2.0,2.0,16.67,37.65,1.0,1.0,8.33,18.82,1.0,1.0,8.33,18.82,0.0,0.0,0.0,0.0,1.0,1.0,8.33,18.82,2.0,2.0,16.67,37.65,41.67,33.33,8.33,150.58,1.0,1.0,8.33,1.91,1.91,0.5,0.51,1.0,0.0,0.5,0.29,0.5,0.5,1.0,0.6,8.33,0.0,0.08,16.67,0.5
4,臺北台新戰神,5|14|13907|14845,黃聰翰/錢肯尼/梅克/恩多,1,52,64.0,827.67,13.79,13:48,827.67,13.79,13:48,34.0,34.0,53.12,88.73,22.0,22.0,34.38,57.41,26.0,26.0,40.62,67.85,13.0,13.0,20.31,33.93,15.0,15.0,23.44,39.15,9.0,9.0,14.06,23.49,11.0,11.0,17.19,28.71,4.0,4.0,6.25,10.44,9.0,9.0,14.06,23.49,4.0,4.0,6.25,10.44,7.0,7.0,10.94,18.27,9.0,9.0,14.06,23.49,3.0,3.0,4.69,7.83,13.0,13.0,20.31,33.93,5.0,5.0,7.81,13.05,7.0,7.0,10.94,18.27,2.0,2.0,3.12,5.22,3.0,3.0,4.69,7.83,6.0,6.0,9.38,15.66,4.0,4.0,6.25,10.44,53.12,34.38,18.75,111.35,12.0,12.0,18.75,13.79,13.79,0.58,0.57,0.6,0.36,0.44,0.14,0.54,0.35,0.75,0.5,3.12,4.69,0.09,6.25,0.35
4,臺北台新戰神,1|5|10|10864,丁聖儒/黃聰翰/雷蒙恩/劉彥廷,1,3,3.0,28.3,0.47,00:28,28.3,0.47,00:28,0.0,0.0,0.0,0.0,4.0,4.0,133.33,305.32,1.0,1.0,33.33,76.33,0.0,0.0,0.0,0.0,1.0,1.0,33.33,76.33,0.0,0.0,0.0,0.0,0.0,0.0,0.0,0.0,0.0,0.0,0.0,0.0,0.0,0.0,0.0,0.0,0.0,0.0,0.0,0.0,0.0,0.0,0.0,0.0,1.0,1.0,33.33,76.33,0.0,0.0,0.0,0.0,0.0,0.0,0.0,0.0,0.0,0.0,0.0,0.0,0.0,0.0,0.0,0.0,0.0,0.0,0.0,0.0,0.0,0.0,0.0,0.0,0.0,0.0,0.0,0.0,2.0,2.0,66.67,152.66,0.0,133.33,-133.33,152.66,-4.0,-4.0,-133.33,0.47,0.47,0.0,0.0,0.0,,,0.0,,,1.0,1.0,0.0,0.0,0.0,66.67,0.0
4,臺北台新戰神,1|5|10864|13907,丁聖儒/黃聰翰/劉彥廷/梅克,1,3,3.0,28.3,0.47,00:28,28.3,0.47,00:28,0.0,0.0,0.0,0.0,4.0,4.0,133.33,305.32,1.0,1.0,33.33,76.33,0.0,0.0,0.0,0.0,1.0,1.0,33.33,76.33,0.0,0.0,0.0,0.0,0.0,0.0,0.0,0.0,0.0,0.0,0.0,0.0,0.0,0.0,0.0,0.0,0.0,0.0,0.0,0.0,0.0,0.0,0.0,0.0,1.0,1.0,33.33,76.33,0.0,0.0,0.0,0.0,0.0,0.0,0.0,0.0,0.0,0.0,0.0,0.0,0.0,0.0,0.0,0.0,0.0,0.0,0.0,0.0,0.0,0.0,0.0,0.0,0.0,0.0,0.0,0.0,2.0,2.0,66.67,152.66,0.0,133.33,-133.33,152.66,-4.0,-4.0,-133.33,0.47,0.47,0.0,0.0,0.0,,,0.0,,,1.0,1.0,0.0,0.0,0.0,66.67,0.0
4,臺北台新戰神,1|10|10864|13907,丁聖儒/雷蒙恩/劉彥廷/梅克,1,3,3.0,28.3,0.47,00:28,28.3,0.47,00:28,0.0,0.0,0.0,0.0,4.0,4.0,133.33,305.32,1.0,1.0,33.33,76.33,0.0,0.0,0.0,0.0,1.0,1.0,33.33,76.33,0.0,0.0,0.0,0.0,0.0,0.0,0.0,0.0,0.0,0.0,0.0,0.0,0.0,0.0,0.0,0.0,0.0,0.0,0.0,0.0,0.0,0.0,0.0,0.0,1.0,1.0,33.33,76.33,0.0,0.0,0.0,0.0,0.0,0.0,0.0,0.0,0.0,0.0,0.0,0.0,0.0,0.0,0.0,0.0,0.0,0.0,0.0,0.0,0.0,0.0,0.0,0.0,0.0,0.0,0.0,0.0,2.0,2.0,66.67,152.66,0.0,133.33,-133.33,152.66,-4.0,-4.0,-133.33,0.47,0.47,0.0,0.0,0.0,,,0.0,,,1.0,1.0,0.0,0.0,0.0,66.67,0.0
4,臺北台新戰神,5|10|10864|13907,黃聰翰/雷蒙恩/劉彥廷/梅克,1,3,3.0,28.3,0.47,00:28,28.3,0.47,00:28,0.0,0.0,0.0,0.0,4.0,4.0,133.33,305.32,1.0,1.0,33.33,76.33,0.0,0.0,0.0,0.0,1.0,1.0,33.33,76.33,0.0,0.0,0.0,0.0,0.0,0.0,0.0,0.0,0.0,0.0,0.0,0.0,0.0,0.0,0.0,0.0,0.0,0.0,0.0,0.0,0.0,0.0,0.0,0.0,1.0,1.0,33.33,76.33,0.0,0.0,0.0,0.0,0.0,0.0,0.0,0.0,0.0,0.0,0.0,0.0,0.0,0.0,0.0,0.0,0.0,0.0,0.0,0.0,0.0,0.0,0.0,0.0,0.0,0.0,0.0,0.0,2.0,2.0,66.67,152.66,0.0,133.33,-133.33,152.66,-4.0,-4.0,-133.33,0.47,0.47,0.0,0.0,0.0,,,0.0,,,1.0,1.0,0.0,0.0,0.0,66.67,0.0
4,臺北台新戰神,1|5|10|13,丁聖儒/黃聰翰/雷蒙恩/陳冠全,1,9,11.0,170.0,2.83,02:50,170.0,2.83,02:50,2.0,2.0,18.18,25.41,5.0,5.0,45.45,63.53,5.0,5.0,45.45,63.53,1.0,1.0,9.09,12.71,4.0,4.0,36.36,50.82,1.0,1.0,9.09,12.71,1.0,1.0,9.09,12.71,0.0,0.0,0.0,0.0,0.0,0.0,0.0,0.0,0.0,0.0,0.0,0.0,1.0,1.0,9.09,12.71,3.0,3.0,27.27,38.12,1.0,1.0,9.09,12.71,2.0,2.0,18.18,25.41,1.0,1.0,9.09,12.71,1.0,1.0,9.09,12.71,0.0,0.0,0.0,0.0,0.0,0.0,0.0,0.0,0.0,0.0,0.0,0.0,2.0,2.0,18.18,25.41,18.18,45.45,-27.27,93.18,-3.0,-3.0,-27.27,2.83,2.83,0.2,0.2,0.25,0.0,,0.17,1.0,0.33,0.75,0.57,0.0,0.0,0.0,18.18,0.0
4,臺北台新戰神,1|5|13|13907,丁聖儒/黃聰翰/陳冠全/梅克,1,9,11.0,170.0,2.83,02:50,170.0,2.83,02:50,2.0,2.0,18.18,25.41,5.0,5.0,45.45,63.53,5.0,5.0,45.45,63.53,1.0,1.0,9.09,12.71,4.0,4.0,36.36,50.82,1.0,1.0,9.09,12.71,1.0,1.0,9.09,12.71,0.0,0.0,0.0,0.0,0.0,0.0,0.0,0.0,0.0,0.0,0.0,0.0,1.0,1.0,9.09,12.71,3.0,3.0,27.27,38.12,1.0,1.0,9.09,12.71,2.0,2.0,18.18,25.41,1.0,1.0,9.09,12.71,1.0,1.0,9.09,12.71,0.0,0.0,0.0,0.0,0.0,0.0,0.0,0.0,0.0,0.0,0.0,0.0,2.0,2.0,18.18,25.41,18.18,45.45,-27.27,93.18,-3.0,-3.0,-27.27,2.83,2.83,0.2,0.2,0.25,0.0,,0.17,1.0,0.33,0.75,0.57,0.0,0.0,0.0,18.18,0.0
4,臺北台新戰神,1|10|13|13907,丁聖儒/雷蒙恩/陳冠全/梅克,1,9,11.0,170.0,2.83,02:50,170.0,2.83,02:50,2.0,2.0,18.18,25.41,5.0,5.0,45.45,63.53,5.0,5.0,45.45,63.53,1.0,1.0,9.09,12.71,4.0,4.0,36.36,50.82,1.0,1.0,9.09,12.71,1.0,1.0,9.09,12.71,0.0,0.0,0.0,0.0,0.0,0.0,0.0,0.0,0.0,0.0,0.0,0.0,1.0,1.0,9.09,12.71,3.0,3.0,27.27,38.12,1.0,1.0,9.09,12.71,2.0,2.0,18.18,25.41,1.0,1.0,9.09,12.71,1.0,1.0,9.09,12.71,0.0,0.0,0.0,0.0,0.0,0.0,0.0,0.0,0.0,0.0,0.0,0.0,2.0,2.0,18.18,25.41,18.18,45.45,-27.27,93.18,-3.0,-3.0,-27.27,2.83,2.83,0.2,0.2,0.25,0.0,,0.17,1.0,0.33,0.75,0.57,0.0,0.0,0.0,18.18,0.0
4,臺北台新戰神,5|10|13|13907,黃聰翰/雷蒙恩/陳冠全/梅克,1,10,12.0,174.0,2.9,02:54,174.0,2.9,02:54,2.0,2.0,16.67,24.83,5.0,5.0,41.67,62.07,5.0,5.0,41.67,62.07,1.0,1.0,8.33,12.41,4.0,4.0,33.33,49.66,1.0,1.0,8.33,12.41,1.0,1.0,8.33,12.41,0.0,0.0,0.0,0.0,0.0,0.0,0.0,0.0,0.0,0.0,0.0,0.0,1.0,1.0,8.33,12.41,3.0,3.0,25.0,37.24,1.0,1.0,8.33,12.41,2.0,2.0,16.67,24.83,1.0,1.0,8.33,12.41,1.0,1.0,8.33,12.41,0.0,0.0,0.0,0.0,0.0,0.0,0.0,0.0,0.0,0.0,0.0,0.0,2.0,2.0,16.67,24.83,16.67,41.67,-25.0,99.31,-3.0,-3.0,-25.0,2.9,2.9,0.2,0.2,0.25,0.0,,0.17,1.0,0.33,0.75,0.57,0.0,0.0,0.0,16.67,0.0
4,臺北台新戰神,1|5|14|14845,丁聖儒/黃聰翰/錢肯尼/恩多,1,43,52.0,712.92,11.88,11:53,712.92,11.88,11:53,29.0,29.0,55.77,87.86,18.0,18.0,34.62,54.54,22.0,22.0,42.31,66.66,11.0,11.0,21.15,33.33,13.0,13.0,25.0,39.39,7.0,7.0,13.46,21.21,9.0,9.0,17.31,27.27,4.0,4.0,7.69,12.12,7.0,7.0,13.46,21.21,3.0,3.0,5.77,9.09,5.0,5.0,9.62,15.15,8.0,8.0,15.38,24.24,3.0,3.0,5.77,9.09,11.0,11.0,21.15,33.33,3.0,3.0,5.77,9.09,6.0,6.0,11.54,18.18,1.0,1.0,1.92,3.03,3.0,3.0,5.77,9.09,5.0,5.0,9.62,15.15,2.0,2.0,3.85,6.06,55.77,34.62,21.15,105.03,11.0,11.0,21.15,11.88,11.88,0.59,0.58,0.54,0.44,0.43,0.11,0.55,0.31,0.73,0.48,1.92,5.77,0.1,3.85,0.32
4,桃園台啤永豐雲豹,16|54|62|10860,米勒/高錦瑋/王皓吉/麥卡洛,1,5,5.0,85.0,1.42,01:25,85.0,1.42,01:25,8.0,8.0,160.0,203.29,0.0,0.0,0.0,0.0,3.0,3.0,60.0,76.24,3.0,3.0,60.0,76.24,1.0,1.0,20.0,25.41,1.0,1.0,20.0,25.41,2.0,2.0,40.0,50.82,2.0,2.0,40.0,50.82,0.0,0.0,0.0,0.0,0.0,0.0,0.0,0.0,0.0,0.0,0.0,0.0,0.0,0.0,0.0,0.0,0.0,0.0,0.0,0.0,2.0,2.0,40.0,50.82,0.0,0.0,0.0,0.0,2.0,2.0,40.0,50.82,0.0,0.0,0.0,0.0,0.0,0.0,0.0,0.0,0.0,0.0,0.0,0.0,0.0,0.0,0.0,0.0,160.0,0.0,160.0,84.71,8.0,8.0,160.0,1.42,1.42,1.33,1.33,1.0,1.0,,0.0,0.67,0.0,,0.0,0.0,0.0,0.0,0.0,0.0
4,桃園台啤永豐雲豹,16|57|62|10860,米勒/莊博元/王皓吉/麥卡洛,1,7,8.0,148.0,2.47,02:28,148.0,2.47,02:28,10.0,10.0,125.0,145.95,2.0,2.0,25.0,29.19,4.0,4.0,50.0,58.38,3.0,3.0,37.5,43.78,1.0,1.0,12.5,14.59,1.0,1.0,12.5,14.59,3.0,3.0,37.5,43.78,2.0,2.0,25.0,29.19,0.0,0.0,0.0,0.0,0.0,0.0,0.0,0.0,1.0,1.0,12.5,14.59,0.0,0.0,0.0,0.0,0.0,0.0,0.0,0.0,2.0,2.0,25.0,29.19,0.0,0.0,0.0,0.0,2.0,2.0,25.0,29.19,0.0,0.0,0.0,0.0,0.0,0.0,0.0,0.0,1.0,1.0,12.5,14.59,0.0,0.0,0.0,0.0,125.0,25.0,100.0,77.84,8.0,8.0,100.0,2.47,2.47,1.0,1.25,1.0,0.67,,0.0,0.67,0.33,,0.33,0.0,0.0,0.12,0.0,0.0
4,桃園台啤永豐雲豹,54|57|62|10860,高錦瑋/莊博元/王皓吉/麥卡洛,1,5,5.0,85.0,1.42,01:25,85.0,1.42,01:25,8.0,8.0,160.0,203.29,0.0,0.0,0.0,0.0,3.0,3.0,60.0,76.24,3.0,3.0,60.0,76.24,1.0,1.0,20.0,25.41,1.0,1.0,20.0,25.41,2.0,2.0,40.0,50.82,2.0,2.0,40.0,50.82,0.0,0.0,0.0,0.0,0.0,0.0,0.0,0.0,0.0,0.0,0.0,0.0,0.0,0.0,0.0,0.0,0.0,0.0,0.0,0.0,2.0,2.0,40.0,50.82,0.0,0.0,0.0,0.0,2.0,2.0,40.0,50.82,0.0,0.0,0.0,0.0,0.0,0.0,0.0,0.0,0.0,0.0,0.0,0.0,0.0,0.0,0.0,0.0,160.0,0.0,160.0,84.71,8.0,8.0,160.0,1.42,1.42,1.33,1.33,1.0,1.0,,0.0,0.67,0.0,,0.0,0.0,0.0,0.0,0.0,0.0
4,桃園台啤永豐雲豹,12|16|57|62,曹薰襄/米勒/莊博元/王皓吉,1,2,3.0,63.0,1.05,01:03,63.0,1.05,01:03,2.0,2.0,66.67,68.57,2.0,2.0,66.67,68.57,1.0,1.0,33.33,34.29,0.0,0.0,0.0,0.0,0.0,0.0,0.0,0.0,0.0,0.0,0.0,0.0,1.0,1.0,33.33,34.29,0.0,0.0,0.0,0.0,0.0,0.0,0.0,0.0,0.0,0.0,0.0,0.0,1.0,1.0,33.33,34.29,0.0,0.0,0.0,0.0,0.0,0.0,0.0,0.0,0.0,0.0,0.0,0.0,0.0,0.0,0.0,0.0,0.0,0.0,0.0,0.0,0.0,0.0,0.0,0.0,0.0,0.0,0.0,0.0,1.0,1.0,33.33,34.29,0.0,0.0,0.0,0.0,66.67,66.67,0.0,68.57,0.0,0.0,0.0,1.05,1.05,0.0,1.0,,0.0,,0.0,,1.0,,1.0,0.0,0.0,0.33,0.0,0.0
4,桃園台啤永豐雲豹,12|16|62|10860,曹薰襄/米勒/王皓吉/麥卡洛,1,2,3.0,63.0,1.05,01:03,63.0,1.05,01:03,2.0,2.0,66.67,68.57,2.0,2.0,66.67,68.57,1.0,1.0,33.33,34.29,0.0,0.0,0.0,0.0,0.0,0.0,0.0,0.0,0.0,0.0,0.0,0.0,1.0,1.0,33.33,34.29,0.0,0.0,0.0,0.0,0.0,0.0,0.0,0.0,0.0,0.0,0.0,0.0,1.0,1.0,33.33,34.29,0.0,0.0,0.0,0.0,0.0,0.0,0.0,0.0,0.0,0.0,0.0,0.0,0.0,0.0,0.0,0.0,0.0,0.0,0.0,0.0,0.0,0.0,0.0,0.0,0.0,0.0,0.0,0.0,1.0,1.0,33.33,34.29,0.0,0.0,0.0,0.0,66.67,66.67,0.0,68.57,0.0,0.0,0.0,1.05,1.05,0.0,1.0,,0.0,,0.0,,1.0,,1.0,0.0,0.0,0.33,0.0,0.0
4,桃園台啤永豐雲豹,12|57|62|10860,曹薰襄/莊博元/王皓吉/麥卡洛,1,2,3.0,63.0,1.05,01:03,63.0,1.05,01:03,2.0,2.0,66.67,68.57,2.0,2.0,66.67,68.57,1.0,1.0,33.33,34.29,0.0,0.0,0.0,0.0,0.0,0.0,0.0,0.0,0.0,0.0,0.0,0.0,1.0,1.0,33.33,34.29,0.0,0.0,0.0,0.0,0.0,0.0,0.0,0.0,0.0,0.0,0.0,0.0,1.0,1.0,33.33,34.29,0.0,0.0,0.0,0.0,0.0,0.0,0.0,0.0,0.0,0.0,0.0,0.0,0.0,0.0,0.0,0.0,0.0,0.0,0.0,0.0,0.0,0.0,0.0,0.0,0.0,0.0,0.0,0.0,1.0,1.0,33.33,34.29,0.0,0.0,0.0,0.0,66.67,66.67,0.0,68.57,0.0,0.0,0.0,1.05,1.05,0.0,1.0,,0.0,,0.0,,1.0,,1.0,0.0,0.0,0.33,0.0,0.0
4,臺北台新戰神,5|10|13|14,黃聰翰/雷蒙恩/陳冠全/錢肯尼,1,1,1.0,4.0,0.07,00:04,4.0,0.07,00:04,0.0,0.0,0.0,0.0,0.0,0.0,0.0,0.0,0.0,0.0,0.0,0.0,0.0,0.0,0.0,0.0,0.0,0.0,0.0,0.0,0.0,0.0,0.0,0.0,0.0,0.0,0.0,0.0,0.0,0.0,0.0,0.0,0.0,0.0,0.0,0.0,0.0,0.0,0.0,0.0,0.0,0.0,0.0,0.0,0.0,0.0,0.0,0.0,0.0,0.0,0.0,0.0,0.0,0.0,0.0,0.0,0.0,0.0,0.0,0.0,0.0,0.0,0.0,0.0,0.0,0.0,0.0,0.0,0.0,0.0,0.0,0.0,0.0,0.0,0.0,0.0,0.0,0.0,0.0,0.0,0.0,0.0,0.0,360.0,0.0,0.0,0.0,0.07,0.07,,,,,,,,,,,0.0,0.0,0.0,0.0,
4,臺北台新戰神,5|13|14|13907,黃聰翰/陳冠全/錢肯尼/梅克,1,1,1.0,4.0,0.07,00:04,4.0,0.07,00:04,0.0,0.0,0.0,0.0,0.0,0.0,0.0,0.0,0.0,0.0,0.0,0.0,0.0,0.0,0.0,0.0,0.0,0.0,0.0,0.0,0.0,0.0,0.0,0.0,0.0,0.0,0.0,0.0,0.0,0.0,0.0,0.0,0.0,0.0,0.0,0.0,0.0,0.0,0.0,0.0,0.0,0.0,0.0,0.0,0.0,0.0,0.0,0.0,0.0,0.0,0.0,0.0,0.0,0.0,0.0,0.0,0.0,0.0,0.0,0.0,0.0,0.0,0.0,0.0,0.0,0.0,0.0,0.0,0.0,0.0,0.0,0.0,0.0,0.0,0.0,0.0,0.0,0.0,0.0,0.0,0.0,0.0,0.0,360.0,0.0,0.0,0.0,0.07,0.07,,,,,,,,,,,0.0,0.0,0.0,0.0,
4,臺北台新戰神,10|13|14|13907,雷蒙恩/陳冠全/錢肯尼/梅克,1,8,9.0,76.34,1.27,01:16,76.34,1.27,01:16,3.0,3.0,33.33,84.88,4.0,4.0,44.44,113.17,2.0,2.0,22.22,56.59,1.0,1.0,11.11,28.29,1.0,1.0,11.11,28.29,0.0,0.0,0.0,0.0,1.0,1.0,11.11,28.29,1.0,1.0,11.11,28.29,0.0,0.0,0.0,0.0,0.0,0.0,0.0,0.0,0.0,0.0,0.0,0.0,1.0,1.0,11.11,28.29,1.0,1.0,11.11,28.29,1.0,1.0,11.11,28.29,1.0,1.0,11.11,28.29,1.0,1.0,11.11,28.29,1.0,1.0,11.11,28.29,0.0,0.0,0.0,0.0,0.0,0.0,0.0,0.0,0.0,0.0,0.0,0.0,33.33,44.44,-11.11,169.76,-1.0,-1.0,-11.11,1.27,1.27,0.75,0.75,0.0,1.0,,0.33,1.0,0.0,0.5,0.33,11.11,0.0,0.0,0.0,0.0
4,臺北台新戰神,3|10|13|14,陳文宏/雷蒙恩/陳冠全/錢肯尼,1,7,8.0,72.34,1.21,01:12,72.34,1.21,01:12,3.0,3.0,37.5,89.57,4.0,4.0,50.0,119.43,2.0,2.0,25.0,59.72,1.0,1.0,12.5,29.86,1.0,1.0,12.5,29.86,0.0,0.0,0.0,0.0,1.0,1.0,12.5,29.86,1.0,1.0,12.5,29.86,0.0,0.0,0.0,0.0,0.0,0.0,0.0,0.0,0.0,0.0,0.0,0.0,1.0,1.0,12.5,29.86,1.0,1.0,12.5,29.86,1.0,1.0,12.5,29.86,1.0,1.0,12.5,29.86,1.0,1.0,12.5,29.86,1.0,1.0,12.5,29.86,0.0,0.0,0.0,0.0,0.0,0.0,0.0,0.0,0.0,0.0,0.0,0.0,37.5,50.0,-12.5,159.24,-1.0,-1.0,-12.5,1.21,1.21,0.75,0.75,0.0,1.0,,0.33,1.0,0.0,0.5,0.33,12.5,0.0,0.0,0.0,0.0
4,臺北台新戰神,3|10|13|13907,陳文宏/雷蒙恩/陳冠全/梅克,1,7,8.0,72.34,1.21,01:12,72.34,1.21,01:12,3.0,3.0,37.5,89.57,4.0,4.0,50.0,119.43,2.0,2.0,25.0,59.72,1.0,1.0,12.5,29.86,1.0,1.0,12.5,29.86,0.0,0.0,0.0,0.0,1.0,1.0,12.5,29.86,1.0,1.0,12.5,29.86,0.0,0.0,0.0,0.0,0.0,0.0,0.0,0.0,0.0,0.0,0.0,0.0,1.0,1.0,12.5,29.86,1.0,1.0,12.5,29.86,1.0,1.0,12.5,29.86,1.0,1.0,12.5,29.86,1.0,1.0,12.5,29.86,1.0,1.0,12.5,29.86,0.0,0.0,0.0,0.0,0.0,0.0,0.0,0.0,0.0,0.0,0.0,0.0,37.5,50.0,-12.5,159.24,-1.0,-1.0,-12.5,1.21,1.21,0.75,0.75,0.0,1.0,,0.33,1.0,0.0,0.5,0.33,12.5,0.0,0.0,0.0,0.0
4,臺北台新戰神,3|13|14|13907,陳文宏/陳冠全/錢肯尼/梅克,1,9,11.0,115.34,1.92,01:55,115.34,1.92,01:55,3.0,3.0,27.27,56.18,6.0,6.0,54.55,112.36,3.0,3.0,27.27,56.18,1.0,1.0,9.09,18.73,1.0,1.0,9.09,18.73,0.0,0.0,0.0,0.0,2.0,2.0,18.18,37.45,1.0,1.0,9.09,18.73,0.0,0.0,0.0,0.0,0.0,0.0,0.0,0.0,0.0,0.0,0.0,0.0,2.0,2.0,18.18,37.45,2.0,2.0,18.18,37.45,1.0,1.0,9.09,18.73,1.0,1.0,9.09,18.73,1.0,1.0,9.09,18.73,1.0,1.0,9.09,18.73,0.0,0.0,0.0,0.0,0.0,0.0,0.0,0.0,0.0,0.0,0.0,0.0,27.27,54.55,-27.27,137.33,-3.0,-3.0,-27.27,1.92,1.92,0.5,0.5,0.0,0.5,,0.25,1.0,0.0,0.5,0.4,9.09,0.0,0.0,0.0,0.0
4,臺北台新戰神,1|3|13|14,丁聖儒/陳文宏/陳冠全/錢肯尼,1,2,3.0,43.0,0.72,00:43,43.0,0.72,00:43,0.0,0.0,0.0,0.0,2.0,2.0,66.67,100.47,1.0,1.0,33.33,50.23,0.0,0.0,0.0,0.0,0.0,0.0,0.0,0.0,0.0,0.0,0.0,0.0,1.0,1.0,33.33,50.23,0.0,0.0,0.0,0.0,0.0,0.0,0.0,0.0,0.0,0.0,0.0,0.0,0.0,0.0,0.0,0.0,1.0,1.0,33.33,50.23,1.0,1.0,33.33,50.23,0.0,0.0,0.0,0.0,0.0,0.0,0.0,0.0,0.0,0.0,0.0,0.0,0.0,0.0,0.0,0.0,0.0,0.0,0.0,0.0,0.0,0.0,0.0,0.0,0.0,0.0,0.0,0.0,0.0,66.67,-66.67,100.47,-2.0,-2.0,-66.67,0.72,0.72,0.0,0.0,,0.0,,0.0,,,0.5,0.5,0.0,0.0,0.0,0.0,0.0
4,臺北台新戰神,1|3|13|13907,丁聖儒/陳文宏/陳冠全/梅克,1,2,3.0,43.0,0.72,00:43,43.0,0.72,00:43,0.0,0.0,0.0,0.0,2.0,2.0,66.67,100.47,1.0,1.0,33.33,50.23,0.0,0.0,0.0,0.0,0.0,0.0,0.0,0.0,0.0,0.0,0.0,0.0,1.0,1.0,33.33,50.23,0.0,0.0,0.0,0.0,0.0,0.0,0.0,0.0,0.0,0.0,0.0,0.0,0.0,0.0,0.0,0.0,1.0,1.0,33.33,50.23,1.0,1.0,33.33,50.23,0.0,0.0,0.0,0.0,0.0,0.0,0.0,0.0,0.0,0.0,0.0,0.0,0.0,0.0,0.0,0.0,0.0,0.0,0.0,0.0,0.0,0.0,0.0,0.0,0.0,0.0,0.0,0.0,0.0,66.67,-66.67,100.47,-2.0,-2.0,-66.67,0.72,0.72,0.0,0.0,,0.0,,0.0,,,0.5,0.5,0.0,0.0,0.0,0.0,0.0
4,臺北台新戰神,1|13|14|13907,丁聖儒/陳冠全/錢肯尼/梅克,1,2,3.0,43.0,0.72,00:43,43.0,0.72,00:43,0.0,0.0,0.0,0.0,2.0,2.0,66.67,100.47,1.0,1.0,33.33,50.23,0.0,0.0,0.0,0.0,0.0,0.0,0.0,0.0,0.0,0.0,0.0,0.0,1.0,1.0,33.33,50.23,0.0,0.0,0.0,0.0,0.0,0.0,0.0,0.0,0.0,0.0,0.0,0.0,0.0,0.0,0.0,0.0,1.0,1.0,33.33,50.23,1.0,1.0,33.33,50.23,0.0,0.0,0.0,0.0,0.0,0.0,0.0,0.0,0.0,0.0,0.0,0.0,0.0,0.0,0.0,0.0,0.0,0.0,0.0,0.0,0.0,0.0,0.0,0.0,0.0,0.0,0.0,0.0,0.0,66.67,-66.67,100.47,-2.0,-2.0,-66.67,0.72,0.72,0.0,0.0,,0.0,,0.0,,,0.5,0.5,0.0,0.0,0.0,0.0,0.0
4,桃園台啤永豐雲豹,54|57|58|10860,高錦瑋/莊博元/林信寬/麥卡洛,1,14,17.0,221.0,3.68,03:41,221.0,3.68,03:41,10.0,10.0,58.82,97.74,5.0,5.0,29.41,48.87,9.0,9.0,52.94,87.96,5.0,5.0,29.41,48.87,8.0,8.0,47.06,78.19,5.0,5.0,29.41,48.87,1.0,1.0,5.88,9.77,0.0,0.0,0.0,0.0,0.0,0.0,0.0,0.0,0.0,0.0,0.0,0.0,2.0,2.0,11.76,19.55,2.0,2.0,11.76,19.55,1.0,1.0,5.88,9.77,1.0,1.0,5.88,9.77,0.0,0.0,0.0,0.0,1.0,1.0,5.88,9.77,0.0,0.0,0.0,0.0,0.0,0.0,0.0,0.0,1.0,1.0,5.88,9.77,2.0,2.0,11.76,19.55,58.82,29.41,29.41,110.77,5.0,5.0,29.41,3.68,3.68,0.56,0.56,0.62,0.0,,0.0,0.2,0.67,0.67,0.67,0.0,0.0,0.06,11.76,0.0
4,桃園台啤永豐雲豹,54|57|68|10860,高錦瑋/莊博元/克羅馬/麥卡洛,1,21,25.0,370.0,6.17,06:10,370.0,6.17,06:10,11.0,11.0,44.0,64.22,11.0,11.0,44.0,64.22,12.0,12.0,48.0,70.05,5.0,5.0,20.0,29.19,11.0,11.0,44.0,64.22,5.0,5.0,20.0,29.19,1.0,1.0,4.0,5.84,0.0,0.0,0.0,0.0,2.0,2.0,8.0,11.68,1.0,1.0,4.0,5.84,3.0,3.0,12.0,17.51,5.0,5.0,20.0,29.19,1.0,1.0,4.0,5.84,1.0,1.0,4.0,5.84,0.0,0.0,0.0,0.0,1.0,1.0,4.0,5.84,0.0,0.0,0.0,0.0,1.0,1.0,4.0,5.84,2.0,2.0,8.0,11.68,4.0,4.0,16.0,23.35,44.0,44.0,0.0,97.3,0.0,0.0,0.0,6.17,6.17,0.42,0.43,0.45,0.0,0.5,0.0,0.2,0.75,0.83,0.8,0.0,4.0,0.08,16.0,0.17
4,桃園台啤永豐雲豹,54|57|3129|10860,高錦瑋/莊博元/董永全/麥卡洛,1,15,17.0,278.0,4.63,04:38,278.0,4.63,04:38,7.0,7.0,41.18,54.39,13.0,13.0,76.47,101.01,6.0,6.0,35.29,46.62,2.0,2.0,11.76,15.54,3.0,3.0,17.65,23.31,0.0,0.0,0.0,0.0,3.0,3.0,17.65,23.31,2.0,2.0,11.76,15.54,2.0,2.0,11.76,15.54,1.0,1.0,5.88,7.77,1.0,1.0,5.88,7.77,4.0,4.0,23.53,31.08,1.0,1.0,5.88,7.77,1.0,1.0,5.88,7.77,1.0,1.0,5.88,7.77,2.0,2.0,11.76,15.54,0.0,0.0,0.0,0.0,1.0,1.0,5.88,7.77,1.0,1.0,5.88,7.77,2.0,2.0,11.76,15.54,41.18,76.47,-35.29,88.06,-6.0,-6.0,-35.29,4.63,4.63,0.5,0.51,0.0,0.67,0.5,0.13,1.0,0.5,0.8,0.71,0.0,5.88,0.06,11.76,0.33
4,桃園台啤永豐雲豹,54|68|3129|10860,高錦瑋/克羅馬/董永全/麥卡洛,1,7,8.0,149.0,2.48,02:29,149.0,2.48,02:29,1.0,1.0,12.5,14.5,6.0,6.0,75.0,86.98,3.0,3.0,37.5,43.49,0.0,0.0,0.0,0.0,3.0,3.0,37.5,43.49,0.0,0.0,0.0,0.0,0.0,0.0,0.0,0.0,0.0,0.0,0.0,0.0,2.0,2.0,25.0,28.99,1.0,1.0,12.5,14.5,1.0,1.0,12.5,14.5,3.0,3.0,37.5,43.49,0.0,0.0,0.0,0.0,0.0,0.0,0.0,0.0,0.0,0.0,0.0,0.0,0.0,0.0,0.0,0.0,0.0,0.0,0.0,0.0,1.0,1.0,12.5,14.5,1.0,1.0,12.5,14.5,2.0,2.0,25.0,28.99,12.5,75.0,-62.5,77.32,-5.0,-5.0,-62.5,2.48,2.48,0.0,0.13,0.0,,0.5,0.0,,1.0,1.0,1.0,0.0,12.5,0.12,25.0,0.67
4,桃園台啤永豐雲豹,57|68|3129|10860,莊博元/克羅馬/董永全/麥卡洛,1,7,8.0,149.0,2.48,02:29,149.0,2.48,02:29,1.0,1.0,12.5,14.5,6.0,6.0,75.0,86.98,3.0,3.0,37.5,43.49,0.0,0.0,0.0,0.0,3.0,3.0,37.5,43.49,0.0,0.0,0.0,0.0,0.0,0.0,0.0,0.0,0.0,0.0,0.0,0.0,2.0,2.0,25.0,28.99,1.0,1.0,12.5,14.5,1.0,1.0,12.5,14.5,3.0,3.0,37.5,43.49,0.0,0.0,0.0,0.0,0.0,0.0,0.0,0.0,0.0,0.0,0.0,0.0,0.0,0.0,0.0,0.0,0.0,0.0,0.0,0.0,1.0,1.0,12.5,14.5,1.0,1.0,12.5,14.5,2.0,2.0,25.0,28.99,12.5,75.0,-62.5,77.32,-5.0,-5.0,-62.5,2.48,2.48,0.0,0.13,0.0,,0.5,0.0,,1.0,1.0,1.0,0.0,12.5,0.12,25.0,0.67
4,桃園台啤永豐雲豹,16|54|3129|10860,米勒/高錦瑋/董永全/麥卡洛,1,8,9.0,129.0,2.15,02:09,129.0,2.15,02:09,6.0,6.0,66.67,100.47,7.0,7.0,77.78,117.21,3.0,3.0,33.33,50.23,2.0,2.0,22.22,33.49,0.0,0.0,0.0,0.0,0.0,0.0,0.0,0.0,3.0,3.0,33.33,50.23,2.0,2.0,22.22,33.49,0.0,0.0,0.0,0.0,0.0,0.0,0.0,0.0,0.0,0.0,0.0,0.0,1.0,1.0,11.11,16.74,1.0,1.0,11.11,16.74,1.0,1.0,11.11,16.74,1.0,1.0,11.11,16.74,2.0,2.0,22.22,33.49,0.0,0.0,0.0,0.0,0.0,0.0,0.0,0.0,0.0,0.0,0.0,0.0,0.0,0.0,0.0,0.0,66.67,77.78,-11.11,100.47,-1.0,-1.0,-11.11,2.15,2.15,1.0,1.0,,0.67,,0.25,1.0,0.0,0.5,0.33,0.0,0.0,0.0,0.0,0.0
4,桃園台啤永豐雲豹,16|57|3129|10860,米勒/莊博元/董永全/麥卡洛,1,8,9.0,129.0,2.15,02:09,129.0,2.15,02:09,6.0,6.0,66.67,100.47,7.0,7.0,77.78,117.21,3.0,3.0,33.33,50.23,2.0,2.0,22.22,33.49,0.0,0.0,0.0,0.0,0.0,0.0,0.0,0.0,3.0,3.0,33.33,50.23,2.0,2.0,22.22,33.49,0.0,0.0,0.0,0.0,0.0,0.0,0.0,0.0,0.0,0.0,0.0,0.0,1.0,1.0,11.11,16.74,1.0,1.0,11.11,16.74,1.0,1.0,11.11,16.74,1.0,1.0,11.11,16.74,2.0,2.0,22.22,33.49,0.0,0.0,0.0,0.0,0.0,0.0,0.0,0.0,0.0,0.0,0.0,0.0,0.0,0.0,0.0,0.0,66.67,77.78,-11.11,100.47,-1.0,-1.0,-11.11,2.15,2.15,1.0,1.0,,0.67,,0.25,1.0,0.0,0.5,0.33,0.0,0.0,0.0,0.0,0.0
