player_id,player_name,team_name,opp_player_id,opp_player_name,opp_team_name,games_used,stint_count,possessions,sec_played,min_played,min_played_str,sec_per_game,min_per_game,min_per_game_str,PTS,PTS_per_game,PTS_per100,PTS_per36,PTS_allowed,PTS_allowed_per_game,PTS_allowed_per100,PTS_allowed_per36,FGA,FGA_per_game,FGA_per100,FGA_per36,FGM,FGM_per_game,FGM_per100,FGM_per36,2PA,2PA_per_game,2PA_per100,2PA_per36,2PM,2PM_per_game,2PM_per100,2PM_per36,3PA,3PA_per_game,3PA_per100,3PA_per36,3PM,3PM_per_game,3PM_per100,3PM_per36,FTA,FTA_per_game,FTA_per100,FTA_per36,FTM,FTM_per_game,FTM_per100,FTM_per36,ORB,ORB_per_game,ORB_per100,ORB_per36,DRB,DRB_per_game,DRB_per100,DRB_per36,ORB_allowed,ORB_allowed_per_game,ORB_allowed_per100,ORB_allowed_per36,DRB_allowed,DRB_allowed_per_game,DRB_allowed_per100,DRB_allowed_per36,TOV,TOV_per_game,TOV_per100,TOV_per36,AST,AST_per_game,AST_per100,AST_per36,STL,STL_per_game,STL_per100,STL_per36,BLK,BLK_per_game,BLK_per100,BLK_per36,Fouls,Fouls_per_game,Fouls_per100,Fouls_per36,FT_allowed,FT_allowed_per_game,FT_allowed_per100,FT_allowed_per36,ORtg,DRtg,NetRtg,PACE,PM_total,PM_per_game,PM_per100,MIN_total,MIN_per_game,eFG,TS,FG2_pct,FG3_pct,FT_pct,TOV_pct,AST_ratio,ORB_pct,DRB_pct,TRB_pct,STL_pct,BLK_pct,Foul_per_poss,FT_allowed_rate_per100,FT_rate
40,謝亞軒,新北中信特攻,21,李愷諺,新北國王,1,93,106.0,1454.26,24.24,24:14,1454.26,24.24,24:14,50.0,50.0,47.17,74.26,47.0,47.0,44.34,69.81,36.0,36.0,33.96,53.47,16.0,16.0,15.09,23.76,21.0,21.0,19.81,31.19,10.0,10.0,9.43,14.85,15.0,15.0,14.15,22.28,6.0,6.0,5.66,8.91,17.0,17.0,16.04,25.25,14.0,14.0,13.21,20.79,5.0,5.0,4.72,7.43,15.0,15.0,14.15,22.28,5.0,5.0,4.72,7.43,19.0,19.0,17.92,28.22,9.0,9.0,8.49,13.37,12.0,12.0,11.32,17.82,5.0,5.0,4.72,7.43,1.0,1.0,0.94,1.49,15.0,15.0,14.15,22.28,12.0,12.0,11.32,17.82,47.17,44.34,2.83,104.96,3.0,3.0,2.83,24.24,24.24,0.53,0.57,0.48,0.4,0.82,0.17,0.75,0.21,0.75,0.45,4.72,0.94,0.14,11.32,0.47
40,謝亞軒,新北中信特攻,24,蘇士軒,新北國王,1,67,76.0,1083.11,18.05,18:03,1083.11,18.05,18:03,36.0,36.0,47.37,71.79,33.0,33.0,43.42,65.81,28.0,28.0,36.84,55.84,13.0,13.0,17.11,25.93,12.0,12.0,15.79,23.93,6.0,6.0,7.89,11.97,16.0,16.0,21.05,31.91,7.0,7.0,9.21,13.96,11.0,11.0,14.47,21.94,7.0,7.0,9.21,13.96,5.0,5.0,6.58,9.97,13.0,13.0,17.11,25.93,0.0,0.0,0.0,0.0,15.0,15.0,19.74,29.91,7.0,7.0,9.21,13.96,11.0,11.0,14.47,21.94,4.0,4.0,5.26,7.98,1.0,1.0,1.32,1.99,9.0,9.0,11.84,17.95,8.0,8.0,10.53,15.95,47.37,43.42,3.95,101.04,3.0,3.0,3.95,18.05,18.05,0.59,0.55,0.5,0.44,0.64,0.18,0.85,0.25,1.0,0.55,5.26,1.32,0.12,10.53,0.39
40,謝亞軒,新北中信特攻,29,林書緯,新北國王,1,121,136.0,1833.2,30.55,30:33,1833.2,30.55,30:33,59.0,59.0,43.38,69.52,57.0,57.0,41.91,67.16,44.0,44.0,32.35,51.84,19.0,19.0,13.97,22.39,24.0,24.0,17.65,28.28,12.0,12.0,8.82,14.14,20.0,20.0,14.71,23.57,7.0,7.0,5.15,8.25,20.0,20.0,14.71,23.57,16.0,16.0,11.76,18.85,6.0,6.0,4.41,7.07,22.0,22.0,16.18,25.92,3.0,3.0,2.21,3.53,26.0,26.0,19.12,30.63,13.0,13.0,9.56,15.32,15.0,15.0,11.03,17.67,6.0,6.0,4.41,7.07,1.0,1.0,0.74,1.18,18.0,18.0,13.24,21.21,15.0,15.0,11.03,17.67,43.38,41.91,1.47,106.83,2.0,2.0,1.47,30.55,30.55,0.51,0.56,0.5,0.35,0.8,0.2,0.79,0.19,0.88,0.49,4.41,0.74,0.13,11.03,0.45
40,謝亞軒,新北中信特攻,32,奧帝,新北國王,1,89,101.0,1399.44,23.32,23:19,1399.44,23.32,23:19,43.0,43.0,42.57,66.37,54.0,54.0,53.47,83.35,35.0,35.0,34.65,54.02,16.0,16.0,15.84,24.7,23.0,23.0,22.77,35.5,12.0,12.0,11.88,18.52,12.0,12.0,11.88,18.52,4.0,4.0,3.96,6.17,14.0,14.0,13.86,21.61,11.0,11.0,10.89,16.98,4.0,4.0,3.96,6.17,16.0,16.0,15.84,24.7,4.0,4.0,3.96,6.17,15.0,15.0,14.85,23.15,8.0,8.0,7.92,12.35,13.0,13.0,12.87,20.07,3.0,3.0,2.97,4.63,1.0,1.0,0.99,1.54,11.0,11.0,10.89,16.98,13.0,13.0,12.87,20.07,42.57,53.47,-10.89,103.93,-11.0,-11.0,-10.89,23.32,23.32,0.51,0.52,0.52,0.33,0.79,0.16,0.81,0.21,0.8,0.51,2.97,0.99,0.11,12.87,0.4
40,謝亞軒,新北中信特攻,13029,杰倫,新北國王,1,103,118.0,1601.18,26.69,26:41,1601.18,26.69,26:41,55.0,55.0,46.61,74.2,43.0,43.0,36.44,58.01,42.0,42.0,35.59,56.66,19.0,19.0,16.1,25.63,21.0,21.0,17.8,28.33,11.0,11.0,9.32,14.84,21.0,21.0,17.8,28.33,8.0,8.0,6.78,10.79,17.0,17.0,14.41,22.93,13.0,13.0,11.02,17.54,6.0,6.0,5.08,8.09,19.0,19.0,16.1,25.63,4.0,4.0,3.39,5.4,24.0,24.0,20.34,32.38,10.0,10.0,8.47,13.49,14.0,14.0,11.86,18.89,6.0,6.0,5.08,8.09,1.0,1.0,0.85,1.35,17.0,17.0,14.41,22.93,11.0,11.0,9.32,14.84,46.61,36.44,10.17,106.12,12.0,12.0,10.17,26.69,26.69,0.55,0.56,0.52,0.38,0.76,0.17,0.74,0.2,0.83,0.47,5.08,0.85,0.14,9.32,0.4
113,林任鴻,新北中信特攻,21,李愷諺,新北國王,1,32,36.0,515.22,8.59,08:35,515.22,8.59,08:35,23.0,23.0,63.89,96.43,9.0,9.0,25.0,37.73,12.0,12.0,33.33,50.31,6.0,6.0,16.67,25.15,7.0,7.0,19.44,29.35,3.0,3.0,8.33,12.58,5.0,5.0,13.89,20.96,3.0,3.0,8.33,12.58,12.0,12.0,33.33,50.31,10.0,10.0,27.78,41.92,3.0,3.0,8.33,12.58,4.0,4.0,11.11,16.77,1.0,1.0,2.78,4.19,7.0,7.0,19.44,29.35,3.0,3.0,8.33,12.58,6.0,6.0,16.67,25.15,1.0,1.0,2.78,4.19,0.0,0.0,0.0,0.0,6.0,6.0,16.67,25.15,2.0,2.0,5.56,8.38,63.89,25.0,38.89,100.62,14.0,14.0,38.89,8.59,8.59,0.62,0.67,0.43,0.6,0.83,0.15,1.0,0.3,0.8,0.47,2.78,0.0,0.17,5.56,1.0
113,林任鴻,新北中信特攻,24,蘇士軒,新北國王,1,26,29.0,443.96,7.4,07:24,443.96,7.4,07:24,14.0,14.0,48.28,68.11,11.0,11.0,37.93,53.52,9.0,9.0,31.03,43.79,4.0,4.0,13.79,19.46,3.0,3.0,10.34,14.6,1.0,1.0,3.45,4.87,6.0,6.0,20.69,29.19,3.0,3.0,10.34,14.6,10.0,10.0,34.48,48.65,7.0,7.0,24.14,34.06,3.0,3.0,10.34,14.6,3.0,3.0,10.34,14.6,0.0,0.0,0.0,0.0,8.0,8.0,27.59,38.92,3.0,3.0,10.34,14.6,5.0,5.0,17.24,24.33,0.0,0.0,0.0,0.0,0.0,0.0,0.0,0.0,5.0,5.0,17.24,24.33,7.0,7.0,24.14,34.06,48.28,37.93,10.34,94.06,3.0,3.0,10.34,7.4,7.4,0.61,0.52,0.33,0.5,0.7,0.18,1.25,0.27,1.0,0.43,0.0,0.0,0.17,24.14,1.11
113,林任鴻,新北中信特攻,29,林書緯,新北國王,1,39,43.0,661.92,11.03,11:02,661.92,11.03,11:02,25.0,25.0,58.14,81.58,13.0,13.0,30.23,42.42,15.0,15.0,34.88,48.95,7.0,7.0,16.28,22.84,8.0,8.0,18.6,26.11,4.0,4.0,9.3,13.05,7.0,7.0,16.28,22.84,3.0,3.0,6.98,9.79,12.0,12.0,27.91,39.16,10.0,10.0,23.26,32.63,3.0,3.0,6.98,9.79,6.0,6.0,13.95,19.58,1.0,1.0,2.33,3.26,9.0,9.0,20.93,29.37,3.0,3.0,6.98,9.79,7.0,7.0,16.28,22.84,1.0,1.0,2.33,3.26,0.0,0.0,0.0,0.0,7.0,7.0,16.28,22.84,4.0,4.0,9.3,13.05,58.14,30.23,27.91,93.55,12.0,12.0,27.91,11.03,11.03,0.57,0.62,0.5,0.43,0.83,0.13,1.0,0.25,0.86,0.47,2.33,0.0,0.16,9.3,0.8
113,林任鴻,新北中信特攻,32,奧帝,新北國王,1,29,32.0,528.1,8.8,08:48,528.1,8.8,08:48,21.0,21.0,65.62,85.89,9.0,9.0,28.12,36.81,10.0,10.0,31.25,40.9,7.0,7.0,21.88,28.63,8.0,8.0,25.0,32.72,5.0,5.0,15.62,20.45,2.0,2.0,6.25,8.18,2.0,2.0,6.25,8.18,12.0,12.0,37.5,49.08,9.0,9.0,28.12,36.81,2.0,2.0,6.25,8.18,2.0,2.0,6.25,8.18,1.0,1.0,3.12,4.09,6.0,6.0,18.75,24.54,3.0,3.0,9.38,12.27,6.0,6.0,18.75,24.54,0.0,0.0,0.0,0.0,0.0,0.0,0.0,0.0,6.0,6.0,18.75,24.54,5.0,5.0,15.62,20.45,65.62,28.12,37.5,87.26,12.0,12.0,37.5,8.8,8.8,0.8,0.69,0.62,1.0,0.75,0.16,0.86,0.25,0.67,0.36,0.0,0.0,0.19,15.62,1.2
113,林任鴻,新北中信特攻,13029,杰倫,新北國王,1,39,43.0,667.03,11.12,11:07,667.03,11.12,11:07,22.0,22.0,51.16,71.24,14.0,14.0,32.56,45.34,15.0,15.0,34.88,48.57,7.0,7.0,16.28,22.67,8.0,8.0,18.6,25.91,4.0,4.0,9.3,12.95,7.0,7.0,16.28,22.67,3.0,3.0,6.98,9.71,12.0,12.0,27.91,38.86,9.0,9.0,20.93,29.14,3.0,3.0,6.98,9.71,6.0,6.0,13.95,19.43,1.0,1.0,2.33,3.24,11.0,11.0,25.58,35.62,4.0,4.0,9.3,12.95,7.0,7.0,16.28,22.67,1.0,1.0,2.33,3.24,0.0,0.0,0.0,0.0,8.0,8.0,18.6,25.91,7.0,7.0,16.28,22.67,51.16,32.56,18.6,92.83,8.0,8.0,18.6,11.12,11.12,0.57,0.54,0.5,0.43,0.75,0.16,1.0,0.21,0.86,0.43,2.33,0.0,0.19,16.28,0.8
8889,馬可,新北中信特攻,21,李愷諺,新北國王,1,46,54.0,689.65,11.49,11:30,689.65,11.49,11:30,25.0,25.0,46.3,78.3,25.0,25.0,46.3,78.3,19.0,19.0,35.19,59.51,8.0,8.0,14.81,25.06,11.0,11.0,20.37,34.45,5.0,5.0,9.26,15.66,8.0,8.0,14.81,25.06,3.0,3.0,5.56,9.4,8.0,8.0,14.81,25.06,6.0,6.0,11.11,18.79,3.0,3.0,5.56,9.4,8.0,8.0,14.81,25.06,4.0,4.0,7.41,12.53,8.0,8.0,14.81,25.06,3.0,3.0,5.56,9.4,7.0,7.0,12.96,21.92,2.0,2.0,3.7,6.26,0.0,0.0,0.0,0.0,8.0,8.0,14.81,25.06,7.0,7.0,12.96,21.92,46.3,46.3,0.0,112.75,0.0,0.0,0.0,11.49,11.49,0.5,0.56,0.45,0.38,0.75,0.12,0.88,0.27,0.67,0.48,3.7,0.0,0.15,12.96,0.42
8889,馬可,新北中信特攻,24,蘇士軒,新北國王,1,16,18.0,277.88,4.63,04:38,277.88,4.63,04:38,11.0,11.0,61.11,85.5,7.0,7.0,38.89,54.41,5.0,5.0,27.78,38.87,3.0,3.0,16.67,23.32,3.0,3.0,16.67,23.32,1.0,1.0,5.56,7.77,2.0,2.0,11.11,15.55,2.0,2.0,11.11,15.55,8.0,8.0,44.44,62.18,5.0,5.0,27.78,38.87,2.0,2.0,11.11,15.55,1.0,1.0,5.56,7.77,0.0,0.0,0.0,0.0,4.0,4.0,22.22,31.09,2.0,2.0,11.11,15.55,4.0,4.0,22.22,31.09,0.0,0.0,0.0,0.0,0.0,0.0,0.0,0.0,4.0,4.0,22.22,31.09,5.0,5.0,27.78,38.87,61.11,38.89,22.22,93.28,4.0,4.0,22.22,4.63,4.63,0.8,0.65,0.33,1.0,0.62,0.19,1.33,0.33,1.0,0.43,0.0,0.0,0.22,27.78,1.6
8889,馬可,新北中信特攻,29,林書緯,新北國王,1,38,44.0,556.29,9.27,09:16,556.29,9.27,09:16,20.0,20.0,45.45,77.66,14.0,14.0,31.82,54.36,13.0,13.0,29.55,50.48,5.0,5.0,11.36,19.41,8.0,8.0,18.18,31.06,3.0,3.0,6.82,11.65,5.0,5.0,11.36,19.41,2.0,2.0,4.55,7.77,10.0,10.0,22.73,38.83,8.0,8.0,18.18,31.06,3.0,3.0,6.82,11.65,6.0,6.0,13.64,23.3,1.0,1.0,2.27,3.88,9.0,9.0,20.45,34.95,4.0,4.0,9.09,15.53,6.0,6.0,13.64,23.3,2.0,2.0,4.55,7.77,0.0,0.0,0.0,0.0,10.0,10.0,22.73,38.83,5.0,5.0,11.36,19.41,45.45,31.82,13.64,113.9,6.0,6.0,13.64,9.27,9.27,0.46,0.57,0.38,0.4,0.8,0.19,1.2,0.25,0.86,0.47,4.55,0.0,0.23,11.36,0.77
8889,馬可,新北中信特攻,32,奧帝,新北國王,1,33,38.0,560.48,9.34,09:20,560.48,9.34,09:20,18.0,18.0,47.37,69.37,22.0,22.0,57.89,84.78,12.0,12.0,31.58,46.25,6.0,6.0,15.79,23.12,8.0,8.0,21.05,30.83,4.0,4.0,10.53,15.42,4.0,4.0,10.53,15.42,2.0,2.0,5.26,7.71,9.0,9.0,23.68,34.68,6.0,6.0,15.79,23.12,2.0,2.0,5.26,7.71,4.0,4.0,10.53,15.42,2.0,2.0,5.26,7.71,5.0,5.0,13.16,19.27,3.0,3.0,7.89,11.56,7.0,7.0,18.42,26.98,0.0,0.0,0.0,0.0,0.0,0.0,0.0,0.0,6.0,6.0,15.79,23.12,9.0,9.0,23.68,34.68,47.37,57.89,-10.53,97.63,-4.0,-4.0,-10.53,9.34,9.34,0.58,0.56,0.5,0.5,0.67,0.16,1.17,0.29,0.67,0.46,0.0,0.0,0.16,23.68,0.75
8889,馬可,新北中信特攻,13029,杰倫,新北國王,1,43,50.0,680.72,11.35,11:21,680.72,11.35,11:21,23.0,23.0,46.0,72.98,15.0,15.0,30.0,47.6,15.0,15.0,30.0,47.6,7.0,7.0,14.0,22.21,9.0,9.0,18.0,28.56,4.0,4.0,8.0,12.69,6.0,6.0,12.0,19.04,3.0,3.0,6.0,9.52,11.0,11.0,22.0,34.9,8.0,8.0,16.0,25.38,3.0,3.0,6.0,9.52,6.0,6.0,12.0,19.04,3.0,3.0,6.0,9.52,11.0,11.0,22.0,34.9,5.0,5.0,10.0,15.87,6.0,6.0,12.0,19.04,2.0,2.0,4.0,6.35,0.0,0.0,0.0,0.0,10.0,10.0,20.0,31.73,6.0,6.0,12.0,19.04,46.0,30.0,16.0,105.77,8.0,8.0,16.0,11.35,11.35,0.57,0.58,0.44,0.5,0.73,0.2,0.86,0.21,0.67,0.39,4.0,0.0,0.2,12.0,0.73
10877,阿巴西,新北中信特攻,21,李愷諺,新北國王,1,93,109.0,1453.17,24.22,24:13,1453.17,24.22,24:13,46.0,46.0,42.2,68.37,47.0,47.0,43.12,69.86,42.0,42.0,38.53,62.43,15.0,15.0,13.76,22.3,22.0,22.0,20.18,32.7,9.0,9.0,8.26,13.38,20.0,20.0,18.35,29.73,6.0,6.0,5.5,8.92,11.0,11.0,10.09,16.35,9.0,9.0,8.26,13.38,8.0,8.0,7.34,11.89,17.0,17.0,15.6,25.27,5.0,5.0,4.59,7.43,19.0,19.0,17.43,28.24,8.0,8.0,7.34,11.89,12.0,12.0,11.01,17.84,5.0,5.0,4.59,7.43,1.0,1.0,0.92,1.49,15.0,15.0,13.76,22.3,14.0,14.0,12.84,20.81,42.2,43.12,-0.92,108.01,-1.0,-1.0,-0.92,24.22,24.22,0.43,0.49,0.41,0.3,0.82,0.15,0.8,0.3,0.77,0.51,4.59,0.92,0.14,12.84,0.26
10877,阿巴西,新北中信特攻,24,蘇士軒,新北國王,1,66,76.0,1051.28,17.52,17:31,1051.28,17.52,17:31,35.0,35.0,46.05,71.91,35.0,35.0,46.05,71.91,31.0,31.0,40.79,63.69,12.0,12.0,15.79,24.66,11.0,11.0,14.47,22.6,5.0,5.0,6.58,10.27,20.0,20.0,26.32,41.09,7.0,7.0,9.21,14.38,9.0,9.0,11.84,18.49,6.0,6.0,7.89,12.33,7.0,7.0,9.21,14.38,14.0,14.0,18.42,28.76,0.0,0.0,0.0,0.0,13.0,13.0,17.11,26.71,6.0,6.0,7.89,12.33,11.0,11.0,14.47,22.6,4.0,4.0,5.26,8.22,1.0,1.0,1.32,2.05,9.0,9.0,11.84,18.49,10.0,10.0,13.16,20.55,46.05,46.05,0.0,104.1,0.0,0.0,0.0,17.52,17.52,0.5,0.5,0.45,0.35,0.67,0.15,0.92,0.35,1.0,0.62,5.26,1.32,0.12,13.16,0.29
10877,阿巴西,新北中信特攻,29,林書緯,新北國王,1,149,173.0,2287.4,38.12,38:07,2287.4,38.12,38:07,71.0,71.0,41.04,67.05,78.0,78.0,45.09,73.66,67.0,67.0,38.73,63.27,23.0,23.0,13.29,21.72,32.0,32.0,18.5,30.22,14.0,14.0,8.09,13.22,35.0,35.0,20.23,33.05,9.0,9.0,5.2,8.5,17.0,17.0,9.83,16.05,13.0,13.0,7.51,12.28,13.0,13.0,7.51,12.28,34.0,34.0,19.65,32.11,6.0,6.0,3.47,5.67,29.0,29.0,16.76,27.38,11.0,11.0,6.36,10.39,17.0,17.0,9.83,16.05,6.0,6.0,3.47,5.67,3.0,3.0,1.73,2.83,19.0,19.0,10.98,17.94,23.0,23.0,13.29,21.72,41.04,45.09,-4.05,108.91,-7.0,-7.0,-4.05,38.12,38.12,0.41,0.48,0.44,0.26,0.76,0.13,0.74,0.31,0.85,0.57,3.47,1.73,0.11,13.29,0.25
10877,阿巴西,新北中信特攻,32,奧帝,新北國王,1,115,135.0,1752.66,29.21,29:13,1752.66,29.21,29:13,56.0,56.0,41.48,69.02,73.0,73.0,54.07,89.97,54.0,54.0,40.0,66.55,18.0,18.0,13.33,22.18,27.0,27.0,20.0,33.28,11.0,11.0,8.15,13.56,27.0,27.0,20.0,33.28,7.0,7.0,5.19,8.63,13.0,13.0,9.63,16.02,10.0,10.0,7.41,12.32,11.0,11.0,8.15,13.56,26.0,26.0,19.26,32.04,6.0,6.0,4.44,7.39,19.0,19.0,14.07,23.42,7.0,7.0,5.19,8.63,15.0,15.0,11.11,18.49,3.0,3.0,2.22,3.7,3.0,3.0,2.22,3.7,13.0,13.0,9.63,16.02,21.0,21.0,15.56,25.88,41.48,54.07,-12.59,110.92,-17.0,-17.0,-12.59,29.21,29.21,0.4,0.47,0.41,0.26,0.77,0.1,0.83,0.37,0.81,0.6,2.22,2.22,0.1,15.56,0.24
10877,阿巴西,新北中信特攻,13029,杰倫,新北國王,1,107,125.0,1685.58,28.09,28:06,1685.58,28.09,28:06,54.0,54.0,43.2,69.2,47.0,47.0,37.6,60.23,49.0,49.0,39.2,62.79,19.0,19.0,15.2,24.35,22.0,22.0,17.6,28.19,11.0,11.0,8.8,14.1,27.0,27.0,21.6,34.6,8.0,8.0,6.4,10.25,13.0,13.0,10.4,16.66,10.0,10.0,8.0,12.81,9.0,9.0,7.2,11.53,22.0,22.0,17.6,28.19,5.0,5.0,4.0,6.41,23.0,23.0,18.4,29.47,9.0,9.0,7.2,11.53,14.0,14.0,11.2,17.94,6.0,6.0,4.8,7.69,1.0,1.0,0.8,1.28,16.0,16.0,12.8,20.5,13.0,13.0,10.4,16.66,43.2,37.6,5.6,106.79,7.0,7.0,5.6,28.09,28.09,0.47,0.49,0.5,0.3,0.77,0.14,0.74,0.28,0.81,0.53,4.8,0.8,0.13,10.4,0.27
10881,飛克,新北中信特攻,21,李愷諺,新北國王,1,89,104.0,1443.61,24.06,24:04,1443.61,24.06,24:04,50.0,50.0,48.08,74.81,37.0,37.0,35.58,55.36,39.0,39.0,37.5,58.35,15.0,15.0,14.42,22.44,20.0,20.0,19.23,29.93,9.0,9.0,8.65,13.47,19.0,19.0,18.27,28.43,6.0,6.0,5.77,8.98,17.0,17.0,16.35,25.44,14.0,14.0,13.46,20.95,9.0,9.0,8.65,13.47,16.0,16.0,15.38,23.94,3.0,3.0,2.88,4.49,21.0,21.0,20.19,31.42,8.0,8.0,7.69,11.97,13.0,13.0,12.5,19.45,5.0,5.0,4.81,7.48,1.0,1.0,0.96,1.5,14.0,14.0,13.46,20.95,9.0,9.0,8.65,13.47,48.08,35.58,12.5,103.74,13.0,13.0,12.5,24.06,24.06,0.46,0.54,0.45,0.32,0.82,0.15,0.87,0.3,0.84,0.51,4.81,0.96,0.13,8.65,0.44
10881,飛克,新北中信特攻,24,蘇士軒,新北國王,1,76,88.0,1208.82,20.15,20:09,1208.82,20.15,20:09,38.0,38.0,43.18,67.9,35.0,35.0,39.77,62.54,35.0,35.0,39.77,62.54,13.0,13.0,14.77,23.23,13.0,13.0,14.77,23.23,5.0,5.0,5.68,8.93,22.0,22.0,25.0,39.31,8.0,8.0,9.09,14.29,11.0,11.0,12.5,19.66,7.0,7.0,7.95,12.51,8.0,8.0,9.09,14.29,17.0,17.0,19.32,30.38,0.0,0.0,0.0,0.0,18.0,18.0,20.45,32.16,7.0,7.0,7.95,12.51,12.0,12.0,13.64,21.44,4.0,4.0,4.55,7.15,1.0,1.0,1.14,1.79,10.0,10.0,11.36,17.87,10.0,10.0,11.36,17.87,43.18,39.77,3.41,104.83,3.0,3.0,3.41,20.15,20.15,0.49,0.48,0.38,0.36,0.64,0.15,0.92,0.31,1.0,0.58,4.55,1.14,0.11,11.36,0.31
10881,飛克,新北中信特攻,29,林書緯,新北國王,1,148,171.0,2274.19,37.9,37:54,2274.19,37.9,37:54,74.0,74.0,43.27,70.28,71.0,71.0,41.52,67.43,66.0,66.0,38.6,62.69,23.0,23.0,13.45,21.85,31.0,31.0,18.13,29.44,13.0,13.0,7.6,12.35,35.0,35.0,20.47,33.24,10.0,10.0,5.85,9.5,21.0,21.0,12.28,19.95,16.0,16.0,9.36,15.2,13.0,13.0,7.6,12.35,34.0,34.0,19.88,32.29,5.0,5.0,2.92,4.75,31.0,31.0,18.13,29.44,11.0,11.0,6.43,10.45,17.0,17.0,9.94,16.15,6.0,6.0,3.51,5.7,3.0,3.0,1.75,2.85,17.0,17.0,9.94,16.15,18.0,18.0,10.53,17.1,43.27,41.52,1.75,108.28,3.0,3.0,1.75,37.9,37.9,0.42,0.49,0.42,0.29,0.76,0.13,0.74,0.3,0.87,0.57,3.51,1.75,0.1,10.53,0.32
10881,飛克,新北中信特攻,32,奧帝,新北國王,1,118,138.0,1838.14,30.64,30:38,1838.14,30.64,30:38,61.0,61.0,44.2,71.68,64.0,64.0,46.38,75.21,55.0,55.0,39.86,64.63,20.0,20.0,14.49,23.5,29.0,29.0,21.01,34.08,13.0,13.0,9.42,15.28,26.0,26.0,18.84,30.55,7.0,7.0,5.07,8.23,16.0,16.0,11.59,18.8,12.0,12.0,8.7,14.1,11.0,11.0,7.97,12.93,27.0,27.0,19.57,31.73,6.0,6.0,4.35,7.05,22.0,22.0,15.94,25.85,7.0,7.0,5.07,8.23,16.0,16.0,11.59,18.8,3.0,3.0,2.17,3.53,3.0,3.0,2.17,3.53,12.0,12.0,8.7,14.1,17.0,17.0,12.32,19.98,44.2,46.38,-2.17,108.11,-3.0,-3.0,-2.17,30.64,30.64,0.43,0.49,0.45,0.27,0.75,0.1,0.8,0.33,0.82,0.58,2.17,2.17,0.09,12.32,0.29
10881,飛克,新北中信特攻,13029,杰倫,新北國王,1,103,119.0,1604.34,26.74,26:44,1604.34,26.74,26:44,51.0,51.0,42.86,68.66,42.0,42.0,35.29,56.55,46.0,46.0,38.66,61.93,17.0,17.0,14.29,22.89,21.0,21.0,17.65,28.27,9.0,9.0,7.56,12.12,25.0,25.0,21.01,33.66,8.0,8.0,6.72,10.77,16.0,16.0,13.45,21.54,12.0,12.0,10.08,16.16,9.0,9.0,7.56,12.12,23.0,23.0,19.33,30.97,2.0,2.0,1.68,2.69,25.0,25.0,21.01,33.66,9.0,9.0,7.56,12.12,14.0,14.0,11.76,18.85,6.0,6.0,5.04,8.08,1.0,1.0,0.84,1.35,15.0,15.0,12.61,20.2,12.0,12.0,10.08,16.16,42.86,35.29,7.56,106.81,9.0,9.0,7.56,26.74,26.74,0.46,0.48,0.43,0.32,0.75,0.15,0.82,0.26,0.92,0.54,5.04,0.84,0.13,10.08,0.35
21,李愷諺,新北國王,40,謝亞軒,新北中信特攻,1,93,106.0,1454.26,24.24,24:14,1454.26,24.24,24:14,47.0,47.0,44.34,69.81,50.0,50.0,47.17,74.26,39.0,39.0,36.79,57.93,16.0,16.0,15.09,23.76,18.0,18.0,16.98,26.74,10.0,10.0,9.43,14.85,21.0,21.0,19.81,31.19,6.0,6.0,5.66,8.91,12.0,12.0,11.32,17.82,9.0,9.0,8.49,13.37,5.0,5.0,4.72,7.43,19.0,19.0,17.92,28.22,5.0,5.0,4.72,7.43,15.0,15.0,14.15,22.28,6.0,6.0,5.66,8.91,12.0,12.0,11.32,17.82,0.0,0.0,0.0,0.0,0.0,0.0,0.0,0.0,14.0,14.0,13.21,20.79,17.0,17.0,16.04,25.25,44.34,47.17,-2.83,104.96,-3.0,-3.0,-2.83,24.24,24.24,0.49,0.53,0.56,0.29,0.75,0.12,0.75,0.25,0.79,0.55,0.0,0.0,0.13,16.04,0.31
21,李愷諺,新北國王,113,林任鴻,新北中信特攻,1,32,36.0,515.22,8.59,08:35,515.22,8.59,08:35,9.0,9.0,25.0,37.73,23.0,23.0,63.89,96.43,11.0,11.0,30.56,46.12,4.0,4.0,11.11,16.77,4.0,4.0,11.11,16.77,3.0,3.0,8.33,12.58,7.0,7.0,19.44,29.35,1.0,1.0,2.78,4.19,2.0,2.0,5.56,8.38,0.0,0.0,0.0,0.0,1.0,1.0,2.78,4.19,7.0,7.0,19.44,29.35,3.0,3.0,8.33,12.58,4.0,4.0,11.11,16.77,4.0,4.0,11.11,16.77,4.0,4.0,11.11,16.77,0.0,0.0,0.0,0.0,0.0,0.0,0.0,0.0,2.0,2.0,5.56,8.38,12.0,12.0,33.33,50.31,25.0,63.89,-38.89,100.62,-14.0,-14.0,-38.89,8.59,8.59,0.41,0.38,0.75,0.14,0.0,0.25,1.0,0.2,0.7,0.53,0.0,0.0,0.06,33.33,0.18
21,李愷諺,新北國王,8889,馬可,新北中信特攻,1,46,54.0,689.65,11.49,11:30,689.65,11.49,11:30,25.0,25.0,46.3,78.3,25.0,25.0,46.3,78.3,20.0,20.0,37.04,62.64,9.0,9.0,16.67,28.19,11.0,11.0,20.37,34.45,6.0,6.0,11.11,18.79,9.0,9.0,16.67,28.19,3.0,3.0,5.56,9.4,7.0,7.0,12.96,21.92,4.0,4.0,7.41,12.53,4.0,4.0,7.41,12.53,8.0,8.0,14.81,25.06,3.0,3.0,5.56,9.4,8.0,8.0,14.81,25.06,3.0,3.0,5.56,9.4,8.0,8.0,14.81,25.06,0.0,0.0,0.0,0.0,0.0,0.0,0.0,0.0,6.0,6.0,11.11,18.79,8.0,8.0,14.81,25.06,46.3,46.3,0.0,112.75,0.0,0.0,0.0,11.49,11.49,0.52,0.54,0.55,0.33,0.57,0.12,0.89,0.33,0.73,0.52,0.0,0.0,0.11,14.81,0.35
21,李愷諺,新北國王,10877,阿巴西,新北中信特攻,1,93,109.0,1453.17,24.22,24:13,1453.17,24.22,24:13,47.0,47.0,43.12,69.86,46.0,46.0,42.2,68.37,38.0,38.0,34.86,56.48,15.0,15.0,13.76,22.3,18.0,18.0,16.51,26.76,9.0,9.0,8.26,13.38,20.0,20.0,18.35,29.73,6.0,6.0,5.5,8.92,14.0,14.0,12.84,20.81,11.0,11.0,10.09,16.35,5.0,5.0,4.59,7.43,19.0,19.0,17.43,28.24,8.0,8.0,7.34,11.89,17.0,17.0,15.6,25.27,5.0,5.0,4.59,7.43,11.0,11.0,10.09,16.35,0.0,0.0,0.0,0.0,0.0,0.0,0.0,0.0,16.0,16.0,14.68,23.78,11.0,11.0,10.09,16.35,43.12,42.2,0.92,108.01,1.0,1.0,0.92,24.22,24.22,0.47,0.53,0.5,0.3,0.79,0.1,0.73,0.23,0.7,0.49,0.0,0.0,0.15,10.09,0.37
21,李愷諺,新北國王,10881,飛克,新北中信特攻,1,89,104.0,1443.61,24.06,24:04,1443.61,24.06,24:04,37.0,37.0,35.58,55.36,50.0,50.0,48.08,74.81,36.0,36.0,34.62,53.87,13.0,13.0,12.5,19.45,15.0,15.0,14.42,22.44,8.0,8.0,7.69,11.97,21.0,21.0,20.19,31.42,5.0,5.0,4.81,7.48,9.0,9.0,8.65,13.47,6.0,6.0,5.77,8.98,3.0,3.0,2.88,4.49,21.0,21.0,20.19,31.42,9.0,9.0,8.65,13.47,16.0,16.0,15.38,23.94,6.0,6.0,5.77,8.98,9.0,9.0,8.65,13.47,0.0,0.0,0.0,0.0,0.0,0.0,0.0,0.0,13.0,13.0,12.5,19.45,17.0,17.0,16.35,25.44,35.58,48.08,-12.5,103.74,-13.0,-13.0,-12.5,24.06,24.06,0.43,0.46,0.53,0.24,0.67,0.13,0.69,0.16,0.7,0.49,0.0,0.0,0.12,16.35,0.25
24,蘇士軒,新北國王,40,謝亞軒,新北中信特攻,1,67,76.0,1083.11,18.05,18:03,1083.11,18.05,18:03,33.0,33.0,43.42,65.81,36.0,36.0,47.37,71.79,26.0,26.0,34.21,51.85,12.0,12.0,15.79,23.93,13.0,13.0,17.11,25.93,9.0,9.0,11.84,17.95,13.0,13.0,17.11,25.93,3.0,3.0,3.95,5.98,8.0,8.0,10.53,15.95,6.0,6.0,7.89,11.97,0.0,0.0,0.0,0.0,15.0,15.0,19.74,29.91,5.0,5.0,6.58,9.97,13.0,13.0,17.11,25.93,5.0,5.0,6.58,9.97,8.0,8.0,10.53,15.95,2.0,2.0,2.63,3.99,1.0,1.0,1.32,1.99,10.0,10.0,13.16,19.94,11.0,11.0,14.47,21.94,43.42,47.37,-3.95,101.04,-3.0,-3.0,-3.95,18.05,18.05,0.52,0.56,0.69,0.23,0.75,0.14,0.67,0.0,0.75,0.45,2.63,1.32,0.13,14.47,0.31
24,蘇士軒,新北國王,113,林任鴻,新北中信特攻,1,26,29.0,443.96,7.4,07:24,443.96,7.4,07:24,11.0,11.0,37.93,53.52,14.0,14.0,48.28,68.11,10.0,10.0,34.48,48.65,4.0,4.0,13.79,19.46,5.0,5.0,17.24,24.33,4.0,4.0,13.79,19.46,5.0,5.0,17.24,24.33,0.0,0.0,0.0,0.0,7.0,7.0,24.14,34.06,3.0,3.0,10.34,14.6,0.0,0.0,0.0,0.0,8.0,8.0,27.59,38.92,3.0,3.0,10.34,14.6,3.0,3.0,10.34,14.6,1.0,1.0,3.45,4.87,4.0,4.0,13.79,19.46,0.0,0.0,0.0,0.0,0.0,0.0,0.0,0.0,4.0,4.0,13.79,19.46,10.0,10.0,34.48,48.65,37.93,48.28,-10.34,94.06,-3.0,-3.0,-10.34,7.4,7.4,0.4,0.42,0.8,0.0,0.43,0.07,1.0,0.0,0.73,0.57,0.0,0.0,0.14,34.48,0.7
24,蘇士軒,新北國王,8889,馬可,新北中信特攻,1,16,18.0,277.88,4.63,04:38,277.88,4.63,04:38,7.0,7.0,38.89,54.41,11.0,11.0,61.11,85.5,5.0,5.0,27.78,38.87,3.0,3.0,16.67,23.32,4.0,4.0,22.22,31.09,3.0,3.0,16.67,23.32,1.0,1.0,5.56,7.77,0.0,0.0,0.0,0.0,5.0,5.0,27.78,38.87,1.0,1.0,5.56,7.77,0.0,0.0,0.0,0.0,4.0,4.0,22.22,31.09,2.0,2.0,11.11,15.55,1.0,1.0,5.56,7.77,1.0,1.0,5.56,7.77,3.0,3.0,16.67,23.32,0.0,0.0,0.0,0.0,0.0,0.0,0.0,0.0,4.0,4.0,22.22,31.09,8.0,8.0,44.44,62.18,38.89,61.11,-22.22,93.28,-4.0,-4.0,-22.22,4.63,4.63,0.6,0.49,0.75,0.0,0.2,0.12,1.0,0.0,0.67,0.57,0.0,0.0,0.22,44.44,1.0
24,蘇士軒,新北國王,10877,阿巴西,新北中信特攻,1,66,76.0,1051.28,17.52,17:31,1051.28,17.52,17:31,35.0,35.0,46.05,71.91,35.0,35.0,46.05,71.91,24.0,24.0,31.58,49.31,12.0,12.0,15.79,24.66,13.0,13.0,17.11,26.71,9.0,9.0,11.84,18.49,11.0,11.0,14.47,22.6,3.0,3.0,3.95,6.16,10.0,10.0,13.16,20.55,8.0,8.0,10.53,16.44,0.0,0.0,0.0,0.0,13.0,13.0,17.11,26.71,7.0,7.0,9.21,14.38,14.0,14.0,18.42,28.76,4.0,4.0,5.26,8.22,8.0,8.0,10.53,16.44,2.0,2.0,2.63,4.11,1.0,1.0,1.32,2.05,9.0,9.0,11.84,18.49,9.0,9.0,11.84,18.49,46.05,46.05,0.0,104.1,0.0,0.0,0.0,17.52,17.52,0.56,0.62,0.69,0.27,0.8,0.12,0.67,0.0,0.65,0.38,2.63,1.32,0.12,11.84,0.42
24,蘇士軒,新北國王,10881,飛克,新北中信特攻,1,76,88.0,1208.82,20.15,20:09,1208.82,20.15,20:09,35.0,35.0,39.77,62.54,38.0,38.0,43.18,67.9,29.0,29.0,32.95,51.82,12.0,12.0,13.64,21.44,14.0,14.0,15.91,25.02,9.0,9.0,10.23,16.08,15.0,15.0,17.05,26.8,3.0,3.0,3.41,5.36,10.0,10.0,11.36,17.87,8.0,8.0,9.09,14.29,0.0,0.0,0.0,0.0,18.0,18.0,20.45,32.16,8.0,8.0,9.09,14.29,17.0,17.0,19.32,30.38,5.0,5.0,5.68,8.93,8.0,8.0,9.09,14.29,2.0,2.0,2.27,3.57,1.0,1.0,1.14,1.79,11.0,11.0,12.5,19.66,11.0,11.0,12.5,19.66,39.77,43.18,-3.41,104.83,-3.0,-3.0,-3.41,20.15,20.15,0.47,0.52,0.64,0.2,0.8,0.13,0.67,0.0,0.69,0.42,2.27,1.14,0.12,12.5,0.34
29,林書緯,新北國王,40,謝亞軒,新北中信特攻,1,121,136.0,1833.2,30.55,30:33,1833.2,30.55,30:33,57.0,57.0,41.91,67.16,59.0,59.0,43.38,69.52,47.0,47.0,34.56,55.38,19.0,19.0,13.97,22.39,22.0,22.0,16.18,25.92,13.0,13.0,9.56,15.32,25.0,25.0,18.38,29.46,6.0,6.0,4.41,7.07,15.0,15.0,11.03,17.67,13.0,13.0,9.56,15.32,3.0,3.0,2.21,3.53,26.0,26.0,19.12,30.63,6.0,6.0,4.41,7.07,22.0,22.0,16.18,25.92,10.0,10.0,7.35,11.78,15.0,15.0,11.03,17.67,3.0,3.0,2.21,3.53,1.0,1.0,0.74,1.18,15.0,15.0,11.03,17.67,20.0,20.0,14.71,23.57,41.91,43.38,-1.47,106.83,-2.0,-2.0,-1.47,30.55,30.55,0.47,0.53,0.59,0.24,0.87,0.16,0.79,0.12,0.81,0.51,2.21,0.74,0.11,14.71,0.32
29,林書緯,新北國王,113,林任鴻,新北中信特攻,1,39,43.0,661.92,11.03,11:02,661.92,11.03,11:02,13.0,13.0,30.23,42.42,25.0,25.0,58.14,81.58,15.0,15.0,34.88,48.95,6.0,6.0,13.95,19.58,6.0,6.0,13.95,19.58,5.0,5.0,11.63,16.32,9.0,9.0,20.93,29.37,1.0,1.0,2.33,3.26,4.0,4.0,9.3,13.05,2.0,2.0,4.65,6.53,1.0,1.0,2.33,3.26,9.0,9.0,20.93,29.37,3.0,3.0,6.98,9.79,6.0,6.0,13.95,19.58,4.0,4.0,9.3,13.05,6.0,6.0,13.95,19.58,0.0,0.0,0.0,0.0,0.0,0.0,0.0,0.0,3.0,3.0,6.98,9.79,12.0,12.0,27.91,39.16,30.23,58.14,-27.91,93.55,-12.0,-12.0,-27.91,11.03,11.03,0.43,0.39,0.83,0.11,0.5,0.19,1.0,0.14,0.75,0.53,0.0,0.0,0.07,27.91,0.27
29,林書緯,新北國王,8889,馬可,新北中信特攻,1,38,44.0,556.29,9.27,09:16,556.29,9.27,09:16,14.0,14.0,31.82,54.36,20.0,20.0,45.45,77.66,14.0,14.0,31.82,54.36,5.0,5.0,11.36,19.41,7.0,7.0,15.91,27.18,4.0,4.0,9.09,15.53,7.0,7.0,15.91,27.18,1.0,1.0,2.27,3.88,5.0,5.0,11.36,19.41,3.0,3.0,6.82,11.65,1.0,1.0,2.27,3.88,9.0,9.0,20.45,34.95,3.0,3.0,6.82,11.65,6.0,6.0,13.64,23.3,3.0,3.0,6.82,11.65,5.0,5.0,11.36,19.41,0.0,0.0,0.0,0.0,0.0,0.0,0.0,0.0,4.0,4.0,9.09,15.53,10.0,10.0,22.73,38.83,31.82,45.45,-13.64,113.9,-6.0,-6.0,-13.64,9.27,9.27,0.39,0.43,0.57,0.14,0.6,0.16,1.0,0.14,0.75,0.53,0.0,0.0,0.09,22.73,0.36
29,林書緯,新北國王,10877,阿巴西,新北中信特攻,1,149,173.0,2287.4,38.12,38:07,2287.4,38.12,38:07,78.0,78.0,45.09,73.66,71.0,71.0,41.04,67.05,57.0,57.0,32.95,53.83,23.0,23.0,13.29,21.72,24.0,24.0,13.87,22.66,12.0,12.0,6.94,11.33,33.0,33.0,19.08,31.16,11.0,11.0,6.36,10.39,23.0,23.0,13.29,21.72,19.0,19.0,10.98,17.94,6.0,6.0,3.47,5.67,29.0,29.0,16.76,27.38,13.0,13.0,7.51,12.28,34.0,34.0,19.65,32.11,11.0,11.0,6.36,10.39,18.0,18.0,10.4,17.0,5.0,5.0,2.89,4.72,1.0,1.0,0.58,0.94,17.0,17.0,9.83,16.05,17.0,17.0,9.83,16.05,45.09,41.04,4.05,108.91,7.0,7.0,4.05,38.12,38.12,0.5,0.58,0.5,0.33,0.83,0.14,0.78,0.15,0.69,0.43,2.89,0.58,0.1,9.83,0.4
29,林書緯,新北國王,10881,飛克,新北中信特攻,1,148,171.0,2274.19,37.9,37:54,2274.19,37.9,37:54,71.0,71.0,41.52,67.43,74.0,74.0,43.27,70.28,58.0,58.0,33.92,55.09,23.0,23.0,13.45,21.85,23.0,23.0,13.45,21.85,12.0,12.0,7.02,11.4,35.0,35.0,20.47,33.24,11.0,11.0,6.43,10.45,18.0,18.0,10.53,17.1,14.0,14.0,8.19,13.3,5.0,5.0,2.92,4.75,31.0,31.0,18.13,29.44,13.0,13.0,7.6,12.35,34.0,34.0,19.88,32.29,12.0,12.0,7.02,11.4,18.0,18.0,10.53,17.1,5.0,5.0,2.92,4.75,1.0,1.0,0.58,0.95,18.0,18.0,10.53,17.1,21.0,21.0,12.28,19.95,41.52,43.27,-1.75,108.28,-3.0,-3.0,-1.75,37.9,37.9,0.49,0.54,0.52,0.31,0.78,0.15,0.78,0.13,0.7,0.43,2.92,0.58,0.11,12.28,0.31
32,奧帝,新北國王,40,謝亞軒,新北中信特攻,1,89,101.0,1399.44,23.32,23:19,1399.44,23.32,23:19,54.0,54.0,53.47,83.35,43.0,43.0,42.57,66.37,37.0,37.0,36.63,57.11,19.0,19.0,18.81,29.33,20.0,20.0,19.8,30.87,13.0,13.0,12.87,20.07,17.0,17.0,16.83,26.24,6.0,6.0,5.94,9.26,13.0,13.0,12.87,20.07,10.0,10.0,9.9,15.43,4.0,4.0,3.96,6.17,15.0,15.0,14.85,23.15,4.0,4.0,3.96,6.17,16.0,16.0,15.84,24.7,7.0,7.0,6.93,10.8,15.0,15.0,14.85,23.15,1.0,1.0,0.99,1.54,1.0,1.0,0.99,1.54,14.0,14.0,13.86,21.61,14.0,14.0,13.86,21.61,53.47,42.57,10.89,103.93,11.0,11.0,10.89,23.32,23.32,0.59,0.63,0.65,0.35,0.77,0.14,0.79,0.2,0.79,0.49,0.99,0.99,0.14,13.86,0.35
32,奧帝,新北國王,113,林任鴻,新北中信特攻,1,29,32.0,528.1,8.8,08:48,528.1,8.8,08:48,9.0,9.0,28.12,36.81,21.0,21.0,65.62,85.89,10.0,10.0,31.25,40.9,5.0,5.0,15.62,20.45,6.0,6.0,18.75,24.54,5.0,5.0,15.62,20.45,4.0,4.0,12.5,16.36,0.0,0.0,0.0,0.0,5.0,5.0,15.62,20.45,1.0,1.0,3.12,4.09,1.0,1.0,3.12,4.09,6.0,6.0,18.75,24.54,2.0,2.0,6.25,8.18,2.0,2.0,6.25,8.18,4.0,4.0,12.5,16.36,5.0,5.0,15.62,20.45,0.0,0.0,0.0,0.0,0.0,0.0,0.0,0.0,6.0,6.0,18.75,24.54,12.0,12.0,37.5,49.08,28.12,65.62,-37.5,87.26,-12.0,-12.0,-37.5,8.8,8.8,0.5,0.37,0.83,0.0,0.2,0.25,1.0,0.33,0.75,0.64,0.0,0.0,0.19,37.5,0.5
32,奧帝,新北國王,8889,馬可,新北中信特攻,1,33,38.0,560.48,9.34,09:20,560.48,9.34,09:20,22.0,22.0,57.89,84.78,18.0,18.0,47.37,69.37,13.0,13.0,34.21,50.1,8.0,8.0,21.05,30.83,8.0,8.0,21.05,30.83,6.0,6.0,15.79,23.12,5.0,5.0,13.16,19.27,2.0,2.0,5.26,7.71,9.0,9.0,23.68,34.68,4.0,4.0,10.53,15.42,2.0,2.0,5.26,7.71,5.0,5.0,13.16,19.27,2.0,2.0,5.26,7.71,4.0,4.0,10.53,15.42,2.0,2.0,5.26,7.71,8.0,8.0,21.05,30.83,0.0,0.0,0.0,0.0,0.0,0.0,0.0,0.0,6.0,6.0,15.79,23.12,9.0,9.0,23.68,34.68,57.89,47.37,10.53,97.63,4.0,4.0,10.53,9.34,9.34,0.69,0.65,0.75,0.4,0.44,0.11,1.0,0.33,0.71,0.54,0.0,0.0,0.16,23.68,0.69
32,奧帝,新北國王,10877,阿巴西,新北中信特攻,1,115,135.0,1752.66,29.21,29:13,1752.66,29.21,29:13,73.0,73.0,54.07,89.97,56.0,56.0,41.48,69.02,46.0,46.0,34.07,56.69,22.0,22.0,16.3,27.11,20.0,20.0,14.81,24.65,11.0,11.0,8.15,13.56,26.0,26.0,19.26,32.04,11.0,11.0,8.15,13.56,21.0,21.0,15.56,25.88,16.0,16.0,11.85,19.72,6.0,6.0,4.44,7.39,19.0,19.0,14.07,23.42,11.0,11.0,8.15,13.56,26.0,26.0,19.26,32.04,7.0,7.0,5.19,8.63,18.0,18.0,13.33,22.18,3.0,3.0,2.22,3.7,1.0,1.0,0.74,1.23,15.0,15.0,11.11,18.49,13.0,13.0,9.63,16.02,54.07,41.48,12.59,110.92,17.0,17.0,12.59,29.21,29.21,0.6,0.66,0.55,0.42,0.76,0.11,0.82,0.19,0.63,0.4,2.22,0.74,0.11,9.63,0.46
32,奧帝,新北國王,10881,飛克,新北中信特攻,1,118,138.0,1838.14,30.64,30:38,1838.14,30.64,30:38,64.0,64.0,46.38,75.21,61.0,61.0,44.2,71.68,48.0,48.0,34.78,56.4,21.0,21.0,15.22,24.68,21.0,21.0,15.22,24.68,11.0,11.0,7.97,12.93,27.0,27.0,19.57,31.73,10.0,10.0,7.25,11.75,17.0,17.0,12.32,19.98,12.0,12.0,8.7,14.1,6.0,6.0,4.35,7.05,22.0,22.0,15.94,25.85,11.0,11.0,7.97,12.93,27.0,27.0,19.57,31.73,9.0,9.0,6.52,10.58,16.0,16.0,11.59,18.8,3.0,3.0,2.17,3.53,1.0,1.0,0.72,1.18,16.0,16.0,11.59,18.8,16.0,16.0,11.59,18.8,46.38,44.2,2.17,108.11,3.0,3.0,2.17,30.64,30.64,0.54,0.58,0.52,0.37,0.71,0.14,0.76,0.18,0.67,0.42,2.17,0.72,0.12,11.59,0.35
13029,杰倫,新北國王,40,謝亞軒,新北中信特攻,1,103,118.0,1601.18,26.69,26:41,1601.18,26.69,26:41,43.0,43.0,36.44,58.01,55.0,55.0,46.61,74.2,43.0,43.0,36.44,58.01,16.0,16.0,13.56,21.58,21.0,21.0,17.8,28.33,12.0,12.0,10.17,16.19,22.0,22.0,18.64,29.68,4.0,4.0,3.39,5.4,11.0,11.0,9.32,14.84,9.0,9.0,7.63,12.14,4.0,4.0,3.39,5.4,24.0,24.0,20.34,32.38,6.0,6.0,5.08,8.09,19.0,19.0,16.1,25.63,7.0,7.0,5.93,9.44,11.0,11.0,9.32,14.84,2.0,2.0,1.69,2.7,1.0,1.0,0.85,1.35,15.0,15.0,12.71,20.24,17.0,17.0,14.41,22.93,36.44,46.61,-10.17,106.12,-12.0,-12.0,-10.17,26.69,26.69,0.42,0.45,0.57,0.18,0.82,0.13,0.69,0.17,0.8,0.53,1.69,0.85,0.13,14.41,0.26
13029,杰倫,新北國王,113,林任鴻,新北中信特攻,1,39,43.0,667.03,11.12,11:07,667.03,11.12,11:07,14.0,14.0,32.56,45.34,22.0,22.0,51.16,71.24,16.0,16.0,37.21,51.81,6.0,6.0,13.95,19.43,7.0,7.0,16.28,22.67,5.0,5.0,11.63,16.19,9.0,9.0,20.93,29.14,1.0,1.0,2.33,3.24,7.0,7.0,16.28,22.67,3.0,3.0,6.98,9.71,1.0,1.0,2.33,3.24,11.0,11.0,25.58,35.62,3.0,3.0,6.98,9.71,6.0,6.0,13.95,19.43,2.0,2.0,4.65,6.48,6.0,6.0,13.95,19.43,0.0,0.0,0.0,0.0,0.0,0.0,0.0,0.0,5.0,5.0,11.63,16.19,12.0,12.0,27.91,38.86,32.56,51.16,-18.6,92.83,-8.0,-8.0,-18.6,11.12,11.12,0.41,0.37,0.71,0.11,0.43,0.09,1.0,0.14,0.79,0.57,0.0,0.0,0.12,27.91,0.44
13029,杰倫,新北國王,8889,馬可,新北中信特攻,1,43,50.0,680.72,11.35,11:21,680.72,11.35,11:21,15.0,15.0,30.0,47.6,23.0,23.0,46.0,72.98,18.0,18.0,36.0,57.12,6.0,6.0,12.0,19.04,10.0,10.0,20.0,31.73,5.0,5.0,10.0,15.87,8.0,8.0,16.0,25.38,1.0,1.0,2.0,3.17,6.0,6.0,12.0,19.04,2.0,2.0,4.0,6.35,3.0,3.0,6.0,9.52,11.0,11.0,22.0,34.9,3.0,3.0,6.0,9.52,6.0,6.0,12.0,19.04,3.0,3.0,6.0,9.52,5.0,5.0,10.0,15.87,0.0,0.0,0.0,0.0,0.0,0.0,0.0,0.0,9.0,9.0,18.0,28.56,11.0,11.0,22.0,34.9,30.0,46.0,-16.0,105.77,-8.0,-8.0,-16.0,11.35,11.35,0.36,0.36,0.5,0.12,0.33,0.13,0.83,0.33,0.79,0.61,0.0,0.0,0.18,22.0,0.33
13029,杰倫,新北國王,10877,阿巴西,新北中信特攻,1,107,125.0,1685.58,28.09,28:06,1685.58,28.09,28:06,47.0,47.0,37.6,60.23,54.0,54.0,43.2,69.2,43.0,43.0,34.4,55.1,16.0,16.0,12.8,20.5,22.0,22.0,17.6,28.19,12.0,12.0,9.6,15.38,21.0,21.0,16.8,26.91,4.0,4.0,3.2,5.13,13.0,13.0,10.4,16.66,11.0,11.0,8.8,14.1,5.0,5.0,4.0,6.41,23.0,23.0,18.4,29.47,9.0,9.0,7.2,11.53,22.0,22.0,17.6,28.19,7.0,7.0,5.6,8.97,10.0,10.0,8.0,12.81,2.0,2.0,1.6,2.56,1.0,1.0,0.8,1.28,14.0,14.0,11.2,17.94,13.0,13.0,10.4,16.66,37.6,43.2,-5.6,106.79,-7.0,-7.0,-5.6,28.09,28.09,0.42,0.48,0.55,0.19,0.85,0.13,0.62,0.19,0.72,0.47,1.6,0.8,0.11,10.4,0.3
13029,杰倫,新北國王,10881,飛克,新北中信特攻,1,103,119.0,1604.34,26.74,26:44,1604.34,26.74,26:44,42.0,42.0,35.29,56.55,51.0,51.0,42.86,68.66,41.0,41.0,34.45,55.2,15.0,15.0,12.61,20.2,19.0,19.0,15.97,25.58,11.0,11.0,9.24,14.81,22.0,22.0,18.49,29.62,4.0,4.0,3.36,5.39,12.0,12.0,10.08,16.16,10.0,10.0,8.4,13.46,2.0,2.0,1.68,2.69,25.0,25.0,21.01,33.66,9.0,9.0,7.56,12.12,23.0,23.0,19.33,30.97,7.0,7.0,5.88,9.42,11.0,11.0,9.24,14.81,2.0,2.0,1.68,2.69,1.0,1.0,0.84,1.35,14.0,14.0,11.76,18.85,16.0,16.0,13.45,21.54,35.29,42.86,-7.56,106.81,-9.0,-9.0,-7.56,26.74,26.74,0.41,0.45,0.58,0.18,0.83,0.13,0.73,0.08,0.74,0.46,1.68,0.84,0.12,13.45,0.29
40,謝亞軒,新北中信特攻,10874,熊祥泰,新北國王,1,36,41.0,581.55,9.69,09:42,581.55,9.69,09:42,18.0,18.0,43.9,66.86,20.0,20.0,48.78,74.28,13.0,13.0,31.71,48.29,7.0,7.0,17.07,26.0,11.0,11.0,26.83,40.86,7.0,7.0,17.07,26.0,2.0,2.0,4.88,7.43,0.0,0.0,0.0,0.0,6.0,6.0,14.63,22.29,6.0,6.0,14.63,22.29,0.0,0.0,0.0,0.0,6.0,6.0,14.63,22.29,3.0,3.0,7.32,11.14,6.0,6.0,14.63,22.29,2.0,2.0,4.88,7.43,6.0,6.0,14.63,22.29,0.0,0.0,0.0,0.0,0.0,0.0,0.0,0.0,3.0,3.0,7.32,11.14,2.0,2.0,4.88,7.43,43.9,48.78,-4.88,101.52,-2.0,-2.0,-4.88,9.69,9.69,0.54,0.58,0.64,0.0,1.0,0.11,0.86,0.0,0.67,0.4,0.0,0.0,0.07,4.88,0.46
113,林任鴻,新北中信特攻,10874,熊祥泰,新北國王,1,17,18.0,308.72,5.15,05:09,308.72,5.15,05:09,11.0,11.0,61.11,76.96,5.0,5.0,27.78,34.98,5.0,5.0,27.78,34.98,4.0,4.0,22.22,27.99,5.0,5.0,27.78,34.98,4.0,4.0,22.22,27.99,0.0,0.0,0.0,0.0,0.0,0.0,0.0,0.0,6.0,6.0,33.33,41.98,5.0,5.0,27.78,34.98,0.0,0.0,0.0,0.0,1.0,1.0,5.56,7.0,1.0,1.0,5.56,7.0,4.0,4.0,22.22,27.99,2.0,2.0,11.11,13.99,2.0,2.0,11.11,13.99,0.0,0.0,0.0,0.0,0.0,0.0,0.0,0.0,2.0,2.0,11.11,13.99,3.0,3.0,16.67,20.99,61.11,27.78,33.33,83.96,6.0,6.0,33.33,5.15,5.15,0.8,0.72,0.8,,0.83,0.21,0.5,0.0,0.5,0.17,0.0,0.0,0.11,16.67,1.2
8889,馬可,新北中信特攻,10874,熊祥泰,新北國王,1,23,26.0,416.55,6.94,06:57,416.55,6.94,06:57,9.0,9.0,34.62,46.67,16.0,16.0,61.54,82.97,7.0,7.0,26.92,36.3,4.0,4.0,15.38,20.74,6.0,6.0,23.08,31.11,4.0,4.0,15.38,20.74,1.0,1.0,3.85,5.19,0.0,0.0,0.0,0.0,4.0,4.0,15.38,20.74,3.0,3.0,11.54,15.56,0.0,0.0,0.0,0.0,3.0,3.0,11.54,15.56,2.0,2.0,7.69,10.37,4.0,4.0,15.38,20.74,3.0,3.0,11.54,15.56,4.0,4.0,15.38,20.74,0.0,0.0,0.0,0.0,0.0,0.0,0.0,0.0,4.0,4.0,15.38,20.74,5.0,5.0,19.23,25.93,34.62,61.54,-26.92,89.88,-7.0,-7.0,-26.92,6.94,6.94,0.57,0.51,0.67,0.0,0.75,0.26,1.0,0.0,0.6,0.33,0.0,0.0,0.15,19.23,0.57
10877,阿巴西,新北中信特攻,10874,熊祥泰,新北國王,1,59,70.0,953.61,15.89,15:54,953.61,15.89,15:54,28.0,28.0,40.0,63.42,39.0,39.0,55.71,88.34,28.0,28.0,40.0,63.42,10.0,10.0,14.29,22.65,16.0,16.0,22.86,36.24,8.0,8.0,11.43,18.12,12.0,12.0,17.14,27.18,2.0,2.0,2.86,4.53,5.0,5.0,7.14,11.33,4.0,4.0,5.71,9.06,4.0,4.0,5.71,9.06,15.0,15.0,21.43,33.98,6.0,6.0,8.57,13.59,9.0,9.0,12.86,20.39,1.0,1.0,1.43,2.27,8.0,8.0,11.43,18.12,0.0,0.0,0.0,0.0,2.0,2.0,2.86,4.53,4.0,4.0,5.71,9.06,8.0,8.0,11.43,18.12,40.0,55.71,-15.71,105.7,-11.0,-11.0,-15.71,15.89,15.89,0.39,0.46,0.5,0.17,0.8,0.03,0.8,0.31,0.71,0.56,0.0,2.86,0.06,11.43,0.18
10881,飛克,新北中信特攻,10874,熊祥泰,新北國王,1,57,66.0,862.79,14.38,14:23,862.79,14.38,14:23,30.0,30.0,45.45,75.11,32.0,32.0,48.48,80.11,26.0,26.0,39.39,65.09,10.0,10.0,15.15,25.04,16.0,16.0,24.24,40.06,8.0,8.0,12.12,20.03,10.0,10.0,15.15,25.04,2.0,2.0,3.03,5.01,7.0,7.0,10.61,17.52,6.0,6.0,9.09,15.02,3.0,3.0,4.55,7.51,14.0,14.0,21.21,35.05,5.0,5.0,7.58,12.52,9.0,9.0,13.64,22.53,1.0,1.0,1.52,2.5,7.0,7.0,10.61,17.52,0.0,0.0,0.0,0.0,2.0,2.0,3.03,5.01,2.0,2.0,3.03,5.01,8.0,8.0,12.12,20.03,45.45,48.48,-3.03,110.15,-2.0,-2.0,-3.03,14.38,14.38,0.42,0.52,0.5,0.2,0.86,0.03,0.7,0.25,0.74,0.55,0.0,3.03,0.03,12.12,0.27
10874,熊祥泰,新北國王,40,謝亞軒,新北中信特攻,1,36,41.0,581.55,9.69,09:42,581.55,9.69,09:42,20.0,20.0,48.78,74.28,18.0,18.0,43.9,66.86,17.0,17.0,41.46,63.14,8.0,8.0,19.51,29.71,8.0,8.0,19.51,29.71,5.0,5.0,12.2,18.57,9.0,9.0,21.95,33.43,3.0,3.0,7.32,11.14,2.0,2.0,4.88,7.43,1.0,1.0,2.44,3.71,3.0,3.0,7.32,11.14,6.0,6.0,14.63,22.29,0.0,0.0,0.0,0.0,6.0,6.0,14.63,22.29,4.0,4.0,9.76,14.86,8.0,8.0,19.51,29.71,1.0,1.0,2.44,3.71,0.0,0.0,0.0,0.0,5.0,5.0,12.2,18.57,6.0,6.0,14.63,22.29,48.78,43.9,4.88,101.52,2.0,2.0,4.88,9.69,9.69,0.56,0.56,0.62,0.33,0.5,0.18,1.0,0.33,1.0,0.6,2.44,0.0,0.12,14.63,0.12
10874,熊祥泰,新北國王,113,林任鴻,新北中信特攻,1,17,18.0,308.72,5.15,05:09,308.72,5.15,05:09,5.0,5.0,27.78,34.98,11.0,11.0,61.11,76.96,7.0,7.0,38.89,48.98,3.0,3.0,16.67,20.99,4.0,4.0,22.22,27.99,3.0,3.0,16.67,20.99,3.0,3.0,16.67,20.99,0.0,0.0,0.0,0.0,3.0,3.0,16.67,20.99,1.0,1.0,5.56,7.0,1.0,1.0,5.56,7.0,4.0,4.0,22.22,27.99,0.0,0.0,0.0,0.0,1.0,1.0,5.56,7.0,2.0,2.0,11.11,13.99,3.0,3.0,16.67,20.99,0.0,0.0,0.0,0.0,0.0,0.0,0.0,0.0,4.0,4.0,22.22,27.99,6.0,6.0,33.33,41.98,27.78,61.11,-33.33,83.96,-6.0,-6.0,-33.33,5.15,5.15,0.43,0.3,0.75,0.0,0.33,0.19,1.0,0.5,1.0,0.83,0.0,0.0,0.22,33.33,0.43
10874,熊祥泰,新北國王,8889,馬可,新北中信特攻,1,23,26.0,416.55,6.94,06:57,416.55,6.94,06:57,16.0,16.0,61.54,82.97,9.0,9.0,34.62,46.67,11.0,11.0,42.31,57.04,6.0,6.0,23.08,31.11,6.0,6.0,23.08,31.11,4.0,4.0,15.38,20.74,5.0,5.0,19.23,25.93,2.0,2.0,7.69,10.37,5.0,5.0,19.23,25.93,2.0,2.0,7.69,10.37,2.0,2.0,7.69,10.37,4.0,4.0,15.38,20.74,0.0,0.0,0.0,0.0,3.0,3.0,11.54,15.56,1.0,1.0,3.85,5.19,6.0,6.0,23.08,31.11,0.0,0.0,0.0,0.0,0.0,0.0,0.0,0.0,5.0,5.0,19.23,25.93,4.0,4.0,15.38,20.74,61.54,34.62,26.92,89.88,7.0,7.0,26.92,6.94,6.94,0.64,0.61,0.67,0.4,0.4,0.07,1.0,0.4,1.0,0.67,0.0,0.0,0.19,15.38,0.45
10874,熊祥泰,新北國王,10877,阿巴西,新北中信特攻,1,59,70.0,953.61,15.89,15:54,953.61,15.89,15:54,39.0,39.0,55.71,88.34,28.0,28.0,40.0,63.42,27.0,27.0,38.57,61.16,12.0,12.0,17.14,27.18,9.0,9.0,12.86,20.39,4.0,4.0,5.71,9.06,18.0,18.0,25.71,40.77,8.0,8.0,11.43,18.12,8.0,8.0,11.43,18.12,5.0,5.0,7.14,11.33,6.0,6.0,8.57,13.59,9.0,9.0,12.86,20.39,4.0,4.0,5.71,9.06,15.0,15.0,21.43,33.98,5.0,5.0,7.14,11.33,11.0,11.0,15.71,24.92,3.0,3.0,4.29,6.8,0.0,0.0,0.0,0.0,4.0,4.0,5.71,9.06,5.0,5.0,7.14,11.33,55.71,40.0,15.71,105.7,11.0,11.0,15.71,15.89,15.89,0.59,0.64,0.44,0.44,0.62,0.14,0.92,0.29,0.69,0.44,4.29,0.0,0.06,7.14,0.3
10874,熊祥泰,新北國王,10881,飛克,新北中信特攻,1,57,66.0,862.79,14.38,14:23,862.79,14.38,14:23,32.0,32.0,48.48,80.11,30.0,30.0,45.45,75.11,24.0,24.0,36.36,60.08,10.0,10.0,15.15,25.04,8.0,8.0,12.12,20.03,3.0,3.0,4.55,7.51,16.0,16.0,24.24,40.06,7.0,7.0,10.61,17.52,8.0,8.0,12.12,20.03,5.0,5.0,7.58,12.52,5.0,5.0,7.58,12.52,9.0,9.0,13.64,22.53,3.0,3.0,4.55,7.51,14.0,14.0,21.21,35.05,6.0,6.0,9.09,15.02,10.0,10.0,15.15,25.04,3.0,3.0,4.55,7.51,0.0,0.0,0.0,0.0,6.0,6.0,9.09,15.02,7.0,7.0,10.61,17.52,48.48,45.45,3.03,110.15,2.0,2.0,3.03,14.38,14.38,0.56,0.58,0.38,0.44,0.62,0.18,1.0,0.26,0.75,0.45,4.55,0.0,0.09,10.61,0.33
40,謝亞軒,新北中信特攻,23,王柏智,新北國王,1,17,21.0,254.0,4.23,04:14,254.0,4.23,04:14,7.0,7.0,33.33,59.53,7.0,7.0,33.33,59.53,7.0,7.0,33.33,59.53,2.0,2.0,9.52,17.01,3.0,3.0,14.29,25.51,1.0,1.0,4.76,8.5,4.0,4.0,19.05,34.02,1.0,1.0,4.76,8.5,2.0,2.0,9.52,17.01,2.0,2.0,9.52,17.01,1.0,1.0,4.76,8.5,4.0,4.0,19.05,34.02,2.0,2.0,9.52,17.01,4.0,4.0,19.05,34.02,2.0,2.0,9.52,17.01,0.0,0.0,0.0,0.0,2.0,2.0,9.52,17.01,0.0,0.0,0.0,0.0,4.0,4.0,19.05,34.02,0.0,0.0,0.0,0.0,33.33,33.33,0.0,119.06,0.0,0.0,0.0,4.23,4.23,0.36,0.44,0.33,0.25,1.0,0.2,0.0,0.2,0.67,0.45,9.52,0.0,0.19,0.0,0.29
40,謝亞軒,新北中信特攻,14038,飛米,新北國王,1,76,85.0,1145.47,19.09,19:05,1145.47,19.09,19:05,34.0,34.0,40.0,64.11,43.0,43.0,50.59,81.08,27.0,27.0,31.76,50.91,11.0,11.0,12.94,20.74,12.0,12.0,14.12,22.63,7.0,7.0,8.24,13.2,15.0,15.0,17.65,28.29,4.0,4.0,4.71,7.54,9.0,9.0,10.59,16.97,8.0,8.0,9.41,15.09,2.0,2.0,2.35,3.77,13.0,13.0,15.29,24.51,4.0,4.0,4.71,7.54,13.0,13.0,15.29,24.51,8.0,8.0,9.41,15.09,7.0,7.0,8.24,13.2,3.0,3.0,3.53,5.66,0.0,0.0,0.0,0.0,10.0,10.0,11.76,18.86,10.0,10.0,11.76,18.86,40.0,50.59,-10.59,106.86,-9.0,-9.0,-10.59,19.09,19.09,0.48,0.55,0.58,0.27,0.89,0.21,0.64,0.13,0.76,0.47,3.53,0.0,0.12,11.76,0.33
113,林任鴻,新北中信特攻,23,王柏智,新北國王,1,5,5.0,80.0,1.33,01:20,80.0,1.33,01:20,0.0,0.0,0.0,0.0,3.0,3.0,60.0,81.0,2.0,2.0,40.0,54.0,0.0,0.0,0.0,0.0,1.0,1.0,20.0,27.0,0.0,0.0,0.0,0.0,1.0,1.0,20.0,27.0,0.0,0.0,0.0,0.0,0.0,0.0,0.0,0.0,0.0,0.0,0.0,0.0,0.0,0.0,0.0,0.0,2.0,2.0,40.0,54.0,0.0,0.0,0.0,0.0,1.0,1.0,20.0,27.0,1.0,1.0,20.0,27.0,0.0,0.0,0.0,0.0,1.0,1.0,20.0,27.0,0.0,0.0,0.0,0.0,1.0,1.0,20.0,27.0,0.0,0.0,0.0,0.0,0.0,60.0,-60.0,90.0,-3.0,-3.0,-60.0,1.33,1.33,0.0,0.0,0.0,0.0,,0.33,,0.0,1.0,0.67,20.0,0.0,0.2,0.0,0.0
113,林任鴻,新北中信特攻,14038,飛米,新北國王,1,22,23.0,354.48,5.91,05:54,354.48,5.91,05:54,9.0,9.0,39.13,54.84,9.0,9.0,39.13,54.84,7.0,7.0,30.43,42.65,2.0,2.0,8.7,12.19,2.0,2.0,8.7,12.19,1.0,1.0,4.35,6.09,5.0,5.0,21.74,30.47,1.0,1.0,4.35,6.09,4.0,4.0,17.39,24.37,4.0,4.0,17.39,24.37,1.0,1.0,4.35,6.09,4.0,4.0,17.39,24.37,0.0,0.0,0.0,0.0,5.0,5.0,21.74,30.47,3.0,3.0,13.04,18.28,1.0,1.0,4.35,6.09,1.0,1.0,4.35,6.09,0.0,0.0,0.0,0.0,2.0,2.0,8.7,12.19,2.0,2.0,8.7,12.19,39.13,39.13,0.0,93.43,0.0,0.0,0.0,5.91,5.91,0.36,0.51,0.5,0.2,1.0,0.26,0.5,0.17,1.0,0.5,4.35,0.0,0.09,8.7,0.57
8889,馬可,新北中信特攻,23,王柏智,新北國王,1,17,21.0,254.0,4.23,04:14,254.0,4.23,04:14,7.0,7.0,33.33,59.53,7.0,7.0,33.33,59.53,7.0,7.0,33.33,59.53,2.0,2.0,9.52,17.01,3.0,3.0,14.29,25.51,1.0,1.0,4.76,8.5,4.0,4.0,19.05,34.02,1.0,1.0,4.76,8.5,2.0,2.0,9.52,17.01,2.0,2.0,9.52,17.01,1.0,1.0,4.76,8.5,4.0,4.0,19.05,34.02,2.0,2.0,9.52,17.01,4.0,4.0,19.05,34.02,2.0,2.0,9.52,17.01,0.0,0.0,0.0,0.0,2.0,2.0,9.52,17.01,0.0,0.0,0.0,0.0,4.0,4.0,19.05,34.02,0.0,0.0,0.0,0.0,33.33,33.33,0.0,119.06,0.0,0.0,0.0,4.23,4.23,0.36,0.44,0.33,0.25,1.0,0.2,0.0,0.2,0.67,0.45,9.52,0.0,0.19,0.0,0.29
8889,馬可,新北中信特攻,14038,飛米,新北國王,1,36,42.0,528.86,8.81,08:49,528.86,8.81,08:49,15.0,15.0,35.71,61.26,23.0,23.0,54.76,93.94,13.0,13.0,30.95,53.1,5.0,5.0,11.9,20.42,7.0,7.0,16.67,28.59,4.0,4.0,9.52,16.34,6.0,6.0,14.29,24.51,1.0,1.0,2.38,4.08,4.0,4.0,9.52,16.34,4.0,4.0,9.52,16.34,1.0,1.0,2.38,4.08,6.0,6.0,14.29,24.51,3.0,3.0,7.14,12.25,6.0,6.0,14.29,24.51,4.0,4.0,9.52,16.34,3.0,3.0,7.14,12.25,2.0,2.0,4.76,8.17,0.0,0.0,0.0,0.0,8.0,8.0,19.05,32.67,5.0,5.0,11.9,20.42,35.71,54.76,-19.05,114.36,-8.0,-8.0,-19.05,8.81,8.81,0.42,0.51,0.57,0.17,1.0,0.21,0.6,0.14,0.67,0.44,4.76,0.0,0.19,11.9,0.31
10877,阿巴西,新北中信特攻,23,王柏智,新北國王,1,17,21.0,254.0,4.23,04:14,254.0,4.23,04:14,7.0,7.0,33.33,59.53,7.0,7.0,33.33,59.53,7.0,7.0,33.33,59.53,2.0,2.0,9.52,17.01,3.0,3.0,14.29,25.51,1.0,1.0,4.76,8.5,4.0,4.0,19.05,34.02,1.0,1.0,4.76,8.5,2.0,2.0,9.52,17.01,2.0,2.0,9.52,17.01,1.0,1.0,4.76,8.5,4.0,4.0,19.05,34.02,2.0,2.0,9.52,17.01,4.0,4.0,19.05,34.02,2.0,2.0,9.52,17.01,0.0,0.0,0.0,0.0,2.0,2.0,9.52,17.01,0.0,0.0,0.0,0.0,4.0,4.0,19.05,34.02,0.0,0.0,0.0,0.0,33.33,33.33,0.0,119.06,0.0,0.0,0.0,4.23,4.23,0.36,0.44,0.33,0.25,1.0,0.2,0.0,0.2,0.67,0.45,9.52,0.0,0.19,0.0,0.29
10877,阿巴西,新北中信特攻,14038,飛米,新北國王,1,102,118.0,1574.29,26.24,26:14,1574.29,26.24,26:14,46.0,46.0,38.98,63.11,62.0,62.0,52.54,85.07,45.0,45.0,38.14,61.74,15.0,15.0,12.71,20.58,21.0,21.0,17.8,28.81,10.0,10.0,8.47,13.72,24.0,24.0,20.34,32.93,5.0,5.0,4.24,6.86,8.0,8.0,6.78,10.98,6.0,6.0,5.08,8.23,6.0,6.0,5.08,8.23,24.0,24.0,20.34,32.93,7.0,7.0,5.93,9.6,16.0,16.0,13.56,21.95,6.0,6.0,5.08,8.23,9.0,9.0,7.63,12.35,3.0,3.0,2.54,4.12,2.0,2.0,1.69,2.74,11.0,11.0,9.32,15.09,16.0,16.0,13.56,21.95,38.98,52.54,-13.56,107.93,-16.0,-16.0,-13.56,26.24,26.24,0.39,0.47,0.48,0.21,0.75,0.11,0.6,0.27,0.77,0.57,2.54,1.69,0.09,13.56,0.18
10881,飛克,新北中信特攻,23,王柏智,新北國王,1,15,17.0,205.0,3.42,03:25,205.0,3.42,03:25,4.0,4.0,23.53,42.15,5.0,5.0,29.41,52.68,6.0,6.0,35.29,63.22,1.0,1.0,5.88,10.54,3.0,3.0,17.65,31.61,1.0,1.0,5.88,10.54,3.0,3.0,17.65,31.61,0.0,0.0,0.0,0.0,2.0,2.0,11.76,21.07,2.0,2.0,11.76,21.07,1.0,1.0,5.88,10.54,4.0,4.0,23.53,42.15,0.0,0.0,0.0,0.0,4.0,4.0,23.53,42.15,2.0,2.0,11.76,21.07,0.0,0.0,0.0,0.0,2.0,2.0,11.76,21.07,0.0,0.0,0.0,0.0,3.0,3.0,17.65,31.61,0.0,0.0,0.0,0.0,23.53,29.41,-5.88,119.41,-1.0,-1.0,-5.88,3.42,3.42,0.17,0.29,0.33,0.0,1.0,0.23,0.0,0.2,1.0,0.56,11.76,0.0,0.18,0.0,0.33
10881,飛克,新北中信特攻,14038,飛米,新北國王,1,87,99.0,1335.91,22.27,22:16,1335.91,22.27,22:16,44.0,44.0,44.44,71.14,48.0,48.0,48.48,77.61,37.0,37.0,37.37,59.82,13.0,13.0,13.13,21.02,16.0,16.0,16.16,25.87,8.0,8.0,8.08,12.94,21.0,21.0,21.21,33.95,5.0,5.0,5.05,8.08,10.0,10.0,10.1,16.17,8.0,8.0,8.08,12.94,6.0,6.0,6.06,9.7,20.0,20.0,20.2,32.34,4.0,4.0,4.04,6.47,15.0,15.0,15.15,24.25,6.0,6.0,6.06,9.7,8.0,8.0,8.08,12.94,3.0,3.0,3.03,4.85,2.0,2.0,2.02,3.23,7.0,7.0,7.07,11.32,11.0,11.0,11.11,17.79,44.44,48.48,-4.04,106.71,-4.0,-4.0,-4.04,22.27,22.27,0.42,0.53,0.5,0.24,0.8,0.13,0.62,0.29,0.83,0.58,3.03,2.02,0.07,11.11,0.27
23,王柏智,新北國王,40,謝亞軒,新北中信特攻,1,17,21.0,254.0,4.23,04:14,254.0,4.23,04:14,7.0,7.0,33.33,59.53,7.0,7.0,33.33,59.53,9.0,9.0,42.86,76.54,3.0,3.0,14.29,25.51,5.0,5.0,23.81,42.52,2.0,2.0,9.52,17.01,4.0,4.0,19.05,34.02,1.0,1.0,4.76,8.5,0.0,0.0,0.0,0.0,0.0,0.0,0.0,0.0,2.0,2.0,9.52,17.01,4.0,4.0,19.05,34.02,1.0,1.0,4.76,8.5,4.0,4.0,19.05,34.02,1.0,1.0,4.76,8.5,2.0,2.0,9.52,17.01,0.0,0.0,0.0,0.0,0.0,0.0,0.0,0.0,4.0,4.0,19.05,34.02,2.0,2.0,9.52,17.01,33.33,33.33,0.0,119.06,0.0,0.0,0.0,4.23,4.23,0.39,0.39,0.4,0.25,,0.1,0.67,0.33,0.8,0.55,0.0,0.0,0.19,9.52,0.0
23,王柏智,新北國王,113,林任鴻,新北中信特攻,1,5,5.0,80.0,1.33,01:20,80.0,1.33,01:20,3.0,3.0,60.0,81.0,0.0,0.0,0.0,0.0,2.0,2.0,40.0,54.0,1.0,1.0,20.0,27.0,1.0,1.0,20.0,27.0,0.0,0.0,0.0,0.0,1.0,1.0,20.0,27.0,1.0,1.0,20.0,27.0,0.0,0.0,0.0,0.0,0.0,0.0,0.0,0.0,0.0,0.0,0.0,0.0,1.0,1.0,20.0,27.0,0.0,0.0,0.0,0.0,2.0,2.0,40.0,54.0,0.0,0.0,0.0,0.0,1.0,1.0,20.0,27.0,0.0,0.0,0.0,0.0,0.0,0.0,0.0,0.0,0.0,0.0,0.0,0.0,0.0,0.0,0.0,0.0,60.0,0.0,60.0,90.0,3.0,3.0,60.0,1.33,1.33,0.75,0.75,0.0,1.0,,0.0,1.0,0.0,1.0,0.33,0.0,0.0,0.0,0.0,0.0
23,王柏智,新北國王,8889,馬可,新北中信特攻,1,17,21.0,254.0,4.23,04:14,254.0,4.23,04:14,7.0,7.0,33.33,59.53,7.0,7.0,33.33,59.53,9.0,9.0,42.86,76.54,3.0,3.0,14.29,25.51,5.0,5.0,23.81,42.52,2.0,2.0,9.52,17.01,4.0,4.0,19.05,34.02,1.0,1.0,4.76,8.5,0.0,0.0,0.0,0.0,0.0,0.0,0.0,0.0,2.0,2.0,9.52,17.01,4.0,4.0,19.05,34.02,1.0,1.0,4.76,8.5,4.0,4.0,19.05,34.02,1.0,1.0,4.76,8.5,2.0,2.0,9.52,17.01,0.0,0.0,0.0,0.0,0.0,0.0,0.0,0.0,4.0,4.0,19.05,34.02,2.0,2.0,9.52,17.01,33.33,33.33,0.0,119.06,0.0,0.0,0.0,4.23,4.23,0.39,0.39,0.4,0.25,,0.1,0.67,0.33,0.8,0.55,0.0,0.0,0.19,9.52,0.0
23,王柏智,新北國王,10877,阿巴西,新北中信特攻,1,17,21.0,254.0,4.23,04:14,254.0,4.23,04:14,7.0,7.0,33.33,59.53,7.0,7.0,33.33,59.53,9.0,9.0,42.86,76.54,3.0,3.0,14.29,25.51,5.0,5.0,23.81,42.52,2.0,2.0,9.52,17.01,4.0,4.0,19.05,34.02,1.0,1.0,4.76,8.5,0.0,0.0,0.0,0.0,0.0,0.0,0.0,0.0,2.0,2.0,9.52,17.01,4.0,4.0,19.05,34.02,1.0,1.0,4.76,8.5,4.0,4.0,19.05,34.02,1.0,1.0,4.76,8.5,2.0,2.0,9.52,17.01,0.0,0.0,0.0,0.0,0.0,0.0,0.0,0.0,4.0,4.0,19.05,34.02,2.0,2.0,9.52,17.01,33.33,33.33,0.0,119.06,0.0,0.0,0.0,4.23,4.23,0.39,0.39,0.4,0.25,,0.1,0.67,0.33,0.8,0.55,0.0,0.0,0.19,9.52,0.0
23,王柏智,新北國王,10881,飛克,新北中信特攻,1,15,17.0,205.0,3.42,03:25,205.0,3.42,03:25,5.0,5.0,29.41,52.68,4.0,4.0,23.53,42.15,6.0,6.0,35.29,63.22,2.0,2.0,11.76,21.07,3.0,3.0,17.65,31.61,1.0,1.0,5.88,10.54,3.0,3.0,17.65,31.61,1.0,1.0,5.88,10.54,0.0,0.0,0.0,0.0,0.0,0.0,0.0,0.0,0.0,0.0,0.0,0.0,4.0,4.0,23.53,42.15,1.0,1.0,5.88,10.54,4.0,4.0,23.53,42.15,1.0,1.0,5.88,10.54,2.0,2.0,11.76,21.07,0.0,0.0,0.0,0.0,0.0,0.0,0.0,0.0,2.0,2.0,11.76,21.07,2.0,2.0,11.76,21.07,29.41,23.53,5.88,119.41,1.0,1.0,5.88,3.42,3.42,0.42,0.42,0.33,0.33,,0.14,1.0,0.0,0.8,0.44,0.0,0.0,0.12,11.76,0.0
14038,飛米,新北國王,40,謝亞軒,新北中信特攻,1,76,85.0,1145.47,19.09,19:05,1145.47,19.09,19:05,43.0,43.0,50.59,81.08,34.0,34.0,40.0,64.11,30.0,30.0,35.29,56.57,13.0,13.0,15.29,24.51,13.0,13.0,15.29,24.51,7.0,7.0,8.24,13.2,17.0,17.0,20.0,32.06,6.0,6.0,7.06,11.31,10.0,10.0,11.76,18.86,9.0,9.0,10.59,16.97,4.0,4.0,4.71,7.54,13.0,13.0,15.29,24.51,2.0,2.0,2.35,3.77,13.0,13.0,15.29,24.51,6.0,6.0,7.06,11.31,12.0,12.0,14.12,22.63,3.0,3.0,3.53,5.66,0.0,0.0,0.0,0.0,9.0,9.0,10.59,16.97,9.0,9.0,10.59,16.97,50.59,40.0,10.59,106.86,9.0,9.0,10.59,19.09,19.09,0.53,0.62,0.54,0.35,0.9,0.15,0.92,0.24,0.87,0.53,3.53,0.0,0.11,10.59,0.33
14038,飛米,新北國王,113,林任鴻,新北中信特攻,1,22,23.0,354.48,5.91,05:54,354.48,5.91,05:54,9.0,9.0,39.13,54.84,9.0,9.0,39.13,54.84,8.0,8.0,34.78,48.75,3.0,3.0,13.04,18.28,3.0,3.0,13.04,18.28,2.0,2.0,8.7,12.19,5.0,5.0,21.74,30.47,1.0,1.0,4.35,6.09,2.0,2.0,8.7,12.19,2.0,2.0,8.7,12.19,0.0,0.0,0.0,0.0,5.0,5.0,21.74,30.47,1.0,1.0,4.35,6.09,4.0,4.0,17.39,24.37,2.0,2.0,8.7,12.19,3.0,3.0,13.04,18.28,0.0,0.0,0.0,0.0,0.0,0.0,0.0,0.0,1.0,1.0,4.35,6.09,4.0,4.0,17.39,24.37,39.13,39.13,0.0,93.43,0.0,0.0,0.0,5.91,5.91,0.44,0.51,0.67,0.2,1.0,0.18,1.0,0.0,0.83,0.5,0.0,0.0,0.04,17.39,0.25
14038,飛米,新北國王,8889,馬可,新北中信特攻,1,36,42.0,528.86,8.81,08:49,528.86,8.81,08:49,23.0,23.0,54.76,93.94,15.0,15.0,35.71,61.26,17.0,17.0,40.48,69.43,8.0,8.0,19.05,32.67,10.0,10.0,23.81,40.84,5.0,5.0,11.9,20.42,7.0,7.0,16.67,28.59,3.0,3.0,7.14,12.25,5.0,5.0,11.9,20.42,4.0,4.0,9.52,16.34,3.0,3.0,7.14,12.25,6.0,6.0,14.29,24.51,1.0,1.0,2.38,4.08,6.0,6.0,14.29,24.51,1.0,1.0,2.38,4.08,7.0,7.0,16.67,28.59,0.0,0.0,0.0,0.0,0.0,0.0,0.0,0.0,5.0,5.0,11.9,20.42,4.0,4.0,9.52,16.34,54.76,35.71,19.05,114.36,8.0,8.0,19.05,8.81,8.81,0.56,0.6,0.5,0.43,0.8,0.05,0.88,0.33,0.86,0.56,0.0,0.0,0.12,9.52,0.29
14038,飛米,新北國王,10877,阿巴西,新北中信特攻,1,102,118.0,1574.29,26.24,26:14,1574.29,26.24,26:14,62.0,62.0,52.54,85.07,46.0,46.0,38.98,63.11,41.0,41.0,34.75,56.25,18.0,18.0,15.25,24.7,16.0,16.0,13.56,21.95,7.0,7.0,5.93,9.6,25.0,25.0,21.19,34.3,11.0,11.0,9.32,15.09,16.0,16.0,13.56,21.95,13.0,13.0,11.02,17.84,7.0,7.0,5.93,9.6,16.0,16.0,13.56,21.95,6.0,6.0,5.08,8.23,24.0,24.0,20.34,32.93,8.0,8.0,6.78,10.98,16.0,16.0,13.56,21.95,5.0,5.0,4.24,6.86,0.0,0.0,0.0,0.0,11.0,11.0,9.32,15.09,8.0,8.0,6.78,10.98,52.54,38.98,13.56,107.93,16.0,16.0,13.56,26.24,26.24,0.57,0.65,0.44,0.44,0.81,0.14,0.89,0.23,0.73,0.43,4.24,0.0,0.09,6.78,0.39
14038,飛米,新北國王,10881,飛克,新北中信特攻,1,87,99.0,1335.91,22.27,22:16,1335.91,22.27,22:16,48.0,48.0,48.48,77.61,44.0,44.0,44.44,71.14,33.0,33.0,33.33,53.36,14.0,14.0,14.14,22.64,10.0,10.0,10.1,16.17,4.0,4.0,4.04,6.47,23.0,23.0,23.23,37.19,10.0,10.0,10.1,16.17,11.0,11.0,11.11,17.79,8.0,8.0,8.08,12.94,4.0,4.0,4.04,6.47,15.0,15.0,15.15,24.25,6.0,6.0,6.06,9.7,20.0,20.0,20.2,32.34,8.0,8.0,8.08,12.94,13.0,13.0,13.13,21.02,5.0,5.0,5.05,8.08,0.0,0.0,0.0,0.0,8.0,8.0,8.08,12.94,10.0,10.0,10.1,16.17,48.48,44.44,4.04,106.71,4.0,4.0,4.04,22.27,22.27,0.58,0.63,0.4,0.43,0.73,0.17,0.93,0.17,0.71,0.42,5.05,0.0,0.08,10.1,0.33
43,林韋翰,新北中信特攻,21,李愷諺,新北國王,1,69,82.0,1048.91,17.48,17:29,1048.91,17.48,17:29,34.0,34.0,41.46,70.02,37.0,37.0,45.12,76.19,33.0,33.0,40.24,67.96,12.0,12.0,14.63,24.71,16.0,16.0,19.51,32.95,8.0,8.0,9.76,16.47,17.0,17.0,20.73,35.01,4.0,4.0,4.88,8.24,5.0,5.0,6.1,10.3,4.0,4.0,4.88,8.24,6.0,6.0,7.32,12.36,13.0,13.0,15.85,26.77,4.0,4.0,4.88,8.24,14.0,14.0,17.07,28.83,6.0,6.0,7.32,12.36,7.0,7.0,8.54,14.42,4.0,4.0,4.88,8.24,1.0,1.0,1.22,2.06,10.0,10.0,12.2,20.59,12.0,12.0,14.63,24.71,41.46,45.12,-3.66,112.57,-3.0,-3.0,-3.66,17.48,17.48,0.42,0.48,0.5,0.24,0.8,0.15,0.58,0.3,0.76,0.51,4.88,1.22,0.12,14.63,0.15
43,林韋翰,新北中信特攻,23,王柏智,新北國王,1,12,16.0,174.0,2.9,02:54,174.0,2.9,02:54,7.0,7.0,43.75,86.9,4.0,4.0,25.0,49.66,5.0,5.0,31.25,62.07,2.0,2.0,12.5,24.83,2.0,2.0,12.5,24.83,1.0,1.0,6.25,12.41,3.0,3.0,18.75,37.24,1.0,1.0,6.25,12.41,2.0,2.0,12.5,24.83,2.0,2.0,12.5,24.83,1.0,1.0,6.25,12.41,2.0,2.0,12.5,24.83,2.0,2.0,12.5,24.83,3.0,3.0,18.75,37.24,1.0,1.0,6.25,12.41,0.0,0.0,0.0,0.0,1.0,1.0,6.25,12.41,0.0,0.0,0.0,0.0,3.0,3.0,18.75,37.24,0.0,0.0,0.0,0.0,43.75,25.0,18.75,132.41,3.0,3.0,18.75,2.9,2.9,0.5,0.6,0.5,0.33,1.0,0.15,0.0,0.25,0.5,0.38,6.25,0.0,0.19,0.0,0.4
43,林韋翰,新北中信特攻,29,林書緯,新北國王,1,118,137.0,1794.44,29.91,29:54,1794.44,29.91,29:54,54.0,54.0,39.42,65.0,59.0,59.0,43.07,71.02,54.0,54.0,39.42,65.0,18.0,18.0,13.14,21.67,26.0,26.0,18.98,31.3,12.0,12.0,8.76,14.44,28.0,28.0,20.44,33.7,6.0,6.0,4.38,7.22,11.0,11.0,8.03,13.24,8.0,8.0,5.84,9.63,10.0,10.0,7.3,12.04,29.0,29.0,21.17,34.91,4.0,4.0,2.92,4.81,24.0,24.0,17.52,28.89,9.0,9.0,6.57,10.83,10.0,10.0,7.3,12.04,5.0,5.0,3.65,6.02,3.0,3.0,2.19,3.61,14.0,14.0,10.22,16.85,19.0,19.0,13.87,22.87,39.42,43.07,-3.65,109.94,-5.0,-5.0,-3.65,29.91,29.91,0.39,0.46,0.46,0.21,0.73,0.13,0.56,0.29,0.88,0.58,3.65,2.19,0.1,13.87,0.2
43,林韋翰,新北中信特攻,13029,杰倫,新北國王,1,91,105.0,1485.74,24.76,24:46,1485.74,24.76,24:46,39.0,39.0,37.14,56.7,39.0,39.0,37.14,56.7,40.0,40.0,38.1,58.15,16.0,16.0,15.24,23.26,19.0,19.0,18.1,27.62,11.0,11.0,10.48,15.99,21.0,21.0,20.0,30.53,5.0,5.0,4.76,7.27,7.0,7.0,6.67,10.18,5.0,5.0,4.76,7.27,6.0,6.0,5.71,8.72,19.0,19.0,18.1,27.62,4.0,4.0,3.81,5.82,22.0,22.0,20.95,31.98,10.0,10.0,9.52,14.54,8.0,8.0,7.62,11.63,5.0,5.0,4.76,7.27,1.0,1.0,0.95,1.45,13.0,13.0,12.38,18.9,12.0,12.0,11.43,17.45,37.14,37.14,0.0,101.77,0.0,0.0,0.0,24.76,24.76,0.46,0.45,0.58,0.24,0.71,0.19,0.5,0.21,0.83,0.49,4.76,0.95,0.12,11.43,0.18
43,林韋翰,新北中信特攻,14038,飛米,新北國王,1,87,102.0,1313.16,21.89,21:53,1313.16,21.89,21:53,44.0,44.0,43.14,72.38,51.0,51.0,50.0,83.89,40.0,40.0,39.22,65.8,14.0,14.0,13.73,23.03,18.0,18.0,17.65,29.61,9.0,9.0,8.82,14.8,22.0,22.0,21.57,36.19,5.0,5.0,4.9,8.22,8.0,8.0,7.84,13.16,6.0,6.0,5.88,9.87,6.0,6.0,5.88,9.87,20.0,20.0,19.61,32.9,6.0,6.0,5.88,9.87,13.0,13.0,12.75,21.38,4.0,4.0,3.92,6.58,8.0,8.0,7.84,13.16,2.0,2.0,1.96,3.29,2.0,2.0,1.96,3.29,9.0,9.0,8.82,14.8,16.0,16.0,15.69,26.32,43.14,50.0,-6.86,111.85,-7.0,-7.0,-6.86,21.89,21.89,0.41,0.51,0.5,0.23,0.75,0.08,0.57,0.32,0.77,0.58,1.96,1.96,0.09,15.69,0.2
21,李愷諺,新北國王,43,林韋翰,新北中信特攻,1,69,82.0,1048.91,17.48,17:29,1048.91,17.48,17:29,37.0,37.0,45.12,76.19,34.0,34.0,41.46,70.02,29.0,29.0,35.37,59.72,11.0,11.0,13.41,22.65,15.0,15.0,18.29,30.89,7.0,7.0,8.54,14.42,14.0,14.0,17.07,28.83,4.0,4.0,4.88,8.24,12.0,12.0,14.63,24.71,11.0,11.0,13.41,22.65,4.0,4.0,4.88,8.24,14.0,14.0,17.07,28.83,6.0,6.0,7.32,12.36,13.0,13.0,15.85,26.77,2.0,2.0,2.44,4.12,8.0,8.0,9.76,16.47,0.0,0.0,0.0,0.0,0.0,0.0,0.0,0.0,14.0,14.0,17.07,28.83,5.0,5.0,6.1,10.3,45.12,41.46,3.66,112.57,3.0,3.0,3.66,17.48,17.48,0.45,0.54,0.47,0.29,0.92,0.06,0.73,0.24,0.7,0.49,0.0,0.0,0.17,6.1,0.41
23,王柏智,新北國王,43,林韋翰,新北中信特攻,1,12,16.0,174.0,2.9,02:54,174.0,2.9,02:54,4.0,4.0,25.0,49.66,7.0,7.0,43.75,86.9,7.0,7.0,43.75,86.9,2.0,2.0,12.5,24.83,4.0,4.0,25.0,49.66,2.0,2.0,12.5,24.83,3.0,3.0,18.75,37.24,0.0,0.0,0.0,0.0,0.0,0.0,0.0,0.0,0.0,0.0,0.0,0.0,2.0,2.0,12.5,24.83,3.0,3.0,18.75,37.24,1.0,1.0,6.25,12.41,2.0,2.0,12.5,24.83,1.0,1.0,6.25,12.41,1.0,1.0,6.25,12.41,0.0,0.0,0.0,0.0,0.0,0.0,0.0,0.0,4.0,4.0,25.0,49.66,2.0,2.0,12.5,24.83,25.0,43.75,-18.75,132.41,-3.0,-3.0,-18.75,2.9,2.9,0.29,0.29,0.5,0.0,,0.12,0.5,0.5,0.75,0.62,0.0,0.0,0.25,12.5,0.0
29,林書緯,新北國王,43,林韋翰,新北中信特攻,1,118,137.0,1794.44,29.91,29:54,1794.44,29.91,29:54,59.0,59.0,43.07,71.02,54.0,54.0,39.42,65.0,45.0,45.0,32.85,54.17,17.0,17.0,12.41,20.46,19.0,19.0,13.87,22.87,9.0,9.0,6.57,10.83,26.0,26.0,18.98,31.3,8.0,8.0,5.84,9.63,19.0,19.0,13.87,22.87,17.0,17.0,12.41,20.46,4.0,4.0,2.92,4.81,24.0,24.0,17.52,28.89,10.0,10.0,7.3,12.04,29.0,29.0,21.17,34.91,8.0,8.0,5.84,9.63,13.0,13.0,9.49,15.65,5.0,5.0,3.65,6.02,1.0,1.0,0.73,1.2,15.0,15.0,10.95,18.06,11.0,11.0,8.03,13.24,43.07,39.42,3.65,109.94,5.0,5.0,3.65,29.91,29.91,0.47,0.55,0.47,0.31,0.89,0.13,0.76,0.12,0.71,0.42,3.65,0.73,0.11,8.03,0.42
13029,杰倫,新北國王,43,林韋翰,新北中信特攻,1,91,105.0,1485.74,24.76,24:46,1485.74,24.76,24:46,39.0,39.0,37.14,56.7,39.0,39.0,37.14,56.7,38.0,38.0,36.19,55.25,13.0,13.0,12.38,18.9,20.0,20.0,19.05,29.08,10.0,10.0,9.52,14.54,18.0,18.0,17.14,26.17,3.0,3.0,2.86,4.36,12.0,12.0,11.43,17.45,10.0,10.0,9.52,14.54,4.0,4.0,3.81,5.82,22.0,22.0,20.95,31.98,6.0,6.0,5.71,8.72,19.0,19.0,18.1,27.62,5.0,5.0,4.76,7.27,7.0,7.0,6.67,10.18,2.0,2.0,1.9,2.91,1.0,1.0,0.95,1.45,17.0,17.0,16.19,24.71,7.0,7.0,6.67,10.18,37.14,37.14,0.0,101.77,0.0,0.0,0.0,24.76,24.76,0.38,0.45,0.5,0.17,0.83,0.1,0.54,0.17,0.79,0.51,1.9,0.95,0.16,6.67,0.32
14038,飛米,新北國王,43,林韋翰,新北中信特攻,1,87,102.0,1313.16,21.89,21:53,1313.16,21.89,21:53,51.0,51.0,50.0,83.89,44.0,44.0,43.14,72.38,34.0,34.0,33.33,55.93,15.0,15.0,14.71,24.67,14.0,14.0,13.73,23.03,7.0,7.0,6.86,11.51,20.0,20.0,19.61,32.9,8.0,8.0,7.84,13.16,16.0,16.0,15.69,26.32,13.0,13.0,12.75,21.38,6.0,6.0,5.88,9.87,13.0,13.0,12.75,21.38,6.0,6.0,5.88,9.87,20.0,20.0,19.61,32.9,7.0,7.0,6.86,11.51,14.0,14.0,13.73,23.03,5.0,5.0,4.9,8.22,0.0,0.0,0.0,0.0,9.0,9.0,8.82,14.8,8.0,8.0,7.84,13.16,50.0,43.14,6.86,111.85,7.0,7.0,6.86,21.89,21.89,0.56,0.62,0.5,0.4,0.81,0.15,0.93,0.23,0.68,0.42,4.9,0.0,0.09,7.84,0.47
43,林韋翰,新北中信特攻,32,奧帝,新北國王,1,94,109.0,1451.68,24.19,24:12,1451.68,24.19,24:12,39.0,39.0,35.78,58.03,60.0,60.0,55.05,89.28,44.0,44.0,40.37,65.47,14.0,14.0,12.84,20.83,23.0,23.0,21.1,34.22,10.0,10.0,9.17,14.88,21.0,21.0,19.27,31.25,4.0,4.0,3.67,5.95,7.0,7.0,6.42,10.42,5.0,5.0,4.59,7.44,8.0,8.0,7.34,11.9,23.0,23.0,21.1,34.22,4.0,4.0,3.67,5.95,17.0,17.0,15.6,25.29,8.0,8.0,7.34,11.9,8.0,8.0,7.34,11.9,3.0,3.0,2.75,4.46,3.0,3.0,2.75,4.46,10.0,10.0,9.17,14.88,20.0,20.0,18.35,29.76,35.78,55.05,-19.27,108.12,-21.0,-21.0,-19.27,24.19,24.19,0.36,0.41,0.43,0.19,0.71,0.15,0.57,0.32,0.85,0.6,2.75,2.75,0.09,18.35,0.16
43,林韋翰,新北中信特攻,10872,林彥廷,新北國王,1,91,105.0,1408.49,23.47,23:28,1408.49,23.47,23:28,42.0,42.0,40.0,64.41,58.0,58.0,55.24,88.95,40.0,40.0,38.1,61.34,15.0,15.0,14.29,23.0,20.0,20.0,19.05,30.67,11.0,11.0,10.48,16.87,20.0,20.0,19.05,30.67,4.0,4.0,3.81,6.13,7.0,7.0,6.67,10.73,5.0,5.0,4.76,7.67,5.0,5.0,4.76,7.67,21.0,21.0,20.0,32.2,7.0,7.0,6.67,10.73,13.0,13.0,12.38,19.94,6.0,6.0,5.71,9.2,7.0,7.0,6.67,10.73,1.0,1.0,0.95,1.53,2.0,2.0,1.9,3.07,9.0,9.0,8.57,13.8,21.0,21.0,20.0,32.2,40.0,55.24,-15.24,107.35,-16.0,-16.0,-15.24,23.47,23.47,0.42,0.49,0.55,0.2,0.71,0.12,0.47,0.28,0.75,0.57,0.95,1.9,0.09,20.0,0.18
43,林韋翰,新北中信特攻,10874,熊祥泰,新北國王,1,57,66.0,947.3,15.79,15:47,947.3,15.79,15:47,24.0,24.0,36.36,54.72,37.0,37.0,56.06,84.37,26.0,26.0,39.39,59.28,9.0,9.0,13.64,20.52,15.0,15.0,22.73,34.2,7.0,7.0,10.61,15.96,11.0,11.0,16.67,25.08,2.0,2.0,3.03,4.56,5.0,5.0,7.58,11.4,4.0,4.0,6.06,9.12,4.0,4.0,6.06,9.12,14.0,14.0,21.21,31.92,4.0,4.0,6.06,9.12,10.0,10.0,15.15,22.8,3.0,3.0,4.55,6.84,6.0,6.0,9.09,13.68,0.0,0.0,0.0,0.0,2.0,2.0,3.03,4.56,5.0,5.0,7.58,11.4,11.0,11.0,16.67,25.08,36.36,56.06,-19.7,100.33,-13.0,-13.0,-19.7,15.79,15.79,0.38,0.43,0.47,0.18,0.8,0.1,0.67,0.29,0.78,0.56,0.0,3.03,0.08,16.67,0.19
10877,阿巴西,新北中信特攻,10872,林彥廷,新北國王,1,100,116.0,1509.33,25.16,25:09,1509.33,25.16,25:09,47.0,47.0,40.52,67.26,67.0,67.0,57.76,95.88,45.0,45.0,38.79,64.4,16.0,16.0,13.79,22.9,21.0,21.0,18.1,30.05,11.0,11.0,9.48,15.74,24.0,24.0,20.69,34.35,5.0,5.0,4.31,7.16,7.0,7.0,6.03,10.02,5.0,5.0,4.31,7.16,6.0,6.0,5.17,8.59,24.0,24.0,20.69,34.35,8.0,8.0,6.9,11.45,13.0,13.0,11.21,18.6,5.0,5.0,4.31,7.16,9.0,9.0,7.76,12.88,1.0,1.0,0.86,1.43,2.0,2.0,1.72,2.86,9.0,9.0,7.76,12.88,20.0,20.0,17.24,28.62,40.52,57.76,-17.24,110.67,-20.0,-20.0,-17.24,25.16,25.16,0.41,0.49,0.52,0.21,0.71,0.09,0.56,0.32,0.75,0.59,0.86,1.72,0.08,17.24,0.16
10879,簡廷兆,新北中信特攻,29,林書緯,新北國王,1,82,98.0,1292.79,21.55,21:33,1292.79,21.55,21:33,40.0,40.0,40.82,66.83,41.0,41.0,41.84,68.5,42.0,42.0,42.86,70.17,12.0,12.0,12.24,20.05,19.0,19.0,19.39,31.75,7.0,7.0,7.14,11.7,23.0,23.0,23.47,38.43,5.0,5.0,5.1,8.35,10.0,10.0,10.2,16.71,9.0,9.0,9.18,15.04,10.0,10.0,10.2,16.71,21.0,21.0,21.43,35.09,5.0,5.0,5.1,8.35,17.0,17.0,17.35,28.4,3.0,3.0,3.06,5.01,8.0,8.0,8.16,13.37,0.0,0.0,0.0,0.0,2.0,2.0,2.04,3.34,6.0,6.0,6.12,10.02,14.0,14.0,14.29,23.39,40.82,41.84,-1.02,109.16,-1.0,-1.0,-1.02,21.55,21.55,0.35,0.43,0.37,0.22,0.9,0.06,0.67,0.37,0.81,0.58,0.0,2.04,0.06,14.29,0.24
10879,簡廷兆,新北中信特攻,32,奧帝,新北國王,1,73,86.0,1117.79,18.63,18:38,1117.79,18.63,18:38,31.0,31.0,36.05,59.9,42.0,42.0,48.84,81.16,35.0,35.0,40.7,67.63,9.0,9.0,10.47,17.39,16.0,16.0,18.6,30.92,5.0,5.0,5.81,9.66,19.0,19.0,22.09,36.72,4.0,4.0,4.65,7.73,8.0,8.0,9.3,15.46,7.0,7.0,8.14,13.53,8.0,8.0,9.3,15.46,19.0,19.0,22.09,36.72,4.0,4.0,4.65,7.73,14.0,14.0,16.28,27.05,4.0,4.0,4.65,7.73,6.0,6.0,6.98,11.59,0.0,0.0,0.0,0.0,2.0,2.0,2.33,3.86,6.0,6.0,6.98,11.59,17.0,17.0,19.77,32.85,36.05,48.84,-12.79,110.79,-11.0,-11.0,-12.79,18.63,18.63,0.31,0.4,0.31,0.21,0.88,0.09,0.67,0.36,0.83,0.6,0.0,2.33,0.07,19.77,0.23
10879,簡廷兆,新北中信特攻,10872,林彥廷,新北國王,1,66,77.0,1047.87,17.46,17:28,1047.87,17.46,17:28,29.0,29.0,37.66,59.78,40.0,40.0,51.95,82.45,31.0,31.0,40.26,63.9,9.0,9.0,11.69,18.55,15.0,15.0,19.48,30.92,6.0,6.0,7.79,12.37,16.0,16.0,20.78,32.98,3.0,3.0,3.9,6.18,4.0,4.0,5.19,8.25,3.0,3.0,3.9,6.18,6.0,6.0,7.79,12.37,17.0,17.0,22.08,35.04,5.0,5.0,6.49,10.31,12.0,12.0,15.58,24.74,4.0,4.0,5.19,8.25,6.0,6.0,7.79,12.37,0.0,0.0,0.0,0.0,2.0,2.0,2.6,4.12,5.0,5.0,6.49,10.31,15.0,15.0,19.48,30.92,37.66,51.95,-14.29,105.81,-11.0,-11.0,-14.29,17.46,17.46,0.34,0.44,0.4,0.19,0.75,0.11,0.67,0.33,0.77,0.57,0.0,2.6,0.06,19.48,0.13
10879,簡廷兆,新北中信特攻,10874,熊祥泰,新北國王,1,57,66.0,926.14,15.44,15:26,926.14,15.44,15:26,28.0,28.0,42.42,65.3,31.0,31.0,46.97,72.3,25.0,25.0,37.88,58.31,9.0,9.0,13.64,20.99,14.0,14.0,21.21,32.65,7.0,7.0,10.61,16.33,11.0,11.0,16.67,25.65,2.0,2.0,3.03,4.66,7.0,7.0,10.61,16.33,6.0,6.0,9.09,13.99,4.0,4.0,6.06,9.33,13.0,13.0,19.7,30.32,4.0,4.0,6.06,9.33,11.0,11.0,16.67,25.65,3.0,3.0,4.55,7.0,5.0,5.0,7.58,11.66,0.0,0.0,0.0,0.0,2.0,2.0,3.03,4.66,4.0,4.0,6.06,9.33,9.0,9.0,13.64,20.99,42.42,46.97,-4.55,102.62,-3.0,-3.0,-4.55,15.44,15.44,0.4,0.5,0.5,0.18,0.86,0.1,0.56,0.27,0.76,0.53,0.0,3.03,0.06,13.64,0.28
10879,簡廷兆,新北中信特攻,14038,飛米,新北國王,1,61,71.0,957.8,15.96,15:58,957.8,15.96,15:58,32.0,32.0,45.07,72.17,33.0,33.0,46.48,74.42,29.0,29.0,40.85,65.4,9.0,9.0,12.68,20.3,14.0,14.0,19.72,31.57,6.0,6.0,8.45,13.53,15.0,15.0,21.13,33.83,3.0,3.0,4.23,6.77,7.0,7.0,9.86,15.79,6.0,6.0,8.45,13.53,6.0,6.0,8.45,13.53,14.0,14.0,19.72,31.57,4.0,4.0,5.63,9.02,11.0,11.0,15.49,24.81,3.0,3.0,4.23,6.77,5.0,5.0,7.04,11.28,0.0,0.0,0.0,0.0,2.0,2.0,2.82,4.51,4.0,4.0,5.63,9.02,8.0,8.0,11.27,18.04,45.07,46.48,-1.41,106.74,-1.0,-1.0,-1.41,15.96,15.96,0.36,0.5,0.43,0.2,0.86,0.09,0.56,0.35,0.78,0.57,0.0,2.82,0.06,11.27,0.24
10880,內馬,新北中信特攻,29,林書緯,新北國王,1,110,125.0,1759.09,29.32,29:19,1759.09,29.32,29:19,54.0,54.0,43.2,66.31,50.0,50.0,40.0,61.4,45.0,45.0,36.0,55.26,18.0,18.0,14.4,22.1,25.0,25.0,20.0,30.7,13.0,13.0,10.4,15.96,20.0,20.0,16.0,24.56,5.0,5.0,4.0,6.14,12.0,12.0,9.6,14.73,9.0,9.0,7.2,11.05,7.0,7.0,5.6,8.6,23.0,23.0,18.4,28.24,3.0,3.0,2.4,3.68,24.0,24.0,19.2,29.47,10.0,10.0,8.0,12.28,11.0,11.0,8.8,13.51,4.0,4.0,3.2,4.91,3.0,3.0,2.4,3.68,14.0,14.0,11.2,17.19,13.0,13.0,10.4,15.96,43.2,40.0,3.2,102.33,4.0,4.0,3.2,29.32,29.32,0.46,0.54,0.52,0.25,0.75,0.17,0.61,0.23,0.88,0.53,3.2,2.4,0.11,10.4,0.27
10880,內馬,新北中信特攻,32,奧帝,新北國王,1,90,101.0,1407.94,23.47,23:28,1407.94,23.47,23:28,35.0,35.0,34.65,53.7,51.0,51.0,50.5,78.24,36.0,36.0,35.64,55.23,12.0,12.0,11.88,18.41,22.0,22.0,21.78,33.75,10.0,10.0,9.9,15.34,14.0,14.0,13.86,21.48,2.0,2.0,1.98,3.07,10.0,10.0,9.9,15.34,7.0,7.0,6.93,10.74,5.0,5.0,4.95,7.67,20.0,20.0,19.8,30.68,2.0,2.0,1.98,3.07,18.0,18.0,17.82,27.61,9.0,9.0,8.91,13.81,6.0,6.0,5.94,9.2,3.0,3.0,2.97,4.6,3.0,3.0,2.97,4.6,11.0,11.0,10.89,16.88,14.0,14.0,13.86,21.48,34.65,50.5,-15.84,103.3,-16.0,-16.0,-15.84,23.47,23.47,0.36,0.43,0.45,0.14,0.7,0.18,0.5,0.22,0.91,0.56,2.97,2.97,0.11,13.86,0.28
10880,內馬,新北中信特攻,10872,林彥廷,新北國王,1,77,88.0,1224.26,20.4,20:24,1224.26,20.4,20:24,34.0,34.0,38.64,59.99,43.0,43.0,48.86,75.87,32.0,32.0,36.36,56.46,13.0,13.0,14.77,22.94,19.0,19.0,21.59,33.52,10.0,10.0,11.36,17.64,13.0,13.0,14.77,22.94,3.0,3.0,3.41,5.29,8.0,8.0,9.09,14.11,5.0,5.0,5.68,8.82,4.0,4.0,4.55,7.06,15.0,15.0,17.05,26.46,5.0,5.0,5.68,8.82,13.0,13.0,14.77,22.94,7.0,7.0,7.95,12.35,6.0,6.0,6.82,10.59,1.0,1.0,1.14,1.76,2.0,2.0,2.27,3.53,10.0,10.0,11.36,17.64,13.0,13.0,14.77,22.94,38.64,48.86,-10.23,103.51,-9.0,-9.0,-10.23,20.4,20.4,0.45,0.48,0.53,0.23,0.62,0.16,0.46,0.24,0.75,0.51,1.14,2.27,0.11,14.77,0.25
10880,內馬,新北中信特攻,10874,熊祥泰,新北國王,1,59,68.0,966.34,16.11,16:06,966.34,16.11,16:06,28.0,28.0,41.18,62.59,27.0,27.0,39.71,60.35,24.0,24.0,35.29,53.65,9.0,9.0,13.24,20.12,17.0,17.0,25.0,38.0,8.0,8.0,11.76,17.88,7.0,7.0,10.29,15.65,1.0,1.0,1.47,2.24,11.0,11.0,16.18,24.59,9.0,9.0,13.24,20.12,4.0,4.0,5.88,8.94,12.0,12.0,17.65,26.82,3.0,3.0,4.41,6.71,12.0,12.0,17.65,26.82,4.0,4.0,5.88,8.94,5.0,5.0,7.35,11.18,0.0,0.0,0.0,0.0,2.0,2.0,2.94,4.47,6.0,6.0,8.82,13.41,7.0,7.0,10.29,15.65,41.18,39.71,1.47,101.33,1.0,1.0,1.47,16.11,16.11,0.4,0.49,0.47,0.14,0.82,0.12,0.56,0.25,0.8,0.52,0.0,2.94,0.09,10.29,0.46
10880,內馬,新北中信特攻,14038,飛米,新北國王,1,75,87.0,1156.96,19.28,19:17,1156.96,19.28,19:17,41.0,41.0,47.13,76.55,38.0,38.0,43.68,70.94,32.0,32.0,36.78,59.74,13.0,13.0,14.94,24.27,17.0,17.0,19.54,31.74,8.0,8.0,9.2,14.94,15.0,15.0,17.24,28.0,5.0,5.0,5.75,9.33,10.0,10.0,11.49,18.67,8.0,8.0,9.2,14.94,5.0,5.0,5.75,9.33,14.0,14.0,16.09,26.14,5.0,5.0,5.75,9.33,13.0,13.0,14.94,24.27,5.0,5.0,5.75,9.33,7.0,7.0,8.05,13.07,1.0,1.0,1.15,1.87,2.0,2.0,2.3,3.73,9.0,9.0,10.34,16.8,10.0,10.0,11.49,18.67,47.13,43.68,3.45,108.28,3.0,3.0,3.45,19.28,19.28,0.48,0.56,0.47,0.33,0.8,0.12,0.54,0.28,0.74,0.51,1.15,2.3,0.1,11.49,0.31
10881,飛克,新北中信特攻,10872,林彥廷,新北國王,1,77,88.0,1173.17,19.55,19:33,1173.17,19.55,19:33,38.0,38.0,43.18,69.96,51.0,51.0,57.95,93.9,35.0,35.0,39.77,64.44,13.0,13.0,14.77,23.94,16.0,16.0,18.18,29.46,9.0,9.0,10.23,16.57,19.0,19.0,21.59,34.98,4.0,4.0,4.55,7.36,5.0,5.0,5.68,9.21,3.0,3.0,3.41,5.52,5.0,5.0,5.68,9.21,20.0,20.0,22.73,36.82,5.0,5.0,5.68,9.21,10.0,10.0,11.36,18.41,4.0,4.0,4.55,7.36,8.0,8.0,9.09,14.73,1.0,1.0,1.14,1.84,2.0,2.0,2.27,3.68,5.0,5.0,5.68,9.21,15.0,15.0,17.05,27.62,43.18,57.95,-14.77,108.01,-13.0,-13.0,-14.77,19.55,19.55,0.43,0.51,0.56,0.21,0.6,0.1,0.62,0.33,0.8,0.62,1.14,2.27,0.06,17.05,0.14
29,林書緯,新北國王,10879,簡廷兆,新北中信特攻,1,82,98.0,1292.79,21.55,21:33,1292.79,21.55,21:33,41.0,41.0,41.84,68.5,40.0,40.0,40.82,66.83,33.0,33.0,33.67,55.14,11.0,11.0,11.22,18.38,11.0,11.0,11.22,18.38,4.0,4.0,4.08,6.68,22.0,22.0,22.45,36.76,7.0,7.0,7.14,11.7,14.0,14.0,14.29,23.39,12.0,12.0,12.24,20.05,5.0,5.0,5.1,8.35,17.0,17.0,17.35,28.4,10.0,10.0,10.2,16.71,21.0,21.0,21.43,35.09,6.0,6.0,6.12,10.02,10.0,10.0,10.2,16.71,2.0,2.0,2.04,3.34,0.0,0.0,0.0,0.0,9.0,9.0,9.18,15.04,10.0,10.0,10.2,16.71,41.84,40.82,1.02,109.16,1.0,1.0,1.02,21.55,21.55,0.44,0.52,0.36,0.32,0.86,0.13,0.91,0.19,0.63,0.42,2.04,0.0,0.09,10.2,0.42
29,林書緯,新北國王,10880,內馬,新北中信特攻,1,110,125.0,1759.09,29.32,29:19,1759.09,29.32,29:19,50.0,50.0,40.0,61.4,54.0,54.0,43.2,66.31,43.0,43.0,34.4,52.8,16.0,16.0,12.8,19.65,18.0,18.0,14.4,22.1,9.0,9.0,7.2,11.05,25.0,25.0,20.0,30.7,7.0,7.0,5.6,8.6,13.0,13.0,10.4,15.96,11.0,11.0,8.8,13.51,3.0,3.0,2.4,3.68,24.0,24.0,19.2,29.47,7.0,7.0,5.6,8.6,23.0,23.0,18.4,28.24,9.0,9.0,7.2,11.05,11.0,11.0,8.8,13.51,5.0,5.0,4.0,6.14,1.0,1.0,0.8,1.23,13.0,13.0,10.4,15.96,12.0,12.0,9.6,14.73,40.0,43.2,-3.2,102.33,-4.0,-4.0,-3.2,29.32,29.32,0.45,0.51,0.5,0.28,0.85,0.16,0.69,0.12,0.77,0.47,4.0,0.8,0.1,9.6,0.3
32,奧帝,新北國王,43,林韋翰,新北中信特攻,1,94,109.0,1451.68,24.19,24:12,1451.68,24.19,24:12,60.0,60.0,55.05,89.28,39.0,39.0,35.78,58.03,38.0,38.0,34.86,56.54,18.0,18.0,16.51,26.78,18.0,18.0,16.51,26.78,9.0,9.0,8.26,13.39,20.0,20.0,18.35,29.76,9.0,9.0,8.26,13.39,20.0,20.0,18.35,29.76,15.0,15.0,13.76,22.32,4.0,4.0,3.67,5.95,17.0,17.0,15.6,25.29,8.0,8.0,7.34,11.9,23.0,23.0,21.1,34.22,4.0,4.0,3.67,5.95,15.0,15.0,13.76,22.32,3.0,3.0,2.75,4.46,1.0,1.0,0.92,1.49,16.0,16.0,14.68,23.81,7.0,7.0,6.42,10.42,55.05,35.78,19.27,108.12,21.0,21.0,19.27,24.19,24.19,0.59,0.64,0.5,0.45,0.75,0.08,0.83,0.15,0.68,0.4,2.75,0.92,0.15,6.42,0.53
32,奧帝,新北國王,10879,簡廷兆,新北中信特攻,1,73,86.0,1117.79,18.63,18:38,1117.79,18.63,18:38,42.0,42.0,48.84,81.16,31.0,31.0,36.05,59.9,28.0,28.0,32.56,54.11,11.0,11.0,12.79,21.26,11.0,11.0,12.79,21.26,4.0,4.0,4.65,7.73,17.0,17.0,19.77,32.85,7.0,7.0,8.14,13.53,17.0,17.0,19.77,32.85,13.0,13.0,15.12,25.12,4.0,4.0,4.65,7.73,14.0,14.0,16.28,27.05,8.0,8.0,9.3,15.46,19.0,19.0,22.09,36.72,5.0,5.0,5.81,9.66,11.0,11.0,12.79,21.26,2.0,2.0,2.33,3.86,0.0,0.0,0.0,0.0,11.0,11.0,12.79,21.26,8.0,8.0,9.3,15.46,48.84,36.05,12.79,110.79,11.0,11.0,12.79,18.63,18.63,0.52,0.59,0.36,0.41,0.76,0.12,1.0,0.17,0.64,0.4,2.33,0.0,0.13,9.3,0.61
32,奧帝,新北國王,10880,內馬,新北中信特攻,1,90,101.0,1407.94,23.47,23:28,1407.94,23.47,23:28,51.0,51.0,50.5,78.24,35.0,35.0,34.65,53.7,36.0,36.0,35.64,55.23,17.0,17.0,16.83,26.08,18.0,18.0,17.82,27.61,10.0,10.0,9.9,15.34,18.0,18.0,17.82,27.61,7.0,7.0,6.93,10.74,14.0,14.0,13.86,21.48,10.0,10.0,9.9,15.34,2.0,2.0,1.98,3.07,18.0,18.0,17.82,27.61,5.0,5.0,4.95,7.67,20.0,20.0,19.8,30.68,6.0,6.0,5.94,9.2,13.0,13.0,12.87,19.94,3.0,3.0,2.97,4.6,1.0,1.0,0.99,1.53,15.0,15.0,14.85,23.01,10.0,10.0,9.9,15.34,50.5,34.65,15.84,103.3,16.0,16.0,15.84,23.47,23.47,0.57,0.6,0.56,0.39,0.71,0.12,0.76,0.09,0.78,0.44,2.97,0.99,0.15,9.9,0.39
10872,林彥廷,新北國王,43,林韋翰,新北中信特攻,1,91,105.0,1408.49,23.47,23:28,1408.49,23.47,23:28,58.0,58.0,55.24,88.95,42.0,42.0,40.0,64.41,36.0,36.0,34.29,55.21,17.0,17.0,16.19,26.07,18.0,18.0,17.14,27.6,9.0,9.0,8.57,13.8,18.0,18.0,17.14,27.6,8.0,8.0,7.62,12.27,21.0,21.0,20.0,32.2,16.0,16.0,15.24,24.54,7.0,7.0,6.67,10.73,13.0,13.0,12.38,19.94,5.0,5.0,4.76,7.67,21.0,21.0,20.0,32.2,6.0,6.0,5.71,9.2,15.0,15.0,14.29,23.0,5.0,5.0,4.76,7.67,1.0,1.0,0.95,1.53,11.0,11.0,10.48,16.87,7.0,7.0,6.67,10.73,55.24,40.0,15.24,107.35,16.0,16.0,15.24,23.47,23.47,0.58,0.64,0.5,0.44,0.76,0.12,0.88,0.25,0.72,0.43,4.76,0.95,0.1,6.67,0.58
10872,林彥廷,新北國王,10877,阿巴西,新北中信特攻,1,100,116.0,1509.33,25.16,25:09,1509.33,25.16,25:09,67.0,67.0,57.76,95.88,47.0,47.0,40.52,67.26,40.0,40.0,34.48,57.24,19.0,19.0,16.38,27.19,18.0,18.0,15.52,25.76,9.0,9.0,7.76,12.88,22.0,22.0,18.97,31.48,10.0,10.0,8.62,14.31,20.0,20.0,17.24,28.62,17.0,17.0,14.66,24.33,8.0,8.0,6.9,11.45,13.0,13.0,11.21,18.6,6.0,6.0,5.17,8.59,24.0,24.0,20.69,34.35,7.0,7.0,6.03,10.02,16.0,16.0,13.79,22.9,5.0,5.0,4.31,7.16,1.0,1.0,0.86,1.43,10.0,10.0,8.62,14.31,7.0,7.0,6.03,10.02,57.76,40.52,17.24,110.67,20.0,20.0,17.24,25.16,25.16,0.6,0.69,0.5,0.45,0.85,0.13,0.84,0.25,0.68,0.41,4.31,0.86,0.09,6.03,0.5
10872,林彥廷,新北國王,10879,簡廷兆,新北中信特攻,1,66,77.0,1047.87,17.46,17:28,1047.87,17.46,17:28,40.0,40.0,51.95,82.45,29.0,29.0,37.66,59.78,27.0,27.0,35.06,55.66,11.0,11.0,14.29,22.67,10.0,10.0,12.99,20.61,4.0,4.0,5.19,8.25,17.0,17.0,22.08,35.04,7.0,7.0,9.09,14.43,15.0,15.0,19.48,30.92,11.0,11.0,14.29,22.67,5.0,5.0,6.49,10.31,12.0,12.0,15.58,24.74,6.0,6.0,7.79,12.37,17.0,17.0,22.08,35.04,4.0,4.0,5.19,8.25,10.0,10.0,12.99,20.61,2.0,2.0,2.6,4.12,0.0,0.0,0.0,0.0,8.0,8.0,10.39,16.49,4.0,4.0,5.19,8.25,51.95,37.66,14.29,105.81,11.0,11.0,14.29,17.46,17.46,0.54,0.6,0.4,0.41,0.73,0.11,0.91,0.23,0.67,0.42,2.6,0.0,0.1,5.19,0.56
10872,林彥廷,新北國王,10880,內馬,新北中信特攻,1,77,88.0,1224.26,20.4,20:24,1224.26,20.4,20:24,43.0,43.0,48.86,75.87,34.0,34.0,38.64,59.99,31.0,31.0,35.23,54.69,14.0,14.0,15.91,24.7,16.0,16.0,18.18,28.23,8.0,8.0,9.09,14.11,15.0,15.0,17.05,26.46,6.0,6.0,6.82,10.59,13.0,13.0,14.77,22.94,9.0,9.0,10.23,15.88,5.0,5.0,5.68,8.82,13.0,13.0,14.77,22.94,4.0,4.0,4.55,7.06,15.0,15.0,17.05,26.46,6.0,6.0,6.82,10.59,11.0,11.0,12.5,19.41,5.0,5.0,5.68,8.82,1.0,1.0,1.14,1.76,10.0,10.0,11.36,17.64,8.0,8.0,9.09,14.11,48.86,38.64,10.23,103.51,9.0,9.0,10.23,20.4,20.4,0.55,0.59,0.5,0.4,0.69,0.14,0.79,0.25,0.76,0.49,5.68,1.14,0.11,9.09,0.42
10872,林彥廷,新北國王,10881,飛克,新北中信特攻,1,77,88.0,1173.17,19.55,19:33,1173.17,19.55,19:33,51.0,51.0,57.95,93.9,38.0,38.0,43.18,69.96,30.0,30.0,34.09,55.23,15.0,15.0,17.05,27.62,12.0,12.0,13.64,22.09,6.0,6.0,6.82,11.05,18.0,18.0,20.45,33.14,9.0,9.0,10.23,16.57,15.0,15.0,17.05,27.62,12.0,12.0,13.64,22.09,5.0,5.0,5.68,9.21,10.0,10.0,11.36,18.41,5.0,5.0,5.68,9.21,20.0,20.0,22.73,36.82,6.0,6.0,6.82,11.05,13.0,13.0,14.77,23.94,5.0,5.0,5.68,9.21,1.0,1.0,1.14,1.84,7.0,7.0,7.95,12.89,5.0,5.0,5.68,9.21,57.95,43.18,14.77,108.01,13.0,13.0,14.77,19.55,19.55,0.65,0.7,0.5,0.5,0.8,0.14,0.87,0.2,0.67,0.38,5.68,1.14,0.08,5.68,0.5
10874,熊祥泰,新北國王,43,林韋翰,新北中信特攻,1,57,66.0,947.3,15.79,15:47,947.3,15.79,15:47,37.0,37.0,56.06,84.37,24.0,24.0,36.36,54.72,25.0,25.0,37.88,57.0,12.0,12.0,18.18,27.36,10.0,10.0,15.15,22.8,5.0,5.0,7.58,11.4,15.0,15.0,22.73,34.2,7.0,7.0,10.61,15.96,11.0,11.0,16.67,25.08,6.0,6.0,9.09,13.68,4.0,4.0,6.06,9.12,10.0,10.0,15.15,22.8,4.0,4.0,6.06,9.12,14.0,14.0,21.21,31.92,4.0,4.0,6.06,9.12,11.0,11.0,16.67,25.08,3.0,3.0,4.55,6.84,0.0,0.0,0.0,0.0,7.0,7.0,10.61,15.96,5.0,5.0,7.58,11.4,56.06,36.36,19.7,100.33,13.0,13.0,19.7,15.79,15.79,0.62,0.62,0.5,0.47,0.55,0.12,0.92,0.22,0.71,0.44,4.55,0.0,0.11,7.58,0.44
10874,熊祥泰,新北國王,10879,簡廷兆,新北中信特攻,1,57,66.0,926.14,15.44,15:26,926.14,15.44,15:26,31.0,31.0,46.97,72.3,28.0,28.0,42.42,65.3,24.0,24.0,36.36,55.97,10.0,10.0,15.15,23.32,10.0,10.0,15.15,23.32,4.0,4.0,6.06,9.33,14.0,14.0,21.21,32.65,6.0,6.0,9.09,13.99,9.0,9.0,13.64,20.99,5.0,5.0,7.58,11.66,4.0,4.0,6.06,9.33,11.0,11.0,16.67,25.65,4.0,4.0,6.06,9.33,13.0,13.0,19.7,30.32,5.0,5.0,7.58,11.66,9.0,9.0,13.64,20.99,2.0,2.0,3.03,4.66,0.0,0.0,0.0,0.0,6.0,6.0,9.09,13.99,7.0,7.0,10.61,16.33,46.97,42.42,4.55,102.62,3.0,3.0,4.55,15.44,15.44,0.54,0.55,0.4,0.43,0.56,0.15,0.9,0.24,0.73,0.47,3.03,0.0,0.09,10.61,0.38
10874,熊祥泰,新北國王,10880,內馬,新北中信特攻,1,59,68.0,966.34,16.11,16:06,966.34,16.11,16:06,27.0,27.0,39.71,60.35,28.0,28.0,41.18,62.59,24.0,24.0,35.29,53.65,10.0,10.0,14.71,22.35,12.0,12.0,17.65,26.82,6.0,6.0,8.82,13.41,12.0,12.0,17.65,26.82,4.0,4.0,5.88,8.94,7.0,7.0,10.29,15.65,3.0,3.0,4.41,6.71,3.0,3.0,4.41,6.71,12.0,12.0,17.65,26.82,4.0,4.0,5.88,8.94,12.0,12.0,17.65,26.82,6.0,6.0,8.82,13.41,9.0,9.0,13.24,20.12,3.0,3.0,4.41,6.71,0.0,0.0,0.0,0.0,8.0,8.0,11.76,17.88,11.0,11.0,16.18,24.59,39.71,41.18,-1.47,101.33,-1.0,-1.0,-1.47,16.11,16.11,0.5,0.5,0.5,0.33,0.43,0.18,0.9,0.2,0.75,0.48,4.41,0.0,0.12,16.18,0.29
14038,飛米,新北國王,10879,簡廷兆,新北中信特攻,1,61,71.0,957.8,15.96,15:58,957.8,15.96,15:58,33.0,33.0,46.48,74.42,32.0,32.0,45.07,72.17,24.0,24.0,33.8,54.12,9.0,9.0,12.68,20.3,6.0,6.0,8.45,13.53,2.0,2.0,2.82,4.51,18.0,18.0,25.35,40.59,7.0,7.0,9.86,15.79,8.0,8.0,11.27,18.04,6.0,6.0,8.45,13.53,4.0,4.0,5.63,9.02,11.0,11.0,15.49,24.81,6.0,6.0,8.45,13.53,14.0,14.0,19.72,31.57,5.0,5.0,7.04,11.28,8.0,8.0,11.27,18.04,2.0,2.0,2.82,4.51,0.0,0.0,0.0,0.0,5.0,5.0,7.04,11.28,7.0,7.0,9.86,15.79,46.48,45.07,1.41,106.74,1.0,1.0,1.41,15.96,15.96,0.52,0.6,0.33,0.39,0.75,0.15,0.89,0.22,0.65,0.43,2.82,0.0,0.07,9.86,0.33
14038,飛米,新北國王,10880,內馬,新北中信特攻,1,75,87.0,1156.96,19.28,19:17,1156.96,19.28,19:17,38.0,38.0,43.68,70.94,41.0,41.0,47.13,76.55,29.0,29.0,33.33,54.14,11.0,11.0,12.64,20.54,11.0,11.0,12.64,20.54,5.0,5.0,5.75,9.33,18.0,18.0,20.69,33.61,6.0,6.0,6.9,11.2,10.0,10.0,11.49,18.67,8.0,8.0,9.2,14.94,5.0,5.0,5.75,9.33,13.0,13.0,14.94,24.27,5.0,5.0,5.75,9.33,14.0,14.0,16.09,26.14,7.0,7.0,8.05,13.07,9.0,9.0,10.34,16.8,5.0,5.0,5.75,9.33,0.0,0.0,0.0,0.0,6.0,6.0,6.9,11.2,10.0,10.0,11.49,18.67,43.68,47.13,-3.45,108.28,-3.0,-3.0,-3.45,19.28,19.28,0.48,0.57,0.45,0.33,0.8,0.17,0.82,0.26,0.72,0.49,5.75,0.0,0.07,11.49,0.34
43,林韋翰,新北中信特攻,24,蘇士軒,新北國王,1,59,66.0,992.74,16.55,16:33,992.74,16.55,16:33,22.0,22.0,33.33,47.87,30.0,30.0,45.45,65.27,26.0,26.0,39.39,56.57,10.0,10.0,15.15,21.76,11.0,11.0,16.67,23.93,6.0,6.0,9.09,13.05,15.0,15.0,22.73,32.64,4.0,4.0,6.06,8.7,3.0,3.0,4.55,6.53,1.0,1.0,1.52,2.18,4.0,4.0,6.06,8.7,14.0,14.0,21.21,30.46,0.0,0.0,0.0,0.0,14.0,14.0,21.21,30.46,8.0,8.0,12.12,17.41,6.0,6.0,9.09,13.05,4.0,4.0,6.06,8.7,1.0,1.0,1.52,2.18,7.0,7.0,10.61,15.23,9.0,9.0,13.64,19.58,33.33,45.45,-12.12,95.74,-8.0,-8.0,-12.12,16.55,16.55,0.46,0.4,0.55,0.27,0.33,0.23,0.6,0.22,1.0,0.56,6.06,1.52,0.11,13.64,0.12
113,林任鴻,新北中信特攻,10872,林彥廷,新北國王,1,16,16.0,314.59,5.24,05:15,314.59,5.24,05:15,5.0,5.0,31.25,34.33,7.0,7.0,43.75,48.06,5.0,5.0,31.25,34.33,3.0,3.0,18.75,20.6,3.0,3.0,18.75,20.6,3.0,3.0,18.75,20.6,2.0,2.0,12.5,13.73,0.0,0.0,0.0,0.0,2.0,2.0,12.5,13.73,1.0,1.0,6.25,6.87,0.0,0.0,0.0,0.0,2.0,2.0,12.5,13.73,0.0,0.0,0.0,0.0,4.0,4.0,25.0,27.46,3.0,3.0,18.75,20.6,1.0,1.0,6.25,6.87,0.0,0.0,0.0,0.0,0.0,0.0,0.0,0.0,3.0,3.0,18.75,20.6,5.0,5.0,31.25,34.33,31.25,43.75,-12.5,73.24,-2.0,-2.0,-12.5,5.24,5.24,0.6,0.43,1.0,0.0,0.5,0.34,0.33,0.0,1.0,0.33,0.0,0.0,0.19,31.25,0.4
8889,馬可,新北中信特攻,10872,林彥廷,新北國王,1,27,31.0,453.74,7.56,07:34,453.74,7.56,07:34,12.0,12.0,38.71,57.13,21.0,21.0,67.74,99.97,8.0,8.0,25.81,38.08,5.0,5.0,16.13,23.8,5.0,5.0,16.13,23.8,4.0,4.0,12.9,19.04,3.0,3.0,9.68,14.28,1.0,1.0,3.23,4.76,4.0,4.0,12.9,19.04,3.0,3.0,9.68,14.28,0.0,0.0,0.0,0.0,2.0,2.0,6.45,9.52,3.0,3.0,9.68,14.28,4.0,4.0,12.9,19.04,4.0,4.0,12.9,19.04,3.0,3.0,9.68,14.28,0.0,0.0,0.0,0.0,0.0,0.0,0.0,0.0,6.0,6.0,19.35,28.56,8.0,8.0,25.81,38.08,38.71,67.74,-29.03,98.38,-9.0,-9.0,-29.03,7.56,7.56,0.69,0.61,0.8,0.33,0.75,0.29,0.6,0.0,0.4,0.22,0.0,0.0,0.19,25.81,0.5
10879,簡廷兆,新北中信特攻,24,蘇士軒,新北國王,1,26,32.0,400.76,6.68,06:41,400.76,6.68,06:41,8.0,8.0,25.0,43.12,9.0,9.0,28.12,48.51,14.0,14.0,43.75,75.46,3.0,3.0,9.38,16.17,3.0,3.0,9.38,16.17,0.0,0.0,0.0,0.0,11.0,11.0,34.38,59.29,3.0,3.0,9.38,16.17,2.0,2.0,6.25,10.78,2.0,2.0,6.25,10.78,5.0,5.0,15.62,26.95,6.0,6.0,18.75,32.34,0.0,0.0,0.0,0.0,9.0,9.0,28.12,48.51,3.0,3.0,9.38,16.17,3.0,3.0,9.38,16.17,0.0,0.0,0.0,0.0,0.0,0.0,0.0,0.0,3.0,3.0,9.38,16.17,7.0,7.0,21.88,37.73,25.0,28.12,-3.12,114.98,-1.0,-1.0,-3.12,6.68,6.68,0.32,0.27,0.0,0.27,1.0,0.17,1.0,0.36,1.0,0.55,0.0,0.0,0.09,21.88,0.14
10879,簡廷兆,新北中信特攻,13029,杰倫,新北國王,1,42,51.0,697.99,11.63,11:38,697.99,11.63,11:38,17.0,17.0,33.33,52.61,13.0,13.0,25.49,40.23,22.0,22.0,43.14,68.08,6.0,6.0,11.76,18.57,8.0,8.0,15.69,24.76,3.0,3.0,5.88,9.28,14.0,14.0,27.45,43.32,3.0,3.0,5.88,9.28,5.0,5.0,9.8,15.47,5.0,5.0,9.8,15.47,6.0,6.0,11.76,18.57,9.0,9.0,17.65,27.85,2.0,2.0,3.92,6.19,13.0,13.0,25.49,40.23,3.0,3.0,5.88,9.28,5.0,5.0,9.8,15.47,0.0,0.0,0.0,0.0,0.0,0.0,0.0,0.0,4.0,4.0,7.84,12.38,9.0,9.0,17.65,27.85,33.33,25.49,7.84,105.22,4.0,4.0,7.84,11.63,11.63,0.34,0.35,0.38,0.21,1.0,0.11,0.83,0.32,0.82,0.5,0.0,0.0,0.08,17.65,0.23
10880,內馬,新北中信特攻,24,蘇士軒,新北國王,1,61,68.0,1017.46,16.96,16:57,1017.46,16.96,16:57,26.0,26.0,38.24,55.2,26.0,26.0,38.24,55.2,23.0,23.0,33.82,48.83,10.0,10.0,14.71,21.23,10.0,10.0,14.71,21.23,6.0,6.0,8.82,12.74,13.0,13.0,19.12,27.6,4.0,4.0,5.88,8.49,5.0,5.0,7.35,10.61,2.0,2.0,2.94,4.25,3.0,3.0,4.41,6.37,12.0,12.0,17.65,25.48,0.0,0.0,0.0,0.0,16.0,16.0,23.53,33.97,9.0,9.0,13.24,19.11,6.0,6.0,8.82,12.74,4.0,4.0,5.88,8.49,1.0,1.0,1.47,2.12,8.0,8.0,11.76,16.98,7.0,7.0,10.29,14.86,38.24,38.24,0.0,96.24,0.0,0.0,0.0,16.96,16.96,0.52,0.52,0.6,0.31,0.4,0.26,0.6,0.16,1.0,0.48,5.88,1.47,0.12,10.29,0.22
10880,內馬,新北中信特攻,13029,杰倫,新北國王,1,81,92.0,1386.78,23.11,23:07,1386.78,23.11,23:07,40.0,40.0,43.48,62.3,31.0,31.0,33.7,48.28,32.0,32.0,34.78,49.84,15.0,15.0,16.3,23.36,15.0,15.0,16.3,23.36,10.0,10.0,10.87,15.58,17.0,17.0,18.48,26.48,5.0,5.0,5.43,7.79,8.0,8.0,8.7,12.46,5.0,5.0,5.43,7.79,4.0,4.0,4.35,6.23,14.0,14.0,15.22,21.81,3.0,3.0,3.26,4.67,21.0,21.0,22.83,32.71,10.0,10.0,10.87,15.58,9.0,9.0,9.78,14.02,4.0,4.0,4.35,6.23,1.0,1.0,1.09,1.56,12.0,12.0,13.04,18.69,8.0,8.0,8.7,12.46,43.48,33.7,9.78,95.53,9.0,9.0,9.78,23.11,23.11,0.55,0.56,0.67,0.29,0.62,0.22,0.6,0.16,0.82,0.43,4.35,1.09,0.13,8.7,0.25
24,蘇士軒,新北國王,43,林韋翰,新北中信特攻,1,59,66.0,992.74,16.55,16:33,992.74,16.55,16:33,30.0,30.0,45.45,65.27,22.0,22.0,33.33,47.87,23.0,23.0,34.85,50.04,10.0,10.0,15.15,21.76,12.0,12.0,18.18,26.11,7.0,7.0,10.61,15.23,11.0,11.0,16.67,23.93,3.0,3.0,4.55,6.53,9.0,9.0,13.64,19.58,7.0,7.0,10.61,15.23,0.0,0.0,0.0,0.0,14.0,14.0,21.21,30.46,4.0,4.0,6.06,8.7,14.0,14.0,21.21,30.46,3.0,3.0,4.55,6.53,6.0,6.0,9.09,13.05,2.0,2.0,3.03,4.35,1.0,1.0,1.52,2.18,12.0,12.0,18.18,26.11,3.0,3.0,4.55,6.53,45.45,33.33,12.12,95.74,8.0,8.0,12.12,16.55,16.55,0.5,0.56,0.58,0.27,0.78,0.1,0.6,0.0,0.78,0.44,3.03,1.52,0.18,4.55,0.39
24,蘇士軒,新北國王,10879,簡廷兆,新北中信特攻,1,26,32.0,400.76,6.68,06:41,400.76,6.68,06:41,9.0,9.0,28.12,48.51,8.0,8.0,25.0,43.12,10.0,10.0,31.25,53.9,2.0,2.0,6.25,10.78,5.0,5.0,15.62,26.95,2.0,2.0,6.25,10.78,5.0,5.0,15.62,26.95,0.0,0.0,0.0,0.0,7.0,7.0,21.88,37.73,5.0,5.0,15.62,26.95,0.0,0.0,0.0,0.0,9.0,9.0,28.12,48.51,5.0,5.0,15.62,26.95,6.0,6.0,18.75,32.34,1.0,1.0,3.12,5.39,2.0,2.0,6.25,10.78,0.0,0.0,0.0,0.0,0.0,0.0,0.0,0.0,5.0,5.0,15.62,26.95,2.0,2.0,6.25,10.78,28.12,25.0,3.12,114.98,1.0,1.0,3.12,6.68,6.68,0.2,0.34,0.4,0.0,0.71,0.07,1.0,0.0,0.64,0.45,0.0,0.0,0.16,6.25,0.7
24,蘇士軒,新北國王,10880,內馬,新北中信特攻,1,61,68.0,1017.46,16.96,16:57,1017.46,16.96,16:57,26.0,26.0,38.24,55.2,26.0,26.0,38.24,55.2,24.0,24.0,35.29,50.95,9.0,9.0,13.24,19.11,11.0,11.0,16.18,23.35,6.0,6.0,8.82,12.74,13.0,13.0,19.12,27.6,3.0,3.0,4.41,6.37,7.0,7.0,10.29,14.86,5.0,5.0,7.35,10.61,0.0,0.0,0.0,0.0,16.0,16.0,23.53,33.97,3.0,3.0,4.41,6.37,12.0,12.0,17.65,25.48,4.0,4.0,5.88,8.49,5.0,5.0,7.35,10.61,2.0,2.0,2.94,4.25,1.0,1.0,1.47,2.12,12.0,12.0,17.65,25.48,5.0,5.0,7.35,10.61,38.24,38.24,0.0,96.24,0.0,0.0,0.0,16.96,16.96,0.44,0.48,0.55,0.23,0.71,0.13,0.56,0.0,0.84,0.52,2.94,1.47,0.18,7.35,0.29
10872,林彥廷,新北國王,113,林任鴻,新北中信特攻,1,16,16.0,314.59,5.24,05:15,314.59,5.24,05:15,7.0,7.0,43.75,48.06,5.0,5.0,31.25,34.33,6.0,6.0,37.5,41.2,3.0,3.0,18.75,20.6,4.0,4.0,25.0,27.46,3.0,3.0,18.75,20.6,2.0,2.0,12.5,13.73,0.0,0.0,0.0,0.0,5.0,5.0,31.25,34.33,3.0,3.0,18.75,20.6,0.0,0.0,0.0,0.0,4.0,4.0,25.0,27.46,0.0,0.0,0.0,0.0,2.0,2.0,12.5,13.73,1.0,1.0,6.25,6.87,3.0,3.0,18.75,20.6,0.0,0.0,0.0,0.0,0.0,0.0,0.0,0.0,5.0,5.0,31.25,34.33,2.0,2.0,12.5,13.73,43.75,31.25,12.5,73.24,2.0,2.0,12.5,5.24,5.24,0.5,0.43,0.75,0.0,0.6,0.11,1.0,0.0,1.0,0.67,0.0,0.0,0.31,12.5,0.83
10872,林彥廷,新北國王,8889,馬可,新北中信特攻,1,27,31.0,453.74,7.56,07:34,453.74,7.56,07:34,21.0,21.0,67.74,99.97,12.0,12.0,38.71,57.13,13.0,13.0,41.94,61.89,7.0,7.0,22.58,33.32,9.0,9.0,29.03,42.84,5.0,5.0,16.13,23.8,4.0,4.0,12.9,19.04,2.0,2.0,6.45,9.52,8.0,8.0,25.81,38.08,5.0,5.0,16.13,23.8,3.0,3.0,9.68,14.28,4.0,4.0,12.9,19.04,0.0,0.0,0.0,0.0,2.0,2.0,6.45,9.52,0.0,0.0,0.0,0.0,6.0,6.0,19.35,28.56,0.0,0.0,0.0,0.0,0.0,0.0,0.0,0.0,7.0,7.0,22.58,33.32,4.0,4.0,12.9,19.04,67.74,38.71,29.03,98.38,9.0,9.0,29.03,7.56,7.56,0.62,0.64,0.56,0.5,0.62,0.0,0.86,0.6,1.0,0.78,0.0,0.0,0.23,12.9,0.62
13029,杰倫,新北國王,10879,簡廷兆,新北中信特攻,1,42,51.0,697.99,11.63,11:38,697.99,11.63,11:38,13.0,13.0,25.49,40.23,17.0,17.0,33.33,52.61,18.0,18.0,35.29,55.7,4.0,4.0,7.84,12.38,9.0,9.0,17.65,27.85,4.0,4.0,7.84,12.38,9.0,9.0,17.65,27.85,0.0,0.0,0.0,0.0,9.0,9.0,17.65,27.85,7.0,7.0,13.73,21.66,2.0,2.0,3.92,6.19,13.0,13.0,25.49,40.23,6.0,6.0,11.76,18.57,9.0,9.0,17.65,27.85,2.0,2.0,3.92,6.19,3.0,3.0,5.88,9.28,0.0,0.0,0.0,0.0,0.0,0.0,0.0,0.0,6.0,6.0,11.76,18.57,5.0,5.0,9.8,15.47,25.49,33.33,-7.84,105.22,-4.0,-4.0,-7.84,11.63,11.63,0.22,0.3,0.44,0.0,0.78,0.08,0.75,0.18,0.68,0.5,0.0,0.0,0.12,9.8,0.5
13029,杰倫,新北國王,10880,內馬,新北中信特攻,1,81,92.0,1386.78,23.11,23:07,1386.78,23.11,23:07,31.0,31.0,33.7,48.28,40.0,40.0,43.48,62.3,35.0,35.0,38.04,54.51,12.0,12.0,13.04,18.69,17.0,17.0,18.48,26.48,9.0,9.0,9.78,14.02,18.0,18.0,19.57,28.04,3.0,3.0,3.26,4.67,8.0,8.0,8.7,12.46,6.0,6.0,6.52,9.35,3.0,3.0,3.26,4.67,21.0,21.0,22.83,32.71,4.0,4.0,4.35,6.23,14.0,14.0,15.22,21.81,5.0,5.0,5.43,7.79,6.0,6.0,6.52,9.35,2.0,2.0,2.17,3.12,1.0,1.0,1.09,1.56,15.0,15.0,16.3,23.36,8.0,8.0,8.7,12.46,33.7,43.48,-9.78,95.53,-9.0,-9.0,-9.78,23.11,23.11,0.39,0.4,0.53,0.17,0.75,0.11,0.5,0.18,0.84,0.57,2.17,1.09,0.16,8.7,0.23
39,魏嘉豪,新北中信特攻,24,蘇士軒,新北國王,1,1,1.0,0.9,0.01,00:01,0.9,0.01,00:01,1.0,1.0,100.0,2410.71,0.0,0.0,0.0,0.0,0.0,0.0,0.0,0.0,0.0,0.0,0.0,0.0,0.0,0.0,0.0,0.0,0.0,0.0,0.0,0.0,0.0,0.0,0.0,0.0,0.0,0.0,0.0,0.0,2.0,2.0,200.0,4821.43,1.0,1.0,100.0,2410.71,0.0,0.0,0.0,0.0,0.0,0.0,0.0,0.0,0.0,0.0,0.0,0.0,0.0,0.0,0.0,0.0,0.0,0.0,0.0,0.0,0.0,0.0,0.0,0.0,0.0,0.0,0.0,0.0,0.0,0.0,0.0,0.0,0.0,0.0,0.0,0.0,0.0,0.0,0.0,0.0,100.0,0.0,100.0,1607.14,1.0,1.0,100.0,0.01,0.01,,0.57,,,0.5,0.0,,,,,0.0,0.0,0.0,0.0,
39,魏嘉豪,新北中信特攻,32,奧帝,新北國王,1,1,1.0,17.9,0.3,00:18,17.9,0.3,00:18,1.0,1.0,100.0,120.7,0.0,0.0,0.0,0.0,0.0,0.0,0.0,0.0,0.0,0.0,0.0,0.0,0.0,0.0,0.0,0.0,0.0,0.0,0.0,0.0,0.0,0.0,0.0,0.0,0.0,0.0,0.0,0.0,2.0,2.0,200.0,241.39,1.0,1.0,100.0,120.7,0.0,0.0,0.0,0.0,0.0,0.0,0.0,0.0,0.0,0.0,0.0,0.0,0.0,0.0,0.0,0.0,0.0,0.0,0.0,0.0,0.0,0.0,0.0,0.0,0.0,0.0,0.0,0.0,0.0,0.0,0.0,0.0,0.0,0.0,0.0,0.0,0.0,0.0,0.0,0.0,100.0,0.0,100.0,80.46,1.0,1.0,100.0,0.3,0.3,,0.57,,,0.5,0.0,,,,,0.0,0.0,0.0,0.0,
39,魏嘉豪,新北中信特攻,10872,林彥廷,新北國王,1,1,1.0,17.9,0.3,00:18,17.9,0.3,00:18,1.0,1.0,100.0,120.7,0.0,0.0,0.0,0.0,0.0,0.0,0.0,0.0,0.0,0.0,0.0,0.0,0.0,0.0,0.0,0.0,0.0,0.0,0.0,0.0,0.0,0.0,0.0,0.0,0.0,0.0,0.0,0.0,2.0,2.0,200.0,241.39,1.0,1.0,100.0,120.7,0.0,0.0,0.0,0.0,0.0,0.0,0.0,0.0,0.0,0.0,0.0,0.0,0.0,0.0,0.0,0.0,0.0,0.0,0.0,0.0,0.0,0.0,0.0,0.0,0.0,0.0,0.0,0.0,0.0,0.0,0.0,0.0,0.0,0.0,0.0,0.0,0.0,0.0,0.0,0.0,100.0,0.0,100.0,80.46,1.0,1.0,100.0,0.3,0.3,,0.57,,,0.5,0.0,,,,,0.0,0.0,0.0,0.0,
39,魏嘉豪,新北中信特攻,10874,熊祥泰,新北國王,1,1,1.0,17.9,0.3,00:18,17.9,0.3,00:18,1.0,1.0,100.0,120.7,0.0,0.0,0.0,0.0,0.0,0.0,0.0,0.0,0.0,0.0,0.0,0.0,0.0,0.0,0.0,0.0,0.0,0.0,0.0,0.0,0.0,0.0,0.0,0.0,0.0,0.0,0.0,0.0,2.0,2.0,200.0,241.39,1.0,1.0,100.0,120.7,0.0,0.0,0.0,0.0,0.0,0.0,0.0,0.0,0.0,0.0,0.0,0.0,0.0,0.0,0.0,0.0,0.0,0.0,0.0,0.0,0.0,0.0,0.0,0.0,0.0,0.0,0.0,0.0,0.0,0.0,0.0,0.0,0.0,0.0,0.0,0.0,0.0,0.0,0.0,0.0,100.0,0.0,100.0,80.46,1.0,1.0,100.0,0.3,0.3,,0.57,,,0.5,0.0,,,,,0.0,0.0,0.0,0.0,
39,魏嘉豪,新北中信特攻,13029,杰倫,新北國王,1,1,1.0,17.9,0.3,00:18,17.9,0.3,00:18,1.0,1.0,100.0,120.7,0.0,0.0,0.0,0.0,0.0,0.0,0.0,0.0,0.0,0.0,0.0,0.0,0.0,0.0,0.0,0.0,0.0,0.0,0.0,0.0,0.0,0.0,0.0,0.0,0.0,0.0,0.0,0.0,2.0,2.0,200.0,241.39,1.0,1.0,100.0,120.7,0.0,0.0,0.0,0.0,0.0,0.0,0.0,0.0,0.0,0.0,0.0,0.0,0.0,0.0,0.0,0.0,0.0,0.0,0.0,0.0,0.0,0.0,0.0,0.0,0.0,0.0,0.0,0.0,0.0,0.0,0.0,0.0,0.0,0.0,0.0,0.0,0.0,0.0,0.0,0.0,100.0,0.0,100.0,80.46,1.0,1.0,100.0,0.3,0.3,,0.57,,,0.5,0.0,,,,,0.0,0.0,0.0,0.0,
44,黃泓瀚,新北中信特攻,24,蘇士軒,新北國王,1,1,1.0,0.9,0.01,00:01,0.9,0.01,00:01,1.0,1.0,100.0,2410.71,0.0,0.0,0.0,0.0,0.0,0.0,0.0,0.0,0.0,0.0,0.0,0.0,0.0,0.0,0.0,0.0,0.0,0.0,0.0,0.0,0.0,0.0,0.0,0.0,0.0,0.0,0.0,0.0,2.0,2.0,200.0,4821.43,1.0,1.0,100.0,2410.71,0.0,0.0,0.0,0.0,0.0,0.0,0.0,0.0,0.0,0.0,0.0,0.0,0.0,0.0,0.0,0.0,0.0,0.0,0.0,0.0,0.0,0.0,0.0,0.0,0.0,0.0,0.0,0.0,0.0,0.0,0.0,0.0,0.0,0.0,0.0,0.0,0.0,0.0,0.0,0.0,100.0,0.0,100.0,1607.14,1.0,1.0,100.0,0.01,0.01,,0.57,,,0.5,0.0,,,,,0.0,0.0,0.0,0.0,
44,黃泓瀚,新北中信特攻,32,奧帝,新北國王,1,1,1.0,17.9,0.3,00:18,17.9,0.3,00:18,1.0,1.0,100.0,120.7,0.0,0.0,0.0,0.0,0.0,0.0,0.0,0.0,0.0,0.0,0.0,0.0,0.0,0.0,0.0,0.0,0.0,0.0,0.0,0.0,0.0,0.0,0.0,0.0,0.0,0.0,0.0,0.0,2.0,2.0,200.0,241.39,1.0,1.0,100.0,120.7,0.0,0.0,0.0,0.0,0.0,0.0,0.0,0.0,0.0,0.0,0.0,0.0,0.0,0.0,0.0,0.0,0.0,0.0,0.0,0.0,0.0,0.0,0.0,0.0,0.0,0.0,0.0,0.0,0.0,0.0,0.0,0.0,0.0,0.0,0.0,0.0,0.0,0.0,0.0,0.0,100.0,0.0,100.0,80.46,1.0,1.0,100.0,0.3,0.3,,0.57,,,0.5,0.0,,,,,0.0,0.0,0.0,0.0,
44,黃泓瀚,新北中信特攻,10872,林彥廷,新北國王,1,1,1.0,17.9,0.3,00:18,17.9,0.3,00:18,1.0,1.0,100.0,120.7,0.0,0.0,0.0,0.0,0.0,0.0,0.0,0.0,0.0,0.0,0.0,0.0,0.0,0.0,0.0,0.0,0.0,0.0,0.0,0.0,0.0,0.0,0.0,0.0,0.0,0.0,0.0,0.0,2.0,2.0,200.0,241.39,1.0,1.0,100.0,120.7,0.0,0.0,0.0,0.0,0.0,0.0,0.0,0.0,0.0,0.0,0.0,0.0,0.0,0.0,0.0,0.0,0.0,0.0,0.0,0.0,0.0,0.0,0.0,0.0,0.0,0.0,0.0,0.0,0.0,0.0,0.0,0.0,0.0,0.0,0.0,0.0,0.0,0.0,0.0,0.0,100.0,0.0,100.0,80.46,1.0,1.0,100.0,0.3,0.3,,0.57,,,0.5,0.0,,,,,0.0,0.0,0.0,0.0,
44,黃泓瀚,新北中信特攻,10874,熊祥泰,新北國王,1,1,1.0,17.9,0.3,00:18,17.9,0.3,00:18,1.0,1.0,100.0,120.7,0.0,0.0,0.0,0.0,0.0,0.0,0.0,0.0,0.0,0.0,0.0,0.0,0.0,0.0,0.0,0.0,0.0,0.0,0.0,0.0,0.0,0.0,0.0,0.0,0.0,0.0,0.0,0.0,2.0,2.0,200.0,241.39,1.0,1.0,100.0,120.7,0.0,0.0,0.0,0.0,0.0,0.0,0.0,0.0,0.0,0.0,0.0,0.0,0.0,0.0,0.0,0.0,0.0,0.0,0.0,0.0,0.0,0.0,0.0,0.0,0.0,0.0,0.0,0.0,0.0,0.0,0.0,0.0,0.0,0.0,0.0,0.0,0.0,0.0,0.0,0.0,100.0,0.0,100.0,80.46,1.0,1.0,100.0,0.3,0.3,,0.57,,,0.5,0.0,,,,,0.0,0.0,0.0,0.0,
44,黃泓瀚,新北中信特攻,13029,杰倫,新北國王,1,1,1.0,17.9,0.3,00:18,17.9,0.3,00:18,1.0,1.0,100.0,120.7,0.0,0.0,0.0,0.0,0.0,0.0,0.0,0.0,0.0,0.0,0.0,0.0,0.0,0.0,0.0,0.0,0.0,0.0,0.0,0.0,0.0,0.0,0.0,0.0,0.0,0.0,0.0,0.0,2.0,2.0,200.0,241.39,1.0,1.0,100.0,120.7,0.0,0.0,0.0,0.0,0.0,0.0,0.0,0.0,0.0,0.0,0.0,0.0,0.0,0.0,0.0,0.0,0.0,0.0,0.0,0.0,0.0,0.0,0.0,0.0,0.0,0.0,0.0,0.0,0.0,0.0,0.0,0.0,0.0,0.0,0.0,0.0,0.0,0.0,0.0,0.0,100.0,0.0,100.0,80.46,1.0,1.0,100.0,0.3,0.3,,0.57,,,0.5,0.0,,,,,0.0,0.0,0.0,0.0,
24,蘇士軒,新北國王,39,魏嘉豪,新北中信特攻,1,1,1.0,0.9,0.01,00:01,0.9,0.01,00:01,0.0,0.0,0.0,0.0,1.0,1.0,100.0,2410.71,0.0,0.0,0.0,0.0,0.0,0.0,0.0,0.0,0.0,0.0,0.0,0.0,0.0,0.0,0.0,0.0,0.0,0.0,0.0,0.0,0.0,0.0,0.0,0.0,0.0,0.0,0.0,0.0,0.0,0.0,0.0,0.0,0.0,0.0,0.0,0.0,0.0,0.0,0.0,0.0,0.0,0.0,0.0,0.0,0.0,0.0,0.0,0.0,0.0,0.0,0.0,0.0,0.0,0.0,0.0,0.0,0.0,0.0,0.0,0.0,0.0,0.0,0.0,0.0,0.0,0.0,0.0,0.0,2.0,2.0,200.0,4821.43,0.0,100.0,-100.0,1607.14,-1.0,-1.0,-100.0,0.01,0.01,,,,,,,,,,,0.0,0.0,0.0,200.0,
24,蘇士軒,新北國王,44,黃泓瀚,新北中信特攻,1,1,1.0,0.9,0.01,00:01,0.9,0.01,00:01,0.0,0.0,0.0,0.0,1.0,1.0,100.0,2410.71,0.0,0.0,0.0,0.0,0.0,0.0,0.0,0.0,0.0,0.0,0.0,0.0,0.0,0.0,0.0,0.0,0.0,0.0,0.0,0.0,0.0,0.0,0.0,0.0,0.0,0.0,0.0,0.0,0.0,0.0,0.0,0.0,0.0,0.0,0.0,0.0,0.0,0.0,0.0,0.0,0.0,0.0,0.0,0.0,0.0,0.0,0.0,0.0,0.0,0.0,0.0,0.0,0.0,0.0,0.0,0.0,0.0,0.0,0.0,0.0,0.0,0.0,0.0,0.0,0.0,0.0,0.0,0.0,2.0,2.0,200.0,4821.43,0.0,100.0,-100.0,1607.14,-1.0,-1.0,-100.0,0.01,0.01,,,,,,,,,,,0.0,0.0,0.0,200.0,
32,奧帝,新北國王,39,魏嘉豪,新北中信特攻,1,1,1.0,17.9,0.3,00:18,17.9,0.3,00:18,0.0,0.0,0.0,0.0,1.0,1.0,100.0,120.7,0.0,0.0,0.0,0.0,0.0,0.0,0.0,0.0,0.0,0.0,0.0,0.0,0.0,0.0,0.0,0.0,0.0,0.0,0.0,0.0,0.0,0.0,0.0,0.0,0.0,0.0,0.0,0.0,0.0,0.0,0.0,0.0,0.0,0.0,0.0,0.0,0.0,0.0,0.0,0.0,0.0,0.0,0.0,0.0,0.0,0.0,0.0,0.0,0.0,0.0,0.0,0.0,0.0,0.0,0.0,0.0,0.0,0.0,0.0,0.0,0.0,0.0,0.0,0.0,1.0,1.0,100.0,120.7,2.0,2.0,200.0,241.39,0.0,100.0,-100.0,80.46,-1.0,-1.0,-100.0,0.3,0.3,,,,,,,,,,,0.0,0.0,1.0,200.0,
32,奧帝,新北國王,44,黃泓瀚,新北中信特攻,1,1,1.0,17.9,0.3,00:18,17.9,0.3,00:18,0.0,0.0,0.0,0.0,1.0,1.0,100.0,120.7,0.0,0.0,0.0,0.0,0.0,0.0,0.0,0.0,0.0,0.0,0.0,0.0,0.0,0.0,0.0,0.0,0.0,0.0,0.0,0.0,0.0,0.0,0.0,0.0,0.0,0.0,0.0,0.0,0.0,0.0,0.0,0.0,0.0,0.0,0.0,0.0,0.0,0.0,0.0,0.0,0.0,0.0,0.0,0.0,0.0,0.0,0.0,0.0,0.0,0.0,0.0,0.0,0.0,0.0,0.0,0.0,0.0,0.0,0.0,0.0,0.0,0.0,0.0,0.0,1.0,1.0,100.0,120.7,2.0,2.0,200.0,241.39,0.0,100.0,-100.0,80.46,-1.0,-1.0,-100.0,0.3,0.3,,,,,,,,,,,0.0,0.0,1.0,200.0,
10872,林彥廷,新北國王,39,魏嘉豪,新北中信特攻,1,1,1.0,17.9,0.3,00:18,17.9,0.3,00:18,0.0,0.0,0.0,0.0,1.0,1.0,100.0,120.7,0.0,0.0,0.0,0.0,0.0,0.0,0.0,0.0,0.0,0.0,0.0,0.0,0.0,0.0,0.0,0.0,0.0,0.0,0.0,0.0,0.0,0.0,0.0,0.0,0.0,0.0,0.0,0.0,0.0,0.0,0.0,0.0,0.0,0.0,0.0,0.0,0.0,0.0,0.0,0.0,0.0,0.0,0.0,0.0,0.0,0.0,0.0,0.0,0.0,0.0,0.0,0.0,0.0,0.0,0.0,0.0,0.0,0.0,0.0,0.0,0.0,0.0,0.0,0.0,1.0,1.0,100.0,120.7,2.0,2.0,200.0,241.39,0.0,100.0,-100.0,80.46,-1.0,-1.0,-100.0,0.3,0.3,,,,,,,,,,,0.0,0.0,1.0,200.0,
10872,林彥廷,新北國王,44,黃泓瀚,新北中信特攻,1,1,1.0,17.9,0.3,00:18,17.9,0.3,00:18,0.0,0.0,0.0,0.0,1.0,1.0,100.0,120.7,0.0,0.0,0.0,0.0,0.0,0.0,0.0,0.0,0.0,0.0,0.0,0.0,0.0,0.0,0.0,0.0,0.0,0.0,0.0,0.0,0.0,0.0,0.0,0.0,0.0,0.0,0.0,0.0,0.0,0.0,0.0,0.0,0.0,0.0,0.0,0.0,0.0,0.0,0.0,0.0,0.0,0.0,0.0,0.0,0.0,0.0,0.0,0.0,0.0,0.0,0.0,0.0,0.0,0.0,0.0,0.0,0.0,0.0,0.0,0.0,0.0,0.0,0.0,0.0,1.0,1.0,100.0,120.7,2.0,2.0,200.0,241.39,0.0,100.0,-100.0,80.46,-1.0,-1.0,-100.0,0.3,0.3,,,,,,,,,,,0.0,0.0,1.0,200.0,
10874,熊祥泰,新北國王,39,魏嘉豪,新北中信特攻,1,1,1.0,17.9,0.3,00:18,17.9,0.3,00:18,0.0,0.0,0.0,0.0,1.0,1.0,100.0,120.7,0.0,0.0,0.0,0.0,0.0,0.0,0.0,0.0,0.0,0.0,0.0,0.0,0.0,0.0,0.0,0.0,0.0,0.0,0.0,0.0,0.0,0.0,0.0,0.0,0.0,0.0,0.0,0.0,0.0,0.0,0.0,0.0,0.0,0.0,0.0,0.0,0.0,0.0,0.0,0.0,0.0,0.0,0.0,0.0,0.0,0.0,0.0,0.0,0.0,0.0,0.0,0.0,0.0,0.0,0.0,0.0,0.0,0.0,0.0,0.0,0.0,0.0,0.0,0.0,1.0,1.0,100.0,120.7,2.0,2.0,200.0,241.39,0.0,100.0,-100.0,80.46,-1.0,-1.0,-100.0,0.3,0.3,,,,,,,,,,,0.0,0.0,1.0,200.0,
10874,熊祥泰,新北國王,44,黃泓瀚,新北中信特攻,1,1,1.0,17.9,0.3,00:18,17.9,0.3,00:18,0.0,0.0,0.0,0.0,1.0,1.0,100.0,120.7,0.0,0.0,0.0,0.0,0.0,0.0,0.0,0.0,0.0,0.0,0.0,0.0,0.0,0.0,0.0,0.0,0.0,0.0,0.0,0.0,0.0,0.0,0.0,0.0,0.0,0.0,0.0,0.0,0.0,0.0,0.0,0.0,0.0,0.0,0.0,0.0,0.0,0.0,0.0,0.0,0.0,0.0,0.0,0.0,0.0,0.0,0.0,0.0,0.0,0.0,0.0,0.0,0.0,0.0,0.0,0.0,0.0,0.0,0.0,0.0,0.0,0.0,0.0,0.0,1.0,1.0,100.0,120.7,2.0,2.0,200.0,241.39,0.0,100.0,-100.0,80.46,-1.0,-1.0,-100.0,0.3,0.3,,,,,,,,,,,0.0,0.0,1.0,200.0,
13029,杰倫,新北國王,39,魏嘉豪,新北中信特攻,1,1,1.0,17.9,0.3,00:18,17.9,0.3,00:18,0.0,0.0,0.0,0.0,1.0,1.0,100.0,120.7,0.0,0.0,0.0,0.0,0.0,0.0,0.0,0.0,0.0,0.0,0.0,0.0,0.0,0.0,0.0,0.0,0.0,0.0,0.0,0.0,0.0,0.0,0.0,0.0,0.0,0.0,0.0,0.0,0.0,0.0,0.0,0.0,0.0,0.0,0.0,0.0,0.0,0.0,0.0,0.0,0.0,0.0,0.0,0.0,0.0,0.0,0.0,0.0,0.0,0.0,0.0,0.0,0.0,0.0,0.0,0.0,0.0,0.0,0.0,0.0,0.0,0.0,0.0,0.0,1.0,1.0,100.0,120.7,2.0,2.0,200.0,241.39,0.0,100.0,-100.0,80.46,-1.0,-1.0,-100.0,0.3,0.3,,,,,,,,,,,0.0,0.0,1.0,200.0,
13029,杰倫,新北國王,44,黃泓瀚,新北中信特攻,1,1,1.0,17.9,0.3,00:18,17.9,0.3,00:18,0.0,0.0,0.0,0.0,1.0,1.0,100.0,120.7,0.0,0.0,0.0,0.0,0.0,0.0,0.0,0.0,0.0,0.0,0.0,0.0,0.0,0.0,0.0,0.0,0.0,0.0,0.0,0.0,0.0,0.0,0.0,0.0,0.0,0.0,0.0,0.0,0.0,0.0,0.0,0.0,0.0,0.0,0.0,0.0,0.0,0.0,0.0,0.0,0.0,0.0,0.0,0.0,0.0,0.0,0.0,0.0,0.0,0.0,0.0,0.0,0.0,0.0,0.0,0.0,0.0,0.0,0.0,0.0,0.0,0.0,0.0,0.0,1.0,1.0,100.0,120.7,2.0,2.0,200.0,241.39,0.0,100.0,-100.0,80.46,-1.0,-1.0,-100.0,0.3,0.3,,,,,,,,,,,0.0,0.0,1.0,200.0,
40,謝亞軒,新北中信特攻,10872,林彥廷,新北國王,1,66,74.0,1003.03,16.72,16:43,1003.03,16.72,16:43,28.0,28.0,37.84,60.3,46.0,46.0,62.16,99.06,26.0,26.0,35.14,55.99,12.0,12.0,16.22,25.84,13.0,13.0,17.57,28.0,9.0,9.0,12.16,19.38,13.0,13.0,17.57,28.0,3.0,3.0,4.05,6.46,4.0,4.0,5.41,8.61,3.0,3.0,4.05,6.46,1.0,1.0,1.35,2.15,12.0,12.0,16.22,25.84,5.0,5.0,6.76,10.77,8.0,8.0,10.81,17.23,6.0,6.0,8.11,12.92,7.0,7.0,9.46,15.07,1.0,1.0,1.35,2.15,0.0,0.0,0.0,0.0,8.0,8.0,10.81,17.23,14.0,14.0,18.92,30.15,37.84,62.16,-24.32,106.24,-18.0,-18.0,-24.32,16.72,16.72,0.52,0.5,0.69,0.23,0.75,0.18,0.58,0.11,0.71,0.5,1.35,0.0,0.11,18.92,0.15
10880,內馬,新北中信特攻,21,李愷諺,新北國王,1,58,65.0,901.36,15.02,15:01,901.36,15.02,15:01,29.0,29.0,44.62,69.5,32.0,32.0,49.23,76.68,23.0,23.0,35.38,55.12,9.0,9.0,13.85,21.57,10.0,10.0,15.38,23.96,5.0,5.0,7.69,11.98,13.0,13.0,20.0,31.15,4.0,4.0,6.15,9.59,6.0,6.0,9.23,14.38,5.0,5.0,7.69,11.98,3.0,3.0,4.62,7.19,10.0,10.0,15.38,23.96,2.0,2.0,3.08,4.79,13.0,13.0,20.0,31.15,6.0,6.0,9.23,14.38,5.0,5.0,7.69,11.98,3.0,3.0,4.62,7.19,1.0,1.0,1.54,2.4,9.0,9.0,13.85,21.57,8.0,8.0,12.31,19.17,44.62,49.23,-4.62,103.84,-3.0,-3.0,-4.62,15.02,15.02,0.48,0.57,0.5,0.31,0.83,0.19,0.56,0.19,0.83,0.46,4.62,1.54,0.14,12.31,0.26
21,李愷諺,新北國王,10880,內馬,新北中信特攻,1,58,65.0,901.36,15.02,15:01,901.36,15.02,15:01,32.0,32.0,49.23,76.68,29.0,29.0,44.62,69.5,25.0,25.0,38.46,59.91,10.0,10.0,15.38,23.96,10.0,10.0,15.38,23.96,6.0,6.0,9.23,14.38,15.0,15.0,23.08,35.95,4.0,4.0,6.15,9.59,8.0,8.0,12.31,19.17,8.0,8.0,12.31,19.17,2.0,2.0,3.08,4.79,13.0,13.0,20.0,31.15,3.0,3.0,4.62,7.19,10.0,10.0,15.38,23.96,2.0,2.0,3.08,4.79,6.0,6.0,9.23,14.38,0.0,0.0,0.0,0.0,0.0,0.0,0.0,0.0,9.0,9.0,13.85,21.57,6.0,6.0,9.23,14.38,49.23,44.62,4.62,103.84,3.0,3.0,4.62,15.02,15.02,0.48,0.56,0.6,0.27,1.0,0.07,0.6,0.17,0.81,0.54,0.0,0.0,0.14,9.23,0.32
10872,林彥廷,新北國王,40,謝亞軒,新北中信特攻,1,66,74.0,1003.03,16.72,16:43,1003.03,16.72,16:43,46.0,46.0,62.16,99.06,28.0,28.0,37.84,60.3,27.0,27.0,36.49,58.14,14.0,14.0,18.92,30.15,15.0,15.0,20.27,32.3,9.0,9.0,12.16,19.38,12.0,12.0,16.22,25.84,5.0,5.0,6.76,10.77,14.0,14.0,18.92,30.15,13.0,13.0,17.57,28.0,5.0,5.0,6.76,10.77,8.0,8.0,10.81,17.23,1.0,1.0,1.35,2.15,12.0,12.0,16.22,25.84,4.0,4.0,5.41,8.61,12.0,12.0,16.22,25.84,3.0,3.0,4.05,6.46,1.0,1.0,1.35,2.15,9.0,9.0,12.16,19.38,4.0,4.0,5.41,8.61,62.16,37.84,24.32,106.24,18.0,18.0,24.32,16.72,16.72,0.61,0.69,0.6,0.42,0.93,0.11,0.86,0.29,0.89,0.5,4.05,1.35,0.12,5.41,0.52
40,謝亞軒,新北中信特攻,10873,喬納森,新北國王,1,2,2.0,10.0,0.17,00:10,10.0,0.17,00:10,0.0,0.0,0.0,0.0,0.0,0.0,0.0,0.0,2.0,2.0,100.0,432.0,0.0,0.0,0.0,0.0,0.0,0.0,0.0,0.0,0.0,0.0,0.0,0.0,2.0,2.0,100.0,432.0,0.0,0.0,0.0,0.0,0.0,0.0,0.0,0.0,0.0,0.0,0.0,0.0,0.0,0.0,0.0,0.0,0.0,0.0,0.0,0.0,0.0,0.0,0.0,0.0,0.0,0.0,0.0,0.0,0.0,0.0,0.0,0.0,0.0,0.0,0.0,0.0,0.0,0.0,0.0,0.0,0.0,0.0,0.0,0.0,0.0,0.0,0.0,0.0,0.0,0.0,0.0,0.0,0.0,0.0,0.0,288.0,0.0,0.0,0.0,0.17,0.17,0.0,0.0,,0.0,,0.0,,,,,0.0,0.0,0.0,0.0,0.0
43,林韋翰,新北中信特攻,10873,喬納森,新北國王,1,2,2.0,10.0,0.17,00:10,10.0,0.17,00:10,0.0,0.0,0.0,0.0,0.0,0.0,0.0,0.0,2.0,2.0,100.0,432.0,0.0,0.0,0.0,0.0,0.0,0.0,0.0,0.0,0.0,0.0,0.0,0.0,2.0,2.0,100.0,432.0,0.0,0.0,0.0,0.0,0.0,0.0,0.0,0.0,0.0,0.0,0.0,0.0,0.0,0.0,0.0,0.0,0.0,0.0,0.0,0.0,0.0,0.0,0.0,0.0,0.0,0.0,0.0,0.0,0.0,0.0,0.0,0.0,0.0,0.0,0.0,0.0,0.0,0.0,0.0,0.0,0.0,0.0,0.0,0.0,0.0,0.0,0.0,0.0,0.0,0.0,0.0,0.0,0.0,0.0,0.0,288.0,0.0,0.0,0.0,0.17,0.17,0.0,0.0,,0.0,,0.0,,,,,0.0,0.0,0.0,0.0,0.0
8889,馬可,新北中信特攻,10873,喬納森,新北國王,1,1,1.0,7.0,0.12,00:07,7.0,0.12,00:07,0.0,0.0,0.0,0.0,0.0,0.0,0.0,0.0,1.0,1.0,100.0,308.57,0.0,0.0,0.0,0.0,0.0,0.0,0.0,0.0,0.0,0.0,0.0,0.0,1.0,1.0,100.0,308.57,0.0,0.0,0.0,0.0,0.0,0.0,0.0,0.0,0.0,0.0,0.0,0.0,0.0,0.0,0.0,0.0,0.0,0.0,0.0,0.0,0.0,0.0,0.0,0.0,0.0,0.0,0.0,0.0,0.0,0.0,0.0,0.0,0.0,0.0,0.0,0.0,0.0,0.0,0.0,0.0,0.0,0.0,0.0,0.0,0.0,0.0,0.0,0.0,0.0,0.0,0.0,0.0,0.0,0.0,0.0,205.71,0.0,0.0,0.0,0.12,0.12,0.0,0.0,,0.0,,0.0,,,,,0.0,0.0,0.0,0.0,0.0
10877,阿巴西,新北中信特攻,10873,喬納森,新北國王,1,2,2.0,10.0,0.17,00:10,10.0,0.17,00:10,0.0,0.0,0.0,0.0,0.0,0.0,0.0,0.0,2.0,2.0,100.0,432.0,0.0,0.0,0.0,0.0,0.0,0.0,0.0,0.0,0.0,0.0,0.0,0.0,2.0,2.0,100.0,432.0,0.0,0.0,0.0,0.0,0.0,0.0,0.0,0.0,0.0,0.0,0.0,0.0,0.0,0.0,0.0,0.0,0.0,0.0,0.0,0.0,0.0,0.0,0.0,0.0,0.0,0.0,0.0,0.0,0.0,0.0,0.0,0.0,0.0,0.0,0.0,0.0,0.0,0.0,0.0,0.0,0.0,0.0,0.0,0.0,0.0,0.0,0.0,0.0,0.0,0.0,0.0,0.0,0.0,0.0,0.0,288.0,0.0,0.0,0.0,0.17,0.17,0.0,0.0,,0.0,,0.0,,,,,0.0,0.0,0.0,0.0,0.0
10880,內馬,新北中信特攻,10873,喬納森,新北國王,1,2,2.0,10.0,0.17,00:10,10.0,0.17,00:10,0.0,0.0,0.0,0.0,0.0,0.0,0.0,0.0,2.0,2.0,100.0,432.0,0.0,0.0,0.0,0.0,0.0,0.0,0.0,0.0,0.0,0.0,0.0,0.0,2.0,2.0,100.0,432.0,0.0,0.0,0.0,0.0,0.0,0.0,0.0,0.0,0.0,0.0,0.0,0.0,0.0,0.0,0.0,0.0,0.0,0.0,0.0,0.0,0.0,0.0,0.0,0.0,0.0,0.0,0.0,0.0,0.0,0.0,0.0,0.0,0.0,0.0,0.0,0.0,0.0,0.0,0.0,0.0,0.0,0.0,0.0,0.0,0.0,0.0,0.0,0.0,0.0,0.0,0.0,0.0,0.0,0.0,0.0,288.0,0.0,0.0,0.0,0.17,0.17,0.0,0.0,,0.0,,0.0,,,,,0.0,0.0,0.0,0.0,0.0
10873,喬納森,新北國王,40,謝亞軒,新北中信特攻,1,2,2.0,10.0,0.17,00:10,10.0,0.17,00:10,0.0,0.0,0.0,0.0,0.0,0.0,0.0,0.0,0.0,0.0,0.0,0.0,0.0,0.0,0.0,0.0,0.0,0.0,0.0,0.0,0.0,0.0,0.0,0.0,0.0,0.0,0.0,0.0,0.0,0.0,0.0,0.0,0.0,0.0,0.0,0.0,0.0,0.0,0.0,0.0,0.0,0.0,0.0,0.0,0.0,0.0,0.0,0.0,0.0,0.0,0.0,0.0,0.0,0.0,0.0,0.0,0.0,0.0,0.0,0.0,0.0,0.0,0.0,0.0,0.0,0.0,0.0,0.0,0.0,0.0,0.0,0.0,0.0,0.0,0.0,0.0,0.0,0.0,0.0,0.0,0.0,0.0,0.0,288.0,0.0,0.0,0.0,0.17,0.17,,,,,,,,,,,0.0,0.0,0.0,0.0,
10873,喬納森,新北國王,43,林韋翰,新北中信特攻,1,2,2.0,10.0,0.17,00:10,10.0,0.17,00:10,0.0,0.0,0.0,0.0,0.0,0.0,0.0,0.0,0.0,0.0,0.0,0.0,0.0,0.0,0.0,0.0,0.0,0.0,0.0,0.0,0.0,0.0,0.0,0.0,0.0,0.0,0.0,0.0,0.0,0.0,0.0,0.0,0.0,0.0,0.0,0.0,0.0,0.0,0.0,0.0,0.0,0.0,0.0,0.0,0.0,0.0,0.0,0.0,0.0,0.0,0.0,0.0,0.0,0.0,0.0,0.0,0.0,0.0,0.0,0.0,0.0,0.0,0.0,0.0,0.0,0.0,0.0,0.0,0.0,0.0,0.0,0.0,0.0,0.0,0.0,0.0,0.0,0.0,0.0,0.0,0.0,0.0,0.0,288.0,0.0,0.0,0.0,0.17,0.17,,,,,,,,,,,0.0,0.0,0.0,0.0,
10873,喬納森,新北國王,8889,馬可,新北中信特攻,1,1,1.0,7.0,0.12,00:07,7.0,0.12,00:07,0.0,0.0,0.0,0.0,0.0,0.0,0.0,0.0,0.0,0.0,0.0,0.0,0.0,0.0,0.0,0.0,0.0,0.0,0.0,0.0,0.0,0.0,0.0,0.0,0.0,0.0,0.0,0.0,0.0,0.0,0.0,0.0,0.0,0.0,0.0,0.0,0.0,0.0,0.0,0.0,0.0,0.0,0.0,0.0,0.0,0.0,0.0,0.0,0.0,0.0,0.0,0.0,0.0,0.0,0.0,0.0,0.0,0.0,0.0,0.0,0.0,0.0,0.0,0.0,0.0,0.0,0.0,0.0,0.0,0.0,0.0,0.0,0.0,0.0,0.0,0.0,0.0,0.0,0.0,0.0,0.0,0.0,0.0,205.71,0.0,0.0,0.0,0.12,0.12,,,,,,,,,,,0.0,0.0,0.0,0.0,
10873,喬納森,新北國王,10877,阿巴西,新北中信特攻,1,2,2.0,10.0,0.17,00:10,10.0,0.17,00:10,0.0,0.0,0.0,0.0,0.0,0.0,0.0,0.0,0.0,0.0,0.0,0.0,0.0,0.0,0.0,0.0,0.0,0.0,0.0,0.0,0.0,0.0,0.0,0.0,0.0,0.0,0.0,0.0,0.0,0.0,0.0,0.0,0.0,0.0,0.0,0.0,0.0,0.0,0.0,0.0,0.0,0.0,0.0,0.0,0.0,0.0,0.0,0.0,0.0,0.0,0.0,0.0,0.0,0.0,0.0,0.0,0.0,0.0,0.0,0.0,0.0,0.0,0.0,0.0,0.0,0.0,0.0,0.0,0.0,0.0,0.0,0.0,0.0,0.0,0.0,0.0,0.0,0.0,0.0,0.0,0.0,0.0,0.0,288.0,0.0,0.0,0.0,0.17,0.17,,,,,,,,,,,0.0,0.0,0.0,0.0,
10873,喬納森,新北國王,10880,內馬,新北中信特攻,1,2,2.0,10.0,0.17,00:10,10.0,0.17,00:10,0.0,0.0,0.0,0.0,0.0,0.0,0.0,0.0,0.0,0.0,0.0,0.0,0.0,0.0,0.0,0.0,0.0,0.0,0.0,0.0,0.0,0.0,0.0,0.0,0.0,0.0,0.0,0.0,0.0,0.0,0.0,0.0,0.0,0.0,0.0,0.0,0.0,0.0,0.0,0.0,0.0,0.0,0.0,0.0,0.0,0.0,0.0,0.0,0.0,0.0,0.0,0.0,0.0,0.0,0.0,0.0,0.0,0.0,0.0,0.0,0.0,0.0,0.0,0.0,0.0,0.0,0.0,0.0,0.0,0.0,0.0,0.0,0.0,0.0,0.0,0.0,0.0,0.0,0.0,0.0,0.0,0.0,0.0,288.0,0.0,0.0,0.0,0.17,0.17,,,,,,,,,,,0.0,0.0,0.0,0.0,
10880,內馬,新北中信特攻,23,王柏智,新北國王,1,2,4.0,49.0,0.82,00:49,49.0,0.82,00:49,3.0,3.0,75.0,132.24,2.0,2.0,50.0,88.16,1.0,1.0,25.0,44.08,1.0,1.0,25.0,44.08,0.0,0.0,0.0,0.0,0.0,0.0,0.0,0.0,1.0,1.0,25.0,44.08,1.0,1.0,25.0,44.08,0.0,0.0,0.0,0.0,0.0,0.0,0.0,0.0,0.0,0.0,0.0,0.0,0.0,0.0,0.0,0.0,2.0,2.0,50.0,88.16,0.0,0.0,0.0,0.0,0.0,0.0,0.0,0.0,0.0,0.0,0.0,0.0,0.0,0.0,0.0,0.0,0.0,0.0,0.0,0.0,1.0,1.0,25.0,44.08,0.0,0.0,0.0,0.0,75.0,50.0,25.0,117.55,1.0,1.0,25.0,0.82,0.82,1.5,1.5,,1.0,,0.0,0.0,,0.0,0.0,0.0,0.0,0.25,0.0,0.0
23,王柏智,新北國王,10880,內馬,新北中信特攻,1,2,4.0,49.0,0.82,00:49,49.0,0.82,00:49,2.0,2.0,50.0,88.16,3.0,3.0,75.0,132.24,3.0,3.0,75.0,132.24,1.0,1.0,25.0,44.08,2.0,2.0,50.0,88.16,1.0,1.0,25.0,44.08,1.0,1.0,25.0,44.08,0.0,0.0,0.0,0.0,0.0,0.0,0.0,0.0,0.0,0.0,0.0,0.0,2.0,2.0,50.0,88.16,0.0,0.0,0.0,0.0,0.0,0.0,0.0,0.0,0.0,0.0,0.0,0.0,0.0,0.0,0.0,0.0,0.0,0.0,0.0,0.0,0.0,0.0,0.0,0.0,0.0,0.0,0.0,0.0,2.0,2.0,50.0,88.16,0.0,0.0,0.0,0.0,50.0,75.0,-25.0,117.55,-1.0,-1.0,-25.0,0.82,0.82,0.33,0.33,0.5,0.0,,0.0,0.0,1.0,,1.0,0.0,0.0,0.5,0.0,0.0
10879,簡廷兆,新北中信特攻,21,李愷諺,新北國王,1,32,38.0,489.81,8.16,08:10,489.81,8.16,08:10,15.0,15.0,39.47,66.15,11.0,11.0,28.95,48.51,16.0,16.0,42.11,70.56,3.0,3.0,7.89,13.23,6.0,6.0,15.79,26.46,1.0,1.0,2.63,4.41,10.0,10.0,26.32,44.1,2.0,2.0,5.26,8.82,7.0,7.0,18.42,30.87,7.0,7.0,18.42,30.87,5.0,5.0,13.16,22.05,6.0,6.0,15.79,26.46,1.0,1.0,2.63,4.41,8.0,8.0,21.05,35.28,2.0,2.0,5.26,8.82,2.0,2.0,5.26,8.82,0.0,0.0,0.0,0.0,0.0,0.0,0.0,0.0,3.0,3.0,7.89,13.23,6.0,6.0,15.79,26.46,39.47,28.95,10.53,111.72,4.0,4.0,10.53,8.16,8.16,0.25,0.39,0.17,0.2,1.0,0.09,0.67,0.38,0.86,0.55,0.0,0.0,0.08,15.79,0.44
21,李愷諺,新北國王,10879,簡廷兆,新北中信特攻,1,32,38.0,489.81,8.16,08:10,489.81,8.16,08:10,11.0,11.0,28.95,48.51,15.0,15.0,39.47,66.15,11.0,11.0,28.95,48.51,2.0,2.0,5.26,8.82,3.0,3.0,7.89,13.23,1.0,1.0,2.63,4.41,8.0,8.0,21.05,35.28,1.0,1.0,2.63,4.41,6.0,6.0,15.79,26.46,6.0,6.0,15.79,26.46,1.0,1.0,2.63,4.41,8.0,8.0,21.05,35.28,5.0,5.0,13.16,22.05,6.0,6.0,15.79,26.46,2.0,2.0,5.26,8.82,2.0,2.0,5.26,8.82,0.0,0.0,0.0,0.0,0.0,0.0,0.0,0.0,5.0,5.0,13.16,22.05,7.0,7.0,18.42,30.87,28.95,39.47,-10.53,111.72,-4.0,-4.0,-10.53,8.16,8.16,0.23,0.4,0.33,0.12,1.0,0.13,1.0,0.14,0.62,0.45,0.0,0.0,0.13,18.42,0.55
10879,簡廷兆,新北中信特攻,10873,喬納森,新北國王,1,1,1.0,3.0,0.05,00:03,3.0,0.05,00:03,0.0,0.0,0.0,0.0,0.0,0.0,0.0,0.0,1.0,1.0,100.0,720.0,0.0,0.0,0.0,0.0,0.0,0.0,0.0,0.0,0.0,0.0,0.0,0.0,1.0,1.0,100.0,720.0,0.0,0.0,0.0,0.0,0.0,0.0,0.0,0.0,0.0,0.0,0.0,0.0,0.0,0.0,0.0,0.0,0.0,0.0,0.0,0.0,0.0,0.0,0.0,0.0,0.0,0.0,0.0,0.0,0.0,0.0,0.0,0.0,0.0,0.0,0.0,0.0,0.0,0.0,0.0,0.0,0.0,0.0,0.0,0.0,0.0,0.0,0.0,0.0,0.0,0.0,0.0,0.0,0.0,0.0,0.0,480.0,0.0,0.0,0.0,0.05,0.05,0.0,0.0,,0.0,,0.0,,,,,0.0,0.0,0.0,0.0,0.0
10873,喬納森,新北國王,10879,簡廷兆,新北中信特攻,1,1,1.0,3.0,0.05,00:03,3.0,0.05,00:03,0.0,0.0,0.0,0.0,0.0,0.0,0.0,0.0,0.0,0.0,0.0,0.0,0.0,0.0,0.0,0.0,0.0,0.0,0.0,0.0,0.0,0.0,0.0,0.0,0.0,0.0,0.0,0.0,0.0,0.0,0.0,0.0,0.0,0.0,0.0,0.0,0.0,0.0,0.0,0.0,0.0,0.0,0.0,0.0,0.0,0.0,0.0,0.0,0.0,0.0,0.0,0.0,0.0,0.0,0.0,0.0,0.0,0.0,0.0,0.0,0.0,0.0,0.0,0.0,0.0,0.0,0.0,0.0,0.0,0.0,0.0,0.0,0.0,0.0,0.0,0.0,0.0,0.0,0.0,0.0,0.0,0.0,0.0,480.0,0.0,0.0,0.0,0.05,0.05,,,,,,,,,,,0.0,0.0,0.0,0.0,
47,曾文鼎,新北中信特攻,24,蘇士軒,新北國王,1,11,15.0,130.7,2.18,02:11,130.7,2.18,02:11,3.0,3.0,20.0,49.58,4.0,4.0,26.67,66.11,9.0,9.0,60.0,148.74,2.0,2.0,13.33,33.05,4.0,4.0,26.67,66.11,0.0,0.0,0.0,0.0,5.0,5.0,33.33,82.63,2.0,2.0,13.33,33.05,2.0,2.0,13.33,33.05,1.0,1.0,6.67,16.53,3.0,3.0,20.0,49.58,5.0,5.0,33.33,82.63,0.0,0.0,0.0,0.0,3.0,3.0,20.0,49.58,0.0,0.0,0.0,0.0,2.0,2.0,13.33,33.05,0.0,0.0,0.0,0.0,0.0,0.0,0.0,0.0,0.0,0.0,0.0,0.0,2.0,2.0,13.33,33.05,20.0,26.67,-6.67,165.27,-1.0,-1.0,-6.67,2.18,2.18,0.33,0.15,0.0,0.4,0.5,0.0,1.0,0.5,1.0,0.73,0.0,0.0,0.0,13.33,0.22
47,曾文鼎,新北中信特攻,29,林書緯,新北國王,1,30,38.0,454.1,7.57,07:34,454.1,7.57,07:34,13.0,13.0,34.21,61.84,17.0,17.0,44.74,80.86,19.0,19.0,50.0,90.38,5.0,5.0,13.16,23.78,7.0,7.0,18.42,33.3,2.0,2.0,5.26,9.51,12.0,12.0,31.58,57.08,3.0,3.0,7.89,14.27,2.0,2.0,5.26,9.51,1.0,1.0,2.63,4.76,5.0,5.0,13.16,23.78,10.0,10.0,26.32,47.57,2.0,2.0,5.26,9.51,6.0,6.0,15.79,28.54,1.0,1.0,2.63,4.76,4.0,4.0,10.53,19.03,0.0,0.0,0.0,0.0,0.0,0.0,0.0,0.0,0.0,0.0,0.0,0.0,4.0,4.0,10.53,19.03,34.21,44.74,-10.53,120.5,-4.0,-4.0,-10.53,7.57,7.57,0.34,0.33,0.29,0.25,0.5,0.05,0.8,0.45,0.83,0.65,0.0,0.0,0.0,10.53,0.11
47,曾文鼎,新北中信特攻,32,奧帝,新北國王,1,22,28.0,281.1,4.69,04:41,281.1,4.69,04:41,9.0,9.0,32.14,69.16,15.0,15.0,53.57,115.26,14.0,14.0,50.0,107.58,3.0,3.0,10.71,23.05,4.0,4.0,14.29,30.74,0.0,0.0,0.0,0.0,10.0,10.0,35.71,76.84,3.0,3.0,10.71,23.05,2.0,2.0,7.14,15.37,1.0,1.0,3.57,7.68,4.0,4.0,14.29,30.74,8.0,8.0,28.57,61.47,1.0,1.0,3.57,7.68,4.0,4.0,14.29,30.74,1.0,1.0,3.57,7.68,3.0,3.0,10.71,23.05,0.0,0.0,0.0,0.0,0.0,0.0,0.0,0.0,0.0,0.0,0.0,0.0,4.0,4.0,14.29,30.74,32.14,53.57,-21.43,143.44,-6.0,-6.0,-21.43,4.69,4.69,0.32,0.3,0.0,0.3,0.5,0.06,1.0,0.5,0.89,0.71,0.0,0.0,0.0,14.29,0.14
47,曾文鼎,新北中信特攻,10874,熊祥泰,新北國王,1,23,27.0,381.4,6.36,06:21,381.4,6.36,06:21,7.0,7.0,25.93,39.64,13.0,13.0,48.15,73.62,11.0,11.0,40.74,62.3,3.0,3.0,11.11,16.99,5.0,5.0,18.52,28.32,2.0,2.0,7.41,11.33,6.0,6.0,22.22,33.98,1.0,1.0,3.7,5.66,0.0,0.0,0.0,0.0,0.0,0.0,0.0,0.0,1.0,1.0,3.7,5.66,7.0,7.0,25.93,39.64,2.0,2.0,7.41,11.33,5.0,5.0,18.52,28.32,1.0,1.0,3.7,5.66,2.0,2.0,7.41,11.33,0.0,0.0,0.0,0.0,0.0,0.0,0.0,0.0,0.0,0.0,0.0,0.0,2.0,2.0,7.41,11.33,25.93,48.15,-22.22,101.94,-6.0,-6.0,-22.22,6.36,6.36,0.32,0.32,0.4,0.17,,0.08,0.67,0.17,0.78,0.53,0.0,0.0,0.0,7.41,0.0
47,曾文鼎,新北中信特攻,13029,杰倫,新北國王,1,19,25.0,303.7,5.06,05:04,303.7,5.06,05:04,7.0,7.0,28.0,49.79,6.0,6.0,24.0,42.67,14.0,14.0,56.0,99.57,4.0,4.0,16.0,28.45,7.0,7.0,28.0,49.79,2.0,2.0,8.0,14.22,7.0,7.0,28.0,49.79,2.0,2.0,8.0,14.22,2.0,2.0,8.0,14.22,1.0,1.0,4.0,7.11,4.0,4.0,16.0,28.45,7.0,7.0,28.0,49.79,1.0,1.0,4.0,7.11,5.0,5.0,20.0,35.56,0.0,0.0,0.0,0.0,3.0,3.0,12.0,21.34,0.0,0.0,0.0,0.0,0.0,0.0,0.0,0.0,0.0,0.0,0.0,0.0,2.0,2.0,8.0,14.22,28.0,24.0,4.0,118.54,1.0,1.0,4.0,5.06,5.06,0.36,0.24,0.29,0.29,0.5,0.0,0.75,0.44,0.88,0.65,0.0,0.0,0.0,8.0,0.14
24,蘇士軒,新北國王,47,曾文鼎,新北中信特攻,1,11,15.0,130.7,2.18,02:11,130.7,2.18,02:11,4.0,4.0,26.67,66.11,3.0,3.0,20.0,49.58,4.0,4.0,26.67,66.11,1.0,1.0,6.67,16.53,3.0,3.0,20.0,49.58,1.0,1.0,6.67,16.53,1.0,1.0,6.67,16.53,0.0,0.0,0.0,0.0,2.0,2.0,13.33,33.05,2.0,2.0,13.33,33.05,0.0,0.0,0.0,0.0,3.0,3.0,20.0,49.58,3.0,3.0,20.0,49.58,5.0,5.0,33.33,82.63,1.0,1.0,6.67,16.53,1.0,1.0,6.67,16.53,0.0,0.0,0.0,0.0,0.0,0.0,0.0,0.0,3.0,3.0,20.0,49.58,2.0,2.0,13.33,33.05,26.67,20.0,6.67,165.27,1.0,1.0,6.67,2.18,2.18,0.25,0.41,0.33,0.0,1.0,0.17,1.0,0.0,0.5,0.27,0.0,0.0,0.2,13.33,0.5
29,林書緯,新北國王,47,曾文鼎,新北中信特攻,1,30,38.0,454.1,7.57,07:34,454.1,7.57,07:34,17.0,17.0,44.74,80.86,13.0,13.0,34.21,61.84,13.0,13.0,34.21,61.84,5.0,5.0,13.16,23.78,5.0,5.0,13.16,23.78,2.0,2.0,5.26,9.51,8.0,8.0,21.05,38.05,3.0,3.0,7.89,14.27,4.0,4.0,10.53,19.03,4.0,4.0,10.53,19.03,2.0,2.0,5.26,9.51,6.0,6.0,15.79,28.54,5.0,5.0,13.16,23.78,10.0,10.0,26.32,47.57,2.0,2.0,5.26,9.51,4.0,4.0,10.53,19.03,0.0,0.0,0.0,0.0,0.0,0.0,0.0,0.0,4.0,4.0,10.53,19.03,2.0,2.0,5.26,9.51,44.74,34.21,10.53,120.5,4.0,4.0,10.53,7.57,7.57,0.5,0.58,0.4,0.38,1.0,0.12,0.8,0.17,0.55,0.35,0.0,0.0,0.11,5.26,0.31
32,奧帝,新北國王,47,曾文鼎,新北中信特攻,1,22,28.0,281.1,4.69,04:41,281.1,4.69,04:41,15.0,15.0,53.57,115.26,9.0,9.0,32.14,69.16,9.0,9.0,32.14,69.16,4.0,4.0,14.29,30.74,3.0,3.0,10.71,23.05,1.0,1.0,3.57,7.68,6.0,6.0,21.43,46.1,3.0,3.0,10.71,23.05,4.0,4.0,14.29,30.74,4.0,4.0,14.29,30.74,1.0,1.0,3.57,7.68,4.0,4.0,14.29,30.74,4.0,4.0,14.29,30.74,8.0,8.0,28.57,61.47,1.0,1.0,3.57,7.68,4.0,4.0,14.29,30.74,0.0,0.0,0.0,0.0,0.0,0.0,0.0,0.0,4.0,4.0,14.29,30.74,2.0,2.0,7.14,15.37,53.57,32.14,21.43,143.44,6.0,6.0,21.43,4.69,4.69,0.61,0.7,0.33,0.5,1.0,0.09,1.0,0.11,0.5,0.29,0.0,0.0,0.14,7.14,0.44
10874,熊祥泰,新北國王,47,曾文鼎,新北中信特攻,1,23,27.0,381.4,6.36,06:21,381.4,6.36,06:21,13.0,13.0,48.15,73.62,7.0,7.0,25.93,39.64,11.0,11.0,40.74,62.3,4.0,4.0,14.81,22.65,3.0,3.0,11.11,16.99,1.0,1.0,3.7,5.66,8.0,8.0,29.63,45.31,3.0,3.0,11.11,16.99,2.0,2.0,7.41,11.33,2.0,2.0,7.41,11.33,2.0,2.0,7.41,11.33,5.0,5.0,18.52,28.32,1.0,1.0,3.7,5.66,7.0,7.0,25.93,39.64,2.0,2.0,7.41,11.33,3.0,3.0,11.11,16.99,0.0,0.0,0.0,0.0,0.0,0.0,0.0,0.0,3.0,3.0,11.11,16.99,0.0,0.0,0.0,0.0,48.15,25.93,22.22,101.94,6.0,6.0,22.22,6.36,6.36,0.5,0.55,0.33,0.38,1.0,0.14,0.75,0.22,0.83,0.47,0.0,0.0,0.11,0.0,0.18
13029,杰倫,新北國王,47,曾文鼎,新北中信特攻,1,19,25.0,303.7,5.06,05:04,303.7,5.06,05:04,6.0,6.0,24.0,42.67,7.0,7.0,28.0,49.79,8.0,8.0,32.0,56.9,2.0,2.0,8.0,14.22,5.0,5.0,20.0,35.56,2.0,2.0,8.0,14.22,3.0,3.0,12.0,21.34,0.0,0.0,0.0,0.0,2.0,2.0,8.0,14.22,2.0,2.0,8.0,14.22,1.0,1.0,4.0,7.11,5.0,5.0,20.0,35.56,4.0,4.0,16.0,28.45,7.0,7.0,28.0,49.79,2.0,2.0,8.0,14.22,1.0,1.0,4.0,7.11,0.0,0.0,0.0,0.0,0.0,0.0,0.0,0.0,3.0,3.0,12.0,21.34,2.0,2.0,8.0,14.22,24.0,28.0,-4.0,118.54,-1.0,-1.0,-4.0,5.06,5.06,0.25,0.34,0.4,0.0,1.0,0.18,0.5,0.12,0.56,0.35,0.0,0.0,0.12,8.0,0.25
47,曾文鼎,新北中信特攻,10872,林彥廷,新北國王,1,23,28.0,355.79,5.93,05:56,355.79,5.93,05:56,13.0,13.0,46.43,78.92,17.0,17.0,60.71,103.21,13.0,13.0,46.43,78.92,4.0,4.0,14.29,24.28,3.0,3.0,10.71,18.21,2.0,2.0,7.14,12.14,10.0,10.0,35.71,60.71,2.0,2.0,7.14,12.14,0.0,0.0,0.0,0.0,0.0,0.0,0.0,0.0,3.0,3.0,10.71,18.21,7.0,7.0,25.0,42.5,2.0,2.0,7.14,12.14,3.0,3.0,10.71,18.21,1.0,1.0,3.57,6.07,3.0,3.0,10.71,18.21,0.0,0.0,0.0,0.0,0.0,0.0,0.0,0.0,0.0,0.0,0.0,0.0,4.0,4.0,14.29,24.28,46.43,60.71,-14.29,113.32,-4.0,-4.0,-14.29,5.93,5.93,0.38,0.5,0.67,0.2,,0.07,0.75,0.5,0.78,0.67,0.0,0.0,0.0,14.29,0.0
47,曾文鼎,新北中信特攻,14038,飛米,新北國王,1,19,23.0,323.41,5.39,05:23,323.41,5.39,05:23,10.0,10.0,43.48,66.79,13.0,13.0,56.52,86.83,10.0,10.0,43.48,66.79,3.0,3.0,13.04,20.04,3.0,3.0,13.04,20.04,2.0,2.0,8.7,13.36,7.0,7.0,30.43,46.75,1.0,1.0,4.35,6.68,0.0,0.0,0.0,0.0,0.0,0.0,0.0,0.0,2.0,2.0,8.7,13.36,5.0,5.0,21.74,33.39,2.0,2.0,8.7,13.36,3.0,3.0,13.04,20.04,1.0,1.0,4.35,6.68,2.0,2.0,8.7,13.36,0.0,0.0,0.0,0.0,0.0,0.0,0.0,0.0,0.0,0.0,0.0,0.0,2.0,2.0,8.7,13.36,43.48,56.52,-13.04,102.41,-3.0,-3.0,-13.04,5.39,5.39,0.35,0.5,0.67,0.14,,0.09,0.67,0.4,0.71,0.58,0.0,0.0,0.0,8.7,0.0
10872,林彥廷,新北國王,47,曾文鼎,新北中信特攻,1,23,28.0,355.79,5.93,05:56,355.79,5.93,05:56,17.0,17.0,60.71,103.21,13.0,13.0,46.43,78.92,10.0,10.0,35.71,60.71,5.0,5.0,17.86,30.35,3.0,3.0,10.71,18.21,2.0,2.0,7.14,12.14,7.0,7.0,25.0,42.5,3.0,3.0,10.71,18.21,4.0,4.0,14.29,24.28,4.0,4.0,14.29,24.28,2.0,2.0,7.14,12.14,3.0,3.0,10.71,18.21,3.0,3.0,10.71,18.21,7.0,7.0,25.0,42.5,1.0,1.0,3.57,6.07,4.0,4.0,14.29,24.28,0.0,0.0,0.0,0.0,0.0,0.0,0.0,0.0,1.0,1.0,3.57,6.07,0.0,0.0,0.0,0.0,60.71,46.43,14.29,113.32,4.0,4.0,14.29,5.93,5.93,0.65,0.72,0.67,0.43,1.0,0.08,0.8,0.22,0.5,0.33,0.0,0.0,0.04,0.0,0.4
14038,飛米,新北國王,47,曾文鼎,新北中信特攻,1,19,23.0,323.41,5.39,05:23,323.41,5.39,05:23,13.0,13.0,56.52,86.83,10.0,10.0,43.48,66.79,9.0,9.0,39.13,60.11,4.0,4.0,17.39,26.72,2.0,2.0,8.7,13.36,1.0,1.0,4.35,6.68,7.0,7.0,30.43,46.75,3.0,3.0,13.04,20.04,2.0,2.0,8.7,13.36,2.0,2.0,8.7,13.36,2.0,2.0,8.7,13.36,3.0,3.0,13.04,20.04,2.0,2.0,8.7,13.36,5.0,5.0,21.74,33.39,1.0,1.0,4.35,6.68,3.0,3.0,13.04,20.04,0.0,0.0,0.0,0.0,0.0,0.0,0.0,0.0,1.0,1.0,4.35,6.68,0.0,0.0,0.0,0.0,56.52,43.48,13.04,102.41,3.0,3.0,13.04,5.39,5.39,0.61,0.66,0.5,0.43,1.0,0.09,0.75,0.29,0.6,0.42,0.0,0.0,0.04,0.0,0.22
47,曾文鼎,新北中信特攻,21,李愷諺,新北國王,1,3,6.0,40.31,0.67,00:40,40.31,0.67,00:40,3.0,3.0,50.0,160.75,0.0,0.0,0.0,0.0,5.0,5.0,83.33,267.92,1.0,1.0,16.67,53.58,2.0,2.0,33.33,107.17,0.0,0.0,0.0,0.0,3.0,3.0,50.0,160.75,1.0,1.0,16.67,53.58,2.0,2.0,33.33,107.17,1.0,1.0,16.67,53.58,3.0,3.0,50.0,160.75,1.0,1.0,16.67,53.58,0.0,0.0,0.0,0.0,1.0,1.0,16.67,53.58,0.0,0.0,0.0,0.0,1.0,1.0,16.67,53.58,0.0,0.0,0.0,0.0,0.0,0.0,0.0,0.0,0.0,0.0,0.0,0.0,0.0,0.0,0.0,0.0,50.0,0.0,50.0,214.33,3.0,3.0,50.0,0.67,0.67,0.3,0.26,0.0,0.33,0.5,0.0,1.0,0.75,1.0,0.8,0.0,0.0,0.0,0.0,0.4
21,李愷諺,新北國王,47,曾文鼎,新北中信特攻,1,3,6.0,40.31,0.67,00:40,40.31,0.67,00:40,0.0,0.0,0.0,0.0,3.0,3.0,50.0,160.75,1.0,1.0,16.67,53.58,0.0,0.0,0.0,0.0,1.0,1.0,16.67,53.58,0.0,0.0,0.0,0.0,0.0,0.0,0.0,0.0,0.0,0.0,0.0,0.0,0.0,0.0,0.0,0.0,0.0,0.0,0.0,0.0,0.0,0.0,0.0,0.0,1.0,1.0,16.67,53.58,3.0,3.0,50.0,160.75,1.0,1.0,16.67,53.58,0.0,0.0,0.0,0.0,0.0,0.0,0.0,0.0,0.0,0.0,0.0,0.0,0.0,0.0,0.0,0.0,1.0,1.0,16.67,53.58,2.0,2.0,33.33,107.17,0.0,50.0,-50.0,214.33,-3.0,-3.0,-50.0,0.67,0.67,0.0,0.0,0.0,,,0.0,,0.0,0.25,0.2,0.0,0.0,0.17,33.33,0.0
